experiment,frames,degenerate_frames,degenerate_ratio,residual_mean_avg,residual_mean_median,effective_points_avg,map_added_avg,insert_ratio_avg,final_map_size,total_map_added,total_quality_rejected,total_direction_rejected,total_voxel_rejected,path_length,endpoint_displacement,final_pos_x,final_pos_y,final_pos_z
Adaptive OFF,2922,0,0.0,0.023510298404859686,0.0227493595,349.2833675564682,45.903490759753595,0.0731898433918549,39376,134130,0,0,1661213,220.5968519888288,46.78497331187233,41.115516925,-2.295623978,22.19079438
Adaptive ON,2922,138,0.04722792607802875,0.025572478970568104,0.024407461999999998,377.7149212867899,44.634154688569474,0.0725991366649555,37201,130421,35876,0,1628778,231.41062106295766,1.841484620349047,0.442305638,0.791092266,1.597187596
