1706585907.972906351 -0.039414709 -0.007457625 0.019873984 -0.005179511 0.000645634 0.000187089 0.999986360
1706585908.072736979 -0.027019206 0.007652502 0.018365829 -0.002516959 0.000559601 -0.000093264 0.999996672
1706585908.172582388 -0.024617437 0.025911759 0.030813659 -0.002205682 0.001223083 -0.000522279 0.999996683
1706585908.272412062 -0.030156447 0.029319354 0.027654373 -0.003372244 0.000569100 -0.000390873 0.999994076
1706585908.372009993 -0.029929045 0.023468509 0.028181295 -0.003949363 0.000530625 -0.000052414 0.999992059
1706585908.470735312 -0.033397929 0.016779981 0.032598959 -0.003207239 0.000965286 -0.000099477 0.999994386
1706585908.569442749 -0.033470174 0.014812724 0.033902775 -0.003056355 0.000781786 -0.000009212 0.999995024
1706585908.672556639 -0.031719555 0.014450932 0.035942123 -0.003574893 0.000942106 -0.000115496 0.999993160
1706585908.772357225 -0.033805535 0.016650506 0.033040845 -0.003200641 0.000948244 -0.000076431 0.999994425
1706585908.871104956 -0.027669435 0.018104152 0.028259681 -0.003593227 0.000512469 -0.000078414 0.999993410
1706585908.969898701 -0.020336724 0.019431997 0.026787924 -0.003498445 0.000727556 -0.000154618 0.999993604
1706585909.072733879 -0.022468662 0.020543102 0.030618051 -0.002786168 0.000892692 -0.000197419 0.999995701
1706585909.172573090 -0.015162375 0.018880665 0.031319022 -0.004173926 0.000706086 -0.000138081 0.999991030
1706585909.272420883 -0.034506320 0.020242546 0.031987045 -0.004138369 0.000671077 -0.000222420 0.999991187
1706585909.372260571 -0.035833970 0.020689650 0.033158646 -0.004339693 0.000702713 -0.000109045 0.999990331
1706585909.472900152 -0.030018306 0.021062026 0.033118115 -0.004361194 0.000750589 -0.000165133 0.999990195
1706585909.572743654 -0.026634082 0.019646052 0.034324591 -0.003719715 0.000756918 -0.000049654 0.999992794
1706585909.671779394 -0.024686643 0.017669847 0.034272475 -0.004015161 0.000880497 -0.000184510 0.999991535
1706585909.770454884 -0.028915094 0.012724419 0.031707418 -0.005053146 0.000519307 0.000192428 0.999987079
1706585909.868912220 -0.033410400 0.016826893 0.033804526 -0.003882831 0.000922853 -0.000106437 0.999992030
1706585909.972931147 -0.038410594 0.016375100 0.032074538 -0.003935996 0.000872293 -0.000091268 0.999991869
1706585910.072144270 -0.033574600 0.015056942 0.034544898 -0.003324248 0.000946996 0.000092636 0.999994022
1706585910.170928001 -0.034472822 0.015967134 0.035399260 -0.004743127 0.000763920 -0.000056896 0.999988458
1706585910.269775152 -0.040949025 0.017902006 0.033639152 -0.003926743 0.000791129 0.000050382 0.999991976
1706585910.372284651 -0.038567489 0.019607930 0.031965071 -0.004320651 0.000710883 0.000000259 0.999990413
1706585910.472922564 -0.032554118 0.021372053 0.034634848 -0.004309247 0.000795569 -0.000116056 0.999990392
1706585910.572751999 -0.032418016 0.022929381 0.033074884 -0.003032703 0.000806992 -0.000057508 0.999995074
1706585910.672602415 -0.028838654 0.018964919 0.031392312 -0.003950616 0.000790707 -0.000017823 0.999991884
1706585910.772450447 -0.024866394 0.020134589 0.034109512 -0.004564960 0.000775201 -0.000048740 0.999989279
1706585910.872291565 -0.022989675 0.023294105 0.036254552 -0.003645145 0.000932372 -0.000165733 0.999992908
1706585910.971498251 -0.025172455 0.026188765 0.038129603 -0.004000975 0.000804025 -0.000013759 0.999991673
1706585911.069945574 -0.031962377 0.023807524 0.041063048 -0.004114652 0.000858726 -0.000138406 0.999991156
1706585911.172633648 -0.033526557 0.020570716 0.037029273 -0.004685412 0.000577692 0.000042351 0.999988856
1706585911.272463799 -0.043404449 0.021140648 0.037814945 -0.004560851 0.000791715 -0.000063122 0.999989284
1706585911.372006655 -0.032332564 0.019200895 0.035831721 -0.004797585 0.000625371 -0.000007639 0.999988296
1706585911.470854998 -0.026086495 0.016887026 0.035158149 -0.004964213 0.000550451 0.000053814 0.999987525
1706585911.569767237 -0.031072349 0.017443045 0.033997975 -0.005022358 0.000581916 -0.000094270 0.999987214
1706585911.672604322 -0.024112783 0.018246383 0.034207303 -0.004627879 0.000721836 -0.000044423 0.999989030
1706585911.772447586 -0.024968178 0.017678858 0.032947522 -0.004774792 0.000624659 0.000040870 0.999988405
1706585911.872287273 -0.021356699 0.018688639 0.031590381 -0.003980618 0.000719419 -0.000059278 0.999991817
1706585911.972927094 -0.024638011 0.021163809 0.031586134 -0.004041144 0.000711418 -0.000100968 0.999991576
1706585912.072777271 -0.024971986 0.025214031 0.034596734 -0.004051942 0.000913004 -0.000255868 0.999991341
1706585912.172510624 -0.027558561 0.025299904 0.037668758 -0.004200865 0.000907965 0.000007077 0.999990764
1706585912.270940781 -0.026492953 0.023963278 0.040382928 -0.004515404 0.000986654 -0.000116210 0.999989312
1706585912.369503975 -0.031095843 0.023588222 0.039693829 -0.004793529 0.000801803 -0.000181336 0.999988173
1706585912.472554445 -0.036531040 0.020097551 0.039535340 -0.004508763 0.000727324 -0.000034096 0.999989570
1706585912.572383404 -0.035536625 0.018423404 0.036516377 -0.004871020 0.000574777 0.000063428 0.999987969
1706585912.671879768 -0.034889192 0.021447307 0.038527245 -0.004079825 0.000701171 0.000035656 0.999991431
1706585912.770777464 -0.035492714 0.023790814 0.038538802 -0.004535797 0.000936532 -0.000102220 0.999989269
1706585912.872713804 -0.032795805 0.026567559 0.038686685 -0.004269166 0.000789063 -0.000134694 0.999990567
1706585912.972551107 -0.031552721 0.021527760 0.036212866 -0.004859285 0.000527920 0.000006093 0.999988054
1706585913.072388887 -0.027486807 0.020496168 0.034876172 -0.004549872 0.000700447 -0.000055269 0.999989402
1706585913.172232389 -0.019574299 0.020201144 0.036260231 -0.003886776 0.000859688 0.000017046 0.999992077
1706585913.272862434 -0.019229053 0.020192100 0.034020000 -0.004955962 0.000522331 0.000030170 0.999987582
1706585913.372697830 -0.016291239 0.022313936 0.036221461 -0.004931684 0.000665756 -0.000000023 0.999987618
1706585913.471954346 -0.024099381 0.020458025 0.038578043 -0.004889670 0.000829733 0.000037284 0.999987701
1706585913.570533514 -0.025272237 0.018747445 0.039365904 -0.005628308 0.000733326 0.000044945 0.999983891
1706585913.669106722 -0.031623708 0.018665491 0.039370103 -0.004784171 0.000694205 0.000056674 0.999988313
1706585913.772859812 -0.027319511 0.016839531 0.038724946 -0.005257784 0.000674991 0.000143608 0.999985940
1706585913.872694492 -0.031083165 0.019626718 0.040854827 -0.004811758 0.000781062 0.000116201 0.999988112
1706585913.971860409 -0.030109949 0.023737601 0.040729573 -0.004444223 0.000760311 0.000043506 0.999989834
1706585914.070850134 -0.031080618 0.027130619 0.040680039 -0.004658732 0.000766138 -0.000117867 0.999988848
1706585914.172213078 -0.028477877 0.025381098 0.042078954 -0.004586682 0.000801053 0.000025827 0.999989160
1706585914.272847176 -0.027212815 0.025117237 0.037768361 -0.004388201 0.000662215 0.000012451 0.999990152
1706585914.372692347 -0.024812428 0.023093527 0.037717362 -0.005206006 0.000631069 0.000008317 0.999986249
1706585914.472529173 -0.026175079 0.023002798 0.037108405 -0.004206598 0.000695802 -0.000056865 0.999990909
1706585914.572366238 -0.027214114 0.025742322 0.038963559 -0.004176733 0.000729538 -0.000091497 0.999991007
1706585914.672595501 -0.026755602 0.022629583 0.038337178 -0.004261948 0.000622932 -0.000003660 0.999990724
1706585914.771535873 -0.028370587 0.024741554 0.040081985 -0.004692266 0.000691552 -0.000092859 0.999988748
1706585914.870111227 -0.034685590 0.020700719 0.041940716 -0.005434200 0.000644430 0.000110437 0.999985021
1706585914.972903728 -0.029630743 0.017353006 0.041295417 -0.005304481 0.000596735 0.000195036 0.999985734
1706585915.072746277 -0.035540159 0.018584659 0.040430990 -0.005037879 0.000502859 0.000162276 0.999987170
1706585915.172587633 -0.032424861 0.020842055 0.038424847 -0.005575903 0.000477402 0.000151335 0.999984329
1706585915.271930456 -0.026971893 0.021513665 0.040794416 -0.005413510 0.000641616 0.000126528 0.999985133
1706585915.371124744 -0.022542387 0.020831296 0.042925509 -0.005038661 0.000789656 0.000138254 0.999986985
1706585915.472911596 -0.026741921 0.022878234 0.043538906 -0.005728593 0.000578677 0.000007376 0.999983424
1706585915.572736740 -0.021955131 0.025937192 0.041879523 -0.003754787 0.000653100 -0.000040681 0.999992737
1706585915.671483040 -0.026149571 0.022423359 0.038105942 -0.004218301 0.000540967 0.000082174 0.999990953
1706585915.772412300 -0.019984843 0.025032572 0.039681508 -0.005434916 0.000651239 -0.000066048 0.999985016
1706585915.872246981 -0.027569605 0.023634220 0.039045109 -0.004871918 0.000652927 -0.000026457 0.999987919
1706585915.972542048 -0.024090993 0.024191588 0.038215913 -0.004916646 0.000525949 0.000006244 0.999987775
1706585916.071130991 -0.029074953 0.023343259 0.040647756 -0.005073520 0.000729722 -0.000041578 0.999986862
1706585916.169752359 -0.027319961 0.020768033 0.043170849 -0.005050792 0.000704741 0.000092128 0.999986992
1706585916.272402763 -0.024403809 0.020922844 0.043456017 -0.004976965 0.000725983 -0.000059236 0.999987350
1706585916.372230530 -0.030117440 0.021425009 0.044410131 -0.005762390 0.000608131 0.000119378 0.999983205
1706585916.472867727 -0.031999471 0.022210840 0.041540206 -0.005088416 0.000566440 0.000034894 0.999986893
1706585916.572259903 -0.028474399 0.022591070 0.041527132 -0.005475825 0.000507195 0.000042132 0.999984878
1706585916.672555208 -0.022829998 0.024098404 0.041336116 -0.005111748 0.000619538 0.000055336 0.999986741
1706585916.772392988 -0.029067160 0.022990276 0.042049109 -0.005127996 0.000495512 0.000095286 0.999986724
1706585916.872241020 -0.034870697 0.022921381 0.040357108 -0.005356680 0.000595284 0.000034607 0.999985475
1706585916.970871925 -0.033026402 0.025607528 0.037988407 -0.005184210 0.000464441 -0.000001870 0.999986454
1706585917.072718382 -0.033564776 0.025770796 0.040827509 -0.004683706 0.000688426 -0.000030156 0.999988794
1706585917.172562599 -0.032888558 0.022019892 0.039497405 -0.005817868 0.000371260 0.000090183 0.999983003
1706585917.272181273 -0.037883478 0.021077563 0.040225195 -0.005575970 0.000433860 0.000047468 0.999984359
1706585917.370784998 -0.037293491 0.020653379 0.040316490 -0.005315376 0.000531637 0.000116720 0.999985725
1706585917.469405651 -0.039607907 0.020818375 0.040980630 -0.005772132 0.000411294 0.000020254 0.999983256
1706585917.572723627 -0.034516536 0.016960789 0.039590881 -0.006864345 0.000224364 0.000153087 0.999976403
1706585917.672557592 -0.030981370 0.022378062 0.041370040 -0.004702821 0.000623073 -0.000020699 0.999988747
1706585917.772394180 -0.032635896 0.022923933 0.043654326 -0.005800857 0.000565312 -0.000083428 0.999983012
1706585917.872230053 -0.034615620 0.024571298 0.041274057 -0.005147957 0.000442920 0.000077556 0.999986648
1706585917.972864389 -0.037614684 0.022022791 0.040777682 -0.005887366 0.000458284 0.000135145 0.999982555
1706585918.072699308 -0.034764347 0.020955188 0.040070208 -0.005266733 0.000476208 0.000004867 0.999986017
1706585918.171874523 -0.025191059 0.020062413 0.042676581 -0.005702294 0.000467118 0.000077437 0.999983630
1706585918.270349026 -0.029139233 0.023157279 0.040987769 -0.004730300 0.000453127 0.000012848 0.999988709
1706585918.372233152 -0.029598912 0.026870042 0.041623492 -0.005565242 0.000460626 -0.000169586 0.999984393
1706585918.472878933 -0.032736435 0.026632224 0.040742271 -0.005030264 0.000492498 0.000030789 0.999987226
1706585918.571817160 -0.033221607 0.025362467 0.041516023 -0.005104305 0.000587050 -0.000044678 0.999986800
1706585918.670439959 -0.035440277 0.021310114 0.042230519 -0.006295370 0.000581940 -0.000011244 0.999980015
1706585918.769081354 -0.037180906 0.019044240 0.041248842 -0.005564546 0.000557276 0.000161052 0.999984350
1706585918.872248411 -0.032044117 0.022564361 0.044208856 -0.005422806 0.000807877 -0.000012745 0.999984970
1706585918.972887039 -0.037144456 0.021946081 0.042377714 -0.006019928 0.000528848 0.000169424 0.999981726
1706585919.072724342 -0.039760294 0.023016570 0.042790350 -0.005707197 0.000745591 0.000000044 0.999983436
1706585919.172571659 -0.037191749 0.021768836 0.044369986 -0.005976814 0.000709428 0.000069237 0.999981885
1706585919.272416830 -0.038260218 0.024835189 0.042237431 -0.005485329 0.000600934 0.000067218 0.999984773
1706585919.372255087 -0.035207163 0.023768070 0.044421642 -0.005195335 0.000786803 -0.000017154 0.999986194
1706585919.471395254 -0.030113108 0.024473138 0.043685380 -0.004730475 0.000800448 -0.000015632 0.999988491
1706585919.569975376 -0.029193864 0.023660114 0.042047684 -0.004846793 0.000568883 0.000008905 0.999988092
1706585919.672542334 -0.030153087 0.020811773 0.040552765 -0.005700752 0.000728311 -0.000025202 0.999983485
1706585919.772386312 -0.025948774 0.023761850 0.041741286 -0.005109590 0.000723606 0.000027043 0.999986684
1706585919.871458054 -0.029579634 0.020760476 0.042903263 -0.005794192 0.000783212 0.000054127 0.999982905
1706585919.970094442 -0.026720688 0.021142888 0.041053852 -0.005841796 0.000611953 -0.000097621 0.999982745
1706585920.072703838 -0.018066136 0.019692493 0.042133089 -0.005356830 0.000646365 0.000150676 0.999985432
1706585920.172532082 -0.026885098 0.020133097 0.042723663 -0.005670388 0.000623636 -0.000018780 0.999983729
1706585920.272369146 -0.033861771 0.022622377 0.042572239 -0.005359115 0.000678121 -0.000055673 0.999985408
1706585920.372609377 -0.036123585 0.021476219 0.045178316 -0.005176235 0.000767001 -0.000031462 0.999986309
1706585920.472443819 -0.031943467 0.024665163 0.045503061 -0.005818134 0.000635731 -0.000023151 0.999982872
1706585920.572285891 -0.030358484 0.019271211 0.043270863 -0.006116121 0.000654022 0.000180631 0.999981066
1706585920.672417641 -0.024181270 0.019672810 0.041632252 -0.006053818 0.000590506 0.000251703 0.999981469
1706585920.770984888 -0.027226828 0.019572573 0.042588412 -0.006103746 0.000741362 0.000101988 0.999981092
1706585920.869578600 -0.026346388 0.021448538 0.041619452 -0.005281130 0.000716171 0.000117423 0.999985791
1706585920.972457647 -0.027538246 0.022590594 0.040537205 -0.005321993 0.000670429 0.000141998 0.999985603
1706585921.072301149 -0.034535062 0.024230176 0.040460021 -0.005215405 0.000603319 -0.000009952 0.999986218
1706585921.171146154 -0.031697973 0.025700172 0.041876056 -0.005963420 0.000728844 -0.000057998 0.999981951
1706585921.269768715 -0.032500769 0.027101967 0.045621535 -0.005260308 0.000764117 -0.000213695 0.999985850
1706585921.368441820 -0.036811405 0.025021027 0.045828402 -0.004920894 0.000828498 -0.000083523 0.999987546
1706585921.472869396 -0.030710082 0.024272859 0.044082467 -0.005548795 0.000728755 -0.000094023 0.999984335
1706585921.572731972 -0.029265990 0.022701041 0.043140642 -0.005270242 0.000701976 -0.000090075 0.999985862
1706585921.672571659 -0.028736562 0.023481830 0.041226740 -0.004788314 0.000679573 -0.000073074 0.999988302
1706585921.772401571 -0.036575962 0.021499487 0.043335343 -0.005197955 0.000691579 -0.000037403 0.999986251
1706585921.872236729 -0.037922117 0.021154977 0.043570183 -0.005729736 0.000455016 0.000041259 0.999983481
1706585921.972015142 -0.038454810 0.020426398 0.041913630 -0.005573756 0.000531499 0.000137160 0.999984316
1706585922.070606470 -0.034390586 0.019318401 0.043079896 -0.006105924 0.000479385 0.000229338 0.999981217
1706585922.169235945 -0.032273190 0.020659512 0.042035567 -0.004717497 0.000843455 0.000146737 0.999988506
1706585922.272378683 -0.031353345 0.020448714 0.041260878 -0.006051401 0.000694735 0.000031711 0.999981448
1706585922.372155428 -0.027446877 0.022563350 0.040330004 -0.005591027 0.000644737 -0.000045531 0.999984161
1706585922.470784903 -0.023695326 0.023273577 0.040284257 -0.005107426 0.000817677 -0.000152900 0.999986611
1706585922.569460869 -0.027749696 0.021627980 0.038091920 -0.005101191 0.000653787 -0.000048797 0.999986774
1706585922.672580242 -0.035049566 0.024198973 0.038652819 -0.006096521 0.000478914 0.000021683 0.999981301
1706585922.772431850 -0.034916920 0.024155227 0.038976627 -0.005065806 0.000700454 -0.000084392 0.999986920
1706585922.872276306 -0.032482905 0.027337965 0.041561922 -0.004908227 0.000756570 -0.000183753 0.999987651
1706585922.972909689 -0.036664768 0.021383945 0.040916612 -0.005559910 0.000630641 0.000061510 0.999984343
1706585923.072749615 -0.029192342 0.019086051 0.042194634 -0.006230775 0.000595212 0.000024466 0.999980411
1706585923.172590494 -0.030202060 0.022160493 0.043013545 -0.005800560 0.000797351 -0.000162398 0.999982846
1706585923.271616459 -0.024553245 0.019632990 0.041300570 -0.006124937 0.000713955 0.000143586 0.999980977
1706585923.370259047 -0.023195780 0.021435011 0.040927919 -0.005550012 0.000725811 -0.000024727 0.999984335
1706585923.472903967 -0.018215041 0.022850325 0.041075911 -0.005469412 0.000794296 -0.000037385 0.999984726
1706585923.572729588 -0.012942368 0.021810549 0.042042480 -0.006037992 0.000698197 0.000096631 0.999981523
1706585923.671839714 -0.017581928 0.022001194 0.045789392 -0.005110792 0.000940887 -0.000082351 0.999986494
1706585923.770498753 -0.025728613 0.022853651 0.041931223 -0.005514003 0.000642628 -0.000023993 0.999984591
1706585923.869198084 -0.027015097 0.024878978 0.042663484 -0.005751374 0.000667219 -0.000231011 0.999983211
1706585923.972876549 -0.026280827 0.023976071 0.042333809 -0.005766438 0.000624488 0.000014145 0.999983179
1706585924.072716236 -0.017629019 0.023562051 0.044911654 -0.005988643 0.000825338 0.000002025 0.999981727
1706585924.172544956 -0.019519716 0.023118789 0.043567797 -0.005963999 0.000613717 0.000021503 0.999982027
1706585924.272381306 -0.015502180 0.017982996 0.040732922 -0.005850339 0.000560815 0.000207103 0.999982708
1706585924.372220039 -0.023459919 0.019043091 0.044881609 -0.005899883 0.000848344 0.000016096 0.999982236
1706585924.472643137 -0.024929998 0.020145361 0.048148325 -0.006528973 0.000988108 0.000068463 0.999978195
1706585924.571304321 -0.025596095 0.023346301 0.048703498 -0.005604324 0.000815764 -0.000039235 0.999983962
1706585924.669962168 -0.033695858 0.023094953 0.048854744 -0.006222210 0.000977992 -0.000121660 0.999980156
1706585924.772367954 -0.031768365 0.020499163 0.045751935 -0.005958516 0.000696038 0.000104582 0.999982000
1706585924.872629642 -0.028865814 0.020768335 0.048200892 -0.005807274 0.000999252 -0.000130422 0.999982630
1706585924.971534491 -0.029645155 0.024410867 0.047816543 -0.005974285 0.000814864 -0.000118286 0.999981815
1706585925.070234776 -0.029012939 0.026058404 0.046615860 -0.005629996 0.000809139 -0.000179245 0.999983808
1706585925.168954134 -0.032615431 0.026217384 0.042943749 -0.005196078 0.000731117 -0.000111461 0.999986227
1706585925.272419930 -0.037278865 0.025666438 0.041438681 -0.006067318 0.000667174 -0.000120669 0.999981364
1706585925.372245789 -0.035761650 0.025462709 0.041232776 -0.006027166 0.000641924 0.000104293 0.999981625
1706585925.472881794 -0.030990139 0.024258485 0.042761126 -0.005540671 0.000804998 -0.000111581 0.999984320
1706585925.572730780 -0.032301262 0.022983730 0.045755490 -0.006026754 0.000726563 -0.000084726 0.999981571
1706585925.672564745 -0.030815544 0.019677748 0.045676653 -0.006026650 0.000830096 0.000074207 0.999981492
1706585925.772324800 -0.030680512 0.021654236 0.046258653 -0.005743134 0.000757849 -0.000082543 0.999983217
1706585925.870997667 -0.030860188 0.020716485 0.046235689 -0.006678684 0.000724826 0.000106055 0.999977429
1706585925.969666719 -0.034801918 0.020983575 0.043769178 -0.005790101 0.000587641 0.000157018 0.999983052
1706585926.072732925 -0.031902740 0.021220414 0.047896080 -0.006364033 0.000811117 -0.000037530 0.999979420
1706585926.172548056 -0.028884725 0.024793743 0.044431306 -0.005597046 0.000741537 -0.000003785 0.999984061
1706585926.271271467 -0.023166152 0.024337462 0.046873986 -0.005371312 0.000747396 -0.000044381 0.999985294
1706585926.369985342 -0.024831138 0.024018098 0.046234096 -0.005800853 0.000723141 -0.000026617 0.999982913
1706585926.472853184 -0.025212195 0.023904765 0.044099247 -0.006184324 0.000633914 -0.000007419 0.999980676
1706585926.572677612 -0.025000638 0.022862501 0.042756193 -0.005868128 0.000653360 0.000023723 0.999982569
1706585926.672523022 -0.023796789 0.022666093 0.041473689 -0.005977632 0.000615507 0.000023675 0.999981944
1706585926.772356749 -0.023368110 0.024571220 0.041887945 -0.006233905 0.000561116 -0.000078827 0.999980408
1706585926.872585535 -0.021000959 0.022725495 0.044566714 -0.005718156 0.000707133 -0.000062284 0.999983399
1706585926.972421408 -0.027765969 0.025581663 0.047032411 -0.006055694 0.000758667 -0.000129773 0.999981368
1706585927.072020054 -0.030939618 0.023709102 0.045889470 -0.006231402 0.000716349 0.000110237 0.999980322
1706585927.170702934 -0.036276731 0.027055638 0.047675669 -0.005072411 0.000794641 -0.000177337 0.999986804
1706585927.269408703 -0.037375710 0.027430208 0.050194125 -0.005488039 0.000936639 -0.000254146 0.999984470
1706585927.372566700 -0.027234573 0.029722714 0.048574004 -0.005949380 0.000890778 -0.000200728 0.999981885
1706585927.472301722 -0.025843850 0.027385348 0.045432297 -0.005005786 0.000823980 -0.000072832 0.999987129
1706585927.571024656 -0.027028773 0.026283018 0.043711318 -0.005596124 0.000755954 -0.000136297 0.999984047
1706585927.669755459 -0.023926936 0.026019632 0.043392735 -0.005362103 0.000801202 -0.000078847 0.999985300
1706585927.772741318 -0.027206517 0.024977940 0.043448601 -0.006083943 0.000622418 0.000004978 0.999981299
1706585927.872590780 -0.027564127 0.025664711 0.044204662 -0.005891304 0.000659430 -0.000122964 0.999982421
1706585927.972425699 -0.024071066 0.028420305 0.042999783 -0.006027896 0.000647324 -0.000036580 0.999981622
1706585928.072256088 -0.028030963 0.027247455 0.042760699 -0.005416587 0.000742829 -0.000104627 0.999985049
1706585928.172891855 -0.019901180 0.026786351 0.046514286 -0.006247912 0.000805317 -0.000071444 0.999980155
1706585928.272729158 -0.022313874 0.025071983 0.044520484 -0.005798021 0.000708864 0.000011501 0.999982940
1706585928.371716499 -0.030471651 0.025469254 0.043684522 -0.005414419 0.000715971 0.000003303 0.999985086
1706585928.470413923 -0.032638982 0.021422240 0.045809502 -0.005084065 0.000954958 0.000127872 0.999986612
1706585928.569120407 -0.030077255 0.024210097 0.043972486 -0.005598802 0.000760767 0.000191751 0.999984019
1706585928.672898769 -0.037440013 0.021793924 0.044733399 -0.006030098 0.000737063 0.000023875 0.999981547
1706585928.772036791 -0.034872646 0.022128209 0.043974725 -0.006209570 0.000847498 0.000084658 0.999980358
1706585928.870817661 -0.037108669 0.024851567 0.045720268 -0.004860296 0.000918797 -0.000041118 0.999987766
1706585928.969609976 -0.033395736 0.022209161 0.044565584 -0.006542177 0.000768871 0.000240345 0.999978275
1706585929.072281122 -0.028647732 0.025962388 0.044424785 -0.005054497 0.000958254 -0.000002418 0.999986767
1706585929.172914743 -0.031547036 0.025490466 0.044314323 -0.006075806 0.000669281 0.000094363 0.999981314
1706585929.272747517 -0.025753248 0.024539714 0.041517144 -0.006013571 0.000775556 0.000080553 0.999981614
1706585929.372588158 -0.014879885 0.025251501 0.042752844 -0.005941134 0.000796474 0.000127225 0.999982026
1706585929.472427130 -0.018830398 0.023575086 0.042578679 -0.005569611 0.000800994 0.000047050 0.999984168
1706585929.572259903 -0.012502658 0.027700963 0.046855996 -0.005974469 0.000984073 -0.000032170 0.999981668
1706585929.671439886 -0.015381782 0.026631525 0.045610385 -0.005861479 0.000749501 -0.000014772 0.999982540
1706585929.770142078 -0.019111243 0.025082838 0.044824631 -0.005498722 0.000839714 0.000165145 0.999984516
1706585929.872571468 -0.018123066 0.021191198 0.045795880 -0.006288767 0.000862424 0.000090130 0.999979850
1706585929.972414255 -0.022987317 0.025125373 0.045816370 -0.006022043 0.000773598 0.000219562 0.999981544
1706585930.071851730 -0.028331144 0.024965827 0.046625065 -0.005947591 0.000816384 0.000053359 0.999981978
1706585930.170637369 -0.026379632 0.024102102 0.045060989 -0.005517725 0.000885990 0.000151952 0.999984373
1706585930.272718906 -0.034070736 0.024126788 0.042479015 -0.004956767 0.000764209 -0.000015721 0.999987423
1706585930.372550488 -0.037197007 0.023835781 0.042247400 -0.005913202 0.000705922 0.000112104 0.999982261
1706585930.472385883 -0.034409858 0.021395858 0.038487330 -0.005495480 0.000611191 0.000148865 0.999984702
1706585930.572233200 -0.036576615 0.022903764 0.039619011 -0.005387945 0.000735990 0.000043928 0.999985213
1706585930.672865868 -0.031342755 0.018974029 0.040663141 -0.006090534 0.000806648 0.000275455 0.999981089
1706585930.772698879 -0.021588458 0.020621820 0.043010368 -0.006074711 0.000752120 0.000055496 0.999981264
1706585930.872485876 -0.031774727 0.019292594 0.043167185 -0.006512771 0.000603142 0.000169718 0.999978595
1706585930.971157312 -0.030198877 0.023324472 0.045681091 -0.005692306 0.000937299 0.000123874 0.999983352
1706585931.069585323 -0.034578258 0.023584309 0.048762532 -0.005840982 0.000871910 0.000016928 0.999982561
1706585931.172870159 -0.033451861 0.022155318 0.046640439 -0.006010574 0.000766533 0.000302279 0.999981597
1706585931.272717953 -0.039005119 0.023786204 0.046251659 -0.006034952 0.000741200 0.000115941 0.999981508
1706585931.371690273 -0.028567219 0.023308850 0.044592897 -0.006313874 0.000733508 0.000087821 0.999979794
1706585931.470552683 -0.023926697 0.022256338 0.045405234 -0.005843094 0.000694510 0.000120310 0.999982681
1706585931.569475174 -0.017744713 0.026988283 0.045612788 -0.006292395 0.000921590 0.000018021 0.999979778
1706585931.672876835 -0.018115044 0.022901071 0.041637141 -0.005729541 0.000761984 0.000073251 0.999983293
1706585931.772715807 -0.023981008 0.022845814 0.042639839 -0.005305955 0.000834775 0.000029442 0.999985574
1706585931.872562885 -0.029730604 0.023527363 0.041485724 -0.005391386 0.000812845 0.000085620 0.999985132
1706585931.972396135 -0.034994966 0.025123320 0.044189646 -0.005496445 0.001002074 -0.000112352 0.999984386
1706585932.072240353 -0.042226651 0.024423184 0.043016275 -0.005011545 0.000889739 -0.000071698 0.999987044
1706585932.172141790 -0.038108815 0.021659796 0.041571436 -0.005678743 0.000677222 0.000171360 0.999983632
1706585932.270597696 -0.032542849 0.021282808 0.041895709 -0.005667928 0.000748177 0.000077210 0.999983654
1706585932.369174957 -0.029115948 0.024305783 0.042885402 -0.005843002 0.000703323 0.000137404 0.999982673
1706585932.472427607 -0.028781858 0.020942824 0.042983600 -0.005811705 0.000719656 0.000225115 0.999982828
1706585932.572257996 -0.029150635 0.019269761 0.045273821 -0.005824647 0.000919032 0.000252949 0.999982582
1706585932.671611786 -0.028526427 0.021060275 0.047477069 -0.005628369 0.000926522 0.000052728 0.999983730
1706585932.770536423 -0.027925227 0.021544671 0.044635068 -0.006148287 0.000748090 0.000175341 0.999980804
1706585932.872565985 -0.026621881 0.019596939 0.042524087 -0.005632858 0.000774647 0.000244755 0.999983805
1706585932.972428322 -0.032803739 0.022172960 0.043959952 -0.005638562 0.000938877 -0.000008688 0.999983662
1706585933.072275639 -0.032529331 0.026596918 0.043284283 -0.005264363 0.001006709 -0.000037545 0.999985636
1706585933.172918081 -0.037431953 0.025578533 0.043100050 -0.004797120 0.000804319 -0.000034709 0.999988170
1706585933.272781134 -0.036709120 0.026137573 0.038370239 -0.004723968 0.000722385 -0.000166010 0.999988567
1706585933.372625351 -0.031937745 0.025809364 0.042185098 -0.005767426 0.001078923 -0.000099893 0.999982781
1706585933.471638680 -0.030586369 0.023163532 0.043708937 -0.005469828 0.000873543 0.000141275 0.999984649
1706585933.570201874 -0.028783317 0.023816490 0.044214522 -0.005668685 0.000888276 0.000131219 0.999983530
1706585933.672511816 -0.026365797 0.022476829 0.046088876 -0.006329032 0.000819109 0.000100504 0.999979631
1706585933.772360563 -0.023015584 0.022774876 0.045456328 -0.005730206 0.000905267 0.000175111 0.999983157
1706585933.872586489 -0.021475033 0.021827513 0.046039667 -0.006246963 0.000679001 0.000204922 0.999980236
1706585933.971599817 -0.021217575 0.021962290 0.043448482 -0.006687201 0.000727933 0.000253950 0.999977343
1706585934.070611238 -0.020104137 0.021437217 0.042703873 -0.005865958 0.000822648 0.000333798 0.999982401
1706585934.172895432 -0.019626612 0.023014654 0.041680931 -0.005944470 0.000716751 0.000056027 0.999982073
1706585934.272739172 -0.022634981 0.022991480 0.041421168 -0.006133977 0.000840032 0.000111362 0.999980828
1706585934.372568846 -0.026354539 0.023093141 0.042859914 -0.004950333 0.000858352 0.000107129 0.999987373
1706585934.472408533 -0.025539171 0.023119366 0.040139585 -0.005359809 0.000825330 0.000005805 0.999985296
1706585934.572239876 -0.026040440 0.021317672 0.039817051 -0.006257559 0.000731218 0.000248354 0.999980123
1706585934.672636986 -0.029487777 0.022063483 0.039445782 -0.005822151 0.000761908 0.000037333 0.999982760
1706585934.771214008 -0.030747984 0.020755007 0.040791070 -0.006158570 0.000715480 0.000207142 0.999980758
1706585934.869785070 -0.029552955 0.022343288 0.040907580 -0.005766142 0.000703427 0.000154683 0.999983116
1706585934.972419500 -0.028329070 0.020012627 0.041307171 -0.006246554 0.000629944 0.000163975 0.999980278
1706585935.072274446 -0.029672231 0.021760587 0.044189896 -0.006035064 0.000789875 0.000093321 0.999981473
1706585935.172658682 -0.029709560 0.020405464 0.045189570 -0.006872077 0.000822038 0.000171143 0.999976034
1706585935.271720409 -0.031187238 0.019335804 0.044842421 -0.006401142 0.000739411 0.000171041 0.999979224
1706585935.372585297 -0.036272792 0.018308113 0.043472119 -0.006767183 0.000698697 0.000230869 0.999976832
1706585935.472413301 -0.037330442 0.020634972 0.041586016 -0.006144351 0.000603224 0.000207445 0.999980920
1706585935.572252989 -0.036170916 0.017625749 0.042950323 -0.007478533 0.000546727 0.000259379 0.999971852
1706585935.672885180 -0.030459129 0.016822946 0.042353330 -0.006705630 0.000741946 0.000175328 0.999977226
1706585935.772737741 -0.030898644 0.021010168 0.044302989 -0.006207246 0.000783276 0.000187175 0.999980411
1706585935.872587681 -0.031818951 0.022488616 0.042379813 -0.005472362 0.000784344 0.000096243 0.999984714
1706585935.972211599 -0.037026901 0.023846163 0.043648904 -0.006314096 0.000627694 0.000152599 0.999979857
1706585936.070797920 -0.036778711 0.023742925 0.041482375 -0.006547061 0.000633812 0.000086029 0.999978363
1706585936.169419527 -0.030472552 0.023134430 0.043372849 -0.005771076 0.000947227 0.000156037 0.999982886
1706585936.272725821 -0.025847994 0.018710114 0.046890047 -0.006235039 0.000853627 0.000193880 0.999980179
1706585936.372564793 -0.028171078 0.017772775 0.044856265 -0.006284275 0.000720086 0.000173700 0.999979979
1706585936.472398996 -0.028660508 0.015670013 0.043799896 -0.006619979 0.000660981 0.000272482 0.999977832
1706585936.572122097 -0.036091874 0.019812954 0.043596916 -0.006525663 0.000739840 0.000075973 0.999978431
1706585936.672886848 -0.034220532 0.021354069 0.042722061 -0.005782837 0.000781176 0.000191520 0.999982956
1706585936.772721767 -0.038288030 0.024310729 0.044608933 -0.006402595 0.000659964 0.000125872 0.999979277
1706585936.872105598 -0.035349036 0.026692579 0.044601493 -0.005457794 0.000949003 -0.000063370 0.999984654
1706585936.970527172 -0.033159038 0.027632733 0.045439985 -0.006190846 0.000667534 0.000066458 0.999980612
1706585937.072256327 -0.033160779 0.025271730 0.046013852 -0.005707220 0.000919988 0.000088485 0.999983287
1706585937.172888994 -0.033473314 0.024804016 0.045545401 -0.005662964 0.000790749 0.000027233 0.999983652
1706585937.271821737 -0.035210509 0.024686530 0.042275382 -0.005879777 0.000620897 0.000116604 0.999982514
1706585937.370441914 -0.031409249 0.024182733 0.042137837 -0.005771684 0.000928743 0.000131234 0.999982904
1706585937.469062328 -0.022814397 0.022043075 0.042895152 -0.006461855 0.000764459 0.000104530 0.999978824
1706585937.572250366 -0.017946930 0.019822869 0.042654596 -0.006707985 0.000710077 0.000252817 0.999977217
1706585937.672891140 -0.019884853 0.020302251 0.044728279 -0.005885312 0.000915839 0.000117252 0.999982255
1706585937.772719145 -0.024504318 0.022580537 0.047030289 -0.006043537 0.000786299 0.000043199 0.999981428
1706585937.872550964 -0.029719732 0.021893513 0.046099156 -0.005907549 0.000402371 0.000037204 0.999982469
1706585937.972380161 -0.032280709 0.020183801 0.046348104 -0.006651316 0.000012332 -0.000289501 0.999977838
1706585938.072219133 -0.017997299 0.024351938 0.047784693 -0.007968622 -0.001208342 -0.001313132 0.999966658
1706585938.171470165 0.007827816 0.027776492 0.051558769 -0.008583485 -0.001347948 -0.002777410 0.999958396
1706585938.269977093 0.051712964 0.022711979 0.050406698 -0.008381529 0.000854858 -0.004744507 0.999953253
1706585938.372521639 0.096754920 0.026543379 0.047915384 -0.009712177 -0.000347799 -0.009574194 0.999906939
1706585938.472359896 0.154374758 0.028888327 0.053130368 -0.013638749 -0.000668352 -0.013277852 0.999818602
1706585938.571501970 0.220842186 0.025695130 0.053764664 -0.014324733 -0.001329818 -0.016507776 0.999760235
1706585938.670107603 0.284917319 0.019579334 0.050406322 -0.013435975 -0.001198115 -0.018031980 0.999746411
1706585938.768743992 0.346654135 0.008284649 0.051012750 -0.007468648 0.000913134 -0.022381354 0.999721191
1706585938.872929096 0.419749005 -0.003494419 0.047449397 -0.006393163 0.001616204 -0.027715546 0.999594100
1706585938.972779989 0.495165338 -0.010445872 0.045300740 -0.007608031 -0.000689868 -0.031895376 0.999462019
1706585939.072623014 0.565846895 -0.027215654 0.043065603 -0.009053781 -0.000321317 -0.039929504 0.999161429
1706585939.172464609 0.647999411 -0.028668873 0.047196382 -0.012643322 0.002476287 -0.041944068 0.999036891
1706585939.272303104 0.698993521 -0.042451349 0.043285057 -0.009293894 0.003009272 -0.047730950 0.998812457
1706585939.371937275 0.753680660 -0.057014266 0.042049744 -0.005410804 0.002218477 -0.050670003 0.998698329
1706585939.470501423 0.795779476 -0.070097246 0.040574048 -0.003945281 -0.000765432 -0.052929625 0.998590158
1706585939.569088936 0.849610991 -0.074598692 0.043345474 -0.005278164 0.005171683 -0.058022759 0.998287911
1706585939.672849417 0.914183923 -0.079056239 0.047894180 -0.008448958 0.004182143 -0.060651784 0.998114465
1706585939.772388935 0.967540162 -0.097653158 0.045121421 -0.003848197 0.001982105 -0.064028855 0.997938660
1706585939.871052742 1.010145827 -0.103499019 0.048216730 -0.003881503 -0.000423116 -0.067264611 0.997727531
1706585939.969743013 1.061564537 -0.110662480 0.046556071 -0.008364444 -0.003143223 -0.070181083 0.997494246
1706585940.068439245 1.100301279 -0.118106834 0.048573652 -0.008378266 -0.006091492 -0.073917007 0.997210597
1706585940.172447443 1.146403513 -0.121989789 0.054353704 -0.009503200 -0.007185323 -0.075507471 0.997074061
1706585940.272292376 1.195152064 -0.133375656 0.050755897 -0.004811638 -0.003764088 -0.078406324 0.996902768
1706585940.372540951 1.244233103 -0.144326391 0.051323792 -0.006651991 -0.006598955 -0.082100918 0.996579974
1706585940.472387552 1.305118318 -0.149034909 0.052814040 -0.007614756 -0.003424401 -0.088207348 0.996067143
1706585940.572246552 1.363881858 -0.154832240 0.054121435 -0.016083084 -0.004778024 -0.090526230 0.995752734
1706585940.671067715 1.432135664 -0.170157599 0.050914661 -0.013846310 -0.002893264 -0.093491304 0.995519605
1706585940.769660234 1.509597351 -0.195728091 0.052953802 -0.009980587 -0.000024929 -0.095401069 0.995388880
1706585940.868248463 1.576326507 -0.213291049 0.055460309 -0.012520487 0.005607188 -0.100209706 0.994871756
1706585940.966857910 1.633367996 -0.221863339 0.055464995 -0.015018764 0.010309756 -0.104572593 0.994350400
1706585941.071963549 1.693982007 -0.239274735 0.059337111 -0.013742571 0.011604050 -0.105188678 0.994289611
1706585941.170654535 1.734018698 -0.250279332 0.060510696 -0.012893077 0.010427244 -0.103009124 0.994542187
1706585941.269318104 1.790026591 -0.266263376 0.054680699 -0.010762005 0.014435662 -0.099988930 0.994825615
1706585941.368012428 1.850762067 -0.280613881 0.051866908 -0.010447098 0.015168853 -0.096900092 0.995123679
1706585941.472404957 1.907664520 -0.287262057 0.048414024 -0.014394140 0.020258553 -0.095372814 0.995131361
1706585941.572246313 1.962133427 -0.286192554 0.047923254 -0.018661639 0.018289614 -0.091767880 0.995437537
1706585941.672883987 2.012597968 -0.294176997 0.047429773 -0.018264748 0.020161278 -0.087941421 0.995754100
1706585941.772730589 2.066826419 -0.300308322 0.042958427 -0.016972543 0.022414265 -0.084715240 0.996008465
1706585941.872079611 2.116817429 -0.307380174 0.040427526 -0.019625972 0.022726056 -0.080978405 0.996263442
1706585941.970725298 2.162685949 -0.309098563 0.040671235 -0.024070798 0.021691424 -0.077825924 0.996440266
1706585942.069391251 2.226213871 -0.310621439 0.039941176 -0.021650226 0.025509570 -0.070875503 0.996923865
1706585942.168052197 2.277998566 -0.325459135 0.037386878 -0.017506902 0.027430809 -0.065701050 0.997308594
1706585942.272718430 2.330493873 -0.322136269 0.040503382 -0.019249310 0.028553618 -0.061818785 0.997493154
1706585942.371637821 2.399655392 -0.327534759 0.038299774 -0.019033081 0.026523730 -0.055196147 0.997941691
1706585942.470309973 2.461856856 -0.333147070 0.028666659 -0.019797048 0.026534908 -0.049107705 0.998244664
1706585942.568964720 2.514865325 -0.333454921 0.026930387 -0.019717510 0.029285073 -0.043963571 0.998409139
1706585942.672867775 2.586324316 -0.330988087 0.023369102 -0.024689551 0.030249569 -0.036450814 0.998572345
1706585942.772706270 2.632776446 -0.334294130 0.016123941 -0.022394320 0.027165060 -0.028969123 0.998960131
1706585942.872541904 2.691628596 -0.337455587 0.008783241 -0.019198609 0.027791994 -0.023100754 0.999162336
1706585942.972379446 2.747418199 -0.337640196 0.004478008 -0.017048890 0.025922278 -0.016950728 0.999374826
1706585943.072217226 2.813113719 -0.339893547 0.006776503 -0.013663735 0.025479577 -0.010741609 0.999524242
1706585943.172292709 2.878142416 -0.349556308 -0.001113447 -0.008215876 0.026204011 -0.003031825 0.999618256
1706585943.270990849 2.951024889 -0.350070792 -0.003679533 -0.008876410 0.026645672 0.002420578 0.999602600
1706585943.369720936 3.033412095 -0.343797624 -0.008219528 -0.010487615 0.026961523 0.010218952 0.999529219
1706585943.472364187 3.121138241 -0.338735290 -0.014539773 -0.008167100 0.026696180 0.018392813 0.999441002
1706585943.572612047 3.214003968 -0.333444405 -0.020941298 -0.007656312 0.025934133 0.024556944 0.999332656
1706585943.671382189 3.305997314 -0.322572173 -0.026183841 -0.008719630 0.024886383 0.032635296 0.999119399
1706585943.770022154 3.401874417 -0.309565868 -0.030061136 -0.012299567 0.028592378 0.038254130 0.998783169
1706585943.868714333 3.494911713 -0.297178276 -0.038032687 -0.012176348 0.027846870 0.044714208 0.998537394
1706585943.972367525 3.580869573 -0.282094586 -0.042833452 -0.014598267 0.031072637 0.046621997 0.998322479
1706585944.072197199 3.664265281 -0.261289254 -0.044230960 -0.021756893 0.032984820 0.048643865 0.998034275
1706585944.172836542 3.751449505 -0.258896568 -0.046915770 -0.022393937 0.031307642 0.048460900 0.998083105
1706585944.272693396 3.836246020 -0.260880056 -0.051549170 -0.018026890 0.033464493 0.048277626 0.998110430
1706585944.372519493 3.918530761 -0.248201635 -0.057405113 -0.020476268 0.031996499 0.047134990 0.998165938
1706585944.472334862 4.003961988 -0.239025137 -0.058765686 -0.019994810 0.032315048 0.046964430 0.998173476
1706585944.571314573 4.086459961 -0.232930038 -0.064292809 -0.020198074 0.030608394 0.046312160 0.998253649
1706585944.670005322 4.164809492 -0.229864284 -0.068963584 -0.017449779 0.027901084 0.044075977 0.998486025
1706585944.772264242 4.253523402 -0.232683636 -0.077340808 -0.012702260 0.031682972 0.045812406 0.998366699
1706585944.872325659 4.332141298 -0.234563087 -0.086606136 -0.008249877 0.030291440 0.043839104 0.998545192
1706585944.971007824 4.415071895 -0.232410665 -0.092311097 -0.008264369 0.031165229 0.042216416 0.998588105
1706585945.069739342 4.486328170 -0.225981604 -0.094029639 -0.009977528 0.025482678 0.040543386 0.998802941
1706585945.168423414 4.563409176 -0.221019404 -0.099204536 -0.013134228 0.030388139 0.039521026 0.998670187
1706585945.272238493 4.633161925 -0.211976422 -0.099060646 -0.013021598 0.027073034 0.039051640 0.998785492
1706585945.372878790 4.697461316 -0.210755782 -0.100125725 -0.011094626 0.027695628 0.038036055 0.998830877
1706585945.472719669 4.757034468 -0.205674183 -0.102349983 -0.010562615 0.020751070 0.037499383 0.999025335
1706585945.572566748 4.822853485 -0.198324061 -0.104179454 -0.014117161 0.021198359 0.036413669 0.999012202
1706585945.672394276 4.885427858 -0.196456663 -0.104531948 -0.011400878 0.018481819 0.035202783 0.999144237
1706585945.772230148 4.959781487 -0.201733022 -0.108018820 -0.006961288 0.017332544 0.034023505 0.999246478
1706585945.870990753 5.041970162 -0.197984789 -0.114924035 -0.008489067 0.017420297 0.032364607 0.999288247
1706585945.972694635 5.131073231 -0.192542363 -0.116732082 -0.012014577 0.018505160 0.030479689 0.999291848
1706585946.072533369 5.212119347 -0.193825118 -0.122106743 -0.011051077 0.017825284 0.030188533 0.999324164
1706585946.172124386 5.290295103 -0.194236447 -0.122135332 -0.009304418 0.017049809 0.028341101 0.999409583
1706585946.270801783 5.359088006 -0.189352480 -0.119846083 -0.011042490 0.018067162 0.028071149 0.999381635
1706585946.369581461 5.425593747 -0.190401236 -0.123483589 -0.008751251 0.013484105 0.027861669 0.999482527
1706585946.472693443 5.497103715 -0.193893726 -0.128026385 -0.004883434 0.014116711 0.025925903 0.999552259
1706585946.572520494 5.571218379 -0.188034050 -0.127862465 -0.009436955 0.010041854 0.024770811 0.999598175
1706585946.672374010 5.645366178 -0.191100718 -0.131315493 -0.010791038 0.011082629 0.025674438 0.999550675
1706585946.772210121 5.720238120 -0.194950761 -0.133010375 -0.004944835 0.009340053 0.026923768 0.999581624
1706585946.872859240 5.801497654 -0.182500398 -0.136198260 -0.006234190 0.013609773 0.031376070 0.999395543
1706585946.972701073 5.870094942 -0.169043866 -0.135313687 -0.008435752 0.011069904 0.036671843 0.999230440
1706585947.072110653 5.946319826 -0.171990190 -0.143835880 -0.003858033 0.012698954 0.038909110 0.999154609
1706585947.170697689 6.013357610 -0.169738771 -0.146656277 0.001378429 0.013882663 0.040704567 0.999073826
1706585947.272236586 6.087867626 -0.159422803 -0.148539849 -0.000475888 0.014738796 0.042646015 0.998981411
1706585947.372894764 6.161517242 -0.153734588 -0.153377795 -0.002026607 0.017646811 0.043892693 0.998878328
1706585947.471867800 6.231701833 -0.152626231 -0.152403855 0.001826369 0.014958554 0.044037713 0.998916206
1706585947.570585251 6.309206163 -0.154462555 -0.156637440 0.005612951 0.015416928 0.042152645 0.998976460
1706585947.669384480 6.388301686 -0.146221008 -0.153865265 0.001484218 0.013583741 0.038179562 0.999177462
1706585947.772239685 6.479568208 -0.132434803 -0.160344648 -0.003131114 0.017730863 0.035795268 0.999196933
1706585947.872881174 6.570086913 -0.137861887 -0.162675985 0.001020763 0.017545956 0.033129951 0.999296504
1706585947.972733259 6.659697800 -0.136145196 -0.162263199 -0.000466021 0.018468372 0.028751338 0.999415861
1706585948.072559118 6.749885052 -0.130489137 -0.161859787 -0.004389867 0.018310867 0.026953838 0.999459320
1706585948.172403336 6.840186771 -0.131526992 -0.161237532 -0.004913607 0.021165459 0.022822278 0.999503388
1706585948.272243261 6.933489518 -0.129058499 -0.165839983 -0.005368330 0.021498205 0.018138893 0.999589910
1706585948.371585846 7.020679309 -0.128740529 -0.171027092 -0.008104040 0.018631505 0.014463039 0.999688958
1706585948.469967842 7.108118238 -0.135872850 -0.176792067 -0.005898900 0.019424029 0.010336688 0.999740498
1706585948.572543144 7.179828589 -0.130334258 -0.178118173 -0.007910067 0.013480231 0.008407262 0.999842504
1706585948.672377348 7.261607370 -0.128264364 -0.180779686 -0.010795396 0.013998367 0.007260918 0.999817375
1706585948.771659374 7.331082852 -0.128144624 -0.178293441 -0.012091369 0.013762871 0.002652066 0.999828660
1706585948.870444059 7.406481436 -0.122992363 -0.177539721 -0.017656593 0.010845315 0.001998227 0.999783292
1706585948.969228268 7.479399413 -0.118265366 -0.173063652 -0.020420012 0.010324864 0.003265477 0.999732843
1706585949.072544575 7.554809790 -0.119470166 -0.175055140 -0.022420611 0.007198626 0.005561919 0.999707238
1706585949.172395468 7.629688494 -0.123325648 -0.177329735 -0.022137487 0.010277625 0.005876921 0.999684832
1706585949.272234917 7.706980208 -0.111184374 -0.178524245 -0.029547177 0.012192972 0.004899874 0.999477007
1706585949.372879267 7.779736323 -0.098619977 -0.175869251 -0.033750296 0.012163951 0.005138313 0.999343061
1706585949.472715378 7.841649323 -0.101488847 -0.177368345 -0.029904019 0.008482427 0.006977031 0.999492431
1706585949.572555304 7.911957302 -0.095866386 -0.174261193 -0.035987288 0.008473544 0.006979095 0.999291953
1706585949.671243191 7.969998243 -0.085464735 -0.169916147 -0.042365250 0.007234601 0.007905664 0.999044717
1706585949.769727230 8.039509385 -0.074461659 -0.162364393 -0.047306116 0.008616313 0.009854566 0.998794663
1706585949.872842550 8.115486706 -0.070671349 -0.163291578 -0.049409653 0.003759189 0.009821266 0.998723234
1706585949.972703457 8.191047523 -0.067803125 -0.167149712 -0.048407543 0.003161644 0.011600920 0.998755292
1706585950.071546793 8.265733285 -0.057174698 -0.164161528 -0.053362828 -0.000572801 0.012569812 0.998495909
1706585950.170310974 8.342650016 -0.050216957 -0.168267341 -0.052252091 0.000559381 0.015279305 0.998516875
1706585950.269097328 8.416528433 -0.049043456 -0.172636033 -0.054772378 0.006649239 0.011648145 0.998408781
1706585950.372881889 8.497580826 -0.046811998 -0.178385881 -0.059472392 0.014667593 0.007697241 0.998092505
1706585950.472723961 8.583340800 -0.048253719 -0.178004532 -0.063150159 0.017617313 0.001447540 0.997847479
1706585950.572562695 8.675230741 -0.043328275 -0.179379832 -0.069824012 0.023890032 -0.007002506 0.997248634
1706585950.672415733 8.755063335 -0.040261789 -0.177985702 -0.076611962 0.021820853 -0.014396692 0.996718211
1706585950.772257805 8.839246088 -0.047786964 -0.180407305 -0.073448105 0.026915488 -0.019250608 0.996749892
1706585950.871765614 8.918212230 -0.054187830 -0.175153729 -0.074306396 0.023915508 -0.028134418 0.996551586
1706585950.970286846 9.004466044 -0.067094316 -0.177883739 -0.071339072 0.023452727 -0.032008092 0.996662525
1706585951.068867207 9.083730734 -0.089097729 -0.181393304 -0.062033136 0.016943132 -0.039016588 0.997167251
1706585951.172395229 9.162033146 -0.116080420 -0.192392753 -0.045581630 0.005078882 -0.037215120 0.998254254
1706585951.272239208 9.227813919 -0.136773315 -0.200596458 -0.035797210 0.001073569 -0.035731983 0.998719496
1706585951.371406555 9.286206151 -0.130443199 -0.199453725 -0.042403138 0.001843236 -0.035240024 0.998477199
1706585951.470284224 9.351519903 -0.132373193 -0.198890509 -0.043515949 0.000995903 -0.032222489 0.998532464
1706585951.572543383 9.423224976 -0.132661051 -0.196243130 -0.049330396 0.001288374 -0.028731247 0.998368353
1706585951.672378540 9.500924206 -0.142116021 -0.196434747 -0.048113124 0.005191634 -0.025627208 0.998499585
1706585951.772221327 9.584272969 -0.143585244 -0.197647430 -0.049715952 0.006423662 -0.024426391 0.998443995
1706585951.872842312 9.664090763 -0.131549615 -0.191432383 -0.059137243 -0.003623948 -0.019203848 0.998058548
1706585951.972681284 9.730580440 -0.116619458 -0.181093534 -0.068281814 -0.007147919 -0.012000873 0.997568283
1706585952.072528362 9.799291929 -0.100927899 -0.173945826 -0.077068917 -0.003041107 -0.008971790 0.996980762
1706585952.171619177 9.870026555 -0.096482162 -0.177258063 -0.076055108 -0.000701510 -0.003284646 0.997097959
1706585952.270212173 9.946123557 -0.077179801 -0.172822774 -0.083509366 0.003188145 0.001390132 0.996500923
1706585952.368814707 10.025206680 -0.060455655 -0.172564114 -0.091229492 0.002585108 0.007552590 0.995797899
1706585952.472278118 10.101948504 -0.063566774 -0.177924285 -0.086474729 0.004159974 0.010050042 0.996194666
1706585952.572374344 10.179812638 -0.076195221 -0.177067579 -0.078850060 0.002629253 0.013989298 0.996784859
1706585952.671140671 10.243269071 -0.068087555 -0.176906969 -0.082905244 0.010318668 0.011294706 0.996440001
1706585952.769941330 10.310043797 -0.048228010 -0.176904623 -0.096310773 0.012615417 0.011299814 0.995207215
1706585952.872429371 10.380569328 -0.037648463 -0.172557405 -0.100871756 0.016365642 0.007973271 0.994732869
1706585952.972280025 10.444060661 -0.043044738 -0.173096431 -0.098766937 0.014998690 0.007787261 0.994967080
1706585953.072930336 10.515231462 -0.060086307 -0.177431415 -0.089518910 0.012050158 0.011285816 0.995848276
1706585953.172765970 10.581142559 -0.068763983 -0.183631616 -0.082997681 0.011879019 0.008772836 0.996440320
1706585953.272592783 10.642955886 -0.061325700 -0.185458661 -0.090459166 0.009164903 0.006561713 0.995836376
1706585953.372424841 10.718003279 -0.056095540 -0.182886186 -0.093253974 0.010926543 0.005073559 0.995569468
1706585953.471128702 10.783837970 -0.064158835 -0.184899088 -0.091442658 0.009866414 0.000213248 0.995761442
1706585953.569772482 10.846928574 -0.074641708 -0.192478154 -0.084615529 0.007684160 -0.002745154 0.996380264
1706585953.668361187 10.920429239 -0.068982499 -0.189857925 -0.088678406 0.010185730 -0.005392504 0.995993631
1706585953.772555590 11.010345410 -0.072849215 -0.198987146 -0.088357768 0.014183363 -0.012296636 0.995911909
1706585953.872178078 11.088325861 -0.085112079 -0.197482647 -0.084701686 0.015319504 -0.016174477 0.996157278
1706585953.971089840 11.168749556 -0.099940294 -0.196621365 -0.082136441 0.015757606 -0.017890138 0.996335910
1706585954.072869062 11.242812386 -0.098297818 -0.196518535 -0.087748204 0.017079737 -0.022901881 0.995732916
1706585954.172718763 11.312126815 -0.096443447 -0.196736807 -0.088662969 0.017920334 -0.025393990 0.995576659
1706585954.271792173 11.374359458 -0.107875912 -0.200350756 -0.082627081 0.017101100 -0.020735147 0.996218034
1706585954.370226622 11.439514186 -0.112967942 -0.201571673 -0.082869810 0.016972675 -0.018209672 0.996249432
1706585954.472231150 11.501410709 -0.106688893 -0.202196466 -0.086434848 0.012184367 -0.013625214 0.996089811
1706585954.572863102 11.561117802 -0.103182196 -0.202107407 -0.086731663 0.011346747 -0.008860596 0.996127683
1706585954.672102213 11.610069580 -0.106108098 -0.203711775 -0.083774522 0.009002670 -0.004297739 0.996434800
1706585954.770803452 11.652502919 -0.106636222 -0.208024833 -0.083715840 0.011300082 -0.001908858 0.996423767
1706585954.869514465 11.693152507 -0.097633938 -0.205507357 -0.088739068 0.012152457 0.000551772 0.995980618
1706585954.972594261 11.728079485 -0.092533899 -0.207948594 -0.087160116 0.012264294 0.003824806 0.996111476
1706585955.072425365 11.763793380 -0.096173516 -0.213508203 -0.081859004 0.011128368 0.009449822 0.996536986
1706585955.172157288 11.812750974 -0.096067096 -0.217132333 -0.081452045 0.013538903 0.014033848 0.996486484
1706585955.271098137 11.863144155 -0.084589752 -0.215012089 -0.083999504 0.013819386 0.020474443 0.996159578
1706585955.372736931 11.927899356 -0.079804677 -0.210455644 -0.082371020 0.013150018 0.026015352 0.996175333
1706585955.472577810 11.994549227 -0.085320900 -0.218167825 -0.079597865 0.017260379 0.031237831 0.996187963
1706585955.572410583 12.073164330 -0.082141094 -0.227151093 -0.080265427 0.027230821 0.029663822 0.995959839
1706585955.672252417 12.152776872 -0.076651656 -0.229976079 -0.080671712 0.026234131 0.031017156 0.995912537
1706585955.772897720 12.233560224 -0.076762937 -0.238323677 -0.078837926 0.033807217 0.033837786 0.995739252
1706585955.872739792 12.323112438 -0.084923311 -0.253309151 -0.067200080 0.040129945 0.034481210 0.996335678
1706585955.971897602 12.395541641 -0.089885510 -0.254656336 -0.060007571 0.042855024 0.036129841 0.996622884
1706585956.070392132 12.478168135 -0.084507522 -0.266979635 -0.058688524 0.043791105 0.038429802 0.996574707
1706585956.168859959 12.554821695 -0.076499497 -0.264918356 -0.061452969 0.051962226 0.041657736 0.995885582
1706585956.272896767 12.613651462 -0.071866640 -0.273546737 -0.054290595 0.041171173 0.052050525 0.996317323
1706585956.372743368 12.670695331 -0.083405629 -0.279473018 -0.037647763 0.034097755 0.064824784 0.996603099
1706585956.472155333 12.730446438 -0.085454341 -0.289936791 -0.028557431 0.035010799 0.069658852 0.996547220
1706585956.571427107 12.765369288 -0.091910032 -0.298391910 -0.018800499 0.030418141 0.075285649 0.996520621
1706585956.672259092 12.813601423 -0.096213936 -0.311665069 -0.012373580 0.036155221 0.075974909 0.996377191
1706585956.772909641 12.870055888 -0.094013428 -0.309517549 -0.013108577 0.039389844 0.077444755 0.996131977
1706585956.872152805 12.921773125 -0.083281967 -0.312793397 -0.015093998 0.038873158 0.078283751 0.996058584
1706585956.972591162 12.969819426 -0.076553465 -0.316156700 -0.013081652 0.035236299 0.081693197 0.995948540
1706585957.072428942 13.008483431 -0.076249688 -0.318442307 -0.005330312 0.024412201 0.086953477 0.995898953
1706585957.172259331 13.057646807 -0.070958721 -0.321269343 -0.002764039 0.024155409 0.089935728 0.995650763
1706585957.271432638 13.104060919 -0.056772232 -0.326362956 -0.005405984 0.023637472 0.094324801 0.995246139
1706585957.369974136 13.176719547 -0.056397705 -0.334710017 0.004861430 0.026389191 0.094946836 0.995120634
1706585957.472586155 13.262177455 -0.052900194 -0.347518784 0.012263904 0.028487553 0.091354878 0.995335291
1706585957.572414875 13.351224593 -0.036109254 -0.345497528 0.012622877 0.013549860 0.092022396 0.995584724
1706585957.672248363 13.449807229 -0.031202020 -0.351835783 0.017946915 0.016655845 0.093754048 0.995294263
1706585957.772863865 13.555741211 -0.022642294 -0.360018664 0.017990193 0.022609463 0.088151941 0.995687903
1706585957.872712374 13.654062242 0.002381583 -0.364150960 0.010611067 0.023115391 0.082201258 0.996291141
1706585957.972553730 13.754188704 0.010768710 -0.369418263 0.012026223 0.017627138 0.077635596 0.996753414
1706585958.072397232 13.838525776 -0.002974008 -0.387367051 0.031593793 0.014628824 0.070086173 0.996933176
1706585958.171264648 13.931980609 -0.009135768 -0.393562715 0.036199867 0.022938327 0.068314491 0.996742962
1706585958.272881985 14.012720069 0.001214745 -0.390653860 0.030541670 0.012556284 0.063540822 0.997432760
1706585958.372722626 14.086255787 0.020763599 -0.383340000 0.021372876 0.011500441 0.059959923 0.997905681
1706585958.472573757 14.141848762 0.043675492 -0.374187508 0.009699855 0.006115544 0.056538014 0.998334596
1706585958.571234703 14.198839466 0.049400488 -0.372632919 0.009991736 0.002339534 0.052597216 0.998563080
1706585958.669797897 14.276710040 0.054760826 -0.375442710 0.011879295 0.005739215 0.051002637 0.998611373
1706585958.772877455 14.360191261 0.056927163 -0.380280897 0.010314398 0.013542367 0.044513302 0.998863746
1706585958.872709513 14.457573857 0.058890017 -0.389973175 0.007643339 0.025736515 0.033554336 0.999076232
1706585958.972548246 14.555199627 0.061098166 -0.393332744 0.002281960 0.030486501 0.024988849 0.999220158
1706585959.072387934 14.651519916 0.065216568 -0.397635609 -0.002135193 0.043990116 0.011794971 0.998960054
1706585959.172235489 14.734187154 0.063822266 -0.401305064 -0.006046971 0.048751960 0.005069164 0.998779748
1706585959.272878885 14.812096039 0.052879368 -0.405575032 -0.002822929 0.052197671 -0.003990517 0.998624809
1706585959.371689081 14.879889457 0.048364742 -0.407217530 -0.002427881 0.055302579 -0.010748032 0.998408839
1706585959.470214605 14.924822710 0.039752253 -0.414457158 0.000056409 0.049835979 -0.014352781 0.998654279
1706585959.568787336 14.971887291 0.011574197 -0.425833280 0.009581340 0.042306462 -0.016322392 0.998925393
1706585959.672258377 15.015347106 -0.017241746 -0.439865493 0.027117554 0.036973230 -0.018289622 0.998780811
1706585959.771940708 15.041846883 -0.034758110 -0.448626280 0.035894104 0.036006784 -0.019959560 0.998507256
1706585959.870612383 15.062874716 -0.038063894 -0.454666191 0.033638914 0.033227095 -0.022933333 0.998618268
1706585959.969240665 15.085990966 -0.034946526 -0.454604335 0.032561178 0.033408007 -0.024639144 0.998607324
1706585960.072400093 15.099023401 -0.037310345 -0.453820035 0.035301909 0.032894745 -0.025606301 0.998506899
1706585960.172239542 15.106231331 -0.040182840 -0.453576565 0.035728355 0.032411885 -0.025984165 0.998497760
1706585960.272881031 15.100117590 -0.037445126 -0.447069310 0.034750268 0.032177552 -0.026052814 0.998538069
1706585960.372710705 15.102756053 -0.038785855 -0.448796194 0.034633553 0.031795272 -0.025889975 0.998558605
1706585960.472553730 15.097600758 -0.036139242 -0.445046570 0.035265880 0.032062179 -0.025995458 0.998525198
1706585960.572400570 15.094373520 -0.037324685 -0.445630449 0.035522407 0.031957255 -0.025967028 0.998520208
1706585960.671076298 15.097095289 -0.035964221 -0.441737857 0.033859233 0.031290197 -0.026116142 0.998595225
1706585960.769685507 15.098130826 -0.037308048 -0.445969809 0.035012805 0.030468349 -0.026882113 0.998560532
1706585960.868341208 15.106960597 -0.045160854 -0.448928544 0.035157628 0.028223822 -0.027454401 0.998605835
1706585960.972548008 15.135335945 -0.052702068 -0.454253933 0.035649778 0.027417845 -0.029467412 0.998553467
1706585961.071666956 15.171343272 -0.059077496 -0.456881206 0.038524619 0.026340861 -0.032347813 0.998386514
1706585961.170307875 15.226719202 -0.067640831 -0.462721572 0.042530254 0.024897912 -0.036000225 0.998135890
1706585961.269005060 15.314241487 -0.078708645 -0.469889717 0.044560926 0.023614921 -0.038261349 0.997994353
1706585961.372717142 15.415937846 -0.083886179 -0.471875449 0.043850930 0.026395954 -0.038055763 0.997963982
1706585961.472563982 15.517733976 -0.088831078 -0.479831443 0.041523096 0.025695348 -0.033059975 0.998259796
1706585961.572400570 15.640910123 -0.092216042 -0.482373004 0.038623958 0.031180562 -0.027960182 0.998375776
1706585961.672242641 15.744142675 -0.096593972 -0.482715220 0.039178023 0.027014576 -0.023562525 0.998589056
1706585961.772872448 15.851288943 -0.107753173 -0.489927879 0.038109805 0.030661968 -0.023131545 0.998535136
1706585961.871984482 15.942968107 -0.119798519 -0.496991938 0.036289131 0.028753314 -0.028373062 0.998524569
1706585961.970577240 16.028552396 -0.130645375 -0.504136020 0.038615685 0.029251723 -0.033406183 0.998267095
1706585962.069165468 16.113985307 -0.140292687 -0.508373694 0.040730757 0.026757116 -0.038746708 0.998059996
1706585962.167760372 16.192629701 -0.149317280 -0.512139370 0.038872724 0.027039504 -0.044148374 0.997902148
1706585962.272658110 16.278154871 -0.163404442 -0.517297178 0.039963016 0.028359984 -0.048804814 0.997605513
1706585962.371320724 16.336299683 -0.176589172 -0.525471181 0.041545672 0.027006941 -0.055014265 0.997255240
1706585962.470020294 16.417748309 -0.191255646 -0.533950553 0.038862705 0.023423508 -0.060809847 0.997117441
1706585962.568710804 16.501923098 -0.207912070 -0.535928189 0.039744012 0.026111236 -0.065356747 0.996728204
1706585962.667459011 16.583996077 -0.225262854 -0.543692144 0.040837954 0.022091020 -0.071594898 0.996352558
1706585962.772876501 16.681723529 -0.248855753 -0.553566740 0.038364355 0.023832926 -0.079122244 0.995841272
1706585962.872721910 16.775565823 -0.269566814 -0.556178816 0.039183387 0.023626934 -0.084174787 0.995399937
1706585962.972565651 16.851603894 -0.292078563 -0.560441013 0.039204352 0.020039751 -0.090412652 0.994930641
1706585963.072350740 16.916909915 -0.311784329 -0.561585947 0.040818036 0.021788114 -0.094411232 0.994457483
1706585963.170886993 16.976183604 -0.334285624 -0.566566104 0.040337325 0.019062887 -0.100685327 0.993917487
1706585963.269447803 17.038627997 -0.348186208 -0.564487155 0.041117707 0.022980307 -0.105828088 0.993268169
1706585963.367919445 17.107381311 -0.361047248 -0.567137228 0.038280991 0.019541362 -0.111283365 0.992858859
1706585963.466262341 17.163688537 -0.379543009 -0.576578353 0.034662465 0.021856092 -0.114718914 0.992552465
1706585963.559359789 17.214884807 -0.395874413 -0.578301695 0.035496708 0.021495241 -0.118868519 0.992042445
1706585963.658025980 17.260046565 -0.415835593 -0.580216453 0.037151828 0.022606129 -0.119337765 0.991900803
1706585963.756692171 17.309856395 -0.427703815 -0.576691573 0.035653462 0.022659539 -0.115748363 0.992379813
1706585963.868442059 17.362677876 -0.436565655 -0.569034461 0.031946411 0.020384154 -0.109481365 0.993266200
1706585963.972191811 17.391756762 -0.440103887 -0.573318753 0.034586956 0.022422897 -0.106710115 0.993435407
1706585964.072391510 17.399727042 -0.443709564 -0.573096811 0.033560177 0.021430974 -0.105192942 0.993654302
1706585964.172235966 17.388522619 -0.446034872 -0.574167711 0.032285567 0.020149223 -0.105464128 0.993694605
1706585964.272879601 17.384929045 -0.448479996 -0.578526898 0.033716853 0.019967608 -0.106507555 0.993539435
1706585964.371760130 17.390267827 -0.446613550 -0.577620780 0.032506938 0.019180322 -0.106366869 0.993610338
1706585964.470357418 17.396546814 -0.443160833 -0.578095279 0.031189451 0.019056422 -0.105188395 0.993780395
1706585964.568928719 17.399554241 -0.441633542 -0.579272053 0.032260102 0.017795605 -0.101323806 0.994171056
1706585964.667479277 17.424039010 -0.440110179 -0.577809126 0.034252710 0.017385660 -0.094477857 0.994785618
1706585964.772647142 17.468618427 -0.433439868 -0.585191408 0.034705893 0.017995593 -0.082993233 0.995783000
1706585964.872084856 17.521089989 -0.426890587 -0.590353351 0.036016561 0.017868407 -0.068398084 0.996847646
1706585964.970824242 17.573327525 -0.428743410 -0.588229205 0.037341019 0.016528339 -0.051913488 0.997816342
1706585965.069565773 17.635731586 -0.428290924 -0.593091194 0.038986681 0.017161549 -0.035715365 0.998453771
1706585965.168287754 17.702762289 -0.423874738 -0.598381030 0.037406024 0.016987706 -0.019375207 0.998967872
1706585965.272868395 17.787179524 -0.423330449 -0.603117819 0.039463574 0.017748893 -0.002753986 0.999059567
1706585965.372705698 17.848049433 -0.421679961 -0.601258898 0.039585391 0.016423503 0.012839983 0.998998699
1706585965.472549677 17.907866530 -0.411963649 -0.594583032 0.036317009 0.018618464 0.024696225 0.998861614
1706585965.572388649 17.976616601 -0.401119210 -0.589182817 0.033798113 0.017711247 0.036638988 0.998599812
1706585965.672217369 18.043991180 -0.390963485 -0.588948589 0.033693489 0.019007369 0.047792948 0.998107861
1706585965.771282196 18.100586989 -0.380769345 -0.589629862 0.035369131 0.018595219 0.058233696 0.997502922
1706585965.870015621 18.150580788 -0.364063022 -0.592249794 0.032642044 0.017743326 0.066862273 0.997070262
1706585965.968789339 18.205228135 -0.348904280 -0.596016444 0.032136423 0.017417319 0.075212053 0.996497383
1706585966.072370529 18.248552394 -0.333864872 -0.597641409 0.031132904 0.016696999 0.083105208 0.995914392
1706585966.171842813 18.295958926 -0.324942698 -0.603378616 0.032929341 0.016284615 0.089945046 0.995268988
1706585966.270574093 18.349528064 -0.314879494 -0.606806666 0.032403708 0.017019740 0.096115022 0.994697055
1706585966.369325399 18.416950997 -0.297198277 -0.609488593 0.031106504 0.015866089 0.103377728 0.994029023
1706585966.472534657 18.491535541 -0.273206190 -0.613276586 0.031483078 0.017606149 0.111514819 0.993107892
1706585966.572372437 18.585485966 -0.247312880 -0.612248475 0.035195500 0.018623832 0.122225792 0.991703224
1706585966.672208309 18.687854242 -0.217055808 -0.617001862 0.035562770 0.019401584 0.133935065 0.990161737
1706585966.772853851 18.800045439 -0.181723547 -0.618202981 0.032490360 0.018296760 0.145088981 0.988715729
1706585966.872694492 18.923019356 -0.142697639 -0.622685963 0.035266428 0.017131030 0.156896760 0.986836467
1706585966.972549677 19.037277905 -0.106957246 -0.629183626 0.039365882 0.017839967 0.165259527 0.985302670
1706585967.072152853 19.151377338 -0.065335101 -0.635787650 0.038714506 0.018353551 0.173230517 0.983948943
1706585967.170968294 19.258885855 -0.027230703 -0.632808741 0.038517875 0.018203489 0.180963740 0.982566604
1706585967.272878885 19.355280727 0.011404764 -0.639622705 0.038578992 0.015988465 0.188417107 0.981200807
1706585967.372725248 19.470760997 0.049866042 -0.643467751 0.038407383 0.019734498 0.194836080 0.979884853
1706585967.471580744 19.561596232 0.083418202 -0.647093742 0.039107916 0.018372168 0.202104761 0.978410292
1706585967.570349932 19.651584942 0.124435802 -0.646492650 0.038700554 0.015708070 0.206967176 0.977455939
1706585967.669116735 19.737571969 0.161362357 -0.649341941 0.039224592 0.019085448 0.212580393 0.976169429
1706585967.772898197 19.818582119 0.204268627 -0.652117010 0.039727656 0.018961240 0.216090948 0.975380381
1706585967.872744322 19.894671147 0.241850281 -0.655279170 0.039176791 0.019099849 0.217495388 0.975087755
1706585967.972577572 19.970894358 0.280773736 -0.659748488 0.037916570 0.021298565 0.217561440 0.975077292
1706585968.072414637 20.061548323 0.308545152 -0.664381686 0.037676723 0.017459666 0.214282290 0.975888685
1706585968.172257900 20.144211054 0.349581502 -0.660661599 0.033385179 0.022955183 0.208583000 0.977165094
1706585968.272897482 20.244305800 0.386860124 -0.659284931 0.034711731 0.020114533 0.203365914 0.978280536
1706585968.372745275 20.336815023 0.422018984 -0.656397606 0.033488490 0.021510551 0.197013911 0.979592434
1706585968.472571135 20.419163017 0.451968823 -0.657941006 0.033028007 0.021675307 0.190880378 0.980818033
1706585968.572406530 20.509876670 0.484490810 -0.664869607 0.033803911 0.023756597 0.185749059 0.981728174
1706585968.672236204 20.610745260 0.513734256 -0.667342958 0.033960524 0.022442830 0.177885281 0.983208945
1706585968.771326780 20.698967324 0.543364353 -0.669743142 0.031998738 0.023291428 0.171681840 0.984357118
1706585968.870183945 20.786600940 0.570453326 -0.676438691 0.031136420 0.017207790 0.164259619 0.985775427
1706585968.972587109 20.903568381 0.591926076 -0.677157470 0.032338212 0.020493194 0.156714733 0.986901597
1706585969.072420597 20.989821206 0.608259094 -0.682920172 0.033754732 0.017066351 0.146748438 0.988450431
1706585969.172262907 21.080018338 0.634149627 -0.679659266 0.029813282 0.016619592 0.136822093 0.990007410
1706585969.272903681 21.179892049 0.656058576 -0.678917836 0.027980808 0.016944283 0.127817013 0.991258179
1706585969.372736931 21.301765980 0.665555625 -0.686058923 0.033863479 0.021210563 0.120003440 0.991969027
1706585969.472582340 21.405906261 0.691136873 -0.683883227 0.033458101 0.018813666 0.109734307 0.993219504
1706585969.572420359 21.517713210 0.713320063 -0.694597055 0.026739769 0.021627575 0.097012785 0.994688772
1706585969.671685219 21.619973918 0.730328836 -0.698558514 0.026288671 0.019582871 0.083534845 0.995965535
1706585969.772886992 21.732621882 0.735495526 -0.700472940 0.028648747 0.019676370 0.073857556 0.996663008
1706585969.872716188 21.844391892 0.745247073 -0.698407531 0.026154292 0.021285161 0.066184438 0.997237442
1706585969.972486973 21.958714588 0.753508257 -0.695294446 0.025388240 0.015771950 0.057068046 0.997922803
1706585970.071248531 22.071130127 0.759182266 -0.699185546 0.024712780 0.017562628 0.050054590 0.998286217
1706585970.170161486 22.176849471 0.763595613 -0.701203740 0.026038921 0.011752972 0.046372608 0.998515610
1706585970.272842884 22.282662676 0.760094001 -0.713156819 0.035450381 0.010225757 0.042274323 0.998424552
1706585970.372678280 22.388042983 0.762726294 -0.714704353 0.033194524 0.007549536 0.037719732 0.998708341
1706585970.472534657 22.490081781 0.761069861 -0.717801357 0.035180149 0.005333485 0.033411084 0.998808095
1706585970.572388887 22.602277102 0.767828501 -0.715615631 0.033158052 0.011603607 0.030200369 0.998926342
1706585970.672234297 22.717371204 0.768122271 -0.716095188 0.034056052 0.011880831 0.031024391 0.998867618
1706585970.772886992 22.841881816 0.780293056 -0.713715044 0.031133395 0.006329603 0.036434803 0.998830893
1706585970.872436762 22.962272641 0.791518187 -0.712918664 0.032394707 0.009793984 0.044621341 0.998430567
1706585970.971290112 23.081488777 0.802703039 -0.713731750 0.035064390 0.010382607 0.050827907 0.998037682
1706585971.072418690 23.198527502 0.811337458 -0.721759428 0.039064679 0.009355571 0.056248308 0.997608416
1706585971.172261715 23.311357888 0.832030089 -0.716216538 0.032159546 0.012544511 0.054679419 0.997907090
1706585971.272280216 23.431316370 0.860708170 -0.717715863 0.019190970 0.020455528 0.057389058 0.997957802
1706585971.371101141 23.552862385 0.874637363 -0.727991188 0.020172412 0.023127367 0.059094598 0.997780551
1706585971.469969749 23.680114459 0.878584858 -0.736239629 0.024075819 0.028246757 0.058435335 0.997601016
1706585971.572411776 23.809515739 0.882178464 -0.746509758 0.025083137 0.029581790 0.056989324 0.997621156
1706585971.672254801 23.942508841 0.897909558 -0.750484790 0.022434717 0.033947711 0.054237988 0.997698590
1706585971.772886276 24.077773068 0.905851868 -0.761461447 0.023621985 0.036239805 0.051402004 0.997740704
1706585971.872737169 24.203058001 0.909897056 -0.765574977 0.021704088 0.035142488 0.045944334 0.998089703
1706585971.972582579 24.329717128 0.910250984 -0.774362513 0.026924612 0.038270169 0.037492959 0.998200750
1706585972.072429180 24.459417997 0.912780629 -0.787472963 0.026164141 0.042340735 0.029886191 0.998313335
1706585972.172022820 24.574927721 0.904971781 -0.797640660 0.025236854 0.038098766 0.021828771 0.998716722
1706585972.269869089 24.689478998 0.906185122 -0.802626992 0.023624142 0.042002137 0.013556951 0.998746179
1706585972.372749567 24.804093968 0.902716083 -0.814969697 0.022844902 0.036102380 0.006222654 0.999067569
1706585972.472600222 24.926644812 0.896372266 -0.824291642 0.025376627 0.034118397 0.003130308 0.999090668
1706585972.572129011 25.040230255 0.890916855 -0.829788451 0.026339308 0.032965498 0.002516491 0.999106193
1706585972.671040773 25.147099885 0.889095204 -0.836901503 0.025519029 0.033809531 0.001746833 0.999100917
1706585972.772890329 25.268341194 0.892863183 -0.836423988 0.024181231 0.032434106 0.002923916 0.999177035
1706585972.872730494 25.384712913 0.890675869 -0.846636584 0.023206053 0.030539369 0.003548754 0.999257841
1706585972.972572565 25.500600272 0.897221738 -0.852485677 0.022100845 0.027777147 0.005332709 0.999355565
1706585973.072415829 25.606394266 0.901061785 -0.858059003 0.019949956 0.026472205 0.006633293 0.999428447
1706585973.172260046 25.714249548 0.914268906 -0.862979325 0.013021935 0.026261655 0.008807520 0.999531481
1706585973.272906303 25.831346853 0.911557136 -0.870381799 0.013602875 0.027021456 0.012125361 0.999468748
1706585973.372748852 25.955097666 0.902406980 -0.881610591 0.017475170 0.027717125 0.014181912 0.999362423
1706585973.471177816 26.066434089 0.896296627 -0.890670350 0.020017612 0.029848656 0.015880999 0.999227775
1706585973.569538832 26.173595353 0.893856677 -0.898527058 0.019748858 0.028875485 0.017928872 0.999227074
1706585973.672257423 26.277552173 0.893919516 -0.900396251 0.024565432 0.024745407 0.016969800 0.999247832
1706585973.772909164 26.389621217 0.904193731 -0.902423129 0.020987760 0.028439141 0.016884299 0.999232530
1706585973.872185230 26.489400808 0.911359083 -0.904332014 0.017995532 0.025996511 0.015474465 0.999380250
1706585973.971168041 26.586333759 0.915547735 -0.907749394 0.013957198 0.026240217 0.015345412 0.999440426
1706585974.072406530 26.688193951 0.921440477 -0.914550158 0.014256982 0.029212663 0.016906703 0.999328536
1706585974.172244310 26.792967805 0.914700507 -0.923186409 0.019403026 0.030706708 0.018233774 0.999173734
1706585974.272883415 26.885831537 0.909667161 -0.926048567 0.021531625 0.031094265 0.014101104 0.999185015
1706585974.372721910 26.956034734 0.910343438 -0.917436995 0.018132036 0.019391268 0.010565308 0.999591708
1706585974.472551823 27.052017450 0.911975515 -0.918485077 0.017022378 0.021545233 0.007266035 0.999596542
1706585974.572394133 27.131961239 0.913729319 -0.928878257 0.016653468 0.020977510 0.003541762 0.999634964
1706585974.672227144 27.214579097 0.913184828 -0.934519999 0.014100657 0.021952419 -0.001322909 0.999658698
1706585974.770669937 27.299616789 0.912429021 -0.937321794 0.014276139 0.022918869 -0.002367157 0.999632589
1706585974.872709990 27.396126548 0.904885989 -0.945023028 0.019233713 0.024955038 -0.001979935 0.999501571
1706585974.972559452 27.482026707 0.894876423 -0.951039825 0.022707407 0.034083978 -0.002359345 0.999158190
1706585975.072408438 27.556583257 0.888024648 -0.956975292 0.025424046 0.033992724 -0.001619072 0.999097338
1706585975.172200203 27.631336485 0.888675721 -0.959593059 0.020938672 0.033775630 -0.000589080 0.999209904
1706585975.271391153 27.714842114 0.899213521 -0.970663993 0.023461757 0.031168349 0.005793412 0.999221955
1706585975.372721434 27.813272857 0.897102629 -0.977053217 0.026646635 0.035673464 0.015378038 0.998889822
1706585975.472574711 27.914438311 0.910807964 -0.983042339 0.027002300 0.034345396 0.027722432 0.998660471
1706585975.572431564 27.996847061 0.919927469 -0.993922285 0.026159853 0.034842880 0.038760848 0.998298168
1706585975.672277212 28.080962462 0.927352317 -0.994081586 0.027235885 0.036097768 0.049013916 0.997773919
1706585975.772926092 28.160536449 0.937784873 -1.002500673 0.027887136 0.037914282 0.056050765 0.997317967
1706585975.872761726 28.221538663 0.952636027 -1.003290612 0.022055822 0.040549718 0.057442290 0.997281126
1706585975.971465349 28.278173742 0.966862904 -1.001218309 0.018185341 0.035800318 0.061319520 0.997310156
1706585976.069990635 28.344413585 0.969976881 -1.007877119 0.023747189 0.040317520 0.061125068 0.997032745
1706585976.172274113 28.413107126 0.974194800 -1.015830809 0.029541257 0.037603802 0.062788720 0.996880557
1706585976.272909880 28.507199567 0.986903756 -1.019063641 0.025548111 0.043259827 0.064590266 0.996646366
1706585976.372745514 28.608630267 0.997519447 -1.033642246 0.027505823 0.045559329 0.068883371 0.996204225
1706585976.471636534 28.718658195 1.008848379 -1.046234987 0.029613984 0.048233780 0.072045249 0.995794154
1706585976.570221663 28.826126052 1.028863927 -1.053933785 0.027166036 0.051758765 0.073866836 0.995553478
1706585976.672261000 28.950445717 1.043809086 -1.067783136 0.030259280 0.051832952 0.078172061 0.995131574
1706585976.772891045 29.079700885 1.056349263 -1.081160587 0.035678009 0.053681421 0.081486057 0.994588059
1706585976.872731924 29.191756214 1.074187785 -1.089461803 0.037419553 0.048443429 0.086078922 0.994406069
1706585976.972577095 29.297644435 1.096749198 -1.096392663 0.034632649 0.051420069 0.090464604 0.993968164
1706585977.072416067 29.394362740 1.110234375 -1.109974682 0.038769994 0.049512041 0.093627269 0.993619333
1706585977.172250748 29.476282788 1.128843419 -1.113074560 0.040591579 0.047948683 0.096060417 0.993390982
1706585977.270966053 29.532181528 1.144530466 -1.112487219 0.036535646 0.042118987 0.098995336 0.993524565
1706585977.369622707 29.597586784 1.162028544 -1.113927617 0.034208885 0.036481207 0.103930913 0.993326351
1706585977.472590208 29.669955763 1.172448255 -1.119970989 0.038192696 0.038298490 0.108127570 0.992664582
1706585977.572426319 29.732546394 1.188430072 -1.123337365 0.035035932 0.034081888 0.110786597 0.992641546
1706585977.672096491 29.783681614 1.207524416 -1.122523064 0.034040826 0.031231585 0.116189709 0.992152086
1706585977.770726442 29.842386647 1.218402220 -1.130971810 0.038339044 0.026188758 0.120463956 0.991631334
1706585977.872776031 29.914150538 1.236773191 -1.131503249 0.039917787 0.025007164 0.124956677 0.991043410
1706585977.972612619 29.997919720 1.265395848 -1.123943463 0.034457443 0.021189323 0.130783771 0.990585333
1706585978.072458744 30.073168002 1.294905236 -1.124007802 0.028634763 0.020468047 0.135612765 0.990136499
1706585978.172310829 30.150512608 1.317357527 -1.127732308 0.029489832 0.018307991 0.140642218 0.989451835
1706585978.272547007 30.224974675 1.342594113 -1.128256962 0.032349065 0.021493859 0.146583621 0.988435529
1706585978.372376442 30.299161657 1.364906752 -1.135992389 0.031642029 0.017560386 0.153160384 0.987538511
1706585978.472176552 30.382971416 1.390094446 -1.139622395 0.030273194 0.018978804 0.159788125 0.986504482
1706585978.570720434 30.462904389 1.415413917 -1.141343456 0.032500616 0.023901508 0.165589910 0.985369174
1706585978.669351101 30.535254898 1.450867681 -1.140910081 0.028288806 0.024542779 0.170572978 0.984633056
1706585978.772507429 30.604879499 1.483133838 -1.140867470 0.027687614 0.024269329 0.176322117 0.983643689
1706585978.872308969 30.689042191 1.506215520 -1.150190645 0.032984822 0.024537242 0.182598451 0.982327711
1706585978.970994473 30.750116154 1.526114364 -1.152572365 0.034360335 0.024050978 0.180791197 0.982626817
1706585979.069660187 30.827803037 1.552084875 -1.149391575 0.031049465 0.026388163 0.178350363 0.983122954
1706585979.168432236 30.891694631 1.571307092 -1.148464677 0.032432763 0.021509563 0.175800513 0.983656258
1706585979.272920609 30.960225725 1.596070936 -1.153916017 0.034992236 0.020328069 0.170875729 0.984461171
1706585979.372766972 31.039273412 1.627305088 -1.159576230 0.030718829 0.019972892 0.169287927 0.984885290
1706585979.472592592 31.139852831 1.665143556 -1.160003311 0.035036852 0.021725725 0.170586274 0.984479931
1706585979.572424412 31.235688380 1.689605325 -1.165395587 0.036768699 0.023899472 0.171266253 0.984248317
1706585979.672254562 31.322804941 1.726610449 -1.160483896 0.036721838 0.021286872 0.171914847 0.984196963
1706585979.771751404 31.424640401 1.756876186 -1.163423809 0.036227164 0.025431576 0.174285568 0.983699836
1706585979.870419979 31.512275810 1.785027169 -1.163423938 0.039708858 0.022171371 0.174717697 0.983567671
1706585979.969095707 31.597800505 1.813726277 -1.168087952 0.035691764 0.022784484 0.172803162 0.984045747
1706585980.072417259 31.692308738 1.848918895 -1.175783178 0.033791908 0.024233230 0.171099783 0.984375803
1706585980.171724796 31.778923616 1.871533206 -1.181147671 0.034712580 0.023819014 0.173358060 0.983958675
1706585980.270384550 31.868893058 1.888839440 -1.188738689 0.035773026 0.027230525 0.172776934 0.983934408
1706585980.369046926 31.953941386 1.911623497 -1.194532865 0.039342768 0.026820698 0.174205274 0.983557481
1706585980.467760801 32.034219355 1.940573737 -1.196085499 0.036126071 0.033126487 0.172939976 0.983712004
1706585980.572398663 32.141578402 1.979045902 -1.200326414 0.039677919 0.031687702 0.173895330 0.983454100
1706585980.672238111 32.239752959 2.012585188 -1.201820263 0.033760059 0.031326874 0.169307526 0.984486591
1706585980.772867441 32.320976692 2.040956586 -1.209701762 0.029088595 0.026398887 0.161778808 0.986044913
1706585980.872704268 32.409585002 2.065681397 -1.211042956 0.030655009 0.026046514 0.155956256 0.986944525
1706585980.972532749 32.499470580 2.084414753 -1.210011635 0.030869646 0.022960658 0.145911915 0.988549233
1706585981.071421146 32.573416694 2.096542177 -1.213698792 0.033489898 0.022990657 0.133771138 0.990179347
1706585981.170040369 32.655018925 2.104337118 -1.225169181 0.033595705 0.029412636 0.116805948 0.992150491
1706585981.268666744 32.738186559 2.118227537 -1.220145478 0.031186852 0.035854604 0.105736785 0.993258053
1706585981.372308969 32.827880554 2.122263709 -1.228110897 0.035814947 0.036278414 0.090979331 0.994547097
1706585981.471973896 32.916794045 2.124590677 -1.237927244 0.037987049 0.044068243 0.079167751 0.995162018
1706585981.570824862 33.009588248 2.131224317 -1.238735509 0.036203924 0.042892896 0.069368517 0.996010785
1706585981.669656992 33.105758726 2.140376647 -1.240622546 0.032600404 0.041986684 0.061806254 0.996671620
1706585981.772861242 33.227537599 2.140558172 -1.254067015 0.029566805 0.045103715 0.049211757 0.997331270
1706585981.872696638 33.329050863 2.124852730 -1.266835315 0.037768943 0.049102013 0.032122533 0.997562350
1706585981.972535610 33.434535299 2.102155014 -1.298740888 0.049494456 0.046742352 0.016370130 0.997545723
1706585982.072384119 33.542615502 2.084727885 -1.310043665 0.053364640 0.058272522 0.002671839 0.996869796
1706585982.172218561 33.638588356 2.092521933 -1.310821952 0.043882480 0.054222622 -0.002106167 0.997561928
1706585982.272250414 33.760415419 2.110972817 -1.305554819 0.031039576 0.046075730 -0.007267514 0.998429144
1706585982.370958567 33.843724184 2.103512667 -1.314980117 0.025382365 0.040580182 -0.016322415 0.998720463
1706585982.469662428 33.921985340 2.092579273 -1.320110273 0.028242453 0.033923439 -0.024103955 0.998734481
1706585982.568406105 33.997773457 2.086032925 -1.326859731 0.026302768 0.027051123 -0.034438745 0.998694335
1706585982.672218800 34.056952793 2.076212113 -1.323913156 0.021733879 0.022549946 -0.046489057 0.998427717
1706585982.772859573 34.128212741 2.076245726 -1.320754321 0.008345268 0.021572134 -0.052322349 0.998362345
1706585982.871800184 34.200547320 2.072291412 -1.323069260 0.005586109 0.029147658 -0.056989314 0.997933579
1706585982.972540855 34.275329408 2.046955183 -1.329660811 0.013575493 0.031384367 -0.065491408 0.997267067
1706585983.072386026 34.353132461 2.018569723 -1.336655712 0.020799932 0.027518809 -0.073403318 0.996705589
1706585983.172230005 34.429749995 2.003584123 -1.332018125 0.021452400 0.024016544 -0.079812208 0.996289622
1706585983.271014214 34.512648534 1.981035996 -1.341144330 0.021543317 0.024019268 -0.086265050 0.995749618
1706585983.372711658 34.604400814 1.967856814 -1.343132571 0.018075496 0.027030338 -0.095163347 0.994930437
1706585983.472541571 34.679633272 1.955841869 -1.344020755 0.010049021 0.019740232 -0.101461968 0.994592786
1706585983.572169781 34.760575303 1.933351527 -1.353628755 0.010112501 0.017115360 -0.107828480 0.993970734
1706585983.670824766 34.836877017 1.913206466 -1.350032819 0.011871041 0.019872152 -0.111566144 0.993487379
1706585983.769515276 34.915600048 1.888183825 -1.353815370 0.015020622 0.022039826 -0.116597806 0.992821020
1706585983.872318029 34.983308604 1.862609303 -1.361868534 0.021829726 0.024330734 -0.122105430 0.991978701
1706585983.972549200 35.049402219 1.833773789 -1.366768861 0.020078972 0.023850509 -0.125814441 0.991563772
1706585984.072387695 35.120776836 1.816438151 -1.372053796 0.016802766 0.026223621 -0.126300506 0.991502986
1706585984.172236919 35.210726298 1.789110757 -1.374707028 0.018436265 0.030163518 -0.125309925 0.991487614
1706585984.272869825 35.300443829 1.768141140 -1.383074539 0.023121640 0.031824606 -0.123846243 0.991521403
1706585984.372713804 35.401671385 1.742451153 -1.380833994 0.020944075 0.033677180 -0.118936248 0.992109551
1706585984.471600771 35.508807655 1.727656579 -1.385589343 0.018235205 0.032917290 -0.112543463 0.992933985
1706585984.570294857 35.596386856 1.704155946 -1.394676507 0.020926842 0.032032905 -0.107519793 0.993466383
1706585984.668978453 35.681827771 1.687382392 -1.399636400 0.018650651 0.032987897 -0.104305176 0.993823114
1706585984.772895098 35.765219453 1.679640631 -1.401881784 0.017456126 0.031859574 -0.100500832 0.994273521
1706585984.871756315 35.838469356 1.665355433 -1.412040911 0.019657363 0.032759017 -0.098930242 0.994360720
1706585984.970466852 35.902614806 1.644044105 -1.414379557 0.017759350 0.030980941 -0.098090482 0.994536598
1706585985.069172382 35.973864700 1.625238184 -1.424263908 0.020704089 0.031381075 -0.098212641 0.994455050
1706585985.172253847 36.032485832 1.605448442 -1.429614281 0.019784876 0.029824749 -0.097879930 0.994554454
1706585985.272879839 36.097631780 1.589581188 -1.439905567 0.022927763 0.031580594 -0.099662577 0.994255679
1706585985.372711658 36.173135162 1.577689759 -1.440538880 0.016733184 0.028071012 -0.101589552 0.994289486
1706585985.472545147 36.250966491 1.569452402 -1.441192370 0.017384990 0.035601974 -0.102444234 0.993949415
1706585985.572372913 36.344174139 1.540668826 -1.452149577 0.021188865 0.031600644 -0.102162462 0.994039870
1706585985.672205210 36.432136242 1.522116047 -1.460841222 0.024698001 0.033445483 -0.097082914 0.994407520
1706585985.771188498 36.518900191 1.499316817 -1.463991072 0.025009018 0.034182523 -0.090520745 0.994993517
1706585985.869916201 36.611311954 1.482723453 -1.471959010 0.021710401 0.031150627 -0.081695054 0.995933841
1706585985.972535610 36.708136385 1.475732380 -1.476035983 0.019221800 0.032325078 -0.076592826 0.996352925
1706585986.072376013 36.818514823 1.458263212 -1.495012305 0.022211409 0.029260392 -0.068212601 0.996994245
1706585986.171470165 36.924681354 1.441801726 -1.497848497 0.022264463 0.030863578 -0.060958097 0.997414580
1706585986.270222664 37.024673365 1.423309286 -1.503672855 0.027002614 0.027486866 -0.052264718 0.997889638
1706585986.368911743 37.135068904 1.410693696 -1.513823381 0.028705368 0.032978981 -0.044704869 0.998043017
1706585986.472552776 37.236351535 1.414777719 -1.522238033 0.027514377 0.032697197 -0.034374196 0.998495001
1706585986.572396994 37.331458270 1.416938946 -1.528183556 0.025469723 0.028623599 -0.017906821 0.999105264
1706585986.672240257 37.406840702 1.412667739 -1.533843916 0.028599079 0.026454792 -0.003886697 0.999233271
1706585986.772871256 37.468187638 1.414338381 -1.534968256 0.026850910 0.030714879 0.006920836 0.999143497
1706585986.872723579 37.527522910 1.421039839 -1.536006752 0.026341276 0.030113672 0.015553148 0.999078277
1706585986.972546339 37.571155283 1.424710550 -1.539351606 0.027075184 0.028019513 0.021777623 0.999003292
1706585987.071730137 37.600690725 1.424672131 -1.541069423 0.032195401 0.025785853 0.028020362 0.998755929
1706585987.170494795 37.639054077 1.425275286 -1.545247006 0.033188359 0.024910795 0.032917655 0.998596221
1706585987.272874117 37.664450799 1.435135440 -1.540076922 0.031143264 0.024093527 0.036527697 0.998556622
1706585987.372542381 37.700877343 1.436794798 -1.542250706 0.033824067 0.023530755 0.040417706 0.998332933
1706585987.471291780 37.749724739 1.442548874 -1.545179330 0.034691988 0.022837685 0.045345392 0.998107560
1706585987.570054293 37.812353389 1.457793371 -1.546046409 0.032720097 0.022622864 0.050365763 0.997938320
1706585987.668799162 37.889015423 1.472553932 -1.544667582 0.030677321 0.026918399 0.060947510 0.997306223
1706585987.772886276 37.977869222 1.483890898 -1.550431088 0.034091714 0.027208592 0.073078594 0.996371902
1706585987.872729301 38.072548730 1.503706119 -1.552992642 0.037570108 0.028019287 0.082434225 0.995493850
1706585987.972559452 38.174303468 1.527568937 -1.554335220 0.032452721 0.026348518 0.091913346 0.994889197
1706585988.072404623 38.281556447 1.560757610 -1.559816643 0.031300875 0.028188242 0.104695079 0.993611906
1706585988.172240019 38.405028129 1.583785181 -1.574460442 0.037084272 0.029007037 0.116428676 0.992082513
1706585988.272884846 38.509571910 1.609039904 -1.590695694 0.044891436 0.030284978 0.128606569 0.990216102
1706585988.372713566 38.615004967 1.642053823 -1.592925745 0.043139611 0.027864984 0.141120730 0.988659424
1706585988.472546339 38.709854545 1.674105526 -1.594890389 0.042546203 0.022871719 0.149369031 0.987600930
1706585988.572389364 38.811117302 1.715087994 -1.596785879 0.032987363 0.023590971 0.152213724 0.987515206
1706585988.672228575 38.907272467 1.748573363 -1.595333360 0.025934052 0.020923697 0.149958190 0.988130642
1706585988.771073818 38.998556566 1.760732029 -1.606126074 0.033068986 0.019781956 0.143637181 0.988879910
1706585988.869844675 39.080667536 1.777392057 -1.602564773 0.031508154 0.021184375 0.135690525 0.990023505
1706585988.972564697 39.165163911 1.794651692 -1.605639142 0.027233873 0.024127846 0.125878507 0.991378215
1706585989.072407246 39.254327585 1.813249104 -1.606051517 0.028102718 0.027417371 0.112805551 0.992841091
1706585989.172258377 39.340708351 1.837553141 -1.603733221 0.025494198 0.025128945 0.105312455 0.993794681
1706585989.272889853 39.439122203 1.847199186 -1.603474646 0.026670445 0.023259332 0.098379311 0.994519583
1706585989.372720242 39.533616494 1.863475334 -1.605579844 0.027464667 0.022733362 0.090928338 0.995219033
1706585989.472532749 39.631180264 1.878540631 -1.615436364 0.028303359 0.024265172 0.084822791 0.995698356
1706585989.572385073 39.720873231 1.882664276 -1.616955745 0.027170142 0.022886422 0.076737834 0.996418235
1706585989.672226906 39.813903868 1.885162520 -1.622110811 0.027705578 0.018587820 0.069501291 0.997023803
1706585989.772862911 39.907208750 1.888895192 -1.622131056 0.026063616 0.019787530 0.062209357 0.997526510
1706585989.872709274 39.997060989 1.897620981 -1.625876249 0.027546444 0.017833690 0.056592730 0.997857914
1706585989.972084522 40.094281840 1.900859316 -1.629263594 0.027299120 0.020800752 0.053229025 0.997992364
1706585990.070987463 40.187504162 1.895371287 -1.634765928 0.030411915 0.015396403 0.046416973 0.998340388
1706585990.169784307 40.282158875 1.904881094 -1.641427231 0.028488889 0.018914972 0.041029642 0.998572569
1706585990.272868633 40.379679497 1.906215699 -1.642085130 0.027759868 0.019845957 0.039684145 0.998629409
1706585990.372704744 40.477765955 1.910237877 -1.643981133 0.029661812 0.019247216 0.041430890 0.998515500
1706585990.472540140 40.572054372 1.920374531 -1.648638823 0.027538486 0.021085986 0.046089589 0.998334995
1706585990.572373629 40.661856638 1.934058114 -1.653110858 0.026910464 0.022568963 0.051866904 0.998036218
1706585990.672208786 40.765236423 1.941313809 -1.658539872 0.028606412 0.025577814 0.054505363 0.997775834
1706585990.772848845 40.856598519 1.952650480 -1.657233050 0.028776528 0.023985275 0.057173629 0.997661162
1706585990.872687340 40.951438036 1.965450955 -1.654042603 0.023623765 0.027346521 0.059176621 0.997593210
1706585990.972511053 41.045699203 1.978719035 -1.656659054 0.025933199 0.023564983 0.058668853 0.997662331
1706585991.072352886 41.132138817 1.988901074 -1.655509540 0.025041211 0.022711747 0.057422225 0.997777431
1706585991.172586441 41.217386959 1.993461776 -1.662212174 0.025555564 0.022724343 0.051589722 0.998082671
1706585991.271904707 41.304299244 1.993572367 -1.665300900 0.023109899 0.022176029 0.046172002 0.998419903
1706585991.370782852 41.396498816 1.989969498 -1.668869419 0.025309522 0.021716913 0.039641189 0.998657289
1706585991.472904921 41.499826856 1.983673719 -1.674244679 0.025291285 0.020322568 0.033179109 0.998922665
1706585991.572750092 41.602992683 1.983771366 -1.675941957 0.024862269 0.020182335 0.027458328 0.999109894
1706585991.672600508 41.699350636 1.985434736 -1.683566916 0.023643120 0.021017514 0.021126445 0.999276208
1706585991.772442341 41.798440249 1.984498021 -1.692935226 0.024575025 0.021304219 0.015151982 0.999356101
1706585991.872274876 41.896183324 1.977501778 -1.702859292 0.025034182 0.025656656 0.009588505 0.999311306
1706585991.972912312 41.996812582 1.974334609 -1.707482750 0.025825108 0.023284205 0.003852590 0.999387846
1706585992.072740316 42.092685129 1.964070734 -1.708094227 0.023974071 0.025935382 0.000964376 0.999375640
1706585992.172559261 42.175674428 1.956756708 -1.709193305 0.027437043 0.022289626 -0.004267047 0.999365886
1706585992.272404432 42.259352286 1.960513996 -1.712106483 0.021946358 0.021574196 -0.007026922 0.999501643
1706585992.372239351 42.349910734 1.960992291 -1.716176708 0.023174063 0.021719433 -0.007469790 0.999467574
1706585992.472890854 42.444135286 1.961195616 -1.714627623 0.023915484 0.019564429 -0.003493825 0.999516421
1706585992.571825981 42.547201916 1.956131952 -1.717544707 0.025720699 0.020773271 0.001509394 0.999452169
1706585992.670712471 42.653017992 1.959079640 -1.723117296 0.024779631 0.024385943 0.009322471 0.999351984
1706585992.769756317 42.750231258 1.954364359 -1.733034037 0.031072201 0.026034957 0.016165325 0.999047237
1706585992.872250795 42.847695283 1.961254680 -1.739816087 0.031392118 0.026202605 0.022327825 0.998914124
1706585992.972902298 42.952000798 1.975463164 -1.741513944 0.029835038 0.026201284 0.031647223 0.998710076
1706585993.072753668 43.069441438 1.977848467 -1.752324288 0.036925828 0.035026155 0.041800145 0.997828843
1706585993.172607183 43.182227345 1.982762643 -1.757849659 0.039770841 0.032638844 0.049808993 0.997432730
1706585993.272446632 43.292183850 1.991690007 -1.762652276 0.037734794 0.026504151 0.059344215 0.997171941
1706585993.372076750 43.398887939 1.999156542 -1.764165326 0.041806628 0.026934119 0.065983665 0.996580611
1706585993.472911835 43.499818749 2.024345114 -1.758119447 0.035461568 0.022929770 0.069284752 0.996702727
1706585993.572754622 43.600271675 2.038457885 -1.766066988 0.037136973 0.012686026 0.072388168 0.996604166
1706585993.672587872 43.699159526 2.055721912 -1.772752125 0.031698752 0.013227083 0.070363025 0.996929926
1706585993.772428274 43.793735571 2.067896058 -1.767042935 0.029079366 0.008050636 0.069307288 0.997138946
1706585993.871685982 43.895133436 2.067124098 -1.773234478 0.033821849 0.009080043 0.063655988 0.997357283
1706585993.970280647 43.999651707 2.076245184 -1.769739800 0.028234113 0.011827077 0.056561459 0.997929735
1706585994.072739363 44.104664447 2.082525990 -1.770817294 0.031064351 0.009000085 0.048637446 0.998292744
1706585994.172580004 44.194753668 2.085891053 -1.772862149 0.030990493 0.012165219 0.043152914 0.998513607
1706585994.272422075 44.300304346 2.082986730 -1.777039270 0.035376672 0.016625362 0.037379046 0.998536377
1706585994.372268915 44.404917873 2.076870595 -1.784383781 0.037461573 0.018658110 0.028193058 0.998726017
1706585994.472901583 44.512676727 2.074944896 -1.796443668 0.036674921 0.025749009 0.021944873 0.998754405
1706585994.572740078 44.611822970 2.070912189 -1.793315766 0.038051999 0.027318779 0.022643407 0.998645586
1706585994.671491385 44.700034422 2.071513480 -1.802079472 0.039228033 0.028309235 0.026403412 0.998480149
1706585994.770053864 44.789948477 2.082713290 -1.806405013 0.038620478 0.025402773 0.033347632 0.998374225
1706585994.872271538 44.891108123 2.095780890 -1.806447345 0.035168992 0.024640499 0.043585724 0.998126381
1706585994.972909689 44.993922717 2.106474965 -1.814054463 0.040587362 0.025668381 0.053782753 0.997397221
1706585995.072722673 45.084501335 2.104900411 -1.828336275 0.054596267 0.026266788 0.062301274 0.996216771
1706585995.171250343 45.178498199 2.116877558 -1.835797368 0.057018597 0.028214350 0.067567039 0.995684451
1706585995.269786835 45.271443644 2.146268434 -1.832087001 0.045524125 0.028626669 0.073153882 0.995869759
1706585995.372248650 45.382198974 2.178763551 -1.830002242 0.035496602 0.036306692 0.080883052 0.995429429
1706585995.472891808 45.473169105 2.204418500 -1.829358146 0.028518490 0.036884188 0.087933540 0.995034645
1706585995.572725534 45.553214467 2.228856036 -1.835459785 0.023559300 0.035333414 0.095470466 0.994525967
1706585995.672567606 45.635218588 2.246969478 -1.834283928 0.025343616 0.029195149 0.099997926 0.994236269
1706585995.772410393 45.709926041 2.268922543 -1.824562220 0.017429212 0.017888224 0.097537107 0.994918462
1706585995.872247219 45.770626729 2.291948366 -1.812600555 0.009375321 0.001072276 0.090718180 0.995831896
1706585995.971704245 45.815940933 2.299794869 -1.812742201 0.008132902 -0.014031319 0.080498177 0.996622808
1706585996.072709322 45.886096198 2.299463913 -1.818049489 0.008630849 -0.010672617 0.071666214 0.997334226
1706585996.172555923 45.961496955 2.308292873 -1.816568119 0.011176612 -0.017244189 0.064444891 0.997709666
1706585996.272388935 46.057041458 2.317043144 -1.822042254 0.016672818 -0.010070127 0.064982008 0.997696321
1706585996.372235537 46.149738131 2.317618203 -1.830983163 0.020960257 -0.006993611 0.061055801 0.997889746
1706585996.470872164 46.233695172 2.318626905 -1.839066832 0.026793591 0.011517050 0.055803949 0.998015721
1706585996.572681189 46.336963158 2.305373279 -1.846665433 0.038156160 0.020232948 0.053972146 0.997608011
1706585996.672518253 46.422268245 2.288845541 -1.850850195 0.049726823 0.022288892 0.049241991 0.997299190
1706585996.772363186 46.516178797 2.286879857 -1.852908545 0.049120856 0.023909278 0.041106142 0.997660149
1706585996.872593164 46.609121854 2.296145531 -1.850147816 0.041101436 0.025963126 0.033748094 0.998247291
1706585996.972429991 46.696075847 2.305838746 -1.853412690 0.033229032 0.022013107 0.027269985 0.998833120
1706585997.072259903 46.796300648 2.305314109 -1.863217927 0.034208709 0.019388351 0.023788117 0.998943433
1706585997.172197342 46.906661827 2.297876964 -1.870968760 0.039209052 0.023619178 0.016291522 0.998818988
1706585997.270738602 47.000716019 2.300866992 -1.873806228 0.036175064 0.027522037 0.011740869 0.998897419
1706585997.369336843 47.085631757 2.309374902 -1.874002683 0.032326095 0.029518671 0.012446244 0.998963845
1706585997.472398758 47.172778230 2.305702092 -1.878824227 0.033856670 0.031401063 0.015037814 0.998820086
1706585997.572262764 47.253970818 2.309719684 -1.886154929 0.033357249 0.031806919 0.018000067 0.998775055
1706585997.672188997 47.330025832 2.309756343 -1.885571903 0.034010799 0.034206139 0.020347811 0.998628646
1706585997.770798683 47.400788322 2.310523542 -1.891707375 0.035797839 0.032073608 0.022395455 0.998593131
1706585997.872609377 47.477207249 2.308048686 -1.893199506 0.036911778 0.032719479 0.024246483 0.998488390
1706585997.972455978 47.543260304 2.318733719 -1.895372071 0.031981806 0.028856749 0.028097066 0.998676628
1706585998.072299004 47.607136462 2.325348931 -1.897502610 0.033002009 0.024662434 0.029180592 0.998724749
1706585998.172538996 47.682646834 2.330758865 -1.904506463 0.027945496 0.024751747 0.027982789 0.998911089
1706585998.272367239 47.761274886 2.336113933 -1.909658956 0.027735697 0.026039060 0.024325865 0.998979955
1706585998.372601271 47.835406233 2.332377195 -1.914945265 0.024595806 0.021177780 0.018457229 0.999302696
1706585998.471769333 47.924472673 2.330888067 -1.920819578 0.027224081 0.025066933 0.017888226 0.999154898
1706585998.570349216 48.022500711 2.318692074 -1.923681889 0.032249485 0.026172355 0.017957712 0.998975725
1706585998.672913074 48.114642883 2.320177349 -1.917116000 0.032591078 0.027305614 0.015347268 0.998977821
1706585998.772756100 48.206436940 2.319785436 -1.919925737 0.031371774 0.023756178 0.013157177 0.999138801
1706585998.872603178 48.295194712 2.326615189 -1.925615423 0.026182725 0.026828404 0.011109266 0.999235351
1706585998.971877813 48.372044616 2.332677770 -1.927939922 0.024677440 0.026468302 0.012151189 0.999271135
1706585999.070568800 48.457172587 2.332506652 -1.934181277 0.027848905 0.025969665 0.015077070 0.999160997
1706585999.172939301 48.550955559 2.336401750 -1.942010638 0.026182602 0.024183610 0.020425811 0.999155849
1706585999.272784233 48.650692376 2.346253452 -1.948002083 0.026247443 0.025295459 0.025886208 0.999000058
1706585999.372623205 48.735943837 2.346124616 -1.959846863 0.030282338 0.027970578 0.028763658 0.998735840
1706585999.472472668 48.824558319 2.346959373 -1.968203419 0.034969201 0.028768496 0.032607299 0.998441933
1706585999.572318554 48.918202190 2.355646395 -1.971158788 0.030331998 0.029114477 0.034117397 0.998533084
1706585999.672572613 48.998891785 2.375152053 -1.965949741 0.024081401 0.030713435 0.038215402 0.998507063
1706585999.771316290 49.077373805 2.383058954 -1.965913805 0.026104853 0.028617876 0.045660667 0.998205719
1706585999.869934320 49.165476358 2.386569029 -1.975680033 0.032413543 0.031052325 0.051531618 0.997662071
1706585999.972877502 49.254823060 2.395522270 -1.976938800 0.031544565 0.031026728 0.055013436 0.997504789
1706586000.072707415 49.344406072 2.409243473 -1.978225983 0.029421362 0.031024916 0.057157846 0.997449156
1706586000.172434092 49.421808494 2.420535823 -1.981014736 0.025129795 0.029743493 0.059135899 0.997490232
1706586000.271138191 49.499339784 2.423683721 -1.986825685 0.023894786 0.028053661 0.057109179 0.997687613
1706586000.370007277 49.580963593 2.423101752 -1.997733408 0.028309680 0.025381331 0.051429413 0.997952587
1706586000.472875357 49.674683156 2.426637413 -2.001120768 0.027989354 0.027391027 0.045081163 0.998215416
1706586000.572720528 49.755861205 2.429673514 -2.011403459 0.026812107 0.026111417 0.040445135 0.998480594
1706586000.672572851 49.835904105 2.428586341 -2.017830386 0.029673170 0.020626136 0.033481463 0.998785791
1706586000.772403240 49.916303983 2.433439114 -2.022691370 0.026680997 0.022448301 0.030186981 0.998935906
1706586000.872243881 49.999875256 2.435828628 -2.026916000 0.027363465 0.024145846 0.032073251 0.998819065
1706586000.972387552 50.076327719 2.437446385 -2.030433010 0.029278731 0.024812425 0.031903342 0.998753862
1706586001.071017981 50.158198273 2.443848506 -2.034592246 0.026269760 0.023396438 0.032725790 0.998845098
1706586001.169683695 50.223790583 2.447581004 -2.040501195 0.029368814 0.021825448 0.034851541 0.998722430
1706586001.272388935 50.294915102 2.451698500 -2.043663331 0.026122658 0.021453433 0.039118863 0.998662642
1706586001.372220755 50.372522231 2.456860017 -2.042094227 0.026272348 0.025113991 0.045121651 0.998320133
1706586001.472329140 50.459360298 2.460284076 -2.045467227 0.028493490 0.023105503 0.048675384 0.998140753
1706586001.571138859 50.543797669 2.474908975 -2.040665705 0.026382045 0.020693165 0.049819756 0.998195258
1706586001.672512293 50.623002452 2.479359189 -2.042467570 0.027296222 0.018727002 0.050588981 0.998170812
1706586001.772349119 50.703407134 2.482165849 -2.043670227 0.028580839 0.018993724 0.049407643 0.998188990
1706586001.872584343 50.786767454 2.495820124 -2.045119909 0.025500200 0.018925081 0.045854186 0.998443276
1706586001.972419739 50.874202788 2.502262214 -2.050523965 0.022559192 0.011205388 0.040147374 0.998876224
1706586002.072271824 50.968457005 2.504219731 -2.057563114 0.025708971 0.008514878 0.033360736 0.999076377
1706586002.172900200 51.061394570 2.502498537 -2.061397888 0.023499048 0.011503319 0.028921617 0.999239215
1706586002.272191048 51.148528168 2.498295142 -2.058050260 0.024896070 0.008588105 0.023144472 0.999385193
1706586002.370840073 51.241965510 2.496600053 -2.059080533 0.023693786 0.012277768 0.018066536 0.999480596
1706586002.469522715 51.331516319 2.494512636 -2.066661488 0.023427493 0.011248344 0.012428710 0.999584991
1706586002.572278500 51.414085598 2.492547076 -2.063773989 0.020414972 0.015616248 0.007755845 0.999639539
1706586002.672918797 51.511299676 2.487146316 -2.066769436 0.024872618 0.016698919 0.003285349 0.999545750
1706586002.772586823 51.597076552 2.471999395 -2.073922043 0.030028750 0.017243342 -0.002363834 0.999397495
1706586002.871676207 51.676741249 2.468060252 -2.074144908 0.028678144 0.014391585 -0.007311514 0.999458347
1706586002.972449064 51.755655910 2.466533582 -2.075644918 0.026664093 0.013625456 -0.007260909 0.999525213
1706586003.072285175 51.836870627 2.461687290 -2.082504195 0.027675678 0.011568358 -0.004749858 0.999538728
1706586003.172733068 51.917796292 2.458544827 -2.082604537 0.028812065 0.013297774 -0.005154692 0.999483098
1706586003.271400213 51.986023170 2.466325567 -2.076143699 0.025228337 0.014927045 -0.002829970 0.999566259
1706586003.372584343 52.070974953 2.461617799 -2.079619725 0.032158882 0.014787003 0.003108010 0.999368546
1706586003.472418308 52.154692171 2.454901763 -2.087241363 0.035465511 0.018881932 0.008950291 0.999152422
1706586003.571875095 52.231853250 2.457500340 -2.087281691 0.033655334 0.018148577 0.014895952 0.999157674
1706586003.670502186 52.309376314 2.462973723 -2.093926937 0.034157271 0.021493817 0.019111276 0.999002530
1706586003.769254684 52.379178354 2.462843842 -2.090360581 0.032250534 0.016215583 0.023664119 0.999068049
1706586003.872583866 52.461426508 2.470514415 -2.093596503 0.032062054 0.011643503 0.029362570 0.998986633
1706586003.972431421 52.525998828 2.477198217 -2.089583788 0.033428111 0.000419952 0.035783601 0.998800240
1706586004.072211742 52.595975877 2.481550643 -2.094997398 0.036616504 -0.002855961 0.041297577 0.998471625
1706586004.172914267 52.662808137 2.492489051 -2.092789019 0.036911596 -0.004665359 0.043886666 0.998343492
1706586004.272756338 52.741509709 2.506720829 -2.095260197 0.029682609 -0.001893513 0.043986012 0.998589299
1706586004.372596264 52.813759954 2.507995806 -2.098192530 0.035343121 0.000176614 0.039601194 0.998590295
1706586004.472443104 52.898862284 2.512750367 -2.098887456 0.031957557 0.006413966 0.034233372 0.998882201
1706586004.571426868 52.995792720 2.521526778 -2.095732961 0.025543431 0.015908260 0.023764955 0.999264573
1706586004.672920942 53.098943023 2.532769636 -2.094329850 0.016827249 0.028147083 0.021125756 0.999238854
1706586004.772762537 53.195671110 2.528365691 -2.099730757 0.022462133 0.034453852 0.016437723 0.999018611
1706586004.871526718 53.273235389 2.508991630 -2.110502664 0.028281333 0.032560495 0.009886794 0.999020636
1706586004.970213652 53.356493929 2.508865969 -2.111601888 0.022117381 0.032790303 0.004696954 0.999206463
1706586005.068946600 53.446622687 2.508625471 -2.112278522 0.019106521 0.033223861 0.000995430 0.999264792
1706586005.172908306 53.531324961 2.501001673 -2.121656144 0.023267291 0.032857601 -0.000744400 0.999188900
1706586005.272757053 53.615470837 2.493276608 -2.131038178 0.026515485 0.031186707 -0.003442884 0.999155876
1706586005.372591257 53.696806326 2.486902739 -2.144545959 0.028619589 0.033019183 -0.006262408 0.999025242
1706586005.472419977 53.765097948 2.478963414 -2.146499848 0.028667907 0.033393124 -0.010411777 0.998976799
1706586005.572273970 53.835840436 2.477749931 -2.151212004 0.027065211 0.035132155 -0.011875207 0.998945537
1706586005.672912121 53.912436403 2.483636343 -2.151630581 0.025371161 0.036927002 -0.008285950 0.998961483
1706586005.772176743 53.990617471 2.483295040 -2.154462629 0.026493884 0.040599199 -0.002005880 0.998822184
1706586005.872577667 54.077265410 2.475254191 -2.164088906 0.029996626 0.041717998 0.001222208 0.998678285
1706586005.972407579 54.164880589 2.483623737 -2.170895396 0.026964365 0.044680630 0.001587444 0.998636092
1706586006.072259426 54.245790314 2.482808388 -2.174704802 0.024462141 0.041974764 -0.000470003 0.998819054
1706586006.171180487 54.332666379 2.474790850 -2.182494566 0.028966312 0.044638144 -0.001627402 0.998581865
1706586006.269917965 54.405226180 2.472276010 -2.185066170 0.031195922 0.044868196 -0.000472235 0.998505602
1706586006.368673563 54.479185347 2.470484479 -2.195615327 0.032611531 0.043479815 0.002704763 0.998518241
1706586006.472419739 54.556617869 2.479086086 -2.197890445 0.030884834 0.043156756 0.005085899 0.998577866
1706586006.572263718 54.623495904 2.483078014 -2.202711469 0.026094811 0.043697310 0.006953751 0.998679754
1706586006.672893286 54.703392750 2.480838087 -2.210509202 0.028350707 0.041715541 0.008322852 0.998692536
1706586006.772739649 54.784828672 2.476365793 -2.219458819 0.031882467 0.046624673 0.010238058 0.998351056
1706586006.872569084 54.864037839 2.476318233 -2.228072762 0.029714765 0.046586012 0.013119163 0.998386029
1706586006.972417831 54.928062570 2.485830420 -2.225056055 0.027838427 0.045925343 0.017084256 0.998410744
1706586007.072229862 54.990444040 2.491212723 -2.229193579 0.029954642 0.042914022 0.017751731 0.998471823
1706586007.172897100 55.059233327 2.498242981 -2.238437463 0.028393515 0.042844250 0.019539773 0.998487043
1706586007.272721052 55.123655365 2.506922831 -2.243000517 0.028501311 0.041224320 0.018671089 0.998568786
1706586007.372202158 55.197033630 2.505431430 -2.256374391 0.029077983 0.040227595 0.017287713 0.998617718
1706586007.470920801 55.274811234 2.503815091 -2.256560612 0.025745680 0.038129720 0.016727939 0.998801011
1706586007.569691658 55.363464177 2.500931925 -2.264658384 0.026791065 0.035367056 0.017273078 0.998865882
1706586007.672891378 55.455572679 2.508033624 -2.271569657 0.026204890 0.037989440 0.017146321 0.998787320
1706586007.772731066 55.531824242 2.511788133 -2.271917778 0.023379869 0.038644604 0.015063041 0.998865897
1706586007.872575760 55.600508319 2.515637315 -2.274055619 0.015383939 0.039670284 0.014739304 0.998985664
1706586007.972426176 55.668968876 2.515699832 -2.282810816 0.017429795 0.039356351 0.014751915 0.998964294
1706586008.072274923 55.742616814 2.503173506 -2.297022699 0.026917693 0.037690115 0.016816358 0.998785314
1706586008.172915697 55.816616007 2.502807067 -2.303286316 0.028258486 0.038098338 0.018864318 0.998696206
1706586008.272755384 55.902774536 2.508684859 -2.303777910 0.027316916 0.035941227 0.021895843 0.998740500
1706586008.372596264 55.984566765 2.511519564 -2.310652465 0.028015237 0.037850770 0.025280992 0.998570647
1706586008.472440243 56.057015424 2.515870990 -2.316907732 0.029919859 0.039564426 0.029254777 0.998340431
1706586008.572267056 56.124384826 2.516185588 -2.321193441 0.030425632 0.038469354 0.031913899 0.998286478
1706586008.671987057 56.210213491 2.522640527 -2.324983503 0.028580752 0.038745329 0.034681239 0.998238024
1706586008.770737410 56.292513711 2.532088749 -2.331167969 0.028645371 0.038589013 0.040078857 0.998040087
1706586008.869545698 56.372528297 2.544693221 -2.339250549 0.026753187 0.039218950 0.044583837 0.997876958
1706586008.972458124 56.442310069 2.554271805 -2.341586663 0.027402446 0.041743090 0.049367870 0.997531671
1706586009.072303057 56.508580549 2.562482266 -2.349113398 0.028458952 0.040078319 0.052987202 0.997384666
1706586009.172539234 56.575454923 2.573867046 -2.352797628 0.025917699 0.038996971 0.058532344 0.997186780
1706586009.272379398 56.648743526 2.588449868 -2.358420449 0.026241008 0.042000907 0.065385265 0.996630373
1706586009.372217894 56.726972581 2.596076279 -2.364210755 0.027794138 0.042936521 0.071849229 0.996103222
1706586009.472861052 56.799983560 2.616079955 -2.370661643 0.021389046 0.045201984 0.076243986 0.995834396
1706586009.572691441 56.870939479 2.624483463 -2.378402380 0.022560042 0.044391208 0.079822786 0.995564557
1706586009.672534227 56.933941864 2.630055956 -2.385818821 0.025508488 0.043728372 0.078836636 0.995601291
1706586009.772358894 56.990561209 2.643903963 -2.392216920 0.022933615 0.045285372 0.074840630 0.995902688
1706586009.872602940 57.065027436 2.653987251 -2.393205681 0.022177963 0.043555885 0.068900148 0.996425508
1706586009.971753836 57.147133267 2.656514520 -2.400671518 0.023333331 0.041848187 0.061380787 0.996963733
1706586010.070581436 57.242656827 2.654567436 -2.408749151 0.024074352 0.042623239 0.050782002 0.997509335
1706586010.169425726 57.334549981 2.664085226 -2.409230551 0.020846346 0.041268222 0.042016014 0.998046601
1706586010.272378206 57.431004345 2.662979225 -2.416853858 0.020169865 0.042842386 0.036836177 0.998198779
1706586010.372214079 57.523054100 2.657207528 -2.426283581 0.022391976 0.037749475 0.036428270 0.998371954
1706586010.472851276 57.620391984 2.659856659 -2.433852519 0.024208207 0.038278013 0.040477030 0.998153478
1706586010.572696924 57.708802261 2.662788507 -2.442623226 0.027900277 0.036439195 0.043961138 0.997978546
1706586010.672534227 57.793542669 2.669290684 -2.448739784 0.025502442 0.036120348 0.045015485 0.998007291
1706586010.772363901 57.873588208 2.676993469 -2.453878319 0.024830760 0.034559688 0.046661627 0.998003885
1706586010.872600079 57.943106692 2.683921679 -2.456999770 0.024139087 0.031318549 0.046680892 0.998126919
1706586010.972445011 58.004921682 2.683997023 -2.465910466 0.023063182 0.034290491 0.043774490 0.998186378
1706586011.072288752 58.075508967 2.680896640 -2.470991059 0.025583841 0.035180743 0.039014964 0.998291348
1706586011.172883511 58.141199883 2.679472844 -2.475967020 0.024878021 0.034497018 0.033831114 0.998522156
1706586011.271677971 58.217829193 2.685094564 -2.479264751 0.026461855 0.034828394 0.030977015 0.998562556
1706586011.370565653 58.285673390 2.687389182 -2.485237642 0.027236642 0.033619628 0.031179541 0.998576848
1706586011.469235182 58.364021286 2.695658748 -2.487370369 0.026965741 0.033486024 0.032241099 0.998554979
1706586011.572291136 58.437806302 2.698885894 -2.488818003 0.027661549 0.032278877 0.032931043 0.998553183
1706586011.672536612 58.509490843 2.703815063 -2.490513424 0.026182726 0.026071090 0.032604478 0.998785118
1706586011.772390366 58.577041937 2.703465430 -2.493144466 0.024383090 0.024961206 0.033443458 0.998831286
1706586011.872228146 58.641795263 2.702761241 -2.494541417 0.027077650 0.023052543 0.033748931 0.998797472
1706586011.972863913 58.699297655 2.706049763 -2.496245819 0.025300425 0.017111239 0.033882019 0.998959010
1706586012.072696924 58.752376340 2.706522207 -2.498913267 0.025685392 0.009571837 0.033195808 0.999072910
1706586012.172542334 58.821225033 2.707855977 -2.507355151 0.028159236 0.015657627 0.032626744 0.998948143
1706586012.272388458 58.908000204 2.703711259 -2.512562667 0.031628834 0.017147729 0.030906147 0.998874558
1706586012.372235060 59.010517596 2.704283788 -2.523124641 0.030129273 0.025178705 0.029442768 0.998794965
1706586012.472784996 59.107025496 2.704157822 -2.527281231 0.030675838 0.026808162 0.026450404 0.998819649
1706586012.571596384 59.214894906 2.705138096 -2.536109504 0.033847569 0.036181247 0.023153526 0.998503467
1706586012.670370102 59.318793506 2.706991300 -2.540994879 0.033718666 0.048522838 0.020145209 0.998049476
1706586012.772367954 59.436367498 2.712635492 -2.550768538 0.030947738 0.048553785 0.015630520 0.998218641
1706586012.872604609 59.545943972 2.709711796 -2.562843246 0.033543781 0.047828891 0.010521977 0.998236695
1706586012.972445488 59.651413159 2.709340378 -2.570169878 0.029945224 0.047799489 0.004389726 0.998398329
1706586013.072281361 59.753979281 2.700450735 -2.572932356 0.030575430 0.046341390 -0.001779297 0.998456034
1706586013.172922850 59.845667652 2.683986092 -2.585756171 0.032195600 0.044464713 -0.007691277 0.998462406
1706586013.272754192 59.934230851 2.673573764 -2.592305098 0.032556083 0.044105488 -0.013653400 0.998402921
1706586013.372608423 60.015707323 2.671577266 -2.593928998 0.029017938 0.041715609 -0.017873155 0.998548105
1706586013.472455978 60.086674455 2.663851930 -2.597723203 0.027860762 0.039712293 -0.021688872 0.998587154
1706586013.572295189 60.160032969 2.649810550 -2.602712657 0.029506285 0.037287878 -0.023557727 0.998591021
1706586013.672528267 60.233273908 2.644817045 -2.607589129 0.029992423 0.039672806 -0.023762570 0.998479776
1706586013.772386312 60.307902320 2.646489476 -2.622525903 0.026005004 0.048689028 -0.019526704 0.998284441
1706586013.871454954 60.372849900 2.644272105 -2.632616584 0.026526697 0.048026524 -0.017888734 0.998333502
1706586013.970418692 60.430590099 2.639707460 -2.639431881 0.029288649 0.051723293 -0.015270491 0.998115068
1706586014.072697401 60.507612967 2.641077266 -2.644917620 0.029352607 0.051622267 -0.014332461 0.998132329
1706586014.172547817 60.589095028 2.645383389 -2.647304977 0.025626668 0.054142385 -0.013425233 0.998114041
1706586014.272373438 60.665574984 2.640459759 -2.654580063 0.021775337 0.057410355 -0.012811093 0.998030942
1706586014.372218370 60.757395916 2.637026019 -2.660338083 0.021690904 0.057695182 -0.013626078 0.998005561
1706586014.472873211 60.827085070 2.633595493 -2.666525257 0.019232750 0.049575065 -0.014933574 0.998473536
1706586014.572708607 60.900286285 2.636085680 -2.671248460 0.018088955 0.042585568 -0.014284970 0.998826911
1706586014.671217442 60.977048262 2.631751371 -2.681618156 0.023183164 0.041850229 -0.012478044 0.998776951
1706586014.772404909 61.055503196 2.620021593 -2.695509899 0.023037544 0.039949876 -0.012524818 0.998857551
1706586014.872251987 61.129873082 2.607699880 -2.703292151 0.023879437 0.040483412 -0.016439735 0.998759531
1706586014.972895622 61.213197886 2.598346516 -2.706081347 0.019230765 0.038477724 -0.019175060 0.998890364
1706586015.072536469 61.286884597 2.591393807 -2.708804500 0.021023409 0.037525835 -0.021480015 0.998843550
1706586015.171584606 61.353688368 2.584456014 -2.714555526 0.022007105 0.036445062 -0.023139681 0.998825310
1706586015.270377874 61.408530867 2.578119637 -2.721378004 0.021156699 0.037037457 -0.026235677 0.998745368
1706586015.372274399 61.480019884 2.573175946 -2.728245291 0.024671765 0.038545016 -0.028106554 0.998556762
1706586015.472916365 61.532868838 2.566835563 -2.730162374 0.021215246 0.037717941 -0.027882511 0.998674039
1706586015.572752237 61.598338171 2.564050954 -2.731190086 0.021807331 0.037502413 -0.024829934 0.998749961
1706586015.672600746 61.666031329 2.564390626 -2.732563064 0.019691964 0.037415955 -0.018142350 0.998941003
1706586015.772448778 61.754534161 2.558210734 -2.740545459 0.020763086 0.037600650 -0.011849550 0.999006844
1706586015.872212887 61.838762512 2.559517979 -2.746831795 0.019599514 0.039093321 -0.006719658 0.999020729
1706586015.970750570 61.922869815 2.566899998 -2.750803474 0.016944788 0.040980941 -0.001923566 0.999014383
1706586016.072757721 61.993993960 2.561355421 -2.748727283 0.019990267 0.037695658 0.001727463 0.999087805
1706586016.172594786 62.062555477 2.554825149 -2.760282097 0.023511829 0.039237612 0.003229570 0.998948033
1706586016.272445440 62.137573929 2.550044560 -2.766361617 0.022637930 0.038678311 0.005976073 0.998977377
1706586016.372297764 62.216786595 2.540367926 -2.778717210 0.025304842 0.036578931 0.005199950 0.998996800
1706586016.471176147 62.289756198 2.541056021 -2.782854127 0.021377664 0.032944228 0.004281414 0.999219367
1706586016.572394609 62.369011004 2.542771923 -2.788120942 0.022960314 0.031280862 0.002820715 0.999242901
1706586016.672237158 62.444718353 2.534766920 -2.793290733 0.026394017 0.029120500 0.002997364 0.999222882
1706586016.772870064 62.541097133 2.536074053 -2.794111649 0.024732365 0.025348883 0.002737414 0.999368926
1706586016.872719288 62.635251474 2.539914389 -2.799341201 0.023908652 0.023334849 0.003163200 0.999436769
1706586016.972574949 62.723593920 2.533638538 -2.806872172 0.026197633 0.021172833 0.004952972 0.999420264
1706586017.072432518 62.815710967 2.522934928 -2.812990908 0.029407275 0.023559602 0.005191524 0.999276341
1706586017.171891212 62.910698199 2.519599770 -2.818270080 0.030977181 0.022942662 0.004617804 0.999246078
1706586017.270442724 63.002849660 2.516154598 -2.817753669 0.034208995 0.024744463 0.005531384 0.999093019
1706586017.372758865 63.100524353 2.511397697 -2.826131916 0.037390322 0.027389943 0.004907779 0.998913244
1706586017.472612381 63.193134609 2.515430424 -2.829952443 0.032167143 0.027169529 0.005780089 0.999096433
1706586017.572461128 63.311369943 2.516527648 -2.841176526 0.034522395 0.028247218 0.009451670 0.998959942
1706586017.672291517 63.423970453 2.510590389 -2.845685250 0.035574493 0.029943533 0.011181605 0.998855751
1706586017.772527456 63.536347219 2.518553867 -2.853907362 0.033664300 0.030836577 0.013386965 0.998867664
1706586017.872366667 63.640725017 2.518291631 -2.864033367 0.033196921 0.030633913 0.016593350 0.998841423
1706586017.972604513 63.756945179 2.519593282 -2.877558734 0.036124072 0.033255077 0.019191320 0.998609455
1706586018.072432995 63.858852490 2.518568449 -2.884169058 0.036659287 0.033390297 0.022378939 0.998519087
1706586018.172272444 63.953807122 2.517367795 -2.892468173 0.037281261 0.034457892 0.024734883 0.998404200
1706586018.272922277 64.042714477 2.526820980 -2.891706075 0.033496960 0.031989685 0.027219235 0.998555821
1706586018.372757673 64.133125925 2.531449541 -2.900845047 0.034293553 0.032288871 0.030193426 0.998433642
1706586018.471445799 64.206832570 2.537397981 -2.908975050 0.034492303 0.032544713 0.032783091 0.998336813
1706586018.570075989 64.271793074 2.540530262 -2.916955256 0.037755741 0.030526740 0.033617751 0.998254712
1706586018.668710947 64.340201780 2.543234813 -2.921693149 0.037549265 0.029521666 0.034589157 0.998259542
1706586018.772892952 64.424679147 2.542287207 -2.920524735 0.038384201 0.026538620 0.034139713 0.998327018
1706586018.872740984 64.510441275 2.548402911 -2.922113197 0.036831554 0.027666444 0.032056746 0.998423943
1706586018.971840143 64.598379604 2.551080563 -2.922070066 0.034946756 0.027301011 0.030478603 0.998551167
1706586019.072420359 64.688025263 2.551436985 -2.927722449 0.034039229 0.025106222 0.027361126 0.998730383
1706586019.172249317 64.768738098 2.549502736 -2.930923216 0.035655811 0.025157798 0.025840632 0.998713177
1706586019.272912264 64.865575850 2.548092666 -2.935586967 0.034677014 0.023777949 0.024715791 0.998809914
1706586019.372738123 64.959880366 2.541325404 -2.940173442 0.036297561 0.021091782 0.022140333 0.998873080
1706586019.472586155 65.061904603 2.547500169 -2.940327008 0.032110843 0.021331289 0.018964699 0.999076679
1706586019.572409630 65.149148782 2.548521799 -2.947231644 0.033295991 0.019058964 0.017909709 0.999103286
1706586019.672245264 65.233780317 2.543317194 -2.955313049 0.035633656 0.020481915 0.016435464 0.999019824
1706586019.771215916 65.305234496 2.539148520 -2.961218876 0.036210846 0.020533335 0.014674073 0.999025439
1706586019.869845867 65.395421494 2.538954667 -2.962258846 0.037004288 0.020601884 0.013518259 0.999011262
1706586019.972546339 65.470310516 2.537408018 -2.963972388 0.038926847 0.023648311 0.012025566 0.998889806
1706586020.072390318 65.540726308 2.535314875 -2.964509542 0.034280172 0.021873643 0.010497155 0.999117722
1706586020.172230244 65.624749328 2.531734161 -2.968188300 0.035982432 0.023050668 0.009835186 0.999038138
1706586020.272864580 65.692884034 2.528055050 -2.973994535 0.038312641 0.023826036 0.009318602 0.998938249
1706586020.372702360 65.772301649 2.524823196 -2.981126461 0.037187524 0.024697270 0.010280871 0.998950167
1706586020.472538233 65.867490062 2.525989991 -2.986064456 0.039779482 0.023725928 0.010861812 0.998867706
1706586020.572386265 65.945134749 2.525091115 -2.987046307 0.038422955 0.024182308 0.010247231 0.998916356
1706586020.671717644 66.028339153 2.528429206 -2.986189196 0.036128853 0.022565880 0.009981631 0.999042469
1706586020.772866249 66.122483415 2.527926939 -2.992619794 0.035957584 0.023789029 0.010532397 0.999014616
1706586020.872705460 66.201984507 2.529093191 -3.000832153 0.039206437 0.022948690 0.013642398 0.998874415
1706586020.972277641 66.283359788 2.534514627 -3.007382041 0.039263765 0.023336010 0.019193937 0.998771936
1706586021.070893288 66.381875630 2.543191142 -3.008013197 0.037624885 0.025783512 0.024290512 0.998663882
1706586021.169538260 66.476987904 2.545665867 -3.013891822 0.038739151 0.026468060 0.029554543 0.998461441
1706586021.272870064 66.583148622 2.554589964 -3.020265094 0.037077050 0.030681848 0.035523384 0.998209400
1706586021.372714281 66.678940328 2.567039746 -3.023585851 0.037078138 0.031857210 0.043767820 0.997845032
1706586021.472431898 66.778658533 2.579993137 -3.036265581 0.037332782 0.035444831 0.051487775 0.997345946
1706586021.571182728 66.889542985 2.590346882 -3.038702655 0.037793582 0.037761527 0.058570474 0.996852653
1706586021.672229052 66.992424494 2.606061680 -3.041751154 0.036400275 0.039962980 0.064505120 0.996452242
1706586021.772860050 67.090284210 2.613653898 -3.046031880 0.039315081 0.045931492 0.066834970 0.995930575
1706586021.872716665 67.188596090 2.620147544 -3.054398181 0.041066162 0.046376328 0.066997265 0.995828385
1706586021.972550631 67.276742464 2.635293215 -3.058435394 0.035136470 0.048574964 0.066881805 0.995958195
1706586022.072392464 67.375558568 2.647912821 -3.069213098 0.035346417 0.048945073 0.066167829 0.995980336
1706586022.172234297 67.468981732 2.653408605 -3.077687059 0.036419872 0.052068794 0.066162284 0.995783604
1706586022.271717787 67.561168182 2.659264049 -3.089830843 0.038507446 0.049990929 0.063294794 0.995997918
1706586022.370379686 67.663103455 2.672865066 -3.093336096 0.036471014 0.049736857 0.062335988 0.996147747
1706586022.469025612 67.768552672 2.678994969 -3.099132805 0.034776836 0.050060230 0.061529470 0.996242274
1706586022.572407484 67.863414153 2.691296278 -3.104738037 0.033512990 0.051727583 0.060817800 0.996244113
1706586022.672252178 67.951915094 2.693304815 -3.114311295 0.035719230 0.051465916 0.060584955 0.996195191
1706586022.772119045 68.032226495 2.701503560 -3.122927823 0.038499813 0.049647848 0.060971498 0.996160294
1706586022.872735739 68.112155211 2.721500337 -3.131290771 0.034710827 0.048959847 0.066333104 0.995990969
1706586022.972571850 68.191599209 2.732609767 -3.143773820 0.036417091 0.049567578 0.072718362 0.995454113
1706586023.072421789 68.266980751 2.752109722 -3.145154482 0.035395203 0.052981567 0.081949678 0.994597599
1706586023.172245741 68.334005326 2.765900470 -3.147112527 0.036948995 0.047746538 0.091595944 0.993964397
1706586023.272899866 68.399169035 2.781563570 -3.151618459 0.036840581 0.048374011 0.099487500 0.993179220
1706586023.372733593 68.447435838 2.792892365 -3.157795576 0.037286894 0.046579084 0.104847388 0.992696883
1706586023.472578049 68.491394699 2.798433664 -3.159668972 0.038066940 0.044056056 0.105606592 0.992701979
1706586023.571399689 68.531363410 2.797939607 -3.167214795 0.041279890 0.046765029 0.106034930 0.992403948
1706586023.670111179 68.572933632 2.805885308 -3.169639274 0.040817530 0.044196781 0.102563886 0.992905445
1706586023.768758297 68.618408079 2.813107572 -3.172545160 0.038317955 0.047975987 0.100400952 0.993050698
1706586023.872750998 68.668884277 2.820085656 -3.177584106 0.037124533 0.043857976 0.096448006 0.993678031
1706586023.972592831 68.710076316 2.824935978 -3.181784977 0.037965629 0.045863428 0.093148649 0.993870457
1706586024.071573973 68.747035672 2.831152776 -3.184749217 0.040392648 0.044723042 0.089579052 0.994154856
1706586024.170524836 68.787943304 2.839427595 -3.187794318 0.035981086 0.048554967 0.088440191 0.994246503
1706586024.272536755 68.825883879 2.839873516 -3.193526681 0.040002830 0.045110583 0.084229753 0.994620610
1706586024.372378826 68.855313480 2.843259573 -3.198863197 0.040449674 0.047307231 0.081415052 0.994734859
1706586024.472212791 68.892295511 2.846047556 -3.201824583 0.042318837 0.048111235 0.078537450 0.994849885
1706586024.572856426 68.935271491 2.855431053 -3.196586248 0.039924914 0.049843312 0.075274902 0.995115739
1706586024.672700882 68.970981404 2.859135604 -3.200713020 0.044121962 0.050863289 0.072340775 0.995104512
1706586024.772369146 69.001580227 2.862535609 -3.204824135 0.043162629 0.051888466 0.067784388 0.995414412
1706586024.871037006 69.043002489 2.871959048 -3.200189495 0.038869294 0.052820621 0.065746209 0.995678962
1706586024.969734907 69.079334788 2.874697265 -3.205733270 0.037435857 0.051396651 0.062227713 0.996034464
1706586025.072844982 69.126941553 2.870620586 -3.214075754 0.039905267 0.052568503 0.062348898 0.995869839
1706586025.172702312 69.167730775 2.872870568 -3.218035412 0.041582656 0.052245082 0.063704345 0.995732439
1706586025.272542953 69.226741523 2.877469579 -3.230256127 0.040449054 0.051628548 0.068596758 0.995486239
1706586025.371622324 69.293387561 2.884351752 -3.240816132 0.043581254 0.050294948 0.074022189 0.995033571
1706586025.472239971 69.374891384 2.906178179 -3.242178342 0.040831090 0.052165433 0.084367695 0.994230196
1706586025.572861671 69.453944049 2.924946709 -3.253004898 0.042760606 0.054431963 0.095900288 0.992981282
1706586025.672719717 69.526831673 2.935282543 -3.259268954 0.047599141 0.053177630 0.104377303 0.991973709
1706586025.772565842 69.594428716 2.949556147 -3.261892876 0.050081359 0.051571715 0.114533672 0.990814944
1706586025.872417212 69.643293914 2.955015518 -3.270422113 0.051911109 0.049599776 0.120522172 0.990110855
1706586025.972281694 69.683246409 2.961385436 -3.273501136 0.051006400 0.045953838 0.124127160 0.989888398
1706586026.072118044 69.710404657 2.969980778 -3.274713991 0.046749465 0.045092830 0.125278405 0.989993154
1706586026.170831442 69.734415081 2.979988165 -3.272385411 0.047885284 0.043304258 0.123089569 0.990293239
1706586026.269600391 69.757575375 2.984426841 -3.269971291 0.045549007 0.040246194 0.119995259 0.990912039
1706586026.372438669 69.798493783 3.003609973 -3.269004611 0.041912949 0.039084341 0.115504818 0.991652336
1706586026.472262144 69.849906576 3.011459277 -3.272648628 0.041386981 0.038040048 0.108691600 0.992484866
1706586026.572486162 69.889900372 3.023403166 -3.275157375 0.040462653 0.033717686 0.097044610 0.993885424
1706586026.671507597 69.934913204 3.036125704 -3.276346918 0.031337064 0.030104246 0.083523117 0.995557940
1706586026.772574186 69.983700610 3.039586143 -3.282549480 0.032439280 0.032618534 0.072449102 0.996310620
1706586026.872412443 70.043077488 3.030087274 -3.290529963 0.041181872 0.033578115 0.064021460 0.996532898
1706586026.972262859 70.106215056 3.027044428 -3.301053767 0.040121732 0.034699920 0.057834154 0.996915931
1706586027.072912455 70.175506939 3.030507017 -3.301799452 0.041375936 0.035669279 0.052727813 0.997113590
1706586027.172734976 70.240144616 3.030173795 -3.309784229 0.040095999 0.036056660 0.047218369 0.997428019
1706586027.272569418 70.314417503 3.032938286 -3.315061063 0.042176197 0.037899500 0.042300391 0.997494598
1706586027.371839762 70.384596218 3.025326015 -3.328608848 0.044374766 0.040340713 0.038068833 0.997473945
1706586027.470619917 70.453793521 3.015502752 -3.337410845 0.044546996 0.039418969 0.032528453 0.997699158
1706586027.569399595 70.511115281 3.023645005 -3.338652518 0.041044182 0.040684506 0.028707697 0.997915835
1706586027.672741413 70.583788478 3.021670621 -3.347742649 0.039920849 0.040263827 0.024264237 0.998096387
1706586027.772562265 70.642584441 3.022956053 -3.353081490 0.042106813 0.040393493 0.018493593 0.998124927
1706586027.872399807 70.701453228 3.023382674 -3.352777443 0.041440888 0.041073711 0.014178460 0.998195659
1706586027.972243309 70.763347012 3.021853558 -3.361310895 0.042912417 0.040279945 0.010626181 0.998209965
1706586028.072890043 70.819608394 3.018658302 -3.366037438 0.041541891 0.039767852 0.006266986 0.998325355
1706586028.172720671 70.876628238 3.010162754 -3.374183700 0.042163298 0.038860790 0.002698436 0.998351047
1706586028.272549391 70.931925779 3.004255956 -3.367773432 0.042113897 0.039706508 -0.000979384 0.998323021
1706586028.372383118 70.977946681 2.995708366 -3.372159885 0.041993312 0.037071884 -0.004106023 0.998421443
1706586028.472219229 71.026743808 2.994003689 -3.379769073 0.045310772 0.037912069 -0.008436028 0.998217633
1706586028.572859287 71.062425999 2.998668976 -3.381155941 0.040385373 0.037640088 -0.012455186 0.998397273
1706586028.671640158 71.105606146 2.999642127 -3.383982750 0.040388796 0.037952615 -0.015102757 0.998348762
1706586028.770426035 71.144524558 2.991117799 -3.395153400 0.040352609 0.038466240 -0.017199963 0.998296638
1706586028.869220734 71.192765920 2.983391472 -3.402566104 0.042338625 0.039664154 -0.019479075 0.998125624
1706586028.972621202 71.237330329 2.978662939 -3.407280014 0.041911904 0.036044892 -0.023488470 0.998194595
1706586029.072448015 71.267156076 2.972706457 -3.406588445 0.039697611 0.037107143 -0.026228484 0.998177953
1706586029.172296286 71.292915326 2.965019382 -3.403290693 0.042701967 0.036347989 -0.028700589 0.998013849
1706586029.272532463 71.328974003 2.963869389 -3.404757852 0.040299491 0.037120988 -0.029813610 0.998052670
1706586029.372362614 71.369185700 2.961360942 -3.402031544 0.041156170 0.035932567 -0.031149467 0.998020406
1706586029.472603798 71.403906934 2.956878786 -3.402239437 0.040350153 0.034682782 -0.031791410 0.998077290
1706586029.572454214 71.426963635 2.955569653 -3.405099980 0.037612903 0.034929006 -0.033517410 0.998119140
1706586029.672284842 71.459191335 2.952238730 -3.409939378 0.039489679 0.035182522 -0.035106156 0.997983123
1706586029.772916079 71.506101653 2.942857342 -3.418351018 0.039468406 0.035028370 -0.038517731 0.997863539
1706586029.872730255 71.560219774 2.941552981 -3.418491027 0.039083366 0.035865550 -0.041760101 0.997718521
1706586029.971521616 71.601023540 2.936831198 -3.426127873 0.037096940 0.032880086 -0.046838028 0.997671748
1706586030.070315123 71.647777004 2.928239241 -3.423313532 0.035557797 0.033945950 -0.052712585 0.997398967
1706586030.169202566 71.705860827 2.920170979 -3.427543050 0.036304517 0.032136415 -0.058466172 0.997111297
1706586030.272901535 71.761837691 2.908324757 -3.435751698 0.035290983 0.036534140 -0.063025708 0.996718397
1706586030.372732639 71.812029782 2.897741147 -3.440395459 0.036159904 0.035097403 -0.068193553 0.996398652
1706586030.472574949 71.853625416 2.887343327 -3.442778698 0.037838710 0.036852973 -0.072297128 0.995983542
1706586030.572425842 71.895529111 2.870200076 -3.453875670 0.033830660 0.035150952 -0.078956682 0.995683554
1706586030.672265053 71.938740340 2.860774483 -3.448227428 0.033554656 0.036675809 -0.085831542 0.995068800
1706586030.772814512 71.977057727 2.849265497 -3.444883931 0.032684974 0.034802615 -0.096592013 0.994178281
1706586030.871436596 72.001818796 2.836871057 -3.444231263 0.031771591 0.034983482 -0.106629385 0.993175159
1706586030.969600916 72.032531140 2.826638946 -3.449906648 0.032175887 0.035659362 -0.117366406 0.991926534
1706586031.072416544 72.073091715 2.814628777 -3.451129135 0.031117675 0.035323512 -0.128492486 0.990592560
1706586031.172267437 72.130072228 2.801017902 -3.457608035 0.028018106 0.036574769 -0.138247964 0.989325413
1706586031.271403790 72.187899030 2.784756775 -3.457360950 0.023701370 0.033758731 -0.148837870 0.988000952
1706586031.370240211 72.242704930 2.771070378 -3.450275923 0.021544712 0.038000594 -0.159361352 0.986253385
1706586031.472576141 72.312581858 2.744758063 -3.458686132 0.024060346 0.036049107 -0.173596798 0.983862650
1706586031.572412252 72.372459940 2.728936610 -3.454611125 0.025342817 0.038460395 -0.183914103 0.981862588
1706586031.672245502 72.437562203 2.703677097 -3.458757013 0.022012960 0.036319590 -0.189568881 0.980948498
1706586031.772879839 72.485330411 2.685899741 -3.463975466 0.026035764 0.041943094 -0.189478045 0.980643149
1706586031.872710943 72.529009985 2.677846014 -3.470592497 0.026431661 0.040363411 -0.186446863 0.981279639
1706586031.972549915 72.550278831 2.673045317 -3.471479535 0.028541479 0.039641991 -0.183729077 0.981762457
1706586032.071563482 72.546946451 2.674082528 -3.476460445 0.027573306 0.038688881 -0.184372897 0.981707450
1706586032.170289516 72.541596726 2.677135215 -3.475002662 0.027315179 0.039903511 -0.187258454 0.981119698
1706586032.268822193 72.526418259 2.682244265 -3.470132027 0.026747993 0.040761119 -0.192999678 0.979986837
1706586032.372745275 72.495323094 2.688467491 -3.462989810 0.025570947 0.040173736 -0.201987647 0.978229619
1706586032.472409487 72.449050746 2.697514208 -3.461907844 0.026403930 0.038093802 -0.211404951 0.976298951
1706586032.571298838 72.408877867 2.708571641 -3.460086960 0.022947321 0.037886265 -0.223726537 0.973644950
1706586032.670232058 72.361354435 2.716653128 -3.453356936 0.021214816 0.038861174 -0.235865479 0.970776605
1706586032.772915363 72.335827250 2.729293210 -3.455936993 0.024597323 0.038158940 -0.247451777 0.967835980
1706586032.871706009 72.296936298 2.746652172 -3.456461300 0.021666285 0.037800395 -0.257748383 0.965229233
1706586032.970227957 72.277952390 2.753233647 -3.459589763 0.020081363 0.035334814 -0.265360483 0.963292273
1706586033.072442293 72.261891637 2.763415402 -3.463997682 0.014564012 0.034371642 -0.272899278 0.961318087
1706586033.172276497 72.262878926 2.767066410 -3.469403732 0.020902039 0.037472430 -0.277972963 0.959630113
1706586033.271809816 72.258201121 2.772396415 -3.469617813 0.020154028 0.037607729 -0.284168700 0.957824422
1706586033.370410442 72.250995479 2.783304902 -3.468150159 0.022716667 0.038402785 -0.288854601 0.956332682
1706586033.463137388 72.234169003 2.793172782 -3.464778596 0.024671800 0.039212757 -0.295175950 0.954319035
1706586033.561726809 72.209649998 2.808639696 -3.463258664 0.022336958 0.038956368 -0.304311792 0.951513424
1706586033.672302246 72.165804314 2.832052369 -3.466967226 0.022442839 0.038558311 -0.314248840 0.948291749
1706586033.772327662 72.120339100 2.863389065 -3.462377995 0.021138791 0.037517838 -0.323565750 0.945225248
1706586033.871307611 72.074662300 2.888818351 -3.464047814 0.030013744 0.038767392 -0.331745269 0.942094125
1706586033.970368385 72.025224855 2.907404159 -3.471771188 0.031374829 0.037011793 -0.339314308 0.939420858
1706586034.072077751 71.977199009 2.936183070 -3.467975945 0.022715992 0.038712837 -0.348889215 0.936088466
1706586034.170709848 71.928073987 2.956698080 -3.468325814 0.030043643 0.039237372 -0.355482812 0.933375476
1706586034.269336939 71.885925199 2.967794813 -3.469236274 0.024998274 0.037710735 -0.362789845 0.930771999
1706586034.367964983 71.855989249 2.975501700 -3.480625980 0.023077740 0.037443640 -0.366375631 0.929426860
1706586034.466609240 71.844710030 2.982291916 -3.484014501 0.022317766 0.036580354 -0.369913234 0.928077580
1706586034.565232277 71.815982883 2.980366663 -3.494417290 0.019899631 0.035043602 -0.371779307 0.927446008
1706586034.663857222 71.788350510 2.983658438 -3.500318579 0.022341524 0.034407886 -0.374188998 0.926444573
1706586034.762477636 71.743794053 2.973616740 -3.516983081 0.023400009 0.033775516 -0.374928269 0.926142779
1706586034.861090660 71.703446674 2.975876242 -3.519765663 0.015645298 0.033470696 -0.376749015 0.925578261
1706586034.972248316 71.648186322 2.980314366 -3.521640426 0.014507026 0.032613816 -0.378575281 0.924881961
1706586035.072354078 71.613810031 2.993193275 -3.506376755 0.011657331 0.033811998 -0.380029009 0.924282861
1706586035.171395779 71.574171689 3.011809569 -3.502406597 0.009177118 0.033771625 -0.384134071 0.922613827
1706586035.272550106 71.531041699 3.041627258 -3.495301501 0.001752072 0.034490623 -0.388299629 0.920885837
1706586035.371608257 71.471680510 3.079641514 -3.495119124 0.005231331 0.036063191 -0.393980879 0.918395964
1706586035.470264673 71.397182158 3.129298712 -3.487520787 0.013962243 0.036082240 -0.400308037 0.915563544
1706586035.568922758 71.324537139 3.180339419 -3.474909701 0.010958327 0.037641776 -0.409028233 0.911679174
1706586035.667587280 71.237854691 3.243692548 -3.463849584 0.007691788 0.038010521 -0.415908748 0.908579083
1706586035.766245842 71.167896328 3.282531402 -3.436459846 0.002497524 0.039319435 -0.416921243 0.908088334
1706586035.864891291 71.104214085 3.323622084 -3.409378798 -0.007012125 0.038362365 -0.421290342 0.906086975
1706586035.963514805 71.050922921 3.352925695 -3.402123617 -0.003183208 0.039887650 -0.422384438 0.905533119
1706586036.062151670 70.997975178 3.383755816 -3.388623846 -0.001194439 0.038910905 -0.423782776 0.904926889
1706586036.160765886 70.956035610 3.401381812 -3.368191167 -0.004215237 0.040372822 -0.426242381 0.903697792
1706586036.272555351 70.927107369 3.413260275 -3.347896799 -0.002021774 0.043140364 -0.427698641 0.902889082
1706586036.372397900 70.903425492 3.420722369 -3.334232883 -0.001359076 0.043152856 -0.429327829 0.902116178
1706586036.471619844 70.881209314 3.415841547 -3.306783857 -0.005910863 0.045218660 -0.428337305 0.902467444
1706586036.572724342 70.851731776 3.423553768 -3.301850597 -0.000196997 0.047430837 -0.430438334 0.901372907
1706586036.671372890 70.825604989 3.415737000 -3.291794147 0.006783849 0.049980369 -0.429509127 0.901652844
1706586036.770035028 70.785033189 3.431222904 -3.282565184 0.006635952 0.048281444 -0.430155536 0.901438340
1706586036.868685722 70.758465181 3.428916059 -3.258035621 0.006900182 0.049457749 -0.429901129 0.901493948
1706586036.967325687 70.719075387 3.430241534 -3.264974641 0.003904952 0.048728997 -0.430839567 0.901103492
1706586037.065968275 70.680543860 3.411624065 -3.262350017 -0.004371957 0.048136268 -0.427413617 0.902763195
1706586037.164581060 70.641046239 3.408605809 -3.261219488 -0.010406873 0.047122773 -0.427759683 0.902603343
1706586037.263171673 70.602761851 3.400876618 -3.267371191 -0.010470686 0.048011809 -0.428374374 0.902264167
1706586037.361756325 70.563790167 3.389086015 -3.264033115 0.000648771 0.049446335 -0.429047006 0.901927550
1706586037.460277319 70.542033758 3.387527714 -3.246099264 -0.006211995 0.049557802 -0.429207210 0.901824044
1706586037.572406530 70.516652466 3.383864240 -3.230018664 -0.008118954 0.051052672 -0.432314273 0.900240010
1706586037.672255993 70.505597055 3.380029817 -3.217552900 -0.006917259 0.052303905 -0.435210806 0.898781401
1706586037.772896290 70.494848688 3.383509928 -3.200783448 -0.009725708 0.051557854 -0.438311326 0.897290577
1706586037.872307539 70.496754860 3.383870036 -3.193343519 -0.017904712 0.053052888 -0.442363218 0.895086362
1706586037.970894575 70.502474353 3.386306895 -3.181441181 -0.022648346 0.049433201 -0.446166580 0.893296588
1706586038.069481134 70.515520788 3.370429914 -3.164361275 -0.019792639 0.053498214 -0.452945920 0.889711293
1706586038.167983055 70.519094377 3.362497796 -3.149656565 -0.020752786 0.052237794 -0.460669935 0.885789899
1706586038.266448259 70.534110283 3.336743126 -3.143125706 -0.029484060 0.052074412 -0.470327193 0.880460832
1706586038.364791155 70.552000287 3.323768390 -3.146965892 -0.033656512 0.050594896 -0.486710009 0.871447510
1706586038.455084324 70.568795234 3.304920630 -3.138690357 -0.033118239 0.056129198 -0.501142615 0.862907165
1706586038.554214478 70.587259627 3.298681273 -3.137914522 -0.035841367 0.052809600 -0.517085995 0.853550594
1706586038.653696775 70.635912177 3.302204079 -3.119590151 -0.045176821 0.051699822 -0.533580465 0.842957929
1706586038.753051043 70.668287457 3.327159610 -3.114971072 -0.047905430 0.047547269 -0.550140429 0.832339976
1706586038.872722864 70.699949122 3.373816188 -3.113705917 -0.049882362 0.043017691 -0.568898846 0.819765413
1706586038.972553253 70.709310380 3.412070881 -3.121129088 -0.042598614 0.043943553 -0.582721516 0.810364089
1706586039.071887970 70.737207400 3.449263236 -3.116547643 -0.046287298 0.039992355 -0.595964497 0.800677473
1706586039.170413017 70.767058081 3.514418025 -3.109663984 -0.040496005 0.036926439 -0.603281759 0.795642904
1706586039.268772602 70.774605304 3.556558842 -3.105639474 -0.038708884 0.031966601 -0.612107816 0.789179182
1706586039.371745586 70.817842824 3.657212631 -3.098233199 -0.040052038 0.032288865 -0.610985092 0.789968658
1706586039.435841084 70.898508877 3.684527898 -3.065697403 -0.041335623 0.030854714 -0.618846183 0.783816787
1706586039.535059690 70.951098798 3.741857038 -3.039650541 -0.036685678 0.030519535 -0.624088315 0.779895181
1706586039.656243563 70.907883675 3.788908076 -3.023323025 -0.032603607 0.012521725 -0.639214046 0.768235390
1706586039.755438328 70.735905624 3.729708076 -3.067640405 -0.030062425 0.008252303 -0.660659076 0.750038490
1706586039.854283094 70.723800409 3.601797205 -3.062571956 -0.020132254 0.020620831 -0.677599954 0.734865822
1706586040.271422148 70.699651209 3.732875814 -3.012017672 -0.016341253 0.017380277 -0.727188283 0.686023390
1706586040.371262789 70.698839836 3.775356858 -2.996687265 -0.018790889 0.017208082 -0.729255562 0.683766853
1706586040.472048044 70.701884189 3.836266155 -2.979040919 -0.021164108 0.019224882 -0.727466087 0.685547647
1706586040.570686579 70.698894629 3.919965355 -2.964439376 -0.020809315 0.019024901 -0.726734681 0.686339369
1706586040.671602011 70.693375603 4.032268143 -2.949484713 -0.020877952 0.018903615 -0.727211863 0.685835018
1706586040.771436691 70.683870908 4.167629748 -2.934440803 -0.020983092 0.018348174 -0.729616076 0.683288691
1706586040.871275425 70.668810444 4.323613249 -2.919202504 -0.019973209 0.018165199 -0.735387909 0.677108352
1706586041.171595812 70.606244597 4.907633821 -2.873235737 -0.016144722 0.017634234 -0.767159436 0.641010749
1706586041.571371317 70.531983148 5.806636634 -2.798893378 -0.019998073 0.017478026 -0.806137429 0.591132000
1706586041.771851301 70.497884318 6.255852701 -2.760060652 -0.022972537 0.020417584 -0.812117552 0.582683848
1706586041.871687412 70.470504143 6.466250935 -2.738855253 -0.024133180 0.018943599 -0.811220532 0.583934909
1706586041.971525669 70.433012577 6.662899342 -2.716741488 -0.023962925 0.018824176 -0.811280960 0.583861827
1706586042.071355820 70.386971865 6.849517998 -2.693200879 -0.024126263 0.019738719 -0.812994220 0.581436759
1706586042.122753143 70.356933702 6.967077188 -2.681334489 -0.024524392 0.019594002 -0.814915453 0.578729154
1706586042.271382809 70.262525160 7.243699694 -2.644229659 -0.023668439 0.019624896 -0.823864304 0.565952540
1706586042.343481064 70.207417774 7.380561322 -2.625877260 -0.022545963 0.017752252 -0.830105946 0.556866821
1706586042.465127707 70.107565621 7.616346814 -2.592975941 -0.023328529 0.016083105 -0.843285955 0.536717720
1706586042.564266920 70.020205144 7.813657411 -2.566306536 -0.022965080 0.016298864 -0.854717496 0.518329001
1706586042.663190603 69.930113479 8.015317992 -2.537274415 0.023653206 -0.018693097 0.866352077 -0.498522991
1706586042.762083292 69.829298330 8.229547849 -2.510551752 0.022444936 -0.015791336 0.877544032 -0.478710069
1706586042.860897064 69.724005872 8.453361682 -2.482533106 0.021004687 -0.013075396 0.888503949 -0.458201451
1706586042.959702969 69.618493507 8.683374437 -2.453122195 0.020200251 -0.012580540 0.898395059 -0.438543039
1706586043.058341265 69.630700662 8.574955101 -2.456718555 0.009052666 -0.023296853 0.908595192 -0.416929351
1706586043.150199652 69.684963857 8.542127203 -2.690924970 0.025526370 0.003688276 0.912449046 -0.408376712
1706586043.271680593 69.614750546 8.600095432 -2.806465354 0.036175391 -0.010546216 0.919666878 -0.390887391
1706586043.370897770 69.583910058 8.702323289 -2.663174523 0.034566611 0.001037239 0.922678833 -0.384015423
1706586043.469974995 69.532662203 8.776073119 -2.594343153 0.031352931 -0.000044171 0.927786172 -0.371792698
1706586043.569020987 69.444540341 8.927984763 -2.503655286 0.014359612 0.009435283 0.928810849 -0.370155622
1706586043.667985201 69.503075319 9.015989706 -2.464880028 0.017076250 0.012518454 0.934360510 -0.355699490
1706586043.772748470 69.462856842 9.100603561 -2.356230740 0.006952265 0.009671330 0.940858581 -0.338590109
1706586043.871631622 69.407571768 9.097575918 -2.382423167 0.008226860 0.007579500 0.949514031 -0.313525078
1706586043.970443249 69.381729052 9.131033183 -2.372053347 0.007927997 -0.003672820 0.955149191 -0.295996080
1706586044.069259167 69.344662285 9.231241653 -2.275683222 -0.000012911 -0.020924033 0.960057392 -0.279019693
1706586044.168180466 69.352563148 9.255734211 -2.217555763 -0.004706180 -0.023690430 0.966129897 -0.256923407
1706586044.272369862 69.304616288 9.333430845 -2.157916897 -0.016180303 -0.031194028 0.969468156 -0.242686269
1706586044.372603416 69.230046268 9.396247721 -2.110877267 -0.016138391 -0.036007241 0.973947256 -0.223315413
1706586044.472457170 69.155751649 9.411852099 -2.080138776 -0.014438081 -0.046516732 0.978121209 -0.202253891
1706586044.572302341 69.049088688 9.418696649 -2.076300828 -0.012180518 -0.045633533 0.981924523 -0.183285153
1706586044.672536850 68.924554000 9.416804508 -2.081485191 -0.013374701 -0.042411033 0.985419241 -0.164229538
1706586044.772120237 68.838149294 9.390110648 -2.094899158 -0.009359999 -0.047319560 0.988925078 -0.140358258
1706586044.870788336 68.786901261 9.370129085 -2.096910421 -0.010313493 -0.049786392 0.991339302 -0.121083999
1706586044.969552279 68.755773090 9.356245839 -2.105932602 -0.002882768 -0.046532313 0.994002396 -0.098922548
1706586045.068258762 68.674497417 9.352825652 -2.116139460 -0.004125834 -0.045637401 0.995960989 -0.077213429
1706586045.172548294 68.609079936 9.342943415 -2.113547172 -0.003877481 -0.050910687 0.997203579 -0.054571866
1706586045.272153616 68.547118553 9.355088127 -2.106719296 -0.003791823 -0.049996373 0.998219497 -0.032308221
1706586045.371026993 68.492664392 9.363808504 -2.112338785 -0.005325963 -0.041322972 0.999058493 -0.012090199
1706586045.472877502 68.450506448 9.380531704 -2.114804411 0.000732450 -0.042161083 0.999056032 0.010437969
1706586045.572704077 68.403554123 9.396862798 -2.118321492 0.002091212 -0.043963777 0.998518889 0.031981899
1706586045.672538996 68.349798923 9.418475767 -2.114721622 0.004894766 -0.042509132 0.997636444 0.053763740
1706586045.770951509 68.305608319 9.441341523 -2.114463076 0.011219382 -0.041490332 0.996332113 0.073993236
1706586045.872218609 68.237403159 9.457819629 -2.108962169 0.008677084 -0.045140087 0.994970647 0.088997146
1706586045.972851038 68.185820081 9.477511453 -2.104188824 0.015215697 -0.046566622 0.993647662 0.101313159
1706586046.071907759 68.127196834 9.495700893 -2.102944163 0.015709198 -0.046213592 0.992819057 0.109214673
1706586046.170655727 68.037152330 9.513625422 -2.101021870 0.017516947 -0.047342043 0.992351253 0.112653796
1706586046.269383192 67.959765997 9.544727932 -2.101164166 0.017247611 -0.041542944 0.992493100 0.113728409
1706586046.372212648 67.858085693 9.576503682 -2.092949693 0.014196601 -0.041201832 0.992718228 0.112300421
1706586046.472849846 67.731458378 9.610450773 -2.084498296 0.017515317 -0.040423760 0.992900718 0.110486636
1706586046.572700024 67.601000611 9.646545414 -2.073026601 0.020462615 -0.037290875 0.993010929 0.110090724
1706586046.672535658 67.472611762 9.676500072 -2.069846538 0.016213815 -0.034549932 0.993202170 0.109967561
1706586046.772380352 67.344641390 9.712157193 -2.066624659 0.018562449 -0.037855658 0.993082296 0.109589862
1706586046.872216940 67.236389131 9.736671610 -2.063346698 0.018892348 -0.042170639 0.992781375 0.110679074
1706586046.971325159 67.143311287 9.767381133 -2.061079750 0.017852226 -0.040337718 0.992627861 0.112889752
1706586047.069855213 67.057658712 9.806232256 -2.053284785 0.020572141 -0.034321054 0.991997359 0.119750125
1706586047.172517538 66.954073013 9.831142439 -2.042680677 0.015971349 -0.038762906 0.990560097 0.130510717
1706586047.272368908 66.862071606 9.855401583 -2.036688878 0.018465446 -0.040395426 0.989963299 0.134163721
1706586047.371744156 66.765167138 9.893698660 -2.027385309 0.021772153 -0.041099521 0.988923364 0.140951705
1706586047.470496893 66.661718131 9.936105422 -2.016444944 0.021324526 -0.042517357 0.987610077 0.149545561
1706586047.569285154 66.543557358 9.969088553 -2.014913421 0.022960623 -0.045572737 0.986113413 0.158038833
1706586047.672908783 66.421996248 10.021731837 -2.007418476 0.024130103 -0.043247662 0.984958622 0.165541203
1706586047.772753000 66.317011914 10.066845287 -1.999632515 0.020886845 -0.041081521 0.983854321 0.172935605
1706586047.872595549 66.207043476 10.120366329 -1.993417794 0.019272635 -0.037215236 0.983218214 0.177554318
1706586047.972432852 66.101652908 10.162014015 -1.989320218 0.019912142 -0.034339205 0.983577107 0.176069306
1706586048.072273970 65.992883033 10.197880712 -1.984734622 0.018148435 -0.033551167 0.984879047 0.168991761
1706586048.171704769 65.915159547 10.219997864 -1.987458364 0.019655863 -0.033716478 0.986302614 0.160262284
1706586048.270400286 65.835176967 10.240889040 -1.982297259 0.021844646 -0.035697171 0.987593284 0.151353983
1706586048.369133949 65.765985889 10.253656373 -1.978703804 0.020315274 -0.037738410 0.988996205 0.141596641
1706586048.467864037 65.695446279 10.273397427 -1.975204831 0.020089662 -0.038202755 0.990330946 0.131839193
1706586048.572278976 65.643826836 10.288832987 -1.973967226 0.020631429 -0.039170672 0.991414656 0.123032445
1706586048.671563864 65.592539374 10.293838590 -1.962377764 0.019767695 -0.043270273 0.992185192 0.115349324
1706586048.770350218 65.567387108 10.303948486 -1.961947915 0.019739854 -0.041324943 0.993015998 0.108728166
1706586048.872575283 65.528289483 10.312397538 -1.963194825 0.018703753 -0.036973025 0.993818210 0.102997720
1706586048.972441435 65.495775495 10.307141492 -1.962049606 0.018728453 -0.042803153 0.994358093 0.095231912
1706586049.072276831 65.441193627 10.311327151 -1.959612192 0.017889169 -0.043471109 0.995283141 0.084862892
1706586049.172918558 65.373819565 10.323179774 -1.957261829 0.016316364 -0.041119951 0.996277239 0.073990470
1706586049.272747517 65.288877131 10.325553734 -1.948981892 0.017441218 -0.044560046 0.996973104 0.061276725
1706586049.372581720 65.204700101 10.323113175 -1.942651570 0.014260322 -0.047888276 0.997574712 0.048456692
1706586049.472217560 65.112436584 10.332147514 -1.944577477 0.006811078 -0.043381414 0.998376502 0.036277014
1706586049.570938349 65.021972000 10.335902080 -1.940107840 0.005286941 -0.041863054 0.998826161 0.023787266
1706586049.672912598 64.911213381 10.334281028 -1.942722511 0.002282895 -0.044981808 0.998904814 0.012672757
1706586049.772753954 64.787636225 10.335412338 -1.945595653 -0.002680624 -0.043914587 0.999028954 0.002339511
1706586049.872485399 64.662277350 10.334383174 -1.944353479 -0.008400274 -0.045567180 0.998919529 -0.003583458
1706586049.971224070 64.533681973 10.323415163 -1.945282587 -0.010272778 -0.049704061 0.998632844 -0.012506777
1706586050.070037603 64.394052796 10.322818934 -1.949129873 -0.013373260 -0.043975549 0.998695418 -0.022243385
1706586050.172896624 64.249766449 10.318105071 -1.952914461 -0.017002650 -0.041626838 0.998501841 -0.031179964
1706586050.272740126 64.106145581 10.299580648 -1.956588975 -0.015651413 -0.046687610 0.998046184 -0.038459262
1706586050.372579336 63.949896686 10.277687376 -1.961730727 -0.016102569 -0.048455017 0.997534327 -0.048146490
1706586050.472445965 63.791441869 10.263763877 -1.972719023 -0.018093000 -0.046211449 0.997029935 -0.058893578
1706586050.572288513 63.625581866 10.247468876 -1.977963210 -0.019852722 -0.047170292 0.996590584 -0.064715069
1706586050.672924519 63.465244427 10.225570709 -1.987255787 -0.020192220 -0.046320205 0.996456436 -0.067240496
1706586050.772760153 63.308121786 10.213541791 -1.989991182 -0.023241121 -0.047582083 0.996634461 -0.062574336
1706586050.871556282 63.170562435 10.208564258 -1.995909782 -0.020725318 -0.046394126 0.997238923 -0.054153273
1706586050.972454548 63.031670809 10.207383026 -2.000824314 -0.020565316 -0.044924071 0.997770825 -0.044858397
1706586051.072291136 62.884143087 10.205289023 -2.004226185 -0.016148857 -0.045315573 0.998204569 -0.035684057
1706586051.172207594 62.749531441 10.204286462 -2.011770827 -0.012491100 -0.045826051 0.998493426 -0.027474065
1706586051.271045208 62.613907896 10.209170467 -2.013034988 -0.010975242 -0.046463390 0.998709128 -0.017342855
1706586051.369929790 62.488627288 10.205180317 -2.014960352 -0.010611753 -0.047787812 0.998758744 -0.009202560
1706586051.472445488 62.367244709 10.213221371 -2.020208087 -0.007645591 -0.045694792 0.998926025 -0.000572376
1706586051.572270155 62.241430305 10.224718696 -2.024847926 -0.008969763 -0.046994079 0.998819822 0.008370384
1706586051.672920465 62.116222492 10.235994252 -2.023087417 -0.004914864 -0.046229351 0.998785991 0.016286028
1706586051.772754669 61.992716258 10.251363995 -2.020485999 -0.003627665 -0.046469814 0.998619758 0.024206926
1706586051.872583866 61.866929557 10.266952510 -2.020126468 -0.004944874 -0.047061229 0.998346175 0.032645110
1706586051.972429514 61.739918541 10.282588554 -2.018625003 -0.003246183 -0.045810787 0.998150919 0.039819295
1706586052.071622372 61.618257073 10.301846593 -2.019518833 -0.003974168 -0.045610734 0.997903534 0.045742796
1706586052.170159101 61.495278066 10.317323933 -2.017221953 -0.006057086 -0.047979988 0.997556076 0.050429230
1706586052.272750854 61.383277182 10.334024589 -2.017246376 -0.006297069 -0.046986862 0.997393212 0.054400020
1706586052.372589588 61.269787383 10.353220677 -2.016879692 -0.006441411 -0.044968840 0.997348194 0.056858515
1706586052.472021818 61.154108352 10.369489306 -2.020657942 -0.007968335 -0.043378682 0.997263722 0.059328444
1706586052.570882082 61.022816083 10.388217663 -2.023129812 -0.009625090 -0.044052686 0.997056235 0.062012768
1706586052.669786453 60.886431110 10.409399251 -2.023209169 -0.011223074 -0.044100283 0.996861775 0.064775068
1706586052.772750616 60.743181983 10.437217410 -2.032466927 -0.010594951 -0.041750278 0.996628261 0.069833881
1706586052.872589827 60.613596557 10.466549640 -2.027095958 -0.007587207 -0.041559690 0.996356113 0.074092666
1706586052.972427130 60.486189900 10.498675817 -2.026553125 -0.002277068 -0.040528217 0.996391259 0.074543532
1706586053.072271347 60.350613057 10.524657189 -2.027209837 0.001977921 -0.036779009 0.996787402 0.071121504
1706586053.172899485 60.227652084 10.550872050 -2.026419941 0.003239154 -0.031636480 0.997147153 0.068455796
1706586053.272425413 60.107698579 10.568095469 -2.024668516 0.003989467 -0.032619909 0.997200507 0.067165278
1706586053.371108294 60.001577066 10.582784419 -2.020956432 0.004883155 -0.033709362 0.997330203 0.064593340
1706586053.469591141 59.885330439 10.605201206 -2.021149995 0.002940310 -0.029543254 0.997619304 0.062243677
1706586053.572279453 59.772825203 10.616433638 -2.019735408 0.003620275 -0.032421805 0.997702487 0.059375654
1706586053.672922373 59.645153127 10.634053785 -2.014496106 0.002888371 -0.032924587 0.997803713 0.057405398
1706586053.772112846 59.526743903 10.647007244 -2.013183156 0.002743730 -0.032530078 0.997953252 0.054987031
1706586053.871092796 59.403715991 10.659571401 -2.012752160 0.001885264 -0.035406425 0.997991636 0.052493092
1706586053.970184326 59.269021311 10.674444627 -2.010683531 0.001127305 -0.035588811 0.998205336 0.048148444
1706586054.072282076 59.138248022 10.694116958 -2.010805832 0.002745067 -0.031101747 0.998570124 0.043391852
1706586054.172924757 59.009585921 10.709451577 -2.005173803 0.011393279 -0.032396110 0.998655052 0.038842927
1706586054.272763252 58.889698075 10.717474599 -1.998319352 0.011826675 -0.033908247 0.998644592 0.037674129
1706586054.372584105 58.783071840 10.720427909 -1.995934758 0.027164496 -0.033633951 0.998495029 0.033742023
1706586054.472433567 58.673050718 10.726401943 -1.993604540 0.026026045 -0.035151563 0.998564090 0.030931710
1706586054.572260141 58.551920607 10.733277441 -1.993106251 0.021287411 -0.035404541 0.998739509 0.028508892
1706586054.670819759 58.430128686 10.737669058 -1.990020909 0.016818207 -0.034120712 0.998982863 0.024210840
1706586054.769159794 58.294170386 10.747511625 -1.983039533 0.002540596 -0.036271912 0.998933011 0.028473381
1706586054.872570276 58.170168057 10.755324203 -1.976603984 0.007105318 -0.037832100 0.998872728 0.027776232
1706586054.972400665 58.025368654 10.766395341 -1.976518297 0.006773658 -0.036758053 0.998954563 0.026320020
1706586055.072258472 57.886536913 10.774545829 -1.972239466 0.010468830 -0.039526670 0.998897669 0.023054118
1706586055.171459913 57.754016104 10.782181264 -1.967387182 0.013417730 -0.038381279 0.999011557 0.017965260
1706586055.272739172 57.628281610 10.789896618 -1.962969644 0.013614269 -0.036697259 0.999131452 0.014293516
1706586055.372580290 57.508722127 10.790796524 -1.959549073 0.015953328 -0.038593335 0.999085047 0.009225759
1706586055.472429037 57.386744837 10.790637379 -1.959769362 0.011728440 -0.037494037 0.999205887 0.006650977
1706586055.572249651 57.262117104 10.798348560 -1.967467323 -0.002224608 -0.036724758 0.999310007 0.005084548
1706586055.672886133 57.121622586 10.805593802 -1.965796001 -0.019570608 -0.036579631 0.999135481 0.002685546
1706586055.772727489 56.993780717 10.803227098 -1.967621273 -0.019177558 -0.033996517 0.999237274 -0.001152340
1706586055.871360064 56.874116804 10.801087447 -1.961635908 -0.026143735 -0.035764116 0.999016828 -0.001676181
1706586055.969934225 56.753605207 10.806641597 -1.959962829 -0.026009631 -0.034190675 0.999067047 -0.004419606
1706586056.068705320 56.651384658 10.817905809 -1.971032003 -0.003249215 -0.024226034 0.999676891 -0.006975391
1706586056.172893763 56.543362832 10.822545588 -1.972046726 0.003022681 -0.025824188 0.999630279 -0.007954850
1706586056.272727728 56.423198624 10.819145625 -1.976688031 0.001819242 -0.024086786 0.999585629 -0.015655264
1706586056.371917725 56.318969376 10.815770223 -1.979674808 0.003482359 -0.023599060 0.999461405 -0.022535685
1706586056.471057653 56.224620950 10.811699139 -1.981596424 -0.001211055 -0.027405107 0.999223049 -0.028298268
1706586056.572242498 56.123234813 10.807997452 -1.984066027 0.001254453 -0.025850379 0.999153743 -0.031968453
1706586056.672880411 56.024434081 10.795859104 -1.983247203 -0.003216174 -0.026069602 0.999032745 -0.035264815
1706586056.772725582 55.920441868 10.780517751 -1.978737821 -0.005821976 -0.030187200 0.998818935 -0.037624087
1706586056.872567415 55.812041940 10.780658677 -1.971725997 -0.000807512 -0.027559271 0.998852979 -0.039147945
1706586056.972402096 55.701918788 10.775119761 -1.974258361 0.000323980 -0.028618413 0.998907913 -0.036930511
1706586057.072248459 55.588170735 10.771685509 -1.971263979 0.001703665 -0.031125624 0.998910894 -0.034717715
1706586057.171229124 55.467899308 10.765622072 -1.973464297 0.004892644 -0.031905551 0.999026723 -0.030061670
1706586057.269823551 55.344982791 10.760349753 -1.969662511 0.006778202 -0.032414976 0.999118480 -0.025798999
1706586057.372534037 55.217893285 10.764759275 -1.973023565 0.002427068 -0.031648438 0.999260241 -0.021713063
1706586057.472378731 55.102283971 10.766247843 -1.970549767 0.006408034 -0.031224094 0.999309741 -0.019079707
1706586057.572227716 54.991754859 10.764233551 -1.967168076 0.007839263 -0.032048869 0.999281641 -0.018644536
1706586057.672879934 54.880090778 10.771591828 -1.969638729 0.004835918 -0.026643358 0.999492654 -0.016768444
1706586057.772723675 54.772746089 10.771261320 -1.972902260 0.006176564 -0.027604796 0.999474228 -0.015845914
1706586057.872559309 54.685283273 10.770889214 -1.969931543 0.006405350 -0.031076335 0.999379743 -0.015276197
1706586057.972399473 54.585455196 10.765728715 -1.966778367 0.003241425 -0.033602162 0.999294653 -0.016449443
1706586058.072246075 54.479111342 10.765644105 -1.967198177 0.000847400 -0.029013941 0.999421575 -0.017719724
1706586058.172889948 54.362889764 10.763692041 -1.964687729 0.000221343 -0.029717810 0.999365355 -0.019639012
1706586058.272724390 54.248123471 10.754722848 -1.964734742 -0.000520002 -0.030498591 0.999374532 -0.017891604
1706586058.372273445 54.130292820 10.754298009 -1.965461024 0.001058521 -0.030906508 0.999411184 -0.014864463
1706586058.470887899 54.006951939 10.753779631 -1.961258333 0.002062493 -0.035681172 0.999297676 -0.011258537
1706586058.569556475 53.875986723 10.748811611 -1.959743818 0.007856013 -0.037345227 0.999230996 -0.009001847
1706586058.672897339 53.748839174 10.754395367 -1.961611202 0.002717390 -0.036488865 0.999299885 -0.007805061
1706586058.772738457 53.628215150 10.756547669 -1.962741415 0.007191230 -0.036398807 0.999291630 -0.006296950
1706586058.872592926 53.524307950 10.762340966 -1.962997625 0.005013101 -0.033016517 0.999430968 -0.004745469
1706586058.972437143 53.403368082 10.768980434 -1.962055639 0.003051281 -0.029414234 0.999553547 -0.004265992
1706586059.072280169 53.279723635 10.778100150 -1.957637082 0.002792809 -0.027667111 0.999594080 -0.006197275
1706586059.172928333 53.172427026 10.776428017 -1.956344810 0.006330563 -0.027869883 0.999571713 -0.006291618
1706586059.272769213 53.055703082 10.772807906 -1.955147432 0.005225258 -0.033115294 0.999394020 -0.009363053
1706586059.372620106 52.934289582 10.773226543 -1.958901191 0.005283348 -0.029052059 0.999508859 -0.010493041
1706586059.472450972 52.810419400 10.772657409 -1.956426987 0.007059661 -0.030636242 0.999466230 -0.008879034
1706586059.572284937 52.692703532 10.775116570 -1.955229450 0.001398193 -0.033907244 0.999402774 -0.006514578
1706586059.672006130 52.584028462 10.780968849 -1.948644892 0.007322084 -0.031047487 0.999490203 -0.001332143
1706586059.770633698 52.462516527 10.785816688 -1.945490760 0.007011236 -0.032351126 0.999447147 0.003105971
1706586059.869255781 52.332766174 10.785611125 -1.943457072 0.008221133 -0.035572653 0.999322723 0.004592828
1706586059.972445965 52.203713396 10.789679301 -1.944626597 0.005221097 -0.036805520 0.999280111 0.007573221
1706586060.072283745 52.092522657 10.798684528 -1.943812348 0.006503579 -0.035929562 0.999303093 0.007752352
1706586060.172913074 51.960509538 10.812193362 -1.946856402 0.000699136 -0.031125288 0.999478762 0.008540048
1706586060.272745132 51.845722874 10.820567874 -1.946129642 0.001175331 -0.029089798 0.999488077 0.013266006
1706586060.372587204 51.731144038 10.825853579 -1.948249284 -0.003831186 -0.031550104 0.999350402 0.016990807
1706586060.472424269 51.614618131 10.834751365 -1.943253528 -0.000594650 -0.033544970 0.999293673 0.016927417
1706586060.572255850 51.494499984 10.840770371 -1.935775730 -0.003323868 -0.034870527 0.999231945 0.017564705
1706586060.672894955 51.374509094 10.850097525 -1.933524699 -0.000717665 -0.040372992 0.999034266 0.017321705
1706586060.772734165 51.260344524 10.864354797 -1.930633183 -0.004460832 -0.038399618 0.999102038 0.017340382
1706586060.872573853 51.139587625 10.873924819 -1.939035837 -0.007352206 -0.035026987 0.999220280 0.016669951
1706586060.971429586 51.012951264 10.881869426 -1.951208134 -0.020960983 -0.033205596 0.999033782 0.019736483
1706586061.069897413 50.865287394 10.888232562 -1.958710040 -0.043540420 -0.035104777 0.998185544 0.022304830
1706586061.172893763 50.741481506 10.889856329 -1.958600301 -0.040297853 -0.036428921 0.998269402 0.022521503
1706586061.272721767 50.610676871 10.902027041 -1.956196879 -0.041963333 -0.034982555 0.998225858 0.023673541
1706586061.372569561 50.496717078 10.912064698 -1.959770727 -0.036805564 -0.034415795 0.998409140 0.025300067
1706586061.472401619 50.389391575 10.924728654 -1.965774211 -0.012180504 -0.033606450 0.999006671 0.026606635
1706586061.572248220 50.287264894 10.938823094 -1.983122167 -0.003948759 -0.036893819 0.998958337 0.026561152
1706586061.672895432 50.159192473 10.955630257 -1.988974195 -0.015694547 -0.032358654 0.998887576 0.030499325
1706586061.772745848 50.049827400 10.977335941 -1.993203542 -0.017637877 -0.029105619 0.998728537 0.037189755
1706586061.872580528 49.938433500 10.998730617 -1.997520072 -0.018934953 -0.028423419 0.998446489 0.044024817
1706586061.972416878 49.823161175 11.011742194 -1.997014024 -0.020184840 -0.028872074 0.998120552 0.050143193
1706586062.072271824 49.704121450 11.023203661 -1.999636949 -0.018721075 -0.031074128 0.998067263 0.050454529
1706586062.172468662 49.580820623 11.034209220 -2.005116639 -0.015925436 -0.030831538 0.998242943 0.048029413
1706586062.271094084 49.461009210 11.048657912 -2.009328247 -0.016806331 -0.031364460 0.998289720 0.046383747
1706586062.369737864 49.341993907 11.062535336 -2.011166075 -0.019424341 -0.034174290 0.998144164 0.046508507
1706586062.468424082 49.229929338 11.078526726 -2.016622830 -0.021878717 -0.030340729 0.998273374 0.045288327
1706586062.572257519 49.115329845 11.095785073 -2.018724670 -0.023855134 -0.026371786 0.998396518 0.044043777
1706586062.672900677 48.995818756 11.103513733 -2.018811233 -0.023300342 -0.032037848 0.998330414 0.042036357
1706586062.772747278 48.885150071 11.111439346 -2.022730660 -0.019107705 -0.032752083 0.998472609 0.040182665
1706586062.872581959 48.768376449 11.132205431 -2.026143894 -0.018012208 -0.033044384 0.998525648 0.039117261
1706586062.972426653 48.654787816 11.148792022 -2.033133752 -0.015167369 -0.028199619 0.998701916 0.039613317
1706586063.072274923 48.537236438 11.159224054 -2.035837848 -0.013856494 -0.032355374 0.998530014 0.041218173
1706586063.172914982 48.410773087 11.173084647 -2.037748299 -0.010376160 -0.032261359 0.998686883 0.038419382
1706586063.272767544 48.283316250 11.186918725 -2.042235159 -0.012324331 -0.028434027 0.998745008 0.039344952
1706586063.372611523 48.154309554 11.194352309 -2.043379117 -0.012140309 -0.031100325 0.998744245 0.037353918
1706586063.472124577 48.034819957 11.202081364 -2.042754057 -0.013951336 -0.033844310 0.998673472 0.036210756
1706586063.570789099 47.920085255 11.209768186 -2.046854107 -0.016391145 -0.031679308 0.998763794 0.034621303
1706586063.669512510 47.816604749 11.223450980 -2.046158448 -0.013610702 -0.033658296 0.998788176 0.033227197
1706586063.772775412 47.712412068 11.233122247 -2.052395825 -0.009676849 -0.031178397 0.999088182 0.027514901
1706586063.872603893 47.602109110 11.244132597 -2.056254836 -0.009071534 -0.028052881 0.999269357 0.024320660
1706586063.972442150 47.507674160 11.247900639 -2.050766216 -0.005130051 -0.031969478 0.999295178 0.018994267
1706586064.072266102 47.418696901 11.251047744 -2.052531537 -0.003376690 -0.029690784 0.999461589 0.013549410
1706586064.172910213 47.343777925 11.250755932 -2.050005158 0.002270889 -0.031476280 0.999448715 0.010312754
1706586064.272756100 47.254307528 11.249493100 -2.053587154 0.000299694 -0.034122948 0.999393131 0.006993131
1706586064.372578144 47.163168657 11.251856476 -2.057326572 0.000075400 -0.030556205 0.999529054 0.002825334
1706586064.472412825 47.064695382 11.252209642 -2.061736398 -0.002903024 -0.030020496 0.999544715 -0.000839504
1706586064.572263479 46.947639375 11.250935348 -2.060121223 -0.002769525 -0.028964903 0.999562102 -0.005382200
1706586064.672913551 46.835836595 11.252071807 -2.063060082 -0.008307638 -0.026380385 0.999593484 -0.006922739
1706586064.771891832 46.714783425 11.256876656 -2.063167346 -0.010712145 -0.022925149 0.999647645 -0.008017122
1706586064.870581865 46.590165194 11.266173990 -2.069877467 -0.010961778 -0.019030336 0.999740903 -0.005984360
1706586064.969278812 46.456740049 11.267185057 -2.075011469 -0.011878075 -0.021993068 0.999683211 -0.002948672
1706586065.072270870 46.328044035 11.265593584 -2.074574762 -0.011935412 -0.022765444 0.999640927 -0.007569526
1706586065.172914028 46.207432789 11.273402918 -2.077654660 -0.010416698 -0.017537241 0.999745298 -0.009658011
1706586065.272762060 46.080222666 11.276346750 -2.082080809 -0.011969151 -0.019970788 0.999684246 -0.009450666
1706586065.372606754 45.955894604 11.282510196 -2.084957015 -0.011199300 -0.019619320 0.999725909 -0.006145337
1706586065.472457647 45.837484961 11.286958387 -2.079638275 -0.009778298 -0.023346426 0.999679604 0.000133996
1706586065.572292328 45.729218061 11.294357008 -2.081279621 -0.010027356 -0.027259126 0.999559309 0.006130263
1706586065.672542572 45.611259346 11.301580081 -2.081130979 -0.010456948 -0.026848237 0.999542931 0.009151645
1706586065.772375822 45.506651366 11.307799343 -2.079765297 -0.006811829 -0.026603300 0.999570163 0.010264116
1706586065.872218132 45.419603820 11.325554521 -2.076196329 -0.001502873 -0.020291211 0.999673677 0.015444984
1706586065.972856045 45.321953878 11.337134867 -2.080347923 -0.007045259 -0.018375392 0.999603878 0.020119535
1706586066.071671009 45.236486441 11.347389334 -2.081131797 -0.004399994 -0.015795380 0.999711879 0.017530133
1706586066.170412302 45.147612021 11.339671104 -2.084706579 -0.001801371 -0.022934240 0.999583752 0.017409724
1706586066.269162178 45.059264748 11.323766148 -2.085872405 0.001004436 -0.036107983 0.999282055 0.011427150
1706586066.372221708 44.944814309 11.328918269 -2.091233718 -0.010198454 -0.030348364 0.999485389 -0.001981207
1706586066.472862005 44.842412477 11.334590519 -2.093645999 -0.021340592 -0.026860775 0.999391747 -0.006262049
1706586066.572708845 44.754527639 11.341769596 -2.094354612 -0.020213681 -0.017141736 0.999452656 -0.019797889
1706586066.672539949 44.671871366 11.342951313 -2.097759230 -0.020064133 -0.012648296 0.999253872 -0.030481963
1706586066.772391796 44.595630543 11.330480120 -2.102320241 -0.025012887 -0.013203636 0.998654900 -0.043455849
1706586066.872222424 44.528802172 11.311757822 -2.100426546 -0.031915844 -0.018595013 0.998070073 -0.049917269
1706586066.972860575 44.486625194 11.292756324 -2.100298067 -0.025045309 -0.023556949 0.997563609 -0.060701304
1706586067.072698116 44.438567957 11.286790918 -2.106171298 -0.025646129 -0.020533119 0.997206587 -0.067079724
1706586067.172532082 44.378142629 11.290752792 -2.104049686 -0.017073513 -0.017829942 0.997181135 -0.070854580
1706586067.272384882 44.318687402 11.288064975 -2.113769424 -0.019052266 -0.017576926 0.997206653 -0.070049654
1706586067.371412516 44.247018131 11.275667858 -2.113678709 -0.012835407 -0.018325250 0.997056825 -0.073328888
1706586067.470128775 44.157302552 11.275014747 -2.123879343 -0.019397844 -0.011712950 0.997182394 -0.071510867
1706586067.572691679 44.057081067 11.271073412 -2.123182822 -0.020161740 -0.010751955 0.997494675 -0.066949773
1706586067.672518492 43.962593445 11.256189846 -2.119532166 -0.012469573 -0.018109289 0.997899839 -0.060930077
1706586067.772349834 43.849205219 11.245596431 -2.131219294 -0.016019959 -0.015655406 0.997948609 -0.059973687
1706586067.871457577 43.723102389 11.250408809 -2.147006409 -0.022786879 -0.007031139 0.998224890 -0.054574636
1706586067.972441673 43.587870321 11.264029039 -2.155742551 -0.024060594 0.004787311 0.998352695 -0.051865841
1706586068.072296381 43.446093731 11.279989414 -2.167448754 -0.025228941 0.019167113 0.998072776 -0.053355940
1706586068.172543049 43.281298818 11.276206738 -2.180351848 -0.031976166 0.021215043 0.998110566 -0.047986930
1706586068.272394896 43.149629815 11.262950369 -2.179660237 -0.016328307 0.016469975 0.998646043 -0.046564006
1706586068.372217894 43.015680723 11.246531808 -2.188596702 -0.023922670 0.006567901 0.998988546 -0.037502719
1706586068.472850323 42.866950585 11.239033301 -2.182847558 -0.027534059 0.003595038 0.999071424 -0.032942998
1706586068.572359800 42.745511646 11.217961863 -2.182381957 -0.019626658 -0.011090555 0.999381519 -0.026988398
1706586068.671082973 42.615456012 11.200641659 -2.183118015 -0.023590943 -0.015083656 0.999312037 -0.024318805
1706586068.769939899 42.487510860 11.206450770 -2.193362206 -0.014441249 -0.011698115 0.999722409 -0.014481363
1706586068.872590303 42.358401077 11.216264549 -2.199289139 -0.006682070 -0.007027447 0.999945361 -0.003903959
1706586068.972434998 42.225954708 11.223867460 -2.200303780 -0.016902545 -0.016856895 0.999658374 0.010643521
1706586069.072278023 42.123046964 11.233033252 -2.194745531 -0.017702091 -0.022455227 0.999466612 0.015776226
1706586069.172916651 42.000862192 11.243345604 -2.197379784 -0.010815803 -0.027737722 0.999213645 0.026186411
1706586069.272745609 41.871905076 11.251438142 -2.204467486 -0.009626296 -0.030515953 0.998852906 0.035622778
1706586069.372583151 41.736575707 11.270790947 -2.215067603 -0.015507204 -0.029451699 0.998378756 0.046173401
1706586069.472295046 41.605498505 11.285318075 -2.215698824 -0.017693771 -0.033801488 0.997898426 0.052374824
1706586069.570858955 41.472057902 11.316557462 -2.217127944 -0.028337221 -0.021886237 0.997560842 0.059919624
1706586069.672891140 41.344452442 11.354021521 -2.219162961 -0.020823513 -0.010823369 0.997188586 0.071162918
1706586069.772730589 41.235655794 11.387763876 -2.224539085 -0.010834849 -0.008842547 0.996522130 0.082146581
1706586069.872196198 41.105430925 11.407556842 -2.222620898 -0.007369170 -0.015316084 0.996022832 0.087462171
1706586069.971035719 40.982816546 11.425682317 -2.220381030 0.001215880 -0.025509671 0.995433645 0.091976288
1706586070.069813967 40.849177759 11.448733420 -2.217600885 -0.006914231 -0.029311684 0.995073764 0.094452222
1706586070.172897816 40.728252512 11.479412032 -2.220997348 -0.006462682 -0.022588137 0.995788982 0.088613280
1706586070.272726774 40.595918750 11.503996703 -2.227253778 -0.010280579 -0.021146999 0.996581297 0.079201214
1706586070.372566938 40.461725195 11.516394457 -2.229376070 -0.012868355 -0.020553389 0.997849275 0.060899823
1706586070.472406864 40.344359969 11.518279560 -2.236894760 -0.013466289 -0.021886549 0.998711684 0.043756254
1706586070.572253942 40.226269546 11.511803982 -2.232548720 -0.015140295 -0.029742383 0.998997574 0.029833033
1706586070.672892094 40.123472928 11.504644312 -2.233804081 -0.013215117 -0.033478929 0.999193223 0.017816435
1706586070.772013426 40.022727219 11.503746131 -2.234265021 -0.012576744 -0.032640493 0.999353498 0.008307236
1706586070.870738745 39.911704253 11.504510372 -2.236414368 -0.010809244 -0.032135766 0.999424351 -0.001191610
1706586070.972393274 39.805662906 11.505125284 -2.236490510 -0.009415544 -0.031784513 0.999428541 -0.006609413
1706586071.072222233 39.694686146 11.513780210 -2.238384313 -0.011294570 -0.027760026 0.999512864 -0.008709047
1706586071.172025681 39.575809790 11.517331535 -2.241889484 -0.012351368 -0.027601483 0.999521123 -0.006567082
1706586071.270861626 39.453298276 11.512060768 -2.242933000 -0.011488449 -0.030398232 0.999445027 -0.007321330
1706586071.369743347 39.323448767 11.516225219 -2.246362457 -0.013444516 -0.030993916 0.999389819 -0.008866286
1706586071.472398758 39.185008416 11.530805330 -2.256379192 -0.014240812 -0.023142830 0.999586040 -0.009452874
1706586071.572242737 39.049540387 11.532483657 -2.262862399 -0.016516871 -0.022650908 0.999545434 -0.011093000
1706586071.672859192 38.921357445 11.523169111 -2.263312123 -0.014528455 -0.023474443 0.999541426 -0.012442351
1706586071.772713661 38.794093995 11.523497735 -2.269404102 -0.014009570 -0.024104215 0.999510576 -0.014188956
1706586071.872554779 38.662860197 11.518210277 -2.273442584 -0.014542555 -0.025087347 0.999432063 -0.017166578
1706586071.972391605 38.527977314 11.513505229 -2.275378463 -0.015683518 -0.026812378 0.999332343 -0.019235159
1706586072.072031975 38.380764872 11.505795033 -2.283216784 -0.020001854 -0.027626583 0.999150178 -0.023143440
1706586072.172883511 38.240944175 11.506563872 -2.291388509 -0.021428106 -0.025418150 0.999105157 -0.026146486
1706586072.272714615 38.093387261 11.502685583 -2.295158302 -0.024771435 -0.028597590 0.999003412 -0.023679875
1706586072.372563839 37.954339446 11.494872911 -2.292805763 -0.022707889 -0.030908195 0.998968622 -0.024304873
1706586072.471796036 37.839855369 11.493563222 -2.288271746 -0.020636335 -0.030198135 0.999027970 -0.024603457
1706586072.570740700 37.742154174 11.491318450 -2.284383429 -0.016036466 -0.032185916 0.999012502 -0.026094421
1706586072.672874451 37.638015404 11.492236509 -2.292893991 -0.016177260 -0.031258189 0.998954957 -0.029158445
1706586072.772714138 37.533545671 11.496928867 -2.295492454 -0.015781499 -0.030819413 0.998907341 -0.031388398
1706586072.872562647 37.434104416 11.497881171 -2.294647109 -0.012713487 -0.030549836 0.999091714 -0.026848113
1706586072.972385883 37.336244162 11.495739925 -2.301842079 -0.011821263 -0.030718488 0.999207847 -0.022367641
1706586073.072240591 37.239238504 11.496199141 -2.301885746 -0.013073101 -0.030035914 0.999275837 -0.019358175
1706586073.172879696 37.123369889 11.494668020 -2.311533543 -0.009060471 -0.028506430 0.999438119 -0.015124048
1706586073.272715092 36.993746958 11.493686295 -2.315026325 -0.009502643 -0.031440087 0.999423305 -0.008618456
1706586073.370820045 36.864534809 11.495839928 -2.316742278 -0.012216008 -0.034212498 0.999339059 -0.001311525
1706586073.472401142 36.722583314 11.512732896 -2.319337813 -0.013194213 -0.032334836 0.999355232 0.008336125
1706586073.572240591 36.594412684 11.527385823 -2.316524506 -0.015212027 -0.030190405 0.999333274 0.013789172
1706586073.672869444 36.465921004 11.529863382 -2.310417890 -0.012654307 -0.033504207 0.999301997 0.010623385
1706586073.771844387 36.324830458 11.535524011 -2.316481886 -0.007163915 -0.035017048 0.999352293 0.004180843
1706586073.870837927 36.199825748 11.548161397 -2.321829796 -0.005899660 -0.030014603 0.999531866 -0.000605405
1706586073.972401619 36.062021730 11.550767503 -2.325317257 -0.007739008 -0.032023615 0.999445758 -0.004772172
1706586074.072233438 35.941144513 11.542695113 -2.327490275 -0.006569810 -0.033463942 0.999373238 -0.009493897
1706586074.172868729 35.820585540 11.532821860 -2.322341967 -0.007036595 -0.037078437 0.999174004 -0.015066065
1706586074.272706985 35.719374389 11.523115636 -2.331051329 -0.007594084 -0.036353910 0.999078425 -0.021517991
1706586074.372543573 35.614325408 11.516626599 -2.328630671 -0.007223884 -0.035782399 0.998926055 -0.028533714
1706586074.472385168 35.506732841 11.510348734 -2.331123112 -0.008499074 -0.036650462 0.998770712 -0.032273425
1706586074.571825266 35.402032878 11.500202963 -2.329547473 -0.011618877 -0.038151639 0.998480392 -0.038031039
1706586074.672858000 35.292235035 11.499066911 -2.328605742 -0.009394670 -0.036840417 0.998341715 -0.043224335
1706586074.772720098 35.192213530 11.498375809 -2.333368937 -0.010513997 -0.036963011 0.998106471 -0.048027743
1706586074.872565508 35.084988076 11.490747302 -2.334590095 -0.008317246 -0.032448356 0.998008509 -0.053450393
1706586074.972417831 34.970052881 11.479412109 -2.337455029 -0.011653717 -0.032820297 0.997722529 -0.057764820
1706586075.071194887 34.858375646 11.469519842 -2.342586398 -0.008708118 -0.026544199 0.997737425 -0.061152314
1706586075.169660807 34.751216538 11.466833720 -2.345255211 -0.010128378 -0.025819641 0.997597233 -0.063486401
1706586075.272729158 34.630702171 11.467794547 -2.341016230 -0.002568251 -0.023194270 0.997572526 -0.065608570
1706586075.372566223 34.495254904 11.458126562 -2.337545953 -0.010347114 -0.023373586 0.997476263 -0.066239845
1706586075.472405195 34.379398481 11.439909196 -2.335757418 -0.000517106 -0.024223355 0.996712904 -0.077306853
1706586075.572247505 34.265314250 11.425036492 -2.344415881 -0.002716145 -0.022711497 0.996832011 -0.076175803
1706586075.672884464 34.145433950 11.423734767 -2.348425049 -0.004390868 -0.021824983 0.997476910 -0.067410707
1706586075.772723198 34.025710837 11.409531173 -2.353353388 -0.010974370 -0.023775765 0.997776034 -0.061296506
1706586075.871196508 33.868948612 11.412318259 -2.357029558 -0.016347580 -0.016070715 0.998219092 -0.055073890
1706586075.969831228 33.769358497 11.415587395 -2.362444644 -0.009111100 -0.011303571 0.998825611 -0.046223538
1706586076.072244644 33.658574678 11.400900587 -2.360879067 -0.010957258 -0.015400390 0.999113346 -0.037620316
1706586076.172887325 33.546311217 11.392066938 -2.362393777 -0.008296963 -0.019589820 0.999267042 -0.031824190
1706586076.272274017 33.434346290 11.391835991 -2.358952477 -0.003562095 -0.019921529 0.999475343 -0.025287979
1706586076.370867014 33.321820770 11.391865562 -2.359859125 -0.006145370 -0.019872005 0.999599399 -0.019193188
1706586076.469404936 33.227547684 11.392180296 -2.360678874 -0.007011865 -0.022671474 0.999599511 -0.015416085
1706586076.572243452 33.123914822 11.380880494 -2.361205485 -0.004679413 -0.027565723 0.999488596 -0.015517125
1706586076.672883987 33.004355065 11.371906734 -2.363121716 -0.005380386 -0.031350955 0.999319467 -0.018675431
1706586076.772732735 32.885654103 11.371409318 -2.362608203 -0.008934615 -0.032824974 0.999267958 -0.017499792
1706586076.872574806 32.776210765 11.364073150 -2.354713627 -0.005203439 -0.036532135 0.999158378 -0.017912643
1706586076.972412586 32.662813702 11.368922039 -2.354899061 -0.004470999 -0.034217639 0.999241170 -0.018062325
1706586077.072246075 32.548157105 11.382209716 -2.359747072 -0.008792066 -0.024805814 0.999488927 -0.018145415
1706586077.170828104 32.436858193 11.386291923 -2.366009738 -0.010241246 -0.023010458 0.999498048 -0.019216886
1706586077.269446135 32.341787717 11.380408436 -2.363427099 -0.007478873 -0.023274788 0.999524197 -0.018807743
1706586077.372562647 32.240822939 11.375358276 -2.368470229 -0.013461473 -0.026178973 0.999439990 -0.015910874
1706586077.472412586 32.132996370 11.374844496 -2.359891641 -0.010106113 -0.029670451 0.999398347 -0.014848394
1706586077.571798325 32.030801894 11.384796323 -2.365443059 -0.002206965 -0.023847060 0.999580974 -0.016257997
1706586077.670333624 31.927945136 11.397120485 -2.366935780 0.006106293 -0.017223083 0.999713432 -0.015463895
1706586077.772708178 31.813933357 11.393526238 -2.372913916 0.005928797 -0.022963657 0.999638775 -0.012642754
1706586077.872539997 31.696626188 11.395735172 -2.381179060 0.010320048 -0.017846259 0.999703958 -0.012923003
1706586077.972369194 31.566541719 11.403034965 -2.386593114 0.001937409 -0.011045691 0.999824335 -0.015017918
1706586078.072611094 31.434221241 11.421632673 -2.386874134 -0.003549781 -0.004325852 0.999915375 -0.011744334
1706586078.172471523 31.305861669 11.418693462 -2.380193564 -0.012807417 -0.009464110 0.999837545 -0.008442948
1706586078.272309065 31.180048660 11.408724439 -2.368495744 -0.013046169 -0.020220944 0.999694260 -0.005683025
1706586078.371833086 31.064069432 11.409474442 -2.361504143 -0.011832166 -0.023663598 0.999642457 -0.003872067
1706586078.470458984 30.934797508 11.420700197 -2.364660697 -0.010747277 -0.018455101 0.999755755 -0.005686515
1706586078.569112778 30.820538687 11.439012564 -2.359054185 -0.006587278 -0.013322805 0.999889218 -0.000813900
1706586078.672885656 30.700906584 11.446143383 -2.364418190 -0.013151040 -0.013973689 0.999808403 0.003865716
1706586078.772715569 30.583588952 11.453575199 -2.365226116 -0.011490391 -0.014282754 0.999813517 0.006074878
1706586078.871544600 30.460522963 11.460893190 -2.362797367 -0.007310138 -0.013179582 0.999854386 0.008004241
1706586078.970179319 30.347233117 11.462166524 -2.367730683 -0.006056095 -0.015499431 0.999795973 0.011450013
1706586079.072225094 30.223713232 11.473467359 -2.369395577 -0.009364955 -0.017321559 0.999721773 0.012986085
1706586079.172866821 30.119154805 11.479093995 -2.372358036 -0.004571840 -0.023340440 0.999524405 0.019628723
1706586079.272698879 30.019231723 11.492531319 -2.377659049 -0.001784842 -0.019049182 0.999477176 0.026063722
1706586079.372541428 29.900607217 11.504197183 -2.381477851 -0.007523485 -0.017672655 0.999351661 0.030452134
1706586079.472383022 29.795755072 11.506817183 -2.382427484 -0.000615029 -0.020035778 0.999391374 0.028549446
1706586079.572224855 29.694304492 11.512548232 -2.387920901 -0.003359146 -0.021258189 0.999465498 0.024607389
1706586079.671452999 29.591182101 11.516627944 -2.383195244 -0.005821764 -0.021002097 0.999607125 0.017624262
1706586079.770083904 29.481548890 11.519782132 -2.378558915 -0.006168620 -0.020514381 0.999720039 0.010047461
1706586079.868745089 29.376989522 11.519922135 -2.376439300 -0.006014159 -0.020046744 0.999769349 0.004817244
1706586079.972372770 29.267768441 11.523335708 -2.375550663 -0.010423916 -0.021512774 0.999713989 0.000694948
1706586080.072204590 29.153135335 11.534042693 -2.373071205 -0.009995838 -0.020830291 0.999715067 -0.005997233
1706586080.171053410 29.034100361 11.537974448 -2.377764038 -0.008682070 -0.020892351 0.999682589 -0.011083864
1706586080.272675753 28.911936737 11.537053902 -2.378985977 -0.009458622 -0.019911307 0.999666412 -0.013458826
1706586080.372503519 28.786915135 11.536658401 -2.376613746 -0.010036932 -0.023005084 0.999609522 -0.012281248
1706586080.472353697 28.663788020 11.533099083 -2.382292901 -0.004239448 -0.023807264 0.999638234 -0.011774611
1706586080.572587252 28.540807533 11.531639780 -2.387098712 -0.007526232 -0.023179981 0.999663617 -0.008871155
1706586080.672425985 28.423284169 11.536998909 -2.384649936 -0.005199866 -0.021589526 0.999735123 -0.006044715
1706586080.772276878 28.306195372 11.543725663 -2.387095521 -0.011720445 -0.021686236 0.999694767 0.001646862
1706586080.872393608 28.191197652 11.547043716 -2.391210190 -0.016454630 -0.022760569 0.999567825 0.008681328
1706586080.971031904 28.097600599 11.553461427 -2.391509928 -0.015301949 -0.026937998 0.999365864 0.017551763
1706586081.069670916 27.990305577 11.559279855 -2.400764218 -0.018964778 -0.027915761 0.999165926 0.022989125
1706586081.168341398 27.890415097 11.581288285 -2.397173157 -0.017345653 -0.024279074 0.999122665 0.029386317
1706586081.272277832 27.789275284 11.601142795 -2.397675460 -0.014020426 -0.024837519 0.998918868 0.036709950
1706586081.372471333 27.692719298 11.613335059 -2.399361215 -0.005004294 -0.030494315 0.998605308 0.042807626
1706586081.471138000 27.589201988 11.631526811 -2.402467308 -0.004800182 -0.022519224 0.998678485 0.045946992
1706586081.572590828 27.480343533 11.650600400 -2.408216864 -0.003095250 -0.020576467 0.998456321 0.051497598
1706586081.672433376 27.377456591 11.663032891 -2.399301154 -0.003492261 -0.024117352 0.998272575 0.053460488
1706586081.772273064 27.277208813 11.677401254 -2.395727590 0.003644394 -0.025244912 0.998153216 0.055132293
1706586081.872907877 27.180404167 11.685249117 -2.397126121 0.004847073 -0.028558569 0.998077848 0.054786168
1706586081.972744465 27.079611530 11.692564078 -2.394795552 0.011692824 -0.030379814 0.998032962 0.053577532
1706586082.072579622 26.978613703 11.705401910 -2.389983011 0.017056733 -0.028917885 0.998262591 0.048421301
1706586082.172341347 26.879619804 11.722275709 -2.389597789 0.020968270 -0.023393436 0.998537457 0.044000295
1706586082.271010399 26.786568521 11.726982940 -2.380939427 0.021979702 -0.028323072 0.998407474 0.043556991
1706586082.369689941 26.686185611 11.727828641 -2.374695120 0.023605262 -0.033086070 0.998343211 0.040730054
1706586082.472766876 26.569879945 11.738842803 -2.372548392 0.021979430 -0.032094994 0.998515245 0.038132944
1706586082.572585106 26.455688668 11.750945624 -2.368075226 0.018939365 -0.030507017 0.998690069 0.036452265
1706586082.672028542 26.318293905 11.770676567 -2.363692332 0.015147968 -0.027923921 0.998889138 0.034803509
1706586082.770727158 26.183622423 11.783344923 -2.357762481 0.009926252 -0.028518838 0.998926265 0.035134924
1706586082.872908115 26.057711053 11.794458403 -2.351947984 0.006243813 -0.030646044 0.998905573 0.034777729
1706586082.972740889 25.940870631 11.806908070 -2.347050407 0.004240033 -0.029019161 0.999148662 0.029014852
1706586083.072587967 25.820263235 11.820072629 -2.349876557 -0.000794485 -0.024921892 0.999442002 0.022225047
1706586083.172431231 25.715459848 11.822236393 -2.347541264 -0.001663649 -0.025738075 0.999493879 0.018621746
1706586083.272266388 25.618347631 11.825551163 -2.347779790 0.001375166 -0.024434296 0.999593855 0.014601351
1706586083.372896910 25.517959093 11.833341740 -2.340423636 -0.001505428 -0.025347931 0.999563622 0.015092446
1706586083.471897125 25.430239801 11.835237064 -2.339449469 0.000499206 -0.027595856 0.999518097 0.014205418
1706586083.570573330 25.334132394 11.837218882 -2.340158748 0.003054795 -0.027460178 0.999522698 0.013819648
1706586083.669213772 25.233394963 11.846158035 -2.346174113 -0.004464129 -0.027369176 0.999529261 0.013124633
1706586083.772257328 25.111207918 11.853691707 -2.345723860 -0.006409006 -0.024252673 0.999609548 0.012307858
1706586083.872888327 24.978419576 11.864674272 -2.347749575 -0.009908511 -0.020353323 0.999678089 0.011457816
1706586083.971506119 24.846500088 11.873793334 -2.351544241 -0.008372099 -0.019060459 0.999737532 0.009564196
1706586084.070302010 24.724696995 11.880350680 -2.350472179 -0.015782738 -0.020725874 0.999633874 0.007311687
1706586084.172399998 24.609354138 11.878152426 -2.354529919 -0.005036677 -0.021690373 0.999751247 0.001266539
1706586084.272248507 24.479089304 11.878002472 -2.350090868 -0.008816183 -0.024088428 0.999669558 -0.001672345
1706586084.372871161 24.367537368 11.880437246 -2.348628584 -0.006631874 -0.021424472 0.999741634 -0.003698161
1706586084.472716808 24.253652286 11.887651233 -2.351540934 -0.008555161 -0.020392255 0.999742814 -0.005027087
1706586084.572567701 24.150126376 11.893499688 -2.350442749 -0.008230258 -0.022611439 0.999706257 -0.002895734
1706586084.672396421 24.040929360 11.891916423 -2.344434432 -0.006576850 -0.024811400 0.999666522 -0.002825498
1706586084.771546841 23.935521565 11.894729229 -2.349866855 -0.010211391 -0.022862734 0.999681219 -0.003237699
1706586084.870274067 23.838196436 11.904766199 -2.353032519 -0.005103617 -0.019648492 0.999789081 -0.003111697
1706586084.969014883 23.720579358 11.909077997 -2.356734592 -0.005526220 -0.021241437 0.999758953 -0.000545974
1706586085.072557688 23.613750164 11.919240209 -2.355417450 -0.005436730 -0.019667891 0.999790722 0.001459169
1706586085.172398567 23.500528552 11.929117083 -2.358344730 -0.005939555 -0.015558810 0.999850086 0.004738308
1706586085.271296263 23.393290891 11.935214250 -2.360206169 -0.002728277 -0.010592220 0.999907733 0.008055255
1706586085.372871637 23.282485917 11.935769124 -2.362974451 -0.006911883 -0.017156193 0.999750473 0.012525280
1706586085.472712278 23.173967240 11.947111248 -2.361531148 -0.005817505 -0.019296013 0.999647266 0.017296338
1706586085.572550297 23.052059263 11.963477042 -2.366279355 -0.009050839 -0.017962223 0.999494709 0.024612329
1706586085.672384739 22.909156182 11.976249549 -2.365089790 -0.008508207 -0.019859867 0.999293232 0.030760901
1706586085.772229671 22.796375239 11.994263223 -2.362665033 -0.008425746 -0.019618884 0.999083908 0.037087084
1706586085.872874022 22.683426134 12.009913018 -2.362576062 -0.004819388 -0.020871663 0.998741185 0.045356288
1706586085.972684145 22.577234373 12.021304053 -2.358815901 0.002799354 -0.022857240 0.998331777 0.052946881
1706586086.071435928 22.474844401 12.028759995 -2.355003830 0.008233342 -0.032252388 0.997635031 0.060136021
1706586086.170170784 22.359306073 12.050857579 -2.355273303 0.010850132 -0.026621143 0.997703103 0.061336023
1706586086.272603273 22.241703265 12.071482734 -2.353929836 0.009120831 -0.026508791 0.997695158 0.061793742
1706586086.372455835 22.122990426 12.088107980 -2.347212655 0.005830082 -0.029160413 0.997696003 0.060978412
1706586086.472282410 22.008634373 12.102078363 -2.348268428 0.004100957 -0.028354047 0.997804048 0.059718603
1706586086.571511745 21.901099392 12.119980581 -2.345544342 0.003114586 -0.027911232 0.997952374 0.057465838
1706586086.672759533 21.795627151 12.139472026 -2.347552653 0.004097400 -0.022114173 0.998150680 0.056474732
1706586086.772600174 21.702674054 12.148448455 -2.345521891 0.000122943 -0.024422672 0.998171640 0.055289201
1706586086.872421741 21.603326425 12.159813896 -2.345472256 -0.001395595 -0.027898761 0.998139874 0.054189519
1706586086.971863031 21.500071206 12.173784602 -2.349255437 -0.004192013 -0.025802652 0.998237843 0.053271566
1706586087.072883844 21.385027411 12.182417429 -2.352505826 -0.007699033 -0.028245729 0.998277158 0.050848993
1706586087.172726393 21.270508869 12.197885525 -2.350810336 -0.010222252 -0.023290334 0.998660308 0.045062790
1706586087.272327423 21.155851050 12.212932333 -2.354317905 -0.015163518 -0.019449286 0.998812502 0.042016407
1706586087.370996952 21.021047658 12.220153635 -2.356265935 -0.020720298 -0.024733284 0.998681165 0.039935759
1706586087.469696045 20.889926098 12.234082666 -2.357285835 -0.026561476 -0.025534173 0.998562827 0.038920107
1706586087.572901726 20.757608303 12.256986880 -2.361132515 -0.028759522 -0.019063741 0.998741782 0.036391149
1706586087.672732592 20.639994445 12.270546867 -2.365214674 -0.028150858 -0.018221729 0.998799502 0.035707873
1706586087.772555590 20.528292164 12.279657456 -2.364673580 -0.024830713 -0.021323994 0.998902151 0.033514396
1706586087.871289968 20.412352797 12.294228713 -2.372227988 -0.019506896 -0.017410533 0.999242746 0.028814741
1706586087.972238302 20.302550898 12.315232266 -2.389873047 -0.024092887 -0.006637582 0.999336325 0.026502527
1706586088.072860003 20.193584793 12.314477074 -2.397986871 -0.028145240 -0.006873436 0.999257855 0.025383869
1706586088.172706604 20.092869506 12.316955771 -2.393283431 -0.027732312 -0.009926212 0.999265721 0.024503243
1706586088.271609306 19.992848808 12.322240999 -2.392277033 -0.025634839 -0.013158595 0.999303280 0.023720476
1706586088.372390270 19.887291160 12.329507887 -2.397015045 -0.022126098 -0.015386952 0.999327257 0.024873893
1706586088.472243786 19.786843753 12.337520657 -2.402351088 -0.013710771 -0.014091719 0.999484692 0.025372990
1706586088.572105885 19.673771635 12.343657997 -2.410147622 -0.012260941 -0.017727385 0.999423665 0.026224912
1706586088.670874119 19.553643674 12.357082544 -2.414188542 -0.009520906 -0.016750312 0.999337342 0.030881333
1706586088.769657850 19.428633674 12.378357522 -2.414888276 -0.012746194 -0.016209862 0.999058438 0.038170836
1706586088.872396469 19.286826841 12.392053426 -2.416823206 -0.011709478 -0.021889825 0.998650798 0.045610393
1706586088.972246408 19.143263650 12.413599590 -2.421351885 -0.013390913 -0.020422250 0.998327261 0.052405101
1706586089.072748184 19.003488181 12.437548474 -2.421752465 -0.013211866 -0.019901280 0.997846759 0.061083803
1706586089.172724724 18.870845011 12.454781421 -2.417784037 -0.014848250 -0.028142324 0.997005258 0.070484428
1706586089.272565842 18.742705892 12.480010703 -2.416491529 -0.013259591 -0.031700583 0.996198829 0.080044666
1706586089.372404814 18.620323222 12.512491261 -2.417046208 -0.010915317 -0.027458055 0.995734315 0.087407578
1706586089.471668959 18.514710456 12.543953029 -2.419133411 -0.007042056 -0.024176936 0.995111127 0.095497277
1706586089.570265293 18.417096829 12.574309038 -2.413294512 -0.008566746 -0.027341110 0.994028638 0.105290743
1706586089.672731400 18.320489572 12.602569082 -2.414685822 -0.003539322 -0.024350168 0.993466112 0.111443379
1706586089.772561550 18.224210816 12.631289970 -2.421527159 -0.007027902 -0.024350581 0.992681536 0.118072121
1706586089.871891260 18.130517006 12.660299927 -2.419388966 -0.006491361 -0.020701305 0.992331201 0.121688561
1706586089.970737696 18.044246311 12.687488930 -2.416731601 -0.004603523 -0.020130821 0.991966611 0.124803049
1706586090.069561243 17.951170889 12.706099794 -2.417070885 -0.007031660 -0.020776917 0.992038898 0.124006852
1706586090.172713041 17.865581972 12.730352488 -2.417918435 -0.007708599 -0.019250097 0.992387436 0.121396822
1706586090.272545576 17.791941822 12.756491222 -2.418909138 -0.007649512 -0.018938262 0.992413407 0.121237191
1706586090.372381449 17.720657153 12.769435588 -2.416461492 -0.005792764 -0.025493262 0.992453542 0.119801942
1706586090.472228765 17.642151712 12.788143737 -2.416872819 -0.006535910 -0.026884037 0.992779722 0.116717410
1706586090.572855949 17.575414961 12.797656172 -2.417256537 -0.007623786 -0.024582919 0.993432121 0.111490711
1706586090.672467947 17.510413163 12.808897456 -2.415440579 -0.006638536 -0.024274129 0.994002150 0.106425668
1706586090.771181345 17.471608024 12.819014043 -2.413339300 -0.006328497 -0.026830134 0.994488607 0.101155844
1706586090.869920969 17.421940830 12.823256457 -2.416866285 -0.007041183 -0.025423327 0.995083147 0.095465217
1706586090.972220421 17.366284062 12.833830142 -2.416886961 -0.008520214 -0.027311472 0.995769496 0.087318955
1706586091.072863579 17.311423186 12.840095175 -2.414857873 -0.010238691 -0.025951205 0.996416293 0.079851580
1706586091.171736956 17.269912225 12.849851332 -2.410004375 -0.009875595 -0.028367984 0.996911190 0.072565895
1706586091.270581961 17.228587025 12.846933056 -2.411028557 -0.011085345 -0.028045232 0.997335178 0.066431337
1706586091.369495153 17.184086377 12.846896045 -2.414230490 -0.010448470 -0.026468675 0.997772781 0.060330058
1706586091.472240686 17.146455469 12.847379064 -2.415252778 -0.011097668 -0.027889395 0.998014412 0.055373795
1706586091.572880507 17.118442277 12.848115730 -2.417070190 -0.009629294 -0.025842439 0.998337264 0.050617714
1706586091.672721148 17.087128592 12.858722543 -2.413586855 -0.009243295 -0.026515232 0.998496213 0.047083077
1706586091.772551060 17.034909746 12.862173509 -2.413415459 -0.008577782 -0.027470647 0.998760976 0.040599233
1706586091.872400999 16.962398956 12.860871447 -2.423546766 -0.011337765 -0.029147407 0.998928354 0.034117840
1706586091.972229004 16.883092565 12.859019416 -2.423564314 -0.012572473 -0.029070322 0.999217531 0.023689124
1706586092.071723700 16.791232939 12.861369827 -2.425928569 -0.012739874 -0.027935064 0.999416318 0.014978374
1706586092.172724485 16.681934881 12.854266253 -2.432749894 -0.013778299 -0.029133860 0.999472595 0.003988593
1706586092.272579193 16.567277650 12.839693946 -2.432353651 -0.014571157 -0.033426869 0.999323555 -0.004770655
1706586092.372420311 16.450331961 12.837902220 -2.437124299 -0.015887098 -0.031460788 0.999286124 -0.013603704
1706586092.471534967 16.328252369 12.839725713 -2.438879835 -0.015798622 -0.028631443 0.999323408 -0.016833592
1706586092.570282221 16.202815544 12.829351312 -2.442403237 -0.017337563 -0.033624080 0.999022903 -0.022848854
1706586092.672707558 16.076799905 12.826501726 -2.448333379 -0.017852432 -0.032620354 0.998959483 -0.026403668
1706586092.772529125 15.969198234 12.829628622 -2.448481547 -0.019661403 -0.032681487 0.998893180 -0.027527517
1706586092.872361898 15.865895969 12.832025025 -2.445555160 -0.020073700 -0.033863438 0.998752008 -0.030736649
1706586092.972586870 15.770769497 12.833393920 -2.446450177 -0.019477865 -0.026569916 0.998870866 -0.034229313
1706586093.072438717 15.677947933 12.826899376 -2.449399986 -0.019390222 -0.031661080 0.998733301 -0.033961573
1706586093.172285080 15.596960712 12.823551184 -2.445547360 -0.018280237 -0.030776395 0.998730315 -0.035445786
1706586093.272922039 15.508074948 12.823686239 -2.448465099 -0.018519387 -0.030938711 0.998648742 -0.037423497
1706586093.372767687 15.428939672 12.821649482 -2.452477235 -0.017020768 -0.027862943 0.998805842 -0.036343352
1706586093.472612858 15.368356835 12.814384374 -2.454456047 -0.015238117 -0.030770155 0.998726782 -0.036956910
1706586093.572442532 15.287670091 12.807308202 -2.458860512 -0.018059432 -0.031912350 0.998704690 -0.035276058
1706586093.672276258 15.205363014 12.809454083 -2.460050977 -0.018597248 -0.030735062 0.998832068 -0.032310977
1706586093.771198273 15.118143774 12.806056450 -2.460196256 -0.017993998 -0.032073754 0.998913187 -0.028634521
1706586093.870006084 15.023991838 12.807439296 -2.465207622 -0.019146528 -0.034015046 0.998919221 -0.025234448
1706586093.972594976 14.920553708 12.813708323 -2.466909237 -0.019985973 -0.030877372 0.999085885 -0.021784006
1706586094.072432280 14.827195605 12.833248340 -2.462914881 -0.018938019 -0.028596731 0.999278985 -0.016281540
1706586094.172260761 14.733056653 12.828378603 -2.467860174 -0.019625555 -0.032588552 0.999234653 -0.009106723
1706586094.272898912 14.630878571 12.822648973 -2.468251528 -0.017135303 -0.039237993 0.999079693 -0.002555081
1706586094.372738600 14.530631337 12.822236306 -2.470520777 -0.015505139 -0.036798495 0.999196885 0.003323719
1706586094.472575188 14.426794670 12.822524977 -2.475174785 -0.015712169 -0.038413270 0.999082738 0.010546638
1706586094.571638346 14.322961743 12.825156705 -2.481252046 -0.013842821 -0.036259460 0.999116148 0.016141554
1706586094.669991493 14.216795609 12.843302759 -2.482197855 -0.012234186 -0.037364010 0.998959796 0.023099364
1706586094.772934914 14.111049567 12.858776880 -2.488156972 -0.012776398 -0.038663598 0.998726795 0.029777166
1706586094.872761488 14.004356377 12.878734189 -2.495396478 -0.013542849 -0.034306108 0.998702991 0.035100126
1706586094.972450495 13.918345334 12.894695333 -2.491457995 -0.010707800 -0.035197651 0.998576892 0.038609067
1706586095.071356535 13.828657989 12.896032884 -2.492481964 -0.010060221 -0.037483918 0.998380633 0.041591572
1706586095.170294762 13.738899281 12.902295532 -2.495684560 -0.011524260 -0.036080313 0.998460718 0.040516634
1706586095.272899151 13.650038431 12.920910999 -2.493553583 -0.010202779 -0.034399567 0.998593770 0.039026348
1706586095.372738600 13.565795885 12.930374844 -2.491498777 -0.009847410 -0.035200651 0.998625114 0.037574246
1706586095.472575188 13.476853728 12.939301765 -2.491488469 -0.009582311 -0.034800396 0.998684526 0.036418794
1706586095.572418690 13.402327173 12.942163763 -2.491538072 -0.010327857 -0.032015532 0.998821015 0.034998878
1706586095.672263384 13.341547190 12.946286495 -2.491100541 -0.011934059 -0.033040057 0.998780477 0.034691377
1706586095.772574902 13.272060351 12.956859340 -2.493324829 -0.011073047 -0.031668581 0.998813520 0.035299315
1706586095.871061563 13.193946208 12.965279000 -2.497071614 -0.009577826 -0.033011504 0.998796004 0.035000694
1706586095.972578287 13.110037982 12.968242013 -2.500703960 -0.010436153 -0.035036926 0.998744896 0.034236431
1706586096.072426319 13.024807364 12.972832227 -2.500994216 -0.010313362 -0.034864926 0.998763849 0.033894622
1706586096.172280550 12.924772160 12.983236341 -2.507054457 -0.010211748 -0.033191365 0.998865487 0.032585146
1706586096.272444010 12.827783784 12.981096738 -2.510361306 -0.010815016 -0.031311990 0.999029526 0.029027591
1706586096.371369839 12.729732995 12.991525900 -2.513614465 -0.010625232 -0.029692991 0.999254643 0.022261821
1706586096.472606897 12.635491995 12.999787434 -2.515536661 -0.012592323 -0.030599638 0.999331826 0.015524052
1706586096.572457075 12.554034473 12.991014573 -2.515824374 -0.010930695 -0.031496043 0.999410927 0.008143633
1706586096.672299862 12.474128146 12.995998609 -2.513916551 -0.013083757 -0.031974128 0.999402731 0.000807795
1706586096.772543430 12.394031063 12.997698392 -2.512932111 -0.014912275 -0.032180923 0.999351443 -0.006221338
1706586096.872395754 12.314643049 13.002816712 -2.509403050 -0.015298951 -0.029779500 0.999383679 -0.010553974
1706586096.972249508 12.216080815 13.003696302 -2.516087597 -0.019712290 -0.029314579 0.999268368 -0.014656375
1706586097.071988583 12.117071828 13.001186166 -2.517495721 -0.020352954 -0.029262029 0.999190828 -0.018632748
1706586097.170584679 12.016346054 12.993603269 -2.516101768 -0.019404386 -0.034694552 0.998934710 -0.023435065
1706586097.272560120 11.929631929 12.995627339 -2.514428826 -0.019115284 -0.033672069 0.998874719 -0.027387824
1706586097.372405529 11.822798696 12.995841864 -2.519984816 -0.019322078 -0.034328887 0.998810748 -0.028727592
1706586097.472246408 11.729779327 12.995770429 -2.519500408 -0.018282190 -0.037368711 0.998555486 -0.034004137
1706586097.572106361 11.637281149 13.003902858 -2.526577259 -0.013155951 -0.029967095 0.998808200 -0.036208757
1706586097.670789480 11.546708608 12.997182382 -2.531494965 -0.014519132 -0.026875008 0.998873219 -0.036321085
1706586097.772551775 11.445929603 12.991835715 -2.530599817 -0.013673410 -0.031733443 0.998713552 -0.037111563
1706586097.872395039 11.331885203 12.987954503 -2.541258644 -0.018332980 -0.030493612 0.998655490 -0.037699526
1706586097.972226858 11.232048436 12.981257513 -2.548816648 -0.022873053 -0.031321951 0.998420122 -0.040657331
1706586098.072867155 11.130849870 12.973637864 -2.555759454 -0.021210714 -0.029482786 0.998541673 -0.039942444
1706586098.172714233 11.029716242 12.970005480 -2.565117691 -0.025202911 -0.028283240 0.998517796 -0.039077902
1706586098.272562027 10.934057454 12.959192599 -2.568555341 -0.024234247 -0.030699097 0.998451330 -0.039562706
1706586098.371567726 10.856369342 12.949256066 -2.577272654 -0.026456832 -0.032065033 0.998236139 -0.042384911
1706586098.470188856 10.775361232 12.945468730 -2.582952110 -0.024601139 -0.025450716 0.998501393 -0.041737438
1706586098.572869778 10.686231551 12.946107032 -2.580142707 -0.020530952 -0.028378457 0.998562125 -0.040581089
1706586098.672700405 10.603867161 12.942979477 -2.578058090 -0.018188495 -0.027988251 0.998530153 -0.042700928
1706586098.772547483 10.523538052 12.949825086 -2.577213948 -0.016519384 -0.023330107 0.998797037 -0.039840869
1706586098.871558428 10.434536355 12.948879890 -2.575545512 -0.018590553 -0.026164851 0.998744553 -0.038459184
1706586098.970313072 10.361560670 12.944104318 -2.572901145 -0.013445428 -0.025318074 0.999030924 -0.033398029
1706586099.072862387 10.294616214 12.941496796 -2.576447902 -0.007040133 -0.025303234 0.999212897 -0.029728252
1706586099.172700644 10.218150869 12.946634735 -2.584966520 -0.010771620 -0.016805982 0.999472537 -0.025616004
1706586099.272557259 10.126290853 12.951598783 -2.593224463 -0.012584801 -0.008171382 0.999675655 -0.020577554
1706586099.372399807 10.025566590 12.953184002 -2.596572736 -0.014981695 -0.009627444 0.999755232 -0.013127753
1706586099.472236633 9.929283458 12.954990462 -2.609761902 -0.015193590 -0.010891869 0.999802228 -0.006784284
1706586099.572618961 9.832702837 12.964504578 -2.620040998 -0.019117315 -0.006759695 0.999793487 -0.001348097
1706586099.671183348 9.738154497 12.989479969 -2.629600528 -0.023299025 0.004638289 0.999716867 0.001351878
1706586099.769862413 9.645131656 13.017110952 -2.637670757 -0.019503971 0.014581669 0.999681935 0.006557304
1706586099.868480682 9.541804403 13.026098146 -2.645538168 -0.022892711 0.018920000 0.999495368 0.011267951
1706586099.972216845 9.446204902 13.022135066 -2.649934316 -0.019171986 0.014594644 0.999618956 0.013467558
1706586100.072864532 9.361715161 13.029735779 -2.652028306 -0.019725456 0.012306565 0.999585073 0.017004035
1706586100.172697783 9.282724680 13.035127367 -2.656035516 -0.020334200 0.012348211 0.999545596 0.018510627
1706586100.272545815 9.193862111 13.040108310 -2.655596088 -0.019627470 0.012808744 0.999608460 0.015284795
1706586100.372385740 9.115756498 13.045450066 -2.661122078 -0.021128025 0.016493803 0.999539477 0.014226550
1706586100.472233534 9.043936115 13.054635638 -2.666123448 -0.020729365 0.018910717 0.999518945 0.013211999
1706586100.572872162 8.978742784 13.056075650 -2.671179646 -0.023960375 0.016811477 0.999491823 0.012624235
1706586100.672710896 8.922500310 13.063051558 -2.674686115 -0.021147112 0.016889003 0.999558138 0.012291865
1706586100.772565365 8.846559864 13.071148507 -2.682885950 -0.022085896 0.016615701 0.999530045 0.013259752
1706586100.872183800 8.775228688 13.086274035 -2.685637107 -0.021563121 0.015775073 0.999574287 0.011722746
1706586100.970823526 8.715104738 13.095303404 -2.691368056 -0.022780386 0.015703044 0.999521398 0.013836306
1706586101.069485903 8.636355582 13.103698719 -2.686257485 -0.023881705 0.016112690 0.999486365 0.014037487
1706586101.172720194 8.554446140 13.116821074 -2.681994027 -0.025428789 0.019879858 0.999377189 0.014261887
1706586101.272550344 8.460906481 13.129614716 -2.687371348 -0.025768657 0.020079759 0.999328257 0.016607646
1706586101.372405052 8.373122364 13.128685074 -2.692990846 -0.024425242 0.022672442 0.999283062 0.017964661
1706586101.471216917 8.296606226 13.134978529 -2.698778431 -0.025040687 0.025787024 0.999174605 0.018923585
1706586101.572887182 8.211335327 13.139071833 -2.703555622 -0.024964196 0.027630450 0.999179604 0.015920607
1706586101.672728777 8.124884681 13.134139806 -2.713150270 -0.024658655 0.023471172 0.999366970 0.010330248
1706586101.772553205 8.044967341 13.143455161 -2.714645512 -0.020394901 0.028191605 0.999381704 0.005048967
1706586101.872401237 7.957674742 13.149539652 -2.719194829 -0.021544495 0.030127224 0.999313632 -0.000671107
1706586101.972244024 7.867322687 13.149295626 -2.728201865 -0.021876515 0.026821799 0.999389662 -0.004723574
1706586102.072897911 7.771163155 13.156030183 -2.729607346 -0.022679081 0.026613687 0.999356915 -0.007945311
1706586102.171365261 7.690409665 13.154853416 -2.738061870 -0.023046244 0.022210032 0.999432006 -0.010547567
1706586102.270551205 7.626248903 13.146764085 -2.740165816 -0.017319969 0.015403660 0.999661849 -0.011786975
1706586102.369228125 7.561788346 13.147065138 -2.744456297 -0.017706957 0.015926183 0.999622301 -0.013714064
1706586102.472249985 7.470323335 13.152439834 -2.740564028 -0.021479845 0.020005268 0.999427790 -0.016807657
1706586102.572874784 7.382383615 13.155953338 -2.744716823 -0.024513449 0.020524149 0.999367073 -0.015598185
1706586102.671558142 7.278725929 13.142151454 -2.749866473 -0.024489741 0.017845493 0.999351222 -0.019466023
1706586102.770303965 7.191654250 13.133414487 -2.747704208 -0.026986179 0.020764036 0.999247211 -0.018590637
1706586102.872393608 7.091852731 13.131241865 -2.750439139 -0.026763096 0.023740229 0.999080306 -0.023636413
1706586102.972215414 6.988841442 13.124403842 -2.759505843 -0.031700017 0.024129127 0.998761632 -0.029800960
1706586103.072840214 6.883875001 13.129125522 -2.763742933 -0.031476338 0.031593776 0.998382324 -0.035267656
1706586103.172690868 6.778855527 13.135774212 -2.771382195 -0.036465125 0.034822748 0.997931734 -0.039873855
1706586103.272534609 6.704885167 13.136370821 -2.774543350 -0.029365911 0.036156011 0.997955625 -0.043760227
1706586103.372377872 6.654342150 13.128866584 -2.779145707 -0.029437739 0.031677134 0.998093112 -0.044046773
1706586103.471532106 6.609241215 13.131263433 -2.777017386 -0.021333348 0.031674271 0.998272652 -0.044646841
1706586103.570237875 6.560220936 13.126577070 -2.775769371 -0.016213834 0.030592133 0.998460979 -0.043323276
1706586103.668933868 6.503116470 13.127338985 -2.777201675 -0.011860833 0.029801152 0.998625224 -0.041459298
1706586103.772543907 6.447726467 13.116496816 -2.778862509 -0.010040843 0.025122293 0.998951227 -0.036939099
1706586103.872372866 6.368895988 13.122671257 -2.780123964 -0.008865847 0.023978626 0.999064861 -0.034868680
1706586103.971115112 6.277133467 13.118926855 -2.780431131 -0.009850469 0.024910761 0.999118721 -0.032314152
1706586104.069877863 6.175502889 13.123607862 -2.790053963 -0.013088864 0.032410038 0.998833028 -0.033329472
1706586104.172695160 6.060246023 13.141164067 -2.802946809 -0.020292476 0.050566160 0.997915055 -0.034595103
1706586104.272530317 5.940700125 13.162239855 -2.812844022 -0.029549312 0.057932724 0.997202773 -0.036841117
1706586104.372368813 5.826348744 13.166720164 -2.818779951 -0.025679817 0.065570388 0.996758339 -0.038908683
1706586104.472602129 5.713013119 13.166275898 -2.820997553 -0.026583781 0.067123390 0.996580001 -0.040200178
1706586104.572431564 5.609643637 13.163246964 -2.832442985 -0.024065927 0.064680784 0.996875739 -0.038418587
1706586104.672276497 5.500940344 13.145040590 -2.825047181 -0.023779265 0.054696751 0.997364135 -0.041323058
1706586104.771177053 5.401805899 13.136175515 -2.825922380 -0.019658494 0.052979185 0.997437579 -0.043875115
1706586104.869790792 5.298957735 13.129638620 -2.834327385 -0.026070026 0.054823579 0.997022572 -0.047547027
1706586104.968483686 5.208237022 13.121112494 -2.836860014 -0.023975942 0.053002042 0.997026028 -0.050547370
1706586105.072439671 5.120328030 13.118814588 -2.839195031 -0.026854935 0.056206859 0.996733277 -0.051404040
1706586105.171960592 5.051515901 13.116202620 -2.836724469 -0.022799138 0.057249523 0.996927535 -0.048354753
1706586105.270734787 4.982339300 13.106293011 -2.840468842 -0.022757784 0.051673421 0.997347871 -0.045925652
1706586105.369522333 4.922429991 13.100850853 -2.842539546 -0.020796384 0.050245846 0.997536349 -0.044318142
1706586105.472603083 4.854741452 13.108178856 -2.847240853 -0.019437789 0.055962064 0.997451647 -0.039757160
1706586105.572454929 4.786080679 13.106166386 -2.849623198 -0.021072850 0.054383707 0.997690841 -0.034804208
1706586105.672295332 4.721763370 13.094102198 -2.848591146 -0.014829140 0.046298637 0.998389048 -0.029254756
1706586105.772532225 4.647894686 13.090760963 -2.848525795 -0.016009126 0.042293936 0.998618916 -0.026743067
1706586105.872362852 4.574456210 13.092795597 -2.847368218 -0.012565361 0.042549339 0.998818843 -0.019813751
1706586105.972227335 4.483032156 13.087368322 -2.855424610 -0.016805455 0.042587630 0.998797680 -0.017523266
1706586106.070937157 4.395223614 13.085828947 -2.858370515 -0.016627054 0.035810992 0.999138836 -0.012755421
1706586106.169606686 4.297924891 13.084436128 -2.864837154 -0.017817814 0.034659540 0.999196353 -0.009375015
1706586106.272904873 4.195121723 13.092303346 -2.863618806 -0.017291363 0.039943108 0.999043049 -0.004306198
1706586106.372731447 4.094636603 13.100371760 -2.867280820 -0.018654695 0.039061207 0.999062135 0.001036975
1706586106.472059965 3.980866626 13.103756285 -2.872444197 -0.016487162 0.037127710 0.999140889 0.008197017
1706586106.570879221 3.874573660 13.105782488 -2.873171086 -0.016527354 0.027800863 0.999365421 0.014923606
1706586106.672262192 3.764498597 13.107871473 -2.876796436 -0.017072592 0.021237079 0.999410994 0.020860912
1706586106.772900581 3.654134275 13.125357441 -2.877200495 -0.014859093 0.024469245 0.999225891 0.026983014
1706586106.872720003 3.544973357 13.143463306 -2.882528896 -0.018270142 0.029771959 0.998786838 0.034708574
1706586106.971400738 3.436408129 13.158134625 -2.887466731 -0.021795326 0.030029914 0.998531761 0.039465042
1706586107.072437525 3.336477350 13.159337543 -2.893157237 -0.023121660 0.025058457 0.998326185 0.046714999
1706586107.172266245 3.243915149 13.172521068 -2.892394020 -0.021034340 0.023566763 0.998126673 0.052395701
1706586107.271931648 3.155430984 13.193506473 -2.897399339 -0.019964302 0.025205223 0.997855591 0.057011779
1706586107.370677471 3.076205895 13.211161412 -2.900598131 -0.018768908 0.026998161 0.997603309 0.060880751
1706586107.469460964 3.005220534 13.227376603 -2.904879022 -0.015027188 0.024847039 0.997439316 0.065357618
1706586107.572450876 2.929249557 13.239377220 -2.909002073 -0.015182387 0.023786015 0.997211660 0.069084193
1706586107.672286987 2.858879247 13.252754809 -2.912992377 -0.012745282 0.021936935 0.996997353 0.073161511
1706586107.772654772 2.785733731 13.268586073 -2.920122212 -0.012020007 0.021947764 0.996614958 0.078309902
1706586107.872741938 2.709867801 13.285129705 -2.919498522 -0.011887810 0.021121184 0.996384874 0.081423328
1706586107.972579718 2.637249092 13.303320228 -2.916107102 -0.010759845 0.017891838 0.996114459 0.085557536
1706586108.072413206 2.554318680 13.326735741 -2.917562350 -0.010909037 0.021078022 0.995717703 0.089347442
1706586108.172268391 2.463363560 13.345441653 -2.917528136 -0.009765622 0.019032651 0.995267724 0.094786860
1706586108.272915363 2.365770877 13.364171358 -2.919501448 -0.006170665 0.009870771 0.995009546 0.099098403
1706586108.372746706 2.256800290 13.390217622 -2.924244619 -0.008758257 0.008346011 0.994459061 0.104426113
1706586108.472588778 2.138861136 13.417515474 -2.928424522 -0.009091397 0.007174550 0.994087593 0.107961707
1706586108.571864843 2.022212617 13.449579721 -2.929835682 -0.006743986 0.003746557 0.993660800 0.112154791
1706586108.670608997 1.911233519 13.469162011 -2.925903216 -0.008094132 -0.001078331 0.993069777 0.117242227
1706586108.769443750 1.807562882 13.488519453 -2.921602514 -0.005475294 -0.007172827 0.992718621 0.120117904
1706586108.872720480 1.699629074 13.511444110 -2.920069466 -0.002015720 -0.011768626 0.992653934 0.120397689
1706586108.972566605 1.607646344 13.532868633 -2.914015873 -0.001747210 -0.014797920 0.992697998 0.119702353
1706586109.072401524 1.521307212 13.554029952 -2.914136603 0.001402722 -0.016094541 0.993084764 0.116282629
1706586109.172255516 1.436012531 13.576801349 -2.911881430 -0.001292989 -0.016538527 0.993365459 0.113797496
1706586109.272880316 1.358670383 13.594072006 -2.913760023 0.001533103 -0.016088031 0.993841148 0.109629365
1706586109.372410536 1.283851647 13.611748133 -2.913371950 0.001070302 -0.015525382 0.994067719 0.107643799
1706586109.471567631 1.206871769 13.621329118 -2.908043770 0.004015651 -0.020542485 0.994322294 0.104331476
1706586109.570284843 1.123199714 13.632248207 -2.908621726 0.004508857 -0.022148890 0.994784356 0.099464472
1706586109.672235966 1.030174566 13.646668622 -2.906556539 0.002810713 -0.024059881 0.995124693 0.095603700
1706586109.772863865 0.921590069 13.666670871 -2.905077059 0.004872105 -0.021526689 0.995672232 0.090275523
1706586109.871818781 0.821861180 13.682542824 -2.905597989 0.005647919 -0.023440107 0.995950198 0.086613313
1706586109.970566273 0.703473939 13.703414627 -2.905688378 0.002508741 -0.023494851 0.996476045 0.080480987
1706586110.069355011 0.587085844 13.731280902 -2.908948130 -0.004872423 -0.018612625 0.997009200 0.074849742
1706586110.172231913 0.472768088 13.751612368 -2.909559706 -0.009755784 -0.016215217 0.997456882 0.068714332
1706586110.272863865 0.367029282 13.765751108 -2.908366645 -0.007757925 -0.020718569 0.997789358 0.062665397
1706586110.372690678 0.257143806 13.776599244 -2.915127833 -0.016706895 -0.019200394 0.997904480 0.059488436
1706586110.472525835 0.155151842 13.794737299 -2.921197449 -0.014802183 -0.013405341 0.998413078 0.052654703
1706586110.572365999 0.043932701 13.811060796 -2.934288999 -0.023033300 -0.010192594 0.998501314 0.048587069
1706586110.672592163 -0.050709629 13.819885346 -2.925580507 -0.011866841 -0.014596682 0.998811682 0.044959298
1706586110.771488190 -0.145927419 13.832257982 -2.925450040 -0.016975510 -0.018265244 0.998356797 0.051593791
1706586110.870112181 -0.247352942 13.846436695 -2.927908600 -0.019715169 -0.017355386 0.998115646 0.055455022
1706586110.972906828 -0.352415914 13.877744297 -2.939128389 -0.027219027 -0.006863398 0.997935375 0.057766827
1706586111.072660685 -0.449151545 13.909215834 -2.946718892 -0.029250373 -0.000936502 0.997461643 0.064913859
1706586111.171481848 -0.555523331 13.917533873 -2.946957892 -0.029274451 -0.009259273 0.997126501 0.069253261
1706586111.270220995 -0.662718923 13.930529640 -2.955862115 -0.038630915 -0.010335742 0.996911682 0.067586415
1706586111.369153738 -0.753353841 13.951454422 -2.963961496 -0.036604636 -0.005679461 0.997099525 0.066485954
1706586111.472885847 -0.845741080 13.975428287 -2.976262790 -0.037303401 0.000767222 0.997424856 0.061249684
1706586111.572732210 -0.929076559 13.989596760 -2.983881326 -0.033939967 0.006156143 0.997933133 0.054218465
1706586111.672577858 -1.001033499 13.995356591 -2.992590789 -0.035779318 0.008016174 0.998081147 0.049895940
1706586111.772411823 -1.064273699 14.004950814 -2.993537349 -0.035245858 0.009880295 0.998326329 0.044773320
1706586111.872256279 -1.124330528 14.006779261 -2.995650482 -0.036491157 0.008954849 0.998455371 0.040927725
1706586111.972539902 -1.180932221 14.008877830 -2.995629672 -0.035689414 0.003386282 0.998647645 0.037652102
1706586112.071312189 -1.238964053 14.005419685 -2.994374594 -0.035357841 0.004683652 0.998804344 0.033433057
1706586112.172577858 -1.291514257 14.013126203 -2.996620074 -0.035784925 0.006497731 0.998883142 0.030161034
1706586112.272410393 -1.347327305 14.007912741 -3.005678132 -0.030731189 0.002560470 0.999163406 0.026861234
1706586112.372238398 -1.409926721 14.005143977 -3.006213942 -0.028253630 -0.000698062 0.999298087 0.024588170
1706586112.471446037 -1.481358990 14.007194713 -3.008790307 -0.029721985 -0.000442603 0.999350458 0.020373280
1706586112.570449114 -1.562663523 14.009147613 -3.014095413 -0.028178192 0.001027973 0.999460500 0.016841649
1706586112.672535181 -1.659614871 14.016712652 -3.022157343 -0.029831356 0.002835924 0.999474659 0.012347229
1706586112.772379637 -1.759447900 14.019499173 -3.025798857 -0.030308643 0.003933520 0.999497093 0.008454297
1706586112.872217655 -1.870455211 14.024675394 -3.023484674 -0.028903716 0.001561819 0.999557779 0.006810493
1706586112.972850561 -1.981212937 14.038656409 -3.028244262 -0.033344993 0.003199368 0.999414778 0.006926521
1706586113.072698832 -2.082655340 14.050270528 -3.038177958 -0.032073074 0.009046312 0.999389539 0.010489547
1706586113.172357559 -2.191764708 14.061775241 -3.047967897 -0.035013218 0.013866018 0.999237031 0.010352003
1706586113.271762848 -2.300899830 14.070170905 -3.059498896 -0.034757164 0.017323408 0.999163432 0.012817000
1706586113.369755745 -2.401540136 14.072638304 -3.063106559 -0.039032285 0.013468271 0.999026957 0.015499210
1706586113.472459078 -2.497594819 14.077695002 -3.071082769 -0.040114987 0.009788828 0.998958277 0.019424914
1706586113.572310448 -2.574651476 14.091656754 -3.081259613 -0.040300387 0.014925634 0.998796625 0.023630615
1706586113.672494173 -2.639286187 14.101955237 -3.087185751 -0.037926503 0.016254605 0.998753640 0.028080847
1706586113.771428823 -2.689573251 14.111824354 -3.080461975 -0.040409642 0.011256734 0.998669010 0.030009240
1706586113.870477200 -2.715949825 14.120160690 -3.078104470 -0.039206470 0.010832632 0.998752701 0.028957704
1706586113.972831011 -2.741743124 14.131974662 -3.080414689 -0.037747493 0.013604633 0.998769329 0.029152497
1706586114.072675228 -2.748613908 14.130207505 -3.080259362 -0.036729007 0.009932472 0.998830120 0.029844888
1706586114.172492266 -2.750405744 14.128362136 -3.083232865 -0.036734837 0.008704538 0.998833050 0.030121768
1706586114.272331953 -2.742249741 14.124002674 -3.083216480 -0.036605619 0.010270359 0.998839191 0.029577338
1706586114.372569084 -2.732866076 14.122062584 -3.086827106 -0.036045983 0.008434963 0.998882070 0.029396405
1706586114.472408533 -2.723395265 14.116788572 -3.087722693 -0.036225974 0.010421603 0.998866401 0.029068559
1706586114.570980072 -2.722344879 14.118860474 -3.089691101 -0.036243341 0.010520491 0.998867220 0.028983039
1706586114.672879696 -2.719228132 14.115859391 -3.089549414 -0.036367322 0.010313904 0.998865457 0.028962742
1706586114.772725105 -2.717318702 14.119549611 -3.086205510 -0.036739346 0.009499795 0.998867431 0.028702442
1706586114.872576237 -2.720522333 14.119491396 -3.085791207 -0.036706617 0.009773050 0.998865163 0.028731490
1706586114.972423077 -2.721834091 14.117477096 -3.081535146 -0.036797386 0.010793808 0.998853777 0.028645747
1706586115.071614981 -2.719270026 14.121181020 -3.079610913 -0.036986578 0.008953982 0.998861304 0.028773521
1706586115.172901392 -2.721382909 14.119550658 -3.081122500 -0.036739229 0.010587801 0.998851555 0.028873823
1706586115.272747278 -2.718621368 14.117898621 -3.082234208 -0.036744948 0.009756444 0.998856127 0.029001009
1706586115.372587919 -2.724311869 14.117254042 -3.084132656 -0.036756933 0.008993571 0.998863223 0.028988022
1706586115.472427607 -2.727084621 14.113552542 -3.084646485 -0.036693859 0.010346288 0.998845472 0.029227342
1706586115.572248936 -2.725580405 14.115692417 -3.086985479 -0.036781246 0.009704663 0.998855946 0.028978590
1706586115.672896624 -2.727483828 14.112808239 -3.085829616 -0.036649357 0.009777889 0.998850401 0.029310312
1706586115.772003174 -2.731215835 14.115968361 -3.086417725 -0.036742067 0.010498073 0.998849540 0.028972525
1706586115.870547295 -2.725856032 14.116671164 -3.088705424 -0.036729689 0.009078037 0.998866204 0.028893354
1706586115.972404480 -2.720540552 14.118258885 -3.084812143 -0.036849061 0.009113314 0.998857314 0.029037230
1706586116.072251320 -2.723435143 14.120319552 -3.085191740 -0.036545882 0.009913861 0.998866211 0.028851456
1706586116.172910452 -2.723709013 14.118792531 -3.083275852 -0.036631380 0.011353924 0.998853280 0.028659302
1706586116.272675276 -2.723262019 14.118188985 -3.081188173 -0.036879197 0.009200476 0.998857174 0.028976221
1706586116.372007132 -2.724393752 14.117758174 -3.082324314 -0.036670266 0.010355920 0.998857917 0.028825463
1706586116.472409487 -2.719416309 14.116671178 -3.081392676 -0.036819107 0.010222995 0.998850435 0.028942233
1706586116.572252035 -2.723442814 14.115453152 -3.085846864 -0.036649722 0.009476187 0.998859943 0.029082866
1706586116.672888756 -2.721614132 14.114467592 -3.086328883 -0.036624935 0.009531721 0.998858423 0.029148092
1706586116.772708178 -2.719864173 14.115999359 -3.087004953 -0.036737888 0.007993149 0.998868203 0.029133329
1706586116.872556925 -2.727089980 14.117539548 -3.086425210 -0.036652939 0.009843351 0.998859607 0.028968196
1706586116.972393513 -2.729082376 14.117689769 -3.085095066 -0.036786543 0.009163132 0.998859875 0.029012715
1706586117.071566820 -2.727597346 14.117308293 -3.086672254 -0.036656233 0.009480635 0.998862508 0.028984955
1706586117.170166731 -2.728441928 14.117772233 -3.088564558 -0.036408336 0.008382572 0.998875933 0.029172518
1706586117.272520065 -2.724016914 14.119245327 -3.085642057 -0.036579572 0.009263259 0.998870480 0.028877180
1706586117.372560740 -2.718208058 14.119301699 -3.081702804 -0.036605673 0.011176201 0.998853222 0.028763824
1706586117.472404242 -2.711298613 14.122496772 -3.078607672 -0.036854696 0.009961374 0.998855832 0.028801543
1706586117.572233438 -2.713522337 14.119555702 -3.079162808 -0.036910170 0.009789175 0.998856256 0.028774834
1706586117.672871351 -2.714646237 14.119351250 -3.079683748 -0.036753941 0.009781153 0.998857847 0.028921939
1706586117.772721052 -2.724396099 14.118108679 -3.082984574 -0.036551463 0.009751760 0.998868309 0.028826972
1706586117.872555494 -2.724544230 14.119690397 -3.080937239 -0.036674995 0.009850772 0.998860180 0.028917959
1706586117.972384691 -2.728941450 14.116151439 -3.085657542 -0.036583740 0.009622402 0.998863487 0.028996103
1706586118.072218418 -2.733879574 14.115084889 -3.086563596 -0.036571722 0.010374964 0.998853644 0.029090655
1706586118.172860146 -2.740647574 14.116836648 -3.090972426 -0.036641550 0.008298877 0.998874044 0.028968439
1706586118.272601604 -2.736611866 14.116861805 -3.091217005 -0.036503469 0.010201750 0.998865696 0.028822607
1706586118.371191502 -2.736880196 14.113562508 -3.090488666 -0.036392960 0.009796322 0.998860984 0.029262918
1706586118.469832897 -2.731602615 14.116273406 -3.089003223 -0.036564263 0.009433438 0.998865717 0.029005919
1706586118.568465233 -2.726998264 14.117634570 -3.086008980 -0.036528192 0.009769131 0.998863492 0.029016876
1706586118.672875166 -2.722124440 14.115624721 -3.085352829 -0.036146410 0.011928783 0.998855798 0.028952311
1706586118.772725582 -2.714971951 14.114918143 -3.085945925 -0.036459687 0.009304251 0.998875001 0.028859226
1706586118.871807098 -2.714000763 14.117268814 -3.084518525 -0.036561356 0.009650132 0.998866474 0.028912102
1706586118.972398281 -2.716797688 14.115435395 -3.084222915 -0.036605209 0.009605256 0.998867977 0.028819476
1706586119.072235346 -2.711379171 14.116241107 -3.082273389 -0.036714624 0.009472853 0.998861622 0.028944125
1706586119.172885656 -2.716759958 14.116351129 -3.083185584 -0.036814836 0.007729480 0.998867691 0.029124900
1706586119.272736549 -2.722078130 14.116382708 -3.083486955 -0.036631285 0.009452727 0.998861024 0.029076624
1706586119.372579575 -2.729340937 14.114681643 -3.086837709 -0.036544216 0.008786348 0.998863701 0.029302351
1706586119.472417593 -2.732916445 14.113545770 -3.085442940 -0.036564802 0.010413208 0.998850813 0.029182769
1706586119.572208643 -2.731449462 14.111948524 -3.087320733 -0.036511610 0.009335489 0.998862526 0.029213084
1706586119.670849800 -2.729571136 14.113252692 -3.087017487 -0.036507459 0.009201323 0.998863540 0.029226175
1706586119.769494534 -2.728363461 14.112498538 -3.086051767 -0.036622664 0.008802525 0.998870438 0.028967991
1706586119.872572899 -2.726292826 14.114917796 -3.086322456 -0.036249898 0.010596126 0.998869277 0.028876192
1706586119.972411871 -2.719769674 14.113431551 -3.084536313 -0.036451581 0.010162867 0.998862007 0.029029109
1706586120.072257757 -2.717912632 14.115209804 -3.084897388 -0.036471333 0.009950960 0.998865349 0.028962636
1706586120.172900438 -2.723886604 14.117519548 -3.087075092 -0.036239988 0.010235326 0.998876799 0.028758347
1706586120.272728682 -2.725335196 14.116915838 -3.085686444 -0.036602751 0.009276367 0.998860934 0.029172269
1706586120.372574568 -2.729408231 14.115161161 -3.087679674 -0.036426372 0.009165511 0.998869965 0.029118807
1706586120.472410917 -2.726917290 14.117095578 -3.089018473 -0.036344303 0.010799417 0.998866514 0.028777610
1706586120.572238684 -2.729887933 14.117437201 -3.091440321 -0.036487298 0.008693288 0.998873480 0.029066728
1706586120.672871590 -2.737294786 14.114707681 -3.090338918 -0.036359308 0.010633427 0.998855821 0.029188684
1706586120.772708654 -2.725037539 14.114502354 -3.088511365 -0.036394309 0.009713504 0.998867619 0.029061688
1706586120.871865749 -2.729666497 14.114908990 -3.086512499 -0.036537343 0.010025645 0.998857905 0.029110037
1706586120.970515966 -2.729058116 14.113798570 -3.084433162 -0.036535124 0.010012749 0.998859949 0.029047049
1706586121.069185972 -2.728010008 14.115584802 -3.084630183 -0.036530343 0.010225058 0.998856407 0.029100882
1706586121.172892332 -2.725943362 14.115768772 -3.085899803 -0.036672237 0.008463628 0.998871510 0.028969301
1706586121.272746563 -2.724069856 14.117040267 -3.088015472 -0.036352429 0.009732983 0.998868035 0.029093290
1706586121.372406960 -2.727021232 14.115233650 -3.087761895 -0.036300054 0.010515244 0.998869908 0.028820869
1706586121.472435236 -2.725588147 14.115502259 -3.089501722 -0.036344139 0.009404175 0.998866663 0.029258425
1706586121.572265387 -2.728756924 14.115047258 -3.089701427 -0.036265340 0.010024228 0.998870256 0.029026730
1706586121.672889471 -2.727335570 14.114527421 -3.090182012 -0.036277525 0.009358973 0.998874024 0.029103860
1706586121.772731781 -2.723861452 14.114649023 -3.092147723 -0.036341903 0.008697571 0.998881516 0.028971281
1706586121.872574568 -2.730190971 14.113860021 -3.088244634 -0.036334942 0.011438234 0.998852529 0.029026939
1706586121.972424030 -2.730538414 14.111975598 -3.085056833 -0.036423276 0.010155161 0.998853881 0.029345233
1706586122.072266340 -2.737889097 14.113385681 -3.085457257 -0.036626941 0.009355706 0.998861349 0.029102288
1706586122.171550751 -2.734088939 14.116277203 -3.083617070 -0.036785127 0.008324313 0.998861966 0.029194753
1706586122.270209074 -2.731033923 14.116666995 -3.084228580 -0.036520962 0.009857347 0.998864537 0.028960111
1706586122.368904114 -2.729270629 14.115204599 -3.083577363 -0.036876224 0.008574830 0.998861340 0.029028247
1706586122.472414255 -2.730567447 14.116067175 -3.087201720 -0.036378941 0.010508519 0.998859019 0.029099877
1706586122.572254658 -2.726061754 14.113257466 -3.086787130 -0.036521680 0.009309679 0.998865697 0.029100107
1706586122.672128677 -2.725594386 14.114517883 -3.089920026 -0.036197791 0.010518519 0.998864394 0.029137648
1706586122.772737265 -2.726657825 14.113670157 -3.090224596 -0.036437730 0.010057171 0.998864612 0.028993658
1706586122.872564793 -2.722693693 14.115532163 -3.089880574 -0.036535847 0.009389681 0.998866775 0.029019511
1706586122.972427845 -2.723290815 14.116173491 -3.092130834 -0.036318259 0.009192129 0.998874216 0.029099664
1706586123.072281837 -2.721002517 14.113303975 -3.087541317 -0.036478878 0.010171849 0.998860607 0.029039852
1706586123.172916174 -2.721897248 14.113447704 -3.086242764 -0.036581215 0.010271650 0.998859184 0.028924693
1706586123.272766829 -2.726384816 14.112502613 -3.086130096 -0.036455308 0.010562842 0.998858355 0.029007317
1706586123.372565985 -2.722911497 14.113305009 -3.084286983 -0.036496417 0.010140308 0.998858751 0.029092623
1706586123.471242666 -2.728860904 14.116476172 -3.085942012 -0.036544038 0.008945572 0.998867279 0.029131940
1706586123.569923878 -2.728100193 14.115178135 -3.084257689 -0.036617261 0.008629094 0.998860061 0.029381864
1706586123.672904730 -2.728242168 14.115378731 -3.089066365 -0.036276752 0.008418477 0.998878779 0.029228599
1706586123.772754192 -2.723147864 14.112276148 -3.087903152 -0.036456087 0.009593512 0.998869175 0.028970482
1706586123.872574806 -2.722565857 14.113912559 -3.089116209 -0.036270208 0.009723752 0.998868237 0.029191866
1706586123.971954584 -2.720527134 14.112211815 -3.090751654 -0.036275699 0.010247046 0.998864959 0.029118131
1706586124.072267056 -2.720123767 14.112795343 -3.089758059 -0.036359208 0.009137507 0.998869359 0.029232145
1706586124.172908545 -2.718488671 14.115931193 -3.087399645 -0.036292045 0.010655448 0.998866036 0.028913509
1706586124.272757530 -2.722494073 14.116801088 -3.088528233 -0.036249804 0.010654609 0.998867317 0.028922565
1706586124.371950388 -2.724924504 14.115188938 -3.087448851 -0.036488307 0.009330193 0.998868673 0.029033165
1706586124.472453356 -2.726909818 14.112932554 -3.086729703 -0.036555114 0.010343505 0.998856582 0.029021772
1706586124.572273970 -2.723336175 14.114254325 -3.085994313 -0.036657885 0.008875321 0.998864749 0.029097094
1706586124.672255516 -2.728858917 14.113481829 -3.087029605 -0.036441923 0.009884608 0.998857973 0.029275080
1706586124.770970106 -2.724035657 14.113986283 -3.086507035 -0.036382961 0.009763713 0.998865585 0.029128920
1706586124.869673967 -2.726383427 14.113583131 -3.089727468 -0.036480213 0.007907806 0.998870796 0.029390356
1706586124.972431660 -2.724613766 14.111119433 -3.089181575 -0.036431991 0.010227983 0.998859801 0.029106646
1706586125.072281361 -2.725262742 14.111795711 -3.087466590 -0.036197488 0.009983832 0.998866697 0.029246983
1706586125.172896385 -2.728396738 14.114061026 -3.088351139 -0.036478722 0.009234454 0.998866686 0.029143968
1706586125.272749901 -2.731911018 14.115326141 -3.091755147 -0.036359192 0.008316634 0.998878410 0.029167882
1706586125.372578859 -2.728631947 14.116125472 -3.091013545 -0.036285831 0.009993702 0.998870799 0.028992960
1706586125.472429514 -2.728031158 14.117455756 -3.087761116 -0.036523725 0.009947934 0.998861190 0.029040995
1706586125.572277069 -2.723881822 14.116613563 -3.087601268 -0.036406895 0.009517448 0.998866729 0.029141263
1706586125.672915697 -2.720800878 14.114393104 -3.085536068 -0.036583470 0.010032658 0.998859782 0.028985003
1706586125.772773743 -2.717550948 14.118478762 -3.082676412 -0.036847169 0.008598303 0.998866995 0.028863171
1706586125.872628927 -2.721302004 14.115982102 -3.085277571 -0.036329106 0.009710376 0.998869697 0.029072906
1706586125.971996069 -2.721518409 14.117128334 -3.083377418 -0.036548664 0.009526739 0.998865656 0.028997214
1706586126.070703983 -2.725141961 14.113990098 -3.085708800 -0.036504383 0.008362217 0.998867670 0.029340780
1706586126.169456244 -2.727349406 14.112662057 -3.088245726 -0.036407872 0.009724261 0.998855858 0.029442840
1706586126.272373915 -2.728805843 14.113394528 -3.089343884 -0.036376899 0.009141041 0.998867591 0.029269424
1706586126.372211933 -2.729533583 14.115203587 -3.089237912 -0.036447580 0.009014720 0.998872507 0.029052096
1706586126.472840309 -2.737957893 14.115516474 -3.088505202 -0.036654818 0.008264370 0.998868457 0.029153575
1706586126.572691917 -2.739590784 14.117631471 -3.090696782 -0.036189217 0.010063787 0.998875123 0.028940460
1706586126.672531128 -2.735429535 14.117726249 -3.088841318 -0.036424924 0.009776196 0.998865210 0.029085103
1706586126.772380352 -2.726921433 14.117056280 -3.089375952 -0.036336828 0.009561207 0.998871633 0.029046162
1706586126.872230291 -2.723425274 14.114658161 -3.088810865 -0.036412715 0.009783577 0.998865726 0.029080200
1706586126.972852945 -2.719749678 14.117170372 -3.085888760 -0.036490718 0.009107799 0.998869496 0.029072431
1706586127.072700739 -2.722010270 14.116089938 -3.085945124 -0.036315639 0.010270279 0.998867200 0.028982985
1706586127.172544003 -2.711778045 14.116106105 -3.083541498 -0.036317877 0.009737656 0.998868086 0.029133097
1706586127.271738768 -2.715812389 14.116545040 -3.084584262 -0.036501210 0.009503012 0.998868603 0.028963234
1706586127.370484591 -2.720275541 14.117561334 -3.083548271 -0.036652526 0.008842846 0.998864471 0.029123267
1706586127.469269037 -2.717605474 14.115390258 -3.085276799 -0.036570896 0.009461315 0.998862408 0.029102294
1706586127.572732687 -2.725677389 14.114330271 -3.084096071 -0.036455550 0.011064721 0.998850151 0.029102234
1706586127.672573805 -2.731263530 14.116251590 -3.086395952 -0.036531967 0.008617758 0.998866462 0.029273555
1706586127.772412062 -2.730940616 14.116514093 -3.087881368 -0.036390055 0.009596363 0.998865070 0.029193239
1706586127.872264147 -2.729244055 14.117386801 -3.086940759 -0.036668901 0.008921549 0.998866877 0.028995857
1706586127.972904921 -2.724924526 14.116570424 -3.090002386 -0.036035350 0.011569713 0.998862282 0.029012695
1706586128.072739124 -2.722228423 14.116713291 -3.088024954 -0.036620078 0.008673277 0.998868409 0.029079977
1706586128.171950579 -2.718353441 14.117036249 -3.087774619 -0.036252631 0.010130862 0.998868136 0.029078512
1706586128.270580530 -2.716230149 14.115105601 -3.087666535 -0.036442393 0.010183825 0.998864653 0.028942124
1706586128.372259378 -2.714009803 14.115909864 -3.086233816 -0.036504906 0.008952469 0.998870255 0.029076771
1706586128.472816229 -2.721258498 14.116330203 -3.088968539 -0.036465843 0.008634294 0.998874221 0.029085781
1706586128.571547508 -2.719720770 14.115986976 -3.089198539 -0.036426177 0.008899320 0.998866717 0.029312404
1706586128.670341730 -2.721061964 14.115263759 -3.089316556 -0.036377574 0.009390137 0.998870952 0.029074372
1706586128.769154072 -2.724917773 14.116130377 -3.088457193 -0.036292314 0.010570100 0.998862185 0.029077079
1706586128.872252226 -2.721669779 14.115852814 -3.090190694 -0.036153908 0.009367706 0.998872160 0.029318076
1706586128.972889423 -2.729501712 14.116207488 -3.087762227 -0.036316574 0.010526859 0.998866487 0.028914216
1706586129.072743654 -2.730752760 14.115552735 -3.084814746 -0.036544329 0.009753447 0.998860824 0.029093579
1706586129.172592878 -2.726856917 14.115190252 -3.084505810 -0.036321565 0.010220461 0.998860884 0.029209931
1706586129.272429228 -2.726386049 14.115125415 -3.083021251 -0.036620909 0.008862839 0.998866896 0.029073754
1706586129.372267246 -2.724214173 14.117490837 -3.082986362 -0.036386813 0.010807747 0.998859296 0.028970670
1706586129.471610785 -2.722166028 14.114918002 -3.083932863 -0.036352282 0.011169879 0.998858414 0.028907001
1706586129.572742224 -2.721278144 14.116655371 -3.086626396 -0.036411309 0.008893405 0.998866388 0.029343862
1706586129.672581434 -2.723160294 14.114723597 -3.090281851 -0.036311683 0.010081108 0.998868286 0.029016904
1706586129.772428751 -2.718894612 14.118388827 -3.090014006 -0.036423691 0.009436546 0.998872646 0.028943120
1706586129.871372223 -2.717207945 14.120128617 -3.088718496 -0.036498525 0.007933181 0.998883610 0.028921558
1706586129.970191717 -2.720267596 14.118710710 -3.085179559 -0.036420405 0.010733475 0.998857854 0.029005746
1706586130.072731018 -2.717581039 14.114358939 -3.088010375 -0.036176201 0.009038720 0.998876569 0.029243516
1706586130.172580957 -2.729731193 14.113074763 -3.085785090 -0.036276924 0.011411433 0.998851669 0.029139436
1706586130.272423983 -2.729443502 14.113071676 -3.086523798 -0.036505625 0.009555990 0.998859856 0.029240561
1706586130.372276545 -2.728614758 14.112510050 -3.087664880 -0.036300639 0.010212794 0.998860019 0.029268141
1706586130.472911596 -2.724261652 14.114709557 -3.084791835 -0.036750149 0.008470819 0.998861148 0.029224616
1706586130.572748899 -2.720334777 14.115838223 -3.086259866 -0.036252616 0.010246555 0.998870751 0.028947859
1706586130.672599316 -2.720467033 14.114346152 -3.085349032 -0.036683333 0.008266666 0.998865550 0.029216572
1706586130.771337509 -2.723166498 14.113919123 -3.089019437 -0.036207597 0.009646998 0.998870902 0.029203864
1706586130.872276545 -2.717067159 14.113475567 -3.089065057 -0.036434911 0.009365212 0.998868221 0.029104415
1706586130.972915649 -2.716287767 14.115049056 -3.087906627 -0.036377590 0.009632589 0.998865082 0.029196429
1706586131.072409630 -2.718078708 14.117330330 -3.089531158 -0.036436029 0.008023272 0.998882603 0.029010134
1706586131.171255112 -2.718540205 14.116972398 -3.088140630 -0.036210956 0.009684797 0.998873711 0.029090899
1706586131.270154715 -2.717435175 14.115094638 -3.086968243 -0.036382457 0.009933447 0.998866549 0.029038945
1706586131.372281790 -2.726497802 14.114539418 -3.086136778 -0.036603895 0.010229165 0.998853789 0.029096859
1706586131.472913265 -2.725478069 14.115679324 -3.086172050 -0.036352061 0.009829946 0.998862348 0.029255918
1706586131.572775602 -2.728132607 14.114343202 -3.084065791 -0.036412189 0.010215093 0.998857683 0.029208443
1706586131.672610760 -2.725872491 14.113576226 -3.084264273 -0.036477014 0.010222233 0.998858101 0.029110608
1706586131.772452116 -2.722168776 14.117480893 -3.084315766 -0.036572760 0.009081732 0.998866207 0.029090472
1706586131.872270823 -2.720607112 14.117523031 -3.083068204 -0.036774453 0.007600751 0.998869302 0.029154524
1706586131.972360849 -2.722050454 14.119520733 -3.085965878 -0.036363165 0.009897700 0.998867871 0.029029837
1706586132.070210218 -2.716599552 14.117906411 -3.084377798 -0.036552001 0.010124861 0.998864036 0.028845737
1706586132.172585487 -2.717692293 14.118775596 -3.088325349 -0.036337925 0.009854545 0.998871492 0.028951442
1706586132.272425890 -2.718529295 14.115233044 -3.090710741 -0.036183693 0.010747171 0.998871053 0.028841948
1706586132.372264624 -2.717953730 14.113938379 -3.090042351 -0.036332825 0.009109617 0.998867581 0.029334208
1706586132.471198082 -2.721484167 14.114197361 -3.090778856 -0.036234919 0.009110441 0.998877858 0.029104231
1706586132.570141554 -2.723466498 14.116681065 -3.084077876 -0.036664334 0.010469086 0.998853706 0.028937851
1706586132.672578812 -2.724230003 14.117322034 -3.082279843 -0.036515743 0.009959898 0.998858986 0.029122606
1706586132.772435188 -2.730652557 14.116693260 -3.082351119 -0.036386414 0.010287529 0.998856112 0.029268819
1706586132.872282028 -2.730191963 14.116598020 -3.083010187 -0.036570989 0.010157416 0.998858672 0.028995553
1706586132.972925425 -2.730759354 14.117289100 -3.085697699 -0.036426589 0.008844503 0.998869632 0.029229040
1706586133.072764397 -2.728599520 14.116443370 -3.086137827 -0.036628699 0.008710081 0.998862240 0.029269409
1706586133.172618389 -2.726638504 14.117085087 -3.087685813 -0.036302173 0.008616333 0.998879087 0.029128677
1706586133.271194220 -2.721658836 14.114936073 -3.087395557 -0.036530410 0.008866351 0.998867716 0.029158251
1706586133.369629860 -2.720180443 14.117017123 -3.090065699 -0.036427424 0.009528435 0.998868576 0.029048579
1706586133.472529173 -2.715403638 14.117006877 -3.087820535 -0.036447728 0.009792527 0.998869991 0.028886157
1706586133.572371483 -2.710572778 14.117276985 -3.085449299 -0.036303356 0.010361368 0.998865742 0.029016151
1706586133.672206163 -2.712290878 14.119489184 -3.085723634 -0.036463638 0.009035160 0.998872154 0.029037701
1706586133.771226883 -2.714223257 14.118600459 -3.083007964 -0.036532456 0.010165138 0.998861841 0.028932190
1706586133.872693300 -2.717135077 14.117533791 -3.082822693 -0.036467233 0.009418226 0.998866253 0.029114378
1706586133.972539425 -2.720777229 14.115719680 -3.084293687 -0.036335697 0.010343995 0.998861527 0.029126759
1706586134.072368145 -2.717576706 14.115961899 -3.082128274 -0.036554059 0.010153747 0.998856254 0.029101300
1706586134.172604561 -2.721843787 14.113709949 -3.086729601 -0.036357050 0.009040829 0.998865062 0.029411154
1706586134.272456169 -2.722187788 14.115150653 -3.087404471 -0.036434150 0.009728846 0.998862292 0.029189444
1706586134.372300625 -2.723901601 14.117500539 -3.087292910 -0.036738424 0.008309988 0.998864852 0.029158876
1706586134.472187996 -2.724294220 14.117151554 -3.086030844 -0.036632833 0.009246663 0.998865732 0.028979016
1706586134.570630789 -2.726564805 14.116607499 -3.087565731 -0.036400946 0.008872336 0.998871461 0.029190008
1706586134.669198990 -2.723342085 14.116932194 -3.087348947 -0.036372540 0.010070696 0.998871223 0.028842658
1706586134.772841692 -2.722288505 14.116259350 -3.089058870 -0.036219091 0.009749829 0.998873208 0.029076309
1706586134.872682810 -2.718621231 14.116935997 -3.089062920 -0.036284693 0.010008181 0.998868906 0.029054550
1706586134.972300291 -2.713877998 14.116212619 -3.087132053 -0.036308308 0.009977047 0.998867558 0.029082058
1706586135.071383715 -2.714875458 14.116637104 -3.086813788 -0.036413296 0.009484449 0.998867605 0.029113979
1706586135.172597408 -2.710233451 14.116491548 -3.084790063 -0.036355214 0.010174490 0.998863400 0.029097860
1706586135.272436142 -2.707459785 14.117895723 -3.083667073 -0.036491921 0.009543462 0.998867594 0.028996394
1706586135.372280598 -2.716685994 14.117105466 -3.085508063 -0.036288058 0.010230325 0.998865657 0.029084647
1706586135.472928047 -2.714838732 14.117101678 -3.082932835 -0.036568082 0.009754493 0.998856237 0.029220597
1706586135.572777510 -2.719755951 14.113534019 -3.085728186 -0.036556230 0.008925878 0.998862553 0.029284308
1706586135.672619343 -2.725419561 14.112706281 -3.086110949 -0.036437122 0.009635804 0.998859045 0.029327371
1706586135.771671772 -2.725002153 14.117505144 -3.085648780 -0.036694585 0.008235229 0.998867092 0.029158535
1706586135.870229959 -2.726233550 14.118369153 -3.087015774 -0.036560165 0.008484491 0.998871513 0.029104428
1706586135.972541571 -2.725776857 14.115603982 -3.088925092 -0.036311759 0.009398516 0.998872268 0.029108711
1706586136.072385550 -2.720029084 14.117286904 -3.089832038 -0.036296194 0.009262361 0.998875583 0.029057953
1706586136.172236443 -2.718656618 14.116433750 -3.087827691 -0.036230831 0.009837785 0.998872573 0.029053860
1706586136.272455931 -2.712686614 14.115899262 -3.086583856 -0.036264984 0.011058327 0.998860294 0.028994431
1706586136.371875763 -2.713880113 14.113947210 -3.087513773 -0.036069730 0.011357951 0.998866119 0.028921410
1706586136.472567081 -2.714878320 14.113573292 -3.085803360 -0.036353051 0.009828319 0.998865256 0.029155795
1706586136.572417259 -2.715737166 14.115785996 -3.085838022 -0.036499184 0.008767122 0.998871065 0.029112590
1706586136.672271490 -2.713890103 14.117254652 -3.086784389 -0.036538609 0.009453186 0.998863864 0.029095514
1706586136.772917986 -2.721218922 14.115142873 -3.090689317 -0.036398189 0.008710462 0.998872040 0.029222390
1706586136.872766733 -2.726527832 14.116702074 -3.087464362 -0.036656382 0.009204481 0.998860955 0.029126966
1706586136.972609997 -2.725309421 14.114611827 -3.088512142 -0.036436283 0.009314329 0.998863144 0.029292675
1706586137.071264744 -2.729601527 14.114903605 -3.087035562 -0.036481022 0.010223259 0.998860617 0.029018757
1706586137.169865608 -2.732126804 14.112997864 -3.089861162 -0.036238385 0.008783187 0.998871748 0.029408622
1706586137.272922039 -2.726553124 14.116227799 -3.089999878 -0.036238449 0.009714933 0.998873094 0.029067806
1706586137.372751951 -2.723686419 14.116482146 -3.085771916 -0.036621349 0.009045547 0.998864088 0.029113358
1706586137.472590923 -2.722692072 14.115430046 -3.088808909 -0.036027063 0.010886958 0.998868474 0.029073980
1706586137.572280407 -2.714178777 14.113304288 -3.088413946 -0.036379179 0.009825441 0.998867541 0.029045695
1706586137.672270775 -2.713991579 14.115707350 -3.088544689 -0.036361553 0.009660352 0.998863559 0.029259270
1706586137.772913218 -2.715753063 14.115531071 -3.090131410 -0.035878452 0.011009744 0.998875433 0.028972254
