1709437142.611411572 0.086729506 0.134489640 -0.008414676 -0.001523837 -0.000649785 -0.009297991 0.999955401
1709437142.714954138 0.034583705 0.244337272 -0.012847389 -0.001049468 -0.000436133 -0.007381076 0.999972114
1709437142.814933777 0.021512140 0.269401210 -0.010841943 -0.001318024 -0.000510861 -0.009612689 0.999952798
1709437142.914747000 0.005001327 0.202751891 -0.001044856 -0.001023910 -0.000211795 -0.010126685 0.999948177
1709437143.014541864 0.000691966 0.247336918 0.001613915 -0.000916859 -0.000191712 -0.008652524 0.999962128
1709437143.113637686 0.050336658 0.260990364 -0.000150884 -0.000549946 -0.000133913 -0.007746512 0.999969835
1709437143.215078831 0.073358393 0.239184278 -0.002839810 -0.000921965 -0.000282417 -0.007990132 0.999967613
1709437143.314280510 0.073690328 0.269563162 -0.002672790 -0.001089344 -0.000240214 -0.008399575 0.999964101
1709437143.413081646 0.078322550 0.223604944 0.000511836 -0.000458410 -0.000072102 -0.005951703 0.999982181
1709437143.511959076 0.097822191 0.213717155 -0.002714426 -0.001078759 -0.000325947 -0.007603292 0.999970460
1709437143.614814758 0.070778575 0.226110885 -0.006397531 -0.001021540 -0.000362130 -0.008317070 0.999964825
1709437143.713732958 0.056081199 0.223093756 -0.002701453 -0.001172127 -0.000127631 -0.007806498 0.999968834
1709437143.812387228 0.069271668 0.205967232 -0.004149118 -0.001426908 -0.000399615 -0.008541156 0.999962426
1709437143.911052465 0.042927516 0.218498201 -0.003909346 -0.000795215 -0.000285486 -0.007578576 0.999970925
1709437144.014974833 0.053116178 0.242483059 -0.009192964 -0.001113636 -0.000544066 -0.008886820 0.999959743
1709437144.114813805 0.044453516 0.232658434 -0.007142332 -0.000699590 -0.000316729 -0.008190797 0.999966160
1709437144.214656591 0.042745282 0.249243860 -0.005484926 -0.000932520 -0.000319526 -0.008911270 0.999959808
1709437144.314492702 0.046739913 0.264875851 -0.002976169 -0.001298518 -0.000209919 -0.008904727 0.999959487
1709437144.414335966 0.033322826 0.269813243 -0.002671642 -0.001299341 -0.000319907 -0.009154505 0.999957201
1709437144.514983892 0.034068454 0.272343172 -0.004455974 -0.000964938 -0.000286033 -0.008746608 0.999961241
1709437144.614151716 0.025288312 0.263859990 -0.005161706 -0.000945280 -0.000246501 -0.008161028 0.999966221
1709437144.713009357 0.042470657 0.262478159 -0.003234322 -0.000646412 -0.000202083 -0.008051649 0.999967356
1709437144.811952591 0.045475914 0.253739329 -0.006283849 -0.001368677 -0.000424931 -0.008721492 0.999960940
1709437144.914852142 0.053228400 0.262024389 -0.006634836 -0.000864150 -0.000314609 -0.008593748 0.999962650
1709437145.013446569 0.052927174 0.245759895 -0.003714289 -0.000881287 -0.000220650 -0.008493810 0.999963514
1709437145.112061262 0.064508530 0.246639012 -0.002550905 -0.000479000 -0.000279017 -0.008048102 0.999967460
1709437145.210782290 0.064184338 0.230909614 -0.001994155 -0.001034822 -0.000327123 -0.008398733 0.999964141
1709437145.309447527 0.066211222 0.236847170 -0.004552411 -0.001373705 -0.000305487 -0.008885896 0.999959529
1709437145.415149689 0.087369783 0.243621391 -0.008825715 -0.001441389 -0.000558322 -0.008662579 0.999961284
1709437145.514974594 0.085474656 0.250964162 -0.009066778 -0.000189454 -0.000448221 -0.008611888 0.999962799
1709437145.614790678 0.066143588 0.251111494 -0.005611457 -0.001462328 -0.000302703 -0.008890290 0.999959366
1709437145.714637995 0.063739679 0.254405778 -0.003012626 -0.001062007 -0.000301113 -0.008768308 0.999960948
1709437145.814484596 0.061582900 0.231727397 -0.003075765 -0.001032283 -0.000319365 -0.008209718 0.999965716
1709437145.914095163 0.053097713 0.219794256 -0.007235393 -0.001866746 -0.000487642 -0.008599816 0.999961160
1709437146.013010979 0.056366321 0.228660789 -0.011023028 -0.000778550 -0.000559424 -0.007923335 0.999968150
1709437146.111982584 0.059812703 0.253581732 -0.008437051 -0.001081841 -0.000322776 -0.008525256 0.999963022
1709437146.214465857 0.066791557 0.268392335 -0.007440878 -0.000854289 -0.000399261 -0.008619693 0.999962405
1709437146.313104630 0.059462759 0.276391411 -0.010952302 -0.000928383 -0.000492825 -0.008910645 0.999959747
1709437146.411764622 0.049285388 0.236546505 -0.008218908 -0.002067896 -0.000326967 -0.008725866 0.999959737
1709437146.510384798 0.089261619 0.253872876 -0.006632382 -0.001093647 -0.000382253 -0.009338350 0.999955726
1709437146.614834309 0.064202536 0.245278889 -0.004436963 -0.001090750 -0.000337103 -0.007996196 0.999967378
1709437146.714291573 0.066563806 0.235462039 -0.002844204 -0.001288853 -0.000289759 -0.008906301 0.999959466
1709437146.812725306 0.068116587 0.246979827 -0.003559536 -0.001415291 -0.000376962 -0.008441016 0.999963301
1709437146.915044308 0.074828693 0.243518493 -0.005881642 -0.000931816 -0.000410352 -0.008782201 0.999960917
1709437147.014962435 0.073072692 0.221292825 -0.004914638 -0.000997685 -0.000418117 -0.008581822 0.999962590
1709437147.114813566 0.071950330 0.225575927 -0.000064452 -0.001165063 -0.000102747 -0.008550174 0.999962763
1709437147.214107990 0.060390308 0.220717529 -0.001691801 -0.001267857 -0.000359691 -0.008204729 0.999965472
1709437147.313088417 0.044221961 0.236898202 -0.000937747 -0.000833939 -0.000179820 -0.008634985 0.999962354
1709437147.415116310 0.064076785 0.221956352 -0.008091106 -0.000863952 -0.000470206 -0.008026748 0.999967301
1709437147.514153957 0.060616668 0.229669345 -0.007307656 -0.000566192 -0.000391924 -0.008270508 0.999965562
1709437147.612803936 0.063845894 0.225388196 -0.005030434 -0.001077358 -0.000408171 -0.008154867 0.999966085
1709437147.711472750 0.067532043 0.237777155 -0.001957764 -0.000931924 -0.000284599 -0.008943274 0.999959533
1709437147.810153008 0.057051590 0.236161299 -0.001901069 -0.001191305 -0.000211259 -0.008550483 0.999962712
1709437147.915096283 0.058915922 0.240520381 -0.003061394 -0.001093266 -0.000312985 -0.008557646 0.999962736
1709437148.013761044 0.043065445 0.229818925 -0.003698437 -0.000764440 -0.000312053 -0.007974597 0.999967862
1709437148.112304688 0.081587173 0.260340439 -0.000552579 -0.001022966 -0.000138172 -0.008862825 0.999960192
1709437148.214617491 0.099692417 0.277839332 -0.005277378 -0.001256218 -0.000487849 -0.009236390 0.999956436
1709437148.314449072 0.081476611 0.275993897 -0.008731172 -0.001061979 -0.000508230 -0.008958720 0.999959177
1709437148.415088415 0.084120102 0.276603802 -0.010904484 -0.001034080 -0.000563263 -0.009263295 0.999956401
1709437148.514161110 0.068468603 0.264790011 -0.008998126 -0.001090456 -0.000359056 -0.008730091 0.999961233
1709437148.613203526 0.059038227 0.270927616 -0.005578600 -0.000720359 -0.000357759 -0.008444817 0.999964018
1709437148.714600325 0.048941428 0.274918580 -0.007328079 -0.000919950 -0.000496260 -0.008858930 0.999960213
1709437148.813838005 0.055139052 0.250958402 -0.002072996 -0.000735699 -0.000186070 -0.008625711 0.999962510
1709437148.912489176 0.051654480 0.234464883 -0.000563368 -0.000935354 -0.000230202 -0.008505599 0.999963363
1709437149.011179686 0.048543963 0.238151961 0.003338678 -0.000722890 -0.000041000 -0.008915376 0.999959995
1709437149.109868050 0.049654995 0.229012938 0.001154084 -0.000937214 -0.000242337 -0.008344400 0.999964716
1709437149.214642286 0.040740495 0.227655829 -0.002039421 -0.001013436 -0.000231651 -0.008299734 0.999965016
1709437149.313336372 0.032899157 0.214457840 0.000503302 -0.000328059 -0.000141180 -0.008156429 0.999966672
1709437149.415116072 0.043468929 0.222889594 -0.000872286 -0.001001147 -0.000177398 -0.008371294 0.999964443
1709437149.514950037 0.047045371 0.215272466 -0.003040810 -0.001391547 -0.000302332 -0.008701282 0.999961129
1709437149.614771128 0.056497138 0.219097066 -0.006693498 -0.001221901 -0.000330664 -0.008395468 0.999963956
1709437149.714614630 0.073716443 0.217496952 -0.007585499 -0.001111387 -0.000380557 -0.008610654 0.999962238
1709437149.814291716 0.067427375 0.212887592 -0.007486601 -0.001090052 -0.000345083 -0.008314754 0.999964778
1709437149.913389444 0.079480725 0.227169650 -0.006297976 -0.001113191 -0.000406162 -0.008268930 0.999965110
1709437150.014899969 0.091647123 0.231063606 -0.004457224 -0.000975181 -0.000321287 -0.008540575 0.999963002
1709437150.113547564 0.081929436 0.235298689 -0.002536307 -0.000797494 -0.000210644 -0.008244662 0.999965672
1709437150.212234259 0.081491493 0.242426665 -0.000772616 -0.001227378 -0.000223146 -0.008649561 0.999961814
1709437150.310902596 0.072418797 0.241017114 -0.001227116 -0.000805663 -0.000306067 -0.008380850 0.999964509
1709437150.415082216 0.066709384 0.256399315 -0.003539538 -0.001316236 -0.000272208 -0.008461496 0.999963298
1709437150.514365911 0.062098717 0.260025814 -0.005294127 -0.000980160 -0.000289495 -0.008688894 0.999961729
1709437150.612956524 0.049833558 0.258422099 -0.008764745 -0.001216959 -0.000451290 -0.008712018 0.999961207
1709437150.711578131 0.054402165 0.246073059 -0.005176886 -0.001063070 -0.000387794 -0.008729207 0.999961259
1709437150.814436913 0.060139765 0.248024480 -0.004184942 -0.000531464 -0.000734739 -0.008608858 0.999962532
1709437150.915089369 0.064479459 0.242249251 -0.001945847 -0.000489116 -0.000966127 -0.008761304 0.999961033
1709437151.014925718 0.078653425 0.252010372 -0.000855620 -0.000313980 -0.001211715 -0.008167836 0.999965859
1709437151.114529371 0.091003975 0.242441874 -0.003476746 -0.001499249 -0.002321832 -0.008175138 0.999962764
1709437151.214578152 0.104938683 0.232902488 -0.000760331 -0.001044472 -0.003598907 -0.007458395 0.999965164
1709437151.314540386 0.129050883 0.242514639 0.002125134 -0.001171029 -0.005915703 -0.007340551 0.999954874
1709437151.413217306 0.171353574 0.217921163 0.001003332 0.000860992 -0.005805641 -0.006371012 0.999962481
1709437151.511898756 0.223519176 0.221100206 0.004643098 0.003036810 -0.004797371 -0.004240965 0.999974888
1709437151.610733509 0.278097182 0.198358729 0.004110061 0.007501074 -0.008297529 -0.004227968 0.999928502
1709437151.714974880 0.341074828 0.210962162 0.010107991 0.002529815 -0.012239354 -0.005205978 0.999908344
1709437151.814080954 0.412891835 0.221459813 0.021127041 -0.006121051 -0.010328634 -0.002723416 0.999924215
1709437151.912698984 0.455635571 0.181924248 0.025477324 0.002289919 -0.009242699 -0.000481903 0.999954547
1709437152.011324644 0.577144091 0.181342855 0.021906170 0.008547948 -0.006007699 -0.000007766 0.999945419
1709437152.115083694 0.704601668 0.211576302 0.023212460 -0.006405117 -0.000442086 -0.005106258 0.999966352
1709437152.214916229 0.824814383 0.213332807 0.026839123 -0.009946994 0.003060194 -0.001467498 0.999944768
1709437152.314775229 0.970727224 0.199459252 0.038585457 -0.008426473 0.007710578 -0.003122804 0.999929892
1709437152.414620876 1.101884486 0.233360048 0.036591702 -0.007752218 0.002343478 -0.000928274 0.999966774
1709437152.514465809 1.230356670 0.229054617 0.043051310 -0.006713882 0.000798213 -0.002646318 0.999973641
1709437152.614355564 1.390262958 0.239492630 0.052727228 -0.011806220 0.004207231 -0.005124177 0.999908323
1709437152.713128090 1.556877404 0.242960483 0.063059316 -0.008767341 -0.003193227 -0.004472572 0.999946465
1709437152.811863899 1.720775203 0.230068328 0.061710848 -0.000448780 -0.002387755 -0.003222052 0.999991858
1709437152.910613537 1.887860055 0.206948252 0.060340798 0.000605992 -0.009241712 -0.001580724 0.999955861
1709437153.014471292 2.071995805 0.210995474 0.065359500 0.002974084 0.000068459 -0.003622103 0.999989015
1709437153.113638401 2.258557139 0.223229458 0.063738359 -0.002327233 0.010300225 -0.003824144 0.999936931
1709437153.212270498 2.438145464 0.238749899 0.073085831 -0.005202495 0.009904989 -0.004203504 0.999928575
1709437153.310933352 2.636282195 0.245831100 0.084287674 -0.004043397 0.012054202 0.009178566 0.999877043
1709437153.414618731 2.870397501 0.248097894 0.081038338 0.007456888 0.006042483 0.030856963 0.999477729
1709437153.514415026 3.070957288 0.247589514 0.082428108 0.011020998 0.015777154 0.053834030 0.998364421
1709437153.615119457 3.248096868 0.254739385 0.096986693 0.013896016 0.009810691 0.102303502 0.994607784
1709437153.714956284 3.452126189 0.326468074 0.100425841 0.005636353 0.006807090 0.142240907 0.989792614
1709437153.814795732 3.661795256 0.421477762 0.108207157 0.004662742 0.001786315 0.183239129 0.983055690
1709437153.914375782 3.882735844 0.505763059 0.097806203 -0.001642246 0.020257895 0.215852507 0.976214431
1709437154.013254166 4.092033324 0.632912977 0.107261301 -0.007543711 0.028172177 0.257289544 0.965894151
1709437154.111958265 4.293225973 0.764289051 0.102756780 -0.001709444 0.026420440 0.292831348 0.955797489
1709437154.210900545 4.456013948 0.868687147 0.100446181 -0.001709883 0.027638595 0.307847861 0.951032533
1709437154.314536572 4.638277180 0.999039884 0.093833819 -0.011115477 0.034239455 0.314071594 0.948716575
1709437154.413121223 4.804162126 1.142930520 0.082401265 -0.017605833 0.041865329 0.319251263 0.946581196
1709437154.511807680 4.947220872 1.271935800 0.080156347 -0.019674373 0.036714542 0.312377624 0.949044352
1709437154.615102291 5.094032554 1.365682920 0.083871078 -0.025649994 0.022831169 0.296230489 0.954498985
1709437154.714883089 5.224110099 1.466956836 0.093874825 -0.034034690 0.006196266 0.273535694 0.961239549
1709437154.813668489 5.379474392 1.558015146 0.089734788 -0.039920346 0.014575747 0.245346183 0.968503570
1709437154.912065744 5.504858258 1.612165399 0.086593519 -0.034614069 0.007793823 0.212155319 0.976591646
1709437155.014472723 5.670872808 1.605917458 0.086879781 -0.026257573 0.015580962 0.184895034 0.982283869
1709437155.115109205 5.796365504 1.623121843 0.074522164 -0.015988996 0.022708978 0.155918992 0.987379320
1709437155.214264631 5.886024135 1.620147583 0.082843696 -0.011649484 0.025337247 0.118020627 0.992619487
1709437155.313265800 5.992372312 1.616532948 0.085876581 -0.014838813 0.028635021 0.085887315 0.995782714
1709437155.411994219 6.081235690 1.602386296 0.095391287 -0.014794683 0.015994806 0.050137216 0.998504654
1709437155.511069059 6.158059256 1.625863380 0.093197525 -0.020046794 0.014939422 0.019148597 0.999504012
1709437155.614259481 6.240050626 1.637596200 0.085843476 -0.020068192 0.021216133 -0.001773116 0.999571908
1709437155.713012934 6.297230997 1.658630512 0.087660664 -0.012085589 0.006684537 -0.018683746 0.999730050
1709437155.811715841 6.350744959 1.641694585 0.097150871 -0.010511945 0.004745349 -0.033271167 0.999379813
1709437155.914635658 6.412414266 1.639613509 0.093270058 -0.017746724 0.005630856 -0.051446388 0.998502187
1709437156.014472008 6.481024379 1.636293040 0.099474094 -0.017841680 0.015897546 -0.070843243 0.997201172
1709437156.113086224 6.520188214 1.625651081 0.100988865 -0.016308610 0.003650973 -0.101162513 0.994729534
1709437156.214946985 6.579816935 1.581698899 0.104099515 -0.011472214 -0.002208115 -0.131063717 0.991305107
1709437156.314801693 6.647389568 1.547935576 0.094124110 -0.002715856 0.008739853 -0.158815743 0.987265820
1709437156.414618015 6.697542704 1.514781131 0.104929118 -0.004321090 0.013599282 -0.199711840 0.979750769
1709437156.514187574 6.761616010 1.514779032 0.125535743 -0.019899594 0.009832119 -0.242307216 0.969945642
1709437156.613204241 6.793731799 1.504680599 0.136743925 -0.016628871 0.014809390 -0.264891198 0.964021170
1709437156.712115049 6.832078532 1.444737978 0.133040461 -0.007425616 0.004456154 -0.299393281 0.954090492
1709437156.814789295 6.862702176 1.366788439 0.127737156 -0.002092119 -0.004516485 -0.331947476 0.943284738
1709437156.914053917 6.939790756 1.283275641 0.142221427 -0.003016762 -0.002206539 -0.351517085 0.936174006
1709437157.012797356 7.010411461 1.184245080 0.127745320 -0.016867576 -0.010147657 -0.350095600 0.936507117
1709437157.111435175 7.084197510 1.126318666 0.134224079 -0.001695524 -0.005132699 -0.338575784 0.940923599
1709437157.214959383 7.194104951 1.069714580 0.159080564 0.000603897 0.015499608 -0.335733338 0.941829349
1709437157.314075232 7.283807577 1.027519736 0.173583575 -0.008216263 -0.004516389 -0.315292054 0.948948374
1709437157.412721395 7.381766284 0.922463475 0.165833980 -0.000575652 -0.003198919 -0.289498988 0.957172801
1709437157.511412382 7.496515207 0.848187396 0.143905805 0.011885691 0.008683834 -0.268329115 0.963214829
1709437157.615127087 7.627162807 0.774694196 0.157105305 0.009953093 0.006432942 -0.233043303 0.972394145
1709437157.714975595 7.778330799 0.731189214 0.154622699 0.004161140 0.012043556 -0.198601259 0.979997540
1709437157.813983917 7.947004148 0.689400814 0.151957107 0.003878314 0.006035663 -0.148746781 0.988849293
1709437157.913047791 8.100763791 0.660195208 0.151496502 0.016112279 0.007275556 -0.098984156 0.994931956
1709437158.012195826 8.266889192 0.643488267 0.134700817 0.021921888 0.027363275 -0.053418728 0.997956473
1709437158.114850998 8.405814105 0.662037356 0.145951093 0.016650651 0.030341766 -0.001434506 0.999399858
1709437158.213590860 8.504217132 0.689222822 0.151031556 0.004907089 0.024944357 0.040866934 0.998841125
1709437158.312355042 8.583079573 0.674514720 0.157334666 0.004627813 0.016053497 0.086681168 0.996096001
1709437158.411087513 8.662420973 0.724957483 0.160333634 0.002400572 0.014875899 0.122552666 0.992347615
1709437158.514505863 8.760351529 0.722615078 0.159519760 0.001316062 0.010274499 0.160683961 0.986951553
1709437158.613680601 8.852440596 0.765251351 0.157544825 -0.007509164 0.011671370 0.188520954 0.981971100
1709437158.712239981 8.950487092 0.829551626 0.166672110 -0.012940000 0.002850979 0.204589411 0.978758194
1709437158.810805559 9.035701383 0.866244623 0.168567460 -0.010435254 -0.003548240 0.215361192 0.976472259
1709437158.914680481 9.138167143 0.914454290 0.176786047 -0.019412238 0.007974103 0.211374913 0.977179730
1709437159.014529943 9.233096879 0.972914463 0.178533318 -0.018880240 0.010502509 0.206150333 0.978281797
1709437159.114181042 9.323495908 1.028730207 0.175817204 -0.014725889 0.009742265 0.188112494 0.981988761
1709437159.213414669 9.443370332 1.057650191 0.173091683 -0.012311172 0.020427371 0.171111216 0.984962999
1709437159.312334538 9.542339041 1.085819770 0.172859587 -0.011545746 0.016725248 0.144620605 0.989278445
1709437159.414750576 9.664317408 1.101141084 0.177856887 -0.021125124 0.009375507 0.111489211 0.993496847
1709437159.513489485 9.790104847 1.107552446 0.179698723 -0.018587777 0.006853435 0.078003068 0.996756262
1709437159.612154722 9.915301305 1.084206233 0.181653824 -0.027471802 0.012671043 0.038495579 0.998800698
1709437159.710909605 10.029732570 1.081643959 0.183775266 -0.030931156 0.018564891 -0.002667629 0.999345532
1709437159.814429283 10.140438129 1.057477186 0.196137136 -0.026967132 0.016043859 -0.047494489 0.998378506
1709437159.913402796 10.218423919 1.018149250 0.199097262 -0.026267193 0.010844852 -0.088588601 0.995662836
1709437160.012146235 10.284561034 1.035489894 0.202592033 -0.025000600 0.008034346 -0.127726969 0.991461669
1709437160.110608101 10.327139501 0.997206981 0.207908672 -0.015052700 0.004559858 -0.160759283 0.986868318
1709437160.214614153 10.371442280 0.940223496 0.212188745 -0.012313283 0.003408487 -0.194901970 0.980739510
1709437160.314465761 10.431229787 0.909882911 0.219288091 -0.016488055 0.001320866 -0.215339878 0.976399066
1709437160.414370060 10.501661177 0.891477520 0.227784961 -0.018807416 -0.000300976 -0.229521014 0.973121932
1709437160.513400555 10.553217022 0.850720949 0.222476362 -0.008451270 0.001987302 -0.231660614 0.972757928
1709437160.612384558 10.638678456 0.813839060 0.220805288 -0.000067362 -0.008013493 -0.231745001 0.972743560
1709437160.714528799 10.744410278 0.765624002 0.218772306 -0.001374992 -0.001412603 -0.232180863 0.972670633
1709437160.813299179 10.848470660 0.720097944 0.219804419 0.002946094 -0.005270146 -0.232243147 0.972639022
1709437160.912031412 10.963880249 0.664170418 0.224873725 0.003306843 -0.004300252 -0.234196501 0.972174147
1709437161.014917374 11.083413212 0.587445075 0.224648021 0.001561349 -0.002042089 -0.233761197 0.972290643
1709437161.114397287 11.210155217 0.546991641 0.247835879 -0.012415010 0.003513884 -0.240642049 0.970528168
1709437161.213041067 11.336933019 0.470437073 0.260137152 -0.009396516 0.002769138 -0.236776650 0.971514722
1709437161.311634541 11.458838808 0.367465088 0.257672904 0.006339618 -0.005792125 -0.235445988 0.971849498
1709437161.415050507 11.598273395 0.277681219 0.256857307 0.006688196 -0.008501684 -0.240031658 0.970704792
1709437161.514925003 11.775205098 0.203858360 0.267217692 0.004792983 -0.012656771 -0.231506740 0.972739155
1709437161.614768744 11.940291273 0.123190460 0.271236215 0.007629605 -0.008044504 -0.214588093 0.976641708
1709437161.714314222 12.146594871 0.075383144 0.279350580 0.008962933 -0.005446611 -0.189113971 0.981899132
1709437161.813686609 12.341704528 0.013115918 0.286868237 0.004873391 0.004024957 -0.160187606 0.987066351
1709437161.915112972 12.539132477 -0.032401886 0.305446366 0.004564069 -0.010099924 -0.112227236 0.993620757
1709437162.014274597 12.742448299 -0.061401331 0.310215675 0.007489630 0.000747924 -0.075934265 0.997084416
1709437162.113042116 12.964349797 -0.074931932 0.315718312 0.006738356 0.003686033 -0.017634566 0.999814998
1709437162.211782932 13.174449660 -0.052136535 0.322982339 0.002212286 0.013796218 0.033203525 0.999350937
1709437162.310700178 13.370562442 -0.036815742 0.326287029 -0.000494870 0.011762279 0.084386164 0.996363578
1709437162.414072752 13.514844073 -0.007591342 0.325019597 -0.005022660 0.014397038 0.125854922 0.991931468
1709437162.512620211 13.613421391 -0.009085269 0.333621030 -0.008300510 0.008848622 0.159710219 0.987089383
1709437162.611285210 13.678708631 0.008702163 0.344041539 -0.007546437 0.008185252 0.186760934 0.982342306
1709437162.709970713 13.744855220 0.051238550 0.342603041 -0.011176326 0.014796937 0.210622538 0.977391573
1709437162.814475298 13.819774441 0.077737549 0.341719545 -0.008084952 0.016841447 0.235515262 0.971691083
1709437162.915096521 13.894992768 0.123193766 0.348521937 -0.008546062 0.018229099 0.257623838 0.966035518
1709437163.014698029 13.946312298 0.196139001 0.350959738 -0.015683800 0.014552632 0.283875470 0.958622427
1709437163.114759684 13.993764426 0.269920275 0.351277392 -0.012918574 0.012192220 0.313036196 0.949575063
1709437163.214641571 14.062618635 0.351345075 0.350768820 -0.013737280 0.015069118 0.343140504 0.939062726
1709437163.314195633 14.138002595 0.411971248 0.346349610 -0.009217562 0.013743040 0.374004971 0.927279056
1709437163.413017273 14.219261645 0.476494139 0.342545502 -0.009987921 0.015284831 0.387868654 0.921533788
1709437163.511950731 14.278419222 0.595181081 0.341534823 -0.019496557 0.010514342 0.392314290 0.919564479
1709437163.614788771 14.346017655 0.691406970 0.337545475 -0.027228518 0.011470318 0.386930973 0.921635211
1709437163.713766336 14.450124777 0.770744884 0.344074918 -0.029583240 0.016791773 0.363888117 0.930821308
1709437163.812433481 14.504621485 0.847868689 0.338771476 -0.027233420 0.019104408 0.336498038 0.941096399
1709437163.911124945 14.591578534 0.898945450 0.330624415 -0.020785133 0.020960203 0.304692744 0.951993162
1709437164.014941216 14.679556945 0.943427258 0.334251124 -0.017527449 0.019856638 0.268586669 0.962891325
1709437164.114790440 14.761827674 0.950709696 0.344877185 -0.025508936 0.013949597 0.233490870 0.971924234
1709437164.214645624 14.840862788 0.960732390 0.350887704 -0.026865635 0.014505062 0.200793725 0.979157659
1709437164.314490795 14.913164597 0.958355729 0.355102409 -0.019223371 0.009430340 0.171683774 0.984919394
1709437164.415116787 14.986683079 0.978842229 0.356627762 -0.013626353 0.002389690 0.150363709 0.988533948
1709437164.514971256 15.056399637 0.990131124 0.359760749 -0.019102107 -0.000638298 0.131443680 0.991139375
1709437164.614202738 15.165497934 0.981715877 0.366133186 -0.028704258 0.003556228 0.114792068 0.992968378
1709437164.713128567 15.230976544 0.968642455 0.373255310 -0.029418830 -0.001530408 0.086788622 0.995791105
1709437164.811989546 15.300029214 0.978598643 0.368271773 -0.025537015 0.004586500 0.061676254 0.997758921
1709437164.914675236 15.384199077 0.978415517 0.374731467 -0.027397793 0.004659277 0.031058453 0.999131135
1709437165.013398170 15.459347645 0.980329255 0.381852173 -0.030330161 0.008961073 0.006992941 0.999475302
1709437165.111960649 15.529722955 0.976713495 0.382587195 -0.021750106 0.005689355 -0.023393017 0.999473527
1709437165.210708618 15.620186116 0.971666888 0.381747759 -0.016370740 0.008237414 -0.044995848 0.998819061
1709437165.314436674 15.706982322 0.991963128 0.380154054 -0.013935668 0.002850202 -0.064357649 0.997825519
1709437165.414617062 15.798369841 0.980499787 0.383707493 -0.017636842 0.001764591 -0.078304227 0.996771928
1709437165.514956713 15.924784956 0.989631771 0.379219770 -0.021979229 0.012296067 -0.082290001 0.996290157
1709437165.614781857 16.048494419 0.978221971 0.374106446 -0.017558097 0.014640492 -0.081924838 0.996376279
1709437165.714617491 16.176998007 0.975934373 0.384016604 -0.018488052 0.012022542 -0.080775713 0.996488301
1709437165.814463615 16.332540323 0.957980226 0.381969082 -0.011747961 0.018182740 -0.071261842 0.997222705
1709437165.913902998 16.486741324 0.904758476 0.393789751 -0.004971162 0.016033438 -0.067503447 0.997577817
1709437166.013003826 16.629392228 0.884884345 0.396305079 -0.011377702 0.003932776 -0.061777139 0.998017368
1709437166.112010717 16.793856230 0.883309366 0.400807146 -0.020035982 0.011112221 -0.054917132 0.998228023
1709437166.214352131 16.957580250 0.880999837 0.404196774 -0.016541375 -0.002686443 -0.034393726 0.999267851
1709437166.313040733 17.146893696 0.873281731 0.404938065 -0.020570909 -0.000184143 -0.019667689 0.999594911
1709437166.411693811 17.348142950 0.848810948 0.414649899 -0.013020756 0.004224494 0.001630591 0.999904973
1709437166.510474920 17.552629655 0.819567867 0.419498311 -0.005526470 0.010106739 0.018787036 0.999757150
1709437166.614775181 17.765919749 0.806732767 0.423951777 -0.005160760 0.015843998 0.056245653 0.998277898
1709437166.713928699 17.960210153 0.826061856 0.424942439 0.001458313 0.014401888 0.102174736 0.994661139
1709437166.812440157 18.131363978 0.877251001 0.418948272 0.006443399 0.017134708 0.146668440 0.989016306
1709437166.915073156 18.281348309 0.948075562 0.421545392 0.003965377 0.007320672 0.180281016 0.983579910
1709437167.014902592 18.400603322 0.984143467 0.423852536 0.001135519 0.009826129 0.193845156 0.980982270
1709437167.114742994 18.505188380 1.065712348 0.432816802 -0.006989709 0.006271500 0.197217340 0.980314813
1709437167.214086771 18.608691928 1.105952233 0.440476796 -0.010698369 0.008743017 0.197170354 0.980271879
1709437167.313075542 18.718241907 1.144488798 0.445050995 -0.011380857 0.007953322 0.191952381 0.981306020
1709437167.414663792 18.841809582 1.182574773 0.448971538 -0.010337361 0.012377745 0.182732720 0.983030357
1709437167.514179468 18.946226358 1.257037162 0.454388099 -0.013908818 0.003283577 0.167881984 0.985703506
1709437167.612805605 19.071012292 1.280395543 0.451076761 -0.016302788 0.006051680 0.149359652 0.988630007
1709437167.711414099 19.196684147 1.288205829 0.452706041 -0.012409065 -0.001801294 0.119396067 0.992767520
1709437167.810032845 19.319616219 1.294815349 0.460179246 -0.012852241 -0.004634300 0.084670143 0.996315367
1709437167.914663315 19.467576951 1.351068809 0.475419640 -0.023841677 -0.000848351 0.056637746 0.998109724
1709437168.013602495 19.623095356 1.353725646 0.478273914 -0.020760906 -0.002472766 0.034144457 0.999198192
1709437168.115135670 19.789593447 1.357312834 0.491179236 -0.023738917 -0.001292374 0.009516653 0.999672060
1709437168.214973927 19.939083969 1.357656271 0.498555383 -0.023697080 0.001256861 -0.005770905 0.999701738
1709437168.314810276 20.091277865 1.329053899 0.500692938 -0.013630797 -0.009234697 -0.020703490 0.999650082
1709437168.414636374 20.287690062 1.318234680 0.497008877 -0.012295380 0.008360463 -0.034726012 0.999286260
1709437168.514181614 20.469576382 1.312196974 0.501573489 -0.013447064 0.009661393 -0.041438586 0.999003843
1709437168.613072872 20.666571843 1.325581607 0.509942433 -0.011374267 0.034370095 -0.046145934 0.998278456
1709437168.714962959 20.850175723 1.322837747 0.510441089 -0.006625306 0.012970888 -0.054446831 0.998410439
1709437168.813757658 21.013525466 1.270410300 0.511381334 -0.010608395 0.006823240 -0.058337515 0.998217231
1709437168.912395000 21.196132149 1.247930898 0.523629125 -0.014350750 -0.004165999 -0.060497795 0.998056470
1709437169.011159897 21.378566793 1.201641932 0.523427518 -0.007884231 -0.005776480 -0.055868900 0.998390273
1709437169.115071058 21.584008946 1.143012885 0.524628974 -0.003097157 0.011154317 -0.047391970 0.998809286
1709437169.214301348 21.790910644 1.132265997 0.522904634 -0.004041383 0.030598924 -0.039710445 0.998734426
1709437169.312918425 21.989595170 1.106879102 0.529795064 0.003548548 0.028953436 -0.029951744 0.999125617
1709437169.411613703 22.181217201 1.108421431 0.522020335 0.010552723 0.012353964 -0.022752211 0.999609102
1709437169.514818192 22.367543680 1.094812495 0.527978728 0.008831671 0.013718590 -0.007993122 0.999834942
1709437169.614666700 22.571049189 1.126048609 0.539204083 -0.000210177 0.009515546 0.009845581 0.999906233
1709437169.714521885 22.751315225 1.112361795 0.543357041 -0.001997980 0.003277071 0.017330158 0.999842455
1709437169.814440966 22.912029316 1.102558923 0.564004621 -0.012070545 -0.007537105 0.020630888 0.999685881
1709437169.913577557 23.089970968 1.101462462 0.562478889 -0.012696193 -0.002457915 0.021454901 0.999686177
1709437170.014440536 23.257470146 1.083469941 0.566881343 -0.007801886 0.003922713 0.014557862 0.999855895
1709437170.113599062 23.435204048 1.085306615 0.573801888 -0.018792256 0.009408552 0.009923856 0.999729887
1709437170.212292671 23.605282066 1.078820168 0.593944280 -0.015771414 0.016964685 0.009388864 0.999687607
1709437170.310914755 23.782180346 1.069531515 0.588118346 0.000768297 0.001374369 0.010999825 0.999938260
1709437170.409574747 23.956826263 1.055803788 0.594860391 0.013164470 -0.009698104 0.008808511 0.999827512
1709437170.514076471 24.134764684 1.070803381 0.597202976 -0.000251746 0.015311338 -0.010941772 0.999822873
1709437170.612714529 24.293148586 1.082674461 0.602335755 -0.015173354 0.014131492 -0.011326388 0.999720853
1709437170.711286306 24.470982489 1.073568923 0.599714358 -0.014791509 0.020750883 -0.010931470 0.999615484
1709437170.814805508 24.661468833 1.058156041 0.601550247 -0.010630980 0.016061903 -0.012053319 0.999741824
1709437170.914623737 24.837900142 1.046933659 0.605984182 -0.004170304 0.010318646 -0.010508564 0.999882845
1709437171.014472008 25.016244784 1.043103091 0.599010540 0.010682699 0.002324412 -0.006285307 0.999920483
1709437171.114482164 25.191794663 1.037017878 0.609119614 0.018890039 -0.007705860 0.006092417 0.999773309
1709437171.214965582 25.396182357 1.012543728 0.606453322 0.027140819 -0.001597480 0.024430848 0.999331756
1709437171.314591885 25.594118279 1.018751805 0.614157138 0.026578138 0.006475185 0.038717822 0.998875670
1709437171.413353205 25.792890307 1.031105300 0.642350374 0.015682449 0.014385751 0.045059343 0.998757612
1709437171.512196064 25.981270200 1.093009413 0.636097441 0.009767482 0.016899978 0.047591466 0.998676143
1709437171.610879421 26.169424628 1.110389027 0.635791248 0.017581633 0.008840754 0.053962096 0.998349047
1709437171.714952230 26.381813457 1.109507014 0.645413528 0.021818807 0.022109048 0.059665792 0.997734996
1709437171.813852072 26.535163898 1.120151094 0.643821748 0.020876899 0.001409564 0.070548659 0.997288852
1709437171.912548304 26.691805881 1.108904911 0.650798685 0.013465322 -0.011899142 0.069039312 0.997452089
1709437172.011038065 26.866905905 1.146710447 0.640489182 0.011887727 0.010084892 0.071226781 0.997338319
1709437172.115118742 27.026566819 1.167635733 0.654153851 0.002452465 0.012553355 0.073491854 0.997213792
1709437172.214953184 27.202274963 1.220454522 0.666510482 -0.010159379 0.023603089 0.072944538 0.997004903
1709437172.314791918 27.368730633 1.254379936 0.679802975 -0.022968241 0.005181176 0.074370247 0.996952698
1709437172.414629698 27.540249228 1.280874866 0.693351091 -0.030031363 0.007496379 0.078656668 0.996421121
1709437172.514465332 27.725790561 1.289373164 0.702174819 -0.024992754 -0.002283528 0.077553876 0.996672235
1709437172.614436388 27.928615889 1.317198892 0.692360268 -0.024779229 0.017126853 0.076580112 0.996608322
1709437172.713444471 28.126212101 1.332768426 0.700338079 -0.019307794 0.029540775 0.074255154 0.996614632
1709437172.812164307 28.320989979 1.355091393 0.710329843 -0.016830889 0.033225991 0.071128044 0.996771567
1709437172.910959244 28.492386735 1.359992982 0.704267829 -0.013446196 0.021310927 0.080667822 0.996422474
1709437173.014480829 28.663015278 1.408279532 0.698210797 0.001183300 0.002919075 0.102310956 0.994747479
1709437173.113476992 28.852625736 1.482426894 0.692344990 0.003698489 0.006428919 0.122142052 0.992484916
1709437173.212135315 29.028946415 1.543313533 0.697318133 -0.011542080 0.004784301 0.144081953 0.989486878
1709437173.310797215 29.201800706 1.609834696 0.713219031 -0.032356599 0.005134667 0.162131845 0.986225101
1709437173.414636612 29.373398092 1.686726797 0.718335797 -0.033411020 0.001505818 0.187257492 0.981741345
1709437173.513655663 29.545648415 1.803383161 0.714341146 -0.039480770 0.005199227 0.204429469 0.978070973
1709437173.615120888 29.718945122 1.907819785 0.716352119 -0.035435822 0.003894594 0.225648766 0.973556249
1709437173.714983225 29.891656041 1.951117269 0.726827050 -0.023480828 0.010447783 0.221131754 0.974905248
1709437173.814837933 30.054312487 2.000151295 0.730008238 -0.032440460 0.011726103 0.216629659 0.975644252
1709437173.914039135 30.236255264 2.072646516 0.741901131 -0.025721305 -0.004503008 0.234176302 0.971843402
1709437174.013028145 30.443397927 2.149275774 0.725295166 -0.009390271 0.009382178 0.262433662 0.964858731
1709437174.111722231 30.597283291 2.251188544 0.722766256 -0.002417278 0.008293798 0.283619353 0.958898030
1709437174.210891962 30.764381200 2.347666177 0.722365885 -0.014384528 0.021900380 0.295586694 0.954956525
1709437174.314439058 30.924939524 2.491371619 0.723175916 -0.020132219 0.020042738 0.315670603 0.948443489
1709437174.413123608 31.067736370 2.631530143 0.721267808 -0.020238040 0.022037176 0.334825689 0.941804939
1709437174.511810541 31.209195707 2.756898439 0.713784908 -0.007334173 0.017594578 0.358941092 0.933165544
1709437174.610418320 31.365615043 2.920472250 0.698297440 0.002821172 0.029610426 0.381361551 0.923947310
1709437174.714578867 31.521769794 3.074776217 0.698502754 0.000798448 0.046320844 0.401477167 0.914696576
1709437174.813550711 31.648637640 3.219159491 0.692299776 -0.003365747 0.043832716 0.428038890 0.902690464
1709437174.911843300 31.718557645 3.365419676 0.705905077 -0.003235949 0.018923371 0.449899534 0.892872804
1709437175.014488935 31.791493285 3.501787830 0.714224055 -0.014947613 0.014518582 0.458913934 0.888236332
1709437175.115113497 31.864687654 3.661775567 0.713286462 -0.015797490 0.015894742 0.459913297 0.887680999
1709437175.214233637 31.963179308 3.822289051 0.705363383 -0.028432567 0.027617129 0.453136831 0.890559316
1709437175.313308001 32.050745669 3.969267751 0.695792551 -0.030265062 0.025567418 0.434109257 0.899988603
1709437175.412261009 32.152156554 4.099706525 0.701478290 -0.043863362 0.027259622 0.395897435 0.916841393
1709437175.514455557 32.257877477 4.170687336 0.706977978 -0.047134528 0.014876218 0.345055307 0.937280038
1709437175.614083529 32.380748512 4.250670165 0.694958708 -0.050920702 0.020824782 0.304249493 0.951002448
1709437175.712725401 32.518146991 4.295713873 0.691264757 -0.044439805 0.023181171 0.273971994 0.960430676
1709437175.811398268 32.629939154 4.320114756 0.686200917 -0.024301288 0.029240198 0.258162928 0.965352972
1709437175.914638996 32.737641261 4.345070197 0.680382712 0.007200372 0.023465159 0.252415637 0.967307545
1709437176.014355183 32.826172895 4.377602259 0.674359708 0.020631937 0.024311030 0.256376777 0.966050850
1709437176.112975836 32.892011524 4.431778693 0.677064436 0.007750463 0.017790851 0.257447585 0.966097385
1709437176.214885473 32.956333647 4.518568092 0.694640071 -0.013232853 0.009213385 0.265007479 0.964111529
1709437176.314819336 33.046834624 4.581194605 0.699029263 -0.017745015 -0.000972388 0.276575686 0.960827799
1709437176.414659739 33.153433500 4.638908086 0.703247423 -0.023312244 0.003657513 0.290892753 0.956464619
1709437176.514021397 33.273964718 4.700913156 0.702805163 -0.016559017 0.002953542 0.307473675 0.951407912
1709437176.612848282 33.378009932 4.784247564 0.710293267 -0.022699314 -0.002846326 0.322112252 0.946425030
1709437176.711930037 33.471317001 4.911615305 0.714177360 -0.029111392 -0.015456275 0.337808113 0.940637714
1709437176.814441442 33.594451600 5.022070158 0.713209001 -0.020969981 -0.008151553 0.358473393 0.933268792
1709437176.914059877 33.727991871 5.108362991 0.715498997 -0.010679598 -0.005334541 0.377028054 0.926124903
1709437177.012688160 33.824791015 5.247042212 0.719956885 -0.022923081 0.001860125 0.385695167 0.922339585
1709437177.111454248 33.927912165 5.364985831 0.727241715 -0.019693741 -0.000990537 0.405256882 0.913990172
1709437177.214615822 34.028610991 5.515308895 0.733393474 -0.020715140 0.002462106 0.422090247 0.906313767
1709437177.313852072 34.149901617 5.648696185 0.735982501 -0.029254988 0.002813391 0.430057646 0.902322920
1709437177.412589550 34.267079636 5.789655407 0.735347575 -0.031794744 0.012658133 0.428870550 0.902717518
1709437177.514898062 34.420987572 5.938068808 0.724354000 -0.026224203 0.021930329 0.425390449 0.904364040
1709437177.614789009 34.582838412 6.073591315 0.702454649 -0.027117030 0.035952642 0.424826609 0.904153984
1709437177.714626789 34.707302020 6.230699042 0.694857141 -0.019792317 0.037414533 0.428032329 0.902771700
1709437177.814312696 34.853460662 6.382681503 0.687957388 -0.013746301 0.047725820 0.436317238 0.898421144
1709437177.913223267 34.974650218 6.517266195 0.684437695 0.002790567 0.035277107 0.448941463 0.892860180
1709437178.011978865 35.044862160 6.672939087 0.689421546 0.005525530 0.009730185 0.465005448 0.885237101
1709437178.114764690 35.157366647 6.872138896 0.670903233 -0.004939686 0.018454002 0.477244188 0.878563051
1709437178.213388205 35.279355959 7.082862710 0.660217026 -0.023222774 0.051499272 0.487852123 0.871096340
1709437178.312153101 35.393004435 7.260114456 0.671542206 -0.021380857 0.047166318 0.505287781 0.861395644
1709437178.411171198 35.470852823 7.420459799 0.675427287 -0.004160789 0.015880587 0.516613060 0.856061587
1709437178.514756680 35.522208018 7.597485298 0.674054889 -0.020335253 -0.007166315 0.514636438 0.857137362
1709437178.613547802 35.596426391 7.783346344 0.671248599 -0.031425544 0.010233957 0.529523977 0.847650906
1709437178.712275028 35.700208966 7.956448763 0.666008201 -0.024788276 0.031710820 0.542298281 0.839221389
1709437178.810934782 35.813570326 8.100723744 0.660273355 -0.016817384 0.034725940 0.551966339 0.832973256
1709437178.915087223 35.881118286 8.294887788 0.649878139 -0.019750490 0.029602703 0.561814867 0.826497219
1709437179.014907122 35.956592730 8.495664978 0.630707395 -0.035071999 0.042378661 0.565096250 0.823189062
1709437179.114703178 36.003778363 8.663904693 0.632392182 -0.041648462 0.036444531 0.561234472 0.825804498
1709437179.213167667 36.062463388 8.797475471 0.656766061 -0.020751927 0.001567985 0.561245403 0.827387755
1709437179.312983036 36.107761150 8.978995526 0.622080069 -0.029665899 0.001553776 0.565136139 0.824462652
1709437179.414658785 36.183089026 9.143050575 0.617857434 -0.023789839 0.019909506 0.556890750 0.830006233
1709437179.513094425 36.263567512 9.312838614 0.603809209 -0.038726175 0.052977447 0.540412602 0.838837227
1709437179.611927748 36.375830662 9.432444506 0.609346978 -0.044206307 0.038983725 0.513716235 0.855933234
1709437179.710890770 36.441816991 9.548004387 0.608645274 -0.045520013 0.016588651 0.480510394 0.875649762
1709437179.814692497 36.567081237 9.681794216 0.618254279 -0.047121194 0.013797645 0.463950920 0.884499159
1709437179.913122892 36.674687844 9.793486662 0.612129786 -0.033733739 -0.002186600 0.460719606 0.886901741
1709437180.011785269 36.795177373 9.912333054 0.607349692 -0.026468378 0.011026751 0.454776643 0.890143832
1709437180.115108013 36.888394065 10.031104010 0.601786045 -0.032078333 0.012083063 0.429929788 0.902211371
1709437180.214971781 37.015079709 10.146588720 0.590506034 -0.038698009 0.030482872 0.406470253 0.912335022
1709437180.314816475 37.117158928 10.215152491 0.586680351 -0.032223532 0.030083293 0.372388670 0.927029297
1709437180.414598942 37.226479201 10.292014569 0.586590330 -0.023491656 0.022603172 0.348961801 0.936569752
1709437180.513535976 37.318526957 10.360800545 0.589128257 -0.019444701 0.011642812 0.343083203 0.939031557
1709437180.615137339 37.389118650 10.455625070 0.593563460 -0.029456191 0.000091601 0.334544806 0.941919369
1709437180.714585066 37.491912657 10.538614601 0.594922591 -0.024395833 -0.001366220 0.349520935 0.936609894
1709437180.813279867 37.622810819 10.601276805 0.589402108 -0.009865938 0.009703426 0.358113098 0.933575661
1709437180.911880732 37.737607069 10.701863586 0.582673076 -0.015550885 0.028143024 0.353563058 0.934857906
1709437181.010695457 37.861278545 10.807077792 0.579820382 -0.032433629 0.031250902 0.348407696 0.936260390
1709437181.114434242 37.982317068 10.935137778 0.580644897 -0.041975659 0.029330675 0.337220007 0.940032139
1709437181.213012457 38.120276098 11.027027661 0.573598010 -0.038633255 0.026760369 0.315910804 0.947624250
1709437181.311635494 38.241224869 11.083763418 0.572317306 -0.049103613 0.020680401 0.267509655 0.962080943
1709437181.410250902 38.384336054 11.125889245 0.578203644 -0.051934859 0.018203475 0.219842437 0.973981882
1709437181.514501810 38.520746437 11.147728229 0.575836732 -0.039338143 0.018378344 0.177679744 0.983130030
1709437181.615121841 38.652953679 11.123220552 0.574940276 -0.019227376 0.001562203 0.159933905 0.986939215
1709437181.714416981 38.790936808 11.145524523 0.543056217 0.017155857 0.002092282 0.162031647 0.986634200
1709437181.813482761 38.944632526 11.138762494 0.542294233 0.027533144 0.017546080 0.151570658 0.987907079
1709437181.914646387 39.077421845 11.181697307 0.560344632 0.017227621 0.020157955 0.160120209 0.986741296
1709437182.014327288 39.168958627 11.253907544 0.583011861 -0.006489543 0.003089944 0.160973537 0.986932550
1709437182.113253117 39.280713102 11.342695561 0.600947673 -0.034392713 -0.001822347 0.161300006 0.986304278
1709437182.212189436 39.395568996 11.435209174 0.597965630 -0.043979184 -0.003904843 0.161373473 0.985905262
1709437182.314827204 39.561443620 11.478039052 0.600377341 -0.035171291 0.004318672 0.164190123 0.985792033
1709437182.413990974 39.733158742 11.538938376 0.595885516 -0.040909290 0.019564240 0.157076664 0.986544774
1709437182.512716770 39.873613921 11.628451510 0.594219993 -0.060431087 0.029621825 0.151821358 0.986114043
1709437182.611448526 40.025639749 11.708781244 0.588917298 -0.057261405 0.022296249 0.144529275 0.987590653
1709437182.714960814 40.170926617 11.723160255 0.577732178 -0.036148632 0.016334889 0.139514390 0.989425178
1709437182.814790249 40.305645376 11.738084947 0.582750954 -0.034721013 -0.004978636 0.107724390 0.993561835
1709437182.914629459 40.470542152 11.783977016 0.589442049 -0.035885875 0.006689334 0.091949303 0.995094359
1709437183.014455318 40.636948004 11.783348378 0.584310804 -0.023380094 0.017792569 0.067886800 0.997260336
1709437183.115084171 40.816732368 11.790935418 0.591344431 -0.023245056 0.019475425 0.031209877 0.999052711
1709437183.214938641 40.982237006 11.804950162 0.600514647 -0.013758294 0.018967213 -0.008028672 0.999693200
1709437183.314022303 41.141198091 11.775857257 0.593558325 0.000556664 0.015001813 -0.038511545 0.999145383
1709437183.412929535 41.333939136 11.711137216 0.608463691 0.003960784 0.007522170 -0.062135628 0.998031509
1709437183.511828661 41.513275855 11.659855405 0.601545300 0.007250067 0.007670725 -0.079950679 0.996742938
1709437183.614949703 41.690554068 11.602846026 0.598002972 0.012788102 0.002857484 -0.098977820 0.995003362
1709437183.713613272 41.861721611 11.557434729 0.609208757 0.016454972 0.011310262 -0.118596625 0.992741735
1709437183.812330723 42.030451831 11.504114939 0.610871304 0.019323601 0.008318629 -0.134354127 0.990710032
1709437183.910912275 42.198428860 11.485710705 0.600172676 0.018427357 0.012118544 -0.136557932 0.990386543
1709437184.014470816 42.391048324 11.411098933 0.606587751 0.027602614 0.021592428 -0.139147628 0.989651353
1709437184.115100861 42.575947403 11.403809618 0.626006221 0.018871946 0.015573111 -0.134389431 0.990626473
1709437184.214934826 42.743766211 11.344499863 0.631144303 0.016152889 0.009371367 -0.130948547 0.991213267
1709437184.314777613 42.926285807 11.302240155 0.628725903 0.019351384 0.001631795 -0.132583337 0.990981594
1709437184.414610624 43.076694375 11.209180350 0.631726046 0.012545008 0.011804658 -0.138957691 0.990148490
1709437184.514462948 43.251630363 11.160474549 0.633336976 0.008886226 0.011275096 -0.138165386 0.990305121
1709437184.613883495 43.426862670 11.071478471 0.648028338 0.003561594 0.016292737 -0.141310470 0.989824839
1709437184.712857962 43.604360055 11.014335822 0.648315500 0.001722671 0.009144755 -0.139687836 0.990151864
1709437184.811900616 43.781846388 10.962344582 0.649815801 -0.001245081 0.003262161 -0.139474433 0.990219516
1709437184.914634228 43.973279042 10.900250326 0.649891396 0.011835563 -0.002611217 -0.130679397 0.991350592
1709437185.013281822 44.128836931 10.856826120 0.658841064 0.012338667 0.002241083 -0.114493819 0.993344804
1709437185.111881495 44.314844389 10.836912772 0.665030355 0.016434141 -0.001862146 -0.089939747 0.995809868
1709437185.210544348 44.485642976 10.829470094 0.667980437 0.019006000 -0.002249393 -0.065531743 0.997666930
1709437185.314776659 44.696961367 10.805431114 0.673627722 0.032668249 0.005106967 -0.036345657 0.998792119
1709437185.414503813 44.872123430 10.820190331 0.689749745 0.031000528 0.000230075 -0.002760630 0.999515529
1709437185.514469862 45.054449018 10.820084651 0.688452804 0.027826255 -0.008630839 0.021826787 0.999337180
1709437185.615101099 45.221584808 10.829060374 0.688955523 0.020516136 -0.000642584 0.043193730 0.998855834
1709437185.714943886 45.404474039 10.837150104 0.696117349 0.013792489 0.011050689 0.065255550 0.997712064
1709437185.814787388 45.564483302 10.846465025 0.699407705 0.003816609 0.006878886 0.076253668 0.997057417
1709437185.914017677 45.750017258 10.886191547 0.702666209 -0.019858541 0.012665086 0.073146158 0.997043065
1709437186.013134480 45.918213947 10.898617284 0.719159543 -0.026196242 0.000408722 0.072685399 0.997010744
1709437186.115118027 46.111896418 10.917372847 0.715065954 -0.033886555 0.005607418 0.062748970 0.997438131
1709437186.214339256 46.302250032 10.949268515 0.717074872 -0.035736323 0.013295089 0.049731851 0.998034518
1709437186.313111305 46.508941341 10.936762848 0.724413467 -0.026514264 0.024499653 0.030779463 0.998874059
1709437186.411764145 46.667372130 10.927116382 0.732536313 -0.020830099 0.022840217 0.014704322 0.999413935
1709437186.510226727 46.814642806 10.920059766 0.749751064 -0.020172351 -0.006055277 0.006464386 0.999757281
1709437186.615125895 47.016573662 10.949748706 0.757560874 -0.030070656 -0.003638628 0.004050052 0.999532947
1709437186.713926315 47.197646970 10.970042670 0.774506867 -0.033996112 -0.011479939 0.008263118 0.999321868
1709437186.812303543 47.419596413 10.975499713 0.763288770 -0.026539877 0.008865530 0.016192305 0.999477287
1709437186.914628029 47.617090072 10.980618312 0.765906627 -0.034140197 0.006189426 0.010664994 0.999340981
1709437187.014466286 47.811023463 10.985993094 0.784561117 -0.044763627 0.012247224 0.005699606 0.998906271
1709437187.115108728 47.918429651 11.003322110 0.810908285 -0.042882838 -0.022728972 -0.001507169 0.998820397
1709437187.214587212 48.069794853 11.002976161 0.799885744 -0.037561937 -0.032629949 0.006371739 0.998741102
1709437187.313447952 48.247343985 10.987441235 0.800840294 -0.022610745 -0.016966679 0.007879276 0.999569309
1709437187.414620876 48.423825463 10.967385695 0.820349423 -0.021265116 -0.000808510 0.003129071 0.999768648
1709437187.514072895 48.592811627 10.961200554 0.826248038 -0.030063149 0.016174818 -0.003305528 0.999411655
1709437187.612679720 48.719329454 10.969750806 0.846517641 -0.016461067 0.004631186 -0.002166635 0.999851435
1709437187.711418867 48.908407349 10.978552623 0.841574372 -0.005139699 0.017004239 -0.005354253 0.999827871
1709437187.810138702 49.108654437 10.975370585 0.837384700 -0.008934707 0.014765961 -0.005030041 0.999838405
1709437187.914612055 49.310165062 10.947995813 0.829536136 -0.007211980 0.016291136 -0.003317690 0.999835776
1709437188.013297796 49.504618378 10.933431679 0.807107888 -0.002389147 0.014536790 -0.005336818 0.999877239
1709437188.115084648 49.693581525 10.903123833 0.809648634 0.007907161 0.025387838 -0.002937321 0.999642089
1709437188.214914799 49.889131192 10.876917838 0.827100573 0.010178382 0.017176776 -0.007306544 0.999773961
1709437188.314755678 50.077294938 10.895422871 0.826403525 -0.000248708 0.006966306 -0.005388833 0.999961184
1709437188.414593697 50.257413165 10.885670572 0.832090910 0.003218271 -0.007952150 -0.000837272 0.999962852
1709437188.514310122 50.424220846 10.889869486 0.845353420 -0.001427702 -0.009803736 -0.004458680 0.999940983
1709437188.613298655 50.615909659 10.862207533 0.843436881 -0.010538043 0.010822616 -0.009276964 0.999842867
1709437188.714916706 50.783647661 10.843595246 0.842745843 0.000989355 0.016716062 -0.010420503 0.999805485
1709437188.813968658 50.984864374 10.844041768 0.846835572 -0.002768445 0.036130939 -0.018505809 0.999171870
1709437188.912607908 51.154742844 10.845961895 0.846530160 -0.002652462 0.029791883 -0.017006680 0.999407915
1709437189.011339664 51.346877434 10.821909694 0.842369696 0.009699596 0.024827915 -0.013008876 0.999560034
1709437189.115067959 51.534877944 10.783482311 0.835723569 0.017355273 0.018970784 -0.014009470 0.999571227
1709437189.214336634 51.704184735 10.803194719 0.839726668 0.005827601 0.007592581 -0.012263880 0.999878987
1709437189.312972546 51.855295523 10.829100117 0.851988742 -0.003207759 -0.000240691 -0.014625203 0.999887872
1709437189.411547422 52.052508948 10.842332040 0.860198319 -0.014739808 0.007691520 -0.019380168 0.999673941
1709437189.514445305 52.233409574 10.860469222 0.869864025 -0.016858538 0.005897814 -0.019999365 0.999640451
1709437189.615078688 52.415013321 10.842720990 0.874116544 -0.008103895 0.007993976 -0.018853965 0.999757446
1709437189.714919806 52.606108076 10.821807786 0.873194181 -0.002467580 0.018450248 -0.006122424 0.999807989
1709437189.814180613 52.799223773 10.842885019 0.868272014 0.013747158 0.011166878 0.022084909 0.999599206
1709437189.913247585 52.993596310 10.841983476 0.858926763 0.012516453 0.011364543 0.037023769 0.999171370
1709437190.014441729 53.200549313 10.875674088 0.863702097 0.003629527 0.014624350 0.068619591 0.997529101
1709437190.113567591 53.383983068 10.936171122 0.885243605 -0.018719854 0.013835926 0.095404409 0.995166385
1709437190.212288618 53.534415255 11.012819531 0.896091968 -0.037848465 -0.002217186 0.125664998 0.991348015
1709437190.310889721 53.698211693 11.033554473 0.905166593 -0.028126948 -0.001092560 0.154302235 0.987622651
1709437190.414569378 53.882582823 11.065989600 0.905024658 -0.025563425 0.004502950 0.163030866 0.986279459
1709437190.514026403 54.047256151 11.113057989 0.913672597 -0.030879557 0.003480139 0.161789057 0.986335968
1709437190.612686157 54.200000946 11.150138175 0.925841488 -0.036236034 0.002070676 0.162386876 0.986059412
1709437190.711352825 54.370707013 11.194211458 0.928668818 -0.025919999 -0.003345749 0.164871428 0.985968748
1709437190.815080643 54.571759416 11.252774391 0.926008476 -0.016466388 0.003703586 0.163506999 0.986397791
1709437190.914959908 54.735662789 11.319532874 0.947931700 -0.025888784 -0.004769238 0.158298036 0.987040403
1709437191.014792681 54.911454740 11.385736437 0.952318292 -0.026844499 0.002538840 0.147928191 0.988630455
1709437191.114640474 55.081862553 11.387434476 0.945532100 -0.016721416 0.002806170 0.137751805 0.990321645
1709437191.214474440 55.255858827 11.427715958 0.947283573 -0.015472032 0.016413368 0.128036962 0.991512861
1709437191.314586163 55.419177206 11.464507672 0.958828347 -0.015455262 0.000831014 0.121098144 0.992519866
1709437191.413438082 55.600395203 11.542805278 0.948413448 -0.020119525 0.012017986 0.116780925 0.992881155
1709437191.512109756 55.795652699 11.580533390 0.944223103 -0.011758368 0.021344572 0.113933159 0.993189501
1709437191.611039877 55.971167360 11.604083634 0.954662766 -0.018783335 0.025271024 0.107562687 0.993699567
1709437191.714482784 56.138777235 11.661793534 0.961950819 -0.026737151 0.011536499 0.107953967 0.993729327
1709437191.813757658 56.310020546 11.723911244 0.964344984 -0.026506413 -0.006274080 0.108114496 0.993765215
1709437191.912310600 56.494132822 11.760342356 0.960540854 -0.028637185 0.008319337 0.109049881 0.993588860
1709437192.010977268 56.664714443 11.802793155 0.967342710 -0.027056985 0.004379153 0.110012783 0.993552178
1709437192.114655018 56.865436396 11.847198296 0.958581034 -0.020026096 0.019685682 0.109012520 0.993643648
1709437192.214056253 57.037490818 11.889310833 0.957321124 -0.014636603 0.009799673 0.104421585 0.994377126
1709437192.315131664 57.206221910 11.926853895 0.972648856 -0.024016573 0.009949248 0.098370312 0.994810283
1709437192.414967775 57.384845341 11.956208471 0.972570017 -0.021315019 0.012734698 0.096702693 0.995003561
1709437192.514806509 57.556545853 11.978427173 0.964337295 -0.005035759 0.009273381 0.089612840 0.995920772
1709437192.614255428 57.729346941 12.015644637 0.974417755 -0.013694949 0.014664004 0.084167193 0.996249617
1709437192.713289022 57.902282255 12.054835548 0.978479122 -0.025075347 0.009655728 0.074715672 0.996842797
1709437192.812161922 58.078151844 12.098421030 0.980831739 -0.026579970 0.011084945 0.067879569 0.997277791
1709437192.910993576 58.260333427 12.091395782 0.983084724 -0.025872599 0.014664008 0.057176691 0.997921040
1709437193.014712095 58.444548046 12.081531812 0.989104960 -0.019769557 0.008822919 0.052979388 0.998360909
1709437193.113409042 58.614208275 12.115621187 0.991137110 -0.017392911 0.001817225 0.049529748 0.998619541
1709437193.212057829 58.777326207 12.092721247 0.991699933 -0.009227229 0.001115269 0.048902424 0.998760315
1709437193.315094471 58.961957543 12.086193061 1.007279149 -0.015201057 0.005498585 0.039982785 0.999069602
1709437193.414897442 59.151660645 12.119158746 0.999688163 -0.020599693 0.012216100 0.037395040 0.999013529
1709437193.513728380 59.345335543 12.095067696 0.991687629 -0.007083468 0.021655865 0.027600054 0.999359337
1709437193.614591837 59.520899912 12.076565991 1.000521875 -0.003889326 0.002761546 0.023012959 0.999723787
1709437193.714447498 59.699781776 12.094980387 1.006792855 -0.007830143 0.002728229 0.022493028 0.999712613
1709437193.815070629 59.867288226 12.125615196 1.014103928 0.002357772 -0.003525784 0.025717028 0.999660264
1709437193.914141893 60.051053919 12.122168246 1.016157558 -0.005774971 0.010516900 0.019302997 0.999741686
1709437194.012944698 60.220657838 12.167359974 1.031574161 -0.016194077 0.001989293 0.018119433 0.999702696
1709437194.112128496 60.389897634 12.184760503 1.029546052 -0.014313496 0.007941212 0.016760057 0.999725543
1709437194.210988522 60.561280356 12.178840922 1.035308781 -0.014122285 0.002299251 0.014680116 0.999789862
1709437194.314338207 60.759457223 12.178201646 1.032790898 -0.014523826 0.015855619 0.010190331 0.999716867
1709437194.413044930 60.936210224 12.170311335 1.033817645 -0.011051290 0.010005540 0.010399199 0.999834794
1709437194.511710644 61.112151660 12.147462983 1.039834977 -0.004491403 0.009228049 0.012291657 0.999871785
1709437194.614618778 61.295934480 12.118386774 1.059201991 0.000390434 0.000501423 0.020538906 0.999788852
1709437194.714418173 61.482891964 12.095877199 1.049563051 0.010405130 0.006493934 0.024811683 0.999616898
1709437194.815056562 61.671847289 12.083351952 1.051653558 0.006619954 0.014392712 0.022650904 0.999617908
1709437194.914943933 61.869627745 12.116145270 1.056094329 -0.003767756 0.022066607 0.027770480 0.999363632
1709437195.014785290 62.064778928 12.134597437 1.053023026 -0.006137960 0.023256182 0.028330076 0.999309203
1709437195.114614010 62.258035848 12.167799079 1.044067971 -0.005377445 0.029379146 0.034721542 0.998950631
1709437195.214430332 62.443035766 12.170832750 1.039367388 0.002812693 0.032360542 0.037041634 0.998785663
1709437195.313114166 62.632982759 12.182786189 1.042303876 0.000934324 0.024589200 0.039875329 0.998901625
1709437195.411980391 62.823474533 12.190163556 1.045677770 -0.001027926 0.011688630 0.039925540 0.999133760
1709437195.514809847 62.993205319 12.196881165 1.059550905 0.001376741 -0.005130779 0.041097539 0.999141017
1709437195.614149332 63.170630525 12.216808123 1.044784920 -0.005749123 -0.000563197 0.038570222 0.999239195
1709437195.712860823 63.320587890 12.234425154 1.069533478 -0.001920521 -0.005082606 0.039497304 0.999204905
1709437195.811496973 63.487637984 12.262952387 1.069757029 -0.009373568 0.003058176 0.037788841 0.999237103
1709437195.914950848 63.660194679 12.313137378 1.082244584 -0.017846664 -0.001342237 0.034216743 0.999254177
1709437196.014108896 63.841509013 12.305072675 1.084885067 -0.017943964 0.005253043 0.040744150 0.998994662
1709437196.112789392 64.031595536 12.290488620 1.089696824 -0.004311567 0.014185951 0.044227936 0.998911437
1709437196.214458704 64.201633499 12.322472078 1.105063609 -0.000154629 0.000152512 0.046982254 0.998895701
1709437196.315108776 64.403829369 12.332001587 1.098090307 0.011474169 0.004249203 0.049789306 0.998684791
1709437196.414941549 64.583366866 12.330648697 1.106704792 0.002478860 0.006213452 0.039286255 0.999205604
1709437196.514345646 64.777232993 12.360120205 1.101357538 -0.014511264 0.031711247 0.036675945 0.998718526
1709437196.613392591 64.976122408 12.385614493 1.096502907 -0.009467390 0.038570514 0.037092675 0.998522317
1709437196.712457895 65.188257079 12.417712440 1.103259804 -0.018979518 0.044300317 0.028675999 0.998426235
1709437196.814981461 65.361233123 12.455303209 1.106732398 -0.021722115 0.025847112 0.029989846 0.998979822
1709437196.913698435 65.532714674 12.439443377 1.106702955 -0.016471424 0.017670126 0.027415474 0.999332202
1709437197.012368202 65.719441578 12.428858775 1.099359589 -0.010981200 0.018235066 0.027542557 0.999393968
1709437197.111027479 65.902181710 12.417279353 1.097002368 -0.010635815 0.024330600 0.023123452 0.999379911
1709437197.214469433 66.072071179 12.417509692 1.101376408 -0.009831520 0.017398653 0.022360443 0.999550218
1709437197.313750982 66.234378311 12.406400376 1.097397003 -0.005131996 0.011832916 0.024021414 0.999628239
1709437197.412354469 66.402691723 12.399145562 1.103319508 -0.000062818 0.007048472 0.019000648 0.999794624
1709437197.514783621 66.573383073 12.414043507 1.116897724 -0.005398764 0.003722826 0.017905826 0.999818171
1709437197.614645481 66.748728236 12.423204283 1.121065745 -0.011188811 0.006943344 0.017598215 0.999758422
1709437197.714456558 66.937278579 12.442627071 1.127173522 -0.016125695 0.010443903 0.016395820 0.999680981
1709437197.814431429 67.128543213 12.453805315 1.129189957 -0.013773580 0.012330933 0.015776099 0.999704632
1709437197.913218975 67.316806542 12.455050148 1.134438121 -0.011506250 0.009388355 0.017332171 0.999739496
1709437198.012264729 67.517010389 12.458169408 1.141331719 -0.012477589 0.010503877 0.017141220 0.999720039
1709437198.114637375 67.718013466 12.489822707 1.147303493 -0.010652712 0.013141253 0.015904969 0.999730393
1709437198.213509560 67.902103074 12.467604670 1.171839950 -0.011917745 0.009587376 0.015750109 0.999758963
1709437198.312278509 68.059602073 12.473646142 1.182586019 -0.020569276 0.001857140 0.015684241 0.999663674
1709437198.411115646 68.238402542 12.472819286 1.186505048 -0.017570159 -0.003478852 0.016552468 0.999702557
1709437198.514732599 68.417431731 12.467302282 1.192464874 -0.014948122 0.002737512 0.015022617 0.999771664
1709437198.613374233 68.593553031 12.470379445 1.198531394 -0.016968508 0.002904598 0.016505375 0.999715562
1709437198.711993694 68.762265879 12.487151998 1.211512223 -0.019008280 0.006023627 0.014795830 0.999691695
1709437198.815106869 68.955881348 12.480099000 1.220267989 -0.008697662 0.007245696 0.017483762 0.999783061
1709437198.914947748 69.135481228 12.488385310 1.224475963 -0.008095588 0.007218556 0.015218363 0.999825362
1709437199.014794827 69.328986527 12.486104345 1.224351506 -0.005981589 0.012354947 0.014774410 0.999796626
1709437199.114199638 69.516335636 12.469751115 1.228480151 -0.006559049 0.002890390 0.017488292 0.999821376
1709437199.213271618 69.693789891 12.456232894 1.237021336 -0.007871320 -0.000808815 0.019322635 0.999781988
1709437199.315120220 69.898247414 12.459956687 1.240208240 -0.007427553 0.002068781 0.018975266 0.999790223
1709437199.414593458 70.085175253 12.473890013 1.243352285 -0.024995073 0.012667682 0.008930795 0.999567415
1709437199.513270140 70.281137238 12.480150285 1.262318926 -0.027489730 0.021113763 0.006420713 0.999378456
1709437199.612073421 70.460587323 12.470896500 1.266937027 -0.026638638 0.013525869 0.004371417 0.999544058
1709437199.710837126 70.643407350 12.503598281 1.255072254 -0.022651315 0.019328391 0.001721871 0.999555084
1709437199.814500332 70.838502346 12.505366688 1.251236855 -0.017743443 0.015542534 -0.001090153 0.999721167
1709437199.913105965 71.010160102 12.520721773 1.268749003 -0.016539081 0.017385144 -0.002150088 0.999709754
1709437200.011668444 71.176393322 12.520258073 1.258747244 -0.012862689 0.007872436 0.001407938 0.999885290
1709437200.110358000 71.349520351 12.506923544 1.267445346 -0.011832354 0.012781979 -0.001032404 0.999847764
1709437200.214490652 71.558550596 12.509279410 1.269526427 -0.016852988 0.025238905 -0.001900950 0.999537574
1709437200.315115929 71.740415995 12.505352786 1.277487481 -0.018879986 0.021083115 -0.003773468 0.999592322
1709437200.414650917 71.920865106 12.498527773 1.280488454 -0.011746428 0.018694310 -0.002876369 0.999752105
1709437200.513814926 72.093914169 12.474978297 1.278824609 -0.017207269 0.013782300 -0.004199447 0.999748130
1709437200.614658594 72.288035074 12.477206959 1.283822053 -0.013198567 0.016093010 -0.002793819 0.999779479
1709437200.714202881 72.469282486 12.464287016 1.281181763 -0.004962653 0.017814168 -0.004184119 0.999820244
1709437200.813071251 72.633049924 12.451488438 1.282262395 -0.009893508 0.006229899 -0.009256503 0.999888806
1709437200.911836863 72.825140905 12.447420391 1.280490793 -0.011331883 0.019763871 -0.010684130 0.999683363
1709437201.014816046 73.006448382 12.443948646 1.278797270 -0.006795556 0.013617623 -0.009301230 0.999840921
1709437201.114236355 73.202930082 12.421822348 1.273913069 -0.005284118 0.028948364 -0.010708725 0.999509576
1709437201.212952375 73.413294726 12.380272467 1.263477815 0.001034559 0.042968963 -0.010198600 0.999023817
1709437201.311458111 73.589450230 12.383958094 1.297699944 -0.004787970 0.021666155 -0.003740603 0.999746798
1709437201.414974928 73.745251563 12.381200373 1.307331254 -0.003766691 -0.014816799 0.000465101 0.999883022
1709437201.514828444 73.901317390 12.386266086 1.278879255 0.001626316 -0.030917794 -0.007318081 0.999493817
1709437201.614680529 74.086774906 12.398863075 1.293867692 -0.007478386 0.004216080 -0.007575052 0.999934456
1709437201.714498281 74.253456183 12.381365012 1.313811544 -0.007867791 0.006817760 -0.010333828 0.999892408
1709437201.813683271 74.423773127 12.361370643 1.323715559 0.000821349 0.002537034 -0.001830108 0.999994770
1709437201.914580584 74.610784437 12.341352081 1.326361580 0.011104206 -0.002426887 -0.000697111 0.999935158
1709437202.014128923 74.799328839 12.318345572 1.324410502 0.010345825 -0.003404536 -0.003344994 0.999935090
1709437202.112847805 74.992677408 12.334131993 1.326635821 -0.004506095 0.008583870 -0.009352500 0.999909267
1709437202.211837769 75.173934763 12.326776692 1.331257815 -0.007951002 0.006769122 -0.005963768 0.999927694
1709437202.314746380 75.378420396 12.328319531 1.334138262 -0.004367533 0.016092342 -0.004729409 0.999849786
1709437202.413791895 75.561054159 12.337824632 1.339844622 -0.006184164 0.011508351 -0.005069093 0.999901804
1709437202.512469053 75.746723994 12.355474438 1.351718980 -0.006576590 0.022331855 -0.004383635 0.999719371
1709437202.611055613 75.913314635 12.362464502 1.375791858 -0.009653897 0.010666522 -0.003224506 0.999891309
1709437202.714923382 76.112286306 12.355264968 1.367863692 -0.015058617 0.019618743 -0.004468229 0.999684139
1709437202.814750433 76.295708716 12.352803977 1.372446190 -0.020860168 0.016292261 -0.003358087 0.999644006
1709437202.914580345 76.501083581 12.332624005 1.374295727 -0.030648285 0.030210278 -0.001820990 0.999071922
1709437203.014815092 76.674113386 12.346542202 1.378233891 -0.039383565 0.023934134 -0.001360392 0.998936555
1709437203.114652634 76.872168643 12.354379826 1.382028564 -0.042617578 0.025861288 -0.000227013 0.998756669
1709437203.214488029 77.062643342 12.340393570 1.377834179 -0.046256280 0.028640022 0.000401221 0.998518876
1709437203.313948870 77.244969273 12.312787374 1.378475058 -0.042182515 0.017253039 0.004352910 0.998951460
1709437203.412764311 77.433753835 12.321528409 1.376609904 -0.039996343 0.028737131 0.001302799 0.998785649
1709437203.511835575 77.601001643 12.344051339 1.378994759 -0.047012906 0.004595338 -0.001250621 0.998882929
1709437203.614640474 77.784348832 12.342932251 1.380775945 -0.050134175 0.016260758 -0.001411469 0.998609113
1709437203.713329792 77.925795740 12.313780185 1.386180693 -0.039420287 -0.004949276 -0.008961343 0.999170276
1709437203.811922073 78.085403562 12.288502459 1.385425973 -0.029900037 -0.010440899 -0.010158330 0.999446739
1709437203.910599470 78.254275014 12.283906981 1.376605482 -0.019913802 -0.005453464 -0.009503690 0.999741657
1709437204.014798403 78.430430061 12.283407566 1.378897326 -0.013536395 -0.005111323 -0.012230243 0.999820515
1709437204.114636660 78.613250944 12.274586364 1.399333801 -0.009974017 0.002024941 -0.013267165 0.999860191
1709437204.214476109 78.794613716 12.281661510 1.406219280 -0.002579136 -0.001895308 -0.015417635 0.999876019
1709437204.315114498 78.971109683 12.295472292 1.407884939 -0.000633331 0.001356932 -0.015044046 0.999885711
1709437204.414974451 79.150918580 12.285300120 1.429546590 0.000421061 0.002357605 -0.014525622 0.999891629
1709437204.514792204 79.316540930 12.242315460 1.443476551 -0.000077520 0.000836011 -0.019800075 0.999803607
1709437204.613850594 79.512672624 12.234791099 1.443267580 -0.003961605 0.018110675 -0.023972350 0.999540712
1709437204.712752104 79.697205156 12.238367490 1.438743228 -0.004870887 0.014136559 -0.023909387 0.999602308
1709437204.815143824 79.885452593 12.220361467 1.431914504 0.000583329 0.016789810 -0.023936447 0.999572313
1709437204.914402723 80.072198519 12.203717958 1.427136728 -0.002332037 0.000189282 -0.026524966 0.999645413
1709437205.013100147 80.269669052 12.220584272 1.431476587 -0.003929108 0.004762237 -0.028398282 0.999577621
1709437205.111752272 80.450823634 12.181198554 1.437314066 0.003232951 0.000873548 -0.026628994 0.999639776
1709437205.210416794 80.635229447 12.163284592 1.428574203 0.009904717 0.006764550 -0.027686614 0.999544691
1709437205.314739466 80.804819180 12.136166961 1.436904978 0.015688828 -0.000818429 -0.027504685 0.999498216
1709437205.414165258 80.963256558 12.121770669 1.449025691 0.013825622 0.002542065 -0.032016690 0.999388474
1709437205.512650490 81.143830763 12.103880712 1.458512810 0.004849927 -0.000192832 -0.030625492 0.999519145
1709437205.615057945 81.332138107 12.062984642 1.467336503 0.005384904 -0.000152328 -0.028491148 0.999579529
1709437205.714889526 81.496975359 12.035055962 1.481005439 -0.006493771 -0.003583148 -0.031316764 0.999481992
1709437205.814734697 81.677448679 12.025220699 1.486383969 -0.008715099 0.001990365 -0.032915354 0.999418163
1709437205.914094448 81.860687548 12.021092052 1.487910072 -0.004151714 -0.001693557 -0.032259008 0.999469485
1709437206.012950182 82.061551646 12.015519227 1.490419621 0.002292342 0.009122899 -0.032232817 0.999436123
1709437206.114631414 82.254728855 11.991329779 1.494568109 0.002951484 0.006150122 -0.034462182 0.999382721
1709437206.214237452 82.458297897 11.981191612 1.508619008 0.000857993 0.022974650 -0.038085632 0.999009967
1709437206.312778234 82.634301236 11.991600938 1.512376952 -0.002376137 0.006516622 -0.037423426 0.999275425
1709437206.411515713 82.817945298 11.980082057 1.503732542 0.000739369 0.012173143 -0.038698080 0.999176524
1709437206.510183334 82.994151736 11.950860731 1.508486434 0.000294936 0.002221841 -0.038109307 0.999271063
1709437206.614628792 83.191697383 11.915622690 1.511395290 -0.001523561 0.010997785 -0.038530663 0.999195734
1709437206.713574409 83.373496815 11.883700546 1.517888217 0.001582069 0.008916677 -0.038101615 0.999232834
1709437206.815109491 83.561050318 11.868066496 1.521156052 -0.000380334 0.018463711 -0.043299362 0.998891442
1709437206.914952755 83.743269355 11.849759933 1.533974401 -0.001190866 0.025066345 -0.043885099 0.998721362
1709437207.014779568 83.904645527 11.818118867 1.541963797 -0.002317005 0.010729308 -0.043905128 0.998975402
1709437207.114635706 84.067558752 11.804675071 1.556654007 0.002424506 0.002710345 -0.041973799 0.999112094
1709437207.214290619 84.192607156 11.781788199 1.572587740 0.012216397 -0.032745854 -0.054581873 0.997897434
1709437207.313074350 84.353569407 11.765736392 1.544070607 0.007067485 -0.004486286 -0.075475400 0.997112525
1709437207.414936066 84.544334257 11.732629914 1.532369857 0.015047891 0.019691508 -0.077901436 0.996652985
1709437207.514133692 84.756879822 11.694529321 1.516448333 0.049434861 0.043660071 -0.048970908 0.996620210
1709437207.612770796 84.933316921 11.658493925 1.508704758 0.066372954 0.037135028 -0.044807303 0.996096344
1709437207.711478949 85.112862494 11.639952002 1.519595226 0.055119757 0.038162289 -0.041488911 0.996887216
1709437207.815068245 85.289262981 11.633744380 1.530025656 0.040983428 0.020940180 -0.036619725 0.998268933
1709437207.914275646 85.463537928 11.654597003 1.530682895 0.016549098 0.023166225 -0.040427383 0.998776792
1709437208.012827635 85.652428553 11.645051295 1.537479190 0.006962935 0.034566102 -0.051392432 0.998055870
1709437208.111515522 85.824370262 11.608026857 1.545859236 0.014609130 0.022870709 -0.057214367 0.997992996
1709437208.214436769 86.021207679 11.543995599 1.514060787 0.029643117 0.034546080 -0.050687476 0.997676618
1709437208.315087557 86.170843940 11.481991669 1.522468285 0.052199645 0.016805961 -0.049203414 0.997282197
1709437208.414808273 86.318781397 11.422681086 1.519988046 0.064809871 -0.006612250 -0.039093730 0.997109642
1709437208.513996124 86.460076028 11.417440079 1.538791402 0.046383045 -0.015327432 -0.041211439 0.997955560
1709437208.613389969 86.596722244 11.444623845 1.561234666 0.007654237 -0.016818209 -0.047791210 0.998686418
1709437208.714435816 86.737403888 11.479518206 1.588609957 -0.025775608 -0.025170361 -0.047098865 0.998240336
1709437208.813461542 86.918357660 11.496480272 1.620184274 -0.042931761 -0.004053658 -0.046566304 0.997983973
1709437208.912322521 87.082971230 11.495574792 1.630935128 -0.044559224 0.011382027 -0.047759325 0.997799565
1709437209.011017323 87.220570143 11.484525197 1.624202432 -0.026043391 0.009236246 -0.052596872 0.998233441
1709437209.109591961 87.304517023 11.460437870 1.633415986 -0.006104762 -0.014070372 -0.054692925 0.998385417
1709437209.214064837 87.463803252 11.444565853 1.645795667 -0.025571786 0.020501453 -0.090661070 0.995342325
1709437209.312773705 87.614520694 11.436300544 1.669227092 -0.044071008 0.016437425 -0.092044095 0.994643374
1709437209.411466122 87.767664892 11.401179884 1.662371190 -0.044058992 0.008109607 -0.084969198 0.995375947
1709437209.515096426 87.942759035 11.342282202 1.659081347 -0.033764536 0.009590320 -0.083477436 0.995891309
1709437209.614938498 88.069753517 11.347531839 1.686937231 -0.027822934 -0.017925331 -0.093473007 0.995071537
1709437209.714777231 88.223298608 11.326462327 1.668166725 -0.035395861 -0.035442341 -0.084552674 0.995159193
1709437209.814609289 88.428970116 11.312534166 1.632495059 -0.027082429 -0.001297123 -0.075436913 0.996781888
1709437209.913632393 88.612436614 11.315286563 1.654248493 -0.029263585 0.033449841 -0.092899977 0.994683037
1709437210.014917850 88.765945344 11.311661253 1.677431303 -0.050905318 0.043058330 -0.117025574 0.990888310
1709437210.113385439 88.887294978 11.270601665 1.686534056 -0.058154095 0.008778576 -0.131572191 0.989560406
1709437210.212102175 89.028942010 11.189668067 1.675505921 -0.035313469 0.006151546 -0.121635071 0.991927430
1709437210.310875893 89.183708024 11.103944415 1.670075486 -0.007941751 0.004310094 -0.123730579 0.992274708
1709437210.414455175 89.363797789 11.020407603 1.670780708 0.000143224 0.003473218 -0.122987120 0.992402179
1709437210.513849497 89.517776967 10.980692840 1.675355711 -0.007699654 0.005329049 -0.131826460 0.991228582
1709437210.612466574 89.694865356 10.952490017 1.699397297 -0.015749320 0.005701692 -0.128629684 0.991551236
1709437210.711037874 89.876729649 10.920053939 1.706156805 -0.013983153 0.014226161 -0.126138855 0.991812017
1709437210.814627171 90.056942490 10.866096990 1.704271447 -0.011217709 0.012862875 -0.127337409 0.991712606
1709437210.914456129 90.227825731 10.814514886 1.712237517 -0.009580502 0.007437161 -0.128372068 0.991651912
1709437211.015118599 90.407290649 10.792021601 1.722661330 -0.017029818 0.004013263 -0.128504292 0.991554601
1709437211.114955187 90.602115360 10.740211253 1.724330938 -0.023889331 0.007407224 -0.130116114 0.991183247
1709437211.214798212 90.785276683 10.693511382 1.741281322 -0.017081567 0.009098710 -0.130299032 0.991285829
1709437211.314478874 90.948956339 10.654492990 1.747841074 -0.021021996 0.004994958 -0.133176015 0.990856839
1709437211.413173437 91.128228904 10.627737928 1.746873761 -0.028854304 0.008895192 -0.137732051 0.990009185
1709437211.512087107 91.304327467 10.570327558 1.743219841 -0.018668801 0.013378879 -0.135827798 0.990466199
1709437211.610936403 91.478217238 10.537585170 1.766558362 -0.021892580 0.018858450 -0.141725442 0.989484195
1709437211.714767456 91.653877641 10.501606021 1.773392603 -0.030590734 0.011759398 -0.147721350 0.988485876
1709437211.813520193 91.835879885 10.460488554 1.777067321 -0.030037544 0.007645581 -0.150128076 0.988180577
1709437211.912067175 92.002631264 10.401755662 1.763207597 -0.031934988 0.017627131 -0.157117783 0.986905995
1709437212.015073061 92.177752207 10.325177007 1.774540843 -0.036831801 0.014866229 -0.167377423 0.985092489
1709437212.114906311 92.319186108 10.259535779 1.792475323 -0.045303138 0.013797382 -0.181633027 0.982225382
1709437212.214189768 92.471745228 10.192028087 1.793512936 -0.050427257 0.014236026 -0.198240912 0.978751740
1709437212.314610243 92.637951505 10.095221258 1.797863547 -0.050463661 0.017583483 -0.213499317 0.975480539
1709437212.414469004 92.806893435 10.022090132 1.805404939 -0.045454853 0.024419980 -0.222770825 0.973504330
1709437212.515099525 92.963901160 9.928961294 1.810067570 -0.043064172 0.018688374 -0.227702500 0.972598475
1709437212.614336967 93.097750913 9.807255150 1.812731018 -0.029416111 0.007677719 -0.224303763 0.974044951
1709437212.713075876 93.252318447 9.694929809 1.818779355 -0.016276442 0.012506143 -0.224646887 0.974224025
1709437212.812065840 93.412785270 9.599360944 1.823137691 -0.015949355 0.011474841 -0.228597549 0.973322714
1709437212.910916805 93.562389459 9.529819164 1.832387050 -0.021583341 0.010666159 -0.227720097 0.973428965
1709437213.014557838 93.726932817 9.451309854 1.827800590 -0.019504510 0.004882377 -0.227792920 0.973501989
1709437213.113254070 93.904801006 9.385718697 1.826233612 -0.016608093 -0.004858872 -0.231674614 0.972639417
1709437213.211899519 94.039784350 9.311804290 1.840729144 -0.019142442 -0.011490534 -0.232584679 0.972319856
1709437213.310650349 94.202005856 9.253538124 1.864024507 -0.023411388 -0.014532735 -0.227569641 0.973371853
1709437213.414776564 94.388931343 9.170551027 1.865109055 -0.013906020 -0.009248806 -0.211229788 0.977293742
1709437213.513959646 94.555227508 9.057088967 1.859537370 0.006406919 -0.002213560 -0.192555235 0.981262724
1709437213.614436626 94.741852932 9.011428368 1.870802085 0.005391797 0.006145521 -0.180185356 0.983598698
1709437213.715078354 94.930083402 8.949942737 1.894669002 -0.006032273 0.009783833 -0.174864100 0.984525487
1709437213.814928055 95.110666592 8.862312487 1.900542056 -0.014071867 0.011666293 -0.171757929 0.984969590
1709437213.914324760 95.279689847 8.754406212 1.907081695 -0.013838578 0.020372467 -0.175568385 0.984159133
1709437214.013146877 95.440507467 8.707619124 1.913567399 -0.018983907 0.016878540 -0.188028508 0.981835020
1709437214.111944437 95.591589694 8.626197997 1.926704062 -0.029426820 0.006821270 -0.200562459 0.979215111
1709437214.215093136 95.751762390 8.557304447 1.932179750 -0.033273358 -0.005354996 -0.205950572 0.977981886
1709437214.314317226 95.914634277 8.500865751 1.932263672 -0.031142294 -0.004772366 -0.207944080 0.977633184
1709437214.412878036 96.081372878 8.399371312 1.948975968 -0.020771118 0.004953685 -0.207167059 0.978072508
1709437214.511556387 96.237284712 8.302420835 1.964957588 -0.009046075 0.006067861 -0.208526106 0.977956141
1709437214.610244513 96.379747318 8.229249884 1.971830166 -0.010385131 0.007040505 -0.209760390 0.977672317
1709437214.714899540 96.539703667 8.149274814 1.971804923 -0.009710254 -0.000046788 -0.210418014 0.977563281
1709437214.813471079 96.705121867 8.078297243 1.987542830 -0.011003477 0.001923145 -0.208790781 0.977896536
1709437214.914782047 96.885114548 8.017666906 1.994015509 -0.007782985 0.000340821 -0.204365169 0.978863722
1709437215.014634371 97.061018660 7.945036976 1.998653571 -0.005191426 -0.000298571 -0.198796587 0.980026978
1709437215.114488602 97.234205999 7.874901391 2.006229993 -0.002784597 0.001979502 -0.195395771 0.980718522
1709437215.214096546 97.429894278 7.818596501 2.013676825 -0.007641567 0.012014963 -0.194129958 0.980872472
1709437215.313104868 97.599470875 7.740070758 1.996197862 0.000695806 0.019298975 -0.189072152 0.981773287
1709437215.412189722 97.784915215 7.658848171 2.003509246 0.002123113 0.018142278 -0.186937618 0.982201953
1709437215.514625549 97.969980998 7.599109128 2.012223616 -0.003899689 0.015718042 -0.186552318 0.982311543
1709437215.613919020 98.144067795 7.520838377 2.027175356 -0.006660492 -0.000229388 -0.184571979 0.982796403
1709437215.712692022 98.307501146 7.458252382 2.045924519 -0.009110820 -0.005627684 -0.181834918 0.983270759
1709437215.811451674 98.452355018 7.389597875 2.049276544 -0.004943627 -0.012492910 -0.178231038 0.983896938
1709437215.914745569 98.611563294 7.308944385 2.056099528 0.000907739 -0.010145804 -0.161331769 0.986847657
1709437216.013940334 98.788175938 7.250988534 2.073766247 -0.002347227 -0.006180580 -0.136212199 0.990657624
1709437216.112526894 98.972729652 7.216448483 2.088260506 -0.002805366 -0.004840726 -0.102589353 0.994708059
1709437216.215071917 99.154072720 7.177708618 2.108081270 -0.004084738 0.000609317 -0.069899605 0.997545482
1709437216.314914227 99.332403551 7.177745648 2.116264399 -0.003858968 0.002700381 -0.027364884 0.999614415
1709437216.414736271 99.517112830 7.204775412 2.114078395 -0.004418842 0.006613498 0.009322526 0.999924910
1709437216.513972282 99.664136570 7.222958566 2.107992558 -0.005340633 0.008086214 0.035528121 0.999321692
1709437216.613167763 99.795777655 7.280758442 2.101613002 -0.012026493 0.009627691 0.050215348 0.998619592
1709437216.712233305 99.910771066 7.305883449 2.107500013 -0.019495502 0.011718568 0.055883386 0.998178164
1709437216.814499140 100.017333548 7.317865814 2.111563203 -0.019241335 0.013549727 0.055660971 0.998172346
1709437216.913513660 100.112828113 7.306555882 2.101797397 -0.013700617 0.017632019 0.053679270 0.998308540
1709437217.012169838 100.222693250 7.324738912 2.107900508 -0.014772608 0.023101582 0.051570194 0.998292844
1709437217.110864162 100.338094056 7.340296412 2.118134586 -0.023186710 0.032282997 0.045858688 0.998156884
1709437217.214651108 100.475989851 7.343823483 2.115473334 -0.026593162 0.027841190 0.033374914 0.998701050
1709437217.313931704 100.622657646 7.350596314 2.106871835 -0.037157713 0.046168757 0.018176338 0.998076836
1709437217.412514687 100.766762976 7.353661926 2.103567242 -0.036061283 0.042463074 0.001427545 0.998446009
1709437217.514952183 100.909118544 7.343859461 2.117315424 -0.032108700 0.035635697 -0.013646281 0.998755680
1709437217.614779472 101.065313720 7.326724762 2.121856207 -0.038381833 0.025900174 -0.031569489 0.998428457
1709437217.714626551 101.214636410 7.303462330 2.125975058 -0.043229285 0.010508546 -0.045056250 0.997993354
1709437217.814418077 101.385436185 7.283326023 2.130295424 -0.043652230 -0.003330739 -0.048783398 0.997849472
1709437217.913535833 101.582087038 7.219573415 2.102204032 -0.026409663 0.008785884 -0.035264976 0.998990350
1709437218.014927626 101.788698555 7.196986645 2.102665846 -0.017240857 0.013189723 -0.037653755 0.999055043
1709437218.114681005 101.978059647 7.162474395 2.117259634 -0.005908594 0.006444991 -0.036104853 0.999309757
1709437218.213501453 102.168512794 7.148015673 2.132252879 -0.008734871 0.001285213 -0.043981709 0.998993323
1709437218.312271118 102.317477688 7.110875985 2.141108484 -0.021143626 -0.007496622 -0.063212911 0.997747902
1709437218.415107965 102.501604557 7.067046587 2.144217721 -0.022988532 0.003073283 -0.081925637 0.996368542
1709437218.514591694 102.682429759 7.031502016 2.162100404 -0.018595634 0.001888314 -0.096614874 0.995146322
1709437218.613298416 102.848456658 7.008131933 2.170353043 -0.007139553 0.009974120 -0.112114593 0.993619576
1709437218.711966991 103.004696562 6.958229333 2.174037461 -0.013280122 0.009215245 -0.132494953 0.991051868
1709437218.810665131 103.173069428 6.916757379 2.176980221 -0.014054890 0.017600339 -0.147318511 0.988832617
1709437218.915111780 103.338640912 6.854636307 2.184265812 -0.010840028 0.009950778 -0.168372090 0.985613674
1709437219.014953375 103.498392061 6.793529319 2.177683967 -0.009836284 0.014140804 -0.190450411 0.981545682
1709437219.114354849 103.648867288 6.705983316 2.191644870 -0.013477009 0.002477951 -0.212598318 0.977043594
1709437219.213282108 103.776521291 6.628459802 2.205430321 -0.009347945 -0.013264535 -0.228229994 0.973472002
1709437219.312376022 103.928844783 6.534541459 2.200852870 -0.002296692 -0.012346896 -0.242670555 0.970027464
1709437219.414481878 104.065997012 6.442417511 2.214846152 0.001018112 -0.012475579 -0.256221346 0.966537089
1709437219.513082027 104.212832245 6.326139416 2.225235821 0.007229888 0.005160288 -0.271950697 0.962270190
1709437219.611878872 104.352308794 6.233593715 2.247574102 0.009791695 0.006633933 -0.291283881 0.956563544
1709437219.710613012 104.497138018 6.140596351 2.255700535 -0.008411276 0.018896962 -0.314711708 0.948961904
1709437219.814431906 104.648590041 6.041792881 2.260504793 -0.014005426 0.021598324 -0.334814043 0.941932544
1709437219.912954330 104.769157921 5.928661659 2.264735864 -0.017584044 0.009501222 -0.352360206 0.935651010
1709437220.011577845 104.886540467 5.816174408 2.263088027 -0.016196591 0.011421447 -0.369527873 0.929008274
1709437220.110246658 105.009789364 5.691509617 2.257046581 -0.010238275 0.009035397 -0.384082066 0.923197978
1709437220.215067148 105.123738455 5.553000398 2.255986151 -0.005118698 0.004983554 -0.400672434 0.916193519
1709437220.314923763 105.234276602 5.416265353 2.268173387 -0.003496613 0.012530486 -0.415858860 0.909336115
1709437220.414681435 105.351410715 5.281988694 2.268621842 -0.008836905 0.016210413 -0.431208387 0.902063445
1709437220.514613390 105.476206635 5.166205723 2.275827544 -0.018712856 0.005207579 -0.445888323 0.894877820
1709437220.614458323 105.573436137 5.030600551 2.281824784 -0.018977284 0.007963703 -0.452331945 0.891612166
1709437220.714325666 105.662611274 4.885947473 2.282331806 -0.019968971 -0.000544011 -0.455363153 0.890081650
1709437220.813203573 105.756286222 4.757852457 2.307679555 -0.022007189 -0.002142245 -0.461973316 0.886618153
1709437220.912042379 105.857886043 4.626482172 2.317723463 -0.019451370 -0.004829551 -0.461460104 0.886934548
1709437221.014636040 105.940163479 4.456197218 2.327040226 0.000357346 -0.008557304 -0.457273569 0.889284841
1709437221.113961697 106.027761622 4.288040311 2.342980624 0.014708734 -0.008416488 -0.441688761 0.897008280
1709437221.212621689 106.131316709 4.135805248 2.335668130 0.024406256 -0.012928503 -0.412876264 0.910368266
1709437221.311279058 106.261317094 3.987677691 2.338782239 0.030349574 -0.005815777 -0.381611020 0.923806316
1709437221.414791822 106.389913249 3.856294347 2.334798066 0.036691688 -0.004444246 -0.338401617 0.940275659
1709437221.514640808 106.525906523 3.765635181 2.341172525 0.033686038 0.001724743 -0.298695984 0.953752057
1709437221.614480734 106.640233844 3.697413220 2.350558145 0.026271519 -0.007378622 -0.254954150 0.966568024
1709437221.714656591 106.742824642 3.638991147 2.356579309 0.022096027 0.002291007 -0.225094150 0.974083744
1709437221.814827204 106.847701436 3.604211891 2.363535269 0.017001205 -0.004510432 -0.193398153 0.980962675
1709437221.914797783 106.932977728 3.582332376 2.365421681 0.007043049 0.004108379 -0.169337210 0.985524442
1709437222.013994455 107.031733623 3.554622325 2.374797510 -0.001264914 0.007173801 -0.150964529 0.988512341
1709437222.112790585 107.127494066 3.528894580 2.389857600 -0.009418157 0.013991603 -0.132057664 0.991098535
1709437222.211665392 107.213073625 3.506400005 2.385405177 -0.003134970 0.017413455 -0.121978436 0.992375032
1709437222.314973831 107.293583601 3.467510347 2.386839144 0.008697352 0.012887127 -0.119835446 0.992672022
1709437222.413845062 107.379980534 3.439772111 2.385064331 0.013662393 0.023208915 -0.131758178 0.990915974
1709437222.512394667 107.446485246 3.413154542 2.392504869 0.007745179 0.012805132 -0.163859318 0.986370197
1709437222.611112595 107.523767110 3.393012113 2.394559119 -0.000523516 0.017510652 -0.197603214 0.980125539
1709437222.714758873 107.570976501 3.373360363 2.388771905 0.005322331 0.010758453 -0.236792039 0.971486211
1709437222.814584017 107.608467486 3.299861884 2.386333775 0.013415391 0.009695540 -0.270784974 0.962497544
1709437222.914822817 107.646621504 3.251471306 2.388616175 0.009752423 0.004035970 -0.308756097 0.951082685
1709437223.014650345 107.694559697 3.204825187 2.404125944 -0.001273384 0.006585705 -0.347442964 0.937677126
1709437223.114485741 107.738468942 3.148732716 2.403504229 0.004602043 0.012837450 -0.380968887 0.924487279
1709437223.215049505 107.749106628 3.076472712 2.415872136 0.009984945 -0.001729151 -0.411906068 0.911169963
1709437223.313970566 107.774559255 3.044697886 2.402539512 0.012893629 -0.009918385 -0.440596257 0.897557975
1709437223.412854671 107.798006137 2.988044904 2.419440578 0.015768364 -0.003492101 -0.471829336 0.881541968
1709437223.511824369 107.831537844 2.950099928 2.422364041 0.012165807 -0.010094552 -0.501684907 0.864905976
1709437223.614493608 107.858611899 2.871614458 2.422123852 0.010650651 -0.017645346 -0.535180435 0.844486298
1709437223.713376760 107.867936746 2.802555845 2.411882547 0.019830373 -0.017011445 -0.560402656 0.827808088
1709437223.812021971 107.884324205 2.739168420 2.416571562 0.015563174 -0.014493274 -0.592498124 0.805291069
1709437223.910700798 107.908760269 2.677543928 2.423362551 0.003201564 -0.007649392 -0.621745499 0.783175441
1709437224.014638901 107.927963994 2.612420039 2.430993963 0.002541730 -0.004235132 -0.652423986 0.757838074
1709437224.114448071 107.887000667 2.555501633 2.433073964 0.011152988 -0.011586373 -0.675312317 0.737356522
1709437224.215105534 107.904912730 2.494085136 2.438612835 0.009017805 -0.013921843 -0.702842407 0.711152173
1709437224.314944267 107.910505799 2.423964588 2.456519228 0.001587633 -0.010549693 -0.727734823 0.685775627
1709437224.414797544 107.901437283 2.363934783 2.467878446 0.009124353 -0.014192106 -0.750974094 0.660116081
1709437224.514634609 107.871429260 2.297374282 2.458009962 0.018924959 -0.012648245 -0.773242589 0.633701639
1709437224.613994837 107.815686577 2.242712639 2.471827500 0.010783728 -0.021569966 -0.795141824 0.605943832
1709437224.712966204 107.740837043 2.181435325 2.459773582 0.019435014 -0.019920821 -0.815359353 0.578285886
1709437224.814944506 107.696120798 2.126753473 2.452165485 0.019139787 -0.013602216 -0.837203121 0.546387758
1709437224.914546967 107.648560237 2.086591578 2.445957073 0.019365649 -0.014129789 -0.856201624 0.516085361
1709437225.013172388 107.571583020 2.049059418 2.447797220 0.022326335 -0.018598672 -0.874052723 0.484961298
1709437225.111844778 107.514634248 2.024508135 2.450054112 0.018921044 -0.018175917 -0.892041855 0.451190602
1709437225.210586548 107.456173279 1.999883974 2.456833710 0.026974380 -0.011894281 -0.906829214 0.420466035
1709437225.314968109 107.371369817 1.963156195 2.448618859 0.014002057 -0.014362394 -0.924732349 0.380089129
1709437225.413658381 107.275780143 1.921744354 2.426927037 0.032820550 -0.009772190 -0.935645054 0.351277169
1709437225.512365580 107.192823859 1.906072214 2.438970335 0.023341894 -0.008364047 -0.949093427 0.314017300
1709437225.614484549 107.094626387 1.885592930 2.436047370 0.030723797 -0.016490254 -0.956459892 0.289773351
1709437225.715114117 106.981506368 1.847769783 2.418614533 0.021941277 -0.026286913 -0.961386097 0.273064737
1709437225.814973593 106.892752355 1.784679257 2.428444884 0.033635293 -0.021920360 -0.961221456 0.272839656
1709437225.913997650 106.804793206 1.714604618 2.431825694 0.022161542 -0.028202778 -0.960172606 0.277095717
1709437226.013088465 106.715417216 1.624914534 2.422636189 0.011016128 -0.025821466 -0.957018149 0.288666172
1709437226.114518404 106.630902589 1.546826227 2.423691744 0.017541283 -0.016927846 -0.953892404 0.299157204
1709437226.214043856 106.542395071 1.472439098 2.430042232 0.001184168 -0.024514838 -0.945956024 0.323364841
1709437226.312904835 106.420870558 1.369622836 2.420235324 0.027784688 -0.024132249 -0.936426869 0.348927448
1709437226.411541462 106.299883151 1.262479065 2.427981470 0.025053067 -0.034083495 -0.926979519 0.372719238
1709437226.515052319 106.176258629 1.142644225 2.422644564 0.034896252 -0.028065823 -0.919961547 0.389442311
1709437226.614712238 106.076660518 1.008607380 2.436172696 0.030178591 -0.030963062 -0.907715893 0.417351648
1709437226.713290691 105.990322543 0.853696076 2.455519466 0.028926128 -0.026681438 -0.895256408 0.443810031
1709437226.811941862 105.899877050 0.692009235 2.449535679 0.028482863 -0.029297995 -0.874922424 0.482536119
1709437226.914802790 105.821815439 0.519619182 2.448558734 0.029460236 -0.030007710 -0.858144128 0.511683776
1709437227.014641523 105.754553176 0.347504519 2.444130167 0.043233626 -0.019898017 -0.840123713 0.540302757
1709437227.114474297 105.697640131 0.183749828 2.460953841 0.038654990 -0.026858092 -0.814896935 0.577691457
1709437227.214048624 105.687634000 0.036249170 2.470439373 0.032440603 -0.022139372 -0.798804190 0.600307689
1709437227.313038349 105.685047077 -0.099877414 2.486745466 0.028339326 -0.019175270 -0.784141981 0.619637431
1709437227.414797306 105.682612876 -0.212477929 2.500582772 0.016290906 -0.020020218 -0.771032299 0.636272733
1709437227.513875723 105.699171653 -0.321387645 2.503678340 0.014482877 -0.018265759 -0.763399182 0.645506233
1709437227.612548113 105.679754131 -0.410713976 2.512297545 0.012848272 -0.021154241 -0.761179109 0.648069274
1709437227.711264610 105.654788884 -0.501503648 2.520605516 0.013044656 -0.020384851 -0.763108448 0.645817150
1709437227.814950466 105.634270701 -0.603224302 2.528029879 0.003600059 -0.021111541 -0.767570831 0.640606246
1709437227.914470673 105.597419497 -0.705087557 2.542570945 0.005264821 -0.015613370 -0.778404126 0.627547226
1709437228.013071537 105.563327326 -0.806639836 2.545493241 0.005439080 -0.020298979 -0.791563487 0.610725482
1709437228.111612797 105.497588441 -0.929323654 2.538703516 0.009004488 -0.014118020 -0.807909077 0.589069201
1709437228.215125561 105.426037114 -1.052395180 2.539273781 0.013369993 -0.014318326 -0.823462206 0.567032824
1709437228.314955235 105.342890128 -1.178796315 2.548241040 0.025675068 -0.013385208 -0.837952021 0.544975263
1709437228.414783001 105.260148073 -1.302449878 2.548235738 0.016709914 -0.014256216 -0.855031499 0.518110678
1709437228.514440536 105.167382472 -1.418533957 2.544186623 0.009330732 -0.011193932 -0.870349510 0.492218817
1709437228.613337755 105.043659296 -1.565070432 2.539647950 0.023958996 -0.008848325 -0.882867049 0.468927977
1709437228.714973450 104.929244748 -1.675699909 2.544996814 0.018896784 -0.017662511 -0.900448811 0.434192223
1709437228.813768864 104.793606179 -1.794063083 2.542640271 0.025307667 -0.014851368 -0.913726139 0.405269665
1709437228.912562132 104.659120071 -1.905182735 2.538911177 0.031024939 -0.017879844 -0.925157418 0.377890878
1709437229.011314869 104.522410317 -2.003832297 2.538995152 0.036492236 -0.018995975 -0.936090057 0.349346354
1709437229.114486694 104.380365826 -2.098683356 2.542257946 0.032606994 -0.019690462 -0.948048953 0.315835799
1709437229.214006901 104.228943508 -2.206328582 2.540049217 0.030079074 -0.007441995 -0.959815817 0.278914796
1709437229.312619209 104.048258535 -2.292505392 2.533020069 0.029082381 -0.005951781 -0.969891081 0.241723152
1709437229.411269426 103.862785755 -2.354147447 2.540524268 0.029542587 -0.008863098 -0.977772351 0.207388310
1709437229.514685631 103.686829899 -2.393001686 2.539879965 0.038380835 -0.013401375 -0.983879387 0.174151273
1709437229.614518166 103.513252818 -2.415565439 2.536042774 0.042134668 -0.016151227 -0.990696779 0.128388864
1709437229.714752674 103.333941809 -2.415028144 2.534463290 0.039933838 -0.017435051 -0.995385665 0.085490845
1709437229.814387798 103.170260156 -2.392338511 2.518919322 0.040696473 -0.023931466 -0.997506755 0.052453366
1709437229.913519144 103.024499805 -2.372204765 2.491928270 0.044938903 -0.027765434 -0.998070508 0.032631842
1709437230.014787436 102.874055507 -2.370645345 2.464465257 0.051908163 -0.034683587 -0.997599041 0.029979089
1709437230.113445282 102.722315030 -2.385277787 2.470290033 0.039808600 -0.036501849 -0.997810832 0.038163262
1709437230.212105274 102.564988874 -2.411752943 2.474450715 0.031780524 -0.035068326 -0.997410284 0.054156598
1709437230.310684204 102.456237475 -2.410404275 2.467315978 0.014422391 -0.033736574 -0.996062679 0.080703020
1709437230.414467335 102.325433391 -2.451396354 2.460613264 0.014207198 -0.044328353 -0.992425878 0.113683900
1709437230.513795853 102.206237328 -2.532620428 2.478077788 0.017479936 -0.042351476 -0.989195825 0.139256684
1709437230.612408161 102.107121254 -2.576064395 2.494470212 0.021012380 -0.033965205 -0.986086337 0.161364743
1709437230.711061001 102.019962447 -2.641023624 2.509694653 0.021006188 -0.016771088 -0.982930878 0.182000989
1709437230.814598799 101.927056457 -2.707008426 2.515863414 0.019103505 -0.013896163 -0.977672101 0.208804251
1709437230.914242744 101.838991826 -2.759126599 2.512973937 0.016100383 -0.022497543 -0.973113389 0.228659070
1709437231.015100241 101.756605686 -2.799501307 2.506857990 0.019402204 -0.018972282 -0.969375382 0.244079856
1709437231.114935875 101.691721411 -2.863156745 2.508082420 0.015269597 -0.011076713 -0.966251121 0.256910328
1709437231.214757204 101.616612754 -2.917795232 2.514252125 0.011356191 -0.011687433 -0.965299339 0.260636965
1709437231.314489603 101.512146327 -2.984277739 2.516084279 0.017394786 -0.013598873 -0.964313012 0.263842581
1709437231.413167953 101.433025480 -3.040603733 2.532009389 0.023563824 -0.012156808 -0.965266352 0.259918885
1709437231.512107849 101.332276311 -3.078290189 2.536631548 0.014057995 -0.009136045 -0.968375904 0.248931746
1709437231.611028910 101.225674216 -3.121840545 2.545301515 0.013820539 -0.004930875 -0.973826534 0.226818344
1709437231.714741230 101.089991262 -3.162109286 2.549919714 0.017652382 -0.005050616 -0.978368259 0.206054444
1709437231.813500404 100.972622372 -3.185443262 2.529842009 0.020570618 -0.004783239 -0.984555933 0.173791787
1709437231.912102938 100.850512990 -3.206207529 2.535596034 0.025149509 -0.007432221 -0.989141070 0.144610539
1709437232.010766029 100.700359147 -3.203747878 2.533340129 0.026606401 -0.011069820 -0.993758235 0.107768865
1709437232.114486933 100.561592832 -3.202000028 2.518829368 0.035571723 -0.018148703 -0.996417982 0.074541816
1709437232.214885235 100.443633700 -3.195474328 2.518784338 0.033224952 -0.023555697 -0.998417503 0.038777844
1709437232.314967871 100.326644827 -3.186066105 2.503807406 0.043437827 -0.026722970 -0.998663190 0.008418465
1709437232.414808989 100.228840866 -3.178604781 2.494902558 0.038636755 -0.024622299 -0.998767684 -0.019080281
1709437232.514644861 100.135630763 -3.165891192 2.486724974 0.040033424 -0.019930123 -0.997967389 -0.045400512
1709437232.614243746 100.066195109 -3.141481675 2.481081255 0.038533803 -0.024271591 -0.996901975 -0.064128679
1709437232.712963104 100.015661861 -3.117459695 2.472551530 0.033640570 -0.029497085 -0.995410489 -0.084594276
1709437232.812054157 99.956048754 -3.112216612 2.476257369 0.040642758 -0.028541457 -0.993678478 -0.100680850
1709437232.910971403 99.912706328 -3.103718632 2.471032659 0.032914720 -0.023035678 -0.992039365 -0.119347716
1709437233.014357567 99.867639585 -3.064025487 2.462014472 0.036154006 -0.021554085 -0.989673192 -0.137022924
1709437233.113054991 99.800836605 -3.021844612 2.459323223 0.037042161 -0.020143995 -0.986657755 -0.157253209
1709437233.211726189 99.746692694 -2.979672479 2.457921521 0.040421501 -0.019293469 -0.982992282 -0.178101199
1709437233.314960480 99.665930604 -2.942425138 2.440619508 0.052041963 -0.021051499 -0.978919392 -0.196380479
1709437233.414771557 99.577002015 -2.899319211 2.435751055 0.050646461 -0.021483940 -0.974534211 -0.217385484
1709437233.513391256 99.496417428 -2.809855242 2.425829219 0.051396427 -0.026225424 -0.969451850 -0.238398291
1709437233.611997843 99.407805941 -2.746287288 2.402499435 0.053288944 -0.029250871 -0.963437469 -0.260946199
1709437233.715099812 99.302944000 -2.662907256 2.396732047 0.060773840 -0.030232425 -0.954463147 -0.290504116
1709437233.814932585 99.191351751 -2.600519451 2.381218315 0.073933990 -0.023780604 -0.945889085 -0.315058864
1709437233.914543152 99.078958133 -2.474515435 2.357923336 0.081425140 -0.033888003 -0.938107422 -0.334926879
1709437234.013334274 98.979898760 -2.358623114 2.340497979 0.067476456 -0.044982004 -0.934889664 -0.345550087
1709437234.112210751 98.876027439 -2.259431473 2.327533162 0.056951024 -0.046298362 -0.934011651 -0.349621621
1709437234.215070009 98.730966460 -2.166476968 2.332814302 0.039657496 -0.022696169 -0.936043553 -0.348904906
1709437234.314300299 98.625909926 -2.113064169 2.347394722 0.011449134 0.005943684 -0.938326492 -0.345509745
1709437234.412993908 98.476045530 -2.028617583 2.332763518 0.007261176 0.004921493 -0.945866139 -0.324438439
1709437234.511660099 98.324255882 -1.926145685 2.332887155 0.009985092 -0.006985700 -0.951842421 -0.306345398
1709437234.614446163 98.148985544 -1.819904164 2.324467723 0.028005933 -0.019271235 -0.957181861 -0.287484212
1709437234.714234829 97.992022606 -1.717340773 2.305976122 0.030038483 -0.033210313 -0.962600656 -0.267197945
1709437234.812726259 97.837670252 -1.658621787 2.306177437 0.026479670 -0.025364535 -0.965504136 -0.257792999
1709437234.911496162 97.668605421 -1.554152216 2.312264326 0.043295584 -0.022129981 -0.968275908 -0.245107163
1709437235.014594078 97.514478712 -1.445303322 2.298051741 0.032244668 -0.026276639 -0.970997611 -0.235443111
1709437235.114434958 97.348998095 -1.345657829 2.291379661 0.041476269 -0.029089081 -0.970498178 -0.235726179
1709437235.214045763 97.174221206 -1.290836031 2.296666977 0.031808110 -0.015782842 -0.969617764 -0.242034168
1709437235.313138008 96.991313158 -1.207326008 2.283924372 0.036244056 -0.008358091 -0.965927863 -0.256124726
1709437235.412171841 96.859919983 -1.138140863 2.276684757 0.032843683 0.000357315 -0.954355981 -0.296859944
1709437235.514600992 96.725919416 -1.030458393 2.281797696 0.051184454 -0.002809094 -0.940075406 -0.337091221
1709437235.613774538 96.656453383 -0.893964973 2.285326836 0.052130173 -0.005868234 -0.925072032 -0.376151227
1709437235.712363720 96.588975570 -0.760338905 2.278158254 0.055565020 -0.019885982 -0.912837053 -0.404036622
1709437235.811099768 96.559081332 -0.635864499 2.265000565 0.040998421 -0.031353372 -0.902838994 -0.426869825
1709437235.914760590 96.523296833 -0.506436444 2.259209067 0.031972549 -0.033276584 -0.890308203 -0.453014048
1709437236.013889790 96.464355314 -0.416642415 2.256160631 0.035703226 -0.030088624 -0.879839971 -0.472971014
1709437236.112382889 96.424231683 -0.370677076 2.251414825 0.027690143 -0.013515839 -0.869080863 -0.493709460
1709437236.215057373 96.386566947 -0.305329655 2.256947374 0.036060550 -0.007438983 -0.859828111 -0.509254276
1709437236.314912319 96.360862364 -0.261459596 2.267612802 0.030769385 -0.002939250 -0.850601570 -0.524901491
1709437236.414754152 96.351886048 -0.205921190 2.256637606 0.028783226 -0.008176301 -0.843393170 -0.536463079
1709437236.513907433 96.336288108 -0.159522556 2.264012890 0.019710112 -0.007453954 -0.834703781 -0.550295874
1709437236.613028526 96.310537211 -0.111444120 2.256801520 0.024393514 -0.003710471 -0.825487471 -0.563880861
1709437236.712217808 96.286427388 -0.032651332 2.258439598 0.031705236 -0.004144585 -0.813531059 -0.580641728
1709437236.814910650 96.265562830 0.017541773 2.256288699 0.027910431 0.003333301 -0.797044128 -0.603266571
1709437236.913609743 96.249422924 0.100726542 2.264498291 0.040399134 -0.009245370 -0.787306260 -0.615167689
1709437237.012373209 96.236767372 0.173379071 2.272131505 0.040396158 -0.004933728 -0.776478897 -0.628827743
1709437237.111019373 96.211900431 0.288656280 2.269429271 0.048548170 -0.011279332 -0.779152175 -0.624850174
1709437237.214914799 96.175768907 0.393398811 2.263823882 0.043627050 -0.014556060 -0.783141496 -0.620140467
1709437237.313662291 96.151986945 0.537061062 2.243147254 0.044997848 -0.023747538 -0.794795891 -0.604740225
1709437237.412249565 96.125241936 0.699970252 2.221686948 0.039515331 -0.039092507 -0.811576128 -0.581596512
1709437237.510858536 96.053927330 0.842814052 2.193236456 0.037016858 -0.042777883 -0.830659084 -0.553900073
1709437237.614456892 95.964245600 0.995719072 2.198305707 0.048644369 -0.050219162 -0.851888190 -0.519035907
1709437237.715088844 95.859628629 1.115148028 2.193918408 0.048213937 -0.042575486 -0.873788175 -0.482034199
1709437237.814457178 95.774403504 1.228828182 2.183830562 0.052288797 -0.042722129 -0.892716078 -0.445531935
1709437237.913413525 95.665834040 1.313226685 2.176365486 0.044899387 -0.037409236 -0.908942239 -0.412805765
1709437238.014579058 95.569089208 1.402296210 2.179680042 0.049143636 -0.037155166 -0.922452443 -0.381163859
1709437238.114439964 95.491823636 1.479496680 2.165213359 0.046471347 -0.037654817 -0.933592693 -0.353308946
1709437238.213200331 95.416864974 1.530382584 2.161530127 0.041546971 -0.037258245 -0.941449975 -0.332502054
1709437238.312009811 95.355068349 1.554324912 2.151472239 0.037206844 -0.035496613 -0.946419604 -0.318819031
1709437238.410825491 95.272317218 1.606527740 2.146715505 0.037562298 -0.028121962 -0.947676953 -0.315763555
1709437238.514521360 95.196986761 1.678604149 2.131876642 0.038345074 -0.020106158 -0.947440611 -0.316988464
1709437238.613114119 95.110859952 1.750870391 2.126358141 0.037797451 -0.007149989 -0.946391901 -0.320721998
1709437238.711704493 95.009411452 1.793064156 2.134277329 0.031943861 0.007493694 -0.947006638 -0.319533821
1709437238.810441732 94.905753664 1.912990599 2.138529261 0.045237196 -0.006219554 -0.947354242 -0.316914584
1709437238.915143728 94.837324451 2.004859690 2.141285430 0.034397440 -0.007940898 -0.938662763 -0.343024744
1709437239.014975548 94.762642119 2.101324214 2.141787174 0.033339178 -0.007601749 -0.928198380 -0.370511107
1709437239.114458323 94.688977004 2.217358951 2.133846926 0.038823733 -0.014614990 -0.917902342 -0.394631994
1709437239.213494062 94.620298276 2.329088890 2.127719267 0.027264655 -0.015198905 -0.906330982 -0.421414028
1709437239.314506769 94.517370679 2.457835251 2.124008585 0.028984634 -0.021876465 -0.897995473 -0.438503638
1709437239.414323807 94.430732025 2.608877414 2.103405971 0.025165896 -0.033783929 -0.893771375 -0.446540092
1709437239.513085127 94.323963495 2.762074333 2.094634661 0.027957847 -0.034263580 -0.893598013 -0.446684405
1709437239.611853600 94.211695228 2.906131761 2.089468120 0.030524661 -0.032727968 -0.890612276 -0.452555962
1709437239.714667559 94.095997866 3.070220478 2.083009108 0.031840267 -0.038437400 -0.891840258 -0.449588387
1709437239.814172745 93.990888041 3.234098856 2.077206232 0.028731714 -0.039239476 -0.896592826 -0.440177301
1709437239.912922859 93.864392831 3.391950191 2.066670526 0.026338546 -0.037670535 -0.899705937 -0.434069623
1709437240.011424303 93.721175246 3.539713150 2.063008938 0.027777092 -0.031868856 -0.904263556 -0.424876723
1709437240.114761114 93.568181737 3.708418042 2.052267670 0.032426323 -0.024399053 -0.906495041 -0.420261776
1709437240.214652777 93.393899372 3.853462282 2.031542387 0.042054955 -0.021136875 -0.910482109 -0.410861220
1709437240.314505339 93.238685710 3.997463815 2.013018203 0.036011822 -0.023524562 -0.917166429 -0.396176078
1709437240.414800882 93.089784677 4.146922765 2.007533755 0.034827174 -0.034466586 -0.928033659 -0.369259597
1709437240.514432430 92.941093206 4.291085824 1.992757524 0.024917633 -0.037898697 -0.941278132 -0.334571783
1709437240.614828110 92.782373134 4.408058973 1.984472692 0.028163583 -0.047941368 -0.951278866 -0.303277031
1709437240.714163303 92.631410348 4.504317724 1.971303045 0.021100480 -0.046986264 -0.960784499 -0.272470561
1709437240.813013315 92.461152063 4.575915096 1.975162956 0.026621735 -0.034507227 -0.967724067 -0.248214955
1709437240.911940098 92.278039994 4.642710650 1.983212543 0.022529493 -0.028902265 -0.975708221 -0.215987379
1709437241.014576197 92.085825751 4.711789396 1.987944725 0.027977803 -0.023991432 -0.982079358 -0.184829079
1709437241.113819599 91.915538633 4.780471608 1.975666067 0.029106979 -0.028211261 -0.987881040 -0.149826432
1709437241.212629318 91.723210280 4.849628085 1.962179406 0.039561785 -0.034849303 -0.991614446 -0.117988060
1709437241.311200142 91.527895456 4.883099025 1.947992256 0.045801397 -0.034286767 -0.994806894 -0.084177747
1709437241.415109396 91.326682042 4.909975908 1.953262075 0.040462372 -0.025703126 -0.997526488 -0.051410624
1709437241.514968634 91.133079381 4.920455769 1.949146764 0.031885629 -0.019681037 -0.998610406 -0.037056992
1709437241.614825726 90.950770835 4.950078550 1.940171891 0.029591253 -0.020227295 -0.998924056 -0.029426951
1709437241.714633703 90.760639267 4.949701068 1.938524514 0.026312793 -0.018869299 -0.998983169 -0.031372195
1709437241.814468861 90.581450014 4.941105107 1.936920492 0.025676618 -0.012241814 -0.999071742 -0.032349719
1709437241.915116072 90.398142871 4.957550140 1.924795227 0.028691760 -0.018181300 -0.998919001 -0.031734085
1709437242.014111280 90.216129142 4.988853089 1.918647177 0.026809498 -0.023541597 -0.998862463 -0.031635807
1709437242.112940311 90.031228102 4.996138288 1.916783863 0.028856265 -0.029474246 -0.998664705 -0.031102908
1709437242.211862564 89.838580296 5.006643676 1.911266417 0.032152867 -0.024537741 -0.998626976 -0.033290460
1709437242.314444780 89.640131976 5.031464223 1.906212347 0.031950178 -0.017042525 -0.998727602 -0.035098662
1709437242.413482189 89.454132857 5.021817722 1.900120504 0.028227569 -0.023046998 -0.998825587 -0.031929399
1709437242.512196779 89.267352665 5.037746928 1.887634444 0.035272061 -0.023176214 -0.998634138 -0.030799401
1709437242.610834837 89.095931819 5.044659909 1.903053851 0.031834993 -0.021908745 -0.998744359 -0.031878605
1709437242.714636564 88.898130153 5.057694314 1.886831041 0.041346164 -0.019791754 -0.998371258 -0.033964862
1709437242.814442873 88.721630820 5.061125269 1.883805634 0.033651371 -0.011417189 -0.998738833 -0.035467971
1709437242.915125608 88.536287084 5.097977394 1.870591916 0.035449530 -0.011234193 -0.998829137 -0.030943152
1709437243.014957190 88.353248449 5.135802713 1.853427008 0.031345323 -0.023416436 -0.998677437 -0.033354431
1709437243.114802837 88.169723806 5.159528733 1.844807778 0.027696185 -0.016008287 -0.998849274 -0.035732125
1709437243.214647770 87.982220949 5.183500449 1.841402374 0.038341263 -0.016723006 -0.998520465 -0.034744349
1709437243.313938141 87.803869540 5.191901566 1.831550677 0.036690108 -0.028647694 -0.998232669 -0.036941641
1709437243.412858725 87.634140553 5.195973974 1.834998040 0.039113647 -0.024759053 -0.998136748 -0.039751022
1709437243.514985561 87.462878228 5.178415613 1.849573372 0.027252625 -0.018839159 -0.998697433 -0.038804876
1709437243.614508152 87.287416514 5.181375366 1.842954305 0.024852260 -0.017435617 -0.998842317 -0.037314734
1709437243.713082790 87.126527505 5.197311613 1.853844778 0.015881874 -0.018291902 -0.998999294 -0.037597633
1709437243.811744928 86.953447781 5.213168870 1.849849125 0.018154125 -0.009212319 -0.998964801 -0.040680314
1709437243.910409927 86.775070473 5.205365470 1.852141923 0.016307235 0.002477398 -0.998922030 -0.043390267
1709437244.015008688 86.573574488 5.217606563 1.850933752 0.027166741 -0.000630540 -0.998839075 -0.039775283
1709437244.114097595 86.382894649 5.255406492 1.844495518 0.036203977 -0.010497382 -0.998419655 -0.041680566
1709437244.212577343 86.187149694 5.292884897 1.840078709 0.041345023 -0.012191935 -0.998089943 -0.044253953
1709437244.314539433 85.991089638 5.313570419 1.839315666 0.038771132 -0.012946918 -0.998119941 -0.045670111
1709437244.414782763 85.787295190 5.361932479 1.824176572 0.047855787 -0.006747617 -0.997701807 -0.047491035
1709437244.514614582 85.609946810 5.397106624 1.819507966 0.033227475 -0.007914210 -0.998006622 -0.053066776
1709437244.614049911 85.429072586 5.414445792 1.807521609 0.043851845 -0.011866522 -0.996448626 -0.070896667
1709437244.713093996 85.312751710 5.474416892 1.795271740 0.021689915 -0.016389253 -0.994861327 -0.097528872
1709437244.814944744 85.138208387 5.522085489 1.786801483 0.035151516 -0.019357066 -0.992770825 -0.113118361
1709437244.914294958 84.987613855 5.564143233 1.774396609 0.036145437 -0.021260615 -0.990455503 -0.131298859
1709437245.013054132 84.829069016 5.640668735 1.767457802 0.049544818 -0.028092366 -0.987662099 -0.145875657
1709437245.111654997 84.677353936 5.696331144 1.767400732 0.042268871 -0.028421893 -0.985164118 -0.163881661
1709437245.210510731 84.506424504 5.766687659 1.755166314 0.045880474 -0.026086817 -0.982639964 -0.177857138
1709437245.314939022 84.357669700 5.833479826 1.756205777 0.031122982 -0.027147904 -0.979797325 -0.195682277
1709437245.413579464 84.199847485 5.936060347 1.739046964 0.039406784 -0.030691041 -0.977588677 -0.204512944
1709437245.512167692 84.030611679 6.008768876 1.730133712 0.040045729 -0.022771158 -0.975214679 -0.216411979
1709437245.614449024 83.856459995 6.089248108 1.732652496 0.045045600 -0.026447319 -0.974495321 -0.218243679
1709437245.715078354 83.707115422 6.164204169 1.726190501 0.035903454 -0.027006588 -0.972976587 -0.226490943
1709437245.814933538 83.553119387 6.246582886 1.711707950 0.039948975 -0.030458100 -0.971945511 -0.229778823
1709437245.914058685 83.396912016 6.310226384 1.714466838 0.033449818 -0.027474409 -0.970793887 -0.235977745
1709437246.013053417 83.229121530 6.373123734 1.714443096 0.042484844 -0.022155221 -0.969397106 -0.240776735
1709437246.114449024 83.070986616 6.453680887 1.712151469 0.035364109 -0.016238431 -0.967634481 -0.249337532
1709437246.214055061 82.904965095 6.530702910 1.699101848 0.049767351 -0.012111229 -0.966280987 -0.252344175
1709437246.312730789 82.743578656 6.595276528 1.696462269 0.048169865 -0.009357533 -0.964864921 -0.258123585
1709437246.411462545 82.574147076 6.685382055 1.683281591 0.049683248 -0.012235040 -0.964458419 -0.259233169
1709437246.510491133 82.418211103 6.770045635 1.681151840 0.042996088 -0.008111336 -0.963331371 -0.264722896
1709437246.614467144 82.261715101 6.854311012 1.672028746 0.039943635 -0.003129770 -0.963894284 -0.263253717
1709437246.713124752 82.100701278 6.943866853 1.661571221 0.044877146 -0.007664969 -0.963725638 -0.262983240
1709437246.811740160 81.942311002 7.049364071 1.653382291 0.042364109 -0.005359717 -0.963532568 -0.264161968
1709437246.914787769 81.775725556 7.145970307 1.641006807 0.049756043 -0.007938201 -0.962310055 -0.267246476
1709437247.014625549 81.642802894 7.248684814 1.655004598 0.028180229 0.000243245 -0.962395247 -0.270187349
1709437247.114468575 81.482175985 7.347286303 1.652246226 0.035019606 0.006265860 -0.961939326 -0.270937446
1709437247.214560032 81.353725298 7.445322575 1.655943595 0.020546306 0.006772485 -0.962890456 -0.269024073
1709437247.314945459 81.189086788 7.546731195 1.649449951 0.030174187 0.005458695 -0.962385745 -0.269950734
1709437247.414785862 81.035713230 7.615480766 1.641395798 0.028787293 0.008097036 -0.962375283 -0.270073220
1709437247.513651133 80.884461986 7.697887631 1.631156734 0.035175291 0.003684015 -0.960637848 -0.275543196
1709437247.612281084 80.738379958 7.793414177 1.622106282 0.030865414 0.006323110 -0.960212978 -0.277485821
1709437247.711184025 80.570665611 7.890354846 1.611003038 0.051837670 0.008106568 -0.958189008 -0.281284489
1709437247.814978838 80.412465194 8.004601047 1.609547118 0.054256015 -0.004358788 -0.957235308 -0.284144066
1709437247.914189339 80.269645574 8.119017197 1.610309981 0.047333147 -0.007798403 -0.955313473 -0.291676063
1709437248.012818098 80.112906541 8.217147300 1.597912721 0.044885952 -0.005000360 -0.955481561 -0.291573719
1709437248.111433983 79.969940114 8.344027829 1.574269096 0.042158770 -0.022530367 -0.956962133 -0.286249012
1709437248.215147972 79.820540481 8.493022639 1.547948837 0.041964700 -0.040316367 -0.955420536 -0.289456652
1709437248.314975500 79.661868046 8.617762445 1.526973390 0.045357092 -0.040529768 -0.954757096 -0.291099571
1709437248.414813519 79.518170973 8.712333009 1.524228586 0.030259533 -0.025203601 -0.956749511 -0.288235168
1709437248.514440536 79.380154554 8.815570219 1.511643382 0.038800063 -0.021595761 -0.956501865 -0.288326830
1709437248.613638878 79.248122696 8.917465021 1.496004510 0.031655974 -0.025839799 -0.955451397 -0.292306057
1709437248.714744091 79.096030994 9.015883324 1.496539779 0.050083775 -0.023269823 -0.953504825 -0.296274669
1709437248.813486814 78.965695518 9.124339167 1.500485115 0.037842111 -0.018649656 -0.954428403 -0.295443038
1709437248.912076950 78.854834588 9.233503135 1.490224815 0.024310359 -0.028740259 -0.954464120 -0.295941292
1709437249.010690451 78.715449432 9.308089051 1.488761675 0.014641305 -0.023101319 -0.953866844 -0.298981613
1709437249.114923477 78.562267111 9.406912223 1.481497188 0.017626483 -0.015609616 -0.954131374 -0.298461000
1709437249.213848114 78.426144072 9.532130075 1.478744255 0.031396460 -0.027215498 -0.954240706 -0.296138910
1709437249.312524080 78.283318276 9.632745580 1.475189138 0.023959086 -0.031542371 -0.952866314 -0.300793665
1709437249.411134958 78.124673185 9.737124031 1.464352031 0.034636796 -0.027344429 -0.950589956 -0.307296778
1709437249.515092850 77.968128166 9.830486123 1.447210872 0.028345100 -0.024505962 -0.951197102 -0.306300647
1709437249.614926815 77.815145445 9.961086597 1.442571434 0.032811460 -0.029675323 -0.950301366 -0.308172188
1709437249.714771986 77.657326164 10.082978941 1.431847866 0.036691834 -0.029656429 -0.950195856 -0.308061749
1709437249.814622164 77.507335751 10.206476846 1.423407746 0.033663474 -0.036570290 -0.949990171 -0.308298653
1709437249.914448261 77.355794124 10.305153707 1.422223544 0.034600197 -0.038784913 -0.949130447 -0.310563926
1709437250.014375210 77.199351897 10.401639812 1.408022430 0.026497728 -0.031732830 -0.949655421 -0.310556725
1709437250.113179684 77.056523551 10.555932988 1.390700808 0.027213768 -0.035383009 -0.950219892 -0.308366032
1709437250.211985588 76.908421502 10.666511075 1.386964897 0.025652261 -0.039814430 -0.949831744 -0.309154380
1709437250.311020136 76.772968764 10.768217538 1.380711158 0.027525168 -0.041541158 -0.949219294 -0.310643574
1709437250.414473295 76.611931014 10.879878692 1.378474829 0.036698194 -0.039149499 -0.948022261 -0.313646859
1709437250.513520002 76.469506890 10.963563934 1.381316181 0.032253283 -0.028432813 -0.948577061 -0.313612595
1709437250.612239361 76.327651549 11.050847425 1.378612571 0.024897971 -0.027747628 -0.949099984 -0.312760898
1709437250.710928440 76.181381125 11.137799524 1.358818783 0.015346639 -0.035467769 -0.949146775 -0.312453065
1709437250.814621210 76.032867161 11.257832022 1.355629487 0.019058419 -0.036432466 -0.948634252 -0.313691740
1709437250.914314508 75.885439644 11.352230884 1.356546256 0.023692319 -0.027508397 -0.949290004 -0.312298656
1709437251.015098810 75.747432932 11.468277794 1.360377284 0.023684385 -0.029426677 -0.950163305 -0.309455673
1709437251.114932537 75.604463843 11.571694854 1.361864176 0.027107987 -0.018863142 -0.949102212 -0.313232070
1709437251.214764595 75.443907499 11.663075022 1.350035137 0.032226801 -0.009438897 -0.949662413 -0.311470130
1709437251.314276457 75.286369430 11.781537880 1.341169973 0.034135895 -0.018600140 -0.949607570 -0.311021284
1709437251.413277149 75.132265981 11.887356569 1.340007607 0.037161074 -0.015118135 -0.948407694 -0.314504916
1709437251.512240410 74.975766254 12.007768306 1.334071803 0.041271159 -0.018099369 -0.949347211 -0.310980671
1709437251.610996485 74.831879283 12.130065569 1.327809408 0.040021402 -0.024354980 -0.948104449 -0.314488594
1709437251.714503765 74.671773388 12.251514143 1.312844690 0.049654886 -0.021674038 -0.947278796 -0.315796630
1709437251.813178062 74.525406430 12.371001847 1.301631633 0.049976481 -0.014589783 -0.947014098 -0.316944454
1709437251.911870718 74.389598628 12.478645361 1.302876801 0.042705128 -0.011986363 -0.947694998 -0.316080355
1709437252.015077114 74.263407234 12.619920303 1.289058768 0.035850423 -0.011032125 -0.946760045 -0.319747489
1709437252.114911079 74.124469253 12.741017043 1.278482580 0.043181755 -0.003099484 -0.946568572 -0.319583585
1709437252.214469671 73.972055027 12.877099516 1.257494005 0.060701569 -0.013766608 -0.948316823 -0.311160736
1709437252.314575195 73.853315626 13.011645779 1.254888422 0.051144195 -0.029068009 -0.948723235 -0.310585811
1709437252.414413214 73.725068603 13.128985637 1.235795311 0.044592706 -0.034918301 -0.944776436 -0.322784277
1709437252.515033960 73.602289503 13.213902874 1.249648761 0.024930217 -0.017944084 -0.946589270 -0.320975464
1709437252.613810778 73.464641800 13.279722224 1.249791085 0.014185640 0.006825238 -0.946395231 -0.322627109
1709437252.713229656 73.337864790 13.394707248 1.225876734 0.021368365 -0.021479051 -0.952512560 -0.302988227
1709437252.811856270 73.239771544 13.501221035 1.220679257 0.011952889 -0.048144656 -0.949588014 -0.309551005
1709437252.914807320 73.101833357 13.605916053 1.210520225 0.029193284 -0.046066082 -0.946538743 -0.317946655
1709437253.014333248 72.975426190 13.689896097 1.218723844 0.019691596 -0.036932312 -0.947575249 -0.316779723
1709437253.112973928 72.824075554 13.782614621 1.219221687 0.024153943 -0.033469849 -0.949164473 -0.312062749
1709437253.211667299 72.660934278 13.881692728 1.219726194 0.019028199 -0.035661352 -0.954155463 -0.296569635
1709437253.314976931 72.480473339 13.981009868 1.211182428 0.024650336 -0.039546453 -0.958798596 -0.280238633
1709437253.414426565 72.298951357 14.083683407 1.205838286 0.023279871 -0.041930718 -0.966855892 -0.250777884
1709437253.513070822 72.103089919 14.150313195 1.199053983 0.028380025 -0.041434581 -0.973549423 -0.222888471
1709437253.614310503 71.891094316 14.221597134 1.191230049 0.035416998 -0.044496696 -0.979273553 -0.194393899
1709437253.715138674 71.714404584 14.284354065 1.193308899 0.030203896 -0.039007259 -0.985672979 -0.161291463
1709437253.814973831 71.517708823 14.345287325 1.187331245 0.032401577 -0.030594240 -0.989241893 -0.139336310
1709437253.914072037 71.350832664 14.409070757 1.189481751 0.022538738 -0.027515640 -0.991244951 -0.127154798
1709437254.012975216 71.168280167 14.471934049 1.179939441 0.027199871 -0.023625677 -0.991194718 -0.127416739
1709437254.111862659 70.995709648 14.513710849 1.172894740 0.019541588 -0.020038407 -0.991717316 -0.125352918
1709437254.215120554 70.812710831 14.586662610 1.166412702 0.030031647 -0.021297927 -0.991031503 -0.128456448
1709437254.314015627 70.644389521 14.666740926 1.152643965 0.031102051 -0.025479953 -0.991512141 -0.123641047
1709437254.412661314 70.468756040 14.736632187 1.144086044 0.033137364 -0.027942027 -0.992304822 -0.115984046
1709437254.511339426 70.278790135 14.759301564 1.144367092 0.039962747 -0.025905421 -0.993083612 -0.107316482
1709437254.614459753 70.079209435 14.807606880 1.138901662 0.038853044 -0.028596709 -0.994259153 -0.095506049
1709437254.714349031 69.892528848 14.841727885 1.134806154 0.037067313 -0.031320545 -0.995325486 -0.083499790
1709437254.812670231 69.708504969 14.875803641 1.132304297 0.032742289 -0.029623725 -0.996327137 -0.073366298
1709437254.911280870 69.520602686 14.887108650 1.125353063 0.028724852 -0.029365239 -0.997325502 -0.060451707
1709437255.014613867 69.321978852 14.904075997 1.109408300 0.036108753 -0.030497905 -0.997503800 -0.052461458
1709437255.114453793 69.129703874 14.924272511 1.106495814 0.037645078 -0.029010191 -0.997887896 -0.044283223
1709437255.214240789 68.948935086 14.921355478 1.109395228 0.036255300 -0.020732129 -0.998396063 -0.038223474
1709437255.313327074 68.751582970 14.919398877 1.104239260 0.037423831 -0.017416651 -0.998742391 -0.028456163
1709437255.412299633 68.556631885 14.903867259 1.098925393 0.036994667 -0.019252606 -0.998856846 -0.023360909
1709437255.514613152 68.359917204 14.904623461 1.101573171 0.039562264 -0.013300562 -0.998986966 -0.016821508
1709437255.613747358 68.195807532 14.926510146 1.108448545 0.025628832 -0.011184109 -0.999517936 -0.013489768
1709437255.712390661 68.020975859 14.928978590 1.099686643 0.032732000 -0.012321138 -0.999324407 -0.011293161
1709437255.811153889 67.838986198 14.944108746 1.084593562 0.029219751 -0.010345318 -0.999462389 -0.010682419
1709437255.914744377 67.648607426 14.953441783 1.076136503 0.040686134 -0.008009335 -0.999091367 -0.009845275
1709437256.013778210 67.468700527 14.969820019 1.064217205 0.038720015 -0.014309008 -0.999057114 -0.013449721
1709437256.112393141 67.279010344 14.979714505 1.056598777 0.042663120 -0.016222794 -0.998793633 -0.018109599
1709437256.215046644 67.086458928 14.975475395 1.059249258 0.040088060 -0.019382403 -0.998762202 -0.022166064
1709437256.314908266 66.905043281 15.000747695 1.049340651 0.030318339 -0.023227808 -0.998936954 -0.025811431
1709437256.414755821 66.714527901 15.011981938 1.035737336 0.032033301 -0.025617228 -0.998667704 -0.031311998
1709437256.514404535 66.523386664 15.017761411 1.030682478 0.035523919 -0.020644473 -0.998257805 -0.042346332
1709437256.613344669 66.349563761 15.049947691 1.028788960 0.037051728 -0.018394352 -0.998003952 -0.047717181
1709437256.715046644 66.158673255 15.065324807 1.025784305 0.036573067 -0.022512584 -0.997817672 -0.050154645
1709437256.814770937 65.999912608 15.088336274 1.025141904 0.022159974 -0.023234646 -0.998196111 -0.050730777
1709437256.913552284 65.846316008 15.105484473 1.029311965 0.016204262 -0.021332934 -0.998248610 -0.052745056
1709437257.012291908 65.687256381 15.120129593 1.026073574 0.013807632 -0.029819681 -0.998515249 -0.043444610
1709437257.110971451 65.509023018 15.153338098 1.011644844 0.020751223 -0.035929952 -0.998217216 -0.042904718
1709437257.214641809 65.299536544 15.159911475 1.004933671 0.037271392 -0.032154849 -0.998213274 -0.033869883
1709437257.313313007 65.131205142 15.171528052 1.015707771 0.023427789 -0.027010350 -0.998908079 -0.030070409
1709437257.411904573 64.949557624 15.186160001 1.014124315 0.019946726 -0.025950307 -0.999246570 -0.020856716
1709437257.510511160 64.782262439 15.201719666 1.010597636 0.015255868 -0.031719530 -0.999271797 -0.014731107
1709437257.614808321 64.588739175 15.219900662 1.013273991 0.015008938 -0.028720677 -0.999406990 -0.011641444
1709437257.714646339 64.422855323 15.220668815 1.031759597 0.010280182 -0.016887016 -0.999594255 -0.020505397
1709437257.814299345 64.226587423 15.253944716 1.027199073 0.012091169 -0.007429304 -0.999377754 -0.032291081
1709437257.913475990 64.042712295 15.270803420 1.027040758 0.024923769 -0.003246248 -0.998477950 -0.049092276
1709437258.014978886 63.870322516 15.300520135 1.025945072 0.029269533 -0.011839936 -0.997685412 -0.060223990
1709437258.114604950 63.707374936 15.351379603 1.011162090 0.022024241 -0.022734302 -0.996943450 -0.071427173
1709437258.213305712 63.540262581 15.399072745 1.006551871 0.025777399 -0.035649665 -0.995983070 -0.077989426
1709437258.312142372 63.375101214 15.430388205 1.000551174 0.018733928 -0.031772883 -0.995394362 -0.088484961
1709437258.415110111 63.198586815 15.453841172 1.006577590 0.018043323 -0.029344904 -0.995392067 -0.089487138
1709437258.514189720 63.034920278 15.492258607 1.009007824 0.006542981 -0.027343850 -0.995231451 -0.093401622
1709437258.612936258 62.856542677 15.504397951 1.002033604 0.022353124 -0.018045744 -0.994598232 -0.099744904
1709437258.711660624 62.657631787 15.542595423 0.997220957 0.038830989 -0.016456175 -0.993802364 -0.102850423
1709437258.810345173 62.464549557 15.573106464 1.000533699 0.041668569 -0.021682043 -0.993377976 -0.104851397
1709437258.915126324 62.243778328 15.620653842 0.970298061 0.060952532 -0.029466666 -0.992006590 -0.106486762
1709437259.014968634 62.048983479 15.664769912 0.952363266 0.048609038 -0.038232118 -0.992232831 -0.107932733
1709437259.114565611 61.865951880 15.729929352 0.941399978 0.044223898 -0.051873692 -0.992071092 -0.105585582
1709437259.213398695 61.717555415 15.778650044 0.923314358 0.021152422 -0.059203590 -0.992520268 -0.104647162
1709437259.314461946 61.543079842 15.822687400 0.916059000 0.025761538 -0.046992193 -0.992538224 -0.109526028
1709437259.414259672 61.359249226 15.849427755 0.915133472 0.040773516 -0.038117720 -0.992420817 -0.109478226
1709437259.513022661 61.195501478 15.868798677 0.916881826 0.038271796 -0.032707931 -0.992931862 -0.107479199
1709437259.611799955 61.000111058 15.889893590 0.914114796 0.051265297 -0.027431322 -0.992677783 -0.105878283
1709437259.714647532 60.815923796 15.955638207 0.915971293 0.037029229 -0.032360853 -0.993709959 -0.100608789
1709437259.814057827 60.630700810 15.999557329 0.901587341 0.032955332 -0.040059420 -0.994314907 -0.092989539
1709437259.912675858 60.465005266 16.059245954 0.885714029 0.027732770 -0.039113417 -0.995495569 -0.081790014
1709437260.011565447 60.273218234 16.061829756 0.870271761 0.033239452 -0.043246269 -0.995879112 -0.072454771
1709437260.114800453 60.070221490 16.081206171 0.856857119 0.046420463 -0.040352274 -0.996239337 -0.061024735
1709437260.214659452 59.871687059 16.101322535 0.842639698 0.042397725 -0.048993227 -0.996885506 -0.044959806
1709437260.314503908 59.676769210 16.104953626 0.832932074 0.044873770 -0.049239464 -0.997262130 -0.032094609
1709437260.414685011 59.503329992 16.132682447 0.831604476 0.031938431 -0.045420124 -0.998246247 -0.020527518
1709437260.514464855 59.326299278 16.151619460 0.836960045 0.033844829 -0.044155438 -0.998256653 -0.019709863
1709437260.614849329 59.173119453 16.152257246 0.851128442 0.026347323 -0.033153878 -0.998884992 -0.020866504
1709437260.714218140 59.007317292 16.165150643 0.845951625 0.019965748 -0.033016563 -0.999114280 -0.016790812
1709437260.813033342 58.816351151 16.190136626 0.842258032 0.019357622 -0.040889040 -0.998891615 -0.012996514
1709437260.911748648 58.620949580 16.233760157 0.829168644 0.032042217 -0.044685409 -0.998337159 -0.017303972
1709437261.014609337 58.436639465 16.237159471 0.833483742 0.043275744 -0.037291637 -0.998187494 -0.018928037
1709437261.113777399 58.237149018 16.244273778 0.828485919 0.040524717 -0.023707289 -0.998742094 -0.017605150
1709437261.212544918 58.043882732 16.235881831 0.804969790 0.051505877 -0.026863628 -0.998230932 -0.012668693
1709437261.311236382 57.840913111 16.254646579 0.791188436 0.058653321 -0.035762817 -0.997551753 -0.013088518
1709437261.414734364 57.664727603 16.273785488 0.784427866 0.042623041 -0.035224714 -0.998419543 -0.010045517
1709437261.514570475 57.498663016 16.245856194 0.782040980 0.028825027 -0.027755086 -0.999138829 -0.010971523
1709437261.614805698 57.331149690 16.226384697 0.794912705 0.012856652 -0.017110791 -0.999725430 -0.009538996
1709437261.714648008 57.148418356 16.210688321 0.794279777 0.025485300 -0.006326272 -0.999539978 -0.015175943
1709437261.814489126 56.983688773 16.187254520 0.801714958 0.016973272 -0.006212460 -0.999757990 -0.012540922
1709437261.915136814 56.787791713 16.211377472 0.788076110 0.031466939 -0.015263139 -0.999363761 -0.006995821
1709437262.013960600 56.604237999 16.233475566 0.777548848 0.040482301 -0.017389807 -0.998999240 -0.007700393
1709437262.112800360 56.411848008 16.239143078 0.774841394 0.045928721 -0.021693906 -0.998647205 -0.011121469
1709437262.211738348 56.221447052 16.239936260 0.763334996 0.050750380 -0.013056957 -0.998465157 -0.017923330
1709437262.314507484 56.036486817 16.249772321 0.763236090 0.032829962 -0.005501436 -0.999206331 -0.021877750
1709437262.413439274 55.860689296 16.259265474 0.747197499 0.032900171 -0.014507394 -0.999239147 -0.015107664
1709437262.512076616 55.676156527 16.287569917 0.739626445 0.030390646 -0.030448365 -0.998913013 -0.017947085
1709437262.610784054 55.499628398 16.309089034 0.732699147 0.034761365 -0.041004905 -0.998340075 -0.020672199
1709437262.715090752 55.311727608 16.325962486 0.728900693 0.023711953 -0.040920522 -0.998735454 -0.017051321
1709437262.814815044 55.147680234 16.321295199 0.735508853 0.028331374 -0.033670923 -0.998839751 -0.019564120
1709437262.914754629 54.976110029 16.327906114 0.744972057 0.018054697 -0.025537796 -0.999322519 -0.019399769
1709437263.014598131 54.792914126 16.356701378 0.745173405 0.019785766 -0.021364887 -0.999400019 -0.018752802
1709437263.114444971 54.610465972 16.347425486 0.739668794 0.028589997 -0.010526730 -0.999296279 -0.021880294
1709437263.215028763 54.410265033 16.350447881 0.729614626 0.043802407 -0.005024560 -0.998946023 -0.012765036
1709437263.313867569 54.215240950 16.349669796 0.732005972 0.053485274 -0.012009661 -0.998367981 -0.016014601
1709437263.412900686 54.030024533 16.378401971 0.719650351 0.036653271 -0.022987502 -0.998864574 -0.019941776
1709437263.511991024 53.852798963 16.385177940 0.711995397 0.027620403 -0.019646738 -0.999129032 -0.024337149
1709437263.614459038 53.663833201 16.407789256 0.705693284 0.027825621 -0.021474140 -0.999121873 -0.022805247
1709437263.713243008 53.464911533 16.435180297 0.686499332 0.050339820 -0.034741442 -0.997972237 -0.017616699
1709437263.811881304 53.270019100 16.448395793 0.685965412 0.046853612 -0.038694477 -0.998135578 -0.005730937
1709437263.910576344 53.083197888 16.453330407 0.679299693 0.039681963 -0.038024694 -0.998449288 0.008859070
1709437264.014953613 52.904440711 16.456744028 0.672658677 0.022009400 -0.044901069 -0.998559216 0.019467216
1709437264.113885641 52.734375313 16.419057925 0.669820933 0.033536196 -0.027227463 -0.998969225 0.013945503
1709437264.212344646 52.539354943 16.384160848 0.677275583 0.037561563 -0.015300178 -0.998794873 0.027637578
1709437264.314447403 52.355639008 16.342495104 0.689235384 0.037054614 -0.011552571 -0.998586811 0.036302540
1709437264.415085554 52.185483419 16.341364824 0.677104258 0.021636197 -0.021533073 -0.998526425 0.044868485
1709437264.514942408 52.005697342 16.317893421 0.668991022 0.031900540 -0.021225749 -0.998566950 0.037361335
1709437264.614231348 51.844435976 16.304492873 0.682732444 0.025125164 -0.000081933 -0.998992162 0.037193825
1709437264.713206291 51.659448802 16.268011388 0.679805795 0.035025684 -0.000265302 -0.998609131 0.039407298
1709437264.814460993 51.489418907 16.273961034 0.676997779 0.023609403 -0.015386887 -0.999028604 0.033877545
1709437264.914140463 51.323441408 16.269517048 0.660377729 0.020175543 -0.026389520 -0.998866034 0.034105533
1709437265.012811899 51.147798653 16.277369028 0.648972951 0.025457921 -0.025359197 -0.998927577 0.029197610
1709437265.111571550 50.971797199 16.270621780 0.658288339 0.039469003 -0.019146987 -0.998746017 0.024124370
1709437265.210321426 50.792019444 16.252785939 0.648530969 0.043028760 -0.011797872 -0.998825537 0.018891358
1709437265.314467907 50.602192555 16.245506753 0.642797806 0.046750398 -0.019464794 -0.998490013 0.021288877
1709437265.413509369 50.423853552 16.267172465 0.640073793 0.030942488 -0.037895726 -0.998499671 0.024594364
1709437265.514948606 50.263527710 16.296407211 0.626317327 0.011759927 -0.056895919 -0.997976493 0.025835588
1709437265.614784241 50.089061347 16.294976096 0.610464769 0.019537752 -0.055253091 -0.998260889 0.006369431
1709437265.714639902 49.929703270 16.291452291 0.646060489 0.014821078 -0.032172197 -0.999256121 0.015247652
1709437265.814484358 49.752893252 16.261255026 0.636942553 0.021649172 -0.018793949 -0.999424642 0.018124156
1709437265.914281845 49.574936423 16.252683087 0.640574207 0.025015379 -0.022432656 -0.999341667 0.013683538
1709437266.013116121 49.390286868 16.263686627 0.623321348 0.035739782 -0.037104260 -0.998503606 0.018343664
1709437266.114811182 49.197864308 16.269172214 0.600292446 0.050636922 -0.046313055 -0.997497079 0.017046440
1709437266.213982821 49.033115384 16.252769124 0.617300027 0.039013950 -0.031734310 -0.998480197 0.022541998
1709437266.312528610 48.884799656 16.229586482 0.623037596 0.022397551 -0.023966282 -0.999193883 0.023141995
1709437266.411233902 48.699845739 16.220882630 0.611252151 0.027328013 -0.019563074 -0.999231156 0.020188178
1709437266.514963150 48.504978085 16.220362201 0.617762816 0.038103440 -0.005077951 -0.998963789 0.024365766
1709437266.614416361 48.330727708 16.230177798 0.613685148 0.041123770 -0.014962669 -0.998821434 0.020992793
1709437266.712976933 48.141693746 16.250765479 0.586789708 0.046732006 -0.032344872 -0.998146875 0.021742682
1709437266.811615229 47.954964577 16.247994701 0.586960415 0.046156989 -0.027598221 -0.998448608 0.014430805
1709437266.915117741 47.759992729 16.236103342 0.585827890 0.043183367 -0.023960859 -0.998641990 0.016590628
1709437267.014948606 47.572919920 16.221522222 0.570128058 0.042975766 -0.022602851 -0.998749275 0.011919755
1709437267.114804983 47.376265888 16.234983574 0.545349266 0.057224263 -0.025273193 -0.998036962 0.002978629
1709437267.214059114 47.187202284 16.237748657 0.542532063 0.056189985 -0.031034880 -0.997935675 -0.001977225
1709437267.313295126 47.021560240 16.246611488 0.540607371 0.036319975 -0.033810891 -0.998745496 -0.006716961
1709437267.414885044 46.853380421 16.237780961 0.539201779 0.026366742 -0.030818271 -0.999157986 -0.006192525
1709437267.513530016 46.683953532 16.273288283 0.526294393 0.026582446 -0.041178828 -0.998771407 -0.007304431
1709437267.612417936 46.509859609 16.275554540 0.525958674 0.033752362 -0.037002833 -0.998656924 -0.013263339
1709437267.711078644 46.337652634 16.259075117 0.528681224 0.025360279 -0.029672247 -0.999119755 -0.015366512
1709437267.809714794 46.169503998 16.276065632 0.525188036 0.019328852 -0.042100658 -0.998871223 -0.010498069
1709437267.914137602 45.971258508 16.302217158 0.502175743 0.022871565 -0.045909485 -0.998544308 -0.016687594
1709437268.012682915 45.792383076 16.328947540 0.509804290 0.029327147 -0.043147215 -0.998308643 -0.025653243
1709437268.111207485 45.605982870 16.344646145 0.494800932 0.045992191 -0.047436471 -0.997462413 -0.026518582
1709437268.214637041 45.442333857 16.387704074 0.482141304 0.035076784 -0.060413831 -0.997018461 -0.032771568
1709437268.314441204 45.276734620 16.411097728 0.482908524 0.015105119 -0.061061002 -0.997395558 -0.035291503
1709437268.415120363 45.099948873 16.428849539 0.476401945 0.017833431 -0.056345892 -0.997470261 -0.039499208
1709437268.514173746 44.912777344 16.443011831 0.463381413 0.034405450 -0.060337550 -0.996736568 -0.041132214
1709437268.613209724 44.718599096 16.449890591 0.467145144 0.049324172 -0.054890123 -0.996125181 -0.047841668
1709437268.714643717 44.532609101 16.442060321 0.474879426 0.042479219 -0.041873001 -0.997225339 -0.044539761
1709437268.813259363 44.374699886 16.441250141 0.464846896 0.019035393 -0.046326865 -0.998024875 -0.037918665
1709437268.912150860 44.191611700 16.497552146 0.439777897 0.035489991 -0.066255977 -0.996439016 -0.038208565
1709437269.010968208 43.998868088 16.515173007 0.452959762 0.045267576 -0.063661971 -0.996372414 -0.033764082
1709437269.114800215 43.834579733 16.519058293 0.453615855 0.029170026 -0.054680709 -0.997706614 -0.027214750
1709437269.213789225 43.669789789 16.511734904 0.453740904 0.019540241 -0.051932601 -0.998131896 -0.025571491
1709437269.312450171 43.500505876 16.539179091 0.458580154 0.015969615 -0.045045059 -0.998482152 -0.027373471
1709437269.415110350 43.322030426 16.539047955 0.452355049 0.011078611 -0.031680068 -0.999066366 -0.027203579
1709437269.514942646 43.160642893 16.555970778 0.466455580 -0.006089514 -0.026658379 -0.999356656 -0.023206076
1709437269.613966703 42.996662829 16.559666346 0.462607120 -0.004894881 -0.030359455 -0.999303472 -0.021140353
1709437269.714646578 42.815465099 16.554491090 0.459128038 0.001903814 -0.027377929 -0.999294270 -0.025647366
1709437269.814493895 42.612184608 16.555886114 0.466160015 0.034889120 -0.018266417 -0.998729974 -0.031424931
1709437269.915124178 42.435124182 16.583864975 0.479011258 0.031564226 -0.017348021 -0.998749451 -0.034673913
1709437270.014412165 42.255985817 16.608743607 0.463348996 0.029008213 -0.032849461 -0.998678261 -0.026854561
1709437270.113174438 42.072030688 16.654611600 0.452960292 0.024648093 -0.044317288 -0.998446697 -0.023079032
1709437270.212055445 41.863945386 16.660547450 0.437634522 0.041613714 -0.042847041 -0.997741018 -0.030745597
1709437270.310930967 41.682434606 16.651309372 0.458676627 0.040403450 -0.035529730 -0.998363541 -0.019376253
1709437270.414873123 41.489340772 16.635192926 0.455438555 0.020523388 -0.026431891 -0.999372871 -0.011576315
1709437270.513468504 41.295847518 16.632196916 0.437943462 0.025445858 -0.029911235 -0.999224987 -0.002693013
1709437270.611977816 41.100580451 16.651328196 0.429720316 0.042340704 -0.034026839 -0.998509772 -0.005260605
1709437270.710660458 40.904367907 16.649048907 0.426006878 0.044146152 -0.026025240 -0.998665364 -0.006426120
1709437270.814520597 40.715888645 16.644814985 0.425915010 0.033993220 -0.018935355 -0.999219162 -0.006854125
1709437270.913953543 40.525917467 16.668985061 0.415491099 0.035969257 -0.024162839 -0.999049674 -0.004703038
1709437271.014633894 40.352314609 16.671008403 0.412464104 0.036704240 -0.019809993 -0.999076119 -0.010357163
1709437271.114486217 40.175201278 16.688696752 0.421343537 0.031767276 -0.012434853 -0.999362273 -0.010548102
1709437271.215109587 40.011769037 16.697010831 0.413294945 0.020501555 -0.011077326 -0.999623077 -0.014514919
1709437271.314291000 39.834471354 16.708461535 0.411533085 0.029678884 -0.005053829 -0.999275876 -0.023266867
1709437271.413217306 39.659983793 16.725781559 0.410805233 0.029765716 -0.005589794 -0.999156483 -0.027732270
1709437271.512028456 39.483846711 16.748800496 0.397862298 0.036010668 -0.017725288 -0.998620080 -0.033867125
1709437271.611278534 39.292983018 16.791388012 0.379356662 0.040160916 -0.022369174 -0.998190359 -0.038765026
1709437271.714437485 39.116608610 16.814468108 0.381493913 0.034369644 -0.022679791 -0.998040507 -0.047111583
1709437271.813024044 38.928163549 16.842089098 0.363180384 0.043750424 -0.027631400 -0.997382894 -0.050495244
1709437271.911772251 38.754052919 16.852135197 0.358869695 0.030255121 -0.023957021 -0.997867619 -0.052639369
1709437272.010417938 38.570188294 16.873357845 0.352405954 0.037832994 -0.021471084 -0.997569494 -0.054431260
1709437272.114463329 38.386669633 16.884991189 0.355718927 0.027073477 -0.014729826 -0.998049156 -0.054294944
1709437272.214171410 38.192744444 16.894777795 0.353014537 0.035203832 -0.016650428 -0.997882403 -0.052097626
1709437272.314958811 38.015366983 16.899174082 0.351222273 0.034357527 -0.020527762 -0.997981091 -0.049314435
1709437272.414781809 37.826430186 16.905450482 0.347028294 0.028514897 -0.016629376 -0.998638790 -0.040384788
1709437272.514631748 37.646205489 16.930663260 0.345337491 0.020270985 -0.020801885 -0.999290586 -0.023972775
1709437272.613976002 37.452195854 16.908571269 0.335112587 0.021560893 -0.034376494 -0.999172456 -0.002790831
1709437272.713305473 37.247321164 16.901732092 0.315045160 0.032091017 -0.044293612 -0.998414054 0.013327371
1709437272.812109232 37.046279304 16.885760708 0.313394161 0.041239687 -0.036485141 -0.997934027 0.033102889
1709437272.914786816 36.855976285 16.851601131 0.306803512 0.041555022 -0.023804621 -0.997529179 0.051400947
1709437273.014082909 36.680759659 16.832143680 0.307336988 0.038107486 -0.029622869 -0.996841856 0.063060442
1709437273.112694740 36.502012076 16.822642725 0.301196094 0.044999906 -0.029767896 -0.996582727 0.062543978
1709437273.211455584 36.321042354 16.804116272 0.299411508 0.036934068 -0.022207898 -0.997492122 0.056144008
1709437273.314950466 36.145723276 16.790202521 0.303660459 0.031953602 -0.019908825 -0.998383020 0.042590509
1709437273.414464235 35.966514219 16.786870934 0.295819163 0.027117548 -0.019690561 -0.999218894 0.020940909
1709437273.513040066 35.791535353 16.808303347 0.288622498 0.030243490 -0.021328621 -0.999314019 0.001382743
1709437273.611570358 35.628988565 16.819364204 0.289314908 0.035946948 -0.022225157 -0.998888415 -0.020875682
1709437273.715091228 35.455869848 16.843211657 0.287162388 0.036665038 -0.018076613 -0.998326452 -0.040904855
1709437273.814923525 35.287571018 16.861406324 0.281203326 0.025705605 -0.013580857 -0.997608793 -0.062701499
1709437273.914202213 35.109274821 16.909200799 0.273240240 0.036967895 -0.023993966 -0.996986492 -0.063840418
1709437274.013136387 34.935418159 16.952688439 0.266032745 0.036443302 -0.032542754 -0.996253779 -0.071353082
1709437274.112728119 34.753759537 17.005358240 0.256541332 0.039286310 -0.034862171 -0.995959381 -0.072843164
1709437274.215116501 34.558381269 17.026433277 0.245264272 0.042397301 -0.034808908 -0.995632569 -0.075542014
1709437274.313781738 34.377616686 17.040732847 0.243262021 0.040151255 -0.033414730 -0.995702173 -0.076475580
1709437274.412489414 34.203234848 17.069920517 0.233031177 0.038872706 -0.030301599 -0.995832536 -0.076735168
1709437274.511277437 34.029314555 17.099406675 0.232953938 0.028189542 -0.027802618 -0.996099239 -0.078858544
1709437274.614503384 33.847753083 17.156896473 0.224749515 0.031640865 -0.031830591 -0.995531244 -0.083085562
1709437274.714883327 33.678644821 17.185137851 0.222833135 0.029787899 -0.029946460 -0.994865383 -0.091971519
1709437274.812749624 33.497368685 17.211331479 0.215924142 0.035067458 -0.024821390 -0.994862332 -0.091668491
1709437274.914805174 33.318955276 17.250083235 0.211661301 0.031941893 -0.031315302 -0.994830462 -0.091166983
1709437275.014663458 33.120897922 17.289046418 0.199311831 0.040704637 -0.032679832 -0.994450233 -0.091344927
1709437275.114499807 32.937638517 17.310339698 0.201762541 0.030729980 -0.025619919 -0.995331876 -0.087827922
1709437275.214277267 32.747804633 17.324801833 0.189796530 0.033930282 -0.019583608 -0.995755095 -0.083288705
1709437275.313808441 32.575493907 17.334176914 0.204951728 0.023263492 -0.019522844 -0.997027734 -0.070805126
1709437275.412277460 32.393104473 17.346845658 0.193280941 0.023909245 -0.019796314 -0.997986995 -0.055302917
1709437275.514661074 32.200245875 17.368949281 0.192220549 0.020132699 -0.029457261 -0.998602134 -0.038996433
1709437275.613613605 32.023877830 17.365702447 0.189826658 0.029105073 -0.026524031 -0.998834352 -0.027916074
1709437275.712305069 31.831200551 17.368606980 0.187139756 0.037019443 -0.027096951 -0.998808284 -0.016653184
1709437275.811073303 31.658674090 17.382917562 0.186551508 0.031241705 -0.024394364 -0.999138545 -0.012289791
1709437275.914794683 31.452364636 17.388530282 0.178200535 0.026342190 -0.021995895 -0.999398038 -0.005082541
1709437276.013726234 31.258992359 17.402739157 0.165674158 0.035014906 -0.025930818 -0.999041404 0.004221711
1709437276.112437248 31.061787048 17.427258977 0.147565626 0.046674775 -0.037365504 -0.998136081 0.012233066
1709437276.215122938 30.854633849 17.434816227 0.136923679 0.054303692 -0.038936975 -0.997621871 0.016900371
1709437276.314966440 30.651266836 17.421004458 0.120139726 0.058865752 -0.038198209 -0.997351384 0.019129485
1709437276.414799213 30.464646440 17.409494573 0.117544452 0.043870868 -0.035565915 -0.998014496 0.027883300
1709437276.514280796 30.294240752 17.399400510 0.122779570 0.024670944 -0.037438206 -0.998338386 0.036196577
1709437276.613083124 30.119468761 17.403571714 0.114679094 0.011755584 -0.049104596 -0.997685809 0.045536486
1709437276.715126038 29.942801690 17.396195745 0.114833736 0.020537607 -0.045462942 -0.997745202 0.044898098
1709437276.814628124 29.772524148 17.352830020 0.116818721 0.029130922 -0.033062596 -0.997822761 0.049071302
1709437276.913241386 29.588937285 17.346222390 0.109135020 0.041038302 -0.035906834 -0.996986968 0.055168320
1709437277.011965036 29.399311078 17.327571486 0.115417903 0.042484384 -0.039425310 -0.996340611 0.062818055
1709437277.110799551 29.202605563 17.314543546 0.102125501 0.035273329 -0.039354676 -0.995688322 0.076234952
1709437277.214828730 29.000956054 17.274554401 0.092119757 0.038514228 -0.053248621 -0.994339856 0.083483472
1709437277.313441277 28.822076467 17.247859433 0.092920292 0.040489996 -0.046088508 -0.994873631 0.080391966
1709437277.411945343 28.659418361 17.189694732 0.097729645 0.032774188 -0.027924838 -0.994871996 0.091519220
1709437277.510396242 28.524128970 17.121418596 0.103124754 0.011540551 -0.010222664 -0.994848155 0.100197113
1709437277.614515305 28.335399912 17.093065383 0.100528251 0.029937896 -0.019194915 -0.993545359 0.107716747
1709437277.714752197 28.140564468 17.081943948 0.087272218 0.043511958 -0.024902690 -0.992725910 0.109461556
1709437277.814548969 27.949328943 17.028562297 0.079761922 0.047864418 -0.023164185 -0.992146605 0.113214543
1709437277.913482904 27.762555586 16.999940391 0.078396842 0.039843426 -0.032838432 -0.991319737 0.120910370
1709437278.014623404 27.579553131 16.965268369 0.075407818 0.024019629 -0.038316630 -0.991437582 0.122500670
1709437278.114329338 27.384248806 16.904603101 0.058366061 0.035906715 -0.035482999 -0.991202910 0.122345644
1709437278.213076830 27.198868538 16.862456343 0.062349102 0.036013585 -0.030060961 -0.990738093 0.127426023
1709437278.311917782 27.033354861 16.812687753 0.069424770 0.031794466 -0.027685908 -0.990059604 0.134181158
1709437278.414819956 26.887492797 16.769626356 0.075137851 0.004620514 -0.033481143 -0.990252903 0.135117918
1709437278.514197350 26.721889232 16.709908074 0.067020791 0.006338139 -0.026044615 -0.990749688 0.133028427
1709437278.612904310 26.546400124 16.638923696 0.066632365 0.019554149 -0.017240004 -0.990534195 0.134768043
1709437278.711487293 26.385237924 16.607339045 0.081805307 0.015349621 -0.026403698 -0.989234658 0.143115428
1709437278.810181141 26.219921294 16.591521564 0.062304825 0.025052199 -0.038687056 -0.989508697 0.136924201
1709437278.914437056 26.051781130 16.547657625 0.054120885 0.033136098 -0.031543221 -0.991739237 0.119834509
1709437279.015063763 25.871888090 16.507446885 0.070720799 0.053092269 -0.015126354 -0.992698732 0.107245660
1709437279.114901543 25.694606476 16.469284105 0.085607973 0.053482834 -0.015208694 -0.994298177 0.090991299
1709437279.213801146 25.532527532 16.466688740 0.065424253 0.031187093 -0.027190507 -0.996139597 0.077420571
1709437279.314614296 25.382598645 16.476027726 0.045286962 0.022367873 -0.047273508 -0.995766209 0.075594641
1709437279.414028168 25.200930813 16.458983703 0.030787237 0.048209670 -0.053357533 -0.994926469 0.070357109
1709437279.512915373 25.026074107 16.440517471 0.020465421 0.041224745 -0.059585853 -0.994766973 0.072032737
1709437279.611789227 24.863980856 16.404571206 0.024696176 0.036263671 -0.044013025 -0.996629951 0.058962189
1709437279.714775562 24.674861583 16.357768966 0.034597076 0.036982651 -0.026416703 -0.997400725 0.055912738
1709437279.814131021 24.488643685 16.338791890 0.020475645 0.036730079 -0.033285495 -0.996819038 0.062408190
1709437279.912791491 24.297696360 16.334928122 0.008439834 0.045746912 -0.041688421 -0.996139876 0.062246626
1709437280.011322021 24.131586406 16.323150532 0.009708437 0.029929872 -0.045697681 -0.996434643 0.064295623
1709437280.114936829 23.946477693 16.276323780 0.004002914 0.029476636 -0.037676389 -0.997021813 0.060490670
1709437280.214773178 23.760312186 16.245179899 -0.014384762 0.023516556 -0.038876688 -0.997398107 0.055969551
1709437280.314611912 23.571580150 16.202732306 -0.016025166 0.054712240 -0.017361389 -0.997321750 0.045326382
1709437280.414461613 23.392398162 16.182852381 0.003484140 0.045944235 -0.010509691 -0.997724304 0.048217083
1709437280.515104294 23.224422200 16.194780241 -0.016531102 0.045896896 -0.027862235 -0.996934719 0.056906390
1709437280.614937305 23.051208406 16.221399058 -0.038730562 0.021586630 -0.049409140 -0.997174321 0.052308017
1709437280.714005709 22.881494691 16.230665983 -0.032720440 0.033103454 -0.042776715 -0.997279870 0.050071704
1709437280.812818050 22.711413059 16.211124623 -0.039856847 0.041099229 -0.034917801 -0.997229161 0.051240617
1709437280.911828756 22.535060523 16.190134587 -0.042321459 0.029244455 -0.033338543 -0.997533740 0.054403500
1709437281.014996052 22.349987197 16.158118164 -0.040323292 0.028923477 -0.031577771 -0.997763685 0.051321597
1709437281.113760233 22.178311477 16.135005742 -0.049112581 0.031688155 -0.025977843 -0.997961489 0.048927291
1709437281.212314606 22.006535328 16.122522152 -0.035097149 0.019501093 -0.024550818 -0.998390412 0.047260442
1709437281.311112404 21.810063780 16.101857186 -0.059342942 0.042124865 -0.029391402 -0.997260026 0.053236101
1709437281.414449930 21.612620597 16.084968531 -0.069383279 0.037714848 -0.037483627 -0.997303809 0.050573514
1709437281.515105724 21.423373062 16.070462929 -0.087435263 0.044813395 -0.048965070 -0.996535030 0.050121007
1709437281.614938498 21.221009104 16.045755971 -0.114296660 0.051283151 -0.047285461 -0.996602354 0.043793504
1709437281.714768171 21.025524978 16.025575241 -0.108945674 0.044997609 -0.043413662 -0.996931433 0.047097627
1709437281.814607143 20.840084076 16.011267297 -0.117552598 0.048709768 -0.044159237 -0.996779772 0.045906495
1709437281.914440393 20.662878592 16.007961833 -0.116384821 0.029693210 -0.049306462 -0.997086790 0.050051160
1709437282.013863087 20.480368748 16.005599689 -0.123632981 0.035289405 -0.050986906 -0.996667749 0.052994249
1709437282.112848043 20.298970950 15.991218164 -0.126964206 0.030061479 -0.045120954 -0.996858774 0.057732076
1709437282.211772919 20.113866922 15.952719734 -0.132718990 0.041685420 -0.034385388 -0.997048679 0.054533505
1709437282.314586163 19.939558099 15.924599643 -0.117411842 0.040562936 -0.012982780 -0.997554623 0.055415434
1709437282.413494587 19.772023852 15.887843205 -0.114614245 0.038521768 -0.001644826 -0.997706341 0.055636552
1709437282.512033463 19.609099237 15.887927878 -0.114590968 0.022790360 -0.005173820 -0.998261834 0.054103067
1709437282.610707521 19.442105395 15.877978783 -0.135033339 0.022272121 -0.018689698 -0.998042591 0.055368178
1709437282.714748383 19.251149233 15.884084646 -0.149866996 0.026928977 -0.023249145 -0.997865298 0.054764531
1709437282.814248085 19.086306644 15.849687235 -0.138416534 0.030679575 -0.008898079 -0.998266742 0.049427731
1709437282.912718058 18.910485738 15.823837053 -0.133586949 0.027020880 -0.003747939 -0.998373633 0.050059113
1709437283.015084505 18.722715052 15.822641639 -0.145746596 0.027424967 -0.013029003 -0.998299610 0.049759470
1709437283.114928007 18.526201280 15.804754561 -0.155247860 0.035522908 -0.013430929 -0.998288487 0.044472798
1709437283.214779615 18.334876758 15.789193359 -0.152375717 0.039548690 -0.011523758 -0.998190640 0.043801249
1709437283.314043045 18.150643382 15.789473833 -0.156702813 0.031256740 -0.019247959 -0.998246629 0.046434904
1709437283.413075686 17.983837885 15.791049905 -0.153832605 0.018714482 -0.028584508 -0.998383361 0.045424199
1709437283.515082121 17.795573298 15.769717868 -0.165889629 0.017679183 -0.021326828 -0.998754793 0.041490681
1709437283.614458561 17.612120879 15.751675214 -0.170873409 0.024863994 -0.021556428 -0.998860113 0.034577118
1709437283.713224173 17.419489508 15.728448756 -0.174751855 0.042220338 -0.010797848 -0.998622794 0.029212404
1709437283.811905861 17.241138485 15.684913039 -0.164663207 0.038326351 -0.006819706 -0.998879824 0.026901277
1709437283.910520077 17.057916198 15.689197313 -0.178892693 0.033975152 -0.022440376 -0.998690206 0.030983724
1709437284.015068054 16.902359945 15.731399082 -0.199483527 0.015727185 -0.048505155 -0.998355421 0.026198465
1709437284.113759995 16.735967257 15.728518470 -0.211022226 0.029551082 -0.044798305 -0.998370214 0.019410328
1709437284.214747906 16.572705360 15.720887231 -0.203928854 0.022094399 -0.039512595 -0.998767472 0.020350173
1709437284.314582825 16.390964623 15.711339526 -0.205739243 0.042484337 -0.025804630 -0.998638932 0.015795131
1709437284.414811134 16.197700902 15.702551037 -0.203687376 0.043057484 -0.023810740 -0.998665872 0.015670918
1709437284.514644384 16.010567376 15.698748183 -0.208091947 0.040988585 -0.024180309 -0.998745291 0.015591409
1709437284.614033222 15.819179243 15.703633213 -0.227956174 0.034814980 -0.025905816 -0.998887285 0.018466100
1709437284.713071823 15.629043225 15.697564831 -0.230429330 0.034181870 -0.023777187 -0.998986421 0.017098996
1709437284.814957142 15.435429638 15.691393800 -0.228569676 0.025374086 -0.021239591 -0.999230181 0.021073240
1709437284.914131403 15.243845147 15.677129513 -0.237007442 0.018396326 -0.020690818 -0.999278802 0.025987315
1709437285.012796164 15.075207208 15.678781888 -0.243191514 0.019144467 -0.020132266 -0.999215078 0.028238418
1709437285.111543894 14.892774926 15.654625776 -0.232658451 0.027718831 -0.016679562 -0.999071637 0.028448586
1709437285.215117455 14.693579262 15.627918656 -0.247298703 0.036560135 -0.004711753 -0.998957394 0.026931056
1709437285.314733982 14.517470572 15.611098126 -0.236302229 0.032168222 -0.008403291 -0.999025839 0.029016587
1709437285.413294554 14.341941224 15.613125826 -0.236442464 0.031851939 -0.010536553 -0.998913213 0.032354708
1709437285.511928797 14.158135476 15.610819883 -0.249054145 0.023387863 -0.017851931 -0.999003151 0.033571138
1709437285.614469528 13.971171711 15.611508978 -0.252701171 0.029760391 -0.016970606 -0.998793790 0.035175041
1709437285.715106726 13.779815896 15.588042293 -0.253909583 0.028473113 -0.008463843 -0.998729410 0.040708861
1709437285.814954758 13.596533071 15.553544290 -0.251232224 0.029886259 -0.003510493 -0.998598360 0.043540818
1709437285.914281130 13.407286674 15.519134513 -0.257395464 0.031412127 -0.004940887 -0.998332763 0.048172202
1709437286.013302088 13.220070906 15.490028096 -0.266984056 0.031611567 -0.010399833 -0.998043009 0.052940572
1709437286.114491224 13.022705116 15.467888138 -0.272687506 0.041644161 -0.009415969 -0.997585508 0.054774603
1709437286.213997841 12.839014548 15.439195448 -0.278931300 0.040547057 -0.011886840 -0.997451242 0.057494855
1709437286.312752485 12.646481882 15.411802131 -0.288359209 0.045560395 -0.010779437 -0.997249282 0.057462375
1709437286.411464691 12.455169217 15.403123607 -0.293489729 0.041174682 -0.019426820 -0.997171948 0.059794226
1709437286.514663696 12.267296367 15.380605118 -0.305857055 0.037534852 -0.012843193 -0.997498192 0.058511061
1709437286.614383936 12.101228234 15.319416980 -0.294818612 0.020708377 0.006419160 -0.997489565 0.067413089
1709437286.712947130 11.939907204 15.293057252 -0.288912453 0.022342164 0.015418154 -0.997132903 0.070633435
1709437286.811493874 11.756728534 15.249088011 -0.305395682 0.031753065 0.022410906 -0.996754435 0.070498875
1709437286.914431334 11.555565886 15.230223043 -0.305710293 0.048410001 0.024718840 -0.995520203 0.077362625
1709437287.015074492 11.370661658 15.224116669 -0.312133484 0.047622447 0.008448458 -0.995423557 0.082417650
1709437287.114917994 11.213236557 15.223781685 -0.336409173 0.021267046 -0.013029729 -0.995191204 0.094722789
1709437287.214533806 11.061385236 15.197369642 -0.330356761 0.007991502 -0.019576533 -0.994575409 0.101846212
1709437287.314612627 10.895401943 15.148588930 -0.320942768 0.015306908 -0.008593211 -0.994534855 0.102918786
1709437287.414455414 10.727249632 15.089729242 -0.313120783 0.003371960 0.000712142 -0.994347745 0.106116371
1709437287.513684034 10.553584396 15.043620301 -0.306490298 0.022528548 0.002583741 -0.993127293 0.114821463
1709437287.612517595 10.373471682 15.027664810 -0.314137332 0.032340130 -0.010396813 -0.993446404 0.109134160
1709437287.710991144 10.209245696 15.012514648 -0.313887971 0.019109397 -0.022079824 -0.994167243 0.103821024
1709437287.814620018 10.013153257 14.976431373 -0.331834861 0.023941688 -0.022017338 -0.994622282 0.098328777
1709437287.913963079 9.850388572 14.938408054 -0.333405880 0.019256411 -0.023810246 -0.994815075 0.096980564
1709437288.012524843 9.665389808 14.899640851 -0.329907878 0.029695302 -0.017698709 -0.994559256 0.098269172
1709437288.111192703 9.470102333 14.859317041 -0.338371006 0.024379354 -0.022029321 -0.993894049 0.105332689
1709437288.214776278 9.269958838 14.818901692 -0.347690336 0.032221267 -0.028965077 -0.993030430 0.109605559
1709437288.314622164 9.081903192 14.766964311 -0.342406256 0.027158167 -0.024143365 -0.991805526 0.122479918
1709437288.414484024 8.870187760 14.724339896 -0.353099104 0.036233614 -0.024985933 -0.990254163 0.132134483
1709437288.514461756 8.686191708 14.676276923 -0.361245982 0.034040611 -0.028827289 -0.989961314 0.134114955
1709437288.614980459 8.527765317 14.615003547 -0.352805036 0.034152994 -0.014231994 -0.989832134 0.137343983
1709437288.714810848 8.354821453 14.551546531 -0.354666913 0.029860407 -0.012731654 -0.988951383 0.144642398
1709437288.814104080 8.177567617 14.511517810 -0.361888053 0.034163854 -0.014415193 -0.987591996 0.152601060
1709437288.912429571 8.014051439 14.469532386 -0.363571527 0.026146718 -0.029126978 -0.985950871 0.162384879
1709437289.010942936 7.856131429 14.440423071 -0.367168367 0.019741710 -0.042250427 -0.983942479 0.172285705
1709437289.115002155 7.692142358 14.342371272 -0.363876626 0.016820680 -0.029332093 -0.983976260 0.175064024
1709437289.213779211 7.538148727 14.261009967 -0.351747515 0.000152486 -0.015521389 -0.981532995 0.190662115
1709437289.312518120 7.403793454 14.179439074 -0.335571479 -0.009839288 -0.013727015 -0.978384152 0.206104849
1709437289.411214352 7.251078994 14.095880784 -0.329343324 -0.017684868 -0.009132713 -0.976234799 0.215799575
1709437289.514775991 7.099801903 13.998186624 -0.312253111 -0.017696654 0.008079078 -0.975180350 0.220555758
1709437289.613966703 6.925578148 13.907725253 -0.297239669 -0.007126533 0.009425088 -0.973074514 0.230187687
1709437289.714425802 6.753730894 13.825886005 -0.297853654 0.002557498 -0.003042123 -0.970724352 0.240163355
1709437289.815075397 6.587467678 13.766581383 -0.310063777 0.007752308 -0.015921892 -0.968514784 0.248325408
1709437289.914912701 6.403032437 13.671048964 -0.308513691 0.015159215 -0.013693977 -0.969240612 0.245265793
1709437290.014439106 6.240417234 13.595805212 -0.302339407 0.014358548 -0.019071549 -0.968949241 0.246104606
1709437290.113495350 6.049470617 13.510926118 -0.317182870 0.038108664 -0.014099351 -0.966948559 0.251712975
1709437290.212204456 5.852123859 13.424028442 -0.333919897 0.048021884 -0.025090950 -0.964387544 0.258884160
1709437290.315095186 5.645099115 13.315513753 -0.335011685 0.065308223 -0.028429540 -0.959014476 0.274258697
1709437290.414543629 5.479361858 13.203769011 -0.336485960 0.050332515 -0.041143312 -0.953982318 0.292731281
1709437290.513268709 5.339433742 13.081445850 -0.338696757 0.034907619 -0.038523707 -0.950403279 0.306644727
1709437290.611970901 5.202488967 12.954857188 -0.324529432 0.028954559 -0.040868373 -0.943189785 0.328457668
1709437290.710599661 5.078252880 12.833948962 -0.301339500 0.035827514 -0.033516660 -0.938812721 0.340915968
1709437290.815114260 4.942515393 12.698175925 -0.302528244 0.034349223 -0.033288686 -0.932007310 0.359269215
1709437290.914940596 4.813290126 12.565810325 -0.298465263 0.038747376 -0.028784079 -0.927425582 0.370879910
1709437291.014799595 4.674199469 12.460500034 -0.304835909 0.035434933 -0.030387719 -0.923357739 0.381092428
1709437291.114661217 4.555117196 12.315290379 -0.302149061 0.039786389 -0.018333302 -0.920399698 0.388516832
1709437291.214501143 4.435723364 12.193596629 -0.289792655 0.028309620 -0.017720501 -0.916256108 0.399198314
1709437291.314361572 4.279885761 12.057869785 -0.301667279 0.037203463 -0.018709293 -0.914954467 0.401402776
1709437291.413243771 4.144133143 11.944859888 -0.307991900 0.040082297 -0.026288464 -0.918607296 0.392253696
1709437291.512560368 4.020934657 11.802193417 -0.305939530 0.044780483 -0.011248112 -0.925348542 0.376295448
1709437291.614662886 3.893414043 11.674601911 -0.298762850 0.030429700 -0.009219559 -0.931745272 0.361717820
1709437291.714327574 3.764990764 11.554329101 -0.296331459 0.027552432 -0.005575784 -0.938467241 0.344222330
1709437291.813110590 3.630646301 11.452849945 -0.300931445 0.008456908 -0.008361531 -0.941214213 0.337600905
1709437291.911705494 3.479970049 11.351178076 -0.315308984 0.022030489 -0.018734808 -0.938958306 0.342813309
1709437292.014833689 3.335768100 11.241133682 -0.321928369 0.028231684 -0.025894473 -0.938963804 0.341876327
1709437292.114672899 3.190446999 11.121812767 -0.326004837 0.032543089 -0.016839602 -0.940667458 0.337345682
1709437292.213667154 3.075191665 10.992793039 -0.309569274 0.024538407 -0.006184770 -0.937319192 0.347551936
1709437292.315133095 2.953871114 10.858163566 -0.303925867 0.021358744 -0.000645508 -0.929666602 0.367781724
1709437292.414974213 2.806815792 10.721634179 -0.312538823 0.029835610 -0.017701077 -0.921453961 0.386935532
1709437292.514816523 2.665251392 10.592770997 -0.309976925 0.042878427 -0.029086383 -0.913856494 0.402717930
1709437292.614589214 2.538298009 10.456917349 -0.303659717 0.046477418 -0.029777757 -0.903812087 0.424354623
1709437292.713268995 2.439336460 10.296809653 -0.296250610 0.037205184 -0.031236086 -0.894167444 0.445089500
1709437292.812143803 2.319025878 10.146398894 -0.302507477 0.042184106 -0.029417108 -0.884068948 0.464518277
1709437292.914965630 2.203136738 9.986437741 -0.299417361 0.037757309 -0.033559186 -0.871498049 0.487790239
1709437293.013964653 2.134536896 9.821891412 -0.290053202 0.031499077 -0.026592105 -0.859571950 0.509349321
1709437293.112598896 2.035324508 9.647555233 -0.291495781 0.039269323 -0.033971259 -0.841356329 0.537980856
1709437293.211230516 1.963039194 9.461775626 -0.289170108 0.044370951 -0.030490335 -0.827453230 0.558947860
1709437293.315141201 1.913266909 9.283892996 -0.252209862 0.032839277 -0.027960978 -0.807191175 0.588712301
1709437293.414456129 1.862795069 9.116040376 -0.253230096 0.030573412 -0.028001593 -0.794400654 0.605977539
1709437293.513068914 1.802919771 8.947118993 -0.249797855 0.021751092 -0.030995337 -0.781859878 0.622303231
1709437293.614666939 1.773198201 8.748366133 -0.242039246 0.033353448 -0.023798223 -0.765708754 0.641881061
1709437293.714526653 1.736238282 8.576094865 -0.225733929 0.027143177 -0.044910554 -0.746538882 0.663269167
1709437293.814762115 1.724088120 8.401492551 -0.223666107 0.019415040 -0.041945705 -0.736719073 0.674617389
1709437293.914012909 1.725151228 8.208315053 -0.216512871 0.010984874 -0.038473355 -0.719403266 0.693439308
1709437294.013206720 1.746105704 8.014229795 -0.199879713 0.011926469 -0.017916666 -0.704774219 0.709105107
1709437294.112180233 1.760128500 7.834611432 -0.176352519 0.003949620 -0.018593999 -0.681434083 0.731632595
1709437294.214927673 1.806423797 7.648917040 -0.162911533 -0.001635065 -0.013347418 -0.658755919 0.752236540
1709437294.313790083 1.842398853 7.472538747 -0.153378638 0.005842984 -0.013609262 -0.626202761 0.779519564
1709437294.412400246 1.897283805 7.303444794 -0.158673107 0.020181553 -0.011989514 -0.601864659 0.798253023
1709437294.511075258 1.953406685 7.169044458 -0.147903783 0.030002223 -0.012280608 -0.579269715 0.814491038
1709437294.615103245 2.001941461 7.062752796 -0.126487376 0.021647656 -0.016583145 -0.559607941 0.828308717
1709437294.713985205 2.053461803 6.977651049 -0.112121223 0.014717570 -0.006228427 -0.547623104 0.836572493
1709437294.812463999 2.105902573 6.916873696 -0.114227131 0.002577263 -0.013557250 -0.532553066 0.846284108
1709437294.911054850 2.106911337 6.846923481 -0.112361556 0.004837109 -0.017690300 -0.515785958 0.856521162
1709437295.014486074 2.145251430 6.757870516 -0.118574305 0.017442275 -0.017892732 -0.499240343 0.866103168
1709437295.115063906 2.203654594 6.691287437 -0.109901332 0.018403947 -0.012353471 -0.480546895 0.876688866
1709437295.213945389 2.260529952 6.621895412 -0.098007722 0.011177723 -0.016722188 -0.463107334 0.886073938
1709437295.313048840 2.364458596 6.546724365 -0.089558376 0.009274487 -0.007633480 -0.453805898 0.891019596
1709437295.412246943 2.447822481 6.480529719 -0.078634206 -0.000415962 -0.016686602 -0.442766989 0.896481332
1709437295.514490843 2.525633302 6.398259535 -0.079168084 0.000058003 -0.015782854 -0.434711192 0.900431606
1709437295.613625050 2.607875697 6.304149961 -0.072310043 -0.000377026 -0.016180151 -0.416840073 0.908835746
1709437295.712353468 2.705147397 6.203141748 -0.074626772 0.001504405 -0.013316808 -0.394055583 0.918988899
1709437295.811088562 2.803741467 6.123197823 -0.067566994 0.011530579 -0.020041542 -0.363920196 0.931143100
1709437295.914622068 2.936084738 6.044868189 -0.052930548 0.010953273 -0.006577598 -0.337457744 0.941253968
1709437296.013382673 3.047318090 5.991914984 -0.038379338 0.005011106 -0.007181195 -0.305666061 0.952098513
1709437296.112047911 3.164914968 5.952126318 -0.037624874 -0.005075926 0.003452523 -0.280542114 0.959822086
1709437296.214939833 3.301138537 5.912942132 -0.037889155 -0.006121274 0.010434807 -0.253378764 0.967291500
1709437296.314797401 3.397551425 5.893037254 -0.036284041 -0.006389398 0.006060907 -0.234329624 0.972117312
1709437296.414642096 3.518289473 5.870676706 -0.036648003 -0.004794503 0.009495201 -0.228136229 0.973571115
1709437296.514263153 3.606332404 5.799659756 -0.032520365 0.000048874 0.008123305 -0.225714484 0.974159628
1709437296.613162041 3.693478915 5.739299138 -0.030890782 0.008714445 0.003051437 -0.231284916 0.972842246
1709437296.714982271 3.766230643 5.659914251 -0.033522150 0.012791226 -0.004999195 -0.244608264 0.969524724
1709437296.814470768 3.875516878 5.589231876 -0.035734360 0.012045416 0.011150275 -0.260272476 0.965395679
1709437296.913136959 3.984992979 5.500179888 -0.024829754 0.011234178 0.015912147 -0.276240344 0.960891185
1709437297.011885405 4.091243095 5.409560233 -0.025001245 0.015449223 0.014276798 -0.295169069 0.955213440
1709437297.115154982 4.221715817 5.311454605 -0.005364595 0.006836860 0.019567672 -0.314255594 0.949112104
1709437297.214431524 4.342409663 5.204560159 -0.001580073 -0.003835462 0.000829163 -0.330649389 0.943745508
1709437297.313049316 4.482852204 5.094567624 -0.001479712 -0.001248539 -0.003893192 -0.336410507 0.941706565
1709437297.411772013 4.624176668 4.956558874 -0.000510954 0.002368970 0.009587668 -0.346913830 0.937845008
1709437297.510456562 4.762572260 4.826027228 0.007326231 -0.000301104 0.014099354 -0.358161916 0.933552976
1709437297.614762306 4.919357677 4.709241668 0.017810334 -0.010586043 0.025169476 -0.371392882 0.928074222
1709437297.714601278 5.034347072 4.575084172 0.018010954 -0.012795074 0.015154358 -0.373490289 0.927422038
1709437297.814421177 5.141242480 4.428373454 0.018376588 -0.001507615 0.011557740 -0.382086243 0.924053163
1709437297.913820505 5.269490276 4.296896950 0.028033188 -0.000365712 0.012124158 -0.382441084 0.923900259
1709437298.014919281 5.403757484 4.172249763 0.043614820 -0.003722490 0.007389370 -0.380088002 0.924913321
1709437298.114240885 5.525273482 4.025076903 0.027145619 0.001281532 0.009740540 -0.375838334 0.926633167
1709437298.212949991 5.656431007 3.892543314 0.026551291 0.006727372 0.016965496 -0.370794067 0.928535769
1709437298.311736822 5.821215317 3.779833715 0.031169445 -0.000225992 0.025209665 -0.366759830 0.929974004
1709437298.415091515 5.961506442 3.690066496 0.043422518 -0.014267651 0.022187868 -0.348493371 0.936939968
1709437298.514207602 6.116002098 3.571073127 0.043565498 -0.013234235 0.019886012 -0.338858476 0.940534069
1709437298.612830400 6.253744150 3.447246898 0.040808450 -0.006505152 0.014449034 -0.325758499 0.945320215
1709437298.711508274 6.418498385 3.329285076 0.038734476 -0.006046338 0.022718176 -0.314781987 0.948872819
1709437298.810054541 6.572235724 3.241069736 0.056718195 0.001153572 0.008364731 -0.286244721 0.958119335
1709437298.915136337 6.742911805 3.160212098 0.060590456 0.012580613 -0.009972338 -0.245556621 0.969249311
1709437299.014963150 6.903660179 3.085269998 0.061101799 0.023721728 -0.012598691 -0.211406234 0.977029148
1709437299.114125490 7.053783026 3.044721432 0.064051622 0.020259182 -0.022586399 -0.171690048 0.984683679
1709437299.213454008 7.189566486 3.019819136 0.048272955 0.016161262 0.001189880 -0.151468353 0.988329265
1709437299.314481258 7.319482262 3.010468676 0.054030541 0.005323114 0.006989589 -0.124692295 0.992156561
1709437299.414149761 7.425304694 3.023934173 0.067476062 0.001078454 0.001493725 -0.100422576 0.994943170
1709437299.512891769 7.519352683 3.044770256 0.068827628 -0.004401741 0.014633448 -0.083299850 0.996407357
1709437299.611841440 7.602784637 3.072113396 0.076452441 -0.010191381 0.008855617 -0.055851046 0.998347822
1709437299.714667559 7.698684613 3.097467340 0.072198844 -0.006527230 0.005839467 -0.022288891 0.999713209
1709437299.813731670 7.775278104 3.074352273 0.064493653 0.007350376 0.008538674 0.014125228 0.999836757
1709437299.912377119 7.867644657 3.083635858 0.064591659 0.011487962 0.012626681 0.047347931 0.998732580
1709437300.011013985 7.962351167 3.116966901 0.072547772 -0.002054035 0.016499477 0.077794049 0.996830795
1709437300.109644890 8.048098311 3.137382191 0.086723985 -0.016203729 0.008960475 0.108059496 0.993971979
1709437300.215061903 8.156170981 3.150247707 0.097933788 -0.026668054 0.009172060 0.143115693 0.989304092
1709437300.314901829 8.236989369 3.200039440 0.093601456 -0.025141521 0.012979798 0.179469917 0.983356485
1709437300.414718628 8.315429655 3.237824879 0.092714508 -0.023960307 0.013209889 0.216447398 0.975910819
1709437300.514563322 8.391502175 3.303798899 0.080882060 -0.022761248 0.011135779 0.252416241 0.967286907
1709437300.614828587 8.459606025 3.365812459 0.079737338 -0.029491423 0.013849724 0.277582069 0.960149278
1709437300.714016438 8.543199015 3.424131146 0.082212681 -0.029541541 0.014612356 0.305670357 0.951566818
1709437300.812888384 8.621398406 3.473325462 0.080713039 -0.023035748 0.016915132 0.326705746 0.944693913
1709437300.911782265 8.710853284 3.530710376 0.069395808 -0.020394022 0.019081869 0.341069205 0.939623203
1709437301.014600515 8.800711933 3.611530249 0.073488034 -0.017112682 0.025214128 0.353654341 0.934879677
1709437301.113471270 8.908408358 3.696978874 0.071271065 -0.010834989 0.026428574 0.363032778 0.931338465
1709437301.212120295 9.027278596 3.765305876 0.079636537 -0.016751384 0.025694543 0.364760692 0.930595948
1709437301.310738325 9.124125597 3.854072590 0.087499477 -0.021766507 0.016516832 0.366140528 0.930158334
1709437301.414772034 9.238492591 3.936913080 0.081185054 -0.012645846 0.001837119 0.368592124 0.929503391
1709437301.514604092 9.370913240 4.013324268 0.069275991 -0.000665754 0.009093295 0.373234258 0.927692329
1709437301.614446163 9.514593200 4.116008139 0.065218732 0.000083615 0.020611257 0.375760234 0.926487677
1709437301.715057135 9.636983972 4.234426974 0.070769654 -0.000332694 0.018342971 0.374018612 0.927239722
1709437301.814903259 9.765853397 4.360528051 0.074718539 -0.016280674 0.025727605 0.372620958 0.927484044
1709437301.914747477 9.892995275 4.469783215 0.078671819 -0.016607508 0.011391846 0.376103040 0.926358958
1709437302.013914347 10.032514695 4.608982310 0.078880294 -0.019567858 0.020346136 0.374495920 0.926798759
1709437302.112880230 10.155430136 4.744866159 0.072667963 -0.023789339 0.019923610 0.366988765 0.929707676
1709437302.215072155 10.286410815 4.882634222 0.085634696 -0.029599237 0.008480919 0.360602061 0.932211410
1709437302.314438820 10.442616305 5.013623905 0.069020562 -0.014792030 0.013435350 0.372902595 0.927655292
1709437302.413213253 10.595432347 5.107217613 0.056682004 0.012413519 0.017574525 0.372985743 0.927587557
1709437302.511790752 10.745352732 5.226752457 0.052982736 0.017844972 0.033290474 0.375127917 0.926203189
1709437302.610508919 10.878555163 5.368385886 0.049422701 0.008980599 0.037538834 0.382199817 0.923273245
1709437302.715078115 10.987638851 5.540799501 0.069289735 -0.006430049 0.020935051 0.388083674 0.921363902
1709437302.814135075 11.082657941 5.678287343 0.077108751 -0.019657698 0.011462800 0.385755231 0.922320487
1709437302.914767742 11.170948713 5.839455964 0.084797252 -0.040265008 -0.003597574 0.374705811 0.926262026
1709437303.014599323 11.277367178 5.957580198 0.105257138 -0.046775448 -0.014767432 0.386003622 0.921192262
1709437303.114444017 11.395559080 6.099224213 0.098431934 -0.033769421 -0.003533178 0.387073819 0.921423356
1709437303.215083838 11.530245827 6.184551883 0.073244336 -0.010986848 0.003227395 0.388845144 0.921231962
1709437303.313905716 11.664289864 6.286640095 0.066067441 -0.011467344 0.028520164 0.376906322 0.925741176
1709437303.412994146 11.801220121 6.390151108 0.086542181 -0.018292579 0.022968006 0.373827583 0.927033328
1709437303.514582872 11.900801477 6.511911845 0.093532364 -0.048772355 0.011984394 0.354091616 0.933861210
1709437303.614279270 12.004500209 6.653134006 0.089903666 -0.063873608 0.011506736 0.335479938 0.939809006
1709437303.712921381 12.132679833 6.750831648 0.092894333 -0.058259744 0.012348342 0.307600906 0.949649937
1709437303.811599970 12.277934507 6.825071300 0.086274807 -0.047369082 0.012593526 0.286347495 0.956871300
1709437303.910242319 12.419287139 6.891649937 0.079637090 -0.044300906 0.007125192 0.262408917 0.963912974
1709437304.014934778 12.590481582 6.960113088 0.068468249 -0.026499676 0.018967825 0.243206835 0.969426854
1709437304.113432884 12.756223221 7.036766909 0.059683061 -0.024664239 0.024760579 0.217914451 0.975341930
1709437304.212120771 12.904892548 7.098986645 0.077764061 -0.033076851 0.009354867 0.194115131 0.980376318
1709437304.314495802 13.087636409 7.181527327 0.082147357 -0.042566832 0.005640802 0.189967783 0.980850900
1709437304.415122509 13.272631078 7.292530515 0.089265350 -0.053771344 -0.002477941 0.196139966 0.979097348
1709437304.514984131 13.458548818 7.387205037 0.085824135 -0.046210292 0.004894444 0.222647899 0.973790823
1709437304.614152670 13.643439510 7.482247433 0.067977432 -0.038780341 0.022536831 0.247451507 0.967861523
1709437304.713125706 13.806548758 7.568952094 0.065428442 -0.020464837 0.019253134 0.285244219 0.958042923
1709437304.814503908 13.958709352 7.678094100 0.069559498 -0.014802781 0.021244021 0.323683721 0.945810984
1709437304.913911581 14.073258965 7.788690867 0.051834780 -0.008483546 0.016394765 0.344345884 0.938661362
1709437305.012769222 14.191732037 7.871748415 0.056424698 -0.012785404 0.018782080 0.343817265 0.938761660
1709437305.111539602 14.277462634 7.995997282 0.065348434 -0.037579363 0.017164823 0.339287903 0.939774909
1709437305.210209131 14.372787699 8.098530936 0.069030309 -0.048193851 0.013964585 0.327247447 0.943605559
1709437305.314498901 14.528502628 8.188624708 0.062823707 -0.047183984 0.018284772 0.311717691 0.948826338
1709437305.413269758 14.657443988 8.222738296 0.076913887 -0.034199171 0.000455530 0.286194787 0.957560835
1709437305.511845112 14.778581098 8.283913983 0.069716310 -0.038271873 0.002761706 0.262233079 0.964241385
1709437305.614464760 14.922595647 8.357784525 0.077759917 -0.062291013 -0.003807548 0.223155395 0.972783122
1709437305.715079069 15.086561646 8.391303098 0.093611554 -0.069438306 -0.002081605 0.200664432 0.977193826
1709437305.814931154 15.238774370 8.406614250 0.094682706 -0.054399565 0.014874059 0.168921370 0.984014746
1709437305.914451599 15.353305972 8.387050072 0.094967570 -0.033498208 -0.000712191 0.125304632 0.991552375
1709437306.013316631 15.517239484 8.365750423 0.082910853 -0.022826329 0.017962228 0.094825802 0.995070040
1709437306.114460945 15.648914718 8.339548641 0.092794663 -0.006647286 0.021109156 0.073427689 0.997054959
1709437306.213582993 15.749148133 8.356096173 0.104030804 0.001117037 0.011960976 0.071231321 0.997387480
1709437306.312168121 15.862495270 8.381025837 0.104523478 -0.004353126 0.005765389 0.072066789 0.997373645
1709437306.410841942 15.990597970 8.380867131 0.106570169 0.001725678 -0.009764552 0.080866796 0.996675593
1709437306.509711504 16.135111231 8.397968983 0.090847347 0.009484852 -0.001928056 0.090236689 0.995873315
1709437306.614190578 16.288311352 8.456569863 0.094018419 -0.008722483 0.013108337 0.098429307 0.995019478
1709437306.712860823 16.430375948 8.533906179 0.110585479 -0.026816546 0.004246716 0.121116104 0.992266964
1709437306.811453819 16.578165565 8.609496115 0.121426277 -0.025658688 0.006708799 0.150355292 0.988276232
1709437306.914779902 16.752145527 8.693033902 0.118356383 -0.023814186 0.016687461 0.173948038 0.984325400
1709437307.014540672 16.907978844 8.772226751 0.115311247 -0.022336673 0.008714050 0.195523058 0.980405973
1709437307.114463329 17.069814261 8.886884313 0.108079628 -0.024205554 0.019265970 0.208295273 0.977576592
1709437307.214441299 17.239926679 8.973962551 0.099149522 -0.021292140 0.018960606 0.213323995 0.976565417
1709437307.314956665 17.419086019 9.052807149 0.096960681 -0.024507014 0.023049653 0.212416131 0.976599973
1709437307.414786339 17.607681509 9.155034314 0.088809210 -0.024629968 0.031347237 0.222313336 0.974159892
1709437307.513484716 17.791655635 9.278960957 0.080102065 -0.008868184 0.023866022 0.249305280 0.968090205
1709437307.612063885 17.966606326 9.369189057 0.075266532 -0.001208461 0.022803820 0.265568930 0.963821388
1709437307.711234808 18.133899017 9.486385818 0.058205213 -0.004891330 0.028976514 0.275435441 0.960870311
1709437307.814959526 18.305163601 9.621906862 0.067824012 -0.021942190 0.035340957 0.273830641 0.960877899
1709437307.913673162 18.455629103 9.731178855 0.082452618 -0.038906588 0.023672003 0.274966993 0.960374441
1709437308.012403011 18.589491793 9.863017146 0.094811939 -0.062173581 0.001400126 0.276122306 0.959108418
1709437308.111083984 18.744290246 9.966396400 0.093484844 -0.065944803 -0.003226457 0.274080088 0.959437845
1709437308.215087891 18.920215722 10.040524630 0.084189572 -0.054812881 0.008049050 0.270151960 0.961222492
1709437308.314886093 19.082514677 10.093300363 0.078804498 -0.043095248 0.005580899 0.268526674 0.962291577
1709437308.414785147 19.238834177 10.163658743 0.067166729 -0.029745579 0.014130589 0.269226027 0.962513830
1709437308.514546633 19.393555943 10.213284172 0.060468524 -0.028060851 0.027900383 0.259737813 0.964868087
1709437308.614458799 19.543067724 10.292914578 0.068539141 -0.028735705 0.024628214 0.248350046 0.967930765
1709437308.714460611 19.686156112 10.366085097 0.067986727 -0.026753102 0.011387081 0.234620396 0.971652137
1709437308.812925816 19.854808861 10.390038287 0.082223343 -0.018646288 -0.006480251 0.219267127 0.975465145
1709437308.911688566 20.006456558 10.431109835 0.089952613 -0.018700538 -0.014538817 0.200700655 0.979366203
1709437309.010667801 20.181788384 10.486523881 0.091333373 -0.026779560 -0.009532414 0.185260383 0.982278259
1709437309.114431858 20.347302269 10.531051311 0.103580733 -0.024638810 -0.013142275 0.159953312 0.986729521
1709437309.213586330 20.490167830 10.592060412 0.118734419 -0.035950822 -0.011582449 0.135919248 0.989999668
1709437309.312268257 20.621833186 10.635558697 0.133554978 -0.034090444 -0.015928010 0.112200721 0.992972879
1709437309.414748669 20.796219241 10.626374538 0.133423122 -0.023084575 -0.013940098 0.092583916 0.995339638
1709437309.514591217 20.975885235 10.624796843 0.147611998 -0.023210198 0.000198311 0.064349087 0.997657477
1709437309.613530636 21.138144857 10.621446557 0.164474785 -0.018100495 -0.002883867 0.039393611 0.999055654
1709437309.715074062 21.317177662 10.593036368 0.167460175 -0.015041867 0.006021020 0.014253787 0.999767132
1709437309.814907074 21.497171712 10.571972935 0.185403176 -0.017884684 0.003702632 -0.012829588 0.999750884
1709437309.914760351 21.654164167 10.542772108 0.196152967 -0.015712473 -0.009248622 -0.038827992 0.999079561
1709437310.013955832 21.828612990 10.527868005 0.185692443 -0.018298271 -0.005023690 -0.060431905 0.997991944
1709437310.112806559 21.990755551 10.516296676 0.194600443 -0.015998963 -0.000423101 -0.086515165 0.996121971
1709437310.211850405 22.163405593 10.456112286 0.204620756 -0.010741814 0.007429275 -0.106658724 0.994209905
1709437310.310799837 22.328704653 10.434186241 0.211252555 -0.013785003 0.005014265 -0.134150228 0.990852435
1709437310.414449692 22.511299416 10.404419094 0.209070746 -0.002068645 0.013125461 -0.150264109 0.988556594
1709437310.513136148 22.662316118 10.331571282 0.220058590 -0.003400994 0.005612045 -0.182233827 0.983233325
1709437310.611852407 22.824819512 10.271289829 0.223868839 -0.009239396 0.002568758 -0.208202982 0.978038626
1709437310.715104103 23.004486555 10.247545137 0.232852622 -0.007703394 0.000007091 -0.222816923 0.974829870
1709437310.814732790 23.169430770 10.166232025 0.239853951 0.006133359 -0.006886942 -0.227973515 0.973623658
1709437310.913977861 23.337879516 10.093160405 0.227935699 0.014434955 0.009430291 -0.229332731 0.973195356
1709437311.014644623 23.510723880 10.025797544 0.240445803 0.018518406 0.003787752 -0.220374229 0.975232239
1709437311.114473104 23.706608906 9.942977282 0.240361936 0.030462632 0.010447688 -0.204927383 0.978247229
1709437311.215095997 23.900391737 9.876354914 0.236098650 0.032660454 0.001866698 -0.179672760 0.983182338
1709437311.314126492 24.082864952 9.813861988 0.232288247 0.029704277 0.011850651 -0.149948371 0.988176454
1709437311.412895203 24.262453832 9.771598451 0.250625642 0.029455138 0.006062660 -0.108334213 0.993659568
1709437311.511916161 24.449275472 9.762491872 0.243020444 0.016512715 0.018302132 -0.085143168 0.996063755
1709437311.610752106 24.604301032 9.761273127 0.255802805 0.015095191 -0.001685980 -0.043043823 0.998957718
1709437311.714174032 24.742996767 9.764610597 0.256195715 0.010547182 0.005967097 -0.019666603 0.999733152
1709437311.812873602 24.837044870 9.790724160 0.271947341 -0.004851800 0.003842311 0.006190104 0.999961689
1709437311.911637545 24.902740165 9.802486428 0.277090696 -0.012053903 -0.008474229 0.028308362 0.999490634
1709437312.014633894 24.981985310 9.785827081 0.279778479 -0.007649883 0.004754385 0.043464377 0.999014376
1709437312.114289045 25.050325530 9.756299983 0.285306142 -0.000396920 0.005173893 0.063134206 0.997991556
1709437312.212880850 25.111558309 9.766150094 0.287976019 -0.000180076 0.009803802 0.076686595 0.997007031
1709437312.314938307 25.163464644 9.776707577 0.290697386 -0.006434186 0.009774867 0.090693685 0.995810077
1709437312.414786816 25.232279197 9.783684042 0.299293391 -0.014192722 0.011282287 0.104113511 0.994400148
1709437312.514649868 25.320726819 9.792261580 0.292643184 -0.013868067 0.020723036 0.112427370 0.993347028
1709437312.614108562 25.404367436 9.805755711 0.285079126 -0.007129022 0.022787110 0.125019268 0.991866981
1709437312.713077784 25.519248809 9.803479908 0.278159754 0.007301989 0.021488243 0.136186679 0.990423205
1709437312.812072992 25.633604242 9.852675576 0.281165794 -0.000505192 0.026408533 0.144850138 0.989100992
1709437312.914819956 25.756390848 9.896712897 0.287173494 -0.009072150 0.018056729 0.162126473 0.986563053
1709437313.013827324 25.886351185 9.923185138 0.289016494 -0.002379570 0.019844660 0.180735764 0.983328587
1709437313.112466812 26.032764028 9.986795256 0.286443987 -0.002770579 0.022947655 0.198182629 0.979892532
1709437313.211151361 26.201535141 10.041272540 0.286007858 -0.000906389 0.026309945 0.215466671 0.976156278
1709437313.314951181 26.361331561 10.125714932 0.284184702 -0.004544234 0.021544308 0.237175499 0.971217265
1709437313.413974524 26.516336272 10.206843023 0.288984707 -0.003451075 0.016646508 0.252548900 0.967434771
1709437313.512517214 26.675893905 10.297502516 0.291934908 -0.003115035 0.014900671 0.270434252 0.962618087
1709437313.611138344 26.840692011 10.401381037 0.283514242 0.003182776 0.017922833 0.290647242 0.956657108
1709437313.715095043 27.021052587 10.539087955 0.279377921 0.009972845 0.027091465 0.315689088 0.948423426
1709437313.814937592 27.190216922 10.659892412 0.279874075 0.007250988 0.022658752 0.334612536 0.942055442
1709437313.914115906 27.309456103 10.808908322 0.274567132 -0.019550104 0.023136222 0.341913069 0.939243292
1709437314.013163567 27.434563001 10.938508452 0.289823922 -0.034243017 0.002870755 0.353562380 0.934779556
1709437314.112451553 27.569796530 11.088043069 0.285188956 -0.040103739 0.006539806 0.365566795 0.929897757
1709437314.214993238 27.708425837 11.206676534 0.287747870 -0.031297193 0.002567138 0.378765339 0.924959844
1709437314.313515902 27.891800591 11.348420477 0.266291138 -0.016762363 0.029511998 0.400343280 0.915736492
1709437314.412158251 28.038697919 11.488090348 0.264835853 -0.009384995 0.037938621 0.398734462 0.916233274
1709437314.510847330 28.168558430 11.644958368 0.258897536 -0.019220708 0.039527394 0.395140409 0.917568639
1709437314.614472389 28.273235751 11.785687303 0.275978024 -0.027514423 0.005587574 0.394575659 0.918434421
1709437314.713556290 28.398495570 11.928771524 0.282897802 -0.036855012 0.005567934 0.393708189 0.918479487
1709437314.812216043 28.540032304 12.054225143 0.272715069 -0.033079245 0.017562003 0.383964315 0.922588069
1709437314.910845757 28.668917196 12.170065477 0.281956709 -0.037238756 0.015924650 0.359396433 0.932305682
1709437315.014612913 28.807542731 12.293578917 0.269928132 -0.048650373 0.024355288 0.339053841 0.939192448
1709437315.114451885 28.919899149 12.367785154 0.285166147 -0.051691475 0.002473524 0.293193315 0.954651535
1709437315.214379787 29.022643969 12.429344266 0.269752133 -0.062424011 -0.009918889 0.245000965 0.967460276
1709437315.313570261 29.132716647 12.484716865 0.282001731 -0.065619591 0.005705932 0.207195085 0.976079765
1709437315.414765358 29.232277064 12.528290186 0.283553053 -0.051145036 0.032300767 0.179175219 0.981955746
1709437315.514398336 29.320001396 12.526476506 0.285394474 -0.026430231 0.039504551 0.143072145 0.988570278
1709437315.613139153 29.392644470 12.485277307 0.282702345 -0.001534300 0.031808299 0.107264942 0.993720338
1709437315.711824179 29.457818515 12.465408927 0.284494546 0.005818570 0.033119478 0.077204813 0.996448022
1709437315.810645819 29.511230790 12.482512102 0.293254790 -0.002755472 0.025691790 0.050766225 0.998376247
1709437315.914504051 29.557020904 12.473781151 0.300929513 -0.014594452 0.000768796 0.024528324 0.999592303
1709437316.013102055 29.602619288 12.481595365 0.294242875 -0.016692432 -0.007693545 0.010341059 0.999777593
1709437316.111629486 29.651316335 12.473725865 0.302629039 -0.012017874 -0.023639384 0.005459501 0.999633405
1709437316.210211277 29.730901639 12.471303454 0.292222647 -0.014438780 -0.018191467 0.001727002 0.999728768
1709437316.314909935 29.843391089 12.455529066 0.281377971 -0.003164480 -0.006837842 0.005604015 0.999955912
1709437316.414738655 29.927723694 12.451489866 0.294664839 -0.002892160 -0.014576679 0.012029672 0.999817205
1709437316.514260054 30.041865065 12.495493671 0.301873792 -0.015985411 -0.001712884 0.013979998 0.999773020
1709437316.613419294 30.150539748 12.513111412 0.312912001 -0.016450727 -0.006245715 0.027017006 0.999480088
1709437316.715067863 30.281341051 12.531055555 0.314387286 -0.017734717 0.012746235 0.042245842 0.998868511
1709437316.814408779 30.405377847 12.520771466 0.311644632 -0.005173255 0.006668842 0.060807808 0.998113808
1709437316.913213015 30.528685716 12.510198287 0.324368817 -0.003065988 -0.003091437 0.074402934 0.997218755
1709437317.011984825 30.651375980 12.547786382 0.324537423 -0.007818975 -0.000326737 0.080499308 0.996723943
1709437317.114809513 30.777530485 12.555113862 0.341120076 -0.011338137 -0.001702864 0.097351143 0.995184054
1709437317.214134932 30.917392792 12.585832919 0.341269422 -0.012435587 -0.007874324 0.104781017 0.994386389
1709437317.312962294 31.075995891 12.645662945 0.341243185 -0.023586067 0.010647982 0.108789804 0.993727878
1709437317.411498070 31.220994328 12.672421675 0.343116080 -0.018382594 0.012753171 0.108712022 0.993821479
1709437317.510071516 31.363613115 12.668748683 0.351459324 -0.004385584 0.001951040 0.108376253 0.994098359
1709437317.614789486 31.560170400 12.692538865 0.331300534 -0.004512660 0.016931170 0.105427452 0.994272610
1709437317.714622974 31.709528399 12.731978485 0.356651081 -0.014818894 0.001986764 0.104985836 0.994361316
1709437317.814455509 31.875573573 12.768945980 0.345424546 -0.009576141 0.011482877 0.113340317 0.993443714
1709437317.913477421 32.022171417 12.784614234 0.355765260 -0.003618966 0.001470912 0.110317872 0.993888679
1709437318.014945269 32.188978060 12.819728206 0.366303648 -0.018666941 0.002464741 0.104725571 0.994322898
1709437318.114175320 32.374892435 12.852842546 0.362043667 -0.021211089 0.014189617 0.115594970 0.992968553
1709437318.212968588 32.535094599 12.896393075 0.378959538 -0.023366013 0.015258712 0.113690884 0.993124153
1709437318.311893225 32.691460494 12.936683808 0.387749253 -0.035998249 0.011919241 0.120885678 0.991941889
1709437318.415090799 32.844928028 13.004814679 0.392075550 -0.040518726 0.008390506 0.113937203 0.992625884
1709437318.513876200 33.001503416 13.065520672 0.402148443 -0.046667812 -0.000752332 0.107103062 0.993151793
1709437318.612466335 33.172560339 13.121316059 0.396927089 -0.052840115 -0.003193807 0.107673486 0.992775978
1709437318.711205721 33.354887531 13.172370985 0.392710168 -0.041267632 0.006408815 0.111647802 0.992869920
1709437318.809865236 33.531154810 13.184644753 0.389108999 -0.024227396 0.016246779 0.115529259 0.992875655
1709437318.915120602 33.718900027 13.195952374 0.383777946 -0.007100507 0.021452038 0.105980751 0.994111399
1709437319.014960051 33.896865076 13.240184091 0.377531383 -0.009340241 0.028277309 0.103675800 0.994165219
1709437319.114777327 34.054408722 13.295636194 0.397441274 -0.019484502 0.017537624 0.100679995 0.994573438
1709437319.213886261 34.223191731 13.327327526 0.407201471 -0.015480043 -0.009723024 0.103560809 0.994455122
1709437319.314459085 34.394179951 13.340582360 0.402815459 -0.010221203 -0.017120426 0.104240982 0.994352169
1709437319.414094925 34.602321648 13.356696674 0.381490831 0.006807944 0.002506828 0.108751238 0.994042522
1709437319.512816668 34.787218617 13.381446776 0.385402279 0.007988832 0.012942035 0.111703926 0.993625138
1709437319.611689806 34.958408142 13.439511308 0.390350975 -0.000936324 0.017521778 0.116055205 0.993087760
1709437319.714611053 35.150923506 13.498303596 0.408247945 -0.007198155 0.002269858 0.118694423 0.992902144
1709437319.813446760 35.326030947 13.554375226 0.416507183 -0.025012276 -0.000760079 0.114576267 0.993099233
1709437319.912116051 35.510552852 13.621726101 0.427439397 -0.040749149 -0.004526589 0.110126136 0.993071624
1709437320.010876417 35.717334724 13.672638433 0.426607555 -0.041924083 0.007401282 0.119819559 0.991882486
1709437320.114749670 35.922442019 13.711742774 0.434625490 -0.037887111 0.009870647 0.119545139 0.992056499
1709437320.214618206 36.119979007 13.742351049 0.433393200 -0.028725243 0.018862043 0.120029562 0.992175382
1709437320.314444780 36.316701193 13.780117895 0.446565313 -0.029897661 0.010616673 0.118528607 0.992443643
1709437320.415060520 36.504662949 13.823848746 0.454769386 -0.038606395 0.003714096 0.114234747 0.992696416
1709437320.514874935 36.725202556 13.855466744 0.448495594 -0.034056919 0.007167159 0.118267930 0.992371631
1709437320.614752769 36.951041916 13.878577299 0.447777571 -0.017703231 0.014586446 0.117620843 0.992793618
1709437320.713912964 37.164837040 13.896130001 0.434640882 -0.005912423 0.012707196 0.113602813 0.993427386
1709437320.812827826 37.374669877 13.929249797 0.440263996 -0.005504676 0.013918250 0.113203619 0.993459069
1709437320.915075541 37.594989844 14.002740364 0.441477373 -0.003681958 0.008281603 0.116431814 0.993157334
1709437321.014577150 37.814498992 14.062924227 0.445660021 -0.005923445 0.007369050 0.117496111 0.993028335
1709437321.113329172 38.008695446 14.135297736 0.453131803 -0.021263920 0.011471688 0.111231561 0.993500773
1709437321.212037802 38.209767019 14.200276279 0.457108008 -0.032809323 0.015969961 0.103588578 0.993950660
1709437321.310703516 38.388233126 14.237488385 0.465467447 -0.038349504 0.014652049 0.090307768 0.995067405
1709437321.415064096 38.578523810 14.237673301 0.471117384 -0.036085893 0.007592755 0.071380260 0.996767283
1709437321.514281034 38.752718541 14.212455910 0.460777934 -0.024194379 0.014498617 0.056201877 0.998020927
1709437321.614730120 38.912551907 14.195793331 0.476147553 -0.016698740 0.011593454 0.033877224 0.999219234
1709437321.714565039 39.079627840 14.198350216 0.481563233 -0.015578143 0.017885459 0.012916789 0.999635228
1709437321.814795732 39.241221297 14.181639979 0.484635435 -0.011312892 0.012937322 -0.005298944 0.999838270
1709437321.914640427 39.399566144 14.173695907 0.485058605 -0.009410747 0.014374280 -0.026829125 0.999492379
1709437322.014081478 39.523009580 14.166082314 0.503318828 -0.009276664 -0.004842586 -0.050696040 0.998659303
1709437322.113044977 39.677879882 14.130829907 0.502270733 -0.009438955 -0.006278582 -0.073543256 0.997227594
1709437322.214971066 39.849815092 14.104666612 0.506259022 -0.014022645 -0.005916489 -0.095624418 0.995301126
1709437322.314319372 40.019597449 14.049995402 0.502543253 -0.002077751 0.004677394 -0.106329763 0.994317749
1709437322.413020611 40.205787379 14.015731867 0.492163502 0.001602718 0.008557414 -0.124516685 0.992179317
1709437322.511624098 40.374114335 13.981252788 0.503584007 0.003372761 -0.004156741 -0.147455573 0.989054195
1709437322.615134478 40.556332092 13.949004936 0.513197302 -0.004760823 0.008173862 -0.167074542 0.985898889
1709437322.714993238 40.727278573 13.908546559 0.530993062 -0.014743892 0.003350364 -0.177484767 0.984007393
1709437322.813728333 40.929588228 13.830465753 0.542172457 -0.014029014 0.015923283 -0.179084833 0.983604727
1709437322.912218809 41.106168295 13.743214652 0.546680549 -0.008925738 0.014612811 -0.180172513 0.983485975
1709437323.014505386 41.286385751 13.685452922 0.546053426 -0.002011411 0.021148436 -0.181972540 0.983074103
1709437323.115149260 41.473908717 13.621753185 0.548738436 -0.005680402 0.018502003 -0.184691827 0.982605892
1709437323.214987040 41.652007374 13.579839223 0.553233574 -0.012693947 0.022524632 -0.186738467 0.982069371
1709437323.314053535 41.806698498 13.531484129 0.560404043 -0.020729771 0.013957827 -0.185250211 0.982373562
1709437323.413106918 41.978565813 13.469432945 0.566922409 -0.023084188 0.019563681 -0.186144018 0.982056407
1709437323.514521122 42.126710354 13.395161092 0.579335164 -0.024393079 0.004956161 -0.189378653 0.981588580
1709437323.614103079 42.291650634 13.329016387 0.576310429 -0.033884123 0.014734553 -0.194127727 0.980280156
1709437323.712740421 42.441464849 13.268160248 0.598393241 -0.040317602 0.010876711 -0.196985963 0.979516574
1709437323.811552763 42.593004551 13.187311975 0.588794223 -0.028319825 0.021579510 -0.193022411 0.980548143
1709437323.915092468 42.757671201 13.064923496 0.592946250 -0.016117662 0.016981897 -0.199494158 0.979619271
1709437324.014621496 42.912781339 12.958421786 0.582397597 -0.000146883 0.019869796 -0.198085169 0.979983385
1709437324.113359213 43.063821614 12.857625565 0.601581094 0.016733159 -0.000223870 -0.191039640 0.981439661
1709437324.212028027 43.207274283 12.760393266 0.609342947 0.020188795 -0.011792384 -0.185993370 0.982272782
1709437324.314429998 43.384639066 12.677518318 0.607802550 0.026568916 -0.030233234 -0.168783112 0.984831105
1709437324.415083170 43.550962028 12.592985896 0.603347061 0.022624770 -0.018415761 -0.173043449 0.984482069
1709437324.514916658 43.731150026 12.554217894 0.611833013 0.013014188 -0.004384294 -0.159576719 0.987090006
1709437324.614102840 43.924149292 12.508187545 0.621420185 0.006341598 -0.001563861 -0.133786041 0.990988715
1709437324.713148355 44.118243992 12.480913463 0.629352047 0.002548598 0.006258103 -0.107012503 0.994234713
1709437324.814440727 44.323721500 12.455899073 0.639810100 -0.001252934 0.005176713 -0.070813456 0.997475356
1709437324.913727045 44.531320125 12.451197934 0.653313301 0.003548331 0.004394620 -0.037354548 0.999286112
1709437325.012584686 44.745310343 12.449089793 0.644944490 0.009710813 0.025748480 -0.007477252 0.999593321
1709437325.111324310 44.930795978 12.441207312 0.640022661 0.018206583 0.025092579 0.029083759 0.999096100
1709437325.214541912 45.115576719 12.453965678 0.612710397 0.029890670 0.033121844 0.058961643 0.997262762
1709437325.314173460 45.275107146 12.477458969 0.607402292 0.036358074 0.034971599 0.090141393 0.994650495
1709437325.412822723 45.404342404 12.496325507 0.603440401 0.036369450 0.030469055 0.112551405 0.992512509
1709437325.511466742 45.517908293 12.507602843 0.600481594 0.040374506 0.027133179 0.131650114 0.990101983
1709437325.615120173 45.612343643 12.553703686 0.604770485 0.042836557 0.023692504 0.149020714 0.987621649
1709437325.714955807 45.686839309 12.589430203 0.603728965 0.039295143 0.015618880 0.162351211 0.985826570
1709437325.814803362 45.766734317 12.615781460 0.612926213 0.025370379 0.018388891 0.167748856 0.985331677
1709437325.914178610 45.838836872 12.677757847 0.625140146 0.021385482 0.002579880 0.184477684 0.982600626
1709437326.013346910 45.934880608 12.734545378 0.622379893 0.031387863 -0.001094254 0.201167834 0.979053169
1709437326.114716053 46.035784394 12.780503427 0.621870777 0.024508615 0.013881041 0.200223301 0.979345329
1709437326.213460207 46.136440484 12.839305326 0.621859461 0.017577544 0.012806703 0.213632458 0.976671998
1709437326.312246799 46.259989763 12.896744840 0.622598109 0.021473813 0.017701624 0.229499907 0.972910746
1709437326.410935402 46.387191867 12.970076703 0.637014253 0.009936633 0.021388648 0.239613943 0.970581757
1709437326.514444113 46.506079898 13.072878000 0.642740851 0.001770378 0.019764769 0.253286855 0.967187670
1709437326.614041805 46.641726369 13.162798761 0.640020892 0.004014265 0.015201017 0.269721676 0.962809967
1709437326.712538242 46.764045446 13.267409273 0.640246040 -0.019748704 0.026542080 0.269559385 0.962415318
1709437326.811282873 46.864753932 13.394029775 0.659843860 -0.030660129 0.012067979 0.285481592 0.957817614
1709437326.914638042 47.022827076 13.493297073 0.656326848 -0.026308526 0.019835018 0.308529080 0.950644118
1709437327.014474392 47.147940286 13.627007890 0.640417031 -0.034258618 0.027866409 0.310981090 0.949389579
1709437327.115112066 47.275679654 13.743727927 0.657914801 -0.036552572 0.003856638 0.327087751 0.944278899
1709437327.214813232 47.401165156 13.852825563 0.650272758 -0.020857610 0.006082972 0.350014120 0.936492431
1709437327.314806700 47.562007960 13.957434797 0.626749356 0.003797299 0.013793020 0.368427349 0.929546460
1709437327.414641380 47.700263180 14.056424944 0.626303075 -0.012039756 0.032149477 0.357173061 0.933407124
1709437327.513484240 47.817403230 14.189583709 0.647084025 -0.029345154 0.027933565 0.358210103 0.932761545
1709437327.611953497 47.936673291 14.289728953 0.660603290 -0.040791111 -0.000624556 0.352526204 0.934912279
1709437327.710645437 48.082186278 14.369578911 0.671373293 -0.044090546 -0.016450951 0.355518980 0.933483607
1709437327.814816952 48.242706759 14.472981439 0.667802512 -0.027809776 -0.011398781 0.358994304 0.932855709
1709437327.913683176 48.430726467 14.577628688 0.652978420 -0.017987651 0.013036712 0.365424989 0.930575664
1709437328.012315273 48.590320110 14.691902880 0.643550715 -0.007114322 0.016437251 0.356857559 0.933987091
1709437328.115121603 48.735960558 14.807137521 0.648874048 -0.019979980 0.013677764 0.336114765 0.941509736
1709437328.214961052 48.885425763 14.927879961 0.666585049 -0.043254040 0.002376027 0.313497457 0.948600436
1709437328.314788580 49.039505694 15.048332493 0.669011232 -0.051338742 0.009252332 0.296282957 0.953674545
1709437328.414660931 49.231890348 15.173645469 0.649631131 -0.045108402 0.028067465 0.279575927 0.958652570
1709437328.514512777 49.364636756 15.234752973 0.665292280 -0.030180371 0.002142809 0.245034388 0.969042157
1709437328.614751339 49.530044374 15.301209644 0.663811098 -0.027728374 0.003601990 0.221653302 0.974724565
1709437328.714330435 49.677644383 15.360982881 0.663746684 -0.032311873 -0.002923514 0.185928355 0.982027516
1709437328.813356400 49.877653248 15.421984078 0.655703758 -0.039529232 0.032982017 0.151361976 0.987136859
1709437328.912407875 50.030898823 15.439815078 0.675366664 -0.039683842 0.043357977 0.088013440 0.994383685
1709437329.011317968 50.143634166 15.455800881 0.686840195 -0.045845248 0.034428790 0.016609063 0.998216916
1709437329.114493847 50.263764237 15.421312350 0.677577973 -0.035168438 0.038090321 -0.042870809 0.997734635
1709437329.213157415 50.352361354 15.361313684 0.692051199 -0.019232209 0.034921799 -0.081884085 0.995844158
1709437329.311865091 50.401791846 15.299099229 0.687615355 -0.006037857 0.022136280 -0.117048943 0.992861055
1709437329.410561562 50.445854689 15.242912295 0.680229782 0.014802916 0.011699567 -0.148877529 0.988675617
1709437329.514495373 50.491899243 15.200058250 0.671048630 0.015476245 -0.002498633 -0.175991655 0.984266824
1709437329.613369703 50.528268215 15.196980739 0.681739143 0.003223580 -0.021241132 -0.202294442 0.979089057
1709437329.714961290 50.560480244 15.193746791 0.681332306 0.005005599 -0.024045790 -0.221927813 0.974753707
1709437329.814805984 50.608335547 15.146348727 0.676838526 0.009758416 -0.021405234 -0.235541072 0.971579638
1709437329.914653301 50.665168549 15.108709716 0.677459732 0.005952861 -0.016846030 -0.254534981 0.966898505
1709437330.014110565 50.716564450 15.084288110 0.675972545 0.003773629 -0.009733628 -0.271397317 0.962410782
1709437330.112895012 50.758362919 15.039992813 0.680860794 0.003045507 -0.015475879 -0.293905504 0.955704335
1709437330.211680412 50.810355210 14.991021153 0.683060501 0.006662480 -0.016959263 -0.315169538 0.948860452
1709437330.310779095 50.869578242 14.926404989 0.691258861 0.017468105 -0.007788547 -0.335253359 0.941933856
1709437330.414416552 50.936957813 14.867672829 0.704704667 0.016740193 -0.015849265 -0.365271094 0.930615707
1709437330.513109684 51.006960054 14.832957197 0.718612897 -0.001447305 -0.014375085 -0.410163661 0.911897491
1709437330.611750841 51.065682781 14.765351399 0.725186140 -0.012632743 0.000594638 -0.442846063 0.896508463
1709437330.714930058 51.101207488 14.688776572 0.735139010 -0.014401353 0.004893755 -0.480423728 0.876904610
1709437330.814758539 51.141191762 14.604301251 0.743658163 -0.013633096 0.004118741 -0.515263069 0.856913732
1709437330.913407326 51.166594427 14.515761529 0.754838483 -0.014162693 0.010982555 -0.551409426 0.834042233
1709437331.014441013 51.180352057 14.427524264 0.751208799 -0.006630597 0.028768336 -0.580355728 0.813827775
1709437331.115099669 51.158556124 14.335164781 0.765376938 0.002775927 0.024610718 -0.607603997 0.793853885
1709437331.214951515 51.127453523 14.236871026 0.760727526 0.013857833 0.014337332 -0.616191018 0.787344290
1709437331.314317465 51.125944350 14.135219465 0.758469413 0.021208027 0.007804168 -0.617718395 0.786074614
1709437331.413140535 51.149304118 14.042897758 0.769089864 0.006670603 0.005861422 -0.618568636 0.785680590
1709437331.512051344 51.175335850 13.957884866 0.767288826 -0.021587073 -0.000413832 -0.616684560 0.786914214
1709437331.615094662 51.186348517 13.846911355 0.769206230 -0.017387334 -0.006291472 -0.614168606 0.788958187
1709437331.714167595 51.213963175 13.723352961 0.764323285 -0.013174459 -0.010088277 -0.613494793 0.789524413
1709437331.812805414 51.246169803 13.593871154 0.775653177 -0.016322630 0.004770122 -0.619617979 0.784719298
1709437331.911435843 51.283663615 13.455209332 0.789382961 -0.017459211 0.018164167 -0.621200785 0.783246336
1709437332.014434576 51.306690584 13.311597513 0.798822127 -0.021835316 0.008970841 -0.619385299 0.784732180
1709437332.114504814 51.337658740 13.126478072 0.791341840 -0.002952255 0.011837888 -0.614559483 0.788776135
1709437332.213040829 51.375063772 12.968137957 0.809382396 -0.001481233 0.012361932 -0.617107872 0.786780060
1709437332.314724207 51.408984943 12.801509629 0.816439179 -0.006498505 0.010003913 -0.614389249 0.788912886
1709437332.414569855 51.437504201 12.628382455 0.823227146 -0.000515827 0.003320068 -0.619753511 0.784789333
1709437332.514791965 51.435655794 12.454377207 0.816483173 0.008321960 -0.005516530 -0.634312313 0.773012420
1709437332.614225149 51.466949855 12.283400621 0.814713620 0.003287999 0.004106920 -0.658817235 0.752284636
1709437332.713253498 51.470903040 12.104630075 0.821579754 0.008262876 0.006861468 -0.682412810 0.730888091
1709437332.812159300 51.460131109 11.943331538 0.834556297 0.001594950 -0.004557205 -0.709102176 0.705089209
1709437332.914932251 51.420041745 11.774047253 0.842559588 -0.003301536 -0.018122467 -0.731764116 0.681309001
1709437333.013833523 51.381761091 11.599383554 0.847204133 0.001766780 -0.010234204 -0.758791514 0.651250779
1709437333.112491608 51.342679761 11.456937191 0.857391800 0.004023851 -0.004847794 -0.786869823 0.617086857
1709437333.211142302 51.296649043 11.325766113 0.860332582 0.014548386 0.010093078 -0.813498998 0.581296701
1709437333.315065145 51.221386429 11.199874445 0.866285707 0.012766481 0.014684984 -0.834581152 0.550541251
1709437333.414219141 51.154173523 11.103715062 0.872065771 0.028773575 0.006542336 -0.845316244 0.533450773
1709437333.512713909 51.059432991 11.042569556 0.876293151 0.028429432 -0.015678655 -0.857711306 0.513105508
1709437333.611108780 50.984708488 10.967232985 0.883429113 0.016304337 -0.013769040 -0.860771756 0.508543574
1709437333.714432955 50.939856155 10.871412559 0.882878166 0.001374066 -0.010699586 -0.859935912 0.510288015
1709437333.815063715 50.913204993 10.785883023 0.888977002 -0.003100019 -0.013369182 -0.856863050 0.515361396
1709437333.914301634 50.850056608 10.696702191 0.884383161 0.009833845 -0.020265957 -0.855675766 0.517021827
1709437334.013405323 50.792121150 10.585690983 0.880023639 0.016969961 -0.013377259 -0.855118417 0.517982202
1709437334.112521172 50.763612767 10.469857412 0.896031934 0.005661366 -0.003293204 -0.859454981 0.511169482
1709437334.214797735 50.728688094 10.336614726 0.907002576 0.003793069 0.016168921 -0.863308629 0.504403003
1709437334.313588858 50.665543528 10.225850191 0.910093634 0.002346710 0.017024515 -0.860393979 0.509339630
1709437334.412408590 50.582216190 10.112741570 0.914650155 -0.002338725 0.000763936 -0.861607347 0.507569430
1709437334.515132666 50.501834033 9.981428867 0.923141812 0.000041940 0.006010860 -0.864699179 0.502254117
1709437334.614909887 50.412948684 9.846102223 0.929295457 -0.001590027 0.002839451 -0.863801273 0.503822161
1709437334.713582039 50.336039523 9.704901577 0.918336437 0.001563254 -0.000498558 -0.863519147 0.504313386
1709437334.812273741 50.230739503 9.565526721 0.909563998 0.012742712 -0.008047015 -0.864456359 0.502481912
1709437334.910760880 50.125854273 9.407501055 0.922554633 0.012147322 -0.006291589 -0.866472544 0.499037262
1709437335.015119076 50.014629526 9.233663155 0.914234360 0.022083252 -0.006721222 -0.865361595 0.500616085
1709437335.114962578 49.903616422 9.111739816 0.913602165 0.025598949 -0.015625649 -0.880318317 0.473434466
1709437335.214576006 49.780097147 8.977686802 0.924138528 0.030499736 -0.015715926 -0.897272853 0.440141117
1709437335.313599110 49.635337081 8.865915761 0.910958767 0.028636362 -0.019765007 -0.912818534 0.406880361
1709437335.414463282 49.490060652 8.765221251 0.919657436 0.029631352 -0.023739950 -0.927090420 0.372909842
1709437335.514470100 49.317625576 8.654144560 0.905852258 0.036655914 -0.033228382 -0.934285877 0.353075231
1709437335.613058329 49.148686703 8.549474646 0.895090450 0.057162796 -0.049237780 -0.935426309 0.345377586
1709437335.711866856 48.992939879 8.459048507 0.898505804 0.046733834 -0.062035833 -0.941844569 0.326950015
1709437335.810732365 48.837710537 8.365811133 0.889733280 0.034446052 -0.057723973 -0.950327044 0.303907753
1709437335.914484262 48.681489744 8.213825424 0.897472757 0.033938632 -0.016605778 -0.959876661 0.277865459
1709437336.013258219 48.531967329 8.098265803 0.914060296 0.037042198 0.008426118 -0.964171005 0.262547422
1709437336.111913919 48.380918192 8.012086491 0.919948484 0.026837844 0.021745682 -0.971545741 0.234319713
1709437336.210488558 48.218099055 7.945364529 0.920640596 0.023210416 0.011517653 -0.972947254 0.229569731
1709437336.314658165 48.036387705 7.907731388 0.889739342 0.033446289 -0.020157035 -0.970734269 0.236959950
1709437336.414517403 47.880836348 7.854867207 0.881219400 0.039452457 -0.030346153 -0.971587687 0.231387081
1709437336.514480352 47.718268561 7.768168272 0.879192649 0.034511804 -0.039477726 -0.966629084 0.250756173
1709437336.613717556 47.558095128 7.679507152 0.857158156 0.027951011 -0.043557413 -0.962005777 0.268079053
1709437336.714818478 47.404598681 7.546482187 0.857935263 0.037176334 -0.037835975 -0.955610351 0.289819282
1709437336.814232826 47.239597915 7.446235384 0.855586964 0.035984880 -0.050023920 -0.943636676 0.325196125
1709437336.912772655 47.100962977 7.297772651 0.845203870 0.057179110 -0.046607262 -0.935461172 0.345645349
1709437337.011697531 46.986402053 7.184417538 0.868354397 0.045680373 -0.055159617 -0.920308104 0.384582518
1709437337.114984512 46.894549741 7.060127710 0.863018764 0.039214326 -0.058196052 -0.908493966 0.411963796
1709437337.214168072 46.831971286 6.957111731 0.879686172 0.019131402 -0.062194011 -0.895746359 0.439777621
1709437337.312862158 46.809465127 6.855256816 0.874256863 0.009173858 -0.052229193 -0.889627244 0.453598190
1709437337.411425829 46.794442923 6.763300811 0.887842528 0.007752560 -0.036373252 -0.886198943 0.461809828
1709437337.510146856 46.754863673 6.683221058 0.902382436 0.008755179 -0.033896038 -0.879219969 0.475128037
1709437337.614587784 46.701000639 6.623789351 0.911272838 0.006148534 -0.049622445 -0.870063918 0.490396356
1709437337.714420795 46.651133207 6.530420436 0.919395834 0.022045137 -0.041168809 -0.866103086 0.497679200
1709437337.814936876 46.609469768 6.429654409 0.917110284 0.026105115 -0.025912730 -0.861904329 0.505735089
1709437337.914879084 46.585173149 6.307269619 0.934633986 0.013276686 -0.027134249 -0.850252291 0.525507853
1709437338.014742374 46.511599281 6.223363601 0.918980085 0.030216155 -0.031695875 -0.831999927 0.553044733
1709437338.113972425 46.466213371 6.104581115 0.925163030 0.042696447 -0.030730459 -0.822766930 0.565939247
1709437338.212765455 46.430544970 5.992802002 0.927359005 0.039133768 -0.029678717 -0.809986252 0.584388564
1709437338.311826944 46.416421433 5.883173595 0.941888910 0.022344271 -0.040030414 -0.797436703 0.601658545
1709437338.414483786 46.421672912 5.754918734 0.948188001 0.002385272 -0.022224137 -0.793074705 0.608714145
1709437338.513783455 46.415137425 5.618809237 0.959770616 -0.020891240 -0.029413134 -0.770430074 0.636502887
1709437338.612457991 46.390492343 5.442785966 0.941510341 0.002063500 -0.035854210 -0.743065530 0.668254320
1709437338.711336136 46.379932265 5.273372618 0.946187723 0.025955455 -0.024384511 -0.726718753 0.686011344
1709437338.814642429 46.391148788 5.113658008 0.951685466 0.031941903 -0.014625719 -0.704976461 0.708360073
1709437338.914480448 46.415389594 4.992925905 0.976036527 0.018902775 -0.014655234 -0.682128198 0.730841317
1709437339.015110970 46.454322287 4.896943651 1.014823363 -0.010987011 -0.029281275 -0.662862506 0.748087689
1709437339.114753723 46.475645806 4.758705777 1.015318836 -0.005323128 -0.028515843 -0.631763366 0.774618332
1709437339.214790106 46.508654426 4.606179124 1.024966843 0.002619736 -0.038908607 -0.630436671 0.775260512
1709437339.314640284 46.523655046 4.470457369 1.039275324 0.006598942 -0.026078012 -0.640017101 0.767889642
1709437339.414090872 46.561527470 4.332646366 1.060475951 0.003628293 -0.006260331 -0.640997477 0.767508878
1709437339.513041258 46.603210144 4.200735980 1.074472258 -0.001486112 -0.009000909 -0.640584016 0.767833897
1709437339.611924887 46.625565652 4.048842952 1.074590598 0.007030141 -0.014469502 -0.637012875 0.770685284
1709437339.714804888 46.647348768 3.892390289 1.077845429 0.004816492 -0.015501308 -0.638258430 0.769651017
1709437339.813647270 46.678812893 3.735549868 1.079018526 0.004707770 -0.020145761 -0.638184381 0.769605536
1709437339.912254810 46.718293353 3.576030301 1.105468982 -0.006403203 -0.014880393 -0.643036097 0.765664516
1709437340.010752916 46.715664899 3.423103397 1.119926606 -0.013615527 -0.029096820 -0.645504153 0.763080848
1709437340.114968777 46.747241834 3.239385964 1.125240014 -0.004092995 -0.019287867 -0.648433631 0.761015802
1709437340.214819908 46.778135342 3.067521855 1.142930668 -0.012229522 -0.014541945 -0.653142904 0.756996247
1709437340.314677715 46.823388611 2.870011643 1.146619870 0.002532455 0.010511134 -0.653005789 0.757275737
1709437340.414524555 46.862085335 2.667342549 1.162640240 0.011830540 0.021622437 -0.649787715 0.759716022
1709437340.514768362 46.888010582 2.492677164 1.184031657 -0.001389952 0.010233479 -0.647499196 0.761996151
1709437340.614626646 46.902423309 2.321775151 1.187773522 -0.007472535 -0.010222499 -0.644000356 0.764920390
1709437340.714290380 46.922762048 2.160359138 1.192734352 -0.018732370 -0.011896155 -0.654241682 0.755959921
1709437340.813115120 46.972941380 1.970101166 1.198949061 -0.013986902 0.030409543 -0.664610501 0.746439889
1709437340.914961576 46.998414888 1.787671227 1.219423195 -0.011933338 0.037484918 -0.670897752 0.740505694
1709437341.014774084 46.998753401 1.607596549 1.217043160 -0.003939839 0.022228448 -0.667234487 0.744505549
1709437341.113296270 46.982065967 1.434816042 1.211403754 0.002978725 -0.013610505 -0.643693230 0.765156786
1709437341.212031364 47.011460097 1.254268486 1.205678197 0.019230304 -0.018471420 -0.620951422 0.783395388
1709437341.310710430 47.043530842 1.090229123 1.217202601 0.027583975 -0.015181212 -0.589926311 0.806842985
1709437341.414927721 47.120116149 0.942649902 1.222003910 0.023157611 -0.006620261 -0.561565992 0.827081334
1709437341.514010906 47.223775677 0.818952884 1.222441272 0.011393825 0.005266615 -0.537726387 0.843025964
1709437341.612480402 47.302395399 0.697826467 1.224928204 0.009459808 0.011604190 -0.518143353 0.855162745
1709437341.714465857 47.373001669 0.577650759 1.214465866 0.013782594 0.018472929 -0.497892401 0.866932493
1709437341.815106392 47.424034877 0.482110907 1.210181045 0.018937299 0.017682622 -0.478048101 0.877951432
1709437341.914758205 47.483690098 0.405427152 1.208510162 0.025444544 0.020784813 -0.460939028 0.886823421
1709437342.013733149 47.558845689 0.345711916 1.215774110 0.022013741 0.022658090 -0.440265756 0.897311579
1709437342.112790823 47.615040438 0.300379811 1.228187556 0.023753935 0.012189902 -0.415679664 0.909119120
1709437342.211785555 47.695339436 0.253639955 1.209866437 0.027681926 0.011031000 -0.390955820 0.919926940
1709437342.314374924 47.767319100 0.204420061 1.213872614 0.027819189 0.006602659 -0.364774466 0.930656804
1709437342.412988663 47.854847122 0.156922297 1.216392786 0.024819017 0.002806118 -0.338389761 0.940674498
1709437342.511627913 47.934986282 0.099506570 1.208893283 0.025191280 -0.001825757 -0.308818827 0.950785464
1709437342.610374928 48.034433810 0.052782715 1.215364295 0.025427508 0.010259948 -0.288686325 0.957031024
1709437342.714467764 48.137471821 0.011477120 1.227970048 0.012555825 0.016765271 -0.264139742 0.964256954
1709437342.813493490 48.234344341 -0.002398607 1.247062877 0.004884093 0.013522314 -0.241043565 0.970407797
1709437342.912089348 48.334233018 -0.030072694 1.244660076 0.001375356 0.010497028 -0.220027438 0.975436234
1709437343.014804602 48.431928033 -0.071674863 1.246577920 0.002054932 0.009685266 -0.193434194 0.981063293
1709437343.114640474 48.551147491 -0.130211279 1.240068071 0.013876162 0.005208413 -0.165841989 0.986040952
1709437343.214466333 48.657908440 -0.150622896 1.245157974 0.016741776 0.013201869 -0.143517333 0.989418111
1709437343.314018250 48.746648859 -0.161584520 1.250430974 0.012407520 0.000460035 -0.117191557 0.993031712
1709437343.413034201 48.855302824 -0.157897719 1.249063761 -0.000784392 0.011260753 -0.103420519 0.994573666
1709437343.514797688 48.962422473 -0.155769325 1.260235383 -0.013296393 0.005469255 -0.075958231 0.997007342
1709437343.613906860 49.058716473 -0.147897003 1.251997808 -0.007254528 0.004091474 -0.051676982 0.998629121
1709437343.712563753 49.169172009 -0.164874413 1.251089727 -0.002384849 0.006503377 -0.027859171 0.999587858
1709437343.811310053 49.266721194 -0.154505704 1.261015202 -0.014153394 0.011659536 -0.011863093 0.999761473
1709437343.910024643 49.356136771 -0.145965783 1.274543201 -0.022826914 0.004390127 0.015568101 0.999608570
1709437344.014649868 49.467057985 -0.161859945 1.275451070 -0.016346629 0.007198429 0.031497691 0.999344218
1709437344.113173008 49.583723180 -0.163233212 1.278869246 -0.022586388 0.014101154 0.040905462 0.998808168
1709437344.211715698 49.694247161 -0.169159838 1.276916296 -0.016195014 0.021983527 0.049080710 0.998421519
1709437344.315138817 49.800804561 -0.171023287 1.286627935 -0.010451812 0.015940069 0.049067816 0.998613550
1709437344.414986610 49.916186499 -0.149702392 1.286166145 -0.016653987 0.013776881 0.047435246 0.998640446
1709437344.514817715 50.015363261 -0.118540571 1.306140123 -0.022368797 -0.014747982 0.048859025 0.998446258
1709437344.614658117 50.146113813 -0.078400994 1.303244263 -0.024604025 -0.023294723 0.049530391 0.998197745
1709437344.713739395 50.297865533 -0.049310381 1.294620589 -0.027147388 -0.010666748 0.047085038 0.998464941
1709437344.814710617 50.456292521 -0.032551435 1.303077355 -0.022461152 -0.011100455 0.037461738 0.998983931
1709437344.913697481 50.625924029 -0.020396186 1.309970746 -0.038121937 0.010707742 0.021587514 0.998982503
1709437345.012402058 50.785749874 0.008448227 1.325898731 -0.032055135 0.014757697 0.014331553 0.999274379
1709437345.111014843 50.947741107 0.010188690 1.332866600 -0.019863309 0.005152433 0.018851973 0.999611677
1709437345.209956884 51.119424979 -0.003334666 1.325506351 -0.011737733 0.020799154 0.019393211 0.999526650
1709437345.314312458 51.282360386 -0.002006502 1.331673426 -0.008096751 0.003664669 0.011453657 0.999894908
1709437345.412889242 51.467295531 0.007376349 1.325199436 -0.010012001 0.005252463 0.003701514 0.999929233
1709437345.511461735 51.655521340 0.029064309 1.325900302 -0.007960733 0.009985719 0.000304378 0.999918406
1709437345.615092754 51.859196197 -0.002277374 1.332664337 -0.005217810 0.004565886 -0.003484956 0.999969891
1709437345.714907408 52.045560745 -0.006184082 1.328643879 -0.001260261 0.000564685 -0.007540471 0.999970617
1709437345.814769030 52.250194502 -0.039479734 1.327033165 0.002034437 0.001043685 -0.009158495 0.999955446
1709437345.914216042 52.471706994 -0.086799027 1.331245107 0.010726265 0.019202341 -0.004998769 0.999745582
1709437346.013422489 52.675622544 -0.108511599 1.342906398 0.021322630 0.009035739 -0.002781612 0.999727945
1709437346.114697933 52.880603185 -0.139122296 1.343830797 0.021801096 0.015420105 -0.004561798 0.999632994
1709437346.213443995 53.083044650 -0.101203957 1.346772634 0.002196879 0.022518416 -0.006659648 0.999721833
1709437346.312234402 53.271247754 -0.102639213 1.354112033 -0.008319544 0.020154110 -0.005425265 0.999747550
1709437346.411000252 53.451907090 -0.132376640 1.352398921 -0.009158073 0.016859861 -0.008571033 0.999779182
1709437346.514462948 53.622937831 -0.143268385 1.349612431 -0.004110854 0.014779964 -0.013914178 0.999785502
1709437346.613874197 53.768367854 -0.146887845 1.355840365 -0.003434341 0.004862079 -0.016517578 0.999845856
1709437346.712517738 53.940336162 -0.132540972 1.362281838 -0.007606883 0.001983498 -0.017161413 0.999821828
1709437346.811162949 54.100843140 -0.141060830 1.366099920 -0.007539053 -0.002130433 -0.017213212 0.999821149
1709437346.914633751 54.302792026 -0.151026956 1.374065052 -0.013070337 0.014388583 -0.021251712 0.999585164
1709437347.014460325 54.473423416 -0.166445060 1.392295598 -0.007694806 0.010371577 -0.020865966 0.999698871
1709437347.115098476 54.668619754 -0.163725416 1.379901377 -0.012373125 0.025025868 -0.024338887 0.999313880
1709437347.214718103 54.836828737 -0.163499490 1.382769310 -0.010968749 0.014858404 -0.025153595 0.999512987
1709437347.314791203 55.015826890 -0.183149327 1.384866603 -0.008960237 0.015393761 -0.025400526 0.999518664
1709437347.414330959 55.188899466 -0.194407350 1.393945239 -0.007554331 0.000600363 -0.025566402 0.999644402
1709437347.513060093 55.367213340 -0.199638294 1.391581774 -0.013380697 0.004706426 -0.029113306 0.999475473
1709437347.611908197 55.547893206 -0.204116160 1.395606391 -0.005593647 0.001543597 -0.031358053 0.999491371
1709437347.710751534 55.744560431 -0.215903535 1.405673109 -0.006035656 0.005509719 -0.039734834 0.999176840
1709437347.814807415 55.924258620 -0.233470881 1.422936653 -0.011656002 0.002559707 -0.044284649 0.998947674
1709437347.913535357 56.111459397 -0.262077032 1.426803326 -0.009659070 0.001781680 -0.048935679 0.998753637
1709437348.012173414 56.296309472 -0.294279908 1.429713467 -0.007927822 0.002300304 -0.052187318 0.998603196
1709437348.115106821 56.478088758 -0.320451186 1.437916196 -0.010641326 0.000556115 -0.056406300 0.998351032
1709437348.214949369 56.669404340 -0.347823160 1.439690487 -0.011366676 0.006638770 -0.056172105 0.998334323
1709437348.314409733 56.856656241 -0.366322387 1.446640263 -0.007485863 0.001125535 -0.056325463 0.998383762
1709437348.414646626 57.048294549 -0.392107866 1.450587473 -0.005308360 0.005349068 -0.060655621 0.998130304
1709437348.514490366 57.216627537 -0.405387727 1.453482752 -0.011138024 -0.005656709 -0.060282861 0.998103162
1709437348.615123510 57.406695755 -0.440589790 1.457029265 -0.015156999 0.002463093 -0.060540389 0.998047624
1709437348.714060068 57.567716576 -0.492002838 1.484918393 -0.008365595 -0.008723123 -0.059591068 0.998149702
1709437348.812988758 57.751340851 -0.495536316 1.484538552 -0.012253455 0.007763923 -0.065524429 0.997745520
1709437348.911775589 57.919726154 -0.496402628 1.502922709 -0.021023688 -0.000476722 -0.064529145 0.997694225
1709437349.010720015 58.087563759 -0.513270125 1.506025604 -0.016519533 -0.002514146 -0.061827046 0.997946993
1709437349.114630699 58.274196183 -0.542989631 1.502064026 -0.011341620 -0.004070567 -0.062500233 0.997972204
1709437349.213295937 58.449821967 -0.553439270 1.507060036 -0.009714652 -0.008195016 -0.066181830 0.997726632
1709437349.311932325 58.613545599 -0.545433091 1.524310395 -0.016749572 0.000582978 -0.070957793 0.997338510
1709437349.410611629 58.791754036 -0.583519889 1.535265126 -0.018261687 0.000599893 -0.068485612 0.997484773
1709437349.514447927 58.995107014 -0.641518951 1.529722453 -0.013348580 0.015532879 -0.070540062 0.997298674
1709437349.614128113 59.206600900 -0.680396073 1.528674466 -0.001224164 0.024513332 -0.069666120 0.997268384
1709437349.714916468 59.389705791 -0.699770167 1.542494382 -0.003395425 0.019592211 -0.072200751 0.997191891
1709437349.814764500 59.574650249 -0.708305151 1.550565918 -0.001653622 0.008295379 -0.072765037 0.997313242
1709437349.914585352 59.753540164 -0.741984062 1.556482143 -0.007984582 0.000401961 -0.075658400 0.997101746
1709437350.014069080 59.944527616 -0.778053032 1.560196166 -0.013701621 0.004829584 -0.074909989 0.997084467
1709437350.112908125 60.120657196 -0.813712421 1.556271286 -0.011901151 0.006046085 -0.072203297 0.997300602
1709437350.211871147 60.292138587 -0.838922241 1.571570059 -0.011492723 0.003758979 -0.073741699 0.997204066
1709437350.314710617 60.477582228 -0.844764787 1.573722473 -0.018647230 0.007257057 -0.075349916 0.996956371
1709437350.414266825 60.659302977 -0.859054759 1.580304580 -0.027528210 0.005578604 -0.079116388 0.996469605
1709437350.512913465 60.840447033 -0.891900154 1.593071317 -0.019106221 0.005131957 -0.074722349 0.997008117
1709437350.611611843 61.019284542 -0.921576913 1.604753468 -0.019048814 0.005754481 -0.078659951 0.996702885
1709437350.714889288 61.196934424 -0.955339970 1.608051179 -0.021932447 0.003149931 -0.076456973 0.996826653
1709437350.814722061 61.359143873 -0.999499688 1.617319674 -0.020678333 0.004414484 -0.075512546 0.996920646
1709437350.913023472 61.533942164 -1.029999816 1.626712579 -0.021704034 0.004425880 -0.071063359 0.997225825
1709437351.014805079 61.713251481 -1.052193832 1.634196318 -0.022818111 -0.000288575 -0.069425749 0.997326083
1709437351.114663601 61.895992963 -1.079123715 1.637242179 -0.023809071 0.007016074 -0.072845391 0.997034328
1709437351.214499235 62.067714245 -1.105508359 1.651289057 -0.027837423 0.002289587 -0.075435595 0.996759403
1709437351.313974619 62.241899668 -1.146665226 1.656562430 -0.022995293 0.000213723 -0.075585527 0.996874114
1709437351.412882805 62.419626256 -1.210131228 1.659171530 -0.009405810 -0.003031941 -0.071232801 0.997410761
1709437351.511960983 62.595083473 -1.250705004 1.663946304 -0.004573956 -0.000980923 -0.070166302 0.997524339
1709437351.614666224 62.788571295 -1.293598689 1.676990390 -0.000763832 0.004123215 -0.066222515 0.997796068
1709437351.714084387 62.959252665 -1.318055283 1.698058281 0.001677900 -0.006711086 -0.068377784 0.997635517
1709437351.812774181 63.140975982 -1.345063539 1.714570008 -0.008737961 -0.006478239 -0.068479697 0.997593209
1709437351.911491632 63.314255474 -1.366995799 1.716005528 -0.006826323 -0.007624928 -0.058830999 0.998215495
1709437352.014453650 63.509483568 -1.402974961 1.721494608 -0.000763631 0.001973968 -0.051960169 0.998646915
1709437352.114019871 63.703980355 -1.439306846 1.729292694 0.002127296 0.006076093 -0.042420562 0.999079102
1709437352.212734699 63.899819444 -1.457843704 1.733958083 0.001759422 0.016545953 -0.035353450 0.999236343
1709437352.314743519 64.103772667 -1.451086172 1.752329569 -0.007951973 0.017127094 -0.019282000 0.999635750
1709437352.414578676 64.310613039 -1.438254213 1.752373333 -0.011992352 0.020371149 -0.003165049 0.999715551
1709437352.514440060 64.512889292 -1.424037477 1.740345782 -0.011610994 0.024680069 0.012819057 0.999545772
1709437352.614434242 64.717353748 -1.408946163 1.742676028 -0.014388518 0.029291043 0.021696748 0.999231833
1709437352.713249922 64.913719229 -1.402209461 1.746950001 -0.016413780 0.027626074 0.029431793 0.999050128
1709437352.812225103 65.111146590 -1.382957389 1.749153609 -0.015154162 0.023900664 0.043445445 0.998654897
1709437352.914603710 65.315458361 -1.373921957 1.743670611 -0.016113155 0.028816549 0.056937023 0.997831723
1709437353.013594627 65.492461365 -1.351427546 1.742147314 -0.022374449 0.027814247 0.069705127 0.996928757
1709437353.112333298 65.668029385 -1.303933349 1.743210608 -0.023060828 0.025717980 0.083242822 0.995930427
1709437353.211114168 65.853870237 -1.260821078 1.731816832 -0.015861728 0.021619344 0.098560274 0.994769763
1709437353.314737082 66.030797540 -1.239147199 1.717162455 -0.011787004 0.019960686 0.103791889 0.994328860
1709437353.413742542 66.204194366 -1.210447204 1.723707184 -0.018838709 0.018603208 0.103735299 0.994252489
1709437353.512333393 66.377572234 -1.171142888 1.722596588 -0.022940640 0.018628035 0.103381842 0.994202654
1709437353.610928059 66.528943136 -1.155705996 1.740290469 -0.015782331 0.018604818 0.098574640 0.994830548
1709437353.714474678 66.692165596 -1.133346370 1.757407335 -0.019670992 0.017381531 0.086982141 0.995863967
1709437353.815132856 66.863638008 -1.111426191 1.756025306 -0.024007012 0.017984045 0.076281285 0.996635040
1709437353.914281607 67.048875210 -1.096310862 1.747163796 -0.017908169 0.020998594 0.068782220 0.997249900
1709437354.013305426 67.229877672 -1.081637437 1.750256732 -0.021420310 0.018909922 0.067928760 0.997280938
1709437354.112442255 67.409732604 -1.068678096 1.746603039 -0.014429654 0.012466334 0.069254431 0.997416763
1709437354.214504719 67.602224510 -1.039602238 1.746313965 -0.016719103 0.008589133 0.067806730 0.997521401
1709437354.313491583 67.789238656 -1.018993108 1.751981281 -0.024431406 0.011768357 0.064593642 0.997543119
1709437354.412236214 67.974863210 -0.999339875 1.757343694 -0.020816486 0.008507154 0.066844659 0.997509947
1709437354.510896921 68.165491208 -0.972098394 1.750481009 -0.017229863 0.017775249 0.066809208 0.997458622
1709437354.614645243 68.359471640 -0.950656790 1.753264265 -0.014470025 0.016585246 0.067085342 0.997504439
1709437354.713335037 68.552522464 -0.937184216 1.758373115 -0.015539697 0.018086086 0.069519795 0.997295548
1709437354.811902046 68.714760282 -0.911561092 1.769654289 -0.012442042 0.011096998 0.069624326 0.997433960
1709437354.910591602 68.903805531 -0.882189552 1.765578316 -0.012171865 0.013909946 0.069460823 0.997413431
1709437355.014837980 69.095432970 -0.830616251 1.755272992 -0.014530342 0.017622467 0.066585460 0.997519270
1709437355.114683390 69.293644073 -0.790794505 1.732687133 -0.014261035 0.033567621 0.067127255 0.997077614
1709437355.214515209 69.478089582 -0.757778435 1.733699554 -0.007627758 0.036784291 0.061499267 0.997399906
1709437355.313562632 69.677802118 -0.716683441 1.735086194 0.002532879 0.044077547 0.068604601 0.996666526
1709437355.414598465 69.865339120 -0.707910310 1.736471610 0.010721964 0.031011681 0.076940026 0.996495634
1709437355.514387846 70.043126596 -0.681563254 1.735168076 0.003839118 0.017269592 0.081855218 0.996487203
1709437355.613193989 70.211653679 -0.652922204 1.734695826 -0.004505290 0.011579435 0.080896998 0.996645019
1709437355.711859226 70.389165245 -0.623639097 1.720402249 -0.009813843 0.024233413 0.082677036 0.996233375
1709437355.810718060 70.561412284 -0.609643707 1.737389392 -0.008981331 0.020240809 0.083528843 0.996259292
1709437355.914363623 70.735563001 -0.585209416 1.729965236 -0.001872606 0.016120236 0.082037589 0.996497097
1709437356.012994051 70.916311758 -0.552635887 1.725233628 0.000622185 0.012988438 0.081757811 0.996567395
1709437356.111614704 71.072697536 -0.527628857 1.728942124 -0.004095255 0.009165217 0.078857966 0.996835317
1709437356.210308075 71.273390776 -0.494557153 1.734428095 -0.008285005 0.019354958 0.078827589 0.996665920
1709437356.315128088 71.462166444 -0.465813189 1.731251297 -0.004503467 0.025867671 0.078873968 0.996538750
1709437356.414971590 71.646446527 -0.437601244 1.740433161 -0.005679267 0.012730556 0.077865133 0.996866440
1709437356.514537811 71.833383131 -0.396407470 1.744212425 -0.014100839 0.017128882 0.076926892 0.996789858
1709437356.613468409 71.999670999 -0.377210233 1.773967158 -0.013601422 -0.003059756 0.080322428 0.996671434
1709437356.714485884 72.164011709 -0.345779779 1.774133522 -0.016553789 -0.000032411 0.079743538 0.996677952
1709437356.814450741 72.333699978 -0.322399711 1.770525324 -0.029285447 -0.005800165 0.079291584 0.996404318
1709437356.913186312 72.485279257 -0.288298103 1.785495357 -0.034542385 0.000662723 0.086318145 0.995668400
1709437357.011962414 72.655039841 -0.260470725 1.798021985 -0.025734693 0.009570148 0.088663911 0.995683107
1709437357.114618778 72.824707451 -0.239542017 1.802201631 -0.028019163 0.013766012 0.081756578 0.996163283
1709437357.214012146 73.009984879 -0.212404660 1.803896183 -0.020392174 0.010974325 0.086484989 0.995983971
1709437357.312638521 73.191785305 -0.198832620 1.793598769 -0.017529544 0.010701193 0.087716418 0.995933748
1709437357.411259413 73.373896508 -0.165417187 1.801572290 -0.017878787 0.004681550 0.078613591 0.996733834
1709437357.514698744 73.575565586 -0.137149251 1.799362802 -0.017508622 0.010414248 0.069984162 0.997340067
1709437357.614597797 73.752197330 -0.106702683 1.808239996 -0.023501200 0.007823027 0.055362736 0.998159036
1709437357.714440823 73.948459836 -0.088427166 1.805315560 -0.027017371 0.017897845 0.041461989 0.998614356
1709437357.814792633 74.122439489 -0.121652261 1.821948885 -0.020312517 0.010349713 0.016952332 0.999596370
1709437357.914106369 74.264131719 -0.124232656 1.834383242 -0.023586653 0.005806020 -0.011665767 0.999636869
1709437358.014769316 74.435835514 -0.161616992 1.830249054 -0.018602852 0.004736204 -0.043461461 0.998870664
1709437358.114084959 74.586930772 -0.191653757 1.832787813 -0.018539150 0.013063339 -0.075907651 0.996856899
1709437358.212988138 74.738381701 -0.241843431 1.852493380 -0.020745139 0.008272188 -0.108012128 0.993898682
1709437358.311809540 74.896114184 -0.304470652 1.837975042 -0.014403814 0.013501455 -0.128147459 0.991558606
1709437358.414932013 75.067424108 -0.347957776 1.842317680 -0.009339225 0.012632365 -0.139635624 0.990078328
1709437358.513787270 75.246560996 -0.389845547 1.850699126 -0.007905156 0.013571059 -0.135514798 0.990650834
1709437358.612400293 75.429260907 -0.434005040 1.857784000 -0.004935293 0.009357075 -0.132048668 0.991186782
1709437358.711051464 75.597198308 -0.511808933 1.864161036 -0.007134416 0.009684391 -0.121298872 0.992543146
1709437358.815092087 75.812965528 -0.529744106 1.854866325 -0.008505335 0.013670640 -0.104637445 0.994380097
1709437358.914941072 76.026229099 -0.557691046 1.858245788 -0.008172795 0.016693779 -0.079029621 0.996698973
1709437359.014777422 76.223587887 -0.571884557 1.850857771 -0.006278827 0.016985705 -0.047385069 0.998712530
1709437359.114625692 76.403316285 -0.568354751 1.852975567 -0.009092961 0.014988813 -0.010577447 0.999790364
1709437359.214461803 76.587189102 -0.569122231 1.851797178 -0.008741725 0.013601916 0.025442544 0.999545520
1709437359.315072060 76.787338921 -0.543856508 1.852121952 -0.006406402 0.017589421 0.052906734 0.998423982
1709437359.413927794 76.973197421 -0.511015016 1.860946654 -0.017230219 0.020916906 0.068455119 0.997286067
1709437359.512886286 77.170467717 -0.478449353 1.857161981 -0.020641651 0.017868199 0.073377675 0.996930472
1709437359.611840248 77.351203809 -0.458064725 1.861118873 -0.018766652 0.012779867 0.072431950 0.997114888
1709437359.714504719 77.544997371 -0.439520892 1.871534683 -0.026963290 0.009387589 0.070272291 0.997119180
1709437359.813380718 77.727566509 -0.411717644 1.867706113 -0.029284693 0.008378492 0.073179646 0.996853523
1709437359.912057400 77.904856590 -0.364975972 1.868478595 -0.025275617 0.011149396 0.072839543 0.996961000
1709437360.010694027 78.072317594 -0.326443319 1.867687831 -0.023502678 0.012728575 0.073604865 0.996929251
1709437360.114633560 78.256534879 -0.283936900 1.879268409 -0.024109337 0.009473340 0.074354101 0.996895412
1709437360.214486122 78.437541729 -0.257608487 1.880306226 -0.025543826 0.012883068 0.073786039 0.996863662
1709437360.315115929 78.614975306 -0.251202650 1.892889729 -0.023827406 0.007690768 0.072864725 0.997027501
1709437360.414949894 78.790154068 -0.218491428 1.895581221 -0.027673444 0.013823854 0.070446306 0.997035807
1709437360.514796495 78.967140074 -0.190921679 1.895484479 -0.026932468 0.010330543 0.069779546 0.997145294
1709437360.614641905 79.152189041 -0.170262622 1.894430499 -0.028428648 0.019842789 0.067468613 0.997118881
1709437360.714030504 79.314698908 -0.146592350 1.907629646 -0.024544154 0.008519564 0.073195026 0.996979182
1709437360.813027382 79.502271652 -0.138573724 1.914151217 -0.022906348 0.008654390 0.075326672 0.996858211
1709437360.914965391 79.690109939 -0.115418606 1.908321711 -0.012778108 0.005815233 0.081631640 0.996563685
1709437361.014386177 79.883368357 -0.095150997 1.900501938 -0.006099193 0.013944823 0.090853971 0.995747909
1709437361.113174915 80.076226700 -0.065063387 1.906647264 -0.005874305 0.020118512 0.112870485 0.993388641
1709437361.211798191 80.257699637 -0.005772825 1.903417338 0.003002629 0.016406832 0.145314137 0.989244965
1709437361.310416698 80.451833161 0.074264322 1.887518247 0.004627761 0.022101009 0.179570613 0.983485904
1709437361.414951563 80.636862629 0.146977149 1.901789142 -0.001424968 0.019340089 0.221600876 0.974944605
1709437361.513840437 80.769055866 0.267658970 1.902391328 -0.010650797 0.023087939 0.256802702 0.966129329
1709437361.612403393 80.880812904 0.350313839 1.910263160 -0.012298805 0.023474380 0.284604350 0.958278695
1709437361.714457989 80.979408254 0.424458418 1.921647682 -0.015448535 0.024172498 0.306368075 0.951480760
1709437361.815103054 81.086133560 0.491128941 1.925875433 -0.015664623 0.030682219 0.320968145 0.946463243
1709437361.914935827 81.188547361 0.554650170 1.937344679 -0.016778579 0.025519310 0.335949196 0.941384821
1709437362.014002323 81.261000552 0.650388209 1.945207569 -0.023922389 0.022887359 0.345363991 0.937884642
1709437362.112991095 81.342437336 0.736519239 1.934113830 -0.026484950 0.019737961 0.352092368 0.935382234
1709437362.214465857 81.454817839 0.789839660 1.926564083 -0.016835521 0.011081954 0.354848337 0.934706592
1709437362.314084530 81.579792932 0.873290197 1.924426692 -0.011095147 0.014212886 0.355256585 0.934594912
1709437362.412683964 81.722571767 0.954544658 1.920834297 -0.013689023 0.007874567 0.346377859 0.937962143
1709437362.511418819 81.841158116 1.079486528 1.918197359 -0.019823797 0.012229733 0.331872203 0.943036739
1709437362.610096455 81.978803962 1.187543179 1.929321978 -0.022333119 0.012519306 0.319343197 0.947293208
1709437362.714460850 82.097305685 1.312759040 1.914898775 -0.028173835 0.015884015 0.309488406 0.950353018
1709437362.813478947 82.258170579 1.412875212 1.919354627 -0.025163553 0.020015780 0.308546275 0.950665746
1709437362.914937019 82.403726370 1.487311326 1.904391283 -0.009497428 0.014279848 0.306351810 0.951763864
1709437363.014776468 82.573293856 1.609172041 1.918405589 -0.020392305 0.027680797 0.313632487 0.948921804
1709437363.114615917 82.713906753 1.718462134 1.912278204 -0.016803208 0.018499685 0.331798028 0.943019344
1709437363.214452028 82.850217357 1.858882765 1.916073500 -0.023889751 0.011259160 0.358985960 0.932969234
1709437363.314240217 82.985622636 2.027950020 1.923724819 -0.034704287 0.013981462 0.386543646 0.921511878
1709437363.413199663 83.125966526 2.178691598 1.911004946 -0.025768149 0.021784264 0.420215664 0.906796694
1709437363.514758587 83.247205421 2.364340381 1.900603081 -0.025119570 0.038596844 0.451170499 0.891248827
1709437363.614073753 83.353283442 2.548172124 1.887081047 -0.014363371 0.036100380 0.485277742 0.873496405
1709437363.712686300 83.408558640 2.712344600 1.869681961 -0.026169561 0.042628013 0.500156264 0.864489281
1709437363.811333895 83.456170291 2.882087460 1.868087006 -0.035660032 0.027626669 0.510970298 0.858413935
1709437363.914896488 83.522064925 3.078008915 1.854376015 -0.037856906 0.033857847 0.521904827 0.851490372
1709437364.014383554 83.616357688 3.223300951 1.842717647 -0.019053964 0.033353786 0.515052710 0.856297365
1709437364.112993479 83.722909215 3.380213904 1.833769577 -0.009548046 0.037223465 0.529045441 0.847722932
1709437364.211742640 83.804933069 3.543445525 1.830172369 0.003096655 0.028597735 0.556281742 0.830495758
1709437364.315105677 83.879419546 3.685563281 1.816004412 0.011998469 0.030029400 0.586404625 0.809372527
1709437364.414924622 83.898178891 3.870257106 1.828015900 -0.015414839 0.037839121 0.610705370 0.790803095
1709437364.514774561 83.883840883 4.036087268 1.846959184 -0.022458816 0.024295006 0.638122439 0.769223704
1709437364.614361286 83.855353242 4.170052554 1.846858373 -0.034499301 0.005084551 0.661496007 0.749137489
1709437364.713653803 83.820457363 4.303829298 1.852108953 -0.048929767 0.011075528 0.673171250 0.737782948
1709437364.814935446 83.835528841 4.433781742 1.850202615 -0.046635026 0.018637774 0.683894541 0.727850303
1709437364.913653135 83.864004812 4.541076400 1.838139428 -0.045809837 0.022725030 0.693558084 0.718583479
1709437365.012589931 83.881964136 4.658162841 1.835575823 -0.048914772 0.032774202 0.703625050 0.708127803
1709437365.111181974 83.906605953 4.776866833 1.827892605 -0.038646520 0.037877538 0.716679788 0.695299806
1709437365.214446068 83.914162605 4.919667293 1.817302858 -0.036963777 0.037088505 0.729644059 0.681819381
1709437365.314034462 83.872402864 5.061988707 1.812281248 -0.039479459 0.029078997 0.748579478 0.661229574
1709437365.412679911 83.847142307 5.208329505 1.806466240 -0.029738398 0.028307469 0.771128312 0.635354579
1709437365.511296511 83.816079068 5.369301154 1.780966431 -0.028655516 0.036681040 0.791910501 0.608860511
1709437365.614619732 83.741082891 5.544073014 1.766638102 -0.033269962 0.043882322 0.810258829 0.583479290
1709437365.714452267 83.655457009 5.691651440 1.760748094 -0.039825450 0.040000731 0.830403963 0.554295168
1709437365.815087318 83.566663440 5.816527461 1.752245604 -0.038171687 0.030845641 0.847268195 0.528893254
1709437365.914255857 83.480266106 5.945222359 1.735968652 -0.044248543 0.034349116 0.858305437 0.510072525
1709437366.014763594 83.403230836 6.034651798 1.732058591 -0.036247734 0.027761742 0.867685663 0.495012099
1709437366.114589691 83.326353365 6.147067390 1.739483272 -0.041244583 0.026904161 0.876005739 0.479780153
1709437366.213382006 83.258052822 6.241147965 1.747699719 -0.033914336 0.026107971 0.882402249 0.468545049
1709437366.312206745 83.189278192 6.346151808 1.730108146 -0.035835067 0.026814055 0.889129719 0.455461521
1709437366.410995245 83.115302703 6.444330331 1.719533544 -0.039639738 0.025565961 0.895217916 0.443125214
1709437366.514764071 83.006746988 6.539290750 1.713384700 -0.038985203 0.010910783 0.901136814 0.431640536
1709437366.613697052 82.899911638 6.654321511 1.713394315 -0.047306430 0.014075928 0.905918486 0.420565888
1709437366.712371349 82.807946272 6.784062411 1.701782813 -0.034038863 0.013090103 0.911081153 0.410610689
1709437366.810964823 82.680173107 6.888719794 1.694989268 -0.045543240 0.008495134 0.913344027 0.404544601
1709437366.914933205 82.545667959 7.033737449 1.691645406 -0.042220700 0.007056362 0.921906584 0.385040089
1709437367.014469147 82.408729638 7.157451676 1.685561500 -0.034372578 0.010443720 0.929623369 0.366755841
1709437367.114636898 82.261884799 7.302744682 1.659778602 -0.017762514 0.017337374 0.939587271 0.341408361
1709437367.214435816 82.102793575 7.429132193 1.632387446 -0.016717723 0.038294809 0.948704620 0.313390443
1709437367.315112591 81.919331968 7.537077872 1.626410814 -0.026598504 0.038481005 0.958436556 0.281444668
1709437367.414661884 81.759998559 7.619540993 1.636857854 -0.017414808 0.026576006 0.968466346 0.247110051
1709437367.513054848 81.568419282 7.665308502 1.644549642 -0.026758393 0.012273598 0.972712709 0.230137640
1709437367.611995459 81.366420324 7.729052756 1.658315668 -0.035169728 -0.001941596 0.976991186 0.210351001
1709437367.710874319 81.190522839 7.806700086 1.664648588 -0.035285670 -0.007411146 0.977821622 0.206312561
1709437367.814810038 81.020345771 7.888783419 1.659821902 -0.039988335 -0.006793673 0.976280367 0.212676806
1709437367.913428307 80.860314159 7.964142993 1.648052550 -0.042003969 -0.005174182 0.972778140 0.227841138
1709437368.011994839 80.698307873 8.068355894 1.633689242 -0.056367700 -0.004422883 0.966511718 0.250316240
1709437368.110667944 80.584724442 8.175705389 1.626021586 -0.056703087 -0.004424233 0.958388051 0.279745473
1709437368.214474440 80.461857329 8.286461334 1.611594197 -0.048529297 0.012166200 0.949181947 0.310725799
1709437368.314236641 80.356696965 8.418289674 1.595547116 -0.040898820 0.014764816 0.939637478 0.339397550
1709437368.414957762 80.238887288 8.559037552 1.580939379 -0.038055362 0.012781550 0.938395750 0.343222725
1709437368.514819145 80.103950191 8.710957947 1.555081421 -0.045602780 0.033243706 0.940948348 0.333813495
1709437368.614645958 79.972325018 8.832314373 1.541268993 -0.038482103 0.045026137 0.941748188 0.331062117
1709437368.714282036 79.821546651 8.948452041 1.532007769 -0.037944937 0.038824923 0.942328702 0.330256603
1709437368.813038588 79.669186074 9.021562589 1.528704856 -0.037541264 0.016308654 0.942464741 0.331790435
1709437368.912026405 79.520057246 9.110381656 1.521063940 -0.042593070 0.005072007 0.944114049 0.326816107
1709437369.014820099 79.371411315 9.241731530 1.516489856 -0.047982228 0.011364243 0.943882667 0.326579349
1709437369.114336491 79.233284665 9.360512832 1.505451598 -0.043637198 0.016203873 0.943254076 0.328793215
1709437369.213074446 79.104040649 9.480323597 1.493486518 -0.035567110 0.021643035 0.942500807 0.331600344
1709437369.311812401 78.984742594 9.591756666 1.492265840 -0.020924380 0.017643785 0.941445317 0.336052945
1709437369.414964676 78.850612097 9.704727036 1.461862795 -0.022047619 0.023557079 0.942372873 0.333005008
1709437369.514698267 78.734176983 9.836346651 1.454815485 -0.019922584 0.031678211 0.941024584 0.336262270
1709437369.614023924 78.595638653 9.960167352 1.450172447 -0.028500431 0.033623175 0.939801453 0.338866398
1709437369.711864710 78.457901291 10.058618780 1.451670370 -0.023787112 0.032301722 0.939186623 0.341056093
1709437369.815126419 78.305508756 10.184989887 1.450803582 -0.033953310 0.031581497 0.937955219 0.343641948
1709437369.914969206 78.162843640 10.301751651 1.445944888 -0.027030366 0.032713816 0.938152164 0.343612694
1709437370.014132738 78.020709554 10.438212582 1.438814824 -0.036866941 0.035184877 0.937368283 0.344591867
1709437370.113449335 77.879679395 10.572419397 1.425218483 -0.034336309 0.031457717 0.937118673 0.345890190
1709437370.212087870 77.735246605 10.706841286 1.415326402 -0.041540351 0.032772768 0.936375207 0.346989650
1709437370.315105915 77.596354810 10.829274649 1.404592047 -0.034689310 0.031903331 0.935928266 0.349023081
1709437370.414137363 77.468304881 10.947083819 1.407014861 -0.030342517 0.025917554 0.935220723 0.351809340
1709437370.512884140 77.329360890 11.049855239 1.404924448 -0.025000403 0.018734341 0.936114097 0.350306154
1709437370.611600399 77.214745625 11.145738733 1.407006888 -0.021629016 0.016832760 0.936742787 0.348943827
1709437370.714462757 77.082202838 11.280278813 1.397020737 -0.029323720 0.019650217 0.936112184 0.349925659
1709437370.815012217 76.936447576 11.402671706 1.398217384 -0.035199244 0.015466834 0.935659488 0.350803524
1709437370.912796974 76.797796625 11.515370658 1.396545792 -0.030189065 0.011437764 0.934751735 0.353831869
1709437371.011567831 76.657375805 11.615328705 1.389057601 -0.033308301 0.005835142 0.934113389 0.355371192
1709437371.114622593 76.520458693 11.726434087 1.388968346 -0.028790846 0.000402081 0.934838898 0.353902755
1709437371.214467525 76.393515946 11.865947837 1.380672719 -0.029186382 0.014631309 0.934569734 0.354278835
1709437371.313953638 76.258808496 12.001556196 1.368147751 -0.030283397 0.022292118 0.933620094 0.356285696
1709437371.413151264 76.123285382 12.118326030 1.361437833 -0.026513174 0.021283296 0.933320576 0.357430797
1709437371.512107372 75.990228470 12.254630688 1.347969188 -0.036025392 0.031297098 0.933423665 0.355588139
1709437371.614632130 75.842965919 12.381165805 1.345136788 -0.028291593 0.028710665 0.932693594 0.358410301
1709437371.713891268 75.706261096 12.505050594 1.338930032 -0.033983256 0.021361759 0.931980546 0.360279164
1709437371.812613487 75.568571811 12.628653734 1.328758362 -0.027924264 0.022453005 0.932276569 0.359967355
1709437371.911280632 75.428698294 12.760439917 1.320600827 -0.032070923 0.021645904 0.931648875 0.361293903
1709437372.014764786 75.283672500 12.898066931 1.315097574 -0.034037856 0.022179227 0.931073308 0.362563099
1709437372.113880157 75.141277560 13.025612604 1.305747378 -0.034425158 0.021512504 0.931372831 0.361796588
1709437372.212529421 75.018349584 13.138481883 1.295076018 -0.034681023 0.024694623 0.931396175 0.361508737
1709437372.315132856 74.891825227 13.281454339 1.281415250 -0.043693631 0.031202396 0.930840536 0.361459782
1709437372.414976597 74.762401704 13.427783045 1.279175790 -0.049947308 0.033160763 0.930375385 0.361672880
1709437372.514814377 74.639737236 13.572966178 1.260996564 -0.048681281 0.038227868 0.931500985 0.358433646
1709437372.614274263 74.514345557 13.707849097 1.250283695 -0.041439992 0.041175670 0.930942584 0.360462475
1709437372.713223696 74.378821176 13.827862624 1.226869195 -0.043023908 0.037979955 0.932070308 0.357702959
1709437372.812325239 74.232229877 13.955068866 1.208905264 -0.044687145 0.041436887 0.933992026 0.352058148
1709437372.914573193 74.095912745 14.094487755 1.201726439 -0.056106123 0.054109125 0.936270434 0.342522963
1709437373.013367176 73.986880455 14.222880677 1.195634563 -0.038421519 0.052899454 0.940214345 0.334249039
1709437373.112287760 73.864205575 14.315055187 1.209509769 -0.021945579 0.034188175 0.941088867 0.335710151
1709437373.211265087 73.735245587 14.387960831 1.206487875 -0.010483168 0.002826118 0.943614177 0.330869162
1709437373.314764500 73.576452019 14.498556666 1.220816404 -0.020655704 0.006486279 0.952226105 0.304625531
1709437373.413372993 73.446312800 14.593844971 1.204071298 -0.013027398 0.028256653 0.954182918 0.297601761
1709437373.512039661 73.307566059 14.701452021 1.196174164 -0.021386827 0.033055661 0.955790831 0.291399749
1709437373.615071058 73.159139905 14.808805850 1.194522380 -0.022392994 0.028496567 0.962087915 0.270320817
1709437373.714925289 73.008162020 14.898487067 1.188059641 -0.021133076 0.024338730 0.968475580 0.247014312
1709437373.814735889 72.828828005 14.976435911 1.183320583 -0.019120305 0.023876891 0.974428953 0.222603961
1709437373.914129734 72.649891741 15.055885297 1.179715034 -0.018697689 0.027080663 0.979557262 0.198455546
1709437374.013160706 72.456792301 15.122249389 1.174050857 -0.023804965 0.027055225 0.982653081 0.181918280
1709437374.115059853 72.248820153 15.197828600 1.170047522 -0.034181972 0.027851991 0.985566014 0.163448743
1709437374.214540005 72.035204753 15.256100055 1.164973267 -0.043836427 0.025018208 0.986724716 0.154359292
1709437374.313322067 71.834008392 15.295478754 1.169041718 -0.038919884 0.022182852 0.988361618 0.145377010
1709437374.412143230 71.644998150 15.350387218 1.170215482 -0.029992519 0.020715456 0.989007559 0.143301661
1709437374.510984659 71.464721643 15.400604859 1.160398058 -0.021984568 0.021623584 0.989459171 0.141490803
1709437374.614552021 71.271547491 15.459159359 1.157305019 -0.028932312 0.023142506 0.989133989 0.142271912
1709437374.713351488 71.096987386 15.505717603 1.149881475 -0.030864833 0.022802216 0.989067774 0.142381034
1709437374.811773777 70.929709958 15.557849833 1.150824212 -0.031391708 0.021488081 0.988994694 0.142976637
1709437374.910797834 70.767830608 15.603063626 1.147012508 -0.031571309 0.021027498 0.989330570 0.140663141
1709437375.014768839 70.591641016 15.634623351 1.141335657 -0.027988793 0.023242089 0.989313523 0.141192018
1709437375.114619017 70.403822186 15.684831580 1.126966950 -0.043301632 0.026068018 0.989123846 0.138128363
1709437375.214444876 70.227430663 15.728480547 1.118420071 -0.043908174 0.028275342 0.988531074 0.141700011
1709437375.313664913 70.044133209 15.783234329 1.107120324 -0.045999095 0.027584382 0.988322594 0.142624106
1709437375.414939880 69.859480629 15.831943220 1.101431910 -0.039820719 0.023109836 0.988615525 0.143246604
1709437375.514347076 69.681402404 15.888146659 1.091166654 -0.032475025 0.030751805 0.989413667 0.138059023
1709437375.613029957 69.512650444 15.979499807 1.078108150 -0.040776365 0.038063046 0.988822464 0.138270128
1709437375.711885452 69.350768031 16.030100185 1.073630477 -0.031548332 0.037059978 0.989169865 0.138471073
1709437375.815105200 69.159887496 16.088047488 1.063675187 -0.037595716 0.033749092 0.989010870 0.138942653
1709437375.914481163 69.000579387 16.130416008 1.051129944 -0.030105501 0.037393708 0.989317430 0.137645893
1709437376.012934685 68.825260605 16.195301011 1.045467884 -0.040720278 0.037541446 0.988442126 0.141119322
1709437376.111775637 68.665574659 16.236355736 1.037843069 -0.031107767 0.033747390 0.988816843 0.141896692
1709437376.210177898 68.494768682 16.308377818 1.035661176 -0.032384381 0.035539431 0.988920552 0.140443377
1709437376.315101385 68.315152470 16.357657849 1.026803453 -0.023504631 0.036870631 0.989075608 0.140774753
1709437376.414945364 68.128262978 16.417477731 1.014577796 -0.030724493 0.040933107 0.988724977 0.140724572
1709437376.514540911 67.946046702 16.487621648 1.003584940 -0.031793961 0.045987929 0.988357871 0.141502553
1709437376.613675833 67.760724573 16.550264039 0.995885867 -0.030402446 0.041052917 0.988637143 0.141375206
1709437376.714465618 67.578328761 16.582053214 0.984257719 -0.034759082 0.036734245 0.988692613 0.141171240
1709437376.814136982 67.403059141 16.631086668 0.982794366 -0.033228412 0.034930416 0.988815923 0.141134011
1709437376.912858725 67.204512921 16.678460365 0.977964986 -0.044830410 0.034870135 0.988282073 0.141678696
1709437377.011829615 67.035820879 16.713878514 0.975537240 -0.033416897 0.025264012 0.988935192 0.142310319
1709437377.114631414 66.842396157 16.755942175 0.980216078 -0.032974565 0.018405052 0.989214484 0.141522568
1709437377.213789940 66.683030118 16.794195235 0.982196493 -0.016556002 0.012392231 0.988978469 0.146608043
1709437377.312430143 66.530318603 16.830762753 0.971568480 -0.021482705 0.010323356 0.986835730 0.159959879
1709437377.411178589 66.384094382 16.898738095 0.968040724 -0.024464286 0.014243732 0.982159044 0.185909190
1709437377.514790773 66.235787502 16.960736688 0.966898986 -0.030183076 0.013141582 0.977575090 0.207998137
1709437377.614645720 66.068410234 17.055132854 0.947581540 -0.036817807 0.018890433 0.974503193 0.220524665
1709437377.714481592 65.944625200 17.157402129 0.944673802 -0.025012872 0.024063869 0.969404964 0.243000622
1709437377.814912081 65.776858528 17.256827352 0.937971253 -0.035850173 0.026124411 0.966400935 0.253182766
1709437377.914919615 65.636712756 17.352208210 0.927508761 -0.023467881 0.024174487 0.967887710 0.249114900
1709437378.014797688 65.473836032 17.438969731 0.926234386 -0.024055238 0.024200532 0.970231796 0.239762260
1709437378.113957167 65.308400787 17.540986681 0.913287636 -0.047255229 0.023176642 0.969349119 0.239983483
1709437378.212869644 65.152745936 17.634520500 0.920009318 -0.045004997 0.019944654 0.969397607 0.240509960
1709437378.311779022 64.988456985 17.728383607 0.912346727 -0.048918711 0.021208547 0.967298090 0.247974921
1709437378.414929867 64.833788737 17.808311201 0.899511790 -0.031520650 0.013016650 0.965668421 0.257529640
1709437378.513531685 64.700276685 17.895599596 0.893616559 -0.025109733 0.014618253 0.962166462 0.270908670
1709437378.612173557 64.560215795 17.987475997 0.885534386 -0.028695719 0.020181954 0.958150057 0.284108627
1709437378.710711718 64.451579680 18.099945610 0.884560358 -0.013999169 0.018729069 0.951686483 0.306179821
1709437378.815068007 64.301386313 18.212177155 0.872200253 -0.022934842 0.022222918 0.950269677 0.309786500
1709437378.914913654 64.132985512 18.278601936 0.865533997 -0.043125996 0.012231583 0.948190777 0.314523111
1709437379.012923956 63.980501048 18.368710319 0.871222113 -0.064022986 0.003469150 0.948458559 0.310347200
1709437379.114611864 63.825569649 18.490941214 0.858503884 -0.059671874 0.005724518 0.949138793 0.309098769
1709437379.214446783 63.691224907 18.599842973 0.847977128 -0.047934947 0.009697986 0.950320955 0.307405712
1709437379.315076351 63.562895834 18.711038792 0.852011742 -0.022408979 0.012911833 0.956487672 0.290624252
1709437379.414232969 63.423032111 18.834138846 0.827927323 0.003829412 0.039040205 0.965461789 0.257574713
1709437379.513000011 63.281229391 18.954934602 0.792811799 0.016507534 0.069750022 0.969845468 0.232942491
1709437379.611634016 63.125843735 19.049000442 0.779123174 -0.015471116 0.084825556 0.973335066 0.212565563
1709437379.714439392 62.940428179 19.122530819 0.788356424 -0.055908127 0.075506208 0.978564525 0.183260921
1709437379.813932180 62.779211313 19.151300083 0.799778452 -0.070968452 0.055100361 0.984895630 0.148013603
1709437379.912076473 62.659467241 19.163816523 0.804731536 -0.035747399 0.033418628 0.993060217 0.106942625
1709437380.010568142 62.532039646 19.187115295 0.807544850 -0.021585039 0.014850086 0.994968642 0.096700375
1709437380.114596844 62.367849632 19.210647497 0.798499289 -0.030849832 0.005438906 0.996079129 0.082734967
1709437380.214167356 62.221051166 19.227800018 0.802658506 -0.037688993 0.004832388 0.996480956 0.074712061
1709437380.315105677 62.036162083 19.273694772 0.778933308 -0.053751158 0.010840647 0.996348608 0.065442680
1709437380.414940596 61.879017771 19.306325453 0.781646966 -0.042625127 0.017914745 0.996598312 0.068219975
1709437380.514773607 61.707073936 19.327582761 0.770089037 -0.039410758 0.012886248 0.996558037 0.071783118
1709437380.614633083 61.532017055 19.359669187 0.759150044 -0.024394026 0.013819860 0.995976236 0.085119214
1709437380.714060307 61.340553941 19.397298750 0.752906374 -0.031788838 0.011684658 0.994104488 0.103001001
1709437380.813054085 61.178125727 19.425588759 0.745388944 -0.032569186 0.011705139 0.989535016 0.140081013
1709437380.914973259 61.033544559 19.468714723 0.747406936 -0.029475222 0.004900984 0.981244674 0.190436553
1709437381.014338732 60.908458898 19.529545048 0.740324613 -0.040079772 0.008141436 0.970166870 0.238963538
1709437381.113062382 60.789075275 19.624430583 0.745961157 -0.052419876 0.004661517 0.958433981 0.280418850
1709437381.211878300 60.693887298 19.705175708 0.747934198 -0.061799126 0.014847791 0.947850806 0.312312762
1709437381.310495853 60.631451342 19.798766319 0.739099500 -0.058166520 0.029207775 0.938062942 0.340296162
1709437381.414588690 60.633631743 19.883375134 0.746015353 -0.031162899 0.036248906 0.927993213 0.369517912
1709437381.513627768 60.610002478 19.946339156 0.731420249 -0.029501931 0.045827129 0.919199385 0.390002564
1709437381.615060329 60.564180676 20.002289285 0.715793941 -0.042801217 0.036519146 0.913139899 0.403744886
1709437381.714902401 60.514315717 20.048647143 0.722205742 -0.042364193 0.027134416 0.905146830 0.422111615
1709437381.814734697 60.466494985 20.101613070 0.718066273 -0.039037171 0.028252659 0.902288340 0.428431602
1709437381.914579391 60.423393161 20.144446705 0.718409188 -0.025901940 0.022178600 0.902237416 0.429889339
1709437382.014090538 60.353167687 20.177966279 0.710192291 -0.038703918 0.020128404 0.902896182 0.427639262
1709437382.113087416 60.296773277 20.245273813 0.713023787 -0.035762188 0.029241557 0.908046208 0.416314883
1709437382.214514732 60.232262859 20.324486445 0.705917255 -0.031902080 0.030966136 0.913785717 0.403756139
1709437382.314088106 60.125799952 20.396259469 0.702961633 -0.027517534 0.018543229 0.925081767 0.378315554
1709437382.412702322 60.023321302 20.472488553 0.705252594 -0.033800692 0.019464263 0.935775084 0.350433513
1709437382.511519432 59.900195467 20.559895164 0.702897209 -0.034252264 0.023756921 0.946425532 0.320220398
1709437382.615037203 59.779521327 20.647862517 0.691902765 -0.028134877 0.027348549 0.959254476 0.279805890
1709437382.714804173 59.640835458 20.712205104 0.673221936 -0.029553548 0.032174030 0.970480724 0.237188920
1709437382.813345909 59.514419844 20.762395871 0.668120290 -0.029209995 0.029143434 0.979555700 0.196896080
1709437382.911775589 59.380626773 20.772821057 0.651795708 -0.041139926 0.030325613 0.986490992 0.155638642
1709437383.014424086 59.249218542 20.792147998 0.649959411 -0.062675381 0.030151873 0.988428111 0.134805531
1709437383.115066051 59.186441294 20.788383765 0.668897226 -0.050370179 0.030158891 0.992579374 0.106486962
1709437383.214911699 59.150724487 20.795835874 0.654965999 -0.021682055 0.025675082 0.996542133 0.075989842
1709437383.314219713 59.074455197 20.797514581 0.645809991 -0.030715132 0.024439536 0.997992552 0.049700663
1709437383.413383961 58.995695919 20.787749407 0.650307963 -0.025635245 0.021065376 0.998592712 0.041372449
1709437383.514825344 58.915159655 20.793712223 0.651790076 -0.014039768 0.018650260 0.999059258 0.036546567
1709437383.613673925 58.824168375 20.858648397 0.640190942 -0.020912921 0.039106995 0.998406570 0.034894318
1709437383.712398052 58.748644381 20.862741334 0.646818218 -0.028459495 0.039571582 0.996610823 0.066264732
1709437383.811141491 58.660064000 20.876623978 0.655304047 -0.031839410 0.014016513 0.995710293 0.085736821
1709437383.909872293 58.585673175 20.875859686 0.653853760 -0.022932525 0.006347645 0.992610331 0.118989650
1709437384.014372110 58.502699043 20.943810185 0.652635839 -0.032640186 0.012564337 0.989464230 0.140489477
1709437384.112986803 58.417390070 20.989781699 0.657205549 -0.033631649 0.011632556 0.987526071 0.153381401
1709437384.211634159 58.323699721 21.030462021 0.655209160 -0.029010169 0.007879943 0.987077936 0.157395884
1709437384.314794302 58.201182162 21.072447796 0.643442195 -0.033027931 0.008994560 0.987624131 0.153058253
1709437384.414640188 58.063305930 21.108800909 0.642599480 -0.040503329 0.009989922 0.989287054 0.139895696
1709437384.514462709 57.915010276 21.113898402 0.632020759 -0.041927042 0.013453162 0.991939804 0.118813131
1709437384.614435434 57.770707113 21.135083314 0.630705539 -0.042373782 0.011192031 0.995178902 0.087739127
1709437384.714953661 57.610330232 21.119872749 0.625851560 -0.037844829 0.009163097 0.997723218 0.055065290
1709437384.814725637 57.463241598 21.094064460 0.612465215 -0.022857640 0.008328526 0.999479776 0.021174085
1709437384.913546085 57.315607468 21.079689936 0.606090082 -0.037669536 0.003566274 0.999283319 0.001065770
1709437385.012270212 57.187969917 21.070949256 0.604485618 -0.036837201 0.005041894 0.999092592 -0.020774800
1709437385.111494541 57.080897038 21.057247827 0.599992851 -0.042420073 0.010219700 0.998189817 -0.041390634
1709437385.214958668 56.978313853 21.043835712 0.598533613 -0.039028666 0.012963504 0.997914343 -0.049756160
1709437385.313945532 56.896027988 21.015828974 0.597449119 -0.033874984 0.010618584 0.998112646 -0.050108646
1709437385.412561893 56.797250309 21.015374617 0.592898996 -0.035152341 0.012645671 0.998048799 -0.050029946
1709437385.511223793 56.686158292 21.011601299 0.592112749 -0.030464794 0.013396255 0.998608391 -0.040911092
1709437385.615125895 56.552797042 21.016850155 0.591582670 -0.031352682 0.012622816 0.999024202 -0.028430938
1709437385.714982033 56.418259605 21.025970935 0.584014280 -0.033134087 0.014584798 0.999221691 -0.015666153
1709437385.814821243 56.267093779 21.044913722 0.569955099 -0.035306515 0.023079215 0.999020934 -0.013340677
1709437385.914643764 56.111718054 21.059493558 0.571213155 -0.027958971 0.026683537 0.999212052 -0.009031060
1709437386.014500618 55.929465709 21.050538846 0.564966936 -0.036029525 0.021314252 0.999104913 -0.006078551
1709437386.114421606 55.758255908 21.058119759 0.563486367 -0.027009586 0.015721522 0.999488309 -0.006814471
1709437386.213291168 55.579003923 21.067535260 0.565988235 -0.028236061 0.021329398 0.999342972 -0.007836130
1709437386.312039852 55.383928640 21.055392807 0.558527892 -0.028593591 0.015986908 0.999449077 -0.005326226
1709437386.410774946 55.199235448 21.066088499 0.555118154 -0.022377725 0.024735669 0.999404032 -0.008886253
1709437386.514469385 54.979683646 21.073463698 0.537212895 -0.035721407 0.030039707 0.998877455 -0.008088702
1709437386.613594294 54.793407865 21.079494580 0.541134988 -0.030239263 0.028443635 0.999098723 -0.008848048
1709437386.712224245 54.590051008 21.067708099 0.542894056 -0.027506154 0.025600059 0.999265848 -0.007470800
1709437386.810783625 54.384660340 21.041345864 0.523718035 -0.045570866 0.026071075 0.998611073 -0.004418149
1709437386.914649487 54.174232052 21.055441270 0.539623414 -0.030469260 0.023388134 0.999261964 0.000383243
1709437387.014404535 53.979368222 21.059736265 0.515018838 -0.021245019 0.025681086 0.999440750 0.002705404
1709437387.115134001 53.790528986 21.083534211 0.517849611 -0.021399835 0.024212483 0.999477762 0.000072407
1709437387.214971542 53.585782115 21.098429718 0.520770575 -0.039019789 0.023765311 0.998955787 -0.000033071
1709437387.314810991 53.429250714 21.081511855 0.534888100 -0.010362710 0.016562892 0.999809059 0.000360787
1709437387.414136171 53.241362985 21.079941575 0.515711750 -0.016025073 0.014645683 0.999762965 -0.001647624
1709437387.513145447 53.048488917 21.086042726 0.501275633 -0.035814772 0.016744150 0.999217945 0.000658749
1709437387.612628460 52.859686775 21.090406089 0.504034328 -0.056575363 0.014188563 0.998295667 0.001916975
1709437387.711080551 52.690713174 21.107393425 0.501633164 -0.039140549 0.016179094 0.999095080 0.003908438
1709437387.814796209 52.534340010 21.106951107 0.510760620 -0.003788717 0.018254254 0.999805847 0.006379395
1709437387.913438797 52.363505755 21.100018759 0.507601818 -0.004989964 0.013496400 0.999871791 0.007024844
1709437388.012008667 52.184212208 21.101655261 0.500009641 -0.022314688 0.009564629 0.999646155 0.010869116
1709437388.115139008 52.001249960 21.110312007 0.518314570 -0.026658880 0.016812449 0.999409713 0.013670108
1709437388.214967966 51.823158055 21.105614250 0.520544685 -0.027892907 0.018156567 0.999288792 0.017726684
1709437388.313429594 51.654082801 21.105085856 0.508230453 -0.006639157 0.023383350 0.999534961 0.018412040
1709437388.414650440 51.457279273 21.132963557 0.485952220 -0.028798359 0.031286771 0.998948802 0.017119670
1709437388.514487028 51.253343667 21.143538766 0.470249643 -0.046261096 0.036153816 0.998045353 0.021407598
1709437388.615109205 51.102280212 21.152768260 0.493755502 -0.016770264 0.043198285 0.998677352 0.022275819
1709437388.713837862 50.933651215 21.174822509 0.483095949 -0.006699314 0.044144649 0.998742987 0.022777532
1709437388.812901020 50.737183148 21.190023162 0.466624040 -0.022587209 0.044787883 0.998439423 0.024547561
1709437388.912395716 50.550553235 21.198856801 0.478872696 -0.036125731 0.033384743 0.998474879 0.025066043
1709437389.010948420 50.389860736 21.220956541 0.497444610 -0.028738957 0.027196564 0.998889801 0.025565318
1709437389.114453554 50.218365460 21.238514937 0.480368490 -0.007702294 0.029940708 0.999297569 0.021180103
1709437389.213038445 50.031758319 21.247629953 0.471602706 -0.019743828 0.033100167 0.999056651 0.020009216
1709437389.311665297 49.845903664 21.268954750 0.478937355 -0.028423108 0.036000940 0.998782734 0.018141355
1709437389.414649487 49.665594759 21.269237197 0.478389575 -0.026491502 0.041370022 0.998606552 0.019278908
1709437389.514488459 49.471627749 21.282860598 0.470543492 -0.027154422 0.032866918 0.998927609 0.018056418
1709437389.613929749 49.269217205 21.287843820 0.462947730 -0.040422575 0.028968300 0.998723653 0.008827101
1709437389.714993954 49.063351162 21.283404983 0.455610540 -0.043888351 0.032528839 0.998475105 0.007946837
1709437389.814832449 48.885869035 21.292116660 0.455154349 -0.029512863 0.035158879 0.998936428 0.004342493
1709437389.914665461 48.687888051 21.306040656 0.448719583 -0.030919863 0.033563713 0.998886488 -0.011967560
1709437390.014279366 48.485366347 21.292189177 0.438147481 -0.032300568 0.033954734 0.998182225 -0.037894523
1709437390.113132477 48.289784565 21.257541815 0.444157164 -0.037408425 0.034064222 0.996938719 -0.059610639
1709437390.212056875 48.096313489 21.220808337 0.440441350 -0.040936672 0.030351969 0.996894919 -0.060028893
1709437390.314800262 47.910908251 21.173211375 0.433938043 -0.043979821 0.018637025 0.997481096 -0.052439495
1709437390.413855076 47.734716648 21.156768016 0.433471409 -0.052620936 0.011488249 0.997576489 -0.044047770
1709437390.512623549 47.560692010 21.146819936 0.433655881 -0.041238854 0.013149565 0.998575953 -0.031185126
1709437390.611434460 47.424499484 21.126411781 0.409455607 -0.021956448 0.012333171 0.999610576 -0.012020991
1709437390.714934111 47.259298396 21.118948806 0.404360189 -0.024068849 -0.000639348 0.999581461 0.016036951
1709437390.814192295 47.093930314 21.142149398 0.395593154 -0.032196826 0.000533023 0.998706319 0.039354410
1709437390.913386106 46.936219199 21.162921210 0.385601650 -0.037549563 0.010160682 0.997098224 0.065436401
1709437391.011331081 46.771005334 21.210167381 0.381338017 -0.033742044 0.021922976 0.996504924 0.073203785
1709437391.115102530 46.588822849 21.269453246 0.390445791 -0.023920434 0.028235509 0.996886320 0.069629262
1709437391.214925528 46.409271685 21.285152897 0.388513878 -0.024266341 0.018929288 0.997136255 0.069080495
1709437391.314025640 46.217739370 21.304142277 0.377909758 -0.024196706 0.009766368 0.998130691 0.055265364
1709437391.413248539 46.025175581 21.302124359 0.371562323 -0.035833488 0.011571284 0.998592767 0.037343706
1709437391.512449265 45.834439940 21.326314135 0.349842592 -0.042370486 0.005285920 0.998984099 0.014407338
1709437391.614982605 45.634483257 21.303285029 0.343178099 -0.040428998 0.005360773 0.998971490 -0.019817197
1709437391.713621855 45.438925780 21.280007563 0.337338980 -0.044028999 0.010494685 0.997622706 -0.051963894
1709437391.812373400 45.234433837 21.246086531 0.334638906 -0.035913954 0.011946930 0.995357550 -0.088491843
1709437391.911186218 45.047917599 21.172056041 0.339778891 -0.021239086 0.007718660 0.992112793 -0.123294483
1709437392.014445066 44.845891797 21.092311893 0.335395481 -0.041016449 -0.002003871 0.988495310 -0.145570113
1709437392.113869667 44.668323542 21.028718993 0.345247923 -0.038542325 -0.001070953 0.984955035 -0.168454508
1709437392.212466717 44.503732307 20.963463821 0.345858020 -0.037823698 0.004966443 0.982137944 -0.184254607
1709437392.311015129 44.345490932 20.941911395 0.328417699 -0.025905106 0.031135864 0.982355611 -0.182584053
1709437392.414616823 44.171268555 20.905994961 0.318989102 -0.021463164 0.049148818 0.981922891 -0.181524553
1709437392.514467716 43.996874901 20.878830876 0.298567161 -0.020122160 0.068074031 0.982620453 -0.171516966
1709437392.613786697 43.838627901 20.848210411 0.301812470 -0.021536940 0.070210416 0.986554116 -0.146005593
1709437392.713213444 43.693210707 20.797556582 0.308539162 -0.022901035 0.046516876 0.992138674 -0.113897207
1709437392.812484026 43.555689993 20.760806390 0.327291521 -0.021548190 0.019764750 0.995778461 -0.087007397
1709437392.914637327 43.381465678 20.730939425 0.329514333 -0.034006745 0.012755582 0.996978525 -0.068663354
1709437393.013545513 43.222130110 20.736557960 0.329146558 -0.026947744 0.014042029 0.998786905 -0.038747361
1709437393.112297297 43.066969731 20.764104058 0.321001015 -0.021295807 0.019501827 0.999281260 -0.024558739
1709437393.211038113 42.896830263 20.773359694 0.308660143 -0.025312385 0.022002402 0.999273948 -0.018076360
1709437393.314782381 42.700187608 20.769554262 0.306645487 -0.024981327 0.013900290 0.999484150 -0.014633844
1709437393.413567305 42.498599717 20.775946120 0.295680954 -0.035531934 0.015495723 0.999123736 -0.015783653
1709437393.512084723 42.306615910 20.777492981 0.289066948 -0.032513110 0.019683618 0.999192529 -0.013028552
1709437393.615096331 42.118900555 20.766270836 0.296692130 -0.029171747 0.020835730 0.999274256 -0.012878025
1709437393.714933157 41.923445540 20.764619435 0.288342619 -0.025402533 0.029732783 0.999166451 -0.011707932
1709437393.814798832 41.733144539 20.764036150 0.275213858 -0.026902075 0.034310696 0.999009394 -0.008904228
1709437393.914338827 41.543984766 20.753425135 0.280869435 -0.037974543 0.032493659 0.998198067 -0.033207167
1709437394.013231993 41.368372024 20.755511353 0.278082612 -0.028751167 0.046884842 0.995016741 -0.083167700
1709437394.115122318 41.160857744 20.698535427 0.254210213 -0.049526838 0.060183151 0.988615643 -0.128701944
1709437394.214186192 40.971518982 20.615550608 0.250286636 -0.072515707 0.057858917 0.979768946 -0.177331979
1709437394.312902212 40.827701501 20.513238693 0.258995458 -0.070643565 0.060214927 0.968679339 -0.230312804
1709437394.411774635 40.712994518 20.408886670 0.262258288 -0.053851670 0.055333119 0.959713328 -0.270163972
1709437394.510678768 40.631770454 20.301503958 0.269233561 -0.040485825 0.030240714 0.958287826 -0.281302044
1709437394.614653587 40.567723780 20.193359633 0.290214629 -0.038194808 0.004199864 0.958811930 -0.281430633
1709437394.713284969 40.492504618 20.138975703 0.288894844 -0.035598865 -0.002908224 0.958197827 -0.283868258
1709437394.811869383 40.415752690 20.087389292 0.289749872 -0.033995965 0.005391480 0.958746371 -0.282171229
1709437394.910413027 40.334117291 20.055242144 0.297151041 -0.022026448 0.015085501 0.961180128 -0.274627065
1709437395.014484167 40.236530375 20.022162545 0.285544848 -0.022965295 0.014488557 0.964455763 -0.262845501
1709437395.115135908 40.143155084 19.954615714 0.281134083 -0.023127796 0.004560324 0.970508175 -0.239912883
1709437395.214965343 40.030082875 19.895153368 0.271259426 -0.019668165 -0.007942032 0.976476688 -0.214577177
1709437395.313969135 39.888389514 19.860981195 0.286677913 -0.029232588 -0.009092702 0.979912608 -0.197063593
1709437395.414653063 39.755355408 19.811901869 0.275118194 -0.037108857 0.001429027 0.982438086 -0.182855949
1709437395.514349937 39.621309106 19.811663547 0.274525199 -0.023347830 0.008495643 0.986949734 -0.159100361
1709437395.612968206 39.457630293 19.782730970 0.255209551 -0.039864384 0.005937973 0.989656445 -0.137679676
1709437395.711866856 39.306562661 19.758827558 0.265750197 -0.038128999 0.007729313 0.993968786 -0.102530433
1709437395.810724974 39.162233297 19.746126684 0.248243160 -0.034999973 0.017190304 0.995877948 -0.081893887
1709437395.914070368 38.985402838 19.713323996 0.244744243 -0.024145242 0.019158121 0.997962058 -0.055872220
1709437396.012677670 38.820071864 19.753101812 0.223238514 -0.014510362 0.024422693 0.998470506 -0.047430270
1709437396.111337662 38.617654587 19.766134145 0.214906099 -0.022706612 0.041564268 0.997897130 -0.044250859
1709437396.210110903 38.425864455 19.762204467 0.203743778 -0.036840087 0.038277248 0.998384677 -0.020141936
1709437396.314435005 38.241366801 19.758393585 0.217955522 -0.045525329 0.019850423 0.998696469 -0.011780018
1709437396.415082693 38.051252773 19.744417780 0.211348390 -0.041953548 0.018488558 0.998901229 -0.009716387
1709437396.514851332 37.862242750 19.744670577 0.217538810 -0.029922433 0.023424003 0.999157979 -0.015469209
1709437396.614416361 37.652094782 19.772756091 0.188311876 -0.032636390 0.054061254 0.997604108 -0.028254053
1709437396.714580297 37.471699441 19.772416577 0.172571231 -0.023190197 0.075808571 0.996498952 -0.026553999
1709437396.814076662 37.280199595 19.763895149 0.192238145 -0.026480467 0.059634297 0.997312610 -0.033318062
1709437396.913093328 37.106670527 19.735141404 0.198006599 -0.010385322 0.037263276 0.998474503 -0.039398739
1709437397.012065172 36.944706880 19.688032626 0.210107460 -0.008781715 0.014372260 0.999296684 -0.033503103
1709437397.114755392 36.772514841 19.656254550 0.221067579 -0.020781590 -0.000774441 0.999352221 -0.029371139
1709437397.213836908 36.593251416 19.649224888 0.210555893 -0.031636825 -0.001928354 0.999021742 -0.030837517
1709437397.312469244 36.424044435 19.656695757 0.201289167 -0.032345367 0.014182643 0.998915454 -0.030340502
1709437397.411170006 36.261580089 19.673411565 0.201831762 -0.024049664 0.027273002 0.998819224 -0.032217298
1709437397.514889002 36.066402119 19.663211400 0.188021462 -0.030838523 0.028318171 0.998795443 -0.025587678
1709437397.614719152 35.886969643 19.651507368 0.193095892 -0.030084579 0.020334043 0.998887319 -0.030092670
1709437397.714559793 35.696403216 19.641313139 0.192501120 -0.034205427 0.011050059 0.998985714 -0.027118763
1709437397.814802408 35.506968521 19.636417772 0.189209905 -0.028661204 0.010914718 0.999153874 -0.027403300
1709437397.914644003 35.316708275 19.632531956 0.182615212 -0.033549517 0.006372296 0.999151638 -0.023017987
1709437398.014503956 35.136923143 19.619497235 0.185551243 -0.035516063 0.003670054 0.999207128 -0.017614087
1709437398.113954306 34.930873335 19.610971689 0.166723732 -0.049694331 -0.000918439 0.998676876 -0.013195769
1709437398.212779999 34.732317150 19.623910206 0.158608341 -0.056477532 0.009488337 0.998311349 -0.009731965
1709437398.311736107 34.554745392 19.655030227 0.150114251 -0.046110990 0.029118977 0.998443980 -0.011639630
1709437398.414630413 34.376234771 19.672357294 0.125763930 -0.032328149 0.054504897 0.997875207 -0.015138602
1709437398.513578892 34.193346433 19.671150529 0.115186789 -0.028220338 0.052364920 0.998184848 -0.009409455
1709437398.612219095 34.027609270 19.650330112 0.127516459 -0.025764443 0.036226798 0.998956188 -0.010504614
1709437398.710938931 33.861256429 19.631405248 0.121653089 -0.029832871 0.026368896 0.999156478 -0.010050582
1709437398.814779520 33.676901518 19.629033799 0.122498143 -0.029233480 0.027637275 0.999169869 -0.006415495
1709437398.914593697 33.510504779 19.635901972 0.120530638 -0.030237669 0.038254361 0.998800834 -0.004379640
1709437399.014431000 33.349929685 19.651306858 0.115921351 -0.015712492 0.041639051 0.998995554 -0.005214413
1709437399.115058899 33.156171819 19.659694550 0.105992550 -0.024507495 0.048974588 0.998479314 -0.006319114
1709437399.214904308 32.981297781 19.659697879 0.105963373 -0.023542647 0.055135342 0.998182808 -0.006076128
1709437399.314748049 32.790285259 19.647371611 0.110431655 -0.031035166 0.042445517 0.998614099 -0.002253326
1709437399.414064407 32.615676525 19.633738950 0.117819319 -0.022971522 0.037057429 0.999045196 -0.002784509
1709437399.513034582 32.425914817 19.622124731 0.118288767 -0.025486242 0.028680881 0.999262838 -0.001280500
1709437399.615067959 32.226136432 19.620188174 0.110305271 -0.033309207 0.030806387 0.998962986 -0.003796706
1709437399.714584589 32.040235031 19.634904102 0.097015993 -0.031346742 0.036806199 0.998817301 -0.005165726
1709437399.813226700 31.844540466 19.639973655 0.088992824 -0.045074409 0.042988958 0.998029689 -0.007549017
1709437399.911980867 31.655879486 19.633018024 0.088665685 -0.035822317 0.040215817 0.998469279 -0.012591619
1709437400.010616541 31.459306741 19.637724710 0.081359235 -0.046850682 0.036870740 0.998063636 -0.017735268
1709437400.114668608 31.255659512 19.638964007 0.067998851 -0.051960993 0.036573293 0.997791381 -0.019359973
1709437400.214045763 31.081083122 19.622069464 0.097316884 -0.034179188 0.020350216 0.998839050 -0.027169902
1709437400.314729929 30.906641077 19.596435378 0.095580121 -0.016558514 0.008381330 0.999088876 -0.038431594
1709437400.414569378 30.751580776 19.577785338 0.083474367 -0.003911966 0.013725222 0.998894758 -0.044783678
1709437400.514813185 30.584953437 19.573283174 0.085086156 -0.010523900 0.009347793 0.998823551 -0.046404519
1709437400.614658833 30.413059186 19.540394274 0.079714176 -0.026977585 -0.009945707 0.998562216 -0.045241499
1709437400.714181662 30.237254715 19.505694473 0.072010214 -0.045324425 -0.014426001 0.997404537 -0.054053468
1709437400.813162804 30.031207679 19.491720823 0.076948472 -0.049528594 -0.012193798 0.997151765 -0.055557054
1709437400.914965391 29.848426004 19.483287990 0.081236611 -0.026620386 -0.009307783 0.997840081 -0.059328692
1709437401.014243603 29.668272295 19.464458354 0.053078287 -0.017743105 0.005019219 0.997647637 -0.066024105
1709437401.112986803 29.480263088 19.454013393 0.048675867 -0.028358430 0.009475865 0.997364187 -0.066111161
1709437401.211729050 29.277281647 19.427569527 0.044091660 -0.049649400 0.006370906 0.996323242 -0.069529461
1709437401.315096617 29.080168583 19.395203069 0.045138373 -0.033586180 0.015876937 0.996273386 -0.077841061
1709437401.414816856 28.873427991 19.373295590 0.016447773 -0.049986539 0.029903727 0.994478965 -0.087285169
1709437401.513556719 28.696454333 19.327823278 0.031083544 -0.033902197 0.039443084 0.993815863 -0.098106650
1709437401.611886024 28.497654018 19.289200056 0.006889595 -0.054422239 0.034962650 0.992646253 -0.102319345
1709437401.714469433 28.305270698 19.248457599 -0.006452084 -0.050827861 0.034307435 0.991293369 -0.116520323
1709437401.815103292 28.110650712 19.206758149 -0.018600945 -0.046807051 0.035205502 0.990878250 -0.121367070
1709437401.914939404 27.954734652 19.135426180 -0.008284236 -0.031377254 0.026615327 0.991280286 -0.125181813
1709437402.014263630 27.795500426 19.075071024 0.001144677 -0.025505196 0.008676413 0.990798932 -0.132633634
1709437402.113198042 27.630074664 19.012715640 -0.016523451 -0.027356413 0.026235407 0.987991825 -0.149784793
1709437402.214470863 27.443515186 18.980609103 -0.034915519 -0.038319176 0.053347278 0.984627913 -0.161844312
1709437402.314128876 27.270972477 18.927020083 -0.040694036 -0.046621799 0.056031657 0.984144471 -0.161698862
1709437402.412931204 27.114826910 18.867401363 -0.039745589 -0.033741435 0.045367921 0.982640027 -0.176697041
1709437402.511316299 26.981836195 18.785422499 -0.024341473 -0.023508889 0.036206277 0.982301020 -0.182266683
1709437402.610116482 26.828958879 18.724698554 -0.018840310 -0.033089055 0.032830214 0.980394402 -0.191452624
1709437402.714498997 26.657120191 18.677492453 -0.020375661 -0.021171227 0.040968493 0.979262946 -0.197275050
1709437402.813199997 26.501829211 18.601870869 -0.030513231 -0.029316802 0.036104019 0.978108868 -0.202830143
1709437402.914986849 26.356514913 18.541610100 -0.012377210 -0.011787732 0.031055241 0.976310649 -0.213808647
1709437403.014833689 26.178360323 18.471712392 -0.021565353 -0.031884532 0.034493628 0.973190910 -0.225151103
1709437403.114662170 26.007566497 18.411379788 -0.023077927 -0.032797778 0.038581979 0.971998813 -0.229464689
1709437403.214512825 25.838789385 18.309990880 -0.015459085 -0.039059528 0.025028498 0.971150277 -0.233912519
1709437403.314331532 25.676585297 18.217070599 -0.016460379 -0.021264752 0.027008086 0.968869800 -0.245172764
1709437403.413452148 25.506233467 18.121427277 -0.024165512 -0.024030933 0.028915636 0.964986536 -0.259590804
1709437403.514426947 25.332790219 18.019245779 -0.026412419 -0.029410747 0.035061144 0.960420818 -0.274768224
1709437403.613669872 25.169233315 17.901630573 -0.021192356 -0.030925355 0.030906547 0.955856249 -0.290563656
1709437403.712292671 25.026796380 17.793661711 -0.017689614 -0.018971050 0.030888552 0.952120318 -0.303566956
1709437403.811161995 24.881613545 17.654148256 -0.024319287 -0.029306593 0.017070820 0.951357461 -0.306216740
1709437403.914587259 24.730967605 17.510133687 -0.009775286 -0.029941227 0.009976302 0.947140655 -0.319262549
1709437404.014068365 24.566708491 17.414061012 -0.024541045 -0.040523276 0.030488187 0.940008625 -0.337360518
1709437404.112733364 24.404771327 17.329439819 -0.045874009 -0.044882485 0.068561918 0.930094033 -0.358064122
1709437404.214907169 24.259409790 17.212672388 -0.050346560 -0.052265534 0.076107444 0.923042052 -0.373455943
1709437404.314744234 24.143561638 17.080006681 -0.040429237 -0.044066035 0.062457689 0.913482067 -0.399634501
1709437404.414570332 24.037549305 16.948582318 -0.029666950 -0.031388232 0.041481145 0.908091640 -0.415528178
1709437404.514809370 23.967581263 16.788421464 -0.006412457 -0.007552000 0.016150078 0.904376447 -0.426362972
1709437404.614638567 23.880234493 16.634624491 0.010293865 -0.001410785 -0.004175646 0.901631978 -0.432481618
1709437404.714489222 23.767197350 16.474360028 0.009000469 -0.001855216 -0.004920202 0.894889009 -0.446257786
1709437404.815101624 23.622859085 16.316780052 0.013783947 -0.024630760 -0.008720860 0.887441458 -0.460179238
1709437404.913592815 23.488641497 16.175073111 0.005005975 -0.028425777 0.012328085 0.878079393 -0.477510810
1709437405.012307167 23.368385785 16.038966693 0.007816693 -0.033953800 0.041363254 0.867162135 -0.495142457
1709437405.111105680 23.263376361 15.884240029 -0.007340460 -0.036139009 0.049389176 0.858064331 -0.509882619
1709437405.214480639 23.189500284 15.701505048 0.000024703 -0.036039995 0.046087867 0.847063483 -0.528261756
1709437405.313851118 23.143613804 15.535902984 0.009026715 -0.023400819 0.036905811 0.843058260 -0.536043965
1709437405.412550449 23.091843791 15.368354259 0.033492626 -0.005924040 0.023158208 0.836283448 -0.547776047
1709437405.511135101 23.041826620 15.207653594 0.042144192 -0.008332027 0.016138740 0.831195684 -0.555683231
1709437405.614632130 22.970545212 15.026805693 0.046552544 -0.025172052 0.015036953 0.830677485 -0.555981271
1709437405.714457512 22.884802749 14.852240971 0.048529414 -0.031088991 0.017445280 0.829035520 -0.558058459
1709437405.815118313 22.829296268 14.675623514 0.053701844 -0.027509260 0.013641801 0.830422601 -0.556287198
1709437405.914740801 22.748324655 14.497671814 0.047780467 -0.036015057 0.013682626 0.827402067 -0.560286998
1709437406.014799595 22.663961368 14.321701905 0.044134448 -0.039454954 0.027121966 0.827845265 -0.558909583
1709437406.114603519 22.592737330 14.151202289 0.045111014 -0.028170496 0.021581025 0.830522231 -0.555853854
1709437406.213363409 22.534667791 13.979920024 0.054670942 -0.014875992 0.023266538 0.828772249 -0.558904224
1709437406.312243938 22.461011905 13.809162473 0.058743356 -0.020367155 0.018658945 0.828605280 -0.559151421
1709437406.411160707 22.384188679 13.639386109 0.070812395 -0.020872070 0.012972653 0.828596094 -0.559307232
1709437406.514761209 22.309198352 13.457901996 0.071142772 -0.029020113 0.005853574 0.826305460 -0.562443646
1709437406.613467216 22.265400450 13.294322323 0.087206043 -0.019426341 0.004837721 0.828231011 -0.560029112
1709437406.712211132 22.196198707 13.155141008 0.106917840 -0.008462604 0.018292430 0.829338497 -0.558382870
1709437406.815103292 22.137285884 12.995579708 0.101915789 -0.001931481 0.015069592 0.833494490 -0.552318850
1709437406.914951086 22.061135879 12.835189053 0.115109270 0.005868809 0.013441222 0.830665729 -0.556578241
1709437407.014581203 21.972525073 12.661899654 0.104704228 -0.025160743 0.021572061 0.819488152 -0.572137004
1709437407.114624500 21.887261927 12.503089701 0.105669951 -0.033346084 0.032348013 0.819585569 -0.571070171
1709437407.214483738 21.820001995 12.354003396 0.112981606 -0.025178747 0.034773314 0.823317052 -0.565955722
1709437407.315121651 21.764266183 12.183651229 0.125619438 -0.017752028 0.031297700 0.823065810 -0.566805073
1709437407.414313078 21.700647975 12.009916550 0.141358952 -0.009605561 0.032719866 0.822924334 -0.567126692
1709437407.513324738 21.634199140 11.826826525 0.130141682 -0.023199378 0.019189065 0.822427844 -0.568072187
1709437407.612168550 21.545114765 11.651783936 0.140523147 -0.033259711 0.031223412 0.821282148 -0.568695457
1709437407.711122274 21.481031241 11.486380821 0.148940157 -0.034309396 0.028722105 0.825100417 -0.563211513
1709437407.814555168 21.429681646 11.304950765 0.156482603 -0.019486524 0.024969413 0.822904719 -0.567295890
1709437407.913178205 21.380796222 11.132297983 0.165410415 -0.019919908 0.022192283 0.823485424 -0.566553136
1709437408.011733770 21.314289462 10.958530865 0.156533311 -0.032116575 0.021538358 0.821727148 -0.568567603
1709437408.110369205 21.251314568 10.785475596 0.155927317 -0.039683062 0.023462297 0.823000996 -0.566166173
1709437408.214487553 21.186755031 10.595506765 0.171972712 -0.036668875 0.016183921 0.823688739 -0.565623847
1709437408.314343929 21.119216310 10.426311309 0.185618374 -0.030714877 0.016019954 0.824521962 -0.564768529
1709437408.414965868 21.041375743 10.241943227 0.168692107 -0.036093296 0.012392209 0.823735794 -0.565688119
1709437408.514791727 20.978530534 10.051033033 0.160129555 -0.049960644 0.003891354 0.824926963 -0.563013586
1709437408.614614487 20.908049240 9.877405500 0.176791823 -0.038354109 0.010970906 0.827186247 -0.560510049
1709437408.714344263 20.845863682 9.744711834 0.179863876 -0.015198966 0.026420540 0.828165534 -0.559654174
1709437408.813190460 20.765771918 9.578347069 0.178319342 -0.017180590 0.024707839 0.827311655 -0.560936517
1709437408.912227154 20.689601331 9.418694987 0.173396368 -0.026134244 0.029468671 0.829473863 -0.557155014
1709437409.014770985 20.602172858 9.254790629 0.184940199 -0.036828107 0.017510953 0.829269084 -0.557359707
1709437409.114237309 20.534817729 9.115728262 0.194247168 -0.016413910 0.025147618 0.829125592 -0.558255258
1709437409.212907076 20.467212437 8.967691857 0.202108276 -0.010895119 0.019803576 0.828519727 -0.559503510
1709437409.311543941 20.394291960 8.802125956 0.210739051 -0.018627968 0.016745242 0.827738973 -0.560554001
1709437409.414928198 20.312560750 8.638193600 0.229644936 -0.014943718 0.025321865 0.828075550 -0.559844953
1709437409.514421225 20.243644191 8.474991536 0.242236536 -0.006604145 0.016360542 0.833237804 -0.552633224
1709437409.613121986 20.161003078 8.301687968 0.247945958 -0.001001365 0.011854229 0.833326581 -0.552652951
1709437409.711863041 20.075379162 8.131063488 0.227715659 -0.015794679 0.005135670 0.834286762 -0.551080530
1709437409.815096855 19.988424212 7.947129026 0.238259997 -0.024283749 -0.010944376 0.837080393 -0.546431090
1709437409.914925098 19.891406570 7.814068445 0.254276198 -0.014353579 0.007841763 0.842903972 -0.537815372
1709437410.014348507 19.804990152 7.669054867 0.253357688 -0.007529233 0.012598752 0.848135727 -0.529575652
1709437410.113170147 19.747053726 7.524147014 0.256328133 0.012595535 0.014293736 0.847954769 -0.529726110
1709437410.212421894 19.670598784 7.352805685 0.243473527 -0.014744279 0.011182092 0.842717162 -0.538038430
1709437410.315097809 19.582584702 7.173249261 0.236823855 -0.035381966 0.007652982 0.842760470 -0.537070144
1709437410.413691998 19.507289746 6.996520406 0.246860577 -0.043166315 -0.002273650 0.847035074 -0.529776447
1709437410.512584686 19.455266756 6.845570565 0.281491496 -0.017370042 0.001302182 0.850357351 -0.525917257
1709437410.611551046 19.420044425 6.716068445 0.303227454 0.019159284 0.006236814 0.855219800 -0.517873650
1709437410.714488506 19.347074804 6.535325024 0.293343570 0.006135223 -0.004814906 0.851139519 -0.524881601
1709437410.814291716 19.237184906 6.380797689 0.284779092 -0.031691893 0.000829457 0.852904933 -0.521102783
1709437410.912810564 19.121744831 6.272350609 0.287396620 -0.041448326 0.023889344 0.857805278 -0.511743529
1709437411.014788151 19.023959462 6.136264524 0.294330645 -0.037651773 0.028237329 0.863942109 -0.501387105
1709437411.114638329 18.949077313 5.990933680 0.293484016 -0.022850665 0.008251908 0.871255893 -0.490227419
1709437411.214479685 18.867990267 5.840111922 0.299370325 -0.016143456 0.001089058 0.869824575 -0.493095743
1709437411.314588547 18.743028685 5.695905019 0.284082287 -0.040730087 0.009261669 0.874212674 -0.483743199
1709437411.413546562 18.631717057 5.573319787 0.286921291 -0.040747787 0.011734919 0.885403248 -0.462885512
1709437411.512489557 18.539006817 5.462029812 0.293319479 -0.022680849 0.013294824 0.902075289 -0.430777204
1709437411.614642620 18.436955636 5.375234570 0.290778164 -0.001377748 0.020372287 0.917966126 -0.396132885
1709437411.713773012 18.329689676 5.292557271 0.280100285 -0.006110895 0.026447664 0.927651192 -0.372459990
1709437411.812258005 18.186100044 5.244719459 0.261053073 -0.039212083 0.040829176 0.937730700 -0.342719310
1709437411.910985947 18.062284309 5.205464307 0.251749125 -0.041205765 0.057807122 0.949863985 -0.304497671
1709437412.014789581 17.958439194 5.179130671 0.263197404 -0.040994445 0.057925140 0.962706655 -0.261074759
1709437412.114339828 17.866028045 5.120632491 0.277035313 -0.055116888 0.033185647 0.969855769 -0.235033251
1709437412.212854624 17.812805728 5.073662350 0.306736887 -0.037594158 0.003301871 0.978185061 -0.204278641
1709437412.315081596 17.758682416 5.033929132 0.309033100 -0.027257789 -0.008243504 0.984140557 -0.175089754
1709437412.414928913 17.701475738 5.025332706 0.300382453 -0.022783710 -0.003528718 0.988036143 -0.152489447
1709437412.514769077 17.643525212 5.024748098 0.294881590 -0.014171330 0.000555293 0.990718842 -0.135185213
1709437412.614253521 17.602372127 5.000775974 0.296142948 -0.007929263 -0.005092348 0.993344336 -0.114796452
1709437412.713371038 17.554551468 4.973847285 0.300404818 -0.005539175 -0.012954564 0.995282606 -0.095989749
1709437412.815091133 17.492447212 4.975582048 0.302667554 -0.010935817 -0.000362586 0.997085402 -0.075504821
1709437412.914925098 17.434703279 4.991785116 0.298085343 -0.004728136 0.008097245 0.998808281 -0.047896737
1709437413.013640404 17.357526906 4.984220399 0.299344124 -0.009312167 0.004392322 0.999749715 -0.019862000
1709437413.112421751 17.287100833 4.985491912 0.303828600 -0.010370283 -0.004412189 0.999830194 0.014579890
1709437413.211156368 17.192185447 4.996041173 0.302833092 -0.020458528 -0.004284143 0.999087296 0.037251439
1709437413.314842463 17.099313785 5.012885919 0.292842148 -0.032469998 -0.002338655 0.997703194 0.059401737
1709437413.413542509 16.996257416 5.052831303 0.282951209 -0.045036130 0.006631179 0.996128075 0.075210584
1709437413.512151480 16.891995951 5.105127276 0.274694807 -0.043166352 0.024619231 0.994039007 0.097041287
1709437413.610736609 16.811166402 5.151001573 0.261003935 -0.033457418 0.039218810 0.991643628 0.118259889
1709437413.714441061 16.728332471 5.208506993 0.254548816 -0.038239126 0.046131608 0.987541577 0.145503532
1709437413.815084219 16.639595468 5.247759667 0.246470225 -0.037807576 0.038884925 0.983122471 0.174724801
1709437413.914613247 16.563968921 5.287185147 0.253182923 -0.033930039 0.029999979 0.976913950 0.208777128
1709437414.013732433 16.487599904 5.353033880 0.245678177 -0.043844456 0.032208149 0.970343438 0.235529001
1709437414.114598513 16.434649575 5.425211259 0.243214120 -0.039036050 0.034280106 0.965230198 0.256186897
1709437414.214401722 16.376801341 5.481217368 0.238839583 -0.039476199 0.033483931 0.960053401 0.274987134
1709437414.313156605 16.309796007 5.533242196 0.234207492 -0.037909070 0.033803066 0.955975461 0.289017600
1709437414.411940813 16.253480119 5.613079380 0.225566305 -0.037817984 0.038263295 0.953069390 0.297933647
1709437414.514754534 16.181751628 5.683932678 0.221115914 -0.025504129 0.037369748 0.952098800 0.302425059
1709437414.614487410 16.101221547 5.767991651 0.210571807 -0.031402188 0.042527455 0.949508959 0.309254029
1709437414.713018894 16.026813865 5.820741238 0.209095470 -0.030372317 0.035412208 0.942321936 0.331440594
1709437414.811645031 15.963984229 5.878950679 0.210049577 -0.023984238 0.024860481 0.933477358 0.356968816
1709437414.914916277 15.883608603 5.975014542 0.201344738 -0.032018735 0.026461462 0.924850025 0.378056904
1709437415.014766932 15.792659108 6.044143791 0.204046813 -0.042787528 0.015091732 0.919101461 0.391400015
1709437415.114617825 15.695448178 6.094101350 0.201995752 -0.048269732 0.006341659 0.913397287 0.404147513
1709437415.214457512 15.640958485 6.167535267 0.200818689 -0.048632528 0.010448840 0.905136972 0.422199907
1709437415.314362764 15.610503949 6.264348430 0.192838918 -0.035281824 0.019099404 0.898133811 0.437888186
1709437415.414950848 15.546608096 6.331907535 0.191858072 -0.030916347 0.015877826 0.887087777 0.460290506
1709437415.514518023 15.480196653 6.418522356 0.192454649 -0.023501696 -0.005485820 0.883271177 0.468240968
1709437415.613387108 15.389263830 6.531754684 0.192885738 -0.023805491 -0.011340147 0.883329278 0.468010776
1709437415.712120295 15.312019800 6.666358671 0.169317228 -0.026229811 0.007808993 0.887132458 0.460702744
1709437415.815125227 15.232799122 6.788038812 0.153405219 -0.028500746 0.013321714 0.886020386 0.462577685
1709437415.914197206 15.146363823 6.948283621 0.137553752 -0.053289256 0.039102506 0.884408062 0.462010421
1709437416.012871027 15.074592984 7.092357328 0.125333633 -0.050612530 0.050314673 0.883794389 0.462400567
1709437416.111524820 14.972242873 7.219417199 0.119192265 -0.056342380 0.044310827 0.880297586 0.468975743
1709437416.209963083 14.889754020 7.362400111 0.113674561 -0.035523360 0.018874991 0.881241988 0.470950512
1709437416.315135479 14.785593070 7.529084409 0.098488920 -0.031083609 0.024908862 0.882436219 0.468742655
1709437416.414981127 14.661092169 7.724742347 0.053279045 -0.050188247 0.052331847 0.878226097 0.472717083
1709437416.514814377 14.598320870 7.855721307 0.101862815 -0.029546276 0.033331539 0.867171777 0.496013241
1709437416.614621639 14.548290662 7.985086258 0.071902952 -0.011475276 0.014725819 0.855609349 0.517285328
1709437416.714474440 14.452507966 8.153777169 0.052722086 -0.035930217 0.006590678 0.843999694 0.535098214
1709437416.814028978 14.399199803 8.328496036 0.056011868 -0.047346467 0.029299102 0.831919858 0.552095304
1709437416.912731886 14.323541069 8.485895162 0.021555576 -0.057692663 0.032618829 0.819406655 0.569368337
1709437417.011603594 14.248276223 8.651896284 0.010309808 -0.063714686 0.035862932 0.816907758 0.572115376
1709437417.114645720 14.208721417 8.812257154 0.036940147 -0.045418289 0.017738852 0.821305588 0.568400953
1709437417.213553190 14.167798386 8.964748062 0.003210951 -0.025503910 0.017813098 0.828532338 0.559076389
1709437417.312128305 14.136275957 9.080611042 0.005181949 0.000232121 0.014237588 0.816723122 0.576854037
1709437417.410966158 14.073857084 9.230525807 0.002530115 -0.034704502 -0.003414213 0.792526669 0.608839403
1709437417.514828444 14.021098184 9.390859378 0.003284744 -0.062162404 -0.014259291 0.778663275 0.624192287
1709437417.614677906 13.944649906 9.554622272 0.003997177 -0.064891655 -0.002797637 0.785441865 0.615517931
1709437417.714521885 13.919442024 9.690891040 -0.010230848 -0.046049369 0.007470433 0.777724773 0.626871459
1709437417.814739704 13.923724364 9.827789880 -0.011592447 -0.017582537 0.007622247 0.776539069 0.629777604
1709437417.914583921 13.904743430 9.994342096 -0.033254287 -0.021197173 0.022086590 0.769848458 0.637492129
1709437418.014436245 13.867179926 10.172463131 -0.031566186 -0.040808685 0.024617429 0.756956495 0.651725017
1709437418.114004612 13.862190972 10.342373485 -0.043671406 -0.047733877 0.019426250 0.739518031 0.671161068
1709437418.212816477 13.866601161 10.537072375 -0.053362877 -0.070427430 0.029108247 0.718278500 0.691569724
1709437418.311970234 13.880189600 10.682417162 -0.042836936 -0.061627706 0.013504430 0.688007546 0.722955927
1709437418.414572954 13.921154077 10.830373818 -0.048560655 -0.046080786 -0.002272370 0.663407108 0.746834926
1709437418.513179541 13.974344502 10.978777523 -0.063086924 -0.025532500 -0.001943924 0.639810100 0.768106340
1709437418.611967087 14.052421390 11.104968361 -0.069664795 -0.032197488 0.014963886 0.614793685 0.787888398
1709437418.710760832 14.100588057 11.244913043 -0.066147068 -0.043794556 0.015591471 0.587558278 0.807845414
1709437418.814743996 14.194493167 11.375433087 -0.068169929 -0.049323795 0.020320764 0.565470015 0.823041853
1709437418.914174795 14.292218647 11.478641916 -0.060992798 -0.043469012 0.023800590 0.539328939 0.840635636
1709437419.014805317 14.377233658 11.567254077 -0.060372541 -0.040419060 0.018160441 0.515652552 0.855651181
1709437419.114645481 14.485798918 11.661182234 -0.060709277 -0.046872554 0.021491789 0.494588080 0.867596506
1709437419.214484453 14.561225109 11.723500153 -0.054036289 -0.048017949 0.018300973 0.473505503 0.879290561
1709437419.315085888 14.642338455 11.785119303 -0.056601544 -0.046551095 0.019490208 0.453687231 0.889730872
1709437419.414057970 14.731601893 11.848860027 -0.051662652 -0.051130838 0.016758985 0.435596888 0.898532206
1709437419.513111115 14.783801698 11.891808987 -0.056757567 -0.045938018 0.007690885 0.418850409 0.906859903
1709437419.612105370 14.853716775 11.947580461 -0.060671337 -0.047885392 0.010994108 0.412833175 0.909480560
1709437419.714367390 14.910037671 12.013827920 -0.069370029 -0.048042129 0.005217767 0.403957666 0.913500374
1709437419.812988758 14.971952021 12.088827916 -0.069369910 -0.042423022 0.006345284 0.404364505 0.913591469
1709437419.911737680 15.044612721 12.167982333 -0.076060493 -0.042433990 0.012594678 0.401435747 0.914816961
1709437420.010505915 15.134136810 12.247810951 -0.087097131 -0.041084887 0.025881280 0.404929811 0.913057523
1709437420.114614010 15.223565141 12.338224391 -0.090721012 -0.042018996 0.029148389 0.400994766 0.914651832
1709437420.213580370 15.303912583 12.434950945 -0.090531455 -0.046861673 0.027019429 0.396159266 0.916587023
1709437420.315086126 15.375951187 12.541714745 -0.086682255 -0.043870128 0.029316826 0.382674082 0.922375456
1709437420.414921284 15.477094494 12.606415534 -0.090499991 -0.030029822 0.006003909 0.357099273 0.933564284
1709437420.514751911 15.607430086 12.684885931 -0.098897745 -0.022528550 0.012430219 0.339638677 0.940203980
1709437420.614605427 15.726603636 12.784855960 -0.105900850 -0.024501727 0.028858775 0.309783247 0.950053249
1709437420.713930130 15.857221855 12.879658400 -0.099784498 -0.038923339 0.031606679 0.270058875 0.961537413
1709437420.812982559 15.989671656 12.937958272 -0.093590411 -0.038650203 0.029079762 0.228280319 0.972393246
1709437420.914901495 16.129082897 13.014700414 -0.090589899 -0.038931892 0.022650629 0.195746956 0.979619511
1709437421.014037609 16.248864324 13.100377660 -0.096917844 -0.042829933 0.012235789 0.185949741 0.981549070
1709437421.112638712 16.385620930 13.156579689 -0.089893763 -0.041839431 0.002001516 0.187404532 0.981389320
1709437421.211410999 16.529266283 13.207356974 -0.107609818 -0.028305557 0.015823144 0.193627606 0.980539022
1709437421.310006618 16.653898035 13.247754726 -0.101940132 -0.014518479 0.008118850 0.191045531 0.981440219
1709437421.414937973 16.772771892 13.321199555 -0.099798895 -0.019754611 -0.005577271 0.196195765 0.980349872
1709437421.513511181 16.888914413 13.398030993 -0.092375931 -0.030624866 -0.009955385 0.211921700 0.976755958
1709437421.612095594 17.022516299 13.485363988 -0.107701342 -0.020031012 -0.005987523 0.235882406 0.971556688
1709437421.714486837 17.167852297 13.561883933 -0.093916522 -0.013632175 -0.002935196 0.255632174 0.966673544
1709437421.815137863 17.304490966 13.677036518 -0.098063870 -0.027972791 0.018950328 0.262320672 0.964389067
1709437421.914969444 17.418462110 13.752342515 -0.072905459 -0.030513833 0.007424471 0.283513348 0.958453945
1709437422.014273167 17.521904195 13.837321531 -0.084888266 -0.029780727 -0.001082997 0.290146657 0.956518088
1709437422.113221884 17.661421396 13.956053973 -0.086622964 -0.038903881 0.015533629 0.303086835 0.952041787
1709437422.214495182 17.775842440 14.062902152 -0.069496489 -0.029889494 0.005983492 0.326143274 0.944828757
1709437422.313901186 17.930056540 14.161558217 -0.104545712 0.003034982 0.024295663 0.360769008 0.932333756
1709437422.412265539 18.066369269 14.230879970 -0.121799526 0.044768762 0.029237039 0.387719771 0.920225153
1709437422.511154652 18.189235289 14.311175721 -0.125302170 0.037158803 0.049555570 0.390974525 0.918314973
1709437422.614641666 18.305692595 14.421240507 -0.116330045 0.022541879 0.055282724 0.413513143 0.908538697
1709437422.714381218 18.379723141 14.534749403 -0.098859011 0.005629307 0.029956651 0.433909020 0.900440932
1709437422.812976360 18.443535711 14.674668235 -0.092154871 -0.029918507 0.013139691 0.431375538 0.901580488
1709437422.911503792 18.527907155 14.804153630 -0.080737324 -0.047911268 0.018064005 0.432120196 0.900361226
1709437423.014448404 18.644076498 14.911566468 -0.089593004 -0.047471606 0.021406429 0.426314921 0.903074637
1709437423.115087271 18.762829441 15.011324667 -0.082347088 -0.037623936 0.007031025 0.423767242 0.904962059
1709437423.214917660 18.892697226 15.136872506 -0.097008673 -0.029599252 0.011537601 0.428463504 0.903000440
1709437423.314358473 19.042006504 15.248488682 -0.103932288 -0.016756444 0.008112685 0.426206036 0.904434531
1709437423.413374424 19.180354914 15.398311670 -0.113882452 -0.016932244 0.016777730 0.426455345 0.904194473
1709437423.514446020 19.323596618 15.548146972 -0.115362134 -0.014953579 0.019287164 0.427603318 0.903636984
1709437423.613474131 19.453704999 15.687411669 -0.112790999 -0.014928919 0.021155624 0.425282504 0.904690200
1709437423.712274551 19.589217442 15.832234453 -0.111891091 -0.029824606 0.023447601 0.421033767 0.906251218
1709437423.811278105 19.698220366 16.006051042 -0.112519366 -0.038984178 0.015348470 0.419701437 0.906694746
1709437423.914602041 19.853104985 16.161261014 -0.121392298 -0.032415198 0.021243599 0.416031776 0.908523817
1709437424.014039278 19.981410177 16.276322334 -0.118445149 -0.019777051 0.009821816 0.418118197 0.908124206
1709437424.112616062 20.131918569 16.394619797 -0.137493419 -0.004899753 0.021467456 0.428315370 0.903360994
1709437424.214910269 20.269386858 16.511004946 -0.137706216 0.011323113 0.030028869 0.429016903 0.902726177
1709437424.314752102 20.392453530 16.631395252 -0.136400965 -0.001915610 0.036358310 0.429757295 0.902210104
1709437424.414573908 20.490277674 16.775612490 -0.129416065 -0.009357649 0.018657150 0.438329028 0.898572205
1709437424.514439106 20.597899785 16.908951645 -0.132763899 -0.019675797 0.020710105 0.444876484 0.895136229
1709437424.614508867 20.693765305 17.043865577 -0.128813562 -0.016834793 0.015086074 0.445602221 0.894945619
1709437424.714919567 20.804959245 17.199444050 -0.136775703 -0.028169293 0.024112801 0.445809717 0.894359413
1709437424.814632654 20.912295655 17.332308893 -0.138659228 -0.036211791 0.027654800 0.448200211 0.892771241
1709437424.913437366 21.013681793 17.464121718 -0.140267546 -0.033525942 0.033665165 0.453979867 0.889744316
1709437425.012352943 21.107354082 17.589406648 -0.151755338 -0.021101810 0.035672260 0.455248105 0.889399442
1709437425.110931158 21.180226162 17.740536516 -0.157060092 -0.019041707 0.024519690 0.460365444 0.887186483
1709437425.214914322 21.238701059 17.901952245 -0.164208718 -0.028055041 0.024888808 0.466647647 0.883647800
1709437425.313720465 21.303642585 18.008221410 -0.141332440 -0.019206255 0.010856983 0.472130624 0.881252472
1709437425.412293673 21.346707257 18.123903588 -0.156237036 -0.027550151 0.016466962 0.468350562 0.882959557
1709437425.510914087 21.375606654 18.224015647 -0.146229247 -0.034099975 0.016015904 0.469359271 0.882203240
1709437425.615067244 21.404562426 18.309488626 -0.145352976 -0.039772251 -0.004436988 0.465511822 0.884136429
1709437425.714190960 21.429830236 18.378999618 -0.151532273 -0.051912242 -0.007975797 0.469136995 0.881562242
1709437425.814744234 21.461445696 18.437903786 -0.156370889 -0.051996366 0.001714202 0.469826744 0.881224302
1709437425.914581537 21.482050336 18.467629255 -0.156988673 -0.038092015 0.001697565 0.472862216 0.880310991
1709437426.014808893 21.501569121 18.483651459 -0.164150364 -0.026794499 0.003882635 0.474423952 0.879880045
1709437426.114107132 21.529097911 18.495152674 -0.167415137 -0.014594692 -0.005798682 0.479200977 0.877564695
1709437426.213134289 21.561181516 18.532910452 -0.169309853 -0.016255505 0.001783625 0.474792802 0.879945664
1709437426.311820030 21.586369041 18.597619073 -0.166123071 -0.025540249 0.002884081 0.475672446 0.879246895
1709437426.410645485 21.624796955 18.649590523 -0.160665916 -0.027051478 0.004234642 0.476932540 0.878513311
1709437426.514789343 21.662368791 18.718932211 -0.158271992 -0.032651973 0.002423407 0.476817382 0.878392372
1709437426.613378286 21.714209537 18.799269959 -0.163299337 -0.037026035 0.005380905 0.475799676 0.878757525
1709437426.712031603 21.746825827 18.883516277 -0.159556206 -0.041141677 0.006879864 0.471538949 0.880858133
1709437426.815128326 21.794193181 18.956508916 -0.160157748 -0.046894469 0.003789758 0.474272726 0.879119974
1709437426.914962530 21.835732998 19.008966336 -0.157501281 -0.044850665 0.006764297 0.472558597 0.880131260
1709437427.013947010 21.883651944 19.048153275 -0.165979687 -0.037152650 0.005348566 0.475234226 0.879058305
1709437427.114640713 21.928254444 19.083337144 -0.176639854 -0.035546526 0.019703569 0.473509978 0.879850279
1709437427.214484930 21.968673900 19.132412459 -0.180297206 -0.038888592 0.026239172 0.473140138 0.879737229
1709437427.315110445 21.981862056 19.154106439 -0.171951318 -0.048025244 0.019133264 0.471022992 0.880604812
1709437427.414313555 21.975057286 19.165875344 -0.163549536 -0.055599663 0.010287191 0.470777312 0.880438285
1709437427.513133287 21.998299031 19.174322723 -0.159462594 -0.053867544 0.011016653 0.470416702 0.880729838
1709437427.612042665 22.011617479 19.159504119 -0.160259709 -0.050076768 0.012325975 0.471014538 0.880616655
1709437427.711003780 21.998500748 19.158318551 -0.164900559 -0.052073462 0.011140688 0.470766893 0.880649063
1709437427.814344406 21.984396912 19.165340674 -0.164568849 -0.051326389 0.011478264 0.470275745 0.880950949
1709437427.913009882 21.998261177 19.193762319 -0.164533261 -0.051322604 0.010482366 0.470376383 0.880909853
1709437428.011699915 21.995981121 19.195422586 -0.161729193 -0.051707402 0.009199992 0.470751124 0.880701472
1709437428.114631653 21.997957781 19.200372575 -0.157783368 -0.049988763 0.007832299 0.471044533 0.880657043
1709437428.214462280 21.995125884 19.199408597 -0.158711811 -0.048215848 0.006941914 0.470889944 0.880846015
1709437428.313223600 22.001969811 19.219056558 -0.160652831 -0.047353950 0.005981191 0.471417236 0.880617748
1709437428.414963007 22.004893830 19.229488981 -0.163683579 -0.045822823 0.007209093 0.470754049 0.881044223
1709437428.514809608 22.010469538 19.235521643 -0.169969267 -0.045029797 0.008407199 0.471341312 0.880760469
1709437428.614650488 22.014422711 19.239409611 -0.171752309 -0.044092226 0.009268331 0.471524194 0.880701373
1709437428.714100599 22.007882734 19.255890210 -0.170391294 -0.044671849 0.008877137 0.471138667 0.880882500
1709437428.813014030 22.016796415 19.250534627 -0.169039868 -0.044851211 0.008257050 0.471422192 0.880727715
1709437428.912064791 22.013267148 19.230580404 -0.166160063 -0.044447426 0.008536675 0.471188044 0.880870807
1709437429.014805079 22.015662228 19.231229713 -0.164471849 -0.044974878 0.008364535 0.471401658 0.880731385
1709437429.114091873 22.021177545 19.245714533 -0.167742807 -0.044537322 0.008548816 0.471255119 0.880830266
1709437429.212765217 22.017996381 19.251875143 -0.169877743 -0.044786396 0.008196868 0.471451476 0.880715900
1709437429.311456680 22.033166042 19.251973275 -0.168851099 -0.044729380 0.008530448 0.471365256 0.880761778
1709437429.414965630 22.045094105 19.251290993 -0.172155641 -0.044245476 0.008492482 0.471464310 0.880733569
1709437429.514337063 22.038952959 19.254745013 -0.177075164 -0.044265982 0.008244995 0.471592593 0.880666208
1709437429.612810612 22.055525967 19.245817449 -0.178839823 -0.044152895 0.008454661 0.471418483 0.880763109
1709437429.711399317 22.052362782 19.242842537 -0.180433850 -0.044633506 0.008049763 0.471798432 0.880539205
1709437429.814736128 22.051588089 19.252353295 -0.183127856 -0.044653788 0.007797807 0.471450196 0.880726942
1709437429.914569139 22.045984189 19.243379465 -0.179863773 -0.044520116 0.007954220 0.471970517 0.880453588
1709437430.014149904 22.039130855 19.235901380 -0.177990582 -0.044807537 0.008035672 0.471607566 0.880632736
1709437430.113134384 22.025818508 19.232851282 -0.173457507 -0.044635771 0.007941701 0.471403638 0.880751490
1709437430.212780476 22.031359335 19.238137822 -0.167937530 -0.044696986 0.008483855 0.471526397 0.880677615
1709437430.315133095 22.005883612 19.237082773 -0.166529169 -0.044419769 0.008395596 0.471166610 0.880885023
1709437430.413819313 21.997101847 19.239030958 -0.164023688 -0.044986125 0.008450262 0.471362500 0.880750950
1709437430.512516022 21.996225298 19.240951673 -0.170448626 -0.044473245 0.008074126 0.471308180 0.880809593
1709437430.611258268 21.987035836 19.244766705 -0.174643414 -0.044345084 0.008068092 0.471330059 0.880804402
1709437430.714499474 21.968021615 19.256042901 -0.174729967 -0.044197059 0.008545285 0.470828010 0.881075810
1709437430.813822508 21.966577007 19.252753879 -0.171591668 -0.044582501 0.008438586 0.470918712 0.881008943
1709437430.912414312 21.974273487 19.260966085 -0.172685624 -0.043955269 0.008471318 0.471047628 0.880971227
1709437431.011135817 21.984981559 19.253965507 -0.174165498 -0.044706839 0.008036556 0.471356118 0.880772458
1709437431.114650965 22.002060761 19.254178333 -0.172460680 -0.044533349 0.008159421 0.471470141 0.880719088
1709437431.214498520 22.004417364 19.261728687 -0.176692261 -0.044304564 0.008087876 0.471467806 0.880732536
1709437431.314221382 22.009766773 19.264521109 -0.179213791 -0.044487525 0.007979990 0.471138793 0.880900345
1709437431.413856030 22.019581628 19.260480336 -0.173463116 -0.044140723 0.008645421 0.471072016 0.880947222
1709437431.512850285 22.024750218 19.262944130 -0.166170058 -0.044073200 0.008801032 0.471416633 0.880764698
1709437431.614632368 22.012642002 19.270004287 -0.167573920 -0.044056166 0.008749780 0.471127595 0.880920703
1709437431.713549137 22.006954886 19.257451123 -0.166849632 -0.044690424 0.008427662 0.471084003 0.880915207
1709437431.812272072 21.991329480 19.263482625 -0.165382991 -0.043836845 0.008896455 0.471223251 0.880879011
1709437431.911055565 21.992191213 19.252764869 -0.170330206 -0.044302504 0.008274932 0.471407739 0.880763054
1709437432.014777660 21.980480856 19.256455777 -0.172227281 -0.044772838 0.008344123 0.471204769 0.880847225
1709437432.113443613 21.975602534 19.264352844 -0.172652250 -0.044788551 0.008234954 0.471176264 0.880862702
1709437432.212162495 21.974368809 19.270836671 -0.173253365 -0.044061423 0.008421115 0.471005063 0.880989164
1709437432.315098286 21.962816542 19.275703724 -0.171143161 -0.044407967 0.008484021 0.471213648 0.880859609
1709437432.414939880 21.947181093 19.277465635 -0.170196566 -0.044616745 0.008449695 0.470932178 0.880999905
1709437432.514780760 21.969497474 19.265202222 -0.173395801 -0.044292514 0.008446345 0.471136820 0.880906879
1709437432.614542961 21.972935740 19.267387734 -0.174874621 -0.044228913 0.008469642 0.471042840 0.880960108
1709437432.713873386 21.996615989 19.269539894 -0.178217164 -0.044318633 0.008305267 0.471296690 0.880821384
1709437432.815095663 21.998413151 19.276862260 -0.174655610 -0.044446860 0.008371105 0.470867002 0.881044078
1709437432.914590597 21.998872562 19.280060213 -0.174275211 -0.044402156 0.008334017 0.471115152 0.880914018
1709437433.013325930 21.989140760 19.287295519 -0.169595536 -0.044291787 0.008729700 0.471241623 0.880848093
1709437433.112111330 21.997464234 19.279948539 -0.172916267 -0.044344572 0.008305977 0.471252111 0.880843924
1709437433.210909843 21.986261566 19.281635987 -0.177534255 -0.044404430 0.008143044 0.471268013 0.880833922
1709437433.314502001 21.985774335 19.283792937 -0.175866599 -0.044580910 0.008381300 0.471194725 0.880861980
1709437433.413201332 22.001713701 19.276476429 -0.172725589 -0.044326719 0.008395159 0.471130480 0.880909038
1709437433.511879206 22.005876934 19.273491593 -0.175588982 -0.044473142 0.007968438 0.471035003 0.880956679
1709437433.610386610 22.009763969 19.270283725 -0.171501267 -0.044233618 0.008348664 0.471447174 0.880744713
1709437433.714449406 22.017220266 19.261438164 -0.170796318 -0.044469024 0.008213055 0.471261148 0.880833686
1709437433.815098047 22.016186164 19.273565391 -0.174962152 -0.044692711 0.007783580 0.471307557 0.880801433
1709437433.914903402 22.010999766 19.267621287 -0.176042372 -0.044402051 0.008362526 0.471239263 0.880847367
1709437434.013836384 22.003363799 19.261882740 -0.178537951 -0.043955126 0.008352754 0.471141475 0.880922181
1709437434.114609241 22.002751292 19.259289839 -0.174305816 -0.044503846 0.008332238 0.471264910 0.880828795
1709437434.214383602 21.975781591 19.262721067 -0.171012539 -0.044326070 0.008357387 0.471249389 0.880845824
1709437434.313153028 21.962997153 19.274165169 -0.171585943 -0.044671607 0.008364438 0.471139946 0.880886846
1709437434.411972761 21.964019150 19.265437757 -0.170832330 -0.044920105 0.008165522 0.471276079 0.880803251
1709437434.514775515 21.946575037 19.276482941 -0.173452820 -0.044231769 0.008340202 0.471300078 0.880823608
1709437434.614133835 21.944997161 19.280556557 -0.174997882 -0.044150361 0.008389759 0.471016623 0.880978830
1709437434.712775230 21.952252435 19.290551164 -0.171407173 -0.044689103 0.008188471 0.471269234 0.880818450
1709437434.811408758 21.951764745 19.293877395 -0.173401094 -0.044473877 0.008308086 0.470900790 0.881025253
1709437434.914896727 21.944444833 19.292418987 -0.173564638 -0.044293908 0.008486991 0.470744064 0.881116364
1709437435.014755487 21.949726983 19.279652971 -0.176349581 -0.044062263 0.008220366 0.470967134 0.881011295
1709437435.114613771 21.952343444 19.290226294 -0.183250272 -0.044343439 0.008014432 0.470781542 0.881098274
1709437435.214437962 21.951680750 19.284844707 -0.180384473 -0.044576664 0.008297939 0.471216856 0.880851145
1709437435.314743042 21.971744584 19.271227741 -0.177771476 -0.043778956 0.008589323 0.471311285 0.880837839
1709437435.414911509 21.968178307 19.275690630 -0.180939540 -0.044242132 0.008169147 0.471035558 0.880966175
1709437435.514215946 21.986513150 19.271256730 -0.178120208 -0.044248378 0.008385120 0.471089303 0.880935094
1709437435.613014936 21.997272837 19.270817305 -0.170955103 -0.044715664 0.008182911 0.471268493 0.880817550
1709437435.711904526 21.998596607 19.272881483 -0.168009473 -0.044816503 0.008192705 0.471102335 0.880901215
1709437435.815046072 21.996909540 19.269672092 -0.166959769 -0.044521310 0.008173185 0.470989748 0.880976566
1709437435.913816929 22.005659418 19.264336011 -0.166522577 -0.044774762 0.008347814 0.471335158 0.880777329
1709437436.012445927 22.010814324 19.272967742 -0.168445650 -0.044767591 0.008284489 0.471229999 0.880834558
1709437436.111184597 22.016470110 19.280483878 -0.168087543 -0.044514248 0.008399746 0.471043647 0.880945974
1709437436.209911346 22.009752633 19.272511947 -0.170761626 -0.044382213 0.008450741 0.471346586 0.880790100
1709437436.315052748 22.015823286 19.270160829 -0.175967666 -0.043789931 0.008357275 0.471420358 0.880781156
1709437436.414884329 22.001843689 19.273179888 -0.176168705 -0.044729519 0.008057439 0.471083767 0.880916814
1709437436.514710903 22.004431362 19.264280819 -0.176169326 -0.043876083 0.008505363 0.471111596 0.880940640
1709437436.614547491 21.988554164 19.261617421 -0.179067817 -0.044116900 0.008386805 0.471317348 0.880819685
1709437436.714781046 21.984715576 19.272351000 -0.176407007 -0.044949662 0.007986810 0.471096641 0.880899367
1709437436.814111233 21.975363791 19.284227402 -0.175948934 -0.044553554 0.008209300 0.470789550 0.881081601
1709437436.912983179 21.974113489 19.270836757 -0.172015295 -0.044299770 0.008436073 0.471006574 0.880976260
1709437437.011946201 21.984179375 19.267929746 -0.171526467 -0.044457728 0.008202236 0.470930249 0.881011314
1709437437.114863873 21.998384210 19.260416162 -0.170851418 -0.044784555 0.008132262 0.471480228 0.880701201
1709437437.213491201 21.999517363 19.253586986 -0.166479437 -0.044196291 0.008532920 0.471225726 0.880863322
1709437437.312247753 22.005732783 19.253681699 -0.165654924 -0.044790369 0.008460726 0.471300320 0.880794100
1709437437.410966873 22.015732153 19.255957889 -0.166415166 -0.044541037 0.008299643 0.471337435 0.880788416
1709437437.515093803 22.015868796 19.243897961 -0.169534185 -0.044162544 0.008429123 0.471388308 0.880779020
1709437437.614929676 22.026584849 19.239188075 -0.172745361 -0.044641972 0.008113417 0.471304101 0.880802879
1709437437.714768648 22.021573138 19.247475329 -0.174701274 -0.044856937 0.007929768 0.471250566 0.880822274
1709437437.814611197 22.008688226 19.261625914 -0.175598149 -0.044044137 0.008169085 0.471605017 0.880671385
1709437437.914457083 22.017411707 19.268526494 -0.175051878 -0.043878500 0.008561042 0.471262803 0.880859101
1709437438.015090466 22.021532016 19.258641499 -0.174119844 -0.044333986 0.008291318 0.471339877 0.880797634
1709437438.114069462 22.016633433 19.261491418 -0.173401678 -0.044243803 0.008209196 0.471304317 0.880821966
1709437438.213031769 22.013588943 19.262525348 -0.172075550 -0.044011764 0.008450944 0.471236986 0.880867328
1709437438.312023401 21.995624814 19.262203403 -0.170701262 -0.044113054 0.008608148 0.471336656 0.880807411
1709437438.414425611 21.997729404 19.249622897 -0.164831955 -0.044060691 0.008548243 0.471178731 0.880895105
1709437438.513342619 21.986464270 19.259087313 -0.170975745 -0.044712743 0.007977953 0.471588456 0.880648313
1709437438.612007380 21.984918598 19.270112484 -0.176528844 -0.044535726 0.008218990 0.471187233 0.880869803
1709437438.710713625 21.994120669 19.274155188 -0.175666508 -0.044207675 0.008328838 0.471285562 0.880832692
1709437438.814619064 22.002238218 19.271200206 -0.174956293 -0.044244368 0.008243397 0.470994784 0.880987171
1709437438.914164305 22.005833862 19.270248754 -0.173899214 -0.044330189 0.008315175 0.471293781 0.880822266
1709437439.015105247 22.003482537 19.265105886 -0.173968892 -0.044610554 0.008221494 0.471011623 0.880959906
1709437439.114953756 22.001723533 19.261282090 -0.172001053 -0.044339211 0.008298977 0.471312691 0.880811846
1709437439.214786530 21.993923551 19.265034616 -0.172579777 -0.044239136 0.008374249 0.471001241 0.880982748
1709437439.314611673 21.983113934 19.271467252 -0.171535268 -0.044965798 0.007918552 0.471021160 0.880939521
1709437439.414123058 21.983899550 19.267109117 -0.173648920 -0.044171366 0.008330899 0.471155425 0.880904110
1709437439.513103962 21.982813630 19.258172527 -0.173092951 -0.044330909 0.008322941 0.471203182 0.880870627
1709437439.614958048 21.980934353 19.265494923 -0.177777087 -0.044532466 0.007879391 0.471183104 0.880875279
1709437439.714254856 21.970552612 19.265945626 -0.171290906 -0.044170472 0.008799165 0.471243344 0.880852573
1709437439.812915564 21.955424643 19.286686635 -0.177656877 -0.043914218 0.008363225 0.471279637 0.880850215
1709437439.911600828 21.960259651 19.288652868 -0.174212114 -0.044354138 0.008416558 0.471110165 0.880918319
1709437440.010377169 21.968448760 19.270296997 -0.172060983 -0.044695083 0.008262401 0.471136347 0.880888543
1709437440.114929438 21.976225118 19.265925731 -0.174872095 -0.044847795 0.007921542 0.471565949 0.880654007
1709437440.213658571 21.978977935 19.259404075 -0.174572093 -0.044065909 0.008450900 0.471420901 0.880766208
1709437440.312230110 21.984229438 19.254446348 -0.171979631 -0.044223927 0.008272610 0.471203435 0.880876343
1709437440.414431334 21.978406097 19.258875536 -0.170859924 -0.044501450 0.008383239 0.471172115 0.880878073
1709437440.515063047 21.973406646 19.263353278 -0.171344304 -0.044690518 0.008023134 0.471030491 0.880947594
1709437440.614903688 21.964887593 19.271391968 -0.175485136 -0.044177473 0.008192704 0.471473118 0.880735107
1709437440.714212179 21.967751965 19.270127098 -0.172889665 -0.044156719 0.008454453 0.471212869 0.880872941
1709437440.813245296 21.963133188 19.273870958 -0.176033920 -0.044295170 0.008180847 0.471068205 0.880945945
1709437440.914794922 21.969266682 19.276011076 -0.179660025 -0.044427313 0.007935656 0.470955460 0.881001813
1709437441.014148712 21.969122474 19.272267918 -0.181813329 -0.044125994 0.008147597 0.471227570 0.880869509
1709437441.112802505 21.958755638 19.271821155 -0.181449000 -0.043949239 0.008312823 0.471128298 0.880929899
1709437441.211398840 21.963786366 19.271747949 -0.176022268 -0.044679100 0.008104230 0.470651323 0.881150062
1709437441.310349464 21.962108339 19.269376367 -0.175365860 -0.043980963 0.008492064 0.470870512 0.881064425
1709437441.414477348 21.964301205 19.264891852 -0.176099814 -0.044577084 0.007896737 0.471071285 0.880932670
1709437441.513262272 21.974743183 19.266464990 -0.177114051 -0.044494583 0.007854078 0.471148263 0.880896055
1709437441.611850739 21.987925373 19.262961486 -0.174400985 -0.044080197 0.008403395 0.471102555 0.880936264
1709437441.714779377 22.003507335 19.258059225 -0.172764533 -0.044588400 0.008067179 0.471387750 0.880761253
1709437441.814614773 22.007336596 19.261922130 -0.172625144 -0.044543508 0.008053556 0.471383771 0.880765778
1709437441.914453030 22.001394755 19.251648863 -0.173274795 -0.044297819 0.008251870 0.471471753 0.880729241
1709437442.014343500 22.007303280 19.251177467 -0.171582045 -0.044303765 0.008204376 0.471340866 0.880799440
1709437442.113476753 22.009619726 19.250564506 -0.171596874 -0.044430020 0.008405100 0.471384051 0.880768076
1709437442.214785099 22.019229400 19.240607890 -0.166989031 -0.044222253 0.008721660 0.471141710 0.880905111
1709437442.313939333 22.018084795 19.249828075 -0.171377278 -0.044547450 0.007975638 0.471268093 0.880828189
1709437442.412450075 22.022427731 19.252790080 -0.169760710 -0.044484552 0.008327397 0.470913767 0.881017595
1709437442.511399746 22.026754229 19.244102806 -0.164036647 -0.045165133 0.008162737 0.471316510 0.880769111
1709437442.614942551 22.024639237 19.251042931 -0.167757318 -0.044730537 0.008110925 0.471157381 0.880876901
1709437442.714297533 22.016304281 19.258512737 -0.167916289 -0.044180565 0.008512170 0.471379319 0.880782129
1709437442.812897205 22.011430903 19.251007326 -0.169019349 -0.044276578 0.008412627 0.471374248 0.880780978
1709437442.911499977 22.006730134 19.252398962 -0.174505126 -0.044359512 0.008181024 0.471517926 0.880702078
1709437443.015093565 21.999566292 19.260083215 -0.173433976 -0.044421904 0.008206158 0.471428285 0.880746686
1709437443.114914656 21.994276165 19.262580617 -0.171572970 -0.044247584 0.008533376 0.471226959 0.880860083
1709437443.214764357 21.992404120 19.272849038 -0.169057178 -0.044363614 0.008321047 0.471191558 0.880875216
1709437443.314599276 21.985429940 19.281726188 -0.172612477 -0.044356077 0.008348985 0.471049728 0.880951183
1709437443.414453745 21.989426641 19.280029068 -0.176289050 -0.043767454 0.008543678 0.470990507 0.881010419
1709437443.514983177 21.991947711 19.275619126 -0.178158595 -0.044161409 0.008195649 0.471243084 0.880858988
1709437443.613483667 22.005531265 19.265711659 -0.177325306 -0.044677583 0.008050832 0.470995671 0.880966614
1709437443.712404013 22.019867096 19.264368008 -0.176157557 -0.044513657 0.008083580 0.471372130 0.880773243
1709437443.810980082 22.040997658 19.258430161 -0.173864407 -0.044235525 0.008365676 0.471119014 0.880920035
1709437443.914443731 22.054894439 19.260417943 -0.166192357 -0.044814697 0.008115753 0.471240341 0.880828200
1709437444.013921738 22.058346583 19.252062013 -0.170833625 -0.044646708 0.007997601 0.471530749 0.880682384
1709437444.112558126 22.057104449 19.255699801 -0.167216988 -0.044855578 0.008028972 0.471349618 0.880768443
1709437444.211191654 22.053705300 19.253278512 -0.164867161 -0.044338659 0.008414428 0.471440549 0.880742351
1709437444.314595699 22.048774753 19.252723571 -0.166733706 -0.044479642 0.008358331 0.471348632 0.880784972
1709437444.414405107 22.029812093 19.257213851 -0.170159376 -0.043693720 0.008522469 0.471409531 0.880790145
1709437444.515048265 22.020349124 19.255265337 -0.171103242 -0.044444027 0.008208332 0.471264268 0.880833322
1709437444.614888191 22.007078306 19.263134871 -0.175523179 -0.044140967 0.008180512 0.471383632 0.880784949
1709437444.714721203 21.995665582 19.258580541 -0.174966462 -0.044316597 0.007945148 0.471225419 0.880862940
1709437444.814499378 21.994504421 19.259286694 -0.175199724 -0.044077768 0.008571512 0.471157006 0.880905645
1709437444.913435459 21.995572543 19.249761296 -0.177934787 -0.044202352 0.008251663 0.471522480 0.880706883
1709437445.012036800 22.004537854 19.244677737 -0.173316746 -0.044547492 0.008243739 0.471243385 0.880838937
1709437445.110933304 22.004550980 19.248041248 -0.171796418 -0.044077857 0.008525061 0.471309531 0.880824496
1709437445.214966774 21.991304811 19.260147448 -0.171480383 -0.044207879 0.008358511 0.471295244 0.880827220
1709437445.313595772 21.996024291 19.259157405 -0.170790904 -0.044133070 0.008214717 0.471418446 0.880766393
1709437445.412225485 21.981340860 19.270126476 -0.173626938 -0.044142355 0.008467307 0.471324326 0.880813906
1709437445.510887861 21.983587354 19.265894423 -0.173476326 -0.044504988 0.008211116 0.471353642 0.880782395
1709437445.614823341 21.978126417 19.278947251 -0.174647359 -0.043776194 0.008526270 0.471291987 0.880848915
1709437445.714311123 21.970846984 19.278836673 -0.172863641 -0.044479164 0.008175192 0.471058275 0.880942037
1709437445.814512491 21.978385075 19.271652157 -0.176071292 -0.044273442 0.007971392 0.471206338 0.880875080
1709437445.914772272 21.978481492 19.260030384 -0.171643616 -0.043863021 0.008623150 0.471294573 0.880842269
1709437446.014607668 21.972285335 19.258960754 -0.173277349 -0.044651144 0.007955025 0.471122197 0.880901169
1709437446.114443779 21.979611166 19.257899251 -0.174180694 -0.044219881 0.008264528 0.471193302 0.880882042
1709437446.213166714 21.977224230 19.259693483 -0.168187274 -0.044471447 0.008554980 0.471197864 0.880864164
1709437446.311973810 21.994612937 19.256935660 -0.175370593 -0.043665296 0.008336723 0.471622706 0.880679206
1709437446.410932302 21.992186515 19.258136197 -0.174201699 -0.044759895 0.008088106 0.471530395 0.880676002
1709437446.514602900 21.990438425 19.256668455 -0.170970845 -0.044053898 0.008548332 0.471598170 0.880670964
1709437446.613271952 21.989953411 19.257590219 -0.168884857 -0.044187647 0.008531096 0.471329713 0.880808137
1709437446.711924791 21.995161036 19.267251765 -0.168974001 -0.044168817 0.008429682 0.471333681 0.880807934
1709437446.814915180 21.991116667 19.266551434 -0.168724302 -0.044607974 0.008285473 0.471374001 0.880765594
1709437446.914742231 21.995189535 19.260640892 -0.166529682 -0.044874735 0.008434589 0.471144933 0.880873185
1709437447.013466120 22.015573970 19.249011737 -0.157765780 -0.044633630 0.008704232 0.471326376 0.880785741
1709437447.112018347 22.016551433 19.256953499 -0.162991916 -0.044367765 0.008332160 0.471087687 0.880930455
1709437447.215087891 22.019837488 19.246522860 -0.172709080 -0.044573005 0.008006812 0.471440034 0.880734598
1709437447.314930201 22.012547122 19.253291197 -0.175307809 -0.044177825 0.008475598 0.471543638 0.880694659
1709437447.414205074 22.009768115 19.258653269 -0.176057316 -0.044605334 0.007952879 0.471502203 0.880700169
1709437447.513047695 22.018216964 19.253469808 -0.177228314 -0.044351347 0.008183931 0.471511423 0.880705944
1709437447.612047911 22.012297249 19.255362813 -0.171619698 -0.044429050 0.008332424 0.471759044 0.880568018
1709437447.715067148 22.009939740 19.259284253 -0.171651518 -0.044310833 0.008116677 0.471382919 0.880777392
1709437447.814296722 22.010516383 19.259841838 -0.173948043 -0.044129860 0.008381518 0.471151770 0.880907665
1709437447.912964106 22.013585788 19.257205785 -0.168809812 -0.044237240 0.008564515 0.471048283 0.880955862
1709437448.011649609 22.027576481 19.253005768 -0.170334571 -0.044415873 0.008282343 0.471481138 0.880717985
1709437448.114805698 22.027701045 19.250031767 -0.171487733 -0.044510067 0.008109040 0.470971794 0.880987325
1709437448.214503288 22.021331618 19.248285351 -0.166654104 -0.044597807 0.008318414 0.471267447 0.880822816
1709437448.313160419 22.016081692 19.247691613 -0.169728594 -0.043762178 0.008579289 0.471162994 0.880918101
1709437448.415106297 22.010920350 19.245231622 -0.173958383 -0.044150267 0.007808289 0.471692368 0.880622561
1709437448.514937639 22.010884692 19.253294218 -0.172500648 -0.044050381 0.007976641 0.471594296 0.880678578
1709437448.614778757 22.016287387 19.267412467 -0.166061577 -0.043492200 0.008229542 0.471991333 0.880491275
1709437448.714088440 22.027879823 19.283439434 -0.169934260 -0.040862364 0.008775082 0.472264714 0.880465391
1709437448.813079596 22.037703843 19.296999747 -0.174553762 -0.037842995 0.010383196 0.472924118 0.880228877
1709437448.912122011 22.054507298 19.326226200 -0.175733444 -0.039602022 0.011195844 0.471155459 0.881089590
1709437449.014948368 22.072366273 19.358885895 -0.174935863 -0.046598128 0.011871049 0.471237915 0.880694340
1709437449.113968611 22.108923467 19.404289734 -0.174406096 -0.047958971 0.013724369 0.471905179 0.880236946
1709437449.212578535 22.144042964 19.462282105 -0.180811546 -0.048464048 0.020220827 0.472965211 0.879514789
1709437449.311243773 22.199881559 19.525311729 -0.192187435 -0.047466160 0.028628516 0.476418235 0.877469679
1709437449.415087223 22.260166474 19.581718811 -0.191400182 -0.030538353 0.011194531 0.478487805 0.877491602
1709437449.514049530 22.300596429 19.649904638 -0.184642466 -0.033250422 0.006571856 0.468503514 0.882811235
1709437449.612692356 22.354390402 19.723434129 -0.187389854 -0.040254860 0.013618398 0.468857810 0.882250780
1709437449.711281300 22.397493311 19.789935059 -0.179591376 -0.031231432 0.003596806 0.470993559 0.881576274
1709437449.814444065 22.459213659 19.882273654 -0.192013704 -0.048235260 0.014691614 0.461845025 0.885526222
1709437449.915061235 22.491851164 19.957334375 -0.174606530 -0.047600453 -0.008343667 0.457792477 0.887744686
1709437450.014204502 22.540489917 20.059863806 -0.169605932 -0.054791300 -0.004745264 0.462740601 0.884786150
1709437450.113241196 22.613690504 20.169195676 -0.179010797 -0.050599498 0.007085722 0.466814655 0.882877999
1709437450.212619781 22.687123930 20.244038092 -0.179259266 -0.036929612 0.005935871 0.468461618 0.882691725
1709437450.314816236 22.769145659 20.329359987 -0.199334809 -0.018557461 0.005118792 0.472791137 0.880964222
1709437450.413644791 22.853600310 20.441939165 -0.212969127 -0.017735951 0.030423207 0.474993879 0.879284186
1709437450.512292147 22.927763948 20.545760423 -0.214578222 -0.024101826 0.037755333 0.477741814 0.877357622
1709437450.611058235 22.987965226 20.636280110 -0.215909747 -0.032516106 0.024891287 0.475698332 0.878654781
1709437450.714604855 23.041321634 20.767340940 -0.221562682 -0.044146834 0.037531926 0.474022427 0.878604092
1709437450.813777208 23.097733467 20.836744011 -0.205191571 -0.034710985 0.024170489 0.469079238 0.882142621
1709437450.912366629 23.172249877 20.908278202 -0.212380559 -0.035319995 0.017030265 0.461056555 0.886503988
1709437451.014902830 23.233304436 20.983697082 -0.211737672 -0.037602793 0.017795198 0.452180509 0.890955750
1709437451.114760637 23.306972900 21.061420580 -0.228174547 -0.036859149 0.023333163 0.450972558 0.891471098
1709437451.214601517 23.375025216 21.111332011 -0.225117025 -0.022350864 0.016848933 0.439462614 0.897824684
1709437451.314152718 23.437865778 21.151259427 -0.238011566 -0.022544639 0.013168152 0.423925381 0.905320722
1709437451.413511038 23.484557425 21.229441409 -0.229846822 -0.039731970 0.025386097 0.420594379 0.906022784
1709437451.514904261 23.537401160 21.257808016 -0.230684877 -0.033243990 0.013524506 0.406728022 0.912844040
1709437451.614703655 23.633675070 21.288332523 -0.235088161 -0.022277634 0.020953305 0.395004621 0.918169927
1709437451.713438749 23.709665146 21.345876038 -0.229383786 -0.026617305 0.015051570 0.376147722 0.926054999
1709437451.812160969 23.798383637 21.401763236 -0.218397977 -0.026590388 0.008365832 0.359009334 0.932917608
1709437451.910834312 23.871915643 21.500817130 -0.225440554 -0.049436953 0.020219460 0.330201252 0.942398161
1709437452.014911413 23.961012118 21.580307547 -0.219167118 -0.054699478 0.024873373 0.301505453 0.951569096
1709437452.113416195 24.050722305 21.618705750 -0.210749605 -0.043814956 0.011192779 0.275701866 0.960178865
1709437452.212147713 24.188738903 21.651238674 -0.233651861 -0.022617280 0.030333748 0.268349345 0.962578283
1709437452.310760736 24.296393732 21.689898913 -0.229733693 -0.014930623 0.036384246 0.245890532 0.968499411
1709437452.415078878 24.398916940 21.740915515 -0.223170626 -0.021230138 0.014410761 0.222574980 0.974577852
1709437452.514930010 24.519193927 21.793667037 -0.213101847 -0.032826110 0.014446397 0.196788362 0.979789819
1709437452.614449501 24.651907601 21.816718965 -0.210960869 -0.035978103 0.016091306 0.167426087 0.985096519
1709437452.713492393 24.786646527 21.840704893 -0.209585870 -0.028080866 0.010814929 0.140710788 0.989593339
1709437452.812800169 24.935582553 21.862390071 -0.206796383 -0.030665722 0.006106018 0.115507246 0.992814387
1709437452.914505005 25.088737311 21.884378063 -0.200152720 -0.028955303 -0.000744577 0.100859006 0.994479008
1709437453.013104439 25.266516511 21.902372259 -0.209250793 -0.024239276 0.017147174 0.100134002 0.994530851
1709437453.111952782 25.415981477 21.947087148 -0.189691397 -0.025826732 0.010810805 0.099333114 0.994660263
1709437453.210767508 25.565273973 22.008159861 -0.188087117 -0.031982887 0.013062222 0.102100694 0.994173990
1709437453.314202309 25.726255989 22.075346030 -0.180267282 -0.031107859 0.003418385 0.113458886 0.993049695
1709437453.413063049 25.905252823 22.136774820 -0.180624883 -0.032668108 0.009529315 0.129730610 0.990965164
1709437453.511664629 26.074520785 22.208013727 -0.186903552 -0.028527581 0.021880444 0.150952267 0.987887057
1709437453.610287428 26.224618231 22.274867889 -0.198636352 -0.015766450 0.016242795 0.174354331 0.984422754
1709437453.714617729 26.407601272 22.329935828 -0.199124483 -0.012696014 0.025267767 0.196145140 0.980167045
1709437453.814436674 26.546250113 22.394232627 -0.203269960 -0.008348148 0.005499326 0.226600259 0.973936542
1709437453.914349318 26.661859635 22.463623350 -0.195803319 -0.015688969 -0.003555408 0.246590183 0.968986324
1709437454.013562441 26.787119207 22.545576615 -0.197523343 -0.023709435 0.000249527 0.264284953 0.964153133
1709437454.114775181 26.915890812 22.635460853 -0.184149404 -0.019881061 0.010063128 0.283495922 0.958714524
1709437454.214304209 27.026734183 22.705501795 -0.179475188 -0.019979199 -0.000316901 0.306596185 0.951629923
1709437454.313046217 27.159290718 22.793365420 -0.172703255 -0.025131717 0.007693265 0.323606387 0.945826684
1709437454.411937237 27.269200965 22.883237777 -0.177925958 -0.015015211 0.000576065 0.350075410 0.936600992
1709437454.514921427 27.386528331 23.001952244 -0.185228172 -0.017222505 0.012941508 0.370727554 0.928491779
1709437454.614003181 27.501582712 23.143306941 -0.199181814 -0.009701348 0.019907069 0.399464611 0.916481106
1709437454.712757349 27.603348765 23.282753842 -0.201104908 -0.024699121 0.028342159 0.414542598 0.909253051
1709437454.811369658 27.687733748 23.433439215 -0.200490639 -0.021847771 0.025483482 0.438557672 0.898075963
1709437454.915061712 27.760987919 23.588289613 -0.212677990 -0.026962925 0.021724644 0.451904206 0.891394205
1709437455.014910698 27.844943152 23.737809916 -0.199402034 -0.029587373 -0.001660573 0.469584921 0.882389841
1709437455.114746809 27.946185315 23.889834104 -0.214391016 -0.029128435 -0.016470172 0.495304622 0.868074651
1709437455.214590788 28.064103649 24.050888476 -0.216468816 -0.014446416 -0.001069103 0.515582392 0.856717547
1709437455.313609123 28.180471328 24.211704085 -0.223878464 -0.005696402 0.013741940 0.520232307 0.853895226
1709437455.415078402 28.257936619 24.383066960 -0.230302944 -0.016546557 0.024144438 0.518072674 0.854835634
1709437455.514098406 28.320345886 24.570583124 -0.213035319 -0.034673888 0.015160582 0.517851874 0.854632854
1709437455.612756491 28.415068076 24.767146518 -0.222315260 -0.050072073 0.026632658 0.525836294 0.848692925
1709437455.711719751 28.505432806 24.935984839 -0.215757123 -0.054889545 0.023429200 0.524979882 0.849019631
1709437455.814427376 28.603222121 25.115677062 -0.236661668 -0.061097544 0.031975540 0.523141141 0.849451589
1709437455.913964987 28.666152585 25.262411494 -0.230457003 -0.053694483 0.016599616 0.520010075 0.852309144
1709437456.012399435 28.744065922 25.388929872 -0.222291898 -0.034184456 -0.009981556 0.522676695 0.851786865
1709437456.110988379 28.826181957 25.568574161 -0.255771923 -0.028849298 0.013897579 0.532823636 0.845620215
1709437456.214572191 28.915539928 25.713004112 -0.237194815 -0.026355512 0.015568056 0.532669898 0.845769355
1709437456.314826488 28.993045958 25.858947072 -0.240580609 -0.031769701 0.023812587 0.531223902 0.846300664
1709437456.414652824 29.045650528 26.001965312 -0.242008742 -0.028441479 0.006556514 0.533209427 0.845479628
1709437456.514504910 29.102908478 26.153129653 -0.225073939 -0.043685707 0.006208332 0.531058486 0.846185500
1709437456.615163326 29.194700305 26.294355164 -0.227592266 -0.044396526 0.010858729 0.537115986 0.842269229
1709437456.714957476 29.310784744 26.433720038 -0.230405744 -0.046040051 0.035262125 0.542871419 0.837811147
1709437456.813887119 29.372072656 26.586957678 -0.246661471 -0.039895952 0.020649776 0.542827877 0.838641637
1709437456.912802219 29.436737701 26.738913171 -0.243364488 -0.049103686 0.024842020 0.543187918 0.837805817
1709437457.011878252 29.508417874 26.869711041 -0.247169168 -0.038265798 0.011464714 0.541210791 0.839937598
1709437457.114773750 29.594272401 27.028516703 -0.252015355 -0.046088976 0.017007623 0.538433763 0.841234587
1709437457.213466644 29.644568588 27.158327223 -0.254988681 -0.033523062 0.003238727 0.535114696 0.844107799
1709437457.311980486 29.708253332 27.284012934 -0.261694686 -0.032372695 0.004500708 0.534583428 0.844483458
1709437457.410564184 29.804808484 27.393037663 -0.263651469 -0.022363490 0.007024456 0.526813831 0.849657413
1709437457.514930248 29.869389276 27.525657200 -0.262151953 -0.010824944 -0.001101618 0.510492025 0.859813642
1709437457.614791393 29.957724103 27.652671400 -0.270542358 -0.021088649 0.008853547 0.498886473 0.866365495
1709437457.714623928 30.057333264 27.797660504 -0.276847967 -0.018303211 0.009677929 0.500765645 0.865335252
1709437457.814456224 30.180966970 27.936263473 -0.271967429 -0.011874053 0.031984893 0.493275635 0.869203728
1709437457.915092230 30.288442255 28.078972568 -0.286829074 -0.016878314 0.045887586 0.488446532 0.871222955
1709437458.014897346 30.371701025 28.237953339 -0.261809202 -0.025840423 0.030753249 0.494300380 0.868362623
1709437458.113925934 30.423244643 28.398614060 -0.267585765 -0.030354749 0.014743981 0.496597838 0.867324502
1709437458.212948084 30.483793773 28.548726509 -0.259147967 -0.031009338 0.010992503 0.493898253 0.868897060
1709437458.312026501 30.577817476 28.686213577 -0.252784033 -0.027251795 0.000330513 0.496765524 0.867456768
1709437458.414425373 30.672795357 28.852474029 -0.262202201 -0.032020298 0.009322656 0.498105656 0.866474780
1709437458.513144970 30.765986610 29.003521247 -0.261988040 -0.031506641 0.019279746 0.497390632 0.866739974
1709437458.612043858 30.841437370 29.168398179 -0.267224861 -0.024331424 0.022467443 0.495120418 0.868192932
1709437458.710709572 30.906031767 29.330437775 -0.270241598 -0.035132137 0.014182535 0.492712881 0.869366784
1709437458.814427853 30.995977190 29.498065845 -0.282226198 -0.038139949 0.009719703 0.501632353 0.864185081
1709437458.913813829 31.089023715 29.650216493 -0.285774746 -0.024895747 0.012141419 0.500771187 0.865136409
1709437459.014905930 31.190356735 29.795305806 -0.290972554 -0.030890343 0.020695300 0.498691518 0.865981675
1709437459.114746094 31.263754089 29.949512207 -0.276320704 -0.023966728 0.010890649 0.498227535 0.866646590
1709437459.214601755 31.332743287 30.104553555 -0.270217926 -0.032750021 0.007312852 0.494857614 0.868325918
1709437459.314434767 31.392934905 30.248891564 -0.252766068 -0.033821512 -0.007272253 0.494582154 0.868442118
1709437459.414141893 31.483587579 30.411637251 -0.258691843 -0.033752813 -0.000588138 0.503342206 0.863427487
1709437459.513075590 31.582120407 30.564413975 -0.274608577 -0.021741156 0.010617851 0.504508689 0.863067533
1709437459.614738703 31.683969381 30.715673083 -0.278915871 -0.030211768 0.024022726 0.494817272 0.868139404
1709437459.714367867 31.769819548 30.870727468 -0.280456414 -0.036331767 0.017264688 0.493644882 0.868732792
1709437459.813125849 31.850878816 31.034137451 -0.281800542 -0.035783898 0.013643118 0.496552313 0.867161564
1709437459.911737680 31.937997759 31.196677798 -0.282671740 -0.030769507 0.015074460 0.493538256 0.869048898
1709437460.010437727 32.050154132 31.337938150 -0.283544496 -0.033579955 0.012061426 0.485959779 0.873252542
1709437460.114737272 32.141065020 31.490161643 -0.267422899 -0.040038285 0.000407144 0.474814207 0.879174749
1709437460.213538885 32.255507737 31.620173831 -0.270400929 -0.046942971 -0.005162450 0.461204750 0.886036052
1709437460.312065840 32.352947304 31.757106718 -0.270372156 -0.046810915 -0.000294574 0.440980625 0.896295007
1709437460.415046215 32.462366358 31.885097314 -0.253984448 -0.055877329 0.012204005 0.411957497 0.909406294
1709437460.514879465 32.571073077 31.982799351 -0.254478030 -0.048779423 0.008512154 0.376591321 0.925055181
1709437460.614735603 32.697764304 32.036838694 -0.262819912 -0.030815312 0.003962361 0.347771968 0.937064232
1709437460.714011431 32.857605425 32.101474101 -0.299505441 -0.017195146 0.023277600 0.345654492 0.937915483
1709437460.812865496 33.005975805 32.168246179 -0.293280881 -0.006811798 0.038107058 0.339289208 0.939885251
1709437460.914681911 33.143544257 32.247567034 -0.298120243 -0.001644249 0.034937640 0.333724986 0.942021386
1709437461.014143467 33.268501753 32.352495972 -0.302167708 -0.010964232 0.027372633 0.335484842 0.941584009
1709437461.112623215 33.370290230 32.476379547 -0.299097822 -0.028397675 0.005958127 0.338703994 0.940445468
1709437461.211492300 33.499933931 32.597080928 -0.306332147 -0.028498299 0.026567975 0.353470211 0.934634046
1709437461.314794064 33.632144399 32.732012430 -0.302884029 -0.026189825 0.030863917 0.354753993 0.934083035
1709437461.414363623 33.760947046 32.853299244 -0.315813010 -0.019062748 0.025629627 0.349559238 0.936369624
1709437461.513060093 33.883219559 32.977726859 -0.307029084 -0.024826058 0.014960340 0.348715667 0.936780251
1709437461.615114927 34.017263972 33.105723091 -0.312160823 -0.034967683 0.008361351 0.349410764 0.936279588
1709437461.714944839 34.170952679 33.238387411 -0.322727012 -0.037611072 0.025856908 0.348851169 0.936066071
1709437461.814772844 34.313539585 33.352395286 -0.326163478 -0.029672301 0.035653752 0.335655899 0.940841901
1709437461.914612770 34.471407886 33.466792266 -0.349764084 -0.035283908 0.048375563 0.317275618 0.946441247
1709437462.014211655 34.599581789 33.530878606 -0.322070944 -0.032552629 0.015631402 0.289293464 0.956559082
1709437462.115102291 34.760889637 33.584009025 -0.311704525 -0.027481802 0.001673597 0.262363497 0.964576252
1709437462.214636564 34.897672195 33.639101165 -0.306425908 -0.021403013 -0.012602642 0.230943665 0.972650044
1709437462.313524723 35.036431199 33.695750551 -0.298914035 -0.017734341 -0.002935832 0.202384893 0.979141067
1709437462.412401676 35.192603692 33.735580606 -0.293304354 -0.024752380 0.016934177 0.169210706 0.985123490
1709437462.511200905 35.313739640 33.759449624 -0.296679643 -0.026457686 0.015353412 0.130223701 0.991012639
1709437462.615115881 35.444283544 33.778634835 -0.299791375 -0.020764222 0.027673178 0.102900681 0.994089781
1709437462.714004755 35.537165947 33.770016222 -0.297262953 -0.013752837 0.020453244 0.072355836 0.997074299
1709437462.812670231 35.609709109 33.772416897 -0.282448591 -0.012178951 0.011371224 0.049905503 0.998614945
1709437462.911266088 35.691812051 33.776016063 -0.293998712 -0.013613855 0.015776871 0.029538661 0.999346397
1709437463.014477253 35.760911512 33.757728307 -0.288280284 -0.019780094 0.008319753 0.011939730 0.999698441
1709437463.115119934 35.826456740 33.732676906 -0.293937758 -0.015460201 -0.000868480 0.004683705 0.999869137
1709437463.214971542 35.905298078 33.715549277 -0.298516687 -0.012104488 0.002673867 -0.000135472 0.999923154
1709437463.314471483 35.972741159 33.700261680 -0.297781395 -0.011509566 0.002945658 -0.001727949 0.999927931
1709437463.414667130 36.053319559 33.688892094 -0.304281714 -0.004303201 0.014233671 -0.008322953 0.999854796
1709437463.514497995 36.137146582 33.688149510 -0.289814958 -0.014252637 0.014646219 -0.019597665 0.999599061
1709437463.613242865 36.228407736 33.684235681 -0.279734366 -0.033139903 0.007375553 -0.027509607 0.999044829
1709437463.712274790 36.359541536 33.671873804 -0.281025305 -0.031206354 0.023739876 -0.028072274 0.998836588
1709437463.811098576 36.462131132 33.642756215 -0.281174597 -0.022385832 0.020567692 -0.037675718 0.998827505
1709437463.914676905 36.570961394 33.607708158 -0.276676251 -0.021452294 0.028029519 -0.059017168 0.997632758
1709437464.013503790 36.685338247 33.604931091 -0.283822259 -0.030576971 0.028147027 -0.088559326 0.995203517
1709437464.112253428 36.775379232 33.579067608 -0.277107671 -0.038364206 0.011711445 -0.125089405 0.991334288
1709437464.214991570 36.867062145 33.543461711 -0.265555481 -0.044088311 -0.007092959 -0.156750968 0.986628119
1709437464.314822674 36.982895079 33.483138955 -0.283874285 -0.034438690 0.004859880 -0.177349534 0.983533172
1709437464.413902521 37.066169139 33.424835055 -0.269119722 -0.028058011 -0.010394715 -0.214815415 0.976196207
1709437464.514512062 37.163464070 33.322476256 -0.279480982 -0.008567476 -0.007757999 -0.243633455 0.969798511
1709437464.614747286 37.274485140 33.273892365 -0.276882828 -0.007449083 0.006041590 -0.277006207 0.960820260
1709437464.714587212 37.373302898 33.230614665 -0.272803454 -0.023286432 0.008194762 -0.308768118 0.950816931
1709437464.814397335 37.481447865 33.149886602 -0.289114823 -0.017050808 0.030640791 -0.334343601 0.941798688
1709437464.913545609 37.557547646 33.068678591 -0.282240263 -0.009475170 0.037418047 -0.367006438 0.929417229
1709437465.012387037 37.610696333 32.999204209 -0.275185988 -0.007415652 0.019133519 -0.400018590 0.916277275
1709437465.111314535 37.653048898 32.923757653 -0.277010140 0.000636827 0.017622358 -0.433246429 0.901102979
1709437465.214587450 37.689373671 32.839873404 -0.270494027 -0.006061481 0.015593243 -0.462036764 0.886702959
1709437465.313343525 37.719931526 32.782042792 -0.268997751 -0.018776310 0.013190979 -0.484852132 0.874295064
1709437465.412007809 37.741479413 32.708643936 -0.265359781 -0.011948903 0.009628551 -0.499953055 0.865916542
1709437465.514882326 37.736233307 32.617085809 -0.271294090 0.001851520 -0.007262446 -0.503047894 0.864226038
1709437465.614729166 37.752818821 32.519623557 -0.281458917 0.014504882 -0.016391155 -0.502580646 0.864253223
1709437465.714560032 37.781831896 32.417395504 -0.276909874 0.015561579 -0.017543127 -0.500028226 0.865691544
1709437465.814801216 37.842398619 32.312831573 -0.262008640 0.009701363 -0.020973797 -0.486498329 0.873375841
1709437465.914654255 37.918647285 32.231383934 -0.240216291 -0.002595950 -0.024420149 -0.466944746 0.883945429
1709437466.014511347 38.025467279 32.132011403 -0.235737440 -0.010269240 -0.013162347 -0.454360688 0.890661361
1709437466.114037037 38.114737295 32.036251618 -0.229747679 -0.009611481 -0.010067012 -0.428331129 0.903514648
1709437466.212742090 38.212259954 31.919832219 -0.236789180 0.007106898 -0.014074812 -0.404537856 0.914385321
1709437466.312116861 38.312761191 31.810467279 -0.230343807 0.013804383 0.000850043 -0.389587204 0.920885730
1709437466.410888910 38.415711280 31.732934513 -0.221240838 0.010092988 0.004913523 -0.368398241 0.929600304
1709437466.514296293 38.529463138 31.646668665 -0.213428172 0.003591684 0.003442983 -0.344250276 0.938864736
1709437466.612890959 38.658942629 31.579386515 -0.215331881 0.009522575 0.006480005 -0.322246595 0.946585686
1709437466.711605072 38.785345844 31.517768989 -0.219290497 0.012855262 0.003629271 -0.298681747 0.954259286
1709437466.814773321 38.893989235 31.465134728 -0.223866142 0.016388039 0.002751532 -0.275196303 0.961244431
1709437466.914531946 38.993467623 31.410015508 -0.223366943 0.025905939 0.003011800 -0.256642733 0.966154397
1709437467.013310909 39.081112594 31.381614137 -0.213321061 0.022675528 -0.000807564 -0.236069390 0.971471261
1709437467.115113974 39.169480655 31.373184399 -0.207508037 0.011710098 0.001960286 -0.219067518 0.975637460
1709437467.214956760 39.251426957 31.349598732 -0.197905581 0.010422566 -0.005348440 -0.199866447 0.979753116
1709437467.314784050 39.324449226 31.346022653 -0.190171505 0.001968902 -0.004973456 -0.188262017 0.982104272
1709437467.413898468 39.403058550 31.330287715 -0.186927365 0.002397543 -0.002551364 -0.177076253 0.984190908
1709437467.512837887 39.499710670 31.287104912 -0.193544049 0.009675320 -0.001283331 -0.168777045 0.985605931
1709437467.611725330 39.609603650 31.262647952 -0.179439740 0.006707417 -0.006074660 -0.160257386 0.987033778
1709437467.714957476 39.730009336 31.243223731 -0.169787162 0.004703666 0.002357653 -0.158954927 0.987271821
1709437467.814036131 39.851554997 31.211966133 -0.162659296 -0.002713580 0.004084468 -0.158675298 0.987318643
1709437467.912729740 39.974612715 31.171524918 -0.157791771 -0.005041299 0.002346812 -0.157346445 0.987527809
1709437468.011445761 40.102515485 31.122605189 -0.151809558 -0.008839789 -0.002896718 -0.156818298 0.987583662
1709437468.115106344 40.257241543 31.072397133 -0.161912114 -0.008377926 0.001519007 -0.154247127 0.987995611
1709437468.214604139 40.409970490 31.017727892 -0.155025975 -0.008256908 0.002528227 -0.156115928 0.987700991
1709437468.312891006 40.557282378 30.971483505 -0.152720809 -0.010745316 0.005784812 -0.156226805 0.987645817
1709437468.411491394 40.721573293 30.904875286 -0.152178435 -0.008928740 0.004585290 -0.156294038 0.987659570
1709437468.514460325 40.897872988 30.843811752 -0.139352259 -0.014401135 -0.000870408 -0.157314925 0.987443094
1709437468.615085840 41.082079023 30.769336055 -0.136316407 -0.020856034 0.007994878 -0.157977698 0.987190030
1709437468.713966608 41.235556962 30.714680735 -0.115668148 -0.023954237 0.002340950 -0.164561998 0.986073052
1709437468.812953949 41.393330096 30.631973403 -0.099224312 -0.017425632 -0.000254877 -0.181348013 0.983264553
1709437468.911943197 41.546929778 30.571315519 -0.080240160 -0.022563580 -0.003443252 -0.215550264 0.976225954
1709437469.014465094 41.678912263 30.493829331 -0.057053880 -0.025741523 0.003191647 -0.272299685 0.961862812
1709437469.113885403 41.778187507 30.373676847 -0.055659634 -0.024894128 0.003608798 -0.317911363 0.947786698
1709437469.212536097 41.867973123 30.250273802 -0.066567254 -0.018467288 0.005151749 -0.356488335 0.934103038
1709437469.311160326 41.944545408 30.154462584 -0.072547544 -0.006480727 0.010532813 -0.391483470 0.920102034
1709437469.414649487 42.000445293 30.044846792 -0.058555836 -0.002281974 -0.004057180 -0.430671715 0.902496651
1709437469.513957500 42.022808813 29.965868943 -0.067924710 0.005843782 -0.002856064 -0.456807024 0.889542037
1709437469.612570763 42.043493893 29.895599300 -0.060647422 0.004741462 0.002376286 -0.473837382 0.880596393
1709437469.714996338 42.099126413 29.843364664 -0.051754523 -0.006100402 0.008645554 -0.485876358 0.873963503
1709437469.814830542 42.133462574 29.776762483 -0.041609623 -0.008353835 0.010027222 -0.488599025 0.872410833
1709437469.914674044 42.155664890 29.700854236 -0.032980421 -0.000407009 -0.003179180 -0.486595963 0.873621254
1709437470.014068842 42.184288657 29.622559166 -0.028819325 0.004417613 -0.003497434 -0.492016853 0.870567441
1709437470.113434315 42.234028009 29.552945534 -0.021106394 -0.009203583 -0.003628598 -0.487285460 0.873186697
1709437470.212174654 42.288457834 29.472247726 -0.005718533 -0.019245862 -0.007952130 -0.478129488 0.878042455
1709437470.314447641 42.362388238 29.370266819 -0.002480810 -0.014919330 -0.003066634 -0.471721628 0.881615968
1709437470.413691044 42.421414101 29.260417459 0.001822149 -0.008313683 -0.014451685 -0.463644066 0.885864669
1709437470.512284756 42.494050118 29.143935785 -0.015341997 0.005060614 -0.004564106 -0.457966660 0.888943248
1709437470.610979080 42.576170788 29.022115426 -0.005324165 0.006174913 0.002821927 -0.455129803 0.890399219
1709437470.714604616 42.680088597 28.902794428 0.012879328 -0.006152927 0.002877634 -0.454084863 0.890932544
1709437470.813567162 42.786592011 28.789282375 0.028518620 -0.011700167 0.007146778 -0.446209025 0.894823746
1709437470.912154198 42.868213149 28.663810689 0.035414681 -0.002912114 -0.004473256 -0.441892329 0.897052217
1709437471.014911413 42.951545310 28.502067310 0.019275832 0.021619777 -0.007735928 -0.432380132 0.901399003
1709437471.114738703 43.049340141 28.359510297 0.030222592 0.021121489 -0.006926200 -0.424002989 0.905387970
1709437471.214584112 43.188140068 28.236486424 0.044164402 0.012122489 0.006150109 -0.423303764 0.905885834
1709437471.314215660 43.316696010 28.115838476 0.048189847 0.004724051 0.006206181 -0.410947763 0.911625528
1709437471.413350821 43.466744259 27.993495019 0.057931112 -0.005532917 0.014134660 -0.394961110 0.918572436
1709437471.512371302 43.602501087 27.866477603 0.060364273 0.005443119 0.007735658 -0.364467329 0.931168136
1709437471.614610910 43.748143063 27.724364831 0.053330411 0.022878800 -0.012940748 -0.325956130 0.945019417
1709437471.713242769 43.936851768 27.604495367 0.054248649 0.027308944 -0.005321028 -0.298936488 0.953867331
1709437471.811936140 44.128090092 27.498117086 0.053991669 0.035009799 -0.002410954 -0.254979891 0.966309348
1709437471.910762310 44.319285134 27.425097240 0.076841716 0.034546954 -0.005635989 -0.200532833 0.979061452
1709437472.014467716 44.541034793 27.375767305 0.080596936 0.025562851 0.004216239 -0.153261365 0.987845999
1709437472.113146067 44.712222360 27.351542627 0.092803520 0.023211816 0.001739872 -0.105679350 0.994127788
1709437472.211852312 44.862528123 27.333448920 0.103494400 0.015364950 0.011012578 -0.068716745 0.997457092
1709437472.314785719 44.990649953 27.349800804 0.102928167 0.001295473 0.019353329 -0.041033975 0.998969461
1709437472.414634943 45.102026453 27.363315837 0.103767942 -0.008105750 0.020065529 -0.012566946 0.999686823
1709437472.514497757 45.206234315 27.360716004 0.090313139 -0.004433190 0.023343781 0.004750911 0.999706379
1709437472.614472389 45.295909590 27.347914765 0.095125390 0.002272947 0.012007822 0.010709965 0.999867963
1709437472.713596106 45.353213089 27.330898826 0.098580532 -0.004680921 0.016281898 0.001561223 0.999855265
1709437472.814836502 45.421208469 27.334818780 0.112953987 -0.014512371 0.004803739 -0.009256254 0.999840306
1709437472.914390802 45.477039475 27.315789235 0.114938020 -0.012403748 0.001313768 -0.023413896 0.999648043
1709437473.013086557 45.564084963 27.296232018 0.123180264 -0.005904732 0.007549470 -0.046489992 0.998872775
1709437473.111877441 45.646519713 27.255018906 0.130420234 -0.000714541 0.003418808 -0.067870852 0.997688002
1709437473.214950562 45.725616012 27.197847010 0.138889830 0.012543759 0.009690892 -0.094496473 0.995398994
1709437473.314176559 45.832581389 27.154750451 0.158506290 0.008646972 0.008613544 -0.099430495 0.994969655
1709437473.412739992 45.956942191 27.116204006 0.165473510 0.001570536 -0.002066042 -0.101459021 0.994836334
1709437473.511309862 46.104437333 27.072188102 0.158363633 0.013682736 -0.004331330 -0.095782393 0.995298827
1709437473.615110159 46.268227955 27.020315806 0.144380559 0.023279861 0.002479994 -0.103053625 0.994400245
1709437473.714964390 46.417549925 26.989139562 0.162429292 0.011550045 0.008875166 -0.105633996 0.994298389
1709437473.814818144 46.566558849 26.963461661 0.173195001 0.006038104 -0.001808678 -0.102981065 0.994663345
1709437473.914469242 46.752121610 26.938007683 0.152115419 0.005319880 0.008996559 -0.100110356 0.994921443
1709437474.014164925 46.941497970 26.898851941 0.145088255 0.008169311 0.024517952 -0.096903405 0.994958221
1709437474.115149736 47.116129379 26.867220723 0.154641338 0.010031609 0.021230286 -0.096836807 0.995023253
1709437474.214112759 47.280444980 26.828760558 0.178798468 0.004815944 0.003321919 -0.097040001 0.995263287
1709437474.313084364 47.457198583 26.792024140 0.190228208 -0.010188781 -0.013690399 -0.096269221 0.995209023
1709437474.411731958 47.660246061 26.774062140 0.177262669 -0.004177927 0.005383164 -0.091486479 0.995783004
1709437474.514519453 47.846798117 26.761590158 0.214161648 -0.001242761 0.003260090 -0.090551618 0.995885652
1709437474.613562107 47.993996141 26.739818883 0.226518580 -0.004706911 -0.036160709 -0.094650127 0.994842501
1709437474.712328672 48.198618032 26.700360606 0.209263360 -0.001438442 -0.020727298 -0.100415736 0.994728601
1709437474.811339617 48.444704470 26.649173558 0.208943969 -0.007220250 0.040106441 -0.110070805 0.993087992
1709437474.915065765 48.627900187 26.620479429 0.232613861 -0.003865127 0.053825675 -0.120121408 0.991291433
1709437475.014904737 48.752597396 26.584814687 0.233036127 -0.015191074 0.013416765 -0.137950530 0.990231727
1709437475.114731312 48.912180573 26.558564056 0.232315400 -0.030463391 -0.026820326 -0.154986008 0.987082565
1709437475.214576960 49.104204784 26.473678871 0.224567123 -0.022369970 0.001389699 -0.165614483 0.985935848
1709437475.314789057 49.242164658 26.393258384 0.234309950 -0.016720644 -0.001179271 -0.190912137 0.981464001
1709437475.414660215 49.378932744 26.324979249 0.237225244 -0.023233952 0.009362812 -0.218972473 0.975409441
1709437475.514081240 49.510318385 26.262806940 0.278285634 -0.030855813 0.015722739 -0.256696807 0.965871349
1709437475.613057137 49.605580180 26.212405978 0.292976506 -0.036049956 0.008403323 -0.281920347 0.958723476
1709437475.712111235 49.693440806 26.111201920 0.304499621 -0.036032413 -0.009342979 -0.309786117 0.950077331
1709437475.814815283 49.797229024 26.007080808 0.297286544 -0.016857361 -0.006097910 -0.324752736 0.945629053
1709437475.913330555 49.859202779 25.900141480 0.300882385 -0.014527867 -0.027210114 -0.356632176 0.933735531
1709437476.012068033 49.971657136 25.808770102 0.294713068 -0.012069467 -0.016546731 -0.377584710 0.925748519
1709437476.110811472 50.081201556 25.686098814 0.296170128 -0.004293253 -0.009233940 -0.393401860 0.919310219
1709437476.214945316 50.176076373 25.549792835 0.329961532 -0.003284723 -0.021186813 -0.414510964 0.909791729
1709437476.314778566 50.266568748 25.418024621 0.313145907 0.002811691 -0.025905054 -0.438665034 0.898272793
1709437476.414610147 50.393337536 25.270984440 0.302424683 0.009088215 0.021960024 -0.470802439 0.881918491
1709437476.514446020 50.479401901 25.164479447 0.359558280 -0.012909211 0.017343175 -0.496420109 0.867813137
1709437476.615069628 50.534222910 25.018708656 0.358232812 -0.014476345 0.020125030 -0.509718239 0.859984149
1709437476.714926720 50.622943765 24.875392802 0.373542816 -0.028805710 0.006085902 -0.544965415 0.837941460
1709437476.814188242 50.652065191 24.734234657 0.368219145 -0.022574081 -0.004768843 -0.562150606 0.826712989
1709437476.912951708 50.680339285 24.534031917 0.363127093 -0.005311929 0.002997642 -0.578571082 0.815609159
1709437477.011884928 50.718024722 24.353345094 0.367490339 0.003492497 -0.003313646 -0.602354955 0.798213838
1709437477.114745617 50.726799938 24.170971169 0.380782274 0.012154967 -0.005686483 -0.618420191 0.785733026
1709437477.213411570 50.732536162 23.994905042 0.385544782 0.012917331 -0.001331156 -0.634678462 0.772667212
1709437477.312011480 50.732169287 23.829516535 0.399003538 0.002554404 -0.005813499 -0.647320218 0.762191717
1709437477.410722733 50.740334096 23.652494885 0.404856640 -0.000991671 0.001813360 -0.652554118 0.757739303
1709437477.514823675 50.755802393 23.442939128 0.379481577 0.014252510 0.012782765 -0.653232185 0.756915569
1709437477.613802195 50.778086391 23.249498486 0.395496338 0.015568739 0.023727631 -0.660382971 0.750392528
1709437477.712368250 50.799562939 23.070130868 0.408376146 0.004206825 0.034273165 -0.668971414 0.742485623
1709437477.815126896 50.807413039 22.920106041 0.438940400 -0.021282326 0.013417448 -0.676120943 0.736360988
1709437477.914964437 50.798400709 22.743148569 0.433368141 -0.019578810 0.009820343 -0.672366599 0.739894173
1709437478.014792919 50.806710231 22.574185492 0.438107834 -0.002437869 -0.005524504 -0.676152469 0.736736978
1709437478.114222288 50.818386431 22.441862819 0.462723050 -0.014289474 -0.020808580 -0.687070632 0.726152023
1709437478.213280439 50.845496297 22.285218098 0.460640854 -0.027410042 -0.004310668 -0.699448089 0.714144578
1709437478.315080404 50.861413115 22.105056218 0.457331980 -0.027035720 0.007501733 -0.706200307 0.707455950
1709437478.414466858 50.863628460 21.921822206 0.465053163 -0.007058171 0.017037275 -0.714478877 0.699413932
1709437478.513142109 50.858121174 21.763681110 0.473846082 -0.001925951 0.014905728 -0.731302603 0.681887537
1709437478.611840725 50.821001203 21.600639314 0.476055852 -0.004421070 0.018359410 -0.745943384 0.665741582
1709437478.710638762 50.810840185 21.427682240 0.501014951 -0.007506072 0.028820483 -0.764480176 0.643958927
1709437478.815051317 50.773272701 21.254563364 0.500757243 -0.009561458 0.031181577 -0.777011748 0.628640622
1709437478.913691282 50.757044837 21.101525311 0.515618639 -0.011935760 0.029559977 -0.799043211 0.600427924
1709437479.012327194 50.665745407 20.975580274 0.517008870 -0.012741669 0.018954723 -0.815694550 0.578031806
1709437479.114632607 50.591184866 20.861846301 0.520398292 -0.014003153 0.005541635 -0.835035347 0.549990155
1709437479.214463234 50.489251218 20.744540815 0.518805369 -0.005476220 -0.007028335 -0.846679851 0.532028047
1709437479.315105438 50.375817506 20.599002546 0.517834645 0.002525188 -0.015494382 -0.851244080 0.524535092
1709437479.414117813 50.272043762 20.452150998 0.520084771 0.015644624 -0.030510173 -0.852541921 0.521532978
1709437479.513170481 50.196373087 20.314960450 0.525565134 0.013889811 -0.034780802 -0.853144027 0.520329355
1709437479.614612103 50.137785027 20.161180566 0.531492173 -0.002932236 -0.022853647 -0.853953186 0.519839464
1709437479.713989735 50.040263926 19.999315124 0.533206079 0.013201723 -0.020409594 -0.851968178 0.523029050
1709437479.812703848 49.944164284 19.858844049 0.535227186 0.024262898 -0.029802961 -0.854272218 0.518403388
1709437479.911510229 49.876117629 19.709410880 0.545423655 0.026539437 -0.007126663 -0.866330010 0.498715532
1709437480.010158062 49.810157142 19.582742139 0.575630638 0.000783629 -0.000114107 -0.878522144 0.477700968
1709437480.114598036 49.710889721 19.450641223 0.568347272 0.001110448 -0.000062274 -0.887239777 0.461307210
1709437480.213355541 49.590503656 19.319210494 0.566816468 0.014266033 0.004541994 -0.898567789 0.438579274
1709437480.315083027 49.470613356 19.212189273 0.570147113 0.025742688 -0.002747883 -0.911450533 0.410594313
1709437480.414915085 49.343938359 19.094697145 0.567051648 0.031605235 0.000962493 -0.920285106 0.389968596
1709437480.514759302 49.199117350 18.962924304 0.560362020 0.037039384 -0.001157112 -0.921982253 0.385454888
1709437480.614598036 49.045274479 18.838116103 0.552181096 0.050367006 -0.016782365 -0.922652906 0.381959594
1709437480.714040995 48.911258719 18.701133494 0.547270558 0.041450842 -0.013762122 -0.924702525 0.378176774
1709437480.813182592 48.765265786 18.567843587 0.539765211 0.038368519 -0.003484532 -0.923930397 0.380615734
1709437480.914924383 48.628587660 18.435147223 0.531650225 0.043936878 -0.003747401 -0.923928599 0.380015067
1709437481.013979197 48.494933367 18.297477720 0.537005665 0.043899304 -0.001048614 -0.923102369 0.382038961
1709437481.112910271 48.379161959 18.154735550 0.513346469 0.045604607 -0.000310352 -0.922665083 0.382895898
1709437481.211471081 48.257925467 18.057402105 0.533638580 0.026865034 -0.007895836 -0.925327852 0.378132639
1709437481.315087318 48.113012373 17.920266475 0.504340807 0.032277957 -0.009016457 -0.923783849 0.381444934
1709437481.414251566 47.979400793 17.801275068 0.498161738 0.030346561 -0.021802884 -0.923492466 0.381792334
1709437481.512738943 47.827684331 17.686472318 0.488357132 0.046987490 -0.030204239 -0.920927548 0.385710163
1709437481.611324072 47.677950700 17.564090032 0.490662878 0.053893813 -0.027202009 -0.915699746 0.397302760
1709437481.714429140 47.557030004 17.441279258 0.500322839 0.040145679 -0.020990499 -0.913418021 0.404493809
1709437481.815064669 47.478288146 17.299997398 0.505056051 0.021428876 -0.004824514 -0.912642985 0.408167011
1709437481.914920092 47.372951559 17.151364624 0.507169598 0.021703860 0.004141047 -0.910635651 0.412619080
1709437482.014304399 47.251327769 17.033372282 0.506421679 0.023471639 -0.012159778 -0.910488599 0.412688421
1709437482.113336563 47.119609892 16.912370118 0.492517279 0.029861954 -0.028538400 -0.907074418 0.418938926
1709437482.214757442 46.980989390 16.775831982 0.483726314 0.029474342 -0.057226065 -0.896844557 0.437637158
1709437482.313508272 46.861527335 16.637544220 0.482452795 0.038935374 -0.061559411 -0.892948576 0.444226649
1709437482.412236452 46.749653570 16.475655070 0.479733208 0.043836558 -0.051057640 -0.885784369 0.459192253
1709437482.511174679 46.668550099 16.308835740 0.496530456 0.034902485 -0.030766388 -0.880735172 0.471318154
1709437482.614594936 46.618483174 16.142085468 0.525724736 0.009568710 -0.018823251 -0.876596703 0.480762255
1709437482.714019775 46.539720748 15.980207337 0.524334610 0.001013797 -0.011639146 -0.875273535 0.483487064
1709437482.812647343 46.449224226 15.835441116 0.528188581 0.000354573 -0.017751625 -0.871666023 0.489778622
1709437482.914921522 46.325568677 15.700236045 0.535546684 0.008966632 -0.033224441 -0.871809232 0.488635241
1709437483.014755249 46.219937000 15.559084657 0.544328172 0.011502106 -0.028337057 -0.873475105 0.485907351
1709437483.114573002 46.126460733 15.401302304 0.554294281 0.010220627 -0.012630079 -0.877670331 0.478989363
1709437483.214809418 46.026619169 15.272286765 0.582560203 0.006381147 -0.015617414 -0.882431551 0.470138208
1709437483.314664125 45.929625638 15.131644257 0.576492965 0.011975011 -0.006233840 -0.892322266 0.451196977
1709437483.414519787 45.822993581 15.015552352 0.590701471 0.005766363 0.001102334 -0.909210163 0.416296064
1709437483.514679193 45.700141269 14.897690089 0.594343676 0.022321533 0.008121781 -0.924365761 0.380767285
1709437483.613273144 45.561301536 14.843039503 0.597209104 0.023218675 -0.000765338 -0.940842545 0.338046761
1709437483.712096691 45.440040448 14.785339461 0.580009420 0.032520519 -0.009661671 -0.950747596 0.308104004
1709437483.810920477 45.324379153 14.729579763 0.571148156 0.039797554 -0.018892692 -0.956961187 0.286852763
1709437483.914854050 45.215463944 14.706186721 0.560108969 0.041481375 -0.033889483 -0.959897969 0.275184825
1709437484.013526678 45.119389052 14.664788857 0.554890036 0.039981103 -0.047080497 -0.959871063 0.273555262
1709437484.112150908 45.044959096 14.618433885 0.557400259 0.038560949 -0.043155078 -0.961619336 0.268214364
1709437484.210835218 44.967481015 14.554826500 0.560540869 0.029481780 -0.035313575 -0.961774944 0.269949500
1709437484.315092802 44.895759966 14.480795267 0.571188110 0.021033129 -0.023353773 -0.959702752 0.279254071
1709437484.414366245 44.809425742 14.419458067 0.577729904 0.015117001 -0.032961645 -0.955661561 0.292225917
1709437484.514771700 44.695031606 14.354400200 0.576522272 0.018279515 -0.048015482 -0.950991380 0.304919280
1709437484.614610672 44.577070814 14.251897855 0.560784768 0.031473290 -0.054563170 -0.946271965 0.317177648
1709437484.714441776 44.457030545 14.150587655 0.559181621 0.040262328 -0.053814130 -0.944015856 0.322981497
1709437484.814324617 44.354881114 14.046229611 0.567530514 0.039096488 -0.034724694 -0.941103869 0.334049648
1709437484.913496256 44.249184457 13.921052240 0.574861929 0.038525316 -0.016849451 -0.937836337 0.344521264
1709437485.011956930 44.136747307 13.837018796 0.590714304 0.015298932 -0.024398763 -0.934472230 0.354869405
1709437485.110923052 44.004014564 13.748789589 0.595511393 0.022467012 -0.028876232 -0.931535251 0.361805850
1709437485.214439154 43.911455552 13.629126561 0.610781402 0.017232058 -0.017728235 -0.932511298 0.360293553
1709437485.313465357 43.807522088 13.522721871 0.631211069 -0.007682519 -0.022623806 -0.929071352 0.369128116
1709437485.411935806 43.658999680 13.410043230 0.593183633 0.022084352 -0.030091725 -0.920108998 0.389879728
1709437485.514761686 43.514219688 13.307299953 0.588634503 0.022600034 -0.040130960 -0.919412795 0.390587834
1709437485.614603519 43.403929681 13.166173166 0.591729272 0.033545358 -0.016856463 -0.927483265 0.371974949
1709437485.713451385 43.264703281 13.042275794 0.613166720 0.012736898 -0.005470759 -0.928963165 0.369912531
1709437485.815098524 43.108445224 12.896833235 0.602461945 0.023917770 -0.006950218 -0.926485436 0.375505487
1709437485.914930344 42.974665883 12.767469099 0.609709008 0.022129181 -0.008635013 -0.936066413 0.351020521
1709437486.014752626 42.805571879 12.662573957 0.584605743 0.025916223 -0.015568426 -0.941146229 0.336644842
1709437486.114020348 42.634165483 12.590479313 0.579492401 0.024481955 -0.035142256 -0.949664004 0.310328754
1709437486.212848186 42.510845564 12.533126080 0.609694662 0.023114599 -0.033373564 -0.962782404 0.267211458
1709437486.311811209 42.383989306 12.460158407 0.602293905 0.016051333 -0.004727838 -0.974222962 0.224965826
1709437486.414922953 42.243078709 12.411867820 0.659432628 -0.016528108 0.026174798 -0.980335788 0.194893416
1709437486.514351368 42.072344598 12.351299848 0.646771718 0.016996438 0.017658378 -0.977145415 0.211154304
1709437486.612933874 41.912169878 12.310169192 0.628849019 0.034085849 -0.002736046 -0.977778298 0.206833914
1709437486.711577177 41.769284490 12.279743062 0.600514797 0.032131665 -0.032282118 -0.976674056 0.209840912
1709437486.815086126 41.609323202 12.203716586 0.601742536 0.041976451 -0.029736348 -0.976380121 0.209846579
1709437486.914728880 41.476479699 12.105135134 0.599748627 0.034223385 -0.023234226 -0.975260045 0.217156109
1709437487.013222694 41.350091498 11.968789167 0.604280963 0.030057404 0.005205454 -0.978604464 0.203476678
1709437487.111984253 41.216610429 11.887382494 0.624026984 0.006313186 0.015894851 -0.979673959 0.199866035
1709437487.214452267 41.047217254 11.816035786 0.621734615 0.013049759 0.000999614 -0.976968688 0.212980957
1709437487.314882755 40.897191412 11.758564716 0.615349454 0.001179675 -0.015899304 -0.976443855 0.215181828
1709437487.413654089 40.715033319 11.731310184 0.600080833 0.005535574 -0.053023894 -0.972672579 0.225977605
1709437487.512720823 40.539733507 11.667667564 0.580919522 0.028188105 -0.061070855 -0.971847350 0.225806355
1709437487.611863136 40.377364537 11.596055123 0.588213479 0.032203964 -0.053385122 -0.970458963 0.233071523
1709437487.714492798 40.213643611 11.492465261 0.600974510 0.046532478 -0.030646364 -0.971992333 0.228312140
1709437487.814006805 40.070266321 11.392979952 0.612297704 0.028441804 -0.011188949 -0.972459211 0.231060500
1709437487.912599802 39.913688075 11.295332106 0.612253076 0.035643633 0.004458558 -0.970354113 0.239003239
1709437488.011410475 39.768610086 11.208214970 0.640516103 0.021734950 0.004759484 -0.972280417 0.232756805
1709437488.114638090 39.595444660 11.124170053 0.616040160 0.016500746 0.002837640 -0.971917451 0.234725673
1709437488.214184999 39.428597990 11.052633633 0.614437505 0.021681547 0.007461115 -0.974210676 0.224472274
1709437488.313277721 39.262369156 10.994729049 0.616475180 0.021299168 -0.002478037 -0.973824176 0.226288929
1709437488.414935827 39.074926416 10.936079691 0.590289337 0.026922318 -0.022615230 -0.972585181 0.229873454
1709437488.514767885 38.883057686 10.891538492 0.573871698 0.024979700 -0.045854859 -0.969851759 0.238035526
1709437488.614591837 38.683837745 10.822273204 0.562207749 0.056045562 -0.054807060 -0.966451391 0.244595154
1709437488.714179039 38.502921924 10.746271637 0.582045394 0.055984915 -0.052287846 -0.962408049 0.260580924
1709437488.813214302 38.384617113 10.652069365 0.585510700 0.036876947 -0.046173273 -0.963078503 0.262655511
1709437488.912245750 38.269837361 10.539464528 0.598582752 0.019888872 -0.014138113 -0.966790016 0.254404423
1709437489.014752626 38.135559582 10.433211140 0.605685547 0.014007254 0.011505343 -0.967117079 0.253684804
1709437489.113729000 37.985552763 10.358442671 0.611966049 0.027008986 0.012764173 -0.968350762 0.247799096
1709437489.212467194 37.830225315 10.315509336 0.604449593 0.023111687 -0.002438980 -0.970043400 0.241817498
1709437489.311260462 37.687823330 10.271921843 0.591683994 0.014487031 -0.030406265 -0.968538388 0.246574484
1709437489.414916515 37.524758719 10.199499466 0.581134198 0.021022827 -0.042256400 -0.971173146 0.233656066
1709437489.514350891 37.368096319 10.136700153 0.578131643 0.034693219 -0.026369070 -0.972795407 0.227530545
1709437489.612400532 37.238832718 10.051757334 0.589660107 0.021187484 -0.020360180 -0.975324815 0.218810555
1709437489.711093426 37.076209462 9.964155904 0.585663651 0.021996635 -0.013901490 -0.974801771 0.221550004
1709437489.815075636 36.918681305 9.896166690 0.599470609 0.011723887 -0.020997329 -0.976702839 0.213244524
1709437489.914895773 36.749883104 9.834553839 0.596760068 0.018690703 -0.029513973 -0.977394874 0.208515811
1709437490.014164686 36.586644634 9.784246357 0.596278208 0.022202267 -0.035864680 -0.980849541 0.190144583
1709437490.113104582 36.411682716 9.730982363 0.597250682 0.027943329 -0.028946753 -0.984467899 0.170892397
1709437490.212296009 36.238824929 9.677164671 0.602388252 0.022699749 -0.024413014 -0.986982512 0.157334822
1709437490.314848900 36.051728060 9.632828170 0.593381903 0.022400575 -0.032027133 -0.988415092 0.146656343
1709437490.413474083 35.870915788 9.592018057 0.585721172 0.031135611 -0.042894231 -0.989106454 0.137328367
1709437490.512162924 35.702391479 9.530926974 0.585825382 0.034630894 -0.037115496 -0.990665089 0.126514120
1709437490.610912323 35.524599761 9.467442969 0.592711719 0.036507927 -0.022998622 -0.992384565 0.115373781
1709437490.714452505 35.377074483 9.429825054 0.608753963 0.010930714 -0.018722902 -0.993947209 0.107698278
1709437490.813341856 35.202448346 9.395845973 0.597464045 0.022250803 -0.011025570 -0.994580669 0.100958562
1709437490.912045956 35.023802414 9.377331108 0.601608967 0.022338183 -0.002467085 -0.995149698 0.095770545
1709437491.014789343 34.831063977 9.331326006 0.596015621 0.046760071 0.004006286 -0.995518305 0.082102073
1709437491.114647627 34.651785959 9.311965552 0.595489716 0.039521985 0.003258958 -0.996900912 0.067940888
1709437491.214499712 34.472142169 9.297995168 0.591132506 0.039129256 0.004752116 -0.997554283 0.057721501
1709437491.314445019 34.287539364 9.287916124 0.581610124 0.030954247 -0.002602120 -0.998359964 0.048087893
1709437491.413587332 34.095627493 9.287291853 0.560194190 0.041150746 -0.004117557 -0.998228662 0.042769139
1709437491.514807224 33.914934352 9.291368314 0.557392031 0.042689337 -0.012382562 -0.998367691 0.035864271
1709437491.614404202 33.734473661 9.275886331 0.549648712 0.051309213 -0.012823383 -0.998174678 0.029158837
1709437491.713211060 33.560462580 9.264678348 0.555672578 0.043219042 -0.007547619 -0.998653725 0.027674629
1709437491.811999083 33.382385447 9.252005447 0.549572735 0.041137551 -0.007886077 -0.998801006 0.025338940
1709437491.910942554 33.213568066 9.246135604 0.538284607 0.027970986 -0.011934594 -0.999401868 0.016464970
1709437492.014410019 33.035893037 9.267188466 0.538364597 0.021127349 -0.009944294 -0.999549458 0.018858088
1709437492.113153934 32.872560371 9.275350316 0.530958492 0.022190756 -0.012369965 -0.999555066 0.015627652
1709437492.211705923 32.703546797 9.276953620 0.524041652 0.023528189 -0.024749458 -0.999291969 0.015793946
1709437492.314644098 32.519632288 9.284116524 0.507129160 0.033968680 -0.029209337 -0.998976170 0.006289295
1709437492.414600372 32.340291438 9.282808428 0.516301214 0.044239946 -0.019901218 -0.998813571 0.004268381
1709437492.514444828 32.154442938 9.289049682 0.517294772 0.035549202 -0.022513664 -0.999100511 0.005249526
1709437492.614447832 31.979828957 9.292842943 0.509014431 0.024675070 -0.027381558 -0.999305596 0.005451349
1709437492.713428020 31.814396623 9.285062560 0.510504344 0.005409700 -0.019720708 -0.999766894 0.006927198
1709437492.814723492 31.618847144 9.259967264 0.500615791 0.028958508 -0.013852795 -0.999461969 0.006728884
1709437492.914383650 31.432627462 9.253525657 0.503749291 0.032282802 -0.004025149 -0.999453346 0.005884554
1709437493.013145447 31.255251925 9.241532036 0.509760471 0.039200377 0.006324458 -0.999210608 0.001221681
1709437493.111900330 31.060639092 9.250660548 0.492324447 0.046246695 -0.003738819 -0.998922930 0.000493937
1709437493.210824966 30.875456987 9.255993257 0.487855924 0.038944593 -0.011014186 -0.999174834 -0.003414235
1709437493.314352751 30.681302903 9.258256307 0.485416416 0.038829240 -0.013130461 -0.999148317 -0.004745737
1709437493.412973881 30.488587098 9.290923917 0.457990952 0.041861022 -0.024589636 -0.998806865 -0.005277337
1709437493.511641026 30.299055383 9.296009512 0.452101332 0.045320164 -0.024021582 -0.998605083 -0.012527328
1709437493.615071297 30.100593758 9.279573980 0.445925811 0.050342714 -0.019641921 -0.998485231 -0.010346499
1709437493.714919329 29.908849564 9.286091050 0.436237132 0.047527535 -0.016206713 -0.998699063 -0.008868954
1709437493.814749718 29.747434106 9.299704869 0.425748176 0.032964184 -0.025845182 -0.999089432 -0.008105334
1709437493.914575815 29.560302624 9.312396688 0.413602358 0.041214689 -0.026611387 -0.998721396 -0.012196599
1709437494.014439344 29.399543681 9.314218979 0.430753758 0.013927440 -0.017614102 -0.999497715 -0.022362639
1709437494.115097284 29.237359463 9.337542162 0.429385158 0.013585567 -0.020247797 -0.999249300 -0.030104732
1709437494.214220524 29.083651366 9.372856545 0.404153699 0.016244295 -0.036396271 -0.998446782 -0.038928880
1709437494.312813282 28.911175712 9.435927095 0.389660517 0.039396994 -0.050622561 -0.997357434 -0.034108396
1709437494.411548376 28.730140512 9.465174839 0.383694106 0.045902461 -0.062639478 -0.996554228 -0.029136411
1709437494.514462233 28.532809668 9.488738631 0.365097106 0.051688364 -0.067444964 -0.996017712 -0.026985314
1709437494.614071846 28.334706383 9.490044943 0.359660870 0.047156573 -0.049604048 -0.997338863 -0.025117474
1709437494.712673903 28.151602603 9.466768463 0.371313922 0.043434250 -0.027119129 -0.998399999 -0.023988756
1709437494.811117887 27.973802484 9.450399849 0.369680387 0.029917735 -0.011334657 -0.999339418 -0.017238978
1709437494.914649248 27.787020346 9.442287641 0.376759642 0.025468519 -0.003119370 -0.999546294 -0.015774353
1709437495.014507055 27.612824963 9.445900975 0.366870330 0.017634790 -0.010646974 -0.999778618 -0.004286110
1709437495.115146637 27.401977368 9.447202995 0.334787158 0.046804844 -0.019914737 -0.998695778 0.004410639
1709437495.214978695 27.196928467 9.452489201 0.337541059 0.054112979 -0.015582081 -0.998352764 0.010988288
1709437495.314812660 27.007659212 9.448598583 0.338785093 0.050306050 -0.017454979 -0.998299212 0.023734127
1709437495.414654016 26.823619637 9.450791913 0.319122810 0.045318652 -0.028206750 -0.997875030 0.037363407
1709437495.514025211 26.650246682 9.425089108 0.310126565 0.023324099 -0.022719811 -0.998175595 0.050845624
1709437495.612826586 26.453416863 9.381586125 0.316184673 0.045355852 -0.010398734 -0.997690255 0.049486033
1709437495.711980581 26.290606247 9.322753011 0.316634830 0.027349239 -0.000015690 -0.997978916 0.057359417
1709437495.814796925 26.127917229 9.280256642 0.316192297 0.018883321 0.001741250 -0.997560884 0.067176415
1709437495.913429976 25.954252353 9.264299693 0.315361750 0.018132999 -0.010713934 -0.996638981 0.079165324
1709437496.012077332 25.789144815 9.245298812 0.305492761 0.015151715 -0.019079998 -0.996252722 0.082987304
1709437496.110880852 25.601782067 9.212952392 0.303213907 0.019444080 -0.019236660 -0.995431374 0.091478190
1709437496.214978695 25.402955545 9.183051104 0.302484707 0.026896204 -0.016904236 -0.995066519 0.093986506
1709437496.314831257 25.203168829 9.148081355 0.304289654 0.027558877 -0.019517752 -0.993973394 0.104290255
1709437496.414669514 25.008498025 9.113021103 0.288587437 0.033803800 -0.021545875 -0.993684092 0.104809367
1709437496.514511347 24.807698375 9.089553975 0.280021740 0.036651514 -0.031651217 -0.993069415 0.107088762
1709437496.614754677 24.623802963 9.054381646 0.266104281 0.039318486 -0.037492874 -0.992826802 0.106504844
1709437496.714584589 24.444696477 9.022144588 0.266981489 0.035367348 -0.040566998 -0.992908276 0.106002949
1709437496.813798428 24.263098253 9.002256979 0.249531643 0.041015954 -0.053572096 -0.991704222 0.109409586
1709437496.912837744 24.085541858 8.964417281 0.263123077 0.031672808 -0.055004012 -0.991642728 0.112321376
1709437497.011875391 23.921635837 8.931066690 0.258780533 0.027699848 -0.048567495 -0.991887088 0.114166200
1709437497.114452362 23.756469400 8.878752093 0.262116204 0.016209460 -0.046232758 -0.992021998 0.116155678
1709437497.213312864 23.586448316 8.829007170 0.261841608 0.024590904 -0.032676747 -0.993075769 0.110127355
1709437497.311874628 23.412528951 8.763457066 0.260758767 0.028966593 -0.011223784 -0.993575552 0.108823645
1709437497.410773277 23.228069478 8.707806126 0.268544288 0.029404077 -0.006518643 -0.992747174 0.116387095
1709437497.514481068 23.041503485 8.680753871 0.294063475 0.031026342 -0.008690958 -0.992681824 0.116381400
1709437497.614395380 22.889979581 8.645599843 0.279276261 0.006795128 -0.022041522 -0.993754155 0.109181855
1709437497.714946508 22.721284724 8.604847908 0.272820214 0.013557118 -0.004585212 -0.995092711 0.097906471
1709437497.814796448 22.535211412 8.565731876 0.272504050 0.026458292 -0.003524250 -0.994748918 0.098803488
1709437497.914629221 22.349368756 8.552823911 0.261877989 0.035481380 -0.021851937 -0.994304053 0.098096962
1709437498.014474630 22.169648289 8.537999905 0.262653540 0.027321785 -0.030954539 -0.994704736 0.094116016
1709437498.114072800 21.999823266 8.499501159 0.257600111 0.027619886 -0.026545013 -0.995068404 0.091495226
1709437498.212996244 21.815217377 8.470933924 0.248781556 0.037404790 -0.026123558 -0.994844529 0.090569336
1709437498.314808846 21.614439823 8.450685315 0.243436917 0.038116428 -0.028045727 -0.995050972 0.087373557
1709437498.414478779 21.420843189 8.424543985 0.233976072 0.045483880 -0.027016786 -0.994785096 0.087200477
1709437498.513076305 21.232567097 8.418678806 0.208916009 0.052153730 -0.042054423 -0.994291844 0.083036995
1709437498.611873388 21.042490247 8.411907812 0.199029689 0.050332916 -0.056207727 -0.993871535 0.080787754
1709437498.714959860 20.847377518 8.386958265 0.185189073 0.043701903 -0.053618766 -0.993811043 0.086918249
1709437498.814807415 20.671251636 8.385612105 0.183869989 0.019095987 -0.064641312 -0.992856589 0.098451193
1709437498.913556099 20.490972349 8.365715525 0.183133821 0.033953481 -0.055888530 -0.993610248 0.091990807
1709437499.012117386 20.324924898 8.300069688 0.192605206 0.028888079 -0.035875953 -0.993506419 0.104035522
1709437499.115116835 20.165335666 8.214163620 0.204409772 0.026166801 -0.010022467 -0.993553917 0.109842904
1709437499.214972734 20.018463842 8.125409535 0.225276138 0.010336734 0.007800982 -0.992646633 0.120353471
1709437499.314809799 19.842523468 8.070008875 0.229926350 0.007020107 0.004666309 -0.990106092 0.140067376
1709437499.414292812 19.667891231 8.016051497 0.221899980 0.013851927 -0.012213077 -0.987796197 0.154653281
1709437499.513192892 19.476364487 7.943391151 0.212187094 0.031478798 -0.007876852 -0.986211797 0.162275484
1709437499.615109205 19.292337295 7.896042814 0.219779853 0.029234545 -0.013415034 -0.984015076 0.175156242
1709437499.714027405 19.102686106 7.853018914 0.208348949 0.034658963 -0.030206248 -0.980332033 0.191925618
1709437499.812641859 18.914061532 7.792711097 0.187784241 0.027047121 -0.053617565 -0.976056830 0.209061413
1709437499.911481619 18.726072729 7.746325460 0.178013538 0.042028554 -0.059995033 -0.975089602 0.209366820
1709437500.014470816 18.567042043 7.651287587 0.188100780 0.042693104 -0.048006818 -0.974874205 0.213290716
1709437500.114470482 18.423684574 7.558713493 0.195269580 0.036149081 -0.018382401 -0.978130719 0.203999087
1709437500.213050604 18.277072249 7.460009196 0.210119637 0.034573654 0.006832738 -0.981712487 0.187079046
1709437500.311688185 18.108885679 7.391600992 0.216236719 0.032923766 0.018947435 -0.986216068 0.161043123
1709437500.414648294 17.945424900 7.362517709 0.201801915 0.029043290 0.009914516 -0.990307615 0.135458545
1709437500.514474869 17.778609723 7.361948201 0.175900685 0.034347845 -0.009218092 -0.993086192 0.111870760
1709437500.615125656 17.605815294 7.378318886 0.169675574 0.028479301 -0.026643829 -0.996063285 0.079605081
1709437500.714221478 17.444629081 7.414203870 0.161119119 0.016394264 -0.049746419 -0.997268412 0.052079128
1709437500.813134909 17.291162972 7.436051871 0.144360175 0.022649658 -0.064994296 -0.997383790 0.022097747
1709437500.914654255 17.118663186 7.445944765 0.148420303 0.027746189 -0.055491439 -0.998065162 0.004096521
1709437501.013708591 16.966448347 7.454957044 0.158526831 0.023080466 -0.052061008 -0.998112173 -0.023000721
1709437501.112436771 16.807706959 7.476949429 0.149358227 0.022538531 -0.050212812 -0.997663060 -0.040485896
1709437501.211196184 16.649510708 7.489728815 0.162488922 0.025774668 -0.044045260 -0.996943358 -0.059157602
1709437501.314803123 16.454577982 7.522006747 0.148261833 0.030198374 -0.048953184 -0.996640779 -0.058299238
1709437501.414161682 16.278145334 7.540195441 0.146971835 0.037322038 -0.042801167 -0.996547900 -0.060559134
1709437501.512734890 16.089236186 7.559337826 0.150964204 0.039407768 -0.032207494 -0.997485497 -0.049319246
1709437501.611293554 15.890670435 7.564343180 0.139683566 0.047665557 -0.027841165 -0.998138453 -0.025932486
1709437501.714939594 15.705164078 7.580593146 0.146354503 0.034968444 -0.036326371 -0.998590962 0.016543665
1709437501.814805984 15.515436882 7.584472869 0.128277646 0.017261873 -0.067215739 -0.995124982 0.070073837
1709437501.914642572 15.320478376 7.567885701 0.082148365 0.029326959 -0.084780385 -0.990259870 0.106478193
1709437502.013931513 15.140555380 7.503432071 0.082702963 0.047513625 -0.084135987 -0.983900134 0.150346661
1709437502.115127563 15.003875015 7.432104758 0.090099708 0.052421839 -0.086111149 -0.976331875 0.191344950
1709437502.214890957 14.888111338 7.339107965 0.094001821 0.049992993 -0.075772687 -0.970242513 0.224474199
1709437502.313375711 14.826726035 7.263113972 0.108670611 0.027056799 -0.063624131 -0.965091681 0.252622142
1709437502.412026167 14.767060144 7.195420181 0.127315057 0.016047014 -0.043777116 -0.963686744 0.262933294
1709437502.510954380 14.687424867 7.160443442 0.132870503 0.026438565 -0.035513334 -0.963281874 0.264816609
1709437502.614745617 14.609924890 7.135782411 0.134466654 0.026570586 -0.041833440 -0.964491824 0.259421450
1709437502.713811874 14.517789027 7.086802043 0.140186640 0.039407223 -0.038968548 -0.967299848 0.247506622
1709437502.812546492 14.441841131 7.057871910 0.144837449 0.020302519 -0.041027402 -0.973247880 0.225151335
1709437502.915055513 14.333500161 7.009947312 0.139758931 0.036262435 -0.026337406 -0.979648108 0.195655209
1709437503.014893770 14.238126711 6.962359869 0.136416202 0.035768906 -0.013859601 -0.983803816 0.175095827
1709437503.114728451 14.114302568 6.922482020 0.131329590 0.033057587 -0.016466624 -0.986335468 0.160556504
1709437503.214567900 13.986815709 6.887426311 0.132146178 0.032807176 -0.029510037 -0.986728595 0.156267482
1709437503.314685106 13.834474983 6.826568548 0.125097903 0.042696600 -0.023064598 -0.987126618 0.152400998
1709437503.414653540 13.687527791 6.768678107 0.136522383 0.023470154 -0.019853987 -0.987541004 0.154329959
1709437503.514493704 13.518750489 6.699066319 0.130476093 0.040513212 -0.004892735 -0.986754620 0.157003376
1709437503.613529205 13.347045027 6.630556841 0.129732740 0.040811773 -0.011456647 -0.984395409 0.170788827
1709437503.712130308 13.166705542 6.573143592 0.120686448 0.034706776 -0.022704163 -0.979382219 0.197713000
1709437503.811013699 12.964086276 6.492108030 0.090044307 0.042349994 -0.039222791 -0.972186572 0.226983085
1709437503.914666653 12.772074432 6.381104534 0.091707203 0.035475290 -0.042139743 -0.961752575 0.268323928
1709437504.013462067 12.600990622 6.235902924 0.095693918 0.032204075 -0.024999732 -0.955474225 0.292244616
1709437504.112209558 12.456630497 6.079101195 0.110732429 0.017282909 -0.001711804 -0.948587485 0.316038218
1709437504.210897684 12.327894560 5.930321615 0.122406718 0.001638637 0.019913964 -0.942196409 0.334464761
1709437504.314436913 12.165971018 5.784599596 0.121254921 0.012480771 0.018202988 -0.938332601 0.345028712
1709437504.415055037 12.005356303 5.689916472 0.121056230 0.020562057 -0.004165368 -0.936709280 0.349479006
1709437504.514895201 11.837267950 5.639461657 0.103178975 0.016228666 -0.046622654 -0.934075648 0.353646211
1709437504.614743233 11.683279717 5.582569833 0.080762182 0.022536176 -0.075785012 -0.931299039 0.355571164
1709437504.714571238 11.543837933 5.474315520 0.081740007 0.040816049 -0.052967054 -0.935350340 0.347344617
1709437504.814365387 11.434606920 5.344169712 0.092980751 0.036915349 -0.025683789 -0.936269502 0.348392049
1709437504.913214922 11.340759992 5.210995274 0.112729086 0.029501061 -0.001370442 -0.939531657 0.341186277
1709437505.012399912 11.212000211 5.078136668 0.115845114 0.038767156 0.005191450 -0.938412673 0.343295516
1709437505.115094662 11.059751718 4.978986598 0.125162238 0.032974787 0.003270154 -0.942583999 0.332321191
1709437505.214540958 10.904952332 4.892858587 0.119609785 0.026232322 -0.018500691 -0.946196161 0.321997537
1709437505.313103676 10.739210442 4.805483200 0.099663170 0.041090579 -0.026057149 -0.950178536 0.307885270
1709437505.411796808 10.589937710 4.717198327 0.098432881 0.033865270 -0.030557714 -0.954348868 0.295190799
1709437505.510408401 10.424467649 4.643632702 0.088637240 0.046251240 -0.036838045 -0.956239729 0.286547313
1709437505.615094662 10.263364466 4.573812317 0.077636676 0.038839560 -0.048336410 -0.960265536 0.272112440
1709437505.714915752 10.125079662 4.496405667 0.074303535 0.040718980 -0.037414038 -0.963996109 0.260103166
1709437505.814762831 9.981261515 4.391376184 0.082317164 0.030157291 -0.016036999 -0.968860594 0.245239684
1709437505.914617300 9.822670726 4.305646379 0.079431032 0.030803117 0.001198322 -0.972452737 0.231052821
1709437506.014457464 9.675762740 4.231492732 0.080182512 0.033544927 0.007982968 -0.977592438 0.207663272
1709437506.114364147 9.532339432 4.178732911 0.083694827 0.027542705 0.010045040 -0.982474452 0.184077289
1709437506.213302851 9.368990884 4.116581221 0.083597589 0.029862903 0.000896501 -0.984239588 0.174298125
1709437506.312251568 9.204642914 4.083417079 0.076733433 0.023662570 -0.017011138 -0.984346697 0.173816815
1709437506.414575100 9.032536575 4.035045003 0.069577443 0.035688050 -0.021680690 -0.983462260 0.176233633
1709437506.514176607 8.858626378 3.970872710 0.063758316 0.032696237 -0.021157739 -0.983395075 0.177249632
1709437506.612918139 8.718636676 3.905345817 0.089061562 0.017750818 -0.015530676 -0.985035941 0.170727565
1709437506.711636305 8.544560014 3.838411013 0.086671103 0.013810413 -0.004262801 -0.985226662 0.170644444
1709437506.814750671 8.373179906 3.773506781 0.081054264 0.012135243 -0.006721203 -0.985267912 0.170454401
1709437506.914542675 8.183834228 3.707507460 0.071943437 0.029746834 -0.012380492 -0.984472953 0.172553916
1709437507.013281822 8.008789603 3.660040418 0.076574141 0.027935601 -0.017106414 -0.985236868 0.168033589
1709437507.114659071 7.809192931 3.612255573 0.068849595 0.031746587 -0.016954481 -0.985265764 0.167200701
1709437507.214515448 7.630880004 3.557676560 0.068046364 0.026796099 -0.018702148 -0.985401383 0.167081758
1709437507.314762831 7.451152418 3.505416682 0.061570524 0.030422988 -0.023037181 -0.984068549 0.173645676
1709437507.414287090 7.261506493 3.449573569 0.051478644 0.037759199 -0.024474581 -0.983766967 0.173717564
1709437507.513240814 7.083999183 3.381888849 0.055135142 0.034513813 -0.025390230 -0.984350974 0.170930666
1709437507.612352133 6.916313655 3.306877985 0.053293215 0.037682834 -0.001782814 -0.985496247 0.165450818
1709437507.714899778 6.753020462 3.222417774 0.048921791 0.040460716 0.006070341 -0.983957794 0.173646598
1709437507.813726187 6.562294475 3.174285662 0.042068504 0.051044048 -0.011971488 -0.982142928 0.180683310
1709437507.912455082 6.399052044 3.139574282 0.038781378 0.042263190 -0.034799854 -0.981914162 0.181238436
1709437508.011310577 6.252112943 3.081982834 0.032722245 0.020097904 -0.040094090 -0.981899145 0.184017951
1709437508.114639044 6.116433990 3.029557267 0.037129569 0.002823344 -0.039496086 -0.981524041 0.187196806
1709437508.214221478 5.966340095 2.957008786 0.019189723 0.014361664 -0.030187113 -0.982131572 0.185202742
1709437508.312765837 5.812903853 2.869304741 0.027188571 0.016043283 -0.016447156 -0.982600151 0.184306940
1709437508.414963961 5.658224182 2.772740910 0.054238671 0.019578508 0.008045610 -0.983526705 0.179519275
1709437508.514791012 5.513240785 2.685079724 0.063227696 0.015354055 0.016796874 -0.983969400 0.176879442
1709437508.614625931 5.342515274 2.647345493 0.060067408 0.020704400 0.005691251 -0.984139100 0.176094208
1709437508.714392900 5.184546777 2.609367801 0.064036816 0.020935807 -0.004780109 -0.984942183 0.171545148
1709437508.813337803 5.006389028 2.557030973 0.055905073 0.029683421 -0.015186016 -0.985172180 0.168297520
1709437508.912267923 4.844949198 2.517192953 0.071992881 0.027090034 -0.020933204 -0.987372215 0.154673981
1709437509.014777422 4.658638503 2.473906588 0.071558860 0.025545311 -0.007509136 -0.989442896 0.142456329
1709437509.113780260 4.484563106 2.423559709 0.077643712 0.017465059 -0.007526991 -0.991350820 0.129853258
1709437509.212578535 4.325738897 2.386995429 0.070260957 0.004057177 -0.006295473 -0.993573008 0.112945047
1709437509.315116405 4.176241955 2.333139439 0.085037664 0.001248153 0.005769951 -0.995390033 0.095727903
1709437509.414949894 4.011640868 2.295222525 0.078340498 0.009511830 0.014197132 -0.995655859 0.091528012
1709437509.513835192 3.842274090 2.273926458 0.069492170 0.028587536 0.013952228 -0.997125361 0.068768478
1709437509.614320993 3.657500611 2.296982822 0.050279847 0.046953162 -0.006613706 -0.997437740 0.053568780
1709437509.714520454 3.493684084 2.342409786 0.039239801 0.050138602 -0.023325101 -0.997900203 0.033723052
1709437509.814768076 3.336295373 2.362644447 0.026418154 0.047066470 -0.025578064 -0.998418219 0.017075412
1709437509.914605379 3.198555819 2.389701491 0.025279810 0.024664977 -0.031939791 -0.999185408 0.000092225
1709437510.014410257 3.063527348 2.399367414 0.012793625 0.023489239 -0.030918973 -0.999208013 -0.008695946
1709437510.114899158 2.932725157 2.405980324 0.013107864 0.014778821 -0.031775653 -0.999320218 -0.011445319
1709437510.214917183 2.789540058 2.399385554 0.008411763 0.022621322 -0.034422411 -0.999102370 -0.009890747
1709437510.314779758 2.642609354 2.410285628 0.011393517 0.021830221 -0.030387759 -0.999283013 -0.005786734
1709437510.413372517 2.489681463 2.406994381 0.004544369 0.034542126 -0.033387149 -0.998838613 0.003683127
1709437510.512064934 2.334732634 2.402468884 -0.004530874 0.041004467 -0.038439072 -0.998314126 0.014490578
1709437510.615087271 2.167310206 2.397396276 -0.005845703 0.042021904 -0.041745716 -0.997823494 0.028978089
1709437510.714926243 1.998396881 2.362631893 0.000333944 0.041149004 -0.037891359 -0.997374564 0.045988957
1709437510.813501120 1.837657110 2.312528484 -0.007500937 0.030372472 -0.041559062 -0.996466932 0.066362724
1709437510.914472580 1.668113364 2.266497185 -0.007909881 0.033399347 -0.038776473 -0.995140406 0.084121581
1709437511.014472485 1.506152412 2.226005686 -0.018754712 0.034697400 -0.037409503 -0.993211838 0.104531642
1709437511.115126133 1.354074897 2.160180659 -0.021137564 0.044941586 -0.031782383 -0.990870150 0.123071032
1709437511.214961767 1.220640115 2.097288775 -0.030138734 0.037149344 -0.033196483 -0.987822276 0.147394268
1709437511.314670086 1.090731282 2.035300040 -0.030514024 0.041635489 -0.024274940 -0.984566016 0.168246766
1709437511.413816452 0.979385821 1.979868295 -0.030690183 0.042919059 -0.023800004 -0.980719756 0.189156743
1709437511.514494896 0.857820281 1.911316270 -0.036484230 0.047419140 -0.020150649 -0.976428323 0.209602260
1709437511.614300251 0.743188339 1.861857780 -0.043429871 0.046642069 -0.021697187 -0.973100131 0.224565991
1709437511.713013411 0.642519656 1.799005842 -0.040235106 0.051058679 -0.014749794 -0.970222385 0.236313305
1709437511.811822176 0.535809802 1.734643588 -0.043373849 0.045887441 -0.019563591 -0.966338165 0.252392868
1709437511.910626888 0.410331279 1.679644596 -0.053446956 0.048074034 -0.014356398 -0.962931804 0.265037964
1709437512.014470100 0.289605261 1.592672203 -0.055891621 0.034859856 -0.015849790 -0.958252140 0.283348567
1709437512.114987850 0.154153869 1.524470360 -0.054727303 0.039483122 -0.014321905 -0.955333897 0.292528821
1709437512.211842060 0.045245404 1.479612799 -0.060032509 0.034046198 -0.014065794 -0.954959189 0.294441771
1709437512.314809799 -0.061030879 1.399830659 -0.064693688 0.034876299 -0.008619979 -0.954853051 0.294898271
1709437512.414661884 -0.159260705 1.314107021 -0.066921192 0.029065695 -0.002862054 -0.954876474 0.295563721
1709437512.514510632 -0.266277561 1.244833205 -0.076516742 0.035270532 -0.004578906 -0.955984507 0.291253575
1709437512.614744186 -0.385729882 1.172384772 -0.069644899 0.039912442 -0.006782659 -0.957436915 0.285789341
1709437512.714572906 -0.498804509 1.124795163 -0.065741840 0.031810867 -0.006498998 -0.960948542 0.274815813
1709437512.814829350 -0.590843984 1.057136589 -0.065187186 0.038135291 0.007057188 -0.962873405 0.267152957
1709437512.914192438 -0.684627947 1.016736840 -0.067385093 0.033925697 0.001348670 -0.966212817 0.255499551
1709437513.013004065 -0.783349958 0.998114565 -0.079874610 0.031742886 -0.010103043 -0.968557781 0.246548458
1709437513.111874819 -0.869649463 0.976215093 -0.089339384 0.028365481 -0.012057181 -0.971589303 0.234657729
1709437513.214997768 -0.942015632 0.931958088 -0.088360731 0.020929445 -0.004660631 -0.975220324 0.220194361
1709437513.314830303 -1.014069288 0.880968439 -0.088236202 0.022203883 -0.001939571 -0.977081418 0.211695841
1709437513.413699150 -1.111403461 0.853798801 -0.088092047 0.029565527 -0.007512019 -0.979736594 0.197953670
1709437513.514500380 -1.205335087 0.837346255 -0.097332719 0.029268509 -0.019941620 -0.982359119 0.183619845
1709437513.615134716 -1.317008586 0.797689901 -0.099760552 0.032653758 -0.022789528 -0.985620843 0.164213041
1709437513.714970827 -1.424948445 0.739173204 -0.100076547 0.044377279 -0.014874906 -0.986914379 0.154302957
1709437513.814830303 -1.522240215 0.683867107 -0.099071284 0.030633922 -0.017772135 -0.989634484 0.139173638
1709437513.914678097 -1.623252719 0.648073368 -0.098703592 0.033044604 -0.012311605 -0.990768858 0.130895181
1709437514.014517307 -1.731280780 0.611089548 -0.109618618 0.032107466 -0.014531635 -0.992197913 0.119587808
1709437514.114778042 -1.827412737 0.574419806 -0.119356018 0.027293505 -0.016573468 -0.993274256 0.111295273
1709437514.214187622 -1.931984536 0.548931149 -0.112059315 0.020185581 -0.016567348 -0.994672479 0.099723236
1709437514.313030958 -2.047570148 0.520189911 -0.123448082 0.017931091 -0.015270531 -0.995782545 0.088670235
1709437514.411994934 -2.158656255 0.495731892 -0.116665915 0.025718374 0.001791991 -0.996031957 0.085180361
1709437514.514946222 -2.261754626 0.473569474 -0.113255006 0.020800042 0.004564497 -0.996329468 0.082910287
1709437514.613865614 -2.349700411 0.474127425 -0.118078879 0.017190942 0.004613996 -0.996887441 0.076802424
1709437514.713849068 -2.439419431 0.472227687 -0.111579321 0.034060102 0.004009460 -0.996324708 0.078491468
1709437514.814303875 -2.492091879 0.476917008 -0.122561738 0.037229505 -0.003022737 -0.996545223 0.074178469
1709437514.915100813 -2.514529137 0.472422294 -0.125616164 0.036301335 -0.004529716 -0.996490525 0.075288302
1709437515.014794827 -2.513918739 0.486875728 -0.119508930 0.034885906 -0.004271180 -0.996557830 0.075081435
1709437515.114783287 -2.495226302 0.492702356 -0.126436322 0.034609821 -0.003732892 -0.996583881 0.074891882
1709437515.214616060 -2.480355315 0.505393186 -0.134873701 0.033892573 -0.003334141 -0.996545237 0.075748055
1709437515.314452410 -2.454313164 0.513423076 -0.140335430 0.034658774 -0.000934954 -0.996543553 0.075490671
1709437515.415100336 -2.426778054 0.515689016 -0.137571589 0.034486776 -0.000904365 -0.996527594 0.075779934
1709437515.514041185 -2.415992354 0.522354330 -0.138305028 0.034032521 -0.000409629 -0.996516893 0.076129508
1709437515.612982988 -2.412769349 0.529627899 -0.133405152 0.033359712 -0.000850078 -0.996525490 0.076310904
1709437515.711967945 -2.418271311 0.532825566 -0.130362084 0.032522039 -0.003378159 -0.996638894 0.075112046
1709437515.814459562 -2.433215980 0.543331459 -0.136338655 0.032897842 -0.002861532 -0.996557135 0.076048802
1709437515.914870501 -2.438614131 0.546790788 -0.131016108 0.034620392 -0.000456084 -0.996463399 0.076563137
1709437516.012352467 -2.439484124 0.549020269 -0.127950476 0.034134996 -0.002078378 -0.996495377 0.076337710
1709437516.114212275 -2.445521958 0.553474657 -0.123705834 0.033485167 -0.002799917 -0.996504285 0.076486038
1709437516.214646816 -2.449206018 0.556791823 -0.116917185 0.033905749 -0.002393341 -0.996490175 0.076498390
1709437516.314186096 -2.445795624 0.558435072 -0.118648892 0.033353207 -0.002432321 -0.996512863 0.076444504
1709437516.415133238 -2.438484275 0.563738290 -0.126262872 0.034254197 -0.001057502 -0.996516046 0.076034869
1709437516.514970779 -2.433196483 0.580606314 -0.126251392 0.033688204 -0.001953510 -0.996574772 0.075498428
1709437516.614813805 -2.437338184 0.590337272 -0.130090810 0.033334232 -0.002081085 -0.996511978 0.076474670
1709437516.714636326 -2.440732018 0.605128727 -0.133219215 0.033012481 -0.002967910 -0.996483705 0.076951884
1709437516.814045191 -2.445741673 0.611591526 -0.131018204 0.033623869 -0.002160312 -0.996467253 0.076927122
1709437516.913033009 -2.444986794 0.606179342 -0.135614130 0.033543971 -0.001444459 -0.996488068 0.076708840
1709437517.014950991 -2.448342154 0.611980072 -0.135093645 0.033623182 -0.001380282 -0.996491833 0.076626388
1709437517.114697456 -2.438814554 0.613072687 -0.129604070 0.034414660 -0.000342702 -0.996477608 0.076471504
1709437517.213395834 -2.444853785 0.591921231 -0.133721380 0.034323442 0.000234235 -0.996480077 0.076480730
1709437517.313136101 -2.445581396 0.587686398 -0.128672251 0.033733952 -0.002300134 -0.996480660 0.076700878
1709437517.415099382 -2.442238893 0.580097503 -0.124137643 0.033804309 -0.002262401 -0.996531679 0.076005019
1709437517.514951706 -2.439606260 0.577441823 -0.120689161 0.033859768 -0.001285245 -0.996487718 0.076577360
1709437517.613702297 -2.433313875 0.573449200 -0.125492960 0.033542665 -0.002668343 -0.996516492 0.076306294
1709437517.712296247 -2.437729576 0.570080688 -0.119008803 0.033785672 -0.002132555 -0.996493595 0.076514681
1709437517.814486742 -2.434504740 0.559471720 -0.122833047 0.033262470 -0.001948524 -0.996526171 0.076324324
1709437517.915138483 -2.430231535 0.569963067 -0.128967647 0.033345877 -0.001938006 -0.996595299 0.075379756
1709437518.014963627 -2.426263087 0.568433930 -0.123866332 0.033602692 -0.002094899 -0.996501381 0.076494892
1709437518.114137650 -2.427877712 0.573502614 -0.129797242 0.034049102 -0.000735808 -0.996485392 0.076530913
1709437518.213166237 -2.429749844 0.584662991 -0.130749313 0.033313882 -0.001935981 -0.996574200 0.075672334
1709437518.314497471 -2.425843495 0.581996431 -0.130211545 0.033596063 -0.001863072 -0.996527585 0.076161706
1709437518.414421082 -2.425392274 0.567277917 -0.131695194 0.033264485 -0.002061033 -0.996537156 0.076176916
1709437518.513110161 -2.429997377 0.566848631 -0.123403064 0.033636421 -0.002938700 -0.996488490 0.076620127
1709437518.612872362 -2.433922568 0.545413674 -0.128783779 0.033394987 -0.002285604 -0.996500682 0.076589432
1709437518.713562250 -2.442380477 0.541810601 -0.133360766 0.034492653 0.000406128 -0.996468760 0.076551299
1709437518.814488649 -2.447547674 0.560803531 -0.131226488 0.034099367 -0.001004273 -0.996496524 0.076360340
1709437518.913332939 -2.456257993 0.570062640 -0.121461614 0.034049434 -0.001335982 -0.996482782 0.076556627
1709437519.011932850 -2.444822546 0.542285689 -0.128505128 0.033248091 -0.001339989 -0.996516291 0.076472554
1709437519.114815712 -2.448720475 0.526051092 -0.127321533 0.033802790 -0.001639226 -0.996498632 0.076453651
1709437519.214662552 -2.442355217 0.531890394 -0.124591223 0.033763924 -0.001836391 -0.996517603 0.076218715
1709437519.314507723 -2.440591670 0.536118001 -0.125973210 0.034205694 -0.001030981 -0.996499840 0.076269104
1709437519.414253950 -2.437553110 0.526801210 -0.121371154 0.033246779 -0.003101536 -0.996488703 0.076780837
1709437519.513316870 -2.442353171 0.517592548 -0.123836281 0.034052633 -0.000993137 -0.996458513 0.076875644
1709437519.614436388 -2.452399488 0.505929043 -0.121693446 0.034842590 -0.000177992 -0.996465195 0.076440029
1709437519.714165926 -2.455289116 0.509504165 -0.123928732 0.033429303 -0.001830312 -0.996485022 0.076790183
1709437519.813946486 -2.460640452 0.504688989 -0.132987254 0.033526468 -0.000832201 -0.996515990 0.076362061
1709437519.911680460 -2.455555274 0.518965965 -0.142602746 0.033307824 -0.001428321 -0.996522525 0.076363638
1709437520.014577627 -2.446259653 0.518075172 -0.143376874 0.033182296 -0.001387615 -0.996531125 0.076306788
1709437520.114359140 -2.446140306 0.523825352 -0.140193520 0.033518016 -0.001298142 -0.996523341 0.076263277
1709437520.212971210 -2.453135066 0.518702608 -0.134894289 0.033574788 -0.001375430 -0.996533501 0.076104023
1709437520.311591148 -2.454537244 0.532310686 -0.137336541 0.033841636 -0.000401563 -0.996508063 0.076329966
1709437520.414748907 -2.449546091 0.524735160 -0.134395467 0.033032846 -0.001988725 -0.996537640 0.076273248
1709437520.514590263 -2.456243564 0.530502986 -0.136083360 0.033285273 -0.002043360 -0.996509662 0.076527183
1709437520.614439726 -2.451074555 0.530854976 -0.136217116 0.033322030 -0.001276939 -0.996518103 0.076417814
1709437520.714410782 -2.456252043 0.534714399 -0.136829733 0.033415715 -0.001712291 -0.996522616 0.076309462
1709437520.814929962 -2.453625240 0.550812360 -0.128447387 0.033340320 -0.002835889 -0.996511780 0.076450334
1709437520.914772034 -2.452783246 0.539334089 -0.128918945 0.033119202 -0.002548183 -0.996525568 0.076376810
1709437521.014489889 -2.454622490 0.543414129 -0.126989905 0.035255600 0.001478841 -0.996381363 0.077324225
1709437521.112700224 -2.451965636 0.529603273 -0.130705805 0.033540991 -0.001424500 -0.996530015 0.076163651
1709437521.211405277 -2.453223626 0.519720361 -0.129418460 0.033775859 -0.000887663 -0.996521338 0.076181537
1709437521.314906120 -2.444698615 0.512514688 -0.127072283 0.033405336 -0.002286450 -0.996533228 0.076160228
1709437521.413990021 -2.438708675 0.508276084 -0.131259572 0.033426405 -0.001548438 -0.996505081 0.076536929
1709437521.512614250 -2.439826201 0.523890702 -0.136219462 0.034045787 0.000197335 -0.996514283 0.076158577
1709437521.611249685 -2.447789723 0.511528796 -0.137684640 0.033009405 -0.002368761 -0.996562471 0.075947408
1709437521.715082884 -2.444055442 0.516328586 -0.139745313 0.033798850 -0.000746759 -0.996537162 0.075965545
1709437521.814925909 -2.428282640 0.515626923 -0.149201259 0.033631813 0.000657469 -0.996531718 0.076111786
1709437521.914784193 -2.431611731 0.523901039 -0.150531835 0.033458782 -0.000388034 -0.996555980 0.075871849
1709437522.014630079 -2.435171713 0.529023607 -0.150709753 0.033718117 0.000231341 -0.996528649 0.076116276
1709437522.114492416 -2.435316614 0.513963492 -0.136846996 0.033605058 -0.001382647 -0.996536655 0.076049213
1709437522.215086937 -2.441570014 0.515515335 -0.133798001 0.033224651 -0.001865470 -0.996515908 0.076476719
1709437522.313692331 -2.441794882 0.529215654 -0.133054478 0.033258762 -0.001671663 -0.996547828 0.076049234
1709437522.412457943 -2.441898648 0.533113737 -0.128353711 0.034435208 -0.000385897 -0.996472745 0.076525399
1709437522.511300087 -2.448092876 0.533101289 -0.127774616 0.033728194 -0.001113309 -0.996498953 0.076491865
1709437522.614509344 -2.454072212 0.529073155 -0.127040556 0.033660893 -0.001006728 -0.996508317 0.076400950
1709437522.713656187 -2.451688498 0.536263273 -0.127890116 0.033497674 -0.001880809 -0.996496723 0.076607117
1709437522.812301159 -2.450160003 0.543254001 -0.121618510 0.033452951 -0.002732763 -0.996528067 0.076192153
1709437522.910947323 -2.447142634 0.556217606 -0.119084362 0.034019125 -0.001644839 -0.996495638 0.076396579
1709437523.015073538 -2.445254932 0.550194317 -0.118396644 0.033712005 -0.001529666 -0.996525501 0.076145174
1709437523.114907026 -2.454074449 0.555305675 -0.115971085 0.034827534 -0.000287449 -0.996476080 0.076304532
1709437523.214741707 -2.447212132 0.556886867 -0.119286622 0.034271179 -0.000763462 -0.996483033 0.076462196
1709437523.314565897 -2.449576663 0.543912122 -0.126322486 0.033842047 -0.000889914 -0.996526322 0.076086880
1709437523.414793015 -2.455331420 0.545570962 -0.123836453 0.033834505 -0.001926806 -0.996486330 0.076593126
1709437523.514630318 -2.457234399 0.527981058 -0.127975771 0.033049027 -0.002816829 -0.996520171 0.076468140
1709437523.613536358 -2.461813444 0.526642777 -0.131081974 0.033322125 -0.002233101 -0.996511146 0.076486503
1709437523.712387562 -2.463315178 0.531352550 -0.132202175 0.033296160 -0.001944860 -0.996499579 0.076656196
1709437523.814941406 -2.466349177 0.529460222 -0.136826539 0.033492571 -0.000770082 -0.996499627 0.076590786
1709437523.914689302 -2.473906958 0.537831147 -0.130382314 0.033464969 -0.002242261 -0.996471902 0.076933842
1709437524.013332367 -2.474581831 0.544311007 -0.124882965 0.033553026 -0.002373257 -0.996473570 0.076869929
1709437524.111975193 -2.474572059 0.543843596 -0.131789546 0.034076760 -0.000201394 -0.996459452 0.076858922
1709437524.215120792 -2.465121430 0.533252791 -0.133105137 0.033299969 -0.002102856 -0.996505340 0.076575435
1709437524.314973116 -2.453587981 0.531097474 -0.127256161 0.033926734 -0.001330581 -0.996479541 0.076653315
1709437524.414809704 -2.457612014 0.518925195 -0.128830669 0.033431626 -0.001735253 -0.996497390 0.076630723
1709437524.514672518 -2.456043224 0.529134031 -0.132897513 0.033014530 -0.001892393 -0.996531784 0.076360094
1709437524.614521503 -2.464594489 0.519377937 -0.136447979 0.034732338 0.001310494 -0.996495270 0.076086295
1709437524.714759588 -2.459392749 0.520010448 -0.136375915 0.033505306 -0.001436106 -0.996524397 0.076252594
1709437524.814578772 -2.462025253 0.510109313 -0.134759167 0.033774915 -0.001125068 -0.996482183 0.076689293
1709437524.913455963 -2.462618068 0.514474686 -0.137245107 0.033047089 -0.001570772 -0.996517301 0.076542093
1709437525.014734268 -2.457108234 0.529449140 -0.137278610 0.034466830 0.000866297 -0.996445854 0.076856662
1709437525.114893913 -2.457256372 0.537398104 -0.142666541 0.033654918 -0.000340648 -0.996560034 0.075731961
1709437525.214378119 -2.454030478 0.535029327 -0.145418305 0.032965011 -0.001805268 -0.996495020 0.076861727
1709437525.313020706 -2.461495884 0.521853720 -0.142138777 0.034025328 -0.000087962 -0.996484083 0.076562015
1709437525.411691189 -2.467159855 0.529174709 -0.134486104 0.033849279 -0.001031607 -0.996480180 0.076683849
1709437525.510387421 -2.454434932 0.533588920 -0.136389790 0.033049748 -0.001681680 -0.996518335 0.076525117
1709437525.614510298 -2.453614556 0.539544386 -0.128900196 0.033220663 -0.002547753 -0.996557752 0.075911420
1709437525.713715076 -2.452045806 0.533734671 -0.123166465 0.034060700 -0.001619234 -0.996500532 0.076314716
1709437525.814589739 -2.453213218 0.522109316 -0.127767329 0.033726031 -0.001478600 -0.996511149 0.076327570
1709437525.914430618 -2.446501339 0.526951192 -0.131302685 0.034395871 0.000474533 -0.996470796 0.076567953
1709437526.015069962 -2.444446352 0.533892691 -0.131037434 0.034112785 -0.000494796 -0.996593836 0.075078614
1709437526.114534616 -2.437639950 0.531196203 -0.131754926 0.033934119 -0.000428369 -0.996522726 0.076096964
1709437526.213392973 -2.438290500 0.528999747 -0.136017164 0.033941455 -0.000706428 -0.996530599 0.075988440
1709437526.312396526 -2.438996567 0.536890103 -0.127501978 0.033150477 -0.002638348 -0.996496409 0.076739762
1709437526.414826393 -2.437682534 0.544908153 -0.129656517 0.033065320 -0.002115272 -0.996500079 0.076745052
1709437526.514060736 -2.447591736 0.546110573 -0.129587194 0.034215767 -0.001015487 -0.996514126 0.076077899
1709437526.612731457 -2.445531145 0.537832030 -0.132538751 0.033387594 -0.001193567 -0.996566888 0.075751450
1709437526.711435556 -2.453616770 0.523623679 -0.136655377 0.034259133 0.000288863 -0.996479523 0.076516585
1709437526.814982176 -2.457971903 0.527861176 -0.139674087 0.033010903 -0.001429937 -0.996519278 0.076534728
1709437526.914719105 -2.458759901 0.527270344 -0.141603357 0.033779580 -0.000181978 -0.996473034 0.076814062
1709437527.013172626 -2.471321892 0.527318666 -0.143476176 0.033402138 -0.001213869 -0.996518105 0.076383833
1709437527.114484787 -2.469387636 0.525382141 -0.141531808 0.032724452 -0.002147070 -0.996535944 0.076423902
1709437527.215138435 -2.470658862 0.525050113 -0.139413749 0.033330521 -0.001224643 -0.996498671 0.076667954
1709437527.314968586 -2.456964076 0.517171607 -0.138037737 0.034061137 0.000128105 -0.996502554 0.076305195
1709437527.414503336 -2.455767430 0.523407497 -0.139782324 0.033520701 -0.000604376 -0.996508751 0.076461150
1709437527.513463497 -2.453548804 0.514544062 -0.136238514 0.033764466 -0.000255589 -0.996505634 0.076396446
1709437527.612393141 -2.450402155 0.523967124 -0.136150887 0.033628944 -0.001121695 -0.996548435 0.075888425
1709437527.715098381 -2.448235962 0.522610557 -0.145690034 0.033872642 0.000366486 -0.996493380 0.076507859
1709437527.813769102 -2.449198722 0.518799373 -0.147068793 0.033029218 -0.000408244 -0.996533217 0.076357393
1709437527.912484169 -2.452584899 0.507892092 -0.141060047 0.033628245 -0.000941938 -0.996505453 0.076453491
1709437528.011196136 -2.442061020 0.516088314 -0.133606082 0.034040162 -0.000044527 -0.996490175 0.076476121
1709437528.114469528 -2.429920080 0.512475811 -0.128864464 0.033517222 -0.002589252 -0.996531899 0.076118768
1709437528.214202166 -2.432511492 0.507724829 -0.130241351 0.032842030 -0.002466571 -0.996557042 0.076087973
1709437528.313819647 -2.440029804 0.517312450 -0.122562672 0.033600063 -0.002017200 -0.996519802 0.076257791
1709437528.414756775 -2.444861839 0.515807610 -0.119381159 0.034025086 -0.001203815 -0.996506444 0.076261077
1709437528.514605522 -2.441770645 0.523062795 -0.124354219 0.033486231 -0.001558566 -0.996526765 0.076227613
1709437528.614453316 -2.445503814 0.531535636 -0.125658047 0.033797568 -0.001477004 -0.996493361 0.076527926
1709437528.714532137 -2.435541899 0.525362609 -0.127833849 0.033882807 -0.000722507 -0.996510648 0.076275560
1709437528.813448191 -2.437904354 0.526905305 -0.131338244 0.034321105 -0.000259889 -0.996494257 0.076296727
1709437528.914721966 -2.432932489 0.518401545 -0.134029845 0.034387105 0.000261641 -0.996521680 0.075907831
1709437529.014624119 -2.436851641 0.519880668 -0.132530744 0.033880001 -0.001447970 -0.996511576 0.076254358
1709437529.113512278 -2.443177120 0.513943517 -0.130823325 0.032950698 -0.003320063 -0.996571343 0.075820762
1709437529.212232351 -2.451424395 0.520669988 -0.129552400 0.033834285 -0.001344478 -0.996517041 0.076205117
1709437529.311005592 -2.453107038 0.529181029 -0.123325710 0.034153711 -0.001287952 -0.996498560 0.076305212
1709437529.414780378 -2.449063304 0.533478859 -0.123433207 0.033824609 -0.001477769 -0.996488863 0.076574527
1709437529.513816118 -2.444591563 0.538393015 -0.122129411 0.033625637 -0.001741804 -0.996524721 0.076188997
1709437529.614159584 -2.444125746 0.536181399 -0.127837334 0.034258160 -0.000170544 -0.996490445 0.076375018
1709437529.715124607 -2.448083498 0.542658286 -0.126957895 0.033874539 -0.000784181 -0.996473141 0.076767054
1709437529.814969063 -2.446401780 0.548401585 -0.126049350 0.034324002 -0.000357224 -0.996522562 0.075924425
1709437529.914818048 -2.455013726 0.543060507 -0.122318271 0.034535604 -0.000436596 -0.996450615 0.076767657
1709437530.014577150 -2.467250318 0.545547608 -0.124445233 0.034282320 -0.000645254 -0.996449762 0.076890683
1709437530.113614798 -2.466876574 0.536722879 -0.129955391 0.033496080 -0.001033183 -0.996483801 0.076791796
1709437530.215143919 -2.460112661 0.539562267 -0.134764544 0.034187011 0.000057062 -0.996472156 0.076645210
1709437530.314559460 -2.461032083 0.531418800 -0.133494665 0.033571244 -0.001669359 -0.996494595 0.076607481
1709437530.413304567 -2.460835107 0.536308300 -0.133330257 0.033067726 -0.001375910 -0.996529351 0.076379879
1709437530.512061357 -2.462272794 0.530612441 -0.135940265 0.033776962 -0.000598764 -0.996479032 0.076735245
1709437530.610873461 -2.461543641 0.522642811 -0.138055666 0.033930091 -0.000155840 -0.996497947 0.076423595
1709437530.714827061 -2.459218189 0.515105507 -0.137130727 0.033237688 -0.001547963 -0.996502213 0.076656376
1709437530.814791441 -2.456969836 0.514141743 -0.136917248 0.033755368 -0.000782704 -0.996513606 0.076292828
1709437530.914375782 -2.456314875 0.515967136 -0.130904738 0.033751136 -0.001115783 -0.996487219 0.076634444
1709437531.014625311 -2.451120600 0.526281356 -0.135401175 0.033997979 -0.000266779 -0.996507523 0.076268103
1709437531.114460230 -2.449579745 0.519367715 -0.129065455 0.034400025 -0.000328798 -0.996466698 0.076620172
1709437531.215112686 -2.450574984 0.516058176 -0.126022951 0.033293355 -0.002855345 -0.996519948 0.076363555
1709437531.314727545 -2.454533827 0.509139440 -0.127927175 0.033633666 -0.001711820 -0.996478925 0.076782803
1709437531.413909435 -2.453962749 0.520395381 -0.129094822 0.035000175 0.001310439 -0.996483242 0.076121087
1709437531.514625311 -2.454834856 0.520228842 -0.125447234 0.034839698 0.000277999 -0.996447389 0.076672805
1709437531.614343643 -2.451594492 0.518976903 -0.123769344 0.034129804 -0.000972525 -0.996492072 0.076405249
1709437531.713105440 -2.442661185 0.519800501 -0.125483391 0.034644611 0.000119449 -0.996510879 0.075932897
1709437531.811924458 -2.437157696 0.522366304 -0.123233971 0.034130314 -0.000811289 -0.996455261 0.076885472
1709437531.914795637 -2.440778759 0.525751745 -0.119560447 0.034603063 -0.000275953 -0.996420561 0.077127283
1709437532.014491796 -2.452818761 0.518002427 -0.121924770 0.034264843 -0.000618769 -0.996442594 0.076991521
1709437532.114269733 -2.447640152 0.509479307 -0.127349196 0.034147867 0.000074723 -0.996488538 0.076449399
1709437532.214890480 -2.453107859 0.506898887 -0.129998244 0.033851491 -0.001028500 -0.996502420 0.076393368
1709437532.314961433 -2.454591620 0.518935921 -0.126665928 0.034242776 -0.000319696 -0.996484415 0.076460062
1709437532.414813757 -2.445295501 0.509939572 -0.135429613 0.034039610 -0.000147974 -0.996519335 0.076095318
1709437532.514668941 -2.445549959 0.512699652 -0.130436326 0.033757143 -0.001229942 -0.996536255 0.075989706
1709437532.614507914 -2.447866291 0.514173433 -0.135606682 0.034020553 0.000009387 -0.996499733 0.076360221
1709437532.714720249 -2.447236700 0.519570728 -0.137398302 0.033046199 -0.002280566 -0.996504324 0.076693410
1709437532.814576387 -2.450623845 0.507442735 -0.135107326 0.034069256 -0.000821796 -0.996496741 0.076373137
1709437532.914180994 -2.454519225 0.500681283 -0.131797542 0.034079048 -0.000673012 -0.996498706 0.076344582
1709437533.013003111 -2.449879712 0.495300955 -0.127043614 0.033640240 -0.001735412 -0.996490360 0.076630837
1709437533.111887217 -2.450643059 0.494250675 -0.130023949 0.034042861 -0.000056433 -0.996529799 0.075956826
1709437533.214750290 -2.454859616 0.501708331 -0.129655283 0.033439036 -0.001708451 -0.996478529 0.076872970
1709437533.314140797 -2.453850204 0.501570398 -0.135093204 0.033247107 -0.001507436 -0.996536145 0.076210688
1709437533.414150953 -2.451596783 0.510161374 -0.139972278 0.033355384 -0.001223670 -0.996508882 0.076524310
1709437533.514618874 -2.447057031 0.515819711 -0.139151919 0.033109984 -0.001653253 -0.996523497 0.076432421
1709437533.614453554 -2.443236469 0.518716771 -0.136126022 0.033516879 -0.001166561 -0.996516218 0.076358926
1709437533.715122700 -2.449334665 0.520905848 -0.141945481 0.034031550 0.000489339 -0.996477770 0.076639857
1709437533.814964533 -2.446713742 0.529009445 -0.141905529 0.033460454 -0.000882584 -0.996522852 0.076300881
1709437533.914793730 -2.452344783 0.523532544 -0.143608485 0.034033880 0.000426647 -0.996488945 0.076493756
1709437534.014651060 -2.437410051 0.530617687 -0.138379249 0.034169840 0.000453860 -0.996489310 0.076428213
1709437534.114473104 -2.436538865 0.529027722 -0.137426092 0.033901061 -0.000278693 -0.996446368 0.077105622
1709437534.214059591 -2.431819904 0.511927144 -0.136691212 0.033586098 -0.001016760 -0.996513703 0.076363479
1709437534.312969208 -2.438186922 0.506817783 -0.131968250 0.034656349 -0.000092510 -0.996528548 0.075695321
1709437534.411917925 -2.439225205 0.506958686 -0.128694007 0.034850721 0.000737918 -0.996531877 0.075558590
1709437534.514645338 -2.450514508 0.501572118 -0.121382282 0.034321329 -0.000945193 -0.996518978 0.075967626
1709437534.613831997 -2.457354148 0.493157959 -0.121817945 0.034128962 -0.000732295 -0.996493809 0.076385640
1709437534.713675976 -2.458716921 0.508573977 -0.115085159 0.034126121 -0.001479027 -0.996505481 0.076223667
1709437534.814294577 -2.463683544 0.510722781 -0.115999328 0.034190499 -0.001237776 -0.996461241 0.076775467
1709437534.914804220 -2.462029554 0.507884115 -0.119932458 0.033956507 -0.001441794 -0.996515373 0.076170782
1709437535.014557123 -2.462394032 0.505593791 -0.126463058 0.034549950 0.000229268 -0.996481633 0.076358391
1709437535.112962484 -2.471477483 0.493723809 -0.128296307 0.034088329 -0.000755915 -0.996458018 0.076868932
1709437535.215099335 -2.470087534 0.500850947 -0.121322627 0.034562605 -0.000640319 -0.996436535 0.076936646
1709437535.314942598 -2.466698965 0.495887544 -0.125939700 0.033510359 -0.001357974 -0.996460406 0.077083536
1709437535.414778233 -2.473509579 0.501539102 -0.127495858 0.034631331 0.000652107 -0.996467584 0.076502287
1709437535.514034271 -2.469709483 0.506205879 -0.135943501 0.033646933 -0.001127924 -0.996485289 0.076705149
1709437535.612981319 -2.464669525 0.506439123 -0.133280362 0.033815642 -0.000448885 -0.996536318 0.075971490
1709437535.715096712 -2.462620063 0.509394511 -0.132315976 0.034022804 -0.000585661 -0.996486553 0.076528791
1709437535.814892530 -2.459512100 0.509414913 -0.130114626 0.033928891 -0.000816045 -0.996462901 0.076875553
1709437535.914707422 -2.449416474 0.512679100 -0.131309049 0.033834546 -0.000345859 -0.996506584 0.076352679
1709437536.013313532 -2.450268711 0.525839811 -0.135075360 0.033746769 -0.000532910 -0.996495489 0.076535031
1709437536.114139795 -2.443753077 0.542415071 -0.132757284 0.033831010 -0.000526367 -0.996492640 0.076534983
1709437536.215104818 -2.441547221 0.542945264 -0.130008528 0.033864528 -0.000989068 -0.996497727 0.076449299
1709437536.314000845 -2.440413839 0.528512781 -0.130825160 0.033705689 -0.000886415 -0.996511117 0.076346150
1709437536.412533283 -2.438716291 0.525414524 -0.135209084 0.033558449 -0.000701344 -0.996550906 0.075892229
1709437536.514652491 -2.446597199 0.516810173 -0.132459328 0.034426912 -0.000389914 -0.996472260 0.076535418
1709437536.614486217 -2.456736147 0.519660480 -0.129352963 0.033844853 -0.000753191 -0.996467461 0.076854136
1709437536.715121984 -2.468081728 0.512901358 -0.132522896 0.033291571 -0.001849697 -0.996520211 0.076391884
1709437536.814079523 -2.468057541 0.508841053 -0.133943751 0.033439972 -0.001115404 -0.996516312 0.076392173
1709437536.913076639 -2.476045649 0.518485779 -0.129776300 0.033072426 -0.002773069 -0.996475431 0.077040507
1709437537.014636040 -2.474580001 0.502021004 -0.130145093 0.033577907 -0.001370464 -0.996516201 0.076328937
1709437537.114454985 -2.471723733 0.508761538 -0.128434462 0.033506681 -0.002023531 -0.996498701 0.076573793
1709437537.214348316 -2.467279005 0.509126097 -0.133090758 0.033932459 -0.000226482 -0.996474595 0.076726258
1709437537.311954975 -2.456125446 0.507635023 -0.122308656 0.033842425 -0.001850813 -0.996488371 0.076564952
1709437537.413925409 -2.445479636 0.508270886 -0.128024710 0.033928048 -0.000782335 -0.996495575 0.076451579
1709437537.514637947 -2.441519824 0.505722833 -0.129168639 0.033433386 -0.001126896 -0.996533342 0.076172412
1709437537.613554955 -2.437599554 0.500728171 -0.129681587 0.033487557 -0.001331748 -0.996541643 0.076036600
1709437537.715114594 -2.439942529 0.509892037 -0.136321498 0.033520456 -0.000966772 -0.996527902 0.076207508
1709437537.814957857 -2.443708121 0.505235399 -0.133701156 0.033095212 -0.001896254 -0.996508182 0.076632596
1709437537.914801121 -2.443901158 0.508464095 -0.139906811 0.033674784 -0.000531475 -0.996500047 0.076507399
1709437538.014639378 -2.449137979 0.491690959 -0.136085739 0.033639581 -0.001509803 -0.996519510 0.076255919
1709437538.114166498 -2.446057900 0.496678147 -0.138196108 0.032993868 -0.001882271 -0.996598117 0.075498703
1709437538.213204384 -2.441347251 0.494673464 -0.134444964 0.034039295 -0.000291826 -0.996506791 0.076259141
1709437538.314963579 -2.447311519 0.493454100 -0.132812335 0.034260746 0.000113287 -0.996480010 0.076509993
1709437538.414311171 -2.450356027 0.490483964 -0.131783171 0.033879506 -0.000807230 -0.996530227 0.076019956
1709437538.513013840 -2.459510177 0.486220207 -0.131674149 0.032112454 -0.003652126 -0.996559989 0.076312787
1709437538.612280369 -2.467297302 0.497548544 -0.130594699 0.033190574 -0.002701213 -0.996569866 0.075760085
1709437538.715145350 -2.466918681 0.509075203 -0.126277446 0.033554284 -0.001834833 -0.996484037 0.076748333
1709437538.814576387 -2.463283056 0.519603908 -0.135940311 0.033579097 -0.000956753 -0.996478222 0.076828916
1709437538.913186073 -2.458454504 0.531163832 -0.133412884 0.033500494 -0.001513463 -0.996490460 0.076695432
1709437539.011792421 -2.452213856 0.536644018 -0.135908155 0.033260854 -0.001269435 -0.996558162 0.075920577
1709437539.114531040 -2.449037201 0.529940800 -0.135985980 0.033204659 -0.001695169 -0.996523811 0.076386330
1709437539.214778662 -2.453939500 0.538639986 -0.125634441 0.034538439 -0.000514746 -0.996449237 0.076783781
1709437539.314630747 -2.446180393 0.531912784 -0.124060769 0.034670273 -0.000088174 -0.996452797 0.076679771
1709437539.414314270 -2.449783067 0.531154942 -0.124071889 0.033965976 -0.001282324 -0.996498204 0.076393697
1709437539.513407946 -2.444666826 0.525433465 -0.131644966 0.033579399 -0.001462467 -0.996507930 0.076434491
1709437539.614922047 -2.447404686 0.523875472 -0.127265240 0.033872694 -0.001285908 -0.996496578 0.076456246
1709437539.714691162 -2.456849457 0.500740187 -0.126364334 0.034056661 -0.000845384 -0.996437851 0.077142967
1709437539.813315153 -2.464672104 0.495668051 -0.129123352 0.034562425 0.000362568 -0.996469757 0.076507069
1709437539.911502838 -2.473224652 0.494013620 -0.127152414 0.033633434 -0.000858044 -0.996489807 0.076655852
1709437540.015088081 -2.485770400 0.490594465 -0.128655921 0.033285020 -0.001702424 -0.996542665 0.076104699
1709437540.114205360 -2.487157789 0.480807371 -0.133027308 0.033469597 -0.001352039 -0.996492054 0.076691230
1709437540.212817669 -2.490390093 0.484529564 -0.125121388 0.033769643 -0.001572763 -0.996439712 0.077233664
1709437540.311438322 -2.494483108 0.478504219 -0.125542520 0.034042055 -0.000871400 -0.996454233 0.076937246
1709437540.414447308 -2.490022904 0.478600404 -0.124822925 0.033085977 -0.003053088 -0.996501887 0.076681061
1709437540.515075922 -2.488523830 0.474586329 -0.121552983 0.034406911 -0.000584057 -0.996483236 0.076400153
1709437540.614914894 -2.483594458 0.485055234 -0.117813930 0.034316477 -0.000647177 -0.996449605 0.076877465
1709437540.714517117 -2.480799902 0.491411391 -0.125581313 0.033129776 -0.002532815 -0.996515237 0.076507425
1709437540.814591646 -2.480948509 0.492225625 -0.127506804 0.034122430 -0.000558369 -0.996483371 0.076526065
1709437540.914434433 -2.477622683 0.504571119 -0.119288931 0.033392823 -0.002980638 -0.996532075 0.076156808
1709437541.014174938 -2.468419361 0.516213808 -0.121306168 0.033723045 -0.001442422 -0.996457938 0.077021120
1709437541.112555742 -2.461205231 0.515582614 -0.127697424 0.033922282 -0.000586715 -0.996442883 0.077139580
1709437541.214432716 -2.458500696 0.504149548 -0.125028158 0.034297760 -0.000837193 -0.996498555 0.076246921
1709437541.314598322 -2.453393843 0.503230242 -0.122104378 0.034128782 -0.000748954 -0.996469740 0.076698915
1709437541.413842440 -2.451482634 0.501723829 -0.122565589 0.034025663 -0.001154309 -0.996529876 0.075954782
1709437541.512474060 -2.443924814 0.497230607 -0.128039466 0.033560575 -0.001622570 -0.996515560 0.076339986
1709437541.611110926 -2.439102858 0.495053481 -0.125493033 0.033867756 -0.000837964 -0.996496369 0.076467376
1709437541.714774370 -2.447768959 0.488593651 -0.132346576 0.033824566 -0.000902368 -0.996516339 0.076225127
1709437541.814597607 -2.444669091 0.493849412 -0.136332214 0.033366030 -0.001152876 -0.996540044 0.076113858
1709437541.914439440 -2.444990292 0.488204338 -0.135712965 0.033623132 -0.001064722 -0.996528077 0.076158676
1709437542.015082598 -2.452326589 0.497756795 -0.133165135 0.033024503 -0.002218997 -0.996542877 0.076202056
1709437542.114926815 -2.473673804 0.502881849 -0.124302959 0.034006802 -0.001164646 -0.996523375 0.076048297
1709437542.214751720 -2.474332351 0.505213177 -0.133088031 0.033447251 -0.000839636 -0.996533358 0.076169833
1709437542.313619137 -2.473202947 0.505058089 -0.131917577 0.033218072 -0.001961413 -0.996519801 0.076426429
1709437542.412425518 -2.478657650 0.495246411 -0.132610842 0.033835319 -0.000893147 -0.996452533 0.077050135
1709437542.515051842 -2.478178389 0.478695058 -0.130326492 0.033661562 -0.001071643 -0.996484952 0.076703924
1709437542.614876270 -2.480578665 0.474218351 -0.123566093 0.034870312 0.000663945 -0.996491031 0.076087089
1709437542.713500977 -2.471783253 0.473528539 -0.132461309 0.033681650 -0.000806361 -0.996487421 0.076666270
1709437542.812150002 -2.457669175 0.466958716 -0.126262238 0.033572064 -0.001784475 -0.996511193 0.076388311
1709437542.910800219 -2.454980827 0.464576791 -0.137641873 0.033046665 -0.001104730 -0.996564413 0.075934634
1709437543.015082598 -2.453425366 0.467487391 -0.137526540 0.033548959 -0.000582498 -0.996527056 0.076209935
1709437543.114918947 -2.445877799 0.483903044 -0.143587162 0.033274731 -0.000552539 -0.996530219 0.076288985
1709437543.214784861 -2.442106250 0.497776056 -0.133561230 0.033955422 -0.000902318 -0.996512495 0.076217210
1709437543.314628839 -2.442774772 0.504192290 -0.135962554 0.034288988 0.000364062 -0.996454149 0.076832687
1709437543.414477110 -2.447091699 0.483314763 -0.139602189 0.032922444 -0.001440787 -0.996527163 0.076469935
1709437543.514630795 -2.445982219 0.488151472 -0.127060566 0.033573235 -0.001935207 -0.996489908 0.076661306
1709437543.613464117 -2.452429809 0.496053861 -0.126475974 0.033842116 -0.001630348 -0.996472015 0.076782657
1709437543.712352991 -2.451844399 0.489363984 -0.127037708 0.033613701 -0.001372930 -0.996497632 0.076555237
1709437543.813713074 -2.457828889 0.501539036 -0.130611480 0.034151117 -0.000212288 -0.996513525 0.076121285
1709437543.914454460 -2.469833440 0.493255933 -0.126980193 0.033833870 -0.001110748 -0.996475129 0.076755155
1709437544.013179779 -2.476527139 0.487612598 -0.123573572 0.034057519 -0.000573346 -0.996461609 0.076837615
1709437544.111849785 -2.479152709 0.494102244 -0.129570200 0.033098015 -0.002357965 -0.996476816 0.077025430
1709437544.210523367 -2.469812396 0.502446651 -0.122835471 0.033367181 -0.002507605 -0.996482353 0.076832702
1709437544.314634800 -2.483769870 0.501585175 -0.129752464 0.033105848 -0.002208499 -0.996479792 0.076987988
1709437544.414465666 -2.487914260 0.488465222 -0.129338071 0.033169716 -0.001652402 -0.996513423 0.076537810
1709437544.515113831 -2.489810970 0.497353020 -0.135983847 0.033295696 -0.000461950 -0.996517861 0.076441721
1709437544.614953995 -2.483868381 0.490695542 -0.134567697 0.033669289 -0.001193305 -0.996461493 0.077002911
1709437544.714800358 -2.478080751 0.489957180 -0.128676907 0.034032743 0.000114637 -0.996478149 0.076635879
1709437544.814526796 -2.467827714 0.488402669 -0.135579498 0.033953539 0.000199151 -0.996460212 0.076903602
1709437544.913467407 -2.463806970 0.481334730 -0.122794636 0.034130289 -0.001052494 -0.996473251 0.076649036
1709437545.014755964 -2.462711643 0.476026244 -0.127588952 0.034105283 -0.000726263 -0.996453894 0.076915149
1709437545.114948034 -2.452768253 0.470327751 -0.125499398 0.034054336 -0.000870220 -0.996493344 0.076423557
1709437545.214222431 -2.454053517 0.468146810 -0.128519595 0.034523416 0.000145249 -0.996511722 0.075976978
1709437545.312894583 -2.455695999 0.463775319 -0.129104755 0.034027115 -0.000058796 -0.996480843 0.076603400
1709437545.411562681 -2.466915269 0.466644242 -0.126720429 0.033466721 -0.000796391 -0.996496066 0.076648118
1709437545.515099049 -2.461086206 0.473696133 -0.125457665 0.033290756 -0.002552017 -0.996503905 0.076584469
1709437545.614927769 -2.457743650 0.491008820 -0.123512093 0.033305097 -0.001489247 -0.996559225 0.075883224
1709437545.713444948 -2.452731881 0.494445871 -0.119406746 0.034755166 -0.000487392 -0.996496602 0.076068145
1709437545.814584255 -2.454816736 0.501352367 -0.120155235 0.034526417 -0.000464028 -0.996456714 0.076692428
1709437545.914442778 -2.455646671 0.511105980 -0.116654507 0.034179212 -0.000795450 -0.996462988 0.076763672
1709437546.015079021 -2.459881881 0.515893807 -0.116829609 0.034262724 -0.000785183 -0.996461270 0.076748856
1709437546.114429951 -2.461077561 0.532055141 -0.113242662 0.033871301 -0.002043248 -0.996462002 0.076889787
1709437546.213429451 -2.456663752 0.551437315 -0.119433496 0.033626675 -0.001525251 -0.996509309 0.076394487
1709437546.314606905 -2.451546666 0.550878023 -0.118712002 0.033585268 -0.002750807 -0.996461748 0.076996412
1709437546.414441586 -2.458295841 0.564778787 -0.127076799 0.033747183 -0.001381289 -0.996543556 0.075895717
1709437546.513934612 -2.458046566 0.574572344 -0.127620251 0.033823671 -0.001509294 -0.996492576 0.076525994
1709437546.612624645 -2.467012517 0.567647116 -0.131096856 0.033245589 -0.001922134 -0.996498168 0.076697047
1709437546.711328268 -2.473932983 0.569703023 -0.127626447 0.033782890 -0.001407563 -0.996435641 0.077283559
1709437546.814623356 -2.463350215 0.560324196 -0.128423266 0.033504429 -0.001391876 -0.996460298 0.077086904
1709437546.914463520 -2.463487581 0.550798592 -0.124525914 0.033545926 -0.001959758 -0.996487618 0.076702393
1709437547.013018370 -2.458582081 0.553290195 -0.132543467 0.033027519 -0.001803873 -0.996519601 0.076515455
1709437547.114954472 -2.451116737 0.545641837 -0.138646288 0.032796982 -0.002027375 -0.996506159 0.076783613
1709437547.214810133 -2.447775607 0.531018404 -0.141722416 0.033663139 -0.000160253 -0.996519105 0.076265600
1709437547.314648151 -2.453666434 0.540878287 -0.131774113 0.033508517 -0.001904175 -0.996531436 0.076148867
1709437547.414465427 -2.455702993 0.525101165 -0.130328796 0.033525196 -0.002212819 -0.996502563 0.076510180
1709437547.513398409 -2.452792551 0.527031582 -0.126125658 0.033285934 -0.002326108 -0.996496460 0.076690556
1709437547.614944935 -2.456774200 0.516658046 -0.128121244 0.033182809 -0.001965296 -0.996516929 0.076479082
1709437547.714793444 -2.457203166 0.504284952 -0.124855162 0.033309689 -0.002411128 -0.996504066 0.076578705
1709437547.813673258 -2.450784377 0.515597013 -0.125717116 0.033984645 -0.000833245 -0.996492062 0.076471690
1709437547.912363529 -2.445914977 0.520055704 -0.118975031 0.034001701 -0.001029602 -0.996537001 0.075873775
1709437548.011096478 -2.444824504 0.511412270 -0.121925039 0.033926249 -0.000962986 -0.996508420 0.076282709
1709437548.114940643 -2.445951757 0.508919382 -0.118034523 0.033950406 -0.001946334 -0.996485460 0.076552661
1709437548.214031219 -2.439397825 0.506822880 -0.115937082 0.033284230 -0.003048572 -0.996525797 0.076283702
1709437548.312617540 -2.448398608 0.505525977 -0.129038670 0.032750862 -0.002540839 -0.996525067 0.076542248
1709437548.413128138 -2.450849599 0.534146637 -0.130053782 0.033541845 -0.001452441 -0.996501908 0.076529624
1709437548.515107155 -2.440268506 0.541082528 -0.132786316 0.033544305 -0.000867263 -0.996496473 0.076608132
1709437548.614945650 -2.452473353 0.537042764 -0.136866288 0.033944937 0.000189550 -0.996456554 0.076954798
1709437548.714450598 -2.458142224 0.546723842 -0.127730301 0.033954632 -0.001139381 -0.996470847 0.076756997
1709437548.813515186 -2.461836608 0.556777826 -0.134701246 0.033429821 -0.000975650 -0.996441130 0.077372925
1709437548.914470911 -2.470790286 0.548557930 -0.126505853 0.033540459 -0.002308672 -0.996473630 0.076876605
1709437549.014700890 -2.474722238 0.549186564 -0.120300870 0.034547187 -0.000436354 -0.996452666 0.076735817
1709437549.113426924 -2.477289919 0.548085630 -0.121205862 0.033576493 -0.001638626 -0.996430243 0.077438398
1709437549.212151527 -2.478757343 0.540065988 -0.120513473 0.033599267 -0.002326029 -0.996439406 0.077292881
1709437549.310947180 -2.494116745 0.548017566 -0.126393145 0.033218649 -0.002016934 -0.996451370 0.077311841
1709437549.414452553 -2.482137296 0.546567994 -0.129695087 0.033682595 -0.000921211 -0.996472160 0.076862665
1709437549.513648033 -2.481103946 0.542770257 -0.138755855 0.033533951 -0.000495762 -0.996457284 0.077123982
1709437549.614288568 -2.471016167 0.533675528 -0.134935523 0.033802576 -0.000828640 -0.996466980 0.076878192
1709437549.714721203 -2.464513418 0.528218992 -0.134994635 0.033788226 -0.000797943 -0.996476689 0.076758894
1709437549.814565897 -2.459347518 0.531758248 -0.138619694 0.033095807 -0.001370743 -0.996521824 0.076465958
1709437549.914809942 -2.441057563 0.526405710 -0.138141422 0.033111032 -0.001684069 -0.996529175 0.076357233
1709437550.014605284 -2.441943236 0.513911516 -0.140180572 0.033661668 -0.000469991 -0.996494625 0.076584153
1709437550.113712549 -2.443173096 0.516104868 -0.132896363 0.033752782 -0.001476609 -0.996492532 0.076558493
1709437550.215111732 -2.439374996 0.514913215 -0.128379590 0.034070302 -0.000397017 -0.996498363 0.076354889
1709437550.314475775 -2.442327474 0.510081950 -0.125027967 0.033251840 -0.002172184 -0.996539223 0.076152304
1709437550.413222551 -2.446195440 0.509863564 -0.123829271 0.033927711 -0.000746568 -0.996522355 0.076102233
1709437550.512007952 -2.446226487 0.518633452 -0.124667332 0.033782627 -0.001082343 -0.996482169 0.076686697
1709437550.610824585 -2.440616880 0.522589770 -0.120471393 0.034216744 -0.000635788 -0.996490182 0.076394556
1709437550.714714050 -2.448718006 0.514340123 -0.122803246 0.034106534 -0.000892059 -0.996503611 0.076265998
1709437550.814713240 -2.449108983 0.522424186 -0.126468685 0.034191034 -0.000021848 -0.996488663 0.076428504
1709437550.914483786 -2.452426437 0.521709120 -0.134252566 0.033826807 -0.000617880 -0.996523715 0.076130481
1709437551.014554977 -2.453481468 0.510647729 -0.136520592 0.033967846 0.000168973 -0.996509154 0.076260496
1709437551.114479780 -2.448936971 0.522651257 -0.131516609 0.033742058 -0.001117045 -0.996495093 0.076535979
1709437551.215125322 -2.454547778 0.523448055 -0.132814680 0.034037442 -0.000100602 -0.996478537 0.076628770
1709437551.314799786 -2.446808583 0.531480220 -0.133070380 0.032973931 -0.001692957 -0.996531228 0.076389564
1709437551.414777756 -2.461081271 0.517737035 -0.145132744 0.032897508 -0.000957337 -0.996526812 0.076492818
1709437551.514642000 -2.465302667 0.518753321 -0.147383171 0.033234216 -0.000167103 -0.996525403 0.076371327
1709437551.614274502 -2.451985820 0.511339729 -0.153063560 0.033274074 0.000007891 -0.996530344 0.076289646
1709437551.713064194 -2.457648087 0.502829721 -0.155559430 0.033280049 0.000152696 -0.996517053 0.076460305
1709437551.811918259 -2.466598149 0.490201075 -0.148489209 0.033662820 -0.000279436 -0.996488957 0.076658303
1709437551.914788723 -2.470552742 0.483185843 -0.149409040 0.033585399 -0.000055361 -0.996480911 0.076797219
1709437552.014355659 -2.472729734 0.488515571 -0.140931361 0.034017961 0.000529681 -0.996469718 0.076750233
1709437552.114056110 -2.471348736 0.497037320 -0.140109219 0.033941073 0.000483161 -0.996446432 0.077086175
1709437552.214872837 -2.472628955 0.499444900 -0.131842045 0.033837625 -0.000675565 -0.996442407 0.077182178
1709437552.314945936 -2.466079275 0.503130571 -0.134727966 0.033740766 -0.000200031 -0.996492822 0.076573989
1709437552.414803505 -2.464492499 0.503494336 -0.136683758 0.033080879 -0.001573545 -0.996541292 0.076214381
1709437552.514664650 -2.463876648 0.506202348 -0.131674611 0.033226865 -0.001426672 -0.996510314 0.076558044
1709437552.614527225 -2.464929020 0.508497633 -0.126037179 0.034377226 -0.000068016 -0.996507285 0.076101468
1709437552.714752674 -2.450973892 0.520085863 -0.122968663 0.033804613 -0.001259548 -0.996497206 0.076478629
1709437552.814585924 -2.433946305 0.525515036 -0.128274871 0.034361273 0.000054614 -0.996506967 0.076112843
1709437552.914115429 -2.435225842 0.539186271 -0.129482649 0.034052427 -0.001128576 -0.996474449 0.076667011
1709437553.012966156 -2.441163085 0.549694890 -0.128841893 0.034241919 0.000131771 -0.996458859 0.076793330
1709437553.111895084 -2.450427263 0.550817623 -0.126899321 0.033582515 -0.001623078 -0.996486492 0.076708877
1709437553.214730263 -2.452540676 0.536972852 -0.126173172 0.033107114 -0.002674648 -0.996488366 0.076861579
1709437553.314014673 -2.468532261 0.540499902 -0.130326348 0.033387082 -0.001348921 -0.996459671 0.077146662
1709437553.413931370 -2.475519273 0.547159165 -0.125128863 0.034130463 -0.001099162 -0.996436308 0.077127091
1709437553.514480114 -2.474528470 0.539706152 -0.133399988 0.033989412 -0.000106507 -0.996409920 0.077536957
1709437553.614489555 -2.463829987 0.522928104 -0.130511483 0.033613203 -0.001854806 -0.996487993 0.076670667
1709437553.715121508 -2.458304337 0.513597438 -0.127268107 0.033313923 -0.002140801 -0.996474936 0.076962982
1709437553.814958334 -2.466879657 0.511364366 -0.130405971 0.033009433 -0.002271861 -0.996458916 0.077297115
1709437553.914800882 -2.472447897 0.513125708 -0.131447314 0.032822671 -0.002399548 -0.996502573 0.076808437
1709437554.014633179 -2.467399966 0.514800248 -0.136725984 0.032856631 -0.001871646 -0.996519234 0.076592131
1709437554.114485741 -2.472239947 0.507577988 -0.133792660 0.033334228 -0.001147611 -0.996483138 0.076869155
1709437554.214039803 -2.469852492 0.506998439 -0.127842158 0.033491323 -0.001495908 -0.996492370 0.076674965
1709437554.312987566 -2.465152239 0.510030118 -0.122948614 0.033383810 -0.002576006 -0.996494007 0.076671892
1709437554.411944866 -2.461941746 0.516999154 -0.117582894 0.033245745 -0.002716819 -0.996462946 0.077129352
1709437554.514660835 -2.467292344 0.523216521 -0.120782532 0.033254868 -0.002074370 -0.996465395 0.077113732
1709437554.613717794 -2.469681234 0.515776986 -0.117038596 0.032971219 -0.003096142 -0.996468757 0.077157823
1709437554.713531971 -2.463447542 0.526998790 -0.115671603 0.033876239 -0.001726503 -0.996504881 0.076337687
1709437554.814535141 -2.467217070 0.523850619 -0.113458475 0.034006514 -0.002126637 -0.996503311 0.076290136
1709437554.914819002 -2.462019355 0.527472984 -0.114716605 0.033724935 -0.002166732 -0.996482597 0.076683563
1709437555.014312506 -2.470841920 0.529013749 -0.126820363 0.034064389 -0.000224845 -0.996457634 0.076887907
1709437555.112778425 -2.458040206 0.526286495 -0.127180289 0.034149399 -0.000329379 -0.996461081 0.076805108
1709437555.215137243 -2.448709750 0.542193386 -0.137142813 0.033681819 -0.000732089 -0.996494634 0.076573128
1709437555.314981222 -2.449098803 0.558276772 -0.132857276 0.033192437 -0.002088706 -0.996498299 0.076714012
1709437555.414820194 -2.442386500 0.555429572 -0.136751944 0.033018972 -0.001537867 -0.996519597 0.076524997
1709437555.514041185 -2.447850668 0.546992625 -0.137280763 0.033472543 -0.001233723 -0.996487734 0.076748049
1709437555.613020182 -2.446771107 0.534047278 -0.124100913 0.033272910 -0.002543248 -0.996446789 0.077332028
1709437555.715149164 -2.458203667 0.531397864 -0.126521337 0.033597994 -0.001635759 -0.996516860 0.076306266
1709437555.814769268 -2.460748754 0.523772392 -0.114275012 0.033310827 -0.003282929 -0.996521070 0.076324099
1709437555.914303780 -2.465065149 0.512324235 -0.116215974 0.033629301 -0.001996956 -0.996505510 0.076432000
1709437556.012119293 -2.462677768 0.522778851 -0.116154982 0.033371886 -0.002715986 -0.996508750 0.076480398
1709437556.114054203 -2.459188704 0.515270160 -0.118856441 0.034334293 -0.000444384 -0.996441506 0.076975863
1709437556.214771986 -2.465646457 0.528300782 -0.121858800 0.033254859 -0.001886749 -0.996515433 0.076469250
1709437556.313807487 -2.462067096 0.524885548 -0.129516293 0.033429756 -0.001812204 -0.996481696 0.076833566
1709437556.412376404 -2.471023588 0.524269287 -0.132810678 0.033164762 -0.001168484 -0.996457127 0.077278248
1709437556.515079737 -2.464435218 0.504444741 -0.138301344 0.033168766 -0.001396583 -0.996492384 0.076816739
1709437556.614921331 -2.464498526 0.504865330 -0.142834513 0.033400405 -0.000689279 -0.996488668 0.076774168
1709437556.714759350 -2.456807016 0.495086284 -0.140721104 0.032960172 -0.001539106 -0.996469876 0.077194851
1709437556.814103842 -2.453292426 0.495131680 -0.147822890 0.032705175 -0.001023829 -0.996520196 0.076660433
1709437556.913131237 -2.452654866 0.487093759 -0.152151295 0.032930921 -0.000595926 -0.996541640 0.076288656
1709437557.015068531 -2.462900882 0.493221096 -0.141332753 0.033870598 0.000204518 -0.996501450 0.076404197
1709437557.114496946 -2.460216351 0.491360362 -0.145112945 0.033640035 -0.000001366 -0.996519463 0.076271279
1709437557.213183641 -2.467585285 0.501717535 -0.136782683 0.033491035 -0.001001375 -0.996508932 0.076467621
1709437557.312715769 -2.472646607 0.505925674 -0.136744003 0.033660497 -0.000102794 -0.996429379 0.077430308
1709437557.413846970 -2.473744656 0.509708309 -0.134604028 0.033719350 -0.000590884 -0.996446790 0.077178053
1709437557.514809132 -2.472498693 0.506752418 -0.130046399 0.034778730 0.001079968 -0.996421683 0.077026646
1709437557.613423824 -2.484273085 0.503469059 -0.124116107 0.034555790 0.000343439 -0.996433848 0.076976393
1709437557.711997747 -2.489583763 0.484933053 -0.125559009 0.034356328 0.000650156 -0.996426808 0.077154623
1709437557.814574242 -2.485290601 0.479936321 -0.127369993 0.033555605 -0.000689535 -0.996557281 0.075809834
1709437557.914825439 -2.474571563 0.490541193 -0.129750797 0.033660753 -0.000810857 -0.996503343 0.076468192
1709437558.014663458 -2.469553649 0.488521700 -0.130273694 0.033651911 -0.000368952 -0.996443475 0.077251621
1709437558.114209175 -2.474384231 0.493483480 -0.128390954 0.034162447 0.000120677 -0.996479629 0.076558870
1709437558.213298559 -2.462962869 0.486124237 -0.127408667 0.033810820 -0.000566564 -0.996510162 0.076315165
1709437558.314591885 -2.460229724 0.491561425 -0.132670898 0.033238975 -0.001190104 -0.996564086 0.075853657
1709437558.414217710 -2.454871318 0.506117268 -0.136768091 0.034156453 0.000872092 -0.996464927 0.076747805
1709437558.513767719 -2.451231208 0.518826643 -0.135721859 0.034135515 0.000494763 -0.996507620 0.076204235
1709437558.614880562 -2.460025588 0.537444017 -0.133636402 0.032830442 -0.002617424 -0.996523713 0.076523201
1709437558.714727402 -2.459901670 0.533512998 -0.133086713 0.033122061 -0.001747929 -0.996517404 0.076504491
1709437558.814439774 -2.457473416 0.538041000 -0.133363414 0.034510718 0.000485344 -0.996461562 0.076636355
1709437558.913048744 -2.462052715 0.532982429 -0.131656902 0.034197501 0.000355855 -0.996475279 0.076599108
1709437559.011666298 -2.463475359 0.528716960 -0.129852992 0.034251403 -0.000169881 -0.996415453 0.077350231
1709437559.114476681 -2.466483337 0.521025301 -0.130976641 0.033845778 -0.000212966 -0.996429161 0.077352087
1709437559.215108633 -2.471943957 0.514445419 -0.130220754 0.033090837 -0.002070415 -0.996485406 0.076925583
1709437559.314956188 -2.481600812 0.509239365 -0.129680520 0.032025138 -0.003960109 -0.996492312 0.077212564
1709437559.414370060 -2.488655284 0.498309646 -0.131561355 0.032131114 -0.003440474 -0.996503920 0.077043442
1709437559.513521910 -2.481639309 0.504865753 -0.138542951 0.031731528 -0.004406036 -0.996501159 0.077195444
1709437559.614485502 -2.476744588 0.503907605 -0.127898503 0.033008297 -0.002272261 -0.996491503 0.076876348
1709437559.715024710 -2.478341274 0.504810653 -0.131308539 0.034672878 0.001823393 -0.996391132 0.077454369
1709437559.812815189 -2.479087520 0.505947209 -0.131810567 0.033882807 0.000142415 -0.996456170 0.076987246
1709437559.914627314 -2.475289232 0.506109596 -0.126710277 0.033267267 -0.001734400 -0.996509714 0.076541951
1709437560.014631510 -2.474512508 0.500725492 -0.127106898 0.032993758 -0.002413056 -0.996485020 0.076962291
1709437560.114080191 -2.474004341 0.501451899 -0.128352855 0.033757535 -0.000676449 -0.996489272 0.076610067
1709437560.212702274 -2.469752225 0.508671748 -0.134183556 0.033515271 -0.000755130 -0.996500989 0.076563275
1709437560.311322689 -2.464080456 0.516364888 -0.133677570 0.033771740 -0.000154507 -0.996500230 0.076463956
1709437560.414815903 -2.463478259 0.521430910 -0.140759144 0.033875120 -0.000067585 -0.996430227 0.077325766
1709437560.514661074 -2.458043895 0.538662441 -0.141537681 0.034536159 0.001110859 -0.996417291 0.077191986
1709437560.614501715 -2.452120760 0.539975482 -0.137950197 0.033412475 -0.000697961 -0.996478037 0.076906705
1709437560.714679480 -2.447489740 0.541384355 -0.134188732 0.033312378 -0.001244929 -0.996494171 0.076733981
1709437560.814972162 -2.449736855 0.546116900 -0.123784174 0.033543374 -0.001786076 -0.996470827 0.076925570
1709437560.914807558 -2.441380271 0.556039359 -0.132097568 0.033596572 -0.000512226 -0.996449101 0.077202314
1709437561.013809919 -2.443199862 0.556961418 -0.125368821 0.034014598 -0.001012712 -0.996475247 0.076675051
1709437561.112482548 -2.437593030 0.548622736 -0.123519826 0.033538777 -0.001411077 -0.996510409 0.076420963
1709437561.211316347 -2.445114642 0.553624068 -0.123016754 0.033465285 -0.001694911 -0.996488799 0.076728583
1709437561.314943314 -2.445506544 0.543980313 -0.119562505 0.033730604 -0.001922606 -0.996507549 0.076362657
1709437561.413720131 -2.447303018 0.544811365 -0.123864895 0.033630789 -0.001180747 -0.996482473 0.076748012
1709437561.512360811 -2.450129103 0.523261467 -0.121496517 0.035060903 0.000930649 -0.996437281 0.076698184
1709437561.611005783 -2.451358798 0.529426521 -0.131699890 0.033573943 -0.000830122 -0.996495798 0.076604352
1709437561.715121269 -2.455498599 0.526615452 -0.134437767 0.033689672 -0.000663710 -0.996493051 0.076590886
1709437561.814955950 -2.449750722 0.522366769 -0.134777453 0.033190257 -0.001558867 -0.996503797 0.076656107
1709437561.914799690 -2.449784122 0.522120893 -0.137522537 0.033322088 -0.001328960 -0.996470306 0.077037668
1709437562.014653444 -2.447852442 0.516657235 -0.141722583 0.033122968 -0.001126246 -0.996496627 0.076785892
1709437562.114492655 -2.445579868 0.528100328 -0.141783622 0.033553084 -0.000269716 -0.996488481 0.076712612
1709437562.214815378 -2.450356753 0.521693282 -0.141212294 0.033523413 -0.000537877 -0.996512196 0.076415542
1709437562.313563824 -2.446656776 0.508757362 -0.137516126 0.033253121 -0.000842704 -0.996513334 0.076515977
1709437562.412389994 -2.453690770 0.522982095 -0.140106198 0.033357528 -0.000589323 -0.996505347 0.076576893
1709437562.513664484 -2.458852800 0.517668499 -0.127040049 0.033706584 -0.001383930 -0.996469819 0.076875553
1709437562.614494324 -2.462937627 0.508993969 -0.123859705 0.033058936 -0.002438519 -0.996488383 0.076889936
1709437562.713400841 -2.475146356 0.511364773 -0.118283292 0.033354263 -0.001797817 -0.996451211 0.077260893
1709437562.812049866 -2.474110671 0.519843957 -0.123805861 0.033475434 -0.001412343 -0.996438268 0.077383318
1709437562.910702467 -2.474214761 0.514785540 -0.126099696 0.033577149 -0.000688720 -0.996437411 0.077360115
1709437563.014663935 -2.476381568 0.511499978 -0.129403102 0.034564262 0.000788602 -0.996433850 0.076969291
1709437563.114482641 -2.480218546 0.496082574 -0.123569559 0.033847146 -0.001484005 -0.996435341 0.077257880
1709437563.215124607 -2.465978916 0.495076150 -0.133833139 0.033505142 0.000035935 -0.996493385 0.076670321
1709437563.314952612 -2.467164828 0.489841427 -0.141524635 0.032243770 -0.002168107 -0.996496291 0.077141299
1709437563.414794683 -2.459760760 0.491968074 -0.143519789 0.032213644 -0.002017927 -0.996565240 0.076262255
1709437563.514609098 -2.450930948 0.492924010 -0.134802336 0.033824488 -0.000495076 -0.996466855 0.076873053
1709437563.613440514 -2.454094611 0.496168651 -0.126557366 0.033834197 -0.000910371 -0.996504180 0.076379559
1709437563.714724302 -2.455785052 0.494286690 -0.126703743 0.034227129 0.000054728 -0.996481915 0.076500288
