frame,lidar_begin_time,lidar_end_time,adaptive_map,degenerate,degeneracy_mode,window_ready,pos_x,pos_y,pos_z,quat_x,quat_y,quat_z,quat_w,downsampled_points,effective_points,effective_ratio,residual_mean,residual_median,residual_mad,normal_eigen_ratio,condition_number,window_degenerate_ratio,window_normal_eigen_ratio_mean,window_residual_cv,window_path_length,window_yaw_change,window_condition_number_mean,window_recent_degenerate_streak,map_added,point_to_add,point_no_need_downsample,insert_ratio,quality_rejected,invalid_quality_rejected,direction_rejected,novel_accepted,novel_rejected,voxel_rejected,total_rejected,map_size,total_map_added,total_quality_rejected,total_direction_rejected,total_voxel_rejected
1,1706585247.583058119,1706585247.682900190,1,0,0,0,-0.088395090,-0.001238316,-0.013947432,0.000187100,-0.000386932,0.001083268,0.999999321,1078,797,0.739332096,0.037344526,0.015098766,0.010736662,0.030820620,88.742747022,0.000000000,0.030820620,0.000000000,0.000000000,0.000000000,88.742747022,0,612,577,35,0.567717996,101,0,0,0,0,365,101,1319,612,101,0,365
2,1706585247.682912350,1706585247.782312155,1,0,0,0,-0.155783312,0.040532811,0.003660157,-0.001456367,0.000553682,0.000097494,0.999998781,1036,766,0.739382239,0.022214499,0.010277200,0.007939954,0.021637075,96.299493363,0.000000000,0.026228847,0.254034175,0.081215926,0.001973017,92.521120192,0,384,369,15,0.370656371,46,0,0,0,0,606,46,1466,996,147,0,971
3,1706585247.782747984,1706585247.881081343,1,1,1,0,-0.172454256,0.059176161,0.011616621,-0.001321707,0.000371625,0.000073447,0.999999055,1059,800,0.755429651,0.027439276,0.011674948,0.008340719,0.019828020,111.078019387,0.333333333,0.024095238,0.216368088,0.107460929,0.002020481,98.706753257,1,188,182,6,0.177525968,77,117,15,13,0,661,210,1530,1184,341,15,1632
4,1706585247.882591963,1706585247.979888678,1,1,1,0,-0.215571380,0.072601283,0.007980536,-0.002708503,0.000362541,0.000019560,0.999996266,1034,784,0.758220503,0.026621868,0.012194703,0.008607692,0.016743154,112.063670045,0.500000000,0.022257217,0.194704451,0.152765911,0.002129236,102.045982454,2,149,143,6,0.144100580,61,119,0,13,0,705,180,1583,1333,521,15,2337
5,1706585247.982422352,1706585248.082259417,1,1,1,0,-0.258040549,0.057829666,0.001410985,-0.002062349,0.000204498,0.001071299,0.999997279,1028,782,0.760700389,0.025296962,0.011124723,0.008083088,0.016258267,120.122066174,0.600000000,0.021057427,0.183582257,0.198208073,0.004233830,105.661199198,3,133,128,5,0.129377432,48,120,0,12,0,727,168,1629,1466,689,15,3064
6,1706585248.083070040,1706585248.182895422,1,0,0,0,-0.229399748,0.055970943,0.013888196,0.000289440,0.001087559,0.000334094,0.999999311,1035,799,0.771980676,0.025173405,0.012760402,0.008782646,0.021230277,108.161016511,0.500000000,0.021086235,0.173927940,0.229503938,0.005706762,106.077835417,0,221,207,14,0.213526570,46,0,0,0,0,768,46,1742,1687,735,15,3832
7,1706585248.182907343,1706585248.282731533,1,0,0,0,-0.241655963,0.046615364,0.005781565,-0.001600413,0.000403188,0.000994160,0.999998144,1034,792,0.765957447,0.028422886,0.012723709,0.009381283,0.020111464,118.198415838,0.428571429,0.020946982,0.160709801,0.246924016,0.007024970,107.809346906,0,203,195,8,0.196324952,58,0,0,0,0,773,58,1829,1890,793,15,4605
8,1706585248.282743216,1706585248.382568836,1,0,0,0,-0.237845423,0.053663520,0.005862957,-0.001818838,0.000751612,0.000368464,0.999997996,1037,821,0.791706847,0.025095260,0.011570577,0.008798223,0.020167655,121.356565468,0.375000000,0.020849566,0.154783790,0.254936714,0.008277804,109.502749226,0,194,187,7,0.187078110,52,0,0,0,0,791,52,1911,2084,845,15,5396
9,1706585248.382580996,1706585248.482402802,1,0,0,0,-0.255792708,0.050028233,0.000863124,-0.001923472,0.000732299,0.000957618,0.999997423,1050,831,0.791428571,0.024721003,0.012912963,0.009363618,0.020495969,130.701649483,0.333333333,0.020810278,0.150240085,0.273918776,0.009456028,111.858182588,0,165,160,5,0.157142857,52,0,0,0,0,833,52,1970,2249,897,15,6229
10,1706585248.482415676,1706585248.582250834,1,0,0,0,-0.268163488,0.060555369,-0.003207275,-0.000646652,0.000115635,0.000503340,0.999999658,1068,845,0.791198502,0.023559655,0.010605249,0.008347875,0.022391958,125.811727269,0.300000000,0.020968446,0.149247066,0.290664669,0.010361914,113.253537056,0,177,172,5,0.165730337,44,0,0,0,0,847,44,2027,2426,941,15,7076
11,1706585248.583061695,1706585248.682876110,1,0,0,0,-0.247361632,0.056969778,-0.012558715,-0.000160953,-0.000375512,0.000575917,0.999999751,1052,826,0.785171103,0.025407018,0.010669638,0.007900317,0.025879730,108.975122538,0.272727273,0.021414926,0.143453826,0.313751962,0.010507338,112.864590282,0,150,143,7,0.142585551,55,0,0,0,0,847,55,2087,2576,996,15,7923
12,1706585248.682901382,1706585248.781720161,1,0,0,0,-0.234065641,0.059911520,-0.002907031,0.000463784,0.000077937,0.000335220,0.999999833,1032,816,0.790697674,0.021116327,0.010812841,0.007223737,0.020109142,127.517403245,0.250000000,0.021306111,0.150869856,0.330443044,0.010988780,114.085658029,0,130,127,3,0.125968992,37,0,0,0,0,865,37,2129,2706,1033,15,8788
13,1706585248.782743931,1706585248.882579803,1,1,1,0,-0.225986370,0.054357989,-0.002274390,0.000648136,-0.000045579,0.000680756,0.999999557,1074,829,0.771880819,0.021819979,0.011204154,0.008014425,0.019971673,126.687374261,0.307692308,0.021203462,0.153140196,0.340267328,0.011679720,115.055020816,1,78,77,1,0.072625698,37,64,0,2,0,895,101,2150,2784,1134,15,9683
14,1706585248.882591724,1706585248.982414961,1,0,0,0,-0.203296001,0.048904880,0.000217037,-0.000617811,0.000158256,0.000421961,0.999999708,1094,895,0.818098720,0.021965481,0.011187456,0.007736500,0.026230785,117.207971317,0.285714286,0.021562556,0.153863189,0.363736382,0.012197447,115.208802994,0,140,137,3,0.127970750,52,0,0,0,0,901,53,2185,2924,1186,15,10584
15,1706585248.982426643,1706585249.082124949,1,1,1,0,-0.207317126,0.049371939,0.010725745,0.001214150,0.000601762,0.000420775,0.999998993,1034,810,0.783365571,0.023332919,0.010835863,0.007383927,0.019039144,127.787101422,0.333333333,0.021394329,0.150912542,0.374997845,0.012198162,116.047356223,1,69,67,2,0.066731141,40,47,0,3,0,876,89,2195,2993,1273,15,11460
16,1706585249.083060741,1706585249.180954933,1,1,1,0,-0.200953704,0.049351653,0.015091486,0.000810724,0.000725367,0.000438766,0.999999312,1043,825,0.790987536,0.022818561,0.012821573,0.007847014,0.017542569,133.234543301,0.375000000,0.021153594,0.148953271,0.382714919,0.012233861,117.121555415,2,77,73,4,0.073825503,25,51,0,3,0,888,78,2216,3070,1349,15,12348
17,1706585249.182913065,1706585249.279791832,1,1,1,0,-0.202461944,0.051229928,0.008843620,-0.000620320,0.000417492,0.000330832,0.999999666,1036,824,0.795366795,0.021035155,0.011181432,0.007185868,0.017961970,127.906489635,0.411764706,0.020965851,0.150991795,0.389411077,0.012451423,117.755963311,3,68,66,2,0.065637066,33,55,0,1,0,879,89,2226,3138,1437,15,13227
18,1706585249.282751322,1706585249.382578373,1,0,0,0,-0.172334786,0.039304271,0.010712731,-0.000294710,0.000598837,0.000445919,0.999999678,1015,809,0.797044335,0.023065003,0.010322017,0.007358145,0.026483461,103.190490134,0.388888889,0.021272385,0.148319056,0.421866593,0.012681762,116.946770356,0,120,120,0,0.118226601,41,0,0,0,0,854,41,2253,3258,1478,15,14081
19,1706585249.382590294,1706585249.482421160,1,1,1,0,-0.184466333,0.043212749,0.010426331,-0.000780115,0.000827140,0.000334972,0.999999298,1055,838,0.794312796,0.024151140,0.010883183,0.007566233,0.019010172,140.678241180,0.421052632,0.021153321,0.144682378,0.434615424,0.012904595,118.195795136,1,83,82,1,0.078672986,53,46,0,1,0,872,100,2270,3341,1577,15,14953
20,1706585249.482433319,1706585249.582276106,1,0,0,1,-0.178255951,0.046015184,0.009931992,-0.000313889,0.000482471,0.000238675,0.999999806,1058,834,0.788279773,0.023518693,0.011317742,0.007910663,0.021945052,124.709589117,0.400000000,0.021192908,0.141804848,0.441446738,0.013096202,118.521484835,0,137,135,2,0.129489603,38,0,0,0,0,883,38,2298,3478,1615,15,15836
21,1706585249.583084822,1706585249.682927847,1,0,0,1,-0.144962315,0.036650514,0.009753285,-0.000896282,0.000623827,0.000194233,0.999999385,1055,824,0.781042654,0.022242824,0.011070733,0.007771766,0.020937930,124.527562309,0.400000000,0.020698773,0.083718606,0.394816867,0.011212884,120.310725600,0,155,152,3,0.146919431,28,0,0,0,0,872,28,2338,3633,1643,15,16708
22,1706585249.682939768,1706585249.782773495,1,1,1,1,-0.117380813,0.027011981,0.002429763,-0.001290742,0.000272087,0.000232893,0.999999103,1060,850,0.801886792,0.021590960,0.011346118,0.008370309,0.015755978,147.675877121,0.450000000,0.020404718,0.085138711,0.398692863,0.011243156,122.879544788,1,93,93,0,0.087735849,37,49,0,1,0,880,87,2344,3726,1729,15,17588
23,1706585249.782784224,1706585249.882617235,1,0,0,1,-0.110862622,0.023845463,-0.000572311,-0.000627300,0.000115789,0.000403920,0.999999715,1079,867,0.803521779,0.022562481,0.010851798,0.008008690,0.022776251,118.748299054,0.400000000,0.020552130,0.079699375,0.361231738,0.011477013,123.263058771,0,167,163,4,0.154772938,37,0,0,0,0,875,37,2377,3893,1766,15,18463
24,1706585249.882628918,1706585249.982468128,1,0,0,1,-0.132698793,0.033202748,-0.002159600,-0.000806694,0.000122435,0.000349365,0.999999606,1053,852,0.809116809,0.021589150,0.011526363,0.008333702,0.022374909,117.833276728,0.350000000,0.020833718,0.077328719,0.339599167,0.009481582,123.551539105,0,144,143,1,0.136752137,29,0,0,0,0,880,29,2397,4037,1795,15,19343
25,1706585249.982479811,1706585250.082305431,1,0,0,1,-0.151015614,0.035416373,-0.006212050,-0.001230745,0.000094302,0.000387599,0.999999163,1040,827,0.795192308,0.022522258,0.011237185,0.008348920,0.025529247,110.750008842,0.300000000,0.021297267,0.075942876,0.327193205,0.008085082,123.082936239,0,113,112,1,0.108653846,30,0,0,0,0,897,30,2419,4150,1825,15,20240
26,1706585250.082729578,1706585250.182567358,1,0,0,1,-0.186197857,0.039252602,0.010275830,0.000621908,0.000901123,0.000727621,0.999999136,1085,884,0.814746544,0.024416082,0.011934831,0.008524801,0.032908100,105.580296018,0.300000000,0.021881158,0.074645730,0.348816142,0.007448275,122.953900214,0,101,98,3,0.093087558,39,0,0,0,0,945,39,2444,4251,1864,15,21185
27,1706585250.182579517,1706585250.282404423,1,0,0,1,-0.208364262,0.042130763,0.011096488,-0.002081575,0.000568174,0.000585668,0.999997501,1044,818,0.783524904,0.022313775,0.010987189,0.007394369,0.024489718,121.167155649,0.300000000,0.022100071,0.055521712,0.363170983,0.006482838,123.102337205,0,104,102,2,0.099616858,28,0,0,0,0,912,28,2466,4355,1892,15,22097
28,1706585250.282415628,1706585250.381999969,1,0,0,1,-0.223019511,0.047699680,0.016015742,-0.000359274,0.000897280,0.000740279,0.999999259,1052,828,0.787072243,0.021094667,0.010870951,0.007859718,0.026151520,114.473865337,0.300000000,0.022399264,0.054236441,0.360620239,0.005615561,122.758202198,0,75,72,3,0.071292776,27,0,0,0,0,949,28,2483,4430,1919,15,23046
29,1706585250.383060694,1706585250.480866194,1,0,0,1,-0.245738251,0.059354424,0.012435459,-0.001603738,0.000596740,0.000454570,0.999998433,1029,818,0.794946550,0.021363292,0.009995080,0.006607142,0.023301501,121.507165230,0.300000000,0.022539541,0.052273662,0.369657920,0.005282367,122.298477985,0,69,66,3,0.067055394,29,0,0,0,0,928,32,2500,4499,1948,15,23974
30,1706585250.482900381,1706585250.579788923,1,0,0,1,-0.256113439,0.063607471,0.009165243,-0.000923879,0.000426356,0.000606960,0.999999298,1027,815,0.793573515,0.020538460,0.010683093,0.007593909,0.030743738,101.874682660,0.300000000,0.022957130,0.055133289,0.358250834,0.005442850,121.101625755,0,75,73,2,0.073028238,28,0,0,0,0,924,28,2528,4574,1976,15,24898
31,1706585250.582746983,1706585250.682582378,1,0,0,1,-0.262833040,0.066407922,0.008842634,-0.000412525,0.000523150,0.000597630,0.999999599,1024,810,0.791015625,0.022551375,0.011041242,0.007707035,0.025273420,114.001697433,0.300000000,0.022926814,0.046288387,0.348846702,0.004979712,121.352954500,0,81,80,1,0.079101562,31,0,0,0,0,912,31,2560,4655,2007,15,25810
32,1706585250.682593584,1706585250.782428503,1,0,0,1,-0.262233766,0.060806454,0.007635400,-0.000910305,0.000398273,0.000832704,0.999999160,1063,839,0.789275635,0.022350856,0.010605240,0.007345601,0.028791353,110.121811212,0.300000000,0.023360925,0.044586070,0.344783753,0.004758627,120.483174898,0,71,69,2,0.066792098,29,0,0,0,0,963,29,2581,4726,2036,15,26773
33,1706585250.782440662,1706585250.882261753,1,0,0,1,-0.247664090,0.061514618,0.008447166,-0.000397343,0.000462454,0.000446312,0.999999715,1072,836,0.779850746,0.022682377,0.011422602,0.008259441,0.029465091,111.720365965,0.250000000,0.023835596,0.044282037,0.335924146,0.005013325,119.734824483,0,92,89,3,0.085820896,27,0,0,0,0,953,27,2609,4818,2063,15,27726
34,1706585250.883071661,1706585250.982899666,1,0,0,1,-0.256246486,0.065919973,0.004881574,-0.001620633,0.000328801,0.000357438,0.999998569,1083,839,0.774699908,0.020054876,0.010258297,0.007206809,0.029660958,109.185260218,0.250000000,0.024007104,0.049881639,0.334947532,0.005191058,119.333688928,0,72,68,4,0.066481994,30,0,0,0,0,981,30,2634,4890,2093,15,28707
35,1706585250.982911825,1706585251.082731009,1,0,0,1,-0.250587014,0.061634309,0.004803167,-0.001467971,0.000268091,0.000686756,0.999998651,1079,840,0.778498610,0.022676878,0.010468454,0.007295218,0.029911504,116.157862026,0.200000000,0.024550722,0.048975859,0.334329943,0.005814274,118.752226958,0,68,68,0,0.063021316,29,0,0,0,0,982,29,2647,4958,2122,15,29689
36,1706585251.082742929,1706585251.182578087,1,1,1,1,-0.254942449,0.061494752,0.010959043,-0.000618649,0.000735010,0.000581248,0.999999370,1046,818,0.782026769,0.020838126,0.010319074,0.007204376,0.019222182,131.005579506,0.200000000,0.024634703,0.050725083,0.335175940,0.005807848,118.640778769,1,36,35,1,0.034416826,20,26,0,0,0,964,46,2655,4994,2168,15,30653
37,1706585251.182590008,1706585251.282416821,1,0,0,1,-0.252840064,0.067916719,0.008811147,-0.000399313,0.000337628,0.000430941,0.999999770,1047,826,0.788920726,0.020665307,0.010965582,0.007875074,0.023465376,123.206064846,0.150000000,0.024909873,0.051723389,0.309810920,0.005877485,118.405757529,0,71,71,0,0.067812798,25,0,0,0,0,951,25,2670,5065,2193,15,31604
38,1706585251.282428980,1706585251.382248402,1,0,0,1,-0.249152523,0.058228638,0.010110604,-0.001838046,0.000759937,0.000858779,0.999997653,1046,823,0.786806883,0.022314229,0.011466506,0.008085843,0.025061048,118.046440627,0.150000000,0.024838753,0.050960382,0.307509359,0.006507803,119.148555054,0,63,62,1,0.060229446,28,0,0,0,0,955,28,2678,5128,2221,15,32559
39,1706585251.383057833,1706585251.482875824,1,0,0,1,-0.258288018,0.061363065,0.008290104,-0.000627036,0.000377599,0.000695889,0.999999490,1092,828,0.758241758,0.019324981,0.009963092,0.007185456,0.030368276,111.252605441,0.100000000,0.025406658,0.053853441,0.310506377,0.006639653,117.677273267,0,68,67,1,0.062271062,27,0,0,0,0,997,27,2692,5196,2248,15,33556
40,1706585251.482887268,1706585251.582726240,1,0,0,1,-0.238919953,0.057261804,0.012784176,-0.001302883,0.000855814,0.000491250,0.999998664,1056,800,0.757575758,0.018704046,0.009850401,0.007127962,0.024275714,114.419953310,0.100000000,0.025523191,0.060107264,0.296221528,0.006960989,117.162791477,0,70,68,2,0.066287879,21,0,0,0,0,964,22,2709,5266,2269,15,34520
41,1706585251.582737684,1706585251.681913853,1,0,0,1,-0.223542168,0.054542531,0.010475021,0.000802486,0.000295632,0.000624391,0.999999439,1026,792,0.771929825,0.020172465,0.010871506,0.007197550,0.020869971,121.435740795,0.100000000,0.025519793,0.061716492,0.281886692,0.007152240,117.008200401,0,55,52,3,0.053606238,18,0,0,0,0,952,19,2723,5321,2287,15,35472
42,1706585251.682576180,1706585251.780843496,1,0,0,1,-0.216803419,0.052892576,0.005928744,-0.001795554,0.000355301,0.000472188,0.999998213,1038,798,0.768786127,0.020629253,0.010435262,0.007130807,0.021993763,119.475625732,0.050000000,0.025831682,0.062496044,0.282337515,0.007115785,115.598187831,0,44,41,3,0.042389210,20,0,0,0,0,974,20,2731,5365,2307,15,36446
43,1706585251.782402992,1706585251.879868746,1,0,0,1,-0.202989419,0.049554401,0.008806476,-0.000886446,0.000393586,0.000546162,0.999999381,1044,808,0.773946360,0.020992468,0.010792271,0.007562572,0.023100533,122.401708834,0.050000000,0.025847896,0.061764827,0.273027970,0.007155149,115.780858321,0,57,57,0,0.054597701,16,0,0,0,0,971,16,2747,5422,2323,15,37417
44,1706585251.883025408,1706585251.982850790,1,0,0,1,-0.190118452,0.048502899,0.013913282,0.000007252,0.000706255,0.000410895,0.999999666,1047,816,0.779369628,0.021360505,0.011162038,0.007555768,0.025127059,115.463237068,0.050000000,0.025985504,0.061761093,0.268025001,0.007348542,115.662356338,0,57,54,3,0.054441261,30,0,0,0,0,960,30,2761,5479,2353,15,38377
45,1706585251.982862234,1706585252.082695484,1,0,0,1,-0.195180050,0.049375381,0.012451438,-0.001671250,0.000637585,0.000477319,0.999998286,1052,805,0.765209125,0.020133809,0.011087041,0.007548125,0.023543627,133.394555423,0.050000000,0.025886223,0.062067899,0.234322209,0.006797847,116.794583667,0,68,67,1,0.064638783,21,0,0,0,0,962,22,2774,5547,2374,15,39339
46,1706585252.082707644,1706585252.182542324,1,0,0,1,-0.201823329,0.048792182,0.010845415,-0.000815834,0.000464681,0.000413843,0.999999474,1086,858,0.790055249,0.021396833,0.011215427,0.007991303,0.026772825,122.219155903,0.050000000,0.025579459,0.052345930,0.218814159,0.006636030,117.626526661,0,54,54,0,0.049723757,29,0,0,0,0,1002,30,2784,5601,2403,15,40341
47,1706585252.182554722,1706585252.282386065,1,0,0,1,-0.198722279,0.048745583,0.012665190,-0.001526723,0.000730316,0.000424297,0.999998478,1079,835,0.773864690,0.020198888,0.011173701,0.007568386,0.028844538,115.882528348,0.050000000,0.025797200,0.051684172,0.205978708,0.006344518,117.362295296,0,57,54,3,0.052826691,12,0,0,0,0,1010,12,2797,5658,2415,15,41351
48,1706585252.282398701,1706585252.382223368,1,0,0,1,-0.204039479,0.050973231,0.009330144,-0.002281177,0.000581023,0.000486264,0.999997111,1055,837,0.793364929,0.021767754,0.010907806,0.007929857,0.030565743,108.990962901,0.050000000,0.026017911,0.052205479,0.186855281,0.005895338,117.088150174,0,53,53,0,0.050236967,22,0,0,0,0,980,22,2804,5711,2437,15,42331
49,1706585252.383033037,1706585252.482854366,1,0,0,1,-0.205035964,0.051277530,0.005394223,-0.001884176,0.000447940,0.000322549,0.999998073,1063,829,0.779868297,0.021098566,0.011149957,0.008158202,0.025619548,120.374484247,0.050000000,0.026133813,0.052122575,0.179246568,0.005915896,117.031516125,0,59,59,0,0.055503293,22,0,0,0,0,982,22,2814,5770,2459,15,43313
50,1706585252.482866049,1706585252.582703352,1,0,0,1,-0.213268248,0.053639106,0.004504625,-0.002122042,0.000572753,0.000395272,0.999997506,1052,809,0.769011407,0.018759596,0.010595076,0.007424944,0.022906064,124.026489996,0.050000000,0.025741930,0.057266241,0.180570014,0.006042294,118.139106492,0,64,64,0,0.060836502,10,0,0,0,0,978,10,2827,5834,2469,15,44291
51,1706585252.582715511,1706585252.682533026,1,0,0,1,-0.233574677,0.058344205,0.005131961,0.000456154,0.000331558,0.000612545,0.999999653,1043,809,0.775647172,0.020820503,0.011513695,0.008101223,0.024119498,124.063319656,0.050000000,0.025684233,0.054679668,0.195662517,0.006009721,118.642187603,0,43,42,1,0.041227229,22,0,0,0,0,978,22,2841,5877,2491,15,45269
52,1706585252.682545185,1706585252.782381058,1,0,0,1,-0.223816232,0.055412277,0.006443991,-0.000670070,0.000393940,0.000584934,0.999999527,1104,850,0.769927536,0.020437785,0.010144203,0.007089323,0.025019962,128.953435584,0.050000000,0.025495664,0.052470436,0.191326575,0.005293349,119.583768821,0,56,56,0,0.050724638,28,0,0,0,0,1020,28,2851,5933,2519,15,46289
53,1706585252.782392740,1706585252.882232904,1,0,0,1,-0.220571530,0.054813675,0.007831308,-0.001220526,0.000533964,0.000419937,0.999999024,1018,782,0.768172888,0.018230241,0.009792178,0.006952845,0.028054128,103.199993737,0.050000000,0.025425116,0.054839787,0.184620980,0.005445669,119.157750210,0,43,42,1,0.042239686,14,0,0,0,0,961,14,2858,5976,2533,15,47250
54,1706585252.883044481,1706585252.981889248,1,0,0,1,-0.206577217,0.046777652,0.007602704,-0.000534308,0.000384023,0.000750399,0.999999502,1040,801,0.770192308,0.019584030,0.009962788,0.007371371,0.024284786,122.576492995,0.050000000,0.025156307,0.055609654,0.193660600,0.005448571,119.827311849,0,44,43,1,0.042307692,19,0,0,0,0,977,19,2867,6020,2552,15,48227
55,1706585252.982873678,1706585253.080931902,1,0,0,1,-0.181816029,0.039337967,0.009988855,-0.000067845,0.000384195,0.000632256,0.999999724,1020,789,0.773529412,0.020248974,0.010811934,0.007617111,0.034650923,95.020851508,0.050000000,0.025393278,0.050342331,0.212083018,0.005473362,118.770461323,0,54,54,0,0.052941176,17,0,0,0,0,949,17,2878,6074,2569,15,49176
56,1706585253.082717657,1706585253.182548285,1,0,0,1,-0.156430362,0.032334952,0.011130914,-0.000560870,0.000474842,0.000718014,0.999999472,1052,800,0.760456274,0.021626546,0.011644741,0.008352305,0.025856719,121.077453472,0.000000000,0.025725005,0.051780472,0.231351175,0.005344421,118.274055021,0,57,53,4,0.054182510,19,0,0,0,0,976,19,2891,6131,2588,15,50152
57,1706585253.182559252,1706585253.282391310,1,0,0,1,-0.165362299,0.038228310,0.011912904,-0.001197970,0.000662607,0.000514896,0.999998930,1070,815,0.761682243,0.020874569,0.010410402,0.007139797,0.030599793,113.704644919,0.000000000,0.026081726,0.051918982,0.231633428,0.004898562,117.798984025,0,57,52,5,0.053271028,22,0,0,0,0,991,22,2903,6188,2610,15,51143
58,1706585253.282403469,1706585253.382231236,1,0,0,1,-0.180098362,0.047431446,0.013338852,-0.001145208,0.000702356,0.000313636,0.999999048,1073,829,0.772600186,0.019078274,0.010017420,0.006811557,0.027061833,113.208326826,0.000000000,0.026181765,0.049683197,0.239237325,0.004977646,117.557078335,0,64,63,1,0.059645853,18,0,0,0,0,991,18,2914,6252,2628,15,52134
59,1706585253.383042574,1706585253.482867002,1,0,0,1,-0.190972346,0.044467091,0.015154754,-0.001542104,0.000683832,0.000703117,0.999998330,1088,837,0.769301471,0.021153325,0.011638519,0.008075311,0.028895985,112.361008897,0.000000000,0.026108150,0.049108742,0.230352266,0.005345070,117.612498508,0,57,56,1,0.052389706,20,0,0,0,0,1011,20,2927,6309,2648,15,53145
60,1706585253.482879639,1706585253.582706213,1,0,0,1,-0.200448759,0.049863880,0.010942463,-0.001751643,0.000480088,0.000405391,0.999998268,1058,818,0.773156900,0.020410069,0.010928439,0.007833062,0.025719176,117.996313580,0.000000000,0.026180324,0.045223869,0.226256747,0.005671109,117.791316521,0,43,40,3,0.040642722,18,0,0,0,0,997,18,2937,6352,2666,15,54142
61,1706585253.582718611,1706585253.682549477,1,0,0,1,-0.204826366,0.054629610,0.007467329,-0.001633637,0.000451136,0.000225901,0.999998538,1055,806,0.763981043,0.019862930,0.009754037,0.007338375,0.028720622,110.238999043,0.000000000,0.026572856,0.045603497,0.225307282,0.005723722,117.231479433,0,50,49,1,0.047393365,12,0,0,0,0,993,12,2949,6402,2678,15,55135
62,1706585253.682561398,1706585253.781629324,1,0,0,1,-0.198135799,0.056926018,0.008376878,-0.001819031,0.000638795,0.000192890,0.999998123,1039,822,0.791145332,0.019688902,0.010755293,0.007592208,0.030386127,103.616009750,0.000000000,0.026992474,0.046324921,0.217939167,0.005642067,116.438498634,0,53,50,3,0.051010587,17,0,0,0,0,969,17,2961,6455,2695,15,56104
63,1706585253.782391071,1706585253.880132198,1,0,0,1,-0.210668430,0.056559469,0.005661633,-0.000827337,0.000252174,0.000515746,0.999999493,1051,802,0.763082778,0.019691499,0.010397157,0.007769504,0.025596368,119.868124596,0.000000000,0.027117266,0.046512917,0.216880864,0.006019861,116.311819422,0,43,41,2,0.040913416,17,0,0,0,0,991,17,2971,6498,2712,15,57095
64,1706585253.883015156,1706585253.982848883,1,0,0,1,-0.221230139,0.054371015,0.006486916,-0.001817196,0.000597810,0.000503137,0.999998044,1060,798,0.752830189,0.021548722,0.011238305,0.007976515,0.025919700,119.212057769,0.000000000,0.027156898,0.047040910,0.222358224,0.005916129,116.499260457,0,47,47,0,0.044339623,23,0,0,0,0,990,23,2982,6545,2735,15,58085
65,1706585253.982860804,1706585254.082693100,1,0,0,1,-0.227934421,0.052974335,0.005717221,-0.000697338,0.000400909,0.000629972,0.999999478,1041,786,0.755043228,0.019866565,0.009886386,0.006980669,0.025656149,114.590690228,0.000000000,0.027262524,0.047293943,0.222390074,0.006045832,115.559067198,0,42,40,2,0.040345821,17,0,0,0,0,982,17,2992,6587,2752,15,59067
66,1706585254.082704782,1706585254.182529688,1,0,0,1,-0.226270020,0.054137888,0.007026849,-0.000226202,0.000343366,0.000524187,0.999999778,1048,796,0.759541985,0.019320527,0.010239608,0.007401726,0.023942036,118.502257214,0.000000000,0.027120985,0.047035185,0.221210653,0.006237561,115.373222263,0,45,45,0,0.042938931,22,0,0,0,0,981,22,2999,6632,2774,15,60048
67,1706585254.182541609,1706585254.282031059,1,0,0,1,-0.226502860,0.053945030,0.012118242,-0.000518810,0.000562055,0.000530652,0.999999567,1032,797,0.772286822,0.020242438,0.010192244,0.007633845,0.024522159,128.440454223,0.000000000,0.026904866,0.047030817,0.219650868,0.006126552,116.001118557,0,33,32,1,0.031976744,14,0,0,0,0,985,14,3006,6665,2788,15,61033
68,1706585254.282768011,1706585254.381263733,1,0,0,1,-0.236952164,0.058864495,0.011188825,-0.001202724,0.000597503,0.000414730,0.999999012,1043,783,0.750719080,0.019210505,0.009799862,0.007292213,0.028738441,110.994533078,0.000000000,0.026813501,0.045014188,0.227166129,0.006032788,116.101297066,0,34,32,2,0.032598274,21,0,0,0,0,986,23,3015,6699,2809,15,62019
69,1706585254.382598162,1706585254.482407570,1,0,0,1,-0.217786539,0.054155430,0.016182175,-0.000267082,0.000725343,0.000579844,0.999999533,1061,810,0.763430726,0.020810143,0.011442142,0.007696734,0.027893459,117.580294182,0.000000000,0.026927196,0.044346819,0.238913287,0.006219365,115.961587563,0,52,49,3,0.049010368,21,0,0,0,0,987,22,3029,6751,2830,15,63006
70,1706585254.482419491,1706585254.582247257,1,0,0,1,-0.205119292,0.050149005,0.015286788,-0.002009515,0.000832821,0.000486113,0.999997516,1067,794,0.744142455,0.018330321,0.009591412,0.006826152,0.023170103,123.136528442,0.000000000,0.026940398,0.046183120,0.231375315,0.005972507,115.917089485,0,52,50,2,0.048734770,16,0,0,0,0,999,16,3041,6803,2846,15,64005
71,1706585254.583057165,1706585254.682886839,1,0,0,1,-0.204104536,0.047986739,0.012927647,-0.001427817,0.000580843,0.000609947,0.999998626,1060,807,0.761320755,0.020263927,0.011786348,0.008043961,0.029533828,114.816375114,0.000000000,0.027211115,0.045484205,0.224458993,0.006165812,115.454742258,0,39,39,0,0.036792453,21,0,0,0,0,1000,21,3051,6842,2867,15,65005
72,1706585254.682898521,1706585254.782711267,1,0,0,1,-0.204940367,0.043878482,0.012651758,-0.001328125,0.000663926,0.000802605,0.999998576,1069,826,0.772684752,0.020520808,0.010406763,0.007537273,0.030208340,105.419696052,0.000000000,0.027470534,0.045577798,0.225081227,0.006220254,114.278055281,0,33,33,0,0.030869972,18,0,0,0,0,1017,19,3056,6875,2885,15,66022
73,1706585254.782723427,1706585254.882548094,1,0,0,1,-0.199527214,0.040363232,0.012226759,-0.002241870,0.000691132,0.000756576,0.999996962,1064,808,0.759398496,0.021620878,0.010590975,0.007946006,0.032278962,105.685182742,0.000000000,0.027681775,0.043438178,0.215410494,0.005651832,114.402314731,0,40,40,0,0.037593985,18,0,0,0,0,1006,18,3063,6915,2903,15,67028
74,1706585254.882559299,1706585254.982373238,1,0,0,1,-0.188301548,0.045676333,0.016490438,-0.001958690,0.000985107,0.000223403,0.999997572,1034,806,0.779497099,0.019658187,0.010348275,0.007464555,0.032252226,98.365673034,0.000000000,0.028080147,0.043309025,0.202576936,0.006483007,113.191773733,0,34,33,1,0.032882012,17,0,0,0,0,983,17,3068,6949,2920,15,68011
75,1706585254.982384682,1706585255.081147909,1,0,0,1,-0.189020896,0.050152614,0.007203495,-0.002158998,0.000355991,0.000397651,0.999997527,1049,813,0.775023832,0.020383358,0.011547684,0.008182758,0.025383744,120.248282180,0.000000000,0.027616788,0.043336941,0.186552781,0.006662787,114.453145267,0,45,45,0,0.042897998,17,0,0,0,0,987,17,3079,6994,2937,15,68998
76,1706585255.083032370,1706585255.182860851,1,0,0,1,-0.185386332,0.054939524,0.005634786,-0.000974502,0.000294243,0.000107771,0.999999476,1047,777,0.742120344,0.018684730,0.010262646,0.007504185,0.027011365,118.091539732,0.000000000,0.027674521,0.043478024,0.182034974,0.006834289,114.303849580,0,42,41,1,0.040114613,10,0,0,0,0,995,10,3083,7036,2947,15,69993
77,1706585255.182872772,1706585255.282686234,1,0,0,1,-0.204843885,0.056042502,0.007529255,-0.000372347,0.000380136,0.000546066,0.999999709,1040,799,0.768269231,0.021450506,0.010811408,0.007838746,0.026322439,110.529554539,0.000000000,0.027460653,0.045166941,0.184183397,0.007308630,114.145095061,0,38,38,0,0.036538462,17,0,0,0,0,985,17,3086,7074,2964,15,70978
78,1706585255.282698154,1706585255.382530928,1,0,0,1,-0.214490703,0.049069048,0.007264790,-0.001968382,0.000696699,0.000684388,0.999997586,1068,810,0.758426966,0.020029911,0.010502082,0.007285435,0.023219732,123.247680602,0.000000000,0.027268548,0.043578856,0.184673554,0.006804353,114.647062750,0,40,40,0,0.037453184,24,0,0,0,0,1004,24,3095,7114,2988,15,71982
79,1706585255.382541656,1706585255.482369423,1,0,0,1,-0.235801572,0.056058352,0.005862169,-0.001375519,0.000330528,0.000496223,0.999998876,1043,819,0.785234899,0.019760583,0.010314956,0.007561882,0.027705183,119.654989482,0.000000000,0.027209008,0.042305659,0.195454468,0.006583824,115.011761779,0,35,35,0,0.033557047,19,0,0,0,0,989,19,3101,7149,3007,15,72971
80,1706585255.482780933,1706585255.582360744,1,0,0,1,-0.242876395,0.058690965,0.006565748,0.000285380,0.000247911,0.000775087,0.999999628,1069,813,0.760523854,0.020578094,0.011594294,0.008054663,0.028540508,109.727937648,0.000000000,0.027350074,0.042495505,0.195690730,0.006783832,114.598342982,0,30,28,2,0.028063611,15,0,0,0,0,1024,15,3110,7179,3022,15,73995
81,1706585255.582622528,1706585255.682438374,1,0,0,1,-0.227168744,0.055422554,0.011127291,-0.001386195,0.000782809,0.000575435,0.999998567,1066,811,0.760787992,0.019037631,0.009893052,0.007336507,0.030655959,107.771646636,0.000000000,0.027446841,0.044020001,0.205238742,0.007118577,114.474975362,0,37,36,1,0.034709193,19,0,0,0,0,1010,19,3119,7216,3041,15,75005
82,1706585255.682449341,1706585255.782279015,1,0,0,1,-0.221691867,0.055515763,0.008039439,-0.000522444,0.000333667,0.000427652,0.999999716,1066,807,0.757035647,0.020602668,0.010012828,0.007446357,0.027414983,117.322905230,0.000000000,0.027298284,0.044146360,0.198698172,0.006764701,115.160320136,0,37,37,0,0.034709193,15,0,0,0,0,1014,15,3123,7253,3056,15,76019
83,1706585255.783091068,1706585255.882911444,1,0,0,1,-0.217844151,0.056170434,0.009766084,-0.000595812,0.000451197,0.000531991,0.999999579,1063,815,0.766698024,0.020734772,0.010541878,0.007447529,0.026903210,121.577118909,0.000000000,0.027363626,0.044342024,0.192148470,0.006946216,115.245769852,0,31,31,0,0.029162747,20,0,0,0,0,1012,20,3131,7284,3076,15,77031
84,1706585255.882922649,1706585255.982754707,1,0,0,1,-0.217278381,0.054971528,0.011577352,-0.000498685,0.000532312,0.000501214,0.999999608,1070,815,0.761682243,0.020839836,0.009341855,0.006616510,0.028352655,104.606390803,0.000000000,0.027485274,0.042234352,0.187501717,0.006752480,114.515486503,0,37,35,2,0.034579439,21,0,0,0,0,1012,21,3138,7321,3097,15,78043
85,1706585255.982766628,1706585256.082587957,1,0,0,1,-0.209678113,0.053597836,0.015480399,-0.002232051,0.000843394,0.000339921,0.999997096,1054,814,0.772296015,0.019960299,0.010459172,0.007439743,0.025023930,112.622014246,0.000000000,0.027453663,0.042173321,0.193738876,0.006867136,114.417052704,0,34,34,0,0.032258065,16,0,0,0,0,1004,16,3144,7355,3113,15,79047
86,1706585256.082599878,1706585256.182432652,1,0,0,1,-0.201801780,0.052193483,0.011576152,-0.001833461,0.000520149,0.000309303,0.999998136,1068,824,0.771535581,0.020108111,0.009681624,0.007121442,0.029708397,105.797145740,0.000000000,0.027741981,0.041140640,0.197540871,0.006914012,113.781797131,0,33,33,0,0.030898876,14,0,0,0,0,1020,15,3146,7388,3127,15,80067
87,1706585256.182444811,1706585256.282180548,1,0,0,1,-0.199030381,0.047495207,0.011882057,-0.002410934,0.000749951,0.000455255,0.999996709,1046,804,0.768642447,0.019412366,0.010180589,0.007151867,0.029988675,115.797688819,0.000000000,0.028015307,0.041949932,0.191417451,0.006971505,113.149658860,0,33,32,1,0.031548757,13,0,0,0,0,1000,13,3150,7421,3140,15,81067
88,1706585256.283090353,1706585256.380748510,1,0,0,1,-0.199776421,0.048314378,0.015558199,-0.001876068,0.001038800,0.000411596,0.999997616,1027,777,0.756572541,0.019945411,0.010279505,0.007300930,0.034843283,102.576049180,0.000000000,0.028320549,0.040687293,0.174899381,0.006727825,112.728734666,0,33,33,0,0.032132425,16,0,0,0,0,978,16,3153,7454,3156,15,82045
89,1706585256.382931471,1706585256.482753038,1,0,0,1,-0.201018096,0.051106457,0.013013096,-0.000597909,0.000478722,0.000526739,0.999999568,1052,814,0.773764259,0.020681159,0.011251587,0.008131163,0.022628331,128.802173542,0.000000000,0.028057293,0.040460211,0.165560322,0.006771014,113.289828634,0,25,24,1,0.023764259,13,0,0,0,0,1014,13,3156,7479,3169,15,83059
90,1706585256.482765675,1706585256.582603693,1,0,0,1,-0.197790504,0.051784571,0.011084076,-0.001290545,0.000583240,0.000241773,0.999998968,1064,823,0.773496241,0.018979211,0.009996676,0.007354474,0.020168685,134.048770744,0.000000000,0.027907222,0.037331960,0.166023913,0.007092520,113.835440749,0,34,33,1,0.031954887,11,0,0,0,0,1019,11,3160,7513,3180,15,84078
91,1706585256.582615852,1706585256.682446003,1,0,0,1,-0.201942395,0.055757404,0.013097727,-0.000907126,0.000606411,0.000259422,0.999999371,1046,816,0.780114723,0.019270461,0.010217667,0.007411552,0.021686708,135.667847852,0.000000000,0.027514866,0.038620970,0.167911464,0.006743014,114.878014386,0,39,39,0,0.037284895,18,0,0,0,0,989,18,3164,7552,3198,15,85067
92,1706585256.682457209,1706585256.782272339,1,0,0,1,-0.212533758,0.058599468,0.009174498,-0.000846900,0.000425212,0.000367717,0.999999483,1051,795,0.756422455,0.019754508,0.010167896,0.007249453,0.022843964,132.294056900,0.000000000,0.027146647,0.038586748,0.173089810,0.006866589,116.221732428,0,28,27,1,0.026641294,14,0,0,0,0,1009,14,3169,7580,3212,15,86076
93,1706585256.783082962,1706585256.882903814,1,0,0,1,-0.212591578,0.058260019,0.007530780,-0.000611840,0.000282256,0.000373589,0.999999703,1047,795,0.759312321,0.019770714,0.010433782,0.007770715,0.032512330,107.394129999,0.000000000,0.027158315,0.034547005,0.161638193,0.005811604,116.307179791,0,37,37,0,0.035339064,21,0,0,0,0,989,21,3174,7617,3233,15,87065
94,1706585256.882915020,1706585256.982737780,1,0,0,1,-0.216874038,0.053009650,0.007731880,0.000202030,0.000331400,0.000698144,0.999999681,1062,800,0.753295669,0.019240212,0.010259108,0.007290665,0.027391405,112.191325841,0.000000000,0.026915274,0.035366704,0.158082063,0.006110380,116.998462431,0,38,37,1,0.035781544,12,0,0,0,0,1012,12,3183,7655,3245,15,88077
95,1706585256.982749939,1706585257.082565546,1,0,0,1,-0.210067454,0.053614402,0.009117865,-0.001206387,0.000589723,0.000354586,0.999999036,1063,823,0.774223895,0.018999443,0.009865482,0.007357245,0.025041219,119.912726999,0.000000000,0.026898148,0.036630464,0.158842884,0.006220259,116.981684672,0,28,27,1,0.026340546,14,0,0,0,0,1021,14,3187,7683,3259,15,89098
96,1706585257.082577467,1706585257.182411194,1,0,0,1,-0.204732183,0.052239407,0.009817883,0.000551956,0.000266014,0.000468048,0.999999703,1064,816,0.766917293,0.019447507,0.010123449,0.007084454,0.032012848,94.476974287,0.000000000,0.027148222,0.034269463,0.144816128,0.005572017,115.800956400,0,34,34,0,0.031954887,10,0,0,0,0,1020,10,3191,7717,3269,15,90118
97,1706585257.182422638,1706585257.282241106,1,0,0,1,-0.196862640,0.050059906,0.009551410,-0.002076211,0.000575697,0.000334435,0.999997623,1046,805,0.769598470,0.019153902,0.010180583,0.007579356,0.037937203,98.167751909,0.000000000,0.027728960,0.030608192,0.141079948,0.005567746,115.182866268,0,25,24,1,0.023900574,12,0,0,0,0,1009,12,3193,7742,3281,15,91127
98,1706585257.283065081,1706585257.382892132,1,0,0,1,-0.203241670,0.050318679,0.008818986,-0.001092162,0.000553522,0.000382978,0.999999177,1070,816,0.762616822,0.017792664,0.009530814,0.007253612,0.025685179,109.755435668,0.000000000,0.027852233,0.037898268,0.125034544,0.005291518,114.508254022,0,38,38,0,0.035514019,13,0,0,0,0,1019,13,3194,7780,3294,15,92146
99,1706585257.382903814,1706585257.482738495,1,0,0,1,-0.217397151,0.054607369,0.011158933,-0.000332400,0.000539752,0.000537138,0.999999655,1038,800,0.770712909,0.020388476,0.011325546,0.008038522,0.033576009,101.849951338,0.000000000,0.028145774,0.038587598,0.132427908,0.005041910,113.618002114,0,31,30,1,0.029865125,17,0,0,0,0,990,17,3199,7811,3311,15,93136
100,1706585257.482749939,1706585257.581773281,1,0,0,1,-0.210486703,0.048064695,0.008145603,-0.003146258,0.000451183,0.000555811,0.999994794,1031,780,0.756547042,0.023781631,0.011647005,0.008174608,0.029861592,111.715528899,0.000000000,0.028211828,0.058130638,0.125729999,0.004675154,113.717381677,0,33,33,0,0.032007759,17,0,0,0,0,981,17,3204,7844,3328,15,94117
101,1706585257.582584381,1706585257.680379629,1,0,0,1,-0.216679963,0.054765405,0.013291312,0.000112893,0.000676251,0.000423550,0.999999675,1024,781,0.762695312,0.019176468,0.010975729,0.007621077,0.022156315,127.634271738,0.000000000,0.027786846,0.057871164,0.129917353,0.004642935,114.710512932,0,30,29,1,0.029296875,10,0,0,0,0,984,10,3212,7874,3338,15,95101
102,1706585257.682441711,1706585257.779017687,1,0,0,1,-0.216795646,0.055995393,0.009821393,-0.002394706,0.000497517,0.000274020,0.999996971,1059,812,0.766761095,0.020312281,0.011251137,0.007962672,0.026661008,109.944026608,0.000000000,0.027749147,0.057555595,0.129332755,0.004736044,114.341569001,0,27,27,0,0.025495751,14,0,0,0,0,1018,14,3215,7901,3352,15,96119
103,1706585257.783074379,1706585257.882907152,1,0,0,1,-0.218815534,0.053230581,0.007674664,-0.001936398,0.000446592,0.000647955,0.999997816,1043,814,0.780441035,0.020607521,0.010404943,0.007106512,0.024861150,120.451072349,0.000000000,0.027647044,0.057353595,0.131129529,0.005423021,114.285266673,0,32,30,2,0.030680729,16,0,0,0,0,995,16,3226,7933,3368,15,97114
104,1706585257.882918358,1706585257.982728004,1,0,0,1,-0.234564760,0.056979570,0.009042488,-0.001312956,0.000531407,0.000567408,0.999998836,1054,806,0.764705882,0.019705020,0.010823483,0.007994504,0.026142932,120.779482330,0.000000000,0.027536558,0.056454451,0.138722892,0.005257960,115.093921249,0,38,37,1,0.036053131,12,0,0,0,0,1004,12,3232,7971,3380,15,98118
105,1706585257.982740402,1706585258.082566500,1,0,0,1,-0.240027748,0.063370788,0.013281681,-0.000954174,0.000718519,0.000290825,0.999999244,1049,812,0.774070543,0.018569410,0.010491799,0.007477689,0.026178983,121.433083844,0.000000000,0.027594311,0.058280406,0.139236620,0.005751722,115.534474729,0,31,31,0,0.029551954,16,0,0,0,0,1002,16,3234,8002,3396,15,99120
106,1706585258.082579136,1706585258.182399750,1,0,0,1,-0.254438532,0.067509552,0.008668487,-0.000407114,0.000250754,0.000562082,0.999999728,1049,788,0.751191611,0.018630148,0.009978765,0.007338197,0.023482070,122.395173611,0.000000000,0.027282994,0.059625759,0.149460274,0.006005209,116.364376123,0,24,22,2,0.022878932,13,0,0,0,0,1012,13,3240,8026,3409,15,100132
107,1706585258.182411194,1706585258.282237768,1,0,0,1,-0.237809526,0.064624791,0.008088280,-0.001188323,0.000490646,0.000408731,0.999999090,1047,799,0.763132760,0.019341402,0.009544822,0.007008949,0.026428170,117.311337333,0.000000000,0.027104969,0.059682940,0.162508132,0.006225274,116.440058549,0,17,15,2,0.016236867,14,0,0,0,0,1016,14,3242,8043,3423,15,101148
108,1706585258.283051014,1706585258.382881641,1,0,0,1,-0.238069414,0.061746172,0.005638485,-0.000046058,0.000178310,0.000539055,0.999999838,1075,824,0.766511628,0.019286661,0.009911755,0.006861490,0.034805530,93.665966298,0.000000000,0.027103082,0.059847039,0.162320187,0.006253460,115.994554404,0,19,19,0,0.017674419,13,0,0,0,0,1043,13,3243,8062,3436,15,102191
109,1706585258.382892847,1706585258.482655764,1,0,0,1,-0.233341097,0.056318243,0.004984872,-0.002993073,0.000675912,0.000545081,0.999995144,1041,814,0.781940442,0.019886783,0.010279387,0.007357070,0.025595971,121.357637465,0.000000000,0.027251464,0.058821005,0.165727595,0.005690613,115.622327601,0,22,22,0,0.021133525,19,0,0,0,0,1000,19,3245,8084,3455,15,103191
110,1706585258.482730150,1706585258.582558632,1,0,0,1,-0.225111456,0.050265656,0.000934167,-0.001923583,0.000177745,0.000538877,0.999997989,1037,818,0.788813886,0.020256668,0.010454920,0.007394147,0.029955598,106.409539465,0.000000000,0.027740809,0.058577251,0.170628051,0.005663954,114.240366037,0,20,20,0,0.019286403,15,0,0,0,0,1002,15,3247,8104,3470,15,104193
111,1706585258.582570314,1706585258.682394028,1,0,0,1,-0.213653408,0.050411338,0.009541429,-0.001292062,0.000702156,0.000571892,0.999998755,1044,793,0.759578544,0.019818307,0.010074637,0.007155464,0.027907906,116.144544805,0.000000000,0.028051869,0.058329079,0.173312875,0.005511886,113.264200884,0,33,31,2,0.031609195,11,0,0,0,0,1000,11,3256,8137,3481,15,105193
112,1706585258.682405949,1706585258.782230854,1,0,0,1,-0.198448468,0.047345202,0.010899482,-0.001733483,0.000588376,0.000575823,0.999998159,1038,797,0.767822736,0.019264133,0.009431227,0.006978588,0.027946728,112.470499050,0.000000000,0.028307007,0.058590693,0.187203822,0.005507404,112.273022992,0,22,21,1,0.021194605,14,0,0,0,0,1002,14,3261,8159,3495,15,106195
113,1706585258.783041716,1706585258.881398201,1,0,0,1,-0.189465733,0.046561886,0.013589361,-0.000114337,0.000567934,0.000521766,0.999999696,1033,788,0.762826718,0.019714909,0.010373098,0.007463446,0.028856928,106.201389035,0.000000000,0.028124237,0.058590051,0.189834947,0.004964017,112.213385944,0,22,22,0,0.021297193,15,0,0,0,0,996,15,3263,8181,3510,15,107191
114,1706585258.882884026,1706585258.980038643,1,0,0,1,-0.177826580,0.041701168,0.013093139,-0.001117196,0.000694093,0.000504486,0.999999008,1055,814,0.771563981,0.021061670,0.010939270,0.007820499,0.032990693,100.116229972,0.000000000,0.028404202,0.060041309,0.195485513,0.004311325,111.609631150,0,31,30,1,0.029383886,8,0,0,0,0,1016,8,3267,8212,3518,15,108207
115,1706585258.982721806,1706585259.082540751,1,0,0,1,-0.185764146,0.039400497,0.012020851,-0.001856481,0.000681237,0.000696148,0.999997802,1033,811,0.785091965,0.020103669,0.009981236,0.007341432,0.030946485,114.627598615,0.000000000,0.028699465,0.059317635,0.198265154,0.004465031,111.345374731,0,31,31,0,0.030009681,14,0,0,0,0,988,14,3271,8243,3532,15,109195
116,1706585259.082552671,1706585259.182378292,1,0,0,1,-0.189477107,0.041866395,0.012107174,-0.002226099,0.000731259,0.000453042,0.999997152,1062,825,0.776836158,0.019144058,0.010213129,0.007306948,0.029844830,116.797915447,0.000000000,0.028591064,0.059695694,0.194553076,0.004682058,112.461421789,0,24,24,0,0.022598870,14,0,0,0,0,1024,14,3275,8267,3546,15,110219
117,1706585259.182389736,1706585259.282204866,1,0,0,1,-0.187772221,0.045164230,0.009578180,-0.001394867,0.000600933,0.000570992,0.999998684,1057,823,0.778618732,0.020285020,0.011565081,0.008735441,0.026103541,120.847877074,0.000000000,0.027999381,0.059263373,0.192618934,0.004821271,113.595428047,0,45,44,1,0.042573321,11,0,0,0,0,1001,11,3281,8312,3557,15,111220
118,1706585259.283015251,1706585259.382835388,1,0,0,1,-0.199706023,0.042919143,0.003200859,-0.001765394,0.000413148,0.000852973,0.999997993,1057,805,0.761589404,0.019659341,0.010237652,0.007385625,0.030576307,113.590097277,0.000000000,0.028243937,0.054104645,0.191360006,0.005076278,113.787161128,0,24,24,0,0.022705771,18,0,0,0,0,1015,18,3286,8336,3575,15,112235
119,1706585259.382847309,1706585259.482669353,1,0,0,1,-0.209082882,0.047327946,0.006827752,-0.000950711,0.000529540,0.000603235,0.999999226,1059,833,0.786591124,0.019812146,0.010441040,0.007730817,0.025173228,122.820596657,0.000000000,0.027823798,0.053961273,0.192356012,0.005540442,114.835693394,0,21,20,1,0.019830028,15,0,0,0,0,1023,15,3289,8357,3590,15,113258
120,1706585259.482681513,1706585259.582511187,1,0,0,1,-0.219800462,0.049454142,0.009771794,-0.000277226,0.000420205,0.000734821,0.999999603,1056,813,0.769886364,0.019758251,0.011060337,0.007769754,0.023961968,118.027864704,0.000000000,0.027528817,0.030892150,0.193196720,0.005542865,115.151310184,0,25,23,2,0.023674242,9,0,0,0,0,1022,9,3296,8382,3599,15,114280
121,1706585259.582523346,1706585259.682369232,1,0,0,1,-0.199064470,0.046546338,0.011856994,-0.001265323,0.000766521,0.000485541,0.999998788,1084,855,0.788745387,0.019005031,0.010142843,0.007420036,0.029909458,107.350377513,0.000000000,0.027916474,0.031348336,0.210555886,0.005741534,114.137115473,0,25,24,1,0.023062731,11,0,0,0,0,1048,11,3298,8407,3610,15,115328
122,1706585259.682779551,1706585259.782034397,1,0,0,1,-0.196164192,0.044855442,0.008112607,0.000190809,0.000358998,0.000867967,0.999999541,1033,798,0.772507260,0.021319315,0.010753699,0.007764281,0.027494819,105.760200387,0.000000000,0.027958165,0.035441367,0.211543561,0.005759940,113.927924162,0,27,27,0,0.026137464,11,0,0,0,0,995,11,3300,8434,3621,15,116323
123,1706585259.782633066,1706585259.882461786,1,0,0,1,-0.198451314,0.049260460,0.009934714,-0.000531533,0.000665553,0.000682521,0.999999404,1010,776,0.768316832,0.020138363,0.010979459,0.007924690,0.026265899,126.522778167,0.000000000,0.028028402,0.034409739,0.200583859,0.005970916,114.231509452,0,26,24,2,0.025742574,17,0,0,0,0,967,17,3305,8460,3638,15,117290
124,1706585259.882474184,1706585259.982308149,1,0,0,1,-0.193445696,0.048345020,0.015031806,0.000128091,0.000693587,0.000477613,0.999999637,1048,797,0.760496183,0.020251343,0.010763237,0.007346376,0.026328957,112.951203095,0.000000000,0.028037703,0.034820042,0.198370175,0.005826707,113.840095491,0,30,28,2,0.028625954,12,0,0,0,0,1006,12,3307,8490,3650,15,118296
125,1706585259.982718706,1706585260.082437038,1,0,0,1,-0.179597422,0.041158136,0.017723439,-0.001120092,0.000940507,0.000703905,0.999998683,1048,804,0.767175573,0.020401240,0.010576075,0.007193839,0.030752960,109.251934414,0.000000000,0.028266402,0.032402389,0.198515776,0.005733327,113.231038019,0,19,19,0,0.018129771,8,0,0,0,0,1021,8,3309,8509,3658,15,119317
126,1706585260.082573414,1706585260.181057453,1,0,0,1,-0.173195311,0.036443705,0.015557743,-0.001263562,0.000626210,0.000669920,0.999998781,1051,821,0.781160799,0.022030631,0.011804629,0.008179657,0.024779044,119.092136373,0.000000000,0.028331251,0.036898623,0.189868769,0.005493109,113.065886157,0,33,31,2,0.031398668,19,0,0,0,0,999,19,3315,8542,3677,15,120316
127,1706585260.182418108,1706585260.279719830,1,0,0,1,-0.173767198,0.037884615,0.018915217,-0.000562429,0.001012912,0.000575448,0.999999163,1047,815,0.778414518,0.019219760,0.010809145,0.007751662,0.027488831,118.776572885,0.000000000,0.028384284,0.037214158,0.189778001,0.005419809,113.139147935,0,32,31,1,0.030563515,11,0,0,0,0,1004,11,3318,8574,3688,15,121320
128,1706585260.283049345,1706585260.382878780,1,0,0,1,-0.171969098,0.040927257,0.017694024,-0.003153448,0.001083114,0.000286990,0.999994400,1065,810,0.760563380,0.020219207,0.011238430,0.007761327,0.033785658,103.458708191,0.000000000,0.028333290,0.036208033,0.186289091,0.005994403,113.628785030,0,28,27,1,0.026291080,13,0,0,0,0,1024,13,3321,8602,3701,15,122344
129,1706585260.382890701,1706585260.482710600,1,0,0,1,-0.168922282,0.041983770,0.019379979,-0.000848043,0.001025338,0.000452459,0.999999012,1038,805,0.775529865,0.019550709,0.010736618,0.007288139,0.027320894,123.918661740,0.000000000,0.028419537,0.036628824,0.178938518,0.006321392,113.756836243,0,28,28,0,0.026974952,13,0,0,0,0,997,13,3325,8630,3714,15,123341
130,1706585260.482721806,1706585260.582535744,1,0,0,1,-0.178709622,0.040638038,0.011278888,-0.001987408,0.000590105,0.000633363,0.999997650,1070,813,0.759813084,0.019565209,0.011035757,0.007684899,0.029307379,113.057964669,0.000000000,0.028387126,0.036978982,0.177383154,0.006617689,114.089257503,0,38,36,2,0.035514019,10,0,0,0,0,1022,10,3331,8668,3724,15,124363
131,1706585260.582546949,1706585260.682382345,1,0,0,1,-0.181055548,0.046058169,0.007115910,-0.002067833,0.000651149,0.000369189,0.999997582,1054,814,0.772296015,0.019751736,0.009696212,0.007313011,0.023480932,122.934607043,0.000000000,0.028165777,0.037036650,0.169038566,0.007138746,114.428760615,0,29,28,1,0.027514231,11,0,0,0,0,1014,11,3337,8697,3735,15,125377
132,1706585260.682393789,1706585260.782215357,1,0,0,1,-0.181816472,0.047834148,0.006629871,0.000007056,0.000327507,0.000358025,0.999999882,1045,798,0.763636364,0.018792585,0.010056803,0.007127788,0.025312686,120.758538481,0.000000000,0.028034075,0.038597108,0.161621392,0.007052173,114.843162587,0,22,21,1,0.021052632,13,0,0,0,0,1010,13,3339,8719,3748,15,126387
133,1706585260.783026457,1706585260.882864237,1,0,0,1,-0.175304298,0.046331645,0.008392562,-0.002345371,0.000888520,0.000326619,0.999996802,1077,833,0.773444754,0.019091941,0.010769482,0.007630126,0.026810918,106.817020616,0.000000000,0.027931774,0.039794092,0.155910092,0.007083177,114.873944166,0,31,30,1,0.028783658,19,0,0,0,0,1027,19,3347,8750,3767,15,127414
134,1706585260.882876158,1706585260.982699871,1,0,0,1,-0.198638185,0.047702954,0.011162539,-0.000125048,0.000500197,0.000636320,0.999999665,1041,797,0.765609990,0.018376388,0.010210300,0.007206928,0.029825823,104.036542369,0.000000000,0.027773531,0.041503661,0.171114259,0.007324278,115.069959786,0,22,22,0,0.021133525,11,0,0,0,0,1008,11,3349,8772,3778,15,128422
135,1706585260.982711077,1706585261.081669807,1,0,0,1,-0.208927858,0.047768828,0.011657738,-0.001831873,0.000774306,0.000577193,0.999997856,1038,776,0.747591522,0.017993951,0.009807440,0.007175007,0.024065478,127.492681342,0.000000000,0.027429481,0.046183629,0.176958006,0.006958306,115.713213922,0,32,32,0,0.030828516,10,0,0,0,0,996,10,3351,8804,3788,15,129418
136,1706585261.082544088,1706585261.182363033,1,0,0,1,-0.210401426,0.045601740,0.016862658,0.001052205,0.000635461,0.000879104,0.999998858,1020,755,0.740196078,0.021320762,0.011300103,0.008042749,0.026263091,114.686065814,0.000000000,0.027250394,0.048622049,0.178293419,0.007328822,115.607621441,0,35,35,0,0.034313725,16,0,0,0,0,969,16,3354,8839,3804,15,130387
137,1706585261.182773352,1706585261.282610416,1,0,0,1,-0.231825005,0.051997590,0.017675894,-0.001326848,0.001103360,0.000622031,0.999998318,1046,813,0.777246654,0.020417354,0.010627934,0.007536555,0.027353509,117.017237813,0.000000000,0.027312892,0.048785696,0.186950212,0.007283053,115.416089477,0,20,20,0,0.019120459,14,0,0,0,0,1012,14,3354,8859,3818,15,131399
138,1706585261.282622099,1706585261.382070780,1,0,0,1,-0.240580068,0.055809937,0.015390405,-0.001900841,0.000783227,0.000717053,0.999997630,1037,802,0.773384764,0.019347651,0.010314261,0.006565760,0.032721095,104.258710512,0.000000000,0.027420131,0.049085436,0.185790958,0.006974020,114.949520139,0,21,21,0,0.020250723,12,0,0,0,0,1004,12,3355,8880,3830,15,132403
139,1706585261.382457972,1706585261.480741501,1,0,0,1,-0.226380358,0.054920282,0.016718157,0.000152553,0.000703934,0.000634085,0.999999540,1060,825,0.778301887,0.020487541,0.011493016,0.007755313,0.024052353,126.665928330,0.000000000,0.027364088,0.049549327,0.188764210,0.006872814,115.141786723,0,25,23,2,0.023584906,10,0,0,0,0,1022,13,3360,8905,3840,15,133425
140,1706585261.483098984,1706585261.579415798,1,0,0,1,-0.219019069,0.048986571,0.013914658,-0.002245357,0.000797208,0.000740313,0.999996887,1080,831,0.769444444,0.022707187,0.011590195,0.008264416,0.030136606,112.900225505,0.000000000,0.027672819,0.058161205,0.177583660,0.006581205,114.885404763,0,30,27,3,0.027777778,15,0,0,0,0,1035,15,3366,8935,3855,15,134460
141,1706585261.582950592,1706585261.682767630,1,0,0,1,-0.210108017,0.049714127,0.013811055,-0.001489568,0.000778541,0.000450809,0.999998486,1045,804,0.769377990,0.017757072,0.009218835,0.006844347,0.025818524,121.257619409,0.000000000,0.027468273,0.062467916,0.181495930,0.006392021,115.580766858,0,27,27,0,0.025837321,15,0,0,0,0,1003,15,3368,8962,3870,15,135463
142,1706585261.682779551,1706585261.782598972,1,0,0,1,-0.202818082,0.049236695,0.011939590,-0.002020308,0.000785035,0.000444060,0.999997552,1052,804,0.764258555,0.019353395,0.010465074,0.007680183,0.034536543,102.563884934,0.000000000,0.027820359,0.060966999,0.183750115,0.006034637,115.420951085,0,18,17,1,0.017110266,15,0,0,0,0,1019,15,3369,8980,3885,15,136482
143,1706585261.782610416,1706585261.882426262,1,0,0,1,-0.217113186,0.056087676,0.014849984,-0.000694465,0.000873777,0.000526125,0.999999239,1048,804,0.767175573,0.019304154,0.010544322,0.007625649,0.029052601,117.839390876,0.000000000,0.027959694,0.061263472,0.192664671,0.005791796,114.986781721,0,25,25,0,0.023854962,11,0,0,0,0,1012,11,3371,9005,3896,15,137494
144,1706585261.882437706,1706585261.982271910,1,1,1,1,-0.219576597,0.061032859,0.012318669,0.000006692,0.000600476,0.000273340,0.999999782,1053,801,0.760683761,0.020278236,0.011531938,0.008629227,0.019695032,136.800299347,0.050000000,0.027627998,0.061285464,0.182909152,0.005845845,116.179236533,1,11,11,0,0.010446344,9,7,0,0,0,1026,16,3374,9016,3912,15,138520
145,1706585261.983082294,1706585262.082906008,1,0,0,1,-0.228938551,0.064470624,0.009986143,-0.001842182,0.000708990,0.000346143,0.999997992,1046,812,0.776290631,0.019201093,0.010314084,0.007383895,0.020614679,130.907299836,0.050000000,0.027121084,0.061389455,0.184911136,0.005921382,117.262004804,0,19,19,0,0.018164436,13,0,0,0,0,1014,13,3374,9035,3925,15,139534
146,1706585262.082917690,1706585262.182760239,1,0,0,1,-0.239074763,0.064958720,0.008267314,-0.000771905,0.000532898,0.000537955,0.999999415,1068,808,0.756554307,0.019737222,0.010175269,0.007635220,0.029930478,105.683010056,0.050000000,0.027378655,0.055645535,0.191505533,0.006118298,116.591548488,0,17,17,0,0.015917603,10,0,0,0,0,1041,10,3377,9052,3935,15,140575
147,1706585262.182772398,1706585262.282510996,1,0,0,1,-0.230667966,0.062414396,0.011501879,-0.001353794,0.000765966,0.000307462,0.999998743,1074,797,0.742085661,0.018846424,0.009644528,0.006843210,0.025504939,118.954709162,0.050000000,0.027279461,0.056203040,0.197126296,0.005997925,116.600455302,0,16,15,1,0.014897579,14,0,0,0,0,1044,14,3380,9068,3949,15,141619
148,1706585262.282610178,1706585262.381325722,1,0,0,1,-0.213102532,0.049702370,0.014083308,0.000889624,0.000601215,0.000878936,0.999999037,1011,768,0.759643917,0.020400852,0.012093876,0.008132360,0.032693116,99.795188122,0.050000000,0.027224834,0.056470626,0.215323212,0.006807984,116.417279299,0,23,22,1,0.022749753,9,0,0,0,0,979,9,3381,9091,3958,15,142598
149,1706585262.382447958,1706585262.482275248,1,0,0,1,-0.208811967,0.044029664,0.011073374,-0.001106514,0.000604740,0.000849221,0.999998844,1028,774,0.752918288,0.019156757,0.009949477,0.007327202,0.021091563,122.100753273,0.050000000,0.026913367,0.056754283,0.210270262,0.006508625,116.326383875,0,26,25,1,0.025291829,6,0,0,0,0,996,6,3384,9117,3964,15,143594
150,1706585262.483086348,1706585262.582906008,1,0,0,1,-0.194137645,0.039247354,0.016499579,0.000202953,0.000664774,0.000823454,0.999999419,1056,818,0.774621212,0.021017187,0.011975889,0.008252184,0.025884502,122.209849816,0.050000000,0.026742223,0.058696398,0.219404515,0.006029857,116.783978133,0,21,21,0,0.019886364,11,0,0,0,0,1024,11,3387,9138,3975,15,144618
151,1706585262.582917929,1706585262.681777000,1,0,0,1,-0.190867051,0.035262024,0.011037890,-0.002227045,0.000732386,0.000713391,0.999996997,1056,810,0.767045455,0.020391627,0.010811732,0.007739420,0.026825121,120.478956114,0.050000000,0.026909433,0.059145438,0.224922832,0.006233888,116.661195586,0,19,18,1,0.017992424,21,0,0,0,0,1014,23,3391,9157,3996,15,145632
152,1706585262.682762861,1706585262.780444622,1,0,0,1,-0.188256287,0.034044927,0.009623065,-0.003113258,0.000853392,0.000715237,0.999994534,1064,807,0.758458647,0.020812756,0.011603737,0.008183996,0.029538280,116.406658607,0.050000000,0.027120712,0.059076178,0.221220258,0.006168539,116.443601593,0,30,26,4,0.028195489,17,0,0,0,0,1013,21,3396,9187,4013,15,146645
153,1706585262.782605648,1706585262.879155159,1,0,0,1,-0.183718992,0.037558810,0.012863989,-0.000212086,0.000626218,0.000671549,0.999999556,1084,831,0.766605166,0.020098126,0.011464608,0.007871775,0.031048603,116.432754862,0.050000000,0.027332597,0.058425766,0.204273305,0.005627413,116.924388305,0,21,20,1,0.019372694,16,0,0,0,0,1046,17,3400,9208,4029,15,147691
154,1706585262.882439613,1706585262.982265472,1,0,0,1,-0.188168826,0.044233676,0.014434805,-0.002608706,0.000858883,0.000460530,0.999996122,1053,799,0.758784425,0.019933828,0.010670466,0.007721712,0.035624151,100.204642951,0.050000000,0.027622513,0.055669063,0.202146004,0.005932704,116.732793334,0,26,26,0,0.024691358,13,0,0,0,0,1014,13,3404,9234,4042,15,148705
155,1706585262.983078003,1706585263.082884073,1,0,0,1,-0.192505085,0.050090068,0.015503466,-0.001358464,0.000840346,0.000378095,0.999998653,1042,794,0.761996161,0.019191832,0.009704321,0.007170689,0.027769129,117.850096923,0.050000000,0.027807696,0.051683362,0.203683531,0.005487377,116.250664113,0,15,15,0,0.014395393,17,0,0,0,0,1010,17,3409,9249,4059,15,149715
156,1706585263.082895279,1706585263.182718277,1,0,0,1,-0.201748175,0.051827138,0.015203314,-0.001343155,0.000665132,0.000400061,0.999998797,1048,819,0.781488550,0.020361963,0.010994492,0.008102924,0.030290144,109.187050955,0.050000000,0.028009048,0.049724046,0.190720512,0.005013396,115.975713370,0,24,23,1,0.022900763,11,0,0,0,0,1013,11,3413,9273,4070,15,150728
157,1706585263.182730198,1706585263.282558680,1,0,0,1,-0.212652976,0.056072832,0.015036100,-0.002147013,0.000827550,0.000427860,0.999997261,1055,809,0.766824645,0.018942939,0.010890537,0.007776924,0.023196671,122.216803753,0.050000000,0.027801206,0.050736696,0.192605083,0.004877236,116.235691667,0,15,15,0,0.014218009,8,0,0,0,0,1032,8,3418,9288,4078,15,151760
158,1706585263.282569647,1706585263.382383585,1,0,0,1,-0.217792763,0.056250092,0.013640775,-0.000175905,0.000524427,0.000534481,0.999999704,1032,779,0.754844961,0.019662378,0.010372687,0.007685543,0.024804629,119.803117824,0.050000000,0.027405383,0.050405761,0.183644476,0.004931108,117.012912033,0,19,19,0,0.018410853,15,0,0,0,0,998,15,3419,9307,4093,15,152758
159,1706585263.382395029,1706585263.482223988,1,0,0,1,-0.204079303,0.049823663,0.015731491,-0.000824359,0.000805876,0.000448863,0.999999235,1074,814,0.757914339,0.019822937,0.011009476,0.007975567,0.021205177,130.659990882,0.050000000,0.027263024,0.050003812,0.189070774,0.004894830,117.212615160,0,19,19,0,0.017690875,16,0,0,0,0,1039,16,3423,9326,4109,15,153797
160,1706585263.483034372,1706585263.582367897,1,0,0,1,-0.220781568,0.055550766,0.012650465,-0.000503027,0.000462839,0.000501644,0.999999641,1032,795,0.770348837,0.019528279,0.010625227,0.007714854,0.032046962,100.763700798,0.050000000,0.027358542,0.037886208,0.198053144,0.004423510,116.605788925,0,18,18,0,0.017441860,7,0,0,0,0,1007,7,3426,9344,4116,15,154804
161,1706585263.582867146,1706585263.682678223,1,0,0,1,-0.224645630,0.054302236,0.006552793,-0.001018427,0.000351020,0.000705651,0.999999171,1066,816,0.765478424,0.019650926,0.010085356,0.007217438,0.021134359,131.028875560,0.050000000,0.027124334,0.030359830,0.197837770,0.004816922,117.094351733,0,15,15,0,0.014071295,12,0,0,0,0,1039,12,3427,9359,4128,15,155843
162,1706585263.682702303,1706585263.782531023,1,0,0,1,-0.219087919,0.053252852,0.007262400,-0.000795587,0.000521762,0.000540122,0.999999402,1071,808,0.754435107,0.019346196,0.010275220,0.007127836,0.026514376,116.488866885,0.050000000,0.026723226,0.030373546,0.187421066,0.004982005,117.790600830,0,16,16,0,0.014939309,8,0,0,0,0,1047,8,3428,9375,4136,15,156890
163,1706585263.782542944,1706585263.882379770,1,0,0,1,-0.207193954,0.047348501,0.006375918,0.001078778,0.000186867,0.000741941,0.999999125,1057,786,0.743614002,0.020177038,0.011469629,0.007739997,0.026435688,114.969290694,0.050000000,0.026592380,0.030065765,0.194652400,0.004882526,117.647095821,0,22,21,1,0.020813623,7,0,0,0,0,1028,7,3429,9397,4143,15,157918
164,1706585263.882391930,1706585263.981479406,1,0,0,1,-0.202496169,0.048932335,0.011137252,-0.000909392,0.000688444,0.000495409,0.999999227,1062,803,0.756120527,0.019712292,0.010774500,0.007374285,0.026487291,124.457227717,0.000000000,0.026931993,0.029670461,0.191283800,0.005234259,117.029942239,0,29,27,2,0.027306968,11,0,0,0,0,1021,12,3435,9426,4154,15,158939
165,1706585263.983039618,1706585264.080176592,1,0,0,1,-0.173271796,0.038134717,0.014240918,-0.000509265,0.000595304,0.000558960,0.999999537,1083,813,0.750692521,0.019882201,0.010675387,0.007183038,0.030032454,109.082899661,0.000000000,0.027402882,0.028804491,0.212300816,0.004976591,115.938722231,0,23,21,2,0.021237304,14,0,0,0,0,1040,20,3438,9449,4168,15,159979
166,1706585264.082884312,1706585264.178899765,1,0,0,1,-0.189120098,0.040288630,0.012911571,-0.002018427,0.000636746,0.000671939,0.999997535,1051,806,0.766888677,0.021125028,0.010628109,0.007845404,0.032037834,110.219032390,0.000000000,0.027508249,0.031954246,0.218989931,0.004738344,116.165523347,0,14,14,0,0.013320647,13,0,0,0,0,1024,13,3440,9463,4181,15,161003
167,1706585264.182732344,1706585264.282550335,1,0,0,1,-0.189857559,0.040143109,0.006872980,-0.001678894,0.000435949,0.000585606,0.999998324,1051,819,0.779257850,0.021373347,0.010340986,0.007688619,0.028578180,111.553032738,0.000000000,0.027661911,0.033146707,0.203239290,0.003763811,115.795439526,0,18,18,0,0.017126546,13,0,0,0,0,1020,13,3441,9481,4194,15,162023
168,1706585264.282562256,1706585264.382395744,1,0,0,1,-0.199007452,0.043663114,0.008792424,-0.002425631,0.000774413,0.000547017,0.999996609,1056,787,0.745265152,0.018132077,0.010176442,0.007330285,0.023549465,128.082430686,0.000000000,0.027204729,0.038925800,0.205505819,0.003781444,117.209801654,0,30,28,2,0.028409091,9,0,0,0,0,1017,9,3448,9511,4203,15,163040
169,1706585264.382407188,1706585264.482242346,1,0,0,1,-0.215184872,0.047951758,0.013460202,-0.001548141,0.000994856,0.000546298,0.999998158,1039,792,0.762271415,0.019479954,0.009715884,0.006598815,0.030724860,97.065430647,0.000000000,0.027686394,0.038255552,0.206520778,0.003732278,115.958035523,0,17,16,1,0.016361886,14,0,0,0,0,1008,14,3451,9528,4217,15,164048
170,1706585264.483054161,1706585264.582884073,1,0,0,1,-0.227001359,0.054567024,0.011167993,-0.000490581,0.000492904,0.000645701,0.999999550,1048,800,0.763358779,0.019922829,0.011138236,0.007979568,0.026210678,124.974435789,0.000000000,0.027702702,0.036262985,0.212744962,0.003710020,116.096264822,0,22,21,1,0.020992366,10,0,0,0,0,1016,10,3455,9550,4227,15,165064
171,1706585264.582896709,1706585264.682728767,1,1,1,1,-0.237751638,0.056387270,0.010333073,-0.002778364,0.000754860,0.000561664,0.999995698,1029,777,0.755102041,0.018476740,0.010389397,0.007056919,0.016681289,153.068739060,0.050000000,0.027195511,0.039003056,0.220470947,0.003880172,117.725753969,1,3,3,0,0.002915452,9,10,0,0,0,1007,19,3455,9553,4246,15,166071
172,1706585264.682740450,1706585264.782583237,1,0,0,1,-0.245889852,0.063204099,0.011782965,-0.001091257,0.000665151,0.000491155,0.999999063,1089,826,0.758494031,0.019623746,0.009728773,0.006878242,0.026139550,133.044228276,0.050000000,0.027025574,0.037254327,0.224594760,0.003936122,118.557632453,0,22,22,0,0.020202020,19,0,0,0,0,1048,19,3457,9575,4265,15,167119
173,1706585264.782594681,1706585264.882038355,1,0,0,1,-0.234089438,0.060120396,0.012479941,-0.000584033,0.000652346,0.000505336,0.999999489,1060,789,0.744339623,0.017995523,0.009704010,0.007082796,0.020126325,137.053307431,0.050000000,0.026479461,0.041750496,0.228636845,0.003538915,119.588660081,0,26,26,0,0.024528302,6,0,0,0,0,1028,6,3458,9601,4271,15,168147
174,1706585264.882437706,1706585264.980706692,1,0,0,1,-0.216401653,0.059068721,0.012762222,-0.000507726,0.000542110,0.000295685,0.999999680,1034,804,0.777562863,0.018552404,0.010703327,0.007702815,0.024295263,131.980798973,0.050000000,0.025913016,0.043337733,0.238993165,0.003795337,121.177467882,0,19,18,1,0.018375242,11,0,0,0,0,1004,11,3464,9620,4282,15,169151
175,1706585264.983077049,1706585265.082905531,1,0,0,1,-0.223466656,0.058720742,0.010376906,-0.000694273,0.000515508,0.000530542,0.999999485,1088,812,0.746323529,0.020212538,0.010841795,0.007990845,0.029663263,111.469701198,0.050000000,0.026007723,0.043618483,0.237048401,0.004220457,120.858448096,0,17,17,0,0.015625000,11,0,0,0,0,1060,11,3466,9637,4293,15,170211
176,1706585265.082916498,1706585265.182508707,1,0,0,1,-0.222234404,0.053540529,0.009597975,-0.001140031,0.000511433,0.000655510,0.999999005,1043,795,0.762224353,0.019559426,0.010353921,0.007581240,0.027802943,118.895743889,0.050000000,0.025883363,0.042782164,0.230726473,0.004416113,121.343882743,0,18,18,0,0.017257910,11,0,0,0,0,1014,11,3469,9655,4304,15,171225
177,1706585265.182746172,1706585265.281230927,1,0,0,1,-0.216550523,0.045899109,0.007109258,-0.000948519,0.000493656,0.000841337,0.999999074,1065,792,0.743661972,0.018710953,0.009031528,0.006606770,0.020049611,138.892196347,0.050000000,0.025726010,0.043319468,0.235241054,0.004571385,122.177652372,0,20,17,3,0.018779343,10,0,0,0,0,1032,13,3474,9675,4314,15,172257
178,1706585265.282589436,1706585265.379946470,1,0,0,1,-0.219723722,0.049298534,0.007598492,-0.001327636,0.000511914,0.000603163,0.999998806,1042,793,0.761036468,0.020830438,0.010821060,0.007669552,0.029024130,111.193096505,0.050000000,0.025936985,0.045485931,0.224628817,0.004875775,121.747151306,0,15,15,0,0.014395393,12,0,0,0,0,1011,16,3479,9690,4326,15,173268
179,1706585265.382430792,1706585265.478719711,1,0,0,1,-0.211663438,0.040797276,0.013223350,-0.000503601,0.000804978,0.001001328,0.999999048,1064,802,0.753759398,0.019667810,0.010092791,0.006993073,0.025772294,112.328082982,0.050000000,0.026165341,0.045440200,0.219700474,0.005566231,120.830555911,0,17,16,1,0.015977444,10,0,0,0,0,1036,11,3484,9707,4336,15,174304
180,1706585265.483073950,1706585265.582903385,1,0,0,1,-0.214953765,0.046470832,0.017094351,-0.001888253,0.000976372,0.000563094,0.999997582,1056,797,0.754734848,0.018511577,0.010462066,0.007813321,0.024357590,124.254087536,0.050000000,0.025780872,0.047144642,0.219990179,0.006037815,122.005075248,0,17,16,1,0.016098485,8,0,0,0,0,1031,8,3489,9724,4344,15,175335
181,1706585265.582916260,1706585265.682730675,1,0,0,1,-0.217540490,0.051601119,0.012271906,-0.002052862,0.000870646,0.000451184,0.999997412,1039,802,0.771896054,0.017863076,0.009639733,0.006770603,0.026897358,115.546955903,0.050000000,0.026069022,0.050942183,0.221791056,0.005930349,121.230979265,0,11,11,0,0.010587103,8,0,0,0,0,1020,8,3488,9735,4352,15,176355
182,1706585265.682742357,1706585265.782552481,1,0,0,1,-0.236927503,0.060385167,0.013332599,-0.001078913,0.000754196,0.000556950,0.999998978,1029,786,0.763848397,0.018563540,0.010624981,0.007308784,0.029360255,108.626277698,0.050000000,0.026211316,0.052018194,0.229793232,0.005738958,120.837849806,0,21,21,0,0.020408163,9,0,0,0,0,999,9,3488,9756,4361,15,177354
183,1706585265.782565117,1706585265.882391930,1,0,0,1,-0.230660731,0.058276261,0.010803885,-0.003282417,0.000865912,0.000511537,0.999994107,1038,791,0.762042389,0.019244755,0.010625985,0.007320272,0.025963247,119.835083313,0.050000000,0.026187694,0.051386113,0.229998658,0.005339129,121.081139437,0,16,16,0,0.015414258,7,0,0,0,0,1015,7,3489,9772,4368,15,178369
184,1706585265.882403612,1706585265.982225418,1,0,0,1,-0.233893435,0.059884244,0.008442532,-0.000956218,0.000535585,0.000477201,0.999999286,1050,809,0.770476190,0.020848364,0.010899683,0.007815641,0.029762630,114.495184853,0.050000000,0.026351461,0.053758131,0.203003309,0.005275389,120.583037294,0,21,20,1,0.020000000,10,0,0,0,0,1019,10,3492,9793,4378,15,179388
185,1706585265.983036518,1706585266.082859993,1,0,0,1,-0.245871298,0.060905223,0.006207050,-0.001336104,0.000479384,0.000653077,0.999998779,1081,821,0.759481961,0.021111693,0.010544172,0.007799575,0.024019355,135.863062300,0.050000000,0.026050806,0.056634777,0.199181548,0.005402893,121.922045426,0,23,23,0,0.021276596,16,0,0,0,0,1042,16,3497,9816,4394,15,180430
186,1706585266.082872391,1706585266.181758642,1,0,0,1,-0.239908577,0.059687667,0.008779515,-0.000712751,0.000514558,0.000581447,0.999999445,1025,803,0.783414634,0.017908248,0.009577746,0.006668114,0.022326693,132.347534400,0.050000000,0.025565249,0.056295443,0.199703474,0.005374045,123.028470526,0,19,18,1,0.018536585,7,0,0,0,0,999,7,3499,9835,4401,15,181429
187,1706585266.182708263,1706585266.282538414,1,0,0,1,-0.222015434,0.058040610,0.007240014,-0.001288742,0.000526908,0.000425247,0.999998940,1060,779,0.734905660,0.018025222,0.010030126,0.007317738,0.027289765,117.082432573,0.050000000,0.025500828,0.053021141,0.207748334,0.005607599,123.304940518,0,26,26,0,0.024528302,6,0,0,0,0,1028,6,3502,9861,4407,15,182457
188,1706585266.282550812,1706585266.382386446,1,0,0,1,-0.212110102,0.055919375,0.011745401,-0.001071619,0.000770000,0.000514844,0.999998997,1088,842,0.773897059,0.019788520,0.011015239,0.008040781,0.026663521,123.081280616,0.050000000,0.025656531,0.051752730,0.201460013,0.005785742,123.054883015,0,22,17,5,0.020220588,10,0,0,0,0,1056,10,3507,9883,4417,15,183513
189,1706585266.382398844,1706585266.482234478,1,0,0,1,-0.209557410,0.050670709,0.009660008,-0.001024003,0.000412725,0.000555498,0.999999236,1049,773,0.736892278,0.018026708,0.009301603,0.006865155,0.029720510,112.063028959,0.050000000,0.025606314,0.053653111,0.193923061,0.005666452,123.804762930,0,15,14,1,0.014299333,7,0,0,0,0,1027,7,3508,9898,4424,15,184540
190,1706585266.483044386,1706585266.581001043,1,0,0,1,-0.200049551,0.049558948,0.017117291,-0.000443543,0.000942723,0.000606706,0.999999273,1045,811,0.776076555,0.020915034,0.011502487,0.007983393,0.023986552,130.542696012,0.050000000,0.025495107,0.056497378,0.195122364,0.005597091,124.083175941,0,21,17,4,0.020095694,16,0,0,0,0,1007,17,3516,9919,4440,15,185547
191,1706585266.582885742,1706585266.679769993,1,0,0,1,-0.204243592,0.044292788,0.015144160,-0.002057400,0.000743682,0.000677344,0.999997378,1041,774,0.743515850,0.020339012,0.010202838,0.007338485,0.027916624,119.566239951,0.000000000,0.026056874,0.056840915,0.191423187,0.005597868,122.408050986,0,16,15,1,0.015369837,11,0,0,0,0,1011,14,3519,9935,4451,15,186558
192,1706585266.682727098,1706585266.782568932,1,0,0,1,-0.205661861,0.045319030,0.016860450,-0.002497728,0.001015985,0.000482922,0.999996248,1049,783,0.746425167,0.018414051,0.010476465,0.007381377,0.020908912,129.253590888,0.000000000,0.025795342,0.057774963,0.181658204,0.005959676,122.218519116,0,19,16,3,0.018112488,10,0,0,0,0,1020,10,3526,9954,4461,15,187578
193,1706585266.782580376,1706585266.882399559,1,0,0,1,-0.219086366,0.046670624,0.016578281,-0.002071860,0.000962771,0.000726078,0.999997127,1055,794,0.752606635,0.018504253,0.009700303,0.006583952,0.028872232,105.828362405,0.000000000,0.026232637,0.056479371,0.177432257,0.006027984,120.657271865,0,23,23,0,0.021800948,13,0,0,0,0,1019,13,3528,9977,4474,15,188597
194,1706585266.882411480,1706585266.982229233,1,0,0,1,-0.205500359,0.043408835,0.020237181,0.000944152,0.000942286,0.000759092,0.999998822,1045,781,0.747368421,0.021066703,0.012531090,0.008329782,0.024910253,115.562562774,0.000000000,0.026263387,0.058825181,0.184410547,0.005630235,119.836360055,0,23,21,2,0.022009569,8,0,0,0,0,1014,8,3532,10000,4482,15,189611
195,1706585266.983038187,1706585267.082866669,1,0,0,1,-0.194569344,0.044056857,0.017164854,-0.001223094,0.000779584,0.000645749,0.999998740,1029,788,0.765792031,0.020755673,0.011233917,0.007574055,0.026438107,118.249955348,0.000000000,0.026102129,0.060032511,0.190402165,0.005611123,120.175372763,0,25,25,0,0.024295432,10,0,0,0,0,994,10,3535,10025,4492,15,190605
196,1706585267.082878113,1706585267.182716370,1,0,0,1,-0.200639861,0.048238706,0.013441764,-0.001606997,0.000761238,0.000386117,0.999998344,1047,803,0.766953200,0.020539983,0.010683691,0.008063094,0.024839343,130.748754740,0.000000000,0.025953949,0.061146095,0.188817173,0.005759042,120.768023305,0,22,22,0,0.021012416,11,0,0,0,0,1014,11,3538,10047,4503,15,191619
197,1706585267.182727337,1706585267.282546282,1,0,0,1,-0.216897612,0.051702330,0.007762876,-0.001933655,0.000567406,0.000573040,0.999997805,1075,814,0.757209302,0.018865131,0.010260780,0.007181354,0.026090777,127.285267557,0.000000000,0.026256007,0.060889838,0.201707113,0.005656367,120.187676866,0,18,17,1,0.016744186,8,0,0,0,0,1049,8,3543,10065,4511,15,192668
198,1706585267.282559156,1706585267.382385969,1,0,0,1,-0.227470085,0.055684342,0.009863877,-0.001482491,0.000684118,0.000454453,0.999998564,1073,817,0.761416589,0.018144364,0.009684144,0.007042407,0.027206080,119.279318101,0.000000000,0.026165105,0.060930723,0.200202988,0.005096493,120.591987945,0,11,11,0,0.010251631,5,0,0,0,0,1057,5,3546,10076,4516,15,193725
199,1706585267.382397652,1706585267.481575012,1,0,0,1,-0.237606458,0.058394432,0.006728294,-0.002241186,0.000639586,0.000610938,0.999997097,1035,771,0.744927536,0.019196875,0.010538417,0.007865804,0.022744414,141.910113284,0.000000000,0.026013711,0.060913021,0.203538120,0.004529275,122.071089461,0,18,18,0,0.017391304,16,0,0,0,0,1001,16,3548,10094,4532,15,194726
200,1706585267.483023167,1706585267.582865477,1,0,0,1,-0.233631246,0.058346055,0.008732063,-0.000261274,0.000508532,0.000540371,0.999999691,1066,817,0.766416510,0.019031246,0.010808697,0.007684372,0.026117100,121.305389241,0.000000000,0.026101686,0.060174299,0.200488926,0.004444099,121.923654546,0,17,16,1,0.015947467,10,0,0,0,0,1039,10,3552,10111,4542,15,195765
201,1706585267.582876921,1706585267.682686806,1,0,0,1,-0.239155970,0.059067363,0.009412607,-0.000927365,0.000590004,0.000706409,0.999999146,1092,818,0.749084249,0.019101863,0.010963398,0.007781686,0.023649921,133.776161736,0.000000000,0.025939315,0.057447676,0.184791367,0.004561868,122.835114837,0,16,16,0,0.014652015,4,0,0,0,0,1072,4,3556,10127,4546,15,196837
202,1706585267.682699442,1706585267.782039881,1,0,0,1,-0.247030880,0.063262811,0.009796620,-0.001364503,0.000634296,0.000470179,0.999998757,1079,821,0.760889713,0.018910872,0.010517307,0.007403064,0.025972965,117.919271227,0.000000000,0.025769950,0.056840204,0.186643260,0.004940077,123.299764514,0,16,16,0,0.014828545,11,0,0,0,0,1051,12,3559,10143,4557,15,197888
203,1706585267.782526731,1706585267.880799532,1,0,0,1,-0.257364955,0.063673242,0.007051135,-0.000636679,0.000298693,0.000564141,0.999999594,1050,781,0.743809524,0.018951779,0.009582069,0.006719936,0.023091459,125.640382991,0.000000000,0.025626361,0.057108824,0.193029534,0.005065345,123.590029498,0,24,22,2,0.022857143,8,0,0,0,0,1016,10,3565,10167,4565,15,198904
204,1706585267.882759333,1706585267.979627371,1,0,0,1,-0.246849748,0.062990699,0.008546533,-0.001894609,0.000556685,0.000372342,0.999997981,1046,796,0.760994264,0.020329225,0.010307244,0.007356314,0.026112392,117.429984040,0.000000000,0.025443849,0.055744016,0.191445063,0.005099178,123.736769457,0,29,24,5,0.027724665,10,0,0,0,0,1004,13,3574,10196,4575,15,199908
205,1706585267.982606649,1706585268.082434416,1,0,0,1,-0.257952769,0.067983082,0.009300529,-0.000986287,0.000422263,0.000555147,0.999999270,1021,771,0.755142018,0.018071122,0.009757624,0.006989637,0.024642040,105.799793210,0.000000000,0.025474983,0.054167416,0.197035049,0.005323354,122.233606003,0,20,19,1,0.019588639,5,0,0,0,0,996,5,3577,10216,4580,15,200904
206,1706585268.082446337,1706585268.182272673,1,0,0,1,-0.241889735,0.061341831,0.011238477,-0.001603624,0.000583453,0.000517170,0.999998410,1023,770,0.752688172,0.019109217,0.010246256,0.007263187,0.023856984,121.149445103,0.000000000,0.025551498,0.051663887,0.196489940,0.005087322,121.673701538,0,12,12,0,0.011730205,12,0,0,0,0,999,12,3577,10228,4592,15,201903
207,1706585268.183084249,1706585268.282909870,1,0,0,1,-0.244139943,0.061991828,0.012369989,-0.001589590,0.000588731,0.000476862,0.999998450,1016,770,0.757874016,0.019542530,0.010031096,0.007074490,0.024848688,118.172223004,0.000000000,0.025429444,0.049221135,0.188004495,0.004989035,121.728191059,0,12,12,0,0.011811024,14,0,0,0,0,990,14,3577,10240,4606,15,202893
208,1706585268.282922268,1706585268.382755518,1,0,0,1,-0.244588074,0.062969152,0.015596171,-0.001309319,0.000792308,0.000379454,0.999998757,1069,808,0.755846586,0.019101750,0.010595773,0.007154393,0.029367278,115.040148396,0.000000000,0.025564632,0.049155506,0.185207248,0.005101942,121.326134448,0,20,20,0,0.018709074,11,0,0,0,0,1038,11,3579,10260,4617,15,203931
209,1706585268.382767439,1706585268.482595921,1,0,0,1,-0.243639537,0.062763108,0.015524126,-0.002784424,0.000902819,0.000329617,0.999995662,1049,794,0.756911344,0.021217335,0.010951071,0.007496370,0.033842885,113.957510898,0.000000000,0.025770750,0.050414233,0.174046060,0.005102142,121.420858545,0,16,16,0,0.015252622,15,0,0,0,0,1018,15,3579,10276,4632,15,204949
210,1706585268.482607126,1706585268.582423449,1,0,0,1,-0.254590103,0.065400461,0.013684640,-0.001487153,0.000593658,0.000472087,0.999998607,1083,846,0.781163435,0.020157368,0.010842334,0.007584767,0.029140386,122.054187486,0.000000000,0.026028442,0.048390407,0.178443570,0.005251297,120.996433119,0,24,24,0,0.022160665,14,0,0,0,0,1045,14,3579,10300,4646,15,205994
211,1706585268.582435846,1706585268.682255745,1,0,0,1,-0.267180204,0.065002587,0.011450733,-0.002149053,0.000601755,0.000733719,0.999997241,1067,800,0.749765698,0.019890300,0.010261112,0.007320759,0.026109099,121.847498607,0.000000000,0.025938066,0.047633073,0.188784915,0.005382880,121.110496052,0,20,19,1,0.018744142,11,0,0,0,0,1036,11,3582,10320,4657,15,207030
212,1706585268.683068275,1706585268.782908440,1,0,0,1,-0.261866247,0.065583304,0.012221703,-0.002006958,0.000808063,0.000512473,0.999997528,1054,813,0.771347249,0.019195251,0.011039137,0.007822524,0.025608071,118.288744233,0.000000000,0.026173024,0.046087049,0.180690496,0.005338628,120.562253719,0,18,17,1,0.017077799,8,0,0,0,0,1028,8,3586,10338,4665,15,208058
213,1706585268.782921314,1706585268.882737398,1,0,0,1,-0.264234923,0.070837755,0.009926132,-0.001788153,0.000596134,0.000472448,0.999998112,1068,784,0.734082397,0.019351761,0.010342011,0.007558378,0.025476210,124.913141765,0.000000000,0.026003223,0.044569966,0.172451275,0.005345769,121.516492687,0,21,21,0,0.019662921,8,0,0,0,0,1039,8,3587,10359,4673,15,209097
214,1706585268.882749557,1706585268.982568741,1,0,0,1,-0.251287829,0.068326528,0.013026631,-0.000731625,0.000801060,0.000549394,0.999999261,1085,821,0.756682028,0.020688379,0.011404138,0.007518099,0.026985818,124.838860811,0.000000000,0.026107001,0.043070669,0.174626164,0.005270248,121.980307589,0,21,21,0,0.019354839,14,0,0,0,0,1050,14,3593,10380,4687,15,210147
215,1706585268.982580662,1706585269.081845760,1,0,0,1,-0.254522827,0.065225550,0.012690590,-0.000951220,0.000533202,0.000550405,0.999999254,1034,764,0.738878143,0.017668037,0.010057456,0.007467330,0.022158498,124.155402530,0.000000000,0.025893020,0.045441901,0.170861605,0.004752624,122.275579948,0,21,19,2,0.020309478,7,0,0,0,0,1006,7,3594,10401,4694,15,211153
216,1706585269.082431316,1706585269.180665731,1,0,0,1,-0.241864753,0.060386255,0.013903805,-0.000886870,0.000681059,0.000563464,0.999999216,1066,805,0.755159475,0.018774849,0.010897917,0.007261963,0.023976432,117.701834982,0.000000000,0.025849875,0.043798018,0.166901491,0.004404453,121.623233960,0,21,21,0,0.019699812,7,0,0,0,0,1035,10,3595,10422,4701,15,212188
217,1706585269.183073759,1706585269.282902002,1,0,0,1,-0.242776519,0.059471554,0.013742413,-0.001028961,0.000711895,0.000606258,0.999999033,1025,775,0.756097561,0.017030956,0.008915963,0.006296320,0.024004441,116.681919620,0.000000000,0.025745558,0.050703522,0.156711840,0.004252777,121.093066563,0,17,16,1,0.016585366,11,0,0,0,0,994,14,3600,10439,4712,15,213182
218,1706585269.282914639,1706585269.382742882,1,0,0,1,-0.247231080,0.058082960,0.013403655,-0.000824490,0.000623555,0.000722898,0.999999204,1042,766,0.735124760,0.019206499,0.011549259,0.008026286,0.023830168,126.813234955,0.000000000,0.025576763,0.049050932,0.150439180,0.004174363,121.469762406,0,14,14,0,0.013435701,8,0,0,0,0,1020,8,3602,10453,4720,15,214202
219,1706585269.382754326,1706585269.482600927,1,0,0,1,-0.250534491,0.061058557,0.015851301,-0.000783332,0.000839484,0.000512395,0.999999210,1028,779,0.757782101,0.018688008,0.010315366,0.006989215,0.023152773,122.079204772,0.000000000,0.025597180,0.049495524,0.151062445,0.004457125,120.478216980,0,11,11,0,0.010700389,7,0,0,0,0,1010,7,3604,10464,4727,15,215212
220,1706585269.482613087,1706585269.582431078,1,0,0,1,-0.242256870,0.060962331,0.019573209,-0.001101037,0.000948976,0.000571059,0.999998781,1071,804,0.750700280,0.020061118,0.010499546,0.006948656,0.029769350,113.286510740,0.000000000,0.025779793,0.050254336,0.154525815,0.004242431,120.077273055,0,13,13,0,0.012138189,11,0,0,0,0,1047,11,3604,10477,4738,15,216259
221,1706585269.582442522,1706585269.682269096,1,0,0,1,-0.230137340,0.054418116,0.021035939,-0.001343990,0.001053483,0.000579852,0.999998374,1066,813,0.762664165,0.020961196,0.011617200,0.007805175,0.025031578,130.468381924,0.000000000,0.025848876,0.053528258,0.159445745,0.003786177,119.911884065,0,21,21,0,0.019699812,9,0,0,0,0,1036,9,3605,10498,4747,15,217295
222,1706585269.683079481,1706585269.782906771,1,0,0,1,-0.231540166,0.055951975,0.020594479,-0.001264775,0.001125976,0.000411701,0.999998482,1067,814,0.762886598,0.019003171,0.011019621,0.007737753,0.024936180,126.755804652,0.000000000,0.025797037,0.053425440,0.150870291,0.003933220,120.353710736,0,24,22,2,0.022492971,9,0,0,0,0,1034,9,3611,10522,4756,15,218329
223,1706585269.782918692,1706585269.882751465,1,0,0,1,-0.232237141,0.056757906,0.018528084,-0.002459151,0.000987319,0.000488804,0.999996369,1085,822,0.757603687,0.020228761,0.011561098,0.007922569,0.025500584,131.514205286,0.000000000,0.025917493,0.053908506,0.142552302,0.003700087,120.647401851,0,20,19,1,0.018433180,12,0,0,0,0,1053,12,3613,10542,4768,15,219382
224,1706585269.882763624,1706585269.982479811,1,0,0,1,-0.245960879,0.059304999,0.017622694,-0.002788775,0.001193581,0.000575098,0.999995234,1038,809,0.779383430,0.020130383,0.011502956,0.007805030,0.023435834,131.006179024,0.000000000,0.025783665,0.053532709,0.144342630,0.003503985,121.326211600,0,18,18,0,0.017341040,5,0,0,0,0,1015,5,3617,10560,4773,15,220397
225,1706585269.982604027,1706585270.082443714,1,0,0,1,-0.253768678,0.066490227,0.017511700,-0.000936981,0.001026690,0.000515918,0.999998901,1053,788,0.748338082,0.019106427,0.010794213,0.008003596,0.022138262,127.103557316,0.000000000,0.025658476,0.051190781,0.137464509,0.003540613,122.391399805,0,17,16,1,0.016144349,11,0,0,0,0,1025,11,3621,10577,4784,15,221422
226,1706585270.082455873,1706585270.182295084,1,0,0,1,-0.251153372,0.065169152,0.017380761,-0.001021360,0.000927870,0.000693904,0.999998807,1079,829,0.768303985,0.021464274,0.012064080,0.008559397,0.027821139,124.263649382,0.000000000,0.025856684,0.055351069,0.137796260,0.003815996,122.547110019,0,24,24,0,0.022242817,11,0,0,0,0,1044,11,3626,10601,4795,15,222466
227,1706585270.182707310,1706585270.282530785,1,0,0,1,-0.264942138,0.068296088,0.013882871,-0.000628508,0.000554326,0.000621542,0.999999456,1046,778,0.743785851,0.018216423,0.010038693,0.007266530,0.023022987,122.429162390,0.000000000,0.025765399,0.057575022,0.148960768,0.003764502,122.759956988,0,11,10,1,0.010516252,5,0,0,0,0,1030,5,3627,10612,4800,15,223496
228,1706585270.282541513,1706585270.381712914,1,0,0,1,-0.256624504,0.064739926,0.009847286,-0.002062930,0.000797803,0.000511090,0.999997423,1057,797,0.754020814,0.019359008,0.011411201,0.008024971,0.029600534,108.226879350,0.000000000,0.025777062,0.057370702,0.157892755,0.003885374,122.419293536,0,16,16,0,0.015137181,10,0,0,0,0,1031,10,3627,10628,4810,15,224527
229,1706585270.382773638,1706585270.480582714,1,0,0,1,-0.252959780,0.063035504,0.008155373,-0.001439303,0.000651801,0.000398312,0.999998672,1026,754,0.734892788,0.018094316,0.009627167,0.007053191,0.032300500,98.171503117,0.000000000,0.025699942,0.056271811,0.150861389,0.003821313,121.629993147,0,19,18,1,0.018518519,4,0,0,0,0,1001,6,3630,10647,4814,15,225528
230,1706585270.482616425,1706585270.579521656,1,0,0,1,-0.265901915,0.065626145,0.006113873,-0.001115509,0.000538034,0.000597348,0.999999055,1028,779,0.757782101,0.019219591,0.010397341,0.007424032,0.020383710,134.895549953,0.000000000,0.025262108,0.055627550,0.151424272,0.003697620,122.272061270,0,22,22,0,0.021400778,12,0,0,0,0,993,13,3632,10669,4826,15,226521
231,1706585270.582453489,1706585270.682279110,1,0,0,1,-0.245905859,0.061149743,0.013503530,0.000225440,0.000583946,0.000606083,0.999999620,1047,797,0.761222541,0.020236134,0.011126856,0.007851034,0.026401759,121.253154460,0.000000000,0.025276741,0.056188384,0.167806100,0.003273406,122.242344063,0,21,21,0,0.020057307,17,0,0,0,0,1009,17,3634,10690,4843,15,227530
232,1706585270.683091402,1706585270.782916546,1,0,0,1,-0.243008767,0.060168660,0.012627425,-0.001060756,0.000637606,0.000621303,0.999999041,1061,789,0.743638077,0.019064523,0.009977025,0.007030085,0.021810614,125.982515565,0.000000000,0.025086869,0.056269947,0.164783810,0.003223289,122.627032630,0,18,17,1,0.016965127,9,0,0,0,0,1034,9,3643,10708,4852,15,228564
233,1706585270.782928467,1706585270.882747173,1,0,0,1,-0.249988164,0.064273727,0.014864191,-0.001697241,0.000816338,0.000378706,0.999998155,1049,797,0.759771211,0.020583841,0.010915224,0.007428444,0.025749428,133.337900811,0.000000000,0.025100530,0.057843814,0.159636272,0.003555049,123.048270582,0,17,17,0,0.016205910,14,0,0,0,0,1018,14,3642,10725,4866,15,229582
234,1706585270.882759571,1706585270.982589960,1,0,0,1,-0.250594014,0.062710113,0.014834010,-0.000210149,0.000640895,0.000592794,0.999999597,1086,815,0.750460405,0.019697323,0.010839295,0.007737719,0.025990424,123.172593582,0.000000000,0.025050760,0.056067738,0.156819632,0.003983548,122.964957221,0,17,17,0,0.015653775,8,0,0,0,0,1061,8,3643,10742,4874,15,230643
235,1706585270.982601881,1706585271.082431555,1,0,0,1,-0.228554048,0.056185297,0.016291293,-0.001353845,0.000917144,0.000590295,0.999998489,1069,810,0.757717493,0.020215734,0.011160676,0.007993750,0.031472558,116.365654463,0.000000000,0.025516463,0.052842213,0.166245495,0.003964835,122.575469817,0,15,15,0,0.014031805,17,0,0,0,0,1037,17,3643,10757,4891,15,231680
236,1706585271.082443237,1706585271.182257891,1,0,0,1,-0.228870423,0.055997986,0.014799578,-0.001784148,0.000854731,0.000472381,0.999997932,1055,816,0.773459716,0.018362313,0.009517810,0.006979968,0.024335593,131.943202007,0.000000000,0.025534421,0.053806339,0.166480298,0.004115899,123.287538168,0,9,9,0,0.008530806,9,0,0,0,0,1037,9,3645,10766,4900,15,232717
237,1706585271.183068037,1706585271.282888889,1,0,0,1,-0.224582673,0.056084189,0.015763779,-0.001268125,0.000937739,0.000423579,0.999998667,1064,779,0.732142857,0.019209664,0.011495143,0.008400454,0.022823185,123.781070084,0.000000000,0.025475358,0.045567138,0.166197714,0.003979114,123.642495692,0,14,14,0,0.013157895,6,0,0,0,0,1044,6,3647,10780,4906,15,233761
238,1706585271.282912493,1706585271.382742405,1,0,0,1,-0.226753240,0.058839410,0.012659837,-0.003359152,0.001083750,0.000391172,0.999993694,1048,792,0.755725191,0.019417186,0.010706596,0.007350244,0.025922432,122.672552462,0.000000000,0.025579971,0.045391992,0.165806214,0.003627542,123.435461567,0,14,14,0,0.013358779,10,0,0,0,0,1024,10,3649,10794,4916,15,234785
239,1706585271.382753849,1706585271.482575178,1,0,0,1,-0.238131137,0.058565283,0.009084053,-0.001808987,0.000682312,0.000517569,0.999997997,1082,798,0.737523105,0.019034386,0.009976515,0.007067598,0.025916846,127.816422854,0.000000000,0.025718175,0.044635788,0.168659530,0.003768596,123.722322471,0,19,19,0,0.017560074,10,0,0,0,0,1053,10,3652,10813,4926,15,235838
240,1706585271.482587099,1706585271.582421780,1,0,0,1,-0.252865689,0.060904589,0.013903226,-0.000810076,0.000980580,0.000644867,0.999998983,1050,793,0.755238095,0.019392537,0.010304768,0.007076562,0.020942487,131.119369391,0.000000000,0.025276832,0.044397519,0.170486692,0.004007230,124.613965404,0,29,29,0,0.027619048,8,0,0,0,0,1013,8,3653,10842,4934,15,236851
241,1706585271.582433224,1706585271.681654692,1,0,0,1,-0.249265084,0.060491877,0.012871783,-0.000879565,0.000746373,0.000845414,0.999998977,1043,772,0.740172579,0.017971794,0.009665642,0.006710093,0.022535641,125.489918087,0.000000000,0.025152035,0.044816114,0.172129811,0.004072280,124.365042212,0,11,11,0,0.010546500,6,0,0,0,0,1025,7,3655,10853,4940,15,237876
242,1706585271.683065414,1706585271.780583143,1,0,0,1,-0.267172068,0.064896751,0.009943282,-0.001649321,0.000680458,0.000673996,0.999998181,1047,779,0.744030564,0.019711834,0.009419536,0.006811908,0.020800422,129.103804061,0.000000000,0.024945247,0.044607154,0.188476765,0.004263854,124.482442182,0,11,11,0,0.010506208,12,0,0,0,0,1024,12,3658,10864,4952,15,238900
243,1706585271.782916784,1706585271.882760525,1,0,0,1,-0.261414196,0.062777715,0.006939699,-0.001329573,0.000382693,0.000727482,0.999998778,1036,773,0.746138996,0.018799902,0.010219460,0.007452554,0.025682067,119.955182054,0.000000000,0.024954321,0.044282955,0.181320500,0.004201264,123.904491021,0,15,14,1,0.014478764,6,0,0,0,0,1015,6,3662,10879,4958,15,239915
244,1706585271.882771969,1706585271.982606649,1,0,0,1,-0.252266030,0.060747221,0.008423475,-0.000217359,0.000590009,0.000563476,0.999999644,1055,780,0.739336493,0.019269288,0.009831189,0.006711062,0.020904153,132.353284071,0.000000000,0.024827737,0.043444064,0.180196654,0.004414891,123.971846273,0,12,12,0,0.011374408,6,0,0,0,0,1037,6,3666,10891,4964,15,240952
245,1706585271.982617855,1706585272.082442760,1,0,0,1,-0.257200279,0.064707948,0.011128531,-0.001020448,0.000747280,0.000516920,0.999999067,1078,805,0.746753247,0.018759760,0.010253139,0.007348960,0.024532168,128.455621964,0.000000000,0.024947432,0.043887222,0.184144944,0.004153273,124.039449505,0,18,15,3,0.016697588,7,0,0,0,0,1053,7,3669,10909,4971,15,242005
246,1706585272.082455635,1706585272.182288170,1,0,0,1,-0.253112280,0.063424365,0.015349351,-0.001413989,0.000873041,0.000540325,0.999998473,1090,818,0.750458716,0.019537805,0.010605969,0.007658235,0.024818129,121.948293375,0.000000000,0.024797282,0.035989473,0.175594349,0.004055614,123.923681705,0,21,21,0,0.019266055,12,0,0,0,0,1057,12,3671,10930,4983,15,243062
247,1706585272.183097839,1706585272.282929182,1,0,0,1,-0.258345497,0.065590199,0.015664832,-0.002315134,0.000838074,0.000424606,0.999996879,1080,812,0.751851852,0.020416657,0.011333661,0.007948365,0.027062289,121.396179994,0.000000000,0.024999247,0.036225561,0.171361505,0.004064965,123.872032585,0,21,21,0,0.019444444,11,0,0,0,0,1048,11,3670,10951,4994,15,244110
248,1706585272.282940388,1706585272.382767677,1,0,0,1,-0.256647449,0.058867166,0.011339488,-0.003053433,0.000908802,0.000745440,0.999994647,1081,826,0.764107308,0.020339274,0.010175145,0.007250681,0.027356930,121.229389638,0.000000000,0.024887067,0.037922988,0.175152557,0.004480819,124.522158100,0,19,17,2,0.017576318,7,0,0,0,0,1055,7,3673,10970,5001,15,245165
249,1706585272.382778645,1706585272.482031345,1,0,0,1,-0.260114000,0.062350548,0.009384501,-0.002181427,0.000854619,0.000400256,0.999997175,1054,790,0.749525617,0.018803077,0.010883116,0.008110203,0.025189027,122.938791586,0.000000000,0.024531493,0.035450375,0.167085676,0.004770611,125.760522523,0,17,17,0,0.016129032,8,0,0,0,0,1029,8,3676,10987,5009,15,246194
250,1706585272.482617378,1706585272.582447529,1,0,0,1,-0.259659698,0.065171788,0.008129919,-0.002782184,0.000831742,0.000397016,0.999995705,1035,784,0.757487923,0.018529237,0.010069301,0.007027294,0.026253945,119.533708295,0.000000000,0.024825005,0.036812485,0.148423803,0.004759058,124.992430440,0,11,11,0,0.010628019,9,0,0,0,0,1015,9,3678,10998,5018,15,247209
251,1706585272.582458973,1706585272.682267427,1,0,0,1,-0.266541866,0.061887126,0.008945306,-0.002269409,0.000914984,0.000851944,0.999996643,1061,790,0.744580584,0.020509473,0.011810176,0.007954751,0.025338760,124.292266841,0.000000000,0.024771855,0.037761040,0.152911395,0.005640566,125.144386059,0,17,16,1,0.016022620,16,0,0,0,0,1028,16,3680,11015,5034,15,248237
252,1706585272.683078289,1706585272.782893896,1,0,0,1,-0.269782773,0.068439241,0.012264887,-0.002542832,0.001061107,0.000540456,0.999996058,1049,781,0.744518589,0.019593546,0.010822089,0.007561815,0.023585074,120.958891287,0.000000000,0.024860578,0.037587451,0.152539279,0.005778170,124.893204845,0,16,14,2,0.015252622,10,0,0,0,0,1023,10,3683,11031,5044,15,249260
253,1706585272.782906294,1706585272.882686377,1,0,0,1,-0.264048059,0.071695446,0.008622281,-0.000426978,0.000413986,0.000577674,0.999999656,1033,778,0.753146176,0.020144428,0.010756719,0.007578342,0.025289833,117.891573396,0.000000000,0.024837598,0.036095828,0.158395938,0.005426971,124.120888475,0,12,12,0,0.011616651,9,0,0,0,0,1012,9,3686,11043,5053,15,250272
254,1706585272.882748365,1706585272.981641293,1,0,0,1,-0.255697585,0.067486820,0.007972498,-0.000573251,0.000589779,0.000695797,0.999999420,1058,776,0.733459357,0.018869956,0.010498875,0.006942068,0.021903336,134.227787014,0.000000000,0.024633244,0.036421053,0.144737929,0.005655683,124.673648146,0,15,13,2,0.014177694,8,0,0,0,0,1033,10,3688,11058,5061,15,251305
255,1706585272.982575655,1706585273.080714464,1,0,0,1,-0.248864364,0.068811719,0.009729601,-0.000938960,0.000511557,0.000355224,0.999999365,1043,799,0.766059444,0.018768868,0.010616070,0.007899252,0.027332325,115.882464710,0.000000000,0.024426232,0.035563472,0.150380408,0.006100720,124.649488659,0,13,12,1,0.012464046,11,0,0,0,0,1019,11,3691,11071,5072,15,252324
256,1706585273.082397938,1706585273.182213306,1,0,0,1,-0.252740232,0.067017150,0.012012446,-0.000275344,0.000571635,0.000586330,0.999999627,1055,769,0.728909953,0.019988603,0.010906371,0.007618855,0.023227938,125.947557104,0.000000000,0.024370849,0.034562442,0.150827693,0.006466647,124.349706413,0,16,14,2,0.015165877,4,0,0,0,0,1033,6,3695,11087,5076,15,253357
257,1706585273.183023691,1706585273.282862186,1,0,0,1,-0.243647369,0.060061815,0.014860051,-0.000949520,0.000746839,0.000685840,0.999999035,1074,802,0.746741155,0.019554970,0.010727147,0.007861584,0.024244331,120.122503249,0.000000000,0.024441907,0.034558702,0.157940842,0.006594843,124.166778072,0,10,9,1,0.009310987,7,0,0,0,0,1056,8,3699,11097,5083,15,254413
258,1706585273.282874107,1706585273.382721901,1,1,1,1,-0.229177609,0.055509184,0.016585861,-0.000190707,0.000841884,0.000591567,0.999999452,1067,779,0.730084349,0.019737733,0.010251829,0.007123197,0.018773023,136.500677240,0.050000000,0.024084436,0.034774798,0.161278054,0.006524683,124.858184311,1,6,6,0,0.005623243,13,9,0,0,0,1039,22,3700,11103,5105,15,255452
259,1706585273.382733345,1706585273.482568741,1,0,0,1,-0.205512734,0.051184017,0.019121609,-0.001957017,0.001083070,0.000329143,0.999997444,1067,806,0.755388941,0.020642155,0.010917844,0.007684159,0.025939864,126.640817418,0.050000000,0.024085587,0.037065689,0.169790074,0.006797971,124.799404039,0,23,23,0,0.021555764,17,0,0,0,0,1027,17,3703,11126,5122,15,256479
260,1706585273.482581377,1706585273.582397938,1,0,0,1,-0.196166893,0.048485737,0.020739799,-0.001333265,0.000985561,0.000260477,0.999998592,1099,819,0.745222930,0.018229608,0.009872864,0.006998620,0.027834948,108.610172078,0.050000000,0.024430210,0.039694329,0.175883214,0.006532324,123.673944173,0,23,22,1,0.020928116,11,0,0,0,0,1064,12,3705,11149,5133,15,257543
261,1706585273.582408905,1706585273.682239294,1,0,0,1,-0.200146139,0.050410814,0.021033879,-0.002075579,0.000444605,0.000039954,0.999997746,1072,800,0.746268657,0.019682440,0.010243354,0.007003396,0.028634367,114.067772899,0.050000000,0.024735147,0.035787084,0.161641548,0.006628818,123.102836914,0,14,14,0,0.013059701,10,0,0,0,0,1048,10,3706,11163,5143,15,258591
262,1706585273.683049679,1706585273.781307459,1,0,0,1,-0.187228790,0.049449530,0.021182567,-0.001889488,-0.000143825,-0.000688268,0.999997968,1036,783,0.755791506,0.019148429,0.010154099,0.007246674,0.025239534,117.084147973,0.050000000,0.024957102,0.035942881,0.167764297,0.007974675,122.501854109,0,26,26,0,0.025096525,3,0,0,0,0,1007,3,3709,11189,5146,15,259598
263,1706585273.782891989,1706585273.882711411,1,0,0,1,-0.165624480,0.042112846,0.017603825,-0.004114816,-0.000523245,-0.001546669,0.999990201,1068,804,0.752808989,0.021058581,0.010771559,0.007787023,0.029209149,115.626594782,0.050000000,0.025133456,0.038942900,0.181371788,0.009360445,122.285424746,0,21,21,0,0.019662921,9,0,0,0,0,1038,9,3710,11210,5155,15,260636
264,1706585273.882722616,1706585273.982553244,1,0,0,1,-0.147770051,0.048648875,0.019392392,-0.003899616,-0.000151583,-0.003583516,0.999985964,1065,805,0.755868545,0.019534936,0.010145051,0.007047929,0.026125432,126.994076771,0.050000000,0.025394520,0.038752802,0.193587647,0.013342866,122.017464381,0,22,22,0,0.020657277,9,0,0,0,0,1034,9,3710,11232,5164,15,261670
265,1706585273.982564688,1706585274.082395315,1,0,0,1,-0.125125678,0.052538339,0.016601983,-0.003559941,-0.000973890,-0.004764997,0.999981836,1087,823,0.757129715,0.019661558,0.010954427,0.008149500,0.022458001,127.629507530,0.050000000,0.025290812,0.037421004,0.210717915,0.015654239,121.976158659,0,25,24,1,0.022999080,10,0,0,0,0,1052,10,3712,11257,5174,15,262722
266,1706585274.082406282,1706585274.182214737,1,0,0,1,-0.097241182,0.048845180,0.015429753,-0.002464494,-0.001103210,-0.007334917,0.999969454,1059,806,0.761095373,0.020008111,0.011227458,0.007906983,0.027275060,112.792540060,0.050000000,0.025413658,0.037576932,0.233197863,0.020562848,121.518370993,0,34,34,0,0.032105760,14,0,0,0,0,1011,14,3714,11291,5188,15,263733
267,1706585274.183024645,1706585274.281834602,1,0,0,1,-0.053923989,0.046470045,0.018556574,-0.002099055,-0.001871389,-0.009821331,0.999947815,1078,822,0.762523191,0.020653574,0.011236085,0.008068468,0.028921872,116.373613370,0.050000000,0.025506638,0.038255290,0.268520076,0.024893526,121.267242662,0,44,43,1,0.040816327,13,0,0,0,0,1021,13,3716,11335,5201,15,264754
268,1706585274.282869577,1706585274.382702112,1,0,0,1,-0.012717859,0.039797630,0.013987368,-0.003157174,-0.001685857,-0.013468866,0.999902885,1079,803,0.744207600,0.020070393,0.010954661,0.007526016,0.028253335,121.178726066,0.050000000,0.025551458,0.037788857,0.305223324,0.031497687,121.264709483,0,67,67,0,0.062094532,12,0,0,0,0,1000,12,3714,11402,5213,15,265754
269,1706585274.382713795,1706585274.482534170,1,0,0,1,0.020102647,0.042374593,0.017764485,-0.004217054,-0.002072124,-0.017052924,0.999843548,1121,848,0.756467440,0.020609849,0.010249586,0.007334746,0.033992430,115.188233878,0.050000000,0.025991628,0.037627150,0.335239951,0.038652372,120.877181598,0,50,50,0,0.044603033,12,0,0,0,0,1059,12,3718,11452,5225,15,266813
270,1706585274.482546091,1706585274.582382917,1,0,0,1,0.091101262,0.029197251,0.017046119,-0.002675242,-0.001218078,-0.019407348,0.999807339,1156,855,0.739619377,0.021908788,0.010626342,0.007526439,0.038094546,101.640037392,0.050000000,0.026583658,0.041467674,0.399785347,0.042462658,119.982498053,0,35,35,0,0.030276817,19,0,0,0,0,1102,19,3720,11487,5244,15,267915
271,1706585274.582395077,1706585274.682237148,1,0,0,1,0.143827652,0.025813462,0.018947382,-0.004011988,-0.001699151,-0.022328925,0.999741184,1144,874,0.763986014,0.020307950,0.010383069,0.007623552,0.027905262,130.549633160,0.050000000,0.026711983,0.041184268,0.444626120,0.047675648,120.295366369,0,42,41,1,0.036713287,18,0,0,0,0,1084,18,3721,11529,5262,15,268999
272,1706585274.683048010,1706585274.782881498,1,0,0,1,0.186186089,0.019431957,0.016074689,-0.002314730,-0.001287481,-0.024462891,0.999697230,1165,867,0.744206009,0.020286886,0.010926011,0.007968756,0.037117020,99.079648744,0.050000000,0.027388580,0.041142685,0.480024963,0.051873094,119.201404242,0,28,28,0,0.024034335,11,0,0,0,0,1126,11,3724,11557,5273,15,270125
273,1706585274.782893181,1706585274.882719755,1,0,0,1,0.210785080,0.022756236,0.018953446,-0.001621621,-0.002415777,-0.026688335,0.999639569,1150,877,0.762608696,0.020374573,0.010935043,0.007498789,0.025509261,126.360813931,0.050000000,0.027399552,0.041336501,0.495640287,0.056088050,119.624866269,0,27,27,0,0.023478261,5,0,0,0,0,1118,5,3728,11584,5278,15,271243
274,1706585274.882731676,1706585274.982370853,1,0,0,1,0.252328481,0.017660088,0.020745527,-0.002463234,-0.003477680,-0.027161037,0.999621987,1138,862,0.757469244,0.022004226,0.011705795,0.008259203,0.037133595,104.638205184,0.050000000,0.028161065,0.044666670,0.530354606,0.056343505,118.145387177,0,25,24,1,0.021968366,15,0,0,0,0,1098,15,3729,11609,5293,15,272341
275,1706585274.982582808,1706585275.080907106,1,0,0,1,0.286509575,0.016174732,0.021066544,-0.001776084,-0.005248625,-0.027819603,0.999597603,1135,861,0.758590308,0.021140402,0.011701559,0.008477630,0.032932660,116.044441135,0.050000000,0.028441081,0.042970608,0.559726509,0.057198158,118.153485998,0,30,29,1,0.026431718,8,0,0,0,0,1097,8,3731,11639,5301,15,273438
276,1706585275.082417488,1706585275.179458618,1,0,0,1,0.335949478,0.005180650,0.020757080,0.000661817,-0.004344135,-0.028016227,0.999597810,1146,850,0.741710297,0.021409771,0.012412878,0.008652748,0.030590547,111.012690932,0.050000000,0.028809212,0.044531351,0.598578148,0.057417364,117.406742690,0,37,36,1,0.032286213,13,0,0,0,0,1096,13,3735,11676,5314,15,274534
277,1706585275.183065653,1706585275.282875538,1,0,0,1,0.384698013,-0.007153232,0.013561819,0.002354970,0.001630732,-0.030566265,0.999528638,1167,878,0.752356470,0.018923288,0.010671792,0.007650727,0.029683922,119.205257642,0.050000000,0.029081191,0.046369115,0.634108041,0.062317275,117.360880409,0,40,38,2,0.034275921,18,0,0,0,0,1109,18,3740,11716,5332,15,275643
278,1706585275.282887697,1706585275.382710695,1,0,0,1,0.457110473,-0.019283597,0.011138477,0.005133093,0.004595289,-0.031654843,0.999475115,1129,818,0.724534987,0.021423754,0.011263036,0.008204241,0.027974490,123.549374409,0.000000000,0.029541265,0.047347320,0.683379327,0.063928400,116.713315268,0,42,42,0,0.037201063,15,0,0,0,0,1072,15,3741,11758,5347,15,276715
279,1706585275.382723331,1706585275.482552290,1,0,0,1,0.511407555,-0.020553970,0.009728405,0.002768921,0.005366998,-0.033427358,0.999422904,1127,850,0.754214729,0.020285426,0.011514090,0.008344730,0.029358353,121.326421808,0.000000000,0.029712189,0.047280652,0.727848332,0.067358473,116.447595487,0,46,45,1,0.040816327,13,0,0,0,0,1067,14,3748,11804,5360,15,277782
280,1706585275.482563496,1706585275.582183599,1,0,0,1,0.569134424,-0.027469695,0.008747933,0.003403115,0.007305397,-0.036482373,0.999301799,1122,829,0.738859180,0.022733665,0.012771093,0.008963335,0.032392438,120.402325942,0.000000000,0.029940064,0.047136172,0.781566033,0.073014828,117.037203180,0,26,26,0,0.023172906,15,0,0,0,0,1081,15,3751,11830,5375,15,278863
281,1706585275.582395315,1706585275.682225943,1,0,0,1,0.634857093,-0.037169173,0.011636266,0.002521676,0.007466015,-0.040322822,0.999155628,1131,851,0.752431477,0.022208241,0.012399867,0.008891841,0.036643665,110.737349118,0.000000000,0.030340529,0.048827660,0.835109416,0.079260474,116.870681991,0,25,25,0,0.022104332,16,0,0,0,0,1090,16,3754,11855,5391,15,279953
282,1706585275.683036327,1706585275.782867670,1,0,0,1,0.704219616,-0.045395968,0.007800391,0.000974745,0.007690102,-0.042886763,0.999049868,1201,859,0.715237302,0.022548656,0.012805720,0.008738482,0.026974979,135.677693740,0.000000000,0.030427301,0.049038435,0.881968323,0.082703460,117.800359280,0,35,33,2,0.029142381,17,0,0,0,0,1149,17,3760,11890,5408,15,281102
283,1706585275.782878876,1706585275.882707596,1,0,0,1,0.780471584,-0.052359667,0.015728579,0.002275741,0.007977201,-0.047829544,0.998821065,1186,883,0.744519393,0.022062907,0.011404867,0.007922260,0.038328128,105.668970118,0.000000000,0.030883250,0.050487643,0.939849867,0.088502523,117.302478047,0,29,27,2,0.024451939,18,0,0,0,0,1139,18,3766,11919,5426,15,282241
284,1706585275.882719755,1706585275.982544899,1,0,0,1,0.837124701,-0.056128386,0.021631083,-0.000991104,0.012003470,-0.053463079,0.998497188,1181,870,0.736663844,0.026599715,0.014119150,0.010091253,0.037509451,111.711528772,0.000000000,0.031452451,0.074592156,0.973789373,0.097500828,116.538350647,0,43,43,0,0.036409822,22,0,0,0,0,1116,22,3769,11962,5448,15,283357
285,1706585275.982556105,1706585276.082394838,1,0,0,1,0.893203085,-0.061277116,0.025201974,-0.004878721,0.006749935,-0.056095213,0.998390687,1194,897,0.751256281,0.022609776,0.013303080,0.008850727,0.033128207,117.015309950,0.000000000,0.031985961,0.073208886,1.002064305,0.097656625,116.007640768,0,40,37,3,0.033500838,15,0,0,0,0,1139,15,3783,12002,5463,15,284496
286,1706585276.082406282,1706585276.182242870,1,0,0,1,0.950030171,-0.084697128,0.022537352,0.004421247,-0.001469839,-0.057949430,0.998308648,1243,895,0.720032180,0.024804959,0.013691259,0.009575857,0.039705705,115.474486925,0.000000000,0.032607493,0.078359639,1.020091169,0.096340801,116.141738111,0,61,59,2,0.049074819,18,0,0,0,0,1164,18,3792,12063,5481,15,285660
287,1706585276.183053970,1706585276.281852961,1,0,0,1,1.022365555,-0.109152296,0.021274601,0.009487516,-0.003937228,-0.060047959,0.998142639,1252,930,0.742811502,0.023289084,0.013123743,0.008810365,0.036701319,120.434830308,0.000000000,0.032996466,0.078797190,1.054466889,0.093311909,116.344798958,0,41,41,0,0.032747604,18,0,0,0,0,1192,19,3799,12104,5499,15,286852
288,1706585276.282888412,1706585276.380444527,1,0,0,1,1.111170377,-0.120974231,0.018059635,0.006273932,-0.003069880,-0.062060149,0.998047971,1255,915,0.729083665,0.022629825,0.013305045,0.009314211,0.037937358,118.466575133,0.000000000,0.033480667,0.076637120,1.110975321,0.090147707,116.209191411,0,55,53,2,0.043824701,19,0,0,0,0,1181,19,3813,12159,5518,15,288033
289,1706585276.382752657,1706585276.482582808,1,0,0,1,1.187166962,-0.131673739,0.018872727,0.007422440,-0.003640363,-0.061844291,0.998051571,1271,930,0.731707317,0.024090877,0.013077634,0.008878949,0.036031694,126.932905286,0.000000000,0.033582630,0.077682903,1.115511013,0.085844488,116.796424982,0,50,48,2,0.039339103,16,0,0,0,0,1205,16,3822,12209,5534,15,289238
290,1706585276.482594728,1706585276.582422256,1,0,0,1,1.283051643,-0.143881667,0.015770375,0.003913470,-0.003145104,-0.060313311,0.998166869,1286,933,0.725505443,0.022871195,0.013374089,0.009149632,0.039662293,115.738223785,0.000000000,0.033661017,0.077872888,1.159350439,0.083102358,117.501334301,0,40,39,1,0.031104199,16,0,0,0,0,1230,16,3828,12249,5550,15,290468
291,1706585276.582434177,1706585276.682277679,1,0,0,1,1.362108169,-0.149265166,0.014769924,0.004330834,-0.003957890,-0.057726908,0.998315172,1253,918,0.732641660,0.022026039,0.012473639,0.008481611,0.035583267,127.198429343,0.000000000,0.034044918,0.075280231,1.195663709,0.083996892,117.333774110,0,43,38,5,0.034317638,14,0,0,0,0,1196,14,3837,12292,5564,15,291664
292,1706585276.683088303,1706585276.782930136,1,0,0,1,1.458255879,-0.169232647,0.014140885,0.007197971,-0.001921762,-0.056533399,0.998372912,1214,874,0.719934102,0.022182507,0.012381319,0.008897887,0.035727571,131.297646128,0.000000000,0.033975445,0.072299791,1.268875956,0.081947423,118.944673979,0,35,32,3,0.028830313,21,0,0,0,0,1158,21,3847,12327,5585,15,292822
293,1706585276.782942295,1706585276.882766962,1,0,0,1,1.529600118,-0.176140629,0.013407418,0.004126861,-0.000074920,-0.056848508,0.998374284,1236,901,0.728964401,0.022319787,0.013305931,0.009229290,0.037677630,117.638892722,0.000000000,0.034583864,0.069208276,1.298664448,0.081616222,118.508577919,0,50,47,3,0.040453074,10,0,0,0,0,1176,10,3854,12377,5595,15,293998
294,1706585276.882779360,1706585276.982600927,1,0,0,1,1.614930844,-0.182482070,0.020078314,-0.001180820,0.000261679,-0.060046976,0.998194820,1226,872,0.711256117,0.023689499,0.013599257,0.009409446,0.036759993,116.390223160,0.000000000,0.034565184,0.069900314,1.350275271,0.086707494,119.096178818,0,52,51,1,0.042414356,25,0,0,0,0,1149,25,3865,12429,5620,15,295147
295,1706585276.982612848,1706585277.082437038,1,0,0,1,1.686381472,-0.201782857,0.014849603,-0.000190458,0.002194865,-0.065367693,0.997858813,1309,921,0.703590527,0.026563512,0.013825199,0.010181710,0.036885993,114.644751039,0.000000000,0.034762850,0.077789743,1.373822819,0.096954031,119.026194313,0,62,60,2,0.047364400,27,0,0,0,0,1220,27,3879,12491,5647,15,296367
296,1706585277.082449436,1706585277.182262182,1,0,0,1,1.766978589,-0.221374215,0.015486103,-0.000162086,0.001482817,-0.071821360,0.997416396,1271,893,0.702596381,0.023167734,0.012719826,0.008994904,0.045000171,113.594398730,0.000000000,0.035483331,0.076355223,1.405972505,0.104803678,119.155279703,0,56,56,0,0.044059795,20,0,0,0,0,1195,20,3886,12547,5667,15,297562
297,1706585277.183085203,1706585277.282905579,1,0,0,1,1.855072088,-0.236558880,0.019154720,-0.003853808,0.005047096,-0.080323991,0.996748580,1321,949,0.718395155,0.024141844,0.013592809,0.009258667,0.034249203,130.042538375,0.000000000,0.035711595,0.065446615,1.421978925,0.119760925,119.697143740,0,51,51,0,0.038607116,23,0,0,0,0,1247,23,3899,12598,5690,15,298809
298,1706585277.282916784,1706585277.382728577,1,0,0,1,1.945107078,-0.247385512,0.020561332,-0.006357584,0.002887627,-0.088163617,0.996081532,1353,973,0.719142646,0.025411980,0.014634282,0.010472260,0.052326504,110.477615647,0.000000000,0.036929196,0.066039851,1.458343191,0.131921836,119.043555801,0,67,65,2,0.049519586,23,0,0,0,0,1263,23,3911,12665,5713,15,300072
299,1706585277.382740259,1706585277.482571125,1,0,0,1,2.042547210,-0.277494440,0.015046301,-0.000930930,0.000179540,-0.093788964,0.995591649,1384,1007,0.727601156,0.024914765,0.013304648,0.009722577,0.049171673,122.454968716,0.000000000,0.037919862,0.059873296,1.502330199,0.137088208,119.099983147,0,72,70,2,0.052023121,25,0,0,0,0,1287,25,3919,12737,5738,15,301359
300,1706585277.482584000,1706585277.581471920,1,0,0,1,2.120908998,-0.311501823,0.014035957,0.006966346,0.001772447,-0.101923633,0.994766255,1373,999,0.727603787,0.030428570,0.018009666,0.012493340,0.055071386,126.964356185,0.000000000,0.039053810,0.085408400,1.521261770,0.145708005,119.428084659,0,75,72,3,0.054624909,29,0,0,0,0,1269,29,3945,12812,5767,15,302628
301,1706585277.582409382,1706585277.680026054,1,0,0,1,2.214786382,-0.332378181,0.012101849,0.011730373,0.004948078,-0.100612309,0.994844248,1328,960,0.722891566,0.034311929,0.019065873,0.014123326,0.054320956,129.723694864,0.000000000,0.039937674,0.122646731,1.547497883,0.143280111,120.377401946,0,85,82,3,0.064006024,44,0,0,0,0,1199,44,3964,12897,5811,15,303827
302,1706585277.683056116,1706585277.782880068,1,0,0,1,2.309974163,-0.356642356,0.009040821,0.006887667,0.007631642,-0.096181286,0.995310745,1371,1001,0.730123997,0.026534549,0.016104040,0.010785085,0.046195139,132.023528619,0.000000000,0.040898682,0.121413688,1.568798604,0.142280428,120.194693690,0,62,59,3,0.045222465,21,0,0,0,0,1288,21,3977,12959,5832,15,305115
303,1706585277.782891750,1706585277.882724047,1,0,0,1,2.423544617,-0.385011962,0.001489594,0.010848758,0.007851471,-0.092204285,0.995650053,1342,962,0.716840537,0.029114669,0.015653856,0.010709245,0.058001574,112.907152302,0.000000000,0.041882354,0.122848547,1.629017761,0.138984670,120.556602799,0,62,59,3,0.046199702,19,0,0,0,0,1259,21,3999,13021,5851,15,306374
304,1706585277.882735968,1706585277.982570887,1,0,0,1,2.516522888,-0.413239795,-0.004740030,0.018191741,0.011639547,-0.088332597,0.995856884,1295,903,0.697297297,0.025466474,0.014295515,0.009702315,0.042249961,128.581337204,0.000000000,0.042119380,0.122407350,1.669958668,0.141711425,121.400093221,0,40,39,1,0.030888031,20,0,0,0,0,1235,20,4008,13061,5871,15,307609
305,1706585277.982583523,1706585278.082426786,1,0,0,1,2.610880269,-0.431559881,-0.004873115,0.019678027,0.013031872,-0.084734124,0.996124025,1259,891,0.707704527,0.025505814,0.014070507,0.010052662,0.055629547,105.076741339,0.000000000,0.043244447,0.119728774,1.704556509,0.145365639,120.803164790,0,44,44,0,0.034948372,21,0,0,0,0,1194,21,4015,13105,5892,15,308803
306,1706585278.082437277,1706585278.182263613,1,0,0,1,2.705832028,-0.443032074,-0.014156450,0.017820432,0.017029558,-0.081772068,0.996346203,1210,873,0.721487603,0.026044626,0.013635445,0.009563216,0.039129583,114.310224142,0.000000000,0.043215641,0.119614271,1.724280368,0.147105363,120.744951651,0,36,36,0,0.029752066,17,0,0,0,0,1157,17,4017,13141,5909,15,309960
307,1706585278.183074713,1706585278.282905579,1,0,0,1,2.787579928,-0.444800011,-0.012073048,0.009129779,0.017780464,-0.078483230,0.996715047,1236,879,0.711165049,0.023763648,0.013438185,0.009240540,0.044603608,108.922754398,0.000000000,0.043610755,0.118965176,1.716428004,0.149405497,120.169347856,0,41,37,4,0.033171521,20,0,0,0,0,1175,20,4026,13182,5929,15,311135
308,1706585278.282917738,1706585278.382734060,1,0,0,1,2.894027075,-0.452544222,-0.011695967,0.005078983,0.016100249,-0.074014961,0.997114222,1223,879,0.718724448,0.029330052,0.016090105,0.011880994,0.045892425,104.318957711,0.000000000,0.044008509,0.119794505,1.746406764,0.157803978,119.461966985,0,48,46,2,0.039247751,22,0,0,0,0,1153,22,4041,13230,5951,15,312288
309,1706585278.382745981,1706585278.482460499,1,0,0,1,3.002938129,-0.473125114,-0.018545879,0.001836910,0.014357106,-0.069482235,0.997478179,1207,873,0.723280862,0.029240053,0.017133953,0.012025869,0.051832649,101.807043241,0.000000000,0.044798556,0.121625124,1.760748326,0.163701124,118.205673882,0,40,38,2,0.033140017,14,0,0,0,0,1152,15,4049,13270,5965,15,313440
310,1706585278.482583761,1706585278.582417011,1,0,0,1,3.083792353,-0.482377634,-0.018052427,0.007255072,0.012678007,-0.065476515,0.997747191,1188,856,0.720538721,0.026440499,0.015732863,0.011328537,0.038901118,119.937277822,0.000000000,0.044760498,0.117956260,1.762885799,0.166704183,118.415626584,0,41,39,2,0.034511785,11,0,0,0,0,1136,11,4058,13311,5976,15,314576
311,1706585278.582428932,1706585278.682270765,1,0,0,1,3.173747126,-0.493631908,-0.019385305,0.007045610,0.011454080,-0.061796920,0.997998148,1209,873,0.722084367,0.025113165,0.013750012,0.009563954,0.044673146,100.357054051,0.000000000,0.045214992,0.112283388,1.755350437,0.171661554,117.073557820,0,46,46,0,0.038047974,16,0,0,0,0,1147,16,4064,13357,5992,15,315723
312,1706585278.683082104,1706585278.782407045,1,0,0,1,3.259540459,-0.496806098,-0.023214836,0.000046419,0.007623127,-0.060329405,0.998149412,1192,846,0.709731544,0.029604481,0.016816319,0.011878662,0.049845360,97.428231972,0.000000000,0.045920881,0.108426539,1.769606190,0.173847624,115.380087112,0,40,39,1,0.033557047,27,0,0,0,0,1125,27,4072,13397,6019,15,316848
313,1706585278.782917261,1706585278.881040573,1,0,0,1,3.343325527,-0.502748529,-0.023340022,0.000486290,0.007064934,-0.058706601,0.998250162,1176,857,0.728741497,0.025793334,0.014646922,0.010775710,0.040809327,107.487592462,0.000000000,0.046077466,0.101719766,1.767776138,0.170698074,114.872522099,0,25,25,0,0.021258503,18,0,0,0,0,1133,18,4077,13422,6037,15,317981
314,1706585278.882747412,1706585278.979660273,1,0,0,1,3.439620519,-0.520583286,-0.016993130,0.000830173,0.008400823,-0.061081568,0.998097079,1195,843,0.705439331,0.028389834,0.014897573,0.010894641,0.048308913,98.516533662,0.000000000,0.046654912,0.098212435,1.791718202,0.164789984,113.978837624,0,45,44,1,0.037656904,17,0,0,0,0,1133,17,4090,13467,6054,15,319114
315,1706585278.982567787,1706585279.082397223,1,0,0,1,3.515172555,-0.535465310,-0.023681514,-0.002436003,0.009671138,-0.066410904,0.997742515,1207,863,0.714995857,0.029581719,0.016784571,0.011860731,0.046457516,107.153033754,0.000000000,0.047133488,0.099813382,1.786065424,0.162599289,113.604251760,0,55,55,0,0.045567523,18,0,0,0,0,1134,18,4100,13522,6072,15,320248
316,1706585279.082409382,1706585279.182244539,1,0,0,1,3.603226880,-0.549422392,-0.021303911,-0.002067980,0.014696147,-0.072203614,0.997279492,1216,864,0.710526316,0.026911134,0.015369593,0.010909137,0.040966427,114.683418870,0.000000000,0.046931801,0.093473263,1.785782865,0.157157198,113.658702767,0,46,45,1,0.037828947,27,0,0,0,0,1143,27,4107,13568,6099,15,321391
317,1706585279.183054686,1706585279.282885790,1,0,0,1,3.698927566,-0.567115990,-0.018785873,-0.004233875,0.011501354,-0.078772244,0.996817299,1211,864,0.713459950,0.026078094,0.015105421,0.010762376,0.054290393,94.680512165,0.000000000,0.047933860,0.089987278,1.792443507,0.154624782,111.890601456,0,47,45,2,0.038810900,27,0,0,0,0,1137,27,4120,13615,6126,15,322528
318,1706585279.282898188,1706585279.382726431,1,0,0,1,3.821101739,-0.591551618,-0.021433100,-0.007158417,0.013765758,-0.084616560,0.996292778,1267,903,0.712707182,0.031903204,0.017359497,0.012083070,0.054866514,100.472248308,0.000000000,0.048060861,0.093995446,1.814930557,0.155201699,111.390333089,0,51,51,0,0.040252565,23,0,0,0,0,1193,23,4128,13666,6149,15,323721
319,1706585279.382737160,1706585279.482572317,1,0,0,1,3.937884385,-0.617716012,-0.019932402,-0.005258418,0.006609673,-0.090725996,0.995840075,1300,919,0.706923077,0.026718188,0.015211113,0.010904109,0.051852444,106.476522231,0.000000000,0.048194899,0.091229747,1.849188832,0.150987999,110.591410765,0,46,44,2,0.035384615,21,0,0,0,0,1232,22,4136,13712,6170,15,324953
320,1706585279.482584238,1706585279.582417488,1,0,0,1,4.026709085,-0.637550169,-0.020180102,-0.002830501,0.004547660,-0.097724600,0.995199080,1360,967,0.711029412,0.031148759,0.017256380,0.012151687,0.056448985,112.313462464,0.000000000,0.048263779,0.092606297,1.844011320,0.162272443,109.858866079,0,54,52,2,0.039705882,22,0,0,0,0,1284,22,4145,13766,6192,15,326237
321,1706585279.582429886,1706585279.682259083,1,0,0,1,4.130853781,-0.658860980,-0.025362513,-0.005606063,0.000485555,-0.099565784,0.995015071,1386,977,0.704906205,0.030437149,0.016704700,0.012279085,0.063485389,121.607435827,0.000000000,0.048722001,0.079719059,1.852160923,0.157068466,109.453053127,0,77,76,1,0.055555556,41,0,0,0,0,1268,41,4167,13843,6233,15,327505
322,1706585279.683069229,1706585279.781541586,1,0,0,1,4.241113731,-0.688652228,-0.029232685,-0.003693984,0.002043205,-0.098523690,0.995125752,1398,985,0.704577969,0.029786048,0.016633197,0.012422056,0.060758043,115.320293322,0.000000000,0.049450146,0.080366717,1.849136733,0.151090782,108.617891362,0,67,66,1,0.047925608,27,0,0,0,0,1303,28,4179,13910,6260,15,328808
323,1706585279.782912254,1706585279.882751942,1,0,0,1,4.370124778,-0.718473325,-0.030558747,-0.008118825,0.005919021,-0.096779828,0.995255100,1339,947,0.707244212,0.029203010,0.016632040,0.012084406,0.062859804,112.176036549,0.000000000,0.049693058,0.080448920,1.884187910,0.146487770,108.581335575,0,80,72,8,0.059746079,29,0,0,0,0,1230,29,4203,13990,6289,15,330038
324,1706585279.882763386,1706585279.982593060,1,0,0,1,4.497346853,-0.745039919,-0.033025763,-0.009670805,0.011253378,-0.092791639,0.995574984,1339,965,0.720687080,0.029356905,0.016734241,0.011646959,0.067742872,105.662342903,0.000000000,0.050967703,0.078297107,1.918058125,0.147048751,107.435385860,0,69,67,2,0.051530993,29,0,0,0,0,1241,29,4217,14059,6318,15,331279
325,1706585279.982604504,1706585280.082048655,1,0,0,1,4.614562354,-0.773198952,-0.028483458,-0.007979648,0.009879791,-0.090303513,0.995833315,1304,900,0.690184049,0.029545676,0.017704073,0.012292662,0.066815109,102.671881226,0.000000000,0.051526981,0.075777901,1.942602326,0.146107190,107.315142854,0,55,55,0,0.042177914,19,0,0,0,0,1230,19,4229,14114,6337,15,332509
326,1706585280.082434893,1706585280.180637598,1,0,0,1,4.721944639,-0.790424335,-0.022061276,-0.005378304,0.013306918,-0.086588962,0.996140729,1270,866,0.681889764,0.031407576,0.020118237,0.013347378,0.052016588,115.456113819,0.000000000,0.052171332,0.076686957,1.969753315,0.147258872,107.372437338,0,55,55,0,0.043307087,31,0,0,0,0,1184,31,4242,14169,6368,15,333693
327,1706585280.183073044,1706585280.279302359,1,0,0,1,4.810573445,-0.806304916,-0.024427506,-0.005490260,0.011963597,-0.083712741,0.996402984,1254,849,0.677033493,0.030599762,0.017889633,0.011735036,0.070124498,96.995478245,0.000000000,0.053447376,0.067287261,1.953095572,0.144237947,106.776073530,0,58,52,6,0.046251994,27,0,0,0,0,1165,31,4258,14227,6395,15,334858
328,1706585280.282911777,1706585280.382732153,1,0,0,1,4.925418013,-0.818671255,-0.028945252,-0.010554827,0.013613763,-0.081562832,0.996519325,1270,874,0.688188976,0.030347485,0.016898561,0.011514435,0.069486962,94.385797026,0.000000000,0.054627103,0.068056294,1.957642291,0.139403310,106.279415496,0,52,49,3,0.040944882,23,0,0,0,0,1192,26,4270,14279,6418,15,336050
329,1706585280.382743597,1706585280.482576609,1,0,0,1,5.022493445,-0.829420706,-0.033275025,-0.011630978,0.013959860,-0.078620502,0.996739013,1255,854,0.680478088,0.028192192,0.016097848,0.010838921,0.056728598,91.987889932,0.000000000,0.054871900,0.068307455,1.974023591,0.137096168,105.788457831,0,46,43,3,0.036653386,17,0,0,0,0,1192,17,4283,14325,6435,15,337242
330,1706585280.482588291,1706585280.582423449,1,0,0,1,5.125784875,-0.851577347,-0.033666220,-0.010814050,0.015699921,-0.075506276,0.996963074,1212,848,0.699669967,0.027673289,0.016077836,0.010936202,0.051052690,96.746359334,0.000000000,0.055479479,0.066180594,1.988999537,0.135957753,104.628911906,0,44,43,1,0.036303630,18,0,0,0,0,1150,18,4293,14369,6453,15,338392
331,1706585280.582435369,1706585280.682263374,1,0,0,1,5.210877579,-0.858865435,-0.036278471,-0.008970675,0.015778899,-0.074981744,0.997019705,1207,849,0.703396852,0.031353133,0.018922872,0.012440901,0.055282251,101.839655689,0.000000000,0.056009934,0.060764254,1.988506320,0.134270894,104.703041988,0,58,56,2,0.048053024,21,0,0,0,0,1128,21,4305,14427,6474,15,339520
332,1706585280.683074236,1706585280.782900095,1,0,0,1,5.311780157,-0.881270112,-0.043519344,-0.010284228,0.014827697,-0.073225625,0.997152136,1196,838,0.700668896,0.027895431,0.017579166,0.012169184,0.066728834,84.149293328,0.000000000,0.056854108,0.061615147,2.008124059,0.134521194,104.039095056,0,53,52,1,0.044314381,20,0,0,0,0,1123,20,4319,14480,6494,15,340643
333,1706585280.782911539,1706585280.882746935,1,0,0,1,5.412452399,-0.907644408,-0.044054637,-0.006739495,0.014825905,-0.074330717,0.997100655,1241,862,0.694601128,0.029553198,0.017243686,0.011972724,0.061085105,93.606474991,0.000000000,0.057867897,0.055452574,2.014057039,0.131882782,103.345039182,0,52,51,1,0.041901692,17,0,0,0,0,1172,17,4331,14532,6511,15,341815
334,1706585280.882759333,1706585280.982578278,1,0,0,1,5.507884272,-0.921344516,-0.044100371,-0.010139482,0.012279249,-0.076634303,0.996932091,1195,799,0.668619247,0.026956875,0.016856070,0.010685631,0.055279354,108.026053831,0.000000000,0.058216419,0.057944183,2.033173575,0.125786452,103.820515191,0,32,31,1,0.026778243,19,0,0,0,0,1143,20,4337,14564,6530,15,342958
335,1706585280.982589722,1706585281.081683397,1,0,0,1,5.618524973,-0.940754021,-0.044863013,-0.010126959,0.012043837,-0.077896086,0.996837294,1209,819,0.677419355,0.028042586,0.015774392,0.010846000,0.063233860,89.773095597,0.000000000,0.059055236,0.058689088,2.056321154,0.116656547,102.951518283,0,41,40,1,0.033912324,23,0,0,0,0,1145,23,4345,14605,6553,15,344103
336,1706585281.082431555,1706585281.182230473,1,0,0,1,5.738633326,-0.971222669,-0.054822030,-0.006681258,0.011297587,-0.079005590,0.996787762,1230,837,0.680487805,0.031034849,0.018758622,0.012825906,0.061742404,94.276589162,0.000000000,0.060094035,0.057092902,2.083278260,0.105596984,101.931176798,0,48,48,0,0.039024390,19,0,0,0,0,1163,19,4354,14653,6572,15,345266
337,1706585281.183041334,1706585281.282845020,1,0,0,1,5.853832155,-0.998979087,-0.057393171,-0.003539082,0.009856349,-0.081011580,0.996658142,1241,844,0.680096696,0.027278024,0.017117170,0.011489024,0.060831949,98.635860311,0.000000000,0.060421113,0.053573899,2.077179700,0.097697561,102.128944205,0,54,53,1,0.043513296,21,0,0,0,0,1166,21,4365,14707,6593,15,346432
338,1706585281.282855988,1706585281.381657600,1,0,0,1,5.964001320,-1.017292560,-0.052749266,-0.004968688,0.011661794,-0.083841478,0.996398475,1246,832,0.667736758,0.031243828,0.019568816,0.013408787,0.077021238,86.822997960,0.000000000,0.061528849,0.052067911,2.069269982,0.091325856,101.446481687,0,52,49,3,0.041733547,19,0,0,0,0,1174,20,4378,14759,6612,15,347606
339,1706585281.382693529,1706585281.480329275,1,0,0,1,6.054540865,-1.036275191,-0.057179964,-0.005805806,0.008679995,-0.086186886,0.996224257,1242,825,0.664251208,0.028039549,0.017702269,0.012482504,0.070703268,94.111817235,0.000000000,0.062471390,0.048864949,2.070871589,0.081990639,100.828246438,0,61,57,4,0.049114332,19,0,0,0,0,1157,24,4394,14820,6631,15,348763
340,1706585281.482538700,1706585281.579070807,1,0,0,1,6.145488446,-1.061949726,-0.055109772,-0.004123870,0.002852460,-0.088140139,0.996095464,1312,872,0.664634146,0.029790177,0.018917370,0.012138416,0.064023074,98.503542145,0.000000000,0.062850095,0.047263730,2.058967378,0.082147803,100.137750422,0,60,55,5,0.045731707,23,0,0,0,0,1224,28,4409,14880,6654,15,349987
341,1706585281.582776546,1706585281.682610512,1,0,0,1,6.239207044,-1.090483408,-0.060269629,-0.002930985,-0.000210137,-0.088972763,0.996029725,1338,863,0.644992526,0.028398306,0.018276920,0.011835519,0.068437301,99.219501871,0.000000000,0.063097690,0.047222643,2.042789939,0.081711733,99.018353724,0,66,66,0,0.049327354,23,0,0,0,0,1249,23,4429,14946,6677,15,351236
342,1706585281.682622433,1706585281.782444715,1,0,0,1,6.343974179,-1.112267520,-0.054542857,-0.003650882,-0.003064621,-0.089726073,0.995955075,1349,898,0.665678280,0.028026697,0.017483831,0.012677666,0.070547213,106.364323946,0.000000000,0.063587149,0.048088247,2.017531580,0.079784686,98.570555255,0,76,74,2,0.056338028,20,0,0,0,0,1253,20,4451,15022,6697,15,352489
343,1706585281.782456875,1706585281.882281780,1,0,0,1,6.425701055,-1.125000783,-0.051611094,-0.006219972,-0.008028421,-0.089464606,0.995938221,1388,924,0.665706052,0.028530515,0.018639600,0.012278563,0.072289876,99.347009411,0.000000000,0.064058652,0.048400331,1.970306670,0.072503445,97.929103898,0,72,71,1,0.051873199,19,0,0,0,0,1297,19,4462,15094,6716,15,353786
344,1706585281.883092165,1706585281.982909441,1,0,0,1,6.520458223,-1.141802629,-0.047749844,-0.007510957,-0.009987962,-0.088355136,0.996010641,1400,919,0.656428571,0.031657556,0.019003276,0.012893249,0.073136756,97.966695755,0.000000000,0.064328346,0.051666953,1.945983380,0.069711044,97.544321541,0,72,70,2,0.051428571,24,0,0,0,0,1304,24,4474,15166,6740,15,355090
345,1706585281.982922077,1706585282.082742691,1,0,0,1,6.621637313,-1.159097749,-0.049335428,-0.003314422,-0.007316174,-0.087485816,0.996133385,1369,883,0.644996348,0.027606994,0.017645383,0.012302275,0.070424406,98.132879102,0.000000000,0.064508811,0.053254335,1.939697707,0.063915199,97.317371434,0,63,63,0,0.046018992,29,0,0,0,0,1277,29,4488,15229,6769,15,356367
346,1706585282.082755089,1706585282.182578802,1,0,0,1,6.731034811,-1.178368633,-0.046853841,-0.007606024,-0.004486835,-0.085359093,0.996311117,1375,943,0.685818182,0.032040197,0.020549953,0.013021248,0.077778975,95.406457497,0.000000000,0.065796931,0.054928921,1.960735882,0.062421985,96.314888618,0,63,59,4,0.045818182,34,0,0,0,0,1278,34,4505,15292,6803,15,357645
347,1706585282.182591438,1706585282.282403946,1,0,0,1,6.841180044,-1.204380728,-0.047890466,-0.004222795,-0.000783790,-0.080750956,0.996725056,1332,876,0.657657658,0.029127322,0.019666921,0.013011817,0.060512901,94.958851519,0.000000000,0.065316351,0.053974651,1.958318961,0.067453448,96.213057282,0,66,64,2,0.049549550,14,0,0,0,0,1251,15,4516,15358,6817,15,358896
348,1706585282.282428265,1706585282.381239653,1,0,0,1,6.937317987,-1.225654903,-0.049951257,0.001293530,-0.000350641,-0.079497257,0.996834184,1296,862,0.665123457,0.028258554,0.017807740,0.012045183,0.078012001,86.227050088,0.000000000,0.065742603,0.053672892,1.959039493,0.064092955,95.805119935,0,50,48,2,0.038580247,18,0,0,0,0,1228,18,4527,15408,6835,15,360124
349,1706585282.383062124,1706585282.482893467,1,0,0,1,7.081910342,-1.251711696,-0.047839588,0.002595002,0.004951682,-0.080571115,0.996733185,1303,830,0.636991558,0.031406893,0.020310618,0.013038621,0.065991073,96.980383170,0.000000000,0.066205726,0.055742179,2.000334297,0.060006439,96.054744597,0,53,53,0,0.040675365,19,0,0,0,0,1231,19,4541,15461,6854,15,361355
350,1706585282.482905149,1706585282.582738161,1,0,0,1,7.207874304,-1.279989637,-0.047541844,-0.000274728,0.004613419,-0.082650769,0.996567856,1316,848,0.644376900,0.029111096,0.019746456,0.012901336,0.078489874,87.543844847,0.000000000,0.067577586,0.054323487,2.043989495,0.063102520,95.594618873,0,54,53,1,0.041033435,21,0,0,0,0,1241,21,4556,15515,6875,15,362596
351,1706585282.582749844,1706585282.681404114,1,0,0,1,7.325575402,-1.305699875,-0.052191301,-0.002509719,0.002263340,-0.084084056,0.996452934,1267,835,0.659037096,0.032212859,0.019407523,0.012595994,0.077420148,91.036972402,0.000000000,0.068684480,0.056497453,2.060942218,0.062473776,95.054484708,0,55,53,2,0.043409629,22,0,0,0,0,1185,27,4571,15570,6897,15,363781
352,1706585282.682589769,1706585282.780054569,1,0,0,1,7.447704598,-1.337824423,-0.056407632,0.004754852,0.006775380,-0.085312971,0.996319819,1317,856,0.649962035,0.034847378,0.022195909,0.014242207,0.088945349,87.581341009,0.000000000,0.069795306,0.067889534,2.083225021,0.062757673,95.226087093,0,61,59,2,0.046317388,30,0,0,0,0,1223,33,4589,15631,6927,15,365004
353,1706585282.782438755,1706585282.878768921,1,0,0,1,7.556681550,-1.363959673,-0.055348789,0.002948624,0.004248355,-0.085511701,0.996323746,1278,824,0.644757433,0.030695189,0.020496475,0.013083303,0.077235593,85.940657780,0.000000000,0.070602831,0.068175301,2.098886834,0.058539483,94.842796232,0,42,39,3,0.032863850,16,0,0,0,0,1219,17,4600,15673,6943,15,366223
354,1706585282.883076906,1706585282.982915401,1,0,0,1,7.662818913,-1.382177931,-0.059241543,0.005237074,0.003744938,-0.086451587,0.996235249,1314,870,0.662100457,0.031931474,0.020873729,0.014345446,0.084088055,87.282910445,0.000000000,0.072043266,0.065969064,2.094313867,0.057884547,93.805639063,0,70,69,1,0.053272451,34,0,0,0,0,1210,34,4609,15743,6977,15,367433
355,1706585282.982927561,1706585283.082760334,1,0,0,1,7.771103780,-1.403513603,-0.061059375,0.005502451,0.002205905,-0.088557088,0.996053462,1305,832,0.637547893,0.030633313,0.021888897,0.014063211,0.072586883,91.483748796,0.000000000,0.072510917,0.064163138,2.080383349,0.059989137,93.891171723,0,68,67,1,0.052107280,18,0,0,0,0,1219,18,4623,15811,6995,15,368652
356,1706585283.082771301,1706585283.182601690,1,0,0,1,7.879371953,-1.427841231,-0.063305536,0.005821824,0.001895421,-0.089488641,0.995969024,1330,868,0.652631579,0.031933853,0.020026987,0.013169062,0.074771117,96.643635507,0.000000000,0.073162352,0.065115791,2.072850366,0.057920689,94.009524040,0,78,77,1,0.058646617,30,0,0,0,0,1222,30,4638,15889,7025,15,369874
357,1706585283.182613373,1706585283.282427073,1,0,0,1,8.010815919,-1.452518437,-0.056910829,0.004308159,-0.001192134,-0.092207338,0.995729795,1328,861,0.648343373,0.032362269,0.020682430,0.013635634,0.086120743,92.543863088,0.000000000,0.074426792,0.062643856,2.094966075,0.057679122,93.704924179,0,56,54,2,0.042168675,23,0,0,0,0,1249,23,4652,15945,7048,15,371123
358,1706585283.282439470,1706585283.382255316,1,0,0,1,8.125871504,-1.478486443,-0.057825942,0.003224550,0.000585212,-0.092572160,0.995700585,1367,901,0.659107535,0.030928411,0.020813296,0.013750635,0.079524662,92.627228351,0.000000000,0.074551963,0.062484850,2.120305148,0.053721198,93.995135698,0,73,72,1,0.053401609,28,0,0,0,0,1266,28,4668,16018,7076,15,372389
359,1706585283.383066893,1706585283.482885122,1,0,0,1,8.257352047,-1.509758876,-0.056160661,0.003472562,-0.000519129,-0.093074924,0.995652917,1367,897,0.656181419,0.032541730,0.020979818,0.013340619,0.082402031,91.103337551,0.000000000,0.075136901,0.061249745,2.160939080,0.050908793,93.844711714,0,78,77,1,0.057059254,27,0,0,0,0,1262,27,4682,16096,7103,15,373651
360,1706585283.482897043,1706585283.582287550,1,0,0,1,8.388229396,-1.540773745,-0.056752344,0.004334016,-0.001842131,-0.096061485,0.995364262,1362,893,0.655653451,0.030960624,0.020432347,0.013466760,0.082897552,91.261288360,0.000000000,0.076080625,0.060871689,2.197340596,0.055275135,93.482599025,0,69,68,1,0.050660793,30,0,0,0,0,1262,31,4697,16165,7133,15,374913
361,1706585283.582736731,1706585283.682578325,1,0,0,1,8.537052137,-1.581444968,-0.057762989,0.006686136,-0.004102523,-0.099135564,0.995043017,1369,882,0.644265888,0.033066961,0.020591483,0.013474511,0.088787564,91.336022999,0.000000000,0.077098139,0.060230733,2.244462955,0.059998378,93.088425081,0,88,83,5,0.064280497,35,0,0,0,0,1246,35,4722,16253,7168,15,376159
362,1706585283.682589531,1706585283.782418728,1,0,0,1,8.663186741,-1.616020358,-0.063394486,0.008686218,-0.001833695,-0.102051439,0.994739509,1431,917,0.640810622,0.032057596,0.020922648,0.013064083,0.098252997,84.793712015,0.000000000,0.078483428,0.056424673,2.292606931,0.065241287,92.009894485,0,99,95,4,0.069182390,30,0,0,0,0,1302,30,4746,16352,7198,15,377461
363,1706585283.782430172,1706585283.882272482,1,0,0,1,8.800523754,-1.646300669,-0.061533320,0.007450779,-0.000881523,-0.104474667,0.994499247,1424,921,0.646769663,0.034619050,0.021785178,0.014397801,0.102311131,90.204685215,0.000000000,0.079984490,0.057656384,2.336942097,0.067826965,91.552778275,0,113,108,5,0.079353933,32,0,0,0,0,1279,32,4775,16465,7230,15,378740
364,1706585283.883082867,1706585283.981133223,1,0,0,1,8.941611081,-1.675575124,-0.060346918,0.004438867,0.001663322,-0.105104740,0.994449860,1416,920,0.649717514,0.033292299,0.022189050,0.013477068,0.106256814,85.375665917,0.000000000,0.081640493,0.058971054,2.378380538,0.067417257,90.923226783,0,86,77,9,0.060734463,20,0,0,0,0,1307,23,4796,16551,7250,15,380047
365,1706585283.982919931,1706585284.079916954,1,0,0,1,9.080954608,-1.709184151,-0.049992593,0.004834770,-0.002624301,-0.102896628,0.994676843,1396,890,0.637535817,0.036787686,0.023248692,0.015753982,0.116625550,87.820439515,0.000000000,0.083950551,0.061772146,2.410983861,0.067515620,90.407604804,0,91,90,1,0.065186246,35,0,0,0,0,1267,38,4816,16642,7285,15,381314
366,1706585284.082748413,1706585284.182576418,1,0,0,1,9.217929895,-1.745906208,-0.051840219,0.004698252,-0.005381531,-0.096536221,0.995303835,1412,913,0.646600567,0.035244708,0.023842285,0.015643687,0.100420092,86.959482375,0.000000000,0.085082606,0.065437599,2.439628393,0.071079821,89.985256048,0,110,105,5,0.077903683,22,0,0,0,0,1280,22,4843,16752,7307,15,382594
367,1706585284.182588100,1706585284.282423973,1,0,0,1,9.334986575,-1.762352276,-0.050346323,0.002320354,-0.011108143,-0.087639808,0.996087591,1414,919,0.649929279,0.034625498,0.023455240,0.014464183,0.100806292,92.033770504,0.000000000,0.087097276,0.063401752,2.459358941,0.086414941,89.839001997,0,62,58,4,0.043847242,40,0,0,0,0,1312,40,4861,16814,7347,15,383906
368,1706585284.282435656,1706585284.382270336,1,0,0,1,9.462907412,-1.783284369,-0.047584580,0.001242754,-0.010595432,-0.078252415,0.996876498,1358,880,0.648011782,0.030550494,0.020919443,0.013050325,0.088029726,83.696172937,0.000000000,0.087598162,0.057740011,2.442073874,0.103151348,89.712458139,0,65,62,3,0.047864507,21,0,0,0,0,1272,21,4880,16879,7368,15,385178
369,1706585284.383080006,1706585284.482890844,1,0,0,1,9.592071009,-1.794095437,-0.051095756,0.005013041,-0.004803655,-0.070173435,0.997510643,1271,818,0.643587726,0.032592782,0.020036940,0.013060371,0.074608961,82.430749307,0.000000000,0.088029057,0.057127388,2.442637295,0.115154493,88.984976446,0,71,69,2,0.055861526,20,0,0,0,0,1180,20,4891,16950,7388,15,386358
370,1706585284.482914448,1706585284.582752943,1,0,0,1,9.708935476,-1.811457837,-0.057876778,0.001920968,-0.003430013,-0.060396738,0.998166709,1213,766,0.631492168,0.032866463,0.021989116,0.013984243,0.078313599,77.209407115,0.000000000,0.088020243,0.051442670,2.440412824,0.131904783,88.468254559,0,66,64,2,0.054410552,18,0,0,0,0,1129,18,4904,17016,7406,15,387487
371,1706585284.582763910,1706585284.682595015,1,0,0,1,9.816668738,-1.815978312,-0.051988397,-0.001530946,0.000038473,-0.052368408,0.998626659,1117,688,0.615935542,0.029745704,0.019661642,0.012820207,0.080095429,68.091560441,0.000000000,0.088154007,0.055316499,2.422047656,0.145601011,87.320983961,0,63,61,2,0.056401074,22,0,0,0,0,1032,22,4914,17079,7428,15,388519
372,1706585284.682607174,1706585284.782441854,1,0,0,1,9.936377973,-1.817897901,-0.039523215,-0.007144697,-0.003272545,-0.044147003,0.998994137,1136,750,0.660211268,0.032850104,0.020863993,0.013669594,0.088040540,75.531853515,0.000000000,0.088108766,0.053254736,2.430347372,0.161678662,86.718509587,0,55,54,1,0.048415493,20,0,0,0,0,1061,20,4926,17134,7448,15,389580
373,1706585284.782454491,1706585284.881480932,1,0,0,1,10.057525208,-1.827465068,-0.039196625,-0.007860537,-0.002977075,-0.034780073,0.999359643,1066,669,0.627579737,0.030442324,0.020185887,0.013478404,0.069097784,78.263836863,0.000000000,0.087701876,0.053709348,2.444112316,0.178557489,86.334668541,0,58,57,1,0.054409006,16,0,0,0,0,992,16,4942,17192,7464,15,390572
374,1706585284.882703066,1706585284.982541084,1,0,0,1,10.164508480,-1.841836643,-0.038669515,-0.000432385,-0.006931603,-0.026391001,0.999627571,1014,670,0.660749507,0.029467035,0.020497225,0.012482691,0.071279911,79.297504350,0.000000000,0.087061469,0.057583946,2.441676122,0.191058496,85.935398236,0,53,51,2,0.052268245,13,0,0,0,0,948,13,4955,17245,7477,15,391520
375,1706585284.982552767,1706585285.082378864,1,0,0,1,10.306645231,-1.860978004,-0.048059179,0.003349314,-0.001915720,-0.019192026,0.999808371,1059,693,0.654390935,0.030435240,0.019516070,0.012419379,0.070819280,76.407783955,0.000000000,0.086973089,0.057902598,2.474412561,0.203573176,85.181599994,0,55,54,1,0.051935788,16,0,0,0,0,988,16,4963,17300,7493,15,392508
376,1706585285.082390785,1706585285.182208776,1,0,0,1,10.444149624,-1.864511299,-0.044743196,0.001055161,0.000876714,-0.013763391,0.999904339,990,658,0.664646465,0.032061350,0.021799487,0.013676735,0.091274764,70.692786511,0.000000000,0.087798271,0.057851878,2.478109166,0.208954061,83.884057544,0,43,42,1,0.043434343,17,0,0,0,0,930,17,4976,17343,7510,15,393438
377,1706585285.183044195,1706585285.280865431,1,0,0,1,10.585500555,-1.858422092,-0.046766445,-0.007098649,0.006432215,-0.010987842,0.999893746,976,617,0.632172131,0.030268771,0.019170355,0.012377380,0.077402846,73.348726578,0.000000000,0.087362376,0.059758176,2.501652439,0.213692223,82.924300719,0,54,49,5,0.055327869,18,0,0,0,0,904,18,4995,17397,7528,15,394342
378,1706585285.282873154,1706585285.379573822,1,0,0,1,10.723945785,-1.861682163,-0.048955176,-0.006775117,0.008174211,-0.007958661,0.999911966,920,584,0.634782609,0.028065761,0.019120158,0.011906568,0.078136962,68.851918183,0.000000000,0.087292991,0.065971282,2.504994652,0.218714019,81.735535210,0,43,42,1,0.046739130,8,0,0,0,0,867,10,5008,17440,7536,15,395209
379,1706585285.382708549,1706585285.482546091,1,0,0,1,10.857240469,-1.859868525,-0.037671794,-0.010513143,0.004335816,-0.006251715,0.999915792,908,571,0.628854626,0.031495155,0.022022323,0.012397796,0.083869740,57.625936985,0.000000000,0.087366377,0.066142387,2.504274992,0.216136793,80.061665182,0,41,39,2,0.045154185,15,0,0,0,0,852,15,5016,17481,7551,15,396061
380,1706585285.482558250,1706585285.582383633,1,0,0,1,10.970428866,-1.858660401,-0.032451337,-0.019059189,-0.000745765,-0.005475608,0.999803085,949,598,0.630136986,0.033683072,0.023006138,0.013647447,0.085122540,62.332848698,0.000000000,0.087477626,0.066218486,2.463306719,0.211593067,78.615243199,0,50,49,1,0.052687039,15,0,0,0,0,884,15,5027,17531,7566,15,396945
381,1706585285.582395315,1706585285.682062864,1,0,0,1,11.095411137,-1.869767191,-0.039496935,-0.008253371,-0.000081965,-0.005395050,0.999951383,914,560,0.612691466,0.031318348,0.021192643,0.013109378,0.079040788,64.849769180,0.000000000,0.086990287,0.066366209,2.458070404,0.205893788,77.290930508,0,59,58,1,0.064551422,18,0,0,0,0,837,18,5036,17590,7584,15,397782
382,1706585285.683034897,1706585285.781113863,1,0,0,1,11.199108394,-1.892677315,-0.043309911,-0.001406723,0.000266971,-0.011738800,0.999930073,911,564,0.619099890,0.028601346,0.020248676,0.012646351,0.056458670,76.228710679,0.000000000,0.084900571,0.070925200,2.423688892,0.213728974,76.862680441,0,52,50,2,0.057080132,10,0,0,0,0,849,10,5049,17642,7594,15,398631
383,1706585285.782859325,1706585285.882690191,1,0,0,1,11.303399632,-1.900860828,-0.039825214,0.002435856,0.002791218,-0.020614223,0.999780641,929,557,0.599569429,0.032589508,0.022993980,0.013442401,0.072053783,73.240149886,0.000000000,0.083387703,0.068713057,2.384261421,0.230224114,76.014453675,0,51,47,4,0.054897740,11,0,0,0,0,867,11,5066,17693,7605,15,399498
384,1706585285.882702112,1706585285.982533932,1,0,0,1,11.402526628,-1.905520719,-0.044048744,-0.001132340,0.005832796,-0.029790617,0.999538501,992,602,0.606854839,0.032612845,0.020879703,0.013918888,0.077627748,69.354440897,0.000000000,0.081956250,0.068237576,2.339874823,0.244212112,75.213392424,0,47,44,3,0.047379032,16,0,0,0,0,929,16,5080,17740,7621,15,400427
385,1706585285.982546329,1706585286.082372427,1,0,0,1,11.520272523,-1.925201339,-0.050100704,0.000588603,0.002835306,-0.035850992,0.999352951,1031,639,0.619786615,0.031163046,0.021048599,0.012672506,0.115132702,60.632110055,0.000000000,0.081881608,0.058637798,2.317583077,0.243567499,73.853975951,0,72,69,3,0.069835112,23,0,0,0,0,936,23,5098,17812,7644,15,401363
386,1706585286.082384586,1706585286.182202578,1,0,0,1,11.642735687,-1.943629669,-0.057857880,0.003448966,0.004900317,-0.039045938,0.999219448,1025,645,0.629268293,0.032252507,0.022628527,0.013797582,0.081142820,74.042549578,0.000000000,0.080917744,0.052685474,2.323451959,0.232091002,73.208129311,0,57,57,0,0.055609756,18,0,0,0,0,950,18,5110,17869,7662,15,402313
387,1706585286.183013439,1706585286.282840490,1,0,0,1,11.804417702,-1.954078930,-0.052491876,0.000566300,0.006067432,-0.041959288,0.999100738,1027,668,0.650438169,0.032378747,0.021107220,0.012701501,0.091224048,72.239424075,0.000000000,0.080438632,0.047919652,2.355908583,0.219081354,72.218411990,0,54,50,4,0.052580331,24,0,0,0,0,949,24,5134,17923,7686,15,403262
388,1706585286.282852173,1706585286.382668734,1,0,0,1,11.956824605,-1.980399212,-0.062772055,0.005470556,0.003756491,-0.042946957,0.999055314,1082,693,0.640480591,0.031823071,0.021589966,0.013423415,0.095951287,68.085501054,0.000000000,0.080834710,0.047663463,2.381249985,0.204816165,71.437878395,0,55,55,0,0.050831793,15,0,0,0,0,1012,15,5141,17978,7701,15,404274
389,1706585286.382680893,1706585286.481929302,1,0,0,1,12.106282281,-2.018953186,-0.063770450,0.015447997,0.006355120,-0.043090305,0.998931528,1043,655,0.627996165,0.035296657,0.022788112,0.013694064,0.112889748,67.996979410,0.000000000,0.082748749,0.054278539,2.417261865,0.185311787,70.716189901,0,59,57,2,0.056567593,23,0,0,0,0,961,23,5153,18037,7724,15,405235
390,1706585286.482513905,1706585286.580647469,1,0,0,1,12.250174362,-2.044676582,-0.068467182,0.018739750,0.009825046,-0.046350949,0.998701096,1021,621,0.608227228,0.030743393,0.019256126,0.012649537,0.080716656,72.174558872,0.000000000,0.082868902,0.053689689,2.455521850,0.175573452,70.464447488,0,62,61,1,0.060724780,22,0,0,0,0,937,22,5169,18099,7746,15,406172
391,1706585286.582754374,1706585286.679388523,1,0,0,1,12.401889051,-2.054457851,-0.061883554,0.010299114,0.015557815,-0.044321651,0.998843068,998,610,0.611222445,0.031271288,0.019961465,0.011852189,0.086705595,62.995966218,0.000000000,0.083199411,0.052255056,2.487322218,0.163049104,70.209667777,0,53,51,2,0.053106212,19,0,0,0,0,925,20,5181,18152,7765,15,407097
392,1706585286.682595968,1706585286.782426834,1,0,0,1,12.522237940,-2.059296138,-0.054673170,0.007569663,0.020586781,-0.040506233,0.998938501,1019,608,0.596663395,0.033363408,0.020558059,0.013715095,0.087942831,69.759987712,0.000000000,0.083194525,0.053026679,2.486459097,0.151907620,69.921074487,0,47,43,4,0.046123651,21,0,0,0,0,948,24,5195,18199,7786,15,408045
393,1706585286.782438517,1706585286.882262230,1,0,0,1,12.658073529,-2.064956094,-0.057186837,0.008056925,0.021929088,-0.036366048,0.999065419,952,568,0.596638655,0.031188735,0.020870081,0.013114451,0.087649153,69.265799122,0.000000000,0.084122094,0.052486190,2.514490247,0.143494722,69.471172600,0,55,53,2,0.057773109,17,0,0,0,0,880,17,5206,18254,7803,15,408925
394,1706585286.883073330,1706585286.982033253,1,0,0,1,12.767871554,-2.074865842,-0.063291133,0.009712746,0.009545031,-0.034270279,0.999319820,916,568,0.620087336,0.034642501,0.022412230,0.015280632,0.091828293,66.940955940,0.000000000,0.085149513,0.054095111,2.481176562,0.133178408,68.853345179,0,47,47,0,0.051310044,19,0,0,0,0,850,19,5215,18301,7822,15,409775
395,1706585286.982906580,1706585287.081112862,1,0,0,1,12.894916357,-2.084320801,-0.057691058,0.011035139,0.004209523,-0.033897557,0.999355523,975,590,0.605128205,0.035093291,0.025899715,0.015207497,0.083770213,71.944889097,0.000000000,0.085797059,0.057328479,2.471105988,0.122967013,68.630200437,0,66,66,0,0.067692308,17,0,0,0,0,892,17,5226,18367,7839,15,410667
396,1706585287.082747221,1706585287.182562590,1,0,0,1,13.015683223,-2.096308025,-0.067442571,0.003056568,0.001689287,-0.031835098,0.999487034,978,589,0.602249489,0.036247004,0.023888733,0.014068470,0.097000514,65.010940599,0.000000000,0.086083347,0.063819030,2.451360969,0.121551902,68.346108141,0,65,64,1,0.066462168,18,0,0,0,0,894,19,5240,18432,7857,15,411561
397,1706585287.182574749,1706585287.282402039,1,0,0,1,13.135156205,-2.104967685,-0.065613219,0.005504470,-0.006398547,-0.029423497,0.999531399,992,605,0.609879032,0.031772735,0.021692964,0.013431540,0.121306771,59.077374669,0.000000000,0.088278543,0.062270159,2.432660439,0.120255230,67.632540546,0,66,63,3,0.066532258,16,0,0,0,0,910,16,5254,18498,7873,15,412471
398,1706585287.282414198,1706585287.382247925,1,0,0,1,13.270099216,-2.123369426,-0.061005990,0.005089828,-0.000856928,-0.027543854,0.999607271,986,597,0.605476673,0.032531982,0.022444926,0.013352054,0.098653854,64.307416209,0.000000000,0.089304388,0.054219029,2.435146576,0.120645885,67.405315447,0,68,66,2,0.068965517,17,0,0,0,0,901,17,5267,18566,7890,15,413372
399,1706585287.383058548,1706585287.482899666,1,0,0,1,13.404205852,-2.137199919,-0.064583886,0.003682033,0.004874817,-0.026944839,0.999618254,964,593,0.615145228,0.030373171,0.019329925,0.011801311,0.120791893,62.514441317,0.000000000,0.091150495,0.055804323,2.456696805,0.120213241,67.649740663,0,61,57,4,0.063278008,23,0,0,0,0,880,23,5281,18627,7913,15,414252
400,1706585287.482911348,1706585287.582744598,1,0,0,1,13.494837400,-2.151461541,-0.079776656,0.006296349,0.002975380,-0.027261505,0.999604078,968,573,0.591942149,0.033257772,0.019645993,0.012552054,0.100157055,60.240919097,0.000000000,0.091902221,0.055465263,2.424020528,0.120710896,67.545144183,0,62,60,2,0.064049587,13,0,0,0,0,893,13,5297,18689,7926,15,415145
401,1706585287.582755327,1706585287.682582617,1,0,0,1,13.617944397,-2.168624082,-0.085481099,0.004231092,0.007143022,-0.035774549,0.999325401,952,586,0.615546218,0.030753748,0.021845003,0.011966232,0.103995246,61.928658440,0.000000000,0.093149944,0.056176241,2.442182593,0.125037369,67.399088646,0,59,57,2,0.061974790,18,0,0,0,0,875,18,5306,18748,7944,15,416020
402,1706585287.682593346,1706585287.781780720,1,0,0,1,13.736278913,-2.176196944,-0.086266656,0.004360475,0.009866189,-0.042215747,0.999050287,938,538,0.573560768,0.028981321,0.019199016,0.012551188,0.098403140,60.037461526,0.000000000,0.095247168,0.054966555,2.456091937,0.120171559,66.589526189,0,59,56,3,0.062899787,17,0,0,0,0,860,19,5320,18807,7961,15,416880
403,1706585287.782442331,1706585287.880475283,1,0,0,1,13.862833347,-2.191656273,-0.079034676,0.003781033,0.009130315,-0.049670336,0.998716776,971,579,0.596292482,0.032134879,0.019455154,0.012374878,0.106492141,62.043823918,0.000000000,0.096969085,0.055022167,2.484465743,0.116725654,66.029709890,0,51,49,2,0.052523172,11,0,0,0,0,905,15,5329,18858,7972,15,417785
404,1706585287.883084059,1706585287.982910633,1,0,0,1,13.959957125,-2.214931420,-0.087390923,0.003007374,0.006920241,-0.058631424,0.998251182,1030,613,0.595145631,0.033610559,0.020199403,0.013218195,0.092477477,66.001539001,0.000000000,0.097711572,0.055531873,2.465155807,0.122589145,65.862064795,0,50,44,6,0.048543689,19,0,0,0,0,960,20,5343,18908,7991,15,418745
405,1706585287.982921839,1706585288.082751989,1,0,0,1,14.074731939,-2.234950020,-0.080464189,0.007430480,0.000646522,-0.066595305,0.997752191,1091,636,0.582951421,0.035481748,0.020769521,0.013155885,0.101039235,68.104551574,0.000000000,0.097006899,0.057923040,2.457784389,0.132203117,66.235686871,0,83,79,4,0.076076994,19,0,0,0,0,989,19,5359,18991,8010,15,419734
406,1706585288.082763433,1706585288.182585478,1,0,0,1,14.192529265,-2.257765505,-0.080277598,0.005788624,0.001079696,-0.074999717,0.997166169,1109,638,0.575293057,0.032456827,0.021170615,0.011928142,0.105707710,67.533930352,0.000000000,0.098235143,0.057853603,2.415662860,0.143192167,65.910255910,0,88,85,3,0.079350766,17,0,0,0,0,1004,17,5382,19079,8027,15,420738
407,1706585288.182598829,1706585288.282227039,1,0,0,1,14.302539681,-2.278315479,-0.073887177,-0.004676198,-0.010988115,-0.082055187,0.996556241,1157,675,0.583405359,0.041907435,0.028903017,0.018507360,0.125640827,65.281026194,0.000000000,0.099955982,0.083211663,2.372754287,0.155349012,65.562336016,0,91,90,1,0.078651685,25,0,0,0,0,1041,25,5413,19170,8052,15,421779
408,1706585288.282438755,1706585288.381720543,1,0,0,1,14.364669079,-2.285950171,-0.068555744,-0.006710761,-0.033209471,-0.089850972,0.995378772,1265,745,0.588932806,0.037755271,0.025580553,0.016866042,0.120552190,66.027832596,0.000000000,0.101186027,0.087146252,2.281224150,0.170799326,65.459452593,0,110,109,1,0.086956522,26,0,0,0,0,1129,26,5445,19280,8078,15,422908
409,1706585288.383081913,1706585288.482908964,1,0,0,1,14.472862809,-2.314381257,-0.070704298,-0.005377104,-0.014891829,-0.095514130,0.995302151,1350,798,0.591111111,0.042645457,0.026522720,0.017958563,0.117754328,66.519246911,0.000000000,0.101429256,0.104239095,2.246863006,0.175865126,65.385565968,0,94,91,3,0.069629630,37,0,0,0,0,1219,37,5467,19374,8115,15,424127
410,1706585288.482921362,1706585288.582753897,1,0,0,1,14.577925484,-2.341222003,-0.061108858,-0.004278635,-0.014211234,-0.103613530,0.994506898,1392,832,0.597701149,0.039982591,0.022583981,0.015536554,0.157830960,68.597425369,0.000000000,0.105284971,0.107769260,2.203551607,0.188198092,65.206709293,0,100,99,1,0.071839080,40,0,0,0,0,1251,41,5498,19474,8155,15,425378
411,1706585288.582766056,1706585288.682007551,1,0,0,1,14.691968293,-2.373509065,-0.066537501,-0.005151378,-0.011748759,-0.111843098,0.993643070,1448,834,0.575966851,0.038872708,0.022629162,0.015885153,0.169148935,65.815350658,0.000000000,0.109407138,0.108381694,2.201539303,0.197129566,65.347678515,0,110,106,4,0.075966851,29,0,0,0,0,1309,29,5534,19584,8184,15,426687
412,1706585288.682592869,1706585288.782425642,1,0,0,1,14.820288500,-2.399113903,-0.056952947,-0.003231581,0.008464843,-0.117267393,0.993059042,1479,858,0.580121704,0.049001771,0.030390496,0.021265375,0.157472966,71.675586390,0.000000000,0.112883645,0.137404034,2.196763018,0.199874534,65.443458449,0,140,137,3,0.094658553,50,0,0,0,0,1289,50,5566,19724,8234,15,427976
413,1706585288.782436609,1706585288.882261992,1,0,0,1,14.951808588,-2.446647205,-0.070845042,0.001532642,0.019078724,-0.127412621,0.991665103,1372,817,0.595481050,0.042672342,0.027226787,0.017499698,0.187670568,58.675636855,0.000000000,0.117884716,0.139115803,2.226884306,0.216253026,64.913950336,0,103,99,4,0.075072886,34,0,0,0,0,1235,34,5605,19827,8268,15,429211
414,1706585288.883072138,1706585288.982803345,1,0,0,1,15.057199116,-2.485925466,-0.072695285,0.001362430,0.010167430,-0.136959736,0.990523497,1328,754,0.567771084,0.036290605,0.022418969,0.014204581,0.180693011,58.004285263,0.000000000,0.122327952,0.138531998,2.211852328,0.234787851,64.467116802,0,114,113,1,0.085843373,37,0,0,0,0,1177,37,5633,19941,8305,15,430388
415,1706585288.982916117,1706585289.081551313,1,0,0,1,15.186350434,-2.533546970,-0.075060353,-0.002730312,0.013745483,-0.144760425,0.989367488,1345,776,0.576951673,0.036089872,0.022587047,0.014957933,0.176629252,61.210379218,0.000000000,0.126970904,0.138196288,2.227772434,0.246641182,63.930391308,0,120,118,2,0.089219331,31,0,0,0,0,1193,32,5672,20061,8336,15,431581
416,1706585289.082759619,1706585289.180440426,1,0,0,1,15.293382378,-2.583412353,-0.069015813,-0.002107172,0.007217781,-0.154889513,0.987903185,1316,780,0.592705167,0.036771248,0.022148816,0.014938153,0.155230610,60.396703558,0.000000000,0.129882408,0.138147639,2.226204585,0.262288363,63.699679456,0,88,88,0,0.066869301,32,0,0,0,0,1193,35,5696,20149,8368,15,432774
417,1706585289.182599306,1706585289.279481888,1,0,0,1,15.369251966,-2.635699867,-0.078170391,0.000544444,-0.004478363,-0.169399563,0.985537131,1305,772,0.591570881,0.042895969,0.024672892,0.016217146,0.174445217,62.756444678,0.000000000,0.132539331,0.138724129,2.182530568,0.287834401,63.883632956,0,118,117,1,0.090421456,38,0,0,0,0,1149,38,5732,20267,8406,15,433923
418,1706585289.282439709,1706585289.382272005,1,0,0,1,15.475081387,-2.695060797,-0.080283514,0.005850985,-0.005577724,-0.178483392,0.983909718,1304,762,0.584355828,0.037445884,0.022252627,0.013679010,0.137994126,63.443648519,0.000000000,0.134506344,0.135357561,2.169024361,0.305099717,63.840444572,0,92,88,4,0.070552147,32,0,0,0,0,1180,32,5755,20359,8438,15,435103
419,1706585289.383083344,1706585289.482898235,1,0,0,1,15.585576264,-2.740144547,-0.076324622,-0.000363372,-0.008867175,-0.187557945,0.982213449,1236,711,0.575242718,0.031409279,0.019171490,0.012974763,0.133890697,57.362962020,0.000000000,0.135161285,0.133450351,2.195432253,0.322896735,63.582870607,0,62,61,1,0.050161812,17,0,0,0,0,1157,17,5766,20421,8455,15,436260
420,1706585289.482910156,1706585289.582743645,1,0,0,1,15.699818037,-2.786997016,-0.085459243,-0.003018946,-0.003412705,-0.193707367,0.981048773,1217,703,0.577649959,0.034230563,0.021694073,0.014381965,0.117262490,59.965399170,0.000000000,0.136016556,0.132395638,2.194817335,0.318356475,63.569094610,0,91,89,2,0.074774035,19,0,0,0,0,1107,19,5780,20512,8474,15,437367
421,1706585289.582755566,1706585289.682598591,1,0,0,1,15.831896296,-2.834820430,-0.109169187,0.003426512,0.030761105,-0.187966947,0.981687547,1143,625,0.546806649,0.043335979,0.027088592,0.018597099,0.128499055,58.811361733,0.000000000,0.137241747,0.129027722,2.218694836,0.316831758,63.413229775,0,81,75,6,0.070866142,26,0,0,0,0,1036,26,5802,20593,8500,15,438403
422,1706585289.682610989,1706585289.782428265,1,0,0,1,15.955634181,-2.893936253,-0.105299207,0.001404486,0.047840130,-0.167456541,0.984717044,1097,628,0.572470374,0.034094808,0.021332138,0.013945565,0.146888263,58.456539369,0.000000000,0.139666003,0.119131874,2.228183364,0.342886138,63.334183667,0,61,60,1,0.055606199,26,0,0,0,0,1010,26,5812,20654,8526,15,439413
423,1706585289.782440662,1706585289.882286310,1,0,0,1,16.069269069,-2.966100439,-0.111103787,0.021199903,0.047263701,-0.143229802,0.988332905,1068,590,0.552434457,0.030192061,0.021112633,0.013225156,0.121647013,59.670299287,0.000000000,0.140423747,0.123204386,2.262698384,0.376018780,63.215507436,0,52,50,2,0.048689139,12,0,0,0,0,1003,13,5816,20706,8538,15,440416
424,1706585289.883098364,1706585289.982908964,1,0,0,1,16.192659230,-3.024840892,-0.133145183,0.039984742,0.059855659,-0.139073096,0.987662490,1099,623,0.566878981,0.032578383,0.020552359,0.013719079,0.148239303,57.672384240,0.000000000,0.143211838,0.124751263,2.284409831,0.370760358,62.799049698,0,64,63,1,0.058234759,15,0,0,0,0,1020,15,5822,20770,8553,15,441436
425,1706585289.982921600,1706585290.082745075,1,0,0,1,16.307207734,-3.055519328,-0.131770012,0.042230082,0.058034395,-0.121578289,0.989983509,1001,542,0.541458541,0.034974898,0.023702079,0.015596883,0.125949185,58.238826439,0.000000000,0.144457335,0.125199164,2.283016698,0.389619071,62.305763441,0,37,37,0,0.036963037,12,0,0,0,0,952,12,5828,20807,8565,15,442388
426,1706585290.082756996,1706585290.182582855,1,0,0,1,16.429480524,-3.080407237,-0.145623962,0.030703735,0.030775111,-0.108816987,0.993110788,1055,602,0.570616114,0.037483482,0.024658101,0.016203857,0.124036568,62.574068758,0.000000000,0.145373778,0.120200227,2.296467772,0.399084492,62.057770361,0,68,67,1,0.064454976,12,0,0,0,0,975,12,5842,20875,8577,15,443363
427,1706585290.182595253,1706585290.282416105,1,0,0,1,16.515088741,-3.075302460,-0.124780994,-0.009069547,0.010255781,-0.133080960,0.991010606,1219,652,0.534864643,0.031268918,0.018820068,0.012206757,0.189198743,55.245705138,0.000000000,0.148551674,0.125505474,2.321901165,0.434247395,61.556004308,0,65,62,3,0.053322395,23,0,0,0,0,1131,23,5863,20940,8600,15,444494
428,1706585290.282428503,1706585290.381452799,1,0,0,1,16.606895073,-3.059617764,-0.111690100,-0.049714019,0.009033903,-0.144964532,0.988145834,1450,849,0.585517241,0.040211955,0.024883702,0.017562313,0.198008491,68.715378861,0.000000000,0.152424489,0.126078724,2.304065632,0.447161042,61.690381622,0,116,111,5,0.080000000,42,0,0,0,0,1289,45,5895,21056,8642,15,445783
429,1706585290.383061171,1706585290.480191231,1,0,0,1,16.704316799,-3.066758198,-0.114587286,-0.056139246,0.021909102,-0.145430446,0.987531448,1391,775,0.557153127,0.034021365,0.021602741,0.014691070,0.199144584,61.985909569,0.000000000,0.156494002,0.125255215,2.292930884,0.433357247,61.463714754,0,98,94,4,0.070452912,35,0,0,0,0,1258,35,5927,21154,8677,15,447041
430,1706585290.482899904,1706585290.582732916,1,0,0,1,16.801347706,-3.102515590,-0.119898145,-0.051360824,0.024308704,-0.155302896,0.986231293,1262,713,0.564976228,0.031882126,0.019532152,0.013997726,0.185410323,58.629509919,0.000000000,0.157872970,0.129106892,2.277827548,0.436925945,60.965318982,0,87,85,2,0.068938193,19,0,0,0,0,1156,19,5943,21241,8696,15,448197
431,1706585290.582744360,1706585290.682571650,1,0,0,1,16.878441305,-3.160088590,-0.136135622,-0.033848292,0.018637307,-0.160469046,0.986284254,1277,733,0.574001566,0.029956353,0.019194518,0.012689920,0.143025445,66.636789764,0.000000000,0.156566796,0.136128036,2.244206488,0.435247112,61.006390937,0,77,76,1,0.060297572,17,0,0,0,0,1183,17,5959,21318,8713,15,449380
432,1706585290.682583332,1706585290.782417297,1,0,0,1,16.955339165,-3.234574604,-0.153033642,-0.010982897,0.017720855,-0.165604629,0.985971832,1225,681,0.555918367,0.031512448,0.019666675,0.013195587,0.167944496,57.701232949,0.000000000,0.157090372,0.115767183,2.212055546,0.424526145,60.307673265,0,67,64,3,0.054693878,18,0,0,0,0,1140,18,5978,21385,8731,15,450520
433,1706585290.782428741,1706585290.882245779,1,0,0,1,17.046912511,-3.289610617,-0.153240483,0.000783373,0.023514160,-0.170813024,0.985022528,1208,686,0.567880795,0.032367005,0.019360561,0.013366305,0.147549252,61.698920468,0.000000000,0.155084306,0.108858490,2.206407873,0.415639810,60.458837446,0,61,61,0,0.050496689,21,0,0,0,0,1126,21,5984,21446,8752,15,451646
434,1706585290.883056402,1706585290.982878923,1,0,0,1,17.142212244,-3.315719955,-0.143413648,-0.009803344,0.036585051,-0.165025863,0.985561714,1197,662,0.553049290,0.031908255,0.020342001,0.014558561,0.166870881,55.034486696,0.000000000,0.154393200,0.110768274,2.168035352,0.410406742,60.310347518,0,47,44,3,0.039264829,14,0,0,0,0,1133,17,5996,21493,8766,15,452779
435,1706585290.982889652,1706585291.082712412,1,0,0,1,17.211771790,-3.331684726,-0.132331626,-0.032574018,0.031690063,-0.165896227,0.985095485,1162,633,0.544750430,0.035539871,0.023473460,0.015504319,0.175296403,52.517981427,0.000000000,0.154326557,0.110629847,2.122026200,0.392739404,59.875727628,0,73,69,4,0.062822719,16,0,0,0,0,1072,17,6012,21566,8782,15,453851
436,1706585291.082724810,1706585291.182519197,1,0,0,1,17.307404724,-3.352640324,-0.136167042,-0.040864828,0.029103329,-0.171854664,0.983844010,1153,638,0.553339115,0.031006961,0.019361138,0.011984073,0.128860766,61.311030649,0.000000000,0.153008065,0.113010089,2.127407452,0.375575995,59.921443983,0,58,58,0,0.050303556,20,0,0,0,0,1075,20,6020,21624,8802,15,454926
437,1706585291.182531357,1706585291.282357454,1,0,0,1,17.392920368,-3.402949772,-0.142457972,-0.038027926,0.026253744,-0.177324434,0.983066968,1142,604,0.528896673,0.030572581,0.020291567,0.014240455,0.129505100,53.177591237,0.000000000,0.150761059,0.102019094,2.105464272,0.367772542,59.442501311,0,55,55,0,0.048161121,12,0,0,0,0,1075,12,6031,21679,8814,15,456001
438,1706585291.282767773,1706585291.382601500,1,0,0,1,17.465356790,-3.465710255,-0.151627186,-0.020859270,0.009709183,-0.173671574,0.984534818,1117,607,0.543419875,0.031953389,0.020752381,0.013580333,0.158181007,56.403530199,0.000000000,0.151770403,0.100360344,2.082340965,0.358401954,59.090495395,0,59,59,0,0.052820054,23,0,0,0,0,1035,23,6041,21738,8837,15,457036
439,1706585291.382612705,1706585291.482437849,1,0,0,1,17.554244595,-3.536187813,-0.165395466,0.004039803,0.005084783,-0.171904559,0.985092203,1206,645,0.534825871,0.037197795,0.025106441,0.016643424,0.182946949,55.173436554,0.000000000,0.154223216,0.101100793,2.072797750,0.349898768,58.981019121,0,56,54,2,0.046434494,20,0,0,0,0,1130,20,6055,21794,8857,15,458166
440,1706585291.482449293,1706585291.582278252,1,0,0,1,17.657621518,-3.576407893,-0.171182711,0.007464997,0.007702051,-0.165641377,0.986127723,1210,652,0.538842975,0.030392375,0.018847692,0.013483843,0.158173027,61.907298247,0.000000000,0.156268743,0.104000490,2.041417324,0.351318849,59.078114075,0,46,46,0,0.038016529,24,0,0,0,0,1140,24,6058,21840,8881,15,459306
441,1706585291.583089352,1706585291.681491852,1,0,0,1,17.758546045,-3.594468365,-0.164108187,-0.002181109,0.004090865,-0.163046843,0.986607437,1214,671,0.552718287,0.029401597,0.019552715,0.013550204,0.194861372,54.415046315,0.000000000,0.159586859,0.085446551,2.007000231,0.315470372,58.858298304,0,52,52,0,0.042833608,11,0,0,0,0,1150,12,6070,21892,8892,15,460456
442,1706585291.682928801,1706585291.780488968,1,0,0,1,17.866194299,-3.613628695,-0.162858457,-0.014596225,0.006719065,-0.159578040,0.987054534,1263,700,0.554235946,0.030823191,0.019467225,0.014039121,0.199335132,56.146632308,0.000000000,0.162209202,0.086553822,1.981609795,0.271244582,58.742802951,0,58,57,1,0.045922407,16,0,0,0,0,1189,16,6081,21950,8908,15,461645
443,1706585291.782769442,1706585291.882589340,1,0,0,1,17.979503283,-3.652254950,-0.166703969,-0.006724547,0.007448005,-0.151783261,0.988362863,1288,725,0.562888199,0.031373923,0.020366697,0.014380550,0.184574132,60.973697906,0.000000000,0.165355558,0.085112996,1.962958644,0.276366448,58.807972882,0,62,56,6,0.048136646,26,0,0,0,0,1199,27,6099,22012,8934,15,462844
444,1706585291.882600784,1706585291.982428312,1,0,0,1,18.080009815,-3.698103741,-0.169109664,-0.005016944,0.000831342,-0.145346386,0.989367761,1405,788,0.560854093,0.033069936,0.019671735,0.013625753,0.205355678,58.940064092,0.000000000,0.168211377,0.085046771,1.954861583,0.253785669,58.871356875,0,88,73,15,0.062633452,24,0,0,0,0,1285,32,6131,22100,8958,15,464129
445,1706585291.982440472,1706585292.082262516,1,0,0,1,18.187881869,-3.724722286,-0.168877937,-0.008814125,-0.000288077,-0.141125537,0.989952429,1436,814,0.566852368,0.033086070,0.019964899,0.014218972,0.238789864,64.836456024,0.000000000,0.173853411,0.084010859,1.940422847,0.238774349,59.201238354,0,83,81,2,0.057799443,21,0,0,0,0,1329,24,6149,22183,8979,15,465458
446,1706585292.083073854,1706585292.182893753,1,0,0,1,18.288223891,-3.750221854,-0.166181856,-0.012917362,-0.006245694,-0.136853743,0.990487348,1472,819,0.556385870,0.035526433,0.022882991,0.015453754,0.266322085,60.460788802,0.000000000,0.180967687,0.080014259,1.955732583,0.196807846,59.095574356,0,91,87,4,0.061820652,24,0,0,0,0,1356,25,6164,22274,9003,15,466814
447,1706585292.182905674,1706585292.282732487,1,0,0,1,18.378770628,-3.776021454,-0.162948973,-0.007342248,-0.006399070,-0.133997141,0.990933857,1523,844,0.554169402,0.035877740,0.022051702,0.014419102,0.279760662,58.401351930,0.000000000,0.185495783,0.081582718,1.955886620,0.178155441,59.253356696,0,86,83,3,0.056467498,25,0,0,0,0,1412,25,6194,22360,9028,15,468226
448,1706585292.282743454,1706585292.382566452,1,0,0,1,18.484811398,-3.803425059,-0.168097398,-0.009985519,-0.004682314,-0.131806893,0.991214058,1538,831,0.540312094,0.035457353,0.021852386,0.015701404,0.279922676,61.609990220,0.000000000,0.189591492,0.067018486,1.967805991,0.180074082,58.898087264,0,90,89,1,0.058517555,22,0,0,0,0,1426,22,6207,22450,9050,15,469652
449,1706585292.382579088,1706585292.481772423,1,0,0,1,18.582668158,-3.831969685,-0.165273376,-0.010165238,-0.004626535,-0.134108354,0.990903735,1476,839,0.568428184,0.035285570,0.020906176,0.015246844,0.258309974,59.787470700,0.000000000,0.192549761,0.068611674,1.966233995,0.164609359,58.788165320,0,91,90,1,0.061653117,33,0,0,0,0,1352,33,6223,22541,9083,15,471004
450,1706585292.482434511,1706585292.582262993,1,0,0,1,18.694748475,-3.862669728,-0.163607872,-0.017462002,-0.004832815,-0.135998280,0.990543381,1509,848,0.561961564,0.034590830,0.021467575,0.014860133,0.305933213,57.087886374,0.000000000,0.198575906,0.069167339,1.984875403,0.158932808,58.711084143,0,86,78,8,0.056991385,28,0,0,0,0,1395,28,6245,22627,9111,15,472399
451,1706585292.583074331,1706585292.682900429,1,0,0,1,18.811943655,-3.903131530,-0.162260676,-0.017044287,0.004421985,-0.138597169,0.990192286,1486,863,0.580753701,0.035257543,0.021834392,0.015295028,0.258633996,58.635511412,0.000000000,0.204356333,0.067295152,2.000482525,0.154759682,58.311020226,0,82,81,1,0.055181696,32,0,0,0,0,1372,32,6256,22709,9143,15,473771
452,1706585292.682911634,1706585292.782745838,1,0,0,1,18.924016261,-3.937523084,-0.167662911,-0.016138816,0.002872725,-0.146180507,0.989122109,1444,814,0.563711911,0.038576416,0.023835559,0.016060650,0.211414129,69.283760668,0.000000000,0.206529815,0.074447373,2.010998158,0.159713588,58.890146611,0,94,91,3,0.065096953,35,0,0,0,0,1315,35,6271,22803,9178,15,475086
453,1706585292.782757759,1706585292.882542133,1,0,0,1,19.033068868,-3.970714537,-0.160719948,-0.024976835,0.004791300,-0.151654645,0.988106305,1406,748,0.532005690,0.041745012,0.027465062,0.019090368,0.226818615,60.953944574,0.000000000,0.210493283,0.090142222,2.025902200,0.160214494,58.852897817,0,86,85,1,0.061166430,33,0,0,0,0,1287,33,6290,22889,9211,15,476373
454,1706585292.882603884,1706585292.981473207,1,0,0,1,19.161985621,-4.011419482,-0.155198097,-0.021069900,0.009727548,-0.152574205,0.988019507,1299,669,0.515011547,0.037832996,0.024174543,0.015686971,0.226878127,58.656722782,0.000000000,0.213493645,0.091571119,2.088981867,0.159574578,59.034009621,0,61,60,1,0.046959199,24,0,0,0,0,1213,25,6300,22950,9235,15,477586
455,1706585292.982433081,1706585293.080284595,1,0,0,1,19.272127106,-4.046310392,-0.161037876,-0.017057138,0.009494568,-0.146206561,0.989061448,1315,701,0.533079848,0.032238349,0.019756967,0.013919608,0.197614286,54.849279996,0.000000000,0.214609540,0.092410980,2.106688098,0.160306328,59.150574550,0,70,69,1,0.053231939,24,0,0,0,0,1221,24,6313,23020,9259,15,478807
456,1706585293.083068371,1706585293.182897568,1,0,0,1,19.397849421,-4.091118117,-0.167248380,-0.010804096,0.005353739,-0.133284501,0.991004466,1432,761,0.531424581,0.033470108,0.021376171,0.014467514,0.231787011,62.964834280,0.000000000,0.219755852,0.089893325,2.140884980,0.175904517,59.233264731,0,79,68,11,0.055167598,25,0,0,0,0,1322,31,6340,23099,9284,15,480129
457,1706585293.182909250,1706585293.282750368,1,0,0,1,19.522691339,-4.122166527,-0.170029435,-0.006788358,0.007186672,-0.120410643,0.992674945,1397,758,0.542591267,0.034375264,0.020334813,0.014479880,0.269634952,58.452148216,0.000000000,0.226762344,0.086081415,2.173279152,0.192805513,59.496992580,0,88,81,7,0.062992126,26,0,0,0,0,1282,27,6360,23187,9310,15,481411
458,1706585293.282761812,1706585293.382588148,1,0,0,1,19.646439840,-4.146143678,-0.166389479,-0.007534236,0.009832600,-0.108994216,0.993965199,1403,752,0.535994298,0.033551286,0.024292599,0.016472253,0.216821119,63.999885593,0.000000000,0.229694350,0.084567750,2.185111403,0.211754527,59.876810350,0,88,82,6,0.062722737,16,0,0,0,0,1298,17,6392,23275,9326,15,482709
459,1706585293.382600784,1706585293.482421875,1,0,0,1,19.777835375,-4.167557014,-0.176276513,-0.007391556,0.013229953,-0.098562197,0.995015491,1273,652,0.512175962,0.035017066,0.022124004,0.014145359,0.172587168,58.535613206,0.000000000,0.229176361,0.082957420,2.207530728,0.219895036,60.044919182,0,61,58,3,0.047918303,11,0,0,0,0,1199,13,6407,23336,9337,15,483908
460,1706585293.482434034,1706585293.582260847,1,0,0,1,19.894379277,-4.188022421,-0.177907792,-0.010985144,0.012832136,-0.092116468,0.995604951,1230,633,0.514634146,0.029520213,0.018556143,0.012832727,0.173144178,61.292006608,0.000000000,0.229924918,0.084989886,2.223097579,0.227623936,60.014154600,0,48,45,3,0.039024390,12,0,0,0,0,1169,13,6416,23384,9349,15,485077
461,1706585293.583070278,1706585293.682558060,1,0,0,1,20.004667912,-4.208342799,-0.179266236,-0.011293084,0.006985068,-0.086262800,0.996183921,1221,630,0.515970516,0.031585019,0.019967484,0.012993493,0.204093328,53.260877461,0.000000000,0.230386516,0.080404649,2.225903530,0.232653683,59.956446158,0,57,55,2,0.046683047,15,0,0,0,0,1149,15,6430,23441,9364,15,486226
462,1706585293.682895899,1706585293.780908585,1,0,0,1,20.114674534,-4.224283394,-0.175678812,-0.010871171,0.010794499,-0.081224086,0.996578118,1162,613,0.527538726,0.034201194,0.022012125,0.014807202,0.170225180,55.041349479,0.000000000,0.228931019,0.076427386,2.217343427,0.226830381,59.901182016,0,55,54,1,0.047332186,16,0,0,0,0,1091,16,6436,23496,9380,15,487317
463,1706585293.782742023,1706585293.882571220,1,0,0,1,20.209911577,-4.247571632,-0.179639578,-0.012258715,0.003472725,-0.077022476,0.996947944,1198,624,0.520868114,0.032864220,0.022617799,0.014709236,0.147062629,56.932402452,0.000000000,0.227055444,0.074201342,2.204969997,0.222307501,59.699117243,0,54,52,2,0.045075125,19,0,0,0,0,1125,19,6452,23550,9399,15,488442
464,1706585293.882583141,1706585293.982414484,1,0,0,1,20.306158896,-4.269032241,-0.183875160,-0.007918902,0.003306026,-0.072858671,0.997305357,1159,619,0.534081104,0.032117468,0.019795259,0.012892585,0.145103644,61.146123677,0.000000000,0.224042842,0.075386585,2.192563824,0.222134504,59.809420223,0,41,39,2,0.035375324,14,0,0,0,0,1104,14,6465,23591,9413,15,489546
465,1706585293.982425928,1706585294.082252502,1,0,0,1,20.415516034,-4.278756951,-0.182541302,-0.011940116,0.003094252,-0.073305332,0.997233266,1139,601,0.527655838,0.029534133,0.018368156,0.012658323,0.135590061,61.361143251,0.000000000,0.218882852,0.081875794,2.198794112,0.214271981,59.635654584,0,56,56,0,0.049165935,9,0,0,0,0,1074,9,6469,23647,9422,15,490620
466,1706585294.083063841,1706585294.181730270,1,0,0,1,20.527709455,-4.296248966,-0.172312269,-0.011555258,0.005404615,-0.075746240,0.997045522,1120,615,0.549107143,0.030046057,0.019462846,0.013298811,0.134738579,62.763338608,0.000000000,0.212303676,0.086717720,2.218596677,0.213536668,59.750782074,0,49,48,1,0.043750000,12,0,0,0,0,1059,12,6477,23696,9434,15,491679
467,1706585294.182890654,1706585294.280345678,1,0,0,1,20.629437936,-4.320310890,-0.177833859,-0.008168218,0.003678744,-0.080163882,0.996741440,1138,587,0.515817223,0.033025595,0.019451342,0.013749663,0.180515059,54.725023937,0.000000000,0.207341396,0.086562006,2.213632472,0.217903221,59.566965675,0,54,50,4,0.047451670,15,0,0,0,0,1069,15,6491,23750,9449,15,492748
468,1706585294.282741308,1706585294.382577181,1,0,0,1,20.753430450,-4.351282078,-0.180740667,-0.002858881,0.008313137,-0.079949181,0.996760175,1114,585,0.525134650,0.035184224,0.022194744,0.015290810,0.161987954,59.538522013,0.000000000,0.201444660,0.086417474,2.239493456,0.213685444,59.463392264,0,55,50,5,0.049371634,18,0,0,0,0,1037,22,6507,23805,9467,15,493785
469,1706585294.382588625,1706585294.482416153,1,0,0,1,20.864765769,-4.372569618,-0.188662136,-0.002718305,0.007763165,-0.086024622,0.996259057,1155,605,0.523809524,0.031991763,0.020147869,0.013455796,0.188866521,55.586104862,0.000000000,0.197972487,0.087300544,2.236901316,0.222155045,59.253323972,0,46,44,2,0.039826840,16,0,0,0,0,1090,19,6513,23851,9483,15,494875
470,1706585294.482427835,1706585294.582252741,1,0,0,1,20.988911618,-4.398897821,-0.189875616,-0.002158802,0.009968908,-0.087837816,0.996082566,1193,602,0.504610226,0.034996341,0.019784190,0.014031020,0.160531928,63.795224885,0.000000000,0.190702423,0.087440085,2.239823381,0.220252059,59.588690898,0,57,53,4,0.047778709,15,0,0,0,0,1120,16,6521,23908,9498,15,495995
471,1706585294.583063602,1706585294.682904005,1,0,0,1,21.115021968,-4.430555756,-0.205315469,0.000726377,0.007908649,-0.089155196,0.995986083,1180,632,0.535593220,0.032076954,0.019380104,0.014208702,0.172400531,56.582084098,0.000000000,0.186390750,0.088027527,2.253404984,0.207570004,59.486019532,0,58,54,4,0.049152542,12,0,0,0,0,1109,13,6531,23966,9510,15,497104
472,1706585294.682915688,1706585294.782748699,1,0,0,1,21.235081862,-4.455761484,-0.206002083,-0.001945912,0.015000992,-0.094542649,0.995405883,1178,593,0.503395586,0.030132493,0.018812988,0.012764814,0.180428259,57.303245988,0.000000000,0.184841456,0.085350643,2.261881052,0.207342441,58.886993798,0,53,53,0,0.044991511,14,0,0,0,0,1111,14,6536,24019,9524,15,498215
473,1706585294.782761335,1706585294.882582664,1,0,0,1,21.349617891,-4.473484052,-0.202557349,-0.008991365,0.016029339,-0.095130028,0.995295179,1176,606,0.515306122,0.029998396,0.017867224,0.012695382,0.145189614,56.755813576,0.000000000,0.180760006,0.066118419,2.242528249,0.206668557,58.677087248,0,59,55,4,0.050170068,16,0,0,0,0,1101,16,6549,24078,9540,15,499316
474,1706585294.882594347,1706585294.981868744,1,0,0,1,21.470651254,-4.502673431,-0.206195836,-0.007839404,0.017872707,-0.093779688,0.995401668,1167,606,0.519280206,0.030757932,0.018478934,0.012220496,0.174364524,58.730233828,0.000000000,0.178134326,0.057099081,2.251401498,0.196430454,58.680762801,0,49,49,0,0.041988003,18,0,0,0,0,1100,18,6558,24127,9558,15,500416
475,1706585294.982430696,1706585295.080389261,1,0,0,1,21.592512473,-4.532249499,-0.203829652,-0.006052881,0.022444412,-0.090794819,0.995598268,1139,594,0.521510097,0.037330926,0.023261448,0.016496284,0.171009626,58.898253653,0.000000000,0.176804093,0.065753487,2.243209900,0.176083111,58.883211483,0,56,53,3,0.049165935,12,0,0,0,0,1071,12,6573,24183,9570,15,501487
476,1706585295.083071232,1706585295.182899475,1,0,0,1,21.718747602,-4.560995645,-0.213225326,-0.007695534,0.017851618,-0.085419760,0.996155391,1081,571,0.528214616,0.040851790,0.029434785,0.018617781,0.188164610,53.213089575,0.000000000,0.174622973,0.084905262,2.244342221,0.160971532,58.395624248,0,73,71,2,0.067530065,14,0,0,0,0,994,14,6586,24256,9584,15,502481
477,1706585295.182912588,1706585295.282728434,1,0,0,1,21.834547213,-4.591172672,-0.212958938,-0.002406028,0.009981412,-0.079127551,0.996811624,1119,599,0.535299374,0.034091886,0.023159033,0.015697098,0.148435412,60.867956850,0.000000000,0.168562996,0.084744395,2.237907051,0.150953198,58.516414680,0,59,57,2,0.052725648,18,0,0,0,0,1042,18,6598,24315,9602,15,503523
478,1706585295.282739878,1706585295.382550001,1,0,0,1,21.952576872,-4.608740597,-0.225179553,-0.000053995,0.017316792,-0.072438150,0.997222563,1056,548,0.518939394,0.035403736,0.022027435,0.015051314,0.202915051,53.351502641,0.000000000,0.167867693,0.085987595,2.224365524,0.143464893,57.983995532,0,65,64,1,0.061553030,14,0,0,0,0,977,14,6608,24380,9616,15,504500
479,1706585295.382574558,1706585295.481070995,1,0,0,1,22.082939859,-4.622256346,-0.231211826,0.003225680,0.019310054,-0.065719120,0.997646087,1017,532,0.523107178,0.030879279,0.017128934,0.012800833,0.176762317,56.846366379,0.000000000,0.168076450,0.086495654,2.237227636,0.144175914,57.899533191,0,48,47,1,0.047197640,13,0,0,0,0,956,13,6618,24428,9629,15,505456
480,1706585295.482420921,1706585295.579656839,1,0,0,1,22.186245314,-4.624308415,-0.223260093,-0.005431408,0.009426174,-0.060582394,0.998103913,967,508,0.525336091,0.031556618,0.016895098,0.012619524,0.162343730,54.051611838,0.000000000,0.167536428,0.083639298,2.228705767,0.142394416,57.537513453,0,54,54,0,0.055842813,17,0,0,0,0,896,17,6626,24482,9646,15,506352
481,1706585295.583050966,1706585295.682876110,1,0,0,1,22.307096312,-4.629385109,-0.230354575,-0.009214587,0.015812025,-0.054906719,0.998323757,990,508,0.513131313,0.036113197,0.024321011,0.017332550,0.171140691,55.174969856,0.000000000,0.165888796,0.085039468,2.238657785,0.143534843,57.633218072,0,53,52,1,0.053535354,15,0,0,0,0,922,15,6631,24535,9661,15,507274
482,1706585295.682887793,1706585295.782709360,1,0,0,1,22.415345626,-4.632388621,-0.220574285,-0.013107567,0.021559199,-0.054974974,0.998168896,971,498,0.512873326,0.032819860,0.019840062,0.013582564,0.153018103,49.508171593,0.000000000,0.165028442,0.084929749,2.249266511,0.135370044,57.356559178,0,45,44,1,0.046343975,15,0,0,0,0,911,15,6643,24580,9676,15,508185
483,1706585295.782720804,1706585295.882556677,1,0,0,1,22.512560852,-4.651834893,-0.220676076,-0.012766383,0.016271780,-0.058012934,0.998101572,962,486,0.505197505,0.030127076,0.017676109,0.011940463,0.177225040,53.747059181,0.000000000,0.166536563,0.087506664,2.249705869,0.132898811,57.197292014,0,48,44,4,0.049896050,16,0,0,0,0,898,16,6655,24628,9692,15,509083
484,1706585295.882569313,1706585295.982401848,1,0,0,1,22.620484485,-4.669049641,-0.218162669,-0.014552266,0.008640201,-0.065372895,0.997717376,954,500,0.524109015,0.030858887,0.018759362,0.012821344,0.162121983,54.366048002,0.000000000,0.167387480,0.088619320,2.249225946,0.146536663,56.858288231,0,51,46,5,0.053459119,15,0,0,0,0,888,15,6668,24679,9707,15,509971
485,1706585295.982414246,1706585296.082226992,1,0,0,1,22.727418012,-4.676039116,-0.225379475,-0.026486763,0.015623525,-0.071384449,0.996974733,1053,515,0.489078822,0.030224290,0.017971913,0.013432571,0.167164430,53.852718690,0.000000000,0.168966198,0.087431145,2.242621759,0.154209121,56.482867003,0,50,49,1,0.047483381,16,0,0,0,0,987,16,6680,24729,9723,15,510958
486,1706585296.083038330,1706585296.182871342,1,0,0,1,22.843538584,-4.692270406,-0.232315285,-0.030645273,0.021027777,-0.078624857,0.996211239,1045,499,0.477511962,0.032050605,0.018698946,0.012697451,0.147696213,57.887090759,0.000000000,0.169614080,0.085111776,2.255395035,0.160414155,56.239054610,0,39,38,1,0.037320574,14,0,0,0,0,992,14,6687,24768,9737,15,511950
487,1706585296.182882547,1706585296.281559944,1,0,0,1,22.955547942,-4.715956940,-0.237518767,-0.030032843,0.010810825,-0.084264238,0.995932072,1089,539,0.494949495,0.034612022,0.020158361,0.015274901,0.213182138,48.633277529,0.000000000,0.171247434,0.085549540,2.242164600,0.170595055,55.934467290,0,48,44,4,0.044077135,19,0,0,0,0,1022,19,6696,24816,9756,15,512972
488,1706585296.282721281,1706585296.380159378,1,0,0,1,23.074656217,-4.747291764,-0.230340474,-0.024687229,0.010119270,-0.090469993,0.995541723,1126,558,0.495559503,0.037702622,0.022203101,0.014913737,0.187505339,49.979345803,0.000000000,0.172523303,0.089503722,2.251906078,0.170737900,55.456508479,0,69,67,2,0.061278863,19,0,0,0,0,1038,19,6709,24885,9775,15,514010
489,1706585296.382567167,1706585296.482383251,1,0,0,1,23.186125445,-4.775277332,-0.235343875,-0.025362337,0.015152404,-0.098119543,0.994736001,1148,562,0.489547038,0.034177980,0.022568635,0.014600091,0.209726802,54.538604751,0.000000000,0.173566317,0.088991014,2.240030807,0.182748199,55.404133474,0,55,53,2,0.047909408,20,0,0,0,0,1073,20,6722,24940,9795,15,515083
490,1706585296.482395172,1706585296.582232475,1,0,0,1,23.293831430,-4.794632382,-0.233288726,-0.031588220,0.006739175,-0.105898205,0.993852272,1243,658,0.529364441,0.038885219,0.025279870,0.016409962,0.219917038,54.328420814,0.000000000,0.176535573,0.095079844,2.218544591,0.195372197,54.930793270,0,78,78,0,0.062751408,29,0,0,0,0,1136,29,6740,25018,9824,15,516219
491,1706585296.583042622,1706585296.682329655,1,0,0,1,23.403843428,-4.816839020,-0.242989133,-0.037801433,0.008968808,-0.117226314,0.992345002,1343,708,0.527177960,0.042722072,0.026565059,0.018755486,0.210579173,58.300772269,0.000000000,0.178444505,0.109832113,2.208514757,0.207431662,55.016727679,0,105,102,3,0.078183172,28,0,0,0,0,1210,28,6759,25123,9852,15,517429
492,1706585296.682878017,1706585296.781030178,1,0,0,1,23.527630367,-4.858621398,-0.250959210,-0.034259094,0.023298322,-0.124835175,0.991312101,1271,615,0.483870968,0.035521249,0.022729067,0.014868677,0.190405107,63.464585085,0.000000000,0.178943347,0.106051956,2.223455679,0.222437758,55.324794634,0,77,73,4,0.060582219,18,0,0,0,0,1176,18,6780,25200,9870,15,518605
493,1706585296.782702446,1706585296.882531404,1,0,0,1,23.642954644,-4.903765924,-0.259656181,-0.034418931,0.026829817,-0.134274005,0.989982823,1239,594,0.479418886,0.034544284,0.021432298,0.014402944,0.223619912,54.017235262,0.000000000,0.182864862,0.101347090,2.223049662,0.239082920,55.187865718,0,67,66,1,0.054075868,17,0,0,0,0,1155,17,6791,25267,9887,15,519760
494,1706585296.882542610,1706585296.982364416,1,0,0,1,23.763951091,-4.942447694,-0.255817875,-0.037381045,0.029094042,-0.143254367,0.988551658,1208,586,0.485099338,0.031978778,0.018349890,0.013171636,0.232639690,53.241428142,0.000000000,0.185778620,0.099532525,2.224715559,0.251605968,54.913425434,0,55,50,5,0.045529801,19,0,0,0,0,1134,19,6808,25322,9906,15,520894
495,1706585296.982777119,1706585297.082611322,1,0,0,1,23.882904166,-4.988376925,-0.255150499,-0.036221103,0.034088665,-0.151329770,0.987231126,1186,612,0.516020236,0.032196118,0.019279491,0.013591123,0.205118709,51.786408174,0.000000000,0.187484074,0.099690642,2.222422106,0.257526557,54.557833160,0,51,50,1,0.043001686,23,0,0,0,0,1112,23,6825,25373,9929,15,522006
496,1706585297.082622528,1706585297.182443142,1,0,0,1,23.983539324,-5.042372557,-0.255172687,-0.028610257,0.022259325,-0.158880267,0.986632169,1164,567,0.487113402,0.032003490,0.018015649,0.013586454,0.202104935,56.268649015,0.000000000,0.188181091,0.091890158,2.216960556,0.258534357,54.710611132,0,53,49,4,0.045532646,22,0,0,0,0,1089,22,6842,25426,9951,15,523095
497,1706585297.182455301,1706585297.282272100,1,0,0,1,24.092563005,-5.097912100,-0.260906013,-0.026494484,0.020144994,-0.160583008,0.986461007,1215,598,0.492181070,0.037442606,0.021847796,0.015642476,0.195799872,54.567482959,0.000000000,0.190549314,0.094172404,2.219495987,0.248342134,54.395587437,0,81,78,3,0.066666667,26,0,0,0,0,1108,26,6869,25507,9977,15,524203
498,1706585297.283083439,1706585297.382906914,1,0,0,1,24.214080670,-5.133174373,-0.263390910,-0.031062541,0.020825074,-0.154914948,0.987219729,1240,621,0.500806452,0.031216488,0.018123092,0.013603225,0.194574076,58.642465156,0.000000000,0.190132265,0.096047016,2.214850395,0.246044300,54.660135563,0,74,72,2,0.059677419,18,0,0,0,0,1148,18,6883,25581,9995,15,525351
499,1706585297.382919073,1706585297.482470751,1,0,0,1,24.333680971,-5.149978444,-0.267431437,-0.038604211,0.025099867,-0.146720414,0.988105678,1237,624,0.504446241,0.035953530,0.020721742,0.015179952,0.200296828,58.856152494,0.000000000,0.191308990,0.093971103,2.232061640,0.251864250,54.760624869,0,67,63,4,0.054163298,20,0,0,0,0,1150,20,6901,25648,10015,15,526501
500,1706585297.482758522,1706585297.581070185,1,0,0,1,24.442098639,-5.168682693,-0.265463176,-0.046041198,0.024641942,-0.143520712,0.988268581,1200,600,0.500000000,0.034853931,0.021771124,0.014402942,0.199640172,57.215090044,0.000000000,0.193173813,0.091989750,2.220933057,0.246950093,54.918798779,0,58,58,0,0.048333333,20,0,0,0,0,1122,20,6909,25706,10035,15,527623
501,1706585297.582603931,1706585297.679642916,1,0,0,1,24.543963543,-5.201058083,-0.267672451,-0.041541662,0.026466775,-0.141322647,0.988737432,1221,594,0.486486486,0.033428083,0.018786463,0.013934125,0.227708321,51.920348575,0.000000000,0.196002194,0.091679322,2.219110191,0.250921898,54.756067715,0,68,67,1,0.055692056,24,0,0,0,0,1129,24,6920,25774,10059,15,528752
502,1706585297.682449579,1706585297.782281637,1,0,0,1,24.636378288,-5.249908342,-0.279198680,-0.033809575,0.022694704,-0.140967541,0.989176433,1241,614,0.494762288,0.036028229,0.020482505,0.014389667,0.233894967,53.472836655,0.000000000,0.200046037,0.091515876,2.225134085,0.246370551,54.954300968,0,64,61,3,0.051571313,26,0,0,0,0,1151,26,6935,25838,10085,15,529903
503,1706585297.783092260,1706585297.882895947,1,0,0,1,24.745112496,-5.288769078,-0.287513135,-0.029874994,0.024433418,-0.143821606,0.988850767,1219,601,0.493027071,0.032124034,0.020804959,0.014738674,0.267274025,47.773278840,0.000000000,0.204548487,0.088198105,2.231586027,0.237586416,54.655611951,0,56,55,1,0.045939295,19,0,0,0,0,1144,19,6946,25894,10104,15,531047
504,1706585297.882908821,1706585297.982323885,1,0,0,1,24.852450768,-5.310046912,-0.292219931,-0.035424909,0.015692124,-0.147897827,0.988243424,1228,607,0.494299674,0.034760243,0.020704342,0.014777414,0.234361541,52.323021541,0.000000000,0.208160464,0.084460362,2.233709686,0.232663554,54.553460628,0,80,77,3,0.065146580,22,0,0,0,0,1126,22,6958,25974,10126,15,532173
505,1706585297.982747078,1706585298.080982685,1,0,0,1,24.945330263,-5.331166352,-0.294099222,-0.044457261,0.020415925,-0.150099905,0.987459751,1273,617,0.484681854,0.038707308,0.027915214,0.018299336,0.244482217,61.533407483,0.000000000,0.212026354,0.081902658,2.211524136,0.222754559,54.937495067,0,65,62,3,0.051060487,15,0,0,0,0,1193,15,6978,26039,10141,15,533366
506,1706585298.082580090,1706585298.182399988,1,0,0,1,25.044810487,-5.379817919,-0.294750028,-0.042443450,0.024031197,-0.153715769,0.986910592,1236,580,0.469255663,0.034723358,0.022804694,0.015593395,0.245473686,53.602989954,0.000000000,0.216915227,0.079275288,2.207661143,0.219773516,54.723290027,0,66,61,5,0.053398058,21,0,0,0,0,1149,21,6997,26105,10162,15,534515
507,1706585298.182425737,1706585298.282261133,1,0,0,1,25.148924222,-5.446458431,-0.299014802,-0.029386101,0.027958822,-0.157988973,0.986607443,1188,566,0.476430976,0.035140025,0.020645068,0.014692961,0.216115354,55.940782867,0.000000000,0.217061888,0.079130756,2.207979432,0.215954124,55.088665294,0,52,50,2,0.043771044,15,0,0,0,0,1121,15,7010,26157,10177,15,535636
508,1706585298.283073664,1706585298.382918358,1,0,0,1,25.265700871,-5.494968972,-0.311868541,-0.029796924,0.035248646,-0.163199589,0.985512846,1104,522,0.472826087,0.029593945,0.018535996,0.013525448,0.187281661,56.215418824,0.000000000,0.217050704,0.085529742,2.220045393,0.211509143,55.400468945,0,60,55,5,0.054347826,12,0,0,0,0,1032,12,7026,26217,10189,15,536668
509,1706585298.382930279,1706585298.482757568,1,0,0,1,25.383441905,-5.539036756,-0.317618585,-0.029612674,0.033368125,-0.167020677,0.984943527,1082,521,0.481515712,0.029339160,0.020007638,0.013669068,0.192224998,48.533373331,0.000000000,0.216175614,0.092743911,2.236443903,0.203876258,55.100207374,0,36,36,0,0.033271719,8,0,0,0,0,1038,8,7033,26253,10197,15,537706
510,1706585298.482769251,1706585298.582615137,1,0,0,1,25.493362327,-5.582885034,-0.323137047,-0.027970467,0.030539546,-0.172628437,0.984116056,1074,498,0.463687151,0.032240483,0.021162705,0.014430122,0.219471224,45.894882540,0.000000000,0.216153323,0.090028175,2.242266609,0.191937779,54.678530460,0,55,54,1,0.051210428,19,0,0,0,0,999,20,7041,26308,10216,15,538705
511,1706585298.582627058,1706585298.682459831,1,0,0,1,25.587025757,-5.631495933,-0.323068878,-0.026377267,0.022005881,-0.172257212,0.984452860,1147,551,0.480383609,0.032972459,0.018948999,0.013296321,0.222519195,47.323025077,0.000000000,0.216750324,0.070925366,2.216902045,0.177010691,54.129643101,0,66,66,0,0.057541412,19,0,0,0,0,1062,19,7052,26374,10235,15,539767
512,1706585298.682471275,1706585298.782085180,1,0,0,1,25.703828766,-5.676386894,-0.326849680,-0.022090069,0.013214537,-0.165763412,0.985829547,1134,573,0.505291005,0.035466093,0.024172597,0.016281321,0.268022425,47.248426112,0.000000000,0.220631190,0.070871127,2.217941113,0.171507146,53.318835152,0,61,59,2,0.053791887,21,0,0,0,0,1052,21,7060,26435,10256,15,540819
513,1706585298.782721519,1706585298.880762815,1,0,0,1,25.817812158,-5.710403829,-0.330221980,-0.020635092,0.006019619,-0.152460257,0.988075821,1255,617,0.491633466,0.032454309,0.021756323,0.014020218,0.213789676,58.435191825,0.000000000,0.220139679,0.071330176,2.209852829,0.180350409,53.539732980,0,65,64,1,0.051792829,20,0,0,0,0,1170,20,7073,26500,10276,15,541989
514,1706585298.882572889,1706585298.979394197,1,0,0,1,25.931851548,-5.736666170,-0.331028638,-0.020415011,0.007338220,-0.142393801,0.989572323,1303,622,0.477359939,0.033258424,0.020351234,0.014202575,0.261837647,59.214141343,0.000000000,0.221599576,0.070363081,2.199366117,0.183877195,53.838368640,0,72,71,1,0.055257099,26,0,0,0,0,1205,26,7084,26572,10302,15,543194
515,1706585298.982403278,1706585299.082238913,1,0,0,1,26.054951962,-5.763439704,-0.328868607,-0.020891075,0.011243818,-0.133748016,0.990731350,1325,664,0.501132075,0.035144684,0.020858103,0.013945361,0.305536645,56.220677838,0.000000000,0.226620473,0.069875469,2.211157145,0.187230150,54.060082124,0,64,64,0,0.048301887,26,0,0,0,0,1235,26,7093,26636,10328,15,544429
516,1706585299.083049059,1706585299.182886839,1,0,0,1,26.160555722,-5.795787580,-0.332318624,-0.018023311,0.010601709,-0.129074782,0.991414376,1330,641,0.481954887,0.032493848,0.019714520,0.013886187,0.287816239,54.704473382,0.000000000,0.230906038,0.069331439,2.199168526,0.193504408,53.981873342,0,82,77,5,0.061654135,21,0,0,0,0,1227,21,7114,26718,10349,15,545656
517,1706585299.182898283,1706585299.281981230,1,0,0,1,26.259004706,-5.818991394,-0.330123289,-0.018965292,0.013398341,-0.127369354,0.991583506,1321,647,0.489780469,0.034046168,0.022941599,0.015194738,0.293959003,58.203987123,0.000000000,0.235813995,0.065333684,2.173783960,0.185509913,54.163698550,0,60,59,1,0.045420136,15,0,0,0,0,1246,15,7119,26778,10364,15,546902
518,1706585299.282729864,1706585299.380388021,1,0,0,1,26.358723640,-5.835420919,-0.331866856,-0.027749682,0.014359481,-0.127422957,0.991356218,1281,597,0.466042155,0.034619573,0.023772850,0.015727651,0.255604382,57.556364569,0.000000000,0.238865510,0.063002207,2.154019719,0.169909371,54.109393521,0,63,60,3,0.049180328,16,0,0,0,0,1202,16,7139,26841,10380,15,548104
519,1706585299.382570744,1706585299.482414007,1,0,0,1,26.473093366,-5.854319969,-0.333770342,-0.040168693,0.017235201,-0.127236111,0.990908874,1261,590,0.467882633,0.035848326,0.022442793,0.015624328,0.301101797,53.780553805,0.000000000,0.243905759,0.062863579,2.159919170,0.163785471,53.855613586,0,57,55,2,0.045202220,19,0,0,0,0,1184,20,7149,26898,10399,15,549288
520,1706585299.482426405,1706585299.582262993,1,0,0,1,26.589597436,-5.879906660,-0.335750901,-0.040300147,0.015471617,-0.122877096,0.991482600,1326,635,0.478883861,0.034337744,0.021354708,0.014370790,0.261690021,57.261808332,0.000000000,0.247008251,0.062643429,2.172307412,0.168311121,53.857949501,0,57,55,2,0.042986425,21,0,0,0,0,1248,21,7161,26955,10420,15,550536
521,1706585299.583073378,1706585299.682907343,1,0,0,1,26.712340635,-5.911596197,-0.341356443,-0.035065234,0.015605856,-0.120296526,0.991995782,1299,628,0.483448807,0.032644053,0.021321838,0.013529523,0.226203136,56.689202874,0.000000000,0.246932992,0.063141837,2.194034218,0.172253070,54.096392216,0,60,56,4,0.046189376,18,0,0,0,0,1221,18,7174,27015,10438,15,551757
522,1706585299.682918072,1706585299.782749414,1,0,0,1,26.837546085,-5.952308319,-0.342726145,-0.033095401,0.016541342,-0.116463481,0.992505585,1238,605,0.488691438,0.034008158,0.022067820,0.015339008,0.248567345,56.551002358,0.000000000,0.247666611,0.061519103,2.209930742,0.174178917,54.250300501,0,42,39,3,0.033925687,24,0,0,0,0,1172,24,7182,27057,10462,15,552929
523,1706585299.782761812,1706585299.882589102,1,0,0,1,26.954716389,-5.983328239,-0.343740780,-0.032826785,0.010264528,-0.113226244,0.992973745,1239,588,0.474576271,0.034200722,0.022021959,0.014758958,0.255764561,55.649132538,0.000000000,0.247091138,0.060455965,2.221613801,0.173459440,54.644093186,0,64,63,1,0.051654560,16,0,0,0,0,1159,16,7190,27121,10478,15,554088
524,1706585299.882600784,1706585299.982424974,1,0,0,1,27.085640751,-6.011675966,-0.351150504,-0.031794398,0.012326202,-0.111433951,0.993186617,1295,618,0.477220077,0.036822799,0.021574048,0.014332530,0.245323145,58.087350744,0.000000000,0.247639218,0.063093920,2.260507811,0.171839489,54.932309646,0,76,75,1,0.058687259,26,0,0,0,0,1193,26,7208,27197,10504,15,555281
525,1706585299.982437134,1706585300.081732273,1,0,0,1,27.204647693,-6.040342692,-0.354205825,-0.032016040,0.014825996,-0.107389278,0.993590814,1241,575,0.463336019,0.032948895,0.020889124,0.014292607,0.256090514,54.826335847,0.000000000,0.248219633,0.054726307,2.272215203,0.172167037,54.596956064,0,62,58,4,0.049959710,22,0,0,0,0,1157,22,7216,27259,10526,15,556438
526,1706585300.083094358,1706585300.180335045,1,0,0,1,27.327921227,-6.069257949,-0.358774405,-0.032808662,0.019024668,-0.104789997,0.993770955,1191,545,0.457598657,0.032624093,0.023121059,0.014446133,0.264392604,50.249162191,0.000000000,0.249165579,0.054708325,2.275228550,0.168551077,54.429264676,0,68,67,1,0.057094878,12,0,0,0,0,1111,12,7226,27327,10538,15,557549
527,1706585300.182944536,1706585300.278969526,1,0,0,1,27.439755333,-6.092731769,-0.351854244,-0.031490178,0.024654986,-0.103834376,0.993790180,1138,510,0.448154657,0.032879708,0.016700732,0.012490760,0.212267634,50.456672130,0.000000000,0.248973193,0.053857050,2.262605600,0.158871375,54.155059139,0,49,47,2,0.043057996,17,0,0,0,0,1071,18,7238,27376,10555,15,558620
528,1706585300.282778740,1706585300.382608652,1,0,0,1,27.552785730,-6.124983992,-0.353154829,-0.027898659,0.027034979,-0.104472144,0.993768759,1115,521,0.467264574,0.031464487,0.019025737,0.013334023,0.201483043,52.025100148,0.000000000,0.249683262,0.048972580,2.254305552,0.152598054,53.945543205,0,53,51,2,0.047533632,18,0,0,0,0,1043,19,7245,27429,10573,15,559663
529,1706585300.382620335,1706585300.482425213,1,0,0,1,27.654136157,-6.156378754,-0.359979476,-0.026237252,0.023254159,-0.103867548,0.993973029,1139,507,0.445127305,0.029435664,0.018537136,0.012935262,0.206019512,49.909837983,0.000000000,0.250372987,0.048603577,2.242154329,0.143090027,54.014366438,0,54,50,4,0.047410009,15,0,0,0,0,1070,15,7259,27483,10588,15,560733
530,1706585300.482449055,1706585300.581372499,1,0,0,1,27.751810306,-6.187633571,-0.369494063,-0.022932882,0.015181801,-0.107062378,0.993871844,1164,557,0.478522337,0.033983054,0.021631045,0.014271388,0.209591437,54.637742404,0.000000000,0.249878998,0.047791615,2.239621085,0.147434692,54.451509431,0,64,61,3,0.054982818,16,0,0,0,0,1084,16,7276,27547,10604,15,561817
531,1706585300.583093166,1706585300.682908773,1,0,0,1,27.861936171,-6.215255209,-0.373323952,-0.018220464,0.010678568,-0.104795268,0.994269548,1183,559,0.472527473,0.034666937,0.022523284,0.014875074,0.214673901,55.682748839,0.000000000,0.249486733,0.047975612,2.228033111,0.138467785,54.869495619,0,74,74,0,0.062552832,15,0,0,0,0,1094,15,7287,27621,10619,15,562911
532,1706585300.682933569,1706585300.782774210,1,0,0,1,27.968917233,-6.245208198,-0.378163226,-0.017793191,0.012971879,-0.106117736,0.994109732,1210,562,0.464462810,0.031065130,0.018831646,0.012263815,0.233207261,52.254993363,0.000000000,0.247745975,0.049465306,2.220234696,0.113897269,55.119823982,0,65,63,2,0.053719008,18,0,0,0,0,1127,18,7304,27686,10637,15,564038
533,1706585300.782786131,1706585300.882608175,1,0,0,1,28.077608763,-6.278377114,-0.379954596,-0.019372420,0.007322893,-0.107740394,0.993963325,1264,580,0.458860759,0.036114536,0.021724675,0.015709220,0.257606646,57.985689674,0.000000000,0.249936824,0.051590192,2.216861603,0.096650932,55.097348874,0,49,47,2,0.038765823,17,0,0,0,0,1198,17,7316,27735,10654,15,565236
534,1706585300.882619619,1706585300.982437372,1,0,0,1,28.189465673,-6.303330102,-0.376904148,-0.019155158,0.008242712,-0.110567045,0.993649871,1277,613,0.480031323,0.031109093,0.019221427,0.012678066,0.218426981,58.421734249,0.000000000,0.247766290,0.054268184,2.205511737,0.085109347,55.057728519,0,66,63,3,0.051683634,12,0,0,0,0,1199,12,7323,27801,10666,15,566435
535,1706585300.982449532,1706585301.082292318,1,0,0,1,28.321848557,-6.340044771,-0.379688289,-0.016350017,0.006154576,-0.110580248,0.993713644,1243,581,0.467417538,0.035560710,0.022176717,0.014510232,0.234941871,60.321582025,0.000000000,0.244236552,0.054851214,2.232418824,0.075690600,55.262773729,0,64,62,2,0.051488335,20,0,0,0,0,1159,20,7335,27865,10686,15,567594
536,1706585301.082703829,1706585301.182536840,1,0,0,1,28.440723056,-6.367979318,-0.385461105,-0.017102337,0.006751237,-0.114077526,0.993301691,1297,592,0.456437934,0.032775576,0.021947856,0.014083271,0.245601244,58.170011899,0.000000000,0.242125802,0.054618806,2.253497449,0.079461930,55.436050655,0,68,66,2,0.052428682,14,0,0,0,0,1215,14,7356,27933,10700,15,568809
537,1706585301.182547808,1706585301.282371759,1,0,0,1,28.561912833,-6.400536255,-0.383857143,-0.017846958,0.006593074,-0.114405722,0.993251906,1330,627,0.471428571,0.033788359,0.021163154,0.015010946,0.226680038,58.332293778,0.000000000,0.238761854,0.054563020,2.277916056,0.079776581,55.442465987,0,72,66,6,0.054135338,19,0,0,0,0,1239,19,7371,28005,10719,15,570048
538,1706585301.282382727,1706585301.381396770,1,0,0,1,28.680391733,-6.431648958,-0.375273745,-0.020323566,0.011505519,-0.117790377,0.992763820,1284,605,0.471183801,0.036260806,0.022698649,0.016415833,0.258432478,57.620523972,0.000000000,0.238903258,0.056848444,2.284776003,0.086715442,55.445673958,0,55,55,0,0.042834891,18,0,0,0,0,1211,18,7384,28060,10737,15,571259
539,1706585301.383032322,1706585301.480045557,1,0,0,1,28.795357972,-6.465855072,-0.377803752,-0.017974135,0.015310158,-0.120983271,0.992373709,1269,621,0.489361702,0.034051365,0.020731771,0.013828902,0.227768017,56.543071339,0.000000000,0.235236569,0.055050439,2.285452624,0.084337168,55.583799834,0,74,71,3,0.058313633,15,0,0,0,0,1172,23,7401,28134,10752,15,572431
540,1706585301.482848883,1706585301.578731775,1,0,0,1,28.916474901,-6.501343250,-0.386211051,-0.015904625,0.012977642,-0.124324754,0.992029223,1242,577,0.464573269,0.038845191,0.022303302,0.015238934,0.236059732,54.420168881,0.000000000,0.233955055,0.064447173,2.285049523,0.085625715,55.441717862,0,63,60,3,0.050724638,20,0,0,0,0,1157,22,7418,28197,10772,15,573588
541,1706585301.582686901,1706585301.682504177,1,0,0,1,29.045951511,-6.542938217,-0.387925231,-0.020078906,0.011511602,-0.126140356,0.991742371,1324,643,0.485649547,0.033007390,0.021585520,0.014667404,0.289664697,54.451285835,0.000000000,0.237128133,0.064178319,2.289388877,0.081611208,55.329822010,0,79,77,2,0.059667674,11,0,0,0,0,1234,11,7433,28276,10783,15,574822
542,1706585301.682528257,1706585301.782353401,1,0,0,1,29.173880008,-6.586189756,-0.393540704,-0.014583318,0.010361773,-0.124445349,0.992065177,1287,624,0.484848485,0.031865398,0.020145072,0.014026265,0.276582313,58.382787855,0.000000000,0.238528881,0.065532052,2.303336622,0.078188334,55.421411285,0,59,56,3,0.045843046,23,0,0,0,0,1205,23,7444,28335,10806,15,576027
543,1706585301.782763720,1706585301.881285667,1,0,0,1,29.296807113,-6.626748387,-0.399822528,-0.011713129,0.007519687,-0.122546134,0.992365206,1324,645,0.487160121,0.032948857,0.021993629,0.014809721,0.273423114,57.515112677,0.000000000,0.239411809,0.065710956,2.298771309,0.078672366,55.514710292,0,80,78,2,0.060422961,18,0,0,0,0,1226,18,7458,28415,10824,15,577253
544,1706585301.882609844,1706585301.980083227,1,0,0,1,29.416141771,-6.652202352,-0.397043892,-0.013455309,0.009656936,-0.123115552,0.992254130,1317,638,0.484434320,0.033137689,0.022114421,0.015347692,0.264320753,58.958811072,0.000000000,0.240361689,0.062318983,2.298373016,0.071956687,55.558283308,0,77,77,0,0.058466211,16,0,0,0,0,1224,16,7481,28492,10840,15,578477
545,1706585301.982455730,1706585302.082277536,1,0,0,1,29.535631662,-6.680841663,-0.393931223,-0.015883132,0.010514372,-0.122271665,0.992313869,1263,605,0.479018211,0.032488154,0.018992964,0.014193041,0.256610559,59.478374668,0.000000000,0.240387692,0.062592161,2.294584804,0.068693450,55.790885249,0,65,62,3,0.051464766,18,0,0,0,0,1180,18,7495,28557,10858,15,579657
546,1706585302.083088875,1706585302.182924509,1,0,0,1,29.645544799,-6.713215478,-0.398354802,-0.013132031,0.007403151,-0.120969841,0.992541707,1341,625,0.466070097,0.034324134,0.021206132,0.015171659,0.251039664,56.188375630,0.000000000,0.239720045,0.062467273,2.294771381,0.069925304,56.087845921,0,76,73,3,0.056674124,16,0,0,0,0,1249,16,7512,28633,10874,15,580906
547,1706585302.182935476,1706585302.282754421,1,0,0,1,29.759446204,-6.736971944,-0.393649749,-0.015676838,0.003237796,-0.117696562,0.992920577,1308,622,0.475535168,0.031292454,0.019858594,0.013566357,0.273562067,57.738914606,0.000000000,0.242784766,0.064144559,2.293669952,0.075332958,56.451958045,0,66,65,1,0.050458716,24,0,0,0,0,1218,24,7520,28699,10898,15,582124
548,1706585302.282767296,1706585302.382591486,1,0,0,1,29.872522321,-6.750721570,-0.391778719,-0.022977163,-0.002867182,-0.113295902,0.993291431,1392,676,0.485632184,0.031408143,0.020462734,0.014106450,0.249813764,55.134687601,0.000000000,0.245201302,0.064227505,2.301273501,0.082902891,56.607437417,0,75,70,5,0.053879310,16,0,0,0,0,1301,16,7539,28774,10914,15,583425
549,1706585302.382602453,1706585302.482407808,1,0,0,1,29.985791880,-6.782746692,-0.398613620,-0.020506669,-0.001241812,-0.109790478,0.993742414,1341,653,0.486950037,0.031928095,0.019285797,0.012570502,0.257534504,57.064744538,0.000000000,0.247777052,0.058964150,2.316188239,0.084036232,56.965182745,0,73,72,1,0.054436987,12,0,0,0,0,1256,12,7551,28847,10926,15,584681
550,1706585302.482419252,1706585302.582251072,1,0,0,1,30.103560804,-6.818421887,-0.400824596,-0.021113786,-0.003395434,-0.109152681,0.993794934,1373,669,0.487254188,0.034228343,0.021557242,0.015190243,0.240381440,61.796401025,0.000000000,0.249316552,0.059047633,2.325660281,0.080532218,57.323115676,0,79,76,3,0.057538237,22,0,0,0,0,1272,22,7564,28926,10948,15,585953
551,1706585302.583061934,1706585302.681118965,1,0,0,1,30.223204664,-6.845997535,-0.402890680,-0.023326971,0.008653503,-0.111224442,0.993483816,1309,649,0.495798319,0.032726332,0.019963750,0.013536766,0.236594859,54.028874816,0.000000000,0.250412600,0.058922568,2.337257754,0.082495084,57.240421975,0,64,60,4,0.048892284,16,0,0,0,0,1227,18,7575,28990,10964,15,587180
552,1706585302.682929754,1706585302.779715300,1,0,0,1,30.350938000,-6.858659439,-0.398428267,-0.034934884,0.018877857,-0.114329158,0.992648993,1247,595,0.477145148,0.032287386,0.020778948,0.014564694,0.206778568,54.614767965,0.000000000,0.249091166,0.057124415,2.352040659,0.086608302,57.358410705,0,59,51,8,0.047313553,17,0,0,0,0,1166,22,7592,29049,10981,15,588346
553,1706585302.782773972,1706585302.882601500,1,0,0,1,30.495061027,-6.871067179,-0.394937502,-0.042626207,0.024683041,-0.115172939,0.992123454,1199,559,0.466221852,0.033579437,0.020086789,0.013583411,0.208184455,54.206400200,0.000000000,0.246620056,0.054487030,2.382091953,0.083368431,57.169446232,0,60,56,4,0.050041701,16,0,0,0,0,1123,16,7607,29109,10997,15,589469
554,1706585302.882613659,1706585302.982457876,1,0,0,1,30.635099050,-6.906152212,-0.396977614,-0.043126397,0.024739450,-0.114872290,0.992135288,1192,548,0.459731544,0.035004210,0.021067281,0.014446192,0.261712390,50.833031703,0.000000000,0.248784326,0.052810042,2.389064639,0.083864250,56.790011104,0,64,59,5,0.053691275,21,0,0,0,0,1107,21,7616,29173,11018,15,590576
555,1706585302.982469082,1706585303.082098007,1,0,0,1,30.754556530,-6.946022047,-0.404608268,-0.034197796,0.023970413,-0.118956533,0.992020803,1163,547,0.470335340,0.031125426,0.020346338,0.013882201,0.237615642,53.148451714,0.000000000,0.248918015,0.053614655,2.392981908,0.084604808,56.431354589,0,51,50,1,0.043852107,14,0,0,0,0,1098,14,7622,29224,11032,15,591674
556,1706585303.083096027,1706585303.180992126,1,0,0,1,30.887903628,-6.981923084,-0.408524596,-0.033112230,0.023285486,-0.123152521,0.991561810,1171,551,0.470538002,0.034615270,0.021541523,0.014712181,0.272001102,53.953243867,0.000000000,0.250238008,0.053920204,2.405635838,0.092299209,56.220516187,0,55,54,1,0.046968403,15,0,0,0,0,1101,15,7630,29279,11047,15,592775
557,1706585303.182937622,1706585303.282765627,1,0,0,1,31.018606580,-7.021951618,-0.416260951,-0.034537916,0.023768756,-0.126573633,0.991070782,1170,545,0.465811966,0.035396365,0.021279153,0.015170791,0.260537519,54.194773804,0.000000000,0.251930882,0.055242774,2.419753394,0.092227313,56.013640188,0,52,50,2,0.044444444,20,0,0,0,0,1097,21,7636,29331,11067,15,593872
558,1706585303.282778025,1706585303.382608652,1,0,0,1,31.143566873,-7.062671625,-0.420656372,-0.033076000,0.023350570,-0.128637427,0.990864845,1199,563,0.469557965,0.034063129,0.021718199,0.015095107,0.238646537,51.379158177,0.000000000,0.250941585,0.052336229,2.431280667,0.089740064,55.701571899,0,58,55,3,0.048373645,18,0,0,0,0,1123,18,7651,29389,11085,15,594995
559,1706585303.382620573,1706585303.482431412,1,0,0,1,31.251891730,-7.105534888,-0.424170378,-0.029783318,0.020439804,-0.128695975,0.991025991,1185,562,0.474261603,0.033800460,0.021590221,0.014562826,0.252752670,52.474813644,0.000000000,0.252190818,0.052244947,2.421341830,0.083377045,55.498159014,0,62,61,1,0.052320675,13,0,0,0,0,1110,13,7667,29451,11098,15,596105
560,1706585303.482444525,1706585303.582259655,1,0,0,1,31.370015772,-7.142479458,-0.429839348,-0.024765836,0.016864323,-0.130533751,0.990991013,1249,599,0.479583667,0.038460846,0.025566746,0.017733235,0.251071312,57.951143360,0.000000000,0.252941397,0.050510576,2.409233592,0.083020746,55.674707738,0,67,67,0,0.053642914,22,0,0,0,0,1159,23,7680,29518,11120,15,597264
561,1706585303.583069563,1706585303.682904959,1,0,0,1,31.480584136,-7.180681861,-0.433194085,-0.025166887,0.015128254,-0.131425808,0.990891024,1235,578,0.468016194,0.037405511,0.023088028,0.017309692,0.273341296,56.009968037,0.000000000,0.252125227,0.056434581,2.391104774,0.081166498,55.752641848,0,53,48,5,0.042914980,11,0,0,0,0,1171,11,7692,29571,11131,15,598435
562,1706585303.682916641,1706585303.782733440,1,0,0,1,31.588872224,-7.223351631,-0.432022009,-0.025463371,0.018984442,-0.132138557,0.990722266,1275,621,0.487058824,0.035570500,0.023702959,0.015386695,0.292466989,57.969834612,0.000000000,0.252919460,0.056185964,2.377904741,0.078893248,55.731994186,0,78,78,0,0.061176471,12,0,0,0,0,1185,12,7702,29649,11143,15,599620
563,1706585303.782744169,1706585303.882048845,1,0,0,1,31.691767404,-7.252883639,-0.433972722,-0.027813275,0.016181069,-0.132678657,0.990636648,1206,551,0.456882255,0.035060366,0.022837562,0.016303474,0.266036335,54.365133871,0.000000000,0.252550121,0.056276584,2.362921086,0.078626202,55.574495245,0,55,51,4,0.045605307,13,0,0,0,0,1134,17,7718,29704,11156,15,600754
564,1706585303.882585764,1706585303.980760336,1,0,0,1,31.804439019,-7.284843907,-0.431608632,-0.032550405,0.015042559,-0.129626835,0.990914263,1275,603,0.472941176,0.037709609,0.025264122,0.017397062,0.321742633,52.948950772,0.000000000,0.255421215,0.060663328,2.357148255,0.083124388,55.274002230,0,60,53,7,0.047058824,16,0,0,0,0,1193,22,7735,29764,11172,15,601947
565,1706585303.982419252,1706585304.079495192,1,0,0,1,31.899915906,-7.316186444,-0.435550703,-0.028942152,0.010072104,-0.126599055,0.991480501,1275,593,0.465098039,0.035573971,0.021936888,0.015893061,0.277293169,60.969228938,0.000000000,0.256455346,0.060019941,2.343048262,0.086862111,55.348544944,0,67,63,4,0.052549020,16,0,0,0,0,1191,17,7754,29831,11188,15,603138
566,1706585304.083051682,1706585304.182871103,1,0,0,1,32.024608260,-7.344604763,-0.438165839,-0.028105705,0.010141486,-0.123292655,0.991920431,1281,585,0.456674473,0.036537273,0.022133159,0.015536098,0.299828567,63.388918306,0.000000000,0.258894791,0.061519226,2.354517157,0.086823088,55.708572078,0,68,65,3,0.053083528,14,0,0,0,0,1199,14,7771,29899,11202,15,604337
567,1706585304.182882309,1706585304.282715321,1,0,0,1,32.124626518,-7.366040408,-0.440370449,-0.033085587,0.007264418,-0.119979440,0.992198320,1327,600,0.452147702,0.039539320,0.023501276,0.016249513,0.288426388,64.010282206,0.000000000,0.259638007,0.065226907,2.342906032,0.084518385,56.022140458,0,72,70,2,0.054257724,19,0,0,0,0,1236,19,7784,29971,11221,15,605573
568,1706585304.282727480,1706585304.381923437,1,0,0,1,32.222615475,-7.381454081,-0.430469701,-0.038922283,0.003028699,-0.116928870,0.992372673,1330,601,0.451879699,0.033805775,0.021284253,0.015478769,0.281226481,60.714227816,0.000000000,0.261208643,0.061499806,2.324684661,0.083995952,56.301117469,0,73,69,4,0.054887218,14,0,0,0,0,1243,14,7798,30044,11235,15,606816
569,1706585304.382571936,1706585304.480695486,1,0,0,1,32.320418424,-7.401302430,-0.426573685,-0.038495197,-0.003217404,-0.111442413,0.993019817,1391,612,0.439971244,0.037080311,0.024821657,0.017173906,0.292978906,62.322541645,0.000000000,0.262980863,0.059160227,2.301483677,0.094127587,56.564007324,0,72,71,1,0.051761323,21,0,0,0,0,1298,21,7809,30116,11256,15,608114
570,1706585304.482415199,1706585304.582246780,1,0,0,1,32.422299191,-7.429704370,-0.428381313,-0.033212028,-0.004551512,-0.109010145,0.993475230,1347,608,0.451373422,0.034330726,0.023179993,0.015285593,0.270334654,62.719829936,0.000000000,0.264478524,0.059088560,2.284466759,0.094316051,56.610178769,0,76,72,4,0.056421678,12,0,0,0,0,1259,12,7824,30192,11268,15,609373
571,1706585304.583056211,1706585304.682875872,1,0,0,1,32.520937814,-7.450405277,-0.435105142,-0.034110172,-0.007957514,-0.105444842,0.993808110,1399,601,0.429592566,0.038873389,0.024731761,0.016697451,0.283941272,54.617145343,0.000000000,0.266845844,0.060473044,2.257041304,0.094552895,56.639592296,0,78,76,2,0.055754110,22,0,0,0,0,1299,22,7836,30270,11290,15,610672
572,1706585304.682888031,1706585304.782711983,1,0,0,1,32.642720531,-7.476430539,-0.434051993,-0.034947136,-0.002572097,-0.103611803,0.994000340,1279,574,0.448788116,0.035364009,0.023532421,0.015500200,0.242062794,59.032578417,0.000000000,0.268610056,0.056600578,2.236880007,0.095422507,56.860482818,0,64,62,2,0.050039093,20,0,0,0,0,1195,20,7845,30334,11310,15,611867
573,1706585304.782723665,1706585304.882557154,1,0,0,1,32.762753880,-7.496185191,-0.428776474,-0.035854054,-0.000307951,-0.103005400,0.994034345,1288,553,0.429347826,0.035846747,0.024049506,0.016171041,0.243641054,52.756087173,0.000000000,0.270382886,0.054845991,2.214261766,0.095915216,56.787967167,0,56,48,8,0.043478261,13,0,0,0,0,1219,13,7871,30390,11323,15,613086
574,1706585304.882568836,1706585304.982388973,1,0,0,1,32.891338847,-7.517396729,-0.430390003,-0.044942164,0.007782512,-0.100593076,0.993881616,1228,490,0.399022801,0.037586549,0.024071683,0.016518202,0.262487786,56.800350531,0.000000000,0.270421655,0.055508997,2.218428280,0.092302113,57.086333108,0,73,71,2,0.059446254,14,0,0,0,0,1141,14,7881,30463,11337,15,614227
575,1706585304.982400179,1706585305.082216978,1,0,0,1,33.010908455,-7.544079188,-0.431231379,-0.040282126,0.006584826,-0.096832032,0.994463447,1219,513,0.420836751,0.036458444,0.026193841,0.017026091,0.253771216,58.785649478,0.000000000,0.271229434,0.046115777,2.202790861,0.091630713,57.368192997,0,71,65,6,0.058244463,12,0,0,0,0,1136,12,7895,30534,11349,15,615363
576,1706585305.083026409,1706585305.181823730,1,0,0,1,33.146243292,-7.573888389,-0.426279777,-0.042682582,0.007700535,-0.095611793,0.994473370,1147,463,0.403661726,0.039434703,0.024282996,0.017507783,0.275160474,52.302544194,0.000000000,0.271387403,0.048699975,2.204544350,0.086981313,57.285658013,0,58,56,2,0.050566696,14,0,0,0,0,1075,14,7910,30592,11363,15,616438
577,1706585305.182858706,1706585305.280510902,1,0,0,1,33.269123558,-7.603900768,-0.420046032,-0.045284018,0.007968190,-0.093108413,0.994593731,1159,483,0.416738568,0.036413632,0.023671021,0.016541731,0.270445616,56.283912211,0.000000000,0.271882807,0.048224536,2.199689163,0.087890797,57.390114933,0,54,48,6,0.046591890,15,0,0,0,0,1085,20,7921,30646,11378,15,617523
578,1706585305.282695532,1706585305.379235744,1,0,0,1,33.394565498,-7.629456640,-0.419610282,-0.040051074,0.005313108,-0.091214446,0.995011360,1147,460,0.401046207,0.040008861,0.024479241,0.016135444,0.216150810,63.465334548,0.000000000,0.270758021,0.049825738,2.211158674,0.091729790,57.994423752,0,45,40,5,0.039232781,12,0,0,0,0,1089,13,7934,30691,11390,15,618612
579,1706585305.382541418,1706585305.482375145,1,0,0,1,33.516210111,-7.654103325,-0.422017256,-0.038070663,0.000680213,-0.090570861,0.995161837,1164,463,0.397766323,0.036037165,0.025678458,0.017322687,0.277989630,52.913143275,0.000000000,0.272019869,0.046453762,2.211401931,0.090062974,58.016340233,0,50,48,2,0.042955326,8,0,0,0,0,1106,8,7941,30741,11398,15,619718
580,1706585305.482386589,1706585305.582220793,1,0,0,1,33.630680500,-7.681281422,-0.423917992,-0.037298605,-0.002218521,-0.091791501,0.995076988,1188,463,0.389730640,0.036030716,0.022687002,0.015704764,0.259063938,46.433398242,0.000000000,0.272419500,0.045726480,2.212039732,0.090601928,57.440452978,0,52,51,1,0.043771044,13,0,0,0,0,1120,16,7953,30793,11411,15,620838
581,1706585305.583031416,1706585305.681479454,1,0,0,1,33.744091410,-7.713469334,-0.425450156,-0.038984502,-0.002123861,-0.092824705,0.994916716,1166,443,0.379931389,0.036780949,0.025051341,0.016624087,0.228007816,58.522914547,0.000000000,0.270152826,0.045574796,2.213542311,0.090977555,57.566100303,0,47,45,2,0.040308748,10,0,0,0,0,1108,11,7961,30840,11421,15,621946
582,1706585305.682878494,1706585305.780300140,1,0,0,1,33.849697519,-7.739785339,-0.430613979,-0.039466838,-0.002359794,-0.093160522,0.994865778,1157,436,0.376836646,0.035778807,0.024470496,0.017287822,0.268039360,55.159985769,0.000000000,0.268931445,0.045386375,2.215433223,0.090658242,57.425607861,0,46,43,3,0.039757995,9,0,0,0,0,1102,9,7971,30886,11430,15,623048
583,1706585305.782722473,1706585305.882560015,1,0,0,1,33.942720123,-7.762963137,-0.421647601,-0.032924691,-0.010664957,-0.095889872,0.994790106,1222,488,0.399345336,0.037391859,0.024712017,0.017639513,0.246187794,57.920155309,0.000000000,0.267939018,0.044195788,2.194577588,0.089577691,57.603358933,0,62,58,4,0.050736498,9,0,0,0,0,1151,9,7980,30948,11439,15,624199
584,1706585305.882570744,1706585305.982386112,1,0,0,1,34.053082522,-7.787733045,-0.419322450,-0.029581800,-0.004640820,-0.096880442,0.994845495,1235,471,0.381376518,0.036322757,0.025708478,0.016665285,0.214564646,61.593195482,0.000000000,0.262580119,0.044021459,2.207142385,0.085473815,58.035571168,0,74,73,1,0.059919028,13,0,0,0,0,1148,13,7998,31022,11452,15,625347
585,1706585305.982398510,1706585306.082226753,1,0,0,1,34.161185414,-7.819751742,-0.424202634,-0.023783259,-0.002733860,-0.099557342,0.994743795,1193,473,0.396479464,0.037026849,0.024898020,0.017237065,0.271411664,60.670998233,0.000000000,0.262286043,0.043326254,2.192076475,0.084350927,58.020659633,0,57,53,4,0.047778709,11,0,0,0,0,1125,11,8012,31079,11463,15,626472
586,1706585306.083035707,1706585306.182866096,1,0,0,1,34.274638809,-7.851366363,-0.420750959,-0.023311124,0.000950127,-0.101675554,0.994544001,1189,477,0.401177460,0.035590883,0.024927780,0.017187200,0.273827190,58.159071064,0.000000000,0.260985974,0.043978194,2.207589680,0.081964685,57.759167271,0,50,50,0,0.042052145,9,0,0,0,0,1130,9,8020,31129,11472,15,627602
587,1706585306.182877779,1706585306.282703876,1,0,0,1,34.389243411,-7.893973698,-0.429905918,-0.017076501,-0.001195925,-0.100013930,0.994838769,1217,501,0.411668036,0.037645386,0.026310420,0.017713808,0.242025710,65.444815809,0.000000000,0.258665941,0.041026328,2.230513781,0.078919833,57.830893951,0,55,53,2,0.045193098,10,0,0,0,0,1152,10,8030,31184,11482,15,628754
588,1706585306.282715082,1706585306.382539034,1,0,0,1,34.531692174,-7.949757010,-0.444634447,-0.006704666,0.019347112,-0.095872490,0.995182999,1162,472,0.406196213,0.040918492,0.029018090,0.016812603,0.298559588,60.103332841,0.000000000,0.259532596,0.043668801,2.284330258,0.075311849,57.800349202,0,59,57,2,0.050774527,13,0,0,0,0,1090,13,8045,31243,11495,15,629844
589,1706585306.382551193,1706585306.481488466,1,0,0,1,34.663580277,-7.990683617,-0.459462748,0.001168280,0.014714750,-0.098483893,0.995029162,1031,359,0.348205626,0.038694771,0.024119198,0.018106954,0.226664196,51.939488295,0.000000000,0.256216860,0.044637566,2.317435277,0.075330716,57.281196535,0,48,44,4,0.046556741,12,0,0,0,0,970,13,8061,31291,11507,15,630814
590,1706585306.482398033,1706585306.580181837,1,0,0,1,34.783536773,-8.027167210,-0.461400086,-0.001481523,0.019615974,-0.099548824,0.994838203,1091,415,0.380384968,0.038231584,0.027416368,0.018267615,0.239644049,58.032974908,0.000000000,0.254682330,0.041323266,2.341820651,0.070215636,57.046853783,0,53,51,2,0.048579285,5,0,0,0,0,1032,6,8067,31344,11512,15,631846
591,1706585306.583039522,1706585306.679049492,1,0,0,1,34.907301181,-8.069908563,-0.470359892,0.000477740,0.020646499,-0.100890336,0.994683183,1037,378,0.364513018,0.039209308,0.028446109,0.017373341,0.267303846,58.844255821,0.000000000,0.253850459,0.041800778,2.348526714,0.069497118,57.258209307,0,55,50,5,0.053037608,11,0,0,0,0,969,13,8080,31399,11523,15,632815
592,1706585306.682877302,1706585306.782713413,1,0,0,1,35.025243185,-8.092598565,-0.479139182,0.006275414,0.009109497,-0.101058410,0.994818996,1105,411,0.371945701,0.039106414,0.029408111,0.018085183,0.271066843,61.121665370,0.000000000,0.255300661,0.040958214,2.347189512,0.068561788,57.362663655,0,56,56,0,0.050678733,17,0,0,0,0,1032,17,8092,31455,11540,15,633847
593,1706585306.782725096,1706585306.882542372,1,0,0,1,35.157250908,-8.110561481,-0.469207227,-0.001308856,0.006500012,-0.100303943,0.994934750,1151,421,0.365768897,0.039404217,0.026043101,0.018148248,0.200694184,62.738561169,0.000000000,0.253153318,0.040798127,2.350450730,0.065763938,57.861787355,0,50,50,0,0.043440487,8,0,0,0,0,1092,9,8101,31505,11548,15,634939
594,1706585306.882567883,1706585306.981398582,1,0,0,1,35.281816403,-8.129286593,-0.469411899,0.000715711,0.007881395,-0.101689360,0.994784723,1118,419,0.374776386,0.035657163,0.024565211,0.016711998,0.274305824,60.513290706,0.000000000,0.253744220,0.042591447,2.353902461,0.060843346,58.047434364,0,41,40,1,0.036672630,7,0,0,0,0,1070,7,8111,31546,11555,15,636009
595,1706585306.982396603,1706585307.080463886,1,0,0,1,35.391039177,-8.164505696,-0.472716659,-0.000826061,0.009613082,-0.108597786,0.994038947,1149,436,0.379460400,0.037702973,0.025802361,0.017424427,0.315274960,63.036938165,0.000000000,0.256819407,0.041942132,2.330043335,0.072435358,58.259998798,0,53,52,1,0.046127067,10,0,0,0,0,1086,10,8119,31599,11565,15,637095
596,1706585307.083033800,1706585307.182882309,1,0,0,1,35.513763100,-8.195569970,-0.466300676,-0.004421877,0.009167815,-0.116374399,0.993153260,1199,433,0.361134279,0.040410418,0.026191717,0.018102095,0.318725050,60.859226662,0.000000000,0.258997636,0.043674410,2.330154435,0.083167091,58.687832921,0,49,48,1,0.040867389,17,0,0,0,0,1133,17,8130,31648,11582,15,638228
597,1706585307.182894230,1706585307.282723665,1,0,0,1,35.609449473,-8.218884333,-0.461683218,-0.011972781,0.007406624,-0.122010443,0.992428963,1266,498,0.393364929,0.037191225,0.026601310,0.017752525,0.281105154,66.177411384,0.000000000,0.259530613,0.043040896,2.300728938,0.090528426,59.182507880,0,75,71,4,0.059241706,10,0,0,0,0,1181,10,8146,31723,11592,15,639409
598,1706585307.282735109,1706585307.382554531,1,0,0,1,35.706167513,-8.234928103,-0.454978679,-0.021143734,0.003465668,-0.127276202,0.991635871,1319,532,0.403335861,0.035535437,0.024772145,0.016749010,0.298459009,74.536802588,0.000000000,0.263646023,0.042829349,2.274857917,0.099405747,59.736081282,0,67,66,1,0.050796058,17,0,0,0,0,1235,17,8167,31790,11609,15,640644
599,1706585307.382566214,1706585307.482397318,1,0,0,1,35.799468204,-8.264926539,-0.447256806,-0.022134598,-0.001587693,-0.131258057,0.991099824,1379,541,0.392313270,0.037733879,0.026078043,0.018042814,0.321823711,70.381335470,0.000000000,0.265837727,0.041753173,2.255498485,0.104973831,60.609490892,0,71,70,1,0.051486584,14,0,0,0,0,1293,15,8183,31861,11623,15,641937
600,1706585307.482409000,1706585307.582243681,1,0,0,1,35.879864136,-8.308828932,-0.453835550,-0.005371113,-0.009006029,-0.134136228,0.990907420,1383,543,0.392624729,0.040247438,0.027603965,0.017362941,0.359358687,70.112449796,0.000000000,0.270852464,0.042969382,2.229436275,0.108784599,61.793443469,0,80,79,1,0.057845264,13,0,0,0,0,1290,13,8203,31941,11636,15,643227
601,1706585307.583055496,1706585307.682706356,1,0,0,1,35.960018504,-8.359402307,-0.465602660,0.008495270,-0.013733283,-0.137893932,0.990315349,1419,575,0.405214940,0.042019036,0.029668799,0.017977590,0.349391825,72.106003404,0.000000000,0.276921665,0.048383168,2.215981429,0.116077080,62.472597912,0,76,73,3,0.053558844,22,0,0,0,0,1321,22,8225,32017,11658,15,644548
602,1706585307.682893276,1706585307.781442642,1,0,0,1,36.051361783,-8.387840258,-0.466987528,0.005908834,-0.011269501,-0.143045023,0.989634380,1432,576,0.402234637,0.040566577,0.025789926,0.016649866,0.400369893,74.397713342,0.000000000,0.283538191,0.047952228,2.215374116,0.121318525,63.434484291,0,90,87,3,0.062849162,20,0,0,0,0,1319,23,8242,32107,11678,15,645867
603,1706585307.782728434,1706585307.880275726,1,0,0,1,36.119024673,-8.393191020,-0.446800372,-0.010537041,-0.016174114,-0.153289399,0.987992778,1457,607,0.416609472,0.038247307,0.025089113,0.018046047,0.298523937,81.180297763,0.000000000,0.286154998,0.047574977,2.173054833,0.139234115,64.597491414,0,84,84,0,0.057652711,20,0,0,0,0,1353,20,8261,32191,11698,15,647220
604,1706585307.882558107,1706585307.979176283,1,0,0,1,36.192446917,-8.400194961,-0.428853252,-0.029108317,-0.023290911,-0.163309235,0.985870343,1481,580,0.391627279,0.040326574,0.028300061,0.018552685,0.300201434,75.499299048,0.000000000,0.290436838,0.046903905,2.136111983,0.153051830,65.292796592,0,99,96,3,0.066846725,7,0,0,0,0,1374,8,8286,32290,11705,15,648594
605,1706585307.982404947,1706585308.082230091,1,0,0,1,36.295659131,-8.446494513,-0.437988504,-0.034338617,-0.007738015,-0.162334723,0.986107712,1514,608,0.401585205,0.045480168,0.032413120,0.021124212,0.244140637,74.650644298,0.000000000,0.289073286,0.059371437,2.131775020,0.150104016,65.991778895,0,131,129,2,0.086525760,24,0,0,0,0,1359,24,8315,32421,11729,15,649953
606,1706585308.083041430,1706585308.182854652,1,0,0,1,36.401248804,-8.499395826,-0.439460739,-0.026402661,-0.005759702,-0.169390258,0.985178494,1341,518,0.386278896,0.050340298,0.034282302,0.020038766,0.365085773,65.857624365,0.000000000,0.293636216,0.082215945,2.127273876,0.161290946,66.376706560,0,95,94,1,0.070842655,16,0,0,0,0,1230,16,8334,32516,11745,15,651183
607,1706585308.182879448,1706585308.282125950,1,0,0,1,36.492737860,-8.545984447,-0.432782715,-0.028525497,-0.015673039,-0.175301570,0.983976632,1375,529,0.384727273,0.038340171,0.028087049,0.018051158,0.224645694,67.960552936,0.000000000,0.292767215,0.081672664,2.076469813,0.164932295,66.502493417,0,88,81,7,0.064000000,14,0,0,0,0,1273,14,8353,32604,11759,15,652456
608,1706585308.282724380,1706585308.382554054,1,0,0,1,36.611548445,-8.591848792,-0.417809554,-0.024318232,0.000945763,-0.174444477,0.984366219,1389,530,0.381569474,0.051085687,0.040220063,0.024601683,0.256743885,68.106841840,0.000000000,0.290676430,0.101246853,2.065816701,0.160961109,66.902668866,0,98,96,2,0.070554356,21,0,0,0,0,1270,21,8370,32702,11780,15,653726
609,1706585308.382566929,1706585308.482393265,1,0,0,1,36.705654404,-8.664926440,-0.432170736,-0.007399368,0.007997023,-0.173189354,0.984828282,1359,508,0.373804268,0.044814009,0.032871994,0.019533552,0.344845048,61.426737833,0.000000000,0.296585472,0.102903839,2.060430354,0.161038189,67.377031343,0,82,79,3,0.060338484,13,0,0,0,0,1264,13,8381,32784,11793,15,654990
610,1706585308.482416630,1706585308.582147121,1,0,0,1,36.798001600,-8.722013520,-0.441652177,0.008021457,-0.004900663,-0.175480180,0.984438086,1288,473,0.367236025,0.036618819,0.027873451,0.017888595,0.256031743,59.317812853,0.000000000,0.297404857,0.104584195,2.038168237,0.162996885,67.441273241,0,52,51,1,0.040372671,7,0,0,0,0,1229,7,8392,32836,11800,15,656219
611,1706585308.583047390,1706585308.681116819,1,0,0,1,36.895119668,-8.750926342,-0.439155165,0.001915829,-0.005429582,-0.185200446,0.982683898,1337,517,0.386686612,0.046080855,0.032271699,0.020587374,0.270215421,65.962993771,0.000000000,0.297550436,0.107548158,2.019104302,0.182583471,67.797210138,0,81,78,3,0.060583396,17,0,0,0,0,1239,17,8402,32917,11817,15,657458
612,1706585308.682887793,1706585308.782706976,1,0,0,1,37.001740138,-8.773132279,-0.437015031,-0.020784553,0.007141209,-0.190476771,0.981445671,1264,451,0.356803797,0.042756736,0.029203679,0.019670049,0.222198108,62.026339774,0.000000000,0.295106999,0.107064541,1.994439704,0.192122266,67.842443858,0,64,63,1,0.050632911,15,0,0,0,0,1185,15,8406,32981,11832,15,658643
613,1706585308.782719135,1706585308.882558823,1,0,0,1,37.112193201,-8.794394762,-0.442913957,-0.027677960,0.004978151,-0.189969272,0.981387194,1245,458,0.367871486,0.039425102,0.030563650,0.019153194,0.226721145,63.029925160,0.000000000,0.296408347,0.107052464,1.981110054,0.190486822,67.857012058,0,58,56,2,0.046586345,11,0,0,0,0,1176,11,8419,33039,11843,15,659819
614,1706585308.882570744,1706585308.982351780,1,0,0,1,37.211552529,-8.841627862,-0.441570343,-0.011850321,0.002118737,-0.182662572,0.983101961,1265,469,0.370750988,0.034961686,0.024877610,0.017676063,0.241979432,60.347074427,0.000000000,0.294792027,0.108238915,1.976324802,0.191536335,67.848701244,0,52,50,2,0.041106719,8,0,0,0,0,1204,9,8429,33091,11851,15,661023
615,1706585308.982413769,1706585309.081168175,1,0,0,1,37.294347522,-8.895517801,-0.441171789,0.000063938,-0.001280301,-0.178598203,0.983921256,1291,459,0.355538342,0.041242175,0.030878801,0.018895471,0.294378042,55.888226529,0.000000000,0.293747182,0.106202555,1.948357033,0.184111895,67.491265662,0,75,68,7,0.058094500,8,0,0,0,0,1205,11,8445,33166,11859,15,662228
616,1706585309.083052397,1706585309.179989815,1,0,0,1,37.388851751,-8.931442429,-0.434388157,0.005451140,-0.000681154,-0.171541124,0.985161643,1284,492,0.383177570,0.037441527,0.026709645,0.017045798,0.209078944,66.915536030,0.000000000,0.288264876,0.108368635,1.951092499,0.187024041,67.794081130,0,55,53,2,0.042834891,9,0,0,0,0,1219,10,8451,33221,11868,15,663447
617,1706585309.182895184,1706585309.282726049,1,0,0,1,37.485706038,-8.952697776,-0.423498729,-0.002008410,-0.009627160,-0.161008208,0.986904069,1340,504,0.376119403,0.035165096,0.025656154,0.016280747,0.258954393,71.307005446,0.000000000,0.287157338,0.111274514,1.952579136,0.197852290,68.050560834,0,55,48,7,0.041044776,10,0,0,0,0,1275,10,8468,33276,11878,15,664722
618,1706585309.282737494,1706585309.382565975,1,0,0,1,37.594260684,-8.988357242,-0.424957651,-0.006784967,-0.006540550,-0.152086974,0.988322183,1487,592,0.398117014,0.042263814,0.029655673,0.019558937,0.322834656,70.195347495,0.000000000,0.288376120,0.106373213,1.968541573,0.208186106,67.833488079,0,86,83,3,0.057834566,11,0,0,0,0,1390,11,8481,33362,11889,15,666112
619,1706585309.382577419,1706585309.482413292,1,0,0,1,37.695493857,-9.021407822,-0.421389597,-0.010194518,-0.007266910,-0.144559265,0.989416941,1491,549,0.368209256,0.040013143,0.028900331,0.017932236,0.338751544,70.602436620,0.000000000,0.289222512,0.104536660,1.983255164,0.217598978,67.844543136,0,76,75,1,0.050972502,12,0,0,0,0,1403,12,8502,33438,11901,15,667515
620,1706585309.482425213,1706585309.582253933,1,0,0,1,37.813816469,-9.045098374,-0.413576186,-0.009733784,-0.005985583,-0.138502930,0.990296100,1412,579,0.410056657,0.041295659,0.030525851,0.020640905,0.361527203,71.825918637,0.000000000,0.289330938,0.104220965,2.008675666,0.221868016,67.930216578,0,54,54,0,0.038243626,12,0,0,0,0,1346,12,8506,33492,11913,15,668861
621,1706585309.583064556,1706585309.682903767,1,0,0,1,37.929656679,-9.070812554,-0.408675077,-0.014785673,-0.005938833,-0.133505986,0.990919909,1425,569,0.399298246,0.039372879,0.028687159,0.018030267,0.395344008,66.038913650,0.000000000,0.291628547,0.105045169,2.031759008,0.221739433,67.626862091,0,85,84,1,0.059649123,11,0,0,0,0,1329,11,8517,33577,11924,15,670190
622,1706585309.682915926,1706585309.782745361,1,0,0,1,38.040422285,-9.083275966,-0.405386640,-0.019060645,-0.003611065,-0.129967011,0.991328517,1457,563,0.386410432,0.042016887,0.029283116,0.018116685,0.420484489,72.525780519,0.000000000,0.292634277,0.104846286,2.072459541,0.208551161,67.533265450,0,76,73,3,0.052161977,22,0,0,0,0,1359,22,8538,33653,11946,15,671549
623,1706585309.782757521,1706585309.882578611,1,0,0,1,38.147588280,-9.107940832,-0.405241561,-0.017308046,-0.001269657,-0.126678285,0.991792030,1414,540,0.381895332,0.039246405,0.027306542,0.017905475,0.367909617,72.285904355,0.000000000,0.296103561,0.103982251,2.106519679,0.195724837,67.088545779,0,56,52,4,0.039603960,13,0,0,0,0,1345,13,8551,33709,11959,15,672894
624,1706585309.882590532,1706585309.981438637,1,0,0,1,38.248186853,-9.146357788,-0.412194296,-0.011056287,0.000915959,-0.126206649,0.991941934,1416,541,0.382062147,0.040659341,0.027884946,0.018290977,0.380885592,72.404820555,0.000000000,0.300137769,0.103853752,2.100938843,0.195111707,66.933821855,0,65,63,2,0.045903955,15,0,0,0,0,1336,15,8563,33774,11974,15,674230
625,1706585309.982422352,1706585310.081882000,1,0,0,1,38.350124047,-9.184037727,-0.413587795,-0.010216577,0.001875492,-0.124988131,0.992103861,1374,542,0.394468705,0.040049413,0.026907267,0.018034176,0.362125464,75.767810645,0.000000000,0.306037010,0.102260913,2.091516384,0.182962572,66.989680172,0,86,84,2,0.062590975,19,0,0,0,0,1269,19,8571,33860,11993,15,675499
626,1706585310.083067894,1706585310.182889700,1,0,0,1,38.451961066,-9.207235517,-0.410126092,-0.008223938,-0.000114468,-0.127374868,0.991820547,1391,557,0.400431344,0.038215983,0.027201023,0.017998284,0.393070929,77.613174079,0.000000000,0.307436268,0.090827500,2.093134394,0.176200812,67.577457658,0,64,59,5,0.046010065,14,0,0,0,0,1313,14,8585,33924,12007,15,676812
627,1706585310.182901859,1706585310.282212973,1,0,0,1,38.547807120,-9.237703590,-0.409215672,-0.017168114,-0.002538606,-0.126069087,0.991869647,1387,551,0.397260274,0.041370687,0.030458689,0.018844147,0.395446612,67.532595604,0.000000000,0.315976314,0.089704147,2.065477779,0.177993275,67.556059791,0,56,55,1,0.040374910,13,0,0,0,0,1317,14,8595,33980,12020,15,678129
628,1706585310.282750607,1706585310.381073713,1,0,0,1,38.643653683,-9.269797998,-0.402496169,-0.013191191,-0.002146529,-0.124557045,0.992122436,1379,538,0.390137781,0.038092407,0.029543606,0.017864816,0.319178929,71.898560145,0.000000000,0.319098066,0.070009056,2.046767666,0.178638439,67.745645706,0,72,61,11,0.052211748,13,0,0,0,0,1291,16,8617,34052,12033,15,679420
629,1706585310.382583857,1706585310.479620934,1,0,0,1,38.730768330,-9.304398266,-0.400541382,-0.007509871,-0.007696454,-0.123095143,0.992336612,1401,524,0.374018558,0.039721978,0.027986767,0.019024997,0.361034743,76.266741248,0.000000000,0.319907551,0.064899379,2.031541559,0.177014436,68.487645877,0,57,52,5,0.040685225,11,0,0,0,0,1332,12,8632,34109,12044,15,680752
630,1706585310.482426882,1706585310.582235813,1,0,0,1,38.835253688,-9.335021704,-0.400770919,-0.005959860,-0.010888558,-0.121571803,0.992505021,1388,556,0.400576369,0.039475958,0.028652808,0.018736257,0.326674668,77.779282526,0.000000000,0.323439697,0.062089579,2.039061137,0.160350063,69.410719361,0,66,65,1,0.047550432,18,0,0,0,0,1304,18,8649,34175,12062,15,682056
631,1706585310.583047390,1706585310.682862520,1,0,0,1,38.943051886,-9.355802316,-0.391427724,-0.011768531,-0.012760705,-0.122576176,0.992307285,1470,565,0.384353741,0.039141443,0.028670429,0.017303865,0.357227655,77.124109470,0.000000000,0.327790309,0.051627894,2.040311529,0.151277301,69.968775146,0,62,61,1,0.042176871,12,0,0,0,0,1396,12,8661,34237,12074,15,683452
632,1706585310.682874441,1706585310.782694578,1,0,0,1,39.056064543,-9.383699835,-0.392026418,-0.015096024,-0.004471835,-0.124799356,0.992057072,1465,596,0.406825939,0.041248429,0.031741137,0.018955543,0.294525333,69.872512235,0.000000000,0.331406670,0.049392524,2.044082542,0.154726978,70.361083769,0,62,56,6,0.042320819,20,0,0,0,0,1383,20,8680,34299,12094,15,684835
633,1706585310.782706022,1706585310.882526875,1,0,0,1,39.155374485,-9.410773747,-0.391680303,-0.010957197,-0.008413078,-0.124336809,0.992143900,1442,578,0.400832178,0.041658088,0.030883099,0.018874537,0.353170157,70.889354317,0.000000000,0.337729121,0.050626553,2.036994442,0.140694073,70.754055227,0,79,77,2,0.054785021,17,0,0,0,0,1346,17,8697,34378,12111,15,686181
634,1706585310.882539034,1706585310.982378244,1,0,0,1,39.264901382,-9.447428814,-0.393527077,-0.010955272,-0.006625561,-0.122703353,0.992360807,1463,587,0.401230349,0.042646784,0.031853887,0.019366631,0.331551119,72.623172737,0.000000000,0.342207705,0.044992115,2.053717831,0.135669714,71.367860142,0,75,72,3,0.051264525,11,0,0,0,0,1377,11,8710,34453,12122,15,687558
635,1706585310.982389212,1706585311.082220793,1,0,0,1,39.370008653,-9.477052059,-0.387225462,-0.011266074,-0.009631923,-0.124373914,0.992124705,1469,598,0.407079646,0.037519603,0.028751229,0.017301815,0.363648897,73.088851318,0.000000000,0.345671248,0.046590265,2.061772101,0.124650208,72.227891381,0,88,86,2,0.059904697,18,0,0,0,0,1363,18,8726,34541,12140,15,688921
636,1706585311.083030939,1706585311.181913376,1,0,0,1,39.482550955,-9.503657778,-0.386617149,-0.013267284,-0.005470510,-0.125000644,0.992052867,1495,585,0.391304348,0.042876138,0.030493626,0.020053004,0.338693091,72.430562953,0.000000000,0.352151955,0.046971089,2.077662817,0.104595451,72.503642728,0,78,72,6,0.052173913,10,0,0,0,0,1407,10,8742,34619,12150,15,690328
637,1706585311.182873011,1706585311.280175447,1,0,0,1,39.580612800,-9.534350047,-0.385885715,-0.014143386,-0.014867050,-0.125266545,0.991910897,1525,620,0.406557377,0.042170060,0.031204494,0.019048252,0.374471325,76.479844923,0.000000000,0.357927802,0.038458243,2.066147341,0.086788709,72.762284702,0,63,62,1,0.041311475,19,0,0,0,0,1443,19,8755,34682,12169,15,691771
638,1706585311.282709122,1706585311.382523775,1,0,0,1,39.686554225,-9.563355108,-0.378482645,-0.012747569,-0.015546334,-0.124970525,0.991956742,1555,638,0.410289389,0.042646906,0.029224002,0.018023977,0.348566217,74.883983282,0.000000000,0.359214380,0.039041645,2.069685257,0.072064297,72.996716491,0,78,72,6,0.050160772,16,0,0,0,0,1461,16,8775,34760,12185,15,693232
639,1706585311.382534981,1706585311.482363224,1,0,0,1,39.789746249,-9.597495041,-0.372906048,-0.012253467,-0.016494277,-0.125383412,0.991895555,1556,618,0.397172237,0.040010372,0.029972144,0.019659054,0.420344436,70.972228097,0.000000000,0.363294024,0.039042775,2.057597375,0.060690097,73.015206065,0,68,66,2,0.043701799,14,0,0,0,0,1474,14,8790,34828,12199,15,694706
640,1706585311.482773781,1706585311.582131147,1,0,0,1,39.889464430,-9.626916052,-0.368498275,-0.010219995,-0.019012432,-0.125901437,0.991807898,1500,621,0.414000000,0.038663908,0.029812637,0.019559494,0.378578539,71.345888899,0.000000000,0.364146591,0.040040279,2.042897526,0.051627917,72.991204578,0,71,70,1,0.047333333,15,0,0,0,0,1413,16,8799,34899,12214,15,696119
641,1706585311.582617760,1706585311.680661201,1,0,0,1,40.005804972,-9.651752091,-0.362989733,-0.013148644,-0.017370815,-0.127665556,0.991577972,1515,618,0.407920792,0.041968146,0.030250447,0.019650376,0.383362495,65.929899384,0.000000000,0.363547515,0.040435402,2.050473873,0.047959134,72.985753865,0,76,74,2,0.050165017,18,0,0,0,0,1420,19,8810,34975,12232,15,697539
642,1706585311.682470560,1706585311.779234171,1,0,0,1,40.119449485,-9.692207592,-0.359390373,-0.006248943,-0.015338920,-0.129055314,0.991499064,1496,604,0.403743316,0.043287078,0.030627374,0.018462170,0.423351874,69.079958233,0.000000000,0.363690885,0.042380922,2.061190236,0.044473558,72.813462750,0,71,66,5,0.047459893,23,0,0,0,0,1402,23,8828,35046,12255,15,698941
643,1706585311.782716274,1706585311.882537603,1,0,0,1,40.247363067,-9.729246893,-0.364147160,-0.004297075,-0.008683886,-0.130598547,0.991387989,1505,627,0.416611296,0.042311079,0.030659582,0.021083421,0.398344614,69.086693072,0.000000000,0.365212635,0.042589490,2.086534812,0.046773759,72.653502186,0,87,86,1,0.057807309,13,0,0,0,0,1405,13,8843,35133,12268,15,700346
644,1706585311.882549524,1706585311.982390881,1,0,0,1,40.367333099,-9.762640369,-0.361054541,-0.008125410,-0.005542836,-0.129019433,0.991593284,1490,601,0.403355705,0.038589270,0.027801984,0.017449327,0.369555968,64.794212999,0.000000000,0.364646153,0.044160534,2.102416842,0.047561831,72.272971808,0,57,54,3,0.038255034,13,0,0,0,0,1417,16,8853,35190,12281,15,701763
645,1706585311.982402325,1706585312.082231522,1,0,0,1,40.481657097,-9.803971351,-0.352637808,-0.002526242,-0.007180332,-0.125456325,0.992069943,1465,583,0.397952218,0.039304661,0.028349710,0.018455697,0.398064050,70.134084327,0.000000000,0.366443083,0.044653592,2.119770487,0.049903467,71.991285492,0,61,58,3,0.041638225,10,0,0,0,0,1393,11,8867,35251,12291,15,703156
646,1706585312.083043098,1706585312.182874441,1,0,0,1,40.600357429,-9.844772789,-0.346158695,-0.001086494,-0.006516787,-0.124877872,0.992150124,1478,612,0.414073072,0.038767760,0.028872185,0.019660975,0.391149882,69.798071950,0.000000000,0.366347030,0.043839727,2.144878303,0.048310167,71.600530386,0,64,62,2,0.043301759,17,0,0,0,0,1396,18,8889,35315,12308,15,704552
647,1706585312.182885408,1706585312.282718420,1,0,0,1,40.719422348,-9.879999816,-0.341433861,-0.002263749,-0.010116185,-0.125613401,0.992025106,1488,612,0.411290323,0.038586239,0.030158361,0.018783964,0.381187723,71.676678228,0.000000000,0.365634086,0.044996344,2.167834607,0.046780174,71.807734517,0,52,51,1,0.034946237,13,0,0,0,0,1423,13,8899,35367,12321,15,705975
648,1706585312.282729626,1706585312.382547617,1,0,0,1,40.839872800,-9.911581472,-0.341654515,-0.007474956,-0.016632061,-0.126240770,0.991832026,1554,633,0.407335907,0.039979427,0.027067316,0.017875176,0.405981780,67.486504892,0.000000000,0.369974228,0.043002147,2.198601942,0.044939062,71.587131755,0,87,82,5,0.055984556,21,0,0,0,0,1446,21,8917,35454,12342,15,707421
649,1706585312.382559299,1706585312.481118202,1,0,0,1,40.956558265,-9.933377001,-0.330639928,-0.011765603,-0.012023853,-0.122449328,0.992332182,1525,605,0.396721311,0.038257566,0.028360425,0.017257304,0.356708784,70.774170014,0.000000000,0.369757930,0.044612819,2.208934623,0.049616453,71.312503193,0,77,75,2,0.050491803,9,0,0,0,0,1439,9,8931,35531,12351,15,708860
650,1706585312.482403040,1706585312.582236052,1,0,0,1,41.071688745,-9.967351734,-0.327571145,-0.007300714,-0.012599581,-0.117979912,0.992909206,1467,609,0.415132924,0.039866819,0.028911106,0.018280006,0.345425800,71.279633804,0.000000000,0.370695487,0.044378398,2.218832863,0.056648801,70.987520757,0,77,76,1,0.052488071,17,0,0,0,0,1373,17,8940,35608,12368,15,710233
651,1706585312.583046198,1706585312.682876348,1,0,0,1,41.175498549,-9.990030894,-0.324264538,-0.007701594,-0.013243427,-0.113925084,0.993371216,1546,660,0.426908150,0.038262770,0.028914695,0.018111868,0.331271277,69.709339707,0.000000000,0.369397668,0.045473514,2.208735994,0.060252178,70.616782269,0,60,56,4,0.038809832,10,0,0,0,0,1476,10,8954,35668,12378,15,711709
652,1706585312.682888985,1706585312.782689810,1,0,0,1,41.294343813,-10.016488005,-0.329479426,-0.004834594,-0.011365583,-0.111211574,0.993719999,1423,584,0.410400562,0.037547448,0.027130780,0.016451286,0.281572325,65.932992725,0.000000000,0.368750018,0.047977263,2.227667355,0.064686912,70.419806293,0,67,66,1,0.047083626,8,0,0,0,0,1347,9,8967,35735,12386,15,713056
653,1706585312.782701254,1706585312.881851196,1,0,0,1,41.410329577,-10.037901665,-0.327955612,-0.003009905,-0.009786773,-0.109300017,0.993956068,1382,561,0.405933430,0.037378436,0.027986289,0.016215950,0.260042676,67.107810435,0.000000000,0.364093644,0.049922577,2.230110592,0.065229614,70.230729099,0,58,58,0,0.041968162,15,0,0,0,0,1309,15,8973,35793,12401,15,714365
654,1706585312.882537842,1706585312.980329752,1,0,0,1,41.522537137,-10.059206942,-0.328587931,-0.008105214,-0.010150102,-0.105313850,0.994354199,1397,574,0.410880458,0.037856996,0.028660751,0.017377449,0.251838328,58.386913595,0.000000000,0.360108004,0.049189670,2.234940990,0.070041596,69.518916142,0,49,47,2,0.035075161,9,0,0,0,0,1339,9,8978,35842,12410,15,715704
655,1706585312.982776642,1706585313.082606077,1,0,0,1,41.633915960,-10.083769525,-0.319766234,-0.007351319,-0.010243751,-0.102905463,0.994611225,1329,520,0.391271633,0.038585849,0.028688657,0.018171747,0.260528579,58.432576810,0.000000000,0.354951988,0.047901177,2.233690699,0.073566397,68.786102417,0,52,46,6,0.039127163,13,0,0,0,0,1262,15,8988,35894,12423,15,716966
656,1706585313.082618475,1706585313.182456493,1,0,0,1,41.740817886,-10.114235413,-0.311032239,-0.009159046,-0.009792979,-0.105302048,0.994349882,1348,561,0.416172107,0.036913112,0.027634377,0.017633763,0.274813115,62.897240127,0.000000000,0.351757989,0.047474367,2.242436290,0.078014660,68.309436275,0,54,52,2,0.040059347,13,0,0,0,0,1281,13,8995,35948,12436,15,718247
657,1706585313.182468414,1706585313.282300949,1,0,0,1,41.857099726,-10.154274809,-0.311262937,-0.007800925,-0.013751265,-0.111036439,0.993690574,1434,574,0.400278940,0.038072243,0.026340019,0.018659491,0.271106716,58.329976849,0.000000000,0.346589759,0.045808431,2.255329259,0.088990763,67.401942872,0,50,48,2,0.034867503,11,0,0,0,0,1371,13,9004,35998,12447,15,719618
658,1706585313.282711983,1706585313.382552862,1,0,0,1,41.972459527,-10.190229734,-0.312313751,-0.006747509,-0.011473444,-0.119410818,0.992755704,1484,633,0.426549865,0.039271889,0.029249879,0.018604218,0.321497462,63.901985614,0.000000000,0.345236321,0.041742554,2.267331155,0.105058333,66.852842988,0,59,57,2,0.039757412,11,0,0,0,0,1414,11,9018,36057,12458,15,721032
659,1706585313.382564545,1706585313.482378244,1,0,0,1,42.084745421,-10.217314228,-0.305744355,-0.012291696,-0.011681120,-0.125751816,0.991916804,1519,655,0.431204740,0.036556216,0.027602880,0.018191152,0.334649447,69.367802666,0.000000000,0.340951572,0.044051936,2.278962831,0.116600891,66.772621717,0,58,55,3,0.038183015,14,0,0,0,0,1447,14,9028,36115,12472,15,722479
660,1706585313.482389212,1706585313.582204819,1,0,0,1,42.202177371,-10.253031529,-0.293866584,-0.011962885,-0.011114311,-0.133700124,0.990887299,1561,626,0.401024984,0.040335061,0.028919240,0.019577477,0.375282478,62.611252793,0.000000000,0.340786769,0.044521997,2.283190341,0.129191027,66.335889911,0,59,58,1,0.037796284,21,0,0,0,0,1481,21,9041,36174,12493,15,723960
661,1706585313.583015203,1706585313.682155132,1,0,0,1,42.324187382,-10.293150124,-0.294216404,-0.013698117,-0.010440675,-0.141445600,0.989796189,1522,649,0.426412615,0.038535179,0.027034878,0.017707996,0.396641112,64.792989005,0.000000000,0.341450699,0.041421713,2.290943147,0.141750422,66.279044392,0,51,50,1,0.033508541,19,0,0,0,0,1452,19,9049,36225,12512,15,725412
662,1706585313.682841063,1706585313.780621529,1,0,0,1,42.440564111,-10.334119674,-0.291349831,-0.017201475,-0.012224747,-0.147965800,0.988767307,1539,644,0.418453541,0.041519041,0.028251098,0.017909643,0.337360441,66.254344551,0.000000000,0.337151128,0.036181031,2.281100882,0.151638038,66.137763708,0,71,67,4,0.046133853,20,0,0,0,0,1448,20,9065,36296,12532,15,726860
663,1706585313.782678843,1706585313.882497549,1,0,0,1,42.554258901,-10.375354642,-0.290015083,-0.013811862,-0.009850968,-0.151965068,0.988240259,1543,648,0.419961115,0.041941320,0.029140635,0.018868615,0.367130883,65.424292608,0.000000000,0.335590441,0.035057499,2.277480424,0.156639366,65.954643685,0,71,68,3,0.046014258,17,0,0,0,0,1455,17,9076,36367,12549,15,728315
664,1706585313.882509470,1706585313.982338667,1,0,0,1,42.666260417,-10.414209492,-0.281733449,-0.014580218,-0.008902514,-0.155864001,0.987630789,1513,635,0.419695968,0.038918775,0.028555798,0.018554214,0.306643350,65.043376680,0.000000000,0.332444810,0.035023719,2.274462321,0.157415098,65.967101869,0,69,67,2,0.045604759,13,0,0,0,0,1431,13,9090,36436,12562,15,729746
665,1706585313.982749939,1706585314.082573175,1,0,0,1,42.775106477,-10.458248454,-0.274670974,-0.013011901,-0.009993793,-0.158984754,0.987144702,1507,643,0.426675514,0.034667180,0.028653540,0.016712492,0.311363226,66.177686499,0.000000000,0.328109769,0.042158636,2.266407988,0.162604520,65.769281978,0,71,70,1,0.047113470,9,0,0,0,0,1427,9,9103,36507,12571,15,731173
666,1706585314.082585335,1706585314.182110548,1,0,0,1,42.891829431,-10.501052802,-0.271217381,-0.016076364,-0.007009250,-0.158425071,0.987215234,1502,608,0.404793609,0.039070590,0.030437608,0.018334113,0.269146015,66.098284299,0.000000000,0.322009576,0.042219326,2.266523281,0.162268837,65.584292595,0,66,65,1,0.043941411,8,0,0,0,0,1428,8,9115,36573,12579,15,732601
667,1706585314.182422638,1706585314.280537844,1,0,0,1,43.006857753,-10.540441108,-0.267670410,-0.010550368,-0.009637392,-0.155231616,0.987774750,1495,622,0.416053512,0.039592432,0.028845017,0.019040306,0.301220368,63.198248947,0.000000000,0.318011208,0.042528567,2.263638046,0.167544588,65.160371131,0,58,57,1,0.038795987,19,0,0,0,0,1418,19,9123,36631,12598,15,734019
668,1706585314.283058882,1706585314.382893085,1,0,0,1,43.119158437,-10.575720165,-0.258510710,-0.013383955,-0.011169057,-0.154201145,0.987885686,1549,643,0.415106520,0.040517489,0.029633966,0.019400346,0.318078027,63.196041925,0.000000000,0.313616020,0.043161622,2.262492113,0.161980354,64.945847983,0,73,70,3,0.047127179,17,0,0,0,0,1459,17,9132,36704,12615,15,735478
669,1706585314.382904530,1706585314.482737780,1,0,0,1,43.222485047,-10.616638038,-0.255784666,-0.017591073,-0.013734698,-0.152004330,0.988127824,1574,637,0.404701398,0.038916769,0.031483052,0.019793038,0.315655581,61.946717692,0.000000000,0.311563360,0.043067409,2.253581063,0.157698223,64.504475367,0,67,66,1,0.042566709,10,0,0,0,0,1497,10,9140,36771,12625,15,736975
670,1706585314.482749462,1706585314.582571983,1,0,0,1,43.325735299,-10.651779281,-0.248850407,-0.013900366,-0.014848566,-0.150648985,0.988378057,1593,634,0.397991212,0.039433269,0.028923449,0.018400026,0.347291874,67.246654097,0.000000000,0.311656664,0.042772989,2.256558162,0.152161463,64.302826381,0,82,82,0,0.051475204,13,0,0,0,0,1498,13,9151,36853,12638,15,738473
671,1706585314.582583427,1706585314.682414055,1,0,0,1,43.427612229,-10.684142076,-0.250385734,-0.014675843,-0.014220497,-0.149002507,0.988625637,1607,683,0.425015557,0.037201992,0.027568441,0.018037862,0.317745827,64.656345873,0.000000000,0.310980392,0.043600786,2.241596670,0.150126014,64.050176689,0,67,64,3,0.041692595,16,0,0,0,0,1524,16,9166,36920,12654,15,739997
672,1706585314.682425976,1706585314.782249928,1,0,0,1,43.528621701,-10.709297214,-0.246190747,-0.017639643,-0.012723468,-0.148656838,0.988649635,1598,675,0.422403004,0.038874594,0.028507976,0.019154914,0.350934494,72.346658676,0.000000000,0.314448500,0.043051612,2.227820033,0.147080177,64.370859987,0,59,59,0,0.036921151,19,0,0,0,0,1520,19,9180,36979,12673,15,741517
673,1706585314.783059359,1706585314.882891178,1,0,0,1,43.636788702,-10.740866003,-0.242920821,-0.019434256,-0.012134485,-0.145540658,0.989086943,1572,643,0.409033079,0.038765854,0.028350402,0.019455473,0.367979662,67.183452750,0.000000000,0.319845349,0.042248709,2.226332994,0.145293356,64.374642103,0,63,61,2,0.040076336,13,0,0,0,0,1496,13,9191,37042,12686,15,743013
674,1706585314.882902622,1706585314.981668472,1,0,0,1,43.751732244,-10.777024596,-0.242563117,-0.019315306,-0.010753335,-0.142802832,0.989504237,1543,632,0.409591704,0.039619072,0.029172193,0.019997598,0.342900413,67.509553080,0.000000000,0.324398454,0.042037501,2.232434515,0.145958243,64.830774077,0,68,67,1,0.044069994,18,0,0,0,0,1457,18,9205,37110,12704,15,744470
675,1706585314.982727766,1706585315.080175877,1,0,0,1,43.861382920,-10.808965273,-0.235668038,-0.019813671,-0.008933906,-0.142127818,0.989609664,1521,635,0.417488494,0.037418304,0.025771636,0.017415241,0.341823870,70.893970645,0.000000000,0.328463218,0.042861870,2.235349501,0.142495258,65.453843769,0,62,60,2,0.040762656,11,0,0,0,0,1448,11,9217,37172,12715,15,745918
676,1706585315.082560062,1706585315.182379484,1,0,0,1,43.984673332,-10.834968722,-0.226507564,-0.020519851,-0.008744216,-0.140372162,0.989847529,1515,613,0.404620462,0.037300323,0.027181875,0.017540075,0.391881937,68.546685953,0.000000000,0.334316659,0.042324767,2.238702438,0.134514913,65.736316060,0,61,61,0,0.040264026,12,0,0,0,0,1442,12,9225,37233,12727,15,747360
677,1706585315.182391644,1706585315.282232046,1,0,0,1,44.104828936,-10.873441515,-0.233963402,-0.018423965,-0.001540436,-0.135542479,0.990599021,1523,618,0.405778070,0.040921690,0.027932399,0.017739748,0.361915162,63.598867266,0.000000000,0.338857082,0.043483021,2.244249548,0.127090442,65.999760581,0,72,67,5,0.047275115,20,0,0,0,0,1431,20,9240,37305,12747,15,748791
678,1706585315.283043623,1706585315.382771969,1,0,0,1,44.224136293,-10.912245169,-0.221674426,-0.015402260,-0.002819087,-0.131368103,0.991209990,1465,604,0.412286689,0.040270581,0.030536510,0.020108077,0.390682407,59.657661026,0.000000000,0.342316329,0.044010600,2.254616102,0.122885441,65.787544352,0,61,58,3,0.041638225,14,0,0,0,0,1390,14,9247,37366,12761,15,750181
679,1706585315.382883310,1706585315.481306076,1,0,0,1,44.351097092,-10.948618112,-0.218027483,-0.015003367,-0.002080210,-0.130515555,0.991330551,1472,575,0.390625000,0.039351823,0.027482605,0.018678489,0.363428705,61.915231533,0.000000000,0.343755292,0.041427820,2.263417795,0.108529695,65.414915795,0,52,48,4,0.035326087,16,0,0,0,0,1404,16,9255,37418,12777,15,751585
680,1706585315.482728958,1706585315.582417250,1,0,0,1,44.470778969,-10.985297236,-0.220977726,-0.016363566,0.002124733,-0.131066747,0.991236212,1463,630,0.430622010,0.039711780,0.029041372,0.019317476,0.314925303,65.203687583,0.000000000,0.340737433,0.041026273,2.260191857,0.094152491,65.544537534,0,63,61,2,0.043062201,12,0,0,0,0,1387,13,9270,37481,12789,15,752972
681,1706585315.582554102,1706585315.682390213,1,0,0,1,44.572534764,-11.020935648,-0.221496136,-0.014962235,-0.002285049,-0.132024670,0.991130868,1456,590,0.405219780,0.039073584,0.028383380,0.018538389,0.334419983,58.871829601,0.000000000,0.337626377,0.040853694,2.244598370,0.082902797,65.248479564,0,63,61,2,0.043269231,13,0,0,0,0,1380,13,9283,37544,12802,15,754352
682,1706585315.682401657,1706585315.782221317,1,0,0,1,44.683679020,-11.045046458,-0.217175103,-0.022772986,0.000630046,-0.130991604,0.991121685,1536,667,0.434244792,0.042264250,0.030123124,0.019570799,0.354172421,61.143898125,0.000000000,0.338466976,0.042399935,2.237461040,0.076707572,64.992957243,0,67,63,4,0.043619792,18,0,0,0,0,1451,18,9295,37611,12820,15,755803
683,1706585315.783030272,1706585315.882853270,1,0,0,1,44.791247324,-11.073480088,-0.219497668,-0.020706557,0.000934053,-0.128549146,0.991486502,1469,586,0.398910824,0.040177805,0.031472650,0.018287532,0.351288228,62.565058561,0.000000000,0.337674843,0.039816436,2.229909434,0.073718460,64.849995541,0,62,59,3,0.042205582,7,0,0,0,0,1400,7,9312,37673,12827,15,757203
684,1706585315.882865191,1706585315.982681036,1,0,0,1,44.887164437,-11.104539964,-0.221222510,-0.015404661,0.004425764,-0.125013769,0.992025537,1463,586,0.400546822,0.038363525,0.029028058,0.018271386,0.326940869,64.649379952,0.000000000,0.338689719,0.040048808,2.213115045,0.074383351,64.830295704,0,58,56,2,0.039644566,16,0,0,0,0,1389,16,9320,37731,12843,15,758592
685,1706585315.982692719,1706585316.082521439,1,0,0,1,44.968099855,-11.129906820,-0.219410079,-0.013003327,0.002997256,-0.124448742,0.992136301,1440,559,0.388194444,0.036878108,0.025456860,0.015778436,0.330565293,59.182678534,0.000000000,0.339649822,0.033336750,2.173580001,0.074435901,64.480545306,0,57,52,5,0.039583333,14,0,0,0,0,1369,14,9343,37788,12857,15,759961
686,1706585316.082532406,1706585316.182354927,1,0,0,1,45.054077673,-11.153740012,-0.217265917,-0.010143860,-0.000494631,-0.125628674,0.992025349,1469,591,0.402314500,0.039226214,0.029641391,0.019772363,0.331660349,63.183709042,0.000000000,0.342775539,0.033323797,2.141188854,0.070329987,64.334816543,0,63,60,3,0.042886317,17,0,0,0,0,1389,17,9357,37851,12874,15,761350
687,1706585316.182765722,1706585316.281138182,1,0,0,1,45.146373120,-11.190932375,-0.221652380,-0.012443012,-0.000831875,-0.128411176,0.991642602,1396,581,0.416189112,0.041016755,0.028863923,0.017932831,0.372513060,62.190220505,0.000000000,0.346340173,0.034724114,2.122725292,0.073750658,64.284415121,0,50,50,0,0.035816619,17,0,0,0,0,1329,17,9369,37901,12891,15,762679
688,1706585316.282598495,1706585316.379769564,1,0,0,1,45.246629103,-11.223424091,-0.223711844,-0.010879668,-0.002676944,-0.131997092,0.991186781,1507,634,0.420703384,0.039842094,0.027465899,0.017089486,0.334242056,65.795497091,0.000000000,0.347148375,0.034160869,2.116968086,0.076341732,64.414387879,0,74,69,5,0.049104180,19,0,0,0,0,1414,19,9384,37975,12910,15,764093
689,1706585316.382426262,1706585316.482248783,1,0,0,1,45.361659311,-11.256749385,-0.219044470,-0.019599531,-0.000389761,-0.140655293,0.989864534,1471,600,0.407885792,0.040000138,0.029417021,0.020363144,0.332884505,62.358816842,0.000000000,0.348009821,0.034318868,2.127532474,0.091178411,64.434992837,0,72,72,0,0.048946295,13,0,0,0,0,1386,13,9393,38047,12923,15,765479
690,1706585316.483060122,1706585316.582888842,1,0,0,1,45.468965720,-11.301503147,-0.213621770,-0.020406640,-0.000729495,-0.145565361,0.989137889,1493,619,0.414601474,0.042170315,0.029550915,0.018540317,0.324642867,66.888613064,0.000000000,0.346877371,0.037743827,2.137019220,0.097733300,64.417090785,0,58,58,0,0.038847957,16,0,0,0,0,1419,16,9404,38105,12939,15,766898
691,1706585316.582900047,1706585316.682507992,1,0,0,1,45.594776614,-11.350736787,-0.219049481,-0.019093538,0.001039554,-0.153348181,0.987987192,1478,633,0.428281461,0.039918648,0.028275494,0.018514763,0.315332800,63.640558969,0.000000000,0.346756719,0.035402991,2.168050262,0.112786036,64.366301440,0,51,49,2,0.034506089,18,0,0,0,0,1409,18,9422,38156,12957,15,768307
692,1706585316.682733059,1706585316.781213999,1,0,0,1,45.727843700,-11.399750885,-0.217544796,-0.018237482,0.001692149,-0.161292547,0.986736665,1483,598,0.403236682,0.040580757,0.028607756,0.019450947,0.294820738,64.853328279,0.000000000,0.343951032,0.035521027,2.197138247,0.122559198,63.991634920,0,64,60,4,0.043155765,12,0,0,0,0,1407,12,9439,38220,12969,15,769714
693,1706585316.782564402,1706585316.882398605,1,0,0,1,45.861897635,-11.450674666,-0.216424562,-0.023767721,0.005880765,-0.170871555,0.984989048,1387,561,0.404470079,0.037568435,0.024034751,0.016049592,0.243270522,65.923223638,0.000000000,0.337715574,0.037095907,2.220045812,0.136674029,63.928623464,0,64,62,2,0.046142754,14,0,0,0,0,1309,14,9448,38284,12983,15,771023
694,1706585316.882410288,1706585316.982234955,1,0,0,1,45.994606433,-11.504558947,-0.222480188,-0.024219660,0.004730642,-0.176989207,0.983903374,1351,573,0.424130274,0.035109325,0.025731400,0.017207589,0.238956981,58.078657620,0.000000000,0.332518403,0.044780068,2.248988848,0.147714788,63.457078691,0,61,61,0,0.045151739,8,0,0,0,0,1282,8,9460,38345,12991,15,772305
695,1706585316.983057976,1706585317.082884789,1,0,0,1,46.127581593,-11.558128201,-0.216882587,-0.019634668,-0.000107809,-0.177237242,0.983972270,1377,540,0.392156863,0.038861460,0.027892289,0.018066636,0.207554811,58.048722595,0.000000000,0.325804950,0.043376078,2.266122632,0.144465124,62.814816289,0,56,55,1,0.040668119,13,0,0,0,0,1308,13,9477,38401,13004,15,773613
696,1706585317.082897425,1706585317.182734966,1,0,0,1,46.257053615,-11.603231465,-0.211319365,-0.015947747,0.001097967,-0.176385381,0.984191374,1384,555,0.401011561,0.038761746,0.026786135,0.017936959,0.259529125,55.039665282,0.000000000,0.319187309,0.041714030,2.276953946,0.136655341,62.139465255,0,59,58,1,0.042630058,8,0,0,0,0,1317,8,9493,38460,13012,15,774930
697,1706585317.182746649,1706585317.282578945,1,0,0,1,46.389831780,-11.645980171,-0.207427208,-0.019490775,0.001668764,-0.172245317,0.984859825,1385,601,0.433935018,0.037256435,0.027235295,0.017396327,0.245451628,55.133041357,0.000000000,0.313364133,0.042811607,2.290438892,0.136618080,61.716173960,0,59,56,3,0.042599278,14,0,0,0,0,1311,15,9506,38519,13026,15,776241
698,1706585317.282590866,1706585317.382414818,1,0,0,1,46.521194634,-11.694582965,-0.202032430,-0.019586560,0.004111485,-0.169035151,0.985406809,1405,569,0.404982206,0.038201473,0.028984465,0.018875671,0.253487265,60.051856401,0.000000000,0.306504376,0.042975344,2.298489914,0.141339709,61.735883729,0,72,70,2,0.051245552,12,0,0,0,0,1321,12,9522,38591,13038,15,777562
699,1706585317.382427454,1706585317.482126713,1,0,0,1,46.651597814,-11.740188232,-0.200745596,-0.025548590,0.005334008,-0.162921662,0.986293744,1405,585,0.416370107,0.039675950,0.026774297,0.018026098,0.249858797,58.279646678,0.000000000,0.300825880,0.043028380,2.311432685,0.152433291,61.554104486,0,66,63,3,0.046975089,10,0,0,0,0,1329,10,9533,38657,13048,15,778891
700,1706585317.483062506,1706585317.580724955,1,0,0,1,46.777434684,-11.798552080,-0.205455856,-0.018325368,0.002481675,-0.158729698,0.987148877,1408,580,0.411931818,0.040454383,0.028775597,0.017989936,0.287673546,62.029632215,0.000000000,0.299463292,0.043450959,2.342408021,0.159254436,61.395401718,0,83,80,3,0.058948864,16,0,0,0,0,1309,16,9554,38740,13064,15,780200
701,1706585317.582909822,1706585317.679434776,1,0,0,1,46.887423810,-11.846526986,-0.211216636,-0.021136451,-0.005549141,-0.157452600,0.987284729,1482,603,0.406882591,0.037128965,0.025546568,0.018599349,0.287604761,58.914338879,0.000000000,0.297122531,0.045158890,2.348731428,0.160125560,61.397527181,0,60,57,3,0.040485830,12,0,0,0,0,1409,13,9567,38800,13076,15,781609
702,1706585317.682741642,1706585317.782552242,1,0,0,1,47.026384245,-11.882140882,-0.201025570,-0.021793059,-0.005246979,-0.156609990,0.987406119,1529,651,0.425768476,0.039761135,0.027588973,0.018260688,0.302535912,61.532422614,0.000000000,0.294540706,0.041714502,2.381257493,0.156927730,61.416953406,0,77,71,6,0.050359712,14,0,0,0,0,1438,14,9583,38877,13090,15,783047
703,1706585317.782564402,1706585317.882396460,1,0,0,1,47.150924919,-11.928062898,-0.201727700,-0.020988640,-0.007950112,-0.156246359,0.987463087,1582,667,0.421618205,0.035869040,0.024917797,0.016821437,0.272527055,61.740515842,0.000000000,0.290602647,0.044959445,2.413161300,0.150740281,61.375726270,0,76,73,3,0.048040455,9,0,0,0,0,1497,9,9610,38953,13099,15,784544
704,1706585317.882408142,1706585317.982233047,1,0,0,1,47.279465235,-11.970914022,-0.203483536,-0.022102552,-0.003761490,-0.159821104,0.986891353,1550,647,0.417419355,0.037053015,0.025530932,0.016575768,0.278114796,61.247736665,0.000000000,0.288161343,0.046079775,2.463830514,0.156917880,61.205644106,0,78,76,2,0.050322581,13,0,0,0,0,1459,13,9627,39031,13112,15,786003
705,1706585317.983042002,1706585318.082862616,1,0,0,1,47.412090019,-12.017295759,-0.188037459,-0.020578571,0.001234011,-0.160058496,0.986892232,1465,627,0.427986348,0.036788711,0.025902596,0.017386246,0.273994188,61.553265548,0.000000000,0.285332788,0.046209577,2.515932494,0.155310772,61.324173456,0,70,69,1,0.047781570,14,0,0,0,0,1381,14,9643,39101,13126,15,787384
706,1706585318.082875252,1706585318.182703972,1,0,0,1,47.537871266,-12.060622160,-0.190404460,-0.017959985,-0.000588103,-0.159635188,0.987012512,1471,629,0.427600272,0.035679642,0.026154691,0.018604823,0.262628240,61.872404010,0.000000000,0.281881183,0.049454819,2.549383724,0.150628011,61.258608205,0,70,69,1,0.047586676,13,0,0,0,0,1388,13,9657,39171,13139,15,788772
707,1706585318.182715416,1706585318.282548904,1,0,0,1,47.673722145,-12.116441612,-0.190754427,-0.016834363,0.003288569,-0.162860500,0.986499998,1479,623,0.421230561,0.035707402,0.026389760,0.018276797,0.269532906,59.270013399,0.000000000,0.276732175,0.050123501,2.590846011,0.150095423,61.112597849,0,73,70,3,0.049357674,13,0,0,0,0,1393,13,9676,39244,13152,15,790165
708,1706585318.282561302,1706585318.382384300,1,0,0,1,47.807436026,-12.161182583,-0.191418753,-0.021136235,0.002238173,-0.166720973,0.985775008,1419,634,0.446793517,0.036665497,0.026083719,0.016954562,0.283658104,55.085298192,0.000000000,0.274202977,0.050302302,2.611996939,0.140396860,60.577087905,0,64,63,1,0.045102185,13,0,0,0,0,1342,13,9694,39308,13165,15,791507
709,1706585318.382397175,1706585318.482231617,1,0,0,1,47.941089871,-12.211817874,-0.184087872,-0.020317987,0.003860630,-0.169455228,0.985320862,1419,589,0.415081043,0.033969337,0.023252464,0.016610294,0.266361806,57.100402058,0.000000000,0.270876842,0.054791582,2.638717416,0.136109953,60.314167165,0,65,61,4,0.045806906,12,0,0,0,0,1342,12,9709,39373,13177,15,792849
710,1706585318.483041763,1706585318.582860708,1,0,0,1,48.068846574,-12.268625281,-0.185912982,-0.022116949,0.002059093,-0.173769518,0.984535807,1392,591,0.424568966,0.037639690,0.025861546,0.018209926,0.261373316,57.355530297,0.000000000,0.267713365,0.048452239,2.643336375,0.128972778,59.837513027,0,79,79,0,0.056752874,15,0,0,0,0,1298,15,9724,39452,13192,15,794147
711,1706585318.582872391,1706585318.682708740,1,0,0,1,48.199757339,-12.324138322,-0.180056950,-0.020131351,0.001774655,-0.175283048,0.984310638,1388,579,0.417146974,0.035808851,0.024280175,0.016556925,0.251473780,54.610293371,0.000000000,0.264520414,0.047702126,2.643836582,0.115928259,59.385999747,0,80,76,4,0.057636888,11,0,0,0,0,1297,11,9751,39532,13203,15,795444
712,1706585318.682720423,1706585318.781722546,1,0,0,1,48.334838055,-12.373959621,-0.182065054,-0.020183281,0.003547240,-0.170825860,0.985088107,1383,627,0.453362256,0.036031693,0.024996226,0.017924493,0.252113743,54.760511172,0.000000000,0.262385064,0.044463551,2.644421320,0.105297284,58.881358892,0,71,69,2,0.051337672,13,0,0,0,0,1299,13,9776,39603,13216,15,796743
713,1706585318.782558918,1706585318.880361795,1,0,0,1,48.466555364,-12.419129832,-0.180891665,-0.020594599,0.003280935,-0.164963294,0.986079211,1411,622,0.440822112,0.034307440,0.023399421,0.016552135,0.253760276,53.668927687,0.000000000,0.262909552,0.047697089,2.640314487,0.104836185,58.268644094,0,73,70,3,0.051736357,17,0,0,0,0,1321,17,9793,39676,13233,15,798064
714,1706585318.882395267,1706585318.979001522,1,0,0,1,48.592889213,-12.453053849,-0.182713814,-0.021555353,0.005946829,-0.157486536,0.987267944,1457,642,0.440631434,0.035626378,0.024993484,0.016303995,0.273197480,55.917362551,0.000000000,0.264621577,0.046995109,2.627667376,0.119556817,58.160579341,0,80,75,5,0.054907344,20,0,0,0,0,1355,22,9818,39756,13253,15,799419
715,1706585318.983058929,1706585319.082877874,1,0,0,1,48.720724700,-12.497645920,-0.184094576,-0.019536863,0.004660247,-0.149937062,0.988491513,1438,629,0.437413074,0.035484068,0.024171510,0.015430945,0.289928675,57.135160612,0.000000000,0.268740270,0.046695522,2.625847992,0.133227691,58.114901242,0,87,82,5,0.060500695,14,0,0,0,0,1337,14,9838,39843,13267,15,800756
716,1706585319.082888842,1706585319.182720423,1,0,0,1,48.836245986,-12.535439028,-0.186762328,-0.019312442,-0.000571947,-0.142129417,0.989659503,1554,694,0.446589447,0.039489400,0.027150187,0.018535077,0.313663935,56.610670313,0.000000000,0.271447010,0.047898801,2.607879090,0.140813569,58.193451493,0,98,93,5,0.063063063,19,0,0,0,0,1437,19,9870,39941,13286,15,802193
717,1706585319.182732582,1706585319.281927824,1,0,0,1,48.961288864,-12.577282892,-0.196537408,-0.016469482,0.002955191,-0.135886451,0.990583109,1530,697,0.455555556,0.037825699,0.026507173,0.017846236,0.305603482,54.849907412,0.000000000,0.274454603,0.048121093,2.599929629,0.146870330,58.179294796,0,86,86,0,0.056209150,21,0,0,0,0,1423,21,9894,40027,13307,15,803616
718,1706585319.282576084,1706585319.380544662,1,0,0,1,49.075438054,-12.613281480,-0.195893534,-0.015815212,0.000675564,-0.130247439,0.991355147,1470,667,0.453741497,0.035915981,0.025724700,0.017658494,0.308653479,58.649142130,0.000000000,0.277212914,0.047994928,2.581468515,0.145994471,58.109159082,0,81,79,2,0.055102041,9,0,0,0,0,1380,9,9924,40108,13316,15,804996
719,1706585319.382403135,1706585319.482219219,1,0,0,1,49.188838784,-12.641900104,-0.193843430,-0.017916689,-0.003485577,-0.127770428,0.991635800,1531,707,0.461789680,0.035859635,0.026507848,0.017396980,0.306537250,56.721058344,0.000000000,0.280046836,0.045145017,2.559649869,0.142509175,58.031229666,0,94,93,1,0.061397779,15,0,0,0,0,1422,15,9950,40202,13331,15,806418
720,1706585319.483029842,1706585319.582847118,1,0,0,1,49.296340600,-12.668990491,-0.188974912,-0.018460689,0.001361031,-0.127585939,0.991654768,1573,707,0.449459631,0.037960298,0.026858713,0.016733299,0.347119969,55.369838944,0.000000000,0.283019158,0.039534378,2.550484512,0.139817140,57.698240002,0,101,99,2,0.064208519,13,0,0,0,0,1459,13,9976,40303,13344,15,807877
721,1706585319.582858086,1706585319.682685137,1,0,0,1,49.409629866,-12.704741623,-0.185482875,-0.016063115,-0.003665753,-0.126620855,0.991814346,1524,709,0.465223097,0.034472517,0.023409139,0.015786758,0.328240784,52.215825933,0.000000000,0.285050959,0.041316349,2.525519188,0.140204349,57.363314355,0,90,85,5,0.059055118,20,0,0,0,0,1414,20,9997,40393,13364,15,809291
722,1706585319.682697535,1706585319.782541275,1,0,0,1,49.538311447,-12.741800026,-0.179886706,-0.014406133,-0.005381701,-0.127226069,0.991754520,1588,760,0.478589421,0.038605893,0.028180505,0.018223084,0.317653754,55.668366739,0.000000000,0.285806851,0.038289031,2.526808278,0.140586276,57.070111561,0,103,100,3,0.064861461,15,0,0,0,0,1470,15,10015,40496,13379,15,810761
723,1706585319.782553673,1706585319.882379293,1,0,0,1,49.667654997,-12.779224140,-0.171442755,-0.015900875,-0.005279671,-0.126905108,0.991773351,1595,759,0.475862069,0.037491085,0.025861132,0.016672654,0.300132678,56.602020505,0.000000000,0.287187132,0.038683322,2.526215511,0.133883220,56.813186794,0,91,88,3,0.057053292,25,0,0,0,0,1479,25,10035,40587,13404,15,812240
724,1706585319.882391453,1706585319.982208490,1,0,0,1,49.802397949,-12.820795551,-0.166844183,-0.017804643,-0.007318872,-0.126290312,0.991806526,1597,722,0.452097683,0.038934938,0.028097250,0.017685832,0.303704000,55.543579914,0.000000000,0.288466592,0.041283877,2.525952836,0.134519889,56.527978957,0,88,87,1,0.055103319,19,0,0,0,0,1490,19,10056,40675,13423,15,813730
725,1706585319.983033180,1706585320.081471920,1,0,0,1,49.924022726,-12.863116015,-0.160702907,-0.011060445,-0.008902987,-0.127634860,0.991719590,1615,778,0.481733746,0.036263815,0.025186314,0.016279292,0.315501711,54.969894625,0.000000000,0.290541968,0.041301079,2.521821289,0.136415794,56.198810410,0,113,109,4,0.069969040,20,0,0,0,0,1482,20,10078,40788,13443,15,815212
726,1706585320.082857132,1706585320.180119038,1,0,0,1,50.051785359,-12.904773111,-0.154843544,-0.011489463,-0.010118686,-0.129254162,0.991493301,1613,778,0.482331060,0.035686515,0.025622643,0.016291859,0.296611773,53.458480695,0.000000000,0.292241145,0.041295664,2.509459238,0.132983772,55.778114245,0,96,94,2,0.059516429,20,0,0,0,0,1495,22,10096,40884,13463,15,816707
727,1706585320.182700872,1706585320.278784037,1,0,0,1,50.184869360,-12.945299139,-0.154860290,-0.014741500,-0.008470810,-0.131613778,0.991155259,1627,782,0.480639213,0.036040785,0.024740904,0.016482320,0.329952986,54.535240525,0.000000000,0.295262149,0.041088009,2.507574733,0.129922102,55.541375601,0,106,101,5,0.065150584,20,0,0,0,0,1501,20,10128,40990,13483,15,818208
728,1706585320.282541752,1706585320.382366896,1,0,0,1,50.324965074,-12.986635615,-0.151052522,-0.016103432,-0.007606607,-0.132657976,0.991001857,1609,790,0.490988191,0.037838150,0.025995704,0.016854004,0.371923717,52.006831755,0.000000000,0.299675430,0.041783291,2.510579236,0.126407342,55.387452279,0,104,104,0,0.064636420,22,0,0,0,0,1483,22,10155,41094,13505,15,819691
729,1706585320.382777691,1706585320.482595921,1,0,0,1,50.461803179,-13.037871771,-0.149716994,-0.012190159,-0.007812279,-0.134058191,0.990867685,1616,774,0.478960396,0.037718501,0.025573489,0.017857779,0.320854212,51.913856659,0.000000000,0.302400050,0.038762756,2.516871946,0.120624694,55.128125009,0,122,120,2,0.075495050,23,0,0,0,0,1471,23,10189,41216,13528,15,821162
730,1706585320.482608080,1706585320.581583500,1,0,0,1,50.589078668,-13.078367273,-0.150939279,-0.012844157,-0.005160727,-0.138861649,0.990215046,1612,764,0.473945409,0.041071190,0.027181256,0.018475206,0.296038389,54.113027109,0.000000000,0.304133304,0.046074455,2.508124807,0.127293688,54.965999850,0,111,105,6,0.068858561,25,0,0,0,0,1476,25,10217,41327,13553,15,822638
731,1706585320.582457781,1706585320.682285309,1,0,0,1,50.724636749,-13.120804902,-0.147625631,-0.012126338,-0.003424926,-0.141684156,0.989831714,1631,779,0.477621091,0.040955558,0.027537928,0.018360125,0.305363258,51.353592412,0.000000000,0.306827777,0.050886957,2.506219465,0.124061574,54.803164802,0,121,117,4,0.074187615,20,0,0,0,0,1490,20,10242,41448,13573,15,824128
732,1706585320.683096170,1706585320.782920361,1,0,0,1,50.863997652,-13.164355072,-0.147151289,-0.013118140,-0.001600593,-0.142469762,0.989710927,1642,790,0.481120585,0.038028416,0.025813660,0.017304867,0.314410077,49.908137508,0.000000000,0.309942594,0.050468425,2.512975158,0.113778168,54.560546119,0,121,119,2,0.073690621,25,0,0,0,0,1496,25,10269,41569,13598,15,825624
733,1706585320.782932281,1706585320.882755041,1,0,0,1,50.996139599,-13.198882560,-0.142612956,-0.013065827,-0.000843497,-0.147377433,0.988993663,1600,759,0.474375000,0.036322238,0.023933033,0.015954443,0.285039346,51.247248750,0.000000000,0.311506548,0.047359100,2.518806854,0.108688196,54.439462172,0,97,95,2,0.060625000,16,0,0,0,0,1487,16,10294,41666,13614,15,827111
734,1706585320.882766724,1706585320.982592106,1,0,0,1,51.135254724,-13.246351986,-0.144727667,-0.013487768,-0.004365856,-0.147954746,0.988892518,1579,780,0.493983534,0.036160312,0.023210130,0.016264650,0.287706917,47.935312278,0.000000000,0.312232019,0.046716829,2.530416384,0.094428406,54.040359658,0,95,94,1,0.060164661,23,0,0,0,0,1461,23,10321,41761,13637,15,828572
735,1706585320.982604504,1706585321.082416058,1,0,0,1,51.266652209,-13.308233845,-0.137657360,-0.010575919,-0.008624896,-0.150739558,0.988479310,1629,731,0.448741559,0.039997098,0.025069762,0.016983172,0.280997686,55.544570844,0.000000000,0.311785470,0.047190651,2.554252888,0.084049126,53.960830170,0,111,108,3,0.068139963,21,0,0,0,0,1497,21,10348,41872,13658,15,830069
736,1706585321.082427740,1706585321.182246923,1,0,0,1,51.407185544,-13.360139346,-0.137157704,-0.011218113,-0.006208089,-0.154834540,0.987857216,1663,772,0.464221287,0.037292372,0.025315467,0.016728186,0.273839566,50.722120551,0.000000000,0.309794252,0.045967443,2.571846064,0.079885321,53.666402682,0,106,104,2,0.063740229,23,0,0,0,0,1534,23,10379,41978,13681,15,831603
737,1706585321.183057785,1706585321.282409430,1,0,0,1,51.544054145,-13.403963655,-0.124210275,-0.011915698,-0.006846641,-0.157687667,0.987393407,1600,790,0.493750000,0.039260657,0.026466871,0.016476841,0.242271191,52.620576022,0.000000000,0.306627637,0.046957255,2.596448930,0.074189961,53.554936112,0,119,117,2,0.074375000,24,0,0,0,0,1457,24,10403,42097,13705,15,833060
738,1706585321.282896519,1706585321.381085157,1,0,0,1,51.673149222,-13.442229998,-0.123857688,-0.018417594,-0.005943163,-0.159440726,0.987017794,1650,751,0.455151515,0.037900219,0.027013848,0.017841644,0.233351719,50.513310503,0.000000000,0.302862549,0.045724163,2.614122369,0.072511491,53.148144531,0,141,135,6,0.085454545,15,0,0,0,0,1492,17,10441,42238,13720,15,834552
739,1706585321.382720232,1706585321.479724884,1,0,0,1,51.797983272,-13.499734928,-0.121453487,-0.012891686,-0.004560443,-0.161780923,0.986731949,1616,776,0.480198020,0.034994475,0.024318564,0.016438592,0.213088853,49.563600374,0.000000000,0.298190129,0.047249196,2.640616082,0.077160322,52.790271632,0,120,112,8,0.074257426,18,0,0,0,0,1472,24,10470,42358,13738,15,836024
740,1706585321.482557058,1706585321.578438759,1,0,0,1,51.923508447,-13.544368422,-0.124602606,-0.012381059,-0.007520330,-0.166896699,0.985867966,1621,764,0.471314004,0.032161161,0.021009075,0.014503463,0.200654388,53.685478153,0.000000000,0.290866850,0.057295164,2.655029829,0.085394281,52.706053593,0,109,103,6,0.067242443,20,0,0,0,0,1491,21,10500,42467,13758,15,837515
741,1706585321.582397461,1706585321.682220936,1,0,0,1,52.065848880,-13.591272366,-0.120916061,-0.016296467,-0.004143972,-0.169320570,0.985417575,1626,761,0.468019680,0.034923183,0.023146654,0.015246261,0.255666205,45.693424662,0.000000000,0.287238121,0.056502830,2.670916045,0.089126242,52.379933529,0,102,97,5,0.062730627,18,0,0,0,0,1506,18,10528,42569,13776,15,839021
742,1706585321.683031321,1706585321.782859087,1,0,0,1,52.188437325,-13.643914566,-0.110027212,-0.018904542,-0.006646320,-0.172465525,0.984811702,1576,767,0.486675127,0.034663534,0.023780340,0.015614971,0.217712815,47.908210888,0.000000000,0.282241074,0.058408566,2.669859666,0.094733605,51.991925737,0,129,128,1,0.081852792,14,0,0,0,0,1433,14,10551,42698,13790,15,840454
743,1706585321.782871723,1706585321.882713795,1,0,0,1,52.301462481,-13.690281262,-0.103745905,-0.021596679,-0.008599009,-0.175257090,0.984248237,1564,742,0.474424552,0.033515476,0.022244745,0.014979958,0.232896831,46.236225690,0.000000000,0.278879282,0.062515918,2.651102087,0.098960095,51.473635996,0,106,102,4,0.067774936,15,0,0,0,0,1443,15,10570,42804,13805,15,841897
744,1706585321.882724762,1706585321.982563734,1,0,0,1,52.423078867,-13.742786890,-0.105991202,-0.020397395,-0.012445345,-0.177897838,0.983758821,1596,762,0.477443609,0.032205210,0.021822844,0.015000096,0.219845805,48.776525686,0.000000000,0.274686372,0.067864988,2.654663952,0.101443148,51.135283284,0,90,86,4,0.056390977,13,0,0,0,0,1493,13,10582,42894,13818,15,843390
745,1706585321.982575417,1706585322.082421541,1,0,0,1,52.549161585,-13.789032262,-0.099777050,-0.020060900,-0.012130444,-0.179238211,0.983526348,1544,711,0.460492228,0.032844157,0.021157564,0.014367015,0.244736870,45.769883494,0.000000000,0.271148130,0.071871972,2.654593923,0.100946829,50.675282728,0,78,76,2,0.050518135,15,0,0,0,0,1451,15,10591,42972,13833,15,844841
746,1706585322.082432985,1706585322.182252884,1,0,0,1,52.678357951,-13.845931677,-0.100627679,-0.017862280,-0.011042415,-0.178584585,0.983700437,1509,710,0.470510272,0.032916994,0.021285597,0.014252037,0.256024084,44.071606017,0.000000000,0.269118746,0.075147112,2.656649847,0.097467678,50.205938994,0,55,52,3,0.036447979,5,0,0,0,0,1449,5,10599,43027,13838,15,846290
747,1706585322.183065176,1706585322.282898426,1,0,0,1,52.809268699,-13.894478913,-0.095313113,-0.019307990,-0.009028716,-0.176620371,0.984048235,1482,709,0.478407557,0.032067541,0.020949312,0.014052477,0.220098987,49.826062738,0.000000000,0.263626046,0.079840907,2.650257078,0.099346946,49.970480105,0,74,73,1,0.049932524,15,0,0,0,0,1393,15,10602,43101,13853,15,847683
748,1706585322.282910824,1706585322.382748842,1,0,0,1,52.946851952,-13.949444710,-0.088806136,-0.017672947,-0.006561341,-0.171394981,0.985022018,1497,706,0.471609886,0.030147273,0.020410751,0.014599375,0.208143742,53.566410362,0.000000000,0.255437047,0.087689707,2.652434695,0.106966288,50.048459035,0,78,76,2,0.052104208,8,0,0,0,0,1411,8,10609,43179,13861,15,849094
749,1706585322.382760525,1706585322.482599258,1,0,0,1,53.077741223,-13.994475570,-0.085528917,-0.015491528,-0.006240324,-0.170646417,0.985190779,1563,723,0.462571977,0.033785351,0.023128373,0.014774175,0.224489260,50.772124271,0.000000000,0.250618799,0.088010512,2.657324269,0.098702218,49.991372416,0,75,72,3,0.047984645,13,0,0,0,0,1475,13,10621,43254,13874,15,850569
750,1706585322.482610464,1706585322.582140446,1,0,0,1,53.216740212,-14.046145793,-0.083315665,-0.019018130,-0.003691634,-0.167455537,0.985689264,1521,708,0.465483235,0.031846529,0.020740685,0.014621006,0.238337108,48.191190337,0.000000000,0.247733735,0.084294140,2.663548610,0.099414418,49.695280577,0,65,63,2,0.042735043,12,0,0,0,0,1444,12,10632,43319,13886,15,852013
751,1706585322.582451820,1706585322.680800438,1,0,0,1,53.351316648,-14.092384145,-0.083184956,-0.021312527,-0.004570692,-0.166867231,0.985738410,1522,687,0.451379763,0.035140323,0.025847338,0.016941155,0.231530408,49.549426945,0.000000000,0.244042093,0.075761333,2.659839067,0.099050965,49.605072304,0,77,68,9,0.050591327,12,0,0,0,0,1427,18,10650,43396,13898,15,853440
752,1706585322.683081865,1706585322.779443264,1,0,0,1,53.481731969,-14.140001553,-0.076697355,-0.022962295,0.000856533,-0.168575773,0.985420828,1551,699,0.450676983,0.035857666,0.022342093,0.015006334,0.263186049,47.349434174,0.000000000,0.241480891,0.073356427,2.662173346,0.092777817,49.477137137,0,83,76,7,0.053513862,15,0,0,0,0,1447,21,10671,43479,13913,15,854887
753,1706585322.782923698,1706585322.882750273,1,0,0,1,53.601907069,-14.180643629,-0.071019131,-0.022234653,-0.006637296,-0.167111110,0.985664975,1506,702,0.466135458,0.033889715,0.022270447,0.014573709,0.270700677,47.758156391,0.000000000,0.240763958,0.072966702,2.642155585,0.094955282,49.302682519,0,59,55,4,0.039176627,16,0,0,0,0,1431,16,10678,43538,13929,15,856318
754,1706585322.882762432,1706585322.982584000,1,0,0,1,53.719739577,-14.223108148,-0.065770955,-0.021651251,-0.010195614,-0.169226314,0.985286622,1599,740,0.462789243,0.034690753,0.022598959,0.014103957,0.262247324,50.781277949,0.000000000,0.239490978,0.072372301,2.622104168,0.093536873,49.444980802,0,63,62,1,0.039399625,11,0,0,0,0,1525,11,10690,43601,13940,15,857843
755,1706585322.982595682,1706585323.082408667,1,0,0,1,53.853820947,-14.269294161,-0.062811787,-0.028336449,-0.007283467,-0.171571473,0.984737136,1552,711,0.458118557,0.035606761,0.024444769,0.016666201,0.241329377,50.753509912,0.000000000,0.237507563,0.063503301,2.614134781,0.089932828,49.205427756,0,73,70,3,0.047036082,19,0,0,0,0,1460,19,10702,43674,13959,15,859303
756,1706585323.082419634,1706585323.182253361,1,0,0,1,53.983989758,-14.320845420,-0.057025214,-0.022829600,-0.012432759,-0.172432633,0.984678233,1515,699,0.461386139,0.034539638,0.022895738,0.015157871,0.246040569,50.051194887,0.000000000,0.236117613,0.060531634,2.609963898,0.085877566,49.171881473,0,69,67,2,0.045544554,14,0,0,0,0,1432,14,10714,43743,13973,15,860735
757,1706585323.183063507,1706585323.282896280,1,0,0,1,54.116262217,-14.371497284,-0.053234649,-0.024351898,-0.013812871,-0.173526764,0.984431131,1500,653,0.435333333,0.037990562,0.025574928,0.016974397,0.217421802,48.693603775,0.000000000,0.234875144,0.056433433,2.617006041,0.084545187,48.975532860,0,62,60,2,0.041333333,16,0,0,0,0,1422,16,10727,43805,13989,15,862157
758,1706585323.282909155,1706585323.382732868,1,0,0,1,54.233809202,-14.415103117,-0.045904552,-0.024044567,-0.017283399,-0.175644636,0.984008183,1515,670,0.442244224,0.034027455,0.023777315,0.015820963,0.259115556,46.598602633,0.000000000,0.236163335,0.050545548,2.605131404,0.083900538,48.779797467,0,72,69,3,0.047524752,17,0,0,0,0,1426,17,10737,43877,14006,15,863583
759,1706585323.382744789,1706585323.482570410,1,0,0,1,54.351901406,-14.473865599,-0.046169224,-0.025043463,-0.018104476,-0.177066207,0.983713684,1463,646,0.441558442,0.039402551,0.025188303,0.015950233,0.241227658,47.339457307,0.000000000,0.237570276,0.061101036,2.603774643,0.076398771,48.668590314,0,67,66,1,0.045796309,15,0,0,0,0,1381,15,10744,43944,14021,15,864964
760,1706585323.482582331,1706585323.582409143,1,0,0,1,54.479893710,-14.514938118,-0.042945058,-0.029301808,-0.025190117,-0.177728884,0.983320551,1454,619,0.425722146,0.038375303,0.026231080,0.016803076,0.246520911,46.126350564,0.000000000,0.239863602,0.064742894,2.588319676,0.072406606,48.290633934,0,65,62,3,0.044704264,14,0,0,0,0,1375,14,10757,44009,14035,15,866339
761,1706585323.582421541,1706585323.682233572,1,0,0,1,54.591866071,-14.561893413,-0.038199840,-0.023403309,-0.024429010,-0.176401723,0.983736723,1465,612,0.417747440,0.037572257,0.023926235,0.014838666,0.232803731,48.729045542,0.000000000,0.238720478,0.067453582,2.575974518,0.068488183,48.442414978,0,60,59,1,0.040955631,14,0,0,0,0,1391,14,10771,44069,14049,15,867730
762,1706585323.683046341,1706585323.782876968,1,0,0,1,54.730869313,-14.605661755,-0.026578574,-0.024366220,-0.024081482,-0.169494565,0.984935512,1478,652,0.441136671,0.032823100,0.023559676,0.014976993,0.236727913,50.142045045,0.000000000,0.239671233,0.068504406,2.599840828,0.077018692,48.554106686,0,74,71,3,0.050067659,11,0,0,0,0,1393,11,10783,44143,14060,15,869123
763,1706585323.782889128,1706585323.882013321,1,0,0,1,54.855175881,-14.657892194,-0.017305419,-0.021646635,-0.023182087,-0.162558076,0.986189072,1539,655,0.425601040,0.034309498,0.023302184,0.016386702,0.251477281,51.053449178,0.000000000,0.240600256,0.068147385,2.602507511,0.085650718,48.794967860,0,68,64,4,0.044184535,13,0,0,0,0,1455,16,10798,44211,14073,15,870578
764,1706585323.882723570,1706585323.980685949,1,0,0,1,54.988766694,-14.695888999,-0.002575656,-0.025225311,-0.017009311,-0.157626386,0.987030035,1564,683,0.436700767,0.035412279,0.025023837,0.015708616,0.295500320,53.300772249,0.000000000,0.244382981,0.066293021,2.607735835,0.092912558,49.021180189,0,84,77,7,0.053708440,20,0,0,0,0,1454,26,10820,44295,14093,15,872032
765,1706585323.982569456,1706585324.079373598,1,0,0,1,55.120082176,-14.733538628,0.006518798,-0.021691731,-0.012041801,-0.150206051,0.988343365,1593,704,0.441933459,0.038555433,0.024093636,0.017074452,0.309724331,53.278157006,0.000000000,0.247632354,0.068859491,2.603470878,0.106416189,49.396593864,0,87,85,2,0.054613936,16,0,0,0,0,1490,16,10833,44382,14109,15,873522
766,1706585324.082407236,1706585324.182229996,1,0,0,1,55.262259049,-14.792015154,0.009223876,-0.018694043,-0.007632137,-0.146287436,0.989036030,1572,724,0.460559796,0.034559509,0.022989909,0.015767253,0.336653962,55.618959080,0.000000000,0.251663848,0.067468640,2.617503787,0.110155991,49.973961517,0,77,71,6,0.048982188,17,0,0,0,0,1478,17,10860,44459,14126,15,875000
767,1706585324.183040619,1706585324.282877684,1,0,0,1,55.399736927,-14.833236508,0.002027915,-0.023531162,-0.006151774,-0.145906221,0.988999401,1630,730,0.447852761,0.039575910,0.025335913,0.017852209,0.346328799,56.414857869,0.000000000,0.257975339,0.069410370,2.612909399,0.100455047,50.303401274,0,72,70,2,0.044171779,20,0,0,0,0,1538,20,10874,44531,14146,15,876538
768,1706585324.282889366,1706585324.382717371,1,0,0,1,55.539221109,-14.886158061,0.005494773,-0.025725134,0.003997867,-0.150571585,0.988256258,1545,683,0.442071197,0.036421981,0.023486463,0.016427731,0.329812146,53.380621073,0.000000000,0.264058759,0.060111472,2.623678248,0.108862809,50.294111809,0,98,96,2,0.063430421,15,0,0,0,0,1432,15,10898,44629,14161,15,877970
769,1706585324.382728815,1706585324.482547998,1,0,0,1,55.672787984,-14.945949085,0.008164501,-0.020655787,0.004875056,-0.158925612,0.987062421,1465,661,0.451194539,0.035476795,0.023588364,0.016647276,0.298263450,52.187551949,0.000000000,0.267747469,0.058712799,2.621732948,0.119347336,50.364883193,0,68,65,3,0.046416382,14,0,0,0,0,1383,14,10916,44697,14175,15,879353
770,1706585324.482560396,1706585324.582392931,1,0,0,1,55.816650053,-15.000759350,0.002156588,-0.014133352,0.014776719,-0.160719782,0.986788249,1406,642,0.456614509,0.038872732,0.025134344,0.017796960,0.294018024,48.144890850,0.000000000,0.270531514,0.055203446,2.633501325,0.122059480,50.362568219,0,57,56,1,0.040540541,12,0,0,0,0,1337,12,10924,44754,14187,15,880690
771,1706585324.582405090,1706585324.682235479,1,0,0,1,55.963674165,-15.057029207,-0.002446760,-0.012205131,0.013010265,-0.157034541,0.987431983,1352,604,0.446745562,0.035951527,0.023383167,0.016586072,0.286484540,46.745543884,0.000000000,0.273279221,0.054787090,2.652004845,0.125971325,50.222374066,0,73,72,1,0.053994083,16,0,0,0,0,1263,16,10942,44827,14203,15,881953
772,1706585324.683045387,1706585324.782879353,1,0,0,1,56.099150129,-15.107614174,-0.007211557,-0.012974744,0.012864827,-0.154623586,0.987804484,1386,635,0.458152958,0.034694201,0.022851229,0.016227126,0.279855476,49.199655199,0.000000000,0.274112692,0.055593507,2.669706646,0.127582661,50.314885117,0,76,74,2,0.054834055,12,0,0,0,0,1298,12,10960,44903,14215,15,883251
773,1706585324.782891035,1706585324.882726669,1,0,0,1,56.243581635,-15.161828416,-0.010057548,-0.008098653,0.014582615,-0.151296298,0.988347707,1366,613,0.448755490,0.036000426,0.023665899,0.016031047,0.269304241,48.106231403,0.000000000,0.274042871,0.053596584,2.698643634,0.130186081,50.332288868,0,58,54,4,0.042459736,14,0,0,0,0,1294,14,10972,44961,14229,15,884545
774,1706585324.882738113,1706585324.982561588,1,0,0,1,56.367610434,-15.209771627,-0.012430433,-0.005484512,0.005849870,-0.146561461,0.989169064,1417,646,0.455892731,0.034602635,0.021778007,0.015647314,0.269814771,51.514455706,0.000000000,0.274421243,0.053702779,2.689793343,0.135295893,50.368947756,0,74,73,1,0.052223006,19,0,0,0,0,1324,19,10983,45035,14248,15,885869
775,1706585324.982573509,1706585325.082403660,1,0,0,1,56.501867700,-15.245004306,-0.011581512,-0.005427240,0.006671599,-0.138590114,0.990312484,1472,675,0.458559783,0.037283725,0.025895227,0.017325216,0.326978673,52.688911500,0.000000000,0.278703708,0.053773926,2.688474520,0.149690205,50.465717835,0,75,73,2,0.050951087,22,0,0,0,0,1375,22,11004,45110,14270,15,887244
776,1706585325.082415819,1706585325.181545496,1,0,0,1,56.624817554,-15.277314405,-0.013211550,-0.007611487,0.003373488,-0.127602545,0.991790439,1506,699,0.464143426,0.038324300,0.025967772,0.017134893,0.334982884,50.449596544,0.000000000,0.283150823,0.053534950,2.673919612,0.169769841,50.485637918,0,77,74,3,0.051128818,17,0,0,0,0,1412,17,11019,45187,14287,15,888656
777,1706585325.183054447,1706585325.280285835,1,0,0,1,56.744782371,-15.304000629,-0.012112990,-0.006337400,-0.000233920,-0.116871952,0.993126744,1527,691,0.452521284,0.034644745,0.021976093,0.015596588,0.312531446,52.245416088,0.000000000,0.287906306,0.054040510,2.671233097,0.187234470,50.663228534,0,95,86,9,0.062213491,13,0,0,0,0,1416,16,11045,45282,14300,15,890072
778,1706585325.282894850,1706585325.379049540,1,0,0,1,56.867179592,-15.327185104,-0.001794026,-0.006248086,0.001292087,-0.113454277,0.993522732,1530,715,0.467320261,0.037811786,0.025298701,0.017154716,0.280489358,54.179848909,0.000000000,0.288974996,0.052373307,2.664328651,0.191270349,51.042290847,0,121,118,3,0.079084967,18,0,0,0,0,1390,19,11072,45403,14318,15,891462
779,1706585325.382731438,1706585325.482567310,1,0,0,1,56.994616410,-15.346402735,0.001213627,-0.008991729,-0.001669688,-0.111478324,0.993724783,1519,710,0.467412772,0.035694616,0.024824959,0.017011047,0.329469893,49.309704709,0.000000000,0.293387107,0.049599647,2.658781861,0.194360545,51.140803217,0,82,79,3,0.053982883,19,0,0,0,0,1418,19,11095,45485,14337,15,892880
780,1706585325.482579708,1706585325.582416058,1,0,0,1,57.098876513,-15.369945296,0.014373861,-0.009777258,-0.002020591,-0.106877398,0.994222080,1476,700,0.474254743,0.037627093,0.024429122,0.016449857,0.261828390,53.439232439,0.000000000,0.294152481,0.048686002,2.644962238,0.201273339,51.506447311,0,87,86,1,0.058943089,20,0,0,0,0,1369,20,11110,45572,14357,15,894249
781,1706585325.582427263,1706585325.682259321,1,0,0,1,57.205199299,-15.396152691,0.018669988,-0.010881807,-0.004604021,-0.102578115,0.994654774,1508,675,0.447612732,0.040048383,0.024014624,0.015790862,0.262219898,56.185851716,0.000000000,0.295623290,0.052999481,2.608357773,0.195891137,51.879287620,0,99,96,3,0.065649867,24,0,0,0,0,1385,24,11143,45671,14381,15,895634
782,1706585325.683069229,1706585325.782899618,1,0,0,1,57.330702887,-15.428240600,0.012717356,-0.009306094,-0.007862649,-0.099722238,0.994940727,1463,714,0.488038278,0.037080150,0.025656781,0.016991804,0.267982085,51.579377514,0.000000000,0.297185998,0.047672146,2.602882878,0.187740515,51.951154243,0,72,70,2,0.049213944,17,0,0,0,0,1374,17,11160,45743,14398,15,897008
783,1706585325.782912731,1706585325.882734299,1,0,0,1,57.463999188,-15.451352809,0.002042120,-0.011221952,-0.004995494,-0.095069503,0.995394848,1418,645,0.454866008,0.034610721,0.022035408,0.014607635,0.229064621,54.060977290,0.000000000,0.296065365,0.047133646,2.598920303,0.187066896,52.101530649,0,71,68,3,0.050070522,15,0,0,0,0,1332,15,11174,45814,14413,15,898340
784,1706585325.882745743,1706585325.982575417,1,0,0,1,57.606246193,-15.472191896,0.000471306,-0.016096676,0.001254133,-0.093982988,0.995442877,1422,653,0.459212377,0.035439732,0.024221818,0.016324160,0.257708356,54.225422066,0.000000000,0.294175767,0.047105071,2.605785661,0.174373350,52.147763140,0,70,68,2,0.049226442,15,0,0,0,0,1337,15,11188,45884,14428,15,899677
785,1706585325.982587814,1706585326.082398891,1,0,0,1,57.760440398,-15.495249724,-0.004683463,-0.015569614,0.008884316,-0.092761080,0.995527015,1358,615,0.452871870,0.036512337,0.022640896,0.015695963,0.254527660,50.260950201,0.000000000,0.291415934,0.045722172,2.608022956,0.168852557,51.996902800,0,52,52,0,0.038291605,13,0,0,0,0,1293,13,11199,45936,14441,15,900970
786,1706585326.082410574,1706585326.182230473,1,0,0,1,57.897697244,-15.539510746,-0.006531879,-0.005178434,0.009222049,-0.086875155,0.996163061,1331,582,0.437265214,0.035760059,0.022322256,0.015907507,0.241470446,50.360418344,0.000000000,0.286656758,0.044220935,2.608546507,0.180017489,51.733975763,0,59,57,2,0.044327573,9,0,0,0,0,1263,9,11213,45995,14450,15,902233
787,1706585326.183040380,1706585326.282866240,1,0,0,1,58.033269420,-15.586128836,-0.014836648,0.008583188,0.006114295,-0.081821222,0.996591306,1343,627,0.466865227,0.039281478,0.024149205,0.016610733,0.290379979,46.571678515,0.000000000,0.283859317,0.043534225,2.602923739,0.180494561,51.241816795,0,50,48,2,0.037230082,17,0,0,0,0,1276,17,11228,46045,14467,15,903509
788,1706585326.282878160,1706585326.382556438,1,0,0,1,58.161371413,-15.609433959,-0.008145571,0.007545096,0.007291115,-0.076883555,0.996984870,1250,538,0.430400000,0.037135628,0.025676323,0.017946147,0.258617238,46.119826664,0.000000000,0.280299571,0.043585826,2.586936931,0.173459803,50.878777075,0,61,60,1,0.048800000,9,0,0,0,0,1180,9,11240,46106,14476,15,904689
789,1706585326.382718563,1706585326.481328487,1,0,0,1,58.291722398,-15.615573700,-0.003830904,-0.004167562,0.001991328,-0.069125099,0.997597307,1214,552,0.454695222,0.035108917,0.023447401,0.016852207,0.219894759,47.914828387,0.000000000,0.276381137,0.044027271,2.563437019,0.184933369,50.665140896,0,68,66,2,0.056013180,12,0,0,0,0,1133,13,11252,46174,14488,15,905822
790,1706585326.482563496,1706585326.580006361,1,0,0,1,58.428685879,-15.618188320,0.000377421,-0.016653694,0.009390731,-0.063939110,0.997770644,1184,520,0.439189189,0.039263554,0.024803722,0.017081881,0.245678320,44.724091713,0.000000000,0.273964152,0.044801566,2.542998566,0.187458281,50.494100940,0,48,45,3,0.040540541,14,0,0,0,0,1120,16,11261,46222,14502,15,906942
791,1706585326.582413435,1706585326.678827047,1,0,0,1,58.568879401,-15.628450532,-0.000556073,-0.016894231,0.006268776,-0.057901066,0.998159684,1110,519,0.467567568,0.036233191,0.025984047,0.016804854,0.231770772,48.423542340,0.000000000,0.271228463,0.044653471,2.538879997,0.194794511,50.578000862,0,38,36,2,0.034234234,10,0,0,0,0,1061,11,11269,46260,14512,15,908003
792,1706585326.683053970,1706585326.782880306,1,0,0,1,58.708469307,-15.646773668,0.000606268,-0.016182108,0.003786598,-0.050993204,0.998560711,1096,482,0.439781022,0.035286825,0.026081042,0.017240432,0.260034928,41.415146016,0.000000000,0.270237436,0.043779530,2.525374568,0.201929674,50.188775403,0,37,36,1,0.033759124,9,0,0,0,0,1050,9,11275,46297,14521,15,909053
793,1706585326.782892227,1706585326.882635593,1,0,0,1,58.848475159,-15.671065792,0.000176153,-0.008172341,0.003728173,-0.046655494,0.998870651,1049,481,0.458531935,0.034133018,0.022456181,0.015863942,0.235298202,44.742074758,0.000000000,0.268537134,0.046324384,2.534479180,0.200850346,50.020567571,0,46,44,2,0.043851287,10,0,0,0,0,993,10,11286,46343,14531,15,910046
794,1706585326.882735252,1706585326.981530428,1,0,0,1,58.975631534,-15.681767474,0.005042892,-0.006947638,-0.001321892,-0.044350336,0.998991006,1039,457,0.439846006,0.034036421,0.024234796,0.017332080,0.264606131,41.923664331,0.000000000,0.268276702,0.047381411,2.523371974,0.189449843,49.541028002,0,38,38,0,0.036573628,5,0,0,0,0,996,5,11289,46381,14536,15,911042
795,1706585326.982579470,1706585327.082391024,1,0,0,1,59.128947967,-15.695404170,0.004453918,-0.014072287,-0.001260501,-0.043803475,0.998940257,1018,445,0.437131631,0.038646541,0.025300393,0.018645960,0.228993783,46.401262478,0.000000000,0.263377457,0.048736946,2.550159962,0.168358381,49.226645551,0,49,44,5,0.048133595,10,0,0,0,0,959,10,11300,46430,14546,15,912001
796,1706585327.082414865,1706585327.182242870,1,0,0,1,59.273200262,-15.703427154,-0.005659627,-0.022307390,0.007150995,-0.039952503,0.998926945,1051,469,0.446241675,0.037192174,0.024237429,0.015904662,0.272413344,44.800137602,0.000000000,0.260248980,0.047802909,2.572086676,0.154041245,48.944172604,0,22,22,0,0.020932445,8,0,0,0,0,1021,8,11305,46452,14554,15,913022
797,1706585327.183053493,1706585327.282873392,1,0,0,1,59.407709459,-15.733617276,-0.010820811,-0.015516905,0.009793016,-0.038706619,0.999082139,1021,451,0.441723800,0.034642653,0.023469430,0.016230268,0.272073182,40.957766835,0.000000000,0.258226067,0.047806208,2.585038538,0.149672668,48.379790141,0,50,46,4,0.048971596,9,0,0,0,0,962,9,11319,46502,14563,15,913984
798,1706585327.282884836,1706585327.382704973,1,0,0,1,59.537907831,-15.773701407,-0.019194487,-0.001981401,0.015195341,-0.041599424,0.999016848,1035,480,0.463768116,0.036143259,0.026863277,0.017991927,0.233592334,41.979140243,0.000000000,0.255881216,0.047334161,2.592611916,0.151220464,47.769754708,0,39,39,0,0.037681159,11,0,0,0,0,985,11,11327,46541,14574,15,914969
799,1706585327.382716894,1706585327.482549191,1,0,0,1,59.669091544,-15.797783830,-0.021329872,0.001521005,0.018779346,-0.050636256,0.998539429,1042,491,0.471209213,0.033528887,0.022562320,0.015159160,0.224582036,44.901738501,0.000000000,0.250636823,0.050526276,2.618312690,0.159953996,47.549356398,0,43,41,2,0.041266795,8,0,0,0,0,991,8,11338,46584,14582,15,915960
800,1706585327.482561111,1706585327.582400322,1,0,0,1,59.790463977,-15.804037090,-0.012788669,-0.012893858,0.007574702,-0.057602154,0.998227611,1088,490,0.450367647,0.033551051,0.023627361,0.015657747,0.242129818,44.800422068,0.000000000,0.249651895,0.052896195,2.630556546,0.165401794,47.117415879,0,44,43,1,0.040441176,8,0,0,0,0,1036,8,11350,46628,14590,15,916996
801,1706585327.582412004,1706585327.682236433,1,0,0,1,59.913187077,-15.800259484,-0.020367563,-0.024057744,0.003019721,-0.068119895,0.997382467,1129,515,0.456155890,0.036089268,0.025989105,0.017885970,0.279958796,46.224095045,0.000000000,0.250538840,0.047134023,2.623894099,0.180620120,46.619328045,0,68,66,2,0.060230292,13,0,0,0,0,1048,13,11358,46696,14603,15,918044
802,1706585327.683045149,1706585327.781077623,1,0,0,1,60.040432863,-15.822440793,-0.021180668,-0.019400623,0.005106489,-0.082740080,0.996369218,1168,558,0.477739726,0.036744770,0.026920833,0.016137685,0.251186526,44.277007919,0.000000000,0.249699062,0.046897704,2.617355578,0.200677476,46.254209566,0,65,62,3,0.055650685,8,0,0,0,0,1094,9,11371,46761,14611,15,919138
803,1706585327.782887697,1706585327.879977465,1,0,0,1,60.154478598,-15.872423961,-0.016616267,-0.012945334,-0.003997531,-0.093191186,0.995556046,1282,581,0.453198128,0.034824344,0.024850026,0.015376027,0.294475811,47.202082231,0.000000000,0.252969621,0.046662400,2.598183326,0.219325473,45.911264813,0,62,59,3,0.048361934,9,0,0,0,0,1209,11,11387,46823,14620,15,920347
804,1706585327.882734776,1706585327.982552528,1,0,0,1,60.274366146,-15.903386922,-0.010645844,-0.010488908,-0.000728779,-0.107252564,0.994176211,1377,639,0.464052288,0.040072334,0.027718088,0.019861954,0.261311534,49.810410565,0.000000000,0.253149780,0.052316648,2.566154673,0.245478124,45.690514238,0,73,69,4,0.053013798,18,0,0,0,0,1285,19,11399,46896,14638,15,921632
805,1706585327.982565403,1706585328.082397699,1,0,0,1,60.399754087,-15.943576058,-0.014263775,-0.012410884,-0.000637372,-0.119355456,0.992773811,1504,675,0.448803191,0.036677147,0.024992271,0.017184743,0.328794761,49.484404724,0.000000000,0.256863135,0.052350520,2.553646932,0.257856722,45.651686964,0,102,98,4,0.067819149,26,0,0,0,0,1376,26,11419,46998,14664,15,923008
806,1706585328.082410336,1706585328.182249308,1,0,0,1,60.533742560,-15.992401932,-0.020579934,-0.010247755,0.009210061,-0.130517685,0.991350237,1511,689,0.455989411,0.037163957,0.026235793,0.017759434,0.331882921,50.532754630,0.000000000,0.261383759,0.052462392,2.552790432,0.270234630,45.660303778,0,78,75,3,0.051621443,21,0,0,0,0,1412,21,11437,47076,14685,15,924420
807,1706585328.183058023,1706585328.282894850,1,0,0,1,60.664876293,-16.045465921,-0.020132594,-0.012400244,0.017256121,-0.145646129,0.989108520,1427,669,0.468815697,0.038647761,0.027120731,0.017916230,0.329337698,46.953128825,0.000000000,0.263331645,0.051257211,2.563877907,0.291193318,45.679376294,0,70,68,2,0.049053959,15,0,0,0,0,1342,15,11454,47146,14700,15,925762
808,1706585328.282907248,1706585328.382739782,1,0,0,1,60.800152474,-16.083220756,-0.019449596,-0.020839591,0.023603394,-0.156512015,0.987174038,1349,650,0.481838399,0.041781270,0.028525008,0.019549212,0.318840379,47.196968025,0.000000000,0.266342802,0.060587376,2.573758734,0.298349486,45.733233362,0,84,82,2,0.062268347,24,0,0,0,0,1241,24,11468,47230,14724,15,927003
809,1706585328.382750988,1706585328.482597589,1,0,0,1,60.930791937,-16.139241328,-0.015221529,-0.014775401,0.013006093,-0.160977163,0.986761816,1401,630,0.449678801,0.037779006,0.024508714,0.017485986,0.295024557,48.478090364,0.000000000,0.270099292,0.060182927,2.578912742,0.296573495,45.761396461,0,61,58,3,0.043540328,18,0,0,0,0,1322,18,11488,47291,14742,15,928325
810,1706585328.482609034,1706585328.582437038,1,0,0,1,61.031579102,-16.208553432,-0.021145160,-0.005736858,-0.014353535,-0.164815241,0.986203326,1468,639,0.435286104,0.038111916,0.025701943,0.017195778,0.320173844,47.872012059,0.000000000,0.273824068,0.058761971,2.560804528,0.291674587,45.918792478,0,79,78,1,0.053814714,26,0,0,0,0,1363,26,11504,47370,14768,15,929688
811,1706585328.582449198,1706585328.682258606,1,0,0,1,61.134949942,-16.267098347,-0.024023960,0.005285015,-0.028351135,-0.165223335,0.985834434,1587,692,0.436042848,0.037347734,0.025358804,0.016471227,0.301821513,50.583431773,0.000000000,0.277326605,0.058812837,2.538845557,0.279311895,46.026786950,0,90,90,0,0.056710775,9,0,0,0,0,1488,9,11521,47460,14777,15,931176
812,1706585328.683068991,1706585328.782898188,1,0,0,1,61.249955469,-16.324643284,-0.025649572,0.012475499,-0.027870752,-0.161783514,0.986353728,1572,725,0.461195929,0.037466590,0.023814200,0.016408708,0.301223193,49.451302049,0.000000000,0.279386018,0.058226565,2.525356471,0.277213294,46.428594751,0,72,69,3,0.045801527,23,0,0,0,0,1477,23,11535,47532,14800,15,932653
813,1706585328.782909870,1706585328.882755756,1,0,0,1,61.374027705,-16.387846633,-0.029872215,0.021329809,-0.021924435,-0.165355142,0.985759623,1615,713,0.441486068,0.038305903,0.026105597,0.018133516,0.303140978,52.533206142,0.000000000,0.282778157,0.056252942,2.536964689,0.279797848,46.818151320,0,74,70,4,0.045820433,19,0,0,0,0,1522,19,11550,47606,14819,15,934175
814,1706585328.882766962,1706585328.982179165,1,0,0,1,61.496277164,-16.426294499,-0.016494141,0.011337891,-0.003036408,-0.173090005,0.984836069,1495,673,0.450167224,0.036558762,0.024067405,0.015842420,0.329881353,47.606874475,0.000000000,0.286041918,0.053199435,2.511891164,0.293373817,47.102311828,0,60,59,1,0.040133779,14,0,0,0,0,1421,14,11555,47666,14833,15,935596
815,1706585328.982614517,1706585329.080909491,1,0,0,1,61.610936431,-16.440452731,-0.006063600,-0.009231212,0.003067198,-0.178825179,0.983832777,1396,652,0.467048711,0.039912272,0.027753848,0.018005348,0.299493911,45.764425974,0.000000000,0.289566925,0.054964395,2.483062377,0.297660664,47.070470002,0,87,83,4,0.062320917,14,0,0,0,0,1294,15,11569,47753,14847,15,936890
816,1706585329.082445621,1706585329.179759264,1,0,0,1,61.731477929,-16.455874568,0.005066364,-0.033780960,0.003551291,-0.185496059,0.982057762,1368,642,0.469298246,0.040567782,0.026682300,0.018121199,0.327142226,46.547486710,0.000000000,0.292303369,0.058298547,2.467142819,0.308722548,47.157837458,0,54,52,2,0.039473684,21,0,0,0,0,1292,22,11576,47807,14868,15,938182
817,1706585329.183089972,1706585329.282918930,1,0,0,1,61.857812946,-16.498314716,0.011803417,-0.039584455,0.009527225,-0.193348202,0.980285048,1349,605,0.448480356,0.038589230,0.027153017,0.018261412,0.322264506,41.273141575,0.000000000,0.294812935,0.056075498,2.464099868,0.319576969,47.173606195,0,61,60,1,0.045218681,14,0,0,0,0,1274,14,11584,47868,14882,15,939456
818,1706585329.282929897,1706585329.382758856,1,0,0,1,61.970772522,-16.559582267,0.010143316,-0.034129825,0.003374556,-0.197938944,0.979614180,1323,581,0.439153439,0.037428633,0.025465701,0.016732097,0.290734720,40.616602639,0.000000000,0.297670054,0.055374504,2.459222772,0.310476308,47.105479315,0,53,51,2,0.040060469,13,0,0,0,0,1257,13,11598,47921,14895,15,940713
819,1706585329.382770300,1706585329.482610941,1,0,0,1,62.084786657,-16.629666679,0.007629849,-0.021975323,0.001582284,-0.200957373,0.979352192,1303,591,0.453568688,0.034805631,0.024218273,0.016385824,0.273630174,42.251374770,0.000000000,0.300122461,0.052414159,2.471245359,0.302459024,46.972961128,0,57,57,0,0.043745203,10,0,0,0,0,1236,10,11607,47978,14905,15,941949
820,1706585329.482623100,1706585329.582446575,1,0,0,1,62.206293259,-16.696468081,0.010402163,-0.023452997,0.002962619,-0.203194265,0.978853038,1241,556,0.448025786,0.037582864,0.026000427,0.017298393,0.243378686,43.555360978,0.000000000,0.300184904,0.045941892,2.486917023,0.286091284,46.910708074,0,49,48,1,0.039484287,10,0,0,0,0,1182,10,11613,48027,14915,15,943131
821,1706585329.582458496,1706585329.682280064,1,0,0,1,62.313312031,-16.750324632,0.019624652,-0.030435630,0.002075879,-0.209647462,0.977301031,1280,561,0.438281250,0.040673097,0.027863999,0.016841518,0.288737467,38.416804459,0.000000000,0.300623838,0.047178177,2.477910564,0.269801862,46.520343544,0,37,37,0,0.028906250,14,0,0,0,0,1229,14,11621,48064,14929,15,944360
822,1706585329.683092356,1706585329.782920122,1,0,0,1,62.436578295,-16.813223923,0.014248699,-0.025716153,0.001422101,-0.210802404,0.977189339,1206,545,0.451907131,0.036167941,0.023462796,0.015871401,0.248602377,38.197709267,0.000000000,0.300494631,0.047877424,2.491800008,0.251465830,46.216378612,0,30,28,2,0.024875622,9,0,0,0,0,1167,9,11627,48094,14938,15,945527
823,1706585329.782932043,1706585329.882769823,1,0,0,1,62.572002289,-16.870840996,0.013523046,-0.028913519,0.002469236,-0.206327783,0.978052533,1209,541,0.447477254,0.036897713,0.024686954,0.017075825,0.231941073,37.543955158,0.000000000,0.297367894,0.044317174,2.515007858,0.232229583,45.733472258,0,41,40,1,0.033912324,8,0,0,0,0,1160,8,11634,48135,14946,15,946687
824,1706585329.882780790,1706585329.982613087,1,0,0,1,62.712144435,-16.924945168,0.005486642,-0.023318927,0.002809371,-0.197736947,0.979973691,1251,568,0.454036771,0.034254860,0.024530367,0.017279086,0.278920913,40.973632933,0.000000000,0.298248363,0.048235612,2.533725220,0.225365878,45.291633376,0,42,40,2,0.033573141,5,0,0,0,0,1204,5,11641,48177,14951,15,947891
825,1706585329.982625484,1706585330.082465887,1,0,0,1,62.842442585,-16.977253749,0.007650197,-0.019320779,0.000790451,-0.184815320,0.982583014,1337,599,0.448017951,0.037854061,0.024304047,0.016899884,0.268357026,42.746527024,0.000000000,0.295226476,0.047647607,2.531400486,0.229020174,44.954739491,0,42,40,2,0.031413613,13,0,0,0,0,1282,13,11651,48219,14964,15,949173
826,1706585330.082477331,1706585330.182303190,1,0,0,1,62.974868071,-17.020676714,0.001987426,-0.016683730,0.002331034,-0.173309841,0.984723270,1397,626,0.448103078,0.036538949,0.023929613,0.015912626,0.303776694,45.530686494,0.000000000,0.293821164,0.048154436,2.529414621,0.221477081,44.704636085,0,65,63,2,0.046528275,11,0,0,0,0,1321,11,11664,48284,14975,15,950494
827,1706585330.182715178,1706585330.281915188,1,0,0,1,63.102576639,-17.067411481,0.000490541,-0.019846098,0.001938070,-0.166984195,0.985757909,1442,685,0.475034674,0.037498972,0.025090584,0.016748402,0.284820738,48.189757121,0.000000000,0.291595316,0.048028460,2.524966458,0.211736218,44.766467499,0,74,72,2,0.051317614,10,0,0,0,0,1357,11,11673,48358,14985,15,951851
828,1706585330.282551527,1706585330.380759239,1,0,0,1,63.209408722,-17.104392270,0.000201382,-0.021289162,0.003208033,-0.168092019,0.985536176,1477,708,0.479350034,0.040336145,0.026829930,0.019212516,0.296420699,49.176423293,0.000000000,0.290474332,0.044517339,2.495811397,0.205707671,44.865440263,0,76,75,1,0.051455653,24,0,0,0,0,1376,25,11679,48434,15009,15,953227
829,1706585330.382392883,1706585330.479694366,1,0,0,1,63.321720331,-17.143359872,0.004617981,-0.024040588,0.000698284,-0.172246045,0.984760307,1475,668,0.452881356,0.038808950,0.025565014,0.017188697,0.311557073,47.491141170,0.000000000,0.291300958,0.044888089,2.492309559,0.206705906,44.816092803,0,62,58,4,0.042033898,20,0,0,0,0,1393,20,11692,48496,15029,15,954620
830,1706585330.483024597,1706585330.582831860,1,0,0,1,63.437778345,-17.192981970,0.015369056,-0.025558164,0.001699642,-0.178520622,0.983602704,1430,623,0.435664336,0.038096594,0.026183513,0.017457922,0.276299742,44.654259649,0.000000000,0.289107253,0.044885183,2.500154713,0.217924241,44.655205183,0,55,52,3,0.038461538,11,0,0,0,0,1364,11,11700,48551,15040,15,955984
831,1706585330.582843542,1706585330.682672977,1,0,0,1,63.562163439,-17.240728584,0.020088323,-0.026260805,-0.000596584,-0.182800669,0.982799028,1389,606,0.436285097,0.037267694,0.025942756,0.017270793,0.297083889,41.080354589,0.000000000,0.288870372,0.044919591,2.504863384,0.219868442,44.180051323,0,52,49,3,0.037437005,16,0,0,0,0,1321,16,11710,48603,15056,15,957305
832,1706585330.682684660,1706585330.782509565,1,0,0,1,63.681879826,-17.293349101,0.020184534,-0.021570588,0.001298571,-0.187557493,0.982015891,1341,596,0.444444444,0.037218166,0.026547167,0.018912240,0.266240263,42.254476868,0.000000000,0.287121225,0.045018012,2.496327047,0.222389326,43.820210064,0,38,37,1,0.028337062,16,0,0,0,0,1287,16,11715,48641,15072,15,958592
833,1706585330.782521725,1706585330.882339716,1,0,0,1,63.789001234,-17.344509342,0.020398464,-0.021780353,-0.003055320,-0.190080676,0.981522092,1344,648,0.482142857,0.039952886,0.027122989,0.018656682,0.281096746,42.483031247,0.000000000,0.286019014,0.046578537,2.486189215,0.212659951,43.317701320,0,61,60,1,0.045386905,15,0,0,0,0,1268,15,11723,48702,15087,15,959860
834,1706585330.882750750,1706585330.982581377,1,0,0,1,63.908226820,-17.393969351,0.021300024,-0.024431921,-0.000724566,-0.188145555,0.981836955,1386,612,0.441558442,0.038951787,0.024878104,0.016639081,0.301703076,42.348406343,0.000000000,0.284610100,0.046153684,2.499269991,0.204889329,43.054777913,0,66,65,1,0.047619048,19,0,0,0,0,1301,19,11734,48768,15106,15,961161
835,1706585330.982593775,1706585331.082418680,1,0,0,1,64.018347789,-17.435405116,0.023976680,-0.022973940,-0.002782446,-0.183157574,0.982811151,1372,635,0.462827988,0.040621185,0.025803114,0.018097212,0.290376768,42.466732437,0.000000000,0.284154243,0.047307846,2.494926424,0.201554697,42.889893236,0,54,53,1,0.039358601,15,0,0,0,0,1303,15,11740,48822,15121,15,962464
836,1706585331.082431316,1706585331.181620836,1,0,0,1,64.134941436,-17.478093690,0.019663566,-0.017987309,-0.005931961,-0.175200111,0.984350644,1434,654,0.456066946,0.037759687,0.023780260,0.017182467,0.291229066,45.424615138,0.000000000,0.282358585,0.044878705,2.485720872,0.201332135,42.833749658,0,40,40,0,0.027894003,24,0,0,0,0,1370,24,11748,48862,15145,15,963834
837,1706585331.183081627,1706585331.282920122,1,0,0,1,64.253867778,-17.528829335,0.020613101,-0.022936982,-0.000246368,-0.170600965,0.985073167,1402,646,0.460770328,0.040529183,0.025611990,0.016689938,0.294511211,48.449206762,0.000000000,0.280970920,0.047173285,2.486504949,0.201631300,43.192552917,0,65,63,2,0.046362340,18,0,0,0,0,1319,18,11761,48927,15163,15,965153
838,1706585331.282931566,1706585331.382751942,1,0,0,1,64.360166527,-17.576624899,0.024656570,-0.026103870,-0.002782373,-0.163570250,0.986182346,1479,656,0.443542934,0.038586546,0.024988746,0.016950707,0.290876209,45.519365491,0.000000000,0.280977995,0.047115387,2.469269037,0.209904693,43.437691060,0,64,64,0,0.043272481,19,0,0,0,0,1396,19,11772,48991,15182,15,966549
839,1706585331.382763863,1706585331.482580662,1,0,0,1,64.482080501,-17.617193405,0.033051224,-0.026242196,-0.003309901,-0.157465583,0.987170189,1556,715,0.459511568,0.039822336,0.027445023,0.018573085,0.318306587,47.010651570,0.000000000,0.283211815,0.043658079,2.459343052,0.217676382,43.675654900,0,79,77,2,0.050771208,12,0,0,0,0,1465,12,11792,49070,15194,15,968014
840,1706585331.482592821,1706585331.581982851,1,0,0,1,64.601132173,-17.655542028,0.036177054,-0.020968939,-0.002804830,-0.156316665,0.987480398,1564,706,0.451406650,0.042473420,0.028467601,0.019465471,0.337135292,47.846392425,0.000000000,0.287899646,0.049202527,2.464297028,0.206813911,43.890206472,0,81,77,4,0.051790281,25,0,0,0,0,1458,25,11811,49151,15219,15,969472
841,1706585331.582418203,1706585331.680931807,1,0,0,1,64.724547550,-17.700956801,0.035726558,-0.024621278,-0.004023002,-0.157775714,0.987159780,1557,703,0.451509313,0.040226199,0.028113467,0.018226854,0.367876322,45.714672414,0.000000000,0.291856588,0.048631556,2.457312777,0.207306502,44.255099870,0,82,79,3,0.052665382,22,0,0,0,0,1452,23,11829,49233,15241,15,970924
842,1706585331.683061838,1706585331.782887459,1,0,0,1,64.847367679,-17.745117136,0.039784976,-0.020607444,-0.008013731,-0.161854199,0.986566942,1536,646,0.420572917,0.039645640,0.027963228,0.018364580,0.341643312,43.611704409,0.000000000,0.296508635,0.046767421,2.440720681,0.206378985,44.525799627,0,85,78,7,0.055338542,16,0,0,0,0,1435,16,11847,49318,15257,15,972359
843,1706585331.782899141,1706585331.882727146,1,0,0,1,64.963569796,-17.794672589,0.042022483,-0.017096155,-0.007649342,-0.170839135,0.985120906,1501,611,0.407061959,0.041740089,0.029022682,0.020255367,0.337977589,44.316695533,0.000000000,0.301810461,0.048268349,2.416629896,0.207194377,44.864436645,0,75,72,3,0.049966689,13,0,0,0,0,1412,14,11866,49393,15270,15,973771
844,1706585331.882740021,1706585331.982568979,1,0,0,1,65.070337266,-17.827942961,0.050485440,-0.021869478,-0.017376361,-0.175866913,0.984017590,1499,673,0.448965977,0.038758529,0.025439763,0.016891290,0.298167832,45.869906196,0.000000000,0.302772807,0.039541045,2.388358337,0.190642968,45.109250309,0,71,67,4,0.047364910,20,0,0,0,0,1407,21,11884,49464,15290,15,975178
845,1706585331.982580423,1706585332.082414865,1,0,0,1,65.189951667,-17.867510384,0.046424024,-0.026245725,-0.013917953,-0.184442980,0.982394137,1448,621,0.428867403,0.041253467,0.027037737,0.018967463,0.297620758,40.743787465,0.000000000,0.304235993,0.040293820,2.374934552,0.184697827,45.009113331,0,65,62,3,0.044889503,10,0,0,0,0,1373,10,11898,49529,15300,15,976551
846,1706585332.082426786,1706585332.182251215,1,0,0,1,65.294754590,-17.927127453,0.048199261,-0.028975756,-0.012278636,-0.191872269,0.980915222,1391,564,0.405463695,0.037381804,0.023047282,0.015960352,0.296015853,39.421462881,0.000000000,0.303847951,0.038618099,2.359521141,0.186939581,44.703652150,0,61,60,1,0.043853343,19,0,0,0,0,1311,19,11910,49590,15319,15,977862
847,1706585332.183060646,1706585332.282893419,1,0,0,1,65.391210997,-17.992307864,0.050580184,-0.020236799,-0.012851510,-0.197096691,0.980090917,1338,571,0.426756353,0.038266227,0.026876417,0.017449322,0.280672601,43.111305886,0.000000000,0.303640544,0.037617783,2.362907929,0.195561391,44.449729588,0,51,47,4,0.038116592,10,0,0,0,0,1277,10,11920,49641,15329,15,979139
848,1706585332.282905102,1706585332.382403851,1,0,0,1,65.476687822,-18.057345198,0.054986993,-0.014522769,-0.015655376,-0.207270955,0.978050484,1252,549,0.438498403,0.041580234,0.027477531,0.018582883,0.266478456,38.367083253,0.000000000,0.302143432,0.039165585,2.351443066,0.208185985,43.909262586,0,58,56,2,0.046325879,12,0,0,0,0,1182,12,11933,49699,15341,15,980321
849,1706585332.382741690,1706585332.480790615,1,0,0,1,65.573596351,-18.085127925,0.070005990,-0.024156384,-0.015183293,-0.212580320,0.976726955,1222,515,0.421440262,0.039658446,0.026261388,0.017609173,0.249666321,37.616039354,0.000000000,0.299048895,0.038959810,2.326689767,0.205932890,43.415507496,0,65,63,2,0.053191489,12,0,0,0,0,1145,12,11940,49764,15353,15,981466
850,1706585332.482574940,1706585332.582406044,1,0,0,1,65.672800303,-18.134274383,0.078411606,-0.027923954,-0.020325714,-0.210892457,0.976898915,1210,496,0.409917355,0.037506800,0.026304493,0.018485989,0.243192553,37.850700539,0.000000000,0.297393535,0.039793322,2.304400930,0.201096188,43.075329540,0,44,43,1,0.036363636,8,0,0,0,0,1158,8,11947,49808,15361,15,982624
851,1706585332.582417965,1706585332.682244539,1,0,0,1,65.784472998,-18.175511719,0.088065286,-0.029203654,-0.019979566,-0.211984923,0.976632150,1192,512,0.429530201,0.037773218,0.025665983,0.018804755,0.279946973,39.731523543,0.000000000,0.296536689,0.038963868,2.293064454,0.193480858,43.007887988,0,47,45,2,0.039429530,10,0,0,0,0,1135,10,11955,49855,15371,15,983759
852,1706585332.683056355,1706585332.782884836,1,0,0,1,65.886816443,-18.225990743,0.099143328,-0.028858356,-0.021923400,-0.209397582,0.977158745,1245,519,0.416867470,0.038343297,0.028698489,0.018342834,0.249868142,39.818045107,0.000000000,0.295718083,0.037271712,2.289004790,0.193848527,42.886066400,0,57,55,2,0.045783133,13,0,0,0,0,1175,13,11962,49912,15384,15,984934
853,1706585332.782896519,1706585332.882267237,1,0,0,1,66.000564603,-18.279908788,0.094379985,-0.020036003,-0.021094327,-0.205878898,0.978144911,1231,489,0.397238018,0.033617844,0.022721046,0.014529962,0.227276824,41.743780321,0.000000000,0.293027087,0.049813061,2.285894209,0.196725680,42.849103853,0,52,50,2,0.042242080,8,0,0,0,0,1171,8,11974,49964,15392,15,986105
854,1706585332.882729769,1706585332.981426716,1,0,0,1,66.116902426,-18.344584709,0.096998979,-0.014059789,-0.020778050,-0.209036147,0.977586050,1220,514,0.421311475,0.039048480,0.027527871,0.017946698,0.217306332,41.565293607,0.000000000,0.288807250,0.049792597,2.301337875,0.193235658,42.809948217,0,43,43,0,0.035245902,9,0,0,0,0,1168,9,11980,50007,15401,15,987273
855,1706585332.982562780,1706585333.082395077,1,0,0,1,66.246585623,-18.401749459,0.105911626,-0.016941184,-0.013129859,-0.212219856,0.976986866,1162,458,0.394148021,0.040322593,0.030492303,0.019072815,0.275797601,36.968263653,0.000000000,0.288078292,0.049567379,2.319103651,0.183493817,42.535024777,0,51,44,7,0.043889845,6,0,0,0,0,1105,6,11990,50058,15407,15,988378
856,1706585333.082406521,1706585333.182237625,1,0,0,1,66.355259061,-18.461222352,0.110133702,-0.017423262,-0.013479472,-0.207329216,0.978023175,1179,474,0.402035623,0.033339966,0.024807232,0.015991931,0.244421791,39.634021850,0.000000000,0.285737928,0.059312874,2.313758379,0.184321691,42.245495113,0,56,54,2,0.047497880,5,0,0,0,0,1117,6,12000,50114,15412,15,989495
857,1706585333.183048487,1706585333.282862186,1,0,0,1,66.464196843,-18.530748788,0.109437072,-0.002353382,-0.012352448,-0.201009043,0.979508674,1225,524,0.427755102,0.037042121,0.027128186,0.016516011,0.284784409,41.934154136,0.000000000,0.285251588,0.059813568,2.326374170,0.182414762,41.919742482,0,51,49,2,0.041632653,6,0,0,0,0,1168,6,12005,50165,15418,15,990663
858,1706585333.282873392,1706585333.382697105,1,0,0,1,66.571149683,-18.580645275,0.111986624,-0.005192206,-0.010779897,-0.202525794,0.979203828,1222,488,0.399345336,0.038644007,0.029100967,0.017693546,0.264199189,39.707886812,0.000000000,0.283917737,0.059802591,2.315660470,0.173043846,41.629168548,0,49,44,5,0.040098200,9,0,0,0,0,1162,11,12022,50214,15427,15,991825
859,1706585333.382709026,1706585333.482536554,1,0,0,1,66.681682274,-18.614918568,0.119306179,-0.013195519,-0.011164138,-0.200927773,0.979453557,1218,484,0.397372742,0.033290228,0.022978547,0.014538481,0.275050736,42.303645124,0.000000000,0.281754944,0.067558252,2.306501313,0.174261640,41.393818226,0,47,46,1,0.038587849,7,0,0,0,0,1164,7,12035,50261,15434,15,992989
860,1706585333.482547760,1706585333.582362890,1,0,0,1,66.798514359,-18.668844222,0.109068882,-0.018293307,0.000310702,-0.196294888,0.980374202,1235,487,0.394331984,0.037048874,0.027784385,0.018959885,0.280086995,39.656987145,0.000000000,0.278902529,0.064100935,2.304077795,0.180681434,40.984347961,0,41,39,2,0.033198381,10,0,0,0,0,1184,10,12042,50302,15444,15,994173
861,1706585333.582773209,1706585333.681501627,1,0,0,1,66.933772697,-18.725433316,0.109848441,-0.009547712,0.015035183,-0.187841620,0.982037835,1229,503,0.409275834,0.038682187,0.028988247,0.018239861,0.305275831,39.161789774,0.000000000,0.275772505,0.063174349,2.320117938,0.189292234,40.656703829,0,51,51,0,0.041497152,9,0,0,0,0,1169,9,12051,50353,15453,15,995342
862,1706585333.682611704,1706585333.780034065,1,0,0,1,67.056316318,-18.789494922,0.112717218,0.000240818,0.017662307,-0.175434176,0.984332685,1173,497,0.423699915,0.039965011,0.029526628,0.018300993,0.332155683,42.766863660,0.000000000,0.275298123,0.063433777,2.332078315,0.196441375,40.614461792,0,48,45,3,0.040920716,15,0,0,0,0,1110,15,12062,50401,15468,15,996452
863,1706585333.782441378,1706585333.878576279,1,0,0,1,67.195778851,-18.842694426,0.108087042,-0.001336434,0.028986181,-0.162920869,0.986212353,1236,502,0.406148867,0.040741674,0.029535604,0.019812229,0.311210547,43.953962412,0.000000000,0.273959771,0.061815361,2.369263993,0.211667848,40.596325136,0,71,70,1,0.057443366,13,0,0,0,0,1152,13,12073,50472,15481,15,997604
864,1706585333.883079052,1706585333.982886553,1,0,0,1,67.336941708,-18.874488688,0.099209795,-0.008224969,0.032755499,-0.150879581,0.987975090,1231,535,0.434606011,0.043853601,0.032614466,0.021707384,0.342347125,40.848783716,0.000000000,0.276168736,0.069509264,2.388180860,0.218167668,40.345269012,0,79,77,2,0.064175467,12,0,0,0,0,1140,12,12090,50551,15493,15,998744
865,1706585333.982910395,1706585334.082733631,1,0,0,1,67.482276514,-18.892974281,0.092215677,-0.010197035,0.029326538,-0.138532901,0.989871007,1307,583,0.446059679,0.037467927,0.026681694,0.018331319,0.320168482,45.752466017,0.000000000,0.277296122,0.067802465,2.414267358,0.228096548,40.595702940,0,68,64,4,0.052027544,11,0,0,0,0,1228,11,12110,50619,15504,15,999972
866,1706585334.082744837,1706585334.181979895,1,0,0,1,67.607217555,-18.925288071,0.096171966,-0.014533462,0.028905793,-0.129597227,0.991038744,1359,570,0.419426049,0.038384157,0.027133820,0.018259697,0.339682853,47.320879074,0.000000000,0.279479472,0.067550911,2.426941291,0.235019949,40.990673749,0,76,74,2,0.055923473,21,0,0,0,0,1262,21,12123,50695,15525,15,1001234
867,1706585334.182591677,1706585334.281149626,1,0,0,1,67.728427143,-18.954047983,0.089505638,-0.013045646,0.029486228,-0.128925101,0.991130007,1350,591,0.437777778,0.040404134,0.027896402,0.018554188,0.326235899,47.980402518,0.000000000,0.281757637,0.068489997,2.444197592,0.215495828,41.234128581,0,75,75,0,0.055555556,20,0,0,0,0,1255,20,12135,50770,15545,15,1002489
868,1706585334.282433033,1706585334.382272005,1,0,0,1,67.862331324,-18.988510651,0.081438070,-0.016223056,0.027824410,-0.128943547,0.991128739,1375,616,0.448000000,0.040176067,0.029111547,0.020137555,0.378882348,42.238485708,0.000000000,0.287377832,0.066790225,2.480775591,0.205084733,41.427698703,0,92,82,10,0.066909091,9,0,0,0,0,1271,12,12160,50862,15554,15,1003760
869,1706585334.383081913,1706585334.482911110,1,0,0,1,67.987866894,-19.013244885,0.076410414,-0.018769977,0.023461528,-0.131824359,0.990817634,1447,612,0.422944022,0.037283031,0.028463752,0.018072655,0.348760600,46.826439598,0.000000000,0.292332546,0.066675063,2.497794328,0.207033019,41.888218716,0,95,83,12,0.065653075,9,0,0,0,0,1342,10,12188,50957,15563,15,1005102
870,1706585334.482922554,1706585334.582747459,1,0,0,1,68.107976928,-19.047522590,0.073335387,-0.019855816,0.026921023,-0.133282989,0.990513327,1435,585,0.407665505,0.039391177,0.028019362,0.019228732,0.345339191,46.439830938,0.000000000,0.297439878,0.066757462,2.503303571,0.208038829,42.317675236,0,88,80,8,0.061324042,10,0,0,0,0,1335,12,12212,51045,15573,15,1006437
871,1706585334.582758904,1706585334.682594538,1,0,0,1,68.205591602,-19.082743305,0.069827896,-0.019963498,0.028650483,-0.136373056,0.990041917,1419,605,0.426356589,0.037538125,0.027412196,0.017437898,0.328658244,47.824367521,0.000000000,0.299875441,0.066847741,2.492485416,0.209058086,42.722317435,0,74,66,8,0.052149401,11,0,0,0,0,1331,14,12232,51119,15584,15,1007768
872,1706585334.682606220,1706585334.782434464,1,0,0,1,68.314104756,-19.114097756,0.069581701,-0.023250978,0.027531234,-0.135744026,0.990088371,1453,590,0.406056435,0.040742970,0.030040459,0.020026680,0.392631419,47.666300671,0.000000000,0.307013605,0.068156461,2.479467722,0.203487984,43.114730213,0,72,64,8,0.049552650,16,0,0,0,0,1360,21,12250,51191,15600,15,1009128
873,1706585334.782445669,1706585334.882269621,1,0,0,1,68.416806118,-19.143901850,0.065815816,-0.024962509,0.024809832,-0.134500266,0.990288354,1445,623,0.431141869,0.041358456,0.031881950,0.020162296,0.350707567,50.665908518,0.000000000,0.313185142,0.063316011,2.453339835,0.199378178,43.560836623,0,74,67,7,0.051211073,9,0,0,0,0,1361,10,12269,51265,15609,15,1010489
874,1706585334.883080959,1706585334.981011629,1,0,0,1,68.525389556,-19.175500550,0.063971228,-0.028991072,0.029388589,-0.133765826,0.990152782,1385,561,0.405054152,0.042327741,0.032707907,0.020545091,0.392386847,47.626789762,0.000000000,0.321939168,0.066184675,2.424439201,0.193875930,43.863911430,0,84,83,1,0.060649819,12,0,0,0,0,1288,13,12281,51349,15621,15,1011777
875,1706585334.982894897,1706585335.079669952,1,0,0,1,68.629179797,-19.208134023,0.059608895,-0.028355237,0.024138414,-0.128837442,0.990966312,1394,574,0.411764706,0.037707525,0.026314547,0.017700275,0.337817157,49.497480261,0.000000000,0.325040146,0.066171371,2.409371544,0.194224863,44.490372261,0,71,68,3,0.050932568,15,0,0,0,0,1308,15,12300,51420,15636,15,1013085
876,1706585335.082729340,1706585335.182561874,1,0,0,1,68.734119564,-19.246860968,0.044233214,-0.020043156,0.023805429,-0.123889856,0.991807883,1385,609,0.439711191,0.039134194,0.026843082,0.018554997,0.336349177,48.397102031,0.000000000,0.329636515,0.057420714,2.393045346,0.192061506,44.928526270,0,70,68,2,0.050541516,12,0,0,0,0,1303,12,12314,51490,15648,15,1014388
877,1706585335.182573557,1706585335.282402039,1,0,0,1,68.846775795,-19.265967617,0.042615129,-0.022197492,0.023561816,-0.122844566,0.991897840,1428,611,0.427871148,0.035247153,0.025866006,0.017349756,0.317273739,48.226601391,0.000000000,0.331260982,0.060427881,2.389274907,0.191072710,45.243148632,0,71,71,0,0.049719888,12,0,0,0,0,1345,12,12322,51561,15660,15,1015733
878,1706585335.282414675,1706585335.382248640,1,0,0,1,68.957472043,-19.275502885,0.042699471,-0.027443380,0.017840058,-0.120149142,0.992216094,1416,579,0.408898305,0.037992537,0.026340883,0.018003507,0.333662929,46.198830933,0.000000000,0.334734169,0.060703550,2.384425564,0.193232432,45.567695839,0,63,61,2,0.044491525,16,0,0,0,0,1337,16,12335,51624,15676,15,1017070
879,1706585335.383059263,1706585335.482346058,1,0,0,1,69.073542080,-19.301381835,0.043478314,-0.038561218,0.014760029,-0.117540378,0.992209370,1488,590,0.396505376,0.039415267,0.027744507,0.019747733,0.356656978,48.796996904,0.000000000,0.338814481,0.050388220,2.374264782,0.189175629,45.892363428,0,82,81,1,0.055107527,9,0,0,0,0,1397,9,12355,51706,15685,15,1018467
880,1706585335.482906580,1706585335.582741976,1,0,0,1,69.209795230,-19.338579511,0.042187937,-0.034199771,0.015603204,-0.118544312,0.992236948,1459,605,0.414667581,0.040124976,0.028388673,0.018428782,0.364357066,48.599208751,0.000000000,0.343027984,0.048722706,2.368889032,0.174374605,46.339474508,0,72,70,2,0.049348869,14,0,0,0,0,1373,14,12366,51778,15699,15,1019840
881,1706585335.582754850,1706585335.682579279,1,0,0,1,69.350384156,-19.373047993,0.047254225,-0.034307449,0.012152727,-0.118567541,0.992278715,1515,610,0.402640264,0.040752720,0.028646947,0.018063212,0.367136184,50.924342240,0.000000000,0.346121002,0.048960643,2.375422449,0.149132868,46.927602131,0,78,74,4,0.051485149,14,0,0,0,0,1423,14,12387,51856,15713,15,1021263
882,1706585335.682590961,1706585335.782414198,1,0,0,1,69.499993151,-19.416056101,0.043783698,-0.034786682,0.018773005,-0.121220766,0.991838186,1510,597,0.395364238,0.039843739,0.028335123,0.020038590,0.346056541,48.889686613,0.000000000,0.346816045,0.048935840,2.381792592,0.129938602,47.233743279,0,75,72,3,0.049668874,15,0,0,0,0,1420,15,12398,51931,15728,15,1022683
883,1706585335.782425165,1706585335.882246733,1,0,0,1,69.642687079,-19.449439223,0.044089710,-0.037267847,0.024385917,-0.121605291,0.991578836,1418,574,0.404795487,0.035092086,0.023557486,0.015883386,0.322091282,46.243681254,0.000000000,0.347360081,0.054378940,2.383368653,0.107399925,47.348229221,0,68,67,1,0.047954866,14,0,0,0,0,1336,14,12412,51999,15742,15,1024019
884,1706585335.883059025,1706585335.982876062,1,0,0,1,69.790264964,-19.501007460,0.038012124,-0.036220406,0.026216162,-0.122297678,0.991485791,1425,580,0.407017544,0.037594539,0.027018388,0.017493779,0.301035017,48.140367983,0.000000000,0.345294476,0.048110244,2.393142414,0.083889871,47.712808434,0,56,55,1,0.039298246,7,0,0,0,0,1362,7,12424,52055,15749,15,1025381
885,1706585335.982887030,1706585336.082716703,1,0,0,1,69.934838263,-19.526535557,0.028685215,-0.043173821,0.036323328,-0.126078468,0.990414487,1434,571,0.398186890,0.038881826,0.026650734,0.018277489,0.346347886,45.823039591,0.000000000,0.346603446,0.047281105,2.411135475,0.075040462,47.716337113,0,84,83,1,0.058577406,14,0,0,0,0,1336,14,12435,52139,15763,15,1026717
886,1706585336.082729816,1706585336.181934834,1,0,0,1,70.072206819,-19.564012839,0.027389343,-0.048049623,0.039663906,-0.127013647,0.989942191,1289,526,0.408068270,0.039181535,0.028824733,0.019720782,0.308280690,47.428318536,0.000000000,0.345033338,0.047117983,2.428777408,0.076216704,47.721709086,0,56,50,6,0.043444531,16,0,0,0,0,1213,20,12446,52195,15779,15,1027930
887,1706585336.182570934,1706585336.280589581,1,0,0,1,70.211428695,-19.614043173,0.023096948,-0.048536481,0.032817600,-0.127868005,0.990059083,1309,487,0.372039725,0.034118430,0.025724290,0.016462330,0.282195364,50.578261133,0.000000000,0.342831311,0.054076237,2.438275014,0.077016772,47.851602017,0,55,49,6,0.042016807,6,0,0,0,0,1243,11,12464,52250,15785,15,1029173
888,1706585336.282399654,1706585336.379273891,1,0,0,1,70.343060129,-19.653715011,0.021029460,-0.051073122,0.026337041,-0.131399037,0.989662664,1383,558,0.403470716,0.037193298,0.026368067,0.017870605,0.318869769,47.569025942,0.000000000,0.339830682,0.054166908,2.447722536,0.077778577,48.118129029,0,71,69,2,0.051337672,16,0,0,0,0,1296,16,12474,52321,15801,15,1030469
889,1706585336.383056879,1706585336.482901096,1,0,0,1,70.473628429,-19.691848853,0.016668689,-0.052731227,0.020782290,-0.135033529,0.989218611,1462,578,0.395348837,0.038438311,0.025508487,0.018391805,0.374296815,49.775208828,0.000000000,0.341107493,0.053571517,2.458872136,0.081305976,48.265567490,0,80,79,1,0.054719562,16,0,0,0,0,1366,16,12479,52401,15817,15,1031835
890,1706585336.482912779,1706585336.582744598,1,0,0,1,70.595718299,-19.722647705,0.013444894,-0.058380746,0.013978983,-0.135795300,0.988916535,1529,625,0.408763898,0.035986124,0.024912536,0.017223039,0.365864516,48.413046909,0.000000000,0.342133759,0.055558358,2.480994430,0.075771399,48.364228289,0,62,62,0,0.040549379,17,0,0,0,0,1450,17,12488,52463,15834,15,1033285
891,1706585336.582755804,1706585336.682573557,1,0,0,1,70.724431243,-19.761435570,0.010215949,-0.060731150,0.018295277,-0.141144955,0.987955015,1491,579,0.388329980,0.038605658,0.026589304,0.018330229,0.390525656,47.936724244,0.000000000,0.345227130,0.055228481,2.502511060,0.085959603,48.369846125,0,67,65,2,0.044936284,13,0,0,0,0,1411,13,12504,52530,15847,15,1034696
892,1706585336.682585001,1706585336.782412291,1,0,0,1,70.835377987,-19.793073931,0.018128872,-0.065083626,0.017661777,-0.147369483,0.986779823,1484,585,0.394204852,0.038909510,0.027623578,0.019365421,0.374123801,48.639988456,0.000000000,0.344301749,0.053781969,2.511146959,0.095882218,48.418530514,0,82,81,1,0.055256065,12,0,0,0,0,1390,12,12520,52612,15859,15,1036086
893,1706585336.782424212,1706585336.882251024,1,0,0,1,70.953214248,-19.833679076,0.016817769,-0.063098196,0.020021140,-0.151260364,0.986274847,1442,556,0.385575589,0.037830554,0.025080261,0.017107309,0.336668533,48.471182569,0.000000000,0.343599797,0.051071700,2.522687174,0.103068604,48.308794217,0,82,79,3,0.056865465,9,0,0,0,0,1351,9,12541,52694,15868,15,1037437
894,1706585336.883059502,1706585336.982880592,1,0,0,1,71.062801024,-19.884134918,0.011214073,-0.057512934,0.020685842,-0.155759707,0.985902263,1454,556,0.382393398,0.034651418,0.024814731,0.018197179,0.349635971,47.160058342,0.000000000,0.341462254,0.049126762,2.534574529,0.101755324,48.285457646,0,56,55,1,0.038514443,7,0,0,0,0,1390,8,12553,52750,15875,15,1038827
895,1706585336.982892275,1706585337.082722187,1,0,0,1,71.176360110,-19.924790133,0.015259427,-0.056945431,0.016482277,-0.162352460,0.984950370,1371,516,0.376367615,0.035197323,0.023832891,0.016640496,0.334250342,45.059544961,0.000000000,0.341283913,0.051599656,2.542350119,0.104212317,48.063560881,0,57,52,5,0.041575492,8,0,0,0,0,1306,8,12566,52807,15883,15,1040133
896,1706585337.082734823,1706585337.182563066,1,0,0,1,71.284262942,-19.967900801,0.021056945,-0.058607202,0.013143146,-0.165922489,0.984307971,1388,532,0.383285303,0.038148446,0.029791536,0.020178278,0.331222588,45.576655979,0.000000000,0.341027583,0.051019858,2.544414378,0.109007371,47.922538578,0,63,59,4,0.045389049,3,0,0,0,0,1322,3,12585,52870,15886,15,1041455
897,1706585337.182574987,1706585337.282385111,1,0,0,1,71.394590105,-20.015283357,0.018317618,-0.052779170,0.007638124,-0.170285399,0.983950660,1362,486,0.356828194,0.037480701,0.025524394,0.018977445,0.390896908,45.669645906,0.000000000,0.344708742,0.048743925,2.553411024,0.111585589,47.794690804,0,47,46,1,0.034508076,12,0,0,0,0,1303,12,12595,52917,15898,15,1042758
898,1706585337.282397747,1706585337.382228136,1,0,0,1,71.511071050,-20.063484916,0.011501071,-0.051948885,0.002401174,-0.168079844,0.984400688,1384,514,0.371387283,0.039458693,0.029651812,0.020445660,0.365909737,45.734714775,0.000000000,0.346321082,0.049604894,2.560732912,0.111373296,47.771484996,0,58,55,3,0.041907514,9,0,0,0,0,1317,9,12602,52975,15907,15,1044075
899,1706585337.383039951,1706585337.481849432,1,0,0,1,71.631472319,-20.106136897,0.017007747,-0.053324647,-0.002824910,-0.166191035,0.984646658,1381,504,0.364952933,0.034371960,0.023898055,0.017615603,0.304429171,46.421691431,0.000000000,0.343709692,0.052805094,2.547338947,0.113744967,47.652719722,0,60,59,1,0.043446778,9,0,0,0,0,1312,9,12610,53035,15916,15,1045387
900,1706585337.482885122,1706585337.580484629,1,0,0,1,71.763864223,-20.157007838,0.015753143,-0.054583535,-0.004280934,-0.162619712,0.985168585,1435,534,0.372125436,0.038401462,0.027544741,0.019619332,0.294918031,45.943523281,0.000000000,0.340237740,0.050904911,2.544332254,0.120936574,47.519935449,0,68,68,0,0.047386760,10,0,0,0,0,1357,10,12625,53103,15926,15,1046744
901,1706585337.582744360,1706585337.679110527,1,0,0,1,71.884785379,-20.205847229,0.013432239,-0.051268857,-0.005965761,-0.159673171,0.985819655,1482,563,0.379892038,0.037285801,0.027469649,0.018266905,0.311738357,47.780438866,0.000000000,0.337467849,0.047092367,2.519057851,0.121104616,47.362740280,0,66,66,0,0.044534413,11,0,0,0,0,1405,11,12636,53169,15937,15,1048149
902,1706585337.682591915,1706585337.782414198,1,0,0,1,72.017205097,-20.258556259,0.014494412,-0.048848071,-0.005950121,-0.157858060,0.986234909,1465,545,0.372013652,0.039138602,0.028757441,0.019694596,0.386613532,46.808267422,0.000000000,0.339495698,0.045952477,2.515039070,0.123373787,47.258669320,0,69,66,3,0.047098976,15,0,0,0,0,1381,15,12648,53238,15952,15,1049530
903,1706585337.782425642,1706585337.882258415,1,0,0,1,72.136620268,-20.297729461,0.012837388,-0.043887565,-0.005262998,-0.157261760,0.986567241,1594,609,0.382057716,0.039816218,0.029079425,0.019565445,0.355607914,47.707239154,0.000000000,0.341171530,0.045801637,2.484279931,0.122883378,47.331847215,0,87,85,2,0.054579674,17,0,0,0,0,1490,17,12663,53325,15969,15,1051020
904,1706585337.883068085,1706585337.982897520,1,0,0,1,72.276316357,-20.349553060,0.022293298,-0.044352564,-0.000805938,-0.157716077,0.986487628,1508,572,0.379310345,0.038491975,0.026556114,0.018120744,0.336745290,50.854747988,0.000000000,0.342957044,0.046083476,2.486472824,0.115162309,47.467566216,0,68,66,2,0.045092838,14,0,0,0,0,1426,14,12675,53393,15983,15,1052446
905,1706585337.982910156,1706585338.082740307,1,0,0,1,72.408679026,-20.397225305,0.026222012,-0.045665378,-0.003088289,-0.157771506,0.986414359,1495,572,0.382608696,0.036414294,0.025940691,0.017751197,0.290521268,47.536337687,0.000000000,0.340165713,0.045986662,2.484818521,0.112680690,47.553231120,0,71,67,4,0.047491639,10,0,0,0,0,1414,10,12691,53464,15993,15,1053860
906,1706585338.082751989,1706585338.182578802,1,0,0,1,72.542181769,-20.447861997,0.032611075,-0.046735012,-0.000731407,-0.157279592,0.986447380,1511,564,0.373262740,0.038490429,0.027076265,0.017644116,0.342235690,43.368059268,0.000000000,0.341863463,0.045273877,2.479744005,0.112574393,47.350218157,0,82,78,4,0.054268696,9,0,0,0,0,1420,9,12708,53546,16002,15,1055280
907,1706585338.182590246,1706585338.282432556,1,0,0,1,72.665626369,-20.498517779,0.037553422,-0.041395989,-0.003038869,-0.156598745,0.986789730,1529,574,0.375408764,0.038609428,0.030191711,0.018562614,0.364860719,47.186214983,0.000000000,0.345996730,0.040677360,2.475773977,0.107595006,47.180615850,0,85,83,2,0.055591890,14,0,0,0,0,1430,14,12725,53631,16016,15,1056710
908,1706585338.282444715,1706585338.382277250,1,0,0,1,72.796999465,-20.546341575,0.041192106,-0.040769322,-0.004500454,-0.158386937,0.986524803,1495,558,0.373244147,0.036420991,0.025140764,0.017505435,0.359931762,44.983613782,0.000000000,0.348049830,0.041265003,2.479535415,0.104399514,47.051345242,0,68,66,2,0.045484950,11,0,0,0,0,1416,11,12738,53699,16027,15,1058126
909,1706585338.383088350,1706585338.482920170,1,0,0,1,72.936378787,-20.583818267,0.046994844,-0.047454623,-0.003407357,-0.158450423,0.986220012,1450,543,0.374482759,0.036593124,0.024609843,0.017036306,0.318338835,48.879258581,0.000000000,0.345251931,0.041438602,2.498025901,0.103658016,47.006547729,0,54,53,1,0.037241379,11,0,0,0,0,1385,11,12749,53753,16038,15,1059511
910,1706585338.482932329,1706585338.582765579,1,0,0,1,73.067756567,-20.627099616,0.044855518,-0.049899301,-0.002347273,-0.157369757,0.986275473,1517,564,0.371786421,0.037137989,0.025120508,0.017644108,0.335353428,45.802254546,0.000000000,0.343726377,0.040395330,2.501896835,0.094427045,46.876008111,0,73,71,2,0.048121292,12,0,0,0,0,1432,12,12759,53826,16050,15,1060943
911,1706585338.582776785,1706585338.682601452,1,0,0,1,73.189935560,-20.669749171,0.049499526,-0.046084521,-0.004922796,-0.158040947,0.986344282,1527,593,0.388343157,0.037213068,0.027025495,0.017779240,0.354866226,47.649497847,0.000000000,0.341943405,0.040013367,2.515748405,0.083097855,46.861646791,0,67,65,2,0.043876883,9,0,0,0,0,1451,9,12769,53893,16059,15,1062394
912,1706585338.682613611,1706585338.781588316,1,0,0,1,73.320447970,-20.707229873,0.052864538,-0.052759228,-0.000201011,-0.157489757,0.986110237,1536,597,0.388671875,0.038698063,0.028654122,0.018197605,0.326079468,46.187310284,0.000000000,0.339541189,0.039778484,2.526934752,0.075765418,46.739012883,0,74,70,4,0.048177083,13,0,0,0,0,1449,13,12784,53967,16072,15,1063843
913,1706585338.782449484,1706585338.880226612,1,0,0,1,73.444895042,-20.749232926,0.057657625,-0.054062758,-0.001060430,-0.158515700,0.985874671,1498,543,0.362483311,0.034933122,0.024953326,0.017745960,0.263670777,49.702413937,0.000000000,0.335891301,0.042547590,2.537592101,0.068668437,46.800574451,0,79,79,0,0.052736983,8,0,0,0,0,1411,8,12797,54046,16080,15,1065254
914,1706585338.883085251,1706585338.982904434,1,0,0,1,73.572919175,-20.790859079,0.070366276,-0.055747156,-0.002771240,-0.156694829,0.986068611,1466,573,0.390859482,0.036448639,0.024893045,0.017814172,0.327628148,48.326255320,0.000000000,0.334790910,0.039564471,2.552126981,0.059768513,46.858884300,0,78,74,4,0.053206003,12,0,0,0,0,1375,13,12815,54124,16092,15,1066629
915,1706585338.982915640,1706585339.082752943,1,0,0,1,73.704133733,-20.828888963,0.073459723,-0.054951242,-0.001490244,-0.153775840,0.986575456,1555,577,0.371061093,0.035461363,0.025890652,0.016601707,0.333740701,46.594586254,0.000000000,0.334765428,0.039043974,2.572435824,0.058692921,46.935636365,0,79,77,2,0.050803859,7,0,0,0,0,1469,7,12829,54203,16099,15,1068098
916,1706585339.082765102,1706585339.182596684,1,0,0,1,73.833915847,-20.870493367,0.083044202,-0.063326368,-0.003706565,-0.151084306,0.986483434,1538,582,0.378413524,0.037093340,0.027333897,0.017716064,0.310440593,49.730595479,0.000000000,0.333726328,0.038908970,2.588957229,0.056371722,47.143333339,0,74,73,1,0.048114434,16,0,0,0,0,1448,16,12843,54277,16115,15,1069546
917,1706585339.182608128,1706585339.282419682,1,0,0,1,73.968759960,-20.916680882,0.087379651,-0.059123277,-0.000591268,-0.144691762,0.987708653,1533,610,0.397912590,0.035271023,0.024338423,0.017142563,0.355510910,50.059985951,0.000000000,0.331957028,0.040945751,2.605313662,0.063821211,47.362850342,0,70,68,2,0.045662100,16,0,0,0,0,1447,16,12860,54347,16131,15,1070993
918,1706585339.282430887,1706585339.382252932,1,0,0,1,74.092541528,-20.959953650,0.083879421,-0.054480772,0.002383909,-0.143031874,0.988214575,1600,631,0.394375000,0.038523013,0.027698057,0.018429381,0.352838721,49.754739732,0.000000000,0.331303477,0.039550850,2.608636423,0.062409637,47.563851590,0,92,91,1,0.057500000,17,0,0,0,0,1491,17,12876,54439,16148,15,1072484
919,1706585339.383064032,1706585339.482884645,1,0,0,1,74.227332531,-20.999178434,0.082954854,-0.053011772,0.004909446,-0.138847784,0.988881662,1571,622,0.395926162,0.038419865,0.027505125,0.018072431,0.364929139,47.430658552,0.000000000,0.334328475,0.035696983,2.607187234,0.063163997,47.614299946,0,67,66,1,0.042647995,14,0,0,0,0,1490,14,12892,54506,16162,15,1073974
920,1706585339.482896566,1706585339.582733393,1,0,0,1,74.370740967,-21.030127909,0.081872496,-0.052654398,0.013657254,-0.134612769,0.989404061,1527,610,0.399476097,0.035122754,0.024587519,0.016491200,0.360496207,46.666104143,0.000000000,0.337607384,0.037773376,2.623468961,0.064708328,47.650428989,0,86,82,4,0.056319581,13,0,0,0,0,1428,13,12915,54592,16175,15,1075402
921,1706585339.582745314,1706585339.682566404,1,0,0,1,74.507144365,-21.066006363,0.080150948,-0.054344181,0.015760334,-0.130988940,0.989767760,1522,654,0.429697766,0.036573057,0.026038511,0.017919601,0.352938652,47.225656920,0.000000000,0.339667399,0.038034389,2.621994121,0.068136401,47.622689891,0,88,85,3,0.057818660,15,0,0,0,0,1419,15,12931,54680,16190,15,1076821
922,1706585339.682579279,1706585339.782410145,1,0,0,1,74.638539680,-21.104736588,0.084480444,-0.049183044,0.022453508,-0.128105224,0.990285777,1502,606,0.403462051,0.039386181,0.027864200,0.017851439,0.261420647,50.787881012,0.000000000,0.333407755,0.038490959,2.633359860,0.072272397,47.821670571,0,79,79,0,0.052596538,9,0,0,0,0,1414,9,12951,54759,16199,15,1078235
923,1706585339.782422066,1706585339.882246494,1,0,0,1,74.759529742,-21.145472650,0.083777045,-0.043617449,0.015896629,-0.126031436,0.990939399,1469,591,0.402314500,0.035945599,0.024615636,0.016020301,0.324949400,46.172969647,0.000000000,0.331874829,0.035967800,2.611726820,0.076006015,47.744957096,0,78,75,3,0.053097345,10,0,0,0,0,1381,10,12970,54837,16209,15,1079616
924,1706585339.883056641,1706585339.982574224,1,0,0,1,74.888613553,-21.184885329,0.081443954,-0.039276985,0.010677812,-0.119785487,0.991965090,1488,611,0.410618280,0.035899405,0.027162240,0.018502606,0.322436663,46.450291422,0.000000000,0.331159398,0.035568528,2.605972875,0.089020915,47.524734267,0,75,74,1,0.050403226,12,0,0,0,0,1401,12,12982,54912,16221,15,1081017
925,1706585339.982885838,1706585340.081242561,1,0,0,1,75.014494704,-21.205695010,0.085790657,-0.041793550,0.008393788,-0.113459519,0.992627715,1559,660,0.423348300,0.036070606,0.026649797,0.016950616,0.366194075,48.061385462,0.000000000,0.334943038,0.035825838,2.590710374,0.101110021,47.550986656,0,88,87,1,0.056446440,13,0,0,0,0,1458,13,12997,55000,16234,15,1082475
926,1706585340.082729578,1706585340.179964066,1,0,0,1,75.136357924,-21.226687385,0.089038971,-0.047770127,0.001162442,-0.104159255,0.993412056,1597,629,0.393863494,0.034704128,0.024400098,0.015177313,0.337415256,48.731799623,0.000000000,0.334702016,0.036871793,2.580885829,0.118982973,47.819173674,0,94,90,4,0.058860363,13,0,0,0,0,1490,13,13013,55094,16247,15,1083965
927,1706585340.182572603,1706585340.282405615,1,0,0,1,75.273799818,-21.255731890,0.082498328,-0.048166124,0.006002830,-0.093920170,0.994395793,1543,638,0.413480233,0.037420339,0.026398828,0.018180832,0.327501440,47.757862651,0.000000000,0.332834052,0.035317692,2.581660889,0.135551837,47.847756057,0,93,90,3,0.060272197,15,0,0,0,0,1434,16,13029,55187,16262,15,1085399
928,1706585340.282418013,1706585340.382265806,1,0,0,1,75.399177874,-21.285930892,0.079299313,-0.040720747,0.006994978,-0.090444965,0.995044019,1510,644,0.426490066,0.033262151,0.022999741,0.016187805,0.337445087,45.802756596,0.000000000,0.331709719,0.040890076,2.566217839,0.142393797,47.888713198,0,78,77,1,0.051655629,7,0,0,0,0,1425,7,13041,55265,16269,15,1086824
929,1706585340.383076668,1706585340.482912779,1,0,0,1,75.522387263,-21.305351258,0.085668350,-0.047300957,0.011501903,-0.086893983,0.995027518,1444,618,0.427977839,0.036857098,0.023834494,0.016264552,0.285712769,48.398385197,0.000000000,0.330078415,0.040926024,2.552770805,0.146894295,47.864669529,0,68,63,5,0.047091413,8,0,0,0,0,1368,8,13058,55333,16277,15,1088192
930,1706585340.482924700,1706585340.582763433,1,0,0,1,75.654284586,-21.324012205,0.077905715,-0.050208998,0.017961127,-0.088150153,0.994678845,1380,581,0.421014493,0.033129326,0.023635691,0.017964972,0.280653164,42.535909661,0.000000000,0.327343402,0.045660644,2.556715349,0.148930021,47.701352284,0,55,55,0,0.039855072,7,0,0,0,0,1318,7,13068,55388,16284,15,1089510
931,1706585340.582775831,1706585340.682610035,1,0,0,1,75.778306945,-21.350382132,0.080038516,-0.048037132,0.015838019,-0.091232228,0.994544253,1375,573,0.416727273,0.035115734,0.024662340,0.017347328,0.271625493,43.141496977,0.000000000,0.323181365,0.045975416,2.547698713,0.154018899,47.475952241,0,72,67,5,0.052363636,9,0,0,0,0,1294,9,13081,55460,16293,15,1090804
932,1706585340.682621241,1706585340.782447577,1,0,0,1,75.904215019,-21.378913330,0.075913308,-0.050596890,0.018216531,-0.090056447,0.994483760,1419,571,0.402396054,0.035284373,0.024875333,0.016693203,0.270450649,45.779245158,0.000000000,0.320399925,0.043679564,2.545433099,0.154095696,47.455548985,0,82,79,3,0.057787174,8,0,0,0,0,1329,8,13096,55542,16301,15,1092133
933,1706585340.782459259,1706585340.882286787,1,0,0,1,76.024956949,-21.399918198,0.071714005,-0.045447990,0.017949584,-0.092929651,0.994472912,1445,610,0.422145329,0.034742498,0.022928261,0.015930513,0.332092169,41.338717687,0.000000000,0.323820994,0.043892816,2.532840475,0.155801614,47.037364172,0,76,73,3,0.052595156,8,0,0,0,0,1360,9,13106,55618,16309,15,1093493
934,1706585340.883098125,1706585340.982921839,1,0,0,1,76.157445150,-21.423946615,0.076288408,-0.044276661,0.014381996,-0.093932390,0.994489538,1401,594,0.423982869,0.033978891,0.024167568,0.015992926,0.263382064,43.746802405,0.000000000,0.320608690,0.045668138,2.530918099,0.151686410,46.808391526,0,70,68,2,0.049964311,14,0,0,0,0,1317,14,13118,55688,16323,15,1094810
935,1706585340.982934237,1706585341.082760572,1,0,0,1,76.287148245,-21.450756404,0.075593894,-0.051503261,0.018934739,-0.093948986,0.994063619,1438,592,0.411682893,0.035758038,0.024277007,0.016259286,0.319847952,41.703449207,0.000000000,0.319914053,0.045570986,2.526740592,0.146492245,46.563834674,0,76,72,4,0.052851182,9,0,0,0,0,1353,9,13129,55764,16332,15,1096163
936,1706585341.082772493,1706585341.182604790,1,0,0,1,76.421190051,-21.482070139,0.061410140,-0.049285042,0.025925460,-0.096004637,0.993821898,1451,586,0.403859407,0.037980712,0.026119407,0.017903516,0.334416618,42.004943471,0.000000000,0.321112854,0.046694999,2.522519364,0.138867748,46.177552074,0,66,65,1,0.045485872,10,0,0,0,0,1375,10,13142,55830,16342,15,1097538
937,1706585341.182617188,1706585341.282081604,1,0,0,1,76.559555419,-21.525158778,0.051954394,-0.040190878,0.038990076,-0.094519628,0.993946934,1306,572,0.437978560,0.039012776,0.028739865,0.019601555,0.337176267,41.918925597,0.000000000,0.320196122,0.049657606,2.536572670,0.138001364,45.770499056,0,80,78,2,0.061255743,6,0,0,0,0,1220,6,13154,55910,16348,15,1098758
938,1706585341.282443523,1706585341.380734444,1,0,0,1,76.695077367,-21.565926138,0.038247386,-0.033179158,0.039320367,-0.098717135,0.993784675,1312,558,0.425304878,0.036537295,0.026344310,0.018212575,0.302634336,41.957216730,0.000000000,0.317685902,0.047566339,2.538370482,0.137824653,45.380622906,0,53,52,1,0.040396341,8,0,0,0,0,1249,10,13163,55963,16356,15,1100007
939,1706585341.383090734,1706585341.479359865,1,0,0,1,76.824868359,-21.599284239,0.036104999,-0.035276853,0.043262588,-0.102905911,0.993123490,1307,525,0.401683244,0.032492429,0.023740873,0.015926376,0.300037410,40.037740135,0.000000000,0.314441316,0.050113867,2.525682722,0.139194586,45.010976985,0,73,66,7,0.055853099,7,0,0,0,0,1216,18,13179,56036,16363,15,1101223
940,1706585341.482913017,1706585341.582731247,1,0,0,1,76.953140705,-21.632486504,0.023739605,-0.036843660,0.037283418,-0.106362118,0.992944908,1323,560,0.423280423,0.033154917,0.021786245,0.014746895,0.258614286,41.639646741,0.000000000,0.309347220,0.052621584,2.517704635,0.138652676,44.759654115,0,70,64,6,0.052910053,9,0,0,0,0,1241,12,13191,56106,16372,15,1102464
941,1706585341.582742929,1706585341.682582617,1,0,0,1,77.080951760,-21.672367787,0.010210012,-0.035069210,0.034605975,-0.111020183,0.992596139,1393,587,0.421392678,0.039779676,0.030020592,0.019531536,0.308897928,41.092989155,0.000000000,0.307145184,0.057893362,2.515222259,0.142505130,44.453020727,0,72,71,1,0.051687006,11,0,0,0,0,1310,11,13196,56178,16383,15,1103774
942,1706585341.682593346,1706585341.782420158,1,0,0,1,77.223824418,-21.709156413,-0.003286781,-0.034783443,0.043782626,-0.114434700,0.991855782,1327,563,0.424265260,0.035907705,0.025812503,0.017478929,0.324830898,43.036618555,0.000000000,0.310315696,0.053499319,2.535705739,0.145234070,44.065457604,0,71,68,3,0.053504145,6,0,0,0,0,1250,6,13211,56249,16389,15,1105024
943,1706585341.782431841,1706585341.882246971,1,0,0,1,77.361163592,-21.739447467,-0.009789670,-0.033031971,0.049036709,-0.116987101,0.991371932,1301,564,0.433512683,0.034433844,0.023688589,0.017277062,0.284703698,42.005729950,0.000000000,0.308303411,0.054083426,2.541509165,0.137642233,43.857095619,0,64,60,4,0.049192929,6,0,0,0,0,1231,6,13227,56313,16395,15,1106255
944,1706585341.883071184,1706585341.982880592,1,0,0,1,77.495623704,-21.781588285,-0.014763191,-0.035433999,0.046331983,-0.119603964,0.991106791,1243,524,0.421560740,0.034507529,0.023334412,0.015140560,0.292636221,44.964472803,0.000000000,0.306813389,0.054532491,2.554842372,0.129953249,43.782804688,0,58,57,1,0.046661303,9,0,0,0,0,1176,9,13235,56371,16404,15,1107431
945,1706585341.982905149,1706585342.082731247,1,0,0,1,77.618337803,-21.822224727,-0.025080033,-0.033396718,0.042009956,-0.122357390,0.991034052,1318,577,0.437784522,0.035066734,0.024044922,0.016331165,0.300926978,45.281892195,0.000000000,0.303550034,0.054545851,2.560820100,0.115570949,43.643830025,0,55,53,2,0.041729894,15,0,0,0,0,1248,15,13249,56426,16419,15,1108679
946,1706585342.082742929,1706585342.182569265,1,0,0,1,77.737976855,-21.860558444,-0.030798084,-0.032074806,0.033841845,-0.127022219,0.990803357,1318,538,0.408194234,0.031290239,0.019823822,0.014290715,0.309409212,44.323329910,0.000000000,0.302149732,0.060456392,2.545951044,0.104051486,43.423406539,0,62,62,0,0.047040971,9,0,0,0,0,1247,9,13258,56488,16428,15,1109926
947,1706585342.182582378,1706585342.282422781,1,0,0,1,77.847720219,-21.891727641,-0.038956896,-0.037905399,0.029069581,-0.132439286,0.990039381,1384,575,0.415462428,0.034103418,0.021003784,0.014665022,0.328489851,45.619374993,0.000000000,0.302199152,0.059491151,2.531322891,0.107925914,43.316482156,0,60,59,1,0.043352601,13,0,0,0,0,1311,13,13265,56548,16441,15,1111237
948,1706585342.282434225,1706585342.382280350,1,0,0,1,77.950697543,-21.921275957,-0.041427925,-0.041236089,0.027364130,-0.133652519,0.989791793,1426,606,0.424964937,0.036141613,0.025049353,0.017788136,0.370916261,43.502856647,0.000000000,0.303872711,0.058283136,2.513591134,0.103710410,43.201487159,0,54,52,2,0.037868163,11,0,0,0,0,1361,11,13279,56602,16452,15,1112598
949,1706585342.383091211,1706585342.482918501,1,0,0,1,78.067358331,-21.956007179,-0.042308599,-0.036167762,0.026223852,-0.136603697,0.989617923,1430,594,0.415384615,0.034339092,0.023141586,0.016267457,0.314491137,44.991600342,0.000000000,0.305311630,0.057795186,2.501878449,0.106096408,43.031147916,0,65,62,3,0.045454545,7,0,0,0,0,1358,7,13293,56667,16459,15,1113956
950,1706585342.482929468,1706585342.581840038,1,0,0,1,78.154919156,-21.996501084,-0.045136512,-0.037762068,0.018501804,-0.138561269,0.989460704,1462,605,0.413816689,0.038237374,0.025778909,0.017715550,0.293091612,47.794087908,0.000000000,0.305933552,0.058844017,2.471578165,0.103503471,43.294056828,0,73,73,0,0.049931601,9,0,0,0,0,1380,9,13303,56740,16468,15,1115336
951,1706585342.582777500,1706585342.680516243,1,0,0,1,78.258903932,-22.024310158,-0.047658985,-0.034827257,0.018470490,-0.141158280,0.989201821,1492,651,0.436327078,0.036868821,0.023801330,0.016464627,0.334637701,48.929359859,0.000000000,0.309084162,0.059353574,2.450080697,0.106625890,43.583449972,0,67,63,4,0.044906166,9,0,0,0,0,1411,14,13325,56807,16477,15,1116747
952,1706585342.682626247,1706585342.779253006,1,0,0,1,78.357947304,-22.063619539,-0.051585195,-0.034977806,0.012156660,-0.140415425,0.989399958,1514,641,0.423381770,0.034728265,0.023566959,0.017368676,0.317570817,47.489460436,0.000000000,0.311440171,0.059571443,2.434084698,0.103028916,43.668960736,0,80,73,7,0.052840159,15,0,0,0,0,1413,21,13344,56887,16492,15,1118160
953,1706585342.782459021,1706585342.882281065,1,0,0,1,78.478001735,-22.109822930,-0.057410769,-0.030617418,0.014265181,-0.143264380,0.989107879,1555,669,0.430225080,0.035095172,0.022295610,0.014926839,0.308965665,49.042212118,0.000000000,0.310283846,0.059413858,2.428127687,0.107229573,44.054135458,0,77,75,2,0.049517685,17,0,0,0,0,1461,17,13361,56964,16509,15,1119621
954,1706585342.883090734,1706585342.982928038,1,0,0,1,78.590651529,-22.142930227,-0.059998164,-0.032625310,0.013843325,-0.146199306,0.988620106,1574,687,0.436467598,0.030885744,0.021188979,0.014832566,0.312127507,49.481718788,0.000000000,0.312721118,0.065538895,2.413123541,0.112487921,44.340881277,0,69,65,4,0.043837357,11,0,0,0,0,1494,11,13376,57033,16520,15,1121115
955,1706585342.982939482,1706585343.082762957,1,0,0,1,78.707864980,-22.181923379,-0.054983169,-0.034727529,0.012438007,-0.148727754,0.988189936,1525,636,0.417049180,0.036903821,0.024446049,0.016367351,0.298251299,50.304267976,0.000000000,0.311641285,0.066119226,2.398374806,0.112691712,44.770922215,0,83,81,2,0.054426230,16,0,0,0,0,1426,16,13392,57116,16536,15,1122541
956,1706585343.082774878,1706585343.182614803,1,0,0,1,78.841859467,-22.228002662,-0.056059841,-0.038343915,0.016879246,-0.155370135,0.986967556,1458,606,0.415637860,0.035365524,0.023525264,0.016419060,0.356150150,42.465357430,0.000000000,0.312727962,0.064162411,2.394847664,0.124464637,44.793942913,0,59,57,2,0.040466392,13,0,0,0,0,1386,13,13407,57175,16549,15,1123927
957,1706585343.182625771,1706585343.282463789,1,0,0,1,78.987475243,-22.268105444,-0.057929906,-0.042763253,0.016862553,-0.160624703,0.985944554,1461,603,0.412731006,0.033582368,0.022706728,0.015652185,0.297564157,47.121426612,0.000000000,0.310747356,0.060433985,2.403713095,0.127200896,45.054067964,0,72,71,1,0.049281314,11,0,0,0,0,1378,11,13420,57247,16560,15,1125305
958,1706585343.282475710,1706585343.382303476,1,0,0,1,79.127354826,-22.318683414,-0.058267795,-0.050221528,0.020709043,-0.164980455,0.984799667,1407,614,0.436389481,0.034967783,0.023908407,0.017209890,0.296648209,46.420362311,0.000000000,0.310448050,0.059690154,2.418429986,0.127633952,45.277225243,0,72,71,1,0.051172708,22,0,0,0,0,1313,22,13433,57319,16582,15,1126618
959,1706585343.382715940,1706585343.482539654,1,0,0,1,79.264280112,-22.374753353,-0.054973467,-0.048486185,0.026967705,-0.170352209,0.983820084,1333,537,0.402850713,0.034306990,0.021986060,0.016169942,0.312800305,44.429206353,0.000000000,0.311086195,0.057588041,2.433351869,0.132710014,45.496798554,0,66,64,2,0.049512378,16,0,0,0,0,1250,17,13448,57385,16598,15,1127868
960,1706585343.482551336,1706585343.582376242,1,0,0,1,79.394773508,-22.429932552,-0.059617867,-0.051474407,0.026048140,-0.177798207,0.982374510,1313,517,0.393754760,0.033196195,0.021788223,0.014886270,0.309528825,41.101009872,0.000000000,0.313631922,0.057531653,2.440537594,0.138790275,45.469866711,0,66,65,1,0.050266565,8,0,0,0,0,1239,8,13464,57451,16606,15,1129107
961,1706585343.582388639,1706585343.682220221,1,0,0,1,79.518909144,-22.479117751,-0.053683011,-0.056660452,0.023805450,-0.183163419,0.981159547,1284,531,0.413551402,0.034597446,0.022766543,0.016973662,0.336129599,37.432990371,0.000000000,0.314993505,0.048549136,2.426044979,0.141809519,45.286866771,0,68,66,2,0.052959502,12,0,0,0,0,1204,12,13484,57519,16618,15,1130311
962,1706585343.683030367,1706585343.782843590,1,0,0,1,79.643383664,-22.529028151,-0.051740465,-0.056900988,0.021191047,-0.191882560,0.979537799,1240,491,0.395967742,0.032651344,0.022373401,0.015360545,0.304276873,39.013919352,0.000000000,0.313965804,0.049788205,2.419376828,0.153673800,45.085731811,0,58,57,1,0.046774194,8,0,0,0,0,1174,8,13496,57577,16626,15,1131485
963,1706585343.782855272,1706585343.881608725,1,0,0,1,79.766811420,-22.577687265,-0.055700289,-0.062340341,0.020211290,-0.198746148,0.977857430,1199,491,0.409507923,0.033656884,0.021083421,0.015441042,0.307876976,34.052756405,0.000000000,0.315124468,0.050169243,2.411112061,0.162391036,44.688083134,0,51,48,3,0.042535446,9,0,0,0,0,1136,12,13509,57628,16635,15,1132621
964,1706585343.882693529,1706585343.980289698,1,0,0,1,79.886981255,-22.627215263,-0.055752684,-0.065247287,0.019790738,-0.206037260,0.976165849,1181,507,0.429297206,0.031303971,0.018299890,0.013248133,0.309855086,37.095640628,0.000000000,0.315985411,0.054386652,2.411409790,0.172260304,44.294641525,0,60,54,6,0.050804403,11,0,0,0,0,1102,19,13523,57688,16646,15,1133723
965,1706585343.982522726,1706585344.078999996,1,0,0,1,80.001374065,-22.687836603,-0.058446869,-0.062331043,0.021734014,-0.211390445,0.975170013,1140,488,0.428070175,0.034795779,0.023306766,0.018206332,0.312007416,38.288187986,0.000000000,0.316539433,0.054286926,2.415140417,0.174851994,43.944956315,0,53,49,4,0.046491228,11,0,0,0,0,1074,13,13537,57741,16657,15,1134797
966,1706585344.082758665,1706585344.182581663,1,0,0,1,80.105989104,-22.744729075,-0.063257489,-0.060533247,0.019652792,-0.217524274,0.973977764,1117,484,0.433303491,0.032869976,0.020137180,0.013817368,0.318313940,38.577753734,0.000000000,0.316984669,0.051241451,2.419946580,0.176285101,43.657677506,0,46,46,0,0.041181737,8,0,0,0,0,1062,9,13547,57787,16665,15,1135859
967,1706585344.182593346,1706585344.282415628,1,0,0,1,80.213315476,-22.803282481,-0.060020205,-0.064151528,0.018843279,-0.225281071,0.971996889,1105,458,0.414479638,0.034030574,0.021118567,0.015014495,0.354384282,37.765018485,0.000000000,0.318279391,0.051268519,2.435087930,0.189657503,43.264959681,0,39,38,1,0.035294118,4,0,0,0,0,1062,4,13552,57826,16669,15,1136921
968,1706585344.282427549,1706585344.382258892,1,0,0,1,80.306886115,-22.856083174,-0.063943005,-0.061403955,0.017646387,-0.231141623,0.970820122,1073,474,0.441752097,0.037656878,0.021929226,0.016181189,0.327749167,35.947975089,0.000000000,0.316121036,0.054100844,2.420875464,0.195855050,42.887215603,0,46,44,2,0.042870457,12,0,0,0,0,1015,12,13559,57872,16681,15,1137936
969,1706585344.383068562,1706585344.482913733,1,0,0,1,80.410098021,-22.912881890,-0.057556731,-0.060588863,0.012017910,-0.237639555,0.969387436,1038,427,0.411368015,0.033171024,0.019222989,0.013446408,0.232958872,34.259121999,0.000000000,0.312044423,0.054840705,2.442344276,0.205159313,42.350591686,0,43,41,2,0.041425819,6,0,0,0,0,989,6,13565,57915,16687,15,1138925
970,1706585344.482925653,1706585344.582736015,1,0,0,1,80.514480289,-22.971003426,-0.056941550,-0.058488429,0.008736682,-0.240702647,0.968795649,1046,441,0.421606119,0.034600620,0.021555545,0.015634192,0.301768265,35.639637981,0.000000000,0.312478256,0.048983118,2.454150084,0.205914535,41.742869189,0,40,39,1,0.038240918,10,0,0,0,0,996,10,13572,57955,16697,15,1139921
971,1706585344.582749128,1706585344.682578564,1,0,0,1,80.626224917,-23.027963069,-0.057507022,-0.061359603,0.011842533,-0.242993827,0.968012786,996,430,0.431726908,0.031585424,0.020306966,0.014062170,0.314389244,34.254582677,0.000000000,0.311465833,0.048910463,2.472944399,0.208978022,41.009130330,0,45,45,0,0.045180723,6,0,0,0,0,945,6,13579,58000,16703,15,1140866
972,1706585344.682591200,1706585344.781576395,1,0,0,1,80.736613853,-23.092140243,-0.056250736,-0.058881463,0.013026676,-0.237958557,0.969401364,990,438,0.442424242,0.034929323,0.020720071,0.015138272,0.329295230,34.706541812,0.000000000,0.312052053,0.049042657,2.471869196,0.213338305,40.369984399,0,46,43,3,0.046464646,10,0,0,0,0,934,10,13592,58046,16713,15,1141800
973,1706585344.782423496,1706585344.880349398,1,0,0,1,80.858272501,-23.160035541,-0.053082954,-0.058859909,0.015451110,-0.227327849,0.971915029,1018,459,0.450884086,0.036405528,0.022525961,0.015743617,0.323683454,35.841691260,0.000000000,0.312787943,0.050881599,2.493784530,0.228924195,39.709958356,0,48,46,2,0.047151277,10,0,0,0,0,960,10,13601,58094,16723,15,1142760
974,1706585344.883069038,1706585344.982910395,1,0,0,1,80.994623612,-23.221104339,-0.060255557,-0.056501475,0.023656653,-0.215347300,0.974614532,1047,420,0.401146132,0.036367116,0.022844936,0.016833036,0.266079158,33.669110468,0.000000000,0.310485525,0.047713230,2.519727886,0.247380165,38.919327940,0,42,40,2,0.040114613,12,0,0,0,0,992,13,13607,58136,16735,15,1143752
975,1706585344.982921839,1706585345.082661152,1,0,0,1,81.132589785,-23.277840196,-0.063579577,-0.054186833,0.026190486,-0.202295093,0.977473550,1080,449,0.415740741,0.039919597,0.024972340,0.018214941,0.397892839,34.352808349,0.000000000,0.315467602,0.057162388,2.527241070,0.259891154,38.121754959,0,53,51,2,0.049074074,13,0,0,0,0,1014,13,13619,58189,16748,15,1144766
976,1706585345.082773447,1706585345.181308031,1,0,0,1,81.267102658,-23.326734706,-0.063860051,-0.054247723,0.030627801,-0.189745847,0.979854906,1125,472,0.419555556,0.037531966,0.021850916,0.015284554,0.323150031,37.613487700,0.000000000,0.313817596,0.059918292,2.519316402,0.274140423,37.879161472,0,54,52,2,0.048000000,13,0,0,0,0,1058,13,13636,58243,16761,15,1145824
977,1706585345.182617188,1706585345.280036926,1,0,0,1,81.398480240,-23.371533048,-0.067941531,-0.059139284,0.030035686,-0.179862451,0.981452954,1172,485,0.413822526,0.038329339,0.023356343,0.016405712,0.340039022,39.417174434,0.000000000,0.315941340,0.063424806,2.509438663,0.284745301,37.493948863,0,50,48,2,0.042662116,11,0,0,0,0,1110,12,13650,58293,16772,15,1146934
978,1706585345.282471657,1706585345.378782988,1,0,0,1,81.522641625,-23.418663730,-0.072721648,-0.059812634,0.028386939,-0.172584129,0.982767190,1210,510,0.421487603,0.036961274,0.022852787,0.017600686,0.321311357,38.332878166,0.000000000,0.317174497,0.064611483,2.494332968,0.288153370,37.089574656,0,60,57,3,0.049586777,13,0,0,0,0,1137,13,13670,58353,16785,15,1148071
979,1706585345.382713318,1706585345.482539415,1,0,0,1,81.637705663,-23.466183294,-0.080253789,-0.057275199,0.023947705,-0.171735738,0.983185077,1284,527,0.410436137,0.039794563,0.026096111,0.018918331,0.362154811,40.846117086,0.000000000,0.319642222,0.070580171,2.477294677,0.275462783,36.910420193,0,76,72,4,0.059190031,10,0,0,0,0,1198,10,13693,58429,16795,15,1149269
980,1706585345.482551813,1706585345.582367659,1,0,0,1,81.752338426,-23.503686134,-0.082076823,-0.066307587,0.024783464,-0.173833228,0.982227618,1302,571,0.438556068,0.038138036,0.024210116,0.016501433,0.347962880,41.034165366,0.000000000,0.321563925,0.070995832,2.464263442,0.269308073,36.907077967,0,59,58,1,0.045314900,19,0,0,0,0,1224,19,13702,58488,16814,15,1150493
981,1706585345.582778692,1706585345.682602167,1,0,0,1,81.854731676,-23.539305581,-0.080984521,-0.067309886,0.022263188,-0.177859854,0.981498651,1263,532,0.421219319,0.036819913,0.021275551,0.015141821,0.346623318,38.035070737,0.000000000,0.322088611,0.071007267,2.438558702,0.259725165,36.937181986,0,62,58,4,0.049089470,11,0,0,0,0,1190,11,13715,58550,16825,15,1151683
982,1706585345.682613611,1706585345.782434225,1,0,0,1,81.952446387,-23.583168598,-0.077479304,-0.073433088,0.021888364,-0.184281843,0.979881974,1254,521,0.415470494,0.036696601,0.024612159,0.016837217,0.321026757,42.168246794,0.000000000,0.322926105,0.068324120,2.412992005,0.258869462,37.094898358,0,52,51,1,0.041467305,17,0,0,0,0,1185,17,13723,58602,16842,15,1152868
983,1706585345.782445908,1706585345.882265329,1,0,0,1,82.048773305,-23.631347035,-0.078394430,-0.071081262,0.026314298,-0.192599726,0.978345725,1217,496,0.407559573,0.038898825,0.025266035,0.017446899,0.424304008,39.853739397,0.000000000,0.328747457,0.068915050,2.390723152,0.261598294,37.384947507,0,57,55,2,0.046836483,12,0,0,0,0,1148,12,13736,58659,16854,15,1154016
984,1706585345.883076191,1706585345.982866764,1,0,0,1,82.144686472,-23.681378697,-0.084374706,-0.068933413,0.026580415,-0.198690053,0.977273723,1100,445,0.404545455,0.036421974,0.023251981,0.016534536,0.359369509,36.328173623,0.000000000,0.331223178,0.061538383,2.369575428,0.262818841,37.346574157,0,52,51,1,0.047272727,10,0,0,0,0,1038,10,13745,58711,16864,15,1155054
985,1706585345.982915401,1706585346.081429482,1,0,0,1,82.225541660,-23.732019466,-0.086074368,-0.063428609,0.024613799,-0.204835890,0.976428815,1090,474,0.434862385,0.036874389,0.022752146,0.017160359,0.351216742,36.916432080,0.000000000,0.333183644,0.060703242,2.345813843,0.262695934,37.277986362,0,57,54,3,0.052293578,13,0,0,0,0,1019,14,13762,58768,16877,15,1156073
986,1706585346.082752705,1706585346.182576656,1,0,0,1,82.326273489,-23.774792505,-0.087378711,-0.056443948,0.025470189,-0.212992707,0.975089461,1036,426,0.411196911,0.036175062,0.022758010,0.017428797,0.387288315,35.859261223,0.000000000,0.336632363,0.056276850,2.332955890,0.263515201,37.142061736,0,49,47,2,0.047297297,9,0,0,0,0,978,9,13770,58817,16886,15,1157051
987,1706585346.182588339,1706585346.282399654,1,0,0,1,82.435588108,-23.825685955,-0.090864838,-0.064111506,0.028405255,-0.218540332,0.973305183,995,423,0.425125628,0.038776694,0.024958640,0.018519380,0.361786987,37.450553652,0.000000000,0.337002498,0.055028263,2.346075785,0.263636891,37.126338495,0,48,48,0,0.048241206,10,0,0,0,0,937,10,13784,58865,16896,15,1157988
988,1706585346.282411814,1706585346.382239580,1,0,0,1,82.537916450,-23.874504883,-0.085446936,-0.065785209,0.028476194,-0.221150163,0.972601675,1008,433,0.429563492,0.036318289,0.025730464,0.017278779,0.316720588,39.827089866,0.000000000,0.336451069,0.054931744,2.341601056,0.256413128,37.320294233,0,48,47,1,0.047619048,7,0,0,0,0,953,7,13795,58913,16903,15,1158941
989,1706585346.383050442,1706585346.481039762,1,0,0,1,82.652970964,-23.935905998,-0.097725691,-0.066205281,0.033666601,-0.225637463,0.971375909,987,408,0.413373860,0.040150941,0.024842368,0.016938944,0.344247919,38.277606369,0.000000000,0.342015522,0.053239523,2.353116682,0.260525672,37.521218452,0,55,53,2,0.055724417,10,0,0,0,0,922,10,13810,58968,16913,15,1159863
990,1706585346.482899189,1706585346.579775810,1,0,0,1,82.765548478,-23.998891913,-0.100209127,-0.064131739,0.038419183,-0.229948158,0.970327229,960,399,0.415625000,0.037693525,0.028432217,0.019047616,0.368316073,42.455796727,0.000000000,0.345342912,0.050838713,2.356714678,0.265010652,37.862026389,0,49,45,4,0.051041667,8,0,0,0,0,900,11,13825,59017,16921,15,1160763
991,1706585346.582731724,1706585346.682573318,1,0,0,1,82.886103738,-24.063291242,-0.102136730,-0.058924419,0.041520664,-0.237797639,0.968636273,929,390,0.419806243,0.032403106,0.025063954,0.016899580,0.384395352,39.067646823,0.000000000,0.348843217,0.047635230,2.365711186,0.271218018,38.102679597,0,59,56,3,0.063509150,2,0,0,0,0,866,4,13850,59076,16923,15,1161629
992,1706585346.682585001,1706585346.782411575,1,0,0,1,83.020223893,-24.128636775,-0.109115286,-0.063654768,0.049993435,-0.244596890,0.966240699,886,382,0.431151242,0.038978829,0.023180500,0.016409862,0.336208999,40.949644114,0.000000000,0.349188906,0.046059296,2.375708385,0.265430315,38.414834712,0,46,43,3,0.051918736,13,0,0,0,0,827,13,13865,59122,16936,15,1162456
993,1706585346.782423735,1706585346.882266998,1,0,0,1,83.136095121,-24.199051189,-0.115884451,-0.064013278,0.049834763,-0.249520814,0.964965367,841,361,0.429250892,0.033538543,0.024434946,0.015884751,0.375061791,36.859459974,0.000000000,0.351757823,0.051374398,2.361891789,0.252082821,38.465723147,0,39,38,1,0.046373365,11,0,0,0,0,791,11,13873,59161,16947,15,1163247
994,1706585346.883078337,1706585346.982884645,1,0,0,1,83.241269638,-24.272286417,-0.124589675,-0.060471510,0.049077640,-0.255987322,0.963537790,840,365,0.434523810,0.035192132,0.022341396,0.016136878,0.256592401,45.073502736,0.000000000,0.351283485,0.052697599,2.341133947,0.238718700,39.035942761,0,60,55,5,0.071428571,11,0,0,0,0,769,11,13894,59221,16958,15,1164016
995,1706585346.982895613,1706585347.082716703,1,0,0,1,83.358415410,-24.354846160,-0.128203857,-0.059695534,0.050386783,-0.263412555,0.961515180,857,351,0.409568261,0.036542005,0.024504021,0.016483479,0.392915532,44.232174217,0.000000000,0.351034620,0.050484232,2.341370750,0.229308325,39.529911054,0,55,53,2,0.064177363,10,0,0,0,0,792,10,13908,59276,16968,15,1164808
996,1706585347.082729340,1706585347.182555914,1,0,0,1,83.470405849,-24.428823039,-0.130810594,-0.060779322,0.047843850,-0.270226163,0.959684667,773,298,0.385510996,0.033807980,0.020999249,0.014691804,0.290721052,47.140185723,0.000000000,0.349413171,0.054247489,2.336748462,0.223041588,40.006245955,0,50,49,1,0.064683053,7,0,0,0,0,716,7,13923,59326,16975,15,1165524
997,1706585347.182568073,1706585347.281539440,1,0,0,1,83.577201157,-24.505841170,-0.137507764,-0.054908918,0.046425388,-0.277062202,0.958157727,748,324,0.433155080,0.036606051,0.021345361,0.014065811,0.412522820,46.115055170,0.000000000,0.353037361,0.053686748,2.335697143,0.221711707,40.341139992,0,46,45,1,0.061497326,12,0,0,0,0,690,12,13937,59372,16987,15,1166214
998,1706585347.282413483,1706585347.380137205,1,0,0,1,83.666342058,-24.576610049,-0.144503471,-0.048853472,0.045123879,-0.283834131,0.956564352,746,323,0.432975871,0.034214176,0.023107549,0.015946550,0.278032009,42.327782444,0.000000000,0.350873393,0.056081576,2.325011063,0.232884419,40.540885206,0,45,44,1,0.060321716,4,0,0,0,0,697,4,13952,59417,16991,15,1166911
999,1706585347.383045912,1706585347.478724718,1,0,0,1,83.748120116,-24.641449198,-0.150015216,-0.048171471,0.044952641,-0.289775800,0.954823939,721,344,0.477115118,0.033183160,0.021925324,0.014851751,0.316208748,46.775994115,0.000000000,0.348576090,0.056802553,2.308894856,0.240624503,40.837379057,0,40,40,0,0.055478502,6,0,0,0,0,675,6,13959,59457,16997,15,1167586
1000,1706585347.482877254,1706585347.582708597,1,0,0,1,83.826432107,-24.692505124,-0.158079610,-0.047194948,0.040446371,-0.294186161,0.953724924,703,292,0.415362731,0.028457950,0.019629781,0.012551621,0.356479245,45.276508830,0.000000000,0.349001908,0.073772245,2.294309884,0.241299892,41.049496231,0,35,35,0,0.049786629,5,0,0,0,0,663,5,13966,59492,17002,15,1168249
1001,1706585347.582719803,1706585347.681942701,1,0,0,1,83.891111324,-24.744363549,-0.158803635,-0.047219376,0.037352557,-0.297602599,0.952789489,681,309,0.453744493,0.034037105,0.023533485,0.016838102,0.415981132,41.633323849,0.000000000,0.352469799,0.074629702,2.270049413,0.234923498,41.229408886,0,41,41,0,0.060205580,1,0,0,0,0,639,1,13978,59533,17003,15,1168888
1002,1706585347.682578802,1706585347.780728817,1,0,0,1,83.951340075,-24.796548398,-0.162186648,-0.047400099,0.036132843,-0.300300817,0.951980602,690,294,0.426086957,0.031310832,0.022348270,0.014703043,0.307512596,45.339153481,0.000000000,0.351794091,0.079644961,2.242105494,0.222840910,41.387954221,0,41,41,0,0.059420290,6,0,0,0,0,642,7,13988,59574,17009,15,1169530
1003,1706585347.782411575,1706585347.879546165,1,0,0,1,84.010635990,-24.851158050,-0.164888907,-0.045883037,0.034063416,-0.302493705,0.951436802,643,270,0.419906687,0.029963437,0.019645013,0.013130553,0.377789377,39.512031972,0.000000000,0.349468359,0.084299988,2.214419028,0.214714272,41.370868849,0,30,30,0,0.046656299,7,0,0,0,0,606,7,13994,59604,17016,15,1170136
1004,1706585347.883055210,1706585347.982884169,1,0,0,1,84.095818646,-24.915251817,-0.176881440,-0.039003432,0.045284299,-0.301151767,0.951701465,677,295,0.435745938,0.031404376,0.022106355,0.015527850,0.260582222,47.326737710,0.000000000,0.344528995,0.087301346,2.226274189,0.204142165,41.920797054,0,32,30,2,0.047267356,4,0,0,0,0,639,6,14000,59636,17020,15,1170775
1005,1706585347.982897043,1706585348.082725286,1,0,0,1,84.194278812,-24.981952855,-0.191872094,-0.037277577,0.055130234,-0.296960268,0.952567918,629,259,0.411764706,0.032824856,0.025405333,0.014825542,0.337874140,48.314999610,0.000000000,0.343861865,0.087485198,2.236696749,0.194924338,42.490725430,0,31,29,2,0.049284579,5,0,0,0,0,589,9,14008,59667,17025,15,1171364
1006,1706585348.082737207,1706585348.182569027,1,0,0,1,84.286424146,-25.048651864,-0.193383467,-0.034582612,0.057999758,-0.289322202,0.954846969,678,278,0.410029499,0.030593747,0.020305472,0.012911145,0.355937339,44.799744333,0.000000000,0.342294316,0.090990187,2.229827205,0.198721922,42.937749586,0,46,27,19,0.067846608,7,0,0,0,0,613,19,14033,59713,17032,15,1171977
1007,1706585348.182581186,1706585348.282406807,1,0,0,1,84.391577761,-25.119814573,-0.195905137,-0.034051086,0.066423292,-0.276561189,0.958093095,704,291,0.413352273,0.031176359,0.020035321,0.015153676,0.338378315,49.125360511,0.000000000,0.341123882,0.088844102,2.243315848,0.218677074,43.521489929,0,58,45,13,0.082386364,5,0,0,0,0,633,13,14056,59771,17037,15,1172610
1008,1706585348.282417059,1706585348.382259130,1,0,0,1,84.511209981,-25.181278235,-0.203335091,-0.033248721,0.075982499,-0.264464567,0.960822395,761,331,0.434954008,0.036762330,0.025521220,0.016241329,0.328536958,48.914744540,0.000000000,0.341714701,0.089350566,2.247028586,0.232296668,43.975872662,0,71,55,16,0.093298292,6,0,0,0,0,677,13,14083,59842,17043,15,1173287
1009,1706585348.383068562,1706585348.482343197,1,0,0,1,84.609218017,-25.219582347,-0.209980692,-0.033338308,0.061468591,-0.253582322,0.964782968,687,295,0.429403202,0.037703770,0.026796112,0.016033389,0.354385563,54.737855115,0.000000000,0.342221583,0.083436654,2.223441905,0.247769878,44.798885100,0,49,42,7,0.071324600,5,0,0,0,0,627,11,14102,59891,17048,15,1173914
1010,1706585348.482904434,1706585348.581092358,1,0,0,1,84.708746109,-25.222466631,-0.217474464,-0.058788219,0.053804580,-0.243926239,0.966513840,736,305,0.414402174,0.037227763,0.023379615,0.016304461,0.450604448,47.535001797,0.000000000,0.346336002,0.082597391,2.186601901,0.250572322,45.052845353,0,68,66,2,0.092391304,10,0,0,0,0,658,10,14124,59959,17058,15,1174572
1011,1706585348.582749844,1706585348.679843426,1,0,0,1,84.789165974,-25.217407226,-0.210845663,-0.093917871,0.044406405,-0.233595088,0.966768245,777,323,0.415701416,0.038364372,0.025673657,0.017169022,0.405364889,43.366925525,0.000000000,0.347384479,0.086262121,2.118097827,0.256127095,45.267809288,0,53,52,1,0.068211068,8,0,0,0,0,716,8,14144,60012,17066,15,1175288
1012,1706585348.682601929,1706585348.778613806,1,0,0,1,84.871978567,-25.239288408,-0.208710440,-0.097139206,0.042697638,-0.224066553,0.968780195,881,376,0.426787741,0.032712679,0.021431446,0.013829468,0.319391680,50.802612237,0.000000000,0.346543613,0.080821925,2.068021345,0.265746992,45.760457695,0,63,59,4,0.071509648,5,0,0,0,0,813,5,14170,60075,17071,15,1176101
1013,1706585348.782444239,1706585348.882279634,1,0,0,1,84.940521664,-25.292361817,-0.221424973,-0.086261517,0.039209708,-0.218738152,0.971172060,902,360,0.399113082,0.039079515,0.023301622,0.016099430,0.394309615,47.110152268,0.000000000,0.347506004,0.086992458,2.027181899,0.264778577,46.272992309,0,65,61,4,0.072062084,12,0,0,0,0,825,12,14191,60140,17083,15,1176926
1014,1706585348.883090258,1706585348.981848001,1,0,0,1,84.960845804,-25.363991423,-0.227996954,-0.065552023,0.019364750,-0.213411666,0.974568314,911,407,0.446761800,0.037639791,0.026238432,0.016956416,0.418506043,48.592250855,0.000000000,0.355601686,0.089413231,1.958567799,0.264047860,46.448929715,0,67,64,3,0.073545554,5,0,0,0,0,838,6,14218,60207,17088,15,1177764
1015,1706585348.982931852,1706585349.080750465,1,0,0,1,84.995081800,-25.443219559,-0.239654872,-0.040543558,0.007924599,-0.213302184,0.976112493,960,380,0.395833333,0.041421379,0.032012597,0.018689268,0.387801575,50.825526771,0.000000000,0.355345988,0.099037349,1.911417141,0.251941152,46.778597343,0,83,81,2,0.086458333,8,0,0,0,0,868,9,14242,60290,17096,15,1178632
1016,1706585349.082784414,1706585349.179585695,1,0,0,1,85.073984018,-25.486532348,-0.243292555,-0.028486603,0.010343541,-0.207752288,0.977711875,935,377,0.403208556,0.035298299,0.024626961,0.015652022,0.505058223,47.582131726,0.000000000,0.366062847,0.098881259,1.869658906,0.249497683,46.800694643,0,52,52,0,0.055614973,9,0,0,0,0,872,11,14248,60342,17105,15,1179504
1017,1706585349.182617188,1706585349.282430887,1,0,0,1,85.146756572,-25.513362658,-0.242063606,-0.038093853,0.002642782,-0.205208862,0.977973004,981,390,0.397553517,0.037190634,0.024685504,0.018420138,0.405305617,49.205858002,0.000000000,0.365701987,0.099387545,1.833197750,0.241655916,46.955234785,0,87,75,12,0.088685015,12,0,0,0,0,878,16,14286,60429,17117,15,1180382
1018,1706585349.282443285,1706585349.382267475,1,0,0,1,85.240628414,-25.551343945,-0.241317572,-0.045203879,0.003457753,-0.201588721,0.978420483,962,368,0.382536383,0.036288734,0.026473932,0.017864259,0.425278149,49.992269890,0.000000000,0.373064294,0.099674017,1.829955939,0.236713984,47.338459157,0,78,78,0,0.081081081,14,0,0,0,0,869,15,14301,60507,17131,15,1181251
1019,1706585349.383078098,1706585349.482908010,1,0,0,1,85.348480534,-25.600408177,-0.246520948,-0.041243200,0.005616777,-0.196850563,0.979549543,979,400,0.408580184,0.034250784,0.022833053,0.016040553,0.441404660,48.793806070,0.000000000,0.379324089,0.099099846,1.854725671,0.237679642,47.439349755,0,72,71,1,0.073544433,11,0,0,0,0,896,11,14318,60579,17142,15,1182147
1020,1706585349.482920647,1706585349.582738876,1,0,0,1,85.458089493,-25.656000704,-0.243578273,-0.037919850,0.006951723,-0.191006872,0.980831348,992,414,0.417338710,0.035085475,0.022960948,0.016663923,0.417724894,48.641150767,0.000000000,0.382386372,0.089282432,1.894756988,0.242770408,47.607581852,0,58,56,2,0.058467742,13,0,0,0,0,921,13,14341,60637,17155,15,1183068
1021,1706585349.582751036,1706585349.682581186,1,0,0,1,85.578586291,-25.696535152,-0.238671897,-0.043212993,0.008473644,-0.185348187,0.981685736,1076,449,0.417286245,0.038674629,0.025880082,0.017246226,0.384005685,53.339614767,0.000000000,0.380787599,0.091232399,1.942220092,0.248674057,48.192896397,0,76,76,0,0.070631970,15,0,0,0,0,985,15,14357,60713,17170,15,1184053
1022,1706585349.682593822,1706585349.782396078,1,0,0,1,85.697138044,-25.749295165,-0.239405157,-0.040797653,0.013135756,-0.179836355,0.982762377,1070,480,0.448598131,0.037546856,0.023991230,0.017449180,0.383807334,45.836933095,0.000000000,0.384602336,0.087731682,1.991327196,0.255211759,48.217785378,0,75,74,1,0.070093458,15,0,0,0,0,980,15,14376,60788,17185,15,1185033
1023,1706585349.782431841,1706585349.881106853,1,0,0,1,85.816256046,-25.790839159,-0.240736791,-0.040672600,0.011715339,-0.174802350,0.983693361,1093,452,0.413540714,0.038483930,0.024825712,0.017936987,0.443432030,42.519451062,0.000000000,0.387884469,0.080597796,2.010213940,0.264031470,48.368156333,0,71,70,1,0.064958829,15,0,0,0,0,1007,15,14392,60859,17200,15,1186040
1024,1706585349.883067131,1706585349.979822874,1,0,0,1,85.934979141,-25.835884683,-0.240894076,-0.044512523,0.014033119,-0.170997415,0.984165429,1115,478,0.428699552,0.039055167,0.022600666,0.016784770,0.391184040,50.739749443,0.000000000,0.394414560,0.076234651,2.017328195,0.264095386,48.538806919,0,93,91,2,0.083408072,17,0,0,0,0,1005,17,14410,60952,17217,15,1187045
1025,1706585349.982904196,1706585350.082731247,1,0,0,1,86.072089509,-25.881187061,-0.241746103,-0.049863079,0.016284688,-0.167395905,0.984493318,1122,504,0.449197861,0.040867407,0.026362460,0.018381766,0.539013876,47.232754013,0.000000000,0.404471547,0.076481895,2.047969343,0.255337236,48.484694639,0,73,72,1,0.065062389,19,0,0,0,0,1030,19,14420,61025,17236,15,1188075
1026,1706585350.082742453,1706585350.182557106,1,0,0,1,86.194772733,-25.911080665,-0.249986895,-0.047174824,0.015163599,-0.163898495,0.985231894,1130,506,0.447787611,0.041235276,0.028616762,0.018337791,0.462675057,47.760138963,0.000000000,0.409808433,0.069463867,2.047515519,0.237233183,48.632714371,0,69,69,0,0.061061947,15,0,0,0,0,1046,15,14431,61094,17251,15,1189121
1027,1706585350.182569027,1706585350.281735420,1,0,0,1,86.305972843,-25.950034929,-0.246899305,-0.046978486,0.015966520,-0.159898829,0.985885621,1192,522,0.437919463,0.041645314,0.024749978,0.017325344,0.430203992,52.381697678,0.000000000,0.414399716,0.062033647,2.030678846,0.221597381,48.795531229,0,80,80,0,0.067114094,21,0,0,0,0,1091,21,14444,61174,17272,15,1190212
1028,1706585350.282423019,1706585350.380618095,1,0,0,1,86.415000291,-25.979338586,-0.243901042,-0.044456566,0.014015036,-0.156441008,0.986586744,1187,509,0.428812131,0.038900425,0.023773429,0.017327420,0.452529553,50.766896015,0.000000000,0.420599346,0.061800211,2.038178537,0.203804376,48.888138803,0,82,78,4,0.069081719,20,0,0,0,0,1085,20,14468,61256,17292,15,1191297
1029,1706585350.383052111,1706585350.482878685,1,0,0,1,86.528286023,-26.011638890,-0.243899553,-0.043913341,0.012993801,-0.153228432,0.987129083,1246,536,0.430176565,0.039769358,0.023599666,0.015585558,0.447146064,53.069745086,0.000000000,0.425237371,0.062496544,2.056127602,0.191198511,48.804733302,0,90,90,0,0.072231140,22,0,0,0,0,1134,22,14493,61346,17314,15,1192431
1030,1706585350.482891083,1706585350.582709551,1,0,0,1,86.632839816,-26.053722923,-0.253173029,-0.042132584,0.016689845,-0.153036993,0.987180821,1275,571,0.447843137,0.038534135,0.024217821,0.015941661,0.476559524,50.168154860,0.000000000,0.426535125,0.062253249,2.088363057,0.169971484,48.936390955,0,92,79,13,0.072156863,20,0,0,0,0,1157,26,14531,61438,17334,15,1193588
1031,1706585350.582721949,1706585350.682538033,1,0,0,1,86.745330378,-26.102447029,-0.251140735,-0.046365198,0.017665039,-0.150274170,0.987398546,1287,531,0.412587413,0.033918495,0.021388902,0.014583640,0.439760837,49.271924766,0.000000000,0.428254922,0.067038625,2.125288100,0.155611064,49.231640917,0,118,94,24,0.091686092,10,0,0,0,0,1146,23,14579,61556,17344,15,1194734
1032,1706585350.682549715,1706585350.782372713,1,0,0,1,86.865478653,-26.143745865,-0.255681124,-0.044739851,0.023589858,-0.149753785,0.987428817,1282,575,0.448517941,0.036767737,0.021174088,0.016621341,0.405911097,53.422553865,0.000000000,0.432580893,0.059499857,2.164801014,0.144036885,49.362637998,0,83,75,8,0.064742590,26,0,0,0,0,1172,27,14601,61639,17370,15,1195906
1033,1706585350.782385111,1706585350.882186890,1,0,0,1,86.995487411,-26.193650001,-0.251217243,-0.043684210,0.028997952,-0.149321439,0.987397547,1235,537,0.434817814,0.036073148,0.022511537,0.015964142,0.396818215,53.935409943,0.000000000,0.432706323,0.060485017,2.229383563,0.129536460,49.703900882,0,97,96,1,0.078542510,16,0,0,0,0,1120,18,14624,61736,17386,15,1197026
1034,1706585350.882997036,1706585350.982823372,1,0,0,1,87.125515934,-26.223317222,-0.256405002,-0.046767427,0.031613393,-0.147809256,0.987403578,1295,557,0.430115830,0.037366219,0.023073319,0.016510193,0.381758925,50.506071612,0.000000000,0.430868967,0.060573229,2.275761909,0.130539493,49.799591920,0,90,89,1,0.069498069,19,0,0,0,0,1186,19,14641,61826,17405,15,1198212
1035,1706585350.982834816,1706585351.082142115,1,0,0,1,87.251813123,-26.271854944,-0.262024868,-0.044362419,0.034990517,-0.147853988,0.987393963,1230,535,0.434959350,0.035263713,0.020501919,0.014600582,0.437488373,52.601843411,0.000000000,0.433353307,0.058973786,2.321099396,0.119698595,49.888407752,0,85,81,4,0.069105691,11,0,0,0,0,1134,11,14661,61911,17416,15,1199346
1036,1706585351.082679033,1706585351.180583239,1,0,0,1,87.374455792,-26.305566951,-0.268112744,-0.042616349,0.033837564,-0.148453561,0.987421089,1199,524,0.437030859,0.038246881,0.023639385,0.016899488,0.468754101,50.759998707,0.000000000,0.431538101,0.057115678,2.370865944,0.114950250,50.047301101,0,76,75,1,0.063386155,15,0,0,0,0,1108,15,14678,61987,17431,15,1200454
1037,1706585351.182517052,1706585351.279114246,1,0,0,1,87.498678485,-26.346744885,-0.274188955,-0.041441513,0.033344076,-0.149816550,0.987282014,1209,525,0.434243176,0.035794202,0.022179698,0.016441097,0.419328293,51.205339637,0.000000000,0.432239235,0.058269283,2.400609449,0.110194313,50.147275183,0,60,57,3,0.049627792,13,0,0,0,0,1136,13,14692,62047,17444,15,1201590
1038,1706585351.282746315,1706585351.382580757,1,0,0,1,87.628364327,-26.378349142,-0.275627820,-0.042754865,0.026911246,-0.152356916,0.987033523,1200,518,0.431666667,0.038800135,0.021943758,0.015964505,0.398468404,50.686804472,0.000000000,0.430898748,0.057762317,2.415496382,0.105251011,50.182001912,0,90,89,1,0.075000000,12,0,0,0,0,1097,13,14709,62137,17456,15,1202687
1039,1706585351.382593632,1706585351.482432127,1,0,0,1,87.737753431,-26.417499447,-0.283436290,-0.045808216,0.024378134,-0.158343558,0.986019590,1222,548,0.448445172,0.038483803,0.022040529,0.016199104,0.419420364,52.027013167,0.000000000,0.429799533,0.053338098,2.409006272,0.105410847,50.343662266,0,80,77,3,0.065466448,24,0,0,0,0,1118,24,14731,62217,17480,15,1203805
1040,1706585351.482443333,1706585351.581647158,1,0,0,1,87.844111289,-26.456016966,-0.284137930,-0.048896509,0.019091970,-0.164859482,0.984919276,1193,494,0.414082146,0.035246517,0.020399213,0.014742072,0.476765760,50.169244453,0.000000000,0.432751576,0.053027050,2.394899516,0.106713153,50.420066951,0,82,82,0,0.068734283,7,0,0,0,0,1103,8,14755,62299,17487,15,1204908
1041,1706585351.583082438,1706585351.680558681,1,0,0,1,87.954207510,-26.501597235,-0.291327160,-0.041449567,0.020116908,-0.165124317,0.985196023,1187,523,0.440606571,0.033660341,0.019685279,0.015376075,0.412792545,50.069570748,0.000000000,0.434190919,0.058828355,2.384510737,0.096392330,50.256564750,0,91,88,3,0.076663858,12,0,0,0,0,1082,14,14775,62390,17499,15,1205990
1042,1706585351.682918549,1706585351.782750607,1,0,0,1,88.062881855,-26.546516204,-0.293864769,-0.039334050,0.018212384,-0.160837915,0.986028553,1227,516,0.420537897,0.036401381,0.023480237,0.018160050,0.460036802,49.585371018,0.000000000,0.438002393,0.059448171,2.375968193,0.094956885,50.443986646,0,100,82,18,0.081499593,9,0,0,0,0,1110,17,14813,62490,17508,15,1207100
1043,1706585351.782762527,1706585351.882586718,1,0,0,1,88.169299479,-26.566264963,-0.288992209,-0.042755952,0.021215293,-0.156782637,0.986479115,1256,528,0.420382166,0.032633323,0.018809970,0.013232647,0.403658022,46.908368032,0.000000000,0.436013692,0.066582861,2.357330910,0.095326587,50.663432494,0,120,91,29,0.095541401,15,0,0,0,0,1104,32,14874,62610,17523,15,1208204
1044,1706585351.882598877,1706585351.982428789,1,0,0,1,88.272163829,-26.592759291,-0.288462646,-0.046222041,0.019390315,-0.150989983,0.987263675,1264,567,0.448575949,0.032619048,0.019980480,0.015181458,0.402407563,52.569901641,0.000000000,0.436574868,0.071980268,2.319150609,0.100148303,50.754940104,0,92,78,14,0.072784810,24,0,0,0,0,1140,32,14905,62702,17547,15,1209344
1045,1706585351.982439995,1706585352.082274199,1,0,0,1,88.371788945,-26.626440098,-0.291491517,-0.044702942,0.016768321,-0.145392004,0.988221451,1321,600,0.454201363,0.038115873,0.021651439,0.014630388,0.474127022,52.221642440,0.000000000,0.433330526,0.068752098,2.297817319,0.104518324,51.004384526,0,114,109,5,0.086298259,28,0,0,0,0,1175,32,14933,62816,17575,15,1210519
1046,1706585352.083085775,1706585352.182918549,1,0,0,1,88.465349760,-26.663227053,-0.301325410,-0.038469271,0.014076885,-0.141453215,0.989097035,1445,641,0.443598616,0.035871320,0.023243798,0.017610609,0.474661348,49.922418239,0.000000000,0.433929840,0.064139978,2.280964084,0.104817778,51.112498489,0,99,92,7,0.068512111,15,0,0,0,0,1330,16,14961,62915,17590,15,1211849
1047,1706585352.182931900,1706585352.282756805,1,0,0,1,88.562465006,-26.689033664,-0.299586174,-0.041044460,0.013821368,-0.139416293,0.989286318,1430,630,0.440559441,0.035393766,0.022113347,0.015180371,0.476925146,50.058016126,0.000000000,0.436265898,0.057051948,2.268528104,0.101680190,50.996314412,0,81,80,1,0.056643357,18,0,0,0,0,1331,18,14976,62996,17608,15,1213180
1048,1706585352.282768250,1706585352.381750345,1,0,0,1,88.654954231,-26.711448584,-0.305598894,-0.041002528,0.012085181,-0.137502849,0.989578551,1421,606,0.426460239,0.032811115,0.020288913,0.014634678,0.504770259,48.544386849,0.000000000,0.438877933,0.059076894,2.246083942,0.099094569,50.885188954,0,87,83,4,0.061224490,12,0,0,0,0,1322,12,14998,63083,17620,15,1214502
1049,1706585352.382610559,1706585352.480304718,1,0,0,1,88.747528041,-26.745956983,-0.307814386,-0.040154513,0.011767596,-0.135322028,0.989917718,1407,638,0.453447050,0.032256118,0.019268104,0.013673239,0.416630383,50.485722006,0.000000000,0.437352149,0.059142932,2.231818726,0.103470747,50.755987800,0,86,85,1,0.061122957,12,0,0,0,0,1309,12,15016,63169,17632,15,1215811
1050,1706585352.482464314,1706585352.578893185,1,0,0,1,88.842027636,-26.769835012,-0.308369888,-0.036551718,0.010794343,-0.133092964,0.990370495,1413,591,0.418259023,0.034010875,0.020334934,0.013971589,0.440120898,48.649193283,0.000000000,0.435530218,0.057454160,2.206683703,0.102685490,50.680039721,0,78,76,2,0.055201699,23,0,0,0,0,1312,23,15033,63247,17655,15,1217123
1051,1706585352.583098412,1706585352.682933331,1,0,0,1,88.938363812,-26.797409574,-0.309976927,-0.032629039,0.009215480,-0.132496995,0.990603335,1455,651,0.447422680,0.037189675,0.025267311,0.016851905,0.452884098,49.522060424,0.000000000,0.436186381,0.057158166,2.179772320,0.103577414,50.692546504,0,89,87,2,0.061168385,25,0,0,0,0,1341,25,15046,63336,17680,15,1218464
1052,1706585352.682946205,1706585352.782765865,1,0,0,1,89.034898339,-26.834371383,-0.315087857,-0.033760086,0.008788655,-0.130897058,0.990782002,1469,678,0.461538462,0.036259691,0.021381121,0.015125410,0.474798699,46.867027257,0.000000000,0.439630761,0.056891505,2.143938104,0.106495694,50.364770173,0,102,100,2,0.069434990,31,0,0,0,0,1336,31,15071,63438,17711,15,1219800
1053,1706585352.782777786,1706585352.881814957,1,0,0,1,89.139548305,-26.861264406,-0.313578277,-0.035431701,0.011541788,-0.129854317,0.990832598,1489,641,0.430490262,0.035191941,0.023830014,0.015665556,0.494045318,49.425088714,0.000000000,0.444492116,0.056943795,2.118527997,0.105752762,50.139254112,0,104,103,1,0.069845534,20,0,0,0,0,1365,20,15086,63542,17731,15,1221165
1054,1706585352.882627010,1706585352.980830193,1,0,0,1,89.249024722,-26.897439603,-0.315119969,-0.035816330,0.012913574,-0.128019966,0.991040523,1497,633,0.422845691,0.031936937,0.020332760,0.014167329,0.449596652,48.567783031,0.000000000,0.447884003,0.060317414,2.098417127,0.108973213,50.042339683,0,101,99,2,0.067468270,13,0,0,0,0,1383,13,15100,63643,17744,15,1222548
1055,1706585352.982466221,1706585353.082307577,1,0,0,1,89.358508096,-26.917901924,-0.314930174,-0.035326688,0.014968515,-0.127248822,0.991128501,1512,655,0.433201058,0.035033592,0.022684887,0.015272023,0.431272299,47.822463267,0.000000000,0.447573199,0.060360783,2.082459149,0.109385064,49.803370676,0,112,105,7,0.074074074,16,0,0,0,0,1378,22,15131,63755,17760,15,1223926
1056,1706585353.082718372,1706585353.182560444,1,0,0,1,89.472532109,-26.952795982,-0.317504455,-0.036385319,0.016897318,-0.124157393,0.991451225,1559,687,0.440667094,0.035558208,0.021743626,0.015851116,0.500581653,45.040838256,0.000000000,0.449164577,0.057513269,2.070719916,0.112792643,49.517412653,0,107,96,11,0.068633740,18,0,0,0,0,1428,24,15164,63862,17778,15,1225354
1057,1706585353.182572842,1706585353.282392979,1,0,0,1,89.575495007,-26.997996057,-0.322319853,-0.029928658,0.015661627,-0.125188969,0.991557719,1560,682,0.437179487,0.033225990,0.021824081,0.015601042,0.449723343,48.703822437,0.000000000,0.450684329,0.058782008,2.049781304,0.110121252,49.392336793,0,105,98,7,0.067307692,14,0,0,0,0,1438,17,15190,63967,17792,15,1226792
1058,1706585353.282405615,1706585353.382217646,1,0,0,1,89.676185549,-27.031463005,-0.326280617,-0.030430655,0.014836730,-0.131182945,0.990779936,1493,645,0.432016075,0.032702862,0.021126323,0.014575059,0.401762033,51.179561284,0.000000000,0.450849010,0.055470695,2.039515754,0.110211038,49.416974634,0,70,63,7,0.046885466,17,0,0,0,0,1404,19,15206,64037,17809,15,1228196
1059,1706585353.383028984,1706585353.482839108,1,0,0,1,89.775574759,-27.056781563,-0.320546857,-0.038129084,0.011050924,-0.135480625,0.989984369,1495,602,0.402675585,0.031568808,0.019509381,0.012838042,0.412665867,49.740889184,0.000000000,0.450511286,0.053524233,2.029119484,0.106024653,49.302668434,0,86,79,7,0.057525084,13,0,0,0,0,1393,16,15228,64123,17822,15,1229589
1060,1706585353.482851505,1706585353.582668543,1,0,0,1,89.868409835,-27.083903976,-0.324281541,-0.035752237,0.011830324,-0.134830896,0.990152741,1473,613,0.416157502,0.033477306,0.021809531,0.015141978,0.507575910,48.188120699,0.000000000,0.452051793,0.053631767,2.006532384,0.106827373,49.203612247,0,92,89,3,0.062457570,13,0,0,0,0,1368,13,15249,64215,17835,15,1230957
1061,1706585353.582680464,1706585353.681663036,1,0,0,1,89.966361025,-27.107773597,-0.324282929,-0.035542591,0.011384287,-0.130497536,0.990745939,1464,624,0.426229508,0.034329989,0.020198421,0.015333388,0.528031383,48.089433204,0.000000000,0.457813735,0.053410844,1.989730855,0.106689151,49.104605370,0,94,93,1,0.064207650,15,0,0,0,0,1355,15,15266,64309,17850,15,1232312
1062,1706585353.682523727,1706585353.780247211,1,0,0,1,90.072600920,-27.130806242,-0.322164535,-0.036326134,0.011645602,-0.125590193,0.991348524,1521,612,0.402366864,0.035466245,0.021535782,0.015074675,0.462864830,48.389018490,0.000000000,0.457955136,0.052258855,1.990115241,0.108714843,49.044787743,0,86,82,4,0.056541749,17,0,0,0,0,1418,17,15285,64395,17867,15,1233730
1063,1706585353.782752752,1706585353.882582426,1,0,0,1,90.177523481,-27.158990431,-0.328178765,-0.034599698,0.014368556,-0.120190430,0.992043681,1537,650,0.422901757,0.031777405,0.020507316,0.013773627,0.473945741,47.751982428,0.000000000,0.461469522,0.053739311,1.992700720,0.107590129,49.086968463,0,93,88,5,0.060507482,15,0,0,0,0,1429,15,15306,64488,17882,15,1235159
1064,1706585353.882594585,1706585353.982429266,1,0,0,1,90.292191638,-27.188394501,-0.334816981,-0.038057086,0.021603295,-0.116672623,0.992205853,1498,636,0.424566088,0.033177277,0.020374459,0.015145390,0.459515652,46.454799734,0.000000000,0.464324927,0.053092062,2.006056790,0.102363616,48.781213368,0,105,104,1,0.070093458,13,0,0,0,0,1380,13,15327,64593,17895,15,1236539
1065,1706585353.982441187,1706585354.082270384,1,0,0,1,90.403809037,-27.227071965,-0.339478577,-0.036090113,0.024497804,-0.112314501,0.992714871,1536,626,0.407552083,0.031943952,0.020155668,0.014936294,0.404841085,44.885609085,0.000000000,0.460860630,0.048782688,2.023264505,0.102635954,48.414411700,0,80,75,5,0.052083333,18,0,0,0,0,1438,18,15344,64673,17913,15,1237977
1066,1706585354.083081961,1706585354.181985140,1,0,0,1,90.503973945,-27.254356324,-0.335475644,-0.034956005,0.025971337,-0.111549049,0.992804299,1481,676,0.456448346,0.033766999,0.021867576,0.015620042,0.442863496,43.109965212,0.000000000,0.459270737,0.047191121,2.026655492,0.100003085,48.073789049,0,81,80,1,0.054692775,16,0,0,0,0,1384,16,15361,64754,17929,15,1239361
1067,1706585354.182920694,1706585354.282756329,1,0,0,1,90.604881650,-27.276181120,-0.338113329,-0.037393828,0.031816840,-0.111238051,0.992580217,1503,670,0.445775116,0.033104662,0.022498886,0.015106070,0.401707361,44.135538012,0.000000000,0.455509848,0.046380420,2.034573722,0.096004956,47.777665143,0,101,99,2,0.067198935,14,0,0,0,0,1388,14,15389,64855,17943,15,1240749
1068,1706585354.282768726,1706585354.382605791,1,0,0,1,90.708288198,-27.292526633,-0.345500113,-0.042950428,0.033987314,-0.113813057,0.991991286,1473,652,0.442634080,0.031318217,0.018960358,0.014066909,0.506827123,43.469619103,0.000000000,0.455612691,0.048748300,2.040703151,0.097278040,47.523926756,0,83,81,2,0.056347590,12,0,0,0,0,1378,12,15412,64938,17955,15,1242127
1069,1706585354.382617950,1706585354.482443094,1,0,0,1,90.809805796,-27.319656351,-0.352249480,-0.045315244,0.027790784,-0.119842240,0.991368770,1539,662,0.430149448,0.033687814,0.021220563,0.015662620,0.499201485,41.542679226,0.000000000,0.459741246,0.047693423,2.048528628,0.104249293,47.076774617,0,104,99,5,0.067576348,13,0,0,0,0,1421,14,15435,65042,17968,15,1243548
1070,1706585354.482455254,1706585354.582280636,1,0,0,1,90.909486255,-27.352076759,-0.358793463,-0.043395336,0.025679591,-0.126873287,0.990636448,1502,661,0.440079893,0.034735248,0.022349311,0.016180982,0.447614390,43.555541041,0.000000000,0.460115921,0.048052766,2.053335162,0.116750136,46.822092004,0,82,80,2,0.054593875,17,0,0,0,0,1402,18,15460,65124,17985,15,1244950
1071,1706585354.583091021,1706585354.682926416,1,0,0,1,91.008766134,-27.376248200,-0.358365701,-0.049359855,0.025641436,-0.133876531,0.989435797,1486,645,0.434051144,0.033842795,0.022971809,0.016883333,0.487626190,41.899838470,0.000000000,0.461853026,0.042315333,2.052021075,0.127842766,46.440980907,0,92,81,11,0.061911171,17,0,0,0,0,1376,18,15492,65216,18002,15,1246326
1072,1706585354.682938576,1706585354.782767534,1,0,0,1,91.101780082,-27.406484080,-0.358921883,-0.050357633,0.020998989,-0.139353587,0.988738453,1525,638,0.418360656,0.034202584,0.020987530,0.014964042,0.458554029,43.755659563,0.000000000,0.461040792,0.038654845,2.041766814,0.136508404,46.285412522,0,107,102,5,0.070163934,25,0,0,0,0,1393,25,15523,65323,18027,15,1247719
1073,1706585354.782778978,1706585354.882612944,1,0,0,1,91.199645563,-27.429861120,-0.368857498,-0.049964850,0.014645403,-0.143928101,0.988217450,1503,633,0.421157685,0.036287651,0.021508735,0.015384023,0.468748168,46.230340303,0.000000000,0.459775935,0.041283856,2.027566201,0.141439363,46.125675102,0,109,101,8,0.072521623,19,0,0,0,0,1375,19,15561,65432,18046,15,1249094
1074,1706585354.882623911,1706585354.981364727,1,0,0,1,91.286208388,-27.478897660,-0.372606507,-0.046214182,0.015404654,-0.149079403,0.987624563,1462,629,0.430232558,0.034675259,0.022479756,0.015919808,0.542446451,44.782365599,0.000000000,0.464418425,0.040167767,2.015744707,0.150466300,45.936404230,0,107,104,3,0.073187415,19,0,0,0,0,1336,19,15597,65539,18065,15,1250430
1075,1706585354.982451439,1706585355.079980373,1,0,0,1,91.382878847,-27.520476493,-0.371843682,-0.044564386,0.021419076,-0.155791789,0.986551650,1436,647,0.450557103,0.035790794,0.023265330,0.017183261,0.539173198,43.822612595,0.000000000,0.469813469,0.041507839,2.001708908,0.158575058,45.736411696,0,102,97,5,0.071030641,20,0,0,0,0,1314,20,15626,65641,18085,15,1251744
1076,1706585355.083087683,1706585355.182924032,1,0,0,1,91.490197498,-27.560920990,-0.370719360,-0.050140902,0.026506261,-0.163236050,0.984955481,1393,618,0.443646805,0.036224625,0.022108694,0.016418812,0.496773202,43.751879881,0.000000000,0.469623047,0.042950570,2.003850764,0.172558133,45.671963778,0,109,104,5,0.078248385,25,0,0,0,0,1259,25,15665,65750,18110,15,1253003
1077,1706585355.182935476,1706585355.282759190,1,0,0,1,91.590487122,-27.605441620,-0.369531421,-0.049207029,0.030384081,-0.170322525,0.983689846,1339,580,0.433159074,0.033301876,0.022091953,0.017319239,0.470403274,44.468369902,0.000000000,0.470657043,0.042906733,2.007404011,0.175323128,45.460191151,0,99,97,2,0.073935773,18,0,0,0,0,1222,18,15696,65849,18128,15,1254225
1078,1706585355.282769680,1706585355.382604837,1,0,0,1,91.685992736,-27.645466977,-0.372515915,-0.047499411,0.035554553,-0.171233322,0.983442337,1241,559,0.450443191,0.035079475,0.020656634,0.015656309,0.582890685,40.961204734,0.000000000,0.479713476,0.042907593,2.008277112,0.169236443,44.949273323,0,82,82,0,0.066075745,21,0,0,0,0,1137,22,15709,65931,18149,15,1255362
1079,1706585355.382616520,1706585355.482386589,1,0,0,1,91.793520448,-27.661465718,-0.366343082,-0.054402588,0.036215677,-0.166947832,0.983797339,1272,584,0.459119497,0.034430729,0.021928404,0.016341410,0.485713321,41.723818367,0.000000000,0.483365849,0.039855284,2.020375584,0.176210336,44.548419783,0,64,63,1,0.050314465,11,0,0,0,0,1197,11,15718,65995,18160,15,1256559
1080,1706585355.482448816,1706585355.582278967,1,0,0,1,91.894566279,-27.692467982,-0.368527725,-0.061132593,0.037206057,-0.161300474,0.984307204,1268,526,0.414826498,0.033893874,0.019572862,0.014962510,0.454404552,42.281184739,0.000000000,0.480707281,0.039670092,2.025275375,0.178384694,44.253072985,0,66,64,2,0.052050473,11,0,0,0,0,1191,11,15723,66061,18171,15,1257750
1081,1706585355.583088160,1706585355.682921171,1,0,0,1,91.995004806,-27.732909999,-0.376132000,-0.060013102,0.038740320,-0.156325948,0.985119187,1244,546,0.438906752,0.031969523,0.018197912,0.013618778,0.473735213,42.836584257,0.000000000,0.477992472,0.041922667,2.025088391,0.178419885,43.990430537,0,71,67,4,0.057073955,9,0,0,0,0,1164,9,15741,66132,18180,15,1258914
1082,1706585355.682933807,1706585355.782783508,1,0,0,1,92.089841997,-27.771206124,-0.391458465,-0.054334624,0.037420480,-0.154190312,0.985836094,1314,586,0.445966514,0.034586557,0.022828010,0.016632056,0.528504343,41.430461425,0.000000000,0.481274448,0.040947635,2.019699481,0.172554830,43.642502684,0,86,84,2,0.065449011,20,0,0,0,0,1208,20,15757,66218,18200,15,1260122
1083,1706585355.782794952,1706585355.882622004,1,0,0,1,92.187341576,-27.806908899,-0.399849286,-0.051957658,0.039083680,-0.148928610,0.986708233,1292,556,0.430340557,0.034535010,0.021440315,0.016167927,0.527883108,42.872578100,0.000000000,0.483971316,0.038366689,2.005304747,0.176719827,43.398532468,0,82,76,6,0.063467492,7,0,0,0,0,1203,7,15772,66300,18207,15,1261325
1084,1706585355.882634640,1706585355.982462883,1,0,0,1,92.289179711,-27.833887996,-0.412171613,-0.050861159,0.045860334,-0.142393303,0.987438160,1280,540,0.421875000,0.031110382,0.020600413,0.014847031,0.462726179,41.937258313,0.000000000,0.484131843,0.042544642,1.993153502,0.180494816,43.172655396,0,59,58,1,0.046093750,12,0,0,0,0,1209,12,15785,66359,18219,15,1262534
1085,1706585355.982475281,1706585356.082308769,1,0,0,1,92.391435427,-27.844774016,-0.422154103,-0.055042997,0.049295684,-0.135487538,0.988019904,1295,554,0.427799228,0.034896184,0.024418467,0.017925276,0.471625913,43.139597451,0.000000000,0.487471084,0.040587847,1.992578808,0.192177453,43.085354815,0,63,62,1,0.048648649,10,0,0,0,0,1222,10,15794,66422,18229,15,1263756
1086,1706585356.082720518,1706585356.182163954,1,0,0,1,92.492174345,-27.855540722,-0.434360172,-0.056503683,0.051026812,-0.123883122,0.989371806,1308,574,0.438837920,0.032065734,0.020714872,0.015136289,0.526905799,43.243107674,0.000000000,0.491673199,0.042656428,1.991349485,0.215206304,43.092011938,0,58,56,2,0.044342508,7,0,0,0,0,1243,7,15805,66480,18236,15,1264999
1087,1706585356.182550430,1706585356.280593872,1,0,0,1,92.591929295,-27.865938397,-0.446094146,-0.056258710,0.056701828,-0.113963705,0.990268718,1280,539,0.421093750,0.037667201,0.022227765,0.016202087,0.508058430,40.833865616,0.000000000,0.496990753,0.047918349,1.987378204,0.228676126,42.926928318,0,70,69,1,0.054687500,11,0,0,0,0,1199,11,15817,66550,18247,15,1266198
1088,1706585356.282405376,1706585356.379086494,1,0,0,1,92.690760254,-27.878986698,-0.457037321,-0.054227535,0.066477717,-0.103435730,0.990929431,1304,579,0.444018405,0.033035615,0.019370765,0.014171325,0.462256347,39.993053912,0.000000000,0.494762214,0.044507435,1.982368923,0.237075221,42.753100058,0,55,54,1,0.042177914,13,0,0,0,0,1236,13,15829,66605,18260,15,1267434
1089,1706585356.383042336,1706585356.482862473,1,0,0,1,92.788693495,-27.904672098,-0.470573669,-0.045744320,0.075882608,-0.094016889,0.991619943,1227,510,0.415647922,0.031431666,0.018557041,0.013669326,0.432063650,39.016661511,0.000000000,0.491405322,0.048158250,1.979491064,0.241997527,42.626799173,0,34,33,1,0.027709861,7,0,0,0,0,1186,7,15833,66639,18267,15,1268620
1090,1706585356.482874870,1706585356.582710505,1,0,0,1,92.878117871,-27.933713266,-0.487775740,-0.042293250,0.081711453,-0.090685702,0.991620201,1167,466,0.399314482,0.032511445,0.021622472,0.014860819,0.424648405,39.912725472,0.000000000,0.490257023,0.049314190,1.972892694,0.234126654,42.444658394,0,46,45,1,0.039417309,6,0,0,0,0,1115,6,15837,66685,18273,15,1269735
1091,1706585356.582721949,1706585356.682542562,1,0,0,1,92.969662957,-27.962545831,-0.494370406,-0.043693083,0.090912448,-0.089040140,0.990907511,1166,478,0.409948542,0.030405651,0.019925187,0.013729690,0.323062118,42.840214287,0.000000000,0.482028819,0.054906952,1.971290708,0.225437058,42.491677185,0,38,37,1,0.032590051,8,0,0,0,0,1119,9,15839,66723,18281,15,1270854
1092,1706585356.682554722,1706585356.781625986,1,0,0,1,93.062886347,-27.967374004,-0.505520487,-0.055458595,0.098098615,-0.089311392,0.989608246,1092,447,0.409340659,0.031800836,0.019981201,0.014772172,0.375472962,38.650746423,0.000000000,0.477874766,0.056689464,1.964194465,0.220697627,42.236431528,0,37,34,3,0.033882784,6,0,0,0,0,1049,6,15844,66760,18287,15,1271903
1093,1706585356.782387495,1706585356.880802393,1,0,0,1,93.162629720,-27.979773852,-0.517961238,-0.059759713,0.103696659,-0.090841153,0.988647391,1081,422,0.390379278,0.029977620,0.019193672,0.014609032,0.337162380,38.926978530,0.000000000,0.471295476,0.059608581,1.965914820,0.215187017,41.871263439,0,42,41,1,0.038852914,3,0,0,0,0,1036,3,15846,66802,18290,15,1272939
1094,1706585356.883037567,1706585356.982878208,1,0,0,1,93.268394731,-27.997729226,-0.541778752,-0.053885403,0.103250412,-0.087773532,0.989308608,1082,410,0.378927911,0.030623223,0.021201591,0.014928900,0.366664336,39.782785086,0.000000000,0.462506371,0.062127571,1.970569522,0.208499823,41.621284414,0,32,32,0,0.029574861,4,0,0,0,0,1046,4,15851,66834,18294,15,1273985
1095,1706585356.982890606,1706585357.082717657,1,0,0,1,93.379871980,-28.033429822,-0.559161316,-0.045089412,0.099272031,-0.084993145,0.990397988,1039,402,0.386910491,0.029908967,0.019504690,0.013224143,0.306169783,36.940348356,0.000000000,0.450856200,0.063836141,1.974215182,0.200669901,41.277171202,0,37,36,1,0.035611165,2,0,0,0,0,1000,2,15855,66871,18296,15,1274985
1096,1706585357.082729340,1706585357.182562351,1,0,0,1,93.484204782,-28.076249579,-0.590035207,-0.031125449,0.093517064,-0.089501440,0.991098006,1020,395,0.387254902,0.030848683,0.019876974,0.014483522,0.374754113,38.445628640,0.000000000,0.444755246,0.061573969,1.981408978,0.191673069,41.011858640,0,33,29,4,0.032352941,2,0,0,0,0,985,2,15861,66904,18298,15,1275970
1097,1706585357.182574987,1706585357.282385111,1,0,0,1,93.590045171,-28.114370605,-0.617676179,-0.036200769,0.100425058,-0.106196336,0.988598326,1086,405,0.372928177,0.033597176,0.023250811,0.015749633,0.312731113,40.462278587,0.000000000,0.436871638,0.061711374,1.993654599,0.225055035,40.811554074,0,38,38,0,0.034990792,1,0,0,0,0,1047,1,15866,66942,18299,15,1277017
1098,1706585357.282397270,1706585357.382224083,1,0,0,1,93.707064379,-28.129377114,-0.642078309,-0.051500563,0.103985884,-0.117558905,0.986262912,1000,375,0.375000000,0.030035443,0.020226349,0.015381359,0.399939785,34.508272270,0.000000000,0.427724093,0.062326095,2.005242791,0.243484090,40.488907451,0,29,28,1,0.029000000,4,0,0,0,0,967,4,15869,66971,18303,15,1277984
1099,1706585357.383035421,1706585357.481004953,1,0,0,1,93.821565294,-28.146377567,-0.659376691,-0.064394586,0.109042551,-0.126351749,0.983869044,957,366,0.382445141,0.035744126,0.024709214,0.016834546,0.344124951,49.986353378,0.000000000,0.420644674,0.064730558,2.016566855,0.254003373,40.902034201,0,35,27,8,0.036572623,6,0,0,0,0,916,6,15882,67006,18309,15,1278900
1100,1706585357.482890606,1706585357.579515219,1,0,0,1,93.942212828,-28.186791265,-0.671572666,-0.053907006,0.121527350,-0.126532436,0.983013062,919,340,0.369967356,0.035630249,0.024695825,0.017117792,0.447867717,35.588128156,0.000000000,0.420317832,0.067264968,2.035844799,0.244924403,40.567381372,0,34,30,4,0.036996736,4,0,0,0,0,876,9,15887,67040,18313,15,1279776
1101,1706585357.582721710,1706585357.678179502,1,0,0,1,94.044769160,-28.246985273,-0.692013603,-0.040382973,0.113224179,-0.135898680,0.983402791,905,318,0.351381215,0.037531431,0.028571556,0.020359994,0.422141641,35.181126596,0.000000000,0.417738154,0.073975305,2.053085811,0.254730431,40.184608489,0,36,24,12,0.039779006,3,0,0,0,0,860,9,15903,67076,18316,15,1280636
1102,1706585357.682561159,1706585357.782397032,1,0,0,1,94.131137293,-28.318785999,-0.718576436,-0.025518615,0.081709900,-0.153458412,0.984440353,933,333,0.356913183,0.035524741,0.025046607,0.016093625,0.437740841,40.781580886,0.000000000,0.413199979,0.075108807,2.064330383,0.272576527,40.152164462,0,43,27,16,0.046087889,6,0,0,0,0,878,12,15927,67119,18322,15,1281514
1103,1706585357.782408237,1706585357.882240295,1,0,0,1,94.221762551,-28.393744520,-0.748837789,-0.003616368,0.068185351,-0.164206002,0.984059992,986,366,0.371196755,0.039874908,0.028129093,0.018875552,0.556746367,39.474647823,0.000000000,0.414643142,0.086886199,2.079700134,0.277733137,39.982267948,0,54,48,6,0.054766734,11,0,0,0,0,919,13,15936,67173,18333,15,1282433
1104,1706585357.883050442,1706585357.982876778,1,0,0,1,94.325513225,-28.453350613,-0.765215241,0.001556174,0.064407350,-0.169314518,0.983454049,964,355,0.368257261,0.036955615,0.024591982,0.016447565,0.662401225,37.936945894,0.000000000,0.424626894,0.088147599,2.097152863,0.274106826,39.782252327,0,54,50,4,0.056016598,7,0,0,0,0,903,7,15945,67227,18340,15,1283336
1105,1706585357.982889175,1706585358.082717657,1,0,0,1,94.416249355,-28.496740412,-0.767273583,-0.005032205,0.054328329,-0.174387734,0.983164293,974,382,0.392197125,0.037944150,0.026731598,0.019373391,0.576624146,41.922748817,0.000000000,0.429876805,0.092000924,2.095705578,0.261492584,39.721409896,0,54,52,2,0.055441478,7,0,0,0,0,913,7,15953,67281,18347,15,1284249
1106,1706585358.082729101,1706585358.182558775,1,0,0,1,94.510633457,-28.534293828,-0.778598392,-0.003989972,0.052373628,-0.174893042,0.983185388,974,370,0.379876797,0.033631130,0.025144170,0.016647382,0.659193183,37.638588043,0.000000000,0.436491175,0.091151000,2.096936061,0.243112603,39.441183914,0,40,39,1,0.041067762,4,0,0,0,0,930,4,15960,67321,18351,15,1285179
1107,1706585358.182571173,1706585358.282406569,1,0,0,1,94.586001377,-28.575333092,-0.786231937,-0.001763097,0.046644804,-0.178155976,0.982894502,959,345,0.359749739,0.032850647,0.023652545,0.017223170,0.643149335,40.428394601,0.000000000,0.443245720,0.087874727,2.082804389,0.229238338,39.420910363,0,40,36,4,0.041710115,3,0,0,0,0,916,3,15968,67361,18354,15,1286095
1108,1706585358.282418966,1706585358.382245064,1,0,0,1,94.656177830,-28.616088736,-0.790809550,-0.000304679,0.041594196,-0.181461909,0.982517891,1012,384,0.379446640,0.035035566,0.025733885,0.018673249,0.667210915,36.251257939,0.000000000,0.453493448,0.088109774,2.061939644,0.216824068,39.233820565,0,38,38,0,0.037549407,4,0,0,0,0,970,4,15975,67399,18358,15,1287065
1109,1706585358.383056164,1706585358.482876062,1,0,0,1,94.726762320,-28.636457274,-0.791277282,-0.000620230,0.034908899,-0.180940281,0.982874152,983,375,0.381485249,0.038039957,0.027421283,0.018031225,0.575327894,35.907797916,0.000000000,0.460656660,0.090410814,2.039823206,0.211680070,39.078377385,0,35,35,0,0.035605290,5,0,0,0,0,943,5,15983,67434,18363,15,1288008
1110,1706585358.482888699,1706585358.582717657,1,0,0,1,94.798298527,-28.660811486,-0.799608329,-0.003433002,0.032448294,-0.177912189,0.983505250,985,374,0.379695431,0.032486179,0.023045782,0.015099039,0.614096666,40.213701059,0.000000000,0.470129073,0.090431471,2.019644756,0.215914634,39.093426164,0,40,38,2,0.040609137,4,0,0,0,0,941,4,15986,67474,18367,15,1288949
1111,1706585358.582729578,1706585358.682395935,1,0,0,1,94.872848071,-28.686776882,-0.809159657,-0.002508586,0.029056145,-0.170527032,0.984921306,975,393,0.403076923,0.035424389,0.025540867,0.016716517,0.629493627,40.744812715,0.000000000,0.485450649,0.087013671,2.005150560,0.227338735,38.988656086,0,28,27,1,0.028717949,8,0,0,0,0,939,8,15994,67502,18375,15,1289888
1112,1706585358.682558060,1706585358.780993938,1,0,0,1,94.938405820,-28.712268231,-0.818596891,0.000053668,0.030736591,-0.161308472,0.986425281,1001,374,0.373626374,0.035445561,0.026425601,0.016703180,0.661670233,42.995284724,0.000000000,0.499760512,0.085400684,1.974842016,0.241233209,39.205883001,0,42,38,4,0.041958042,3,0,0,0,0,956,3,16002,67544,18378,15,1290844
1113,1706585358.782405138,1706585358.879651785,1,0,0,1,94.997587551,-28.734828724,-0.825581745,-0.001958798,0.029828007,-0.151347040,0.988028606,1059,384,0.362606232,0.039770212,0.029926455,0.018382082,0.627047113,37.618176515,0.000000000,0.514254749,0.085501029,1.928671607,0.253872631,39.140442900,0,36,35,1,0.033994334,4,0,0,0,0,1017,6,16006,67580,18382,15,1291861
1114,1706585358.883037567,1706585358.982854605,1,0,0,1,95.055632568,-28.741573907,-0.819038798,0.000235212,0.027836348,-0.144227089,0.989152986,1079,379,0.351251158,0.037279886,0.028096601,0.017428420,0.553468606,38.250724307,0.000000000,0.523594963,0.081256169,1.869134467,0.260477159,39.063839861,0,35,28,7,0.032437442,6,0,0,0,0,1033,11,16015,67615,18388,15,1292894
1115,1706585358.982866764,1706585359.082703590,1,0,0,1,95.093869425,-28.751137420,-0.819141123,-0.000583310,0.022504019,-0.137240100,0.990281972,1097,383,0.349134002,0.034937945,0.025295542,0.016664120,0.618376983,41.874011861,0.000000000,0.539205323,0.073179595,1.791621698,0.268875080,39.310523036,0,38,38,0,0.034639927,4,0,0,0,0,1055,4,16025,67653,18392,15,1293949
1116,1706585359.082714319,1706585359.182537317,1,0,0,1,95.126034629,-28.757575966,-0.821426459,-0.001531491,0.020053467,-0.130360102,0.991262708,1074,386,0.359404097,0.037190449,0.027303080,0.018853342,0.661980053,38.818466587,0.000000000,0.553566620,0.066949852,1.708662253,0.246979527,39.329164934,0,33,32,1,0.030726257,3,0,0,0,0,1038,3,16026,67686,18395,15,1294987
1117,1706585359.182549238,1706585359.282376051,1,0,0,1,95.149755548,-28.769316638,-0.827895249,-0.000820696,0.016134185,-0.120962363,0.992525628,1150,404,0.351304348,0.034123227,0.026073110,0.016718814,0.549160966,41.254741229,0.000000000,0.565388112,0.066314496,1.615434028,0.239341187,39.368788066,0,24,23,1,0.020869565,6,0,0,0,0,1120,6,16029,67710,18401,15,1296107
1118,1706585359.282387972,1706585359.382225037,1,0,0,1,95.180051358,-28.769202845,-0.827990645,-0.003631384,0.020566977,-0.116712757,0.992946094,1129,375,0.332152347,0.036872964,0.026281592,0.015738096,0.536983295,41.059417708,0.000000000,0.572240288,0.054860137,1.528688718,0.226259205,39.696345338,0,32,31,1,0.028343667,4,0,0,0,0,1093,4,16034,67742,18405,15,1297200
1119,1706585359.383034945,1706585359.482886791,1,0,0,1,95.218395524,-28.760877558,-0.830261937,-0.006917958,0.021406768,-0.107858955,0.993911635,1153,399,0.346053773,0.037136908,0.026149536,0.017736630,0.587639386,42.469082739,0.000000000,0.584416010,0.055036532,1.440172406,0.243123321,39.320481806,0,20,18,2,0.017346054,8,0,0,0,0,1125,8,16037,67762,18413,15,1298325
1120,1706585359.482898474,1706585359.582735300,1,0,0,1,95.263094528,-28.760848461,-0.828168353,-0.003606335,0.022019597,-0.097967624,0.994939433,1141,378,0.331288344,0.037407299,0.026928221,0.017135191,0.512716007,43.858759332,0.000000000,0.587658424,0.055257325,1.364259941,0.248514815,39.734013365,0,37,34,3,0.032427695,3,0,0,0,0,1101,3,16043,67799,18416,15,1299426
1121,1706585359.582746744,1706585359.682582855,1,0,0,1,95.307129988,-28.768804955,-0.832303873,0.002418494,0.017416435,-0.084590913,0.996260607,1185,415,0.350210970,0.038071000,0.028019665,0.017964934,0.524125120,40.230979376,0.000000000,0.592757598,0.055775023,1.293785161,0.247286364,39.986506004,0,30,29,1,0.025316456,3,0,0,0,0,1152,3,16047,67829,18419,15,1300578
1122,1706585359.682594061,1706585359.782411098,1,0,0,1,95.361986787,-28.777534941,-0.836364046,0.003333449,0.021030629,-0.072877864,0.997113543,1155,366,0.316883117,0.038724670,0.030427581,0.019160286,0.504245516,43.294759805,0.000000000,0.596082832,0.057121277,1.228041308,0.253301758,40.112164950,0,28,25,3,0.024242424,5,0,0,0,0,1122,5,16050,67857,18424,15,1301700
1123,1706585359.782422066,1706585359.882246256,1,0,0,1,95.423587928,-28.768379423,-0.828677378,0.000149049,0.019393741,-0.055355312,0.998278343,1168,394,0.337328767,0.037448391,0.029565320,0.017484907,0.415606155,46.254058280,0.000000000,0.589025821,0.053562812,1.170022024,0.278803414,40.451135472,0,27,27,0,0.023116438,3,0,0,0,0,1138,3,16050,67884,18427,15,1302838
1124,1706585359.883056164,1706585359.982135534,1,0,0,1,95.485364281,-28.758529961,-0.830401622,-0.002623189,0.018249826,-0.039059579,0.999066771,1141,391,0.342681858,0.037657605,0.030165005,0.016376456,0.374168226,48.282105531,0.000000000,0.574614171,0.053980173,1.132004397,0.300920332,40.968393454,0,25,22,3,0.021910605,1,0,0,0,0,1115,1,16055,67909,18428,15,1303953
1125,1706585359.982895851,1706585360.080769300,1,0,0,1,95.556656585,-28.754022401,-0.831383281,-0.004700448,0.019278959,-0.022340505,0.999553465,1087,352,0.323827047,0.035091987,0.027824566,0.017813083,0.332238826,44.505790668,0.000000000,0.562394905,0.053758976,1.101235876,0.333502848,41.097545547,0,42,39,3,0.038638454,2,0,0,0,0,1043,2,16056,67951,18430,15,1304996
1126,1706585360.082729578,1706585360.179426193,1,0,0,1,95.630622253,-28.745003107,-0.831647831,-0.005372176,0.019102422,-0.005167633,0.999789744,1094,357,0.326325411,0.038261213,0.026822578,0.016899609,0.344389141,48.106000005,0.000000000,0.546654703,0.052094537,1.089594124,0.361732253,41.620916145,0,31,25,6,0.028336380,3,0,0,0,0,1056,7,16065,67982,18433,15,1306052
1127,1706585360.182559729,1706585360.282385111,1,0,0,1,95.707771135,-28.734942936,-0.835243962,-0.004855619,0.023404830,0.011611076,0.999646848,1092,335,0.306776557,0.035486841,0.024740135,0.016434474,0.256352003,45.434648337,0.000000000,0.527314837,0.047220326,1.086197545,0.388923144,41.871228832,0,31,24,7,0.028388278,4,0,0,0,0,1056,5,16073,68013,18437,15,1307108
1128,1706585360.282396317,1706585360.382224798,1,0,0,1,95.786044114,-28.716694038,-0.839693966,-0.003284390,0.025346793,0.031975360,0.999161813,1033,342,0.331074540,0.032777538,0.025414991,0.015543504,0.253915553,44.141599299,0.000000000,0.506650068,0.051865787,1.093226698,0.428441352,42.265745900,0,33,33,0,0.031945789,0,0,0,0,0,1000,0,16076,68046,18437,15,1308108
1129,1706585360.383035421,1706585360.482852697,1,0,0,1,95.863501625,-28.696826369,-0.835792530,-0.006140020,0.028017208,0.048153281,0.998428063,1013,337,0.332675222,0.033677114,0.025877135,0.016101083,0.253429631,40.395514614,0.000000000,0.490555155,0.053787379,1.097260680,0.454608466,42.490131735,0,31,28,3,0.030602172,2,0,0,0,0,979,3,16086,68077,18439,15,1309087
1130,1706585360.482864141,1706585360.582688332,1,0,0,1,95.937354919,-28.676076395,-0.839190792,-0.008372564,0.023002899,0.073108628,0.997023518,998,353,0.353707415,0.035633227,0.026224920,0.018033756,0.214838809,41.519011814,0.000000000,0.470592262,0.048234950,1.094531125,0.489373311,42.555397272,0,40,40,0,0.040080160,2,0,0,0,0,956,2,16098,68117,18441,15,1310043
1131,1706585360.582699776,1706585360.682518005,1,0,0,1,96.009103240,-28.648307606,-0.843356910,-0.008564034,0.022415138,0.093463759,0.995333484,964,354,0.367219917,0.033125073,0.024065393,0.016582932,0.192348917,42.459376047,0.000000000,0.448735027,0.052016537,1.100608775,0.511442738,42.641125439,0,32,31,1,0.033195021,2,0,0,0,0,930,2,16104,68149,18443,15,1310973
1132,1706585360.682529926,1706585360.782350063,1,0,0,1,96.078316784,-28.620030292,-0.839353952,-0.013957680,0.024340983,0.111888579,0.993324542,963,373,0.387331256,0.034836873,0.023758761,0.016098539,0.244150015,40.669646368,0.000000000,0.427859016,0.052568377,1.111762945,0.528136617,42.524843521,0,36,35,1,0.037383178,2,0,0,0,0,925,2,16112,68185,18445,15,1311898
1133,1706585360.782760620,1706585360.882592916,1,0,0,1,96.133433694,-28.594311398,-0.835859292,-0.016101387,0.021738394,0.129696291,0.991184675,962,389,0.404365904,0.038687269,0.024917979,0.016460422,0.277238177,43.143925703,0.000000000,0.410368569,0.050256371,1.113884640,0.549384571,42.801130981,0,35,33,2,0.036382536,9,0,0,0,0,918,9,16124,68220,18454,15,1312816
1134,1706585360.882604837,1706585360.982436895,1,0,0,1,96.180984144,-28.584243299,-0.842219529,-0.012584168,0.020198221,0.149968224,0.988404372,946,357,0.377378436,0.039243740,0.022186056,0.016055335,0.318810995,44.168049581,0.000000000,0.398635689,0.052995564,1.123488837,0.576328893,43.096997244,0,40,40,0,0.042283298,8,0,0,0,0,898,8,16135,68260,18462,15,1313714
1135,1706585360.982448578,1706585361.082278490,1,0,0,1,96.240038377,-28.563403355,-0.845955545,-0.010207363,0.018535327,0.166157709,0.985872135,892,381,0.427130045,0.034280554,0.024653138,0.017496924,0.518887104,40.010147173,0.000000000,0.393661195,0.053834834,1.153340912,0.595340433,43.003804010,0,37,36,1,0.041479821,14,0,0,0,0,841,14,16145,68297,18476,15,1314555
1136,1706585361.083089113,1706585361.182926416,1,0,0,1,96.308487835,-28.533950567,-0.845063018,-0.005857488,0.016421777,0.183544796,0.982856715,879,374,0.425483504,0.037447294,0.023575787,0.016044774,0.486463449,45.117644586,0.000000000,0.384885365,0.054001236,1.200616857,0.611783388,43.318762910,0,53,50,3,0.060295791,16,0,0,0,0,810,16,16162,68350,18492,15,1315365
1137,1706585361.182938576,1706585361.281816721,1,0,0,1,96.373069836,-28.503223299,-0.853480945,-0.004180640,0.019827304,0.200764884,0.979429865,815,336,0.412269939,0.032246959,0.020643561,0.014175348,0.448149444,49.415956416,0.000000000,0.379834788,0.058054560,1.242333607,0.638607363,43.726823669,0,61,58,3,0.074846626,7,0,0,0,0,747,7,16183,68411,18499,15,1316112
1138,1706585361.282778025,1706585361.380472183,1,0,0,1,96.439830252,-28.471461422,-0.865892424,-0.000101116,0.021028760,0.218745105,0.975555411,736,317,0.430706522,0.033873668,0.021378425,0.015131055,0.460882458,49.373969597,0.000000000,0.376029747,0.059776031,1.277995797,0.657911725,44.142551264,0,44,38,6,0.059782609,16,0,0,0,0,671,21,16201,68455,18515,15,1316783
1139,1706585361.382631063,1706585361.479145765,1,0,0,1,96.495144867,-28.434731904,-0.872313269,0.001858356,0.020407041,0.236773031,0.971348872,692,326,0.471098266,0.033854690,0.020027685,0.013296869,0.469909894,43.090103770,0.000000000,0.370143272,0.061054811,1.299956037,0.674993209,44.173602315,0,57,53,4,0.082369942,16,0,0,0,0,610,25,16224,68512,18531,15,1317393
1140,1706585361.482476711,1706585361.582290888,1,0,0,1,96.550098561,-28.377543795,-0.883384170,-0.002437173,0.016426518,0.256278225,0.966460398,635,309,0.486614173,0.033033110,0.018651484,0.013296345,0.370617814,41.852482718,0.000000000,0.363038362,0.062982118,1.335097771,0.687851694,44.073288484,0,66,61,5,0.103937008,18,0,0,0,0,550,19,16251,68578,18549,15,1317943
1141,1706585361.583100796,1706585361.682934999,1,0,0,1,96.609245990,-28.321215859,-0.881862033,-0.007003509,0.015872218,0.276709104,0.960797115,579,304,0.525043178,0.029967785,0.021975209,0.015299014,0.384790493,38.633830897,0.000000000,0.356071631,0.070736753,1.361094406,0.706583983,43.993431060,0,48,43,5,0.082901554,11,0,0,0,0,520,11,16270,68626,18560,15,1318463
1142,1706585361.682946682,1706585361.782779932,1,0,0,1,96.666578563,-28.267320522,-0.879584675,-0.006500473,0.018937497,0.295413450,0.955159677,572,314,0.548951049,0.033927402,0.020822574,0.014629564,0.476895136,34.232174619,0.000000000,0.354704112,0.067910175,1.377064539,0.710699847,43.540301801,0,62,60,2,0.108391608,12,0,0,0,0,498,12,16296,68688,18572,15,1318961
1143,1706585361.782791615,1706585361.882630110,1,0,0,1,96.717582273,-28.211678483,-0.873449195,-0.012234024,0.024283639,0.314475480,0.948876075,531,294,0.553672316,0.035793551,0.025407142,0.016167756,0.508073450,36.720034167,0.000000000,0.359327477,0.066424174,1.390214342,0.718112430,43.063600596,0,69,68,1,0.129943503,12,0,0,0,0,450,12,16315,68757,18584,15,1319411
1144,1706585361.882641792,1706585361.982452869,1,0,0,1,96.760261143,-28.149788318,-0.873761594,-0.017231927,0.021752539,0.334265564,0.942070284,509,279,0.548133595,0.038769040,0.023604350,0.015901970,0.497608368,34.892353735,0.000000000,0.365499484,0.068499305,1.393952562,0.726343782,42.394113006,0,71,65,6,0.139489194,18,0,0,0,0,420,18,16347,68828,18602,15,1319831
1145,1706585361.982463837,1706585362.082287550,1,0,0,1,96.805055218,-28.072460232,-0.868772637,-0.010383301,0.022603881,0.357404428,0.933618405,482,285,0.591286307,0.035981780,0.022643659,0.014523828,0.497183458,33.574999190,0.000000000,0.373746716,0.068683913,1.408942919,0.741677339,41.847573432,0,79,75,4,0.163900415,12,0,0,0,0,391,12,16377,68907,18614,15,1320222
1146,1706585362.083098173,1706585362.182927370,1,0,0,1,96.849837049,-27.991091228,-0.871594101,-0.009651904,0.023187445,0.380002418,0.924644443,479,273,0.569937370,0.032302727,0.020119134,0.014190329,0.533426362,33.587768150,0.000000000,0.383198577,0.067885039,1.423978686,0.756837382,41.121661839,0,58,54,4,0.121085595,14,0,0,0,0,406,15,16402,68965,18628,15,1320628
1147,1706585362.182938814,1706585362.282770872,1,0,0,1,96.886613012,-27.896785001,-0.873601368,-0.009758461,0.025238312,0.400475785,0.915907717,475,276,0.581052632,0.037667171,0.024060472,0.014622378,0.401786875,32.177530155,0.000000000,0.390470320,0.069986897,1.444726541,0.760599002,40.458805930,0,83,83,0,0.174736842,14,0,0,0,0,377,15,16426,69048,18642,15,1321005
1148,1706585362.282782555,1706585362.382611275,1,0,0,1,96.925670610,-27.811243081,-0.897821245,-0.011185614,0.024819482,0.421701071,0.906326145,474,261,0.550632911,0.036823675,0.021619958,0.014585525,0.378956771,35.976951754,0.000000000,0.396722381,0.069210958,1.461772200,0.774891368,40.050573553,0,67,65,2,0.141350211,19,0,0,0,0,388,19,16441,69115,18661,15,1321393
1149,1706585362.382622242,1706585362.482446432,1,0,0,1,96.967493111,-27.734609491,-0.907802075,-0.007188491,0.025088654,0.442227540,0.896523111,459,261,0.568627451,0.037086913,0.020544665,0.015752016,0.547146746,32.040076879,0.000000000,0.411408237,0.069349337,1.472855816,0.770659437,39.632801666,0,74,71,3,0.161220044,16,0,0,0,0,369,16,16468,69189,18677,15,1321762
1150,1706585362.482457399,1706585362.581392765,1,0,0,1,97.005359316,-27.662841005,-0.911725361,-0.006461108,0.026319725,0.462699976,0.886100591,441,240,0.544217687,0.038947590,0.025468639,0.017545408,0.448317737,32.740512750,0.000000000,0.423082183,0.072717319,1.477048654,0.775843492,39.193876713,0,86,83,3,0.195011338,16,0,0,0,0,339,16,16495,69275,18693,15,1322101
1151,1706585362.583099842,1706585362.679429531,1,0,0,1,97.036909662,-27.581000947,-0.913067086,-0.006046464,0.031287666,0.481021300,0.876129574,457,244,0.533916849,0.039173169,0.024292416,0.016609846,0.396265426,36.083735166,0.000000000,0.433278009,0.074059649,1.489895722,0.781028594,38.875094669,0,84,74,10,0.183807440,16,0,0,0,0,348,25,16522,69359,18709,15,1322449
1152,1706585362.682936192,1706585362.778864622,1,0,0,1,97.069999462,-27.515332617,-0.912256310,-0.008695558,0.030079154,0.498781820,0.866161837,415,239,0.575903614,0.033965937,0.022598899,0.015211530,0.363433413,30.645952565,0.000000000,0.439242178,0.074736398,1.502511821,0.785806614,38.373909979,0,52,47,5,0.125301205,10,0,0,0,0,349,14,16539,69411,18719,15,1322798
1153,1706585362.782765627,1706585362.882592440,1,0,0,1,97.107424743,-27.452500280,-0.911683170,-0.003701064,0.029684313,0.514948701,0.856698885,433,258,0.595842956,0.035451914,0.019569739,0.014086530,0.391101252,30.007979610,0.000000000,0.444935332,0.072471581,1.526628854,0.782351152,37.717112674,0,66,66,0,0.152424942,10,0,0,0,0,357,10,16556,69477,18729,15,1323155
1154,1706585362.882604837,1706585362.982313633,1,0,0,1,97.131670859,-27.392455797,-0.911903369,-0.001744586,0.030555589,0.522396250,0.852153431,445,275,0.617977528,0.032025345,0.019093296,0.013979234,0.417820462,31.212301256,0.000000000,0.449885806,0.071914164,1.528649393,0.767013761,37.069325258,0,69,69,0,0.155056180,10,0,0,0,0,366,10,16571,69546,18739,15,1323521
1155,1706585362.982450724,1706585363.081784248,1,0,0,1,97.150656586,-27.350474658,-0.902724131,-0.008425412,0.024260167,0.525012267,0.850707103,410,246,0.600000000,0.033278330,0.020070266,0.014674358,0.390872970,29.798057979,0.000000000,0.443485099,0.072763043,1.501107096,0.737000967,36.558720798,0,41,40,1,0.100000000,9,0,0,0,0,359,10,16578,69587,18748,15,1323880
1156,1706585363.083084106,1706585363.182868004,1,0,0,1,97.175785583,-27.301239939,-0.900439997,-0.008197493,0.021048535,0.522431309,0.852382125,390,247,0.633333333,0.036688668,0.022731483,0.016258884,0.510232142,29.167903272,0.000000000,0.444673534,0.071986118,1.484418139,0.708043923,35.761233732,0,39,38,1,0.100000000,11,0,0,0,0,340,11,16587,69626,18759,15,1324220
1157,1706585363.182930231,1706585363.282261848,1,0,0,1,97.221051020,-27.263067236,-0.909064053,-0.005734843,0.022938242,0.518640788,0.854665246,417,266,0.637889688,0.035010748,0.019337611,0.014247949,0.428381203,30.291142212,0.000000000,0.443685122,0.069355417,1.469289905,0.679774295,34.804993022,0,28,25,3,0.067146283,11,0,0,0,0,377,12,16593,69654,18770,15,1324597
1158,1706585363.282772541,1706585363.382589817,1,0,0,1,97.279577899,-27.226859722,-0.920043544,-0.004019057,0.027387970,0.506776766,0.861632785,385,242,0.628571429,0.035452742,0.022633835,0.014229855,0.365627461,32.245820114,0.000000000,0.438922372,0.068686660,1.472273319,0.669976114,33.948585548,0,38,36,2,0.098701299,10,0,0,0,0,336,11,16596,69692,18780,15,1324933
1159,1706585363.382601738,1706585363.482436895,1,0,0,1,97.326363068,-27.196860026,-0.921552254,-0.006732443,0.023920144,0.484328921,0.874533017,418,259,0.619617225,0.037351801,0.023169539,0.016312424,0.417612010,31.622951476,0.000000000,0.436307477,0.068866740,1.447790155,0.682007595,33.375227933,0,26,25,1,0.062200957,8,0,0,0,0,383,9,16601,69718,18788,15,1325316
1160,1706585363.482449293,1706585363.582278490,1,0,0,1,97.351135247,-27.167485559,-0.933040913,-0.007463250,0.020590270,0.461611459,0.886811818,421,261,0.619952494,0.036350611,0.024301768,0.015835835,0.420480031,31.402411056,0.000000000,0.438800588,0.066950105,1.406204451,0.691552748,32.852724350,0,26,24,2,0.061757720,7,0,0,0,0,388,7,16607,69744,18795,15,1325704
1161,1706585363.583087921,1706585363.682909966,1,0,0,1,97.392066175,-27.167256526,-0.934050404,-0.004281292,0.024420213,0.444681670,0.895345484,393,244,0.620865140,0.032861549,0.020923899,0.013796910,0.416334976,31.432582255,0.000000000,0.440377812,0.059005563,1.368427962,0.690138209,32.492661918,0,30,28,2,0.076335878,6,0,0,0,0,357,6,16613,69774,18801,15,1326061
1162,1706585363.682922363,1706585363.782557964,1,0,0,1,97.415741048,-27.163787836,-0.933892116,-0.001931587,0.027331861,0.432816855,0.901065374,377,250,0.663129973,0.029048258,0.017405390,0.013048271,0.399862072,30.353985768,0.000000000,0.436526159,0.071628923,1.316625942,0.676346719,32.298752476,0,21,20,1,0.055702918,7,0,0,0,0,349,7,16617,69795,18808,15,1326410
1163,1706585363.782769680,1706585363.881062508,1,0,0,1,97.421098003,-27.158838076,-0.936817798,-0.001296980,0.026249632,0.428084836,0.903356324,365,257,0.704109589,0.032560492,0.020320000,0.012926137,0.359890507,30.915811372,0.000000000,0.429117012,0.074160045,1.249304860,0.645276287,32.008541336,0,24,23,1,0.065753425,6,0,0,0,0,335,6,16620,69819,18814,15,1326745
1164,1706585363.882609367,1706585363.979480028,1,0,0,1,97.409527964,-27.150661837,-0.933028292,-0.000983157,0.025845428,0.428365794,0.903235182,375,254,0.677333333,0.031230511,0.017644467,0.012847578,0.417864632,32.774649659,0.000000000,0.425129825,0.075580922,1.174465998,0.596205774,31.902656132,0,18,17,1,0.048000000,5,0,0,0,0,352,5,16621,69837,18819,15,1327097
1165,1706585363.982436895,1706585364.078055859,1,0,0,1,97.402467079,-27.153224730,-0.934039244,-0.001110349,0.024927938,0.431756793,0.901644850,395,258,0.653164557,0.030854836,0.019600163,0.012803648,0.421202549,32.347855733,0.000000000,0.421330780,0.080000537,1.089124479,0.554942614,31.841298959,0,20,15,5,0.050632911,5,0,0,0,0,369,6,16625,69857,18824,15,1327466
1166,1706585364.083086729,1706585364.182918787,1,0,0,1,97.396750580,-27.161412878,-0.935205018,-0.001631473,0.025956752,0.438429843,0.898389035,378,231,0.611111111,0.029981840,0.015205379,0.011529406,0.415502156,34.075935127,0.000000000,0.415434570,0.084399231,0.997935393,0.525221619,31.865707308,0,13,10,3,0.034391534,2,0,0,0,0,362,3,16630,69870,18826,15,1327828
1167,1706585364.182929754,1706585364.282761335,1,0,0,1,97.377992205,-27.165386131,-0.934701609,-0.001905295,0.025691737,0.446880334,0.894222719,381,236,0.619422572,0.026912945,0.015851719,0.010526340,0.398176065,32.735310162,0.000000000,0.415254029,0.096094603,0.920010842,0.497512451,31.893596308,0,14,13,1,0.036745407,4,0,0,0,0,362,5,16630,69884,18830,15,1328190
1168,1706585364.282772779,1706585364.382601500,1,0,0,1,97.346623526,-27.164094431,-0.931010673,-0.001423967,0.025645472,0.457450708,0.888863956,392,251,0.640306122,0.033275206,0.020683447,0.014963076,0.354615998,30.799106416,0.000000000,0.414036990,0.094844972,0.863750562,0.475514732,31.634704041,0,18,16,2,0.045918367,1,0,0,0,0,373,1,16632,69902,18831,15,1328563
1169,1706585364.382613659,1706585364.482085705,1,0,0,1,97.317903496,-27.169587711,-0.930650170,-0.003200099,0.025871109,0.470434281,0.882049903,384,247,0.643229167,0.033245884,0.018248570,0.013164564,0.414525938,33.015485937,0.000000000,0.407405950,0.092891848,0.811753325,0.458750954,31.683474494,0,17,15,2,0.044270833,7,0,0,0,0,360,7,16634,69919,18838,15,1328923
1170,1706585364.482447863,1706585364.581531286,1,0,0,1,97.293778571,-27.189543242,-0.914215251,-0.007985275,0.027438967,0.485508348,0.873764833,409,257,0.628361858,0.030265576,0.019666697,0.013566430,0.404551770,34.161224424,0.000000000,0.405217652,0.089220135,0.759392236,0.451075748,31.754510078,0,17,17,0,0.041564792,4,0,0,0,0,388,4,16635,69936,18842,15,1329311
1171,1706585364.582704544,1706585364.682525396,1,0,0,1,97.268664350,-27.206160169,-0.917687472,-0.004407274,0.027931206,0.500301924,0.865389166,388,248,0.639175258,0.031816293,0.017392552,0.012014727,0.433441996,32.226072581,0.000000000,0.407076480,0.080537629,0.716167071,0.444656680,31.561626949,0,8,8,0,0.020618557,6,0,0,0,0,374,6,16635,69944,18848,15,1329685
1172,1706585364.682537556,1706585364.782361031,1,0,0,1,97.250761347,-27.223273984,-0.916489742,-0.002384030,0.030364531,0.516743123,0.855598537,401,250,0.623441397,0.034972679,0.021823664,0.015599607,0.429198574,30.700990103,0.000000000,0.410364738,0.081311485,0.667826876,0.445460205,31.564378826,0,14,14,0,0.034912718,9,0,0,0,0,378,9,16635,69958,18857,15,1330063
1173,1706585364.782773972,1706585364.882578373,1,0,0,1,97.213960054,-27.237661867,-0.915066354,-0.002019161,0.028107025,0.531632542,0.846506207,369,216,0.585365854,0.030623786,0.018536396,0.013055231,0.429102644,32.131010718,0.000000000,0.412264808,0.081284229,0.642610974,0.462706004,31.670530381,0,15,14,1,0.040650407,3,0,0,0,0,351,3,16638,69973,18860,15,1330414
1174,1706585364.882589817,1706585364.982382298,1,0,0,1,97.188533462,-27.261466646,-0.914917427,-0.008415960,0.025783003,0.548881510,0.835460051,396,236,0.595959596,0.033044021,0.018210843,0.012663250,0.331649687,31.415260075,0.000000000,0.407956269,0.081051634,0.630461886,0.497929796,31.680678322,0,19,19,0,0.047979798,4,0,0,0,0,373,4,16637,69992,18864,15,1330787
1175,1706585364.982406378,1706585365.082235098,1,0,0,1,97.147350065,-27.264733500,-0.914807409,-0.006945683,0.025713173,0.564979942,0.824674636,372,204,0.548387097,0.030529538,0.021514386,0.015030941,0.237202758,30.775604073,0.000000000,0.400272758,0.082605326,0.616450831,0.530514111,31.729555627,0,33,30,3,0.088709677,5,0,0,0,0,334,5,16650,70025,18869,15,1331121
1176,1706585365.083044291,1706585365.180988312,1,0,0,1,97.116366841,-27.270579207,-0.911525721,-0.005747234,0.026934723,0.578449710,0.815252981,398,220,0.552763819,0.032326867,0.021757579,0.015952293,0.268215139,30.847866145,0.000000000,0.388171908,0.077966300,0.588313828,0.554796770,31.813553770,0,49,48,1,0.123115578,7,0,0,0,0,342,7,16670,70074,18876,15,1331463
1177,1706585365.182873726,1706585365.279732943,1,0,0,1,97.093389932,-27.262068098,-0.917545152,-0.000267572,0.028860723,0.587856026,0.808450543,384,223,0.580729167,0.046446417,0.027617928,0.022765777,0.220910570,26.392586765,0.000000000,0.377798377,0.119799957,0.543853307,0.550951784,31.618625998,0,49,46,3,0.127604167,14,0,0,0,0,319,16,16684,70123,18890,15,1331782
1178,1706585365.282689810,1706585365.382520437,1,0,0,1,97.073046384,-27.268000649,-0.919160101,-0.003444818,0.028779048,0.597760296,0.801150752,383,211,0.550913838,0.044592996,0.025571154,0.018800761,0.169130407,31.234583348,0.000000000,0.367973524,0.139853087,0.509507924,0.523448824,31.568064160,0,35,34,1,0.091383812,13,0,0,0,0,334,14,16693,70158,18903,15,1332116
1179,1706585365.382532358,1706585365.482368231,1,0,0,1,97.054245931,-27.282997758,-0.923329031,-0.007032486,0.029422133,0.605122646,0.795557330,389,220,0.565552699,0.041598617,0.030761813,0.016524707,0.285147243,26.965727151,0.000000000,0.361350286,0.146795596,0.493809693,0.490086256,31.335202943,0,47,43,4,0.120822622,10,0,0,0,0,332,10,16706,70205,18913,15,1332448
1180,1706585365.482779503,1706585365.582602024,1,1,1,1,97.026413436,-27.296877093,-0.917212298,-0.007322935,0.029357333,0.615400266,0.787633820,357,166,0.464985994,0.036127541,0.019542886,0.014653096,0.211918566,28.047987241,0.050000000,0.350922212,0.146668247,0.484562651,0.478337688,31.167481753,1,13,13,0,0.036414566,7,34,0,0,0,303,41,16709,70218,18954,15,1332751
1181,1706585365.582613945,1706585365.682446480,1,1,1,1,97.005382479,-27.311392029,-0.910414222,-0.007360966,0.030952636,0.624405121,0.780452430,400,183,0.457500000,0.044585309,0.029959007,0.018798370,0.179471966,29.075161488,0.100000000,0.339079062,0.160018014,0.487076858,0.475314470,31.049610714,2,25,24,1,0.062500000,10,53,0,7,0,312,63,16715,70243,19017,15,1333063
1182,1706585365.682458401,1706585365.782191992,1,1,1,1,96.990055020,-27.331263741,-0.897655570,-0.005724664,0.032190878,0.635762211,0.771192185,377,177,0.469496021,0.047090378,0.029703777,0.023403188,0.361844882,24.502294638,0.150000000,0.337178202,0.171197073,0.507371453,0.494226856,30.757026158,3,25,25,0,0.066312997,10,50,0,0,0,292,60,16723,70268,19077,15,1333355
1183,1706585365.783077478,1706585365.882876158,1,1,1,1,96.965337297,-27.346036642,-0.902176002,-0.004439909,0.031691842,0.646317764,0.762397050,413,196,0.474576271,0.057292189,0.039442867,0.024123617,0.328636202,28.601328419,0.200000000,0.335615487,0.211149319,0.521854511,0.521123682,30.641302010,4,18,18,0,0.043583535,17,69,0,0,0,309,86,16728,70286,19163,15,1333664
1184,1706585365.882912636,1706585365.982749462,1,1,1,1,96.940971510,-27.359924393,-0.908574910,-0.003175646,0.031283669,0.661502808,0.749283179,395,181,0.458227848,0.047248371,0.029019685,0.020671772,0.319103829,23.427215849,0.250000000,0.330677447,0.213501549,0.543041587,0.553826231,30.173930320,5,14,13,1,0.035443038,9,82,0,0,0,290,91,16735,70300,19254,15,1333954
1185,1706585365.982761383,1706585366.082597733,1,1,1,1,96.918102185,-27.387429678,-0.892366341,-0.007532544,0.030614743,0.673946526,0.738107091,377,164,0.435013263,0.057450175,0.036249526,0.026697960,0.303435835,23.456300504,0.300000000,0.324789111,0.232141405,0.572259250,0.572310178,29.729352558,6,24,23,1,0.063660477,21,73,0,0,0,259,94,16743,70324,19348,15,1334213
1186,1706585366.082609177,1706585366.182425261,1,1,1,1,96.891958678,-27.404966886,-0.883454644,-0.008246655,0.027808941,0.682868904,0.729964873,368,147,0.399456522,0.053344086,0.025938588,0.019140164,0.280546618,24.214545861,0.350000000,0.318041334,0.233746333,0.585795900,0.577477774,29.236283095,7,12,12,0,0.032608696,16,92,0,0,0,248,108,16746,70336,19456,15,1334461
1187,1706585366.182437658,1706585366.282043219,1,1,1,1,96.886758139,-27.425339419,-0.889073075,-0.003409244,0.028960828,0.690306768,0.722928913,354,135,0.381355932,0.046272930,0.028380421,0.017155108,0.374383376,22.792200326,0.400000000,0.316851700,0.218902831,0.575947980,0.574372236,28.739127603,8,12,12,0,0.033898305,7,98,0,0,0,237,105,16751,70348,19561,15,1334698
1188,1706585366.283076763,1706585366.381211042,1,1,1,1,96.897321116,-27.457105144,-0.879426511,-0.005886563,0.031976855,0.691555239,0.721591422,369,160,0.433604336,0.050340418,0.028861426,0.022006811,0.392774378,23.340987092,0.450000000,0.318759619,0.216181751,0.581543208,0.548881676,28.366221637,9,21,20,1,0.056910569,9,81,0,0,0,258,90,16755,70369,19651,15,1334956
1189,1706585366.382919550,1706585366.480676889,1,1,1,1,96.899126691,-27.476197707,-0.871598122,-0.006479891,0.029219386,0.692945909,0.720368104,357,159,0.445378151,0.046332920,0.026656450,0.019895155,0.216417153,22.960589817,0.500000000,0.308854180,0.209329903,0.566897034,0.518095989,27.863476831,10,20,20,0,0.056022409,12,82,0,0,0,243,94,16757,70389,19745,15,1335199
1190,1706585366.482761383,1706585366.579434633,1,1,1,1,96.916146082,-27.495937516,-0.868290510,-0.012514663,0.027565505,0.691798675,0.721455556,378,145,0.383597884,0.047261375,0.023355995,0.018579780,0.346208448,23.402193616,0.550000000,0.305937014,0.196534489,0.562856427,0.487284493,27.325525291,11,21,19,2,0.055555556,12,96,0,2,0,248,109,16764,70410,19853,15,1335447
1191,1706585366.582592726,1706585366.682415009,1,1,1,1,96.919763151,-27.505453799,-0.853099816,-0.013859431,0.026700323,0.690220701,0.722973300,377,149,0.395225464,0.046618041,0.027251840,0.019774126,0.305236460,24.483088006,0.600000000,0.299526737,0.184764320,0.556347173,0.453257630,26.938376062,12,14,12,2,0.037135279,13,96,0,2,0,251,112,16768,70424,19962,15,1335698
1192,1706585366.682426214,1706585366.782241106,1,1,1,1,96.921066736,-27.509578950,-0.840094632,-0.014935028,0.024729571,0.688791755,0.724383401,365,143,0.391780822,0.051628300,0.026954236,0.021006429,0.291573048,25.320242778,0.650000000,0.292645460,0.179398785,0.530513544,0.422587183,26.669338696,13,16,16,0,0.043835616,13,97,0,0,0,238,111,16772,70440,20072,15,1335936
1193,1706585366.783051014,1706585366.882882118,1,1,1,1,96.922256266,-27.508259304,-0.826903026,-0.010051393,0.029212914,0.689804612,0.723336141,374,167,0.446524064,0.051710699,0.026301769,0.019564449,0.316643595,24.842119166,0.700000000,0.287022508,0.163580523,0.508993213,0.385177510,26.304894118,14,20,19,1,0.053475936,16,65,0,0,0,273,81,16783,70460,20153,15,1336209
1194,1706585366.882894039,1706585366.982710600,1,1,1,1,96.933474735,-27.495042407,-0.840213489,-0.012299157,0.027774878,0.692282871,0.720986625,388,174,0.448453608,0.053951892,0.025273536,0.018507988,0.369219417,22.996367941,0.750000000,0.288900994,0.151845337,0.489536852,0.353039415,25.883949511,15,17,17,0,0.043814433,16,79,0,0,0,276,95,16786,70477,20248,15,1336485
1195,1706585366.982722282,1706585367.082563639,1,1,1,1,96.923022727,-27.475473604,-0.851777400,-0.008111057,0.030223723,0.697564400,0.715838421,352,170,0.482954545,0.050302400,0.029845597,0.020202947,0.365161127,22.837127346,0.800000000,0.295298913,0.127496475,0.482854790,0.335043536,25.487025675,16,11,10,1,0.031250000,13,61,0,0,0,267,74,16789,70488,20322,15,1336752
1196,1706585367.082575560,1706585367.182205200,1,1,1,1,96.927473212,-27.442286972,-0.867144748,-0.008473693,0.026797794,0.704647231,0.709000955,351,162,0.461538462,0.050165048,0.030617727,0.019963376,0.344698559,25.029876321,0.850000000,0.299123084,0.102423157,0.494465394,0.331086918,25.196126184,17,18,18,0,0.051282051,15,64,0,0,0,254,79,16793,70506,20401,15,1337006
1197,1706585367.182404518,1706585367.282245874,1,1,1,1,96.916268989,-27.397915819,-0.866892664,-0.006439656,0.026000139,0.714290721,0.699336321,345,155,0.449275362,0.046859313,0.025900904,0.017608771,0.365712780,25.790597455,0.900000000,0.306363194,0.102218948,0.518977611,0.333844493,25.166026718,18,23,23,0,0.066666667,13,74,0,0,0,234,88,16799,70529,20488,15,1337240
1198,1706585367.283056021,1706585367.382742882,1,1,1,1,96.895543734,-27.349723658,-0.869891533,-0.004700453,0.029182249,0.726061769,0.686993894,341,169,0.495601173,0.053807482,0.033914997,0.026104690,0.427341585,24.112771753,0.950000000,0.319273753,0.102071763,0.547114965,0.349721120,24.809936138,19,19,17,2,0.055718475,18,59,0,4,0,245,77,16805,70548,20565,15,1337485
1199,1706585367.382904291,1706585367.482719183,1,1,1,1,96.888378973,-27.282597110,-0.887582266,-0.006351685,0.031685156,0.737564009,0.674503551,313,147,0.469648562,0.042435447,0.027647976,0.018272850,0.371605017,23.517797034,1.000000000,0.323596642,0.100782918,0.585205306,0.357878565,24.637539633,20,23,19,4,0.073482428,8,50,0,2,0,232,58,16813,70571,20623,15,1337717
1200,1706585367.482731104,1706585367.582277060,1,1,1,1,96.892836866,-27.223429953,-0.906887123,-0.006955694,0.028622480,0.748446777,0.662540409,307,151,0.491856678,0.044077223,0.024522380,0.018235420,0.381102852,25.270533071,1.000000000,0.332055856,0.083800604,0.621159282,0.366907923,24.498666924,20,21,20,1,0.068403909,12,64,0,3,0,209,77,16820,70592,20699,15,1337926
1201,1706585367.582576752,1706585367.681688786,1,1,1,1,96.888286342,-27.167715692,-0.931118340,-0.002285027,0.025225284,0.762485028,0.646509896,292,149,0.510273973,0.046667088,0.025085872,0.016771618,0.379357506,26.432449153,1.000000000,0.342050133,0.081641236,0.653931821,0.379912265,24.366531307,20,17,15,2,0.058219178,12,62,0,2,0,200,75,16829,70609,20773,15,1338126
1202,1706585367.682426214,1706585367.780401945,1,1,1,1,96.884271161,-27.112595816,-0.936410024,-0.001919770,0.027520195,0.772935798,0.633884221,283,152,0.537102473,0.045999769,0.023076865,0.016456395,0.373445489,27.055741294,1.000000000,0.342630164,0.082536453,0.680301943,0.385317998,24.494203640,20,26,25,1,0.091872792,10,53,0,0,0,193,64,16836,70635,20836,15,1338319
1203,1706585367.783060551,1706585367.878949165,1,1,1,1,96.870661030,-27.053003315,-0.955308037,0.009436519,0.031621066,0.783721132,0.620235638,275,157,0.570909091,0.060312611,0.037721054,0.025720176,0.431990100,26.561640397,1.000000000,0.347797859,0.088900742,0.715517051,0.379953800,24.392219239,20,20,17,3,0.072727273,20,50,0,3,0,184,71,16842,70655,20906,15,1338503
1204,1706585367.882902622,1706585367.982731104,1,1,1,1,96.867651616,-27.012467344,-0.964943138,0.012131852,0.031453427,0.790571161,0.611441526,250,132,0.528000000,0.050867905,0.028212292,0.018706198,0.357226661,27.423850414,1.000000000,0.349704000,0.088023205,0.718019252,0.368767207,24.592050967,20,20,18,2,0.080000000,9,59,0,1,0,159,71,16848,70675,20974,15,1338662
1205,1706585367.982743979,1706585368.082562208,1,1,1,1,96.852938197,-26.989372490,-0.957989478,0.008128908,0.027626044,0.792309380,0.609439553,227,123,0.541850220,0.059564584,0.028255593,0.020230587,0.395855740,29.575173770,1.000000000,0.354324996,0.091911519,0.713554061,0.349992103,24.897994630,20,15,13,2,0.066079295,10,47,0,0,0,152,60,16851,70690,21031,15,1338814
1206,1706585368.082573891,1706585368.181645393,1,1,1,1,96.849762133,-26.969184931,-0.947947715,0.009393025,0.028513420,0.794381339,0.606677051,251,136,0.541832669,0.060424978,0.033174977,0.025682376,0.352886899,28.376774613,1.000000000,0.357942010,0.101136616,0.714560262,0.336271138,25.106106068,20,19,18,1,0.075697211,13,56,0,0,0,161,71,16853,70709,21100,15,1338975
1207,1706585368.182418346,1706585368.280654430,1,1,1,1,96.862481986,-26.943100484,-0.913107206,0.002972321,0.026290364,0.793969619,0.607381450,232,132,0.568965517,0.057167526,0.033592676,0.026184702,0.341022717,34.428594907,1.000000000,0.356273977,0.102484520,0.725065884,0.334021980,25.687925797,20,13,13,0,0.056034483,11,50,0,0,0,156,63,16855,70722,21161,15,1339131
1208,1706585368.283048630,1706585368.382681608,1,1,1,1,96.867009889,-26.898207233,-0.897361383,-0.000164102,0.027041787,0.789490368,0.613166921,225,116,0.515555556,0.047711076,0.023734257,0.016048222,0.400774063,38.948269184,1.000000000,0.356673961,0.103609685,0.752141391,0.345039922,26.468289902,20,8,8,0,0.035555556,8,49,0,0,0,159,58,16858,70730,21218,15,1339290
1209,1706585368.382892609,1706585368.481224537,1,1,1,1,96.905229842,-26.862598458,-0.903833741,-0.001017466,0.029135764,0.784499161,0.619444218,220,117,0.531818182,0.050488473,0.023579044,0.017025735,0.460782219,38.099312386,1.000000000,0.368892214,0.101315057,0.778505470,0.357571742,27.225226030,20,11,10,1,0.050000000,8,50,0,0,0,151,58,16859,70741,21276,15,1339441
1210,1706585368.482733727,1706585368.581452131,1,1,1,1,96.911177148,-26.832934452,-0.907970253,-0.004873659,0.028916203,0.779861262,0.625265154,222,127,0.572072072,0.044700643,0.021282130,0.015060686,0.346419789,34.522590570,1.000000000,0.368902781,0.103917975,0.790754652,0.367978787,27.781245878,20,11,11,0,0.049549550,13,36,0,0,0,162,49,16863,70752,21325,15,1339603
1211,1706585368.582574844,1706585368.681989670,1,1,1,1,96.917573937,-26.817306757,-0.921950539,-0.001162799,0.034659673,0.776725178,0.628884212,211,111,0.526066351,0.054059131,0.027173063,0.017661068,0.432456282,30.425100353,1.000000000,0.375263772,0.102302993,0.798971190,0.373066924,28.078346495,20,11,11,0,0.052132701,9,34,0,0,0,157,43,16864,70763,21368,15,1339760
1212,1706585368.682414532,1706585368.780635834,1,1,1,1,96.932738360,-26.809884941,-0.933951671,0.002800005,0.035415847,0.780377358,0.624298853,210,118,0.561904762,0.050439864,0.029585606,0.014329028,0.426432158,30.415782405,1.000000000,0.382006728,0.102440059,0.806374493,0.381493812,28.333123476,20,11,10,1,0.052380952,7,26,0,0,0,166,33,16868,70774,21401,15,1339926
1213,1706585368.783043623,1706585368.882644415,1,1,1,1,96.910298321,-26.823735175,-0.933598220,0.001019369,0.034478151,0.783563106,0.620353994,205,119,0.580487805,0.037727221,0.020048461,0.013500763,0.356113596,30.938760364,1.000000000,0.383980228,0.118749283,0.810890451,0.384907255,28.637955536,20,7,6,1,0.034146341,10,30,0,0,0,158,40,16869,70781,21441,15,1340084
1214,1706585368.882881880,1706585368.981398344,1,1,1,1,96.906870293,-26.836727432,-0.930983849,0.001284626,0.029282952,0.790990885,0.611125420,213,113,0.530516432,0.046330842,0.024115110,0.017743661,0.344877759,30.499860449,1.000000000,0.382763145,0.119723683,0.799561193,0.393277764,29.013130162,20,5,5,0,0.023474178,9,41,0,0,0,158,50,16870,70786,21491,15,1340242
1215,1706585368.982732534,1706585369.079814196,1,1,1,1,96.911317374,-26.869035918,-0.925687655,0.005015416,0.032632996,0.799767684,0.599401022,203,120,0.591133005,0.048918214,0.024822000,0.019243209,0.472098476,34.479384729,1.000000000,0.388110012,0.119973046,0.795759785,0.403173992,29.595243031,20,11,11,0,0.054187192,6,32,0,0,0,154,38,16871,70797,21529,15,1340396
1216,1706585369.082573652,1706585369.178244114,1,1,1,1,96.891675099,-26.916233512,-0.923592038,0.006319875,0.028868139,0.808680062,0.587505955,234,136,0.581196581,0.052562941,0.026692791,0.020520209,0.430404669,31.809545506,1.000000000,0.392395318,0.120231299,0.801159870,0.405336412,29.934226490,20,15,14,1,0.064102564,12,44,0,1,0,163,56,16873,70812,21585,15,1340559
1217,1706585369.182411432,1706585369.282234192,1,1,1,1,96.913156725,-26.973358554,-0.913534451,0.006072210,0.032172902,0.820479954,0.570736961,243,119,0.489711934,0.059874074,0.029723202,0.026179079,0.346487517,30.379286350,1.000000000,0.391434055,0.124891814,0.810468265,0.412197015,30.163660935,20,15,11,4,0.061728395,8,50,0,4,0,169,59,16879,70827,21643,15,1340728
1218,1706585369.283045769,1706585369.381987333,1,1,1,1,96.904346426,-27.029619301,-0.897468204,0.009190831,0.036391238,0.832052649,0.553425330,220,113,0.513636364,0.064656998,0.038182323,0.031778903,0.446665263,37.198309982,1.000000000,0.392400239,0.136671595,0.799850345,0.419825854,30.817937846,20,8,8,0,0.036363636,9,39,0,0,0,164,48,16880,70835,21691,15,1340892
1219,1706585369.382884264,1706585369.482703924,1,1,1,1,96.928468756,-27.084168037,-0.881875067,0.012276300,0.038390917,0.845215794,0.532903079,261,131,0.501915709,0.073822041,0.060713153,0.042996063,0.287951149,36.773988425,1.000000000,0.388217545,0.156340969,0.799102994,0.436350199,31.480747416,20,7,6,1,0.026819923,11,46,0,0,0,197,57,16883,70842,21748,15,1341089
1220,1706585369.482716322,1706585369.582547903,1,1,1,1,96.911490014,-27.134215571,-0.876893675,0.012510218,0.039276244,0.856097706,0.515167535,267,136,0.509363296,0.073823676,0.060370128,0.027827048,0.348849547,33.645617784,1.000000000,0.386604880,0.168987296,0.791260720,0.435517509,31.899501652,20,10,10,0,0.037453184,12,39,0,0,0,206,51,16884,70852,21799,15,1341295
1221,1706585369.582560301,1706585369.681736231,1,1,1,1,96.915372138,-27.153847102,-0.880595178,0.009747784,0.034607489,0.866816132,0.497329967,286,138,0.482517483,0.057568804,0.048547856,0.024038000,0.288822375,33.903630919,1.000000000,0.382078123,0.164621915,0.756093178,0.444104893,32.273060740,20,18,14,4,0.062937063,4,41,0,4,0,223,45,16890,70870,21844,15,1341518
1222,1706585369.682409525,1706585369.782186508,1,1,1,1,96.930826855,-27.172704148,-0.895680900,0.012566750,0.031012088,0.873886704,0.484976655,321,142,0.442367601,0.058196900,0.043820692,0.026599744,0.287852760,40.610931936,1.000000000,0.377798487,0.159044574,0.720782456,0.437451893,32.950820272,20,12,12,0,0.037383178,4,36,0,0,0,269,40,16891,70882,21884,15,1341787
1223,1706585369.783034325,1706585369.881501913,1,1,1,1,96.935974952,-27.193661045,-0.904577580,0.013519666,0.028466035,0.878090117,0.477456437,347,180,0.518731988,0.052382492,0.037291253,0.021922814,0.218154354,44.980011960,1.000000000,0.367106700,0.159301721,0.702350503,0.432349058,33.871738850,20,11,11,0,0.031700288,6,39,0,0,0,291,45,16891,70893,21929,15,1342078
1224,1706585369.882874012,1706585369.982644081,1,1,1,1,96.949403445,-27.204581060,-0.899389351,0.012080010,0.027300962,0.879378490,0.475186492,348,152,0.436781609,0.057817185,0.044001163,0.025758087,0.222320246,36.984518629,1.000000000,0.360361379,0.157661284,0.692166889,0.432370746,34.349772261,20,11,11,0,0.031609195,5,44,0,0,0,288,49,16893,70904,21978,15,1342366
1225,1706585369.982718945,1706585370.082298756,1,1,1,1,96.942471643,-27.219428140,-0.903532042,0.015372295,0.030915275,0.879464227,0.474711083,359,157,0.437325905,0.053891399,0.037195561,0.020716573,0.237075726,36.589844553,1.000000000,0.352422378,0.157611497,0.686298241,0.426320588,34.700505800,20,11,11,0,0.030640669,9,41,0,0,0,298,50,16894,70915,22028,15,1342664
1226,1706585370.082548380,1706585370.182388306,1,1,1,1,96.945534473,-27.211705121,-0.892726700,0.013926784,0.029930503,0.879528451,0.474699813,354,157,0.443502825,0.044425402,0.035304308,0.021366302,0.188614173,40.536720937,1.000000000,0.344208742,0.163788770,0.654584673,0.424890395,35.308503116,20,5,5,0,0.014124294,4,38,0,0,0,307,42,16896,70920,22070,15,1342971
1227,1706585370.182399511,1706585370.281350374,1,1,1,1,96.918946888,-27.183647660,-0.894946983,0.015691593,0.033140368,0.880458045,0.472704052,363,161,0.443526171,0.047905083,0.033774601,0.023024476,0.277906265,38.322282235,1.000000000,0.341052919,0.166697854,0.645512740,0.414749709,35.503187483,20,8,8,0,0.022038567,3,41,0,0,0,310,45,16898,70928,22114,15,1343281
1228,1706585370.283032894,1706585370.380220413,1,1,1,1,96.907665716,-27.153120951,-0.904648871,0.017104719,0.028769280,0.883420654,0.467383896,379,171,0.451187335,0.047840522,0.035261439,0.021853140,0.165340287,43.690298615,1.000000000,0.329281230,0.166596287,0.626835710,0.410769649,35.740288954,20,5,5,0,0.013192612,4,45,0,0,0,323,51,16898,70933,22163,15,1343604
1229,1706585370.382875681,1706585370.479125738,1,1,1,1,96.881073319,-27.124031469,-0.909062916,0.016047599,0.029789269,0.886819405,0.460875706,410,180,0.439024390,0.049138496,0.034561431,0.019224488,0.207347936,42.052970331,1.000000000,0.316609516,0.167366881,0.635958934,0.410663967,35.937971851,20,5,4,1,0.012195122,7,49,0,1,0,348,57,16899,70938,22219,15,1343952
1230,1706585370.482709169,1706585370.578067780,1,1,1,1,96.821990805,-27.093008660,-0.911575534,0.012337613,0.026375713,0.890811663,0.453438735,405,190,0.469135802,0.045801784,0.033620320,0.018984053,0.126443286,55.935375653,1.000000000,0.305610691,0.166218898,0.680815797,0.418402019,37.008611106,20,5,5,0,0.012345679,5,34,0,0,0,360,40,16900,70943,22258,15,1344312
1231,1706585370.582548380,1706585370.682365179,1,0,0,1,96.735968712,-27.042762835,-0.891246775,0.008642412,0.027687717,0.895833154,0.443442960,454,222,0.488986784,0.047464602,0.035443892,0.021091705,0.146254237,47.393833313,0.950000000,0.291300589,0.169248395,0.761776275,0.429274531,37.857047754,0,34,31,3,0.074889868,6,0,0,0,0,411,9,16910,70977,22264,15,1344723
1232,1706585370.682777166,1706585370.782602549,1,0,0,1,96.684588068,-26.996935175,-0.879994326,0.007939302,0.027683990,0.900502631,0.433895813,497,222,0.446680080,0.043372929,0.034514689,0.023225686,0.154159169,58.409820996,0.900000000,0.277686940,0.175037228,0.805165952,0.440440883,39.256749683,0,28,25,3,0.056338028,5,0,0,0,0,461,8,16922,71005,22269,15,1345184
1233,1706585370.782614708,1706585370.882439852,1,0,0,1,96.638270440,-26.973982614,-0.847333719,0.004898924,0.029374774,0.905015505,0.424334843,524,231,0.440839695,0.046439303,0.036566181,0.019210979,0.207098864,56.112235389,0.850000000,0.270236203,0.163443541,0.852623287,0.438408089,40.515423434,0,35,29,6,0.066793893,5,0,0,0,0,483,6,16934,71040,22274,15,1345667
1234,1706585370.882452011,1706585370.981385469,1,0,0,1,96.588387462,-26.936943644,-0.837395625,0.007812857,0.027618202,0.909664268,0.414351438,527,224,0.425047438,0.041557208,0.029766358,0.019936707,0.186126754,50.328783590,0.800000000,0.262298653,0.168977212,0.882503228,0.430826458,41.506869591,0,29,21,8,0.055028463,7,0,0,0,0,491,7,16949,71069,22281,15,1346158
1235,1706585370.983095169,1706585371.082886219,1,0,0,1,96.534374872,-26.901755032,-0.847487871,0.005119271,0.026365252,0.912455328,0.408293940,514,223,0.433852140,0.039946714,0.022938714,0.017610320,0.168098811,50.614306290,0.750000000,0.247098669,0.178412891,0.896587709,0.414766641,42.313615670,0,17,16,1,0.033073930,2,0,0,0,0,495,2,16955,71086,22283,15,1346653
1236,1706585371.082910776,1706585371.182258368,1,0,0,1,96.483762714,-26.859277474,-0.830785896,0.004430153,0.028495525,0.915812164,0.400570168,519,224,0.431599229,0.043709555,0.027457084,0.017499882,0.227516661,38.594259827,0.700000000,0.236954269,0.183952007,0.902887390,0.390520252,42.652851386,0,28,26,2,0.053949904,3,0,0,0,0,488,3,16966,71114,22286,15,1347141
1237,1706585371.182757139,1706585371.282345772,1,0,0,1,96.439759576,-26.826241370,-0.836205191,0.007463701,0.035750838,0.918660429,0.393356310,521,223,0.428023033,0.033982632,0.025877740,0.015246454,0.141760235,43.898668677,0.650000000,0.226717905,0.201046498,0.899008401,0.364380860,43.328820502,0,20,19,1,0.038387716,2,0,0,0,0,499,2,16971,71134,22288,15,1347640
1238,1706585371.282595396,1706585371.382007599,1,0,0,1,96.389803732,-26.788695298,-0.848071852,0.007251291,0.031734062,0.921854009,0.386167779,545,241,0.442201835,0.050600297,0.030474474,0.017653143,0.202150729,66.030512248,0.600000000,0.214492178,0.194438882,0.900968469,0.331258798,44.770430615,0,26,23,3,0.047706422,15,0,0,0,0,504,15,16981,71160,22303,15,1348144
1239,1706585371.382432222,1706585371.482270002,1,0,0,1,96.335299002,-26.749482109,-0.847217123,0.009492510,0.022941087,0.924183664,0.381140597,562,254,0.451957295,0.039832376,0.023423702,0.015530753,0.116950552,57.206268659,0.550000000,0.205942148,0.173822487,0.915035423,0.300349205,45.792044627,0,13,11,2,0.023131673,6,0,0,0,0,543,6,16984,71173,22309,15,1348687
1240,1706585371.483079433,1706585371.581129551,1,0,0,1,96.296261834,-26.715932104,-0.849145539,0.008670492,0.030021707,0.927014318,0.373721787,590,251,0.425423729,0.045064906,0.028076469,0.016082568,0.191472531,47.176099147,0.500000000,0.198073298,0.132212791,0.946193717,0.274934710,46.468568695,0,37,34,3,0.062711864,10,0,0,0,0,543,10,16998,71210,22319,15,1349230
1241,1706585371.582913160,1706585371.680114031,1,0,0,1,96.249459244,-26.673680567,-0.857937967,0.012800530,0.029161861,0.930099265,0.365924979,632,277,0.438291139,0.043529641,0.025543585,0.016644370,0.194828215,52.957567232,0.450000000,0.193373590,0.125369579,0.981185937,0.263293913,47.421265511,0,27,22,5,0.042721519,11,0,0,0,0,588,17,17006,71237,22330,15,1349818
1242,1706585371.682743311,1706585371.782336950,1,0,0,1,96.214061921,-26.643670324,-0.853269214,0.013126341,0.027110364,0.932786260,0.359169207,611,274,0.448445172,0.052630828,0.028305757,0.017782729,0.173139344,42.857979416,0.400000000,0.187637919,0.116621004,1.004485008,0.260691911,47.533617885,0,31,30,1,0.050736498,16,0,0,0,0,563,17,17015,71268,22346,15,1350381
1243,1706585371.782598972,1706585371.881111622,1,0,0,1,96.154102192,-26.601789586,-0.865649245,0.007089675,0.022817495,0.935017318,0.353796147,634,258,0.406940063,0.043008028,0.023129812,0.014986695,0.150987870,49.042113728,0.350000000,0.184279595,0.114822237,1.060594375,0.267293209,47.736722973,0,28,19,9,0.044164038,13,0,0,0,0,586,20,17029,71296,22359,15,1350967
1244,1706585371.882447004,1706585371.982264757,1,0,0,1,96.100716169,-26.539685676,-0.863748212,0.014485407,0.020243653,0.938493835,0.344397575,684,274,0.400584795,0.043902586,0.026405759,0.017478870,0.147026951,45.868840618,0.300000000,0.180514930,0.099885456,1.125611375,0.286095788,48.180939073,0,63,35,28,0.092105263,10,0,0,0,0,596,25,17066,71359,22369,15,1351563
1245,1706585371.983073950,1706585372.082894087,1,0,0,1,96.064889216,-26.466649613,-0.873184258,0.017807132,0.036608350,0.943804609,0.327987188,687,252,0.366812227,0.042682990,0.026670120,0.017757148,0.122945864,53.629709511,0.250000000,0.174808437,0.091304579,1.193876730,0.320396261,49.032932321,0,72,45,27,0.104803493,11,0,0,0,0,596,19,17113,71431,22380,15,1352159
1246,1706585372.082906246,1706585372.182745457,1,0,0,1,96.004278283,-26.387735902,-0.865984637,0.010722658,0.042983590,0.946318563,0.320185280,671,292,0.435171386,0.041934789,0.023573137,0.015728284,0.202348418,41.446822747,0.200000000,0.175495149,0.092515436,1.254923347,0.333105196,49.078437411,0,72,39,33,0.107302534,13,0,0,0,0,583,16,17156,71503,22393,15,1352742
1247,1706585372.182757378,1706585372.281785965,1,0,0,1,95.930010919,-26.316560616,-0.873585423,0.025400464,0.042319356,0.948503203,0.312898645,715,277,0.387412587,0.039548608,0.029782498,0.018949624,0.150160486,53.098223291,0.150000000,0.169107860,0.094720275,1.324110647,0.335025380,49.817234464,0,61,28,33,0.085314685,10,0,0,0,0,627,27,17198,71564,22403,15,1353369
1248,1706585372.282598257,1706585372.380439520,1,0,0,1,95.860752769,-26.234177460,-0.891134135,0.022663549,0.045423791,0.949418291,0.309883771,702,296,0.421652422,0.039169732,0.026841985,0.014946260,0.146628941,57.407353251,0.100000000,0.168172293,0.096553921,1.393500399,0.326861033,50.503087196,0,59,36,23,0.084045584,7,0,0,0,0,628,15,17234,71623,22410,15,1353997
1249,1706585372.382436752,1706585372.479207754,1,0,0,1,95.794236739,-26.170527097,-0.893457776,0.022392829,0.043354872,0.952980997,0.299075469,701,275,0.392296719,0.034499254,0.021655054,0.014540303,0.156688031,55.580815825,0.050000000,0.165639298,0.104016614,1.418814285,0.332613651,51.179479470,0,50,28,22,0.071326676,6,0,0,0,0,636,15,17262,71673,22416,15,1354633
1250,1706585372.483073711,1706585372.581526041,1,0,0,1,95.721326960,-26.117578367,-0.881248657,0.031012153,0.033609863,0.954717999,0.293976472,753,326,0.432934927,0.034682647,0.023430847,0.016291155,0.141824661,43.407414943,0.000000000,0.166408366,0.112248164,1.408070904,0.319985504,50.553081435,0,49,35,14,0.065073041,13,0,0,0,0,670,34,17286,71722,22429,15,1355303
1251,1706585372.582911015,1706585372.682744026,1,0,0,1,95.640065198,-26.065459289,-0.873955801,0.029576280,0.025302568,0.956598154,0.288799231,706,284,0.402266289,0.034268930,0.020244553,0.014899706,0.143746372,49.758226975,0.000000000,0.166282973,0.117885568,1.435123272,0.309968257,50.671301118,0,35,32,3,0.049575071,7,0,0,0,0,662,9,17296,71757,22436,15,1355965
1252,1706585372.682756662,1706585372.782384396,1,0,0,1,95.564082420,-26.010474970,-0.869347847,0.032485417,0.023846419,0.959085360,0.280234400,747,298,0.398929050,0.034947460,0.022100369,0.015537310,0.164654374,55.956112946,0.000000000,0.166807733,0.123861480,1.467880697,0.306288680,50.548615715,0,37,33,4,0.049531459,10,0,0,0,0,700,10,17308,71794,22446,15,1356665
1253,1706585372.782596827,1706585372.881386757,1,0,0,1,95.510039734,-25.951972416,-0.865444989,0.035035356,0.034843762,0.959702272,0.276640535,774,311,0.401808786,0.038221166,0.023104865,0.015839903,0.164862349,47.874861386,0.000000000,0.164695908,0.122648245,1.484699944,0.291215754,50.136747015,0,40,25,15,0.051679587,16,0,0,0,0,710,24,17329,71834,22462,15,1357375
1254,1706585372.882446289,1706585372.980495214,1,0,0,1,95.436015650,-25.894825220,-0.866000729,0.038540344,0.033450038,0.961223470,0.271007709,763,302,0.395806029,0.041284772,0.024269073,0.017579228,0.198407600,46.388409062,0.000000000,0.165309950,0.122653108,1.512969110,0.289164569,49.939728289,0,35,24,11,0.045871560,11,0,0,0,0,712,16,17344,71869,22473,15,1358087
1255,1706585372.983080149,1706585373.082739115,1,0,0,1,95.392279467,-25.864133081,-0.853326350,0.036885441,0.027886792,0.961326123,0.271502994,761,288,0.378449409,0.036977422,0.023715459,0.017186998,0.157836993,49.473473485,0.000000000,0.164796859,0.124787544,1.499729263,0.272789623,49.882686649,0,27,21,6,0.035479632,6,0,0,0,0,725,9,17354,71896,22479,15,1358812
1256,1706585373.082912922,1706585373.181297064,1,0,0,1,95.365318251,-25.847862799,-0.839195814,0.039762609,0.025379144,0.961485834,0.270776338,735,277,0.376870748,0.039322383,0.022290190,0.016528411,0.192260314,44.392549527,0.000000000,0.163034042,0.124498693,1.478954089,0.258505331,50.172601134,0,24,15,9,0.032653061,7,0,0,0,0,697,14,17367,71920,22486,15,1359509
1257,1706585373.182757616,1706585373.282592535,1,0,0,1,95.345814244,-25.826104327,-0.838432429,0.042271172,0.027469078,0.961526750,0.270046120,768,298,0.388020833,0.036121460,0.023666117,0.017261020,0.206964534,48.150648706,0.000000000,0.166294256,0.121261601,1.444575502,0.244044148,50.385200135,0,24,15,9,0.031250000,8,0,0,0,0,736,8,17381,71944,22494,15,1360245
1258,1706585373.282604694,1706585373.382442474,1,0,0,1,95.362212563,-25.834415298,-0.852828994,0.043457267,0.022944425,0.961189766,0.271476065,750,294,0.392000000,0.040782141,0.024988551,0.018293406,0.168752105,50.019362876,0.000000000,0.164624325,0.108712145,1.400775481,0.236157424,49.584642666,0,29,24,5,0.038666667,10,0,0,0,0,711,10,17391,71973,22504,15,1360956
1259,1706585373.382454157,1706585373.482273102,1,0,0,1,95.374651960,-25.861900456,-0.866293676,0.043970017,0.022046548,0.960406680,0.274225447,745,298,0.400000000,0.043744148,0.025044004,0.016934120,0.259641681,43.819691882,0.000000000,0.171758882,0.109917017,1.382303450,0.225797944,48.915313828,0,28,27,1,0.037583893,11,0,0,0,0,703,14,17395,72001,22515,15,1361659
1260,1706585373.483083248,1706585373.581569195,1,0,0,1,95.373267758,-25.866285509,-0.855702173,0.042331760,0.026156766,0.959947123,0.275726978,735,300,0.408163265,0.033112391,0.019465756,0.013576160,0.174463754,53.607486031,0.000000000,0.170908443,0.114680961,1.330187048,0.212493551,49.236883172,0,18,13,5,0.024489796,7,0,0,0,0,710,7,17400,72019,22522,15,1362369
1261,1706585373.582916021,1706585373.680276394,1,0,0,1,95.367756912,-25.869645966,-0.853273362,0.044064949,0.026132582,0.960133279,0.274808033,715,294,0.411188811,0.032770947,0.019514587,0.014596247,0.188384153,46.317757540,0.000000000,0.170586240,0.120108034,1.290442517,0.199733107,48.904892687,0,20,19,1,0.027972028,4,0,0,0,0,690,5,17404,72039,22526,15,1363059
1262,1706585373.682758570,1706585373.779065132,1,0,0,1,95.338791891,-25.858901897,-0.843134588,0.043904320,0.025393036,0.961073690,0.271597067,735,285,0.387755102,0.034072449,0.020540227,0.014404014,0.183715713,51.747117096,0.000000000,0.171115058,0.096207427,1.248778793,0.194627749,49.349349571,0,27,17,10,0.036734694,11,0,0,0,0,694,14,17417,72066,22537,15,1363753
1263,1706585373.782607079,1706585373.877987146,1,0,0,1,95.309265039,-25.844974988,-0.836317350,0.044793730,0.025722896,0.962286710,0.267088266,753,308,0.409030544,0.040816995,0.022534520,0.016606526,0.217311487,47.565125659,0.000000000,0.174431239,0.093539889,1.200211372,0.184219533,49.275500168,0,36,18,18,0.047808765,9,0,0,0,0,693,24,17440,72102,22546,15,1364446
1264,1706585373.882441759,1706585373.982261896,1,0,0,1,95.281971325,-25.833436164,-0.831886826,0.045433999,0.025225871,0.963846745,0.261340506,784,281,0.358418367,0.033584261,0.020145083,0.012961810,0.180126440,49.937042615,0.000000000,0.176086213,0.091464918,1.148277843,0.161684126,49.478910268,0,34,25,9,0.043367347,9,0,0,0,0,731,19,17455,72136,22555,15,1365177
1265,1706585373.983072519,1706585374.082575321,1,0,0,1,95.281227385,-25.826974203,-0.839975579,0.046872074,0.022730057,0.965853827,0.253796647,848,316,0.372641509,0.036624635,0.020511331,0.013868654,0.189978141,55.154567439,0.000000000,0.179437827,0.086919455,1.058893359,0.160221079,49.555153164,0,55,21,34,0.064858491,12,0,0,0,0,763,30,17499,72191,22567,15,1365940
1266,1706585374.082913160,1706585374.181637764,1,0,0,1,95.247865433,-25.821619276,-0.837038000,0.046482833,0.019773309,0.968245093,0.244846487,826,321,0.388619855,0.033066820,0.021096300,0.014051099,0.171743255,50.968575734,0.000000000,0.177907569,0.086476294,0.989662643,0.165139033,50.031240813,0,27,14,13,0.032687651,6,0,0,0,0,789,10,17513,72218,22573,15,1366729
1267,1706585374.182748556,1706585374.282573462,1,0,0,1,95.183286425,-25.807532642,-0.834776467,0.048785588,0.019539806,0.970673838,0.234585728,858,310,0.361305361,0.036892434,0.023306447,0.016301756,0.211176840,41.621581349,0.000000000,0.180958387,0.085180702,0.946750071,0.179497197,49.457408716,0,24,16,8,0.027972028,5,0,0,0,0,826,8,17524,72242,22578,15,1367555
1268,1706585374.282585859,1706585374.382416010,1,0,0,1,95.119463489,-25.779827234,-0.819296213,0.052728688,0.017242475,0.973357263,0.222481509,911,339,0.372118551,0.036608632,0.021781873,0.014914941,0.204227324,50.852432569,0.000000000,0.183838306,0.084121565,0.925935203,0.181486755,49.129662682,0,24,20,4,0.026344676,11,0,0,0,0,875,12,17529,72266,22589,15,1368430
1269,1706585374.382427216,1706585374.482252598,1,0,0,1,95.054462664,-25.758231410,-0.806319934,0.053674474,0.014989943,0.976267591,0.209274802,976,344,0.352459016,0.037605177,0.022402423,0.015075595,0.200142105,53.532915818,0.000000000,0.186011010,0.082876752,0.904716868,0.198778454,49.027267682,0,38,33,5,0.038934426,10,0,0,0,0,928,10,17538,72304,22599,15,1369358
1270,1706585374.483062744,1706585374.582890749,1,0,0,1,95.005277776,-25.736843726,-0.810757202,0.059216062,0.016217162,0.979520895,0.191753168,1070,407,0.380373832,0.036966096,0.023012484,0.016526776,0.177656313,66.216105915,0.000000000,0.187802592,0.081590153,0.861719370,0.222761499,50.167702231,0,33,31,2,0.030841121,11,0,0,0,0,1026,11,17541,72337,22610,15,1370384
1271,1706585374.582902908,1706585374.682717562,1,0,0,1,94.962868044,-25.721442956,-0.811935050,0.063990431,0.018193548,0.982185859,0.175741737,1125,432,0.384000000,0.034063926,0.019413906,0.015055580,0.181534306,60.464054350,0.000000000,0.189691989,0.081863435,0.812950612,0.237132047,50.702993599,0,19,19,0,0.016888889,9,0,0,0,0,1097,9,17544,72356,22619,15,1371481
1272,1706585374.682729959,1706585374.782555342,1,0,0,1,94.926726099,-25.711194309,-0.814020772,0.064891940,0.016252934,0.984720186,0.160782566,1185,453,0.382278481,0.032831691,0.019261552,0.014697869,0.157461463,57.056508324,0.000000000,0.189332343,0.084851191,0.770835875,0.261031727,50.758013368,0,27,26,1,0.022784810,11,0,0,0,0,1147,11,17550,72383,22630,15,1372628
1273,1706585374.782567501,1706585374.882389545,1,0,0,1,94.872437585,-25.690493150,-0.806838826,0.067605201,0.018965247,0.986902666,0.145234240,1346,526,0.390787519,0.034126671,0.022653068,0.015830688,0.196753044,54.635858870,0.000000000,0.190926878,0.086213699,0.735861225,0.280719731,51.096063242,0,33,31,2,0.024517088,17,0,0,0,0,1296,17,17555,72416,22647,15,1373924
1274,1706585374.882401705,1706585374.980957270,1,0,0,1,94.839582262,-25.691818847,-0.811199333,0.068103447,0.018274065,0.988931065,0.130550098,1484,530,0.357142857,0.038948294,0.023035458,0.016788636,0.221875403,67.181511070,0.000000000,0.192100268,0.082743022,0.714117569,0.310022767,52.135718343,0,31,29,2,0.020889488,21,0,0,0,0,1432,21,17558,72447,22668,15,1375356
1275,1706585374.983042479,1706585375.082869291,1,0,0,1,94.807828020,-25.688427535,-0.801179322,0.067276895,0.014699473,0.990872863,0.115882329,1520,570,0.375000000,0.034370448,0.021743284,0.015258218,0.180073132,71.741474504,0.000000000,0.193212075,0.083883844,0.713072226,0.338959093,53.249118394,0,26,26,0,0.017105263,15,0,0,0,0,1479,15,17559,72473,22683,15,1376835
1276,1706585375.082880497,1706585375.182695627,1,0,0,1,94.774396558,-25.679578087,-0.791223245,0.070130546,0.015804940,0.992120573,0.102609350,1558,585,0.375481386,0.035832335,0.022072158,0.015269905,0.179011257,72.126517805,0.000000000,0.192549622,0.082133274,0.719829242,0.364355547,54.635816808,0,40,37,3,0.025673941,14,0,0,0,0,1504,14,17567,72513,22697,15,1378339
1277,1706585375.182708502,1706585375.282544374,1,0,0,1,94.737305051,-25.682450638,-0.786542321,0.072062059,0.011360517,0.993342196,0.089158732,1512,577,0.381613757,0.035724559,0.021907668,0.015725014,0.183370515,69.868497320,0.000000000,0.191369922,0.082218006,0.733974806,0.389223069,55.721709238,0,29,28,1,0.019179894,19,0,0,0,0,1464,19,17570,72542,22716,15,1379803
1278,1706585375.282554865,1706585375.382385015,1,0,0,1,94.691944878,-25.679203708,-0.780138393,0.070352160,0.011282869,0.994361203,0.078543412,1444,535,0.370498615,0.036309903,0.021797282,0.015309912,0.198035846,60.719664288,0.000000000,0.192834109,0.077241954,0.746862319,0.405073386,56.256724309,0,42,40,2,0.029085873,17,0,0,0,0,1385,17,17576,72584,22733,15,1381188
1279,1706585375.382397175,1706585375.482209444,1,0,0,1,94.628045042,-25.673864271,-0.777843247,0.061454222,0.012523501,0.995551166,0.070316542,1422,532,0.374120956,0.032803559,0.020407571,0.014347687,0.198785181,56.765120292,0.000000000,0.189791284,0.061956583,0.799479280,0.418798811,56.903995729,0,30,26,4,0.021097046,14,0,0,0,0,1378,14,17584,72614,22747,15,1382566
1280,1706585375.483021259,1706585375.582855225,1,0,0,1,94.561313565,-25.669030084,-0.775327225,0.047826868,0.014723256,0.996645526,0.064757338,1374,513,0.373362445,0.032184322,0.020270617,0.014424558,0.164238494,58.297802277,0.000000000,0.189280021,0.063628430,0.859536455,0.428718640,57.138511542,0,26,25,1,0.018922853,11,0,0,0,0,1337,11,17588,72640,22758,15,1383903
1281,1706585375.582866430,1706585375.682692766,1,0,0,1,94.497784430,-25.662060110,-0.765935925,0.043021333,0.012135757,0.996961594,0.063792379,1368,539,0.394005848,0.035862713,0.023047320,0.016180181,0.178356874,64.416268587,0.000000000,0.188778657,0.061238631,0.891618466,0.424352691,58.043437094,0,35,34,1,0.025584795,12,0,0,0,0,1321,12,17589,72675,22770,15,1385224
1282,1706585375.682704687,1706585375.782542467,1,0,0,1,94.433710360,-25.639209039,-0.746746591,0.048531653,0.016328283,0.996597456,0.064587741,1372,545,0.397230321,0.034441515,0.021320865,0.015455004,0.186583712,57.061698647,0.000000000,0.188922057,0.060914658,0.928949374,0.417328236,58.309166172,0,31,24,7,0.022594752,12,0,0,0,0,1329,12,17599,72706,22782,15,1386553
1283,1706585375.782554388,1706585375.882395983,1,0,0,1,94.375076823,-25.621549355,-0.748392092,0.048523674,0.021491171,0.996334251,0.067094287,1412,550,0.389518414,0.035799433,0.022187376,0.015842777,0.197856875,57.440377403,0.000000000,0.187949326,0.050705417,0.960244741,0.410958057,58.802928759,0,23,23,0,0.016288952,15,0,0,0,0,1374,15,17603,72729,22797,15,1387927
1284,1706585375.882406950,1706585375.982239723,1,0,0,1,94.318240790,-25.619386218,-0.740715700,0.048810886,0.020098715,0.996197821,0.069306852,1400,565,0.403571429,0.034133459,0.019951148,0.014441122,0.196953377,63.472698084,0.000000000,0.188790673,0.050057526,1.007257898,0.399643101,59.479711532,0,33,31,2,0.023571429,11,0,0,0,0,1356,11,17612,72762,22808,15,1389283
1285,1706585375.983050346,1706585376.082876205,1,0,0,1,94.261732590,-25.610601684,-0.728915586,0.054041284,0.017793822,0.995801544,0.071709167,1438,550,0.382475661,0.031097909,0.019042702,0.013683861,0.184455868,59.809067184,0.000000000,0.188514559,0.055809272,1.031733137,0.385785488,59.712436520,0,32,30,2,0.022253129,9,0,0,0,0,1397,9,17616,72794,22817,15,1390680
1286,1706585376.082887650,1706585376.181926012,1,0,0,1,94.220288285,-25.596614057,-0.724709416,0.059566025,0.021736683,0.995286775,0.073373304,1407,550,0.390902630,0.033944050,0.020371693,0.014551910,0.195064471,60.882516950,0.000000000,0.189680620,0.054768894,1.009539816,0.368965760,60.208133580,0,34,32,2,0.024164890,14,0,0,0,0,1359,14,17619,72828,22831,15,1392039
1287,1706585376.182738066,1706585376.280391216,1,0,0,1,94.164208484,-25.580433346,-0.720592133,0.053669315,0.025939827,0.995163010,0.078085302,1406,524,0.372688478,0.032743722,0.020387777,0.014138012,0.164880660,56.681017593,0.000000000,0.187365811,0.055422008,0.996774013,0.353757477,60.961105393,0,27,26,1,0.019203414,12,0,0,0,0,1367,12,17620,72855,22843,15,1393406
1288,1706585376.282574892,1706585376.382408857,1,0,0,1,94.114308166,-25.578000735,-0.712867866,0.067732768,0.018493832,0.994340322,0.079734401,1425,552,0.387368421,0.037219863,0.024176003,0.018356211,0.180942828,58.774657909,0.000000000,0.186201586,0.056310240,0.977614416,0.330000140,61.357216660,0,47,47,0,0.032982456,10,0,0,0,0,1368,10,17625,72902,22853,15,1394774
1289,1706585376.382420778,1706585376.482240200,1,0,0,1,94.062612222,-25.581736980,-0.707474864,0.092657078,0.006331578,0.992200150,0.083147096,1403,505,0.359942979,0.034827798,0.024233257,0.015865682,0.186289836,57.405728526,0.000000000,0.185508973,0.053529290,0.975907960,0.301375976,61.550857295,0,33,32,1,0.023521026,4,0,0,0,0,1366,4,17623,72935,22857,15,1396140
1290,1706585376.483048201,1706585376.582863092,1,0,0,1,93.961962880,-25.557026515,-0.707346239,0.084302704,0.013535584,0.993931260,0.069357710,1383,521,0.376717281,0.038200918,0.021685461,0.015553697,0.195955477,56.246802713,0.000000000,0.186423931,0.056083368,1.034411470,0.296576996,61.052392135,0,40,36,4,0.028922632,12,0,0,0,0,1331,12,17632,72975,22869,15,1397471
1291,1706585376.582875013,1706585376.682705879,1,0,0,1,93.868020748,-25.522788224,-0.704667597,0.068552904,0.023144274,0.995321907,0.064024550,1313,495,0.376999238,0.036822867,0.023476606,0.015111772,0.179061724,53.610967744,0.000000000,0.186300302,0.057066607,1.096809472,0.276345717,60.709737804,0,28,28,0,0.021325209,11,0,0,0,0,1274,11,17635,73003,22880,15,1398745
1292,1706585376.682717323,1706585376.782553196,1,0,0,1,93.792043516,-25.508490889,-0.696992949,0.069425571,0.022102542,0.994429984,0.076161507,1363,507,0.371973588,0.033526950,0.022093776,0.014994905,0.168698031,52.800440783,0.000000000,0.186862130,0.056129569,1.115956562,0.269708997,60.496934427,0,39,38,1,0.028613353,12,0,0,0,0,1312,12,17638,73042,22892,15,1400057
1293,1706585376.782565117,1706585376.882397652,1,0,0,1,93.705301918,-25.504471259,-0.679058403,0.061890983,0.008863377,0.994167565,0.087873769,1431,500,0.349406010,0.035755384,0.021822480,0.014745013,0.175297083,63.089500213,0.000000000,0.185789332,0.055944815,1.171454052,0.261306773,60.919616495,0,24,23,1,0.016771488,11,0,0,0,0,1396,11,17639,73066,22903,15,1401453
1294,1706585376.882409811,1706585376.982239485,1,0,0,1,93.635042343,-25.500342275,-0.663719121,0.056392721,0.002185392,0.994366333,0.089725587,1509,549,0.363817097,0.033862319,0.020352071,0.014681763,0.180579681,59.143131023,0.000000000,0.183724546,0.050425783,1.210017142,0.233761855,60.517697492,0,24,23,1,0.015904573,5,0,0,0,0,1480,5,17643,73090,22908,15,1402933
1295,1706585376.983052492,1706585377.082887411,1,0,0,1,93.569911620,-25.478495680,-0.653542828,0.057995640,0.006224465,0.994237802,0.089938615,1497,549,0.366733467,0.035767002,0.022693552,0.015596259,0.174444312,60.401995683,0.000000000,0.183443105,0.050621706,1.243476341,0.208194095,59.950723551,0,26,26,0,0.017368069,9,0,0,0,0,1462,9,17643,73116,22917,15,1404395
1296,1706585377.082898855,1706585377.182735920,1,0,0,1,93.493896524,-25.445183774,-0.647988947,0.050815350,0.015947521,0.994587656,0.089212511,1529,526,0.344015697,0.036120770,0.021243898,0.014817078,0.180310939,68.088122028,0.000000000,0.183508089,0.050864274,1.289159908,0.181303015,59.748803762,0,34,33,1,0.022236756,11,0,0,0,0,1484,11,17650,73150,22928,15,1405879
1297,1706585377.182748556,1706585377.282580376,1,0,0,1,93.430870701,-25.413619333,-0.645089808,0.052596425,0.029544781,0.994104029,0.090099402,1526,553,0.362385321,0.032030429,0.021318992,0.014642945,0.194403158,63.572844232,0.000000000,0.184059721,0.053735984,1.313782656,0.162981645,59.434021108,0,27,26,1,0.017693316,8,0,0,0,0,1491,8,17651,73177,22936,15,1407370
1298,1706585377.282592297,1706585377.382416248,1,0,0,1,93.349297293,-25.381892871,-0.638349364,0.050055526,0.032740828,0.993152588,0.100351481,1537,541,0.351984385,0.036215024,0.022454930,0.016741755,0.209007569,61.075417783,0.000000000,0.184608307,0.053626280,1.337404161,0.166787351,59.451808783,0,29,26,3,0.018867925,14,0,0,0,0,1494,14,17658,73206,22950,15,1408864
1299,1706585377.382427454,1706585377.481471300,1,0,0,1,93.280205343,-25.385403575,-0.628675333,0.049912776,0.024097116,0.992827968,0.105927665,1558,567,0.363928113,0.037314579,0.023606624,0.016999833,0.180353576,66.117730220,0.000000000,0.183686727,0.054238610,1.340304723,0.165583914,59.919439279,0,35,34,1,0.022464698,14,0,0,0,0,1509,14,17662,73241,22964,15,1410373
1300,1706585377.483080387,1706585377.580111742,1,0,0,1,93.228838966,-25.371218081,-0.631397848,0.053905693,0.023262565,0.992879321,0.103651741,1576,583,0.369923858,0.036969063,0.023419306,0.016433828,0.206540442,65.207788531,0.000000000,0.185801825,0.052275238,1.329066712,0.167554446,60.264938592,0,40,40,0,0.025380711,13,0,0,0,0,1523,13,17663,73281,22977,15,1411896
1301,1706585377.582921505,1706585377.682752132,1,0,0,1,93.169703346,-25.338719389,-0.630751954,0.059940380,0.034530224,0.992129085,0.104377651,1569,571,0.363926068,0.036007727,0.023554543,0.016294467,0.219114334,67.273563443,0.000000000,0.187839698,0.052354120,1.325865509,0.168549003,60.407803335,0,39,38,1,0.024856597,11,0,0,0,0,1519,11,17667,73320,22988,15,1413415
1302,1706585377.682764530,1706585377.782599449,1,0,0,1,93.094777311,-25.315193910,-0.625875897,0.049775257,0.034430107,0.991753720,0.112967031,1575,563,0.357460317,0.039067121,0.024714522,0.018131117,0.200963908,69.297686753,0.000000000,0.188558707,0.057090233,1.343291916,0.179286977,61.019602740,0,46,44,2,0.029206349,15,0,0,0,0,1514,15,17674,73366,23003,15,1414929
1303,1706585377.782610655,1706585377.882450104,1,0,0,1,93.013546068,-25.288530107,-0.621945518,0.051066134,0.035851948,0.991684317,0.112557110,1596,574,0.359649123,0.036941116,0.022907333,0.016403167,0.227063569,70.294002362,0.000000000,0.190019042,0.057767354,1.371484805,0.175515178,61.662283988,0,30,30,0,0.018796992,18,0,0,0,0,1548,18,17680,73396,23021,15,1416477
1304,1706585377.882462263,1706585377.982301712,1,0,0,1,92.929219574,-25.253820786,-0.614861360,0.046070871,0.043319103,0.991799794,0.111058988,1568,572,0.364795918,0.035543599,0.024023873,0.015552943,0.202773269,73.907459736,0.000000000,0.190310037,0.057042723,1.404558317,0.173527910,62.184022070,0,30,27,3,0.019132653,14,0,0,0,0,1524,14,17682,73426,23035,15,1418001
1305,1706585377.982712984,1706585378.082533121,1,0,0,1,92.834440397,-25.233459715,-0.611910166,0.041548201,0.040005932,0.991564325,0.116075240,1598,589,0.368585732,0.039108427,0.021911136,0.015326611,0.221043517,81.497107300,0.000000000,0.192139419,0.053020900,1.457601914,0.178735047,63.268424076,0,30,29,1,0.018773467,21,0,0,0,0,1547,21,17688,73456,23056,15,1419548
1306,1706585378.082545042,1706585378.182370663,1,0,0,1,92.730530902,-25.215664809,-0.599546560,0.034251578,0.034314730,0.991994813,0.116600259,1585,598,0.377287066,0.038870872,0.022548593,0.015023681,0.244031525,72.777970995,0.000000000,0.194587772,0.054019953,1.505234138,0.169261961,63.863196778,0,40,37,3,0.025236593,19,0,0,0,0,1526,19,17698,73496,23075,15,1421074
1307,1706585378.182382584,1706585378.282222748,1,0,0,1,92.629956875,-25.191666953,-0.595646486,0.032087257,0.036108610,0.991848828,0.117908774,1619,609,0.376158122,0.039443611,0.022321233,0.016571207,0.252262051,73.503491182,0.000000000,0.198956841,0.052480953,1.558151937,0.168308529,64.704320458,0,42,40,2,0.025941939,16,0,0,0,0,1561,16,17708,73538,23091,15,1422635
1308,1706585378.283034086,1706585378.382857084,1,0,0,1,92.526865045,-25.151767022,-0.591489384,0.030490667,0.041864463,0.992131308,0.113987515,1552,559,0.360180412,0.040569077,0.024225099,0.015883653,0.255597646,68.477065970,0.000000000,0.202689582,0.057533916,1.616663267,0.169439827,65.189440861,0,42,38,4,0.027061856,19,0,0,0,0,1491,19,17721,73580,23110,15,1424126
1309,1706585378.382869005,1706585378.482705355,1,0,0,1,92.411233954,-25.120699319,-0.591819742,0.029395313,0.052015555,0.992805787,0.103763998,1491,543,0.364185111,0.037577759,0.023984118,0.016404495,0.259780712,72.732273682,0.000000000,0.206364126,0.056399962,1.632757341,0.162402045,65.955768119,0,33,31,2,0.022132797,17,0,0,0,0,1441,17,17731,73613,23127,15,1425567
1310,1706585378.482716560,1706585378.582562923,1,0,0,1,92.288369767,-25.098600276,-0.584833199,0.024649031,0.056221767,0.994146869,0.088901865,1459,524,0.359150103,0.032519018,0.021997083,0.015981051,0.235742240,59.772653341,0.000000000,0.208353464,0.061466292,1.657765692,0.182223748,66.132060650,0,24,22,2,0.016449623,6,0,0,0,0,1429,6,17735,73637,23133,15,1426996
1311,1706585378.582574844,1706585378.682305574,1,0,0,1,92.192189037,-25.098926087,-0.575829793,0.026212295,0.050777989,0.995806289,0.071444709,1350,484,0.358518519,0.032807852,0.020321232,0.014931792,0.188226359,59.127374633,0.000000000,0.208811696,0.065598857,1.676676696,0.192846526,66.407880995,0,27,26,1,0.020000000,8,0,0,0,0,1315,8,17738,73664,23141,15,1428311
1312,1706585378.682417393,1706585378.780984163,1,0,0,1,92.103038286,-25.102474396,-0.555672543,0.030871876,0.038247120,0.997179542,0.056719014,1304,499,0.382668712,0.031270232,0.021511375,0.014035165,0.185576634,50.837053127,0.000000000,0.209655626,0.070659930,1.679479287,0.201063652,66.309711612,0,19,18,1,0.014570552,9,0,0,0,0,1276,9,17742,73683,23150,15,1429587
1313,1706585378.783068657,1706585378.879599094,1,0,0,1,92.039106838,-25.107451587,-0.544031294,0.028896091,0.036350490,0.997913693,0.044854426,1214,474,0.390444811,0.029105001,0.021760759,0.012938595,0.187181504,54.872148053,0.000000000,0.210249847,0.083329221,1.672619318,0.222379781,65.898844004,0,14,12,2,0.011532125,3,0,0,0,0,1197,3,17744,73697,23153,15,1430784
1314,1706585378.882904291,1706585378.982727051,1,0,0,1,91.983125326,-25.099267099,-0.547157794,0.025490489,0.040699918,0.998229345,0.035098805,1186,424,0.357504216,0.030171785,0.020147716,0.014343367,0.195422099,45.982083038,0.000000000,0.210991968,0.090012994,1.659835592,0.241025193,65.240791605,0,12,9,3,0.010118044,5,0,0,0,0,1168,6,17747,73709,23158,15,1431952
1315,1706585378.982739687,1706585379.082565308,1,0,0,1,91.940274662,-25.092182027,-0.552719639,0.023060427,0.041262319,0.998534808,0.026341519,1138,427,0.375219684,0.030804003,0.021993582,0.014302435,0.187858711,48.680174995,0.000000000,0.211662688,0.095450055,1.620443243,0.257923145,64.654700570,0,14,13,1,0.012302285,6,0,0,0,0,1117,7,17749,73723,23164,15,1433069
1316,1706585379.082575798,1706585379.182396173,1,0,0,1,91.900479519,-25.093948396,-0.551950217,0.024578824,0.040113666,0.998686071,0.020320112,1099,402,0.365787079,0.029955618,0.017858449,0.012935434,0.196236312,48.689981926,0.000000000,0.212458957,0.101914844,1.589737333,0.266639960,63.684793565,0,12,10,2,0.010919017,6,0,0,0,0,1081,6,17753,73735,23170,15,1434150
1317,1706585379.182407141,1706585379.282235384,1,0,0,1,91.874199380,-25.089046467,-0.550707084,0.025414614,0.039992461,0.998772595,0.014422331,1067,376,0.352389878,0.028780089,0.020484172,0.014480287,0.157671601,60.283698516,0.000000000,0.210622379,0.108234952,1.528714525,0.257646216,63.520336279,0,13,13,0,0.012183693,1,0,0,0,0,1053,1,17754,73748,23171,15,1435203
1318,1706585379.283045292,1706585379.382886410,1,0,0,1,91.856577144,-25.093415845,-0.550200410,0.027235769,0.039091666,0.998829363,0.008364068,1054,388,0.368121442,0.029326786,0.019536248,0.012799820,0.140112444,56.407355828,0.000000000,0.207177623,0.114475084,1.477023235,0.259233200,63.286933182,0,13,11,2,0.012333966,1,0,0,0,0,1040,1,17755,73761,23172,15,1436243
1319,1706585379.382898092,1706585379.482712030,1,0,0,1,91.812276317,-25.101039695,-0.548631869,0.026589914,0.037851339,0.998927501,0.002024829,1015,374,0.368472906,0.029576967,0.018049493,0.014004927,0.174118828,46.876141968,0.000000000,0.206865885,0.118500697,1.468643993,0.267678903,62.324853769,0,10,8,2,0.009852217,6,0,0,0,0,999,6,17758,73771,23178,15,1437242
1320,1706585379.482723236,1706585379.582566023,1,0,0,1,91.754369006,-25.099522725,-0.537473602,0.027221163,0.040301195,0.998816550,0.000566174,1026,364,0.354775828,0.027195837,0.016965496,0.012296828,0.159385799,43.751570784,0.000000000,0.204508153,0.126803017,1.460155671,0.267192737,61.252042882,0,7,7,0,0.006822612,4,0,0,0,0,1015,4,17758,73778,23182,15,1438257
1321,1706585379.582577944,1706585379.682395697,1,0,0,1,91.693473510,-25.108203169,-0.537791377,0.028168525,0.039413920,0.998811500,0.005353854,1009,367,0.363726462,0.032967086,0.019457269,0.013819936,0.188658889,45.375686561,0.000000000,0.202985381,0.126494143,1.442983796,0.260535629,60.157149038,0,7,6,1,0.006937562,3,0,0,0,0,999,3,17759,73785,23185,15,1439256
1322,1706585379.682407141,1706585379.782222509,1,0,0,1,91.623650546,-25.107265082,-0.536442390,0.025206893,0.029437645,0.999227964,0.006443168,1013,362,0.357354393,0.027324448,0.017409264,0.012003379,0.158260759,54.329062686,0.000000000,0.200850223,0.129124803,1.427240339,0.261414466,59.408717834,0,15,13,2,0.014807502,3,0,0,0,0,995,3,17761,73800,23188,15,1440251
1323,1706585379.783035517,1706585379.882861376,1,0,0,1,91.544929789,-25.102099565,-0.538431288,0.015839550,0.030275510,0.999375174,0.009042365,1025,377,0.367804878,0.029244469,0.018666054,0.013504751,0.165354746,41.692650277,0.000000000,0.197764782,0.129836579,1.414690272,0.263147780,57.978650230,0,11,10,1,0.010731707,5,0,0,0,0,1009,5,17762,73811,23193,15,1441260
1324,1706585379.882871628,1706585379.981956482,1,0,0,1,91.473966152,-25.103208106,-0.538848302,0.023288475,0.029980583,0.999157077,0.015618806,996,374,0.375502008,0.034836419,0.019262000,0.013716107,0.179110715,47.647950939,0.000000000,0.196581655,0.129309269,1.388677324,0.267401003,56.665674790,0,10,8,2,0.010040161,6,0,0,0,0,980,6,17765,73821,23199,15,1442240
1325,1706585379.982717514,1706585380.080627203,1,0,0,1,91.378185969,-25.106952281,-0.521690185,0.026686836,0.020378458,0.999147697,0.024008572,1072,410,0.382462687,0.032062678,0.020962110,0.015161450,0.188058890,44.135258545,0.000000000,0.194932423,0.122164948,1.379909523,0.283865965,54.797582352,0,12,11,1,0.011194030,6,0,0,0,0,1054,6,17767,73833,23205,15,1443294
1326,1706585380.082561493,1706585380.179191113,1,0,0,1,91.253582118,-25.101847903,-0.516746965,0.016005925,0.022157656,0.999327838,0.024427857,1100,419,0.380909091,0.034415024,0.023656425,0.016238330,0.214445612,46.262727304,0.000000000,0.193453128,0.114715601,1.401244837,0.281752784,53.471820168,0,7,6,1,0.006363636,9,0,0,0,0,1082,11,17768,73840,23214,15,1444376
1327,1706585380.182399035,1706585380.282228470,1,0,0,1,91.117500708,-25.078169279,-0.505795277,0.014174420,0.026498023,0.999083189,0.030491348,1083,402,0.371191136,0.030579847,0.019869842,0.012732988,0.203532000,49.519819088,0.000000000,0.191016625,0.103206149,1.429182522,0.286161939,52.272636563,0,19,11,8,0.017543860,9,0,0,0,0,1053,11,17777,73859,23223,15,1445429
1328,1706585380.283038378,1706585380.382868528,1,0,0,1,90.981185779,-25.068988923,-0.509048824,0.014576958,0.023576399,0.999061046,0.033297020,1106,410,0.370705244,0.028967645,0.020920874,0.013693405,0.153631343,58.181548632,0.000000000,0.185918310,0.082566436,1.446112514,0.271524890,51.757860696,0,19,19,0,0.017179024,5,0,0,0,0,1082,5,17781,73878,23228,15,1446511
1329,1706585380.382880449,1706585380.482705355,1,0,0,1,90.845323563,-25.046894381,-0.518439257,0.016474472,0.029231101,0.998915618,0.032275721,1102,419,0.380217786,0.033146457,0.019518644,0.013071431,0.172028960,51.601127807,0.000000000,0.181530722,0.069339938,1.459048358,0.243059761,50.701303402,0,20,20,0,0.018148820,10,0,0,0,0,1072,10,17783,73898,23238,15,1447583
1330,1706585380.482716560,1706585380.582531691,1,0,0,1,90.710120640,-25.010374362,-0.523376820,0.023325326,0.039461048,0.998440869,0.031852565,1081,403,0.372802960,0.035080196,0.021650108,0.015365612,0.209716725,47.737916878,0.000000000,0.180229447,0.074627770,1.502581965,0.208054498,50.099566579,0,19,17,2,0.017576318,3,0,0,0,0,1059,3,17787,73917,23241,15,1448642
1331,1706585380.582543373,1706585380.682375431,1,0,0,1,90.565036971,-24.986337953,-0.523841049,0.016995090,0.038959361,0.998224659,0.041723668,1101,402,0.365122616,0.031987587,0.022258186,0.014536522,0.177375670,55.258332715,0.000000000,0.179686912,0.073834572,1.558173974,0.197577781,49.906114483,0,15,15,0,0.013623978,5,0,0,0,0,1081,5,17785,73932,23246,15,1449723
1332,1706585380.682387829,1706585380.782214403,1,0,0,1,90.408835887,-24.971836448,-0.512680022,0.019270880,0.033017409,0.998300208,0.043990660,1116,395,0.353942652,0.033341577,0.022335890,0.015103496,0.185792375,53.124532579,0.000000000,0.179697699,0.075637606,1.650270291,0.178051299,50.020488456,0,20,19,1,0.017921147,4,0,0,0,0,1092,4,17788,73952,23250,15,1450815
1333,1706585380.783023357,1706585380.882862568,1,0,0,1,90.241692376,-24.957702285,-0.499425065,0.015327900,0.031317948,0.998278597,0.047160194,1120,407,0.363392857,0.033766799,0.021190345,0.014312864,0.205744814,44.409838147,0.000000000,0.180625865,0.076263360,1.761870289,0.164477583,49.497372961,0,15,13,2,0.013392857,5,0,0,0,0,1100,5,17790,73967,23255,15,1451915
1334,1706585380.882874727,1706585380.982703447,1,0,0,1,90.080117576,-24.934285953,-0.499531180,0.015165243,0.036160585,0.997754034,0.054307592,1106,395,0.357142857,0.032992004,0.025952495,0.017033561,0.190054130,52.961588400,0.000000000,0.180357466,0.076551418,1.881346001,0.161198944,49.846348229,0,16,16,0,0.014466546,5,0,0,0,0,1085,5,17792,73983,23260,15,1453000
1335,1706585380.982714176,1706585381.082547188,1,0,0,1,89.907134583,-24.906053441,-0.485506544,0.010595601,0.038528636,0.997077474,0.065113655,1213,439,0.361912613,0.030777289,0.020959804,0.015091104,0.191707845,45.411018381,0.000000000,0.180549923,0.076564046,2.017336213,0.170558969,49.682890398,0,13,13,0,0.010717230,4,0,0,0,0,1196,4,17797,73996,23264,15,1454196
1336,1706585381.082559586,1706585381.182392597,1,0,0,1,89.753025981,-24.882509157,-0.481172262,0.008583685,0.035295309,0.996426519,0.076254527,1250,462,0.369600000,0.037268456,0.023446555,0.014834375,0.176371143,57.418101402,0.000000000,0.179556664,0.085246406,2.146530910,0.180948136,50.119296372,0,20,19,1,0.016000000,7,0,0,0,0,1223,7,17801,74016,23271,15,1455419
1337,1706585381.182404280,1706585381.281506538,1,0,0,1,89.594337653,-24.837349139,-0.476504277,0.010173617,0.036225127,0.995609297,0.085710939,1278,485,0.379499218,0.036374870,0.023966424,0.014647009,0.199485843,54.715964220,0.000000000,0.181647377,0.087276807,2.293423148,0.188024767,49.840909657,0,22,21,1,0.017214397,10,0,0,0,0,1246,10,17804,74038,23281,15,1456665
1338,1706585381.283040762,1706585381.380147696,1,0,0,1,89.452224670,-24.797671673,-0.481718802,0.007987020,0.033933136,0.994898774,0.094663500,1304,490,0.375766871,0.035398765,0.025490489,0.017028303,0.231360750,59.061838434,0.000000000,0.186209792,0.086957347,2.396083823,0.193004940,49.973633787,0,20,16,4,0.015337423,5,0,0,0,0,1273,11,17810,74058,23286,15,1457938
1339,1706585381.382877827,1706585381.478818178,1,0,0,1,89.320008184,-24.769923964,-0.476476580,0.006343479,0.035944713,0.993920266,0.103876097,1353,507,0.374722838,0.036053536,0.024828699,0.016542680,0.202586143,55.556807164,0.000000000,0.187633158,0.087104150,2.472290178,0.208668647,50.407667047,0,35,28,7,0.025868441,10,0,0,0,0,1301,17,17819,74093,23296,15,1459239
1340,1706585381.482721090,1706585381.582549810,1,0,0,1,89.168961268,-24.717487087,-0.480019215,0.007030750,0.037272669,0.992894959,0.112787042,1349,521,0.386212009,0.036037430,0.022600582,0.014334666,0.243100281,56.287131661,0.000000000,0.191818882,0.079650159,2.570707484,0.217037229,51.034445091,0,24,21,3,0.017790956,14,0,0,0,0,1307,18,17824,74117,23310,15,1460546
1341,1706585381.582562208,1706585381.682388783,1,0,0,1,89.049404929,-24.670570086,-0.479816686,0.002732226,0.039353063,0.992114765,0.118962869,1386,475,0.342712843,0.037503698,0.023144981,0.015690458,0.207056153,66.223183058,0.000000000,0.192738745,0.084082196,2.629297911,0.227687253,52.076819916,0,23,22,1,0.016594517,11,0,0,0,0,1351,12,17829,74140,23321,15,1461897
1342,1706585381.682400227,1706585381.782210112,1,0,0,1,88.948316614,-24.643203053,-0.478620259,0.005299315,0.036734338,0.991045772,0.128260609,1316,486,0.369300912,0.037927590,0.024466450,0.015781911,0.301779528,64.135605783,0.000000000,0.199914683,0.077005191,2.655116901,0.241949770,52.567147071,0,30,29,1,0.022796353,17,0,0,0,0,1269,17,17837,74170,23338,15,1463166
1343,1706585381.783020020,1706585381.882852554,1,0,0,1,88.832619560,-24.610746872,-0.471837600,0.007761546,0.037784080,0.989989998,0.135764226,1369,551,0.402483565,0.044491687,0.025374814,0.016890634,0.324578779,62.954346418,0.000000000,0.207875885,0.094720393,2.704497926,0.243667413,53.630231878,0,41,40,1,0.029948868,15,0,0,0,0,1313,15,17845,74211,23353,15,1464479
1344,1706585381.882865429,1706585381.982684612,1,0,0,1,88.736368551,-24.571624343,-0.468387374,0.009217390,0.034701077,0.989128967,0.142600006,1385,549,0.396389892,0.038952741,0.024635765,0.015610553,0.305243592,61.973105176,0.000000000,0.214182529,0.097937504,2.711076451,0.241052338,54.346489590,0,31,30,1,0.022382671,17,0,0,0,0,1337,17,17856,74242,23370,15,1465816
1345,1706585381.982696772,1706585382.082531452,1,0,0,1,88.621979433,-24.532206374,-0.472851418,0.012388501,0.036644200,0.987714741,0.151404487,1409,555,0.393896380,0.039021244,0.024187799,0.014851067,0.290244958,59.979046688,0.000000000,0.219291832,0.098439862,2.707342760,0.258685697,55.138678997,0,37,36,1,0.026259759,17,0,0,0,0,1355,17,17859,74279,23387,15,1467171
1346,1706585382.082542658,1706585382.181783915,1,0,0,1,88.517449420,-24.496033288,-0.482009741,0.013154036,0.037969540,0.986263755,0.160215765,1326,506,0.381598793,0.042697586,0.026261167,0.017210504,0.257714739,58.958364809,0.000000000,0.221455289,0.107329503,2.679773644,0.264432099,55.773460872,0,23,21,2,0.017345400,12,0,0,0,0,1291,12,17863,74302,23399,15,1468462
1347,1706585382.182395458,1706585382.280035496,1,0,0,1,88.406709542,-24.447141790,-0.472844603,0.017033495,0.034024539,0.984794725,0.169503808,1242,420,0.338164251,0.036443837,0.025744240,0.015388714,0.247263160,52.408713810,0.000000000,0.223641847,0.101527329,2.664510122,0.277953410,55.917905608,0,19,17,2,0.015297907,6,0,0,0,0,1217,6,17866,74321,23405,15,1469679
1348,1706585382.283030272,1706585382.382851362,1,0,0,1,88.277874540,-24.393604311,-0.473151176,0.011980619,0.031556953,0.984403793,0.172655134,1232,458,0.371753247,0.035674869,0.026062656,0.017386136,0.243326296,48.285620417,0.000000000,0.228126594,0.090550950,2.666059486,0.282147216,55.423109197,0,33,31,2,0.026785714,1,0,0,0,0,1198,1,17871,74354,23406,15,1470877
1349,1706585382.382863283,1706585382.482498407,1,0,0,1,88.147864047,-24.337654062,-0.463583337,0.012015853,0.035613879,0.985000803,0.168406324,1211,447,0.369116433,0.037208865,0.024715442,0.015619388,0.218194215,59.448247466,0.000000000,0.230434857,0.088036085,2.667785677,0.290682277,55.815465180,0,18,17,1,0.014863749,6,0,0,0,0,1187,6,17871,74372,23412,15,1472064
1350,1706585382.482709408,1706585382.581178188,1,0,0,1,88.007022469,-24.281711398,-0.465463197,0.015605224,0.040384868,0.985991517,0.161078455,1251,472,0.377298161,0.038853624,0.026651743,0.018252715,0.227882596,58.812697402,0.000000000,0.231343151,0.088258213,2.672280471,0.285949220,56.369204206,0,16,14,2,0.012789768,9,0,0,0,0,1226,9,17875,74388,23421,15,1473290
1351,1706585382.582563639,1706585382.679829359,1,0,0,1,87.891161254,-24.239949544,-0.462205992,0.013684474,0.045659874,0.987098037,0.152857373,1352,497,0.367603550,0.040496233,0.027577897,0.017856556,0.275129108,55.763544195,0.000000000,0.236230823,0.085054127,2.638212131,0.298173819,56.394464781,0,17,16,1,0.012573964,11,0,0,0,0,1324,11,17880,74405,23432,15,1474614
1352,1706585382.682408810,1706585382.778539896,1,0,0,1,87.749772551,-24.199494774,-0.452859483,0.016518505,0.043746038,0.988074689,0.146703212,1394,493,0.353658537,0.041398162,0.027451729,0.018382665,0.289605457,59.667763527,0.000000000,0.241421477,0.084494698,2.617308299,0.304341369,56.721626328,0,34,30,4,0.024390244,16,0,0,0,0,1342,18,17891,74439,23448,15,1475956
1353,1706585382.783043146,1706585382.882860184,1,0,0,1,87.614491677,-24.166874115,-0.447980226,0.018061246,0.038691406,0.989376548,0.138963347,1480,551,0.372297297,0.040952700,0.025556745,0.017059567,0.294949932,67.961466677,0.000000000,0.245881733,0.082826946,2.593289246,0.305507753,57.899207754,0,40,37,3,0.027027027,15,0,0,0,0,1423,17,17899,74479,23463,15,1477379
1354,1706585382.882872581,1706585382.982703447,1,0,0,1,87.490998383,-24.124040276,-0.451528212,0.018437859,0.039271271,0.990275142,0.132185308,1464,533,0.364071038,0.043992531,0.025985226,0.017654661,0.319934533,67.516809376,0.000000000,0.252375753,0.083409314,2.548216291,0.297804945,58.626968803,0,45,43,2,0.030737705,16,0,0,0,0,1403,16,17909,74524,23479,15,1478782
1355,1706585382.982715845,1706585383.082550287,1,0,0,1,87.347661894,-24.087414607,-0.451771814,0.017872882,0.038656741,0.990505481,0.130710017,1454,564,0.387895461,0.046411929,0.029639374,0.020676885,0.332360607,66.528853750,0.000000000,0.259408391,0.080660883,2.540201350,0.278721842,59.682860572,0,34,32,2,0.023383769,23,0,0,0,0,1397,23,17914,74558,23502,15,1480179
1356,1706585383.082562685,1706585383.182368517,1,0,0,1,87.220797075,-24.057942938,-0.446535890,0.019278885,0.039195138,0.989936518,0.134602213,1448,560,0.386740331,0.052233930,0.028761443,0.020239133,0.330114618,69.399862144,0.000000000,0.267095565,0.105683554,2.505494490,0.267616291,60.281948609,0,30,30,0,0.020718232,29,0,0,0,0,1389,29,17920,74588,23531,15,1481568
1357,1706585383.182780266,1706585383.282610893,1,0,0,1,87.095024312,-24.001399041,-0.447158484,0.019180223,0.039453024,0.988929213,0.141755383,1520,573,0.376973684,0.047254538,0.030269644,0.018418929,0.259540521,74.260166887,0.000000000,0.270098298,0.109355952,2.495754332,0.264271047,61.259158742,0,35,34,1,0.023026316,15,0,0,0,0,1470,15,17925,74623,23546,15,1483038
1358,1706585383.282622576,1706585383.382451534,1,0,0,1,86.967031405,-23.954373731,-0.437341770,0.016468489,0.037330657,0.987801624,0.150276952,1397,520,0.372226199,0.040586369,0.027201639,0.018381741,0.271931312,68.449258925,0.000000000,0.272126827,0.104866169,2.497267028,0.262797161,61.728529767,0,33,32,1,0.023622047,13,0,0,0,0,1351,13,17931,74656,23559,15,1484389
1359,1706585383.382463932,1706585383.481163979,1,0,0,1,86.831689275,-23.903367562,-0.428371501,0.014095718,0.034655653,0.986797585,0.157577988,1324,461,0.348187311,0.042302299,0.027245640,0.018126257,0.252537943,61.983096561,0.000000000,0.274624417,0.101011149,2.482250176,0.259347048,62.049844236,0,21,20,1,0.015861027,5,0,0,0,0,1298,5,17933,74677,23564,15,1485687
1360,1706585383.483097315,1706585383.582920074,1,0,0,1,86.695789392,-23.839695918,-0.418983942,0.014925765,0.039224223,0.985444205,0.164737369,1294,459,0.354714065,0.037372468,0.026071876,0.017477535,0.235850151,58.797306972,0.000000000,0.274261910,0.099126710,2.504186941,0.261896547,62.175353002,0,25,21,4,0.019319938,10,0,0,0,0,1259,10,17940,74702,23574,15,1486946
1361,1706585383.582931995,1706585383.682763577,1,0,0,1,86.579045867,-23.781824669,-0.408797234,0.016664708,0.044518157,0.983718538,0.173315488,1183,425,0.359256128,0.036992152,0.027009084,0.017503883,0.206075153,64.194711608,0.000000000,0.274212860,0.099772164,2.530150581,0.260613321,62.073929430,0,26,26,0,0.021978022,4,0,0,0,0,1153,4,17943,74728,23578,15,1488099
1362,1706585383.682774782,1706585383.782202959,1,0,0,1,86.470748474,-23.735104642,-0.410157223,0.017108045,0.042171132,0.983027515,0.177723987,1177,448,0.380628717,0.039026019,0.024737872,0.015162881,0.205892447,60.640224513,0.000000000,0.269418506,0.098783030,2.527749144,0.254242872,61.899160366,0,22,21,1,0.018691589,6,0,0,0,0,1149,6,17942,74750,23584,15,1489248
1363,1706585383.782614231,1706585383.880906105,1,0,0,1,86.358093723,-23.689096538,-0.413472483,0.019741843,0.038984584,0.982908981,0.178830636,1132,406,0.358657244,0.036582521,0.026267536,0.016979382,0.184285763,62.773969215,0.000000000,0.262403855,0.100654675,2.545526320,0.242788013,61.890141506,0,13,12,1,0.011484099,6,0,0,0,0,1113,6,17944,74763,23590,15,1490361
1364,1706585383.882465839,1706585383.979597092,1,0,0,1,86.259817285,-23.653776443,-0.416783822,0.019390594,0.038649015,0.982493342,0.181210074,1174,423,0.360306644,0.037572927,0.024443567,0.015300434,0.232081171,52.890192036,0.000000000,0.258745734,0.101824698,2.528936889,0.229523748,61.435995849,0,14,12,2,0.011925043,6,0,0,0,0,1152,8,17946,74777,23596,15,1491513
1365,1706585383.982707024,1706585384.082538605,1,0,0,1,86.143562780,-23.609291685,-0.420333811,0.018637578,0.040107770,0.982834928,0.179107541,1177,411,0.349192863,0.038096072,0.024661404,0.015934446,0.201682762,60.938071387,0.000000000,0.254317624,0.102509288,2.542471915,0.215925264,61.483947084,0,21,17,4,0.017841971,6,0,0,0,0,1149,7,17954,74798,23602,15,1492662
1366,1706585384.082549810,1706585384.182379961,1,0,0,1,86.023589041,-23.551332296,-0.413427535,0.014666594,0.042090728,0.982800326,0.179211555,1192,426,0.357382550,0.034138872,0.024891654,0.016482607,0.242273568,47.152340266,0.000000000,0.253545566,0.108537452,2.554492200,0.196979066,60.893645857,0,21,19,2,0.017617450,10,0,0,0,0,1161,10,17957,74819,23612,15,1493823
1367,1706585384.182391405,1706585384.282217503,1,0,0,1,85.905379089,-23.502761336,-0.418915420,0.014691820,0.043609181,0.982578718,0.180059578,1161,409,0.352282515,0.040212397,0.027972933,0.016669499,0.237175207,55.133828925,0.000000000,0.253041168,0.105927848,2.542893193,0.192757460,61.029901612,0,17,16,1,0.014642550,10,0,0,0,0,1134,10,17961,74836,23622,15,1494957
1368,1706585384.283028603,1706585384.382866621,1,0,0,1,85.793686782,-23.465681163,-0.412728595,0.007575532,0.037933152,0.983399944,0.177280111,1131,413,0.365163572,0.039051687,0.026339851,0.016754925,0.234900943,54.913328677,0.000000000,0.252619900,0.102433509,2.518880634,0.190500613,61.361287025,0,10,9,1,0.008841733,7,0,0,0,0,1114,7,17963,74846,23629,15,1496071
1369,1706585384.382878065,1706585384.482700109,1,0,0,1,85.685158100,-23.421761063,-0.404838051,0.017096358,0.034186679,0.984774147,0.169584391,1173,422,0.359761296,0.037924648,0.029494117,0.019267001,0.231124342,54.894312492,0.000000000,0.253266407,0.101706425,2.484668239,0.190920148,61.133590277,0,14,13,1,0.011935209,2,0,0,0,0,1157,2,17965,74860,23631,15,1497228
1370,1706585384.482711315,1706585384.582534075,1,0,0,1,85.557042263,-23.377736236,-0.405922225,0.016294084,0.035191772,0.986342300,0.160077825,1292,457,0.353715170,0.037035248,0.025289048,0.016574585,0.202000486,62.416456811,0.000000000,0.251972301,0.103330978,2.496940602,0.193493591,61.313778247,0,20,17,3,0.015479876,3,0,0,0,0,1269,3,17967,74880,23634,15,1498497
1371,1706585384.582546234,1706585384.682142496,1,0,0,1,85.432458880,-23.341825275,-0.399790155,0.017166371,0.038332658,0.987318336,0.153096137,1309,475,0.362872422,0.036491074,0.025574526,0.016912708,0.231124360,63.557022409,0.000000000,0.249772064,0.106064709,2.479382170,0.195296705,61.703452158,0,19,19,0,0.014514897,6,0,0,0,0,1284,6,17969,74899,23640,15,1499781
1372,1706585384.682391405,1706585384.780740738,1,0,0,1,85.339981699,-23.306408518,-0.386720162,0.030199394,0.038949060,0.987039865,0.152719590,1348,469,0.347922849,0.043372936,0.029327899,0.018870197,0.242835001,62.756940216,0.000000000,0.247433541,0.106974881,2.440024328,0.180206536,61.857910992,0,27,23,4,0.020029674,16,0,0,0,0,1305,16,17977,74926,23656,15,1501086
1373,1706585384.783037901,1706585384.882867098,1,0,0,1,85.256250823,-23.283999695,-0.356582617,0.050473768,0.022993432,0.986424044,0.154568129,1452,521,0.358815427,0.036618032,0.023957162,0.016038508,0.238211878,56.594921491,0.000000000,0.244596638,0.109393298,2.401032884,0.171205864,61.289583733,0,28,28,0,0.019283747,9,0,0,0,0,1415,9,17981,74954,23665,15,1502501
1374,1706585384.882879257,1706585384.982702732,1,0,0,1,85.199183830,-23.269883277,-0.353499654,0.069437533,0.016152178,0.984957583,0.157404241,1398,504,0.360515021,0.036137485,0.026376797,0.016899278,0.177030796,59.050382162,0.000000000,0.237451451,0.110253219,2.311958655,0.174982904,60.866262372,0,28,25,3,0.020028612,4,0,0,0,0,1366,4,17984,74982,23669,15,1503867
1375,1706585384.982714891,1706585385.082300186,1,0,0,1,85.109452336,-23.237184787,-0.351153515,0.065321247,0.014149316,0.984243113,0.163702250,1400,522,0.372857143,0.039780439,0.026989850,0.017714447,0.200700175,61.734949698,0.000000000,0.230868430,0.104271494,2.277142751,0.179190473,60.626567170,0,24,22,2,0.017142857,12,0,0,0,0,1364,12,17987,75006,23681,15,1505231
1376,1706585385.082562447,1706585385.181062698,1,0,0,1,85.015325480,-23.213585350,-0.349565928,0.073644118,0.008889457,0.983046777,0.167679918,1330,465,0.349624060,0.032362426,0.023040997,0.013734688,0.194976998,50.516459232,0.000000000,0.224111549,0.083246939,2.236296007,0.172967391,59.682397024,0,22,20,2,0.016541353,4,0,0,0,0,1302,6,17993,75028,23685,15,1506533
1377,1706585385.182397127,1706585385.279807568,1,0,0,1,84.922855173,-23.166245141,-0.348210555,0.073034991,0.013841704,0.982769464,0.169229071,1275,434,0.340392157,0.035375464,0.024722229,0.015757665,0.214090494,54.573457913,0.000000000,0.221839048,0.067259937,2.203477568,0.159820257,58.698061575,0,24,19,5,0.018823529,5,0,0,0,0,1246,5,17998,75052,23690,15,1507779
1378,1706585385.283037901,1706585385.382861137,1,0,0,1,84.825161726,-23.118526914,-0.350645257,0.062895061,0.021288406,0.982624401,0.173321384,1280,466,0.364062500,0.037315581,0.026430559,0.015944013,0.202220005,54.574127624,0.000000000,0.218353482,0.065507655,2.167317082,0.153507971,58.004305010,0,15,15,0,0.011718750,9,0,0,0,0,1256,9,18000,75067,23699,15,1509035
1379,1706585385.382873058,1706585385.482695580,1,0,0,1,84.733206945,-23.069890186,-0.327779081,0.043434632,0.031585495,0.982454079,0.178605074,1265,484,0.382608696,0.038225070,0.026248392,0.016961692,0.200861447,51.627037439,0.000000000,0.215769657,0.059674735,2.123456162,0.148495684,57.486502054,0,23,22,1,0.018181818,5,0,0,0,0,1237,5,18001,75090,23704,15,1510272
1380,1706585385.482708216,1706585385.582528114,1,0,0,1,84.644200599,-23.025007520,-0.317084016,0.034668661,0.041603167,0.982338684,0.179103241,1198,450,0.375626043,0.041146930,0.030335885,0.017891095,0.176184239,59.990661288,0.000000000,0.212786362,0.063028459,2.093012930,0.131502366,57.546169770,0,23,23,0,0.019198664,6,0,0,0,0,1169,6,18000,75113,23710,15,1511441
1381,1706585385.582540274,1706585385.682365417,1,0,0,1,84.536692107,-22.974292649,-0.304950713,0.031716775,0.038512804,0.982393513,0.180038319,1191,398,0.334172964,0.033369938,0.021889807,0.015762894,0.195008461,53.317919100,0.000000000,0.212233027,0.068043049,2.094547440,0.123974577,57.002330145,0,22,21,1,0.018471872,4,0,0,0,0,1165,4,18004,75135,23714,15,1512606
1382,1706585385.682775736,1706585385.782598972,1,0,0,1,84.434950507,-22.935479284,-0.299969789,0.027765418,0.039256547,0.983213236,0.176010618,1225,466,0.380408163,0.037723519,0.026641346,0.017677357,0.203235919,54.348141723,0.000000000,0.212100201,0.067534072,2.081822348,0.130108019,56.687726005,0,18,16,2,0.014693878,7,0,0,0,0,1200,7,18007,75153,23721,15,1513806
1383,1706585385.782610416,1706585385.882431030,1,0,0,1,84.314740196,-22.889420804,-0.301154098,0.029497783,0.041549298,0.984239387,0.169340976,1250,460,0.368000000,0.038381879,0.027943578,0.016821780,0.202996053,56.666194365,0.000000000,0.213035715,0.067382131,2.106076530,0.138576449,56.382337263,0,26,24,2,0.020800000,9,0,0,0,0,1215,9,18012,75179,23730,15,1515021
1384,1706585385.882442951,1706585385.981613636,1,0,0,1,84.220443526,-22.851446532,-0.297095265,0.028039366,0.043102355,0.984879435,0.165434212,1282,509,0.397035881,0.039907190,0.023704564,0.016528299,0.233985974,55.022988708,0.000000000,0.213130956,0.068587590,2.083287830,0.142283552,56.488977096,0,19,19,0,0.014820593,8,0,0,0,0,1255,8,18013,75198,23738,15,1516276
1385,1706585385.983084440,1706585386.080271482,1,0,0,1,84.100039239,-22.794922218,-0.286891832,0.029771221,0.037442058,0.984958202,0.166039472,1334,522,0.391304348,0.041890026,0.028884635,0.018479045,0.249321721,54.811538629,0.000000000,0.215512904,0.072510936,2.083271397,0.143324763,56.182650458,0,22,21,1,0.016491754,10,0,0,0,0,1302,10,18012,75220,23748,15,1517578
1386,1706585386.082916737,1706585386.182734966,1,0,0,1,83.983279872,-22.753992496,-0.277247961,0.028335830,0.034999240,0.985389809,0.164253032,1339,484,0.361463779,0.042938007,0.025073687,0.017350444,0.235891085,53.278378522,0.000000000,0.215193779,0.073724971,2.079454798,0.145448935,56.488952371,0,23,21,2,0.017176998,7,0,0,0,0,1309,7,18016,75243,23755,15,1518887
1387,1706585386.182747126,1706585386.282585382,1,0,0,1,83.849697164,-22.705200734,-0.284431991,0.030624077,0.035640194,0.985667160,0.162025282,1351,483,0.357512953,0.039701548,0.028637784,0.019085859,0.206506672,62.304501160,0.000000000,0.213660353,0.073368950,2.104001675,0.143404535,56.847485983,0,34,30,4,0.025166543,5,0,0,0,0,1312,5,18018,75277,23760,15,1520199
1388,1706585386.282597303,1706585386.381846905,1,0,0,1,83.725637901,-22.658788379,-0.288985989,0.032241607,0.036996544,0.986046114,0.159074809,1360,480,0.352941176,0.042932604,0.031226211,0.020126169,0.201383328,65.946197046,0.000000000,0.211984472,0.077634464,2.119192340,0.134263461,57.399129401,0,26,24,2,0.019117647,9,0,0,0,0,1325,9,18021,75303,23769,15,1521524
1389,1706585386.382432938,1706585386.480536461,1,0,0,1,83.608104646,-22.611788374,-0.290768394,0.025921872,0.041255665,0.986707711,0.155028769,1312,456,0.347560976,0.040988662,0.029866979,0.017432444,0.212020903,57.279422661,0.000000000,0.211029300,0.078578385,2.110313790,0.123603002,57.518384910,0,23,23,0,0.017530488,8,0,0,0,0,1280,9,18028,75326,23777,15,1522804
1390,1706585386.483067751,1706585386.579362869,1,0,0,1,83.496686859,-22.568955868,-0.287161511,0.031870495,0.048315348,0.986877716,0.150739086,1396,499,0.357449857,0.044832089,0.030851301,0.018293889,0.219415839,66.267137843,0.000000000,0.211900067,0.084600781,2.099934859,0.117328082,57.710918961,0,29,28,1,0.020773639,10,0,0,0,0,1356,11,18030,75355,23787,15,1524160
1391,1706585386.582894325,1706585386.682720661,1,0,0,1,83.368819675,-22.530628231,-0.269932390,0.026466102,0.046865542,0.987947123,0.145133208,1477,536,0.362897766,0.040426660,0.026785518,0.017390289,0.201284009,70.442468756,0.000000000,0.210408050,0.083234966,2.134644120,0.128848735,58.055191279,0,34,29,5,0.023019634,7,0,0,0,0,1434,9,18033,75389,23794,15,1525594
1392,1706585386.682732344,1706585386.782548904,1,0,0,1,83.266371842,-22.506947927,-0.259999186,0.024250803,0.045163450,0.988699915,0.140871004,1501,527,0.351099267,0.040348739,0.026400587,0.016636947,0.276437844,64.930122239,0.000000000,0.212088192,0.080203730,2.148493709,0.133135565,58.163850380,0,27,27,0,0.017988008,14,0,0,0,0,1459,15,18035,75416,23808,15,1527053
1393,1706585386.782561779,1706585386.882390261,1,0,0,1,83.144113659,-22.479312131,-0.248770165,0.021597694,0.042564951,0.989658332,0.135270658,1511,566,0.374586367,0.042240759,0.029990078,0.018672199,0.234804501,65.615845149,0.000000000,0.211917823,0.080241861,2.215470606,0.137978033,58.614896563,0,44,43,1,0.029119788,11,0,0,0,0,1456,11,18039,75460,23819,15,1528509
1394,1706585386.882402897,1706585386.982227564,1,0,0,1,83.033384617,-22.447738088,-0.243915840,0.026368961,0.041168956,0.990726889,0.126767608,1567,560,0.357370772,0.044965222,0.027970718,0.018615132,0.261831244,68.663534822,0.000000000,0.216157846,0.082896746,2.235183202,0.142499989,59.095554196,0,46,45,1,0.029355456,20,0,0,0,0,1501,20,18044,75506,23839,15,1530010
1395,1706585386.983036518,1706585387.082874775,1,0,0,1,82.927885729,-22.409085372,-0.245934069,0.019346740,0.048921816,0.991191989,0.121535182,1527,558,0.365422397,0.044395775,0.029910096,0.019127707,0.290960800,66.372944126,0.000000000,0.220670877,0.086237465,2.250504938,0.145303105,59.327453917,0,43,36,7,0.028159790,11,0,0,0,0,1473,11,18055,75549,23850,15,1531483
1396,1706585387.082886219,1706585387.182712793,1,0,0,1,82.821377579,-22.379309821,-0.245225866,0.022862375,0.049071813,0.991716359,0.116481468,1540,589,0.382467532,0.043015434,0.028445036,0.019921196,0.249151936,81.305292793,0.000000000,0.223379624,0.074742310,2.257206425,0.151301219,60.866895595,0,37,36,1,0.024025974,15,0,0,0,0,1488,15,18061,75586,23865,15,1532971
1397,1706585387.182724714,1706585387.281641006,1,0,0,1,82.723912475,-22.363062424,-0.234750654,0.020987779,0.042963170,0.991868457,0.117943393,1543,566,0.366817887,0.046143806,0.030159828,0.019584854,0.236327189,73.680257125,0.000000000,0.224491458,0.073694102,2.247818316,0.145638139,61.822235556,0,44,38,6,0.028515878,12,0,0,0,0,1486,13,18068,75630,23877,15,1534457
1398,1706585387.282562017,1706585387.380335569,1,0,0,1,82.622133638,-22.348899588,-0.232552920,0.022239797,0.036743376,0.992211034,0.116929804,1553,566,0.364455892,0.044651528,0.029109498,0.017197144,0.255571259,77.646981658,0.000000000,0.227159021,0.072322385,2.244092760,0.138136495,62.975878258,0,40,36,4,0.025756600,19,0,0,0,0,1494,19,18075,75670,23896,15,1535951
1399,1706585387.382779598,1706585387.482607603,1,0,0,1,82.488098928,-22.317507050,-0.231889164,0.018200943,0.036578138,0.992429749,0.115818644,1557,542,0.348105331,0.045281585,0.029765848,0.018452641,0.244478720,71.026840542,0.000000000,0.229339885,0.072177134,2.281501732,0.140073917,63.945868413,0,34,32,2,0.021836866,18,0,0,0,0,1505,18,18081,75704,23914,15,1537456
1400,1706585387.482619286,1706585387.582438707,1,0,0,1,82.364201486,-22.281187683,-0.237073462,0.021508400,0.040243875,0.992230455,0.115743440,1620,586,0.361728395,0.044501881,0.028905177,0.019924955,0.259906040,69.306828446,0.000000000,0.233525975,0.073172764,2.291229243,0.138901518,64.411676771,0,39,38,1,0.024074074,16,0,0,0,0,1565,16,18087,75743,23930,15,1539021
1401,1706585387.582450390,1706585387.681502581,1,0,0,1,82.227082575,-22.235256527,-0.233024094,0.015588094,0.043030439,0.991649273,0.120569950,1581,601,0.380139152,0.044146328,0.030269641,0.019902971,0.291667764,70.705614749,0.000000000,0.238358940,0.056233409,2.326885690,0.139565307,65.281061553,0,25,24,1,0.015812777,15,0,0,0,0,1541,15,18088,75768,23945,15,1540562
1402,1706585387.683087826,1706585387.780275822,1,0,0,1,82.081296539,-22.176261350,-0.227804947,0.016698786,0.046175213,0.991109397,0.123657442,1489,529,0.355271995,0.043241743,0.028720971,0.018363775,0.289353443,72.281022139,0.000000000,0.242664816,0.049794315,2.355505382,0.132692977,66.177705574,0,34,34,0,0.022834117,13,0,0,0,0,1442,13,18088,75802,23958,15,1542004
1403,1706585387.782933235,1706585387.882756472,1,0,0,1,81.945531811,-22.131962054,-0.227430867,0.020030268,0.052866640,0.989505188,0.132978910,1513,572,0.378056841,0.043547835,0.028388199,0.018105835,0.317897616,64.036871647,0.000000000,0.248409894,0.043772358,2.396578323,0.143973700,66.546239438,0,28,25,3,0.018506279,13,0,0,0,0,1469,16,18091,75830,23971,15,1543473
1404,1706585387.882768631,1706585387.982599974,1,0,0,1,81.821819769,-22.092542153,-0.221744609,0.019402952,0.046639250,0.988590757,0.141903560,1511,592,0.391793514,0.042227245,0.027899166,0.018555609,0.307579251,68.550164747,0.000000000,0.252089558,0.040702814,2.393140663,0.160578418,67.222598240,0,20,17,3,0.013236267,14,0,0,0,0,1477,14,18095,75850,23985,15,1544950
1405,1706585387.982612371,1706585388.082440615,1,0,0,1,81.693979029,-22.038000524,-0.220702381,0.018917233,0.045606613,0.987995438,0.146380294,1473,526,0.357094365,0.041672414,0.030881879,0.018687357,0.264009974,61.499038612,0.000000000,0.252823971,0.040904498,2.408033188,0.165673860,67.556973239,0,21,17,4,0.014256619,9,0,0,0,0,1443,9,18099,75871,23994,15,1546393
1406,1706585388.082452059,1706585388.182278156,1,0,0,1,81.563885115,-21.980476125,-0.217572788,0.018090792,0.049493119,0.987329093,0.149681053,1401,490,0.349750178,0.042147060,0.028846064,0.018039698,0.251320079,60.011882781,0.000000000,0.253595421,0.041226252,2.407916181,0.168069775,67.893648452,0,16,15,1,0.011420414,7,0,0,0,0,1378,7,18101,75887,24001,15,1547771
1407,1706585388.183089018,1706585388.282923937,1,0,0,1,81.435302837,-21.937606147,-0.214875773,0.017979374,0.052613150,0.987213577,0.149391940,1392,533,0.382902299,0.040235196,0.029482285,0.018385134,0.243361752,56.859502168,0.000000000,0.255438175,0.040099743,2.410948473,0.162852249,67.621398503,0,26,23,3,0.018678161,5,0,0,0,0,1361,5,18103,75913,24006,15,1549132
1408,1706585388.282935381,1706585388.382764339,1,0,0,1,81.311820352,-21.888929888,-0.209764199,0.015440020,0.054621377,0.987212243,0.148963413,1451,553,0.381116471,0.040737771,0.029826935,0.020032845,0.253824258,57.066413742,0.000000000,0.258060221,0.041947322,2.417182248,0.155330801,67.177409337,0,31,29,2,0.021364576,8,0,0,0,0,1412,8,18107,75944,24014,15,1550544
1409,1706585388.382776499,1706585388.482414007,1,0,0,1,81.176157166,-21.847405161,-0.213155527,0.013449881,0.060543783,0.987672625,0.143723124,1355,503,0.371217712,0.042789359,0.030816291,0.020198929,0.245703308,56.067298592,0.000000000,0.259744341,0.040512686,2.439677029,0.158370372,67.116803134,0,19,17,2,0.014022140,9,0,0,0,0,1327,9,18112,75963,24023,15,1551871
1410,1706585388.482612610,1706585388.581149340,1,0,0,1,81.059280576,-21.819019029,-0.207029528,0.013527158,0.059350138,0.988466045,0.138670311,1417,516,0.364149612,0.041775727,0.031142640,0.020264612,0.258809789,56.738627598,0.000000000,0.261714039,0.040034245,2.425512051,0.156537125,66.640377622,0,27,23,4,0.019054340,9,0,0,0,0,1381,9,18116,75990,24032,15,1553252
1411,1706585388.582459688,1706585388.679962397,1,0,0,1,80.939604503,-21.787709707,-0.198784270,0.019818277,0.050685789,0.990043534,0.129815207,1522,580,0.381077530,0.045316428,0.031746258,0.020494262,0.301940765,65.591496535,0.000000000,0.266746877,0.039225510,2.443873200,0.164872867,66.397829011,0,37,37,0,0.024310118,12,0,0,0,0,1473,12,18116,76027,24044,15,1554725
1412,1706585388.683093786,1706585388.782928944,1,0,0,1,80.810083946,-21.758165252,-0.199687874,0.019634621,0.047246154,0.991189344,0.122171878,1567,608,0.388002553,0.046613844,0.034139851,0.020820483,0.300299320,67.984950299,0.000000000,0.267939950,0.039599264,2.450879028,0.168716538,66.550570414,0,40,35,5,0.025526484,12,0,0,0,0,1515,12,18123,76067,24056,15,1556240
1413,1706585388.782940865,1706585388.882533073,1,0,0,1,80.694168170,-21.725677303,-0.205748935,0.020845867,0.049763957,0.991850930,0.115415470,1561,569,0.364509930,0.046059272,0.031187343,0.020019584,0.277610421,78.052070117,0.000000000,0.270080246,0.040853108,2.456168982,0.165391105,67.172381662,0,34,32,2,0.021780910,14,0,0,0,0,1513,14,18129,76101,24070,15,1557753
1414,1706585388.882795095,1706585388.981325626,1,0,0,1,80.575268735,-21.694558347,-0.200503793,0.023019149,0.047311065,0.992228344,0.112759455,1600,578,0.361250000,0.040187576,0.027025027,0.017627616,0.289281745,72.291666987,0.000000000,0.271452771,0.043987705,2.466810233,0.159558582,67.353788270,0,29,27,2,0.018125000,13,0,0,0,0,1558,13,18130,76130,24083,15,1559311
1415,1706585388.982635498,1706585389.080075264,1,0,0,1,80.442725151,-21.671950583,-0.196448591,0.016487120,0.042697092,0.992522135,0.113158933,1556,543,0.348971722,0.042605352,0.030021425,0.018734179,0.289441213,67.009419554,0.000000000,0.271376792,0.043958471,2.490735046,0.149791852,67.385612042,0,23,21,2,0.014781491,11,0,0,0,0,1522,11,18133,76153,24094,15,1560833
1416,1706585389.082458258,1706585389.178944588,1,0,0,1,80.312680092,-21.654161588,-0.188021136,0.020867006,0.037834233,0.992944817,0.110425219,1540,567,0.368181818,0.042807498,0.030196913,0.019630671,0.240655408,62.209315729,0.000000000,0.270951966,0.044022903,2.522897674,0.152476523,66.430813188,0,24,20,4,0.015584416,12,0,0,0,0,1504,12,18138,76177,24106,15,1562337
1417,1706585389.183099747,1706585389.282911539,1,0,0,1,80.175076131,-21.615787628,-0.182529775,0.018310728,0.038679129,0.993222752,0.108061130,1514,544,0.359313078,0.041115653,0.027552546,0.018360654,0.247943322,61.834960675,0.000000000,0.271532772,0.042972847,2.563074677,0.155301154,65.838548366,0,33,30,3,0.021796565,13,0,0,0,0,1468,13,18142,76210,24119,15,1563805
1418,1706585389.282922268,1706585389.382745504,1,0,0,1,80.043684866,-21.584560287,-0.177530670,0.021156638,0.036198657,0.993339882,0.107321633,1527,548,0.358873608,0.039469888,0.029300108,0.017941694,0.250993564,59.921638537,0.000000000,0.271303888,0.046058022,2.560554826,0.154032079,64.952281210,0,20,18,2,0.013097577,10,0,0,0,0,1491,16,18145,76230,24129,15,1565296
1419,1706585389.382757187,1706585389.482569218,1,0,0,1,79.907183901,-21.551110241,-0.181149258,0.019881723,0.036468836,0.993250533,0.108296444,1542,578,0.374837873,0.040547314,0.029895395,0.018762777,0.266599406,56.882145782,0.000000000,0.272409922,0.045721762,2.571926017,0.155642152,64.245046472,0,17,16,1,0.011024643,7,0,0,0,0,1517,8,18147,76247,24136,15,1566813
1420,1706585389.482581377,1706585389.582417488,1,0,0,1,79.765530016,-21.523611750,-0.172664935,0.021114168,0.035739367,0.992967998,0.110866783,1593,609,0.382297552,0.043144667,0.029612372,0.019513245,0.275836292,59.331611329,0.000000000,0.273206435,0.044741725,2.571809526,0.151661531,63.746285616,0,27,26,1,0.016949153,15,0,0,0,0,1551,15,18148,76274,24151,15,1568364
1421,1706585389.582429647,1706585389.682263613,1,0,0,1,79.635177641,-21.495333175,-0.173322410,0.024743197,0.031800340,0.992790079,0.112890974,1641,595,0.362583790,0.039512993,0.027796657,0.017696710,0.263359817,62.403507969,0.000000000,0.271791037,0.046610253,2.547838585,0.149493176,63.331180277,0,30,29,1,0.018281536,4,0,0,0,0,1607,4,18153,76304,24155,15,1569971
1422,1706585389.683073759,1706585389.782469988,1,0,0,1,79.501060514,-21.451742819,-0.159904305,0.019399391,0.033546997,0.992332768,0.117362430,1560,564,0.361538462,0.039533455,0.026780064,0.016909650,0.264835949,59.468994967,0.000000000,0.270565163,0.048586092,2.546688865,0.138836429,62.690578918,0,25,24,1,0.016025641,10,0,0,0,0,1525,10,18154,76329,24165,15,1571496
1423,1706585389.782907248,1706585389.881183863,1,0,0,1,79.386222086,-21.413556642,-0.160894416,0.024948552,0.035625257,0.991714803,0.120872498,1646,611,0.371202916,0.044893965,0.029759575,0.018502244,0.294235801,66.787929907,0.000000000,0.269382072,0.050108922,2.537748660,0.128662958,62.828131831,0,34,31,3,0.020656136,20,0,0,0,0,1592,20,18160,76363,24185,15,1573088
1424,1706585389.882745504,1706585389.982568979,1,0,0,1,79.258847243,-21.368700253,-0.160144908,0.017869144,0.034947681,0.991049703,0.127592478,1642,586,0.356881851,0.041114888,0.028490092,0.017926995,0.286328421,65.990520093,0.000000000,0.268319530,0.050468460,2.533799852,0.132620206,62.700149599,0,34,31,3,0.020706456,7,0,0,0,0,1601,7,18164,76397,24192,15,1574689
1425,1706585389.982579708,1706585390.082408667,1,0,0,1,79.138249918,-21.331455778,-0.144792535,0.019021480,0.034342509,0.990093589,0.134808975,1574,578,0.367217281,0.046042257,0.031994397,0.019210463,0.267210558,62.553970388,0.000000000,0.268479559,0.054030595,2.518668773,0.140587218,62.752896187,0,40,39,1,0.025412961,15,0,0,0,0,1519,15,18168,76437,24207,15,1576208
1426,1706585390.082420349,1706585390.182252169,1,0,0,1,79.027096536,-21.282736961,-0.139751468,0.022515360,0.037763458,0.988799138,0.142629747,1591,605,0.380263985,0.050281321,0.032093966,0.021292041,0.264685185,65.735276793,0.000000000,0.269147815,0.067097042,2.504567490,0.156246640,63.039065888,0,45,44,1,0.028284098,19,0,0,0,0,1527,19,18174,76482,24226,15,1577735
1427,1706585390.183062553,1706585390.281159878,1,0,0,1,78.889289752,-21.228429076,-0.130545101,0.014451656,0.035077145,0.987770916,0.151226190,1461,535,0.366187543,0.039785719,0.028663652,0.017651371,0.261922773,61.941272727,0.000000000,0.270075866,0.067629072,2.520146507,0.171728657,63.293154416,0,35,33,2,0.023956194,7,0,0,0,0,1419,7,18180,76517,24233,15,1579154
1428,1706585390.282892227,1706585390.380073309,1,0,0,1,78.753119844,-21.177155706,-0.124488265,0.016527568,0.039884095,0.986461272,0.158209533,1340,486,0.362686567,0.037048990,0.027384528,0.018330311,0.242550372,52.594161349,0.000000000,0.269512172,0.073309439,2.523859249,0.175368079,63.069541796,0,17,16,1,0.012686567,2,0,0,0,0,1320,3,18180,76534,24235,15,1580474
1429,1706585390.382732391,1706585390.482558966,1,0,0,1,78.617632826,-21.117715715,-0.119018676,0.015133864,0.046045461,0.984539612,0.168322707,1270,439,0.345669291,0.038516984,0.026728895,0.018870812,0.243529477,48.989491731,0.000000000,0.269403480,0.076494977,2.551482266,0.185627349,62.715651453,0,23,22,1,0.018110236,4,0,0,0,0,1241,6,18180,76557,24239,15,1581715
1430,1706585390.482582808,1706585390.582422733,1,0,0,1,78.483628268,-21.063246892,-0.115539904,0.014704922,0.045662394,0.983272370,0.175710436,1221,429,0.351351351,0.035513644,0.025333818,0.017739723,0.197377009,50.909061453,0.000000000,0.266331841,0.084778412,2.572197347,0.183314276,62.424173146,0,49,22,27,0.040131040,5,0,0,0,0,1158,14,18210,76606,24244,15,1582873
1431,1706585390.582434893,1706585390.682260513,1,0,0,1,78.365148025,-21.020917566,-0.112621940,0.015737838,0.041525870,0.982411755,0.181369972,1172,398,0.339590444,0.035977876,0.026048700,0.018173809,0.241035760,38.600737872,0.000000000,0.263286591,0.089211703,2.565195344,0.179348174,61.074635213,0,38,18,20,0.032423208,4,0,0,0,0,1120,14,18234,76644,24248,15,1583993
1432,1706585390.683071613,1706585390.782892942,1,0,0,1,78.232725334,-20.961916753,-0.114735985,0.016525590,0.038983530,0.982062057,0.183742499,1143,409,0.357830271,0.036009681,0.023812270,0.015495420,0.202971360,52.218254461,0.000000000,0.258420193,0.090231735,2.589647769,0.170808847,60.286300421,0,31,19,12,0.027121610,8,0,0,0,0,1099,13,18250,76675,24256,15,1585092
1433,1706585390.782905340,1706585390.882713795,1,0,0,1,78.109135292,-20.910445248,-0.106295190,0.021018777,0.039970011,0.982104005,0.182845106,1196,424,0.354515050,0.034332783,0.024540303,0.016634736,0.239603893,41.606133746,0.000000000,0.256519866,0.093553909,2.600777277,0.167006888,58.464003602,0,21,16,5,0.017558528,4,0,0,0,0,1166,9,18255,76696,24260,15,1586258
1434,1706585390.882725239,1706585390.982554436,1,0,0,1,78.002114220,-20.856575460,-0.105260489,0.028837931,0.041155707,0.982493279,0.179392137,1203,424,0.352452203,0.036409512,0.026132180,0.016829178,0.240589297,48.189480512,0.000000000,0.254085244,0.096479595,2.586077048,0.173171196,57.258894279,0,19,15,4,0.015793849,4,0,0,0,0,1179,5,18262,76715,24264,15,1587437
1435,1706585390.982565641,1706585391.081622124,1,0,0,1,77.903679137,-20.817243996,-0.097513789,0.036400325,0.040503171,0.982685896,0.177095848,1185,425,0.358649789,0.035830745,0.022982697,0.014656939,0.210089458,49.732556008,0.000000000,0.250117656,0.099131597,2.560835389,0.171791523,56.395051101,0,11,8,3,0.009282700,6,0,0,0,0,1168,6,18264,76726,24270,15,1588605
1436,1706585391.082408905,1706585391.180396557,1,0,0,1,77.810976388,-20.789439083,-0.104233219,0.038577559,0.036324723,0.983794250,0.171292616,1204,419,0.348006645,0.037298985,0.025905488,0.016640425,0.191529421,48.607238358,0.000000000,0.247661357,0.099298249,2.514891164,0.178627838,55.714947233,0,21,20,1,0.017441860,4,0,0,0,0,1179,4,18267,76747,24274,15,1589784
1437,1706585391.183043480,1706585391.282868385,1,0,0,1,77.706621284,-20.763898473,-0.096620052,0.039050584,0.033291510,0.985147979,0.163860264,1258,452,0.359300477,0.038250744,0.028047609,0.015964256,0.223928959,46.513885036,0.000000000,0.246460639,0.099533276,2.487452081,0.192537960,54.948893451,0,14,12,2,0.011128776,3,0,0,0,0,1240,4,18269,76761,24277,15,1591024
1438,1706585391.282879829,1706585391.382698059,1,0,0,1,77.606769555,-20.730332289,-0.086157910,0.037472413,0.032018262,0.986916508,0.153513696,1400,518,0.370000000,0.037504180,0.025754389,0.016465824,0.249221291,48.996176721,0.000000000,0.246372025,0.100376838,2.452726581,0.211889660,54.402620360,0,19,17,2,0.013571429,4,0,0,0,0,1377,4,18271,76780,24281,15,1592401
1439,1706585391.382709742,1706585391.482453346,1,0,0,1,77.490832773,-20.698354035,-0.077411648,0.035176350,0.033564560,0.988459423,0.143471303,1500,530,0.353333333,0.036696325,0.023430472,0.015653720,0.240763169,54.817299455,0.000000000,0.245080213,0.101686586,2.428762862,0.227090974,54.299378044,0,23,23,0,0.015333333,6,0,0,0,0,1471,6,18269,76803,24287,15,1593872
1440,1706585391.482540607,1706585391.581317425,1,0,0,1,77.362104653,-20.657820619,-0.078771070,0.028424841,0.035543968,0.989477259,0.137344127,1566,578,0.369093231,0.041391215,0.029683568,0.019595349,0.294946339,53.843812070,0.000000000,0.246035715,0.100139475,2.430342442,0.235778997,54.024988081,0,33,32,1,0.021072797,11,0,0,0,0,1522,11,18274,76836,24298,15,1595394
1441,1706585391.582778931,1706585391.680276632,1,0,0,1,77.245169514,-20.613827544,-0.069843425,0.029967098,0.041637437,0.989545089,0.134791739,1558,591,0.379332478,0.045332280,0.028335984,0.020750418,0.268375343,65.786314042,0.000000000,0.246286492,0.105228490,2.413937816,0.231857219,54.194128384,0,40,38,2,0.025673941,20,0,0,0,0,1495,23,18278,76876,24318,15,1596889
1442,1706585391.682609081,1706585391.782436609,1,0,0,1,77.117313091,-20.569591565,-0.071437786,0.035088935,0.040528615,0.989160564,0.136702509,1594,566,0.355081556,0.041631874,0.029314904,0.018715751,0.264757251,60.485910728,0.000000000,0.246282557,0.105678340,2.428214896,0.228596566,54.244974173,0,52,47,5,0.032622334,14,0,0,0,0,1528,14,18289,76928,24332,15,1598417
1443,1706585391.782448053,1706585391.882273674,1,0,0,1,76.978591274,-20.540716976,-0.055428474,0.029667982,0.032875007,0.989570676,0.137072686,1591,574,0.360779384,0.042905329,0.028418969,0.017879068,0.291717278,63.211938372,0.000000000,0.246156631,0.103214952,2.435767002,0.215859160,54.066174596,0,32,32,0,0.020113136,14,0,0,0,0,1545,14,18296,76960,24346,15,1599962
1444,1706585391.883083582,1706585391.982908010,1,0,0,1,76.853865596,-20.503017742,-0.047857563,0.025782011,0.034449038,0.989516435,0.137861442,1589,598,0.376337319,0.040125347,0.027427455,0.018111002,0.308656141,60.814873064,0.000000000,0.247273017,0.102957084,2.439137582,0.202549455,53.807392244,0,22,21,1,0.013845186,6,0,0,0,0,1561,6,18299,76982,24352,15,1601523
1445,1706585391.982920408,1706585392.082750320,1,0,0,1,76.722351512,-20.447122703,-0.046036454,0.022414207,0.037697316,0.989648597,0.136646149,1605,545,0.339563863,0.042761707,0.027891726,0.018627021,0.290752384,62.174951833,0.000000000,0.248450108,0.097932260,2.460582401,0.188989655,53.788441317,0,48,40,8,0.029906542,15,0,0,0,0,1542,15,18311,77030,24367,15,1603065
1446,1706585392.082762003,1706585392.182599068,1,0,0,1,76.582008404,-20.385815465,-0.043897471,0.008423482,0.046618228,0.988994865,0.140160419,1502,559,0.372170439,0.044948337,0.028615597,0.019617465,0.284222468,61.092065989,0.000000000,0.249426972,0.081885031,2.465339232,0.178318080,53.556280776,0,30,27,3,0.019973369,11,0,0,0,0,1461,11,18316,77060,24378,15,1604526
1447,1706585392.182610989,1706585392.282426357,1,0,0,1,76.442775940,-20.339611251,-0.044300960,0.005405019,0.050250229,0.988270106,0.144110711,1458,529,0.362825789,0.039875325,0.027289948,0.019694992,0.267832154,60.908285447,0.000000000,0.249722441,0.081908643,2.466409204,0.171597620,53.504631412,0,31,27,4,0.021262003,10,0,0,0,0,1417,10,18319,77091,24388,15,1605943
1448,1706585392.282437801,1706585392.381438732,1,0,0,1,76.299680480,-20.296418115,-0.033267605,0.003571833,0.044755716,0.988499357,0.144406330,1363,457,0.335289802,0.035865346,0.023659879,0.016789861,0.249502528,49.157822749,0.000000000,0.250070049,0.083186900,2.468234894,0.151595924,53.332814482,0,25,20,5,0.018341893,3,0,0,0,0,1334,4,18325,77116,24391,15,1607277
1449,1706585392.383074760,1706585392.479719877,1,0,0,1,76.165320742,-20.248568181,-0.044394420,0.006072661,0.046346585,0.988800642,0.141733582,1345,491,0.365055762,0.037116552,0.026778203,0.017548896,0.240253287,55.454624814,0.000000000,0.249906240,0.083897610,2.466600800,0.141833093,53.656071137,0,37,32,5,0.027509294,8,0,0,0,0,1300,8,18331,77153,24399,15,1608577
1450,1706585392.482927561,1706585392.582748175,1,0,0,1,76.022038205,-20.204681618,-0.038853182,0.006807038,0.050858384,0.989921685,0.131992978,1385,514,0.371119134,0.044953205,0.029633762,0.021169579,0.266571926,56.327330684,0.000000000,0.253365985,0.087239321,2.490707661,0.149868285,53.926984598,0,14,11,3,0.010108303,13,0,0,0,0,1358,13,18334,77167,24412,15,1609935
1451,1706585392.582760096,1706585392.682594299,1,0,0,1,75.889167177,-20.171058268,-0.041905422,0.005783319,0.052571891,0.990875642,0.123968592,1470,510,0.346938776,0.040677963,0.027578228,0.019581494,0.344425030,51.484979117,0.000000000,0.258535449,0.084875772,2.482813540,0.161282705,54.571196660,0,17,17,0,0.011564626,9,0,0,0,0,1444,9,18335,77184,24421,15,1611379
1452,1706585392.682605267,1706585392.782260180,1,0,0,1,75.756829039,-20.138527140,-0.036501328,0.007689155,0.050457475,0.992729295,0.109011318,1461,510,0.349075975,0.044699264,0.027868709,0.018080393,0.245926380,57.118794595,0.000000000,0.260683200,0.086008826,2.485052843,0.189785414,54.816223667,0,41,38,3,0.028062971,9,0,0,0,0,1411,9,18342,77225,24430,15,1612790
1453,1706585392.782448053,1706585392.881123781,1,0,0,1,75.632154347,-20.109349138,-0.046021352,0.003008237,0.051397335,0.993489335,0.101627782,1416,516,0.364406780,0.039146830,0.026953725,0.017785275,0.275857647,57.143661883,0.000000000,0.262495888,0.079507377,2.493630991,0.198922889,55.593100074,0,26,23,3,0.018361582,10,0,0,0,0,1380,10,18347,77251,24440,15,1614170
1454,1706585392.883081198,1706585392.982897997,1,0,0,1,75.522510017,-20.098994322,-0.046305406,0.006878920,0.047460083,0.994858174,0.089204459,1361,472,0.346803821,0.035791115,0.023051350,0.016306292,0.224790468,49.259674663,0.000000000,0.261705946,0.080540728,2.497478840,0.219614073,55.646609781,0,16,13,3,0.011756062,4,0,0,0,0,1341,4,18350,77267,24444,15,1615511
1455,1706585392.982909918,1706585393.082743168,1,0,0,1,75.417609134,-20.076199352,-0.040453300,0.008417415,0.046870130,0.995176054,0.085772726,1413,480,0.339702760,0.036252449,0.022528680,0.014507114,0.210498736,50.151536564,0.000000000,0.261726410,0.079828355,2.507971436,0.214561836,55.667558809,0,22,22,0,0.015569710,7,0,0,0,0,1384,7,18352,77289,24451,15,1616895
1456,1706585393.082754374,1706585393.182578802,1,0,0,1,75.310099750,-20.047577408,-0.043405751,0.011661180,0.047996246,0.994919732,0.087721747,1467,509,0.346966599,0.036088808,0.023829366,0.016653257,0.265128739,47.229379997,0.000000000,0.265406376,0.081550441,2.511560190,0.203575123,55.598665891,0,15,15,0,0.010224949,5,0,0,0,0,1447,5,18350,77304,24456,15,1618342
1457,1706585393.182590008,1706585393.282419205,1,0,0,1,75.218867626,-20.030921282,-0.040808444,0.014243243,0.046140258,0.994262105,0.095451937,1475,496,0.336271186,0.037383391,0.024735417,0.016734328,0.217866020,51.294709507,0.000000000,0.265103229,0.082384169,2.498475839,0.198097440,55.837707115,0,29,22,7,0.019661017,6,0,0,0,0,1439,7,18357,77333,24462,15,1619781
1458,1706585393.282430649,1706585393.382262468,1,0,0,1,75.097719843,-20.005021607,-0.041977479,0.014820939,0.048071594,0.993417473,0.102913492,1480,545,0.368243243,0.039560810,0.026289633,0.017495552,0.271593821,53.559093948,0.000000000,0.266221856,0.080940963,2.501782938,0.192723335,56.065852976,0,16,16,0,0.010810811,10,0,0,0,0,1454,10,18358,77349,24472,15,1621235
1459,1706585393.383073330,1706585393.482907772,1,0,0,1,74.961042529,-19.970961789,-0.033146278,0.011624692,0.047928627,0.992393227,0.112798032,1584,524,0.330808081,0.042717922,0.029328552,0.017659714,0.311763830,59.805644271,0.000000000,0.269771889,0.078944855,2.507951058,0.199347371,56.315270217,0,23,22,1,0.014520202,13,0,0,0,0,1548,13,18361,77372,24485,15,1622783
1460,1706585393.482920170,1706585393.582625151,1,0,0,1,74.822195460,-19.933458139,-0.036732170,0.010204179,0.043144139,0.991824016,0.119664444,1530,494,0.322875817,0.037320063,0.024719702,0.015410443,0.320629813,59.082790626,0.000000000,0.271056062,0.080917479,2.526563255,0.208250901,56.577219145,0,30,29,1,0.019607843,6,0,0,0,0,1494,6,18362,77402,24491,15,1624277
1461,1706585393.582761526,1706585393.680697203,1,0,0,1,74.684614934,-19.887688908,-0.029938060,0.000129076,0.048383402,0.990684688,0.127290532,1508,567,0.375994695,0.043888562,0.030119126,0.019896893,0.337712572,59.046664840,0.000000000,0.274522924,0.078605452,2.536414230,0.218324490,56.240236685,0,21,19,2,0.013925729,7,0,0,0,0,1480,7,18368,77423,24498,15,1625757
1462,1706585393.682607412,1706585393.779232264,1,0,0,1,74.547420970,-19.841221283,-0.021271635,-0.000462161,0.045377668,0.989588264,0.136585949,1351,495,0.366395263,0.042142544,0.025916612,0.017848135,0.281214013,56.602328433,0.000000000,0.275345762,0.078894319,2.538926344,0.236860507,56.046057570,0,21,20,1,0.015544041,7,0,0,0,0,1323,7,18367,77444,24505,15,1627080
1463,1706585393.782437563,1706585393.882262230,1,0,0,1,74.405343315,-19.783735959,-0.020875809,-0.006627293,0.048914915,0.988259910,0.144588243,1316,460,0.349544073,0.041084813,0.028066409,0.018899500,0.272156698,54.708934854,0.000000000,0.274367733,0.077753867,2.561674990,0.251080319,55.620907394,0,17,15,2,0.012917933,5,0,0,0,0,1294,5,18369,77461,24510,15,1628374
1464,1706585393.883072853,1706585393.982903957,1,0,0,1,74.253850305,-19.727044474,-0.025232162,-0.003613011,0.046858378,0.987295149,0.151787768,1257,421,0.334924423,0.034243114,0.022810044,0.016873672,0.236942283,54.745698370,0.000000000,0.270782040,0.084673008,2.580575813,0.263303939,55.317448659,0,16,16,0,0.012728719,1,0,0,0,0,1240,1,18372,77477,24511,15,1629614
1465,1706585393.982915878,1706585394.082208872,1,0,0,1,74.117122122,-19.668635434,-0.023114235,-0.001772071,0.044727077,0.986728604,0.156086546,1285,438,0.340856031,0.041946355,0.029200373,0.018718127,0.242796231,49.590061656,0.000000000,0.268384232,0.083981794,2.576108052,0.266252861,54.688204150,0,36,36,0,0.028015564,5,0,0,0,0,1244,5,18375,77513,24516,15,1630858
1466,1706585394.082742929,1706585394.181187868,1,0,0,1,73.969171066,-19.615736747,-0.018411502,-0.006583311,0.043442468,0.986464581,0.157977979,1195,414,0.346443515,0.036790325,0.025879908,0.016316476,0.255073735,49.198902260,0.000000000,0.266926796,0.080759437,2.586602633,0.262049605,54.093545964,0,17,13,4,0.014225941,5,0,0,0,0,1173,5,18381,77530,24521,15,1632031
1467,1706585394.182573557,1706585394.282401323,1,0,0,1,73.832555970,-19.575033157,-0.026359745,-0.006422785,0.044870353,0.986280839,0.158730920,1218,411,0.337438424,0.033632030,0.024831884,0.017490710,0.211568350,52.906530746,0.000000000,0.264113605,0.087385350,2.579494997,0.263100829,53.693458229,0,14,12,2,0.011494253,6,0,0,0,0,1198,6,18383,77544,24527,15,1633229
1468,1706585394.282412291,1706585394.382242203,1,0,0,1,73.700405229,-19.547977086,-0.028259123,-0.006973833,0.039059256,0.987413600,0.153101676,1200,424,0.353333333,0.038706251,0.026514888,0.018716090,0.257215261,47.139947011,0.000000000,0.264499242,0.085082396,2.571341067,0.269213580,53.592564442,0,23,22,1,0.019166667,6,0,0,0,0,1171,6,18386,77567,24533,15,1634400
1469,1706585394.383053780,1706585394.482877970,1,0,0,1,73.579145279,-19.504186006,-0.027550784,-0.006382536,0.042251664,0.988221150,0.146945634,1289,444,0.344453064,0.038073776,0.025785475,0.016735517,0.217977743,50.034275646,0.000000000,0.263385465,0.084378630,2.550312532,0.262123298,53.321546984,0,29,27,2,0.022498061,14,0,0,0,0,1246,14,18389,77596,24547,15,1635646
1470,1706585394.482890129,1706585394.582712173,1,0,0,1,73.456829228,-19.456737036,-0.040308727,-0.003704434,0.048790593,0.988923700,0.140127341,1337,440,0.329094989,0.042247503,0.028032969,0.018714537,0.277597335,53.889795499,0.000000000,0.263936735,0.079930270,2.545035022,0.259546961,53.199670224,0,20,20,0,0.014958863,5,0,0,0,0,1312,5,18388,77616,24552,15,1636958
1471,1706585394.582723618,1706585394.682543516,1,0,0,1,73.336586939,-19.410522003,-0.038545505,-0.003735977,0.047096395,0.989791045,0.134468059,1312,447,0.340701220,0.040953524,0.026200814,0.018730119,0.284829085,56.124762336,0.000000000,0.260956938,0.080092099,2.537479960,0.241049442,53.431659385,0,26,24,2,0.019817073,6,0,0,0,0,1280,6,18392,77642,24558,15,1638238
1472,1706585394.682556152,1706585394.782368183,1,0,0,1,73.219393257,-19.368926128,-0.039560270,-0.000334505,0.048262667,0.989886973,0.133395591,1406,474,0.337126600,0.042538614,0.031705057,0.021356544,0.340439871,60.885456385,0.000000000,0.265682613,0.076199049,2.533443842,0.227610954,53.619992475,0,28,26,2,0.019914651,8,0,0,0,0,1370,8,18399,77670,24566,15,1639608
1473,1706585394.782391310,1706585394.881554127,1,0,0,1,73.105764063,-19.343159196,-0.037233826,-0.001983214,0.043027600,0.990290790,0.132169751,1384,476,0.343930636,0.042293928,0.028734752,0.020549718,0.323218101,53.125411090,0.000000000,0.268050635,0.078045250,2.539848570,0.205607162,53.419079935,0,16,15,1,0.011560694,8,0,0,0,0,1360,8,18400,77686,24574,15,1640968
1474,1706585394.883013964,1706585394.980116606,1,0,0,1,72.987049068,-19.305642155,-0.037310430,-0.004260755,0.043214025,0.990264076,0.132255258,1346,488,0.362555721,0.040686167,0.027667716,0.017812840,0.322819934,55.689730253,0.000000000,0.272952109,0.075364677,2.556842330,0.198884724,53.740582715,0,24,23,1,0.017830609,5,0,0,0,0,1317,5,18402,77710,24579,15,1642285
1475,1706585394.982848644,1706585395.082684755,1,0,0,1,72.852942610,-19.260539440,-0.046558836,-0.002637241,0.049106766,0.989552706,0.135524950,1284,445,0.346573209,0.041607628,0.028263558,0.019530028,0.246005061,55.386718653,0.000000000,0.274727425,0.073409035,2.587338761,0.201265979,54.002341819,0,12,10,2,0.009345794,5,0,0,0,0,1267,5,18406,77722,24584,15,1643552
1476,1706585395.082696199,1706585395.182533979,1,0,0,1,72.724771074,-19.215871363,-0.059088738,-0.007535609,0.048757134,0.989418430,0.136444591,1274,434,0.340659341,0.039828584,0.026493236,0.018245966,0.284634093,54.649402868,0.000000000,0.275702692,0.070058427,2.630871420,0.186951452,54.373342963,0,21,19,2,0.016483516,9,0,0,0,0,1244,9,18407,77743,24593,15,1644796
1477,1706585395.182546139,1706585395.282389402,1,0,0,1,72.592232743,-19.181283772,-0.067957921,-0.005837386,0.050792942,0.989048864,0.138449802,1281,439,0.342701015,0.038833508,0.027210692,0.018957206,0.236189887,50.421153298,0.000000000,0.276618886,0.068745624,2.644244442,0.176019419,54.329665152,0,20,18,2,0.015612802,6,0,0,0,0,1255,6,18408,77763,24599,15,1646051
1478,1706585395.282400608,1706585395.382211924,1,0,0,1,72.460902573,-19.141093043,-0.069192096,-0.009003998,0.048214398,0.988982118,0.139673441,1319,442,0.335102350,0.035965908,0.025504154,0.017933947,0.232981157,48.702458587,0.000000000,0.274688253,0.072431418,2.640458490,0.158743855,54.086833384,0,10,9,1,0.007581501,7,0,0,0,0,1302,7,18411,77773,24606,15,1647353
1479,1706585395.383021593,1706585395.481375217,1,0,0,1,72.318674313,-19.102863103,-0.075202009,-0.009727855,0.047844184,0.989295155,0.137518721,1256,434,0.345541401,0.039921552,0.028618874,0.018593471,0.255101377,54.373575811,0.000000000,0.271855130,0.070682280,2.643990078,0.149518456,53.815229961,0,27,25,2,0.021496815,3,0,0,0,0,1226,3,18415,77800,24609,15,1648579
1480,1706585395.482859135,1706585395.582682848,1,0,0,1,72.181746855,-19.064689086,-0.080838541,-0.009946121,0.043910397,0.990016752,0.133565650,1249,404,0.323458767,0.037622428,0.023855761,0.017562300,0.259462502,50.976737003,0.000000000,0.268796764,0.070359158,2.641097981,0.142972486,53.409927280,0,12,11,1,0.009607686,7,0,0,0,0,1230,7,18417,77812,24616,15,1649809
1481,1706585395.582705975,1706585395.682527781,1,0,0,1,72.043582648,-19.031378685,-0.073987473,-0.006999277,0.048635556,0.990754922,0.126452671,1327,451,0.339864356,0.040785187,0.027695847,0.019475972,0.234118346,53.140297000,0.000000000,0.263617053,0.066629311,2.638277270,0.138479253,53.114608888,0,16,15,1,0.012057272,3,0,0,0,0,1308,3,18420,77828,24619,15,1651117
1482,1706585395.682538748,1706585395.782362461,1,0,0,1,71.901642572,-18.989067841,-0.074493844,-0.004789384,0.048672797,0.991319943,0.122036021,1346,449,0.333580981,0.042163625,0.030056607,0.021217644,0.300993662,51.364191501,0.000000000,0.264606036,0.066654477,2.633123212,0.131634398,52.852702041,0,31,27,4,0.023031204,9,0,0,0,0,1306,9,18424,77859,24628,15,1652423
1483,1706585395.782773018,1706585395.882594347,1,0,0,1,71.763624305,-18.958234743,-0.067391979,-0.000528019,0.043492204,0.991460453,0.122940310,1389,469,0.337652988,0.042445113,0.030010317,0.018438532,0.340569586,52.056268599,0.000000000,0.268026680,0.067983512,2.612910069,0.119053198,52.720068729,0,24,23,1,0.017278618,9,0,0,0,0,1356,9,18427,77883,24637,15,1653779
1484,1706585395.882607222,1706585395.982449770,1,0,0,1,71.629669136,-18.930862605,-0.068110860,0.004695519,0.040575171,0.991536073,0.123238891,1440,481,0.334027778,0.041106270,0.029442082,0.020591954,0.360803920,50.646171857,0.000000000,0.274219762,0.060451528,2.600938450,0.111215964,52.515092403,0,31,31,0,0.021527778,10,0,0,0,0,1399,10,18431,77914,24647,15,1655178
1485,1706585395.982460260,1706585396.082285643,1,0,0,1,71.499866275,-18.897256855,-0.067411241,0.000782953,0.035494054,0.991457292,0.125506958,1470,471,0.320408163,0.043050043,0.030654374,0.022511342,0.377916138,57.929491097,0.000000000,0.280975757,0.061817820,2.577828988,0.112037592,52.932063875,0,30,28,2,0.020408163,9,0,0,0,0,1431,9,18436,77944,24656,15,1656609
1486,1706585396.083097458,1706585396.181154966,1,0,0,1,71.374346930,-18.851777062,-0.063348182,0.007809972,0.033433282,0.991132592,0.128364345,1405,452,0.321708185,0.043305156,0.032224224,0.020943924,0.389999221,54.632199395,0.000000000,0.287722032,0.061063083,2.568624257,0.116788026,53.203728732,0,32,24,8,0.022775801,7,0,0,0,0,1365,8,18449,77976,24663,15,1657974
1487,1706585396.182938337,1706585396.279748201,1,0,0,1,71.253743176,-18.813890894,-0.070219606,0.008107819,0.040795811,0.990608412,0.130249529,1443,501,0.347193347,0.046788658,0.029831964,0.020271234,0.387578973,55.861869081,0.000000000,0.296522563,0.057363225,2.560320015,0.109370326,53.351495648,0,34,33,1,0.023562024,11,0,0,0,0,1398,11,18454,78010,24674,15,1659372
1488,1706585396.282777786,1706585396.382605791,1,0,0,1,71.124891396,-18.770351103,-0.072502654,0.007251245,0.040933654,0.990514422,0.130969599,1411,468,0.331679660,0.043566836,0.031595068,0.021165470,0.372084222,54.841250235,0.000000000,0.302266011,0.057197477,2.567421483,0.098266834,53.736560810,0,23,22,1,0.016300496,9,0,0,0,0,1379,9,18454,78033,24683,15,1660751
1489,1706585396.382618189,1706585396.482449532,1,0,0,1,71.006047492,-18.722682254,-0.070984647,0.012559192,0.041260240,0.989792329,0.135834479,1397,483,0.345740873,0.040970539,0.027283826,0.019703780,0.378663789,59.562832598,0.000000000,0.310300313,0.054348308,2.563662371,0.094849143,54.212988657,0,32,31,1,0.022906228,11,0,0,0,0,1354,11,18461,78065,24694,15,1662105
1490,1706585396.482461691,1706585396.582287312,1,0,0,1,70.879456474,-18.676266322,-0.074376645,0.009903795,0.043989348,0.988834130,0.142034906,1468,482,0.328337875,0.047002656,0.031896879,0.020640273,0.357906488,60.014941428,0.000000000,0.314315771,0.061586234,2.569707328,0.095760104,54.519245954,0,32,31,1,0.021798365,11,0,0,0,0,1425,11,18463,78097,24705,15,1663530
1491,1706585396.583096981,1706585396.682930946,1,0,0,1,70.753154349,-18.632777160,-0.074676718,0.020080776,0.041070867,0.988468004,0.144363952,1430,484,0.338461538,0.040349159,0.028387277,0.020532105,0.292630582,56.661758831,0.000000000,0.314705846,0.061887726,2.578926568,0.099500683,54.546095778,0,28,27,1,0.019580420,4,0,0,0,0,1398,4,18466,78125,24709,15,1664928
1492,1706585396.682942867,1706585396.782764196,1,0,0,1,70.619755795,-18.587216905,-0.067939162,0.026399545,0.038145215,0.988741679,0.142259971,1474,477,0.323609227,0.040070808,0.028092261,0.019603023,0.317903698,57.569560395,0.000000000,0.313579037,0.062274753,2.603514416,0.100700550,54.380300979,0,30,26,4,0.020352782,6,0,0,0,0,1438,6,18471,78155,24715,15,1666366
1493,1706585396.782775640,1706585396.882599592,1,0,0,1,70.499339416,-18.556372590,-0.060514273,0.033175043,0.034355974,0.989292750,0.137909168,1510,486,0.321854305,0.039951321,0.027477062,0.019855962,0.291397759,63.081364669,0.000000000,0.311988020,0.062711409,2.603537791,0.109011514,54.878098658,0,27,26,1,0.017880795,10,0,0,0,0,1473,10,18474,78182,24725,15,1667839
1494,1706585396.882611752,1706585396.982450962,1,0,0,1,70.373899597,-18.533167955,-0.053052391,0.036272303,0.033367623,0.989887891,0.133014602,1505,511,0.339534884,0.040056605,0.027440589,0.020142708,0.373135177,59.988100393,0.000000000,0.314503782,0.063027811,2.589534135,0.112041632,55.093017165,0,26,25,1,0.017275748,13,0,0,0,0,1466,13,18479,78208,24738,15,1669305
1495,1706585396.982463360,1706585397.082299232,1,0,0,1,70.243556113,-18.498439822,-0.049133565,0.031749589,0.034598642,0.990939336,0.125833741,1545,472,0.305501618,0.041165473,0.026566728,0.019646129,0.377317501,58.147946449,0.000000000,0.321069404,0.063035207,2.588172495,0.125460369,55.231078555,0,29,28,1,0.018770227,12,0,0,0,0,1504,12,18484,78237,24750,15,1670809
1496,1706585397.082710266,1706585397.182545900,1,0,0,1,70.107746749,-18.454499606,-0.045306614,0.028723283,0.036700337,0.991537824,0.121164357,1551,500,0.322372663,0.043325790,0.030359383,0.020560543,0.389397716,63.191576605,0.000000000,0.326307585,0.063161256,2.593700670,0.130900602,55.658187242,0,34,33,1,0.021921341,13,0,0,0,0,1504,13,18487,78271,24763,15,1672313
1497,1706585397.182557106,1706585397.282386780,1,0,0,1,69.972047038,-18.422549533,-0.034568130,0.027117614,0.032562498,0.991692662,0.121449511,1573,501,0.318499682,0.041364202,0.027373287,0.018621735,0.361367187,63.568371525,0.000000000,0.332566450,0.061333448,2.596176046,0.128885491,56.315548153,0,40,38,2,0.025429116,10,0,0,0,0,1523,10,18489,78311,24773,15,1673836
1498,1706585397.282398462,1706585397.382220507,1,0,0,1,69.830978690,-18.387631352,-0.016555589,0.018414110,0.027620897,0.992440540,0.118151519,1565,531,0.339297125,0.046174552,0.032571171,0.023002341,0.350788070,69.082001503,0.000000000,0.338456796,0.056987194,2.595214575,0.131967182,57.334525299,0,53,53,0,0.033865815,15,0,0,0,0,1497,15,18499,78364,24788,15,1675333
1499,1706585397.383030891,1706585397.480987310,1,0,0,1,69.698482495,-18.349259142,-0.010855737,0.020549436,0.030023838,0.992933796,0.112954711,1543,517,0.335061568,0.042299359,0.027611052,0.020032854,0.321051809,65.725791258,0.000000000,0.341754317,0.055628145,2.591012232,0.134335252,57.902136071,0,29,25,4,0.018794556,15,0,0,0,0,1499,15,18502,78393,24803,15,1676832
1500,1706585397.482870579,1706585397.579578638,1,0,0,1,69.553758133,-18.307459900,-0.003834981,0.016450778,0.026940108,0.993711669,0.107427752,1518,494,0.325428195,0.041053884,0.030535245,0.021986328,0.342589814,64.208645758,0.000000000,0.345910683,0.050096698,2.599527467,0.131599687,58.563731509,0,44,40,4,0.028985507,10,0,0,0,0,1464,10,18506,78437,24813,15,1678296
1501,1706585397.582712650,1706585397.682548285,1,0,0,1,69.410556705,-18.270953782,0.002338619,0.018837730,0.026726306,0.993833476,0.105952191,1501,468,0.311792139,0.041808864,0.028923673,0.021280827,0.325840997,62.416723933,0.000000000,0.350496815,0.049418868,2.599324814,0.125725119,59.027552856,0,36,35,1,0.023984011,11,0,0,0,0,1453,12,18505,78473,24824,15,1679749
1502,1706585397.682559729,1706585397.782384396,1,0,0,1,69.279551561,-18.245668122,0.010242070,0.018875815,0.025526364,0.993708949,0.107399409,1552,491,0.316365979,0.040693698,0.029072564,0.021429566,0.309898958,57.391175484,0.000000000,0.350942080,0.050273940,2.591383169,0.126323501,59.328902055,0,29,28,1,0.018685567,10,0,0,0,0,1513,10,18507,78502,24834,15,1681262
1503,1706585397.782396555,1706585397.882225752,1,0,0,1,69.153787111,-18.225446899,0.012158186,0.026933919,0.024079618,0.993626778,0.106773416,1519,476,0.313364055,0.037433669,0.025685075,0.018410551,0.280787085,57.110746684,0.000000000,0.347952955,0.056552258,2.582052262,0.126077364,59.581625959,0,28,26,2,0.018433180,9,0,0,0,0,1482,9,18514,78530,24843,15,1682744
1504,1706585397.883037329,1706585397.982867479,1,0,0,1,69.022343253,-18.195772323,0.016143682,0.025961403,0.018837475,0.993389342,0.110221460,1519,462,0.304147465,0.035673709,0.023508424,0.017518756,0.338449422,55.214413863,0.000000000,0.346835230,0.065906630,2.582778692,0.128421732,59.810038059,0,18,17,1,0.011849901,5,0,0,0,0,1496,5,18516,78548,24848,15,1684240
1505,1706585397.982879877,1706585398.082712173,1,0,0,1,68.884978416,-18.165236672,0.027950243,0.023336494,0.017456683,0.993245451,0.112312719,1556,483,0.310411311,0.039723135,0.027045322,0.019616349,0.318910875,61.134653426,0.000000000,0.343884967,0.066654587,2.590424452,0.126185124,59.970296176,0,24,24,0,0.015424165,6,0,0,0,0,1526,6,18520,78572,24854,15,1685766
1506,1706585398.082723618,1706585398.182545185,1,0,0,1,68.741882876,-18.128311332,0.033239700,0.022026210,0.016283003,0.992707671,0.117393315,1624,490,0.301724138,0.042172390,0.027321819,0.020592691,0.343091419,64.051085917,0.000000000,0.341539577,0.066189386,2.611700959,0.132440445,60.441240502,0,40,34,6,0.024630542,11,0,0,0,0,1573,11,18529,78612,24865,15,1687339
1507,1706585398.182556629,1706585398.282388926,1,0,0,1,68.610816227,-18.093820652,0.038708107,0.022383208,0.015276902,0.991598490,0.126483367,1645,515,0.313069909,0.040821775,0.024577527,0.018436944,0.349702339,58.292150456,0.000000000,0.339645745,0.060117518,2.611311770,0.149363376,60.562754570,0,35,34,1,0.021276596,10,0,0,0,0,1599,11,18533,78647,24875,15,1688938
1508,1706585398.282401085,1706585398.382224798,1,0,0,1,68.469571507,-18.034930945,0.043383240,0.018800438,0.023080108,0.990802038,0.132004448,1571,503,0.320178230,0.045495246,0.030066426,0.020878761,0.298529307,70.331281423,0.000000000,0.335968000,0.062909068,2.636356184,0.150309699,61.337256130,0,34,31,3,0.021642266,11,0,0,0,0,1526,11,18544,78681,24886,15,1690464
1509,1706585398.383035183,1706585398.482868195,1,0,0,1,68.335213719,-17.971429067,0.043665977,0.020395850,0.030179204,0.989247708,0.141641087,1537,525,0.341574496,0.043158930,0.027524270,0.020608529,0.360852180,64.802203925,0.000000000,0.335077419,0.063377873,2.650090143,0.157794075,61.599224696,0,31,27,4,0.020169161,12,0,0,0,0,1494,12,18551,78712,24898,15,1691958
1510,1706585398.482879639,1706585398.582704306,1,0,0,1,68.188060742,-17.913131578,0.053510250,0.022433121,0.030830040,0.987869230,0.150534540,1515,473,0.312211221,0.038310674,0.028598982,0.020339142,0.315164008,58.105124564,0.000000000,0.332940295,0.058210263,2.675096070,0.170335477,61.503733853,0,29,28,1,0.019141914,7,0,0,0,0,1479,7,18556,78741,24905,15,1693437
1511,1706585398.582715511,1706585398.682185650,1,0,0,1,68.046797141,-17.858097635,0.063512212,0.030022858,0.027468667,0.986839446,0.156499226,1381,419,0.303403331,0.038981745,0.026856455,0.018796443,0.281860261,53.283058177,0.000000000,0.332401779,0.059245973,2.685905714,0.179135741,61.334798820,0,20,18,2,0.014482259,6,0,0,0,0,1355,6,18561,78761,24911,15,1694792
1512,1706585398.682547808,1706585398.780793905,1,0,0,1,67.906344727,-17.808735147,0.061663729,0.028409688,0.025799969,0.985365567,0.166078146,1331,408,0.306536439,0.044454605,0.032554514,0.022198964,0.234126394,51.726948274,0.000000000,0.328212914,0.061432624,2.710265898,0.190024644,61.042668214,0,23,21,2,0.017280240,5,0,0,0,0,1303,5,18564,78784,24916,15,1696095
1513,1706585398.782778025,1706585398.879432917,1,0,0,1,67.764746372,-17.747483323,0.073046928,0.028691000,0.029664778,0.983795632,0.174479173,1232,365,0.296266234,0.040380417,0.028862442,0.021009537,0.287501747,48.513712301,0.000000000,0.328018113,0.061184243,2.737177770,0.197624177,60.314285596,0,18,17,1,0.014610390,6,0,0,0,0,1208,6,18565,78802,24922,15,1697303
1514,1706585398.882614613,1706585398.982435703,1,0,0,1,67.627076139,-17.678868489,0.078789587,0.029979883,0.032624861,0.982824688,0.179143680,1193,377,0.316010059,0.039674162,0.030063707,0.020050227,0.283545192,47.697217489,0.000000000,0.323538614,0.061460937,2.756159054,0.192511895,59.699741451,0,23,22,1,0.019279128,5,0,0,0,0,1164,6,18568,78825,24927,15,1698467
1515,1706585398.982447147,1706585399.082268953,1,0,0,1,67.491612651,-17.619596940,0.082132502,0.023673629,0.034042656,0.982896069,0.179432367,1203,354,0.294264339,0.036885049,0.025953765,0.017288584,0.258612066,44.958546794,0.000000000,0.317603342,0.065922480,2.761267803,0.182992320,59.040271468,0,32,22,10,0.026600166,6,0,0,0,0,1160,11,18581,78857,24933,15,1699627
1516,1706585399.083079815,1706585399.182912588,1,0,0,1,67.352900256,-17.569236547,0.085356944,0.018709502,0.038061049,0.983763466,0.174386795,1200,358,0.298333333,0.042679370,0.031582288,0.021674406,0.274828587,46.760612334,0.000000000,0.311874886,0.065380734,2.769051133,0.193333969,58.218723254,0,26,26,0,0.021666667,8,0,0,0,0,1164,10,18583,78883,24941,15,1700791
1517,1706585399.182924747,1706585399.282740593,1,0,0,1,67.207959799,-17.514281200,0.093881786,0.010498241,0.043343865,0.985614669,0.163017856,1273,390,0.306362922,0.044747138,0.034556620,0.023554251,0.236712030,47.098786853,0.000000000,0.305642128,0.068127148,2.777856755,0.209580306,57.395244021,0,30,29,1,0.023566379,5,0,0,0,0,1238,5,18591,78913,24946,15,1702029
1518,1706585399.282752991,1706585399.382583380,1,0,0,1,67.062542451,-17.452377633,0.085272168,-0.004089407,0.045585036,0.987204081,0.152752685,1257,364,0.289578361,0.044436169,0.030952678,0.022285787,0.233296306,51.976717072,0.000000000,0.299767540,0.065005831,2.798077673,0.221408565,56.539979799,0,44,42,2,0.035003978,6,0,0,0,0,1207,6,18599,78957,24952,15,1703236
1519,1706585399.382595778,1706585399.482426405,1,0,0,1,66.922726487,-17.408421160,0.082941060,-0.006478343,0.047654570,0.988207548,0.145371644,1303,376,0.288564850,0.041424048,0.028202258,0.021165306,0.261547177,52.785887279,0.000000000,0.296792308,0.064738533,2.793855870,0.225085267,55.892984600,0,28,27,1,0.021488872,7,0,0,0,0,1268,7,18605,78985,24959,15,1704504
1520,1706585399.482438326,1706585399.581863880,1,0,0,1,66.785069990,-17.377913884,0.086689877,-0.006121798,0.037538242,0.988530790,0.146151568,1371,395,0.288110868,0.046199491,0.030958661,0.020839584,0.350797119,58.378138681,0.000000000,0.297202673,0.069956974,2.786991862,0.224110309,55.601459246,0,47,45,2,0.034281546,9,0,0,0,0,1315,9,18609,79032,24968,15,1705819
1521,1706585399.583086252,1706585399.682923317,1,0,0,1,66.633612567,-17.338288693,0.088975304,-0.020224176,0.029847603,0.988804717,0.144794109,1276,367,0.287617555,0.044927538,0.032203187,0.022246619,0.274313956,53.579618383,0.000000000,0.294626321,0.072296481,2.809906729,0.224461395,55.159603969,0,33,32,1,0.025862069,14,0,0,0,0,1229,14,18614,79065,24982,15,1707048
1522,1706585399.682934284,1706585399.782765150,1,0,0,1,66.499633801,-17.290665816,0.085177795,-0.020511291,0.025008694,0.988614654,0.146952092,1219,348,0.285479902,0.047379173,0.031684428,0.021338625,0.232095823,55.453653593,0.000000000,0.290736165,0.078008768,2.824754179,0.228236464,55.062727874,0,35,30,5,0.028712059,8,0,0,0,0,1176,8,18624,79100,24990,15,1708224
1523,1706585399.782777548,1706585399.882622004,1,0,0,1,66.368419137,-17.235109645,0.067077690,-0.025084932,0.034990701,0.987849563,0.149330635,1233,361,0.292781833,0.042360201,0.032739293,0.020630905,0.301892960,50.211353785,0.000000000,0.291791458,0.073910025,2.833579689,0.225721056,54.717758229,0,39,36,3,0.031630170,7,0,0,0,0,1186,8,18636,79139,24997,15,1709410
1524,1706585399.882634640,1706585399.981380701,1,0,0,1,66.237983914,-17.181190770,0.060190511,-0.028315565,0.040712952,0.985911206,0.159749112,1096,307,0.280109489,0.048711147,0.035081656,0.022845836,0.267284206,47.374813053,0.000000000,0.288233198,0.072148347,2.833675633,0.242308818,54.325778189,0,28,27,1,0.025547445,6,0,0,0,0,1062,6,18643,79167,25003,15,1710472
1525,1706585399.982465267,1706585400.080146790,1,0,0,1,66.113605480,-17.140027225,0.053873668,-0.014363341,0.037075567,0.985745070,0.163480132,1111,347,0.312331233,0.041157443,0.028779926,0.018874410,0.280295418,49.220156179,0.000000000,0.286302425,0.070793528,2.816963301,0.240688738,53.730053327,0,45,37,8,0.040504050,10,0,0,0,0,1052,14,18661,79212,25013,15,1711524
1526,1706585400.082705975,1706585400.178756475,1,0,0,1,65.978808001,-17.104010392,0.053961733,-0.019974291,0.034506612,0.985858560,0.162767386,1146,350,0.305410122,0.044101459,0.030404666,0.021137478,0.313576360,43.972894763,0.000000000,0.284826672,0.070909777,2.820850431,0.224006684,52.726143769,0,40,30,10,0.034904014,8,0,0,0,0,1093,13,18679,79252,25021,15,1712617
1527,1706585400.182536840,1706585400.282362700,1,0,0,1,65.852389609,-17.050193395,0.056709370,-0.010249732,0.037859769,0.986001287,0.162058766,1116,340,0.304659498,0.043114740,0.032499935,0.019157922,0.247911912,43.433258989,0.000000000,0.279737150,0.069921226,2.805173665,0.213830606,51.983199196,0,38,32,6,0.034050179,7,0,0,0,0,1069,9,18697,79290,25028,15,1713686
1528,1706585400.282774687,1706585400.382594109,1,0,0,1,65.725810277,-17.005356250,0.040066147,-0.005278745,0.031717128,0.986512362,0.160497720,1241,349,0.281224819,0.047338893,0.034548041,0.022510033,0.345058324,50.447863156,0.000000000,0.282063601,0.072186699,2.791878154,0.196765007,50.989028282,0,39,38,1,0.031426269,6,0,0,0,0,1196,6,18707,79329,25034,15,1714882
1529,1706585400.382606268,1706585400.482442141,1,0,0,1,65.593777509,-16.972461264,0.038417297,-0.012228240,0.029867185,0.987636381,0.153404046,1196,329,0.275083612,0.042205779,0.031682394,0.020872062,0.309739175,43.895449734,0.000000000,0.279507951,0.072379131,2.769371038,0.193274727,49.943690573,0,29,28,1,0.024247492,7,0,0,0,0,1160,7,18714,79358,25041,15,1716042
1530,1706585400.482454062,1706585400.582277298,1,0,0,1,65.459425835,-16.944110796,0.039962244,-0.013243903,0.027245920,0.988624260,0.147323902,1226,370,0.301794454,0.044577256,0.032517198,0.021892164,0.346169569,45.899477319,0.000000000,0.281058229,0.067817772,2.754755254,0.192992670,49.333408210,0,23,21,2,0.018760196,10,0,0,0,0,1193,10,18718,79381,25051,15,1717235
1531,1706585400.583087921,1706585400.682899952,1,0,0,1,65.332100959,-16.909707056,0.037598882,-0.015660056,0.028302929,0.990236238,0.135594618,1286,404,0.314152411,0.048298306,0.035409799,0.024852196,0.359431478,53.974967582,0.000000000,0.284936790,0.067530693,2.737781744,0.197616364,49.368003681,0,30,28,2,0.023328149,13,0,0,0,0,1243,13,18723,79411,25064,15,1718478
1532,1706585400.682923794,1706585400.782739639,1,0,0,1,65.212759687,-16.856944229,0.036601416,-0.017331167,0.038037456,0.990901931,0.127930235,1283,375,0.292283710,0.047817743,0.031914476,0.022557734,0.318883277,57.043317610,0.000000000,0.289174634,0.070188596,2.713572294,0.196308968,49.633822147,0,40,37,3,0.031176929,16,0,0,0,0,1227,16,18733,79451,25080,15,1719705
1533,1706585400.782751322,1706585400.881541491,1,0,0,1,65.096718515,-16.811872151,0.037941082,-0.013182075,0.034081142,0.991419719,0.125505579,1311,427,0.325705568,0.050734730,0.035552927,0.023617996,0.392466870,47.803994715,0.000000000,0.294422890,0.074396315,2.684137862,0.191075754,49.598336268,0,47,41,6,0.035850496,13,0,0,0,0,1251,13,18743,79498,25093,15,1720956
1534,1706585400.882590294,1706585400.980097771,1,0,0,1,64.978707289,-16.787398565,0.044245767,-0.009281307,0.028253640,0.991606932,0.125822424,1365,413,0.302564103,0.045332908,0.035632662,0.022550476,0.373851587,57.780883220,0.000000000,0.298938210,0.069839122,2.656924069,0.192022611,50.102519555,0,46,41,5,0.033699634,14,0,0,0,0,1305,14,18755,79544,25107,15,1722261
1535,1706585400.982416868,1706585401.082225323,1,0,0,1,64.850676087,-16.762416240,0.040038950,-0.007560393,0.020679101,0.992023782,0.124112977,1429,408,0.285514346,0.049310305,0.039925389,0.023733131,0.355867174,57.573077466,0.000000000,0.303800965,0.059797241,2.639831126,0.184643591,50.733246088,0,44,44,0,0.030790763,9,0,0,0,0,1376,9,18765,79588,25116,15,1723637
1536,1706585401.083036900,1706585401.182592154,1,0,0,1,64.744251644,-16.728389928,0.036071280,-0.004984751,0.020849003,0.991958294,0.124736583,1401,448,0.319771592,0.051305954,0.037563286,0.025524529,0.368516100,62.529682590,0.000000000,0.308485341,0.064024761,2.596389803,0.162262803,51.521699601,0,54,50,4,0.038543897,14,0,0,0,0,1333,14,18787,79642,25130,15,1724970
1537,1706585401.182878733,1706585401.281247616,1,0,0,1,64.610513718,-16.680188389,0.032544021,-0.002964387,0.022511950,0.991431481,0.128639197,1422,447,0.314345992,0.049852293,0.031882255,0.023287171,0.360640654,61.823351782,0.000000000,0.314681772,0.066262404,2.580313253,0.148120436,52.257927848,0,52,48,4,0.036568214,19,0,0,0,0,1351,19,18803,79694,25149,15,1726321
1538,1706585401.282732248,1706585401.379884481,1,0,0,1,64.478389125,-16.637588540,0.030002556,-0.005505944,0.024112643,0.990788156,0.133143135,1473,446,0.302783435,0.051188984,0.038069352,0.024568649,0.337030476,60.356126256,0.000000000,0.319868481,0.069527701,2.572577493,0.141908526,52.676898307,0,71,64,7,0.048200950,13,0,0,0,0,1386,16,18832,79765,25162,15,1727707
1539,1706585401.382567167,1706585401.478581905,1,0,0,1,64.350004785,-16.607432514,0.026241813,-0.003786872,0.024617761,0.989717317,0.140851902,1434,458,0.319386332,0.045021509,0.030326935,0.021886763,0.371084260,57.604681412,0.000000000,0.325345335,0.065267305,2.563463252,0.155689679,52.917838013,0,73,64,9,0.050906555,13,0,0,0,0,1343,18,18860,79838,25175,15,1729050
1540,1706585401.482413530,1706585401.582212210,1,0,0,1,64.221701478,-16.565296637,0.018479456,-0.003645839,0.027754956,0.988507929,0.148554520,1350,407,0.301481481,0.047677279,0.033908769,0.020896471,0.304948517,56.807470214,0.000000000,0.323052905,0.065348619,2.542159421,0.167989585,52.839304590,0,52,50,2,0.038518519,12,0,0,0,0,1284,14,18877,79890,25187,15,1730334
1541,1706585401.583046913,1706585401.682875872,1,0,0,1,64.089471434,-16.512098344,0.008866414,-0.003973362,0.030630124,0.987610341,0.153856500,1362,399,0.292951542,0.047569462,0.036770652,0.022297914,0.318643028,50.689854012,0.000000000,0.325269358,0.064756291,2.542771792,0.174069475,52.694816371,0,48,46,2,0.035242291,13,0,0,0,0,1301,13,18894,79938,25200,15,1731635
1542,1706585401.682888269,1706585401.782717705,1,0,0,1,63.951935421,-16.466973099,0.008064946,-0.000598105,0.032406737,0.987813469,0.152230078,1299,398,0.306389530,0.041792984,0.032283669,0.021968483,0.336350492,48.084520338,0.000000000,0.330482092,0.069052303,2.543887285,0.173067356,52.326359709,0,60,58,2,0.046189376,8,0,0,0,0,1231,8,18918,79998,25208,15,1732866
1543,1706585401.782730103,1706585401.882553101,1,0,0,1,63.820501439,-16.405724377,0.002214570,-0.002707243,0.036250980,0.988508674,0.146728112,1352,405,0.299556213,0.044199200,0.035474019,0.021579690,0.332281633,48.961404340,0.000000000,0.332001525,0.066892757,2.547701467,0.163775104,52.263862236,0,58,55,3,0.042899408,5,0,0,0,0,1289,5,18940,80056,25213,15,1734155
1544,1706585401.882564545,1706585401.982387781,1,0,0,1,63.692313098,-16.357341558,-0.007504166,-0.002428188,0.037021904,0.988943452,0.143576917,1376,439,0.319040698,0.040065796,0.027857241,0.019230410,0.309168773,52.620176635,0.000000000,0.334095754,0.073180606,2.553895561,0.161631880,52.526130416,0,46,40,6,0.033430233,10,0,0,0,0,1320,10,18953,80102,25223,15,1735475
1545,1706585401.982400656,1706585402.082230330,1,0,0,1,63.561151977,-16.322429910,-0.008136718,-0.002537587,0.035026623,0.989320202,0.141464604,1419,438,0.308668076,0.042322901,0.029933706,0.019517353,0.343051635,57.323807344,0.000000000,0.337233565,0.071416728,2.550098663,0.164255699,52.931312974,0,56,56,0,0.039464412,9,0,0,0,0,1354,9,18971,80158,25232,15,1736829
1546,1706585402.083040237,1706585402.180901766,1,0,0,1,63.435654238,-16.297120104,-0.007867061,0.003871638,0.031952512,0.989360652,0.141878636,1452,460,0.316804408,0.046316331,0.030826812,0.021158554,0.332933649,53.320385781,0.000000000,0.338201429,0.070489391,2.540699167,0.164486724,53.398687525,0,61,57,4,0.042011019,13,0,0,0,0,1378,13,18992,80219,25245,15,1738207
1547,1706585402.182873726,1706585402.279499292,1,0,0,1,63.307348047,-16.254471227,-0.005234374,-0.000345667,0.032345132,0.989373549,0.141752085,1455,455,0.312714777,0.041693095,0.028870613,0.019983813,0.362279966,53.038033408,0.000000000,0.343919832,0.072394581,2.540620227,0.162296057,53.878926246,0,62,60,2,0.042611684,12,0,0,0,0,1381,12,19004,80281,25257,15,1739588
1548,1706585402.282716990,1706585402.382550001,1,0,0,1,63.163209922,-16.207165150,-0.009032436,0.003024257,0.035174501,0.988957437,0.143933303,1460,462,0.316438356,0.042337875,0.028552709,0.020087648,0.346486313,48.802349606,0.000000000,0.343991231,0.074819691,2.556291476,0.152238429,53.796650568,0,69,66,3,0.047260274,14,0,0,0,0,1377,14,19030,80350,25271,15,1740965
1549,1706585402.382562876,1706585402.482289076,1,0,0,1,63.020888322,-16.164397912,-0.007551163,0.002139312,0.032215887,0.988918730,0.144904470,1456,483,0.331730769,0.042065048,0.030554511,0.018731978,0.295709964,52.618629651,0.000000000,0.343289771,0.075001879,2.567588316,0.141894863,54.232809564,0,74,70,4,0.050824176,5,0,0,0,0,1376,6,19058,80424,25276,15,1742341
1550,1706585402.482401133,1706585402.580944300,1,0,0,1,62.874293324,-16.116171846,-0.014568420,-0.001881651,0.032110396,0.988463494,0.148004398,1438,473,0.328929068,0.038937391,0.031162287,0.020786070,0.275559712,50.217292586,0.000000000,0.339759278,0.082437445,2.590159418,0.124073978,54.448700327,0,64,63,1,0.044506259,9,0,0,0,0,1365,9,19085,80488,25285,15,1743706
1551,1706585402.583028793,1706585402.679667950,1,0,0,1,62.726751559,-16.066896453,-0.009069675,0.001662001,0.026065593,0.987832694,0.153311418,1403,494,0.352102637,0.040745943,0.028739061,0.019802405,0.267441514,52.323615600,0.000000000,0.335159780,0.085267264,2.615320753,0.119110316,54.366132728,0,67,56,11,0.047754811,11,0,0,0,0,1322,14,19108,80555,25296,15,1745028
1552,1706585402.682874680,1706585402.782701492,1,0,0,1,62.571757505,-16.008643239,-0.006279840,0.002229344,0.024457625,0.987566204,0.155273460,1412,455,0.322237960,0.037227519,0.025668206,0.016546665,0.267136968,51.381408475,0.000000000,0.332572464,0.093689537,2.656429485,0.118620842,54.083037272,0,84,80,4,0.059490085,12,0,0,0,0,1314,14,19136,80639,25308,15,1746342
1553,1706585402.782713175,1706585402.882534266,1,0,0,1,62.431256664,-15.946435405,-0.009015244,-0.000358612,0.028945448,0.987356427,0.155850308,1361,465,0.341660544,0.039966721,0.031914682,0.020810207,0.264945022,49.439481332,0.000000000,0.326196372,0.092376152,2.689423257,0.118613688,54.164811602,0,59,55,4,0.043350478,10,0,0,0,0,1292,10,19157,80698,25318,15,1747634
1554,1706585402.882546186,1706585402.982394218,1,0,0,1,62.276459630,-15.905473059,-0.010757468,-0.000331304,0.026963438,0.987362506,0.156167041,1374,457,0.332605531,0.039439495,0.025704388,0.017249033,0.273777341,45.712523774,0.000000000,0.321192660,0.095763992,2.719044185,0.116068225,53.561393630,0,63,58,5,0.045851528,10,0,0,0,0,1301,10,19174,80761,25328,15,1748935
1555,1706585402.982406378,1706585403.082241297,1,0,0,1,62.127134385,-15.861188633,-0.007622054,-0.000906786,0.027293841,0.987725215,0.153795720,1378,481,0.349056604,0.040197819,0.026222262,0.018138363,0.260562224,51.040988129,0.000000000,0.316427412,0.094168676,2.763027166,0.119554212,53.234789163,0,68,67,1,0.049346880,16,0,0,0,0,1294,16,19199,80829,25344,15,1750229
1556,1706585403.083051682,1706585403.182869434,1,0,0,1,62.000914175,-15.827600257,-0.017845096,0.003362182,0.028715556,0.988185345,0.150511916,1399,471,0.336669049,0.043606344,0.030736615,0.021811170,0.273100931,47.849978042,0.000000000,0.311656654,0.085478443,2.751836604,0.118047891,52.500803936,0,53,49,4,0.037884203,9,0,0,0,0,1337,9,19215,80882,25353,15,1751566
1557,1706585403.182882309,1706585403.282716990,1,0,0,1,61.867921051,-15.791123501,-0.015176955,0.001767524,0.028108311,0.988945886,0.145577588,1447,488,0.337249482,0.040692727,0.028288668,0.018594905,0.297516327,47.351914156,0.000000000,0.308500437,0.079125684,2.750921532,0.119155038,51.777232055,0,78,76,2,0.053904630,11,0,0,0,0,1358,11,19242,80960,25364,15,1752924
1558,1706585403.282728195,1706585403.382278681,1,0,0,1,61.744168590,-15.748164218,-0.016266917,0.001252760,0.023837576,0.990082057,0.138447542,1562,553,0.354033291,0.040993290,0.026434242,0.018938058,0.308058713,49.899209340,0.000000000,0.307051849,0.065523787,2.749990845,0.117936736,51.254386209,0,86,83,3,0.055057618,14,0,0,0,0,1462,14,19267,81046,25378,15,1754386
1559,1706585403.382578373,1706585403.481076479,1,0,0,1,61.596749781,-15.713496269,-0.026546245,-0.014556510,0.022906569,0.991417045,0.127889172,1597,578,0.361928616,0.040602019,0.025827215,0.017718669,0.322266557,45.876076493,0.000000000,0.304610964,0.064365376,2.766511660,0.124328094,50.667955963,0,89,84,5,0.055729493,16,0,0,0,0,1492,16,19293,81135,25394,15,1755878
1560,1706585403.482426882,1706585403.582250834,1,0,0,1,61.437794180,-15.667608440,-0.029954138,-0.024590780,0.025682150,0.992431015,0.117543186,1432,523,0.365223464,0.036195584,0.024478053,0.015795082,0.222220558,49.108874134,0.000000000,0.300474566,0.063691377,2.789139392,0.134979317,50.283026159,0,78,74,4,0.054469274,12,0,0,0,0,1342,12,19325,81213,25406,15,1757220
1561,1706585403.583060741,1706585403.682903051,1,0,0,1,61.296000900,-15.613659849,-0.027608238,-0.022042321,0.029453669,0.992788631,0.114093608,1443,493,0.341649342,0.035324386,0.022420161,0.014693043,0.228960924,43.590574818,0.000000000,0.295990461,0.062296348,2.796115264,0.138910645,49.928062199,0,88,85,3,0.060984061,8,0,0,0,0,1347,8,19351,81301,25414,15,1758567
1562,1706585403.682915211,1706585403.781849861,1,0,0,1,61.165186353,-15.566200582,-0.024735840,-0.015706216,0.035744610,0.992314903,0.117417080,1473,531,0.360488798,0.033108380,0.022120219,0.014675183,0.205237141,49.991282885,0.000000000,0.289434793,0.074869925,2.790180024,0.134337733,50.023400326,0,78,74,4,0.052953157,6,0,0,0,0,1389,6,19370,81379,25420,15,1759956
1563,1706585403.782759190,1706585403.880657673,1,0,0,1,61.044713935,-15.548060394,-0.010161617,-0.002003762,0.024650802,0.992420057,0.120377545,1554,569,0.366151866,0.035767413,0.024343032,0.016616269,0.209668456,48.938184438,0.000000000,0.283304134,0.076038111,2.775519770,0.134928754,50.022239331,0,99,95,4,0.063706564,11,0,0,0,0,1441,14,19392,81478,25431,15,1761397
1564,1706585403.882591724,1706585403.979547024,1,0,0,1,60.951333505,-15.552178861,-0.017458360,0.023020565,0.003671953,0.991017277,0.131686473,1721,625,0.363160953,0.040602941,0.025367105,0.016826649,0.307789392,51.567757998,0.000000000,0.283235165,0.076084666,2.733545978,0.154021265,49.969618399,0,80,76,4,0.046484602,23,0,0,0,0,1616,25,19418,81558,25454,15,1763013
1565,1706585403.982431889,1706585404.082262754,1,0,0,1,60.821643022,-15.542345982,-0.011002072,0.019446708,-0.011909718,0.991155363,0.130732665,1762,641,0.363791146,0.048753784,0.033478082,0.021189796,0.309635508,47.715670678,0.000000000,0.281564359,0.088715839,2.735744059,0.155357770,49.489211566,0,108,101,7,0.061293984,22,0,0,0,0,1632,22,19454,81666,25476,15,1764645
1566,1706585404.083072901,1706585404.182896614,1,0,0,1,60.681594796,-15.500397533,-0.020966950,0.004172649,-0.004373652,0.991542144,0.129644273,1751,665,0.379782981,0.048678592,0.029162757,0.019913347,0.304750592,47.259675538,0.000000000,0.280155206,0.094184474,2.747044581,0.156742076,49.186176054,0,100,94,6,0.057110223,23,0,0,0,0,1628,23,19481,81766,25499,15,1766273
1567,1706585404.182907820,1706585404.282730341,1,0,0,1,60.552878498,-15.436939491,-0.024429270,-0.000141241,0.011621721,0.991503803,0.129557415,1697,632,0.372421921,0.041911868,0.030815234,0.019377018,0.277702982,51.843980751,0.000000000,0.275926357,0.094262326,2.738845167,0.152298343,49.126473421,0,99,95,4,0.058338244,14,0,0,0,0,1584,14,19505,81865,25513,15,1767857
1568,1706585404.282742262,1706585404.382566690,1,0,0,1,60.434621555,-15.370517751,-0.030873487,-0.000654215,0.028621820,0.990473756,0.134692622,1609,597,0.371037912,0.040333409,0.026766134,0.017341553,0.283968488,45.628270301,0.000000000,0.272800466,0.093821844,2.726016217,0.160620589,48.967769456,0,58,57,1,0.036047234,9,0,0,0,0,1542,9,19511,81923,25522,15,1769399
1569,1706585404.382579088,1706585404.482409000,1,0,0,1,60.305505541,-15.306070535,-0.044543010,-0.005287221,0.045176661,0.989433517,0.137667826,1625,606,0.372923077,0.039688686,0.025572191,0.017620410,0.276664138,46.950985116,0.000000000,0.271848175,0.093566109,2.716485481,0.160031392,48.684387229,0,72,69,3,0.044307692,12,0,0,0,0,1541,12,19517,81995,25534,15,1770940
1570,1706585404.482419968,1706585404.582262993,1,0,0,1,60.168193429,-15.260246727,-0.042709154,-0.000963611,0.041117997,0.989373480,0.139457873,1585,547,0.345110410,0.038221097,0.025260989,0.018416353,0.273261532,45.066851305,0.000000000,0.271733266,0.094015533,2.705603732,0.153081417,48.426865165,0,55,52,3,0.034700315,6,0,0,0,0,1524,6,19521,82050,25540,15,1772464
1571,1706585404.583072901,1706585404.682901144,1,0,0,1,60.042160033,-15.243292605,-0.029680294,0.007128082,0.016746906,0.988464113,0.150357669,1545,558,0.361165049,0.032878829,0.024578538,0.016761841,0.258190022,48.101035123,0.000000000,0.271270691,0.102754366,2.667834971,0.171623606,48.215736141,0,58,56,2,0.037540453,3,0,0,0,0,1484,3,19528,82108,25543,15,1773948
1572,1706585404.682911634,1706585404.782739162,1,0,0,1,59.908208842,-15.214551307,-0.021112954,0.006848099,0.007906304,0.987190598,0.159202128,1508,542,0.359416446,0.035538798,0.023222959,0.014742167,0.205287091,45.214496581,0.000000000,0.268178197,0.104674365,2.651421746,0.188428013,47.907390547,0,48,44,4,0.031830239,9,0,0,0,0,1451,9,19533,82156,25552,15,1775399
1573,1706585404.782751083,1706585404.882571220,1,0,0,1,59.778549617,-15.176522277,-0.022842753,0.004172245,0.005824269,0.986754034,0.162065252,1442,523,0.362690707,0.032599357,0.020342986,0.014354234,0.222499259,41.390237089,0.000000000,0.266055909,0.112574317,2.626419415,0.193502754,47.504928334,0,48,44,4,0.033287101,6,0,0,0,0,1388,6,19539,82204,25558,15,1776787
1574,1706585404.882582426,1706585404.982401848,1,0,0,1,59.651651071,-15.117854973,-0.029383668,0.002300409,0.012739092,0.986350545,0.164149400,1435,490,0.341463415,0.033742977,0.021674119,0.014119574,0.225801462,41.209271965,0.000000000,0.263657115,0.117495603,2.610591100,0.192879318,47.279765744,0,47,47,0,0.032752613,3,0,0,0,0,1385,3,19542,82251,25561,15,1778172
1575,1706585404.982413769,1706585405.081666231,1,0,0,1,59.519629605,-15.055845289,-0.032706950,-0.002642691,0.019215804,0.986174053,0.164573710,1350,468,0.346666667,0.030420447,0.019027401,0.013492851,0.190159957,41.792566695,0.000000000,0.260137002,0.128121140,2.625475693,0.187138075,46.817344672,0,34,33,1,0.025185185,3,0,0,0,0,1313,3,19546,82285,25564,15,1779485
1576,1706585405.083049774,1706585405.180385828,1,0,0,1,59.401373732,-14.991067785,-0.035554138,-0.001516114,0.026761186,0.986134826,0.163767045,1352,473,0.349852071,0.034365920,0.022348316,0.015131961,0.239961116,42.226518214,0.000000000,0.258480011,0.127855973,2.622410543,0.178747878,46.536171681,0,30,29,1,0.022189349,9,0,0,0,0,1311,11,19547,82315,25573,15,1780796
1577,1706585405.182894468,1706585405.279110432,1,0,0,1,59.291076226,-14.942749934,-0.049088239,-0.003155129,0.032548411,0.985407011,0.167043912,1333,464,0.348087022,0.032752494,0.019450267,0.012385177,0.256631241,40.522061218,0.000000000,0.256435757,0.131570995,2.612583948,0.170813222,46.194679034,0,36,35,1,0.027006752,5,0,0,0,0,1289,8,19546,82351,25578,15,1782085
1578,1706585405.282741547,1706585405.382568359,1,0,0,1,59.155940749,-14.900542562,-0.053414955,-0.002116005,0.031012576,0.985684664,0.165709040,1283,442,0.344505066,0.036226828,0.021240461,0.014210365,0.229753361,44.695367928,0.000000000,0.252520489,0.130978747,2.602434771,0.151518661,45.934486963,0,41,37,4,0.031956352,10,0,0,0,0,1230,12,19550,82392,25588,15,1783315
1579,1706585405.382580757,1706585405.482418299,1,0,0,1,59.024953073,-14.845233767,-0.054406559,-0.001872854,0.034639350,0.985755362,0.164569057,1319,443,0.335860500,0.032760472,0.019805603,0.013210378,0.270630665,40.119324585,0.000000000,0.249938694,0.133462789,2.579142452,0.132553319,45.646649368,0,21,19,2,0.015921152,5,0,0,0,0,1293,5,19553,82413,25593,15,1784608
1580,1706585405.482429743,1706585405.582248211,1,0,0,1,58.890242956,-14.801663000,-0.053373858,-0.001093491,0.035097591,0.987196531,0.155595543,1311,423,0.322654462,0.031575784,0.019549255,0.013818146,0.247589868,42.595470833,0.000000000,0.251207160,0.138057100,2.568999710,0.143631472,45.320979203,0,23,23,0,0.017543860,5,0,0,0,0,1283,5,19554,82436,25598,15,1785891
1581,1706585405.583060265,1706585405.682877302,1,0,0,1,58.751045046,-14.760712430,-0.056041382,0.004904981,0.032673215,0.988976285,0.144340951,1410,437,0.309929078,0.033898367,0.023189620,0.015985716,0.262430968,46.039344051,0.000000000,0.252880662,0.139133051,2.574933568,0.159236569,45.443417665,0,25,23,2,0.017730496,7,0,0,0,0,1378,7,19557,82461,25605,15,1787269
1582,1706585405.682888746,1706585405.782715082,1,0,0,1,58.616032269,-14.729611632,-0.050808646,0.005497198,0.027668093,0.990063825,0.137760225,1506,490,0.325365206,0.037809389,0.024857228,0.016953493,0.407376640,47.585067574,0.000000000,0.262987637,0.136553776,2.590881794,0.165546364,45.323106899,0,47,45,2,0.031208499,9,0,0,0,0,1450,9,19561,82508,25614,15,1788719
1583,1706585405.782726526,1706585405.882553101,1,0,0,1,58.497150404,-14.701574267,-0.052134402,0.004430935,0.027869909,0.990760898,0.132651719,1543,516,0.334413480,0.038601014,0.023505193,0.016094184,0.378882857,48.755643024,0.000000000,0.271448357,0.136173518,2.619276733,0.152578538,45.313979828,0,35,33,2,0.022683085,9,0,0,0,0,1499,9,19565,82543,25623,15,1790218
1584,1706585405.882565498,1706585405.982393742,1,0,0,1,58.386061491,-14.677241234,-0.034705892,0.007943383,0.023829399,0.991093368,0.130778436,1514,502,0.331571995,0.041378165,0.029436862,0.019198822,0.400857692,47.211345660,0.000000000,0.276101772,0.136836614,2.604104290,0.153573163,45.096159211,0,32,31,1,0.021136063,9,0,0,0,0,1473,9,19570,82575,25632,15,1791691
1585,1706585405.982406378,1706585406.082243681,1,0,0,1,58.260271509,-14.647871469,-0.032823465,0.004305471,0.019417639,0.991197810,0.130886671,1506,479,0.318061089,0.039581529,0.025556953,0.018006108,0.422697842,51.488892490,0.000000000,0.281754889,0.119235981,2.586756256,0.151685620,45.284820302,0,27,26,1,0.017928287,6,0,0,0,0,1473,6,19572,82602,25638,15,1793164
1586,1706585406.083054304,1706585406.182883263,1,0,0,1,58.127245996,-14.603893242,-0.035476943,0.001099433,0.019916028,0.991313919,0.129995603,1493,472,0.316141996,0.047106154,0.030517849,0.020714407,0.440497183,47.596707754,0.000000000,0.288542218,0.113805555,2.583337349,0.153446762,45.301671913,0,44,42,2,0.029470864,7,0,0,0,0,1442,7,19575,82646,25645,15,1794606
1587,1706585406.182895660,1706585406.282721281,1,0,0,1,57.992504598,-14.565550444,-0.028063689,-0.001098904,0.024318349,0.991221974,0.129947712,1465,442,0.301706485,0.046571915,0.030512756,0.022249745,0.338296459,53.179688540,0.000000000,0.291571892,0.124047873,2.587837203,0.143423751,45.368457302,0,41,36,5,0.027986348,11,0,0,0,0,1413,11,19584,82687,25656,15,1796019
1588,1706585406.282732964,1706585406.381472826,1,0,0,1,57.863722556,-14.524058261,-0.033630304,-0.005011215,0.020812651,0.991331636,0.129627580,1416,441,0.311440678,0.042298634,0.031032418,0.021321054,0.384285314,52.088795599,0.000000000,0.296587734,0.126294662,2.578300310,0.138761734,45.691483567,0,35,33,2,0.024717514,4,0,0,0,0,1376,5,19588,82722,25660,15,1797395
1589,1706585406.382582426,1706585406.480220795,1,0,0,1,57.730002662,-14.481937430,-0.026470990,-0.004687775,0.020577332,0.991713758,0.126721821,1369,400,0.292184076,0.041995627,0.027620841,0.018893529,0.402125272,51.192830994,0.000000000,0.302860790,0.128471636,2.573911810,0.140574190,45.903575861,0,40,38,2,0.029218408,9,0,0,0,0,1316,13,19595,82762,25669,15,1798711
1590,1706585406.482429028,1706585406.579003572,1,0,0,1,57.605054820,-14.442773358,-0.033402155,-0.003292039,0.026934364,0.991924126,0.123896045,1425,435,0.305263158,0.040389976,0.026716695,0.017695868,0.331940660,53.222191210,0.000000000,0.305794747,0.129462002,2.577202744,0.123748509,46.311342856,0,32,30,2,0.022456140,5,0,0,0,0,1388,5,19599,82794,25674,15,1800099
1591,1706585406.583060265,1706585406.682874680,1,0,0,1,57.477295470,-14.416998857,-0.041165510,0.001174904,0.021874287,0.992345487,0.121534234,1401,421,0.300499643,0.046587819,0.028943870,0.018960567,0.372841440,64.437658112,0.000000000,0.311527318,0.135392564,2.570499520,0.110448644,47.128174006,0,32,29,3,0.022840828,10,0,0,0,0,1358,11,19603,82826,25684,15,1801457
1592,1706585406.682886362,1706585406.782718658,1,0,0,1,57.349527899,-14.386578810,-0.050977933,-0.004793061,0.018228049,0.992524460,0.120581763,1379,411,0.298042059,0.043631475,0.030704576,0.019968462,0.364649820,66.638928588,0.000000000,0.319495454,0.137173410,2.567072342,0.106826549,48.199395606,0,26,25,1,0.018854242,9,0,0,0,0,1344,9,19605,82852,25693,15,1802801
1593,1706585406.782731295,1706585406.882553339,1,0,0,1,57.216253239,-14.350867194,-0.060760611,-0.006431105,0.019862686,0.992273684,0.122299022,1343,398,0.296351452,0.037994721,0.027045745,0.017727594,0.373925832,62.837169016,0.000000000,0.327066783,0.132066823,2.565438294,0.105999168,49.271742202,0,23,20,3,0.017125838,5,0,0,0,0,1315,5,19609,82875,25698,15,1804116
1594,1706585406.882565022,1706585406.982408762,1,0,0,1,57.083793023,-14.315405879,-0.051470628,-0.008111440,0.010060735,0.992022007,0.125400651,1337,399,0.298429319,0.039306136,0.027000987,0.018671360,0.362778093,61.486354593,0.000000000,0.333915614,0.128121297,2.556980510,0.111707746,50.285596334,0,12,11,1,0.008975318,4,0,0,0,0,1321,4,19612,82887,25702,15,1805437
1595,1706585406.982421160,1706585407.082252264,1,0,0,1,56.956206307,-14.284082297,-0.040111568,-0.010799297,0.008870055,0.991607740,0.128525435,1401,410,0.292648108,0.041995542,0.029588412,0.019640543,0.406662515,67.446524475,0.000000000,0.344740742,0.117510407,2.553980794,0.116330985,51.568294223,0,30,25,5,0.021413276,6,0,0,0,0,1365,6,19620,82917,25708,15,1806802
1596,1706585407.083060980,1706585407.182307243,1,0,0,1,56.838787931,-14.242283474,-0.050424225,-0.001975217,0.015077365,0.991235624,0.131227701,1342,394,0.293591654,0.041508628,0.031257470,0.018646137,0.387311025,65.927461344,0.000000000,0.352108237,0.113331578,2.557868272,0.115372002,52.753341379,0,21,20,1,0.015648286,6,0,0,0,0,1315,6,19621,82938,25714,15,1808117
1597,1706585407.182905197,1706585407.280933142,1,0,0,1,56.719446073,-14.199370596,-0.059124293,0.003931570,0.026455123,0.990592167,0.134208149,1432,427,0.298184358,0.047832160,0.035578740,0.021422978,0.520882504,62.835210451,0.000000000,0.365320801,0.112113784,2.543349410,0.118962913,53.868998841,0,28,23,5,0.019553073,10,0,0,0,0,1393,11,19624,82966,25724,15,1809510
1598,1706585407.282755136,1706585407.379606009,1,0,0,1,56.597249535,-14.154888039,-0.049848300,0.005443751,0.025013397,0.990212096,0.137203134,1400,411,0.293571429,0.042118760,0.030145540,0.021748410,0.408153060,56.796591888,0.000000000,0.374240786,0.109004610,2.531531569,0.122736776,54.474060039,0,27,24,3,0.019285714,10,0,0,0,0,1361,12,19626,82993,25734,15,1810871
1599,1706585407.382601976,1706585407.482430935,1,0,0,1,56.479212709,-14.118459278,-0.056011172,0.007253517,0.027398839,0.989776772,0.139780658,1398,411,0.293991416,0.043646942,0.031823667,0.018965289,0.409146981,64.641182969,0.000000000,0.381166601,0.098858664,2.513630617,0.109924912,55.700152958,0,26,25,1,0.018597997,8,0,0,0,0,1364,8,19630,83019,25742,15,1812235
1600,1706585407.482442856,1706585407.582271338,1,0,0,1,56.366692871,-14.078794791,-0.056588800,0.008714699,0.030448109,0.990061330,0.137023828,1412,392,0.277620397,0.042470409,0.029408449,0.018181582,0.396039481,59.232556755,0.000000000,0.388589082,0.081815661,2.487817220,0.093034487,56.532007254,0,32,31,1,0.022662890,7,0,0,0,0,1373,7,19631,83051,25749,15,1813608
1601,1706585407.583081722,1706585407.681354761,1,0,0,1,56.239101712,-14.044613047,-0.063390868,0.005575581,0.029888223,0.990517018,0.133983745,1394,425,0.304878049,0.043654724,0.027212224,0.017917031,0.389133490,64.975264231,0.000000000,0.394924208,0.068855880,2.481435363,0.086112367,57.478803263,0,23,20,3,0.016499283,11,0,0,0,0,1360,11,19636,83074,25760,15,1814968
1602,1706585407.682914734,1706585407.780169487,1,0,0,1,56.116617575,-14.013189526,-0.061149105,0.007161655,0.030458721,0.991439826,0.126759806,1401,419,0.299072091,0.043677692,0.030803970,0.019642087,0.458820484,65.765108575,0.000000000,0.397496400,0.064171861,2.485755499,0.090206435,58.387805313,0,22,20,2,0.015703069,6,0,0,0,0,1373,6,19641,83096,25766,15,1816341
1603,1706585407.782753229,1706585407.882596731,1,0,0,1,55.970534287,-13.978047810,-0.076977537,0.001294935,0.040569256,0.991949789,0.119950298,1371,402,0.293216630,0.043077844,0.026462294,0.017293284,0.357418358,70.246918170,0.000000000,0.396423175,0.060117601,2.521787211,0.100740506,59.462369071,0,20,20,0,0.014587892,7,0,0,0,0,1339,12,19642,83116,25773,15,1817680
1604,1706585407.882608891,1706585407.982436657,1,0,0,1,55.833439647,-13.926212505,-0.076949179,-0.003495500,0.036592717,0.992661330,0.115205202,1384,429,0.309971098,0.042714589,0.029442242,0.018753851,0.382843416,69.203478234,0.000000000,0.395522462,0.059521046,2.539167190,0.110581476,60.561975699,0,30,27,3,0.021676301,7,0,0,0,0,1346,8,19651,83146,25780,15,1819026
1605,1706585407.982448578,1706585408.082279205,1,0,0,1,55.695815067,-13.888155544,-0.070927772,-0.004202457,0.032979089,0.993181923,0.111733553,1339,434,0.324122479,0.040284632,0.028064983,0.017757048,0.383737963,66.884770795,0.000000000,0.393574468,0.058505215,2.541951882,0.115631880,61.331769615,0,20,20,0,0.014936520,9,0,0,0,0,1310,9,19652,83166,25789,15,1820336
1606,1706585408.083091497,1706585408.182909250,1,0,0,1,55.539981246,-13.857302206,-0.078152012,-0.014157023,0.034326209,0.993176789,0.110549336,1320,402,0.304545455,0.043053136,0.028503774,0.018050810,0.296017286,67.019754997,0.000000000,0.386350473,0.054395830,2.560688085,0.118426575,62.302921977,0,26,25,1,0.019696970,6,0,0,0,0,1288,6,19654,83192,25795,15,1821624
1607,1706585408.182920933,1706585408.282743692,1,0,0,1,55.385763711,-13.813135344,-0.088479452,-0.014702367,0.036502577,0.992936221,0.111933295,1249,370,0.296236990,0.037615082,0.026361710,0.016826952,0.294068313,61.250245408,0.000000000,0.384139065,0.056866468,2.586021962,0.120334712,62.706449820,0,20,19,1,0.016012810,3,0,0,0,0,1226,3,19655,83212,25798,15,1822850
1608,1706585408.282755375,1706585408.382593155,1,0,0,1,55.241265585,-13.766113578,-0.087954216,-0.018420246,0.040097083,0.992511911,0.113899186,1250,384,0.307200000,0.040853725,0.031675610,0.018389854,0.284341788,63.225106781,0.000000000,0.379141889,0.057445846,2.597599701,0.118064565,63.263265379,0,22,22,0,0.017600000,7,0,0,0,0,1221,7,19656,83234,25805,15,1824071
1609,1706585408.382604837,1706585408.482132196,1,0,0,1,55.097088492,-13.734236781,-0.098817999,-0.022969803,0.039592560,0.992263565,0.115402927,1185,372,0.313924051,0.035990903,0.027292969,0.017597573,0.276284728,59.710512770,0.000000000,0.372849862,0.066324281,2.614532509,0.115106820,63.689149468,0,25,22,3,0.021097046,7,0,0,0,0,1153,7,19658,83259,25812,15,1825224
1610,1706585408.482456684,1706585408.580778122,1,0,0,1,54.975498217,-13.706851123,-0.096837125,-0.020677113,0.038701869,0.991874245,0.119415678,1200,367,0.305833333,0.039186942,0.029475288,0.020038380,0.289220219,60.757307789,0.000000000,0.370713840,0.067497082,2.608620060,0.118866906,64.065905297,0,18,17,1,0.015000000,4,0,0,0,0,1178,4,19663,83277,25816,15,1826402
1611,1706585408.583099604,1706585408.682925224,1,0,0,1,54.860123314,-13.668300966,-0.109562224,-0.018941258,0.046151639,0.991312263,0.121701486,1225,380,0.310204082,0.043035004,0.027922112,0.017471419,0.282846551,60.275464072,0.000000000,0.366214095,0.063032543,2.599223701,0.121116452,63.857795595,0,25,23,2,0.020408163,9,0,0,0,0,1190,10,19665,83302,25825,15,1827592
1612,1706585408.682937145,1706585408.782768488,1,0,0,1,54.728235661,-13.627638857,-0.113936417,-0.027882881,0.044033344,0.990726754,0.125475527,1162,366,0.314974182,0.040263426,0.027198663,0.018054063,0.297960000,54.591438537,0.000000000,0.362879604,0.062746770,2.598983976,0.124834522,63.255421093,0,23,20,3,0.019793460,6,0,0,0,0,1133,6,19669,83325,25831,15,1828725
1613,1706585408.782781124,1706585408.882185459,1,0,0,1,54.619551520,-13.599419300,-0.107701879,-0.019297745,0.036997976,0.991307208,0.124774863,1170,363,0.310256410,0.037796781,0.026890150,0.017628991,0.289117014,56.382189359,0.000000000,0.358639163,0.063091644,2.574005740,0.118945184,62.932672110,0,20,20,0,0.017094017,5,0,0,0,0,1145,5,19670,83345,25836,15,1829870
1614,1706585408.882621527,1706585408.980966568,1,0,0,1,54.495023764,-13.559937430,-0.111686150,-0.020760617,0.031677312,0.991560273,0.123991003,1217,364,0.299096138,0.037794758,0.029256025,0.016773189,0.271776770,57.551131189,0.000000000,0.354089097,0.065206311,2.572837600,0.114054199,62.735910939,0,22,19,3,0.018077239,4,0,0,0,0,1188,7,19674,83367,25840,15,1831058
1615,1706585408.982450247,1706585409.079840183,1,0,0,1,54.371799530,-13.511118153,-0.116451963,-0.015830294,0.036807165,0.991338413,0.125071121,1179,376,0.318914334,0.038502016,0.026780625,0.019371376,0.301824791,59.101830427,0.000000000,0.348847211,0.067172914,2.580403572,0.110751818,62.318676237,0,27,22,5,0.022900763,4,0,0,0,0,1145,7,19680,83394,25844,15,1832203
1616,1706585409.083098650,1706585409.182935476,1,0,0,1,54.245405562,-13.479619275,-0.130851350,-0.012414274,0.034668122,0.991502282,0.124768713,1208,381,0.315397351,0.033011268,0.024592064,0.013924312,0.265912928,56.655268519,0.000000000,0.342777306,0.080834267,2.584336081,0.104868745,61.855066596,0,16,12,4,0.013245033,7,0,0,0,0,1183,9,19685,83410,25851,15,1833386
1617,1706585409.182947397,1706585409.282773495,1,0,0,1,54.113750305,-13.442482475,-0.125548582,-0.010712157,0.034577291,0.991963374,0.121236651,1275,386,0.302745098,0.039034179,0.028210916,0.018353384,0.291702506,62.707681296,0.000000000,0.331318306,0.071792619,2.590860014,0.105761645,61.848690138,0,18,18,0,0.014117647,8,0,0,0,0,1249,8,19689,83428,25859,15,1834635
1618,1706585409.282785892,1706585409.382622242,1,0,0,1,53.992214857,-13.409211873,-0.128915577,-0.007393673,0.032396988,0.992328897,0.119076146,1305,425,0.325670498,0.039253026,0.026221096,0.017331335,0.338770363,64.333813604,0.000000000,0.327849172,0.071594463,2.593228142,0.104546673,62.225551224,0,26,23,3,0.019923372,6,0,0,0,0,1273,6,19691,83454,25865,15,1835908
1619,1706585409.382632494,1706585409.482482672,1,0,0,1,53.883360108,-13.392962252,-0.131395858,-0.007801109,0.026831552,0.992819167,0.116315574,1319,421,0.319181198,0.042772550,0.024438164,0.016918275,0.378312761,61.485733480,0.000000000,0.326307461,0.070536434,2.584009341,0.104555370,62.067778749,0,13,12,1,0.009855951,9,0,0,0,0,1297,9,19693,83467,25874,15,1837205
1620,1706585409.482495308,1706585409.582330942,1,0,0,1,53.762576931,-13.365031531,-0.127800880,-0.006050596,0.027983019,0.993155359,0.113237689,1319,427,0.323730099,0.036577341,0.023362627,0.016339141,0.318839071,64.980428834,0.000000000,0.322447440,0.072426443,2.575766515,0.104350498,62.355172353,0,17,16,1,0.012888552,6,0,0,0,0,1296,6,19695,83484,25880,15,1838501
1621,1706585409.582742453,1706585409.682572126,1,0,0,1,53.647128650,-13.330341468,-0.127154317,-0.003280109,0.028484422,0.993226490,0.112601147,1346,413,0.306835067,0.040981225,0.027937202,0.019767358,0.351461019,73.873576899,0.000000000,0.320563816,0.069729767,2.569845120,0.091032692,62.800087987,0,22,19,3,0.016344725,8,0,0,0,0,1316,8,19699,83506,25888,15,1839817
1622,1706585409.682584286,1706585409.781971931,1,0,0,1,53.537076525,-13.300050177,-0.135603957,-0.008133437,0.027832038,0.993458492,0.110451115,1334,414,0.310344828,0.045169457,0.032541710,0.019435541,0.286989870,65.087222329,0.000000000,0.311972286,0.072645572,2.533220107,0.081454183,62.766193674,0,28,28,0,0.020989505,12,0,0,0,0,1294,12,19700,83534,25900,15,1841111
1623,1706585409.782420874,1706585409.880706072,1,0,0,1,53.425685347,-13.277898200,-0.135651465,-0.000042387,0.029669027,0.993539485,0.109540127,1309,405,0.309396486,0.038700423,0.026199575,0.017547943,0.375595214,65.987957113,0.000000000,0.312881129,0.070818411,2.500225736,0.073018484,62.553245622,0,27,25,2,0.020626432,8,0,0,0,0,1274,8,19708,83561,25908,15,1842385
1624,1706585409.883064985,1706585409.982890606,1,0,0,1,53.312628081,-13.252776691,-0.133424530,-0.003071932,0.025958858,0.993695938,0.109018734,1365,431,0.315750916,0.042492405,0.027636577,0.017601107,0.317748061,73.225564226,0.000000000,0.309626361,0.070539948,2.473145345,0.067219166,62.754349921,0,28,25,3,0.020512821,7,0,0,0,0,1330,7,19714,83589,25915,15,1843715
1625,1706585409.982902288,1706585410.082734108,1,0,0,1,53.184849405,-13.229303629,-0.134548237,-0.004777281,0.023385931,0.993759475,0.108960459,1376,430,0.312500000,0.044037736,0.022724017,0.016893452,0.378143726,61.426142755,0.000000000,0.309346649,0.074223559,2.444044056,0.064370971,62.481418519,0,29,28,1,0.021075581,12,0,0,0,0,1335,12,19719,83618,25927,15,1845050
1626,1706585410.082745790,1706585410.182133913,1,0,0,1,53.053595873,-13.196454904,-0.138489706,-0.004415845,0.024265788,0.993815579,0.108269421,1335,415,0.310861423,0.037713486,0.026102063,0.016312751,0.397564978,65.696995736,0.000000000,0.314424034,0.073082375,2.418653529,0.063083250,62.415280556,0,39,37,2,0.029213483,4,0,0,0,0,1292,4,19729,83657,25931,15,1846342
1627,1706585410.182568550,1706585410.280924082,1,0,0,1,52.920979147,-13.166820380,-0.141833989,-0.010298682,0.030291046,0.993443137,0.109759386,1288,408,0.316770186,0.038257315,0.024221156,0.017825735,0.343379303,61.365760940,0.000000000,0.316889583,0.072566997,2.402624801,0.062099601,62.421056333,0,27,24,3,0.020962733,4,0,0,0,0,1257,4,19733,83684,25935,15,1847599
1628,1706585410.282411575,1706585410.379762173,1,0,0,1,52.799996163,-13.142314444,-0.146894249,-0.014343607,0.032655176,0.993214701,0.110690824,1243,384,0.308930008,0.039184624,0.026051987,0.016919582,0.294526495,55.920132636,0.000000000,0.317398818,0.072359048,2.378110385,0.060921280,62.055807625,0,31,27,4,0.024939662,7,0,0,0,0,1203,9,19740,83715,25942,15,1848802
1629,1706585410.383041620,1706585410.482872963,1,0,0,1,52.660518472,-13.106125283,-0.158579528,-0.009289806,0.031378560,0.993177323,0.111928055,1268,424,0.334384858,0.039113873,0.024774426,0.017074421,0.310677112,63.692390509,0.000000000,0.319118438,0.069242927,2.398027607,0.055455088,62.254901512,0,19,16,3,0.014984227,4,0,0,0,0,1245,4,19745,83734,25946,15,1850047
1630,1706585410.482884645,1706585410.582713127,1,0,0,1,52.520370254,-13.069174200,-0.166366564,-0.009891570,0.030905441,0.993187447,0.111918300,1322,403,0.304841150,0.035832398,0.023732046,0.016603825,0.284745327,65.542676551,0.000000000,0.318894693,0.072641396,2.420865563,0.051132636,62.494169951,0,37,29,8,0.027987897,5,0,0,0,0,1279,6,19758,83771,25951,15,1851326
1631,1706585410.582725048,1706585410.682568073,1,0,0,1,52.383030872,-13.026155688,-0.173767625,-0.006077360,0.030624562,0.992887814,0.114886857,1319,442,0.335102350,0.041771006,0.026557215,0.018202161,0.326464140,65.455482385,0.000000000,0.321075572,0.071084306,2.426891882,0.050222473,62.753170866,0,32,27,5,0.024260804,6,0,0,0,0,1279,8,19768,83803,25957,15,1852605
1632,1706585410.682580948,1706585410.782408237,1,0,0,1,52.246130275,-12.989794817,-0.167801572,-0.007514108,0.029875424,0.992575252,0.117666337,1312,420,0.320121951,0.037943222,0.024920979,0.017785863,0.333116058,56.965525256,0.000000000,0.322833375,0.071558819,2.456203612,0.055259033,62.871875202,0,28,21,7,0.021341463,9,0,0,0,0,1275,9,19775,83831,25966,15,1853880
1633,1706585410.782419920,1706585410.882240295,1,0,0,1,52.111552268,-12.934503597,-0.168026374,-0.009307464,0.030986334,0.992307999,0.119490812,1299,408,0.314087760,0.037499559,0.022934043,0.014251481,0.270602444,67.873688509,0.000000000,0.321907647,0.071806370,2.470999719,0.057406611,63.446450160,0,37,33,4,0.028483449,6,0,0,0,0,1253,9,19783,83868,25972,15,1855133
1634,1706585410.883049488,1706585410.982882500,1,0,0,1,51.990196671,-12.896384741,-0.155480832,-0.002223792,0.027744023,0.991835252,0.124451423,1304,431,0.330521472,0.042117705,0.029565971,0.020110907,0.291909641,64.595805932,0.000000000,0.322914290,0.072503302,2.466190186,0.065619432,63.798683897,0,41,38,3,0.031441718,7,0,0,0,0,1255,8,19789,83909,25979,15,1856388
1635,1706585410.982894421,1706585411.081611156,1,0,0,1,51.859570187,-12.866397949,-0.157121197,-0.010410136,0.024848648,0.991463347,0.127571959,1315,440,0.334600760,0.035547607,0.024801130,0.016494867,0.318530896,67.451985672,0.000000000,0.323749596,0.075855776,2.469171165,0.071254365,64.216191659,0,17,17,0,0.012927757,9,0,0,0,0,1289,9,19790,83926,25988,15,1857677
1636,1706585411.082747698,1706585411.180294037,1,0,0,1,51.747480241,-12.831837324,-0.162797200,-0.007748906,0.020326130,0.990686505,0.134413731,1232,401,0.325487013,0.036238871,0.023756401,0.015504288,0.330901153,64.758362288,0.000000000,0.326999007,0.068655446,2.449709980,0.078245197,64.621346348,0,25,22,3,0.020292208,8,0,0,0,0,1199,8,19795,83951,25996,15,1858876
1637,1706585411.182576895,1706585411.282393456,1,0,0,1,51.620222906,-12.788635444,-0.178829285,-0.007721100,0.023671757,0.989511604,0.142291313,1276,420,0.329153605,0.040928698,0.027383125,0.017732104,0.308527140,60.761676857,0.000000000,0.327840239,0.068862452,2.459001355,0.089982699,64.524046126,0,16,15,1,0.012539185,10,0,0,0,0,1250,10,19796,83967,26006,15,1860126
1638,1706585411.282406807,1706585411.382246971,1,0,0,1,51.495548576,-12.743730659,-0.186350464,-0.014276702,0.020730552,0.988443491,0.149485403,1192,365,0.306208054,0.035206164,0.024364785,0.015764668,0.296866576,63.105656001,0.000000000,0.325745049,0.073375953,2.481640393,0.098932908,64.462638245,0,22,22,0,0.018456376,5,0,0,0,0,1165,5,19797,83989,26011,15,1861291
1639,1706585411.383056164,1706585411.481975079,1,0,0,1,51.387387492,-12.707508296,-0.189587258,-0.005877402,0.015115775,0.987069167,0.159472347,1084,334,0.308118081,0.034666053,0.025607263,0.015957995,0.308983222,58.634962696,0.000000000,0.322278572,0.075852509,2.471728874,0.113366097,64.320099706,0,17,15,2,0.015682657,3,0,0,0,0,1064,3,19800,84006,26014,15,1862355
1640,1706585411.482885599,1706585411.580869913,1,0,0,1,51.286074738,-12.667861476,-0.203344523,-0.005114734,0.024262062,0.986177273,0.163827893,1114,309,0.277378815,0.042922975,0.030735431,0.017883585,0.256794218,56.638944490,0.000000000,0.319176330,0.076839899,2.460840028,0.120921043,63.903025489,0,28,26,2,0.025134650,5,0,0,0,0,1079,7,19806,84034,26019,15,1863434
1641,1706585411.582729101,1706585411.679813623,1,0,0,1,51.178386032,-12.626572190,-0.204252094,-0.006603686,0.025200115,0.985589894,0.167134395,1056,328,0.310606061,0.038081014,0.025413824,0.016207838,0.324423423,55.257552025,0.000000000,0.317824450,0.076771392,2.461719327,0.122984070,62.972224245,0,17,13,4,0.016098485,2,0,0,0,0,1035,4,19813,84051,26021,15,1864469
1642,1706585411.682569504,1706585411.782399178,1,0,0,1,51.069853999,-12.587753967,-0.213494058,-0.004393756,0.025889221,0.985438296,0.167993479,1070,300,0.280373832,0.039352833,0.026410934,0.017748939,0.281207802,58.094228269,0.000000000,0.317535346,0.068829265,2.463781928,0.123381969,62.622574542,0,12,11,1,0.011214953,3,0,0,0,0,1055,3,19813,84063,26024,15,1865524
1643,1706585411.782410860,1706585411.882237434,1,0,0,1,50.949961453,-12.544301622,-0.208090688,-0.007226608,0.019451691,0.986330781,0.163465588,1074,324,0.301675978,0.035802848,0.023496301,0.016196921,0.317228149,53.532645531,0.000000000,0.314616993,0.071228657,2.475584119,0.131375255,61.999808963,0,29,19,10,0.027001862,5,0,0,0,0,1038,7,19827,84092,26029,15,1866562
1644,1706585411.883048058,1706585411.982877016,1,0,0,1,50.825776104,-12.496172994,-0.201684249,-0.008663708,0.026516498,0.987554528,0.154783299,1120,318,0.283928571,0.037854700,0.021911225,0.015528000,0.302149567,54.460765767,0.000000000,0.313837068,0.068181339,2.479001908,0.149010056,61.061569040,0,15,14,1,0.013392857,5,0,0,0,0,1100,5,19829,84107,26034,15,1867662
1645,1706585411.982888937,1706585412.082721710,1,0,0,1,50.710510152,-12.461657758,-0.203880952,-0.007403220,0.028030776,0.988812127,0.146321722,1164,358,0.307560137,0.034186313,0.023098873,0.014013332,0.304975077,59.808222226,0.000000000,0.310178636,0.064708651,2.463985595,0.164718597,60.980673014,0,18,17,1,0.015463918,7,0,0,0,0,1138,8,19835,84125,26041,15,1868800
1646,1706585412.082733393,1706585412.182545900,1,0,0,1,50.591317246,-12.423934937,-0.203355224,-0.008667464,0.024499294,0.989791687,0.140132352,1225,440,0.359183673,0.034052718,0.025692120,0.015162902,0.287658973,68.442578433,0.000000000,0.304683336,0.068911567,2.453077936,0.174609688,61.117952149,0,24,22,2,0.019591837,7,0,0,0,0,1194,7,19838,84149,26048,15,1869994
1647,1706585412.182570219,1706585412.282410622,1,0,0,1,50.478171408,-12.386254388,-0.196870149,-0.010056339,0.022229751,0.990907422,0.132314734,1231,426,0.346060114,0.035795619,0.022537690,0.014391425,0.297912538,66.112520913,0.000000000,0.302409997,0.070057099,2.448965708,0.188803713,61.355290147,0,32,29,3,0.025995126,12,0,0,0,0,1187,12,19848,84181,26060,15,1871181
1648,1706585412.282422781,1706585412.380773306,1,0,0,1,50.361062643,-12.358285103,-0.195974251,-0.012334057,0.023120883,0.991301413,0.128975986,1255,420,0.334661355,0.036837214,0.026206403,0.015563201,0.267033988,60.037761721,0.000000000,0.301035372,0.069843448,2.424802356,0.192839607,61.561171602,0,14,13,1,0.011155378,3,0,0,0,0,1238,3,19849,84195,26063,15,1872419
1649,1706585412.383058071,1706585412.479256630,1,0,0,1,50.242995029,-12.330940610,-0.189557263,-0.012401619,0.024359395,0.991644939,0.126067973,1253,406,0.324022346,0.036458965,0.024857682,0.016948479,0.252011587,60.265705248,0.000000000,0.298102096,0.069732007,2.401018244,0.198703386,61.389837339,0,21,21,0,0.016759777,6,0,0,0,0,1226,6,19853,84216,26069,15,1873645
1650,1706585412.482914925,1706585412.582746506,1,0,0,1,50.115978685,-12.298656571,-0.195491272,-0.009215394,0.025015839,0.992087093,0.122688564,1269,413,0.325453113,0.034118301,0.024409518,0.014015704,0.257461709,58.409234025,0.000000000,0.296737915,0.071999790,2.388098267,0.199217313,61.033165212,0,27,24,3,0.021276596,7,0,0,0,0,1235,7,19858,84243,26076,15,1874880
1651,1706585412.582758427,1706585412.682593107,1,0,0,1,49.984048649,-12.269338808,-0.208462993,-0.013108958,0.021759006,0.992699524,0.117908249,1259,454,0.360603654,0.035743318,0.022283915,0.013924593,0.297737320,63.372145858,0.000000000,0.295301574,0.067775965,2.382095036,0.203372886,60.928998386,0,29,27,2,0.023034154,9,0,0,0,0,1221,9,19861,84272,26085,15,1876101
1652,1706585412.682604790,1706585412.781868696,1,0,0,1,49.863822541,-12.237022040,-0.211742055,-0.007192500,0.025751422,0.993260161,0.112780248,1217,439,0.360723090,0.034349744,0.022453184,0.014519979,0.267241494,62.991358908,0.000000000,0.292007846,0.069699377,2.361138274,0.210013258,61.230290069,0,28,28,0,0.023007395,6,0,0,0,0,1183,6,19865,84300,26091,15,1877284
1653,1706585412.782429457,1706585412.880841732,1,0,0,1,49.744452320,-12.209576002,-0.215853228,-0.007530653,0.026112194,0.993580734,0.109812421,1265,418,0.330434783,0.035484274,0.023040976,0.015224516,0.236819549,59.891046149,0.000000000,0.290318701,0.070257684,2.355873390,0.205581389,60.831157950,0,23,23,0,0.018181818,5,0,0,0,0,1236,6,19868,84323,26096,15,1878520
1654,1706585412.883075953,1706585412.982902050,1,0,0,1,49.617710677,-12.178266217,-0.223039058,-0.007530527,0.020835216,0.994222371,0.105028860,1254,443,0.353269537,0.034022016,0.022202727,0.014861827,0.247337312,66.990575082,0.000000000,0.288090085,0.064330313,2.352588465,0.209133030,60.950896408,0,15,15,0,0.011961722,8,0,0,0,0,1231,8,19869,84338,26104,15,1879751
1655,1706585412.982913733,1706585413.082728386,1,0,0,1,49.499768720,-12.149160224,-0.228648000,-0.000824378,0.026972027,0.994427041,0.101915113,1298,443,0.341294299,0.035340575,0.024014774,0.016229395,0.287561880,67.619937557,0.000000000,0.286541634,0.064462004,2.356763907,0.201171407,60.959294002,0,37,27,10,0.028505393,9,0,0,0,0,1251,10,19883,84375,26113,15,1881002
1656,1706585413.082738638,1706585413.182579517,1,0,0,1,49.379573097,-12.123065850,-0.233122239,-0.001175263,0.029729161,0.994639232,0.099033298,1290,449,0.348062016,0.038133846,0.023531738,0.015489096,0.308199311,61.851627529,0.000000000,0.285406542,0.065138737,2.344497319,0.191163375,60.813957264,0,29,24,5,0.022480620,11,0,0,0,0,1249,12,19891,84404,26124,15,1882251
1657,1706585413.182590485,1706585413.282416821,1,0,0,1,49.262168121,-12.096698172,-0.237477592,-0.000259873,0.027063560,0.994794700,0.098239510,1276,403,0.315830721,0.040161391,0.025384647,0.018512861,0.260933865,59.934195967,0.000000000,0.283026878,0.063364707,2.332177687,0.178279280,60.772583220,0,22,22,0,0.017241379,12,0,0,0,0,1241,13,19893,84426,26136,15,1883492
1658,1706585413.282427788,1706585413.382257462,1,0,0,1,49.133560609,-12.077391427,-0.238050309,0.003895713,0.027334338,0.994620992,0.099833556,1377,491,0.356572259,0.038964253,0.025550780,0.015596506,0.241055503,69.327346632,0.000000000,0.280236324,0.064278368,2.348116405,0.161141385,61.083667751,0,38,30,8,0.027596224,14,0,0,0,0,1324,15,19904,84464,26150,15,1884816
1659,1706585413.383068562,1706585413.482900858,1,0,0,1,49.007354747,-12.039506167,-0.238563718,0.000915301,0.026945247,0.994275845,0.103385972,1344,476,0.354166667,0.036177352,0.022825934,0.014576960,0.261079968,68.040749650,0.000000000,0.277841162,0.063058307,2.370226534,0.159418266,61.553957099,0,28,27,1,0.020833333,11,0,0,0,0,1305,11,19905,84492,26161,15,1886121
1660,1706585413.482912302,1706585413.581936359,1,0,0,1,48.892519684,-11.998612228,-0.235507189,0.002821026,0.027303710,0.993427215,0.111125681,1329,490,0.368698269,0.036770015,0.023160164,0.016031759,0.305041425,71.142694927,0.000000000,0.280253522,0.050062156,2.376827607,0.168458567,62.279144621,0,18,15,3,0.013544018,14,0,0,0,0,1297,14,19911,84510,26175,15,1887418
1661,1706585413.582746029,1706585413.680419207,1,0,0,1,48.786189781,-11.966539854,-0.243723193,0.005468361,0.026512713,0.992441940,0.119691977,1361,473,0.347538575,0.037936176,0.023282390,0.014993061,0.314405020,67.039082453,0.000000000,0.279752602,0.049893890,2.372557643,0.184020719,62.868221142,0,42,40,2,0.030859662,13,0,0,0,0,1306,13,19917,84552,26188,15,1888724
1662,1706585413.682602882,1706585413.778926134,1,0,0,1,48.651797950,-11.930995236,-0.244799357,0.001800472,0.029683354,0.992007263,0.122626454,1314,472,0.359208524,0.036543243,0.023959783,0.017006588,0.292354679,65.944143739,0.000000000,0.280309946,0.046449823,2.383936442,0.180552450,63.260716916,0,26,23,3,0.019786910,10,0,0,0,0,1278,10,19927,84578,26198,15,1890002
1663,1706585413.782458067,1706585413.882300615,1,0,0,1,48.533294261,-11.887016272,-0.234942403,0.004819779,0.027889724,0.991692376,0.125479737,1349,481,0.356560415,0.035762398,0.022904903,0.014888744,0.305170167,62.656700489,0.000000000,0.279707047,0.046467436,2.377381981,0.168681484,63.716919664,0,30,28,2,0.022238695,8,0,0,0,0,1311,8,19929,84608,26206,15,1891313
1664,1706585413.882712603,1706585413.982545137,1,0,0,1,48.405350921,-11.846205540,-0.234330393,0.000281658,0.030435393,0.991613707,0.125602004,1327,466,0.351168048,0.035496661,0.024257157,0.016192306,0.286856286,66.607732448,0.000000000,0.278942383,0.045639397,2.391335176,0.151610558,64.324267998,0,31,29,2,0.023360965,11,0,0,0,0,1285,11,19933,84639,26217,15,1892598
1665,1706585413.982557297,1706585414.082067490,1,0,0,1,48.277285123,-11.804066583,-0.235396174,0.003137453,0.030398792,0.991904320,0.123255382,1317,492,0.373576310,0.036002983,0.020826064,0.013927999,0.277592159,65.967799637,0.000000000,0.277573237,0.043870172,2.401138844,0.143684993,64.632246868,0,34,30,4,0.025816249,5,0,0,0,0,1278,5,19940,84673,26222,15,1893876
1666,1706585414.082404613,1706585414.181207418,1,0,0,1,48.146790676,-11.773816408,-0.249539489,0.006254464,0.038306638,0.992450971,0.116338099,1333,503,0.377344336,0.037981477,0.021553190,0.015317377,0.301309838,68.190199105,0.000000000,0.278255780,0.042641514,2.416406760,0.141605337,64.619627902,0,39,37,2,0.029257314,8,0,0,0,0,1286,8,19943,84712,26230,15,1895162
1667,1706585414.183041573,1706585414.282888412,1,0,0,1,48.008668504,-11.747008713,-0.255344175,-0.000068808,0.038127893,0.993060551,0.111251975,1304,493,0.378067485,0.038146349,0.022645277,0.016115182,0.316763511,64.305924056,0.000000000,0.279198329,0.043545189,2.436820325,0.145480379,64.529298059,0,26,23,3,0.019938650,10,0,0,0,0,1268,10,19948,84738,26240,15,1896430
1668,1706585414.282900095,1706585414.382730484,1,0,0,1,47.883549558,-11.715184243,-0.250849673,0.005120274,0.034582198,0.993779672,0.105734658,1336,506,0.378742515,0.036916647,0.020222830,0.014579189,0.272341073,63.336680740,0.000000000,0.279463683,0.043564612,2.444638874,0.150282469,64.694244010,0,28,27,1,0.020958084,15,0,0,0,0,1293,15,19956,84766,26255,15,1897723
1669,1706585414.382742405,1706585414.482573032,1,0,0,1,47.742824619,-11.684029645,-0.246572942,0.000655411,0.033011566,0.993970901,0.104554555,1284,449,0.349688474,0.034222787,0.021450138,0.014728960,0.253830205,66.761150145,0.000000000,0.279554614,0.045824693,2.457645337,0.146253001,65.019016255,0,34,33,1,0.026479751,4,0,0,0,0,1246,4,19962,84800,26259,15,1898969
1670,1706585414.482584238,1706585414.582425117,1,0,0,1,47.608157297,-11.637975084,-0.243839928,0.002075228,0.031662148,0.993756802,0.106960831,1294,482,0.372488408,0.034660309,0.024731580,0.017196237,0.283890651,63.002166389,0.000000000,0.280876061,0.044873155,2.464226836,0.141498426,65.248662873,0,31,30,1,0.023956723,9,0,0,0,0,1254,9,19965,84831,26268,15,1900223
1671,1706585414.582437277,1706585414.682258606,1,0,0,1,47.471215971,-11.598910022,-0.242614043,-0.003434367,0.033856629,0.993252705,0.110864777,1337,499,0.373223635,0.034481514,0.024642477,0.016179658,0.278628361,65.227000744,0.000000000,0.279920613,0.046305977,2.482099574,0.138787924,65.341405617,0,26,25,1,0.019446522,8,0,0,0,0,1302,9,19969,84857,26276,15,1901525
1672,1706585414.683068514,1706585414.782802343,1,0,0,1,47.337131234,-11.556768869,-0.246068982,-0.006630409,0.036444972,0.992706547,0.114723640,1308,487,0.372324159,0.032625402,0.020621991,0.015454844,0.282962767,62.162805516,0.000000000,0.280706677,0.050271087,2.500139256,0.140303382,65.299977948,0,24,21,3,0.018348624,5,0,0,0,0,1278,6,19977,84881,26281,15,1902803
1673,1706585414.782914639,1706585414.881364346,1,0,0,1,47.207891398,-11.526373870,-0.254504553,-0.003036356,0.036292657,0.992249847,0.118801786,1291,484,0.374903176,0.037285809,0.020145370,0.014413235,0.278953689,61.790753496,0.000000000,0.282813384,0.050212424,2.502423585,0.139238758,65.394963315,0,20,19,1,0.015491867,8,0,0,0,0,1263,8,19980,84901,26289,15,1904066
1674,1706585414.882749557,1706585414.979926109,1,0,0,1,47.080085233,-11.489073363,-0.250593755,-0.004924277,0.036181987,0.991779407,0.122638586,1270,466,0.366929134,0.036827505,0.022557962,0.015592062,0.241976609,58.207745784,0.000000000,0.282545348,0.047811718,2.514009351,0.140795766,64.955821850,0,33,31,2,0.025984252,8,0,0,0,0,1229,8,19989,84934,26297,15,1905295
1675,1706585414.982583284,1706585415.078572989,1,0,0,1,46.951807963,-11.458764324,-0.259751370,0.000264973,0.035651095,0.991472549,0.125343983,1280,471,0.367968750,0.034722434,0.022168505,0.015262933,0.238208001,62.880019827,0.000000000,0.280077654,0.048562331,2.523059504,0.140774179,64.718825964,0,25,24,1,0.019531250,11,0,0,0,0,1244,11,19994,84959,26308,15,1906539
1676,1706585415.082429171,1706585415.182261944,1,0,0,1,46.816790073,-11.413892662,-0.260166354,0.002750437,0.034725604,0.991058614,0.128799814,1329,475,0.357411588,0.035607518,0.023953728,0.017397054,0.236871508,61.479768310,0.000000000,0.276511264,0.047854953,2.544930778,0.146390026,64.700233003,0,16,14,2,0.012039127,6,0,0,0,0,1307,6,19998,84975,26314,15,1907846
1677,1706585415.183072090,1706585415.282882214,1,0,0,1,46.677638449,-11.372133257,-0.261948829,0.000339259,0.034438158,0.990909334,0.130048410,1315,488,0.371102662,0.034637421,0.023535678,0.015754932,0.246924150,60.859073172,0.000000000,0.275810778,0.042752844,2.560174395,0.145316228,64.746476863,0,26,24,2,0.019771863,7,0,0,0,0,1281,8,20000,85001,26321,15,1909127
1678,1706585415.282893419,1706585415.381846428,1,0,0,1,46.536215098,-11.329033904,-0.258679717,-0.005858645,0.034787301,0.990548939,0.132545538,1303,469,0.359938603,0.035853559,0.020654535,0.015466150,0.279279630,53.551723256,0.000000000,0.277721985,0.038817443,2.576284903,0.142969146,63.957695694,0,37,36,1,0.028396009,7,0,0,0,0,1259,7,20001,85038,26328,15,1910386
1679,1706585415.382744789,1706585415.481592655,1,0,0,1,46.398576025,-11.290910666,-0.258904154,-0.004303193,0.034548469,0.990412056,0.133685622,1275,475,0.372549020,0.035474394,0.021620129,0.014844426,0.267816551,59.311687056,0.000000000,0.278058814,0.038918176,2.597168804,0.129704919,63.521242564,0,20,20,0,0.015686275,11,0,0,0,0,1244,11,20003,85058,26339,15,1911630
1680,1706585415.482578039,1706585415.582408428,1,0,0,1,46.257815980,-11.249562796,-0.254297591,-0.000675118,0.030141320,0.990837730,0.131649676,1329,493,0.370955606,0.035276226,0.024131697,0.016808802,0.260278711,56.700702698,0.000000000,0.275820678,0.038755696,2.632583313,0.116147702,62.799142953,0,24,24,0,0.018058691,9,0,0,0,0,1295,10,20004,85082,26348,15,1912925
1681,1706585415.582419634,1706585415.682253599,1,0,0,1,46.125466856,-11.204779704,-0.251436752,0.001018399,0.027913543,0.990631300,0.133676565,1352,500,0.369822485,0.032655653,0.021423798,0.014379467,0.286811531,59.625733062,0.000000000,0.274441004,0.041102278,2.633316033,0.114645394,62.428475483,0,32,28,4,0.023668639,4,0,0,0,0,1316,4,20012,85114,26352,15,1914241
1682,1706585415.683063507,1706585415.782902241,1,0,0,1,45.997300336,-11.156355062,-0.254552961,0.008449325,0.032996122,0.990735304,0.131466429,1381,518,0.375090514,0.039118815,0.024119135,0.014695991,0.319919529,58.462170092,0.000000000,0.275819246,0.046083224,2.643575978,0.112706391,62.054376801,0,38,35,3,0.027516293,12,0,0,0,0,1331,12,20023,85152,26364,15,1915572
1683,1706585415.782914400,1706585415.882758141,1,0,0,1,45.872624609,-11.125484177,-0.257846202,0.005100403,0.030239617,0.990839503,0.131516655,1405,537,0.382206406,0.036678131,0.021515094,0.014146528,0.264408780,60.149098086,0.000000000,0.273781177,0.046419497,2.637763127,0.112816859,61.928996681,0,27,25,2,0.019217082,11,0,0,0,0,1367,11,20028,85179,26375,15,1916939
1684,1706585415.882769346,1706585415.982588768,1,0,0,1,45.739231345,-11.100436515,-0.253418419,0.001585653,0.023079419,0.991571129,0.127481461,1356,497,0.366519174,0.035296915,0.022506359,0.015539801,0.235462897,63.728161656,0.000000000,0.271211507,0.046488363,2.638735251,0.116585382,61.785018141,0,31,28,3,0.022861357,15,0,0,0,0,1310,15,20032,85210,26390,15,1918249
1685,1706585415.982613325,1706585416.082438946,1,0,0,1,45.607287069,-11.068156678,-0.253688881,0.002127905,0.023740011,0.992321064,0.121370463,1365,531,0.389010989,0.035806190,0.022430116,0.015624686,0.277331396,62.532278707,0.000000000,0.271198469,0.046470318,2.639871687,0.115176149,61.613242095,0,22,21,1,0.016117216,9,0,0,0,0,1334,9,20033,85232,26399,15,1919583
1686,1706585416.082451105,1706585416.181041241,1,0,0,1,45.480940252,-11.026087967,-0.258793630,0.001838878,0.032507489,0.992693055,0.116191140,1277,495,0.387627251,0.038222141,0.022860817,0.014988694,0.280940318,62.883484120,0.000000000,0.270179993,0.046935612,2.632316588,0.114929094,61.347906346,0,30,30,0,0.023492561,13,0,0,0,0,1234,13,20037,85262,26412,15,1920817
1687,1706585416.183099031,1706585416.279634953,1,0,0,1,45.337166495,-11.000289055,-0.258996418,0.000450002,0.026753621,0.993126293,0.113948266,1260,494,0.392063492,0.031203495,0.020445118,0.014484487,0.277515478,55.898107789,0.000000000,0.268217592,0.052278360,2.649205772,0.108792365,60.927515532,0,21,19,2,0.016666667,4,0,0,0,0,1235,4,20040,85283,26416,15,1922052
1688,1706585416.282941341,1706585416.382773638,1,0,0,1,45.181301247,-10.975621664,-0.252365192,0.003372027,0.023793342,0.993818504,0.108384906,1328,513,0.386295181,0.031747258,0.019069887,0.012493794,0.228960505,59.438094281,0.000000000,0.266048563,0.056195337,2.662954430,0.117158781,60.732586209,0,30,30,0,0.022590361,9,0,0,0,0,1289,9,20046,85313,26425,15,1923341
1689,1706585416.382785320,1706585416.482614756,1,0,0,1,45.023008895,-10.928239512,-0.252346904,0.001063668,0.023502856,0.994519713,0.101867680,1370,533,0.389051095,0.035618206,0.022878157,0.014919705,0.268651169,62.130456663,0.000000000,0.266789611,0.055847776,2.685835295,0.125438372,60.501051535,0,38,37,1,0.027737226,13,0,0,0,0,1319,13,20054,85351,26438,15,1924660
1690,1706585416.482626677,1706585416.581760168,1,0,0,1,44.899690424,-10.902000504,-0.262149570,-0.000040447,0.025865645,0.994235579,0.104050856,1277,499,0.390759593,0.039091777,0.020857141,0.013968776,0.273687721,54.465339366,0.000000000,0.266279465,0.060305634,2.669885215,0.122281087,60.074210184,0,31,29,2,0.024275646,17,0,0,0,0,1229,17,20059,85382,26455,15,1925889
1691,1706585416.582458973,1706585416.680636883,1,0,0,1,44.748800784,-10.868730753,-0.263366764,-0.002899241,0.022667796,0.994110619,0.105933202,1301,498,0.382782475,0.031693285,0.019082980,0.013748089,0.228100206,57.726287658,0.000000000,0.263753057,0.064581856,2.683810464,0.118447890,59.699174530,0,31,30,1,0.023827825,9,0,0,0,0,1261,9,20064,85413,26464,15,1927150
1692,1706585416.683096170,1706585416.782933474,1,0,0,1,44.594896133,-10.813375403,-0.258414014,-0.001247151,0.026933847,0.993349413,0.111937286,1280,491,0.383593750,0.032179409,0.020014189,0.012935316,0.222512098,55.400014809,0.000000000,0.260730524,0.065411759,2.714408684,0.122109295,59.361034994,0,30,28,2,0.023437500,6,0,0,0,0,1244,6,20066,85443,26470,15,1928394
1693,1706585416.782945395,1706585416.882773399,1,0,0,1,44.451417858,-10.769353589,-0.261265958,-0.002601371,0.029811316,0.992357273,0.119714497,1359,500,0.367917586,0.031623468,0.019367601,0.013456426,0.227874202,66.257420174,0.000000000,0.258176549,0.068197957,2.731320055,0.130060952,59.584368328,0,35,34,1,0.025754231,7,0,0,0,0,1317,7,20070,85478,26477,15,1929711
1694,1706585416.882785320,1706585416.982619524,1,0,0,1,44.314858393,-10.730750664,-0.264833683,-0.001569422,0.027854832,0.991025696,0.130727636,1306,480,0.367534456,0.036429013,0.021743398,0.014737259,0.227848861,59.093132882,0.000000000,0.257470162,0.067836020,2.741148637,0.146522760,59.628637683,0,25,23,2,0.019142420,11,0,0,0,0,1270,11,20075,85503,26488,15,1930981
1695,1706585416.982631445,1706585417.082472801,1,0,0,1,44.170847244,-10.687371718,-0.264234546,-0.008427170,0.023500737,0.989940645,0.139263120,1222,467,0.382160393,0.029116040,0.018552940,0.012576177,0.263177620,52.761952811,0.000000000,0.258718643,0.077610863,2.749272892,0.156366334,59.122734332,0,22,22,0,0.018003273,9,0,0,0,0,1191,9,20078,85525,26497,15,1932172
1696,1706585417.082485199,1706585417.182311535,1,0,0,1,44.034789565,-10.627970157,-0.262369389,-0.012147735,0.026042296,0.988209179,0.150388994,1164,440,0.378006873,0.031546607,0.019653990,0.013321513,0.204728217,54.061461749,0.000000000,0.257111478,0.080202162,2.752450661,0.176290107,58.751819004,0,15,14,1,0.012886598,5,0,0,0,0,1144,5,20079,85540,26502,15,1933316
1697,1706585417.182721853,1706585417.282558203,1,0,0,1,43.895707487,-10.580022467,-0.265954937,-0.015851989,0.030371198,0.987229042,0.155579959,1177,391,0.332200510,0.033807000,0.021750499,0.014593480,0.211963447,59.359664152,0.000000000,0.255363443,0.080395045,2.751728237,0.181864189,58.676848553,0,9,9,0,0.007646559,5,0,0,0,0,1163,5,20079,85549,26507,15,1934479
1698,1706585417.282570601,1706585417.381996870,1,0,0,1,43.755917964,-10.527986547,-0.272649203,-0.009983426,0.029907044,0.987669411,0.153346127,1066,388,0.363977486,0.032028372,0.020964929,0.013522226,0.229681702,54.509829159,0.000000000,0.252883547,0.081618438,2.758217477,0.183701607,58.724753849,0,22,20,2,0.020637899,4,0,0,0,0,1040,4,20082,85571,26511,15,1935519
1699,1706585417.382406235,1706585417.480602741,1,0,0,1,43.618006901,-10.477066050,-0.275347973,-0.008893138,0.033792239,0.988229964,0.148931308,1124,396,0.352313167,0.028696231,0.018968499,0.012033584,0.237960050,56.737364569,0.000000000,0.251390722,0.089226750,2.758474048,0.188852595,58.596037724,0,26,25,1,0.023131673,14,0,0,0,0,1084,14,20085,85597,26525,15,1936603
1700,1706585417.483035803,1706585417.579238176,1,0,0,1,43.472842143,-10.448967223,-0.293204867,-0.009117640,0.036308575,0.989091511,0.142465921,1130,393,0.347787611,0.032433005,0.019671530,0.013277054,0.209968541,53.904087538,0.000000000,0.248875213,0.089555244,2.767657879,0.197801844,58.456206966,0,28,25,3,0.024778761,11,0,0,0,0,1091,11,20086,85625,26536,15,1937694
1701,1706585417.582869053,1706585417.682691336,1,0,0,1,43.326893727,-10.408389467,-0.297875884,-0.007386332,0.033852560,0.989939336,0.137184392,1213,425,0.350370981,0.034376765,0.019677919,0.014524057,0.221914492,56.803655062,0.000000000,0.245630361,0.089094610,2.782169249,0.204312780,58.315103066,0,36,31,5,0.029678483,6,0,0,0,0,1168,9,20099,85661,26542,15,1938862
1702,1706585417.682703972,1706585417.782513142,1,0,0,1,43.175002985,-10.374373513,-0.301189166,-0.012531812,0.038398435,0.990159726,0.133985937,1240,441,0.355645161,0.036565979,0.023206416,0.016030366,0.258754399,57.781797495,0.000000000,0.242572105,0.084163581,2.809374544,0.211080558,58.281084436,0,34,31,3,0.027419355,10,0,0,0,0,1188,18,20101,85695,26552,15,1940050
1703,1706585417.782525063,1706585417.881935596,1,0,0,1,43.025855294,-10.328691850,-0.291041977,-0.012757930,0.037708891,0.990822367,0.129175512,1236,447,0.361650485,0.037606724,0.021156187,0.014577808,0.232737792,55.992949492,0.000000000,0.240988556,0.085685800,2.829894197,0.212450611,58.073277007,0,33,31,2,0.026699029,12,0,0,0,0,1191,12,20106,85728,26564,15,1941241
1704,1706585417.882746696,1706585417.982434750,1,0,0,1,42.864008654,-10.282244441,-0.293573974,-0.013305391,0.032234000,0.991511388,0.125256153,1214,423,0.348434926,0.031912214,0.019495800,0.013676595,0.226911573,55.756700202,0.000000000,0.240560989,0.086231107,2.862457096,0.207908295,57.674703934,0,28,28,0,0.023064250,7,0,0,0,0,1179,7,20109,85756,26571,15,1942420
1705,1706585417.982584715,1706585418.082427502,1,0,0,1,42.697554788,-10.231345602,-0.303756915,-0.009196330,0.033117646,0.991707362,0.123835202,1201,440,0.366361366,0.037018904,0.023156681,0.017080557,0.289509702,52.766231481,0.000000000,0.241169905,0.087799015,2.903552484,0.200104276,57.186401573,0,31,30,1,0.025811823,9,0,0,0,0,1161,9,20113,85787,26580,15,1943581
1706,1706585418.082439184,1706585418.182277918,1,0,0,1,42.533712086,-10.186056587,-0.311268302,-0.011901142,0.032492252,0.991453926,0.125784456,1221,437,0.357903358,0.033413778,0.019847797,0.013433713,0.241786028,55.007387931,0.000000000,0.239212190,0.082657534,2.927634949,0.199330487,56.792596763,0,26,22,4,0.021294021,7,0,0,0,0,1188,7,20118,85813,26587,15,1944769
1707,1706585418.183086395,1706585418.282047987,1,0,0,1,42.386277479,-10.142223664,-0.314976301,-0.011066948,0.031782239,0.991400342,0.126462543,1216,426,0.350328947,0.036420091,0.020242497,0.013520417,0.251054587,52.908306612,0.000000000,0.237889146,0.082787940,2.923547763,0.189724040,56.643106704,0,33,33,0,0.027138158,7,0,0,0,0,1176,7,20120,85846,26594,15,1945945
1708,1706585418.282921076,1706585418.382753611,1,0,0,1,42.211453492,-10.087368427,-0.318214222,-0.017776588,0.029008377,0.991423389,0.126183087,1178,421,0.357385399,0.030629948,0.017245350,0.012111402,0.245898841,53.924734131,0.000000000,0.238736062,0.084373789,2.941572665,0.177298259,56.367438697,0,24,22,2,0.020373514,7,0,0,0,0,1147,7,20123,85870,26601,15,1947092
1709,1706585418.382766008,1706585418.482597828,1,0,0,1,42.061559777,-10.034121171,-0.320937817,-0.012472346,0.030875831,0.991459833,0.126089350,1178,411,0.348896435,0.035930596,0.021484998,0.014349197,0.276138234,52.114435641,0.000000000,0.239110416,0.084687053,2.974206823,0.172983046,55.866637646,0,18,18,0,0.015280136,5,0,0,0,0,1154,6,20125,85888,26606,15,1948246
1710,1706585418.482609987,1706585418.582452059,1,0,0,1,41.908002689,-9.997205677,-0.327459112,-0.013327686,0.034743694,0.991252704,0.126622770,1228,433,0.352605863,0.037392096,0.022139500,0.015641217,0.236245863,54.721789721,0.000000000,0.237238323,0.080650299,2.977754713,0.170207567,55.879460164,0,29,28,1,0.023615635,9,0,0,0,0,1189,10,20128,85917,26615,15,1949435
1711,1706585418.582463264,1706585418.681586504,1,0,0,1,41.748972535,-9.950118267,-0.327632027,-0.013583132,0.029028741,0.991557501,0.125644546,1136,396,0.348591549,0.037476773,0.022335037,0.014402147,0.241860279,53.806652204,0.000000000,0.237926326,0.082754346,2.979977740,0.159884268,55.683478391,0,24,23,1,0.021126761,7,0,0,0,0,1105,7,20133,85941,26622,15,1950540
1712,1706585418.683094978,1706585418.780252695,1,0,0,1,41.588425951,-9.925106439,-0.330660411,-0.010561802,0.020615845,0.992728649,0.118123940,1204,425,0.352990033,0.038055853,0.023593110,0.015623720,0.265836496,58.497778604,0.000000000,0.240092546,0.085477783,2.992382322,0.159121336,55.838366581,0,29,27,2,0.024086379,8,0,0,0,0,1167,8,20138,85970,26630,15,1951707
1713,1706585418.782936335,1706585418.878828526,1,0,0,1,41.421204652,-9.886078779,-0.341043323,-0.017912218,0.024235961,0.993440842,0.110304412,1201,417,0.347210658,0.033152301,0.020633868,0.014567980,0.239182464,55.212845341,0.000000000,0.240657959,0.083916105,3.022455539,0.152964525,55.286137839,0,27,26,1,0.022481266,6,0,0,0,0,1168,6,20141,85997,26636,15,1952875
1714,1706585418.882784367,1706585418.982609749,1,0,0,1,41.251377736,-9.840334645,-0.346745467,-0.017322651,0.026326565,0.993589278,0.108568804,1143,392,0.342957130,0.031702043,0.019752797,0.014469665,0.207393334,52.978632085,0.000000000,0.239635183,0.084540570,3.048023958,0.139533827,54.980412799,0,32,25,7,0.027996500,8,0,0,0,0,1100,11,20154,86029,26644,15,1953975
1715,1706585418.982634544,1706585419.082451582,1,0,0,1,41.092989294,-9.815306473,-0.352822187,-0.023384104,0.020338191,0.993895009,0.105887929,1161,387,0.333333333,0.035445454,0.020266376,0.014457941,0.230378748,52.777117136,0.000000000,0.237995239,0.077613727,3.060021490,0.122581281,54.981171015,0,39,24,15,0.033591731,9,0,0,0,0,1110,12,20177,86068,26653,15,1955085
1716,1706585419.082463503,1706585419.181731701,1,0,0,1,40.925401779,-9.790300427,-0.353750662,-0.021598360,0.015138924,0.994302791,0.103277699,1113,394,0.353998203,0.033010806,0.019266230,0.013565788,0.261574735,48.444407878,0.000000000,0.240837565,0.075798043,3.082308251,0.117345836,54.700318322,0,20,20,0,0.017969452,6,0,0,0,0,1087,6,20179,86088,26659,15,1956172
1717,1706585419.183092117,1706585419.282910824,1,0,0,1,40.761134516,-9.752683929,-0.350074780,-0.018449529,0.016359971,0.994601563,0.100795324,1171,397,0.339026473,0.035707302,0.020295758,0.015269066,0.293532305,48.395666080,0.000000000,0.244916008,0.075965018,3.101556959,0.118093320,54.152118418,0,26,24,2,0.022203245,11,0,0,0,0,1134,11,20183,86114,26670,15,1957306
1718,1706585419.282922745,1706585419.382753134,1,0,0,1,40.606612682,-9.719096784,-0.355716725,-0.012441688,0.017867893,0.994270463,0.104652711,1203,423,0.351620948,0.035885432,0.021823424,0.014498943,0.268333611,52.784853467,0.000000000,0.246848604,0.074280075,3.112751375,0.116965234,54.065869634,0,27,26,1,0.022443890,10,0,0,0,0,1166,10,20188,86141,26680,15,1958472
1719,1706585419.382764816,1706585419.482591391,1,0,0,1,40.462815404,-9.680678041,-0.355989125,-0.007532511,0.014686704,0.993674864,0.111075774,1275,441,0.345882353,0.037461449,0.023583731,0.016021320,0.250495202,55.725007703,0.000000000,0.247475361,0.064119604,3.112659062,0.116937029,54.015251790,0,38,34,4,0.029803922,8,0,0,0,0,1229,8,20198,86179,26688,15,1959701
1720,1706585419.482602835,1706585419.582091093,1,0,0,1,40.321967880,-9.636910596,-0.361829633,-0.006418434,0.008381492,0.992770392,0.119563804,1229,436,0.354759967,0.035666523,0.020320601,0.013249823,0.340514792,54.041594547,0.000000000,0.254002674,0.061517857,3.108709418,0.123652159,54.022127141,0,28,26,2,0.022782750,7,0,0,0,0,1194,7,20204,86207,26695,15,1960895
1721,1706585419.582440376,1706585419.682272673,1,0,0,1,40.174050486,-9.577969464,-0.364474994,-0.009643181,0.008062394,0.991361557,0.130553703,1240,448,0.361290323,0.035678461,0.018798741,0.012908471,0.299093526,53.020318764,0.000000000,0.257861626,0.061194515,3.112271224,0.138879299,53.832960326,0,19,19,0,0.015322581,9,0,0,0,0,1212,9,20206,86226,26704,15,1962107
1722,1706585419.683082819,1706585419.782904148,1,0,0,1,40.022622240,-9.524465995,-0.368880796,-0.010444554,0.010847149,0.989991949,0.140318178,1259,447,0.355043685,0.037259980,0.023490619,0.016190124,0.253439341,56.149254760,0.000000000,0.257595873,0.061852321,3.116617669,0.148829812,53.751333189,0,39,36,3,0.030976966,9,0,0,0,0,1211,9,20214,86265,26713,15,1963318
1723,1706585419.782915592,1706585419.882598639,1,0,0,1,39.877098741,-9.477219176,-0.378565798,-0.013520208,0.015648027,0.988508968,0.149740991,1153,409,0.354726800,0.038842338,0.021187533,0.014064817,0.301779332,56.435082895,0.000000000,0.261047950,0.063980904,3.101526382,0.159958773,53.773439859,0,20,17,3,0.017346054,8,0,0,0,0,1125,8,20221,86285,26721,15,1964443
1724,1706585419.882759333,1706585419.981244802,1,0,0,1,39.727791175,-9.414667890,-0.387463350,-0.011965361,0.020849986,0.987554677,0.155428015,1081,386,0.357076781,0.040439475,0.023695358,0.017044608,0.308584428,55.941692322,0.000000000,0.265131592,0.066093773,3.089291968,0.168687750,53.782689465,0,29,26,3,0.026827012,8,0,0,0,0,1044,8,20229,86314,26729,15,1965487
1725,1706585419.982604027,1706585420.079893589,1,0,0,1,39.567265635,-9.351469713,-0.393695724,-0.007573318,0.023104852,0.987193044,0.157666433,1125,390,0.346666667,0.036480049,0.023200882,0.015277366,0.263817386,53.296554523,0.000000000,0.263846977,0.065846205,3.091769786,0.169511906,53.809205617,0,25,20,5,0.022222222,7,0,0,0,0,1092,8,20233,86339,26736,15,1966579
1726,1706585420.082453489,1706585420.178558111,1,0,0,1,39.400441841,-9.292352163,-0.391633938,-0.011373873,0.019094389,0.986898126,0.159806533,1128,416,0.368794326,0.040528184,0.021420497,0.015861838,0.264251223,50.543894060,0.000000000,0.264970236,0.069208858,3.114913472,0.172393999,53.586030924,0,30,20,10,0.026595745,13,0,0,0,0,1075,23,20243,86369,26749,15,1967654
1727,1706585420.183085918,1706585420.282920122,1,0,0,1,39.229108816,-9.225683078,-0.407159405,-0.011952855,0.023148165,0.987335529,0.156492313,1148,379,0.330139373,0.035000960,0.021009742,0.014799645,0.230352851,51.836512864,0.000000000,0.263935150,0.069668103,3.116158326,0.178453295,53.532441236,0,36,21,15,0.031358885,6,0,0,0,0,1101,11,20263,86405,26755,15,1968755
1728,1706585420.282932043,1706585420.382740974,1,0,0,1,39.048417300,-9.158809633,-0.411215537,-0.013343929,0.027661877,0.987935152,0.151792277,1098,365,0.332422587,0.037023951,0.022146942,0.014962618,0.230200875,55.330796504,0.000000000,0.263150251,0.060010686,3.149776647,0.188152586,53.602744355,0,25,17,8,0.022768670,10,0,0,0,0,1056,17,20275,86430,26765,15,1969811
1729,1706585420.382753372,1706585420.482576847,1,0,0,1,38.870694166,-9.112468465,-0.409159033,-0.004782501,0.027054303,0.989670211,0.140705601,1185,376,0.317299578,0.035195362,0.023900320,0.015522520,0.269026820,56.678939637,0.000000000,0.262794681,0.060452104,3.175387029,0.209268605,53.830969555,0,24,22,2,0.020253165,6,0,0,0,0,1155,6,20282,86454,26771,15,1970966
1730,1706585420.482589006,1706585420.582424879,1,0,0,1,38.712824096,-9.060487721,-0.412831538,-0.003985730,0.026357147,0.991348936,0.128517321,1279,452,0.353401095,0.037660559,0.021125525,0.015060146,0.289627143,56.790984061,0.000000000,0.265463745,0.060622359,3.175780280,0.232023046,53.934429272,0,17,15,2,0.013291634,13,0,0,0,0,1249,13,20286,86471,26784,15,1972215
1731,1706585420.582436562,1706585420.682271481,1,0,0,1,38.567512043,-9.017027823,-0.411879882,0.003895317,0.028798690,0.992306396,0.120347320,1259,439,0.348689436,0.038621332,0.022776474,0.016397609,0.274569563,57.817482036,0.000000000,0.267099209,0.061681532,3.164943693,0.233292023,54.134970763,0,24,24,0,0.019062748,12,0,0,0,0,1223,12,20288,86495,26796,15,1973438
1732,1706585420.683081388,1706585420.782665491,1,0,0,1,38.421020312,-8.982731145,-0.413718469,0.001308597,0.027108877,0.992617939,0.118207543,1291,471,0.364833462,0.041068158,0.023475181,0.016089086,0.316646171,61.450728933,0.000000000,0.269639693,0.066772691,3.143379023,0.221629130,54.282618280,0,35,33,2,0.027110767,16,0,0,0,0,1240,16,20295,86530,26812,15,1974678
1733,1706585420.782927513,1706585420.881098270,1,0,0,1,38.266845690,-8.961587351,-0.415603974,-0.002444036,0.026947574,0.992708857,0.117460545,1282,465,0.362714509,0.042683549,0.025654322,0.016808315,0.307443710,60.411122128,0.000000000,0.273052755,0.071410708,3.123035944,0.219773241,54.542532119,0,35,35,0,0.027301092,13,0,0,0,0,1234,13,20301,86565,26825,15,1975912
1734,1706585420.882769585,1706585420.982591629,1,0,0,1,38.117795880,-8.936074280,-0.408056721,-0.006303136,0.020049320,0.992750907,0.118338209,1237,417,0.337105901,0.039566975,0.026320187,0.018271700,0.284969318,57.818853600,0.000000000,0.276931554,0.063869940,3.113972973,0.216146476,54.784543195,0,29,27,2,0.023443816,7,0,0,0,0,1201,7,20309,86594,26832,15,1977113
1735,1706585420.982604265,1706585421.082436085,1,0,0,1,37.960388769,-8.895405458,-0.409104843,-0.005871820,0.023678265,0.992880154,0.116592715,1282,452,0.352574103,0.040890025,0.023177432,0.016059719,0.319108256,57.686442971,0.000000000,0.281368029,0.065106085,3.107106950,0.214737919,55.030009486,0,39,37,2,0.030421217,15,0,0,0,0,1228,15,20320,86633,26847,15,1978341
1736,1706585421.082448483,1706585421.182205677,1,0,0,1,37.790953764,-8.834494819,-0.416673298,-0.010147529,0.024855394,0.991907237,0.124093792,1207,421,0.348798674,0.040140448,0.026028936,0.018049163,0.282551724,59.115585685,0.000000000,0.282416879,0.059188083,3.118757525,0.224659897,55.563568377,0,37,34,3,0.030654515,10,0,0,0,0,1160,10,20334,86670,26857,15,1979501
1737,1706585421.183066845,1706585421.280896664,1,0,0,1,37.646097867,-8.796828755,-0.421451461,-0.003926028,0.024585619,0.991001466,0.131515128,1212,403,0.332508251,0.038345938,0.023874134,0.016746284,0.251072191,60.045593023,0.000000000,0.280293873,0.057228535,3.110276021,0.232041274,56.146064724,0,33,23,10,0.027227723,10,0,0,0,0,1165,14,20351,86703,26867,15,1980666
1738,1706585421.282906294,1706585421.379545927,1,0,0,1,37.511753965,-8.745008715,-0.424552784,-0.006131434,0.026754916,0.990176504,0.137102412,1248,391,0.313301282,0.038865407,0.023969188,0.015693864,0.284978262,61.845119747,0.000000000,0.281126106,0.055347112,3.105459789,0.230059544,56.599078038,0,50,40,10,0.040064103,11,0,0,0,0,1182,16,20369,86753,26878,15,1981848
1739,1706585421.382753134,1706585421.482587576,1,0,0,1,37.378390498,-8.680983794,-0.426138957,0.003352028,0.026708882,0.989332966,0.143163128,1256,439,0.349522293,0.043280319,0.027285855,0.018199783,0.307386027,58.255145320,0.000000000,0.283970647,0.061149743,3.105797447,0.225562524,56.725584919,0,42,33,9,0.033439490,9,0,0,0,0,1200,14,20383,86795,26887,15,1983048
1740,1706585421.482599974,1706585421.582432270,1,0,0,1,37.224811709,-8.619487635,-0.441860705,-0.003839162,0.033679978,0.988203667,0.149346688,1254,467,0.372408293,0.043509109,0.027492829,0.020674541,0.281373012,61.003734197,0.000000000,0.281013558,0.063559923,3.112726102,0.215452586,57.073691901,0,30,28,2,0.023923445,12,0,0,0,0,1211,13,20393,86825,26899,15,1984259
1741,1706585421.582444668,1706585421.682293653,1,0,0,1,37.076496303,-8.569042621,-0.418172392,0.009433118,0.034340559,0.988396292,0.147663510,1248,438,0.350961538,0.047717428,0.029112454,0.019565731,0.255162943,57.112270686,0.000000000,0.278817029,0.075576333,3.110503463,0.198317076,57.278289498,0,48,43,5,0.038461538,16,0,0,0,0,1183,17,20407,86873,26915,15,1985442
1742,1706585421.682704926,1706585421.782519817,1,0,0,1,36.936194862,-8.528721556,-0.419535410,0.012192729,0.025938255,0.988755672,0.146767727,1359,512,0.376747609,0.054412872,0.031843524,0.022271067,0.259060456,64.421062755,0.000000000,0.279098085,0.107159810,3.103182874,0.181166731,57.691879897,0,45,43,2,0.033112583,22,0,0,0,0,1292,22,20419,86918,26937,15,1986734
1743,1706585421.782531977,1706585421.882365227,1,0,0,1,36.781068823,-8.483435105,-0.430525970,-0.006089164,0.024770981,0.989357678,0.143250496,1259,457,0.362986497,0.053110864,0.031365032,0.022623857,0.263672268,57.543015328,0.000000000,0.277192731,0.123999530,3.103032191,0.177816923,57.747276519,0,48,46,2,0.038125496,18,0,0,0,0,1193,18,20427,86966,26955,15,1987927
1744,1706585421.882776976,1706585421.982603312,1,0,0,1,36.632427704,-8.444816109,-0.439628538,0.005661001,0.031031417,0.990151275,0.136401819,1253,418,0.333599362,0.038220453,0.024557291,0.015172560,0.268627177,59.397674499,0.000000000,0.275194869,0.125302479,3.084247249,0.186448141,57.920075628,0,27,24,3,0.021548284,10,0,0,0,0,1216,10,20433,86993,26965,15,1989143
1745,1706585421.982614040,1706585422.082023621,1,0,0,1,36.473718997,-8.408020739,-0.434148001,-0.016545316,0.040422430,0.990354713,0.131490769,1267,433,0.341752170,0.047779466,0.033272503,0.022237917,0.292604593,60.837095920,0.000000000,0.276634229,0.125513009,3.070256758,0.193662343,58.297102698,0,35,33,2,0.027624309,16,0,0,0,0,1216,16,20438,87028,26981,15,1990359
1746,1706585422.082446098,1706585422.180768728,1,0,0,1,36.335733499,-8.375496723,-0.443747519,-0.008397514,0.033156479,0.992712896,0.115547550,1136,355,0.312500000,0.047585516,0.031842092,0.023556603,0.286093050,52.897942188,0.000000000,0.277726321,0.127939892,3.027846613,0.218196351,58.414805104,0,41,39,2,0.036091549,12,0,0,0,0,1083,12,20444,87069,26993,15,1991442
1747,1706585422.183091402,1706585422.282925606,1,0,0,1,36.201336022,-8.354486361,-0.451314346,0.008662083,0.025597759,0.993430447,0.111201035,1266,448,0.353870458,0.052260863,0.033787115,0.022314295,0.322313207,60.811415781,0.000000000,0.282324338,0.129652668,2.971374698,0.216208207,58.863550250,0,54,51,3,0.042654028,18,0,0,0,0,1194,18,20455,87123,27011,15,1992636
1748,1706585422.282936335,1706585422.382771969,1,0,0,1,36.050229094,-8.323336233,-0.445300250,-0.009897997,0.020590067,0.993569321,0.110896722,1282,434,0.338533541,0.041836522,0.026494058,0.017473642,0.305031603,61.639823569,0.000000000,0.286065875,0.125280171,2.942099121,0.195600576,59.179001603,0,55,54,1,0.042901716,9,0,0,0,0,1218,9,20465,87178,27020,15,1993854
1749,1706585422.382783651,1706585422.481918812,1,0,0,1,35.920963005,-8.289066703,-0.448363770,-0.005264213,0.027220672,0.993363470,0.111625887,1179,400,0.339270568,0.040391997,0.026314776,0.016997960,0.256283453,60.802938460,0.000000000,0.285428706,0.118310488,2.909617596,0.172582023,59.385201544,0,38,31,7,0.032230704,8,0,0,0,0,1133,8,20477,87216,27028,15,1994987
1750,1706585422.482630014,1706585422.580606222,1,0,0,1,35.785064877,-8.236269842,-0.444211697,-0.000404675,0.031393684,0.992939031,0.114395599,1259,424,0.336775218,0.037544579,0.026610565,0.017774439,0.285665394,62.503991682,0.000000000,0.285230619,0.118476963,2.903795578,0.162315129,59.670851926,0,35,26,9,0.027799841,6,0,0,0,0,1215,9,20495,87251,27034,15,1996202
1751,1706585422.582465410,1706585422.679398775,1,0,0,1,35.655406329,-8.192162627,-0.450986223,0.012331381,0.037735808,0.992549191,0.115195701,1280,439,0.342968750,0.038491409,0.024945957,0.016874988,0.259802800,61.479846169,0.000000000,0.284492281,0.118635354,2.890454260,0.160407415,59.853970132,0,40,35,5,0.031250000,10,0,0,0,0,1227,13,20501,87291,27044,15,1997429
1752,1706585422.682705879,1706585422.782538414,1,0,0,1,35.512917052,-8.117217197,-0.454696285,0.017605509,0.050814384,0.991551752,0.118038418,1361,461,0.338721528,0.040821052,0.025223232,0.016148750,0.317170067,64.296032845,0.000000000,0.284518476,0.118803801,2.895864793,0.165186356,59.996235328,0,38,36,2,0.027920647,12,0,0,0,0,1310,13,20514,87329,27056,15,1998739
1753,1706585422.782550812,1706585422.882366419,1,0,0,1,35.380784785,-8.066505217,-0.460510884,0.013160531,0.062197384,0.990196595,0.124374391,1340,467,0.348507463,0.042416181,0.027830245,0.018216014,0.351758220,61.081204330,0.000000000,0.286734201,0.118889256,2.886108008,0.175883370,60.029739438,0,35,35,0,0.026119403,14,0,0,0,0,1291,14,20520,87364,27070,15,2000030
1754,1706585422.882776022,1706585422.982610464,1,0,0,1,35.220582380,-8.023397697,-0.450814468,0.002516156,0.055047470,0.990010835,0.129776699,1269,451,0.355397951,0.041359931,0.027059941,0.017698865,0.303080098,59.349706220,0.000000000,0.287639740,0.117461016,2.889712545,0.181922658,60.106282069,0,40,37,3,0.031520883,9,0,0,0,0,1220,9,20530,87404,27079,15,2001250
1755,1706585422.982621670,1706585423.082449675,1,0,0,1,35.063876657,-7.986430621,-0.443048424,0.005166962,0.042961438,0.991245881,0.124736605,1215,417,0.343209877,0.040524113,0.028431170,0.017457218,0.264096305,63.874377096,0.000000000,0.284889143,0.117735853,2.870696811,0.176848058,60.415678775,0,34,32,2,0.027983539,5,0,0,0,0,1176,5,20536,87438,27084,15,2002426
1756,1706585423.082462072,1706585423.182283640,1,0,0,1,34.906545324,-7.948286698,-0.435176190,0.007242621,0.043125552,0.991898707,0.119267292,1252,435,0.347444089,0.038211961,0.027730637,0.016446156,0.277089942,62.216637371,0.000000000,0.284616053,0.119814267,2.883028180,0.172442313,60.570731359,0,29,26,3,0.023162939,5,0,0,0,0,1218,5,20542,87467,27089,15,2003644
1757,1706585423.183094740,1706585423.282910347,1,0,0,1,34.753900486,-7.905292637,-0.440193624,0.013003673,0.047558375,0.991739677,0.118412496,1298,485,0.373651772,0.041428546,0.028307809,0.017476797,0.305984521,62.813026408,0.000000000,0.287361670,0.116959278,2.897666629,0.162433973,60.709103029,0,38,36,2,0.029275809,8,0,0,0,0,1252,8,20554,87505,27097,15,2004896
1758,1706585423.282934666,1706585423.381827593,1,0,0,1,34.603597061,-7.877049498,-0.433619651,0.016657845,0.036897382,0.992165093,0.118192756,1290,474,0.367441860,0.041321591,0.027429405,0.017207782,0.348344892,62.447429833,0.000000000,0.290530001,0.114700410,2.902797495,0.150025039,60.739218533,0,27,25,2,0.020930233,14,0,0,0,0,1249,14,20560,87532,27111,15,2006145
1759,1706585423.382776022,1706585423.480509281,1,0,0,1,34.446980401,-7.865394479,-0.429197573,0.015138418,0.030006706,0.993094638,0.112398695,1384,505,0.364884393,0.043763544,0.032872360,0.020550662,0.311796490,68.681270228,0.000000000,0.290750525,0.114625676,2.893730664,0.149943470,61.260524778,0,58,54,4,0.041907514,7,0,0,0,0,1319,7,20573,87590,27118,15,2007464
1760,1706585423.482631683,1706585423.582456350,1,0,0,1,34.274944374,-7.832315421,-0.429188343,0.003083761,0.027516998,0.994309142,0.102871937,1308,475,0.363149847,0.039809533,0.029241969,0.017348529,0.272927864,62.184985128,0.000000000,0.290328267,0.116705874,2.910477851,0.167370268,61.319587325,0,35,31,4,0.026758410,9,0,0,0,0,1264,9,20583,87625,27127,15,2008728
1761,1706585423.582468033,1706585423.682289600,1,0,0,1,34.115903764,-7.804701125,-0.426679908,0.008003450,0.026476497,0.995391680,0.091816903,1317,474,0.359908884,0.039447624,0.025816616,0.014645826,0.263817230,60.853243291,0.000000000,0.290760982,0.117183388,2.925930709,0.187580848,61.506635955,0,31,29,2,0.023538345,18,0,0,0,0,1268,18,20589,87656,27145,15,2009996
1762,1706585423.683099747,1706585423.781671286,1,0,0,1,33.949204412,-7.779819787,-0.426919345,0.002220971,0.027500618,0.996296277,0.081440232,1232,436,0.353896104,0.037307773,0.027309688,0.016790510,0.240282041,62.182744674,0.000000000,0.289822061,0.105683936,2.932502369,0.200679304,61.394720051,0,38,35,3,0.030844156,12,0,0,0,0,1180,14,20597,87694,27157,15,2011176
1763,1706585423.782956362,1706585423.880355835,1,0,0,1,33.785091104,-7.748470752,-0.439472447,0.004049885,0.033165414,0.996857140,0.071829639,1170,400,0.341880342,0.038120309,0.026119013,0.017706531,0.232067080,55.221651080,0.000000000,0.288241801,0.090834472,2.946208322,0.206576062,61.278651839,0,36,32,4,0.030769231,11,0,0,0,0,1122,12,20605,87730,27168,15,2012298
1764,1706585423.882788420,1706585423.979043245,1,0,0,1,33.616700139,-7.723358949,-0.432438299,-0.002958358,0.025325053,0.997096934,0.071746739,1166,378,0.324185249,0.038111955,0.025869689,0.018210097,0.213265503,56.325035225,0.000000000,0.285473718,0.090959841,2.953596281,0.195595934,61.125019875,0,34,30,4,0.029159520,3,0,0,0,0,1124,8,20613,87764,27171,15,2013422
1765,1706585423.982625484,1706585424.082474470,1,0,0,1,33.449490820,-7.699434462,-0.427921918,-0.006587250,0.022753864,0.996780419,0.076600693,1147,409,0.356582389,0.037816363,0.028480501,0.016136749,0.208502912,57.364969236,0.000000000,0.281268634,0.086675552,2.980477488,0.173816286,60.951413541,0,24,21,3,0.020924150,6,0,0,0,0,1117,6,20622,87788,27177,15,2014539
1766,1706585424.082485914,1706585424.182316780,1,0,0,1,33.288488859,-7.659649207,-0.433568033,-0.005617000,0.026242090,0.996184291,0.083046135,1133,378,0.333627538,0.036818120,0.027624638,0.017590004,0.227641761,57.480304232,0.000000000,0.278346069,0.081830435,3.010178238,0.179013406,61.180531643,0,35,33,2,0.030891439,3,0,0,0,0,1095,3,20628,87823,27180,15,2015634
1767,1706585424.182729721,1706585424.282543898,1,0,0,1,33.144143406,-7.634464070,-0.431086625,-0.003234307,0.026350356,0.995042317,0.095843542,1250,445,0.356000000,0.044310394,0.028111911,0.018685474,0.228777905,66.493153324,0.000000000,0.273669304,0.052976305,3.002323921,0.203411256,61.464618520,0,35,35,0,0.028000000,10,0,0,0,0,1205,10,20632,87858,27190,15,2016839
1768,1706585424.282569170,1706585424.382396936,1,0,0,1,32.997939720,-7.613778826,-0.426434887,-0.002569569,0.012183916,0.993729423,0.111116083,1217,439,0.360723090,0.041258395,0.026895330,0.017409996,0.268953348,58.827547463,0.000000000,0.271865391,0.052476149,3.016290294,0.232749070,61.324004715,0,32,32,0,0.026294166,9,0,0,0,0,1176,9,20634,87890,27199,15,2018015
1769,1706585424.382409096,1706585424.482242584,1,0,0,1,32.858435063,-7.573221425,-0.426967843,-0.004776409,0.003734570,0.992159555,0.124830508,1289,470,0.364623739,0.040056214,0.029588319,0.018087011,0.244699337,54.666440945,0.000000000,0.271286185,0.052444320,3.015719033,0.254627043,61.017179839,0,42,40,2,0.032583398,7,0,0,0,0,1240,7,20643,87932,27206,15,2019255
1770,1706585424.483054638,1706585424.582881212,1,0,0,1,32.711350342,-7.516148821,-0.426620616,-0.009793530,0.005623599,0.990980956,0.133526050,1220,469,0.384426230,0.038111887,0.027181161,0.017017135,0.222872287,62.248126405,0.000000000,0.268146530,0.051679636,3.036365995,0.269577067,61.004386575,0,31,30,1,0.025409836,7,0,0,0,0,1182,7,20650,87963,27213,15,2020437
1771,1706585424.582893610,1706585424.681382895,1,0,0,1,32.555396098,-7.449457013,-0.429497240,-0.014301324,0.007729687,0.989053366,0.146660027,1166,430,0.368782161,0.039625014,0.027332103,0.017478716,0.257014766,59.863140269,0.000000000,0.268007128,0.050954364,3.044966526,0.289570968,60.923551280,0,30,28,2,0.025728988,4,0,0,0,0,1132,4,20657,87993,27217,15,2021569
1772,1706585424.682732105,1706585424.779935598,1,0,0,1,32.403441045,-7.390227966,-0.430512986,-0.010881443,0.010459922,0.987558628,0.156525205,1144,437,0.381993007,0.044924791,0.029801121,0.018298806,0.273852093,57.886353886,0.000000000,0.265841230,0.057131501,3.066410863,0.297088901,60.603067332,0,32,31,1,0.027972028,9,0,0,0,0,1103,9,20664,88025,27226,15,2022672
1773,1706585424.782581568,1706585424.882416010,1,0,0,1,32.254926944,-7.318990161,-0.424443215,-0.003505516,0.010393071,0.985525914,0.169169643,1125,405,0.360000000,0.041046474,0.028001295,0.017756967,0.239101995,58.707224069,0.000000000,0.260208418,0.056083928,3.065054463,0.313218822,60.484368319,0,27,27,0,0.024000000,7,0,0,0,0,1091,7,20665,88052,27233,15,2023763
1774,1706585424.882427692,1706585424.982254982,1,0,0,1,32.106286391,-7.237688957,-0.428075110,0.006391454,0.014148492,0.983604002,0.179672305,1049,399,0.380362250,0.037078826,0.028588085,0.017298328,0.185448610,59.858282094,0.000000000,0.254326844,0.058353153,3.073321472,0.324953877,60.509797113,0,17,16,1,0.016205910,4,0,0,0,0,1028,4,20670,88069,27237,15,2024791
1775,1706585424.983066559,1706585425.081362963,1,0,0,1,31.953849027,-7.159969813,-0.430297746,0.002034987,0.025843415,0.981409034,0.190169093,1008,353,0.350198413,0.038675608,0.028301833,0.017613284,0.241477842,58.295617372,0.000000000,0.253195921,0.058794546,3.082361880,0.335311314,60.230859127,0,13,12,1,0.012896825,4,0,0,0,0,991,4,20672,88082,27241,15,2025782
1776,1706585425.082922459,1706585425.180110455,1,0,0,1,31.797437583,-7.084718148,-0.433076035,0.006639806,0.027221158,0.980301605,0.195508785,940,371,0.394680851,0.040412284,0.027458290,0.017428492,0.243666164,55.075493998,0.000000000,0.251524732,0.057917727,3.097292928,0.345307810,59.873801958,0,26,21,5,0.027659574,6,0,0,0,0,908,6,20680,88108,27247,15,2026690
1777,1706585425.182767153,1706585425.278879642,1,0,0,1,31.654816782,-7.030949562,-0.430976528,0.010069708,0.020976435,0.980000753,0.197628729,944,324,0.343220339,0.043387184,0.026460677,0.018002205,0.225925229,60.400194047,0.000000000,0.247521767,0.060243037,3.096651868,0.349469737,59.753160340,0,22,17,5,0.023305085,8,0,0,0,0,913,9,20685,88130,27255,15,2027603
1778,1706585425.282613516,1706585425.382443190,1,0,0,1,31.512158981,-6.968618373,-0.418529901,0.018150161,0.021523357,0.979202983,0.200919972,1000,362,0.362000000,0.042117469,0.030842005,0.017985148,0.290813513,56.994518529,0.000000000,0.244645198,0.060849274,3.095717176,0.344709763,59.480514775,0,31,24,7,0.031000000,9,0,0,0,0,959,10,20697,88161,27264,15,2028562
1779,1706585425.382455587,1706585425.482276678,1,0,0,1,31.386938800,-6.897172002,-0.409919849,0.020237760,0.023154146,0.978278526,0.205001084,1005,337,0.335323383,0.039998510,0.027556695,0.019370269,0.248565538,56.934578940,0.000000000,0.241483651,0.057419623,3.064955592,0.333287059,58.893180210,0,42,19,23,0.041791045,9,0,0,0,0,946,17,20726,88203,27273,15,2029508
1780,1706585425.483088493,1706585425.582912445,1,0,0,1,31.249182119,-6.825293564,-0.405626123,0.022094612,0.021421899,0.977302645,0.209600738,940,290,0.308510638,0.036041015,0.026117805,0.016825756,0.253348507,57.659975694,0.000000000,0.240504683,0.061501494,3.058956774,0.320826252,58.666929739,0,40,15,25,0.042553191,4,0,0,0,0,889,11,20756,88243,27277,15,2030397
1781,1706585425.582924128,1706585425.682759523,1,0,0,1,31.126737949,-6.755518364,-0.413260094,0.023672829,0.026991510,0.977052774,0.209949835,895,296,0.330726257,0.038793060,0.028787836,0.015940936,0.222746005,61.221476996,0.000000000,0.238451122,0.061753133,3.031546815,0.300693326,58.685341424,0,21,19,2,0.023463687,8,0,0,0,0,866,8,20758,88264,27285,15,2031263
1782,1706585425.682771444,1706585425.782589674,1,0,0,1,30.987976464,-6.671041339,-0.412687071,0.025370554,0.033864332,0.976960835,0.209181902,917,315,0.343511450,0.037289421,0.029678979,0.018080159,0.185284910,65.424051319,0.000000000,0.235701265,0.061777198,3.026449711,0.282744081,58.847406756,0,24,22,2,0.026172301,6,0,0,0,0,887,6,20766,88288,27291,15,2032150
1783,1706585425.782600164,1706585425.881578445,1,0,0,1,30.860257334,-6.602921751,-0.421469803,0.024251403,0.047521470,0.976231220,0.210062333,882,278,0.315192744,0.043235701,0.031778664,0.019496229,0.253870554,60.633712619,0.000000000,0.236791439,0.063562769,3.001067188,0.284277027,59.118009833,0,20,20,0,0.022675737,5,0,0,0,0,857,5,20768,88308,27296,15,2033007
1784,1706585425.882426977,1706585425.980189562,1,0,0,1,30.712988783,-6.528979095,-0.417866488,0.017681399,0.050592096,0.976019601,0.210982335,875,301,0.344000000,0.040426101,0.032852206,0.021611833,0.231633560,58.861038913,0.000000000,0.237709842,0.062527299,2.996923380,0.275853279,59.244810018,0,19,17,2,0.021714286,3,0,0,0,0,853,3,20773,88327,27299,15,2033860
1785,1706585425.983058214,1706585426.078900814,1,0,0,1,30.548441727,-6.453983019,-0.415194094,0.009306742,0.053906819,0.977824835,0.202153483,855,299,0.349707602,0.044008473,0.033828141,0.021413696,0.258741698,61.093445884,0.000000000,0.240221781,0.064114153,3.011834056,0.281882328,59.431233850,0,24,14,10,0.028070175,3,0,0,0,0,824,7,20786,88351,27302,15,2034684
1786,1706585426.082894802,1706585426.182721853,1,0,0,1,30.374272202,-6.390673914,-0.422941727,-0.001247348,0.057429644,0.980424045,0.188332079,867,279,0.321799308,0.045309818,0.034130996,0.018401797,0.273857908,64.048568427,0.000000000,0.242532588,0.065312290,3.050767642,0.285403122,59.759647060,0,28,26,2,0.032295271,7,0,0,0,0,827,12,20792,88379,27309,15,2035511
1787,1706585426.182734013,1706585426.282311678,1,0,0,1,30.205667381,-6.324579802,-0.420484184,-0.005066425,0.056808665,0.983580101,0.171222931,909,284,0.312431243,0.045052648,0.028753245,0.019020356,0.243144603,67.190958069,0.000000000,0.243250923,0.066555232,3.084148035,0.289660567,59.794537297,0,38,26,12,0.041804180,6,0,0,0,0,861,10,20810,88417,27315,15,2036372
1788,1706585426.282573462,1706585426.381049395,1,0,0,1,30.041998242,-6.276569118,-0.407312004,-0.000522230,0.055102372,0.985974777,0.157534740,974,343,0.352156057,0.045557786,0.034231154,0.021602838,0.267444140,69.179925285,0.000000000,0.243175463,0.070783379,3.109939893,0.289203134,60.312156188,0,23,21,2,0.023613963,11,0,0,0,0,940,11,20814,88440,27326,15,2037312
1789,1706585426.382408142,1706585426.479880095,1,0,0,1,29.898943616,-6.226676758,-0.394338861,0.006103221,0.054925326,0.987961385,0.144493117,1060,364,0.343396226,0.047738388,0.034175603,0.021973326,0.316550983,67.627723593,0.000000000,0.246768045,0.078116917,3.104229844,0.297343983,60.960220320,0,34,31,3,0.032075472,6,0,0,0,0,1020,6,20825,88474,27332,15,2038332
1790,1706585426.483062744,1706585426.582884550,1,0,0,1,29.745543628,-6.196330473,-0.387910102,0.010468950,0.043715830,0.989452349,0.137707575,1123,434,0.386464826,0.043046478,0.033159269,0.021969992,0.317634488,69.186941940,0.000000000,0.251506155,0.075831099,3.091094536,0.284146942,61.307161097,0,32,27,5,0.028495102,10,0,0,0,0,1081,10,20837,88506,27342,15,2039413
1791,1706585426.582896709,1706585426.682723522,1,0,0,1,29.606465547,-6.177133185,-0.378149881,0.009175155,0.028900394,0.990532461,0.133888114,1227,491,0.400162999,0.046231166,0.034390988,0.021737324,0.263339193,70.876746746,0.000000000,0.251822377,0.077861516,3.068736764,0.272177133,61.857841421,0,51,43,8,0.041564792,10,0,0,0,0,1163,13,20852,88557,27352,15,2040576
1792,1706585426.682735205,1706585426.782555103,1,0,0,1,29.482241114,-6.147321287,-0.372782635,0.005878123,0.020956479,0.990817121,0.133445518,1235,443,0.358704453,0.041195604,0.032620504,0.019025122,0.319011371,73.025013453,0.000000000,0.254080341,0.076646813,3.031773512,0.247583325,62.614774399,0,64,44,20,0.051821862,9,0,0,0,0,1158,13,20885,88621,27361,15,2041734
1793,1706585426.782567501,1706585426.882411718,1,0,0,1,29.349882441,-6.089524705,-0.366345426,0.007245781,0.022840555,0.990604336,0.134643443,1157,446,0.385479689,0.042814090,0.033283780,0.019844650,0.287583436,78.248881789,0.000000000,0.256504413,0.076520712,3.006883083,0.228509165,63.591857285,0,34,29,5,0.029386344,8,0,0,0,0,1115,8,20896,88655,27369,15,2042849
1794,1706585426.882424116,1706585426.982259512,1,0,0,1,29.233268997,-6.049805374,-0.363022508,0.009305870,0.025683207,0.990117423,0.137554580,1150,478,0.415652174,0.045599010,0.030674914,0.020734305,0.263052659,74.379037089,0.000000000,0.260384615,0.073216634,2.958999219,0.213336609,64.317895035,0,42,39,3,0.036521739,13,0,0,0,0,1095,13,20906,88697,27382,15,2043944
1795,1706585426.983069897,1706585427.082912207,1,0,0,1,29.093175072,-6.001371929,-0.357867099,0.011925824,0.027763912,0.989621305,0.140487058,1175,492,0.418723404,0.042369224,0.031699353,0.019245919,0.260007169,75.449360853,0.000000000,0.261311081,0.070163430,2.933724194,0.208315587,65.175582209,0,28,28,0,0.023829787,8,0,0,0,0,1139,8,20913,88725,27390,15,2045083
1796,1706585427.082923889,1706585427.181711674,1,0,0,1,28.949597578,-5.961394999,-0.351957584,0.012574392,0.027019314,0.988996197,0.144908124,1187,473,0.398483572,0.040380896,0.029826583,0.018002895,0.285624307,66.474720034,0.000000000,0.263408989,0.070192401,2.930446279,0.212806861,65.745543511,0,38,35,3,0.032013479,7,0,0,0,0,1142,7,20921,88763,27397,15,2046225
1797,1706585427.182759047,1706585427.280375242,1,0,0,1,28.792738654,-5.913351095,-0.351474962,0.007596065,0.025161468,0.988895900,0.146267220,1179,481,0.407972858,0.039985192,0.031786819,0.018530017,0.264995957,67.641795277,0.000000000,0.265362525,0.071487103,2.938321340,0.208060556,66.107623572,0,56,52,4,0.047497880,5,0,0,0,0,1111,12,20933,88819,27402,15,2047336
1798,1706585427.282596588,1706585427.379093885,1,0,0,1,28.632140567,-5.856631143,-0.358718686,0.004890090,0.027310466,0.989032117,0.145071349,1164,471,0.404639175,0.037904690,0.028401217,0.018202823,0.242188701,71.708573994,0.000000000,0.262931284,0.075455498,2.964369500,0.202104717,66.843326346,0,40,35,5,0.034364261,4,0,0,0,0,1115,9,20941,88859,27406,15,2048451
1799,1706585427.382447720,1706585427.482273817,1,0,0,1,28.478119831,-5.807660207,-0.361182067,0.004652618,0.037760145,0.989690438,0.138077375,1137,469,0.412489006,0.041202551,0.030168774,0.018276518,0.259565080,79.575741380,0.000000000,0.263481261,0.074636647,2.970565952,0.206764308,67.975384468,0,46,39,7,0.040457344,6,0,0,0,0,1076,15,20952,88905,27412,15,2049527
1800,1706585427.483083487,1706585427.582139492,1,0,0,1,28.331449267,-5.764140321,-0.358000557,0.006197051,0.037607533,0.990859216,0.129403572,1154,453,0.392547660,0.041108099,0.029786037,0.018280001,0.293862306,71.697294832,0.000000000,0.265506951,0.066688503,2.982453778,0.223129138,68.677250425,0,36,32,4,0.031195841,9,0,0,0,0,1104,14,20959,88941,27421,15,2050631
1801,1706585427.582926512,1706585427.680881262,1,0,0,1,28.179448332,-5.729859610,-0.357651639,0.005447593,0.032776824,0.992062014,0.121280516,1164,473,0.406357388,0.041866315,0.031543825,0.019086490,0.261898845,69.304407529,0.000000000,0.267464593,0.063572321,2.975818376,0.238362930,69.081396951,0,34,33,1,0.029209622,7,0,0,0,0,1123,7,20963,88975,27428,15,2051754
1802,1706585427.682767153,1706585427.779716492,1,0,0,1,28.029761963,-5.699852805,-0.347921251,0.009281275,0.032464874,0.992834711,0.114626028,1221,506,0.414414414,0.043606954,0.030560857,0.019358286,0.231353592,75.665104390,0.000000000,0.269768028,0.056435740,2.983776719,0.249415262,69.593449605,0,40,36,4,0.032760033,12,0,0,0,0,1169,12,20970,89015,27440,15,2052923
1803,1706585427.782597303,1706585427.882416725,1,0,0,1,27.884359182,-5.658193196,-0.338662252,0.012950833,0.030639317,0.993330632,0.110398209,1183,486,0.410819949,0.041959028,0.033122904,0.020811347,0.230336383,72.597092667,0.000000000,0.268591319,0.056705492,2.970484143,0.256517377,70.191618607,0,53,51,2,0.044801352,5,0,0,0,0,1122,8,20982,89068,27445,15,2054045
1804,1706585427.882428408,1706585427.982256174,1,0,0,1,27.744138082,-5.617740647,-0.338630935,0.018573609,0.034788998,0.993619654,0.105663289,1263,536,0.424386382,0.043136038,0.032542397,0.018233194,0.226498271,79.451371643,0.000000000,0.268334555,0.055009631,2.935572183,0.246576339,71.221135244,0,58,52,6,0.045922407,12,0,0,0,0,1190,15,21000,89126,27457,15,2055235
1805,1706585427.983065605,1706585428.082902908,1,0,0,1,27.604404523,-5.594476592,-0.338586087,0.021590356,0.036260871,0.993763685,0.103212132,1288,544,0.422360248,0.041947291,0.031133856,0.018734884,0.221174907,78.860433058,0.000000000,0.266456215,0.055115584,2.891748407,0.221880767,72.109484602,0,47,43,4,0.036490683,13,0,0,0,0,1228,13,21010,89173,27470,15,2056463
1806,1706585428.082914829,1706585428.182754755,1,0,0,1,27.440153569,-5.553063066,-0.337828787,0.015275196,0.035126869,0.994264879,0.099850495,1240,538,0.433870968,0.041060554,0.030982623,0.018603081,0.216422684,79.135048066,0.000000000,0.263584454,0.054560974,2.880028148,0.194059821,72.863808584,0,59,56,3,0.047580645,14,0,0,0,0,1167,14,21022,89232,27484,15,2057630
1807,1706585428.182765961,1706585428.282594919,1,0,0,1,27.292067027,-5.513228574,-0.334931764,0.014338835,0.046081182,0.994141869,0.096710220,1212,500,0.412541254,0.044333877,0.032626520,0.020692208,0.206133975,78.309480290,0.000000000,0.261733922,0.053870071,2.862332690,0.173005497,73.419734695,0,49,48,1,0.040429043,17,0,0,0,0,1146,17,21028,89281,27501,15,2058776
1808,1706585428.282607079,1706585428.382432699,1,0,0,1,27.152961108,-5.476993670,-0.338639949,0.014892924,0.054515756,0.993783968,0.095914847,1290,549,0.425581395,0.042086149,0.030688606,0.018330591,0.221616498,83.478206059,0.000000000,0.259442540,0.051807207,2.854068516,0.148746446,74.134648734,0,63,61,2,0.048837209,12,0,0,0,0,1215,12,21034,89344,27513,15,2059991
1809,1706585428.382444143,1706585428.481820822,1,0,0,1,26.999901374,-5.433724733,-0.334364513,0.013501408,0.055828669,0.993721005,0.096017891,1238,506,0.408723748,0.039147463,0.030247875,0.016620360,0.235878988,80.869951593,0.000000000,0.255408941,0.046542387,2.856679185,0.135539556,74.796760134,0,55,55,0,0.044426494,7,0,0,0,0,1176,7,21039,89399,27520,15,2061167
1810,1706585428.483093977,1706585428.580524206,1,0,0,1,26.855148832,-5.405098521,-0.328772457,0.018298142,0.054212455,0.993726842,0.096089286,1227,515,0.419722901,0.041359612,0.033610512,0.020554459,0.209800839,78.818945306,0.000000000,0.250017258,0.046434017,2.863605455,0.128267509,75.278360302,0,43,41,2,0.035044825,13,0,0,0,0,1171,13,21042,89442,27533,15,2062338
1811,1706585428.582933187,1706585428.682753325,1,0,0,1,26.692630626,-5.360943429,-0.321423435,0.014040778,0.049793176,0.993805494,0.098357188,1245,525,0.421686747,0.041966849,0.031383320,0.018519156,0.222452917,74.440812620,0.000000000,0.247972944,0.040373299,2.904311214,0.131113258,75.456563596,0,41,38,3,0.032931727,8,0,0,0,0,1195,9,21055,89483,27541,15,2063533
1812,1706585428.682764053,1706585428.782584429,1,0,0,1,26.550694353,-5.328697342,-0.324536726,0.016291563,0.052343694,0.993164968,0.103044016,1255,586,0.466932271,0.042285636,0.032755916,0.020505014,0.198179817,76.133240062,0.000000000,0.241931367,0.040291184,2.905326895,0.138324189,75.611974927,0,49,48,1,0.039043825,12,0,0,0,0,1193,13,21058,89532,27553,15,2064726
1813,1706585428.782609224,1706585428.881968260,1,0,0,1,26.395520134,-5.300993713,-0.317876555,0.012518248,0.044776085,0.992851663,0.109927118,1205,532,0.441493776,0.041411598,0.030039822,0.018188010,0.189573569,71.325988455,0.000000000,0.237030873,0.040016353,2.939858340,0.145612195,75.265830260,0,34,32,2,0.028215768,6,0,0,0,0,1165,6,21061,89566,27559,15,2065891
1814,1706585428.882455349,1706585428.980746269,1,0,0,1,26.237211270,-5.255844544,-0.309644423,0.010465706,0.044954447,0.992458940,0.113555359,1185,501,0.422784810,0.042434985,0.030938760,0.018991992,0.249821607,73.410201757,0.000000000,0.236369321,0.034373298,2.956365719,0.146608250,75.217388493,0,34,32,2,0.028691983,11,0,0,0,0,1140,11,21064,89600,27570,15,2067031
1815,1706585428.983078718,1706585429.079580069,1,0,0,1,26.081131256,-5.190133460,-0.302432887,0.006420466,0.049026968,0.991844785,0.117469381,1143,496,0.433945757,0.038832260,0.031653307,0.019821736,0.202614934,64.069217618,0.000000000,0.233499709,0.037080743,2.976711498,0.145150402,74.648381331,0,37,36,1,0.032370954,5,0,0,0,0,1101,5,21067,89637,27575,15,2068132
1816,1706585429.082912207,1706585429.182740450,1,0,0,1,25.926128322,-5.140183636,-0.286354940,0.003562811,0.049448708,0.991074487,0.123747701,1115,475,0.426008969,0.037667121,0.029767553,0.018569085,0.209780560,67.737406328,0.000000000,0.229707522,0.041857101,2.976303265,0.155067979,74.711515646,0,36,33,3,0.032286996,7,0,0,0,0,1071,8,21074,89673,27582,15,2069203
1817,1706585429.182752609,1706585429.282579899,1,0,0,1,25.793829837,-5.113497032,-0.257983940,0.017462210,0.033507361,0.990757699,0.130274748,1187,524,0.441449031,0.040736275,0.031733022,0.019660978,0.244824232,69.504164530,0.000000000,0.228698935,0.041330222,2.943742242,0.166727734,74.804634109,0,38,34,4,0.032013479,9,0,0,0,0,1139,10,21086,89711,27591,15,2070342
1818,1706585429.282592058,1706585429.382430553,1,0,0,1,25.657365330,-5.085304839,-0.238715698,0.026515335,0.022120740,0.990029533,0.136561832,1237,550,0.444624091,0.042566179,0.031010933,0.018519130,0.235972299,69.098825058,0.000000000,0.228388115,0.037002959,2.922777022,0.165525043,74.674146662,0,42,40,2,0.033953112,12,0,0,0,0,1183,12,21094,89753,27603,15,2071525
1819,1706585429.382441521,1706585429.482299805,1,0,0,1,25.536266865,-5.045931873,-0.231706823,0.029975608,0.019069709,0.989242388,0.141905982,1261,587,0.465503569,0.039880348,0.028747604,0.018602359,0.239909727,75.026021126,0.000000000,0.227405348,0.038045922,2.897284128,0.159022346,74.446660649,0,51,48,3,0.040444092,10,0,0,0,0,1200,10,21100,89804,27613,15,2072725
1820,1706585429.482710838,1706585429.582526445,1,0,0,1,25.388410041,-4.991628439,-0.226755552,0.025295500,0.024382846,0.988902238,0.144353659,1314,576,0.438356164,0.038845761,0.027307214,0.017901067,0.208247773,72.251791925,0.000000000,0.223124621,0.040563327,2.899056390,0.147482295,74.474385504,0,44,42,2,0.033485540,11,0,0,0,0,1259,11,21106,89848,27624,15,2073984
1821,1706585429.582538366,1706585429.682353497,1,0,0,1,25.241322514,-4.931281779,-0.225075286,0.015249995,0.034967991,0.989007008,0.142862927,1224,571,0.466503268,0.038221972,0.027185353,0.018340737,0.210533271,75.207739492,0.000000000,0.220556342,0.043846404,2.905076817,0.137783653,74.769552102,0,49,46,3,0.040032680,8,0,0,0,0,1167,8,21112,89897,27632,15,2075151
1822,1706585429.682765245,1706585429.781129599,1,0,0,1,25.094652267,-4.873380976,-0.227602576,0.013876796,0.041036905,0.988869555,0.142339066,1212,543,0.448019802,0.037731407,0.025365473,0.017239842,0.210862574,68.862938188,0.000000000,0.219531791,0.045565131,2.911246200,0.130573439,74.429443792,0,45,43,2,0.037128713,11,0,0,0,0,1156,11,21121,89942,27643,15,2076307
1823,1706585429.782614708,1706585429.879827499,1,0,0,1,24.957579868,-4.808948438,-0.224119949,0.016980481,0.049350796,0.988002099,0.145354790,1183,560,0.473372781,0.041886203,0.031826794,0.021338134,0.206109417,66.396057626,0.000000000,0.218320443,0.045519240,2.916807502,0.128107382,74.119392040,0,57,51,6,0.048182587,12,0,0,0,0,1111,15,21124,89999,27655,15,2077418
1824,1706585429.882460833,1706585429.978518724,1,0,0,1,24.812501128,-4.752175753,-0.223829645,0.021718932,0.049460753,0.987082340,0.150832279,1216,556,0.457236842,0.036689360,0.027086216,0.017574721,0.168165142,69.880269740,0.000000000,0.215403787,0.049191761,2.930942301,0.135071474,73.640836945,0,45,37,8,0.037006579,6,0,0,0,0,1154,17,21137,90044,27661,15,2078572
1825,1706585429.983099222,1706585430.082924843,1,0,0,1,24.650706646,-4.702709890,-0.224625534,0.019906894,0.051397880,0.986962282,0.151219799,1195,549,0.459414226,0.034998328,0.026299276,0.016918893,0.185195074,67.197511690,0.000000000,0.213604795,0.057288622,2.930738304,0.128392685,73.057690876,0,55,39,16,0.046025105,5,0,0,0,0,1131,9,21160,90099,27666,15,2079703
1826,1706585430.082937241,1706585430.181967497,1,0,0,1,24.502846245,-4.641822771,-0.224283025,0.023709122,0.057017113,0.987186523,0.147138354,1197,561,0.468671679,0.035653938,0.027409669,0.017497389,0.186986085,67.980466586,0.000000000,0.212132965,0.062512556,2.937266728,0.129865076,72.499961802,0,52,46,6,0.043441938,3,0,0,0,0,1141,4,21170,90151,27669,15,2080844
1827,1706585430.182778835,1706585430.280761003,1,0,0,1,24.346378637,-4.581301416,-0.215330691,0.014164394,0.059867579,0.988200296,0.140269092,1178,571,0.484719864,0.039371000,0.031236145,0.018968447,0.167621823,67.870060272,0.000000000,0.210207357,0.057568949,2.961474372,0.143518645,71.977990801,0,44,42,2,0.037351443,9,0,0,0,0,1125,9,21179,90195,27678,15,2081969
1828,1706585430.282623291,1706585430.379756927,1,0,0,1,24.210842503,-4.550621600,-0.203607755,0.021064315,0.050178672,0.989946612,0.130553060,1180,548,0.464406780,0.037475530,0.031242264,0.019414546,0.201173200,61.547862916,0.000000000,0.209185192,0.057372294,2.941817483,0.162393756,70.881473644,0,49,47,2,0.041525424,5,0,0,0,0,1126,5,21187,90244,27683,15,2083095
1829,1706585430.382463455,1706585430.482296944,1,0,0,1,24.074991421,-4.536371826,-0.190253320,0.028293230,0.042911350,0.991002553,0.123580131,1248,579,0.463942308,0.036214732,0.027512554,0.017812064,0.205312579,69.069184904,0.000000000,0.207656872,0.060328212,2.931403243,0.175246907,70.291435310,0,35,34,1,0.028044872,7,0,0,0,0,1205,8,21188,90279,27690,15,2084300
1830,1706585430.482707739,1706585430.582528591,1,0,0,1,23.935799144,-4.503333871,-0.184918318,0.026286342,0.046112612,0.992106589,0.113609733,1318,631,0.478755690,0.038504086,0.028498769,0.019148784,0.208566228,71.069929701,0.000000000,0.207595141,0.059475336,2.905992092,0.191417103,69.903984530,0,42,41,1,0.031866464,7,0,0,0,0,1268,8,21189,90321,27697,15,2085568
1831,1706585430.582539797,1706585430.682367325,1,0,0,1,23.792793404,-4.466800422,-0.179941956,0.028366116,0.051078180,0.992537307,0.107033069,1304,607,0.465490798,0.041738746,0.029604700,0.020802952,0.200687231,73.637784451,0.000000000,0.206506857,0.059155396,2.908088089,0.194489383,69.863833121,0,49,49,0,0.037576687,12,0,0,0,0,1243,12,21190,90370,27709,15,2086811
1832,1706585430.682779312,1706585430.782599926,1,0,0,1,23.640741281,-4.448650484,-0.173324324,0.022177865,0.043222752,0.993019263,0.107483387,1270,581,0.457480315,0.039561220,0.030905798,0.019255827,0.194782573,73.328089821,0.000000000,0.206336995,0.056529962,2.903594093,0.181265559,69.723575609,0,48,47,1,0.037795276,9,0,0,0,0,1213,9,21191,90418,27718,15,2088024
1833,1706585430.782611370,1706585430.882430315,1,0,0,1,23.475684096,-4.439830766,-0.165441261,0.008373081,0.028552109,0.993446573,0.110356583,1272,616,0.484276730,0.038043570,0.027996609,0.016781754,0.174439513,71.747762819,0.000000000,0.205580292,0.055199386,2.904247704,0.178510939,69.744664327,0,46,45,1,0.036163522,6,0,0,0,0,1220,6,21192,90464,27724,15,2089244
1834,1706585430.882441759,1706585430.982275248,1,0,0,1,23.310018027,-4.419652581,-0.156378586,0.001580691,0.022281030,0.993944957,0.107584757,1230,587,0.477235772,0.038953946,0.029877513,0.018559446,0.171891080,65.943352890,0.000000000,0.201683766,0.051241049,2.901882002,0.176970009,69.371321884,0,42,41,1,0.034146341,7,0,0,0,0,1181,7,21197,90506,27731,15,2090425
1835,1706585430.983087063,1706585431.081198454,1,0,0,1,23.154717650,-4.378414578,-0.154552286,0.002655872,0.020125008,0.994383706,0.103869991,1211,569,0.469859620,0.037189427,0.027942664,0.018182470,0.179704638,65.571437041,0.000000000,0.200538251,0.052018689,2.898930503,0.172043691,69.446432855,0,44,44,0,0.036333609,6,0,0,0,0,1161,6,21204,90550,27737,15,2091586
1836,1706585431.082933426,1706585431.179593086,1,0,0,1,22.998027899,-4.324051404,-0.158810970,0.006594778,0.030705079,0.994520548,0.099712525,1232,591,0.479707792,0.036735826,0.027807209,0.016702466,0.167361234,67.032913998,0.000000000,0.198417285,0.052900339,2.926924678,0.165932788,69.411208239,0,47,46,1,0.038149351,5,0,0,0,0,1177,8,21207,90597,27742,15,2092763
1837,1706585431.182775497,1706585431.282600403,1,0,0,1,22.828013116,-4.279210985,-0.157360033,0.003810293,0.030565171,0.994886131,0.096191674,1245,585,0.469879518,0.035684610,0.028026155,0.016944409,0.161503584,63.526904288,0.000000000,0.194251252,0.053934207,2.962087191,0.160248233,69.112345227,0,29,28,1,0.023293173,2,0,0,0,0,1212,4,21213,90626,27744,15,2093975
1838,1706585431.282612324,1706585431.382442713,1,0,0,1,22.678148462,-4.248108649,-0.158207061,0.004496146,0.027109288,0.994893535,0.097117069,1241,600,0.483481064,0.038722830,0.027415575,0.018973822,0.142704240,67.238722785,0.000000000,0.189587849,0.047870588,2.987616450,0.151267301,69.019340113,0,39,37,2,0.031426269,9,0,0,0,0,1193,9,21218,90665,27753,15,2095168
1839,1706585431.382454634,1706585431.481735945,1,0,0,1,22.532642583,-4.218944387,-0.141130112,0.006651094,0.016772731,0.995080077,0.097417037,1203,584,0.485453034,0.039236810,0.030958025,0.019083121,0.174408191,60.746068533,0.000000000,0.186312772,0.047225286,2.979404321,0.147007966,68.305342483,0,35,35,0,0.029093932,4,0,0,0,0,1164,4,21224,90700,27757,15,2096332
1840,1706585431.483095884,1706585431.580775738,1,0,0,1,22.401303384,-4.193076085,-0.129867787,0.018210303,0.011160375,0.994936212,0.098212857,1302,612,0.470046083,0.037484966,0.030975377,0.017084343,0.171527881,66.354928932,0.000000000,0.184476778,0.047183789,2.954745099,0.145450961,68.010499334,0,50,50,0,0.038402458,7,0,0,0,0,1245,7,21227,90750,27764,15,2097577
1841,1706585431.582935572,1706585431.682765484,1,0,0,1,22.252530282,-4.169764428,-0.140198514,0.005200211,0.011411623,0.995276581,0.096266612,1257,622,0.494828958,0.042027556,0.030276684,0.020203646,0.143970889,62.405230060,0.000000000,0.181148659,0.052271805,2.947981865,0.148665129,67.370373862,0,42,39,3,0.033412888,9,0,0,0,0,1206,9,21233,90792,27773,15,2098783
1842,1706585431.682776928,1706585431.782622337,1,0,0,1,22.107754115,-4.132429020,-0.125650654,0.011142630,0.013288065,0.994799350,0.100366937,1245,593,0.476305221,0.035649177,0.026852517,0.017359223,0.138035357,65.105742859,0.000000000,0.177507298,0.054367246,2.946699841,0.150563627,67.182514096,0,43,39,4,0.034538153,3,0,0,0,0,1199,3,21243,90835,27776,15,2099982
1843,1706585431.782633066,1706585431.882464170,1,0,0,1,21.969512736,-4.096689477,-0.126182051,0.014366508,0.019069390,0.994156613,0.105273886,1327,671,0.505651846,0.038272592,0.029318684,0.019008529,0.179872995,70.989287390,0.000000000,0.176195477,0.049612466,2.933695634,0.149086223,67.412175584,0,44,44,0,0.033157498,7,0,0,0,0,1276,7,21247,90879,27783,15,2101258
1844,1706585431.882476568,1706585431.982289791,1,0,0,1,21.829549156,-4.061069793,-0.126704560,0.005979264,0.025685089,0.993169653,0.113659868,1245,599,0.481124498,0.038453143,0.028388302,0.018322657,0.143895503,62.827120744,0.000000000,0.174981995,0.049022123,2.908932403,0.165011256,67.059518134,0,38,37,1,0.030522088,5,0,0,0,0,1202,5,21251,90917,27788,15,2102460
1845,1706585431.983101606,1706585432.082928658,1,0,0,1,21.704824754,-4.032723669,-0.111878867,0.024666762,0.011710342,0.992737002,0.117165113,1269,629,0.495665879,0.037904931,0.029390800,0.018762730,0.168781326,65.223221785,0.000000000,0.174161307,0.045401901,2.877787334,0.164961434,66.960803639,0,46,44,2,0.036249015,8,0,0,0,0,1214,9,21257,90963,27796,15,2103674
1846,1706585432.082940817,1706585432.182766199,1,0,0,1,21.564388484,-4.000160896,-0.105681006,0.013202437,0.011437268,0.992815916,0.118369934,1296,679,0.523919753,0.036622734,0.028954489,0.019338980,0.185942039,64.521785197,0.000000000,0.174109105,0.043832554,2.854079248,0.151938732,66.787869569,0,40,37,3,0.030864198,6,0,0,0,0,1249,7,21265,91003,27802,15,2104923
1847,1706585432.182778120,1706585432.282238483,1,0,0,1,21.416087480,-3.969354435,-0.102378403,0.009827734,0.010224387,0.992789910,0.119025508,1249,646,0.517213771,0.038546133,0.030348067,0.018327798,0.188181523,64.230899021,0.000000000,0.175137090,0.043368866,2.866123488,0.134193971,66.605911507,0,39,38,1,0.031224980,12,0,0,0,0,1198,12,21272,91042,27814,15,2106121
1848,1706585432.282625437,1706585432.380717993,1,0,0,1,21.255785903,-3.921371050,-0.090342294,0.006538278,0.012557931,0.993363538,0.114142150,1248,634,0.508012821,0.034976314,0.026417551,0.017564395,0.161477167,63.289837266,0.000000000,0.173152288,0.047065804,2.896637197,0.130563158,66.693010224,0,38,36,2,0.030448718,6,0,0,0,0,1204,6,21277,91080,27820,15,2107325
1849,1706585432.382476091,1706585432.479105234,1,0,0,1,21.095258041,-3.875113662,-0.096950291,0.005528978,0.021081990,0.993612605,0.110720241,1242,662,0.533011272,0.034086745,0.026798532,0.018032690,0.179671389,63.036856334,0.000000000,0.171870229,0.051432533,2.920668668,0.117267287,66.391393796,0,37,35,2,0.029790660,6,0,0,0,0,1199,6,21280,91117,27826,15,2108524
1850,1706585432.482710600,1706585432.582532644,1,0,0,1,20.932156945,-3.828776849,-0.102447567,0.004243954,0.027669092,0.993669295,0.108801389,1232,622,0.504870130,0.038189365,0.029249786,0.018354199,0.191715611,56.525406811,0.000000000,0.171027698,0.051361242,2.942630835,0.108385882,65.664167651,0,47,47,0,0.038149351,9,0,0,0,0,1176,9,21283,91164,27835,15,2109700
1851,1706585432.582545042,1706585432.682387114,1,0,0,1,20.768340260,-3.792874983,-0.105931465,0.003425942,0.027111132,0.993716046,0.108543401,1249,657,0.526020817,0.037148817,0.027591057,0.017731402,0.161931342,62.694607184,0.000000000,0.169089904,0.046208073,2.957097206,0.108874710,65.117008788,0,27,26,1,0.021617294,11,0,0,0,0,1211,11,21289,91191,27846,15,2110911
1852,1706585432.682399035,1706585432.781698942,1,0,0,1,20.605409508,-3.754048936,-0.098403745,0.002235607,0.019197527,0.993423712,0.112852940,1178,637,0.540747029,0.035324737,0.026664529,0.016480610,0.146271852,58.875014303,0.000000000,0.166664368,0.046875659,2.959278716,0.113137519,64.394355012,0,43,41,2,0.036502547,7,0,0,0,0,1128,7,21293,91234,27853,15,2112039
1853,1706585432.783033609,1706585432.880609512,1,0,0,1,20.437623954,-3.719529294,-0.102254132,-0.003129756,0.019123770,0.993612873,0.111166291,1217,662,0.543960559,0.036489344,0.028098809,0.017958468,0.188510927,57.919772397,0.000000000,0.167367938,0.047159042,2.963485431,0.110769041,63.702955491,0,41,41,0,0.033689400,7,0,0,0,0,1169,7,21299,91275,27860,15,2113208
1854,1706585432.882869720,1706585432.982690096,1,0,0,1,20.284531700,-3.672485509,-0.091603427,-0.000470122,0.015430087,0.992931843,0.117677721,1153,606,0.525585429,0.034074014,0.025544237,0.016353707,0.125785959,57.793489347,0.000000000,0.165062682,0.050182312,2.963303857,0.116566812,63.295462314,0,28,27,1,0.024284475,7,0,0,0,0,1118,7,21302,91303,27867,15,2114326
1855,1706585432.982702255,1706585433.082521200,1,0,0,1,20.132732480,-3.618531252,-0.084835594,0.000388117,0.018773181,0.992668454,0.119401665,1226,672,0.548123980,0.037695779,0.028066787,0.017242363,0.165830468,59.079509074,0.000000000,0.164368974,0.050253621,2.958641495,0.111947230,62.970865915,0,47,47,0,0.038336052,9,0,0,0,0,1170,9,21308,91350,27876,15,2115496
1856,1706585433.082533598,1706585433.182359695,1,0,0,1,19.994671246,-3.565453583,-0.092732676,0.004964669,0.027600648,0.991910810,0.123800246,1216,646,0.531250000,0.032471806,0.025592951,0.015472004,0.181230546,56.264627759,0.000000000,0.165062439,0.057632745,2.930930212,0.113770906,62.432451603,0,46,45,1,0.037828947,8,0,0,0,0,1162,8,21310,91396,27884,15,2116658
1857,1706585433.182769775,1706585433.282586813,1,0,0,1,19.865715643,-3.519835560,-0.094321955,0.004746628,0.030950155,0.990156698,0.136415804,1266,691,0.545813586,0.044020644,0.031520364,0.020340091,0.159179566,56.908149779,0.000000000,0.164946238,0.069672267,2.914665559,0.137310895,62.101513878,0,48,48,0,0.037914692,10,0,0,0,0,1208,10,21321,91444,27894,15,2117866
1858,1706585433.282597780,1706585433.382432938,1,0,0,1,19.730549733,-3.484525969,-0.091576797,-0.001510998,0.024926424,0.989611197,0.141584144,1219,665,0.545529122,0.036001265,0.026721557,0.017904149,0.145009172,54.765980692,0.000000000,0.165061485,0.069842394,2.905015146,0.146794316,61.477876773,0,39,34,5,0.031993437,10,0,0,0,0,1169,11,21330,91483,27904,15,2119035
1859,1706585433.382445097,1706585433.482294083,1,0,0,1,19.604925201,-3.431511070,-0.093047710,-0.003577212,0.028496317,0.988751785,0.146782393,1197,653,0.545530493,0.039788726,0.028257964,0.019212887,0.160090420,55.561712133,0.000000000,0.164345597,0.070432804,2.907040561,0.155273506,61.218658953,0,36,31,5,0.030075188,9,0,0,0,0,1152,9,21338,91519,27913,15,2120187
1860,1706585433.482703686,1706585433.581435919,1,0,0,1,19.476731139,-3.383963804,-0.086277685,0.001017171,0.031275138,0.988554642,0.147582355,1140,621,0.544736842,0.036924156,0.025865765,0.017303058,0.174148100,54.293706582,0.000000000,0.164476608,0.070498144,2.892993401,0.152834068,60.615597836,0,27,25,2,0.023684211,10,0,0,0,0,1103,10,21342,91546,27923,15,2121290
1861,1706585433.582545757,1706585433.680016994,1,0,0,1,19.351514553,-3.341450291,-0.091685232,0.007037881,0.034785100,0.988943105,0.143986114,1172,659,0.562286689,0.036014177,0.026742451,0.017566020,0.148459043,56.712451749,0.000000000,0.164701015,0.064783867,2.875121921,0.151265325,60.330958920,0,37,34,3,0.031569966,7,0,0,0,0,1128,7,21346,91583,27930,15,2122418
1862,1706585433.682399988,1706585433.778545856,1,0,0,1,19.210917704,-3.291572167,-0.093780074,0.009480070,0.037478932,0.989929708,0.136178675,1175,672,0.571914894,0.036025928,0.025116696,0.016067114,0.156113522,56.102061598,0.000000000,0.165604923,0.064515060,2.881531214,0.156703234,59.880774857,0,37,35,2,0.031489362,9,0,0,0,0,1128,10,21355,91620,27939,15,2123546
1863,1706585433.783049107,1706585433.882871628,1,0,0,1,19.059250315,-3.250117588,-0.100455268,0.011784955,0.042738954,0.991214649,0.124611464,1231,703,0.571080422,0.034740529,0.026890056,0.016282546,0.146064421,56.898031677,0.000000000,0.163914495,0.065539497,2.894477609,0.163218461,59.176212072,0,47,47,0,0.038180341,13,0,0,0,0,1171,13,21357,91667,27952,15,2124717
1864,1706585433.882883072,1706585433.982687712,1,0,0,1,18.913030031,-3.210508156,-0.108248791,-0.002644082,0.042867203,0.992005301,0.118662942,1232,714,0.579545455,0.032759925,0.024557752,0.015430924,0.143503585,53.674691067,0.000000000,0.163894899,0.069292349,2.917406811,0.168861342,58.718590588,0,32,31,1,0.025974026,8,0,0,0,0,1192,8,21360,91699,27960,15,2125909
1865,1706585433.982724190,1706585434.081743717,1,0,0,1,18.754267984,-3.169416016,-0.103426307,-0.003003937,0.044777473,0.992780459,0.111233599,1141,619,0.542506573,0.034966651,0.027874095,0.017866061,0.117908170,48.947040199,0.000000000,0.161351241,0.069542162,2.937176295,0.181859752,57.904781508,0,34,33,1,0.029798422,6,0,0,0,0,1101,6,21363,91733,27966,15,2127010
1866,1706585434.082578659,1706585434.180784464,1,0,0,1,18.593547752,-3.141799548,-0.085936100,-0.008732256,0.032359801,0.993173655,0.111725924,1149,637,0.554395126,0.031787378,0.025963241,0.015205499,0.146266010,49.277674431,0.000000000,0.159367440,0.075163677,2.949684263,0.181490624,57.142575970,0,35,34,1,0.030461271,3,0,0,0,0,1111,3,21367,91768,27969,15,2128121
1867,1706585434.182419062,1706585434.282237053,1,0,0,1,18.430830399,-3.122614227,-0.083243740,-0.009354367,0.015984311,0.993891809,0.108793700,1151,623,0.541268462,0.033955383,0.025907685,0.015917471,0.132831591,49.226130241,0.000000000,0.156599943,0.075019738,2.945789519,0.177146919,56.392337531,0,29,28,1,0.025195482,3,0,0,0,0,1119,3,21367,91797,27972,15,2129240
1868,1706585434.283046722,1706585434.382872343,1,0,0,1,18.290847682,-3.087030573,-0.084443103,0.000535847,0.019132041,0.993674622,0.110654519,1230,693,0.563414634,0.034588683,0.026877705,0.016064730,0.132978323,52.658527168,0.000000000,0.155175001,0.075276908,2.923038782,0.174307183,55.860772026,0,35,34,1,0.028455285,5,0,0,0,0,1190,5,21377,91832,27977,15,2130430
1869,1706585434.382883310,1706585434.482706308,1,0,0,1,18.147404483,-3.038064437,-0.083064612,-0.000337674,0.020550518,0.993204943,0.114549133,1218,697,0.572249589,0.033436927,0.024191043,0.015287057,0.140709131,50.997433898,0.000000000,0.153226888,0.076039243,2.904971015,0.178208096,55.258800904,0,34,34,0,0.027914614,4,0,0,0,0,1179,5,21379,91866,27981,15,2131609
1870,1706585434.482718229,1706585434.582553148,1,0,0,1,18.005279525,-3.011967311,-0.083983200,0.003347000,0.016254842,0.992870772,0.118034777,1214,707,0.582372323,0.032501723,0.024387407,0.015876702,0.146974167,52.754016215,0.000000000,0.150989816,0.077618471,2.881734185,0.184801549,55.070231375,0,53,53,0,0.043657331,9,0,0,0,0,1152,9,21385,91919,27990,15,2132761
1871,1706585434.582564592,1706585434.682394266,1,0,0,1,17.855784397,-2.975237186,-0.085405178,0.001575622,0.016575586,0.992750498,0.119034515,1238,703,0.567851373,0.035506438,0.026036142,0.017025056,0.149766207,49.986978457,0.000000000,0.150381559,0.077095689,2.868019924,0.178145544,54.434849938,0,36,35,1,0.029079160,10,0,0,0,0,1192,10,21390,91955,28000,15,2133953
1872,1706585434.682405949,1706585434.782249451,1,0,0,1,17.722192386,-2.932541908,-0.079641417,0.007715541,0.018527299,0.992368979,0.121659441,1217,689,0.566146261,0.036036902,0.025073927,0.016589440,0.155450240,51.417255291,0.000000000,0.150840478,0.077095129,2.837044061,0.180079893,54.061961988,0,41,40,1,0.033689400,8,0,0,0,0,1168,8,21398,91996,28008,15,2135121
1873,1706585434.783060789,1706585434.881034851,1,0,0,1,17.587029296,-2.895280056,-0.074931616,0.005382940,0.017409297,0.991863623,0.125994022,1212,706,0.582508251,0.035184352,0.025165955,0.016193048,0.157352871,51.517178483,0.000000000,0.149282576,0.076980783,2.816817337,0.175492222,53.741832292,0,45,45,0,0.037128713,3,0,0,0,0,1164,3,21402,92041,28011,15,2136285
1874,1706585434.882918835,1706585434.979774952,1,0,0,1,17.477517161,-2.850923218,-0.056842596,0.022349826,0.016837217,0.991061598,0.130437352,1206,671,0.556384743,0.037308752,0.027573716,0.017514084,0.160827740,51.796313459,0.000000000,0.151034665,0.076941023,2.775103545,0.181697437,53.441973498,0,39,37,2,0.032338308,12,0,0,0,0,1155,12,21407,92080,28023,15,2137440
1875,1706585434.982757568,1706585435.082584858,1,0,0,1,17.368426487,-2.807141532,-0.056915237,0.027737609,0.019913553,0.989683918,0.139139566,1289,762,0.591155935,0.037298408,0.028004202,0.018092372,0.156401984,49.594984098,0.000000000,0.150563241,0.076591013,2.744528619,0.190633153,52.967747249,0,44,42,2,0.034134988,7,0,0,0,0,1238,7,21416,92124,28030,15,2138678
1876,1706585435.082596779,1706585435.182415724,1,0,0,1,17.240948453,-2.768505712,-0.067436064,0.013380868,0.020442925,0.988720921,0.147763252,1229,721,0.586655818,0.034252070,0.023614937,0.015211020,0.153718250,51.054149782,0.000000000,0.149187626,0.074310526,2.741351968,0.181843423,52.707223350,0,41,38,3,0.033360456,13,0,0,0,0,1175,13,21422,92165,28043,15,2139853
1877,1706585435.182427168,1706585435.282263517,1,0,0,1,17.113429654,-2.735202326,-0.059158799,0.012452360,0.011883762,0.987756252,0.155052578,1191,694,0.582703610,0.034018197,0.025766413,0.015632161,0.134047647,50.910860843,0.000000000,0.147931030,0.052486842,2.733678774,0.186265704,52.407358903,0,38,38,0,0.031905961,12,0,0,0,0,1140,13,21426,92203,28055,15,2140993
1878,1706585435.283073425,1706585435.382087708,1,0,0,1,16.995047319,-2.682191378,-0.046648311,0.005022462,0.015335314,0.988879884,0.147838350,1190,697,0.585714286,0.035888071,0.025635683,0.016905526,0.133012593,51.791988088,0.000000000,0.147331201,0.052426075,2.727629338,0.190712150,52.258659273,0,39,38,1,0.032773109,9,0,0,0,0,1142,9,21433,92242,28064,15,2142135
1879,1706585435.382922411,1706585435.482761621,1,0,0,1,16.884346366,-2.614583375,-0.069091046,0.006347500,0.041548947,0.988050628,0.148288066,1164,683,0.586769759,0.033968301,0.025118507,0.015808731,0.139144359,49.180459012,0.000000000,0.146283898,0.043548825,2.722374641,0.189927252,51.939596617,0,34,34,0,0.029209622,11,0,0,0,0,1119,11,21440,92276,28075,15,2143254
1880,1706585435.482773304,1706585435.582591057,1,0,0,1,16.785729533,-2.541390641,-0.066004270,0.014845546,0.055914678,0.986428961,0.153658920,1222,710,0.581014730,0.037037712,0.026053745,0.017276112,0.139463472,50.945581611,0.000000000,0.144549666,0.043768573,2.712876681,0.194868397,51.772190368,0,29,28,1,0.023731588,7,0,0,0,0,1186,7,21446,92305,28082,15,2144440
1881,1706585435.582602978,1706585435.682427406,1,0,0,1,16.668111495,-2.497767402,-0.069652260,0.017643912,0.056484945,0.985926305,0.156356852,1184,705,0.595439189,0.035420563,0.026617802,0.017480051,0.123575941,51.192874766,0.000000000,0.143305511,0.043318262,2.689180055,0.185114069,51.496211519,0,35,34,1,0.029560811,7,0,0,0,0,1142,7,21452,92340,28089,15,2145582
1882,1706585435.682439804,1706585435.782279015,1,0,0,1,16.557089166,-2.484237974,-0.059082520,0.022400920,0.038946800,0.986612857,0.156768669,1181,709,0.600338696,0.034802972,0.024995844,0.017017745,0.137919032,49.760778269,0.000000000,0.142395787,0.042676601,2.644149755,0.162990190,51.179147353,0,31,30,1,0.026248942,9,0,0,0,0,1141,9,21455,92371,28098,15,2146723
1883,1706585435.783090353,1706585435.882927418,1,0,0,1,16.483068934,-2.485456353,-0.019415850,0.035158532,0.014554368,0.985841561,0.163304819,1172,701,0.598122867,0.035664337,0.023130282,0.015840988,0.144164008,49.605457513,0.000000000,0.142300766,0.042981691,2.576446864,0.162886001,50.814518645,0,23,23,0,0.019624573,6,0,0,0,0,1143,6,21458,92394,28104,15,2147866
1884,1706585435.882938862,1706585435.982767582,1,0,0,1,16.414663437,-2.473709305,-0.010448794,0.053874090,-0.001829263,0.984582738,0.166406333,1176,697,0.592687075,0.031831138,0.023115868,0.014535862,0.108504568,49.917445862,0.000000000,0.140550815,0.045215385,2.482365884,0.153890962,50.626656384,0,41,41,0,0.034863946,2,0,0,0,0,1133,2,21463,92435,28106,15,2148999
1885,1706585435.982780218,1706585436.082602978,1,0,0,1,16.314833385,-2.433353152,-0.011001384,0.050918200,0.001844034,0.986066226,0.158358244,1194,718,0.601340034,0.030789797,0.020563302,0.014011979,0.111922831,48.834873261,0.000000000,0.140251548,0.051914140,2.426034914,0.169226238,50.621048037,0,30,29,1,0.025125628,3,0,0,0,0,1161,3,21469,92465,28109,15,2150160
1886,1706585436.082615376,1706585436.181024790,1,0,0,1,16.209778750,-2.387876667,-0.012464978,0.047757013,0.010423486,0.986632988,0.155454062,1196,716,0.598662207,0.032117830,0.022215764,0.014889464,0.130161326,46.954000430,0.000000000,0.139446314,0.051187045,2.376652938,0.168969316,50.504864337,0,22,22,0,0.018394649,8,0,0,0,0,1166,8,21474,92487,28117,15,2151326
1887,1706585436.182459354,1706585436.279523611,1,0,0,1,16.091764501,-2.344202740,-0.017147651,0.036272579,0.013278415,0.986651295,0.158199895,1179,706,0.598812553,0.033875809,0.023798807,0.016298655,0.132834142,46.780760180,0.000000000,0.139446442,0.051236007,2.358136745,0.170029133,50.382595834,0,31,30,1,0.026293469,6,0,0,0,0,1142,6,21481,92518,28123,15,2152468
1888,1706585436.283082724,1706585436.382924080,1,0,0,1,15.952638242,-2.294439157,-0.003897345,0.011165517,0.019745813,0.987226867,0.157697645,1176,694,0.590136054,0.037420016,0.028043582,0.019530510,0.112746796,49.782878479,0.000000000,0.138434865,0.054060605,2.354911194,0.164343358,50.238813400,0,39,36,3,0.033163265,7,0,0,0,0,1130,7,21487,92557,28130,15,2153598
1889,1706585436.382936001,1706585436.482768059,1,0,0,1,15.825088694,-2.244606678,0.010353628,-0.017520251,0.021676465,0.987173030,0.157202356,1120,676,0.603571429,0.036170992,0.026994872,0.017471538,0.108133122,50.686939002,0.000000000,0.136806065,0.053885323,2.348085268,0.159255573,50.223288655,0,46,44,2,0.041071429,3,0,0,0,0,1070,4,21494,92603,28133,15,2154668
1890,1706585436.482780695,1706585436.582614422,1,0,0,1,15.707676812,-2.219968987,0.014958279,-0.015218391,0.010747613,0.988872874,0.147591764,1043,599,0.574304890,0.032754957,0.022486581,0.014731314,0.129685116,44.361907663,0.000000000,0.135941612,0.053432320,2.314194848,0.176327698,49.803683227,0,31,30,1,0.029721956,6,0,0,0,0,1005,7,21496,92634,28139,15,2155673
1891,1706585436.582626104,1706585436.682469368,1,0,0,1,15.588656727,-2.212959475,0.019454474,-0.007934173,-0.007556583,0.989719209,0.142603765,1130,668,0.591150442,0.034745678,0.026279807,0.015355308,0.133426279,46.825393810,0.000000000,0.135124616,0.053327639,2.293138774,0.180522157,49.645603995,0,48,37,11,0.042477876,10,0,0,0,0,1069,13,21519,92682,28149,15,2156742
1892,1706585436.682481527,1706585436.782315731,1,0,0,1,15.486180878,-2.196783509,0.018222184,0.000345515,-0.012736199,0.990804742,0.134698301,1186,692,0.583473862,0.037673009,0.027374595,0.017931261,0.132799560,47.483971360,0.000000000,0.133992082,0.055650278,2.256606473,0.188017767,49.448939799,0,43,41,2,0.036256324,10,0,0,0,0,1133,10,21525,92725,28159,15,2157875
1893,1706585436.782726765,1706585436.882566452,1,0,0,1,15.381871979,-2.146799535,0.007622117,0.012352694,0.001778291,0.991766657,0.127448608,1217,728,0.598192276,0.035502685,0.025590897,0.017363776,0.134600304,47.262666564,0.000000000,0.132854454,0.055724380,2.253226734,0.192821277,49.236214203,0,36,36,0,0.029580937,11,0,0,0,0,1170,11,21527,92761,28170,15,2159045
1894,1706585436.882578611,1706585436.982393980,1,0,0,1,15.278272981,-2.097783799,0.007405018,0.010687811,0.014957409,0.992089409,0.124179917,1241,732,0.589846898,0.036987018,0.025775547,0.016513212,0.135615202,50.547364077,0.000000000,0.131593827,0.055219844,2.250287896,0.181177864,49.173766734,0,27,26,1,0.021756648,15,0,0,0,0,1199,15,21535,92788,28185,15,2160244
1895,1706585436.982405186,1706585437.082217216,1,0,0,1,15.162907239,-2.065577834,0.007313001,0.009583873,0.016438450,0.992217930,0.123050830,1184,723,0.610641892,0.037627720,0.027104890,0.017473629,0.141382064,47.653753335,0.000000000,0.130842831,0.055812425,2.236445619,0.166831527,49.076705195,0,30,29,1,0.025337838,10,0,0,0,0,1144,10,21540,92818,28195,15,2161388
1896,1706585437.083025932,1706585437.182853937,1,0,0,1,15.038729803,-2.030193161,0.017410141,0.007106095,0.013706161,0.992386080,0.122194573,1229,731,0.594792514,0.036497554,0.026606368,0.016066665,0.142214738,49.687534932,0.000000000,0.130267655,0.056272982,2.233904774,0.154140365,49.008374453,0,36,35,1,0.029292107,9,0,0,0,0,1184,9,21547,92854,28204,15,2162572
1897,1706585437.182865858,1706585437.282704592,1,0,0,1,14.904136794,-1.993491402,-0.003933671,-0.010206999,0.015340246,0.992623763,0.119827209,1236,750,0.606796117,0.037592504,0.028694482,0.018744451,0.133685541,49.097709142,0.000000000,0.130249550,0.057701606,2.244724049,0.144585074,48.917716868,0,39,38,1,0.031553398,8,0,0,0,0,1189,8,21551,92893,28212,15,2163761
1898,1706585437.282716751,1706585437.381496668,1,0,0,1,14.751225309,-1.956188765,0.005935511,-0.024404590,0.016919726,0.992674553,0.117112640,1066,635,0.595684803,0.041402437,0.029831605,0.019465756,0.132744112,44.443729051,0.000000000,0.130236126,0.068684394,2.270788373,0.149327211,48.550303916,0,40,38,2,0.037523452,12,0,0,0,0,1014,12,21554,92933,28224,15,2164775
1899,1706585437.382555723,1706585437.480119944,1,0,0,1,14.617767590,-1.920849998,0.000354032,-0.022082895,0.016135675,0.993288420,0.112383718,1028,611,0.594357977,0.035588334,0.027202737,0.017933651,0.120431163,42.182828530,0.000000000,0.129300466,0.067817934,2.286108917,0.146968607,48.200422392,0,21,21,0,0.020428016,4,0,0,0,0,1003,4,21555,92954,28228,15,2165778
1900,1706585437.482777596,1706585437.578734636,1,0,0,1,14.492072425,-1.895367554,-0.002969554,-0.026168769,0.017452774,0.993768648,0.106932084,1053,650,0.617283951,0.034182060,0.025051671,0.016230410,0.118469065,45.260601181,0.000000000,0.128250745,0.067913735,2.288903995,0.152281478,47.916173370,0,38,38,0,0.036087369,10,0,0,0,0,1005,10,21557,92992,28238,15,2166783
1901,1706585437.582613230,1706585437.682415485,1,0,0,1,14.364312162,-1.871799177,-0.007356356,-0.018066774,0.017723132,0.994704862,0.099607830,1081,662,0.612395930,0.036112750,0.029251665,0.017252876,0.124940116,45.251247840,0.000000000,0.128318954,0.067975884,2.306551996,0.165924673,47.619092024,0,46,36,10,0.042553191,13,0,0,0,0,1014,21,21568,93038,28251,15,2167797
1902,1706585437.682439327,1706585437.782255888,1,0,0,1,14.256303046,-1.857786762,-0.006231462,0.008054554,0.009654797,0.995196953,0.097082102,1199,738,0.615512927,0.043229400,0.034431307,0.020258913,0.115577519,49.491038982,0.000000000,0.127201879,0.081835677,2.331484428,0.157157806,47.605605060,0,42,38,4,0.035029191,9,0,0,0,0,1144,13,21575,93080,28260,15,2168941
1903,1706585437.783066273,1706585437.882898092,1,0,0,1,14.127673986,-1.833335307,-0.007769369,0.000250750,0.003705577,0.995349547,0.096257394,1176,689,0.585884354,0.033699953,0.025844541,0.015400493,0.125685260,46.609813931,0.000000000,0.126277941,0.083134388,2.392442253,0.152967175,47.455822881,0,39,39,0,0.033163265,6,0,0,0,0,1131,6,21578,93119,28266,15,2170072
1904,1706585437.882910013,1706585437.982745647,1,0,0,1,14.014579179,-1.811209328,-0.003541928,-0.000626375,0.000446491,0.995318298,0.096648299,1151,690,0.599478714,0.035277571,0.025661155,0.015772964,0.098836827,49.029866528,0.000000000,0.125794554,0.078908193,2.400078712,0.137587715,47.411443914,0,30,27,3,0.026064292,3,0,0,0,0,1118,3,21585,93149,28269,15,2171190
1905,1706585437.982757092,1706585438.082586765,1,0,0,1,13.919052526,-1.784407281,-0.001043236,0.005277338,0.005695991,0.995103109,0.098536833,1203,723,0.600997506,0.034394740,0.026766353,0.016465636,0.121817575,49.193291342,0.000000000,0.126289291,0.072177789,2.384840925,0.136153593,47.429364818,0,32,31,1,0.026600166,7,0,0,0,0,1164,7,21586,93181,28276,15,2172354
1906,1706585438.082597971,1706585438.182420015,1,0,0,1,13.802668418,-1.756798048,0.005537427,0.002113452,0.002327694,0.995004836,0.099777209,1195,706,0.590794979,0.033278061,0.023726513,0.015086231,0.112693598,46.739183059,0.000000000,0.125415905,0.069895689,2.378712499,0.133517816,47.418623949,0,27,27,0,0.022594142,7,0,0,0,0,1161,7,21589,93208,28283,15,2173515
1907,1706585438.182432652,1706585438.282256842,1,0,0,1,13.689864572,-1.738210766,0.005850892,0.002525469,0.002920671,0.994772016,0.102047671,1184,704,0.594594595,0.036076807,0.028506088,0.016734295,0.130768947,45.912775828,0.000000000,0.125312645,0.068134166,2.344686607,0.135975057,47.375224732,0,33,33,0,0.027871622,7,0,0,0,0,1144,7,21589,93241,28290,15,2174659
1908,1706585438.283069611,1706585438.382899284,1,0,0,1,13.557945894,-1.703489557,0.008443742,-0.002763180,-0.003148700,0.994279539,0.106726980,1142,661,0.578809107,0.035389319,0.029266221,0.018012565,0.128060534,43.904085613,0.000000000,0.126078332,0.068160991,2.343444677,0.143316727,47.081285089,0,37,36,1,0.032399299,5,0,0,0,0,1100,5,21595,93278,28295,15,2175759
1909,1706585438.382910967,1706585438.482740641,1,0,0,1,13.431998397,-1.669036718,0.000988579,-0.005127960,0.000133215,0.994505997,0.104553855,1167,709,0.607540703,0.036136485,0.029058759,0.017918050,0.130828522,45.475170637,0.000000000,0.127213102,0.068165292,2.354174743,0.128672718,46.820696670,0,40,38,2,0.034275921,7,0,0,0,0,1120,7,21600,93318,28302,15,2176879
1910,1706585438.482752562,1706585438.582569122,1,0,0,1,13.294979298,-1.639159590,-0.003041233,-0.011414478,0.007450405,0.994671160,0.102193370,1121,673,0.600356824,0.035562853,0.028941526,0.017387041,0.130106610,45.108627018,0.000000000,0.127234177,0.064501019,2.375160207,0.123836886,46.858032638,0,28,28,0,0.024977698,2,0,0,0,0,1090,3,21604,93346,28304,15,2177969
1911,1706585438.582580328,1706585438.681242943,1,0,0,1,13.173940769,-1.611326162,-0.000312474,-0.011035853,0.008936310,0.995169948,0.097134579,1102,657,0.596188748,0.035625628,0.028837660,0.018143044,0.126833128,44.743355619,0.000000000,0.126904519,0.063809453,2.395635693,0.117909747,46.753930728,0,23,21,2,0.020871143,3,0,0,0,0,1076,3,21606,93369,28307,15,2179045
1912,1706585438.682403088,1706585438.779957294,1,0,0,1,13.049969740,-1.595759394,0.007876732,-0.002867355,0.006694188,0.995819907,0.091047679,1083,640,0.590951062,0.033832883,0.026553301,0.016424842,0.089126641,47.516472879,0.000000000,0.124720873,0.065376184,2.404697108,0.115515989,46.755555804,0,35,35,0,0.032317636,3,0,0,0,0,1045,3,21610,93404,28310,15,2180090
1913,1706585438.783041477,1706585438.882852077,1,0,0,1,12.931824054,-1.571398508,0.001701346,-0.001396327,0.009390572,0.996563448,0.082287067,1152,685,0.594618056,0.036227433,0.028373129,0.016155624,0.120165437,45.308892370,0.000000000,0.123999130,0.065161514,2.410876626,0.126731626,46.657867095,0,27,26,1,0.023437500,7,0,0,0,0,1117,8,21614,93431,28317,15,2181207
1914,1706585438.882863760,1706585438.982695341,1,0,0,1,12.815059511,-1.544085520,0.003776550,0.012418816,0.009374056,0.996963356,0.076301816,1192,700,0.587248322,0.032812809,0.025028448,0.015268892,0.107350385,43.780407002,0.000000000,0.122585889,0.068494551,2.411034220,0.136154635,46.319519241,0,42,31,11,0.035234899,6,0,0,0,0,1138,12,21631,93473,28323,15,2182345
1915,1706585438.982707739,1706585439.082540989,1,0,0,1,12.698740551,-1.523681886,0.000572689,0.015814471,0.008553429,0.997396067,0.069841438,1200,709,0.590833333,0.036245819,0.029123851,0.017218257,0.119306174,44.364302698,0.000000000,0.121482095,0.067887148,2.399657864,0.147206100,46.155046709,0,31,26,5,0.025833333,8,0,0,0,0,1157,12,21637,93504,28331,15,2183502
1916,1706585439.082552433,1706585439.182379007,1,0,0,1,12.578023610,-1.502809193,0.000920093,0.012927595,0.011068048,0.997656510,0.066271135,1166,680,0.583190395,0.035715878,0.028567144,0.017136512,0.109263205,44.703380158,0.000000000,0.119834518,0.067886096,2.381035884,0.149120481,45.905838970,0,26,26,0,0.022298456,3,0,0,0,0,1137,3,21639,93530,28334,15,2184639
1917,1706585439.182390213,1706585439.282216549,1,0,0,1,12.444663446,-1.487412618,0.005407690,0.007514766,0.008431508,0.997698145,0.066864411,1141,703,0.616126205,0.034345766,0.027077479,0.015359530,0.107286566,44.015202375,0.000000000,0.118514569,0.067949738,2.357652049,0.144331691,45.651713632,0,24,24,0,0.021034181,5,0,0,0,0,1112,5,21641,93554,28339,15,2185751
1918,1706585439.283028126,1706585439.382858276,1,0,0,1,12.297592473,-1.467074499,0.008486056,0.004738086,0.007821860,0.997722388,0.066831174,1151,682,0.592528236,0.034529023,0.027461287,0.016885835,0.096376155,45.907829551,0.000000000,0.116696171,0.058330080,2.367984546,0.135004077,45.724918657,0,30,29,1,0.026064292,3,0,0,0,0,1118,3,21646,93584,28342,15,2186869
1919,1706585439.382868767,1706585439.482702971,1,0,0,1,12.166513919,-1.448898039,0.012981243,0.002111102,0.006964187,0.997803630,0.065840412,1157,697,0.602420052,0.035530802,0.027666936,0.015804692,0.084138817,47.799370120,0.000000000,0.114881554,0.058329005,2.372098409,0.125921092,46.005745737,0,25,25,0,0.021607606,2,0,0,0,0,1130,2,21650,93609,28344,15,2187999
1920,1706585439.482714176,1706585439.582549572,1,0,0,1,12.017827937,-1.421068450,0.010285803,0.001575494,0.008265176,0.997884333,0.064467529,1106,656,0.593128391,0.034067199,0.028161704,0.016007688,0.085458722,47.885314766,0.000000000,0.113231037,0.058439125,2.393400431,0.114095179,46.136981416,0,33,32,1,0.029837251,7,0,0,0,0,1066,7,21655,93642,28351,15,2189065
1921,1706585439.582560778,1706585439.682389021,1,0,0,1,11.869078141,-1.391337768,0.011319666,0.000719160,0.013094743,0.997648335,0.067274139,1071,631,0.589169001,0.032829827,0.026432207,0.015428633,0.087328533,45.974237205,0.000000000,0.111350458,0.060597308,2.436175724,0.115354076,46.173130884,0,26,25,1,0.024276377,2,0,0,0,0,1043,2,21658,93668,28353,15,2190108
1922,1706585439.682401419,1706585439.782227278,1,0,0,1,11.727516470,-1.367834856,0.013019123,-0.002078415,0.013318056,0.997348736,0.071510891,1118,666,0.595706619,0.035488178,0.028888378,0.016441059,0.116872302,43.249258379,0.000000000,0.111415197,0.031720912,2.448743751,0.121955097,45.861041854,0,25,24,1,0.022361360,4,0,0,0,0,1089,4,21662,93693,28357,15,2191197
1923,1706585439.783037663,1706585439.882351875,1,0,0,1,11.576484274,-1.348837804,0.025067356,-0.006646024,0.003764724,0.996934461,0.077867433,1104,652,0.590579710,0.034460118,0.028758741,0.016382000,0.111804071,42.932902355,0.000000000,0.110721137,0.030895819,2.486125683,0.133945565,45.677196275,0,43,42,1,0.038949275,5,0,0,0,0,1056,5,21667,93736,28362,15,2192253
1924,1706585439.882888794,1706585439.981005430,1,0,0,1,11.433638338,-1.323466516,0.022516613,-0.005455624,-0.000643964,0.996506890,0.083329702,1072,657,0.612873134,0.035602499,0.029209711,0.016024173,0.105343375,41.333666214,0.000000000,0.111046465,0.031113941,2.531982844,0.141100661,45.292386259,0,29,29,0,0.027052239,6,0,0,0,0,1037,6,21674,93765,28368,15,2193290
1925,1706585439.982739925,1706585440.079647303,1,0,0,1,11.300567175,-1.277470143,0.016325588,-0.004498976,0.008434107,0.995824297,0.090788733,1085,660,0.608294931,0.035487024,0.027786088,0.016616972,0.113370737,40.671248640,0.000000000,0.110624123,0.031073921,2.553120229,0.153546312,44.866284124,0,30,29,1,0.027649770,4,0,0,0,0,1051,4,21678,93795,28372,15,2194341
1926,1706585440.082581043,1706585440.182405472,1,0,0,1,11.171672345,-1.237166514,0.012167314,-0.004174240,0.013726568,0.994704865,0.101766346,1094,624,0.570383912,0.036426755,0.028839754,0.016904636,0.096518947,43.993272043,0.000000000,0.109815390,0.030146665,2.573907952,0.170984527,44.728988573,0,26,21,5,0.023765996,7,0,0,0,0,1053,15,21685,93821,28379,15,2195394
1927,1706585440.182416677,1706585440.282258511,1,0,0,1,11.043608961,-1.195389644,0.008574241,-0.005619524,0.015001314,0.993829952,0.109751579,1081,628,0.580943571,0.034478072,0.028283516,0.015607498,0.108455118,42.271511795,0.000000000,0.108699699,0.029786285,2.572225085,0.177579568,44.546925372,0,36,32,4,0.033302498,8,0,0,0,0,1032,13,21693,93857,28387,15,2196426
1928,1706585440.283067465,1706585440.382907152,1,0,0,1,10.905721476,-1.156456832,0.006782969,-0.008445855,0.012610001,0.993310297,0.114474056,1064,654,0.614661654,0.036124275,0.028477587,0.017350817,0.122943821,40.212885059,0.000000000,0.108443863,0.030448348,2.584727339,0.182679809,44.362365344,0,23,20,3,0.021616541,11,0,0,0,0,1030,11,21698,93880,28398,15,2197456
1929,1706585440.382918358,1706585440.482737541,1,0,0,1,10.764175433,-1.117800275,0.001402115,-0.011755637,0.016612300,0.993303969,0.113723620,1058,633,0.598298677,0.035167767,0.026830976,0.016896983,0.111976411,40.496689886,0.000000000,0.107501258,0.029703632,2.591259166,0.179468446,44.113441307,0,31,29,2,0.029300567,3,0,0,0,0,1024,3,21704,93911,28401,15,2198480
1930,1706585440.482749224,1706585440.582564116,1,0,0,1,10.619876363,-1.078817853,-0.003458401,-0.012789862,0.023642715,0.994000760,0.106018536,1057,620,0.586565752,0.036863594,0.028532979,0.016899162,0.098347879,42.649352045,0.000000000,0.105913321,0.031635179,2.616582579,0.185004263,43.990477558,0,26,26,0,0.024597919,7,0,0,0,0,1024,7,21705,93937,28408,15,2199504
1931,1706585440.582575798,1706585440.682394028,1,0,0,1,10.499514242,-1.048671254,0.004504098,0.000987304,0.034757666,0.994337491,0.100418542,1096,662,0.604014599,0.033878336,0.027139710,0.015422219,0.103089448,41.697608786,0.000000000,0.104726137,0.032375805,2.615705215,0.183616749,43.838190216,0,32,31,1,0.029197080,5,0,0,0,0,1059,5,21710,93969,28413,15,2200563
1932,1706585440.682406664,1706585440.782226801,1,0,0,1,10.373320960,-1.020788836,-0.019289931,0.007700576,0.039775496,0.995487798,0.085805913,1116,653,0.585125448,0.036274313,0.026829994,0.016815672,0.092843263,43.621076833,0.000000000,0.104911968,0.032222978,2.626325194,0.194852814,43.643420414,0,41,40,1,0.036738351,6,0,0,0,0,1069,6,21715,94010,28419,15,2201632
1933,1706585440.783036947,1706585440.882862806,1,0,0,1,10.236617959,-0.997284207,-0.015958132,-0.000858094,0.043793500,0.996282357,0.074181253,1060,625,0.589622642,0.037228325,0.029686220,0.016295646,0.115975603,39.043400062,0.000000000,0.104702477,0.034099315,2.645139757,0.207159924,43.330145799,0,29,27,2,0.027358491,5,0,0,0,0,1026,5,21719,94039,28424,15,2202658
1934,1706585440.882874250,1706585440.982696533,1,0,0,1,10.098248597,-0.976871558,-0.015985505,-0.004118208,0.042539225,0.996875759,0.066424215,1041,620,0.595581172,0.034480967,0.026879202,0.015738979,0.084302827,45.001915598,0.000000000,0.103550099,0.030761582,2.666868318,0.210061696,43.391221228,0,27,26,1,0.025936599,6,0,0,0,0,1008,6,21723,94066,28430,15,2203666
1935,1706585440.982708454,1706585441.082540274,1,0,0,1,9.976234377,-0.971971019,-0.008258444,-0.007210651,0.033082486,0.997204997,0.066601426,1063,625,0.587958608,0.037548793,0.030778735,0.018719009,0.111504378,39.246624745,0.000000000,0.103160009,0.033319784,2.666716490,0.203181656,43.135337331,0,32,31,1,0.030103481,9,0,0,0,0,1022,9,21726,94098,28439,15,2204688
1936,1706585441.082552195,1706585441.181980133,1,0,0,1,9.850739787,-0.962705318,0.000047550,-0.006548015,0.017137486,0.997071299,0.074244563,1050,653,0.621904762,0.035434773,0.027912764,0.017247823,0.118597368,39.067753140,0.000000000,0.103626717,0.033246374,2.658505518,0.217794436,42.853555980,0,31,27,4,0.029523810,8,0,0,0,0,1011,8,21733,94129,28447,15,2205699
1937,1706585441.182392597,1706585441.280633211,1,0,0,1,9.719545645,-0.950358932,-0.007137545,-0.008588131,0.010197379,0.997136439,0.074439104,1063,635,0.597365945,0.036293230,0.030392254,0.016950712,0.131850201,37.336648938,0.000000000,0.104854899,0.033057580,2.641972588,0.218129286,42.519628308,0,29,29,0,0.027281279,4,0,0,0,0,1030,4,21736,94158,28451,15,2206729
1938,1706585441.283041000,1706585441.379273415,1,0,0,1,9.596289919,-0.924271825,-0.017368284,-0.011023344,0.008522416,0.996401520,0.083605409,1043,629,0.603068073,0.034641253,0.027797450,0.014989189,0.117742512,38.302479393,0.000000000,0.105923217,0.032940159,2.635964324,0.234490115,42.139360800,0,24,21,3,0.023010547,4,0,0,0,0,1012,7,21742,94182,28455,15,2207741
1939,1706585441.382879972,1706585441.482712030,1,0,0,1,9.466040352,-0.889890806,-0.016040783,-0.007683669,0.015439092,0.995859569,0.089254212,1065,653,0.613145540,0.035406975,0.028127083,0.015391096,0.118202084,38.277102308,0.000000000,0.107626380,0.032937423,2.619389670,0.242995757,41.663247410,0,29,23,6,0.027230047,7,0,0,0,0,1025,11,21753,94211,28462,15,2208766
1940,1706585441.482723951,1706585441.582550049,1,0,0,1,9.335679737,-0.857305500,-0.019525708,-0.009394455,0.015088330,0.995116340,0.097095602,1066,636,0.596622889,0.037262752,0.027349047,0.017192940,0.120871000,39.396457088,0.000000000,0.109396994,0.033460379,2.602110959,0.253100695,41.238804526,0,37,32,5,0.034709193,9,0,0,0,0,1018,11,21760,94248,28471,15,2209784
1941,1706585441.582561970,1706585441.682387352,1,0,0,1,9.218272653,-0.832425562,-0.016005540,-0.005266452,0.011761205,0.994250630,0.106299687,1056,655,0.620265152,0.034921127,0.026935932,0.014213672,0.105716778,38.334813763,0.000000000,0.110316406,0.028743118,2.578667365,0.263332274,40.856833354,0,31,30,1,0.029356061,8,0,0,0,0,1017,8,21766,94279,28479,15,2210801
1942,1706585441.682399511,1706585441.782228708,1,0,0,1,9.090266626,-0.802831271,-0.010641924,-0.004912125,0.008610530,0.993448796,0.113847352,1071,639,0.596638655,0.035760343,0.028671621,0.015857667,0.120396716,38.005435464,0.000000000,0.110492627,0.028711325,2.557461013,0.265789241,40.594642208,0,25,25,0,0.023342670,5,0,0,0,0,1041,5,21767,94304,28484,15,2211842
1943,1706585441.783040047,1706585441.882850885,1,0,0,1,8.947973157,-0.762490013,-0.015414458,-0.006525321,0.010278390,0.993128958,0.116390066,1046,648,0.619502868,0.035318013,0.029229433,0.017121423,0.108874385,39.050612948,0.000000000,0.110346143,0.027700096,2.560335478,0.259848672,40.400527737,0,27,26,1,0.025812620,4,0,0,0,0,1015,4,21769,94331,28488,15,2212857
1944,1706585441.882862568,1706585441.982685566,1,0,0,1,8.808647418,-0.723016472,-0.016713184,-0.007778975,0.010514646,0.992683927,0.120031454,1036,634,0.611969112,0.034192905,0.024228727,0.016185227,0.134086869,37.727100861,0.000000000,0.111783317,0.029303284,2.564218550,0.252275353,40.220199470,0,27,25,2,0.026061776,6,0,0,0,0,1003,6,21775,94358,28494,15,2213860
1945,1706585441.982697010,1706585442.082532883,1,0,0,1,8.681370859,-0.688419103,-0.015635600,-0.004764208,0.006919640,0.992391892,0.122832217,1020,627,0.614705882,0.035114146,0.027364436,0.016706365,0.111119757,37.588190806,0.000000000,0.111670768,0.029493092,2.561004883,0.235999902,40.066046578,0,37,37,0,0.036274510,7,0,0,0,0,976,7,21776,94395,28501,15,2214836
1946,1706585442.082545042,1706585442.182373047,1,0,0,1,8.554975030,-0.649084157,-0.021916691,-0.006625292,0.008729306,0.992522510,0.121568793,999,613,0.613613614,0.032369306,0.025687805,0.015203859,0.091722117,41.846297349,0.000000000,0.111430927,0.035335370,2.558775544,0.222581883,39.958697843,0,29,29,0,0.029029029,4,0,0,0,0,966,4,21780,94424,28505,15,2215802
1947,1706585442.182385445,1706585442.282204628,1,0,0,1,8.442111349,-0.608498351,-0.028408353,-0.002501636,0.011295034,0.992270615,0.123552382,1001,615,0.614385614,0.036124383,0.028306430,0.016935322,0.111966908,38.007933646,0.000000000,0.111606516,0.034922710,2.535600646,0.217134214,39.745518936,0,26,25,1,0.025974026,6,0,0,0,0,969,6,21783,94450,28511,15,2216771
1948,1706585442.283014774,1706585442.382833004,1,0,0,1,8.299920835,-0.569981330,-0.035280970,-0.009626952,0.010327671,0.991955763,0.125795170,1011,631,0.624134520,0.033563230,0.024912093,0.014708295,0.102784364,39.671267600,0.000000000,0.110598543,0.036792209,2.536247498,0.219877916,39.718438063,0,28,28,0,0.027695351,5,0,0,0,0,978,5,21785,94478,28516,15,2217749
1949,1706585442.382844687,1706585442.481618881,1,0,0,1,8.168868166,-0.529736131,-0.027169351,-0.008603876,0.011722398,0.991726599,0.127541804,960,613,0.638541667,0.035915517,0.027503253,0.016943529,0.107635524,36.195270351,0.000000000,0.110381499,0.036859167,2.524029307,0.207648788,39.503367086,0,23,22,1,0.023958333,6,0,0,0,0,931,6,21788,94501,28522,15,2218680
1950,1706585442.482680321,1706585442.580284595,1,0,0,1,8.042156599,-0.488843622,-0.032152629,-0.009535769,0.012447679,0.991565725,0.128652781,981,606,0.617737003,0.034560328,0.026286166,0.016497505,0.094033234,39.844979445,0.000000000,0.110165767,0.036120532,2.532933866,0.199144894,39.363148456,0,25,25,0,0.025484200,4,0,0,0,0,952,4,21789,94526,28526,15,2219632
1951,1706585442.582517147,1706585442.678980350,1,0,0,1,7.904021958,-0.451357326,-0.025767635,-0.009808795,0.010433753,0.991364892,0.130347902,981,604,0.615698267,0.033359293,0.024328989,0.015587674,0.106592198,37.628389119,0.000000000,0.110340904,0.037104546,2.544797910,0.173787317,39.159687473,0,30,30,0,0.030581040,5,0,0,0,0,945,6,21791,94556,28531,15,2220577
1952,1706585442.682762861,1706585442.782587528,1,0,0,1,7.776298967,-0.412616803,-0.031472287,-0.002612731,0.013373206,0.991439595,0.129853225,985,594,0.603045685,0.034164615,0.026286755,0.015001441,0.102841984,36.742434113,0.000000000,0.110840840,0.037253079,2.539639850,0.150674520,38.815755337,0,22,19,3,0.022335025,3,0,0,0,0,956,7,21794,94578,28534,15,2221533
1953,1706585442.782599449,1706585442.882431984,1,0,0,1,7.651733920,-0.373445165,-0.036507502,-0.004016669,0.015265046,0.991766863,0.127080028,1008,636,0.630952381,0.034846799,0.024694270,0.015909858,0.103218414,38.830486463,0.000000000,0.110202981,0.034930979,2.530448940,0.140520519,38.805109657,0,20,18,2,0.019841270,9,0,0,0,0,979,9,21796,94598,28543,15,2222512
1954,1706585442.882443905,1706585442.982278585,1,0,0,1,7.527541514,-0.347183758,-0.038599900,-0.002820433,0.016315536,0.992162392,0.123853285,978,623,0.637014315,0.036650655,0.028927595,0.016949942,0.111555550,36.150446248,0.000000000,0.111565617,0.035932797,2.535047988,0.146718839,38.362536189,0,31,27,4,0.031697342,6,0,0,0,0,941,6,21802,94629,28549,15,2223453
1955,1706585442.983088732,1706585443.082916021,1,0,0,1,7.405088769,-0.317392780,-0.046780989,-0.001153137,0.015368864,0.992758953,0.119130724,983,595,0.605289929,0.033697588,0.025142556,0.015684116,0.107175642,37.828794605,0.000000000,0.111349180,0.033663615,2.535227752,0.140552198,38.291644682,0,25,25,0,0.025432350,5,0,0,0,0,953,5,21804,94654,28554,15,2224406
1956,1706585443.082927704,1706585443.182765245,1,0,0,1,7.278282520,-0.290531391,-0.051048501,-0.000910862,0.013396974,0.993669578,0.111536813,964,613,0.635892116,0.035427644,0.026045566,0.016059713,0.102878992,37.398293746,0.000000000,0.110563262,0.033660051,2.532948490,0.155363978,38.208171713,0,27,26,1,0.028008299,8,0,0,0,0,929,8,21807,94681,28562,15,2225335
1957,1706585443.182777166,1706585443.282612324,1,0,0,1,7.146519353,-0.263833467,-0.046957542,-0.003900483,0.010482103,0.994249358,0.106504115,958,615,0.641962422,0.032429769,0.024915442,0.015174515,0.081573740,42.719072918,0.000000000,0.108049438,0.036222799,2.541050588,0.147139376,38.477292912,0,20,20,0,0.020876827,7,0,0,0,0,931,7,21808,94701,28569,15,2226266
1958,1706585443.282624722,1706585443.382454634,1,0,0,1,7.006784171,-0.234396276,-0.045929724,-0.005658380,0.008833663,0.994856634,0.100748339,931,562,0.603651987,0.032667882,0.025245912,0.015623393,0.088062464,39.475343093,0.000000000,0.106565436,0.038692257,2.549139132,0.147460532,38.535936097,0,17,15,2,0.018259936,3,0,0,0,0,911,3,21810,94718,28572,15,2227177
1959,1706585443.382467031,1706585443.482298851,1,0,0,1,6.868932449,-0.208482771,-0.058409559,-0.007039677,0.009545551,0.995225181,0.096882220,941,571,0.606801275,0.033888228,0.025802700,0.015845774,0.077182129,40.773737306,0.000000000,0.104514438,0.038780570,2.555542765,0.139545228,38.660767847,0,15,14,1,0.015940489,2,0,0,0,0,924,2,21811,94733,28574,15,2228101
1960,1706585443.482708931,1706585443.582532167,1,0,0,1,6.715727800,-0.178660487,-0.056188271,-0.016548968,0.010238628,0.995235951,0.095533786,962,594,0.617463617,0.033756795,0.025147458,0.015184059,0.091337172,36.748273207,0.000000000,0.103037747,0.035040935,2.591572860,0.123741018,38.528358653,0,16,14,2,0.016632017,6,0,0,0,0,940,6,21814,94749,28580,15,2229041
1961,1706585443.582543850,1706585443.682379484,1,0,0,1,6.563943480,-0.144767430,-0.049024706,-0.012221299,0.005502720,0.995325699,0.095640544,909,533,0.586358636,0.031961195,0.024449998,0.015386048,0.089530700,37.742330971,0.000000000,0.102228443,0.038346161,2.615768209,0.108895825,38.498734513,0,20,17,3,0.022002200,4,0,0,0,0,885,4,21817,94769,28584,15,2229926
1962,1706585443.682392120,1706585443.781346083,1,0,0,1,6.420485250,-0.110249832,-0.044586827,-0.006753281,0.002909751,0.995093267,0.098667710,909,552,0.607260726,0.032744011,0.023545764,0.013943457,0.099810465,35.577407320,0.000000000,0.101199130,0.038383786,2.615408929,0.109970999,38.377333106,0,19,19,0,0.020902090,6,0,0,0,0,884,6,21817,94788,28590,15,2230810
1963,1706585443.783028126,1706585443.880051136,1,0,0,1,6.273188151,-0.078298103,-0.044383927,-0.001079655,-0.002976842,0.994547328,0.104238120,927,563,0.607335491,0.033971484,0.023786891,0.014261417,0.088683261,38.268782742,0.000000000,0.100189574,0.037635229,2.621316389,0.113889449,38.338241596,0,26,25,1,0.028047465,14,0,0,0,0,887,14,21819,94814,28604,15,2231697
1964,1706585443.882858038,1706585443.978798151,1,0,0,1,6.116877948,-0.045715275,-0.045549549,0.004098937,-0.005874845,0.994147294,0.107795371,910,578,0.635164835,0.033423004,0.024437009,0.015462864,0.092652432,37.057772955,0.000000000,0.098117852,0.037891635,2.649091242,0.115261178,38.304775200,0,21,18,3,0.023076923,8,0,0,0,0,878,11,21822,94835,28612,15,2232575
1965,1706585443.982705832,1706585444.082531691,1,0,0,1,5.959469938,0.006589532,-0.047956830,0.001213795,0.001542388,0.993486238,0.113935252,949,588,0.619599579,0.034077813,0.025274904,0.015942483,0.097622734,36.397049051,0.000000000,0.097443001,0.037245066,2.682455421,0.125076365,38.245218113,0,21,19,2,0.022128556,9,0,0,0,0,915,13,21826,94856,28621,15,2233490
1966,1706585444.082543373,1706585444.182374954,1,0,0,1,5.802905253,0.053311762,-0.050602607,-0.002977948,0.004941053,0.992518130,0.121960972,902,538,0.596452328,0.031836362,0.022244679,0.014258050,0.073668343,40.528351565,0.000000000,0.096540312,0.038412709,2.725749540,0.137173781,38.179320823,0,18,17,1,0.019955654,7,0,0,0,0,872,12,21828,94874,28628,15,2234362
1967,1706585444.182387352,1706585444.282226324,1,0,0,1,5.665329610,0.087825714,-0.041510651,-0.000181615,-0.001828532,0.991273738,0.131806676,868,532,0.612903226,0.033245994,0.022465820,0.014201521,0.078329180,40.051295199,0.000000000,0.094858426,0.035856868,2.720404325,0.152636263,38.281488901,0,23,23,0,0.026497696,7,0,0,0,0,838,7,21829,94897,28635,15,2235200
1968,1706585444.283037663,1706585444.382868767,1,0,0,1,5.532188766,0.136057415,-0.043183245,0.000879208,0.000577044,0.990347995,0.138599217,858,521,0.607226107,0.032818632,0.023990199,0.015142052,0.085236392,37.478454666,0.000000000,0.093981027,0.036437790,2.724689326,0.162839891,38.171848254,0,20,20,0,0.023310023,6,0,0,0,0,832,6,21832,94917,28641,15,2236032
1969,1706585444.382880449,1706585444.482714415,1,0,0,1,5.393871413,0.194541935,-0.038971858,0.003353412,0.000227445,0.988955412,0.148175221,842,496,0.589073634,0.030827379,0.022469106,0.015415409,0.076194798,39.887167669,0.000000000,0.092408991,0.038364402,2.741682201,0.179986706,38.356443120,0,28,27,1,0.033254157,4,0,0,0,0,810,4,21835,94945,28645,15,2236842
1970,1706585444.482726574,1706585444.582550526,1,0,0,1,5.253387369,0.248989342,-0.027150666,0.006411641,-0.001105473,0.987454766,0.157768041,851,505,0.593419506,0.032702267,0.023475186,0.015419431,0.084305688,37.988737808,0.000000000,0.091922614,0.038123679,2.749538315,0.195941232,38.263631038,0,21,20,1,0.024676851,8,0,0,0,0,822,8,21838,94966,28653,15,2237664
1971,1706585444.582561970,1706585444.681416273,1,0,0,1,5.102370108,0.313071801,-0.021274479,0.003831478,0.003103600,0.986447417,0.164003601,826,498,0.602905569,0.030280487,0.020940312,0.014006820,0.080755853,38.726238001,0.000000000,0.090630797,0.043495809,2.780103737,0.207688176,38.318523482,0,23,22,1,0.027845036,5,0,0,0,0,798,5,21840,94989,28658,15,2238462
1972,1706585444.682388306,1706585444.779924154,1,0,0,1,4.971911538,0.373013609,-0.023484438,0.007133704,0.003342994,0.984615549,0.174557024,855,507,0.592982456,0.031094930,0.022765604,0.014232705,0.071964533,41.188358417,0.000000000,0.089086924,0.045469042,2.793015124,0.223498813,38.540819698,0,19,19,0,0.022222222,5,0,0,0,0,831,5,21842,95008,28663,15,2239293
1973,1706585444.783021927,1706585444.882866144,1,0,0,1,4.818555483,0.433869046,-0.022317354,0.000751429,-0.000856445,0.982761263,0.184875639,806,453,0.562034739,0.033520109,0.023356520,0.016475176,0.076108772,40.148676985,0.000000000,0.087731442,0.044070922,2.831052664,0.237925319,38.606729224,0,30,30,0,0.037220844,4,0,0,0,0,772,4,21844,95038,28667,15,2240065
1974,1706585444.882878304,1706585444.982412815,1,0,0,1,4.682309362,0.490151282,-0.020298233,-0.003390141,0.001035870,0.981020661,0.193870825,797,462,0.579673777,0.030401237,0.020721382,0.013398965,0.092145430,37.143641853,0.000000000,0.086760936,0.040144018,2.852190066,0.246789614,38.656389004,0,22,18,4,0.027603513,5,0,0,0,0,770,5,21848,95060,28672,15,2240835
1975,1706585444.982724667,1706585445.081127167,1,0,0,1,4.552305721,0.560549018,-0.026416291,-0.001870774,0.003623322,0.978950195,0.204058537,770,461,0.598701299,0.029365730,0.019047530,0.012926604,0.076614199,40.614131464,0.000000000,0.085232864,0.045640524,2.870466729,0.252296513,38.795655847,0,17,17,0,0.022077922,5,0,0,0,0,748,5,21848,95077,28677,15,2241583
1976,1706585445.082560062,1706585445.179799557,1,0,0,1,4.427837846,0.623479296,-0.030804039,-0.005611672,0.005456707,0.976843233,0.213813077,743,440,0.592193809,0.027488216,0.020064608,0.013626211,0.082871036,37.824223347,0.000000000,0.084232466,0.052922537,2.875504885,0.262048102,38.816952327,0,20,19,1,0.026917900,1,0,0,0,0,722,1,21850,95097,28678,15,2242305
1977,1706585445.182408333,1706585445.278572321,1,0,0,1,4.304720068,0.689273550,-0.028480711,-0.005026706,0.004165744,0.974769922,0.223116512,687,412,0.599708879,0.028780401,0.019202822,0.013214284,0.103524179,34.018860572,0.000000000,0.085329988,0.057826481,2.872313699,0.269549304,38.381941710,0,17,11,6,0.024745269,5,0,0,0,0,663,7,21859,95114,28683,15,2242968
1978,1706585445.283027649,1706585445.382849455,1,0,0,1,4.186207532,0.761878036,-0.034531887,-0.004509758,0.009076705,0.973143806,0.229974801,715,430,0.601398601,0.032427989,0.021336544,0.013347677,0.098254353,35.939610539,0.000000000,0.085839582,0.057723745,2.870609368,0.275779404,38.205155082,0,19,18,1,0.026573427,7,0,0,0,0,687,9,21861,95133,28690,15,2243655
1979,1706585445.382861137,1706585445.482691765,1,0,0,1,4.075164852,0.833060302,-0.034993789,0.003837808,0.007992418,0.972517054,0.232662786,695,403,0.579856115,0.030153996,0.021356404,0.013431901,0.086712042,38.427492978,0.000000000,0.086316078,0.057473560,2.846413331,0.278585644,38.087842865,0,25,23,2,0.035971223,11,0,0,0,0,658,12,21865,95158,28701,15,2244313
1980,1706585445.482703686,1706585445.582528830,1,0,0,1,3.952225915,0.902876650,-0.043204398,0.003124389,0.011604814,0.972997005,0.230504653,678,404,0.595870206,0.030614888,0.020733984,0.013732175,0.075469776,40.638283733,0.000000000,0.085522708,0.056322673,2.832344245,0.282644085,38.282343392,0,19,19,0,0.028023599,2,0,0,0,0,657,2,21867,95177,28703,15,2244970
1981,1706585445.582541227,1706585445.682387114,1,0,0,1,3.838102420,0.962710203,-0.042851123,0.004305359,0.011253110,0.973821935,0.226992664,686,396,0.577259475,0.027138931,0.019510825,0.012411145,0.100241181,35.606316673,0.000000000,0.086058232,0.064511065,2.813582933,0.283680048,38.175542677,0,24,24,0,0.034985423,6,0,0,0,0,655,7,21868,95201,28709,15,2245625
1982,1706585445.682398796,1706585445.782222509,1,0,0,1,3.717442173,1.026529063,-0.049688885,0.002723432,0.016627316,0.973939571,0.226180959,664,378,0.569277108,0.028748416,0.019209449,0.013021335,0.088184790,39.061108334,0.000000000,0.085476949,0.066490695,2.799529342,0.274160858,38.349727728,0,18,18,0,0.027108434,5,0,0,0,0,641,5,21869,95219,28714,15,2246266
1983,1706585445.783031702,1706585445.881645679,1,0,0,1,3.605895615,1.075490786,-0.045770304,0.001487314,0.012870149,0.974066014,0.225892780,659,379,0.575113809,0.028485616,0.020364693,0.011814902,0.082707295,39.643643290,0.000000000,0.085178150,0.066131790,2.761737126,0.267676010,38.418470755,0,11,11,0,0.016691958,6,0,0,0,0,642,6,21869,95230,28720,15,2246908
1984,1706585445.882868052,1706585445.980309486,1,0,0,1,3.505182187,1.132733037,-0.039539911,0.003340693,0.010500493,0.974479652,0.224205236,661,365,0.552193646,0.026498810,0.016068677,0.010408811,0.117308993,35.226375748,0.000000000,0.086410978,0.070861096,2.711860587,0.258688485,38.326900895,0,17,16,1,0.025718608,4,0,0,0,0,640,4,21871,95247,28724,15,2247548
1985,1706585445.982705593,1706585446.078973293,1,0,0,1,3.415927653,1.179188082,-0.035953216,0.005455475,0.012643336,0.974975074,0.221887334,678,388,0.572271386,0.029892550,0.020068656,0.013017267,0.107557534,35.175394890,0.000000000,0.086907718,0.066169902,2.649135887,0.247248399,38.265818187,0,19,19,0,0.028023599,7,0,0,0,0,652,7,21871,95266,28731,15,2248200
1986,1706585446.082542896,1706585446.182363987,1,0,0,1,3.335679004,1.230877333,-0.028111139,0.009065959,0.013027682,0.975076024,0.221302586,675,385,0.570370370,0.027995148,0.021135846,0.012722386,0.101103247,35.213060974,0.000000000,0.088279464,0.067552195,2.602782317,0.228446058,38.000053657,0,11,11,0,0.016296296,1,0,0,0,0,663,1,21872,95277,28732,15,2248863
1987,1706585446.182774067,1706585446.282272816,1,0,0,1,3.231063542,1.294403675,-0.031177351,0.007348118,0.014780851,0.975084767,0.221217605,669,370,0.553064275,0.031449655,0.021613468,0.013733273,0.110107265,35.993116070,0.000000000,0.089868368,0.064333966,2.583595770,0.214953986,37.797144701,0,23,20,3,0.034379671,3,0,0,0,0,642,4,21875,95300,28735,15,2249505
1988,1706585446.282584667,1706585446.380962610,1,0,0,1,3.128525739,1.342475446,-0.026331491,0.003627485,0.013939079,0.975341596,0.220230139,636,361,0.567610063,0.028578710,0.019026033,0.012723653,0.128430595,36.902176575,0.000000000,0.092028078,0.061892130,2.546713756,0.197748093,37.768330796,0,18,18,0,0.028301887,5,0,0,0,0,613,5,21876,95318,28740,15,2250118
1989,1706585446.382423401,1706585446.479710817,1,0,0,1,3.025565546,1.385575141,-0.022080975,-0.000693282,0.008595840,0.976115397,0.217081467,631,340,0.538827258,0.027394725,0.018378379,0.013471924,0.077789602,41.371275777,0.000000000,0.092107818,0.064181763,2.507282621,0.184873793,37.842536201,0,15,15,0,0.023771791,2,0,0,0,0,614,2,21877,95333,28742,15,2250732
1990,1706585446.483070135,1706585446.582896948,1,0,0,1,2.888957415,1.442045740,-0.021294131,0.002795001,0.006518825,0.978255542,0.207281904,611,332,0.543371522,0.029645650,0.020454632,0.013128288,0.118242355,35.449231924,0.000000000,0.093804652,0.060001078,2.490948231,0.192216206,37.715560907,0,17,16,1,0.027823241,4,0,0,0,0,588,6,21879,95350,28746,15,2251320
1991,1706585446.582909584,1706585446.682740211,1,0,0,1,2.758063628,1.498820442,-0.014171514,0.006302681,0.007774897,0.980146427,0.198022245,663,396,0.597285068,0.029490907,0.019430587,0.012413119,0.121939600,38.492713671,0.000000000,0.095863839,0.059772039,2.490214884,0.189598090,37.703884691,0,20,18,2,0.030165913,13,0,0,0,0,630,13,21882,95370,28759,15,2251950
1992,1706585446.682751656,1706585446.782573700,1,0,0,1,2.635105797,1.549692650,-0.017888963,0.005909046,0.008374083,0.981912524,0.189057539,653,354,0.542113323,0.027562335,0.019983253,0.012000616,0.101508070,37.694649210,0.000000000,0.097341016,0.060274193,2.458339575,0.186968141,37.529199230,0,21,18,3,0.032159265,2,0,0,0,0,629,3,21885,95391,28761,15,2252579
1993,1706585446.782584906,1706585446.882410526,1,0,0,1,2.514536537,1.596030426,-0.015149495,0.008412800,0.008722345,0.982863592,0.183935600,663,359,0.541478130,0.028269456,0.018917691,0.011640104,0.098191848,38.232558204,0.000000000,0.098445170,0.051101775,2.440108531,0.179008661,37.433393291,0,21,19,2,0.031674208,3,0,0,0,0,639,3,21890,95412,28764,15,2253218
1994,1706585446.882421970,1706585446.982240200,1,0,0,1,2.392727320,1.637108596,-0.015714603,0.003704521,0.004492663,0.983471521,0.180969223,650,362,0.556923077,0.029167228,0.022027734,0.013384418,0.119296206,37.722055698,0.000000000,0.099802708,0.050053998,2.420692040,0.164391606,37.462313984,0,20,20,0,0.030769231,3,0,0,0,0,627,3,21891,95432,28767,15,2253845
1995,1706585446.983050823,1706585447.082877874,1,0,0,1,2.277794572,1.675498395,-0.013993391,0.002662622,-0.002644021,0.984033053,0.177946256,648,357,0.550925926,0.027894971,0.019386077,0.012793988,0.113832706,37.038667642,0.000000000,0.101663634,0.050688875,2.402337866,0.150662212,37.283540792,0,13,13,0,0.020061728,5,0,0,0,0,630,5,21892,95445,28772,15,2254475
1996,1706585447.082901239,1706585447.181566954,1,0,0,1,2.164491592,1.715468798,-0.019437382,0.002975189,-0.000430720,0.984643438,0.174551606,673,363,0.539375929,0.030608981,0.022550578,0.013612011,0.119984066,37.131923993,0.000000000,0.103519285,0.050733518,2.382992994,0.138462167,37.248925825,0,15,14,1,0.022288262,2,0,0,0,0,656,2,21895,95460,28774,15,2255131
1997,1706585447.182739735,1706585447.280262947,1,0,0,1,2.049235026,1.755418490,-0.018847064,0.004800861,0.001037903,0.985713337,0.168360005,664,357,0.537650602,0.028987302,0.020329300,0.013293054,0.131809033,37.039459281,0.000000000,0.104933528,0.050676451,2.365862293,0.136982327,37.399955760,0,23,22,1,0.034638554,6,0,0,0,0,635,6,21898,95483,28780,15,2255766
1998,1706585447.282568455,1706585447.378994226,1,0,0,1,1.943418260,1.795536915,-0.027216325,0.005259289,0.009518334,0.986713369,0.162106350,626,334,0.533546326,0.026816871,0.019310954,0.012746145,0.093397507,33.209457444,0.000000000,0.104690685,0.046211348,2.347437949,0.143936812,37.263448105,0,18,18,0,0.028753994,1,0,0,0,0,607,1,21898,95501,28781,15,2256373
1999,1706585447.382399321,1706585447.482232809,1,0,0,1,1.851851459,1.825245787,-0.031705834,0.004363664,0.008758750,0.987792813,0.155465754,572,321,0.561188811,0.028250142,0.019079727,0.012637333,0.087366948,33.504235375,0.000000000,0.104723431,0.045150518,2.302190123,0.152967581,37.017285225,0,17,17,0,0.029720280,4,0,0,0,0,551,4,21900,95518,28785,15,2256924
2000,1706585447.483044386,1706585447.582056284,1,0,0,1,1.756907431,1.846983196,-0.024380217,0.003524500,0.002679393,0.989284987,0.145930167,567,292,0.514991182,0.026805568,0.019677773,0.012394919,0.090630124,34.141552584,0.000000000,0.105481448,0.044771267,2.271007981,0.165121434,36.692448668,0,15,15,0,0.026455026,3,0,0,0,0,549,3,21905,95533,28788,15,2257473
2001,1706585447.582889795,1706585447.680821896,1,0,0,1,1.684239767,1.860074960,-0.029340212,0.004686470,0.000164615,0.990698743,0.135992684,564,270,0.478723404,0.027193668,0.017478696,0.012510839,0.108609116,31.465923592,0.000000000,0.105899845,0.044667475,2.208342637,0.183497958,36.485429014,0,16,16,0,0.028368794,2,0,0,0,0,546,2,21905,95549,28790,15,2258019
2002,1706585447.682731152,1706585447.779590845,1,0,0,1,1.600502084,1.881894427,-0.033633969,0.002781789,0.003136156,0.991839046,0.127427363,517,239,0.462282398,0.027821550,0.019448663,0.012471166,0.139238266,27.758488684,0.000000000,0.108452519,0.044968497,2.173100767,0.200152052,35.920298031,0,11,8,3,0.021276596,2,0,0,0,0,504,2,21910,95560,28792,15,2258523
2003,1706585447.782574892,1706585447.881909132,1,0,0,1,1.511445301,1.909624232,-0.036753771,0.001228457,0.005814239,0.992565326,0.121567917,538,261,0.485130112,0.027788632,0.018535100,0.012024414,0.114401883,30.160630123,0.000000000,0.110037248,0.045297134,2.150415415,0.208553480,35.446147373,0,11,10,1,0.020446097,1,0,0,0,0,526,1,21912,95571,28793,15,2259049
2004,1706585447.882407904,1706585447.982028246,1,0,0,1,1.411901778,1.926175791,-0.043788510,-0.001911301,0.005575038,0.992936806,0.118497953,497,257,0.517102616,0.030482905,0.021363996,0.013450478,0.130383590,28.535314000,0.000000000,0.110690978,0.044903744,2.150886320,0.210079424,35.111594286,0,16,12,4,0.032193159,4,0,0,0,0,475,6,21916,95587,28797,15,2259524
2005,1706585447.983050585,1706585448.082871675,1,0,0,1,1.308084510,1.951677317,-0.050680096,-0.015396221,0.006048738,0.992958464,0.117302425,500,239,0.478000000,0.025487940,0.018368111,0.011617529,0.098736636,31.043842880,0.000000000,0.110249933,0.049875465,2.162235281,0.211488356,34.905016685,0,10,10,0,0.020000000,1,0,0,0,0,489,1,21916,95597,28798,15,2260013
2006,1706585448.082883596,1706585448.182705164,1,0,0,1,1.195321351,1.980892500,-0.049888893,-0.023511636,0.005402117,0.992689898,0.118257292,484,249,0.514462810,0.025716212,0.018132965,0.011088441,0.073628962,34.082344530,0.000000000,0.108876219,0.054105197,2.156293088,0.213238967,34.848480863,0,3,3,0,0.006198347,1,0,0,0,0,480,1,21916,95600,28799,15,2260493
2007,1706585448.182717085,1706585448.282155514,1,0,0,1,1.077363212,2.008376711,-0.038910216,-0.029163390,0.001062134,0.993038970,0.114113857,460,237,0.515217391,0.026041796,0.019207624,0.011895472,0.129203183,30.669805651,0.000000000,0.109831015,0.050628588,2.164556690,0.219145854,34.582315342,0,7,7,0,0.015217391,3,0,0,0,0,450,3,21916,95607,28802,15,2260943
2008,1706585448.282554626,1706585448.382363796,1,0,0,1,0.964910950,2.036840786,-0.034321492,-0.029526209,0.004402565,0.993464787,0.110165953,461,224,0.485900217,0.023998741,0.015724012,0.010809637,0.139273817,32.574254780,0.000000000,0.110373176,0.059616254,2.168948148,0.220751209,34.365919252,0,11,9,2,0.023861171,2,0,0,0,0,448,2,21919,95618,28804,15,2261391
2009,1706585448.382774115,1706585448.481796026,1,0,0,1,0.857781989,2.067787835,-0.043221115,-0.031983209,0.012645995,0.993869967,0.105069699,454,232,0.511013216,0.025712922,0.018554386,0.011116501,0.112469022,32.592240126,0.000000000,0.112107147,0.061916014,2.132990120,0.211521307,33.926967470,0,11,10,1,0.024229075,1,0,0,0,0,442,1,21920,95629,28805,15,2261833
2010,1706585448.482606649,1706585448.580498457,1,0,0,1,0.770007959,2.107624038,-0.047624330,-0.027405997,0.019842808,0.993946821,0.104522209,444,233,0.524774775,0.029408652,0.022549288,0.014267547,0.130313827,34.675895982,0.000000000,0.112710721,0.061479751,2.086627470,0.194167097,33.888300672,0,13,13,0,0.029279279,1,0,0,0,0,429,2,21920,95642,28806,15,2262262
2011,1706585448.582446337,1706585448.681948662,1,0,0,1,0.703264415,2.145060139,-0.065532557,-0.021697910,0.031781184,0.993333461,0.108663662,405,209,0.516049383,0.028253962,0.019274731,0.011762461,0.118874707,35.167250555,0.000000000,0.112557476,0.059979158,2.032102413,0.183786844,33.722027517,0,7,7,0,0.017283951,2,0,0,0,0,396,2,21921,95649,28808,15,2262658
2012,1706585448.683095694,1706585448.782619238,1,0,0,1,0.638045819,2.167404286,-0.073626560,-0.019578103,0.029510714,0.992956050,0.113066789,412,229,0.555825243,0.026002665,0.018360496,0.010995043,0.093945869,36.405084474,0.000000000,0.112179366,0.061488407,1.972319817,0.182493192,33.657549280,0,10,10,0,0.024271845,1,0,0,0,0,401,1,21921,95659,28809,15,2263059
2013,1706585448.782943249,1706585448.881620646,1,0,0,1,0.580029812,2.176633999,-0.068928333,-0.021947513,0.025391234,0.992712454,0.115739258,391,209,0.534526854,0.026440193,0.019468442,0.011340136,0.120970964,37.733611536,0.000000000,0.113318322,0.061958399,1.902702522,0.181813880,33.632601946,0,9,7,2,0.023017903,2,0,0,0,0,380,2,21923,95668,28811,15,2263439
2014,1706585448.882780075,1706585448.980407238,1,0,0,1,0.544527271,2.195894951,-0.068139933,-0.022559248,0.023320293,0.992732412,0.115886160,376,202,0.537234043,0.027636909,0.019095946,0.013507006,0.106818227,42.191831230,0.000000000,0.112694423,0.060471305,1.821914046,0.176000177,33.856090723,0,9,8,1,0.023936170,1,0,0,0,0,366,1,21924,95677,28812,15,2263805
2015,1706585448.982616425,1706585449.079165459,1,0,0,1,0.522457824,2.205037380,-0.065689341,-0.022296758,0.025462842,0.992459047,0.117811452,357,204,0.571428571,0.023694716,0.015457585,0.009891433,0.125082340,41.564260912,0.000000000,0.113256904,0.067449246,1.725657738,0.172898385,34.082370387,0,7,7,0,0.019607843,4,0,0,0,0,346,4,21924,95684,28816,15,2264151
2016,1706585449.082473040,1706585449.177733183,1,0,0,1,0.509996253,2.212372122,-0.064194118,-0.021114831,0.026313609,0.992534964,0.117201120,377,200,0.530503979,0.026263999,0.019973669,0.012211953,0.082308774,37.879754852,0.000000000,0.111373140,0.061582168,1.618209501,0.161577061,34.119761929,0,10,10,0,0.026525199,2,0,0,0,0,365,2,21924,95694,28818,15,2264516
2017,1706585449.182715416,1706585449.282177925,1,0,0,1,0.506332987,2.214694499,-0.062247740,-0.019034425,0.024740863,0.992541432,0.117843484,395,214,0.541772152,0.024764198,0.018332415,0.011512925,0.097233933,44.505594091,0.000000000,0.109644385,0.061872830,1.509487949,0.150408027,34.493068670,0,9,9,0,0.022784810,1,0,0,0,0,384,2,21925,95703,28819,15,2264900
2018,1706585449.282552242,1706585449.382385492,1,0,0,1,0.498168422,2.220457422,-0.063135482,-0.018976826,0.021413973,0.992563672,0.118316011,415,228,0.549397590,0.024381021,0.016293873,0.010003658,0.088782701,35.803665595,0.000000000,0.109413645,0.065048283,1.423150481,0.138026938,34.622779078,0,8,8,0,0.019277108,2,0,0,0,0,405,2,21925,95711,28821,15,2265305
2019,1706585449.382398367,1706585449.482241392,1,0,0,1,0.491433720,2.213142770,-0.066455135,-0.018143654,0.021722831,0.992549063,0.118512801,416,226,0.543269231,0.024233864,0.015124515,0.010169864,0.084704101,36.532985601,0.000000000,0.109280502,0.066696776,1.335957139,0.119095659,34.774216589,0,16,10,6,0.038461538,0,0,0,0,0,397,3,21930,95727,28821,15,2265702
2020,1706585449.483052731,1706585449.581560135,1,0,0,1,0.482913019,2.210571057,-0.067090086,-0.017166338,0.021932913,0.992537163,0.118719182,407,239,0.587223587,0.022266582,0.014048763,0.008770593,0.073814846,35.767659136,0.000000000,0.108439738,0.075428763,1.270876144,0.099444964,34.855521917,0,16,12,4,0.039312039,4,0,0,0,0,385,6,21933,95743,28825,15,2266087
2021,1706585449.582894564,1706585449.682518244,1,0,0,1,0.467102086,2.205508819,-0.071295775,-0.015907309,0.023328347,0.992592338,0.118165971,471,236,0.501061571,0.023601130,0.016548591,0.010166628,0.041630963,47.595293723,0.000000000,0.105090831,0.078334704,1.201361933,0.083298065,35.661990423,0,54,16,38,0.114649682,1,0,0,0,0,407,10,21975,95797,28826,15,2266494
2022,1706585449.682717800,1706585449.781271219,1,0,0,1,0.435656892,2.208129977,-0.075120076,-0.016076260,0.022462849,0.992530194,0.118830924,463,213,0.460043197,0.022728546,0.014138260,0.009947932,0.073445328,38.642206816,0.000000000,0.101801184,0.081960173,1.139820854,0.072844718,36.206176330,0,51,14,37,0.110151188,0,0,0,0,0,389,23,22018,95848,28826,15,2266883
2023,1706585449.782567978,1706585449.879997969,1,0,0,1,0.414562915,2.212267861,-0.075003738,-0.016198812,0.020959670,0.992400217,0.120166966,449,240,0.534521158,0.025630277,0.018248625,0.012068535,0.058628358,37.889339139,0.000000000,0.099012507,0.080248411,1.060162066,0.069369966,36.592611780,0,44,18,26,0.097995546,1,0,0,0,0,393,12,22051,95892,28827,15,2267276
2024,1706585449.882404566,1706585449.982236385,1,0,0,1,0.405261810,2.209614397,-0.074771436,-0.015752369,0.024249629,0.992210290,0.121171606,402,238,0.592039801,0.025173964,0.018276615,0.010599376,0.062511841,40.110588117,0.000000000,0.095618920,0.068255427,0.962711673,0.068802437,37.171375486,0,11,10,1,0.027363184,2,0,0,0,0,389,2,22052,95903,28829,15,2267665
2025,1706585449.983047485,1706585450.082653522,1,0,0,1,0.395804459,2.212683691,-0.080767351,-0.015309078,0.023132818,0.992116249,0.122212331,430,231,0.537209302,0.025958742,0.019824557,0.012739718,0.053438236,42.194842423,0.000000000,0.093354000,0.068373720,0.857833594,0.068984871,37.728925463,0,24,5,19,0.055813953,0,0,0,0,0,398,8,22071,95927,28829,15,2268063
2026,1706585450.082902431,1706585450.181318760,1,0,0,1,0.386653349,2.216591062,-0.079531124,-0.015575366,0.022045391,0.992074317,0.122719025,425,263,0.618823529,0.025820394,0.016962445,0.012162324,0.055197635,42.950640113,0.000000000,0.092432434,0.068403412,0.746246198,0.061977820,38.172340243,0,8,7,1,0.018823529,2,0,0,0,0,415,2,22072,95935,28831,15,2268478
2027,1706585450.182740450,1706585450.280329466,1,0,0,1,0.386729358,2.223488004,-0.082509749,-0.014890671,0.020457866,0.992106122,0.122821769,398,233,0.585427136,0.024058388,0.016367335,0.010727188,0.064352346,38.996923525,0.000000000,0.089189892,0.069347184,0.637669743,0.054116028,38.588696136,0,6,6,0,0.015075377,1,0,0,0,0,390,2,22072,95941,28832,15,2268868
2028,1706585450.282588482,1706585450.378854990,1,0,0,1,0.391387632,2.224221216,-0.080966225,-0.015350847,0.021173077,0.992125865,0.122483959,410,237,0.578048780,0.024492749,0.017238165,0.010903681,0.050214165,44.850847746,0.000000000,0.084736909,0.068683280,0.530767632,0.044064337,39.202525785,0,8,6,2,0.019512195,0,0,0,0,0,402,0,22075,95949,28832,15,2269270
2029,1706585450.382435560,1706585450.481656313,1,0,0,1,0.385028119,2.227067155,-0.077812940,-0.015220808,0.021222355,0.992146686,0.122322898,391,222,0.567774936,0.023929068,0.016399144,0.010462419,0.052245365,41.767110807,0.000000000,0.081725726,0.069855581,0.441923838,0.042901829,39.661269319,0,8,7,1,0.020460358,0,0,0,0,0,382,1,22077,95957,28832,15,2269652
2030,1706585450.483078480,1706585450.582899094,1,0,0,1,0.389485029,2.224225030,-0.075792898,-0.015654241,0.022535135,0.992132719,0.122146549,406,220,0.541871921,0.024436905,0.017975806,0.012541155,0.063618463,38.770174641,0.000000000,0.078390958,0.059465657,0.368989616,0.035418819,39.865983252,0,6,6,0,0.014778325,1,0,0,0,0,399,1,22077,95963,28833,15,2270051
2031,1706585450.582911015,1706585450.682754278,1,0,0,1,0.385749044,2.224654575,-0.080132673,-0.014865142,0.021759695,0.992155965,0.122196905,407,228,0.560196560,0.023086668,0.016519036,0.011085090,0.048693073,43.038771199,0.000000000,0.074881876,0.054084571,0.305318531,0.026502750,40.259559284,0,10,7,3,0.024570025,1,0,0,0,0,395,2,22080,95973,28834,15,2270446
2032,1706585450.682765484,1706585450.782522202,1,0,0,1,0.378046683,2.227990761,-0.078430945,-0.015376792,0.023006514,0.992131728,0.122101959,407,219,0.538083538,0.022582039,0.014747635,0.010356431,0.055149504,40.309141929,0.000000000,0.072942058,0.056265067,0.254949966,0.021271922,40.454762157,0,4,4,0,0.009828010,0,0,0,0,0,403,0,22080,95977,28834,15,2270849
2033,1706585450.782608986,1706585450.880583286,1,0,0,1,0.388155077,2.230656073,-0.076964171,-0.014890620,0.023969812,0.992167216,0.121687854,434,237,0.546082949,0.024850964,0.015739073,0.010555010,0.062797110,42.194121207,0.000000000,0.070033366,0.053736829,0.225107772,0.021745794,40.677787640,0,31,10,21,0.071428571,0,0,0,0,0,398,5,22104,96008,28834,15,2271247
2034,1706585450.882443666,1706585450.982265472,1,0,0,1,0.381530139,2.235768966,-0.076491075,-0.014932154,0.022063922,0.992192654,0.121835757,455,226,0.496703297,0.023153226,0.016986701,0.010878141,0.042135193,47.100136371,0.000000000,0.066799214,0.046455607,0.209476079,0.018325436,40.923202897,0,38,15,23,0.083516484,0,0,0,0,0,404,13,22139,96046,28834,15,2271651
2035,1706585450.983088255,1706585451.081020117,1,0,0,1,0.389587154,2.231342893,-0.077115389,-0.015431200,0.022683409,0.992164366,0.121890166,445,232,0.521348315,0.025402523,0.018034391,0.013185207,0.048730601,42.843038140,0.000000000,0.062981627,0.047066229,0.204152930,0.017167964,40.987141759,0,39,12,27,0.087640449,0,0,0,0,0,396,10,22173,96085,28834,15,2272047
2036,1706585451.082929850,1706585451.179145098,1,0,0,1,0.387489932,2.232159644,-0.076753859,-0.015137295,0.023329476,0.992166269,0.121789544,411,228,0.554744526,0.024670212,0.016505892,0.011732694,0.065976809,39.493533774,0.000000000,0.062165029,0.043749636,0.201678346,0.015944351,41.067830705,0,3,2,1,0.007299270,0,0,0,0,0,407,1,22174,96088,28834,15,2272454
2037,1706585451.182778597,1706585451.282411575,1,0,0,1,0.378232186,2.234153910,-0.076839296,-0.015498027,0.020952942,0.992173923,0.122113442,434,229,0.527649770,0.023883614,0.017456773,0.011434275,0.051602153,43.153438145,0.000000000,0.059883440,0.043683599,0.201115919,0.015574127,41.000222907,0,19,3,16,0.043778802,0,0,0,0,0,407,8,22192,96107,28834,15,2272861
2038,1706585451.282635212,1706585451.382322550,1,0,0,1,0.375011792,2.230371079,-0.072240916,-0.015823961,0.023143043,0.992133368,0.122005662,418,232,0.555023923,0.025404069,0.017565537,0.011403241,0.059456451,42.233159558,0.000000000,0.058417127,0.044867788,0.197403012,0.015471859,41.321697606,0,21,8,13,0.050239234,0,0,0,0,0,394,3,22206,96128,28834,15,2273255
2039,1706585451.382471800,1706585451.481305838,1,0,0,1,0.379599792,2.228794774,-0.074582052,-0.015165255,0.022131290,0.992154486,0.122105268,389,222,0.570694087,0.024080406,0.017100326,0.011352967,0.046964971,45.771223932,0.000000000,0.056530171,0.044913112,0.193866646,0.015293188,41.783609522,0,5,2,3,0.012853470,2,0,0,0,0,382,2,22210,96133,28836,15,2273637
2040,1706585451.482716084,1706585451.579837084,1,0,0,1,0.391422117,2.228850185,-0.071686032,-0.015587620,0.023784131,0.992149737,0.121779478,411,242,0.588807786,0.025562056,0.018744916,0.012076761,0.058635841,41.961643346,0.000000000,0.055771220,0.041872643,0.188912643,0.014896215,42.093308733,0,11,11,0,0.026763990,1,0,0,0,0,399,1,22210,96144,28837,15,2274036
2041,1706585451.582570076,1706585451.682188511,1,0,0,1,0.390101193,2.227212981,-0.072848792,-0.015368417,0.021931447,0.992150015,0.122152249,391,221,0.565217391,0.022344631,0.014740199,0.010630072,0.048003958,43.734315647,0.000000000,0.056089870,0.045422442,0.159531088,0.014354971,41.900259829,0,4,3,1,0.010230179,1,0,0,0,0,385,2,22211,96148,28838,15,2274421
2042,1706585451.682400227,1706585451.780962229,1,0,0,1,0.386533136,2.225889937,-0.072516873,-0.016051665,0.023029472,0.992136901,0.121968677,392,215,0.548469388,0.024214571,0.017966756,0.013095061,0.047723844,44.344738142,0.000000000,0.054803796,0.042658195,0.141854676,0.012043091,42.185386395,0,8,8,0,0.020408163,0,0,0,0,0,384,0,22211,96156,28838,15,2274805
2043,1706585451.783035517,1706585451.882861614,1,0,0,1,0.374547452,2.226480090,-0.073098685,-0.015317545,0.022764984,0.992113110,0.122305783,392,209,0.533163265,0.022452790,0.014980521,0.010709918,0.046255567,44.655119523,0.000000000,0.054185156,0.044876074,0.144193989,0.010836888,42.523675414,0,6,6,0,0.015306122,0,0,0,0,0,386,0,22211,96162,28838,15,2275191
2044,1706585451.882873535,1706585451.982706070,1,0,0,1,0.368044326,2.228123712,-0.073305106,-0.015543491,0.023306713,0.992112706,0.122178459,402,217,0.539800995,0.022109059,0.015228614,0.010995183,0.052917763,42.333202408,0.000000000,0.053705452,0.048314699,0.139293881,0.008967308,42.634806129,0,5,5,0,0.012437811,1,0,0,0,0,395,2,22211,96167,28839,15,2275586
2045,1706585451.982717991,1706585452.081598282,1,0,0,1,0.369220359,2.235236858,-0.069380141,-0.015680277,0.023870659,0.992130009,0.121911301,395,217,0.549367089,0.024141556,0.015648194,0.009963654,0.042101869,47.282354720,0.000000000,0.053138634,0.045238731,0.137475838,0.008479604,42.889181744,0,5,5,0,0.012658228,0,0,0,0,0,390,0,22211,96172,28839,15,2275976
2046,1706585452.082559586,1706585452.182370663,1,0,0,1,0.361342979,2.236418661,-0.073911244,-0.015373833,0.022065855,0.992178901,0.121892457,391,210,0.537084399,0.021714788,0.015328416,0.010559858,0.067353334,35.799881388,0.000000000,0.053746419,0.046906550,0.139126894,0.008233382,42.531643807,0,3,2,1,0.007672634,2,0,0,0,0,386,2,22212,96175,28841,15,2276362
2047,1706585452.182781696,1706585452.282056093,1,0,0,1,0.351057771,2.248889883,-0.066570937,-0.016110480,0.022095698,0.992203720,0.121589514,390,207,0.530769231,0.023822394,0.017479961,0.010628882,0.088675322,31.342369579,0.000000000,0.054962568,0.046877554,0.151918869,0.008149210,42.148916110,0,13,7,6,0.033333333,1,0,0,0,0,375,2,22221,96188,28842,15,2276737
2048,1706585452.282616854,1706585452.380180597,1,1,1,1,0.338224579,2.257290556,-0.063774362,-0.015891352,0.022430473,0.992242986,0.121236112,368,189,0.513586957,0.021948006,0.016268228,0.009561944,0.070387489,35.816930450,0.050000000,0.055971234,0.049625975,0.159862374,0.008544281,41.697220245,1,2,1,1,0.005434783,0,1,0,1,0,364,2,22222,96190,28843,15,2277101
2049,1706585452.382463932,1706585452.482298851,1,0,0,1,0.345979439,2.260288151,-0.060453867,-0.016279561,0.023511289,0.992253017,0.120897252,388,204,0.525773196,0.028559007,0.022030427,0.012300045,0.074582759,32.506928541,0.050000000,0.057088104,0.066246611,0.163156153,0.008864497,41.234211132,0,22,4,18,0.056701031,0,0,0,0,0,357,9,22242,96212,28843,15,2277458
2050,1706585452.482710123,1706585452.582115650,1,1,1,1,0.354974693,2.253563227,-0.059964190,-0.016234117,0.022408710,0.992228022,0.121317169,372,177,0.475806452,0.025530447,0.018436788,0.012035008,0.085238156,35.469329953,0.100000000,0.058169088,0.067569105,0.168655542,0.009599418,41.069168898,1,16,3,13,0.043010753,0,2,0,13,0,349,7,22256,96228,28845,15,2277807
2051,1706585452.582552433,1706585452.682307959,1,1,1,1,0.363218191,2.247267562,-0.063019802,-0.015981005,0.023099320,0.992197060,0.121474371,328,178,0.542682927,0.026376715,0.018835645,0.011650609,0.089418315,31.461906366,0.150000000,0.060205350,0.069885455,0.170904240,0.009647898,40.490325656,2,3,3,0,0.009146341,0,0,0,2,0,320,5,22258,96231,28845,15,2278127
2052,1706585452.682394028,1706585452.780868530,1,1,1,1,0.369931148,2.238698311,-0.072349625,-0.015071071,0.023656898,0.992222849,0.121272548,315,181,0.574603175,0.031155518,0.024020238,0.014405307,0.077551278,28.820957407,0.200000000,0.061325439,0.091028256,0.174684682,0.009191954,39.915916430,3,0,0,0,0.000000000,1,0,0,0,0,314,1,22258,96231,28846,15,2278441
2053,1706585452.783025265,1706585452.882747412,1,1,1,1,0.367910347,2.237908124,-0.068892088,-0.015733756,0.021859734,0.992233382,0.121439351,319,160,0.501567398,0.027446494,0.021129546,0.015564267,0.077568730,34.244259560,0.250000000,0.062064020,0.094042043,0.170384824,0.009207378,39.518423348,4,14,6,8,0.043887147,1,1,0,11,0,299,6,22269,96245,28848,15,2278740
2054,1706585452.882859468,1706585452.981998682,1,1,1,1,0.376431534,2.240937967,-0.066718078,-0.016169645,0.024428768,0.992255753,0.120707490,298,167,0.560402685,0.028410150,0.021144277,0.013282137,0.055514211,31.182495430,0.300000000,0.062732971,0.097270528,0.170472401,0.010718782,38.722541301,5,0,0,0,0.000000000,0,3,0,0,0,295,3,22269,96245,28851,15,2279035
2055,1706585452.982699156,1706585453.082521200,1,1,1,1,0.383221911,2.242801386,-0.073088580,-0.016037499,0.021509378,0.992412566,0.119989349,295,161,0.545762712,0.025254746,0.019556049,0.011308394,0.042539659,37.235607862,0.350000000,0.062423424,0.097254090,0.177688417,0.011838810,38.442169787,6,1,1,0,0.003389831,0,7,0,0,0,287,7,22269,96246,28858,15,2279322
2056,1706585453.082532644,1706585453.182359934,1,1,1,1,0.388594397,2.239145938,-0.069560889,-0.016222780,0.023616237,0.992341314,0.120157445,300,162,0.540000000,0.027069208,0.022177111,0.012062568,0.050346111,36.901641484,0.400000000,0.061641889,0.098461086,0.175611873,0.011369709,38.312575172,7,1,1,0,0.003333333,0,3,0,1,0,296,3,22270,96247,28861,15,2279618
2057,1706585453.182771444,1706585453.282529116,1,1,1,1,0.399598205,2.236269128,-0.073166164,-0.015858249,0.023025629,0.992337125,0.120355172,295,170,0.576271186,0.025432140,0.019651210,0.010844946,0.045680697,35.567882943,0.450000000,0.061345816,0.097589177,0.180773775,0.011496532,37.933297412,8,0,0,0,0.000000000,0,4,0,0,0,291,4,22270,96247,28865,15,2279909
2058,1706585453.282616854,1706585453.382050276,1,1,1,1,0.407002050,2.228407337,-0.080498902,-0.014979301,0.022992942,0.992292749,0.120838925,303,173,0.570957096,0.028303229,0.020625368,0.012474816,0.062159769,38.865220717,0.500000000,0.061480982,0.100762976,0.188440675,0.012243917,37.764900470,9,2,2,0,0.006600660,0,4,0,0,0,297,4,22270,96249,28869,15,2280206
2059,1706585453.382437468,1706585453.482021332,1,1,1,1,0.430562700,2.219200893,-0.079263624,-0.015384460,0.022931349,0.992253613,0.121120760,307,180,0.586319218,0.026770544,0.020145059,0.012598617,0.043987829,37.023591260,0.550000000,0.061332125,0.100358238,0.201594338,0.012071243,37.327518836,10,1,1,0,0.003257329,0,4,0,0,0,302,4,22270,96250,28873,15,2280508
2060,1706585453.483068466,1706585453.581216335,1,1,1,1,0.453972505,2.212935681,-0.080263019,-0.014801874,0.024345896,0.992295571,0.120572312,300,181,0.603333333,0.023941857,0.019184630,0.012164163,0.057184544,38.941098764,0.600000000,0.061259560,0.101475208,0.223445030,0.012381066,37.176491607,11,1,1,0,0.003333333,0,6,0,0,0,293,6,22270,96251,28879,15,2280801
2061,1706585453.582900524,1706585453.679486990,1,1,1,1,0.472214279,2.206319175,-0.084433893,-0.014870209,0.023035825,0.992300298,0.120782225,302,181,0.599337748,0.026928546,0.019665906,0.012596671,0.050790385,39.010277630,0.650000000,0.061398882,0.097639590,0.239472967,0.012415339,36.940289706,12,6,2,4,0.019867550,2,4,0,4,0,289,7,22274,96257,28885,15,2281090
2062,1706585453.682728767,1706585453.782532930,1,1,1,1,0.484047503,2.198673822,-0.082409856,-0.014896191,0.024294086,0.992185294,0.121475276,302,158,0.523178808,0.026564429,0.018867005,0.010606586,0.050088311,38.677212749,0.700000000,0.061517105,0.096737448,0.241691493,0.013054439,36.656913437,13,17,6,11,0.056291391,0,6,0,13,0,274,11,22287,96274,28891,15,2281364
2063,1706585453.782581806,1706585453.881775618,1,1,1,1,0.492222406,2.198136032,-0.075531428,-0.015705480,0.022521664,0.992218077,0.121447105,292,166,0.568493151,0.023690420,0.017215252,0.011170209,0.049159381,37.530514071,0.750000000,0.061662296,0.093903215,0.245677943,0.012793068,36.300683164,14,10,5,5,0.034246575,0,5,0,7,0,274,8,22294,96284,28896,15,2281638
2064,1706585453.882412195,1706585453.981884956,1,1,1,1,0.514877226,2.196858076,-0.076535672,-0.015008738,0.023217529,0.992253239,0.121116444,293,171,0.583617747,0.027822659,0.020878561,0.014286561,0.051748009,39.613604596,0.800000000,0.061603808,0.088529443,0.260182138,0.012897341,36.164703273,15,1,1,0,0.003412969,0,4,0,0,0,288,4,22294,96285,28900,15,2281926
2065,1706585453.983045578,1706585454.081333637,1,1,1,1,0.518046783,2.195674973,-0.073928259,-0.015530243,0.022476653,0.992251188,0.121207222,298,169,0.567114094,0.027567972,0.018722409,0.012254068,0.058995972,33.867437519,0.850000000,0.062448513,0.087167848,0.255289390,0.013052353,35.493957413,16,9,3,6,0.030201342,2,1,0,8,0,282,7,22302,96294,28903,15,2282208
2066,1706585454.082868338,1706585454.182701349,1,1,1,1,0.530990169,2.199643027,-0.066064441,-0.016522795,0.023465289,0.992327672,0.120258755,310,183,0.590322581,0.028602721,0.022769120,0.013153995,0.042191517,41.696372415,0.900000000,0.061190422,0.078756144,0.253191794,0.014398018,35.788781965,17,20,5,15,0.064516129,0,4,0,17,0,282,8,22319,96314,28907,15,2282490
2067,1706585454.182713032,1706585454.281737328,1,1,1,1,0.539209975,2.203176977,-0.067935461,-0.015940044,0.022239636,0.992389776,0.120057675,295,175,0.593220339,0.028127623,0.020924625,0.012078621,0.060061478,35.717851076,0.950000000,0.059759730,0.075414481,0.246741504,0.014021331,36.007556040,18,2,2,0,0.006779661,0,4,0,0,0,287,6,22319,96316,28911,15,2282777
2068,1706585454.282560587,1706585454.382399082,1,1,1,1,0.531878687,2.205070231,-0.070538238,-0.015722814,0.023514998,0.992348558,0.120183928,303,184,0.607260726,0.030662604,0.024271739,0.013120442,0.053379903,40.341465734,0.950000000,0.058909351,0.068536720,0.245795561,0.013501396,36.233782804,19,1,1,0,0.003300330,1,2,0,0,0,299,3,22319,96317,28914,15,2283076
2069,1706585454.382410526,1706585454.482231855,1,1,1,1,0.535496607,2.204241642,-0.068507391,-0.016133978,0.022586155,0.992374989,0.120089310,300,189,0.630000000,0.026010367,0.020436455,0.011468216,0.042245821,40.759080629,1.000000000,0.057292504,0.068511283,0.238784589,0.012783339,36.646390408,20,2,2,0,0.006666667,2,4,0,0,0,292,6,22318,96319,28920,15,2283368
2070,1706585454.483042717,1706585454.582887888,1,1,1,1,0.522520370,2.203084744,-0.077181317,-0.015178436,0.023541695,0.992338135,0.120334652,304,173,0.569078947,0.027502222,0.021019788,0.012467440,0.066904062,34.039681220,1.000000000,0.056375799,0.067047132,0.243622429,0.012975852,36.574907972,20,2,2,0,0.006578947,1,1,0,0,0,300,2,22317,96321,28922,15,2283668
2071,1706585454.582900286,1706585454.681338310,1,1,1,1,0.521464080,2.202186504,-0.078739159,-0.015176746,0.024250776,0.992358982,0.120021734,308,188,0.610389610,0.028048125,0.021286567,0.011458444,0.043838174,40.603027404,1.000000000,0.054096792,0.066822498,0.231371245,0.013235676,37.031964023,20,2,1,1,0.006493506,0,3,0,0,0,303,3,22318,96323,28925,15,2283971
2072,1706585454.682748556,1706585454.782207251,1,1,1,1,0.525895243,2.201800056,-0.074844434,-0.015396780,0.022041977,0.992346295,0.120523528,299,180,0.602006689,0.025994505,0.018506455,0.011305173,0.042392759,40.712787235,1.000000000,0.052338866,0.059440581,0.233201403,0.013939291,37.626555515,20,1,1,0,0.003344482,0,4,0,0,0,294,4,22318,96324,28929,15,2284265
2073,1706585454.782593727,1706585454.880523205,1,1,1,1,0.525984502,2.203247129,-0.071653642,-0.015787773,0.022021835,0.992344379,0.120492400,303,185,0.610561056,0.025686022,0.018279239,0.009753779,0.046377186,37.405356377,1.000000000,0.050779289,0.060438693,0.227404689,0.012430345,37.784610356,20,2,2,0,0.006600660,0,4,0,0,0,297,4,22318,96326,28933,15,2284562
2074,1706585454.882430553,1706585454.979307413,1,1,1,1,0.523869083,2.201296741,-0.065659667,-0.015739064,0.023792253,0.992253691,0.120908327,303,173,0.570957096,0.028991148,0.021643674,0.014220388,0.053638438,43.759816254,1.000000000,0.050685500,0.061532907,0.224557987,0.011870675,38.413476397,20,4,2,2,0.013201320,1,3,0,3,0,294,5,22321,96330,28937,15,2284856
2075,1706585454.983063221,1706585455.082788229,1,1,1,1,0.528187982,2.193811625,-0.061345671,-0.016054034,0.024725119,0.992192293,0.121183292,299,171,0.571906355,0.028873934,0.020326816,0.012155064,0.045358514,40.673913805,1.000000000,0.050826443,0.061224179,0.226822731,0.012123907,38.585391694,20,6,4,2,0.020066890,0,4,0,4,0,283,10,22325,96336,28941,15,2285139
2076,1706585455.082899809,1706585455.182719469,1,1,1,1,0.533664314,2.195094748,-0.065799137,-0.015885437,0.023784589,0.992279388,0.120679586,303,166,0.547854785,0.029201402,0.021114685,0.013169674,0.043466986,41.280221542,1.000000000,0.050482487,0.063189307,0.222065608,0.012666012,38.804320697,20,6,2,4,0.019801980,0,2,0,4,0,294,3,22329,96342,28943,15,2285433
2077,1706585455.182731867,1706585455.282352686,1,1,1,1,0.523671993,2.193390730,-0.065534757,-0.015777841,0.024125326,0.992170826,0.121515766,306,171,0.558823529,0.024046024,0.016399365,0.011416212,0.030025097,45.123089202,1.000000000,0.049699707,0.066901060,0.219152135,0.013337017,39.282081010,20,9,2,7,0.029411765,1,1,0,9,0,293,4,22338,96351,28945,15,2285726
2078,1706585455.282564163,1706585455.381767988,1,1,1,1,0.510872271,2.203966670,-0.065543324,-0.015979701,0.024281143,0.992317722,0.120252290,302,179,0.592715232,0.028146503,0.022226881,0.013347044,0.052408632,39.814052428,1.000000000,0.049212150,0.066751558,0.210430199,0.015339740,39.329522595,20,10,7,3,0.033112583,1,3,0,8,0,285,7,22346,96361,28949,15,2286011
2079,1706585455.382403135,1706585455.482191086,1,1,1,1,0.503450087,2.204646989,-0.068404640,-0.015446835,0.023870351,0.992301179,0.120540329,315,179,0.568253968,0.028748742,0.020041644,0.013012504,0.051427213,37.934369084,1.000000000,0.049584119,0.067603620,0.194159565,0.014819753,39.375061487,20,12,2,10,0.038095238,0,0,0,11,0,302,1,22357,96373,28949,15,2286313
2080,1706585455.483051538,1706585455.582267523,1,1,1,1,0.503043295,2.196517977,-0.075125443,-0.014966052,0.024960957,0.992191050,0.121284327,307,190,0.618892508,0.030217043,0.022400683,0.014245785,0.039277040,37.472304796,1.000000000,0.048688744,0.064730421,0.184867081,0.015832414,39.301621788,20,3,2,1,0.009771987,0,5,0,1,0,299,5,22358,96376,28954,15,2286612
2081,1706585455.582901239,1706585455.682723522,1,1,1,1,0.507328033,2.199326760,-0.078547334,-0.015951633,0.022123964,0.992284854,0.120941492,300,174,0.580000000,0.028614134,0.023740990,0.014578869,0.053763715,36.397075355,1.000000000,0.048837410,0.064801618,0.176795227,0.015104023,39.170961674,20,3,2,1,0.010000000,0,7,0,0,0,290,7,22359,96379,28961,15,2286902
2082,1706585455.682735205,1706585455.782550335,1,1,1,1,0.490979362,2.205415376,-0.084867363,-0.015142840,0.021928133,0.992342177,0.120610342,315,173,0.549206349,0.026538644,0.016970831,0.011028452,0.069710870,29.707998683,1.000000000,0.049818538,0.064833345,0.184653119,0.015716858,38.722500971,20,1,1,0,0.003174603,0,3,0,0,0,311,3,22359,96380,28964,15,2287213
2083,1706585455.782561779,1706585455.882346630,1,1,1,1,0.468514679,2.206421598,-0.084108151,-0.014639739,0.024703587,0.992239866,0.120977102,318,178,0.559748428,0.028058814,0.020593048,0.010558510,0.060418331,31.081413494,1.000000000,0.050381486,0.055456885,0.184440091,0.015709991,38.400045942,20,2,1,1,0.006289308,1,6,0,1,0,309,7,22360,96382,28971,15,2287522
2084,1706585455.882408619,1706585455.981179476,1,1,1,1,0.456523098,2.209826072,-0.084654209,-0.014488879,0.023890339,0.992229642,0.121242161,317,179,0.564668770,0.023962535,0.016363595,0.009443690,0.057039508,31.497195886,1.000000000,0.050646061,0.063778238,0.192646187,0.016085826,37.994225507,20,1,1,0,0.003154574,1,4,0,0,0,311,5,22360,96383,28976,15,2287833
2085,1706585455.983051062,1706585456.081752062,1,1,1,1,0.442918879,2.213166863,-0.077862279,-0.014798363,0.023634555,0.992178947,0.121669036,345,194,0.562318841,0.027375653,0.018574258,0.012142403,0.075070244,32.460112298,1.000000000,0.051449774,0.063840435,0.192558102,0.014963335,37.923859246,20,2,1,1,0.005797101,0,1,0,0,0,342,1,22361,96385,28977,15,2288175
2086,1706585456.082887411,1706585456.178692341,1,0,0,1,0.433156190,2.217671948,-0.072365810,-0.015299546,0.021173614,0.992187073,0.121993499,376,228,0.606382979,0.024859030,0.016486628,0.010193847,0.055590659,41.010798529,0.950000000,0.052119732,0.067458142,0.195492748,0.015345201,37.889580552,0,1,1,0,0.002659574,0,0,0,0,0,375,0,22361,96386,28977,15,2288550
2087,1706585456.182721376,1706585456.282553196,1,0,0,1,0.414808987,2.224148605,-0.070585252,-0.015656172,0.023445143,0.992177265,0.121612025,382,213,0.557591623,0.021722592,0.015793426,0.010388067,0.066316102,37.743993644,0.900000000,0.052432463,0.082098957,0.207024186,0.015990398,37.990887680,0,14,9,5,0.036649215,1,0,0,0,0,367,1,22370,96400,28978,15,2288917
2088,1706585456.282565832,1706585456.382403374,1,0,0,1,0.407367794,2.228527582,-0.067284342,-0.015677186,0.023895027,0.992182878,0.121475882,389,217,0.557840617,0.028241910,0.019532101,0.014174426,0.051347833,42.448335044,0.850000000,0.052330859,0.077607165,0.212036846,0.016111143,38.096231145,0,5,5,0,0.012853470,0,0,0,0,0,384,0,22370,96405,28978,15,2289301
2089,1706585456.382415533,1706585456.482258320,1,0,0,1,0.388495145,2.234567576,-0.067033422,-0.015976182,0.021912030,0.992186870,0.121777825,399,222,0.556390977,0.023353659,0.018302018,0.011608342,0.061757398,35.469337098,0.800000000,0.053306438,0.083210422,0.216202906,0.016289388,37.831743969,0,10,6,4,0.025062657,0,0,0,0,0,387,2,22378,96415,28978,15,2289688
2090,1706585456.483069420,1706585456.582828760,1,0,0,1,0.375119314,2.232425413,-0.073601920,-0.015232281,0.022219772,0.992177838,0.121890924,422,238,0.563981043,0.023780669,0.017196047,0.011551814,0.059845051,38.786989929,0.750000000,0.052953488,0.087366403,0.229172168,0.015874437,38.069109404,0,17,7,10,0.040284360,0,0,0,0,0,400,5,22393,96432,28978,15,2290088
2091,1706585456.582915545,1706585456.682411671,1,0,0,1,0.355450843,2.233622421,-0.072115400,-0.015595808,0.022947692,0.992136750,0.122044432,442,238,0.538461538,0.022925224,0.015940778,0.009723296,0.058259819,37.895718221,0.700000000,0.053674570,0.092692371,0.243020879,0.015064885,37.933743945,0,18,5,13,0.040723982,0,0,0,0,0,416,8,22409,96450,28978,15,2290504
2092,1706585456.682772398,1706585456.782495022,1,0,0,1,0.350945710,2.234386225,-0.079339460,-0.015066292,0.022663895,0.992134458,0.122182536,465,244,0.524731183,0.026225685,0.018417811,0.011996275,0.064904713,35.509021342,0.650000000,0.054800168,0.092587363,0.248064052,0.015296410,37.673555651,0,32,6,26,0.068817204,1,0,0,0,0,425,8,22437,96482,28979,15,2290929
2093,1706585456.782619238,1706585456.882446766,1,0,0,1,0.339314996,2.235260126,-0.078516235,-0.015214754,0.022928199,0.992127299,0.122172961,486,255,0.524691358,0.023716608,0.015284307,0.010345345,0.051198037,42.776338098,0.600000000,0.055041210,0.095527688,0.253107753,0.014553831,37.942104737,0,39,8,31,0.080246914,3,0,0,0,0,432,15,22471,96521,28982,15,2291361
2094,1706585456.882458448,1706585456.982280254,1,0,0,1,0.329528444,2.234181337,-0.078013174,-0.015701613,0.021115244,0.992115953,0.122529759,467,239,0.511777302,0.020825077,0.013459315,0.009620296,0.044550007,42.151072959,0.550000000,0.054586789,0.104639773,0.253307731,0.014812944,37.861667572,0,27,8,19,0.057815846,0,0,0,0,0,435,5,22492,96548,28982,15,2291796
2095,1706585456.983090878,1706585457.082915783,1,0,0,1,0.317128674,2.236345603,-0.076509893,-0.015487666,0.022177617,0.992104040,0.122465748,441,261,0.591836735,0.022386846,0.013618234,0.009812326,0.050557199,40.998092639,0.500000000,0.054846723,0.106793436,0.258810153,0.013998545,37.877876514,0,4,3,1,0.009070295,1,0,0,0,0,436,1,22495,96552,28983,15,2292232
2096,1706585457.082927704,1706585457.182236910,1,0,0,1,0.317082376,2.240028868,-0.077690274,-0.015307392,0.021243595,0.992134271,0.122409077,451,251,0.556541020,0.021357448,0.014089593,0.009464262,0.045127969,42.911222188,0.450000000,0.054929772,0.109421703,0.252538191,0.012397823,37.959426546,0,3,3,0,0.006651885,0,0,0,0,0,448,0,22496,96555,28983,15,2292680
2097,1706585457.182760239,1706585457.282598019,1,0,0,1,0.309219948,2.239685774,-0.075127675,-0.015582784,0.021794502,0.992113396,0.122446664,441,262,0.594104308,0.021703513,0.015359254,0.010956671,0.050742501,41.143773339,0.400000000,0.055965642,0.113778868,0.244211091,0.009886601,37.760460753,0,3,3,0,0.006802721,0,0,0,0,0,438,0,22496,96558,28983,15,2293118
2098,1706585457.282609463,1706585457.379717588,1,0,0,1,0.312118258,2.240073888,-0.073413044,-0.015212289,0.022199695,0.992117240,0.122389303,424,240,0.566037736,0.021418777,0.015355510,0.009120610,0.049033245,41.577392340,0.350000000,0.055796873,0.116206301,0.239617241,0.009390558,37.848627748,0,4,4,0,0.009433962,0,0,0,0,0,420,0,22496,96562,28983,15,2293538
2099,1706585457.382451773,1706585457.478699684,1,0,0,1,0.301748094,2.246858711,-0.068571110,-0.016027488,0.022798336,0.992100748,0.122308875,431,237,0.549883991,0.021601148,0.014606346,0.010626363,0.036666188,47.681253415,0.300000000,0.055058822,0.115071014,0.242366714,0.008122015,38.335971965,0,5,5,0,0.011600928,1,0,0,0,0,424,2,22495,96567,28984,15,2293962
2100,1706585457.483090401,1706585457.582921505,1,0,0,1,0.306214656,2.246858522,-0.067412728,-0.015817600,0.021580181,0.992119293,0.122406732,421,251,0.596199525,0.023208342,0.015922009,0.010247951,0.053271380,38.780137109,0.250000000,0.055758539,0.103339313,0.240820070,0.007746049,38.401363581,0,5,5,0,0.011876485,0,0,0,0,0,416,0,22496,96572,28984,15,2294378
2101,1706585457.582934141,1706585457.682056427,1,0,0,1,0.315883344,2.243734328,-0.064647645,-0.016072578,0.021682761,0.992107308,0.122452521,419,231,0.551312649,0.021993451,0.015960022,0.010638137,0.058117119,35.947608515,0.200000000,0.055976209,0.096777427,0.232795357,0.007192014,38.378890239,0,7,4,3,0.016706444,1,0,0,0,0,409,3,22500,96579,28985,15,2294787
2102,1706585457.682780027,1706585457.782181263,1,0,0,1,0.312769124,2.245568828,-0.069383961,-0.015841726,0.021407445,0.992162159,0.122086080,437,243,0.556064073,0.023455397,0.015701087,0.010649421,0.043878394,42.233272307,0.150000000,0.054684585,0.093611907,0.216253227,0.007252875,39.005153920,0,17,7,10,0.038901602,0,0,0,0,0,410,10,22513,96596,28985,15,2295197
2103,1706585457.782603741,1706585457.881522179,1,0,0,1,0.320794532,2.244492000,-0.076243870,-0.014841032,0.023217272,0.992138994,0.122069320,429,226,0.526806527,0.020401762,0.015481608,0.008578351,0.040764984,43.299511973,0.100000000,0.053701918,0.088883756,0.214388278,0.006750658,39.616058844,0,15,8,7,0.034965035,0,0,0,0,0,407,7,22524,96611,28985,15,2295604
2104,1706585457.882435083,1706585457.982145071,1,0,0,1,0.336145108,2.245538297,-0.075097849,-0.015206656,0.022506515,0.992192760,0.121719931,438,244,0.557077626,0.026346424,0.019040060,0.012717010,0.037941011,43.662753930,0.050000000,0.052746993,0.092937851,0.214248985,0.006584461,40.224336746,0,14,12,2,0.031963470,1,0,0,0,0,420,4,22530,96625,28986,15,2296024
2105,1706585457.983093262,1706585458.082916260,1,0,0,1,0.333976887,2.239898221,-0.076081998,-0.015338270,0.024389712,0.992124954,0.121893215,440,236,0.536363636,0.022086268,0.015773574,0.010558903,0.049836564,40.255321879,0.000000000,0.051485309,0.085609789,0.208295619,0.006140077,40.614097225,0,4,3,1,0.009090909,1,0,0,0,0,432,4,22531,96629,28987,15,2296456
2106,1706585458.082940817,1706585458.182768822,1,0,0,1,0.341559664,2.237679378,-0.079891794,-0.015318373,0.023007132,0.992135423,0.122079165,443,263,0.593679458,0.023948620,0.015720289,0.010978686,0.050050845,40.493953690,0.000000000,0.051208318,0.084421981,0.197528854,0.005703847,40.588254983,0,2,2,0,0.004514673,0,0,0,0,0,441,0,22531,96631,28987,15,2296897
2107,1706585458.182780266,1706585458.282605171,1,0,0,1,0.344334247,2.235368768,-0.078181574,-0.015654813,0.022948118,0.992145596,0.121964861,432,256,0.592592593,0.023167801,0.014361100,0.009458229,0.052232500,39.977266016,0.000000000,0.050504138,0.083145377,0.192280584,0.005652012,40.699918602,0,1,1,0,0.002314815,1,0,0,0,0,430,1,22531,96632,28988,15,2297327
2108,1706585458.282617092,1706585458.382469654,1,0,0,1,0.346094202,2.237450110,-0.075762984,-0.014723005,0.023193737,0.992157754,0.121935537,434,244,0.562211982,0.022701802,0.015558328,0.009951345,0.054925040,38.544504958,0.000000000,0.050682998,0.066493030,0.176107422,0.005017768,40.504727097,0,6,4,2,0.013824885,0,0,0,0,0,428,0,22533,96638,28988,15,2297755
2109,1706585458.382480860,1706585458.482059479,1,0,0,1,0.349816147,2.230959906,-0.078788895,-0.015447483,0.023204452,0.992121816,0.122136119,445,252,0.566292135,0.023338861,0.014687871,0.010951758,0.045592600,42.938589354,0.000000000,0.049874758,0.066484159,0.169123051,0.005156542,40.878189710,0,1,1,0,0.002247191,1,0,0,0,0,443,1,22533,96639,28989,15,2298198
2110,1706585458.482720375,1706585458.580762625,1,0,0,1,0.369121622,2.231988660,-0.076345864,-0.014961621,0.022481267,0.992178577,0.121870477,423,248,0.586288416,0.023153622,0.014790263,0.009813406,0.058221163,37.630533395,0.000000000,0.049793564,0.065980973,0.168848811,0.005378663,40.820366883,0,5,3,2,0.011820331,1,0,0,0,0,417,1,22535,96644,28990,15,2298615
2111,1706585458.582573414,1706585458.679820776,1,0,0,1,0.373323277,2.227511579,-0.076992626,-0.015667421,0.022494272,0.992143907,0.122061493,431,239,0.554524362,0.022272426,0.015443524,0.011085018,0.047342549,43.372055710,0.000000000,0.049247700,0.066249756,0.166474760,0.005434364,41.094183758,0,4,3,1,0.009280742,0,0,0,0,0,426,1,22536,96648,28990,15,2299041
2112,1706585458.682418346,1706585458.778595686,1,0,0,1,0.393203424,2.222158159,-0.080652185,-0.014776954,0.023365756,0.992163977,0.121845498,414,239,0.577294686,0.023334109,0.015759297,0.010933697,0.055179402,38.277589418,0.000000000,0.048761435,0.057150267,0.175693287,0.005837019,41.232612162,0,1,1,0,0.002415459,0,0,0,0,0,413,0,22536,96649,28990,15,2299454
2113,1706585458.783051968,1706585458.882875204,1,0,0,1,0.413284924,2.215944434,-0.084972660,-0.014671300,0.023108558,0.992151166,0.122011520,423,243,0.574468085,0.022518380,0.014551068,0.009613521,0.048589463,40.312101775,0.000000000,0.048631006,0.056210070,0.187294891,0.005416192,41.109400346,0,4,3,1,0.009456265,0,0,0,0,0,418,1,22537,96653,28990,15,2299872
2114,1706585458.882886887,1706585458.981741905,1,0,0,1,0.426103746,2.207676295,-0.084025297,-0.014887365,0.023529790,0.992115773,0.122192508,434,250,0.576036866,0.024028897,0.015962533,0.010656035,0.061784246,38.165508343,0.000000000,0.049492718,0.054610447,0.189901595,0.005598929,40.910122115,0,7,1,6,0.016129032,0,0,0,0,0,420,7,22544,96660,28990,15,2300292
2115,1706585458.982727528,1706585459.082555771,1,0,0,1,0.441732953,2.203497993,-0.090987341,-0.014522530,0.021880543,0.992172642,0.122081064,449,254,0.565701559,0.022497654,0.017064643,0.010924730,0.043169465,43.105940184,0.000000000,0.049123331,0.054541757,0.203646041,0.005679453,41.015514492,0,13,4,9,0.028953229,1,0,0,0,0,429,7,22554,96673,28991,15,2300721
2116,1706585459.082568884,1706585459.181277990,1,0,0,1,0.454965262,2.200496250,-0.088208531,-0.014684405,0.023111797,0.992138539,0.122111969,430,243,0.565116279,0.026181725,0.018531207,0.012412139,0.057051862,37.737451387,0.000000000,0.049719526,0.061286607,0.209219559,0.005646853,40.756825952,0,8,3,5,0.018604651,1,0,0,0,0,420,2,22559,96681,28992,15,2301141
2117,1706585459.182427168,1706585459.281835318,1,0,0,1,0.461524035,2.197723493,-0.090132007,-0.014381465,0.022617364,0.992143622,0.122199272,428,250,0.584112150,0.022517591,0.014764127,0.010024489,0.057155668,39.760296601,0.000000000,0.050040184,0.060064927,0.213205757,0.005731494,40.687652115,0,6,4,2,0.014018692,0,0,0,0,0,420,2,22562,96687,28992,15,2301561
2118,1706585459.283058167,1706585459.382889748,1,0,0,1,0.467313121,2.195417015,-0.085695174,-0.014953839,0.023806861,0.992118852,0.122105693,425,253,0.595294118,0.024197593,0.017283181,0.010983955,0.045471713,42.719261336,0.000000000,0.049862108,0.058520249,0.207550689,0.005770447,40.744745565,0,4,4,0,0.009411765,0,0,0,0,0,421,0,22562,96691,28992,15,2301982
2119,1706585459.382901907,1706585459.482720613,1,0,0,1,0.458807132,2.197238813,-0.078436455,-0.015262830,0.024142539,0.992099954,0.122155085,422,244,0.578199052,0.025563624,0.017301124,0.012175003,0.064120592,37.621750016,0.000000000,0.051234828,0.060090150,0.214265960,0.005599246,40.241770395,0,3,3,0,0.007109005,0,0,0,0,0,419,0,22562,96694,28992,15,2302401
2120,1706585459.482732534,1706585459.582559824,1,0,0,1,0.451238119,2.199768663,-0.077170933,-0.015105671,0.022017713,0.992118193,0.122427656,414,249,0.601449275,0.026029907,0.018074954,0.010777386,0.056563953,38.553855037,0.000000000,0.051399457,0.064674885,0.211815862,0.006147488,40.230456291,0,7,7,0,0.016908213,0,0,0,0,0,406,1,22563,96701,28992,15,2302807
2121,1706585459.582571268,1706585459.682400942,1,0,0,1,0.442786809,2.201614876,-0.078124916,-0.015347169,0.024936770,0.992089395,0.122070691,422,250,0.592417062,0.026131534,0.017779491,0.011337155,0.044059538,44.154597020,0.000000000,0.050696578,0.066769783,0.214561032,0.006256286,40.640805716,0,2,2,0,0.004739336,2,0,0,0,0,418,2,22563,96703,28994,15,2303225
2122,1706585459.682412863,1706585459.781774998,1,0,0,1,0.444655549,2.204210216,-0.077356680,-0.015158026,0.021267585,0.992149890,0.122296854,421,257,0.610451306,0.022859608,0.015031802,0.009317378,0.059103096,37.425219437,0.000000000,0.051457813,0.067267371,0.207237633,0.006782301,40.400403073,0,0,0,0,0.000000000,0,0,0,0,0,421,0,22563,96703,28994,15,2303646
2123,1706585459.783060312,1706585459.880758047,1,0,0,1,0.438849559,2.205902391,-0.076326244,-0.015884698,0.022588165,0.992127134,0.122152370,409,240,0.586797066,0.024782146,0.017029893,0.011393284,0.055231556,38.371590685,0.000000000,0.052181141,0.059455642,0.197943537,0.006451150,40.154007009,0,2,2,0,0.004889976,1,0,0,0,0,406,1,22563,96705,28995,15,2304052
2124,1706585459.882903337,1706585459.979556561,1,0,0,1,0.412495394,2.213633860,-0.079346154,-0.015328506,0.023154053,0.992123591,0.122146250,397,221,0.556675063,0.024649680,0.016968551,0.012352048,0.069054653,33.861418420,0.000000000,0.053736823,0.055350099,0.219451804,0.006187017,39.663940233,0,6,6,0,0.015113350,3,0,0,0,0,388,3,22563,96711,28998,15,2304440
2125,1706585459.982737780,1706585460.079293489,1,0,0,1,0.418595300,2.211185697,-0.081007311,-0.015312555,0.021875283,0.992149868,0.122170527,410,236,0.575609756,0.022063786,0.014596163,0.010580203,0.056838320,38.317897436,0.000000000,0.054086911,0.055414448,0.217459981,0.005856925,39.567069011,0,2,2,0,0.004878049,1,0,0,0,0,407,1,22563,96713,28999,15,2304847
2126,1706585460.082575798,1706585460.182402134,1,0,0,1,0.425042081,2.205143271,-0.079808631,-0.015130322,0.022741705,0.992118380,0.122290672,408,236,0.578431373,0.022451097,0.015526822,0.009372085,0.045077991,43.081154291,0.000000000,0.053838268,0.056913206,0.222381491,0.005835220,39.696429041,0,3,3,0,0.007352941,0,0,0,0,0,403,2,22562,96716,28999,15,2305250
2127,1706585460.182414055,1706585460.282168388,1,0,0,1,0.431900661,2.202699427,-0.087316173,-0.014036620,0.022365191,0.992166773,0.122097776,426,236,0.553990610,0.022501018,0.015853838,0.010705490,0.052240086,39.680268377,0.000000000,0.053838648,0.057894155,0.229195736,0.006138808,39.681579159,0,9,1,8,0.021126761,1,0,0,0,0,411,6,22570,96725,29000,15,2305661
2128,1706585460.283054113,1706585460.382321358,1,0,0,1,0.432249636,2.202548875,-0.087653292,-0.014270183,0.024296320,0.992127308,0.122022358,423,241,0.569739953,0.025107372,0.018007320,0.011290983,0.049712664,40.567044500,0.000000000,0.053578029,0.058172370,0.221633345,0.005983590,39.782706136,0,8,3,5,0.018912530,0,0,0,0,0,407,8,22577,96733,29000,15,2306068
2129,1706585460.382894993,1706585460.482719660,1,0,0,1,0.427058530,2.198863774,-0.086609581,-0.014275366,0.022028395,0.992096831,0.122698171,442,262,0.592760181,0.023222366,0.014903961,0.009686044,0.065959407,37.156595453,0.000000000,0.054596369,0.058279376,0.208597847,0.006927032,39.493606441,0,10,6,4,0.022624434,1,0,0,0,0,428,4,22582,96743,29001,15,2306496
2130,1706585460.482744455,1706585460.582316875,1,0,0,1,0.434287503,2.198368108,-0.084292671,-0.014576974,0.024018230,0.992078032,0.122441065,436,260,0.596330275,0.025708284,0.018960408,0.012222230,0.066506589,35.499589611,0.000000000,0.055010641,0.060098757,0.210031346,0.007160680,39.387059252,0,6,5,1,0.013761468,0,0,0,0,0,430,0,22584,96749,29001,15,2306926
2131,1706585460.582579374,1706585460.682410002,1,0,0,1,0.441311538,2.195516006,-0.085256202,-0.014623834,0.023348879,0.992070173,0.122628481,428,246,0.574766355,0.025434666,0.016626389,0.011619414,0.084222176,32.959039869,0.000000000,0.056854622,0.058985974,0.196762288,0.007123463,38.866408460,0,7,3,4,0.016355140,1,0,0,0,0,416,5,22589,96756,29002,15,2307342
2132,1706585460.682421684,1706585460.782271862,1,0,0,1,0.441591436,2.191830287,-0.082296599,-0.014288905,0.022954854,0.992059733,0.122826658,435,262,0.602298851,0.025201142,0.018169902,0.011431745,0.055201721,40.055252251,0.000000000,0.056855738,0.059115520,0.180037210,0.007200644,38.955291601,0,3,2,1,0.006896552,0,0,0,0,0,431,1,22591,96759,29002,15,2307773
2133,1706585460.783083916,1706585460.882920742,1,0,0,1,0.435833700,2.193739730,-0.087600685,-0.013885862,0.024278462,0.992061253,0.122605909,425,263,0.618823529,0.025596015,0.018207395,0.012025021,0.066791531,36.314617939,0.000000000,0.057765841,0.057840688,0.172811793,0.007332075,38.755417410,0,9,8,1,0.021176471,0,0,0,0,0,416,0,22592,96768,29002,15,2308189
2134,1706585460.882931709,1706585460.982757330,1,0,0,1,0.431838284,2.199410674,-0.083956637,-0.014271576,0.023539848,0.992085676,0.122507996,453,274,0.604856512,0.023899014,0.016607239,0.011574459,0.076735808,33.737209900,0.000000000,0.058513419,0.057926072,0.163035232,0.007362531,38.534002488,0,3,3,0,0.006622517,1,0,0,0,0,449,1,22592,96771,29003,15,2308638
2135,1706585460.982769251,1706585461.082269907,1,0,0,1,0.420504071,2.202602275,-0.085746336,-0.014181314,0.022846176,0.992123038,0.122347130,438,274,0.625570776,0.024989202,0.016111353,0.011326185,0.072548490,35.652133246,0.000000000,0.059982371,0.055236570,0.161095332,0.007645222,38.161312141,0,4,4,0,0.009132420,1,0,0,0,0,433,1,22592,96775,29004,15,2309071
2136,1706585461.082606554,1706585461.180897236,1,0,0,1,0.416543164,2.202999616,-0.083598959,-0.014640012,0.022462469,0.992104715,0.122512623,426,261,0.612676056,0.023662679,0.016722556,0.011547283,0.087933534,31.771652202,0.000000000,0.061526454,0.053449378,0.158242368,0.007773405,37.863022181,0,2,2,0,0.004694836,1,0,0,0,0,423,1,22592,96777,29005,15,2309494
2137,1706585461.182457447,1706585461.280345440,1,0,0,1,0.410685505,2.206875907,-0.086813276,-0.014511469,0.022587284,0.992101834,0.122528296,443,251,0.566591422,0.022494096,0.015549388,0.010008136,0.066415038,36.111047761,0.000000000,0.061989423,0.053519577,0.158317218,0.007556270,37.680559739,0,3,3,0,0.006772009,0,0,0,0,0,440,0,22592,96780,29005,15,2309934
2138,1706585461.283101320,1706585461.378834963,1,0,0,1,0.410629001,2.205382355,-0.085509247,-0.014551848,0.021726647,0.992126647,0.122478210,455,250,0.549450549,0.024243441,0.015724718,0.010550323,0.069431929,35.361608756,0.000000000,0.063187434,0.053506727,0.148971147,0.007552887,37.312677110,0,3,2,1,0.006593407,0,0,0,0,0,452,0,22593,96783,29005,15,2310386
2139,1706585461.382941723,1706585461.482580423,1,0,0,1,0.422606145,2.203873756,-0.086580171,-0.014023843,0.023581663,0.992105121,0.122371017,468,262,0.559829060,0.022728344,0.016172514,0.010631978,0.081851155,31.233549908,0.000000000,0.064073962,0.054325218,0.153010011,0.007183663,36.993267105,0,3,1,2,0.006410256,0,0,0,0,0,464,1,22596,96786,29005,15,2310850
2140,1706585461.482767105,1706585461.582609892,1,0,0,1,0.432704499,2.205033497,-0.082488382,-0.014634469,0.022508710,0.992149621,0.122140574,476,260,0.546218487,0.025836925,0.017074618,0.009625372,0.084845061,32.202223145,0.000000000,0.065488017,0.053812625,0.155264347,0.006802761,36.675685510,0,6,2,4,0.012605042,1,0,0,0,0,463,7,22601,96792,29006,15,2311313
2141,1706585461.582622051,1706585461.682073116,1,0,0,1,0.436585428,2.206886248,-0.076961304,-0.014752377,0.023905777,0.992144851,0.121899452,488,287,0.588114754,0.024234208,0.015945797,0.010386500,0.092263302,30.513954688,0.000000000,0.067898205,0.050739171,0.158978311,0.006749220,35.993653394,0,7,5,2,0.014344262,0,0,0,0,0,477,4,22604,96799,29006,15,2311790
2142,1706585461.682459116,1706585461.780976534,1,0,0,1,0.434839867,2.209779654,-0.081312310,-0.014180848,0.024482791,0.992176805,0.121592289,482,270,0.560165975,0.025828566,0.016149416,0.011589499,0.063787606,37.165480343,0.000000000,0.068132431,0.051355355,0.158352680,0.007006285,35.980666439,0,11,7,4,0.022821577,2,0,0,0,0,468,3,22610,96810,29008,15,2312258
2143,1706585461.783097267,1706585461.882068872,1,0,0,1,0.430985094,2.208172190,-0.080724802,-0.015139193,0.022014768,0.992127148,0.122351451,474,260,0.548523207,0.024505537,0.016209664,0.011127093,0.082915947,33.623168872,0.000000000,0.069516651,0.051192012,0.134939934,0.008573100,35.743245348,0,15,7,8,0.031645570,2,0,0,0,0,452,7,22619,96825,29010,15,2312710
2144,1706585461.882954836,1706585461.982786179,1,0,0,1,0.425495534,2.205412962,-0.082008716,-0.014241739,0.023904210,0.992109311,0.122249239,477,267,0.559748428,0.024230699,0.017004367,0.011189371,0.069963843,35.494303091,0.000000000,0.069562110,0.051073506,0.134437127,0.008718629,35.824889582,0,19,5,14,0.039832285,0,0,0,0,0,452,6,22635,96844,29010,15,2313162
2145,1706585461.982798338,1706585462.081747055,1,0,0,1,0.419503828,2.201312680,-0.079543126,-0.014797218,0.023990780,0.992078820,0.122413645,432,260,0.601851852,0.023899128,0.015635437,0.010795763,0.058610543,40.038179788,0.000000000,0.069650721,0.046865934,0.133187954,0.008809312,35.910903700,0,1,1,0,0.002314815,1,0,0,0,0,429,2,22635,96845,29011,15,2313591
2146,1706585462.082643986,1706585462.180309534,1,0,0,1,0.422254481,2.201728802,-0.076565489,-0.014745594,0.023245555,0.992088107,0.122488369,431,247,0.573085847,0.023653734,0.017216786,0.011797331,0.074799881,33.571450690,0.000000000,0.071136816,0.043916983,0.126804665,0.008647488,35.435418519,0,1,1,0,0.002320186,3,0,0,0,0,426,4,22635,96846,29014,15,2314017
2147,1706585462.182480812,1706585462.282316446,1,0,0,1,0.424563463,2.201721800,-0.079757711,-0.014862010,0.023592050,0.992087177,0.122415560,435,267,0.613793103,0.025160225,0.017976962,0.011633698,0.064865077,37.902990698,0.000000000,0.071768065,0.040600492,0.130236394,0.008586168,35.346554636,0,2,2,0,0.004597701,1,0,0,0,0,432,1,22635,96848,29015,15,2314449
2148,1706585462.282726765,1706585462.381926298,1,0,0,1,0.422701552,2.201295400,-0.081102391,-0.014956836,0.021611276,0.992105996,0.122617038,409,247,0.603911980,0.022864606,0.016683080,0.010704445,0.074237992,33.550555680,0.000000000,0.072994332,0.042774590,0.126121235,0.007619835,34.995730195,0,4,4,0,0.009779951,1,0,0,0,0,404,1,22635,96852,29016,15,2314853
2149,1706585462.382562399,1706585462.481351137,1,0,0,1,0.431026689,2.199997203,-0.083238411,-0.014734053,0.023141145,0.992110773,0.122325832,425,258,0.607058824,0.024667345,0.018700271,0.012072883,0.072675474,35.784998015,0.000000000,0.073330135,0.041320470,0.127206167,0.007656604,34.927150323,0,2,2,0,0.004705882,1,0,0,0,0,422,1,22635,96854,29017,15,2315275
2150,1706585462.482413769,1706585462.579847336,1,0,0,1,0.428413689,2.201456689,-0.085613600,-0.014481103,0.022252607,0.992131267,0.122354678,436,264,0.605504587,0.025753680,0.018631092,0.012478166,0.075107273,35.246212747,0.000000000,0.073760169,0.041434880,0.123385096,0.007354344,34.914481479,0,2,2,0,0.004587156,0,0,0,0,0,434,0,22635,96856,29017,15,2315709
2151,1706585462.583066702,1706585462.682881117,1,0,0,1,0.435161627,2.205775027,-0.089896705,-0.014210026,0.022178339,0.992182514,0.121983829,427,250,0.585480094,0.023122208,0.015128487,0.010109160,0.065900681,36.747299307,0.000000000,0.072844094,0.042135125,0.127734373,0.007666274,35.103894451,0,3,2,1,0.007025761,0,0,0,0,0,423,1,22636,96859,29017,15,2316132
2152,1706585462.682893276,1706585462.782267570,1,0,0,1,0.435055397,2.202546568,-0.090095737,-0.014210037,0.022494579,0.992135851,0.122305037,441,267,0.605442177,0.024825121,0.017458755,0.011054760,0.076240667,35.320023489,0.000000000,0.073896042,0.041640826,0.122912739,0.007828935,34.867133013,0,4,1,3,0.009070295,0,0,0,0,0,436,1,22639,96863,29017,15,2316568
2153,1706585462.782728195,1706585462.882575035,1,0,0,1,0.417928729,2.209642552,-0.083404779,-0.014852570,0.022105100,0.992142797,0.122243344,427,254,0.594847775,0.022567947,0.016247031,0.011062353,0.083599631,32.768053954,0.000000000,0.074736447,0.042832847,0.134785793,0.007774363,34.689804814,0,7,2,5,0.016393443,1,0,0,0,0,419,1,22644,96870,29018,15,2316987
2154,1706585462.882586956,1706585462.982429028,1,0,0,1,0.413537756,2.207105145,-0.081940981,-0.014990077,0.022334260,0.992090491,0.122608872,435,247,0.567816092,0.021865129,0.014256877,0.009190384,0.056686399,38.969608233,0.000000000,0.073733976,0.047758376,0.128153984,0.008200761,34.951424731,0,3,2,1,0.006896552,0,0,0,0,0,430,2,22645,96873,29018,15,2317417
2155,1706585462.982439995,1706585463.082051277,1,0,0,1,0.401823725,2.209783459,-0.079277850,-0.014552798,0.023591404,0.992069318,0.122597433,451,266,0.589800443,0.024808565,0.016975271,0.012326519,0.091285473,32.035315282,0.000000000,0.074670825,0.047498698,0.135938833,0.007920983,34.770583832,0,14,5,9,0.031042129,1,0,0,0,0,431,6,22655,96887,29019,15,2317848
2156,1706585463.083086967,1706585463.182922125,1,0,0,1,0.391917010,2.212276765,-0.076569242,-0.014812329,0.023513695,0.992056784,0.122682670,463,253,0.546436285,0.024391032,0.017859382,0.011804267,0.077161571,34.271212462,0.000000000,0.074132227,0.047375267,0.138782861,0.008054731,34.895561845,0,28,6,22,0.060475162,2,0,0,0,0,427,8,22681,96915,29021,15,2318275
2157,1706585463.182934046,1706585463.282743216,1,0,0,1,0.386661044,2.213673302,-0.080069900,-0.014381722,0.023550119,0.992063372,0.122673647,468,253,0.540598291,0.023694835,0.015496027,0.010114184,0.046652647,44.591876293,0.000000000,0.073144108,0.044980590,0.143266953,0.007985674,35.319603272,0,26,11,15,0.055555556,0,0,0,0,0,434,8,22705,96941,29021,15,2318709
2158,1706585463.282767296,1706585463.381304979,1,0,0,1,0.387149211,2.213099091,-0.074355021,-0.015222422,0.023856890,0.992038213,0.122716380,446,253,0.567264574,0.021793406,0.015235297,0.010875526,0.071767082,33.444391864,0.000000000,0.073260865,0.049958695,0.136912127,0.007771800,35.223742427,0,7,6,1,0.015695067,3,0,0,0,0,435,4,22706,96948,29024,15,2319144
2159,1706585463.382600784,1706585463.479932070,1,0,0,1,0.378885329,2.213936804,-0.078315716,-0.014876370,0.022683717,0.992087733,0.122580879,450,265,0.588888889,0.024193908,0.015541034,0.012230724,0.070341063,35.837459411,0.000000000,0.072685361,0.048269950,0.135156939,0.007542642,35.453937903,0,2,2,0,0.004444444,0,0,0,0,0,448,0,22706,96950,29024,15,2319592
2160,1706585463.482452631,1706585463.582279921,1,0,0,1,0.370893247,2.212251813,-0.073276471,-0.015317929,0.023128859,0.992040201,0.122827752,458,262,0.572052402,0.023301728,0.015441775,0.010861701,0.068922642,35.429923590,0.000000000,0.071889240,0.046014476,0.137751093,0.007472379,35.615322925,0,5,4,1,0.010917031,4,0,0,0,0,449,4,22706,96955,29028,15,2320041
2161,1706585463.583089113,1706585463.682386637,1,0,0,1,0.369552544,2.213653742,-0.081459538,-0.014138182,0.025290194,0.992033204,0.122599511,455,254,0.558241758,0.026864976,0.017880808,0.013292462,0.080369340,33.612799837,0.000000000,0.071294541,0.052733822,0.140651850,0.007346330,35.770265182,0,8,8,0,0.017582418,1,0,0,0,0,446,1,22706,96963,29029,15,2320487
2162,1706585463.682921410,1706585463.780885458,1,0,0,1,0.372839443,2.209678749,-0.083382265,-0.014657369,0.021152682,0.992054818,0.123146106,462,266,0.575757576,0.024561956,0.017179170,0.011333169,0.078562291,33.277205854,0.000000000,0.072033276,0.050481531,0.141938871,0.006987899,35.575851458,0,3,3,0,0.006493506,1,0,0,0,0,458,1,22706,96966,29030,15,2320945
2163,1706585463.782757282,1706585463.879305124,1,0,0,1,0.373778970,2.210464908,-0.084723803,-0.014710241,0.021515434,0.992067864,0.122971736,462,255,0.551948052,0.023050248,0.015731921,0.010485456,0.065018001,36.283308979,0.000000000,0.071138378,0.051187382,0.137478887,0.007113314,35.708858463,0,5,4,1,0.010822511,0,0,0,0,0,457,0,22707,96971,29030,15,2321402
2164,1706585463.882597208,1706585463.978471041,1,0,0,1,0.360767528,2.209584715,-0.089202384,-0.014380508,0.022375301,0.992013226,0.123297635,490,274,0.559183673,0.024080804,0.015354332,0.010164496,0.094715789,31.333962706,0.000000000,0.072375976,0.051153388,0.143600058,0.007443478,35.500841444,0,4,4,0,0.008163265,2,0,0,0,0,484,2,22707,96975,29032,15,2321886
2165,1706585463.982426405,1706585464.081929445,1,0,0,1,0.367265521,2.212851881,-0.090187561,-0.014124064,0.022747033,0.992056118,0.122913557,487,262,0.537987680,0.020593716,0.015250692,0.010241829,0.062275946,37.702905683,0.000000000,0.072559246,0.060027440,0.146864605,0.008043437,35.384077739,0,4,2,2,0.008213552,0,0,0,0,0,480,3,22709,96979,29032,15,2322366
2166,1706585464.083064556,1706585464.182881117,1,0,0,1,0.375286115,2.213151519,-0.086682016,-0.014301256,0.022986234,0.992064236,0.122782975,497,277,0.557344064,0.024317822,0.017221969,0.011758027,0.076084553,33.637205203,0.000000000,0.072623479,0.060117650,0.151683185,0.008157889,35.387365464,0,2,2,0,0.004024145,2,0,0,0,0,491,4,22709,96981,29034,15,2322857
2167,1706585464.182893515,1706585464.282732964,1,0,0,1,0.385676814,2.214267205,-0.086906560,-0.013897636,0.023863726,0.992100623,0.122367200,504,277,0.549603175,0.022957356,0.015546206,0.010512575,0.069382503,36.881591651,0.000000000,0.072849351,0.059449314,0.159800066,0.008539619,35.336295512,0,11,7,4,0.021825397,1,0,0,0,0,488,5,22715,96992,29035,15,2323345
2168,1706585464.282744408,1706585464.382587671,1,0,0,1,0.394320590,2.216271742,-0.085166674,-0.013996439,0.024335619,0.992101792,0.122253471,528,264,0.500000000,0.023064313,0.016293948,0.010654927,0.070302747,35.111246240,0.000000000,0.072652588,0.059198644,0.160149918,0.008155938,35.414330040,0,33,13,20,0.062500000,0,0,0,0,0,485,10,22742,97025,29035,15,2323830
2169,1706585464.382599354,1706585464.482426882,1,0,0,1,0.395377253,2.214551480,-0.084404478,-0.014337591,0.023202302,0.992088875,0.122538768,538,286,0.531598513,0.025416914,0.018399757,0.011789981,0.068517938,35.299862625,0.000000000,0.072444712,0.060547237,0.158486960,0.008659758,35.390073270,0,32,14,18,0.059479554,2,0,0,0,0,491,15,22772,97057,29037,15,2324321
2170,1706585464.482438326,1706585464.582270384,1,0,0,1,0.404934777,2.216589695,-0.079212119,-0.014630874,0.023499804,0.992096074,0.122389036,495,272,0.549494949,0.022525319,0.017807701,0.011605968,0.074340716,32.523032895,0.000000000,0.072406384,0.058739032,0.160468702,0.008245636,35.253914278,0,19,5,14,0.038383838,2,0,0,0,0,471,5,22789,97076,29039,15,2324792
2171,1706585464.583081245,1706585464.680975676,1,0,0,1,0.401398741,2.215424202,-0.077145135,-0.014753601,0.023438429,0.992120028,0.122191744,487,273,0.560574949,0.023826384,0.015112578,0.010803153,0.058443662,38.678360525,0.000000000,0.072033533,0.058497469,0.161490814,0.008008487,35.350467339,0,6,6,0,0.012320329,1,0,0,0,0,480,1,22789,97082,29040,15,2325272
2172,1706585464.682923794,1706585464.782743931,1,0,0,1,0.405579511,2.211496887,-0.077058188,-0.014902348,0.022574202,0.992113767,0.122387085,504,286,0.567460317,0.024596362,0.018277467,0.011081371,0.068588782,34.600434776,0.000000000,0.071650939,0.058145864,0.147518556,0.008294537,35.314487903,0,2,1,1,0.003968254,4,0,0,0,0,498,4,22790,97084,29044,15,2325770
2173,1706585464.782755375,1706585464.882580996,1,0,0,1,0.408318153,2.210221582,-0.077307263,-0.014935936,0.023574069,0.992098282,0.122319990,494,287,0.580971660,0.024656673,0.016738543,0.012438471,0.068164172,36.898619177,0.000000000,0.070879166,0.057685973,0.145271400,0.007740907,35.521016164,0,2,2,0,0.004048583,1,0,0,0,0,491,1,22790,97086,29045,15,2326261
2174,1706585464.882593393,1706585464.981911421,1,0,0,1,0.411506358,2.206807143,-0.079236520,-0.014452738,0.022359814,0.992111329,0.122500076,501,295,0.588822355,0.023533120,0.015952406,0.010788092,0.060489059,36.402145149,0.000000000,0.071069299,0.054675707,0.138017724,0.008110313,35.392643010,0,2,2,0,0.003992016,2,0,0,0,0,497,2,22790,97088,29047,15,2326758
2175,1706585464.982435942,1706585465.080340385,1,0,0,1,0.421003447,2.204506084,-0.079202144,-0.014560561,0.022965236,0.992099659,0.122469809,482,267,0.553941909,0.022563063,0.016448376,0.010570094,0.075018969,33.668241733,0.000000000,0.070255974,0.055187132,0.137221021,0.008029875,35.474289333,0,4,3,1,0.008298755,0,0,0,0,0,478,0,22791,97092,29047,15,2327236
2176,1706585465.083083868,1706585465.179516077,1,0,0,1,0.420340811,2.205839476,-0.084534287,-0.014997399,0.020858081,0.992114774,0.122671487,500,298,0.596000000,0.025290049,0.015158003,0.011264212,0.085556738,32.412341689,0.000000000,0.070675732,0.056679051,0.136289534,0.008489717,35.381345794,0,2,2,0,0.004000000,1,0,0,0,0,497,1,22791,97094,29048,15,2327733
2177,1706585465.182923079,1706585465.282766342,1,0,0,1,0.423584377,2.207333509,-0.086586835,-0.014290274,0.023298411,0.992097141,0.122459119,487,277,0.568788501,0.020253345,0.014057657,0.009316625,0.062795286,36.365858301,0.000000000,0.071482864,0.065594371,0.134644131,0.008931351,34.970044894,0,1,1,0,0.002053388,0,0,0,0,0,486,0,22791,97095,29048,15,2328219
2178,1706585465.282778740,1706585465.381563902,1,0,0,1,0.419158808,2.208761074,-0.083537997,-0.015083468,0.022298917,0.992098246,0.122541082,509,280,0.550098232,0.026354735,0.016502936,0.010795648,0.076518530,33.083775885,0.000000000,0.071720436,0.067327302,0.131002411,0.008883448,34.952014095,0,5,5,0,0.009823183,2,0,0,0,0,502,2,22792,97100,29050,15,2328721
2179,1706585465.382623911,1706585465.482449293,1,0,0,1,0.419821880,2.211965593,-0.081785211,-0.014596089,0.022469385,0.992132714,0.122289653,473,255,0.539112051,0.023515747,0.016790971,0.011099997,0.069022613,36.307283031,0.000000000,0.071654514,0.067359542,0.125117454,0.008912788,34.975505276,0,4,2,2,0.008456660,0,0,0,0,0,465,4,22795,97104,29050,15,2329186
2180,1706585465.482460976,1706585465.582298040,1,0,0,1,0.422997396,2.210590924,-0.083520323,-0.014364381,0.022358545,0.992115342,0.122478193,505,267,0.528712871,0.023958416,0.016972370,0.011614234,0.079851182,32.460479794,0.000000000,0.072200941,0.067134989,0.120578556,0.008812460,34.827033087,0,21,9,12,0.041584158,0,0,0,0,0,479,5,22814,97125,29050,15,2329665
2181,1706585465.582709074,1706585465.682519674,1,0,0,1,0.426072182,2.211894120,-0.077010775,-0.015004920,0.023401848,0.992125504,0.122123666,521,279,0.535508637,0.023642963,0.015163549,0.010797227,0.071901937,35.223216891,0.000000000,0.071777571,0.060690545,0.122390112,0.008361513,34.907553939,0,26,8,18,0.049904031,0,0,0,0,0,481,14,22840,97151,29050,15,2330146
2182,1706585465.682557344,1706585465.782384872,1,0,0,1,0.430607598,2.213434169,-0.075122501,-0.014886233,0.022648088,0.992161295,0.121989465,506,266,0.525691700,0.023900455,0.017409450,0.011121815,0.067646677,34.554528392,0.000000000,0.071231790,0.060177059,0.125721916,0.008236643,34.971420066,0,35,13,22,0.069169960,0,0,0,0,0,465,6,22872,97186,29050,15,2330611
2183,1706585465.782396078,1706585465.881993771,1,0,0,1,0.423855187,2.210632465,-0.074982588,-0.015143530,0.022849143,0.992128125,0.122189905,488,269,0.551229508,0.024499812,0.014670990,0.010489160,0.065266708,37.288554944,0.000000000,0.071244225,0.060280714,0.119245072,0.007986485,35.021682364,0,10,3,7,0.020491803,0,0,0,0,0,473,5,22881,97196,29050,15,2331084
2184,1706585465.883043289,1706585465.980628490,1,0,0,1,0.421841660,2.207033130,-0.080443462,-0.014268471,0.022871990,0.992096859,0.122544302,495,278,0.561616162,0.024853376,0.018295674,0.011104133,0.086637857,31.789169552,0.000000000,0.070840329,0.061055376,0.118748823,0.007951510,35.044442707,0,9,3,6,0.018181818,1,0,0,0,0,481,5,22890,97205,29051,15,2331565
2185,1706585465.982877016,1706585466.082692623,1,0,0,1,0.417278879,2.206730647,-0.079552333,-0.014597323,0.024191679,0.992083521,0.122359994,506,271,0.535573123,0.023803514,0.017947623,0.011511455,0.066136727,36.304709641,0.000000000,0.071033368,0.052709497,0.114649299,0.008101831,34.974532905,0,12,8,4,0.023715415,1,0,0,0,0,486,8,22899,97217,29052,15,2332051
2186,1706585466.082703590,1706585466.182298660,1,0,0,1,0.413289605,2.208791081,-0.076530935,-0.014783476,0.023326042,0.992115289,0.122248102,485,262,0.540206186,0.025104787,0.016752389,0.011688432,0.083655359,32.166922913,0.000000000,0.071411908,0.053677848,0.109608350,0.007451547,34.901018790,0,5,4,1,0.010309278,2,0,0,0,0,477,3,22900,97222,29054,15,2332528
2187,1706585466.182534933,1706585466.281366825,1,0,0,1,0.409739252,2.208370898,-0.078811111,-0.014755258,0.023777846,0.992086540,0.122397684,478,270,0.564853556,0.025555556,0.020270389,0.012555504,0.064816163,34.841127043,0.000000000,0.071183591,0.054535639,0.104806587,0.007490190,34.798995560,0,2,2,0,0.004184100,1,0,0,0,0,475,1,22900,97224,29055,15,2333003
2188,1706585466.282764435,1706585466.380548954,1,0,0,1,0.406439799,2.206927766,-0.082118370,-0.014603817,0.022755784,0.992096630,0.122528281,502,292,0.581673307,0.025026701,0.016713969,0.011475407,0.073556721,34.870227495,0.000000000,0.071346290,0.054161017,0.107538107,0.007193029,34.786944622,0,1,1,0,0.001992032,2,0,0,0,0,498,3,22900,97225,29057,15,2333501
2189,1706585466.382606745,1706585466.479036808,1,0,0,1,0.393319839,2.211083035,-0.078939072,-0.014891405,0.023427574,0.992083100,0.122476603,480,275,0.572916667,0.023063994,0.015414972,0.010823155,0.085770343,33.038643644,0.000000000,0.072208910,0.053841126,0.110596603,0.007007915,34.673883673,0,2,2,0,0.004166667,1,0,0,0,0,477,1,22900,97227,29058,15,2333978
2190,1706585466.482439518,1706585466.582262754,1,0,0,1,0.397380871,2.209924651,-0.082916592,-0.014844361,0.021845732,0.992093490,0.122690327,506,285,0.563241107,0.025536737,0.016145827,0.010898385,0.084982652,32.336389276,0.000000000,0.072741007,0.053165426,0.112139410,0.007094682,34.664551492,0,5,4,1,0.009881423,1,0,0,0,0,500,1,22901,97232,29059,15,2334478
2191,1706585466.583072901,1706585466.682903290,1,0,0,1,0.401448718,2.211066478,-0.082338860,-0.014478478,0.022082704,0.992084559,0.122763823,486,268,0.551440329,0.023397642,0.016876181,0.011371125,0.074853889,34.536955185,0.000000000,0.073561518,0.053593786,0.110667046,0.006828169,34.457481226,0,3,2,1,0.006172840,0,0,0,0,0,482,1,22902,97235,29059,15,2334960
2192,1706585466.682915211,1706585466.782749414,1,0,0,1,0.404064283,2.210676931,-0.081521775,-0.014807300,0.022575958,0.992115790,0.122381895,504,267,0.529761905,0.023916168,0.015297168,0.010231185,0.084514344,31.821361610,0.000000000,0.074357796,0.053540770,0.110403546,0.007454545,34.318527567,0,1,1,0,0.001984127,0,0,0,0,0,501,2,22902,97236,29059,15,2335461
2193,1706585466.782760859,1706585466.882598639,1,0,0,1,0.408543080,2.211421176,-0.080857740,-0.014350959,0.024910377,0.992085664,0.122227485,509,260,0.510805501,0.023642208,0.016710666,0.012008766,0.061811646,36.756667679,0.000000000,0.074040170,0.053566296,0.109937848,0.007408264,34.311429992,0,18,6,12,0.035363458,1,0,0,0,0,480,11,22918,97254,29060,15,2335941
2194,1706585466.882610798,1706585466.982341766,1,0,0,1,0.413119336,2.210571397,-0.087901016,-0.013948490,0.022348545,0.992110151,0.122570107,531,255,0.480225989,0.022676499,0.014839152,0.010233366,0.062217734,35.282281326,0.000000000,0.074126604,0.054951900,0.108608184,0.008113072,34.255436801,0,32,12,20,0.060263653,1,0,0,0,0,487,12,22948,97286,29061,15,2336428
2195,1706585466.982453823,1706585467.082284451,1,0,0,1,0.418790109,2.208777922,-0.085492055,-0.014755478,0.023378283,0.992105067,0.122324439,500,272,0.544000000,0.024486984,0.016297719,0.011159965,0.069385037,35.477046509,0.000000000,0.073844907,0.053043068,0.109489006,0.008205736,34.345877040,0,11,4,7,0.022000000,1,0,0,0,0,481,8,22959,97297,29062,15,2336909
2196,1706585467.083093643,1706585467.181645393,1,0,0,1,0.429540363,2.200368561,-0.085186302,-0.014093407,0.023809905,0.992077500,0.122542638,523,293,0.560229446,0.026281383,0.020422174,0.013266701,0.063545454,36.916300278,0.000000000,0.072744343,0.055495402,0.119022109,0.008166725,34.571074969,0,16,3,13,0.030592734,3,0,0,0,0,497,10,22975,97313,29065,15,2337406
2197,1706585467.182918549,1706585467.280324697,1,0,0,1,0.425709960,2.201453187,-0.082128623,-0.014527797,0.024737448,0.992065688,0.122403729,534,282,0.528089888,0.024770938,0.017202005,0.011652330,0.053961876,40.837471042,0.000000000,0.072302672,0.040945604,0.118481362,0.008321221,34.794655606,0,27,8,19,0.050561798,1,0,0,0,0,494,13,22999,97340,29066,15,2337900
2198,1706585467.282757521,1706585467.382581711,1,0,0,1,0.427344928,2.199771350,-0.083775891,-0.014163592,0.023509606,0.992046347,0.122844359,526,280,0.532319392,0.023034424,0.017076738,0.011423471,0.085618012,31.389580050,0.000000000,0.072757647,0.038545887,0.117635319,0.008767174,34.709945815,0,21,7,14,0.039923954,2,0,0,0,0,495,10,23016,97361,29068,15,2338395
