frame,stamp,pos_x,pos_y,pos_z,quat_x,quat_y,quat_z,quat_w,cloud_points,cloud_stamp,map_points,map_stamp,incremental_degenerate,incremental_stamp,imu_speed,imu_stamp,deskew_points,deskew_stamp,corner_points,corner_stamp,surface_points,surface_stamp
1,1517157220.399239063,0.000000000,0.000000000,0.000000000,0.005422282,-0.005408992,0.000029330,0.999970670,0,0.000000000,0,0.000000000,0,0.000000000,0.000000000,0.000000000,27338,1517157220.399239063,290,1517157220.399239063,3113,1517157220.399239063
2,1517157220.600959063,0.009785634,-0.002192224,-0.003209195,0.002548279,-0.025729745,-0.009635020,0.999619254,2712,1517157220.399239063,0,0.000000000,0,1517157220.399239063,0.000000000,0.000000000,27387,1517157220.600959063,281,1517157220.600959063,3066,1517157220.600959063
3,1517157220.802679062,0.035128012,-0.008642529,0.003207647,0.011933426,-0.021660561,-0.017707906,0.999537315,2683,1517157220.600959063,0,0.000000000,0,1517157220.600959063,0.017435051,1517157221.019088030,27096,1517157220.802679062,282,1517157220.802679062,3130,1517157220.802679062
4,1517157221.004338980,0.029386073,-0.014420155,0.009107565,0.012858134,-0.020141432,-0.017616269,0.999559232,2717,1517157220.802679062,0,0.000000000,0,1517157220.802679062,0.033079136,1517157221.219088078,27105,1517157221.004338980,282,1517157221.004338980,3136,1517157221.004338980
5,1517157221.206058979,0.022124568,-0.012057648,0.003802042,0.013690808,-0.020525431,-0.016865085,0.999553319,2730,1517157221.004338980,0,0.000000000,0,1517157221.004338980,0.032193729,1517157221.419087887,27147,1517157221.206058979,272,1517157221.206058979,3152,1517157221.206058979
6,1517157221.407778978,0.024522049,-0.011294249,-0.003703944,0.013400213,-0.019078197,-0.016626967,0.999589916,2728,1517157221.206058979,0,0.000000000,0,1517157221.206058979,0.155625070,1517157221.724080086,27083,1517157221.407778978,276,1517157221.407778978,3128,1517157221.407778978
7,1517157221.710359097,0.075874001,-0.010077682,0.003722537,0.013653774,-0.030846654,-0.007125045,0.999405469,2714,1517157221.407778978,0,0.000000000,0,1517157221.407778978,0.083249897,1517157221.924079895,27093,1517157221.710359097,275,1517157221.710359097,3151,1517157221.710359097
8,1517157221.912080050,0.084685728,-0.008181535,-0.007236596,0.015515223,-0.021725590,-0.006321214,0.999623589,2714,1517157221.710359097,0,0.000000000,0,1517157221.710359097,0.093259698,1517157222.229039907,26977,1517157221.912080050,276,1517157221.912080050,3155,1517157221.912080050
9,1517157222.113745928,0.071398549,-0.008838600,-0.003335148,0.014697548,-0.022322577,-0.007049836,0.999617919,2725,1517157221.912080050,0,0.000000000,0,1517157221.912080050,0.054754173,1517157222.394032001,27007,1517157222.113745928,279,1517157222.113745928,3155,1517157222.113745928
10,1517157222.315465927,0.066165842,-0.009290435,-0.002287322,0.014957497,-0.022744267,-0.007625515,0.999600332,2727,1517157222.113745928,0,0.000000000,0,1517157222.113745928,0.063770047,1517157222.529040098,27035,1517157222.315465927,279,1517157222.315465927,3156,1517157222.315465927
11,1517157222.517185926,0.069565222,-0.009409441,-0.001143391,0.013754109,-0.023080699,-0.007387738,0.999611688,2733,1517157222.315465927,0,0.000000000,0,1517157222.315465927,0.075198496,1517157222.729039907,26992,1517157222.517185926,276,1517157222.517185926,3160,1517157222.517185926
12,1517157222.718905926,0.070491970,-0.009021744,-0.002905970,0.014095378,-0.022831548,-0.007345229,0.999612969,2731,1517157222.517185926,0,0.000000000,0,1517157222.517185926,0.074018448,1517157223.038975954,27011,1517157222.718905926,275,1517157222.718905926,3132,1517157222.718905926
13,1517157222.920625925,0.068918735,-0.009520911,-0.004479015,0.014042334,-0.022783797,-0.007460045,0.999613955,2706,1517157222.718905926,0,0.000000000,0,1517157222.718905926,0.063836346,1517157223.133968115,26987,1517157222.920625925,273,1517157222.920625925,3158,1517157222.920625925
14,1517157223.122276068,0.069099106,-0.009975885,-0.005097399,0.013703913,-0.022854337,-0.007428015,0.999617280,2727,1517157222.920625925,0,0.000000000,0,1517157222.920625925,0.059402821,1517157223.333967924,27042,1517157223.122276068,286,1517157223.122276068,3136,1517157223.122276068
15,1517157223.323996067,0.071941629,-0.007636133,-0.009232363,0.014132113,-0.022603191,-0.007323375,0.999617801,2724,1517157223.122276068,0,0.000000000,0,1517157223.122276068,0.054343260,1517157223.533967972,26978,1517157223.323996067,284,1517157223.323996067,3139,1517157223.323996067
16,1517157223.525716066,0.070632070,-0.007269491,-0.008913266,0.014818693,-0.022439713,-0.007313356,0.999611615,2725,1517157223.323996067,0,0.000000000,0,1517157223.323996067,0.048093148,1517157223.738976002,26968,1517157223.525716066,273,1517157223.525716066,3155,1517157223.525716066
17,1517157223.727436066,0.071283601,-0.006366994,-0.011909229,0.014841258,-0.022249319,-0.007317766,0.999615504,2726,1517157223.525716066,0,0.000000000,0,1517157223.525716066,0.027044953,1517157223.938976049,27013,1517157223.727436066,281,1517157223.727436066,3159,1517157223.727436066
18,1517157223.929156065,0.086856872,-0.003924786,-0.007309936,0.013566885,-0.023798149,-0.006878735,0.999601056,2736,1517157223.727436066,0,0.000000000,0,1517157223.727436066,0.138079412,1517157224.143903971,27034,1517157223.929156065,275,1517157223.929156065,3141,1517157223.929156065
19,1517157224.130816936,0.110122815,-0.002926429,-0.010648320,0.012812568,-0.026013248,-0.005536615,0.999564152,2706,1517157223.929156065,0,0.000000000,0,1517157223.929156065,0.332723303,1517157224.343904018,26982,1517157224.130816936,284,1517157224.130816936,3152,1517157224.130816936
20,1517157224.332536936,0.166628718,-0.004230304,-0.003218601,0.011369689,-0.030084774,-0.003595806,0.999476216,2707,1517157224.130816936,0,0.000000000,0,1517157224.130816936,0.537090499,1517157224.548912048,26597,1517157224.332536936,288,1517157224.332536936,3149,1517157224.332536936
21,1517157224.534256935,0.264702886,-0.000377816,0.003576262,0.008488074,-0.033081473,-0.002757211,0.999412811,2712,1517157224.332536936,0,0.000000000,0,1517157224.332536936,0.728852659,1517157224.743904114,25448,1517157224.534256935,292,1517157224.534256935,3124,1517157224.534256935
22,1517157224.735976934,0.403143048,0.005521146,0.007162569,0.007900067,-0.039893152,-0.000006760,0.999172720,2697,1517157224.534256935,0,0.000000000,0,1517157224.534256935,1.037024001,1517157225.048847914,24550,1517157224.735976934,302,1517157224.735976934,3074,1517157224.735976934
23,1517157224.937696934,0.582712889,0.010122483,0.012432602,0.009780860,-0.038093578,0.005057542,0.999213508,2665,1517157224.735976934,0,0.000000000,0,1517157224.735976934,1.135125880,1517157225.153840065,24595,1517157224.937696934,323,1517157224.937696934,3070,1517157224.937696934
24,1517157225.240214109,0.920646787,0.049657024,0.016493499,0.008854224,-0.043683667,0.030045041,0.998554273,2674,1517157224.937696934,334,1517157225.038494110,0,1517157224.937696934,1.455199888,1517157225.453840017,26566,1517157225.240214109,326,1517157225.240214109,3065,1517157225.240214109
25,1517157225.946233988,1.949770212,0.374735743,0.045528609,0.012232768,-0.039377124,0.156206276,0.986863415,2651,1517157225.240214109,334,1517157225.038494110,0,1517157225.240214109,1.952912310,1517157226.168783903,28109,1517157225.946233988,325,1517157225.946233988,2996,1517157225.946233988
26,1517157226.147893906,2.306367874,0.503101051,0.033792023,0.013913044,-0.040749069,0.164580480,0.985423364,2510,1517157225.946233988,334,1517157225.038494110,0,1517157225.946233988,2.040239274,1517157226.363775969,28032,1517157226.147893906,301,1517157226.147893906,2926,1517157226.147893906
27,1517157226.349615097,2.673007965,0.640610576,0.031336833,0.013911530,-0.037766486,0.166727835,0.985181197,2434,1517157226.147893906,334,1517157225.038494110,0,1517157226.147893906,2.024330297,1517157226.563776016,27859,1517157226.349615097,293,1517157226.349615097,2915,1517157226.349615097
28,1517157226.551335096,3.024672031,0.814693451,0.028459834,0.031914438,-0.012121265,0.262958396,0.964203000,2448,1517157226.349615097,334,1517157225.038494110,0,1517157226.349615097,1.998523929,1517157226.773776054,28142,1517157226.551335096,255,1517157226.551335096,3084,1517157226.551335096
29,1517157226.753055096,3.337588072,1.050066590,0.053157989,0.012213176,-0.030680702,0.278315546,0.959921867,2570,1517157226.551335096,334,1517157225.038494110,0,1517157226.551335096,1.989261095,1517157226.973776102,27929,1517157226.753055096,218,1517157226.753055096,2965,1517157226.753055096
30,1517157227.055572987,3.847561359,1.332493901,0.062008586,-0.003377799,-0.031524477,0.233817947,0.971763328,2374,1517157226.753055096,334,1517157225.038494110,0,1517157226.753055096,2.005361381,1517157227.368720055,27953,1517157227.055572987,219,1517157227.055572987,2892,1517157227.055572987
31,1517157227.257292986,4.184475422,1.520809650,0.074983574,-0.002982251,-0.031628279,0.240819756,0.970049794,2327,1517157227.055572987,334,1517157225.038494110,0,1517157227.055572987,2.012174661,1517157227.473711967,28202,1517157227.257292986,218,1517157227.257292986,2970,1517157227.257292986
32,1517157227.459012985,4.508055210,1.721404552,0.068239085,0.006671395,-0.026158929,0.266276241,0.963518638,2412,1517157227.257292986,334,1517157225.038494110,0,1517157227.257292986,1.887276318,1517157227.778719902,28167,1517157227.459012985,199,1517157227.459012985,3109,1517157227.459012985
33,1517157227.761593103,4.997085094,2.042276621,0.048796915,-0.009539364,-0.031311822,0.232500634,0.972045280,2516,1517157227.459012985,308,1517157227.459012985,0,1517157227.459012985,1.761136886,1517157227.978719950,28213,1517157227.761593103,207,1517157227.761593103,3163,1517157227.761593103
34,1517157227.963313103,5.375084400,2.165793419,0.061891973,-0.023499557,-0.024982995,0.149816810,0.988118689,2603,1517157227.761593103,308,1517157227.459012985,0,1517157227.761593103,1.641365904,1517157228.183648109,28047,1517157227.963313103,204,1517157227.963313103,3035,1517157227.963313103
35,1517157228.164972067,5.754643440,2.211302757,0.078010142,-0.023585916,-0.024097113,0.066989530,0.997183753,2525,1517157227.963313103,308,1517157227.459012985,0,1517157227.963313103,1.595944493,1517157228.393647909,27930,1517157228.164972067,180,1517157228.164972067,3139,1517157228.164972067
36,1517157228.366692066,6.080141068,2.250162840,0.077123694,-0.007932660,-0.025251658,0.052708922,0.998259083,2542,1517157228.164972067,308,1517157227.459012985,0,1517157228.164972067,1.643997345,1517157228.683648109,25604,1517157228.366692066,187,1517157228.366692066,3240,1517157228.366692066
37,1517157228.568413019,6.407183170,2.285765171,0.077457644,-0.003319916,-0.031118626,0.059671624,0.997727371,2642,1517157228.366692066,308,1517157227.459012985,0,1517157228.366692066,1.698028082,1517157228.788655996,25290,1517157228.568413019,195,1517157228.568413019,3332,1517157228.568413019
38,1517157228.770133018,6.738143921,2.363830090,0.082697384,0.010624760,-0.030021296,0.103012824,0.994170103,2740,1517157228.568413019,308,1517157227.459012985,0,1517157228.568413019,1.724053158,1517157228.988656044,24927,1517157228.770133018,190,1517157228.770133018,3288,1517157228.770133018
39,1517157228.971853018,7.016830921,2.506788015,0.073275961,0.021685426,-0.016531705,0.202855325,0.978828975,2760,1517157228.770133018,308,1517157227.459012985,0,1517157228.770133018,1.738211300,1517157229.193583965,25158,1517157228.971853018,208,1517157228.971853018,3043,1517157228.971853018
40,1517157229.173511028,7.347179890,2.675087214,0.095710896,0.001479556,-0.034807830,0.205781750,0.977977554,2572,1517157228.971853018,308,1517157227.459012985,0,1517157228.971853018,1.788186647,1517157229.393584013,27807,1517157229.173511028,181,1517157229.173511028,3018,1517157229.173511028
41,1517157229.375231028,7.659126282,2.809636116,0.108192518,0.000578751,-0.037528440,0.191850552,0.980706198,2444,1517157229.173511028,308,1517157227.459012985,0,1517157229.173511028,1.837434518,1517157229.733583927,27918,1517157229.375231028,150,1517157229.375231028,2937,1517157229.375231028
42,1517157229.677810907,8.132956505,3.029860258,0.094575316,0.004849694,-0.034279227,0.195629498,0.980066587,2306,1517157229.375231028,308,1517157227.459012985,0,1517157229.375231028,1.861096296,1517157229.893584013,28164,1517157229.677810907,122,1517157229.677810907,2945,1517157229.677810907
43,1517157229.879530907,8.486883163,3.182168245,0.112377495,0.003542062,-0.033889878,0.198321968,0.979544449,2291,1517157229.677810907,308,1517157227.459012985,0,1517157229.677810907,1.858032786,1517157230.093535900,28218,1517157229.879530907,100,1517157229.879530907,2896,1517157229.879530907
44,1517157230.081188917,8.833129883,3.336295843,0.120882481,0.002707720,-0.034679753,0.199239129,0.979333320,2232,1517157229.879530907,308,1517157227.459012985,0,1517157229.879530907,1.887169521,1517157230.298543930,28233,1517157230.081188917,87,1517157230.081188917,2871,1517157230.081188917
45,1517157230.282908916,9.160220146,3.493685961,0.112992145,0.006024325,-0.036166666,0.200163873,0.979076148,2185,1517157230.081188917,308,1517157227.459012985,0,1517157230.081188917,1.855497572,1517157230.503535986,28234,1517157230.182049036,80,1517157230.282908916,2895,1517157230.282908916
46,1517157230.484628916,9.508429527,3.631181479,0.121075168,-0.001036890,-0.031053392,0.175824249,0.983931118,2175,1517157230.282908916,308,1517157227.459012985,0,1517157230.282908916,1.827989883,1517157230.703536034,28284,1517157230.484628916,67,1517157230.484628916,2866,1517157230.484628916
47,1517157230.686348915,9.863274574,3.740343332,0.122449286,-0.002476189,-0.032605881,0.146489179,0.988671657,2152,1517157230.484628916,308,1517157227.459012985,0,1517157230.484628916,1.831681003,1517157230.908544064,28212,1517157230.686348915,57,1517157230.686348915,2877,1517157230.686348915
48,1517157230.888070107,10.246402740,3.865152359,0.127507925,0.003416844,-0.031385234,0.143821258,0.989099964,2132,1517157230.686348915,308,1517157227.459012985,0,1517157230.686348915,1.807766799,1517157231.108479977,28192,1517157230.787209034,60,1517157230.888070107,2916,1517157230.888070107
49,1517157231.089729071,10.589200974,3.976243734,0.149837568,0.002949440,-0.033259292,0.145487254,0.988796531,2174,1517157230.888070107,308,1517157227.459012985,0,1517157230.888070107,1.839533580,1517157231.308480024,28285,1517157231.089729071,79,1517157231.089729071,2755,1517157231.089729071
50,1517157231.291449070,10.910604477,4.079660416,0.141533792,0.007167303,-0.031238804,0.148870604,0.988337144,2085,1517157231.089729071,308,1517157227.459012985,0,1517157231.089729071,1.798076182,1517157231.513472080,28359,1517157231.291449070,82,1517157231.291449070,2748,1517157231.291449070
51,1517157231.493169069,11.263780594,4.198156357,0.145796776,0.003073108,-0.028288104,0.150646882,0.988178049,2099,1517157231.291449070,308,1517157227.459012985,0,1517157231.291449070,1.809978547,1517157231.808480024,28275,1517157231.493169069,88,1517157231.493169069,2706,1517157231.493169069
52,1517157231.795748949,11.790415764,4.377387047,0.156251296,0.005639333,-0.030110475,0.152010024,0.987904100,2059,1517157231.493169069,308,1517157227.459012985,0,1517157231.493169069,1.790329122,1517157232.018415928,28358,1517157231.795748949,97,1517157231.795748949,2667,1517157231.795748949
53,1517157231.997468948,12.145899773,4.497774601,0.165966004,0.006767854,-0.027154198,0.154140959,0.987652475,2062,1517157231.795748949,308,1517157227.459012985,0,1517157231.795748949,1.771409712,1517157232.213407993,28271,1517157231.997468948,109,1517157231.997468948,2652,1517157231.997468948
54,1517157232.199127913,12.498551369,4.618886471,0.163356483,0.003329758,-0.029565234,0.156351415,0.987253283,2054,1517157231.997468948,308,1517157227.459012985,0,1517157231.997468948,1.776359179,1517157232.418416023,28286,1517157232.199127913,105,1517157232.199127913,2635,1517157232.199127913
55,1517157232.400847912,12.867518425,4.747918606,0.172645137,0.004021149,-0.032463377,0.156356506,0.987158854,2031,1517157232.199127913,308,1517157227.459012985,0,1517157232.199127913,1.832804769,1517157232.618416071,28244,1517157232.400847912,103,1517157232.400847912,2645,1517157232.400847912
56,1517157232.602567911,13.213703156,4.870206833,0.171118021,0.007237542,-0.033886648,0.157656727,0.986885844,2019,1517157232.400847912,308,1517157227.459012985,0,1517157232.400847912,1.870230414,1517157232.813407898,28261,1517157232.602567911,100,1517157232.602567911,2634,1517157232.602567911
57,1517157232.804287910,13.601470947,5.004416466,0.172973156,0.007439941,-0.034075798,0.160001733,0.986500346,1998,1517157232.602567911,464,1517157232.602567911,0,1517157232.602567911,1.914623593,1517157233.023344040,28272,1517157232.804287910,98,1517157232.804287910,2666,1517157232.804287910
58,1517157233.005947113,13.984454155,5.145897388,0.193429887,0.008352739,-0.037319528,0.161116666,0.986194152,2016,1517157232.804287910,464,1517157232.602567911,0,1517157232.804287910,2.028928886,1517157233.328351974,28288,1517157233.005947113,88,1517157233.005947113,2666,1517157233.005947113
59,1517157233.308527946,14.636227608,5.380897045,0.204909787,0.005891311,-0.039292886,0.163580520,0.985729565,1995,1517157233.005947113,464,1517157232.602567911,0,1517157233.005947113,2.162249374,1517157233.528352022,28313,1517157233.308527946,104,1517157233.308527946,2679,1517157233.308527946
60,1517157233.510247946,15.059471130,5.535081387,0.210745543,0.005634553,-0.045808520,0.165727413,0.985090989,2032,1517157233.308527946,464,1517157232.602567911,0,1517157233.308527946,2.239303256,1517157233.728352070,28302,1517157233.510247946,93,1517157233.510247946,2655,1517157233.510247946
61,1517157233.711967945,15.493395805,5.700873852,0.226515368,0.006536486,-0.044652588,0.167684355,0.984807280,2005,1517157233.510247946,464,1517157232.602567911,0,1517157233.510247946,2.372695101,1517157233.943344116,28280,1517157233.711967945,99,1517157233.711967945,2675,1517157233.711967945
62,1517157233.913687944,15.926873207,5.867346287,0.230901182,0.005821986,-0.046683831,0.169409788,0.984422190,2038,1517157233.711967945,464,1517157232.602567911,0,1517157233.711967945,2.458252312,1517157234.133280039,28299,1517157233.913687944,94,1517157233.913687944,2683,1517157233.913687944
63,1517157234.115345955,16.350574493,6.026439667,0.245296836,0.008128820,-0.044604490,0.168882570,0.984592829,2044,1517157233.913687944,464,1517157232.602567911,0,1517157233.913687944,2.571075121,1517157234.338288069,28236,1517157234.115345955,98,1517157234.115345955,2740,1517157234.115345955
64,1517157234.317065954,16.834678650,6.216246605,0.263583213,0.009801198,-0.043244925,0.172006594,0.984097325,2103,1517157234.115345955,464,1517157232.602567911,0,1517157234.115345955,2.689139187,1517157234.533279896,28227,1517157234.317065954,105,1517157234.317065954,2799,1517157234.317065954
65,1517157234.518785954,17.339345932,6.408761024,0.273070395,0.009403290,-0.046756053,0.172987838,0.983768600,2164,1517157234.317065954,464,1517157232.602567911,0,1517157234.317065954,2.793301148,1517157234.733279943,28059,1517157234.518785954,96,1517157234.518785954,2837,1517157234.518785954
66,1517157234.720505953,17.904127121,6.617296696,0.299487114,0.004561767,-0.048362220,0.176371971,0.983124211,2206,1517157234.518785954,464,1517157232.602567911,0,1517157234.518785954,2.866412018,1517157234.943279982,27845,1517157234.720505953,102,1517157234.720505953,3070,1517157234.720505953
67,1517157234.922225952,18.407587051,6.814534664,0.307001412,0.001310924,-0.049715226,0.178361024,0.982707496,2371,1517157234.720505953,464,1517157232.602567911,0,1517157234.720505953,2.967320617,1517157235.143215895,27358,1517157234.922225952,119,1517157234.922225952,3204,1517157234.922225952
68,1517157235.123883963,18.956157684,7.035959244,0.322929531,-0.000135279,-0.046965715,0.180266323,0.982495932,2522,1517157234.922225952,464,1517157232.602567911,0,1517157234.922225952,3.044442211,1517157235.358223915,26808,1517157235.123883963,151,1517157235.123883963,3393,1517157235.123883963
69,1517157235.325603962,19.517477036,7.261602879,0.334919244,0.000987773,-0.045960344,0.184332848,0.981788201,2711,1517157235.123883963,464,1517157232.602567911,0,1517157235.123883963,3.118406360,1517157235.553215981,27341,1517157235.325603962,158,1517157235.325603962,3687,1517157235.325603962
70,1517157235.527324915,20.190788269,7.541519642,0.353810877,0.003245887,-0.044847821,0.185588952,0.981598124,3033,1517157235.325603962,464,1517157232.602567911,0,1517157235.325603962,3.172238573,1517157235.768224001,27977,1517157235.527324915,182,1517157235.527324915,3724,1517157235.527324915
71,1517157235.729044914,20.750816345,7.762243271,0.361041248,-0.008613562,-0.044826472,0.142382566,0.988758615,3087,1517157235.527324915,464,1517157232.602567911,0,1517157235.527324915,3.218135326,1517157235.963216066,27979,1517157235.729044914,175,1517157235.729044914,3434,1517157235.729044914
72,1517157235.930764914,21.348901749,7.909372330,0.365451694,-0.019387956,-0.044239735,0.080316443,0.995598424,2777,1517157235.729044914,464,1517157232.602567911,0,1517157235.729044914,3.278167919,1517157236.153151989,27870,1517157235.930764914,117,1517157235.930764914,3395,1517157235.930764914
73,1517157236.132424116,21.971982956,8.020030022,0.395990670,0.001149218,-0.044896380,0.089222714,0.994998644,2662,1517157235.930764914,464,1517157232.602567911,0,1517157235.930764914,3.352073877,1517157236.458159924,27961,1517157236.132424116,101,1517157236.132424116,3168,1517157236.132424116
74,1517157236.334144115,22.543369293,8.149075508,0.411615819,0.003906162,-0.044519610,0.103199955,0.993656135,2461,1517157236.132424116,464,1517157232.602567911,0,1517157236.132424116,3.350282158,1517157236.563152075,28283,1517157236.334144115,86,1517157236.334144115,3169,1517157236.334144115
75,1517157236.535864115,23.179983139,8.306376457,0.428175151,0.010614270,-0.039369782,0.117609983,0.992222379,2435,1517157236.334144115,464,1517157232.602567911,0,1517157236.334144115,3.383608560,1517157236.758160114,28323,1517157236.535864115,77,1517157236.535864115,3159,1517157236.535864115
76,1517157236.737584114,23.776294708,8.489083290,0.448180020,0.021046903,-0.036557169,0.167580828,0.984955465,2435,1517157236.535864115,464,1517157232.602567911,0,1517157236.535864115,3.371672260,1517157236.958159924,28307,1517157236.737584114,88,1517157236.737584114,2999,1517157236.737584114
77,1517157236.939304113,24.380214691,8.734526634,0.458212227,0.017650425,-0.037214605,0.191956633,0.980538723,2351,1517157236.737584114,464,1517157232.602567911,0,1517157236.737584114,3.353395359,1517157237.168112040,28349,1517157236.939304113,85,1517157236.939304113,3087,1517157236.939304113
78,1517157237.140963078,24.997856140,8.996629715,0.480248630,0.008418919,-0.044386162,0.169903048,0.984424677,2393,1517157236.939304113,464,1517157232.602567911,0,1517157236.939304113,3.336409204,1517157237.368112087,28242,1517157237.140963078,78,1517157237.140963078,3175,1517157237.140963078
79,1517157237.342683077,25.596605301,9.213039398,0.493318975,0.005202244,-0.040337761,0.162406076,0.985885423,2379,1517157237.140963078,464,1517157232.602567911,0,1517157237.140963078,3.352213168,1517157237.563103914,28160,1517157237.342683077,94,1517157237.342683077,3143,1517157237.342683077
80,1517157237.544403076,26.199174881,9.436817169,0.507077992,0.005798925,-0.040416232,0.167947460,0.984950025,2383,1517157237.342683077,464,1517157232.602567911,0,1517157237.342683077,3.310666272,1517157237.768111944,28271,1517157237.544403076,94,1517157237.544403076,3185,1517157237.544403076
81,1517157237.746123075,26.803813934,9.668433189,0.519580781,0.006848195,-0.041587810,0.169683672,0.984596876,2399,1517157237.544403076,575,1517157237.544403076,0,1517157237.544403076,3.301823152,1517157237.963104010,28352,1517157237.746123075,78,1517157237.746123075,3127,1517157237.746123075
82,1517157238.048643112,27.765647888,10.037834167,0.548447371,0.002913324,-0.038277976,0.171705138,0.984400150,2397,1517157237.746123075,575,1517157237.544403076,0,1517157237.746123075,3.179986794,1517157238.383039951,28344,1517157238.048643112,86,1517157238.048643112,3071,1517157238.048643112
83,1517157238.351222992,28.663928986,10.389481544,0.563510895,0.004936777,-0.038816800,0.176131270,0.983588664,2406,1517157238.048643112,575,1517157237.544403076,0,1517157238.048643112,3.180291614,1517157238.583039999,28284,1517157238.351222992,71,1517157238.351222992,3144,1517157238.351222992
84,1517157238.552942991,29.271360397,10.629814148,0.583611786,0.006811174,-0.037085384,0.177412596,0.983413978,2391,1517157238.351222992,575,1517157237.544403076,0,1517157238.351222992,3.155186119,1517157238.783040047,28338,1517157238.452083111,70,1517157238.552942991,3110,1517157238.552942991
85,1517157238.754662991,29.889387131,10.874769211,0.599578738,0.006106115,-0.041102019,0.180831252,0.982635944,2382,1517157238.552942991,575,1517157237.544403076,0,1517157238.552942991,3.145683728,1517157238.983040094,28293,1517157238.754662991,70,1517157238.754662991,3049,1517157238.754662991
86,1517157238.956382990,30.440467834,11.103259087,0.611853838,0.006213675,-0.041373063,0.181283299,0.982540597,2345,1517157238.754662991,575,1517157237.544403076,0,1517157238.754662991,3.158487678,1517157239.187983990,28293,1517157238.956382990,76,1517157238.956382990,2981,1517157238.956382990
87,1517157239.158041954,31.023639679,11.342279434,0.626750529,0.006877153,-0.040818336,0.182660774,0.982304235,2313,1517157238.956382990,575,1517157237.544403076,0,1517157238.956382990,3.143197846,1517157239.387984037,28299,1517157239.158041954,81,1517157239.158041954,3030,1517157239.158041954
88,1517157239.359761953,31.618995667,11.594315529,0.648826301,0.010776828,-0.040381595,0.184898836,0.981868427,2359,1517157239.158041954,575,1517157237.544403076,0,1517157239.158041954,3.126384466,1517157239.592976093,28256,1517157239.359761953,81,1517157239.359761953,3084,1517157239.359761953
89,1517157239.561481953,32.247985840,11.853128433,0.662317812,0.009160529,-0.040956287,0.187054203,0.981452695,2389,1517157239.359761953,575,1517157237.544403076,0,1517157239.359761953,3.108756029,1517157239.802975893,28274,1517157239.561481953,68,1517157239.561481953,3090,1517157239.561481953
90,1517157239.763201952,32.876514435,12.113190651,0.684486866,0.007382296,-0.042207240,0.187272462,0.981373056,2368,1517157239.561481953,575,1517157237.544403076,0,1517157239.561481953,3.104657816,1517157240.007920027,28288,1517157239.763201952,79,1517157239.763201952,3153,1517157239.763201952
91,1517157239.964922905,33.467704773,12.366218567,0.701282144,0.006533352,-0.040067132,0.189026651,0.981132440,2409,1517157239.763201952,575,1517157237.544403076,0,1517157239.763201952,3.107635740,1517157240.187920094,28197,1517157239.964922905,64,1517157239.964922905,3109,1517157239.964922905
92,1517157240.166579962,34.112663269,12.648620605,0.711413205,0.007081021,-0.038523654,0.191698821,0.980671887,2368,1517157239.964922905,575,1517157237.544403076,0,1517157239.964922905,3.082602241,1517157240.397919893,28332,1517157240.166579962,61,1517157240.166579962,3123,1517157240.166579962
93,1517157240.469160080,34.947563171,12.914638519,0.730771661,-0.018600486,-0.037781195,0.106872710,0.993380505,2388,1517157240.166579962,575,1517157237.544403076,0,1517157240.166579962,3.064966034,1517157240.707920074,28184,1517157240.469160080,67,1517157240.469160080,3227,1517157240.469160080
94,1517157240.670880079,35.601795197,13.035659790,0.749105752,-0.014934301,-0.036497482,0.066397625,0.997013669,2472,1517157240.469160080,575,1517157237.544403076,0,1517157240.469160080,3.031692918,1517157240.897919893,27973,1517157240.670880079,66,1517157240.670880079,3294,1517157240.670880079
95,1517157240.872600079,36.215393066,13.154793739,0.769537330,-0.000570299,-0.034649068,0.093745000,0.994992961,2501,1517157240.670880079,575,1517157237.544403076,0,1517157240.670880079,3.034980550,1517157241.097856045,28345,1517157240.872600079,63,1517157240.872600079,3185,1517157240.872600079
96,1517157241.074259043,36.840000153,13.284356117,0.779472649,0.003707801,-0.034541944,0.099328526,0.994448063,2414,1517157240.872600079,575,1517157237.544403076,0,1517157240.872600079,2.996999021,1517157241.297856092,28341,1517157241.074259043,74,1517157241.074259043,3232,1517157241.074259043
97,1517157241.275979042,37.430397034,13.438270569,0.800064921,0.011954870,-0.032987307,0.124267559,0.991628203,2459,1517157241.074259043,575,1517157237.544403076,0,1517157241.074259043,2.966844584,1517157241.497855902,28326,1517157241.275979042,91,1517157241.275979042,3168,1517157241.275979042
98,1517157241.477699041,37.994899750,13.619431496,0.823281884,0.017565882,-0.032201866,0.150227714,0.987970705,2449,1517157241.275979042,575,1517157237.544403076,0,1517157241.275979042,2.973000893,1517157241.807856083,28329,1517157241.477699041,90,1517157241.477699041,3123,1517157241.477699041
99,1517157241.679419041,38.574657440,13.816096306,0.837620080,0.013832656,-0.036124799,0.162496588,0.985950564,2431,1517157241.477699041,575,1517157237.544403076,0,1517157241.477699041,3.012992450,1517157241.902848005,28091,1517157241.679419041,89,1517157241.679419041,3140,1517157241.679419041
100,1517157241.881139040,39.101646423,14.033491135,0.839251578,0.017046827,-0.035667207,0.187126468,0.981540086,2431,1517157241.679419041,575,1517157237.544403076,0,1517157241.679419041,2.993106216,1517157242.117808104,28172,1517157241.881139040,84,1517157241.881139040,3259,1517157241.881139040
101,1517157242.082817078,39.660739899,14.288466454,0.864540100,0.015084593,-0.029927850,0.204747017,0.978240992,2532,1517157241.881139040,575,1517157237.544403076,0,1517157241.881139040,3.024919231,1517157242.302799940,28165,1517157242.082817078,88,1517157242.082817078,3164,1517157242.082817078
102,1517157242.284537077,40.204227448,14.527318001,0.867723346,0.011476421,-0.037439032,0.194798735,0.980061255,2457,1517157242.082817078,575,1517157237.544403076,0,1517157242.082817078,3.049633975,1517157242.507807970,28183,1517157242.284537077,85,1517157242.284537077,3084,1517157242.284537077
103,1517157242.486257076,40.751522064,14.771921158,0.890396416,0.013424213,-0.042456146,0.195541478,0.979684029,2377,1517157242.284537077,575,1517157237.544403076,0,1517157242.284537077,3.066728050,1517157242.707808018,28245,1517157242.486257076,87,1517157242.486257076,3109,1517157242.486257076
104,1517157242.687977076,41.331050873,15.029673576,0.904291630,0.012464327,-0.040104143,0.199473927,0.979002784,2396,1517157242.486257076,802,1517157242.587116957,0,1517157242.486257076,3.055329524,1517157242.917808056,28259,1517157242.687977076,81,1517157242.687977076,3161,1517157242.687977076
105,1517157242.889697075,41.879058838,15.276824951,0.920871973,0.012789396,-0.040599342,0.198907093,0.979093506,2412,1517157242.687977076,802,1517157242.587116957,0,1517157242.687977076,3.025738595,1517157243.112735987,28315,1517157242.889697075,90,1517157242.889697075,3115,1517157242.889697075
106,1517157243.091345072,42.475738525,15.549102783,0.926418483,-0.000678782,-0.040902291,0.189452090,0.981037434,2408,1517157242.889697075,802,1517157242.587116957,0,1517157242.889697075,2.983103694,1517157243.327744007,28288,1517157243.091345072,91,1517157243.091345072,3116,1517157243.091345072
107,1517157243.393924952,43.295902252,15.771720886,0.956442952,-0.014759248,-0.033694725,0.088758837,0.995373648,2417,1517157243.091345072,802,1517157242.587116957,0,1517157243.091345072,2.953715423,1517157243.632735968,28004,1517157243.393924952,84,1517157243.393924952,3300,1517157243.393924952
108,1517157243.595644951,43.935344696,15.907269478,0.966812193,-0.008672050,-0.038649219,0.092038126,0.994967345,2521,1517157243.393924952,802,1517157242.587116957,0,1517157243.393924952,2.912951689,1517157243.857743979,28083,1517157243.595644951,92,1517157243.595644951,3274,1517157243.595644951
109,1517157243.898225069,44.743434906,16.132947922,0.988103628,0.014274217,-0.032112919,0.148550894,0.988280142,2533,1517157243.595644951,802,1517157242.587116957,0,1517157243.595644951,2.945993488,1517157244.147680044,28199,1517157243.898225069,115,1517157243.898225069,3181,1517157243.898225069
110,1517157244.099875927,45.310890198,16.325601578,1.001385093,0.010724581,-0.031796255,0.155648718,0.987242350,2511,1517157243.898225069,802,1517157242.587116957,0,1517157243.898225069,2.987521986,1517157244.432672024,28405,1517157244.099875927,94,1517157244.099875927,3173,1517157244.099875927
111,1517157244.301595926,45.851482391,16.534746170,1.009063840,0.010650903,-0.031095422,0.169167367,0.985039103,2464,1517157244.099875927,802,1517157242.587116957,0,1517157244.099875927,3.018758848,1517157244.522671938,28344,1517157244.301595926,96,1517157244.301595926,3094,1517157244.301595926
112,1517157244.503315926,46.423866272,16.750286102,1.011384964,0.007810497,-0.038012430,0.163551420,0.985771264,2412,1517157244.301595926,802,1517157242.587116957,0,1517157244.301595926,3.068183163,1517157244.722671986,28224,1517157244.503315926,81,1517157244.503315926,3104,1517157244.503315926
113,1517157244.805896044,47.358085632,17.096794128,1.030168533,0.011969609,-0.036935518,0.165236307,0.985489451,2407,1517157244.503315926,802,1517157242.587116957,0,1517157244.503315926,3.115578530,1517157245.052608013,28171,1517157244.805896044,74,1517157244.805896044,3080,1517157244.805896044
114,1517157245.007555962,47.968181610,17.320650101,1.028437376,0.007598276,-0.035493179,0.165937573,0.985468022,2354,1517157244.805896044,802,1517157242.587116957,0,1517157244.805896044,3.155286006,1517157245.257616043,28294,1517157245.007555962,89,1517157245.007555962,3142,1517157245.007555962
115,1517157245.209275961,48.711021423,17.609712601,1.038809419,0.018196861,-0.033769412,0.164436222,0.985641532,2439,1517157245.007555962,802,1517157242.587116957,0,1517157245.007555962,3.183803880,1517157245.462608099,28263,1517157245.209275961,82,1517157245.209275961,3109,1517157245.209275961
116,1517157245.410995960,49.331226349,17.831356049,1.054416060,0.009312124,-0.034945464,0.167250270,0.985250956,2398,1517157245.209275961,802,1517157242.587116957,0,1517157245.209275961,3.281181378,1517157245.747616053,28287,1517157245.410995960,95,1517157245.410995960,3081,1517157245.410995960
117,1517157245.612715960,49.921169281,18.055505753,1.072609782,0.008273410,-0.033651759,0.167313092,0.985294595,2387,1517157245.410995960,802,1517157242.587116957,0,1517157245.410995960,3.322012437,1517157245.857615948,28336,1517157245.612715960,94,1517157245.612715960,3080,1517157245.612715960
118,1517157245.814435959,50.516994476,18.279430389,1.076454401,0.012115244,-0.034262469,0.168037695,0.985110470,2394,1517157245.612715960,802,1517157242.587116957,0,1517157245.612715960,3.357486314,1517157246.062544107,28307,1517157245.814435959,88,1517157245.814435959,3113,1517157245.814435959
119,1517157246.016093969,51.165252686,18.526800156,1.085064054,0.011642273,-0.036547244,0.169971282,0.984702249,2409,1517157245.814435959,802,1517157242.587116957,0,1517157245.814435959,3.396541629,1517157246.337552071,28317,1517157246.016093969,74,1517157246.016093969,3077,1517157246.016093969
120,1517157246.318675041,52.063640594,18.871511459,1.103457332,0.007265725,-0.033100729,0.173931760,0.984174423,2368,1517157246.016093969,802,1517157242.587116957,0,1517157246.016093969,3.416047706,1517157246.552544117,28243,1517157246.318675041,74,1517157246.318675041,3042,1517157246.318675041
121,1517157246.520395041,52.695907593,19.119081497,1.105762243,0.010614784,-0.035168391,0.173310612,0.984181864,2358,1517157246.318675041,802,1517157242.587116957,0,1517157246.318675041,3.434513560,1517157246.757551908,28280,1517157246.520395041,75,1517157246.520395041,3043,1517157246.520395041
122,1517157246.722115040,53.280426025,19.349424362,1.116379023,0.012912226,-0.032648770,0.175173423,0.983911380,2358,1517157246.520395041,802,1517157242.587116957,0,1517157246.520395041,3.417485847,1517157246.957551956,28199,1517157246.722115040,76,1517157246.722115040,2994,1517157246.722115040
123,1517157247.024633884,54.207290649,19.710317612,1.131163239,0.010143253,-0.033295341,0.178501890,0.983323756,2325,1517157246.722115040,802,1517157242.587116957,0,1517157246.722115040,3.424609534,1517157247.257488012,28330,1517157247.024633884,70,1517157247.024633884,2980,1517157247.024633884
124,1517157247.327214003,55.038261414,20.046491623,1.143039227,0.013427482,-0.033151965,0.180011560,0.983013982,2310,1517157247.024633884,802,1517157242.587116957,0,1517157247.024633884,3.387937769,1517157247.567487955,28296,1517157247.327214003,68,1517157247.327214003,3004,1517157247.327214003
125,1517157247.528934002,55.761383057,20.333646774,1.154007792,0.012650701,-0.036459113,0.181452846,0.982642131,2320,1517157247.327214003,802,1517157242.587116957,0,1517157247.327214003,3.343241859,1517157247.782480001,28222,1517157247.528934002,74,1517157247.528934002,2997,1517157247.528934002
126,1517157247.831513882,56.587631226,20.678527832,1.165992975,0.011614601,-0.031943654,0.183953878,0.982347024,2313,1517157247.528934002,1036,1517157247.528934002,0,1517157247.528934002,3.313587934,1517157248.062416077,28235,1517157247.831513882,79,1517157247.831513882,3168,1517157247.831513882
127,1517157248.033171892,57.230518341,20.940803528,1.180990338,0.011996899,-0.033287496,0.186322860,0.981851215,2420,1517157247.831513882,1036,1517157247.528934002,0,1517157247.831513882,3.279201560,1517157248.257424116,28290,1517157248.033171892,72,1517157248.033171892,3132,1517157248.033171892
128,1517157248.234893084,57.835659027,21.192514420,1.187756896,0.011610101,-0.031316614,0.188454306,0.981513856,2380,1517157248.033171892,1036,1517157247.528934002,0,1517157248.033171892,3.308783218,1517157248.472415924,28324,1517157248.234893084,72,1517157248.234893084,3153,1517157248.234893084
129,1517157248.436613083,58.465995789,21.461030960,1.205009699,0.013754490,-0.033697902,0.189839049,0.981140357,2365,1517157248.234893084,1036,1517157247.528934002,0,1517157248.234893084,3.264790998,1517157248.662415981,28228,1517157248.436613083,74,1517157248.436613083,3031,1517157248.436613083
130,1517157248.638333082,59.079288483,21.717761993,1.212687135,0.010513393,-0.033555977,0.191774834,0.980808788,2314,1517157248.436613083,1036,1517157247.528934002,0,1517157248.436613083,3.248528006,1517157248.862416029,28282,1517157248.638333082,71,1517157248.638333082,3055,1517157248.638333082
131,1517157248.840053082,59.641323090,21.963056564,1.221454620,0.010959093,-0.031929716,0.194566979,0.980308157,2352,1517157248.638333082,1036,1517157247.528934002,0,1517157248.638333082,3.269270477,1517157249.082351923,28317,1517157248.840053082,73,1517157248.840053082,3030,1517157248.840053082
132,1517157249.041711092,60.255336761,22.233898163,1.226750016,0.013752077,-0.033638451,0.198014238,0.979525240,2336,1517157248.840053082,1036,1517157247.528934002,0,1517157248.840053082,3.276384130,1517157249.282351971,28275,1517157249.041711092,75,1517157249.041711092,3031,1517157249.041711092
133,1517157249.243431091,60.826709747,22.490238190,1.246124864,0.013299188,-0.035343008,0.199970212,0.979074010,2301,1517157249.041711092,1036,1517157247.528934002,0,1517157249.041711092,3.276554561,1517157249.567359924,28310,1517157249.243431091,77,1517157249.243431091,3020,1517157249.243431091
134,1517157249.546010971,61.769172668,22.912273407,1.262335062,0.009824497,-0.032115268,0.202871119,0.978629346,2300,1517157249.243431091,1036,1517157247.528934002,0,1517157249.243431091,3.243774824,1517157249.777359962,28286,1517157249.546010971,100,1517157249.546010971,3073,1517157249.546010971
135,1517157249.747730970,62.373130798,23.180698395,1.267105699,-0.002488700,-0.033824194,0.185112365,0.982131937,2384,1517157249.546010971,1036,1517157247.528934002,0,1517157249.546010971,3.152994311,1517157249.967360020,28308,1517157249.747730970,101,1517157249.747730970,2971,1517157249.747730970
136,1517157249.949450970,63.023513794,23.398460388,1.259589672,-0.024379077,-0.033620968,0.108514470,0.993227014,2316,1517157249.747730970,1036,1517157247.528934002,0,1517157249.747730970,3.161637594,1517157250.182303905,28142,1517157249.949450970,93,1517157249.949450970,3155,1517157249.949450970
137,1517157250.151117086,63.647193909,23.534879684,1.275544405,-0.012600124,-0.027821691,0.094789771,0.995028688,2417,1517157249.949450970,1036,1517157247.528934002,0,1517157249.949450970,3.089636258,1517157250.372303963,28126,1517157250.151117086,106,1517157250.151117086,3231,1517157250.151117086
138,1517157250.352837086,64.279556274,23.677391052,1.298834324,-0.002641202,-0.026511616,0.103678662,0.994253938,2491,1517157250.151117086,1036,1517157247.528934002,0,1517157250.151117086,3.015512718,1517157250.577311993,28306,1517157250.352837086,109,1517157250.352837086,3172,1517157250.352837086
139,1517157250.554557085,64.859252930,23.817537308,1.306139588,0.013799791,-0.015191236,0.123863378,0.992087020,2427,1517157250.352837086,1036,1517157247.528934002,0,1517157250.352837086,2.826471255,1517157250.782304049,28291,1517157250.554557085,120,1517157250.554557085,3133,1517157250.554557085
140,1517157250.756277084,65.411254883,24.027462006,1.311587214,0.032027443,0.002188850,0.208223597,0.977554288,2422,1517157250.554557085,1036,1517157247.528934002,0,1517157250.554557085,2.713323380,1517157251.177248001,28220,1517157250.756277084,145,1517157250.756277084,3048,1517157250.756277084
141,1517157250.957997084,65.916099548,24.265830994,1.310901403,0.012335841,-0.015816494,0.208591051,0.977797238,2367,1517157250.756277084,1036,1517157247.528934002,0,1517157250.756277084,2.730503849,1517157251.292239904,28225,1517157250.957997084,134,1517157250.957997084,3163,1517157250.957997084
142,1517157251.159648895,66.468994141,24.491128922,1.310065985,0.002167193,-0.025881787,0.161418279,0.986544259,2466,1517157250.957997084,1036,1517157247.528934002,0,1517157250.957997084,2.703870362,1517157251.397248030,28022,1517157251.159648895,91,1517157251.159648895,3104,1517157251.159648895
143,1517157251.361368895,66.973823547,24.685192108,1.325303674,0.005446226,-0.025113656,0.174006957,0.984409072,2373,1517157251.159648895,1036,1517157247.528934002,0,1517157251.159648895,2.665225587,1517157251.582240105,28150,1517157251.361368895,88,1517157251.361368895,3161,1517157251.361368895
144,1517157251.563088894,67.515892029,24.906558990,1.337961674,0.006760626,-0.024359217,0.178086362,0.983690078,2402,1517157251.361368895,1036,1517157247.528934002,0,1517157251.361368895,2.642300594,1517157251.797247887,28349,1517157251.563088894,85,1517157251.563088894,3096,1517157251.563088894
145,1517157251.764808893,68.028152466,25.108650208,1.351900578,0.005140829,-0.026326150,0.175696551,0.984078873,2365,1517157251.563088894,1036,1517157247.528934002,0,1517157251.563088894,2.647288974,1517157251.992239952,28374,1517157251.764808893,95,1517157251.764808893,3109,1517157251.764808893
146,1517157251.966528893,68.570091248,25.325941086,1.346420765,0.009386797,-0.026262300,0.178543828,0.983536619,2383,1517157251.764808893,1036,1517157247.528934002,0,1517157251.764808893,2.589332211,1517157252.302175999,28291,1517157251.966528893,92,1517157251.966528893,3078,1517157251.966528893
147,1517157252.369909048,69.531867981,25.719461441,1.357176185,0.008381667,-0.026552855,0.180920681,0.983103454,2364,1517157251.966528893,1036,1517157247.528934002,0,1517157251.966528893,2.561405841,1517157252.622175932,28249,1517157252.369909048,89,1517157252.369909048,2979,1517157252.369909048
148,1517157252.571629047,70.046646118,25.923748016,1.372380137,0.005627711,-0.027687465,0.179866638,0.983285170,2306,1517157252.369909048,1036,1517157247.528934002,0,1517157252.369909048,2.570999362,1517157252.802175999,28267,1517157252.571629047,116,1517157252.571629047,2978,1517157252.571629047
149,1517157252.773349047,70.512283325,26.126771927,1.373557091,0.001042507,-0.030489141,0.183670845,0.982514298,2319,1517157252.571629047,1148,1517157252.571629047,0,1517157252.571629047,2.462820041,1517157253.002111912,28313,1517157252.773349047,102,1517157252.773349047,3014,1517157252.773349047
150,1517157253.075867891,71.265029907,26.432451248,1.384820580,-0.003334700,-0.027728282,0.179508385,0.983359935,2341,1517157252.773349047,1148,1517157252.571629047,0,1517157252.773349047,2.482219317,1517157253.317120075,28289,1517157253.075867891,94,1517157253.075867891,2974,1517157253.075867891
151,1517157253.277587891,71.713729858,26.610660553,1.385648727,0.004582516,-0.023450218,0.179407881,0.983484570,2295,1517157253.075867891,1148,1517157252.571629047,0,1517157253.075867891,2.487429792,1517157253.527120113,28249,1517157253.277587891,95,1517157253.277587891,3045,1517157253.277587891
152,1517157253.479307890,72.191787720,26.806781769,1.400777698,0.009235259,-0.030544915,0.179713681,0.983201257,2341,1517157253.277587891,1148,1517157252.571629047,0,1517157253.277587891,2.399721146,1517157253.702111959,28318,1517157253.479307890,85,1517157253.479307890,3106,1517157253.479307890
153,1517157253.681027889,72.677230835,26.959871292,1.409154296,-0.010407422,-0.033068052,0.130162127,0.990886477,2330,1517157253.479307890,1148,1517157252.571629047,0,1517157253.479307890,2.378179940,1517157254.007055998,28264,1517157253.681027889,82,1517157253.681027889,3091,1517157253.681027889
154,1517157253.983608007,73.357452393,27.082574844,1.424056053,-0.000762566,-0.029159324,0.079979033,0.996369664,2353,1517157253.681027889,1148,1517157252.571629047,0,1517157253.681027889,2.385265207,1517157254.327055931,28069,1517157253.983608007,65,1517157253.983608007,3147,1517157253.983608007
155,1517157254.185266972,73.847686768,27.177930832,1.437315822,0.009295628,-0.029325280,0.098890518,0.994622685,2340,1517157253.983608007,1148,1517157252.571629047,0,1517157253.983608007,2.361669458,1517157254.422048092,28220,1517157254.185266972,83,1517157254.185266972,3023,1517157254.185266972
156,1517157254.386986971,74.315109253,27.316837311,1.448669314,0.017414042,-0.025460566,0.135620051,0.990280623,2242,1517157254.185266972,1148,1517157252.571629047,0,1517157254.185266972,2.396582894,1517157254.617055893,28210,1517157254.386986971,100,1517157254.386986971,3056,1517157254.386986971
157,1517157254.689567089,74.992660522,27.553260803,1.457897663,0.025214945,-0.025369230,0.176428319,0.983663386,2318,1517157254.386986971,1148,1517157252.571629047,0,1517157254.386986971,2.444971672,1517157254.927056074,28219,1517157254.689567089,92,1517157254.689567089,3028,1517157254.689567089
158,1517157254.891287088,75.473197937,27.816242218,1.445305943,0.045984154,-0.007005147,0.265449715,0.963001991,2276,1517157254.689567089,1148,1517157252.571629047,0,1517157254.689567089,2.348047750,1517157255.121984005,28105,1517157254.891287088,91,1517157254.891287088,3232,1517157254.891287088
159,1517157255.092945099,75.795181274,28.110263824,1.463428020,0.027810603,-0.015706288,0.329852088,0.943492174,2467,1517157254.891287088,1148,1517157252.571629047,0,1517157254.891287088,1.865597656,1517157255.431983948,27792,1517157255.092945099,115,1517157255.092945099,3100,1517157255.092945099
160,1517157255.395524979,76.410614014,28.423429489,1.468908191,-0.056729646,-0.005683918,0.151550942,0.986803806,2310,1517157255.092945099,1148,1517157252.571629047,0,1517157255.092945099,1.577714397,1517157255.621984005,27942,1517157255.395524979,99,1517157255.395524979,2859,1517157255.395524979
161,1517157255.597244978,76.771697998,28.441408157,1.473947644,-0.049402323,-0.005078812,0.006305074,0.998746145,2158,1517157255.395524979,1148,1517157252.571629047,0,1517157255.395524979,1.479773137,1517157255.816992044,27688,1517157255.597244978,109,1517157255.597244978,3230,1517157255.597244978
162,1517157255.798964977,77.102951050,28.375869751,1.488124847,-0.012827202,-0.010258827,-0.063174097,0.997867352,2419,1517157255.597244978,1148,1517157252.571629047,0,1517157255.597244978,1.477785770,1517157256.026927948,26553,1517157255.798964977,141,1517157255.798964977,3343,1517157255.798964977
163,1517157256.000623941,77.430282593,28.341295242,1.500149608,0.012161200,-0.023103938,-0.056415364,0.998065940,2531,1517157255.798964977,1148,1517157252.571629047,0,1517157255.798964977,1.506054320,1517157256.336927891,26045,1517157256.000623941,143,1517157256.000623941,3280,1517157256.000623941
164,1517157256.202344894,77.624076843,28.289154053,1.505690455,0.016309148,-0.022332958,-0.022485844,0.999364617,2561,1517157256.000623941,1148,1517157252.571629047,0,1517157256.000623941,1.477675215,1517157256.566927910,25113,1517157256.202344894,138,1517157256.202344894,3126,1517157256.202344894
165,1517157256.504925013,78.076408386,28.335416794,1.506890059,0.030139762,-0.020963007,0.043203570,0.998391506,2441,1517157256.202344894,1148,1517157252.571629047,0,1517157256.202344894,1.430854649,1517157256.731920004,21521,1517157256.504925013,155,1517157256.504925013,3157,1517157256.504925013
166,1517157256.807504892,78.551399231,28.464378357,1.498711109,0.028923151,-0.020933080,0.105529303,0.993775037,2485,1517157256.504925013,1148,1517157252.571629047,0,1517157256.504925013,1.503806003,1517157257.046864033,20811,1517157256.807504892,183,1517157256.807504892,3083,1517157256.807504892
167,1517157257.210884094,79.120964050,28.683143616,1.512358308,0.036779811,-0.017934717,0.206722167,0.977543624,2478,1517157256.807504892,1148,1517157252.571629047,0,1517157256.807504892,1.630733588,1517157257.431855917,20447,1517157257.210884094,196,1517157257.210884094,2954,1517157257.210884094
168,1517157257.614324093,79.699951172,29.110860825,1.524550796,0.016049366,-0.039086750,0.293499632,0.955024926,2458,1517157257.210884094,1148,1517157252.571629047,0,1517157257.210884094,1.930544235,1517157257.871855974,25449,1517157257.614324093,170,1517157257.614324093,3367,1517157257.614324093
169,1517157257.816044092,79.997581482,29.327297211,1.537412643,0.014829578,-0.037237779,0.296678320,0.954135947,2670,1517157257.614324093,1263,1517157257.614324093,0,1517157257.614324093,2.070505003,1517157258.041807890,27775,1517157257.715183973,148,1517157257.816044092,3392,1517157257.816044092
170,1517157258.017703056,80.350433350,29.580665588,1.536905527,0.011612055,-0.036418598,0.299847979,0.953220874,2636,1517157257.816044092,1263,1517157257.614324093,0,1517157257.816044092,2.190286311,1517157258.241807938,28031,1517157258.017703056,157,1517157258.017703056,3385,1517157258.017703056
171,1517157258.219423056,80.672088623,29.816560745,1.542577028,0.008585639,-0.038290664,0.287856425,0.956869265,2632,1517157258.017703056,1263,1517157257.614324093,0,1517157258.017703056,2.318099119,1517157258.451807976,28291,1517157258.219423056,164,1517157258.219423056,3198,1517157258.219423056
172,1517157258.522002935,81.270309448,30.148839951,1.553908825,0.007616661,-0.036456038,0.235483124,0.971164580,2452,1517157258.219423056,1263,1517157257.614324093,0,1517157258.219423056,2.461541743,1517157258.751807928,28095,1517157258.522002935,133,1517157258.522002935,2952,1517157258.522002935
173,1517157258.723722935,81.739875793,30.378952026,1.564102530,0.008131176,-0.037765347,0.220428908,0.974637758,2245,1517157258.522002935,1263,1517157257.614324093,0,1517157258.522002935,2.595688319,1517157259.056751966,28253,1517157258.723722935,125,1517157258.723722935,2932,1517157258.723722935
174,1517157259.026242018,82.417961121,30.659805298,1.563431978,0.003550720,-0.038363331,0.172701096,0.984220493,2267,1517157258.723722935,1263,1517157257.614324093,0,1517157258.723722935,2.743617209,1517157259.356751919,28256,1517157259.026242018,107,1517157259.026242018,2924,1517157259.026242018
175,1517157259.328821898,83.140068054,30.904863358,1.576873541,0.010942373,-0.038001120,0.157586636,0.986713044,2290,1517157259.026242018,1263,1517157257.614324093,0,1517157259.026242018,2.920542131,1517157259.681744099,28164,1517157259.328821898,105,1517157259.328821898,3027,1517157259.328821898
176,1517157259.530541897,83.684883118,31.103363037,1.576960325,0.011782480,-0.038341143,0.163002385,0.985809998,2332,1517157259.328821898,1263,1517157257.614324093,0,1517157259.328821898,2.948265537,1517157259.761744022,28164,1517157259.328821898,90,1517157259.530541897,3058,1517157259.530541897
177,1517157259.732261896,84.202682495,31.291912079,1.589948893,0.012492029,-0.038128433,0.163296497,0.985760836,2365,1517157259.530541897,1263,1517157257.614324093,0,1517157259.530541897,3.094433362,1517157260.061680079,28240,1517157259.732261896,110,1517157259.732261896,3079,1517157259.732261896
178,1517157260.135641098,85.308189392,31.696210861,1.600968003,0.015138967,-0.036793821,0.168926815,0.984825242,2431,1517157259.732261896,1382,1517157259.833122015,0,1517157259.732261896,3.245126152,1517157260.361680031,28243,1517157260.135641098,159,1517157260.135641098,3387,1517157260.135641098
179,1517157260.337361097,85.886840820,31.919372559,1.609106779,0.017176374,-0.039949587,0.171501852,0.984223612,2731,1517157260.135641098,1382,1517157259.833122015,0,1517157260.135641098,3.333258872,1517157260.566688061,28194,1517157260.337361097,167,1517157260.337361097,3610,1517157260.337361097
180,1517157260.539081097,86.489753723,32.157199860,1.630434632,0.014308095,-0.038503210,0.173406534,0.983993371,2958,1517157260.337361097,1382,1517157259.833122015,0,1517157260.337361097,3.409579369,1517157260.771680117,28284,1517157260.539081097,120,1517157260.539081097,3490,1517157260.539081097
181,1517157260.841660976,87.479331970,32.539585114,1.630414963,0.011054096,-0.039983483,0.175896998,0.983534125,2824,1517157260.539081097,1382,1517157259.833122015,0,1517157260.539081097,3.523541433,1517157261.091615915,28230,1517157260.841660976,94,1517157260.841660976,3198,1517157260.841660976
182,1517157261.043318987,88.112648010,32.794376373,1.641798019,0.013804468,-0.038384113,0.178725687,0.983053013,2535,1517157260.841660976,1382,1517157259.833122015,0,1517157260.841660976,3.544314145,1517157261.281615973,28258,1517157261.043318987,75,1517157261.043318987,3126,1517157261.043318987
183,1517157261.245038986,88.647209167,33.013301849,1.652643800,0.014438226,-0.036409179,0.181496607,0.982611261,2433,1517157261.043318987,1382,1517157259.833122015,0,1517157261.043318987,3.560931546,1517157261.531615973,28287,1517157261.245038986,72,1517157261.245038986,3053,1517157261.245038986
184,1517157261.446758986,89.312477112,33.286010742,1.667993665,0.013921106,-0.037586037,0.182722951,0.982347095,2359,1517157261.245038986,1382,1517157259.833122015,0,1517157261.245038986,3.506622354,1517157261.671616077,28170,1517157261.446758986,48,1517157261.446758986,3049,1517157261.446758986
185,1517157261.648478985,90.021827698,33.575557709,1.675439835,0.016387020,-0.034086350,0.184726085,0.982062045,2311,1517157261.446758986,1382,1517157259.833122015,0,1517157261.446758986,3.456021994,1517157261.896624088,28363,1517157261.648478985,55,1517157261.648478985,3050,1517157261.648478985
186,1517157261.850198984,90.709251404,33.861419678,1.693319798,0.013995041,-0.031148172,0.187575838,0.981656373,2303,1517157261.648478985,1382,1517157259.833122015,0,1517157261.648478985,3.407943833,1517157262.091552019,28335,1517157261.850198984,62,1517157261.850198984,3078,1517157261.850198984
187,1517157262.051857948,91.350212097,34.136302948,1.688797355,0.011069811,-0.025546920,0.188753815,0.981629671,2340,1517157261.850198984,1382,1517157259.833122015,0,1517157261.850198984,3.347086319,1517157262.271552086,28355,1517157262.051857948,46,1517157262.051857948,3105,1517157262.051857948
188,1517157262.253577948,91.992263794,34.415058136,1.688663721,0.009940484,-0.026685573,0.191195180,0.981138864,2337,1517157262.051857948,1382,1517157259.833122015,0,1517157262.051857948,3.278221010,1517157262.486560106,28322,1517157262.253577948,53,1517157262.253577948,3168,1517157262.253577948
189,1517157262.455297947,92.582160950,34.672210693,1.703489304,0.013368618,-0.028609439,0.195026323,0.980289505,2376,1517157262.253577948,1382,1517157259.833122015,0,1517157262.253577948,3.220291968,1517157262.691551924,28325,1517157262.455297947,69,1517157262.455297947,3129,1517157262.455297947
190,1517157262.757878065,93.417221069,35.046989441,1.725457430,0.010760935,-0.023918876,0.199046622,0.979638980,2349,1517157262.455297947,1382,1517157259.833122015,0,1517157262.455297947,3.046290070,1517157263.016495943,28314,1517157262.757878065,64,1517157262.757878065,3115,1517157262.757878065
191,1517157262.959598064,94.000190735,35.312408447,1.725994825,0.009661434,-0.024671975,0.199781972,0.979482064,2367,1517157262.757878065,1382,1517157259.833122015,0,1517157262.757878065,2.929185960,1517157263.181488037,28353,1517157262.959598064,62,1517157262.959598064,3194,1517157262.959598064
192,1517157263.161257982,94.649902344,35.551319122,1.733956099,-0.014205451,-0.026159394,0.140578873,0.989621883,2466,1517157262.959598064,1382,1517157259.833122015,0,1517157262.959598064,2.795631336,1517157263.411488056,28390,1517157263.161257982,69,1517157263.161257982,3279,1517157263.161257982
193,1517157263.362977982,95.214645386,35.672634125,1.743719339,-0.019836650,-0.019660917,0.073874805,0.996876356,2521,1517157263.161257982,1382,1517157259.833122015,0,1517157263.161257982,2.747462987,1517157263.681488037,27924,1517157263.362977982,48,1517157263.362977982,3339,1517157263.362977982
194,1517157263.564697981,95.815727234,35.804328918,1.763958097,0.007668655,-0.019104714,0.104248087,0.994338241,2507,1517157263.362977982,1382,1517157259.833122015,0,1517157263.362977982,2.719924763,1517157263.801487923,28309,1517157263.564697981,54,1517157263.564697981,3209,1517157263.564697981
195,1517157263.766417980,96.323776245,35.934906006,1.767402411,0.014797048,-0.021001989,0.129896182,0.991194706,2405,1517157263.564697981,1382,1517157259.833122015,0,1517157263.564697981,2.703529170,1517157263.996495962,28275,1517157263.766417980,57,1517157263.766417980,3212,1517157263.766417980
196,1517157263.968137980,96.813392639,36.078086853,1.771781564,0.012670584,-0.019927247,0.139958462,0.989875745,2425,1517157263.766417980,1382,1517157259.833122015,0,1517157263.766417980,2.701310530,1517157264.216448069,28372,1517157263.968137980,58,1517157263.968137980,3183,1517157263.968137980
197,1517157264.169806004,97.368583679,36.264396667,1.768108010,0.014998872,-0.021673442,0.147937765,0.988645393,2415,1517157263.968137980,1382,1517157259.833122015,0,1517157263.968137980,2.725089227,1517157264.506448030,28378,1517157264.169806004,48,1517157264.169806004,3109,1517157264.169806004
198,1517157264.472385883,98.144088745,36.517608643,1.784173131,0.009609625,-0.025619371,0.146888158,0.988774581,2338,1517157264.169806004,1382,1517157259.833122015,0,1517157264.169806004,2.769961470,1517157264.696448088,28180,1517157264.472385883,44,1517157264.472385883,3122,1517157264.472385883
199,1517157264.674105883,98.739204407,36.723579407,1.790305257,0.011019007,-0.026851574,0.155401794,0.987424861,2355,1517157264.472385883,1382,1517157259.833122015,0,1517157264.472385883,2.785197592,1517157264.926448107,28280,1517157264.674105883,39,1517157264.674105883,3115,1517157264.674105883
200,1517157264.875825882,99.272422791,36.941074371,1.796888947,0.011731033,-0.029314591,0.195569936,0.980181329,2351,1517157264.674105883,1382,1517157259.833122015,0,1517157264.674105883,2.809068316,1517157265.101376057,28364,1517157264.875825882,52,1517157264.875825882,3039,1517157264.875825882
201,1517157265.178334951,100.006217957,37.285255432,1.808561802,0.010250596,-0.031661812,0.196531216,0.979932618,2318,1517157264.875825882,1514,1517157264.976686001,0,1517157264.875825882,2.919004152,1517157265.421375990,28312,1517157265.178334951,41,1517157265.178334951,3082,1517157265.178334951
202,1517157265.380054951,100.569877625,37.534591675,1.814191818,0.011799611,-0.033277589,0.198323728,0.979500419,2353,1517157265.178334951,1514,1517157264.976686001,0,1517157265.178334951,2.946436034,1517157265.621376038,28219,1517157265.380054951,35,1517157265.380054951,3104,1517157265.380054951
203,1517157265.581774950,101.070617676,37.770660400,1.820447803,0.010984764,-0.032888655,0.202670716,0.978632849,2328,1517157265.380054951,1514,1517157264.976686001,0,1517157265.380054951,3.012204648,1517157265.821376085,28297,1517157265.581774950,38,1517157265.581774950,3090,1517157265.581774950
204,1517157265.783494949,101.608489990,38.017227173,1.840708852,0.009104666,-0.035949940,0.201380937,0.978810720,2302,1517157265.581774950,1514,1517157264.976686001,0,1517157265.581774950,3.067016083,1517157266.011312008,28316,1517157265.783494949,40,1517157265.783494949,3144,1517157265.783494949
205,1517157265.985215902,102.200538635,38.286792755,1.835400105,0.013530730,-0.036470212,0.202995643,0.978406670,2324,1517157265.783494949,1514,1517157264.976686001,0,1517157265.783494949,3.158878049,1517157266.321311951,28324,1517157265.985215902,46,1517157265.985215902,3109,1517157265.985215902
206,1517157266.186873913,102.756004333,38.539283752,1.838672876,0.013762046,-0.040819584,0.203766853,0.978071284,2330,1517157265.985215902,1514,1517157264.976686001,0,1517157265.985215902,3.246759529,1517157266.416320086,28326,1517157266.186873913,48,1517157266.186873913,3085,1517157266.186873913
207,1517157266.388593912,103.336296082,38.823669434,1.841092467,0.018442998,-0.033124151,0.207299771,0.977542557,2334,1517157266.186873913,1514,1517157264.976686001,0,1517157266.186873913,3.283939326,1517157266.611311913,28281,1517157266.388593912,66,1517157266.388593912,3077,1517157266.388593912
208,1517157266.590313911,103.938095093,39.101707458,1.851160407,0.012428558,-0.038847461,0.208417078,0.977189197,2345,1517157266.388593912,1514,1517157264.976686001,0,1517157266.388593912,3.318270940,1517157266.821311951,28285,1517157266.590313911,67,1517157266.590313911,3090,1517157266.590313911
209,1517157266.792033911,104.496643066,39.376430511,1.860749364,0.012622798,-0.035235802,0.209527022,0.977086245,2326,1517157266.590313911,1514,1517157264.976686001,0,1517157266.590313911,3.288530556,1517157267.026256084,28298,1517157266.792033911,75,1517157266.792033911,3087,1517157266.792033911
210,1517157266.993753910,105.133438110,39.633743286,1.868688464,-0.011252732,-0.029349447,0.151088676,0.988020343,2335,1517157266.792033911,1514,1517157264.976686001,0,1517157266.792033911,3.246319214,1517157267.216255903,28343,1517157266.993753910,76,1517157266.993753910,3110,1517157266.993753910
211,1517157267.195414066,105.757308960,39.795288086,1.869660020,-0.016940989,-0.025727319,0.089329885,0.995525630,2360,1517157266.993753910,1514,1517157264.976686001,0,1517157266.993753910,3.239504350,1517157267.426255941,28015,1517157267.195414066,82,1517157267.195414066,3241,1517157267.195414066
212,1517157267.397134066,106.376792908,39.922927856,1.886503100,0.002689901,-0.029162385,0.109006820,0.993609497,2463,1517157267.195414066,1514,1517157264.976686001,0,1517157267.195414066,3.161434814,1517157267.636255980,28346,1517157267.397134066,93,1517157267.397134066,3166,1517157267.397134066
213,1517157267.598854065,107.015716553,40.130035400,1.895126820,0.028020804,-0.013051118,0.163795746,0.986009866,2403,1517157267.397134066,1514,1517157264.976686001,0,1517157267.397134066,3.101077289,1517157267.831248045,28369,1517157267.598854065,108,1517157267.598854065,3110,1517157267.598854065
214,1517157267.800574064,107.600280762,40.357810974,1.905592322,0.025007223,-0.018879525,0.191122909,0.981065867,2420,1517157267.598854065,1514,1517157264.976686001,0,1517157267.598854065,3.047883736,1517157268.026191950,28192,1517157267.800574064,129,1517157267.800574064,3199,1517157267.800574064
215,1517157268.002232075,108.167381287,40.574634552,1.922584772,0.011640202,-0.026871985,0.172144745,0.984636272,2505,1517157267.800574064,1514,1517157264.976686001,0,1517157267.800574064,3.040758032,1517157268.241183996,28300,1517157268.002232075,95,1517157268.002232075,3167,1517157268.002232075
216,1517157268.203952074,108.739624023,40.796314240,1.921496511,0.012221167,-0.023145306,0.171936644,0.984760239,2405,1517157268.002232075,1514,1517157264.976686001,0,1517157268.002232075,2.996002522,1517157268.426192045,28199,1517157268.203952074,87,1517157268.203952074,3160,1517157268.203952074
217,1517157268.405672073,109.348724365,41.036903381,1.928706169,0.014194468,-0.024738882,0.178319456,0.983559188,2401,1517157268.203952074,1514,1517157264.976686001,0,1517157268.203952074,2.976659196,1517157268.651184082,28288,1517157268.405672073,75,1517157268.405672073,3209,1517157268.405672073
218,1517157268.607392073,109.998466492,41.301727295,1.940574527,0.011542469,-0.026896251,0.179730677,0.983280350,2427,1517157268.405672073,1514,1517157264.976686001,0,1517157268.405672073,2.984162746,1517157268.846191883,28345,1517157268.607392073,74,1517157268.607392073,3230,1517157268.607392073
219,1517157268.809112072,110.685661316,41.582408905,1.953959227,0.010813225,-0.027915224,0.180672571,0.983087604,2423,1517157268.607392073,1514,1517157264.976686001,0,1517157268.607392073,2.990581288,1517157269.051120043,28324,1517157268.809112072,77,1517157268.809112072,3253,1517157268.809112072
220,1517157269.010771990,111.262390137,41.817378998,1.954633951,0.013049554,-0.024144844,0.182654964,0.982793925,2411,1517157268.809112072,1514,1517157264.976686001,0,1517157268.809112072,3.029342114,1517157269.346127987,28326,1517157269.010771990,86,1517157269.010771990,3239,1517157269.010771990
221,1517157269.313352108,112.134651184,42.184371948,1.980581880,0.017180879,-0.030046904,0.187110652,0.981728886,2430,1517157269.010771990,1514,1517157264.976686001,0,1517157269.010771990,3.148150608,1517157269.751120090,28308,1517157269.313352108,89,1517157269.313352108,3332,1517157269.313352108
222,1517157269.515072107,112.655982971,42.400917053,1.990118027,0.014237348,-0.030482521,0.187457657,0.981696359,2457,1517157269.313352108,1514,1517157264.976686001,0,1517157269.313352108,3.211002506,1517157269.866127968,28250,1517157269.515072107,103,1517157269.515072107,3372,1517157269.515072107
223,1517157269.716792107,113.202911377,42.636749268,1.995100856,0.015243155,-0.030577661,0.190286141,0.981133955,2519,1517157269.515072107,1514,1517157264.976686001,0,1517157269.515072107,3.258201937,1517157269.941119909,28247,1517157269.716792107,113,1517157269.716792107,3103,1517157269.716792107
224,1517157269.918512106,113.808616638,42.890644073,2.005270243,0.013930100,-0.034043849,0.191005525,0.980899515,2357,1517157269.716792107,1514,1517157264.976686001,0,1517157269.716792107,3.292057070,1517157270.146064043,28232,1517157269.918512106,122,1517157269.918512106,2918,1517157269.918512106
225,1517157270.120171070,114.325317383,43.124492645,2.011860847,0.018440623,-0.035673978,0.194129405,0.980153603,2267,1517157269.918512106,1722,1517157269.918512106,0,1517157269.918512106,3.368094621,1517157270.661056042,28277,1517157270.120171070,124,1517157270.120171070,2876,1517157270.120171070
226,1517157270.321891069,114.940017700,43.397949219,2.018225670,0.013708319,-0.031384522,0.195997931,0.980006074,2231,1517157270.120171070,1722,1517157269.918512106,0,1517157270.120171070,3.362462470,1517157270.741055965,28250,1517157270.321891069,137,1517157270.321891069,2823,1517157270.321891069
227,1517157270.624470949,115.792602539,43.773773193,2.023746967,0.016078364,-0.032946906,0.199288602,0.979254839,2206,1517157270.321891069,1722,1517157269.918512106,0,1517157270.321891069,3.355851898,1517157270.851056099,28233,1517157270.624470949,166,1517157270.624470949,2780,1517157270.624470949
228,1517157270.826190948,116.392730713,44.045635223,2.033143282,0.014954224,-0.034414449,0.200546364,0.978965358,2212,1517157270.624470949,1722,1517157269.918512106,0,1517157270.624470949,3.327628479,1517157271.055999994,28263,1517157270.826190948,167,1517157270.826190948,2906,1517157270.826190948
229,1517157271.027849913,116.955741882,44.292961121,2.043897629,0.021880604,-0.035023746,0.201119000,0.978695930,2309,1517157270.826190948,1722,1517157269.918512106,0,1517157270.826190948,3.359237027,1517157271.350991964,28200,1517157271.027849913,163,1517157271.027849913,2892,1517157271.027849913
230,1517157271.330430031,117.855628967,44.713565826,2.050812960,0.019023697,-0.026884169,0.219087268,0.975149275,2319,1517157271.027849913,1722,1517157269.918512106,0,1517157271.027849913,3.303234844,1517157271.570991993,28268,1517157271.330430031,168,1517157271.330430031,2948,1517157271.330430031
231,1517157271.532150030,118.436653137,44.998790741,2.055911541,0.016484016,-0.030343658,0.215984938,0.975785861,2422,1517157271.330430031,1722,1517157269.918512106,0,1517157271.330430031,3.034496126,1517157271.855999947,28101,1517157271.532150030,185,1517157271.532150030,3103,1517157271.532150030
232,1517157271.733870029,119.019142151,45.269584656,2.083291054,0.000293828,-0.020631565,0.198272398,0.979929747,2614,1517157271.532150030,1722,1517157269.918512106,0,1517157271.532150030,3.087994402,1517157271.960992098,28168,1517157271.733870029,186,1517157271.733870029,3194,1517157271.733870029
233,1517157271.935590029,119.585533142,45.472217560,2.073074341,-0.011410302,-0.020411672,0.120532544,0.992433914,2684,1517157271.733870029,1722,1517157269.918512106,0,1517157271.733870029,3.081740743,1517157272.160943985,27888,1517157271.935590029,175,1517157271.935590029,3554,1517157271.935590029
234,1517157272.137248993,120.155502319,45.629253387,2.081818819,0.019961580,-0.022920211,0.149738612,0.988258340,2853,1517157271.935590029,1722,1517157269.918512106,0,1517157271.935590029,3.129500945,1517157272.460943937,27856,1517157272.137248993,177,1517157272.137248993,3645,1517157272.137248993
235,1517157272.439829111,121.005638123,45.999015808,2.094647408,0.033126604,-0.025764024,0.221699757,0.974211507,2955,1517157272.137248993,1722,1517157269.918512106,0,1517157272.137248993,3.135486206,1517157272.665951967,27976,1517157272.439829111,210,1517157272.439829111,3499,1517157272.439829111
236,1517157272.641549110,121.575294495,46.279563904,2.102181435,0.022931121,-0.029129182,0.210695594,0.976848515,2911,1517157272.439829111,1722,1517157269.918512106,0,1517157272.439829111,3.134554008,1517157272.865952015,28225,1517157272.641549110,200,1517157272.641549110,3394,1517157272.641549110
237,1517157272.843269110,122.149383545,46.531318665,2.122201204,-0.000127954,-0.035694120,0.162797321,0.986013664,2848,1517157272.641549110,1722,1517157269.918512106,0,1517157272.641549110,3.157777160,1517157273.065887928,27995,1517157272.843269110,181,1517157272.843269110,3213,1517157272.843269110
238,1517157273.044926882,122.738761902,46.745841980,2.116701841,0.033154231,-0.021136518,0.200326028,0.978940002,2680,1517157272.843269110,1722,1517157269.918512106,0,1517157272.843269110,3.136181699,1517157273.270879984,27722,1517157273.044926882,189,1517157273.044926882,3204,1517157273.044926882
239,1517157273.246646881,123.279434204,47.068038940,2.115347385,0.040930123,-0.008547203,0.302886995,0.952108785,2754,1517157273.044926882,1722,1517157269.918512106,0,1517157273.044926882,3.017834529,1517157273.470880032,27962,1517157273.246646881,180,1517157273.246646881,3333,1517157273.246646881
240,1517157273.448367119,123.807632446,47.429519653,2.137161016,-0.002190239,-0.020720034,0.256128024,0.966418294,2786,1517157273.246646881,1722,1517157269.918512106,0,1517157273.246646881,2.555996784,1517157273.780879974,27822,1517157273.448367119,180,1517157273.448367119,3286,1517157273.448367119
241,1517157273.650087118,124.337593079,47.671115875,2.119837284,-0.053959298,-0.016185541,0.110867099,0.992237325,2702,1517157273.448367119,1722,1517157269.918512106,0,1517157273.448367119,2.461691590,1517157273.870879889,27846,1517157273.650087118,210,1517157273.650087118,3737,1517157273.650087118
242,1517157273.851807117,124.868415833,47.726837158,2.144994259,-0.039062700,-0.014215901,0.028101537,0.998740365,3191,1517157273.650087118,1722,1517157269.918512106,0,1517157273.650087118,2.510586190,1517157274.080816031,27575,1517157273.851807117,234,1517157273.851807117,4028,1517157273.851807117
243,1517157274.053464890,125.424888611,47.789340973,2.143647671,0.020333570,-0.011913798,0.067687376,0.997428206,3359,1517157273.851807117,1722,1517157269.918512106,0,1517157273.851807117,2.433729331,1517157274.280816078,28079,1517157274.053464890,231,1517157274.053464890,3876,1517157274.053464890
244,1517157274.255186081,125.936302185,47.887660980,2.143781185,0.026715989,-0.018573486,0.102412988,0.994209667,3168,1517157274.053464890,1722,1517157269.918512106,0,1517157274.053464890,2.442874773,1517157274.485824108,27714,1517157274.255186081,257,1517157274.255186081,3854,1517157274.255186081
245,1517157274.456906080,126.458900452,47.988559723,2.147695780,0.011337736,-0.021316745,0.085091689,0.996080547,3130,1517157274.255186081,1722,1517157269.918512106,0,1517157274.255186081,2.406872273,1517157274.685823917,28061,1517157274.456906080,267,1517157274.456906080,3565,1517157274.456906080
246,1517157274.658626080,126.940963745,48.073772430,2.151429415,0.012789823,-0.021638067,0.079373141,0.996528032,2951,1517157274.456906080,1722,1517157269.918512106,0,1517157274.456906080,2.366712697,1517157274.880815983,28041,1517157274.658626080,203,1517157274.658626080,3285,1517157274.658626080
247,1517157274.860346079,127.450714111,48.169910431,2.160081148,0.018913621,-0.022686090,0.085882007,0.995867409,2618,1517157274.658626080,1722,1517157269.918512106,0,1517157274.658626080,2.197055995,1517157275.090751886,27547,1517157274.860346079,179,1517157274.860346079,3029,1517157274.860346079
248,1517157275.062005997,127.903198242,48.294059753,2.150869131,0.051374536,-0.001040855,0.150560360,0.987264479,2410,1517157274.860346079,1722,1517157269.918512106,0,1517157274.860346079,1.902865199,1517157275.290751934,26153,1517157275.062005997,173,1517157275.062005997,2944,1517157275.062005997
249,1517157275.263725996,128.278121948,48.495048523,2.158884287,0.046996372,0.004660092,0.256485315,0.965393654,2352,1517157275.062005997,1915,1517157275.062005997,0,1517157275.062005997,1.811607573,1517157275.490751982,28039,1517157275.263725996,200,1517157275.263725996,2939,1517157275.263725996
250,1517157275.465445995,128.572357178,48.711711884,2.177171707,0.038218413,-0.008000576,0.285635925,0.957542408,2379,1517157275.263725996,1915,1517157275.062005997,0,1517157275.263725996,1.878935999,1517157275.700752020,28217,1517157275.465445995,182,1517157275.465445995,3038,1517157275.465445995
251,1517157275.667165995,128.894622803,48.948192596,2.177374840,0.026361026,-0.024028369,0.292797952,0.955508814,2480,1517157275.465445995,1915,1517157275.062005997,0,1517157275.465445995,1.930815333,1517157275.890752077,28192,1517157275.667165995,160,1517157275.667165995,3034,1517157275.667165995
252,1517157275.868885994,129.221847534,49.193149567,2.194746733,0.027816824,-0.027656520,0.294694658,0.954786049,2436,1517157275.667165995,1915,1517157275.062005997,0,1517157275.667165995,1.984400458,1517157276.205696106,25989,1517157275.868885994,175,1517157275.868885994,3038,1517157275.868885994
253,1517157276.070543051,129.523162842,49.411983490,2.200726271,0.019255043,-0.031893815,0.289773645,0.956369836,2442,1517157275.868885994,1915,1517157275.062005997,0,1517157275.868885994,1.972307498,1517157276.300688028,26913,1517157276.070543051,175,1517157276.070543051,2967,1517157276.070543051
254,1517157276.373122931,130.047302246,49.685810089,2.210450172,-0.007156368,-0.028584924,0.202931988,0.978749353,2340,1517157276.070543051,1915,1517157275.062005997,0,1517157276.070543051,1.978535193,1517157276.705696106,28190,1517157276.373122931,145,1517157276.373122931,2934,1517157276.373122931
255,1517157276.675704002,130.625915527,49.844909668,2.212210655,-0.005017479,-0.026837194,0.108102955,0.993764731,2303,1517157276.373122931,1915,1517157275.062005997,0,1517157276.373122931,2.012521044,1517157276.900687933,28065,1517157276.675704002,163,1517157276.675704002,3071,1517157276.675704002
256,1517157276.877424002,131.014938354,49.925086975,2.225346327,0.006924353,-0.029373628,0.093522266,0.995159700,2354,1517157276.675704002,1915,1517157275.062005997,0,1517157276.675704002,2.073518808,1517157277.100624084,28089,1517157276.776563883,141,1517157276.877424002,3008,1517157276.877424002
257,1517157277.079083920,131.434814453,50.020263672,2.229387283,0.011470813,-0.030862716,0.102243014,0.994214403,2282,1517157276.877424002,1915,1517157275.062005997,0,1517157276.877424002,2.110147378,1517157277.310623884,28265,1517157277.079083920,130,1517157277.079083920,3053,1517157277.079083920
258,1517157277.381664038,132.057281494,50.182006836,2.234633923,0.018598351,-0.034218503,0.115883616,0.992498959,2291,1517157277.079083920,1915,1517157275.062005997,0,1517157277.079083920,2.210675572,1517157277.610624075,28265,1517157277.381664038,106,1517157277.381664038,3032,1517157277.381664038
259,1517157277.583384037,132.498840332,50.316505432,2.240258694,0.019226635,-0.036817327,0.129712526,0.990681322,2277,1517157277.381664038,1915,1517157275.062005997,0,1517157277.381664038,2.325713260,1517157277.810623884,28251,1517157277.583384037,94,1517157277.583384037,2966,1517157277.583384037
260,1517157277.785104036,132.945419312,50.450901031,2.239784002,0.018914314,-0.031236964,0.137253664,0.989862583,2207,1517157277.583384037,1915,1517157275.062005997,0,1517157277.583384037,2.451895058,1517157278.215568066,28256,1517157277.785104036,96,1517157277.785104036,2971,1517157277.785104036
261,1517157277.986824036,133.372436523,50.588035583,2.278932571,0.026029581,-0.034870979,0.140761572,0.989086779,2210,1517157277.785104036,1915,1517157275.062005997,0,1517157277.785104036,2.551776749,1517157278.320559978,28176,1517157277.986824036,99,1517157277.986824036,2966,1517157277.986824036
262,1517157278.188483000,133.881881714,50.771827698,2.256982327,0.023797920,-0.033889409,0.166201372,0.985221940,2208,1517157277.986824036,1915,1517157275.062005997,0,1517157277.986824036,2.551407199,1517157278.420559883,28299,1517157278.188483000,104,1517157278.188483000,2923,1517157278.188483000
263,1517157278.390202999,134.326828003,50.952926636,2.260000944,0.016470541,-0.031371636,0.174797484,0.983966657,2198,1517157278.188483000,1915,1517157275.062005997,0,1517157278.188483000,2.652996564,1517157278.655567884,28303,1517157278.390202999,112,1517157278.390202999,2926,1517157278.390202999
264,1517157278.591922998,134.814041138,51.154033661,2.275315762,0.015939610,-0.035100158,0.191661904,0.980703636,2212,1517157278.390202999,1915,1517157275.062005997,0,1517157278.390202999,2.771766958,1517157278.815567970,28315,1517157278.591922998,94,1517157278.591922998,2840,1517157278.591922998
265,1517157278.793643951,135.338623047,51.372714996,2.268423557,0.028473016,-0.032339907,0.196536825,0.979549230,2162,1517157278.591922998,1915,1517157275.062005997,0,1517157278.591922998,2.803429526,1517157279.025504112,28286,1517157278.793643951,88,1517157278.793643951,2941,1517157278.793643951
266,1517157279.096160889,136.064773560,51.727493286,2.295507908,0.027833329,-0.036320175,0.213385478,0.975895890,2236,1517157278.793643951,1915,1517157275.062005997,0,1517157278.793643951,2.950206556,1517157279.330496073,28324,1517157279.096160889,78,1517157279.096160889,2978,1517157279.096160889
267,1517157279.297880888,136.586608887,51.978012085,2.294818878,0.025128448,-0.040906964,0.203703187,0.977854894,2247,1517157279.096160889,1915,1517157275.062005997,0,1517157279.096160889,2.995960706,1517157279.520495892,28222,1517157279.297880888,83,1517157279.297880888,3029,1517157279.297880888
268,1517157279.499600887,137.116912842,52.233211517,2.305460453,0.024168444,-0.031762790,0.206624521,0.977605912,2320,1517157279.297880888,1915,1517157275.062005997,0,1517157279.297880888,3.065097190,1517157279.725503922,28252,1517157279.499600887,81,1517157279.499600887,3074,1517157279.499600887
269,1517157279.701320887,137.637680054,52.482971191,2.309825897,0.023581104,-0.035407101,0.209218627,0.976943107,2312,1517157279.499600887,1915,1517157275.062005997,0,1517157279.499600887,3.167458533,1517157280.040447950,28279,1517157279.701320887,71,1517157279.701320887,3063,1517157279.701320887
270,1517157280.003839970,138.498260498,52.894603729,2.332677841,0.023082373,-0.033669766,0.209224715,0.977015133,2299,1517157279.701320887,1915,1517157275.062005997,0,1517157279.701320887,3.192297585,1517157280.235455990,28281,1517157280.003839970,80,1517157280.003839970,3022,1517157280.003839970
271,1517157280.205559969,139.161346436,53.211822510,2.338544369,0.021252429,-0.030841032,0.212370937,0.976471070,2303,1517157280.003839970,2085,1517157280.003839970,0,1517157280.003839970,3.207636999,1517157280.550447941,28334,1517157280.205559969,87,1517157280.205559969,3068,1517157280.205559969
272,1517157280.508140087,140.146377563,53.677188873,2.352724552,0.019893754,-0.031537151,0.212469886,0.976455936,2365,1517157280.205559969,2085,1517157280.003839970,0,1517157280.205559969,3.165585232,1517157280.750447989,28272,1517157280.508140087,82,1517157280.508140087,3055,1517157280.508140087
273,1517157280.709861040,140.726165771,53.963268280,2.341704607,0.017432616,-0.023942345,0.212617123,0.976686658,2323,1517157280.508140087,2085,1517157280.003839970,0,1517157280.508140087,3.073342915,1517157280.940448046,28312,1517157280.709861040,91,1517157280.709861040,3051,1517157280.709861040
274,1517157280.911581039,141.270721436,54.194927216,2.361505747,-0.010909662,-0.023438199,0.145959087,0.988952767,2338,1517157280.709861040,2085,1517157280.003839970,0,1517157280.709861040,3.007226829,1517157281.160383940,28304,1517157280.911581039,93,1517157280.911581039,3095,1517157280.911581039
275,1517157281.113239050,141.898880005,54.362388611,2.370219707,0.015383478,-0.016674279,0.127583811,0.991568297,2343,1517157280.911581039,2085,1517157280.003839970,0,1517157280.911581039,3.064818696,1517157281.335391998,28011,1517157281.113239050,70,1517157281.113239050,3052,1517157281.113239050
276,1517157281.314959049,142.435516357,54.520080566,2.375208139,0.000992888,-0.025589122,0.109861392,0.993616971,2270,1517157281.113239050,2085,1517157280.003839970,0,1517157281.113239050,3.028652059,1517157281.550384045,28332,1517157281.314959049,91,1517157281.314959049,3197,1517157281.314959049
277,1517157281.516679049,143.022247314,54.642002106,2.386482000,0.026638117,-0.019843950,0.110819232,0.993285320,2422,1517157281.314959049,2085,1517157280.003839970,0,1517157281.314959049,2.946270699,1517157281.770384073,28123,1517157281.516679049,110,1517157281.516679049,3247,1517157281.516679049
278,1517157281.718399048,143.565521240,54.813854218,2.404814482,0.012064369,-0.027880630,0.121410671,0.992137375,2508,1517157281.516679049,2085,1517157280.003839970,0,1517157281.516679049,2.834851521,1517157282.045327902,28258,1517157281.718399048,97,1517157281.718399048,3240,1517157281.718399048
279,1517157282.020917892,144.402404785,55.050956726,2.426712513,0.030419154,-0.021155433,0.148997225,0.988143183,2489,1517157281.718399048,2085,1517157280.003839970,0,1517157281.718399048,2.725637064,1517157282.245327950,28244,1517157282.020917892,118,1517157282.020917892,3244,1517157282.020917892
280,1517157282.222637892,144.881057739,55.203746796,2.415216208,0.013275699,-0.022690023,0.132396182,0.990848207,2530,1517157282.020917892,2085,1517157280.003839970,0,1517157282.020917892,2.794199265,1517157282.455327988,28222,1517157282.222637892,119,1517157282.222637892,3304,1517157282.222637892
281,1517157282.424357891,145.415100098,55.358047485,2.409946680,0.016388083,-0.027753890,0.131659524,0.990770873,2544,1517157282.222637892,2085,1517157280.003839970,0,1517157282.222637892,2.726930656,1517157282.860320091,28098,1517157282.424357891,132,1517157282.424357891,3293,1517157282.424357891
282,1517157282.827799082,146.432464600,55.700046539,2.415052891,0.035577017,-0.019378860,0.177712915,0.983248115,2528,1517157282.424357891,2085,1517157280.003839970,0,1517157282.424357891,2.836549876,1517157283.060256004,26483,1517157282.827799082,124,1517157282.827799082,3273,1517157282.827799082
283,1517157283.029457092,146.932098389,55.940952301,2.429425955,0.034972370,-0.023930459,0.218298189,0.974961623,2557,1517157282.827799082,2085,1517157280.003839970,0,1517157282.827799082,2.852075129,1517157283.260256052,27406,1517157283.029457092,119,1517157283.029457092,3232,1517157283.029457092
284,1517157283.231177092,147.469940186,56.222892761,2.426932573,0.026399350,-0.024906365,0.235018691,0.971313009,2545,1517157283.029457092,2085,1517157280.003839970,0,1517157283.029457092,2.975333546,1517157283.460256100,28246,1517157283.231177092,100,1517157283.231177092,3258,1517157283.231177092
285,1517157283.432897091,147.971389771,56.491546631,2.434013844,0.031545311,-0.032760042,0.229901131,0.972150782,2515,1517157283.231177092,2085,1517157280.003839970,0,1517157283.231177092,2.970287040,1517157283.665263891,27961,1517157283.432897091,88,1517157283.432897091,3176,1517157283.432897091
286,1517157283.634617090,148.459289551,56.804889679,2.442491770,0.037330929,-0.018545302,0.304701280,0.951535393,2460,1517157283.432897091,2085,1517157280.003839970,0,1517157283.432897091,2.986742150,1517157283.865263939,28274,1517157283.634617090,108,1517157283.634617090,3405,1517157283.634617090
287,1517157283.836337090,148.937393188,57.152168274,2.465682507,0.013997191,-0.028803707,0.269877205,0.962362052,2626,1517157283.634617090,2085,1517157280.003839970,0,1517157283.634617090,2.899079572,1517157284.170192003,28321,1517157283.836337090,91,1517157283.836337090,3241,1517157283.836337090
288,1517157284.037995100,149.445953369,57.439060211,2.466326237,0.007126592,-0.035025412,0.224311733,0.973861735,2442,1517157283.836337090,2085,1517157280.003839970,0,1517157283.836337090,2.902179317,1517157284.260191917,28133,1517157284.037995100,83,1517157284.037995100,3135,1517157284.037995100
289,1517157284.441435099,150.465957642,57.900928497,2.489761353,0.009016063,-0.027925885,0.184141217,0.982461637,2378,1517157284.037995100,2085,1517157280.003839970,0,1517157284.037995100,2.828577356,1517157284.780191898,28180,1517157284.441435099,71,1517157284.441435099,3070,1517157284.441435099
290,1517157284.643155098,151.046112061,58.146076202,2.500477314,0.013483205,-0.024760804,0.192269617,0.980937052,2381,1517157284.441435099,2085,1517157280.003839970,0,1517157284.441435099,2.836903571,1517157284.875200033,28384,1517157284.643155098,85,1517157284.643155098,3061,1517157284.643155098
291,1517157284.945734978,151.808425903,58.473621368,2.513488293,0.015585690,-0.025947360,0.190229915,0.981272847,2380,1517157284.643155098,2085,1517157280.003839970,0,1517157284.643155098,2.897609476,1517157285.170144081,28345,1517157284.945734978,77,1517157284.945734978,2997,1517157284.945734978
292,1517157285.147403002,152.343551636,58.712512970,2.514151573,0.018109693,-0.028525057,0.194123621,0.980395012,2315,1517157284.945734978,2235,1517157285.046542883,0,1517157284.945734978,2.878255904,1517157285.375152111,28309,1517157285.147403002,86,1517157285.147403002,2963,1517157285.147403002
293,1517157285.349123001,152.866683960,58.940700531,2.516994953,0.013832208,-0.031417582,0.195500810,0.980102566,2291,1517157285.147403002,2235,1517157285.046542883,0,1517157285.147403002,2.864540467,1517157285.675152063,28259,1517157285.349123001,87,1517157285.349123001,3112,1517157285.349123001
294,1517157285.752563000,153.955169678,59.424430847,2.534634590,0.012856222,-0.034319487,0.196626804,0.979793239,2371,1517157285.349123001,2235,1517157285.046542883,0,1517157285.349123001,2.917310201,1517157286.000063896,28300,1517157285.752563000,90,1517157285.752563000,3091,1517157285.752563000
295,1517157285.954282999,154.505310059,59.664272308,2.545484543,0.016685628,-0.031094137,0.198513457,0.979462685,2339,1517157285.752563000,2235,1517157285.046542883,0,1517157285.752563000,2.959364946,1517157286.180063963,28355,1517157285.954282999,80,1517157285.954282999,3217,1517157285.954282999
296,1517157286.155932903,155.078140259,59.924064636,2.531972885,0.019502400,-0.032953860,0.201056294,0.978830969,2421,1517157285.954282999,2235,1517157285.046542883,0,1517157285.954282999,3.043694410,1517157286.485071898,28351,1517157286.155932903,75,1517157286.155932903,3142,1517157286.155932903
297,1517157286.357652903,155.638641357,60.178081512,2.549058437,0.018831174,-0.032822265,0.203180758,0.978409764,2374,1517157286.155932903,2235,1517157285.046542883,0,1517157286.155932903,2.997178001,1517157286.585072041,28334,1517157286.357652903,68,1517157286.357652903,3068,1517157286.357652903
298,1517157286.559372902,156.225646973,60.446384430,2.551863670,0.022767612,-0.033757122,0.206789309,0.977537863,2293,1517157286.357652903,2235,1517157285.046542883,0,1517157286.357652903,3.148952488,1517157286.795072079,28368,1517157286.559372902,87,1517157286.559372902,3068,1517157286.559372902
299,1517157286.761092901,156.805038452,60.718151093,2.569144964,0.006387596,-0.031515242,0.203753782,0.978493937,2350,1517157286.559372902,2235,1517157285.046542883,0,1517157286.559372902,3.140706527,1517157286.985071898,28314,1517157286.761092901,80,1517157286.761092901,2904,1517157286.761092901
300,1517157286.962812901,157.377624512,60.990539551,2.576297283,0.017819299,-0.033979897,0.211773727,0.976565271,2229,1517157286.761092901,2235,1517157285.046542883,0,1517157286.761092901,3.153757991,1517157287.190016031,28297,1517157286.962812901,69,1517157286.962812901,2955,1517157286.962812901
301,1517157287.164473057,157.948181152,61.263389587,2.591138124,0.020587744,-0.032770876,0.210857784,0.976750331,2240,1517157286.962812901,2235,1517157285.046542883,0,1517157286.962812901,3.144863535,1517157287.385024071,27740,1517157287.164473057,64,1517157287.164473057,2960,1517157287.164473057
302,1517157287.366193056,158.543243408,61.551654816,2.599330664,0.021206284,-0.033126733,0.208683476,0.977191957,2221,1517157287.164473057,2235,1517157285.046542883,0,1517157287.164473057,3.148244421,1517157287.785023928,26119,1517157287.366193056,82,1517157287.366193056,2928,1517157287.366193056
303,1517157287.567913055,159.116287231,61.822799683,2.616507292,0.030767936,-0.033420548,0.210313067,0.976578115,2222,1517157287.366193056,2235,1517157285.046542883,0,1517157287.366193056,3.098384185,1517157287.895024061,25061,1517157287.567913055,84,1517157287.567913055,2879,1517157287.567913055
304,1517157287.870492935,159.971145630,62.242263794,2.612035751,0.027537319,-0.022265869,0.211177814,0.976805947,2200,1517157287.567913055,2235,1517157285.046542883,0,1517157287.567913055,3.132983925,1517157288.094959974,24199,1517157287.769633055,99,1517157287.870492935,2929,1517157287.870492935
305,1517157288.072151899,160.545593262,62.514682770,2.624474049,0.017459138,-0.028805312,0.212849365,0.976504265,2314,1517157287.870492935,2235,1517157285.046542883,0,1517157287.870492935,3.053238321,1517157288.394959927,22807,1517157288.072151899,81,1517157288.072151899,2863,1517157288.072151899
306,1517157288.475591898,161.684494019,63.077476501,2.634471178,0.004180456,-0.027833950,0.194091112,0.980579643,2267,1517157288.072151899,2235,1517157285.046542883,0,1517157288.072151899,2.897997257,1517157288.699951887,21305,1517157288.475591898,135,1517157288.475591898,3299,1517157288.475591898
307,1517157288.979892015,163.091705322,63.504611969,2.664238453,0.014716522,-0.021086995,0.136375358,0.990323444,2634,1517157288.475591898,2235,1517157285.046542883,0,1517157288.475591898,2.352930298,1517157289.204895973,24469,1517157288.979892015,181,1517157288.979892015,3862,1517157288.979892015
308,1517157289.181550026,163.610687256,63.616760254,2.678005219,-0.020917130,0.010925681,0.080936880,0.996439825,3236,1517157288.979892015,2235,1517157285.046542883,0,1517157288.979892015,1.602266817,1517157289.409888029,28146,1517157289.181550026,180,1517157289.181550026,4139,1517157289.181550026
309,1517157289.383270025,164.006164551,63.645133972,2.664071083,0.003398144,0.040558999,0.024594550,0.998868624,3438,1517157289.181550026,2235,1517157285.046542883,0,1517157289.181550026,0.184439275,1517157289.714895964,28025,1517157289.383270025,151,1517157289.383270025,3952,1517157289.383270025
310,1517157289.685851097,164.238372803,63.688774109,2.664011240,0.007463278,0.051467513,0.051649378,0.997310251,3215,1517157289.383270025,2235,1517157285.046542883,0,1517157289.383270025,0.167133388,1517157289.914896011,28347,1517157289.685851097,126,1517157289.685851097,3723,1517157289.685851097
311,1517157289.887571096,164.230712891,63.688873291,2.682767630,0.008956419,0.024637024,0.055406608,0.998119686,2989,1517157289.685851097,2235,1517157285.046542883,0,1517157289.685851097,0.191058925,1517157290.109823942,28354,1517157289.887571096,142,1517157289.887571096,3707,1517157289.887571096
312,1517157290.089230061,164.203567505,63.683635712,2.682207108,0.012961195,0.001445273,0.054946554,0.998404124,2981,1517157289.887571096,2235,1517157285.046542883,0,1517157289.887571096,0.092589480,1517157290.314831972,28323,1517157290.089230061,133,1517157290.089230061,3684,1517157290.089230061
313,1517157290.290950060,164.191146851,63.681430817,2.680880070,0.013938363,-0.008482006,0.054122687,0.998400978,2974,1517157290.089230061,2403,1517157290.089230061,0,1517157290.089230061,0.108610116,1517157290.619823933,28435,1517157290.290950060,129,1517157290.290950060,3760,1517157290.290950060
314,1517157290.492670059,164.194488525,63.681751251,2.677058935,0.013504443,-0.008288440,0.054412096,0.998392836,3041,1517157290.290950060,2403,1517157290.089230061,0,1517157290.290950060,0.181138472,1517157290.719824076,28239,1517157290.492670059,133,1517157290.492670059,3755,1517157290.492670059
315,1517157290.694390059,164.188049316,63.680110931,2.676307917,0.012958748,-0.004295681,0.053723722,0.998462508,3030,1517157290.492670059,2403,1517157290.089230061,0,1517157290.492670059,0.744306398,1517157290.919823885,28235,1517157290.694390059,134,1517157290.694390059,3765,1517157290.694390059
316,1517157290.896110058,164.125000000,63.673923492,2.671949148,0.008094587,0.029090097,0.049436567,0.998320725,3029,1517157290.694390059,2403,1517157290.089230061,0,1517157290.694390059,1.896087810,1517157291.219759941,28292,1517157290.896110058,133,1517157290.896110058,3857,1517157290.896110058
317,1517157291.198627949,163.741271973,63.632305145,2.665423632,0.006995636,0.039889565,0.033222013,0.998627148,3115,1517157290.896110058,2403,1517157290.089230061,0,1517157290.896110058,2.537317206,1517157291.429759979,28190,1517157291.198627949,146,1517157291.198627949,4061,1517157291.198627949
318,1517157291.501208067,163.052368164,63.591053009,2.667152405,0.005841781,0.055746516,0.019218936,0.998242872,3320,1517157291.198627949,2403,1517157290.089230061,0,1517157291.198627949,3.197457589,1517157291.824768066,21716,1517157291.501208067,157,1517157291.501208067,3939,1517157291.501208067
319,1517157291.803788900,162.090515137,63.512958527,2.659065247,0.012290673,-0.009298851,-0.000552436,0.999881076,3292,1517157291.501208067,2403,1517157290.089230061,0,1517157291.501208067,2.210964448,1517157292.039695978,17788,1517157291.803788900,146,1517157291.803788900,3400,1517157291.803788900
320,1517157292.005448103,161.594085693,63.366302490,2.659962893,-0.004651214,-0.061740934,0.091542037,0.993874478,2896,1517157291.803788900,2403,1517157290.089230061,0,1517157291.803788900,1.579317001,1517157292.234704018,17424,1517157292.005448103,144,1517157292.005448103,3157,1517157292.005448103
321,1517157292.408888102,161.086105347,63.178928375,2.617964506,0.024206956,-0.059247184,0.147802995,0.986943802,2672,1517157292.005448103,2403,1517157290.089230061,0,1517157292.005448103,0.147561585,1517157292.639695883,17283,1517157292.408888102,111,1517157292.408888102,2711,1517157292.408888102
322,1517157292.711467981,161.051361084,63.157337189,2.637084484,0.028094889,-0.044870978,0.150677939,0.987164338,2259,1517157292.408888102,2403,1517157290.089230061,0,1517157292.408888102,0.122077332,1517157293.034640074,17265,1517157292.711467981,100,1517157292.711467981,2730,1517157292.711467981
323,1517157293.013987064,161.068710327,63.167400360,2.649597406,0.029800218,-0.031789021,0.150676234,0.987622437,2267,1517157292.711467981,2372,1517157292.711467981,0,1517157292.711467981,0.122560591,1517157293.239631891,17352,1517157293.013987064,94,1517157293.013987064,2755,1517157293.013987064
324,1517157293.316566944,161.065093994,63.164882660,2.649381399,0.028624202,-0.031393241,0.150613222,0.987679491,2294,1517157293.013987064,2372,1517157292.711467981,0,1517157293.013987064,0.111684671,1517157293.644639969,17332,1517157293.316566944,97,1517157293.316566944,2755,1517157293.316566944
325,1517157293.518286943,161.066085815,63.165184021,2.649305105,0.028521084,-0.031152287,0.150668087,0.987681735,2299,1517157293.316566944,2372,1517157292.711467981,0,1517157293.316566944,0.099822058,1517157293.734639883,17338,1517157293.518286943,96,1517157293.518286943,2729,1517157293.518286943
326,1517157293.720006943,161.065414429,63.165630341,2.648808956,0.029116861,-0.031061581,0.150615196,0.987675275,2276,1517157293.518286943,2372,1517157292.711467981,0,1517157293.518286943,0.096014444,1517157293.944639921,17299,1517157293.720006943,102,1517157293.720006943,2743,1517157293.720006943
327,1517157293.921727896,161.066757202,63.164779663,2.647195816,0.028709877,-0.031085596,0.150579843,0.987691824,2286,1517157293.720006943,2372,1517157292.711467981,0,1517157293.720006943,0.093005010,1517157294.144576073,17252,1517157293.921727896,101,1517157293.921727896,2752,1517157293.921727896
328,1517157294.123385906,161.065521240,63.163864136,2.645188808,0.027258252,-0.031367947,0.150661234,0.987711614,2289,1517157293.921727896,2372,1517157292.711467981,0,1517157293.921727896,0.091181538,1517157294.349567890,17356,1517157294.123385906,103,1517157294.123385906,2758,1517157294.123385906
329,1517157294.325105906,161.066787720,63.165161133,2.648632288,0.028497262,-0.031350437,0.150626142,0.987682551,2292,1517157294.123385906,2372,1517157292.711467981,0,1517157294.123385906,0.089054245,1517157294.544575930,17326,1517157294.325105906,100,1517157294.325105906,2737,1517157294.325105906
330,1517157294.526825905,161.069702148,63.165382385,2.648734570,0.028847266,-0.031152932,0.150531791,0.987693024,2281,1517157294.325105906,2372,1517157292.711467981,0,1517157294.325105906,0.086818133,1517157294.749567986,17308,1517157294.526825905,103,1517157294.526825905,2757,1517157294.526825905
331,1517157294.829406023,161.071838379,63.168167114,2.646677971,0.027832941,-0.031215652,0.150491882,0.987726229,2301,1517157294.526825905,2372,1517157292.711467981,0,1517157294.526825905,0.099007845,1517157295.054527998,17365,1517157294.829406023,95,1517157294.829406023,2779,1517157294.829406023
332,1517157295.131925106,161.111297607,63.185894012,2.639226198,0.025007423,-0.047589313,0.147618461,0.987582238,2311,1517157294.829406023,2372,1517157292.711467981,0,1517157294.829406023,1.110812468,1517157295.354527950,17321,1517157295.131925106,109,1517157295.131925106,2750,1517157295.131925106
333,1517157295.333645105,161.296066284,63.240955353,2.638240814,0.019325695,-0.050266458,0.140014202,0.988683885,2285,1517157295.131925106,2372,1517157292.711467981,0,1517157295.131925106,1.753290277,1517157295.669519901,17560,1517157295.333645105,127,1517157295.333645105,2842,1517157295.333645105
334,1517157295.535365105,161.577758789,63.316394806,2.659424543,0.023923551,-0.046149303,0.125299582,0.990756237,2386,1517157295.333645105,2372,1517157292.711467981,0,1517157295.333645105,1.844800007,1517157295.764528036,17933,1517157295.535365105,127,1517157295.535365105,3030,1517157295.535365105
335,1517157295.737085104,161.911407471,63.398323059,2.647809267,0.012802576,-0.042004524,0.105419521,0.993457819,2551,1517157295.535365105,2372,1517157292.711467981,0,1517157295.535365105,1.970457454,1517157295.959520102,18592,1517157295.737085104,139,1517157295.737085104,3284,1517157295.737085104
336,1517157295.938805103,162.272232056,63.460811615,2.650851488,0.013402356,-0.038735083,0.080769878,0.995889651,2776,1517157295.737085104,2372,1517157292.711467981,0,1517157295.737085104,1.941359314,1517157296.169456005,19623,1517157295.938805103,156,1517157295.938805103,3514,1517157295.938805103
337,1517157296.140465021,162.647186279,63.512912750,2.657066345,0.004972853,-0.037330752,0.055535927,0.997746183,2995,1517157295.938805103,2372,1517157292.711467981,0,1517157295.938805103,2.120964681,1517157296.369456053,20822,1517157296.140465021,182,1517157296.140465021,3906,1517157296.140465021
338,1517157296.342185020,163.036636353,63.549423218,2.668897152,0.001828147,-0.027678626,0.024703906,0.999309896,3320,1517157296.140465021,2372,1517157292.711467981,0,1517157296.140465021,2.012433172,1517157296.564464092,22690,1517157296.342185020,186,1517157296.342185020,4070,1517157296.342185020
339,1517157296.543905020,163.417556763,63.550163269,2.672873259,0.001914617,-0.016047622,0.005402977,0.999854797,3432,1517157296.342185020,2372,1517157292.711467981,0,1517157296.342185020,2.015984792,1517157296.774463892,26613,1517157296.543905020,169,1517157296.543905020,4254,1517157296.543905020
340,1517157296.745625019,163.795333862,63.536933899,2.667117596,0.004132820,-0.028644236,-0.010052422,0.999530578,3512,1517157296.543905020,2372,1517157292.711467981,0,1517157296.543905020,1.998316277,1517157297.074399948,28294,1517157296.745625019,170,1517157296.745625019,4246,1517157296.745625019
341,1517157296.947345018,164.172073364,63.514892578,2.670411587,0.004618888,-0.027635700,-0.030568010,0.999139895,3446,1517157296.745625019,2372,1517157292.711467981,0,1517157296.745625019,1.982357207,1517157297.169392109,28302,1517157296.947345018,156,1517157296.947345018,4053,1517157296.947345018
342,1517157297.149003029,164.547485352,63.480274200,2.682941914,0.002609790,-0.027629646,-0.060756852,0.997766705,3288,1517157296.947345018,2372,1517157292.711467981,0,1517157296.947345018,1.871086214,1517157297.369391918,28261,1517157297.149003029,128,1517157297.149003029,3729,1517157297.149003029
343,1517157297.350723028,164.908416748,63.414783478,2.678840876,0.010378747,-0.012321724,-0.084097588,0.996327282,2926,1517157297.149003029,2372,1517157292.711467981,0,1517157297.149003029,1.084302523,1517157297.574399948,26473,1517157297.350723028,118,1517157297.350723028,3244,1517157297.350723028
344,1517157297.552443027,165.165390015,63.369010925,2.665080547,0.023291188,0.039405955,-0.080393790,0.995711570,2468,1517157297.350723028,2372,1517157292.711467981,0,1517157297.350723028,0.182640393,1517157297.774399996,23013,1517157297.552443027,131,1517157297.552443027,2910,1517157297.552443027
345,1517157297.955883026,165.190887451,63.350715637,2.671989202,0.020046392,0.034204579,-0.082914094,0.995767765,2231,1517157297.552443027,2403,1517157297.653302908,0,1517157297.552443027,0.518834236,1517157298.184335947,22824,1517157297.955883026,111,1517157297.955883026,2817,1517157297.955883026
346,1517157298.157541990,165.096923828,63.361278534,2.666025400,0.017154614,0.024421198,-0.084475552,0.995978517,2143,1517157297.955883026,2403,1517157297.653302908,0,1517157297.955883026,1.586127835,1517157298.484335899,23718,1517157298.157541990,118,1517157298.157541990,3066,1517157298.157541990
347,1517157298.359261990,164.886764526,63.397399902,2.671091080,0.017692137,0.044078177,-0.090184539,0.994791863,2342,1517157298.157541990,2403,1517157297.653302908,0,1517157298.157541990,1.820552182,1517157298.589328051,27367,1517157298.359261990,110,1517157298.359261990,3442,1517157298.359261990
348,1517157298.661842108,164.385467529,63.485553741,2.675724268,0.017558095,0.026606948,-0.096291460,0.994842570,2648,1517157298.359261990,2403,1517157297.653302908,0,1517157298.359261990,2.105786480,1517157298.899327993,28206,1517157298.661842108,140,1517157298.661842108,3800,1517157298.661842108
349,1517157298.863562107,164.006103516,63.546211243,2.668360233,0.015762714,0.008868288,-0.101692958,0.994651413,2999,1517157298.661842108,2403,1517157297.653302908,0,1517157298.661842108,2.178363208,1517157299.089263916,28159,1517157298.863562107,166,1517157298.863562107,4049,1517157298.863562107
350,1517157299.065220118,163.603851318,63.621704102,2.671839476,0.013965309,-0.002564859,-0.107443609,0.994109784,3282,1517157298.863562107,2403,1517157297.653302908,0,1517157298.863562107,2.172021941,1517157299.399264097,28065,1517157299.065220118,160,1517157299.065220118,4174,1517157299.065220118
351,1517157299.367799997,163.018188477,63.740657806,2.664613962,0.008848607,-0.005406455,-0.114958053,0.993316223,3387,1517157299.065220118,2403,1517157297.653302908,0,1517157299.065220118,1.773050438,1517157299.589263916,19819,1517157299.367799997,171,1517157299.367799997,3923,1517157299.367799997
352,1517157299.569519997,162.637817383,63.774803162,2.653976202,-0.009638553,-0.032228768,-0.113597895,0.992957161,3331,1517157299.367799997,2403,1517157297.653302908,0,1517157299.367799997,0.917124451,1517157299.799263954,17463,1517157299.569519997,174,1517157299.569519997,3837,1517157299.569519997
353,1517157299.771239996,162.493240356,63.590850830,2.657596588,0.086884661,-0.031057865,-0.229542665,0.968915182,3303,1517157299.569519997,2403,1517157297.653302908,0,1517157299.569519997,0.175477786,1517157299.994271994,18723,1517157299.771239996,149,1517157299.771239996,3328,1517157299.771239996
354,1517157299.972959995,162.494262695,63.599552155,2.651125908,0.109025714,-0.030522645,-0.222217559,0.968401321,2836,1517157299.771239996,2403,1517157297.653302908,0,1517157299.771239996,0.119210474,1517157300.204207897,18865,1517157299.972959995,162,1517157299.972959995,3643,1517157299.972959995
355,1517157300.275480986,162.548034668,63.652053833,2.666972160,0.011412494,-0.013281992,-0.218861107,0.975598872,3116,1517157299.972959995,2403,1517157297.653302908,0,1517157299.972959995,0.376666862,1517157300.499200106,18605,1517157300.275480986,153,1517157300.275480986,3728,1517157300.275480986
356,1517157300.477200985,162.574172974,63.629524231,2.672492504,-0.002889374,-0.049230813,-0.236198384,0.970452627,3188,1517157300.275480986,2403,1517157297.653302908,0,1517157300.275480986,0.890008274,1517157300.704207897,18876,1517157300.477200985,176,1517157300.477200985,3874,1517157300.477200985
357,1517157300.678920984,162.695755005,63.531234741,2.661499739,-0.015019630,-0.044912880,-0.286461247,0.956920685,3291,1517157300.477200985,2403,1517157297.653302908,0,1517157300.477200985,1.358175464,1517157300.904207945,21119,1517157300.678920984,183,1517157300.678920984,4130,1517157300.678920984
358,1517157300.880640984,162.861953735,63.341384888,2.666205406,-0.015875098,-0.029454243,-0.379000809,0.924791228,3466,1517157300.678920984,2403,1517157297.653302908,0,1517157300.678920984,1.417257906,1517157301.104160070,28019,1517157300.880640984,212,1517157300.880640984,4294,1517157300.880640984
359,1517157301.082298040,163.035110474,63.103404999,2.669459343,-0.034714902,-0.007242435,-0.479057506,0.877066890,3526,1517157300.880640984,2403,1517157297.653302908,0,1517157300.880640984,1.589222800,1517157301.304160118,28088,1517157301.082298040,192,1517157301.082298040,4253,1517157301.082298040
360,1517157301.284018040,163.122955322,62.807701111,2.650945663,-0.024002675,-0.003293619,-0.578644834,0.815219712,3551,1517157301.082298040,2403,1517157297.653302908,0,1517157301.082298040,1.071760097,1517157301.514159918,27941,1517157301.284018040,201,1517157301.284018040,4057,1517157301.284018040
361,1517157301.485738039,163.171997070,62.549224854,2.652964354,0.033063569,0.015488466,-0.593367006,0.804103540,3359,1517157301.284018040,2403,1517157297.653302908,0,1517157301.284018040,0.257612822,1517157301.709151983,28142,1517157301.485738039,177,1517157301.485738039,4016,1517157301.485738039
362,1517157301.687458038,163.198333740,62.484455109,2.658606768,0.035876621,0.040823802,-0.593997292,0.802629118,3220,1517157301.485738039,2403,1517157297.653302908,0,1517157301.485738039,0.306197925,1517157302.009088039,28078,1517157301.687458038,170,1517157301.687458038,3911,1517157301.687458038
363,1517157301.889178038,163.195861816,62.446178436,2.656066179,0.011655601,0.000355390,-0.606566054,0.794947573,3123,1517157301.687458038,2403,1517157297.653302908,0,1517157301.687458038,0.158973225,1517157302.119087934,27644,1517157301.889178038,182,1517157301.889178038,4024,1517157301.889178038
364,1517157302.090837955,163.201828003,62.417884827,2.656627655,0.013144769,0.000801683,-0.607863631,0.793932226,3256,1517157301.889178038,2403,1517157297.653302908,0,1517157301.889178038,0.059174704,1517157302.314095974,27370,1517157302.090837955,171,1517157302.090837955,4020,1517157302.090837955
365,1517157302.292557955,163.201309204,62.420578003,2.655339956,0.011277610,0.000008103,-0.608056800,0.793813418,3255,1517157302.090837955,2403,1517157297.653302908,0,1517157302.090837955,0.065031821,1517157302.514096022,27260,1517157302.292557955,177,1517157302.292557955,4009,1517157302.292557955
366,1517157302.494278908,163.202987671,62.427463531,2.653933764,0.009152469,-0.002061752,-0.608043536,0.793848248,3243,1517157302.292557955,2403,1517157297.653302908,0,1517157302.292557955,0.068840073,1517157302.719088078,27374,1517157302.494278908,180,1517157302.494278908,4049,1517157302.494278908
367,1517157302.695998907,163.203338623,62.424896240,2.655194044,0.008573045,-0.002182566,-0.608045904,0.793852579,3282,1517157302.494278908,2403,1517157297.653302908,0,1517157302.494278908,0.050174565,1517157302.924096107,27331,1517157302.695998907,171,1517157302.695998907,4032,1517157302.695998907
368,1517157302.897718906,163.202209473,62.425369263,2.654366016,0.008482758,-0.002155297,-0.608028585,0.793866889,3276,1517157302.695998907,2410,1517157302.796859026,0,1517157302.695998907,0.043171486,1517157303.129024029,27425,1517157302.897718906,171,1517157302.897718906,4041,1517157302.897718906
369,1517157303.099376917,163.202331543,62.426177979,2.655206442,0.008477173,-0.002240951,-0.608075349,0.793830892,3287,1517157302.897718906,2410,1517157302.796859026,0,1517157302.897718906,0.035566307,1517157303.324032068,27387,1517157303.099376917,172,1517157303.099376917,4028,1517157303.099376917
370,1517157303.301096916,163.202362061,62.425025940,2.655141592,0.008378091,-0.002103577,-0.608035453,0.793862879,3275,1517157303.099376917,2410,1517157302.796859026,0,1517157303.099376917,0.030244910,1517157303.529023886,27375,1517157303.301096916,170,1517157303.301096916,4039,1517157303.301096916
371,1517157303.502816916,163.202789307,62.426151276,2.653365850,0.008468772,-0.002278679,-0.608153704,0.793770848,3274,1517157303.301096916,2410,1517157302.796859026,0,1517157303.301096916,0.026674586,1517157303.729023933,27425,1517157303.502816916,173,1517157303.502816916,4052,1517157303.502816916
372,1517157303.704536915,163.202880859,62.427021027,2.654017210,0.008484437,-0.002201756,-0.608154374,0.793770385,3289,1517157303.502816916,2410,1517157302.796859026,0,1517157303.502816916,0.024906408,1517157303.929023981,27401,1517157303.704536915,178,1517157303.704536915,4060,1517157303.704536915
373,1517157303.906256914,163.203018188,62.425479889,2.653738022,0.008434277,-0.002316958,-0.608071155,0.793834343,3300,1517157303.704536915,2410,1517157302.796859026,0,1517157303.704536915,0.023684674,1517157304.128959894,27389,1517157303.906256914,173,1517157303.906256914,4035,1517157303.906256914
374,1517157304.107914925,163.203125000,62.425853729,2.653471470,0.008282153,-0.002473716,-0.608147653,0.793776870,3275,1517157303.906256914,2410,1517157302.796859026,0,1517157303.906256914,0.022962698,1517157304.328959942,27427,1517157304.107914925,181,1517157304.107914925,4041,1517157304.107914925
375,1517157304.309634924,163.202774048,62.425930023,2.654452562,0.008499082,-0.002226811,-0.608092235,0.793817763,3281,1517157304.107914925,2410,1517157302.796859026,0,1517157304.107914925,0.022733630,1517157304.528959990,27454,1517157304.309634924,177,1517157304.309634924,4033,1517157304.309634924
376,1517157304.511354923,163.201553345,62.425144196,2.653547525,0.008458519,-0.002094416,-0.608055063,0.793847030,3271,1517157304.309634924,2410,1517157302.796859026,0,1517157304.309634924,0.049895542,1517157304.838959932,27376,1517157304.511354923,174,1517157304.511354923,4048,1517157304.511354923
377,1517157304.713076115,163.201019287,62.424842834,2.654155970,0.008233137,-0.002991513,-0.608071588,0.793833868,3290,1517157304.511354923,2410,1517157302.796859026,0,1517157304.511354923,0.118432074,1517157304.938960075,27378,1517157304.713076115,181,1517157304.713076115,4043,1517157304.713076115
378,1517157304.914796114,163.209152222,62.413402557,2.656226873,-0.000566218,-0.007886803,-0.608619769,0.793422620,3300,1517157304.713076115,2410,1517157302.796859026,0,1517157304.713076115,0.223602349,1517157305.138895988,27386,1517157304.914796114,173,1517157304.914796114,4082,1517157304.914796114
379,1517157305.116456032,163.226394653,62.379707336,2.656234741,-0.008326333,-0.010904608,-0.609305203,0.792817086,3317,1517157304.914796114,2410,1517157302.796859026,0,1517157304.914796114,0.411013652,1517157305.343904018,26991,1517157305.116456032,189,1517157305.116456032,4038,1517157305.116456032
380,1517157305.318176031,163.241622925,62.311298370,2.653655529,-0.007769686,-0.018131028,-0.609302026,0.792692840,3324,1517157305.116456032,2410,1517157302.796859026,0,1517157305.116456032,0.581232906,1517157305.543904066,26379,1517157305.318176031,213,1517157305.318176031,4072,1517157305.318176031
381,1517157305.519896030,163.268447876,62.207447052,2.655334711,-0.003055048,-0.020702590,-0.608496432,0.793280633,3351,1517157305.318176031,2410,1517157302.796859026,0,1517157305.318176031,0.726391292,1517157305.743904114,25859,1517157305.519896030,213,1517157305.519896030,4139,1517157305.519896030
382,1517157305.721616030,163.309860229,62.084182739,2.653507948,-0.012006030,-0.024238505,-0.609845543,0.792058561,3430,1517157305.519896030,2410,1517157302.796859026,0,1517157305.519896030,0.968398407,1517157305.943903923,25180,1517157305.721616030,226,1517157305.721616030,4042,1517157305.721616030
383,1517157305.923336029,163.367813110,61.901729584,2.646907806,-0.002837676,-0.033667631,-0.596923651,0.801586298,3410,1517157305.721616030,2410,1517157302.796859026,0,1517157305.721616030,1.281438060,1517157306.243855953,24377,1517157305.923336029,187,1517157305.923336029,3868,1517157305.923336029
384,1517157306.326721907,163.574996948,61.475742340,2.632489443,0.021748060,-0.032722505,-0.524974191,0.850210773,3306,1517157305.923336029,2410,1517157302.796859026,0,1517157305.923336029,1.033303521,1517157306.548847914,21360,1517157306.326721907,154,1517157306.326721907,2772,1517157306.326721907
385,1517157306.528441906,163.699645996,61.280838013,2.628011703,0.028449185,0.005234541,-0.504044579,0.863193087,2336,1517157306.326721907,2410,1517157302.796859026,0,1517157306.326721907,0.142667866,1517157306.753855944,20766,1517157306.528441906,111,1517157306.528441906,2439,1517157306.528441906
386,1517157306.730161905,163.748260498,61.208816528,2.627132416,0.034230581,0.039933190,-0.499976808,0.864440165,1990,1517157306.528441906,2410,1517157302.796859026,0,1517157306.528441906,0.161900883,1517157307.053776026,20728,1517157306.730161905,106,1517157306.730161905,2434,1517157306.730161905
387,1517157307.032672882,163.752792358,61.190807343,2.633438826,0.020850756,-0.004076451,-0.498040700,0.866893356,1964,1517157306.730161905,2410,1517157302.796859026,0,1517157306.730161905,0.256448657,1517157307.253776073,20718,1517157307.032672882,116,1517157307.032672882,2551,1517157307.032672882
388,1517157307.234392881,163.777511597,61.161933899,2.633993864,0.016258386,-0.012759802,-0.496640273,0.867710373,2102,1517157307.032672882,2410,1517157302.796859026,0,1517157307.032672882,0.308594531,1517157307.453775883,20881,1517157307.234392881,111,1517157307.234392881,2597,1517157307.234392881
389,1517157307.436113119,163.807861328,61.121353149,2.635797024,0.014102906,-0.015886157,-0.494956788,0.868657882,2122,1517157307.234392881,2410,1517157302.796859026,0,1517157307.234392881,0.412489406,1517157307.653775930,21130,1517157307.436113119,119,1517157307.436113119,2577,1517157307.436113119
390,1517157307.738692999,163.875595093,61.028594971,2.629242659,0.001764330,-0.027581531,-0.492357205,0.869954326,2120,1517157307.436113119,2410,1517157302.796859026,0,1517157307.436113119,0.719111717,1517157307.953775883,21903,1517157307.738692999,119,1517157307.738692999,2601,1517157307.738692999
391,1517157307.940412998,163.932632446,60.916549683,2.623923540,0.000130136,-0.029536517,-0.489758747,0.871357531,2084,1517157307.738692999,2410,1517157307.738692999,0,1517157307.738692999,0.976837190,1517157308.258719921,22974,1517157307.940412998,113,1517157307.940412998,2620,1517157307.940412998
392,1517157308.242930889,164.071212769,60.696815491,2.623613358,0.003706710,-0.033611156,-0.487387483,0.872530797,2067,1517157307.940412998,2410,1517157307.738692999,0,1517157307.940412998,1.159258861,1517157308.463727951,25471,1517157308.242930889,116,1517157308.242930889,2630,1517157308.242930889
393,1517157308.444650888,164.187683105,60.534191132,2.626028061,-0.008421567,-0.027594632,-0.491495053,0.870402336,2027,1517157308.242930889,2410,1517157307.738692999,0,1517157308.242930889,1.338195613,1517157308.663727999,27351,1517157308.444650888,105,1517157308.444650888,2639,1517157308.444650888
394,1517157308.646370888,164.308624268,60.323783875,2.623632908,0.000064261,-0.037022074,-0.490252930,0.870793561,2006,1517157308.444650888,2410,1517157307.738692999,0,1517157308.444650888,1.549037962,1517157308.863728046,28299,1517157308.646370888,90,1517157308.646370888,2655,1517157308.646370888
395,1517157308.848090887,164.461303711,60.083488464,2.622445822,-0.004338279,-0.036380239,-0.492324972,0.869640029,2007,1517157308.646370888,2410,1517157307.738692999,0,1517157308.646370888,1.724002978,1517157309.068655968,28321,1517157308.848090887,90,1517157308.848090887,2661,1517157308.848090887
396,1517157309.049751043,164.631332397,59.812320709,2.619947910,-0.003502440,-0.036615219,-0.490788033,0.870502249,1977,1517157308.848090887,2410,1517157307.738692999,0,1517157308.848090887,1.928891187,1517157309.268656015,28376,1517157309.049751043,86,1517157309.049751043,2673,1517157309.049751043
397,1517157309.251471043,164.833190918,59.497085571,2.616892815,-0.003019936,-0.036310431,-0.487470829,0.872378715,2001,1517157309.049751043,2410,1517157307.738692999,0,1517157309.049751043,2.091348542,1517157309.473664045,28327,1517157309.251471043,86,1517157309.251471043,2655,1517157309.251471043
398,1517157309.453191042,165.041305542,59.153381348,2.615287781,-0.005091288,-0.036193053,-0.493428644,0.869018018,1994,1517157309.251471043,2410,1517157307.738692999,0,1517157309.251471043,2.292069872,1517157309.673664093,28332,1517157309.453191042,75,1517157309.453191042,2704,1517157309.453191042
399,1517157309.654911041,165.259277344,58.751899719,2.613594770,-0.002294652,-0.037777075,-0.514237496,0.856812362,2045,1517157309.453191042,2410,1517157307.738692999,0,1517157309.453191042,2.484067596,1517157309.878655910,28208,1517157309.654911041,83,1517157309.654911041,2683,1517157309.654911041
400,1517157309.856631041,165.505767822,58.315067291,2.610809088,-0.001473641,-0.038918948,-0.507951569,0.860504705,2033,1517157309.654911041,2410,1517157307.738692999,0,1517157309.654911041,2.655390257,1517157310.073600054,28298,1517157309.856631041,86,1517157309.856631041,2732,1517157309.856631041
401,1517157310.058289051,165.772003174,57.848052979,2.604106903,-0.002228232,-0.035469160,-0.506392175,0.861570623,2066,1517157309.856631041,2410,1517157307.738692999,0,1517157309.856631041,2.879456885,1517157310.278592110,28361,1517157310.058289051,87,1517157310.058289051,2736,1517157310.058289051
402,1517157310.260009050,166.055526733,57.360927582,2.603216171,-0.003579249,-0.033760917,-0.504780263,0.862580011,2085,1517157310.058289051,2410,1517157307.738692999,0,1517157310.058289051,3.005761535,1517157310.478591919,28299,1517157310.260009050,76,1517157310.260009050,2712,1517157310.260009050
403,1517157310.461729050,166.348022461,56.849700928,2.591831207,-0.008555250,-0.033207686,-0.511773424,0.858435798,2043,1517157310.260009050,2410,1517157307.738692999,0,1517157310.260009050,3.129286965,1517157310.683599949,28333,1517157310.461729050,90,1517157310.461729050,2772,1517157310.461729050
404,1517157310.663449049,166.615112305,56.294475555,2.577821970,-0.014790287,-0.021570363,-0.553731198,0.832284643,2118,1517157310.461729050,2410,1517157307.738692999,0,1517157310.461729050,3.258123881,1517157310.883599997,28275,1517157310.663449049,91,1517157310.663449049,2701,1517157310.663449049
405,1517157310.865169048,166.841201782,55.720397949,2.569975376,-0.000892436,-0.024417468,-0.571022066,0.820571015,2096,1517157310.663449049,2410,1517157307.738692999,0,1517157310.663449049,3.347136505,1517157311.088527918,27975,1517157310.865169048,88,1517157310.865169048,2774,1517157310.865169048
406,1517157311.066828012,167.129257202,55.173934937,2.556697369,0.021155025,-0.033654779,-0.502629992,0.863587235,2143,1517157310.865169048,2410,1517157307.738692999,0,1517157310.865169048,3.391069036,1517157311.288527966,28295,1517157311.066828012,75,1517157311.066828012,2832,1517157311.066828012
407,1517157311.268548965,167.444747925,54.587642670,2.552881002,0.002065855,-0.028577211,-0.518523150,0.854583418,2186,1517157311.066828012,2410,1517157307.738692999,0,1517157311.066828012,3.435225452,1517157311.488528013,28185,1517157311.268548965,75,1517157311.268548965,2818,1517157311.268548965
408,1517157311.470268965,167.735198975,54.001041412,2.544065952,-0.012944749,-0.022182716,-0.545139879,0.837951594,2189,1517157311.268548965,2410,1517157307.738692999,0,1517157311.268548965,3.366984989,1517157311.688528061,28317,1517157311.470268965,81,1517157311.470268965,3165,1517157311.470268965
409,1517157311.772849083,168.094329834,53.112636566,2.529484510,-0.001151210,-0.013287540,-0.565053664,0.824946345,2404,1517157311.470268965,2410,1517157307.738692999,0,1517157311.470268965,2.895240614,1517157311.993535995,28045,1517157311.772849083,86,1517157311.772849083,3170,1517157311.772849083
410,1517157311.974569082,168.333969116,52.591274261,2.512938023,0.037282562,-0.010853823,-0.518381635,0.854267338,2500,1517157311.772849083,2410,1517157307.738692999,0,1517157311.772849083,2.430500858,1517157312.198463917,28079,1517157311.974569082,83,1517157311.974569082,3496,1517157311.974569082
411,1517157312.176229000,168.643783569,52.191757202,2.520860910,0.051639396,-0.010914310,-0.419067003,0.906419935,2755,1517157311.974569082,2410,1517157307.738692999,0,1517157311.974569082,2.200825733,1517157312.403471947,28243,1517157312.176229000,90,1517157312.176229000,3654,1517157312.176229000
412,1517157312.377948999,168.966110229,51.891391754,2.521817923,0.043463328,-0.011722901,-0.349249631,0.935947759,2871,1517157312.176229000,2410,1517157307.738692999,0,1517157312.176229000,2.186777411,1517157312.598464012,27965,1517157312.377948999,88,1517157312.377948999,3587,1517157312.377948999
413,1517157312.579668999,169.326965332,51.605735779,2.525248766,0.017611621,-0.020789892,-0.337978513,0.940759340,2795,1517157312.377948999,2410,1517157307.738692999,0,1517157312.377948999,2.192543567,1517157312.803472042,28228,1517157312.579668999,85,1517157312.579668999,3519,1517157312.579668999
414,1517157312.781388998,169.661346436,51.348789215,2.529449701,0.010848906,-0.028357952,-0.331017292,0.943136088,2712,1517157312.579668999,2410,1517157307.738692999,0,1517157312.579668999,2.235068914,1517157313.003407955,28086,1517157312.781388998,73,1517157312.781388998,3480,1517157312.781388998
415,1517157312.983108997,169.991607666,51.108470917,2.529476643,0.007148928,-0.028537277,-0.320014931,0.946955627,2668,1517157312.781388998,2459,1517157312.781388998,0,1517157312.781388998,2.253883669,1517157313.213407993,28171,1517157312.983108997,82,1517157312.983108997,3410,1517157312.983108997
416,1517157313.184766054,170.367401123,50.839618683,2.526438951,0.008670352,-0.028818559,-0.311660688,0.949716764,2641,1517157312.983108997,2459,1517157312.781388998,0,1517157312.983108997,2.341299706,1517157313.408400059,28124,1517157313.184766054,86,1517157313.184766054,3263,1517157313.184766054
417,1517157313.386487007,170.748092651,50.588630676,2.525566101,0.005726257,-0.032511845,-0.296237655,0.954543578,2535,1517157313.184766054,2459,1517157312.781388998,0,1517157313.184766054,2.383423941,1517157313.613408089,28312,1517157313.386487007,73,1517157313.386487007,3191,1517157313.386487007
418,1517157313.588207006,171.139526367,50.337245941,2.521878481,0.007550015,-0.034138857,-0.292361955,0.955668365,2460,1517157313.386487007,2459,1517157312.781388998,0,1517157313.386487007,2.435147931,1517157313.813407898,28282,1517157313.588207006,75,1517157313.588207006,3048,1517157313.588207006
419,1517157313.789927006,171.508453369,50.109561920,2.521023512,0.007945385,-0.032829370,-0.281771443,0.958886832,2345,1517157313.588207006,2459,1517157312.781388998,0,1517157313.588207006,2.494085038,1517157314.013344049,28215,1517157313.789927006,70,1517157313.789927006,2970,1517157313.789927006
420,1517157313.991647005,171.931274414,49.875549316,2.525191545,0.005489981,-0.035044076,-0.264072837,0.963850253,2286,1517157313.789927006,2459,1517157312.781388998,0,1517157313.789927006,2.579048011,1517157314.213344097,28257,1517157313.991647005,64,1517157313.991647005,2950,1517157313.991647005
421,1517157314.193305969,172.397460938,49.622943878,2.522916079,0.007943730,-0.036096970,-0.249293819,0.967722325,2246,1517157313.991647005,2459,1517157312.781388998,1,1517157313.991647005,2.714752942,1517157314.418335915,28193,1517157314.193305969,55,1517157314.193305969,2877,1517157314.193305969
422,1517157314.395025969,172.875289917,49.384357452,2.524696350,0.011103236,-0.035574513,-0.230830110,0.972280120,2183,1517157314.193305969,2459,1517157312.781388998,0,1517157314.193305969,2.805899507,1517157314.718336105,28274,1517157314.395025969,55,1517157314.395025969,2841,1517157314.395025969
423,1517157314.697606087,173.618850708,49.065441132,2.528807878,0.002811644,-0.037890566,-0.210119982,0.976937047,2147,1517157314.395025969,2459,1517157312.781388998,1,1517157314.395025969,2.877805526,1517157314.928335905,28298,1517157314.697606087,50,1517157314.697606087,2903,1517157314.697606087
424,1517157314.899326086,174.142456055,48.822940826,2.526923418,0.001989129,-0.036995164,-0.222581970,0.974209766,2155,1517157314.697606087,2459,1517157312.781388998,1,1517157314.697606087,2.991777469,1517157315.118288040,28132,1517157314.899326086,55,1517157314.899326086,2904,1517157314.899326086
425,1517157315.201844931,174.939254761,48.457836151,2.533402920,0.004431085,-0.036837878,-0.225126128,0.973622906,2135,1517157314.899326086,2459,1517157312.781388998,1,1517157314.899326086,3.052441202,1517157315.423295975,28262,1517157315.201844931,53,1517157315.201844931,2879,1517157315.201844931
426,1517157315.403564930,175.499954224,48.195243835,2.530406713,0.003819407,-0.036040196,-0.225747985,0.973511358,2139,1517157315.201844931,2459,1517157312.781388998,1,1517157315.201844931,3.110693936,1517157315.628288031,28303,1517157315.403564930,53,1517157315.403564930,2922,1517157315.403564930
427,1517157315.605285883,176.056991577,47.934265137,2.542617798,0.003460339,-0.039287444,-0.226331063,0.973251649,2184,1517157315.403564930,2459,1517157312.781388998,1,1517157315.403564930,3.173628705,1517157315.823296070,28320,1517157315.605285883,52,1517157315.605285883,2895,1517157315.605285883
428,1517157315.807005882,176.626052856,47.671466827,2.537916422,0.005527061,-0.041806367,-0.228255952,0.972687462,2177,1517157315.605285883,2459,1517157312.781388998,1,1517157315.605285883,3.234094775,1517157316.233232021,28265,1517157315.807005882,42,1517157315.807005882,2914,1517157315.807005882
429,1517157316.008663893,177.213638306,47.391540527,2.545623779,0.006826184,-0.039723004,-0.227958571,0.972836253,2196,1517157315.807005882,2459,1517157312.781388998,1,1517157315.807005882,3.229900627,1517157316.333231926,28351,1517157316.008663893,48,1517157316.008663893,2939,1517157316.008663893
430,1517157316.210383892,177.795623779,47.121623993,2.552936554,0.005393524,-0.041550581,-0.226342018,0.973146315,2224,1517157316.008663893,2459,1517157312.781388998,1,1517157316.008663893,3.259116595,1517157316.433232069,28240,1517157316.210383892,41,1517157316.210383892,3095,1517157316.210383892
431,1517157316.412103891,178.378753662,46.849948883,2.564127207,0.002397799,-0.043688813,-0.225113338,0.973349641,2317,1517157316.210383892,2459,1517157312.781388998,1,1517157316.210383892,3.277019933,1517157316.633232117,28272,1517157316.412103891,33,1517157316.412103891,3099,1517157316.412103891
432,1517157316.613823891,178.977508545,46.569274902,2.574506044,0.003568773,-0.046119188,-0.225765297,0.973082892,2314,1517157316.412103891,2459,1517157312.781388998,1,1517157316.412103891,3.288891783,1517157316.833231926,28269,1517157316.613823891,33,1517157316.613823891,3161,1517157316.613823891
433,1517157316.815543890,179.566390991,46.296619415,2.589320421,0.003631018,-0.049317027,-0.225468473,0.972994663,2326,1517157316.613823891,2459,1517157312.781388998,1,1517157316.613823891,3.321806471,1517157317.038160086,28282,1517157316.815543890,35,1517157316.815543890,3120,1517157316.815543890
434,1517157317.017204046,180.161331177,46.019821167,2.599478483,0.004510632,-0.042864222,-0.226697291,0.973011126,2308,1517157316.815543890,2459,1517157312.781388998,1,1517157316.815543890,3.347097451,1517157317.238159895,28279,1517157316.916404009,38,1517157317.017204046,3137,1517157317.017204046
435,1517157317.218924046,180.773406982,45.729248047,2.613834620,0.000590976,-0.043296844,-0.229419636,0.972363957,2352,1517157317.017204046,2459,1517157312.781388998,1,1517157317.017204046,3.408914249,1517157317.543168068,28317,1517157317.218924046,34,1517157317.218924046,3123,1517157317.218924046
436,1517157317.521503925,181.683609009,45.292915344,2.624696255,0.004492471,-0.037755399,-0.230841962,0.972248084,2370,1517157317.218924046,2459,1517157312.781388998,1,1517157317.218924046,3.433581962,1517157317.743168116,28345,1517157317.521503925,44,1517157317.521503925,3073,1517157317.521503925
437,1517157317.723225117,182.311508179,44.991168976,2.628589392,0.002284823,-0.038178560,-0.230977691,0.972207017,2356,1517157317.521503925,2459,1517157312.781388998,1,1517157317.521503925,3.456106417,1517157317.943167925,28273,1517157317.723225117,43,1517157317.723225117,3047,1517157317.723225117
438,1517157318.025743008,183.237350464,44.547252655,2.643438339,0.002909787,-0.041417606,-0.228715574,0.972607475,2330,1517157317.723225117,2763,1517157317.723225117,1,1517157317.723225117,3.495201167,1517157318.348095894,28331,1517157317.924945116,36,1517157318.025743008,3067,1517157318.025743008
439,1517157318.328322887,184.200958252,44.095962524,2.650144577,0.003115157,-0.036928976,-0.227191182,0.973144754,2341,1517157318.025743008,2763,1517157317.723225117,1,1517157318.025743008,3.471382302,1517157318.653104067,28308,1517157318.328322887,36,1517157318.328322887,3180,1517157318.328322887
440,1517157318.530042887,184.826187134,43.795070648,2.664838076,0.002652397,-0.038367831,-0.228929119,0.972683059,2401,1517157318.328322887,2763,1517157317.723225117,1,1517157318.328322887,3.445308594,1517157318.753103971,28209,1517157318.530042887,47,1517157318.530042887,3163,1517157318.530042887
441,1517157318.731762886,185.447952271,43.498039246,2.668337345,0.003708966,-0.036478614,-0.226887212,0.973230572,2413,1517157318.530042887,2763,1517157317.723225117,1,1517157318.530042887,3.347519237,1517157318.953104019,28266,1517157318.731762886,35,1517157318.731762886,3250,1517157318.731762886
442,1517157318.933482885,186.077941895,43.207233429,2.679845095,0.003775047,-0.038443539,-0.228217205,0.972843642,2427,1517157318.731762886,2763,1517157317.723225117,1,1517157318.731762886,3.264123584,1517157319.258032084,28262,1517157318.933482885,37,1517157318.933482885,3226,1517157318.933482885
443,1517157319.135140896,186.679031372,42.927524567,2.689696074,0.001890172,-0.038784202,-0.227706114,0.972955363,2415,1517157318.933482885,2763,1517157317.723225117,1,1517157318.933482885,3.265212606,1517157319.358031988,28343,1517157319.135140896,37,1517157319.135140896,3237,1517157319.135140896
444,1517157319.336860895,187.269271851,42.651115417,2.701747179,0.001975625,-0.033660220,-0.227979402,0.973081949,2430,1517157319.135140896,2763,1517157317.723225117,1,1517157319.135140896,3.166447435,1517157319.558032036,28274,1517157319.336860895,34,1517157319.336860895,3124,1517157319.336860895
445,1517157319.538580894,187.860443115,42.369876862,2.714587927,0.003238520,-0.032015574,-0.227652782,0.973210525,2391,1517157319.336860895,2763,1517157317.723225117,1,1517157319.336860895,3.109863878,1517157319.763040066,28323,1517157319.538580894,38,1517157319.538580894,3120,1517157319.538580894
446,1517157319.740300894,188.423919678,42.106399536,2.724049568,0.006850055,-0.036031035,-0.226832346,0.973242995,2396,1517157319.538580894,2763,1517157317.723225117,1,1517157319.538580894,3.056293889,1517157319.968031883,28272,1517157319.740300894,41,1517157319.740300894,3064,1517157319.740300894
447,1517157320.042820930,189.246337891,41.716899872,2.738973618,0.005735482,-0.036978637,-0.224220494,0.973819724,2355,1517157319.740300894,2763,1517157317.723225117,1,1517157319.740300894,2.962377943,1517157320.262975931,28249,1517157320.042820930,36,1517157320.042820930,3132,1517157320.042820930
448,1517157320.244540930,189.801864624,41.458580017,2.757269859,0.004572848,-0.037828150,-0.223981107,0.973848337,2407,1517157320.042820930,2763,1517157317.723225117,1,1517157320.042820930,2.842544565,1517157320.467967987,27808,1517157320.244540930,32,1517157320.244540930,3219,1517157320.244540930
449,1517157320.446260929,190.321243286,41.198589325,2.773092031,-0.017223014,-0.029081309,-0.267529171,0.962956794,2450,1517157320.244540930,2763,1517157317.723225117,1,1517157320.244540930,2.801508471,1517157320.767967939,27494,1517157320.446260929,42,1517157320.446260929,3184,1517157320.446260929
450,1517157320.748841047,191.041519165,40.739727020,2.769965410,0.000066833,-0.034082109,-0.284684195,0.958015300,2431,1517157320.446260929,2763,1517157317.723225117,1,1517157320.446260929,2.798846440,1517157321.072911978,28153,1517157320.748841047,38,1517157320.748841047,3215,1517157320.748841047
451,1517157321.051358938,191.750366211,40.304691315,2.795745850,0.001881009,-0.035669269,-0.282637809,0.958561440,2418,1517157320.748841047,2763,1517157317.723225117,1,1517157320.748841047,2.833547397,1517157321.372911930,28371,1517157321.051358938,39,1517157321.051358938,3237,1517157321.051358938
452,1517157321.353939056,192.478012085,39.858020782,2.800425529,0.000802615,-0.036509188,-0.281845740,0.958764525,2457,1517157321.051358938,2763,1517157317.723225117,1,1517157321.051358938,2.846579243,1517157321.577903986,28375,1517157321.353939056,37,1517157321.353939056,3255,1517157321.353939056
453,1517157321.555659056,192.958251953,39.562599182,2.803690672,0.002970153,-0.037568339,-0.280833286,0.959016404,2468,1517157321.353939056,2763,1517157317.723225117,1,1517157321.353939056,2.818405311,1517157321.777904034,28381,1517157321.555659056,35,1517157321.555659056,3217,1517157321.555659056
454,1517157321.757379055,193.438781738,39.263523102,2.819436312,0.004986372,-0.036167595,-0.280692038,0.959103238,2419,1517157321.555659056,2763,1517157317.723225117,1,1517157321.555659056,2.808873970,1517157321.977904081,28168,1517157321.757379055,30,1517157321.757379055,3244,1517157321.757379055
455,1517157321.959099054,193.930114746,38.961563110,2.812074900,0.005708035,-0.035872555,-0.280119502,0.959277667,2435,1517157321.757379055,2763,1517157317.723225117,1,1517157321.757379055,2.819726628,1517157322.182863951,28238,1517157321.959099054,33,1517157321.959099054,3238,1517157321.959099054
456,1517157322.160758972,194.406005859,38.668220520,2.813221216,0.007502858,-0.034663550,-0.280102713,0.959314659,2434,1517157321.959099054,2763,1517157317.723225117,1,1517157321.959099054,2.812992798,1517157322.482863903,28325,1517157322.160758972,35,1517157322.160758972,3245,1517157322.160758972
457,1517157322.362478971,194.884201050,38.379142761,2.818641186,0.014795362,-0.035369347,-0.273383256,0.961140834,2452,1517157322.160758972,2763,1517157317.723225117,1,1517157322.160758972,2.793587542,1517157322.582864046,28178,1517157322.362478971,40,1517157322.362478971,3243,1517157322.362478971
458,1517157322.564198971,195.392944336,38.120933533,2.824806929,0.021950898,-0.037390712,-0.234320277,0.971192103,2465,1517157322.362478971,2763,1517157317.723225117,1,1517157322.362478971,2.782057978,1517157322.782864094,28357,1517157322.564198971,42,1517157322.564198971,3149,1517157322.564198971
459,1517157322.765918970,195.888046265,37.875202179,2.831065655,0.011862550,-0.038757018,-0.231800249,0.971918627,2421,1517157322.564198971,2763,1517157317.723225117,1,1517157322.564198971,2.720384665,1517157322.987855911,28362,1517157322.765918970,43,1517157322.765918970,3076,1517157322.765918970
460,1517157322.967638969,196.378952026,37.631900787,2.840164423,0.011300882,-0.036534949,-0.243916808,0.969041835,2355,1517157322.765918970,2923,1517157322.765918970,1,1517157322.765918970,2.655170248,1517157323.187792063,28253,1517157322.967638969,44,1517157322.967638969,3153,1517157322.967638969
461,1517157323.169296980,196.864883423,37.384193420,2.855158806,0.008156610,-0.039017751,-0.240327108,0.969873170,2413,1517157322.967638969,2923,1517157322.765918970,1,1517157322.967638969,2.553946291,1517157323.387792110,28254,1517157323.169296980,47,1517157323.169296980,3117,1517157323.169296980
462,1517157323.471877098,197.554092407,37.042900085,2.856064558,0.006748271,-0.032326778,-0.239613112,0.970306651,2399,1517157323.169296980,2923,1517157322.765918970,1,1517157323.169296980,2.436503794,1517157323.692800045,28291,1517157323.471877098,47,1517157323.471877098,3117,1517157323.471877098
463,1517157323.673597097,198.008560181,36.817638397,2.862344980,0.009970680,-0.030507040,-0.239368124,0.970398272,2395,1517157323.471877098,2923,1517157322.765918970,1,1517157323.471877098,2.375850517,1517157323.897792101,28315,1517157323.673597097,45,1517157323.673597097,3098,1517157323.673597097
464,1517157323.976176977,198.639663696,36.500995636,2.877053976,0.007064956,-0.034717991,-0.237006152,0.970861901,2383,1517157323.673597097,2923,1517157322.765918970,1,1517157323.673597097,2.372969943,1517157324.197727919,28222,1517157323.976176977,59,1517157323.976176977,3092,1517157323.976176977
465,1517157324.177835941,199.075515747,36.296630859,2.888255835,0.013774633,-0.041778593,-0.228672418,0.972508989,2393,1517157323.976176977,2923,1517157322.765918970,1,1517157323.976176977,2.402897940,1517157324.397727966,28148,1517157324.177835941,60,1517157324.177835941,3076,1517157324.177835941
466,1517157324.379556894,199.506866455,36.112426758,2.893831730,0.009593322,-0.042981735,-0.204037096,0.977972087,2376,1517157324.177835941,2923,1517157322.765918970,1,1517157324.177835941,2.440708520,1517157324.602735996,28250,1517157324.379556894,60,1517157324.379556894,3222,1517157324.379556894
467,1517157324.581276894,199.956268311,35.937114716,2.904837132,0.006987831,-0.040473562,-0.198496610,0.979240602,2468,1517157324.379556894,2923,1517157322.765918970,1,1517157324.379556894,2.562061926,1517157324.902735949,28307,1517157324.581276894,50,1517157324.581276894,3172,1517157324.581276894
468,1517157324.883857012,200.659240723,35.652145386,2.921886206,0.003173533,-0.044889910,-0.203803672,0.977976936,2415,1517157324.581276894,2923,1517157322.765918970,1,1517157324.581276894,2.659553358,1517157325.102672100,28175,1517157324.883857012,49,1517157324.883857012,3194,1517157324.883857012
469,1517157325.085515976,201.139022827,35.458267212,2.927710772,0.001941716,-0.046786908,-0.202372502,0.978188420,2418,1517157324.883857012,2923,1517157322.765918970,1,1517157324.883857012,2.801954375,1517157325.307663918,28343,1517157325.085515976,39,1517157325.085515976,3185,1517157325.085515976
470,1517157325.287235975,201.642501831,35.255336761,2.944910526,0.000981280,-0.044540030,-0.200989744,0.978579759,2409,1517157325.085515976,2923,1517157322.765918970,0,1517157325.085515976,2.947631187,1517157325.512671947,28241,1517157325.287235975,56,1517157325.287235975,3202,1517157325.287235975
471,1517157325.488955975,202.164840698,35.047080994,2.948453665,0.000699179,-0.042145429,-0.200059100,0.978876719,2435,1517157325.287235975,3027,1517157325.287235975,1,1517157325.287235975,3.087395469,1517157325.707664013,28229,1517157325.488955975,49,1517157325.488955975,3209,1517157325.488955975
472,1517157325.690675974,202.729537964,34.830982208,2.940975904,-0.001331879,-0.041414670,-0.201644690,0.978581867,2422,1517157325.488955975,3027,1517157325.287235975,1,1517157325.488955975,3.097906249,1517157325.912672043,27955,1517157325.690675974,48,1517157325.690675974,3206,1517157325.690675974
473,1517157325.892395973,203.271621704,34.565082550,2.981204748,-0.021655575,-0.046123608,-0.263751316,0.963243942,2424,1517157325.690675974,3027,1517157325.287235975,1,1517157325.690675974,3.174697929,1517157326.122607946,28111,1517157325.892395973,58,1517157325.892395973,3236,1517157325.892395973
474,1517157326.094054937,203.832260132,34.226608276,2.967524052,0.001175098,-0.017329869,-0.286024437,0.958064881,2454,1517157325.892395973,3027,1517157325.287235975,0,1517157325.892395973,3.268985476,1517157326.312608004,27949,1517157326.094054937,52,1517157326.094054937,3230,1517157326.094054937
475,1517157326.295774937,204.412673950,33.887329102,2.966148376,-0.000326641,-0.029443076,-0.269506348,0.962548350,2426,1517157326.094054937,3027,1517157325.287235975,1,1517157326.094054937,3.396977815,1517157326.517600060,28346,1517157326.295774937,57,1517157326.295774937,3215,1517157326.295774937
476,1517157326.497495890,204.984420776,33.546669006,2.963417053,-0.003074466,-0.038394740,-0.279009304,0.959515607,2447,1517157326.295774937,3027,1517157325.287235975,0,1517157326.295774937,3.504042842,1517157326.717600107,28299,1517157326.497495890,60,1517157326.497495890,3194,1517157326.497495890
477,1517157326.699215889,205.604614258,33.164073944,2.965098619,0.005621551,-0.045300543,-0.279375480,0.959096241,2417,1517157326.497495890,3027,1517157325.287235975,1,1517157326.497495890,3.541314636,1517157326.952608109,28254,1517157326.699215889,56,1517157326.699215889,3201,1517157326.699215889
478,1517157326.900935888,206.219055176,32.821949005,2.975030899,0.031139230,-0.049769725,-0.236052277,0.969965280,2407,1517157326.699215889,3027,1517157325.287235975,0,1517157326.699215889,3.487429083,1517157327.227551937,28176,1517157326.900935888,63,1517157326.900935888,3109,1517157326.900935888
479,1517157327.203461885,207.224243164,32.389221191,3.000923872,0.016437353,-0.043329626,-0.197204761,0.979266378,2338,1517157326.900935888,3027,1517157325.287235975,0,1517157326.900935888,3.489485942,1517157327.422559977,28241,1517157327.203461885,65,1517157327.203461885,3172,1517157327.203461885
480,1517157327.405181885,207.873840332,32.097969055,3.017098188,0.006327585,-0.038664644,-0.238783465,0.970282157,2410,1517157327.203461885,3027,1517157325.287235975,1,1517157327.203461885,3.430404219,1517157327.622560024,28020,1517157327.405181885,58,1517157327.405181885,3134,1517157327.405181885
481,1517157327.606901884,208.582168579,31.766761780,3.021820068,0.011765280,-0.035319778,-0.229877247,0.972507349,2407,1517157327.405181885,3027,1517157325.287235975,1,1517157327.405181885,3.355706880,1517157327.832560062,28017,1517157327.606901884,69,1517157327.606901884,3098,1517157327.606901884
482,1517157327.808621883,209.230895996,31.464477539,3.030580044,0.010019115,-0.030948519,-0.224412499,0.973951147,2393,1517157327.606901884,3027,1517157325.287235975,0,1517157327.606901884,3.337185880,1517157328.032480001,28263,1517157327.808621883,51,1517157327.808621883,3067,1517157327.808621883
483,1517157328.010270119,209.916259766,31.143138885,3.035547972,0.007877998,-0.030953765,-0.229818037,0.972709346,2357,1517157327.808621883,3027,1517157325.287235975,0,1517157327.808621883,3.268447863,1517157328.227472067,28313,1517157328.010270119,53,1517157328.010270119,3078,1517157328.010270119
484,1517157328.211990118,210.543334961,30.844373703,3.045249224,0.008574389,-0.030920860,-0.228026549,0.973126031,2360,1517157328.010270119,3027,1517157325.287235975,1,1517157328.010270119,3.163591744,1517157328.432480097,28301,1517157328.211990118,46,1517157328.211990118,3095,1517157328.211990118
485,1517157328.413710117,211.140945435,30.563413620,3.057865143,0.010757196,-0.030980051,-0.224999962,0.973806724,2377,1517157328.211990118,3027,1517157325.287235975,1,1517157328.211990118,3.046410290,1517157328.632479906,28238,1517157328.413710117,48,1517157328.413710117,3078,1517157328.413710117
486,1517157328.615430117,211.705200195,30.302297592,3.057458401,0.010101026,-0.035161187,-0.223318650,0.974058746,2370,1517157328.413710117,3027,1517157325.287235975,1,1517157328.413710117,2.931169853,1517157328.832479954,28224,1517157328.615430117,37,1517157328.615430117,3215,1517157328.615430117
487,1517157328.817151070,212.251495361,30.052869797,3.087484360,0.009020506,-0.033384357,-0.222013424,0.974430169,2446,1517157328.615430117,3027,1517157325.287235975,1,1517157328.615430117,2.833793289,1517157329.037424088,28275,1517157328.817151070,45,1517157328.817151070,3202,1517157328.817151070
488,1517157329.018811941,212.792205811,29.806182861,3.105122328,0.011459472,-0.033079597,-0.220696952,0.974713946,2437,1517157328.817151070,3027,1517157325.287235975,1,1517157328.817151070,2.765112132,1517157329.237423897,28206,1517157329.018811941,44,1517157329.018811941,3237,1517157329.018811941
489,1517157329.220531940,213.305877686,29.571802139,3.104644060,0.010451779,-0.028611219,-0.220504583,0.974910194,2443,1517157329.018811941,3027,1517157325.287235975,1,1517157329.018811941,2.648416401,1517157329.542432070,28255,1517157329.220531940,43,1517157329.220531940,3266,1517157329.220531940
490,1517157329.422251940,213.807586670,29.340566635,3.125471115,0.002485559,-0.027283081,-0.229145281,0.973006627,2437,1517157329.220531940,3027,1517157325.287235975,1,1517157329.220531940,2.679087588,1517157329.642431974,28303,1517157329.422251940,40,1517157329.422251940,3498,1517157329.422251940
491,1517157329.623971939,214.293029785,29.072723389,3.113534927,-0.001651128,-0.027959291,-0.267923048,0.963033121,2564,1517157329.422251940,3027,1517157325.287235975,1,1517157329.422251940,2.665475806,1517157329.847424030,28100,1517157329.623971939,37,1517157329.623971939,3208,1517157329.623971939
492,1517157329.825691938,214.762573242,28.810207367,3.124845266,0.004435192,-0.028189743,-0.261647118,0.964741651,2414,1517157329.623971939,3027,1517157325.287235975,1,1517157329.623971939,2.634176670,1517157330.042367935,28180,1517157329.825691938,37,1517157329.825691938,3203,1517157329.825691938
493,1517157330.027352095,215.234130859,28.549009323,3.127407074,0.002302463,-0.028677355,-0.257772701,0.965777170,2411,1517157329.825691938,3027,1517157325.287235975,1,1517157329.825691938,2.640180108,1517157330.247359991,28271,1517157330.027352095,40,1517157330.027352095,3211,1517157330.027352095
494,1517157330.229072094,215.716201782,28.289888382,3.146249294,0.001604316,-0.037182788,-0.258557639,0.965278620,2441,1517157330.027352095,3027,1517157325.287235975,1,1517157330.027352095,2.707359107,1517157330.447360039,28226,1517157330.229072094,46,1517157330.229072094,3189,1517157330.229072094
495,1517157330.430792093,216.190704346,28.031717300,3.155090094,0.000502266,-0.042830744,-0.257861281,0.965232011,2417,1517157330.229072094,3189,1517157330.329931974,1,1517157330.229072094,2.788229663,1517157330.647360086,28242,1517157330.430792093,38,1517157330.430792093,3195,1517157330.430792093
496,1517157330.632512093,216.688964844,27.759902954,3.162435770,-0.000804616,-0.048240799,-0.258558227,0.964790040,2415,1517157330.430792093,3189,1517157330.329931974,1,1517157330.430792093,2.961754283,1517157330.952368021,28226,1517157330.632512093,41,1517157330.632512093,3175,1517157330.632512093
497,1517157330.834232092,217.194412231,27.485527039,3.178720236,0.006184354,-0.047162148,-0.260727080,0.964240051,2392,1517157330.632512093,3189,1517157330.329931974,1,1517157330.632512093,3.022133738,1517157331.052304029,28211,1517157330.834232092,41,1517157330.834232092,3206,1517157330.834232092
498,1517157331.035887957,217.721267700,27.197156906,3.180303574,0.004352227,-0.041657408,-0.256991825,0.965505526,2423,1517157330.834232092,3189,1517157330.329931974,1,1517157330.834232092,2.750733130,1517157331.252304077,28239,1517157331.035887957,38,1517157331.035887957,3183,1517157331.035887957
499,1517157331.237607956,218.284957886,26.936532974,3.213301659,-0.028786124,-0.057094545,-0.266326374,0.961759759,2399,1517157331.035887957,3189,1517157330.329931974,1,1517157331.035887957,3.294472774,1517157331.457295895,28311,1517157331.237607956,46,1517157331.237607956,3279,1517157331.237607956
500,1517157331.439327955,218.469680786,26.833255768,3.284547806,-0.089122240,-0.011586644,-0.313712414,0.945255255,2483,1517157331.237607956,3189,1517157330.329931974,1,1517157331.237607956,2.832829775,1517157331.712304115,28166,1517157331.439327955,45,1517157331.439327955,3474,1517157331.439327955
501,1517157331.641047955,218.490982056,26.751708984,3.190820456,-0.071367829,0.016556733,-0.327783755,0.941907807,2673,1517157331.439327955,3189,1517157330.329931974,0,1517157331.439327955,2.753759343,1517157331.927295923,27836,1517157331.641047955,60,1517157331.641047955,3576,1517157331.641047955
502,1517157331.842767954,219.019424438,26.449176788,3.196692467,-0.012331123,-0.021203222,-0.208805290,0.977649588,2783,1517157331.641047955,3189,1517157330.329931974,0,1517157331.641047955,2.757877963,1517157332.097232103,28194,1517157331.842767954,76,1517157331.842767954,3247,1517157331.842767954
503,1517157332.044430017,219.277236938,26.380838394,3.215113401,-0.025703353,-0.001661165,-0.225006525,0.974016757,2504,1517157331.842767954,3189,1517157330.329931974,0,1517157331.842767954,2.697972469,1517157332.272239923,27970,1517157332.044430017,53,1517157332.044430017,3285,1517157332.044430017
504,1517157332.246150017,219.946853638,26.016067505,3.177374601,-0.010941626,-0.022046364,-0.280851328,0.959435652,2511,1517157332.044430017,3189,1517157330.329931974,0,1517157332.044430017,2.660399527,1517157332.482239962,27958,1517157332.246150017,51,1517157332.246150017,3228,1517157332.246150017
505,1517157332.447870016,220.295028687,25.783081055,3.190568209,0.009308573,-0.039530350,-0.258796261,0.965077819,2435,1517157332.246150017,3189,1517157330.329931974,0,1517157332.246150017,2.724281273,1517157332.682240009,28092,1517157332.447870016,50,1517157332.447870016,3155,1517157332.447870016
506,1517157332.649590015,220.853744507,25.506141663,3.210070372,0.011534221,-0.042908099,-0.228388944,0.972555575,2395,1517157332.447870016,3189,1517157330.329931974,0,1517157332.447870016,2.708452472,1517157332.887232065,28290,1517157332.649590015,60,1517157332.649590015,3041,1517157332.649590015
507,1517157333.052968979,221.857894897,25.034250259,3.222738981,0.007591402,-0.042862368,-0.231048786,0.971967925,2325,1517157332.649590015,3189,1517157330.329931974,0,1517157332.649590015,2.792937781,1517157333.282176018,28240,1517157333.052968979,41,1517157333.052968979,3057,1517157333.052968979
508,1517157333.254689932,222.355590820,24.795942307,3.235762596,0.003796790,-0.044258383,-0.229013550,0.972409160,2330,1517157333.052968979,3189,1517157330.329931974,0,1517157333.052968979,2.793485612,1517157333.472176075,28387,1517157333.254689932,50,1517157333.254689932,3060,1517157333.254689932
509,1517157333.456409931,222.878723145,24.551218033,3.241994858,0.007717027,-0.042930688,-0.231009187,0.971973333,2351,1517157333.254689932,3189,1517157330.329931974,0,1517157333.254689932,2.753947793,1517157333.677167892,28187,1517157333.456409931,58,1517157333.456409931,3055,1517157333.456409931
510,1517157333.658129930,223.391036987,24.300933838,3.250426769,0.005792149,-0.043812891,-0.232095748,0.971688451,2344,1517157333.456409931,3189,1517157330.329931974,0,1517157333.456409931,2.756414233,1517157333.877167940,28358,1517157333.658129930,50,1517157333.658129930,3079,1517157333.658129930
511,1517157333.859849930,224.010238647,24.004070282,3.262128353,0.005935595,-0.042875649,-0.231852220,0.971787526,2360,1517157333.658129930,3189,1517157330.329931974,0,1517157333.658129930,2.747792910,1517157334.092112064,28297,1517157333.859849930,53,1517157333.859849930,3063,1517157333.859849930
512,1517157334.061508894,224.523849487,23.764286041,3.273192406,0.005391390,-0.041231330,-0.230052141,0.972289526,2339,1517157333.859849930,3189,1517157330.329931974,0,1517157333.859849930,2.737657349,1517157334.282111883,28250,1517157334.061508894,57,1517157334.061508894,3102,1517157334.061508894
513,1517157334.263228893,225.056655884,23.510040283,3.278458834,0.005068762,-0.038631037,-0.230595066,0.972269441,2374,1517157334.061508894,3189,1517157330.329931974,0,1517157334.061508894,2.766655912,1517157334.497103930,28294,1517157334.263228893,69,1517157334.263228893,3121,1517157334.263228893
514,1517157334.464948893,225.515426636,23.289737701,3.278584003,0.005638309,-0.037489995,-0.230949634,0.972226813,2386,1517157334.263228893,3189,1517157330.329931974,0,1517157334.263228893,2.790971902,1517157334.697103977,28327,1517157334.464948893,60,1517157334.464948893,3195,1517157334.464948893
515,1517157334.666668892,226.023101807,23.050872803,3.294688702,0.004368747,-0.044838773,-0.230260404,0.972085667,2423,1517157334.464948893,3189,1517157330.329931974,0,1517157334.464948893,2.809729890,1517157334.997103930,28258,1517157334.666668892,54,1517157334.666668892,3240,1517157334.666668892
516,1517157334.969249010,226.857864380,22.658435822,3.304326296,0.006596756,-0.039780597,-0.228243590,0.972768652,2424,1517157334.666668892,3189,1517157330.329931974,0,1517157334.666668892,2.839872934,1517157335.302047968,28241,1517157334.969249010,53,1517157334.969249010,3360,1517157334.969249010
517,1517157335.170907021,227.519424438,22.344348907,3.310787439,0.005852824,-0.035871753,-0.229525653,0.972623738,2472,1517157334.969249010,3189,1517157330.329931974,0,1517157334.969249010,2.893797777,1517157335.417040110,28267,1517157335.170907021,61,1517157335.170907021,3366,1517157335.170907021
518,1517157335.372627974,228.081359863,22.076845169,3.320411682,0.005206857,-0.043157105,-0.229524909,0.972331563,2493,1517157335.170907021,3300,1517157335.271766901,0,1517157335.170907021,3.016184884,1517157335.592047930,28258,1517157335.372627974,55,1517157335.372627974,3219,1517157335.372627974
519,1517157335.574347973,228.686859131,21.786369324,3.326575994,0.002424533,-0.045130937,-0.229571513,0.972241863,2423,1517157335.372627974,3300,1517157335.271766901,1,1517157335.372627974,3.018254661,1517157335.797039986,28263,1517157335.574347973,53,1517157335.574347973,3222,1517157335.574347973
520,1517157335.776067972,229.229858398,21.528686523,3.346545935,0.004769122,-0.041587508,-0.230690833,0.972126265,2456,1517157335.574347973,3300,1517157335.271766901,1,1517157335.574347973,3.048642588,1517157335.997040033,28194,1517157335.776067972,51,1517157335.776067972,3263,1517157335.776067972
521,1517157335.977787971,229.586975098,21.363302231,3.346319199,0.005065654,-0.039723873,-0.231324286,0.972052173,2426,1517157335.776067972,3300,1517157335.271766901,1,1517157335.776067972,3.098720934,1517157336.216991901,28262,1517157335.977787971,54,1517157335.977787971,3224,1517157335.977787971
522,1517157336.179445982,230.009445190,21.163496017,3.346897840,0.007416277,-0.039974260,-0.233224185,0.971572713,2386,1517157335.977787971,3300,1517157335.271766901,0,1517157335.977787971,3.133103450,1517157336.416991949,28242,1517157336.179445982,46,1517157336.179445982,3205,1517157336.179445982
523,1517157336.381165981,230.504257202,20.922866821,3.350111008,0.005949533,-0.043544977,-0.233438060,0.971377944,2367,1517157336.179445982,3300,1517157335.271766901,0,1517157336.179445982,3.070698827,1517157336.606992006,28242,1517157336.381165981,56,1517157336.381165981,3177,1517157336.381165981
524,1517157336.582885981,231.083328247,20.645055771,3.364536762,0.008312358,-0.038151515,-0.232087476,0.971910886,2357,1517157336.381165981,3300,1517157335.271766901,0,1517157336.381165981,3.019264492,1517157336.812000036,28249,1517157336.582885981,58,1517157336.582885981,3168,1517157336.582885981
525,1517157336.784605980,231.580245972,20.410339355,3.368250847,0.006138914,-0.039617798,-0.232446555,0.971782559,2341,1517157336.582885981,3300,1517157335.271766901,0,1517157336.582885981,2.958728012,1517157337.006927967,28236,1517157336.784605980,52,1517157336.784605980,3169,1517157336.784605980
526,1517157336.986325979,232.137191772,20.132970810,3.378190517,0.002940592,-0.043859515,-0.234757115,0.971059624,2350,1517157336.784605980,3300,1517157335.271766901,0,1517157336.784605980,2.892504626,1517157337.316927910,28221,1517157336.986325979,53,1517157336.986325979,3117,1517157336.986325979
527,1517157337.187984943,232.632476807,19.888191223,3.389240503,0.006021998,-0.041060712,-0.233661539,0.971431953,2310,1517157336.986325979,3300,1517157335.271766901,0,1517157336.986325979,2.927387549,1517157337.451936007,28263,1517157337.187984943,52,1517157337.187984943,3136,1517157337.187984943
528,1517157337.389704943,233.147567749,19.640180588,3.407097340,0.007052493,-0.042225132,-0.234168411,0.971253034,2308,1517157337.187984943,3300,1517157335.271766901,0,1517157337.187984943,2.919336787,1517157337.611936092,28235,1517157337.389704943,59,1517157337.389704943,3156,1517157337.389704943
529,1517157337.591425896,233.642410278,19.398284912,3.410869122,0.007291060,-0.038758570,-0.235259995,0.971131993,2337,1517157337.389704943,3300,1517157335.271766901,0,1517157337.389704943,2.890774444,1517157337.816927910,28220,1517157337.591425896,59,1517157337.591425896,3164,1517157337.591425896
530,1517157337.793145895,234.139343262,19.155881882,3.412919521,0.008209377,-0.037214332,-0.235577482,0.971108104,2343,1517157337.591425896,3300,1517157335.271766901,0,1517157337.591425896,2.839128137,1517157338.016864061,28250,1517157337.793145895,59,1517157337.793145895,3171,1517157337.793145895
531,1517157337.994865894,234.670333862,18.880064011,3.417804718,0.005350305,-0.044216888,-0.235008438,0.970972335,2359,1517157337.793145895,3300,1517157335.271766901,0,1517157337.793145895,2.749471844,1517157338.226864100,28199,1517157337.994865894,57,1517157337.994865894,3191,1517157337.994865894
532,1517157338.196521044,235.215927124,18.656497955,3.424751759,0.035464236,-0.029402468,-0.182789928,0.982072108,2373,1517157337.994865894,3300,1517157335.271766901,0,1517157337.994865894,2.523627518,1517157338.431871891,28166,1517157338.196521044,81,1517157338.196521044,3209,1517157338.196521044
533,1517157338.398241043,235.668090820,18.538938522,3.429651737,0.031766608,-0.020951623,-0.122853289,0.991695004,2477,1517157338.196521044,3300,1517157335.271766901,0,1517157338.196521044,2.509422827,1517157338.626863956,28057,1517157338.398241043,97,1517157338.398241043,3228,1517157338.398241043
534,1517157338.599961042,236.167068481,18.409896851,3.439785242,0.005287642,-0.028177341,-0.150300898,0.988224528,2482,1517157338.398241043,3300,1517157335.271766901,0,1517157338.398241043,2.465021589,1517157338.821871996,28311,1517157338.599961042,65,1517157338.599961042,3220,1517157338.599961042
535,1517157338.801681042,236.675064087,18.253236771,3.444440603,0.005157347,-0.031332455,-0.167577081,0.985347452,2445,1517157338.599961042,3300,1517157335.271766901,0,1517157338.599961042,2.367658680,1517157339.026799917,27762,1517157338.801681042,61,1517157338.801681042,3131,1517157338.801681042
536,1517157339.003343105,237.237243652,18.035120010,3.455698490,-0.011632856,-0.028854452,-0.200274953,0.979245649,2358,1517157338.801681042,3300,1517157335.271766901,0,1517157338.801681042,2.268124679,1517157339.236799955,26491,1517157339.003343105,84,1517157339.003343105,3221,1517157339.003343105
537,1517157339.305922985,237.890335083,17.635730743,3.463856697,-0.014016967,-0.020286260,-0.320408913,0.946958352,2496,1517157339.003343105,3300,1517157335.271766901,0,1517157339.003343105,2.288869542,1517157339.631808043,27867,1517157339.305922985,80,1517157339.305922985,3312,1517157339.305922985
538,1517157339.608503103,238.470642090,17.222669601,3.470602989,0.000062894,-0.027836152,-0.313453166,0.949195584,2517,1517157339.305922985,3300,1517157335.271766901,0,1517157339.305922985,2.355485169,1517157339.831808090,28160,1517157339.608503103,71,1517157339.608503103,3245,1517157339.608503103
539,1517157339.810224056,238.808227539,16.948078156,3.484401464,0.001971176,-0.036222507,-0.333640807,0.942002047,2438,1517157339.608503103,3300,1517157335.271766901,0,1517157339.608503103,2.368174254,1517157340.036736012,28164,1517157339.810224056,79,1517157339.810224056,3339,1517157339.810224056
540,1517157340.011883974,239.201065063,16.666845322,3.487076521,0.015485610,-0.041431330,-0.304534258,0.951473871,2504,1517157339.810224056,3300,1517157335.271766901,0,1517157339.810224056,2.368478203,1517157340.241744041,28237,1517157340.011883974,92,1517157340.011883974,3150,1517157340.011883974
541,1517157340.213603973,239.574310303,16.424514771,3.488596439,0.011651920,-0.041437168,-0.292775306,0.955211921,2362,1517157340.011883974,3300,1517157335.271766901,0,1517157340.011883974,2.428773041,1517157340.436736107,28263,1517157340.213603973,71,1517157340.213603973,3115,1517157340.213603973
542,1517157340.415323973,239.998718262,16.162248611,3.500105381,0.012506439,-0.039721470,-0.283282325,0.958131994,2313,1517157340.213603973,3420,1517157340.314464092,0,1517157340.213603973,2.460130559,1517157340.641743898,28176,1517157340.415323973,57,1517157340.415323973,3105,1517157340.415323973
543,1517157340.617043972,240.390869141,15.931010246,3.505463839,0.009873001,-0.037512264,-0.275129243,0.960624408,2331,1517157340.415323973,3420,1517157340.314464092,0,1517157340.415323973,2.535781256,1517157340.941744089,28225,1517157340.617043972,54,1517157340.617043972,3077,1517157340.617043972
544,1517157340.919624090,241.016616821,15.581737518,3.504718304,0.009580169,-0.043095572,-0.258871704,0.964902292,2289,1517157340.617043972,3420,1517157340.314464092,0,1517157340.617043972,2.619074082,1517157341.146672010,28139,1517157340.919624090,55,1517157340.919624090,3009,1517157340.919624090
545,1517157341.121282101,241.455032349,15.359393120,3.517384529,0.009796102,-0.041287779,-0.243678234,0.968927383,2255,1517157340.919624090,3420,1517157340.314464092,0,1517157340.919624090,2.649358811,1517157341.341680050,28228,1517157341.121282101,61,1517157341.121282101,2984,1517157341.121282101
546,1517157341.323002100,241.930816650,15.143832207,3.526389122,0.009933181,-0.040377687,-0.226448353,0.973135200,2223,1517157341.121282101,3420,1517157340.314464092,0,1517157341.121282101,2.720905081,1517157341.541680098,28250,1517157341.323002100,50,1517157341.323002100,3119,1517157341.323002100
547,1517157341.524722099,242.382812500,14.940605164,3.523369074,0.012941805,-0.043304829,-0.218187260,0.974859744,2278,1517157341.323002100,3420,1517157340.314464092,0,1517157341.323002100,2.784156272,1517157341.751679897,28255,1517157341.524722099,54,1517157341.524722099,3092,1517157341.524722099
548,1517157341.726442099,242.882476807,14.730927467,3.527721405,0.008886469,-0.045019041,-0.202075529,0.978294331,2284,1517157341.524722099,3420,1517157340.314464092,0,1517157341.524722099,2.829164298,1517157341.946671963,28245,1517157341.726442099,46,1517157341.726442099,2973,1517157341.726442099
549,1517157341.928162098,243.377944946,14.529688835,3.534713745,0.006914403,-0.046116652,-0.207229458,0.977180330,2196,1517157341.726442099,3420,1517157340.314464092,0,1517157341.726442099,2.896455944,1517157342.151632071,28178,1517157341.928162098,31,1517157341.928162098,2930,1517157341.928162098
550,1517157342.129822969,243.889266968,14.309313774,3.547867298,0.007461049,-0.045392267,-0.208078255,0.977029843,2163,1517157341.928162098,3420,1517157340.314464092,0,1517157341.928162098,2.929998097,1517157342.346623898,28126,1517157342.129822969,41,1517157342.129822969,2889,1517157342.129822969
551,1517157342.331542969,244.424407959,14.085630417,3.562653542,0.006593538,-0.045522805,-0.207175952,0.977221738,2131,1517157342.129822969,3420,1517157340.314464092,0,1517157342.129822969,2.977399265,1517157342.551631927,28225,1517157342.331542969,51,1517157342.331542969,2875,1517157342.331542969
552,1517157342.533262968,244.966949463,13.861139297,3.567882061,0.004791351,-0.042402020,-0.208541234,0.977082220,2127,1517157342.331542969,3420,1517157340.314464092,0,1517157342.331542969,2.974051946,1517157342.751631975,28292,1517157342.533262968,44,1517157342.533262968,2896,1517157342.533262968
553,1517157342.734982967,245.515960693,13.624472618,3.581748724,0.006410622,-0.047360964,-0.208990723,0.976749057,2109,1517157342.533262968,3420,1517157340.314464092,0,1517157342.533262968,3.033238505,1517157342.956624031,28191,1517157342.734982967,50,1517157342.734982967,2802,1517157342.734982967
554,1517157342.936702967,246.066619873,13.392116547,3.598991156,0.006527958,-0.042894619,-0.207979258,0.977170438,2030,1517157342.734982967,3420,1517157340.314464092,0,1517157342.734982967,3.048452040,1517157343.156559944,28288,1517157342.936702967,45,1517157342.936702967,2811,1517157342.936702967
555,1517157343.138360023,246.629119873,13.149670601,3.603535652,0.006238057,-0.041004452,-0.210425267,0.976729711,2015,1517157342.936702967,3420,1517157340.314464092,0,1517157342.936702967,3.060483927,1517157343.361567974,28284,1517157343.138360023,45,1517157343.138360023,2728,1517157343.138360023
556,1517157343.340080023,247.186508179,12.913820267,3.617469788,0.006191396,-0.041860895,-0.209825689,0.976822662,1928,1517157343.138360023,3420,1517157340.314464092,0,1517157343.138360023,3.048813799,1517157343.661567926,28257,1517157343.340080023,43,1517157343.340080023,2654,1517157343.340080023
557,1517157343.541800022,247.751770020,12.674179077,3.628683805,0.004006294,-0.047212534,-0.211156003,0.976303267,1881,1517157343.340080023,3420,1517157340.314464092,0,1517157343.340080023,3.055089637,1517157343.761568069,28234,1517157343.541800022,47,1517157343.541800022,2486,1517157343.541800022
558,1517157343.743520021,248.310928345,12.431937218,3.635728598,0.008105056,-0.038505587,-0.212003098,0.976476479,1753,1517157343.541800022,3420,1517157340.314464092,0,1517157343.541800022,2.942678817,1517157343.961568117,28182,1517157343.743520021,44,1517157343.743520021,2433,1517157343.743520021
559,1517157343.945240021,248.875534058,12.198985100,3.644721270,0.008578684,-0.032483951,-0.208270002,0.977494146,1679,1517157343.743520021,3420,1517157340.314464092,0,1517157343.743520021,2.379102162,1517157344.166496038,28175,1517157343.945240021,35,1517157343.945240021,2388,1517157343.945240021
560,1517157344.146898985,249.353698730,11.996055603,3.648643970,0.018155328,0.006584115,-0.205285439,0.978511585,1624,1517157343.945240021,3420,1517157340.314464092,0,1517157343.945240021,1.473726708,1517157344.366496086,28198,1517157344.146898985,39,1517157344.146898985,2415,1517157344.146898985
561,1517157344.348619938,249.654586792,11.883224487,3.658344746,0.017700924,0.032789011,-0.200001724,0.979086752,1644,1517157344.146898985,3420,1517157340.314464092,0,1517157344.146898985,0.501998157,1517157344.571504116,28116,1517157344.348619938,40,1517157344.348619938,2410,1517157344.348619938
562,1517157344.550339937,249.823379517,11.819945335,3.646994829,0.013223557,0.037443400,-0.196571042,0.979685130,1621,1517157344.348619938,3420,1517157340.314464092,0,1517157344.348619938,0.228289073,1517157344.871504068,28161,1517157344.550339937,43,1517157344.550339937,2415,1517157344.550339937
563,1517157344.852920055,249.826080322,11.814714432,3.669343710,0.013418894,0.006840269,-0.196045198,0.980479181,1620,1517157344.550339937,3420,1517157340.314464092,0,1517157344.550339937,0.250530140,1517157345.071439981,28142,1517157344.852920055,43,1517157344.852920055,2415,1517157344.852920055
564,1517157345.054579020,249.797119141,11.830896378,3.668366432,0.006331528,-0.012755951,-0.195742813,0.980551859,1618,1517157344.852920055,3420,1517157340.314464092,0,1517157344.852920055,0.142736432,1517157345.276432037,28206,1517157345.054579020,44,1517157345.054579020,2379,1517157345.054579020
565,1517157345.256299019,249.781326294,11.840451241,3.662582874,0.004948031,-0.023597036,-0.195753071,0.980356788,1598,1517157345.054579020,3420,1517157340.314464092,0,1517157345.054579020,0.172045857,1517157345.481440067,28198,1517157345.256299019,36,1517157345.256299019,2340,1517157345.256299019
566,1517157345.458019018,249.779357910,11.840849876,3.664147139,0.005302614,-0.023214050,-0.195694988,0.980375674,1549,1517157345.256299019,3451,1517157345.256299019,0,1517157345.256299019,0.165686736,1517157345.681440115,28164,1517157345.458019018,33,1517157345.458019018,2329,1517157345.458019018
567,1517157345.659739017,249.778594971,11.841573715,3.662565708,0.004985030,-0.023210090,-0.195680177,0.980380390,1539,1517157345.458019018,3451,1517157345.256299019,0,1517157345.458019018,0.172817027,1517157345.881439924,28144,1517157345.659739017,36,1517157345.659739017,2324,1517157345.659739017
568,1517157345.861459017,249.778701782,11.841264725,3.662543774,0.003752125,-0.022856093,-0.195546532,0.980420866,1535,1517157345.659739017,3451,1517157345.256299019,0,1517157345.659739017,0.168412224,1517157346.086368084,28117,1517157345.861459017,40,1517157345.861459017,2334,1517157345.861459017
569,1517157346.063117027,249.780502319,11.840372086,3.663972855,0.005758070,-0.023523560,-0.195747603,0.980355223,1546,1517157345.861459017,3451,1517157345.256299019,0,1517157345.861459017,0.160077041,1517157346.281375885,28149,1517157346.063117027,37,1517157346.063117027,2326,1517157346.063117027
570,1517157346.264837027,249.777862549,11.841661453,3.664695978,0.005829529,-0.023470992,-0.195771164,0.980351356,1536,1517157346.063117027,3451,1517157345.256299019,0,1517157346.063117027,0.154801381,1517157346.686367989,28143,1517157346.264837027,34,1517157346.264837027,2328,1517157346.264837027
571,1517157346.668277979,249.778442383,11.841596603,3.663249493,0.004741612,-0.023078571,-0.195653144,0.980390098,1532,1517157346.264837027,3451,1517157345.256299019,0,1517157346.264837027,0.144049493,1517157346.991375923,28205,1517157346.668277979,37,1517157346.668277979,2338,1517157346.668277979
572,1517157346.869997978,249.778533936,11.841919899,3.663781166,0.005725762,-0.023432889,-0.195728409,0.980361416,1549,1517157346.668277979,3451,1517157345.256299019,0,1517157346.668277979,0.118179770,1517157347.086303949,28136,1517157346.869997978,37,1517157346.869997978,2330,1517157346.869997978
573,1517157347.071655035,249.778411865,11.842379570,3.663450718,0.005388130,-0.023420800,-0.195654365,0.980378398,1542,1517157346.869997978,3451,1517157345.256299019,0,1517157346.869997978,0.099207979,1517157347.291311979,28144,1517157347.071655035,35,1517157347.071655035,2344,1517157347.071655035
574,1517157347.273375034,249.779434204,11.841733932,3.664576769,0.005914356,-0.023526412,-0.195714931,0.980360747,1553,1517157347.071655035,3451,1517157345.256299019,0,1517157347.071655035,0.084432250,1517157347.696304083,28136,1517157347.273375034,32,1517157347.273375034,2331,1517157347.273375034
575,1517157347.475095034,249.781509399,11.840571404,3.663379431,0.005603350,-0.023418800,-0.195739524,0.980360240,1540,1517157347.273375034,3451,1517157345.256299019,0,1517157347.273375034,0.069374667,1517157347.796303988,28144,1517157347.475095034,35,1517157347.475095034,2325,1517157347.475095034
576,1517157347.676815033,249.778152466,11.842293739,3.663128614,0.004804457,-0.023167521,-0.195632576,0.980391798,1535,1517157347.475095034,3451,1517157345.256299019,0,1517157347.475095034,0.057196293,1517157347.896303892,28155,1517157347.676815033,36,1517157347.676815033,2313,1517157347.676815033
577,1517157347.878535032,249.783889771,11.839550972,3.664051056,0.004951911,-0.023307499,-0.195646821,0.980384904,1535,1517157347.676815033,3451,1517157345.256299019,0,1517157347.676815033,0.049919433,1517157348.101248026,28175,1517157347.878535032,36,1517157347.878535032,2341,1517157347.878535032
578,1517157348.281917095,249.781173706,11.840975761,3.662847519,0.004503452,-0.023052464,-0.195612681,0.980399909,1554,1517157347.878535032,3451,1517157345.256299019,0,1517157347.878535032,0.049326171,1517157348.501247883,28132,1517157348.281917095,34,1517157348.281917095,2321,1517157348.281917095
579,1517157348.483637094,249.780059814,11.840178490,3.662333250,0.004692310,-0.023157439,-0.195747045,0.980369731,1536,1517157348.281917095,3451,1517157345.256299019,0,1517157348.281917095,0.047548143,1517157348.701247931,28182,1517157348.483637094,35,1517157348.483637094,2333,1517157348.483637094
580,1517157348.685357094,249.780822754,11.840977669,3.663493633,0.005353345,-0.023332035,-0.195705712,0.980370457,1545,1517157348.483637094,3451,1517157345.256299019,0,1517157348.483637094,0.052391465,1517157349.006191969,28155,1517157348.685357094,37,1517157348.685357094,2331,1517157348.685357094
581,1517157348.887078047,249.783111572,11.839248657,3.662566185,0.005077418,-0.023306892,-0.195741275,0.980365423,1545,1517157348.685357094,3451,1517157345.256299019,0,1517157348.685357094,0.052616440,1517157349.106192112,28171,1517157348.887078047,36,1517157348.887078047,2338,1517157348.887078047
582,1517157349.088736057,249.785110474,11.837944031,3.663502932,0.004907381,-0.023296861,-0.195699445,0.980374878,1548,1517157348.887078047,3451,1517157345.256299019,0,1517157348.887078047,0.063351539,1517157349.506191969,28127,1517157349.088736057,31,1517157349.088736057,2317,1517157349.088736057
583,1517157349.492176056,249.781768799,11.839957237,3.663614035,0.004953803,-0.023275317,-0.195678184,0.980379400,1530,1517157349.088736057,3451,1517157345.256299019,0,1517157349.088736057,0.067745389,1517157349.711199999,28175,1517157349.492176056,34,1517157349.492176056,2330,1517157349.492176056
584,1517157349.693896055,249.781753540,11.839112282,3.662817478,0.004353728,-0.023133030,-0.195696913,0.980381878,1549,1517157349.492176056,3451,1517157345.256299019,0,1517157349.492176056,0.066273599,1517157349.911200047,28130,1517157349.693896055,31,1517157349.693896055,2331,1517157349.693896055
585,1517157349.895616055,249.782791138,11.839241982,3.661687374,0.004522859,-0.023142560,-0.195694406,0.980381387,1538,1517157349.693896055,3451,1517157345.256299019,0,1517157349.693896055,0.065552756,1517157350.116127968,28145,1517157349.895616055,38,1517157349.895616055,2337,1517157349.895616055
586,1517157350.097274065,249.784805298,11.838110924,3.663741589,0.005184407,-0.023353086,-0.195733871,0.980365242,1549,1517157349.895616055,3451,1517157345.256299019,0,1517157349.895616055,0.064953143,1517157350.316128016,28146,1517157350.097274065,34,1517157350.097274065,2336,1517157350.097274065
587,1517157350.298994064,249.784194946,11.838489532,3.663327456,0.005369980,-0.023345293,-0.195777770,0.980355663,1544,1517157350.097274065,3451,1517157350.198133945,0,1517157350.097274065,0.059021011,1517157350.616127968,28144,1517157350.298994064,40,1517157350.298994064,2331,1517157350.298994064
588,1517157350.601573944,249.779693604,11.834053993,3.662976265,0.001766594,-0.024404026,-0.200153464,0.979458990,1549,1517157350.298994064,3451,1517157350.198133945,0,1517157350.298994064,0.055294937,1517157350.821135998,28176,1517157350.601573944,29,1517157350.601573944,2313,1517157350.601573944
589,1517157350.803293943,249.780899048,11.833721161,3.662170172,0.000528630,-0.024478677,-0.200963570,0.979292683,1519,1517157350.601573944,3451,1517157350.198133945,0,1517157350.601573944,0.392942131,1517157351.021071911,28281,1517157350.803293943,34,1517157350.803293943,2331,1517157350.803293943
590,1517157351.004955053,249.725112915,11.866573334,3.664878130,0.012420481,0.010001024,-0.187264593,0.982180067,1534,1517157350.803293943,3451,1517157350.198133945,0,1517157350.803293943,1.011720096,1517157351.226063967,28042,1517157351.004955053,34,1517157351.004955053,2409,1517157351.004955053
591,1517157351.206675053,249.557052612,11.973848343,3.657150745,0.016650111,0.022697119,-0.112594212,0.993242245,1607,1517157351.004955053,3451,1517157350.198133945,0,1517157351.004955053,1.602987346,1517157351.431071997,28149,1517157351.206675053,31,1517157351.206675053,2555,1517157351.206675053
592,1517157351.408395052,249.284332275,12.083848000,3.650130749,-0.009348392,0.023995960,-0.046918167,0.998566716,1701,1517157351.206675053,3451,1517157350.198133945,0,1517157351.206675053,1.343469307,1517157351.731071949,27963,1517157351.408395052,64,1517157351.408395052,2713,1517157351.408395052
593,1517157351.710974932,248.811294556,12.104538918,3.638827562,0.000174131,-0.045128764,-0.045475085,0.997945580,1851,1517157351.408395052,3451,1517157350.198133945,0,1517157351.408395052,0.439742587,1517157351.931071997,28152,1517157351.710974932,17,1517157351.710974932,2632,1517157351.710974932
594,1517157351.912694931,248.666259766,12.109482765,3.636298418,0.007301631,-0.060344255,-0.042073846,0.997263781,1712,1517157351.710974932,3451,1517157350.198133945,0,1517157351.710974932,0.061528744,1517157352.131007910,28109,1517157351.912694931,24,1517157351.912694931,2661,1517157351.912694931
595,1517157352.114353895,248.656860352,12.104869843,3.635159731,0.005552696,-0.052586378,-0.040745747,0.997769324,1749,1517157351.912694931,3451,1517157350.198133945,0,1517157351.912694931,0.058647356,1517157352.335999966,28026,1517157352.114353895,25,1517157352.114353895,2652,1517157352.114353895
596,1517157352.316073895,248.669235229,12.105851173,3.638617754,0.006543167,-0.047242771,-0.040354847,0.998046489,1747,1517157352.114353895,3451,1517157350.198133945,0,1517157352.114353895,0.029146412,1517157352.536000013,28154,1517157352.316073895,25,1517157352.316073895,2673,1517157352.316073895
597,1517157352.517793894,248.673385620,12.104213715,3.641728878,0.005173724,-0.039915726,-0.041077193,0.998344946,1772,1517157352.316073895,3451,1517157350.198133945,0,1517157352.316073895,0.017901020,1517157352.736000061,28115,1517157352.517793894,26,1517157352.517793894,2689,1517157352.517793894
598,1517157352.719513893,248.672866821,12.104418755,3.642013550,0.005048560,-0.039271761,-0.040987035,0.998374831,1775,1517157352.517793894,3451,1517157350.198133945,0,1517157352.517793894,0.027013091,1517157353.040944099,28109,1517157352.618654013,26,1517157352.719513893,2686,1517157352.719513893
599,1517157352.921233892,248.672988892,12.103924751,3.642662287,0.005763283,-0.039731157,-0.041075096,0.998349165,1782,1517157352.719513893,3451,1517157350.198133945,0,1517157352.719513893,0.029229167,1517157353.140944004,28134,1517157352.921233892,25,1517157352.921233892,2704,1517157352.921233892
600,1517157353.122893095,248.672576904,12.103086472,3.644171953,0.005803235,-0.039781150,-0.041205348,0.998341576,1793,1517157352.921233892,3451,1517157350.198133945,0,1517157352.921233892,0.033243740,1517157353.345936060,28197,1517157353.122893095,25,1517157353.122893095,2713,1517157353.122893095
601,1517157353.324614048,248.671936035,12.103461266,3.643319368,0.005306561,-0.039659175,-0.041169003,0.998350692,1793,1517157353.122893095,3451,1517157350.198133945,0,1517157353.122893095,0.036487874,1517157353.545936108,28175,1517157353.324614048,28,1517157353.324614048,2702,1517157353.324614048
602,1517157353.526334047,248.675231934,12.102770805,3.642984867,0.005754097,-0.039757148,-0.041055175,0.998349003,1791,1517157353.324614048,3451,1517157350.198133945,0,1517157353.324614048,0.044737448,1517157353.740943909,28090,1517157353.526334047,27,1517157353.526334047,2710,1517157353.526334047
603,1517157353.728054047,248.675308228,12.103178024,3.639349699,0.002624575,-0.038449499,-0.045230979,0.998232892,1794,1517157353.526334047,3451,1517157350.198133945,0,1517157353.526334047,0.055220284,1517157353.945935965,28110,1517157353.728054047,31,1517157353.728054047,2701,1517157353.728054047
604,1517157353.929774046,248.680374146,12.103452682,3.636214972,-0.000861327,-0.035618014,-0.050015733,0.998112740,1799,1517157353.728054047,3451,1517157350.198133945,0,1517157353.728054047,0.041309074,1517157354.145872116,28227,1517157353.929774046,30,1517157353.929774046,2699,1517157353.929774046
605,1517157354.131431103,248.674209595,12.104833603,3.640029669,-0.001346364,-0.034827411,-0.050863600,0.998097256,1789,1517157353.929774046,3451,1517157350.198133945,0,1517157353.929774046,0.085720518,1517157354.355871916,28087,1517157354.131431103,25,1517157354.131431103,2692,1517157354.131431103
606,1517157354.333151102,248.671295166,12.109454155,3.633347273,0.002113752,-0.019494013,-0.045723701,0.998761663,1783,1517157354.131431103,3451,1517157350.198133945,0,1517157354.131431103,0.840819287,1517157354.550879955,27926,1517157354.333151102,33,1517157354.333151102,2708,1517157354.333151102
607,1517157354.534871101,248.516860962,12.163925171,3.624918938,0.009710818,0.031039676,0.007290967,0.999444386,1834,1517157354.333151102,3451,1517157350.198133945,0,1517157354.333151102,1.227000101,1517157354.755872011,28041,1517157354.534871101,23,1517157354.534871101,2760,1517157354.534871101
608,1517157354.736591101,248.278915405,12.213801384,3.630957365,-0.006458278,0.016877706,0.090620103,0.995721563,1864,1517157354.534871101,3451,1517157350.198133945,0,1517157354.534871101,0.884341435,1517157354.955872059,28086,1517157354.736591101,46,1517157354.736591101,2980,1517157354.736591101
609,1517157354.938311100,248.067504883,12.184265137,3.630889177,-0.032901235,-0.029771723,0.125481284,0.991103224,2013,1517157354.736591101,3451,1517157350.198133945,0,1517157354.736591101,0.060958464,1517157355.260816097,28096,1517157354.938311100,42,1517157354.938311100,2905,1517157354.938311100
610,1517157355.240829945,248.019210815,12.131219864,3.626525879,0.009541301,-0.046352599,0.135541081,0.989640852,1939,1517157354.938311100,3451,1517157350.198133945,0,1517157354.938311100,0.055873174,1517157355.460815907,27983,1517157355.240829945,39,1517157355.240829945,2923,1517157355.240829945
611,1517157355.442549944,248.025131226,12.135369301,3.630255699,0.004910482,-0.041144101,0.135293540,0.989938740,1985,1517157355.240829945,3452,1517157355.240829945,0,1517157355.240829945,0.013080720,1517157355.780816078,28067,1517157355.442549944,37,1517157355.442549944,2893,1517157355.442549944
612,1517157355.644269943,248.033248901,12.138804436,3.630063057,0.003342830,-0.037494568,0.135029255,0.990126297,1961,1517157355.442549944,3452,1517157355.240829945,0,1517157355.442549944,0.017552431,1517157355.860816002,27996,1517157355.644269943,33,1517157355.644269943,2912,1517157355.644269943
613,1517157355.845990896,248.027542114,12.139587402,3.629283905,0.001506760,-0.035923781,0.134626218,0.990243906,1968,1517157355.644269943,3452,1517157355.240829945,0,1517157355.644269943,0.035955401,1517157356.065759897,28078,1517157355.845990896,43,1517157355.845990896,2912,1517157355.845990896
614,1517157356.047650099,248.027343750,12.144023895,3.631261110,-0.002843811,-0.035071575,0.128636794,0.991067340,1968,1517157355.845990896,3452,1517157355.240829945,0,1517157355.845990896,0.032607127,1517157356.265759945,28064,1517157356.047650099,45,1517157356.047650099,2898,1517157356.047650099
615,1517157356.249370098,248.034988403,12.143326759,3.630488396,-0.006198399,-0.033063146,0.126885630,0.991346784,1953,1517157356.047650099,3452,1517157355.240829945,0,1517157356.047650099,0.296467049,1517157356.465759993,27995,1517157356.148509979,31,1517157356.249370098,2896,1517157356.249370098
616,1517157356.451090097,247.989639282,12.148058891,3.622960567,-0.001056954,0.000632393,0.145033514,0.989425976,1943,1517157356.249370098,3452,1517157355.240829945,0,1517157356.249370098,1.045396645,1517157356.675760031,27944,1517157356.451090097,34,1517157356.451090097,2949,1517157356.451090097
617,1517157356.652810097,247.831604004,12.128988266,3.624396563,-0.007840799,0.031643285,0.196350318,0.979991723,1993,1517157356.451090097,3452,1517157355.240829945,0,1517157356.451090097,1.588373075,1517157356.875760078,24066,1517157356.652810097,56,1517157356.652810097,2870,1517157356.652810097
618,1517157356.955389977,247.406631470,11.975091934,3.611984491,-0.023164854,-0.016171808,0.238642548,0.970696449,2048,1517157356.652810097,3452,1517157355.240829945,0,1517157356.652810097,0.162642004,1517157357.175695896,19533,1517157356.955389977,34,1517157356.955389977,2713,1517157356.955389977
619,1517157357.459629059,247.262008667,12.012440681,3.610085726,-0.025527712,-0.017389845,0.424830323,0.904745890,1951,1517157356.955389977,3452,1517157355.240829945,0,1517157356.955389977,0.046577615,1517157357.780704021,19262,1517157357.459629059,35,1517157357.459629059,2503,1517157357.459629059
620,1517157357.661349058,247.269760132,12.001263618,3.613847971,-0.000796109,-0.006309318,0.426247987,0.904584000,1853,1517157357.459629059,3452,1517157355.240829945,0,1517157357.459629059,0.002820027,1517157357.880703926,18930,1517157357.661349058,32,1517157357.661349058,2550,1517157357.661349058
621,1517157357.863069057,247.262939453,11.993530273,3.611628532,0.004970136,-0.011595458,0.425536077,0.904853519,1886,1517157357.661349058,3452,1517157357.762208939,0,1517157357.661349058,0.043845668,1517157358.080640078,18731,1517157357.863069057,21,1517157357.863069057,2518,1517157357.863069057
622,1517157358.064727068,247.262374878,11.995194435,3.614607096,0.004775165,-0.011367644,0.425757608,0.904753244,1852,1517157357.863069057,3452,1517157357.762208939,0,1517157357.863069057,0.028715877,1517157358.280639887,18877,1517157358.064727068,25,1517157358.064727068,2485,1517157358.064727068
623,1517157358.266448021,247.270370483,11.990827560,3.617939472,0.005004710,-0.010249792,0.425667686,0.904807668,1833,1517157358.064727068,3452,1517157357.762208939,0,1517157358.064727068,0.036799633,1517157358.485631943,18826,1517157358.266448021,23,1517157358.266448021,2519,1517157358.266448021
624,1517157358.468168020,247.269287109,11.989145279,3.614835978,0.009168164,-0.010473653,0.429968656,0.902736508,1851,1517157358.266448021,3452,1517157357.762208939,0,1517157358.266448021,0.499211606,1517157358.685631990,18950,1517157358.468168020,24,1517157358.468168020,2577,1517157358.468168020
625,1517157358.669888020,247.296264648,12.025248528,3.615579605,0.035282121,-0.031970111,0.451876225,0.890809161,1884,1517157358.468168020,3452,1517157357.762208939,0,1517157358.468168020,0.921059608,1517157358.890640020,19746,1517157358.669888020,35,1517157358.669888020,2604,1517157358.669888020
626,1517157358.871608019,247.336486816,12.173750877,3.609120846,0.034311488,-0.040896861,0.497472999,0.865835310,1935,1517157358.669888020,3452,1517157357.762208939,0,1517157358.669888020,1.003914793,1517157359.090575933,22057,1517157358.871608019,56,1517157358.871608019,2577,1517157358.871608019
627,1517157359.073266983,247.383514404,12.363937378,3.618725538,0.027361194,-0.030193702,0.561810780,0.826261674,1916,1517157358.871608019,3452,1517157357.762208939,0,1517157358.871608019,0.495596027,1517157359.295567989,27061,1517157359.073266983,57,1517157359.073266983,2702,1517157359.073266983
628,1517157359.274986982,247.408676147,12.511688232,3.621916056,-0.023165074,-0.000864693,0.573996197,0.818529778,1972,1517157359.073266983,3452,1517157357.762208939,0,1517157359.073266983,0.089980291,1517157359.495568037,28081,1517157359.174127102,48,1517157359.274986982,2725,1517157359.274986982
629,1517157359.476706982,247.423004150,12.529346466,3.622276068,-0.022646003,-0.000222443,0.575813175,0.817267580,1959,1517157359.274986982,3452,1517157357.762208939,0,1517157359.274986982,0.024361388,1517157359.695568085,28064,1517157359.476706982,46,1517157359.476706982,2737,1517157359.476706982
630,1517157359.678426981,247.428512573,12.513703346,3.624768257,-0.011474985,-0.006563078,0.576352320,0.817094397,1945,1517157359.476706982,3452,1517157357.762208939,0,1517157359.476706982,0.039939977,1517157359.895567894,28055,1517157359.678426981,54,1517157359.678426981,2729,1517157359.678426981
631,1517157359.880146980,247.412887573,12.506822586,3.624871492,-0.005959470,-0.016037323,0.576425006,0.816970931,1960,1517157359.678426981,3452,1517157357.762208939,0,1517157359.678426981,0.075297855,1517157360.095535994,28269,1517157359.880146980,51,1517157359.880146980,2721,1517157359.880146980
632,1517157360.081835985,247.411254883,12.509223938,3.623882532,-0.005143318,-0.017725047,0.576448762,0.816924840,1940,1517157359.880146980,3452,1517157357.762208939,0,1517157359.880146980,0.056706464,1517157360.300544024,28153,1517157360.081835985,47,1517157360.081835985,2727,1517157360.081835985
633,1517157360.283555984,247.413085938,12.507606506,3.626210928,-0.005686691,-0.016831399,0.576566175,0.816857277,1949,1517157360.081835985,3452,1517157357.762208939,0,1517157360.081835985,0.055888258,1517157360.505536079,28160,1517157360.283555984,51,1517157360.283555984,2710,1517157360.283555984
634,1517157360.485275984,247.413375854,12.507776260,3.624026775,-0.005665918,-0.019120744,0.575317147,0.817687272,1942,1517157360.283555984,3452,1517157357.762208939,0,1517157360.283555984,0.056404403,1517157360.705535889,28138,1517157360.485275984,48,1517157360.485275984,2702,1517157360.485275984
635,1517157360.686996937,247.403137207,12.500552177,3.622166395,-0.011182846,-0.016844325,0.573157724,0.819195603,1929,1517157360.485275984,3452,1517157357.762208939,0,1517157360.485275984,0.544005589,1517157360.910543919,28218,1517157360.686996937,47,1517157360.686996937,2727,1517157360.686996937
636,1517157360.888716936,247.370727539,12.425122261,3.613282442,-0.022346012,0.002341185,0.589940650,0.807133945,1941,1517157360.686996937,3452,1517157357.762208939,0,1517157360.686996937,1.207226927,1517157361.105439901,27499,1517157360.888716936,59,1517157360.888716936,2755,1517157360.888716936
637,1517157361.292066097,247.245971680,11.987807274,3.615052223,0.002257368,-0.012812865,0.612014512,0.790739510,1983,1517157360.888716936,3452,1517157357.762208939,0,1517157360.888716936,0.354032430,1517157361.510447979,18616,1517157361.292066097,49,1517157361.292066097,2520,1517157361.292066097
638,1517157361.493786097,247.231094360,11.937473297,3.601453781,0.042037196,-0.057222069,0.616338301,0.784273936,1869,1517157361.292066097,3452,1517157357.762208939,0,1517157361.292066097,0.176421697,1517157361.710448027,18207,1517157361.493786097,33,1517157361.493786097,2601,1517157361.493786097
639,1517157361.695506096,247.249984741,11.983312607,3.611660957,0.007407460,-0.019899676,0.615684833,0.787706366,1913,1517157361.493786097,3452,1517157357.762208939,0,1517157361.493786097,0.076173996,1517157361.910448074,18604,1517157361.695506096,35,1517157361.695506096,2488,1517157361.695506096
640,1517157361.897226095,247.239746094,11.981746674,3.612637043,0.001887600,-0.016019232,0.614989367,0.788370407,1838,1517157361.695506096,3452,1517157357.762208939,0,1517157361.695506096,0.030791602,1517157362.115391970,18498,1517157361.897226095,32,1517157361.897226095,2491,1517157361.897226095
641,1517157362.098884106,247.233871460,11.970195770,3.614660263,0.004719486,-0.022919069,0.614774664,0.788355602,1827,1517157361.897226095,3452,1517157357.762208939,0,1517157361.897226095,0.066364359,1517157362.310400009,18410,1517157362.098884106,37,1517157362.098884106,2535,1517157362.098884106
642,1517157362.300604105,247.247985840,11.972611427,3.611970663,0.010571851,-0.025208061,0.618621117,0.785213795,1879,1517157362.098884106,3452,1517157357.762208939,0,1517157362.098884106,0.178516745,1517157362.515392065,18388,1517157362.300604105,26,1517157362.300604105,2540,1517157362.300604105
643,1517157362.804903984,247.248916626,12.165907860,3.609715700,0.032718506,-0.025024202,0.677276484,0.734574607,1851,1517157362.300604105,3452,1517157357.762208939,0,1517157362.300604105,1.392578803,1517157363.020335913,20691,1517157362.804903984,48,1517157362.804903984,2658,1517157362.804903984
644,1517157363.006562948,247.206146240,12.414424896,3.613719225,0.032543382,-0.021599880,0.733789492,0.678253164,1954,1517157362.804903984,3452,1517157362.804903984,0,1517157362.804903984,1.589346012,1517157363.225327969,24371,1517157363.006562948,47,1517157363.006562948,2937,1517157363.006562948
645,1517157363.309144020,247.030166626,12.827266693,3.613048077,0.024333028,0.009141479,0.835524671,0.548837736,2078,1517157363.006562948,3452,1517157362.804903984,0,1517157363.006562948,0.911872270,1517157363.535327911,27701,1517157363.309144020,65,1517157363.309144020,3067,1517157363.309144020
646,1517157363.510864019,246.890090942,13.024901390,3.609552383,-0.029039568,0.010726932,0.840911560,0.540286391,2179,1517157363.309144020,3452,1517157362.804903984,0,1517157363.309144020,0.159741483,1517157363.730335951,28048,1517157363.510864019,54,1517157363.510864019,3090,1517157363.510864019
647,1517157363.712584019,246.848556519,13.082095146,3.605244637,-0.040507057,0.016001840,0.842630008,0.536728785,2175,1517157363.510864019,3452,1517157362.804903984,0,1517157363.510864019,0.015701935,1517157363.930335999,27782,1517157363.712584019,61,1517157363.712584019,3124,1517157363.712584019
648,1517157363.914304018,246.855133057,13.074258804,3.611912489,-0.020510744,0.005516676,0.844032379,0.535871457,2211,1517157363.712584019,3452,1517157362.804903984,0,1517157363.712584019,0.025255357,1517157364.135263920,27807,1517157363.914304018,64,1517157363.914304018,3141,1517157363.914304018
649,1517157364.115963936,246.868240356,13.056358337,3.612060070,-0.007956931,0.001400268,0.845192838,0.534400405,2252,1517157363.914304018,3452,1517157362.804903984,0,1517157363.914304018,0.309332240,1517157364.435264111,27948,1517157364.115963936,56,1517157364.115963936,3151,1517157364.115963936
650,1517157364.418544054,246.859741211,13.068572998,3.606333494,0.027135999,-0.005340283,0.852572014,0.521877456,2248,1517157364.115963936,3452,1517157362.804903984,0,1517157364.115963936,0.929809022,1517157364.640271902,27862,1517157364.418544054,57,1517157364.418544054,3109,1517157364.418544054
651,1517157364.620264053,246.774047852,13.151937485,3.609960794,0.036466723,-0.017971654,0.879724343,0.473742839,2177,1517157364.418544054,3452,1517157362.804903984,0,1517157364.418544054,0.877360713,1517157364.840271950,28020,1517157364.620264053,47,1517157364.620264053,3070,1517157364.620264053
652,1517157364.821984053,246.653762817,13.281452179,3.606300592,0.012268331,-0.018549662,0.894407413,0.446699875,2163,1517157364.620264053,3452,1517157362.804903984,0,1517157364.620264053,0.107024665,1517157365.145200014,28109,1517157364.821984053,46,1517157364.821984053,3104,1517157364.821984053
653,1517157365.124501944,246.576934814,13.367650032,3.607538939,-0.022068718,0.007044759,0.895716042,0.444022652,2193,1517157364.821984053,3452,1517157362.804903984,0,1517157364.821984053,0.038725988,1517157365.445199966,27972,1517157365.124501944,57,1517157365.124501944,3130,1517157365.124501944
654,1517157365.427082062,246.588272095,13.356992722,3.613323212,-0.006728305,-0.000934977,0.896174619,0.443649532,2237,1517157365.124501944,3452,1517157362.804903984,0,1517157365.124501944,0.377157306,1517157365.650207996,28015,1517157365.427082062,53,1517157365.427082062,3150,1517157365.427082062
655,1517157365.628802061,246.574035645,13.369335175,3.605549335,0.030228832,-0.010817603,0.902657881,0.429159583,2232,1517157365.427082062,3452,1517157362.804903984,0,1517157365.427082062,1.097002059,1517157365.850208044,28249,1517157365.628802061,50,1517157365.628802061,3110,1517157365.628802061
656,1517157365.830523014,246.470321655,13.450972557,3.606645346,0.043550522,-0.007459682,0.926298558,0.374190708,2210,1517157365.628802061,3452,1517157362.804903984,0,1517157365.628802061,1.104716939,1517157366.050143957,28263,1517157365.830523014,35,1517157365.830523014,2946,1517157365.830523014
657,1517157366.032182932,246.293792725,13.564547539,3.601338148,0.020300219,-0.017979060,0.937847002,0.345987942,2080,1517157365.830523014,3452,1517157362.804903984,0,1517157365.830523014,0.204882199,1517157366.350143909,28236,1517157366.032182932,49,1517157366.032182932,2923,1517157366.032182932
658,1517157366.233902931,246.144973755,13.677598953,3.604734421,-0.031065842,0.006662580,0.939433236,0.341256090,2093,1517157366.032182932,3452,1517157362.804903984,0,1517157366.032182932,0.080275166,1517157366.455136061,28298,1517157366.233902931,46,1517157366.233902931,2940,1517157366.233902931
659,1517157366.435622931,246.116622925,13.698243141,3.598685503,-0.030390620,0.009408035,0.939875856,0.340031285,2103,1517157366.233902931,3452,1517157362.804903984,0,1517157366.233902931,0.053736292,1517157366.660144091,28239,1517157366.435622931,50,1517157366.435622931,2993,1517157366.435622931
660,1517157366.637342930,246.123138428,13.690669060,3.597605705,-0.016451304,0.003431720,0.940375195,0.339723520,2157,1517157366.435622931,3452,1517157362.804903984,0,1517157366.435622931,0.052403305,1517157366.855135918,28130,1517157366.536483049,41,1517157366.637342930,2993,1517157366.637342930
661,1517157366.839062929,246.137832642,13.682062149,3.607151031,-0.007054879,-0.003419911,0.940488095,0.339736186,2152,1517157366.637342930,3452,1517157362.804903984,0,1517157366.637342930,0.067920045,1517157367.060080051,28186,1517157366.839062929,46,1517157366.839062929,2985,1517157366.839062929
662,1517157367.040719986,246.136322021,13.680603981,3.606878042,-0.005322665,-0.003701225,0.940393007,0.340027885,2164,1517157366.839062929,3452,1517157362.804903984,0,1517157366.839062929,0.057435483,1517157367.260080099,28196,1517157367.040719986,52,1517157367.040719986,2973,1517157367.040719986
663,1517157367.242439985,246.133209229,13.683503151,3.606582880,-0.005402013,-0.004132616,0.940416274,0.339957307,2146,1517157367.040719986,3452,1517157362.804903984,0,1517157367.040719986,0.057222682,1517157367.565072060,28196,1517157367.242439985,52,1517157367.242439985,2958,1517157367.242439985
664,1517157367.545020103,246.135452271,13.681917191,3.606671095,-0.005288901,-0.004204103,0.940408319,0.339980216,2141,1517157367.242439985,3452,1517157362.804903984,0,1517157367.242439985,0.049334942,1517157367.760080099,28163,1517157367.545020103,56,1517157367.545020103,2972,1517157367.545020103
665,1517157367.746740103,246.131225586,13.682860374,3.606295109,-0.005077447,-0.002979431,0.940470047,0.339825592,2159,1517157367.545020103,3452,1517157362.804903984,0,1517157367.545020103,0.074533718,1517157367.965071917,28222,1517157367.746740103,50,1517157367.746740103,2967,1517157367.746740103
666,1517157367.948460102,246.130157471,13.684126854,3.603679657,-0.003329250,-0.004330927,0.940477114,0.339813121,2155,1517157367.746740103,3452,1517157367.746740103,0,1517157367.746740103,0.217350011,1517157368.170016050,28198,1517157367.948460102,46,1517157367.948460102,2959,1517157367.948460102
667,1517157368.250979900,246.077606201,13.718297958,3.604445934,0.008936711,-0.012075742,0.940634580,0.339088335,2121,1517157367.948460102,3452,1517157367.746740103,0,1517157367.948460102,0.480184687,1517157368.470016003,28225,1517157368.250979900,44,1517157368.250979900,3022,1517157368.250979900
668,1517157368.452699900,246.022750854,13.767311096,3.598984957,0.013736749,-0.012427858,0.940802393,0.338448974,2195,1517157368.250979900,3452,1517157367.746740103,0,1517157368.250979900,0.672330617,1517157368.680016041,28181,1517157368.452699900,42,1517157368.452699900,2969,1517157368.452699900
669,1517157368.654419899,245.913711548,13.848287582,3.600797176,0.021098256,-0.011027563,0.941212664,0.336974743,2146,1517157368.452699900,3452,1517157367.746740103,0,1517157368.452699900,0.872506615,1517157368.875008106,28079,1517157368.654419899,38,1517157368.654419899,2910,1517157368.654419899
670,1517157368.856139898,245.783401489,13.946803093,3.599799633,0.022549808,-0.014763028,0.941505046,0.335919346,2082,1517157368.654419899,3452,1517157367.746740103,0,1517157368.654419899,1.130653841,1517157369.079967976,26959,1517157368.856139898,35,1517157368.856139898,2977,1517157368.856139898
671,1517157369.057807922,245.607269287,14.076514244,3.595994711,0.024900130,-0.011288352,0.943170338,0.331183137,2138,1517157368.856139898,3452,1517157367.746740103,0,1517157368.856139898,1.354222493,1517157369.279968023,25201,1517157369.057807922,36,1517157369.057807922,2933,1517157369.057807922
672,1517157369.461247921,245.128097534,14.341647148,3.586062193,0.027155761,-0.006115297,0.963255460,0.267140576,2140,1517157369.057807922,3452,1517157367.746740103,0,1517157369.057807922,1.799072219,1517157369.694960117,24323,1517157369.461247921,43,1517157369.461247921,2799,1517157369.461247921
673,1517157369.763828039,244.650573730,14.557744980,3.575463295,0.030295313,0.002667453,0.975812391,0.216483848,2099,1517157369.461247921,3452,1517157367.746740103,0,1517157369.461247921,2.142038745,1517157370.084896088,24715,1517157369.763828039,42,1517157369.763828039,2863,1517157369.763828039
674,1517157370.066338062,244.071105957,14.725333214,3.568514347,0.025183719,-0.007837671,0.987019151,0.158422054,2129,1517157369.763828039,3452,1517157367.746740103,0,1517157369.763828039,2.308370733,1517157370.289904118,28119,1517157370.066338062,44,1517157370.066338062,2995,1517157370.066338062
675,1517157370.268058062,243.655731201,14.888878822,3.558510065,0.023864412,-0.008449116,0.980255365,0.196108444,2211,1517157370.066338062,3452,1517157367.746740103,0,1517157370.066338062,2.460276520,1517157370.489903927,28061,1517157370.268058062,46,1517157370.268058062,2965,1517157370.268058062
676,1517157370.469778061,243.229293823,15.051942825,3.550297022,0.025070896,-0.002595948,0.980617338,0.194304779,2209,1517157370.268058062,3452,1517157367.746740103,0,1517157370.268058062,2.648201859,1517157370.689903975,28037,1517157370.469778061,41,1517157370.469778061,2996,1517157370.469778061
677,1517157370.671499014,242.774856567,15.229347229,3.539811373,0.030005914,-0.004418332,0.980346168,0.194939770,2227,1517157370.469778061,3452,1517157367.746740103,0,1517157370.469778061,2.763781059,1517157370.894896030,28235,1517157370.671499014,47,1517157370.671499014,3044,1517157370.671499014
678,1517157370.873219013,242.293334961,15.412622452,3.534405231,0.027594644,-0.005657492,0.980270045,0.195645512,2275,1517157370.671499014,3452,1517157367.746740103,0,1517157370.671499014,2.928201268,1517157371.194832087,28253,1517157370.873219013,44,1517157370.873219013,3017,1517157370.873219013
679,1517157371.175738096,241.494888306,15.723584175,3.519172192,0.030481302,-0.005836211,0.979539020,0.198847019,2239,1517157370.873219013,3452,1517157367.746740103,0,1517157370.873219013,3.038156368,1517157371.399840117,28232,1517157371.175738096,50,1517157371.175738096,3006,1517157371.175738096
680,1517157371.377458096,240.970825195,15.931431770,3.513214827,0.026621717,-0.003363677,0.979432874,0.199978036,2249,1517157371.175738096,3452,1517157367.746740103,0,1517157371.175738096,3.126364333,1517157371.599839926,28091,1517157371.377458096,61,1517157371.377458096,2999,1517157371.377458096
681,1517157371.579178095,240.404617310,16.151811600,3.503819704,0.030230320,-0.006049062,0.979339343,0.199859919,2248,1517157371.377458096,3452,1517157367.746740103,0,1517157371.377458096,3.136543345,1517157371.799839973,28217,1517157371.579178095,54,1517157371.579178095,3058,1517157371.579178095
682,1517157371.780898094,239.840957642,16.377172470,3.501238108,0.023113786,-0.000568030,0.979725050,0.199008183,2265,1517157371.579178095,3452,1517157367.746740103,0,1517157371.579178095,3.065059545,1517157372.004767895,28025,1517157371.780898094,62,1517157371.780898094,3114,1517157371.780898094
683,1517157371.982618093,239.273056030,16.533758163,3.490076780,0.008688892,0.021006977,0.991403445,0.128850375,2340,1517157371.780898094,3452,1517157367.746740103,0,1517157371.780898094,2.942910462,1517157372.204767942,28171,1517157371.982618093,68,1517157371.982618093,3296,1517157371.982618093
684,1517157372.184277058,238.708984375,16.691743851,3.460967779,-0.007453774,-0.020780157,0.985136418,0.170349243,2471,1517157371.982618093,3452,1517157367.746740103,0,1517157371.982618093,2.399072698,1517157372.404767990,27922,1517157372.184277058,102,1517157372.184277058,3215,1517157372.184277058
685,1517157372.385997057,238.249313354,16.910709381,3.464325666,-0.034463291,-0.042419997,0.950189894,0.306841965,2448,1517157372.184277058,3452,1517157367.746740103,0,1517157372.184277058,1.952523853,1517157372.609776020,27870,1517157372.385997057,81,1517157372.385997057,3335,1517157372.385997057
686,1517157372.587717056,237.937332153,17.150035858,3.458404064,-0.033830410,-0.040382166,0.918022242,0.393013927,2531,1517157372.385997057,3452,1517157367.746740103,0,1517157372.385997057,1.717651844,1517157372.829776049,27224,1517157372.587717056,114,1517157372.587717056,3544,1517157372.587717056
687,1517157372.789437056,237.745834351,17.411062241,3.463277102,-0.021833070,-0.030324716,0.903757173,0.426411422,2714,1517157372.587717056,3452,1517157367.746740103,0,1517157372.587717056,1.677988499,1517157373.019711971,27153,1517157372.789437056,106,1517157372.789437056,3621,1517157372.789437056
688,1517157372.991157055,237.522079468,17.696796417,3.459016800,0.000910124,-0.012834331,0.898166665,0.439466830,2770,1517157372.789437056,3603,1517157372.789437056,0,1517157372.789437056,1.632796250,1517157373.224704027,27738,1517157372.991157055,86,1517157372.991157055,3526,1517157372.991157055
689,1517157373.192816019,237.264053345,17.932569504,3.455131531,0.015156437,0.019765825,0.932685845,0.359828723,2656,1517157372.991157055,3603,1517157372.789437056,0,1517157372.991157055,1.617573690,1517157373.424704075,28191,1517157373.192816019,76,1517157373.192816019,3282,1517157373.192816019
690,1517157373.394536018,236.990066528,18.099674225,3.449310303,0.016589020,0.020172103,0.956529973,0.290462219,2446,1517157373.192816019,3603,1517157372.789437056,0,1517157373.192816019,1.654180292,1517157373.624703884,28035,1517157373.394536018,110,1517157373.394536018,3135,1517157373.394536018
691,1517157373.596256018,236.659881592,18.270332336,3.447335958,0.019518169,0.013377581,0.967019188,0.253601994,2411,1517157373.394536018,3603,1517157372.789437056,0,1517157373.394536018,1.686313862,1517157373.829711914,28214,1517157373.596256018,64,1517157373.596256018,3208,1517157373.596256018
692,1517157373.797976017,236.325317383,18.433921814,3.442292929,0.023883338,0.003975584,0.970509483,0.239843957,2451,1517157373.596256018,3603,1517157372.789437056,0,1517157373.596256018,1.747281545,1517157374.124639988,28096,1517157373.797976017,64,1517157373.797976017,3107,1517157373.797976017
693,1517157374.100495100,235.860900879,18.657983780,3.438356400,0.026369935,0.002836219,0.972627626,0.230850783,2391,1517157373.797976017,3603,1517157372.789437056,0,1517157373.797976017,1.825992371,1517157374.324640036,28235,1517157374.100495100,59,1517157374.100495100,3066,1517157374.100495100
694,1517157374.403074980,235.327514648,18.887540817,3.437671423,0.028200097,0.000398831,0.976812269,0.212231916,2345,1517157374.100495100,3603,1517157372.789437056,0,1517157374.100495100,1.993073875,1517157374.624639988,28283,1517157374.403074980,62,1517157374.403074980,3125,1517157374.403074980
695,1517157374.604794979,234.943435669,19.052293777,3.436018229,0.024832252,-0.002696811,0.976088673,0.215932832,2385,1517157374.403074980,3603,1517157372.789437056,0,1517157374.403074980,2.072314680,1517157374.829648018,28254,1517157374.604794979,60,1517157374.604794979,3227,1517157374.604794979
696,1517157374.806514978,234.561676025,19.222948074,3.423089743,0.019704270,0.000042569,0.975772488,0.217898582,2446,1517157374.604794979,3603,1517157372.789437056,0,1517157374.604794979,2.175832357,1517157375.034575939,28170,1517157374.806514978,55,1517157374.806514978,3210,1517157374.806514978
697,1517157375.008173943,234.161071777,19.398933411,3.412251711,0.031636002,-0.003833450,0.975218900,0.218935071,2412,1517157374.806514978,3603,1517157372.789437056,0,1517157374.806514978,2.280508509,1517157375.234575987,28217,1517157375.008173943,52,1517157375.008173943,3193,1517157375.008173943
698,1517157375.209893942,233.713745117,19.600000381,3.414034367,0.029708617,-0.007280439,0.974897610,0.220542612,2398,1517157375.008173943,3603,1517157372.789437056,0,1517157375.008173943,2.386323415,1517157375.439584017,28256,1517157375.209893942,49,1517157375.209893942,3278,1517157375.209893942
699,1517157375.411614895,233.261520386,19.804809570,3.411360264,0.026683573,-0.007474596,0.974091705,0.224449256,2398,1517157375.209893942,3603,1517157372.789437056,0,1517157375.209893942,2.507748693,1517157375.634576082,28232,1517157375.411614895,51,1517157375.411614895,3348,1517157375.411614895
700,1517157375.613334894,232.809310913,20.016340256,3.400614738,0.024518714,-0.004598554,0.973768245,0.226170493,2450,1517157375.411614895,3603,1517157372.789437056,0,1517157375.411614895,2.666456347,1517157375.839584112,28242,1517157375.613334894,53,1517157375.613334894,3312,1517157375.613334894
701,1517157375.915915012,232.047393799,20.378355026,3.379315138,0.019596659,-0.002780603,0.972699874,0.231221095,2446,1517157375.613334894,3603,1517157372.789437056,0,1517157375.613334894,2.786170039,1517157376.139535904,28252,1517157375.915915012,53,1517157375.915915012,3172,1517157375.915915012
702,1517157376.117583990,231.546020508,20.620061874,3.375168085,0.026004473,-0.003178186,0.972308160,0.232229431,2390,1517157375.915915012,3603,1517157372.789437056,0,1517157375.915915012,2.899099521,1517157376.344527960,28193,1517157376.117583990,50,1517157376.117583990,3114,1517157376.117583990
703,1517157376.319303989,231.025650024,20.845788956,3.366378784,0.029730285,0.006950981,0.978727753,0.202878729,2344,1517157376.117583990,3603,1517157372.789437056,0,1517157376.117583990,2.940756927,1517157376.549535990,28293,1517157376.319303989,47,1517157376.319303989,3145,1517157376.319303989
704,1517157376.521023989,230.468765259,21.042016983,3.361295462,0.023404293,-0.000302592,0.983521359,0.179270422,2373,1517157376.319303989,3603,1517157372.789437056,0,1517157376.319303989,2.978792060,1517157376.744528055,28288,1517157376.521023989,52,1517157376.521023989,3170,1517157376.521023989
705,1517157376.722743988,229.903671265,21.262016296,3.352834940,0.024810981,-0.004126438,0.979644001,0.199160785,2385,1517157376.521023989,3603,1517157372.789437056,0,1517157376.521023989,3.088370142,1517157377.049472094,28254,1517157376.621884108,53,1517157376.722743988,3109,1517157376.722743988
706,1517157376.924463987,229.344680786,21.475898743,3.347392559,0.022914248,-0.001486851,0.980420387,0.195572470,2355,1517157376.722743988,3603,1517157372.789437056,0,1517157376.722743988,3.082464761,1517157377.154464006,28235,1517157376.924463987,48,1517157376.924463987,3120,1517157376.924463987
707,1517157377.126113892,228.741714478,21.710344315,3.339943171,0.021366581,-0.005335043,0.980435497,0.195604812,2358,1517157376.924463987,3603,1517157372.789437056,0,1517157376.924463987,3.175019259,1517157377.349472046,28250,1517157377.126113892,54,1517157377.126113892,3200,1517157377.126113892
708,1517157377.428694963,227.874969482,22.042993546,3.314977646,0.019001507,-0.004327274,0.980530738,0.195396239,2430,1517157377.126113892,3603,1517157372.789437056,0,1517157377.126113892,3.220111221,1517157377.659471989,28238,1517157377.428694963,57,1517157377.428694963,3189,1517157377.428694963
709,1517157377.630414963,227.307235718,22.259637833,3.311665773,0.026477876,-0.003927565,0.980207724,0.196153803,2432,1517157377.428694963,3603,1517157372.789437056,0,1517157377.428694963,3.272505080,1517157377.859472036,28265,1517157377.630414963,47,1517157377.630414963,3190,1517157377.630414963
710,1517157377.832134962,226.653244019,22.522962570,3.310287714,0.023227947,-0.009609034,0.978736250,0.203576723,2409,1517157377.630414963,3605,1517157377.731275082,0,1517157377.630414963,3.298887547,1517157378.064399958,28307,1517157377.832134962,46,1517157377.832134962,3245,1517157377.832134962
711,1517157378.033792019,226.075561523,22.802108765,3.300117254,0.012018367,-0.024798526,0.962396301,0.270247943,2441,1517157377.832134962,3605,1517157377.731275082,0,1517157377.832134962,3.264441951,1517157378.259407997,28172,1517157378.033792019,45,1517157378.033792019,3210,1517157378.033792019
712,1517157378.235512018,225.515106201,23.147212982,3.271961212,0.008739695,-0.019645611,0.952980229,0.302268675,2413,1517157378.033792019,3605,1517157377.731275082,0,1517157378.033792019,3.255959742,1517157378.459408045,27925,1517157378.235512018,44,1517157378.235512018,3265,1517157378.235512018
713,1517157378.437232018,225.004074097,23.487667084,3.278186083,0.018247768,-0.000033652,0.963972379,0.265375714,2453,1517157378.235512018,3605,1517157377.731275082,0,1517157378.235512018,3.304158680,1517157378.669408083,28318,1517157378.437232018,60,1517157378.437232018,3211,1517157378.437232018
714,1517157378.638952017,224.472961426,23.804002762,3.281845808,0.022100306,-0.002349350,0.959355713,0.281323077,2438,1517157378.437232018,3605,1517157377.731275082,0,1517157378.437232018,3.356270691,1517157378.874399900,28263,1517157378.638952017,58,1517157378.638952017,3215,1517157378.638952017
715,1517157378.840672016,223.867370605,24.161775589,3.258675814,0.023701286,-0.001939069,0.961108058,0.275146853,2423,1517157378.638952017,3605,1517157377.731275082,0,1517157378.638952017,3.388665498,1517157379.079344034,28299,1517157378.840672016,62,1517157378.840672016,3222,1517157378.840672016
716,1517157379.042331934,223.310348511,24.488050461,3.245922327,0.018814060,0.000145470,0.962239488,0.271553269,2441,1517157378.840672016,3605,1517157377.731275082,0,1517157378.840672016,3.401628939,1517157379.274336100,28172,1517157379.042331934,64,1517157379.042331934,3233,1517157379.042331934
717,1517157379.244051933,222.725234985,24.802644730,3.233893871,0.020594335,0.005794580,0.971863327,0.234571886,2483,1517157379.042331934,3605,1517157377.731275082,0,1517157379.042331934,3.348387502,1517157379.469343901,28251,1517157379.244051933,61,1517157379.244051933,3142,1517157379.244051933
718,1517157379.445771933,222.091934204,25.099491119,3.225416422,0.017566425,0.009148563,0.977526569,0.209879800,2429,1517157379.244051933,3605,1517157377.731275082,0,1517157379.244051933,3.313850611,1517157379.679343939,28348,1517157379.445771933,65,1517157379.445771933,3204,1517157379.445771933
719,1517157379.647492886,221.428848267,25.401323318,3.213833809,0.016283478,0.002694966,0.973572239,0.227782090,2451,1517157379.445771933,3605,1517157377.731275082,0,1517157379.445771933,3.299724770,1517157379.889343977,28209,1517157379.647492886,53,1517157379.647492886,3299,1517157379.647492886
720,1517157379.849212885,220.822723389,25.684270859,3.208355665,0.017017469,0.000089374,0.974025634,0.225797392,2445,1517157379.647492886,3605,1517157377.731275082,0,1517157379.647492886,3.234146443,1517157380.089279890,28228,1517157379.849212885,57,1517157379.849212885,3284,1517157379.849212885
721,1517157380.050872087,220.050064087,26.042097092,3.192016840,0.013951872,-0.000511558,0.974357281,0.224572869,2477,1517157379.849212885,3605,1517157377.731275082,0,1517157379.849212885,3.168050433,1517157380.304271936,28167,1517157380.050872087,50,1517157380.050872087,3307,1517157380.050872087
722,1517157380.252592087,219.467666626,26.322422028,3.169919014,0.016681778,0.003488929,0.974395656,0.224193333,2508,1517157380.050872087,3605,1517157377.731275082,0,1517157380.050872087,3.165559672,1517157380.489279985,28213,1517157380.252592087,51,1517157380.252592087,3237,1517157380.252592087
723,1517157380.454312086,218.836029053,26.634351730,3.166177273,0.042576621,0.034424436,0.977146053,0.205396644,2421,1517157380.252592087,3605,1517157377.731275082,0,1517157380.252592087,2.966511768,1517157380.689280033,28253,1517157380.454312086,64,1517157380.454312086,3317,1517157380.454312086
724,1517157380.656032085,218.328186035,26.895378113,3.196872234,0.030152599,0.080733048,0.979451696,0.182338618,2562,1517157380.454312086,3605,1517157377.731275082,0,1517157380.454312086,2.700401389,1517157380.894272089,28266,1517157380.656032085,53,1517157380.656032085,3454,1517157380.656032085
725,1517157380.857752085,217.866317749,27.090740204,3.249962091,0.042273997,0.075096307,0.978576343,0.186980734,2691,1517157380.656032085,3605,1517157377.731275082,0,1517157380.656032085,2.655592812,1517157381.224224091,28194,1517157380.857752085,50,1517157380.857752085,3425,1517157380.857752085
726,1517157381.059411049,217.292114258,27.304864883,3.179999113,-0.026487737,0.071568648,0.974625012,0.210433870,2637,1517157380.857752085,3605,1517157377.731275082,0,1517157380.857752085,2.689130027,1517157381.309224129,28194,1517157380.857752085,34,1517157381.059411049,3214,1517157381.059411049
727,1517157381.261131048,216.797393799,27.486682892,3.171461821,-0.003395490,0.034177990,0.983663748,0.176708704,2470,1517157381.059411049,3605,1517157377.731275082,0,1517157381.059411049,2.714197646,1517157381.494224072,28185,1517157381.261131048,38,1517157381.261131048,3268,1517157381.261131048
728,1517157381.462851048,216.287612915,27.659692764,3.153928757,0.009510212,-0.011226129,0.980714585,0.194890820,2464,1517157381.261131048,3605,1517157377.731275082,0,1517157381.261131048,2.733025871,1517157381.694224119,28263,1517157381.462851048,51,1517157381.462851048,3222,1517157381.462851048
729,1517157381.664571047,215.883865356,27.847101212,3.148596764,0.001307616,-0.022795737,0.968326569,0.248640905,2461,1517157381.462851048,3605,1517157377.731275082,0,1517157381.462851048,2.759826568,1517157381.904223919,28187,1517157381.664571047,42,1517157381.664571047,3235,1517157381.664571047
730,1517157381.866292000,215.383239746,28.124807358,3.137962103,0.007132621,-0.012608961,0.965238616,0.260968494,2449,1517157381.664571047,3605,1517157377.731275082,0,1517157381.664571047,2.823074261,1517157382.114160061,28218,1517157381.866292000,37,1517157381.866292000,3198,1517157381.866292000
731,1517157382.067950964,214.909408569,28.382383347,3.117146015,0.013557611,-0.005083824,0.967000019,0.254364520,2415,1517157381.866292000,3605,1517157377.731275082,0,1517157381.866292000,2.882600905,1517157382.324160099,28296,1517157382.067950964,34,1517157382.067950964,3196,1517157382.067950964
732,1517157382.269670963,214.433349609,28.636362076,3.111620188,0.022704450,-0.002606913,0.967083723,0.253430039,2412,1517157382.067950964,3605,1517157377.731275082,0,1517157382.067950964,2.928016030,1517157382.499167919,28316,1517157382.269670963,46,1517157382.269670963,3146,1517157382.269670963
733,1517157382.471390963,213.939895630,28.897329330,3.106139421,0.028258987,-0.002777830,0.967550305,0.251077917,2376,1517157382.269670963,3605,1517157377.731275082,0,1517157382.269670963,3.021540599,1517157382.699167967,28272,1517157382.471390963,39,1517157382.471390963,3142,1517157382.471390963
734,1517157382.673110962,213.409530640,29.178611755,3.100265503,0.028456523,-0.002920497,0.967736341,0.250335919,2373,1517157382.471390963,3605,1517157377.731275082,0,1517157382.471390963,3.143257319,1517157382.909168005,28259,1517157382.673110962,38,1517157382.673110962,3172,1517157382.673110962
735,1517157382.874830961,212.925552368,29.432756424,3.095090389,0.031280604,-0.010660326,0.967120351,0.252162859,2402,1517157382.673110962,3610,1517157382.673110962,0,1517157382.673110962,3.242044533,1517157383.129103899,28201,1517157382.874830961,40,1517157382.874830961,3176,1517157382.874830961
736,1517157383.076488972,212.371963501,29.725887299,3.093002558,0.024956052,-0.006576295,0.967741408,0.250620261,2398,1517157382.874830961,3610,1517157382.673110962,0,1517157382.874830961,3.332585421,1517157383.309103966,28179,1517157383.076488972,44,1517157383.076488972,3179,1517157383.076488972
737,1517157383.278208971,211.760025024,30.044094086,3.082208633,0.024557011,-0.005013763,0.968163970,0.249058913,2411,1517157383.076488972,3610,1517157382.673110962,0,1517157383.076488972,3.507965079,1517157383.549103975,28239,1517157383.278208971,49,1517157383.278208971,3144,1517157383.278208971
738,1517157383.479928970,211.132003784,30.377008438,3.063805342,0.020874800,-0.005582673,0.967244329,0.252925846,2392,1517157383.278208971,3610,1517157382.673110962,0,1517157383.278208971,3.563927062,1517157383.714096069,28188,1517157383.479928970,41,1517157383.479928970,3194,1517157383.479928970
739,1517157383.681648970,210.495178223,30.710834503,3.049697638,0.027706702,-0.008197208,0.967443288,0.251433151,2427,1517157383.479928970,3610,1517157382.673110962,0,1517157383.479928970,3.586989486,1517157383.924096107,28289,1517157383.681648970,41,1517157383.681648970,3160,1517157383.681648970
740,1517157383.883369923,209.852600098,31.052766800,3.030356169,0.025383035,-0.006476011,0.967435979,0.251756607,2391,1517157383.681648970,3610,1517157382.673110962,0,1517157383.681648970,3.610216258,1517157384.114032030,28295,1517157383.883369923,46,1517157383.883369923,3198,1517157383.883369923
741,1517157384.085028887,209.159896851,31.417390823,3.028090477,0.025235875,-0.006442986,0.967590616,0.251177304,2417,1517157383.883369923,3610,1517157382.673110962,0,1517157383.883369923,3.589792704,1517157384.324032068,28280,1517157384.085028887,45,1517157384.085028887,3204,1517157384.085028887
742,1517157384.387609005,208.221450806,31.909978867,3.027492523,0.020766029,-0.007301968,0.967452314,0.252094174,2406,1517157384.085028887,3610,1517157382.673110962,0,1517157384.085028887,3.466933624,1517157384.734031916,28269,1517157384.387609005,57,1517157384.387609005,3222,1517157384.387609005
743,1517157384.589329004,207.577087402,32.230365753,3.004634619,0.014952203,0.005610043,0.973004487,0.230232986,2443,1517157384.387609005,3610,1517157382.673110962,0,1517157384.387609005,3.428382223,1517157384.814032078,28185,1517157384.589329004,60,1517157384.589329004,3378,1517157384.589329004
744,1517157384.791049004,206.938247681,32.535778046,2.990852594,0.005203767,-0.000171229,0.975884786,0.218224142,2534,1517157384.589329004,3610,1517157382.673110962,0,1517157384.589329004,3.325624490,1517157385.023967981,28323,1517157384.791049004,68,1517157384.791049004,3290,1517157384.791049004
745,1517157384.992769003,206.316589355,32.822708130,2.979767799,0.002036511,-0.005903075,0.971892355,0.235342851,2479,1517157384.791049004,3610,1517157382.673110962,0,1517157384.791049004,3.158269243,1517157385.233968019,28345,1517157384.992769003,59,1517157384.992769003,3325,1517157384.992769003
746,1517157385.194427013,205.758239746,33.089031219,2.967317343,-0.000982686,-0.006950475,0.971596368,0.236540107,2503,1517157384.992769003,3610,1517157382.673110962,0,1517157384.992769003,3.025586185,1517157385.438976049,28171,1517157385.194427013,63,1517157385.194427013,3266,1517157385.194427013
747,1517157385.396147013,205.208618164,33.354721069,2.954860210,0.002123915,-0.004848838,0.971860509,0.235497619,2502,1517157385.194427013,3610,1517157382.673110962,0,1517157385.194427013,2.906878661,1517157385.638976097,28183,1517157385.396147013,49,1517157385.396147013,3194,1517157385.396147013
748,1517157385.698726892,204.338684082,33.784641266,2.950749397,0.006669861,-0.000512695,0.971217113,0.238102013,2449,1517157385.396147013,3610,1517157382.673110962,0,1517157385.396147013,2.715988663,1517157385.973968029,28259,1517157385.698726892,60,1517157385.698726892,3226,1517157385.698726892
749,1517157385.900446892,203.743682861,34.078598022,2.951678038,0.017848889,-0.000704138,0.970888516,0.238864838,2476,1517157385.698726892,3610,1517157382.673110962,0,1517157385.698726892,2.670550869,1517157386.168911934,28216,1517157385.900446892,49,1517157385.900446892,3229,1517157385.900446892
750,1517157386.102107048,203.151199341,34.372955322,2.960825682,0.020799843,-0.003038568,0.970805622,0.238944717,2439,1517157385.900446892,3610,1517157382.673110962,0,1517157385.900446892,2.703270608,1517157386.358911991,28248,1517157386.102107048,52,1517157386.102107048,3241,1517157386.102107048
751,1517157386.303827047,202.670043945,34.608558655,2.951566458,0.006302741,-0.000342318,0.970512172,0.240969462,2438,1517157386.102107048,3610,1517157382.673110962,0,1517157386.102107048,2.819883394,1517157386.548912048,28198,1517157386.303827047,66,1517157386.303827047,3281,1517157386.303827047
752,1517157386.505547047,202.227401733,34.829219818,2.943728685,0.021406833,-0.002375691,0.970628980,0.239615290,2502,1517157386.303827047,3610,1517157382.673110962,0,1517157386.303827047,2.958449839,1517157386.773904085,28277,1517157386.505547047,52,1517157386.505547047,3227,1517157386.505547047
753,1517157386.707267046,201.680313110,35.105590820,2.935576200,0.026030238,-0.003633717,0.970226283,0.240769980,2448,1517157386.505547047,3610,1517157382.673110962,0,1517157386.505547047,3.102755428,1517157386.938911915,28217,1517157386.707267046,51,1517157386.707267046,3203,1517157386.707267046
754,1517157386.908987045,201.135284424,35.381664276,2.931286335,0.026916977,-0.004029617,0.969858224,0.242145130,2422,1517157386.707267046,3610,1517157382.673110962,0,1517157386.707267046,3.245229554,1517157387.143856049,28257,1517157386.908987045,52,1517157386.908987045,3179,1517157386.908987045
755,1517157387.110646963,200.545776367,35.681186676,2.909019709,0.021840010,-0.002205721,0.968903126,0.246464765,2406,1517157386.908987045,3610,1517157382.673110962,0,1517157386.908987045,3.406485912,1517157387.343856096,28202,1517157387.110646963,56,1517157387.110646963,3164,1517157387.110646963
756,1517157387.312366962,199.957702637,35.986888885,2.901697159,0.025879881,-0.003831774,0.968613957,0.247189301,2400,1517157387.110646963,3610,1517157382.673110962,0,1517157387.110646963,3.507720159,1517157387.538863897,28293,1517157387.312366962,46,1517157387.312366962,3207,1517157387.312366962
757,1517157387.514086962,199.338531494,36.306968689,2.892148972,0.026316952,-0.006715639,0.968503649,0.247513635,2422,1517157387.312366962,3610,1517157382.673110962,0,1517157387.312366962,3.616467444,1517157387.758863926,28246,1517157387.514086962,58,1517157387.514086962,3200,1517157387.514086962
758,1517157387.715806961,198.743896484,36.613933563,2.886977673,0.023242941,-0.003315268,0.968294484,0.248705784,2412,1517157387.514086962,3610,1517157382.673110962,0,1517157387.514086962,3.671183490,1517157387.963855982,28203,1517157387.715806961,50,1517157387.715806961,3179,1517157387.715806961
759,1517157387.917526960,198.102493286,36.948379517,2.871737957,0.025666138,-0.005440493,0.968102788,0.249175927,2400,1517157387.715806961,3616,1517157387.715806961,0,1517157387.715806961,3.687978065,1517157388.153791904,28232,1517157387.917526960,52,1517157387.917526960,3184,1517157387.917526960
760,1517157388.119184971,197.514694214,37.262474060,2.861426830,0.024268459,-0.006839588,0.967607645,0.251196549,2404,1517157387.917526960,3616,1517157387.715806961,0,1517157387.917526960,3.712505238,1517157388.358799934,28227,1517157388.119184971,48,1517157388.119184971,3192,1517157388.119184971
761,1517157388.320905924,196.835327148,37.615856171,2.856027365,0.022500082,-0.004948039,0.967360487,0.252354812,2409,1517157388.119184971,3616,1517157387.715806961,0,1517157388.119184971,3.684700652,1517157388.668800116,28275,1517157388.320905924,46,1517157388.320905924,3176,1517157388.320905924
762,1517157388.522625923,196.203582764,37.948638916,2.843449831,0.020305849,-0.005633170,0.967019850,0.253827796,2407,1517157388.320905924,3616,1517157387.715806961,0,1517157388.320905924,3.674489124,1517157388.758800030,28320,1517157388.522625923,40,1517157388.522625923,3187,1517157388.522625923
763,1517157388.724345922,195.574172974,38.284015656,2.830499649,0.022564017,-0.006962641,0.966907669,0.254031390,2412,1517157388.522625923,3616,1517157387.715806961,0,1517157388.522625923,3.711713727,1517157388.983792067,28317,1517157388.724345922,39,1517157388.724345922,3197,1517157388.724345922
764,1517157388.926065922,194.978942871,38.603507996,2.821019650,0.024134706,-0.008476037,0.967492697,0.251601974,2417,1517157388.724345922,3616,1517157387.715806961,0,1517157388.724345922,3.674692501,1517157389.168735981,28327,1517157388.926065922,36,1517157388.926065922,3163,1517157388.926065922
765,1517157389.127724886,194.353149414,38.935131073,2.816667795,0.024692250,-0.009080768,0.967185674,0.252704778,2384,1517157388.926065922,3616,1517157387.715806961,0,1517157388.926065922,3.653601458,1517157389.358736038,28258,1517157389.127724886,39,1517157389.127724886,3180,1517157389.127724886
766,1517157389.329444885,194.101074219,39.084423065,2.824388981,0.020648603,-0.005953308,0.967176642,0.253194660,2420,1517157389.127724886,3616,1517157387.715806961,0,1517157389.127724886,3.515271269,1517157389.608736038,28290,1517157389.329444885,37,1517157389.329444885,3188,1517157389.329444885
767,1517157389.531164885,193.506484985,39.403736115,2.815216064,0.015520660,-0.005124374,0.967503381,0.252329265,2424,1517157389.329444885,3616,1517157387.715806961,0,1517157389.329444885,3.370932998,1517157389.768735886,28255,1517157389.531164885,33,1517157389.531164885,3216,1517157389.531164885
768,1517157389.732884884,192.897293091,39.723232269,2.805744171,0.016043789,-0.001179838,0.967495383,0.252376480,2441,1517157389.531164885,3616,1517157387.715806961,0,1517157389.531164885,3.156349627,1517157389.993727922,28253,1517157389.732884884,28,1517157389.732884884,3185,1517157389.732884884
769,1517157389.934604883,192.341613770,40.018341064,2.799006939,0.012734381,0.001130175,0.967738750,0.251631219,2413,1517157389.732884884,3616,1517157387.715806961,0,1517157389.732884884,2.979418857,1517157390.183680058,28288,1517157389.934604883,36,1517157389.934604883,3216,1517157389.934604883
770,1517157390.136271954,191.776580811,40.319629669,2.788813829,0.011935402,0.002056036,0.968435137,0.248971293,2442,1517157389.934604883,3612,1517157390.035412073,0,1517157389.934604883,2.637587503,1517157390.503679991,28324,1517157390.136271954,34,1517157390.136271954,3261,1517157390.136271954
771,1517157390.438853025,190.900863647,40.759429932,2.774268150,0.003058363,0.017262094,0.975273686,0.220304118,2460,1517157390.136271954,3612,1517157390.035412073,0,1517157390.136271954,2.363139050,1517157390.693680048,28188,1517157390.438853025,34,1517157390.438853025,3238,1517157390.438853025
772,1517157390.640573025,190.407409668,40.964267731,2.765493155,-0.005610771,0.013764391,0.980083606,0.198028247,2461,1517157390.438853025,3612,1517157390.035412073,0,1517157390.438853025,2.195439642,1517157390.908688068,28291,1517157390.640573025,44,1517157390.640573025,3260,1517157390.640573025
773,1517157390.842293024,189.975936890,41.152385712,2.755521536,-0.006122999,0.008859226,0.974541216,0.223949640,2481,1517157390.640573025,3612,1517157390.035412073,0,1517157390.640573025,2.098881502,1517157391.068608046,28290,1517157390.842293024,40,1517157390.842293024,3148,1517157390.842293024
774,1517157391.043942928,189.523056030,41.358345032,2.739647627,-0.004970054,0.007754123,0.975307216,0.220660385,2433,1517157390.842293024,3612,1517157390.035412073,1,1517157390.842293024,1.973746607,1517157391.283600092,28375,1517157391.043942928,40,1517157391.043942928,3173,1517157391.043942928
775,1517157391.245662928,189.007461548,41.591262817,2.733164787,-0.003185526,0.007670058,0.976639135,0.214725461,2453,1517157391.043942928,3612,1517157390.035412073,0,1517157391.043942928,1.929034047,1517157391.518608093,28283,1517157391.144803047,47,1517157391.245662928,3230,1517157391.245662928
776,1517157391.447382927,188.581878662,41.773994446,2.721859455,0.002409950,0.004256139,0.977474715,0.210995876,2476,1517157391.245662928,3612,1517157390.035412073,0,1517157391.245662928,1.935016014,1517157391.793600082,28349,1517157391.447382927,44,1517157391.447382927,3202,1517157391.447382927
777,1517157391.749963045,187.867462158,42.083633423,2.711587906,0.003836490,0.004353042,0.977723644,0.209816131,2441,1517157391.447382927,3612,1517157390.035412073,0,1517157391.447382927,2.017104076,1517157392.013535976,28332,1517157391.749963045,39,1517157391.749963045,3251,1517157391.749963045
778,1517157391.951683044,187.441558838,42.267387390,2.707538128,0.015808783,0.001058011,0.978092633,0.207566288,2463,1517157391.749963045,3612,1517157390.035412073,0,1517157391.749963045,2.134837162,1517157392.183536053,28370,1517157391.951683044,43,1517157391.951683044,3225,1517157391.951683044
779,1517157392.254201889,186.666946411,42.601501465,2.706905603,0.018549378,-0.001120368,0.977750177,0.208947977,2439,1517157391.951683044,3612,1517157390.035412073,0,1517157391.951683044,2.326260323,1517157392.483536005,28319,1517157392.254201889,40,1517157392.254201889,3207,1517157392.254201889
780,1517157392.455921888,186.317855835,42.733821869,2.688682556,0.016347261,0.001587969,0.978279065,0.206640551,2430,1517157392.254201889,3612,1517157390.035412073,1,1517157392.254201889,2.385019497,1517157392.703536034,28269,1517157392.455921888,41,1517157392.455921888,3212,1517157392.455921888
781,1517157392.657643080,185.876892090,42.906856537,2.677732468,0.019154805,0.000367365,0.978626138,0.204753119,2443,1517157392.455921888,3612,1517157390.035412073,0,1517157392.455921888,2.513414519,1517157392.883536100,28352,1517157392.657643080,33,1517157392.657643080,3205,1517157392.657643080
782,1517157392.859363079,185.314285278,43.189296722,2.668050289,0.020971102,-0.014715407,0.969162500,0.245087166,2413,1517157392.657643080,3612,1517157390.035412073,1,1517157392.657643080,2.604783609,1517157393.088479996,28355,1517157392.859363079,32,1517157392.859363079,3210,1517157392.859363079
783,1517157393.061022043,184.857086182,43.469287872,2.668047905,0.022351233,-0.016240117,0.957797166,0.286114085,2393,1517157392.859363079,3612,1517157390.035412073,1,1517157392.859363079,2.752100554,1517157393.408479929,28126,1517157393.061022043,32,1517157393.061022043,3190,1517157393.061022043
784,1517157393.262742043,184.411148071,43.754314423,2.653415442,0.025132469,-0.010342849,0.957021983,0.288739170,2383,1517157393.061022043,3612,1517157390.035412073,0,1517157393.061022043,2.861819601,1517157393.488480091,28277,1517157393.262742043,26,1517157393.262742043,3217,1517157393.262742043
785,1517157393.464462042,183.777557373,44.142044067,2.655864954,0.027259859,-0.004526127,0.957440494,0.287304917,2405,1517157393.262742043,3612,1517157390.035412073,1,1517157393.262742043,3.022550486,1517157393.793472052,28378,1517157393.464462042,34,1517157393.464462042,3262,1517157393.464462042
786,1517157393.666182041,183.287475586,44.456916809,2.638950348,0.029935908,-0.003646350,0.957846815,0.285692186,2451,1517157393.464462042,3612,1517157390.035412073,1,1517157393.464462042,3.075200746,1517157393.893471956,28361,1517157393.666182041,39,1517157393.666182041,3264,1517157393.666182041
787,1517157393.867902040,182.762573242,44.759456635,2.640056372,0.024537012,0.007937501,0.966128941,0.256767988,2444,1517157393.666182041,3612,1517157390.035412073,1,1517157393.666182041,3.106077872,1517157394.093424082,28245,1517157393.867902040,45,1517157393.867902040,3247,1517157393.867902040
788,1517157394.069561005,182.193283081,45.029033661,2.627456903,0.024756521,0.010139278,0.976283136,0.214838423,2484,1517157393.867902040,3612,1517157390.035412073,1,1517157393.867902040,3.066204623,1517157394.403424025,28354,1517157394.069561005,44,1517157394.069561005,3169,1517157394.069561005
789,1517157394.271281004,181.632049561,45.300277710,2.637791872,0.023040817,0.001076360,0.973063823,0.229379071,2412,1517157394.069561005,3612,1517157390.035412073,0,1517157394.069561005,3.202805706,1517157394.498431921,28400,1517157394.271281004,45,1517157394.271281004,3254,1517157394.271281004
790,1517157394.473001003,180.865203857,45.686656952,2.619552851,0.024931952,0.010680727,0.972172043,0.232692585,2461,1517157394.271281004,3612,1517157390.035412073,1,1517157394.271281004,3.218489931,1517157394.703423977,28190,1517157394.473001003,39,1517157394.473001003,3319,1517157394.473001003
791,1517157394.674721956,180.267196655,45.969890594,2.595731735,0.015910761,0.010092481,0.974343588,0.224275640,2475,1517157394.473001003,3612,1517157390.035412073,1,1517157394.473001003,3.202584627,1517157394.903424025,28320,1517157394.674721956,37,1517157394.674721956,3184,1517157394.674721956
792,1517157394.876441956,179.686584473,46.244499207,2.595622301,0.018172784,0.006263672,0.973353634,0.228502120,2394,1517157394.674721956,3612,1517157390.035412073,1,1517157394.674721956,3.177299346,1517157395.103343964,28301,1517157394.876441956,34,1517157394.876441956,3232,1517157394.876441956
793,1517157395.078080893,179.323440552,46.402656555,2.584535360,0.010708143,0.002157797,0.973229746,0.229574695,2422,1517157394.876441956,3614,1517157394.977302074,1,1517157394.876441956,3.052069795,1517157395.538352013,28370,1517157395.078080893,43,1517157395.078080893,3275,1517157395.078080893
794,1517157395.481520891,178.238952637,46.913570404,2.560444832,0.011985306,0.002648596,0.974127361,0.225666174,2442,1517157395.078080893,3614,1517157394.977302074,0,1517157395.078080893,3.003641007,1517157395.733344078,28358,1517157395.481520891,38,1517157395.481520891,3083,1517157395.481520891
795,1517157395.683240891,177.701019287,47.164257050,2.554997444,0.012723521,0.000133177,0.974193063,0.225357427,2323,1517157395.481520891,3614,1517157394.977302074,0,1517157395.481520891,2.926178801,1517157395.923343897,28285,1517157395.683240891,39,1517157395.683240891,2971,1517157395.683240891
796,1517157395.884960890,177.171539307,47.411712646,2.547149420,0.012061306,-0.001002133,0.974601007,0.223621105,2249,1517157395.683240891,3614,1517157394.977302074,0,1517157395.683240891,2.938643285,1517157396.113296032,28281,1517157395.884960890,38,1517157395.884960890,2955,1517157395.884960890
797,1517157396.086638927,176.667266846,47.642036438,2.546949387,0.014737624,-0.002385566,0.974805938,0.222554475,2242,1517157395.884960890,3614,1517157394.977302074,0,1517157395.884960890,2.964086474,1517157396.418303967,28301,1517157396.086638927,39,1517157396.086638927,2958,1517157396.086638927
798,1517157396.288358927,176.143478394,47.883682251,2.543279886,0.017546659,-0.002259144,0.975232011,0.220475703,2238,1517157396.086638927,3614,1517157394.977302074,0,1517157396.086638927,2.971844390,1517157396.518304110,28348,1517157396.288358927,50,1517157396.288358927,2993,1517157396.288358927
799,1517157396.490078926,175.641418457,48.109519958,2.540813923,0.021541694,-0.002086018,0.975594793,0.218509503,2244,1517157396.288358927,3614,1517157394.977302074,0,1517157396.288358927,2.975599794,1517157396.723295927,28260,1517157396.490078926,47,1517157396.490078926,2985,1517157396.490078926
800,1517157396.691798925,175.131088257,48.340229034,2.537058353,0.023053983,-0.003752263,0.975696152,0.217879445,2209,1517157396.490078926,3614,1517157394.977302074,0,1517157396.490078926,2.927341830,1517157396.928303957,28334,1517157396.691798925,48,1517157396.691798925,2959,1517157396.691798925
801,1517157396.893520117,174.630477905,48.583236694,2.537490129,0.021368976,-0.016082799,0.968781251,0.246470280,2176,1517157396.691798925,3614,1517157394.977302074,0,1517157396.691798925,2.882850939,1517157397.123280048,28312,1517157396.893520117,68,1517157396.893520117,2944,1517157396.893520117
802,1517157397.095232010,174.153305054,48.870685577,2.536012888,0.017629743,-0.022009278,0.955657061,0.293128583,2181,1517157396.893520117,3614,1517157394.977302074,0,1517157396.893520117,2.928906845,1517157397.328288078,28167,1517157397.095232010,60,1517157397.095232010,2952,1517157397.095232010
803,1517157397.296952009,173.581359863,49.233230591,2.539111376,0.019929255,-0.014017734,0.953675225,0.299849784,2156,1517157397.095232010,3614,1517157394.977302074,0,1517157397.095232010,2.907279300,1517157397.543279886,28142,1517157397.296952009,58,1517157397.296952009,2895,1517157397.296952009
804,1517157397.498672009,173.029907227,49.586990356,2.532129526,0.024449503,-0.009050566,0.957325128,0.287834864,2118,1517157397.296952009,3614,1517157394.977302074,0,1517157397.296952009,2.950330963,1517157397.738287926,28328,1517157397.498672009,61,1517157397.498672009,2814,1517157397.498672009
805,1517157397.700392008,172.545120239,49.891860962,2.532850742,0.026155382,-0.009557011,0.957419957,0.287352720,2074,1517157397.498672009,3614,1517157394.977302074,0,1517157397.498672009,2.952928387,1517157397.933279991,28345,1517157397.700392008,62,1517157397.700392008,2803,1517157397.700392008
806,1517157398.002859116,171.784103394,50.366954803,2.529804230,0.025248726,-0.001843497,0.960222852,0.278084838,2076,1517157397.700392008,3614,1517157394.977302074,0,1517157397.700392008,2.910438322,1517157398.238176107,28391,1517157398.002859116,64,1517157398.002859116,2809,1517157398.002859116
807,1517157398.204579115,171.290054321,50.627479553,2.533887625,0.024100655,0.000694260,0.970010403,0.241864621,2106,1517157398.002859116,3614,1517157394.977302074,0,1517157398.002859116,2.834596889,1517157398.438175917,28340,1517157398.204579115,73,1517157398.204579115,2758,1517157398.204579115
808,1517157398.406299114,170.794082642,50.874916077,2.530580521,0.022107288,0.002792686,0.971263759,0.236960289,2137,1517157398.204579115,3614,1517157394.977302074,0,1517157398.204579115,2.701970758,1517157398.648175955,28330,1517157398.406299114,78,1517157398.406299114,2832,1517157398.406299114
809,1517157398.608019114,170.350387573,51.096618652,2.528368473,0.020198242,-0.003126357,0.970982881,0.238274005,2224,1517157398.406299114,3614,1517157394.977302074,0,1517157398.406299114,2.667311663,1517157398.843168020,28302,1517157398.608019114,77,1517157398.608019114,3127,1517157398.608019114
810,1517157398.809739113,169.884323120,51.353179932,2.534347773,0.020718995,-0.004508120,0.971418713,0.236423526,2431,1517157398.608019114,3614,1517157394.977302074,0,1517157398.608019114,2.459106320,1517157399.043103933,28207,1517157398.809739113,82,1517157398.809739113,3298,1517157398.809739113
811,1517157399.011398077,169.440322876,51.577133179,2.538086176,0.008683535,-0.012126285,0.969134815,0.246079785,2565,1517157398.809739113,3614,1517157394.977302074,0,1517157398.809739113,2.270975612,1517157399.253103971,28229,1517157399.011398077,101,1517157399.011398077,3562,1517157399.011398077
812,1517157399.213118076,169.063095093,51.824081421,2.538232565,0.000865576,-0.031124342,0.939506945,0.341111752,2777,1517157399.011398077,3614,1517157394.977302074,0,1517157399.011398077,2.156785095,1517157399.448112011,28088,1517157399.213118076,100,1517157399.213118076,3594,1517157399.213118076
813,1517157399.414838076,168.764236450,52.122207642,2.538587809,0.003084985,-0.027974576,0.917576315,0.396562243,2817,1517157399.213118076,3614,1517157394.977302074,0,1517157399.213118076,2.090055319,1517157399.643104076,27993,1517157399.414838076,80,1517157399.414838076,3576,1517157399.414838076
814,1517157399.616558075,168.516769409,52.413223267,2.541919231,0.003086483,-0.024443127,0.903534716,0.427806060,2773,1517157399.414838076,3614,1517157394.977302074,0,1517157399.414838076,2.051311995,1517157399.848112106,28310,1517157399.616558075,84,1517157399.616558075,3518,1517157399.616558075
815,1517157399.818278074,168.293350220,52.747951508,2.536062002,0.004637965,-0.022923403,0.876757517,0.480363678,2740,1517157399.616558075,3614,1517157394.977302074,0,1517157399.616558075,2.062205073,1517157400.053056002,28207,1517157399.818278074,75,1517157399.818278074,3379,1517157399.818278074
816,1517157400.019937038,168.068664551,53.095081329,2.542305946,0.014899006,-0.019225086,0.875282863,0.482999302,2640,1517157399.818278074,3614,1517157394.977302074,0,1517157399.818278074,2.113222726,1517157400.258064032,28302,1517157400.019937038,83,1517157400.019937038,3291,1517157400.019937038
817,1517157400.221657038,167.852020264,53.460872650,2.542749643,0.018869236,-0.022651661,0.863033857,0.504285055,2572,1517157400.019937038,3611,1517157400.120796919,0,1517157400.019937038,2.199715727,1517157400.453056097,28305,1517157400.221657038,83,1517157400.221657038,3192,1517157400.221657038
818,1517157400.423377037,167.646957397,53.837436676,2.543863773,0.024943042,-0.021410762,0.853955849,0.519306106,2498,1517157400.221657038,3611,1517157400.120796919,0,1517157400.221657038,2.299146114,1517157400.653055906,28257,1517157400.423377037,86,1517157400.423377037,3007,1517157400.423377037
819,1517157400.625097036,167.424499512,54.237514496,2.550716162,0.028784833,-0.021021180,0.856319058,0.515215696,2363,1517157400.423377037,3611,1517157400.120796919,0,1517157400.423377037,2.457292493,1517157400.953056097,28261,1517157400.625097036,75,1517157400.625097036,2929,1517157400.625097036
820,1517157400.927676916,167.063186646,54.875236511,2.553648472,0.032956420,-0.021150041,0.856243170,0.515086580,2299,1517157400.625097036,3611,1517157400.120796919,0,1517157400.625097036,2.557079032,1517157401.162992001,28344,1517157400.927676916,83,1517157400.927676916,2823,1517157400.927676916
821,1517157401.129337072,166.806030273,55.322910309,2.559655190,0.033009013,-0.024209518,0.857185346,0.513378600,2207,1517157400.927676916,3611,1517157400.120796919,0,1517157400.927676916,2.639767196,1517157401.368000031,28310,1517157401.129337072,90,1517157401.129337072,2821,1517157401.129337072
822,1517157401.331057072,166.541503906,55.788707733,2.568722725,0.033390335,-0.025282061,0.857999988,0.511939375,2190,1517157401.129337072,3611,1517157400.120796919,0,1517157401.129337072,2.737354274,1517157401.558000088,28243,1517157401.331057072,91,1517157401.331057072,2792,1517157401.331057072
823,1517157401.633636951,166.130142212,56.506076813,2.578977346,0.034653973,-0.027181900,0.857540487,0.512527618,2161,1517157401.331057072,3611,1517157400.120796919,0,1517157401.331057072,2.893373049,1517157401.862992048,28308,1517157401.633636951,116,1517157401.633636951,2731,1517157401.633636951
824,1517157401.835356951,165.854507446,57.001117706,2.580063343,0.029322236,-0.023005282,0.858269633,0.511843922,2127,1517157401.633636951,3611,1517157400.120796919,0,1517157401.633636951,2.950796689,1517157402.062927961,28205,1517157401.835356951,118,1517157401.835356951,2749,1517157401.835356951
825,1517157402.037015915,165.559555054,57.511039734,2.585874081,0.027780127,-0.024636073,0.859247032,0.510211590,2118,1517157401.835356951,3611,1517157400.120796919,0,1517157401.835356951,2.980405544,1517157402.272927999,28266,1517157402.037015915,123,1517157402.037015915,2707,1517157402.037015915
826,1517157402.238735914,165.258087158,58.036769867,2.591417074,0.025038972,-0.025694231,0.858831706,0.510999958,2093,1517157402.037015915,3611,1517157400.120796919,0,1517157402.037015915,2.874489291,1517157402.467936039,28323,1517157402.238735914,130,1517157402.238735914,2695,1517157402.238735914
827,1517157402.440455914,164.992492676,58.581218719,2.602692842,-0.002297665,-0.040754366,0.823386785,0.566010605,2073,1517157402.238735914,3611,1517157400.120796919,0,1517157402.238735914,2.689607355,1517157402.667936087,28333,1517157402.440455914,113,1517157402.440455914,2806,1517157402.440455914
828,1517157402.642175913,164.873474121,59.098625183,2.607279301,-0.023236446,-0.042959335,0.748574651,0.661249238,2090,1517157402.440455914,3611,1517157400.120796919,0,1517157402.440455914,2.703300608,1517157402.977936029,27882,1517157402.642175913,114,1517157402.642175913,2911,1517157402.642175913
829,1517157402.843895912,164.747589111,59.708393097,2.617134571,0.002360062,-0.032468042,0.744528732,0.666796238,2242,1517157402.642175913,3611,1517157400.120796919,0,1517157402.642175913,2.684298607,1517157403.082864046,28004,1517157402.843895912,88,1517157402.843895912,2647,1517157402.843895912
830,1517157403.045555115,164.673507690,60.227062225,2.621914625,0.019746377,-0.024376617,0.765973548,0.642106210,1925,1517157402.843895912,3611,1517157400.120796919,0,1517157402.843895912,2.727919834,1517157403.277872086,28092,1517157403.045555115,113,1517157403.045555115,2523,1517157403.045555115
831,1517157403.247275114,164.577041626,60.772773743,2.625232697,0.026548748,-0.020374195,0.756214004,0.653468007,1889,1517157403.045555115,3611,1517157400.120796919,0,1517157403.045555115,2.617281882,1517157403.477871895,28335,1517157403.247275114,110,1517157403.247275114,2482,1517157403.247275114
832,1517157403.448995113,164.463653564,61.289363861,2.632692814,0.031553842,0.009377546,0.804738392,0.592716236,1819,1517157403.247275114,3611,1517157400.120796919,0,1517157403.247275114,1.957365474,1517157403.682863951,28293,1517157403.448995113,122,1517157403.448995113,2553,1517157403.448995113
833,1517157403.650716066,164.309219360,61.717330933,2.637869596,0.001051243,0.025243634,0.837414085,0.545984710,1937,1517157403.448995113,3611,1517157400.120796919,0,1517157403.448995113,0.915573060,1517157403.882863998,28037,1517157403.650716066,140,1517157403.650716066,2838,1517157403.650716066
834,1517157403.852436066,164.228836060,62.005096436,2.635059595,-0.054986205,0.016078087,0.806138631,0.588946958,2265,1517157403.650716066,3611,1517157400.120796919,0,1517157403.650716066,0.067243536,1517157404.087807894,28004,1517157403.852436066,163,1517157403.852436066,3325,1517157403.852436066
835,1517157404.054094076,164.226318359,62.077274323,2.635258198,-0.040212490,0.033294889,0.807194550,0.587972248,2746,1517157403.852436066,3611,1517157400.120796919,0,1517157403.852436066,0.135236625,1517157404.287807941,27984,1517157404.054094076,177,1517157404.054094076,3441,1517157404.054094076
836,1517157404.356673956,164.235290527,62.051364899,2.646051645,-0.012821995,0.007377116,0.808552985,0.588237405,2869,1517157404.054094076,3611,1517157400.120796919,0,1517157404.054094076,0.101924906,1517157404.587807894,28235,1517157404.356673956,168,1517157404.356673956,3320,1517157404.356673956
837,1517157404.558393955,164.241348267,62.038864136,2.647871256,-0.003184729,0.003963799,0.808629359,0.588296444,2748,1517157404.356673956,3611,1517157400.120796919,0,1517157404.356673956,0.090627994,1517157404.787807941,28283,1517157404.558393955,156,1517157404.558393955,3338,1517157404.558393955
838,1517157404.760113955,164.239883423,62.039199829,2.647325277,-0.002461977,0.002522682,0.808704112,0.588205096,2761,1517157404.558393955,3611,1517157400.120796919,0,1517157404.558393955,0.110947105,1517157404.987807989,28283,1517157404.760113955,154,1517157404.760113955,3338,1517157404.760113955
839,1517157404.961833954,164.240203857,62.040733337,2.647837877,-0.002384421,0.002472277,0.808774606,0.588108696,2761,1517157404.760113955,3611,1517157400.120796919,0,1517157404.760113955,0.117367360,1517157405.187743902,28241,1517157404.961833954,145,1517157404.961833954,3322,1517157404.961833954
840,1517157405.163492918,164.242782593,62.039749146,2.647046328,-0.002171371,0.002645201,0.808693238,0.588220652,2747,1517157404.961833954,3608,1517157404.961833954,0,1517157404.961833954,0.082809499,1517157405.492736101,28154,1517157405.163492918,152,1517157405.163492918,3342,1517157405.163492918
841,1517157405.365212917,164.241622925,62.041061401,2.646980286,-0.001967156,0.002286424,0.808713641,0.588194822,2769,1517157405.163492918,3608,1517157404.961833954,0,1517157405.163492918,0.218380708,1517157405.592736006,28190,1517157405.365212917,152,1517157405.365212917,3327,1517157405.365212917
842,1517157405.566932917,164.238189697,62.051815033,2.648532629,0.025596912,-0.013555809,0.810267056,0.585344630,2765,1517157405.365212917,3608,1517157404.961833954,0,1517157405.365212917,1.098743739,1517157405.797744036,28166,1517157405.566932917,150,1517157405.566932917,3218,1517157405.566932917
843,1517157405.768652916,164.186355591,62.220653534,2.641291142,0.043904999,-0.028693099,0.813376851,0.579367893,2588,1517157405.566932917,3608,1517157404.961833954,0,1517157405.566932917,1.818465223,1517157406.002687931,28213,1517157405.768652916,186,1517157405.768652916,3475,1517157405.768652916
844,1517157405.970374107,164.064559937,62.515998840,2.648475170,0.050032362,-0.030974570,0.821770691,0.566771798,2850,1517157405.768652916,3608,1517157404.961833954,0,1517157405.768652916,2.769079222,1517157406.302687883,28090,1517157405.970374107,183,1517157405.970374107,3788,1517157405.970374107
845,1517157406.172033072,163.846511841,62.948081970,2.660799742,0.051077327,-0.030367769,0.832700888,0.550525328,3009,1517157405.970374107,3608,1517157404.961833954,0,1517157405.970374107,3.086668764,1517157406.412688017,28288,1517157406.172033072,183,1517157406.172033072,3852,1517157406.172033072
846,1517157406.373753071,163.603073120,63.526950836,2.665514469,0.044930005,-0.026872181,0.842076333,0.536811541,3172,1517157406.172033072,3608,1517157404.961833954,0,1517157406.172033072,3.128094647,1517157406.607696056,28226,1517157406.373753071,166,1517157406.373753071,3834,1517157406.373753071
847,1517157406.575473070,163.307723999,64.082771301,2.663370848,0.019434725,-0.009286321,0.851553450,0.523825141,3206,1517157406.373753071,3608,1517157404.961833954,0,1517157406.373753071,1.353677813,1517157406.812688112,18455,1517157406.575473070,182,1517157406.575473070,3854,1517157406.575473070
848,1517157406.777193069,163.296264648,63.852756500,2.686236143,-0.004776203,0.041851806,0.827608671,0.559722702,3363,1517157406.575473070,3608,1517157404.961833954,0,1517157406.575473070,0.274430738,1517157407.022687912,19347,1517157406.777193069,141,1517157406.777193069,3424,1517157406.777193069
849,1517157406.978913069,163.355133057,63.779518127,2.667051315,0.032823636,-0.035083944,0.827209678,0.559835578,2907,1517157406.777193069,3608,1517157404.961833954,0,1517157406.777193069,0.067434695,1517157407.217679977,21331,1517157406.978913069,152,1517157406.978913069,3600,1517157406.978913069
850,1517157407.180572033,163.374023438,63.737964630,2.667142630,0.039087789,-0.023333367,0.827165915,0.560110924,3046,1517157406.978913069,3608,1517157404.961833954,0,1517157406.978913069,0.090192123,1517157407.412672043,22376,1517157407.180572033,159,1517157407.180572033,3544,1517157407.180572033
851,1517157407.483151913,163.385223389,63.733535767,2.664730072,0.035200367,-0.021498005,0.826449262,0.561498342,3015,1517157407.180572033,3608,1517157404.961833954,0,1517157407.180572033,0.118828076,1517157407.717679977,22701,1517157407.483151913,153,1517157407.483151913,3579,1517157407.483151913
852,1517157407.684871912,163.381500244,63.737808228,2.661453485,0.029989743,-0.017730090,0.826628542,0.561668508,3040,1517157407.483151913,3608,1517157404.961833954,0,1517157407.483151913,0.042973699,1517157407.912672043,22475,1517157407.684871912,161,1517157407.684871912,3595,1517157407.684871912
853,1517157407.886591911,163.382858276,63.734317780,2.666707993,0.022718864,-0.014681850,0.826736512,0.561938641,3050,1517157407.684871912,3608,1517157404.961833954,0,1517157407.684871912,1.350475656,1517157408.322655916,22491,1517157407.886591911,182,1517157407.886591911,3663,1517157407.886591911
854,1517157408.088251114,163.402328491,63.660320282,2.660141468,-0.017193361,0.010055733,0.826285898,0.562898645,3113,1517157407.886591911,3608,1517157404.961833954,0,1517157407.886591911,1.693548203,1517157408.422656059,23294,1517157408.088251114,195,1517157408.088251114,3900,1517157408.088251114
855,1517157408.289972067,163.488983154,63.443706512,2.664138794,-0.030258357,0.020844930,0.824160126,0.565163700,3311,1517157408.088251114,3608,1517157404.961833954,0,1517157408.088251114,1.938166784,1517157408.517663956,28274,1517157408.289972067,211,1517157408.289972067,4069,1517157408.289972067
856,1517157408.491692066,163.618255615,63.114845276,2.658305883,-0.028664577,0.024492336,0.824186309,0.565062294,3414,1517157408.289972067,3608,1517157404.961833954,0,1517157408.289972067,1.826875854,1517157408.722656012,28213,1517157408.491692066,197,1517157408.491692066,3974,1517157408.491692066
857,1517157408.693412066,163.760284424,62.747394562,2.655102491,0.022010045,-0.013244761,0.822388443,0.568346183,3281,1517157408.491692066,3608,1517157404.961833954,0,1517157408.491692066,1.015496551,1517157408.922656059,28238,1517157408.693412066,185,1517157408.693412066,3888,1517157408.693412066
858,1517157408.995991945,163.892227173,62.470165253,2.645923138,0.047903308,-0.036050834,0.822851632,0.565084775,3146,1517157408.693412066,3608,1517157404.961833954,0,1517157408.693412066,0.030442464,1517157409.337647915,28172,1517157408.995991945,171,1517157408.995991945,3854,1517157408.995991945
859,1517157409.298511028,163.902572632,62.469493866,2.656034231,0.037236242,-0.020979195,0.823569881,0.565602323,3077,1517157408.995991945,3608,1517157404.961833954,0,1517157408.995991945,0.055728318,1517157409.532639980,28162,1517157409.298511028,175,1517157409.298511028,3846,1517157409.298511028
860,1517157409.500231028,163.898666382,62.482269287,2.653003216,0.030130817,-0.018138595,0.823498411,0.566227421,3082,1517157409.298511028,3608,1517157404.961833954,0,1517157409.298511028,0.092826438,1517157409.732640028,28123,1517157409.500231028,185,1517157409.500231028,3875,1517157409.500231028
861,1517157409.701951027,163.897583008,62.482498169,2.649539471,0.027119668,-0.017593133,0.823508288,0.566382472,3100,1517157409.500231028,3608,1517157404.961833954,0,1517157409.500231028,0.077111522,1517157409.937648058,28132,1517157409.701951027,177,1517157409.701951027,3873,1517157409.701951027
862,1517157409.903671026,163.898895264,62.483684540,2.648778677,0.027211664,-0.017441254,0.823432506,0.566492927,3096,1517157409.701951027,3608,1517157404.961833954,0,1517157409.701951027,0.079539037,1517157410.242624044,28130,1517157409.903671026,182,1517157409.903671026,3869,1517157409.903671026
863,1517157410.206190109,163.898147583,62.483547211,2.648907900,0.027322655,-0.017379575,0.823431263,0.566491287,3106,1517157409.903671026,3608,1517157410.004470110,0,1517157409.903671026,0.076388133,1517157410.442624092,28101,1517157410.206190109,173,1517157410.206190109,3878,1517157410.206190109
864,1517157410.407910109,163.897842407,62.483024597,2.648449659,0.027179253,-0.017488692,0.823474231,0.566432365,3095,1517157410.206190109,3608,1517157410.004470110,0,1517157410.206190109,0.071322570,1517157410.637631893,28170,1517157410.407910109,180,1517157410.407910109,3874,1517157410.407910109
865,1517157410.609631062,163.899673462,62.481983185,2.649203539,0.027041370,-0.017308713,0.823423842,0.566517739,3099,1517157410.407910109,3608,1517157410.004470110,0,1517157410.407910109,0.067230435,1517157410.837631941,28135,1517157410.609631062,172,1517157410.609631062,3856,1517157410.609631062
866,1517157410.811351061,163.896163940,62.480995178,2.650428295,0.026985501,-0.017393176,0.823540420,0.566348336,3075,1517157410.609631062,3608,1517157410.004470110,0,1517157410.609631062,0.066153101,1517157411.147631884,28168,1517157410.811351061,180,1517157410.811351061,3831,1517157410.811351061
867,1517157411.013019085,163.898117065,62.482479095,2.649297476,0.027085943,-0.017287730,0.823421879,0.566519103,3065,1517157410.811351061,3608,1517157410.004470110,0,1517157410.811351061,0.053471986,1517157411.342607975,28129,1517157411.013019085,178,1517157411.013019085,3848,1517157411.013019085
868,1517157411.315598965,163.898239136,62.485149384,2.654492378,0.027515460,-0.015080198,0.824978478,0.564292475,3078,1517157411.013019085,3608,1517157410.004470110,0,1517157411.013019085,0.246185084,1517157411.547616005,28120,1517157411.315598965,185,1517157411.315598965,3842,1517157411.315598965
869,1517157411.517318964,163.887786865,62.503971100,2.650801182,0.038102683,-0.014983152,0.830606339,0.555352861,3098,1517157411.315598965,3608,1517157410.004470110,0,1517157411.315598965,0.946831120,1517157411.747616053,28191,1517157411.517318964,176,1517157411.517318964,3913,1517157411.517318964
870,1517157411.719038963,163.807052612,62.640670776,2.658206224,0.047488113,-0.008988142,0.854421074,0.517328446,3103,1517157411.517318964,3608,1517157410.004470110,0,1517157411.517318964,1.367401001,1517157411.952608109,28103,1517157411.719038963,159,1517157411.719038963,3813,1517157411.719038963
871,1517157411.920758963,163.656204224,62.821643829,2.658029318,0.053615054,-0.003860005,0.895548116,0.441705896,3031,1517157411.719038963,3608,1517157410.004470110,0,1517157411.719038963,1.610344594,1517157412.152607918,28151,1517157411.920758963,177,1517157411.920758963,4000,1517157411.920758963
872,1517157412.122409105,163.415786743,63.005016327,2.657063961,0.050600997,0.019952979,0.940091000,0.336556578,3205,1517157411.920758963,3608,1517157410.004470110,0,1517157411.920758963,1.764668206,1517157412.362591982,28192,1517157412.122409105,166,1517157412.122409105,4213,1517157412.122409105
873,1517157412.324129105,163.097763062,63.130008698,2.660199165,0.033066227,0.039364733,0.976080852,0.211242074,3392,1517157412.122409105,3608,1517157410.004470110,0,1517157412.122409105,1.841670370,1517157412.567600012,28130,1517157412.324129105,208,1517157412.324129105,4392,1517157412.324129105
874,1517157412.525849104,162.744522095,63.163169861,2.656844378,0.007176177,0.047183260,0.996039148,0.075021720,3598,1517157412.324129105,3608,1517157410.004470110,0,1517157412.324129105,1.936714231,1517157412.867599964,28232,1517157412.525849104,183,1517157412.525849104,4350,1517157412.525849104
875,1517157412.727569103,162.385498047,63.096729279,2.655058384,-0.001411040,-0.046796708,-0.997086040,0.060228778,3608,1517157412.525849104,3608,1517157410.004470110,0,1517157412.525849104,1.938297012,1517157412.967600107,27801,1517157412.727569103,164,1517157412.727569103,3945,1517157412.727569103
876,1517157412.929289103,162.035018921,62.921253204,2.640594721,0.010424706,-0.055462204,-0.975544338,0.212434731,3275,1517157412.727569103,3608,1517157410.004470110,0,1517157412.727569103,1.965966584,1517157413.162591934,27882,1517157412.929289103,118,1517157412.929289103,3560,1517157412.929289103
877,1517157413.433528900,161.530639648,62.208286285,2.630210161,0.039423228,-0.019058761,-0.863161240,0.503026089,2934,1517157412.929289103,3608,1517157410.004470110,0,1517157412.929289103,0.248947069,1517157413.802576065,27552,1517157413.433528900,122,1517157413.433528900,3265,1517157413.433528900
878,1517157413.635248899,161.473205566,62.142639160,2.626175880,0.051878847,-0.009441500,-0.825015164,0.562645023,2510,1517157413.433528900,3608,1517157410.004470110,0,1517157413.433528900,0.194198288,1517157413.882575989,27685,1517157413.635248899,109,1517157413.635248899,3270,1517157413.635248899
879,1517157413.836968899,161.502883911,62.201530457,2.620309114,0.029426704,-0.019382432,-0.831687236,0.554125196,2483,1517157413.635248899,3608,1517157410.004470110,0,1517157413.635248899,0.114296554,1517157414.087584019,27613,1517157413.736109018,120,1517157413.836968899,3494,1517157413.836968899
880,1517157414.038626909,161.519500732,62.240898132,2.637152433,0.002074135,-0.032988225,-0.837354807,0.545659602,2685,1517157413.836968899,3608,1517157410.004470110,0,1517157413.836968899,0.330719730,1517157414.287584066,27414,1517157414.038626909,111,1517157414.038626909,3398,1517157414.038626909
881,1517157414.240346909,161.503524780,62.227302551,2.632362604,-0.005642513,-0.043750492,-0.833606886,0.550593875,2637,1517157414.038626909,3608,1517157410.004470110,0,1517157414.038626909,0.356480680,1517157414.487567902,27398,1517157414.240346909,126,1517157414.240346909,3424,1517157414.240346909
882,1517157414.442066908,161.487747192,62.191249847,2.635569811,-0.008970491,-0.052807727,-0.830066965,0.555085315,2653,1517157414.240346909,3608,1517157410.004470110,0,1517157414.240346909,0.113945340,1517157414.682559967,27612,1517157414.442066908,127,1517157414.442066908,3412,1517157414.442066908
883,1517157414.643786907,161.480087280,62.187938690,2.640332937,-0.004126961,-0.060868712,-0.827941962,0.557485494,2698,1517157414.442066908,3608,1517157410.004470110,0,1517157414.442066908,0.090255162,1517157414.877568007,27631,1517157414.643786907,123,1517157414.643786907,3431,1517157414.643786907
884,1517157414.946367025,161.505844116,62.212303162,2.632152319,-0.003318883,-0.042506559,-0.831382778,0.554062139,2688,1517157414.643786907,3608,1517157410.004470110,0,1517157414.643786907,0.213227746,1517157415.282560110,27581,1517157414.946367025,125,1517157414.946367025,3454,1517157414.946367025
885,1517157415.148026943,161.503067017,62.221206665,2.631041288,-0.005596682,-0.039633674,-0.832966922,0.551873134,2690,1517157414.946367025,3608,1517157414.946367025,0,1517157414.946367025,0.161190285,1517157415.382560015,27421,1517157415.148026943,114,1517157415.148026943,3390,1517157415.148026943
886,1517157415.349747896,161.507766724,62.218578339,2.629611015,-0.005227461,-0.038338690,-0.832792393,0.552231517,2615,1517157415.148026943,3608,1517157414.946367025,0,1517157415.148026943,0.168620149,1517157415.592544079,27486,1517157415.349747896,117,1517157415.349747896,3375,1517157415.349747896
887,1517157415.551467896,161.511520386,62.219242096,2.630671740,-0.005281046,-0.038000644,-0.832885626,0.552113753,2597,1517157415.349747896,3608,1517157414.946367025,0,1517157415.349747896,0.224338823,1517157415.882544041,27515,1517157415.551467896,116,1517157415.551467896,3368,1517157415.551467896
888,1517157415.854048014,161.511596680,62.214653015,2.628356218,-0.008054408,-0.036194736,-0.834628571,0.549563659,2594,1517157415.551467896,3608,1517157414.946367025,0,1517157415.551467896,0.142932155,1517157416.082544088,27523,1517157415.854048014,122,1517157415.854048014,3398,1517157415.854048014
889,1517157416.055706024,161.513183594,62.214088440,2.631841421,-0.007621823,-0.032898531,-0.835090796,0.549074637,2639,1517157415.854048014,3608,1517157414.946367025,0,1517157415.854048014,0.114056502,1517157416.287552118,27462,1517157416.055706024,116,1517157416.055706024,3382,1517157416.055706024
890,1517157416.257426023,161.512359619,62.212501526,2.631342888,-0.006350027,-0.030807248,-0.835011410,0.549332810,2620,1517157416.055706024,3608,1517157414.946367025,0,1517157416.055706024,0.155325292,1517157416.492527962,27484,1517157416.257426023,127,1517157416.257426023,3369,1517157416.257426023
891,1517157416.459146023,161.506988525,62.207611084,2.632231712,-0.010021466,-0.032631727,-0.834979081,0.549221882,2612,1517157416.257426023,3608,1517157414.946367025,0,1517157416.257426023,0.090538289,1517157416.692528009,27475,1517157416.459146023,122,1517157416.459146023,3375,1517157416.459146023
892,1517157416.660866022,161.502288818,62.204986572,2.635616541,-0.010106791,-0.033106372,-0.835093587,0.549017780,2608,1517157416.459146023,3608,1517157414.946367025,0,1517157416.459146023,0.076221180,1517157416.897536039,27515,1517157416.660866022,112,1517157416.660866022,3371,1517157416.660866022
893,1517157416.862586021,161.508163452,62.203754425,2.634507418,-0.009594061,-0.032885478,-0.835268088,0.548774745,2599,1517157416.660866022,3608,1517157414.946367025,0,1517157416.660866022,0.144677212,1517157417.097536087,27502,1517157416.862586021,120,1517157416.862586021,3360,1517157416.862586021
894,1517157417.064244986,161.498703003,62.198837280,2.637551308,-0.012777802,-0.034506744,-0.835320330,0.548530728,2594,1517157416.862586021,3608,1517157414.946367025,0,1517157416.862586021,0.059819803,1517157417.302527905,27468,1517157417.064244986,117,1517157417.064244986,3395,1517157417.064244986
895,1517157417.265964985,161.501388550,62.198951721,2.638700008,-0.012017210,-0.034689587,-0.835342088,0.548503249,2625,1517157417.064244986,3608,1517157414.946367025,0,1517157417.064244986,0.092023111,1517157417.597520113,27459,1517157417.265964985,128,1517157417.265964985,3340,1517157417.265964985
896,1517157417.568545103,161.497955322,62.198417664,2.629853010,-0.012886776,-0.034750690,-0.835522203,0.548205226,2602,1517157417.265964985,3608,1517157414.946367025,0,1517157417.265964985,0.046044189,1517157417.797519922,27462,1517157417.568545103,122,1517157417.568545103,3359,1517157417.568545103
897,1517157417.770266056,161.506195068,62.201427460,2.633114576,-0.009935184,-0.033764283,-0.835558661,0.548272732,2599,1517157417.568545103,3608,1517157414.946367025,0,1517157417.568545103,0.074867005,1517157418.202512026,27499,1517157417.770266056,117,1517157417.770266056,3377,1517157417.770266056
898,1517157418.072784901,161.505035400,62.203990936,2.635200500,-0.009321520,-0.033209955,-0.835982805,0.547670483,2605,1517157417.770266056,3608,1517157414.946367025,0,1517157417.770266056,0.030788359,1517157418.302511930,27509,1517157418.072784901,119,1517157418.072784901,3354,1517157418.072784901
899,1517157418.274504900,161.511901855,62.207660675,2.630597830,-0.007736645,-0.032536858,-0.836470531,0.546990446,2591,1517157418.072784901,3608,1517157414.946367025,0,1517157418.072784901,0.140687649,1517157418.502511978,27510,1517157418.274504900,117,1517157418.274504900,3374,1517157418.274504900
900,1517157418.476224899,161.522399902,62.232757568,2.623988867,0.005516125,-0.029120329,-0.836815056,0.546682853,2610,1517157418.274504900,3608,1517157414.946367025,0,1517157418.274504900,0.240018991,1517157418.707504034,27467,1517157418.375365019,119,1517157418.476224899,3390,1517157418.476224899
901,1517157418.677944899,161.539611816,62.283409119,2.628424168,0.006217719,-0.026217841,-0.837519965,0.545741948,2599,1517157418.476224899,3608,1517157414.946367025,0,1517157418.476224899,0.365045924,1517157418.927504063,27506,1517157418.677944899,106,1517157418.677944899,3407,1517157418.677944899
902,1517157418.879664898,161.586334229,62.354049683,2.634028673,0.007345615,-0.011942850,-0.835889837,0.548718135,2610,1517157418.677944899,3608,1517157414.946367025,0,1517157418.677944899,0.064242025,1517157419.112495899,27584,1517157418.879664898,107,1517157418.879664898,3391,1517157418.879664898
903,1517157419.081324100,161.601303101,62.383560181,2.634399176,-0.012893043,-0.007428684,-0.837179123,0.546726348,2604,1517157418.879664898,3608,1517157414.946367025,0,1517157418.879664898,0.074901366,1517157419.322495937,27593,1517157419.081324100,98,1517157419.081324100,3374,1517157419.081324100
904,1517157419.283044100,161.594177246,62.372959137,2.634898424,-0.010294823,-0.009518416,-0.836269206,0.548139792,2579,1517157419.081324100,3608,1517157414.946367025,0,1517157419.081324100,0.041349895,1517157419.522495985,27477,1517157419.283044100,102,1517157419.283044100,3402,1517157419.283044100
905,1517157419.484764099,161.588943481,62.362812042,2.630301476,0.002263384,-0.008202816,-0.831664331,0.555213501,2607,1517157419.283044100,3608,1517157414.946367025,0,1517157419.283044100,0.559097213,1517157419.712480068,27617,1517157419.484764099,110,1517157419.484764099,3403,1517157419.484764099
906,1517157419.686484098,161.600479126,62.427524567,2.629851341,0.024774880,0.016906809,-0.846066515,0.532232861,2615,1517157419.484764099,3608,1517157414.946367025,0,1517157419.484764099,1.286639757,1517157420.027487993,27809,1517157419.686484098,122,1517157419.686484098,3427,1517157419.686484098
907,1517157419.989063978,161.684417725,62.732906342,2.640887022,0.041635536,0.010807571,-0.903171845,0.427118597,2648,1517157419.686484098,3608,1517157414.946367025,0,1517157419.686484098,1.106404722,1517157420.222480059,27766,1517157419.989063978,113,1517157419.989063978,3504,1517157419.989063978
908,1517157420.190723896,161.809783936,62.958480835,2.650896311,0.015185340,-0.026924979,-0.931044334,0.363594417,2743,1517157419.989063978,3608,1517157420.089863062,0,1517157419.989063978,0.136673493,1517157420.522480011,24588,1517157420.190723896,122,1517157420.190723896,3553,1517157420.190723896
909,1517157420.594163895,161.901306152,63.025627136,2.648840427,-0.027081912,-0.016393499,-0.932125497,0.360749056,2878,1517157420.190723896,3608,1517157420.089863062,0,1517157420.190723896,0.109928947,1517157420.942464113,23897,1517157420.594163895,130,1517157420.594163895,3545,1517157420.594163895
910,1517157420.795883894,161.895355225,63.019744873,2.652148008,-0.022017319,-0.014671854,-0.932148975,0.361106996,2877,1517157420.594163895,3608,1517157420.089863062,0,1517157420.594163895,0.169896914,1517157421.027472019,24028,1517157420.795883894,140,1517157420.795883894,3550,1517157420.795883894
911,1517157421.602704048,161.893814087,63.027053833,2.645795584,-0.005668388,-0.011787135,-0.933808485,0.357534118,2886,1517157420.795883894,3608,1517157420.089863062,0,1517157420.795883894,0.069459416,1517157421.837455988,23798,1517157421.602704048,126,1517157421.602704048,3529,1517157421.602704048
912,1517157421.804424047,161.895675659,63.027088165,2.645518780,-0.005567232,-0.011266362,-0.933853658,0.357434498,2858,1517157421.602704048,3608,1517157420.089863062,0,1517157421.602704048,0.060970607,1517157422.027456045,23760,1517157421.804424047,132,1517157421.804424047,3527,1517157421.804424047
913,1517157422.308661938,161.862442017,62.984600067,2.650858402,-0.012188870,-0.010887567,-0.932142556,0.361722473,2874,1517157421.804424047,3608,1517157421.905283928,0,1517157421.804424047,0.441134532,1517157422.637455940,24176,1517157422.308661938,121,1517157422.308661938,3505,1517157422.308661938
914,1517157422.510381937,161.821624756,62.938930511,2.650800467,-0.019642554,-0.009034732,-0.931319263,0.363561513,2832,1517157422.308661938,3608,1517157421.905283928,0,1517157422.308661938,0.611232193,1517157422.842432022,24936,1517157422.510381937,115,1517157422.510381937,3492,1517157422.510381937
915,1517157422.812963009,161.714660645,62.829792023,2.651121378,-0.021428719,-0.008874072,-0.929969113,0.366905314,2786,1517157422.510381937,3608,1517157421.905283928,0,1517157422.510381937,0.787498073,1517157423.042432070,27435,1517157422.812963009,109,1517157422.812963009,3417,1517157422.812963009
916,1517157423.014621019,161.607757568,62.730518341,2.644992828,-0.022056434,-0.008040984,-0.930845918,0.364657008,2681,1517157422.812963009,3608,1517157421.905283928,0,1517157422.812963009,0.959869150,1517157423.242432117,28024,1517157423.014621019,81,1517157423.014621019,3401,1517157423.014621019
917,1517157423.216341019,161.470504761,62.615665436,2.643065214,-0.020985670,-0.014038916,-0.933636385,0.357331235,2637,1517157423.014621019,3608,1517157421.905283928,0,1517157423.014621019,1.143602299,1517157423.442431927,28018,1517157423.216341019,97,1517157423.216341019,3321,1517157423.216341019
918,1517157423.418061018,161.319351196,62.473377228,2.639052153,-0.022859234,-0.006955120,-0.937187356,0.348007099,2558,1517157423.216341019,3608,1517157421.905283928,0,1517157423.216341019,1.290700716,1517157423.647439957,28208,1517157423.418061018,103,1517157423.418061018,3248,1517157423.418061018
919,1517157423.619781017,161.130523682,62.320400238,2.630445004,-0.021348942,-0.010115652,-0.940212410,0.339768334,2465,1517157423.418061018,3608,1517157421.905283928,0,1517157423.418061018,1.440545716,1517157423.847424030,28171,1517157423.619781017,96,1517157423.619781017,3251,1517157423.619781017
920,1517157423.821501017,160.925460815,62.149703979,2.623503923,-0.024818263,-0.006844306,-0.944780612,0.326690686,2483,1517157423.619781017,3608,1517157421.905283928,0,1517157423.619781017,1.597875943,1517157424.052416086,28228,1517157423.821501017,90,1517157423.821501017,3137,1517157423.821501017
921,1517157424.023159981,160.698089600,61.975433350,2.618388176,-0.028994533,-0.007452448,-0.948886238,0.314195297,2356,1517157423.821501017,3608,1517157421.905283928,0,1517157423.821501017,1.743497629,1517157424.257424116,28275,1517157424.023159981,94,1517157424.023159981,3127,1517157424.023159981
922,1517157424.426599979,160.109970093,61.615962982,2.606242657,-0.027621729,0.001848616,-0.968847577,0.246105658,2317,1517157424.023159981,3608,1517157421.905283928,0,1517157424.023159981,2.019339009,1517157424.662415981,28193,1517157424.426599979,83,1517157424.426599979,2979,1517157424.426599979
923,1517157424.628319979,159.785247803,61.467639923,2.601798534,-0.026308859,-0.007972362,-0.976208125,0.215085986,2229,1517157424.426599979,3608,1517157421.905283928,0,1517157424.426599979,2.184703497,1517157424.872416019,28093,1517157424.628319979,83,1517157424.628319979,2936,1517157424.628319979
924,1517157424.830039978,159.410919189,61.302818298,2.614280939,-0.024255636,-0.010396680,-0.977287832,0.210266657,2224,1517157424.628319979,3608,1517157421.905283928,0,1517157424.628319979,2.255771970,1517157425.057408094,28304,1517157424.830039978,70,1517157424.830039978,2933,1517157424.830039978
925,1517157425.031699896,159.021255493,61.136203766,2.595299721,-0.024938679,-0.001897959,-0.982206238,0.186132659,2198,1517157424.830039978,3608,1517157421.905283928,0,1517157424.830039978,2.416738379,1517157425.357408047,28369,1517157425.031699896,73,1517157425.031699896,3025,1517157425.031699896
926,1517157425.233419895,158.595336914,60.978725433,2.572694063,-0.024232471,-0.000484422,-0.984568523,0.173312942,2268,1517157425.031699896,3608,1517157421.905283928,0,1517157425.031699896,2.512058556,1517157425.462399960,28265,1517157425.233419895,69,1517157425.233419895,3042,1517157425.233419895
927,1517157425.435139894,158.148422241,60.790744781,2.576974869,-0.029132644,-0.007307912,-0.982992753,0.181171551,2288,1517157425.233419895,3608,1517157421.905283928,0,1517157425.233419895,2.623717596,1517157425.672399998,28321,1517157425.435139894,65,1517157425.435139894,2998,1517157425.435139894
928,1517157425.636859894,157.684768677,60.602920532,2.575577021,-0.028031790,-0.007176065,-0.982652257,0.183186422,2230,1517157425.435139894,3608,1517157421.905283928,0,1517157425.435139894,2.627362496,1517157425.862400055,28332,1517157425.636859894,61,1517157425.636859894,3040,1517157425.636859894
929,1517157425.838579893,157.199005127,60.402988434,2.572198391,-0.039010990,0.004995957,-0.985510689,0.164990499,2259,1517157425.636859894,3608,1517157421.905283928,0,1517157425.636859894,2.667321160,1517157426.072384119,28365,1517157425.838579893,78,1517157425.838579893,3036,1517157425.838579893
930,1517157426.040239096,156.677124023,60.265491486,2.564101696,-0.017523335,0.007038779,-0.993889660,0.108750780,2280,1517157425.838579893,3608,1517157421.905283928,0,1517157425.838579893,2.724663026,1517157426.272383928,28050,1517157426.040239096,75,1517157426.040239096,3092,1517157426.040239096
931,1517157426.241959095,156.150268555,60.129245758,2.567278385,-0.013097140,-0.005460392,-0.991950614,0.125827772,2301,1517157426.040239096,3608,1517157421.905283928,0,1517157426.040239096,2.827363199,1517157426.477391958,28378,1517157426.241959095,62,1517157426.241959095,3137,1517157426.241959095
932,1517157426.443679094,155.531036377,59.943931580,2.546490431,-0.027088063,-0.004176077,-0.991058727,0.130581000,2340,1517157426.241959095,3608,1517157421.905283928,0,1517157426.241959095,2.933753760,1517157426.702383995,28372,1517157426.443679094,79,1517157426.443679094,3078,1517157426.443679094
933,1517157426.645399094,154.981246948,59.784915924,2.541255951,-0.023268244,-0.006287679,-0.990852392,0.132780236,2301,1517157426.443679094,3608,1517157421.905283928,0,1517157426.443679094,2.994776991,1517157426.872384071,28317,1517157426.645399094,84,1517157426.645399094,3093,1517157426.645399094
934,1517157426.847119093,154.398529053,59.587120056,2.548327446,-0.021838337,-0.013417325,-0.986435359,0.162136811,2325,1517157426.645399094,3608,1517157421.905283928,0,1517157426.645399094,3.101908928,1517157427.072367907,28348,1517157426.847119093,80,1517157426.847119093,3058,1517157426.847119093
935,1517157427.048779011,153.793167114,59.344825745,2.526199818,-0.021670057,-0.017996682,-0.981574319,0.188993081,2339,1517157426.847119093,3608,1517157421.905283928,0,1517157426.847119093,3.217910070,1517157427.292367935,28336,1517157427.048779011,95,1517157427.048779011,3029,1517157427.048779011
936,1517157427.250499964,153.167724609,59.078678131,2.509707212,-0.019183212,-0.016890366,-0.978465603,0.204821346,2350,1517157427.048779011,3608,1517157421.905283928,0,1517157427.048779011,3.331280834,1517157427.502367973,28303,1517157427.250499964,87,1517157427.250499964,3113,1517157427.250499964
937,1517157427.452219963,152.562927246,58.803504944,2.503701210,-0.022584248,-0.012228370,-0.978206121,0.206041751,2408,1517157427.250499964,3596,1517157427.351360083,0,1517157427.250499964,3.439908061,1517157427.687376022,28414,1517157427.452219963,93,1517157427.452219963,3079,1517157427.452219963
938,1517157427.653939962,151.929306030,58.509235382,2.498965025,-0.028541682,-0.008508260,-0.978887585,0.202217896,2381,1517157427.452219963,3596,1517157427.351360083,0,1517157427.452219963,3.488180914,1517157427.907376051,28230,1517157427.653939962,78,1517157427.653939962,2998,1517157427.653939962
939,1517157427.855659962,151.349807739,58.238517761,2.501496077,-0.029441754,-0.008750042,-0.978688316,0.203041374,2311,1517157427.653939962,3596,1517157427.351360083,0,1517157427.653939962,3.571356189,1517157428.112351894,28203,1517157427.855659962,97,1517157427.855659962,3040,1517157427.855659962
940,1517157428.057317972,150.726837158,57.957027435,2.490827084,-0.027252016,0.007029871,-0.980914664,0.192391087,2354,1517157427.855659962,3596,1517157427.351360083,0,1517157427.855659962,3.538651892,1517157428.307359934,28298,1517157428.057317972,78,1517157428.057317972,3103,1517157428.057317972
941,1517157428.259037971,150.042465210,57.740470886,2.483406067,-0.014689045,0.015021373,-0.992485886,0.120541930,2362,1517157428.057317972,3596,1517157427.351360083,0,1517157428.057317972,3.506984750,1517157428.492352009,28034,1517157428.259037971,81,1517157428.259037971,3186,1517157428.259037971
942,1517157428.460757971,149.422988892,57.548732758,2.456680298,-0.001106430,-0.016099590,-0.985241062,0.170410176,2407,1517157428.259037971,3596,1517157427.351360083,0,1517157428.259037971,3.128724630,1517157428.807359934,28005,1517157428.460757971,89,1517157428.460757971,3216,1517157428.460757971
943,1517157428.662477970,148.855316162,57.267612457,2.454313993,0.021810983,-0.033573091,-0.963391502,0.265092327,2485,1517157428.460757971,3596,1517157427.351360083,0,1517157428.460757971,3.191346015,1517157428.917360067,28090,1517157428.662477970,106,1517157428.662477970,3259,1517157428.662477970
944,1517157428.864197969,148.334533691,56.956325531,2.446564913,-0.001976657,-0.034091763,-0.958647805,0.282538901,2496,1517157428.662477970,3596,1517157427.351360083,0,1517157428.662477970,3.195390762,1517157429.092335939,28177,1517157428.864197969,108,1517157428.864197969,3326,1517157428.864197969
945,1517157429.065857887,147.820907593,56.608966827,2.439911127,-0.011102415,-0.023148191,-0.957449023,0.287458285,2545,1517157428.864197969,3596,1517157427.351360083,0,1517157428.864197969,3.119166813,1517157429.307343960,28181,1517157429.065857887,102,1517157429.065857887,3314,1517157429.065857887
946,1517157429.267577887,147.308731079,56.260478973,2.430303335,-0.010138768,-0.012569852,-0.958444788,0.284820633,2540,1517157429.065857887,3596,1517157427.351360083,0,1517157429.065857887,2.993795740,1517157429.497344017,28217,1517157429.267577887,96,1517157429.267577887,3274,1517157429.267577887
947,1517157429.469297886,146.825286865,55.929122925,2.413450956,-0.009748327,-0.006922199,-0.959116533,0.282758784,2512,1517157429.267577887,3596,1517157427.351360083,0,1517157429.267577887,2.689722198,1517157429.697344065,28092,1517157429.469297886,120,1517157429.469297886,3319,1517157429.469297886
948,1517157429.671019077,146.359466553,55.633541107,2.412191153,0.002070956,0.016133202,-0.967113067,0.253826214,2587,1517157429.469297886,3596,1517157427.351360083,0,1517157429.469297886,2.412991476,1517157429.897344112,23937,1517157429.671019077,127,1517157429.671019077,3248,1517157429.671019077
949,1517157430.074397087,145.510375977,55.292560577,2.415813684,-0.005197915,0.015428318,-0.986993950,0.159930898,2564,1517157429.671019077,3596,1517157427.351360083,0,1517157429.671019077,2.169393967,1517157430.317327976,24142,1517157430.074397087,125,1517157430.074397087,3139,1517157430.074397087
950,1517157430.276117086,145.087570190,55.152999878,2.409267664,-0.005007519,0.007680052,-0.988182169,0.153009615,2452,1517157430.074397087,3596,1517157427.351360083,0,1517157430.074397087,2.106305796,1517157430.507328033,25324,1517157430.276117086,137,1517157430.276117086,3209,1517157430.276117086
951,1517157430.477837086,144.705322266,55.018768311,2.399934769,-0.006001615,-0.002493524,-0.986788416,0.161883860,2509,1517157430.276117086,3596,1517157427.351360083,0,1517157430.276117086,1.982913783,1517157430.732320070,26688,1517157430.477837086,126,1517157430.477837086,3191,1517157430.477837086
952,1517157430.679557085,144.321548462,54.881877899,2.397372484,-0.008505765,-0.006715418,-0.986212399,0.165129218,2476,1517157430.477837086,3596,1517157427.351360083,0,1517157430.477837086,1.998893113,1517157430.937328100,27739,1517157430.679557085,115,1517157430.679557085,3160,1517157430.679557085
953,1517157430.881277084,143.914520264,54.730239868,2.394429922,-0.013098021,-0.003751088,-0.986083913,0.165689130,2477,1517157430.679557085,3596,1517157427.351360083,0,1517157430.679557085,1.984249357,1517157431.157327890,28059,1517157430.881277084,89,1517157430.881277084,3133,1517157430.881277084
954,1517157431.082936049,143.541381836,54.586765289,2.388717890,-0.020398878,-0.011108455,-0.984549527,0.173558975,2431,1517157430.881277084,3596,1517157427.351360083,0,1517157430.881277084,1.990417096,1517157431.337311983,28131,1517157431.082936049,104,1517157431.082936049,3104,1517157431.082936049
955,1517157431.385515928,142.952621460,54.358398438,2.382770300,-0.019146343,-0.010902398,-0.984182056,0.175784630,2437,1517157431.082936049,3596,1517157427.351360083,0,1517157431.082936049,2.096129144,1517157431.637311935,28141,1517157431.385515928,95,1517157431.385515928,3121,1517157431.385515928
956,1517157431.587235928,142.546310425,54.193969727,2.374066353,-0.020412529,-0.008017809,-0.983463005,0.179776421,2441,1517157431.385515928,3596,1517157427.351360083,0,1517157431.385515928,2.225103418,1517157431.837311983,28125,1517157431.587235928,90,1517157431.587235928,3024,1517157431.587235928
957,1517157431.788957119,142.138717651,54.031749725,2.382767200,-0.025805133,-0.005739779,-0.982662845,0.183507175,2362,1517157431.587235928,3596,1517157427.351360083,0,1517157431.587235928,2.251704954,1517157432.017312050,28148,1517157431.788957119,88,1517157431.788957119,2991,1517157431.788957119
958,1517157431.990677118,141.730194092,53.854072571,2.351332903,-0.022735192,-0.006985744,-0.981807429,0.188383872,2316,1517157431.788957119,3596,1517157427.351360083,0,1517157431.788957119,2.301361928,1517157432.232287884,28196,1517157431.990677118,82,1517157431.990677118,2958,1517157431.990677118
959,1517157432.192343950,141.282592773,53.666488647,2.346535206,-0.023050323,-0.008532042,-0.981023253,0.192325933,2278,1517157431.990677118,3596,1517157427.351360083,0,1517157431.990677118,2.415219508,1517157432.442287922,28188,1517157432.192343950,80,1517157432.192343950,2923,1517157432.192343950
960,1517157432.394063950,140.881027222,53.481510162,2.351672411,-0.025289717,-0.008495998,-0.979538017,0.199483138,2248,1517157432.192343950,3603,1517157432.293204069,0,1517157432.192343950,2.541699045,1517157432.747296095,27848,1517157432.394063950,81,1517157432.394063950,2916,1517157432.394063950
961,1517157432.696644068,140.142547607,53.140495300,2.348391771,-0.026168100,-0.011638386,-0.978370833,0.204866522,2234,1517157432.394063950,3603,1517157432.293204069,0,1517157432.394063950,2.590188259,1517157432.957295895,26161,1517157432.696644068,85,1517157432.696644068,3031,1517157432.696644068
962,1517157432.898364067,139.608139038,52.902206421,2.337574720,-0.024901251,0.002202255,-0.981744216,0.188556016,2300,1517157432.696644068,3603,1517157432.293204069,0,1517157432.696644068,2.674433871,1517157433.172287941,25704,1517157432.898364067,100,1517157432.898364067,3192,1517157432.898364067
963,1517157433.100014925,139.075790405,52.732154846,2.332815409,-0.026282788,0.010345046,-0.991995793,0.123071288,2460,1517157432.898364067,3603,1517157432.293204069,0,1517157432.898364067,2.759429549,1517157433.337280035,27912,1517157433.100014925,91,1517157433.100014925,3141,1517157433.100014925
964,1517157433.301734924,138.515121460,52.591930389,2.329223156,-0.022267826,-0.000086352,-0.993263975,0.113713728,2419,1517157433.100014925,3603,1517157432.293204069,0,1517157433.100014925,2.848301826,1517157433.527280092,28150,1517157433.301734924,79,1517157433.301734924,3086,1517157433.301734924
965,1517157433.503454924,137.972732544,52.457023621,2.314378738,-0.025706191,-0.001921131,-0.992065917,0.123047625,2327,1517157433.301734924,3603,1517157432.293204069,0,1517157433.301734924,2.930594554,1517157433.767280102,28271,1517157433.503454924,82,1517157433.503454924,3101,1517157433.503454924
966,1517157433.705174923,137.392089844,52.279857635,2.312073708,-0.020812264,-0.006515748,-0.991469475,0.128501654,2335,1517157433.503454924,3603,1517157432.293204069,0,1517157433.503454924,3.022041612,1517157433.937279940,28359,1517157433.705174923,83,1517157433.705174923,3060,1517157433.705174923
967,1517157433.906896114,136.772628784,52.095996857,2.301933289,-0.027950275,-0.005871732,-0.991333644,0.128226013,2309,1517157433.705174923,3603,1517157432.293204069,0,1517157433.705174923,3.130244054,1517157434.157279968,28276,1517157433.906896114,79,1517157433.906896114,3073,1517157433.906896114
968,1517157434.108553886,136.213317871,51.931613922,2.300662756,-0.024716387,-0.003183014,-0.990716962,0.133637081,2300,1517157433.906896114,3603,1517157432.293204069,0,1517157433.906896114,3.194121176,1517157434.367264032,28312,1517157434.108553886,80,1517157434.108553886,2969,1517157434.108553886
969,1517157434.310273886,135.622634888,51.747917175,2.288928032,-0.020584404,-0.007093430,-0.990350021,0.136867821,2199,1517157434.108553886,3603,1517157432.293204069,0,1517157434.108553886,3.213400526,1517157434.557264090,28094,1517157434.310273886,85,1517157434.310273886,3028,1517157434.310273886
970,1517157434.511993885,135.008331299,51.530166626,2.284115076,-0.020318886,-0.020144881,-0.982490132,0.184104502,2264,1517157434.310273886,3603,1517157432.293204069,0,1517157434.310273886,3.268076636,1517157434.752255917,28310,1517157434.511993885,96,1517157434.511993885,2890,1517157434.511993885
971,1517157434.713713884,134.432525635,51.289638519,2.262173653,-0.023016216,-0.014300625,-0.981411097,0.189994749,2228,1517157434.511993885,3603,1517157432.293204069,0,1517157434.511993885,3.253364826,1517157434.962255955,28355,1517157434.713713884,107,1517157434.713713884,2788,1517157434.713713884
972,1517157434.915433884,133.839523315,51.048076630,2.249519348,-0.022724927,-0.015746435,-0.983131248,0.180799825,2138,1517157434.713713884,3603,1517157432.293204069,0,1517157434.713713884,3.299111480,1517157435.152256012,28221,1517157434.915433884,111,1517157434.915433884,2815,1517157434.915433884
973,1517157435.117093086,133.256561279,50.800006866,2.231641769,-0.013354499,-0.024249366,-0.979081311,0.201577311,2152,1517157434.915433884,3603,1517157432.293204069,0,1517157434.915433884,3.263224940,1517157435.357264042,28100,1517157435.117093086,99,1517157435.117093086,2888,1517157435.117093086
974,1517157435.318813086,132.698516846,50.505985260,2.220722198,-0.010444313,-0.030155937,-0.965070292,0.260040126,2204,1517157435.117093086,3603,1517157432.293204069,0,1517157435.117093086,3.080638234,1517157435.577248096,28245,1517157435.318813086,96,1517157435.318813086,2970,1517157435.318813086
975,1517157435.520533085,132.151611328,50.203590393,2.240214825,-0.002374494,0.014365022,-0.977030653,0.212600825,2196,1517157435.318813086,3603,1517157432.293204069,0,1517157435.318813086,2.763768420,1517157435.787247896,28214,1517157435.520533085,118,1517157435.520533085,2929,1517157435.520533085
976,1517157435.722253084,131.612045288,49.991035461,2.218855619,0.010676185,0.041356401,-0.993244087,0.107897406,2219,1517157435.520533085,3603,1517157432.293204069,0,1517157435.520533085,2.677013004,1517157435.972239971,27708,1517157435.722253084,104,1517157435.722253084,3052,1517157435.722253084
977,1517157435.923973083,131.128219604,49.873657227,2.207482815,0.000734784,0.004172003,-0.989537100,0.144216442,2285,1517157435.722253084,3603,1517157432.293204069,0,1517157435.722253084,2.562858933,1517157436.362240076,28102,1517157435.923973083,154,1517157435.923973083,2972,1517157435.923973083
978,1517157436.125633001,130.647613525,49.727165222,2.209611416,-0.005118161,0.006246066,-0.992782130,0.119659657,2285,1517157435.923973083,3603,1517157432.293204069,0,1517157435.923973083,2.511888264,1517157436.467231989,28248,1517157436.125633001,164,1517157436.125633001,3013,1517157436.125633001
979,1517157436.327353001,130.154296875,49.603153229,2.203375101,-0.009200716,-0.000165558,-0.994111996,0.107966005,2341,1517157436.125633001,3603,1517157432.293204069,0,1517157436.125633001,2.507211133,1517157436.572223902,28271,1517157436.327353001,153,1517157436.327353001,3079,1517157436.327353001
980,1517157436.529073000,129.666076660,49.485279083,2.202170372,-0.014847295,-0.003505756,-0.993114573,0.116149522,2344,1517157436.327353001,3603,1517157432.293204069,0,1517157436.327353001,2.438959015,1517157436.777231932,27343,1517157436.529073000,202,1517157436.529073000,3010,1517157436.529073000
981,1517157436.730792999,129.199768066,49.361923218,2.185237885,-0.009421554,-0.007703089,-0.992611567,0.120723547,2371,1517157436.529073000,3603,1517157432.293204069,0,1517157436.529073000,2.428974691,1517157436.967231989,27946,1517157436.730792999,180,1517157436.730792999,3047,1517157436.730792999
982,1517157436.932512999,128.737411499,49.226657867,2.202994347,-0.013415484,-0.010491827,-0.991379975,0.129906472,2408,1517157436.730792999,3603,1517157432.293204069,0,1517157436.730792999,2.409482598,1517157437.172224045,25060,1517157436.932512999,188,1517157436.932512999,2985,1517157436.932512999
983,1517157437.436752081,127.606101990,48.794292450,2.170962811,-0.018385117,-0.002899209,-0.984667960,0.173443337,2431,1517157436.932512999,3613,1517157437.033312082,0,1517157436.932512999,2.498669385,1517157437.787215948,24847,1517157437.436752081,189,1517157437.436752081,2953,1517157437.436752081
984,1517157437.638472080,127.139732361,48.625068665,2.162318230,-0.020185222,-0.007583947,-0.984925964,0.171627174,2411,1517157437.436752081,3613,1517157437.033312082,0,1517157437.436752081,2.502196911,1517157437.872208118,27095,1517157437.638472080,223,1517157437.638472080,3126,1517157437.638472080
985,1517157437.840192080,126.675422668,48.436141968,2.168249369,-0.021361517,0.001812097,-0.984625813,0.173356309,2572,1517157437.638472080,3613,1517157437.033312082,0,1517157437.638472080,2.553519269,1517157438.082207918,28080,1517157437.840192080,241,1517157437.840192080,3284,1517157437.840192080
986,1517157438.041851044,126.206642151,48.259883881,2.155168295,-0.029054233,-0.000229275,-0.984312024,0.174027693,2729,1517157437.840192080,3613,1517157437.033312082,0,1517157437.840192080,2.622803941,1517157438.277215958,28203,1517157438.041851044,280,1517157438.041851044,3656,1517157438.041851044
987,1517157438.243571043,125.710350037,48.063789368,2.152833939,-0.024370915,-0.004286838,-0.983675682,0.178240944,3055,1517157438.041851044,3613,1517157437.033312082,0,1517157438.041851044,2.682421413,1517157438.477216005,28158,1517157438.243571043,258,1517157438.243571043,3828,1517157438.243571043
988,1517157438.445291996,125.210571289,47.855178833,2.151293278,-0.030007655,-0.006777020,-0.983183846,0.180008717,3146,1517157438.243571043,3613,1517157437.033312082,0,1517157438.243571043,2.834389280,1517157438.792191982,28305,1517157438.445291996,249,1517157438.445291996,3804,1517157438.445291996
989,1517157438.647011995,124.680282593,47.633960724,2.139944077,-0.015895517,-0.011941784,-0.978909526,0.203324533,3147,1517157438.445291996,3613,1517157437.033312082,0,1517157438.445291996,2.876414881,1517157438.882191896,28028,1517157438.647011995,208,1517157438.647011995,3463,1517157438.647011995
990,1517157438.848731995,124.154258728,47.377593994,2.128523350,-0.022067416,-0.007636016,-0.975947428,0.216751788,2953,1517157438.647011995,3613,1517157437.033312082,0,1517157438.647011995,2.908112018,1517157439.087199926,28233,1517157438.848731995,184,1517157438.848731995,3298,1517157438.848731995
991,1517157439.151252031,123.316497803,47.069561005,2.120037794,-0.024576973,0.017325434,-0.992201011,0.120966754,2770,1517157438.848731995,3613,1517157437.033312082,0,1517157438.848731995,2.937433607,1517157439.382191896,27879,1517157439.151252031,152,1517157439.151252031,3176,1517157439.151252031
992,1517157439.352972031,122.716850281,46.878536224,2.121590376,-0.023077204,-0.001417070,-0.989431953,0.143142743,2624,1517157439.151252031,3613,1517157437.033312082,0,1517157439.151252031,2.923972124,1517157439.592175961,28111,1517157439.352972031,181,1517157439.352972031,3220,1517157439.352972031
993,1517157439.554692030,122.135719299,46.693984985,2.116392851,-0.019383332,-0.005629904,-0.988772451,0.148059550,2724,1517157439.352972031,3613,1517157437.033312082,0,1517157439.352972031,2.943207600,1517157439.792176008,28264,1517157439.554692030,172,1517157439.554692030,3241,1517157439.554692030
994,1517157439.756412029,121.540031433,46.507209778,2.104837656,-0.016877625,-0.005096665,-0.988876274,0.147691854,2712,1517157439.554692030,3613,1517157437.033312082,0,1517157439.554692030,2.759594013,1517157440.107183933,28149,1517157439.756412029,188,1517157439.756412029,3401,1517157439.756412029
995,1517157439.958132029,120.988548279,46.286792755,2.099786758,-0.010630191,-0.012490423,-0.981246514,0.192057977,2835,1517157439.756412029,3613,1517157437.033312082,0,1517157439.756412029,2.777330640,1517157440.202176094,28205,1517157439.958132029,161,1517157439.958132029,3486,1517157439.958132029
996,1517157440.159790993,120.471336365,46.039093018,2.093153000,-0.007893253,-0.013494918,-0.975973980,0.217325500,2869,1517157439.958132029,3613,1517157437.033312082,0,1517157439.958132029,2.856945381,1517157440.392175913,28266,1517157440.159790993,180,1517157440.159790993,3495,1517157440.159790993
997,1517157440.361510992,119.963920593,45.780223846,2.083474874,-0.014190312,-0.011978661,-0.974164241,0.225075938,2830,1517157440.159790993,3613,1517157437.033312082,0,1517157440.159790993,2.921664046,1517157440.607167959,27995,1517157440.361510992,170,1517157440.361510992,3563,1517157440.361510992
998,1517157440.563231945,119.464714050,45.493740082,2.075993299,-0.016185989,-0.015124383,-0.967076003,0.253521737,2883,1517157440.361510992,3613,1517157437.033312082,0,1517157440.361510992,2.985974125,1517157440.807168007,28149,1517157440.563231945,163,1517157440.563231945,3659,1517157440.563231945
999,1517157440.764951944,118.956176758,45.176498413,2.070337296,-0.019404430,-0.013832568,-0.963078617,0.268163580,2913,1517157440.563231945,3613,1517157437.033312082,0,1517157440.563231945,3.036371299,1517157441.002160072,28199,1517157440.764951944,188,1517157440.764951944,3414,1517157440.764951944
1000,1517157440.966671944,118.433341980,44.855907440,2.054820776,-0.024189160,0.001459806,-0.969997295,0.241904943,2816,1517157440.764951944,3613,1517157437.033312082,0,1517157440.764951944,3.033058652,1517157441.207168102,28265,1517157440.966671944,155,1517157440.966671944,3166,1517157440.966671944
1001,1517157441.168329954,117.899642944,44.627910614,2.053364754,-0.020448963,0.014837634,-0.984989713,0.170754063,2548,1517157440.966671944,3613,1517157437.033312082,0,1517157440.966671944,3.099786417,1517157441.412159920,27817,1517157441.168329954,162,1517157441.168329954,2884,1517157441.168329954
1002,1517157441.370049953,117.337715149,44.385421753,2.046971321,-0.022084374,-0.003513409,-0.980804287,0.193708251,2343,1517157441.168329954,3613,1517157437.033312082,0,1517157441.168329954,3.146553724,1517157441.602159977,28118,1517157441.370049953,151,1517157441.370049953,2825,1517157441.370049953
1003,1517157441.571769953,116.779220581,44.141105652,2.033819914,-0.019145292,-0.008015558,-0.980469269,0.195574081,2272,1517157441.370049953,3613,1517157437.033312082,0,1517157441.370049953,3.193260322,1517157441.802144051,28313,1517157441.571769953,148,1517157441.571769953,2835,1517157441.571769953
1004,1517157441.773489952,116.207458496,43.890419006,2.025223494,-0.019912043,-0.009585986,-0.981316088,0.191129160,2258,1517157441.571769953,3613,1517157437.033312082,0,1517157441.571769953,3.231643238,1517157442.012144089,28312,1517157441.773489952,144,1517157441.773489952,2806,1517157441.773489952
1005,1517157441.975209951,115.628456116,43.633731842,2.025232553,-0.020462467,-0.012207920,-0.980457664,0.195281909,2212,1517157441.773489952,3613,1517157437.033312082,0,1517157441.773489952,3.252830669,1517157442.202143908,28266,1517157441.975209951,138,1517157441.975209951,2980,1517157441.975209951
1006,1517157442.176868916,115.049995422,43.378875732,2.017611265,-0.024046092,-0.010127197,-0.980100958,0.196777382,2267,1517157441.975209951,3613,1517157437.033312082,0,1517157441.975209951,3.303426186,1517157442.417151928,28240,1517157442.176868916,125,1517157442.176868916,3019,1517157442.176868916
1007,1517157442.378588915,114.465942383,43.121356964,2.014419556,-0.024091095,-0.010568856,-0.980081666,0.196844726,2236,1517157442.176868916,3613,1517157437.033312082,0,1517157442.176868916,3.357230329,1517157442.622143984,28284,1517157442.378588915,125,1517157442.378588915,2943,1517157442.378588915
1008,1517157442.580308914,113.882949829,42.855640411,2.002624989,-0.018410156,-0.010183966,-0.979254802,0.201537556,2233,1517157442.378588915,3605,1517157442.378588915,0,1517157442.378588915,3.381942177,1517157442.817136049,28231,1517157442.580308914,119,1517157442.580308914,2967,1517157442.580308914
1009,1517157442.782030106,113.270401001,42.573398590,1.988311887,-0.020628458,-0.007190512,-0.979033088,0.202526481,2272,1517157442.580308914,3605,1517157442.378588915,0,1517157442.580308914,3.392494187,1517157443.017136097,28246,1517157442.782030106,128,1517157442.782030106,2949,1517157442.782030106
1010,1517157442.983750105,112.644035339,42.275268555,1.978695512,-0.024607758,0.000527414,-0.980269783,0.196125806,2296,1517157442.782030106,3605,1517157442.378588915,0,1517157442.782030106,3.386162605,1517157443.222127914,28299,1517157442.983750105,117,1517157442.983750105,3000,1517157442.983750105
1011,1517157443.185408115,112.011779785,42.072517395,1.969471812,-0.015098025,0.023743572,-0.993383316,0.111345767,2323,1517157442.983750105,3605,1517157442.378588915,0,1517157442.983750105,3.333099471,1517157443.422127962,28193,1517157443.185408115,108,1517157443.185408115,3263,1517157443.185408115
1012,1517157443.387128115,111.366966248,41.945442200,1.970114946,-0.016997173,0.016467230,-0.997224432,0.070592905,2488,1517157443.185408115,3605,1517157442.378588915,0,1517157443.185408115,3.202174675,1517157443.627135992,27910,1517157443.387128115,64,1517157443.387128115,3300,1517157443.387128115
1013,1517157443.588848114,110.739540100,41.826709747,1.953800797,-0.000062190,-0.018660248,-0.993128579,0.115531024,2464,1517157443.387128115,3605,1517157442.378588915,0,1517157443.387128115,2.801308227,1517157443.842112064,28213,1517157443.588848114,95,1517157443.588848114,3189,1517157443.588848114
1014,1517157443.891427994,109.926902771,41.501934052,1.913621664,0.027327935,-0.054986355,-0.965520257,0.252982842,2415,1517157443.588848114,3605,1517157442.378588915,0,1517157443.588848114,2.587523030,1517157444.137120008,28113,1517157443.891427994,102,1517157443.891427994,3152,1517157443.891427994
1015,1517157444.093086958,109.421760559,41.176406860,1.929059863,0.001376889,-0.029178303,-0.958630912,0.283149265,2445,1517157443.891427994,3605,1517157442.378588915,0,1517157443.891427994,2.454404490,1517157444.392112017,27846,1517157444.093086958,113,1517157444.093086958,3293,1517157444.093086958
1016,1517157444.294806957,109.026023865,40.963153839,1.931330442,-0.011575767,0.022970148,-0.981611003,0.189151295,2500,1517157444.093086958,3605,1517157442.378588915,0,1517157444.093086958,2.445476157,1517157444.562112093,27913,1517157444.294806957,88,1517157444.294806957,3205,1517157444.294806957
1017,1517157444.597387075,108.257919312,40.659637451,1.926809430,-0.015659514,-0.001029612,-0.984431978,0.175063987,2477,1517157444.294806957,3605,1517157442.378588915,0,1517157444.294806957,2.513183196,1517157444.892096043,28094,1517157444.597387075,78,1517157444.597387075,3182,1517157444.597387075
1018,1517157444.799107075,107.811019897,40.479255676,1.915235400,-0.015004658,-0.008887021,-0.983100888,0.182232063,2398,1517157444.597387075,3605,1517157442.378588915,0,1517157444.597387075,2.572826281,1517157445.037103891,28275,1517157444.799107075,97,1517157444.799107075,3271,1517157444.799107075
1019,1517157445.000767946,107.297859192,40.267070770,1.903512836,-0.018932902,-0.013076836,-0.982657950,0.183994279,2451,1517157444.799107075,3605,1517157442.378588915,0,1517157444.799107075,2.666985982,1517157445.372096062,28245,1517157445.000767946,117,1517157445.000767946,3156,1517157445.000767946
1020,1517157445.202487946,106.800704956,40.058296204,1.898076296,-0.023383100,-0.013357310,-0.982001956,0.186941092,2460,1517157445.000767946,3605,1517157442.378588915,0,1517157445.000767946,2.721856499,1517157445.452095985,28343,1517157445.202487946,77,1517157445.202487946,3036,1517157445.202487946
1021,1517157445.404207945,106.341636658,39.861507416,1.898508310,-0.020464575,-0.014161946,-0.981464895,0.190019211,2333,1517157445.202487946,3605,1517157442.378588915,0,1517157445.202487946,2.912507572,1517157445.857088089,28306,1517157445.404207945,74,1517157445.404207945,3047,1517157445.404207945
1022,1517157445.605927944,105.834724426,39.641277313,1.881828189,-0.017282085,-0.013684374,-0.980841250,0.193557509,2337,1517157445.404207945,3605,1517157442.378588915,0,1517157445.404207945,2.955550527,1517157445.947088003,28205,1517157445.605927944,84,1517157445.605927944,3012,1517157445.605927944
1023,1517157445.807647943,105.300209045,39.404956818,1.883396029,-0.023445166,-0.015161210,-0.979675320,0.198637178,2312,1517157445.605927944,3605,1517157442.378588915,0,1517157445.605927944,2.953512685,1517157446.037087917,28343,1517157445.807647943,79,1517157445.807647943,3031,1517157445.807647943
1024,1517157446.009305954,104.755882263,39.160507202,1.871687531,-0.023603755,-0.014670810,-0.979021886,0.201850879,2332,1517157445.807647943,3605,1517157442.378588915,0,1517157445.807647943,3.031085183,1517157446.252079964,28318,1517157446.009305954,76,1517157446.009305954,3037,1517157446.009305954
1025,1517157446.211025953,104.205993652,38.905296326,1.867525220,-0.022053154,-0.016367334,-0.978766364,0.203130929,2325,1517157446.009305954,3605,1517157442.378588915,0,1517157446.009305954,3.065080263,1517157446.447088003,28287,1517157446.211025953,70,1517157446.211025953,3066,1517157446.211025953
1026,1517157446.513606071,103.381240845,38.527980804,1.848797321,-0.021574397,-0.018707361,-0.977521565,0.208892722,2329,1517157446.211025953,3605,1517157442.378588915,0,1517157446.211025953,3.086112796,1517157446.772079945,28339,1517157446.513606071,55,1517157446.513606071,3105,1517157446.513606071
1027,1517157446.715326071,102.853050232,38.279636383,1.848083138,-0.020003832,-0.013173209,-0.977810551,0.208117369,2348,1517157446.513606071,3605,1517157442.378588915,0,1517157446.513606071,3.018626279,1517157446.977072001,28402,1517157446.715326071,47,1517157446.715326071,3074,1517157446.715326071
1028,1517157446.917046070,102.236579895,38.028469086,1.841069460,-0.017353796,0.017013775,-0.990281376,0.136938575,2293,1517157446.715326071,3605,1517157442.378588915,0,1517157446.715326071,3.017720848,1517157447.182064056,28270,1517157446.917046070,39,1517157446.917046070,3173,1517157446.917046070
1029,1517157447.118705988,101.650733948,37.895187378,1.828012824,-0.017435569,0.008053690,-0.994701815,0.100992265,2393,1517157446.917046070,3605,1517157442.378588915,0,1517157446.917046070,3.025130638,1517157447.347071886,28051,1517157447.118705988,44,1517157447.118705988,3196,1517157447.118705988
1030,1517157447.320425987,101.111846924,37.774085999,1.822642565,-0.013911570,-0.012821568,-0.992821405,0.118100520,2375,1517157447.118705988,3605,1517157442.378588915,0,1517157447.118705988,3.028796878,1517157447.582063913,28295,1517157447.320425987,36,1517157447.320425987,3184,1517157447.320425987
1031,1517157447.522145987,100.503471375,37.590572357,1.808628917,-0.014474961,-0.019809196,-0.989235929,0.144257919,2368,1517157447.320425987,3603,1517157447.320425987,0,1517157447.320425987,3.026252945,1517157447.777071953,28340,1517157447.522145987,43,1517157447.522145987,3167,1517157447.522145987
1032,1517157447.723865986,99.940223694,37.396167755,1.803937197,-0.012321959,-0.027457100,-0.984955379,0.170168086,2384,1517157447.522145987,3603,1517157447.320425987,0,1517157447.522145987,3.074442258,1517157447.962048054,28361,1517157447.723865986,47,1517157447.723865986,3247,1517157447.723865986
1033,1517157447.925585985,99.374702454,37.171215057,1.790462613,-0.016615016,-0.018961607,-0.984413959,0.174050438,2427,1517157447.723865986,3603,1517157447.320425987,0,1517157447.723865986,3.162924443,1517157448.167056084,28323,1517157447.925585985,42,1517157447.925585985,3269,1517157447.925585985
1034,1517157448.127245903,98.765983582,36.940780640,1.791182280,-0.019181762,-0.021573408,-0.984629306,0.172254978,2417,1517157447.925585985,3603,1517157447.320425987,0,1517157447.925585985,3.272143572,1517157448.377055883,28282,1517157448.127245903,39,1517157448.127245903,3188,1517157448.127245903
1035,1517157448.328965902,98.173179626,36.714397430,1.783074975,-0.025363579,-0.017786478,-0.983734893,0.176934988,2363,1517157448.127245903,3603,1517157447.320425987,0,1517157448.127245903,3.357307164,1517157448.562047958,28312,1517157448.328965902,48,1517157448.328965902,3242,1517157448.328965902
1036,1517157448.530685902,97.599517822,36.481319427,1.787610412,-0.024472111,-0.018099657,-0.983594902,0.177804913,2422,1517157448.328965902,3603,1517157447.320425987,0,1517157448.328965902,3.434213825,1517157448.792047977,28275,1517157448.530685902,39,1517157448.530685902,3242,1517157448.530685902
1037,1517157448.732405901,96.969558716,36.227714539,1.778862000,-0.026080431,-0.015855745,-0.983145720,0.180257869,2402,1517157448.530685902,3603,1517157447.320425987,0,1517157448.530685902,3.453842835,1517157448.972048044,28321,1517157448.732405901,49,1517157448.732405901,3349,1517157448.732405901
1038,1517157448.934125900,96.366127014,35.985141754,1.761463523,-0.024372111,-0.017222646,-0.982893665,0.181739991,2438,1517157448.732405901,3603,1517157447.320425987,0,1517157448.732405901,3.433487642,1517157449.202032089,28308,1517157448.934125900,52,1517157448.934125900,3484,1517157448.934125900
1039,1517157449.135783911,95.695198059,35.711219788,1.763830662,-0.017065844,-0.018444155,-0.982846021,0.182708154,2535,1517157448.934125900,3603,1517157447.320425987,0,1517157448.934125900,3.460379814,1517157449.392031908,28353,1517157449.135783911,56,1517157449.135783911,3516,1517157449.135783911
1040,1517157449.337505102,95.026672363,35.437301636,1.748932242,-0.019750037,-0.017506140,-0.982601822,0.183839962,2597,1517157449.135783911,3603,1517157447.320425987,0,1517157449.135783911,3.454083103,1517157449.617039919,28275,1517157449.337505102,67,1517157449.337505102,3370,1517157449.337505102
1041,1517157449.539225101,94.417366028,35.188644409,1.726082921,-0.015964640,-0.015339856,-0.982349360,0.185740555,2533,1517157449.337505102,3603,1517157447.320425987,0,1517157449.337505102,3.391340800,1517157449.887039900,28285,1517157449.539225101,78,1517157449.539225101,3135,1517157449.539225101
1042,1517157449.841804981,93.461402893,34.784221649,1.715300798,-0.016339853,-0.016397492,-0.981581645,0.189635457,2418,1517157449.539225101,3603,1517157447.320425987,0,1517157449.539225101,3.399303780,1517157450.077023983,28293,1517157449.841804981,62,1517157449.841804981,3057,1517157449.841804981
1043,1517157450.043463945,92.821022034,34.511291504,1.710618496,-0.016149988,-0.018647606,-0.981339902,0.190692009,2358,1517157449.841804981,3603,1517157447.320425987,0,1517157449.841804981,3.406532209,1517157450.277024031,28287,1517157450.043463945,70,1517157450.043463945,3046,1517157450.043463945
1044,1517157450.245183945,92.192077637,34.248874664,1.709853649,-0.012516410,-0.018908955,-0.980251337,0.196451282,2354,1517157450.043463945,3603,1517157447.320425987,0,1517157450.043463945,3.427089771,1517157450.477024078,28346,1517157450.245183945,55,1517157450.245183945,3102,1517157450.245183945
1045,1517157450.446903944,91.515525818,33.946342468,1.690618038,-0.020863859,-0.018596687,-0.980224331,0.195905905,2387,1517157450.245183945,3603,1517157447.320425987,0,1517157450.245183945,3.515674658,1517157450.717024088,28268,1517157450.446903944,60,1517157450.446903944,3087,1517157450.446903944
1046,1517157450.648623943,90.906974792,33.670146942,1.684553504,-0.024152782,-0.015422729,-0.979868411,0.197577022,2371,1517157450.446903944,3603,1517157447.320425987,0,1517157450.446903944,3.543694675,1517157450.912015915,28252,1517157450.648623943,66,1517157450.648623943,3053,1517157450.648623943
1047,1517157450.850343943,90.262359619,33.382057190,1.678997397,-0.020487680,-0.018991134,-0.979297388,0.200489945,2335,1517157450.648623943,3603,1517157447.320425987,0,1517157450.648623943,3.567587784,1517157451.092000008,28296,1517157450.850343943,54,1517157450.850343943,3119,1517157450.850343943
1048,1517157451.052002907,89.580947876,33.074111938,1.672580719,-0.020711820,-0.016356632,-0.978989681,0.202194671,2374,1517157450.850343943,3603,1517157447.320425987,0,1517157450.850343943,3.561238580,1517157451.317008018,28244,1517157451.052002907,68,1517157451.052002907,3145,1517157451.052002907
1049,1517157451.253722906,88.921386719,32.767498016,1.653794408,-0.017883645,-0.002425377,-0.980048990,0.197935013,2416,1517157451.052002907,3603,1517157447.320425987,0,1517157451.052002907,3.502952633,1517157451.492000103,28271,1517157451.253722906,86,1517157451.253722906,3112,1517157451.253722906
1050,1517157451.455444098,88.233787537,32.546932220,1.644426227,-0.009822571,0.017279248,-0.994172775,0.105950171,2419,1517157451.253722906,3603,1517157447.320425987,0,1517157451.253722906,3.439709321,1517157451.691999912,28301,1517157451.354583025,74,1517157451.455444098,3408,1517157451.455444098
1051,1517157451.657164097,87.448684692,32.370040894,1.634409547,-0.011647814,0.018577422,-0.997464373,0.067705481,2676,1517157451.455444098,3603,1517157447.320425987,0,1517157451.455444098,3.312652936,1517157451.921999931,27998,1517157451.657164097,101,1517157451.657164097,3589,1517157451.657164097
1052,1517157451.858884096,86.739936829,32.278720856,1.617523193,-0.007377066,0.014816282,-0.999140848,0.037995038,2849,1517157451.657164097,3603,1517157447.320425987,0,1517157451.657164097,3.139454357,1517157452.111999989,28356,1517157451.858884096,114,1517157451.858884096,3732,1517157451.858884096
1053,1517157452.060542107,86.151153564,32.242301941,1.612173080,0.007555162,-0.007140811,-0.998160300,0.059732274,2994,1517157451.858884096,3603,1517157447.320425987,0,1517157451.858884096,2.315414959,1517157452.441983938,28144,1517157452.060542107,130,1517157452.060542107,3912,1517157452.060542107
1054,1517157452.363121986,85.400711060,31.967723846,1.585858107,0.033025397,-0.032771916,-0.974093252,0.221308972,3157,1517157452.060542107,3603,1517157447.320425987,0,1517157452.060542107,2.281283352,1517157452.611984015,27829,1517157452.363121986,137,1517157452.363121986,3467,1517157452.363121986
1055,1517157452.564841986,84.983970642,31.756744385,1.598730564,0.005807844,-0.014995757,-0.974162698,0.225274131,2829,1517157452.363121986,3612,1517157452.363121986,0,1517157452.363121986,2.309144018,1517157452.801984072,28291,1517157452.564841986,130,1517157452.564841986,3294,1517157452.564841986
1056,1517157452.766561985,84.592369080,31.549304962,1.589420557,-0.005200962,-0.011232950,-0.975580267,0.219294124,2636,1517157452.564841986,3612,1517157452.363121986,0,1517157452.564841986,2.291363119,1517157453.001983881,28028,1517157452.766561985,135,1517157452.766561985,3223,1517157452.766561985
1057,1517157452.968281984,84.203330994,31.352907181,1.587729335,-0.005831831,-0.009130571,-0.975174347,0.221173271,2552,1517157452.766561985,3612,1517157452.363121986,0,1517157452.766561985,2.321656207,1517157453.226975918,28257,1517157452.968281984,102,1517157452.968281984,3100,1517157452.968281984
1058,1517157453.169950962,83.821907043,31.148597717,1.574973226,-0.010905405,-0.010843207,-0.975353724,0.220110449,2418,1517157452.968281984,3612,1517157452.363121986,0,1517157452.968281984,2.279770527,1517157453.406975985,28321,1517157453.169950962,101,1517157453.169950962,3120,1517157453.169950962
1059,1517157453.371670961,83.408981323,30.986852646,1.570004225,-0.016702759,0.004568422,-0.984103202,0.176751336,2424,1517157453.169950962,3612,1517157452.363121986,0,1517157453.169950962,2.283358884,1517157453.601968050,28331,1517157453.371670961,95,1517157453.371670961,3044,1517157453.371670961
1060,1517157453.573390961,82.971817017,30.832649231,1.568419337,-0.014678058,-0.003316341,-0.988662466,0.149399081,2367,1517157453.371670961,3612,1517157452.363121986,0,1517157453.371670961,2.214812913,1517157453.826976061,28135,1517157453.573390961,93,1517157453.573390961,3035,1517157453.573390961
1061,1517157453.775111914,82.551666260,30.703830719,1.555437565,-0.016918205,0.001426343,-0.990530559,0.136238583,2324,1517157453.573390961,3612,1517157452.363121986,0,1517157453.573390961,2.286009379,1517157454.006975889,28319,1517157453.775111914,92,1517157453.775111914,3015,1517157453.775111914
1062,1517157453.976831913,82.182807922,30.607906342,1.548739433,-0.011571529,-0.019400387,-0.990674795,0.134362103,2287,1517157453.775111914,3612,1517157452.363121986,0,1517157453.775111914,2.233971447,1517157454.216975927,27990,1517157453.976831913,122,1517157453.976831913,3075,1517157453.976831913
1063,1517157454.178481102,81.843513489,30.490913391,1.549623370,-0.007158804,-0.027655493,-0.980355478,0.195159066,2374,1517157453.976831913,3612,1517157452.363121986,0,1517157453.976831913,2.224055003,1517157454.456959963,28309,1517157454.178481102,126,1517157454.178481102,3020,1517157454.178481102
1064,1517157454.380201101,81.408798218,30.244125366,1.531840324,-0.004287741,-0.039347514,-0.967512369,0.249706236,2339,1517157454.178481102,3612,1517157452.363121986,0,1517157454.178481102,2.207435377,1517157454.636960030,28300,1517157454.380201101,102,1517157454.380201101,3209,1517157454.380201101
1065,1517157454.581921101,81.029258728,29.960721970,1.533068657,-0.007291706,-0.027248901,-0.952195667,0.304183728,2474,1517157454.380201101,3612,1517157452.363121986,0,1517157454.380201101,2.268611955,1517157454.846960068,28143,1517157454.581921101,131,1517157454.581921101,3253,1517157454.581921101
1066,1517157454.783641100,80.533905029,29.649173737,1.538882136,-0.018687821,-0.016444819,-0.956178669,0.291723646,2492,1517157454.581921101,3612,1517157452.363121986,0,1517157454.581921101,2.254450564,1517157455.051951885,28013,1517157454.783641100,169,1517157454.783641100,3251,1517157454.783641100
1067,1517157454.985361099,80.205940247,29.410377502,1.513924360,-0.018699978,-0.016601389,-0.958982763,0.282359285,2534,1517157454.783641100,3630,1517157454.783641100,0,1517157454.783641100,2.346269574,1517157455.236959934,27956,1517157454.985361099,150,1517157454.985361099,3360,1517157454.985361099
1068,1517157455.187020063,79.874694824,29.165390015,1.517875433,-0.021415457,-0.016855032,-0.957414122,0.287429097,2621,1517157454.985361099,3630,1517157454.783641100,0,1517157454.985361099,2.303686253,1517157455.471935987,24404,1517157455.187020063,148,1517157455.187020063,3350,1517157455.187020063
1069,1517157455.388740063,79.514770508,28.911754608,1.512326598,-0.015658303,-0.011015974,-0.956967991,0.289561273,2629,1517157455.187020063,3630,1517157454.783641100,0,1517157455.187020063,2.133569472,1517157455.646944046,21545,1517157455.388740063,178,1517157455.388740063,3187,1517157455.388740063
1070,1517157455.590460062,79.092689514,28.643276215,1.500885129,-0.012585626,0.012444455,-0.967398632,0.252639315,2599,1517157455.388740063,3630,1517157454.783641100,0,1517157455.388740063,1.869508220,1517157455.841936111,20917,1517157455.590460062,191,1517157455.590460062,3176,1517157455.590460062
1071,1517157455.792180061,78.732421875,28.472085953,1.510302901,-0.002440764,0.011157320,-0.982594012,0.185414573,2607,1517157455.590460062,3630,1517157454.783641100,0,1517157455.590460062,1.838556331,1517157456.021935940,20608,1517157455.792180061,187,1517157455.792180061,3003,1517157455.792180061
1072,1517157456.094700098,78.179039001,28.293716431,1.500446558,-0.008034970,0.003283262,-0.989557936,0.143874079,2459,1517157455.792180061,3630,1517157454.783641100,0,1517157455.792180061,1.910002177,1517157456.336927891,20756,1517157456.094700098,169,1517157456.094700098,2915,1517157456.094700098
1073,1517157456.296420097,77.764236450,28.151859283,1.505040526,-0.011933401,-0.013609714,-0.988951995,0.147126891,2322,1517157456.094700098,3630,1517157454.783641100,0,1517157456.094700098,2.013816895,1517157456.576927900,21151,1517157456.296420097,131,1517157456.296420097,2850,1517157456.296420097
1074,1517157456.498140097,77.374420166,28.027824402,1.498688221,-0.016150898,-0.009848334,-0.988444712,0.150396844,2238,1517157456.296420097,3630,1517157454.783641100,0,1517157456.296420097,2.083201186,1517157456.731920004,21841,1517157456.498140097,122,1517157456.498140097,2856,1517157456.498140097
1075,1517157456.699860096,76.943954468,27.882051468,1.489118695,-0.018024638,-0.009447087,-0.988003937,0.153081955,2253,1517157456.498140097,3630,1517157454.783641100,0,1517157456.498140097,2.149708546,1517157456.941920042,22093,1517157456.699860096,119,1517157456.699860096,2874,1517157456.699860096
1076,1517157456.901580095,76.541282654,27.741287231,1.478998542,-0.017665083,-0.012166981,-0.987478347,0.156289552,2256,1517157456.699860096,3630,1517157454.783641100,0,1517157456.699860096,2.223939727,1517157457.146928072,22221,1517157456.901580095,123,1517157456.901580095,2875,1517157456.901580095
1077,1517157457.103239059,76.108673096,27.585016251,1.481081247,-0.019995171,-0.014321810,-0.987029400,0.158644389,2245,1517157456.901580095,3630,1517157454.783641100,0,1517157456.901580095,2.318950420,1517157457.336927891,22422,1517157457.103239059,100,1517157457.103239059,2875,1517157457.103239059
1078,1517157457.304959059,75.685630798,27.433248520,1.474928498,-0.018816299,-0.012048515,-0.986749115,0.160707698,2254,1517157457.103239059,3630,1517157454.783641100,0,1517157457.103239059,2.386036727,1517157457.546911955,22750,1517157457.304959059,96,1517157457.304959059,2912,1517157457.304959059
1079,1517157457.506679058,75.266181946,27.293407440,1.464909554,-0.023364047,-0.006193829,-0.987478157,0.155893062,2256,1517157457.304959059,3630,1517157454.783641100,0,1517157457.304959059,2.448759115,1517157457.766911983,22877,1517157457.506679058,96,1517157457.506679058,2912,1517157457.506679058
1080,1517157457.708399057,74.762130737,27.164485931,1.453964233,-0.019162285,0.003640878,-0.995496232,0.092772857,2241,1517157457.506679058,3630,1517157454.783641100,0,1517157457.506679058,2.489131842,1517157457.946912050,24030,1517157457.708399057,85,1517157457.708399057,2990,1517157457.708399057
1081,1517157457.910119057,74.278694153,27.070375443,1.453569889,-0.021068562,0.002804024,-0.996135024,0.085224809,2299,1517157457.708399057,3630,1517157454.783641100,0,1517157457.708399057,2.517662269,1517157458.136912107,26939,1517157457.910119057,84,1517157457.910119057,3118,1517157457.910119057
1082,1517157458.111778021,73.799598694,27.023162842,1.433975101,-0.014688801,0.009355012,-0.999530267,0.025218397,2360,1517157457.910119057,3630,1517157454.783641100,0,1517157457.910119057,2.634334020,1517157458.456896067,28126,1517157458.111778021,88,1517157458.111778021,3224,1517157458.111778021
1083,1517157458.313498020,73.289352417,26.974334717,1.424295545,-0.014250839,-0.011150064,-0.998817154,0.045131827,2424,1517157458.111778021,3630,1517157454.783641100,0,1517157458.111778021,2.616837311,1517157458.546895981,28101,1517157458.313498020,86,1517157458.313498020,3192,1517157458.313498020
1084,1517157458.515218019,72.808143616,26.890232086,1.410486460,-0.009525038,-0.027193698,-0.993809500,0.107296108,2373,1517157458.313498020,3630,1517157454.783641100,0,1517157458.313498020,2.757491236,1517157458.861887932,28107,1517157458.515218019,84,1517157458.515218019,3041,1517157458.515218019
1085,1517157458.716938019,72.301742554,26.753747940,1.402239084,-0.013173700,-0.023230582,-0.992327995,0.120714307,2297,1517157458.515218019,3630,1517157454.783641100,0,1517157458.515218019,2.732345129,1517157458.946896076,28226,1517157458.716938019,90,1517157458.716938019,3065,1517157458.716938019
1086,1517157458.918658018,71.772178650,26.597759247,1.383496404,-0.017163661,-0.020162800,-0.990364921,0.135927162,2296,1517157458.716938019,3630,1517157454.783641100,0,1517157458.716938019,2.881268940,1517157459.166896105,28310,1517157458.918658018,93,1517157458.918658018,3057,1517157458.918658018
1087,1517157459.120317936,71.250549316,26.443088531,1.378359795,-0.022320481,-0.025822251,-0.990453351,0.133555859,2298,1517157458.918658018,3630,1517157454.783641100,0,1517157458.918658018,2.841357251,1517157459.346895933,28096,1517157459.120317936,96,1517157459.120317936,3109,1517157459.120317936
1088,1517157459.322037935,70.720611572,26.266160965,1.367143631,-0.016066580,-0.033392909,-0.982801119,0.180910858,2372,1517157459.120317936,3630,1517157454.783641100,0,1517157459.120317936,3.005665358,1517157459.596879959,28097,1517157459.322037935,109,1517157459.322037935,3166,1517157459.322037935
1089,1517157459.523757935,70.185287476,26.035104752,1.380402207,-0.018790158,-0.033493856,-0.979239648,0.199034676,2467,1517157459.322037935,3630,1517157454.783641100,0,1517157459.322037935,3.081041627,1517157459.756880045,28279,1517157459.523757935,122,1517157459.523757935,3076,1517157459.523757935
1090,1517157459.725477934,69.655754089,25.797218323,1.369837046,-0.019034181,-0.014203785,-0.981945437,0.187667555,2400,1517157459.523757935,3630,1517157454.783641100,0,1517157459.523757935,3.146664666,1517157459.971872091,28336,1517157459.725477934,86,1517157459.725477934,3053,1517157459.725477934
1091,1517157459.927197933,69.034652710,25.530483246,1.358885169,-0.019380913,-0.019664343,-0.981091785,0.191563577,2371,1517157459.725477934,3642,1517157459.725477934,0,1517157459.725477934,3.194418210,1517157460.296880007,28251,1517157459.927197933,87,1517157459.927197933,3105,1517157459.927197933
1092,1517157460.229717970,68.179405212,25.159337997,1.341131926,-0.020005364,-0.018530977,-0.980344663,0.195398901,2395,1517157459.927197933,3642,1517157459.725477934,0,1517157459.927197933,3.159732541,1517157460.561856031,28284,1517157460.229717970,93,1517157460.229717970,3052,1517157460.229717970
1093,1517157460.431437969,67.583587646,24.899206161,1.340422034,-0.018116952,-0.015960196,-0.980026634,0.197395149,2359,1517157460.229717970,3642,1517157459.725477934,0,1517157460.229717970,3.168452597,1517157460.666863918,28290,1517157460.431437969,73,1517157460.431437969,3081,1517157460.431437969
1094,1517157460.633157969,66.994987488,24.634481430,1.321846604,-0.019614048,-0.020239018,-0.979322229,0.200333829,2360,1517157460.431437969,3642,1517157459.725477934,0,1517157460.431437969,3.155535619,1517157460.861855984,28311,1517157460.633157969,71,1517157460.633157969,3068,1517157460.633157969
1095,1517157460.834877968,66.421607971,24.377765656,1.327071667,-0.011913758,-0.015314609,-0.979191343,0.202009502,2330,1517157460.633157969,3642,1517157459.725477934,0,1517157460.633157969,3.178640064,1517157461.071856022,28281,1517157460.834877968,85,1517157460.834877968,3158,1517157460.834877968
1096,1517157461.036535978,65.877372742,24.120737076,1.325218439,-0.017086643,-0.021724171,-0.978393211,0.204897124,2423,1517157460.834877968,3642,1517157459.725477934,0,1517157460.834877968,3.187577303,1517157461.296864033,28327,1517157461.036535978,106,1517157461.036535978,3151,1517157461.036535978
1097,1517157461.238255978,65.303321838,23.861209869,1.307500958,-0.023664435,-0.018070844,-0.978117259,0.205912767,2436,1517157461.036535978,3642,1517157459.725477934,0,1517157461.036535978,3.170477788,1517157461.481856108,28316,1517157461.238255978,112,1517157461.238255978,3139,1517157461.238255978
1098,1517157461.439975977,64.725700378,23.605953217,1.302790761,-0.021107611,-0.002068510,-0.985404887,0.168900556,2419,1517157461.238255978,3642,1517157459.725477934,0,1517157461.238255978,3.148098447,1517157461.676847935,28324,1517157461.439975977,134,1517157461.439975977,3183,1517157461.439975977
1099,1517157461.742556095,63.754276276,23.326446533,1.284257174,-0.015761021,-0.003258747,-0.994407586,0.104376839,2474,1517157461.439975977,3642,1517157459.725477934,0,1517157461.439975977,3.162223549,1517157462.011840105,28074,1517157461.742556095,98,1517157461.742556095,3161,1517157461.742556095
1100,1517157461.944276094,63.131233215,23.173189163,1.276629210,-0.011217747,-0.012841867,-0.992958097,0.117232534,2397,1517157461.742556095,3642,1517157459.725477934,0,1517157461.742556095,3.124686530,1517157462.191839933,28287,1517157461.944276094,92,1517157461.944276094,3150,1517157461.944276094
1101,1517157462.145935059,62.504699707,22.999176025,1.266903162,-0.011218118,-0.018650312,-0.992012422,0.124248439,2402,1517157461.944276094,3642,1517157459.725477934,0,1517157461.944276094,3.100678957,1517157462.401839972,28314,1517157462.145935059,93,1517157462.145935059,3130,1517157462.145935059
1102,1517157462.347655058,61.896438599,22.798830032,1.254945874,-0.009512221,-0.027225253,-0.985190380,0.169021356,2398,1517157462.145935059,3642,1517157459.725477934,0,1517157462.145935059,3.077213512,1517157462.576848030,28375,1517157462.347655058,93,1517157462.347655058,3105,1517157462.347655058
1103,1517157462.549376011,61.313594818,22.559648514,1.247286201,-0.012346361,-0.024992760,-0.981520994,0.189313146,2390,1517157462.347655058,3642,1517157459.725477934,0,1517157462.347655058,3.097605477,1517157462.776832104,28277,1517157462.549376011,91,1517157462.549376011,3089,1517157462.549376011
1104,1517157462.751096010,60.761741638,22.345476151,1.246624112,-0.016170542,-0.016528824,-0.985632012,0.167316614,2356,1517157462.549376011,3642,1517157459.725477934,0,1517157462.549376011,3.140619758,1517157463.011823893,28172,1517157462.751096010,91,1517157462.751096010,3091,1517157462.751096010
1105,1517157462.952816010,60.183776855,22.121322632,1.233744860,-0.016067906,-0.015752967,-0.983924175,0.177163440,2323,1517157462.751096010,3642,1517157459.725477934,0,1517157462.751096010,3.188418623,1517157463.211823940,28203,1517157462.952816010,78,1517157462.952816010,3220,1517157462.952816010
1106,1517157463.154475927,59.630847931,21.893945694,1.220860839,-0.016991994,-0.018143654,-0.982768011,0.183164181,2434,1517157462.952816010,3642,1517157459.725477934,0,1517157462.952816010,3.250702076,1517157463.426831961,28285,1517157463.154475927,81,1517157463.154475927,3212,1517157463.154475927
1107,1517157463.356195927,59.044734955,21.655326843,1.207698345,-0.021031586,-0.017779366,-0.982579331,0.183791797,2422,1517157463.154475927,3642,1517157459.725477934,0,1517157463.154475927,3.258638358,1517157463.581824064,28272,1517157463.255336046,73,1517157463.356195927,3121,1517157463.356195927
1108,1517157463.557915926,58.435272217,21.403421402,1.200596929,-0.020912511,-0.017292948,-0.981930196,0.187287776,2345,1517157463.356195927,3642,1517157459.725477934,0,1517157463.356195927,3.363006142,1517157463.796816111,28280,1517157463.557915926,70,1517157463.557915926,3080,1517157463.557915926
1109,1517157463.759635925,57.833145142,21.151176453,1.190274596,-0.020049082,-0.015223270,-0.981747590,0.188515135,2344,1517157463.557915926,3642,1517157459.725477934,0,1517157463.557915926,3.463205476,1517157463.986815929,28249,1517157463.759635925,72,1517157463.759635925,3058,1517157463.759635925
1110,1517157463.961355925,57.219131470,20.888471603,1.171284318,-0.023537673,-0.017415792,-0.981111996,0.191211715,2351,1517157463.759635925,3642,1517157459.725477934,0,1517157463.759635925,3.493987607,1517157464.186815977,28250,1517157463.961355925,77,1517157463.961355925,3048,1517157463.961355925
1111,1517157464.163014889,56.603042603,20.621776581,1.174761653,-0.022247825,-0.016744040,-0.980546935,0.194299717,2357,1517157463.961355925,3642,1517157459.725477934,0,1517157463.961355925,3.554015445,1517157464.411808014,28297,1517157464.163014889,74,1517157464.163014889,3095,1517157464.163014889
1112,1517157464.364734888,55.896785736,20.320894241,1.167450547,-0.018988553,-0.017288840,-0.980028934,0.197189804,2358,1517157464.163014889,3642,1517157459.725477934,0,1517157464.163014889,3.579435735,1517157464.636816025,28243,1517157464.364734888,67,1517157464.364734888,3101,1517157464.364734888
1113,1517157464.566454887,55.282646179,20.039480209,1.156827807,-0.016340556,-0.016291672,-0.979416717,0.200525466,2380,1517157464.364734888,3642,1517157459.725477934,0,1517157464.364734888,3.575808176,1517157464.826800108,28250,1517157464.566454887,71,1517157464.566454887,3102,1517157464.566454887
1114,1517157464.768176079,54.618778229,19.743642807,1.142153025,-0.020957293,-0.002111812,-0.982235531,0.186466334,2362,1517157464.566454887,3642,1517157459.725477934,0,1517157464.566454887,3.560876681,1517157465.011791945,28332,1517157464.768176079,86,1517157464.768176079,3110,1517157464.768176079
1115,1517157464.969896078,53.964462280,19.533927917,1.122370958,-0.017435096,0.010527041,-0.992728118,0.118642667,2375,1517157464.768176079,3647,1517157464.768176079,0,1517157464.768176079,3.516563044,1517157465.236799955,28123,1517157464.969896078,73,1517157464.969896078,3224,1517157464.969896078
1116,1517157465.171554089,53.280017853,19.378572464,1.124219656,-0.015715499,0.009936699,-0.996031247,0.087040454,2476,1517157464.969896078,3647,1517157464.768176079,0,1517157464.969896078,3.505544132,1517157465.401792049,28061,1517157465.171554089,68,1517157465.171554089,3239,1517157465.171554089
1117,1517157465.373274088,52.585281372,19.230632782,1.104900122,-0.007118379,-0.016280263,-0.993685653,0.110784048,2465,1517157465.171554089,3647,1517157464.768176079,0,1517157465.171554089,3.315837524,1517157465.711791992,28092,1517157465.373274088,60,1517157465.373274088,3230,1517157465.373274088
1118,1517157465.675853968,51.642974854,18.887449265,1.100261927,-0.002157128,-0.035849523,-0.980774945,0.191808928,2448,1517157465.373274088,3647,1517157464.768176079,0,1517157465.373274088,3.312418807,1517157465.906784058,28084,1517157465.675853968,73,1517157465.675853968,3200,1517157465.675853968
1119,1517157465.877573967,50.995841980,18.627483368,1.083953023,-0.009505962,-0.021494368,-0.981886731,0.188005522,2447,1517157465.675853968,3647,1517157464.768176079,0,1517157465.675853968,3.280038823,1517157466.131776094,28329,1517157465.877573967,75,1517157465.877573967,3179,1517157465.877573967
1120,1517157466.079232931,50.405464172,18.376964569,1.074749231,-0.011572551,-0.017026467,-0.982906854,0.182948877,2427,1517157465.877573967,3647,1517157464.768176079,0,1517157465.877573967,3.304510948,1517157466.406784058,28125,1517157466.079232931,84,1517157466.079232931,3090,1517157466.079232931
1121,1517157466.381813049,49.480426788,17.989660263,1.075374246,-0.018591159,-0.018120093,-0.981617372,0.189085607,2384,1517157466.079232931,3647,1517157464.768176079,0,1517157466.079232931,3.338180501,1517157466.616784096,28300,1517157466.381813049,78,1517157466.381813049,3064,1517157466.381813049
1122,1517157466.583533049,48.864215851,17.729785919,1.060959101,-0.017564247,-0.018730942,-0.981743856,0.188466574,2382,1517157466.381813049,3647,1517157464.768176079,0,1517157466.381813049,3.403709040,1517157466.821759939,28291,1517157466.583533049,71,1517157466.583533049,3070,1517157466.583533049
1123,1517157466.785253048,48.232978821,17.466089249,1.041226387,-0.020358174,-0.017992830,-0.981449629,0.189785215,2379,1517157466.583533049,3647,1517157464.768176079,0,1517157466.583533049,3.499139872,1517157467.026767969,28282,1517157466.785253048,79,1517157466.785253048,3125,1517157466.785253048
1124,1517157466.986973047,47.588989258,17.185657501,1.032345057,-0.021044853,-0.017559775,-0.981065494,0.191727059,2405,1517157466.785253048,3647,1517157464.768176079,0,1517157466.785253048,3.545699454,1517157467.216768026,28285,1517157466.986973047,89,1517157466.986973047,3144,1517157466.986973047
1125,1517157467.188632011,46.950206757,16.905529022,1.025178671,-0.020343088,-0.017675131,-0.980852456,0.192878739,2403,1517157466.986973047,3647,1517157464.768176079,0,1517157466.986973047,3.569510643,1517157467.426768064,28276,1517157467.188632011,78,1517157467.188632011,3118,1517157467.188632011
1126,1517157467.390352011,46.277980804,16.621480942,1.013138056,-0.018939080,-0.017431715,-0.980702864,0.193802320,2388,1517157467.188632011,3647,1517157464.768176079,0,1517157467.188632011,3.606321662,1517157467.746767998,28281,1517157467.390352011,74,1517157467.390352011,3117,1517157467.390352011
1127,1517157467.793792009,44.943019867,16.024757385,1.004763007,-0.019000012,-0.010752037,-0.981379864,0.190832271,2398,1517157467.390352011,3647,1517157464.768176079,0,1517157467.390352011,3.484385750,1517157468.126751900,27983,1517157467.793792009,103,1517157467.793792009,3235,1517157467.793792009
1128,1517157468.096311092,43.858142853,15.717555046,0.969501972,0.000952575,0.028516928,-0.997654082,0.062227085,2525,1517157467.793792009,3647,1517157464.768176079,0,1517157467.793792009,3.434045615,1517157468.376751900,27931,1517157468.096311092,103,1517157468.096311092,3505,1517157468.096311092
1129,1517157468.298031092,43.148651123,15.632100105,0.943393469,-0.002918089,0.016239139,-0.998938091,0.043017035,2782,1517157468.096311092,3647,1517157464.768176079,0,1517157468.096311092,3.324429748,1517157468.531744003,28102,1517157468.298031092,85,1517157468.298031092,3447,1517157468.298031092
1130,1517157468.499751091,42.454616547,15.544060707,0.937548876,0.015441589,-0.021408188,-0.996321685,0.081525135,2673,1517157468.298031092,3647,1517157464.768176079,0,1517157468.298031092,2.850511112,1517157468.736752033,28200,1517157468.499751091,79,1517157468.499751091,3265,1517157468.499751091
1131,1517157468.701471090,41.868434906,15.389248848,0.923307240,0.035161946,-0.029754285,-0.989064605,0.140105412,2494,1517157468.499751091,3647,1517157464.768176079,0,1517157468.499751091,2.706018379,1517157468.976736069,28051,1517157468.701471090,115,1517157468.701471090,3171,1517157468.701471090
1132,1517157468.903191090,41.323165894,15.214873314,0.901695073,0.024764135,-0.025448805,-0.987983358,0.150425993,2508,1517157468.701471090,3647,1517157464.768176079,0,1517157468.701471090,2.649211950,1517157469.451728106,28351,1517157468.903191090,87,1517157468.903191090,3153,1517157468.903191090
1133,1517157469.306570053,40.330783844,14.819978714,0.874615848,0.013255153,-0.022520100,-0.980636934,0.194083358,2462,1517157468.903191090,3647,1517157464.768176079,0,1517157468.903191090,2.641226268,1517157469.551728010,28151,1517157469.306570053,76,1517157469.306570053,3124,1517157469.306570053
1134,1517157469.508291006,39.839286804,14.592053413,0.868317008,0.001923572,-0.015486898,-0.979625417,0.200226116,2418,1517157469.306570053,3647,1517157464.768176079,0,1517157469.306570053,2.612910252,1517157469.746736050,28320,1517157469.508291006,72,1517157469.508291006,3141,1517157469.508291006
1135,1517157469.710011005,39.370460510,14.389825821,0.863349020,-0.003510631,-0.015517155,-0.981866846,0.188903123,2418,1517157469.508291006,3647,1517157464.768176079,0,1517157469.508291006,2.681281089,1517157469.961728096,28203,1517157469.710011005,75,1517157469.710011005,3090,1517157469.710011005
1136,1517157469.911731005,38.874507904,14.185912132,0.849940419,-0.010985949,-0.015488253,-0.981745405,0.189249526,2383,1517157469.710011005,3642,1517157469.710011005,0,1517157469.710011005,2.724742094,1517157470.141711950,28230,1517157469.911731005,76,1517157469.911731005,3136,1517157469.911731005
1137,1517157470.113389969,38.381023407,13.969326973,0.841812372,-0.006422283,-0.017549654,-0.981086949,0.192663340,2408,1517157469.911731005,3642,1517157469.710011005,0,1517157469.911731005,2.763098951,1517157470.346719980,28305,1517157470.113389969,83,1517157470.113389969,3160,1517157470.113389969
1138,1517157470.315109968,37.890785217,13.762207031,0.824960649,-0.010969088,-0.013422696,-0.980934326,0.193564870,2435,1517157470.113389969,3642,1517157469.710011005,0,1517157470.113389969,2.806852348,1517157470.551712036,28291,1517157470.315109968,88,1517157470.315109968,3133,1517157470.315109968
1139,1517157470.516829967,37.380405426,13.533961296,0.807129800,-0.011651645,-0.017487957,-0.980867829,0.193537369,2408,1517157470.315109968,3642,1517157469.710011005,0,1517157470.315109968,2.856968971,1517157470.751712084,28274,1517157470.516829967,80,1517157470.516829967,3116,1517157470.516829967
1140,1517157470.718549967,36.873706818,13.314319611,0.788598359,-0.012536543,-0.016455918,-0.980378136,0.196037620,2398,1517157470.516829967,3642,1517157469.710011005,0,1517157470.516829967,2.914908944,1517157470.961711884,28250,1517157470.718549967,78,1517157470.718549967,3112,1517157470.718549967
1141,1517157470.920269966,36.345500946,13.080205917,0.780194521,-0.013508455,-0.017376164,-0.979793599,0.198796613,2399,1517157470.718549967,3642,1517157469.710011005,0,1517157470.718549967,2.956171327,1517157471.156703949,28273,1517157470.920269966,76,1517157470.920269966,3087,1517157470.920269966
1142,1517157471.121928930,35.838989258,12.851484299,0.765630424,-0.012201753,-0.017184433,-0.979348423,0.201078289,2378,1517157470.920269966,3642,1517157469.710011005,0,1517157470.920269966,3.038940286,1517157471.396703959,28285,1517157471.121928930,69,1517157471.121928930,3103,1517157471.121928930
1143,1517157471.323648930,35.307315826,12.607780457,0.755112112,-0.013742192,-0.017586332,-0.979081190,0.202242174,2389,1517157471.121928930,3642,1517157469.710011005,0,1517157471.121928930,3.069387332,1517157471.566704035,28280,1517157471.323648930,70,1517157471.323648930,3090,1517157471.323648930
1144,1517157471.525368929,34.761253357,12.358978271,0.744097114,-0.013374427,-0.020496805,-0.978612511,0.204251213,2359,1517157471.323648930,3642,1517157469.710011005,0,1517157471.323648930,3.057737180,1517157471.766704082,28251,1517157471.525368929,79,1517157471.525368929,3170,1517157471.525368929
1145,1517157471.727089882,34.167285919,12.111484528,0.725418508,-0.012596701,0.010735429,-0.986508095,0.162873732,2449,1517157471.525368929,3642,1517157469.710011005,0,1517157471.525368929,3.074876253,1517157472.076688051,28322,1517157471.727089882,86,1517157471.727089882,3165,1517157471.727089882
1146,1517157472.029608011,33.299613953,11.909407616,0.696513891,-0.010256955,0.007831738,-0.996539950,0.082107164,2492,1517157471.727089882,3642,1517157469.710011005,0,1517157471.727089882,3.102842510,1517157472.266688108,28020,1517157472.029608011,85,1517157472.029608011,3258,1517157472.029608011
1147,1517157472.231328011,32.733283997,11.792712212,0.689088047,-0.006992017,-0.011713555,-0.994306680,0.105679378,2494,1517157472.029608011,3642,1517157469.710011005,0,1517157472.029608011,3.120378671,1517157472.486687899,28358,1517157472.231328011,93,1517157472.231328011,3136,1517157472.231328011
1148,1517157472.433048010,32.107154846,11.626583099,0.666281641,-0.008848041,-0.020100938,-0.990895683,0.132828497,2409,1517157472.231328011,3642,1517157469.710011005,0,1517157472.231328011,3.163915159,1517157472.681679964,28291,1517157472.433048010,89,1517157472.433048010,3090,1517157472.433048010
1149,1517157472.634768009,31.509935379,11.434138298,0.648506224,-0.007827164,-0.026726769,-0.986762537,0.159762669,2391,1517157472.433048010,3642,1517157469.710011005,0,1517157472.433048010,3.233832998,1517157472.986687899,28355,1517157472.634768009,77,1517157472.634768009,3157,1517157472.634768009
1150,1517157472.937347889,30.587558746,11.058069229,0.621380627,-0.009010713,-0.022885216,-0.979668495,0.199109803,2410,1517157472.634768009,3642,1517157469.710011005,0,1517157472.634768009,3.356021737,1517157473.211663961,28351,1517157472.937347889,82,1517157472.937347889,3124,1517157472.937347889
1151,1517157473.139008045,29.989006042,10.805459976,0.602800190,-0.014764526,-0.016041402,-0.982895796,0.182867538,2396,1517157472.937347889,3642,1517157469.710011005,0,1517157472.937347889,3.392171490,1517157473.371664047,28206,1517157473.139008045,75,1517157473.139008045,3098,1517157473.139008045
1152,1517157473.340728045,29.354703903,10.553320885,0.584167659,-0.016695182,-0.018462763,-0.981935116,0.187573522,2383,1517157473.139008045,3642,1517157469.710011005,0,1517157473.139008045,3.476598326,1517157473.576672077,28294,1517157473.340728045,80,1517157473.340728045,3072,1517157473.340728045
1153,1517157473.542448044,28.629220963,10.239988327,0.581214607,-0.013037372,-0.019967210,-0.981067326,0.192193233,2378,1517157473.340728045,3642,1517157469.710011005,0,1517157473.340728045,3.537185977,1517157473.811664104,28328,1517157473.542448044,89,1517157473.542448044,3083,1517157473.542448044
1154,1517157473.845029116,27.676332474,9.834083557,0.542753816,-0.017159772,-0.019627517,-0.980520634,0.194678168,2386,1517157473.542448044,3642,1517157469.710011005,0,1517157473.542448044,3.660581050,1517157474.116672039,28314,1517157473.845029116,81,1517157473.845029116,3098,1517157473.845029116
1155,1517157474.046694994,27.014156342,9.540669441,0.530143857,-0.013620891,-0.023441494,-0.979844225,0.197914785,2373,1517157473.845029116,3642,1517157469.710011005,0,1517157473.845029116,3.617095944,1517157474.296655893,28318,1517157474.046694994,87,1517157474.046694994,3083,1517157474.046694994
1156,1517157474.248414993,26.341011047,9.245671272,0.518526316,-0.015796400,-0.012531042,-0.981102085,0.192437380,2381,1517157474.046694994,3642,1517157469.710011005,0,1517157474.046694994,3.545504103,1517157474.686655998,28317,1517157474.248414993,96,1517157474.248414993,3062,1517157474.248414993
1157,1517157474.450134993,25.666435242,9.035650253,0.501797020,-0.009956356,0.020515561,-0.993630509,0.110355766,2359,1517157474.248414993,3642,1517157469.710011005,0,1517157474.248414993,3.551597027,1517157474.801647902,28128,1517157474.450134993,98,1517157474.450134993,3271,1517157474.450134993
1158,1517157474.651854992,24.974052429,8.876342773,0.482990801,-0.001508026,0.004541432,-0.997026990,0.076904375,2539,1517157474.450134993,3642,1517157469.710011005,0,1517157474.450134993,3.513050581,1517157474.896656036,28075,1517157474.651854992,88,1517157474.651854992,3263,1517157474.651854992
1159,1517157474.954435110,23.971797943,8.693677902,0.451783985,0.002930856,-0.006123522,-0.995731683,0.092045250,2506,1517157474.651854992,3636,1517157474.752715111,0,1517157474.651854992,3.278985138,1517157475.216639996,28330,1517157474.954435110,73,1517157474.954435110,3139,1517157474.954435110
1160,1517157475.156085968,23.325679779,8.546814919,0.425610334,0.011291079,-0.022779674,-0.992797775,0.117073381,2405,1517157474.954435110,3636,1517157474.752715111,0,1517157474.954435110,3.199035343,1517157475.401632071,28382,1517157475.156085968,79,1517157475.156085968,3169,1517157475.156085968
1161,1517157475.357805967,22.721151352,8.371794701,0.415732712,0.008147380,-0.030794943,-0.988108497,0.150422368,2441,1517157475.156085968,3636,1517157474.752715111,0,1517157475.156085968,3.164183298,1517157475.596640110,28317,1517157475.357805967,79,1517157475.357805967,3121,1517157475.357805967
1162,1517157475.559525967,22.145336151,8.172195435,0.403552711,0.008004321,-0.031557231,-0.984185422,0.174123882,2439,1517157475.357805967,3636,1517157474.752715111,0,1517157475.357805967,3.157018309,1517157475.801631927,28189,1517157475.559525967,85,1517157475.559525967,3108,1517157475.559525967
1163,1517157475.761245966,21.606180191,7.933613777,0.378346026,0.005402668,-0.034334571,-0.978856510,0.201573513,2445,1517157475.559525967,3636,1517157474.752715111,0,1517157475.559525967,3.122783426,1517157476.001631975,27882,1517157475.761245966,118,1517157475.761245966,3249,1517157475.761245966
1164,1517157475.962966919,21.028440475,7.664988041,0.362505198,-0.001048468,-0.034419413,-0.977443214,0.208372188,2584,1517157475.761245966,3636,1517157474.752715111,0,1517157475.761245966,3.087111277,1517157476.216639996,28129,1517157475.962966919,165,1517157475.962966919,3422,1517157475.962966919
1165,1517157476.164625883,20.409357071,7.386550903,0.347121447,-0.004352183,-0.028073116,-0.979880593,0.197552481,2781,1517157475.962966919,3636,1517157474.752715111,0,1517157475.962966919,3.047138398,1517157476.421616077,28041,1517157476.164625883,150,1517157476.164625883,3653,1517157476.164625883
1166,1517157476.366345882,19.784168243,7.099699020,0.341070861,-0.004598800,-0.028101664,-0.977620300,0.208441108,2997,1517157476.164625883,3636,1517157474.752715111,0,1517157476.164625883,2.975373880,1517157476.631616116,27751,1517157476.366345882,141,1517157476.366345882,3786,1517157476.366345882
1167,1517157476.568065882,19.219278336,6.834383011,0.335590690,-0.001058952,-0.026244939,-0.976812358,0.212479878,3093,1517157476.366345882,3636,1517157474.752715111,0,1517157476.366345882,2.856832507,1517157476.801615953,27031,1517157476.568065882,143,1517157476.568065882,3444,1517157476.568065882
1168,1517157476.769785881,18.680259705,6.572432041,0.319755554,0.002217126,-0.023336302,-0.976613177,0.213722261,2785,1517157476.568065882,3636,1517157474.752715111,0,1517157476.568065882,2.664483953,1517157477.006623983,27166,1517157476.769785881,123,1517157476.769785881,3144,1517157476.769785881
1169,1517157476.971506119,18.153829575,6.354397774,0.295838028,0.006918384,-0.001811710,-0.982895597,0.184024724,2500,1517157476.769785881,3636,1517157474.752715111,0,1517157476.769785881,2.591805640,1517157477.226624012,27671,1517157476.971506119,112,1517157476.971506119,3069,1517157476.971506119
1170,1517157477.173165083,17.663784027,6.209284306,0.295326173,0.006444738,0.005068863,-0.991917504,0.126619265,2397,1517157476.971506119,3636,1517157474.752715111,0,1517157476.971506119,2.378614062,1517157477.416608095,27653,1517157477.173165083,99,1517157477.173165083,2999,1517157477.173165083
1171,1517157477.374885082,17.180248260,6.063386440,0.264257491,0.018753156,-0.010469044,-0.990614122,0.134990298,2313,1517157477.173165083,3636,1517157474.752715111,0,1517157477.173165083,2.173754126,1517157477.726608038,28053,1517157477.374885082,94,1517157477.374885082,2957,1517157477.374885082
1172,1517157477.677464962,16.540262222,5.855948925,0.249165460,0.016116207,-0.010606459,-0.986918048,0.160064165,2283,1517157477.374885082,3636,1517157474.752715111,0,1517157477.374885082,2.093969253,1517157478.021600008,28231,1517157477.677464962,95,1517157477.677464962,2796,1517157477.677464962
1173,1517157477.879184961,16.130353928,5.721066475,0.247064218,0.008982085,-0.011012462,-0.987543123,0.156705546,2155,1517157477.677464962,3636,1517157474.752715111,0,1517157477.677464962,2.069339449,1517157478.111599922,28297,1517157477.879184961,100,1517157477.879184961,2770,1517157477.879184961
1174,1517157478.080843925,15.724117279,5.576078892,0.232966453,0.010222708,-0.010974018,-0.986961497,0.160256268,2135,1517157477.879184961,3636,1517157474.752715111,0,1517157477.879184961,2.056373528,1517157478.326607943,28416,1517157478.080843925,92,1517157478.080843925,2725,1517157478.080843925
1175,1517157478.282565117,15.329968452,5.439867020,0.220620841,0.006677113,-0.013204465,-0.986535697,0.162875340,2073,1517157478.080843925,3636,1517157474.752715111,0,1517157478.080843925,1.970483371,1517157478.506592035,28263,1517157478.282565117,98,1517157478.282565117,2690,1517157478.282565117
1176,1517157478.484285116,14.939154625,5.304798126,0.214151800,0.006933208,-0.010834783,-0.986312054,0.164386950,2049,1517157478.282565117,3636,1517157474.752715111,0,1517157478.282565117,1.789185044,1517157478.721584082,28154,1517157478.484285116,101,1517157478.484285116,2674,1517157478.484285116
1177,1517157478.686005116,14.581151962,5.168782711,0.207302973,0.007931353,-0.014963551,-0.985436965,0.169195669,2032,1517157478.484285116,3636,1517157474.752715111,0,1517157478.484285116,1.735922084,1517157478.916591883,28296,1517157478.686005116,96,1517157478.686005116,2643,1517157478.686005116
1178,1517157478.887725115,14.255560875,5.051176548,0.191933021,0.002456408,-0.014680950,-0.985077707,0.171465291,1999,1517157478.686005116,3636,1517157474.752715111,0,1517157478.686005116,1.674933210,1517157479.116591930,28253,1517157478.887725115,91,1517157478.887725115,2624,1517157478.887725115
1179,1517157479.089382887,13.943742752,4.936863422,0.182861969,0.003291245,-0.012924866,-0.984636570,0.174106117,1970,1517157478.887725115,3636,1517157474.752715111,0,1517157478.887725115,1.623009874,1517157479.316591978,28270,1517157479.089382887,97,1517157479.089382887,2597,1517157479.089382887
1180,1517157479.291102886,13.628522873,4.814857006,0.187540680,0.000185964,-0.013884544,-0.984269880,0.176124923,1964,1517157479.089382887,3636,1517157474.752715111,0,1517157479.089382887,1.618181146,1517157479.516576052,28279,1517157479.291102886,105,1517157479.291102886,2574,1517157479.291102886
1181,1517157479.492822886,13.305836678,4.691760063,0.173280731,-0.003049094,-0.011069145,-0.984141131,0.177015285,1958,1517157479.291102886,3636,1517157474.752715111,0,1517157479.291102886,1.587017729,1517157479.821568012,28218,1517157479.492822886,99,1517157479.492822886,2622,1517157479.492822886
1182,1517157479.694542885,12.977457047,4.563931465,0.182561815,-0.005506718,-0.011147353,-0.983712837,0.179316665,2006,1517157479.492822886,3636,1517157474.752715111,0,1517157479.492822886,1.582611885,1517157479.931567907,28250,1517157479.694542885,107,1517157479.694542885,2653,1517157479.694542885
1183,1517157479.896262884,12.650357246,4.438249111,0.168612495,-0.007058641,-0.013207457,-0.983584082,0.179827951,2039,1517157479.694542885,3645,1517157479.795403004,0,1517157479.694542885,1.590754596,1517157480.121567965,28209,1517157479.896262884,112,1517157479.896262884,2674,1517157479.896262884
1184,1517157480.097922087,12.346039772,4.316707611,0.167548835,-0.009665853,-0.016550718,-0.983186714,0.181594409,2066,1517157479.896262884,3645,1517157479.795403004,0,1517157479.896262884,1.620591775,1517157480.331568003,28253,1517157480.097922087,112,1517157480.097922087,2742,1517157480.097922087
1185,1517157480.299643040,12.021934509,4.188659668,0.157383427,-0.009836212,-0.016415637,-0.983028361,0.182452780,2090,1517157480.097922087,3645,1517157479.795403004,0,1517157480.097922087,1.634776799,1517157480.531552076,28243,1517157480.299643040,121,1517157480.299643040,2690,1517157480.299643040
1186,1517157480.501363039,11.702461243,4.059400082,0.151327893,-0.010618886,-0.014572211,-0.982658943,0.184543469,2065,1517157480.299643040,3645,1517157479.795403004,0,1517157480.299643040,1.644633991,1517157480.726560116,28295,1517157480.501363039,122,1517157480.501363039,2654,1517157480.501363039
1187,1517157480.703083038,11.394096375,3.933752298,0.155180499,-0.011369705,-0.011094322,-0.983775110,0.178701365,2044,1517157480.501363039,3645,1517157479.795403004,0,1517157480.501363039,1.638583766,1517157480.941551924,28308,1517157480.703083038,131,1517157480.703083038,2737,1517157480.703083038
1188,1517157480.904803038,11.088900566,3.840152264,0.148490369,-0.013779053,-0.014497818,-0.987318857,0.157484684,2070,1517157480.703083038,3645,1517157479.795403004,0,1517157480.703083038,1.677753870,1517157481.136559963,28147,1517157480.904803038,106,1517157480.904803038,2746,1517157480.904803038
1189,1517157481.106462955,10.766176224,3.727713108,0.144421294,-0.014418241,-0.011217354,-0.987120507,0.158932031,2045,1517157480.904803038,3645,1517157479.795403004,0,1517157480.904803038,1.700430406,1517157481.336560011,28307,1517157481.106462955,100,1517157481.106462955,2739,1517157481.106462955
1190,1517157481.308182955,10.457015991,3.644224882,0.138957754,-0.011248509,-0.008249094,-0.991820551,0.126875601,2010,1517157481.106462955,3645,1517157479.795403004,0,1517157481.106462955,1.695467619,1517157481.641535997,28223,1517157481.308182955,80,1517157481.308182955,2734,1517157481.308182955
1191,1517157481.509902954,10.149158478,3.570678234,0.141000539,-0.015687533,-0.004887029,-0.993082841,0.116260436,1993,1517157481.308182955,3645,1517157479.795403004,0,1517157481.308182955,1.728365726,1517157481.741535902,28285,1517157481.509902954,70,1517157481.509902954,2910,1517157481.509902954
1192,1517157481.711622953,9.813144684,3.533585548,0.127825901,-0.011203229,-0.000979565,-0.998855487,0.046489177,2100,1517157481.509902954,3645,1517157479.795403004,0,1517157481.509902954,1.744921595,1517157481.951535940,28038,1517157481.711622953,54,1517157481.711622953,2995,1517157481.711622953
1193,1517157481.913342953,9.479157448,3.504772902,0.124743730,-0.012302888,-0.013462899,-0.998187173,0.057356403,2152,1517157481.711622953,3645,1517157479.795403004,0,1517157481.711622953,1.794432844,1517157482.141535997,28155,1517157481.913342953,54,1517157481.913342953,2974,1517157481.913342953
1194,1517157482.115001917,9.149435997,3.460988522,0.118034326,-0.015370030,-0.013741826,-0.997871242,0.061870092,2161,1517157481.913342953,3645,1517157479.795403004,0,1517157481.913342953,1.842241428,1517157482.346544027,28263,1517157482.115001917,77,1517157482.115001917,2937,1517157482.115001917
1195,1517157482.316721916,8.781745911,3.402318239,0.113370702,-0.010942105,-0.020856229,-0.997227542,0.070586954,2144,1517157482.115001917,3645,1517157479.795403004,0,1517157482.115001917,1.839170917,1517157482.546528101,28138,1517157482.316721916,79,1517157482.316721916,2876,1517157482.316721916
1196,1517157482.518443108,8.444280624,3.312428713,0.106631465,-0.011580492,-0.028601553,-0.991317004,0.127821913,2142,1517157482.316721916,3645,1517157479.795403004,0,1517157482.316721916,1.870796326,1517157482.741519928,28167,1517157482.518443108,109,1517157482.518443108,2755,1517157482.518443108
1197,1517157482.720163107,8.097385406,3.214203358,0.097758032,-0.014390202,-0.024603972,-0.991391019,0.127794420,2119,1517157482.518443108,3645,1517157479.795403004,0,1517157482.518443108,1.886578629,1517157482.941519976,28148,1517157482.720163107,102,1517157482.720163107,2803,1517157482.720163107
1198,1517157483.022680044,7.597552299,3.014255285,0.089343697,-0.008001026,-0.035766825,-0.978467354,0.203121526,2176,1517157482.720163107,3645,1517157479.795403004,0,1517157482.720163107,1.805231856,1517157483.251519918,28257,1517157483.022680044,124,1517157483.022680044,2897,1517157483.022680044
1199,1517157483.224400043,7.290838242,2.846811771,0.090398356,-0.003391243,-0.032859244,-0.973196891,0.227588621,2285,1517157483.022680044,3645,1517157479.795403004,0,1517157483.022680044,1.821431780,1517157483.456527948,27863,1517157483.224400043,143,1517157483.224400043,3095,1517157483.224400043
1200,1517157483.426120043,7.003523827,2.670558929,0.087812103,-0.006663140,-0.038689969,-0.964614875,0.260723671,2451,1517157483.224400043,3645,1517157479.795403004,0,1517157483.224400043,1.803672321,1517157483.661504030,26410,1517157483.325259924,172,1517157483.426120043,3131,1517157483.426120043
1201,1517157483.627840042,6.707562447,2.467973232,0.075091690,-0.015247400,-0.025724109,-0.962045737,0.271244883,2610,1517157483.426120043,3645,1517157479.795403004,0,1517157483.426120043,1.848431172,1517157483.861504078,25238,1517157483.627840042,162,1517157483.627840042,3256,1517157483.627840042
1202,1517157484.132080078,5.943937778,2.004672766,0.078410365,-0.012311247,-0.028036312,-0.963546035,0.265784567,2686,1517157483.627840042,3645,1517157479.795403004,0,1517157483.627840042,1.823921163,1517157484.356512070,26511,1517157484.132080078,199,1517157484.132080078,3195,1517157484.132080078
1203,1517157484.333800077,5.651810646,1.833816886,0.074860506,-0.013983588,-0.021250653,-0.964731877,0.262002431,2658,1517157484.132080078,3645,1517157479.795403004,0,1517157484.132080078,1.755464034,1517157484.676496029,28141,1517157484.333800077,190,1517157484.333800077,3059,1517157484.333800077
1204,1517157484.636380911,5.162993431,1.606545448,0.063733540,-0.013111608,-0.002842233,-0.984557896,0.174544424,2528,1517157484.333800077,3645,1517157479.795403004,0,1517157484.333800077,1.724043824,1517157484.866496086,27989,1517157484.636380911,176,1517157484.636380911,3015,1517157484.636380911
1205,1517157484.838100910,4.819284439,1.496045232,0.057440747,-0.011802352,-0.008799928,-0.987131780,0.159229757,2433,1517157484.636380911,3649,1517157484.737241030,0,1517157484.636380911,1.694711130,1517157485.076495886,28048,1517157484.838100910,172,1517157484.838100910,2824,1517157484.838100910
1206,1517157485.039758921,4.490117073,1.388366342,0.054270782,-0.012609336,-0.006828318,-0.989103577,0.146521304,2316,1517157484.838100910,3649,1517157484.737241030,0,1517157484.838100910,1.677830575,1517157485.271487951,28230,1517157485.039758921,167,1517157485.039758921,2850,1517157485.039758921
1207,1517157485.241478920,4.156661510,1.303746939,0.047538903,-0.012163641,-0.005629821,-0.992246519,0.123560495,2302,1517157485.039758921,3649,1517157484.737241030,0,1517157485.039758921,1.672088114,1517157485.466495991,28209,1517157485.241478920,176,1517157485.241478920,2893,1517157485.241478920
1208,1517157485.443198919,3.826118946,1.222189546,0.041966561,-0.013327323,-0.009039196,-0.993085847,0.116280589,2327,1517157485.241478920,3649,1517157484.737241030,0,1517157485.241478920,1.715480177,1517157485.681488037,28076,1517157485.443198919,153,1517157485.443198919,2893,1517157485.443198919
1209,1517157485.644918919,3.475962162,1.127620220,0.028994529,-0.013301879,-0.008686042,-0.992288482,0.122927543,2298,1517157485.443198919,3649,1517157484.737241030,0,1517157485.443198919,1.748502501,1517157485.876480103,28149,1517157485.644918919,184,1517157485.644918919,2950,1517157485.644918919
1210,1517157485.846638918,3.131795645,1.027698755,0.031401511,-0.010185500,-0.010303240,-0.991892728,0.126249414,2350,1517157485.644918919,3649,1517157484.737241030,0,1517157485.644918919,1.733469363,1517157486.066479921,28142,1517157485.846638918,204,1517157485.846638918,2955,1517157485.846638918
1211,1517157486.048299074,2.783333540,0.959407032,0.020363001,-0.013538196,-0.005592865,-0.994119977,0.107288903,2384,1517157485.846638918,3649,1517157484.737241030,0,1517157485.846638918,1.757136563,1517157486.276479959,28134,1517157486.048299074,261,1517157486.048299074,3097,1517157486.048299074
1212,1517157486.250019073,2.441916466,0.894570112,0.022776052,-0.015196328,-0.005896540,-0.996107803,0.086623019,2546,1517157486.048299074,3649,1517157484.737241030,0,1517157486.048299074,1.762139765,1517157486.521471977,28038,1517157486.250019073,294,1517157486.250019073,3127,1517157486.250019073
1213,1517157486.451739073,2.084526777,0.844111443,0.020330846,-0.013175808,-0.001003195,-0.997254650,0.072859830,2650,1517157486.250019073,3649,1517157484.737241030,0,1517157486.250019073,1.779255345,1517157486.681472063,27975,1517157486.451739073,303,1517157486.451739073,3203,1517157486.451739073
1214,1517157486.653459072,1.721785903,0.788173258,0.012399944,-0.016560678,-0.006422776,-0.997466080,0.068890573,2692,1517157486.451739073,3649,1517157484.737241030,0,1517157486.451739073,1.809514707,1517157486.881455898,28055,1517157486.653459072,319,1517157486.653459072,3264,1517157486.653459072
1215,1517157486.855180025,1.343100548,0.726430595,-0.001079801,-0.019412016,-0.006486312,-0.997089577,0.073440296,2745,1517157486.653459072,3649,1517157484.737241030,0,1517157486.653459072,1.844602318,1517157487.081455946,28179,1517157486.855180025,283,1517157486.855180025,3220,1517157486.855180025
1216,1517157487.056838036,0.978523791,0.660625398,-0.002562076,-0.018628465,-0.006705965,-0.996846491,0.076844543,2712,1517157486.855180025,3649,1517157484.737241030,0,1517157486.855180025,1.851628141,1517157487.281455994,28084,1517157487.056838036,294,1517157487.056838036,3206,1517157487.056838036
1217,1517157487.258558035,0.610355437,0.592885733,-0.006697095,-0.014129711,-0.008522333,-0.996757071,0.078759523,2717,1517157487.056838036,3672,1517157487.157697916,0,1517157487.056838036,1.840383681,1517157487.486464024,28137,1517157487.258558035,299,1517157487.258558035,3183,1517157487.258558035
1218,1517157487.460278034,0.240396723,0.523017943,-0.001506975,-0.015788396,-0.009273993,-0.996596727,0.080372154,2711,1517157487.258558035,3672,1517157487.157697916,0,1517157487.258558035,1.848416584,1517157487.686464071,28207,1517157487.460278034,274,1517157487.460278034,3102,1517157487.460278034
1219,1517157487.661998034,-0.137560815,0.450600982,-0.013770577,-0.015431439,-0.007140366,-0.996336182,0.083815856,2634,1517157487.460278034,3672,1517157487.157697916,0,1517157487.460278034,1.858188274,1517157487.881439924,28122,1517157487.661998034,250,1517157487.661998034,3038,1517157487.661998034
1220,1517157487.863718033,-0.505915344,0.382983834,-0.018976824,-0.019741795,-0.003915908,-0.996224203,0.084452741,2591,1517157487.661998034,3672,1517157487.157697916,0,1517157487.661998034,1.883387039,1517157488.086447954,28145,1517157487.863718033,249,1517157487.863718033,3034,1517157487.863718033
1221,1517157488.065376043,-0.879755318,0.307811171,-0.026451390,-0.014944975,-0.006957695,-0.996094841,0.086736990,2589,1517157487.863718033,3672,1517157487.157697916,0,1517157487.863718033,1.880846720,1517157488.286448002,27981,1517157488.065376043,232,1517157488.065376043,3025,1517157488.065376043
1222,1517157488.267096043,-1.244653344,0.240706071,-0.027930338,-0.014595013,-0.006462628,-0.995819732,0.089934877,2592,1517157488.065376043,3672,1517157487.157697916,0,1517157488.065376043,1.704548275,1517157488.491440058,28090,1517157488.267096043,234,1517157488.267096043,3183,1517157488.267096043
1223,1517157488.468816042,-1.606866956,0.177569240,-0.042330984,-0.000705282,-0.007184012,-0.995497250,0.094515176,2747,1517157488.267096043,3672,1517157487.157697916,0,1517157488.267096043,0.851937914,1517157488.701440096,28084,1517157488.468816042,283,1517157488.468816042,3443,1517157488.468816042
1224,1517157488.670536041,-1.869610071,0.106292076,-0.064585358,0.049619563,-0.007623380,-0.993791888,0.099284773,3002,1517157488.468816042,3672,1517157487.157697916,0,1517157488.468816042,0.084255498,1517157488.896431923,28041,1517157488.670536041,272,1517157488.670536041,3733,1517157488.670536041
1225,1517157488.872256041,-1.932372093,0.090327114,-0.051527351,0.053716640,-0.000670365,-0.993237057,0.102928236,3289,1517157488.670536041,3672,1517157487.157697916,0,1517157488.670536041,0.105842093,1517157489.101423979,28028,1517157488.872256041,276,1517157488.872256041,3712,1517157488.872256041
1226,1517157489.073915958,-1.918066382,0.094991215,-0.043383975,0.028386030,-0.005824874,-0.994094936,0.104573241,3286,1517157488.872256041,3672,1517157487.157697916,0,1517157488.872256041,0.103655166,1517157489.296432018,28021,1517157489.073915958,267,1517157489.073915958,3786,1517157489.073915958
1227,1517157489.275635958,-1.895620584,0.100436144,-0.038058653,0.013908038,-0.007636585,-0.994450351,0.104003594,3371,1517157489.073915958,3672,1517157487.157697916,0,1517157489.073915958,0.064800332,1517157489.501424074,28048,1517157489.275635958,269,1517157489.275635958,3735,1517157489.275635958
1228,1517157489.477355957,-1.892829895,0.101275884,-0.049174909,0.007153979,-0.006428701,-0.994595346,0.103380799,3317,1517157489.275635958,3672,1517157487.157697916,0,1517157489.275635958,0.403217406,1517157489.701423883,28066,1517157489.477355957,263,1517157489.477355957,3689,1517157489.477355957
1229,1517157489.679075956,-1.940801859,0.080737941,-0.032007396,-0.024793188,-0.002054498,-0.995744919,0.088730678,3247,1517157489.477355957,3672,1517157487.157697916,0,1517157489.477355957,0.727033985,1517157489.906415939,27999,1517157489.679075956,290,1517157489.679075956,3800,1517157489.679075956
1230,1517157489.880795956,-2.083176136,0.097340167,-0.041727748,-0.024371097,0.004800844,-0.998876895,0.040347862,3389,1517157489.679075956,3672,1517157487.157697916,0,1517157489.679075956,0.533096279,1517157490.111407995,28017,1517157489.880795956,297,1517157489.880795956,3999,1517157489.880795956
1231,1517157490.082454920,-2.219125509,0.125399753,-0.047598336,0.005533067,-0.008496785,0.999678010,0.023260842,3551,1517157489.880795956,3672,1517157487.157697916,0,1517157489.880795956,0.294772261,1517157490.311408043,27918,1517157490.082454920,304,1517157490.082454920,4204,1517157490.082454920
1232,1517157490.284174919,-2.291234970,0.159852594,-0.038805496,-0.001948719,-0.008522755,0.997855860,0.064863296,3740,1517157490.082454920,3672,1517157487.157697916,0,1517157490.082454920,0.237501793,1517157490.511408091,27951,1517157490.284174919,305,1517157490.284174919,4259,1517157490.284174919
1233,1517157490.485894918,-2.347141266,0.183836982,-0.046116915,0.000061756,-0.008488932,0.995416137,0.095260952,3812,1517157490.284174919,3672,1517157487.157697916,0,1517157490.284174919,0.239166669,1517157490.706415892,28046,1517157490.485894918,302,1517157490.485894918,4283,1517157490.485894918
1234,1517157490.687614918,-2.393387318,0.204391673,-0.046515927,0.001465461,-0.008585439,0.992541856,0.121592791,3840,1517157490.485894918,3672,1517157487.157697916,0,1517157490.485894918,0.231483767,1517157490.911407948,28054,1517157490.687614918,296,1517157490.687614918,4368,1517157490.687614918
1235,1517157490.889334917,-2.436895847,0.232091904,-0.046576653,0.002191837,-0.008408857,0.989395372,0.144987186,3901,1517157490.687614918,3672,1517157487.157697916,0,1517157490.687614918,0.224256650,1517157491.111392021,28023,1517157490.889334917,314,1517157490.889334917,4406,1517157490.889334917
1236,1517157491.090993881,-2.484076023,0.258987844,-0.050750393,0.002657112,-0.009162221,0.986134134,0.165675776,3963,1517157490.889334917,3672,1517157487.157697916,0,1517157490.889334917,0.259817540,1517157491.316400051,28008,1517157491.090993881,314,1517157491.090993881,4434,1517157491.090993881
1237,1517157491.292715073,-2.526500940,0.284402192,-0.049683478,0.003364593,-0.009352355,0.981702435,0.190161885,3992,1517157491.090993881,3672,1517157487.157697916,0,1517157491.090993881,0.283782152,1517157491.516400099,27940,1517157491.292715073,304,1517157491.292715073,4445,1517157491.292715073
1238,1517157491.494435072,-2.567079067,0.316884995,-0.048348401,0.003528369,-0.009494823,0.975965920,0.217687672,4000,1517157491.292715073,3672,1517157487.157697916,0,1517157491.292715073,0.307195840,1517157491.716399908,27849,1517157491.494435072,313,1517157491.494435072,4444,1517157491.494435072
1239,1517157491.696155071,-2.614179373,0.355217993,-0.050488789,0.003824521,-0.010394078,0.969033990,0.246678865,4001,1517157491.494435072,3672,1517157487.157697916,0,1517157491.494435072,0.311789123,1517157491.921391964,28004,1517157491.696155071,317,1517157491.696155071,4489,1517157491.696155071
1240,1517157491.897875071,-2.662356377,0.395410836,-0.054974213,0.002978269,-0.011152928,0.961390242,0.274946440,4048,1517157491.696155071,3672,1517157487.157697916,0,1517157491.696155071,0.320346730,1517157492.126384020,27893,1517157491.897875071,330,1517157491.897875071,4533,1517157491.897875071
1241,1517157492.099534035,-2.704956293,0.440359652,-0.055258542,0.001638410,-0.012795241,0.952894139,0.303028640,4064,1517157491.897875071,3672,1517157487.157697916,0,1517157491.897875071,0.427088926,1517157492.326384068,27897,1517157492.099534035,315,1517157492.099534035,4471,1517157492.099534035
1242,1517157492.301254034,-2.750782013,0.505249977,-0.049130946,0.009414555,-0.019263485,0.942490210,0.333545331,4001,1517157492.099534035,3867,1517157492.200393915,0,1517157492.099534035,0.639267242,1517157492.536384106,28033,1517157492.301254034,318,1517157492.301254034,4485,1517157492.301254034
1243,1517157492.502974033,-2.816322088,0.597928464,-0.049036279,0.010200176,-0.024880073,0.924208924,0.380939369,4023,1517157492.301254034,3867,1517157492.200393915,0,1517157492.301254034,0.727120228,1517157492.736383915,27976,1517157492.502974033,303,1517157492.502974033,4409,1517157492.502974033
1244,1517157492.704694033,-2.886100292,0.707468927,-0.059077479,0.007416998,-0.024973663,0.899598563,0.435940052,3922,1517157492.502974033,3867,1517157492.200393915,0,1517157492.502974033,0.771246399,1517157493.031359911,28069,1517157492.704694033,299,1517157492.704694033,4299,1517157492.704694033
1245,1517157493.007211924,-2.961576700,0.913675725,-0.062885366,-0.000837590,-0.025539004,0.849196696,0.527458082,3801,1517157492.704694033,3867,1517157492.200393915,0,1517157492.704694033,0.794762374,1517157493.246367931,26494,1517157493.007211924,288,1517157493.007211924,4069,1517157493.007211924
1246,1517157493.208931923,-2.986865520,1.061630726,-0.053227141,-0.002654374,-0.028049977,0.808647713,0.587618099,3587,1517157493.007211924,3867,1517157492.200393915,0,1517157493.007211924,0.772505071,1517157493.436367989,25071,1517157493.208931923,294,1517157493.208931923,3980,1517157493.208931923
1247,1517157493.410653114,-2.991184473,1.211641669,-0.058321591,-0.003965372,-0.028049163,0.766051105,0.642155141,3517,1517157493.208931923,3867,1517157492.200393915,0,1517157493.208931923,0.774368379,1517157493.636368036,24535,1517157493.309792995,249,1517157493.410653114,4116,1517157493.410653114
1248,1517157493.612373114,-2.980353594,1.360760212,-0.063545197,-0.006137495,-0.029330828,0.718492569,0.694888812,3550,1517157493.410653114,3867,1517157492.200393915,0,1517157493.410653114,0.324590695,1517157493.836368084,23969,1517157493.612373114,307,1517157493.612373114,4112,1517157493.612373114
1249,1517157493.814093113,-3.007345676,1.444328666,-0.064205050,-0.015670434,-0.000594619,0.681674863,0.731487160,3586,1517157493.612373114,3867,1517157492.200393915,0,1517157493.612373114,0.059277904,1517157494.046367884,24139,1517157493.814093113,289,1517157493.814093113,4095,1517157493.814093113
1250,1517157494.015752077,-3.023089647,1.434195280,-0.067054078,-0.021114197,-0.047984546,0.658164135,0.751047033,3567,1517157493.814093113,3867,1517157492.200393915,0,1517157493.814093113,0.097737751,1517157494.251343966,24093,1517157494.015752077,282,1517157494.015752077,4170,1517157494.015752077
1251,1517157494.318331957,-3.002369165,1.417813420,-0.067230552,-0.001096353,-0.025524470,0.670317439,0.741634567,3626,1517157494.015752077,3867,1517157492.200393915,0,1517157494.015752077,0.099832069,1517157494.546351910,24072,1517157494.318331957,301,1517157494.318331957,4198,1517157494.318331957
1252,1517157494.520051956,-3.001547813,1.423292994,-0.064415038,0.001167416,-0.022503970,0.673100706,0.739207446,3649,1517157494.318331957,3867,1517157492.200393915,0,1517157494.318331957,0.065108420,1517157494.746351957,24107,1517157494.520051956,293,1517157494.520051956,4169,1517157494.520051956
1253,1517157494.721771955,-2.998811007,1.426140547,-0.066021964,0.001660010,-0.020446769,0.673101146,0.739265867,3617,1517157494.520051956,3867,1517157492.200393915,0,1517157494.520051956,0.068469414,1517157494.951344013,24016,1517157494.721771955,301,1517157494.721771955,4189,1517157494.721771955
1254,1517157495.125159979,-2.998443842,1.424750090,-0.063024402,0.001942873,-0.020291313,0.673386316,0.739009714,3649,1517157494.721771955,3867,1517157492.200393915,0,1517157494.721771955,0.078389921,1517157495.351327896,23979,1517157495.125159979,296,1517157495.125159979,4167,1517157495.125159979
1255,1517157495.326879978,-2.998037338,1.424710512,-0.063083775,0.001951995,-0.020557481,0.673342891,0.739041900,3611,1517157495.125159979,3867,1517157492.200393915,0,1517157495.125159979,0.124983372,1517157495.551327944,24047,1517157495.326879978,297,1517157495.326879978,4177,1517157495.326879978
1256,1517157495.629461050,-2.999769688,1.454091311,-0.062038165,0.004968777,-0.022886574,0.672628610,0.739609538,3632,1517157495.326879978,3867,1517157492.200393915,0,1517157495.326879978,0.143223434,1517157495.851327896,24100,1517157495.629461050,285,1517157495.629461050,4218,1517157495.629461050
1257,1517157495.932040930,-3.001551151,1.492057562,-0.061778106,0.003313152,-0.025351929,0.672638109,0.739529768,3659,1517157495.629461050,3867,1517157492.200393915,0,1517157495.629461050,0.117419873,1517157496.161328077,24150,1517157495.932040930,249,1517157495.932040930,4077,1517157495.932040930
1258,1517157496.133692026,-2.999973536,1.483081579,-0.057479054,0.004110737,-0.027270806,0.672930172,0.739191713,3563,1517157495.932040930,3867,1517157492.200393915,0,1517157495.932040930,0.063891627,1517157496.361311913,24166,1517157496.133692026,260,1517157496.133692026,4110,1517157496.133692026
1259,1517157496.335412025,-2.999177456,1.480515122,-0.059715468,0.004845603,-0.025097751,0.673655159,0.738603648,3594,1517157496.133692026,3867,1517157492.200393915,0,1517157496.133692026,0.076377204,1517157496.556319952,24139,1517157496.335412025,246,1517157496.335412025,4113,1517157496.335412025
1260,1517157496.537132025,-3.002257586,1.483738780,-0.052001599,0.003113900,-0.023072698,0.673247738,0.739050362,3588,1517157496.335412025,3867,1517157492.200393915,0,1517157496.335412025,0.052600214,1517157496.756320000,24118,1517157496.537132025,261,1517157496.537132025,4103,1517157496.537132025
1261,1517157496.940572023,-2.999252319,1.477938175,-0.053341899,0.004786308,-0.024763186,0.673395058,0.738852470,3597,1517157496.537132025,3867,1517157492.200393915,0,1517157496.537132025,0.047576553,1517157497.266304016,24082,1517157496.940572023,260,1517157496.940572023,4063,1517157496.940572023
1262,1517157497.142230034,-2.999899387,1.479835868,-0.058886785,0.004314495,-0.023506575,0.673648770,0.738665121,3562,1517157496.940572023,3867,1517157492.200393915,0,1517157496.940572023,0.046366066,1517157497.366303921,24142,1517157497.142230034,257,1517157497.142230034,4098,1517157497.142230034
1263,1517157497.343950033,-2.999119997,1.480356216,-0.061258622,0.003941372,-0.023342434,0.673643646,0.738677084,3578,1517157497.142230034,4108,1517157497.142230034,0,1517157497.142230034,0.035561669,1517157497.566303968,24096,1517157497.343950033,263,1517157497.343950033,4107,1517157497.343950033
1264,1517157497.545670033,-2.999423742,1.480407357,-0.060593631,0.003765958,-0.023208130,0.673736043,0.738597958,3592,1517157497.343950033,4108,1517157497.142230034,0,1517157497.343950033,0.038819747,1517157497.866303921,24109,1517157497.545670033,256,1517157497.545670033,4093,1517157497.545670033
1265,1517157497.949110985,-2.999233484,1.482150197,-0.061773229,0.004682866,-0.023834416,0.673753356,0.738556976,3586,1517157497.545670033,4108,1517157497.142230034,0,1517157497.545670033,0.028152697,1517157498.276288033,24103,1517157497.949110985,264,1517157497.949110985,4099,1517157497.949110985
1266,1517157498.251630068,-2.996633530,1.481900334,-0.071081258,0.004792946,-0.025014442,0.673722006,0.738545844,3602,1517157497.949110985,4108,1517157497.142230034,0,1517157497.949110985,0.025850831,1517157498.476288080,24141,1517157498.251630068,258,1517157498.251630068,4109,1517157498.251630068
1267,1517157498.453350067,-2.998735189,1.482845902,-0.063765235,0.004100350,-0.024797018,0.673613356,0.738656444,3600,1517157498.251630068,4108,1517157497.142230034,0,1517157498.251630068,0.035604523,1517157498.676287889,24095,1517157498.352489948,249,1517157498.453350067,4058,1517157498.453350067
1268,1517157498.655070066,-2.996428490,1.484761238,-0.061798677,0.004375010,-0.024402611,0.674015053,0.738301484,3550,1517157498.453350067,4108,1517157497.142230034,0,1517157498.453350067,0.038788299,1517157498.881279945,24134,1517157498.655070066,252,1517157498.655070066,4134,1517157498.655070066
