frame,stamp,pos_x,pos_y,pos_z,quat_x,quat_y,quat_z,quat_w,cloud_points,cloud_stamp,map_points,map_stamp
1,1709436655.492895603,-0.099542566,-0.081188702,0.025142756,-0.002106076,0.001292425,0.001183042,0.999996247,0,0.000000000,0,0.000000000
2,1709436655.591519117,-0.071224541,-0.284164218,0.008250878,-0.002179312,0.000486339,0.002764536,0.999993686,2221,1709436655.492895603,0,0.000000000
3,1709436655.690180779,-0.095788476,-0.346587553,0.004648018,-0.003157930,0.000748597,0.002382865,0.999991894,2280,1709436655.591519117,0,0.000000000
4,1709436655.795103073,-0.129399659,-0.322193400,0.008648028,-0.002422837,0.000923995,0.002449104,0.999993639,2203,1709436655.690180779,0,0.000000000
5,1709436655.894954205,-0.100427000,-0.266544958,0.008565048,-0.002320822,0.000756716,0.002029605,0.999994961,2244,1709436655.795103073,0,0.000000000
6,1709436655.994786263,-0.120621657,-0.187949315,0.013799388,-0.002479595,0.000897731,0.001836704,0.999994836,2238,1709436655.894954205,0,0.000000000
7,1709436656.094072342,-0.132424018,-0.208579500,0.017987915,-0.002167169,0.000956595,0.002069128,0.999995053,2228,1709436655.994786263,2228,1709436655.994786263
8,1709436656.194453716,-0.120258486,-0.241985791,0.014889251,-0.002501519,0.000839697,0.002163226,0.999994179,2119,1709436656.094072342,2228,1709436655.994786263
9,1709436656.294553280,-0.116670657,-0.232605467,0.015545633,-0.002709603,0.000914268,0.002301398,0.999993263,2210,1709436656.194453716,2228,1709436655.994786263
10,1709436656.393429518,-0.104126955,-0.204984337,0.010110085,-0.002485286,0.000680650,0.002079680,0.999994517,2233,1709436656.294553280,2228,1709436655.994786263
11,1709436656.492342234,-0.111592514,-0.172953969,0.010010235,-0.002308535,0.000788661,0.001712599,0.999995558,2270,1709436656.393429518,2228,1709436655.994786263
12,1709436656.594625711,-0.095265509,-0.180399627,0.009970571,-0.002224859,0.000653995,0.001909500,0.999995488,2202,1709436656.492342234,2228,1709436655.994786263
13,1709436656.693928003,-0.086192442,-0.173436110,0.011245932,-0.002279252,0.000738612,0.001588362,0.999995868,2247,1709436656.594625711,2228,1709436655.994786263
14,1709436656.792693615,-0.071018594,-0.183657319,0.009543823,-0.002322056,0.000618567,0.001827417,0.999995443,2254,1709436656.693928003,2228,1709436655.994786263
15,1709436656.891209602,-0.084007587,-0.168766825,0.012041639,-0.002349014,0.000706746,0.001722712,0.999995507,2256,1709436656.792693615,2228,1709436655.994786263
16,1709436656.989885807,-0.074189232,-0.170394441,0.010074762,-0.002398674,0.000637650,0.001742195,0.999995402,2201,1709436656.891209602,2228,1709436655.994786263
17,1709436657.094625950,-0.082955654,-0.172281011,0.010639584,-0.002457363,0.000768123,0.001708362,0.999995226,2211,1709436656.989885807,4439,1709436656.989885807
18,1709436657.194467783,-0.084100973,-0.170305864,0.007829049,-0.002174863,0.000604290,0.001888847,0.999995669,2221,1709436657.094625950,4439,1709436656.989885807
19,1709436657.295099497,-0.102713667,-0.173943440,0.010015326,-0.002218832,0.000776435,0.001825308,0.999995571,2228,1709436657.194467783,4439,1709436656.989885807
20,1709436657.394908428,-0.115622663,-0.186729545,0.010106571,-0.002473960,0.000724182,0.001881132,0.999994908,2148,1709436657.295099497,4439,1709436656.989885807
21,1709436657.494782925,-0.118890788,-0.191192353,0.012627409,-0.002266493,0.000833530,0.001982368,0.999995119,2190,1709436657.394908428,4439,1709436656.989885807
22,1709436657.594491243,-0.118114894,-0.194365351,0.011224389,-0.002114413,0.000821216,0.001839626,0.999995735,2247,1709436657.494782925,4439,1709436656.989885807
23,1709436657.693432570,-0.113644490,-0.200342096,0.013159098,-0.002391290,0.000797208,0.001897054,0.999995024,2307,1709436657.594491243,4439,1709436656.989885807
24,1709436657.792375326,-0.120520153,-0.222543661,0.014932461,-0.002308498,0.000891137,0.002010320,0.999994918,2180,1709436657.693432570,4439,1709436656.989885807
25,1709436657.894917250,-0.122993388,-0.219106232,0.017151662,-0.002455734,0.001002182,0.001867243,0.999994739,2239,1709436657.792375326,4439,1709436656.989885807
26,1709436657.993590593,-0.112445724,-0.214113026,0.014717574,-0.002143715,0.000943614,0.001913807,0.999995426,2287,1709436657.894917250,4439,1709436656.989885807
27,1709436658.092260838,-0.112320105,-0.172685730,0.012597856,-0.001986533,0.000954421,0.001849687,0.999995861,2202,1709436657.993590593,6641,1709436657.993590593
28,1709436658.191006422,-0.103703974,-0.155460192,0.009898908,-0.002016876,0.000744712,0.001889631,0.999995903,2217,1709436658.092260838,6641,1709436657.993590593
29,1709436658.295109987,-0.102562464,-0.153976805,0.008190192,-0.002147450,0.000693752,0.001910887,0.999995628,2229,1709436658.191006422,6641,1709436657.993590593
30,1709436658.394942284,-0.097508138,-0.168853455,0.008621725,-0.002027854,0.000783515,0.001803591,0.999996010,2208,1709436658.295109987,6641,1709436657.993590593
31,1709436658.494787216,-0.113583784,-0.170872845,0.012123757,-0.002389501,0.000976774,0.001917010,0.999994831,2281,1709436658.394942284,6641,1709436657.993590593
32,1709436658.594629526,-0.112500788,-0.158487271,0.014187015,-0.002433547,0.000956657,0.001587367,0.999995321,2177,1709436658.494787216,6641,1709436657.993590593
33,1709436658.694429159,-0.104688172,-0.194308448,0.015079520,-0.001883351,0.000895447,0.001762391,0.999996273,2231,1709436658.594629526,6641,1709436657.993590593
34,1709436658.795115471,-0.099455427,-0.194001626,0.012540315,-0.002309158,0.000850556,0.001869710,0.999995224,2253,1709436658.694429159,6641,1709436657.993590593
35,1709436658.894458771,-0.093850294,-0.203472378,0.008197410,-0.002411972,0.000631323,0.001980198,0.999994931,2290,1709436658.795115471,6641,1709436657.993590593
36,1709436658.993427038,-0.104617808,-0.167601589,0.006820119,-0.002601182,0.000701584,0.001701814,0.999994923,2216,1709436658.894458771,6641,1709436657.993590593
37,1709436659.092432737,-0.100437572,-0.164173277,0.010387819,-0.002293068,0.000788616,0.001477542,0.999995968,2244,1709436658.993427038,8885,1709436658.993427038
38,1709436659.194489479,-0.101772555,-0.162946399,0.012764805,-0.002132047,0.000881399,0.001765900,0.999995780,2194,1709436659.092432737,8885,1709436658.993427038
39,1709436659.293277979,-0.104390084,-0.177740037,0.011656767,-0.001937786,0.000700997,0.001675223,0.999996474,2290,1709436659.194489479,8885,1709436658.993427038
40,1709436659.392018318,-0.091255202,-0.189173149,0.009478581,-0.002133323,0.000856495,0.001843926,0.999995658,2226,1709436659.293277979,8885,1709436658.993427038
41,1709436659.490612984,-0.107104606,-0.191163532,0.012967493,-0.002082477,0.000963590,0.001624930,0.999996047,2171,1709436659.392018318,8885,1709436658.993427038
42,1709436659.594626904,-0.121055496,-0.196954918,0.014541745,-0.002221517,0.000919002,0.001763626,0.999995555,2205,1709436659.490612984,8885,1709436658.993427038
43,1709436659.694433928,-0.117508969,-0.211417561,0.014957601,-0.002400519,0.000902147,0.001922355,0.999994864,2226,1709436659.594626904,8885,1709436658.993427038
44,1709436659.795111179,-0.116828102,-0.211818749,0.012577310,-0.002392968,0.000819536,0.002029411,0.999994742,2262,1709436659.694433928,8885,1709436658.993427038
45,1709436659.894934416,-0.111201383,-0.203632434,0.012922415,-0.002390638,0.001057137,0.002133875,0.999994307,2175,1709436659.795111179,8885,1709436658.993427038
46,1709436659.994790077,-0.101537154,-0.207922142,0.011810406,-0.002227224,0.000880804,0.002056907,0.999995016,2279,1709436659.894934416,8885,1709436658.993427038
47,1709436660.094627380,-0.120333712,-0.208549621,0.011738189,-0.002322951,0.000791822,0.002360584,0.999994202,2244,1709436659.994790077,11129,1709436659.994790077
48,1709436660.194464445,-0.114195189,-0.202648553,0.010076430,-0.002167999,0.000867305,0.001867951,0.999995529,2257,1709436660.094627380,11129,1709436659.994790077
49,1709436660.293509483,-0.107801098,-0.190859818,0.011317543,-0.002303847,0.000983481,0.001780828,0.999995277,2283,1709436660.194464445,11129,1709436659.994790077
50,1709436660.394953966,-0.108198424,-0.180446522,0.012860940,-0.002264758,0.000929665,0.001755416,0.999995463,2196,1709436660.293509483,11129,1709436659.994790077
51,1709436660.494282722,-0.105029299,-0.162946514,0.011972172,-0.002140424,0.000830216,0.001549410,0.999996164,2225,1709436660.394953966,11129,1709436659.994790077
52,1709436660.593031168,-0.102937109,-0.144724598,0.012486978,-0.001969243,0.001004045,0.001708894,0.999996097,2219,1709436660.494282722,11129,1709436659.994790077
53,1709436660.691629410,-0.094008954,-0.158334778,0.008623120,-0.002304630,0.000797108,0.001715873,0.999995555,2173,1709436660.593031168,11129,1709436659.994790077
54,1709436660.790329933,-0.107688745,-0.154959734,0.008671119,-0.002049511,0.000915417,0.001600696,0.999996200,2228,1709436660.691629410,11129,1709436659.994790077
55,1709436660.894949675,-0.105690448,-0.137117325,0.008541471,-0.001938012,0.000826035,0.001493880,0.999996665,2184,1709436660.790329933,11129,1709436659.994790077
56,1709436660.993874311,-0.101208936,-0.136746939,0.008894412,-0.001882739,0.000830582,0.001570409,0.999996650,2260,1709436660.894949675,11129,1709436659.994790077
57,1709436661.092454672,-0.109025503,-0.127770124,0.010783407,-0.001875145,0.000727940,0.001543272,0.999996786,2244,1709436660.993874311,13373,1709436660.993874311
58,1709436661.194502592,-0.111967911,-0.128567936,0.010069534,-0.002192833,0.000883364,0.001651124,0.999995842,2236,1709436661.092454672,13373,1709436660.993874311
59,1709436661.295149326,-0.105094257,-0.133652701,0.008863520,-0.002140874,0.000822211,0.001698466,0.999995928,2191,1709436661.194502592,13373,1709436660.993874311
60,1709436661.395000219,-0.106762170,-0.143422326,0.011831403,-0.001861923,0.000959000,0.001487537,0.999996700,2273,1709436661.295149326,13373,1709436660.993874311
61,1709436661.494592190,-0.111440561,-0.165923991,0.013120872,-0.001790535,0.000833640,0.001814302,0.999996404,2220,1709436661.395000219,13373,1709436660.993874311
62,1709436661.593677044,-0.100914933,-0.168133347,0.011746959,-0.002043879,0.000845120,0.001859386,0.999995825,2230,1709436661.494592190,13373,1709436660.993874311
63,1709436661.694518566,-0.110711561,-0.157326823,0.010923534,-0.002307388,0.000872775,0.001682151,0.999995542,2167,1709436661.593677044,13373,1709436660.993874311
64,1709436661.794071198,-0.105122750,-0.147568300,0.008970819,-0.002313999,0.000872265,0.001620274,0.999995630,2186,1709436661.694518566,13373,1709436660.993874311
65,1709436661.892663240,-0.114003872,-0.154192137,0.007837662,-0.002133096,0.000865920,0.001697234,0.999995910,2170,1709436661.794071198,13373,1709436660.993874311
66,1709436661.991358757,-0.113160643,-0.171485127,0.008788863,-0.002246187,0.000898794,0.001870936,0.999995323,2216,1709436661.892663240,13373,1709436660.993874311
67,1709436662.090072632,-0.110052799,-0.178196648,0.009204227,-0.002468826,0.000890238,0.001869377,0.999994809,2150,1709436661.991358757,13373,1709436660.993874311
68,1709436662.194930315,-0.121085326,-0.166656284,0.012875044,-0.001819406,0.001011273,0.001712120,0.999996368,2202,1709436662.090072632,13373,1709436660.993874311
69,1709436662.293495893,-0.117341942,-0.161372848,0.010826197,-0.002148180,0.000877150,0.001810819,0.999995668,2292,1709436662.194930315,13373,1709436660.993874311
70,1709436662.392083883,-0.122999220,-0.149686569,0.010073277,-0.001950234,0.000853276,0.001595163,0.999996462,2267,1709436662.293495893,13373,1709436660.993874311
71,1709436662.494436741,-0.116936588,-0.172299130,0.010137814,-0.001949336,0.000888335,0.001717544,0.999996230,2199,1709436662.392083883,13373,1709436660.993874311
72,1709436662.595076323,-0.113227610,-0.185365280,0.009707971,-0.002643331,0.000898752,0.001805607,0.999994472,2260,1709436662.494436741,13373,1709436660.993874311
73,1709436662.694911718,-0.111289360,-0.175486098,0.011081527,-0.001898954,0.000918035,0.001680991,0.999996363,2259,1709436662.595076323,13373,1709436660.993874311
74,1709436662.794762135,-0.106466101,-0.177043109,0.012384912,-0.001948205,0.000902618,0.001800994,0.999996073,2281,1709436662.694911718,13373,1709436660.993874311
75,1709436662.893979549,-0.107631049,-0.188749852,0.012229056,-0.002140596,0.000903273,0.001896074,0.999995503,2217,1709436662.794762135,13373,1709436660.993874311
76,1709436662.994444847,-0.105197062,-0.199897706,0.012127729,-0.002227041,0.001049378,0.002040857,0.999994887,2169,1709436662.893979549,13373,1709436660.993874311
77,1709436663.093696594,-0.106037902,-0.211746736,0.011073787,-0.002379169,0.001029771,0.001906121,0.999994823,2226,1709436662.994444847,13373,1709436660.993874311
78,1709436663.192433596,-0.108331235,-0.205976870,0.010234676,-0.002457905,0.000889002,0.002063462,0.999994455,2186,1709436663.093696594,13373,1709436660.993874311
79,1709436663.291157484,-0.114532435,-0.195121101,0.008168365,-0.002369661,0.000855374,0.001932826,0.999994959,2167,1709436663.192433596,13373,1709436660.993874311
80,1709436663.390023232,-0.108195356,-0.192877938,0.007876802,-0.002066020,0.000819058,0.001891822,0.999995741,2257,1709436663.291157484,13373,1709436660.993874311
81,1709436663.494440317,-0.108350786,-0.175533149,0.009714243,-0.001987303,0.000833963,0.001700875,0.999996231,2186,1709436663.390023232,13373,1709436660.993874311
82,1709436663.593112946,-0.108844243,-0.183410425,0.008743629,-0.002290348,0.000799597,0.001909194,0.999995235,2325,1709436663.494440317,13373,1709436660.993874311
83,1709436663.691739798,-0.106840173,-0.177197203,0.009129184,-0.002254825,0.000905843,0.001879846,0.999995281,2226,1709436663.593112946,13373,1709436660.993874311
84,1709436663.794781923,-0.099019923,-0.186819534,0.006751104,-0.002459187,0.000719183,0.001798021,0.999995101,2254,1709436663.691739798,13373,1709436660.993874311
85,1709436663.894609213,-0.103460011,-0.179581516,0.008301713,-0.002289317,0.000818169,0.001867987,0.999995300,2270,1709436663.794781923,13373,1709436660.993874311
86,1709436663.994458437,-0.114865356,-0.202675377,0.012156859,-0.002340494,0.000971829,0.002075173,0.999994636,2289,1709436663.894609213,13373,1709436660.993874311
87,1709436664.095111132,-0.128105238,-0.169660961,0.013613629,-0.002055823,0.001031229,0.001642722,0.999996006,2211,1709436663.994458437,13373,1709436660.993874311
88,1709436664.194966555,-0.116275517,-0.173362345,0.013220975,-0.002228081,0.000968276,0.001716036,0.999995577,2220,1709436664.095111132,13373,1709436660.993874311
89,1709436664.294774294,-0.109872063,-0.168570813,0.011471764,-0.002348605,0.000910298,0.001915067,0.999994994,2197,1709436664.194966555,13373,1709436660.993874311
90,1709436664.393471479,-0.110942375,-0.156053347,0.011007292,-0.002256593,0.000886118,0.001888524,0.999995278,2258,1709436664.294774294,13373,1709436660.993874311
91,1709436664.492203474,-0.101684447,-0.149680606,0.006908221,-0.002424266,0.000798277,0.001911539,0.999994916,2173,1709436664.393471479,13373,1709436660.993874311
92,1709436664.590997219,-0.095995966,-0.138112741,0.008386865,-0.002092258,0.000905719,0.001452038,0.999996347,2219,1709436664.492203474,13373,1709436660.993874311
93,1709436664.694968224,-0.098062002,-0.161450879,0.009371674,-0.002145139,0.000852676,0.001798165,0.999995719,2183,1709436664.590997219,13373,1709436660.993874311
94,1709436664.794143915,-0.103903327,-0.174273931,0.009128423,-0.002047738,0.000867863,0.001753222,0.999995990,2275,1709436664.694968224,13373,1709436660.993874311
95,1709436664.892767906,-0.099946034,-0.178980547,0.007982986,-0.002059778,0.000881419,0.001849034,0.999995781,2268,1709436664.794143915,13373,1709436660.993874311
96,1709436664.991440773,-0.100870661,-0.177986814,0.010410380,-0.002086335,0.000958432,0.001662855,0.999995982,2241,1709436664.892767906,13373,1709436660.993874311
97,1709436665.094742060,-0.098825983,-0.182548053,0.010422545,-0.002082781,0.000947865,0.001827196,0.999995712,2230,1709436664.991440773,22268,1709436664.991440773
98,1709436665.194525003,-0.104435092,-0.182399278,0.009905121,-0.002400265,0.000779926,0.001871737,0.999995064,2324,1709436665.094742060,22268,1709436664.991440773
99,1709436665.292874336,-0.110706977,-0.194063449,0.008751675,-0.002271943,0.000768229,0.001869956,0.999995376,2262,1709436665.194525003,22268,1709436664.991440773
100,1709436665.395076513,-0.111340759,-0.169448793,0.011066218,-0.002057064,0.001027295,0.001859903,0.999995627,2169,1709436665.292874336,22268,1709436664.991440773
101,1709436665.494928598,-0.111788429,-0.190319288,0.012448745,-0.002411735,0.000950984,0.001846481,0.999994935,2160,1709436665.395076513,22268,1709436664.991440773
102,1709436665.594639301,-0.107597403,-0.184885425,0.012545730,-0.002086527,0.000980936,0.001879201,0.999995576,2263,1709436665.494928598,22268,1709436664.991440773
103,1709436665.693241358,-0.105989737,-0.183091200,0.011704400,-0.002329440,0.000908427,0.001855763,0.999995152,2213,1709436665.594639301,22268,1709436664.991440773
104,1709436665.792036772,-0.106374056,-0.171016422,0.011336989,-0.002221602,0.000901559,0.001697534,0.999995685,2173,1709436665.693241358,22268,1709436664.991440773
105,1709436665.891340256,-0.102043776,-0.168768275,0.007847673,-0.002328114,0.000773538,0.001771302,0.999995422,2207,1709436665.792036772,22268,1709436664.991440773
106,1709436665.994919777,-0.101666390,-0.159448141,0.005966120,-0.002141876,0.000788787,0.001804070,0.999995768,2214,1709436665.891340256,22268,1709436664.991440773
107,1709436666.093812943,-0.107268227,-0.150555108,0.007775497,-0.002191993,0.000870271,0.001736868,0.999995711,2236,1709436665.994919777,22268,1709436664.991440773
108,1709436666.192481041,-0.108847650,-0.163475166,0.007899492,-0.002012098,0.000824367,0.001808777,0.999996000,2268,1709436666.093812943,22268,1709436664.991440773
109,1709436666.291118383,-0.104920334,-0.160140784,0.008647820,-0.001941468,0.000944944,0.001705294,0.999996215,2258,1709436666.192481041,22268,1709436664.991440773
110,1709436666.395099878,-0.113558793,-0.156711268,0.010091446,-0.002096703,0.000892335,0.001665182,0.999996017,2227,1709436666.291118383,22268,1709436664.991440773
111,1709436666.493916750,-0.109901329,-0.152893825,0.008465441,-0.002101233,0.000830416,0.001711952,0.999995982,2315,1709436666.395099878,22268,1709436664.991440773
112,1709436666.592387915,-0.120182073,-0.153041498,0.009550907,-0.002122983,0.000873761,0.001933119,0.999995496,2206,1709436666.493916750,22268,1709436664.991440773
113,1709436666.694644928,-0.123616315,-0.166077561,0.011225584,-0.002168630,0.000993339,0.001687885,0.999995731,2173,1709436666.592387915,22268,1709436664.991440773
114,1709436666.794490099,-0.124090614,-0.161972315,0.015792152,-0.001903366,0.001153569,0.001510046,0.999996383,2255,1709436666.694644928,22268,1709436664.991440773
115,1709436666.894318581,-0.111597881,-0.184064694,0.013187189,-0.002374885,0.000974339,0.001973974,0.999994757,2242,1709436666.794490099,22268,1709436664.991440773
116,1709436666.993791580,-0.106218038,-0.203446663,0.011536685,-0.002156279,0.000867972,0.002069478,0.999995157,2192,1709436666.894318581,22268,1709436664.991440773
117,1709436667.092360735,-0.112922973,-0.189627077,0.011807020,-0.002079107,0.000909870,0.001671260,0.999996028,2204,1709436666.993791580,26708,1709436666.993791580
118,1709436667.190992355,-0.114233402,-0.176761726,0.012348079,-0.002056544,0.000914289,0.001684153,0.999996049,2213,1709436667.092360735,26708,1709436666.993791580
119,1709436667.294478416,-0.122854138,-0.158986850,0.011383235,-0.002145841,0.000707138,0.001648226,0.999996089,2201,1709436667.190992355,26708,1709436666.993791580
120,1709436667.393507719,-0.111647049,-0.164625464,0.009030076,-0.002171053,0.000916585,0.001542003,0.999996034,2263,1709436667.294478416,26708,1709436666.993791580
121,1709436667.492172003,-0.100752277,-0.163577220,0.009839774,-0.002211218,0.001649948,0.002314317,0.999993516,2236,1709436667.393507719,26708,1709436666.993791580
122,1709436667.590868473,-0.087158973,-0.161521529,0.009744013,-0.002646302,0.001184264,0.001084226,0.999995210,2214,1709436667.492172003,26708,1709436666.993791580
123,1709436667.694641113,-0.064270803,-0.159458824,0.009502355,-0.002008594,0.001508433,0.000730661,0.999996578,2262,1709436667.590868473,26708,1709436666.993791580
124,1709436667.793437481,-0.031163378,-0.152006151,0.009629496,-0.001501508,0.002331829,-0.000505825,0.999996026,2259,1709436667.694641113,26708,1709436666.993791580
125,1709436667.895123243,0.001969568,-0.153696789,0.016409847,-0.004707329,0.003966544,-0.001996834,0.999979060,2201,1709436667.793437481,26708,1709436666.993791580
126,1709436667.994972229,0.053808681,-0.152937173,0.021485744,-0.009561068,0.006275776,-0.004506265,0.999924444,2281,1709436667.895123243,26708,1709436666.993791580
127,1709436668.094810724,0.131533636,-0.156299227,0.023053467,-0.011130638,0.005067046,-0.006492904,0.999904133,2290,1709436667.994972229,28998,1709436667.994972229
128,1709436668.194493055,0.198955587,-0.145589199,0.023761031,-0.012866839,0.009224206,-0.014076686,0.999775578,2321,1709436668.094810724,28998,1709436667.994972229
129,1709436668.293637276,0.264673277,-0.156943732,0.029678343,-0.014990354,0.007561037,-0.023876118,0.999573935,2305,1709436668.194493055,28998,1709436667.994972229
130,1709436668.392260313,0.344102795,-0.178685800,0.027919957,-0.013544490,0.007461275,-0.034425045,0.999287642,2310,1709436668.293637276,28998,1709436667.994972229
131,1709436668.494963408,0.440946508,-0.232667250,0.022179792,-0.001387475,0.009761788,-0.045085982,0.998934451,2278,1709436668.392260313,28998,1709436667.994972229
132,1709436668.594544888,0.528688144,-0.279854918,0.021092931,0.002439746,0.003673547,-0.059647618,0.998209755,2264,1709436668.494963408,28998,1709436667.994972229
133,1709436668.693168879,0.637202788,-0.284180713,0.026484860,0.004111105,0.009460838,-0.076779867,0.996994706,2278,1709436668.594544888,28998,1709436667.994972229
134,1709436668.791869402,0.745543226,-0.320310764,0.027604813,0.003424791,0.007470458,-0.096083716,0.995339330,2219,1709436668.693168879,28998,1709436667.994972229
135,1709436668.894747972,0.864300135,-0.361367082,0.039156523,-0.001087905,0.007421943,-0.119093130,0.992854752,2273,1709436668.791869402,28998,1709436667.994972229
136,1709436668.994584322,0.996957092,-0.384466744,0.038490686,-0.010011735,0.020680581,-0.138817127,0.990051455,2192,1709436668.894747972,28998,1709436667.994972229
137,1709436669.093280554,1.133550504,-0.422563067,0.029394249,-0.008692629,0.026402560,-0.158124579,0.987027842,2371,1709436668.994584322,28998,1709436667.994972229
138,1709436669.195061922,1.269161592,-0.487139128,0.019562403,0.000442468,0.031811509,-0.180020515,0.983148232,2354,1709436669.093280554,28998,1709436667.994972229
139,1709436669.294909239,1.391840001,-0.559708115,0.027406240,0.006225730,0.038428053,-0.199765753,0.979070053,2351,1709436669.195061922,28998,1709436667.994972229
140,1709436669.394720793,1.509640158,-0.641050756,0.027413680,0.006536793,0.029188960,-0.218734118,0.975325925,2468,1709436669.294909239,28998,1709436667.994972229
141,1709436669.494516850,1.614896644,-0.716480534,0.023145502,0.011776607,0.025268359,-0.231692709,0.972389485,2475,1709436669.394720793,28998,1709436667.994972229
142,1709436669.593476772,1.676460327,-0.778750026,0.022337634,0.022554151,0.018859517,-0.236498546,0.971186937,2437,1709436669.494516850,28998,1709436667.994972229
143,1709436669.692095041,1.703050409,-0.805438956,0.012996012,0.029968813,-0.002960821,-0.237663581,0.970880593,2327,1709436669.593476772,28998,1709436667.994972229
144,1709436669.794468403,1.750376470,-0.839011850,0.007844654,0.043164233,0.003642904,-0.236350059,0.970701925,2238,1709436669.692095041,28998,1709436667.994972229
145,1709436669.894162178,1.782026328,-0.849966848,0.006151154,0.040921173,-0.000900620,-0.233289040,0.971545609,2258,1709436669.794468403,28998,1709436667.994972229
146,1709436669.992856264,1.807077782,-0.871809291,0.011749400,0.031345877,0.000425375,-0.233515850,0.971847520,2210,1709436669.894162178,28998,1709436667.994972229
147,1709436670.091573715,1.848625500,-0.879939921,0.010509242,0.027100428,-0.000799071,-0.233782769,0.971910770,2200,1709436669.992856264,28998,1709436667.994972229
148,1709436670.194631100,1.869792823,-0.935072757,0.015344907,0.028067290,-0.002436684,-0.233025408,0.972062472,2138,1709436670.091573715,28998,1709436667.994972229
149,1709436670.294104099,1.909888307,-0.971608205,0.016172622,0.027156250,-0.006020745,-0.233973161,0.971845074,2166,1709436670.194631100,28998,1709436667.994972229
150,1709436670.392698050,1.967209741,-0.971926145,0.020660852,0.020770116,-0.007181427,-0.237453314,0.971150325,2233,1709436670.294104099,28998,1709436667.994972229
151,1709436670.491304159,2.027224384,-0.986086475,0.030712078,0.004629309,-0.008205692,-0.241353538,0.970391522,2131,1709436670.392698050,28998,1709436667.994972229
152,1709436670.594741344,2.111235883,-1.013674856,0.042260092,-0.005725346,0.001726218,-0.237554525,0.971355799,2119,1709436670.491304159,28998,1709436667.994972229
153,1709436670.694590330,2.173581092,-1.069465814,0.044219274,0.006155482,-0.000072516,-0.240357050,0.970665026,2147,1709436670.594741344,28998,1709436667.994972229
154,1709436670.794307709,2.245919968,-1.089291350,0.044781933,0.008839989,-0.002340728,-0.241902393,0.970257496,2272,1709436670.694590330,28998,1709436667.994972229
155,1709436670.893446922,2.324282758,-1.120955305,0.054525126,-0.000127119,0.002892110,-0.244858197,0.969554580,2193,1709436670.794307709,28998,1709436667.994972229
156,1709436670.992454767,2.428413935,-1.169593517,0.043069084,0.002548061,0.005545648,-0.237486257,0.971371727,2201,1709436670.893446922,28998,1709436667.994972229
157,1709436671.094746351,2.527205738,-1.248057364,0.035744088,0.019910235,0.012670942,-0.238026064,0.970971999,2212,1709436670.992454767,28998,1709436667.994972229
158,1709436671.193860531,2.627191024,-1.300614978,0.035134946,0.023238974,0.010238598,-0.235717933,0.971489669,2316,1709436671.094746351,28998,1709436667.994972229
159,1709436671.292527437,2.730524970,-1.352756793,0.042103392,0.018973057,0.019602225,-0.239243258,0.970576344,2282,1709436671.193860531,28998,1709436667.994972229
160,1709436671.391339540,2.838050117,-1.389243888,0.050047445,0.002500931,0.016560933,-0.237983499,0.971124778,2267,1709436671.292527437,28998,1709436667.994972229
161,1709436671.494490623,2.946359927,-1.455104242,0.052737241,0.004717769,0.023934540,-0.236228978,0.971391142,2299,1709436671.391339540,28998,1709436667.994972229
162,1709436671.593873262,3.029150174,-1.502393014,0.052449347,0.013647655,0.014449988,-0.234801085,0.971840208,2333,1709436671.494490623,28998,1709436667.994972229
163,1709436671.692571163,3.121662589,-1.567273452,0.040678453,0.023874341,0.022676346,-0.236324133,0.971116215,2280,1709436671.593873262,28998,1709436667.994972229
164,1709436671.791192293,3.199914223,-1.632847491,0.042453462,0.021682835,0.020036372,-0.237228940,0.971005061,2331,1709436671.692571163,28998,1709436667.994972229
165,1709436671.894673824,3.273068390,-1.653045127,0.044139146,0.018178319,0.026166585,-0.237289987,0.970916227,2357,1709436671.791192293,28998,1709436667.994972229
166,1709436671.994507313,3.352880387,-1.697853976,0.039758979,0.018251901,0.021601740,-0.238171979,0.970811177,2403,1709436671.894673824,28998,1709436667.994972229
167,1709436672.094576120,3.433827585,-1.740622970,0.044311101,0.017298043,0.017950210,-0.235203307,0.971626457,2429,1709436671.994507313,28998,1709436667.994972229
168,1709436672.193643093,3.520196673,-1.781938167,0.045930667,0.014340924,0.018217687,-0.234604234,0.971814441,2372,1709436672.094576120,28998,1709436667.994972229
169,1709436672.292689800,3.600341706,-1.827246703,0.046436831,0.009889061,0.013429130,-0.234227841,0.972038674,2335,1709436672.193643093,28998,1709436667.994972229
170,1709436672.394680262,3.701185854,-1.868644872,0.046805617,0.009028950,0.010545091,-0.231780585,0.972669029,2315,1709436672.292689800,28998,1709436667.994972229
171,1709436672.493701220,3.781928577,-1.914291658,0.040939639,0.015996790,0.001745349,-0.232531386,0.972455763,2326,1709436672.394680262,28998,1709436667.994972229
172,1709436672.592480898,3.857445244,-1.993313201,0.044838688,0.018354420,-0.002772898,-0.233988767,0.972062078,2198,1709436672.493701220,28998,1709436667.994972229
173,1709436672.691197872,3.968951086,-2.027971741,0.046941827,0.011722313,0.008330382,-0.239762933,0.970724950,2172,1709436672.592480898,28998,1709436667.994972229
174,1709436672.794457197,4.067721767,-2.061090772,0.058459754,-0.000344616,0.016755707,-0.242878431,0.969911952,2225,1709436672.691197872,28998,1709436667.994972229
175,1709436672.893532515,4.162672420,-2.121272296,0.064689207,-0.005455129,0.020341117,-0.242890853,0.969824992,2265,1709436672.794457197,28998,1709436667.994972229
176,1709436672.992246628,4.284868936,-2.182159978,0.057040635,0.006707980,0.028397946,-0.238066234,0.970810500,2323,1709436672.893532515,28998,1709436667.994972229
177,1709436673.090917349,4.389386874,-2.264257104,0.051043308,0.021793119,0.029217094,-0.240003837,0.970087408,2311,1709436672.992246628,28998,1709436667.994972229
178,1709436673.194638491,4.503804908,-2.338177318,0.040026652,0.029439337,0.026172605,-0.241449124,0.969613655,2316,1709436673.090917349,28998,1709436667.994972229
179,1709436673.294486761,4.622644719,-2.396904740,0.036233809,0.029446979,0.033022867,-0.245133141,0.968479276,2332,1709436673.194638491,28998,1709436667.994972229
180,1709436673.394791365,4.721301195,-2.450022140,0.039155746,0.020508803,0.026563418,-0.244999490,0.968942219,2348,1709436673.294486761,28998,1709436667.994972229
181,1709436673.493747473,4.806477268,-2.484889701,0.037493765,0.016689730,0.012445632,-0.247104809,0.968765076,2320,1709436673.394791365,28998,1709436667.994972229
182,1709436673.594779730,4.901626605,-2.542206133,0.029109455,0.022182275,0.019032574,-0.247348264,0.968485696,2224,1709436673.493747473,28998,1709436667.994972229
183,1709436673.694591522,4.995535376,-2.579226618,0.026472482,0.021444023,0.013078781,-0.250631697,0.967756608,2227,1709436673.594779730,28998,1709436667.994972229
184,1709436673.793345690,5.095194806,-2.632340872,0.029879973,0.020570939,0.011517026,-0.253662769,0.967005374,2286,1709436673.694591522,28998,1709436667.994972229
185,1709436673.892149687,5.178996712,-2.667962953,0.036638812,0.020334882,0.012295760,-0.258612891,0.965688707,2189,1709436673.793345690,28998,1709436667.994972229
186,1709436673.994979858,5.262734847,-2.723228430,0.042537206,0.017605949,0.006025079,-0.259328003,0.965610023,2187,1709436673.892149687,28998,1709436667.994972229
187,1709436674.094398022,5.350231688,-2.785017366,0.049501769,0.011439985,-0.005417316,-0.259814431,0.965575601,2199,1709436673.994979858,28998,1709436667.994972229
188,1709436674.193025351,5.435282751,-2.820993920,0.047932160,0.011876432,-0.013311711,-0.259893726,0.965472423,2216,1709436674.094398022,28998,1709436667.994972229
189,1709436674.291530848,5.504127177,-2.882688214,0.048529659,0.016392286,-0.026264133,-0.260987285,0.964845648,2056,1709436674.193025351,28998,1709436667.994972229
190,1709436674.390125036,5.576456313,-2.935462365,0.044741657,0.023061799,-0.035150551,-0.267078866,0.962757224,1869,1709436674.291530848,28998,1709436667.994972229
191,1709436674.494882345,5.676915640,-2.986768348,0.054245356,0.012521672,-0.018183044,-0.285050799,0.958258121,1764,1709436674.390125036,28998,1709436667.994972229
192,1709436674.594796419,5.780894220,-3.011490616,0.069438268,-0.005441318,-0.010524060,-0.301882752,0.953271441,1836,1709436674.494882345,28998,1709436667.994972229
193,1709436674.694614887,5.866876983,-3.074843968,0.091221614,-0.018361633,0.008877973,-0.313216201,0.949462818,1952,1709436674.594796419,28998,1709436667.994972229
194,1709436674.794126034,5.948903562,-3.139030746,0.108433414,-0.010195541,0.015575849,-0.324657145,0.945648551,2018,1709436674.694614887,28998,1709436667.994972229
195,1709436674.895120144,6.007892103,-3.208744837,0.105267302,0.003812695,0.010878321,-0.330581473,0.943707060,2097,1709436674.794126034,28998,1709436667.994972229
196,1709436674.994507551,6.075918274,-3.278983905,0.098581107,0.007829845,0.006247452,-0.341003756,0.940008565,2153,1709436674.895120144,28998,1709436667.994972229
197,1709436675.093345165,6.145780792,-3.360455345,0.101288199,0.006465388,0.003382976,-0.350624454,0.936487718,2191,1709436674.994507551,28998,1709436667.994972229
198,1709436675.192134857,6.232749451,-3.467104685,0.095786966,0.007483087,0.009620471,-0.357820214,0.933710954,2122,1709436675.093345165,28998,1709436667.994972229
199,1709436675.291007996,6.316363154,-3.556853130,0.094602894,0.012484154,0.011555436,-0.367001440,0.930064815,2111,1709436675.192134857,28998,1709436667.994972229
200,1709436675.394249201,6.410528380,-3.660212090,0.098576547,0.009280072,0.017735844,-0.375601589,0.926565036,2215,1709436675.291007996,28998,1709436667.994972229
201,1709436675.492807627,6.510113414,-3.743583601,0.094357856,0.010443562,0.016766394,-0.384956396,0.922723357,2239,1709436675.394249201,28998,1709436667.994972229
202,1709436675.591512442,6.582678582,-3.873626523,0.087252372,0.016365952,0.023119431,-0.393044752,0.919082951,2243,1709436675.492807627,28998,1709436667.994972229
203,1709436675.690117836,6.656025877,-3.957484397,0.087807359,0.015452266,0.015070003,-0.405393342,0.913887499,2245,1709436675.591512442,28998,1709436667.994972229
204,1709436675.794498444,6.724466311,-4.079572207,0.091552661,0.013263590,0.017826363,-0.416861629,0.908698344,2237,1709436675.690117836,28998,1709436667.994972229
205,1709436675.895148754,6.804363412,-4.148432593,0.096662192,0.009965931,0.021227543,-0.427502691,0.903709865,2227,1709436675.794498444,28998,1709436667.994972229
206,1709436675.994989872,6.896121055,-4.209907205,0.103348178,0.003856721,0.017016955,-0.436022282,0.899766702,2256,1709436675.895148754,28998,1709436667.994972229
207,1709436676.094820738,6.962934796,-4.292394987,0.101589716,0.004567171,0.019072029,-0.442144849,0.896729241,2286,1709436675.994989872,28998,1709436667.994972229
208,1709436676.194669485,7.047476536,-4.354350003,0.094994218,0.010137007,0.017071589,-0.450637535,0.892486198,2166,1709436676.094820738,28998,1709436667.994972229
209,1709436676.294247866,7.124264421,-4.449633731,0.091983581,0.013959129,0.016707015,-0.456892168,0.889255624,2252,1709436676.194669485,28998,1709436667.994972229
210,1709436676.393190384,7.184928456,-4.517224581,0.100603558,0.008003444,0.010704878,-0.466868104,0.884225946,2268,1709436676.294247866,28998,1709436667.994972229
211,1709436676.492139101,7.250021510,-4.612940436,0.106986597,0.005759659,0.010677016,-0.476338442,0.879178319,2207,1709436676.393190384,28998,1709436667.994972229
212,1709436676.594448328,7.307472359,-4.725364853,0.097675067,0.015329404,0.010147502,-0.484711181,0.874481051,2212,1709436676.492139101,28998,1709436667.994972229
213,1709436676.693747520,7.350547149,-4.847025221,0.094862069,0.019326215,0.001875559,-0.494106556,0.869184498,2198,1709436676.594448328,28998,1709436667.994972229
214,1709436676.792446136,7.388925816,-4.917081431,0.098836736,0.020350637,0.006126360,-0.500215904,0.865639861,2185,1709436676.693747520,28998,1709436667.994972229
215,1709436676.891155243,7.450520741,-5.042475355,0.100398991,0.022209342,0.013034210,-0.501586907,0.864723903,2087,1709436676.792446136,28998,1709436667.994972229
216,1709436676.989794731,7.458230926,-5.167709160,0.086911040,0.034660807,0.003189831,-0.499511518,0.865607704,2188,1709436676.891155243,28998,1709436667.994972229
217,1709436677.094442129,7.484369995,-5.308227338,0.073331189,0.054303275,-0.010601031,-0.499576604,0.864501006,2147,1709436676.989794731,49344,1709436676.989794731
218,1709436677.195074320,7.550002489,-5.410164912,0.070342142,0.063755569,0.001405724,-0.502699355,0.862105916,2208,1709436677.094442129,49344,1709436676.989794731
219,1709436677.294895172,7.608706810,-5.513224147,0.085681734,0.051029399,-0.002873786,-0.503547345,0.862454528,2170,1709436677.195074320,49344,1709436676.989794731
220,1709436677.394733667,7.656699594,-5.578604307,0.096659328,0.027577974,-0.008483060,-0.509183267,0.860174339,2242,1709436677.294895172,49344,1709436676.989794731
221,1709436677.494583607,7.700344777,-5.647102833,0.108105265,0.023605529,-0.014853870,-0.509960784,0.859745393,2057,1709436677.394733667,49344,1709436676.989794731
222,1709436677.594421864,7.731665242,-5.749624258,0.117053555,0.017847656,-0.033943339,-0.513807702,0.857047815,2120,1709436677.494583607,49344,1709436676.989794731
223,1709436677.693360090,7.760567051,-5.834363290,0.105392012,0.017013880,-0.040896061,-0.518054228,0.854200127,1871,1709436677.594421864,49344,1709436676.989794731
224,1709436677.792221785,7.859144513,-5.919579639,0.112710721,0.019314603,-0.029642896,-0.525583180,0.850006215,1748,1709436677.693360090,49344,1709436676.989794731
225,1709436677.894619465,7.930628699,-6.024212849,0.129376144,0.014097604,-0.024354930,-0.527002810,0.849397512,1776,1709436677.792221785,49344,1709436676.989794731
226,1709436677.993330240,7.937213200,-6.144060698,0.127907575,0.012812795,-0.017284279,-0.534667216,0.844788763,1952,1709436677.894619465,49344,1709436676.989794731
227,1709436678.092043161,7.967390350,-6.262850784,0.139399671,0.011373675,-0.005439980,-0.538428162,0.842577095,1877,1709436677.993330240,49344,1709436676.989794731
228,1709436678.190660477,8.014292069,-6.358430699,0.144557179,0.008256676,-0.008342717,-0.540783447,0.841079954,2007,1709436678.092043161,49344,1709436676.989794731
229,1709436678.289382935,8.060273802,-6.460075378,0.154568164,0.006707592,-0.003453736,-0.547773695,0.836592528,2024,1709436678.190660477,49344,1709436676.989794731
230,1709436678.394492865,8.119715790,-6.585915074,0.169283979,0.010186165,0.009329001,-0.549282605,0.835522490,2013,1709436678.289382935,49344,1709436676.989794731
231,1709436678.492894650,8.164238396,-6.711189878,0.163855310,0.021998339,0.007556850,-0.550857943,0.834274831,2210,1709436678.394492865,49344,1709436676.989794731
232,1709436678.594762802,8.201206078,-6.824065954,0.159959534,0.036172801,0.006325634,-0.555675268,0.830588051,2209,1709436678.492894650,49344,1709436676.989794731
233,1709436678.694607258,8.237664507,-6.931514554,0.157032774,0.031790394,-0.000280397,-0.560381079,0.827624515,2319,1709436678.594762802,49344,1709436676.989794731
234,1709436678.794449329,8.290182457,-7.025917738,0.163605785,0.027657838,0.004758384,-0.569659993,0.821401177,2322,1709436678.694607258,49344,1709436676.989794731
235,1709436678.894145250,8.344981126,-7.149355061,0.158817700,0.022525817,0.013452157,-0.574624401,0.817996592,2325,1709436678.794449329,49344,1709436676.989794731
236,1709436678.993173838,8.360914048,-7.255820456,0.166016631,0.018440313,0.013546729,-0.578989345,0.815013975,2320,1709436678.894145250,49344,1709436676.989794731
237,1709436679.092108250,8.418914557,-7.352937243,0.162664397,0.024350327,0.014150169,-0.580072350,0.814077947,2274,1709436678.993173838,49344,1709436676.989794731
238,1709436679.194583178,8.458516475,-7.469715911,0.170920786,0.027552084,0.009209788,-0.580074359,0.814045331,2240,1709436679.092108250,49344,1709436676.989794731
239,1709436679.293279171,8.489542634,-7.581657922,0.160563425,0.031079473,-0.005068508,-0.581177136,0.813167580,2344,1709436679.194583178,49344,1709436676.989794731
240,1709436679.391771555,8.521307668,-7.706604548,0.158001830,0.029666464,-0.013404279,-0.579723601,0.814162620,2265,1709436679.293279171,49344,1709436676.989794731
241,1709436679.490454674,8.578491171,-7.811246023,0.168372761,0.027211620,-0.010764834,-0.580092646,0.814024673,2119,1709436679.391771555,49344,1709436676.989794731
242,1709436679.594755411,8.647350027,-7.936213610,0.158675668,0.017894135,-0.008165024,-0.581034943,0.813640908,2149,1709436679.490454674,49344,1709436676.989794731
243,1709436679.694102049,8.672364641,-8.052746000,0.169767423,0.015799440,-0.008242393,-0.579362080,0.814875463,2139,1709436679.594755411,49344,1709436676.989794731
244,1709436679.792646885,8.739007761,-8.158240926,0.175414066,0.016130799,-0.008611977,-0.578545485,0.815445126,2146,1709436679.694102049,49344,1709436676.989794731
245,1709436679.895070553,8.769609702,-8.277881513,0.186434637,0.008676559,-0.005167274,-0.579970640,0.814574781,2116,1709436679.792646885,49344,1709436676.989794731
246,1709436679.994926453,8.808991900,-8.406753960,0.200251918,0.005853647,-0.000795913,-0.581256157,0.813699196,2202,1709436679.895070553,49344,1709436676.989794731
247,1709436680.094758511,8.856803545,-8.522575812,0.211037306,0.009649286,-0.003891262,-0.580211243,0.814399572,2249,1709436679.994926453,49344,1709436676.989794731
248,1709436680.194381714,8.864979288,-8.651630280,0.204927495,0.011768803,-0.003086621,-0.582511679,0.812731267,2287,1709436680.094758511,49344,1709436676.989794731
249,1709436680.293349028,8.900262671,-8.772363891,0.201150398,0.010765086,0.009864666,-0.583877695,0.811710317,2249,1709436680.194381714,49344,1709436676.989794731
250,1709436680.395109892,8.940397646,-8.896315538,0.193830294,0.017532397,0.023829248,-0.583395868,0.811648965,2252,1709436680.293349028,49344,1709436676.989794731
251,1709436680.494410038,8.972549794,-9.002811587,0.187247008,0.032055723,0.024277921,-0.584039196,0.810728827,2275,1709436680.395109892,49344,1709436676.989794731
252,1709436680.593068361,9.001642777,-9.116809352,0.191881295,0.036816847,0.020491892,-0.583155056,0.811267393,2375,1709436680.494410038,49344,1709436676.989794731
253,1709436680.691801786,9.013431723,-9.222477321,0.192144431,0.039608017,0.021335396,-0.584368086,0.810240672,2320,1709436680.593068361,49344,1709436676.989794731
254,1709436680.790409803,9.029450875,-9.304112501,0.197575377,0.028598664,0.013642221,-0.585550577,0.810016375,2350,1709436680.691801786,49344,1709436676.989794731
255,1709436680.895057201,9.049004994,-9.383998204,0.198571700,0.016634337,-0.004614142,-0.584657326,0.811096677,2330,1709436680.790409803,49344,1709436676.989794731
256,1709436680.993650675,9.070024974,-9.473901028,0.201567225,0.015933021,-0.008139838,-0.585090944,0.810770293,2233,1709436680.895057201,49344,1709436676.989794731
257,1709436681.092305183,9.111880528,-9.532172527,0.205454708,0.011092439,-0.017633587,-0.586992862,0.809324036,2152,1709436680.993650675,49344,1709436676.989794731
258,1709436681.194652557,9.129073894,-9.611850104,0.209239731,0.009188264,-0.014181694,-0.587102754,0.809336032,2086,1709436681.092305183,49344,1709436676.989794731
259,1709436681.294496775,9.147508141,-9.668841541,0.208754732,0.005304043,-0.021381278,-0.588055967,0.808520184,2113,1709436681.194652557,49344,1709436676.989794731
260,1709436681.395128250,9.183392309,-9.746902691,0.216988548,0.010830407,-0.018250283,-0.587828191,0.808707393,2087,1709436681.294496775,49344,1709436676.989794731
261,1709436681.494455576,9.225765923,-9.833872815,0.214680911,0.015683010,-0.010369181,-0.590679358,0.806687312,2084,1709436681.395128250,49344,1709436676.989794731
262,1709436681.593577623,9.269885870,-9.929491411,0.216152983,0.009411119,-0.002051953,-0.589495307,0.807714370,2094,1709436681.494455576,49344,1709436676.989794731
263,1709436681.694634914,9.276454701,-10.037693344,0.208287432,0.016386789,-0.000466832,-0.588066973,0.808646085,2165,1709436681.593577623,49344,1709436676.989794731
264,1709436681.794022322,9.312633589,-10.152045136,0.218887184,0.024063198,0.006073908,-0.588717832,0.807957539,2216,1709436681.694634914,49344,1709436676.989794731
265,1709436681.892771244,9.346742118,-10.256108350,0.228465317,0.027916607,0.004100078,-0.586497345,0.809459522,2308,1709436681.794022322,49344,1709436676.989794731
266,1709436681.991292000,9.361355269,-10.363352237,0.226732731,0.029768237,-0.004661145,-0.587639923,0.808561344,2295,1709436681.892771244,49344,1709436676.989794731
267,1709436682.089913368,9.419782497,-10.462605909,0.235047993,0.017773184,-0.007143495,-0.590599547,0.806737417,2250,1709436681.991292000,60146,1709436681.991292000
268,1709436682.194656134,9.449385084,-10.572196089,0.239566682,0.008356810,-0.007373734,-0.591144284,0.806488826,2186,1709436682.089913368,60146,1709436681.991292000
269,1709436682.293315172,9.471495311,-10.670656214,0.241088758,0.006386702,-0.010838784,-0.590842711,0.806688677,2224,1709436682.194656134,60146,1709436681.991292000
270,1709436682.391909838,9.464363316,-10.756414334,0.244924727,0.008678058,-0.010750522,-0.590553789,0.806880003,2124,1709436682.293315172,60146,1709436681.991292000
271,1709436682.494968653,9.502925727,-10.841490025,0.249152672,0.011737992,-0.006609064,-0.590060807,0.807246421,2089,1709436682.391909838,60146,1709436681.991292000
272,1709436682.594818592,9.530507469,-10.936636271,0.253067511,0.016191950,-0.006029628,-0.589662609,0.807464843,2205,1709436682.494968653,60146,1709436681.991292000
273,1709436682.694658279,9.587879534,-11.026760547,0.253654566,0.020086224,-0.000542070,-0.591043291,0.806389532,2237,1709436682.594818592,60146,1709436681.991292000
274,1709436682.794512749,9.596084249,-11.114555285,0.254952395,0.021358529,-0.011050429,-0.591361468,0.806047961,2284,1709436682.694658279,60146,1709436681.991292000
275,1709436682.893708706,9.617205454,-11.194300311,0.252211429,0.022331678,-0.005337766,-0.595017685,0.803384565,2245,1709436682.794512749,60146,1709436681.991292000
276,1709436682.994595528,9.653730358,-11.283072176,0.259613335,0.017003973,-0.003870871,-0.596765388,0.802226248,2165,1709436682.893708706,60146,1709436681.991292000
277,1709436683.093675613,9.683609073,-11.379258916,0.268508458,0.007173526,-0.001531509,-0.599355616,0.800449274,2227,1709436682.994595528,60146,1709436681.991292000
278,1709436683.192333698,9.733018585,-11.485865099,0.277922446,0.007265215,-0.000389981,-0.596250180,0.802765711,2212,1709436683.093675613,60146,1709436681.991292000
279,1709436683.290956974,9.749889304,-11.595917779,0.279015233,0.013394914,-0.006440407,-0.593987739,0.804336785,2144,1709436683.192333698,60146,1709436681.991292000
280,1709436683.394747972,9.757982912,-11.705103084,0.268490791,0.029315244,-0.001855443,-0.591791794,0.805555489,2147,1709436683.290956974,60146,1709436681.991292000
281,1709436683.494161129,9.793465771,-11.818296241,0.262113192,0.028486693,0.005038299,-0.588961475,0.807643179,2208,1709436683.394747972,60146,1709436681.991292000
282,1709436683.592809916,9.827167460,-11.916863672,0.270826656,0.023935847,0.004936620,-0.587263316,0.809026886,2319,1709436683.494161129,60146,1709436681.991292000
283,1709436683.691463947,9.839451782,-12.011109644,0.275096150,0.025991871,-0.000010341,-0.584904833,0.810685363,2270,1709436683.592809916,60146,1709436681.991292000
284,1709436683.794889688,9.878477961,-12.094967646,0.273939216,0.027988197,0.003730872,-0.585329075,0.810304027,2235,1709436683.691463947,60146,1709436681.991292000
285,1709436683.894730091,9.897692389,-12.196279694,0.269183473,0.027396856,0.013146874,-0.585576140,0.810047626,2337,1709436683.794889688,60146,1709436681.991292000
286,1709436683.994554281,9.919617033,-12.286204891,0.262411958,0.025946292,0.004878698,-0.586393038,0.809596315,2332,1709436683.894730091,60146,1709436681.991292000
287,1709436684.094722986,9.943120062,-12.365416156,0.273519666,0.020904273,0.007196983,-0.588482877,0.808207348,2346,1709436683.994554281,60146,1709436681.991292000
288,1709436684.194647312,9.978106024,-12.451854705,0.282207463,0.019046191,0.011904802,-0.586863623,0.809374207,2195,1709436684.094722986,60146,1709436681.991292000
289,1709436684.294462681,9.986117876,-12.556795913,0.274801698,0.028858800,0.008283102,-0.588149429,0.808194784,2254,1709436684.194647312,60146,1709436681.991292000
290,1709436684.393443108,10.004986942,-12.638349944,0.276941662,0.025108482,0.005207389,-0.588843479,0.807840210,2382,1709436684.294462681,60146,1709436681.991292000
291,1709436684.492077112,10.039111192,-12.718786439,0.274457074,0.014476648,-0.001822995,-0.588532449,0.808341920,2236,1709436684.393443108,60146,1709436681.991292000
292,1709436684.590882301,10.072562639,-12.785168562,0.277471932,0.017098149,-0.007911783,-0.587280270,0.809164347,2191,1709436684.492077112,60146,1709436681.991292000
293,1709436684.694606781,10.116530749,-12.872879913,0.281653745,0.015017554,-0.011742109,-0.582771730,0.812412276,2151,1709436684.590882301,60146,1709436681.991292000
294,1709436684.793979883,10.167179368,-12.952994027,0.288281039,0.011742243,-0.007506947,-0.577124894,0.816536969,2146,1709436684.694606781,60146,1709436681.991292000
295,1709436684.892637014,10.169939170,-13.067248358,0.282917702,0.017300361,-0.018292543,-0.573794332,0.818612329,2181,1709436684.793979883,60146,1709436681.991292000
296,1709436684.991249084,10.193163325,-13.151684745,0.281582330,0.020655681,-0.018090735,-0.573449284,0.818780793,2128,1709436684.892637014,60146,1709436681.991292000
297,1709436685.094772816,10.227298403,-13.229744960,0.292261152,0.010226830,-0.021242925,-0.571264700,0.820427201,2082,1709436684.991249084,60146,1709436681.991292000
298,1709436685.194601059,10.256881698,-13.316674735,0.288208831,0.016017422,-0.016947580,-0.571859310,0.820020214,2124,1709436685.094772816,60146,1709436681.991292000
299,1709436685.293287754,10.297351397,-13.403345889,0.296211728,0.019762386,-0.009523115,-0.572555715,0.819572274,2022,1709436685.194601059,60146,1709436681.991292000
300,1709436685.395080566,10.347002436,-13.480401479,0.304017667,0.010240942,-0.004392477,-0.573462141,0.819156275,2073,1709436685.293287754,60146,1709436681.991292000
301,1709436685.494910717,10.400952675,-13.568046986,0.308356902,0.008455065,-0.004826116,-0.572491177,0.819853080,2129,1709436685.395080566,60146,1709436681.991292000
302,1709436685.594473839,10.420980235,-13.667394978,0.311274704,0.009674696,0.000804750,-0.574835802,0.818211191,2260,1709436685.494910717,60146,1709436681.991292000
303,1709436685.693272114,10.458263868,-13.779785836,0.315525216,0.012544248,0.007585121,-0.572510152,0.819766573,2221,1709436685.594473839,60146,1709436681.991292000
304,1709436685.791950941,10.470121789,-13.877251639,0.316972500,0.015770507,-0.002864060,-0.571564754,0.820400402,2202,1709436685.693272114,60146,1709436681.991292000
305,1709436685.890974760,10.494165987,-13.964578304,0.319236595,0.014062457,-0.003456877,-0.573479393,0.819091987,2203,1709436685.791950941,60146,1709436681.991292000
306,1709436685.994917631,10.523073543,-14.066085453,0.317168358,0.018582699,-0.000980797,-0.574080707,0.818587236,2208,1709436685.890974760,60146,1709436681.991292000
307,1709436686.093587637,10.552609297,-14.169886123,0.319624337,0.015707544,-0.000987674,-0.573793824,0.818848548,2301,1709436685.994917631,60146,1709436681.991292000
308,1709436686.192184687,10.585583277,-14.273617812,0.317453476,0.017585285,0.003387656,-0.574300824,0.818448438,2200,1709436686.093587637,60146,1709436681.991292000
309,1709436686.290887594,10.610094523,-14.362867217,0.323368858,0.016842226,-0.001366953,-0.572994175,0.819385225,2237,1709436686.192184687,60146,1709436681.991292000
310,1709436686.394990444,10.664165672,-14.463319799,0.326663095,0.022273365,-0.000492610,-0.573762198,0.818718874,2155,1709436686.290887594,60146,1709436681.991292000
311,1709436686.494426727,10.699940482,-14.549184171,0.321175975,0.026658902,-0.001363355,-0.572482506,0.819482291,2217,1709436686.394990444,60146,1709436681.991292000
312,1709436686.594789267,10.725871875,-14.650198017,0.321053844,0.031100175,-0.002547274,-0.572422158,0.819365098,2114,1709436686.494426727,60146,1709436681.991292000
313,1709436686.694622755,10.750164158,-14.743920386,0.318480731,0.027050989,0.004339506,-0.572833138,0.819214019,2137,1709436686.594789267,60146,1709436681.991292000
314,1709436686.794454336,10.778019983,-14.829703728,0.323663202,0.020871120,0.005164557,-0.572403400,0.819690229,2235,1709436686.694622755,60146,1709436681.991292000
315,1709436686.894426584,10.812444284,-14.914391171,0.325605065,0.021875333,0.008808197,-0.572610517,0.819488305,2238,1709436686.794454336,60146,1709436681.991292000
316,1709436686.993157387,10.863150573,-15.001258088,0.337971920,0.021819946,0.006265321,-0.570855841,0.820736404,2162,1709436686.894426584,60146,1709436681.991292000
317,1709436687.092174768,10.891845255,-15.089737841,0.336049569,0.030051252,0.002366095,-0.571864627,0.819793982,2199,1709436686.993157387,60146,1709436681.991292000
318,1709436687.191187382,10.909772691,-15.194370919,0.329341574,0.026480918,0.010613039,-0.573406144,0.818774400,2179,1709436687.092174768,60146,1709436681.991292000
319,1709436687.294422388,10.981010537,-15.304740413,0.330112074,0.014765686,0.017726762,-0.576614046,0.816690871,2197,1709436687.191187382,60146,1709436681.991292000
320,1709436687.393105507,11.029181984,-15.413619618,0.331104166,0.016152851,0.026095488,-0.576336399,0.816636067,2270,1709436687.294422388,60146,1709436681.991292000
321,1709436687.491785049,11.065063609,-15.507540542,0.330504974,0.014655367,0.024678166,-0.577523608,0.815869285,2204,1709436687.393105507,60146,1709436681.991292000
322,1709436687.590472221,11.097528745,-15.626130780,0.331410755,0.020096636,0.021377809,-0.574976019,0.817643988,2200,1709436687.491785049,60146,1709436681.991292000
323,1709436687.694558859,11.108048762,-15.724226357,0.327565797,0.013346295,0.014236082,-0.575851500,0.817321394,2238,1709436687.590472221,60146,1709436681.991292000
324,1709436687.793705225,11.149898830,-15.804401333,0.331537499,0.015007461,0.008749834,-0.573901463,0.818740085,2271,1709436687.694558859,60146,1709436681.991292000
325,1709436687.892073870,11.174042226,-15.898648836,0.327274863,0.015403582,0.003797039,-0.569577807,0.821784299,2114,1709436687.793705225,60146,1709436681.991292000
326,1709436687.994495153,11.227892862,-16.000926289,0.328955667,0.013253099,0.010941331,-0.568912616,0.822218388,2133,1709436687.892073870,60146,1709436681.991292000
327,1709436688.094746351,11.273723946,-16.087312125,0.337502271,0.009415481,0.009805885,-0.567502340,0.823259550,2156,1709436687.994495153,73302,1709436687.994495153
328,1709436688.194327831,11.308435387,-16.196807760,0.336663561,0.007072431,0.007941286,-0.562931262,0.826435304,2211,1709436688.094746351,73302,1709436687.994495153
329,1709436688.293247461,11.350216708,-16.309993607,0.334606427,0.015649516,0.005926717,-0.558039047,0.829645942,2108,1709436688.194327831,73302,1709436687.994495153
330,1709436688.392119408,11.412901001,-16.412709829,0.335461820,0.013553341,0.008203282,-0.555120065,0.831619340,2157,1709436688.293247461,73302,1709436687.994495153
331,1709436688.494929790,11.444746487,-16.525566481,0.332014350,0.014093312,0.012946413,-0.554378375,0.832044702,2114,1709436688.392119408,73302,1709436687.994495153
332,1709436688.594240665,11.481746711,-16.624069981,0.343028804,0.006929353,0.011304935,-0.554732234,0.831923272,2199,1709436688.494929790,73302,1709436687.994495153
333,1709436688.692954302,11.517609311,-16.722518512,0.345790190,0.004023062,0.011508252,-0.554465560,0.832117371,2157,1709436688.594240665,73302,1709436687.994495153
334,1709436688.791667223,11.551757363,-16.804232913,0.350141298,0.001622349,0.006532544,-0.555713966,0.831346307,2128,1709436688.692954302,73302,1709436687.994495153
335,1709436688.895066738,11.607054753,-16.919869943,0.349285774,0.007126075,0.011425159,-0.554678693,0.831955667,2103,1709436688.791667223,73302,1709436687.994495153
336,1709436688.994669676,11.646065193,-17.019951983,0.347146286,0.007288016,0.003137871,-0.556157761,0.831038858,2088,1709436688.895066738,73302,1709436687.994495153
337,1709436689.093052626,11.680816932,-17.130913575,0.345776254,0.011546251,0.009467199,-0.554367510,0.832138042,2151,1709436688.994669676,73302,1709436687.994495153
338,1709436689.191647291,11.726278864,-17.229161931,0.351340843,0.005487391,0.011286681,-0.556885387,0.830494531,2090,1709436689.093052626,73302,1709436687.994495153
339,1709436689.294455290,11.771654234,-17.319372931,0.359983229,0.002625628,0.008483056,-0.553052296,0.833099215,2126,1709436689.191647291,73302,1709436687.994495153
340,1709436689.395086288,11.814403241,-17.417618516,0.358123908,0.005214304,0.002583874,-0.552197980,0.833692704,2186,1709436689.294455290,73302,1709436687.994495153
341,1709436689.494129181,11.855272689,-17.503864554,0.361711459,0.002387187,-0.002357804,-0.552743716,0.833344542,2130,1709436689.395086288,73302,1709436687.994495153
342,1709436689.592904091,11.900828840,-17.596990377,0.362571015,-0.001211078,-0.009072466,-0.550678958,0.834666945,2024,1709436689.494129181,73302,1709436687.994495153
343,1709436689.692116022,11.940438450,-17.678801007,0.372023295,-0.009525456,-0.020343177,-0.551991232,0.833547300,1976,1709436689.592904091,73302,1709436687.994495153
344,1709436689.791154385,11.968792505,-17.772122564,0.379645933,-0.015501836,-0.014489926,-0.552361477,0.833334587,1848,1709436689.692116022,73302,1709436687.994495153
345,1709436689.894293547,12.010404405,-17.855879496,0.390011229,-0.019869986,-0.018456829,-0.552479663,0.833085081,1781,1709436689.791154385,73302,1709436687.994495153
346,1709436689.993029118,12.050678975,-17.947974822,0.402870588,-0.024848467,-0.016419864,-0.551865860,0.833400872,1796,1709436689.894293547,73302,1709436687.994495153
347,1709436690.091713428,12.097832699,-18.040112632,0.414010659,-0.026430855,-0.006796261,-0.555038137,0.831377103,1657,1709436689.993029118,77110,1709436689.993029118
348,1709436690.194588423,12.161326874,-18.160540551,0.423726475,-0.015263981,0.002334972,-0.551882993,0.833778580,1703,1709436690.091713428,77110,1709436689.993029118
349,1709436690.293918371,12.224479875,-18.282329862,0.421199356,-0.008363114,0.000439762,-0.552600844,0.833403967,1912,1709436690.194588423,77110,1709436689.993029118
350,1709436690.392548800,12.261083168,-18.385112658,0.428237185,-0.010297364,0.002125276,-0.553884280,0.832527268,2098,1709436690.293918371,77110,1709436689.993029118
351,1709436690.491109848,12.301284355,-18.493569668,0.437474256,-0.013460251,0.011073449,-0.554109760,0.832261122,2073,1709436690.392548800,77110,1709436689.993029118
352,1709436690.594708681,12.333871361,-18.620647488,0.433664675,-0.008647431,0.009706637,-0.551034607,0.834381127,2148,1709436690.491109848,77110,1709436689.993029118
353,1709436690.694575787,12.382529649,-18.734230905,0.438761904,0.001811938,0.011226883,-0.551291516,0.834235182,2170,1709436690.594708681,77110,1709436689.993029118
354,1709436690.794414043,12.416552540,-18.837167631,0.440808077,-0.002460129,0.011721743,-0.555115960,0.831686732,2306,1709436690.694575787,77110,1709436689.993029118
355,1709436690.893566370,12.471639896,-18.936588479,0.445102784,-0.001404358,0.022084017,-0.556301573,0.830685791,2232,1709436690.794414043,77110,1709436689.993029118
356,1709436690.992804289,12.511166631,-19.050288350,0.449587096,-0.001129910,0.024425970,-0.558146572,0.829381998,2322,1709436690.893566370,77110,1709436689.993029118
357,1709436691.094764709,12.546219009,-19.162491889,0.444599957,-0.002447519,0.024027611,-0.558802020,0.828949327,2304,1709436690.992804289,77110,1709436689.993029118
358,1709436691.193738222,12.588434624,-19.268551075,0.446756261,0.000659880,0.021695963,-0.558530248,0.829200104,2357,1709436691.094764709,77110,1709436689.993029118
359,1709436691.292461157,12.612313224,-19.364810658,0.442879159,0.005439142,0.020188484,-0.560643318,0.827793399,2277,1709436691.193738222,77110,1709436689.993029118
360,1709436691.391214132,12.605316693,-19.476342636,0.432226646,0.007763728,0.015599365,-0.559611456,0.828571905,2290,1709436691.292461157,77110,1709436689.993029118
361,1709436691.494908810,12.646669739,-19.569095231,0.439979883,0.005527455,0.010185342,-0.564090310,0.825631775,2298,1709436691.391214132,77110,1709436689.993029118
362,1709436691.593689203,12.713508577,-19.666217575,0.439825612,0.002703826,0.009974716,-0.563961230,0.825736595,2287,1709436691.494908810,77110,1709436689.993029118
363,1709436691.692297459,12.747843571,-19.756627573,0.441577379,0.004878658,0.005909890,-0.562413174,0.826820835,2277,1709436691.593689203,77110,1709436689.993029118
364,1709436691.790932894,12.777524490,-19.853813319,0.442990544,0.011420009,0.004433350,-0.561766160,0.827205362,2187,1709436691.692297459,77110,1709436689.993029118
365,1709436691.894626379,12.796000359,-19.969426876,0.441299324,0.017551819,-0.005505825,-0.561675289,0.827153244,2212,1709436691.790932894,77110,1709436689.993029118
366,1709436691.994470835,12.841534055,-20.075444183,0.443578350,0.018016107,0.001026937,-0.562298554,0.826737384,2220,1709436691.894626379,77110,1709436689.993029118
367,1709436692.094545603,12.896723842,-20.169361570,0.443076103,0.013798509,-0.002585414,-0.562873590,0.826423765,2205,1709436691.994470835,77110,1709436689.993029118
368,1709436692.193578243,12.936936323,-20.279196846,0.449864689,0.015907600,0.009425679,-0.564699708,0.825089295,2200,1709436692.094545603,77110,1709436689.993029118
369,1709436692.292696476,12.996374365,-20.374824573,0.452921572,0.010762853,0.007901991,-0.562934424,0.826393704,2235,1709436692.193578243,77110,1709436689.993029118
370,1709436692.394618511,13.018909051,-20.488269414,0.447563871,0.014815713,0.009960270,-0.561508158,0.827278597,2240,1709436692.292696476,77110,1709436689.993029118
371,1709436692.493541956,13.046443147,-20.574882445,0.453577854,0.012675606,0.001095826,-0.562957950,0.826387606,2277,1709436692.394618511,77110,1709436689.993029118
372,1709436692.592252493,13.087042536,-20.688091133,0.446859614,0.016864274,0.005870450,-0.561854448,0.827043356,2155,1709436692.493541956,77110,1709436689.993029118
373,1709436692.691090345,13.130896295,-20.796072291,0.452701216,0.012458867,0.006571370,-0.562360834,0.826771968,2185,1709436692.592252493,77110,1709436689.993029118
374,1709436692.794710159,13.182716657,-20.893831702,0.460299837,0.003253849,0.004948394,-0.563994502,0.825757305,2254,1709436692.691090345,77110,1709436689.993029118
375,1709436692.893346548,13.205166509,-21.007756401,0.460763342,0.007475307,0.006303966,-0.563036497,0.826374179,2301,1709436692.794710159,77110,1709436689.993029118
376,1709436692.991997004,13.241730714,-21.112931935,0.465959941,0.010865734,0.006867170,-0.561965213,0.827060987,2175,1709436692.893346548,77110,1709436689.993029118
377,1709436693.090508699,13.287839197,-21.202663989,0.463910908,0.009217029,0.002885941,-0.563250764,0.826229565,2198,1709436692.991997004,77110,1709436689.993029118
378,1709436693.194960117,13.309344142,-21.313794185,0.465727108,0.003398372,0.008955294,-0.565893822,0.824422486,2239,1709436693.090508699,77110,1709436689.993029118
379,1709436693.294790506,13.355017713,-21.414405992,0.475003170,0.002732694,0.011667977,-0.564052801,0.825651760,2249,1709436693.194960117,77110,1709436689.993029118
380,1709436693.394597769,13.411203373,-21.515122745,0.476413647,-0.000323024,0.001204607,-0.564412845,0.825491723,2306,1709436693.294790506,77110,1709436689.993029118
381,1709436693.493745804,13.464485506,-21.631559264,0.476299609,0.005813760,0.006017923,-0.563841029,0.825840952,2212,1709436693.394597769,77110,1709436689.993029118
382,1709436693.595077038,13.537239763,-21.741855466,0.479971707,0.001810921,0.005624686,-0.563847692,0.825857653,2147,1709436693.493745804,77110,1709436689.993029118
383,1709436693.694671392,13.589014442,-21.854899064,0.484567303,0.001635881,0.004667784,-0.563735826,0.825940346,2140,1709436693.595077038,77110,1709436689.993029118
384,1709436693.793358564,13.628133157,-21.987511187,0.492950571,0.004011050,0.015534209,-0.563854813,0.825718081,2213,1709436693.694671392,77110,1709436689.993029118
385,1709436693.892121553,13.667132801,-22.119500543,0.495911356,0.010527404,0.018272760,-0.563204273,0.826048562,2229,1709436693.793358564,77110,1709436689.993029118
386,1709436693.990910769,13.713083420,-22.238080015,0.487060171,0.014560785,0.018682748,-0.566034276,0.824041344,2284,1709436693.892121553,77110,1709436689.993029118
387,1709436694.094558716,13.768211340,-22.360932080,0.487786656,0.018298103,0.026150542,-0.567674168,0.822634407,2273,1709436693.990910769,77110,1709436689.993029118
388,1709436694.193192720,13.826622645,-22.476277468,0.475387333,0.014470428,0.031791681,-0.567661380,0.822520792,2314,1709436694.094558716,77110,1709436689.993029118
389,1709436694.291758776,13.876854787,-22.585857093,0.476287259,0.009073660,0.021922301,-0.568560698,0.822299102,2298,1709436694.193192720,77110,1709436689.993029118
390,1709436694.390296459,13.903709344,-22.703902941,0.471904520,0.013934810,0.009018646,-0.566073388,0.824187724,2324,1709436694.291758776,77110,1709436689.993029118
391,1709436694.494814157,13.923324361,-22.804234475,0.479198128,0.013548116,-0.003878436,-0.564526794,0.825294436,2192,1709436694.390296459,77110,1709436689.993029118
392,1709436694.594641447,13.961686180,-22.901119235,0.487576043,0.009140349,-0.008093961,-0.565859281,0.824411436,2172,1709436694.494814157,77110,1709436689.993029118
393,1709436694.694473267,13.990947062,-22.987313872,0.498692476,-0.002916309,-0.010257855,-0.565265754,0.824839923,2112,1709436694.594641447,77110,1709436689.993029118
394,1709436694.793814898,14.027343686,-23.080477633,0.499809360,-0.000752523,-0.001563454,-0.565616083,0.824666864,2024,1709436694.694473267,77110,1709436689.993029118
395,1709436694.894937038,14.052073201,-23.191812242,0.496883456,0.004935471,-0.002771615,-0.565209982,0.824927655,1961,1709436694.793814898,77110,1709436689.993029118
396,1709436694.994435072,14.098568086,-23.294500463,0.500724500,0.003145904,0.006670637,-0.567292539,0.823483322,2020,1709436694.894937038,77110,1709436689.993029118
397,1709436695.093384981,14.134561810,-23.421024857,0.518289242,-0.002917406,0.002620736,-0.568622860,0.822589000,2164,1709436694.994435072,77110,1709436689.993029118
398,1709436695.192147732,14.186826415,-23.539957529,0.518826514,0.004644570,0.009262996,-0.566002492,0.824338403,2097,1709436695.093384981,77110,1709436689.993029118
399,1709436695.295110464,14.230861078,-23.655230313,0.523180759,0.002320744,-0.000914230,-0.567970257,0.823045300,2123,1709436695.192147732,77110,1709436689.993029118
400,1709436695.394005537,14.265233720,-23.778926919,0.517639179,0.005238052,0.000466582,-0.568130738,0.822921509,2172,1709436695.295110464,77110,1709436689.993029118
401,1709436695.492633343,14.313032848,-23.899342161,0.522101891,0.004926383,-0.003790607,-0.568212979,0.822858051,2060,1709436695.394005537,77110,1709436689.993029118
402,1709436695.591212273,14.334314053,-24.034270371,0.522908803,0.016226982,-0.005537915,-0.567303054,0.823330591,2069,1709436695.492633343,77110,1709436689.993029118
403,1709436695.689889193,14.389987248,-24.132390836,0.529397957,0.017583908,-0.001195510,-0.569081691,0.822092091,2069,1709436695.591212273,77110,1709436689.993029118
404,1709436695.795140743,14.424474861,-24.249496333,0.533456431,0.013005718,-0.003611740,-0.569807148,0.821667586,2104,1709436695.689889193,77110,1709436689.993029118
405,1709436695.894966841,14.466594845,-24.367211758,0.535717034,0.011086355,0.004253852,-0.571332551,0.820632752,2155,1709436695.795140743,77110,1709436689.993029118
406,1709436695.994800806,14.509114896,-24.481159377,0.536041476,0.016689715,0.006697522,-0.568090009,0.822769918,2185,1709436695.894966841,77110,1709436689.993029118
407,1709436696.094440222,14.550573550,-24.608912513,0.548752855,0.023506892,0.002813664,-0.570905919,0.820674077,2190,1709436695.994800806,77110,1709436689.993029118
408,1709436696.194484711,14.606996745,-24.724922660,0.541104522,0.026407233,0.006819083,-0.571257222,0.820317831,2182,1709436696.094440222,77110,1709436689.993029118
409,1709436696.294174671,14.660441549,-24.839244863,0.535947470,0.024182937,0.009120765,-0.570687960,0.820760165,2246,1709436696.194484711,77110,1709436689.993029118
410,1709436696.393022537,14.720483561,-24.963897789,0.536081035,0.023836932,0.011896501,-0.567198047,0.823150442,2261,1709436696.294174671,77110,1709436689.993029118
411,1709436696.491998196,14.770775830,-25.095253346,0.533310417,0.025907870,0.004752170,-0.550986500,0.834098361,2273,1709436696.393022537,77110,1709436689.993029118
412,1709436696.594664097,14.813755099,-25.218138381,0.530321169,0.031788313,-0.003488643,-0.530957878,0.846794582,2266,1709436696.491998196,77110,1709436689.993029118
413,1709436696.693645477,14.890784710,-25.320600847,0.534621399,0.027960676,-0.006277561,-0.511092385,0.859047942,2221,1709436696.594664097,77110,1709436689.993029118
414,1709436696.792194605,14.948046875,-25.399947792,0.551740503,0.010614851,-0.009505623,-0.491743332,0.870623606,2161,1709436696.693645477,77110,1709436689.993029118
415,1709436696.890935659,15.018223117,-25.483023620,0.553872583,0.000575450,-0.004712004,-0.478836308,0.877891369,2005,1709436696.792194605,77110,1709436689.993029118
416,1709436696.989590645,15.079297165,-25.584197905,0.559205018,0.001399871,-0.003270650,-0.468382185,0.883518801,1900,1709436696.890935659,77110,1709436689.993029118
417,1709436697.094662666,15.122315670,-25.679247710,0.572016806,-0.000852257,-0.008844604,-0.468124101,0.883618058,1854,1709436696.989590645,77110,1709436689.993029118
418,1709436697.193645954,15.194240275,-25.770411077,0.579521672,-0.008504548,-0.002727893,-0.473078211,0.880975163,1962,1709436697.094662666,77110,1709436689.993029118
419,1709436697.294748783,15.277815055,-25.862764289,0.593783381,-0.012120455,0.002022152,-0.467319378,0.884003170,1846,1709436697.193645954,77110,1709436689.993029118
420,1709436697.394566298,15.327771180,-25.982918722,0.590361612,-0.002448623,0.001035174,-0.465119961,0.885243670,1913,1709436697.294748783,77110,1709436689.993029118
421,1709436697.494805098,15.393785661,-26.095222544,0.592646275,-0.001334078,0.001322701,-0.467801254,0.883831691,2060,1709436697.394566298,77110,1709436689.993029118
422,1709436697.594338417,15.457268026,-26.208660195,0.607129375,-0.001358982,0.008955491,-0.466635366,0.884403408,2040,1709436697.494805098,77110,1709436689.993029118
423,1709436697.693316460,15.534573301,-26.325870216,0.608985353,0.001374367,0.002920435,-0.465497165,0.885043486,2178,1709436697.594338417,77110,1709436689.993029118
424,1709436697.795130253,15.622214982,-26.421585932,0.614512981,-0.001929813,-0.004187489,-0.467492536,0.883984994,2112,1709436697.693316460,77110,1709436689.993029118
425,1709436697.894593716,15.716728531,-26.517701027,0.616822538,-0.004485751,0.000708235,-0.468459108,0.883473509,2049,1709436697.795130253,77110,1709436689.993029118
426,1709436697.993208408,15.790457107,-26.616477363,0.623218294,-0.011758535,-0.001317143,-0.468708279,0.883273769,2114,1709436697.894593716,77110,1709436689.993029118
427,1709436698.091975451,15.858999895,-26.722578920,0.631924491,-0.008302062,0.003233754,-0.467256412,0.884076956,1985,1709436697.993208408,77110,1709436689.993029118
428,1709436698.190701723,15.931124147,-26.842060131,0.631318817,-0.001001042,0.007357260,-0.469565776,0.882866270,2044,1709436698.091975451,77110,1709436689.993029118
429,1709436698.295129061,16.025140280,-26.953890245,0.628394124,-0.002306472,0.015482099,-0.470892766,0.882051579,2011,1709436698.190701723,77110,1709436689.993029118
430,1709436698.394075632,16.104407716,-27.071789085,0.622278020,0.001619979,0.029819705,-0.473704307,0.880177476,2232,1709436698.295129061,77110,1709436689.993029118
431,1709436698.492539883,16.166702760,-27.205077673,0.626033667,0.010605911,0.037364254,-0.480972478,0.875874935,2267,1709436698.394075632,77110,1709436689.993029118
432,1709436698.594642639,16.239366787,-27.318318594,0.637056914,0.009678791,0.034645303,-0.484201614,0.874216690,2326,1709436698.492539883,77110,1709436689.993029118
433,1709436698.694492817,16.276291482,-27.434983884,0.634441394,0.005230618,0.020458887,-0.485538569,0.873960166,2338,1709436698.594642639,77110,1709436689.993029118
434,1709436698.795123816,16.318920428,-27.572227628,0.623375343,0.023875173,0.011441617,-0.477790829,0.878074592,2326,1709436698.694492817,77110,1709436689.993029118
435,1709436698.894124269,16.345751389,-27.692454639,0.607325355,0.039571672,-0.017419733,-0.477801999,0.877402921,2280,1709436698.795123816,77110,1709436689.993029118
436,1709436698.992940426,16.400502682,-27.787105551,0.600164983,0.050138325,-0.005611754,-0.479780555,0.875936799,2097,1709436698.894124269,77110,1709436689.993029118
437,1709436699.092011690,16.473339349,-27.882127324,0.610205146,0.041686271,0.001095882,-0.476448273,0.878213013,2100,1709436698.992940426,77110,1709436689.993029118
438,1709436699.194361210,16.551749848,-27.966863643,0.622746809,0.021531583,0.000540625,-0.479085091,0.877504173,2184,1709436699.092011690,77110,1709436689.993029118
439,1709436699.293015957,16.615329881,-28.050370662,0.643268031,-0.001019122,0.004936699,-0.481886588,0.876219098,2201,1709436699.194361210,77110,1709436689.993029118
440,1709436699.391635418,16.685419928,-28.173570408,0.642050914,-0.008137512,0.007737296,-0.487092867,0.873277993,2061,1709436699.293015957,77110,1709436689.993029118
441,1709436699.490297318,16.749970599,-28.286438845,0.649504321,-0.013259386,0.010163873,-0.495184661,0.868627098,2082,1709436699.391635418,77110,1709436689.993029118
442,1709436699.594622135,16.841440017,-28.393633693,0.657124949,-0.013268126,0.013389940,-0.498376735,0.866755615,2076,1709436699.490297318,77110,1709436689.993029118
443,1709436699.693894863,16.909235493,-28.500395403,0.669524306,-0.008031996,0.011223747,-0.500859709,0.865418434,2102,1709436699.594622135,77110,1709436689.993029118
444,1709436699.792526484,16.958780499,-28.602872388,0.671768608,-0.011758294,0.006306371,-0.506804327,0.861957857,2204,1709436699.693894863,77110,1709436689.993029118
445,1709436699.894905329,17.020476263,-28.717156030,0.675988022,-0.014565518,0.003134397,-0.509679930,0.860235078,2121,1709436699.792526484,77110,1709436689.993029118
446,1709436699.994752645,17.109436880,-28.830410749,0.676024491,-0.014906582,0.010647539,-0.514801340,0.857113764,2137,1709436699.894905329,77110,1709436689.993029118
447,1709436700.094583988,17.179911240,-28.942288180,0.691587658,-0.023281035,0.015003657,-0.518803243,0.854444895,2173,1709436699.994752645,77110,1709436689.993029118
448,1709436700.194454670,17.253939364,-29.048617500,0.704409706,-0.020144495,0.018281530,-0.521986885,0.852519605,2206,1709436700.094583988,77110,1709436689.993029118
449,1709436700.293658733,17.327211370,-29.171754676,0.694735712,-0.009133070,0.010542379,-0.521047841,0.853413495,2245,1709436700.194454670,77110,1709436689.993029118
450,1709436700.394929409,17.373322672,-29.301031383,0.689791972,0.000796475,0.006877562,-0.522636753,0.852527354,2164,1709436700.293658733,77110,1709436689.993029118
451,1709436700.494076729,17.444151797,-29.427526834,0.694794711,0.000447886,0.010703180,-0.524373218,0.851421147,2277,1709436700.394929409,77110,1709436689.993029118
452,1709436700.592841148,17.512325869,-29.555576787,0.703353727,0.001525681,0.018538354,-0.524804317,0.851019641,2271,1709436700.494076729,77110,1709436689.993029118
453,1709436700.691571712,17.557294241,-29.691309667,0.706076115,0.003621585,0.017332436,-0.525218592,0.850783111,2322,1709436700.592841148,77110,1709436689.993029118
454,1709436700.790230751,17.581667835,-29.828553051,0.708698963,0.002107292,0.012641590,-0.526793282,0.849896810,2335,1709436700.691571712,77110,1709436689.993029118
455,1709436700.894905090,17.633136432,-29.950765487,0.713299931,-0.002642852,0.011627846,-0.528687050,0.848733063,2278,1709436700.790230751,77110,1709436689.993029118
456,1709436700.993614674,17.678202150,-30.055179214,0.728706738,-0.009646960,-0.000036840,-0.529423646,0.848302740,2364,1709436700.894905090,77110,1709436689.993029118
457,1709436701.092177391,17.726694096,-30.187431877,0.723150144,-0.010489574,-0.000022171,-0.527211073,0.849669614,2299,1709436700.993614674,77110,1709436689.993029118
458,1709436701.194809437,17.791566867,-30.335575381,0.725978592,-0.001272958,0.009686797,-0.530660695,0.847528036,2122,1709436701.092177391,77110,1709436689.993029118
459,1709436701.294643879,17.843253518,-30.464469853,0.734721449,-0.002093992,0.002885921,-0.527847175,0.849331883,2341,1709436701.194809437,77110,1709436689.993029118
460,1709436701.394504786,17.909188477,-30.608603304,0.737474191,0.006551928,0.023503666,-0.534136681,0.845045949,2341,1709436701.294643879,77110,1709436689.993029118
461,1709436701.494563341,17.958404610,-30.752376952,0.735772121,0.005294806,0.020967478,-0.533293063,0.845654089,2438,1709436701.394504786,77110,1709436689.993029118
462,1709436701.593512774,18.001863476,-30.900379241,0.730506942,0.019273653,0.018452690,-0.536538225,0.843454064,2432,1709436701.494563341,77110,1709436689.993029118
463,1709436701.694831848,18.069456143,-31.037563037,0.732246326,0.018486635,0.025379108,-0.537571062,0.842633668,2380,1709436701.593512774,77110,1709436689.993029118
464,1709436701.793932915,18.126222306,-31.177224107,0.733820974,0.015704155,0.019340360,-0.536145520,0.843757851,2449,1709436701.694831848,77110,1709436689.993029118
465,1709436701.892646551,18.198808521,-31.320116565,0.734466294,0.016098909,0.016498164,-0.535996205,0.843905625,2414,1709436701.793932915,77110,1709436689.993029118
466,1709436701.991348743,18.256851938,-31.429285201,0.739674934,0.017739550,0.018975578,-0.538886951,0.841977488,2404,1709436701.892646551,77110,1709436689.993029118
467,1709436702.090223312,18.316184969,-31.542354511,0.749117707,0.010300072,0.019875055,-0.538731338,0.842180168,2325,1709436701.991348743,77110,1709436689.993029118
468,1709436702.194369793,18.372074416,-31.671442120,0.739735902,0.015348803,0.013616683,-0.538324218,0.842488004,2356,1709436702.090223312,77110,1709436689.993029118
469,1709436702.292937040,18.445622668,-31.809175518,0.728687982,0.016309712,0.018418743,-0.538974278,0.841962868,2383,1709436702.194369793,77110,1709436689.993029118
470,1709436702.391576767,18.508022506,-31.931575156,0.721707472,0.021548634,0.013139335,-0.537214579,0.843067915,2358,1709436702.292937040,77110,1709436689.993029118
471,1709436702.494758606,18.564669606,-32.082353442,0.727835250,0.016930024,0.015145388,-0.537105476,0.843209167,2322,1709436702.391576767,77110,1709436689.993029118
472,1709436702.594587803,18.638097016,-32.191333587,0.729430319,0.011637032,0.011783343,-0.537061304,0.843380631,2344,1709436702.494758606,77110,1709436689.993029118
473,1709436702.694422007,18.693770461,-32.328813362,0.736594225,0.001267063,0.009692821,-0.532949275,0.846090724,2354,1709436702.594587803,77110,1709436689.993029118
474,1709436702.794709921,18.756471553,-32.478706845,0.741929882,0.009858746,0.012260329,-0.530555603,0.847504125,2320,1709436702.694422007,77110,1709436689.993029118
475,1709436702.894897938,18.820550420,-32.628192748,0.755407442,0.009597277,0.016793049,-0.532638055,0.846122088,2244,1709436702.794709921,77110,1709436689.993029118
476,1709436702.994741678,18.900588286,-32.759759867,0.751816088,0.004698068,0.020383394,-0.533472145,0.845558937,2241,1709436702.894897938,77110,1709436689.993029118
477,1709436703.093617916,18.962060399,-32.883854489,0.759619883,-0.003832114,0.018403834,-0.534070402,0.845230986,2372,1709436702.994741678,77110,1709436689.993029118
478,1709436703.192306995,19.057499394,-33.021748297,0.758847020,-0.003190830,0.013508894,-0.532684371,0.846200147,2287,1709436703.093617916,77110,1709436689.993029118
479,1709436703.291238070,19.132975142,-33.155197190,0.751548220,0.000164868,0.020024883,-0.534876396,0.844692973,2223,1709436703.192306995,77110,1709436689.993029118
480,1709436703.389962435,19.192699363,-33.278098066,0.761034302,-0.006663116,0.012064642,-0.530435254,0.847613408,2229,1709436703.291238070,77110,1709436689.993029118
481,1709436703.494060993,19.255101613,-33.424951344,0.766502668,0.002130087,0.013298232,-0.517706074,0.855452536,2255,1709436703.389962435,77110,1709436689.993029118
482,1709436703.592684984,19.329743337,-33.550953455,0.775594635,-0.001255043,0.016434375,-0.508531315,0.860885728,2256,1709436703.494060993,77110,1709436689.993029118
483,1709436703.691376925,19.395691749,-33.658290664,0.773379235,-0.007535516,0.009801472,-0.496792772,0.867781130,2261,1709436703.592684984,77110,1709436689.993029118
484,1709436703.794595957,19.451799953,-33.806709589,0.776395926,0.003825828,0.008096773,-0.489846814,0.871762528,2170,1709436703.691376925,77110,1709436689.993029118
485,1709436703.894413948,19.534730109,-33.935755622,0.772050019,0.005792517,0.015829862,-0.489306315,0.871949077,2173,1709436703.794595957,77110,1709436689.993029118
486,1709436703.995080709,19.625595379,-34.056830985,0.773756133,-0.004347872,0.017520097,-0.484915754,0.874374550,2291,1709436703.894413948,77110,1709436689.993029118
487,1709436704.094926596,19.688885088,-34.190127024,0.786153504,-0.002521590,0.018932467,-0.482775399,0.875535903,2195,1709436703.995080709,77110,1709436689.993029118
488,1709436704.194754601,19.751960067,-34.314036252,0.789393158,-0.004414048,0.012788438,-0.483572878,0.875199545,2218,1709436704.094926596,77110,1709436689.993029118
489,1709436704.294559956,19.848302454,-34.429876025,0.793981565,-0.014292387,0.020251628,-0.484426930,0.874480502,2262,1709436704.194754601,77110,1709436689.993029118
490,1709436704.393376827,19.951023999,-34.531466328,0.802007661,-0.027660477,0.018190546,-0.485003976,0.873885087,2259,1709436704.294559956,77110,1709436689.993029118
491,1709436704.492332697,20.040152480,-34.667351235,0.804219742,-0.023397578,0.025683097,-0.480589995,0.876256919,2129,1709436704.393376827,77110,1709436689.993029118
492,1709436704.591153860,20.109035991,-34.799953170,0.808436698,-0.019803605,0.018469513,-0.482101935,0.875696533,2200,1709436704.492332697,77110,1709436689.993029118
493,1709436704.694756746,20.206789868,-34.909530143,0.816574903,-0.027649423,0.015374738,-0.484576970,0.874176348,2212,1709436704.591153860,77110,1709436689.993029118
494,1709436704.793839216,20.279888162,-35.027312767,0.822215973,-0.035337522,0.015665729,-0.484828638,0.873754563,2185,1709436704.694756746,77110,1709436689.993029118
495,1709436704.892507315,20.350395794,-35.154535908,0.828093181,-0.032020267,0.014088261,-0.484484094,0.874100329,2141,1709436704.793839216,77110,1709436689.993029118
496,1709436704.991139174,20.421319949,-35.284095999,0.828596541,-0.022121615,0.011341477,-0.485144200,0.874080723,2107,1709436704.892507315,77110,1709436689.993029118
497,1709436705.094885111,20.515036200,-35.427478713,0.825465657,-0.014368638,0.026594875,-0.486442925,0.873189290,2122,1709436704.991139174,77110,1709436689.993029118
498,1709436705.194724798,20.574975718,-35.552979255,0.826532153,-0.003173531,0.018828646,-0.490496233,0.871234100,2218,1709436705.094885111,77110,1709436689.993029118
499,1709436705.292560101,20.606948718,-35.684135964,0.828110105,0.001636125,0.014931792,-0.493264577,0.869749631,2305,1709436705.194724798,77110,1709436689.993029118
500,1709436705.394815207,20.671715133,-35.802719737,0.834961477,-0.000872872,0.010628472,-0.496652381,0.867884028,2203,1709436705.292560101,77110,1709436689.993029118
501,1709436705.494660139,20.730027966,-35.940651320,0.831229843,-0.001356940,-0.002449011,-0.495537189,0.868582210,2302,1709436705.394815207,77110,1709436689.993029118
502,1709436705.594382524,20.809728752,-36.071079772,0.827926158,0.013691861,-0.001394251,-0.494761382,0.868919884,2169,1709436705.494660139,77110,1709436689.993029118
503,1709436705.692973375,20.891617422,-36.197797796,0.835197387,0.017425078,-0.011706242,-0.494901196,0.868695653,2227,1709436705.594382524,77110,1709436689.993029118
504,1709436705.791903019,20.943485898,-36.334877904,0.832587961,0.024872780,-0.016044116,-0.493622332,0.869172552,2110,1709436705.692973375,77110,1709436689.993029118
505,1709436705.890705585,21.006734449,-36.462197689,0.835848761,0.028389419,-0.016942136,-0.496895344,0.867180501,2086,1709436705.791903019,77110,1709436689.993029118
506,1709436705.994662762,21.071542282,-36.587504019,0.853572485,0.016639096,-0.010091587,-0.501073080,0.865186147,2145,1709436705.890705585,77110,1709436689.993029118
507,1709436706.093486071,21.154679342,-36.706385006,0.865658428,0.016349999,-0.005187794,-0.499805269,0.865967931,2228,1709436705.994662762,112061,1709436705.994662762
508,1709436706.192132950,21.239642398,-36.831261187,0.873858565,0.023095370,-0.005340447,-0.498861467,0.866357502,2214,1709436706.093486071,112061,1709436705.994662762
509,1709436706.290780306,21.314189187,-36.971547508,0.863827628,0.031083492,-0.008093831,-0.499863724,0.865508269,2256,1709436706.192132950,112061,1709436705.994662762
510,1709436706.394445419,21.386073410,-37.119103703,0.865089451,0.032653572,-0.007306094,-0.500281997,0.865215747,2281,1709436706.290780306,112061,1709436705.994662762
511,1709436706.494409561,21.443227722,-37.262354089,0.861125069,0.033813201,-0.006725186,-0.500690369,0.864939647,2341,1709436706.394445419,112061,1709436705.994662762
512,1709436706.594906092,21.511097848,-37.396302681,0.868803110,0.027857077,-0.001683569,-0.501510183,0.864701501,2208,1709436706.494409561,112061,1709436705.994662762
513,1709436706.694756746,21.591139219,-37.518257108,0.867938007,0.031695482,-0.000315953,-0.496843955,0.867260849,2302,1709436706.594906092,112061,1709436705.994662762
514,1709436706.794588804,21.672243471,-37.651156776,0.868315578,0.036343778,0.004505482,-0.499540785,0.865515935,2349,1709436706.694756746,112061,1709436705.994662762
515,1709436706.894356012,21.769108811,-37.790675128,0.870475882,0.031818951,0.002275063,-0.489829423,0.871234478,2380,1709436706.794588804,112061,1709436705.994662762
516,1709436706.993070602,21.846444627,-37.925306220,0.874160436,0.030499785,-0.002652263,-0.476374671,0.878709224,2351,1709436706.894356012,112061,1709436705.994662762
517,1709436707.092003822,21.911653924,-38.043854315,0.886661904,0.013855644,-0.015245289,-0.464425065,0.885372781,2299,1709436706.993070602,112061,1709436705.994662762
518,1709436707.191137552,22.021619701,-38.148941171,0.889296176,0.007470427,-0.014827229,-0.460549957,0.887478497,2205,1709436707.092003822,112061,1709436705.994662762
519,1709436707.294581652,22.104328160,-38.263371506,0.891901372,0.002190549,-0.014255572,-0.459925338,0.887840449,2082,1709436707.191137552,112061,1709436705.994662762
520,1709436707.393301964,22.200303248,-38.383598016,0.911757262,-0.004976017,-0.007121500,-0.462452335,0.886601580,2085,1709436707.294581652,112061,1709436705.994662762
521,1709436707.491909504,22.317367184,-38.501658109,0.919104904,-0.003013976,0.004723947,-0.460308223,0.887741482,2087,1709436707.393301964,112061,1709436705.994662762
522,1709436707.590603113,22.415145955,-38.622365176,0.921515282,-0.003139071,0.010464253,-0.462686931,0.886454426,2128,1709436707.491909504,112061,1709436705.994662762
523,1709436707.694568396,22.498471717,-38.755807166,0.928942010,-0.002155071,0.012700195,-0.461601890,0.886993662,2164,1709436707.590603113,112061,1709436705.994662762
524,1709436707.793282032,22.556954121,-38.913211685,0.919652888,0.010906149,0.019216910,-0.458592429,0.888371966,2283,1709436707.694568396,112061,1709436705.994662762
525,1709436707.891818523,22.616609545,-39.062956340,0.914858030,0.015305757,0.009219566,-0.459418733,0.888040067,2343,1709436707.793282032,112061,1709436705.994662762
526,1709436707.994627476,22.720509150,-39.217732268,0.916484283,0.016823054,0.021254707,-0.461273773,0.886843689,2286,1709436707.891818523,112061,1709436705.994662762
527,1709436708.094476938,22.830859577,-39.328686154,0.924307442,0.009991239,0.019788756,-0.461249318,0.886993600,2349,1709436707.994627476,112061,1709436705.994662762
528,1709436708.194315434,22.930060808,-39.452702455,0.926265179,0.008693630,0.013137576,-0.458167380,0.888726323,2446,1709436708.094476938,112061,1709436705.994662762
529,1709436708.293278456,23.033787019,-39.559367867,0.928210633,0.009592002,0.016084148,-0.459730257,0.887861129,2345,1709436708.194315434,112061,1709436705.994662762
530,1709436708.392272472,23.119141188,-39.648065693,0.934591793,-0.001164538,0.006655676,-0.457011300,0.889435224,2379,1709436708.293278456,112061,1709436705.994662762
531,1709436708.494639635,23.210511219,-39.780879359,0.924047302,0.004638833,0.017163755,-0.456044968,0.889779115,2265,1709436708.392272472,112061,1709436705.994662762
532,1709436708.594139099,23.273803719,-39.897608515,0.922311431,0.009481042,0.013564922,-0.455236805,0.890216577,2302,1709436708.494639635,112061,1709436705.994662762
533,1709436708.692764282,23.349806195,-40.028640358,0.919800305,0.010637183,0.019481179,-0.457613675,0.888874040,2322,1709436708.594139099,112061,1709436705.994662762
534,1709436708.791457176,23.457493118,-40.135818942,0.920206437,0.009956166,0.020356045,-0.457337727,0.889004336,2261,1709436708.692764282,112061,1709436705.994662762
535,1709436708.894807577,23.544668139,-40.283454873,0.924498949,0.016862664,0.021586764,-0.457779816,0.888643518,2295,1709436708.791457176,112061,1709436705.994662762
536,1709436708.994291782,23.623282183,-40.413392074,0.925559696,0.014695830,0.015143033,-0.457123409,0.889152917,2348,1709436708.894807577,112061,1709436705.994662762
537,1709436709.092884541,23.704919347,-40.553745396,0.924940518,0.013583879,0.015483283,-0.459305456,0.888039551,2356,1709436708.994291782,112061,1709436705.994662762
538,1709436709.195122004,23.796811226,-40.686340027,0.929088501,0.008725221,0.008485539,-0.460629338,0.887509143,2238,1709436709.092884541,112061,1709436705.994662762
539,1709436709.294970274,23.889141042,-40.793089312,0.925907976,0.005916646,0.014970487,-0.461049524,0.887228389,2339,1709436709.195122004,112061,1709436705.994662762
540,1709436709.394811153,23.972894549,-40.921669810,0.926858656,0.005214839,0.013877748,-0.460203566,0.887689637,2317,1709436709.294970274,112061,1709436705.994662762
541,1709436709.494380474,24.073460472,-41.043645780,0.924371448,0.005251555,0.011099195,-0.459936721,0.887866793,2380,1709436709.394811153,112061,1709436705.994662762
542,1709436709.593376160,24.138194245,-41.189623426,0.917588374,0.007972992,0.011117172,-0.460297120,0.887659507,2347,1709436709.494380474,112061,1709436705.994662762
543,1709436709.692458868,24.223799185,-41.326786794,0.924158795,0.000087558,0.011661371,-0.460309268,0.887682028,2339,1709436709.593376160,112061,1709436705.994662762
544,1709436709.794944286,24.295876202,-41.464519316,0.931049808,0.002425306,0.007007201,-0.469133759,0.883095993,2322,1709436709.692458868,112061,1709436705.994662762
545,1709436709.894113302,24.360804792,-41.567064442,0.940797951,-0.004433482,-0.012875149,-0.482230407,0.875938588,2354,1709436709.794944286,112061,1709436705.994662762
546,1709436709.992737055,24.424161065,-41.713966963,0.932839402,0.002286028,-0.004780796,-0.492027921,0.870563291,2138,1709436709.894113302,112061,1709436705.994662762
547,1709436710.091390133,24.485774673,-41.834670109,0.931403106,0.004016991,0.005895722,-0.505575537,0.862752850,2013,1709436709.992737055,112061,1709436705.994662762
548,1709436710.195095778,24.566602968,-41.965569809,0.942728489,0.010213192,0.013265825,-0.511452702,0.859148324,2235,1709436710.091390133,112061,1709436705.994662762
549,1709436710.293995142,24.646495665,-42.106732654,0.944690752,0.023767895,0.020820776,-0.514161984,0.857110866,2375,1709436710.195095778,112061,1709436705.994662762
550,1709436710.392493248,24.714582485,-42.229328076,0.943927912,0.018495677,0.004561689,-0.519267424,0.854399464,2420,1709436710.293995142,112061,1709436705.994662762
551,1709436710.491135597,24.783449750,-42.348560878,0.941215003,0.015045291,0.008995088,-0.526037502,0.850280703,2411,1709436710.392493248,112061,1709436705.994662762
552,1709436710.594421387,24.862432389,-42.471967754,0.947221077,0.006006091,0.009340890,-0.527342350,0.849580320,2326,1709436710.491135597,112061,1709436705.994662762
553,1709436710.695082426,24.924152362,-42.611584362,0.960355353,0.001676907,0.005601421,-0.532782388,0.846232083,2389,1709436710.594421387,112061,1709436705.994662762
554,1709436710.794375181,24.984223406,-42.737285899,0.959496833,0.000860436,0.004748057,-0.535784634,0.844340892,2405,1709436710.695082426,112061,1709436705.994662762
555,1709436710.893452406,25.038644599,-42.861881353,0.967225282,-0.001449593,-0.005837984,-0.540544783,0.841293738,2323,1709436710.794375181,112061,1709436705.994662762
556,1709436710.992428780,25.085567737,-43.002643796,0.967259635,0.000578200,-0.006775415,-0.539233506,0.842128842,2223,1709436710.893452406,112061,1709436705.994662762
557,1709436711.094493389,25.141959674,-43.139288077,0.965662755,0.003313206,-0.013995761,-0.538773369,0.842327964,2170,1709436710.992428780,112061,1709436705.994662762
558,1709436711.193702459,25.186657688,-43.291783196,0.954608795,0.016734338,-0.003183804,-0.539251627,0.841972392,2164,1709436711.094493389,112061,1709436705.994662762
559,1709436711.292369127,25.259264124,-43.441976133,0.960719126,0.025139349,-0.000593092,-0.538985765,0.841939431,2165,1709436711.193702459,112061,1709436705.994662762
560,1709436711.391041040,25.348371752,-43.581737050,0.972018081,0.026701374,0.016409770,-0.548779669,0.835379334,2329,1709436711.292369127,112061,1709436705.994662762
561,1709436711.494633436,25.432988458,-43.737505450,0.981285942,0.012376882,0.021851234,-0.547238233,0.836600056,2407,1709436711.391041040,112061,1709436705.994662762
562,1709436711.593506098,25.507611679,-43.885684445,0.980668248,0.009879399,0.014153804,-0.547308993,0.836752612,2498,1709436711.494633436,112061,1709436705.994662762
563,1709436711.692258120,25.550787019,-44.039475606,0.972359194,0.015521755,0.020636707,-0.548940691,0.835462339,2437,1709436711.593506098,112061,1709436705.994662762
564,1709436711.790981770,25.611850080,-44.187526536,0.972482713,0.020038872,0.027601978,-0.548658996,0.835350155,2372,1709436711.692258120,112061,1709436705.994662762
565,1709436711.894801378,25.682911390,-44.333526905,0.972396469,0.015999163,0.027495149,-0.551376561,0.833649765,2449,1709436711.790981770,112061,1709436705.994662762
566,1709436711.994645357,25.746983713,-44.465521102,0.972422113,0.017217015,0.027919437,-0.551695235,0.833400533,2486,1709436711.894801378,112061,1709436705.994662762
567,1709436712.094469786,25.795435831,-44.600195829,0.971051488,0.013556770,0.014007844,-0.553918660,0.832342545,2473,1709436711.994645357,112061,1709436705.994662762
568,1709436712.193814754,25.839087546,-44.725367454,0.966354331,0.010528056,0.022693602,-0.557024410,0.830119248,2410,1709436712.094469786,112061,1709436705.994662762
569,1709436712.294971704,25.882413082,-44.872046738,0.962390640,0.006825621,0.029878618,-0.556220194,0.830469611,2296,1709436712.193814754,112061,1709436705.994662762
570,1709436712.394612074,25.924478816,-44.978595681,0.974225397,0.006501669,0.022175547,-0.555914363,0.830918284,2315,1709436712.294971704,112061,1709436705.994662762
571,1709436712.493403435,25.958598427,-45.108264204,0.975731318,0.006530122,0.016503582,-0.555667262,0.831215305,2374,1709436712.394612074,112061,1709436705.994662762
572,1709436712.592197418,26.004825002,-45.231846038,0.969058660,0.003861760,0.015950205,-0.557489896,0.830021502,2277,1709436712.493403435,112061,1709436705.994662762
573,1709436712.695123434,26.082008250,-45.357853511,0.969985008,-0.011131322,0.020589245,-0.557678611,0.829726909,2263,1709436712.592197418,112061,1709436705.994662762
574,1709436712.794577122,26.138087122,-45.479031597,0.970578041,-0.010323663,0.027671225,-0.552273486,0.833139677,2261,1709436712.695123434,112061,1709436705.994662762
575,1709436712.893252850,26.190638735,-45.607758098,0.972116049,-0.009469375,0.029665311,-0.551310317,0.833718918,2349,1709436712.794577122,112061,1709436705.994662762
576,1709436712.991885185,26.229731089,-45.746126418,0.965232030,-0.007487984,0.025693988,-0.550522670,0.834391119,2247,1709436712.893252850,112061,1709436705.994662762
577,1709436713.090482235,26.282375722,-45.879389125,0.972035319,-0.018926012,0.024474977,-0.556982877,0.829947502,2281,1709436712.991885185,112061,1709436705.994662762
578,1709436713.195126534,26.326837467,-46.010283292,0.979857260,-0.023583566,0.017576809,-0.559905688,0.828034113,2231,1709436713.090482235,112061,1709436705.994662762
579,1709436713.294959307,26.387148513,-46.122897822,0.984299231,-0.023655811,0.023066793,-0.561328123,0.826933531,2240,1709436713.195126534,112061,1709436705.994662762
580,1709436713.394785881,26.444986861,-46.242279872,0.987235970,-0.021752029,0.018841076,-0.561323268,0.827096156,2167,1709436713.294959307,112061,1709436705.994662762
581,1709436713.493867636,26.472893083,-46.403686682,0.982226409,0.001145579,0.012055609,-0.553854073,0.832525685,2200,1709436713.394785881,112061,1709436705.994662762
582,1709436713.594452858,26.498322464,-46.536943875,0.980694850,0.016517309,0.002622958,-0.556357614,0.830774641,2184,1709436713.493867636,112061,1709436705.994662762
583,1709436713.694482565,26.539569640,-46.672176280,0.988148701,0.013174358,0.001729447,-0.555428025,0.831458450,2132,1709436713.594452858,112061,1709436705.994662762
584,1709436713.793323755,26.602853526,-46.804109405,0.988867739,0.001843999,0.002203350,-0.557042707,0.830478878,2212,1709436713.694482565,112061,1709436705.994662762
585,1709436713.892241955,26.658262477,-46.925064736,0.995311463,-0.009995564,0.008057264,-0.557503392,0.830075381,2199,1709436713.793323755,112061,1709436705.994662762
586,1709436713.994622231,26.737774958,-47.044433766,1.007138881,-0.015983283,0.009187779,-0.558882526,0.829041881,2127,1709436713.892241955,112061,1709436705.994662762
587,1709436714.094074965,26.807911603,-47.164517258,1.007805800,-0.003270360,0.004643394,-0.555932453,0.831208067,2178,1709436713.994622231,112061,1709436705.994662762
588,1709436714.192795277,26.852892934,-47.302793884,1.003418431,0.000844445,-0.002194560,-0.556107519,0.831107032,2176,1709436714.094074965,112061,1709436705.994662762
589,1709436714.291438580,26.900102501,-47.446443313,1.003177283,0.006874420,-0.001871320,-0.557476783,0.830161958,2130,1709436714.192795277,112061,1709436705.994662762
590,1709436714.390064716,26.963734396,-47.574573346,1.014824754,0.002982850,0.001521733,-0.556867279,0.830594739,2154,1709436714.291438580,112061,1709436705.994662762
591,1709436714.494625092,27.032765656,-47.729081813,1.013277398,0.010831452,0.006153112,-0.557871848,0.829833610,2090,1709436714.390064716,112061,1709436705.994662762
592,1709436714.594461441,27.102850265,-47.845355431,1.020237097,0.009296120,0.001293595,-0.558495535,0.829454427,2200,1709436714.494625092,112061,1709436705.994662762
593,1709436714.694852114,27.155499423,-47.999784226,1.025885721,0.010235566,0.002696712,-0.559208692,0.828959348,2295,1709436714.594461441,112061,1709436705.994662762
594,1709436714.793961287,27.220682397,-48.141720109,1.037025905,0.007474437,-0.001579408,-0.559064688,0.829088845,2187,1709436714.694852114,112061,1709436705.994662762
595,1709436714.894801855,27.249814691,-48.267077846,1.035803822,0.011517145,-0.006220849,-0.560501764,0.828049775,2158,1709436714.793961287,112061,1709436705.994662762
596,1709436714.994407415,27.282413346,-48.413357842,1.034102466,0.012600198,-0.010825090,-0.560824611,0.827767968,2165,1709436714.894801855,112061,1709436705.994662762
597,1709436715.093245268,27.331695752,-48.531222145,1.038915451,0.010332205,-0.007376489,-0.563230107,0.826202565,2180,1709436714.994407415,112061,1709436705.994662762
598,1709436715.192079067,27.367727156,-48.681885296,1.046029098,0.013686935,0.001346399,-0.561729252,0.827206808,2173,1709436715.093245268,112061,1709436705.994662762
599,1709436715.294931173,27.389836292,-48.819378321,1.055718602,0.019884168,-0.003142394,-0.561000748,0.827570484,2199,1709436715.192079067,112061,1709436705.994662762
600,1709436715.393854618,27.428277332,-48.958470092,1.053550896,0.022667519,-0.001053798,-0.562770956,0.826301352,2264,1709436715.294931173,112061,1709436705.994662762
601,1709436715.492529154,27.476542459,-49.079889873,1.060696746,0.010791946,-0.002153122,-0.562824163,0.826503394,2228,1709436715.393854618,112061,1709436705.994662762
602,1709436715.591131210,27.533600071,-49.212140437,1.069407508,0.006108750,-0.004512725,-0.562770814,0.826578084,2225,1709436715.492529154,112061,1709436705.994662762
603,1709436715.695054054,27.593257330,-49.356942105,1.072397271,0.009086156,-0.003126182,-0.562518096,0.826729134,2144,1709436715.591131210,112061,1709436705.994662762
604,1709436715.794913292,27.646953792,-49.501474964,1.073762979,0.006216821,0.002290951,-0.564731067,0.825248401,2154,1709436715.695054054,112061,1709436705.994662762
605,1709436715.894741774,27.717097975,-49.638312892,1.081480136,0.004158730,0.008225374,-0.563674760,0.825945406,2197,1709436715.794913292,112061,1709436705.994662762
606,1709436715.994575024,27.766114096,-49.780847837,1.080377146,0.008044980,0.008247613,-0.564640461,0.825256569,2206,1709436715.894741774,112061,1709436705.994662762
607,1709436716.094797611,27.822932090,-49.935049316,1.080911044,0.012926080,0.016915688,-0.564188900,0.825371226,2144,1709436715.994575024,112061,1709436705.994662762
608,1709436716.194646835,27.893885485,-50.079320509,1.082967565,0.014216542,0.026213221,-0.566950875,0.823211676,2237,1709436716.094797611,112061,1709436705.994662762
609,1709436716.294010878,27.953544307,-50.233485648,1.085689747,0.015985161,0.031296904,-0.562573605,0.825999950,2291,1709436716.194646835,112061,1709436705.994662762
610,1709436716.393008471,27.991693622,-50.382760978,1.090538688,0.014884297,0.023337679,-0.562932509,0.826039225,2308,1709436716.294010878,112061,1709436705.994662762
611,1709436716.492129803,28.056760338,-50.511600937,1.100407463,0.005650602,0.010143800,-0.563286417,0.826180118,2297,1709436716.393008471,112061,1709436705.994662762
612,1709436716.594799757,28.090511945,-50.636241632,1.108539296,-0.000549944,0.001870683,-0.563653604,0.826008967,2240,1709436716.492129803,112061,1709436705.994662762
613,1709436716.693449736,28.158144696,-50.756514457,1.114805833,-0.007497911,0.005397612,-0.566396818,0.824080877,2199,1709436716.594799757,112061,1709436705.994662762
614,1709436716.792198658,28.230185585,-50.881735934,1.123748302,-0.009988710,0.011651516,-0.567359743,0.823327025,2102,1709436716.693449736,112061,1709436705.994662762
615,1709436716.890845776,28.271368684,-51.014944889,1.120514156,-0.000827685,0.009130108,-0.562643675,0.826648687,2061,1709436716.792198658,112061,1709436705.994662762
616,1709436716.994574547,28.307587162,-51.159043511,1.120220180,0.005624079,0.006442072,-0.563021320,0.826398126,2109,1709436716.890845776,112061,1709436705.994662762
617,1709436717.094553232,28.352242875,-51.298473543,1.125997909,0.009549053,0.012777130,-0.560582389,0.827945014,2122,1709436716.994574547,112061,1709436705.994662762
618,1709436717.193000555,28.409308911,-51.439366133,1.126677873,0.007257560,0.011248080,-0.556365572,0.830829801,2267,1709436717.094553232,112061,1709436705.994662762
619,1709436717.294511080,28.469115418,-51.579888814,1.130744592,0.009992420,0.013180130,-0.553290321,0.832824265,2162,1709436717.193000555,112061,1709436705.994662762
620,1709436717.394744158,28.538349890,-51.725306015,1.124401232,0.003641913,0.016332560,-0.550310276,0.834792539,2229,1709436717.294511080,112061,1709436705.994662762
621,1709436717.494575500,28.597478723,-51.862306426,1.131534271,-0.000874176,0.010229214,-0.543230840,0.839520609,2300,1709436717.394744158,112061,1709436705.994662762
622,1709436717.594238997,28.644326745,-51.995069711,1.132805078,0.005070231,0.008938583,-0.539199779,0.842115190,2292,1709436717.494575500,112061,1709436705.994662762
623,1709436717.693263292,28.702543649,-52.136110789,1.137879778,0.002533505,0.003155077,-0.535190434,0.844721745,2246,1709436717.594238997,112061,1709436705.994662762
624,1709436717.792312145,28.770586995,-52.276312341,1.149504263,-0.003880787,0.006575032,-0.531099722,0.847274922,2213,1709436717.693263292,112061,1709436705.994662762
625,1709436717.894585133,28.845111034,-52.418422826,1.155836505,-0.000614513,0.009025356,-0.523402509,0.852037545,2146,1709436717.792312145,112061,1709436705.994662762
626,1709436717.993175507,28.916113065,-52.555883731,1.163057999,0.001068811,0.001009511,-0.511111541,0.859513136,2202,1709436717.894585133,112061,1709436705.994662762
627,1709436718.091823578,28.982227760,-52.707727123,1.163555600,0.010880055,-0.004452231,-0.499370739,0.866308644,2150,1709436717.993175507,112061,1709436705.994662762
628,1709436718.190447330,29.068223239,-52.852930941,1.167691721,0.011109086,-0.009757090,-0.490278277,0.871440531,2102,1709436718.091823578,112061,1709436705.994662762
629,1709436718.294903994,29.139748176,-52.979180684,1.181654868,0.001373574,-0.011492258,-0.478455735,0.878035393,2133,1709436718.190447330,112061,1709436705.994662762
630,1709436718.394396067,29.228892505,-53.096376806,1.188126479,-0.005627809,-0.007541146,-0.464967960,0.885277502,2128,1709436718.294903994,112061,1709436705.994662762
631,1709436718.492741108,29.325810086,-53.229778868,1.197904155,0.002657904,0.001738439,-0.457099642,0.889409822,2034,1709436718.394396067,112061,1709436705.994662762
632,1709436718.594442368,29.420121570,-53.357518411,1.196158931,0.011570564,0.005309491,-0.453574772,0.891127296,2078,1709436718.492741108,112061,1709436705.994662762
633,1709436718.695093870,29.525562894,-53.473865415,1.213343585,0.006346406,0.004269009,-0.449347271,0.893324425,2240,1709436718.594442368,112061,1709436705.994662762
634,1709436718.794928074,29.624102615,-53.598436588,1.214840802,0.000371211,0.001284500,-0.447163353,0.894451311,2335,1709436718.695093870,112061,1709436705.994662762
635,1709436718.894499779,29.707249232,-53.723105913,1.217952804,-0.004146908,0.000686765,-0.446545297,0.894751155,2306,1709436718.794928074,112061,1709436705.994662762
636,1709436718.993467569,29.812848523,-53.857969580,1.219994254,-0.003791523,0.014787234,-0.445872584,0.894966257,2266,1709436718.894499779,112061,1709436705.994662762
637,1709436719.092478275,29.915942008,-53.971769169,1.220788590,0.000013501,0.018919701,-0.447402265,0.894132685,2286,1709436718.993467569,141115,1709436718.993467569
638,1709436719.194417953,30.004895438,-54.098803666,1.234538327,0.000654490,0.026967085,-0.448475543,0.893387953,2346,1709436719.092478275,141115,1709436718.993467569
639,1709436719.293010950,30.102796138,-54.219768447,1.234052973,-0.001877144,0.024480844,-0.449340301,0.893023213,2350,1709436719.194417953,141115,1709436718.993467569
640,1709436719.391752005,30.174778277,-54.355718537,1.234219409,0.004095946,0.022408966,-0.449830688,0.892823282,2346,1709436719.293010950,141115,1709436718.993467569
641,1709436719.490439415,30.248876399,-54.480289898,1.230915237,0.004175863,0.020786055,-0.450812862,0.892366665,2385,1709436719.391752005,141115,1709436718.993467569
642,1709436719.594413280,30.332929937,-54.620955663,1.224827478,0.005504250,0.021869683,-0.451407249,0.892033024,2316,1709436719.490439415,141115,1709436718.993467569
643,1709436719.693573236,30.416080759,-54.746878514,1.215099048,0.014406828,0.021276332,-0.450700287,0.892305448,2347,1709436719.594413280,141115,1709436718.993467569
644,1709436719.792171240,30.500249015,-54.876710147,1.211196648,0.022825508,0.017199124,-0.450168727,0.892486024,2384,1709436719.693573236,141115,1709436718.993467569
645,1709436719.894715786,30.583253066,-55.000634310,1.214510381,0.022724120,0.023403004,-0.451758445,0.891543729,2328,1709436719.792171240,141115,1709436718.993467569
646,1709436719.994562387,30.658187381,-55.110733341,1.229431514,0.019756581,0.014675832,-0.452897985,0.891222594,2435,1709436719.894715786,141115,1709436718.993467569
647,1709436720.094805717,30.750567092,-55.230123348,1.220384022,0.023696838,0.014254735,-0.452256339,0.891459178,2438,1709436719.994562387,141115,1709436718.993467569
648,1709436720.194322586,30.856489569,-55.349352188,1.222458208,0.019008821,0.012113147,-0.454125490,0.890652556,2435,1709436720.094805717,141115,1709436718.993467569
649,1709436720.293402910,30.942443540,-55.458992774,1.220967408,0.017089251,0.013828050,-0.454960932,0.890240020,2365,1709436720.194322586,141115,1709436718.993467569
650,1709436720.395148754,31.039412493,-55.565674067,1.222231412,0.014868695,0.016853208,-0.455452624,0.889976291,2304,1709436720.293402910,141115,1709436718.993467569
651,1709436720.494081736,31.128677212,-55.671828605,1.215442344,0.017166787,0.010198795,-0.454584618,0.890479708,2325,1709436720.395148754,141115,1709436718.993467569
652,1709436720.592730045,31.216697379,-55.786120568,1.217697846,0.012952318,0.013260634,-0.455273877,0.890158464,2310,1709436720.494081736,141115,1709436718.993467569
653,1709436720.691434383,31.290875795,-55.906402730,1.233007699,0.012231257,0.009962953,-0.457978110,0.888823485,2308,1709436720.592730045,141115,1709436718.993467569
654,1709436720.790208578,31.357299709,-56.033842156,1.240091828,0.018752816,0.011650874,-0.468118034,0.883390115,2341,1709436720.691434383,141115,1709436718.993467569
655,1709436720.894658566,31.415462715,-56.174351608,1.242822849,0.015569608,0.011632882,-0.480734821,0.876650612,2299,1709436720.790208578,141115,1709436718.993467569
656,1709436720.993302107,31.493988097,-56.281859952,1.252524568,0.010635604,0.012887643,-0.489783057,0.871684203,2400,1709436720.894658566,141115,1709436718.993467569
657,1709436721.091884851,31.543272250,-56.425538199,1.246457401,0.016125770,0.013353972,-0.492193319,0.870234088,2348,1709436720.993302107,141115,1709436718.993467569
658,1709436721.195066690,31.610764702,-56.560620418,1.246284049,0.016951194,0.008212127,-0.494033702,0.869238701,2393,1709436721.091884851,141115,1709436718.993467569
659,1709436721.294910908,31.694529125,-56.691645512,1.243588847,0.014572510,0.013361720,-0.496857809,0.867606722,2437,1709436721.195066690,141115,1709436718.993467569
660,1709436721.394747019,31.787868523,-56.820635502,1.239728971,0.015557980,0.020255128,-0.496586172,0.867611580,2471,1709436721.294910908,141115,1709436718.993467569
661,1709436721.494529963,31.841930665,-56.953912924,1.231750838,0.017675065,0.015042181,-0.498398385,0.866637395,2497,1709436721.394747019,141115,1709436718.993467569
662,1709436721.593672991,31.921773426,-57.086003318,1.232499300,0.018020217,0.017171472,-0.499077822,0.866199596,2429,1709436721.494529963,141115,1709436718.993467569
663,1709436721.694657087,31.993216486,-57.202928592,1.244109904,0.016950922,0.008676506,-0.499285106,0.866228473,2361,1709436721.593672991,141115,1709436718.993467569
664,1709436721.793691874,32.045792902,-57.325876869,1.253070842,0.014090657,0.005695142,-0.500167646,0.865795209,2372,1709436721.694657087,141115,1709436718.993467569
665,1709436721.892393589,32.125485679,-57.438324955,1.253493696,0.010804926,0.005712231,-0.503296999,0.864027057,2344,1709436721.793691874,141115,1709436718.993467569
666,1709436721.991239786,32.218898754,-57.562104772,1.264119480,0.006472907,0.011027750,-0.502198907,0.864657590,2280,1709436721.892393589,141115,1709436718.993467569
667,1709436722.094821453,32.315533185,-57.691527331,1.269663683,0.010281922,0.010086338,-0.501261837,0.865175773,2305,1709436721.991239786,141115,1709436718.993467569
668,1709436722.194315910,32.373740423,-57.830267557,1.277553268,0.016425904,0.012970870,-0.501277874,0.865033201,2345,1709436722.094821453,141115,1709436718.993467569
669,1709436722.292894125,32.443215862,-57.959718976,1.276850616,0.016675767,0.013321426,-0.502520733,0.864301667,2468,1709436722.194315910,141115,1709436718.993467569
670,1709436722.391524553,32.509389637,-58.097317959,1.279969955,0.009983160,0.014704586,-0.505438830,0.862679373,2419,1709436722.292894125,141115,1709436718.993467569
671,1709436722.494605303,32.591898122,-58.237330890,1.283514250,0.004944531,0.012683669,-0.504376412,0.863376576,2326,1709436722.391524553,141115,1709436718.993467569
672,1709436722.594446182,32.666526814,-58.375564637,1.281592983,0.009254822,0.013949786,-0.503971773,0.863557875,2406,1709436722.494605303,141115,1709436718.993467569
673,1709436722.695085049,32.732848884,-58.510004473,1.287985289,0.011005743,0.008017535,-0.502778782,0.864307867,2323,1709436722.594446182,141115,1709436718.993467569
674,1709436722.794812918,32.827917206,-58.649538234,1.283702155,0.013559377,0.009807238,-0.504834179,0.863054119,2353,1709436722.695085049,141115,1709436718.993467569
675,1709436722.894763470,32.891109950,-58.784418419,1.281518806,0.012985590,0.018353045,-0.505481875,0.862544268,2258,1709436722.794812918,141115,1709436718.993467569
676,1709436722.994608402,32.954610955,-58.897981561,1.279275794,0.017103361,0.020256709,-0.508493960,0.860657327,2303,1709436722.894763470,141115,1709436718.993467569
677,1709436723.093791723,33.032816181,-59.038247970,1.278898498,0.025944341,0.032153684,-0.511291244,0.858413825,2432,1709436722.994608402,141115,1709436718.993467569
678,1709436723.192559481,33.089404333,-59.174711926,1.272645181,0.027793502,0.028412613,-0.513965834,0.856889355,2362,1709436723.093791723,141115,1709436718.993467569
679,1709436723.291299582,33.125307690,-59.317548813,1.278950528,0.033626681,0.017293544,-0.513989027,0.856962928,2349,1709436723.192559481,141115,1709436718.993467569
680,1709436723.394771814,33.176849965,-59.464830885,1.273096067,0.034801973,0.001770298,-0.515078888,0.856434135,2372,1709436723.291299582,141115,1709436718.993467569
681,1709436723.493865252,33.243443059,-59.598290327,1.264513913,0.036478585,0.003999396,-0.516815955,0.855309643,2334,1709436723.394771814,141115,1709436718.993467569
682,1709436723.592480898,33.306108556,-59.721682305,1.261516221,0.035690262,0.007180460,-0.517782151,0.854737556,2377,1709436723.493865252,141115,1709436718.993467569
683,1709436723.691106796,33.370941180,-59.838986224,1.265165190,0.029303111,0.013047801,-0.517329708,0.855184808,2310,1709436723.592480898,141115,1709436718.993467569
684,1709436723.794909239,33.449035940,-59.965743907,1.266749815,0.027167469,0.011187028,-0.517942533,0.854910704,2353,1709436723.691106796,141115,1709436718.993467569
685,1709436723.894734859,33.507857619,-60.088437259,1.246445345,0.025782125,0.012271880,-0.518090209,0.854849237,2388,1709436723.794909239,141115,1709436718.993467569
686,1709436723.994557619,33.562821247,-60.210157675,1.250835508,0.022956048,0.001998335,-0.519359032,0.854245411,2319,1709436723.894734859,141115,1709436718.993467569
687,1709436724.094808578,33.654092570,-60.339170855,1.250822609,0.024470292,0.006591362,-0.519343559,0.854189690,2310,1709436723.994557619,141115,1709436718.993467569
688,1709436724.194646120,33.721795530,-60.452366201,1.269232225,0.022373606,0.005091567,-0.521908968,0.852692516,2248,1709436724.094808578,141115,1709436718.993467569
689,1709436724.294477224,33.793458231,-60.592083038,1.272410557,0.026791383,0.011120069,-0.518353623,0.854674258,2305,1709436724.194646120,141115,1709436718.993467569
690,1709436724.393387318,33.842920424,-60.731927420,1.274998948,0.026618275,0.008650183,-0.521235653,0.852953712,2344,1709436724.294477224,141115,1709436718.993467569
691,1709436724.492178202,33.911629285,-60.847409654,1.277012857,0.016039897,0.003770034,-0.523153190,0.852079368,2255,1709436724.393387318,141115,1709436718.993467569
692,1709436724.591126919,33.987673820,-60.967075298,1.291690274,0.008675572,0.019499045,-0.526935960,0.849636991,2266,1709436724.492178202,141115,1709436718.993467569
693,1709436724.694645405,34.059401179,-61.072822500,1.309211502,-0.007331322,0.006942385,-0.526627450,0.850036225,2319,1709436724.591126919,141115,1709436718.993467569
694,1709436724.793638229,34.117529634,-61.193802027,1.315870487,-0.002510597,0.010557514,-0.527600313,0.849423419,2301,1709436724.694645405,141115,1709436718.993467569
695,1709436724.892410040,34.166892702,-61.329038029,1.312944394,-0.004828490,-0.001064751,-0.528641675,0.848830685,2252,1709436724.793638229,141115,1709436718.993467569
696,1709436724.991060257,34.221446165,-61.458657908,1.330383898,-0.009269038,0.000144080,-0.526626399,0.850046293,2194,1709436724.892410040,141115,1709436718.993467569
697,1709436725.094825268,34.278568678,-61.613430870,1.325296211,0.000869201,0.008029364,-0.523379001,0.852061732,2150,1709436724.991060257,141115,1709436718.993467569
698,1709436725.194637299,34.345600207,-61.741872385,1.321383041,0.003663060,0.002180766,-0.523209662,0.852193332,2293,1709436725.094825268,141115,1709436718.993467569
699,1709436725.292449474,34.407699847,-61.867575596,1.326566557,0.008843355,0.010403078,-0.523623190,0.851840552,2216,1709436725.194637299,141115,1709436718.993467569
700,1709436725.395116568,34.486081004,-61.991007751,1.344867580,0.000377017,0.011343069,-0.525021469,0.851013308,2245,1709436725.292449474,141115,1709436718.993467569
701,1709436725.494956732,34.555924150,-62.126368030,1.348091636,-0.002057019,0.011411319,-0.521519173,0.853160772,2361,1709436725.395116568,141115,1709436718.993467569
702,1709436725.594282866,34.627136513,-62.266781469,1.354400622,0.001127130,0.010550433,-0.523731381,0.851817386,2314,1709436725.494956732,141115,1709436718.993467569
703,1709436725.693216562,34.685060948,-62.399122335,1.349174849,-0.000832113,0.008347950,-0.528179251,0.849091455,2352,1709436725.594282866,141115,1709436718.993467569
704,1709436725.792314529,34.759972561,-62.524622239,1.358473385,0.000905004,0.022825817,-0.528193915,0.848816442,2312,1709436725.693216562,141115,1709436718.993467569
705,1709436725.895096779,34.818689664,-62.641504568,1.363918045,-0.000527869,0.016643080,-0.530358441,0.847609965,2345,1709436725.792314529,141115,1709436718.993467569
706,1709436725.994548321,34.871825549,-62.779939605,1.357446186,0.012229630,0.021535454,-0.527092816,0.849446775,2369,1709436725.895096779,141115,1709436718.993467569
707,1709436726.093284845,34.911362971,-62.916876040,1.366972038,0.011111749,0.010646056,-0.528648161,0.848701545,2425,1709436725.994548321,141115,1709436718.993467569
708,1709436726.191949844,34.973478191,-63.049450278,1.362026041,0.007780063,0.005379333,-0.530449190,0.847663961,2361,1709436726.093284845,141115,1709436718.993467569
709,1709436726.290605307,35.048292914,-63.191310193,1.358152663,0.014661970,0.009226537,-0.528819023,0.848557799,2322,1709436726.191949844,141115,1709436718.993467569
710,1709436726.395021677,35.117508425,-63.333210382,1.363458594,0.008600297,0.005675623,-0.528420266,0.848920399,2235,1709436726.290605307,141115,1709436718.993467569
711,1709436726.494336367,35.188333849,-63.475643870,1.370326269,0.014137396,0.014101897,-0.531624132,0.846744975,2313,1709436726.395021677,141115,1709436718.993467569
712,1709436726.592125893,35.242565315,-63.606533514,1.378364660,0.015074583,0.011345406,-0.528541561,0.848697742,2236,1709436726.494336367,141115,1709436718.993467569
713,1709436726.694612265,35.296490661,-63.736050339,1.378793094,0.008946262,0.007544816,-0.528869758,0.848622307,2288,1709436726.592125893,141115,1709436718.993467569
714,1709436726.794468403,35.362941126,-63.858008877,1.383374483,0.008693961,0.010113806,-0.531417482,0.847005068,2306,1709436726.694612265,141115,1709436718.993467569
715,1709436726.894355297,35.429193390,-63.976487765,1.385538758,0.010035961,0.011306864,-0.529981656,0.847874329,2383,1709436726.794468403,141115,1709436718.993467569
716,1709436726.993382215,35.485889002,-64.126588312,1.393600259,0.010790561,0.018185056,-0.530043783,0.847706586,2309,1709436726.894355297,141115,1709436718.993467569
717,1709436727.092437744,35.531176619,-64.259775656,1.395583757,0.007651802,0.017497244,-0.532913695,0.845954071,2382,1709436726.993382215,159880,1709436726.993382215
718,1709436727.194514036,35.598816280,-64.407368655,1.396968016,0.006192443,0.021467864,-0.531509510,0.846757595,2307,1709436727.092437744,159880,1709436726.993382215
719,1709436727.294335842,35.664074982,-64.525700048,1.401849750,0.003359850,0.015881220,-0.531972022,0.846606323,2332,1709436727.194514036,159880,1709436726.993382215
720,1709436727.392922163,35.735330273,-64.683634613,1.384469313,0.008869077,0.019930371,-0.532124214,0.846385220,2381,1709436727.294335842,159880,1709436726.993382215
721,1709436727.491578102,35.791067069,-64.830405125,1.380197931,0.019724709,0.016905497,-0.533735691,0.845252242,2287,1709436727.392922163,159880,1709436726.993382215
722,1709436727.590295076,35.852018462,-64.974387294,1.383560079,0.019421582,0.011015358,-0.531623853,0.846686213,2282,1709436727.491578102,159880,1709436726.993382215
723,1709436727.694526911,35.932231742,-65.118969334,1.384837017,0.018532894,0.009690499,-0.532687955,0.846053289,2234,1709436727.590295076,159880,1709436726.993382215
724,1709436727.793101072,35.964535880,-65.244920395,1.383202035,0.012878506,0.008790437,-0.534683350,0.844908627,2352,1709436727.694526911,159880,1709436726.993382215
725,1709436727.895068884,36.031853998,-65.365183934,1.386741082,0.011604063,0.012358367,-0.533719639,0.845491551,2258,1709436727.793101072,159880,1709436726.993382215
726,1709436727.994906664,36.097412128,-65.490536526,1.382900354,0.008150370,0.011288122,-0.533786196,0.845504847,2266,1709436727.895068884,159880,1709436726.993382215
727,1709436728.094748497,36.167785243,-65.625260337,1.391108067,0.012121482,0.015035424,-0.533740303,0.845427877,2337,1709436727.994906664,159880,1709436726.993382215
728,1709436728.194329023,36.224690455,-65.754018992,1.396629478,0.011401809,0.010721238,-0.535530311,0.844370973,2338,1709436728.094748497,159880,1709436726.993382215
729,1709436728.293353319,36.280712426,-65.892570902,1.400131430,0.004996846,0.012097285,-0.535779425,0.844256534,2347,1709436728.194329023,159880,1709436726.993382215
730,1709436728.392377138,36.335402665,-66.030016890,1.396332919,0.000996775,0.007966814,-0.534696457,0.845006057,2317,1709436728.293353319,159880,1709436726.993382215
731,1709436728.494922400,36.392926961,-66.168039757,1.395813923,0.002582413,0.014045634,-0.535468366,0.844434533,2288,1709436728.392377138,159880,1709436726.993382215
732,1709436728.594090223,36.465622328,-66.299353624,1.401910563,0.003499512,0.009113491,-0.534429375,0.845156755,2345,1709436728.494922400,159880,1709436726.993382215
733,1709436728.692763090,36.546844843,-66.436711187,1.402791597,0.008563702,0.010495223,-0.534522316,0.845045801,2363,1709436728.594090223,159880,1709436726.993382215
734,1709436728.791480541,36.615680022,-66.577533075,1.398880843,0.007138547,0.013738215,-0.536784055,0.843577608,2328,1709436728.692763090,159880,1709436726.993382215
735,1709436728.895072460,36.692863420,-66.708971160,1.400488185,0.002841597,0.007017918,-0.535553105,0.844467611,2324,1709436728.791480541,159880,1709436726.993382215
736,1709436728.994153500,36.759827283,-66.854716156,1.406263824,0.008156725,0.013885170,-0.533891168,0.845399841,2364,1709436728.895072460,159880,1709436726.993382215
737,1709436729.092738152,36.824225453,-66.982687592,1.414674528,0.009156064,0.006428942,-0.534069324,0.845366661,2402,1709436728.994153500,159880,1709436726.993382215
738,1709436729.191259384,36.879084325,-67.110731057,1.406772500,0.008652216,0.004524933,-0.533931797,0.845471171,2338,1709436729.092738152,159880,1709436726.993382215
739,1709436729.294440746,36.949511476,-67.245677641,1.411978268,0.007503963,0.007053763,-0.535665477,0.844367474,2330,1709436729.191259384,159880,1709436726.993382215
740,1709436729.395064592,37.015093160,-67.386719552,1.419475144,-0.000163284,0.009378397,-0.536160744,0.844063787,2357,1709436729.294440746,159880,1709436726.993382215
741,1709436729.494387865,37.066071569,-67.537933966,1.416246786,0.008084066,0.006037632,-0.533954419,0.845453058,2355,1709436729.395064592,159880,1709436726.993382215
742,1709436729.593346357,37.117029278,-67.677236883,1.423905763,0.005938266,0.007988218,-0.540287598,0.841421557,2313,1709436729.494387865,159880,1709436726.993382215
743,1709436729.692481995,37.202330706,-67.807606357,1.415425454,0.005229283,0.017711676,-0.540828506,0.840930127,2310,1709436729.593346357,159880,1709436726.993382215
744,1709436729.794439793,37.244906252,-67.949307864,1.420288927,0.010010821,0.016139090,-0.541535731,0.840463185,2347,1709436729.692481995,159880,1709436726.993382215
745,1709436729.893708944,37.317913328,-68.085901072,1.422617560,0.014017676,0.023824933,-0.544296880,0.838437108,2422,1709436729.794439793,159880,1709436726.993382215
746,1709436729.992447853,37.391899521,-68.209056583,1.416889610,0.014608972,0.018694943,-0.544597337,0.838361985,2367,1709436729.893708944,159880,1709436726.993382215
747,1709436730.091210604,37.440720422,-68.359010849,1.416953493,0.014506507,0.010781450,-0.543341961,0.839316886,2351,1709436729.992447853,159880,1709436726.993382215
748,1709436730.194571495,37.486407092,-68.509710217,1.409552807,0.023160086,0.000362675,-0.540765305,0.840854544,2356,1709436730.091210604,159880,1709436726.993382215
749,1709436730.293804646,37.527821052,-68.661022907,1.412955095,0.027456899,-0.000106614,-0.543329261,0.839070570,2390,1709436730.194571495,159880,1709436726.993382215
750,1709436730.392382622,37.570854291,-68.785299208,1.415890353,0.016065905,-0.000604161,-0.544744781,0.838447759,2312,1709436730.293804646,159880,1709436726.993382215
751,1709436730.491010666,37.651953331,-68.906921414,1.412477967,0.013697433,0.012266852,-0.543619507,0.839130345,2330,1709436730.392382622,159880,1709436726.993382215
752,1709436730.595141649,37.705496229,-69.061094299,1.419093195,0.018428172,0.010022108,-0.546050022,0.837489901,2346,1709436730.491010666,159880,1709436726.993382215
753,1709436730.694967747,37.772383361,-69.188900456,1.423373384,0.016292173,0.010492252,-0.545119620,0.838134283,2462,1709436730.595141649,159880,1709436726.993382215
754,1709436730.794643879,37.828539554,-69.315980993,1.427052546,0.016328255,0.014530208,-0.544171430,0.838689285,2457,1709436730.694967747,159880,1709436726.993382215
755,1709436730.893505812,37.873298866,-69.458680725,1.425629977,0.012498452,0.006256324,-0.543616688,0.839217221,2449,1709436730.794643879,159880,1709436726.993382215
756,1709436730.992606401,37.928668620,-69.602875576,1.424885842,0.015443570,0.008397079,-0.544352740,0.838672212,2342,1709436730.893505812,159880,1709436726.993382215
757,1709436731.094812155,37.987237757,-69.745623702,1.426039655,0.014080452,0.008633810,-0.544003801,0.838920176,2335,1709436730.992606401,159880,1709436726.993382215
758,1709436731.193582058,38.042629740,-69.864353948,1.433400013,0.009573648,0.005744116,-0.544660787,0.838582124,2417,1709436731.094812155,159880,1709436726.993382215
759,1709436731.292367935,38.119940748,-69.974084634,1.441619659,0.006601625,0.006375165,-0.546024869,0.837718699,2358,1709436731.193582058,159880,1709436726.993382215
760,1709436731.391113281,38.181899770,-70.093033873,1.442114101,0.006235627,0.008258770,-0.542881725,0.839745403,2339,1709436731.292367935,159880,1709436726.993382215
761,1709436731.494494915,38.247139033,-70.225024049,1.438456950,0.004006977,0.004741425,-0.544706731,0.838603625,2398,1709436731.391113281,159880,1709436726.993382215
762,1709436731.593470335,38.321925937,-70.364797092,1.442560625,0.009472080,0.014257081,-0.543624562,0.839153950,2410,1709436731.494494915,159880,1709436726.993382215
763,1709436731.692005634,38.395468184,-70.493699266,1.443464507,0.007550450,0.007094969,-0.544761957,0.838526721,2390,1709436731.593470335,159880,1709436726.993382215
764,1709436731.794781923,38.456759393,-70.643625500,1.441632427,0.009174188,0.013511846,-0.546754804,0.837133471,2356,1709436731.692005634,159880,1709436726.993382215
765,1709436731.894627094,38.512427855,-70.782542736,1.450030773,0.007051782,0.010780510,-0.546657047,0.837257503,2371,1709436731.794781923,159880,1709436726.993382215
766,1709436731.994456053,38.562853662,-70.917873839,1.455603830,0.007439992,0.009645494,-0.546450056,0.837403097,2393,1709436731.894627094,159880,1709436726.993382215
767,1709436732.094692707,38.633722041,-71.054081946,1.449737151,0.009007472,0.012262852,-0.546890806,0.837065669,2352,1709436731.994456053,159880,1709436726.993382215
768,1709436732.193773508,38.692898796,-71.199256243,1.449163950,0.009318018,0.016516447,-0.546247022,0.837409442,2291,1709436732.094692707,159880,1709436726.993382215
769,1709436732.294770241,38.731984317,-71.332869433,1.448235103,0.017847739,0.017320921,-0.544283071,0.838532875,2292,1709436732.193773508,159880,1709436726.993382215
770,1709436732.394511461,38.754202477,-71.468747245,1.450846961,0.015970364,0.005873756,-0.545607150,0.837868297,2323,1709436732.294770241,159880,1709436726.993382215
771,1709436732.493357658,38.822013871,-71.593875874,1.450070328,0.019042160,0.002443734,-0.546492113,0.837244167,2348,1709436732.394511461,159880,1709436726.993382215
772,1709436732.592167854,38.886380484,-71.729966753,1.448977379,0.014135353,0.002965560,-0.548287778,0.836165001,2280,1709436732.493357658,159880,1709436726.993382215
773,1709436732.694921017,38.963511043,-71.864319595,1.454883329,0.005883049,0.001266651,-0.549038194,0.835775596,2321,1709436732.592167854,159880,1709436726.993382215
774,1709436732.794487715,39.010116756,-72.006751092,1.465256779,0.012832804,0.010035274,-0.548059210,0.836280883,2337,1709436732.694921017,159880,1709436726.993382215
775,1709436732.893098116,39.045173946,-72.137247917,1.469034352,0.016316365,0.000064728,-0.551603801,0.833946652,2404,1709436732.794487715,159880,1709436726.993382215
776,1709436732.991667986,39.080729257,-72.268193948,1.468750180,0.016980111,0.001051970,-0.552935704,0.833050224,2383,1709436732.893098116,159880,1709436726.993382215
777,1709436733.094650030,39.130191903,-72.417551585,1.467180953,0.016527839,0.004756625,-0.554398646,0.832073522,2396,1709436732.991667986,159880,1709436726.993382215
778,1709436733.194496632,39.192395879,-72.561069698,1.468659790,0.016043644,0.007939429,-0.555297561,0.831459070,2401,1709436733.094650030,159880,1709436726.993382215
779,1709436733.295126915,39.248809594,-72.708821459,1.466750904,0.019421203,0.004738536,-0.554323233,0.832061366,2464,1709436733.194496632,159880,1709436726.993382215
780,1709436733.394852877,39.322712219,-72.853656915,1.460673799,0.020045025,0.001268730,-0.555840118,0.831046539,2486,1709436733.295126915,159880,1709436726.993382215
781,1709436733.493862391,39.383169029,-73.007715842,1.464222675,0.018176315,0.003727270,-0.556747464,0.830474557,2462,1709436733.394852877,159880,1709436726.993382215
782,1709436733.594683886,39.449275679,-73.138193412,1.467193877,0.014344742,0.005982883,-0.556821196,0.830486959,2392,1709436733.493862391,159880,1709436726.993382215
783,1709436733.694420576,39.500233904,-73.265536867,1.472824786,0.017344224,0.007949317,-0.557286951,0.830100741,2390,1709436733.594683886,159880,1709436726.993382215
784,1709436733.793264389,39.541196295,-73.395799967,1.471722524,0.016807453,0.004524303,-0.557222910,0.830180504,2515,1709436733.694420576,159880,1709436726.993382215
785,1709436733.892096758,39.600880053,-73.540880246,1.471849210,0.016973630,0.006938025,-0.559416018,0.828684185,2467,1709436733.793264389,159880,1709436726.993382215
786,1709436733.991030693,39.662818932,-73.663427599,1.475627221,0.014655590,0.004439807,-0.557950981,0.829732610,2464,1709436733.892096758,159880,1709436726.993382215
787,1709436734.094167948,39.716125490,-73.802487922,1.474100825,0.016688701,0.006324288,-0.559692402,0.828508241,2444,1709436733.991030693,159880,1709436726.993382215
788,1709436734.192827225,39.776571786,-73.952427584,1.471254337,0.017844201,0.011123610,-0.559107616,0.828828404,2447,1709436734.094167948,159880,1709436726.993382215
789,1709436734.291483879,39.816001873,-74.110572119,1.474086881,0.021963136,0.015892984,-0.559276741,0.828537603,2408,1709436734.192827225,159880,1709436726.993382215
790,1709436734.394515753,39.880154206,-74.247272770,1.483429709,0.023130228,0.011511847,-0.559921362,0.828142825,2422,1709436734.291483879,159880,1709436726.993382215
791,1709436734.494463444,39.919898418,-74.390160878,1.482702664,0.019842037,0.013022274,-0.560748408,0.827646022,2440,1709436734.394515753,159880,1709436726.993382215
792,1709436734.595101118,39.963773533,-74.513049856,1.483248103,0.013979500,0.003262581,-0.561701246,0.827215594,2467,1709436734.494463444,159880,1709436726.993382215
793,1709436734.694908857,40.017439876,-74.645538734,1.488233755,0.006448304,0.007837751,-0.562351364,0.826836097,2470,1709436734.595101118,159880,1709436726.993382215
794,1709436734.794730902,40.043623276,-74.788236490,1.490466241,0.010415770,0.011278166,-0.562831908,0.826428798,2376,1709436734.694908857,159880,1709436726.993382215
795,1709436734.894599199,40.076944652,-74.909736000,1.492383080,0.007023123,0.002865884,-0.559895167,0.828528735,2400,1709436734.794730902,159880,1709436726.993382215
796,1709436734.994290829,40.131084279,-75.046549469,1.496267570,0.014734251,0.010555688,-0.560502810,0.827954153,2466,1709436734.894599199,159880,1709436726.993382215
797,1709436735.093218327,40.203129710,-75.179802962,1.501181206,0.011154616,0.009717898,-0.560211881,0.828217233,2518,1709436734.994290829,159880,1709436726.993382215
798,1709436735.192112446,40.263274449,-75.315045291,1.496438347,0.009644159,0.013254322,-0.559888517,0.828405795,2547,1709436735.093218327,159880,1709436726.993382215
799,1709436735.294774532,40.302908427,-75.472182730,1.492647508,0.014698706,0.016253480,-0.561148360,0.827425097,2477,1709436735.192112446,159880,1709436726.993382215
800,1709436735.393926859,40.351705289,-75.625880497,1.486836442,0.020009374,0.015796148,-0.561967907,0.826766096,2527,1709436735.294774532,159880,1709436726.993382215
801,1709436735.492454052,40.396442900,-75.766259300,1.491056897,0.016032459,0.007005270,-0.562372926,0.826698602,2452,1709436735.393926859,159880,1709436726.993382215
802,1709436735.591123819,40.483758869,-75.895480595,1.487856503,0.013849973,0.011564077,-0.564480801,0.825248978,2422,1709436735.492454052,159880,1709436726.993382215
803,1709436735.694925785,40.549940485,-76.036625423,1.490252604,0.010733479,0.003293201,-0.562251099,0.826890349,2346,1709436735.591123819,159880,1709436726.993382215
804,1709436735.794779778,40.612601780,-76.188273959,1.501712692,0.015824471,0.004453144,-0.564097217,0.825544720,2347,1709436735.694925785,159880,1709436726.993382215
805,1709436735.893380880,40.678321331,-76.326865851,1.513672350,0.011564885,0.012588998,-0.565798803,0.824366111,2427,1709436735.794779778,159880,1709436726.993382215
806,1709436735.994474649,40.734365173,-76.480893532,1.517478489,0.010218439,0.010542561,-0.565728028,0.824461179,2375,1709436735.893380880,159880,1709436726.993382215
807,1709436736.095132589,40.767144483,-76.629917569,1.517088655,0.011730067,0.013489161,-0.566520580,0.823853677,2419,1709436735.994474649,159880,1709436726.993382215
808,1709436736.194985628,40.826531656,-76.767947836,1.518457188,0.014989509,0.018164651,-0.566866991,0.823472631,2474,1709436736.095132589,159880,1709436726.993382215
809,1709436736.294138670,40.880900946,-76.897116996,1.508688291,0.015409078,0.016468797,-0.567797488,0.822859254,2523,1709436736.194985628,159880,1709436726.993382215
810,1709436736.393018246,40.910046084,-77.042184910,1.503400551,0.020738695,0.015507194,-0.565873364,0.824085414,2433,1709436736.294138670,159880,1709436726.993382215
811,1709436736.492048502,40.952236056,-77.188555351,1.496413614,0.022709438,0.008911748,-0.567466841,0.823034779,2356,1709436736.393018246,159880,1709436726.993382215
812,1709436736.594745636,41.001946495,-77.320517495,1.495841558,0.017326906,0.005328258,-0.569327797,0.821910729,2370,1709436736.492048502,159880,1709436726.993382215
813,1709436736.693544626,41.059634882,-77.466734481,1.511552105,0.015446078,0.004656482,-0.568477657,0.822540509,2385,1709436736.594745636,159880,1709436726.993382215
814,1709436736.792120695,41.084273851,-77.600879776,1.516465214,0.012319567,0.004202031,-0.570121432,0.821457317,2296,1709436736.693544626,159880,1709436726.993382215
815,1709436736.890815496,41.132802400,-77.741721136,1.518845057,0.016478929,0.009261070,-0.568884440,0.822200202,2345,1709436736.792120695,159880,1709436726.993382215
816,1709436736.994504929,41.193238226,-77.882820481,1.525472476,0.016381290,0.008003576,-0.569113874,0.822056564,2292,1709436736.890815496,159880,1709436726.993382215
817,1709436737.094400883,41.267646692,-78.021036378,1.525915136,0.017985225,0.003779305,-0.568112168,0.822745898,2324,1709436736.994504929,159880,1709436726.993382215
818,1709436737.192897558,41.313540500,-78.153362716,1.525793420,0.018670567,-0.000811568,-0.569168515,0.822008487,2362,1709436737.094400883,159880,1709436726.993382215
819,1709436737.294795275,41.371513545,-78.287813073,1.524215231,0.013422492,-0.004868236,-0.570853141,0.820928029,2272,1709436737.192897558,159880,1709436726.993382215
820,1709436737.394622564,41.426843249,-78.433197011,1.527128761,0.015552548,0.003781295,-0.569841465,0.821598762,2322,1709436737.294795275,159880,1709436726.993382215
821,1709436737.494460821,41.468999815,-78.570316326,1.528201401,0.012925994,0.003972544,-0.570928241,0.820888592,2351,1709436737.394622564,159880,1709436726.993382215
822,1709436737.594133854,41.512183099,-78.720923557,1.536726833,0.012337372,0.007601510,-0.572168147,0.820008303,2448,1709436737.494460821,159880,1709436726.993382215
823,1709436737.693200350,41.562459529,-78.854452514,1.536704852,0.008335861,0.003992589,-0.571028294,0.820878347,2384,1709436737.594133854,159880,1709436726.993382215
824,1709436737.792319298,41.588102440,-78.990914068,1.541012980,0.006494274,0.002698120,-0.569847670,0.821720255,2409,1709436737.693200350,159880,1709436726.993382215
825,1709436737.894500732,41.626516366,-79.144574242,1.546446006,0.006594763,0.002899732,-0.570461125,0.821293009,2377,1709436737.792319298,159880,1709436726.993382215
826,1709436737.993138075,41.640461496,-79.302172455,1.558216493,0.006126215,0.004145646,-0.569742184,0.821790196,2412,1709436737.894500732,159880,1709436726.993382215
827,1709436738.091805220,41.702088676,-79.428746321,1.575716426,0.003579305,0.008591480,-0.570964300,0.820922130,2359,1709436737.993138075,159880,1709436726.993382215
828,1709436738.190453053,41.758792569,-79.561535792,1.575505031,-0.001168077,0.006594048,-0.568833890,0.822425170,2356,1709436738.091805220,159880,1709436726.993382215
829,1709436738.294770718,41.815048748,-79.705491495,1.583044488,-0.000882276,0.006938034,-0.569888450,0.821692303,2383,1709436738.190453053,159880,1709436726.993382215
830,1709436738.394031286,41.869882055,-79.855809586,1.586171658,-0.000588671,0.006519348,-0.567590755,0.823284815,2408,1709436738.294770718,159880,1709436726.993382215
831,1709436738.492577076,41.934140772,-79.995751606,1.586711897,0.001270387,0.009553990,-0.569307823,0.822067947,2451,1709436738.394031286,159880,1709436726.993382215
832,1709436738.595086575,41.989455567,-80.133017859,1.599710252,-0.001274151,0.006199919,-0.571110497,0.820848791,2391,1709436738.492577076,159880,1709436726.993382215
833,1709436738.694921732,42.042873026,-80.283915609,1.610400757,-0.002508053,0.008619372,-0.568119778,0.822896916,2534,1709436738.595086575,159880,1709436726.993382215
834,1709436738.794767857,42.113708351,-80.419395652,1.618446198,-0.001267394,0.005445824,-0.572660759,0.819773378,2504,1709436738.694921732,159880,1709436726.993382215
835,1709436738.894421101,42.158790247,-80.563755424,1.628006389,0.001692892,0.006386230,-0.572724417,0.819721350,2509,1709436738.794767857,159880,1709436726.993382215
836,1709436738.993511677,42.191590313,-80.692648572,1.633769296,-0.000493709,0.007806525,-0.571751674,0.820389443,2468,1709436738.894421101,159880,1709436726.993382215
837,1709436739.095089436,42.238606105,-80.830465727,1.635131773,0.000161639,0.011435783,-0.572593377,0.819759734,2478,1709436738.993511677,159880,1709436726.993382215
838,1709436739.194240570,42.311329243,-80.976852182,1.632428160,0.001620452,0.014145494,-0.573594230,0.819015835,2487,1709436739.095089436,159880,1709436726.993382215
839,1709436739.292870522,42.373460115,-81.133099649,1.635797905,0.005702907,0.009454723,-0.572992656,0.819486120,2489,1709436739.194240570,159880,1709436726.993382215
840,1709436739.391641855,42.427208488,-81.274726099,1.626108713,0.010374580,0.017311770,-0.575498660,0.817553645,2440,1709436739.292870522,159880,1709436726.993382215
841,1709436739.490311861,42.450496595,-81.416937483,1.638650228,0.004872256,0.009716454,-0.576890650,0.816749062,2510,1709436739.391641855,159880,1709436726.993382215
842,1709436739.594913244,42.503249004,-81.580333585,1.647049489,0.011809061,0.015566779,-0.576886375,0.816590676,2435,1709436739.490311861,159880,1709436726.993382215
843,1709436739.693472862,42.566560764,-81.727650044,1.640118514,0.012278709,0.017514792,-0.579229559,0.814883785,2543,1709436739.594913244,159880,1709436726.993382215
844,1709436739.792016506,42.618207727,-81.879408413,1.627818542,0.016592730,0.023514814,-0.578676935,0.815048919,2485,1709436739.693472862,159880,1709436726.993382215
845,1709436739.894595861,42.668784661,-82.060567184,1.624849341,0.018887930,0.029024818,-0.577714596,0.815503925,2479,1709436739.792016506,159880,1709436726.993382215
846,1709436739.994425774,42.728084199,-82.178233867,1.619753659,0.009361669,0.009166204,-0.578740157,0.815406752,2520,1709436739.894595861,159880,1709436726.993382215
847,1709436740.095067739,42.780635475,-82.321082184,1.619888028,0.011912434,0.011314695,-0.577672017,0.816103616,2527,1709436739.994425774,159880,1709436726.993382215
848,1709436740.194551706,42.828957148,-82.454460672,1.627444970,0.004191046,0.008762132,-0.580495746,0.814205349,2472,1709436740.095067739,159880,1709436726.993382215
849,1709436740.293679476,42.859836407,-82.593815151,1.634414534,-0.003745169,0.015753438,-0.581074401,0.813689341,2393,1709436740.194551706,159880,1709436726.993382215
850,1709436740.394574642,42.878941994,-82.748766053,1.643256476,0.005854613,0.028034655,-0.578497237,0.815181408,2308,1709436740.293679476,159880,1709436726.993382215
851,1709436740.494059801,42.925859790,-82.889402724,1.642224555,0.013065715,0.027382434,-0.579416442,0.814466743,2326,1709436740.394574642,159880,1709436726.993382215
852,1709436740.592782736,42.966892292,-83.024352041,1.640615580,0.014711031,0.026103152,-0.581049679,0.813316348,2422,1709436740.494059801,159880,1709436726.993382215
853,1709436740.691541910,42.989659237,-83.165626650,1.636306569,0.017354396,0.026733846,-0.582320137,0.812334527,2328,1709436740.592782736,159880,1709436726.993382215
854,1709436740.790285587,42.994035387,-83.309579152,1.639479509,0.013900440,0.018335285,-0.581488385,0.813229275,2298,1709436740.691541910,159880,1709436726.993382215
855,1709436740.894398212,43.034645236,-83.463163355,1.645942095,0.016787385,0.012545348,-0.582435390,0.812606802,2286,1709436740.790285587,159880,1709436726.993382215
856,1709436740.992989540,43.085807488,-83.607905328,1.640264388,0.022953976,0.016507909,-0.583163954,0.811862307,2332,1709436740.894398212,159880,1709436726.993382215
857,1709436741.091490746,43.152037698,-83.738204758,1.648317278,0.022150058,0.023017555,-0.584120232,0.811038299,2285,1709436740.992989540,159880,1709436726.993382215
858,1709436741.190109968,43.222620423,-83.887757054,1.652955842,0.022707320,0.034569086,-0.582842978,0.811531527,2375,1709436741.091490746,159880,1709436726.993382215
859,1709436741.295107126,43.303624616,-84.040004052,1.655888550,0.025700807,0.030825556,-0.580165796,0.813509006,2260,1709436741.190109968,159880,1709436726.993382215
860,1709436741.394948959,43.361045061,-84.165255372,1.650659168,0.021064725,0.025047390,-0.581205412,0.813098503,2308,1709436741.295107126,159880,1709436726.993382215
861,1709436741.494512081,43.431271723,-84.282954226,1.650676877,0.010765460,0.023647303,-0.578902206,0.814982911,2252,1709436741.394948959,159880,1709436726.993382215
862,1709436741.593642235,43.469878769,-84.409298888,1.642295290,0.005427379,0.019874618,-0.573097174,0.819228401,2210,1709436741.494512081,159880,1709436726.993382215
863,1709436741.694447994,43.529359557,-84.548824225,1.640741479,0.001929097,0.017450994,-0.566875794,0.823616158,2155,1709436741.593642235,159880,1709436726.993382215
864,1709436741.793680906,43.580184846,-84.684454448,1.637351613,0.003817065,0.013532802,-0.556357464,0.830824088,2229,1709436741.694447994,159880,1709436726.993382215
865,1709436741.892403364,43.608396870,-84.812483217,1.632980163,0.010039567,0.006684450,-0.547062792,0.837004675,2146,1709436741.793680906,159880,1709436726.993382215
866,1709436741.991050720,43.662648190,-84.933717839,1.641378231,0.006507051,-0.001603817,-0.536069393,0.844147316,2098,1709436741.892403364,159880,1709436726.993382215
867,1709436742.089963913,43.739039660,-85.064425416,1.646401633,0.007939693,0.001752954,-0.525819044,0.850557595,2072,1709436741.991050720,159880,1709436726.993382215
868,1709436742.194209576,43.815623176,-85.186799620,1.660537384,-0.007963942,-0.008911466,-0.515808178,0.856620736,2160,1709436742.089963913,159880,1709436726.993382215
869,1709436742.292928457,43.907886865,-85.305263477,1.662827895,-0.008078145,-0.007347598,-0.506317533,0.862277978,2113,1709436742.194209576,159880,1709436726.993382215
870,1709436742.391559124,43.973501027,-85.438454852,1.673798390,-0.009083038,-0.005972387,-0.497448567,0.867425358,2061,1709436742.292928457,159880,1709436726.993382215
871,1709436742.494800329,44.058092435,-85.542842082,1.690739612,-0.013359015,-0.001230615,-0.491247691,0.870916603,2083,1709436742.391559124,159880,1709436726.993382215
872,1709436742.594575644,44.170538470,-85.654506992,1.701223965,-0.013456942,0.012127410,-0.487789252,0.872773443,2170,1709436742.494800329,159880,1709436726.993382215
873,1709436742.694477081,44.246892806,-85.754628593,1.721809353,-0.018598733,-0.002052589,-0.491890834,0.870455789,2260,1709436742.594575644,159880,1709436726.993382215
874,1709436742.795136213,44.304470652,-85.844325435,1.726958208,-0.027406573,-0.016104858,-0.491269806,0.870427189,2218,1709436742.694477081,159880,1709436726.993382215
875,1709436742.894980192,44.368275325,-85.941620912,1.737286998,-0.030534598,-0.016377388,-0.494302489,0.868599141,2031,1709436742.795136213,159880,1709436726.993382215
876,1709436742.994457483,44.405496542,-86.075579972,1.753809074,-0.033584838,-0.010679057,-0.493274436,0.869159564,1932,1709436742.894980192,159880,1709436726.993382215
877,1709436743.093295097,44.470953841,-86.207380809,1.759068764,-0.022839155,0.001563539,-0.491165001,0.870765680,1956,1709436742.994457483,159880,1709436726.993382215
878,1709436743.192114830,44.518616287,-86.347054000,1.763514776,-0.007081185,0.001828953,-0.489539835,0.871950263,2146,1709436743.093295097,159880,1709436726.993382215
879,1709436743.291151524,44.609278374,-86.459976346,1.770016135,0.001793235,0.006819212,-0.489968245,0.871711765,2257,1709436743.192114830,159880,1709436726.993382215
880,1709436743.394958735,44.673797081,-86.592674745,1.775872612,0.001286329,0.010896070,-0.491409865,0.870859326,2380,1709436743.291151524,159880,1709436726.993382215
881,1709436743.493834496,44.751950816,-86.721103548,1.778488895,0.003062389,0.011646956,-0.490980363,0.871087397,2503,1709436743.394958735,159880,1709436726.993382215
882,1709436743.592463255,44.815729541,-86.841348544,1.778556468,0.008950601,0.014497789,-0.491476363,0.870724230,2490,1709436743.493834496,159880,1709436726.993382215
883,1709436743.691119432,44.884395752,-86.976073352,1.788667755,0.004374326,0.010744946,-0.491982832,0.870527601,2518,1709436743.592463255,159880,1709436726.993382215
884,1709436743.795093775,44.988876485,-87.102464360,1.782059018,0.001737827,0.018106773,-0.493323807,0.869655533,2440,1709436743.691119432,159880,1709436726.993382215
885,1709436743.894257784,45.048795436,-87.223332243,1.786398753,0.002387315,0.010297659,-0.493260330,0.869817513,2555,1709436743.795093775,159880,1709436726.993382215
886,1709436743.994734764,45.099620796,-87.347702403,1.787532847,0.004247256,0.013095973,-0.493829545,0.869449732,2432,1709436743.894257784,159880,1709436726.993382215
887,1709436744.094579697,45.167751398,-87.481427613,1.795819122,0.007070037,0.014158280,-0.494295255,0.869150021,2364,1709436743.994734764,159880,1709436726.993382215
888,1709436744.194817543,45.233341089,-87.593912633,1.798740791,0.011065933,0.011200237,-0.494166162,0.869224887,2457,1709436744.094579697,159880,1709436726.993382215
889,1709436744.294583082,45.312221978,-87.684197123,1.809170051,0.009561197,0.010330321,-0.497812880,0.867170228,2439,1709436744.194817543,159880,1709436726.993382215
890,1709436744.393335104,45.373844191,-87.803383837,1.806352590,0.008371286,0.017572541,-0.498593864,0.866617151,2380,1709436744.294583082,159880,1709436726.993382215
891,1709436744.492285490,45.404341176,-87.926860722,1.814059724,0.011598796,0.013210982,-0.498131017,0.866923542,2355,1709436744.393335104,159880,1709436726.993382215
892,1709436744.591085672,45.491916305,-88.060144229,1.807016447,0.016733133,0.010170637,-0.498005770,0.866952602,2331,1709436744.492285490,159880,1709436726.993382215
893,1709436744.694559097,45.548022705,-88.203584791,1.805337008,0.023555274,0.014713349,-0.498741101,0.866305939,2321,1709436744.591085672,159880,1709436726.993382215
894,1709436744.793365955,45.596571511,-88.326274764,1.801257369,0.021966255,0.005631731,-0.501292160,0.864980888,2357,1709436744.694559097,159880,1709436726.993382215
895,1709436744.892076731,45.651133498,-88.455627246,1.797825759,0.019480613,0.009043044,-0.500804682,0.865293823,2319,1709436744.793365955,159880,1709436726.993382215
896,1709436744.990746021,45.746850483,-88.568891338,1.793835612,0.022717434,0.010691952,-0.501843134,0.864594164,2252,1709436744.892076731,159880,1709436726.993382215
897,1709436745.094939232,45.819331509,-88.685154882,1.799557322,0.020927796,0.003296097,-0.502076906,0.864563441,2239,1709436744.990746021,159880,1709436726.993382215
898,1709436745.194780350,45.880443325,-88.819660767,1.794933886,0.025627833,0.008296438,-0.503859626,0.863365427,2326,1709436745.094939232,159880,1709436726.993382215
899,1709436745.294624567,45.934156491,-88.942551859,1.801451788,0.021546367,0.009338628,-0.502735545,0.864121239,2255,1709436745.194780350,159880,1709436726.993382215
900,1709436745.394462585,46.003208472,-89.062779477,1.806146667,0.019468821,0.015194303,-0.504554093,0.863026804,2290,1709436745.294624567,159880,1709436726.993382215
901,1709436745.495105982,46.085547936,-89.195784800,1.786520020,0.026755314,0.025169276,-0.500679622,0.864852922,2278,1709436745.394462585,159880,1709436726.993382215
902,1709436745.594561338,46.153069746,-89.334531617,1.789529585,0.032126768,0.019402306,-0.501659568,0.864250600,2319,1709436745.495105982,159880,1709436726.993382215
903,1709436745.693368435,46.240650566,-89.443657898,1.788111235,0.028625596,0.018894734,-0.501137862,0.864687462,2258,1709436745.594561338,159880,1709436726.993382215
904,1709436745.792230368,46.309606067,-89.545249222,1.800082005,0.016842673,0.002617289,-0.500634947,0.865490684,2224,1709436745.693368435,159880,1709436726.993382215
905,1709436745.891066551,46.357259446,-89.644254620,1.798208312,0.015013064,-0.002174256,-0.500107985,0.865830170,2238,1709436745.792230368,159880,1709436726.993382215
906,1709436745.994482279,46.439054998,-89.760128679,1.802285570,0.013363941,-0.000874912,-0.501138058,0.865263709,2235,1709436745.891066551,159880,1709436726.993382215
907,1709436746.093198299,46.514661147,-89.866256070,1.810647590,0.006652856,0.000764090,-0.498983962,0.866585345,2250,1709436745.994482279,159880,1709436726.993382215
908,1709436746.191749573,46.586051322,-89.986354221,1.807596567,0.017119396,0.008975425,-0.492288790,0.870217281,2180,1709436746.093198299,159880,1709436726.993382215
909,1709436746.290401936,46.636947823,-90.109525415,1.804421033,0.020886625,0.002693885,-0.486016605,0.873695800,2226,1709436746.191749573,159880,1709436726.993382215
910,1709436746.394451141,46.690423397,-90.229254878,1.814925523,0.012903045,-0.002854306,-0.482912741,0.875568757,2231,1709436746.290401936,159880,1709436726.993382215
911,1709436746.493242025,46.757812751,-90.356433914,1.826261787,0.008684908,-0.000575676,-0.478921565,0.877814545,2168,1709436746.394451141,159880,1709436726.993382215
912,1709436746.594947338,46.827351119,-90.473132202,1.823336638,0.010636159,-0.004491595,-0.470994108,0.882060796,2205,1709436746.493242025,159880,1709436726.993382215
913,1709436746.694772482,46.914108661,-90.579533175,1.821179564,0.011452490,-0.008841585,-0.461566843,0.886987438,2171,1709436746.594947338,159880,1709436726.993382215
914,1709436746.794620514,47.008456383,-90.702800782,1.833586455,0.011267683,0.002120826,-0.449719601,0.893096200,2171,1709436746.694772482,159880,1709436726.993382215
915,1709436746.894247532,47.094342682,-90.813903595,1.845348312,0.004654917,-0.001118907,-0.437524769,0.899193614,2191,1709436746.794620514,159880,1709436726.993382215
916,1709436746.993079662,47.189360341,-90.928475192,1.844388187,0.006010233,-0.003310478,-0.429103868,0.903229090,2206,1709436746.894247532,159880,1709436726.993382215
917,1709436747.092339516,47.273341761,-91.045182194,1.840225155,0.006909019,-0.002936192,-0.418381847,0.908240207,2158,1709436746.993079662,159880,1709436726.993382215
918,1709436747.194778442,47.370945268,-91.149295152,1.844736790,0.014026829,0.002022676,-0.397396991,0.917537350,2122,1709436747.092339516,159880,1709436726.993382215
919,1709436747.294215202,47.479666488,-91.249505943,1.851063715,0.012701591,0.006050373,-0.366391031,0.930354596,2205,1709436747.194778442,159880,1709436726.993382215
920,1709436747.392786980,47.571319863,-91.329028336,1.871377098,0.004728012,0.010681653,-0.340170449,0.940291239,2211,1709436747.294215202,159880,1709436726.993382215
921,1709436747.491657257,47.690018863,-91.389429438,1.875320229,-0.007123593,0.013207783,-0.316366856,0.948518224,2259,1709436747.392786980,159880,1709436726.993382215
922,1709436747.594936609,47.790448293,-91.423791438,1.885312944,-0.008200967,0.014176016,-0.298233983,0.954352281,2237,1709436747.491657257,159880,1709436726.993382215
923,1709436747.694388390,47.852758998,-91.472808309,1.882903693,-0.005482570,0.018953966,-0.285458083,0.958188067,2290,1709436747.594936609,159880,1709436726.993382215
924,1709436747.792889118,47.878768255,-91.509643950,1.892595378,-0.011159443,0.006926535,-0.275603000,0.961181812,2383,1709436747.694388390,159880,1709436726.993382215
925,1709436747.891560078,47.948230268,-91.564659226,1.887406782,-0.009776082,0.011496931,-0.265646196,0.963952461,2308,1709436747.792889118,159880,1709436726.993382215
926,1709436747.995097637,48.012943506,-91.597498287,1.879997641,-0.000653883,0.011872054,-0.256721419,0.966412303,2273,1709436747.891560078,159880,1709436726.993382215
927,1709436748.094928265,48.077221480,-91.641695490,1.880915542,0.002454969,0.016097583,-0.246301683,0.969056408,2362,1709436747.995097637,159880,1709436726.993382215
928,1709436748.194572449,48.164451743,-91.663243340,1.886503652,-0.001066585,0.019373590,-0.233572083,0.972145878,2323,1709436748.094928265,159880,1709436726.993382215
929,1709436748.293400764,48.251285660,-91.691031151,1.888017128,-0.002830356,0.016029481,-0.217087736,0.976016373,2313,1709436748.194572449,159880,1709436726.993382215
930,1709436748.392514467,48.356279518,-91.727475968,1.889135543,-0.006757819,0.023630579,-0.203295824,0.978808835,2317,1709436748.293400764,159880,1709436726.993382215
931,1709436748.495079041,48.483401997,-91.793030003,1.888316055,-0.000615483,0.024648603,-0.183220085,0.982762671,2327,1709436748.392514467,159880,1709436726.993382215
932,1709436748.593949318,48.602350742,-91.834972713,1.883938740,-0.002615726,0.016481783,-0.162005251,0.986648776,2346,1709436748.495079041,159880,1709436726.993382215
933,1709436748.692636967,48.750762386,-91.873873814,1.879119126,0.000333245,0.020597239,-0.140493093,0.989867331,2362,1709436748.593949318,159880,1709436726.993382215
934,1709436748.791400909,48.911553954,-91.881955632,1.873224365,0.000250879,0.015483945,-0.115589946,0.993176293,2267,1709436748.692636967,159880,1709436726.993382215
935,1709436748.894442558,49.077365143,-91.907822142,1.870601738,0.001329279,0.014359516,-0.088222376,0.995996411,2301,1709436748.791400909,159880,1709436726.993382215
936,1709436748.994007587,49.245174158,-91.904377413,1.863958475,0.002961658,0.020523003,-0.065773322,0.997619118,2354,1709436748.894442558,159880,1709436726.993382215
937,1709436749.092659473,49.420426907,-91.908288538,1.872236856,0.000516252,0.024208094,-0.043560094,0.998757338,2375,1709436748.994007587,159880,1709436726.993382215
938,1709436749.191241980,49.577786792,-91.921973181,1.884358040,-0.005519810,0.020992960,-0.018302107,0.999596849,2410,1709436749.092659473,159880,1709436726.993382215
939,1709436749.294604778,49.719420173,-91.997391276,1.890007533,-0.002769960,0.022916989,0.017588982,0.999578795,2421,1709436749.191241980,159880,1709436726.993382215
940,1709436749.394450188,49.899602759,-91.988537308,1.894350300,0.002426807,0.033309095,0.047305226,0.998322007,2442,1709436749.294604778,159880,1709436726.993382215
941,1709436749.494494438,50.070996863,-91.964054409,1.892722698,0.007350213,0.028867867,0.076597816,0.996616975,2517,1709436749.394450188,159880,1709436726.993382215
942,1709436749.593683481,50.249279865,-91.930761492,1.911034359,0.003614193,0.029849388,0.098636783,0.994669159,2385,1709436749.494494438,159880,1709436726.993382215
943,1709436749.692625999,50.429861354,-91.888135340,1.914145142,-0.001035046,0.023698693,0.122456066,0.992190411,2392,1709436749.593683481,159880,1709436726.993382215
944,1709436749.794599056,50.590362725,-91.794745956,1.909283988,-0.007815392,0.013707345,0.150893588,0.988424076,2349,1709436749.692625999,159880,1709436726.993382215
945,1709436749.893615484,50.740461848,-91.740966592,1.901384145,-0.006058047,0.020077882,0.175396731,0.984274436,2364,1709436749.794599056,159880,1709436726.993382215
946,1709436749.992384195,50.880562352,-91.700603439,1.893553099,0.005779035,0.022004664,0.197030264,0.980133395,2276,1709436749.893615484,159880,1709436726.993382215
947,1709436750.090950251,51.002808103,-91.637546064,1.886749721,0.005292708,0.024596871,0.218028830,0.975617963,2315,1709436749.992384195,159880,1709436726.993382215
948,1709436750.194751263,51.134783119,-91.557229592,1.901303144,0.002241499,0.027440802,0.239735626,0.970447736,2327,1709436750.090950251,159880,1709436726.993382215
949,1709436750.293696165,51.259987132,-91.494639202,1.900162031,-0.002903642,0.028805484,0.260669361,0.964993936,2398,1709436750.194751263,159880,1709436726.993382215
950,1709436750.392284155,51.363439289,-91.425800842,1.898049232,0.001774598,0.026056938,0.278912890,0.959961190,2405,1709436750.293696165,159880,1709436726.993382215
951,1709436750.490936041,51.480688611,-91.346203548,1.901588072,-0.000787801,0.033881472,0.297900344,0.953995183,2384,1709436750.392284155,159880,1709436726.993382215
952,1709436750.594505310,51.597291481,-91.236549107,1.902073567,0.000316460,0.029987569,0.316314205,0.948180346,2383,1709436750.490936041,159880,1709436726.993382215
953,1709436750.695140600,51.726842853,-91.125167444,1.895434209,-0.000894365,0.030163679,0.338282783,0.940560530,2412,1709436750.594505310,159880,1709436726.993382215
954,1709436750.794558525,51.828863196,-91.000640462,1.886222660,-0.000846438,0.034644392,0.359029133,0.932682760,2461,1709436750.695140600,159880,1709436726.993382215
955,1709436750.893623590,51.926025344,-90.864340588,1.895973893,0.000763591,0.030373189,0.381876612,0.923713776,2381,1709436750.794558525,159880,1709436726.993382215
956,1709436750.992595434,52.033417631,-90.740712768,1.896259619,-0.002764744,0.022510721,0.397904862,0.917146305,2358,1709436750.893623590,159880,1709436726.993382215
957,1709436751.094526768,52.113125514,-90.611272828,1.885253655,-0.009864942,0.017260590,0.417941753,0.908256266,2387,1709436750.992595434,159880,1709436726.993382215
958,1709436751.193458080,52.180259210,-90.505959880,1.891554339,-0.004775299,0.016033514,0.435398460,0.900082387,2363,1709436751.094526768,159880,1709436726.993382215
959,1709436751.292224884,52.267715939,-90.396594189,1.892979773,-0.010601471,0.018814170,0.449042345,0.893249466,2249,1709436751.193458080,159880,1709436726.993382215
960,1709436751.391039610,52.343085344,-90.267165172,1.883627495,-0.013888246,0.019317398,0.469507191,0.882608040,2267,1709436751.292224884,159880,1709436726.993382215
961,1709436751.494709730,52.437516081,-90.151665060,1.875753611,-0.011904358,0.029994543,0.484838407,0.874008199,2270,1709436751.391039610,159880,1709436726.993382215
962,1709436751.593312979,52.497804428,-90.036393728,1.883719611,-0.018981847,0.027767731,0.500558692,0.865048923,2355,1709436751.494709730,159880,1709436726.993382215
963,1709436751.691916227,52.565545740,-89.891173498,1.887705949,-0.021110925,0.029226140,0.519373378,0.853786540,2303,1709436751.593312979,159880,1709436726.993382215
964,1709436751.790605307,52.622414417,-89.738148051,1.881245386,-0.022282634,0.029417305,0.535925270,0.843458482,2309,1709436751.691916227,159880,1709436726.993382215
965,1709436751.894457579,52.677719501,-89.581884030,1.878213399,-0.014786757,0.024141801,0.556530211,0.830344898,2255,1709436751.790605307,159880,1709436726.993382215
966,1709436751.995089769,52.729398796,-89.435588741,1.866684171,-0.018687965,0.028308248,0.572972596,0.818872278,2171,1709436751.894457579,159880,1709436726.993382215
967,1709436752.094720364,52.757893779,-89.277922442,1.844016036,-0.017918763,0.022600036,0.588463865,0.808008933,2201,1709436751.995089769,159880,1709436726.993382215
968,1709436752.193829060,52.806810782,-89.136081283,1.841073168,-0.017167363,0.016770886,0.605479845,0.795498697,2166,1709436752.094720364,159880,1709436726.993382215
969,1709436752.294602394,52.851590337,-88.989522905,1.833039100,-0.020321510,0.017424379,0.620447873,0.783790702,2134,1709436752.193829060,159880,1709436726.993382215
970,1709436752.394423962,52.898563761,-88.846521426,1.830537985,-0.012495701,0.015435790,0.637411525,0.770267578,2123,1709436752.294602394,159880,1709436726.993382215
971,1709436752.493235111,52.924496816,-88.702386395,1.823739426,-0.014219649,0.015230026,0.648154181,0.761224018,2138,1709436752.394423962,159880,1709436726.993382215
972,1709436752.592073679,52.912947434,-88.566811612,1.825659017,-0.018815401,0.011703235,0.661551747,0.749572079,2080,1709436752.493235111,159880,1709436726.993382215
973,1709436752.694764376,52.914103280,-88.415297907,1.820521814,-0.022988591,0.010532343,0.676527815,0.735982819,2103,1709436752.592073679,159880,1709436726.993382215
974,1709436752.794188976,52.935387966,-88.264691520,1.815442575,-0.015710052,0.011199197,0.693769372,0.719938769,2059,1709436752.694764376,159880,1709436726.993382215
975,1709436752.892834663,52.934266390,-88.110001422,1.810248279,-0.022996632,0.019421271,0.704768524,0.708798489,1967,1709436752.794188976,159880,1709436726.993382215
976,1709436752.991622210,52.906266005,-87.964919472,1.803891842,-0.023134267,0.017437508,0.719676509,0.693704880,1988,1709436752.892834663,159880,1709436726.993382215
977,1709436753.090202570,52.896177194,-87.822522814,1.796437181,-0.026463584,0.017188193,0.733748382,0.678688114,2017,1709436752.991622210,159880,1709436726.993382215
978,1709436753.194752932,52.888061789,-87.671567060,1.795912738,-0.020783989,0.020316380,0.748747400,0.662217941,2033,1709436753.090202570,159880,1709436726.993382215
979,1709436753.294596910,52.846332579,-87.479040483,1.785109461,-0.022022573,0.023873306,0.761905771,0.646872992,2080,1709436753.194752932,159880,1709436726.993382215
980,1709436753.394428730,52.816421776,-87.337222475,1.774539016,-0.012745212,0.016865583,0.776167901,0.630171803,2172,1709436753.294596910,159880,1709436726.993382215
981,1709436753.494023323,52.757012978,-87.183363094,1.771427491,-0.015928867,0.015570820,0.788075256,0.615175757,2096,1709436753.394428730,159880,1709436726.993382215
982,1709436753.594877720,52.704678945,-87.072278677,1.765620847,-0.012979625,0.010575614,0.800199751,0.599499828,1992,1709436753.494023323,159880,1709436726.993382215
983,1709436753.694379330,52.654145011,-86.942101409,1.768027222,-0.017073968,0.014941147,0.809380360,0.586846381,2038,1709436753.594877720,159880,1709436726.993382215
984,1709436753.793104410,52.585470481,-86.801720361,1.758227305,-0.026454323,0.015280747,0.817847437,0.574623561,2092,1709436753.694379330,159880,1709436726.993382215
985,1709436753.891972542,52.535169614,-86.669916948,1.754859909,-0.018242775,0.022589593,0.828637004,0.559032761,2157,1709436753.793104410,159880,1709436726.993382215
986,1709436753.994651794,52.459163619,-86.530208804,1.743527778,-0.020189678,0.028563908,0.838396372,0.543937499,2122,1709436753.891972542,159880,1709436726.993382215
987,1709436754.093972206,52.395246502,-86.391448442,1.737272165,-0.016390225,0.027688736,0.849053345,0.527326380,2170,1709436753.994651794,159880,1709436726.993382215
988,1709436754.192667246,52.330148518,-86.274244186,1.739491032,-0.021529333,0.023251660,0.858887063,0.511183783,2202,1709436754.093972206,159880,1709436726.993382215
989,1709436754.291229486,52.257269336,-86.153314332,1.737427127,-0.019625100,0.023864915,0.869718600,0.492579818,2112,1709436754.192667246,159880,1709436726.993382215
990,1709436754.390127182,52.151058171,-86.052518678,1.733474531,-0.016438874,0.027250929,0.877822263,0.477928054,2036,1709436754.291229486,159880,1709436726.993382215
991,1709436754.494623423,52.090555945,-85.919434866,1.720576217,-0.023089793,0.032390014,0.886381880,0.461242789,2014,1709436754.390127182,159880,1709436726.993382215
992,1709436754.593565702,52.012373170,-85.793346354,1.715970179,-0.031463856,0.034505991,0.893532034,0.446564516,2093,1709436754.494623423,159880,1709436726.993382215
993,1709436754.695081234,51.924695676,-85.658623826,1.710330566,-0.037420306,0.033538245,0.901693981,0.429444841,2060,1709436754.593565702,159880,1709436726.993382215
994,1709436754.794949055,51.822811995,-85.549474127,1.698151846,-0.040464474,0.034780284,0.908932983,0.413513953,2080,1709436754.695081234,159880,1709436726.993382215
995,1709436754.894794464,51.723824176,-85.457031088,1.691539309,-0.036888349,0.036763631,0.918749103,0.391392093,2101,1709436754.794949055,159880,1709436726.993382215
996,1709436754.993721247,51.633218076,-85.372480806,1.681492659,-0.034838525,0.041727322,0.926200800,0.373091391,2104,1709436754.894794464,159880,1709436726.993382215
997,1709436755.092865229,51.520571830,-85.280605541,1.670367923,-0.031935637,0.040905567,0.934580321,0.351946691,1992,1709436754.993721247,159880,1709436726.993382215
998,1709436755.191821337,51.412367941,-85.236322621,1.661179882,-0.030034050,0.032249861,0.941854323,0.333119103,1954,1709436755.092865229,159880,1709436726.993382215
999,1709436755.294955730,51.308666840,-85.188735150,1.665858925,-0.021860414,0.019078609,0.948220319,0.316285243,2033,1709436755.191821337,159880,1709436726.993382215
1000,1709436755.393590212,51.245369877,-85.138573614,1.675435865,-0.020524915,0.007516567,0.954740903,0.296634517,2031,1709436755.294955730,159880,1709436726.993382215
1001,1709436755.492173910,51.183880164,-85.076098749,1.684832598,-0.012195284,0.009499742,0.960807502,0.276785070,2055,1709436755.393590212,159880,1709436726.993382215
1002,1709436755.590795755,51.119845656,-85.009933982,1.679932022,-0.004639866,0.011695992,0.964948469,0.262137612,1999,1709436755.492173910,159880,1709436726.993382215
1003,1709436755.695113659,51.016146634,-84.967770850,1.680247203,-0.019163892,-0.002654950,0.966099319,0.257444754,1996,1709436755.590795755,159880,1709436726.993382215
1004,1709436755.794930458,50.899930311,-84.943129800,1.721261826,-0.009057653,-0.023806030,0.969252675,0.244745753,2083,1709436755.695113659,159880,1709436726.993382215
1005,1709436755.893302679,50.761609840,-84.891719059,1.725802778,-0.014868294,-0.031968431,0.970795381,0.237304194,2151,1709436755.794930458,159880,1709436726.993382215
1006,1709436755.994642019,50.671827589,-84.847889107,1.732489108,-0.022663551,-0.042191369,0.972612621,0.227444371,1942,1709436755.893302679,159880,1709436726.993382215
1007,1709436756.094491243,50.471581835,-84.791498716,1.742629234,-0.018562885,-0.043387001,0.975621180,0.214327554,2166,1709436755.994642019,159880,1709436726.993382215
1008,1709436756.195143938,50.352233419,-84.722103415,1.721277662,-0.021266540,-0.033843228,0.979637928,0.196753401,2260,1709436756.094491243,159880,1709436726.993382215
1009,1709436756.294379711,50.242152425,-84.641672477,1.695489629,-0.026328980,-0.010816092,0.983822620,0.176869585,2314,1709436756.195143938,159880,1709436726.993382215
1010,1709436756.393078804,50.153347848,-84.589412402,1.678024982,-0.023277259,0.015454394,0.986488540,0.161430145,2395,1709436756.294379711,159880,1709436726.993382215
1011,1709436756.491998672,50.052088230,-84.542705659,1.671932538,-0.021409508,0.029675565,0.988804860,0.144658018,2492,1709436756.393078804,159880,1709436726.993382215
1012,1709436756.594490290,49.968483143,-84.537301033,1.674910887,-0.026999427,0.018405156,0.990809640,0.131257525,2482,1709436756.491998672,159880,1709436726.993382215
1013,1709436756.693463326,49.888890959,-84.523910147,1.683690043,-0.021427157,0.005595708,0.992640201,0.119058795,2524,1709436756.594490290,159880,1709436726.993382215
1014,1709436756.792151451,49.834231592,-84.515007594,1.688769092,-0.021877144,0.000547493,0.994112686,0.106118135,2461,1709436756.693463326,159880,1709436726.993382215
1015,1709436756.890823603,49.742872926,-84.501007264,1.700131859,-0.016390834,-0.000444455,0.995588990,0.092378055,2474,1709436756.792151451,159880,1709436726.993382215
1016,1709436756.994640350,49.665542327,-84.465722186,1.696733780,-0.017432194,0.011597606,0.996935479,0.075374172,2500,1709436756.890823603,159880,1709436726.993382215
1017,1709436757.094223022,49.599913042,-84.461028608,1.692129428,-0.023503042,0.015154862,0.997143609,0.070160966,2500,1709436756.994640350,159880,1709436726.993382215
1018,1709436757.195083380,49.462060881,-84.461168952,1.705224230,-0.022376132,0.011484925,0.997324203,0.068642832,2565,1709436757.094223022,159880,1709436726.993382215
1019,1709436757.294936895,49.349455833,-84.449110982,1.709881671,-0.021837102,0.015407302,0.997131542,0.070812735,2555,1709436757.195083380,159880,1709436726.993382215
1020,1709436757.394798994,49.247361273,-84.440544173,1.706165698,-0.029234768,0.006665966,0.996566157,0.077180234,2641,1709436757.294936895,159880,1709436726.993382215
1021,1709436757.494628906,49.150692352,-84.432965076,1.720069120,-0.030822609,-0.005509683,0.995343066,0.091169028,2731,1709436757.394798994,159880,1709436726.993382215
1022,1709436757.594467163,49.061967509,-84.420010587,1.711556847,-0.026665283,-0.008799465,0.993884804,0.106791983,2778,1709436757.494628906,159880,1709436726.993382215
1023,1709436757.693470240,49.000762262,-84.373052790,1.707782130,-0.025584548,-0.007007465,0.991811334,0.124926394,2773,1709436757.594467163,159880,1709436726.993382215
1024,1709436757.794962168,48.914842457,-84.327740138,1.700343488,-0.026930721,0.003779148,0.989043618,0.145097124,2677,1709436757.693470240,159880,1709436726.993382215
1025,1709436757.894365072,48.861846429,-84.282868896,1.690152017,-0.015876615,0.004446763,0.985769538,0.167291892,2652,1709436757.794962168,159880,1709436726.993382215
1026,1709436757.993041754,48.804702975,-84.251938946,1.680550871,-0.017570860,0.009855903,0.983147233,0.181702074,2587,1709436757.894365072,159880,1709436726.993382215
1027,1709436758.091764688,48.761011926,-84.210352237,1.676134014,-0.008095804,0.018880765,0.979365664,0.201049426,2497,1709436757.993041754,159880,1709436726.993382215
1028,1709436758.190544128,48.686187907,-84.179186441,1.671091429,-0.016341263,0.014104561,0.975316661,0.219753123,2426,1709436758.091764688,159880,1709436726.993382215
1029,1709436758.294958115,48.618720902,-84.148462571,1.687280098,-0.022459119,0.005773764,0.970573820,0.239684609,2359,1709436758.190544128,159880,1709436726.993382215
1030,1709436758.393725872,48.554008655,-84.117303285,1.694822946,-0.023056958,0.006349996,0.965164637,0.260548035,2440,1709436758.294958115,159880,1709436726.993382215
1031,1709436758.492370844,48.501560551,-84.075596809,1.696141625,-0.024487688,0.009052454,0.960499767,0.277053430,2417,1709436758.393725872,159880,1709436726.993382215
1032,1709436758.594483137,48.455324074,-84.041166055,1.696330324,-0.023284698,0.014051345,0.955581465,0.293469669,2428,1709436758.492370844,159880,1709436726.993382215
1033,1709436758.695118189,48.399644188,-84.015707753,1.698284320,-0.027769811,0.021913775,0.951252943,0.306376340,2457,1709436758.594483137,159880,1709436726.993382215
1034,1709436758.794966459,48.369881023,-83.967122164,1.697902214,-0.027358922,0.025618029,0.946961167,0.319154750,2506,1709436758.695118189,159880,1709436726.993382215
1035,1709436758.894335985,48.335088341,-83.931679216,1.687741562,-0.026104117,0.025979136,0.942807228,0.331297738,2518,1709436758.794966459,159880,1709436726.993382215
1036,1709436758.993363142,48.312597939,-83.918789025,1.687570404,-0.026457270,0.025065919,0.938465255,0.343445307,2439,1709436758.894335985,159880,1709436726.993382215
1037,1709436759.094492674,48.285666251,-83.903867919,1.687115546,-0.030931996,0.020002287,0.934803588,0.353249730,2382,1709436758.993363142,159880,1709436726.993382215
1038,1709436759.194174528,48.263969093,-83.890439469,1.692954869,-0.032782128,0.020619172,0.931660325,0.361260600,2407,1709436759.094492674,159880,1709436726.993382215
1039,1709436759.292883396,48.239274865,-83.864268976,1.691678585,-0.032231168,0.024983914,0.928938164,0.367982124,2378,1709436759.194174528,159880,1709436726.993382215
1040,1709436759.391768456,48.204086304,-83.830147690,1.691727539,-0.032046443,0.026717610,0.924853397,0.378028291,2422,1709436759.292883396,159880,1709436726.993382215
1041,1709436759.490299940,48.171966256,-83.809443153,1.693530666,-0.035977213,0.022341853,0.920751442,0.387844380,2427,1709436759.391768456,159880,1709436726.993382215
1042,1709436759.594496012,48.135404463,-83.781076049,1.693150452,-0.037777182,0.020684502,0.915215218,0.400657136,2393,1709436759.490299940,159880,1709436726.993382215
1043,1709436759.693208933,48.100111002,-83.757361169,1.687197173,-0.038351547,0.024693150,0.908966034,0.414367176,2512,1709436759.594496012,159880,1709436726.993382215
1044,1709436759.791825533,48.079645682,-83.713842404,1.682118338,-0.037599157,0.021496628,0.900564120,0.432560360,2425,1709436759.693208933,159880,1709436726.993382215
1045,1709436759.894797802,48.073961878,-83.669304564,1.679263025,-0.036441891,0.022864578,0.891564712,0.450845388,2427,1709436759.791825533,159880,1709436726.993382215
1046,1709436759.994623423,48.057961338,-83.624250147,1.680019649,-0.036494657,0.018049856,0.883068862,0.467473773,2388,1709436759.894797802,159880,1709436726.993382215
1047,1709436760.094457626,48.044641856,-83.600237878,1.690007333,-0.035647001,0.012781845,0.874983954,0.482668620,2436,1709436759.994623423,159880,1709436726.993382215
1048,1709436760.194565535,48.039061295,-83.550923171,1.688240851,-0.035866522,0.013948648,0.866446070,0.497785331,2365,1709436760.094457626,159880,1709436726.993382215
1049,1709436760.293786049,48.046653330,-83.499862533,1.684393022,-0.033464022,0.009951720,0.856462469,0.515027341,2320,1709436760.194565535,159880,1709436726.993382215
1050,1709436760.394803047,48.045466492,-83.477678242,1.686098769,-0.032681434,0.007638557,0.845897543,0.532288383,2331,1709436760.293786049,159880,1709436726.993382215
1051,1709436760.493829966,48.026682447,-83.441267454,1.692041150,-0.031535547,0.004972883,0.835548445,0.548488447,2357,1709436760.394803047,159880,1709436726.993382215
1052,1709436760.592496157,48.027543645,-83.384385667,1.691870633,-0.031166900,0.005877315,0.825379911,0.563686157,2270,1709436760.493829966,159880,1709436726.993382215
1053,1709436760.691359758,48.001576741,-83.355471742,1.692977185,-0.033468528,0.007700015,0.815558963,0.577654002,2207,1709436760.592496157,159880,1709436726.993382215
1054,1709436760.794967890,48.002967937,-83.326391094,1.695165038,-0.031128393,0.012856652,0.804723884,0.592693176,2213,1709436760.691359758,159880,1709436726.993382215
1055,1709436760.894390106,47.997660993,-83.290761233,1.686958903,-0.025307555,0.010359028,0.792771675,0.608904992,2281,1709436760.794967890,159880,1709436726.993382215
1056,1709436760.993001699,47.982320150,-83.258175719,1.684484377,-0.022553995,0.012918073,0.781088610,0.623879014,2290,1709436760.894390106,159880,1709436726.993382215
1057,1709436761.091659307,47.983394672,-83.223740511,1.679876938,-0.017869278,0.011922672,0.765721248,0.642813743,2230,1709436760.993001699,159880,1709436726.993382215
1058,1709436761.195102930,47.983729283,-83.192224575,1.682345977,-0.023199567,0.012775974,0.751614885,0.659070268,2182,1709436761.091659307,159880,1709436726.993382215
1059,1709436761.294922590,47.993485125,-83.145755172,1.687968037,-0.023887085,0.012497006,0.738322645,0.673908677,2274,1709436761.195102930,159880,1709436726.993382215
1060,1709436761.394769669,48.020154647,-83.098318693,1.687286362,-0.024137403,0.014165274,0.725074005,0.688102040,2330,1709436761.294922590,159880,1709436726.993382215
1061,1709436761.494613886,48.031850624,-83.049751546,1.683309937,-0.025061213,0.014642148,0.712248410,0.701327132,2292,1709436761.394769669,159880,1709436726.993382215
1062,1709436761.594456911,48.029588088,-83.007415707,1.683773382,-0.023359846,0.014592168,0.701066190,0.712564091,2263,1709436761.494613886,159880,1709436726.993382215
1063,1709436761.694889784,48.042246196,-82.961462213,1.678107093,-0.020995845,0.020180291,0.689189333,0.723995852,2232,1709436761.594456911,159880,1709436726.993382215
1064,1709436761.793576479,48.051275952,-82.931503389,1.674524364,-0.018780400,0.022045994,0.675382579,0.736898665,2312,1709436761.694889784,159880,1709436726.993382215
1065,1709436761.892239094,48.070139222,-82.889863466,1.675042493,-0.017995974,0.019255404,0.661157028,0.749784474,2292,1709436761.793576479,159880,1709436726.993382215
1066,1709436761.991101742,48.101403642,-82.840418756,1.668688941,-0.020135100,0.021950364,0.649102564,0.760117504,2280,1709436761.892239094,159880,1709436726.993382215
1067,1709436762.094470024,48.137748647,-82.791511449,1.662169076,-0.015537178,0.027046456,0.633373337,0.773217499,2340,1709436761.991101742,159880,1709436726.993382215
1068,1709436762.193994761,48.155194043,-82.730098808,1.654211080,-0.015113407,0.028217430,0.619255135,0.784537086,2333,1709436762.094470024,159880,1709436726.993382215
1069,1709436762.292645693,48.171120687,-82.693707089,1.660928953,-0.011422520,0.026111488,0.603648341,0.796741110,2450,1709436762.193994761,159880,1709436726.993382215
1070,1709436762.391312122,48.191722657,-82.648667211,1.660975783,-0.014259196,0.022389053,0.593246618,0.804583032,2408,1709436762.292645693,159880,1709436726.993382215
1071,1709436762.494647503,48.227342257,-82.587621903,1.667708742,-0.014662233,0.019779020,0.580677088,0.813761592,2371,1709436762.391312122,159880,1709436726.993382215
1072,1709436762.594480276,48.273377991,-82.532294822,1.662808282,-0.014819896,0.020047837,0.570216951,0.821115755,2407,1709436762.494647503,159880,1709436726.993382215
1073,1709436762.695133924,48.322184308,-82.457034114,1.663494117,-0.015508051,0.023052306,0.567028994,0.823229137,2408,1709436762.594480276,159880,1709436726.993382215
1074,1709436762.794976711,48.356349932,-82.366217805,1.656414381,-0.018190715,0.029285975,0.568009705,0.822299462,2377,1709436762.695133924,159880,1709436726.993382215
1075,1709436762.894829273,48.400707939,-82.260482721,1.656296072,-0.018253374,0.030345517,0.567894923,0.822338933,2410,1709436762.794976711,159880,1709436726.993382215
1076,1709436762.994614601,48.464111201,-82.163314002,1.657740622,-0.012418260,0.029635794,0.569524995,0.821345717,2421,1709436762.894829273,159880,1709436726.993382215
1077,1709436763.093351603,48.538437743,-82.059191547,1.650316951,-0.003757678,0.038316688,0.574739509,0.817430247,2436,1709436762.994614601,159880,1709436726.993382215
1078,1709436763.192117691,48.578395686,-81.931693167,1.644999911,-0.002124048,0.033444033,0.573980088,0.818183258,2338,1709436763.093351603,159880,1709436726.993382215
1079,1709436763.290980101,48.604190843,-81.803081118,1.640128841,-0.008624605,0.020732774,0.573346035,0.819005551,2340,1709436763.192117691,159880,1709436726.993382215
1080,1709436763.394798517,48.630851581,-81.679726384,1.654044572,-0.017647276,0.014472995,0.575358808,0.817582625,2312,1709436763.290980101,159880,1709436726.993382215
1081,1709436763.493703842,48.683936882,-81.571177703,1.651136564,-0.016126917,0.018113001,0.576001386,0.817088885,2411,1709436763.394798517,159880,1709436726.993382215
1082,1709436763.592364550,48.710632003,-81.459722885,1.655517207,-0.023850312,0.013503820,0.574396132,0.818118508,2416,1709436763.493703842,159880,1709436726.993382215
1083,1709436763.695095778,48.736072642,-81.338319216,1.653834621,-0.024077503,0.017492777,0.573782883,0.818466542,2376,1709436763.592364550,159880,1709436726.993382215
1084,1709436763.794949532,48.769297530,-81.230590535,1.649422966,-0.029085611,0.018813796,0.573195515,0.818686124,2375,1709436763.695095778,159880,1709436726.993382215
1085,1709436763.894274473,48.819465987,-81.118984532,1.649799055,-0.030530331,0.019216310,0.572857867,0.818860486,2480,1709436763.794949532,159880,1709436726.993382215
1086,1709436763.994615316,48.868398864,-81.027428916,1.650198796,-0.026824816,0.016538492,0.571254532,0.820167768,2444,1709436763.894274473,159880,1709436726.993382215
1087,1709436764.094459295,48.905448802,-80.906464111,1.651787955,-0.028242278,0.013767654,0.572985346,0.818963136,2350,1709436763.994615316,159880,1709436726.993382215
1088,1709436764.195106745,48.954688231,-80.788836678,1.638573570,-0.021167350,0.019115926,0.572421042,0.819463651,2441,1709436764.094459295,159880,1709436726.993382215
1089,1709436764.294743776,48.991071206,-80.672889321,1.636326569,-0.021793562,0.015189738,0.573287515,0.818923523,2424,1709436764.195106745,159880,1709436726.993382215
1090,1709436764.393264294,49.021014394,-80.553315561,1.635032248,-0.021444780,0.020840642,0.576758638,0.816367112,2390,1709436764.294743776,159880,1709436726.993382215
1091,1709436764.492088079,49.027353054,-80.437610638,1.646397425,-0.023942509,0.016001930,0.579725347,0.814302902,2374,1709436764.393264294,159880,1709436726.993382215
1092,1709436764.591180325,49.053502056,-80.319968925,1.649276994,-0.031903640,0.021518485,0.581009795,0.812986304,2402,1709436764.492088079,159880,1709436726.993382215
1093,1709436764.694707870,49.103848035,-80.214173831,1.647847789,-0.021973266,0.018623797,0.581359428,0.813136855,2423,1709436764.591180325,159880,1709436726.993382215
1094,1709436764.793227673,49.158048083,-80.099539408,1.623603939,-0.023315744,0.031199061,0.583106484,0.811461535,2427,1709436764.694707870,159880,1709436726.993382215
1095,1709436764.891868830,49.220711333,-79.978909101,1.609346332,-0.024520688,0.034957603,0.579139855,0.814109164,2400,1709436764.793227673,159880,1709436726.993382215
1096,1709436764.990546465,49.256087338,-79.849565452,1.600799822,-0.026525494,0.035732735,0.578092444,0.814756833,2349,1709436764.891868830,159880,1709436726.993382215
1097,1709436765.094496965,49.298208679,-79.729576181,1.602750109,-0.032794790,0.035400121,0.577231354,0.815153542,2347,1709436764.990546465,159880,1709436726.993382215
1098,1709436765.193663836,49.343821749,-79.621409544,1.619345387,-0.032725826,0.024995949,0.575629320,0.816673196,2427,1709436765.094496965,159880,1709436726.993382215
1099,1709436765.294991016,49.394825772,-79.510200066,1.618829628,-0.028419385,0.018236863,0.579949442,0.813952333,2366,1709436765.193663836,159880,1709436726.993382215
1100,1709436765.394832611,49.440471567,-79.402640005,1.603335616,-0.014247788,0.024461191,0.579392624,0.814556835,2377,1709436765.294991016,159880,1709436726.993382215
1101,1709436765.494667053,49.501003085,-79.294023682,1.595968536,-0.011797221,0.034943867,0.579128295,0.814401725,2399,1709436765.394832611,159880,1709436726.993382215
1102,1709436765.594287157,49.535618454,-79.190288674,1.606030781,-0.012087192,0.024692511,0.580495824,0.813798979,2338,1709436765.494667053,159880,1709436726.993382215
1103,1709436765.693277359,49.593947692,-79.083460367,1.592523944,-0.014519753,0.028938034,0.581496701,0.812904271,2299,1709436765.594287157,159880,1709436726.993382215
1104,1709436765.792214155,49.647622007,-78.964323263,1.587148129,-0.013684941,0.029776029,0.581018649,0.813230250,2310,1709436765.693277359,159880,1709436726.993382215
1105,1709436765.891136408,49.677969247,-78.874946352,1.588596599,-0.005966362,0.023697253,0.584245335,0.811209117,2317,1709436765.792214155,159880,1709436726.993382215
1106,1709436765.994325399,49.713341388,-78.747620328,1.582787862,-0.016583465,0.022827834,0.587947315,0.808406973,2324,1709436765.891136408,159880,1709436726.993382215
1107,1709436766.093035936,49.756144802,-78.629540148,1.595260584,-0.013947801,0.023420727,0.595426710,0.802947048,2353,1709436765.994325399,159880,1709436726.993382215
1108,1709436766.191816330,49.789830382,-78.522086912,1.590206175,-0.001739326,0.016304527,0.612115047,0.790598701,2332,1709436766.093035936,159880,1709436726.993382215
1109,1709436766.290462255,49.814875555,-78.410566763,1.577804668,-0.002190285,0.024333517,0.621260538,0.783223101,2267,1709436766.191816330,159880,1709436726.993382215
1110,1709436766.394429445,49.830573040,-78.270297282,1.585780302,-0.007051342,0.023558531,0.631051906,0.775350738,2175,1709436766.290462255,159880,1709436726.993382215
1111,1709436766.492943048,49.821950474,-78.152838394,1.588955748,-0.000730698,0.007186325,0.635655347,0.771939183,2292,1709436766.394429445,159880,1709436726.993382215
1112,1709436766.591724157,49.825606326,-78.018955947,1.595264372,-0.012824465,0.017136014,0.636162184,0.771258430,2183,1709436766.492943048,159880,1709436726.993382215
1113,1709436766.694736242,49.842575204,-77.885368027,1.605533944,-0.012866782,0.010775471,0.639994057,0.768196551,2207,1709436766.591724157,159880,1709436726.993382215
1114,1709436766.794573069,49.877469901,-77.746163651,1.598060211,-0.011901430,0.014880818,0.648512479,0.760965493,2298,1709436766.694736242,159880,1709436726.993382215
1115,1709436766.894460201,49.888649714,-77.592499070,1.605586196,-0.017728469,0.012914026,0.659477671,0.751404106,2298,1709436766.794573069,159880,1709436726.993382215
1116,1709436766.993256569,49.900565668,-77.440481549,1.599608752,-0.017513762,0.023288716,0.670972628,0.740909330,2270,1709436766.894460201,159880,1709436726.993382215
1117,1709436767.092243910,49.890008165,-77.305952669,1.596852638,-0.019652352,0.023271835,0.681391354,0.731285190,2253,1709436766.993256569,159880,1709436726.993382215
1118,1709436767.195133686,49.886357773,-77.143683005,1.595310380,-0.029386202,0.024361257,0.691306318,0.721552878,2275,1709436767.092243910,159880,1709436726.993382215
1119,1709436767.293990135,49.902547751,-77.003274071,1.591682445,-0.035326242,0.022303882,0.698973591,0.713926125,2332,1709436767.195133686,159880,1709436726.993382215
1120,1709436767.392676592,49.902556502,-76.877890239,1.592942674,-0.029938466,0.025000144,0.704321465,0.708808828,2246,1709436767.293990135,159880,1709436726.993382215
1121,1709436767.491406441,49.891737399,-76.752506123,1.594023591,-0.023853247,0.021925121,0.708467124,0.704999749,2282,1709436767.392676592,159880,1709436726.993382215
1122,1709436767.594460964,49.873977678,-76.635625594,1.600198028,-0.022797515,0.013338718,0.712729088,0.700941937,2289,1709436767.491406441,159880,1709436726.993382215
1123,1709436767.693937302,49.861401672,-76.515374596,1.601561537,-0.013629138,-0.002650689,0.720692282,0.693116048,2226,1709436767.594460964,159880,1709436726.993382215
1124,1709436767.792608023,49.859245859,-76.410926342,1.601105726,-0.006947022,0.005797854,0.730213196,0.683159434,2121,1709436767.693937302,159880,1709436726.993382215
1125,1709436767.891250134,49.861553191,-76.286088628,1.591622091,-0.002648435,0.017138993,0.736839351,0.675845405,2055,1709436767.792608023,159880,1709436726.993382215
1126,1709436767.994613647,49.839836147,-76.150234781,1.599468563,-0.004433567,0.016884919,0.743461367,0.668550999,2116,1709436767.891250134,159880,1709436726.993382215
1127,1709436768.094463825,49.820161297,-76.017398607,1.599635464,-0.012368681,0.015438404,0.750446997,0.660634526,2131,1709436767.994613647,159880,1709436726.993382215
1128,1709436768.194316626,49.792744249,-75.878447271,1.597717493,-0.018844768,0.008950631,0.756634248,0.653505452,2223,1709436768.094463825,159880,1709436726.993382215
1129,1709436768.293396235,49.757743628,-75.732455734,1.599173183,-0.017878953,0.017053449,0.763681269,0.645120486,2198,1709436768.194316626,159880,1709436726.993382215
1130,1709436768.392452478,49.745624424,-75.600463414,1.600210211,-0.016273637,0.024497248,0.768492725,0.639182278,2226,1709436768.293396235,159880,1709436726.993382215
1131,1709436768.494635105,49.723122880,-75.461227638,1.594141172,-0.018012900,0.028949376,0.770822081,0.636137398,2222,1709436768.392452478,159880,1709436726.993382215
1132,1709436768.593720913,49.674195643,-75.335880846,1.591829869,-0.015478674,0.028219399,0.775976973,0.629939532,2248,1709436768.494635105,159880,1709436726.993382215
1133,1709436768.692510843,49.664237307,-75.200673032,1.591328993,-0.013731069,0.033989211,0.782488179,0.621585426,2231,1709436768.593720913,159880,1709436726.993382215
1134,1709436768.791167974,49.623694729,-75.048202222,1.583453989,-0.016216197,0.039992878,0.790583676,0.610831446,2179,1709436768.692510843,159880,1709436726.993382215
1135,1709436768.894790173,49.571922556,-74.934982345,1.587006815,-0.012039998,0.031249215,0.801191229,0.597470619,2272,1709436768.791167974,159880,1709436726.993382215
1136,1709436768.993776798,49.517201418,-74.839406461,1.590762038,-0.014303329,0.024307076,0.811061959,0.584279967,2266,1709436768.894790173,159880,1709436726.993382215
1137,1709436769.092370033,49.477294778,-74.716338291,1.591299868,-0.016503141,0.023177730,0.814112890,0.580009174,2169,1709436768.993776798,159880,1709436726.993382215
1138,1709436769.195090532,49.451660272,-74.589511788,1.580330901,-0.011216569,0.028903538,0.818499235,0.573670443,2225,1709436769.092370033,159880,1709436726.993382215
1139,1709436769.294962406,49.417450132,-74.449417210,1.581177587,-0.016095539,0.029743303,0.821641039,0.569001118,2149,1709436769.195090532,159880,1709436726.993382215
1140,1709436769.394804478,49.356680958,-74.319173600,1.576646510,-0.020366586,0.031458703,0.825025241,0.563851846,2206,1709436769.294962406,159880,1709436726.993382215
1141,1709436769.494430780,49.322693471,-74.184981764,1.575295905,-0.019441728,0.035494635,0.829148637,0.557561375,2226,1709436769.394804478,159880,1709436726.993382215
1142,1709436769.593466997,49.266206978,-74.056887971,1.560160004,-0.016860750,0.038408487,0.832266561,0.552786464,2215,1709436769.494430780,159880,1709436726.993382215
1143,1709436769.695078850,49.226967778,-73.941111263,1.572203391,-0.024634205,0.038926951,0.829661140,0.556363408,2161,1709436769.593466997,159880,1709436726.993382215
1144,1709436769.794767141,49.166825228,-73.810019357,1.576405072,-0.024316015,0.033931530,0.832056975,0.553117143,2133,1709436769.695078850,159880,1709436726.993382215
1145,1709436769.893465519,49.089208966,-73.695928280,1.570223347,-0.023568586,0.036775983,0.834018011,0.550005460,2255,1709436769.794767141,159880,1709436726.993382215
1146,1709436769.992258310,49.027339063,-73.587317789,1.556020365,-0.016093555,0.034178422,0.835665533,0.547937907,2181,1709436769.893465519,159880,1709436726.993382215
1147,1709436770.090995550,49.002857561,-73.457998207,1.552090649,-0.016889175,0.037518318,0.836059415,0.547093946,2115,1709436769.992258310,159880,1709436726.993382215
1148,1709436770.194836378,48.930923308,-73.346155567,1.542761046,-0.013833136,0.035844573,0.836309860,0.546909160,2160,1709436770.090995550,159880,1709436726.993382215
1149,1709436770.293450594,48.882543613,-73.255019673,1.548588516,-0.016472709,0.030935361,0.836178950,0.547335744,2148,1709436770.194836378,159880,1709436726.993382215
1150,1709436770.392093658,48.850459856,-73.142466154,1.555902567,-0.017409678,0.025764652,0.837064570,0.546219728,2136,1709436770.293450594,159880,1709436726.993382215
1151,1709436770.490728140,48.807126946,-73.042024801,1.546497239,-0.014113479,0.028336927,0.837352320,0.545746206,2053,1709436770.392093658,159880,1709436726.993382215
1152,1709436770.594429255,48.759991464,-72.907591181,1.537936678,-0.016562934,0.032892279,0.837556514,0.545108112,2081,1709436770.490728140,159880,1709436726.993382215
1153,1709436770.695057154,48.714689509,-72.793245336,1.545834629,-0.006136828,0.027432932,0.837041644,0.546416562,2042,1709436770.594429255,159880,1709436726.993382215
1154,1709436770.794503689,48.689749044,-72.659883805,1.550244067,-0.015309648,0.026649487,0.836302342,0.547406441,2099,1709436770.695057154,159880,1709436726.993382215
1155,1709436770.893581867,48.634723236,-72.536205560,1.549644107,-0.010759155,0.028553125,0.838399318,0.544201749,2033,1709436770.794503689,159880,1709436726.993382215
1156,1709436770.992618561,48.599805353,-72.408051716,1.547540109,-0.006892855,0.035093797,0.837320870,0.545540718,2013,1709436770.893581867,159880,1709436726.993382215
1157,1709436771.094616175,48.543656902,-72.285447174,1.544376900,-0.009982870,0.033772007,0.833852740,0.550862416,2053,1709436770.992618561,159880,1709436726.993382215
1158,1709436771.193352699,48.497454000,-72.173218312,1.541020475,-0.012013684,0.029609108,0.828927134,0.558443174,2067,1709436771.094616175,159880,1709436726.993382215
1159,1709436771.292201281,48.452773607,-72.076792918,1.549549649,-0.009451190,0.031344893,0.823933038,0.565740684,2042,1709436771.193352699,159880,1709436726.993382215
1160,1709436771.395112038,48.406787542,-71.975255556,1.541355799,-0.005426928,0.029239698,0.818968237,0.573067723,2089,1709436771.292201281,159880,1709436726.993382215
1161,1709436771.494421721,48.369425668,-71.865356514,1.537030967,-0.006347115,0.029907065,0.810909394,0.584372514,2106,1709436771.395112038,159880,1709436726.993382215
1162,1709436771.593086958,48.352960118,-71.759356235,1.541361253,-0.012189396,0.026506190,0.803266083,0.594905405,2141,1709436771.494421721,159880,1709436726.993382215
1163,1709436771.691781998,48.306738478,-71.634807123,1.542320230,-0.020286185,0.025400109,0.797276934,0.602737751,2091,1709436771.593086958,159880,1709436726.993382215
1164,1709436771.790370941,48.275266468,-71.511294003,1.542294337,-0.015666650,0.022900403,0.789859572,0.612659762,2172,1709436771.691781998,159880,1709436726.993382215
1165,1709436771.895087004,48.254483690,-71.377839816,1.538623280,-0.020726966,0.025852818,0.785028405,0.618572897,2149,1709436771.790370941,159880,1709436726.993382215
1166,1709436771.994924307,48.233386491,-71.256587501,1.540479539,-0.010789576,0.017816688,0.780262417,0.625105361,2241,1709436771.895087004,159880,1709436726.993382215
1167,1709436772.094757080,48.210390752,-71.123696782,1.542278971,-0.012734194,0.013927681,0.776487300,0.629850246,2214,1709436771.994924307,159880,1709436726.993382215
1168,1709436772.193975925,48.184209017,-71.005179886,1.538244589,-0.018036725,0.010401256,0.777275776,0.628815440,2185,1709436772.094757080,159880,1709436726.993382215
1169,1709436772.294439554,48.143917406,-70.885454771,1.537571521,-0.012071945,0.010505415,0.775758969,0.630826384,2055,1709436772.193975925,159880,1709436726.993382215
1170,1709436772.394499063,48.145764834,-70.747695420,1.534719174,-0.014463912,0.020882104,0.776458346,0.629656391,2031,1709436772.294439554,159880,1709436726.993382215
1171,1709436772.493235111,48.123090663,-70.621784365,1.532780516,-0.015349233,0.022535207,0.775331100,0.630966125,2143,1709436772.394499063,159880,1709436726.993382215
1172,1709436772.592047215,48.072808027,-70.502024997,1.534043710,-0.016493444,0.022469282,0.780472747,0.624568162,2209,1709436772.493235111,159880,1709436726.993382215
1173,1709436772.694628716,48.030576145,-70.364615210,1.542211589,-0.019727097,0.019002469,0.788526435,0.614390600,2205,1709436772.592047215,159880,1709436726.993382215
1174,1709436772.794134140,47.993377737,-70.234523120,1.539076852,-0.013815367,0.023230886,0.793746631,0.607647716,2223,1709436772.694628716,159880,1709436726.993382215
1175,1709436772.892771482,47.977337917,-70.099770965,1.531338257,-0.014533141,0.026782560,0.794325879,0.606727188,2296,1709436772.794134140,159880,1709436726.993382215
1176,1709436772.991441965,47.945019635,-69.960419113,1.521298109,-0.015988993,0.025839094,0.793906756,0.607279801,2223,1709436772.892771482,159880,1709436726.993382215
1177,1709436773.090076447,47.913040073,-69.836124610,1.523307296,-0.018166293,0.024041517,0.795266654,0.605510479,2178,1709436772.991441965,159880,1709436726.993382215
1178,1709436773.194610596,47.901614727,-69.685248373,1.514369544,-0.025684739,0.030466917,0.795079427,0.605194817,2188,1709436773.090076447,159880,1709436726.993382215
1179,1709436773.294449568,47.873424216,-69.564119493,1.518276384,-0.021419447,0.022509231,0.794983552,0.605834708,2207,1709436773.194610596,159880,1709436726.993382215
1180,1709436773.395101070,47.834306034,-69.438747920,1.522445235,-0.022968274,0.020582204,0.795754838,0.604833092,2243,1709436773.294449568,159880,1709436726.993382215
1181,1709436773.494859219,47.802535203,-69.308301342,1.523879670,-0.018191326,0.022929897,0.798620317,0.601123020,2216,1709436773.395101070,159880,1709436726.993382215
1182,1709436773.594767332,47.771765040,-69.165058008,1.516565671,-0.012958692,0.027223045,0.802963395,0.595265289,2116,1709436773.494859219,159880,1709436726.993382215
1183,1709436773.694322586,47.721991971,-69.036642347,1.516791602,-0.020343202,0.021057339,0.806184801,0.590938921,2233,1709436773.594767332,159880,1709436726.993382215
1184,1709436773.793191910,47.670127482,-68.914735377,1.514641019,-0.025648754,0.022137958,0.808608540,0.587370651,2259,1709436773.694322586,159880,1709436726.993382215
1185,1709436773.892007589,47.640035903,-68.798863469,1.508198093,-0.027092945,0.028918249,0.811013580,0.583683715,2267,1709436773.793191910,159880,1709436726.993382215
1186,1709436773.994956493,47.608218431,-68.664120390,1.506253199,-0.021168713,0.027833782,0.815242868,0.578062481,2245,1709436773.892007589,159880,1709436726.993382215
1187,1709436774.093989372,47.562177736,-68.549240999,1.501335847,-0.018655206,0.024688702,0.819630727,0.572055874,2305,1709436773.994956493,159880,1709436726.993382215
1188,1709436774.192461014,47.520219143,-68.415331141,1.494771867,-0.019647316,0.024723971,0.825491035,0.563531063,2223,1709436774.093989372,159880,1709436726.993382215
1189,1709436774.291099310,47.460345376,-68.296120280,1.492339682,-0.015363494,0.021703824,0.831177092,0.555371541,2158,1709436774.192461014,159880,1709436726.993382215
1190,1709436774.395131111,47.395630744,-68.172318322,1.490974150,-0.016894493,0.024527273,0.835100267,0.549290937,2122,1709436774.291099310,159880,1709436726.993382215
1191,1709436774.494979620,47.345537292,-68.035453491,1.482961890,-0.019449743,0.030192108,0.838584808,0.543585931,2130,1709436774.395131111,159880,1709436726.993382215
1192,1709436774.594824553,47.294952110,-67.906077586,1.477318003,-0.016505608,0.025520462,0.841427964,0.539513904,2200,1709436774.494979620,159880,1709436726.993382215
1193,1709436774.694658518,47.206052399,-67.782898053,1.467843644,-0.027141643,0.018096088,0.840715940,0.540492896,2134,1709436774.594824553,159880,1709436726.993382215
1194,1709436774.794501543,47.140845733,-67.658129335,1.473502916,-0.028550850,0.021151040,0.841183271,0.539581493,2120,1709436774.694658518,159880,1709436726.993382215
1195,1709436774.895126343,47.099291711,-67.511631359,1.473205021,-0.029440058,0.033889828,0.842327206,0.537093699,2249,1709436774.794501543,159880,1709436726.993382215
1196,1709436774.993991613,47.065121039,-67.377936095,1.463685695,-0.027047738,0.044575206,0.839813620,0.540365205,2292,1709436774.895126343,159880,1709436726.993382215
1197,1709436775.092978954,46.993047957,-67.269908620,1.460506243,-0.030400391,0.038775899,0.840455077,0.539636460,2222,1709436774.993991613,159880,1709436726.993382215
1198,1709436775.191982031,46.924242131,-67.159279092,1.465307338,-0.029925756,0.030496590,0.841973500,0.537824351,2261,1709436775.092978954,159880,1709436726.993382215
1199,1709436775.294483423,46.871618387,-67.042887310,1.450056190,-0.024192178,0.025092426,0.842699513,0.537254725,2268,1709436775.191982031,159880,1709436726.993382215
1200,1709436775.393523693,46.808954560,-66.913338519,1.431972540,-0.022583110,0.031320726,0.842264158,0.537680299,2200,1709436775.294483423,159880,1709436726.993382215
1201,1709436775.492179155,46.746599671,-66.806036347,1.432305479,-0.020151961,0.027283116,0.843468032,0.536107461,2195,1709436775.393523693,159880,1709436726.993382215
1202,1709436775.590939522,46.676990374,-66.700033606,1.430781307,-0.021648290,0.018822267,0.841891605,0.538883661,2214,1709436775.492179155,159880,1709436726.993382215
1203,1709436775.694659710,46.640049964,-66.565772812,1.417944433,-0.022658535,0.018633746,0.843795350,0.535862652,2179,1709436775.590939522,159880,1709436726.993382215
1204,1709436775.794421196,46.591820319,-66.424477776,1.406091417,-0.023156055,0.023909994,0.843917782,0.535438966,2206,1709436775.694659710,159880,1709436726.993382215
1205,1709436775.892851591,46.516708548,-66.304361007,1.403431696,-0.026322501,0.023649331,0.844658617,0.534134492,2247,1709436775.794421196,159880,1709436726.993382215
1206,1709436775.994595051,46.455352958,-66.183128454,1.414940078,-0.029417623,0.013446761,0.843679745,0.535871511,2192,1709436775.892851591,159880,1709436726.993382215
1207,1709436776.094439745,46.409611584,-66.069490671,1.422171450,-0.025257710,0.002131246,0.843753870,0.536131433,2293,1709436775.994595051,159880,1709436726.993382215
1208,1709436776.195098877,46.346671595,-65.954029646,1.417869059,-0.023666380,-0.002793513,0.843687017,0.536306177,2304,1709436776.094439745,159880,1709436726.993382215
1209,1709436776.294431686,46.274283801,-65.852163596,1.420899175,-0.028705946,-0.005540430,0.841510024,0.539449861,2239,1709436776.195098877,159880,1709436726.993382215
1210,1709436776.393427610,46.206855002,-65.740947238,1.419658922,-0.031732158,-0.004252205,0.841816522,0.538813448,2165,1709436776.294431686,159880,1709436726.993382215
1211,1709436776.492369413,46.145093174,-65.625528196,1.409996695,-0.033367671,0.006217469,0.843260473,0.536432397,2214,1709436776.393427610,159880,1709436726.993382215
1212,1709436776.594449520,46.105623670,-65.516496196,1.407348958,-0.026755757,0.009519205,0.844355753,0.535029790,2237,1709436776.492369413,159880,1709436726.993382215
1213,1709436776.693193436,46.039033585,-65.408028981,1.410844516,-0.030205278,0.005195071,0.841909839,0.538747135,2280,1709436776.594449520,159880,1709436726.993382215
1214,1709436776.791879654,45.990968764,-65.296151253,1.409486754,-0.033859123,0.000850980,0.842774843,0.537199590,2192,1709436776.693193436,159880,1709436726.993382215
1215,1709436776.890578508,45.928607981,-65.186948635,1.405056046,-0.033315855,0.001348831,0.843344902,0.536337218,2261,1709436776.791879654,159880,1709436726.993382215
1216,1709436776.994616508,45.849672827,-65.073154346,1.406608554,-0.038891954,-0.000821657,0.841973071,0.538115311,2259,1709436776.890578508,159880,1709436726.993382215
1217,1709436777.093893290,45.802428791,-64.939561262,1.404273365,-0.043227447,-0.003483152,0.843272291,0.535734168,2321,1709436776.994616508,159880,1709436726.993382215
1218,1709436777.192459106,45.742026691,-64.816640037,1.402832824,-0.041128575,-0.002398008,0.842865171,0.536545426,2333,1709436777.093893290,159880,1709436726.993382215
1219,1709436777.294923306,45.692568176,-64.682433291,1.400680753,-0.040504030,-0.003475931,0.841306298,0.539027878,2309,1709436777.192459106,159880,1709436726.993382215
1220,1709436777.394756556,45.641937575,-64.556325637,1.398614258,-0.041278628,-0.010347517,0.841013958,0.539337117,2366,1709436777.294923306,159880,1709436726.993382215
1221,1709436777.494600296,45.588852343,-64.422307390,1.380703934,-0.047973830,-0.004264949,0.840845128,0.539128735,2371,1709436777.394756556,159880,1709436726.993382215
1222,1709436777.594390392,45.546330531,-64.303809332,1.382049454,-0.040886851,-0.000657147,0.839510136,0.541803069,2372,1709436777.494600296,159880,1709436726.993382215
1223,1709436777.693426371,45.528286846,-64.158125480,1.370923830,-0.035791897,0.007002566,0.839746011,0.541753210,2421,1709436777.594390392,159880,1709436726.993382215
1224,1709436777.794930696,45.496680318,-64.025701434,1.366100538,-0.033081870,0.010060957,0.836976218,0.546145748,2328,1709436777.693426371,159880,1709436726.993382215
1225,1709436777.894240856,45.462724412,-63.889697222,1.351767653,-0.027523547,0.004154973,0.836840824,0.546738170,2332,1709436777.794930696,159880,1709436726.993382215
1226,1709436777.992905617,45.417465832,-63.767768317,1.345067214,-0.030066216,0.011493547,0.837200415,0.545948154,2269,1709436777.894240856,159880,1709436726.993382215
1227,1709436778.091632366,45.385227637,-63.643070968,1.352846623,-0.023736932,0.018602156,0.835469001,0.548709455,2243,1709436777.992905617,159880,1709436726.993382215
1228,1709436778.195080996,45.342020933,-63.499494091,1.341928935,-0.036372497,0.026904829,0.833023587,0.551384508,2290,1709436778.091632366,159880,1709436726.993382215
1229,1709436778.294908524,45.285000590,-63.388349899,1.356006330,-0.022301213,0.022916506,0.831408780,0.554740418,2290,1709436778.195080996,159880,1709436726.993382215
1230,1709436778.393512249,45.239717444,-63.265649605,1.348903844,-0.023238296,0.018905003,0.829019644,0.558416522,2352,1709436778.294908524,159880,1709436726.993382215
1231,1709436778.492122889,45.190050168,-63.139687426,1.345154420,-0.018515199,0.017707707,0.828974059,0.558699949,2250,1709436778.393512249,159880,1709436726.993382215
1232,1709436778.594422817,45.157229511,-63.039396004,1.336835547,-0.001784533,0.018251895,0.829689204,0.557924285,2258,1709436778.492122889,159880,1709436726.993382215
1233,1709436778.695015907,45.126798436,-62.912002632,1.314720470,-0.000927085,0.035409147,0.828660859,0.558629137,2232,1709436778.594422817,159880,1709436726.993382215
1234,1709436778.794887781,45.089979621,-62.799187424,1.309058971,0.005758139,0.036401102,0.829848182,0.556770867,2213,1709436778.695015907,159880,1709436726.993382215
1235,1709436778.894289732,45.045557482,-62.688550192,1.309658672,-0.000940252,0.031504377,0.827158459,0.561084195,2295,1709436778.794887781,159880,1709436726.993382215
1236,1709436778.993412495,45.006178242,-62.560900603,1.320082550,0.000704084,0.026587104,0.827966052,0.560147165,2189,1709436778.894289732,159880,1709436726.993382215
1237,1709436779.094810009,44.955757601,-62.439030777,1.316984844,-0.000411107,0.022769845,0.827667672,0.560756266,2141,1709436778.993412495,159880,1709436726.993382215
1238,1709436779.193854570,44.886078829,-62.288660607,1.319115315,-0.012604739,0.023163024,0.827511370,0.560829321,2159,1709436779.094810009,159880,1709436726.993382215
1239,1709436779.292623043,44.819675212,-62.150040458,1.325375038,-0.016609302,0.023885312,0.828521841,0.559200484,2190,1709436779.193854570,159880,1709436726.993382215
1240,1709436779.391445398,44.769073901,-62.003631707,1.322773900,-0.022527860,0.035855176,0.830013774,0.556133110,2241,1709436779.292623043,159880,1709436726.993382215
1241,1709436779.494953871,44.718553610,-61.856857794,1.316131961,-0.020140200,0.038199840,0.830137156,0.555884383,2223,1709436779.391445398,159880,1709436726.993382215
1242,1709436779.594482660,44.650012388,-61.752206721,1.315869927,-0.025611317,0.028784353,0.829581460,0.557054865,2296,1709436779.494953871,159880,1709436726.993382215
1243,1709436779.693172932,44.606168574,-61.633838095,1.323380655,-0.015731123,0.014698305,0.831475172,0.555144602,2292,1709436779.594482660,159880,1709436726.993382215
1244,1709436779.791792631,44.556585583,-61.523451035,1.327879917,-0.016609279,0.012206360,0.831483775,0.555166523,2271,1709436779.693172932,159880,1709436726.993382215
1245,1709436779.895114899,44.516670572,-61.394928820,1.321180003,-0.012289167,0.011337941,0.830617689,0.556592025,2253,1709436779.791792631,159880,1709436726.993382215
1246,1709436779.994954824,44.457269846,-61.278642762,1.322073050,-0.013600756,0.001141692,0.829238697,0.558727929,2245,1709436779.895114899,159880,1709436726.993382215
1247,1709436780.094810724,44.413123836,-61.147892864,1.322832911,-0.022010475,0.011774428,0.825528974,0.563807427,2202,1709436779.994954824,281113,1709436779.994954824
1248,1709436780.194628954,44.384876568,-61.023675639,1.321596689,-0.019073317,0.014955798,0.817881808,0.574875535,2221,1709436780.094810724,281113,1709436779.994954824
1249,1709436780.294477701,44.371767819,-60.900431623,1.321647955,-0.007875644,0.013330548,0.810124176,0.586053828,2311,1709436780.194628954,281113,1709436779.994954824
1250,1709436780.394908667,44.349838530,-60.773328482,1.320347253,-0.013184715,0.012237134,0.799240925,0.600741508,2199,1709436780.294477701,281113,1709436779.994954824
1251,1709436780.493827581,44.315999205,-60.647215028,1.321385614,-0.019225755,0.006626472,0.785312202,0.618765873,2264,1709436780.394908667,281113,1709436779.994954824
1252,1709436780.592593670,44.294937709,-60.514150686,1.321349581,-0.022460999,0.009426490,0.772012458,0.635140465,2212,1709436780.493827581,281113,1709436779.994954824
1253,1709436780.691176891,44.284741521,-60.392183199,1.319953620,-0.020092853,0.019755677,0.759141008,0.650316016,2303,1709436780.592593670,281113,1709436779.994954824
1254,1709436780.789954901,44.279718081,-60.280177687,1.322886455,-0.014348930,0.015177346,0.747260925,0.664202429,2296,1709436780.691176891,281113,1709436779.994954824
1255,1709436780.894264460,44.252763525,-60.146322703,1.325183714,-0.021811689,0.012988101,0.737451206,0.674923165,2258,1709436780.789954901,281113,1709436779.994954824
1256,1709436780.992811918,44.227125418,-60.017016762,1.326846392,-0.022513243,0.015531367,0.733541549,0.679094048,2399,1709436780.894264460,281113,1709436779.994954824
1257,1709436781.091470242,44.218991341,-59.887848239,1.330607614,-0.019950603,0.018600586,0.731681388,0.681100828,2342,1709436780.992811918,281113,1709436779.994954824
1258,1709436781.194659948,44.206596527,-59.726726178,1.323617519,-0.027653056,0.020628051,0.730638048,0.681892833,2317,1709436781.091470242,281113,1709436779.994954824
1259,1709436781.294491291,44.196831698,-59.587483655,1.312799255,-0.026369486,0.021529809,0.729848963,0.682760286,2406,1709436781.194659948,281113,1709436779.994954824
1260,1709436781.395134926,44.198205506,-59.436642109,1.309366617,-0.023117320,0.016818326,0.728876049,0.684048565,2372,1709436781.294491291,281113,1709436779.994954824
1261,1709436781.494964600,44.171411301,-59.300010341,1.309847736,-0.023264707,0.008991626,0.727761909,0.685376179,2325,1709436781.395134926,281113,1709436779.994954824
1262,1709436781.594806910,44.147699101,-59.183120770,1.313399094,-0.020358148,0.005739705,0.728807296,0.684392086,2253,1709436781.494964600,281113,1709436779.994954824
1263,1709436781.694589853,44.133949654,-59.042157769,1.308913127,-0.014531941,0.006055196,0.733053123,0.679989173,2276,1709436781.594806910,281113,1709436779.994954824
1264,1709436781.793405294,44.126651638,-58.908413328,1.305795551,-0.013122001,0.014536882,0.738289441,0.674199669,2264,1709436781.694589853,281113,1709436779.994954824
1265,1709436781.892201662,44.112579600,-58.778653998,1.303434117,-0.016480674,0.018486782,0.743173251,0.668640520,2185,1709436781.793405294,281113,1709436779.994954824
1266,1709436781.991032124,44.094259651,-58.659332292,1.297431008,-0.010502862,0.029174706,0.745923357,0.665309606,2245,1709436781.892201662,281113,1709436779.994954824
1267,1709436782.094819307,44.062663085,-58.519878213,1.295488851,-0.018163394,0.031940149,0.743539606,0.667681640,2212,1709436781.991032124,285667,1709436781.991032124
1268,1709436782.193752766,44.050319489,-58.358494798,1.289078472,-0.021398081,0.030784599,0.745203708,0.665782145,2359,1709436782.094819307,285667,1709436781.991032124
1269,1709436782.292326927,44.061605200,-58.192934420,1.279695718,-0.020539265,0.034821247,0.746649310,0.663988273,2356,1709436782.193752766,285667,1709436781.991032124
1270,1709436782.390994310,44.043223824,-58.054384489,1.279342087,-0.026314181,0.036582641,0.745863986,0.664572185,2385,1709436782.292326927,285667,1709436781.991032124
1271,1709436782.494951010,44.044358204,-57.880993514,1.275007109,-0.025167474,0.032072695,0.742555725,0.668542396,2315,1709436782.390994310,285667,1709436781.991032124
1272,1709436782.594788551,44.034776257,-57.747898060,1.270709091,-0.024251362,0.032123737,0.731311068,0.680855388,2418,1709436782.494951010,285667,1709436781.991032124
1273,1709436782.694623470,44.040479610,-57.621415397,1.269559164,-0.021689787,0.025498464,0.720198369,0.692960093,2359,1709436782.594788551,285667,1709436781.991032124
1274,1709436782.794476271,44.062602363,-57.487191485,1.262312349,-0.023796113,0.022503712,0.710202072,0.703235626,2281,1709436782.694623470,285667,1709436781.991032124
1275,1709436782.895108461,44.068641168,-57.324241708,1.253918833,-0.035631650,0.030917959,0.704089736,0.708542242,2299,1709436782.794476271,285667,1709436781.991032124
1276,1709436782.994764090,44.063960705,-57.189920695,1.239596909,-0.038532485,0.035665335,0.700757048,0.711465242,2426,1709436782.895108461,285667,1709436781.991032124
1277,1709436783.093694448,44.080009011,-57.041941949,1.238508172,-0.043407641,0.052494542,0.699687046,0.711194866,2414,1709436782.994764090,285667,1709436781.991032124
1278,1709436783.192490816,44.096427899,-56.917088928,1.219015924,-0.034097521,0.056815235,0.695684306,0.715285073,2252,1709436783.093694448,285667,1709436781.991032124
1279,1709436783.291464567,44.106164869,-56.805513998,1.233145149,-0.024410510,0.040039744,0.694699361,0.717769980,2303,1709436783.192490816,285667,1709436781.991032124
1280,1709436783.394909620,44.085351474,-56.685542422,1.229323336,-0.019129446,0.007586964,0.696198674,0.717554116,2318,1709436783.291464567,285667,1709436781.991032124
1281,1709436783.493598461,44.091142542,-56.543107903,1.218504563,-0.009833429,-0.001276496,0.706320234,0.707823001,2393,1709436783.394909620,285667,1709436781.991032124
1282,1709436783.592271328,44.107406968,-56.421723124,1.209802759,0.004901508,0.014938831,0.712584426,0.701410181,2156,1709436783.493598461,285667,1709436781.991032124
1283,1709436783.690912485,44.138116225,-56.314066712,1.195353085,0.018484694,0.027635407,0.716442291,0.696853674,2144,1709436783.592271328,285667,1709436781.991032124
1284,1709436783.794495821,44.135634735,-56.188672608,1.206890365,0.003465969,0.034608626,0.719569369,0.693548955,2089,1709436783.690912485,285667,1709436781.991032124
1285,1709436783.893582106,44.089992783,-56.080371814,1.217072106,0.000254234,0.017925345,0.721094254,0.692605006,2246,1709436783.794495821,285667,1709436781.991032124
1286,1709436783.994174242,44.048397330,-55.939963459,1.219459170,-0.012371371,0.015563653,0.723645598,0.689885331,2179,1709436783.893582106,285667,1709436781.991032124
1287,1709436784.094410181,44.036127005,-55.812692218,1.229247934,-0.009813850,0.014264680,0.723261041,0.690357642,2214,1709436783.994174242,285667,1709436781.991032124
1288,1709436784.195062637,44.018283735,-55.670207103,1.234298336,-0.008581726,0.008630052,0.722594507,0.691164998,2306,1709436784.094410181,285667,1709436781.991032124
1289,1709436784.294199944,44.014498545,-55.525241818,1.230114532,-0.007249063,0.008905114,0.726255044,0.687329441,2323,1709436784.195062637,285667,1709436781.991032124
1290,1709436784.392902374,44.006823655,-55.368589844,1.232727173,-0.005366188,0.004378440,0.734399339,0.678682285,2247,1709436784.294199944,285667,1709436781.991032124
1291,1709436784.491964579,43.966379549,-55.209249707,1.229143799,-0.008846731,0.007658015,0.745733632,0.666141456,2225,1709436784.392902374,285667,1709436781.991032124
1292,1709436784.591053247,43.960415098,-55.050535758,1.221455398,-0.010657954,0.020565054,0.748457623,0.662777997,2234,1709436784.491964579,285667,1709436781.991032124
1293,1709436784.694554567,43.952828914,-54.880017888,1.217297974,-0.010098289,0.026539102,0.746647063,0.664614071,2348,1709436784.591053247,285667,1709436781.991032124
1294,1709436784.793246984,43.932006721,-54.738086516,1.228916629,-0.009469128,0.021645141,0.745578716,0.665998650,2437,1709436784.694554567,285667,1709436781.991032124
1295,1709436784.891959429,43.905843184,-54.606749859,1.227457360,-0.009693529,0.018183919,0.745747670,0.665909749,2394,1709436784.793246984,285667,1709436781.991032124
1296,1709436784.994967461,43.918016324,-54.466503214,1.222964073,-0.001967818,0.025961221,0.749034791,0.662018900,2376,1709436784.891959429,285667,1709436781.991032124
1297,1709436785.094694138,43.920851820,-54.333364839,1.215643285,0.007493664,0.034282507,0.754717175,0.655111090,2351,1709436784.994967461,285667,1709436781.991032124
1298,1709436785.193220377,43.896771563,-54.211604123,1.234806869,0.008615888,0.025171110,0.764484822,0.644092493,2327,1709436785.094694138,285667,1709436781.991032124
1299,1709436785.291866064,43.861680712,-54.088781616,1.233282497,-0.005163366,0.021652591,0.765600273,0.642931355,2255,1709436785.193220377,285667,1709436781.991032124
1300,1709436785.395136356,43.847765261,-53.941914156,1.235276861,-0.008237916,0.021659890,0.765008715,0.643602868,2295,1709436785.291866064,285667,1709436781.991032124
1301,1709436785.494978428,43.826259622,-53.789305733,1.226572221,-0.013550921,0.021824064,0.764334343,0.644308229,2406,1709436785.395136356,285667,1709436781.991032124
1302,1709436785.594431400,43.771197654,-53.637932386,1.233194986,-0.031819464,0.019950153,0.757835894,0.651363393,2481,1709436785.494978428,285667,1709436781.991032124
1303,1709436785.693273067,43.753435694,-53.500322629,1.232219472,-0.030148350,0.007275190,0.758102360,0.651397698,2470,1709436785.594431400,285667,1709436781.991032124
1304,1709436785.792339563,43.757361539,-53.341944384,1.225353916,-0.024552390,0.014469539,0.754763580,0.655377564,2486,1709436785.693273067,285667,1709436781.991032124
1305,1709436785.895131826,43.781442426,-53.211412522,1.225495128,-0.014522428,0.015539131,0.742901941,0.669062284,2421,1709436785.792339563,285667,1709436781.991032124
1306,1709436785.994259596,43.784042631,-53.075265861,1.217423912,-0.015172773,0.030472547,0.737990697,0.673951736,2436,1709436785.895131826,285667,1709436781.991032124
1307,1709436786.092869520,43.786185326,-52.922824268,1.203320062,-0.019107545,0.035578724,0.734711896,0.677176112,2489,1709436785.994259596,285667,1709436781.991032124
1308,1709436786.191505671,43.775192573,-52.772265541,1.206387991,-0.025492295,0.034660035,0.734414887,0.677335662,2464,1709436786.092869520,285667,1709436781.991032124
1309,1709436786.290211678,43.739565556,-52.614674017,1.198328181,-0.026607862,0.036800897,0.735232205,0.676292334,2447,1709436786.191505671,285667,1709436781.991032124
1310,1709436786.394555330,43.716444314,-52.463352283,1.203100149,-0.027848546,0.029326206,0.740135186,0.671240895,2511,1709436786.290211678,285667,1709436781.991032124
1311,1709436786.493045568,43.694169609,-52.325737987,1.194637568,-0.019955271,0.021139437,0.751919167,0.658614058,2477,1709436786.394555330,285667,1709436781.991032124
1312,1709436786.591640711,43.681340900,-52.186263846,1.181216555,-0.014642911,0.027730893,0.762638761,0.646064008,2430,1709436786.493045568,285667,1709436781.991032124
1313,1709436786.694609642,43.647583639,-52.042681566,1.184326917,-0.012320980,0.029463174,0.772380556,0.634356676,2381,1709436786.591640711,285667,1709436781.991032124
1314,1709436786.794441938,43.606790763,-51.902098016,1.185080886,-0.020007053,0.024773400,0.778727161,0.626554072,2453,1709436786.694609642,285667,1709436781.991032124
1315,1709436786.894420624,43.538759437,-51.779904577,1.191447633,-0.020187797,0.019435302,0.782041021,0.622596629,2464,1709436786.794441938,285667,1709436781.991032124
1316,1709436786.993320704,43.491778454,-51.650654772,1.186336262,-0.023482341,0.024747207,0.782268871,0.622006085,2419,1709436786.894420624,285667,1709436781.991032124
1317,1709436787.092486620,43.452216995,-51.507737415,1.185330312,-0.027042892,0.024253329,0.781038192,0.623425859,2423,1709436786.993320704,285667,1709436781.991032124
1318,1709436787.194637775,43.403434880,-51.366175139,1.177552201,-0.030350506,0.022744753,0.783119995,0.620712974,2448,1709436787.092486620,285667,1709436781.991032124
1319,1709436787.293896437,43.381946295,-51.212228417,1.173116821,-0.029234953,0.028055262,0.782411997,0.621441620,2413,1709436787.194637775,285667,1709436781.991032124
1320,1709436787.392635107,43.364026281,-51.074485113,1.174519722,-0.024188595,0.024248381,0.783016622,0.621057081,2465,1709436787.293896437,285667,1709436781.991032124
1321,1709436787.491323471,43.324269806,-50.921806858,1.170284045,-0.025803818,0.022990639,0.783685079,0.620196171,2361,1709436787.392635107,285667,1709436781.991032124
1322,1709436787.594777822,43.312744057,-50.789464382,1.166433828,-0.019452368,0.016086771,0.783847077,0.620440635,2355,1709436787.491323471,285667,1709436781.991032124
1323,1709436787.694184065,43.306518303,-50.637524579,1.164852688,-0.021020760,0.020125618,0.785620095,0.618024396,2363,1709436787.594777822,285667,1709436781.991032124
1324,1709436787.792815447,43.268303151,-50.507583579,1.161381651,-0.018990364,0.021030936,0.794540506,0.606549627,2357,1709436787.694184065,285667,1709436781.991032124
1325,1709436787.891245842,43.221157139,-50.380235510,1.158390798,-0.020714446,0.022177391,0.803684440,0.594281411,2283,1709436787.792815447,285667,1709436781.991032124
1326,1709436787.994935989,43.170049490,-50.229523891,1.154239435,-0.015957860,0.016807558,0.814464172,0.579750778,2265,1709436787.891245842,285667,1709436781.991032124
1327,1709436788.094791889,43.137266800,-50.099877709,1.153346015,-0.021120540,0.017381653,0.814905985,0.578947352,2325,1709436787.994935989,285667,1709436781.991032124
1328,1709436788.194499016,43.085866719,-49.963000554,1.153709917,-0.023612209,0.019953531,0.815708897,0.577635972,2353,1709436788.094791889,285667,1709436781.991032124
1329,1709436788.293529987,43.067668580,-49.817478730,1.148233633,-0.019825654,0.023611111,0.815584023,0.577816718,2277,1709436788.194499016,285667,1709436781.991032124
1330,1709436788.392691851,43.021281437,-49.665219978,1.144562242,-0.025359732,0.025853907,0.819258111,0.572280183,2286,1709436788.293529987,285667,1709436781.991032124
1331,1709436788.494941950,42.967860846,-49.529419965,1.148601801,-0.025034589,0.022279976,0.824666840,0.564625074,2292,1709436788.392691851,285667,1709436781.991032124
1332,1709436788.593677282,42.918180814,-49.395010190,1.146453966,-0.021811855,0.021460500,0.829585904,0.557540060,2327,1709436788.494941950,285667,1709436781.991032124
1333,1709436788.692444324,42.869224467,-49.275243381,1.143871168,-0.015848119,0.017279655,0.833937273,0.551360930,2225,1709436788.593677282,285667,1709436781.991032124
1334,1709436788.791223526,42.816183910,-49.147141472,1.147406771,-0.018965563,0.011124036,0.837183609,0.546479797,2155,1709436788.692444324,285667,1709436781.991032124
1335,1709436788.895056486,42.761114149,-49.022125865,1.146030461,-0.015380954,0.003819990,0.841195808,0.540498332,2215,1709436788.791223526,285667,1709436781.991032124
1336,1709436788.993584394,42.708229224,-48.897658962,1.143392874,-0.016204035,0.010370727,0.843761262,0.536373759,2244,1709436788.895056486,285667,1709436781.991032124
1337,1709436789.092249155,42.634255533,-48.782691287,1.146035927,-0.017997635,0.007542373,0.846585272,0.531895266,2194,1709436788.993584394,285667,1709436781.991032124
1338,1709436789.190850496,42.574820634,-48.671138716,1.160588746,-0.018556592,0.005021665,0.847597678,0.530291063,2212,1709436789.092249155,285667,1709436781.991032124
1339,1709436789.294466496,42.522717267,-48.533807367,1.155595368,-0.005932389,0.008416478,0.852365808,0.522844623,2254,1709436789.190850496,285667,1709436781.991032124
1340,1709436789.395107031,42.474155207,-48.412794720,1.151586831,-0.001944014,0.016123661,0.851999104,0.523291291,2163,1709436789.294466496,285667,1709436781.991032124
1341,1709436789.494322062,42.403942428,-48.293390890,1.154722625,0.001633389,0.011183404,0.855220337,0.518141330,2178,1709436789.395107031,285667,1709436781.991032124
1342,1709436789.593361855,42.336450024,-48.187857575,1.157625914,0.005868455,0.007066053,0.859770230,0.510598457,2151,1709436789.494322062,285667,1709436781.991032124
1343,1709436789.692436695,42.270107047,-48.038380104,1.154711134,0.001726841,0.018815898,0.864906121,0.501577892,2007,1709436789.593361855,285667,1709436781.991032124
1344,1709436789.794481516,42.208970335,-47.921907885,1.152685208,0.009929964,0.021881766,0.867466805,0.496914406,2086,1709436789.692436695,285667,1709436781.991032124
1345,1709436789.893527746,42.121616767,-47.795932361,1.154382958,-0.009300220,0.024021956,0.867403731,0.496937842,2042,1709436789.794481516,285667,1709436781.991032124
1346,1709436789.992247581,42.029853939,-47.665965225,1.164720250,-0.018466158,0.025211548,0.871389659,0.489595182,2156,1709436789.893527746,285667,1709436781.991032124
1347,1709436790.091037512,41.943746635,-47.550237867,1.170453995,-0.024625441,0.018352409,0.870731483,0.490798800,2369,1709436789.992247581,285667,1709436781.991032124
1348,1709436790.194638491,41.854381398,-47.416771009,1.168209080,-0.034466194,0.013673884,0.872109976,0.487902958,2325,1709436790.091037512,285667,1709436781.991032124
1349,1709436790.293339729,41.770468111,-47.292050327,1.167443860,-0.027294459,0.012890686,0.873319932,0.486211003,2496,1709436790.194638491,285667,1709436781.991032124
1350,1709436790.391912460,41.678973877,-47.179344049,1.171172028,-0.025226483,0.007079281,0.870851558,0.490847301,2452,1709436790.293339729,285667,1709436781.991032124
1351,1709436790.490625858,41.591733866,-47.045347307,1.162198038,-0.033043551,0.008186317,0.872140569,0.488069602,2402,1709436790.391912460,285667,1709436781.991032124
1352,1709436790.594817638,41.495898225,-46.931817192,1.160536355,-0.033680082,0.004524610,0.871711983,0.488838826,2410,1709436790.490625858,285667,1709436781.991032124
1353,1709436790.694674253,41.435453103,-46.806012516,1.152626644,-0.037883260,0.009566293,0.873132222,0.485915083,2481,1709436790.594817638,285667,1709436781.991032124
1354,1709436790.794517517,41.365539877,-46.695469964,1.154758555,-0.042088726,0.010741081,0.865575444,0.498891089,2463,1709436790.694674253,285667,1709436781.991032124
1355,1709436790.894022703,41.310940535,-46.569107175,1.146623134,-0.035046371,0.014242519,0.863014381,0.503760936,2528,1709436790.794517517,285667,1709436781.991032124
1356,1709436790.994599581,41.258265561,-46.460994279,1.151290584,-0.036568131,0.012921495,0.859857266,0.509059219,2446,1709436790.894022703,285667,1709436781.991032124
1357,1709436791.094436169,41.205977938,-46.334128816,1.145709656,-0.033117517,0.006452512,0.859295173,0.510365948,2433,1709436790.994599581,285667,1709436781.991032124
1358,1709436791.193396091,41.155948443,-46.208047725,1.154734843,-0.032229607,0.001723734,0.860420244,0.508561977,2499,1709436791.094436169,285667,1709436781.991032124
1359,1709436791.292331696,41.124543049,-46.082109112,1.154061790,-0.021683646,-0.000614930,0.859432784,0.510788342,2399,1709436791.193396091,285667,1709436781.991032124
1360,1709436791.394745827,41.070550140,-45.965626316,1.147853511,-0.021612859,0.002416149,0.857135126,0.514632317,2402,1709436791.292331696,285667,1709436781.991032124
1361,1709436791.494278431,41.012558691,-45.872479481,1.150889857,-0.016620724,-0.000604695,0.851009290,0.524887202,2366,1709436791.394745827,285667,1709436781.991032124
1362,1709436791.592884302,40.974821393,-45.759276213,1.158789360,-0.014111386,-0.004921993,0.843284940,0.537258926,2412,1709436791.494278431,285667,1709436781.991032124
1363,1709436791.691576004,40.922604361,-45.641353948,1.151634537,-0.021886170,0.001755841,0.841763094,0.539400413,2287,1709436791.592884302,285667,1709436781.991032124
1364,1709436791.794739723,40.873806875,-45.505104465,1.156298107,-0.020592044,0.010493890,0.840134678,0.541885199,2295,1709436791.691576004,285667,1709436781.991032124
1365,1709436791.894752502,40.812501330,-45.379276659,1.150934986,-0.015172280,0.013465209,0.839767718,0.542566743,2426,1709436791.794739723,285667,1709436781.991032124
1366,1709436791.994607687,40.755741814,-45.242569440,1.150856839,-0.027356428,0.018747996,0.837341630,0.545673101,2392,1709436791.894752502,285667,1709436781.991032124
1367,1709436792.094434500,40.698928631,-45.110383510,1.145267811,-0.029528611,0.011572068,0.836708742,0.546729028,2487,1709436791.994607687,285667,1709436781.991032124
1368,1709436792.194585085,40.664293544,-44.989895871,1.150370949,-0.019202873,0.008750918,0.835690131,0.548795660,2509,1709436792.094434500,285667,1709436781.991032124
1369,1709436792.294906378,40.610678571,-44.856250725,1.148097417,-0.024150182,0.017987819,0.829492718,0.557705153,2333,1709436792.194585085,285667,1709436781.991032124
1370,1709436792.394391060,40.536793278,-44.717643051,1.137470219,-0.027600124,0.019600619,0.826123565,0.562471248,2484,1709436792.294906378,285667,1709436781.991032124
1371,1709436792.493168116,40.470631811,-44.579441170,1.132697295,-0.032766272,0.021823387,0.825476149,0.563062376,2538,1709436792.394391060,285667,1709436781.991032124
1372,1709436792.591968536,40.418739188,-44.433746671,1.134726557,-0.046439266,0.024688203,0.822049814,0.566981473,2506,1709436792.493168116,285667,1709436781.991032124
1373,1709436792.695081472,40.376286900,-44.298503300,1.129078607,-0.040060562,0.026491416,0.821681371,0.567919961,2549,1709436792.591968536,285667,1709436781.991032124
1374,1709436792.794165134,40.318908638,-44.180936034,1.122638583,-0.037521470,0.025902796,0.818529845,0.572651794,2612,1709436792.695081472,285667,1709436781.991032124
1375,1709436792.892729998,40.276829595,-44.068779049,1.122477109,-0.033006151,0.014072071,0.808134156,0.587904547,2592,1709436792.794165134,285667,1709436781.991032124
1376,1709436792.991389751,40.242608665,-43.954220325,1.119308774,-0.031341099,0.015423277,0.799790269,0.599262366,2539,1709436792.892729998,285667,1709436781.991032124
1377,1709436793.089994192,40.218589920,-43.845697711,1.107029161,-0.013108466,0.019846774,0.794217459,0.607167935,2515,1709436792.991389751,285667,1709436781.991032124
1378,1709436793.195058107,40.207182863,-43.731030222,1.106441694,-0.012370266,0.014874044,0.792703866,0.609299861,2416,1709436793.089994192,285667,1709436781.991032124
1379,1709436793.294891834,40.186736016,-43.592339242,1.107141815,-0.022105432,0.014168661,0.792353019,0.609497574,2422,1709436793.195058107,285667,1709436781.991032124
1380,1709436793.394726753,40.138965000,-43.475682689,1.100057099,-0.018916998,0.018949169,0.792331600,0.609502840,2462,1709436793.294891834,285667,1709436781.991032124
1381,1709436793.494563580,40.116617320,-43.335875233,1.101205492,-0.018137696,0.022433256,0.790718829,0.611499392,2428,1709436793.394726753,285667,1709436781.991032124
1382,1709436793.594800472,40.081613369,-43.196592011,1.113047947,-0.033046642,0.016000251,0.786424585,0.616594099,2404,1709436793.494563580,285667,1709436781.991032124
1383,1709436793.694432974,40.041433524,-43.072625569,1.116127936,-0.026740194,0.003636733,0.788498003,0.614444982,2572,1709436793.594800472,285667,1709436781.991032124
1384,1709436793.793213367,40.031553040,-42.920038540,1.100757292,-0.021591434,0.018529321,0.792964254,0.608603456,2529,1709436793.694432974,285667,1709436781.991032124
1385,1709436793.892002344,40.010045922,-42.766980191,1.091189631,-0.023258894,0.033194473,0.790648740,0.610926936,2460,1709436793.793213367,285667,1709436781.991032124
1386,1709436793.994583607,39.978519427,-42.638466286,1.087333315,-0.014546352,0.033528010,0.791259813,0.610386913,2483,1709436793.892002344,285667,1709436781.991032124
1387,1709436794.093744040,39.932419498,-42.499987974,1.090476035,-0.019018138,0.030028516,0.790757503,0.611096694,2519,1709436793.994583607,285667,1709436781.991032124
1388,1709436794.192342043,39.878412774,-42.377434155,1.085016003,-0.019221195,0.018849976,0.789470088,0.613198340,2470,1709436794.093744040,285667,1709436781.991032124
1389,1709436794.291115046,39.847914789,-42.253866617,1.089716767,-0.018859324,0.015034527,0.791397785,0.610825535,2457,1709436794.192342043,285667,1709436781.991032124
1390,1709436794.394754171,39.809773327,-42.098411279,1.079913933,-0.024355670,0.025869919,0.790184776,0.611837861,2373,1709436794.291115046,285667,1709436781.991032124
1391,1709436794.494611740,39.766059654,-41.950253373,1.077002487,-0.037032450,0.027891552,0.788674571,0.613060421,2433,1709436794.394754171,285667,1709436781.991032124
1392,1709436794.593094349,39.739020131,-41.807020176,1.073618272,-0.036534708,0.024771432,0.787809196,0.614335626,2586,1709436794.494611740,285667,1709436781.991032124
1393,1709436794.695112228,39.739385300,-41.646558372,1.069624383,-0.034247193,0.030915045,0.788001851,0.613941751,2476,1709436794.593094349,285667,1709436781.991032124
1394,1709436794.794950485,39.759555784,-41.488524469,1.056729194,-0.023892040,0.034562136,0.788080865,0.614136124,2556,1709436794.695112228,285667,1709436781.991032124
1395,1709436794.894797087,39.736186281,-41.374193950,1.053000078,-0.019978268,0.027179326,0.788220714,0.614467460,2505,1709436794.794950485,285667,1709436781.991032124
1396,1709436794.994150162,39.706407771,-41.251431869,1.044326046,-0.025334205,0.027539554,0.787893483,0.614673580,2505,1709436794.894797087,285667,1709436781.991032124
1397,1709436795.093063593,39.685750184,-41.148995095,1.039099318,-0.021783786,0.030160588,0.787841624,0.614753106,2527,1709436794.994150162,285667,1709436781.991032124
1398,1709436795.192057371,39.663629334,-41.042980376,1.038009346,-0.024606646,0.031213299,0.787470110,0.615069971,2484,1709436795.093063593,285667,1709436781.991032124
1399,1709436795.294814348,39.615874236,-40.958177691,1.037288442,-0.029854511,0.024057798,0.786611176,0.616257080,2483,1709436795.192057371,285667,1709436781.991032124
1400,1709436795.393483639,39.583919397,-40.858629770,1.033774186,-0.034280985,0.024377145,0.787911982,0.614349475,2575,1709436795.294814348,285667,1709436781.991032124
1401,1709436795.492082596,39.570419750,-40.769023952,1.030253207,-0.024164997,0.025685444,0.788791887,0.613647839,2500,1709436795.393483639,285667,1709436781.991032124
1402,1709436795.590810061,39.565193779,-40.690819126,1.036396382,-0.022821433,0.027307083,0.789222880,0.613074834,2442,1709436795.492082596,285667,1709436781.991032124
1403,1709436795.695103645,39.521143801,-40.616425495,1.031417083,-0.024535776,0.029788287,0.789375039,0.612697072,2474,1709436795.590810061,285667,1709436781.991032124
1404,1709436795.794180393,39.502847227,-40.538912511,1.030340218,-0.027341108,0.027833973,0.789075735,0.613055641,2531,1709436795.695103645,285667,1709436781.991032124
1405,1709436795.892688274,39.473455088,-40.458688108,1.027077588,-0.030571480,0.024370072,0.788593636,0.613670564,2458,1709436795.794180393,285667,1709436781.991032124
1406,1709436795.994608641,39.440413496,-40.387575014,1.022482201,-0.027926591,0.020537328,0.787660102,0.615134040,2456,1709436795.892688274,285667,1709436781.991032124
1407,1709436796.094432354,39.419609891,-40.289375409,1.021833448,-0.027678388,0.017523582,0.790039927,0.612179504,2496,1709436795.994608641,285667,1709436781.991032124
1408,1709436796.195072412,39.392677789,-40.196665545,1.023922508,-0.027770654,0.017057204,0.788927560,0.613621338,2526,1709436796.094432354,285667,1709436781.991032124
1409,1709436796.294241905,39.377310386,-40.092105070,1.018140070,-0.027569935,0.019134970,0.789006750,0.613467278,2564,1709436796.195072412,285667,1709436781.991032124
1410,1709436796.393290043,39.350135636,-39.986300739,1.012518616,-0.030639519,0.013707236,0.788377211,0.614275757,2493,1709436796.294241905,285667,1709436781.991032124
1411,1709436796.492333174,39.325071178,-39.883059759,1.008530250,-0.027029190,0.015634222,0.789926481,0.612406032,2480,1709436796.393290043,285667,1709436781.991032124
1412,1709436796.594440460,39.296391186,-39.764563216,1.007337405,-0.032787016,0.019869835,0.786368471,0.616566970,2446,1709436796.492333174,285667,1709436781.991032124
1413,1709436796.693243980,39.267676062,-39.651042883,1.011410451,-0.034797775,0.016263731,0.787984212,0.614496124,2465,1709436796.594440460,285667,1709436781.991032124
1414,1709436796.791877985,39.244463564,-39.533908262,1.002872323,-0.034826792,0.017452477,0.789161833,0.612948699,2429,1709436796.693243980,285667,1709436781.991032124
1415,1709436796.890670061,39.208709130,-39.436124903,1.000560672,-0.025794453,0.017016253,0.788465675,0.614302021,2503,1709436796.791877985,285667,1709436781.991032124
1416,1709436796.994591713,39.174214570,-39.343110756,1.003958427,-0.025165909,0.017260179,0.788754618,0.613950255,2423,1709436796.890670061,285667,1709436781.991032124
1417,1709436797.093821049,39.153467497,-39.246723371,0.994354935,-0.021308214,0.021403230,0.789765634,0.612664757,2438,1709436796.994591713,285667,1709436781.991032124
1418,1709436797.192409515,39.124341076,-39.165780629,0.995441925,-0.017993325,0.020283620,0.787125320,0.616196840,2463,1709436797.093821049,285667,1709436781.991032124
1419,1709436797.294888496,39.089614273,-39.069654247,0.995507040,-0.021436421,0.004978358,0.787579294,0.615820226,2408,1709436797.192409515,285667,1709436781.991032124
1420,1709436797.394720316,39.061179073,-38.969039422,0.992654992,-0.026536003,0.007100890,0.790679768,0.611613377,2487,1709436797.294888496,285667,1709436781.991032124
1421,1709436797.494570017,39.043278683,-38.864663993,0.997488041,-0.023854979,0.010504483,0.789705735,0.612931846,2492,1709436797.394720316,285667,1709436781.991032124
1422,1709436797.594348669,39.023710294,-38.754429420,0.984798999,-0.019068444,0.017957621,0.792008678,0.609947680,2526,1709436797.494570017,285667,1709436781.991032124
1423,1709436797.693315029,39.006856421,-38.641544296,0.972035914,-0.016897181,0.026614644,0.791830112,0.609927225,2468,1709436797.594348669,285667,1709436781.991032124
1424,1709436797.794510841,38.987444216,-38.510776478,0.970187650,-0.027675784,0.022534085,0.791639595,0.609945094,2390,1709436797.693315029,285667,1709436781.991032124
1425,1709436797.894191504,38.932146707,-38.409043796,0.980798280,-0.027858630,0.012157405,0.793309016,0.608059948,2412,1709436797.794510841,285667,1709436781.991032124
1426,1709436797.992999077,38.898728516,-38.285484420,0.978506680,-0.039007710,0.017294625,0.795319925,0.604686292,2420,1709436797.894191504,285667,1709436781.991032124
1427,1709436798.091702938,38.871890769,-38.179449527,0.977541046,-0.041449061,0.018109373,0.796366993,0.603119921,2432,1709436797.992999077,285667,1709436781.991032124
1428,1709436798.195053816,38.834608856,-38.068458021,0.977650824,-0.042960614,0.011322008,0.795642361,0.604135275,2497,1709436798.091702938,285667,1709436781.991032124
1429,1709436798.294794559,38.798870463,-37.978513571,0.980371453,-0.040800162,0.003487736,0.796605573,0.603110888,2451,1709436798.195053816,285667,1709436781.991032124
1430,1709436798.393387556,38.757726881,-37.892564665,0.980578879,-0.041308189,-0.001067668,0.794552911,0.605787228,2527,1709436798.294794559,285667,1709436781.991032124
1431,1709436798.492020130,38.721815661,-37.823932816,0.982937942,-0.042527869,-0.011058714,0.792740750,0.607973016,2444,1709436798.393387556,285667,1709436781.991032124
1432,1709436798.594431639,38.679180303,-37.753365528,0.988364271,-0.050250596,-0.022262310,0.788482485,0.612596635,2477,1709436798.492020130,285667,1709436781.991032124
1433,1709436798.695075274,38.673176556,-37.674900796,0.985543950,-0.043813873,-0.021282436,0.788627248,0.612939203,2420,1709436798.594431639,285667,1709436781.991032124
1434,1709436798.794922113,38.677687737,-37.587294035,0.972805024,-0.035845018,-0.010126501,0.789691859,0.612371910,2509,1709436798.695075274,285667,1709436781.991032124
1435,1709436798.894670963,38.659973560,-37.497410605,0.971490502,-0.036391985,-0.007821531,0.787602332,0.615058545,2460,1709436798.794922113,285667,1709436781.991032124
1436,1709436798.993829250,38.658532197,-37.400784825,0.968067762,-0.033400692,-0.004105752,0.788309160,0.614358369,2447,1709436798.894670963,285667,1709436781.991032124
1437,1709436799.094448328,38.650979245,-37.312452074,0.962182589,-0.025794471,0.003994109,0.787810115,0.615364863,2348,1709436798.993829250,285667,1709436781.991032124
1438,1709436799.193919420,38.654955575,-37.197225411,0.947316494,-0.025528124,0.015385225,0.788793317,0.613935430,2404,1709436799.094448328,285667,1709436781.991032124
1439,1709436799.292672157,38.652983690,-37.083085697,0.939365666,-0.027078798,0.025647661,0.787075657,0.615727899,2367,1709436799.193919420,285667,1709436781.991032124
1440,1709436799.391470909,38.640210368,-36.978441644,0.937556712,-0.033487109,0.024425526,0.783600140,0.619881301,2452,1709436799.292672157,285667,1709436781.991032124
1441,1709436799.490346909,38.610967620,-36.862526669,0.935497060,-0.038919175,0.027925039,0.784575620,0.618180060,2381,1709436799.391470909,285667,1709436781.991032124
1442,1709436799.594280481,38.601911756,-36.761021155,0.939775625,-0.035014953,0.033460966,0.785524676,0.616932169,2482,1709436799.490346909,285667,1709436781.991032124
1443,1709436799.692882538,38.588537063,-36.669628625,0.940251710,-0.032663296,0.034164951,0.785430232,0.617142784,2583,1709436799.594280481,285667,1709436781.991032124
1444,1709436799.791546822,38.569014757,-36.590711042,0.935618807,-0.031068245,0.027736641,0.786178765,0.616594188,2499,1709436799.692882538,285667,1709436781.991032124
1445,1709436799.894809246,38.565065525,-36.497786762,0.927566796,-0.019695035,0.026386708,0.786155710,0.617150749,2490,1709436799.791546822,285667,1709436781.991032124
1446,1709436799.994647026,38.553663617,-36.423908632,0.917530955,-0.012461619,0.031241413,0.786204899,0.617049867,2477,1709436799.894809246,285667,1709436781.991032124
1447,1709436800.094485998,38.527951941,-36.344606191,0.905436090,-0.013465288,0.032563948,0.784765969,0.618789664,2460,1709436799.994647026,285667,1709436781.991032124
1448,1709436800.194431782,38.493688167,-36.265002951,0.898958612,-0.025056609,0.029842798,0.781548308,0.622626546,2424,1709436800.094485998,285667,1709436781.991032124
1449,1709436800.294981956,38.456479687,-36.184979776,0.901424237,-0.032149137,0.023280317,0.778650104,0.626201625,2338,1709436800.194431782,285667,1709436781.991032124
1450,1709436800.394806862,38.434379168,-36.090085208,0.902213610,-0.033971491,0.018088123,0.778363163,0.626633500,2397,1709436800.294981956,285667,1709436781.991032124
1451,1709436800.493946314,38.409120411,-36.015099977,0.915930788,-0.028300463,0.017774213,0.778515394,0.626735146,2509,1709436800.394806862,285667,1709436781.991032124
1452,1709436800.592458248,38.411125054,-35.933079092,0.914464972,-0.018359557,0.027259718,0.779815909,0.625145569,2414,1709436800.493946314,285667,1709436781.991032124
1453,1709436800.691098690,38.415872774,-35.848443798,0.907798845,-0.006399328,0.031305826,0.780665924,0.624131163,2368,1709436800.592458248,285667,1709436781.991032124
1454,1709436800.795009375,38.393710523,-35.763792688,0.898559962,0.003795640,0.026653433,0.780664514,0.624370166,2367,1709436800.691098690,285667,1709436781.991032124
1455,1709436800.894155025,38.374413152,-35.666497847,0.887388084,0.003166041,0.028122516,0.781034289,0.623846568,2346,1709436800.795009375,285667,1709436781.991032124
1456,1709436800.992808580,38.354119797,-35.587426602,0.888298823,0.005942459,0.022271095,0.781515560,0.623459794,2338,1709436800.894155025,285667,1709436781.991032124
1457,1709436801.091345787,38.311808392,-35.493279868,0.894542319,-0.012082252,0.022756362,0.781845085,0.622940150,2291,1709436800.992808580,285667,1709436781.991032124
1458,1709436801.194777250,38.293609988,-35.401618056,0.891128525,-0.008827972,0.029400821,0.786268318,0.617122184,2342,1709436801.091345787,285667,1709436781.991032124
1459,1709436801.294605255,38.263139207,-35.307860576,0.888259952,-0.007602725,0.036204501,0.790350987,0.611536384,2458,1709436801.194777250,285667,1709436781.991032124
1460,1709436801.394449234,38.228161149,-35.209847237,0.889885697,-0.011393736,0.032585937,0.798415078,0.601117046,2425,1709436801.294605255,285667,1709436781.991032124
1461,1709436801.495089531,38.187107104,-35.117835440,0.899399729,-0.016849141,0.022737149,0.803683619,0.594383520,2401,1709436801.394449234,285667,1709436781.991032124
1462,1709436801.594927311,38.135667944,-35.020143322,0.906046300,-0.030323599,0.010579476,0.805879374,0.591208075,2357,1709436801.495089531,285667,1709436781.991032124
1463,1709436801.694728374,38.066591363,-34.936896599,0.911095468,-0.032078975,-0.000144730,0.812609923,0.581924421,2459,1709436801.594927311,285667,1709436781.991032124
1464,1709436801.793494940,38.028775614,-34.829295000,0.906220597,-0.031064362,0.009012167,0.820043472,0.571386463,2495,1709436801.694728374,285667,1709436781.991032124
1465,1709436801.892264128,38.009223677,-34.723650064,0.885562239,-0.023655921,0.025561871,0.824066509,0.565421415,2433,1709436801.793494940,285667,1709436781.991032124
1466,1709436801.991299868,37.961566632,-34.625055351,0.878686512,-0.035849449,0.035266806,0.826719893,0.560361747,2454,1709436801.892264128,285667,1709436781.991032124
1467,1709436802.094915867,37.912889527,-34.530464009,0.871467231,-0.036878748,0.030704364,0.831572893,0.553338706,2542,1709436801.991299868,285667,1709436781.991032124
1468,1709436802.193582535,37.887704715,-34.431199271,0.871874314,-0.042842996,0.028871364,0.837165748,0.544503841,2630,1709436802.094915867,285667,1709436781.991032124
1469,1709436802.292263269,37.861115965,-34.337651173,0.868767566,-0.039948784,0.028296216,0.840031138,0.540325001,2626,1709436802.193582535,285667,1709436781.991032124
1470,1709436802.391021490,37.832637751,-34.272927271,0.880466805,-0.027746776,0.017777043,0.845216982,0.533406361,2557,1709436802.292263269,285667,1709436781.991032124
1471,1709436802.494654894,37.819518296,-34.207952111,0.879012510,-0.009433608,0.019611474,0.846640058,0.531720800,2536,1709436802.391021490,285667,1709436781.991032124
1472,1709436802.594504833,37.824620424,-34.106617086,0.857415695,0.003337836,0.033896888,0.847157209,0.530249491,2519,1709436802.494654894,285667,1709436781.991032124
1473,1709436802.695151091,37.811624032,-34.012109408,0.847187219,0.011185982,0.041557022,0.847085993,0.529710494,2398,1709436802.594504833,285667,1709436781.991032124
1474,1709436802.794996500,37.764083103,-33.937262359,0.844468826,0.006493409,0.036277010,0.847571111,0.529400629,2306,1709436802.695151091,285667,1709436781.991032124
1475,1709436802.894837379,37.709739960,-33.858525764,0.859920970,0.000924537,0.024760123,0.845556392,0.533310856,2360,1709436802.794996500,285667,1709436781.991032124
1476,1709436802.994392157,37.643334608,-33.786321040,0.873442535,-0.015396220,0.011276287,0.842896568,0.537737090,2393,1709436802.894837379,285667,1709436781.991032124
1477,1709436803.093380928,37.592944094,-33.696442108,0.875661925,-0.027121889,0.015278729,0.842428949,0.537907455,2415,1709436802.994392157,285667,1709436781.991032124
1478,1709436803.192126989,37.569819037,-33.612054927,0.860878191,-0.017569384,0.031050989,0.842764769,0.537098405,2443,1709436803.093380928,285667,1709436781.991032124
1479,1709436803.290879011,37.561162551,-33.528855242,0.856960255,0.000220759,0.040716551,0.842429052,0.537266606,2463,1709436803.192126989,285667,1709436781.991032124
1480,1709436803.394442320,37.514870076,-33.456283328,0.856582015,-0.003509371,0.037931715,0.840949952,0.539770366,2458,1709436803.290879011,285667,1709436781.991032124
1481,1709436803.493470669,37.463822024,-33.383773502,0.866256598,-0.009693805,0.024024521,0.840602557,0.541032526,2443,1709436803.394442320,285667,1709436781.991032124
1482,1709436803.592124939,37.418550641,-33.306252101,0.864971220,-0.011096112,0.022086865,0.842513362,0.538108058,2451,1709436803.493470669,285667,1709436781.991032124
1483,1709436803.690750599,37.384809268,-33.201965894,0.848304659,-0.008398335,0.036502653,0.844377851,0.534437151,2411,1709436803.592124939,285667,1709436781.991032124
1484,1709436803.794566154,37.339993111,-33.090217344,0.833712400,-0.004090074,0.051138440,0.842683702,0.535959242,2442,1709436803.690750599,285667,1709436781.991032124
1485,1709436803.894505739,37.273217089,-32.985107446,0.828008194,-0.020404970,0.053986551,0.841250998,0.537555437,2454,1709436803.794566154,285667,1709436781.991032124
1486,1709436803.994658947,37.225676652,-32.890150276,0.837690822,-0.018891779,0.047811999,0.843201366,0.535134161,2438,1709436803.894505739,285667,1709436781.991032124
1487,1709436804.094519615,37.196006431,-32.800628644,0.841286640,-0.016476531,0.042120772,0.841317731,0.538645375,2447,1709436803.994658947,285667,1709436781.991032124
1488,1709436804.194734097,37.146588012,-32.719731469,0.837705833,-0.023240367,0.034114882,0.840386471,0.540413396,2499,1709436804.094519615,285667,1709436781.991032124
1489,1709436804.294417620,37.109930929,-32.640226298,0.843680758,-0.019365169,0.027214437,0.842280056,0.538004343,2513,1709436804.194734097,285667,1709436781.991032124
1490,1709436804.393102407,37.095118936,-32.559081681,0.839952787,-0.009575194,0.026995954,0.842959060,0.537214628,2479,1709436804.294417620,285667,1709436781.991032124
1491,1709436804.492505312,37.064372880,-32.479013261,0.843106887,-0.007675259,0.026250719,0.841635247,0.539353410,2419,1709436804.393102407,285667,1709436781.991032124
1492,1709436804.594905376,37.029975951,-32.382964772,0.839585379,-0.018896393,0.026857761,0.840966803,0.540089274,2450,1709436804.492505312,285667,1709436781.991032124
1493,1709436804.694424868,36.988322574,-32.289909031,0.834483919,-0.022048731,0.027966226,0.841473943,0.539122757,2449,1709436804.594905376,285667,1709436781.991032124
1494,1709436804.793129921,36.956562588,-32.197954110,0.827217423,-0.015027879,0.027365890,0.841229845,0.539775527,2560,1709436804.694424868,285667,1709436781.991032124
1495,1709436804.891669989,36.907953499,-32.119922582,0.821469681,-0.031536166,0.032733243,0.837326504,0.544810362,2388,1709436804.793129921,285667,1709436781.991032124
1496,1709436804.990315437,36.867240298,-32.013262681,0.821505001,-0.036372023,0.035630124,0.837351015,0.544289306,2422,1709436804.891669989,285667,1709436781.991032124
1497,1709436805.094496489,36.845137379,-31.906526552,0.819235684,-0.033190470,0.042757332,0.838124215,0.542787254,2503,1709436804.990315437,341299,1709436804.990315437
1498,1709436805.193974972,36.822673748,-31.819199877,0.811012912,-0.021795671,0.043427900,0.837166173,0.544785981,2592,1709436805.094496489,341299,1709436804.990315437
1499,1709436805.294974327,36.772733898,-31.734130749,0.803053756,-0.029555050,0.037252648,0.835540036,0.547367872,2465,1709436805.193974972,341299,1709436804.990315437
1500,1709436805.394829512,36.720604013,-31.640076176,0.800035696,-0.033063847,0.034669006,0.836645781,0.545645196,2455,1709436805.294974327,341299,1709436804.990315437
1501,1709436805.494664669,36.703878316,-31.556493067,0.792095329,-0.018660673,0.031199372,0.837269802,0.545580111,2569,1709436805.394829512,341299,1709436804.990315437
1502,1709436805.594481945,36.668631568,-31.447027285,0.777082762,-0.028080201,0.043564981,0.836464778,0.545564176,2531,1709436805.494664669,341299,1709436804.990315437
1503,1709436805.693677187,36.615287994,-31.368630617,0.773686904,-0.034501617,0.045994600,0.836461203,0.545001642,2504,1709436805.594481945,341299,1709436804.990315437
1504,1709436805.792511225,36.568144540,-31.277095789,0.777464429,-0.037509335,0.043274227,0.835618391,0.546317028,2504,1709436805.693677187,341299,1709436804.990315437
1505,1709436805.894444227,36.524208431,-31.196020654,0.774612493,-0.031314134,0.038076907,0.835325731,0.547540407,2466,1709436805.792511225,341299,1709436804.990315437
1506,1709436805.993964672,36.500989957,-31.101525312,0.775639333,-0.033386112,0.038604747,0.833691449,0.549866902,2470,1709436805.894444227,341299,1709436804.990315437
1507,1709436806.092737198,36.476963186,-31.014879412,0.776769255,-0.021917534,0.028354849,0.834193670,0.550305865,2426,1709436805.993964672,341299,1709436804.990315437
1508,1709436806.191513538,36.434952185,-30.937901847,0.772444620,-0.017008456,0.021720264,0.835032275,0.549508911,2417,1709436806.092737198,341299,1709436804.990315437
1509,1709436806.294626474,36.404304480,-30.851186786,0.768085650,-0.010882836,0.019043359,0.834705209,0.550260055,2326,1709436806.191513538,341299,1709436804.990315437
1510,1709436806.394269705,36.371807933,-30.763232091,0.769645103,-0.013797073,0.024098824,0.833562401,0.551726935,2287,1709436806.294626474,341299,1709436804.990315437
1511,1709436806.492856026,36.334977481,-30.680159392,0.759345486,-0.007660670,0.026864440,0.835535468,0.548725886,2388,1709436806.394269705,341299,1709436804.990315437
1512,1709436806.594717741,36.317180277,-30.575135807,0.755347356,-0.004799625,0.037299374,0.835104605,0.548804172,2337,1709436806.492856026,341299,1709436804.990315437
1513,1709436806.694761038,36.281970763,-30.506134695,0.764771825,-0.000920512,0.027687873,0.833543815,0.551758319,2329,1709436806.594717741,341299,1709436804.990315437
1514,1709436806.794582844,36.247671076,-30.437262150,0.771120537,0.000280713,0.014456215,0.827733071,0.560935737,2407,1709436806.694761038,341299,1709436804.990315437
1515,1709436806.893992186,36.209412802,-30.355512850,0.774538070,0.003397042,0.011585724,0.825303172,0.564560808,2315,1709436806.794582844,341299,1709436804.990315437
1516,1709436806.993020296,36.192893261,-30.262150416,0.769080575,0.009746006,0.018628444,0.822291866,0.568677486,2198,1709436806.893992186,341299,1709436804.990315437
1517,1709436807.092289686,36.146291436,-30.184499764,0.768410347,0.009235921,0.012625016,0.816489799,0.577147914,2177,1709436806.993020296,341299,1709436804.990315437
1518,1709436807.195110798,36.102549330,-30.090981866,0.770302296,-0.004800262,0.014001799,0.814696360,0.579698842,2141,1709436807.092289686,341299,1709436804.990315437
1519,1709436807.293900490,36.064112621,-30.011220967,0.770612583,-0.010805081,0.021560971,0.810209303,0.585644312,2226,1709436807.195110798,341299,1709436804.990315437
1520,1709436807.392490864,36.029280865,-29.912742613,0.767412118,-0.018850388,0.033938481,0.808945007,0.586601072,2300,1709436807.293900490,341299,1709436804.990315437
1521,1709436807.491155624,36.001171386,-29.814986223,0.764859441,-0.018504676,0.042156684,0.807703596,0.587788475,2277,1709436807.392490864,341299,1709436804.990315437
1522,1709436807.594472647,35.964371195,-29.716599608,0.763133532,-0.027826532,0.040801030,0.805673393,0.590297675,2358,1709436807.491155624,341299,1709436804.990315437
1523,1709436807.694460869,35.911753918,-29.632371853,0.771565250,-0.031789997,0.024177403,0.805360108,0.591438877,2397,1709436807.594472647,341299,1709436804.990315437
1524,1709436807.792637348,35.857156889,-29.540298537,0.766734099,-0.048756389,0.015261868,0.804550761,0.591682316,2415,1709436807.694460869,341299,1709436804.990315437
1525,1709436807.891213655,35.827524095,-29.451827715,0.769429991,-0.046146575,0.009213695,0.802919700,0.594226856,2475,1709436807.792637348,341299,1709436804.990315437
1526,1709436807.994642973,35.825625887,-29.352354093,0.760195908,-0.031786908,0.018160040,0.807083041,0.589301935,2485,1709436807.891213655,341299,1709436804.990315437
1527,1709436808.094484568,35.808310116,-29.249966526,0.745240492,-0.025187895,0.031794773,0.806478501,0.589870401,2426,1709436807.994642973,341299,1709436804.990315437
1528,1709436808.194534063,35.774330652,-29.149474264,0.735148613,-0.028442239,0.033759338,0.803709874,0.593381651,2418,1709436808.094484568,341299,1709436804.990315437
1529,1709436808.293657780,35.731384293,-29.035810282,0.728128225,-0.034258006,0.028743914,0.802570425,0.594878886,2357,1709436808.194534063,341299,1709436804.990315437
1530,1709436808.392783403,35.699617723,-28.941053271,0.737231766,-0.036301214,0.013123090,0.801627678,0.596576124,2418,1709436808.293657780,341299,1709436804.990315437
1531,1709436808.494633198,35.694381649,-28.832193080,0.737813182,-0.033842123,0.020110786,0.799517889,0.599350825,2319,1709436808.392783403,341299,1709436804.990315437
1532,1709436808.593498707,35.688450014,-28.746753195,0.729181998,-0.021743811,0.027633569,0.798426641,0.601064465,2388,1709436808.494633198,341299,1709436804.990315437
1533,1709436808.692232609,35.663479461,-28.647636594,0.721944840,-0.017300073,0.033824218,0.798954385,0.600190403,2302,1709436808.593498707,341299,1709436804.990315437
1534,1709436808.791075230,35.638424277,-28.547584839,0.724276337,-0.015327770,0.021218624,0.796379228,0.604230878,2311,1709436808.692232609,341299,1709436804.990315437
1535,1709436808.894765377,35.592116146,-28.463609400,0.739339060,-0.016702491,-0.000806641,0.796724450,0.604111353,2308,1709436808.791075230,341299,1709436804.990315437
1536,1709436808.993434191,35.579275383,-28.363532821,0.735280590,-0.016354232,0.003508740,0.800687977,0.598848053,2326,1709436808.894765377,341299,1709436804.990315437
1537,1709436809.092037439,35.560528229,-28.263882997,0.728355948,-0.003852152,0.015308700,0.799287321,0.600741694,2223,1709436808.993434191,341299,1709436804.990315437
1538,1709436809.190609932,35.536223632,-28.163579103,0.730950487,0.004390599,0.012996327,0.798871308,0.601345534,2269,1709436809.092037439,341299,1709436804.990315437
1539,1709436809.294964552,35.484859256,-28.060087747,0.729627027,0.000870824,0.008911898,0.797478542,0.603280859,2210,1709436809.190609932,341299,1709436804.990315437
1540,1709436809.394816399,35.463479659,-27.938708584,0.731432613,-0.016624287,0.011421563,0.800044645,0.599601323,2211,1709436809.294964552,341299,1709436804.990315437
1541,1709436809.494531393,35.434749099,-27.827315802,0.736198686,-0.011423093,0.012917930,0.802341052,0.596616691,2348,1709436809.394816399,341299,1709436804.990315437
1542,1709436809.593789101,35.406230062,-27.712109947,0.730413077,-0.007203197,0.019975480,0.804665098,0.593349117,2384,1709436809.494531393,341299,1709436804.990315437
1543,1709436809.695146561,35.386141985,-27.593197649,0.726941166,-0.009559886,0.029839353,0.801338536,0.597389967,2359,1709436809.593789101,341299,1709436804.990315437
1544,1709436809.794633150,35.349476853,-27.484479434,0.724997249,-0.017482248,0.028765267,0.802116538,0.596218072,2354,1709436809.695146561,341299,1709436804.990315437
1545,1709436809.893434286,35.301204557,-27.391434230,0.726504261,-0.017499774,0.016482339,0.801097544,0.598050846,2414,1709436809.794633150,341299,1709436804.990315437
1546,1709436809.992196083,35.262442993,-27.289738737,0.735067584,-0.022655880,0.014470973,0.802917822,0.595483226,2368,1709436809.893434286,341299,1709436804.990315437
1547,1709436810.090962887,35.232990036,-27.173980114,0.727837773,-0.023764994,0.022101229,0.803748273,0.594083727,2411,1709436809.992196083,341299,1709436804.990315437
1548,1709436810.194640398,35.215408790,-27.053620294,0.717436966,-0.014470145,0.036614445,0.805180341,0.591721739,2401,1709436810.090962887,341299,1709436804.990315437
1549,1709436810.293232441,35.192516189,-26.955737191,0.712963931,-0.011628571,0.038340008,0.803281755,0.594250152,2487,1709436810.194640398,341299,1709436804.990315437
1550,1709436810.391803741,35.171095779,-26.859191294,0.718090637,-0.010813406,0.031710506,0.803928975,0.593780867,2405,1709436810.293232441,341299,1709436804.990315437
1551,1709436810.490472555,35.140240313,-26.774814819,0.724056691,-0.010800664,0.026643782,0.803473886,0.594645414,2461,1709436810.391803741,341299,1709436804.990315437
1552,1709436810.594489336,35.102299372,-26.683296102,0.718471772,-0.005216199,0.023236386,0.803185252,0.595253150,2407,1709436810.490472555,341299,1709436804.990315437
1553,1709436810.695128441,35.092293917,-26.592104602,0.715664823,-0.003022971,0.023047672,0.803251713,0.595185981,2445,1709436810.594489336,341299,1709436804.990315437
1554,1709436810.794713259,35.065368484,-26.495793241,0.716616609,-0.008636283,0.022400461,0.803240144,0.595171324,2386,1709436810.695128441,341299,1709436804.990315437
1555,1709436810.893823624,35.037172351,-26.398431392,0.712835735,-0.009964660,0.022530972,0.803854946,0.594314973,2424,1709436810.794713259,341299,1709436804.990315437
1556,1709436810.994648457,35.012770232,-26.284789835,0.707138380,-0.015493832,0.034557113,0.805346849,0.591592934,2382,1709436810.893823624,341299,1709436804.990315437
1557,1709436811.094369888,34.974256129,-26.179830028,0.705691944,-0.016237509,0.035543443,0.810904725,0.583872018,2381,1709436810.994648457,341299,1709436804.990315437
1558,1709436811.193114996,34.937179092,-26.087262389,0.710113846,-0.018484995,0.038114358,0.816503724,0.575784048,2470,1709436811.094369888,341299,1709436804.990315437
1559,1709436811.291926146,34.893649791,-25.990255043,0.705933353,-0.019449539,0.038062941,0.822372806,0.567341075,2466,1709436811.193114996,341299,1709436804.990315437
1560,1709436811.394778252,34.845779758,-25.924847378,0.706204510,-0.013159006,0.033587159,0.828406436,0.558964686,2422,1709436811.291926146,341299,1709436804.990315437
1561,1709436811.494250536,34.819405994,-25.841381104,0.707255381,-0.005418893,0.025722742,0.831864139,0.554356411,2443,1709436811.394778252,341299,1709436804.990315437
1562,1709436811.593029737,34.800247150,-25.765079214,0.708056483,-0.000507955,0.026123109,0.830628443,0.556213732,2427,1709436811.494250536,341299,1709436804.990315437
1563,1709436811.691462517,34.764185219,-25.691989823,0.711859445,0.003565690,0.016258546,0.830257793,0.557130992,2443,1709436811.593029737,341299,1709436804.990315437
1564,1709436811.794560909,34.736690871,-25.604505323,0.714566595,-0.007199778,0.014455000,0.828870029,0.559208093,2365,1709436811.691462517,341299,1709436804.990315437
1565,1709436811.894769907,34.702802172,-25.511549153,0.704199461,-0.006545772,0.021767668,0.825657130,0.563714135,2338,1709436811.794560909,341299,1709436804.990315437
1566,1709436811.994587660,34.703112048,-25.401932678,0.696000628,-0.002949344,0.037300283,0.819151485,0.572355515,2381,1709436811.894769907,341299,1709436804.990315437
1567,1709436812.094427824,34.694833219,-25.300910051,0.699725250,-0.013479024,0.039913525,0.814387577,0.578790204,2446,1709436811.994587660,341299,1709436804.990315437
1568,1709436812.195069790,34.638635601,-25.216390110,0.699500542,-0.012150828,0.044119216,0.815180638,0.577396207,2460,1709436812.094427824,341299,1709436804.990315437
1569,1709436812.294920444,34.611256310,-25.121585807,0.695715144,-0.018934842,0.045578458,0.814751966,0.577705210,2384,1709436812.195069790,341299,1709436804.990315437
1570,1709436812.394180536,34.572421759,-25.025952513,0.697688535,-0.021062895,0.039551050,0.813848803,0.579346351,2550,1709436812.294920444,341299,1709436804.990315437
1571,1709436812.493068457,34.538007495,-24.935051739,0.687473308,-0.014385278,0.036176056,0.814044453,0.579496321,2511,1709436812.394180536,341299,1709436804.990315437
1572,1709436812.591933489,34.511112566,-24.846659145,0.690129186,-0.019716955,0.034837084,0.812830277,0.581123533,2491,1709436812.493068457,341299,1709436804.990315437
1573,1709436812.695056677,34.474216933,-24.767227067,0.691086007,-0.018870506,0.026683159,0.813023491,0.581312924,2510,1709436812.591933489,341299,1709436804.990315437
1574,1709436812.793988466,34.447341778,-24.674015711,0.687948165,-0.018258853,0.033604629,0.812830049,0.581244058,2503,1709436812.695056677,341299,1709436804.990315437
1575,1709436812.892619371,34.412407843,-24.581462448,0.682117266,-0.015387117,0.032044858,0.813744602,0.580134542,2480,1709436812.793988466,341299,1709436804.990315437
1576,1709436812.991508722,34.377251405,-24.499819366,0.674304786,-0.016401588,0.033762539,0.812935286,0.581143098,2434,1709436812.892619371,341299,1709436804.990315437
1577,1709436813.094393492,34.334556845,-24.418478549,0.670363496,-0.018348587,0.031426990,0.813854141,0.579928539,2425,1709436812.991508722,341299,1709436804.990315437
1578,1709436813.195086956,34.287047175,-24.336343611,0.671889351,-0.023587297,0.029727208,0.813511160,0.580309852,2383,1709436813.094393492,341299,1709436804.990315437
1579,1709436813.294927835,34.249013653,-24.260726835,0.677466576,-0.018360121,0.034816779,0.813739859,0.579894938,2538,1709436813.195086956,341299,1709436804.990315437
1580,1709436813.394757509,34.227158370,-24.176096283,0.676132127,-0.015970234,0.041297042,0.814094613,0.579041853,2458,1709436813.294927835,341299,1709436804.990315437
1581,1709436813.494575500,34.203098279,-24.101390410,0.678086131,-0.012479696,0.035325356,0.813320582,0.580608308,2419,1709436813.394757509,341299,1709436804.990315437
1582,1709436813.594408035,34.171545226,-24.018995169,0.678148067,-0.013979787,0.027703773,0.813681187,0.580482551,2456,1709436813.494575500,341299,1709436804.990315437
1583,1709436813.694215298,34.147231245,-23.941930774,0.676767934,-0.016957892,0.027123311,0.811594901,0.583344215,2475,1709436813.594408035,341299,1709436804.990315437
1584,1709436813.793206215,34.121363849,-23.869010673,0.681390764,-0.012878362,0.018954252,0.811880877,0.583373230,2442,1709436813.694215298,341299,1709436804.990315437
1585,1709436813.892136574,34.114842204,-23.780935269,0.677421338,-0.010296027,0.023460778,0.812848661,0.581911194,2458,1709436813.793206215,341299,1709436804.990315437
1586,1709436813.994535685,34.089716210,-23.690024426,0.673849738,-0.008232359,0.022825034,0.812808134,0.582025930,2439,1709436813.892136574,341299,1709436804.990315437
1587,1709436814.093692780,34.052078521,-23.618961161,0.679425140,-0.016188461,0.018247173,0.811893756,0.583295383,2446,1709436813.994535685,341299,1709436804.990315437
1588,1709436814.192489386,34.043789851,-23.540104141,0.679022925,-0.016408017,0.019516011,0.812203312,0.582817023,2406,1709436814.093692780,341299,1709436804.990315437
1589,1709436814.291000843,34.022735092,-23.454168606,0.672144080,-0.011981939,0.026398753,0.813714923,0.580540751,2384,1709436814.192489386,341299,1709436804.990315437
1590,1709436814.395112276,34.009560203,-23.359153455,0.666406091,-0.007251615,0.032403916,0.813173671,0.581073129,2348,1709436814.291000843,341299,1709436804.990315437
1591,1709436814.494786024,33.980745072,-23.276539315,0.666715071,-0.012928815,0.032733147,0.813385576,0.580659360,2416,1709436814.395112276,341299,1709436804.990315437
1592,1709436814.594795942,33.932468200,-23.206854771,0.674018261,-0.012414777,0.021901772,0.812011704,0.583097914,2455,1709436814.494786024,341299,1709436804.990315437
1593,1709436814.694635391,33.869713667,-23.124830870,0.678457195,-0.012660597,0.014266569,0.812187214,0.583084989,2327,1709436814.594795942,341299,1709436804.990315437
1594,1709436814.794486284,33.841440360,-23.023410865,0.675908204,-0.012926761,0.021694895,0.813582144,0.580901305,2431,1709436814.694635391,341299,1709436804.990315437
1595,1709436814.895127773,33.823394109,-22.950549461,0.680601445,0.007213510,0.014205730,0.813935796,0.580736328,2485,1709436814.794486284,341299,1709436804.990315437
1596,1709436814.994340897,33.794138310,-22.873335932,0.682755430,-0.001404831,0.016940140,0.812631907,0.582529349,2422,1709436814.895127773,341299,1709436804.990315437
1597,1709436815.093326330,33.749211511,-22.780183159,0.684481106,-0.006316509,0.012871760,0.812804163,0.582360551,2348,1709436814.994340897,341299,1709436804.990315437
1598,1709436815.192232847,33.713440294,-22.676662169,0.677279553,-0.013342213,0.019556758,0.813218112,0.581477275,2394,1709436815.093326330,341299,1709436804.990315437
1599,1709436815.294461966,33.699464064,-22.573347075,0.672317873,-0.017323892,0.024221364,0.812907763,0.581630619,2415,1709436815.192232847,341299,1709436804.990315437
1600,1709436815.393572807,33.686671808,-22.488257784,0.670644357,-0.014510653,0.028571603,0.813390761,0.580834377,2504,1709436815.294461966,341299,1709436804.990315437
1601,1709436815.492058754,33.663699853,-22.394878547,0.676862132,-0.021696565,0.033039435,0.812583700,0.581502696,2425,1709436815.393572807,341299,1709436804.990315437
1602,1709436815.590703249,33.643157360,-22.316075262,0.682874778,-0.022520974,0.022181375,0.813120658,0.581236258,2420,1709436815.492058754,341299,1709436804.990315437
1603,1709436815.694623232,33.622048261,-22.238536734,0.684663836,-0.020903808,0.014486018,0.813584874,0.580889696,2481,1709436815.590703249,341299,1709436804.990315437
1604,1709436815.794108391,33.606021137,-22.170344296,0.682894332,-0.019404752,0.019385669,0.812674974,0.582071334,2484,1709436815.694623232,341299,1709436804.990315437
1605,1709436815.892570257,33.576597983,-22.081265537,0.670005141,-0.028614071,0.019806594,0.812565841,0.581829604,2490,1709436815.794108391,341299,1709436804.990315437
1606,1709436815.994919300,33.552070946,-21.976441798,0.655736717,-0.031283171,0.030007964,0.812875506,0.580822087,2458,1709436815.892570257,341299,1709436804.990315437
1607,1709436816.094764948,33.513719028,-21.881871650,0.659169213,-0.038548761,0.037549000,0.813091844,0.579642751,2523,1709436815.994919300,341299,1709436804.990315437
1608,1709436816.194609165,33.492424675,-21.789149070,0.664571780,-0.041504066,0.030890713,0.811880910,0.581526064,2616,1709436816.094764948,341299,1709436804.990315437
1609,1709436816.294074535,33.462885721,-21.685310930,0.663540442,-0.042551277,0.031951564,0.812839026,0.580052760,2648,1709436816.194609165,341299,1709436804.990315437
1610,1709436816.393027782,33.408646812,-21.588005582,0.657529901,-0.041267914,0.038316972,0.813193365,0.579262738,2621,1709436816.294074535,341299,1709436804.990315437
1611,1709436816.494938850,33.397563101,-21.506403272,0.652054460,-0.020055388,0.028420212,0.814870769,0.578598050,2575,1709436816.393027782,341299,1709436804.990315437
1612,1709436816.594559193,33.373250968,-21.434614760,0.650622526,-0.012991843,0.017909537,0.813035013,0.581794232,2548,1709436816.494938850,341299,1709436804.990315437
1613,1709436816.693053722,33.343429747,-21.352766827,0.658215431,-0.020683777,0.006898829,0.812506282,0.582544530,2453,1709436816.594559193,341299,1709436804.990315437
1614,1709436816.791617393,33.319174804,-21.279614815,0.658465919,-0.015503499,0.002848853,0.814772950,0.579565842,2372,1709436816.693053722,341299,1709436804.990315437
1615,1709436816.890331030,33.312789407,-21.194268167,0.657143188,-0.004154291,0.007700672,0.815417552,0.578807099,2387,1709436816.791617393,341299,1709436804.990315437
1616,1709436816.994965553,33.296283806,-21.101233804,0.659666702,-0.003871920,0.005243734,0.813038701,0.582173155,2349,1709436816.890331030,341299,1709436804.990315437
1617,1709436817.093856335,33.244394116,-21.023236267,0.666202616,-0.007716343,-0.001697378,0.812245753,0.583261874,2365,1709436816.994965553,341299,1709436804.990315437
1618,1709436817.192368984,33.205678939,-20.919768439,0.662991391,-0.012049698,-0.000526541,0.812534990,0.582787627,2300,1709436817.093856335,341299,1709436804.990315437
1619,1709436817.294483900,33.174946503,-20.810701079,0.660955084,-0.021009971,0.008452896,0.810149621,0.585785559,2379,1709436817.192368984,341299,1709436804.990315437
1620,1709436817.395111084,33.139723893,-20.698997331,0.669035332,-0.018208282,0.001256118,0.811560428,0.583983349,2446,1709436817.294483900,341299,1709436804.990315437
1621,1709436817.494944572,33.099775576,-20.596944620,0.670691730,-0.024091161,0.005635607,0.810067124,0.585814911,2549,1709436817.395111084,341299,1709436804.990315437
1622,1709436817.594461203,33.073856734,-20.482949449,0.672292671,-0.025072629,0.013003039,0.810122199,0.585580316,2600,1709436817.494944572,341299,1709436804.990315437
1623,1709436817.693440199,33.033172124,-20.376557792,0.669232036,-0.026410433,0.019231387,0.809107536,0.586751769,2492,1709436817.594461203,341299,1709436804.990315437
1624,1709436817.794480562,33.000140780,-20.285203440,0.660842592,-0.017874206,0.019418322,0.808155673,0.588377302,2508,1709436817.693440199,341299,1709436804.990315437
1625,1709436817.894247532,32.956883731,-20.182803645,0.655349181,-0.033659259,0.021013575,0.805582770,0.591153012,2477,1709436817.794480562,341299,1709436804.990315437
1626,1709436817.992871761,32.925717676,-20.074269919,0.658078776,-0.034450205,0.017412827,0.805415371,0.591452498,2474,1709436817.894247532,341299,1709436804.990315437
1627,1709436818.091551304,32.910686047,-19.968582101,0.654254073,-0.026195146,0.023659336,0.807171157,0.589261210,2585,1709436817.992871761,341299,1709436804.990315437
1628,1709436818.190420628,32.880482348,-19.879380681,0.650904910,-0.026076688,0.025705720,0.805272082,0.591773686,2527,1709436818.091551304,341299,1709436804.990315437
1629,1709436818.294467688,32.830103933,-19.778485652,0.649237437,-0.035137108,0.015085891,0.805697257,0.591091981,2492,1709436818.190420628,341299,1709436804.990315437
1630,1709436818.393254280,32.801707363,-19.706345419,0.656980797,-0.030994187,0.013917736,0.805947333,0.591011466,2622,1709436818.294467688,341299,1709436804.990315437
1631,1709436818.491899252,32.782882732,-19.624042401,0.652857978,-0.018492476,0.015445434,0.806412507,0.590862367,2569,1709436818.393254280,341299,1709436804.990315437
1632,1709436818.594793320,32.743627103,-19.545552989,0.647403969,-0.017981535,0.014456980,0.805401003,0.592281086,2585,1709436818.491899252,341299,1709436804.990315437
1633,1709436818.694634676,32.722385225,-19.461013532,0.649143463,-0.021015263,0.012615281,0.804114815,0.593968499,2567,1709436818.594793320,341299,1709436804.990315437
1634,1709436818.794474125,32.692529928,-19.358736657,0.637510649,-0.027572780,0.012996428,0.802400431,0.596007032,2620,1709436818.694634676,341299,1709436804.990315437
1635,1709436818.894625902,32.656025082,-19.248414759,0.640015666,-0.035245227,0.008580621,0.802291540,0.595829197,2570,1709436818.794474125,341299,1709436804.990315437
1636,1709436818.993536711,32.631940481,-19.124278978,0.627076870,-0.043975196,0.025314317,0.804886035,0.591256153,2524,1709436818.894625902,341299,1709436804.990315437
1637,1709436819.094814301,32.606464697,-18.997832771,0.624015625,-0.043746512,0.037797898,0.802922208,0.593273536,2536,1709436818.993536711,341299,1709436804.990315437
1638,1709436819.194005966,32.589403512,-18.896395111,0.624768021,-0.035999636,0.038452023,0.803529587,0.592929735,2621,1709436819.094814301,341299,1709436804.990315437
1639,1709436819.292717695,32.561386986,-18.806295840,0.622609574,-0.030905427,0.040628187,0.802578000,0.594359116,2607,1709436819.194005966,341299,1709436804.990315437
1640,1709436819.391360283,32.533843426,-18.724772305,0.617354477,-0.019067506,0.032512736,0.808844620,0.586813201,2573,1709436819.292717695,341299,1709436804.990315437
1641,1709436819.494953156,32.503217268,-18.631388726,0.610823200,-0.015020936,0.028344972,0.818185175,0.574059190,2511,1709436819.391360283,341299,1709436804.990315437
1642,1709436819.594339371,32.495863929,-18.549776258,0.608112863,-0.007586035,0.026230620,0.827849015,0.560286012,2561,1709436819.494953156,341299,1709436804.990315437
1643,1709436819.692917347,32.447610469,-18.468811147,0.615226341,-0.013937732,0.023196266,0.834318792,0.550617676,2494,1709436819.594339371,341299,1709436804.990315437
1644,1709436819.791549921,32.415572395,-18.383699543,0.611869813,-0.015286039,0.024949721,0.837458653,0.545716825,2559,1709436819.692917347,341299,1709436804.990315437
1645,1709436819.895125866,32.386063792,-18.292143164,0.604449962,-0.009737770,0.028618671,0.840189486,0.541449697,2519,1709436819.791549921,341299,1709436804.990315437
1646,1709436819.994985342,32.338912534,-18.192808966,0.601060151,-0.017927778,0.028395794,0.838823843,0.543366206,2611,1709436819.895125866,341299,1709436804.990315437
1647,1709436820.094835997,32.289117742,-18.098501176,0.609766447,-0.016337501,0.020987956,0.839027880,0.543437953,2577,1709436819.994985342,341299,1709436804.990315437
1648,1709436820.194672346,32.242415633,-18.011993570,0.614294395,-0.016513937,0.023363199,0.840780255,0.540620027,2575,1709436820.094835997,341299,1709436804.990315437
1649,1709436820.294507027,32.214314593,-17.930605434,0.612277197,-0.008763712,0.028243896,0.841519876,0.539416146,2538,1709436820.194672346,341299,1709436804.990315437
1650,1709436820.394736290,32.169183580,-17.823207148,0.606522504,-0.012331767,0.035422528,0.839572626,0.541951085,2466,1709436820.294507027,341299,1709436804.990315437
1651,1709436820.493510008,32.115788445,-17.742416688,0.610636222,-0.007337743,0.027852439,0.842079073,0.538584473,2588,1709436820.394736290,341299,1709436804.990315437
1652,1709436820.592223167,32.078410289,-17.643059870,0.601572952,-0.002516674,0.031536406,0.842609620,0.537594782,2494,1709436820.493510008,341299,1709436804.990315437
1653,1709436820.691115618,32.034451766,-17.549870445,0.594428047,-0.010175982,0.040030618,0.841499370,0.538676907,2454,1709436820.592223167,341299,1709436804.990315437
1654,1709436820.794485331,31.985012620,-17.451495231,0.597732760,-0.017907603,0.029415007,0.841996669,0.538382470,2533,1709436820.691115618,341299,1709436804.990315437
1655,1709436820.893972874,31.934582608,-17.363097729,0.601083742,-0.017306017,0.021669391,0.842690898,0.537682983,2577,1709436820.794485331,341299,1709436804.990315437
1656,1709436820.992583990,31.911662978,-17.266597800,0.603206177,-0.015898177,0.026498398,0.842373076,0.538008071,2625,1709436820.893972874,341299,1709436804.990315437
1657,1709436821.091223717,31.859011254,-17.174618436,0.596645565,-0.019577569,0.025790166,0.842638846,0.537504754,2562,1709436820.992583990,341299,1709436804.990315437
1658,1709436821.194629431,31.798411832,-17.087324275,0.594733573,-0.017618863,0.023377805,0.842294321,0.538222380,2586,1709436821.091223717,341299,1709436804.990315437
1659,1709436821.294444561,31.747297721,-17.005752897,0.599038765,-0.019501378,0.019115769,0.841512482,0.539547057,2574,1709436821.194629431,341299,1709436804.990315437
1660,1709436821.395111322,31.699292726,-16.920182079,0.590966846,-0.027781484,0.020395611,0.839680949,0.541985343,2648,1709436821.294444561,341299,1709436804.990315437
1661,1709436821.494960785,31.660247906,-16.826835625,0.591185101,-0.025871047,0.024696999,0.839956974,0.541473018,2563,1709436821.395111322,341299,1709436804.990315437
1662,1709436821.594811201,31.624754594,-16.737037857,0.589395031,-0.020008115,0.028247473,0.839857094,0.541702702,2610,1709436821.494960785,341299,1709436804.990315437
1663,1709436821.694628239,31.579276643,-16.656383236,0.590231658,-0.018443595,0.027473166,0.839829022,0.541841557,2659,1709436821.594811201,341299,1709436804.990315437
1664,1709436821.793448925,31.538216630,-16.566048546,0.586019640,-0.021114911,0.028891175,0.839055382,0.542867872,2608,1709436821.694628239,341299,1709436804.990315437
1665,1709436821.892391205,31.508618277,-16.474481467,0.575480277,-0.021090234,0.035517888,0.839099581,0.542407203,2588,1709436821.793448925,341299,1709436804.990315437
1666,1709436821.991123438,31.490269466,-16.387072822,0.569704089,-0.010580039,0.039897249,0.840324681,0.540509669,2654,1709436821.892391205,341299,1709436804.990315437
1667,1709436822.094800472,31.460430366,-16.274374943,0.568342133,-0.015068379,0.039582574,0.839066971,0.542376975,2630,1709436821.991123438,341299,1709436804.990315437
1668,1709436822.193611145,31.417089185,-16.196466765,0.575496763,-0.020463852,0.033000449,0.837845788,0.544524229,2705,1709436822.094800472,341299,1709436804.990315437
1669,1709436822.292253017,31.363074466,-16.112689975,0.573848051,-0.030067527,0.022284955,0.837816702,0.544667328,2634,1709436822.193611145,341299,1709436804.990315437
1670,1709436822.395138264,31.334165384,-16.024226772,0.567320549,-0.031733780,0.025176866,0.838501283,0.543391840,2683,1709436822.292253017,341299,1709436804.990315437
1671,1709436822.494956017,31.320929557,-15.918287145,0.556054997,-0.025617067,0.036897284,0.838427858,0.543158433,2661,1709436822.395138264,341299,1709436804.990315437
1672,1709436822.594743490,31.291226417,-15.830244146,0.554428593,-0.028321527,0.035110814,0.840088564,0.540570371,2700,1709436822.494956017,341299,1709436804.990315437
1673,1709436822.694615841,31.261604725,-15.764034767,0.559587390,-0.025041901,0.033153738,0.839603853,0.541607886,2713,1709436822.594743490,341299,1709436804.990315437
1674,1709436822.794458151,31.245154400,-15.679826395,0.562734451,-0.025598896,0.035889965,0.838524166,0.543078107,2614,1709436822.694615841,341299,1709436804.990315437
1675,1709436822.895086765,31.223966292,-15.610209335,0.562666848,-0.018260107,0.025221768,0.838611070,0.543839962,2717,1709436822.794458151,341299,1709436804.990315437
1676,1709436822.994411230,31.198403413,-15.542235156,0.554882507,-0.016190058,0.023517535,0.836947094,0.546538534,2697,1709436822.895086765,341299,1709436804.990315437
1677,1709436823.093166828,31.173170474,-15.467228311,0.554056022,-0.010260808,0.018640092,0.834886860,0.550010176,2661,1709436822.994411230,341299,1709436804.990315437
1678,1709436823.192135811,31.134977038,-15.398114109,0.552972882,-0.012795044,0.010820749,0.831722013,0.554939358,2598,1709436823.093166828,341299,1709436804.990315437
1679,1709436823.290905714,31.089650522,-15.331921783,0.563604388,-0.010851737,0.001757072,0.833305487,0.552703463,2622,1709436823.192135811,341299,1709436804.990315437
1680,1709436823.394804478,31.061784826,-15.248241463,0.557373991,-0.006369549,0.008610663,0.835316041,0.549665714,2593,1709436823.290905714,341299,1709436804.990315437
1681,1709436823.493408918,31.037477177,-15.163392257,0.548032930,-0.003488700,0.025147571,0.835136046,0.549457198,2611,1709436823.394804478,341299,1709436804.990315437
1682,1709436823.592077255,31.019307620,-15.078938178,0.542069752,0.001390967,0.031674202,0.838413408,0.544111906,2517,1709436823.493408918,341299,1709436804.990315437
1683,1709436823.690747499,30.997243929,-14.984440329,0.525963706,0.009198429,0.041948052,0.840422378,0.540227708,2599,1709436823.592077255,341299,1709436804.990315437
1684,1709436823.794463634,30.959522983,-14.885462376,0.515231040,0.000490209,0.055884267,0.840033945,0.539647736,2543,1709436823.690747499,341299,1709436804.990315437
1685,1709436823.894490242,30.923511277,-14.800550516,0.514898994,-0.006042772,0.054331632,0.838933026,0.541482166,2677,1709436823.794463634,341299,1709436804.990315437
1686,1709436823.994952917,30.860167175,-14.713590879,0.523645615,-0.021645426,0.048418641,0.839012386,0.541521308,2543,1709436823.894490242,341299,1709436804.990315437
1687,1709436824.094794750,30.801934093,-14.639254863,0.520150203,-0.020679075,0.046048009,0.839209598,0.541460255,2678,1709436823.994952917,341299,1709436804.990315437
1688,1709436824.194633722,30.762530097,-14.557059525,0.523458201,-0.031762428,0.046925051,0.835539200,0.546501083,2699,1709436824.094794750,341299,1709436804.990315437
1689,1709436824.294468880,30.719174006,-14.502447906,0.529960316,-0.031454350,0.036267442,0.835895784,0.546784724,2765,1709436824.194633722,341299,1709436804.990315437
1690,1709436824.393410921,30.691797662,-14.431063883,0.523516268,-0.022756610,0.028144260,0.837386952,0.545410974,2757,1709436824.294468880,341299,1709436804.990315437
1691,1709436824.492503881,30.655761200,-14.340754871,0.510291228,-0.038790437,0.036467087,0.836273479,0.545721653,2705,1709436824.393410921,341299,1709436804.990315437
1692,1709436824.594801188,30.619003243,-14.263656316,0.514499272,-0.031390343,0.031540827,0.837663277,0.544371249,2743,1709436824.492503881,341299,1709436804.990315437
1693,1709436824.694223404,30.592484009,-14.178863065,0.508539310,-0.031269442,0.039948556,0.836105401,0.546217990,2738,1709436824.594801188,341299,1709436804.990315437
1694,1709436824.792951822,30.569051440,-14.110045643,0.504643357,-0.023766657,0.035679313,0.838850710,0.542670821,2737,1709436824.694223404,341299,1709436804.990315437
1695,1709436824.891622305,30.559130352,-14.042790239,0.499108900,-0.018868949,0.043634147,0.838989830,0.542066499,2708,1709436824.792951822,341299,1709436804.990315437
1696,1709436824.994957209,30.539111144,-13.982149632,0.502908003,-0.019402616,0.045143690,0.837387118,0.544397281,2659,1709436824.891622305,341299,1709436804.990315437
1697,1709436825.094655514,30.505020341,-13.917483642,0.499126253,-0.014548972,0.039189141,0.836608054,0.546204634,2659,1709436824.994957209,341299,1709436804.990315437
1698,1709436825.194308758,30.463047233,-13.851645604,0.493360880,-0.017077277,0.028067605,0.834505138,0.550019774,2705,1709436825.094655514,341299,1709436804.990315437
1699,1709436825.291959047,30.426257541,-13.777725422,0.496862668,-0.026008738,0.028137266,0.836997591,0.545863419,2578,1709436825.194308758,341299,1709436804.990315437
1700,1709436825.395119905,30.410839070,-13.697985423,0.490654367,-0.021524034,0.032290511,0.835503748,0.548112694,2604,1709436825.291959047,341299,1709436804.990315437
1701,1709436825.494959354,30.382244851,-13.607993268,0.486096569,-0.027182581,0.039272926,0.835115075,0.547997770,2692,1709436825.395119905,341299,1709436804.990315437
1702,1709436825.594451904,30.351160461,-13.516038547,0.474363888,-0.027074862,0.041359448,0.835558313,0.547173330,2784,1709436825.494959354,341299,1709436804.990315437
1703,1709436825.693519115,30.300641488,-13.435828283,0.472090509,-0.029373439,0.045711289,0.836308126,0.545560627,2736,1709436825.594451904,341299,1709436804.990315437
1704,1709436825.792451859,30.263584414,-13.349441271,0.463633793,-0.022591760,0.046976575,0.838002500,0.543170897,2704,1709436825.693519115,341299,1709436804.990315437
1705,1709436825.895107508,30.233101847,-13.274028468,0.458644084,-0.015193488,0.043213679,0.836654605,0.545812062,2685,1709436825.792451859,341299,1709436804.990315437
1706,1709436825.994002819,30.202585235,-13.192785892,0.463399840,-0.019653531,0.040566300,0.836247274,0.546496671,2705,1709436825.895107508,341299,1709436804.990315437
1707,1709436826.092731237,30.170587352,-13.129684653,0.459084531,-0.013629188,0.035915493,0.837066268,0.545751212,2665,1709436825.994002819,341299,1709436804.990315437
1708,1709436826.191445589,30.127384748,-13.050195043,0.449756819,-0.015990434,0.034420758,0.836805555,0.546183102,2632,1709436826.092731237,341299,1709436804.990315437
1709,1709436826.294475079,30.090631827,-12.979327603,0.451392068,-0.019262212,0.029484756,0.835421685,0.548479921,2571,1709436826.191445589,341299,1709436804.990315437
1710,1709436826.394278765,30.042112925,-12.909360566,0.452395743,-0.027694434,0.021815840,0.832596964,0.552756169,2597,1709436826.294475079,341299,1709436804.990315437
1711,1709436826.492898941,30.017358699,-12.826753830,0.451721896,-0.036446563,0.023459711,0.833929556,0.550166143,2631,1709436826.394278765,341299,1709436804.990315437
1712,1709436826.591583967,30.002428638,-12.732582537,0.441004765,-0.029365948,0.041403607,0.834588432,0.548530338,2656,1709436826.492898941,341299,1709436804.990315437
1713,1709436826.694622040,29.981875933,-12.637828111,0.424582604,-0.022539181,0.057143113,0.832738859,0.550247802,2686,1709436826.591583967,341299,1709436804.990315437
1714,1709436826.794475079,29.937779856,-12.552360266,0.420821071,-0.034928935,0.057756803,0.832539576,0.549838135,2748,1709436826.694622040,341299,1709436804.990315437
1715,1709436826.894663811,29.882799635,-12.472105848,0.422865917,-0.033081753,0.049724736,0.833131625,0.549840652,2683,1709436826.794475079,341299,1709436804.990315437
1716,1709436826.993608236,29.857202083,-12.391609884,0.420963992,-0.028715253,0.049206065,0.836094244,0.545619476,2659,1709436826.894663811,341299,1709436804.990315437
1717,1709436827.092523813,29.842906412,-12.314277585,0.417917991,-0.016650987,0.050164182,0.835382352,0.547122130,2652,1709436826.993608236,341299,1709436804.990315437
1718,1709436827.194620371,29.830036502,-12.231538860,0.409314572,-0.015856431,0.047488326,0.835519034,0.547175818,2621,1709436827.092523813,341299,1709436804.990315437
1719,1709436827.293651342,29.808383632,-12.143297728,0.409141345,-0.022009948,0.042653071,0.836762187,0.545458816,2583,1709436827.194620371,341299,1709436804.990315437
1720,1709436827.392436504,29.772795907,-12.082558182,0.407320001,-0.025082752,0.027288698,0.837601419,0.545022977,2567,1709436827.293651342,341299,1709436804.990315437
1721,1709436827.491323471,29.733187940,-12.025427638,0.417109955,-0.013689584,0.013386478,0.838413990,0.544697512,2586,1709436827.392436504,341299,1709436804.990315437
1722,1709436827.594782829,29.691409833,-11.960418641,0.414072514,-0.017609503,0.020661560,0.835738699,0.548455862,2563,1709436827.491323471,341299,1709436804.990315437
1723,1709436827.693766832,29.646320874,-11.906687762,0.410997596,-0.017375378,0.013921874,0.837835930,0.545467902,2601,1709436827.594782829,341299,1709436804.990315437
1724,1709436827.792528868,29.604331492,-11.831675910,0.406882234,-0.017098576,0.018177916,0.840615610,0.541056927,2648,1709436827.693766832,341299,1709436804.990315437
1725,1709436827.895056963,29.578218529,-11.756423960,0.403580708,-0.005617582,0.020401087,0.839562767,0.542850438,2600,1709436827.792528868,341299,1709436804.990315437
1726,1709436827.994971991,29.540947971,-11.681552962,0.406102766,-0.004239559,0.009263973,0.836634965,0.547666084,2567,1709436827.895056963,341299,1709436804.990315437
1727,1709436828.094815731,29.483409094,-11.601218782,0.423612871,-0.018098615,-0.003128069,0.838681497,0.544312412,2592,1709436827.994971991,341299,1709436804.990315437
1728,1709436828.194639683,29.438101160,-11.520170464,0.418158542,-0.024210639,0.011010273,0.839562421,0.542611794,2636,1709436828.094815731,341299,1709436804.990315437
1729,1709436828.293886662,29.418447154,-11.434645164,0.402213743,-0.019733680,0.019044233,0.840234424,0.541529327,2690,1709436828.194639683,341299,1709436804.990315437
1730,1709436828.395132065,29.376249380,-11.345475211,0.405554238,-0.027358148,0.019644293,0.837617790,0.545217454,2579,1709436828.293886662,341299,1709436804.990315437
1731,1709436828.494865894,29.332069513,-11.267485522,0.410557819,-0.027284324,0.009446690,0.839578918,0.542469876,2602,1709436828.395132065,341299,1709436804.990315437
1732,1709436828.593508959,29.294670451,-11.163201401,0.406273515,-0.031887169,0.017562989,0.840282095,0.540925827,2643,1709436828.494865894,341299,1709436804.990315437
1733,1709436828.692224741,29.254306274,-11.069035920,0.399320587,-0.034819484,0.019997061,0.840151124,0.540863948,2597,1709436828.593508959,341299,1709436804.990315437
1734,1709436828.790983200,29.203268399,-10.970328792,0.391327810,-0.044125838,0.019228787,0.838876313,0.542189722,2664,1709436828.692224741,341299,1709436804.990315437
1735,1709436828.895009756,29.148595290,-10.878562153,0.388161923,-0.050082740,0.006726807,0.838942017,0.541869691,2664,1709436828.790983200,341299,1709436804.990315437
1736,1709436828.993810892,29.110562575,-10.775870826,0.377672034,-0.053522351,0.023385599,0.842772767,0.535091146,2743,1709436828.895009756,341299,1709436804.990315437
1737,1709436829.092576742,29.100170670,-10.686800788,0.374081479,-0.039824226,0.031377049,0.843106471,0.535351278,2695,1709436828.993810892,341299,1709436804.990315437
1738,1709436829.194623232,29.077753057,-10.620768358,0.380025565,-0.022274360,0.025501116,0.844023283,0.535236625,2669,1709436829.092576742,341299,1709436804.990315437
1739,1709436829.294483900,29.053325851,-10.557391998,0.366886198,-0.015454368,0.026093751,0.842533705,0.537789210,2743,1709436829.194623232,341299,1709436804.990315437
1740,1709436829.395126820,29.001745743,-10.491703173,0.371440568,-0.015485026,0.013623098,0.843044983,0.537447469,2622,1709436829.294483900,341299,1709436804.990315437
1741,1709436829.494952440,28.946380043,-10.436874703,0.370782968,-0.017800385,-0.000105987,0.841519281,0.539933731,2688,1709436829.395126820,341299,1709436804.990315437
1742,1709436829.593903065,28.907586113,-10.359357312,0.365557127,-0.023234280,0.001760138,0.842345351,0.538434193,2586,1709436829.494952440,341299,1709436804.990315437
1743,1709436829.694665432,28.860779187,-10.263625363,0.365519175,-0.038661876,0.001175134,0.842854060,0.536750326,2573,1709436829.593903065,341299,1709436804.990315437
1744,1709436829.794495106,28.805771274,-10.169655782,0.374900924,-0.048256574,0.007743874,0.847149100,0.529102767,2531,1709436829.694665432,341299,1709436804.990315437
1745,1709436829.893291950,28.812662019,-10.095978804,0.374112616,-0.034730216,0.024564712,0.843073530,0.536113244,2713,1709436829.794495106,341299,1709436804.990315437
1746,1709436829.992157698,28.816277810,-10.017280771,0.357656331,-0.007458416,0.034109228,0.843181360,0.536494293,2691,1709436829.893291950,341299,1709436804.990315437
1747,1709436830.090911388,28.793655562,-9.947172449,0.350956955,-0.012745417,0.039954815,0.840185282,0.540675372,2595,1709436829.992157698,341299,1709436804.990315437
1748,1709436830.194657564,28.746028913,-9.862902352,0.351253665,-0.015185041,0.030864027,0.840138120,0.541280672,2585,1709436830.090911388,341299,1709436804.990315437
1749,1709436830.293385506,28.684631568,-9.790210367,0.352696417,-0.019726919,0.010954781,0.836263391,0.547863471,2696,1709436830.194657564,341299,1709436804.990315437
1750,1709436830.391702414,28.609188042,-9.728041364,0.362326208,-0.034479406,-0.019164634,0.835304501,0.548370566,2646,1709436830.293385506,341299,1709436804.990315437
1751,1709436830.490557909,28.571082473,-9.639041438,0.365988633,-0.047999372,-0.007859855,0.840627112,0.539425937,2617,1709436830.391702414,341299,1709436804.990315437
1752,1709436830.594807863,28.561666261,-9.560445262,0.358070984,-0.041937782,0.010227895,0.840442055,0.540179382,2644,1709436830.490557909,341299,1709436804.990315437
1753,1709436830.694653273,28.578883927,-9.491419703,0.342457570,-0.012127605,0.026066288,0.844475777,0.534821588,2735,1709436830.594807863,341299,1709436804.990315437
1754,1709436830.794477224,28.573663181,-9.421913886,0.331923056,-0.000541897,0.040617048,0.840188333,0.540771234,2696,1709436830.694653273,341299,1709436804.990315437
1755,1709436830.893845081,28.550278241,-9.345872642,0.330486239,-0.003522385,0.040789660,0.837545209,0.544831919,2619,1709436830.794477224,341299,1709436804.990315437
1756,1709436830.994988680,28.520498422,-9.279790180,0.335967343,-0.001813864,0.025001840,0.836767166,0.546984759,2544,1709436830.893845081,341299,1709436804.990315437
1757,1709436831.094555140,28.478159807,-9.210936200,0.339916541,-0.007444641,0.012088286,0.836131763,0.548344896,2532,1709436830.994988680,341299,1709436804.990315437
1758,1709436831.193369389,28.442668727,-9.121551736,0.339474541,-0.008841293,0.014083328,0.837372864,0.546379153,2610,1709436831.094555140,341299,1709436804.990315437
1759,1709436831.292162180,28.423877714,-9.033532343,0.335191365,-0.005672610,0.024139324,0.837930433,0.545213447,2587,1709436831.193369389,341299,1709436804.990315437
1760,1709436831.394749165,28.380617269,-8.931274100,0.328441733,-0.008087622,0.036847935,0.839288653,0.542375679,2532,1709436831.292162180,341299,1709436804.990315437
1761,1709436831.494227171,28.351229263,-8.843506738,0.327748352,0.000665356,0.042079177,0.841283078,0.538954249,2576,1709436831.394749165,341299,1709436804.990315437
1762,1709436831.592859030,28.329349520,-8.749691057,0.325680316,0.001137164,0.042105725,0.840329428,0.540437108,2635,1709436831.494227171,341299,1709436804.990315437
1763,1709436831.695033789,28.286886152,-8.660171778,0.328296193,-0.004968145,0.037017697,0.840284693,0.540857322,2637,1709436831.592859030,341299,1709436804.990315437
1764,1709436831.794902802,28.234518098,-8.571327341,0.330980328,-0.011230246,0.032405120,0.839461457,0.542335922,2581,1709436831.695033789,341299,1709436804.990315437
1765,1709436831.894755840,28.194678635,-8.492975261,0.332958119,-0.008571758,0.021786301,0.838348749,0.544631303,2571,1709436831.794902802,341299,1709436804.990315437
1766,1709436831.994583845,28.127642079,-8.426562231,0.333744602,-0.013452371,0.014608575,0.837273836,0.546423048,2641,1709436831.894755840,341299,1709436804.990315437
1767,1709436832.094820976,28.083546338,-8.332895864,0.328430196,-0.030906240,0.019402644,0.837894427,0.544611120,2639,1709436831.994583845,341299,1709436804.990315437
1768,1709436832.194650888,28.045406077,-8.248187513,0.328830860,-0.024625360,0.024630200,0.836893886,0.546255954,2593,1709436832.094820976,341299,1709436804.990315437
1769,1709436832.294491768,28.023352552,-8.156099287,0.320872005,-0.021928611,0.034709985,0.837355548,0.545114703,2628,1709436832.194650888,341299,1709436804.990315437
1770,1709436832.394146204,27.981641026,-8.066629903,0.313906993,-0.016853349,0.037808014,0.839057342,0.542465939,2669,1709436832.294491768,341299,1709436804.990315437
1771,1709436832.492937326,27.961368394,-7.979326787,0.313545420,-0.020103810,0.044976012,0.838552924,0.542588231,2649,1709436832.394146204,341299,1709436804.990315437
1772,1709436832.591936111,27.910855506,-7.912797777,0.311483950,-0.018018360,0.039460507,0.839021296,0.542366547,2622,1709436832.492937326,341299,1709436804.990315437
1773,1709436832.694672108,27.860755189,-7.844195469,0.308543761,-0.012172351,0.022846001,0.839656894,0.542499949,2678,1709436832.591936111,341299,1709436804.990315437
1774,1709436832.793933868,27.808423461,-7.748362255,0.304423828,-0.015454413,0.027321327,0.840482310,0.540929009,2695,1709436832.694672108,341299,1709436804.990315437
1775,1709436832.892557621,27.777420202,-7.658740521,0.304739833,-0.009917202,0.029588471,0.841422293,0.539476317,2721,1709436832.793933868,341299,1709436804.990315437
1776,1709436832.991219282,27.734328574,-7.567421350,0.307452850,-0.013533752,0.025325695,0.839345418,0.542839494,2633,1709436832.892557621,341299,1709436804.990315437
1777,1709436833.089900017,27.697775163,-7.484127039,0.310688436,-0.016034901,0.021244173,0.839406049,0.542852698,2626,1709436832.991219282,341299,1709436804.990315437
1778,1709436833.195079327,27.668853750,-7.387564010,0.301710979,-0.020481706,0.027761015,0.841584968,0.539021862,2581,1709436833.089900017,341299,1709436804.990315437
1779,1709436833.294905186,27.628948365,-7.315557694,0.298540977,-0.010484591,0.026567221,0.844571620,0.534680312,2689,1709436833.195079327,341299,1709436804.990315437
1780,1709436833.394742966,27.603748457,-7.236839369,0.298694641,-0.014891488,0.028326011,0.843493219,0.536185667,2597,1709436833.294905186,341299,1709436804.990315437
1781,1709436833.494582176,27.552438990,-7.152648053,0.294336189,-0.024182985,0.024738776,0.840793481,0.540249478,2608,1709436833.394742966,341299,1709436804.990315437
1782,1709436833.594825983,27.506555496,-7.071058582,0.296684731,-0.022340989,0.016656498,0.842244307,0.538375304,2682,1709436833.494582176,341299,1709436804.990315437
1783,1709436833.694188118,27.457109227,-6.995844665,0.292456430,-0.025677615,0.022511403,0.841362081,0.539392015,2713,1709436833.594825983,341299,1709436804.990315437
1784,1709436833.793166876,27.409448738,-6.920396414,0.290003159,-0.023893679,0.017447371,0.838608439,0.543930664,2738,1709436833.694188118,341299,1709436804.990315437
1785,1709436833.892197609,27.348330550,-6.842679278,0.300231794,-0.035473344,0.005586223,0.837532567,0.545206049,2679,1709436833.793166876,341299,1709436804.990315437
1786,1709436833.994622231,27.310234757,-6.757538852,0.308499348,-0.033847836,0.001418366,0.838793624,0.543394487,2734,1709436833.892197609,341299,1709436804.990315437
1787,1709436834.093569756,27.288651397,-6.651188078,0.293176880,-0.025461739,0.015124341,0.841017560,0.540196648,2742,1709436833.994622231,341299,1709436804.990315437
1788,1709436834.192350388,27.262782910,-6.558670155,0.277715302,-0.023980507,0.029693501,0.839011508,0.542773361,2698,1709436834.093569756,341299,1709436804.990315437
1789,1709436834.290954113,27.241867751,-6.468199459,0.277502164,-0.024978823,0.025219818,0.840186605,0.541134446,2650,1709436834.192350388,341299,1709436804.990315437
1790,1709436834.394766808,27.195063633,-6.372130705,0.270383568,-0.031681753,0.021429404,0.841390863,0.539071853,2658,1709436834.290954113,341299,1709436804.990315437
1791,1709436834.494142294,27.147353932,-6.273033967,0.262036186,-0.037914651,0.024413874,0.841814048,0.537880610,2744,1709436834.394766808,341299,1709436804.990315437
1792,1709436834.592483044,27.104660706,-6.171442148,0.254588753,-0.054321152,0.037958829,0.842858755,0.534038818,2731,1709436834.494142294,341299,1709436804.990315437
1793,1709436834.695076466,27.080894576,-6.076414854,0.264440268,-0.039546836,0.028421606,0.847730756,0.528186355,2720,1709436834.592483044,341299,1709436804.990315437
1794,1709436834.794926405,27.038970219,-6.008173217,0.265761941,-0.031644603,0.020108620,0.851487203,0.523033274,2722,1709436834.695076466,341299,1709436804.990315437
1795,1709436834.894777536,27.005995760,-5.921922749,0.261510306,-0.025350754,0.025928105,0.855775200,0.516075458,2775,1709436834.794926405,341299,1709436804.990315437
1796,1709436834.994157553,26.987500019,-5.836999482,0.249741054,-0.009456632,0.032460529,0.861099995,0.507310246,2796,1709436834.894777536,341299,1709436804.990315437
1797,1709436835.093183517,26.961440875,-5.757214796,0.235633287,0.008106634,0.037549528,0.866420945,0.497834372,2657,1709436834.994157553,341299,1709436804.990315437
1798,1709436835.195093393,26.936013888,-5.681566066,0.227836763,0.011354456,0.041756033,0.864388576,0.500958980,2651,1709436835.093183517,341299,1709436804.990315437
1799,1709436835.294566154,26.876895918,-5.622188030,0.235941198,-0.001968132,0.030149449,0.867495476,0.496526673,2580,1709436835.195093393,341299,1709436804.990315437
1800,1709436835.393120289,26.826605304,-5.560051414,0.252495055,-0.005799545,0.015920969,0.869120472,0.494310119,2637,1709436835.294566154,341299,1709436804.990315437
1801,1709436835.491789341,26.770944020,-5.489918563,0.259063528,-0.004426010,0.014940050,0.872056360,0.489157346,2550,1709436835.393120289,341299,1709436804.990315437
1802,1709436835.590680599,26.714301461,-5.399569490,0.255383831,-0.011488130,0.019338627,0.872163741,0.488696684,2548,1709436835.491789341,341299,1709436804.990315437
1803,1709436835.695070982,26.657343091,-5.336280646,0.269743793,-0.007094045,0.003893096,0.873801059,0.486216235,2595,1709436835.590680599,341299,1709436804.990315437
1804,1709436835.794152021,26.601730345,-5.266907965,0.265284449,-0.002898547,0.006979015,0.877479857,0.479553952,2633,1709436835.695070982,341299,1709436804.990315437
1805,1709436835.892619848,26.540878749,-5.179782186,0.261571067,-0.007200490,0.009607907,0.875782310,0.482556926,2601,1709436835.794152021,341299,1709436804.990315437
1806,1709436835.994564056,26.470455190,-5.085209800,0.258044500,-0.014076744,0.010770208,0.874826979,0.484111150,2611,1709436835.892619848,341299,1709436804.990315437
1807,1709436836.094794750,26.411719662,-5.005248339,0.266293226,-0.010103377,0.008346553,0.875266856,0.483462705,2675,1709436835.994564056,419854,1709436835.994564056
1808,1709436836.194631338,26.352772759,-4.929531103,0.269224871,-0.013243943,-0.003067146,0.874760349,0.484365072,2760,1709436836.094794750,419854,1709436835.994564056
1809,1709436836.294397354,26.287241723,-4.848862156,0.275794023,-0.034189084,0.003608605,0.874964386,0.482965225,2730,1709436836.194631338,419854,1709436835.994564056
1810,1709436836.393519640,26.236156448,-4.768097670,0.270968835,-0.027448383,-0.000093578,0.875575846,0.482300233,2795,1709436836.294397354,419854,1709436835.994564056
1811,1709436836.494963408,26.233298571,-4.668274644,0.253588749,-0.011093788,0.017544017,0.876948383,0.480136094,2711,1709436836.393519640,419854,1709436835.994564056
1812,1709436836.594437599,26.199797639,-4.572488546,0.233705657,-0.021545962,0.032589979,0.874417569,0.483598573,2748,1709436836.494963408,419854,1709436835.994564056
1813,1709436836.693274260,26.129686878,-4.487720579,0.231719337,-0.038782734,0.035609976,0.871179541,0.488133216,2730,1709436836.594437599,419854,1709436835.994564056
1814,1709436836.791922569,26.048060309,-4.418355579,0.237717873,-0.053822944,0.021510022,0.870862168,0.488097832,2618,1709436836.693274260,419854,1709436835.994564056
1815,1709436836.895130873,25.996184165,-4.343662946,0.252160381,-0.052120174,0.000804739,0.869066106,0.491942011,2710,1709436836.791922569,419854,1709436835.994564056
1816,1709436836.994647264,25.948742152,-4.258363438,0.252593065,-0.058287204,0.004010482,0.872165374,0.485709871,2709,1709436836.895130873,419854,1709436835.994564056
1817,1709436837.093262196,25.927777803,-4.173399307,0.239045781,-0.047245172,0.022291539,0.870150127,0.490009936,2873,1709436836.994647264,419854,1709436835.994564056
1818,1709436837.192006111,25.913780982,-4.093790003,0.228561766,-0.021406595,0.027630357,0.872960138,0.486537685,2738,1709436837.093262196,419854,1709436835.994564056
1819,1709436837.294499874,25.889966446,-4.008544124,0.220950149,-0.018533501,0.032657205,0.871262812,0.489378309,2712,1709436837.192006111,419854,1709436835.994564056
1820,1709436837.395130634,25.844872646,-3.937994554,0.219334356,-0.017677421,0.024874611,0.871022696,0.490294020,2748,1709436837.294499874,419854,1709436835.994564056
1821,1709436837.494974136,25.778279316,-3.866858902,0.223637892,-0.020706984,0.019882206,0.871326972,0.489862456,2737,1709436837.395130634,419854,1709436835.994564056
1822,1709436837.594457388,25.738540491,-3.792313834,0.220994002,-0.012697507,0.020777482,0.872097324,0.488726229,2785,1709436837.494974136,419854,1709436835.994564056
1823,1709436837.693574667,25.694971508,-3.732205481,0.220051005,-0.005579786,0.017777848,0.869624320,0.493362296,2677,1709436837.594457388,419854,1709436835.994564056
1824,1709436837.794519424,25.631776910,-3.661576548,0.216899800,-0.021318497,0.012998250,0.868525613,0.495014977,2601,1709436837.693574667,419854,1709436835.994564056
1825,1709436837.894119978,25.585140606,-3.578381346,0.218237388,-0.019465833,0.018034816,0.869311449,0.493551853,2610,1709436837.794519424,419854,1709436835.994564056
1826,1709436837.992740393,25.539365356,-3.490165228,0.214753332,-0.017191317,0.027273280,0.870278647,0.491503513,2644,1709436837.894119978,419854,1709436835.994564056
1827,1709436838.091464281,25.510753766,-3.406885709,0.214248526,-0.018117373,0.026298902,0.870580928,0.490987755,2662,1709436837.992740393,419854,1709436835.994564056
1828,1709436838.195092201,25.458002919,-3.309806830,0.210734752,-0.026232075,0.026916330,0.870456583,0.490808237,2587,1709436838.091464281,419854,1709436835.994564056
1829,1709436838.294420242,25.414115870,-3.227399257,0.213349793,-0.023545704,0.031957536,0.870886310,0.489878915,2690,1709436838.195092201,419854,1709436835.994564056
1830,1709436838.393054962,25.363826824,-3.142767466,0.209560131,-0.021180511,0.025454592,0.871589787,0.489116236,2745,1709436838.294420242,419854,1709436835.994564056
1831,1709436838.491661072,25.307726428,-3.057649076,0.201337612,-0.027716382,0.024635346,0.871248368,0.489439663,2695,1709436838.393054962,419854,1709436835.994564056
1832,1709436838.594418526,25.250278443,-2.978816236,0.207253881,-0.031190171,0.017815702,0.870463833,0.490920045,2726,1709436838.491661072,419854,1709436835.994564056
1833,1709436838.695076466,25.201673544,-2.902427249,0.208313538,-0.034436800,0.009783413,0.870144428,0.491494726,2710,1709436838.594418526,419854,1709436835.994564056
1834,1709436838.794912338,25.159251001,-2.823718134,0.211431872,-0.028228721,0.010649172,0.871721188,0.489072495,2794,1709436838.695076466,419854,1709436835.994564056
1835,1709436838.894534111,25.129772117,-2.736075729,0.203792317,-0.021659435,0.023474211,0.872967597,0.486731348,2714,1709436838.794912338,419854,1709436835.994564056
1836,1709436838.993688583,25.088693378,-2.659475680,0.203783572,-0.014696579,0.026443560,0.872597624,0.487501933,2681,1709436838.894534111,419854,1709436835.994564056
1837,1709436839.094474316,25.034035214,-2.593226128,0.211065031,-0.017338516,0.013164606,0.871815968,0.489349555,2571,1709436838.993688583,419854,1709436835.994564056
1838,1709436839.193854570,24.991005453,-2.516764366,0.210344451,-0.022351228,0.006451485,0.872168064,0.488652912,2679,1709436839.094474316,419854,1709436835.994564056
1839,1709436839.292463541,24.940190651,-2.432393426,0.201254610,-0.021827075,0.012022313,0.871446211,0.489857677,2635,1709436839.193854570,419854,1709436835.994564056
1840,1709436839.391418695,24.895724395,-2.348631804,0.196910079,-0.027411201,0.012156750,0.870609855,0.491059386,2594,1709436839.292463541,419854,1709436835.994564056
1841,1709436839.494671106,24.837104592,-2.278239642,0.198011564,-0.025255751,0.007890187,0.871248394,0.490128685,2639,1709436839.391418695,419854,1709436835.994564056
1842,1709436839.594073772,24.795826197,-2.196997160,0.201159414,-0.026940965,0.014086229,0.872080757,0.488416744,2684,1709436839.494671106,419854,1709436835.994564056
1843,1709436839.692681551,24.737062603,-2.118561603,0.194962516,-0.030743531,0.013869515,0.875449548,0.482131269,2782,1709436839.594073772,419854,1709436835.994564056
1844,1709436839.791331530,24.691536149,-2.034436033,0.193405842,-0.025549851,0.015437674,0.877758643,0.478172195,2740,1709436839.692681551,419854,1709436835.994564056
1845,1709436839.894810438,24.660762704,-1.949842950,0.190228629,-0.017999880,0.019437222,0.876725504,0.480260960,2750,1709436839.791331530,419854,1709436835.994564056
1846,1709436839.994656324,24.607443177,-1.869338750,0.191917539,-0.020982466,0.016544886,0.878176315,0.477590162,2743,1709436839.894810438,419854,1709436835.994564056
1847,1709436840.094496250,24.547609741,-1.797020924,0.196392569,-0.027001380,0.010891451,0.876633589,0.480276849,2691,1709436839.994656324,419854,1709436835.994564056
1848,1709436840.195004702,24.484179820,-1.725056131,0.193371679,-0.028874505,0.012416156,0.878173352,0.477308774,2753,1709436840.094496250,419854,1709436835.994564056
1849,1709436840.294961929,24.426654716,-1.653077236,0.192334622,-0.023114393,0.013948819,0.879653490,0.474848285,2626,1709436840.195004702,419854,1709436835.994564056
1850,1709436840.394800425,24.359271727,-1.576891388,0.192173589,-0.028593636,0.008763553,0.885415905,0.463836480,2688,1709436840.294961929,419854,1709436835.994564056
1851,1709436840.493559837,24.315382835,-1.497319430,0.187704378,-0.023758034,0.012467094,0.895095848,0.445065783,2682,1709436840.394800425,419854,1709436835.994564056
1852,1709436840.592274189,24.268794461,-1.414240484,0.189296336,-0.022966988,0.020855115,0.901829011,0.430977976,2661,1709436840.493559837,419854,1709436835.994564056
1853,1709436840.691223860,24.206913857,-1.357236633,0.192733865,-0.017787924,0.014548811,0.907956846,0.418433135,2671,1709436840.592274189,419854,1709436835.994564056
1854,1709436840.794964790,24.114979825,-1.290172659,0.194445688,-0.014803758,0.007811649,0.914983473,0.403143982,2655,1709436840.691223860,419854,1709436835.994564056
1855,1709436840.893828630,24.044246212,-1.217215813,0.193967417,-0.020824951,0.007372267,0.919237321,0.393083603,2740,1709436840.794964790,419854,1709436835.994564056
1856,1709436840.992543936,23.974264525,-1.144699872,0.193238304,-0.012582943,0.004336786,0.924726177,0.380400262,2693,1709436840.893828630,419854,1709436835.994564056
1857,1709436841.091153860,23.890493626,-1.086378633,0.192728813,-0.017802015,0.003978914,0.928857299,0.369988343,2618,1709436840.992543936,419854,1709436835.994564056
1858,1709436841.195118427,23.805333197,-1.016096287,0.191840760,-0.020448246,0.001095129,0.932343140,0.360994377,2650,1709436841.091153860,419854,1709436835.994564056
1859,1709436841.294938326,23.712870921,-0.963893933,0.201405803,-0.020129464,0.000681891,0.937242925,0.348094870,2755,1709436841.195118427,419854,1709436835.994564056
1860,1709436841.394797087,23.634352036,-0.903084174,0.197545151,-0.021471929,0.002152874,0.940467953,0.339196627,2652,1709436841.294938326,419854,1709436835.994564056
1861,1709436841.494625568,23.552693252,-0.861511513,0.195212835,-0.020757435,0.000597740,0.944435935,0.328038926,2635,1709436841.394797087,419854,1709436835.994564056
1862,1709436841.594460011,23.463290173,-0.805255609,0.195659056,-0.026060137,0.006095490,0.949561670,0.312436152,2657,1709436841.494625568,419854,1709436835.994564056
1863,1709436841.694711447,23.371620698,-0.759869918,0.187884469,-0.023910019,0.012752527,0.952689534,0.302734762,2745,1709436841.594460011,419854,1709436835.994564056
1864,1709436841.793578148,23.272298708,-0.702867992,0.186739403,-0.031926739,0.014146258,0.955435511,0.293127193,2756,1709436841.694711447,419854,1709436835.994564056
1865,1709436841.892377615,23.183581657,-0.651347829,0.182059091,-0.034893169,0.006747799,0.957922757,0.284817355,2701,1709436841.793578148,419854,1709436835.994564056
1866,1709436841.991391420,23.098265466,-0.594645195,0.182748117,-0.043633458,0.008361093,0.960755998,0.273814036,2735,1709436841.892377615,419854,1709436835.994564056
1867,1709436842.094462395,23.000576937,-0.537320084,0.177740287,-0.041596417,0.014364256,0.962435517,0.267920292,2796,1709436841.991391420,419854,1709436835.994564056
1868,1709436842.193402290,22.923829686,-0.504545183,0.185797986,-0.040282105,0.000812440,0.965676733,0.256603079,2871,1709436842.094462395,419854,1709436835.994564056
1869,1709436842.292127848,22.836803283,-0.474057051,0.188844023,-0.031258283,-0.001692606,0.968172579,0.248318167,2809,1709436842.193402290,419854,1709436835.994564056
1870,1709436842.390861273,22.770863151,-0.419646938,0.174016604,-0.019488034,0.005779108,0.971011016,0.238168899,2692,1709436842.292127848,419854,1709436835.994564056
1871,1709436842.494608641,22.699558456,-0.360479954,0.175138809,-0.012214644,0.011444327,0.973468040,0.228210002,2706,1709436842.390861273,419854,1709436835.994564056
1872,1709436842.593840837,22.613229163,-0.311347913,0.166192696,-0.014530005,0.015935760,0.975385905,0.219447641,2735,1709436842.494608641,419854,1709436835.994564056
1873,1709436842.695098162,22.505148512,-0.291847043,0.163718709,-0.009092902,0.011209143,0.977091434,0.212329939,2641,1709436842.593840837,419854,1709436835.994564056
1874,1709436842.794919491,22.410133705,-0.292417779,0.165588251,-0.013270802,0.005690663,0.978504390,0.205719858,2637,1709436842.695098162,419854,1709436835.994564056
1875,1709436842.894763231,22.309742243,-0.255118438,0.161560853,-0.016841346,0.010508655,0.979820867,0.198889431,2713,1709436842.794919491,419854,1709436835.994564056
1876,1709436842.994539022,22.243677752,-0.200565774,0.164649189,-0.019409166,0.014227081,0.980512416,0.194977629,2698,1709436842.894763231,419854,1709436835.994564056
1877,1709436843.093417645,22.158553144,-0.168661077,0.170833205,-0.020499210,0.009065681,0.982493724,0.184942367,2779,1709436842.994539022,419854,1709436835.994564056
1878,1709436843.192184687,22.065720036,-0.135604599,0.168935374,-0.024251389,0.011477100,0.983876606,0.176824689,2706,1709436843.093417645,419854,1709436835.994564056
1879,1709436843.294934273,21.953156082,-0.112312345,0.176504316,-0.042021972,0.009509560,0.985072525,0.166660860,2715,1709436843.192184687,419854,1709436835.994564056
1880,1709436843.394444227,21.863890469,-0.051570901,0.180145799,-0.033444638,0.019880384,0.986374776,0.159846891,2740,1709436843.294934273,419854,1709436835.994564056
1881,1709436843.493176222,21.785470577,-0.017240370,0.173312469,-0.017687869,0.024928512,0.988201027,0.150081441,2770,1709436843.394444227,419854,1709436835.994564056
1882,1709436843.591738939,21.675368212,0.009198567,0.171325651,-0.034070591,0.024728887,0.988958367,0.142088092,2647,1709436843.493176222,419854,1709436835.994564056
1883,1709436843.695072889,21.569328681,0.026490824,0.167552384,-0.029472072,0.022393893,0.990337300,0.133648579,2646,1709436843.591738939,419854,1709436835.994564056
1884,1709436843.794905186,21.472102448,0.048508459,0.161537582,-0.022206859,0.020237806,0.991970098,0.122851989,2669,1709436843.695072889,419854,1709436835.994564056
1885,1709436843.893964767,21.362854962,0.061390056,0.155244528,-0.041890196,0.018212021,0.991814566,0.119236743,2629,1709436843.794905186,419854,1709436835.994564056
1886,1709436843.994582891,21.256184806,0.074019191,0.157615321,-0.057898028,0.013759341,0.991836265,0.112779970,2630,1709436843.893964767,419854,1709436835.994564056
1887,1709436844.094408512,21.168055612,0.086824968,0.157701665,-0.051039076,0.009423571,0.993098076,0.105178042,2659,1709436843.994582891,441503,1709436843.994582891
1888,1709436844.195050955,21.068214680,0.097721533,0.149391096,-0.041740429,0.011128663,0.994822579,0.091988723,2682,1709436844.094408512,441503,1709436843.994582891
1889,1709436844.294626474,20.971122109,0.141501396,0.141583377,-0.042324855,0.020643810,0.995528588,0.081885716,2739,1709436844.195050955,441503,1709436843.994582891
1890,1709436844.393502712,20.869288994,0.152379750,0.133464161,-0.037785013,0.023804485,0.996665555,0.068289169,2704,1709436844.294626474,441503,1709436843.994582891
1891,1709436844.492309809,20.768248358,0.175200852,0.127323668,-0.028905799,0.029006739,0.997223336,0.062198728,2642,1709436844.393502712,441503,1709436843.994582891
1892,1709436844.594820261,20.668479666,0.186953184,0.125089623,-0.032440125,0.020858622,0.997436274,0.060277992,2609,1709436844.492309809,441503,1709436843.994582891
1893,1709436844.694144726,20.595279639,0.182319512,0.134128822,-0.028944839,0.005358947,0.998185632,0.052525447,2633,1709436844.594820261,441503,1709436843.994582891
1894,1709436844.792840004,20.508124308,0.180525118,0.137319965,-0.027684498,0.001206072,0.998788419,0.040667043,2629,1709436844.694144726,441503,1709436843.994582891
1895,1709436844.891547441,20.428813155,0.184799835,0.128872883,-0.026251619,0.005717826,0.998757368,0.041974749,2573,1709436844.792840004,441503,1709436843.994582891
1896,1709436844.994956017,20.344488089,0.182046670,0.130003924,-0.022403441,0.003260373,0.998970841,0.039302858,2571,1709436844.891547441,441503,1709436843.994582891
1897,1709436845.094283104,20.267325833,0.193367531,0.130485859,-0.018657432,0.008099937,0.999204784,0.034294170,2559,1709436844.994956017,441503,1709436843.994582891
1898,1709436845.194302320,20.177428600,0.205298776,0.128589685,-0.021914644,0.012872666,0.998988865,0.037084898,2628,1709436845.094283104,441503,1709436843.994582891
1899,1709436845.291640759,20.071722859,0.204732987,0.122400642,-0.028278174,0.003001961,0.998860065,0.038339312,2590,1709436845.194302320,441503,1709436843.994582891
1900,1709436845.395113230,19.958467207,0.182786574,0.130185592,-0.029689597,-0.011744501,0.998777932,0.037725823,2626,1709436845.291640759,441503,1709436843.994582891
1901,1709436845.494952679,19.854320201,0.193498686,0.133146154,-0.026479164,-0.014640485,0.998930701,0.034956617,2705,1709436845.395113230,441503,1709436843.994582891
1902,1709436845.594502449,19.774743212,0.221384999,0.137492147,-0.020110168,-0.009570092,0.999141974,0.034918624,2746,1709436845.494952679,441503,1709436843.994582891
1903,1709436845.693634033,19.682391433,0.230989775,0.144279532,-0.023763831,-0.006247054,0.999264311,0.029446418,2694,1709436845.594502449,441503,1709436843.994582891
1904,1709436845.792599440,19.594058935,0.239585743,0.145518604,-0.016602150,-0.001971158,0.999485910,0.027356891,2664,1709436845.693634033,441503,1709436843.994582891
1905,1709436845.895095348,19.489992615,0.240377341,0.135121856,-0.019899335,-0.005919423,0.999363393,0.029013559,2652,1709436845.792599440,441503,1709436843.994582891
1906,1709436845.993936777,19.376358230,0.232467444,0.130397570,-0.025384226,-0.015774343,0.999101480,0.030050697,2641,1709436845.895095348,441503,1709436843.994582891
1907,1709436846.092666388,19.277460426,0.233725870,0.141445555,-0.026860037,-0.020319513,0.999144389,0.024003045,2638,1709436845.993936777,441503,1709436843.994582891
1908,1709436846.191424131,19.185010201,0.256942375,0.136174731,-0.020460959,-0.011968859,0.999492372,0.021286016,2601,1709436846.092666388,441503,1709436843.994582891
1909,1709436846.294424534,19.090760526,0.282774371,0.135836308,-0.021494060,-0.002904451,0.999585041,0.018955612,2640,1709436846.191424131,441503,1709436843.994582891
1910,1709436846.393960238,18.999238531,0.304247310,0.127991655,-0.016032910,0.001321834,0.999782380,0.013281224,2666,1709436846.294424534,441503,1709436843.994582891
1911,1709436846.492697477,18.892856068,0.329105718,0.117378614,-0.018194940,0.017032879,0.999680731,0.004154754,2593,1709436846.393960238,441503,1709436843.994582891
1912,1709436846.594703913,18.809533701,0.324293452,0.126148122,-0.013252572,0.019959997,0.999712110,0.001290730,2645,1709436846.492697477,441503,1709436843.994582891
1913,1709436846.694609642,18.711775414,0.309266955,0.136093794,-0.017372795,0.006222923,0.999829599,0.000483698,2632,1709436846.594703913,441503,1709436843.994582891
1914,1709436846.794441938,18.610578246,0.300582055,0.138269281,-0.012432895,-0.003062400,0.999903262,-0.005432496,2708,1709436846.694609642,441503,1709436843.994582891
1915,1709436846.894678354,18.495075854,0.307346467,0.137951684,-0.017388623,0.002096806,0.999713359,-0.016322955,2730,1709436846.794441938,441503,1709436843.994582891
1916,1709436846.993538857,18.396378829,0.325827979,0.129500207,-0.010492798,0.018360869,0.999529309,-0.022224767,2707,1709436846.894678354,441503,1709436843.994582891
1917,1709436847.092629671,18.294888016,0.335451044,0.115267138,-0.011214332,0.017383203,0.999448163,-0.025989074,2673,1709436846.993538857,441503,1709436843.994582891
1918,1709436847.194604874,18.190504010,0.308814322,0.125790926,-0.014627590,0.010937632,0.999240585,-0.034418812,2661,1709436847.092629671,441503,1709436843.994582891
1919,1709436847.293788433,18.086742496,0.311297380,0.137730018,-0.012856320,0.007092601,0.999012714,-0.041928600,2751,1709436847.194604874,441503,1709436843.994582891
1920,1709436847.392531633,17.987145314,0.314249158,0.142451635,-0.011983010,0.011209024,0.998483114,-0.052556988,2660,1709436847.293788433,441503,1709436843.994582891
1921,1709436847.491262674,17.885065852,0.295608539,0.142912528,-0.014657276,0.013435100,0.998044011,-0.059268998,2624,1709436847.392531633,441503,1709436843.994582891
1922,1709436847.594763756,17.773900041,0.280507799,0.140249757,-0.018359226,0.011827399,0.997386065,-0.068877351,2672,1709436847.491262674,441503,1709436843.994582891
1923,1709436847.693717957,17.667846275,0.261437884,0.137679086,-0.025552941,0.009556088,0.996768236,-0.075556688,2756,1709436847.594763756,441503,1709436843.994582891
1924,1709436847.792403936,17.568671398,0.235927034,0.143043261,-0.016472469,0.007836777,0.996281501,-0.084204598,2775,1709436847.693717957,441503,1709436843.994582891
1925,1709436847.895081758,17.456468557,0.198979122,0.134557960,-0.027089158,0.007176009,0.995017721,-0.095678715,2753,1709436847.792403936,441503,1709436843.994582891
1926,1709436847.994914293,17.340497951,0.189018238,0.128557032,-0.026711166,0.010063296,0.994149793,-0.104170212,2779,1709436847.895081758,441503,1709436843.994582891
1927,1709436848.094760895,17.233403982,0.166827812,0.129860082,-0.025854698,0.010468190,0.993224177,-0.112817043,2862,1709436847.994914293,441503,1709436843.994582891
1928,1709436848.194588423,17.125453328,0.140569125,0.123827919,-0.024557853,0.004295173,0.992363003,-0.120806183,2808,1709436848.094760895,441503,1709436843.994582891
1929,1709436848.293874264,17.020629210,0.115942506,0.132604837,-0.024985371,0.000259293,0.990817867,-0.132874449,2843,1709436848.194588423,441503,1709436843.994582891
1930,1709436848.395075560,16.919267093,0.078319171,0.124779216,-0.035221016,0.005934504,0.989228360,-0.141956029,2698,1709436848.293874264,441503,1709436843.994582891
1931,1709436848.494667053,16.821459086,0.034482730,0.122563632,-0.031646895,0.002753618,0.987921327,-0.151665231,2751,1709436848.395075560,441503,1709436843.994582891
1932,1709436848.593349218,16.721973975,-0.007719816,0.128364351,-0.035581158,0.002434094,0.986130101,-0.162097132,2740,1709436848.494667053,441503,1709436843.994582891
1933,1709436848.692100763,16.615649312,-0.034073464,0.122227906,-0.035534700,0.005963869,0.984314424,-0.172704465,2668,1709436848.593349218,441503,1709436843.994582891
1934,1709436848.790928125,16.511398250,-0.069911772,0.125241729,-0.036428693,0.002342000,0.982866222,-0.180669463,2694,1709436848.692100763,441503,1709436843.994582891
1935,1709436848.894836187,16.411444534,-0.106754691,0.116594890,-0.031460497,-0.000255971,0.981213087,-0.190344554,2747,1709436848.790928125,441503,1709436843.994582891
1936,1709436848.993402719,16.320749809,-0.149899405,0.117937916,-0.029045065,0.000044352,0.978722300,-0.203123219,2832,1709436848.894836187,441503,1709436843.994582891
1937,1709436849.091996670,16.232080081,-0.186402323,0.113593406,-0.024374576,0.006324920,0.977519934,-0.209333836,2738,1709436848.993402719,441503,1709436843.994582891
1938,1709436849.190716028,16.153141115,-0.226492512,0.116986858,-0.021312098,0.003097805,0.975476107,-0.219049226,2800,1709436849.091996670,441503,1709436843.994582891
1939,1709436849.294436216,16.060746837,-0.276550848,0.117539407,-0.019054321,0.004118409,0.973827094,-0.226452560,2781,1709436849.190716028,441503,1709436843.994582891
1940,1709436849.395054579,15.971182905,-0.326255125,0.114214591,-0.019277352,0.007989497,0.970855710,-0.238754563,2808,1709436849.294436216,441503,1709436843.994582891
1941,1709436849.494827747,15.878405249,-0.376024714,0.114566602,-0.018166014,0.009480990,0.968720612,-0.247306455,2804,1709436849.395054579,441503,1709436843.994582891
1942,1709436849.594054699,15.792916442,-0.415812223,0.121190243,-0.017660530,-0.001316386,0.967294547,-0.253036819,2804,1709436849.494827747,441503,1709436843.994582891
1943,1709436849.694607735,15.708853025,-0.490187194,0.123874379,-0.023049990,-0.003992954,0.964933361,-0.261450500,2747,1709436849.594054699,441503,1709436843.994582891
1944,1709436849.794442892,15.616288336,-0.547705361,0.114625522,-0.025445841,0.000790144,0.962484541,-0.270139582,2741,1709436849.694607735,441503,1709436843.994582891
1945,1709436849.893203020,15.527889236,-0.610781214,0.113128254,-0.029799170,-0.003179136,0.960596799,-0.276325336,2885,1709436849.794442892,441503,1709436843.994582891
1946,1709436849.992045879,15.434694245,-0.671736459,0.112763089,-0.029344455,-0.008389751,0.959143282,-0.281269763,2751,1709436849.893203020,441503,1709436843.994582891
1947,1709436850.090921402,15.350763318,-0.738016881,0.115795473,-0.031012533,-0.016198966,0.958158155,-0.284092883,2823,1709436849.992045879,441503,1709436843.994582891
1948,1709436850.194553614,15.263386310,-0.780304801,0.115116779,-0.021366226,-0.010042859,0.957711200,-0.286761019,2863,1709436850.090921402,441503,1709436843.994582891
1949,1709436850.293165445,15.179346530,-0.831304565,0.109165713,-0.023802065,-0.006047186,0.957547701,-0.287226901,2940,1709436850.194553614,441503,1709436843.994582891
1950,1709436850.391777754,15.103481550,-0.877410727,0.109531981,-0.019899426,-0.012715495,0.958025082,-0.285710116,2856,1709436850.293165445,441503,1709436843.994582891
1951,1709436850.490388632,15.033794195,-0.924855794,0.115032718,-0.007480716,-0.022111415,0.957741797,-0.286680613,2852,1709436850.391777754,441503,1709436843.994582891
1952,1709436850.594740152,14.956472009,-0.995943130,0.120177368,-0.012463504,-0.031966469,0.957064059,-0.287838832,2810,1709436850.490388632,441503,1709436843.994582891
1953,1709436850.694597721,14.867099037,-1.031059188,0.122724208,-0.015093803,-0.019602370,0.955804460,-0.292960337,2846,1709436850.594740152,441503,1709436843.994582891
1954,1709436850.794446945,14.784594784,-1.084122233,0.119608014,-0.013335357,-0.011379502,0.955574223,-0.294228787,2899,1709436850.694597721,441503,1709436843.994582891
1955,1709436850.895071268,14.709563699,-1.157135511,0.117180814,-0.016603750,-0.018562497,0.954365784,-0.297599900,2869,1709436850.794446945,441503,1709436843.994582891
1956,1709436850.994920254,14.640366837,-1.232953680,0.122957094,-0.012694825,-0.014757177,0.953696111,-0.300141291,2764,1709436850.895071268,441503,1709436843.994582891
1957,1709436851.094463110,14.559259042,-1.289676250,0.114933490,-0.008754728,-0.013055201,0.951775867,-0.306391280,2924,1709436850.994920254,441503,1709436843.994582891
1958,1709436851.193186045,14.472671932,-1.362128602,0.109561947,-0.019832278,-0.004775003,0.949510434,-0.313071582,2870,1709436851.094463110,441503,1709436843.994582891
1959,1709436851.291983366,14.381851489,-1.421750444,0.103841280,-0.027809298,0.004902896,0.947910684,-0.317282113,2844,1709436851.193186045,441503,1709436843.994582891
1960,1709436851.394654751,14.296363435,-1.488953748,0.107465642,-0.023327147,0.004973473,0.944261742,-0.328330429,2826,1709436851.291983366,441503,1709436843.994582891
1961,1709436851.494148731,14.231703292,-1.559138129,0.111445562,-0.016171240,-0.000368050,0.942451709,-0.333950792,2838,1709436851.394654751,441503,1709436843.994582891
1962,1709436851.592777491,14.158475982,-1.628006309,0.117529308,-0.017454223,-0.005647560,0.940314267,-0.339812500,2926,1709436851.494148731,441503,1709436843.994582891
1963,1709436851.691307306,14.075110986,-1.669362070,0.115334101,-0.006881570,0.004999865,0.936290874,-0.351122549,2838,1709436851.592777491,441503,1709436843.994582891
1964,1709436851.794820309,13.989446927,-1.715080466,0.117123990,-0.010795898,0.017970158,0.932745471,-0.359925559,2808,1709436851.691307306,441503,1709436843.994582891
1965,1709436851.894688368,13.917642128,-1.770061991,0.122004480,-0.011417610,0.016737726,0.930838261,-0.364869318,2736,1709436851.794820309,441503,1709436843.994582891
1966,1709436851.994531155,13.868899449,-1.866977006,0.128040086,-0.008075095,-0.000309927,0.929295326,-0.369249096,2775,1709436851.894688368,441503,1709436843.994582891
1967,1709436852.094773769,13.798551426,-1.937895333,0.131004499,-0.001381268,-0.006867572,0.923587347,-0.383324069,2802,1709436851.994531155,441503,1709436843.994582891
1968,1709436852.194615602,13.722332942,-2.018466406,0.124377028,-0.014149687,0.001447771,0.917769361,-0.396859031,2709,1709436852.094773769,441503,1709436843.994582891
1969,1709436852.294458389,13.642946361,-2.108642861,0.121556217,-0.019664086,0.005820502,0.913677234,-0.405922848,2774,1709436852.194615602,441503,1709436843.994582891
1970,1709436852.394197702,13.588890593,-2.210676128,0.123399616,-0.024954015,0.000301440,0.910291649,-0.413214618,2840,1709436852.294458389,441503,1709436843.994582891
1971,1709436852.493121624,13.524996595,-2.304031129,0.130023214,-0.023682182,0.001920671,0.905992635,-0.422626088,2804,1709436852.394197702,441503,1709436843.994582891
1972,1709436852.592079878,13.454964135,-2.391917509,0.124226822,-0.021244370,0.004089059,0.901668446,-0.431886525,2842,1709436852.493121624,441503,1709436843.994582891
1973,1709436852.694618940,13.399976439,-2.486720677,0.121957633,-0.021383284,-0.007417305,0.899706492,-0.435908209,2786,1709436852.592079878,441503,1709436843.994582891
1974,1709436852.793827057,13.342867647,-2.584649260,0.127027127,-0.015825737,-0.015423872,0.895992155,-0.443519682,2864,1709436852.694618940,441503,1709436843.994582891
1975,1709436852.892601490,13.268786152,-2.673526023,0.117644618,-0.032698626,-0.015592221,0.891903989,-0.450771513,2835,1709436852.793827057,441503,1709436843.994582891
1976,1709436852.991306305,13.192562994,-2.760125044,0.111941632,-0.043285132,-0.008514367,0.888990617,-0.455795553,2741,1709436852.892601490,441503,1709436843.994582891
1977,1709436853.094828844,13.126956177,-2.841764792,0.115283197,-0.044182198,-0.003549841,0.887869090,-0.457956123,2747,1709436852.991306305,441503,1709436843.994582891
1978,1709436853.194566250,13.074022264,-2.909393661,0.120405234,-0.032016013,-0.003743103,0.884940002,-0.464588159,2762,1709436853.094828844,441503,1709436843.994582891
1979,1709436853.293030739,13.034373459,-2.989226736,0.117801815,-0.022948594,-0.005151310,0.882469258,-0.469781688,2766,1709436853.194566250,441503,1709436843.994582891
1980,1709436853.395138025,12.970877372,-3.052267793,0.118457735,-0.020906502,0.006939774,0.879773352,-0.474882729,2664,1709436853.293030739,441503,1709436843.994582891
1981,1709436853.494969606,12.914538801,-3.115368414,0.108460751,-0.015967033,0.025449882,0.876673328,-0.480147095,2758,1709436853.395138025,441503,1709436843.994582891
1982,1709436853.594810486,12.863955062,-3.192251768,0.109599500,-0.015484715,0.024161670,0.876245849,-0.481008992,2696,1709436853.494969606,441503,1709436843.994582891
1983,1709436853.694273233,12.819814317,-3.264479849,0.115971353,-0.008947007,0.015124863,0.876645523,-0.480815782,2711,1709436853.594810486,441503,1709436843.994582891
1984,1709436853.793312550,12.796338461,-3.358234031,0.131569719,-0.001445180,-0.005466766,0.878804361,-0.477148741,2694,1709436853.694273233,441503,1709436843.994582891
1985,1709436853.892403364,12.761466069,-3.445036301,0.134833614,0.002465657,-0.008186379,0.876920985,-0.480558518,2691,1709436853.793312550,441503,1709436843.994582891
1986,1709436853.994600296,12.695896731,-3.534580405,0.131119814,-0.007124112,-0.003334115,0.879053662,-0.476657939,2709,1709436853.892403364,441503,1709436843.994582891
1987,1709436854.093411207,12.636077065,-3.620247061,0.134558402,-0.005834800,-0.002780548,0.879037713,-0.476708425,2722,1709436853.994600296,441503,1709436843.994582891
1988,1709436854.192141294,12.562865535,-3.712793478,0.134850278,-0.015226903,-0.002257482,0.877521771,-0.479289669,2701,1709436854.093411207,441503,1709436843.994582891
1989,1709436854.290828943,12.486911385,-3.792454387,0.134637519,-0.020817332,0.003088892,0.877258092,-0.479557440,2663,1709436854.192141294,441503,1709436843.994582891
1990,1709436854.394754887,12.421452030,-3.894594393,0.128748714,-0.030640495,0.007380483,0.875431216,-0.482314082,2717,1709436854.290828943,441503,1709436843.994582891
1991,1709436854.494233370,12.361381815,-3.967365008,0.131417589,-0.021352012,0.019919574,0.875107017,-0.483047628,2774,1709436854.394754887,441503,1709436843.994582891
1992,1709436854.592667580,12.303093581,-4.053134539,0.131581530,-0.027330693,0.016696825,0.875620293,-0.481937082,2723,1709436854.494233370,441503,1709436843.994582891
1993,1709436854.694662094,12.245035984,-4.129938919,0.128241374,-0.023438586,0.014468725,0.875849982,-0.481796739,2661,1709436854.592667580,441503,1709436843.994582891
1994,1709436854.794506788,12.194773971,-4.225023113,0.126396689,-0.025040621,0.008091117,0.876014866,-0.481565630,2760,1709436854.694662094,441503,1709436843.994582891
1995,1709436854.894741058,12.143396237,-4.306946959,0.127098792,-0.018981529,0.003953073,0.878328694,-0.477663878,2804,1709436854.794506788,441503,1709436843.994582891
1996,1709436854.994196177,12.090306291,-4.397047649,0.134367487,-0.022361329,0.000017762,0.877175986,-0.479648058,2817,1709436854.894741058,441503,1709436843.994582891
1997,1709436855.093089104,12.027778012,-4.472518455,0.130506853,-0.033042406,0.001152287,0.877013531,-0.479326755,2791,1709436854.994196177,441503,1709436843.994582891
1998,1709436855.192090273,11.971353851,-4.573449520,0.131447975,-0.039028458,0.003707885,0.877141672,-0.478628789,2741,1709436855.093089104,441503,1709436843.994582891
1999,1709436855.294496298,11.916908696,-4.650140691,0.137191663,-0.030426003,0.006167821,0.876431119,-0.480525453,2748,1709436855.192090273,441503,1709436843.994582891
2000,1709436855.393202305,11.867443940,-4.721628985,0.139058366,-0.022735950,0.004649765,0.873817586,-0.485699786,2780,1709436855.294496298,441503,1709436843.994582891
2001,1709436855.491889954,11.813297456,-4.794816078,0.137696479,-0.020787937,0.005750177,0.870098500,-0.492405724,2674,1709436855.393202305,441503,1709436843.994582891
2002,1709436855.590510368,11.770868321,-4.869151360,0.140099488,-0.018515921,0.013198148,0.866301031,-0.499004502,2728,1709436855.491889954,441503,1709436843.994582891
2003,1709436855.695080519,11.711259934,-4.938632047,0.135452395,-0.010987967,0.036142204,0.861219021,-0.506828180,2706,1709436855.590510368,441503,1709436843.994582891
2004,1709436855.793899536,11.671026512,-5.037007862,0.139267456,-0.015490356,0.034649379,0.861369853,-0.506558433,2691,1709436855.695080519,441503,1709436843.994582891
2005,1709436855.892383337,11.639839998,-5.125165793,0.139622799,-0.011962929,0.014671242,0.860166800,-0.509661377,2586,1709436855.793899536,441503,1709436843.994582891
2006,1709436855.994590521,11.624418219,-5.229522322,0.151176156,-0.004476167,-0.010216673,0.860509032,-0.509313057,2582,1709436855.892383337,441503,1709436843.994582891
2007,1709436856.094414949,11.620850931,-5.304015898,0.184097825,0.025158508,-0.015120798,0.858346557,-0.512230025,2723,1709436855.994590521,441503,1709436843.994582891
2008,1709436856.195038319,11.599611984,-5.411540172,0.180490623,0.025646211,-0.029832227,0.851810785,-0.522370267,2758,1709436856.094414949,441503,1709436843.994582891
2009,1709436856.294597626,11.534870531,-5.514996890,0.171239099,0.000533497,-0.030694224,0.850473128,-0.525121928,2680,1709436856.195038319,441503,1709436843.994582891
2010,1709436856.393585920,11.477157032,-5.611882207,0.178978493,-0.005002081,-0.026718630,0.848650437,-0.528255174,2737,1709436856.294597626,441503,1709436843.994582891
2011,1709436856.494596481,11.433060488,-5.706829544,0.183683448,0.002370452,-0.019192959,0.847270624,-0.530809289,2733,1709436856.393585920,441503,1709436843.994582891
2012,1709436856.594082832,11.384023479,-5.787622012,0.183990646,0.000407379,-0.015310669,0.844785544,-0.534885784,2757,1709436856.494596481,441503,1709436843.994582891
2013,1709436856.692897558,11.321969274,-5.873728435,0.174684424,-0.017673977,-0.018504894,0.841742404,-0.539272589,2668,1709436856.594082832,441503,1709436843.994582891
2014,1709436856.791596889,11.271849890,-5.965428056,0.165388297,-0.019676036,-0.007596666,0.839990748,-0.542190638,2727,1709436856.692897558,441503,1709436843.994582891
2015,1709436856.890369892,11.217655382,-6.060594582,0.156768271,-0.024913472,-0.007805473,0.838519746,-0.544245376,2709,1709436856.791596889,441503,1709436843.994582891
2016,1709436856.994610310,11.176902279,-6.165890741,0.161890414,-0.028390278,-0.006551028,0.832543812,-0.553192442,2642,1709436856.890369892,441503,1709436843.994582891
2017,1709436857.093302011,11.140287517,-6.260600726,0.171884210,-0.023010025,0.002025781,0.827048100,-0.561656367,2754,1709436856.994610310,441503,1709436843.994582891
2018,1709436857.191927671,11.118537912,-6.363330397,0.169605500,-0.020181290,0.003955032,0.821452580,-0.569905898,2657,1709436857.093302011,441503,1709436843.994582891
2019,1709436857.294932842,11.096645561,-6.453115762,0.173349665,-0.006686382,0.017599100,0.815250188,-0.578802811,2676,1709436857.191927671,441503,1709436843.994582891
2020,1709436857.394774199,11.059987064,-6.532694350,0.167086037,-0.009222318,0.029324934,0.811142052,-0.584040726,2659,1709436857.294932842,441503,1709436843.994582891
2021,1709436857.494619608,11.044096539,-6.635736687,0.163452674,-0.014680604,0.020088678,0.806424959,-0.590812753,2501,1709436857.394774199,441503,1709436843.994582891
2022,1709436857.594450951,11.047711037,-6.731708370,0.186843065,0.001371185,0.010195418,0.807309425,-0.590038699,2521,1709436857.494619608,441503,1709436843.994582891
2023,1709436857.695091009,11.026932120,-6.821922098,0.201140158,0.005699010,-0.004428597,0.806505508,-0.591182522,2458,1709436857.594450951,441503,1709436843.994582891
2024,1709436857.794921875,11.025872974,-6.921724875,0.212685271,0.019337855,-0.008207229,0.804111538,-0.594107164,2418,1709436857.695091009,441503,1709436843.994582891
2025,1709436857.893786430,11.003821760,-7.033396051,0.209485598,0.009253883,-0.020305636,0.800657947,-0.598706021,2514,1709436857.794921875,441503,1709436843.994582891
2026,1709436857.992537260,10.969647365,-7.137632952,0.215187617,-0.003119643,-0.018657975,0.797663231,-0.602806369,2475,1709436857.893786430,441503,1709436843.994582891
2027,1709436858.091134071,10.925556325,-7.214509827,0.215963186,0.002833598,-0.000599249,0.798189604,-0.602399343,2596,1709436857.992537260,441503,1709436843.994582891
2028,1709436858.195121288,10.897233916,-7.302045440,0.210884413,-0.014468893,-0.004418518,0.791240359,-0.611318102,2525,1709436858.091134071,441503,1709436843.994582891
2029,1709436858.294344664,10.858862907,-7.405051801,0.203670236,-0.023842319,0.007439936,0.788893934,-0.614021622,2534,1709436858.195121288,441503,1709436843.994582891
2030,1709436858.392960310,10.835537387,-7.500649492,0.206143496,-0.022301074,0.004370643,0.787023688,-0.616504075,2595,1709436858.294344664,441503,1709436843.994582891
2031,1709436858.491606474,10.815908546,-7.622061948,0.206489466,-0.018699578,0.005462787,0.786902287,-0.616770034,2561,1709436858.392960310,441503,1709436843.994582891
2032,1709436858.594456434,10.809513242,-7.722729518,0.214251321,-0.009772564,-0.002804680,0.785452548,-0.618838367,2526,1709436858.491606474,441503,1709436843.994582891
2033,1709436858.695082188,10.775263644,-7.823894819,0.210730214,-0.017477078,-0.000165628,0.782483862,-0.622425521,2590,1709436858.594456434,441503,1709436843.994582891
2034,1709436858.794925928,10.736989972,-7.894408348,0.215448209,-0.013067834,0.018278836,0.783024138,-0.621585324,2604,1709436858.695082188,441503,1709436843.994582891
2035,1709436858.894774437,10.700364157,-7.980477464,0.217004938,-0.014847621,0.014845257,0.783909702,-0.620519738,2534,1709436858.794925928,441503,1709436843.994582891
2036,1709436858.994607210,10.673197403,-8.067515951,0.219365436,-0.019664332,0.017844798,0.783498333,-0.620826255,2492,1709436858.894774437,441503,1709436843.994582891
2037,1709436859.094440937,10.642927146,-8.159205073,0.222231346,-0.023547894,0.016492993,0.784694183,-0.619216051,2437,1709436858.994607210,441503,1709436843.994582891
2038,1709436859.193591356,10.617510058,-8.262323867,0.213637608,-0.032236286,0.010520338,0.784548212,-0.619139926,2577,1709436859.094440937,441503,1709436843.994582891
2039,1709436859.292383432,10.599634368,-8.360474837,0.223538269,-0.028159810,-0.001198028,0.787605900,-0.615534350,2545,1709436859.193591356,441503,1709436843.994582891
2040,1709436859.391194582,10.579575687,-8.464360663,0.231250138,-0.025508982,-0.011933764,0.786331571,-0.617162489,2521,1709436859.292383432,441503,1709436843.994582891
2041,1709436859.494610310,10.542561388,-8.576754437,0.225808211,-0.028250902,-0.009554142,0.782974253,-0.621338816,2647,1709436859.391194582,441503,1709436843.994582891
2042,1709436859.593845844,10.505454070,-8.692607970,0.220063463,-0.040382802,-0.002101686,0.781596940,-0.622471714,2672,1709436859.494610310,441503,1709436843.994582891
2043,1709436859.692569017,10.476728894,-8.780330459,0.216581182,-0.030951920,0.004453804,0.779887826,-0.625137681,2699,1709436859.593845844,441503,1709436843.994582891
2044,1709436859.791264772,10.463121667,-8.866169560,0.225202300,-0.019530680,0.005210818,0.782590802,-0.622208193,2619,1709436859.692569017,441503,1709436843.994582891
2045,1709436859.894777536,10.472658805,-8.953537108,0.228141296,-0.012015046,-0.001263067,0.782667722,-0.622322489,2536,1709436859.791264772,441503,1709436843.994582891
2046,1709436859.994601011,10.453022633,-9.050044969,0.229784169,-0.011002142,-0.002481899,0.782276368,-0.622829412,2585,1709436859.894777536,441503,1709436843.994582891
2047,1709436860.094464302,10.447658996,-9.146941857,0.229279608,-0.009211768,-0.004211675,0.783943517,-0.620749521,2587,1709436859.994601011,441503,1709436843.994582891
2048,1709436860.195089102,10.447908543,-9.247951878,0.241146504,-0.001328934,-0.009414699,0.782925694,-0.622042567,2517,1709436860.094464302,441503,1709436843.994582891
2049,1709436860.294917107,10.438708811,-9.349358170,0.239644327,-0.008472697,-0.013270363,0.780027253,-0.625547437,2482,1709436860.195089102,441503,1709436843.994582891
2050,1709436860.394591808,10.389710554,-9.420899736,0.245967556,-0.009596938,-0.002653038,0.780419843,-0.625176558,2586,1709436860.294917107,441503,1709436843.994582891
2051,1709436860.493379831,10.360198303,-9.519732157,0.251175595,-0.015547925,-0.005836420,0.779697266,-0.625936396,2583,1709436860.394591808,441503,1709436843.994582891
2052,1709436860.592079163,10.312319238,-9.603086290,0.251892636,-0.012179644,0.004191379,0.780189265,-0.625410904,2512,1709436860.493379831,441503,1709436843.994582891
2053,1709436860.691199303,10.302901249,-9.699593962,0.254017677,-0.006921700,-0.001468514,0.780812558,-0.624725286,2531,1709436860.592079163,441503,1709436843.994582891
2054,1709436860.794930220,10.283576068,-9.800606662,0.256076823,-0.000653930,-0.003734945,0.782844690,-0.622205605,2498,1709436860.691199303,441503,1709436843.994582891
2055,1709436860.893746138,10.275232486,-9.895058289,0.261441068,0.001734910,-0.007509372,0.779404640,-0.626473469,2573,1709436860.794930220,441503,1709436843.994582891
2056,1709436860.992357016,10.233437339,-9.987802149,0.245403416,-0.008166165,-0.001117957,0.778637932,-0.627419346,2508,1709436860.893746138,441503,1709436843.994582891
2057,1709436861.090973377,10.198344938,-10.088334958,0.247959179,-0.015645473,0.003787503,0.776705541,-0.629658143,2497,1709436860.992357016,441503,1709436843.994582891
2058,1709436861.195073128,10.176519204,-10.203026144,0.252016693,-0.016509129,0.000666236,0.775611995,-0.630993691,2516,1709436861.090973377,441503,1709436843.994582891
2059,1709436861.294893265,10.152071072,-10.304114889,0.256449166,-0.016391745,0.003883746,0.770796464,-0.636858727,2583,1709436861.195073128,441503,1709436843.994582891
2060,1709436861.394747019,10.107952394,-10.405742967,0.253416190,-0.021994962,0.009350294,0.769308959,-0.638429729,2543,1709436861.294893265,441503,1709436843.994582891
2061,1709436861.494586945,10.101285279,-10.517652853,0.255236884,-0.023704380,0.006485184,0.768131451,-0.639820381,2494,1709436861.394747019,441503,1709436843.994582891
2062,1709436861.594405413,10.099240498,-10.620172498,0.263513044,-0.019284874,0.003562069,0.765276202,-0.643403248,2589,1709436861.494586945,441503,1709436843.994582891
2063,1709436861.694376230,10.075316413,-10.737507774,0.260171893,-0.023789939,0.004887623,0.764552274,-0.644104006,2611,1709436861.594405413,441503,1709436843.994582891
2064,1709436861.793506145,10.057079552,-10.848821303,0.261009851,-0.031592835,-0.005120399,0.764729210,-0.643556454,2519,1709436861.694376230,441503,1709436843.994582891
2065,1709436861.892034769,10.047056973,-10.933649100,0.272299250,-0.018269672,0.003810637,0.762946779,-0.646191853,2545,1709436861.793506145,441503,1709436843.994582891
2066,1709436861.991121054,10.033948150,-11.018496861,0.278312913,-0.008602494,0.012405940,0.760214177,-0.649497109,2556,1709436861.892034769,441503,1709436843.994582891
2067,1709436862.094769239,10.037071302,-11.114408124,0.284105348,-0.004375434,0.005180311,0.761338168,-0.648319530,2450,1709436861.991121054,441503,1709436843.994582891
2068,1709436862.193384171,10.017506209,-11.210026420,0.279807332,-0.008912052,0.003796255,0.757032063,-0.653305916,2506,1709436862.094769239,441503,1709436843.994582891
2069,1709436862.291994810,9.975940545,-11.311661035,0.263547964,-0.024381441,0.018851837,0.754995430,-0.655005385,2498,1709436862.193384171,441503,1709436843.994582891
2070,1709436862.395098686,9.951376750,-11.426786226,0.261154524,-0.035796302,0.027189667,0.751707486,-0.657962918,2431,1709436862.291994810,441503,1709436843.994582891
2071,1709436862.494917154,9.946593427,-11.554350612,0.266476059,-0.043577697,0.008720968,0.752505206,-0.657085112,2449,1709436862.395098686,441503,1709436843.994582891
2072,1709436862.594189167,9.958042197,-11.661013912,0.281375247,-0.035539380,-0.007256504,0.753331824,-0.656639520,2533,1709436862.494917154,441503,1709436843.994582891
2073,1709436862.694569349,9.972736462,-11.773775613,0.292573792,-0.026186843,-0.013663444,0.753409057,-0.656888386,2542,1709436862.594189167,441503,1709436843.994582891
2074,1709436862.794818401,9.943480605,-11.871211082,0.284888502,-0.024309325,-0.005617692,0.747153203,-0.664183401,2552,1709436862.694569349,441503,1709436843.994582891
2075,1709436862.894642353,9.918231772,-11.958648206,0.275642999,-0.026470362,0.001416892,0.744059676,-0.667587082,2540,1709436862.794818401,441503,1709436843.994582891
2076,1709436862.994270802,9.912370675,-12.044008122,0.280675164,-0.021548273,-0.004947661,0.739757050,-0.672510743,2564,1709436862.894642353,441503,1709436843.994582891
2077,1709436863.093292952,9.901506949,-12.146603143,0.278180383,-0.023999467,-0.008083531,0.733395375,-0.679330484,2478,1709436862.994270802,441503,1709436843.994582891
2078,1709436863.192092419,9.875071326,-12.243686401,0.277639453,-0.026045106,0.005190305,0.728729515,-0.684286495,2474,1709436863.093292952,441503,1709436843.994582891
2079,1709436863.294781446,9.855439175,-12.353862652,0.269951888,-0.034369964,0.002249930,0.726541780,-0.686258469,2470,1709436863.192092419,441503,1709436843.994582891
2080,1709436863.394355536,9.867235135,-12.437698266,0.280814994,-0.018789905,0.003718799,0.722334432,-0.691278582,2489,1709436863.294781446,441503,1709436843.994582891
2081,1709436863.493046284,9.890574037,-12.545535622,0.291981668,-0.007063763,-0.005278983,0.720855974,-0.693028788,2488,1709436863.394355536,441503,1709436843.994582891
2082,1709436863.591769695,9.903614675,-12.643465675,0.302246445,-0.000813384,-0.007464153,0.717915893,-0.696089358,2344,1709436863.493046284,441503,1709436843.994582891
2083,1709436863.694953203,9.890596601,-12.744823689,0.295848722,-0.001864995,0.004452680,0.711897575,-0.702266714,2412,1709436863.591769695,441503,1709436843.994582891
2084,1709436863.794466257,9.871482771,-12.856372909,0.289025299,-0.011073593,0.006899864,0.709212851,-0.704873676,2303,1709436863.694953203,441503,1709436843.994582891
2085,1709436863.893041134,9.869884714,-12.948320229,0.302085982,-0.007455218,0.004369919,0.711450361,-0.702683220,2301,1709436863.794466257,441503,1709436843.994582891
2086,1709436863.991675615,9.876011752,-13.056231677,0.315301310,-0.002998240,-0.010531784,0.711476212,-0.702624858,2328,1709436863.893041134,441503,1709436843.994582891
2087,1709436864.095094204,9.881333054,-13.144915739,0.326159196,0.008640495,-0.001834070,0.709212036,-0.704939902,2377,1709436863.991675615,441503,1709436843.994582891
2088,1709436864.194925785,9.891949033,-13.261377090,0.322310385,-0.006758255,-0.007506195,0.707031019,-0.707110403,2398,1709436864.095094204,441503,1709436843.994582891
2089,1709436864.294262171,9.900348143,-13.373876453,0.328968552,-0.008586840,-0.011037022,0.706767295,-0.707307883,2389,1709436864.194925785,441503,1709436843.994582891
2090,1709436864.393107653,9.909447495,-13.485806078,0.328206004,-0.004049371,-0.005919414,0.702165111,-0.711978033,2429,1709436864.294262171,441503,1709436843.994582891
2091,1709436864.492026567,9.905223513,-13.591993769,0.326929726,-0.005300151,-0.003670377,0.701053081,-0.713079950,2372,1709436864.393107653,441503,1709436843.994582891
2092,1709436864.595085621,9.913900796,-13.702765240,0.328509171,-0.008571136,-0.008819538,0.697987340,-0.716004487,2351,1709436864.492026567,441503,1709436843.994582891
2093,1709436864.694007635,9.911794556,-13.808613577,0.318088246,-0.019020564,-0.006889300,0.693985656,-0.719704568,2416,1709436864.595085621,441503,1709436843.994582891
2094,1709436864.792729139,9.879382175,-13.903198607,0.311971571,-0.022464792,0.004163017,0.693371391,-0.720218103,2401,1709436864.694007635,441503,1709436843.994582891
2095,1709436864.891462088,9.888730879,-14.001313078,0.322676756,-0.017154892,0.003697993,0.691183319,-0.722466369,2370,1709436864.792729139,441503,1709436843.994582891
2096,1709436864.994446039,9.882566733,-14.097722926,0.323697388,-0.017791863,0.000354832,0.688972895,-0.724568613,2277,1709436864.891462088,441503,1709436843.994582891
2097,1709436865.094119072,9.885175369,-14.201359722,0.323655197,-0.014039259,-0.003308003,0.688897886,-0.724714881,2283,1709436864.994446039,441503,1709436843.994582891
2098,1709436865.192669630,9.891724446,-14.302383228,0.323342952,-0.012172507,0.000657044,0.684481179,-0.728928607,2352,1709436865.094119072,441503,1709436843.994582891
2099,1709436865.291313648,9.876922070,-14.405266210,0.324975792,-0.018150513,0.008824453,0.682773930,-0.730350907,2328,1709436865.192669630,441503,1709436843.994582891
2100,1709436865.394597292,9.884592395,-14.521153944,0.327833531,-0.021158549,0.004880054,0.681286141,-0.731695083,2300,1709436865.291313648,441503,1709436843.994582891
2101,1709436865.494452715,9.892937412,-14.616210372,0.333206586,-0.015240423,0.001804130,0.679532014,-0.733485321,2330,1709436865.394597292,441503,1709436843.994582891
2102,1709436865.594081402,9.905245190,-14.742459195,0.340412065,-0.015869544,0.001770028,0.675665251,-0.737035612,2405,1709436865.494452715,441503,1709436843.994582891
2103,1709436865.693097353,9.906219260,-14.852752549,0.337450465,-0.021401436,0.004494261,0.673203110,-0.739134191,2310,1709436865.594081402,441503,1709436843.994582891
2104,1709436865.792126656,9.897814809,-14.943045990,0.330758387,-0.025195981,0.009472615,0.668846631,-0.742912926,2311,1709436865.693097353,441503,1709436843.994582891
2105,1709436865.894585848,9.902477301,-15.030180269,0.330498030,-0.021909778,0.014221094,0.666084439,-0.745418837,2305,1709436865.792126656,441503,1709436843.994582891
2106,1709436865.993915796,9.931897758,-15.108764304,0.346390557,-0.006956442,0.016731381,0.662379826,-0.748949020,2299,1709436865.894585848,441503,1709436843.994582891
2107,1709436866.092653513,9.965453007,-15.204198179,0.356333114,-0.004098232,0.011263212,0.660439001,-0.750784037,2223,1709436865.993915796,441503,1709436843.994582891
2108,1709436866.191419840,9.969746218,-15.309059766,0.355199374,-0.005530379,0.018570069,0.655026245,-0.755357654,2089,1709436866.092653513,441503,1709436843.994582891
2109,1709436866.294762611,9.982784625,-15.433684704,0.347791592,-0.017003442,0.014401398,0.653976679,-0.756186476,2040,1709436866.191419840,441503,1709436843.994582891
2110,1709436866.393823385,10.027577148,-15.546710660,0.354095085,-0.014611572,0.004349315,0.652890742,-0.757298662,2221,1709436866.294762611,441503,1709436843.994582891
2111,1709436866.492588043,10.064565411,-15.667449113,0.359867529,-0.017852949,-0.014840074,0.653606185,-0.756478684,2244,1709436866.393823385,441503,1709436843.994582891
2112,1709436866.595096350,10.112948222,-15.785490347,0.377866223,-0.008347981,-0.025700053,0.650893255,-0.758688203,2352,1709436866.492588043,441503,1709436843.994582891
2113,1709436866.694953918,10.098113740,-15.905594366,0.376016575,-0.013323576,-0.026000366,0.646226781,-0.762586003,2451,1709436866.595096350,441503,1709436843.994582891
2114,1709436866.794804096,10.113020613,-16.024491536,0.370153706,-0.019280266,-0.018397432,0.642006184,-0.766236168,2518,1709436866.694953918,441503,1709436843.994582891
2115,1709436866.894422770,10.114958995,-16.118009594,0.365102933,-0.014411280,-0.011166126,0.640036337,-0.768128322,2517,1709436866.794804096,441503,1709436843.994582891
2116,1709436866.993467331,10.127535102,-16.211258649,0.369093152,-0.006992453,-0.009459703,0.638024804,-0.769925950,2382,1709436866.894422770,441503,1709436843.994582891
2117,1709436867.095015526,10.163457772,-16.303877859,0.379238774,0.000730916,-0.010776745,0.637312747,-0.770529552,2298,1709436866.993467331,441503,1709436843.994582891
2118,1709436867.194978237,10.149143292,-16.385082469,0.385128592,0.004558105,0.004796750,0.638585146,-0.769522727,2284,1709436867.095015526,441503,1709436843.994582891
2119,1709436867.293773651,10.165592068,-16.472082716,0.386834881,0.009541743,0.002746526,0.642240175,-0.766439149,2267,1709436867.194978237,441503,1709436843.994582891
2120,1709436867.392518044,10.192652229,-16.567179876,0.386217685,0.016415198,-0.007873421,0.640996529,-0.767327831,2008,1709436867.293773651,441503,1709436843.994582891
2121,1709436867.491304159,10.194317800,-16.672407959,0.388828802,0.009659373,-0.004665648,0.641970529,-0.766654269,2123,1709436867.392518044,441503,1709436843.994582891
2122,1709436867.595060349,10.195517490,-16.798445901,0.379227839,-0.003414255,-0.008178551,0.640510936,-0.767897906,2195,1709436867.491304159,441503,1709436843.994582891
2123,1709436867.693545580,10.216855514,-16.934029180,0.375685654,-0.020596164,-0.019462420,0.634377722,-0.772503669,2301,1709436867.595060349,441503,1709436843.994582891
2124,1709436867.792281628,10.228360996,-17.064580738,0.372198963,-0.031665269,-0.022352164,0.631790663,-0.774169393,2381,1709436867.693545580,441503,1709436843.994582891
2125,1709436867.891027451,10.258931607,-17.182241346,0.383211989,-0.022185340,-0.016733883,0.625732527,-0.779542554,2385,1709436867.792281628,441503,1709436843.994582891
2126,1709436867.994452715,10.318458982,-17.306280680,0.383761214,-0.019650960,-0.021911752,0.618123227,-0.785530006,2417,1709436867.891027451,441503,1709436843.994582891
2127,1709436868.095100880,10.354521609,-17.413845957,0.374163782,-0.026155030,-0.016245314,0.615691375,-0.787385633,2370,1709436867.994452715,441503,1709436843.994582891
2128,1709436868.194358110,10.368101511,-17.506653250,0.372527385,-0.019103342,0.000204132,0.612639085,-0.790131870,2431,1709436868.095100880,441503,1709436843.994582891
2129,1709436868.293468952,10.387970722,-17.604457653,0.367355745,-0.022585547,0.001189539,0.610943385,-0.791351160,2283,1709436868.194358110,441503,1709436843.994582891
2130,1709436868.394602299,10.435801243,-17.684001574,0.373253547,-0.016349089,-0.005384358,0.613356082,-0.789618916,2221,1709436868.293468952,441503,1709436843.994582891
2131,1709436868.494462729,10.459561740,-17.763401131,0.376641637,-0.004586709,-0.008125708,0.610868816,-0.791676844,2210,1709436868.394602299,441503,1709436843.994582891
2132,1709436868.593431234,10.482582107,-17.853832614,0.377651119,-0.002593794,-0.002066781,0.606325131,-0.795209932,2213,1709436868.494462729,441503,1709436843.994582891
2133,1709436868.692270994,10.503474695,-17.944160429,0.389212717,-0.007615724,0.009771414,0.604758449,-0.796312588,2191,1709436868.593431234,441503,1709436843.994582891
2134,1709436868.791102886,10.491955712,-18.039891222,0.393649702,-0.007232060,0.013365307,0.602225289,-0.798181538,2125,1709436868.692270994,441503,1709436843.994582891
2135,1709436868.894554138,10.556226689,-18.130418872,0.396286524,-0.006403084,0.008739689,0.600524568,-0.799532902,2103,1709436868.791102886,441503,1709436843.994582891
2136,1709436868.993032455,10.598040311,-18.229551599,0.391983504,-0.006379268,0.002774130,0.598404553,-0.801163903,2132,1709436868.894554138,441503,1709436843.994582891
2137,1709436869.091737986,10.636853647,-18.334142417,0.395996474,-0.001937265,-0.007375813,0.596444606,-0.802618014,2183,1709436868.993032455,441503,1709436843.994582891
2138,1709436869.190348864,10.669495269,-18.445870726,0.395227746,-0.007544574,-0.009401817,0.592357661,-0.805584935,2201,1709436869.091737986,441503,1709436843.994582891
2139,1709436869.294745445,10.697549034,-18.566030361,0.396797697,-0.023478135,-0.009929833,0.591940272,-0.805578605,2156,1709436869.190348864,441503,1709436843.994582891
2140,1709436869.394598961,10.710250909,-18.671713219,0.406006729,-0.018766443,-0.002293674,0.591201347,-0.806302380,2308,1709436869.294745445,441503,1709436843.994582891
2141,1709436869.494429827,10.750965667,-18.761094718,0.411107622,-0.009664366,-0.000710268,0.592906715,-0.805212843,2315,1709436869.394598961,441503,1709436843.994582891
2142,1709436869.593720436,10.796362023,-18.858597655,0.411462334,-0.002657930,-0.002293979,0.593011200,-0.805186556,2266,1709436869.494429827,441503,1709436843.994582891
2143,1709436869.694887877,10.824088816,-18.962616501,0.413682671,0.001672210,-0.003487072,0.593565992,-0.804776029,2155,1709436869.593720436,441503,1709436843.994582891
2144,1709436869.794514894,10.848134655,-19.071640677,0.416586500,0.001904826,-0.009291184,0.591901524,-0.805954485,2131,1709436869.694887877,441503,1709436843.994582891
2145,1709436869.893221378,10.863694438,-19.183459646,0.411195611,-0.010485131,-0.009974862,0.589854183,-0.807380089,2236,1709436869.794514894,441503,1709436843.994582891
2146,1709436869.992038250,10.880180555,-19.289134392,0.415181804,-0.019325611,-0.003736604,0.589359443,-0.807631107,2207,1709436869.893221378,441503,1709436843.994582891
2147,1709436870.090876102,10.903487256,-19.389462326,0.409202496,-0.020009277,-0.008534694,0.590300883,-0.806890113,2239,1709436869.992038250,441503,1709436843.994582891
2148,1709436870.194353342,10.968769685,-19.494912114,0.407746818,-0.020068923,-0.018761020,0.592287420,-0.805258266,2245,1709436870.090876102,441503,1709436843.994582891
2149,1709436870.292895079,11.005595535,-19.592285804,0.412809867,-0.013110292,-0.019355323,0.592697033,-0.805086156,2400,1709436870.194353342,441503,1709436843.994582891
2150,1709436870.391509295,11.047494395,-19.705511568,0.409074816,-0.017232055,-0.018167435,0.591679564,-0.805784273,2335,1709436870.292895079,441503,1709436843.994582891
2151,1709436870.494595528,11.057366188,-19.808428960,0.409429672,-0.023624588,-0.016707024,0.592057740,-0.805375929,2355,1709436870.391509295,441503,1709436843.994582891
2152,1709436870.594640970,11.086999606,-19.907714423,0.404408329,-0.021332072,-0.018784171,0.593736922,-0.804157053,2305,1709436870.494595528,441503,1709436843.994582891
2153,1709436870.694489956,11.127452261,-19.987462100,0.413865758,-0.009081294,-0.007149035,0.594620678,-0.803923299,2356,1709436870.594640970,441503,1709436843.994582891
2154,1709436870.795067310,11.153490820,-20.062724109,0.420734542,-0.000763517,-0.006871575,0.593765188,-0.804608662,2328,1709436870.694489956,441503,1709436843.994582891
2155,1709436870.893911600,11.168697853,-20.107354598,0.433461764,0.011635324,0.011531378,0.594355194,-0.804035789,2168,1709436870.795067310,441503,1709436843.994582891
2156,1709436870.994811535,11.168953471,-20.181034174,0.436949512,0.009871448,0.014715131,0.594469868,-0.803922630,2025,1709436870.893911600,441503,1709436843.994582891
2157,1709436871.094606400,11.207241406,-20.247443221,0.436928078,0.013227969,0.019868582,0.594950240,-0.803408036,1970,1709436870.994811535,441503,1709436843.994582891
2158,1709436871.193401098,11.239252007,-20.341350621,0.439393763,0.006638802,0.017045786,0.595032352,-0.803493539,2029,1709436871.094606400,441503,1709436843.994582891
2159,1709436871.292268038,11.257906714,-20.437811263,0.442143164,0.001737798,0.010265970,0.596854100,-0.802282228,1975,1709436871.193401098,441503,1709436843.994582891
2160,1709436871.394955635,11.311756712,-20.544282149,0.447242817,0.008110623,-0.004159173,0.600090070,-0.799880508,2086,1709436871.292268038,441503,1709436843.994582891
2161,1709436871.493903875,11.332111765,-20.668444671,0.454958385,-0.005497873,-0.021307043,0.597377312,-0.801658362,2213,1709436871.394955635,441503,1709436843.994582891
2162,1709436871.592517614,11.351590945,-20.767276636,0.454671622,-0.013930447,-0.021711216,0.596571298,-0.802145406,2308,1709436871.493903875,441503,1709436843.994582891
2163,1709436871.691220284,11.339220569,-20.875063323,0.451400633,-0.022356889,-0.010004047,0.594368913,-0.803819434,2347,1709436871.592517614,441503,1709436843.994582891
2164,1709436871.795124531,11.369152064,-20.961704882,0.448421467,-0.024187158,0.013889549,0.597241754,-0.801576166,2389,1709436871.691220284,441503,1709436843.994582891
2165,1709436871.894972086,11.386595314,-21.048287270,0.447657321,-0.021944257,0.009476275,0.599986672,-0.799652827,2264,1709436871.795124531,441503,1709436843.994582891
2166,1709436871.994818211,11.421877414,-21.147004562,0.454804486,-0.010906760,0.001640127,0.601570182,-0.798743806,2278,1709436871.894972086,441503,1709436843.994582891
2167,1709436872.094657183,11.434384168,-21.239884493,0.454486194,-0.004105533,0.001539988,0.604931333,-0.796265569,2307,1709436871.994818211,441503,1709436843.994582891
2168,1709436872.194489002,11.459070947,-21.340613835,0.451792173,-0.004435920,-0.004359531,0.606505394,-0.795055045,2275,1709436872.094657183,441503,1709436843.994582891
2169,1709436872.295129299,11.479242068,-21.443083819,0.459040063,-0.014134379,-0.010618442,0.604955268,-0.796063183,2284,1709436872.194489002,441503,1709436843.994582891
2170,1709436872.394123077,11.511597114,-21.545223568,0.452830291,-0.027865946,-0.003079089,0.605143467,-0.795622645,2413,1709436872.295129299,441503,1709436843.994582891
2171,1709436872.492942572,11.509523422,-21.647879462,0.447205512,-0.034698643,-0.009721181,0.608394062,-0.792816605,2380,1709436872.394123077,441503,1709436843.994582891
2172,1709436872.591979504,11.564820008,-21.745132331,0.450582443,-0.029901804,-0.008354860,0.605909442,-0.794927560,2375,1709436872.492942572,441503,1709436843.994582891
2173,1709436872.694489002,11.596261542,-21.843281396,0.448420510,-0.034105694,-0.000916087,0.605188498,-0.795350768,2421,1709436872.591979504,441503,1709436843.994582891
2174,1709436872.793550014,11.625469615,-21.922957477,0.437338195,-0.030011691,0.004011036,0.604953196,-0.795685139,2403,1709436872.694489002,441503,1709436843.994582891
2175,1709436872.892233372,11.637236334,-22.025235418,0.437341217,-0.031715658,-0.000987373,0.604139805,-0.796246343,2345,1709436872.793550014,441503,1709436843.994582891
2176,1709436872.990813255,11.656210065,-22.118464240,0.440948374,-0.029894766,0.003984456,0.602593551,-0.797478175,2347,1709436872.892233372,441503,1709436843.994582891
2177,1709436873.094625473,11.677230205,-22.203953095,0.443983914,-0.030251183,0.010418180,0.603414325,-0.796785718,2308,1709436872.990813255,441503,1709436843.994582891
2178,1709436873.194476604,11.723963038,-22.286330773,0.454085595,-0.027418225,0.002231726,0.603845935,-0.796626228,2270,1709436873.094625473,441503,1709436843.994582891
2179,1709436873.295111418,11.739534508,-22.365954439,0.459073916,-0.019501760,-0.001900099,0.605888479,-0.795308256,2368,1709436873.194476604,441503,1709436843.994582891
2180,1709436873.394956350,11.771178842,-22.460995571,0.462618142,-0.018995508,0.002070433,0.605737286,-0.795435242,2281,1709436873.295111418,441503,1709436843.994582891
2181,1709436873.494781256,11.783074569,-22.544634815,0.467565414,-0.013427243,0.001273129,0.606835287,-0.794713170,2342,1709436873.394956350,441503,1709436843.994582891
2182,1709436873.594620466,11.809245857,-22.639802009,0.477031911,-0.005621684,-0.005378522,0.605262146,-0.795988193,2273,1709436873.494781256,441503,1709436843.994582891
2183,1709436873.694329739,11.836605975,-22.731266552,0.480913392,-0.006481957,-0.001706215,0.603912825,-0.797022191,2362,1709436873.594620466,441503,1709436843.994582891
2184,1709436873.793288231,11.869538762,-22.832926556,0.477184215,-0.009841787,-0.002002518,0.604447917,-0.796581348,2356,1709436873.694329739,441503,1709436843.994582891
2185,1709436873.894922018,11.910229869,-22.932027003,0.472814339,-0.015630614,-0.000177031,0.602787987,-0.797748265,2320,1709436873.793288231,441503,1709436843.994582891
2186,1709436873.994547606,11.908450143,-23.024380136,0.473537800,-0.021777263,0.003572166,0.604793402,-0.796076586,2286,1709436873.894922018,441503,1709436843.994582891
2187,1709436874.093236685,11.954612374,-23.114689703,0.479581927,-0.014233941,-0.003973267,0.605781173,-0.795494047,2318,1709436873.994547606,441503,1709436843.994582891
2188,1709436874.191777706,11.983582037,-23.192031129,0.490533491,-0.002055297,-0.009811104,0.607789375,-0.794035008,2252,1709436874.093236685,441503,1709436843.994582891
2189,1709436874.290623665,12.004971442,-23.275628297,0.490178009,-0.000628076,-0.020040530,0.608304554,-0.793450409,2267,1709436874.191777706,441503,1709436843.994582891
2190,1709436874.394921064,12.020166008,-23.371775725,0.494648792,0.000699902,-0.008791507,0.608240272,-0.793703969,2335,1709436874.290623665,441503,1709436843.994582891
2191,1709436874.493978262,12.041787983,-23.474769716,0.492396240,-0.007228613,-0.008877919,0.608239837,-0.793670732,2327,1709436874.394921064,441503,1709436843.994582891
2192,1709436874.592528582,12.063077418,-23.567508638,0.489301432,-0.008310101,-0.007116932,0.608415799,-0.793543009,2273,1709436874.493978262,441503,1709436843.994582891
2193,1709436874.694473028,12.086961135,-23.667376621,0.491484896,-0.010606052,-0.008453281,0.610112368,-0.792198808,2289,1709436874.592528582,441503,1709436843.994582891
2194,1709436874.795090675,12.103922437,-23.764506793,0.491900489,-0.010041372,-0.002736691,0.610371563,-0.792046865,2311,1709436874.694473028,441503,1709436843.994582891
2195,1709436874.894948959,12.143006113,-23.870658328,0.492554479,-0.012710368,-0.006886377,0.613144090,-0.789838812,2337,1709436874.795090675,441503,1709436843.994582891
2196,1709436874.994313955,12.169419934,-23.968392568,0.495367623,-0.010367834,-0.011042330,0.615112701,-0.788293689,2373,1709436874.894948959,441503,1709436843.994582891
2197,1709436875.093311310,12.198417463,-24.071421060,0.494829893,-0.015778759,-0.009379726,0.613336203,-0.789608608,2392,1709436874.994313955,441503,1709436843.994582891
2198,1709436875.192378521,12.210303179,-24.176366249,0.494044492,-0.015263173,-0.007641014,0.613116345,-0.789808203,2294,1709436875.093311310,441503,1709436843.994582891
2199,1709436875.294367790,12.248876028,-24.274430424,0.491089908,-0.018785462,-0.014427473,0.612644470,-0.790003613,2313,1709436875.192378521,441503,1709436843.994582891
2200,1709436875.392926693,12.267252290,-24.379918025,0.492576372,-0.019021988,-0.013010485,0.614325210,-0.788716317,2308,1709436875.294367790,441503,1709436843.994582891
2201,1709436875.491739750,12.306614318,-24.472859969,0.487326736,-0.021808072,-0.012293427,0.613824920,-0.789045149,2318,1709436875.392926693,441503,1709436843.994582891
2202,1709436875.590445995,12.335757203,-24.585656241,0.483215785,-0.030311433,-0.005637786,0.614794402,-0.788084561,2339,1709436875.491739750,441503,1709436843.994582891
2203,1709436875.694501877,12.361845043,-24.677490558,0.489419408,-0.030346258,-0.003035068,0.616118902,-0.787062508,2331,1709436875.590445995,441503,1709436843.994582891
2204,1709436875.793490171,12.384936686,-24.763201434,0.499646710,-0.018342871,-0.008564098,0.618797141,-0.785289942,2326,1709436875.694501877,441503,1709436843.994582891
2205,1709436875.892165899,12.401164598,-24.836606198,0.506852169,-0.002244855,-0.005401305,0.618173826,-0.786019661,2288,1709436875.793490171,441503,1709436843.994582891
2206,1709436875.994827271,12.430417678,-24.918658342,0.506138190,-0.004893156,0.002615213,0.615947892,-0.787767359,2292,1709436875.892165899,441503,1709436843.994582891
2207,1709436876.094664812,12.435690334,-25.007959199,0.501365855,-0.009036552,0.007485264,0.615649353,-0.787932856,2283,1709436875.994827271,441503,1709436843.994582891
2208,1709436876.194502354,12.435520728,-25.099383500,0.496271398,-0.013756971,0.012257828,0.615037142,-0.788282820,2266,1709436876.094664812,441503,1709436843.994582891
2209,1709436876.294369936,12.449279810,-25.202236128,0.500790606,-0.019057174,0.007129092,0.613758335,-0.789231719,2291,1709436876.194502354,441503,1709436843.994582891
2210,1709436876.393446207,12.477493198,-25.301795078,0.504760885,-0.015462744,-0.001788119,0.615994341,-0.787596774,2229,1709436876.294369936,441503,1709436843.994582891
2211,1709436876.494795322,12.504841862,-25.398401790,0.510714027,-0.014041645,-0.007193544,0.615041577,-0.788336821,2224,1709436876.393446207,441503,1709436843.994582891
2212,1709436876.594016552,12.535872688,-25.513742058,0.505138485,-0.018037125,-0.014607553,0.616294898,-0.787173348,2269,1709436876.494795322,441503,1709436843.994582891
2213,1709436876.692818165,12.532712087,-25.617618732,0.503510043,-0.021961410,-0.015897359,0.614921639,-0.788122039,2303,1709436876.594016552,441503,1709436843.994582891
2214,1709436876.791537523,12.552576568,-25.719246760,0.502773400,-0.028656443,-0.014680319,0.616427107,-0.786753404,2344,1709436876.692818165,441503,1709436843.994582891
2215,1709436876.894909859,12.571439681,-25.827415230,0.510243126,-0.024306063,-0.019022124,0.617268273,-0.786147094,2340,1709436876.791537523,441503,1709436843.994582891
2216,1709436876.994433403,12.588927941,-25.906270724,0.518080790,-0.017698322,-0.014832297,0.617817806,-0.785982144,2332,1709436876.894909859,441503,1709436843.994582891
2217,1709436877.093069553,12.617939155,-25.998701280,0.517577492,-0.014315682,-0.015050628,0.618256813,-0.785701631,2366,1709436876.994433403,441503,1709436843.994582891
2218,1709436877.191769838,12.621299410,-26.091249744,0.516995512,-0.015923699,0.001336981,0.616135729,-0.787477880,2297,1709436877.093069553,441503,1709436843.994582891
2219,1709436877.295094013,12.646828069,-26.169778477,0.525209865,-0.013781884,0.012055141,0.617280031,-0.786530416,2262,1709436877.191769838,441503,1709436843.994582891
2220,1709436877.394932985,12.659543062,-26.242379097,0.527901709,-0.005319452,0.012211375,0.616090056,-0.787563095,2224,1709436877.295094013,441503,1709436843.994582891
2221,1709436877.494779348,12.669432321,-26.327054905,0.527533344,-0.005047460,0.009690187,0.616892958,-0.786971220,2201,1709436877.394932985,441503,1709436843.994582891
2222,1709436877.594632387,12.682628253,-26.433425543,0.524690592,-0.005235733,0.010327705,0.617475549,-0.786504845,2200,1709436877.494779348,441503,1709436843.994582891
2223,1709436877.694084167,12.709517618,-26.532357255,0.527106100,-0.005071751,0.010302100,0.616207075,-0.787500466,2203,1709436877.594632387,441503,1709436843.994582891
2224,1709436877.794914722,12.728524255,-26.625590136,0.528034701,-0.013355499,0.012455372,0.616555593,-0.787099546,2084,1709436877.694084167,441503,1709436843.994582891
2225,1709436877.893628359,12.744473011,-26.735904513,0.531578012,-0.019136146,0.005408931,0.616493545,-0.787108798,2140,1709436877.794914722,441503,1709436843.994582891
2226,1709436877.992423534,12.771326244,-26.825609759,0.544982364,-0.013863812,-0.000409946,0.619723847,-0.784697381,2230,1709436877.893628359,441503,1709436843.994582891
2227,1709436878.091117144,12.821553354,-26.908641616,0.559129570,-0.003254487,-0.000870243,0.618652997,-0.785657126,2173,1709436877.992423534,441503,1709436843.994582891
2228,1709436878.189894438,12.841667528,-26.999394143,0.555957350,-0.007105099,-0.000984921,0.620261166,-0.784362565,2229,1709436878.091117144,441503,1709436843.994582891
2229,1709436878.294206619,12.899781774,-27.098939411,0.561641223,-0.011297120,0.000700183,0.619019821,-0.785293796,2199,1709436878.189894438,441503,1709436843.994582891
2230,1709436878.392821074,12.912609303,-27.182853285,0.563080693,-0.014344565,0.000536409,0.620337879,-0.784203329,2279,1709436878.294206619,441503,1709436843.994582891
2231,1709436878.491406918,12.938374445,-27.275700881,0.560206982,-0.018566068,-0.002251560,0.619978839,-0.784395608,2251,1709436878.392821074,441503,1709436843.994582891
2232,1709436878.594626427,12.967098882,-27.380866546,0.564360470,-0.016098230,-0.007044893,0.623036777,-0.781995135,2241,1709436878.491406918,441503,1709436843.994582891
2233,1709436878.694451332,12.993546967,-27.475510728,0.562132896,-0.015849892,-0.007640195,0.622417399,-0.782487693,2298,1709436878.594626427,441503,1709436843.994582891
2234,1709436878.795116186,13.008325648,-27.576894188,0.554430793,-0.026111023,-0.002109864,0.621850279,-0.782697894,2371,1709436878.694451332,441503,1709436843.994582891
2235,1709436878.894707680,13.036534593,-27.658695887,0.570436268,-0.022955823,-0.001290998,0.622813394,-0.782032506,2284,1709436878.795116186,441503,1709436843.994582891
2236,1709436878.994799376,13.052181738,-27.750798225,0.573397510,-0.018200912,-0.001788739,0.623589585,-0.781537944,2271,1709436878.894707680,441503,1709436843.994582891
2237,1709436879.094621181,13.089068176,-27.840936411,0.580734860,-0.012413096,-0.001171272,0.625503732,-0.780121545,2247,1709436878.994799376,441503,1709436843.994582891
2238,1709436879.193516016,13.106951859,-27.948911288,0.579400029,-0.011289752,-0.005824760,0.625381135,-0.780216028,2290,1709436879.094621181,441503,1709436843.994582891
2239,1709436879.292244434,13.130659624,-28.050744793,0.580976710,-0.012129490,-0.007357395,0.624106818,-0.781210230,2183,1709436879.193516016,441503,1709436843.994582891
2240,1709436879.391069174,13.141368962,-28.153645012,0.584104240,-0.014861818,-0.002537707,0.624860685,-0.780590681,2210,1709436879.292244434,441503,1709436843.994582891
2241,1709436879.494795084,13.152432198,-28.287266455,0.582634142,-0.022837012,-0.005652462,0.626137788,-0.779357422,2186,1709436879.391069174,441503,1709436843.994582891
2242,1709436879.593853235,13.160722120,-28.377591535,0.593532848,-0.017785976,0.006666543,0.625464423,-0.780021456,2325,1709436879.494795084,441503,1709436843.994582891
2243,1709436879.692448139,13.176835862,-28.491376213,0.590928247,-0.020182862,0.001230050,0.625955343,-0.779596721,2269,1709436879.593853235,441503,1709436843.994582891
2244,1709436879.795102119,13.183085269,-28.573349333,0.600966220,-0.011852289,0.006422293,0.628809452,-0.777442571,2241,1709436879.692448139,441503,1709436843.994582891
2245,1709436879.894941568,13.207420116,-28.664673917,0.600656978,-0.010565487,0.002286371,0.627814493,-0.778287933,2243,1709436879.795102119,441503,1709436843.994582891
2246,1709436879.994650841,13.210184764,-28.768949263,0.593015802,-0.016394187,0.012089593,0.626263570,-0.779345247,2263,1709436879.894941568,441503,1709436843.994582891
2247,1709436880.094620943,13.215957508,-28.872586816,0.586373462,-0.024845818,0.013718932,0.625020549,-0.780092168,2207,1709436879.994650841,441503,1709436843.994582891
2248,1709436880.194468021,13.233739152,-28.978886406,0.582363255,-0.027599667,0.010668568,0.619052949,-0.784791620,2152,1709436880.094620943,441503,1709436843.994582891
2249,1709436880.295093298,13.277161710,-29.059546033,0.596408730,-0.020105563,0.012999142,0.611977039,-0.790513056,2208,1709436880.194468021,441503,1709436843.994582891
2250,1709436880.394461393,13.309118390,-29.173992638,0.602248536,-0.024317049,0.007859055,0.603675121,-0.796820723,2312,1709436880.295093298,441503,1709436843.994582891
2251,1709436880.493073940,13.330306842,-29.277404025,0.615838885,-0.022375307,0.017775244,0.596285697,-0.802263519,2218,1709436880.394461393,441503,1709436843.994582891
2252,1709436880.591787815,13.365046258,-29.366945984,0.626993452,-0.017865126,0.016381398,0.589464617,-0.807430463,2173,1709436880.493073940,441503,1709436843.994582891
2253,1709436880.690581560,13.409636385,-29.455304185,0.628078095,-0.016467138,0.023282869,0.583954729,-0.811285163,2116,1709436880.591787815,441503,1709436843.994582891
2254,1709436880.794975519,13.457786987,-29.556444147,0.633910402,-0.017379825,0.016531561,0.582047230,-0.812801127,2057,1709436880.690581560,441503,1709436843.994582891
2255,1709436880.893637896,13.497335593,-29.641255828,0.642218110,-0.017792003,0.024286908,0.580079732,-0.814003130,2122,1709436880.794975519,441503,1709436843.994582891
2256,1709436880.992259979,13.535552776,-29.738724692,0.643498971,-0.023896141,0.020501183,0.578623195,-0.814987039,2082,1709436880.893637896,441503,1709436843.994582891
2257,1709436881.090886831,13.557184678,-29.842432309,0.649210890,-0.026526725,0.020006028,0.579883734,-0.814021466,2103,1709436880.992259979,441503,1709436843.994582891
2258,1709436881.194430351,13.595012920,-29.953560792,0.647529862,-0.027503080,0.017419209,0.577707365,-0.815594478,2105,1709436881.090886831,441503,1709436843.994582891
2259,1709436881.295043468,13.636361035,-30.062450629,0.653694392,-0.025343602,0.016201040,0.576998954,-0.816190808,2264,1709436881.194430351,441503,1709436843.994582891
2260,1709436881.394932032,13.665347426,-30.174514023,0.663291578,-0.025736006,0.015722463,0.574783762,-0.817749405,2117,1709436881.295043468,441503,1709436843.994582891
2261,1709436881.494771242,13.685394493,-30.289587618,0.670356938,-0.025795099,0.020244046,0.574657280,-0.817737001,2152,1709436881.394932032,441503,1709436843.994582891
2262,1709436881.594601393,13.708408267,-30.391273899,0.672890795,-0.025327402,0.017613744,0.574119820,-0.818189899,2212,1709436881.494771242,441503,1709436843.994582891
2263,1709436881.694176674,13.765319142,-30.502068649,0.684141377,-0.019115993,0.005207486,0.575619867,-0.817477357,2246,1709436881.594601393,441503,1709436843.994582891
2264,1709436881.793019772,13.807316004,-30.595564699,0.688900185,-0.013605400,0.003526030,0.576045395,-0.817296863,2283,1709436881.694176674,441503,1709436843.994582891
2265,1709436881.892150640,13.841485211,-30.705782200,0.698527422,-0.020140848,-0.007118597,0.575800302,-0.817311253,2302,1709436881.793019772,441503,1709436843.994582891
2266,1709436881.991194248,13.874695245,-30.800718771,0.698882456,-0.023846265,-0.011492881,0.575427956,-0.817423964,2385,1709436881.892150640,441503,1709436843.994582891
2267,1709436882.094434500,13.911386941,-30.906439133,0.704235311,-0.027032891,-0.015455141,0.576382284,-0.816586691,2405,1709436881.991194248,441503,1709436843.994582891
2268,1709436882.193139553,13.942176591,-30.998470231,0.701915786,-0.018218720,-0.015173978,0.576984388,-0.816410953,2526,1709436882.094434500,441503,1709436843.994582891
2269,1709436882.291817188,13.982233742,-31.085757494,0.705406243,-0.017202557,-0.017924668,0.575458083,-0.817453835,2411,1709436882.193139553,441503,1709436843.994582891
2270,1709436882.390529394,14.013714824,-31.171045100,0.711652786,-0.017611166,-0.009804491,0.574247681,-0.818433455,2425,1709436882.291817188,441503,1709436843.994582891
2271,1709436882.494762182,14.028079604,-31.260641427,0.707766298,-0.017959957,-0.002245417,0.574387023,-0.818383740,2421,1709436882.390529394,441503,1709436843.994582891
2272,1709436882.593667746,14.062808635,-31.344769279,0.711546567,-0.015337378,-0.004042143,0.574037927,-0.818675078,2341,1709436882.494762182,441503,1709436843.994582891
2273,1709436882.692284584,14.091777902,-31.422927590,0.707625933,-0.015852347,-0.005326760,0.573458470,-0.819063924,2290,1709436882.593667746,441503,1709436843.994582891
2274,1709436882.795075417,14.106960831,-31.513080526,0.701302986,-0.017723904,-0.001786355,0.573016185,-0.819350428,2327,1709436882.692284584,441503,1709436843.994582891
2275,1709436882.894927740,14.152188822,-31.596662093,0.705753201,-0.008517564,-0.008304331,0.569981040,-0.821571727,2371,1709436882.795075417,441503,1709436843.994582891
2276,1709436882.994256735,14.195937964,-31.681879990,0.713176794,-0.010200381,-0.013390041,0.561852226,-0.827066343,2395,1709436882.894927740,441503,1709436843.994582891
2277,1709436883.093230724,14.227707056,-31.793741689,0.708229667,-0.016330055,-0.013950999,0.556412124,-0.830628826,2315,1709436882.994256735,441503,1709436843.994582891
2278,1709436883.192121029,14.275005916,-31.891160589,0.717020289,-0.011168048,-0.014558688,0.550928140,-0.834350948,2406,1709436883.093230724,441503,1709436843.994582891
2279,1709436883.295073271,14.314230648,-31.985481798,0.722774285,-0.007862224,-0.019293974,0.546220305,-0.837382413,2393,1709436883.192121029,441503,1709436843.994582891
2280,1709436883.394229174,14.348760581,-32.074746373,0.731998018,-0.000500002,-0.017713067,0.547060246,-0.836905660,2419,1709436883.295073271,441503,1709436843.994582891
2281,1709436883.492868900,14.403115690,-32.167868899,0.723896047,-0.006101329,-0.021636490,0.541495774,-0.840402857,2386,1709436883.394229174,441503,1709436843.994582891
2282,1709436883.591606140,14.429587593,-32.266768687,0.724701866,-0.006108281,-0.010992971,0.542501110,-0.839960945,2328,1709436883.492868900,441503,1709436843.994582891
2283,1709436883.694816589,14.495539625,-32.351579688,0.726900440,-0.000280901,-0.014910961,0.544091818,-0.838893127,2319,1709436883.591606140,441503,1709436843.994582891
2284,1709436883.794510841,14.544466301,-32.444420352,0.730110549,-0.001489833,-0.021486525,0.543356575,-0.839225680,2204,1709436883.694816589,441503,1709436843.994582891
2285,1709436883.893038750,14.587215075,-32.535924058,0.724546078,-0.005903574,-0.014486020,0.543180417,-0.839470272,2366,1709436883.794510841,441503,1709436843.994582891
2286,1709436883.995120287,14.631392260,-32.622748284,0.719550660,-0.011604588,-0.022169420,0.545433731,-0.837780338,2311,1709436883.893038750,441503,1709436843.994582891
2287,1709436884.094976664,14.683882923,-32.709438833,0.728666406,-0.003701939,-0.023326471,0.546206245,-0.837317687,2319,1709436883.995120287,441503,1709436843.994582891
2288,1709436884.194818735,14.740209652,-32.796174334,0.727467696,-0.006432968,-0.034092770,0.545233872,-0.837565714,2412,1709436884.094976664,441503,1709436843.994582891
2289,1709436884.294475794,14.774939312,-32.881281565,0.730837475,-0.001990490,-0.025755912,0.546690509,-0.836936173,2468,1709436884.194818735,441503,1709436843.994582891
2290,1709436884.393382549,14.803475704,-32.957670258,0.737958107,-0.000368918,-0.014872980,0.545030423,-0.838284258,2443,1709436884.294475794,441503,1709436843.994582891
2291,1709436884.492474556,14.838811901,-33.051699020,0.737633538,-0.005203249,-0.015369830,0.543684976,-0.839132493,2331,1709436884.393382549,441503,1709436843.994582891
2292,1709436884.594972610,14.870543670,-33.125310807,0.749102959,0.004839068,-0.004265778,0.544030697,-0.839040516,2328,1709436884.492474556,441503,1709436843.994582891
2293,1709436884.694100857,14.907311091,-33.205054742,0.755001423,0.005594628,-0.000432650,0.544371062,-0.838825763,2299,1709436884.594972610,441503,1709436843.994582891
2294,1709436884.792833567,14.945030906,-33.267329182,0.752960260,0.012697359,0.001194478,0.542773267,-0.839782430,2226,1709436884.694100857,441503,1709436843.994582891
2295,1709436884.891520023,14.983771547,-33.352531760,0.755773944,0.007800677,-0.003672760,0.541180091,-0.840862515,2032,1709436884.792833567,441503,1709436843.994582891
2296,1709436884.995087862,15.021186968,-33.458109580,0.748407371,-0.003427993,-0.006404512,0.536144035,-0.844095258,2114,1709436884.891520023,441503,1709436843.994582891
2297,1709436885.094010830,15.071941413,-33.556377867,0.748165327,0.000517015,-0.010391973,0.535297916,-0.844599243,2327,1709436884.995087862,441503,1709436843.994582891
2298,1709436885.192514420,15.148593944,-33.645254296,0.754471570,0.004763675,-0.018638868,0.530786031,-0.847287489,2331,1709436885.094010830,441503,1709436843.994582891
2299,1709436885.291302204,15.189859724,-33.745953200,0.752219403,-0.006580259,-0.019169842,0.526595673,-0.849874235,2374,1709436885.192514420,441503,1709436843.994582891
2300,1709436885.394833565,15.233592804,-33.838938615,0.766064429,-0.004297623,-0.016462464,0.525421704,-0.850671823,2357,1709436885.291302204,441503,1709436843.994582891
2301,1709436885.494675875,15.292301318,-33.939228248,0.766730473,-0.003474345,-0.023196574,0.523091293,-0.851953841,2418,1709436885.394833565,441503,1709436843.994582891
2302,1709436885.594482422,15.348330945,-34.039653416,0.765783247,-0.000284119,-0.023643121,0.522551441,-0.852279833,2464,1709436885.494675875,441503,1709436843.994582891
2303,1709436885.693621635,15.396056239,-34.135385150,0.770622828,0.008163808,-0.031256552,0.520638780,-0.853165659,2423,1709436885.594482422,441503,1709436843.994582891
2304,1709436885.792637348,15.445558625,-34.221038170,0.776782238,0.006476200,-0.026453760,0.518249274,-0.854795851,2403,1709436885.693621635,441503,1709436843.994582891
2305,1709436885.894431591,15.466444079,-34.294491929,0.779924947,0.004425234,-0.014952408,0.518718854,-0.854802664,2367,1709436885.792637348,441503,1709436843.994582891
2306,1709436885.993808746,15.496786077,-34.359648737,0.781179915,0.005186522,-0.012399515,0.517734709,-0.855435633,2368,1709436885.894431591,441503,1709436843.994582891
2307,1709436886.092613697,15.539106496,-34.407823427,0.780422588,0.014438467,-0.004665277,0.518081787,-0.855196485,2297,1709436885.993808746,544614,1709436885.993808746
2308,1709436886.191350937,15.579231428,-34.493285917,0.780225963,0.016383846,-0.010460939,0.518868312,-0.854633146,2202,1709436886.092613697,544614,1709436885.993808746
2309,1709436886.294577837,15.640785075,-34.583295764,0.784902328,0.023510360,-0.022114909,0.519058014,-0.854129365,2220,1709436886.191350937,544614,1709436885.993808746
2310,1709436886.393615007,15.669632934,-34.670395219,0.799032677,0.023450680,-0.025684009,0.518516382,-0.854360087,2341,1709436886.294577837,544614,1709436885.993808746
2311,1709436886.492151737,15.685021938,-34.762327207,0.793239060,0.013198043,-0.019679366,0.516387641,-0.856027066,2347,1709436886.393615007,544614,1709436885.993808746
2312,1709436886.590803385,15.694036989,-34.836764868,0.792731465,0.004847702,-0.010980226,0.518363871,-0.855075922,2357,1709436886.492151737,544614,1709436885.993808746
2313,1709436886.694737434,15.737294996,-34.906816460,0.798977347,0.007469270,-0.014901128,0.518179626,-0.855109374,2316,1709436886.590803385,544614,1709436885.993808746
2314,1709436886.794584751,15.762992990,-34.983396620,0.808906930,0.014677713,-0.003950283,0.520479861,-0.853738645,2403,1709436886.694737434,544614,1709436885.993808746
2315,1709436886.894493103,15.806631041,-35.037621567,0.810879708,0.027294721,-0.002194618,0.522441139,-0.852235553,2302,1709436886.794584751,544614,1709436885.993808746
2316,1709436886.993541956,15.850941126,-35.138760708,0.814156270,0.029292587,-0.008470438,0.520721405,-0.853181935,2174,1709436886.894493103,544614,1709436885.993808746
2317,1709436887.092769623,15.893782153,-35.233147300,0.814123270,0.020022922,-0.010978211,0.520340247,-0.853653670,2120,1709436886.993541956,544614,1709436885.993808746
2318,1709436887.194746494,15.922573269,-35.330089402,0.819243264,0.012909276,-0.004011423,0.522760194,-0.852372594,2158,1709436887.092769623,544614,1709436885.993808746
2319,1709436887.293601036,15.965625294,-35.432763105,0.819429657,0.008318871,-0.013327823,0.522582133,-0.852444180,2232,1709436887.194746494,544614,1709436885.993808746
2320,1709436887.392399549,16.018291181,-35.523938335,0.824261363,0.006478436,-0.010651313,0.524462453,-0.851342302,2191,1709436887.293601036,544614,1709436885.993808746
2321,1709436887.495065928,16.054123264,-35.617848359,0.827702616,0.000589703,-0.009789755,0.524917139,-0.851096828,2350,1709436887.392399549,544614,1709436885.993808746
2322,1709436887.594615221,16.122758418,-35.705741828,0.831570949,0.004867914,-0.008421485,0.525145444,-0.850956900,2351,1709436887.495065928,544614,1709436885.993808746
2323,1709436887.693268061,16.173324083,-35.793584888,0.829468640,0.004273160,-0.010896578,0.525579960,-0.850663688,2402,1709436887.594615221,544614,1709436885.993808746
2324,1709436887.791863680,16.197125467,-35.899933380,0.827553824,-0.006001689,-0.007145038,0.524745507,-0.851208013,2363,1709436887.693268061,544614,1709436885.993808746
2325,1709436887.890433550,16.231050000,-35.988964818,0.826025629,-0.007015936,-0.004162673,0.525842983,-0.850542536,2381,1709436887.791863680,544614,1709436885.993808746
2326,1709436887.995061874,16.293061741,-36.084568437,0.823600457,-0.006923077,-0.009285463,0.524619068,-0.851258295,2355,1709436887.890433550,544614,1709436885.993808746
2327,1709436888.094910383,16.342008186,-36.186483510,0.820863105,-0.013163449,-0.014620505,0.520075491,-0.853893698,2440,1709436887.995061874,544614,1709436885.993808746
2328,1709436888.194736719,16.410675730,-36.266724310,0.824865117,-0.008732727,-0.019006984,0.516317077,-0.856142015,2460,1709436888.094910383,544614,1709436885.993808746
2329,1709436888.293800116,16.459467387,-36.345315656,0.826644223,-0.005173096,-0.016590632,0.510446670,-0.859733788,2438,1709436888.194736719,544614,1709436885.993808746
2330,1709436888.394416571,16.490616482,-36.447276202,0.830448006,-0.013790869,-0.019314088,0.505233193,-0.862656478,2409,1709436888.293800116,544614,1709436885.993808746
2331,1709436888.494419813,16.553903906,-36.532355909,0.829864708,-0.016671136,-0.023711951,0.498711275,-0.866283372,2368,1709436888.394416571,544614,1709436885.993808746
2332,1709436888.593207836,16.594527354,-36.627016684,0.825644901,-0.020032053,-0.016796072,0.493070924,-0.869596270,2435,1709436888.494419813,544614,1709436885.993808746
2333,1709436888.691952944,16.648240611,-36.712950811,0.822896073,-0.022056059,-0.018817360,0.488452070,-0.872108945,2418,1709436888.593207836,544614,1709436885.993808746
2334,1709436888.790837049,16.704203388,-36.786311999,0.830834935,-0.017236327,-0.023330426,0.486792764,-0.873035741,2405,1709436888.691952944,544614,1709436885.993808746
2335,1709436888.894456387,16.765664075,-36.882822961,0.820437622,-0.018713610,-0.028764636,0.485203427,-0.873727664,2402,1709436888.790837049,544614,1709436885.993808746
2336,1709436888.993025303,16.794537214,-36.968050052,0.812588514,-0.023579026,-0.021564984,0.485638840,-0.873575353,2469,1709436888.894456387,544614,1709436885.993808746
2337,1709436889.091672897,16.828993714,-37.046702559,0.814095496,-0.022489051,-0.018953006,0.486568078,-0.873147485,2401,1709436888.993025303,544614,1709436885.993808746
2338,1709436889.194613934,16.867358685,-37.124668364,0.804518100,-0.030485851,-0.014090231,0.495644587,-0.867875868,2380,1709436889.091672897,544614,1709436885.993808746
2339,1709436889.294641972,16.886821084,-37.220794009,0.804999545,-0.033813081,-0.009383491,0.505350884,-0.862200157,2351,1709436889.194613934,544614,1709436885.993808746
2340,1709436889.394499779,16.904638962,-37.298294606,0.799098344,-0.037267975,-0.009629004,0.513061523,-0.857488341,2382,1709436889.294641972,544614,1709436885.993808746
2341,1709436889.494832277,16.928308848,-37.376658422,0.799952122,-0.033814373,0.004293744,0.516113227,-0.855841860,2411,1709436889.394499779,544614,1709436885.993808746
2342,1709436889.594183207,16.977747665,-37.453411532,0.788752794,-0.036659369,-0.002966168,0.519908408,-0.853429868,2326,1709436889.494832277,544614,1709436885.993808746
2343,1709436889.694814205,17.007669574,-37.535253811,0.791586659,-0.036434033,0.000932254,0.516831010,-0.855311288,2302,1709436889.594183207,544614,1709436885.993808746
2344,1709436889.794213772,17.041518236,-37.623797814,0.788623321,-0.044999392,0.009509150,0.513548889,-0.856826803,2333,1709436889.694814205,544614,1709436885.993808746
2345,1709436889.892960072,17.076519493,-37.699954254,0.793465575,-0.049972674,0.010124819,0.514316302,-0.856083501,2351,1709436889.794213772,544614,1709436885.993808746
2346,1709436889.991840363,17.124482038,-37.774408341,0.795799099,-0.044544005,0.009941165,0.515540384,-0.855648945,2248,1709436889.892960072,544614,1709436885.993808746
2347,1709436890.094575405,17.183265499,-37.862774798,0.804750184,-0.039863322,0.002404898,0.515680594,-0.855849669,2269,1709436889.991840363,544614,1709436885.993808746
2348,1709436890.193927526,17.221063554,-37.941750741,0.811258492,-0.031573839,0.015680215,0.512920036,-0.857712224,2277,1709436890.094575405,544614,1709436885.993808746
2349,1709436890.292545795,17.271974274,-38.014791059,0.804097667,-0.035657923,0.011121245,0.514990076,-0.856381955,2272,1709436890.193927526,544614,1709436885.993808746
2350,1709436890.391117573,17.330702761,-38.085841680,0.812887131,-0.022093596,0.015253115,0.514339191,-0.857166502,2213,1709436890.292545795,544614,1709436885.993808746
2351,1709436890.495114088,17.385212551,-38.176502037,0.811666310,-0.020763912,0.014027243,0.513216801,-0.857893124,2209,1709436890.391117573,544614,1709436885.993808746
2352,1709436890.594959974,17.438448359,-38.247882743,0.814336995,-0.016720539,0.026431433,0.513019550,-0.857806939,2118,1709436890.495114088,544614,1709436885.993808746
2353,1709436890.694802284,17.491233784,-38.329038949,0.815660737,-0.015511672,0.013843777,0.517948308,-0.855159218,2137,1709436890.594959974,544614,1709436885.993808746
2354,1709436890.794617891,17.543536005,-38.414382772,0.834181830,-0.004704591,0.005234864,0.518151264,-0.855260037,2098,1709436890.694802284,544614,1709436885.993808746
2355,1709436890.894454956,17.576995855,-38.514130921,0.842190936,-0.008165546,0.002881138,0.518723654,-0.854898119,2162,1709436890.794617891,544614,1709436885.993808746
2356,1709436890.995100498,17.622280283,-38.615349640,0.849246609,-0.007494114,0.002182510,0.518699017,-0.854921285,2170,1709436890.894454956,544614,1709436885.993808746
2357,1709436891.094213486,17.662309120,-38.730841267,0.842233014,-0.018623362,-0.003625201,0.517616924,-0.855402097,2343,1709436890.995100498,544614,1709436885.993808746
2358,1709436891.193046808,17.708895133,-38.823117051,0.843429918,-0.022721505,-0.004034774,0.517873470,-0.855145907,2344,1709436891.094213486,544614,1709436885.993808746
2359,1709436891.291970491,17.764975538,-38.920866195,0.848526164,-0.019008779,-0.008531340,0.520258761,-0.853754475,2379,1709436891.193046808,544614,1709436885.993808746
2360,1709436891.394468307,17.813747761,-39.010528335,0.848890005,-0.014637289,-0.009600123,0.519589580,-0.854236651,2299,1709436891.291970491,544614,1709436885.993808746
2361,1709436891.493691444,17.852097713,-39.126573171,0.849263398,-0.021746491,-0.009522338,0.518115626,-0.854981060,2399,1709436891.394468307,544614,1709436885.993808746
2362,1709436891.592360497,17.909881311,-39.218127471,0.845940802,-0.027761234,-0.001931199,0.515493011,-0.856441790,2369,1709436891.493691444,544614,1709436885.993808746
2363,1709436891.691079378,17.954247677,-39.310951901,0.847833689,-0.032314154,-0.004543465,0.517853712,-0.854846586,2333,1709436891.592360497,544614,1709436885.993808746
2364,1709436891.794598818,17.993948762,-39.395590120,0.856432246,-0.023781109,-0.003728511,0.517910319,-0.855096169,2299,1709436891.691079378,544614,1709436885.993808746
2365,1709436891.894454241,18.047244320,-39.482915476,0.856400361,-0.020388233,-0.007213551,0.518712547,-0.854675130,2281,1709436891.794598818,544614,1709436885.993808746
2366,1709436891.995089054,18.091342933,-39.580972796,0.850654331,-0.015263577,0.000578368,0.518542356,-0.854915501,2397,1709436891.894454241,544614,1709436885.993808746
2367,1709436892.094929457,18.130971211,-39.657968860,0.857696659,-0.014942851,0.002058334,0.519731868,-0.854196265,2243,1709436891.995089054,544614,1709436885.993808746
2368,1709436892.194759846,18.191658091,-39.721954768,0.867471070,-0.003724470,0.007811972,0.518279927,-0.855167246,2303,1709436892.094929457,544614,1709436885.993808746
2369,1709436892.294629335,18.227891058,-39.801420273,0.869218723,-0.007484696,0.008446233,0.516955370,-0.855937957,2164,1709436892.194759846,544614,1709436885.993808746
2370,1709436892.394336939,18.279177720,-39.890399785,0.869720228,-0.005624708,0.009753977,0.518685161,-0.854891178,2217,1709436892.294629335,544614,1709436885.993808746
2371,1709436892.493250847,18.307591187,-39.993829011,0.870312540,-0.006158653,0.007588815,0.518527162,-0.855005300,2210,1709436892.394336939,544614,1709436885.993808746
2372,1709436892.592234612,18.350064940,-40.090381440,0.877450804,-0.007574976,0.004915333,0.517809970,-0.855448008,2190,1709436892.493250847,544614,1709436885.993808746
2373,1709436892.694688082,18.404680642,-40.185160820,0.882109427,-0.006982443,-0.003745427,0.518890879,-0.854803763,2203,1709436892.592234612,544614,1709436885.993808746
2374,1709436892.793262482,18.460946347,-40.281876746,0.887053306,-0.007941590,-0.005608168,0.520081352,-0.854061395,2314,1709436892.694688082,544614,1709436885.993808746
2375,1709436892.891973495,18.533998236,-40.379672516,0.892709902,-0.004991524,-0.007276400,0.520796995,-0.853634951,2252,1709436892.793262482,544614,1709436885.993808746
2376,1709436892.990688562,18.589210226,-40.483167184,0.891184666,-0.012143945,-0.007917909,0.518300392,-0.855075748,2250,1709436892.891973495,544614,1709436885.993808746
2377,1709436893.094940424,18.645334555,-40.591943379,0.886267505,-0.022390356,-0.015794419,0.519904284,-0.853784952,2272,1709436892.990688562,544614,1709436885.993808746
2378,1709436893.194080591,18.713031442,-40.683137168,0.890465214,-0.019028355,-0.018886205,0.521050597,-0.853104629,2421,1709436893.094940424,544614,1709436885.993808746
2379,1709436893.292611599,18.761415920,-40.792440143,0.882592221,-0.021138091,-0.017520465,0.521119987,-0.853041719,2390,1709436893.194080591,544614,1709436885.993808746
2380,1709436893.394442797,18.813689836,-40.899388542,0.880626107,-0.018863798,-0.015986719,0.520531470,-0.853484371,2326,1709436893.292611599,544614,1709436885.993808746
2381,1709436893.495084286,18.877420265,-40.995906310,0.883536553,-0.016087650,-0.011260159,0.522714366,-0.852281695,2390,1709436893.394442797,544614,1709436885.993808746
2382,1709436893.594914198,18.903457852,-41.084736531,0.890561841,-0.010020078,-0.001347104,0.522672249,-0.852473755,2438,1709436893.495084286,544614,1709436885.993808746
2383,1709436893.694267273,18.943244760,-41.177663970,0.892790426,-0.010881698,0.002551641,0.522657425,-0.852469527,2376,1709436893.594914198,544614,1709436885.993808746
2384,1709436893.793303013,18.988738379,-41.272132829,0.895111063,-0.007429192,0.000884593,0.524541503,-0.851352005,2271,1709436893.694267273,544614,1709436885.993808746
2385,1709436893.894821644,19.050823637,-41.379856751,0.893732199,-0.003188141,-0.007188339,0.525333547,-0.850860052,2211,1709436893.793303013,544614,1709436885.993808746
2386,1709436893.994374037,19.111099939,-41.487093865,0.888714314,-0.012240074,-0.006966221,0.522201430,-0.852705881,2271,1709436893.894821644,544614,1709436885.993808746
2387,1709436894.093181133,19.168490414,-41.624345029,0.880872049,-0.024143653,-0.017855294,0.522884705,-0.851874320,2330,1709436893.994374037,544614,1709436885.993808746
2388,1709436894.191822052,19.232926907,-41.745232809,0.888307676,-0.021556605,-0.018733845,0.522611129,-0.852092697,2292,1709436894.093181133,544614,1709436885.993808746
2389,1709436894.290559530,19.296521322,-41.863841652,0.885149835,-0.021139207,-0.021690880,0.520649699,-0.853232987,2395,1709436894.191822052,544614,1709436885.993808746
2390,1709436894.394815683,19.355832548,-42.000890260,0.883975159,-0.019297578,-0.020752658,0.520019111,-0.853684400,2384,1709436894.290559530,544614,1709436885.993808746
2391,1709436894.493648529,19.396966852,-42.129130428,0.880777951,-0.010366959,-0.021097795,0.521235760,-0.853088912,2404,1709436894.394815683,544614,1709436885.993808746
2392,1709436894.592290401,19.458957468,-42.215351358,0.893954828,-0.002204246,-0.018281944,0.518885536,-0.854645372,2352,1709436894.493648529,544614,1709436885.993808746
2393,1709436894.695132256,19.506693519,-42.332227873,0.901625326,-0.001791844,-0.016924385,0.521392229,-0.853147407,2279,1709436894.592290401,544614,1709436885.993808746
2394,1709436894.794977665,19.560028505,-42.410673377,0.911811670,0.008835052,-0.001624754,0.520531659,-0.853795112,2393,1709436894.695132256,544614,1709436885.993808746
2395,1709436894.894833088,19.610769783,-42.494693341,0.905740172,0.017402221,0.000936846,0.515889585,-0.856477799,2270,1709436894.794977665,544614,1709436885.993808746
2396,1709436894.994626999,19.655846180,-42.598284024,0.904861094,0.014433839,0.005988875,0.515803325,-0.856564491,2153,1709436894.894833088,544614,1709436885.993808746
2397,1709436895.093731880,19.710440512,-42.704990371,0.909294681,0.021079244,0.005620789,0.517207489,-0.855581957,2049,1709436894.994626999,544614,1709436885.993808746
2398,1709436895.194778204,19.764916533,-42.829128502,0.904263491,0.010615424,-0.001436374,0.508037739,-0.861268196,2004,1709436895.093731880,544614,1709436885.993808746
2399,1709436895.294046879,19.833917746,-42.950430158,0.915538610,0.005188922,-0.012997774,0.512801462,-0.858393146,2020,1709436895.194778204,544614,1709436885.993808746
2400,1709436895.392740965,19.913688194,-43.039532448,0.924781623,0.015778202,-0.021795683,0.514075531,-0.857322777,2216,1709436895.294046879,544614,1709436885.993808746
2401,1709436895.491410494,19.954824190,-43.144199254,0.929738964,0.015736583,-0.016038608,0.512783930,-0.858223610,2306,1709436895.392740965,544614,1709436885.993808746
2402,1709436895.590250015,19.989423905,-43.289676573,0.925208465,0.001706284,-0.022792224,0.508388469,-0.860824470,2278,1709436895.491410494,544614,1709436885.993808746
2403,1709436895.694781065,20.026653477,-43.419570245,0.926987783,-0.001065975,-0.017347387,0.513055126,-0.858179684,2282,1709436895.590250015,544614,1709436885.993808746
2404,1709436895.793302298,20.090082432,-43.556875492,0.922988222,-0.005625400,-0.023525338,0.513567686,-0.857708077,2363,1709436895.694781065,544614,1709436885.993808746
2405,1709436895.891874790,20.151325006,-43.696456855,0.925962112,-0.010346483,-0.025592843,0.512769771,-0.858082233,2303,1709436895.793302298,544614,1709436885.993808746
2406,1709436895.995127439,20.214067083,-43.830421255,0.918322604,-0.010285242,-0.019910484,0.513980424,-0.857509131,2421,1709436895.891874790,544614,1709436885.993808746
2407,1709436896.094972610,20.265914807,-43.958726714,0.912438575,-0.015277407,-0.010201258,0.514411157,-0.857346894,2436,1709436895.995127439,544614,1709436885.993808746
2408,1709436896.194803238,20.343732454,-44.063301854,0.918745639,-0.010574414,0.002801138,0.515423549,-0.856865743,2402,1709436896.094972610,544614,1709436885.993808746
2409,1709436896.294548512,20.410416674,-44.175323967,0.921088126,-0.007430375,0.007556237,0.517907186,-0.855371171,2364,1709436896.194803238,544614,1709436885.993808746
2410,1709436896.393787861,20.475091481,-44.282538975,0.921180364,-0.001222922,0.007657200,0.518818647,-0.854849158,2251,1709436896.294548512,544614,1709436885.993808746
2411,1709436896.495054483,20.552397723,-44.396211795,0.923171082,-0.001717827,0.000277724,0.518272018,-0.855214059,2080,1709436896.393787861,544614,1709436885.993808746
2412,1709436896.593725443,20.596441868,-44.525364102,0.931127765,-0.007105895,0.000418363,0.519010023,-0.854738514,2175,1709436896.495054483,544614,1709436885.993808746
2413,1709436896.692520618,20.659169258,-44.665843613,0.929633872,-0.019033323,-0.005828499,0.517376376,-0.855526415,2139,1709436896.593725443,544614,1709436885.993808746
2414,1709436896.791270018,20.740811959,-44.799053521,0.934395763,-0.020817194,-0.008833513,0.518791457,-0.854601684,2309,1709436896.692520618,544614,1709436885.993808746
2415,1709436896.890131712,20.826124896,-44.931880596,0.944578379,-0.011759217,-0.018316543,0.524383946,-0.851203678,2278,1709436896.791270018,544614,1709436885.993808746
2416,1709436896.994374275,20.911072947,-45.054829257,0.946115353,-0.011976202,-0.013567644,0.521008591,-0.853359559,2336,1709436896.890131712,544614,1709436885.993808746
2417,1709436897.092933178,20.976616462,-45.189646134,0.938060221,-0.024433948,-0.015082400,0.520880791,-0.853146356,2356,1709436896.994374275,544614,1709436885.993808746
2418,1709436897.191577435,21.024150855,-45.309024528,0.937362632,-0.019700132,-0.013349783,0.522367008,-0.852388642,2427,1709436897.092933178,544614,1709436885.993808746
2419,1709436897.294598103,21.100409417,-45.425411385,0.943153075,-0.018632596,-0.003887032,0.518951601,-0.854591688,2393,1709436897.191577435,544614,1709436885.993808746
2420,1709436897.394421101,21.147804426,-45.549605975,0.938746001,-0.020204694,-0.004668230,0.519903431,-0.853973302,2389,1709436897.294598103,544614,1709436885.993808746
2421,1709436897.495065928,21.187490660,-45.659343319,0.940868549,-0.012533010,0.008972919,0.521656088,-0.853016610,2417,1709436897.394421101,544614,1709436885.993808746
2422,1709436897.594832182,21.252401372,-45.761781736,0.942788086,-0.005324687,0.007674948,0.522767197,-0.852424308,2292,1709436897.495065928,544614,1709436885.993808746
2423,1709436897.694745541,21.281821801,-45.902346874,0.935346200,-0.009925748,0.005214899,0.518993073,-0.854704905,2183,1709436897.594832182,544614,1709436885.993808746
2424,1709436897.794580221,21.324784482,-46.027803169,0.930479988,-0.017868786,0.002550627,0.517441525,-0.855528181,2110,1709436897.694745541,544614,1709436885.993808746
2425,1709436897.893607616,21.393026772,-46.169585326,0.929710572,-0.023805558,-0.009117313,0.515779220,-0.856342202,2264,1709436897.794580221,544614,1709436885.993808746
2426,1709436897.992400646,21.469346187,-46.299994852,0.939610481,-0.026107251,-0.015851141,0.514122379,-0.857172872,2307,1709436897.893607616,544614,1709436885.993808746
2427,1709436898.091212034,21.537355474,-46.421895605,0.950029991,-0.024200114,-0.010051642,0.513521221,-0.857676673,2305,1709436897.992400646,544614,1709436885.993808746
2428,1709436898.195125818,21.621502565,-46.546435088,0.947878870,-0.018213808,-0.007554019,0.518712416,-0.854721372,2320,1709436898.091212034,544614,1709436885.993808746
2429,1709436898.294114351,21.682478237,-46.650644500,0.956211024,-0.003129491,-0.005850121,0.517494486,-0.855660820,2312,1709436898.195125818,544614,1709436885.993808746
2430,1709436898.392786980,21.759177283,-46.741219665,0.963532923,0.005439569,-0.000321968,0.515891349,-0.856636693,2382,1709436898.294114351,544614,1709436885.993808746
2431,1709436898.491349936,21.831966878,-46.844906825,0.959428123,-0.000008627,-0.008227805,0.516111465,-0.856481908,2220,1709436898.392786980,544614,1709436885.993808746
2432,1709436898.594489098,21.883013665,-46.962714164,0.960507029,-0.006039094,-0.000413156,0.515664934,-0.856768950,2206,1709436898.491349936,544614,1709436885.993808746
2433,1709436898.695113897,21.928170668,-47.079085968,0.964171127,-0.008528210,-0.000805307,0.518754161,-0.854880543,2311,1709436898.594489098,544614,1709436885.993808746
2434,1709436898.794960976,22.006147278,-47.204157384,0.965858706,-0.007147588,-0.007195226,0.519699030,-0.854289213,2265,1709436898.695113897,544614,1709436885.993808746
2435,1709436898.894813299,22.090339904,-47.314025840,0.965020925,-0.003079889,-0.014318104,0.519635112,-0.854262756,2271,1709436898.794960976,544614,1709436885.993808746
2436,1709436898.994648695,22.141054635,-47.442173152,0.969336592,-0.003877312,-0.017893416,0.519552681,-0.854242239,2266,1709436898.894813299,544614,1709436885.993808746
2437,1709436899.094466686,22.193096402,-47.578925260,0.976985655,-0.008711601,-0.016109139,0.517383035,-0.855557946,2364,1709436898.994648695,544614,1709436885.993808746
2438,1709436899.193535328,22.244149838,-47.709929002,0.978959179,-0.009930420,-0.020586808,0.518466557,-0.854792372,2376,1709436899.094466686,544614,1709436885.993808746
2439,1709436899.292296410,22.301751681,-47.833136249,0.984444906,-0.007336638,-0.019147357,0.519538546,-0.854200944,2293,1709436899.193535328,544614,1709436885.993808746
2440,1709436899.391033888,22.367582962,-47.926281056,0.984803111,0.001111394,-0.010892489,0.519511885,-0.854393071,2339,1709436899.292296410,544614,1709436885.993808746
2441,1709436899.494622707,22.432059203,-48.064119796,0.985052453,-0.000289045,-0.022671233,0.519190995,-0.854357444,2293,1709436899.391033888,544614,1709436885.993808746
2442,1709436899.593664885,22.482664015,-48.181093740,0.977592728,-0.002170397,-0.023253817,0.518966644,-0.854475378,2392,1709436899.494622707,544614,1709436885.993808746
2443,1709436899.692353964,22.536691614,-48.297785952,0.976553374,-0.009227057,-0.011071976,0.518049493,-0.855229206,2355,1709436899.593664885,544614,1709436885.993808746
2444,1709436899.790905714,22.604437346,-48.419601943,0.973641911,-0.014717527,-0.020474361,0.519086697,-0.854349575,2294,1709436899.692353964,544614,1709436885.993808746
2445,1709436899.894790411,22.681343148,-48.528279447,0.976499682,-0.006257319,-0.014231771,0.522244025,-0.852654374,2308,1709436899.790905714,544614,1709436885.993808746
2446,1709436899.994623184,22.740490400,-48.640554633,0.964464922,0.000359059,-0.016034338,0.521346599,-0.853194289,2369,1709436899.894790411,544614,1709436885.993808746
2447,1709436900.093251705,22.788411600,-48.764542407,0.968622536,-0.005084221,-0.013440624,0.520078746,-0.853997423,2253,1709436899.994623184,544614,1709436885.993808746
2448,1709436900.195127010,22.852959980,-48.871603728,0.967736399,-0.003310869,-0.006681008,0.522984946,-0.852309304,2192,1709436900.093251705,544614,1709436885.993808746
2449,1709436900.294949055,22.908064035,-49.003693642,0.972737354,-0.006660560,-0.010994157,0.522892125,-0.852301936,2295,1709436900.195127010,544614,1709436885.993808746
2450,1709436900.394221544,22.942498039,-49.111249157,0.978031508,-0.000833665,0.002785444,0.524244848,-0.851562614,2296,1709436900.294949055,544614,1709436885.993808746
2451,1709436900.492930412,22.998273647,-49.213576261,0.989502678,0.006116112,0.002843431,0.525103656,-0.851011550,2192,1709436900.394221544,544614,1709436885.993808746
2452,1709436900.591900110,23.046206793,-49.322280105,0.986981804,0.003079819,0.003575769,0.523381495,-0.852085406,2050,1709436900.492930412,544614,1709436885.993808746
2453,1709436900.690808296,23.095110220,-49.444037898,0.990819336,-0.000965103,0.007432858,0.525355799,-0.850849637,2066,1709436900.591900110,544614,1709436885.993808746
2454,1709436900.794844866,23.174307952,-49.565535017,1.003501697,0.003545952,-0.000445375,0.527417361,-0.849598820,2087,1709436900.690808296,544614,1709436885.993808746
2455,1709436900.893404722,23.237220260,-49.694890016,1.012471750,0.001807936,-0.010171957,0.528279232,-0.849007842,2179,1709436900.794844866,544614,1709436885.993808746
2456,1709436900.992093086,23.278093958,-49.820636479,1.019804930,-0.001510745,-0.004802574,0.528624653,-0.848840756,2142,1709436900.893404722,544614,1709436885.993808746
2457,1709436901.090675116,23.338041461,-49.952565555,1.008148808,-0.014196796,-0.006929326,0.526237485,-0.850190887,2191,1709436900.992093086,544614,1709436885.993808746
2458,1709436901.195099354,23.405469964,-50.102897057,1.012425299,-0.022803745,-0.013483715,0.527157748,-0.849354395,2171,1709436901.090675116,544614,1709436885.993808746
2459,1709436901.294421673,23.476343381,-50.221141503,1.016451833,-0.017072989,-0.007961325,0.526577341,-0.849918487,2290,1709436901.195099354,544614,1709436885.993808746
2460,1709436901.394763708,23.535836778,-50.332311747,1.014801550,-0.014004418,-0.015328581,0.527741558,-0.849151199,2201,1709436901.294421673,544614,1709436885.993808746
2461,1709436901.494603395,23.601745208,-50.435395791,1.025763534,-0.004617647,-0.008805191,0.528758861,-0.848713858,2205,1709436901.394763708,544614,1709436885.993808746
2462,1709436901.594453335,23.657927822,-50.524699936,1.034938691,-0.003546463,-0.002820635,0.527536997,-0.849519972,2243,1709436901.494603395,544614,1709436885.993808746
2463,1709436901.694231510,23.700314332,-50.636003099,1.026471720,-0.014774876,-0.003692136,0.525695984,-0.850536186,2228,1709436901.594453335,544614,1709436885.993808746
2464,1709436901.793113947,23.754053123,-50.743187286,1.029032601,-0.012966106,-0.004370172,0.528914609,-0.848564740,2190,1709436901.694231510,544614,1709436885.993808746
2465,1709436901.892109394,23.807119870,-50.830226888,1.046323110,-0.003630700,-0.007985383,0.528232795,-0.849054277,2206,1709436901.793113947,544614,1709436885.993808746
2466,1709436901.991216421,23.848043908,-50.945442462,1.045539683,-0.006273438,-0.009084285,0.527221239,-0.849656334,2217,1709436901.892109394,544614,1709436885.993808746
2467,1709436902.094363928,23.903282782,-51.049963749,1.051662239,-0.006972452,-0.015934834,0.528646390,-0.848663926,2190,1709436901.991216421,544614,1709436885.993808746
2468,1709436902.193003178,23.956429985,-51.159151130,1.039300335,-0.006648607,-0.017819304,0.527468936,-0.849361401,2277,1709436902.094363928,544614,1709436885.993808746
2469,1709436902.291647911,23.989239325,-51.272961907,1.036950367,-0.012061002,-0.016334552,0.527795785,-0.849128567,2213,1709436902.193003178,544614,1709436885.993808746
2470,1709436902.390344381,24.048596373,-51.364104642,1.044591534,-0.010510755,-0.020257489,0.529759450,-0.847840836,2200,1709436902.291647911,544614,1709436885.993808746
2471,1709436902.494615793,24.094134452,-51.469943525,1.050344479,-0.002952619,-0.021087177,0.532003187,-0.846474584,2212,1709436902.390344381,544614,1709436885.993808746
2472,1709436902.593299866,24.134818507,-51.567573457,1.049740118,-0.002394988,-0.018408075,0.532351110,-0.846320095,2290,1709436902.494615793,544614,1709436885.993808746
2473,1709436902.695102930,24.170261222,-51.651373353,1.055427972,0.003430266,-0.007806172,0.533428326,-0.845802293,2230,1709436902.593299866,544614,1709436885.993808746
2474,1709436902.794947147,24.200078179,-51.725115620,1.058179356,0.000845209,-0.004235179,0.532453832,-0.846448029,2199,1709436902.695102930,544614,1709436885.993808746
2475,1709436902.894786358,24.218757885,-51.813010099,1.060275940,-0.003509886,-0.005259923,0.533170519,-0.845984167,2166,1709436902.794947147,544614,1709436885.993808746
2476,1709436902.994120598,24.254692887,-51.889306802,1.067988314,0.001141753,0.003789536,0.530569074,-0.847632463,2197,1709436902.894786358,544614,1709436885.993808746
2477,1709436903.093109131,24.300851632,-51.982020827,1.053469978,-0.006994762,-0.001105908,0.529856631,-0.848057664,2099,1709436902.994120598,544614,1709436885.993808746
2478,1709436903.192112207,24.364546719,-52.075777881,1.059489533,-0.003379235,-0.004580333,0.531394110,-0.847105602,2121,1709436903.093109131,544614,1709436885.993808746
2479,1709436903.294946909,24.422865937,-52.170556397,1.071945544,-0.002279665,-0.003577583,0.531146518,-0.847269367,2128,1709436903.192112207,544614,1709436885.993808746
2480,1709436903.394159079,24.477430543,-52.268910154,1.079980833,-0.000843428,-0.007365470,0.533186309,-0.845965364,2120,1709436903.294946909,544614,1709436885.993808746
2481,1709436903.492883205,24.508440977,-52.363889413,1.091034676,0.000864196,-0.001029925,0.534391533,-0.845235992,2181,1709436903.394159079,544614,1709436885.993808746
2482,1709436903.591574669,24.552024823,-52.451733123,1.088468833,0.001269331,-0.003478331,0.536639534,-0.843803472,2131,1709436903.492883205,544614,1709436885.993808746
2483,1709436903.694749117,24.599237494,-52.540439888,1.091357182,0.004601602,-0.002410102,0.536206377,-0.844070932,2045,1709436903.591574669,544614,1709436885.993808746
2484,1709436903.794078588,24.623824325,-52.631638227,1.105376907,-0.001827412,0.000910764,0.536331577,-0.844004900,2044,1709436903.694749117,544614,1709436885.993808746
2485,1709436903.892719984,24.672092575,-52.718414184,1.108687350,-0.008171847,0.002504593,0.535721049,-0.844351767,2141,1709436903.794078588,544614,1709436885.993808746
2486,1709436903.991352081,24.713858302,-52.811213684,1.114709759,-0.013122712,0.003970499,0.533833703,-0.845478331,2087,1709436903.892719984,544614,1709436885.993808746
2487,1709436904.094899893,24.752164807,-52.910031532,1.104903024,-0.014808937,0.001879542,0.533764833,-0.845501192,2118,1709436903.991352081,544614,1709436885.993808746
2488,1709436904.194731474,24.797989474,-53.003452338,1.119796776,-0.009489985,0.003793320,0.534600344,-0.845043208,2217,1709436904.094899893,544614,1709436885.993808746
2489,1709436904.294194937,24.837611577,-53.099320694,1.120324052,-0.012040328,0.005689678,0.531785988,-0.846774067,2225,1709436904.194731474,544614,1709436885.993808746
2490,1709436904.393245220,24.895894318,-53.186215082,1.118946178,-0.013325664,0.003918596,0.532024871,-0.846614793,2118,1709436904.294194937,544614,1709436885.993808746
2491,1709436904.492387295,24.938338890,-53.266285518,1.123495956,-0.006825051,0.001863768,0.531958587,-0.846740815,2127,1709436904.393245220,544614,1709436885.993808746
2492,1709436904.594501495,24.974597296,-53.387620443,1.123696651,-0.004158499,0.000649047,0.530882226,-0.847435158,2118,1709436904.492387295,544614,1709436885.993808746
2493,1709436904.693906307,25.036824786,-53.482505777,1.125228952,-0.000167358,-0.001403232,0.531935434,-0.846783737,2137,1709436904.594501495,544614,1709436885.993808746
2494,1709436904.792590618,25.101850158,-53.568171108,1.124871725,-0.000154062,-0.006070745,0.529291589,-0.848418256,2124,1709436904.693906307,544614,1709436885.993808746
2495,1709436904.891359329,25.137847153,-53.665081221,1.136431565,0.000212580,-0.001819090,0.529389319,-0.848377036,2102,1709436904.792590618,544614,1709436885.993808746
2496,1709436904.994626522,25.199079413,-53.764655130,1.140709044,0.003361859,-0.009645972,0.531240847,-0.847159262,2108,1709436904.891359329,544614,1709436885.993808746
2497,1709436905.093734264,25.244227861,-53.840176747,1.154189661,0.010351057,-0.000420373,0.531105770,-0.847242197,2232,1709436904.994626522,544614,1709436885.993808746
2498,1709436905.192445517,25.275335142,-53.933588671,1.153340137,0.004091326,-0.011740237,0.531586913,-0.846912500,2189,1709436905.093734264,544614,1709436885.993808746
2499,1709436905.291065931,25.312673312,-54.025027251,1.160280522,0.003073809,-0.006451369,0.533762832,-0.845604027,2202,1709436905.192445517,544614,1709436885.993808746
2500,1709436905.394760609,25.363917967,-54.125381461,1.168577119,0.006981297,-0.011188506,0.533707947,-0.845566027,2194,1709436905.291065931,544614,1709436885.993808746
2501,1709436905.494601965,25.393592633,-54.229762390,1.174602462,0.008449801,-0.006649244,0.533792401,-0.845547196,2258,1709436905.394760609,544614,1709436885.993808746
2502,1709436905.594373226,25.445216332,-54.317293504,1.184754555,-0.000181167,-0.009759860,0.534141600,-0.845338668,2269,1709436905.494601965,544614,1709436885.993808746
2503,1709436905.693274498,25.488874604,-54.381526586,1.180898775,0.006951175,0.006649690,0.533985516,-0.845438899,2245,1709436905.594373226,544614,1709436885.993808746
2504,1709436905.792386532,25.530466501,-54.458572328,1.171079728,0.002175756,0.003617763,0.533244177,-0.845950841,2186,1709436905.693274498,544614,1709436885.993808746
2505,1709436905.894766569,25.588565586,-54.543455361,1.169913879,0.004405281,-0.000814985,0.536627239,-0.843807523,2117,1709436905.792386532,544614,1709436885.993808746
2506,1709436905.993712425,25.643810097,-54.642420810,1.170509993,0.005167697,-0.005385236,0.538790524,-0.842406710,2210,1709436905.894766569,544614,1709436885.993808746
2507,1709436906.092444897,25.697056110,-54.737080995,1.165069441,0.006166498,-0.008505016,0.541937092,-0.840353394,2093,1709436905.993712425,544614,1709436885.993808746
2508,1709436906.191091776,25.733587270,-54.861697178,1.173812949,-0.006330310,-0.018319354,0.543805540,-0.838987403,2259,1709436906.092444897,544614,1709436885.993808746
2509,1709436906.294913292,25.763701710,-54.972137427,1.191150250,-0.003149721,-0.014905505,0.545343206,-0.838074396,2334,1709436906.191091776,544614,1709436885.993808746
2510,1709436906.393484831,25.794129914,-55.078560587,1.195550617,-0.003445914,-0.015289394,0.545259950,-0.838120485,2416,1709436906.294913292,544614,1709436885.993808746
2511,1709436906.492099762,25.802438897,-55.187231819,1.189910684,-0.004587535,-0.009163418,0.545881569,-0.837799677,2383,1709436906.393484831,544614,1709436885.993808746
2512,1709436906.590819597,25.813832026,-55.296646587,1.184961268,-0.021369505,-0.004083638,0.544086085,-0.838747280,2374,1709436906.492099762,544614,1709436885.993808746
2513,1709436906.695096970,25.822252867,-55.407484481,1.162827615,-0.032181774,0.007344555,0.545539965,-0.837434498,2334,1709436906.590819597,544614,1709436885.993808746
2514,1709436906.794949293,25.845930542,-55.493896410,1.174682228,-0.032212804,0.004623507,0.548392585,-0.835587537,2405,1709436906.695096970,544614,1709436885.993808746
2515,1709436906.894325733,25.885706798,-55.565805616,1.187404722,-0.021664649,0.008275934,0.549770620,-0.834993663,2373,1709436906.794949293,544614,1709436885.993808746
2516,1709436906.993562460,25.927955894,-55.642156656,1.177072089,-0.019271560,0.007578798,0.548905307,-0.835627987,2345,1709436906.894325733,544614,1709436885.993808746
2517,1709436907.092451811,25.966719326,-55.737421949,1.183491477,-0.024640096,0.013407205,0.548189377,-0.835883676,2239,1709436906.993562460,544614,1709436885.993808746
2518,1709436907.194736242,26.017176690,-55.832153652,1.194040656,-0.028946383,0.019614242,0.545442457,-0.837418602,2286,1709436907.092451811,544614,1709436885.993808746
2519,1709436907.293537617,26.056024443,-55.922635909,1.207899795,-0.021879908,0.022957977,0.546128957,-0.837100569,2273,1709436907.194736242,544614,1709436885.993808746
2520,1709436907.392275810,26.079905929,-56.031310524,1.202421857,-0.023998960,0.019580580,0.545016277,-0.837853154,2155,1709436907.293537617,544614,1709436885.993808746
2521,1709436907.491046190,26.108292909,-56.143166671,1.214397463,-0.026555440,0.010385567,0.546158476,-0.837196433,2209,1709436907.392275810,544614,1709436885.993808746
2522,1709436907.594468832,26.178940105,-56.243512954,1.222808263,-0.023857212,0.011750167,0.543930943,-0.838708469,2339,1709436907.491046190,544614,1709436885.993808746
2523,1709436907.693105698,26.233415783,-56.359311231,1.223254259,-0.023112298,0.005895437,0.546260356,-0.837275755,2397,1709436907.594468832,544614,1709436885.993808746
2524,1709436907.791752100,26.276422247,-56.477385235,1.234183246,-0.016008444,-0.002291507,0.546175579,-0.837514606,2361,1709436907.693105698,544614,1709436885.993808746
2525,1709436907.894783735,26.322522202,-56.596057115,1.240129268,-0.017889588,-0.000577058,0.545757803,-0.837751783,2373,1709436907.791752100,544614,1709436885.993808746
2526,1709436907.994656324,26.347766360,-56.708770056,1.240449973,-0.014575873,0.007967192,0.545627521,-0.837863161,2384,1709436907.894783735,544614,1709436885.993808746
2527,1709436908.094502449,26.395375709,-56.816404079,1.251487886,-0.011877340,0.002836908,0.545857278,-0.837789182,2401,1709436907.994656324,544614,1709436885.993808746
2528,1709436908.194646597,26.444304035,-56.944544431,1.251789311,-0.017467547,-0.005332492,0.543237498,-0.839380409,2337,1709436908.094502449,544614,1709436885.993808746
2529,1709436908.293710947,26.506266440,-57.047179552,1.260115524,-0.014158463,-0.002402122,0.543273174,-0.839433157,2380,1709436908.194646597,544614,1709436885.993808746
2530,1709436908.394800901,26.544342483,-57.190961308,1.255678517,-0.022893441,-0.014114618,0.542271374,-0.839772841,2364,1709436908.293710947,544614,1709436885.993808746
2531,1709436908.494367123,26.586751745,-57.304575602,1.260268838,-0.030608194,-0.008408342,0.543642557,-0.838716405,2372,1709436908.394800901,544614,1709436885.993808746
2532,1709436908.593137264,26.652822931,-57.424051719,1.260361015,-0.030328527,-0.013421688,0.545487494,-0.837462496,2464,1709436908.494367123,544614,1709436885.993808746
2533,1709436908.692024946,26.719014557,-57.532531403,1.265969258,-0.016411630,-0.014729882,0.548112549,-0.836113821,2465,1709436908.593137264,544614,1709436885.993808746
2534,1709436908.794959307,26.798926446,-57.661128230,1.261068874,-0.013073279,-0.021071715,0.547671979,-0.836325580,2453,1709436908.692024946,544614,1709436885.993808746
2535,1709436908.894273996,26.851403712,-57.779973493,1.263459164,-0.021032204,-0.016345015,0.543703080,-0.838854843,2516,1709436908.794959307,544614,1709436885.993808746
2536,1709436908.992785454,26.906130080,-57.902503587,1.251306361,-0.023920969,-0.005003811,0.547505224,-0.836445324,2518,1709436908.894273996,544614,1709436885.993808746
2537,1709436909.091562986,26.953756344,-58.022803771,1.246297301,-0.020339589,-0.010181926,0.546441504,-0.837188338,2513,1709436908.992785454,544614,1709436885.993808746
2538,1709436909.195115566,26.997927208,-58.150345074,1.243556735,-0.021037204,-0.004295311,0.546787681,-0.836995949,2421,1709436909.091562986,544614,1709436885.993808746
2539,1709436909.294980764,27.053156479,-58.265765071,1.243875829,-0.019436183,-0.004403357,0.547695964,-0.836440061,2461,1709436909.195115566,544614,1709436885.993808746
2540,1709436909.394826889,27.112499663,-58.398340275,1.236326813,-0.020431361,-0.007802208,0.547159694,-0.836742466,2464,1709436909.294980764,544614,1709436885.993808746
2541,1709436909.494677305,27.165289010,-58.513061003,1.247965226,-0.023205486,-0.015858634,0.549459061,-0.835047753,2476,1709436909.394826889,544614,1709436885.993808746
2542,1709436909.594494104,27.214698373,-58.635299928,1.259046343,-0.022027672,-0.017303447,0.549160158,-0.835247564,2474,1709436909.494677305,544614,1709436885.993808746
2543,1709436909.694753647,27.271313586,-58.749620606,1.268773335,-0.020924053,-0.014642727,0.549582001,-0.835049339,2391,1709436909.594494104,544614,1709436885.993808746
2544,1709436909.794263363,27.335864125,-58.876516069,1.278139487,-0.018430394,-0.019256805,0.550971896,-0.834097995,2498,1709436909.694753647,544614,1709436885.993808746
2545,1709436909.893141270,27.382571184,-58.993129439,1.282462801,-0.015055971,-0.007110803,0.551246053,-0.834176566,2530,1709436909.794263363,544614,1709436885.993808746
2546,1709436909.992008209,27.436700101,-59.133513100,1.276279769,-0.016945086,-0.009660666,0.551542165,-0.833918926,2401,1709436909.893141270,544614,1709436885.993808746
2547,1709436910.094893217,27.485627990,-59.274172546,1.278941666,-0.017715968,-0.010637833,0.553596576,-0.832528565,2344,1709436909.992008209,544614,1709436885.993808746
2548,1709436910.193873405,27.549098414,-59.403215421,1.281679780,-0.015354107,-0.009975165,0.554062213,-0.832273880,2404,1709436910.094893217,544614,1709436885.993808746
2549,1709436910.292631149,27.581884902,-59.552122542,1.273858913,-0.020060599,-0.018323388,0.553237017,-0.832580704,2420,1709436910.193873405,544614,1709436885.993808746
2550,1709436910.391270161,27.602231367,-59.689474051,1.269365988,-0.015903162,-0.010475823,0.553863559,-0.832389635,2361,1709436910.292631149,544614,1709436885.993808746
2551,1709436910.495054722,27.653179233,-59.834621892,1.263401607,-0.017594732,-0.009402948,0.552620322,-0.833194329,2362,1709436910.391270161,544614,1709436885.993808746
2552,1709436910.594921350,27.716374525,-59.973187167,1.256733100,-0.022439354,-0.015628239,0.548531805,-0.835682411,2291,1709436910.495054722,544614,1709436885.993808746
2553,1709436910.694760084,27.756995077,-60.110912901,1.253040200,-0.021987177,-0.012763226,0.537982164,-0.842572759,2441,1709436910.594921350,544614,1709436885.993808746
2554,1709436910.794597864,27.822808315,-60.249064100,1.268890076,-0.025781444,-0.017276224,0.523457768,-0.851486239,2351,1709436910.694760084,544614,1709436885.993808746
2555,1709436910.894450426,27.907756904,-60.387638563,1.274375227,-0.024329026,-0.019094731,0.509282640,-0.860043419,2338,1709436910.794597864,544614,1709436885.993808746
2556,1709436910.995097399,28.014859132,-60.526546169,1.278103226,-0.018522972,-0.021176519,0.492663785,-0.869764824,2365,1709436910.894450426,544614,1709436885.993808746
2557,1709436911.093930006,28.111201007,-60.668274713,1.269825495,-0.026032554,-0.028453216,0.484785233,-0.873782581,2399,1709436910.995097399,544614,1709436885.993808746
2558,1709436911.192637205,28.206425953,-60.815171269,1.269736341,-0.034099266,-0.040109714,0.478085953,-0.876733866,2361,1709436911.093930006,544614,1709436885.993808746
2559,1709436911.291732073,28.298690650,-60.927566737,1.267855038,-0.028424777,-0.032648670,0.475292742,-0.878762144,2298,1709436911.192637205,544614,1709436885.993808746
2560,1709436911.394445419,28.402905833,-61.054296059,1.280500638,-0.025831774,-0.032326753,0.469475273,-0.881975436,2374,1709436911.291732073,544614,1709436885.993808746
2561,1709436911.493544579,28.475412436,-61.165513136,1.279189038,-0.016890642,-0.008996535,0.470662646,-0.882105687,2295,1709436911.394445419,544614,1709436885.993808746
2562,1709436911.592133760,28.518314524,-61.265028792,1.283447194,-0.008987950,0.000566449,0.469215216,-0.883037925,2337,1709436911.493544579,544614,1709436885.993808746
2563,1709436911.690777302,28.600927188,-61.363341318,1.283152951,-0.000404877,-0.001520466,0.472589296,-0.881281386,2127,1709436911.592133760,544614,1709436885.993808746
2564,1709436911.789420366,28.674043031,-61.470445258,1.277416840,0.008070192,-0.003079543,0.476275726,-0.879253559,2092,1709436911.690777302,544614,1709436885.993808746
2565,1709436911.894449234,28.726576983,-61.603447688,1.286176919,0.005667623,-0.008681461,0.481861392,-0.876186116,2053,1709436911.789420366,544614,1709436885.993808746
2566,1709436911.995094776,28.786430714,-61.733366528,1.287793318,-0.005288165,-0.003264186,0.485310203,-0.874319957,2209,1709436911.894449234,544614,1709436885.993808746
2567,1709436912.094929218,28.842215270,-61.863559675,1.285254363,-0.008966235,-0.004622816,0.492494757,-0.870256945,2153,1709436911.995094776,544614,1709436885.993808746
2568,1709436912.194773197,28.939923103,-61.982196718,1.282825997,-0.005815433,-0.008838444,0.494265209,-0.869246781,2212,1709436912.094929218,544614,1709436885.993808746
2569,1709436912.294621229,29.014267132,-62.110145884,1.292416752,-0.003208040,-0.007439333,0.494065308,-0.869387046,2272,1709436912.194773197,544614,1709436885.993808746
2570,1709436912.394187212,29.081001513,-62.240921844,1.299479359,-0.006276827,-0.003641570,0.493747369,-0.869575112,2281,1709436912.294621229,544614,1709436885.993808746
2571,1709436912.493226051,29.159291090,-62.353698377,1.313976161,-0.003890587,-0.003941252,0.495630362,-0.868515903,2236,1709436912.394187212,544614,1709436885.993808746
2572,1709436912.594939232,29.249231881,-62.483619471,1.319758166,-0.002536529,-0.000932277,0.494943404,-0.868921011,2205,1709436912.493226051,544614,1709436885.993808746
2573,1709436912.694543839,29.351371279,-62.603738884,1.327936521,0.000224889,-0.005632760,0.498150536,-0.867072238,2174,1709436912.594939232,544614,1709436885.993808746
2574,1709436912.793234348,29.433315952,-62.718551090,1.336489783,0.002880361,-0.003884094,0.505327989,-0.862913809,2240,1709436912.694543839,544614,1709436885.993808746
2575,1709436912.891918659,29.516796459,-62.835153893,1.341511233,0.000528758,-0.003322781,0.513167719,-0.858281755,2158,1709436912.793234348,544614,1709436885.993808746
2576,1709436912.990615129,29.582635719,-62.960416747,1.349886362,-0.000459967,-0.009588209,0.522971081,-0.852296370,2107,1709436912.891918659,544614,1709436885.993808746
2577,1709436913.094946861,29.655986484,-63.089102505,1.363481833,0.002947544,-0.005351802,0.530551153,-0.847630901,2202,1709436912.990615129,544614,1709436885.993808746
2578,1709436913.194090843,29.718150840,-63.232937864,1.356843213,-0.005026935,-0.011484459,0.534213372,-0.845256713,2216,1709436913.094946861,544614,1709436885.993808746
2579,1709436913.292647362,29.786053618,-63.362500152,1.369533335,-0.000001717,-0.007915576,0.534446819,-0.845165038,2246,1709436913.194090843,544614,1709436885.993808746
2580,1709436913.394460201,29.843389639,-63.502192476,1.371932174,-0.004838138,-0.007194387,0.533589273,-0.845699309,2273,1709436913.292647362,544614,1709436885.993808746
2581,1709436913.495080709,29.894066832,-63.660114600,1.365373221,-0.015550616,-0.011488931,0.532265356,-0.846356765,2256,1709436913.394460201,544614,1709436885.993808746
2582,1709436913.594934225,29.953356022,-63.794024683,1.371457119,-0.009449595,-0.005118552,0.530464483,-0.847639037,2345,1709436913.495080709,544614,1709436885.993808746
2583,1709436913.694188118,30.007799859,-63.934342125,1.369424003,-0.011763710,-0.019824435,0.532128597,-0.846349669,2372,1709436913.594934225,544614,1709436885.993808746
2584,1709436913.793206453,30.059423774,-64.069704626,1.373912435,-0.007414899,-0.016771973,0.530952115,-0.847203383,2341,1709436913.694188118,544614,1709436885.993808746
2585,1709436913.892115831,30.106657231,-64.230156554,1.356767337,-0.019046555,-0.028609176,0.529256622,-0.847765399,2294,1709436913.793206453,544614,1709436885.993808746
2586,1709436913.994369745,30.162955227,-64.375592318,1.366218455,-0.014719371,-0.019195263,0.530999535,-0.847026785,2294,1709436913.892115831,544614,1709436885.993808746
2587,1709436914.093003511,30.231163146,-64.514937645,1.366578686,-0.012210243,-0.016857836,0.531708261,-0.846671748,2359,1709436913.994369745,544614,1709436885.993808746
2588,1709436914.191772938,30.283172910,-64.644325809,1.365312706,-0.011791456,-0.008450544,0.531706470,-0.846804452,2243,1709436914.093003511,544614,1709436885.993808746
2589,1709436914.290265799,30.359290879,-64.763313932,1.365277085,-0.005766150,0.000396298,0.535288817,-0.844649322,2277,1709436914.191772938,544614,1709436885.993808746
2590,1709436914.394452810,30.416575954,-64.903055357,1.372635732,-0.009773558,-0.012939282,0.535743049,-0.844225348,2132,1709436914.290265799,544614,1709436885.993808746
2591,1709436914.493562937,30.465063619,-65.020276381,1.381977546,-0.006162172,-0.011358767,0.536870186,-0.843565889,2236,1709436914.394452810,544614,1709436885.993808746
2592,1709436914.592121601,30.524994399,-65.151126252,1.387241789,-0.010229298,-0.015621833,0.536670996,-0.843584947,2209,1709436914.493562937,544614,1709436885.993808746
2593,1709436914.694751740,30.577057653,-65.287229587,1.389892809,-0.009748823,-0.013471367,0.536030433,-0.844034867,2216,1709436914.592121601,544614,1709436885.993808746
2594,1709436914.794584751,30.637087270,-65.397359614,1.389874915,-0.002824432,-0.010942232,0.537878697,-0.842946498,2284,1709436914.694751740,544614,1709436885.993808746
2595,1709436914.894821405,30.703816899,-65.525732943,1.389497122,-0.000564477,-0.012366561,0.535965723,-0.844148976,2252,1709436914.794584751,544614,1709436885.993808746
2596,1709436914.994281530,30.749413188,-65.655821905,1.379427835,-0.002287044,-0.006188341,0.535904298,-0.844252958,2213,1709436914.894821405,544614,1709436885.993808746
2597,1709436915.093342066,30.791546229,-65.806021951,1.378088567,-0.002916073,-0.004554043,0.537001694,-0.843563832,2202,1709436914.994281530,544614,1709436885.993808746
2598,1709436915.195123672,30.866570756,-65.937689198,1.385788440,-0.003741984,-0.012762582,0.536219089,-0.843974053,2159,1709436915.093342066,544614,1709436885.993808746
2599,1709436915.293894053,30.929878921,-66.066267782,1.391218501,0.002737174,-0.006395189,0.535794545,-0.844319735,2213,1709436915.195123672,544614,1709436885.993808746
2600,1709436915.392633677,31.005105259,-66.217607328,1.392019736,-0.003995884,-0.007889527,0.534754534,-0.844961169,2199,1709436915.293894053,544614,1709436885.993808746
2601,1709436915.491401434,31.080759911,-66.354611809,1.400234788,-0.005251394,-0.011902753,0.536847763,-0.843578820,2228,1709436915.392633677,544614,1709436885.993808746
2602,1709436915.590169191,31.146920920,-66.495226231,1.403840417,-0.001529045,-0.013825334,0.537492875,-0.843153564,2273,1709436915.491401434,544614,1709436885.993808746
2603,1709436915.694570303,31.213249186,-66.655895027,1.406397538,-0.007554227,-0.017598162,0.535555610,-0.844282788,2274,1709436915.590169191,544614,1709436885.993808746
2604,1709436915.793164730,31.280056005,-66.794979190,1.400943551,-0.007457435,-0.012119445,0.535841896,-0.844198418,2347,1709436915.694570303,544614,1709436885.993808746
2605,1709436915.891810417,31.336214682,-66.941775667,1.396577056,-0.009745877,-0.009668402,0.535424734,-0.844471370,2295,1709436915.793164730,544614,1709436885.993808746
2606,1709436915.994640827,31.413815670,-67.088026698,1.394845051,-0.014214076,-0.015127753,0.535311188,-0.844399812,2311,1709436915.891810417,544614,1709436885.993808746
2607,1709436916.094474316,31.475519897,-67.224125150,1.399280375,-0.011007252,-0.012063509,0.535290131,-0.844510384,2299,1709436915.994640827,544614,1709436885.993808746
2608,1709436916.195113420,31.554041414,-67.356424016,1.399872765,-0.011749517,-0.016315223,0.534789096,-0.844746344,2312,1709436916.094474316,544614,1709436885.993808746
2609,1709436916.294273138,31.607218794,-67.487079021,1.397001398,-0.014964413,-0.012730446,0.535371755,-0.844387995,2311,1709436916.195113420,544614,1709436885.993808746
2610,1709436916.393481493,31.668975946,-67.619677500,1.400948126,-0.014302883,-0.014215840,0.535247218,-0.844454707,2232,1709436916.294273138,544614,1709436885.993808746
2611,1709436916.494603872,31.749877325,-67.734292661,1.411790101,-0.010013909,-0.009155900,0.535427267,-0.844472340,2213,1709436916.393481493,544614,1709436885.993808746
2612,1709436916.593772888,31.812234488,-67.874141742,1.415646281,-0.008305632,-0.011968792,0.536714866,-0.843637907,2306,1709436916.494603872,544614,1709436885.993808746
2613,1709436916.692424297,31.859407457,-68.010172982,1.416632902,-0.009194573,-0.003310088,0.534919832,-0.844846304,2322,1709436916.593772888,544614,1709436885.993808746
2614,1709436916.791218758,31.916534303,-68.155593966,1.419245712,-0.013759632,-0.008156739,0.536566133,-0.843706658,2285,1709436916.692424297,544614,1709436885.993808746
2615,1709436916.894757986,31.991192976,-68.296671365,1.417428424,-0.012753130,-0.011187692,0.535490208,-0.844371026,2241,1709436916.791218758,544614,1709436885.993808746
2616,1709436916.994302034,32.052473586,-68.437484334,1.416839007,-0.008737083,-0.005841981,0.534041852,-0.845392710,2333,1709436916.894757986,544614,1709436885.993808746
2617,1709436917.092880249,32.118020382,-68.573964265,1.417355740,-0.008817761,-0.009699447,0.534182899,-0.845267294,2382,1709436916.994302034,544614,1709436885.993808746
2618,1709436917.191571236,32.177004460,-68.704367826,1.426447402,-0.005496948,-0.007409740,0.532419957,-0.846430073,2330,1709436917.092880249,544614,1709436885.993808746
2619,1709436917.294901848,32.241459063,-68.845030924,1.424204473,-0.006185553,-0.012110881,0.533244501,-0.845851859,2313,1709436917.191571236,544614,1709436885.993808746
2620,1709436917.394746065,32.276916082,-68.977133550,1.425415307,-0.005647439,-0.007312293,0.531992024,-0.846698956,2406,1709436917.294901848,544614,1709436885.993808746
2621,1709436917.494580269,32.357616473,-69.114186513,1.432218108,-0.004069972,-0.012327651,0.531527239,-0.846941709,2400,1709436917.394746065,544614,1709436885.993808746
2622,1709436917.594815016,32.435067630,-69.242247094,1.430836815,0.000974724,-0.013238129,0.532364967,-0.846410860,2396,1709436917.494580269,544614,1709436885.993808746
2623,1709436917.694656134,32.516019959,-69.386565434,1.432400431,-0.003387050,-0.017805807,0.524798497,-0.851033500,2309,1709436917.594815016,544614,1709436885.993808746
2624,1709436917.794489622,32.587541561,-69.529098638,1.434366258,-0.005290120,-0.014549343,0.527582022,-0.849363021,2253,1709436917.694656134,544614,1709436885.993808746
2625,1709436917.893593788,32.651967557,-69.672737614,1.437330034,-0.006705631,-0.017994684,0.527999393,-0.849027601,2395,1709436917.794489622,544614,1709436885.993808746
2626,1709436917.992236137,32.709527927,-69.816302133,1.436744705,-0.001902776,-0.012861763,0.524926586,-0.851048197,2298,1709436917.893593788,544614,1709436885.993808746
2627,1709436918.091063023,32.791444415,-69.959364401,1.429074785,-0.007635901,-0.016146278,0.526136966,-0.850212258,2303,1709436917.992236137,544614,1709436885.993808746
2628,1709436918.194648027,32.860423360,-70.100335838,1.430333446,-0.003545202,-0.014092734,0.524615636,-0.851215167,2383,1709436918.091063023,544614,1709436885.993808746
2629,1709436918.293869019,32.914466129,-70.246738707,1.428130770,-0.005910297,-0.013624519,0.524766552,-0.851116624,2400,1709436918.194648027,544614,1709436885.993808746
2630,1709436918.392437696,32.972197823,-70.384050690,1.424774373,-0.009482695,-0.010628920,0.523837290,-0.851699241,2407,1709436918.293869019,544614,1709436885.993808746
2631,1709436918.491046667,33.027012520,-70.528261472,1.420559944,-0.014266293,-0.015072177,0.525393456,-0.850606266,2307,1709436918.392437696,544614,1709436885.993808746
2632,1709436918.594831705,33.094861391,-70.661517855,1.427216913,-0.008245516,-0.016770074,0.526781737,-0.849795139,2354,1709436918.491046667,544614,1709436885.993808746
2633,1709436918.694666862,33.151262810,-70.801175039,1.426013972,-0.011578807,-0.017608814,0.524628147,-0.851070601,2362,1709436918.594831705,544614,1709436885.993808746
2634,1709436918.794502735,33.207051601,-70.928167200,1.429278505,-0.011847621,-0.012187451,0.525567447,-0.850582129,2367,1709436918.694666862,544614,1709436885.993808746
2635,1709436918.894757986,33.274758364,-71.073127533,1.428035466,-0.012235356,-0.011815831,0.527574876,-0.849338232,2289,1709436918.794502735,544614,1709436885.993808746
2636,1709436918.994605780,33.340245374,-71.209328819,1.438804395,-0.008075353,-0.017655527,0.526569496,-0.849910370,2293,1709436918.894757986,544614,1709436885.993808746
2637,1709436919.094438553,33.418521090,-71.339826510,1.435135772,-0.005137030,-0.015745017,0.526978237,-0.849717390,2394,1709436918.994605780,544614,1709436885.993808746
2638,1709436919.193294764,33.448880452,-71.469365435,1.435673905,-0.004001234,-0.012081131,0.528456689,-0.848864868,2383,1709436919.094438553,544614,1709436885.993808746
2639,1709436919.292196751,33.508671693,-71.600199705,1.438459160,-0.002637317,-0.011064308,0.526866194,-0.849872131,2318,1709436919.193294764,544614,1709436885.993808746
2640,1709436919.391119957,33.576712232,-71.736706584,1.438258616,-0.002221688,-0.014535028,0.523871341,-0.851670485,2327,1709436919.292196751,544614,1709436885.993808746
2641,1709436919.494606256,33.655001807,-71.875782127,1.440934999,-0.001311086,-0.008487701,0.523509952,-0.851976273,2394,1709436919.391119957,544614,1709436885.993808746
2642,1709436919.593578100,33.725384008,-72.014840774,1.440136764,-0.006394432,-0.010003782,0.521991074,-0.852868310,2396,1709436919.494606256,544614,1709436885.993808746
2643,1709436919.692256927,33.781372571,-72.153701365,1.441859881,-0.005812891,-0.007518423,0.520684802,-0.853696094,2375,1709436919.593578100,544614,1709436885.993808746
2644,1709436919.790899515,33.866738774,-72.286789354,1.439742456,-0.002978930,-0.014148215,0.520409473,-0.853794433,2378,1709436919.692256927,544614,1709436885.993808746
2645,1709436919.894756556,33.949588069,-72.421119593,1.444273058,-0.001055567,-0.010857215,0.517730565,-0.855474178,2361,1709436919.790899515,544614,1709436885.993808746
2646,1709436919.994583607,34.045023791,-72.550278765,1.441731860,-0.003981921,-0.009575646,0.513475500,-0.858041586,2462,1709436919.894756556,544614,1709436885.993808746
2647,1709436920.093345642,34.149732212,-72.668203618,1.440514293,-0.006604961,-0.009915628,0.513638293,-0.857924099,2341,1709436919.994583607,544614,1709436885.993808746
2648,1709436920.195084095,34.198548414,-72.817736028,1.441862744,-0.004736960,-0.005954860,0.509544494,-0.860410663,2281,1709436920.093345642,544614,1709436885.993808746
2649,1709436920.294930220,34.289790880,-72.952604221,1.447348856,-0.004910491,-0.011638540,0.507130067,-0.861776959,2372,1709436920.195084095,544614,1709436885.993808746
2650,1709436920.394323587,34.358246900,-73.092814685,1.451403250,-0.004434202,-0.009059848,0.503206642,-0.864107246,2398,1709436920.294930220,544614,1709436885.993808746
2651,1709436920.493186474,34.430015891,-73.220448960,1.457373736,-0.008661795,-0.005889742,0.499676083,-0.866149003,2353,1709436920.394323587,544614,1709436885.993808746
2652,1709436920.592051506,34.508524218,-73.343429826,1.465190852,-0.001199800,-0.007399037,0.497266884,-0.867565249,2350,1709436920.493186474,544614,1709436885.993808746
2653,1709436920.695071459,34.594422037,-73.494028479,1.465111087,-0.006368127,-0.011349938,0.487306125,-0.873134220,2355,1709436920.592051506,544614,1709436885.993808746
2654,1709436920.794641495,34.680971586,-73.627714541,1.468166902,-0.009495754,-0.006536803,0.479519895,-0.877455281,2342,1709436920.695071459,544614,1709436885.993808746
2655,1709436920.893232822,34.768740936,-73.768814087,1.473208544,-0.007535241,-0.014078599,0.470453841,-0.882280112,2410,1709436920.794641495,544614,1709436885.993808746
2656,1709436920.991884232,34.870603056,-73.902947844,1.477333502,-0.005586961,-0.011048340,0.456562193,-0.889605353,2350,1709436920.893232822,544614,1709436885.993808746
2657,1709436921.090582609,34.966186442,-74.034186011,1.473576051,-0.007434533,-0.015031654,0.443651815,-0.896042323,2385,1709436920.991884232,544614,1709436885.993808746
2658,1709436921.194653749,35.091205664,-74.169070273,1.478748641,-0.007274730,-0.017484111,0.424546013,-0.905208300,2340,1709436921.090582609,544614,1709436885.993808746
2659,1709436921.293574333,35.224093664,-74.274113007,1.474174022,-0.004444499,-0.019705528,0.403648081,-0.914691295,2447,1709436921.194653749,544614,1709436885.993808746
2660,1709436921.394768000,35.347005388,-74.400425084,1.472984205,-0.009662341,-0.019680722,0.382645301,-0.923635145,2365,1709436921.293574333,544614,1709436885.993808746
2661,1709436921.494608879,35.447399146,-74.517229436,1.474721944,-0.006287247,-0.019757725,0.363117050,-0.931512808,2422,1709436921.394768000,544614,1709436885.993808746
2662,1709436921.594453573,35.597819176,-74.614721694,1.475486435,-0.003043153,-0.022838406,0.340106580,-0.940104601,2453,1709436921.494608879,544614,1709436885.993808746
2663,1709436921.694347620,35.712220003,-74.735652320,1.471465208,-0.005803659,-0.019720614,0.319992665,-0.947196975,2478,1709436921.594453573,544614,1709436885.993808746
2664,1709436921.793321133,35.843328267,-74.834656955,1.471559191,-0.009663500,-0.021598922,0.298534432,-0.954105495,2434,1709436921.694347620,544614,1709436885.993808746
2665,1709436921.892408133,35.988493771,-74.927525064,1.473588884,-0.008369462,-0.024985699,0.278873334,-0.959966317,2389,1709436921.793321133,544614,1709436885.993808746
2666,1709436921.994574308,36.111964219,-75.017977672,1.474349562,-0.006571730,-0.017007929,0.255826534,-0.966550737,2394,1709436921.892408133,544614,1709436885.993808746
2667,1709436922.094278574,36.244991195,-75.085050389,1.473869456,-0.006263949,-0.017353202,0.235866908,-0.971610226,2359,1709436921.994574308,544614,1709436885.993808746
2668,1709436922.192987442,36.395134557,-75.141256185,1.469023367,-0.013006064,-0.014735396,0.215242518,-0.976362826,2375,1709436922.094278574,544614,1709436885.993808746
2669,1709436922.291665077,36.547118520,-75.194041533,1.467534025,-0.010299012,-0.017588587,0.197767665,-0.980037001,2346,1709436922.192987442,544614,1709436885.993808746
2670,1709436922.394768000,36.712533833,-75.252194343,1.469237501,-0.006031596,-0.014101204,0.176859611,-0.984116585,2374,1709436922.291665077,544614,1709436885.993808746
2671,1709436922.494564772,36.870854305,-75.303054033,1.471156070,-0.006611198,-0.013590008,0.157841068,-0.987348875,2336,1709436922.394768000,544614,1709436885.993808746
2672,1709436922.593101501,37.029767241,-75.352527720,1.477872532,-0.007239944,-0.015330653,0.139325775,-0.990101451,2358,1709436922.494564772,544614,1709436885.993808746
2673,1709436922.695071459,37.190994378,-75.375057480,1.488069818,-0.002770021,-0.010290555,0.117934826,-0.992964153,2351,1709436922.593101501,544614,1709436885.993808746
2674,1709436922.794914722,37.347143807,-75.399993444,1.485728756,-0.006995641,-0.015077677,0.098730052,-0.994975428,2329,1709436922.695071459,544614,1709436885.993808746
2675,1709436922.894753456,37.502444540,-75.422798174,1.487426312,-0.010437355,-0.008381025,0.078098983,-0.996855741,2405,1709436922.794914722,544614,1709436885.993808746
2676,1709436922.994392633,37.669290907,-75.463530930,1.480390007,-0.011328210,-0.016308104,0.062370503,-0.997855519,2422,1709436922.894753456,544614,1709436885.993808746
2677,1709436923.093111515,37.825231307,-75.466179777,1.486178737,-0.012031493,-0.007512374,0.040943010,-0.999060798,2392,1709436922.994392633,544614,1709436885.993808746
2678,1709436923.192306042,37.991497953,-75.472470199,1.482724422,-0.013600220,-0.018578297,0.023575351,-0.999456894,2357,1709436923.093111515,544614,1709436885.993808746
2679,1709436923.294931650,38.178721461,-75.485164302,1.477100898,-0.017975649,-0.025796228,0.002402809,-0.999502705,2353,1709436923.192306042,544614,1709436885.993808746
2680,1709436923.393931866,38.333986590,-75.471809135,1.480946630,-0.014766213,-0.021255891,-0.023754257,-0.999382750,2391,1709436923.294931650,544614,1709436885.993808746
2681,1709436923.492551327,38.501027369,-75.471846820,1.478845241,-0.017836639,-0.023891971,-0.043769316,-0.998596653,2345,1709436923.393931866,544614,1709436885.993808746
2682,1709436923.591342926,38.667172507,-75.445040021,1.475743630,-0.013290820,-0.019964141,-0.066222805,-0.997516580,2317,1709436923.492551327,544614,1709436885.993808746
2683,1709436923.695078611,38.850858086,-75.414045472,1.484511652,-0.007135049,-0.020501474,-0.087316150,-0.995944110,2307,1709436923.591342926,544614,1709436885.993808746
2684,1709436923.794147730,39.005789373,-75.382727556,1.484693362,-0.005542782,-0.021613034,-0.107427125,-0.993962558,2378,1709436923.695078611,544614,1709436885.993808746
2685,1709436923.892709494,39.172995662,-75.346250321,1.493749551,-0.007681733,-0.019018293,-0.126859046,-0.991708666,2362,1709436923.794147730,544614,1709436885.993808746
2686,1709436923.991319895,39.326867433,-75.275913063,1.505664769,-0.003059921,-0.016898075,-0.144882923,-0.989299768,2330,1709436923.892709494,544614,1709436885.993808746
2687,1709436924.094803810,39.474464942,-75.214561783,1.508875526,-0.004368947,-0.021893596,-0.165113533,-0.986021858,2401,1709436923.991319895,544614,1709436885.993808746
2688,1709436924.194646120,39.625066203,-75.162080033,1.509081662,-0.005676640,-0.026938991,-0.178468683,-0.983560367,2428,1709436924.094803810,544614,1709436885.993808746
2689,1709436924.294372797,39.775574266,-75.093373671,1.510292024,-0.003865942,-0.029400341,-0.196573714,-0.980040535,2445,1709436924.194646120,544614,1709436885.993808746
2690,1709436924.393428564,39.919132239,-75.016010435,1.508765920,-0.001317625,-0.028454152,-0.215030533,-0.976191833,2419,1709436924.294372797,544614,1709436885.993808746
2691,1709436924.492410898,40.068552688,-74.953951577,1.514812913,0.001209404,-0.027461041,-0.229665539,-0.972881374,2374,1709436924.393428564,544614,1709436885.993808746
2692,1709436924.594807148,40.197513345,-74.868645940,1.519515796,0.005910425,-0.025184174,-0.244534677,-0.969295422,2383,1709436924.492410898,544614,1709436885.993808746
2693,1709436924.693722725,40.325828136,-74.763311936,1.523264714,0.013081231,-0.025037392,-0.258413178,-0.965621375,2454,1709436924.594807148,544614,1709436885.993808746
2694,1709436924.792462587,40.440331637,-74.682765407,1.524064403,0.008539825,-0.019499792,-0.270909501,-0.962369405,2409,1709436924.693722725,544614,1709436885.993808746
2695,1709436924.891249180,40.558226693,-74.588531626,1.528105369,0.006210190,-0.012980217,-0.284883333,-0.958454190,2324,1709436924.792462587,544614,1709436885.993808746
2696,1709436924.994948864,40.688640702,-74.476842905,1.522859529,0.004689312,-0.020310675,-0.298139002,-0.954294830,2358,1709436924.891249180,544614,1709436885.993808746
2697,1709436925.093695164,40.807785166,-74.379574719,1.531140593,0.006535830,-0.016738182,-0.310585981,-0.950375433,2399,1709436924.994948864,544614,1709436885.993808746
2698,1709436925.192445755,40.917325776,-74.278058667,1.528283680,0.007229219,-0.016299784,-0.321202006,-0.946842821,2363,1709436925.093695164,544614,1709436885.993808746
2699,1709436925.290953636,41.037354116,-74.170969512,1.526278458,0.006213597,-0.016201205,-0.335462479,-0.941893751,2333,1709436925.192445755,544614,1709436885.993808746
2700,1709436925.395124435,41.162696938,-74.060760255,1.534163806,0.001105694,-0.017052724,-0.347280533,-0.937605575,2365,1709436925.290953636,544614,1709436885.993808746
2701,1709436925.494942904,41.265310367,-73.932055944,1.530366855,0.000168663,-0.017674240,-0.356927500,-0.933964856,2449,1709436925.395124435,544614,1709436885.993808746
2702,1709436925.594548464,41.403505464,-73.802813046,1.528339552,0.002316035,-0.033779964,-0.366379720,-0.929849155,2388,1709436925.494942904,544614,1709436885.993808746
2703,1709436925.693454742,41.516388181,-73.689701504,1.523903216,-0.002925878,-0.033583337,-0.381509576,-0.923749989,2445,1709436925.594548464,544614,1709436885.993808746
2704,1709436925.792538881,41.625269212,-73.572324478,1.531386558,0.001060629,-0.023916828,-0.398665140,-0.916784035,2430,1709436925.693454742,544614,1709436885.993808746
2705,1709436925.894749641,41.732494120,-73.442876585,1.530092043,0.001386064,-0.032844384,-0.413609355,-0.909860773,2397,1709436925.792538881,544614,1709436885.993808746
2706,1709436925.993452311,41.836086683,-73.328932261,1.528974954,0.000490115,-0.029227681,-0.422137334,-0.906060469,2409,1709436925.894749641,544614,1709436885.993808746
2707,1709436926.092216492,41.916751264,-73.196543221,1.532536712,0.008861009,-0.026952726,-0.431494349,-0.901669374,2328,1709436925.993452311,544614,1709436885.993808746
2708,1709436926.190975428,42.018089023,-73.077562931,1.535649359,0.012655270,-0.028586195,-0.442328583,-0.896308038,2374,1709436926.092216492,544614,1709436885.993808746
2709,1709436926.294487953,42.121221427,-72.938209667,1.531020622,0.014657709,-0.033089161,-0.449376825,-0.892608945,2379,1709436926.190975428,544614,1709436885.993808746
2710,1709436926.393472433,42.211894474,-72.796134763,1.531812509,0.012875218,-0.034231181,-0.458170169,-0.888111790,2420,1709436926.294487953,544614,1709436885.993808746
2711,1709436926.492063761,42.282490177,-72.662313388,1.531744218,0.008818320,-0.030106261,-0.471421719,-0.881349768,2401,1709436926.393472433,544614,1709436885.993808746
2712,1709436926.590748787,42.344248037,-72.536587791,1.537956904,0.010740151,-0.022416540,-0.489444510,-0.871680113,2413,1709436926.492063761,544614,1709436885.993808746
2713,1709436926.694647074,42.406385283,-72.394016393,1.526516526,0.008213321,-0.017222584,-0.508799245,-0.860673720,2448,1709436926.590748787,544614,1709436885.993808746
2714,1709436926.794487476,42.473826196,-72.256034550,1.522634082,0.013995270,-0.019475306,-0.523751407,-0.851533504,2374,1709436926.694647074,544614,1709436885.993808746
2715,1709436926.894534111,42.532715432,-72.105211125,1.518880980,0.013931879,-0.016750667,-0.537905024,-0.842723860,2410,1709436926.794487476,544614,1709436885.993808746
2716,1709436926.993700027,42.575576784,-71.949777119,1.530069637,0.023063489,-0.017531432,-0.549808123,-0.834788447,2331,1709436926.894534111,544614,1709436885.993808746
2717,1709436927.094797850,42.627952332,-71.804863485,1.529533035,0.028577665,-0.012756512,-0.563426368,-0.825573326,2342,1709436926.993700027,544614,1709436885.993808746
2718,1709436927.194614172,42.687925935,-71.649382126,1.529476965,0.027180038,-0.016204720,-0.578966664,-0.814736924,2329,1709436927.094797850,544614,1709436885.993808746
2719,1709436927.293334007,42.775089361,-71.503693637,1.535797340,0.021396761,-0.019240924,-0.586859694,-0.809177153,2364,1709436927.194614172,544614,1709436885.993808746
2720,1709436927.392232895,42.818978502,-71.362020309,1.527814118,0.019157702,-0.013557286,-0.593869039,-0.804219340,2362,1709436927.293334007,544614,1709436885.993808746
2721,1709436927.491135597,42.857523793,-71.212471630,1.520823059,0.014242330,-0.012533261,-0.603649916,-0.797023746,2343,1709436927.392232895,544614,1709436885.993808746
2722,1709436927.594510555,42.907367396,-71.048970911,1.501371545,0.009651826,-0.017635764,-0.622994512,-0.781967812,2311,1709436927.491135597,544614,1709436885.993808746
2723,1709436927.693002462,42.953872580,-70.889689567,1.495709257,0.001441485,-0.031084579,-0.641962455,-0.766104351,2310,1709436927.594510555,544614,1709436885.993808746
2724,1709436927.791593790,42.966707855,-70.730317806,1.491930555,0.002593427,-0.025787213,-0.660008244,-0.750811169,2275,1709436927.693002462,544614,1709436885.993808746
2725,1709436927.895136118,42.980800247,-70.552523233,1.490118747,0.013945152,-0.031718286,-0.675537478,-0.736511099,2231,1709436927.791593790,544614,1709436885.993808746
2726,1709436927.994980335,42.974629434,-70.392596399,1.489438039,0.009445655,-0.026747868,-0.695374643,-0.718087346,2231,1709436927.895136118,544614,1709436885.993808746
2727,1709436928.094834566,42.947077174,-70.215256441,1.488923045,0.026051602,-0.025408699,-0.713159887,-0.700056203,2321,1709436927.994980335,544614,1709436885.993808746
2728,1709436928.194659233,42.922924400,-70.048679857,1.488471070,0.030748606,-0.024669261,-0.736736533,-0.675029800,2286,1709436928.094834566,544614,1709436885.993808746
2729,1709436928.294235945,42.878213027,-69.885695114,1.465005651,0.035315042,-0.037211002,-0.752791774,-0.656256607,2332,1709436928.194659233,544614,1709436885.993808746
2730,1709436928.394766808,42.842222135,-69.721483836,1.458167126,0.033402268,-0.052630487,-0.762098451,-0.644453467,2224,1709436928.294235945,544614,1709436885.993808746
2731,1709436928.494159222,42.822459635,-69.611490361,1.458612676,0.024101940,-0.046262959,-0.775780758,-0.628842628,2393,1709436928.394766808,544614,1709436885.993808746
2732,1709436928.593144178,42.788179773,-69.503607673,1.456500759,0.018036036,-0.032548782,-0.788942972,-0.613338622,2370,1709436928.494159222,544614,1709436885.993808746
2733,1709436928.692082167,42.774029265,-69.404302199,1.445130569,0.012179276,-0.025169118,-0.801617891,-0.597182499,2280,1709436928.593144178,544614,1709436885.993808746
2734,1709436928.794900894,42.760666757,-69.294775824,1.420834453,-0.010718074,-0.029560986,-0.817734734,-0.574735744,2329,1709436928.692082167,544614,1709436885.993808746
2735,1709436928.894016981,42.731132474,-69.172644973,1.393417008,-0.013480629,-0.052664043,-0.828884190,-0.556772639,2243,1709436928.794900894,544614,1709436885.993808746
2736,1709436928.992707491,42.685003135,-69.032509481,1.385165298,-0.000617690,-0.060855029,-0.840974241,-0.537641712,2147,1709436928.894016981,544614,1709436885.993808746
2737,1709436929.091376543,42.620178194,-68.919953213,1.388781377,0.004867105,-0.052882794,-0.851835341,-0.521110616,2253,1709436928.992707491,544614,1709436885.993808746
2738,1709436929.195075035,42.527317963,-68.800663955,1.395291009,0.017658968,-0.034473280,-0.858834220,-0.510787174,2301,1709436929.091376543,544614,1709436885.993808746
2739,1709436929.294926405,42.469545524,-68.676609039,1.397691314,0.015756713,-0.022372445,-0.865368164,-0.500388989,2327,1709436929.195075035,544614,1709436885.993808746
2740,1709436929.394775867,42.389252588,-68.535478682,1.392127072,0.023830168,-0.027953618,-0.869837159,-0.491969546,2346,1709436929.294926405,544614,1709436885.993808746
2741,1709436929.494618177,42.331358988,-68.372320990,1.383642760,0.020564281,-0.042458063,-0.874527746,-0.482675506,2375,1709436929.394775867,544614,1709436885.993808746
2742,1709436929.594454527,42.237388757,-68.215490386,1.366779297,0.024102523,-0.042259405,-0.873252775,-0.484832758,2366,1709436929.494618177,544614,1709436885.993808746
2743,1709436929.695109129,42.150563451,-68.082360484,1.390713689,0.019196318,-0.030658157,-0.875455863,-0.481942539,2288,1709436929.594454527,544614,1709436885.993808746
2744,1709436929.794388771,42.066493061,-67.957652666,1.386111904,0.004118409,-0.015381447,-0.875564881,-0.482838057,2397,1709436929.695109129,544614,1709436885.993808746
2745,1709436929.893256187,41.997487557,-67.804525358,1.381788288,0.006588095,-0.010549749,-0.875628598,-0.482824873,2219,1709436929.794388771,544614,1709436885.993808746
2746,1709436929.992180347,41.923527897,-67.630293191,1.374562903,0.011600675,-0.014349795,-0.873681907,-0.486147542,2159,1709436929.893256187,544614,1709436885.993808746
2747,1709436930.094474316,41.823970012,-67.470612433,1.373177183,0.021023658,-0.016510754,-0.872782925,-0.487376002,2153,1709436929.992180347,544614,1709436885.993808746
2748,1709436930.193791628,41.751356307,-67.300672441,1.370191215,0.023238265,-0.028705405,-0.873567724,-0.485299304,2303,1709436930.094474316,544614,1709436885.993808746
2749,1709436930.292490005,41.669988524,-67.135624784,1.361195639,0.030399015,-0.034998534,-0.871232959,-0.488675898,2255,1709436930.193791628,544614,1709436885.993808746
2750,1709436930.391121149,41.608697142,-66.984003660,1.351210557,0.027230402,-0.034745672,-0.866344178,-0.497492721,2316,1709436930.292490005,544614,1709436885.993808746
2751,1709436930.494632959,41.550421090,-66.832001435,1.339806152,0.029444305,-0.033858453,-0.851091232,-0.523096886,2319,1709436930.391121149,544614,1709436885.993808746
2752,1709436930.594480753,41.532869621,-66.703217568,1.334665691,0.025635318,-0.033242054,-0.830927467,-0.554794864,2319,1709436930.494632959,544614,1709436885.993808746
2753,1709436930.695125580,41.505305494,-66.572250460,1.325008410,0.032266484,-0.038646839,-0.811154688,-0.582660594,2444,1709436930.594480753,544614,1709436885.993808746
2754,1709436930.794975519,41.468253701,-66.457289057,1.340939009,0.028229430,-0.036555019,-0.798604958,-0.600080787,2301,1709436930.695125580,544614,1709436885.993808746
2755,1709436930.894806385,41.444880579,-66.316014697,1.344379406,0.027780828,-0.037913814,-0.795009683,-0.604772992,2352,1709436930.794975519,544614,1709436885.993808746
2756,1709436930.994643211,41.396422987,-66.189742153,1.338904195,0.033536496,-0.034208778,-0.793644887,-0.606492256,2365,1709436930.894806385,544614,1709436885.993808746
2757,1709436931.094008446,41.358608291,-66.054111955,1.324663165,0.030135541,-0.030616068,-0.792211389,-0.608732799,2387,1709436930.994643211,544614,1709436885.993808746
2758,1709436931.192984343,41.324001817,-65.937715511,1.324934472,0.013398809,-0.030361192,-0.792526103,-0.608934353,2336,1709436931.094008446,544614,1709436885.993808746
2759,1709436931.291968822,41.279761254,-65.815041519,1.309268271,0.010169852,-0.030227739,-0.790937782,-0.611064876,2272,1709436931.192984343,544614,1709436885.993808746
2760,1709436931.394673347,41.235962687,-65.682283271,1.301036251,0.002015189,-0.017994663,-0.790717397,-0.611913498,2232,1709436931.291968822,544614,1709436885.993808746
2761,1709436931.493422270,41.206359777,-65.527710544,1.288853825,0.012584783,-0.019789582,-0.790637793,-0.611834844,2244,1709436931.394673347,544614,1709436885.993808746
2762,1709436931.592282057,41.161980458,-65.368067493,1.282133959,0.013054310,-0.033314879,-0.790504297,-0.611410387,2118,1709436931.493422270,544614,1709436885.993808746
2763,1709436931.690777063,41.122493635,-65.200875105,1.278127388,0.008846809,-0.038212183,-0.796952737,-0.602766869,2203,1709436931.592282057,544614,1709436885.993808746
2764,1709436931.794979811,41.051302794,-65.034996218,1.286499718,0.009132533,-0.035405008,-0.812561449,-0.581727577,2186,1709436931.690777063,544614,1709436885.993808746
2765,1709436931.894359350,40.972357574,-64.873844890,1.278371670,0.009903485,-0.038669139,-0.824227912,-0.564849508,2291,1709436931.794979811,544614,1709436885.993808746
2766,1709436931.992843866,40.905614214,-64.721863970,1.277063364,0.006447997,-0.038684618,-0.829824009,-0.556645344,2237,1709436931.894359350,544614,1709436885.993808746
2767,1709436932.094490528,40.841620317,-64.559355865,1.275398804,0.007210621,-0.040397219,-0.829122009,-0.557559652,2210,1709436931.992843866,544614,1709436885.993808746
2768,1709436932.195132017,40.773905635,-64.398095527,1.272397700,0.005893997,-0.043389382,-0.829610639,-0.556622681,2187,1709436932.094490528,544614,1709436885.993808746
2769,1709436932.294965267,40.705336199,-64.267131116,1.273510857,-0.009606928,-0.035441864,-0.835132528,-0.548821685,2275,1709436932.195132017,544614,1709436885.993808746
2770,1709436932.394153118,40.621785209,-64.116720158,1.278557701,-0.001369976,-0.032751066,-0.839613646,-0.542194077,2250,1709436932.294965267,544614,1709436885.993808746
2771,1709436932.493256569,40.514001626,-63.994812813,1.279703025,-0.000799302,-0.017782949,-0.843287992,-0.537167097,2145,1709436932.394153118,544614,1709436885.993808746
2772,1709436932.592207193,40.447562702,-63.850257283,1.280299004,0.007420771,-0.020506552,-0.843157605,-0.537224037,2118,1709436932.493256569,544614,1709436885.993808746
2773,1709436932.694353342,40.401446381,-63.719948806,1.287963714,0.005483641,-0.022019446,-0.843193198,-0.537131552,2064,1709436932.592207193,544614,1709436885.993808746
2774,1709436932.793103695,40.316105941,-63.545283901,1.282743579,0.012623519,-0.029259207,-0.843583886,-0.536051092,2215,1709436932.694353342,544614,1709436885.993808746
2775,1709436932.891744375,40.257499763,-63.396171093,1.281822689,0.009002870,-0.028138097,-0.843242618,-0.536720675,2184,1709436932.793103695,544614,1709436885.993808746
2776,1709436932.990535021,40.185811263,-63.230731556,1.273887523,0.012900358,-0.032865278,-0.843212166,-0.536420262,2207,1709436932.891744375,544614,1709436885.993808746
2777,1709436933.094485283,40.112107656,-63.082545368,1.267218490,0.011750846,-0.030721779,-0.842454519,-0.537762469,2235,1709436932.990535021,544614,1709436885.993808746
2778,1709436933.193936586,40.049183335,-62.922985477,1.280490287,0.016609588,-0.018274263,-0.841840409,-0.539161291,2212,1709436933.094485283,544614,1709436885.993808746
2779,1709436933.292509556,39.985574361,-62.788410581,1.274763203,0.014899889,-0.016554901,-0.843367920,-0.536874734,2189,1709436933.193936586,544614,1709436885.993808746
2780,1709436933.394818783,39.924427844,-62.620616250,1.270633053,0.017599314,-0.016303602,-0.841579560,-0.539600130,2260,1709436933.292509556,544614,1709436885.993808746
2781,1709436933.494637489,39.838058690,-62.478558699,1.277217960,0.015891792,-0.007199107,-0.843067811,-0.537524223,2281,1709436933.394818783,544614,1709436885.993808746
2782,1709436933.594459295,39.791786299,-62.315926226,1.274958994,0.025612940,-0.018739519,-0.843618162,-0.536004856,2341,1709436933.494637489,544614,1709436885.993808746
2783,1709436933.694290876,39.727979050,-62.172536154,1.277238262,0.021010660,-0.017956261,-0.842557909,-0.537896175,2311,1709436933.594459295,544614,1709436885.993808746
2784,1709436933.793288469,39.675650698,-62.023942569,1.273434126,0.017755883,-0.021666742,-0.842968827,-0.537232572,2337,1709436933.694290876,544614,1709436885.993808746
2785,1709436933.894798994,39.618320830,-61.881332030,1.264716513,0.013095970,-0.021916009,-0.842734537,-0.537723613,2232,1709436933.793288469,544614,1709436885.993808746
2786,1709436933.994145870,39.589884346,-61.727314958,1.260940615,0.015264874,-0.022510652,-0.842669585,-0.537743641,2283,1709436933.894798994,544614,1709436885.993808746
2787,1709436934.092794418,39.517729602,-61.583784295,1.258518495,0.012684596,-0.022327562,-0.842175181,-0.538592189,2277,1709436933.994145870,544614,1709436885.993808746
2788,1709436934.191614151,39.444010073,-61.445144939,1.247190700,0.018075212,-0.028199365,-0.841860291,-0.538655116,2243,1709436934.092794418,544614,1709436885.993808746
2789,1709436934.290241480,39.380249216,-61.304511823,1.247579490,0.015678145,-0.026820734,-0.841536988,-0.539305426,2290,1709436934.191614151,544614,1709436885.993808746
2790,1709436934.394773483,39.297437259,-61.147286103,1.249942127,0.018213842,-0.024790229,-0.840676183,-0.540663717,2253,1709436934.290241480,544614,1709436885.993808746
2791,1709436934.493447304,39.211539030,-60.998381172,1.248635583,0.019307735,-0.020451486,-0.840548887,-0.541005099,2296,1709436934.394773483,544614,1709436885.993808746
2792,1709436934.592041969,39.135970645,-60.843569910,1.247356546,0.015240357,-0.023691005,-0.841676508,-0.539246811,2249,1709436934.493447304,544614,1709436885.993808746
2793,1709436934.695105076,39.053147273,-60.667651812,1.241664937,0.022279663,-0.028064144,-0.840026169,-0.541361299,2226,1709436934.592041969,544614,1709436885.993808746
2794,1709436934.794956684,38.991126372,-60.490072224,1.237058323,0.026814889,-0.026937095,-0.839932960,-0.541357532,2322,1709436934.695105076,544614,1709436885.993808746
2795,1709436934.894804716,38.919880733,-60.308953405,1.232186149,0.023334720,-0.030120545,-0.841054157,-0.539607402,2295,1709436934.794956684,544614,1709436885.993808746
2796,1709436934.994172573,38.849309806,-60.131881454,1.223390897,0.021335909,-0.031562136,-0.840680935,-0.540189019,2303,1709436934.894804716,544614,1709436885.993808746
2797,1709436935.093349218,38.777557883,-59.986754297,1.223392314,0.008898753,-0.024578590,-0.839540684,-0.542667619,2237,1709436934.994172573,544614,1709436885.993808746
2798,1709436935.195102453,38.697461447,-59.815757372,1.227038030,0.017509786,-0.019909877,-0.840301471,-0.541470630,2128,1709436935.093349218,544614,1709436885.993808746
2799,1709436935.293820858,38.622621168,-59.647546052,1.227099645,0.015993336,-0.019247516,-0.840976771,-0.540492200,2170,1709436935.195102453,544614,1709436885.993808746
2800,1709436935.392751694,38.553167306,-59.446718608,1.199419302,0.036436759,-0.039024863,-0.840011370,-0.539935478,2146,1709436935.293820858,544614,1709436885.993808746
2801,1709436935.491449356,38.499182206,-59.259095445,1.208392869,0.031409228,-0.038602470,-0.838926728,-0.541964256,2244,1709436935.392751694,544614,1709436885.993808746
2802,1709436935.590108156,38.427711523,-59.098201866,1.199140859,0.026527656,-0.031307451,-0.839412239,-0.541943926,2262,1709436935.491449356,544614,1709436885.993808746
2803,1709436935.694555283,38.348547526,-58.945175596,1.194215972,0.000295566,-0.018579613,-0.840898781,-0.540873322,2245,1709436935.590108156,544614,1709436885.993808746
2804,1709436935.793167114,38.278845324,-58.808969642,1.194916131,-0.006392463,-0.017910461,-0.837654219,-0.545869729,2162,1709436935.694555283,544614,1709436885.993808746
2805,1709436935.891775608,38.232344362,-58.657848678,1.205262823,0.001971256,-0.012157424,-0.837456912,-0.546364559,1944,1709436935.793167114,544614,1709436885.993808746
2806,1709436935.994613886,38.170631708,-58.484841217,1.192562445,0.007438211,-0.024748987,-0.842770470,-0.537652393,2026,1709436935.891775608,544614,1709436885.993808746
2807,1709436936.094423771,38.109849528,-58.311461149,1.197752248,0.000687839,-0.026864092,-0.841563595,-0.539489169,2121,1709436935.994613886,544614,1709436885.993808746
2808,1709436936.195068836,38.048417744,-58.127921885,1.197095925,0.012758151,-0.028219837,-0.840699100,-0.540616217,2195,1709436936.094423771,544614,1709436885.993808746
2809,1709436936.294442177,37.936476740,-57.979757280,1.200311542,0.011602613,-0.024481396,-0.841215472,-0.540020899,2185,1709436936.195068836,544614,1709436885.993808746
2810,1709436936.393618584,37.853813208,-57.802812219,1.198409622,0.010122250,-0.025062637,-0.842410629,-0.538157725,2147,1709436936.294442177,544614,1709436885.993808746
2811,1709436936.494605064,37.745777713,-57.637734440,1.201534899,0.015729259,-0.022691882,-0.841679204,-0.539271533,2087,1709436936.393618584,544614,1709436885.993808746
2812,1709436936.593406677,37.658811400,-57.497734139,1.215516611,0.002855588,-0.008159065,-0.842514498,-0.538604304,2184,1709436936.494605064,544614,1709436885.993808746
2813,1709436936.691966057,37.618663542,-57.354472405,1.220406557,-0.009740467,-0.006973578,-0.843681115,-0.536710972,2110,1709436936.593406677,544614,1709436885.993808746
2814,1709436936.790581942,37.563813059,-57.210110956,1.223346008,-0.017001632,-0.005652959,-0.841468698,-0.540008721,1935,1709436936.691966057,544614,1709436885.993808746
2815,1709436936.894744396,37.473119909,-57.047216316,1.235809256,0.001626041,-0.000363262,-0.840027543,-0.542541197,1836,1709436936.790581942,544614,1709436885.993808746
2816,1709436936.994199753,37.380690492,-56.885857992,1.246562178,0.012695963,-0.001386232,-0.842025183,-0.539287012,1983,1709436936.894744396,544614,1709436885.993808746
2817,1709436937.092792511,37.284381823,-56.725252177,1.240639950,0.017287185,-0.007483357,-0.842417163,-0.538496496,2169,1709436936.994199753,544614,1709436885.993808746
2818,1709436937.191390038,37.204080543,-56.561073948,1.241850659,0.019698618,-0.006460147,-0.840834143,-0.540895716,2257,1709436937.092792511,544614,1709436885.993808746
2819,1709436937.294915438,37.110268924,-56.370389405,1.241328103,0.034789423,-0.005319263,-0.840709213,-0.540341948,2228,1709436937.191390038,544614,1709436885.993808746
2820,1709436937.394730330,37.025538995,-56.178393948,1.245453383,0.033773780,-0.007193119,-0.843006557,-0.536793756,2374,1709436937.294915438,544614,1709436885.993808746
2821,1709436937.494601250,36.958904528,-55.982465987,1.238071455,0.039497317,-0.015441428,-0.842281383,-0.537367282,2344,1709436937.394730330,544614,1709436885.993808746
2822,1709436937.594444036,36.894960006,-55.794151574,1.239099797,0.039178187,-0.011671954,-0.841776115,-0.538276702,2274,1709436937.494601250,544614,1709436885.993808746
2823,1709436937.695080280,36.827875731,-55.612281047,1.240347366,0.039596471,-0.004233148,-0.842714635,-0.536885690,2353,1709436937.594444036,544614,1709436885.993808746
2824,1709436937.794698000,36.751828823,-55.442858734,1.236357549,0.031560712,-0.000933897,-0.842477198,-0.537805931,2302,1709436937.695080280,544614,1709436885.993808746
2825,1709436937.893326521,36.687260712,-55.283903648,1.232378371,0.021474307,-0.005459847,-0.843708235,-0.536344533,2336,1709436937.794698000,544614,1709436885.993808746
2826,1709436937.991924286,36.602209143,-55.144764886,1.241868017,0.013105143,0.004847061,-0.842295061,-0.538835588,2153,1709436937.893326521,544614,1709436885.993808746
2827,1709436938.091094017,36.575776760,-55.001956284,1.236055735,0.009434394,0.008533079,-0.843740603,-0.536600385,2137,1709436937.991924286,544614,1709436885.993808746
2828,1709436938.195086002,36.495042383,-54.853656495,1.230207385,0.008190840,0.003746913,-0.842252803,-0.539007502,2036,1709436938.091094017,544614,1709436885.993808746
2829,1709436938.293846846,36.425051703,-54.679743225,1.236446792,0.014663660,-0.001666061,-0.843783580,-0.536480635,2114,1709436938.195086002,544614,1709436885.993808746
2830,1709436938.392437220,36.352153757,-54.514831045,1.231497100,0.018077735,-0.012445203,-0.842900933,-0.537620991,2136,1709436938.293846846,544614,1709436885.993808746
2831,1709436938.491129160,36.291553176,-54.364559633,1.233065569,0.013025188,-0.009729223,-0.842135910,-0.539020219,2291,1709436938.392437220,544614,1709436885.993808746
2832,1709436938.594442129,36.219675859,-54.179476513,1.235514908,0.020670383,-0.013264381,-0.840740135,-0.540881519,2205,1709436938.491129160,544614,1709436885.993808746
2833,1709436938.694770575,36.147894813,-53.997653511,1.231749980,0.017332415,-0.018019748,-0.841974701,-0.538937360,2296,1709436938.594442129,544614,1709436885.993808746
2834,1709436938.794931173,36.056266563,-53.804351430,1.233579874,0.018626304,-0.022385167,-0.840753639,-0.540634150,2311,1709436938.694770575,544614,1709436885.993808746
2835,1709436938.894770145,35.975442535,-53.635752503,1.229665053,0.011188552,-0.022802395,-0.841276500,-0.540008072,2295,1709436938.794931173,544614,1709436885.993808746
2836,1709436938.994613647,35.890063404,-53.471199504,1.226797087,0.004852014,-0.022824868,-0.840574907,-0.541192488,2292,1709436938.894770145,544614,1709436885.993808746
2837,1709436939.094343185,35.812868045,-53.317036403,1.229851606,0.002942642,-0.025611981,-0.840070645,-0.541864078,2334,1709436938.994613647,544614,1709436885.993808746
2838,1709436939.193136930,35.749653408,-53.158931745,1.222646776,0.005782988,-0.028954375,-0.839708572,-0.542234004,2234,1709436939.094343185,544614,1709436885.993808746
2839,1709436939.292220592,35.670975178,-52.982037112,1.219845098,0.010417910,-0.027892842,-0.839131336,-0.543113301,2291,1709436939.193136930,544614,1709436885.993808746
2840,1709436939.390931129,35.617594731,-52.811964586,1.223011093,0.008299405,-0.030763654,-0.839900132,-0.541804841,2338,1709436939.292220592,544614,1709436885.993808746
2841,1709436939.494599342,35.533474628,-52.653745226,1.226442121,0.004562831,-0.026308790,-0.838764792,-0.543838811,2367,1709436939.390931129,544614,1709436885.993808746
2842,1709436939.593550920,35.462107403,-52.479479125,1.226342287,0.006963127,-0.022117699,-0.838609702,-0.544239001,2395,1709436939.494599342,544614,1709436885.993808746
2843,1709436939.692142487,35.367056069,-52.306752684,1.224955646,0.012692415,-0.024850167,-0.837981825,-0.544984250,2335,1709436939.593550920,544614,1709436885.993808746
2844,1709436939.794923067,35.286277255,-52.117041032,1.238326718,0.013154747,-0.017395227,-0.838112567,-0.545061175,2347,1709436939.692142487,544614,1709436885.993808746
2845,1709436939.894774675,35.208684846,-51.949366396,1.237528363,0.010237858,-0.019293481,-0.838881557,-0.543875612,2384,1709436939.794923067,544614,1709436885.993808746
2846,1709436939.994415045,35.145145156,-51.764855962,1.235366885,0.015209434,-0.022618224,-0.838382136,-0.544401031,2442,1709436939.894774675,544614,1709436885.993808746
2847,1709436940.092247486,35.077580441,-51.595991154,1.238484202,0.016856262,-0.025022765,-0.837351376,-0.545831843,2360,1709436939.994415045,544614,1709436885.993808746
2848,1709436940.195082188,35.008266407,-51.420882963,1.234273825,0.022930524,-0.025972933,-0.835857134,-0.547852579,2401,1709436940.092247486,544614,1709436885.993808746
2849,1709436940.294909954,34.944793124,-51.251941508,1.221896829,0.028375190,-0.024106880,-0.836654733,-0.546463690,2533,1709436940.195082188,544614,1709436885.993808746
2850,1709436940.394313574,34.913701359,-51.067666689,1.225607183,0.021394315,-0.032130648,-0.837591904,-0.544930919,2521,1709436940.294909954,544614,1709436885.993808746
2851,1709436940.493294477,34.867628186,-50.919068640,1.226268561,0.008080252,-0.033924513,-0.838642261,-0.543565078,2518,1709436940.394313574,544614,1709436885.993808746
2852,1709436940.592307568,34.780117786,-50.755074538,1.200791017,0.031868818,-0.031096523,-0.829817902,-0.556255008,2429,1709436940.493294477,544614,1709436885.993808746
2853,1709436940.695058823,34.733417436,-50.566731370,1.212462237,0.038063314,-0.030736702,-0.827900183,-0.558737618,2546,1709436940.592307568,544614,1709436885.993808746
2854,1709436940.794299603,34.637756731,-50.386654252,1.207127572,0.054960811,-0.026907189,-0.824529941,-0.562499501,2590,1709436940.695058823,544614,1709436885.993808746
2855,1709436940.893087626,34.566056004,-50.224938759,1.202521235,0.041831927,-0.014447786,-0.823664493,-0.565347817,2609,1709436940.794299603,544614,1709436885.993808746
2856,1709436940.991801500,34.574428241,-50.036563830,1.190636891,0.023653481,-0.023753749,-0.824986866,-0.564156842,2527,1709436940.893087626,544614,1709436885.993808746
2857,1709436941.090444088,34.523703778,-49.857634633,1.183038176,0.025497541,-0.029299504,-0.821220691,-0.569287265,2461,1709436940.991801500,544614,1709436885.993808746
2858,1709436941.194639921,34.462748247,-49.690650033,1.193649783,0.017699980,-0.022628777,-0.821082393,-0.570086268,2440,1709436941.090444088,544614,1709436885.993808746
2859,1709436941.293230295,34.401089937,-49.540517211,1.186738287,0.007197264,-0.022999829,-0.820603043,-0.570990239,2490,1709436941.194639921,544614,1709436885.993808746
2860,1709436941.395115137,34.328489738,-49.389058735,1.174970514,0.006994552,-0.027430153,-0.819530518,-0.572335909,2379,1709436941.293230295,544614,1709436885.993808746
2861,1709436941.494967699,34.246989070,-49.223680422,1.176830519,0.012765108,-0.026680679,-0.818533070,-0.573697487,2364,1709436941.395115137,544614,1709436885.993808746
2862,1709436941.594810247,34.180543247,-49.028132739,1.164350423,0.023057505,-0.032495819,-0.817454471,-0.574613402,2406,1709436941.494967699,544614,1709436885.993808746
2863,1709436941.694225550,34.131207512,-48.848706003,1.157125456,0.017082146,-0.037142983,-0.817694732,-0.574198506,2537,1709436941.594810247,544614,1709436885.993808746
2864,1709436941.793274879,34.043069227,-48.669196471,1.151489806,0.022841573,-0.040471902,-0.816460506,-0.575528045,2494,1709436941.694225550,544614,1709436885.993808746
2865,1709436941.892179966,33.975787902,-48.502652734,1.153533249,0.013267962,-0.033200157,-0.817443043,-0.574898758,2514,1709436941.793274879,544614,1709436885.993808746
2866,1709436941.994957447,33.910607884,-48.323899176,1.154857142,0.017170565,-0.032462537,-0.815597184,-0.577453538,2483,1709436941.892179966,544614,1709436885.993808746
2867,1709436942.094238043,33.852304148,-48.154220273,1.154305777,0.006754486,-0.025739810,-0.817624019,-0.575137204,2455,1709436941.994957447,544614,1709436885.993808746
2868,1709436942.192887306,33.795135785,-47.995721542,1.147734034,0.006348637,-0.029086999,-0.816878473,-0.576040973,2429,1709436942.094238043,544614,1709436885.993808746
2869,1709436942.291589975,33.747619727,-47.821957180,1.142289175,0.009134031,-0.029279397,-0.817650292,-0.574897631,2363,1709436942.192887306,544614,1709436885.993808746
2870,1709436942.395077229,33.689875380,-47.631172886,1.142044172,0.019579322,-0.034488282,-0.818148315,-0.573637990,2406,1709436942.291589975,544614,1709436885.993808746
2871,1709436942.494472742,33.626322182,-47.463298020,1.138803956,0.025904801,-0.037104112,-0.817460093,-0.574204861,2394,1709436942.395077229,544614,1709436885.993808746
2872,1709436942.593070507,33.536888849,-47.294590716,1.135720302,0.030012219,-0.032477706,-0.816793860,-0.575232349,2550,1709436942.494472742,544614,1709436885.993808746
2873,1709436942.691621780,33.479947321,-47.125551311,1.138308083,0.030588935,-0.023377595,-0.815754464,-0.577115638,2490,1709436942.593070507,544614,1709436885.993808746
2874,1709436942.794441462,33.408512606,-46.922133400,1.131891748,0.029582065,-0.021937549,-0.816541115,-0.576111320,2505,1709436942.691621780,544614,1709436885.993808746
2875,1709436942.895076513,33.361614153,-46.751089161,1.128026750,0.020217705,-0.019562867,-0.817715663,-0.574934460,2554,1709436942.794441462,544614,1709436885.993808746
2876,1709436942.994335651,33.301443733,-46.586855408,1.120194145,0.017974145,-0.021130665,-0.816560540,-0.576592845,2534,1709436942.895076513,544614,1709436885.993808746
2877,1709436943.093325853,33.240478237,-46.433073334,1.116017020,0.018899421,-0.022196556,-0.817405215,-0.575324986,2476,1709436942.994335651,544614,1709436885.993808746
2878,1709436943.192420959,33.182827555,-46.274622705,1.109856139,0.020511794,-0.019838253,-0.816815548,-0.576192738,2438,1709436943.093325853,544614,1709436885.993808746
2879,1709436943.294428110,33.113779036,-46.098632919,1.110477370,0.025057803,-0.017146391,-0.815857588,-0.577455196,2477,1709436943.192420959,544614,1709436885.993808746
2880,1709436943.393967390,33.063777812,-45.933132676,1.108681314,0.019930826,-0.020128117,-0.817301653,-0.575513361,2442,1709436943.294428110,544614,1709436885.993808746
2881,1709436943.492635012,32.996969056,-45.782729695,1.103246727,0.027778865,-0.017615797,-0.814689014,-0.578964445,2482,1709436943.393967390,544614,1709436885.993808746
2882,1709436943.591408730,32.911195101,-45.611707871,1.101402114,0.025389834,-0.008496458,-0.817427956,-0.575408293,2422,1709436943.492635012,544614,1709436885.993808746
2883,1709436943.694569349,32.862108507,-45.440727628,1.100523928,0.026628170,-0.015007592,-0.816959894,-0.575883880,2407,1709436943.591408730,544614,1709436885.993808746
2884,1709436943.793993711,32.806286145,-45.262428973,1.098968445,0.029008528,-0.012319077,-0.816530424,-0.576441508,2531,1709436943.694569349,544614,1709436885.993808746
2885,1709436943.892633677,32.736427065,-45.080188302,1.092113289,0.033889890,-0.016282242,-0.817801522,-0.574270871,2511,1709436943.793993711,544614,1709436885.993808746
2886,1709436943.991262436,32.675134878,-44.882207927,1.088427987,0.033674327,-0.023633106,-0.818195860,-0.573465823,2510,1709436943.892633677,544614,1709436885.993808746
2887,1709436944.095119715,32.623157200,-44.696741783,1.091016790,0.030293471,-0.024127706,-0.816830718,-0.575576005,2526,1709436943.991262436,544614,1709436885.993808746
2888,1709436944.194947958,32.563711774,-44.527482784,1.080487649,0.022779904,-0.017308370,-0.817626508,-0.575037729,2634,1709436944.095119715,544614,1709436885.993808746
2889,1709436944.294386625,32.502661068,-44.357716965,1.070444333,0.018547240,-0.015748086,-0.818101297,-0.574559192,2605,1709436944.194947958,544614,1709436885.993808746
2890,1709436944.393448114,32.431175933,-44.194345153,1.066880236,0.018078056,-0.014288772,-0.816439250,-0.576971374,2510,1709436944.294386625,544614,1709436885.993808746
2891,1709436944.492664337,32.374404156,-44.008406328,1.054418987,0.027584320,-0.022414977,-0.816232153,-0.576629645,2496,1709436944.393448114,544614,1709436885.993808746
2892,1709436944.594959021,32.332962074,-43.826388590,1.053980250,0.024847026,-0.020281235,-0.815785950,-0.577463922,2510,1709436944.492664337,544614,1709436885.993808746
2893,1709436944.693579912,32.272264672,-43.633557578,1.048116283,0.034858170,-0.025440186,-0.814953168,-0.577917848,2600,1709436944.594959021,544614,1709436885.993808746
2894,1709436944.792295933,32.221455391,-43.456591856,1.030555676,0.029699196,-0.031289246,-0.814242385,-0.578919924,2504,1709436944.693579912,544614,1709436885.993808746
2895,1709436944.891041279,32.182408250,-43.280062396,1.037406140,0.028440837,-0.032503933,-0.813780588,-0.579565154,2522,1709436944.792295933,544614,1709436885.993808746
2896,1709436944.994439363,32.133814127,-43.090262277,1.028547527,0.019633920,-0.031675527,-0.816235564,-0.576515979,2540,1709436944.891041279,544614,1709436885.993808746
2897,1709436945.093808651,32.086273058,-42.918995343,1.010319939,0.012221482,-0.031814463,-0.818974237,-0.572817314,2550,1709436944.994439363,544614,1709436885.993808746
2898,1709436945.192311525,32.034599013,-42.750858931,1.002564453,0.024725832,-0.033938031,-0.816759215,-0.575448719,2473,1709436945.093808651,544614,1709436885.993808746
2899,1709436945.290953636,31.974338452,-42.598714134,1.006832016,0.031332301,-0.027509370,-0.817371873,-0.574599636,2492,1709436945.192311525,544614,1709436885.993808746
2900,1709436945.394582748,31.904815388,-42.477272461,1.008449976,0.045760237,-0.018411684,-0.814541336,-0.578004691,2538,1709436945.290953636,544614,1709436885.993808746
2901,1709436945.494432688,31.860776321,-42.368123393,1.020318888,0.046234257,-0.006921078,-0.815703971,-0.576577422,2577,1709436945.394582748,544614,1709436885.993808746
2902,1709436945.594779730,31.832047376,-42.268269800,1.013411716,0.038968066,-0.005515943,-0.815171935,-0.577880421,2641,1709436945.494432688,544614,1709436885.993808746
2903,1709436945.693876982,31.812506079,-42.162057993,1.007796205,0.038215353,-0.010671672,-0.814952309,-0.578168173,2559,1709436945.594779730,544614,1709436885.993808746
2904,1709436945.794747353,31.783837670,-42.069951427,1.002371680,0.035135245,-0.014902869,-0.815190982,-0.577933457,2479,1709436945.693876982,544614,1709436885.993808746
2905,1709436945.894610882,31.765959527,-41.980043781,0.986538194,0.035748120,-0.013916450,-0.815480115,-0.577512412,2499,1709436945.794747353,544614,1709436885.993808746
2906,1709436945.993296862,31.730658402,-41.877025933,0.979274383,0.047024977,-0.020602677,-0.815296319,-0.576763464,2514,1709436945.894610882,544614,1709436885.993808746
2907,1709436946.092088938,31.685901017,-41.790190658,0.979362081,0.042289154,-0.019985281,-0.815564876,-0.576772181,2524,1709436945.993296862,544614,1709436885.993808746
2908,1709436946.190863609,31.645941582,-41.687838523,0.975110103,0.044078497,-0.021817924,-0.815170515,-0.577129185,2506,1709436946.092088938,544614,1709436885.993808746
2909,1709436946.294653416,31.617028774,-41.608967092,0.989914390,0.029049273,-0.012828083,-0.815936209,-0.577269160,2482,1709436946.190863609,544614,1709436885.993808746
2910,1709436946.393208742,31.567699495,-41.521493352,0.985159861,0.024221480,-0.002457820,-0.814652712,-0.579437864,2555,1709436946.294653416,544614,1709436885.993808746
2911,1709436946.491872549,31.517568403,-41.422158160,0.971710456,0.033913297,0.004812779,-0.812333839,-0.582185932,2428,1709436946.393208742,544614,1709436885.993808746
2912,1709436946.595026970,31.461075145,-41.304601442,0.979196291,0.031337819,0.006652219,-0.812964652,-0.581431134,2465,1709436946.491872549,544614,1709436885.993808746
2913,1709436946.694899559,31.439459339,-41.185566433,0.966302004,0.023293259,0.000441360,-0.813995619,-0.580403619,2407,1709436946.595026970,544614,1709436885.993808746
2914,1709436946.794734240,31.400783985,-41.058029908,0.962719812,0.032977379,-0.015402113,-0.811496285,-0.583222982,2425,1709436946.694899559,544614,1709436885.993808746
2915,1709436946.894568682,31.362423275,-40.929069675,0.953944683,0.030312840,-0.014953829,-0.812888114,-0.581438242,2527,1709436946.794734240,544614,1709436885.993808746
2916,1709436946.994505405,31.318391051,-40.810717960,0.947907109,0.024152146,-0.009506235,-0.807141565,-0.589787079,2527,1709436946.894568682,544614,1709436885.993808746
2917,1709436947.094659567,31.281996663,-40.672695498,0.952325841,0.042777328,-0.015651186,-0.806608614,-0.589328163,2429,1709436946.994505405,544614,1709436885.993808746
2918,1709436947.194487572,31.242318762,-40.562220367,0.961844983,0.036973593,-0.009103274,-0.806476701,-0.590038486,2459,1709436947.094659567,544614,1709436885.993808746
2919,1709436947.293339252,31.210292865,-40.459635397,0.957306080,0.028225939,-0.007282897,-0.806311703,-0.590772116,2548,1709436947.194487572,544614,1709436885.993808746
2920,1709436947.392065048,31.168286955,-40.331785290,0.951751152,0.039534172,-0.009539447,-0.806479852,-0.589861251,2479,1709436947.293339252,544614,1709436885.993808746
2921,1709436947.494771242,31.141635783,-40.210034020,0.957027911,0.024503005,0.004500152,-0.804875826,-0.592920109,2437,1709436947.392065048,544614,1709436885.993808746
2922,1709436947.594409227,31.105089388,-40.066019596,0.943354037,0.035787506,-0.002468063,-0.805595191,-0.591379364,2479,1709436947.494771242,544614,1709436885.993808746
2923,1709436947.692912817,31.066732456,-39.955815278,0.945299565,0.030558942,-0.006593349,-0.804007541,-0.593796726,2485,1709436947.594409227,544614,1709436885.993808746
2924,1709436947.791458845,31.015035582,-39.856819478,0.950827899,0.024372533,0.006658630,-0.802484653,-0.596137589,2506,1709436947.692912817,544614,1709436885.993808746
2925,1709436947.894689322,30.958353304,-39.735287537,0.948703592,0.033652023,0.012409307,-0.802948059,-0.594968877,2432,1709436947.791458845,544614,1709436885.993808746
2926,1709436947.994771957,30.929464327,-39.620753481,0.943331712,0.031743429,-0.001226255,-0.803582849,-0.594344560,2398,1709436947.894689322,544614,1709436885.993808746
2927,1709436948.094619274,30.926944182,-39.514847454,0.938305690,0.020445110,-0.005242141,-0.802704191,-0.596003774,2489,1709436947.994771957,687959,1709436948.094619274
2928,1709436948.194470882,30.880543107,-39.388852319,0.936351444,0.033118336,-0.009247031,-0.800472629,-0.598382184,2513,1709436948.094619274,687959,1709436948.094619274
2929,1709436948.294167519,30.827140513,-39.287057135,0.944051680,0.031285815,-0.000642591,-0.799989890,-0.599196930,2500,1709436948.194470882,687959,1709436948.094619274
2930,1709436948.394936323,30.815243086,-39.156671654,0.937749194,0.029974046,-0.005277675,-0.802152669,-0.596342853,2406,1709436948.294167519,687959,1709436948.094619274
2931,1709436948.494346142,30.791347804,-39.026294129,0.930393255,0.024402355,-0.014287791,-0.802357533,-0.596173443,2551,1709436948.394936323,687959,1709436948.094619274
2932,1709436948.593156099,30.765475286,-38.895263530,0.922437583,0.027028310,-0.013044833,-0.801203030,-0.597639530,2519,1709436948.494346142,687959,1709436948.094619274
2933,1709436948.691946030,30.736194940,-38.757854336,0.916982552,0.036434334,-0.018289989,-0.800204459,-0.598340069,2475,1709436948.593156099,687959,1709436948.094619274
2934,1709436948.795086622,30.710938848,-38.628281329,0.922127287,0.030128138,-0.012680121,-0.799580871,-0.599668192,2503,1709436948.691946030,687959,1709436948.094619274
2935,1709436948.893908978,30.697417344,-38.532944759,0.918619145,0.014383733,-0.012855861,-0.797553784,-0.602939298,2572,1709436948.795086622,687959,1709436948.094619274
2936,1709436948.992690802,30.683508571,-38.423231720,0.913222461,0.009536289,-0.013057886,-0.796138456,-0.604898429,2529,1709436948.893908978,687959,1709436948.094619274
2937,1709436949.091096163,30.658253328,-38.338431429,0.921254894,-0.008472302,-0.002142408,-0.794139257,-0.607672996,2408,1709436948.992690802,687959,1709436948.094619274
2938,1709436949.189726114,30.642053340,-38.245366070,0.907893002,-0.012532631,-0.006104584,-0.792376168,-0.609873491,2337,1709436949.091096163,687959,1709436948.094619274
2939,1709436949.295068979,30.643745304,-38.111281468,0.907631417,0.006533463,-0.013015774,-0.790430836,-0.612378149,2120,1709436949.189726114,687959,1709436948.094619274
2940,1709436949.394912243,30.638055032,-37.970526887,0.894403148,0.005244545,-0.039609848,-0.794373173,-0.606114524,2354,1709436949.295068979,687959,1709436948.094619274
2941,1709436949.494736195,30.619397633,-37.856059932,0.880598933,0.006684456,-0.053726263,-0.789146375,-0.611814355,2495,1709436949.394912243,687959,1709436948.094619274
2942,1709436949.594577312,30.582446813,-37.718685594,0.867311640,0.025464616,-0.072897748,-0.791073173,-0.606828400,2494,1709436949.494736195,687959,1709436948.094619274
2943,1709436949.694823503,30.540442582,-37.572301277,0.862665002,0.039138305,-0.070448934,-0.797422629,-0.598015294,2525,1709436949.594577312,687959,1709436948.094619274
2944,1709436949.793490887,30.496920776,-37.446408774,0.850745229,0.047700445,-0.073156096,-0.797325957,-0.597196929,2548,1709436949.694823503,687959,1709436948.094619274
2945,1709436949.892456055,30.452261905,-37.318172365,0.847082729,0.038541899,-0.067137298,-0.798848913,-0.596529563,2440,1709436949.793490887,687959,1709436948.094619274
2946,1709436949.991516352,30.389555898,-37.189185278,0.842190962,0.044206607,-0.055506331,-0.796641616,-0.600272404,2442,1709436949.892456055,687959,1709436948.094619274
2947,1709436950.094960451,30.306388431,-37.077502286,0.841747492,0.047427934,-0.022559305,-0.799194793,-0.598773206,2529,1709436949.991516352,687959,1709436948.094619274
2948,1709436950.193643570,30.261580802,-36.969480700,0.849756727,0.029757344,-0.001172848,-0.806759107,-0.590129536,2605,1709436950.094960451,687959,1709436948.094619274
2949,1709436950.292370558,30.211222703,-36.831082577,0.833930540,0.029479123,-0.025097495,-0.814156775,-0.579352951,2506,1709436950.193643570,687959,1709436948.094619274
2950,1709436950.390943050,30.191721812,-36.729603828,0.834895889,0.010623860,-0.033686763,-0.814316998,-0.579344598,2438,1709436950.292370558,687959,1709436948.094619274
2951,1709436950.495135546,30.148771792,-36.636391438,0.831989056,0.001576123,-0.022023993,-0.811874934,-0.583413705,2411,1709436950.390943050,687959,1709436948.094619274
2952,1709436950.594984055,30.095207261,-36.553610316,0.843681597,0.013231614,-0.001113757,-0.808941499,-0.587739173,2420,1709436950.495135546,687959,1709436948.094619274
2953,1709436950.694825649,30.048969511,-36.436594418,0.839385503,0.016143689,0.007717590,-0.812449604,-0.582756777,2421,1709436950.594984055,687959,1709436948.094619274
2954,1709436950.794661999,30.015001938,-36.298877395,0.820826410,0.020332636,-0.011342656,-0.819296494,-0.572897184,2285,1709436950.694825649,687959,1709436948.094619274
2955,1709436950.894492865,29.958019943,-36.170550069,0.822783326,0.030785711,-0.025803125,-0.817203169,-0.574948189,2367,1709436950.794661999,687959,1709436948.094619274
2956,1709436950.995133400,29.934027078,-36.044363325,0.823302379,0.028268751,-0.023961648,-0.817544611,-0.574671669,2537,1709436950.894492865,687959,1709436948.094619274
2957,1709436951.093890667,29.881645078,-35.893042578,0.817259889,0.048645484,-0.034632648,-0.815509360,-0.575655001,2527,1709436950.995133400,687959,1709436948.094619274
2958,1709436951.193034172,29.839787446,-35.776225846,0.820807173,0.040856657,-0.017217631,-0.814946103,-0.577838331,2545,1709436951.093890667,687959,1709436948.094619274
2959,1709436951.292096853,29.779164461,-35.649729255,0.814761043,0.043381825,-0.007407531,-0.817359557,-0.574444515,2567,1709436951.193034172,687959,1709436948.094619274
2960,1709436951.394472837,29.726693657,-35.502869956,0.810471839,0.046052789,-0.010703098,-0.815867562,-0.576302617,2479,1709436951.292096853,687959,1709436948.094619274
2961,1709436951.493315697,29.697224439,-35.386560496,0.816060841,0.019941090,-0.008943631,-0.816174477,-0.577392058,2572,1709436951.394472837,687959,1709436948.094619274
2962,1709436951.592025280,29.677645384,-35.240520198,0.798726188,0.024905059,-0.019999289,-0.816260943,-0.576799653,2469,1709436951.493315697,687959,1709436948.094619274
2963,1709436951.690647364,29.633873959,-35.117950747,0.793230631,0.016394881,-0.017651248,-0.813968689,-0.580409007,2373,1709436951.592025280,687959,1709436948.094619274
2964,1709436951.794619560,29.577781033,-34.986709938,0.800282805,0.022858505,-0.009756976,-0.807546743,-0.589279686,2361,1709436951.690647364,687959,1709436948.094619274
2965,1709436951.894108534,29.547119810,-34.855196358,0.796285408,0.030198774,-0.017516052,-0.801068035,-0.597554370,2398,1709436951.794619560,687959,1709436948.094619274
2966,1709436951.995100498,29.515164399,-34.731802210,0.795545798,0.024238320,-0.013660724,-0.788796687,-0.614024165,2451,1709436951.894108534,687959,1709436948.094619274
2967,1709436952.094932079,29.510188770,-34.600075166,0.803469468,0.019240928,-0.015465292,-0.778157947,-0.627583318,2442,1709436951.995100498,687959,1709436948.094619274
2968,1709436952.194782495,29.524929080,-34.475961781,0.796703003,0.008799587,-0.020709442,-0.774116428,-0.632643219,2462,1709436952.094932079,687959,1709436948.094619274
2969,1709436952.294620275,29.527667271,-34.342263855,0.788198753,0.007364840,-0.020868802,-0.772880600,-0.634165459,2426,1709436952.194782495,687959,1709436948.094619274
2970,1709436952.394234657,29.504233432,-34.209277201,0.779580863,0.013964855,-0.013827492,-0.769819955,-0.637958478,2445,1709436952.294620275,687959,1709436948.094619274
2971,1709436952.493168116,29.457823559,-34.067290689,0.777094408,0.024375721,-0.016514003,-0.772468606,-0.634370053,2424,1709436952.394234657,687959,1709436948.094619274
2972,1709436952.594921112,29.446485680,-33.913369586,0.770970185,0.022900880,-0.035699460,-0.772390681,-0.633730017,2403,1709436952.493168116,687959,1709436948.094619274
2973,1709436952.694543362,29.444899482,-33.766672782,0.766044136,0.026081662,-0.048418863,-0.769148941,-0.636698725,2410,1709436952.594921112,687959,1709436948.094619274
2974,1709436952.793156862,29.423553545,-33.631638386,0.765017584,0.021314187,-0.039450853,-0.770330031,-0.636066804,2494,1709436952.694543362,687959,1709436948.094619274
2975,1709436952.891906977,29.394539060,-33.508767007,0.773265090,0.022413228,-0.022220936,-0.767594135,-0.640158669,2403,1709436952.793156862,687959,1709436948.094619274
2976,1709436952.990451813,29.343731158,-33.395812303,0.776191967,0.022269269,-0.018978019,-0.769584030,-0.637874859,2391,1709436952.891906977,687959,1709436948.094619274
2977,1709436953.094918489,29.336390469,-33.246410815,0.755556763,0.015205546,-0.034796433,-0.770889894,-0.635835490,2346,1709436952.990451813,687959,1709436948.094619274
2978,1709436953.193619490,29.318608509,-33.112659596,0.753267578,0.012639257,-0.037479652,-0.769571889,-0.637334003,2390,1709436953.094918489,687959,1709436948.094619274
2979,1709436953.292221546,29.276922282,-32.983384484,0.756246859,0.017173109,-0.026539907,-0.769750246,-0.637561978,2316,1709436953.193619490,687959,1709436948.094619274
2980,1709436953.394452572,29.241163481,-32.835626754,0.754988893,0.026920766,-0.026472791,-0.769681246,-0.637310947,2345,1709436953.292221546,687959,1709436948.094619274
2981,1709436953.495077372,29.229668030,-32.694276895,0.745074141,0.015634668,-0.025479252,-0.769110533,-0.638416285,2446,1709436953.394452572,687959,1709436948.094619274
2982,1709436953.594938040,29.241718350,-32.575167004,0.748377106,0.002798998,-0.024910985,-0.764853525,-0.643716315,2430,1709436953.495077372,687959,1709436948.094619274
2983,1709436953.694180489,29.207982967,-32.435449029,0.748026225,0.023509647,-0.023048721,-0.754130674,-0.655898604,2383,1709436953.594938040,687959,1709436948.094619274
2984,1709436953.793348551,29.179021080,-32.327395819,0.752521157,0.025629902,-0.010177442,-0.746769030,-0.664511507,2374,1709436953.694180489,687959,1709436948.094619274
2985,1709436953.894461870,29.167359637,-32.185550754,0.744135276,0.018402788,-0.022827586,-0.745501750,-0.665858378,2310,1709436953.793348551,687959,1709436948.094619274
2986,1709436953.994127274,29.187072424,-32.034442231,0.721748864,0.008165184,-0.048034959,-0.746041102,-0.664114935,2313,1709436953.894461870,687959,1709436948.094619274
2987,1709436954.092809916,29.161630597,-31.890748182,0.721412824,0.003538164,-0.047935609,-0.748897203,-0.660940722,2299,1709436953.994127274,687959,1709436948.094619274
2988,1709436954.191527367,29.114051856,-31.754953571,0.724632025,0.012646709,-0.034671473,-0.748262569,-0.662375330,2325,1709436954.092809916,687959,1709436948.094619274
2989,1709436954.294599295,29.077926519,-31.611332705,0.722723927,0.023617670,-0.024078291,-0.751723654,-0.658615206,2308,1709436954.191527367,687959,1709436948.094619274
2990,1709436954.394484758,29.032027900,-31.468915742,0.724385559,0.031993532,-0.021468720,-0.751732627,-0.658341526,2252,1709436954.294599295,687959,1709436948.094619274
2991,1709436954.493319273,29.010590013,-31.349008896,0.737684585,0.022716592,-0.006270587,-0.751057930,-0.659815597,2408,1709436954.394484758,687959,1709436948.094619274
2992,1709436954.591883183,28.979094438,-31.212708599,0.736356018,0.031166179,-0.005775001,-0.751726982,-0.658712276,2318,1709436954.493319273,687959,1709436948.094619274
2993,1709436954.694784641,28.989587423,-31.069823331,0.733821083,0.021855905,-0.000277160,-0.750261165,-0.660780165,2349,1709436954.591883183,687959,1709436948.094619274
2994,1709436954.794626474,28.975640452,-30.933612845,0.734687559,0.030545634,0.003985571,-0.749784853,-0.660964260,2330,1709436954.694784641,687959,1709436948.094619274
2995,1709436954.894454002,28.970287603,-30.792066160,0.737885951,0.031570605,-0.010553701,-0.753395104,-0.656725006,2361,1709436954.794626474,687959,1709436948.094619274
2996,1709436954.994425058,28.952367160,-30.668139022,0.735113499,0.015486189,-0.011496515,-0.755187186,-0.655225398,2397,1709436954.894454002,687959,1709436948.094619274
2997,1709436955.093503237,28.944657055,-30.525157424,0.729647246,0.013589608,-0.016611875,-0.762613182,-0.646498648,2297,1709436954.994425058,687959,1709436948.094619274
2998,1709436955.194796324,28.911835200,-30.392880221,0.721705526,0.006980110,-0.010912453,-0.771895571,-0.635617357,2252,1709436955.093503237,687959,1709436948.094619274
2999,1709436955.293767214,28.883369954,-30.244101401,0.718426098,0.012854803,-0.019881678,-0.779784561,-0.625600120,2291,1709436955.194796324,687959,1709436948.094619274
3000,1709436955.392345905,28.854534699,-30.118963027,0.723863256,0.000353004,-0.017790072,-0.788429601,-0.614867589,2289,1709436955.293767214,687959,1709436948.094619274
3001,1709436955.491066217,28.825226722,-29.987144409,0.722978244,-0.007943610,-0.014184650,-0.792031672,-0.610263489,2276,1709436955.392345905,687959,1709436948.094619274
3002,1709436955.594950199,28.796971902,-29.850364020,0.715285772,-0.017424792,-0.018927648,-0.795181910,-0.605824934,2163,1709436955.491066217,687959,1709436948.094619274
3003,1709436955.694518089,28.763661872,-29.722635184,0.715888429,-0.010284450,-0.024477569,-0.794111624,-0.607191738,2114,1709436955.594950199,687959,1709436948.094619274
3004,1709436955.793064833,28.710346677,-29.604613768,0.728264641,0.006160276,-0.011606503,-0.793498519,-0.608430309,2210,1709436955.694518089,687959,1709436948.094619274
3005,1709436955.891551256,28.657333822,-29.461407595,0.732103078,0.025632746,-0.015602352,-0.794565308,-0.606436724,2227,1709436955.793064833,687959,1709436948.094619274
3006,1709436955.995103598,28.609918203,-29.316304254,0.729060169,0.026065990,-0.025421686,-0.793974925,-0.606859226,2382,1709436955.891551256,687959,1709436948.094619274
3007,1709436956.094939232,28.567773139,-29.193406689,0.733325596,0.025239227,-0.020442673,-0.794755381,-0.606060197,2468,1709436955.995103598,687959,1709436948.094619274
3008,1709436956.194779873,28.507553940,-29.068338930,0.742359033,0.037195028,-0.007976979,-0.796313085,-0.603687310,2432,1709436956.094939232,687959,1709436948.094619274
3009,1709436956.294615984,28.443996583,-28.967700209,0.745627348,0.031198876,-0.004081797,-0.796136375,-0.604298636,2436,1709436956.194779873,687959,1709436948.094619274
3010,1709436956.394448757,28.438968849,-28.847117105,0.736750770,0.009957062,-0.003671834,-0.797379978,-0.603384243,2370,1709436956.294615984,687959,1709436948.094619274
3011,1709436956.494843960,28.420628133,-28.718930718,0.733365167,0.012477843,-0.008019950,-0.793148884,-0.608847134,2269,1709436956.394448757,687959,1709436948.094619274
3012,1709436956.593475580,28.389390713,-28.603133372,0.742094201,0.025078188,0.006955928,-0.792220539,-0.609679684,2320,1709436956.494843960,687959,1709436948.094619274
3013,1709436956.692208529,28.333075806,-28.503234121,0.756127570,0.034169454,0.024299875,-0.790062941,-0.611590152,2295,1709436956.593475580,687959,1709436948.094619274
3014,1709436956.791065693,28.299115654,-28.395796127,0.764489934,0.035086964,0.019550707,-0.791552269,-0.609780027,2310,1709436956.692208529,687959,1709436948.094619274
3015,1709436956.894423485,28.296098438,-28.270747817,0.754975461,0.032374606,0.007684060,-0.792202432,-0.609350595,2343,1709436956.791065693,687959,1709436948.094619274
3016,1709436956.993997812,28.274016316,-28.144049584,0.745504444,0.035560026,-0.000561743,-0.792185113,-0.609243724,2371,1709436956.894423485,687959,1709436948.094619274
3017,1709436957.092591524,28.240377704,-28.011931497,0.736025743,0.039458051,-0.006192885,-0.793371908,-0.607425490,2489,1709436956.993997812,687959,1709436948.094619274
3018,1709436957.191138983,28.221902014,-27.873137458,0.735172301,0.043560084,-0.019098161,-0.794492488,-0.605408512,2442,1709436957.092591524,687959,1709436948.094619274
3019,1709436957.294602633,28.206824386,-27.723645956,0.725881242,0.038449133,-0.021930002,-0.795103904,-0.604855785,2461,1709436957.191138983,687959,1709436948.094619274
3020,1709436957.394439697,28.176664878,-27.585605404,0.728291652,0.031503083,-0.016706785,-0.793079802,-0.608073077,2544,1709436957.294602633,687959,1709436948.094619274
3021,1709436957.495068073,28.127063053,-27.460663180,0.734348688,0.033876738,-0.001478087,-0.792727486,-0.608632331,2526,1709436957.394439697,687959,1709436948.094619274
3022,1709436957.594904900,28.080917422,-27.350667258,0.731419085,0.030586429,0.011670231,-0.793004798,-0.608335160,2388,1709436957.495068073,687959,1709436948.094619274
3023,1709436957.694748640,28.056338566,-27.252320804,0.732532254,0.031852351,0.013258955,-0.793626648,-0.607426022,2353,1709436957.594904900,687959,1709436948.094619274
3024,1709436957.794560671,28.038311195,-27.141347035,0.724723036,0.035060197,0.000390328,-0.795717316,-0.604652448,2490,1709436957.694748640,687959,1709436948.094619274
3025,1709436957.893501759,28.010104908,-27.036521860,0.716843672,0.038046519,-0.004203201,-0.794049293,-0.606646945,2475,1709436957.794560671,687959,1709436948.094619274
3026,1709436957.992398739,27.973839688,-26.920380241,0.717889643,0.048786662,-0.002246189,-0.791714079,-0.608936477,2403,1709436957.893501759,687959,1709436948.094619274
3027,1709436958.091271162,27.927157865,-26.819626283,0.725658790,0.044811073,0.003883901,-0.790647269,-0.610617539,2496,1709436957.992398739,687959,1709436948.094619274
3028,1709436958.194970131,27.893971191,-26.692801840,0.725118306,0.048981659,-0.001401432,-0.791952480,-0.608613262,2515,1709436958.091271162,687959,1709436948.094619274
3029,1709436958.293665648,27.864567057,-26.573764645,0.717341381,0.036493735,0.000351167,-0.790824568,-0.610953834,2604,1709436958.194970131,687959,1709436948.094619274
3030,1709436958.392296553,27.839092089,-26.455842811,0.708124283,0.035647544,-0.004490851,-0.791637125,-0.609934216,2475,1709436958.293665648,687959,1709436948.094619274
3031,1709436958.490830660,27.819558866,-26.330298476,0.696177046,0.042972450,-0.016359280,-0.791149884,-0.609891469,2465,1709436958.392296553,687959,1709436948.094619274
3032,1709436958.594496965,27.775806499,-26.224846782,0.703131981,0.045089731,-0.011803980,-0.787415696,-0.614657713,2422,1709436958.490830660,687959,1709436948.094619274
3033,1709436958.694925070,27.772516037,-26.129223206,0.702485341,0.045818997,-0.008426202,-0.779640102,-0.624492538,2518,1709436958.594496965,687959,1709436948.094619274
3034,1709436958.794966221,27.790354049,-26.017244754,0.699020852,0.038543336,-0.011967879,-0.767267029,-0.640056628,2480,1709436958.694925070,687959,1709436948.094619274
3035,1709436958.894802809,27.804584223,-25.912746815,0.700229939,0.026492307,-0.013473305,-0.760497848,-0.648659889,2407,1709436958.794966221,687959,1709436948.094619274
3036,1709436958.994630814,27.790978842,-25.824951551,0.696157781,0.022870785,-0.001639213,-0.757674446,-0.652229771,2451,1709436958.894802809,687959,1709436948.094619274
3037,1709436959.094480991,27.756101509,-25.724640904,0.698300367,0.033096076,-0.005518119,-0.750691178,-0.659800693,2405,1709436958.994630814,687959,1709436948.094619274
3038,1709436959.193284512,27.740215490,-25.632786259,0.696319156,0.022508279,0.002653770,-0.744128682,-0.667651735,2449,1709436959.094480991,687959,1709436948.094619274
3039,1709436959.292080402,27.744985882,-25.532876869,0.683309547,0.007114744,-0.015369160,-0.742155011,-0.670014261,2375,1709436959.193284512,687959,1709436948.094619274
3040,1709436959.391001225,27.754350277,-25.423732239,0.672610600,-0.007014315,-0.034121146,-0.739925663,-0.671786096,2392,1709436959.292080402,687959,1709436948.094619274
3041,1709436959.494620323,27.738082314,-25.300539997,0.666831115,0.005964114,-0.045788910,-0.742521235,-0.668229018,2362,1709436959.391001225,687959,1709436948.094619274
3042,1709436959.593336105,27.699619782,-25.210851746,0.672682095,0.000090367,-0.034502328,-0.747898598,-0.662915733,2539,1709436959.494620323,687959,1709436948.094619274
3043,1709436959.691933632,27.668660822,-25.084960897,0.671236899,0.017443249,-0.030983674,-0.750457536,-0.659961538,2432,1709436959.593336105,687959,1709436948.094619274
3044,1709436959.794951439,27.627218041,-24.954076126,0.672525666,0.014887521,-0.032028070,-0.758451144,-0.650772177,2408,1709436959.691933632,687959,1709436948.094619274
3045,1709436959.894778728,27.606163121,-24.827840398,0.672478392,0.009629640,-0.032195312,-0.765463670,-0.642601044,2453,1709436959.794951439,687959,1709436948.094619274
3046,1709436959.993848324,27.597358225,-24.717134902,0.671059720,-0.003754079,-0.031108771,-0.770073406,-0.637185295,2478,1709436959.894778728,687959,1709436948.094619274
3047,1709436960.094284296,27.571687655,-24.590576198,0.670600171,0.006940101,-0.032095379,-0.771646744,-0.635203136,2338,1709436959.993848324,687959,1709436948.094619274
3048,1709436960.195117712,27.548401339,-24.476322199,0.668857695,0.004262639,-0.021349573,-0.776537478,-0.629694824,2375,1709436960.094284296,687959,1709436948.094619274
3049,1709436960.294955015,27.528016770,-24.343804221,0.674538361,0.014726567,-0.018022876,-0.779686563,-0.625737299,2405,1709436960.195117712,687959,1709436948.094619274
3050,1709436960.394378185,27.493003901,-24.222025814,0.676589681,0.024120639,-0.017985268,-0.781694374,-0.622935495,2457,1709436960.294955015,687959,1709436948.094619274
3051,1709436960.493358612,27.465420604,-24.099462745,0.669824017,0.033120282,-0.022072291,-0.785381181,-0.617731545,2471,1709436960.394378185,687959,1709436948.094619274
3052,1709436960.592329979,27.423682566,-23.985191419,0.671560365,0.040224033,-0.015243892,-0.789711617,-0.611968310,2570,1709436960.493358612,687959,1709436948.094619274
3053,1709436960.695105791,27.364645814,-23.871267867,0.671170251,0.040983118,-0.007363570,-0.794334281,-0.606052153,2560,1709436960.592329979,687959,1709436948.094619274
3054,1709436960.794289589,27.327797501,-23.749102772,0.668512281,0.045300980,-0.011456788,-0.800491743,-0.597519483,2622,1709436960.695105791,687959,1709436948.094619274
3055,1709436960.892898798,27.293502083,-23.621264190,0.658924831,0.044798127,-0.021827365,-0.806942916,-0.588523428,2609,1709436960.794289589,687959,1709436948.094619274
3056,1709436960.991607189,27.270055179,-23.501872590,0.651465022,0.038960224,-0.016972894,-0.811897228,-0.582251589,2532,1709436960.892898798,687959,1709436948.094619274
3057,1709436961.090481520,27.228517854,-23.411215890,0.671352339,0.028743975,-0.002211577,-0.819288412,-0.572656433,2567,1709436960.991607189,687959,1709436948.094619274
3058,1709436961.194793940,27.176210767,-23.318393736,0.672685631,0.033461784,0.000284333,-0.826750290,-0.561572958,2482,1709436961.090481520,687959,1709436948.094619274
3059,1709436961.293350935,27.127218391,-23.222433209,0.673588743,0.026692365,0.008739652,-0.831523793,-0.554778621,2505,1709436961.194793940,687959,1709436948.094619274
3060,1709436961.391614199,27.094541008,-23.122292757,0.671841378,0.021858238,0.018129059,-0.831999355,-0.554049300,2556,1709436961.293350935,687959,1709436948.094619274
3061,1709436961.494594812,27.055208082,-23.012086695,0.669118952,0.024275836,0.013713442,-0.832481188,-0.553351332,2474,1709436961.391614199,687959,1709436948.094619274
3062,1709436961.594435453,27.032007817,-22.900048657,0.670322334,0.030868254,-0.002656046,-0.831402398,-0.554806406,2467,1709436961.494594812,687959,1709436948.094619274
3063,1709436961.694227457,27.018248451,-22.804768422,0.668873884,0.024777450,-0.002453141,-0.828270479,-0.559775020,2594,1709436961.594435453,687959,1709436948.094619274
3064,1709436961.793801546,26.970597697,-22.680846626,0.668442195,0.037687316,-0.000266261,-0.828646547,-0.558502011,2598,1709436961.694227457,687959,1709436948.094619274
3065,1709436961.892432690,26.926186594,-22.566467473,0.667226406,0.035108972,-0.004208357,-0.827436802,-0.560444457,2589,1709436961.793801546,687959,1709436948.094619274
3066,1709436961.994637966,26.890962457,-22.439639759,0.658597829,0.034381990,-0.014612236,-0.827469009,-0.560267259,2598,1709436961.892432690,687959,1709436948.094619274
3067,1709436962.094038010,26.872250641,-22.317980197,0.652788275,0.027933556,-0.024492132,-0.828284495,-0.559074813,2611,1709436961.994637966,687959,1709436948.094619274
3068,1709436962.192724943,26.839827344,-22.204245463,0.646582037,0.023359106,-0.027216764,-0.826596141,-0.561651511,2553,1709436962.094038010,687959,1709436948.094619274
3069,1709436962.291368961,26.775661071,-22.088266532,0.640524821,0.038866395,-0.021936134,-0.825409024,-0.562768294,2524,1709436962.192724943,687959,1709436948.094619274
3070,1709436962.394808292,26.725468076,-21.972278033,0.641877881,0.035868048,-0.010832864,-0.825772700,-0.562757123,2544,1709436962.291368961,687959,1709436948.094619274
3071,1709436962.494609594,26.667869239,-21.860569850,0.631696682,0.043479248,-0.019335882,-0.827776832,-0.559035951,2584,1709436962.394808292,687959,1709436948.094619274
3072,1709436962.593034506,26.632461545,-21.740183319,0.628950978,0.034333322,-0.029812465,-0.825426728,-0.562675001,2593,1709436962.494609594,687959,1709436948.094619274
3073,1709436962.695103645,26.585212791,-21.633262761,0.625766183,0.023380222,-0.021232428,-0.824361728,-0.565181644,2634,1709436962.593034506,687959,1709436948.094619274
3074,1709436962.794948816,26.529504784,-21.524413264,0.632006578,0.025474790,-0.006411988,-0.824750598,-0.564886159,2554,1709436962.695103645,687959,1709436948.094619274
3075,1709436962.894794464,26.488721529,-21.416745840,0.627240585,0.023473886,-0.005440394,-0.825180524,-0.564354926,2617,1709436962.794948816,687959,1709436948.094619274
3076,1709436962.994228363,26.455136654,-21.297449632,0.617718850,0.012542065,-0.014304445,-0.828640813,-0.559457310,2631,1709436962.894794464,687959,1709436948.094619274
3077,1709436963.093369246,26.404654775,-21.158806078,0.612935454,0.022590710,-0.026333455,-0.828944963,-0.558253041,2501,1709436962.994228363,687959,1709436948.094619274
3078,1709436963.192453623,26.343986694,-21.037810473,0.613156213,0.024257782,-0.018760020,-0.827914173,-0.560015842,2593,1709436963.093369246,687959,1709436948.094619274
3079,1709436963.294961214,26.296091862,-20.933501226,0.620916202,0.022331286,-0.014810013,-0.829333029,-0.558111731,2611,1709436963.192453623,687959,1709436948.094619274
3080,1709436963.393801689,26.248749796,-20.825315758,0.616501705,0.022107764,-0.018074999,-0.830656977,-0.556051731,2620,1709436963.294961214,687959,1709436948.094619274
3081,1709436963.492562294,26.206178251,-20.712985566,0.619973488,0.022862971,-0.010973579,-0.829349484,-0.558154368,2598,1709436963.393801689,687959,1709436948.094619274
3082,1709436963.591287136,26.129239854,-20.594441111,0.622367090,0.031486062,-0.005539673,-0.829525727,-0.557552695,2516,1709436963.492562294,687959,1709436948.094619274
3083,1709436963.695110083,26.087706696,-20.470246424,0.625561403,0.026734564,-0.010926833,-0.831142138,-0.555309476,2570,1709436963.591287136,687959,1709436948.094619274
3084,1709436963.794164419,26.049584456,-20.336785248,0.613542805,0.032629291,-0.018679545,-0.829251032,-0.557610195,2666,1709436963.695110083,687959,1709436948.094619274
3085,1709436963.892509460,26.010087360,-20.235571965,0.612338478,0.024441654,-0.012850225,-0.830914385,-0.555714641,2607,1709436963.794164419,687959,1709436948.094619274
3086,1709436963.991077423,25.951798205,-20.118872464,0.609493947,0.029097509,-0.014857946,-0.828776745,-0.558624815,2630,1709436963.892509460,687959,1709436948.094619274
3087,1709436964.094465971,25.897098120,-19.974747985,0.603272570,0.036318942,-0.022261143,-0.830333384,-0.555636435,2632,1709436963.991077423,727314,1709436963.991077423
3088,1709436964.195107937,25.851314401,-19.841210867,0.596487092,0.026527071,-0.018332961,-0.829559645,-0.557486334,2681,1709436964.094465971,727314,1709436963.991077423
3089,1709436964.294492245,25.819646765,-19.716423385,0.592487528,0.024475474,-0.019120166,-0.829021309,-0.558353866,2706,1709436964.195107937,727314,1709436963.991077423
3090,1709436964.393598080,25.774764930,-19.573259853,0.577677575,0.030613474,-0.032036390,-0.827868655,-0.559169004,2649,1709436964.294492245,727314,1709436963.991077423
3091,1709436964.493214369,25.745205999,-19.458490292,0.573865965,0.018507243,-0.026040548,-0.829152518,-0.558108836,2632,1709436964.393598080,727314,1709436963.991077423
3092,1709436964.594458818,25.687874051,-19.338054065,0.583632473,0.020572112,-0.013444285,-0.828570701,-0.559344825,2566,1709436964.493214369,727314,1709436963.991077423
3093,1709436964.693447590,25.642666641,-19.217886182,0.571777669,0.037842349,-0.022893327,-0.828080576,-0.558861710,2629,1709436964.594458818,727314,1709436963.991077423
3094,1709436964.792312622,25.615490349,-19.107458569,0.578964074,0.019759923,-0.017982505,-0.828819952,-0.558877145,2587,1709436964.693447590,727314,1709436963.991077423
3095,1709436964.891056299,25.587012742,-18.998213253,0.578967260,0.018118260,-0.023468170,-0.828646726,-0.558986205,2573,1709436964.792312622,727314,1709436963.991077423
3096,1709436964.994644642,25.534178170,-18.872610844,0.577079965,0.029393834,-0.032753150,-0.825874279,-0.562134245,2595,1709436964.891056299,727314,1709436963.991077423
3097,1709436965.093684673,25.486776223,-18.765526389,0.569187548,0.033244367,-0.027327588,-0.826526593,-0.561250217,2631,1709436964.994644642,727314,1709436963.991077423
3098,1709436965.192375183,25.444305473,-18.651472784,0.551666749,0.043138831,-0.030623843,-0.824523669,-0.563348862,2660,1709436965.093684673,727314,1709436963.991077423
3099,1709436965.294950962,25.393991369,-18.521271322,0.543181694,0.053400216,-0.037678556,-0.822793366,-0.564570474,2646,1709436965.192375183,727314,1709436963.991077423
3100,1709436965.394799709,25.369838605,-18.404477685,0.536386855,0.038938952,-0.037697411,-0.823185418,-0.565179999,2621,1709436965.294950962,727314,1709436963.991077423
3101,1709436965.494651318,25.344642587,-18.280759415,0.527210236,0.030556513,-0.043120525,-0.822290362,-0.566608754,2694,1709436965.394799709,727314,1709436963.991077423
3102,1709436965.594474316,25.333766740,-18.167655415,0.517069510,0.014046502,-0.042128029,-0.823430546,-0.565676640,2689,1709436965.494651318,727314,1709436963.991077423
3103,1709436965.694043398,25.306810544,-18.085999156,0.506867701,-0.005833433,-0.032088660,-0.821897573,-0.568700860,2655,1709436965.594474316,727314,1709436963.991077423
3104,1709436965.794961214,25.259131756,-17.977974901,0.498924254,0.006666699,-0.040330134,-0.824600512,-0.564236679,2473,1709436965.694043398,727314,1709436963.991077423
3105,1709436965.894498587,25.214263811,-17.874575859,0.497447877,0.005461549,-0.044892080,-0.823748496,-0.565148907,2481,1709436965.794961214,727314,1709436963.991077423
3106,1709436965.993119717,25.155211024,-17.762737897,0.495696430,0.019182479,-0.045528284,-0.820722980,-0.569186259,2537,1709436965.894498587,727314,1709436963.991077423
3107,1709436966.091935635,25.101023835,-17.657017104,0.508731393,0.025217876,-0.032947064,-0.821439070,-0.568785024,2506,1709436965.993119717,727314,1709436963.991077423
3108,1709436966.195100069,25.046477533,-17.519252900,0.500179325,0.033237425,-0.041001274,-0.823287501,-0.565165339,2507,1709436966.091935635,727314,1709436963.991077423
3109,1709436966.294908524,24.997882379,-17.408270135,0.502302092,0.025663023,-0.034034655,-0.821418561,-0.568730691,2550,1709436966.195100069,727314,1709436963.991077423
3110,1709436966.393152475,24.958692211,-17.311052164,0.501983731,0.007421805,-0.019188008,-0.822457198,-0.568454831,2652,1709436966.294908524,727314,1709436963.991077423
3111,1709436966.491658688,24.915580290,-17.226221134,0.499778902,0.006791141,-0.005929471,-0.819665811,-0.572771054,2534,1709436966.393152475,727314,1709436963.991077423
3112,1709436966.590292215,24.863942417,-17.123472607,0.502391519,0.010175038,0.001377395,-0.820600659,-0.571409774,2483,1709436966.491658688,727314,1709436963.991077423
3113,1709436966.695136786,24.838331564,-17.001832406,0.485456285,0.001787693,-0.010229733,-0.824425595,-0.565875070,2472,1709436966.590292215,727314,1709436963.991077423
3114,1709436966.794979095,24.814304999,-16.884684949,0.469563727,0.015451609,-0.035256675,-0.821346554,-0.569129206,2480,1709436966.695136786,727314,1709436963.991077423
3115,1709436966.894799471,24.772303577,-16.772196790,0.464834374,0.029471679,-0.040230154,-0.820452817,-0.569535012,2582,1709436966.794979095,727314,1709436963.991077423
3116,1709436966.994208097,24.734809299,-16.669817928,0.488075755,0.028108902,-0.030712071,-0.821238503,-0.569064126,2530,1709436966.894799471,727314,1709436963.991077423
3117,1709436967.094525576,24.681908096,-16.591076277,0.495344916,0.035510225,-0.017056611,-0.819234950,-0.572103306,2593,1709436966.994208097,727314,1709436963.991077423
3118,1709436967.194346666,24.654467771,-16.500255061,0.491766313,0.030788773,-0.018346626,-0.818476756,-0.573420660,2606,1709436967.094525576,727314,1709436963.991077423
3119,1709436967.293234110,24.637598430,-16.414793581,0.477865011,0.012119430,-0.020897467,-0.820723287,-0.570814945,2639,1709436967.194346666,727314,1709436963.991077423
3120,1709436967.392079592,24.619441756,-16.316563674,0.470055340,-0.001573831,-0.025135832,-0.819948153,-0.571883501,2572,1709436967.293234110,727314,1709436963.991077423
3121,1709436967.495068550,24.574722574,-16.230212878,0.471105300,0.003972242,-0.022492498,-0.814846334,-0.579226865,2520,1709436967.392079592,727314,1709436963.991077423
3122,1709436967.594130278,24.531974612,-16.143575813,0.475165966,0.015357740,-0.015911369,-0.814036155,-0.580393063,2550,1709436967.495068550,727314,1709436963.991077423
3123,1709436967.692874193,24.501577364,-16.049403338,0.470850464,0.016496392,-0.018608386,-0.817529852,-0.575349058,2588,1709436967.594130278,727314,1709436963.991077423
3124,1709436967.791443348,24.480127372,-15.959202084,0.463142180,0.011218580,-0.024702547,-0.816463544,-0.576759230,2623,1709436967.692874193,727314,1709436963.991077423
3125,1709436967.890153170,24.452647681,-15.877794597,0.464451011,0.011387398,-0.022394337,-0.814598886,-0.579480350,2559,1709436967.791443348,727314,1709436963.991077423
3126,1709436967.995056152,24.418395472,-15.808219064,0.467534940,0.013804997,-0.018955708,-0.816184698,-0.577315028,2590,1709436967.890153170,727314,1709436963.991077423
3127,1709436968.094900370,24.396940546,-15.728124397,0.466623210,0.009834989,-0.023040155,-0.818041635,-0.574613180,2581,1709436967.995056152,727314,1709436963.991077423
3128,1709436968.194727421,24.367759529,-15.659797018,0.467347444,0.009674803,-0.031882277,-0.818146896,-0.574043183,2604,1709436968.094900370,727314,1709436963.991077423
3129,1709436968.294152260,24.348546637,-15.605284923,0.462162538,0.006736396,-0.019509305,-0.816849608,-0.576481332,2619,1709436968.194727421,727314,1709436963.991077423
3130,1709436968.394812584,24.301153744,-15.548869391,0.464187754,0.014984502,-0.009790465,-0.817047980,-0.576291775,2496,1709436968.294152260,727314,1709436963.991077423
3131,1709436968.494351864,24.285302615,-15.467048868,0.462728531,0.016040959,-0.013822122,-0.817471867,-0.575579172,2606,1709436968.394812584,727314,1709436963.991077423
3132,1709436968.593165636,24.264366054,-15.377857670,0.463954227,0.015696679,-0.020455615,-0.819227013,-0.572889416,2641,1709436968.494351864,727314,1709436963.991077423
3133,1709436968.692026377,24.250298791,-15.297884287,0.461746176,0.015414442,-0.021415688,-0.818159664,-0.574385347,2577,1709436968.593165636,727314,1709436963.991077423
3134,1709436968.794951439,24.223373675,-15.217742764,0.458502428,0.022450608,-0.020976977,-0.817896087,-0.574544975,2627,1709436968.692026377,727314,1709436963.991077423
3135,1709436968.893996954,24.188074547,-15.141644848,0.461429069,0.029017352,-0.016701605,-0.817589017,-0.574828017,2683,1709436968.794951439,727314,1709436963.991077423
3136,1709436968.992571831,24.155243547,-15.054810399,0.461738006,0.032322701,-0.013588933,-0.817490425,-0.574873889,2695,1709436968.893996954,727314,1709436963.991077423
3137,1709436969.091267586,24.125807118,-14.961784519,0.462846142,0.027258579,-0.015661227,-0.818549418,-0.573575232,2660,1709436968.992571831,727314,1709436963.991077423
3138,1709436969.195130825,24.104326086,-14.870877413,0.459559226,0.027942129,-0.015347495,-0.816640476,-0.576265586,2628,1709436969.091267586,727314,1709436963.991077423
3139,1709436969.295009613,24.074786168,-14.784116527,0.467703338,0.033794107,-0.005834076,-0.812993082,-0.581262565,2590,1709436969.195130825,727314,1709436963.991077423
3140,1709436969.394854546,24.048703244,-14.711439736,0.473757356,0.025348762,0.007287183,-0.808568536,-0.587810564,2720,1709436969.295009613,727314,1709436963.991077423
3141,1709436969.494692087,24.011652845,-14.627590358,0.472183354,0.031579111,0.008406525,-0.798894073,-0.600583341,2612,1709436969.394854546,727314,1709436963.991077423
3142,1709436969.594542980,24.004651441,-14.542109021,0.469624205,0.029426352,0.005056936,-0.789722956,-0.612736623,2613,1709436969.494692087,727314,1709436963.991077423
3143,1709436969.694772720,24.009247659,-14.447773811,0.462983909,0.019361548,-0.005477504,-0.784402642,-0.619925498,2682,1709436969.594542980,727314,1709436963.991077423
3144,1709436969.794288874,23.999280665,-14.341938397,0.448473071,0.017848313,-0.012629833,-0.781442003,-0.623594676,2713,1709436969.694772720,727314,1709436963.991077423
3145,1709436969.893208027,23.963250394,-14.250330118,0.444035870,0.018459577,-0.010150219,-0.780621899,-0.624648435,2666,1709436969.794288874,727314,1709436963.991077423
3146,1709436969.992150307,23.913295019,-14.143561791,0.446042870,0.026737451,-0.007160676,-0.781247131,-0.623607852,2622,1709436969.893208027,727314,1709436963.991077423
3147,1709436970.094871759,23.888942663,-14.044188903,0.449068007,0.020775356,-0.005987811,-0.786891496,-0.616712497,2649,1709436969.992150307,727314,1709436963.991077423
3148,1709436970.193639517,23.872161425,-13.940335295,0.434522816,0.018010463,-0.018692817,-0.795953569,-0.604800891,2697,1709436970.094871759,727314,1709436963.991077423
3149,1709436970.292325735,23.844346728,-13.826725586,0.420085977,0.013220716,-0.032906584,-0.803686172,-0.593995713,2636,1709436970.193639517,727314,1709436963.991077423
3150,1709436970.391096592,23.807233788,-13.722476895,0.414849774,0.025959474,-0.041450537,-0.807440881,-0.587917666,2598,1709436970.292325735,727314,1709436963.991077423
3151,1709436970.495081663,23.756205572,-13.616654528,0.418653166,0.025087591,-0.031446689,-0.813766882,-0.579797534,2633,1709436970.391096592,727314,1709436963.991077423
3152,1709436970.594322920,23.716817073,-13.514962128,0.417965015,0.030713599,-0.035213335,-0.814609837,-0.578124130,2692,1709436970.495081663,727314,1709436963.991077423
3153,1709436970.692795038,23.685770053,-13.409635143,0.409680506,0.030645272,-0.034446756,-0.814740394,-0.577989947,2713,1709436970.594322920,727314,1709436963.991077423
3154,1709436970.794609070,23.635894488,-13.307746984,0.401098963,0.032226557,-0.029103974,-0.814385449,-0.578697458,2688,1709436970.692795038,727314,1709436963.991077423
3155,1709436970.894457579,23.610190053,-13.214633949,0.405041451,0.022382488,-0.019496758,-0.815257406,-0.578337499,2738,1709436970.794609070,727314,1709436963.991077423
3156,1709436970.995094299,23.587895643,-13.110879999,0.400849070,0.027091127,-0.019910634,-0.816597060,-0.576228149,2695,1709436970.894457579,727314,1709436963.991077423
3157,1709436971.094174147,23.548804750,-13.022648128,0.397546273,0.026478913,-0.018618750,-0.815307032,-0.578123389,2725,1709436970.995094299,727314,1709436963.991077423
3158,1709436971.193113804,23.530814631,-12.935153663,0.391442126,0.034630502,-0.017994350,-0.815724254,-0.577122927,2675,1709436971.094174147,727314,1709436963.991077423
3159,1709436971.292110443,23.505728474,-12.844669945,0.388892136,0.026612508,-0.024421187,-0.815821726,-0.577174403,2705,1709436971.193113804,727314,1709436963.991077423
3160,1709436971.394459724,23.486102375,-12.765586834,0.383250705,0.017187021,-0.022556143,-0.816421829,-0.576759243,2730,1709436971.292110443,727314,1709436963.991077423
3161,1709436971.493374109,23.465777886,-12.683166892,0.384137167,0.021593910,-0.023490832,-0.816343236,-0.576685014,2735,1709436971.394459724,727314,1709436963.991077423
3162,1709436971.591943979,23.450265285,-12.620762897,0.383616691,0.017440921,-0.020294084,-0.815657756,-0.577915556,2644,1709436971.493374109,727314,1709436963.991077423
3163,1709436971.690757751,23.422267330,-12.556401076,0.381046895,0.024686452,-0.018945303,-0.816190062,-0.576944917,2607,1709436971.591943979,727314,1709436963.991077423
3164,1709436971.794611692,23.412547955,-12.475444357,0.371641481,0.027745580,-0.021227373,-0.815939808,-0.577080420,2670,1709436971.690757751,727314,1709436963.991077423
3165,1709436971.894067049,23.399762944,-12.406408113,0.368065803,0.017376384,-0.019101138,-0.818446909,-0.574001624,2707,1709436971.794611692,727314,1709436963.991077423
3166,1709436971.995080471,23.373261105,-12.339046187,0.366515037,0.016061460,-0.024514681,-0.818297409,-0.574047394,2636,1709436971.894067049,727314,1709436963.991077423
3167,1709436972.094913244,23.346463307,-12.271200890,0.377485394,0.022353852,-0.018878967,-0.817259018,-0.575527226,2683,1709436971.995080471,727314,1709436963.991077423
3168,1709436972.194734097,23.317982288,-12.205742335,0.385817877,0.030721374,-0.015358742,-0.817474737,-0.574939440,2698,1709436972.094913244,727314,1709436963.991077423
3169,1709436972.294585943,23.300164564,-12.145185088,0.384145706,0.029396584,-0.022007891,-0.818318601,-0.573590586,2755,1709436972.194734097,727314,1709436963.991077423
3170,1709436972.394153357,23.266402639,-12.068902590,0.372061814,0.033588346,-0.027344791,-0.816750527,-0.575363070,2760,1709436972.294585943,727314,1709436963.991077423
3171,1709436972.493313789,23.241200518,-12.009072066,0.375766811,0.026220482,-0.015967183,-0.817141814,-0.575618616,2755,1709436972.394153357,727314,1709436963.991077423
3172,1709436972.594501734,23.207961432,-11.956089608,0.378146426,0.021317876,-0.008586900,-0.817707531,-0.575174936,2760,1709436972.493313789,727314,1709436963.991077423
3173,1709436972.694349289,23.165667029,-11.891220454,0.375750102,0.031210107,-0.004647412,-0.815148780,-0.578391561,2649,1709436972.594501734,727314,1709436963.991077423
3174,1709436972.793050528,23.124744795,-11.833520354,0.377855498,0.030367084,0.001538623,-0.814676259,-0.579118352,2657,1709436972.694349289,727314,1709436963.991077423
3175,1709436972.891600847,23.090615058,-11.762831696,0.368732304,0.019270918,-0.001331397,-0.815543987,-0.578372600,2622,1709436972.793050528,727314,1709436963.991077423
3176,1709436972.990416765,23.067942710,-11.676328001,0.366348557,0.016102290,-0.005776422,-0.815054327,-0.579131930,2636,1709436972.891600847,727314,1709436963.991077423
3177,1709436973.094503403,23.024600439,-11.574579552,0.352567040,0.022966034,-0.015910026,-0.815916497,-0.577494330,2592,1709436972.990416765,727314,1709436963.991077423
3178,1709436973.193528652,22.991369137,-11.466087105,0.353326231,0.022651114,-0.029456166,-0.816350705,-0.576359946,2680,1709436973.094503403,727314,1709436963.991077423
3179,1709436973.292176962,22.951730702,-11.376624606,0.351348317,0.015898234,-0.026296472,-0.816395897,-0.576674502,2656,1709436973.193528652,727314,1709436963.991077423
3180,1709436973.394828796,22.916690712,-11.275047642,0.352118868,0.029260741,-0.025834942,-0.816718590,-0.575714433,2666,1709436973.292176962,727314,1709436963.991077423
3181,1709436973.494668722,22.871934110,-11.185901875,0.355471976,0.032808882,-0.024751216,-0.815784708,-0.576893634,2754,1709436973.394828796,727314,1709436963.991077423
3182,1709436973.594531536,22.828728720,-11.075352576,0.335444140,0.032925693,-0.028165486,-0.816152922,-0.576209173,2822,1709436973.494668722,727314,1709436963.991077423
3183,1709436973.694335938,22.791609318,-10.967334145,0.337237141,0.028105341,-0.020123778,-0.818345285,-0.573686428,2797,1709436973.594531536,727314,1709436963.991077423
3184,1709436973.793400288,22.759522220,-10.876124961,0.340789904,0.034314898,-0.018066447,-0.817489592,-0.574636283,2738,1709436973.694335938,727314,1709436963.991077423
3185,1709436973.894438744,22.742908555,-10.785054011,0.335139459,0.036696172,-0.017985437,-0.815819710,-0.576860568,2663,1709436973.793400288,727314,1709436963.991077423
3186,1709436973.994249105,22.720070044,-10.706942344,0.326320709,0.038863718,-0.019933904,-0.815574601,-0.577001145,2729,1709436973.894438744,727314,1709436963.991077423
3187,1709436974.092946291,22.698480341,-10.635831050,0.324801136,0.038742123,-0.018704564,-0.814886351,-0.578021991,2621,1709436973.994249105,727314,1709436963.991077423
3188,1709436974.191504478,22.673470781,-10.581407033,0.326781341,0.019459217,-0.009565868,-0.815178284,-0.578804110,2715,1709436974.092946291,727314,1709436963.991077423
3189,1709436974.294552326,22.665792713,-10.514955539,0.335421158,0.025474686,-0.009816378,-0.813643777,-0.580722381,2565,1709436974.191504478,727314,1709436963.991077423
3190,1709436974.394478321,22.663597901,-10.448143596,0.337322958,0.027576678,-0.006523424,-0.813325035,-0.581119058,2573,1709436974.294552326,727314,1709436963.991077423
3191,1709436974.493190527,22.663935903,-10.368494398,0.339036288,0.027724965,-0.007959378,-0.815608553,-0.577884646,2741,1709436974.394478321,727314,1709436963.991077423
3192,1709436974.591808558,22.660130973,-10.282280540,0.336977824,0.022383403,-0.012232474,-0.815631707,-0.578008883,2668,1709436974.493190527,727314,1709436963.991077423
3193,1709436974.694782019,22.633383637,-10.193865564,0.322770958,0.015146240,-0.016581534,-0.814712486,-0.579430073,2690,1709436974.591808558,727314,1709436963.991077423
3194,1709436974.794617891,22.608326737,-10.114421736,0.321958812,0.014035336,-0.018792447,-0.813820324,-0.580643034,2671,1709436974.694782019,727314,1709436963.991077423
3195,1709436974.894445181,22.577069133,-10.017442910,0.316035952,0.023931674,-0.024307787,-0.815197797,-0.578177272,2706,1709436974.794617891,727314,1709436963.991077423
3196,1709436974.994377613,22.562919128,-9.932980228,0.311555236,0.022559964,-0.029044002,-0.815006291,-0.578283875,2703,1709436974.894445181,727314,1709436963.991077423
3197,1709436975.093493223,22.542733272,-9.851960120,0.311089086,0.025129125,-0.029442551,-0.813034908,-0.580926761,2660,1709436974.994377613,727314,1709436963.991077423
3198,1709436975.194758415,22.510451054,-9.763205330,0.319703891,0.027603898,-0.019484514,-0.813407525,-0.580712130,2620,1709436975.093493223,727314,1709436963.991077423
3199,1709436975.293898582,22.481295624,-9.669296773,0.319483329,0.028164502,-0.018633265,-0.815529481,-0.577729373,2716,1709436975.194758415,727314,1709436963.991077423
3200,1709436975.392549276,22.455024996,-9.579183302,0.308049938,0.020146261,-0.029197049,-0.814109408,-0.579627063,2696,1709436975.293898582,727314,1709436963.991077423
3201,1709436975.491480589,22.424883929,-9.484128859,0.298538605,0.023250764,-0.030324952,-0.812216561,-0.582103133,2613,1709436975.392549276,727314,1709436963.991077423
3202,1709436975.594492197,22.380514423,-9.385278783,0.293707049,0.032478846,-0.024624621,-0.811838889,-0.582457184,2658,1709436975.491480589,727314,1709436963.991077423
3203,1709436975.694019079,22.325116212,-9.272195178,0.281269569,0.036907306,-0.031302852,-0.812676913,-0.580701487,2735,1709436975.594492197,727314,1709436963.991077423
3204,1709436975.792624474,22.291776225,-9.162170237,0.284548621,0.040311293,-0.034606186,-0.810195119,-0.583747617,2734,1709436975.694019079,727314,1709436963.991077423
3205,1709436975.891271830,22.259946691,-9.056812961,0.273763952,0.038690795,-0.029589399,-0.814834379,-0.577643856,2753,1709436975.792624474,727314,1709436963.991077423
3206,1709436975.994694948,22.224342902,-8.938571407,0.265140685,0.041606143,-0.038292737,-0.813891396,-0.578258930,2753,1709436975.891271830,727314,1709436963.991077423
3207,1709436976.094526529,22.179066762,-8.853139203,0.261122973,0.032462461,-0.030535744,-0.814416974,-0.578566115,2721,1709436975.994694948,727314,1709436963.991077423
3208,1709436976.194764853,22.169161674,-8.745534917,0.257595876,0.026512403,-0.028299235,-0.816215382,-0.576444877,2802,1709436976.094526529,727314,1709436963.991077423
3209,1709436976.294556618,22.144663645,-8.654791513,0.258946200,0.024151059,-0.030862019,-0.815383768,-0.577592913,2768,1709436976.194764853,727314,1709436963.991077423
3210,1709436976.394455194,22.106940719,-8.563180017,0.261839541,0.018482834,-0.026438336,-0.814897417,-0.578706833,2673,1709436976.294556618,727314,1709436963.991077423
3211,1709436976.494859219,22.084052657,-8.477049030,0.257021932,0.012543881,-0.023250983,-0.815442856,-0.578234374,2646,1709436976.394455194,727314,1709436963.991077423
3212,1709436976.593655825,22.044923549,-8.385849879,0.246921103,0.019912098,-0.023412912,-0.813246730,-0.581106789,2695,1709436976.494859219,727314,1709436963.991077423
3213,1709436976.692303419,21.984519102,-8.303263399,0.245945945,0.022616066,-0.016548948,-0.811958471,-0.583042097,2556,1709436976.593655825,727314,1709436963.991077423
3214,1709436976.791198015,21.947237514,-8.221612351,0.252554676,0.030935731,-0.010554656,-0.813448014,-0.580718441,2629,1709436976.692303419,727314,1709436963.991077423
3215,1709436976.894456148,21.921153831,-8.139482370,0.247225364,0.030598333,-0.016799314,-0.812479903,-0.581943238,2690,1709436976.791198015,727314,1709436963.991077423
3216,1709436976.993736982,21.906392824,-8.054870164,0.239587273,0.032127645,-0.022945749,-0.812343632,-0.581841156,2760,1709436976.894456148,727314,1709436963.991077423
3217,1709436977.092333317,21.873495972,-7.964720274,0.232578611,0.034871515,-0.029020402,-0.811141030,-0.583088349,2755,1709436976.993736982,727314,1709436963.991077423
3218,1709436977.191149473,21.846075719,-7.898802549,0.238791308,0.013914862,-0.016156490,-0.811692629,-0.583695486,2729,1709436977.092333317,727314,1709436963.991077423
3219,1709436977.294596910,21.827232499,-7.822322002,0.242648767,0.014065455,-0.010506892,-0.811818353,-0.583646065,2704,1709436977.191149473,727314,1709436963.991077423
3220,1709436977.394422054,21.785003144,-7.753189789,0.254059621,0.022328661,-0.005506266,-0.812152988,-0.582991111,2734,1709436977.294596910,727314,1709436963.991077423
3221,1709436977.495091915,21.759062090,-7.681618656,0.256750610,0.015880814,-0.000178295,-0.816166533,-0.577598441,2763,1709436977.394422054,727314,1709436963.991077423
3222,1709436977.594937801,21.740792937,-7.591040111,0.252373956,0.013462916,-0.005822309,-0.817704036,-0.575451961,2642,1709436977.495091915,727314,1709436963.991077423
3223,1709436977.694783688,21.716031640,-7.507794221,0.242925301,0.010650431,-0.005535453,-0.820557780,-0.571437536,2633,1709436977.594937801,727314,1709436963.991077423
3224,1709436977.794611216,21.675136448,-7.418836684,0.247000049,0.023033785,-0.017191629,-0.818414348,-0.573909268,2629,1709436977.694783688,727314,1709436963.991077423
3225,1709436977.893516064,21.650090038,-7.331957024,0.252260560,0.021183683,-0.015374804,-0.817609906,-0.575177284,2649,1709436977.794611216,727314,1709436963.991077423
3226,1709436977.992348433,21.633629698,-7.245923013,0.252623042,0.025736207,-0.013161425,-0.819708220,-0.572051448,2691,1709436977.893516064,727314,1709436963.991077423
3227,1709436978.091215372,21.607654488,-7.160143863,0.250706980,0.026962238,-0.011167130,-0.821544327,-0.569397271,2679,1709436977.992348433,727314,1709436963.991077423
3228,1709436978.194761992,21.567269501,-7.073122141,0.245985877,0.026210034,-0.010646140,-0.823277145,-0.566934243,2738,1709436978.091215372,727314,1709436963.991077423
3229,1709436978.293531418,21.535611821,-6.986194200,0.238455708,0.025410655,-0.002865271,-0.823609299,-0.566580808,2778,1709436978.194761992,727314,1709436963.991077423
3230,1709436978.392169714,21.510393390,-6.890869886,0.223710455,0.025792365,-0.003220816,-0.826372076,-0.562524286,2710,1709436978.293531418,727314,1709436963.991077423
3231,1709436978.495093107,21.471241597,-6.791884750,0.216584041,0.029627607,-0.021833355,-0.827062645,-0.560903637,2687,1709436978.392169714,727314,1709436963.991077423
3232,1709436978.594898701,21.449775342,-6.704007960,0.221003424,0.025967988,-0.027946821,-0.828004367,-0.559422387,2678,1709436978.495093107,727314,1709436963.991077423
3233,1709436978.694730043,21.396277688,-6.647654852,0.229202141,0.025659081,-0.021258129,-0.831086965,-0.555143370,2772,1709436978.594898701,727314,1709436963.991077423
3234,1709436978.794592142,21.355430455,-6.580939724,0.225413076,0.032974487,-0.022241263,-0.832747827,-0.552221936,2682,1709436978.694730043,727314,1709436963.991077423
3235,1709436978.894439459,21.315057671,-6.515068645,0.228912965,0.032929454,-0.017360077,-0.836752948,-0.546313813,2680,1709436978.794592142,727314,1709436963.991077423
3236,1709436978.995049715,21.278894081,-6.442572660,0.222681935,0.032148735,-0.014214580,-0.839162386,-0.542743857,2734,1709436978.894439459,727314,1709436963.991077423
3237,1709436979.094593525,21.254329816,-6.362744731,0.222068760,0.031081543,-0.008711131,-0.841570052,-0.539182623,2762,1709436978.995049715,727314,1709436963.991077423
3238,1709436979.193194151,21.222020346,-6.301171432,0.233474400,0.014079719,-0.000442489,-0.844260205,-0.535748328,2715,1709436979.094593525,727314,1709436963.991077423
3239,1709436979.292172432,21.184114718,-6.231466629,0.233683139,0.017196106,-0.003902740,-0.841516657,-0.539943310,2697,1709436979.193194151,727314,1709436963.991077423
3240,1709436979.391298532,21.131907535,-6.143569866,0.226402117,0.028074055,-0.004075448,-0.839727972,-0.542265776,2681,1709436979.292172432,727314,1709436963.991077423
3241,1709436979.494508982,21.094446536,-6.052985373,0.213707687,0.028197862,-0.012854178,-0.837574442,-0.545443586,2738,1709436979.391298532,727314,1709436963.991077423
3242,1709436979.593121767,21.059369286,-5.960996703,0.206288875,0.031030565,-0.018273746,-0.839737258,-0.541797482,2789,1709436979.494508982,727314,1709436963.991077423
3243,1709436979.691861868,21.032391721,-5.874112626,0.220717036,0.022257949,-0.010465657,-0.841218284,-0.540135957,2723,1709436979.593121767,727314,1709436963.991077423
3244,1709436979.790480614,20.983047746,-5.757700801,0.215787402,0.030989230,-0.021004172,-0.845752824,-0.532259949,2710,1709436979.691861868,727314,1709436963.991077423
3245,1709436979.894811153,20.951981772,-5.651437676,0.208521199,0.014871241,-0.029054547,-0.850318683,-0.525255001,2698,1709436979.790480614,727314,1709436963.991077423
3246,1709436979.993915558,20.919033685,-5.559058513,0.197776768,-0.007574940,-0.034542341,-0.858330744,-0.511876723,2755,1709436979.894811153,727314,1709436963.991077423
3247,1709436980.094493628,20.866556909,-5.465313862,0.191614680,0.002229700,-0.038171135,-0.860221078,-0.508485683,2593,1709436979.993915558,727314,1709436963.991077423
3248,1709436980.195131540,20.792811220,-5.392362321,0.200698422,0.020347981,-0.022053079,-0.862510698,-0.505148412,2649,1709436980.094493628,727314,1709436963.991077423
3249,1709436980.294980526,20.721790592,-5.338078602,0.216608717,0.029358591,0.004052816,-0.864105894,-0.502436713,2671,1709436980.195131540,727314,1709436963.991077423
3250,1709436980.394461870,20.655883327,-5.266109725,0.221099098,0.037703749,-0.000385339,-0.865626627,-0.499268286,2737,1709436980.294980526,727314,1709436963.991077423
3251,1709436980.493334770,20.619329978,-5.185068090,0.215775772,0.030521190,-0.010177586,-0.863921452,-0.502597850,2753,1709436980.394461870,727314,1709436963.991077423
3252,1709436980.592366457,20.580105029,-5.101997427,0.208837368,0.027255923,-0.013625355,-0.863489476,-0.503445518,2762,1709436980.493334770,727314,1709436963.991077423
3253,1709436980.695146322,20.527184448,-5.023529036,0.207334077,0.024562933,-0.013617446,-0.862866725,-0.504650614,2732,1709436980.592366457,727314,1709436963.991077423
3254,1709436980.794191360,20.470157011,-4.935116140,0.193489275,0.028785090,-0.018188087,-0.862824394,-0.504355706,2791,1709436980.695146322,727314,1709436963.991077423
3255,1709436980.892859459,20.442613100,-4.841077373,0.190074592,0.024051429,-0.021851237,-0.863981793,-0.502473396,2774,1709436980.794191360,727314,1709436963.991077423
3256,1709436980.991591454,20.398875674,-4.750299573,0.192900247,0.019166476,-0.016776656,-0.860938387,-0.508071141,2702,1709436980.892859459,727314,1709436963.991077423
3257,1709436981.090256214,20.378957254,-4.651022946,0.192258271,0.023415465,-0.023225610,-0.858228540,-0.512207049,2718,1709436980.991591454,727314,1709436963.991077423
3258,1709436981.194951534,20.343465442,-4.557994457,0.191327933,0.022954710,-0.022084085,-0.852584846,-0.521617154,2643,1709436981.090256214,727314,1709436963.991077423
3259,1709436981.293721676,20.308474172,-4.466491282,0.182340398,0.026448666,-0.019319027,-0.850812384,-0.524447835,2699,1709436981.194951534,727314,1709436963.991077423
3260,1709436981.394818544,20.271932685,-4.385850661,0.186105086,0.018444066,-0.013925034,-0.850426413,-0.525586174,2670,1709436981.293721676,727314,1709436963.991077423
3261,1709436981.494668007,20.229793085,-4.290806546,0.194637713,0.028602431,-0.010297495,-0.849398191,-0.526876242,2750,1709436981.394818544,727314,1709436963.991077423
3262,1709436981.594522953,20.182051349,-4.202300587,0.192813897,0.026330687,-0.007727956,-0.851923987,-0.522945977,2798,1709436981.494668007,727314,1709436963.991077423
3263,1709436981.694410563,20.143015920,-4.113806772,0.196039804,0.019058148,-0.014540664,-0.858329859,-0.512538007,2815,1709436981.594522953,727314,1709436963.991077423
3264,1709436981.793875694,20.095479761,-4.026964315,0.184217814,0.011057782,-0.014953376,-0.867807237,-0.496552839,2801,1709436981.694410563,727314,1709436963.991077423
3265,1709436981.892246246,20.021978450,-3.945302960,0.184324094,0.013012363,-0.010429521,-0.872472596,-0.488378412,2731,1709436981.793875694,727314,1709436963.991077423
3266,1709436981.995074034,19.947065817,-3.874477270,0.190838895,0.016705381,-0.000574924,-0.872629592,-0.488096501,2678,1709436981.892246246,727314,1709436963.991077423
3267,1709436982.093936920,19.876338936,-3.790246681,0.188047767,0.029709049,-0.006990610,-0.873773672,-0.485374158,2751,1709436981.995074034,727314,1709436963.991077423
3268,1709436982.192730188,19.836379166,-3.708508054,0.192810289,0.016355657,-0.006298855,-0.871610111,-0.489886345,2792,1709436982.093936920,727314,1709436963.991077423
3269,1709436982.291374445,19.771987983,-3.612827445,0.194151503,0.027821649,-0.006407544,-0.870996675,-0.490458654,2727,1709436982.192730188,727314,1709436963.991077423
3270,1709436982.394465685,19.709584785,-3.519974984,0.193399231,0.026675748,-0.005513421,-0.870735832,-0.490996046,2681,1709436982.291374445,727314,1709436963.991077423
3271,1709436982.494303942,19.666173299,-3.405434137,0.181642180,0.026794443,-0.024563581,-0.872998942,-0.486365639,2761,1709436982.394465685,727314,1709436963.991077423
3272,1709436982.592856169,19.624855460,-3.314284041,0.173186965,0.017984733,-0.030917657,-0.872969741,-0.486461180,2718,1709436982.494303942,727314,1709436963.991077423
3273,1709436982.694767714,19.559203751,-3.217411462,0.178293693,0.020003635,-0.028941029,-0.871422822,-0.489269390,2730,1709436982.592856169,727314,1709436963.991077423
3274,1709436982.794612646,19.507486393,-3.133871522,0.177661845,0.027976530,-0.022306758,-0.870007243,-0.491738874,2747,1709436982.694767714,727314,1709436963.991077423
3275,1709436982.894449472,19.464560167,-3.042718443,0.178831040,0.022649311,-0.020954822,-0.872374061,-0.487864122,2845,1709436982.794612646,727314,1709436963.991077423
3276,1709436982.994964361,19.416362767,-2.969305566,0.175888236,0.012332912,-0.023047603,-0.872222187,-0.488410856,2806,1709436982.894449472,727314,1709436963.991077423
3277,1709436983.093339205,19.368347162,-2.886800082,0.167750209,0.008268010,-0.025778674,-0.871531916,-0.489590870,2716,1709436982.994964361,727314,1709436963.991077423
3278,1709436983.193201780,19.314081711,-2.804373492,0.175173139,0.012035197,-0.017467689,-0.871359410,-0.490186507,2699,1709436983.093339205,727314,1709436963.991077423
3279,1709436983.294616699,19.268316637,-2.717065102,0.169124453,0.012479409,-0.023536331,-0.872981220,-0.487025764,2703,1709436983.193201780,727314,1709436963.991077423
3280,1709436983.393665314,19.215201597,-2.619360838,0.163079598,0.016665680,-0.028631173,-0.871857693,-0.488637569,2770,1709436983.294616699,727314,1709436963.991077423
3281,1709436983.492335320,19.151540273,-2.517816730,0.167461248,0.020361030,-0.023679349,-0.870237930,-0.491640786,2754,1709436983.393665314,727314,1709436963.991077423
3282,1709436983.591064215,19.087864705,-2.412099832,0.171442068,0.026875436,-0.022752995,-0.869652502,-0.492406882,2666,1709436983.492335320,727314,1709436963.991077423
3283,1709436983.694771528,19.040365388,-2.290467170,0.167745556,0.024873078,-0.027503741,-0.869395245,-0.492723839,2731,1709436983.591064215,727314,1709436963.991077423
3284,1709436983.793847561,18.988077342,-2.186722969,0.164523192,0.016873329,-0.027818331,-0.867985400,-0.495522731,2750,1709436983.694771528,727314,1709436963.991077423
3285,1709436983.892531872,18.919970757,-2.076348071,0.148884686,0.022472049,-0.033170533,-0.867608940,-0.495630357,2781,1709436983.793847561,727314,1709436963.991077423
3286,1709436983.995079279,18.843326788,-1.960263581,0.149893658,0.026304057,-0.028487707,-0.868666238,-0.493878035,2707,1709436983.892531872,727314,1709436963.991077423
3287,1709436984.094918489,18.783924460,-1.853148381,0.146505233,0.019835431,-0.032306828,-0.868505633,-0.494227468,2812,1709436983.995079279,727314,1709436963.991077423
3288,1709436984.194766521,18.731058189,-1.727679266,0.144491558,0.019470233,-0.031894187,-0.869178195,-0.493085120,2829,1709436984.094918489,727314,1709436963.991077423
3289,1709436984.294598818,18.670709983,-1.619783316,0.136483030,0.014889889,-0.031915405,-0.868348411,-0.494702673,2788,1709436984.194766521,727314,1709436963.991077423
3290,1709436984.394137621,18.596276935,-1.525989422,0.141766169,0.015596383,-0.015897253,-0.867531882,-0.496882746,2801,1709436984.294598818,727314,1709436963.991077423
3291,1709436984.495076180,18.517271794,-1.435136313,0.147408715,0.022208808,-0.011440537,-0.869622070,-0.493085528,2722,1709436984.394137621,727314,1709436963.991077423
3292,1709436984.594773531,18.465608816,-1.339736020,0.154567962,0.012061479,-0.017331021,-0.869653280,-0.493211242,2729,1709436984.495076180,727314,1709436963.991077423
3293,1709436984.693461657,18.424522945,-1.240088976,0.147400800,0.009412581,-0.022489109,-0.867773385,-0.496361759,2809,1709436984.594773531,727314,1709436963.991077423
3294,1709436984.792167187,18.371599023,-1.131613921,0.145414252,0.017231640,-0.022439343,-0.865495118,-0.500117733,2639,1709436984.693461657,727314,1709436963.991077423
3295,1709436984.890968084,18.301602819,-1.032978672,0.147517751,0.023935274,-0.016618027,-0.865494207,-0.500070716,2752,1709436984.792167187,727314,1709436963.991077423
3296,1709436984.994938612,18.235362653,-0.931975358,0.144854364,0.024641488,-0.022713807,-0.864734871,-0.501109252,2770,1709436984.890968084,727314,1709436963.991077423
3297,1709436985.093656063,18.163514374,-0.800402907,0.141130184,0.039757209,-0.030971875,-0.864097706,-0.500794630,2849,1709436984.994938612,727314,1709436963.991077423
3298,1709436985.192197323,18.108100069,-0.690868916,0.133987929,0.027577959,-0.027791702,-0.865875244,-0.498725516,2803,1709436985.093656063,727314,1709436963.991077423
3299,1709436985.291687012,18.082991514,-0.583543015,0.131453891,0.015853091,-0.027345543,-0.864066924,-0.502383569,2819,1709436985.192197323,727314,1709436963.991077423
3300,1709436985.394451618,18.032778481,-0.475730380,0.129066783,0.021415216,-0.025509412,-0.865974021,-0.498978610,2786,1709436985.291687012,727314,1709436963.991077423
3301,1709436985.495098829,17.969789314,-0.383783181,0.128807028,0.009799452,-0.018202895,-0.865033000,-0.501288873,2782,1709436985.394451618,727314,1709436963.991077423
3302,1709436985.594569206,17.907343328,-0.310660370,0.137124218,0.005259557,-0.008909972,-0.865312661,-0.501125681,2789,1709436985.495098829,727314,1709436963.991077423
3303,1709436985.694086075,17.849065613,-0.223166513,0.144010522,0.015403829,-0.006495587,-0.865702007,-0.500280485,2725,1709436985.594569206,727314,1709436963.991077423
3304,1709436985.794608831,17.784855857,-0.123024698,0.149923382,0.014382672,-0.007686966,-0.865058733,-0.501405463,2732,1709436985.694086075,727314,1709436963.991077423
3305,1709436985.894450188,17.710957927,-0.026419511,0.151715781,0.020429778,-0.003933927,-0.864614205,-0.502005404,2680,1709436985.794608831,727314,1709436963.991077423
3306,1709436985.993284702,17.666202314,0.087731232,0.148740214,0.020086624,-0.007969096,-0.864340241,-0.502443001,2778,1709436985.894450188,727314,1709436963.991077423
3307,1709436986.091974497,17.597794144,0.201779380,0.146215394,0.029833451,-0.014256417,-0.863888651,-0.502596378,2723,1709436985.993284702,727314,1709436963.991077423
3308,1709436986.194751263,17.548662502,0.321603488,0.148080552,0.020019378,-0.013162407,-0.863940299,-0.503023990,2697,1709436986.091974497,727314,1709436963.991077423
3309,1709436986.294578314,17.486578298,0.425504661,0.138030598,0.030427356,-0.013452052,-0.862046015,-0.505736974,2798,1709436986.194751263,727314,1709436963.991077423
3310,1709436986.394273281,17.411690122,0.531172064,0.136576137,0.030854920,-0.014808293,-0.862165949,-0.505468659,2837,1709436986.294578314,727314,1709436963.991077423
3311,1709436986.492824554,17.353084583,0.638493424,0.132287581,0.029735831,-0.019281679,-0.861167282,-0.507084717,2789,1709436986.394273281,727314,1709436963.991077423
3312,1709436986.594913483,17.297453598,0.739698347,0.122146888,0.024748143,-0.022192954,-0.863105876,-0.503927821,2715,1709436986.492824554,727314,1709436963.991077423
3313,1709436986.694764137,17.249841711,0.826157973,0.129482119,0.025125834,-0.022013131,-0.862630897,-0.504729680,2741,1709436986.594913483,727314,1709436963.991077423
3314,1709436986.794598103,17.226940418,0.904803102,0.127691852,0.012132151,-0.021348254,-0.862665033,-0.505179278,2777,1709436986.694764137,727314,1709436963.991077423
3315,1709436986.894438028,17.190772169,0.993679885,0.114628756,0.020141952,-0.028704778,-0.859621068,-0.509727335,2735,1709436986.794598103,727314,1709436963.991077423
3316,1709436986.995064735,17.136343598,1.066063779,0.119313685,0.023115918,-0.029426103,-0.858596672,-0.511284181,2727,1709436986.894438028,727314,1709436963.991077423
3317,1709436987.094911575,17.096203222,1.110140075,0.131834364,0.016017324,-0.016565504,-0.857902519,-0.513295527,2690,1709436986.995064735,727314,1709436963.991077423
3318,1709436987.194417953,17.064156484,1.162150057,0.130865411,0.014224885,-0.003785123,-0.858359153,-0.512838074,2743,1709436987.094911575,727314,1709436963.991077423
3319,1709436987.293116808,17.011907349,1.225354588,0.129304657,0.030921254,-0.007901478,-0.855972333,-0.516035665,2767,1709436987.194417953,727314,1709436963.991077423
3320,1709436987.391902685,16.970650155,1.297633508,0.126991837,0.036566946,-0.014500188,-0.854048748,-0.518703517,2694,1709436987.293116808,727314,1709436963.991077423
3321,1709436987.495084524,16.940641720,1.390747694,0.117271393,0.036266301,-0.028121936,-0.855755214,-0.515341562,2760,1709436987.391902685,727314,1709436963.991077423
3322,1709436987.594208956,16.920097816,1.465861957,0.114752487,0.015377180,-0.026515303,-0.857059044,-0.514305625,2791,1709436987.495084524,727314,1709436963.991077423
3323,1709436987.693773985,16.924521583,1.537117994,0.107744697,0.001603405,-0.030083283,-0.857952570,-0.512844823,2812,1709436987.594208956,727314,1709436963.991077423
3324,1709436987.794548988,16.887306237,1.604701157,0.103240942,0.020827207,-0.034332705,-0.853587255,-0.519399934,2725,1709436987.693773985,727314,1709436963.991077423
3325,1709436987.894400120,16.847883433,1.681843827,0.106775828,0.030335279,-0.033398971,-0.856602778,-0.513999961,2684,1709436987.794548988,727314,1709436963.991077423
3326,1709436987.995044708,16.815226576,1.766406046,0.100608262,0.030464004,-0.033382383,-0.861240783,-0.506183637,2710,1709436987.894400120,727314,1709436963.991077423
3327,1709436988.094880819,16.791163225,1.861188506,0.086454639,0.015411492,-0.049515836,-0.864330241,-0.500243844,2809,1709436987.995044708,727314,1709436963.991077423
3328,1709436988.194726467,16.759660327,1.939267408,0.087019636,0.014896337,-0.054223858,-0.860948557,-0.505574381,2721,1709436988.094880819,727314,1709436963.991077423
3329,1709436988.294569492,16.712599281,1.993471284,0.097347842,0.030884670,-0.039294959,-0.864527746,-0.500093811,2643,1709436988.194726467,727314,1709436963.991077423
3330,1709436988.394812822,16.654991312,2.027303368,0.111200302,0.032713455,-0.009280501,-0.864612922,-0.501286542,2735,1709436988.294569492,727314,1709436963.991077423
3331,1709436988.494159698,16.611279892,2.077149955,0.111388727,0.033194573,-0.005865854,-0.868432776,-0.494659707,2734,1709436988.394812822,727314,1709436963.991077423
3332,1709436988.593006611,16.570335173,2.151572223,0.103101591,0.034807274,-0.010638039,-0.868027491,-0.495180332,2737,1709436988.494159698,727314,1709436963.991077423
3333,1709436988.692086220,16.516070802,2.215296679,0.110771047,0.028794204,-0.000157291,-0.871682659,-0.489224091,2742,1709436988.593006611,727314,1709436963.991077423
3334,1709436988.794980288,16.468830653,2.285561480,0.102778120,0.014980952,-0.004826296,-0.876654809,-0.480862375,2771,1709436988.692086220,727314,1709436963.991077423
3335,1709436988.893853903,16.433416613,2.354395770,0.096403840,0.013442243,-0.008765045,-0.879707953,-0.475243514,2815,1709436988.794980288,727314,1709436963.991077423
3336,1709436988.992453814,16.387109239,2.406925881,0.105357237,0.011497207,-0.001957278,-0.884556796,-0.466286669,2725,1709436988.893853903,727314,1709436963.991077423
3337,1709436989.091080189,16.325298944,2.471640181,0.103416439,0.008845310,-0.009387580,-0.892378720,-0.451102931,2637,1709436988.992453814,727314,1709436963.991077423
3338,1709436989.194753408,16.294698469,2.546220687,0.096203114,-0.005869844,-0.019878490,-0.900232622,-0.434915643,2662,1709436989.091080189,727314,1709436963.991077423
3339,1709436989.294612646,16.238025308,2.599942397,0.105793289,-0.010431850,-0.013299795,-0.905608559,-0.423777572,2593,1709436989.194753408,727314,1709436963.991077423
3340,1709436989.394451141,16.171368965,2.636965823,0.117161201,-0.000446852,-0.003725712,-0.913214161,-0.407462656,2633,1709436989.294612646,727314,1709436963.991077423
3341,1709436989.495084047,16.102190866,2.682609612,0.120459919,-0.002106486,-0.004869807,-0.918668901,-0.394992782,2651,1709436989.394451141,727314,1709436963.991077423
3342,1709436989.594933748,16.053551949,2.724649533,0.117972980,0.003023891,-0.007970649,-0.923664202,-0.383108035,2691,1709436989.495084047,727314,1709436963.991077423
3343,1709436989.694771290,16.010919957,2.756294156,0.115675870,0.003567047,-0.004209324,-0.927299119,-0.374280513,2733,1709436989.594933748,727314,1709436963.991077423
3344,1709436989.794396162,15.970665012,2.780035770,0.113297986,0.000057515,-0.003023384,-0.931048288,-0.364883461,2780,1709436989.694771290,727314,1709436963.991077423
3345,1709436989.893312693,15.922117731,2.808887075,0.110773493,0.001341189,-0.003176636,-0.933507385,-0.358541591,2726,1709436989.794396162,727314,1709436963.991077423
3346,1709436989.995068312,15.883893264,2.828695329,0.123168596,0.008243100,0.006464913,-0.935280791,-0.353751463,2685,1709436989.893312693,727314,1709436963.991077423
3347,1709436990.094762325,15.835169226,2.838103662,0.129343238,0.012024080,0.014783416,-0.937014680,-0.348769783,2787,1709436989.995068312,727314,1709436963.991077423
3348,1709436990.193433046,15.794894846,2.859355111,0.133667736,0.014335944,0.016096427,-0.939460952,-0.341977346,2841,1709436990.094762325,727314,1709436963.991077423
3349,1709436990.292122602,15.750939477,2.882371748,0.137145081,0.017255374,0.019270261,-0.941795700,-0.335189154,2785,1709436990.193433046,727314,1709436963.991077423
3350,1709436990.390836954,15.707971163,2.898570140,0.138769184,0.019629652,0.021067105,-0.944078604,-0.328460718,2814,1709436990.292122602,727314,1709436963.991077423
3351,1709436990.495058298,15.656697767,2.927718826,0.138952440,0.019075181,0.021539953,-0.946955706,-0.320073522,2780,1709436990.390836954,727314,1709436963.991077423
3352,1709436990.594583988,15.627198649,2.947646968,0.144193811,0.016503870,0.025728383,-0.948670109,-0.314786748,2860,1709436990.495058298,727314,1709436963.991077423
3353,1709436990.693006039,15.591343212,2.960545093,0.150022738,0.017217388,0.031603768,-0.951172366,-0.306554877,2852,1709436990.594583988,727314,1709436963.991077423
3354,1709436990.794557810,15.544709442,2.976614541,0.148197690,0.017714920,0.028641691,-0.954400718,-0.296622832,2816,1709436990.693006039,727314,1709436963.991077423
3355,1709436990.894793749,15.505860015,3.015288835,0.146069158,0.013324915,0.015686944,-0.957811929,-0.286657768,2895,1709436990.794557810,727314,1709436963.991077423
3356,1709436990.994622231,15.458727858,3.054576619,0.141651166,0.015817123,0.008493330,-0.960438930,-0.277911394,2888,1709436990.894793749,727314,1709436963.991077423
3357,1709436991.094440222,15.402791523,3.082410233,0.136826180,0.016781067,0.014910617,-0.962900031,-0.268923036,2932,1709436990.994622231,727314,1709436963.991077423
3358,1709436991.193489075,15.350064619,3.098894510,0.139393116,0.017633985,0.019414834,-0.965954420,-0.257379418,2941,1709436991.094440222,727314,1709436963.991077423
3359,1709436991.294957399,15.298295067,3.133733218,0.136786517,0.020679375,0.012056068,-0.968906858,-0.246265131,2879,1709436991.193489075,727314,1709436963.991077423
3360,1709436991.394667625,15.242342659,3.162639718,0.137869403,0.019670404,0.005614890,-0.971990799,-0.234126962,2893,1709436991.294957399,727314,1709436963.991077423
3361,1709436991.493184090,15.194278417,3.188735339,0.135414889,0.022774511,-0.000619468,-0.974501325,-0.223222099,2959,1709436991.394667625,727314,1709436963.991077423
3362,1709436991.591957092,15.151558130,3.218141390,0.132364828,0.024701321,-0.008705080,-0.977211813,-0.210644580,2857,1709436991.493184090,727314,1709436963.991077423
3363,1709436991.695045233,15.093324656,3.236516406,0.138363399,0.029428697,-0.012697326,-0.979292414,-0.199897718,2854,1709436991.591957092,727314,1709436963.991077423
3364,1709436991.794951439,15.051721318,3.261110695,0.140012433,0.027005581,-0.009907985,-0.982238901,-0.185416480,2913,1709436991.695045233,727314,1709436963.991077423
3365,1709436991.893816233,14.994231835,3.273068611,0.139703719,0.024099617,-0.015713633,-0.985034564,-0.169938808,2947,1709436991.794951439,727314,1709436963.991077423
3366,1709436991.992391348,14.933758281,3.315511549,0.129595160,0.019863439,-0.024753941,-0.987616196,-0.153645485,2919,1709436991.893816233,727314,1709436963.991077423
3367,1709436992.094483852,14.873690744,3.321702083,0.123488136,0.024836696,-0.019790916,-0.989323434,-0.142234320,2890,1709436991.992391348,727314,1709436963.991077423
3368,1709436992.195121050,14.809718301,3.333593096,0.121657430,0.028561048,-0.016050959,-0.991041285,-0.129475113,2908,1709436992.094483852,727314,1709436963.991077423
3369,1709436992.294963598,14.751348359,3.347627636,0.122505704,0.032562151,-0.018918211,-0.992491428,-0.116372562,2991,1709436992.195121050,727314,1709436963.991077423
3370,1709436992.394144297,14.692656972,3.354302197,0.123805453,0.033928898,-0.020327576,-0.993762424,-0.104268234,2993,1709436992.294963598,727314,1709436963.991077423
3371,1709436992.493160725,14.633323610,3.364384808,0.121971652,0.035135592,-0.019165484,-0.995092835,-0.090489915,2912,1709436992.394144297,727314,1709436963.991077423
3372,1709436992.594444275,14.562990931,3.377931135,0.116901804,0.035477173,-0.022158500,-0.996079132,-0.077953408,2902,1709436992.493160725,727314,1709436963.991077423
3373,1709436992.694241285,14.501969244,3.392628959,0.114118808,0.034953253,-0.022591948,-0.997044972,-0.064569319,2914,1709436992.594444275,727314,1709436963.991077423
3374,1709436992.792953253,14.446595877,3.401646657,0.118421023,0.033084161,-0.020858688,-0.997880066,-0.052016610,2875,1709436992.694241285,727314,1709436963.991077423
3375,1709436992.891627789,14.386789017,3.401061155,0.117304064,0.032702045,-0.018004381,-0.998505562,-0.039913181,2821,1709436992.792953253,727314,1709436963.991077423
3376,1709436992.990414143,14.326786284,3.391927391,0.119744544,0.032253809,-0.016965906,-0.998948898,-0.027801956,2838,1709436992.891627789,727314,1709436963.991077423
3377,1709436993.094446182,14.275104052,3.388722767,0.117837855,0.028814888,-0.015811884,-0.999342765,-0.015288038,2803,1709436992.990414143,727314,1709436963.991077423
3378,1709436993.193406343,14.228128464,3.383277604,0.114875072,0.024642546,-0.014846468,-0.999581131,-0.003144885,2903,1709436993.094446182,727314,1709436963.991077423
3379,1709436993.292023659,14.172798599,3.400277858,0.111495558,0.022316575,-0.019300281,-0.999511237,0.010332320,2876,1709436993.193406343,727314,1709436963.991077423
3380,1709436993.394750834,14.116192046,3.404638556,0.108836602,0.021885551,-0.025978356,-0.999140542,0.023755520,2887,1709436993.292023659,727314,1709436963.991077423
3381,1709436993.494582653,14.065803931,3.413480043,0.112414470,0.017618576,-0.025534651,-0.998839131,0.036850480,2922,1709436993.394750834,727314,1709436963.991077423
3382,1709436993.594821453,14.016560054,3.397717992,0.113048223,0.019257896,-0.026235208,-0.998334846,0.047627548,2931,1709436993.494582653,727314,1709436963.991077423
3383,1709436993.694352150,13.951981253,3.396975889,0.105636322,0.018811492,-0.028743419,-0.997597633,0.060157346,2942,1709436993.594821453,727314,1709436963.991077423
3384,1709436993.793460608,13.891953505,3.384263853,0.108114372,0.017481535,-0.031217908,-0.996752577,0.072139709,2910,1709436993.694352150,727314,1709436963.991077423
3385,1709436993.894771576,13.817869360,3.373252637,0.103211425,0.015422838,-0.027884516,-0.995646077,0.087598392,2807,1709436993.793460608,727314,1709436963.991077423
3386,1709436993.993955135,13.745057944,3.358831667,0.101061215,0.012101497,-0.028863682,-0.993943281,0.105343233,2835,1709436993.894771576,727314,1709436963.991077423
3387,1709436994.092685699,13.674006442,3.328800860,0.107688446,0.014919948,-0.026650832,-0.992200442,0.120852851,2842,1709436993.993955135,727314,1709436963.991077423
3388,1709436994.191264868,13.584306039,3.321567095,0.106260856,0.015988934,-0.027744438,-0.989652228,0.139868040,2775,1709436994.092685699,727314,1709436963.991077423
3389,1709436994.294925690,13.500482083,3.293999522,0.104544148,0.017210641,-0.032162448,-0.987003381,0.156504621,2770,1709436994.191264868,727314,1709436963.991077423
3390,1709436994.394522190,13.418049076,3.263887172,0.104121090,0.016108323,-0.024299537,-0.984507399,0.172902387,2811,1709436994.294925690,727314,1709436963.991077423
3391,1709436994.493085861,13.346844520,3.226014788,0.107347271,0.019087634,-0.018312099,-0.982156648,0.186195188,2916,1709436994.394522190,727314,1709436963.991077423
3392,1709436994.591692209,13.269981752,3.195364739,0.112414672,0.022376630,-0.022363776,-0.978715777,0.202767295,2909,1709436994.493085861,727314,1709436963.991077423
3393,1709436994.695072412,13.198324579,3.144678477,0.118511460,0.025163553,-0.018334743,-0.975683894,0.216959840,2890,1709436994.591692209,727314,1709436963.991077423
3394,1709436994.794906139,13.129074515,3.087728004,0.116274109,0.022786463,-0.010808897,-0.971945075,0.233851913,2991,1709436994.695072412,727314,1709436963.991077423
3395,1709436994.894734859,13.053646113,3.030361801,0.118982559,0.021597017,-0.011231451,-0.967027580,0.253505587,3000,1709436994.794906139,727314,1709436963.991077423
3396,1709436994.994579077,12.974931741,2.972428074,0.120627630,0.019513769,-0.011819716,-0.961072904,0.275351378,2985,1709436994.894734859,727314,1709436963.991077423
3397,1709436995.094812155,12.890708399,2.905977839,0.110163019,0.019164819,-0.017690591,-0.954491399,0.297095812,2971,1709436994.994579077,727314,1709436963.991077423
3398,1709436995.194652081,12.804890887,2.833507775,0.110110112,0.020825028,-0.020924879,-0.947921098,0.317134136,2912,1709436995.094812155,727314,1709436963.991077423
3399,1709436995.293710470,12.728525497,2.759920329,0.109440329,0.020958738,-0.016950631,-0.940988849,0.337362408,2953,1709436995.194652081,727314,1709436963.991077423
3400,1709436995.392529011,12.652341107,2.680410632,0.109869163,0.026572529,-0.007813389,-0.934304920,0.355397199,2917,1709436995.293710470,727314,1709436963.991077423
3401,1709436995.491348267,12.589630751,2.580925351,0.114267425,0.027392984,-0.002728933,-0.926821175,0.374492571,2876,1709436995.392529011,727314,1709436963.991077423
3402,1709436995.594820976,12.506833452,2.505613447,0.110201814,0.025775157,-0.007802148,-0.917830966,0.396056923,2971,1709436995.491348267,727314,1709436963.991077423
3403,1709436995.694078922,12.449170541,2.401487246,0.111897336,0.028164351,-0.003703610,-0.909280484,0.415213263,3009,1709436995.594820976,727314,1709436963.991077423
3404,1709436995.792727709,12.396711849,2.311752711,0.115671338,0.025424292,-0.004874573,-0.900789818,0.433483042,3018,1709436995.694078922,727314,1709436963.991077423
3405,1709436995.895139456,12.341605081,2.221151950,0.114130920,0.027800865,-0.001794807,-0.891201981,0.452750395,2964,1709436995.792727709,727314,1709436963.991077423
3406,1709436995.994966030,12.289399835,2.128557112,0.111546893,0.028446484,-0.001461140,-0.881164522,0.471951002,2954,1709436995.895139456,727314,1709436963.991077423
3407,1709436996.094799757,12.252229534,2.012814825,0.111353268,0.034667463,0.009679465,-0.873404122,0.485664199,2977,1709436995.994966030,727314,1709436963.991077423
3408,1709436996.194634914,12.218262209,1.919054720,0.112405398,0.024405873,0.006357725,-0.867912675,0.496076125,2915,1709436996.094799757,727314,1709436963.991077423
3409,1709436996.294479609,12.160753533,1.811641507,0.096405142,0.036464740,0.003693250,-0.863208009,0.503516252,2909,1709436996.194634914,727314,1709436963.991077423
3410,1709436996.395103216,12.095165820,1.709761604,0.093920804,0.035988374,0.003129460,-0.862479503,0.504801100,2851,1709436996.294479609,727314,1709436963.991077423
3411,1709436996.494831562,12.037637369,1.586640007,0.100032969,0.027906914,0.009264048,-0.862025497,0.506011289,2831,1709436996.395103216,727314,1709436963.991077423
3412,1709436996.593567610,11.986304539,1.446600046,0.098632343,0.023790211,0.017545088,-0.861481078,0.506928544,2884,1709436996.494831562,727314,1709436963.991077423
3413,1709436996.692321539,11.927844497,1.313447973,0.101546058,0.012031375,0.021182143,-0.863810693,0.503227234,2747,1709436996.593567610,727314,1709436963.991077423
3414,1709436996.791125536,11.856061272,1.176735821,0.104189984,0.003540297,0.024658608,-0.865255488,0.500711852,2829,1709436996.692321539,727314,1709436963.991077423
3415,1709436996.895077705,11.774820625,1.022661935,0.100142002,0.006218530,0.033788569,-0.864693518,0.501123521,2836,1709436996.791125536,727314,1709436963.991077423
3416,1709436996.993671656,11.678108869,0.882425782,0.097454747,0.013205595,0.031094590,-0.862082895,0.505640011,2950,1709436996.895077705,727314,1709436963.991077423
3417,1709436997.092164278,11.576089841,0.730695767,0.085026020,0.030393633,0.035516899,-0.859251294,0.509413379,2843,1709436996.993671656,727314,1709436963.991077423
3418,1709436997.190839767,11.481333175,0.593656359,0.078756259,0.033992552,0.020574585,-0.860872039,0.507267706,2834,1709436997.092164278,727314,1709436963.991077423
3419,1709436997.294468403,11.392285839,0.459185441,0.070108802,0.035422297,0.026045220,-0.862705354,0.503792000,2792,1709436997.190839767,727314,1709436963.991077423
3420,1709436997.395099640,11.324851757,0.322382733,0.076972743,0.021095520,0.029433499,-0.863354570,0.503296667,2768,1709436997.294468403,727314,1709436963.991077423
3421,1709436997.494938612,11.251962324,0.196885248,0.073492105,0.022190983,0.031291967,-0.862291719,0.504956794,2785,1709436997.395099640,727314,1709436963.991077423
3422,1709436997.594788313,11.176877191,0.085983474,0.084863399,0.017403381,0.027216985,-0.864335542,0.501876906,2777,1709436997.494938612,727314,1709436963.991077423
3423,1709436997.694629669,11.118259876,-0.008569603,0.076581830,-0.001304679,0.006379830,-0.864210393,0.503088454,2765,1709436997.594788313,727314,1709436963.991077423
3424,1709436997.794457912,11.050679188,-0.119917685,0.052992840,0.017981584,0.011928563,-0.864238299,0.502619672,2809,1709436997.694629669,727314,1709436963.991077423
3425,1709436997.893319607,10.976587431,-0.207517924,0.056724979,0.017201358,0.010186108,-0.865112973,0.501178512,2756,1709436997.794457912,727314,1709436963.991077423
3426,1709436997.992194176,10.918326423,-0.288882288,0.056732132,0.012765138,0.012540444,-0.866501958,0.498852829,2740,1709436997.893319607,727314,1709436963.991077423
3427,1709436998.091258764,10.863073449,-0.399367577,0.061002282,0.029420685,0.017302938,-0.863266045,0.503593852,2699,1709436997.992194176,727314,1709436963.991077423
3428,1709436998.194624424,10.789231405,-0.495187804,0.053502414,0.028222852,0.002166920,-0.864351620,0.502090682,2790,1709436998.091258764,727314,1709436963.991077423
3429,1709436998.293358564,10.714894799,-0.582715404,0.043388941,0.025358985,-0.016371462,-0.863396469,0.503622314,2829,1709436998.194624424,727314,1709436963.991077423
3430,1709436998.392054319,10.651421976,-0.671153072,0.036984707,0.022488612,-0.023081019,-0.864003621,0.502453254,2729,1709436998.293358564,727314,1709436963.991077423
3431,1709436998.494948626,10.596860704,-0.776472052,0.049204635,0.016486529,-0.028458283,-0.865547054,0.499746553,2694,1709436998.392054319,727314,1709436963.991077423
3432,1709436998.594786167,10.546945966,-0.868732975,0.049806457,0.016491173,-0.012334320,-0.871360757,0.490210503,2640,1709436998.494948626,727314,1709436963.991077423
3433,1709436998.693769217,10.497415283,-0.957366932,0.062278682,0.007168025,-0.004871523,-0.871577059,0.490181923,2752,1709436998.594786167,727314,1709436963.991077423
3434,1709436998.792322874,10.423945934,-1.045514005,0.060880862,0.012275182,-0.005790501,-0.869581794,0.493602364,2639,1709436998.693769217,727314,1709436963.991077423
3435,1709436998.895123482,10.346864029,-1.133054804,0.062391699,0.020601561,-0.019247529,-0.867161852,0.497227746,2667,1709436998.792322874,727314,1709436963.991077423
3436,1709436998.994966030,10.279591943,-1.219024033,0.057548269,0.032719499,-0.021460678,-0.865663534,0.499094701,2755,1709436998.895123482,727314,1709436963.991077423
3437,1709436999.094295740,10.214908239,-1.298078113,0.054255793,0.029985386,-0.018684699,-0.864543762,0.501314116,2750,1709436998.994966030,727314,1709436963.991077423
3438,1709436999.193040133,10.178705468,-1.388543304,0.060691258,0.022497702,-0.023288696,-0.863826269,0.502748116,2746,1709436999.094295740,727314,1709436963.991077423
3439,1709436999.291822672,10.138081792,-1.461595077,0.069236360,0.015488141,-0.031967400,-0.864545737,0.501297188,2704,1709436999.193040133,727314,1709436963.991077423
3440,1709436999.390883923,10.118220376,-1.546643516,0.072008179,0.011905291,-0.019037583,-0.866798225,0.498153262,2667,1709436999.291822672,727314,1709436963.991077423
3441,1709436999.494517565,10.095942470,-1.627383054,0.082614316,0.006776538,-0.003195198,-0.867693031,0.497043936,2700,1709436999.390883923,727314,1709436963.991077423
3442,1709436999.593183041,10.055499633,-1.711027913,0.081508567,0.008137229,-0.001112536,-0.868047532,0.496413164,2793,1709436999.494517565,727314,1709436963.991077423
3443,1709436999.691853046,10.000837248,-1.788022571,0.077558009,0.007991132,-0.003559543,-0.868033529,0.496428509,2673,1709436999.593183041,727314,1709436963.991077423
3444,1709436999.794906378,9.961511893,-1.870843435,0.080228421,0.015172891,-0.001064346,-0.869308387,0.494036010,2717,1709436999.691853046,727314,1709436963.991077423
3445,1709436999.894731998,9.929431179,-1.937029244,0.083734850,0.018035441,0.002707579,-0.868570936,0.495229161,2696,1709436999.794906378,727314,1709436963.991077423
3446,1709436999.993499279,9.879014521,-1.989224305,0.084957071,0.024562473,0.000762666,-0.868424982,0.495211221,2832,1709436999.894731998,727314,1709436963.991077423
3447,1709437000.092027426,9.838013323,-2.046971131,0.086640819,0.024498010,-0.003134161,-0.867762732,0.496364650,2798,1709436999.993499279,727314,1709436963.991077423
3448,1709437000.195060968,9.805314016,-2.123329841,0.087999874,0.023883985,-0.004550575,-0.868104517,0.495785633,2750,1709437000.092027426,727314,1709436963.991077423
3449,1709437000.294903517,9.762779566,-2.186609293,0.081927959,0.022007509,-0.005782141,-0.868465841,0.495226534,2859,1709437000.195060968,727314,1709436963.991077423
3450,1709437000.394222736,9.717068021,-2.260937894,0.082837650,0.020020947,-0.008067570,-0.868689818,0.494885922,2870,1709437000.294903517,727314,1709436963.991077423
3451,1709437000.493198633,9.661437240,-2.333703471,0.083345630,0.023601998,-0.005814670,-0.869765178,0.492866788,2790,1709437000.394222736,727314,1709436963.991077423
3452,1709437000.592185974,9.607480234,-2.416424224,0.087427573,0.024288562,-0.005766862,-0.872521518,0.487937507,2808,1709437000.493198633,727314,1709436963.991077423
3453,1709437000.694632530,9.551000364,-2.477433362,0.092089671,0.009726926,-0.017083375,-0.882952530,0.469050504,2783,1709437000.592185974,727314,1709436963.991077423
3454,1709437000.794157982,9.484869145,-2.548680714,0.087150227,0.017406545,-0.005696787,-0.892026756,0.451611366,2754,1709437000.694632530,727314,1709436963.991077423
3455,1709437000.892867327,9.432483072,-2.635426144,0.091520276,0.014923203,0.002264310,-0.899399171,0.436867602,2851,1709437000.794157982,727314,1709436963.991077423
3456,1709437000.991578102,9.376092939,-2.718436873,0.089947161,0.016633120,-0.001386885,-0.906556556,0.421754226,2792,1709437000.892867327,727314,1709436963.991077423
3457,1709437001.094795227,9.303259810,-2.778739142,0.091577209,0.018811062,-0.011837187,-0.909329682,0.415482315,2842,1709437000.991578102,727314,1709436963.991077423
3458,1709437001.194585323,9.232425892,-2.844647896,0.094492467,0.027225511,-0.012287316,-0.909557167,0.414503985,2836,1709437001.094795227,727314,1709436963.991077423
3459,1709437001.293133259,9.171349244,-2.917408184,0.093486999,0.027908523,-0.007511178,-0.909547015,0.414594891,2930,1709437001.194585323,727314,1709436963.991077423
3460,1709437001.395107508,9.121550907,-2.988271016,0.103828472,0.018807912,0.004963881,-0.911978801,0.409775901,2842,1709437001.293133259,727314,1709436963.991077423
3461,1709437001.494944811,9.079547899,-3.072024281,0.112253752,0.015638293,0.016994008,-0.914025714,0.404998323,2945,1709437001.395107508,727314,1709436963.991077423
3462,1709437001.594788790,9.017129029,-3.135566354,0.107730891,0.018718632,0.009395576,-0.917260219,0.397737384,2977,1709437001.494944811,727314,1709436963.991077423
3463,1709437001.694445372,8.948702328,-3.174050314,0.103952472,0.022289144,-0.004497720,-0.922153914,0.386154274,3020,1709437001.594788790,727314,1709436963.991077423
3464,1709437001.793332815,8.890896729,-3.228393339,0.108136670,0.020873998,-0.002378294,-0.926434150,0.375870172,2969,1709437001.694445372,727314,1709436963.991077423
3465,1709437001.892328978,8.834765085,-3.266991078,0.103158623,0.010749169,0.001622302,-0.931601591,0.363318455,2945,1709437001.793332815,727314,1709436963.991077423
3466,1709437001.994942188,8.765532358,-3.306172589,0.105662050,0.012348455,0.006967767,-0.936341205,0.350804951,2928,1709437001.892328978,727314,1709436963.991077423
3467,1709437002.093916178,8.685697928,-3.339942849,0.100537083,0.016748481,0.002099435,-0.940536388,0.339273316,3032,1709437001.994942188,727314,1709436963.991077423
3468,1709437002.192567587,8.603991308,-3.387498971,0.095592874,0.024117587,0.003507161,-0.945055773,0.325999430,2975,1709437002.093916178,727314,1709436963.991077423
3469,1709437002.291360140,8.519019553,-3.430857790,0.108111338,0.018776939,0.004548737,-0.949692037,0.312588820,2933,1709437002.192567587,727314,1709436963.991077423
3470,1709437002.395111084,8.426989875,-3.474928166,0.097024417,0.032995967,0.002544627,-0.952556152,0.302558371,2930,1709437002.291360140,727314,1709436963.991077423
3471,1709437002.494303703,8.321712972,-3.534171788,0.085645194,0.051591910,0.006560488,-0.956542332,0.286918110,3018,1709437002.395111084,727314,1709436963.991077423
3472,1709437002.592869043,8.235056727,-3.587126830,0.102879069,0.042217949,0.003994469,-0.961613137,0.271112271,3007,1709437002.494303703,727314,1709436963.991077423
3473,1709437002.691339731,8.161317589,-3.632899051,0.114365553,0.023195654,0.003394871,-0.966715286,0.254778321,2976,1709437002.592869043,727314,1709436963.991077423
3474,1709437002.794495821,8.063462644,-3.666635073,0.114971377,0.027210639,0.006815676,-0.967816520,0.250088606,3027,1709437002.691339731,727314,1709436963.991077423
3475,1709437002.895146847,7.975833532,-3.692217640,0.103990524,0.030643161,-0.001761371,-0.970636590,0.238584376,3056,1709437002.794495821,727314,1709436963.991077423
3476,1709437002.994331837,7.905446737,-3.701243299,0.089092216,0.002659141,-0.021884197,-0.972195987,0.233128665,3072,1709437002.895146847,727314,1709436963.991077423
3477,1709437003.093355656,7.822924193,-3.730061593,0.069610061,0.013618200,-0.034897130,-0.972093066,0.231585418,2903,1709437002.994331837,727314,1709436963.991077423
3478,1709437003.192606211,7.743116342,-3.770402008,0.065539334,0.029862336,-0.032493678,-0.972519643,0.228599968,2878,1709437003.093355656,727314,1709436963.991077423
3479,1709437003.294536591,7.670822857,-3.809451854,0.070810779,0.028397694,-0.022550235,-0.973359274,0.226399608,2900,1709437003.192606211,727314,1709436963.991077423
3480,1709437003.393553495,7.608917698,-3.874759895,0.077788401,0.030230862,-0.011580398,-0.973905368,0.224633753,2982,1709437003.294536591,727314,1709436963.991077423
3481,1709437003.492351532,7.536960539,-3.909727221,0.082363371,0.023462012,-0.010449554,-0.973925208,0.225410803,2906,1709437003.393553495,727314,1709436963.991077423
3482,1709437003.591068983,7.458059339,-3.931082432,0.079833662,0.027553553,-0.018076759,-0.973857458,0.224756945,2900,1709437003.492351532,727314,1709436963.991077423
3483,1709437003.695096970,7.363579418,-3.955477814,0.081992948,0.041398336,-0.014871900,-0.974043296,0.222046529,2960,1709437003.591068983,727314,1709436963.991077423
3484,1709437003.793669224,7.282477913,-3.991910780,0.088345961,0.028835515,-0.012349284,-0.974153175,0.223699798,3001,1709437003.695096970,727314,1709436963.991077423
3485,1709437003.892293215,7.185417997,-4.021369379,0.087312908,0.029065967,-0.013138646,-0.974655086,0.221427210,2972,1709437003.793669224,727314,1709436963.991077423
3486,1709437003.990897179,7.096037689,-4.074669484,0.089810917,0.025777706,-0.009037919,-0.975010253,0.220474110,2979,1709437003.892293215,727314,1709436963.991077423
3487,1709437004.094490528,7.005158545,-4.136269913,0.081685112,0.031089547,0.001621103,-0.974933759,0.220306552,2981,1709437003.990897179,727314,1709436963.991077423
3488,1709437004.195120335,6.919898383,-4.182677577,0.084893851,0.027135944,-0.007445316,-0.975707118,0.217264418,3022,1709437004.094490528,727314,1709436963.991077423
3489,1709437004.294650316,6.839802810,-4.232735440,0.075681207,0.017970298,-0.010804692,-0.976505908,0.214468035,3068,1709437004.195120335,727314,1709436963.991077423
3490,1709437004.393870354,6.752585891,-4.289873038,0.068332354,0.030105734,-0.001666481,-0.976559429,0.213125665,2959,1709437004.294650316,727314,1709436963.991077423
3491,1709437004.494617939,6.668207305,-4.342422530,0.068593031,0.033310816,-0.003111876,-0.978038649,0.205720942,2910,1709437004.393870354,727314,1709436963.991077423
3492,1709437004.594456911,6.578332156,-4.371821248,0.080810323,0.032196040,0.000989742,-0.979958029,0.196582542,2928,1709437004.494617939,727314,1709436963.991077423
3493,1709437004.693357706,6.483958494,-4.378840489,0.080362318,0.028386624,0.002267211,-0.981916538,0.187160282,3018,1709437004.594456911,727314,1709436963.991077423
3494,1709437004.792042732,6.377549348,-4.378189092,0.071843594,0.039042708,-0.003859609,-0.982990010,0.179419652,2920,1709437004.693357706,727314,1709436963.991077423
3495,1709437004.890826702,6.282777711,-4.382632940,0.068846078,0.040079971,0.001505790,-0.985220933,0.166526397,2896,1709437004.792042732,727314,1709436963.991077423
3496,1709437004.994611502,6.205162184,-4.393629561,0.070853710,0.032756908,0.008249962,-0.987376445,0.154747143,2929,1709437004.890826702,727314,1709436963.991077423
3497,1709437005.093476295,6.137718936,-4.395949267,0.071295460,0.031704137,-0.003665848,-0.989052629,0.144070491,3034,1709437004.994611502,727314,1709436963.991077423
3498,1709437005.192084789,6.064316200,-4.383672062,0.067355629,0.028145696,-0.010378442,-0.990916136,0.131092791,2950,1709437005.093476295,727314,1709436963.991077423
3499,1709437005.290704250,5.997953089,-4.398682070,0.068353293,0.026376089,-0.001032629,-0.992628968,0.118283420,2933,1709437005.192084789,727314,1709436963.991077423
3500,1709437005.394798756,5.927384230,-4.429583386,0.077339411,0.024086204,0.011528195,-0.994301887,0.103202292,2908,1709437005.290704250,727314,1709436963.991077423
3501,1709437005.494640350,5.840214108,-4.445433395,0.076796555,0.028029028,0.018502948,-0.995298161,0.090849240,2968,1709437005.394798756,727314,1709436963.991077423
3502,1709437005.594471931,5.770600583,-4.455387426,0.072700932,0.022627352,0.013151475,-0.996936269,0.073709680,2930,1709437005.494640350,727314,1709436963.991077423
3503,1709437005.694863558,5.686616896,-4.438155230,0.068037821,0.031442681,0.004250719,-0.997591723,0.061676933,2932,1709437005.594471931,727314,1709436963.991077423
3504,1709437005.794935226,5.618772801,-4.424832709,0.064760037,0.021030671,-0.005074864,-0.998514864,0.050000233,2849,1709437005.694863558,727314,1709436963.991077423
3505,1709437005.894467354,5.545457568,-4.414590371,0.064701363,0.022337667,-0.008859889,-0.999043251,0.036539206,2871,1709437005.794935226,727314,1709436963.991077423
3506,1709437005.993249178,5.466218135,-4.427917675,0.072026463,0.024928513,-0.000119992,-0.999276222,0.028733045,2891,1709437005.894467354,727314,1709436963.991077423
3507,1709437006.092193604,5.404265018,-4.449839057,0.081123704,0.016723614,0.009855619,-0.999690916,0.015532549,2838,1709437005.993249178,727314,1709436963.991077423
3508,1709437006.195090771,5.340153314,-4.485350042,0.090480827,0.025242834,0.015053288,-0.999518649,0.009933209,2832,1709437006.092193604,727314,1709436963.991077423
3509,1709437006.294240952,5.284963743,-4.486785347,0.094632215,0.018763037,0.008663785,-0.999777753,0.004163137,2859,1709437006.195090771,727314,1709436963.991077423
3510,1709437006.392915010,5.218553440,-4.460007939,0.078528697,0.019075956,-0.005648384,-0.999798628,0.002628102,2892,1709437006.294240952,727314,1709436963.991077423
3511,1709437006.491598606,5.163733484,-4.457858176,0.077100045,0.021983271,-0.007140790,-0.999722995,-0.004435946,2814,1709437006.392915010,727314,1709436963.991077423
3512,1709437006.590219021,5.103125049,-4.468246843,0.079120767,0.021614863,0.001879088,-0.999728514,-0.008495011,2804,1709437006.491598606,727314,1709436963.991077423
3513,1709437006.695090294,5.028480500,-4.482576438,0.079208481,0.026350205,0.002920506,-0.999587052,-0.011084388,2797,1709437006.590219021,727314,1709436963.991077423
3514,1709437006.794936895,4.955660662,-4.471430948,0.074101266,0.025564013,-0.003618794,-0.999506307,-0.017903265,2846,1709437006.695090294,727314,1709436963.991077423
3515,1709437006.894781590,4.882483936,-4.452488355,0.068871444,0.024729983,-0.006966116,-0.999350024,-0.025286948,2888,1709437006.794936895,727314,1709436963.991077423
3516,1709437006.994591236,4.807608419,-4.448546151,0.069490124,0.025511024,-0.009308638,-0.999161896,-0.030627494,2833,1709437006.894781590,727314,1709436963.991077423
3517,1709437007.094445467,4.728938350,-4.438783454,0.073007086,0.022376784,-0.009141251,-0.998959795,-0.038665813,2749,1709437006.994591236,727314,1709436963.991077423
3518,1709437007.194291353,4.650338133,-4.419267584,0.078441386,0.026325723,-0.008520691,-0.998561742,-0.045921696,2851,1709437007.094445467,727314,1709436963.991077423
3519,1709437007.293158054,4.583184880,-4.402756943,0.078993537,0.021085823,-0.010684848,-0.998214214,-0.054859866,2771,1709437007.194291353,727314,1709436963.991077423
3520,1709437007.392062187,4.510176931,-4.389231168,0.076094923,0.018575010,-0.007950204,-0.997878471,-0.061889589,2803,1709437007.293158054,727314,1709436963.991077423
3521,1709437007.494604588,4.442651421,-4.387942680,0.075483030,0.019709821,-0.002420775,-0.997895800,-0.061722242,2783,1709437007.392062187,727314,1709436963.991077423
3522,1709437007.594191551,4.368753588,-4.364554668,0.068076901,0.021034143,-0.008466871,-0.997803030,-0.062249424,2852,1709437007.494604588,727314,1709436963.991077423
3523,1709437007.692543745,4.302676235,-4.328340250,0.065219628,0.019678124,-0.018180049,-0.997581448,-0.064136672,2869,1709437007.594191551,727314,1709436963.991077423
3524,1709437007.791264534,4.233118995,-4.309110904,0.060765784,0.026130885,-0.016622502,-0.997240681,-0.067467724,2819,1709437007.692543745,727314,1709436963.991077423
3525,1709437007.894786119,4.168417286,-4.311747407,0.065091384,0.026888316,-0.010415903,-0.996839634,-0.074022102,2805,1709437007.791264534,727314,1709436963.991077423
3526,1709437007.994627714,4.106083765,-4.301958080,0.067257478,0.027525628,-0.009206650,-0.996579320,-0.077377229,2822,1709437007.894786119,727314,1709436963.991077423
3527,1709437008.094464064,4.046385246,-4.285993456,0.064477179,0.029373019,-0.018168169,-0.996357308,-0.077969597,2907,1709437007.994627714,727314,1709436963.991077423
3528,1709437008.195107222,3.969546282,-4.281497020,0.066725633,0.030287200,-0.022188964,-0.996068002,-0.080242579,2894,1709437008.094464064,727314,1709436963.991077423
3529,1709437008.294938326,3.898047305,-4.278746036,0.066877924,0.028296169,-0.013913169,-0.995825845,-0.085654168,2843,1709437008.195107222,727314,1709436963.991077423
3530,1709437008.394774199,3.807644523,-4.274674029,0.067702531,0.034381324,-0.012308491,-0.995514867,-0.087272991,2877,1709437008.294938326,727314,1709436963.991077423
3531,1709437008.494096994,3.729336455,-4.259084865,0.058381001,0.029208698,-0.016303061,-0.995256175,-0.091357585,2943,1709437008.394774199,727314,1709436963.991077423
3532,1709437008.592974663,3.658063413,-4.228716224,0.054862381,0.032416612,-0.018565902,-0.994499310,-0.097854959,2902,1709437008.494096994,727314,1709436963.991077423
3533,1709437008.691903591,3.592711231,-4.203927870,0.047518254,0.029081512,-0.020416299,-0.993967278,-0.103761699,2911,1709437008.592974663,727314,1709436963.991077423
3534,1709437008.794901848,3.511068656,-4.161596836,0.046934662,0.032434606,-0.020876620,-0.993559724,-0.106542190,2890,1709437008.691903591,727314,1709436963.991077423
3535,1709437008.893743753,3.441142274,-4.146376586,0.046537454,0.032162759,-0.022392648,-0.993627800,-0.105678391,2962,1709437008.794901848,727314,1709436963.991077423
3536,1709437008.992417812,3.362853816,-4.122725153,0.041954555,0.039578261,-0.023457438,-0.992849476,-0.110150932,2910,1709437008.893743753,727314,1709436963.991077423
3537,1709437009.091363668,3.300021495,-4.111856151,0.041025917,0.034605978,-0.019029377,-0.992878897,-0.112391302,2871,1709437008.992417812,727314,1709436963.991077423
3538,1709437009.195049524,3.235490966,-4.098094203,0.043726044,0.038050775,-0.017809448,-0.992689196,-0.113150884,2857,1709437009.091363668,727314,1709436963.991077423
3539,1709437009.294652224,3.178577109,-4.098079038,0.049769425,0.032588283,-0.013213015,-0.993124789,-0.111653815,2924,1709437009.195049524,727314,1709436963.991077423
3540,1709437009.394742966,3.141837948,-4.087728311,0.053478513,0.024945023,-0.019624167,-0.993169781,-0.112278329,2925,1709437009.294652224,727314,1709436963.991077423
3541,1709437009.494579315,3.103384027,-4.081237505,0.054140245,0.022722089,-0.021460355,-0.992944907,-0.114383438,2810,1709437009.394742966,727314,1709436963.991077423
3542,1709437009.594811678,3.043159603,-4.085386702,0.057007239,0.022030604,-0.011371992,-0.992467743,-0.119971284,2905,1709437009.494579315,727314,1709436963.991077423
3543,1709437009.694640398,2.981629449,-4.058383200,0.059113006,0.025811565,-0.011126953,-0.992061930,-0.122568681,2932,1709437009.594811678,727314,1709436963.991077423
3544,1709437009.794129372,2.920640397,-4.023708441,0.051442666,0.021752715,-0.020604062,-0.991228826,-0.128715607,2965,1709437009.694640398,727314,1709436963.991077423
3545,1709437009.893095255,2.872828318,-3.991962121,0.045140054,0.017708335,-0.022976346,-0.990130664,-0.137112254,2923,1709437009.794129372,727314,1709436963.991077423
3546,1709437009.994958639,2.812130082,-3.998987493,0.048488311,0.016069806,-0.017709308,-0.988993980,-0.146010443,2879,1709437009.893095255,727314,1709436963.991077423
3547,1709437010.094678879,2.765993731,-3.985376690,0.048781537,0.016105042,-0.010743203,-0.987483870,-0.156527374,2896,1709437009.994958639,727314,1709436963.991077423
3548,1709437010.193371058,2.710276129,-3.964170839,0.052638557,0.023617697,-0.005231725,-0.986606092,-0.161317241,2934,1709437010.094678879,727314,1709436963.991077423
3549,1709437010.292150497,2.656520546,-3.946029317,0.050276185,0.021246728,-0.012617095,-0.986362625,-0.162721102,2850,1709437010.193371058,727314,1709436963.991077423
3550,1709437010.390792131,2.594938377,-3.909788497,0.048150551,0.025887642,-0.016722650,-0.985413221,-0.167364771,2818,1709437010.292150497,727314,1709436963.991077423
3551,1709437010.494940996,2.528112209,-3.893282056,0.046842246,0.025131050,-0.009812763,-0.984678429,-0.172280385,2862,1709437010.390792131,727314,1709436963.991077423
3552,1709437010.594154358,2.468041953,-3.879755989,0.044497029,0.022017878,-0.007931284,-0.985340368,-0.168987177,2907,1709437010.494940996,727314,1709436963.991077423
3553,1709437010.692644835,2.402421652,-3.840603990,0.040392017,0.023447001,-0.021614840,-0.985513922,-0.166569347,2858,1709437010.594154358,727314,1709436963.991077423
3554,1709437010.794469833,2.341055733,-3.800831301,0.035615040,0.017764723,-0.032441709,-0.984892650,-0.169169789,2870,1709437010.692644835,727314,1709436963.991077423
3555,1709437010.895110369,2.270115374,-3.778371218,0.042362435,0.017611015,-0.027869287,-0.984297149,-0.173413603,2931,1709437010.794469833,727314,1709436963.991077423
3556,1709437010.994927883,2.205953669,-3.745635619,0.036706099,0.016924668,-0.030536848,-0.985315361,-0.167136758,2971,1709437010.895110369,727314,1709436963.991077423
3557,1709437011.094049931,2.130874992,-3.715284513,0.030861543,0.021031287,-0.043075142,-0.984975863,-0.165905898,2976,1709437010.994927883,727314,1709436963.991077423
3558,1709437011.193005800,2.064156345,-3.669677730,0.026946357,0.015849488,-0.045769022,-0.983337428,-0.175218418,2886,1709437011.094049931,727314,1709436963.991077423
3559,1709437011.292043209,1.977852047,-3.658358752,0.022133887,0.027859342,-0.033620885,-0.980612462,-0.191030604,2861,1709437011.193005800,727314,1709436963.991077423
3560,1709437011.394532204,1.890590744,-3.634162126,0.028136805,0.031428538,-0.019920738,-0.980529758,-0.192812877,2898,1709437011.292043209,727314,1709436963.991077423
3561,1709437011.493200541,1.795366095,-3.602076427,0.025534966,0.037843536,-0.023875616,-0.980062286,-0.193586509,2953,1709437011.394532204,727314,1709436963.991077423
3562,1709437011.591951370,1.707811447,-3.553732290,0.027836362,0.040462764,-0.020017207,-0.979300332,-0.197314307,2869,1709437011.493200541,727314,1709436963.991077423
3563,1709437011.690687656,1.631635717,-3.531621647,0.029374477,0.041194467,-0.011220281,-0.978926159,-0.199701516,2894,1709437011.591951370,727314,1709436963.991077423
3564,1709437011.794430971,1.561356441,-3.502955755,0.030758764,0.039409951,-0.010249411,-0.980710146,-0.191179013,2888,1709437011.690687656,727314,1709436963.991077423
3565,1709437011.893545151,1.504467752,-3.468010881,0.020978999,0.035142498,-0.014868091,-0.980843451,-0.191023740,3002,1709437011.794430971,727314,1709436963.991077423
3566,1709437011.992138624,1.452798853,-3.445225255,0.015468731,0.036468887,-0.011541547,-0.981283389,-0.188731882,2920,1709437011.893545151,727314,1709436963.991077423
3567,1709437012.094758272,1.392274753,-3.434700411,0.022809349,0.031015023,-0.001773664,-0.981527477,-0.188782241,2936,1709437011.992138624,727314,1709436963.991077423
3568,1709437012.194605589,1.342043690,-3.420625121,0.025978751,0.019079646,0.003794385,-0.981743456,-0.189212464,3002,1709437012.094758272,727314,1709436963.991077423
3569,1709437012.294461250,1.293906928,-3.384346641,0.022770535,0.021739267,0.000346612,-0.982111958,-0.187038460,2984,1709437012.194605589,727314,1709436963.991077423
3570,1709437012.394455910,1.244481780,-3.376573791,0.024798709,0.014938515,0.001093211,-0.982653554,-0.184844903,3008,1709437012.294461250,727314,1709436963.991077423
3571,1709437012.493503332,1.169260420,-3.346318208,0.016880628,0.021867353,0.004803926,-0.981809305,-0.188545033,2889,1709437012.394455910,727314,1709436963.991077423
3572,1709437012.594795227,1.095201904,-3.347948795,0.022355239,0.020621709,0.011346955,-0.982312951,-0.185761291,2859,1709437012.493503332,727314,1709436963.991077423
3573,1709437012.694096088,1.020601946,-3.335028731,0.018136789,0.019355116,0.008420183,-0.982761105,-0.183671147,2913,1709437012.594795227,727314,1709436963.991077423
3574,1709437012.792890310,0.952700557,-3.311605664,0.016592490,0.018441751,0.004898844,-0.982547095,-0.185032723,2880,1709437012.694096088,727314,1709436963.991077423
3575,1709437012.891553164,0.883652832,-3.295421158,0.019567959,0.024109122,0.008334348,-0.981780039,-0.188300939,2853,1709437012.792890310,727314,1709436963.991077423
3576,1709437012.994934797,0.807590856,-3.294691143,0.022605130,0.029222858,0.015591315,-0.982474236,-0.183432037,2853,1709437012.891553164,727314,1709436963.991077423
3577,1709437013.094669819,0.753078898,-3.243315664,0.020599688,0.027466008,0.005402162,-0.983191061,-0.180421097,2951,1709437012.994934797,727314,1709436963.991077423
3578,1709437013.193279505,0.706030969,-3.186944646,0.015734968,0.025257542,-0.000799703,-0.983395762,-0.179705852,3037,1709437013.094669819,727314,1709436963.991077423
3579,1709437013.291897535,0.646092502,-3.148907205,0.019167350,0.025103564,0.001201301,-0.983630168,-0.178437833,2959,1709437013.193279505,727314,1709436963.991077423
3580,1709437013.395096064,0.569215357,-3.123836267,0.024940017,0.028882013,0.009818521,-0.984391177,-0.173330428,2985,1709437013.291897535,727314,1709436963.991077423
3581,1709437013.494941235,0.493011824,-3.091452514,0.010774409,0.025043026,0.005490527,-0.985313869,-0.168817301,3043,1709437013.395096064,727314,1709436963.991077423
3582,1709437013.594779015,0.429287723,-3.043775896,-0.000793006,0.022263713,-0.008448022,-0.987257656,-0.157338104,3022,1709437013.494941235,727314,1709436963.991077423
3583,1709437013.694461346,0.348080272,-3.015178506,-0.001014603,0.025400124,-0.012597158,-0.988010723,-0.151759537,2990,1709437013.594779015,727314,1709436963.991077423
3584,1709437013.793694496,0.259994350,-3.006913149,0.005016120,0.024843856,-0.004879146,-0.988772724,-0.147266689,2956,1709437013.694461346,727314,1709436963.991077423
3585,1709437013.895123720,0.154625846,-2.983703494,0.005579747,0.031872233,-0.000659192,-0.989247487,-0.142734493,2887,1709437013.793694496,727314,1709436963.991077423
3586,1709437013.994189262,0.056589747,-2.960413536,0.010266927,0.028553962,0.001884886,-0.989906651,-0.138801802,3001,1709437013.895123720,727314,1709436963.991077423
3587,1709437014.092622280,-0.040884903,-2.923568407,0.005596659,0.028223405,-0.001247125,-0.990568253,-0.134076171,2943,1709437013.994189262,727314,1709436963.991077423
3588,1709437014.191348314,-0.146386770,-2.893570256,0.001166870,0.026565859,-0.006331117,-0.990973150,-0.131249338,2911,1709437014.092622280,727314,1709436963.991077423
3589,1709437014.290131569,-0.255434455,-2.868027049,-0.005634634,0.028957552,-0.008964556,-0.991345912,-0.127727757,2915,1709437014.191348314,727314,1709436963.991077423
3590,1709437014.394245625,-0.372180786,-2.836080129,-0.012389709,0.029230092,-0.011189012,-0.991410702,-0.126985147,2950,1709437014.290131569,727314,1709436963.991077423
3591,1709437014.492848396,-0.471487649,-2.809341505,-0.013929805,0.033614723,-0.004423373,-0.991022167,-0.129327291,2924,1709437014.394245625,727314,1709436963.991077423
3592,1709437014.591533422,-0.561188623,-2.796418862,-0.006775219,0.026018789,-0.000065501,-0.991249997,-0.129408117,2989,1709437014.492848396,727314,1709436963.991077423
3593,1709437014.694589615,-0.640505032,-2.770006694,-0.003327854,0.029550680,-0.000071492,-0.991101969,-0.129783045,2954,1709437014.591533422,727314,1709436963.991077423
3594,1709437014.794426203,-0.706465247,-2.734846258,-0.001823500,0.019957844,-0.002405125,-0.991498458,-0.128556243,2959,1709437014.694589615,727314,1709436963.991077423
3595,1709437014.895065069,-0.761560444,-2.715443693,0.005591713,0.018028870,0.001510606,-0.990887830,-0.133469045,3025,1709437014.794426203,727314,1709436963.991077423
3596,1709437014.994900703,-0.824976164,-2.710009575,0.002723704,0.017189844,0.008531190,-0.989559472,-0.142841796,2955,1709437014.895065069,727314,1709436963.991077423
3597,1709437015.094735622,-0.873061206,-2.686440590,-0.001508689,0.014489833,0.006872306,-0.988230361,-0.152130106,2859,1709437014.994900703,727314,1709436963.991077423
3598,1709437015.194579124,-0.932012760,-2.655208896,-0.006555073,0.014550228,-0.000879042,-0.987348890,-0.157891376,2920,1709437015.094735622,727314,1709436963.991077423
3599,1709437015.293544292,-0.985066501,-2.620076771,-0.012505752,0.015563440,-0.007195034,-0.986033928,-0.165659602,2897,1709437015.194579124,727314,1709436963.991077423
3600,1709437015.392537832,-1.052978711,-2.605907708,-0.018908999,0.016935197,-0.004561357,-0.985595338,-0.168208868,2846,1709437015.293544292,727314,1709436963.991077423
3601,1709437015.491182089,-1.121937406,-2.564137294,-0.019670766,0.017971858,-0.004855570,-0.985714447,-0.167393142,2895,1709437015.392537832,727314,1709436963.991077423
3602,1709437015.594742775,-1.200691869,-2.535046984,-0.012425747,0.022223655,-0.008097141,-0.985055725,-0.170604116,2937,1709437015.491182089,727314,1709436963.991077423
3603,1709437015.693938971,-1.286588321,-2.518512364,-0.011488951,0.025266848,0.001461964,-0.984773540,-0.171989893,3010,1709437015.594742775,727314,1709436963.991077423
3604,1709437015.792583227,-1.368157887,-2.488416731,-0.010438625,0.023148504,0.000556798,-0.984543285,-0.173604025,3032,1709437015.693938971,727314,1709436963.991077423
3605,1709437015.891171217,-1.429598008,-2.460613172,-0.010186693,0.027784031,-0.007759942,-0.983996402,-0.175837740,3027,1709437015.792583227,727314,1709436963.991077423
3606,1709437015.994465113,-1.482397704,-2.428189093,-0.007355707,0.026292791,-0.012842407,-0.984282976,-0.174157358,2996,1709437015.891171217,727314,1709436963.991077423
3607,1709437016.095103979,-1.530602359,-2.405534330,-0.011423961,0.028918621,-0.014632309,-0.983305654,-0.179051947,3006,1709437015.994465113,727314,1709436963.991077423
3608,1709437016.194936037,-1.576127037,-2.402383963,-0.011449439,0.026816790,-0.009690481,-0.982169362,-0.185823301,3064,1709437016.095103979,727314,1709436963.991077423
3609,1709437016.294773102,-1.617236162,-2.364657982,-0.010423308,0.031219477,-0.010401667,-0.980372840,-0.194386842,3012,1709437016.194936037,727314,1709436963.991077423
3610,1709437016.394622087,-1.659394576,-2.324171276,-0.017665810,0.027909144,-0.017462399,-0.977826938,-0.206810599,2954,1709437016.294773102,727314,1709436963.991077423
3611,1709437016.494459867,-1.702337114,-2.305829010,-0.015723211,0.032494307,-0.015427493,-0.974824168,-0.220054432,3071,1709437016.394622087,727314,1709436963.991077423
3612,1709437016.593619585,-1.752161753,-2.280531452,-0.023549649,0.039101194,-0.014593379,-0.972277475,-0.230075297,3068,1709437016.494459867,727314,1709436963.991077423
3613,1709437016.692560196,-1.795803410,-2.254633925,-0.028427685,0.036801453,-0.022722110,-0.969663784,-0.240585755,3017,1709437016.593619585,727314,1709436963.991077423
3614,1709437016.791512012,-1.830104384,-2.212577274,-0.032828417,0.036759831,-0.032115436,-0.967283731,-0.248956817,2973,1709437016.692560196,727314,1709436963.991077423
3615,1709437016.894628525,-1.861436062,-2.174013959,-0.040752112,0.037128412,-0.031773252,-0.965486208,-0.255828699,3026,1709437016.791512012,727314,1709436963.991077423
3616,1709437016.993447065,-1.908693864,-2.157249314,-0.043515019,0.036686346,-0.034014068,-0.963960414,-0.261299589,3123,1709437016.894628525,727314,1709436963.991077423
3617,1709437017.092099190,-1.937014797,-2.124152023,-0.048133356,0.031557326,-0.038750211,-0.961906045,-0.268773727,3040,1709437016.993447065,727314,1709436963.991077423
3618,1709437017.190769196,-1.957517048,-2.098496568,-0.056686847,0.027239332,-0.042303159,-0.959641178,-0.276689847,2979,1709437017.092099190,727314,1709436963.991077423
3619,1709437017.294780254,-1.988921948,-2.089251199,-0.052691068,0.027464103,-0.033766924,-0.958208493,-0.282740168,2993,1709437017.190769196,727314,1709436963.991077423
3620,1709437017.394626379,-2.032870793,-2.057380343,-0.053773257,0.025655600,-0.032522411,-0.957271795,-0.286207605,3031,1709437017.294780254,727314,1709436963.991077423
3621,1709437017.494462490,-2.082851735,-2.000939345,-0.058319245,0.024246147,-0.041077202,-0.955730029,-0.290353059,3013,1709437017.394626379,727314,1709436963.991077423
3622,1709437017.595103025,-2.147522776,-1.946727147,-0.061401076,0.025159791,-0.041901044,-0.954645317,-0.293706668,2979,1709437017.494462490,727314,1709436963.991077423
3623,1709437017.694936991,-2.230747265,-1.903675017,-0.062401458,0.021193925,-0.032166226,-0.952359411,-0.302535458,2959,1709437017.595103025,727314,1709436963.991077423
3624,1709437017.794538260,-2.320427834,-1.845053772,-0.059071177,0.023572592,-0.021361847,-0.951295784,-0.306633880,3002,1709437017.694936991,727314,1709436963.991077423
3625,1709437017.893509150,-2.419694868,-1.767932203,-0.053414745,0.028378171,-0.022765965,-0.950401186,-0.308891528,3016,1709437017.794538260,727314,1709436963.991077423
3626,1709437017.992347002,-2.488265647,-1.707132543,-0.049792961,0.020871442,-0.018894259,-0.945478207,-0.324466253,2863,1709437017.893509150,727314,1709436963.991077423
3627,1709437018.095087528,-2.550513292,-1.637244130,-0.042461348,0.017715886,-0.011111574,-0.937577994,-0.347145769,2741,1709437017.992347002,727314,1709436963.991077423
3628,1709437018.194677591,-2.604616078,-1.577640519,-0.041292870,0.016212968,-0.009224694,-0.930404479,-0.366059491,2755,1709437018.095087528,727314,1709436963.991077423
3629,1709437018.293311119,-2.650850022,-1.534057184,-0.042490772,0.017070365,-0.012238135,-0.924270506,-0.381159892,2790,1709437018.194677591,727314,1709436963.991077423
3630,1709437018.392016649,-2.689455886,-1.493221090,-0.047376450,0.012514988,-0.006893739,-0.919416630,-0.393025333,2750,1709437018.293311119,727314,1709436963.991077423
3631,1709437018.490303040,-2.715980301,-1.454574076,-0.055037626,0.011811355,-0.011475208,-0.915705949,-0.401511427,2717,1709437018.392016649,727314,1709436963.991077423
3632,1709437018.595076799,-2.749675091,-1.413621840,-0.061710255,0.013593373,-0.014522435,-0.911575556,-0.410651099,2720,1709437018.490303040,727314,1709436963.991077423
3633,1709437018.693719625,-2.781261536,-1.374407788,-0.065464750,0.017251208,-0.008857332,-0.908084092,-0.418338649,2741,1709437018.595076799,727314,1709436963.991077423
3634,1709437018.794762850,-2.806398881,-1.335117637,-0.070403766,0.015909557,-0.008803885,-0.904306594,-0.426496146,2638,1709437018.693719625,727314,1709436963.991077423
3635,1709437018.894612312,-2.832785931,-1.285290651,-0.070506748,0.018153027,-0.014792252,-0.900772310,-0.433659892,2659,1709437018.794762850,727314,1709436963.991077423
3636,1709437018.994460583,-2.876281631,-1.248463935,-0.073863005,0.023732075,-0.018006745,-0.895323454,-0.444419237,2706,1709437018.894612312,727314,1709436963.991077423
3637,1709437019.094615698,-2.914410548,-1.191572743,-0.072668168,0.030477859,-0.015776468,-0.888854951,-0.456901607,2724,1709437018.994460583,727314,1709436963.991077423
3638,1709437019.193562984,-2.945572424,-1.126653724,-0.073947023,0.035197655,-0.017796816,-0.882599726,-0.468467845,2726,1709437019.094615698,727314,1709436963.991077423
3639,1709437019.294775486,-2.987891261,-1.041218850,-0.080819096,0.036884487,-0.031126794,-0.875107345,-0.481516139,2733,1709437019.193562984,727314,1709436963.991077423
3640,1709437019.394633770,-3.029276687,-0.955936376,-0.087323429,0.040993353,-0.035345329,-0.866522262,-0.496194944,2687,1709437019.294775486,727314,1709436963.991077423
3641,1709437019.494138241,-3.084992020,-0.893128304,-0.088775779,0.037397464,-0.032385871,-0.856855463,-0.513177649,2798,1709437019.394633770,727314,1709436963.991077423
3642,1709437019.592775106,-3.105414684,-0.813830300,-0.089585431,0.038026619,-0.035225128,-0.849711457,-0.524693821,2807,1709437019.494138241,727314,1709436963.991077423
3643,1709437019.691495419,-3.130569460,-0.746618622,-0.094126933,0.031407444,-0.032779959,-0.845220135,-0.532486591,2770,1709437019.592775106,727314,1709436963.991077423
3644,1709437019.794778109,-3.171322463,-0.673060205,-0.094451581,0.030091334,-0.035470034,-0.844110637,-0.534147564,2779,1709437019.691495419,727314,1709436963.991077423
3645,1709437019.894609451,-3.197209262,-0.607702564,-0.097417260,0.020888887,-0.036445016,-0.843755636,-0.535081154,2812,1709437019.794778109,727314,1709436963.991077423
3646,1709437019.993567705,-3.220358208,-0.548461733,-0.100589757,0.017256149,-0.036001293,-0.842950223,-0.536508205,2920,1709437019.894609451,727314,1709436963.991077423
3647,1709437020.095094204,-3.226977685,-0.495509971,-0.103489106,0.012874802,-0.037930156,-0.843099791,-0.536263260,2822,1709437019.993567705,727314,1709436963.991077423
3648,1709437020.194930792,-3.261464575,-0.460793821,-0.105549242,0.012949938,-0.040151003,-0.842710848,-0.536710930,2879,1709437020.095094204,727314,1709436963.991077423
3649,1709437020.294765472,-3.267852737,-0.413828932,-0.112095295,0.015332260,-0.037387125,-0.842305892,-0.537482938,2897,1709437020.194930792,727314,1709436963.991077423
3650,1709437020.394502401,-3.275681520,-0.373169464,-0.114285830,0.011630381,-0.038538745,-0.842280081,-0.537534897,2970,1709437020.294765472,727314,1709436963.991077423
3651,1709437020.493426085,-3.289666400,-0.325055840,-0.112672384,0.014928392,-0.034430805,-0.841697969,-0.538642917,2980,1709437020.394502401,727314,1709436963.991077423
3652,1709437020.594140530,-3.301132664,-0.289791422,-0.104803442,0.017543890,-0.026970567,-0.841496200,-0.539304131,2932,1709437020.493426085,727314,1709436963.991077423
3653,1709437020.694886923,-3.322896598,-0.242104021,-0.107365316,0.015762712,-0.026705911,-0.841512230,-0.539347288,2943,1709437020.594140530,727314,1709436963.991077423
3654,1709437020.793984652,-3.346628383,-0.180261998,-0.107193244,0.014116727,-0.026936292,-0.840777061,-0.540526677,2991,1709437020.694886923,727314,1709436963.991077423
3655,1709437020.892656803,-3.380824023,-0.121561426,-0.111107100,0.017271488,-0.027197253,-0.840346104,-0.541091887,2944,1709437020.793984652,727314,1709436963.991077423
3656,1709437020.991344929,-3.397698886,-0.054096262,-0.117693563,0.015171066,-0.029357161,-0.839735960,-0.541988480,2900,1709437020.892656803,727314,1709436963.991077423
3657,1709437021.094671011,-3.442667011,0.020972144,-0.132565112,0.021080857,-0.038227344,-0.839604457,-0.541441247,2918,1709437020.991344929,727314,1709436963.991077423
3658,1709437021.194451332,-3.454018057,0.097422731,-0.133598658,0.020644084,-0.040376532,-0.838213208,-0.543453931,2917,1709437021.094671011,727314,1709436963.991077423
3659,1709437021.293201447,-3.469811391,0.177930315,-0.138338000,0.026047852,-0.041973881,-0.837753184,-0.543809990,3027,1709437021.194451332,727314,1709436963.991077423
3660,1709437021.394548655,-3.510565525,0.246417102,-0.135951756,0.032213687,-0.037826705,-0.836573174,-0.545597602,2958,1709437021.293201447,727314,1709436963.991077423
3661,1709437021.494808674,-3.555054596,0.310122421,-0.132786940,0.042772668,-0.033452076,-0.835242243,-0.547194529,2986,1709437021.394548655,727314,1709436963.991077423
3662,1709437021.594666004,-3.566362218,0.372813109,-0.135375934,0.038067905,-0.038401496,-0.831303418,-0.553182418,3072,1709437021.494808674,727314,1709436963.991077423
3663,1709437021.694491386,-3.572383342,0.428279747,-0.136799138,0.035693033,-0.039240787,-0.826485041,-0.560453964,3039,1709437021.594666004,727314,1709436963.991077423
3664,1709437021.794946909,-3.586266339,0.469327033,-0.135270519,0.034607966,-0.038503609,-0.823042134,-0.565615953,3086,1709437021.694491386,727314,1709436963.991077423
3665,1709437021.894974947,-3.601051877,0.510785144,-0.137161606,0.030648401,-0.035758720,-0.822670549,-0.566564346,3020,1709437021.794946909,727314,1709436963.991077423
3666,1709437021.994826555,-3.609172377,0.541812271,-0.139380888,0.025743987,-0.033156122,-0.822879868,-0.566662722,2980,1709437021.894974947,727314,1709436963.991077423
3667,1709437022.093620777,-3.620644581,0.572456392,-0.142663241,0.024858447,-0.031461196,-0.822173176,-0.567823493,3059,1709437021.994826555,727314,1709436963.991077423
3668,1709437022.192357540,-3.632459894,0.603926871,-0.145948224,0.021980622,-0.024907080,-0.822454986,-0.567859389,2971,1709437022.093620777,727314,1709436963.991077423
3669,1709437022.291131258,-3.639091994,0.641292258,-0.148313180,0.018063029,-0.025488757,-0.822934442,-0.567276788,3020,1709437022.192357540,727314,1709436963.991077423
3670,1709437022.394985199,-3.643927018,0.677915126,-0.149159490,0.011789834,-0.023717228,-0.821173545,-0.570063595,3026,1709437022.291131258,727314,1709436963.991077423
3671,1709437022.493984461,-3.675311516,0.712706172,-0.145801656,0.012615238,-0.015149816,-0.816939707,-0.576386029,3083,1709437022.394985199,727314,1709436963.991077423
3672,1709437022.592526913,-3.707745538,0.749482648,-0.143538743,0.016635589,-0.002303205,-0.813550483,-0.581251722,3043,1709437022.493984461,727314,1709436963.991077423
3673,1709437022.692490101,-3.724623459,0.797693275,-0.140513452,0.013593067,-0.004834792,-0.814302584,-0.580261281,3061,1709437022.592526913,727314,1709436963.991077423
3674,1709437022.794766903,-3.753131908,0.842213204,-0.133541698,0.009082940,-0.007212454,-0.814717306,-0.579742349,3044,1709437022.692490101,727314,1709436963.991077423
3675,1709437022.894598246,-3.774920519,0.879975048,-0.139497343,0.007207753,-0.009338074,-0.814510062,-0.580029488,3120,1709437022.794766903,727314,1709436963.991077423
3676,1709437022.994365215,-3.780488019,0.931574368,-0.141945377,0.003735422,-0.010960042,-0.814740277,-0.579710450,3132,1709437022.894598246,727314,1709436963.991077423
3677,1709437023.094704628,-3.795641883,0.978863510,-0.143451822,0.002513138,-0.015659104,-0.813818289,-0.580902977,3100,1709437022.994365215,727314,1709436963.991077423
3678,1709437023.194873333,-3.810631325,1.028752656,-0.135133314,0.003046531,-0.014338330,-0.814129254,-0.580498655,3038,1709437023.094704628,727314,1709436963.991077423
3679,1709437023.294727087,-3.815104213,1.079040726,-0.143211206,0.000926885,-0.015615523,-0.813787095,-0.580952546,2973,1709437023.194873333,727314,1709436963.991077423
3680,1709437023.393592119,-3.814276148,1.123930217,-0.148953894,0.001060393,-0.017482706,-0.814620469,-0.579729870,3079,1709437023.294727087,727314,1709436963.991077423
3681,1709437023.492296219,-3.827158539,1.165498878,-0.148248399,0.001856822,-0.019645979,-0.814595165,-0.579694148,2956,1709437023.393592119,727314,1709436963.991077423
3682,1709437023.591069460,-3.839143984,1.215476351,-0.149338721,0.005830067,-0.020268601,-0.813422262,-0.581291165,3008,1709437023.492296219,727314,1709436963.991077423
3683,1709437023.694468737,-3.857627386,1.251275956,-0.144992433,0.005619057,-0.015698227,-0.813054595,-0.581948638,3034,1709437023.591069460,727314,1709436963.991077423
3684,1709437023.793576241,-3.871148091,1.292730669,-0.143918810,0.006667788,-0.016631974,-0.812424388,-0.582791156,3060,1709437023.694468737,727314,1709436963.991077423
3685,1709437023.893625498,-3.881378736,1.344640525,-0.149406147,0.010304610,-0.013910002,-0.811827424,-0.583640780,3073,1709437023.793576241,727314,1709436963.991077423
3686,1709437023.992093801,-3.887470074,1.407303920,-0.149162452,0.009628447,-0.016496079,-0.812800287,-0.582229221,3071,1709437023.893625498,727314,1709436963.991077423
3687,1709437024.094633102,-3.887345796,1.462901142,-0.154984633,0.009655596,-0.024449700,-0.811821192,-0.583314096,3089,1709437023.992093801,727314,1709436963.991077423
3688,1709437024.194471598,-3.907305923,1.520746850,-0.157055251,0.011132151,-0.027355426,-0.810992999,-0.584309944,3142,1709437024.094633102,727314,1709436963.991077423
3689,1709437024.294779539,-3.925025066,1.578570710,-0.154374937,0.016299213,-0.027489230,-0.810660643,-0.584643480,3126,1709437024.194471598,727314,1709436963.991077423
3690,1709437024.394412518,-3.937995094,1.625661831,-0.149427048,0.015589561,-0.028528911,-0.811223279,-0.583832047,3067,1709437024.294779539,727314,1709436963.991077423
3691,1709437024.494806290,-3.947930117,1.648970684,-0.149366968,0.016845687,-0.031367630,-0.810329831,-0.584891323,2999,1709437024.394412518,727314,1709436963.991077423
3692,1709437024.594468594,-3.961496412,1.657005659,-0.142546341,0.017096563,-0.029616615,-0.809923150,-0.585538261,3036,1709437024.494806290,727314,1709436963.991077423
3693,1709437024.693208456,-3.976138788,1.654216972,-0.148680944,0.018076440,-0.027781901,-0.809553202,-0.586110076,3091,1709437024.594468594,727314,1709436963.991077423
3694,1709437024.791998863,-3.960015942,1.648158485,-0.150715860,0.016505104,-0.029212650,-0.810162325,-0.585244573,2978,1709437024.693208456,727314,1709436963.991077423
3695,1709437024.894956350,-3.956265727,1.634558852,-0.155462383,0.016054844,-0.028264442,-0.810130214,-0.585348101,3036,1709437024.791998863,727314,1709436963.991077423
3696,1709437024.994728804,-3.957536608,1.626593409,-0.158164447,0.015554273,-0.028639732,-0.810640375,-0.584636650,3036,1709437024.894956350,727314,1709436963.991077423
3697,1709437025.093324423,-3.974962358,1.619877494,-0.160223627,0.014939545,-0.028888977,-0.810307431,-0.585101790,3150,1709437024.994728804,727314,1709436963.991077423
3698,1709437025.193295717,-3.964146592,1.618895765,-0.164138441,0.014938644,-0.028649614,-0.810370857,-0.585025735,3064,1709437025.093324423,727314,1709436963.991077423
3699,1709437025.295100927,-3.965011690,1.621269618,-0.161613077,0.015805890,-0.028442864,-0.810275145,-0.585145594,3077,1709437025.193295717,727314,1709436963.991077423
3700,1709437025.394962072,-3.965940134,1.627604925,-0.153088692,0.015806358,-0.029051225,-0.810404675,-0.584936277,3134,1709437025.295100927,727314,1709436963.991077423
3701,1709437025.494801521,-3.965724385,1.634745170,-0.154216230,0.014860977,-0.029279241,-0.810189973,-0.585247029,3137,1709437025.394962072,727314,1709436963.991077423
3702,1709437025.594620466,-3.960105609,1.628995900,-0.156537267,0.016106095,-0.028153143,-0.810366582,-0.585024783,3114,1709437025.494801521,727314,1709436963.991077423
3703,1709437025.694178581,-3.952274901,1.635111596,-0.154167844,0.015681872,-0.028948188,-0.810432558,-0.584906104,3060,1709437025.594620466,727314,1709436963.991077423
3704,1709437025.795124054,-3.932953988,1.644683643,-0.158325775,0.015338671,-0.028804339,-0.810544475,-0.584767210,3005,1709437025.694178581,727314,1709436963.991077423
3705,1709437025.894265175,-3.936756292,1.639703915,-0.152395805,0.015723592,-0.028716536,-0.810965562,-0.584177188,3076,1709437025.795124054,727314,1709436963.991077423
3706,1709437025.993049145,-3.937366552,1.631695206,-0.153740737,0.015542960,-0.028812070,-0.810502480,-0.584819639,3034,1709437025.894265175,727314,1709436963.991077423
3707,1709437026.091900349,-3.945434223,1.631357405,-0.151128756,0.015315080,-0.029053271,-0.810621979,-0.584648067,3043,1709437025.993049145,727314,1709436963.991077423
3708,1709437026.190804243,-3.946297647,1.629638465,-0.152575808,0.015306379,-0.028950450,-0.810566691,-0.584730046,3032,1709437026.091900349,727314,1709436963.991077423
3709,1709437026.294347286,-3.953635479,1.625296680,-0.154609699,0.015877851,-0.028565898,-0.810564933,-0.584736156,3085,1709437026.190804243,727314,1709436963.991077423
3710,1709437026.394313097,-3.963766042,1.617547735,-0.149224174,0.014727999,-0.029598611,-0.810477979,-0.584835407,3077,1709437026.294347286,727314,1709436963.991077423
3711,1709437026.492834330,-3.976965003,1.620667937,-0.148373895,0.015499065,-0.029192072,-0.810448183,-0.584877204,3076,1709437026.394313097,727314,1709436963.991077423
3712,1709437026.594640732,-3.991695642,1.613635354,-0.147745445,0.015937220,-0.029059781,-0.810482666,-0.584824232,3096,1709437026.492834330,727314,1709436963.991077423
3713,1709437026.694467068,-3.997105050,1.623495085,-0.147982084,0.014201647,-0.029992702,-0.810706103,-0.584512074,3048,1709437026.594640732,727314,1709436963.991077423
3714,1709437026.795100927,-3.994381979,1.624144194,-0.147631567,0.015153059,-0.029310735,-0.810394252,-0.584955059,3130,1709437026.694467068,727314,1709436963.991077423
3715,1709437026.894922018,-3.998032139,1.627083381,-0.148575992,0.015148554,-0.029191520,-0.810327623,-0.585053433,3068,1709437026.795100927,727314,1709436963.991077423
3716,1709437026.994782209,-4.000790132,1.622304511,-0.155479952,0.015292873,-0.028804186,-0.810380223,-0.584996017,3045,1709437026.894922018,727314,1709436963.991077423
3717,1709437027.094624996,-3.987390099,1.632301780,-0.164986209,0.015666504,-0.027898797,-0.810512828,-0.584846282,3017,1709437026.994782209,727314,1709436963.991077423
3718,1709437027.194107056,-3.969331186,1.630546990,-0.164120774,0.013525179,-0.029669197,-0.810470141,-0.584871745,3097,1709437027.094624996,727314,1709436963.991077423
3719,1709437027.292966127,-3.967160548,1.630409814,-0.164290088,0.015119551,-0.028723478,-0.810165559,-0.585301741,3078,1709437027.194107056,727314,1709436963.991077423
3720,1709437027.391870975,-3.956534423,1.624537972,-0.160127643,0.016075917,-0.028358538,-0.810002474,-0.585519727,3033,1709437027.292966127,727314,1709436963.991077423
3721,1709437027.494780064,-3.942157556,1.623342537,-0.154918308,0.015706192,-0.028810535,-0.810458870,-0.584875789,3091,1709437027.391870975,727314,1709436963.991077423
3722,1709437027.593990326,-3.949472505,1.620274604,-0.156748889,0.015728916,-0.028687593,-0.810392883,-0.584972647,3106,1709437027.494780064,727314,1709436963.991077423
3723,1709437027.693858624,-3.940004640,1.619893057,-0.155384241,0.015979894,-0.028537780,-0.810547063,-0.584759520,3088,1709437027.593990326,727314,1709436963.991077423
3724,1709437027.794287920,-3.947273828,1.602040012,-0.153142403,0.015772418,-0.028738484,-0.810198359,-0.585238370,3079,1709437027.693858624,727314,1709436963.991077423
3725,1709437027.894936800,-3.952255360,1.607727662,-0.146081438,0.016305113,-0.029098082,-0.810608971,-0.584637102,3038,1709437027.794287920,727314,1709436963.991077423
3726,1709437027.994776249,-3.965067944,1.612980925,-0.146592740,0.015775562,-0.028704369,-0.810508569,-0.584810269,3078,1709437027.894936800,727314,1709436963.991077423
3727,1709437028.094614983,-3.981143299,1.616078540,-0.149257904,0.014875981,-0.029363326,-0.810252559,-0.585155784,3098,1709437027.994776249,727314,1709436963.991077423
3728,1709437028.194458485,-3.977888004,1.623602411,-0.153869149,0.015285618,-0.028853709,-0.810176463,-0.585275929,3031,1709437028.094614983,727314,1709436963.991077423
3729,1709437028.295083284,-3.972626573,1.638311984,-0.158298626,0.016002241,-0.028063500,-0.810603118,-0.584704159,3046,1709437028.194458485,727314,1709436963.991077423
3730,1709437028.394920826,-3.958707624,1.640541422,-0.161973157,0.015465057,-0.028390435,-0.810282505,-0.585147056,3105,1709437028.295083284,727314,1709436963.991077423
3731,1709437028.494032383,-3.950918739,1.637986836,-0.162098848,0.014453522,-0.029047275,-0.810154388,-0.585318050,3110,1709437028.394920826,727314,1709436963.991077423
3732,1709437028.592944145,-3.931974363,1.641358208,-0.162513903,0.015024580,-0.028713348,-0.810420040,-0.584952276,3044,1709437028.494032383,727314,1709436963.991077423
3733,1709437028.691930532,-3.932159701,1.638979440,-0.159337677,0.015789146,-0.028597080,-0.810712679,-0.584532173,3087,1709437028.592944145,727314,1709436963.991077423
3734,1709437028.795034885,-3.934199665,1.637905603,-0.158788034,0.015862111,-0.028206155,-0.810545516,-0.584780961,3048,1709437028.691930532,727314,1709436963.991077423
3735,1709437028.894892931,-3.939444002,1.644192139,-0.156453358,0.015334036,-0.028789407,-0.810574699,-0.584726171,3143,1709437028.795034885,727314,1709436963.991077423
3736,1709437028.993528605,-3.935738754,1.639116846,-0.155463474,0.015441051,-0.028812577,-0.810475996,-0.584859017,3074,1709437028.894892931,727314,1709436963.991077423
3737,1709437029.094122410,-3.939629710,1.636321736,-0.156547735,0.015690387,-0.028737435,-0.810464786,-0.584871612,3007,1709437028.993528605,911254,1709437028.993528605
3738,1709437029.194466591,-3.940889956,1.629062595,-0.160239009,0.014893935,-0.028762778,-0.810507843,-0.584831522,3027,1709437029.094122410,911254,1709437028.993528605
3739,1709437029.294257164,-3.949183598,1.631799689,-0.157319286,0.014783013,-0.029178763,-0.810537689,-0.584772364,3039,1709437029.194466591,911254,1709437028.993528605
3740,1709437029.394945621,-3.970864336,1.615964650,-0.156910404,0.016431480,-0.028136557,-0.810750038,-0.584485001,3054,1709437029.294257164,911254,1709437028.993528605
3741,1709437029.494788885,-3.975405404,1.617140016,-0.158053393,0.015436132,-0.028445855,-0.810218211,-0.585234149,3012,1709437029.394945621,911254,1709437028.993528605
3742,1709437029.594609022,-3.972987872,1.622906643,-0.156044252,0.015303277,-0.028763923,-0.810370404,-0.585011328,3124,1709437029.494788885,911254,1709437028.993528605
3743,1709437029.694427252,-3.969762372,1.626074292,-0.155163102,0.015085667,-0.028935456,-0.810201058,-0.585243033,3123,1709437029.594609022,911254,1709437028.993528605
3744,1709437029.794037580,-3.954545015,1.626311614,-0.152582720,0.016151637,-0.028687690,-0.810477386,-0.584844037,3153,1709437029.694427252,911254,1709437028.993528605
3745,1709437029.893014193,-3.962535466,1.629645345,-0.154788672,0.015348001,-0.028615879,-0.809931504,-0.585624904,3053,1709437029.794037580,911254,1709437028.993528605
3746,1709437029.992038250,-3.941900938,1.637862610,-0.152648854,0.015549922,-0.028836380,-0.810442332,-0.584901607,3037,1709437029.893014193,911254,1709437028.993528605
3747,1709437030.094583750,-3.958543295,1.632446432,-0.152753285,0.015620489,-0.028955727,-0.810234946,-0.585181081,3061,1709437029.992038250,911254,1709437028.993528605
3748,1709437030.194335938,-3.967310941,1.626064514,-0.156044927,0.015210474,-0.028862252,-0.810531156,-0.584786163,3127,1709437030.094583750,911254,1709437028.993528605
3749,1709437030.293266773,-3.973457844,1.628950120,-0.160048793,0.014550325,-0.028859296,-0.810470405,-0.584887298,3017,1709437030.194335938,911254,1709437028.993528605
3750,1709437030.394143820,-3.951751818,1.636827002,-0.161354580,0.015425482,-0.028479345,-0.810605598,-0.584696114,3033,1709437030.293266773,911254,1709437028.993528605
3751,1709437030.494752645,-3.963843626,1.632782880,-0.156709234,0.014750614,-0.029320387,-0.810355558,-0.585018465,2999,1709437030.394143820,911254,1709437028.993528605
3752,1709437030.593812704,-3.958853799,1.636869223,-0.156477833,0.015497563,-0.028757789,-0.810374736,-0.585000515,3098,1709437030.494752645,911254,1709437028.993528605
3753,1709437030.692389727,-3.955082923,1.641078729,-0.159355815,0.014795265,-0.028709631,-0.810449464,-0.584917536,3029,1709437030.593812704,911254,1709437028.993528605
3754,1709437030.795046806,-3.954141183,1.637575008,-0.158966603,0.015771170,-0.028493037,-0.810316502,-0.585086817,3078,1709437030.692389727,911254,1709437028.993528605
3755,1709437030.894885302,-3.960545141,1.635925362,-0.158185713,0.015731264,-0.028570615,-0.810257293,-0.585166102,3140,1709437030.795046806,911254,1709437028.993528605
3756,1709437030.994718552,-3.961724973,1.632883569,-0.159775807,0.015881803,-0.028359626,-0.810444606,-0.584912849,3177,1709437030.894885302,911254,1709437028.993528605
3757,1709437031.094102621,-3.956939584,1.630486835,-0.160688533,0.015350702,-0.028390437,-0.810480742,-0.584875462,3130,1709437030.994718552,911254,1709437028.993528605
3758,1709437031.193131685,-3.958411629,1.630078262,-0.160588201,0.015228596,-0.028771956,-0.810610840,-0.584679682,3081,1709437031.094102621,911254,1709437028.993528605
3759,1709437031.294607878,-3.951494937,1.633095299,-0.158607358,0.014590894,-0.029122932,-0.810526776,-0.584795097,3063,1709437031.193131685,911254,1709437028.993528605
3760,1709437031.394436598,-3.954109546,1.629920864,-0.155101953,0.015686416,-0.028800194,-0.810443000,-0.584898820,3049,1709437031.294607878,911254,1709437028.993528605
3761,1709437031.494300365,-3.960578534,1.624283868,-0.155410240,0.015036592,-0.028954824,-0.810210513,-0.585230249,3116,1709437031.394436598,911254,1709437028.993528605
3762,1709437031.591800451,-3.951752970,1.624555421,-0.158814171,0.015272014,-0.028439935,-0.810694972,-0.584578137,3016,1709437031.494300365,911254,1709437028.993528605
3763,1709437031.694064856,-3.940682857,1.628129066,-0.154129319,0.015818723,-0.028689216,-0.810500107,-0.584821574,2987,1709437031.591800451,911254,1709437028.993528605
3764,1709437031.794613123,-3.937210961,1.630351528,-0.148810988,0.015333355,-0.029215913,-0.810416246,-0.584924634,3022,1709437031.694064856,911254,1709437028.993528605
3765,1709437031.893403769,-3.945214247,1.622223486,-0.148904697,0.015098403,-0.029271986,-0.810579063,-0.584702293,3089,1709437031.794613123,911254,1709437028.993528605
3766,1709437031.991998911,-3.952666558,1.619942267,-0.148760481,0.016209723,-0.028572211,-0.810579773,-0.584706170,3087,1709437031.893403769,911254,1709437028.993528605
3767,1709437032.094933271,-3.947577088,1.621585328,-0.146349912,0.015495486,-0.029377789,-0.810417973,-0.584909860,3053,1709437031.991998911,911254,1709437028.993528605
3768,1709437032.194764853,-3.948965987,1.625226773,-0.149216207,0.015175067,-0.029304622,-0.810707038,-0.584521219,3164,1709437032.094933271,911254,1709437028.993528605
3769,1709437032.294607401,-3.949566610,1.625714357,-0.150200299,0.015709448,-0.028799803,-0.811061181,-0.584040705,3151,1709437032.194764853,911254,1709437028.993528605
3770,1709437032.394226789,-3.963103713,1.622670514,-0.154976124,0.014726626,-0.029049122,-0.810517846,-0.584807742,3137,1709437032.294607401,911254,1709437028.993528605
3771,1709437032.493286133,-3.972701001,1.627609391,-0.152984270,0.014341110,-0.029496244,-0.810426244,-0.584921881,3088,1709437032.394226789,911254,1709437028.993528605
3772,1709437032.594921589,-3.979151580,1.629714208,-0.155281738,0.015010766,-0.028985412,-0.810861583,-0.584326978,3036,1709437032.493286133,911254,1709437028.993528605
3773,1709437032.694133759,-3.976621567,1.633499347,-0.154328298,0.014709392,-0.029356273,-0.810454236,-0.584880992,3063,1709437032.594921589,911254,1709437028.993528605
3774,1709437032.794058561,-3.979134057,1.626919996,-0.151351926,0.014915370,-0.029195419,-0.810255589,-0.585158987,3053,1709437032.694133759,911254,1709437028.993528605
3775,1709437032.892822504,-3.977770861,1.619984301,-0.151405972,0.015396690,-0.028988917,-0.810400474,-0.584956115,2999,1709437032.794058561,911254,1709437028.993528605
3776,1709437032.995068789,-3.978454283,1.619107710,-0.154303250,0.015831137,-0.028503090,-0.810484238,-0.584852331,3021,1709437032.892822504,911254,1709437028.993528605
3777,1709437033.094420910,-3.967813395,1.619851459,-0.147576391,0.015295423,-0.029475946,-0.810339708,-0.585018612,3052,1709437032.995068789,911254,1709437028.993528605
3778,1709437033.193021536,-3.961199807,1.625451630,-0.150208400,0.015055203,-0.029151981,-0.810234750,-0.585186426,3127,1709437033.094420910,911254,1709437028.993528605
3779,1709437033.291643143,-3.965574308,1.617772285,-0.150785381,0.015041425,-0.029130732,-0.810413117,-0.584940796,3058,1709437033.193021536,911254,1709437028.993528605
3780,1709437033.394453764,-3.962113792,1.625735946,-0.157118271,0.015381737,-0.028560980,-0.810169318,-0.585297658,3124,1709437033.291643143,911254,1709437028.993528605
3781,1709437033.495072126,-3.956036794,1.630885877,-0.161287106,0.015620806,-0.028385418,-0.810345890,-0.585055380,3089,1709437033.394453764,911254,1709437028.993528605
3782,1709437033.594923258,-3.956244954,1.631416150,-0.168450485,0.014803726,-0.028441873,-0.810619777,-0.584694354,3135,1709437033.495072126,911254,1709437028.993528605
3783,1709437033.694388628,-3.961976587,1.632123750,-0.167463539,0.014220341,-0.028761638,-0.810669581,-0.584624136,3146,1709437033.594923258,911254,1709437028.993528605
3784,1709437033.793538809,-3.964512765,1.638446601,-0.165210882,0.014830898,-0.028669612,-0.810660084,-0.584626655,3052,1709437033.694388628,911254,1709437028.993528605
3785,1709437033.894454718,-3.987432237,1.631617346,-0.158066034,0.013884385,-0.029510492,-0.810528104,-0.584791029,3006,1709437033.793538809,911254,1709437028.993528605
3786,1709437033.994887114,-3.980944502,1.637302908,-0.151782065,0.014226606,-0.029769117,-0.810559204,-0.584726586,3059,1709437033.894454718,911254,1709437028.993528605
3787,1709437034.093658924,-3.987440303,1.628491262,-0.153251091,0.014184068,-0.029381961,-0.810491325,-0.584841281,3016,1709437033.994887114,911254,1709437028.993528605
3788,1709437034.194713593,-3.984354072,1.626275964,-0.148586919,0.014313661,-0.029562280,-0.810164220,-0.585282092,2992,1709437034.093658924,911254,1709437028.993528605
3789,1709437034.294624805,-3.991072901,1.618265897,-0.144468936,0.015014641,-0.029572971,-0.810227053,-0.585177001,2999,1709437034.194713593,911254,1709437028.993528605
3790,1709437034.394072294,-3.978463188,1.626112502,-0.147800800,0.015423044,-0.028962894,-0.810169717,-0.585276269,3106,1709437034.294624805,911254,1709437028.993528605
3791,1709437034.492676497,-3.957214014,1.622588421,-0.149377058,0.015018231,-0.029053771,-0.810370078,-0.585004844,3129,1709437034.394072294,911254,1709437028.993528605
3792,1709437034.591316223,-3.955841316,1.621472753,-0.149694703,0.014513363,-0.029507217,-0.810285934,-0.585111435,3092,1709437034.492676497,911254,1709437028.993528605
3793,1709437034.694763422,-3.963199368,1.624904380,-0.151806577,0.015270494,-0.028907203,-0.810444913,-0.584901897,3062,1709437034.591316223,911254,1709437028.993528605
3794,1709437034.794601202,-3.953637177,1.624189417,-0.152640961,0.015375093,-0.029068873,-0.810711497,-0.584521578,3119,1709437034.694763422,911254,1709437028.993528605
3795,1709437034.894455910,-3.956803943,1.623955099,-0.153973026,0.014738155,-0.029115552,-0.810484430,-0.584850459,3153,1709437034.794601202,911254,1709437028.993528605
3796,1709437034.994657278,-3.953867182,1.626130098,-0.157594040,0.013640745,-0.029500557,-0.810514452,-0.584816184,3090,1709437034.894455910,911254,1709437028.993528605
3797,1709437035.094934225,-3.958390393,1.621271103,-0.161334220,0.014618332,-0.028785642,-0.810324853,-0.585090868,3027,1709437034.994657278,911254,1709437028.993528605
3798,1709437035.194766521,-3.945750185,1.630226276,-0.166247926,0.016630931,-0.027710123,-0.810324295,-0.585089820,3032,1709437035.094934225,911254,1709437028.993528605
3799,1709437035.293705463,-3.946546940,1.631342137,-0.160313607,0.015107492,-0.028819428,-0.810393136,-0.584982196,3098,1709437035.194766521,911254,1709437028.993528605
3800,1709437035.393524647,-3.933179619,1.645189299,-0.160100755,0.013642974,-0.029195637,-0.810297425,-0.585132093,2999,1709437035.293705463,911254,1709437028.993528605
3801,1709437035.494549751,-3.914930662,1.643283803,-0.160805122,0.015401007,-0.028554081,-0.810187684,-0.585272064,3017,1709437035.393524647,911254,1709437028.993528605
3802,1709437035.594927073,-3.912325947,1.643748546,-0.160361418,0.015784622,-0.028572327,-0.810087284,-0.585399915,3079,1709437035.494549751,911254,1709437028.993528605
3803,1709437035.693727016,-3.917112410,1.640434113,-0.156676403,0.016003726,-0.028502101,-0.810662384,-0.584600727,3122,1709437035.594927073,911254,1709437028.993528605
3804,1709437035.792358637,-3.892141742,1.656325472,-0.160947318,0.014902509,-0.028796716,-0.810607383,-0.584691658,3112,1709437035.693727016,911254,1709437028.993528605
3805,1709437035.891020060,-3.892772730,1.662815169,-0.168312004,0.015070177,-0.028193867,-0.810753151,-0.584514605,3060,1709437035.792358637,911254,1709437028.993528605
3806,1709437035.994652033,-3.889590207,1.669555556,-0.165384860,0.015255489,-0.028763894,-0.810107383,-0.585376748,3041,1709437035.891020060,911254,1709437028.993528605
3807,1709437036.094484091,-3.894090798,1.670010036,-0.168156848,0.015878814,-0.028023113,-0.810280848,-0.585155975,3096,1709437035.994652033,911254,1709437028.993528605
3808,1709437036.195114374,-3.909896872,1.660146816,-0.166376496,0.014212175,-0.028887901,-0.810700926,-0.584574642,3092,1709437036.094484091,911254,1709437028.993528605
3809,1709437036.294943810,-3.931082026,1.650682627,-0.165122564,0.015207689,-0.028617120,-0.810464642,-0.584890460,3080,1709437036.195114374,911254,1709437028.993528605
3810,1709437036.394789696,-3.943247309,1.653419979,-0.164553047,0.014733506,-0.028829876,-0.810794942,-0.584434191,3014,1709437036.294943810,911254,1709437028.993528605
3811,1709437036.494612694,-3.963892412,1.634668828,-0.164963349,0.014856198,-0.028587703,-0.810507442,-0.584841623,3104,1709437036.394789696,911254,1709437028.993528605
3812,1709437036.593546152,-3.961553162,1.623773888,-0.162810000,0.015100419,-0.028457714,-0.810306713,-0.585119788,3075,1709437036.494612694,911254,1709437028.993528605
3813,1709437036.695016623,-3.965132561,1.615985929,-0.159904226,0.015063030,-0.028809183,-0.810212068,-0.585234603,3037,1709437036.593546152,911254,1709437028.993528605
3814,1709437036.794968605,-3.988458265,1.611894742,-0.155574324,0.015225807,-0.028858723,-0.810405065,-0.584960664,3064,1709437036.695016623,911254,1709437028.993528605
3815,1709437036.894759893,-3.988372482,1.611775839,-0.151496843,0.015030937,-0.029210904,-0.810357941,-0.585013505,3080,1709437036.794968605,911254,1709437028.993528605
3816,1709437036.993382215,-4.000550759,1.608886248,-0.149807507,0.015209690,-0.029248372,-0.810239970,-0.585170394,3192,1709437036.894759893,911254,1709437028.993528605
3817,1709437037.092048407,-4.032480787,1.603160056,-0.156062718,0.013718240,-0.029385823,-0.810682607,-0.584587029,3053,1709437036.993382215,911254,1709437028.993528605
3818,1709437037.195143223,-4.029229634,1.613393764,-0.151306041,0.014846948,-0.029748563,-0.810371431,-0.584972423,3043,1709437037.092048407,911254,1709437028.993528605
3819,1709437037.295001268,-4.041087470,1.617553682,-0.153438333,0.015029177,-0.028894492,-0.810437096,-0.584919606,3058,1709437037.195143223,911254,1709437028.993528605
3820,1709437037.394815207,-4.046533792,1.619400357,-0.151884168,0.014239227,-0.029813830,-0.810498462,-0.584808193,3093,1709437037.295001268,911254,1709437028.993528605
3821,1709437037.494667768,-4.073271671,1.608343239,-0.151458804,0.015191663,-0.029138315,-0.810518568,-0.584790409,3080,1709437037.394815207,911254,1709437028.993528605
3822,1709437037.594510555,-4.069510276,1.608942737,-0.155948878,0.013731690,-0.029540765,-0.810166302,-0.585294240,3017,1709437037.494667768,911254,1709437028.993528605
3823,1709437037.694742680,-4.069264601,1.605049191,-0.156127454,0.015288344,-0.028763179,-0.810450317,-0.584901043,3090,1709437037.594510555,911254,1709437028.993528605
3824,1709437037.794559479,-4.068565333,1.604533543,-0.157725270,0.014377516,-0.028971103,-0.810289576,-0.585136535,3092,1709437037.694742680,911254,1709437028.993528605
3825,1709437037.893504620,-4.056240759,1.599315226,-0.154324569,0.014149470,-0.029526578,-0.810425087,-0.584926621,3149,1709437037.794559479,911254,1709437028.993528605
3826,1709437037.994438171,-4.060640892,1.592333455,-0.155451785,0.014628353,-0.029005019,-0.810418677,-0.584949817,3044,1709437037.893504620,911254,1709437028.993528605
3827,1709437038.093321800,-4.049650785,1.592328392,-0.156377658,0.014215082,-0.029465195,-0.810223267,-0.585207648,3053,1709437037.994438171,911254,1709437028.993528605
3828,1709437038.194449902,-4.041791109,1.605282861,-0.155828688,0.014028291,-0.029437990,-0.810248175,-0.585179038,3063,1709437038.093321800,911254,1709437028.993528605
3829,1709437038.293092966,-4.044614296,1.604403145,-0.156103697,0.015148082,-0.028980908,-0.810434504,-0.584915854,3074,1709437038.194449902,911254,1709437028.993528605
3830,1709437038.391765594,-4.034515526,1.618690048,-0.157496107,0.014044082,-0.029626472,-0.810195369,-0.585242257,3054,1709437038.293092966,911254,1709437028.993528605
3831,1709437038.490437269,-4.028341632,1.623491583,-0.160435776,0.014995528,-0.028885839,-0.810082429,-0.585411992,3018,1709437038.391765594,911254,1709437028.993528605
3832,1709437038.594507933,-4.018080281,1.637362609,-0.157405922,0.013753877,-0.029789387,-0.810381342,-0.584983336,2983,1709437038.490437269,911254,1709437028.993528605
3833,1709437038.693790436,-4.015423328,1.634760617,-0.153395393,0.014100850,-0.029782358,-0.809947281,-0.585576280,3103,1709437038.594507933,911254,1709437028.993528605
3834,1709437038.794598818,-4.002000465,1.636179812,-0.155645177,0.013841252,-0.029544210,-0.810255049,-0.585168621,3013,1709437038.693790436,911254,1709437028.993528605
3835,1709437038.894433737,-3.987847854,1.640321413,-0.154977325,0.015390885,-0.028797525,-0.810396929,-0.584970632,3048,1709437038.794598818,911254,1709437028.993528605
3836,1709437038.995080471,-3.985691321,1.635379678,-0.157133920,0.014091121,-0.029390687,-0.810429785,-0.584928364,3095,1709437038.894433737,911254,1709437028.993528605
3837,1709437039.094605684,-3.978608727,1.631686705,-0.157863657,0.014927290,-0.028765972,-0.810242238,-0.585198437,3153,1709437038.995080471,911254,1709437028.993528605
3838,1709437039.194495201,-3.972412204,1.623264766,-0.161066948,0.014708049,-0.028789839,-0.810516189,-0.584823329,3106,1709437039.094605684,911254,1709437028.993528605
3839,1709437039.294297218,-3.972372707,1.627485444,-0.157850408,0.013807700,-0.029418164,-0.810658934,-0.584616123,3099,1709437039.194495201,911254,1709437028.993528605
3840,1709437039.394437313,-3.984430457,1.624423731,-0.157986035,0.014297969,-0.029254566,-0.810798162,-0.584419438,3060,1709437039.294297218,911254,1709437028.993528605
3841,1709437039.494145393,-3.993065353,1.616462535,-0.151239720,0.014320478,-0.029763030,-0.810436568,-0.584894568,3048,1709437039.394437313,911254,1709437028.993528605
3842,1709437039.592813015,-3.984383900,1.622248140,-0.155348429,0.014612219,-0.029002160,-0.810561701,-0.584752158,3049,1709437039.494145393,911254,1709437028.993528605
3843,1709437039.691487074,-3.992770192,1.617712499,-0.153331945,0.014776562,-0.029148518,-0.810329761,-0.585062129,3018,1709437039.592813015,911254,1709437028.993528605
3844,1709437039.794605732,-3.986546687,1.624006012,-0.157453672,0.015788967,-0.028423378,-0.810031135,-0.585484740,3009,1709437039.691487074,911254,1709437028.993528605
3845,1709437039.894405842,-3.977400125,1.631646285,-0.154816505,0.015147706,-0.028908834,-0.810084592,-0.585403945,3036,1709437039.794605732,911254,1709437028.993528605
3846,1709437039.993342638,-3.978763949,1.636049875,-0.151965343,0.014924091,-0.029089997,-0.810256034,-0.585163399,3073,1709437039.894405842,911254,1709437028.993528605
3847,1709437040.094903231,-3.972414801,1.642354011,-0.152379544,0.015077662,-0.029014133,-0.810451020,-0.584893142,3033,1709437039.993342638,911254,1709437028.993528605
3848,1709437040.194736004,-3.969702991,1.638899455,-0.156450573,0.014797103,-0.028891700,-0.810419582,-0.584949926,3063,1709437040.094903231,911254,1709437028.993528605
3849,1709437040.294582844,-3.985980186,1.643111925,-0.159965772,0.015294989,-0.028595149,-0.810240741,-0.585199387,3155,1709437040.194736004,911254,1709437028.993528605
3850,1709437040.394609928,-3.981003919,1.632416170,-0.160704273,0.014407087,-0.029144104,-0.810502066,-0.584832847,3142,1709437040.294582844,911254,1709437028.993528605
3851,1709437040.494654655,-3.984299718,1.629324086,-0.163088499,0.014647237,-0.028904298,-0.810432123,-0.584935700,3108,1709437040.394609928,911254,1709437028.993528605
3852,1709437040.593624353,-3.987884828,1.633550735,-0.165835739,0.014331707,-0.028730635,-0.810553571,-0.584783774,3102,1709437040.494654655,911254,1709437028.993528605
3853,1709437040.694756746,-3.980178570,1.643137805,-0.163894923,0.013980456,-0.029205169,-0.810528618,-0.584803356,3056,1709437040.593624353,911254,1709437028.993528605
3854,1709437040.793847322,-3.984906767,1.646900881,-0.162478251,0.014149205,-0.029165994,-0.810275560,-0.585151828,3093,1709437040.694756746,911254,1709437028.993528605
3855,1709437040.892549038,-3.975099625,1.643489249,-0.162691956,0.014408630,-0.029073009,-0.810409081,-0.584965190,3031,1709437040.793847322,911254,1709437028.993528605
3856,1709437040.991248369,-3.977575158,1.638967636,-0.158440356,0.015014804,-0.028809863,-0.810395841,-0.584981306,2999,1709437040.892549038,911254,1709437028.993528605
3857,1709437041.094888687,-3.977159129,1.634442189,-0.159235754,0.013729538,-0.029245091,-0.810315799,-0.585102154,3006,1709437040.991248369,911254,1709437028.993528605
3858,1709437041.194362640,-3.974120085,1.633454634,-0.157154750,0.014890740,-0.029092651,-0.810342609,-0.585044220,3019,1709437041.094888687,911254,1709437028.993528605
3859,1709437041.292951584,-3.980239084,1.636504403,-0.156657073,0.014282429,-0.029203676,-0.810281468,-0.585138530,3100,1709437041.194362640,911254,1709437028.993528605
3860,1709437041.394769669,-3.974969155,1.634804395,-0.155994378,0.014232652,-0.029327316,-0.810601064,-0.584690735,3026,1709437041.292951584,911254,1709437028.993528605
3861,1709437041.494625092,-3.978739963,1.639255568,-0.163320114,0.015220957,-0.028455141,-0.810340647,-0.585069794,3082,1709437041.394769669,911254,1709437028.993528605
3862,1709437041.594475508,-3.978554332,1.625255805,-0.162953482,0.015390036,-0.028491984,-0.811209373,-0.583858465,3127,1709437041.494625092,911254,1709437028.993528605
3863,1709437041.694607973,-3.987304073,1.624978124,-0.162949849,0.015032177,-0.028687716,-0.810544608,-0.584780717,3154,1709437041.594475508,911254,1709437028.993528605
3864,1709437041.794677019,-3.992908684,1.626835060,-0.156615602,0.014305394,-0.029635919,-0.810170322,-0.585270123,3123,1709437041.694607973,911254,1709437028.993528605
3865,1709437041.893447161,-3.986126111,1.626271766,-0.156854366,0.014406954,-0.029190911,-0.810457428,-0.584892372,3068,1709437041.794677019,911254,1709437028.993528605
3866,1709437041.994626760,-4.002413672,1.629129944,-0.157351318,0.014076311,-0.029190216,-0.810362899,-0.585031418,3048,1709437041.893447161,911254,1709437028.993528605
3867,1709437042.093592644,-4.014567005,1.626612784,-0.156877733,0.014176084,-0.029166167,-0.810409325,-0.584965895,3097,1709437041.994626760,911254,1709437028.993528605
3868,1709437042.192311287,-4.029100226,1.621908830,-0.153481860,0.014610387,-0.029308327,-0.809998448,-0.585516928,3032,1709437042.093592644,911254,1709437028.993528605
3869,1709437042.291065216,-4.019894379,1.630809423,-0.162337017,0.013495764,-0.029340694,-0.810237383,-0.585211390,2988,1709437042.192311287,911254,1709437028.993528605
3870,1709437042.394788027,-4.012363060,1.627427602,-0.157378324,0.014049433,-0.029485924,-0.810377911,-0.584996440,3013,1709437042.291065216,911254,1709437028.993528605
3871,1709437042.493981361,-4.001796305,1.638473518,-0.158378317,0.013781565,-0.029305552,-0.810411462,-0.584965397,3089,1709437042.394788027,911254,1709437028.993528605
3872,1709437042.592544079,-4.000919930,1.633047291,-0.158596095,0.014333788,-0.029148941,-0.810521547,-0.584807407,3045,1709437042.493981361,911254,1709437028.993528605
3873,1709437042.695098400,-4.004228289,1.632519001,-0.158022361,0.014521007,-0.029109795,-0.810271392,-0.585151289,3067,1709437042.592544079,911254,1709437028.993528605
3874,1709437042.794946194,-4.006952277,1.631325062,-0.162838365,0.013899048,-0.029072810,-0.810675174,-0.584608715,3091,1709437042.695098400,911254,1709437028.993528605
3875,1709437042.894773245,-3.984677777,1.640605507,-0.162355793,0.014350112,-0.029010112,-0.810733916,-0.584519466,3122,1709437042.794946194,911254,1709437028.993528605
3876,1709437042.994589329,-3.971193258,1.641855814,-0.161231797,0.015317682,-0.028672420,-0.810648783,-0.584629636,3162,1709437042.894773245,911254,1709437028.993528605
3877,1709437043.094432592,-3.968482275,1.648194275,-0.162961044,0.014553141,-0.028876007,-0.810150026,-0.585330093,3100,1709437042.994589329,911254,1709437028.993528605
3878,1709437043.195077896,-3.960224872,1.649086468,-0.165558324,0.014604689,-0.028595577,-0.810532971,-0.584812191,3083,1709437043.094432592,911254,1709437028.993528605
3879,1709437043.294646502,-3.957318116,1.649477922,-0.168452130,0.013978413,-0.028806446,-0.810669047,-0.584628506,3040,1709437043.195077896,911254,1709437028.993528605
3880,1709437043.393350124,-3.967678304,1.644744166,-0.168635090,0.014555345,-0.028432827,-0.810529472,-0.584826206,3105,1709437043.294646502,911254,1709437028.993528605
3881,1709437043.492119789,-3.958645595,1.647878100,-0.162990266,0.014815231,-0.028680395,-0.810597382,-0.584713458,3000,1709437043.393350124,911254,1709437028.993528605
3882,1709437043.590902567,-3.949041388,1.644008084,-0.161722482,0.013682431,-0.029218420,-0.810658144,-0.584630181,3012,1709437043.492119789,911254,1709437028.993528605
3883,1709437043.695002317,-3.953507879,1.635955095,-0.163555381,0.016219620,-0.027716299,-0.810435503,-0.584947028,3004,1709437043.590902567,911254,1709437028.993528605
3884,1709437043.794793129,-3.960273725,1.628322708,-0.162670532,0.014988322,-0.028544639,-0.810341756,-0.585069904,3102,1709437043.695002317,911254,1709437028.993528605
3885,1709437043.893676996,-3.961150807,1.628505874,-0.158058376,0.014532801,-0.029160615,-0.810359133,-0.585026949,3081,1709437043.794793129,911254,1709437028.993528605
3886,1709437043.992095232,-3.949128762,1.636905223,-0.160173764,0.014437488,-0.028900592,-0.810817741,-0.584406456,3059,1709437043.893676996,911254,1709437028.993528605
3887,1709437044.094488382,-3.958369575,1.646000354,-0.159399029,0.014539533,-0.029071141,-0.810479758,-0.584864114,3059,1709437043.992095232,911254,1709437028.993528605
3888,1709437044.195135355,-3.968053942,1.650850412,-0.161346258,0.015290939,-0.028294214,-0.810571193,-0.584756330,3147,1709437044.094488382,911254,1709437028.993528605
3889,1709437044.294814110,-3.970078267,1.646588550,-0.163896359,0.014912280,-0.028468952,-0.810581841,-0.584742868,3091,1709437044.195135355,911254,1709437028.993528605
3890,1709437044.394392729,-3.986845978,1.635802825,-0.162406341,0.014395652,-0.028939201,-0.810652674,-0.584634527,3099,1709437044.294814110,911254,1709437028.993528605
3891,1709437044.494662285,-3.991405504,1.629007540,-0.164489527,0.014532011,-0.028768277,-0.810578694,-0.584742155,2999,1709437044.394392729,911254,1709437028.993528605
3892,1709437044.594421387,-4.009743342,1.620143778,-0.160254881,0.014970923,-0.028859359,-0.810394409,-0.584981974,3092,1709437044.494662285,911254,1709437028.993528605
3893,1709437044.693160534,-4.014434955,1.619600548,-0.159293769,0.014213288,-0.028973748,-0.810489932,-0.584862868,3109,1709437044.594421387,911254,1709437028.993528605
3894,1709437044.791980028,-4.030751472,1.612719746,-0.152038901,0.014184210,-0.029480984,-0.810275221,-0.585135664,3044,1709437044.693160534,911254,1709437028.993528605
3895,1709437044.894821167,-4.049202381,1.597800503,-0.151846981,0.013657624,-0.029589333,-0.810610831,-0.584677707,3015,1709437044.791980028,911254,1709437028.993528605
3896,1709437044.994598150,-4.072028126,1.590485810,-0.152566353,0.014004253,-0.029619807,-0.810490790,-0.584834359,3041,1709437044.894821167,911254,1709437028.993528605
3897,1709437045.094249964,-4.086846704,1.598135464,-0.155394978,0.013306049,-0.029822347,-0.810639626,-0.584634051,3153,1709437044.994598150,911254,1709437028.993528605
3898,1709437045.193123102,-4.103658137,1.595890203,-0.155634870,0.014744172,-0.029282513,-0.810425036,-0.584924272,3046,1709437045.094249964,911254,1709437028.993528605
3899,1709437045.294970512,-4.111102172,1.593139538,-0.156685971,0.013205030,-0.030132140,-0.810205569,-0.585221852,3081,1709437045.193123102,911254,1709437028.993528605
3900,1709437045.394814968,-4.116368321,1.586982607,-0.154095032,0.015461583,-0.028869642,-0.810526303,-0.584785940,3079,1709437045.294970512,911254,1709437028.993528605
3901,1709437045.494654179,-4.106697298,1.590128471,-0.153616011,0.013877041,-0.029953909,-0.810590643,-0.584681965,3085,1709437045.394814968,911254,1709437028.993528605
3902,1709437045.594479084,-4.114396318,1.586796246,-0.158857931,0.013938154,-0.029257649,-0.810602261,-0.584699661,3104,1709437045.494654179,911254,1709437028.993528605
3903,1709437045.695103407,-4.126176519,1.585475086,-0.160581494,0.013538706,-0.029483158,-0.810290897,-0.585129139,3045,1709437045.594479084,911254,1709437028.993528605
3904,1709437045.794954062,-4.119557772,1.589954466,-0.160314698,0.014735245,-0.028871479,-0.809946506,-0.585607349,3040,1709437045.695103407,911254,1709437028.993528605
3905,1709437045.894249439,-4.118815258,1.589243035,-0.158442035,0.014498917,-0.029184998,-0.809859040,-0.585718663,3105,1709437045.794954062,911254,1709437028.993528605
3906,1709437045.993045568,-4.115876264,1.591689064,-0.158679527,0.013734217,-0.029377963,-0.810273285,-0.585154261,3086,1709437045.894249439,911254,1709437028.993528605
3907,1709437046.091920137,-4.112865973,1.587216779,-0.160257346,0.013527142,-0.029379330,-0.810658091,-0.584625804,3031,1709437045.993045568,911254,1709437028.993528605
3908,1709437046.195099592,-4.105804888,1.589505612,-0.157884769,0.014159289,-0.029323204,-0.810323713,-0.585077042,3072,1709437046.091920137,911254,1709437028.993528605
3909,1709437046.294231415,-4.110568063,1.590557129,-0.155713409,0.014463166,-0.029327679,-0.810042237,-0.585459032,3109,1709437046.195099592,911254,1709437028.993528605
3910,1709437046.394143343,-4.106810136,1.588951757,-0.156659958,0.014208043,-0.029473839,-0.810411577,-0.584946580,3077,1709437046.294231415,911254,1709437028.993528605
3911,1709437046.492721796,-4.108135831,1.595752060,-0.150672043,0.013793217,-0.030089844,-0.810112118,-0.585339820,3074,1709437046.394143343,911254,1709437028.993528605
3912,1709437046.594436169,-4.095031908,1.603503999,-0.154736004,0.014476098,-0.029109359,-0.810538145,-0.584782869,3033,1709437046.492721796,911254,1709437028.993528605
3913,1709437046.695098639,-4.081259895,1.614176834,-0.154365007,0.013520799,-0.029794891,-0.810230058,-0.585198006,3017,1709437046.594436169,911254,1709437028.993528605
3914,1709437046.794934988,-4.073413671,1.616570121,-0.159043530,0.013825608,-0.029348514,-0.810170292,-0.585296177,3099,1709437046.695098639,911254,1709437028.993528605
3915,1709437046.894780397,-4.060034173,1.615413797,-0.165073079,0.013782419,-0.029009972,-0.810574985,-0.584753504,3017,1709437046.794934988,911254,1709437028.993528605
3916,1709437046.994616985,-4.053912298,1.618314183,-0.168130262,0.014159627,-0.028935507,-0.810734193,-0.584527425,3052,1709437046.894780397,911254,1709437028.993528605
3917,1709437047.094463825,-4.045853430,1.613210059,-0.164085750,0.015161804,-0.028608851,-0.810654809,-0.584628458,3060,1709437046.994616985,911254,1709437028.993528605
3918,1709437047.194107771,-4.041166036,1.618318109,-0.161416090,0.014062779,-0.029206472,-0.810353426,-0.585044054,3140,1709437047.094463825,911254,1709437028.993528605
3919,1709437047.292994499,-4.037390937,1.615685126,-0.160844784,0.014235842,-0.029081373,-0.810608953,-0.584692004,3041,1709437047.194107771,911254,1709437028.993528605
3920,1709437047.391912222,-4.028117908,1.625091140,-0.165019442,0.013704587,-0.029030019,-0.810508397,-0.584846630,3091,1709437047.292994499,911254,1709437028.993528605
3921,1709437047.494620800,-4.028392528,1.623886098,-0.163001979,0.014737301,-0.028691756,-0.810582227,-0.584735879,3059,1709437047.391912222,911254,1709437028.993528605
3922,1709437047.593907356,-4.039056671,1.614893254,-0.159034144,0.014430657,-0.029119300,-0.810432862,-0.584929396,3095,1709437047.494620800,911254,1709437028.993528605
3923,1709437047.693755388,-4.033568997,1.627309263,-0.156146945,0.014012367,-0.029598291,-0.810600553,-0.584683109,3102,1709437047.593907356,911254,1709437028.993528605
3924,1709437047.794483185,-4.032116475,1.625728507,-0.163465673,0.014873199,-0.028478302,-0.810581452,-0.584743947,3025,1709437047.693755388,911254,1709437028.993528605
3925,1709437047.894804716,-4.039715090,1.623356445,-0.164504536,0.014628379,-0.028838127,-0.810753941,-0.584493302,3035,1709437047.794483185,911254,1709437028.993528605
3926,1709437047.994644880,-4.040138915,1.626891592,-0.167696441,0.013673105,-0.029094541,-0.810537223,-0.584804209,3050,1709437047.894804716,911254,1709437028.993528605
3927,1709437048.093065500,-4.037719637,1.625192546,-0.159399839,0.013772170,-0.029814641,-0.810604877,-0.584671830,3058,1709437047.994644880,911254,1709437028.993528605
3928,1709437048.195126057,-4.024058883,1.633704897,-0.159865458,0.015429658,-0.028587298,-0.810424370,-0.584941905,3001,1709437048.093065500,911254,1709437028.993528605
3929,1709437048.294954538,-4.021116048,1.623020862,-0.160560677,0.013981006,-0.029009065,-0.810376889,-0.585023336,3060,1709437048.195126057,911254,1709437028.993528605
3930,1709437048.394788504,-3.998794019,1.632226942,-0.164454784,0.014558059,-0.028607720,-0.810560235,-0.584774971,3124,1709437048.294954538,911254,1709437028.993528605
3931,1709437048.494049549,-3.986250570,1.630600229,-0.163060247,0.015138072,-0.028424986,-0.810445920,-0.584927576,3120,1709437048.394788504,911254,1709437028.993528605
3932,1709437048.592991114,-3.978966294,1.631592956,-0.163614678,0.014945535,-0.028610072,-0.810440101,-0.584931566,3112,1709437048.494049549,911254,1709437028.993528605
3933,1709437048.695112228,-3.986881143,1.631225843,-0.161959223,0.014325842,-0.029058203,-0.810402012,-0.584977752,3079,1709437048.592991114,911254,1709437028.993528605
3934,1709437048.794938803,-3.985322351,1.639237371,-0.164114390,0.013843872,-0.029086908,-0.810698222,-0.584577361,3067,1709437048.695112228,911254,1709437028.993528605
3935,1709437048.894778967,-3.982266986,1.635046232,-0.164038375,0.013516119,-0.029149750,-0.810576761,-0.584750306,3162,1709437048.794938803,911254,1709437028.993528605
3936,1709437048.993438005,-3.981785586,1.637220217,-0.161269465,0.014898196,-0.028865298,-0.810588617,-0.584714402,3051,1709437048.894778967,911254,1709437028.993528605
3937,1709437049.094293833,-3.978620053,1.636867150,-0.165743050,0.014718589,-0.028493335,-0.810316242,-0.585114588,3012,1709437048.993438005,911254,1709437028.993528605
3938,1709437049.195140362,-3.976710400,1.633972555,-0.164641732,0.014707256,-0.028788349,-0.810191900,-0.585272597,3017,1709437049.094293833,911254,1709437028.993528605
3939,1709437049.294084549,-3.974801992,1.632752932,-0.160557306,0.014350286,-0.029191240,-0.810379102,-0.585002266,3088,1709437049.195140362,911254,1709437028.993528605
3940,1709437049.392631769,-3.973375405,1.632823914,-0.164572496,0.014245419,-0.028718279,-0.810282766,-0.585161659,3032,1709437049.294084549,911254,1709437028.993528605
3941,1709437049.494658947,-3.990298822,1.632678591,-0.160027455,0.014956933,-0.028758875,-0.810318456,-0.585092485,2999,1709437049.392631769,911254,1709437028.993528605
3942,1709437049.594502926,-4.002972860,1.645582256,-0.165603800,0.013650241,-0.029273805,-0.810583823,-0.584731204,3114,1709437049.494658947,911254,1709437028.993528605
3943,1709437049.695118427,-3.992843047,1.645918525,-0.162364955,0.014812798,-0.028876520,-0.810569257,-0.584742855,3124,1709437049.594502926,911254,1709437028.993528605
3944,1709437049.794087648,-4.012559237,1.641194209,-0.158777652,0.014925835,-0.028955109,-0.810752727,-0.584481682,3143,1709437049.695118427,911254,1709437028.993528605
3945,1709437049.893096447,-4.028092617,1.628722841,-0.158880144,0.015023685,-0.028654525,-0.810460008,-0.584899805,3073,1709437049.794087648,911254,1709437028.993528605
3946,1709437049.992134809,-4.026490572,1.626284705,-0.165952392,0.014606676,-0.028691839,-0.810376504,-0.585024227,3078,1709437049.893096447,911254,1709437028.993528605
3947,1709437050.094476223,-4.041786881,1.619969488,-0.162998578,0.014106794,-0.029154992,-0.810238692,-0.585204449,3075,1709437049.992134809,911254,1709437028.993528605
3948,1709437050.194478512,-4.036613086,1.616254596,-0.161311888,0.014295188,-0.029154839,-0.810478425,-0.584867819,3121,1709437050.094476223,911254,1709437028.993528605
3949,1709437050.293156624,-4.056183171,1.613307067,-0.155770659,0.014063623,-0.029485857,-0.810476914,-0.584858933,3035,1709437050.194478512,911254,1709437028.993528605
3950,1709437050.393843174,-4.063484403,1.606311272,-0.156292976,0.014169252,-0.029342449,-0.810294873,-0.585115776,3007,1709437050.293156624,911254,1709437028.993528605
3951,1709437050.494642258,-4.059647058,1.607009733,-0.156635088,0.013875224,-0.029458255,-0.810342865,-0.585050536,3005,1709437050.393843174,911254,1709437028.993528605
3952,1709437050.593665600,-4.067811504,1.606822106,-0.157940339,0.013952074,-0.029423471,-0.810318182,-0.585084646,3055,1709437050.494642258,911254,1709437028.993528605
3953,1709437050.695094347,-4.064910728,1.610119455,-0.155691813,0.014641711,-0.029386426,-0.810184873,-0.585254243,3034,1709437050.593665600,911254,1709437028.993528605
3954,1709437050.794936180,-4.057650124,1.618963053,-0.156543046,0.015110855,-0.029000625,-0.810279860,-0.585130050,3072,1709437050.695094347,911254,1709437028.993528605
3955,1709437050.894771814,-4.046383436,1.629806131,-0.157790561,0.013897154,-0.029422786,-0.810835791,-0.584368453,3093,1709437050.794936180,911254,1709437028.993528605
3956,1709437050.994601250,-4.038567258,1.632807893,-0.158793607,0.014149215,-0.029373286,-0.810437859,-0.584916649,3159,1709437050.894771814,911254,1709437028.993528605
3957,1709437051.094164371,-4.040992120,1.623352172,-0.160805451,0.015230454,-0.028452125,-0.810495215,-0.584855551,3136,1709437050.994601250,911254,1709437028.993528605
3958,1709437051.193225622,-4.030475100,1.626678358,-0.159854511,0.013859092,-0.029374268,-0.810509405,-0.584824403,3102,1709437051.094164371,911254,1709437028.993528605
3959,1709437051.294916391,-4.021085822,1.630965549,-0.164970504,0.015666923,-0.028195774,-0.810291649,-0.585138435,3087,1709437051.193225622,911254,1709437028.993528605
3960,1709437051.394328117,-4.022245467,1.624212205,-0.169304016,0.013997347,-0.028809458,-0.810403916,-0.584995370,3070,1709437051.294916391,911254,1709437028.993528605
3961,1709437051.494223595,-4.020746717,1.620645868,-0.167343772,0.014120135,-0.028965527,-0.810195291,-0.585273620,3095,1709437051.394328117,911254,1709437028.993528605
3962,1709437051.592945337,-4.015446992,1.613132348,-0.167600640,0.014014881,-0.028880394,-0.810751879,-0.584509107,3032,1709437051.494223595,911254,1709437028.993528605
3963,1709437051.695075274,-4.023298428,1.610672396,-0.157328002,0.014700137,-0.029125902,-0.810201185,-0.585243220,3041,1709437051.592945337,911254,1709437028.993528605
3964,1709437051.794693232,-4.041448825,1.602715459,-0.153653474,0.013595331,-0.029616829,-0.810559416,-0.584749044,3007,1709437051.695075274,911254,1709437028.993528605
3965,1709437051.893270254,-4.051574915,1.601788855,-0.156288570,0.013427749,-0.029627936,-0.810571284,-0.584735902,3098,1709437051.794693232,911254,1709437028.993528605
3966,1709437051.991889715,-4.051908788,1.604802789,-0.155953164,0.014430824,-0.029269638,-0.810436504,-0.584916843,3057,1709437051.893270254,911254,1709437028.993528605
3967,1709437052.094463348,-4.052634595,1.604789343,-0.156450259,0.013941030,-0.029652150,-0.810253411,-0.585163060,3043,1709437051.991889715,911254,1709437028.993528605
3968,1709437052.195100307,-4.057415024,1.617492432,-0.160235150,0.014105431,-0.029109766,-0.810233835,-0.585213457,3095,1709437052.094463348,911254,1709437028.993528605
3969,1709437052.294945240,-4.064956720,1.628744111,-0.160757378,0.013006629,-0.029876228,-0.810534962,-0.584783134,3122,1709437052.195100307,911254,1709437028.993528605
3970,1709437052.394308805,-4.067053801,1.620650802,-0.159765748,0.014224652,-0.029255379,-0.810500049,-0.584834551,3111,1709437052.294945240,911254,1709437028.993528605
3971,1709437052.493387222,-4.065977369,1.624158449,-0.162025771,0.014800288,-0.028781654,-0.810024595,-0.585502112,3095,1709437052.394308805,911254,1709437028.993528605
3972,1709437052.594471216,-4.055793383,1.614933652,-0.163523266,0.014221954,-0.029165673,-0.810303390,-0.585111541,3032,1709437052.493387222,911254,1709437028.993528605
3973,1709437052.695043564,-4.055139898,1.613892431,-0.163267812,0.014351018,-0.029107600,-0.809912463,-0.585652285,3063,1709437052.594471216,911254,1709437028.993528605
3974,1709437052.793993473,-4.063912814,1.609064736,-0.162877051,0.013440636,-0.029484725,-0.810232045,-0.585212811,3024,1709437052.695043564,911254,1709437028.993528605
3975,1709437052.894604206,-4.069206980,1.602413298,-0.165202697,0.014342377,-0.028775938,-0.810408332,-0.584982544,3041,1709437052.793993473,911254,1709437028.993528605
3976,1709437052.994626045,-4.088630262,1.587265359,-0.164135445,0.014456133,-0.028767604,-0.810589304,-0.584729360,3001,1709437052.894604206,911254,1709437028.993528605
3977,1709437053.094314098,-4.085953739,1.590549914,-0.159833224,0.014224684,-0.029405873,-0.810003275,-0.585514857,3065,1709437052.994626045,911254,1709437028.993528605
3978,1709437053.192915440,-4.096044276,1.594116603,-0.157742882,0.014957673,-0.028987431,-0.810471478,-0.584869200,3135,1709437053.094314098,911254,1709437028.993528605
3979,1709437053.291549683,-4.095891582,1.595990079,-0.155988991,0.013928247,-0.029546767,-0.810139001,-0.585327080,3064,1709437053.192915440,911254,1709437028.993528605
3980,1709437053.394760847,-4.089386432,1.589049834,-0.159557470,0.014603317,-0.028806466,-0.810180455,-0.585290151,3092,1709437053.291549683,911254,1709437028.993528605
3981,1709437053.494613409,-4.086777665,1.584779175,-0.156652199,0.015423725,-0.028828786,-0.810303444,-0.585097718,3089,1709437053.394760847,911254,1709437028.993528605
3982,1709437053.594455719,-4.080638949,1.593688285,-0.156460819,0.013937660,-0.029643641,-0.810414563,-0.584940366,3127,1709437053.494613409,911254,1709437028.993528605
3983,1709437053.694493055,-4.072439720,1.598029302,-0.157761796,0.014361427,-0.029257328,-0.810417968,-0.584944849,3111,1709437053.594455719,911254,1709437028.993528605
3984,1709437053.794934034,-4.061645549,1.605508120,-0.158659036,0.014635139,-0.029185708,-0.810081601,-0.585407386,3018,1709437053.694493055,911254,1709437028.993528605
3985,1709437053.894759178,-4.062946342,1.610769264,-0.159264917,0.014491071,-0.029209210,-0.810057992,-0.585442466,3009,1709437053.794934034,911254,1709437028.993528605
3986,1709437053.993845940,-4.061852880,1.616647715,-0.161160871,0.014533193,-0.028952162,-0.810028063,-0.585495599,3088,1709437053.894759178,911254,1709437028.993528605
3987,1709437054.092604160,-4.061131869,1.625562176,-0.161406548,0.013995819,-0.029419516,-0.809906551,-0.585653471,3076,1709437053.993845940,911254,1709437028.993528605
3988,1709437054.194606781,-4.053087905,1.626406454,-0.164648792,0.013505663,-0.029415168,-0.810350558,-0.585050697,3006,1709437054.092604160,911254,1709437028.993528605
3989,1709437054.294507265,-4.041803254,1.633153592,-0.167158710,0.013476872,-0.028906646,-0.810134168,-0.585376298,3072,1709437054.194606781,911254,1709437028.993528605
3990,1709437054.393944025,-4.037198386,1.627039850,-0.171392219,0.012871883,-0.029311450,-0.810668935,-0.584628969,3097,1709437054.294507265,911254,1709437028.993528605
3991,1709437054.492572546,-4.026409989,1.623432366,-0.170611599,0.013983189,-0.028982338,-0.810601432,-0.584713445,3117,1709437054.393944025,911254,1709437028.993528605
3992,1709437054.591218948,-4.024208344,1.624663241,-0.169810756,0.014476945,-0.028773291,-0.810563209,-0.584764738,3064,1709437054.492572546,911254,1709437028.993528605
3993,1709437054.694654465,-4.008667985,1.627753586,-0.166392984,0.013109319,-0.029527839,-0.810468066,-0.584891243,3037,1709437054.591218948,911254,1709437028.993528605
3994,1709437054.794489861,-3.996700667,1.631774844,-0.170019630,0.014526345,-0.028561775,-0.810286075,-0.585157831,3096,1709437054.694654465,911254,1709437028.993528605
3995,1709437054.895117760,-3.983625213,1.633038347,-0.166595885,0.014002636,-0.029110024,-0.810226452,-0.585226135,3111,1709437054.794489861,911254,1709437028.993528605
3996,1709437054.994876623,-3.979828458,1.631128021,-0.166482145,0.014410847,-0.028775473,-0.810566703,-0.584761422,3069,1709437054.895117760,911254,1709437028.993528605
3997,1709437055.094784737,-3.974218365,1.641124723,-0.166625470,0.014651903,-0.028575466,-0.810469137,-0.584900456,3025,1709437054.994876623,911254,1709437028.993528605
3998,1709437055.194620371,-3.948913897,1.642590874,-0.162665186,0.014431939,-0.028984731,-0.810297744,-0.585123209,3015,1709437055.094784737,911254,1709437028.993528605
3999,1709437055.293653965,-3.938600755,1.652842017,-0.161340567,0.014551975,-0.028852362,-0.810409323,-0.584972230,3113,1709437055.194620371,911254,1709437028.993528605
4000,1709437055.392498732,-3.923654892,1.662102936,-0.159520894,0.014833561,-0.028901474,-0.810592657,-0.584708658,3015,1709437055.293653965,911254,1709437028.993528605
4001,1709437055.494555950,-3.922981955,1.661703463,-0.160353498,0.014702839,-0.028791777,-0.810406543,-0.584975295,3080,1709437055.392498732,911254,1709437028.993528605
4002,1709437055.594800472,-3.925826471,1.655763622,-0.167533320,0.013903199,-0.028912043,-0.810424387,-0.584964193,3098,1709437055.494555950,911254,1709437028.993528605
4003,1709437055.693613768,-3.933811081,1.655153100,-0.170516553,0.014277153,-0.028737736,-0.810813984,-0.584423638,3196,1709437055.594800472,911254,1709437028.993528605
4004,1709437055.792258263,-3.923110818,1.651761687,-0.165492903,0.014146774,-0.029185639,-0.810536310,-0.584789669,3084,1709437055.693613768,911254,1709437028.993528605
4005,1709437055.890902281,-3.930449188,1.651838666,-0.165822648,0.014200119,-0.028756278,-0.810378197,-0.585028726,3039,1709437055.792258263,911254,1709437028.993528605
4006,1709437055.994937658,-3.928870736,1.651049826,-0.170658119,0.014397420,-0.028616182,-0.810623829,-0.584690377,3031,1709437055.890902281,911254,1709437028.993528605
4007,1709437056.094757557,-3.941874398,1.644425852,-0.167944785,0.014170665,-0.028833867,-0.810566652,-0.584764485,3087,1709437055.994937658,911254,1709437028.993528605
4008,1709437056.194619656,-3.962197929,1.634274457,-0.163284480,0.013655164,-0.029529229,-0.810616705,-0.584672660,3090,1709437056.094757557,911254,1709437028.993528605
4009,1709437056.294475079,-3.979717187,1.632708233,-0.161453718,0.013677489,-0.029299034,-0.810208113,-0.585249781,3040,1709437056.194619656,911254,1709437028.993528605
4010,1709437056.395117521,-3.983863778,1.630496869,-0.159889305,0.013938225,-0.029240155,-0.810460657,-0.584896797,3004,1709437056.294475079,911254,1709437028.993528605
4011,1709437056.494704485,-3.986892129,1.630875887,-0.161858672,0.013968391,-0.029149573,-0.810241394,-0.585204297,3107,1709437056.395117521,911254,1709437028.993528605
4012,1709437056.593542337,-3.987592240,1.626071708,-0.161929506,0.014931888,-0.028513153,-0.810466991,-0.584899390,3080,1709437056.494704485,911254,1709437028.993528605
4013,1709437056.692456484,-3.999814408,1.633462830,-0.159785085,0.013886238,-0.029304720,-0.810353053,-0.585043875,3073,1709437056.593542337,911254,1709437028.993528605
4014,1709437056.793701649,-4.015336279,1.625903094,-0.161794196,0.013706124,-0.029196660,-0.810334918,-0.585078643,3068,1709437056.692456484,911254,1709437028.993528605
4015,1709437056.894654989,-4.029039852,1.627571625,-0.162207724,0.013417669,-0.029303919,-0.810495853,-0.584857007,3116,1709437056.793701649,911254,1709437028.993528605
4016,1709437056.993293762,-4.048550653,1.615676558,-0.156973166,0.013234187,-0.029730864,-0.810114619,-0.585367607,3146,1709437056.894654989,911254,1709437028.993528605
4017,1709437057.091960192,-4.041786572,1.611306442,-0.156640425,0.014444839,-0.029021334,-0.810242436,-0.585197662,3066,1709437056.993293762,997130,1709437056.993293762
4018,1709437057.190619707,-4.062442095,1.605690709,-0.151775218,0.013441954,-0.029671097,-0.810269563,-0.585151412,3057,1709437057.091960192,997130,1709437056.993293762
4019,1709437057.294434547,-4.083808951,1.603071658,-0.153488486,0.013124774,-0.029949037,-0.810427740,-0.584925357,3013,1709437057.190619707,997130,1709437056.993293762
4020,1709437057.394991875,-4.089831399,1.596017405,-0.151933201,0.013279965,-0.030027304,-0.810488478,-0.584833678,3059,1709437057.294434547,997130,1709437056.993293762
4021,1709437057.494933367,-4.096582202,1.595519851,-0.152452137,0.014107419,-0.029324567,-0.809794460,-0.585810535,3011,1709437057.394991875,997130,1709437056.993293762
4022,1709437057.594764233,-4.086320922,1.594893539,-0.153731432,0.013770350,-0.029626714,-0.810058404,-0.585438312,2994,1709437057.494933367,997130,1709437056.993293762
4023,1709437057.694605589,-4.087691173,1.594418573,-0.156903603,0.013953678,-0.029295361,-0.809869116,-0.585712465,3111,1709437057.594764233,997130,1709437056.993293762
4024,1709437057.794424057,-4.077285482,1.597792581,-0.157641589,0.013405446,-0.029649322,-0.809835009,-0.585754616,3075,1709437057.694605589,997130,1709437056.993293762
4025,1709437057.893538952,-4.061752501,1.608137023,-0.154714432,0.013964156,-0.029719213,-0.809981427,-0.585535531,3151,1709437057.794424057,997130,1709437056.993293762
4026,1709437057.994720459,-4.048462475,1.613234026,-0.159975404,0.013901535,-0.028930479,-0.810085419,-0.585432651,3060,1709437057.893538952,997130,1709437056.993293762
4027,1709437058.094750404,-4.036961927,1.623368346,-0.163702165,0.013874084,-0.028946012,-0.810220890,-0.585245032,3105,1709437057.994720459,997130,1709437056.993293762
4028,1709437058.194324017,-4.027707392,1.630428004,-0.166519538,0.013412355,-0.029218373,-0.810651125,-0.584646174,3083,1709437058.094750404,997130,1709437056.993293762
4029,1709437058.292990923,-4.024878689,1.634170139,-0.165949131,0.013406778,-0.029151236,-0.810212902,-0.585256796,3145,1709437058.194324017,997130,1709437056.993293762
4030,1709437058.391676188,-4.016143982,1.631586865,-0.164720300,0.013189879,-0.029330768,-0.810299931,-0.585132255,3077,1709437058.292990923,997130,1709437056.993293762
4031,1709437058.490367651,-4.005303889,1.634940001,-0.163023840,0.012806554,-0.029751455,-0.810783364,-0.584449467,3024,1709437058.391676188,997130,1709437056.993293762
4032,1709437058.595114946,-3.995618901,1.632754779,-0.160428107,0.012781009,-0.029918252,-0.810312213,-0.585094575,3003,1709437058.490367651,997130,1709437056.993293762
4033,1709437058.693594933,-3.986317597,1.630373397,-0.155840589,0.014440196,-0.029162808,-0.810363679,-0.585022837,3066,1709437058.595114946,997130,1709437056.993293762
4034,1709437058.794807434,-3.975301533,1.628977296,-0.156427714,0.013661188,-0.029154639,-0.810375781,-0.585025190,2984,1709437058.693594933,997130,1709437056.993293762
4035,1709437058.894629002,-3.972954891,1.623291597,-0.151488547,0.015610481,-0.028862139,-0.810194890,-0.585241429,3038,1709437058.794807434,997130,1709437056.993293762
4036,1709437058.994480133,-3.974141931,1.634268559,-0.154348222,0.014331672,-0.028982698,-0.810431575,-0.584940398,3084,1709437058.894629002,997130,1709437056.993293762
4037,1709437059.094631910,-3.964033628,1.632979706,-0.158128178,0.014039319,-0.029098191,-0.810471427,-0.584886535,3147,1709437058.994480133,997130,1709437056.993293762
4038,1709437059.194621086,-3.961901290,1.625080567,-0.158209749,0.014118478,-0.029216418,-0.810426966,-0.584940341,3076,1709437059.094631910,997130,1709437056.993293762
4039,1709437059.293605804,-3.963451157,1.635918149,-0.160092027,0.014417022,-0.028804468,-0.810640489,-0.584657549,3099,1709437059.194621086,997130,1709437056.993293762
4040,1709437059.394631147,-3.968305137,1.637611233,-0.165258077,0.014590486,-0.028641847,-0.810706585,-0.584569581,3064,1709437059.293605804,997130,1709437056.993293762
4041,1709437059.494029522,-3.976756025,1.637510251,-0.171190740,0.013316454,-0.029026937,-0.810503186,-0.584862971,3091,1709437059.394631147,997130,1709437056.993293762
4042,1709437059.592716217,-3.980047607,1.637949113,-0.170941902,0.014259567,-0.028560882,-0.810585129,-0.584750108,3125,1709437059.494029522,997130,1709437056.993293762
4043,1709437059.691413403,-3.995228182,1.644580953,-0.164939015,0.013505201,-0.029495419,-0.810698909,-0.584563862,3006,1709437059.592716217,997130,1709437056.993293762
4044,1709437059.794805288,-4.004233014,1.641032427,-0.170875268,0.014401144,-0.028373292,-0.810541195,-0.584816667,3026,1709437059.691413403,997130,1709437056.993293762
4045,1709437059.894634962,-4.017387503,1.632341253,-0.168445353,0.014931633,-0.028167986,-0.810453039,-0.584935452,3045,1709437059.794805288,997130,1709437056.993293762
4046,1709437059.993190050,-4.005477218,1.633478245,-0.161486115,0.014568012,-0.028952020,-0.810458627,-0.584898596,3093,1709437059.894634962,997130,1709437056.993293762
