time,current_id,candidate_id,scan_context_distance,icp_fitness,threshold,trans_error,yaw_error,degenerate_pair,accepted,target_points,source_points,reason,directional_noise_applied,directional_translation_scale,weak_tx,weak_ty,weak_tz
1517157236.737563372,45,9,0.151625530,0.169755475,0.300000000,0.053109924,0.001646877,0,1,2947,1036,accepted,0,1.000000000,0.000000000,0.000000000,0.000000000
1517157237.140942335,47,10,0.167291424,nan,nan,nan,nan,0,0,0,1056,current_cooldown_reject,0,1.000000000,0.000000000,0.000000000,0.000000000
1517157237.342662334,48,17,0.129580558,nan,nan,nan,nan,0,0,0,1028,current_cooldown_reject,0,1.000000000,0.000000000,0.000000000,0.000000000
1517157237.746102333,50,17,0.147166374,nan,nan,nan,nan,0,0,0,1090,current_cooldown_reject,0,1.000000000,0.000000000,0.000000000,0.000000000
1517157237.947822332,51,17,0.150219548,nan,nan,nan,nan,0,0,0,1099,current_cooldown_reject,0,1.000000000,0.000000000,0.000000000,0.000000000
1517157238.149482250,52,19,0.140664361,nan,nan,nan,nan,0,0,0,1089,current_cooldown_reject,0,1.000000000,0.000000000,0.000000000,0.000000000
1517157239.158021212,57,26,0.164942130,nan,nan,nan,nan,0,0,0,1086,candidate_cooldown_reject,0,1.000000000,0.000000000,0.000000000,0.000000000
1517157239.359741211,58,26,0.138671990,nan,nan,nan,nan,0,0,0,1081,candidate_cooldown_reject,0,1.000000000,0.000000000,0.000000000,0.000000000
1517157239.561461210,59,27,0.124917069,nan,nan,nan,nan,0,0,0,1094,candidate_cooldown_reject,0,1.000000000,0.000000000,0.000000000,0.000000000
1517157239.964901209,61,27,0.150882258,nan,nan,nan,nan,0,0,0,1042,candidate_cooldown_reject,0,1.000000000,0.000000000,0.000000000,0.000000000
1517157240.166559219,62,27,0.159322929,nan,nan,nan,nan,0,0,0,1052,candidate_cooldown_reject,0,1.000000000,0.000000000,0.000000000,0.000000000
1517157240.368279219,63,31,0.122887023,nan,nan,nan,nan,0,0,0,1090,loop_pair_cooldown_reject,0,1.000000000,0.000000000,0.000000000,0.000000000
1517157240.569999218,64,31,0.087023293,nan,nan,nan,nan,0,0,0,1166,loop_pair_cooldown_reject,0,1.000000000,0.000000000,0.000000000,0.000000000
1517157240.771719217,65,27,0.119202581,nan,nan,nan,nan,0,0,0,1128,candidate_cooldown_reject,0,1.000000000,0.000000000,0.000000000,0.000000000
1517157240.973439217,66,27,0.075445925,nan,nan,nan,nan,0,0,0,1121,candidate_cooldown_reject,0,1.000000000,0.000000000,0.000000000,0.000000000
1517157241.175098181,67,27,0.112669914,nan,nan,nan,nan,0,0,0,1105,candidate_cooldown_reject,0,1.000000000,0.000000000,0.000000000,0.000000000
1517157241.376818180,68,27,0.158146902,nan,nan,nan,nan,0,0,0,1118,candidate_cooldown_reject,0,1.000000000,0.000000000,0.000000000,0.000000000
1517157242.385376215,73,27,0.135569958,nan,nan,nan,nan,0,0,0,1077,candidate_cooldown_reject,0,1.000000000,0.000000000,0.000000000,0.000000000
1517157242.587096214,74,29,0.120588356,nan,nan,nan,nan,0,0,0,1107,loop_pair_cooldown_reject,0,1.000000000,0.000000000,0.000000000,0.000000000
1517157242.788816214,75,27,0.075406860,nan,nan,nan,nan,0,0,0,1096,candidate_cooldown_reject,0,1.000000000,0.000000000,0.000000000,0.000000000
1517157242.990536213,76,28,0.173342331,nan,nan,nan,nan,0,0,0,1095,candidate_cooldown_reject,0,1.000000000,0.000000000,0.000000000,0.000000000
1517157243.192184210,77,27,0.084363588,nan,nan,nan,nan,0,0,0,1110,candidate_cooldown_reject,0,1.000000000,0.000000000,0.000000000,0.000000000
1517157243.595624208,79,47,0.177882428,0.356217165,0.300000000,nan,nan,0,0,2952,1157,fitness_reject,0,1.000000000,0.000000000,0.000000000,0.000000000
1517157243.797344208,80,47,0.145685211,2.667015047,0.300000000,nan,nan,0,0,2952,1122,fitness_reject,0,1.000000000,0.000000000,0.000000000,0.000000000
1517157244.200714350,82,45,0.140016080,1.265448669,0.300000000,nan,nan,0,0,3110,1122,fitness_reject,0,1.000000000,0.000000000,0.000000000,0.000000000
1517157244.402435303,83,45,0.127074271,0.708381498,0.300000000,nan,nan,0,0,3110,1076,fitness_reject,0,1.000000000,0.000000000,0.000000000,0.000000000
1517157244.604155302,84,45,0.154889558,1.888340052,0.300000000,nan,nan,0,0,3110,1115,fitness_reject,0,1.000000000,0.000000000,0.000000000,0.000000000
1517157244.805875301,85,27,0.178568917,nan,nan,nan,nan,0,0,0,1089,candidate_cooldown_reject,0,1.000000000,0.000000000,0.000000000,0.000000000
1517157245.007535219,86,45,0.118920241,2.053871411,0.300000000,nan,nan,0,0,3110,1145,fitness_reject,0,1.000000000,0.000000000,0.000000000,0.000000000
1517157245.209255219,87,52,0.110484720,0.408113411,0.300000000,nan,nan,0,0,2249,1131,fitness_reject,0,1.000000000,0.000000000,0.000000000,0.000000000
1517157245.410975218,88,26,0.116086280,nan,nan,nan,nan,0,0,0,1075,candidate_cooldown_reject,0,1.000000000,0.000000000,0.000000000,0.000000000
1517157245.612695217,89,45,0.057038823,0.639215231,0.300000000,nan,nan,0,0,3110,1070,fitness_reject,0,1.000000000,0.000000000,0.000000000,0.000000000
1517157245.814415216,90,52,0.161360712,0.811647246,0.300000000,nan,nan,0,0,2249,1055,fitness_reject,0,1.000000000,0.000000000,0.000000000,0.000000000
1517157246.016073227,91,45,0.144507842,1.189462698,0.300000000,nan,nan,0,0,3110,1069,fitness_reject,0,1.000000000,0.000000000,0.000000000,0.000000000
1517157246.722094297,94,27,0.114904773,nan,nan,nan,nan,0,0,0,1065,candidate_cooldown_reject,0,1.000000000,0.000000000,0.000000000,0.000000000
1517157246.923814297,95,27,0.077138441,nan,nan,nan,nan,0,0,0,1045,candidate_cooldown_reject,0,1.000000000,0.000000000,0.000000000,0.000000000
1517157247.125473261,96,27,0.090993733,nan,nan,nan,nan,0,0,0,1029,candidate_cooldown_reject,0,1.000000000,0.000000000,0.000000000,0.000000000
1517157247.327193260,97,58,0.116114371,0.530137284,0.300000000,nan,nan,0,0,2301,1056,fitness_reject,0,1.000000000,0.000000000,0.000000000,0.000000000
1517157247.528913260,98,27,0.122156330,nan,nan,nan,nan,0,0,0,1050,candidate_cooldown_reject,0,1.000000000,0.000000000,0.000000000,0.000000000
1517157247.730633259,99,27,0.124441600,nan,nan,nan,nan,0,0,0,1046,candidate_cooldown_reject,0,1.000000000,0.000000000,0.000000000,0.000000000
1517157247.932353258,100,65,0.172573246,1.169900334,0.300000000,nan,nan,0,0,2640,1087,fitness_reject,0,1.000000000,0.000000000,0.000000000,0.000000000
1517157248.134011507,101,26,0.167424431,nan,nan,nan,nan,0,0,0,1083,candidate_cooldown_reject,0,1.000000000,0.000000000,0.000000000,0.000000000
1517157248.335732222,102,61,0.176234066,2.131932575,0.300000000,nan,nan,0,0,2439,1070,fitness_reject,0,1.000000000,0.000000000,0.000000000,0.000000000
1517157248.537452221,103,58,0.082425258,2.868333979,0.300000000,nan,nan,0,0,2301,1040,fitness_reject,0,1.000000000,0.000000000,0.000000000,0.000000000
1517157248.739171982,104,56,0.118612306,3.950669185,0.300000000,nan,nan,0,0,2327,1044,fitness_reject,0,1.000000000,0.000000000,0.000000000,0.000000000
1517157248.940892220,105,55,0.099411913,4.049738302,0.300000000,nan,nan,0,0,2329,1055,fitness_reject,0,1.000000000,0.000000000,0.000000000,0.000000000
1517157249.142550230,106,75,0.078790127,1.360936024,0.300000000,nan,nan,0,0,2684,1015,fitness_reject,0,1.000000000,0.000000000,0.000000000,0.000000000
1517157249.344270229,107,62,0.108750416,1.596851666,0.300000000,nan,nan,0,0,2514,1037,fitness_reject,0,1.000000000,0.000000000,0.000000000,0.000000000
1517157249.545990229,108,60,0.135368044,3.099205801,0.300000000,nan,nan,0,0,2402,1070,fitness_reject,0,1.000000000,0.000000000,0.000000000,0.000000000
1517157249.747710228,109,65,0.132577875,0.949094104,0.300000000,nan,nan,0,0,2640,1019,fitness_reject,0,1.000000000,0.000000000,0.000000000,0.000000000
1517157249.949430227,110,64,0.156996453,3.674683926,0.300000000,nan,nan,0,0,2597,1146,fitness_reject,0,1.000000000,0.000000000,0.000000000,0.000000000
1517157250.151095390,111,64,0.119902706,3.325672653,0.300000000,nan,nan,0,0,2597,1156,fitness_reject,0,1.000000000,0.000000000,0.000000000,0.000000000
1517157250.554536343,113,74,0.162733741,1.922294230,0.300000000,nan,nan,0,0,2670,1131,fitness_reject,0,1.000000000,0.000000000,0.000000000,0.000000000
1517157250.756256342,114,60,0.113642049,2.759839925,0.300000000,nan,nan,0,0,2402,1112,fitness_reject,0,1.000000000,0.000000000,0.000000000,0.000000000
1517157250.957976341,115,27,0.060987560,nan,nan,nan,nan,0,0,0,1123,candidate_cooldown_reject,0,1.000000000,0.000000000,0.000000000,0.000000000
1517157251.159628391,116,27,0.031977038,nan,nan,nan,nan,0,0,0,1118,candidate_cooldown_reject,0,1.000000000,0.000000000,0.000000000,0.000000000
1517157251.361348391,117,58,0.138890832,1.562499828,0.300000000,nan,nan,0,0,2301,1157,fitness_reject,0,1.000000000,0.000000000,0.000000000,0.000000000
1517157251.563068390,118,64,0.154940242,4.808842053,0.300000000,nan,nan,0,0,2597,1140,fitness_reject,0,1.000000000,0.000000000,0.000000000,0.000000000
1517157251.764788389,119,24,0.128813369,nan,nan,nan,nan,0,0,0,1076,candidate_cooldown_reject,0,1.000000000,0.000000000,0.000000000,0.000000000
1517157251.966508389,120,54,0.092297917,1.931430641,0.300000000,nan,nan,0,0,2235,1087,fitness_reject,0,1.000000000,0.000000000,0.000000000,0.000000000
1517157252.168167353,121,58,0.156200138,1.668878440,0.300000000,nan,nan,0,0,2301,1075,fitness_reject,0,1.000000000,0.000000000,0.000000000,0.000000000
1517157252.369888306,122,31,0.107544276,2.501443280,0.300000000,nan,nan,0,0,3100,1062,fitness_reject,0,1.000000000,0.000000000,0.000000000,0.000000000
1517157252.571608305,123,31,0.062161417,3.970713147,0.300000000,nan,nan,0,0,3100,1061,fitness_reject,0,1.000000000,0.000000000,0.000000000,0.000000000
1517157252.773328304,124,58,0.079273862,2.351805423,0.300000000,nan,nan,0,0,2301,1024,fitness_reject,0,1.000000000,0.000000000,0.000000000,0.000000000
1517157252.975048304,125,58,0.144201367,4.324824393,0.300000000,nan,nan,0,0,2301,1067,fitness_reject,0,1.000000000,0.000000000,0.000000000,0.000000000
1517157253.176707268,126,59,0.051685204,1.644235795,0.300000000,nan,nan,0,0,2324,1034,fitness_reject,0,1.000000000,0.000000000,0.000000000,0.000000000
1517157253.378427505,127,59,0.063792600,5.464828376,0.300000000,nan,nan,0,0,2324,1046,fitness_reject,0,1.000000000,0.000000000,0.000000000,0.000000000
1517157253.580147266,128,65,0.078278826,2.087619637,0.300000000,nan,nan,0,0,2640,1004,fitness_reject,0,1.000000000,0.000000000,0.000000000,0.000000000
1517157254.084385395,130,58,0.084937477,1.709989803,0.300000000,nan,nan,0,0,2301,1060,fitness_reject,0,1.000000000,0.000000000,0.000000000,0.000000000
1517157254.286106348,131,67,0.089281292,1.127876379,0.300000000,nan,nan,0,0,2631,1024,fitness_reject,0,1.000000000,0.000000000,0.000000000,0.000000000
1517157254.588686228,132,66,0.103691564,1.016394352,0.300000000,nan,nan,0,0,2580,1038,fitness_reject,0,1.000000000,0.000000000,0.000000000,0.000000000
1517157254.790406227,133,27,0.130042913,nan,nan,nan,nan,0,0,0,1076,candidate_cooldown_reject,0,1.000000000,0.000000000,0.000000000,0.000000000
1517157254.891266346,134,27,0.140998347,nan,nan,nan,nan,0,0,0,1116,candidate_cooldown_reject,0,1.000000000,0.000000000,0.000000000,0.000000000
1517157255.395504236,137,27,0.153163985,nan,nan,nan,nan,0,0,0,986,candidate_cooldown_reject,0,1.000000000,0.000000000,0.000000000,0.000000000
1517157255.496364355,138,52,0.149350070,4.643170273,0.300000000,nan,nan,0,0,2249,1011,fitness_reject,0,1.000000000,0.000000000,0.000000000,0.000000000
1517157255.597224236,139,74,0.070578610,1.080747757,0.300000000,nan,nan,0,0,2670,1062,fitness_reject,0,1.000000000,0.000000000,0.000000000,0.000000000
1517157255.798944235,140,58,0.081064709,7.285763488,0.300000000,nan,nan,0,0,2301,1274,fitness_reject,0,1.000000000,0.000000000,0.000000000,0.000000000
1517157256.202323198,141,45,0.120313514,5.170988618,0.300000000,nan,nan,0,0,3110,1122,fitness_reject,0,1.000000000,0.000000000,0.000000000,0.000000000
1517157257.816023350,147,45,0.176289326,17.014887570,0.300000000,nan,nan,0,0,3110,1251,fitness_reject,0,1.000000000,0.000000000,0.000000000,0.000000000
1517157258.421122313,149,45,0.127021285,12.008550121,0.300000000,nan,nan,0,0,3110,1061,fitness_reject,0,1.000000000,0.000000000,0.000000000,0.000000000
1517157258.723702192,150,64,0.102940642,6.647865156,0.300000000,nan,nan,0,0,2597,1015,fitness_reject,0,1.000000000,0.000000000,0.000000000,0.000000000
1517157259.026221275,151,116,0.086157338,0.314530458,0.300000000,nan,nan,0,0,2514,1008,fitness_reject,0,1.000000000,0.000000000,0.000000000,0.000000000
1517157259.227941275,152,116,0.104535036,0.300203784,0.300000000,nan,nan,0,0,2514,1031,fitness_reject,0,1.000000000,0.000000000,0.000000000,0.000000000
1517157259.429661274,153,116,0.063869629,0.333258847,0.300000000,nan,nan,0,0,2514,1070,fitness_reject,0,1.000000000,0.000000000,0.000000000,0.000000000
1517157259.631381273,154,48,0.135918652,14.213082053,0.300000000,nan,nan,0,0,2815,1084,fitness_reject,0,1.000000000,0.000000000,0.000000000,0.000000000
1517157259.833101273,155,27,0.129264261,nan,nan,nan,nan,0,0,0,1075,candidate_cooldown_reject,0,1.000000000,0.000000000,0.000000000,0.000000000
1517157260.034759283,156,119,0.113236454,0.435200106,0.300000000,nan,nan,0,0,2467,1105,fitness_reject,0,1.000000000,0.000000000,0.000000000,0.000000000
1517157260.337340355,157,49,0.108173607,18.524409370,0.300000000,nan,nan,0,0,2654,1263,fitness_reject,0,1.000000000,0.000000000,0.000000000,0.000000000
1517157260.539060593,158,47,0.134710080,21.458516698,0.300000000,nan,nan,0,0,2952,1332,fitness_reject,0,1.000000000,0.000000000,0.000000000,0.000000000
1517157260.740780354,159,64,0.171719087,14.351861350,0.300000000,nan,nan,0,0,2597,1293,fitness_reject,0,1.000000000,0.000000000,0.000000000,0.000000000
1517157261.245018482,161,31,0.096194406,16.693078551,0.300000000,nan,nan,0,0,3100,1111,fitness_reject,0,1.000000000,0.000000000,0.000000000,0.000000000
1517157261.446738243,162,126,0.082068664,0.293499702,0.300000000,0.338994423,0.002334840,0,1,2417,1138,accepted,0,1.000000000,0.000000000,0.000000000,0.000000000
1517157261.648458242,163,58,0.111415203,nan,nan,nan,nan,0,0,0,1084,current_cooldown_reject,0,1.000000000,0.000000000,0.000000000,0.000000000
1517157261.850178242,164,103,0.054144051,nan,nan,nan,nan,0,0,0,1085,current_cooldown_reject,0,1.000000000,0.000000000,0.000000000,0.000000000
1517157262.051836252,165,33,0.125827003,nan,nan,nan,nan,0,0,0,1082,current_cooldown_reject,0,1.000000000,0.000000000,0.000000000,0.000000000
1517157262.253557205,166,31,0.043009110,nan,nan,nan,nan,0,0,0,1080,current_cooldown_reject,0,1.000000000,0.000000000,0.000000000,0.000000000
1517157262.455277205,167,60,0.037887900,nan,nan,nan,nan,0,0,0,1080,current_cooldown_reject,0,1.000000000,0.000000000,0.000000000,0.000000000
1517157262.656997204,168,61,0.030077421,nan,nan,nan,nan,0,0,0,1114,current_cooldown_reject,0,1.000000000,0.000000000,0.000000000,0.000000000
1517157262.858717203,169,61,0.042571049,nan,nan,nan,nan,0,0,0,1105,current_cooldown_reject,0,1.000000000,0.000000000,0.000000000,0.000000000
1517157263.060377359,170,62,0.062738709,nan,nan,nan,nan,0,0,0,1083,current_cooldown_reject,0,1.000000000,0.000000000,0.000000000,0.000000000
1517157263.262097359,171,135,0.169121113,nan,nan,nan,nan,0,0,0,1163,current_cooldown_reject,0,1.000000000,0.000000000,0.000000000,0.000000000
1517157263.463817358,172,106,0.138655761,nan,nan,nan,nan,0,0,0,1160,loop_pair_cooldown_reject,0,1.000000000,0.000000000,0.000000000,0.000000000
1517157263.665537357,173,116,0.064510704,nan,nan,nan,nan,0,0,0,1092,candidate_cooldown_reject,0,1.000000000,0.000000000,0.000000000,0.000000000
1517157263.968117237,174,45,0.112074192,14.359595881,0.300000000,nan,nan,0,0,3110,1102,fitness_reject,0,1.000000000,0.000000000,0.000000000,0.000000000
1517157264.169784307,175,116,0.154118493,nan,nan,nan,nan,0,0,0,1084,candidate_cooldown_reject,0,1.000000000,0.000000000,0.000000000,0.000000000
1517157264.371505260,176,45,0.149550310,14.685058620,0.300000000,nan,nan,0,0,3110,1077,fitness_reject,0,1.000000000,0.000000000,0.000000000,0.000000000
1517157264.573225260,177,44,0.079024282,12.204575568,0.300000000,nan,nan,0,0,3137,1062,fitness_reject,0,1.000000000,0.000000000,0.000000000,0.000000000
1517157264.774945259,178,77,0.118552883,3.262896598,0.300000000,nan,nan,0,0,2690,1049,fitness_reject,0,1.000000000,0.000000000,0.000000000,0.000000000
1517157264.976665258,179,27,0.110553702,nan,nan,nan,nan,0,0,0,1042,candidate_cooldown_reject,0,1.000000000,0.000000000,0.000000000,0.000000000
1517157265.178314209,180,137,0.114765860,nan,nan,nan,nan,0,0,0,1037,candidate_cooldown_reject,0,1.000000000,0.000000000,0.000000000,0.000000000
1517157265.380034208,181,50,0.056523226,12.979250029,0.300000000,nan,nan,0,0,2404,1017,fitness_reject,0,1.000000000,0.000000000,0.000000000,0.000000000
1517157265.581754208,182,103,0.036782357,nan,nan,nan,nan,0,0,0,1019,loop_pair_cooldown_reject,0,1.000000000,0.000000000,0.000000000,0.000000000
1517157265.783474207,183,47,0.100225619,10.240354370,0.300000000,nan,nan,0,0,2952,1024,fitness_reject,0,1.000000000,0.000000000,0.000000000,0.000000000
1517157265.985194206,184,55,0.100366939,9.527318140,0.300000000,nan,nan,0,0,2329,1027,fitness_reject,0,1.000000000,0.000000000,0.000000000,0.000000000
1517157266.186851978,185,118,0.079006676,nan,nan,nan,nan,0,0,0,1061,candidate_cooldown_reject,0,1.000000000,0.000000000,0.000000000,0.000000000
1517157266.388573408,186,118,0.076868376,nan,nan,nan,nan,0,0,0,1035,candidate_cooldown_reject,0,1.000000000,0.000000000,0.000000000,0.000000000
1517157266.590293407,187,106,0.049944603,nan,nan,nan,nan,0,0,0,1046,loop_pair_cooldown_reject,0,1.000000000,0.000000000,0.000000000,0.000000000
1517157266.792013407,188,106,0.117678941,nan,nan,nan,nan,0,0,0,1032,loop_pair_cooldown_reject,0,1.000000000,0.000000000,0.000000000,0.000000000
1517157266.993733406,189,118,0.153524216,nan,nan,nan,nan,0,0,0,1090,candidate_cooldown_reject,0,1.000000000,0.000000000,0.000000000,0.000000000
1517157267.195393324,190,63,0.130459071,11.880185217,0.300000000,nan,nan,0,0,2505,1155,fitness_reject,0,1.000000000,0.000000000,0.000000000,0.000000000
1517157267.397113323,191,106,0.074286354,nan,nan,nan,nan,0,0,0,1090,loop_pair_cooldown_reject,0,1.000000000,0.000000000,0.000000000,0.000000000
1517157267.598833323,192,116,0.040634799,nan,nan,nan,nan,0,0,0,1105,candidate_cooldown_reject,0,1.000000000,0.000000000,0.000000000,0.000000000
1517157267.800553322,193,48,0.125353427,11.188223306,0.300000000,nan,nan,0,0,2815,1093,fitness_reject,0,1.000000000,0.000000000,0.000000000,0.000000000
1517157268.002210379,194,27,0.113364105,nan,nan,nan,nan,0,0,0,1060,candidate_cooldown_reject,0,1.000000000,0.000000000,0.000000000,0.000000000
1517157268.203931332,195,119,0.142669860,nan,nan,nan,nan,0,0,0,1057,candidate_cooldown_reject,0,1.000000000,0.000000000,0.000000000,0.000000000
1517157268.607371330,197,96,0.127559377,6.927863071,0.300000000,nan,nan,0,0,2551,1091,fitness_reject,0,1.000000000,0.000000000,0.000000000,0.000000000
1517157268.809091330,198,105,0.143549825,3.563480812,0.300000000,nan,nan,0,0,2551,1063,fitness_reject,0,1.000000000,0.000000000,0.000000000,0.000000000
1517157269.010751247,199,168,0.145484817,0.175311823,0.300000000,0.053511886,0.000730606,0,1,2761,1081,accepted,0,1.000000000,0.000000000,0.000000000,0.000000000
1517157269.212471247,200,67,0.131742541,nan,nan,nan,nan,0,0,0,1037,current_cooldown_reject,0,1.000000000,0.000000000,0.000000000,0.000000000
1517157269.414191246,201,89,0.107999883,nan,nan,nan,nan,0,0,0,1045,current_cooldown_reject,0,1.000000000,0.000000000,0.000000000,0.000000000
1517157269.615911245,202,96,0.152943382,nan,nan,nan,nan,0,0,0,1061,current_cooldown_reject,0,1.000000000,0.000000000,0.000000000,0.000000000
1517157269.817631245,203,52,0.158491725,nan,nan,nan,nan,0,0,0,1091,current_cooldown_reject,0,1.000000000,0.000000000,0.000000000,0.000000000
1517157270.019289255,204,164,0.066502262,nan,nan,nan,nan,0,0,0,1061,current_cooldown_reject,0,1.000000000,0.000000000,0.000000000,0.000000000
1517157270.221010208,205,105,0.073562937,nan,nan,nan,nan,0,0,0,1018,current_cooldown_reject,0,1.000000000,0.000000000,0.000000000,0.000000000
1517157270.422730207,206,164,0.124437002,nan,nan,nan,nan,0,0,0,1027,current_cooldown_reject,0,1.000000000,0.000000000,0.000000000,0.000000000
1517157270.624450207,207,126,0.056106952,nan,nan,nan,nan,0,0,0,1015,candidate_cooldown_reject,0,1.000000000,0.000000000,0.000000000,0.000000000
1517157270.826170206,208,164,0.080924693,nan,nan,nan,nan,0,0,0,1018,current_cooldown_reject,0,1.000000000,0.000000000,0.000000000,0.000000000
1517157271.027829409,209,106,0.113833599,5.313556724,0.300000000,nan,nan,0,0,2540,1012,fitness_reject,0,1.000000000,0.000000000,0.000000000,0.000000000
1517157271.229549408,210,169,0.156602408,nan,nan,nan,nan,0,0,0,1022,candidate_cooldown_reject,0,1.000000000,0.000000000,0.000000000,0.000000000
1517157273.952646255,225,172,0.172876566,nan,nan,nan,nan,0,0,0,1450,candidate_cooldown_reject,0,1.000000000,0.000000000,0.000000000,0.000000000
1517157274.557743073,228,115,0.168753645,nan,nan,nan,nan,0,0,0,1286,candidate_cooldown_reject,0,1.000000000,0.000000000,0.000000000,0.000000000
1517157275.061985254,230,141,0.135451453,nan,nan,nan,nan,0,0,0,1114,candidate_cooldown_reject,0,1.000000000,0.000000000,0.000000000,0.000000000
1517157275.162845373,231,114,0.168192090,nan,nan,nan,nan,0,0,0,1190,candidate_cooldown_reject,0,1.000000000,0.000000000,0.000000000,0.000000000
1517157275.667145252,233,24,0.177266784,nan,nan,nan,nan,0,0,0,1124,candidate_cooldown_reject,0,1.000000000,0.000000000,0.000000000,0.000000000
1517157275.969725370,234,172,0.164679285,nan,nan,nan,nan,0,0,0,1086,candidate_cooldown_reject,0,1.000000000,0.000000000,0.000000000,0.000000000
1517157276.473962307,236,61,0.093059222,20.484119173,0.300000000,nan,nan,0,0,2439,1075,fitness_reject,0,1.000000000,0.000000000,0.000000000,0.000000000
1517157276.675683260,237,117,0.122079222,nan,nan,nan,nan,0,0,0,1071,candidate_cooldown_reject,0,1.000000000,0.000000000,0.000000000,0.000000000
1517157276.978263378,238,65,0.063326265,19.950142410,0.300000000,nan,nan,0,0,2640,1036,fitness_reject,0,1.000000000,0.000000000,0.000000000,0.000000000
1517157277.280783176,239,182,0.141777615,nan,nan,nan,nan,0,0,0,1031,candidate_cooldown_reject,0,1.000000000,0.000000000,0.000000000,0.000000000
1517157277.583363295,240,124,0.100261116,nan,nan,nan,nan,0,0,0,992,candidate_cooldown_reject,0,1.000000000,0.000000000,0.000000000,0.000000000
1517157277.885943413,241,103,0.084918019,23.659342712,0.300000000,nan,nan,0,0,2523,959,fitness_reject,0,1.000000000,0.000000000,0.000000000,0.000000000
1517157278.188462257,242,192,0.077945413,0.599784601,0.300000000,nan,nan,0,0,2328,947,fitness_reject,0,1.000000000,0.000000000,0.000000000,0.000000000
1517157278.390182257,243,182,0.116863020,nan,nan,nan,nan,0,0,0,913,candidate_cooldown_reject,0,1.000000000,0.000000000,0.000000000,0.000000000
1517157278.591902256,244,51,0.159737065,21.797650309,0.300000000,nan,nan,0,0,2280,895,fitness_reject,0,1.000000000,0.000000000,0.000000000,0.000000000
1517157278.793622255,245,134,0.084362927,nan,nan,nan,nan,0,0,0,907,candidate_cooldown_reject,0,1.000000000,0.000000000,0.000000000,0.000000000
1517157278.995343208,246,192,0.066353335,0.639015189,0.300000000,nan,nan,0,0,2328,933,fitness_reject,0,1.000000000,0.000000000,0.000000000,0.000000000
1517157279.197000265,247,45,0.105671443,107.055228009,0.300000000,nan,nan,0,0,3110,944,fitness_reject,0,1.000000000,0.000000000,0.000000000,0.000000000
1517157279.398720264,248,45,0.144228651,117.584499249,0.300000000,nan,nan,0,0,3110,956,fitness_reject,0,1.000000000,0.000000000,0.000000000,0.000000000
1517157279.600440264,249,105,0.087782259,20.123257962,0.300000000,nan,nan,0,0,2551,952,fitness_reject,0,1.000000000,0.000000000,0.000000000,0.000000000
1517157279.802160501,250,113,0.126706037,nan,nan,nan,nan,0,0,0,961,candidate_cooldown_reject,0,1.000000000,0.000000000,0.000000000,0.000000000
1517157280.003819227,251,165,0.155507153,nan,nan,nan,nan,0,0,0,949,candidate_cooldown_reject,0,1.000000000,0.000000000,0.000000000,0.000000000
1517157280.205539227,252,192,0.096327867,0.785849616,0.300000000,nan,nan,0,0,2328,1000,fitness_reject,0,1.000000000,0.000000000,0.000000000,0.000000000
1517157280.407259226,253,166,0.057034550,nan,nan,nan,nan,0,0,0,992,candidate_cooldown_reject,0,1.000000000,0.000000000,0.000000000,0.000000000
1517157280.608979225,254,191,0.048695515,0.794880240,0.300000000,nan,nan,0,0,2341,1018,fitness_reject,0,1.000000000,0.000000000,0.000000000,0.000000000
1517157280.810699224,255,192,0.122466754,0.796323146,0.300000000,nan,nan,0,0,2328,959,fitness_reject,0,1.000000000,0.000000000,0.000000000,0.000000000
1517157281.012358189,256,182,0.097623854,nan,nan,nan,nan,0,0,0,1078,candidate_cooldown_reject,0,1.000000000,0.000000000,0.000000000,0.000000000
1517157281.214078188,257,118,0.105287467,nan,nan,nan,nan,0,0,0,1025,candidate_cooldown_reject,0,1.000000000,0.000000000,0.000000000,0.000000000
1517157281.415798187,258,150,0.075918260,nan,nan,nan,nan,0,0,0,1122,candidate_cooldown_reject,0,1.000000000,0.000000000,0.000000000,0.000000000
1517157281.617518187,259,173,0.076664766,nan,nan,nan,nan,0,0,0,1118,candidate_cooldown_reject,0,1.000000000,0.000000000,0.000000000,0.000000000
1517157281.819238186,260,116,0.121283241,nan,nan,nan,nan,0,0,0,1154,candidate_cooldown_reject,0,1.000000000,0.000000000,0.000000000,0.000000000
1517157282.020897388,261,116,0.164167076,nan,nan,nan,nan,0,0,0,1102,candidate_cooldown_reject,0,1.000000000,0.000000000,0.000000000,0.000000000
1517157282.222617388,262,116,0.084999298,nan,nan,nan,nan,0,0,0,1120,candidate_cooldown_reject,0,1.000000000,0.000000000,0.000000000,0.000000000
1517157282.424337387,263,67,0.139454304,28.857320216,0.300000000,nan,nan,0,0,2631,1104,fitness_reject,0,1.000000000,0.000000000,0.000000000,0.000000000
1517157283.029436350,265,175,0.167102809,nan,nan,nan,nan,0,0,0,1135,candidate_cooldown_reject,0,1.000000000,0.000000000,0.000000000,0.000000000
1517157283.231156111,266,116,0.121371507,nan,nan,nan,nan,0,0,0,1143,candidate_cooldown_reject,0,1.000000000,0.000000000,0.000000000,0.000000000
1517157283.432876348,267,67,0.155675642,33.596387675,0.300000000,nan,nan,0,0,2631,1110,fitness_reject,0,1.000000000,0.000000000,0.000000000,0.000000000
1517157283.836316347,269,192,0.075186368,0.880561910,0.300000000,nan,nan,0,0,2328,1111,fitness_reject,0,1.000000000,0.000000000,0.000000000,0.000000000
1517157284.037974358,270,192,0.042101020,1.110659858,0.300000000,nan,nan,0,0,2328,1071,fitness_reject,0,1.000000000,0.000000000,0.000000000,0.000000000
1517157284.239694357,271,165,0.037219224,nan,nan,nan,nan,0,0,0,1055,candidate_cooldown_reject,0,1.000000000,0.000000000,0.000000000,0.000000000
1517157284.441414356,272,31,0.142763673,634.951569687,0.300000000,nan,nan,0,0,3100,1039,fitness_reject,0,1.000000000,0.000000000,0.000000000,0.000000000
1517157284.643134356,273,26,0.109622462,nan,nan,nan,nan,0,0,0,1029,candidate_cooldown_reject,0,1.000000000,0.000000000,0.000000000,0.000000000
1517157284.844854355,274,165,0.082239384,nan,nan,nan,nan,0,0,0,1050,candidate_cooldown_reject,0,1.000000000,0.000000000,0.000000000,0.000000000
1517157285.046521187,275,116,0.125351955,nan,nan,nan,nan,0,0,0,1001,candidate_cooldown_reject,0,1.000000000,0.000000000,0.000000000,0.000000000
1517157285.248242378,276,67,0.107646769,35.662291876,0.300000000,nan,nan,0,0,2631,1015,fitness_reject,0,1.000000000,0.000000000,0.000000000,0.000000000
1517157285.550822258,277,127,0.022527445,nan,nan,nan,nan,0,0,0,982,candidate_cooldown_reject,0,1.000000000,0.000000000,0.000000000,0.000000000
1517157285.752542257,278,107,0.118492541,nan,nan,nan,nan,0,0,0,979,candidate_cooldown_reject,0,1.000000000,0.000000000,0.000000000,0.000000000
1517157285.954262257,279,106,0.111955405,16.441963699,0.300000000,nan,nan,0,0,2540,993,fitness_reject,0,1.000000000,0.000000000,0.000000000,0.000000000
1517157286.155912399,280,65,0.103465073,69.766405379,0.300000000,nan,nan,0,0,2640,1053,fitness_reject,0,1.000000000,0.000000000,0.000000000,0.000000000
1517157286.357632399,281,126,0.091783130,nan,nan,nan,nan,0,0,0,1010,candidate_cooldown_reject,0,1.000000000,0.000000000,0.000000000,0.000000000
1517157286.559352398,282,106,0.101038364,17.156175337,0.300000000,nan,nan,0,0,2540,988,fitness_reject,0,1.000000000,0.000000000,0.000000000,0.000000000
1517157286.761072397,283,172,0.071508666,nan,nan,nan,nan,0,0,0,948,candidate_cooldown_reject,0,1.000000000,0.000000000,0.000000000,0.000000000
1517157286.962792397,284,169,0.047748501,nan,nan,nan,nan,0,0,0,960,candidate_cooldown_reject,0,1.000000000,0.000000000,0.000000000,0.000000000
1517157287.164451361,285,172,0.089898170,nan,nan,nan,nan,0,0,0,999,candidate_cooldown_reject,0,1.000000000,0.000000000,0.000000000,0.000000000
1517157287.567892313,287,65,0.150025373,67.832285517,0.300000000,nan,nan,0,0,2640,947,fitness_reject,0,1.000000000,0.000000000,0.000000000,0.000000000
1517157287.769612312,288,117,0.164461377,nan,nan,nan,nan,0,0,0,944,candidate_cooldown_reject,0,1.000000000,0.000000000,0.000000000,0.000000000
1517157287.971332312,289,231,0.150954820,0.517296566,0.300000000,nan,nan,0,0,2671,974,fitness_reject,0,1.000000000,0.000000000,0.000000000,0.000000000
1517157288.172514677,290,231,0.148736752,0.660571492,0.300000000,nan,nan,0,0,2671,933,fitness_reject,0,1.000000000,0.000000000,0.000000000,0.000000000
1517157309.856610298,328,27,0.170302296,nan,nan,nan,nan,0,0,0,689,candidate_cooldown_reject,0,1.000000000,0.000000000,0.000000000,0.000000000
1517157311.268527269,335,26,0.136167868,nan,nan,nan,nan,0,0,0,767,candidate_cooldown_reject,0,1.000000000,0.000000000,0.000000000,0.000000000
1517157314.899305105,351,260,0.102934065,nan,nan,nan,nan,0,0,2158,874,icp_not_converged,0,1.000000000,0.000000000,0.000000000,0.000000000
1517157315.100964308,352,260,0.100117887,nan,nan,nan,nan,0,0,2158,867,icp_not_converged,0,1.000000000,0.000000000,0.000000000,0.000000000
1517157315.302684307,353,260,0.142604409,nan,nan,nan,nan,0,0,2158,897,icp_not_converged,0,1.000000000,0.000000000,0.000000000,0.000000000
1517157315.504404306,354,166,0.156594426,nan,nan,nan,nan,0,0,0,928,candidate_cooldown_reject,0,1.000000000,0.000000000,0.000000000,0.000000000
1517157315.706125259,355,26,0.086028521,nan,nan,nan,nan,0,0,0,943,candidate_cooldown_reject,0,1.000000000,0.000000000,0.000000000,0.000000000
1517157315.907845259,356,48,0.112432322,nan,nan,nan,nan,0,0,2815,928,icp_not_converged,0,1.000000000,0.000000000,0.000000000,0.000000000
1517157316.109503269,357,46,0.114319326,nan,nan,nan,nan,0,0,3053,956,icp_not_converged,0,1.000000000,0.000000000,0.000000000,0.000000000
1517157316.311223269,358,46,0.070681231,nan,nan,nan,nan,0,0,3053,984,icp_not_converged,0,1.000000000,0.000000000,0.000000000,0.000000000
1517157316.512943268,359,26,0.094384288,nan,nan,nan,nan,0,0,0,1006,candidate_cooldown_reject,0,1.000000000,0.000000000,0.000000000,0.000000000
1517157316.714663267,360,26,0.146434864,nan,nan,nan,nan,0,0,0,1015,candidate_cooldown_reject,0,1.000000000,0.000000000,0.000000000,0.000000000
1517157316.916383266,361,43,0.120138039,nan,nan,nan,nan,0,0,3178,1015,icp_not_converged,0,1.000000000,0.000000000,0.000000000,0.000000000
1517157317.319763184,363,166,0.101062284,nan,nan,nan,nan,0,0,0,1085,candidate_cooldown_reject,0,1.000000000,0.000000000,0.000000000,0.000000000
1517157317.521483183,364,31,0.112908661,nan,nan,nan,nan,0,0,3100,1096,icp_not_converged,0,1.000000000,0.000000000,0.000000000,0.000000000
1517157317.723203182,365,31,0.096864338,nan,nan,nan,nan,0,0,3100,1045,icp_not_converged,0,1.000000000,0.000000000,0.000000000,0.000000000
1517157317.924923182,366,31,0.096045080,nan,nan,nan,nan,0,0,3100,1079,icp_not_converged,0,1.000000000,0.000000000,0.000000000,0.000000000
1517157318.126582384,367,166,0.033536560,nan,nan,nan,nan,0,0,0,1076,candidate_cooldown_reject,0,1.000000000,0.000000000,0.000000000,0.000000000
1517157318.328302383,368,166,0.081712513,nan,nan,nan,nan,0,0,0,1073,candidate_cooldown_reject,0,1.000000000,0.000000000,0.000000000,0.000000000
1517157318.530022383,369,166,0.043745383,nan,nan,nan,nan,0,0,0,1068,candidate_cooldown_reject,0,1.000000000,0.000000000,0.000000000,0.000000000
1517157318.731742382,370,169,0.071724252,nan,nan,nan,nan,0,0,0,1077,candidate_cooldown_reject,0,1.000000000,0.000000000,0.000000000,0.000000000
1517157318.933462381,371,169,0.064324466,nan,nan,nan,nan,0,0,0,1070,candidate_cooldown_reject,0,1.000000000,0.000000000,0.000000000,0.000000000
1517157319.135120392,372,170,0.035661140,nan,nan,nan,nan,0,0,0,1056,candidate_cooldown_reject,0,1.000000000,0.000000000,0.000000000,0.000000000
1517157319.336840391,373,169,0.066002882,nan,nan,nan,nan,0,0,0,1083,candidate_cooldown_reject,0,1.000000000,0.000000000,0.000000000,0.000000000
1517157319.538560629,374,187,0.135897987,nan,nan,nan,nan,0,0,0,1079,candidate_cooldown_reject,0,1.000000000,0.000000000,0.000000000,0.000000000
1517157319.740280390,375,166,0.096952760,nan,nan,nan,nan,0,0,0,1089,candidate_cooldown_reject,0,1.000000000,0.000000000,0.000000000,0.000000000
1517157319.942000389,376,42,0.129427191,nan,nan,nan,nan,0,0,3189,1084,icp_not_converged,0,1.000000000,0.000000000,0.000000000,0.000000000
1517157320.143660307,377,169,0.068336642,nan,nan,nan,nan,0,0,0,1084,candidate_cooldown_reject,0,1.000000000,0.000000000,0.000000000,0.000000000
1517157320.345380306,378,169,0.078055128,nan,nan,nan,nan,0,0,0,1095,candidate_cooldown_reject,0,1.000000000,0.000000000,0.000000000,0.000000000
1517157320.547100306,379,169,0.144029868,nan,nan,nan,nan,0,0,0,1157,candidate_cooldown_reject,0,1.000000000,0.000000000,0.000000000,0.000000000
1517157320.748820305,380,238,0.080377349,nan,nan,nan,nan,0,0,2528,1139,icp_not_converged,0,1.000000000,0.000000000,0.000000000,0.000000000
1517157320.950540304,381,65,0.065905948,nan,nan,nan,nan,0,0,2640,1138,icp_not_converged,0,1.000000000,0.000000000,0.000000000,0.000000000
1517157321.152198315,382,65,0.122585594,nan,nan,nan,nan,0,0,2640,1138,icp_not_converged,0,1.000000000,0.000000000,0.000000000,0.000000000
1517157321.353918314,383,282,0.117193342,nan,nan,nan,nan,0,0,1972,1144,icp_not_converged,0,1.000000000,0.000000000,0.000000000,0.000000000
1517157321.656498194,384,89,0.078387285,nan,nan,nan,nan,0,0,2508,1110,icp_not_converged,0,1.000000000,0.000000000,0.000000000,0.000000000
1517157321.858218193,385,187,0.082154520,nan,nan,nan,nan,0,0,0,1111,candidate_cooldown_reject,0,1.000000000,0.000000000,0.000000000,0.000000000
1517157322.059877396,386,187,0.095590403,nan,nan,nan,nan,0,0,0,1116,candidate_cooldown_reject,0,1.000000000,0.000000000,0.000000000,0.000000000
1517157322.261597395,387,187,0.123142047,nan,nan,nan,nan,0,0,0,1103,candidate_cooldown_reject,0,1.000000000,0.000000000,0.000000000,0.000000000
1517157322.463318348,388,182,0.161136039,nan,nan,nan,nan,0,0,0,1115,candidate_cooldown_reject,0,1.000000000,0.000000000,0.000000000,0.000000000
1517157322.665038347,389,187,0.102232927,nan,nan,nan,nan,0,0,0,1110,candidate_cooldown_reject,0,1.000000000,0.000000000,0.000000000,0.000000000
1517157322.866758347,390,182,0.105295836,nan,nan,nan,nan,0,0,0,1098,candidate_cooldown_reject,0,1.000000000,0.000000000,0.000000000,0.000000000
1517157323.068416357,391,175,0.141512188,nan,nan,nan,nan,0,0,0,1093,candidate_cooldown_reject,0,1.000000000,0.000000000,0.000000000,0.000000000
1517157323.270136356,392,182,0.115696726,nan,nan,nan,nan,0,0,0,1093,candidate_cooldown_reject,0,1.000000000,0.000000000,0.000000000,0.000000000
1517157323.471856356,393,187,0.105364790,nan,nan,nan,nan,0,0,0,1102,candidate_cooldown_reject,0,1.000000000,0.000000000,0.000000000,0.000000000
1517157323.774436235,394,184,0.125253530,nan,nan,nan,nan,0,0,0,1096,candidate_cooldown_reject,0,1.000000000,0.000000000,0.000000000,0.000000000
1517157324.076955318,395,175,0.108906063,nan,nan,nan,nan,0,0,0,1095,candidate_cooldown_reject,0,1.000000000,0.000000000,0.000000000,0.000000000
1517157324.379535198,396,67,0.172320864,nan,nan,nan,nan,0,0,2631,1128,icp_not_converged,0,1.000000000,0.000000000,0.000000000,0.000000000
1517157324.682116270,397,166,0.094168378,nan,nan,nan,nan,0,0,0,1113,candidate_cooldown_reject,0,1.000000000,0.000000000,0.000000000,0.000000000
1517157324.883836269,398,166,0.096483300,nan,nan,nan,nan,0,0,0,1119,candidate_cooldown_reject,0,1.000000000,0.000000000,0.000000000,0.000000000
1517157325.085495234,399,116,0.045104323,nan,nan,nan,nan,0,0,0,1104,candidate_cooldown_reject,0,1.000000000,0.000000000,0.000000000,0.000000000
1517157325.287214994,400,270,0.037126234,nan,nan,nan,nan,0,0,2029,1096,icp_not_converged,0,1.000000000,0.000000000,0.000000000,0.000000000
1517157325.488935232,401,114,0.107945028,nan,nan,nan,nan,0,0,0,1104,candidate_cooldown_reject,0,1.000000000,0.000000000,0.000000000,0.000000000
1517157325.690655231,402,169,0.122687490,nan,nan,nan,nan,0,0,0,1117,candidate_cooldown_reject,0,1.000000000,0.000000000,0.000000000,0.000000000
1517157325.892375231,403,123,0.142040747,nan,nan,nan,nan,0,0,0,1117,candidate_cooldown_reject,0,1.000000000,0.000000000,0.000000000,0.000000000
1517157326.094034195,404,237,0.178688662,nan,nan,nan,nan,0,0,2555,1133,icp_not_converged,0,1.000000000,0.000000000,0.000000000,0.000000000
1517157326.699194193,407,122,0.147468730,nan,nan,nan,nan,0,0,0,1098,candidate_cooldown_reject,0,1.000000000,0.000000000,0.000000000,0.000000000
1517157326.900915384,408,199,0.130023570,nan,nan,nan,nan,0,0,2324,1125,icp_not_converged,0,1.000000000,0.000000000,0.000000000,0.000000000
1517157327.102581263,409,199,0.124436599,nan,nan,nan,nan,0,0,2324,1132,icp_not_converged,0,1.000000000,0.000000000,0.000000000,0.000000000
1517157327.304301262,410,184,0.130252125,nan,nan,nan,nan,0,0,0,1111,candidate_cooldown_reject,0,1.000000000,0.000000000,0.000000000,0.000000000
1517157327.506021261,411,280,0.119948454,nan,nan,nan,nan,0,0,1909,1177,icp_not_converged,0,1.000000000,0.000000000,0.000000000,0.000000000
1517157327.707741261,412,65,0.118974815,nan,nan,nan,nan,0,0,2640,1119,icp_not_converged,0,1.000000000,0.000000000,0.000000000,0.000000000
1517157327.909461260,413,65,0.096208849,nan,nan,nan,nan,0,0,2640,1097,icp_not_converged,0,1.000000000,0.000000000,0.000000000,0.000000000
1517157328.111109495,414,206,0.056394375,nan,nan,nan,nan,0,0,2447,1113,icp_not_converged,0,1.000000000,0.000000000,0.000000000,0.000000000
1517157328.312829256,415,165,0.035477892,nan,nan,nan,nan,0,0,0,1110,candidate_cooldown_reject,0,1.000000000,0.000000000,0.000000000,0.000000000
1517157328.514549255,416,165,0.025377780,nan,nan,nan,nan,0,0,0,1106,candidate_cooldown_reject,0,1.000000000,0.000000000,0.000000000,0.000000000
1517157328.817129374,417,172,0.091229232,nan,nan,nan,nan,0,0,0,1088,candidate_cooldown_reject,0,1.000000000,0.000000000,0.000000000,0.000000000
1517157329.018791199,418,282,0.037906037,nan,nan,nan,nan,0,0,1972,1103,icp_not_converged,0,1.000000000,0.000000000,0.000000000,0.000000000
1517157329.220511198,419,169,0.099234157,nan,nan,nan,nan,0,0,0,1090,candidate_cooldown_reject,0,1.000000000,0.000000000,0.000000000,0.000000000
1517157329.422231197,420,238,0.173989630,nan,nan,nan,nan,0,0,2528,1073,icp_not_converged,0,1.000000000,0.000000000,0.000000000,0.000000000
1517157329.623951197,421,166,0.079774162,nan,nan,nan,nan,0,0,0,1147,candidate_cooldown_reject,0,1.000000000,0.000000000,0.000000000,0.000000000
1517157329.926531315,422,269,0.153886822,nan,nan,nan,nan,0,0,2054,1100,icp_not_converged,0,1.000000000,0.000000000,0.000000000,0.000000000
1517157330.229051352,423,253,0.095905578,nan,nan,nan,nan,0,0,2231,1113,icp_not_converged,0,1.000000000,0.000000000,0.000000000,0.000000000
1517157330.531630993,424,253,0.086175725,nan,nan,nan,nan,0,0,2231,1093,icp_not_converged,0,1.000000000,0.000000000,0.000000000,0.000000000
1517157330.733351231,425,106,0.084673317,nan,nan,nan,nan,0,0,2540,1091,icp_not_converged,0,1.000000000,0.000000000,0.000000000,0.000000000
1517157330.935071230,426,116,0.116457461,nan,nan,nan,nan,0,0,0,1108,candidate_cooldown_reject,0,1.000000000,0.000000000,0.000000000,0.000000000
1517157331.136727333,427,192,0.096518046,nan,nan,nan,nan,0,0,2328,1098,icp_not_converged,0,1.000000000,0.000000000,0.000000000,0.000000000
1517157331.338447332,428,172,0.157381890,nan,nan,nan,nan,0,0,0,1213,candidate_cooldown_reject,0,1.000000000,0.000000000,0.000000000,0.000000000
1517157331.741887331,430,238,0.102923821,nan,nan,nan,nan,0,0,2528,1246,icp_not_converged,0,1.000000000,0.000000000,0.000000000,0.000000000
1517157331.842747211,431,246,0.048918736,nan,nan,nan,nan,0,0,2288,1142,icp_not_converged,0,1.000000000,0.000000000,0.000000000,0.000000000
1517157332.044409275,432,48,0.147121036,nan,nan,nan,nan,0,0,2815,1153,icp_not_converged,0,1.000000000,0.000000000,0.000000000,0.000000000
1517157332.246129036,433,116,0.116155735,nan,nan,nan,nan,0,0,0,1195,candidate_cooldown_reject,0,1.000000000,0.000000000,0.000000000,0.000000000
1517157332.447849274,434,116,0.162110758,nan,nan,nan,nan,0,0,0,1082,candidate_cooldown_reject,0,1.000000000,0.000000000,0.000000000,0.000000000
1517157332.649569273,435,116,0.066679992,nan,nan,nan,nan,0,0,0,1093,candidate_cooldown_reject,0,1.000000000,0.000000000,0.000000000,0.000000000
1517157332.851289272,436,116,0.065665156,nan,nan,nan,nan,0,0,0,1049,candidate_cooldown_reject,0,1.000000000,0.000000000,0.000000000,0.000000000
1517157333.052948236,437,116,0.063678076,nan,nan,nan,nan,0,0,0,1072,candidate_cooldown_reject,0,1.000000000,0.000000000,0.000000000,0.000000000
1517157333.254668236,438,116,0.078289549,nan,nan,nan,nan,0,0,0,1095,candidate_cooldown_reject,0,1.000000000,0.000000000,0.000000000,0.000000000
1517157333.456389189,439,50,0.065127482,nan,nan,nan,nan,0,0,2404,1078,icp_not_converged,0,1.000000000,0.000000000,0.000000000,0.000000000
1517157333.658109188,440,266,0.082116502,nan,nan,nan,nan,0,0,2081,1078,icp_not_converged,0,1.000000000,0.000000000,0.000000000,0.000000000
1517157333.859829187,441,117,0.061542931,nan,nan,nan,nan,0,0,0,1080,candidate_cooldown_reject,0,1.000000000,0.000000000,0.000000000,0.000000000
1517157334.061488390,442,117,0.111642919,nan,nan,nan,nan,0,0,0,1060,candidate_cooldown_reject,0,1.000000000,0.000000000,0.000000000,0.000000000
1517157334.263208389,443,117,0.153911356,nan,nan,nan,nan,0,0,0,1069,candidate_cooldown_reject,0,1.000000000,0.000000000,0.000000000,0.000000000
1517157334.464928627,444,117,0.108427922,nan,nan,nan,nan,0,0,0,1079,candidate_cooldown_reject,0,1.000000000,0.000000000,0.000000000,0.000000000
1517157335.070026398,447,46,0.113141536,nan,nan,nan,nan,0,0,3053,1065,icp_not_converged,0,1.000000000,0.000000000,0.000000000,0.000000000
1517157335.271746397,448,50,0.066180675,nan,nan,nan,nan,0,0,2404,1067,icp_not_converged,0,1.000000000,0.000000000,0.000000000,0.000000000
1517157335.473466396,449,245,0.046160925,nan,nan,nan,nan,0,0,2249,1114,icp_not_converged,0,1.000000000,0.000000000,0.000000000,0.000000000
1517157335.675187349,450,51,0.123125859,nan,nan,nan,nan,0,0,2280,1126,icp_not_converged,0,1.000000000,0.000000000,0.000000000,0.000000000
1517157335.876907349,451,240,0.077831268,nan,nan,nan,nan,0,0,2350,1113,icp_not_converged,0,1.000000000,0.000000000,0.000000000,0.000000000
1517157336.078565359,452,240,0.088591687,nan,nan,nan,nan,0,0,2350,1077,icp_not_converged,0,1.000000000,0.000000000,0.000000000,0.000000000
1517157336.280285358,453,133,0.092331479,nan,nan,nan,nan,0,0,0,1062,candidate_cooldown_reject,0,1.000000000,0.000000000,0.000000000,0.000000000
1517157336.482005358,454,54,0.109299624,nan,nan,nan,nan,0,0,2235,1070,icp_not_converged,0,1.000000000,0.000000000,0.000000000,0.000000000
1517157336.683725357,455,252,0.089186627,nan,nan,nan,nan,0,0,2225,1057,icp_not_converged,0,1.000000000,0.000000000,0.000000000,0.000000000
1517157336.885445356,456,45,0.156260347,nan,nan,nan,nan,0,0,3110,1059,icp_not_converged,0,1.000000000,0.000000000,0.000000000,0.000000000
1517157337.087104321,457,272,0.121661040,nan,nan,nan,nan,0,0,2033,1052,icp_not_converged,0,1.000000000,0.000000000,0.000000000,0.000000000
1517157337.288824320,458,250,0.153007289,nan,nan,nan,nan,0,0,2246,1050,icp_not_converged,0,1.000000000,0.000000000,0.000000000,0.000000000
1517157337.490544319,459,254,0.120203191,nan,nan,nan,nan,0,0,2167,1044,icp_not_converged,0,1.000000000,0.000000000,0.000000000,0.000000000
1517157337.692264080,460,52,0.140121057,nan,nan,nan,nan,0,0,2249,1048,icp_not_converged,0,1.000000000,0.000000000,0.000000000,0.000000000
1517157337.893985271,461,117,0.086215949,nan,nan,nan,nan,0,0,0,1042,candidate_cooldown_reject,0,1.000000000,0.000000000,0.000000000,0.000000000
1517157338.095640182,462,54,0.034968105,nan,nan,nan,nan,0,0,2235,1057,icp_not_converged,0,1.000000000,0.000000000,0.000000000,0.000000000
1517157338.499080181,464,168,0.041884896,nan,nan,nan,nan,0,0,0,1103,candidate_cooldown_reject,0,1.000000000,0.000000000,0.000000000,0.000000000
1517157338.801660299,465,276,0.022420240,nan,nan,nan,nan,0,0,1948,1031,icp_not_converged,0,1.000000000,0.000000000,0.000000000,0.000000000
1517157339.104182243,466,420,0.140495681,0.301034310,0.300000000,nan,nan,0,0,2410,1091,fitness_reject,0,1.000000000,0.000000000,0.000000000,0.000000000
1517157339.305902243,467,192,0.166674109,nan,nan,nan,nan,0,0,2328,1096,icp_not_converged,0,1.000000000,0.000000000,0.000000000,0.000000000
1517157339.608482361,468,65,0.049428997,nan,nan,nan,nan,0,0,2640,1060,icp_not_converged,0,1.000000000,0.000000000,0.000000000,0.000000000
1517157339.911062241,469,61,0.066300989,nan,nan,nan,nan,0,0,2439,1077,icp_not_converged,0,1.000000000,0.000000000,0.000000000,0.000000000
1517157340.213582993,470,67,0.048192131,nan,nan,nan,nan,0,0,2631,1028,icp_not_converged,0,1.000000000,0.000000000,0.000000000,0.000000000
1517157340.516163349,471,437,0.064045112,0.154034194,0.300000000,0.089496317,0.003074360,0,1,2343,1021,accepted,0,1.000000000,0.000000000,0.000000000,0.000000000
1517157340.818743229,472,45,0.094758477,nan,nan,nan,nan,0,0,0,988,current_cooldown_reject,0,1.000000000,0.000000000,0.000000000,0.000000000
1517157341.121261358,473,432,0.133748581,nan,nan,nan,nan,0,0,0,949,current_cooldown_reject,0,1.000000000,0.000000000,0.000000000,0.000000000
1517157341.322981358,474,243,0.056122839,nan,nan,nan,nan,0,0,0,924,current_cooldown_reject,0,1.000000000,0.000000000,0.000000000,0.000000000
1517157341.524701357,475,392,0.090551691,nan,nan,nan,nan,0,0,0,929,current_cooldown_reject,0,1.000000000,0.000000000,0.000000000,0.000000000
1517157341.726421356,476,266,0.101842703,nan,nan,nan,nan,0,0,0,927,current_cooldown_reject,0,1.000000000,0.000000000,0.000000000,0.000000000
1517157341.928141356,477,266,0.071787698,nan,nan,nan,nan,0,0,0,892,current_cooldown_reject,0,1.000000000,0.000000000,0.000000000,0.000000000
1517157342.129801273,478,177,0.061572726,nan,nan,nan,nan,0,0,0,894,candidate_cooldown_reject,0,1.000000000,0.000000000,0.000000000,0.000000000
1517157342.331522226,479,397,0.072299290,nan,nan,nan,nan,0,0,0,842,current_cooldown_reject,0,1.000000000,0.000000000,0.000000000,0.000000000
1517157342.533242226,480,432,0.091676912,nan,nan,nan,nan,0,0,0,842,current_cooldown_reject,0,1.000000000,0.000000000,0.000000000,0.000000000
1517157342.734962225,481,432,0.093606348,nan,nan,nan,nan,0,0,0,839,candidate_cooldown_reject,0,1.000000000,0.000000000,0.000000000,0.000000000
1517157342.936682224,482,269,0.142425322,nan,nan,nan,nan,0,0,2054,787,icp_not_converged,0,1.000000000,0.000000000,0.000000000,0.000000000
1517157343.138339281,483,239,0.125164633,nan,nan,nan,nan,0,0,2417,796,icp_not_converged,0,1.000000000,0.000000000,0.000000000,0.000000000
1517157343.340059280,484,182,0.055273880,nan,nan,nan,nan,0,0,0,760,candidate_cooldown_reject,0,1.000000000,0.000000000,0.000000000,0.000000000
1517157343.541779280,485,164,0.060136023,nan,nan,nan,nan,0,0,0,704,candidate_cooldown_reject,0,1.000000000,0.000000000,0.000000000,0.000000000
1517157343.743499279,486,54,0.071061144,nan,nan,nan,nan,0,0,2235,701,icp_not_converged,0,1.000000000,0.000000000,0.000000000,0.000000000
1517157343.945219278,487,417,0.071771435,nan,nan,nan,nan,0,0,0,688,loop_pair_cooldown_reject,0,1.000000000,0.000000000,0.000000000,0.000000000
1517157351.710954189,492,418,0.136239439,nan,nan,nan,nan,0,0,0,724,candidate_cooldown_reject,0,1.000000000,0.000000000,0.000000000,0.000000000
1517157354.534850359,493,329,0.155818770,69.719482512,0.300000000,nan,nan,0,0,2081,787,fitness_reject,0,1.000000000,0.000000000,0.000000000,0.000000000
1517157354.736570358,494,328,0.126591384,78.435654216,0.300000000,nan,nan,0,0,2107,794,fitness_reject,0,1.000000000,0.000000000,0.000000000,0.000000000
1517157356.451069355,495,349,0.148474553,2.959560256,0.300000000,nan,nan,0,0,1959,794,fitness_reject,0,1.000000000,0.000000000,0.000000000,0.000000000
1517157356.652789354,496,335,0.166721735,3.000059013,0.300000000,nan,nan,0,0,1648,816,fitness_reject,0,1.000000000,0.000000000,0.000000000,0.000000000
1517157360.989556313,502,391,0.128197403,0.889078795,0.300000000,nan,nan,0,0,2272,794,fitness_reject,0,1.000000000,0.000000000,0.000000000,0.000000000
1517157362.905743361,505,335,0.146045104,3.162932107,0.300000000,nan,nan,0,0,1648,803,fitness_reject,0,1.000000000,0.000000000,0.000000000,0.000000000
1517157363.107402325,506,335,0.132338047,3.059150310,0.300000000,nan,nan,0,0,1648,807,fitness_reject,0,1.000000000,0.000000000,0.000000000,0.000000000
1517157363.309122324,508,335,0.164131959,3.071949698,0.300000000,nan,nan,0,0,1648,841,fitness_reject,0,1.000000000,0.000000000,0.000000000,0.000000000
1517157364.620243311,509,353,0.136128551,14.818871220,0.300000000,nan,nan,0,0,2025,830,fitness_reject,0,1.000000000,0.000000000,0.000000000,0.000000000
1517157365.729641199,510,328,0.163531337,74.454680047,0.300000000,nan,nan,0,0,2107,856,fitness_reject,0,1.000000000,0.000000000,0.000000000,0.000000000
1517157369.662947178,514,355,0.100631460,12.318213692,0.300000000,nan,nan,0,0,1938,852,fitness_reject,0,1.000000000,0.000000000,0.000000000,0.000000000
1517157370.167177200,516,355,0.079497921,11.436282681,0.300000000,nan,nan,0,0,1938,864,fitness_reject,0,1.000000000,0.000000000,0.000000000,0.000000000
1517157370.469757557,517,351,0.040235757,5.142709533,0.300000000,nan,nan,0,0,1974,915,fitness_reject,0,1.000000000,0.000000000,0.000000000,0.000000000
1517157370.772337198,518,351,0.045693000,5.382479826,0.300000000,nan,nan,0,0,1974,938,fitness_reject,0,1.000000000,0.000000000,0.000000000,0.000000000
1517157370.974058390,519,355,0.067192620,11.829770225,0.300000000,nan,nan,0,0,1938,944,fitness_reject,0,1.000000000,0.000000000,0.000000000,0.000000000
1517157371.175717354,520,356,0.087053345,14.087347359,0.300000000,nan,nan,0,0,1901,948,fitness_reject,0,1.000000000,0.000000000,0.000000000,0.000000000
1517157371.377437353,521,359,0.057790807,12.155833947,0.300000000,nan,nan,0,0,1855,963,fitness_reject,0,1.000000000,0.000000000,0.000000000,0.000000000
1517157371.579157352,522,359,0.043474727,12.256675783,0.300000000,nan,nan,0,0,1855,970,fitness_reject,0,1.000000000,0.000000000,0.000000000,0.000000000
1517157371.780877352,523,359,0.133462390,12.281488590,0.300000000,nan,nan,0,0,1855,987,fitness_reject,0,1.000000000,0.000000000,0.000000000,0.000000000
1517157371.982597351,524,357,0.131499209,15.451312028,0.300000000,nan,nan,0,0,1840,1109,fitness_reject,0,1.000000000,0.000000000,0.000000000,0.000000000
1517157372.184256315,525,261,0.094045850,nan,nan,nan,nan,0,0,2151,1054,icp_not_converged,0,1.000000000,0.000000000,0.000000000,0.000000000
1517157372.285116196,526,479,0.088228293,0.050022899,0.300000000,0.029178073,0.001103605,0,1,1555,1059,accepted,0,1.000000000,0.000000000,0.000000000,0.000000000
1517157372.385976315,527,134,0.144705266,nan,nan,nan,nan,0,0,0,1116,candidate_cooldown_reject,0,1.000000000,0.000000000,0.000000000,0.000000000
1517157372.587696314,528,477,0.117724138,nan,nan,nan,nan,0,0,0,1156,current_cooldown_reject,0,1.000000000,0.000000000,0.000000000,0.000000000
1517157372.890276194,529,270,0.076493822,nan,nan,nan,nan,0,0,0,1216,current_cooldown_reject,0,1.000000000,0.000000000,0.000000000,0.000000000
1517157373.192794323,530,359,0.116932728,nan,nan,nan,nan,0,0,0,1091,current_cooldown_reject,0,1.000000000,0.000000000,0.000000000,0.000000000
1517157374.604774237,535,372,0.155843107,nan,nan,nan,nan,0,0,0,1023,current_cooldown_reject,0,1.000000000,0.000000000,0.000000000,0.000000000
1517157374.907354355,536,363,0.123298711,10.905800504,0.300000000,nan,nan,0,0,1886,1036,fitness_reject,0,1.000000000,0.000000000,0.000000000,0.000000000
1517157375.209873199,537,372,0.159955526,1.365335137,0.300000000,nan,nan,0,0,2015,1026,fitness_reject,0,1.000000000,0.000000000,0.000000000,0.000000000
1517157375.512453318,538,372,0.099045361,1.384366374,0.300000000,nan,nan,0,0,2015,1027,fitness_reject,0,1.000000000,0.000000000,0.000000000,0.000000000
1517157375.714174271,539,372,0.104325654,1.354938532,0.300000000,nan,nan,0,0,2015,1040,fitness_reject,0,1.000000000,0.000000000,0.000000000,0.000000000
1517157375.915894270,540,477,0.059724167,nan,nan,nan,nan,0,0,0,1054,candidate_cooldown_reject,0,1.000000000,0.000000000,0.000000000,0.000000000
1517157376.117563248,541,477,0.075120839,nan,nan,nan,nan,0,0,0,1053,candidate_cooldown_reject,0,1.000000000,0.000000000,0.000000000,0.000000000
1517157376.319283247,542,398,0.140530537,0.561949750,0.300000000,nan,nan,0,0,2336,1081,fitness_reject,0,1.000000000,0.000000000,0.000000000,0.000000000
1517157376.521003246,543,477,0.132765076,nan,nan,nan,nan,0,0,0,1077,candidate_cooldown_reject,0,1.000000000,0.000000000,0.000000000,0.000000000
1517157376.722723246,544,177,0.065594741,nan,nan,nan,nan,0,0,0,1063,candidate_cooldown_reject,0,1.000000000,0.000000000,0.000000000,0.000000000
1517157377.025233269,545,375,0.127635821,1.233214213,0.300000000,nan,nan,0,0,2107,1080,fitness_reject,0,1.000000000,0.000000000,0.000000000,0.000000000
1517157377.226953268,546,431,0.033834910,nan,nan,nan,nan,0,0,0,1095,candidate_cooldown_reject,0,1.000000000,0.000000000,0.000000000,0.000000000
1517157377.428673267,547,187,0.099709314,nan,nan,nan,nan,0,0,0,1065,candidate_cooldown_reject,0,1.000000000,0.000000000,0.000000000,0.000000000
1517157377.630393267,548,187,0.047334220,nan,nan,nan,nan,0,0,0,1088,candidate_cooldown_reject,0,1.000000000,0.000000000,0.000000000,0.000000000
1517157377.832114220,549,187,0.115217899,nan,nan,nan,nan,0,0,0,1081,candidate_cooldown_reject,0,1.000000000,0.000000000,0.000000000,0.000000000
1517157378.033771276,550,380,0.024267892,0.790336890,0.300000000,nan,nan,0,0,2191,1115,fitness_reject,0,1.000000000,0.000000000,0.000000000,0.000000000
1517157378.235491276,551,187,0.135540591,nan,nan,nan,nan,0,0,0,1164,candidate_cooldown_reject,0,1.000000000,0.000000000,0.000000000,0.000000000
1517157378.437211275,552,383,0.054057383,0.741903650,0.300000000,nan,nan,0,0,2175,1099,fitness_reject,0,1.000000000,0.000000000,0.000000000,0.000000000
1517157378.638931274,553,383,0.066712591,0.656236432,0.300000000,nan,nan,0,0,2175,1110,fitness_reject,0,1.000000000,0.000000000,0.000000000,0.000000000
1517157378.840651274,554,384,0.081088567,0.625605066,0.300000000,nan,nan,0,0,2222,1123,fitness_reject,0,1.000000000,0.000000000,0.000000000,0.000000000
1517157379.042311192,555,386,0.029626181,0.553997733,0.300000000,nan,nan,0,0,2233,1119,fitness_reject,0,1.000000000,0.000000000,0.000000000,0.000000000
1517157379.244031191,556,386,0.041131297,0.548906997,0.300000000,nan,nan,0,0,2233,1110,fitness_reject,0,1.000000000,0.000000000,0.000000000,0.000000000
1517157379.445751190,557,177,0.057705167,nan,nan,nan,nan,0,0,0,1133,candidate_cooldown_reject,0,1.000000000,0.000000000,0.000000000,0.000000000
1517157379.647471189,558,48,0.090182988,nan,nan,nan,nan,0,0,2815,1097,icp_not_converged,0,1.000000000,0.000000000,0.000000000,0.000000000
1517157379.849192381,559,48,0.054058294,nan,nan,nan,nan,0,0,2815,1109,icp_not_converged,0,1.000000000,0.000000000,0.000000000,0.000000000
1517157380.050851345,560,480,0.087845325,nan,nan,nan,nan,0,0,0,1139,candidate_cooldown_reject,0,1.000000000,0.000000000,0.000000000,0.000000000
1517157380.252571344,561,398,0.171544870,0.218120363,0.300000000,0.341372848,0.000778004,0,1,2336,1129,accepted,0,1.000000000,0.000000000,0.000000000,0.000000000
1517157380.454291344,562,398,0.119366510,nan,nan,nan,nan,0,0,0,1145,current_cooldown_reject,0,1.000000000,0.000000000,0.000000000,0.000000000
1517157380.857731342,564,397,0.135804970,nan,nan,nan,nan,0,0,0,1263,current_cooldown_reject,0,1.000000000,0.000000000,0.000000000,0.000000000
1517157381.059390306,565,104,0.118648823,nan,nan,nan,nan,0,0,0,1289,current_cooldown_reject,0,1.000000000,0.000000000,0.000000000,0.000000000
1517157381.261110306,566,166,0.079502893,nan,nan,nan,nan,0,0,0,1125,candidate_cooldown_reject,0,1.000000000,0.000000000,0.000000000,0.000000000
1517157381.462830305,567,401,0.126932036,nan,nan,nan,nan,0,0,0,1128,current_cooldown_reject,0,1.000000000,0.000000000,0.000000000,0.000000000
1517157381.664550304,568,236,0.106675766,nan,nan,nan,nan,0,0,0,1133,current_cooldown_reject,0,1.000000000,0.000000000,0.000000000,0.000000000
1517157381.866270304,569,60,0.098080868,nan,nan,nan,nan,0,0,0,1092,current_cooldown_reject,0,1.000000000,0.000000000,0.000000000,0.000000000
1517157382.269650221,571,61,0.109635028,nan,nan,nan,nan,0,0,2439,1111,icp_not_converged,0,1.000000000,0.000000000,0.000000000,0.000000000
1517157382.471370220,572,479,0.093200370,nan,nan,nan,nan,0,0,0,1080,candidate_cooldown_reject,0,1.000000000,0.000000000,0.000000000,0.000000000
1517157382.673090219,573,400,0.087743250,nan,nan,nan,nan,0,0,0,1099,candidate_cooldown_reject,0,1.000000000,0.000000000,0.000000000,0.000000000
1517157382.874810219,574,274,0.097444130,nan,nan,nan,nan,0,0,2000,1079,icp_not_converged,0,1.000000000,0.000000000,0.000000000,0.000000000
1517157383.076468229,575,270,0.034577134,nan,nan,nan,nan,0,0,2029,1099,icp_not_converged,0,1.000000000,0.000000000,0.000000000,0.000000000
1517157383.278188229,576,470,0.058740931,nan,nan,nan,nan,0,0,0,1093,candidate_cooldown_reject,0,1.000000000,0.000000000,0.000000000,0.000000000
1517157383.479908466,577,269,0.028758304,nan,nan,nan,nan,0,0,2054,1106,icp_not_converged,0,1.000000000,0.000000000,0.000000000,0.000000000
1517157383.681628227,578,177,0.063625842,nan,nan,nan,nan,0,0,0,1085,candidate_cooldown_reject,0,1.000000000,0.000000000,0.000000000,0.000000000
1517157383.883348227,579,397,0.145619787,nan,nan,nan,nan,0,0,0,1109,candidate_cooldown_reject,0,1.000000000,0.000000000,0.000000000,0.000000000
1517157384.085007191,580,470,0.042006922,nan,nan,nan,nan,0,0,0,1094,candidate_cooldown_reject,0,1.000000000,0.000000000,0.000000000,0.000000000
1517157384.286728382,581,269,0.084986890,nan,nan,nan,nan,0,0,2054,1097,icp_not_converged,0,1.000000000,0.000000000,0.000000000,0.000000000
1517157384.488448143,582,77,0.058614545,nan,nan,nan,nan,0,0,2690,1129,icp_not_converged,0,1.000000000,0.000000000,0.000000000,0.000000000
1517157384.690168381,583,74,0.074231294,nan,nan,nan,nan,0,0,2670,1131,icp_not_converged,0,1.000000000,0.000000000,0.000000000,0.000000000
1517157384.891888380,584,282,0.138724896,nan,nan,nan,nan,0,0,1972,1143,icp_not_converged,0,1.000000000,0.000000000,0.000000000,0.000000000
1517157385.093546391,585,525,0.121375135,1.093436042,0.100000000,nan,nan,1,0,1821,1123,fitness_reject,0,1.000000000,0.000000000,0.000000000,0.000000000
1517157385.295266390,586,282,0.103280023,nan,nan,nan,nan,0,0,1972,1127,icp_not_converged,0,1.000000000,0.000000000,0.000000000,0.000000000
1517157385.698706388,588,166,0.115696000,nan,nan,nan,nan,0,0,0,1158,candidate_cooldown_reject,0,1.000000000,0.000000000,0.000000000,0.000000000
1517157385.900426388,589,426,0.125633529,nan,nan,nan,nan,0,0,0,1153,candidate_cooldown_reject,0,1.000000000,0.000000000,0.000000000,0.000000000
1517157386.102085352,590,29,0.106311519,nan,nan,nan,nan,0,0,3053,1133,icp_not_converged,0,1.000000000,0.000000000,0.000000000,0.000000000
1517157386.303806305,591,246,0.073999736,nan,nan,nan,nan,0,0,2288,1123,icp_not_converged,0,1.000000000,0.000000000,0.000000000,0.000000000
1517157386.505526304,592,29,0.105385754,nan,nan,nan,nan,0,0,3053,1115,icp_not_converged,0,1.000000000,0.000000000,0.000000000,0.000000000
1517157386.707246304,593,29,0.113657980,nan,nan,nan,nan,0,0,3053,1122,icp_not_converged,0,1.000000000,0.000000000,0.000000000,0.000000000
1517157386.908966303,594,427,0.150516855,nan,nan,nan,nan,0,0,0,1116,candidate_cooldown_reject,0,1.000000000,0.000000000,0.000000000,0.000000000
1517157387.110626221,595,477,0.149196557,nan,nan,nan,nan,0,0,0,1112,candidate_cooldown_reject,0,1.000000000,0.000000000,0.000000000,0.000000000
1517157387.312346220,596,427,0.091042002,nan,nan,nan,nan,0,0,0,1117,candidate_cooldown_reject,0,1.000000000,0.000000000,0.000000000,0.000000000
1517157387.514066219,597,470,0.032000208,nan,nan,nan,nan,0,0,0,1112,candidate_cooldown_reject,0,1.000000000,0.000000000,0.000000000,0.000000000
1517157387.715786219,598,270,0.138846665,nan,nan,nan,nan,0,0,2029,1117,icp_not_converged,0,1.000000000,0.000000000,0.000000000,0.000000000
1517157387.917506218,599,427,0.092822382,nan,nan,nan,nan,0,0,0,1122,candidate_cooldown_reject,0,1.000000000,0.000000000,0.000000000,0.000000000
1517157388.119164228,600,62,0.108451079,nan,nan,nan,nan,0,0,2514,1109,icp_not_converged,0,1.000000000,0.000000000,0.000000000,0.000000000
1517157388.320884228,601,116,0.043738889,nan,nan,nan,nan,0,0,0,1102,candidate_cooldown_reject,0,1.000000000,0.000000000,0.000000000,0.000000000
1517157388.522604942,602,116,0.040834862,nan,nan,nan,nan,0,0,0,1097,candidate_cooldown_reject,0,1.000000000,0.000000000,0.000000000,0.000000000
1517157388.724325180,603,43,0.085302244,nan,nan,nan,nan,0,0,3178,1092,icp_not_converged,0,1.000000000,0.000000000,0.000000000,0.000000000
1517157388.926045179,604,434,0.096993447,nan,nan,nan,nan,0,0,0,1107,candidate_cooldown_reject,0,1.000000000,0.000000000,0.000000000,0.000000000
1517157389.127704382,605,242,0.054689596,nan,nan,nan,nan,0,0,2318,1120,icp_not_converged,0,1.000000000,0.000000000,0.000000000,0.000000000
1517157389.329424381,606,397,0.103724561,nan,nan,nan,nan,0,0,0,1099,candidate_cooldown_reject,0,1.000000000,0.000000000,0.000000000,0.000000000
1517157389.531144381,607,477,0.076384754,nan,nan,nan,nan,0,0,0,1091,candidate_cooldown_reject,0,1.000000000,0.000000000,0.000000000,0.000000000
1517157389.732864141,608,246,0.063034878,nan,nan,nan,nan,0,0,2288,1102,icp_not_converged,0,1.000000000,0.000000000,0.000000000,0.000000000
1517157389.934584379,609,237,0.172133260,nan,nan,nan,nan,0,0,2555,1096,icp_not_converged,0,1.000000000,0.000000000,0.000000000,0.000000000
1517157390.136251211,610,477,0.102521859,nan,nan,nan,nan,0,0,0,1117,candidate_cooldown_reject,0,1.000000000,0.000000000,0.000000000,0.000000000
1517157390.337971210,611,388,0.143890615,nan,nan,nan,nan,0,0,0,1112,candidate_cooldown_reject,0,1.000000000,0.000000000,0.000000000,0.000000000
1517157390.539691210,612,431,0.100515879,nan,nan,nan,nan,0,0,0,1155,candidate_cooldown_reject,0,1.000000000,0.000000000,0.000000000,0.000000000
1517157390.741412401,613,478,0.044590632,nan,nan,nan,nan,0,0,0,1142,candidate_cooldown_reject,0,1.000000000,0.000000000,0.000000000,0.000000000
1517157390.943132401,614,556,0.080802675,0.734028443,0.100000000,nan,nan,1,0,2387,1102,fitness_reject,0,1.000000000,0.000000000,0.000000000,0.000000000
1517157391.245642185,615,177,0.051864285,nan,nan,nan,nan,0,0,0,1126,candidate_cooldown_reject,0,1.000000000,0.000000000,0.000000000,0.000000000
1517157391.548222303,616,431,0.099730058,nan,nan,nan,nan,0,0,0,1138,candidate_cooldown_reject,0,1.000000000,0.000000000,0.000000000,0.000000000
1517157391.850802183,617,253,0.037856589,nan,nan,nan,nan,0,0,2231,1144,icp_not_converged,0,1.000000000,0.000000000,0.000000000,0.000000000
1517157392.153321266,618,250,0.037152145,nan,nan,nan,nan,0,0,2246,1112,icp_not_converged,0,1.000000000,0.000000000,0.000000000,0.000000000
1517157392.455901384,619,261,0.087917739,nan,nan,nan,nan,0,0,2151,1106,icp_not_converged,0,1.000000000,0.000000000,0.000000000,0.000000000
1517157392.657621622,620,419,0.089441935,nan,nan,nan,nan,0,0,0,1089,candidate_cooldown_reject,0,1.000000000,0.000000000,0.000000000,0.000000000
1517157392.859342337,621,576,0.164328807,0.349173951,0.100000000,nan,nan,1,0,2410,1079,fitness_reject,0,1.000000000,0.000000000,0.000000000,0.000000000
1517157393.061001301,622,149,0.125746365,nan,nan,nan,nan,0,0,0,1104,candidate_cooldown_reject,0,1.000000000,0.000000000,0.000000000,0.000000000
1517157393.262721300,623,250,0.080024732,nan,nan,nan,nan,0,0,2246,1094,icp_not_converged,0,1.000000000,0.000000000,0.000000000,0.000000000
1517157393.464441299,624,250,0.088025608,nan,nan,nan,nan,0,0,2246,1086,icp_not_converged,0,1.000000000,0.000000000,0.000000000,0.000000000
1517157393.767020941,625,462,0.017373013,nan,nan,nan,nan,0,0,0,1087,candidate_cooldown_reject,0,1.000000000,0.000000000,0.000000000,0.000000000
1517157393.968741179,626,591,0.064133131,0.203644271,0.100000000,nan,nan,1,0,2334,1084,fitness_reject,0,1.000000000,0.000000000,0.000000000,0.000000000
1517157394.170400143,627,444,0.111576689,nan,nan,nan,nan,0,0,0,1085,candidate_cooldown_reject,0,1.000000000,0.000000000,0.000000000,0.000000000
1517157394.372120380,628,271,0.122785638,nan,nan,nan,nan,0,0,2033,1044,icp_not_converged,0,1.000000000,0.000000000,0.000000000,0.000000000
1517157394.573840380,629,448,0.060874129,nan,nan,nan,nan,0,0,0,1058,candidate_cooldown_reject,0,1.000000000,0.000000000,0.000000000,0.000000000
1517157394.775560379,630,468,0.067627100,nan,nan,nan,nan,0,0,0,1061,candidate_cooldown_reject,0,1.000000000,0.000000000,0.000000000,0.000000000
1517157394.977281332,631,274,0.117215844,nan,nan,nan,nan,0,0,2000,1080,icp_not_converged,0,1.000000000,0.000000000,0.000000000,0.000000000
1517157395.178920269,632,477,0.163245339,nan,nan,nan,nan,0,0,0,1057,candidate_cooldown_reject,0,1.000000000,0.000000000,0.000000000,0.000000000
1517157395.380640268,633,566,0.114527134,0.791100534,0.300000000,nan,nan,0,0,2431,1029,fitness_reject,0,1.000000000,0.000000000,0.000000000,0.000000000
1517157395.582360268,634,569,0.123455815,0.756211179,0.300000000,nan,nan,0,0,2400,989,fitness_reject,0,1.000000000,0.000000000,0.000000000,0.000000000
1517157395.784080267,635,274,0.081778609,nan,nan,nan,nan,0,0,2000,981,icp_not_converged,0,1.000000000,0.000000000,0.000000000,0.000000000
1517157395.985800266,636,165,0.055417866,nan,nan,nan,nan,0,0,0,954,candidate_cooldown_reject,0,1.000000000,0.000000000,0.000000000,0.000000000
1517157396.187478304,637,416,0.033084482,nan,nan,nan,nan,0,0,0,943,candidate_cooldown_reject,0,1.000000000,0.000000000,0.000000000,0.000000000
1517157396.389198303,638,282,0.039296056,nan,nan,nan,nan,0,0,1972,946,icp_not_converged,0,1.000000000,0.000000000,0.000000000,0.000000000
1517157396.590918303,639,603,0.133624736,0.132041314,0.100000000,nan,nan,1,0,2392,914,fitness_reject,0,1.000000000,0.000000000,0.000000000,0.000000000
1517157396.792638302,640,281,0.023381750,nan,nan,nan,nan,0,0,1866,907,icp_not_converged,0,1.000000000,0.000000000,0.000000000,0.000000000
1517157396.994358301,641,444,0.160500379,nan,nan,nan,nan,0,0,0,923,candidate_cooldown_reject,0,1.000000000,0.000000000,0.000000000,0.000000000
1517157397.196071386,642,45,0.146833026,nan,nan,nan,nan,0,0,3110,932,icp_not_converged,0,1.000000000,0.000000000,0.000000000,0.000000000
1517157397.397791386,643,281,0.110642921,nan,nan,nan,nan,0,0,1866,911,icp_not_converged,0,1.000000000,0.000000000,0.000000000,0.000000000
1517157397.599511385,644,479,0.127491881,nan,nan,nan,nan,0,0,0,897,candidate_cooldown_reject,0,1.000000000,0.000000000,0.000000000,0.000000000
1517157397.801231384,645,480,0.137813259,nan,nan,nan,nan,0,0,0,909,candidate_cooldown_reject,0,1.000000000,0.000000000,0.000000000,0.000000000
1517157398.002838373,646,45,0.088458795,nan,nan,nan,nan,0,0,3110,908,icp_not_converged,0,1.000000000,0.000000000,0.000000000,0.000000000
1517157398.204558372,647,282,0.129587970,106.113166414,0.300000000,nan,nan,0,0,1972,930,fitness_reject,0,1.000000000,0.000000000,0.000000000,0.000000000
1517157398.406278372,648,472,0.126419130,nan,nan,nan,nan,0,0,0,918,candidate_cooldown_reject,0,1.000000000,0.000000000,0.000000000,0.000000000
1517157399.717397213,654,342,0.073834049,0.037631045,0.300000000,0.012202868,0.000649344,0,1,1824,1148,accepted,0,1.000000000,0.000000000,0.000000000,0.000000000
1517157400.725936413,657,336,0.169073576,nan,nan,nan,nan,0,0,0,873,current_cooldown_reject,0,1.000000000,0.000000000,0.000000000,0.000000000
1517157401.431896210,660,336,0.173443736,nan,nan,nan,nan,0,0,0,753,current_cooldown_reject,0,1.000000000,0.000000000,0.000000000,0.000000000
1517157401.633616209,661,335,0.116322526,nan,nan,nan,nan,0,0,0,725,current_cooldown_reject,0,1.000000000,0.000000000,0.000000000,0.000000000
1517157401.835336208,662,335,0.155456732,nan,nan,nan,nan,0,0,0,709,current_cooldown_reject,0,1.000000000,0.000000000,0.000000000,0.000000000
1517157402.036995411,663,326,0.156506215,nan,nan,nan,nan,0,0,0,707,current_cooldown_reject,0,1.000000000,0.000000000,0.000000000,0.000000000
1517157402.238715410,664,327,0.149382989,nan,nan,nan,nan,0,0,0,715,candidate_cooldown_reject,0,1.000000000,0.000000000,0.000000000,0.000000000
1517157402.642155409,667,329,0.179201041,nan,nan,nan,nan,0,0,0,778,candidate_cooldown_reject,0,1.000000000,0.000000000,0.000000000,0.000000000
1517157402.843875408,668,329,0.140621448,nan,nan,nan,nan,0,0,0,751,candidate_cooldown_reject,0,1.000000000,0.000000000,0.000000000,0.000000000
1517157403.045534372,669,333,0.176642267,nan,nan,nan,nan,0,0,0,677,candidate_cooldown_reject,0,1.000000000,0.000000000,0.000000000,0.000000000
1517157403.650694370,672,324,0.168996968,nan,nan,nan,nan,0,0,0,705,candidate_cooldown_reject,0,1.000000000,0.000000000,0.000000000,0.000000000
1517157406.272870064,675,306,0.147009271,0.041350859,0.300000000,0.024121994,0.002305456,0,1,2326,1210,accepted,0,1.000000000,0.000000000,0.000000000,0.000000000
1517157406.474592209,676,310,0.075536966,nan,nan,nan,nan,0,0,0,1329,current_cooldown_reject,0,1.000000000,0.000000000,0.000000000,0.000000000
1517157406.878032207,678,304,0.104684411,nan,nan,nan,nan,0,0,0,1285,current_cooldown_reject,0,1.000000000,0.000000000,0.000000000,0.000000000
1517157408.390810251,679,295,0.162951143,nan,nan,nan,nan,0,0,0,1419,current_cooldown_reject,0,1.000000000,0.000000000,0.000000000,0.000000000
1517157408.693391323,680,306,0.169148689,nan,nan,nan,nan,0,0,0,1238,current_cooldown_reject,0,1.000000000,0.000000000,0.000000000,0.000000000
1517157412.223248243,684,296,0.174158279,nan,nan,nan,nan,0,0,0,1409,current_cooldown_reject,0,1.000000000,0.000000000,0.000000000,0.000000000
1517157412.324108362,685,318,0.137769692,nan,nan,nan,nan,0,0,0,1461,candidate_cooldown_reject,0,1.000000000,0.000000000,0.000000000,0.000000000
1517157412.424968243,686,317,0.080519488,nan,nan,nan,nan,0,0,0,1498,candidate_cooldown_reject,0,1.000000000,0.000000000,0.000000000,0.000000000
1517157412.525828362,687,318,0.034636858,nan,nan,nan,nan,0,0,0,1496,candidate_cooldown_reject,0,1.000000000,0.000000000,0.000000000,0.000000000
1517157412.626688242,688,317,0.065139659,nan,nan,nan,nan,0,0,0,1481,candidate_cooldown_reject,0,1.000000000,0.000000000,0.000000000,0.000000000
1517157412.727548361,689,317,0.101228900,nan,nan,nan,nan,0,0,0,1378,candidate_cooldown_reject,0,1.000000000,0.000000000,0.000000000,0.000000000
1517157412.828408241,690,316,0.132214637,nan,nan,nan,nan,0,0,0,1329,candidate_cooldown_reject,0,1.000000000,0.000000000,0.000000000,0.000000000
1517157413.231787205,694,291,0.126990344,nan,nan,nan,nan,0,0,0,1163,candidate_cooldown_reject,0,1.000000000,0.000000000,0.000000000,0.000000000
1517157413.332648277,695,290,0.127560415,nan,nan,nan,nan,0,0,0,1063,candidate_cooldown_reject,0,1.000000000,0.000000000,0.000000000,0.000000000
1517157413.534368277,696,104,0.163278591,18.430634962,0.300000000,nan,nan,0,0,2484,1037,fitness_reject,0,1.000000000,0.000000000,0.000000000,0.000000000
1517157419.888183355,697,172,0.172316352,nan,nan,nan,nan,0,0,0,1047,candidate_cooldown_reject,0,1.000000000,0.000000000,0.000000000,0.000000000
1517157420.089842319,698,292,0.127925060,nan,nan,nan,nan,0,0,0,1070,candidate_cooldown_reject,0,1.000000000,0.000000000,0.000000000,0.000000000
1517157423.922340393,700,356,0.156858375,nan,nan,nan,nan,0,0,0,972,candidate_cooldown_reject,0,1.000000000,0.000000000,0.000000000,0.000000000
1517157424.426579237,701,520,0.137193371,nan,nan,nan,nan,0,0,1742,903,icp_not_converged,0,1.000000000,0.000000000,0.000000000,0.000000000
1517157424.729159355,702,517,0.128861067,nan,nan,nan,nan,0,0,1653,900,icp_not_converged,0,1.000000000,0.000000000,0.000000000,0.000000000
1517157425.031678200,703,355,0.167399085,nan,nan,nan,nan,0,0,0,918,candidate_cooldown_reject,0,1.000000000,0.000000000,0.000000000,0.000000000
1517157425.334259272,704,355,0.110605360,nan,nan,nan,nan,0,0,0,914,candidate_cooldown_reject,0,1.000000000,0.000000000,0.000000000,0.000000000
1517157425.535979271,705,522,0.125068089,nan,nan,nan,nan,0,0,1779,937,icp_not_converged,0,1.000000000,0.000000000,0.000000000,0.000000000
1517157425.737699270,706,522,0.084584892,nan,nan,nan,nan,0,0,1779,955,icp_not_converged,0,1.000000000,0.000000000,0.000000000,0.000000000
1517157425.939419508,707,522,0.138689521,nan,nan,nan,nan,0,0,1779,985,icp_not_converged,0,1.000000000,0.000000000,0.000000000,0.000000000
1517157426.141078234,708,525,0.140500481,nan,nan,nan,nan,0,0,1821,1014,icp_not_converged,0,1.000000000,0.000000000,0.000000000,0.000000000
1517157426.342798233,709,355,0.072217197,nan,nan,nan,nan,0,0,0,1021,candidate_cooldown_reject,0,1.000000000,0.000000000,0.000000000,0.000000000
1517157426.544518232,710,521,0.053732599,nan,nan,nan,nan,0,0,1751,1021,icp_not_converged,0,1.000000000,0.000000000,0.000000000,0.000000000
1517157426.746238232,711,357,0.012778959,nan,nan,nan,nan,0,0,0,1033,candidate_cooldown_reject,0,1.000000000,0.000000000,0.000000000,0.000000000
1517157426.947958231,712,357,0.104848900,nan,nan,nan,nan,0,0,0,1047,candidate_cooldown_reject,0,1.000000000,0.000000000,0.000000000,0.000000000
1517157427.149618387,713,359,0.094840345,nan,nan,nan,nan,0,0,0,992,candidate_cooldown_reject,0,1.000000000,0.000000000,0.000000000,0.000000000
1517157427.351338387,714,530,0.035670103,nan,nan,nan,nan,0,0,2032,1047,icp_not_converged,0,1.000000000,0.000000000,0.000000000,0.000000000
1517157427.553059340,715,530,0.100955731,nan,nan,nan,nan,0,0,2032,1035,icp_not_converged,0,1.000000000,0.000000000,0.000000000,0.000000000
1517157427.754779339,716,359,0.104365177,nan,nan,nan,nan,0,0,0,1036,candidate_cooldown_reject,0,1.000000000,0.000000000,0.000000000,0.000000000
1517157427.956499338,717,357,0.041816558,nan,nan,nan,nan,0,0,0,1034,candidate_cooldown_reject,0,1.000000000,0.000000000,0.000000000,0.000000000
1517157428.158157349,718,359,0.030517007,nan,nan,nan,nan,0,0,0,1077,candidate_cooldown_reject,0,1.000000000,0.000000000,0.000000000,0.000000000
1517157428.359877348,719,359,0.093123115,nan,nan,nan,nan,0,0,0,1093,candidate_cooldown_reject,0,1.000000000,0.000000000,0.000000000,0.000000000
1517157428.561597347,720,270,0.080354672,0.046191520,0.300000000,0.025531729,0.002319542,0,1,2029,1098,accepted,0,1.000000000,0.000000000,0.000000000,0.000000000
1517157428.763317347,721,270,0.046863943,nan,nan,nan,nan,0,0,0,1140,current_cooldown_reject,0,1.000000000,0.000000000,0.000000000,0.000000000
1517157428.965037346,722,540,0.080889051,nan,nan,nan,nan,0,0,0,1169,current_cooldown_reject,0,1.000000000,0.000000000,0.000000000,0.000000000
1517157429.166697264,723,636,0.179074542,nan,nan,nan,nan,0,0,0,1146,current_cooldown_reject,0,1.000000000,0.000000000,0.000000000,0.000000000
1517157429.368417263,724,359,0.113714936,nan,nan,nan,nan,0,0,0,1122,candidate_cooldown_reject,0,1.000000000,0.000000000,0.000000000,0.000000000
1517157429.769062757,726,477,0.077726036,nan,nan,nan,nan,0,0,0,1122,candidate_cooldown_reject,0,1.000000000,0.000000000,0.000000000,0.000000000
1517157430.065383673,727,529,0.155855709,nan,nan,nan,nan,0,0,0,1093,current_cooldown_reject,0,1.000000000,0.000000000,0.000000000,0.000000000
1517157430.376956224,728,236,0.047640321,nan,nan,nan,nan,0,0,0,1121,current_cooldown_reject,0,1.000000000,0.000000000,0.000000000,0.000000000
1517157430.679536343,729,612,0.065070123,nan,nan,nan,nan,0,0,0,1115,current_cooldown_reject,0,1.000000000,0.000000000,0.000000000,0.000000000
1517157430.982115984,730,612,0.055914914,nan,nan,nan,nan,0,0,2233,1104,icp_not_converged,0,1.000000000,0.000000000,0.000000000,0.000000000
1517157431.587215185,732,551,0.054613249,nan,nan,nan,nan,0,0,2305,1023,icp_not_converged,0,1.000000000,0.000000000,0.000000000,0.000000000
1517157431.889795303,733,170,0.042383172,nan,nan,nan,nan,0,0,0,1002,candidate_cooldown_reject,0,1.000000000,0.000000000,0.000000000,0.000000000
1517157432.192323446,734,170,0.031450851,nan,nan,nan,nan,0,0,0,1007,candidate_cooldown_reject,0,1.000000000,0.000000000,0.000000000,0.000000000
1517157432.494903326,735,170,0.062119342,nan,nan,nan,nan,0,0,0,992,candidate_cooldown_reject,0,1.000000000,0.000000000,0.000000000,0.000000000
1517157432.696623325,736,282,0.048763055,nan,nan,nan,nan,0,0,0,1050,candidate_cooldown_reject,0,1.000000000,0.000000000,0.000000000,0.000000000
1517157433.301714182,739,551,0.115551075,nan,nan,nan,nan,0,0,2305,1014,icp_not_converged,0,1.000000000,0.000000000,0.000000000,0.000000000
1517157433.503434181,740,182,0.088181107,nan,nan,nan,nan,0,0,0,1009,candidate_cooldown_reject,0,1.000000000,0.000000000,0.000000000,0.000000000
1517157433.705154419,741,385,0.073902440,nan,nan,nan,nan,0,0,0,950,candidate_cooldown_reject,0,1.000000000,0.000000000,0.000000000,0.000000000
1517157433.906874180,742,480,0.111092687,nan,nan,nan,nan,0,0,0,958,candidate_cooldown_reject,0,1.000000000,0.000000000,0.000000000,0.000000000
1517157434.108532190,743,390,0.058459094,nan,nan,nan,nan,0,0,0,960,candidate_cooldown_reject,0,1.000000000,0.000000000,0.000000000,0.000000000
1517157434.310253382,744,555,0.045053913,nan,nan,nan,nan,0,0,2424,954,icp_not_converged,0,1.000000000,0.000000000,0.000000000,0.000000000
1517157434.511973381,745,395,0.072976599,nan,nan,nan,nan,0,0,0,940,candidate_cooldown_reject,0,1.000000000,0.000000000,0.000000000,0.000000000
1517157434.713693380,746,390,0.089192339,nan,nan,nan,nan,0,0,0,914,candidate_cooldown_reject,0,1.000000000,0.000000000,0.000000000,0.000000000
1517157434.915413618,747,67,0.064378078,17.039780019,0.300000000,nan,nan,0,0,2631,937,fitness_reject,0,1.000000000,0.000000000,0.000000000,0.000000000
1517157435.117072344,748,397,0.083851378,nan,nan,nan,nan,0,0,0,968,candidate_cooldown_reject,0,1.000000000,0.000000000,0.000000000,0.000000000
1517157435.520512342,750,432,0.051068674,nan,nan,nan,nan,0,0,0,999,candidate_cooldown_reject,0,1.000000000,0.000000000,0.000000000,0.000000000
1517157435.621372223,751,397,0.151309622,nan,nan,nan,nan,0,0,0,1026,candidate_cooldown_reject,0,1.000000000,0.000000000,0.000000000,0.000000000
1517157435.722232342,752,477,0.133841928,nan,nan,nan,nan,0,0,0,1063,candidate_cooldown_reject,0,1.000000000,0.000000000,0.000000000,0.000000000
1517157435.923952341,753,475,0.061189411,nan,nan,nan,nan,0,0,0,1019,candidate_cooldown_reject,0,1.000000000,0.000000000,0.000000000,0.000000000
1517157436.125611305,754,612,0.122899735,nan,nan,nan,nan,0,0,2233,1066,icp_not_converged,0,1.000000000,0.000000000,0.000000000,0.000000000
1517157436.428192139,755,612,0.064198352,nan,nan,nan,nan,0,0,2233,1111,icp_not_converged,0,1.000000000,0.000000000,0.000000000,0.000000000
1517157436.629912376,756,613,0.084973771,nan,nan,nan,nan,0,0,2197,1084,icp_not_converged,0,1.000000000,0.000000000,0.000000000,0.000000000
1517157436.932492256,757,33,0.145733035,104.026379886,0.300000000,nan,nan,0,0,3047,1095,fitness_reject,0,1.000000000,0.000000000,0.000000000,0.000000000
1517157437.537591219,759,230,0.143539398,0.046307820,0.300000000,0.027874935,0.000341005,0,1,2768,1096,accepted,0,1.000000000,0.000000000,0.000000000,0.000000000
1517157439.352951288,768,221,0.176453412,nan,nan,nan,nan,0,0,0,1086,current_cooldown_reject,0,1.000000000,0.000000000,0.000000000,0.000000000
1517157440.563210249,774,307,0.168642579,nan,nan,nan,nan,0,0,0,1140,candidate_cooldown_reject,0,1.000000000,0.000000000,0.000000000,0.000000000
1517157441.571749210,779,595,0.178071763,nan,nan,nan,nan,0,0,2285,994,icp_not_converged,0,1.000000000,0.000000000,0.000000000,0.000000000
1517157441.773469210,780,52,0.053305033,16.567958133,0.300000000,nan,nan,0,0,2249,973,fitness_reject,0,1.000000000,0.000000000,0.000000000,0.000000000
1517157442.176848412,782,432,0.060034874,nan,nan,nan,nan,0,0,0,1018,candidate_cooldown_reject,0,1.000000000,0.000000000,0.000000000,0.000000000
1517157442.378568411,783,432,0.058332484,nan,nan,nan,nan,0,0,0,1015,candidate_cooldown_reject,0,1.000000000,0.000000000,0.000000000,0.000000000
1517157442.580288410,784,634,0.080549953,nan,nan,nan,nan,0,0,1789,1005,icp_not_converged,0,1.000000000,0.000000000,0.000000000,0.000000000
1517157442.782008410,785,432,0.094936342,nan,nan,nan,nan,0,0,0,1023,candidate_cooldown_reject,0,1.000000000,0.000000000,0.000000000,0.000000000
1517157443.084527254,786,271,0.143980413,nan,nan,nan,nan,0,0,0,1039,candidate_cooldown_reject,0,1.000000000,0.000000000,0.000000000,0.000000000
1517157443.286247253,787,172,0.091816318,nan,nan,nan,nan,0,0,0,1138,candidate_cooldown_reject,0,1.000000000,0.000000000,0.000000000,0.000000000
1517157443.487967253,788,116,0.072173643,nan,nan,nan,nan,0,0,0,1104,candidate_cooldown_reject,0,1.000000000,0.000000000,0.000000000,0.000000000
1517157443.689687252,789,591,0.102913530,nan,nan,nan,nan,0,0,2334,1138,icp_not_converged,0,1.000000000,0.000000000,0.000000000,0.000000000
1517157443.891407251,790,136,0.073705067,nan,nan,nan,nan,0,0,0,1054,candidate_cooldown_reject,0,1.000000000,0.000000000,0.000000000,0.000000000
1517157444.294786215,792,444,0.167832647,nan,nan,nan,nan,0,0,0,1126,candidate_cooldown_reject,0,1.000000000,0.000000000,0.000000000,0.000000000
1517157444.496506214,793,601,0.070324837,nan,nan,nan,nan,0,0,2378,1217,icp_not_converged,0,1.000000000,0.000000000,0.000000000,0.000000000
1517157444.698226213,794,61,0.140223344,11.754717305,0.300000000,nan,nan,0,0,2439,1069,fitness_reject,0,1.000000000,0.000000000,0.000000000,0.000000000
1517157444.899946213,795,461,0.125280125,nan,nan,nan,nan,0,0,0,1084,candidate_cooldown_reject,0,1.000000000,0.000000000,0.000000000,0.000000000
1517157445.101606369,796,600,0.063045314,nan,nan,nan,nan,0,0,2384,1114,icp_not_converged,0,1.000000000,0.000000000,0.000000000,0.000000000
1517157445.303327322,797,444,0.121413294,nan,nan,nan,nan,0,0,0,1130,candidate_cooldown_reject,0,1.000000000,0.000000000,0.000000000,0.000000000
1517157445.505047321,798,444,0.059123037,nan,nan,nan,nan,0,0,0,1060,candidate_cooldown_reject,0,1.000000000,0.000000000,0.000000000,0.000000000
1517157445.706767321,799,251,0.089527137,nan,nan,nan,nan,0,0,0,1054,candidate_cooldown_reject,0,1.000000000,0.000000000,0.000000000,0.000000000
1517157445.908487320,800,637,0.088853693,nan,nan,nan,nan,0,0,1824,1051,icp_not_converged,0,1.000000000,0.000000000,0.000000000,0.000000000
1517157446.110145330,801,58,0.140706241,9.039437448,0.300000000,nan,nan,0,0,2301,1051,fitness_reject,0,1.000000000,0.000000000,0.000000000,0.000000000
1517157446.311865330,802,418,0.088196979,nan,nan,nan,nan,0,0,0,1060,candidate_cooldown_reject,0,1.000000000,0.000000000,0.000000000,0.000000000
1517157446.513585329,803,603,0.054292539,nan,nan,nan,nan,0,0,2392,1048,icp_not_converged,0,1.000000000,0.000000000,0.000000000,0.000000000
1517157446.715305328,804,601,0.085109800,nan,nan,nan,nan,0,0,2378,1025,icp_not_converged,0,1.000000000,0.000000000,0.000000000,0.000000000
1517157446.917025328,805,695,0.126586330,5.483356486,0.300000000,nan,nan,0,0,2384,1080,fitness_reject,0,1.000000000,0.000000000,0.000000000,0.000000000
1517157447.118684530,806,280,0.108700479,nan,nan,nan,nan,0,0,0,1090,candidate_cooldown_reject,0,1.000000000,0.000000000,0.000000000,0.000000000
1517157447.320405245,807,184,0.122697580,nan,nan,nan,nan,0,0,0,1077,candidate_cooldown_reject,0,1.000000000,0.000000000,0.000000000,0.000000000
1517157447.522125244,808,646,0.067133557,nan,nan,nan,nan,0,0,1951,1069,icp_not_converged,0,1.000000000,0.000000000,0.000000000,0.000000000
1517157447.723845005,809,194,0.082561526,0.046218738,0.300000000,0.019383106,0.001927412,0,1,2296,1080,accepted,0,1.000000000,0.000000000,0.000000000,0.000000000
1517157447.925565243,810,248,0.170543518,nan,nan,nan,nan,0,0,0,1054,candidate_cooldown_reject,0,1.000000000,0.000000000,0.000000000,0.000000000
1517157448.127225399,811,58,0.178334827,nan,nan,nan,nan,0,0,0,1066,current_cooldown_reject,0,1.000000000,0.000000000,0.000000000,0.000000000
1517157448.328945398,812,459,0.072497375,nan,nan,nan,nan,0,0,0,1075,current_cooldown_reject,0,1.000000000,0.000000000,0.000000000,0.000000000
1517157448.732385397,814,628,0.051019202,nan,nan,nan,nan,0,0,0,1075,current_cooldown_reject,0,1.000000000,0.000000000,0.000000000,0.000000000
1517157448.934105396,815,628,0.045517897,nan,nan,nan,nan,0,0,0,1075,current_cooldown_reject,0,1.000000000,0.000000000,0.000000000,0.000000000
1517157449.135763407,816,462,0.083231711,nan,nan,nan,nan,0,0,0,1052,candidate_cooldown_reject,0,1.000000000,0.000000000,0.000000000,0.000000000
1517157449.337483406,817,625,0.120507554,nan,nan,nan,nan,0,0,0,1092,current_cooldown_reject,0,1.000000000,0.000000000,0.000000000,0.000000000
1517157449.640064240,818,118,0.130840346,nan,nan,nan,nan,0,0,0,1143,candidate_cooldown_reject,0,1.000000000,0.000000000,0.000000000,0.000000000
1517157449.841784239,819,279,0.090027319,nan,nan,nan,nan,0,0,0,1070,candidate_cooldown_reject,0,1.000000000,0.000000000,0.000000000,0.000000000
1517157450.043443203,820,117,0.110615785,nan,nan,nan,nan,0,0,0,1071,candidate_cooldown_reject,0,1.000000000,0.000000000,0.000000000,0.000000000
1517157450.245163202,821,184,0.091202637,nan,nan,nan,nan,0,0,0,1121,candidate_cooldown_reject,0,1.000000000,0.000000000,0.000000000,0.000000000
1517157450.446883440,822,282,0.065054389,nan,nan,nan,nan,0,0,0,1110,candidate_cooldown_reject,0,1.000000000,0.000000000,0.000000000,0.000000000
1517157450.648603201,823,753,0.059523686,2.789198235,0.300000000,nan,nan,0,0,2600,1086,fitness_reject,0,1.000000000,0.000000000,0.000000000,0.000000000
1517157450.850323200,824,281,0.062430524,nan,nan,nan,nan,0,0,0,1081,candidate_cooldown_reject,0,1.000000000,0.000000000,0.000000000,0.000000000
1517157451.051982403,825,61,0.062208128,4.091266012,0.300000000,nan,nan,0,0,2439,1086,fitness_reject,0,1.000000000,0.000000000,0.000000000,0.000000000
1517157451.253702402,826,575,0.127649420,nan,nan,nan,nan,0,0,2427,1071,icp_not_converged,0,1.000000000,0.000000000,0.000000000,0.000000000
1517157451.657142162,828,135,0.145305271,nan,nan,nan,nan,0,0,0,1292,candidate_cooldown_reject,0,1.000000000,0.000000000,0.000000000,0.000000000
1517157452.262241364,832,289,0.159989475,nan,nan,nan,nan,0,0,0,1337,candidate_cooldown_reject,0,1.000000000,0.000000000,0.000000000,0.000000000
1517157452.766541243,834,775,0.178495038,1.483044024,0.300000000,nan,nan,0,0,2748,1115,fitness_reject,0,1.000000000,0.000000000,0.000000000,0.000000000
1517157453.069070339,835,755,0.166841963,5.951305434,0.300000000,nan,nan,0,0,2697,1095,fitness_reject,0,1.000000000,0.000000000,0.000000000,0.000000000
1517157453.371650219,836,198,0.102039078,nan,nan,nan,nan,0,0,0,1081,candidate_cooldown_reject,0,1.000000000,0.000000000,0.000000000,0.000000000
1517157453.674230337,837,165,0.091259946,nan,nan,nan,nan,0,0,0,1026,candidate_cooldown_reject,0,1.000000000,0.000000000,0.000000000,0.000000000
1517157453.875951290,838,399,0.144853488,nan,nan,nan,nan,0,0,0,1078,candidate_cooldown_reject,0,1.000000000,0.000000000,0.000000000,0.000000000
1517157454.077600241,839,282,0.141723050,nan,nan,nan,nan,0,0,0,1032,candidate_cooldown_reject,0,1.000000000,0.000000000,0.000000000,0.000000000
1517157454.380180597,840,398,0.132304070,nan,nan,nan,nan,0,0,0,1104,candidate_cooldown_reject,0,1.000000000,0.000000000,0.000000000,0.000000000
1517157454.481040239,841,789,0.137201459,2.381679907,0.300000000,nan,nan,0,0,2473,1112,fitness_reject,0,1.000000000,0.000000000,0.000000000,0.000000000
1517157455.086139202,843,279,0.105343575,nan,nan,nan,nan,0,0,0,1215,candidate_cooldown_reject,0,1.000000000,0.000000000,0.000000000,0.000000000
1517157455.388719320,844,103,0.139327446,4.879630697,0.300000000,nan,nan,0,0,2523,1180,fitness_reject,0,1.000000000,0.000000000,0.000000000,0.000000000
1517157455.993879318,846,728,0.104877372,24.361698587,0.300000000,nan,nan,0,0,2103,1128,fitness_reject,0,1.000000000,0.000000000,0.000000000,0.000000000
1517157456.598979235,848,468,0.167245442,nan,nan,nan,nan,0,0,0,1048,candidate_cooldown_reject,0,1.000000000,0.000000000,0.000000000,0.000000000
1517157456.901559353,849,729,0.149792038,20.118024430,0.300000000,nan,nan,0,0,2070,990,fitness_reject,0,1.000000000,0.000000000,0.000000000,0.000000000
1517157458.313477278,854,187,0.023360508,nan,nan,nan,nan,0,0,0,1038,candidate_cooldown_reject,0,1.000000000,0.000000000,0.000000000,0.000000000
1517157458.515197277,855,591,0.140686677,nan,nan,nan,nan,0,0,2334,1051,icp_not_converged,0,1.000000000,0.000000000,0.000000000,0.000000000
1517157458.716917276,856,246,0.085671124,nan,nan,nan,nan,0,0,0,1039,candidate_cooldown_reject,0,1.000000000,0.000000000,0.000000000,0.000000000
1517157458.918637276,857,548,0.147607010,nan,nan,nan,nan,0,0,2240,1051,icp_not_converged,0,1.000000000,0.000000000,0.000000000,0.000000000
1517157459.120297194,858,637,0.104954052,nan,nan,nan,nan,0,0,1824,1037,icp_not_converged,0,1.000000000,0.000000000,0.000000000,0.000000000
1517157459.322017193,859,550,0.163255482,nan,nan,nan,nan,0,0,2295,1044,icp_not_converged,0,1.000000000,0.000000000,0.000000000,0.000000000
1517157459.523737192,860,116,0.098749464,nan,nan,nan,nan,0,0,0,1081,candidate_cooldown_reject,0,1.000000000,0.000000000,0.000000000,0.000000000
1517157459.725457191,861,474,0.076383359,nan,nan,nan,nan,0,0,0,1047,candidate_cooldown_reject,0,1.000000000,0.000000000,0.000000000,0.000000000
1517157459.927177191,862,477,0.062736539,nan,nan,nan,nan,0,0,0,1032,candidate_cooldown_reject,0,1.000000000,0.000000000,0.000000000,0.000000000
1517157460.128836393,863,602,0.104355562,nan,nan,nan,nan,0,0,2409,1073,icp_not_converged,0,1.000000000,0.000000000,0.000000000,0.000000000
1517157460.330556393,864,385,0.084887965,nan,nan,nan,nan,0,0,0,1048,candidate_cooldown_reject,0,1.000000000,0.000000000,0.000000000,0.000000000
1517157460.532277346,865,545,0.100390432,nan,nan,nan,nan,0,0,2210,1070,icp_not_converged,0,1.000000000,0.000000000,0.000000000,0.000000000
1517157460.733997345,866,807,0.067535672,1.022058241,0.300000000,nan,nan,0,0,2467,1042,fitness_reject,0,1.000000000,0.000000000,0.000000000,0.000000000
1517157460.935717344,867,575,0.032406962,nan,nan,nan,nan,0,0,2427,1070,icp_not_converged,0,1.000000000,0.000000000,0.000000000,0.000000000
1517157461.137375116,868,424,0.162242166,nan,nan,nan,nan,0,0,0,1095,candidate_cooldown_reject,0,1.000000000,0.000000000,0.000000000,0.000000000
1517157461.339095354,869,182,0.134131220,nan,nan,nan,nan,0,0,0,1075,candidate_cooldown_reject,0,1.000000000,0.000000000,0.000000000,0.000000000
1517157461.540815353,870,418,0.111604778,nan,nan,nan,nan,0,0,0,1100,candidate_cooldown_reject,0,1.000000000,0.000000000,0.000000000,0.000000000
1517157461.742535353,871,477,0.147271268,nan,nan,nan,nan,0,0,0,1194,candidate_cooldown_reject,0,1.000000000,0.000000000,0.000000000,0.000000000
1517157461.944255114,872,591,0.099499054,nan,nan,nan,nan,0,0,2334,1133,icp_not_converged,0,1.000000000,0.000000000,0.000000000,0.000000000
1517157462.145914316,873,65,0.092185747,1.617275851,0.300000000,nan,nan,0,0,2640,1074,fitness_reject,0,1.000000000,0.000000000,0.000000000,0.000000000
1517157462.549354315,875,65,0.166504490,1.377831831,0.300000000,nan,nan,0,0,2640,1075,fitness_reject,0,1.000000000,0.000000000,0.000000000,0.000000000
1517157462.751075268,876,584,0.112336886,nan,nan,nan,nan,0,0,2297,1047,icp_not_converged,0,1.000000000,0.000000000,0.000000000,0.000000000
1517157462.952795506,877,584,0.130708979,nan,nan,nan,nan,0,0,2297,1045,icp_not_converged,0,1.000000000,0.000000000,0.000000000,0.000000000
1517157463.154455185,878,45,0.088480949,2.939967934,0.300000000,nan,nan,0,0,3110,1061,fitness_reject,0,1.000000000,0.000000000,0.000000000,0.000000000
1517157463.356175184,879,186,0.078449811,nan,nan,nan,nan,0,0,0,1035,candidate_cooldown_reject,0,1.000000000,0.000000000,0.000000000,0.000000000
1517157463.557895184,880,605,0.158427420,nan,nan,nan,nan,0,0,2400,1031,icp_not_converged,0,1.000000000,0.000000000,0.000000000,0.000000000
1517157463.759615183,881,432,0.142303316,nan,nan,nan,nan,0,0,0,1039,candidate_cooldown_reject,0,1.000000000,0.000000000,0.000000000,0.000000000
1517157463.961335182,882,619,0.130578741,nan,nan,nan,nan,0,0,2096,1069,icp_not_converged,0,1.000000000,0.000000000,0.000000000,0.000000000
1517157464.162994385,883,619,0.118689920,nan,nan,nan,nan,0,0,2096,1050,icp_not_converged,0,1.000000000,0.000000000,0.000000000,0.000000000
1517157464.364714384,884,182,0.154820641,nan,nan,nan,nan,0,0,0,1066,candidate_cooldown_reject,0,1.000000000,0.000000000,0.000000000,0.000000000
1517157464.566434383,885,754,0.165839132,9.946118900,0.300000000,nan,nan,0,0,2666,1046,fitness_reject,0,1.000000000,0.000000000,0.000000000,0.000000000
1517157464.768154383,886,107,0.135417527,nan,nan,nan,nan,0,0,0,1063,candidate_cooldown_reject,0,1.000000000,0.000000000,0.000000000,0.000000000
1517157464.969875574,887,630,0.126482180,nan,nan,nan,nan,0,0,1828,1112,icp_not_converged,0,1.000000000,0.000000000,0.000000000,0.000000000
1517157465.171533346,888,403,0.174398953,nan,nan,nan,nan,0,0,0,1142,candidate_cooldown_reject,0,1.000000000,0.000000000,0.000000000,0.000000000
1517157465.373253345,889,399,0.119706559,nan,nan,nan,nan,0,0,0,1115,candidate_cooldown_reject,0,1.000000000,0.000000000,0.000000000,0.000000000
1517157465.574973345,890,577,0.157685239,nan,nan,nan,nan,0,0,2391,1154,icp_not_converged,0,1.000000000,0.000000000,0.000000000,0.000000000
1517157465.978413343,892,186,0.119400658,nan,nan,nan,nan,0,0,0,1129,candidate_cooldown_reject,0,1.000000000,0.000000000,0.000000000,0.000000000
1517157466.180072308,893,117,0.151122139,nan,nan,nan,nan,0,0,0,1095,candidate_cooldown_reject,0,1.000000000,0.000000000,0.000000000,0.000000000
1517157466.381792307,894,186,0.098680190,nan,nan,nan,nan,0,0,0,1065,candidate_cooldown_reject,0,1.000000000,0.000000000,0.000000000,0.000000000
1517157466.583512306,895,637,0.071162964,nan,nan,nan,nan,0,0,1824,1089,icp_not_converged,0,1.000000000,0.000000000,0.000000000,0.000000000
1517157466.785232306,896,823,0.111374970,6.385331569,0.300000000,nan,nan,0,0,3058,1096,fitness_reject,0,1.000000000,0.000000000,0.000000000,0.000000000
1517157467.592051268,900,282,0.103029459,nan,nan,nan,nan,0,0,0,1103,candidate_cooldown_reject,0,1.000000000,0.000000000,0.000000000,0.000000000
1517157468.701450348,905,282,0.060029898,nan,nan,nan,nan,0,0,0,1161,candidate_cooldown_reject,0,1.000000000,0.000000000,0.000000000,0.000000000
1517157468.903170347,906,789,0.155569434,6.776485869,0.300000000,nan,nan,0,0,2473,1142,fitness_reject,0,1.000000000,0.000000000,0.000000000,0.000000000
1517157469.104829073,907,753,0.095094191,13.930484663,0.300000000,nan,nan,0,0,2600,1102,fitness_reject,0,1.000000000,0.000000000,0.000000000,0.000000000
1517157469.306549311,908,613,0.034713649,nan,nan,nan,nan,0,0,2197,1146,icp_not_converged,0,1.000000000,0.000000000,0.000000000,0.000000000
1517157469.508269310,909,612,0.165357437,nan,nan,nan,nan,0,0,2233,1116,icp_not_converged,0,1.000000000,0.000000000,0.000000000,0.000000000
1517157469.709990263,910,588,0.132572316,nan,nan,nan,nan,0,0,2363,1095,icp_not_converged,0,1.000000000,0.000000000,0.000000000,0.000000000
1517157469.911710262,911,803,0.106935567,16.000112317,0.300000000,nan,nan,0,0,2391,1072,fitness_reject,0,1.000000000,0.000000000,0.000000000,0.000000000
1517157470.113369226,912,243,0.152701793,nan,nan,nan,nan,0,0,0,1116,candidate_cooldown_reject,0,1.000000000,0.000000000,0.000000000,0.000000000
1517157470.516809225,914,271,0.109928996,nan,nan,nan,nan,0,0,0,1120,candidate_cooldown_reject,0,1.000000000,0.000000000,0.000000000,0.000000000
1517157470.718529224,915,279,0.112856744,nan,nan,nan,nan,0,0,0,1080,candidate_cooldown_reject,0,1.000000000,0.000000000,0.000000000,0.000000000
1517157470.920249462,916,185,0.087897719,nan,nan,nan,nan,0,0,0,1082,candidate_cooldown_reject,0,1.000000000,0.000000000,0.000000000,0.000000000
1517157471.121908188,917,114,0.098936353,nan,nan,nan,nan,0,0,0,1105,candidate_cooldown_reject,0,1.000000000,0.000000000,0.000000000,0.000000000
1517157471.323628187,918,282,0.143215391,nan,nan,nan,nan,0,0,0,1084,candidate_cooldown_reject,0,1.000000000,0.000000000,0.000000000,0.000000000
1517157471.727068186,920,281,0.174373346,nan,nan,nan,nan,0,0,0,1082,candidate_cooldown_reject,0,1.000000000,0.000000000,0.000000000,0.000000000
1517157471.827928305,921,282,0.170982520,nan,nan,nan,nan,0,0,0,1195,candidate_cooldown_reject,0,1.000000000,0.000000000,0.000000000,0.000000000
1517157472.029587269,922,282,0.038251568,nan,nan,nan,nan,0,0,0,1158,candidate_cooldown_reject,0,1.000000000,0.000000000,0.000000000,0.000000000
1517157472.231307268,923,633,0.112205801,nan,nan,nan,nan,0,0,1814,1119,icp_not_converged,0,1.000000000,0.000000000,0.000000000,0.000000000
1517157472.433027267,924,477,0.139555713,nan,nan,nan,nan,0,0,0,1114,candidate_cooldown_reject,0,1.000000000,0.000000000,0.000000000,0.000000000
1517157472.634747505,925,67,0.092192829,0.062362031,0.300000000,0.017440425,0.003328357,0,1,2631,1105,accepted,0,1.000000000,0.000000000,0.000000000,0.000000000
1517157472.836467266,926,397,0.051184809,nan,nan,nan,nan,0,0,0,1092,candidate_cooldown_reject,0,1.000000000,0.000000000,0.000000000,0.000000000
1517157473.441567183,929,115,0.132470937,nan,nan,nan,nan,0,0,0,1059,candidate_cooldown_reject,0,1.000000000,0.000000000,0.000000000,0.000000000
1517157473.744147301,930,191,0.039510128,nan,nan,nan,nan,0,0,0,1092,candidate_cooldown_reject,0,1.000000000,0.000000000,0.000000000,0.000000000
1517157473.945867300,931,427,0.086589728,nan,nan,nan,nan,0,0,0,1097,candidate_cooldown_reject,0,1.000000000,0.000000000,0.000000000,0.000000000
1517157474.147534370,932,411,0.132119104,nan,nan,nan,nan,0,0,0,1065,candidate_cooldown_reject,0,1.000000000,0.000000000,0.000000000,0.000000000
1517157474.550974369,934,270,0.163597996,nan,nan,nan,nan,0,0,0,1162,candidate_cooldown_reject,0,1.000000000,0.000000000,0.000000000,0.000000000
1517157474.752694368,935,430,0.105581893,nan,nan,nan,nan,0,0,0,1168,candidate_cooldown_reject,0,1.000000000,0.000000000,0.000000000,0.000000000
1517157474.954414368,936,754,0.139309161,97.430197317,0.300000000,nan,nan,0,0,2666,1100,fitness_reject,0,1.000000000,0.000000000,0.000000000,0.000000000
1517157475.156065226,937,789,0.087426047,31.522857476,0.300000000,nan,nan,0,0,2473,1081,fitness_reject,0,1.000000000,0.000000000,0.000000000,0.000000000
1517157475.357785225,938,612,0.120815806,nan,nan,nan,nan,0,0,2233,1072,icp_not_converged,0,1.000000000,0.000000000,0.000000000,0.000000000
1517157475.559505224,939,137,0.150330178,nan,nan,nan,nan,0,0,0,1065,candidate_cooldown_reject,0,1.000000000,0.000000000,0.000000000,0.000000000
1517157475.962945223,941,908,0.155350303,0.612431609,0.300000000,nan,nan,0,0,2726,1146,fitness_reject,0,1.000000000,0.000000000,0.000000000,0.000000000
1517157476.164604187,942,755,0.171375035,110.143878344,0.300000000,nan,nan,0,0,2697,1253,fitness_reject,0,1.000000000,0.000000000,0.000000000,0.000000000
1517157476.971485376,946,464,0.091605249,nan,nan,nan,nan,0,0,0,1064,candidate_cooldown_reject,0,1.000000000,0.000000000,0.000000000,0.000000000
1517157477.374864340,948,464,0.091805278,nan,nan,nan,nan,0,0,0,965,candidate_cooldown_reject,0,1.000000000,0.000000000,0.000000000,0.000000000
1517157477.980024338,950,753,0.074232200,106.775392460,0.300000000,nan,nan,0,0,2600,897,fitness_reject,0,1.000000000,0.000000000,0.000000000,0.000000000
1517157478.282543182,951,615,0.098591460,nan,nan,nan,nan,0,0,2123,897,icp_not_converged,0,1.000000000,0.000000000,0.000000000,0.000000000
1517157478.585124254,952,753,0.146524583,177.769860239,0.300000000,nan,nan,0,0,2600,907,fitness_reject,0,1.000000000,0.000000000,0.000000000,0.000000000
1517157478.887704372,953,908,0.177741326,0.447434351,0.300000000,nan,nan,0,0,2726,858,fitness_reject,0,1.000000000,0.000000000,0.000000000,0.000000000
1517157479.190222263,954,171,0.149445255,nan,nan,nan,nan,0,0,0,866,candidate_cooldown_reject,0,1.000000000,0.000000000,0.000000000,0.000000000
1517157479.492802382,955,191,0.102215271,nan,nan,nan,nan,0,0,0,878,candidate_cooldown_reject,0,1.000000000,0.000000000,0.000000000,0.000000000
1517157479.795382261,956,191,0.123464010,nan,nan,nan,nan,0,0,0,895,candidate_cooldown_reject,0,1.000000000,0.000000000,0.000000000,0.000000000
1517157480.198761225,957,612,0.133418396,nan,nan,nan,nan,0,0,2233,849,icp_not_converged,0,1.000000000,0.000000000,0.000000000,0.000000000
1517157480.602202177,958,638,0.126094838,nan,nan,nan,nan,0,0,1861,852,icp_not_converged,0,1.000000000,0.000000000,0.000000000,0.000000000
1517157481.005582333,959,804,0.173190705,49.368565736,0.300000000,nan,nan,0,0,2378,845,fitness_reject,0,1.000000000,0.000000000,0.000000000,0.000000000
1517157482.014121294,962,599,0.139022844,nan,nan,nan,nan,0,0,2351,929,icp_not_converged,0,1.000000000,0.000000000,0.000000000,0.000000000
1517157482.316701412,963,175,0.103875743,nan,nan,nan,nan,0,0,0,926,candidate_cooldown_reject,0,1.000000000,0.000000000,0.000000000,0.000000000
1517157482.821002245,965,472,0.177419819,nan,nan,nan,nan,0,0,0,947,candidate_cooldown_reject,0,1.000000000,0.000000000,0.000000000,0.000000000
1517157483.022659302,966,588,0.148276132,nan,nan,nan,nan,0,0,2363,977,icp_not_converged,0,1.000000000,0.000000000,0.000000000,0.000000000
1517157483.325239182,967,907,0.168730229,3.507623906,0.300000000,nan,nan,0,0,2702,1074,fitness_reject,0,1.000000000,0.000000000,0.000000000,0.000000000
1517157483.627819300,968,231,0.179391314,nan,nan,nan,nan,0,0,0,1138,candidate_cooldown_reject,0,1.000000000,0.000000000,0.000000000,0.000000000
1517157484.535499334,971,231,0.156017885,nan,nan,nan,nan,0,0,0,1079,candidate_cooldown_reject,0,1.000000000,0.000000000,0.000000000,0.000000000
1517157484.838079214,972,231,0.139081970,nan,nan,nan,nan,0,0,0,1057,candidate_cooldown_reject,0,1.000000000,0.000000000,0.000000000,0.000000000
1517157485.140598297,973,282,0.151385079,nan,nan,nan,nan,0,0,0,1025,candidate_cooldown_reject,0,1.000000000,0.000000000,0.000000000,0.000000000
