1706079742.903456 -0.000513 0.205042 -0.309473 -0.000003 -0.000788 -0.012408 0.999923
1706079743.000990 0.102582 0.461468 0.352717 0.001995 -0.000814 -0.014065 0.999899
1706079743.101941 0.190024 0.497535 0.582467 0.003381 -0.001590 -0.013716 0.999899
1706079743.204445 0.168397 0.470293 0.581916 0.004829 0.000517 -0.014377 0.999885
1706079743.300012 0.244478 0.471231 0.272998 0.005181 -0.000780 -0.014948 0.999875
1706079743.401348 0.262972 0.458134 0.515472 0.004579 0.003225 -0.015203 0.999869
1706079743.498363 0.261140 0.495103 0.666641 0.005604 0.003230 -0.016163 0.999848
1706079743.598697 0.299979 0.502548 0.789710 0.006599 0.005347 -0.016527 0.999827
1706079743.704269 0.307263 0.492650 0.862408 0.005573 0.005344 -0.017154 0.999823
1706079743.802859 0.377220 0.499468 0.659600 0.006250 0.003939 -0.017717 0.999816
1706079743.904941 0.402459 0.474524 0.609988 0.006313 0.002977 -0.017943 0.999815
1706079744.004114 0.458986 0.465894 0.540895 0.004786 0.001937 -0.018549 0.999815
1706079744.103083 0.526958 0.476889 0.639600 0.005183 0.003374 -0.019136 0.999798
1706079744.202022 0.534641 0.459526 0.720048 0.003233 0.003196 -0.019456 0.999800
1706079744.303092 0.578401 0.469408 0.750052 0.004081 0.002461 -0.019778 0.999793
1706079744.405416 0.613708 0.476570 0.664393 0.002684 0.001325 -0.020090 0.999794
1706079744.504006 0.644711 0.465826 0.609729 0.002269 0.001260 -0.020304 0.999790
1706079744.602691 0.676535 0.480745 0.622032 0.003692 0.001509 -0.020450 0.999783
1706079744.701284 0.719670 0.485874 0.598809 0.003631 0.001238 -0.020731 0.999778
1706079744.798442 0.763681 0.488567 0.598677 0.003478 0.001406 -0.021297 0.999766
1706079744.905260 0.764544 0.468991 0.633136 0.005282 0.001483 -0.021596 0.999752
1706079745.003867 0.798675 0.466725 0.564685 0.005068 0.001460 -0.022257 0.999738
1706079745.105059 0.848264 0.475498 0.517089 0.005956 0.001750 -0.022991 0.999716
1706079745.204960 0.915273 0.477744 0.509436 0.005489 0.001788 -0.023649 0.999704
1706079745.304176 0.950192 0.466793 0.496989 0.005834 0.002115 -0.024466 0.999681
1706079745.403077 0.984281 0.455676 0.525535 0.005583 0.002094 -0.025126 0.999667
1706079745.504160 1.031647 0.453213 0.516862 0.005929 0.001158 -0.025754 0.999650
1706079745.603169 1.081664 0.460758 0.456225 0.006241 0.000859 -0.026337 0.999633
1706079745.704905 1.116292 0.469088 0.500073 0.005994 0.000533 -0.026891 0.999620
1706079745.803642 1.134777 0.477909 0.594560 0.006782 0.000808 -0.027293 0.999604
1706079745.902333 1.164657 0.467219 0.626947 0.006810 0.000367 -0.027638 0.999595
1706079746.000477 1.206777 0.460379 0.564403 0.006649 0.000003 -0.027859 0.999590
1706079746.099386 1.234596 0.458648 0.536822 0.005078 0.000590 -0.028521 0.999580
1706079746.204854 1.256406 0.459034 0.496900 0.005602 0.000233 -0.029234 0.999557
1706079746.303410 1.283998 0.459005 0.526693 0.005900 0.000528 -0.029936 0.999534
1706079746.405461 1.334830 0.458486 0.542662 0.006762 0.000478 -0.030457 0.999513
1706079746.505252 1.386987 0.450554 0.573953 0.006126 0.001004 -0.031418 0.999487
1706079746.604142 1.424180 0.438604 0.566910 0.006348 0.001238 -0.032109 0.999463
1706079746.702907 1.467068 0.433379 0.561328 0.006326 0.001480 -0.032981 0.999435
1706079746.804522 1.496605 0.427455 0.505712 0.005620 0.001315 -0.033736 0.999414
1706079746.903223 1.529020 0.432049 0.532812 0.006485 0.001723 -0.034405 0.999385
1706079747.004744 1.550151 0.439500 0.549446 0.006497 0.001761 -0.034986 0.999365
1706079747.101654 1.572139 0.442637 0.600368 0.005312 0.001970 -0.035555 0.999352
1706079747.201919 1.600569 0.447880 0.643305 0.005801 0.001411 -0.036000 0.999334
1706079747.294945 1.625788 0.447356 0.689754 0.005374 0.001497 -0.036573 0.999315
1706079747.405442 1.668874 0.449495 0.673860 0.004848 0.000816 -0.037226 0.999295
1706079747.504473 1.712112 0.451067 0.668118 0.005925 -0.000009 -0.037632 0.999274
1706079747.603044 1.763415 0.454368 0.638924 0.004843 -0.000384 -0.038244 0.999257
1706079747.701666 1.812150 0.458837 0.576823 0.004318 -0.000994 -0.038888 0.999234
1706079747.804806 1.829813 0.442138 0.621237 0.004573 -0.001072 -0.039465 0.999210
1706079747.904016 1.859712 0.438040 0.600388 0.004007 -0.001593 -0.040044 0.999189
1706079748.005252 1.886977 0.418666 0.591174 0.003892 -0.001039 -0.040624 0.999166
1706079748.104549 1.914991 0.399741 0.518777 0.004276 -0.001767 -0.041303 0.999136
1706079748.203566 1.962979 0.407817 0.499869 0.004418 -0.001430 -0.041917 0.999110
1706079748.304411 2.014053 0.412761 0.499572 0.003720 -0.000918 -0.042646 0.999083
1706079748.403012 2.047619 0.419498 0.506768 0.004135 -0.000228 -0.043497 0.999045
1706079748.501182 2.087052 0.422399 0.484321 0.004665 -0.000172 -0.044144 0.999014
1706079748.594812 2.127232 0.434437 0.447590 0.004402 0.000048 -0.045011 0.998977
1706079748.705309 2.154752 0.433814 0.461399 0.004939 0.000320 -0.045700 0.998943
1706079748.804085 2.172650 0.424636 0.429177 0.004338 0.000301 -0.046511 0.998908
1706079748.902708 2.218331 0.417670 0.421764 0.004513 0.000067 -0.047061 0.998882
1706079749.001327 2.245370 0.435825 0.485678 0.004481 0.000369 -0.047809 0.998846
1706079749.105034 2.281187 0.419770 0.483431 0.004643 -0.000427 -0.048397 0.998817
1706079749.203745 2.312702 0.412936 0.501996 0.003998 -0.000467 -0.049229 0.998779
1706079749.302412 2.355468 0.402642 0.504550 0.003647 -0.000858 -0.049797 0.998752
1706079749.404546 2.396256 0.398692 0.504590 0.003827 -0.001397 -0.050506 0.998715
1706079749.504972 2.399158 0.414959 0.587612 0.002600 -0.000832 -0.051347 0.998677
1706079749.604068 2.422309 0.401792 0.608546 0.002235 -0.001278 -0.051858 0.998651
1706079749.702588 2.453461 0.400694 0.637392 0.002599 -0.001358 -0.052527 0.998615
1706079749.795668 2.479527 0.396541 0.670176 0.002126 -0.001588 -0.053119 0.998585
1706079749.894312 2.507658 0.385273 0.684202 0.002092 -0.001587 -0.053656 0.998556
1706079750.004867 2.558433 0.392991 0.685146 0.001826 -0.001668 -0.054337 0.998520
1706079750.103742 2.582088 0.397675 0.655228 0.002472 -0.001773 -0.055144 0.998474
1706079750.202375 2.623239 0.383736 0.714660 0.002087 -0.001717 -0.055776 0.998440
1706079750.300908 2.678283 0.384222 0.648373 0.002375 -0.002088 -0.056348 0.998406
1706079750.404781 2.708507 0.382364 0.602837 0.002577 -0.002240 -0.057056 0.998365
1706079750.503467 2.738647 0.389225 0.551511 0.003654 -0.002091 -0.057465 0.998339
1706079750.602103 2.773979 0.384076 0.557453 0.001880 -0.001747 -0.058051 0.998310
1706079750.704756 2.786396 0.379089 0.529969 0.002792 -0.001694 -0.058450 0.998285
1706079750.803483 2.818774 0.371086 0.521304 0.003679 -0.001743 -0.058972 0.998251
1706079750.903075 2.855958 0.362096 0.496222 0.003266 -0.001465 -0.059553 0.998219
1706079750.996690 2.880365 0.354141 0.483198 0.003658 -0.001632 -0.059991 0.998191
1706079751.095335 2.909829 0.349822 0.469698 0.004510 -0.001835 -0.060639 0.998148
1706079751.193953 2.934758 0.329279 0.495370 0.005599 -0.001789 -0.061096 0.998115
1706079751.304801 2.962880 0.324212 0.512202 0.006073 -0.001980 -0.061818 0.998067
1706079751.403412 2.998013 0.322960 0.536622 0.006871 -0.002442 -0.062327 0.998029
1706079751.502053 3.017771 0.320308 0.540178 0.006105 -0.002299 -0.063113 0.997985
1706079751.605111 3.049627 0.320801 0.546532 0.006619 -0.002527 -0.063790 0.997938
1706079751.704485 3.075168 0.313156 0.573504 0.008153 -0.002659 -0.064521 0.997880
1706079751.803149 3.105098 0.325851 0.550065 0.007306 -0.002372 -0.065444 0.997827
1706079751.901794 3.148007 0.326309 0.564602 0.006863 -0.002143 -0.066122 0.997786
1706079752.000439 3.174189 0.326532 0.633755 0.006038 -0.001351 -0.066828 0.997745
1706079752.099082 3.208528 0.319928 0.624579 0.005674 -0.002082 -0.067562 0.997697
1706079752.197719 3.236412 0.320374 0.618305 0.004766 -0.002244 -0.068182 0.997659
1706079752.296341 3.259492 0.317790 0.624908 0.005990 -0.003337 -0.068650 0.997617
1706079752.399926 3.298919 0.317816 0.664970 0.005121 -0.003332 -0.069234 0.997582
1706079752.493639 3.325139 0.311393 0.664459 0.004446 -0.004109 -0.069728 0.997548
1706079752.604435 3.354166 0.316546 0.692274 0.004166 -0.003854 -0.070298 0.997510
1706079752.703062 3.371742 0.304818 0.663077 0.003239 -0.003863 -0.070661 0.997488
1706079752.801704 3.395431 0.307486 0.666148 0.002966 -0.003933 -0.070858 0.997474
1706079752.905455 3.415858 0.302296 0.638355 0.002383 -0.003937 -0.071141 0.997456
1706079753.004193 3.458572 0.303722 0.592240 0.003022 -0.004265 -0.071446 0.997431
1706079753.102834 3.479126 0.291284 0.584304 0.002318 -0.003466 -0.071784 0.997412
1706079753.202096 3.500158 0.288931 0.627449 0.003316 -0.002231 -0.072302 0.997375
1706079753.300093 3.532639 0.293750 0.681174 0.005716 -0.001561 -0.072777 0.997331
1706079753.398742 3.567122 0.288335 0.651584 0.005967 -0.000759 -0.073335 0.997289
1706079753.497376 3.586008 0.279110 0.629440 0.006046 -0.000522 -0.073650 0.997266
1706079753.601001 3.619639 0.280258 0.625664 0.007419 -0.001059 -0.074047 0.997227
1706079753.694629 3.653528 0.280731 0.610895 0.007434 -0.001227 -0.074488 0.997193
1706079753.800628 3.681057 0.273950 0.627446 0.008007 -0.001757 -0.074931 0.997155
1706079753.904147 3.712757 0.255875 0.616330 0.008916 -0.002361 -0.075241 0.997123
1706079754.002791 3.734772 0.263981 0.647377 0.010157 -0.002829 -0.075759 0.997070
1706079754.101354 3.764261 0.269944 0.651441 0.010582 -0.003597 -0.076088 0.997038
1706079754.204964 3.798011 0.263795 0.645961 0.008699 -0.003814 -0.076519 0.997023
1706079754.303888 3.810210 0.256317 0.646185 0.008463 -0.004186 -0.076899 0.996994
1706079754.403004 3.825997 0.248738 0.636703 0.008253 -0.004597 -0.077174 0.996973
1706079754.501156 3.850925 0.252812 0.646569 0.007742 -0.004621 -0.077569 0.996946
1706079754.599792 3.871395 0.253415 0.629745 0.005888 -0.004612 -0.078024 0.996923
1706079754.704868 3.914326 0.254395 0.637504 0.006053 -0.004358 -0.078496 0.996887
1706079754.803576 3.948465 0.258912 0.618754 0.005115 -0.004037 -0.078928 0.996859
1706079754.902426 3.972406 0.253022 0.626617 0.004858 -0.003719 -0.079221 0.996838
1706079755.002658 3.999857 0.254358 0.633891 0.004276 -0.003592 -0.079567 0.996814
1706079755.105104 4.026818 0.250665 0.626498 0.003364 -0.003601 -0.079993 0.996783
1706079755.203846 4.052294 0.247560 0.626686 0.002337 -0.003365 -0.080214 0.996769
1706079755.302393 4.081983 0.244265 0.627554 0.002322 -0.003366 -0.080418 0.996753
1706079755.401150 4.111889 0.247898 0.636168 0.001947 -0.003278 -0.080770 0.996725
1706079755.504902 4.126822 0.247512 0.636787 0.000702 -0.003397 -0.081023 0.996706
1706079755.603957 4.145060 0.251274 0.643527 0.000942 -0.003674 -0.081207 0.996690
1706079755.702630 4.171564 0.250501 0.647975 0.000508 -0.004085 -0.081335 0.996678
1706079755.800826 4.187946 0.246086 0.638596 -0.000292 -0.004132 -0.081376 0.996675
1706079755.904778 4.216900 0.237095 0.637886 0.000784 -0.004130 -0.081421 0.996671
1706079755.998091 4.246545 0.230824 0.649528 0.000168 -0.003525 -0.081609 0.996658
1706079756.103675 4.275972 0.229408 0.646601 0.001532 -0.003623 -0.081990 0.996625
1706079756.203577 4.303246 0.226652 0.643927 0.002888 -0.003090 -0.082540 0.996579
1706079756.302212 4.332009 0.225356 0.663306 0.004849 -0.002615 -0.083001 0.996534
1706079756.404860 4.366217 0.230217 0.670819 0.007181 -0.002980 -0.083489 0.996478
1706079756.503457 4.381095 0.225555 0.669803 0.007697 -0.002780 -0.083820 0.996447
1706079756.602221 4.403137 0.225597 0.665755 0.008051 -0.003262 -0.084134 0.996417
1706079756.700942 4.418720 0.215036 0.671515 0.008695 -0.003299 -0.084224 0.996403
1706079756.804576 4.440863 0.212694 0.670980 0.008939 -0.003843 -0.084417 0.996383
1706079756.903592 4.465940 0.212961 0.666019 0.009993 -0.004084 -0.084416 0.996372
1706079757.002706 4.493127 0.205411 0.670030 0.009808 -0.004237 -0.084476 0.996368
1706079757.105039 4.522246 0.207310 0.665497 0.009862 -0.004281 -0.084526 0.996363
1706079757.203970 4.549803 0.207296 0.670092 0.010184 -0.004199 -0.084488 0.996364
1706079757.304696 4.561001 0.206985 0.666928 0.009067 -0.004025 -0.084677 0.996359
1706079757.404780 4.581210 0.207828 0.660964 0.009337 -0.004425 -0.084736 0.996350
1706079757.503278 4.603890 0.205854 0.659710 0.009366 -0.004393 -0.084850 0.996340
1706079757.604798 4.615708 0.203499 0.655486 0.008653 -0.004367 -0.085027 0.996332
1706079757.704505 4.642729 0.203900 0.659744 0.008071 -0.004423 -0.085249 0.996317
1706079757.803333 4.673505 0.206108 0.665581 0.007394 -0.004598 -0.085475 0.996302
1706079757.901989 4.698329 0.195963 0.666057 0.007458 -0.005024 -0.085633 0.996286
1706079758.000687 4.723634 0.203044 0.656916 0.006491 -0.005023 -0.086044 0.996258
1706079758.104281 4.742443 0.205793 0.662483 0.005796 -0.005067 -0.086320 0.996238
1706079758.203561 4.774990 0.204472 0.668782 0.004685 -0.004577 -0.086522 0.996228
1706079758.301795 4.792310 0.204224 0.665091 0.004246 -0.004211 -0.086664 0.996220
1706079758.405387 4.813979 0.204482 0.666286 0.003329 -0.003599 -0.086777 0.996216
1706079758.505310 4.835091 0.211694 0.669359 0.002570 -0.002961 -0.086816 0.996217
1706079758.605145 4.851514 0.213218 0.670978 0.001859 -0.002756 -0.086934 0.996208
1706079758.704317 4.872384 0.207427 0.670085 0.001397 -0.002615 -0.087015 0.996203
1706079758.804133 4.888314 0.206459 0.670147 0.000350 -0.002470 -0.087071 0.996199
1706079758.905448 4.909270 0.204326 0.663084 -0.000362 -0.002659 -0.087185 0.996188
1706079759.004267 4.932516 0.209442 0.675256 0.000079 -0.003327 -0.087234 0.996182
1706079759.103024 4.952397 0.215406 0.688805 0.000088 -0.003478 -0.087258 0.996180
1706079759.201576 4.968100 0.202299 0.684771 -0.000871 -0.004039 -0.087179 0.996184
1706079759.300333 4.989057 0.196773 0.685967 -0.000597 -0.004477 -0.087179 0.996182
1706079759.403964 5.014036 0.206612 0.687187 -0.000137 -0.004843 -0.087251 0.996175
1706079759.502873 5.034620 0.212367 0.688191 -0.000048 -0.004928 -0.087368 0.996164
1706079759.601220 5.054254 0.207999 0.685286 0.000376 -0.005028 -0.087353 0.996165
1706079759.699841 5.070798 0.209775 0.685860 0.001603 -0.004691 -0.087327 0.996167
1706079759.804894 5.077267 0.201175 0.683830 0.001870 -0.004466 -0.087395 0.996162
1706079759.905117 5.099654 0.198383 0.676635 0.002649 -0.004293 -0.087286 0.996170
1706079760.004511 5.119482 0.196935 0.679212 0.004229 -0.004090 -0.087097 0.996182
1706079760.103905 5.130152 0.191068 0.680868 0.005106 -0.003822 -0.087066 0.996182
1706079760.205337 5.150331 0.185895 0.681009 0.005739 -0.003883 -0.086858 0.996197
1706079760.303781 5.172806 0.190570 0.690325 0.006728 -0.003776 -0.086736 0.996201
1706079760.402857 5.194063 0.191785 0.690257 0.006943 -0.003802 -0.086574 0.996214
1706079760.501358 5.207750 0.195157 0.688419 0.007018 -0.003364 -0.086279 0.996241
1706079760.604789 5.223310 0.195679 0.690517 0.007212 -0.003569 -0.086156 0.996249
1706079760.704408 5.255110 0.198687 0.692424 0.007406 -0.003666 -0.085961 0.996264
1706079760.802227 5.278762 0.202839 0.690917 0.007996 -0.004002 -0.085898 0.996264
1706079760.900844 5.297643 0.212463 0.693491 0.007914 -0.004107 -0.085862 0.996267
1706079761.004679 5.306389 0.215658 0.694036 0.006327 -0.003783 -0.085953 0.996272
1706079761.104796 5.323770 0.216548 0.692208 0.005524 -0.003835 -0.085954 0.996276
1706079761.205451 5.338931 0.203064 0.685412 0.003603 -0.004110 -0.086035 0.996277
1706079761.304914 5.357833 0.199268 0.687629 0.003956 -0.004538 -0.085876 0.996288
1706079761.403829 5.372947 0.204673 0.688280 0.002529 -0.004538 -0.085953 0.996286
1706079761.504950 5.389492 0.209628 0.689323 0.001625 -0.005043 -0.085853 0.996294
1706079761.603987 5.396333 0.213713 0.685634 0.000583 -0.005083 -0.085664 0.996311
1706079761.701060 5.415007 0.220033 0.688527 -0.000559 -0.005082 -0.085565 0.996319
1706079761.801429 5.438507 0.221499 0.686835 -0.002011 -0.004787 -0.085386 0.996334
1706079761.904657 5.459866 0.232831 0.687030 -0.002609 -0.004684 -0.085275 0.996343
1706079762.004253 5.467877 0.232121 0.685986 -0.003361 -0.004022 -0.085036 0.996364
1706079762.102767 5.489951 0.235627 0.685737 -0.002741 -0.004133 -0.084875 0.996379
1706079762.201626 5.511207 0.247490 0.685077 -0.002607 -0.003742 -0.084875 0.996381
1706079762.305285 5.517786 0.248076 0.686258 -0.001979 -0.003313 -0.084830 0.996388
1706079762.405035 5.532806 0.252148 0.686568 -0.002102 -0.002842 -0.084755 0.996396
1706079762.504970 5.562864 0.254450 0.686772 -0.001144 -0.002872 -0.084711 0.996401
1706079762.604819 5.567590 0.253144 0.691569 -0.000029 -0.002930 -0.084599 0.996411
1706079762.704008 5.593346 0.251445 0.693227 0.001482 -0.003285 -0.084485 0.996418
1706079762.804987 5.611426 0.248841 0.686821 0.003009 -0.003790 -0.084367 0.996423
1706079762.902067 5.623329 0.251207 0.692826 0.003071 -0.003535 -0.084307 0.996429
1706079763.002453 5.643091 0.247863 0.700492 0.003854 -0.003733 -0.084025 0.996449
1706079763.100361 5.649268 0.237157 0.705732 0.003960 -0.004007 -0.083927 0.996456
1706079763.204314 5.655525 0.239033 0.711886 0.004698 -0.004426 -0.083766 0.996465
1706079763.303817 5.677784 0.251418 0.708450 0.005057 -0.004918 -0.083540 0.996479
1706079763.402477 5.692445 0.265601 0.706350 0.004968 -0.004669 -0.083465 0.996487
1706079763.501374 5.706100 0.264065 0.706539 0.003513 -0.004752 -0.083244 0.996512
1706079763.604293 5.715217 0.267019 0.704085 0.003795 -0.005065 -0.083136 0.996518
1706079763.704474 5.736292 0.266613 0.698777 0.003149 -0.004944 -0.083108 0.996523
1706079763.804954 5.752924 0.277414 0.699313 0.003190 -0.005063 -0.083003 0.996531
1706079763.904790 5.759108 0.275803 0.695276 0.003468 -0.004648 -0.082898 0.996541
1706079764.004323 5.774477 0.272357 0.699234 0.002433 -0.003739 -0.082804 0.996556
1706079764.104605 5.783233 0.264273 0.703642 0.002804 -0.003773 -0.082514 0.996579
1706079764.202004 5.799059 0.265390 0.699113 0.002801 -0.003486 -0.082360 0.996593
1706079764.302886 5.810911 0.270122 0.700164 0.002985 -0.003106 -0.082198 0.996607
1706079764.402107 5.833964 0.273932 0.696885 0.002574 -0.002957 -0.082118 0.996615
1706079764.504268 5.851881 0.272408 0.694227 0.002399 -0.003094 -0.081888 0.996634
1706079764.602600 5.861530 0.270875 0.692131 0.002673 -0.003282 -0.081806 0.996639
1706079764.702380 5.880582 0.290845 0.698671 0.002433 -0.003172 -0.081536 0.996662
1706079764.801276 5.898680 0.301983 0.694814 0.001808 -0.003757 -0.081282 0.996682
1706079764.904787 5.908702 0.308395 0.696798 0.001649 -0.003871 -0.081086 0.996698
1706079765.003548 5.924514 0.312287 0.695176 0.000768 -0.004300 -0.080787 0.996722
1706079765.105280 5.941607 0.313550 0.697577 0.000371 -0.004642 -0.080515 0.996743
1706079765.205146 5.955804 0.316510 0.697529 0.000029 -0.004855 -0.080117 0.996774
1706079765.304295 5.955394 0.319120 0.698279 -0.000129 -0.004777 -0.079783 0.996801
1706079765.403107 5.957970 0.320351 0.702686 -0.000535 -0.004479 -0.079472 0.996827
1706079765.501843 5.965461 0.314068 0.695211 -0.000758 -0.004438 -0.079175 0.996851
1706079765.603152 5.970732 0.322153 0.701136 0.000107 -0.004148 -0.078986 0.996867
1706079765.704995 5.982333 0.332595 0.706747 -0.000233 -0.003465 -0.078894 0.996877
1706079765.803622 6.003157 0.342372 0.705267 0.001255 -0.003527 -0.078555 0.996903
1706079765.902903 6.024131 0.336883 0.708529 0.000981 -0.002990 -0.078303 0.996925
1706079766.000825 6.043737 0.326394 0.708425 0.001956 -0.002717 -0.077999 0.996948
1706079766.099985 6.054640 0.330525 0.702752 0.002732 -0.002790 -0.077795 0.996962
1706079766.204604 6.063079 0.322636 0.692504 0.002028 -0.002624 -0.077441 0.996991
1706079766.303236 6.083995 0.333499 0.689335 0.004106 -0.002719 -0.077117 0.997010
1706079766.401885 6.097593 0.336903 0.692451 0.003902 -0.002885 -0.076721 0.997041
1706079766.505296 6.100389 0.335916 0.695385 0.004535 -0.002898 -0.076280 0.997072
1706079766.604114 6.113760 0.348300 0.693715 0.004255 -0.003194 -0.075982 0.997095
1706079766.703290 6.122750 0.355546 0.700904 0.004737 -0.003608 -0.075584 0.997122
1706079766.804306 6.137625 0.361269 0.708563 0.004416 -0.003811 -0.075194 0.997152
1706079766.903397 6.147656 0.368667 0.709675 0.004372 -0.004092 -0.074933 0.997171
1706079767.005079 6.150210 0.381214 0.710762 0.004729 -0.004445 -0.074611 0.997192
1706079767.103264 6.150860 0.390155 0.716236 0.003698 -0.004100 -0.074394 0.997214
1706079767.201858 6.167433 0.391493 0.719968 0.004189 -0.004194 -0.074153 0.997229
1706079767.300322 6.187324 0.391677 0.718667 0.004132 -0.004374 -0.074054 0.997236
1706079767.399985 6.194362 0.393529 0.717332 0.004034 -0.004218 -0.073657 0.997267
1706079767.504257 6.201183 0.388361 0.708349 0.002593 -0.003679 -0.073592 0.997278
1706079767.602925 6.214912 0.393099 0.703764 0.002875 -0.003616 -0.073426 0.997290
1706079767.701586 6.224227 0.395624 0.703233 0.002457 -0.003341 -0.073216 0.997308
1706079767.804978 6.240664 0.402753 0.698210 0.001810 -0.003207 -0.072997 0.997325
1706079767.903916 6.243602 0.409195 0.700024 0.001925 -0.003284 -0.072672 0.997349
1706079768.005414 6.254344 0.422297 0.689152 0.000799 -0.003238 -0.072474 0.997365
1706079768.104491 6.275549 0.430575 0.694013 0.001361 -0.002783 -0.072042 0.997397
1706079768.203502 6.291066 0.426241 0.689710 0.000845 -0.002648 -0.071662 0.997425
1706079768.304283 6.302238 0.431083 0.691883 0.000804 -0.002382 -0.071368 0.997447
1706079768.402854 6.309334 0.432617 0.693248 0.001078 -0.002034 -0.071113 0.997466
1706079768.496495 6.318499 0.429731 0.697233 0.001107 -0.002208 -0.070758 0.997490
1706079768.595317 6.330862 0.439289 0.704719 0.001451 -0.002001 -0.070543 0.997506
1706079768.705144 6.341667 0.446797 0.700466 0.001888 -0.002061 -0.070151 0.997532
1706079768.803952 6.350642 0.446821 0.698029 0.001691 -0.002179 -0.070119 0.997535
1706079768.902611 6.365572 0.461818 0.689630 0.001762 -0.001922 -0.069998 0.997544
1706079769.005466 6.374368 0.467511 0.693087 0.002379 -0.002631 -0.069644 0.997566
1706079769.104941 6.370004 0.475748 0.691204 0.002386 -0.002818 -0.069460 0.997578
1706079769.203625 6.378225 0.478168 0.691813 0.001731 -0.002886 -0.069191 0.997598
1706079769.302292 6.382101 0.484214 0.697635 0.003034 -0.003494 -0.068663 0.997629
1706079769.404627 6.388333 0.486190 0.702993 0.003333 -0.003727 -0.068267 0.997655
1706079769.505365 6.394540 0.481514 0.708989 0.003667 -0.003837 -0.067682 0.997693
1706079769.604471 6.413370 0.480744 0.708522 0.002906 -0.003597 -0.067255 0.997725
1706079769.697500 6.420676 0.480082 0.707800 0.003671 -0.003274 -0.066859 0.997750
1706079769.795536 6.438457 0.485115 0.717252 0.004914 -0.003016 -0.066396 0.997777
1706079769.901841 6.453042 0.486221 0.713295 0.004683 -0.002756 -0.066147 0.997795
1706079770.005005 6.464679 0.499440 0.708498 0.004734 -0.002256 -0.065912 0.997812
1706079770.103629 6.478566 0.503635 0.705254 0.005820 -0.002284 -0.065592 0.997827
1706079770.202299 6.486063 0.511799 0.698939 0.005855 -0.002068 -0.065527 0.997831
1706079770.300894 6.475864 0.515114 0.698264 0.006272 -0.001963 -0.065395 0.997838
1706079770.404676 6.483939 0.520019 0.697230 0.006791 -0.002181 -0.065242 0.997844
1706079770.503903 6.499199 0.530717 0.695109 0.007360 -0.002302 -0.065178 0.997844
1706079770.605314 6.527805 0.529291 0.693518 0.007127 -0.002635 -0.064884 0.997864
1706079770.700657 6.534150 0.530727 0.705512 0.007030 -0.002816 -0.064750 0.997873
1706079770.804945 6.537009 0.529133 0.698194 0.006182 -0.003127 -0.064561 0.997890
1706079770.904470 6.550910 0.537834 0.697932 0.006365 -0.003198 -0.064265 0.997907
1706079770.997380 6.549108 0.544304 0.709848 0.005857 -0.002892 -0.064139 0.997920
1706079771.096059 6.548651 0.540300 0.714750 0.005591 -0.003107 -0.063793 0.997943
1706079771.193823 6.561492 0.543506 0.715192 0.005329 -0.003163 -0.063504 0.997962
1706079771.304635 6.572158 0.544910 0.719621 0.006299 -0.003193 -0.063061 0.997985
1706079771.403181 6.576440 0.550062 0.714146 0.004830 -0.002684 -0.063026 0.997997
1706079771.501904 6.582548 0.561147 0.717892 0.004535 -0.002462 -0.062864 0.998009
1706079771.600500 6.595466 0.566740 0.706817 0.003071 -0.001740 -0.062713 0.998025
1706079771.704371 6.612834 0.580053 0.698541 0.003256 -0.001960 -0.062348 0.998047
1706079771.803038 6.610294 0.587056 0.693965 0.003086 -0.001468 -0.062166 0.998060
1706079771.901676 6.607369 0.591538 0.690642 0.002741 -0.001461 -0.061910 0.998077
1706079772.001400 6.615609 0.591337 0.690206 0.002293 -0.001061 -0.061661 0.998094
1706079772.098943 6.625467 0.587085 0.694002 0.002438 -0.001399 -0.061198 0.998122
1706079772.197605 6.645808 0.600508 0.695746 0.002366 -0.001359 -0.060946 0.998137
1706079772.296225 6.652177 0.600045 0.682911 0.001534 -0.001571 -0.060649 0.998157
1706079772.401858 6.662514 0.605441 0.685898 0.002157 -0.002060 -0.060203 0.998182
1706079772.500414 6.658117 0.604822 0.689705 0.002507 -0.002124 -0.059998 0.998193
1706079772.604333 6.660198 0.600934 0.706542 0.002777 -0.002002 -0.059541 0.998220
1706079772.702890 6.677342 0.611048 0.708493 0.002906 -0.002797 -0.059197 0.998238
1706079772.801531 6.689394 0.618169 0.697612 0.002231 -0.003075 -0.058908 0.998256
1706079772.905309 6.703445 0.618433 0.697653 0.002292 -0.003134 -0.058462 0.998282
1706079773.004066 6.701276 0.620881 0.702275 0.002387 -0.002815 -0.058226 0.998297
1706079773.102719 6.705974 0.637791 0.701923 0.003711 -0.003231 -0.057860 0.998313
1706079773.201356 6.714348 0.649084 0.695609 0.003338 -0.002918 -0.057530 0.998334
1706079773.300827 6.714914 0.662431 0.698404 0.003565 -0.002606 -0.057166 0.998355
1706079773.399633 6.734743 0.670803 0.697998 0.003283 -0.001776 -0.056894 0.998373
1706079773.497267 6.739048 0.669526 0.694082 0.003610 -0.001287 -0.056543 0.998393
1706079773.596895 6.750703 0.679052 0.666046 0.004839 -0.001416 -0.056139 0.998410
1706079773.701512 6.759533 0.688079 0.657091 0.004624 -0.000720 -0.055788 0.998432
1706079773.805094 6.771462 0.690961 0.647511 0.005130 -0.000539 -0.055371 0.998453
1706079773.903921 6.779672 0.699600 0.659345 0.005109 -0.000240 -0.055086 0.998469
1706079774.002638 6.770991 0.704431 0.670071 0.005420 -0.000258 -0.054537 0.998497
1706079774.101326 6.772932 0.705294 0.683900 0.005688 -0.000389 -0.053989 0.998525
1706079774.204890 6.780748 0.705402 0.679583 0.004930 -0.000905 -0.053478 0.998556
1706079774.305129 6.789715 0.711370 0.685839 0.004716 -0.001204 -0.052918 0.998587
1706079774.402364 6.804444 0.721993 0.692751 0.005553 -0.001808 -0.052454 0.998606
1706079774.501028 6.824419 0.739624 0.712177 0.004943 -0.001880 -0.051985 0.998634
1706079774.600297 6.838749 0.742541 0.701909 0.004071 -0.002213 -0.051420 0.998666
1706079774.698293 6.831983 0.744046 0.699954 0.003103 -0.002165 -0.050361 0.998724
1706079774.804166 6.838144 0.767130 0.703329 0.003524 -0.002086 -0.048546 0.998813
1706079774.902666 6.843771 0.780379 0.706689 0.003457 -0.001832 -0.046171 0.998926
1706079775.001943 6.858625 0.791456 0.699929 0.003210 -0.001434 -0.043166 0.999062
1706079775.104986 6.869930 0.804509 0.688942 0.003335 -0.001147 -0.039666 0.999207
1706079775.203550 6.880630 0.829325 0.693275 0.003228 -0.000687 -0.036279 0.999336
1706079775.299274 6.873274 0.833200 0.700458 0.002601 0.000360 -0.032478 0.999469
1706079775.401016 6.881564 0.850070 0.694307 0.001403 0.000712 -0.028197 0.999601
1706079775.504761 6.897784 0.870382 0.697175 0.001068 0.001419 -0.023336 0.999726
1706079775.603398 6.913994 0.901795 0.684571 0.000877 0.002041 -0.018334 0.999829
1706079775.701946 6.917646 0.945327 0.687566 0.001414 0.002807 -0.013313 0.999906
1706079775.800642 6.932852 0.976188 0.676582 0.001670 0.003152 -0.007939 0.999962
1706079775.899233 6.937495 0.995982 0.697902 0.001216 0.004576 -0.002391 0.999986
1706079775.994473 6.962389 1.023157 0.683179 0.000820 0.005052 0.003132 0.999982
1706079776.103656 6.996773 1.066491 0.679567 0.001727 0.005290 0.009445 0.999940
1706079776.202971 7.030805 1.076222 0.681414 0.001100 0.006049 0.014793 0.999872
1706079776.302146 7.035039 1.083896 0.683692 0.001864 0.006187 0.020368 0.999772
1706079776.404644 7.034593 1.099738 0.671466 0.000965 0.006617 0.025718 0.999647
1706079776.500333 7.041393 1.133064 0.676409 0.001874 0.006770 0.030886 0.999498
1706079776.599429 7.051210 1.168269 0.660669 0.000434 0.006928 0.036046 0.999326
1706079776.698489 7.078483 1.208339 0.671139 -0.000074 0.006680 0.041341 0.999123
1706079776.804218 7.121557 1.265592 0.687697 0.000373 0.006314 0.046845 0.998882
1706079776.898732 7.143186 1.298934 0.653013 -0.001114 0.006681 0.051968 0.998626
1706079777.002434 7.152340 1.324953 0.659854 -0.002304 0.007327 0.057477 0.998317
1706079777.096551 7.160615 1.354919 0.666616 -0.000630 0.006600 0.062704 0.998010
1706079777.199294 7.175656 1.386170 0.683833 -0.002125 0.007742 0.067872 0.997662
1706079777.304864 7.197240 1.412552 0.662609 -0.003369 0.008109 0.073153 0.997282
1706079777.404133 7.239369 1.467009 0.648248 -0.003506 0.008289 0.077874 0.996923
1706079777.503279 7.254576 1.488323 0.659803 -0.004244 0.008977 0.082672 0.996527
1706079777.602393 7.271103 1.501294 0.677330 -0.005452 0.010185 0.087749 0.996076
1706079777.701452 7.295658 1.537960 0.676660 -0.006648 0.010886 0.092379 0.995642
1706079777.800524 7.318827 1.559363 0.695292 -0.007663 0.012137 0.097168 0.995165
1706079777.902068 7.338082 1.598481 0.680112 -0.007653 0.012480 0.101687 0.994709
1706079778.001012 7.373197 1.630588 0.660802 -0.008437 0.013379 0.106073 0.994233
1706079778.099721 7.398316 1.662273 0.657440 -0.008488 0.014040 0.110594 0.993730
1706079778.198770 7.424395 1.698617 0.631842 -0.009869 0.014590 0.114973 0.993212
1706079778.298061 7.460499 1.733449 0.638583 -0.008293 0.014998 0.119519 0.992684
1706079778.396938 7.495651 1.775387 0.614098 -0.009303 0.015011 0.123837 0.992145
1706079778.495932 7.537017 1.819030 0.614566 -0.008181 0.015084 0.128242 0.991594
1706079778.605197 7.561565 1.874800 0.623588 -0.007825 0.015173 0.132933 0.990978
1706079778.704366 7.580853 1.904569 0.631240 -0.007286 0.014972 0.137290 0.990391
1706079778.803455 7.627963 1.923054 0.653099 -0.008103 0.014974 0.141475 0.989795
1706079778.902543 7.656143 1.930412 0.625772 -0.008107 0.014483 0.145672 0.989194
1706079779.004322 7.687361 1.966723 0.624284 -0.007784 0.014756 0.149839 0.988570
1706079779.103078 7.740025 1.956527 0.630466 -0.008272 0.014468 0.153697 0.987977
1706079779.201917 7.774987 1.992083 0.615307 -0.009323 0.014565 0.157346 0.987392
1706079779.301019 7.810366 2.109862 0.604770 -0.007203 0.015306 0.160464 0.986897
1706079779.403620 7.847335 2.148661 0.603325 -0.010108 0.016051 0.164162 0.986251
1706079779.502188 7.893573 2.191410 0.608736 -0.012468 0.016076 0.167370 0.985684
1706079779.600874 7.941838 2.203192 0.582864 -0.013699 0.016123 0.170541 0.985123
1706079779.699613 7.973786 2.230451 0.581453 -0.014899 0.016915 0.173941 0.984498
1706079779.799017 7.975166 2.309802 0.607140 -0.015874 0.017534 0.177176 0.983895
1706079779.905429 8.003546 2.344884 0.649290 -0.016129 0.018256 0.180714 0.983234
1706079780.004597 8.030566 2.378933 0.646075 -0.017608 0.018112 0.184023 0.982597
1706079780.103680 8.077039 2.415462 0.620188 -0.017406 0.018296 0.187254 0.981987
1706079780.204965 8.122100 2.460926 0.639779 -0.019160 0.018193 0.190454 0.981340
1706079780.304216 8.156711 2.483540 0.687916 -0.018007 0.018396 0.193899 0.980684
1706079780.403277 8.171904 2.557627 0.655093 -0.020162 0.017792 0.196625 0.980110
1706079780.502107 8.204181 2.575179 0.629592 -0.019238 0.018403 0.199781 0.979479
1706079780.604732 8.232933 2.639387 0.678353 -0.016160 0.019570 0.202983 0.978853
1706079780.703417 8.272150 2.676455 0.679477 -0.017276 0.019443 0.205738 0.978261
1706079780.802092 8.313980 2.723636 0.662552 -0.015570 0.019753 0.208652 0.977667
1706079780.900705 8.385066 2.736792 0.684103 -0.014860 0.020368 0.211404 0.977074
1706079780.999332 8.408353 2.772357 0.649748 -0.015477 0.020563 0.213966 0.976502
1706079781.104400 8.428381 2.824347 0.623918 -0.013551 0.021159 0.216534 0.975952
1706079781.202900 8.460893 2.875883 0.608007 -0.014253 0.021074 0.218428 0.975521
1706079781.304683 8.514756 2.912756 0.596575 -0.013250 0.021207 0.220530 0.975060
1706079781.403697 8.577858 2.957008 0.534164 -0.012572 0.021340 0.222268 0.974671
1706079781.505240 8.620788 3.006719 0.536769 -0.012119 0.021504 0.224039 0.974267
1706079781.604378 8.656807 3.042215 0.509729 -0.013033 0.021014 0.225587 0.973909
1706079781.703304 8.680519 3.111357 0.471604 -0.013254 0.020804 0.226745 0.973642
1706079781.802276 8.726231 3.138158 0.441040 -0.013967 0.021139 0.227850 0.973366
1706079781.904495 8.758956 3.184203 0.461708 -0.014402 0.021412 0.228505 0.973201
1706079782.003115 8.802437 3.211606 0.464422 -0.015963 0.021104 0.229010 0.973064
1706079782.101740 8.833650 3.268595 0.446411 -0.016248 0.020970 0.229213 0.973015
1706079782.200381 8.872326 3.314274 0.503588 -0.017626 0.020942 0.229115 0.973015
1706079782.305150 8.948586 3.339739 0.482222 -0.018787 0.020268 0.229082 0.973015
1706079782.404054 9.009828 3.386261 0.494825 -0.019126 0.020059 0.228881 0.973060
1706079782.502763 9.065165 3.414448 0.439991 -0.019714 0.019512 0.228552 0.973136
1706079782.601389 9.113795 3.464760 0.417471 -0.019003 0.019100 0.228043 0.973278
1706079782.703821 9.157030 3.512964 0.416066 -0.019977 0.019078 0.227212 0.973453
1706079782.805151 9.206115 3.562970 0.434176 -0.019911 0.019438 0.226356 0.973647
1706079782.904374 9.246349 3.607810 0.439112 -0.019414 0.019611 0.225416 0.973872
1706079783.003368 9.303169 3.644873 0.442238 -0.020104 0.019714 0.224102 0.974159
1706079783.105466 9.359596 3.676298 0.447268 -0.020873 0.019616 0.222683 0.974470
1706079783.204140 9.418113 3.712434 0.465828 -0.019841 0.020298 0.220933 0.974876
1706079783.303520 9.473437 3.751786 0.425290 -0.019108 0.019515 0.218991 0.975345
1706079783.401394 9.537012 3.796251 0.440606 -0.017582 0.020109 0.216726 0.975867
1706079783.499972 9.579798 3.840908 0.466969 -0.016668 0.020240 0.214249 0.976427
1706079783.605031 9.645055 3.863846 0.471143 -0.016498 0.019748 0.211629 0.977011
1706079783.703549 9.704006 3.897683 0.469583 -0.016231 0.019317 0.208975 0.977595
1706079783.802216 9.770357 3.934413 0.462273 -0.015856 0.018678 0.206246 0.978193
1706079783.904960 9.834447 3.980492 0.467106 -0.015310 0.018457 0.203529 0.978775
1706079784.003640 9.891569 4.013602 0.467668 -0.015339 0.018141 0.200628 0.979379
1706079784.105404 9.951748 4.041306 0.475742 -0.014819 0.018157 0.197503 0.980022
1706079784.204238 10.026005 4.055345 0.454488 -0.015482 0.017779 0.194436 0.980632
1706079784.303502 10.082051 4.083981 0.461823 -0.015771 0.018377 0.190835 0.981323
1706079784.404965 10.157312 4.136647 0.479136 -0.015313 0.018618 0.187004 0.982063
1706079784.503800 10.219699 4.174100 0.513033 -0.016248 0.018223 0.183551 0.982707
1706079784.602421 10.285199 4.207323 0.500556 -0.016286 0.018115 0.179840 0.983394
1706079784.701010 10.348167 4.234417 0.517167 -0.017603 0.017810 0.176042 0.984064
1706079784.799549 10.414324 4.255435 0.539059 -0.018229 0.017061 0.172404 0.984710
1706079784.897974 10.483552 4.298638 0.564167 -0.018920 0.016097 0.168521 0.985385
1706079784.991045 10.531379 4.334630 0.564208 -0.018882 0.015175 0.164983 0.985999
1706079785.086039 10.594004 4.371730 0.574569 -0.017645 0.014980 0.161332 0.986629
1706079785.205056 10.679809 4.426114 0.583421 -0.018132 0.013718 0.156523 0.987413
1706079785.303665 10.710059 4.499771 0.628861 -0.017936 0.014012 0.152242 0.988081
1706079785.404988 10.792700 4.509942 0.587629 -0.017188 0.012995 0.148325 0.988704
1706079785.504403 10.863403 4.535146 0.550764 -0.016972 0.012728 0.144172 0.989325
1706079785.603482 10.951200 4.551161 0.597366 -0.017627 0.012578 0.140074 0.989904
1706079785.704596 11.024991 4.582328 0.590631 -0.015745 0.013341 0.135803 0.990521
1706079785.803012 11.093566 4.609001 0.580947 -0.015514 0.013419 0.131546 0.991098
1706079785.901740 11.176199 4.628582 0.554379 -0.015395 0.013596 0.127087 0.991679
1706079786.000540 11.236072 4.672572 0.620000 -0.014323 0.013657 0.122943 0.992216
1706079786.088990 11.299886 4.686240 0.582148 -0.014287 0.012978 0.119263 0.992675
1706079786.187958 11.370788 4.715801 0.560142 -0.013732 0.012522 0.115287 0.993158
1706079786.286956 11.447020 4.735881 0.534547 -0.013074 0.012125 0.111575 0.993596
1706079786.386132 11.512046 4.758473 0.507119 -0.013145 0.011239 0.107749 0.994028
1706079786.504680 11.613428 4.772285 0.517482 -0.013227 0.010420 0.103411 0.994496
1706079786.603738 11.691936 4.809914 0.515012 -0.013197 0.010139 0.099397 0.994909
1706079786.705278 11.767104 4.828166 0.524687 -0.013306 0.009947 0.095508 0.995290
1706079786.804645 11.845648 4.849948 0.521962 -0.013325 0.009661 0.091791 0.995642
1706079786.903625 11.936290 4.868527 0.500491 -0.013367 0.009651 0.088277 0.995960
1706079787.003735 12.003536 4.900968 0.526009 -0.013938 0.009219 0.084784 0.996259
1706079787.102585 12.075567 4.919113 0.504276 -0.015229 0.008709 0.081380 0.996529
1706079787.201164 12.154301 4.929559 0.490056 -0.015523 0.008770 0.078158 0.996781
1706079787.290136 12.232907 4.946013 0.497827 -0.015153 0.008227 0.075382 0.997006
1706079787.389065 12.321466 4.971054 0.498683 -0.016055 0.007598 0.072202 0.997232
1706079787.487997 12.403222 4.992297 0.479680 -0.015824 0.007651 0.069244 0.997445
1706079787.587004 12.479735 5.012888 0.460731 -0.015685 0.007055 0.066380 0.997646
1706079787.686331 12.569283 5.026888 0.449538 -0.014910 0.007032 0.063532 0.997844
1706079787.804898 12.662716 5.041740 0.440274 -0.014935 0.006920 0.060124 0.998055
1706079787.903512 12.736534 5.074732 0.478178 -0.014190 0.007104 0.057263 0.998233
1706079788.005151 12.823548 5.107556 0.520199 -0.012180 0.007480 0.054423 0.998416
1706079788.104686 12.905570 5.126078 0.509536 -0.011760 0.006910 0.051885 0.998560
1706079788.204360 12.990518 5.136348 0.504347 -0.010480 0.007159 0.049362 0.998700
1706079788.303517 13.063981 5.151222 0.490849 -0.007609 0.007307 0.046992 0.998840
1706079788.401991 13.151724 5.155799 0.482996 -0.007193 0.006512 0.044767 0.998950
1706079788.490914 13.224475 5.178402 0.498069 -0.006550 0.006615 0.042875 0.999037
1706079788.590128 13.319597 5.189402 0.531597 -0.004915 0.006318 0.040901 0.999131
1706079788.689044 13.411136 5.201156 0.539246 -0.004715 0.005705 0.039198 0.999204
1706079788.788030 13.500818 5.218058 0.550503 -0.003084 0.004890 0.037510 0.999280
1706079788.897079 13.587301 5.245216 0.514425 -0.003285 0.004058 0.035662 0.999350
1706079788.996499 13.670847 5.267149 0.539651 -0.003553 0.004461 0.033835 0.999411
1706079789.104653 13.744887 5.284606 0.550005 -0.003185 0.004089 0.032005 0.999474
1706079789.203416 13.826034 5.298085 0.561266 -0.003289 0.003947 0.030235 0.999530
1706079789.305472 13.933276 5.316540 0.522165 -0.003337 0.003787 0.028465 0.999582
1706079789.405232 14.040505 5.344059 0.545755 -0.004623 0.003827 0.026754 0.999624
1706079789.504262 14.128961 5.343860 0.563724 -0.006371 0.003847 0.025091 0.999657
1706079789.602822 14.218650 5.364393 0.555219 -0.006577 0.004026 0.023647 0.999691
1706079789.690184 14.299981 5.380404 0.526989 -0.007285 0.004505 0.022343 0.999714
1706079789.795146 14.398663 5.395498 0.553623 -0.008303 0.004878 0.020878 0.999736
1706079789.893947 14.479228 5.414316 0.564686 -0.008555 0.005103 0.019510 0.999760
1706079789.992587 14.572770 5.450105 0.581440 -0.009212 0.005551 0.017888 0.999782
1706079790.103410 14.669429 5.462361 0.569131 -0.009407 0.005343 0.016562 0.999804
1706079790.201886 14.751514 5.454702 0.576603 -0.010189 0.005611 0.015341 0.999815
1706079790.305436 14.832027 5.463116 0.593835 -0.010105 0.005669 0.013959 0.999835
1706079790.404595 14.921605 5.471080 0.572853 -0.010410 0.005338 0.012770 0.999850
1706079790.503226 15.021871 5.482517 0.576750 -0.009708 0.004816 0.011701 0.999873
1706079790.601812 15.115268 5.505547 0.565366 -0.009403 0.004707 0.010406 0.999891
1706079790.704821 15.211249 5.522742 0.545359 -0.009994 0.003968 0.009300 0.999899
1706079790.803895 15.294742 5.545860 0.526901 -0.009058 0.003183 0.008451 0.999918
1706079790.891309 15.394053 5.562009 0.528964 -0.009523 0.003113 0.007581 0.999921
1706079790.992286 15.494936 5.573833 0.544901 -0.008730 0.002983 0.006938 0.999933
1706079791.094965 15.603793 5.580155 0.522158 -0.009197 0.002767 0.006251 0.999934
1706079791.193439 15.690862 5.588512 0.510040 -0.008497 0.002743 0.005732 0.999944
1706079791.304226 15.791678 5.603460 0.511288 -0.007340 0.002861 0.004948 0.999957
1706079791.398727 15.882599 5.608904 0.502994 -0.006370 0.002425 0.004556 0.999966
1706079791.501616 15.987030 5.628330 0.496812 -0.005363 0.002396 0.003862 0.999975
1706079791.600230 16.091572 5.647523 0.520434 -0.004917 0.002536 0.003283 0.999979
1706079791.704361 16.186423 5.661799 0.557813 -0.004027 0.002899 0.002723 0.999984
1706079791.802938 16.287930 5.664488 0.579077 -0.003879 0.002640 0.002340 0.999986
1706079791.901380 16.391227 5.665314 0.558960 -0.005150 0.002272 0.001572 0.999983
1706079791.999905 16.472144 5.681443 0.574061 -0.004538 0.002551 0.001011 0.999986
1706079792.098861 16.563208 5.694384 0.568058 -0.004319 0.002280 0.000482 0.999988
1706079792.197325 16.668116 5.709283 0.552377 -0.004664 0.002077 0.000056 0.999987
1706079792.292244 16.760304 5.725396 0.551636 -0.004405 0.002279 -0.000399 0.999988
1706079792.391273 16.857301 5.723601 0.543122 -0.004884 0.002232 -0.000659 0.999985
1706079792.505092 16.974913 5.741038 0.496808 -0.005489 0.001929 -0.001105 0.999982
1706079792.604066 17.082076 5.755531 0.505294 -0.005768 0.001769 -0.001479 0.999981
1706079792.702783 17.191262 5.770106 0.512807 -0.005835 0.002216 -0.001883 0.999979
1706079792.801300 17.293301 5.774551 0.497710 -0.006327 0.002242 -0.002099 0.999975
1706079792.905238 17.392259 5.776067 0.501872 -0.006536 0.002454 -0.002448 0.999973
1706079793.003842 17.485997 5.790647 0.504664 -0.006213 0.002462 -0.002826 0.999974
1706079793.102392 17.574757 5.808410 0.502707 -0.006632 0.002729 -0.003199 0.999969
1706079793.194425 17.679190 5.815085 0.524629 -0.006082 0.002727 -0.003323 0.999972
1706079793.299875 17.777598 5.820713 0.559310 -0.006330 0.003154 -0.003767 0.999968
1706079793.398409 17.881966 5.817092 0.583523 -0.006778 0.003001 -0.004019 0.999964
1706079793.496876 17.975598 5.830188 0.580904 -0.006648 0.003196 -0.004403 0.999963
1706079793.592418 18.066694 5.854240 0.570221 -0.005843 0.002866 -0.004795 0.999967
1706079793.701710 18.189201 5.878251 0.586441 -0.005870 0.002986 -0.005129 0.999965
1706079793.801000 18.296256 5.889023 0.607197 -0.005268 0.002799 -0.005429 0.999967
1706079793.903598 18.405965 5.889638 0.659810 -0.006737 0.003075 -0.005909 0.999955
1706079794.002358 18.504650 5.898069 0.696440 -0.005426 0.002868 -0.006218 0.999962
1706079794.100992 18.617413 5.906168 0.658789 -0.005153 0.002375 -0.006527 0.999963
1706079794.204813 18.738415 5.912769 0.668232 -0.005429 0.002478 -0.006936 0.999958
1706079794.303483 18.849650 5.923739 0.689560 -0.005951 0.002378 -0.007333 0.999953
1706079794.402140 18.954066 5.934364 0.720225 -0.005876 0.002833 -0.007918 0.999947
1706079794.500845 19.063284 5.949202 0.723263 -0.005611 0.002300 -0.008364 0.999947
1706079794.599302 19.171092 5.947760 0.720203 -0.006247 0.001873 -0.008733 0.999941
1706079794.698108 19.286304 5.952202 0.697667 -0.005699 0.001520 -0.009061 0.999942
1706079794.796823 19.376098 5.957065 0.696509 -0.005724 0.001747 -0.009416 0.999938
1706079794.902859 19.490198 5.956463 0.653673 -0.004714 0.001046 -0.009457 0.999944
1706079795.002117 19.586624 5.962881 0.626411 -0.005357 0.001248 -0.009865 0.999936
1706079795.104536 19.705988 5.971022 0.625672 -0.005598 0.001395 -0.010246 0.999931
1706079795.203493 19.809364 5.983418 0.607440 -0.005226 0.001221 -0.010607 0.999929
1706079795.302045 19.918499 5.999405 0.649160 -0.004910 0.002055 -0.010896 0.999926
1706079795.400932 20.029359 6.002925 0.673361 -0.005572 0.001909 -0.011178 0.999920
1706079795.504583 20.148641 6.003921 0.681073 -0.006039 0.002014 -0.011440 0.999914
1706079795.603218 20.257142 6.002941 0.653330 -0.006178 0.001769 -0.011681 0.999911
1706079795.701857 20.360116 6.000351 0.662958 -0.005795 0.002030 -0.011860 0.999911
1706079795.800316 20.474033 6.017227 0.650038 -0.005027 0.001979 -0.012180 0.999911
1706079795.899115 20.580805 6.031936 0.674101 -0.005213 0.002113 -0.012276 0.999909
1706079795.997723 20.687499 6.035512 0.662385 -0.005686 0.002329 -0.012524 0.999903
1706079796.103927 20.809127 6.040355 0.661571 -0.005343 0.001906 -0.012818 0.999902
1706079796.203176 20.926293 6.039833 0.628385 -0.005268 0.001758 -0.013068 0.999899
1706079796.302283 21.046601 6.046497 0.674828 -0.004154 0.001693 -0.013384 0.999900
1706079796.404507 21.166516 6.052300 0.651351 -0.004341 0.000939 -0.013607 0.999898
1706079796.503101 21.268546 6.054481 0.671040 -0.004536 0.001457 -0.013972 0.999891
1706079796.599524 21.376059 6.064922 0.655528 -0.005156 0.001265 -0.014361 0.999883
1706079796.698610 21.482878 6.066880 0.646622 -0.005584 0.001298 -0.014502 0.999878
1706079796.804299 21.612521 6.084854 0.653802 -0.005631 0.001273 -0.014859 0.999873
1706079796.902845 21.728092 6.090915 0.665399 -0.006141 0.001576 -0.014962 0.999868
1706079797.001360 21.850507 6.093067 0.660223 -0.006661 0.001512 -0.015075 0.999863
1706079797.096660 21.960529 6.101108 0.685816 -0.006296 0.001235 -0.015189 0.999864
1706079797.198786 22.065903 6.095507 0.700657 -0.006960 0.001532 -0.015327 0.999857
1706079797.305022 22.199074 6.095357 0.741860 -0.006843 0.001663 -0.015408 0.999856
1706079797.404335 22.317172 6.102768 0.747374 -0.006320 0.001427 -0.015327 0.999862
1706079797.503399 22.419209 6.104989 0.703746 -0.006222 0.001184 -0.015340 0.999862
1706079797.602485 22.532404 6.111685 0.705753 -0.005218 0.001328 -0.015164 0.999871
1706079797.704039 22.651228 6.113407 0.681580 -0.005011 0.001027 -0.015093 0.999873
1706079797.803015 22.761449 6.120505 0.672237 -0.004967 0.001190 -0.015021 0.999874
1706079797.901504 22.872742 6.139222 0.646168 -0.004552 0.001337 -0.014944 0.999877
1706079798.005286 23.004268 6.141067 0.660150 -0.003753 0.001884 -0.014902 0.999880
1706079798.103953 23.122043 6.143159 0.651552 -0.003700 0.001630 -0.014865 0.999881
1706079798.202376 23.232903 6.155770 0.716134 -0.004074 0.001998 -0.015060 0.999876
1706079798.301112 23.347265 6.153219 0.663105 -0.004217 0.001695 -0.015111 0.999875
1706079798.399844 23.450877 6.149274 0.635032 -0.003583 0.001486 -0.014968 0.999880
1706079798.505474 23.592956 6.155360 0.625767 -0.004267 0.001558 -0.015050 0.999876
1706079798.605315 23.704314 6.152784 0.646042 -0.004245 0.001575 -0.014965 0.999878
1706079798.704483 23.812724 6.158406 0.666343 -0.004391 0.001557 -0.014924 0.999878
1706079798.803583 23.937412 6.172991 0.648203 -0.004525 0.000988 -0.014753 0.999880
1706079798.902679 24.059113 6.181872 0.669111 -0.003958 0.001084 -0.014450 0.999887
1706079799.004030 24.199901 6.194803 0.684805 -0.003867 0.000742 -0.014353 0.999889
1706079799.100858 24.302515 6.202437 0.703334 -0.004075 0.000602 -0.014207 0.999891
1706079799.199898 24.413282 6.210693 0.710139 -0.004048 0.000703 -0.014320 0.999889
1706079799.304844 24.535714 6.216145 0.747834 -0.004325 0.000881 -0.014354 0.999887
1706079799.403413 24.641149 6.206842 0.746206 -0.004240 0.001042 -0.014468 0.999886
1706079799.502217 24.766561 6.211360 0.748429 -0.004385 0.001062 -0.014470 0.999885
1706079799.600823 24.881512 6.214533 0.745407 -0.004241 0.001600 -0.014508 0.999884
1706079799.699564 24.988009 6.220911 0.765045 -0.004602 0.001971 -0.014452 0.999883
1706079799.804974 25.111486 6.225727 0.761185 -0.003267 0.001936 -0.014318 0.999890
1706079799.904825 25.232918 6.223877 0.771215 -0.003400 0.001963 -0.014265 0.999891
1706079800.004679 25.349641 6.232395 0.796746 -0.003218 0.002262 -0.014164 0.999892
1706079800.103743 25.469709 6.239417 0.806271 -0.002969 0.002284 -0.014137 0.999893
1706079800.202867 25.606753 6.243097 0.796752 -0.002278 0.002297 -0.013958 0.999897
1706079800.303667 25.733191 6.247590 0.772557 -0.002864 0.002215 -0.013981 0.999896
1706079800.400956 25.848620 6.243837 0.790918 -0.002309 0.002252 -0.013885 0.999898
1706079800.499860 25.969160 6.253313 0.792244 -0.002925 0.001943 -0.013839 0.999898
1706079800.604647 26.072273 6.251664 0.774868 -0.003819 0.001928 -0.013831 0.999895
1706079800.703258 26.176413 6.256787 0.823380 -0.003231 0.001738 -0.013626 0.999900
1706079800.799001 26.281067 6.271229 0.872754 -0.003117 0.001764 -0.013635 0.999901
1706079800.900607 26.410858 6.274756 0.872751 -0.003376 0.001653 -0.013525 0.999901
1706079801.005463 26.549932 6.285286 0.839967 -0.003804 0.001257 -0.013589 0.999900
1706079801.104667 26.667640 6.291338 0.869915 -0.003987 0.001845 -0.013681 0.999897
1706079801.205132 26.784435 6.294314 0.917360 -0.003771 0.002150 -0.013708 0.999897
1706079801.304852 26.907381 6.299413 0.954895 -0.002767 0.001994 -0.013818 0.999899
1706079801.403962 27.035197 6.295183 0.937562 -0.003360 0.002001 -0.013792 0.999897
1706079801.504674 27.159183 6.301283 0.951010 -0.002431 0.002298 -0.013657 0.999901
1706079801.602034 27.278906 6.315278 0.945956 -0.002493 0.002491 -0.013719 0.999900
1706079801.700935 27.397106 6.314816 0.913414 -0.002865 0.002314 -0.013492 0.999902
1706079801.802086 27.520521 6.317376 0.919992 -0.003219 0.002151 -0.013373 0.999903
1706079801.904337 27.641435 6.331337 0.927242 -0.002827 0.002441 -0.013162 0.999906
1706079802.002954 27.763156 6.344593 0.912991 -0.002627 0.001685 -0.012910 0.999912
1706079802.101667 27.866658 6.353902 0.922600 -0.002555 0.001636 -0.012528 0.999917
1706079802.200289 27.982366 6.358751 0.904479 -0.003243 0.001525 -0.012319 0.999918
1706079802.305400 28.106613 6.362208 0.913474 -0.003013 0.001494 -0.011710 0.999926
1706079802.404106 28.226864 6.372795 0.932971 -0.003682 0.001667 -0.011247 0.999929
1706079802.505102 28.341834 6.378341 0.917516 -0.004447 0.001763 -0.010547 0.999933
1706079802.604949 28.453416 6.382452 0.941513 -0.004096 0.002328 -0.009755 0.999941
1706079802.704139 28.581741 6.393219 0.950548 -0.005024 0.002552 -0.009030 0.999943
1706079802.803133 28.698400 6.398989 0.955809 -0.005380 0.002746 -0.008089 0.999949
1706079802.903948 28.822599 6.395050 0.934847 -0.006194 0.002511 -0.007242 0.999951
1706079803.003132 28.971794 6.407481 0.914795 -0.005415 0.002427 -0.006188 0.999963
1706079803.102142 29.077517 6.417010 0.916863 -0.006355 0.002584 -0.005267 0.999963
1706079803.203946 29.202310 6.426098 0.909394 -0.006446 0.002536 -0.004333 0.999967
1706079803.302565 29.303708 6.438728 0.942112 -0.006917 0.002795 -0.003302 0.999967
1706079803.401185 29.422753 6.462604 0.948541 -0.006746 0.002772 -0.002160 0.999971
1706079803.499829 29.532365 6.483737 0.940780 -0.006434 0.002358 -0.000898 0.999976
1706079803.604999 29.642723 6.486513 0.919553 -0.005583 0.002421 0.000622 0.999981
1706079803.703587 29.765016 6.500285 0.936685 -0.005074 0.002634 0.001819 0.999982
1706079803.802192 29.897408 6.510554 0.934902 -0.005442 0.002677 0.003090 0.999977
1706079803.904865 30.016409 6.524412 0.947920 -0.005181 0.003224 0.004227 0.999972
1706079804.004177 30.141052 6.533075 0.934351 -0.005365 0.002962 0.005345 0.999967
1706079804.104930 30.261194 6.552057 0.937378 -0.004173 0.002958 0.006528 0.999966
1706079804.204247 30.377573 6.574009 0.933428 -0.004257 0.003264 0.007644 0.999956
1706079804.303189 30.486930 6.585726 0.955890 -0.004832 0.003417 0.008758 0.999944
1706079804.404969 30.595592 6.592670 0.955803 -0.004326 0.003738 0.010055 0.999933
1706079804.503339 30.701481 6.603864 0.979920 -0.004866 0.004612 0.011123 0.999916
1706079804.602339 30.826069 6.609088 0.946010 -0.004862 0.004529 0.012356 0.999902
1706079804.700727 30.943535 6.631884 0.976976 -0.003449 0.004573 0.013545 0.999892
1706079804.798362 31.053277 6.650915 0.981137 -0.004221 0.005006 0.014425 0.999875
1706079804.904630 31.179882 6.650186 0.987014 -0.003280 0.005060 0.015780 0.999857
1706079805.003227 31.292545 6.671599 0.991540 -0.002523 0.005092 0.016718 0.999844
1706079805.105298 31.409731 6.697838 0.972539 -0.003019 0.004861 0.017535 0.999830
1706079805.205149 31.531981 6.711748 0.981477 -0.002391 0.004652 0.018301 0.999819
1706079805.304095 31.653339 6.718966 0.985211 -0.003130 0.004773 0.019108 0.999801
1706079805.404829 31.773353 6.731755 0.996142 -0.002590 0.004544 0.019847 0.999789
1706079805.504261 31.887370 6.742003 1.020001 -0.003059 0.004595 0.020558 0.999773
1706079805.603348 32.001633 6.765908 1.040840 -0.002670 0.004628 0.021097 0.999763
1706079805.704596 32.126234 6.778366 1.021220 -0.002683 0.004288 0.021786 0.999750
1706079805.801946 32.242848 6.803639 1.012260 -0.002913 0.004757 0.022127 0.999740
1706079805.900687 32.361859 6.815586 0.950517 -0.003703 0.004139 0.022629 0.999729
1706079806.000273 32.475476 6.836279 0.932864 -0.004094 0.004429 0.022847 0.999721
1706079806.086917 32.584112 6.844794 0.930948 -0.004559 0.004300 0.023074 0.999714
1706079806.204179 32.726048 6.854691 0.910100 -0.004537 0.004275 0.023550 0.999703
1706079806.290802 32.831446 6.872707 0.941977 -0.005325 0.004418 0.023755 0.999694
1706079806.401344 32.964378 6.889232 0.917270 -0.006034 0.004324 0.023948 0.999686
1706079806.505121 33.102422 6.914228 0.897168 -0.005981 0.004868 0.024161 0.999678
1706079806.603965 33.219621 6.927321 0.895568 -0.005781 0.004446 0.024381 0.999676
1706079806.705169 33.339641 6.939154 0.872927 -0.006698 0.004840 0.024485 0.999666
1706079806.804493 33.465721 6.957875 0.892361 -0.006356 0.004865 0.024646 0.999664
1706079806.903828 33.583576 6.972453 0.887266 -0.005820 0.004718 0.024755 0.999665
1706079807.003071 33.690268 6.998695 0.929019 -0.005307 0.004878 0.025009 0.999661
1706079807.102016 33.809894 7.019210 0.921791 -0.005099 0.004973 0.025067 0.999660
1706079807.200790 33.932381 7.040140 0.961957 -0.004988 0.005235 0.025221 0.999656
1706079807.294551 34.040557 7.051605 1.017957 -0.005063 0.004919 0.025454 0.999651
1706079807.393195 34.143845 7.058394 1.033601 -0.004913 0.005157 0.025653 0.999646
1706079807.503738 34.281153 7.077600 1.067241 -0.004351 0.005247 0.025601 0.999649
1706079807.602486 34.398934 7.094898 1.070750 -0.004054 0.004979 0.025598 0.999652
1706079807.696206 34.521019 7.102409 1.070554 -0.003829 0.004966 0.025582 0.999653
1706079807.804811 34.643391 7.119198 1.087252 -0.003597 0.005260 0.025471 0.999655
1706079807.903522 34.760403 7.137209 1.092635 -0.003651 0.005252 0.025420 0.999656
1706079808.005120 34.874537 7.153549 1.080408 -0.004469 0.005575 0.025271 0.999655
1706079808.104906 34.996060 7.171315 1.099962 -0.004891 0.005330 0.025213 0.999656
1706079808.204137 35.109101 7.187261 1.124037 -0.005412 0.005317 0.025201 0.999654
1706079808.302839 35.236579 7.213252 1.124142 -0.006646 0.005231 0.025130 0.999648
1706079808.391694 35.341278 7.229269 1.136785 -0.007598 0.005183 0.025154 0.999641
1706079808.495598 35.484920 7.246699 1.106821 -0.008071 0.004930 0.025241 0.999637
1706079808.594092 35.607802 7.255347 1.085141 -0.008407 0.004513 0.025317 0.999634
1706079808.704786 35.741232 7.271562 1.068316 -0.009066 0.005329 0.025415 0.999622
1706079808.803360 35.867479 7.284253 1.047303 -0.009587 0.004985 0.025325 0.999621
1706079808.897398 35.971324 7.295644 1.005620 -0.009254 0.004836 0.025421 0.999622
1706079809.000839 36.103490 7.312858 1.030414 -0.009461 0.005018 0.025624 0.999614
1706079809.104586 36.236734 7.335337 0.999930 -0.008520 0.005015 0.025798 0.999618
1706079809.203225 36.352514 7.333939 1.003643 -0.009003 0.005135 0.026117 0.999605
1706079809.305447 36.467702 7.350151 1.022104 -0.007712 0.005198 0.026325 0.999610
1706079809.405200 36.587301 7.368100 1.013334 -0.007111 0.004736 0.026717 0.999607
1706079809.504964 36.705745 7.378293 1.017008 -0.005818 0.004703 0.027069 0.999606
1706079809.597975 36.812905 7.397913 1.012619 -0.005789 0.004233 0.027172 0.999605
1706079809.696643 36.934580 7.421072 1.046984 -0.004123 0.004806 0.027465 0.999603
1706079809.791285 37.051782 7.427454 1.038498 -0.004855 0.004606 0.027659 0.999595
1706079809.893815 37.171039 7.436294 1.062498 -0.004346 0.004730 0.028057 0.999586
1706079809.989228 37.296446 7.446327 1.088725 -0.003034 0.005252 0.028476 0.999576
1706079810.098463 37.430549 7.478059 1.057095 -0.002638 0.004878 0.028674 0.999573
1706079810.197703 37.551936 7.513467 1.040714 -0.002213 0.005305 0.028856 0.999567
1706079810.305499 37.677675 7.532770 1.066590 -0.001844 0.005311 0.029158 0.999559
1706079810.404037 37.793853 7.540757 1.083264 -0.002042 0.005803 0.029445 0.999547
1706079810.503131 37.910684 7.549511 1.060094 -0.002866 0.005423 0.029645 0.999542
1706079810.601749 38.019605 7.560185 1.075491 -0.003605 0.005577 0.029909 0.999531
1706079810.704861 38.143274 7.575123 1.078879 -0.004182 0.005487 0.030069 0.999524
1706079810.798906 38.261463 7.605942 1.066677 -0.004993 0.005295 0.030217 0.999517
1706079810.893341 38.373638 7.618455 1.099679 -0.005973 0.005477 0.030349 0.999506
1706079810.992347 38.497642 7.630139 1.107478 -0.007414 0.004820 0.030539 0.999494
1706079811.091347 38.612949 7.637248 1.125818 -0.007853 0.005334 0.030896 0.999478
1706079811.199735 38.739538 7.658622 1.182088 -0.006856 0.005538 0.031219 0.999474
1706079811.299665 38.861885 7.685903 1.158936 -0.007526 0.005330 0.031437 0.999463
1706079811.398846 38.981759 7.707224 1.167742 -0.006127 0.005204 0.031978 0.999456
1706079811.497978 39.118855 7.725139 1.174401 -0.007103 0.005995 0.032294 0.999435
1706079811.605240 39.250115 7.744973 1.208736 -0.006397 0.006173 0.032635 0.999428
1706079811.704011 39.364305 7.774374 1.221883 -0.006087 0.006398 0.032768 0.999424
1706079811.802763 39.474203 7.794374 1.186856 -0.006126 0.006393 0.033039 0.999415
1706079811.901293 39.572867 7.805995 1.216033 -0.006773 0.006830 0.033111 0.999405
1706079811.999789 39.685392 7.808812 1.279377 -0.006243 0.006690 0.033430 0.999399
1706079812.094369 39.799177 7.823290 1.283719 -0.005794 0.006579 0.033607 0.999397
1706079812.193383 39.917829 7.825472 1.211734 -0.006906 0.005688 0.033820 0.999388
1706079812.292386 40.041748 7.862887 1.187992 -0.005017 0.006045 0.034049 0.999389
1706079812.400797 40.170064 7.887011 1.177870 -0.005302 0.005779 0.034121 0.999387
1706079812.500739 40.291221 7.897066 1.180887 -0.005551 0.006047 0.034251 0.999380
1706079812.599916 40.419964 7.914108 1.227577 -0.005510 0.006084 0.034499 0.999371
1706079812.699030 40.546123 7.930772 1.259417 -0.005096 0.006037 0.034631 0.999369
1706079812.801094 40.680755 7.937780 1.248062 -0.005320 0.005795 0.034921 0.999359
1706079812.897196 40.804390 7.962923 1.264547 -0.005347 0.005855 0.035108 0.999352
1706079813.003707 40.915788 7.991516 1.237989 -0.004829 0.005604 0.035239 0.999352
1706079813.102330 41.050691 8.018370 1.225919 -0.004522 0.005788 0.035460 0.999344
1706079813.194429 41.164054 8.033155 1.199159 -0.004688 0.005615 0.035644 0.999338
1706079813.299686 41.292425 8.054655 1.206213 -0.004495 0.006122 0.035709 0.999333
1706079813.398092 41.429620 8.073985 1.189553 -0.004293 0.005866 0.035807 0.999332
1706079813.493470 41.546261 8.084365 1.159512 -0.004031 0.005905 0.035762 0.999335
1706079813.601841 41.665021 8.102972 1.197335 -0.002902 0.006194 0.036012 0.999328
1706079813.701803 41.778341 8.113410 1.179848 -0.002862 0.006225 0.036102 0.999325
1706079813.804978 41.897662 8.116332 1.128267 -0.002890 0.005899 0.036236 0.999322
1706079813.900116 42.006077 8.120821 1.126126 -0.002927 0.005596 0.036308 0.999321
1706079814.002103 42.135131 8.146296 1.133503 -0.002241 0.005603 0.036289 0.999323
1706079814.098304 42.249750 8.162323 1.131972 -0.003045 0.005807 0.036219 0.999322
1706079814.204737 42.376609 8.191682 1.139844 -0.003195 0.005455 0.036127 0.999327
1706079814.303315 42.504875 8.207678 1.102988 -0.003790 0.005336 0.036003 0.999330
1706079814.395513 42.614819 8.218429 1.119696 -0.004040 0.005463 0.035789 0.999336
1706079814.496619 42.744564 8.237085 1.126520 -0.004345 0.005616 0.035661 0.999339
1706079814.595522 42.866540 8.260534 1.121936 -0.004641 0.005068 0.035396 0.999350
1706079814.694567 42.987093 8.274279 1.164627 -0.005625 0.005940 0.035209 0.999346
1706079814.803619 43.137271 8.309414 1.210561 -0.006151 0.006219 0.034988 0.999349
1706079814.902965 43.260161 8.337419 1.212895 -0.006674 0.006178 0.034762 0.999354
1706079815.002156 43.371398 8.341435 1.208224 -0.006505 0.005944 0.034805 0.999355
1706079815.101273 43.489090 8.354618 1.244064 -0.007631 0.006207 0.034694 0.999350
1706079815.203125 43.606099 8.368169 1.230976 -0.007285 0.005696 0.034477 0.999363
1706079815.299427 43.720292 8.394694 1.227759 -0.007945 0.005759 0.034180 0.999368
1706079815.398536 43.837491 8.410824 1.201470 -0.007121 0.005427 0.034346 0.999370
1706079815.504362 43.969467 8.426058 1.199887 -0.007581 0.005486 0.034106 0.999374
1706079815.602891 44.091578 8.443757 1.181554 -0.007932 0.005175 0.033731 0.999386
1706079815.697708 44.208053 8.454905 1.172113 -0.006883 0.005475 0.033643 0.999395
1706079815.800143 44.324839 8.481654 1.182868 -0.007535 0.005885 0.033310 0.999399
1706079815.895622 44.437298 8.497364 1.187920 -0.008004 0.005835 0.033157 0.999401
1706079816.004790 44.594561 8.516227 1.161663 -0.007624 0.005539 0.033063 0.999409
1706079816.104098 44.720626 8.548186 1.185316 -0.006360 0.005752 0.032897 0.999422
1706079816.203262 44.844028 8.564619 1.183707 -0.006801 0.005877 0.032876 0.999419
1706079816.302343 44.964931 8.579186 1.183555 -0.006363 0.005915 0.032818 0.999424
1706079816.404178 45.091446 8.602543 1.202312 -0.006970 0.005423 0.032580 0.999430
1706079816.501890 45.215331 8.615333 1.222575 -0.006556 0.005593 0.032601 0.999431
1706079816.599612 45.334946 8.639135 1.245340 -0.005904 0.005283 0.032450 0.999442
1706079816.698663 45.452729 8.657225 1.242511 -0.005327 0.004566 0.032338 0.999452
1706079816.797701 45.545746 8.661982 1.231762 -0.006033 0.004690 0.032152 0.999454
1706079816.898772 45.681807 8.677447 1.240803 -0.006043 0.004534 0.031837 0.999465
1706079817.001186 45.799435 8.683135 1.248687 -0.006344 0.004618 0.031357 0.999477
1706079817.100486 45.923429 8.694206 1.258106 -0.004827 0.004604 0.031001 0.999497
1706079817.204215 46.055053 8.703868 1.254158 -0.006186 0.004659 0.030379 0.999508
1706079817.305198 46.172790 8.714561 1.257922 -0.004942 0.005081 0.030048 0.999523
1706079817.404350 46.272443 8.724633 1.264606 -0.005321 0.005866 0.029826 0.999524
1706079817.503440 46.384251 8.741462 1.268574 -0.005080 0.005855 0.029678 0.999529
1706079817.602515 46.500114 8.756445 1.271069 -0.004687 0.006225 0.029700 0.999528
1706079817.701622 46.625850 8.785613 1.252968 -0.003500 0.006030 0.029751 0.999533
1706079817.801756 46.749842 8.799278 1.265774 -0.003403 0.005990 0.029708 0.999535
1706079817.899729 46.894394 8.817388 1.268398 -0.002844 0.005984 0.029748 0.999535
1706079817.998743 47.012387 8.834490 1.269260 -0.001359 0.005940 0.029681 0.999541
1706079818.103762 47.150830 8.847409 1.305496 -0.000495 0.006196 0.029739 0.999538
1706079818.198726 47.272468 8.853066 1.303978 0.001253 0.005482 0.029857 0.999538
1706079818.301720 47.403893 8.865011 1.304230 0.002583 0.005141 0.029856 0.999538
1706079818.404956 47.532023 8.883664 1.304353 0.004129 0.004661 0.029782 0.999537
1706079818.504791 47.659991 8.899854 1.308793 0.005081 0.004980 0.029495 0.999540
1706079818.605369 47.761665 8.915623 1.300501 0.005511 0.004768 0.029191 0.999547
1706079818.704472 47.879134 8.922390 1.311573 0.006408 0.004844 0.028825 0.999552
1706079818.803559 47.993660 8.937622 1.313598 0.006541 0.005421 0.028562 0.999556
1706079818.902671 48.117038 8.956924 1.318232 0.006492 0.005709 0.028269 0.999563
1706079819.001755 48.235324 8.973771 1.323190 0.006734 0.006062 0.028258 0.999560
1706079819.100772 48.348296 8.996949 1.325041 0.006958 0.006789 0.028240 0.999554
1706079819.199757 48.460788 9.016369 1.322096 0.006282 0.006699 0.028121 0.999562
1706079819.305454 48.596203 9.035552 1.311665 0.004854 0.006770 0.028007 0.999573
1706079819.404075 48.717732 9.029641 1.300734 0.002520 0.007194 0.027957 0.999580
1706079819.502611 48.820870 9.037381 1.319862 0.002022 0.006446 0.027740 0.999592
1706079819.600477 48.940469 9.054313 1.312615 0.000697 0.005831 0.027484 0.999605
1706079819.704572 49.063159 9.077700 1.315282 -0.000465 0.005577 0.027135 0.999616
1706079819.805447 49.211188 9.101692 1.322838 -0.001881 0.004969 0.026796 0.999627
1706079819.905287 49.330275 9.110142 1.331617 -0.002776 0.004873 0.026588 0.999631
1706079820.004728 49.451089 9.132695 1.336441 -0.004144 0.004589 0.026167 0.999638
1706079820.103846 49.562529 9.160547 1.335075 -0.006222 0.004607 0.025772 0.999638
1706079820.202917 49.677709 9.178632 1.333203 -0.007036 0.004765 0.025371 0.999642
1706079820.301963 49.798555 9.190344 1.350621 -0.008827 0.004944 0.025038 0.999635
1706079820.400919 49.928806 9.204433 1.353270 -0.007663 0.005301 0.024480 0.999657
1706079820.502040 50.046576 9.225064 1.355403 -0.008510 0.005318 0.024081 0.999660
1706079820.604479 50.167298 9.255920 1.363498 -0.008021 0.005125 0.023735 0.999673
1706079820.703633 50.287085 9.273351 1.353936 -0.007957 0.005321 0.023600 0.999676
1706079820.802517 50.409033 9.281994 1.353542 -0.007143 0.005602 0.023736 0.999677
1706079820.901531 50.523359 9.306178 1.350146 -0.006575 0.005502 0.023534 0.999686
1706079821.000209 50.647763 9.313991 1.366712 -0.005659 0.005689 0.023557 0.999690
1706079821.104345 50.786508 9.325806 1.364762 -0.005124 0.004745 0.023437 0.999701
1706079821.202769 50.907799 9.336961 1.368035 -0.004740 0.004401 0.023140 0.999711
1706079821.304926 51.025227 9.339654 1.368464 -0.003780 0.004255 0.022947 0.999720
1706079821.403980 51.143372 9.350037 1.375636 -0.002624 0.004273 0.022642 0.999731
1706079821.503067 51.261857 9.355201 1.374281 -0.001612 0.003834 0.022234 0.999744
1706079821.603757 51.378884 9.373410 1.384072 -0.000520 0.004173 0.021924 0.999751
1706079821.703131 51.497611 9.390212 1.394582 0.000229 0.004456 0.021653 0.999756
1706079821.801978 51.620849 9.405660 1.400485 0.000713 0.004564 0.021429 0.999760
1706079821.904295 51.743495 9.413233 1.404106 0.000620 0.004373 0.021291 0.999764
1706079822.003752 51.855133 9.411595 1.404958 0.001138 0.004752 0.021150 0.999764
1706079822.101552 51.969735 9.426512 1.403993 0.000597 0.004889 0.020939 0.999769
1706079822.201002 52.093781 9.436032 1.395255 0.000832 0.004926 0.020613 0.999775
1706079822.305348 52.222135 9.461370 1.404447 0.001195 0.005225 0.020153 0.999783
1706079822.403798 52.338327 9.473777 1.397014 -0.000080 0.005287 0.019874 0.999789
1706079822.505098 52.472302 9.495363 1.402312 -0.001222 0.005184 0.019479 0.999796
1706079822.604951 52.599352 9.509623 1.416614 -0.001540 0.005174 0.019291 0.999799
1706079822.704097 52.715068 9.527918 1.423391 -0.002709 0.004985 0.018960 0.999804
1706079822.804862 52.835111 9.538528 1.421823 -0.003270 0.004500 0.018799 0.999808
1706079822.904230 52.947445 9.560178 1.424218 -0.002813 0.004588 0.018654 0.999812
1706079823.003073 53.071354 9.567461 1.446762 -0.004089 0.004359 0.018456 0.999812
1706079823.102276 53.201672 9.576527 1.447978 -0.003936 0.004491 0.018292 0.999815
1706079823.203951 53.328902 9.570039 1.450739 -0.005635 0.004099 0.018221 0.999810
1706079823.303455 53.444729 9.588496 1.449764 -0.004264 0.004431 0.018069 0.999818
1706079823.401239 53.557524 9.597814 1.451279 -0.004246 0.004441 0.018028 0.999819
1706079823.499853 53.667840 9.613773 1.454331 -0.004139 0.005037 0.017938 0.999818
1706079823.604918 53.784799 9.629738 1.458905 -0.003702 0.005000 0.017964 0.999819
1706079823.703446 53.910720 9.653510 1.459702 -0.003572 0.004553 0.017816 0.999825
1706079823.801804 54.030605 9.668013 1.466545 -0.003217 0.004584 0.017901 0.999824
1706079823.904858 54.147741 9.691617 1.448237 -0.003359 0.004338 0.018001 0.999823
1706079824.004493 54.263702 9.697266 1.450555 -0.002257 0.004189 0.018198 0.999823
1706079824.104921 54.386050 9.710709 1.472348 -0.001873 0.004683 0.018340 0.999819
1706079824.204157 54.499626 9.715370 1.476675 -0.002288 0.004044 0.018556 0.999817
1706079824.303334 54.610573 9.721120 1.482398 -0.001908 0.004044 0.018891 0.999812
1706079824.404996 54.735433 9.722882 1.467861 -0.002185 0.004026 0.019091 0.999807
1706079824.504113 54.864391 9.750007 1.471368 -0.000958 0.004316 0.019133 0.999807
1706079824.603359 54.986364 9.769178 1.471884 -0.001222 0.004499 0.019302 0.999803
1706079824.701607 55.109320 9.777724 1.471858 -0.000764 0.003992 0.019570 0.999800
1706079824.793416 55.226683 9.790933 1.481133 -0.001048 0.004735 0.019635 0.999795
1706079824.904495 55.364438 9.807293 1.499398 -0.000981 0.004887 0.019867 0.999790
1706079825.002999 55.473469 9.824515 1.492843 -0.000524 0.004841 0.019966 0.999789
1706079825.101414 55.594971 9.846428 1.493601 -0.001158 0.005148 0.020000 0.999786
1706079825.204803 55.708337 9.862974 1.500932 -0.000802 0.005464 0.020169 0.999781
1706079825.304143 55.824188 9.870650 1.489656 -0.002929 0.005872 0.020097 0.999777
1706079825.405261 55.936420 9.895388 1.496075 -0.001847 0.005376 0.020238 0.999779
1706079825.504472 56.052964 9.914436 1.508829 -0.000604 0.005420 0.020332 0.999778
1706079825.603573 56.157876 9.930028 1.505245 -0.001113 0.004893 0.020291 0.999782
1706079825.704445 56.291552 9.933225 1.514486 -0.000162 0.004647 0.020564 0.999778
1706079825.804312 56.408571 9.938417 1.515764 -0.000633 0.004208 0.020585 0.999779
1706079825.901947 56.530769 9.960943 1.540040 0.000551 0.004075 0.020870 0.999774
1706079825.994488 56.641278 9.971262 1.549786 0.000166 0.003846 0.020881 0.999775
1706079826.094042 56.762664 9.987238 1.521939 0.000565 0.003903 0.021110 0.999769
1706079826.204031 56.886082 10.005218 1.553669 0.000619 0.004601 0.021114 0.999766
1706079826.302541 57.004194 10.019887 1.557933 0.000917 0.004691 0.021258 0.999763
1706079826.401253 57.119016 10.033915 1.562297 0.000685 0.004896 0.021304 0.999761
1706079826.505021 57.243831 10.046503 1.566708 0.001069 0.005049 0.021444 0.999757
1706079826.604378 57.345975 10.056755 1.575536 0.001281 0.005480 0.021648 0.999750
1706079826.702411 57.461709 10.067685 1.581714 0.000985 0.005402 0.021805 0.999747
1706079826.804657 57.576065 10.080443 1.576028 0.001818 0.005964 0.021985 0.999739
1706079826.903888 57.694095 10.101784 1.576907 -0.000074 0.005421 0.022012 0.999743
1706079827.005085 57.833560 10.114682 1.564784 0.000135 0.005307 0.022228 0.999739
1706079827.104110 57.957526 10.129746 1.568483 0.000614 0.005287 0.022383 0.999735
1706079827.203103 58.085297 10.143951 1.570264 0.000644 0.005138 0.022534 0.999733
1706079827.301998 58.191477 10.150253 1.567890 -0.000661 0.004874 0.022498 0.999735
1706079827.404785 58.321363 10.176776 1.571049 -0.000635 0.004738 0.022592 0.999733
1706079827.503728 58.431744 10.192605 1.567743 -0.001643 0.004448 0.022496 0.999736
1706079827.602326 58.549616 10.209643 1.567757 -0.001970 0.004389 0.022382 0.999738
1706079827.700822 58.667079 10.225136 1.569006 -0.002979 0.004363 0.022427 0.999735
1706079827.804823 58.799919 10.246974 1.563735 -0.003735 0.004521 0.022328 0.999733
1706079827.903701 58.922630 10.265751 1.567903 -0.004268 0.004946 0.022208 0.999732
1706079828.005493 59.047267 10.280394 1.569638 -0.005559 0.004831 0.022204 0.999726
1706079828.105094 59.166694 10.300947 1.567196 -0.005861 0.004908 0.022023 0.999728
1706079828.205099 59.300994 10.326538 1.574173 -0.007654 0.005185 0.021916 0.999717
1706079828.304680 59.410351 10.341281 1.577175 -0.006743 0.005521 0.021708 0.999726
1706079828.402700 59.520275 10.346624 1.570763 -0.006112 0.004978 0.021726 0.999733
1706079828.501335 59.644927 10.358959 1.577673 -0.006101 0.005376 0.021514 0.999735
1706079828.605296 59.763513 10.365416 1.585766 -0.006348 0.005391 0.021314 0.999738
1706079828.704758 59.886183 10.356633 1.586027 -0.006023 0.005210 0.021383 0.999740
1706079828.803216 60.003789 10.386153 1.593059 -0.004533 0.005005 0.021120 0.999754
1706079828.902019 60.120986 10.406567 1.600404 -0.005066 0.004614 0.020912 0.999758
1706079829.005442 60.248914 10.421324 1.610604 -0.005368 0.004558 0.020827 0.999758
1706079829.104523 60.359610 10.436293 1.619168 -0.003538 0.004533 0.020741 0.999768
1706079829.203394 60.466414 10.449561 1.624501 -0.003644 0.004463 0.020625 0.999771
1706079829.302039 60.576945 10.461484 1.628047 -0.003705 0.004176 0.020481 0.999775
1706079829.404838 60.704711 10.479519 1.641965 -0.003438 0.004500 0.020350 0.999777
1706079829.504789 60.826188 10.498033 1.647637 -0.003552 0.004247 0.020299 0.999779
1706079829.603731 60.940448 10.518290 1.638541 -0.003862 0.003954 0.020143 0.999782
1706079829.702364 61.071643 10.524266 1.639314 -0.004133 0.004271 0.020162 0.999779
1706079829.802223 61.192676 10.536737 1.633319 -0.003976 0.004673 0.020036 0.999780
1706079829.899888 61.313383 10.555561 1.635214 -0.002879 0.004571 0.019901 0.999787
1706079830.004296 61.438891 10.577930 1.640646 -0.002635 0.004762 0.019685 0.999791
1706079830.102770 61.555569 10.589773 1.641903 -0.002177 0.004958 0.019566 0.999794
1706079830.201420 61.672178 10.609218 1.638579 -0.002435 0.004847 0.019347 0.999798
1706079830.305417 61.790468 10.619529 1.645706 -0.001625 0.005238 0.019277 0.999799
1706079830.404230 61.923506 10.634064 1.654825 -0.001982 0.004872 0.019158 0.999803
1706079830.502743 62.042931 10.646902 1.641178 -0.001971 0.004524 0.018737 0.999812
1706079830.601343 62.167542 10.668933 1.647260 -0.001601 0.004816 0.018439 0.999817
1706079830.704813 62.298233 10.674935 1.651173 -0.002320 0.004505 0.018207 0.999821
1706079830.804737 62.417934 10.683009 1.663219 -0.002034 0.004634 0.017968 0.999826
1706079830.903363 62.542429 10.692964 1.671436 -0.002512 0.003963 0.017589 0.999834
1706079831.002238 62.649240 10.705274 1.682272 -0.002327 0.004313 0.017224 0.999840
1706079831.100908 62.769888 10.718109 1.692904 -0.002722 0.004646 0.016864 0.999843
1706079831.204593 62.880722 10.732286 1.694683 -0.004631 0.004263 0.016437 0.999845
1706079831.304072 63.010268 10.743186 1.708867 -0.004795 0.004375 0.016186 0.999848
1706079831.402448 63.136514 10.754125 1.716689 -0.004883 0.004758 0.015974 0.999849
1706079831.501096 63.250302 10.771291 1.722491 -0.004006 0.004805 0.015783 0.999856
1706079831.605176 63.383653 10.790526 1.711449 -0.003870 0.004317 0.015466 0.999864
1706079831.703719 63.494647 10.801762 1.691362 -0.004727 0.003835 0.015271 0.999865
1706079831.802566 63.609788 10.798249 1.689030 -0.004677 0.004527 0.015121 0.999864
1706079831.901105 63.733885 10.809683 1.683003 -0.004078 0.004451 0.014851 0.999871
1706079831.999844 63.861759 10.827846 1.663256 -0.003654 0.004222 0.014675 0.999877
1706079832.104655 63.982449 10.843617 1.683146 -0.002894 0.004405 0.014428 0.999882
1706079832.203253 64.099424 10.874547 1.744572 -0.002825 0.004173 0.014119 0.999888
1706079832.301929 64.217028 10.886482 1.733356 -0.002186 0.004364 0.013982 0.999890
1706079832.401575 64.336105 10.891267 1.744535 -0.001933 0.004394 0.013793 0.999893
1706079832.504903 64.477027 10.889144 1.756971 -0.002047 0.004328 0.013562 0.999897
1706079832.603590 64.580655 10.903858 1.739689 -0.001387 0.004360 0.013293 0.999901
1706079832.702133 64.704836 10.912368 1.736361 -0.002369 0.004107 0.012882 0.999906
1706079832.801161 64.830110 10.921973 1.746945 -0.003036 0.004472 0.012502 0.999907
1706079832.904774 64.956157 10.943585 1.759408 -0.002629 0.004262 0.012183 0.999913
1706079833.003582 65.074240 10.951348 1.759935 -0.003516 0.003957 0.011941 0.999915
1706079833.102043 65.203634 10.967318 1.729758 -0.003887 0.003614 0.011576 0.999919
1706079833.200692 65.320344 10.980788 1.732017 -0.003776 0.003599 0.011295 0.999923
1706079833.299547 65.444845 10.985522 1.726080 -0.004166 0.003323 0.011202 0.999923
1706079833.404309 65.576114 11.010381 1.715918 -0.004335 0.003023 0.010956 0.999926
1706079833.502901 65.708319 11.020519 1.681806 -0.004095 0.003188 0.010857 0.999928
1706079833.602826 65.836557 11.034716 1.684054 -0.005123 0.003223 0.010639 0.999925
1706079833.702043 65.952260 11.043728 1.688160 -0.004872 0.003918 0.010572 0.999925
1706079833.804813 66.077471 11.057099 1.688050 -0.005028 0.004252 0.010539 0.999923
1706079833.900254 66.198886 11.072849 1.704221 -0.004694 0.004350 0.010364 0.999926
1706079834.002206 66.320532 11.069786 1.675937 -0.004345 0.004262 0.010299 0.999928
1706079834.100459 66.444015 11.083859 1.704247 -0.003386 0.005208 0.010149 0.999929
1706079834.204475 66.568567 11.088551 1.718266 -0.003188 0.004920 0.010098 0.999932
1706079834.303288 66.681573 11.094127 1.718513 -0.002704 0.005075 0.010061 0.999933
1706079834.401708 66.798224 11.096002 1.746817 -0.002252 0.004922 0.010001 0.999935
1706079834.500551 66.924356 11.112445 1.759358 -0.001773 0.004730 0.009947 0.999938
1706079834.605064 67.060705 11.118846 1.735578 -0.001107 0.004128 0.009977 0.999941
1706079834.703970 67.174377 11.129019 1.724682 -0.000421 0.003785 0.009998 0.999943
1706079834.803865 67.295781 11.135183 1.760701 0.000115 0.003036 0.009997 0.999945
1706079834.903180 67.423438 11.146788 1.806823 -0.000220 0.003280 0.009938 0.999945
1706079835.002250 67.549283 11.164885 1.795052 0.000654 0.003583 0.009773 0.999946
1706079835.104289 67.680409 11.183031 1.813672 0.001153 0.003558 0.009747 0.999946
1706079835.203248 67.818820 11.196444 1.839049 0.000088 0.003616 0.009621 0.999947
1706079835.301709 67.937240 11.208377 1.857456 0.001395 0.003723 0.009568 0.999946
1706079835.400429 68.061755 11.217066 1.855039 0.000716 0.003695 0.009413 0.999949
1706079835.504309 68.194048 11.226671 1.863578 0.000488 0.003688 0.009305 0.999950
1706079835.602967 68.320975 11.228779 1.830991 -0.000375 0.003693 0.009265 0.999950
1706079835.697464 68.438646 11.238623 1.808188 -0.000268 0.003967 0.009323 0.999949
1706079835.800227 68.548642 11.242071 1.811383 -0.001799 0.004149 0.009273 0.999947
1706079835.904741 68.668601 11.245107 1.832407 -0.002762 0.004105 0.009341 0.999944
1706079836.005019 68.784175 11.260238 1.793817 -0.002592 0.003143 0.009414 0.999947
1706079836.104206 68.905618 11.277651 1.795603 -0.002843 0.003668 0.009337 0.999946
1706079836.203375 69.029747 11.287096 1.831039 -0.003255 0.003846 0.009485 0.999942
1706079836.302450 69.151117 11.299907 1.807254 -0.004169 0.003558 0.009336 0.999941
1706079836.404268 69.272908 11.304272 1.824461 -0.004183 0.003725 0.009411 0.999940
1706079836.500726 69.398272 11.330390 1.808017 -0.004972 0.003335 0.009317 0.999939
1706079836.601466 69.536603 11.348010 1.806750 -0.004526 0.003407 0.009499 0.999939
1706079836.699801 69.649581 11.346190 1.802494 -0.004519 0.003629 0.009671 0.999936
1706079836.803985 69.767292 11.350198 1.779230 -0.004794 0.003699 0.009694 0.999935
1706079836.902641 69.886178 11.363797 1.822703 -0.003238 0.004020 0.009846 0.999938
1706079837.001264 70.013994 11.374874 1.845519 -0.002815 0.004189 0.010102 0.999936
1706079837.099900 70.148961 11.383702 1.839325 -0.002776 0.004230 0.010103 0.999936
1706079837.205092 70.298438 11.387666 1.889392 -0.001924 0.004543 0.010346 0.999934
1706079837.304935 70.410405 11.393788 1.911050 -0.001086 0.004610 0.010421 0.999934
1706079837.404430 70.531322 11.403776 1.911400 -0.000612 0.004309 0.010585 0.999935
1706079837.503580 70.645418 11.414575 1.912779 0.000110 0.004183 0.010700 0.999934
1706079837.602645 70.766436 11.429457 1.915629 0.000523 0.004273 0.010805 0.999932
1706079837.703553 70.896783 11.449093 1.908988 -0.000590 0.004145 0.010798 0.999933
1706079837.802187 71.015569 11.455458 1.940932 0.001092 0.004277 0.010975 0.999930
1706079837.901343 71.144585 11.471281 1.911427 0.001508 0.004015 0.011019 0.999930
1706079837.999450 71.261904 11.480509 1.892207 0.000519 0.004119 0.011141 0.999929
1706079838.103446 71.384635 11.482587 1.882314 0.000228 0.004516 0.011237 0.999927
1706079838.202264 71.500963 11.485784 1.891012 -0.001006 0.004709 0.011442 0.999923
1706079838.300942 71.636803 11.497345 1.885686 -0.001349 0.004659 0.011482 0.999922
1706079838.399519 71.757797 11.512938 1.878199 -0.002016 0.004508 0.011557 0.999921
1706079838.504964 71.897291 11.535022 1.871416 -0.001559 0.004424 0.011651 0.999921
1706079838.604799 72.025812 11.546944 1.870373 -0.002855 0.004352 0.011772 0.999917
1706079838.704671 72.149491 11.556906 1.862015 -0.002691 0.004098 0.011924 0.999917
1706079838.803756 72.273681 11.570867 1.860690 -0.003150 0.004030 0.011987 0.999915
1706079838.904577 72.395003 11.581572 1.856871 -0.004095 0.004106 0.011779 0.999914
1706079839.002956 72.509097 11.591063 1.904548 -0.003318 0.004084 0.011884 0.999916
1706079839.101850 72.643083 11.603261 1.896641 -0.004398 0.003580 0.011874 0.999913
1706079839.200483 72.753030 11.614767 1.891957 -0.003339 0.004065 0.011906 0.999915
1706079839.304574 72.877796 11.632064 1.935996 -0.002161 0.004245 0.012185 0.999914
1706079839.403341 73.013602 11.644749 1.946613 -0.001681 0.004164 0.012338 0.999914
1706079839.501985 73.135631 11.652138 1.937545 -0.000822 0.003947 0.012464 0.999914
1706079839.600651 73.260225 11.654332 1.927784 0.000410 0.003757 0.012635 0.999913
1706079839.705460 73.392415 11.661473 1.925435 0.001322 0.003968 0.012874 0.999908
1706079839.805299 73.519754 11.668138 1.937716 0.001682 0.004346 0.012898 0.999906
1706079839.905169 73.640175 11.675136 1.946883 0.002039 0.004250 0.012871 0.999906
1706079840.004831 73.765560 11.688930 1.961264 0.002735 0.004360 0.012749 0.999905
1706079840.103934 73.891916 11.706121 1.947212 0.003004 0.004240 0.012572 0.999907
1706079840.204240 74.015167 11.706955 1.918945 0.003433 0.004271 0.012639 0.999905
1706079840.302623 74.137294 11.712245 1.966017 0.003292 0.004628 0.012673 0.999904
1706079840.401515 74.291376 11.733541 2.021261 0.003116 0.004513 0.012712 0.999904
1706079840.501997 74.417279 11.750152 2.033938 0.002962 0.004389 0.012704 0.999905
1706079840.604380 74.546838 11.759039 2.018546 0.001436 0.004277 0.012526 0.999911
1706079840.703050 74.667038 11.767425 2.030221 0.000679 0.004192 0.012632 0.999911
1706079840.801621 74.782375 11.779899 2.018611 0.000468 0.004315 0.012661 0.999910
1706079840.898455 74.903086 11.788836 1.999474 0.000424 0.004333 0.012734 0.999909
1706079840.998415 75.032098 11.797716 2.023453 -0.000383 0.004453 0.012939 0.999906
1706079841.104205 75.165116 11.815532 2.014144 -0.000910 0.004149 0.013079 0.999905
1706079841.205488 75.288349 11.829228 2.023374 0.000451 0.004415 0.013062 0.999905
1706079841.305016 75.408315 11.827719 2.015486 0.000276 0.004620 0.013115 0.999903
1706079841.404984 75.537178 11.841203 2.030313 -0.000156 0.004973 0.012992 0.999903
1706079841.503654 75.653507 11.849375 2.043908 0.000455 0.004819 0.013052 0.999903
1706079841.602546 75.776843 11.861936 2.033946 -0.000401 0.005003 0.013013 0.999903
1706079841.703085 75.900574 11.874165 2.028320 -0.000440 0.004899 0.012996 0.999903
1706079841.802202 76.030669 11.887751 2.003787 -0.001242 0.004984 0.012897 0.999904
1706079841.904079 76.165102 11.886972 2.017638 -0.000971 0.004873 0.013063 0.999902
1706079842.000376 76.276491 11.900687 2.026521 -0.001002 0.004895 0.013077 0.999902
1706079842.101393 76.401710 11.914350 2.056734 -0.000290 0.004681 0.013355 0.999900
1706079842.198564 76.531458 11.933018 2.087316 -0.001689 0.004215 0.013291 0.999901
1706079842.304963 76.661211 11.944091 2.104742 -0.000746 0.004676 0.013431 0.999899
1706079842.403755 76.799036 11.966160 2.135410 -0.001638 0.004357 0.013487 0.999898
1706079842.505438 76.927308 11.986640 2.142469 -0.000189 0.004320 0.013605 0.999898
1706079842.605139 77.047350 11.987697 2.129131 -0.000975 0.004407 0.013907 0.999893
1706079842.704916 77.159207 11.996277 2.151687 0.000215 0.004133 0.014111 0.999892
1706079842.804814 77.280141 12.007307 2.137582 0.000031 0.004200 0.014290 0.999889
1706079842.904201 77.402495 12.023405 2.145283 0.000062 0.004570 0.014432 0.999885
1706079843.003299 77.523657 12.025090 2.128876 -0.001156 0.005044 0.014628 0.999880
1706079843.105045 77.655211 12.030230 2.129153 -0.000941 0.005388 0.014869 0.999874
1706079843.203815 77.790875 12.038042 2.129316 -0.001506 0.005401 0.015151 0.999869
1706079843.302462 77.909264 12.045608 2.121290 -0.002099 0.005627 0.015206 0.999866
1706079843.401093 78.026617 12.062140 2.091917 -0.003305 0.005453 0.015318 0.999862
1706079843.498358 78.162273 12.080927 2.117105 -0.002813 0.005623 0.015882 0.999854
1706079843.604738 78.296668 12.104329 2.131053 -0.004033 0.005418 0.016225 0.999846
1706079843.703367 78.426403 12.122055 2.105199 -0.003288 0.004762 0.016605 0.999845
1706079843.801819 78.550632 12.136481 2.113174 -0.003959 0.005184 0.016751 0.999838
1706079843.905157 78.675125 12.156002 2.100487 -0.003775 0.004557 0.016783 0.999842
1706079844.004570 78.798812 12.165490 2.081394 -0.004124 0.004505 0.016792 0.999840
1706079844.104838 78.914081 12.179331 2.079872 -0.003828 0.004048 0.016914 0.999841
1706079844.204428 79.024344 12.183493 2.058441 -0.003823 0.004117 0.017046 0.999839
1706079844.303543 79.153217 12.192173 2.064157 -0.004583 0.004542 0.017094 0.999833
1706079844.404863 79.275803 12.194242 2.063350 -0.003643 0.004432 0.017375 0.999833
1706079844.503501 79.399514 12.204550 2.090027 -0.002837 0.004391 0.017497 0.999833
1706079844.602140 79.526641 12.217871 2.057686 -0.003665 0.004693 0.017609 0.999827
1706079844.700768 79.650373 12.230641 2.044330 -0.003285 0.005087 0.017842 0.999822
1706079844.805217 79.786739 12.246440 2.036784 -0.002017 0.004774 0.018080 0.999823
1706079844.904272 79.900209 12.254709 2.044065 -0.002178 0.005043 0.018322 0.999817
1706079845.002838 80.027637 12.265986 2.046014 -0.002802 0.005184 0.018410 0.999813
1706079845.101536 80.154626 12.288862 2.076066 -0.001671 0.005679 0.018726 0.999807
1706079845.205129 80.281075 12.302720 2.097922 -0.001943 0.005639 0.018829 0.999805
1706079845.304229 80.407687 12.315325 2.103489 -0.001615 0.005690 0.018996 0.999802
1706079845.405151 80.548537 12.331046 2.142378 -0.001972 0.005887 0.019155 0.999797
1706079845.504603 80.678295 12.346108 2.126569 -0.001644 0.005147 0.019311 0.999799
1706079845.603681 80.790906 12.357209 2.131187 -0.001955 0.004725 0.019607 0.999795
1706079845.704581 80.911122 12.369421 2.152955 -0.000625 0.004999 0.019741 0.999792
1706079845.801868 81.016500 12.383556 2.158385 -0.000140 0.005175 0.019733 0.999792
1706079845.901282 81.148710 12.395747 2.174302 0.000064 0.004838 0.019662 0.999795
1706079846.000462 81.271635 12.407966 2.157207 0.000638 0.004622 0.019633 0.999796
1706079846.099356 81.393310 12.412952 2.145191 -0.000172 0.004087 0.019592 0.999800
1706079846.203869 81.526649 12.429516 2.116508 -0.001017 0.003986 0.019597 0.999800
1706079846.302522 81.644994 12.442382 2.107049 -0.000587 0.004277 0.019572 0.999799
1706079846.400948 81.768324 12.453532 2.097091 -0.000354 0.003962 0.019514 0.999802
1706079846.504946 81.910004 12.474798 2.096618 0.000272 0.004455 0.019643 0.999797
1706079846.603879 82.037945 12.478580 2.077340 -0.001569 0.004482 0.019509 0.999798
1706079846.705458 82.156720 12.488742 2.074918 -0.000207 0.004715 0.019527 0.999798
1706079846.804773 82.280184 12.502622 2.095693 -0.001238 0.004673 0.019500 0.999798
1706079846.904988 82.417039 12.519837 2.088981 -0.002257 0.005066 0.019355 0.999797
1706079847.004239 82.541487 12.536114 2.095672 -0.001909 0.005215 0.019256 0.999799
1706079847.102872 82.658121 12.553924 2.087015 -0.000732 0.004903 0.019312 0.999801
1706079847.201762 82.792660 12.561631 2.061346 -0.001616 0.004910 0.019188 0.999803
1706079847.300405 82.920682 12.573956 2.058386 -0.002207 0.004855 0.018995 0.999805
1706079847.404909 83.056818 12.580205 2.045001 -0.002597 0.004900 0.018845 0.999807
1706079847.503627 83.182519 12.599928 2.062032 -0.001635 0.004779 0.018804 0.999810
1706079847.602025 83.303611 12.612664 2.073980 -0.001103 0.004489 0.018711 0.999814
1706079847.705446 83.421718 12.627776 2.104878 -0.000900 0.004710 0.018550 0.999816
1706079847.804939 83.543841 12.643822 2.119788 -0.000156 0.004629 0.018508 0.999818
1706079847.903337 83.672648 12.653039 2.130352 -0.001249 0.004245 0.018447 0.999820
1706079848.002219 83.792110 12.663928 2.131050 -0.000764 0.004417 0.018496 0.999819
1706079848.104792 83.912435 12.672935 2.167838 -0.001083 0.004803 0.018609 0.999815
1706079848.204007 84.042066 12.686031 2.147913 -0.001380 0.004569 0.018549 0.999817
1706079848.298159 84.161051 12.691007 2.120679 -0.000499 0.004610 0.018638 0.999816
1706079848.402548 84.298568 12.703952 2.119284 -0.000830 0.004662 0.018734 0.999813
1706079848.501427 84.421092 12.708107 2.110084 -0.001375 0.004572 0.018734 0.999813
1706079848.600101 84.548101 12.719359 2.114507 -0.000896 0.004629 0.018840 0.999811
1706079848.704662 84.678266 12.729819 2.112664 -0.001026 0.004440 0.018733 0.999814
1706079848.803214 84.812528 12.747607 2.107993 -0.001358 0.004397 0.018884 0.999811
1706079848.901854 84.936801 12.766800 2.067056 -0.000189 0.004562 0.018857 0.999812
1706079848.996862 85.059872 12.783559 2.080276 -0.000330 0.004545 0.018883 0.999811
1706079849.104601 85.203550 12.802715 2.059454 0.000412 0.003293 0.018927 0.999815
1706079849.203264 85.316034 12.815974 2.052818 -0.001261 0.003710 0.018851 0.999815
1706079849.305294 85.452166 12.829130 2.078378 -0.000636 0.003898 0.018910 0.999813
1706079849.404814 85.569733 12.843425 2.084977 -0.000315 0.003895 0.018860 0.999815
1706079849.504624 85.695956 12.846210 2.096017 -0.001049 0.003854 0.018742 0.999816
1706079849.597816 85.807618 12.864943 2.131545 -0.000155 0.003901 0.018696 0.999818
1706079849.702458 85.922695 12.879893 2.171716 -0.000289 0.004784 0.018562 0.999816
1706079849.801133 86.048874 12.891022 2.174653 -0.001348 0.004620 0.018353 0.999820
1706079849.899734 86.171972 12.902915 2.196301 -0.002007 0.004987 0.018311 0.999818
1706079850.004076 86.309983 12.915634 2.200864 -0.001578 0.004764 0.018470 0.999817
1706079850.102735 86.430008 12.929450 2.226045 -0.002839 0.005192 0.018385 0.999813
1706079850.201568 86.556790 12.940440 2.229415 -0.002309 0.005420 0.018275 0.999816
1706079850.300046 86.686944 12.957186 2.253397 -0.002215 0.005436 0.018352 0.999814
1706079850.404293 86.814983 12.961755 2.280560 -0.002463 0.005676 0.018366 0.999812
1706079850.502905 86.932745 12.972201 2.265872 -0.002825 0.004875 0.018340 0.999816
1706079850.601595 87.059884 12.994038 2.269679 -0.001995 0.004922 0.018472 0.999815
1706079850.700204 87.188492 13.023575 2.336165 -0.001944 0.005299 0.018491 0.999813
1706079850.804872 87.311019 13.028142 2.356916 -0.001604 0.005254 0.018643 0.999811
1706079850.903253 87.430983 13.026499 2.373252 -0.000536 0.005379 0.018823 0.999808
1706079851.002183 87.553513 13.032173 2.388326 -0.001236 0.005677 0.018882 0.999805
1706079851.094743 87.653273 13.043162 2.416086 -0.001125 0.005692 0.018979 0.999803
1706079851.205119 87.788898 13.053723 2.418269 -0.001003 0.005929 0.019002 0.999801
1706079851.303794 87.921721 13.068510 2.423121 -0.001102 0.005739 0.019045 0.999802
1706079851.402390 88.048436 13.079149 2.396058 0.000487 0.005788 0.019206 0.999799
1706079851.501343 88.178805 13.090410 2.392296 -0.001044 0.005631 0.019225 0.999799
1706079851.605120 88.312119 13.104468 2.389420 -0.000011 0.005074 0.019371 0.999799
1706079851.703961 88.439439 13.122944 2.376352 -0.000086 0.004960 0.019423 0.999799
1706079851.802521 88.559256 13.139025 2.384484 0.000206 0.004702 0.019466 0.999799
1706079851.901256 88.691253 13.153783 2.362007 -0.001243 0.004431 0.019402 0.999801
1706079851.999762 88.805240 13.158758 2.383750 -0.000624 0.004758 0.019523 0.999798
1706079852.104574 88.939362 13.177254 2.342237 -0.000897 0.003899 0.019519 0.999801
1706079852.197184 89.053822 13.176481 2.352700 -0.001704 0.003945 0.019613 0.999798
1706079852.302310 89.196387 13.190548 2.368557 -0.002202 0.003909 0.019635 0.999797
1706079852.401855 89.320901 13.205422 2.345112 -0.002440 0.004148 0.019709 0.999794
1706079852.504793 89.445737 13.211736 2.362116 -0.001875 0.004264 0.019915 0.999791
1706079852.603433 89.546314 13.237060 2.376185 -0.001730 0.003861 0.020023 0.999791
1706079852.702358 89.665812 13.237593 2.355949 -0.004452 0.004486 0.019971 0.999781
1706079852.800738 89.809359 13.255978 2.357872 -0.003638 0.004632 0.020080 0.999781
1706079852.904796 89.941118 13.261730 2.347072 -0.003436 0.005700 0.020137 0.999775
1706079853.003459 90.061657 13.267410 2.340752 -0.002982 0.006043 0.020162 0.999774
1706079853.102283 90.193153 13.288933 2.304710 -0.003369 0.005770 0.020210 0.999773
1706079853.200919 90.328506 13.305781 2.308181 -0.002761 0.006095 0.020386 0.999770
1706079853.299384 90.461122 13.328121 2.330796 -0.003384 0.005995 0.020464 0.999767
1706079853.397978 90.595183 13.345642 2.349907 -0.002456 0.006103 0.020684 0.999764
1706079853.502875 90.721151 13.359700 2.352950 -0.002403 0.005692 0.020779 0.999765
1706079853.602969 90.849963 13.365383 2.341380 -0.002036 0.005238 0.021035 0.999763
1706079853.702209 90.955595 13.364551 2.367920 -0.002060 0.005039 0.021208 0.999760
1706079853.804273 91.087313 13.390670 2.403030 -0.000475 0.005158 0.021398 0.999758
1706079853.903183 91.212545 13.403324 2.410276 -0.000547 0.004779 0.021550 0.999756
1706079853.999449 91.331625 13.413105 2.396846 -0.000382 0.004965 0.021652 0.999753
1706079854.100549 91.461062 13.427698 2.397014 0.000153 0.004788 0.021695 0.999753
1706079854.204569 91.592766 13.450185 2.403654 0.000959 0.005066 0.021825 0.999749
1706079854.303182 91.716985 13.458612 2.408630 -0.000116 0.005502 0.021739 0.999749
1706079854.401725 91.838233 13.469394 2.359023 0.001128 0.005442 0.021939 0.999744
1706079854.500427 91.968774 13.479832 2.368904 0.001007 0.005929 0.021931 0.999741
1706079854.599403 92.104817 13.487284 2.360287 0.000308 0.005632 0.022147 0.999739
1706079854.704441 92.236702 13.505470 2.366680 0.000366 0.005552 0.022301 0.999736
1706079854.804041 92.369954 13.518753 2.354423 -0.000291 0.005430 0.022391 0.999735
1706079854.903260 92.491074 13.540068 2.360008 -0.000585 0.005497 0.022459 0.999732
1706079855.002318 92.616492 13.553884 2.344798 0.000097 0.005141 0.022783 0.999727
1706079855.104423 92.740286 13.577183 2.333378 -0.001313 0.004652 0.022879 0.999727
1706079855.202880 92.854528 13.582612 2.319077 -0.000990 0.004758 0.023079 0.999722
1706079855.299590 92.992117 13.592910 2.326955 -0.001263 0.004564 0.023193 0.999720
1706079855.400185 93.127206 13.598073 2.315941 -0.001520 0.004828 0.023452 0.999712
1706079855.504208 93.254508 13.616655 2.293508 -0.001890 0.004574 0.023293 0.999716
1706079855.602658 93.389623 13.635232 2.295941 -0.001944 0.004622 0.023188 0.999719
1706079855.701481 93.511386 13.647362 2.318702 -0.002219 0.004810 0.023264 0.999715
1706079855.799894 93.626484 13.670689 2.321182 -0.001874 0.004669 0.023255 0.999717
1706079855.905041 93.753147 13.677306 2.300847 -0.002024 0.004989 0.023388 0.999712
1706079856.004948 93.871813 13.690076 2.328932 -0.001768 0.005452 0.023427 0.999709
1706079856.104308 93.999293 13.692085 2.311051 -0.002326 0.004902 0.023562 0.999708
1706079856.203435 94.132823 13.704377 2.329897 -0.001553 0.005175 0.023798 0.999702
1706079856.305238 94.252395 13.712489 2.357353 -0.001438 0.005301 0.023913 0.999699
1706079856.403987 94.379579 13.729064 2.381738 -0.000815 0.005529 0.024066 0.999695
1706079856.500681 94.518758 13.741312 2.366580 -0.000920 0.005045 0.024219 0.999694
1706079856.601221 94.645318 13.758801 2.410165 -0.000619 0.005387 0.024286 0.999690
1706079856.704958 94.782844 13.779841 2.442945 0.000221 0.005379 0.024314 0.999690
1706079856.799478 94.906014 13.783923 2.428121 -0.000433 0.005010 0.024311 0.999692
1706079856.902478 95.031147 13.797011 2.421512 0.000229 0.004794 0.024348 0.999692
1706079857.001376 95.168072 13.821503 2.409734 -0.000220 0.004539 0.024218 0.999696
1706079857.099753 95.294886 13.828877 2.436364 -0.000191 0.004749 0.024420 0.999690
1706079857.204991 95.422303 13.846308 2.446630 0.000172 0.004731 0.024260 0.999694
1706079857.304824 95.547871 13.862650 2.440815 -0.001129 0.005127 0.024069 0.999697
1706079857.404547 95.674120 13.885647 2.477101 -0.000719 0.005500 0.024222 0.999691
1706079857.503585 95.797544 13.902096 2.484927 -0.000706 0.005494 0.024175 0.999692
1706079857.605026 95.922156 13.918462 2.498022 -0.001311 0.005850 0.024337 0.999686
1706079857.704000 96.040513 13.935651 2.527385 -0.001844 0.006372 0.024288 0.999683
1706079857.804012 96.163121 13.945124 2.535877 -0.001969 0.005721 0.024405 0.999684
1706079857.901131 96.281091 13.949655 2.530116 -0.004187 0.006421 0.024300 0.999675
1706079857.998880 96.407360 13.958195 2.517640 -0.002744 0.006260 0.024287 0.999682
1706079858.103528 96.526823 13.968849 2.525749 -0.002971 0.006135 0.024255 0.999683
1706079858.202146 96.657634 13.993249 2.522987 -0.002817 0.006060 0.024218 0.999684
1706079858.300783 96.789328 14.013256 2.501474 -0.002438 0.005774 0.024350 0.999684
1706079858.405453 96.915079 14.019983 2.475508 -0.002914 0.005481 0.024499 0.999681
1706079858.505305 97.051175 14.034172 2.497396 -0.002210 0.005742 0.024692 0.999676
1706079858.605131 97.184965 14.035295 2.496510 -0.001811 0.005319 0.024846 0.999675
1706079858.704702 97.312501 14.054579 2.501235 -0.000399 0.005519 0.024999 0.999672
1706079858.803768 97.440573 14.065661 2.512039 -0.001335 0.005374 0.025037 0.999671
1706079858.905002 97.584210 14.090297 2.533482 -0.000048 0.005292 0.025054 0.999672
1706079859.003532 97.713565 14.114194 2.549647 -0.000935 0.005342 0.025017 0.999672
1706079859.101273 97.827476 14.129200 2.544712 -0.001638 0.004981 0.024755 0.999680
1706079859.201936 97.955589 14.137560 2.540809 -0.000975 0.005279 0.024758 0.999679
1706079859.304586 98.075948 14.149758 2.564574 -0.001772 0.004741 0.024593 0.999685
1706079859.403185 98.194104 14.160734 2.592687 -0.002288 0.004914 0.024533 0.999684
1706079859.499038 98.302576 14.174418 2.636297 -0.001674 0.005395 0.024560 0.999682
1706079859.600426 98.433000 14.199035 2.638582 -0.003222 0.005009 0.024338 0.999686
1706079859.699048 98.567303 14.213198 2.647472 -0.003849 0.004863 0.024334 0.999685
1706079859.804580 98.703901 14.230710 2.656424 -0.004743 0.005176 0.024428 0.999677
1706079859.905436 98.834972 14.240585 2.645404 -0.005889 0.004868 0.024291 0.999676
1706079860.004930 98.945846 14.253381 2.629578 -0.005071 0.005248 0.024441 0.999675
1706079860.105034 99.071254 14.264085 2.648407 -0.005391 0.005594 0.024345 0.999673
1706079860.204580 99.199747 14.289609 2.643426 -0.005330 0.005869 0.024246 0.999675
1706079860.302620 99.330814 14.302699 2.643911 -0.005295 0.006277 0.024422 0.999668
1706079860.402983 99.452966 14.325861 2.639157 -0.005490 0.006239 0.024507 0.999665
1706079860.505295 99.589716 14.351411 2.632382 -0.005596 0.006196 0.024668 0.999661
1706079860.604572 99.715401 14.359626 2.627384 -0.006216 0.006173 0.024831 0.999653
1706079860.702572 99.842726 14.375832 2.640721 -0.005517 0.006188 0.024946 0.999654
1706079860.801283 99.957815 14.390659 2.678305 -0.004366 0.006562 0.025218 0.999651
1706079860.899961 100.074433 14.407299 2.674054 -0.003797 0.006166 0.025376 0.999652
1706079861.005262 100.200670 14.420882 2.665477 -0.004186 0.005936 0.025443 0.999650
1706079861.104041 100.324842 14.425446 2.656400 -0.003925 0.005713 0.025673 0.999646
1706079861.202376 100.438735 14.431558 2.638908 -0.002433 0.005907 0.026028 0.999641
1706079861.304803 100.563681 14.448572 2.635239 -0.002674 0.005730 0.026136 0.999638
1706079861.405009 100.694905 14.450779 2.612387 -0.002088 0.005727 0.026396 0.999633
1706079861.503062 100.833851 14.473324 2.621811 -0.000673 0.005393 0.026722 0.999628
1706079861.604044 100.962827 14.486180 2.647439 -0.000326 0.005417 0.027062 0.999619
1706079861.703231 101.080850 14.499949 2.665062 -0.001174 0.005382 0.027199 0.999615
1706079861.802225 101.214843 14.514569 2.666919 -0.000552 0.005470 0.027514 0.999606
1706079861.903898 101.343193 14.532703 2.695209 -0.000398 0.005408 0.027639 0.999603
1706079862.002488 101.462252 14.562786 2.697595 0.000089 0.005475 0.027867 0.999597
1706079862.101036 101.583140 14.579294 2.705370 -0.000774 0.005953 0.028100 0.999587
1706079862.198606 101.696319 14.586954 2.739958 -0.000513 0.005977 0.028114 0.999587
1706079862.304806 101.825939 14.618072 2.785336 -0.001015 0.006693 0.028007 0.999585
1706079862.403440 101.963312 14.629614 2.793355 -0.001547 0.006553 0.028070 0.999583
1706079862.505297 102.087290 14.642351 2.794867 -0.002111 0.006302 0.027845 0.999590
1706079862.605146 102.207569 14.660774 2.756234 -0.002276 0.005870 0.027788 0.999594
1706079862.704111 102.327865 14.675952 2.757669 -0.002790 0.006503 0.027551 0.999595
1706079862.802967 102.458930 14.695329 2.800531 -0.002494 0.006040 0.027590 0.999598
1706079862.904313 102.594483 14.710619 2.770167 -0.002984 0.005729 0.027838 0.999592
1706079863.003337 102.718837 14.718236 2.743446 -0.003565 0.005895 0.028024 0.999584
1706079863.104930 102.863466 14.745623 2.675865 -0.002670 0.004594 0.028294 0.999586
1706079863.201642 102.971378 14.748407 2.628603 -0.002847 0.004933 0.028669 0.999573
1706079863.302062 103.100153 14.761607 2.642800 -0.001562 0.006085 0.029159 0.999555
1706079863.399713 103.217218 14.774359 2.632380 -0.001520 0.005924 0.029791 0.999537
1706079863.499383 103.343797 14.787378 2.663899 -0.001207 0.006256 0.030062 0.999528
1706079863.604437 103.487621 14.807922 2.671323 -0.000719 0.006312 0.029993 0.999530
1706079863.703091 103.618780 14.837959 2.685348 -0.000265 0.006099 0.029934 0.999533
1706079863.801674 103.737153 14.852594 2.683541 -0.001623 0.005845 0.029635 0.999542
1706079863.905188 103.859354 14.866952 2.674527 -0.002440 0.005621 0.029341 0.999551
1706079864.004002 103.979609 14.882845 2.658715 -0.002914 0.005565 0.029149 0.999555
1706079864.105120 104.105877 14.904738 2.659253 -0.004093 0.005742 0.029004 0.999554
1706079864.204448 104.233564 14.917295 2.664127 -0.004891 0.005560 0.029079 0.999550
1706079864.303644 104.364794 14.931706 2.663319 -0.006966 0.005638 0.029056 0.999538
1706079864.402776 104.502328 14.945840 2.669499 -0.009261 0.005513 0.029132 0.999517
1706079864.503169 104.615451 14.960528 2.685265 -0.010511 0.005864 0.029239 0.999500
1706079864.601787 104.729814 14.975879 2.711365 -0.011716 0.005428 0.029409 0.999484
1706079864.694744 104.846565 15.003516 2.695169 -0.012691 0.005362 0.029631 0.999466
1706079864.793344 104.966922 15.021191 2.706380 -0.014410 0.005806 0.029674 0.999439
1706079864.904146 105.106972 15.044630 2.733066 -0.014758 0.005960 0.029822 0.999428
1706079864.990640 105.231056 15.067022 2.711638 -0.015145 0.005635 0.029977 0.999420
1706079865.101327 105.364804 15.089326 2.713878 -0.014462 0.005841 0.030202 0.999422
1706079865.204968 105.496291 15.104142 2.720490 -0.016056 0.005583 0.030286 0.999397
1706079865.303808 105.619637 15.120607 2.725679 -0.014814 0.005684 0.030453 0.999410
1706079865.405439 105.744618 15.136041 2.733186 -0.015041 0.006010 0.030636 0.999399
1706079865.504788 105.865930 15.167415 2.791174 -0.013857 0.006261 0.030848 0.999408
1706079865.603831 105.985910 15.191706 2.805167 -0.013150 0.005825 0.031133 0.999412
1706079865.703902 106.115201 15.212109 2.848751 -0.011411 0.005482 0.031762 0.999415
1706079865.802834 106.259993 15.226771 2.860029 -0.011106 0.006096 0.032155 0.999403
1706079865.895745 106.379211 15.239370 2.852104 -0.010501 0.006405 0.032695 0.999390
1706079865.994234 106.485969 15.244857 2.822804 -0.009851 0.006408 0.033304 0.999376
1706079866.105111 106.609210 15.255755 2.799419 -0.008962 0.006527 0.034117 0.999356
1706079866.203741 106.748619 15.268880 2.781122 -0.007880 0.006834 0.034676 0.999344
1706079866.302362 106.867891 15.288191 2.788196 -0.007747 0.006528 0.034989 0.999336
1706079866.400976 106.988954 15.299529 2.740577 -0.008495 0.006335 0.035061 0.999329
1706079866.504839 107.104380 15.318554 2.748689 -0.008244 0.006746 0.034819 0.999337
1706079866.603528 107.232746 15.337592 2.749661 -0.009300 0.006416 0.034561 0.999339
1706079866.705411 107.364325 15.361936 2.766510 -0.010256 0.006248 0.034539 0.999331
1706079866.804894 107.486416 15.388075 2.743648 -0.011289 0.005860 0.034749 0.999315
1706079866.903911 107.612481 15.395830 2.762510 -0.011889 0.005993 0.035038 0.999297
1706079867.003890 107.741572 15.415111 2.740657 -0.013326 0.005537 0.035101 0.999280
1706079867.090131 107.858845 15.431805 2.732038 -0.013724 0.005734 0.035391 0.999263
1706079867.195265 108.001365 15.441363 2.716671 -0.015414 0.005741 0.035494 0.999235
1706079867.294068 108.123216 15.473679 2.736055 -0.015959 0.005579 0.035598 0.999223
1706079867.404669 108.266098 15.500558 2.745525 -0.016094 0.005669 0.035685 0.999217
1706079867.503246 108.396892 15.511963 2.770896 -0.016809 0.005739 0.035686 0.999205
1706079867.602060 108.520901 15.527696 2.758822 -0.016989 0.005587 0.035703 0.999202
1706079867.705434 108.639534 15.553793 2.789510 -0.018129 0.005978 0.035742 0.999179
1706079867.804642 108.757888 15.577939 2.798143 -0.018163 0.005445 0.035879 0.999176
1706079867.903229 108.887762 15.594966 2.773064 -0.019683 0.005697 0.036058 0.999140
1706079868.001881 109.015227 15.607189 2.774361 -0.019369 0.005462 0.036134 0.999144
1706079868.104746 109.143731 15.625980 2.785275 -0.018657 0.005842 0.036448 0.999144
1706079868.204947 109.263432 15.648748 2.810393 -0.018628 0.006190 0.036639 0.999136
1706079868.297817 109.383088 15.671469 2.797210 -0.017982 0.006188 0.036854 0.999140
1706079868.396473 109.526721 15.685823 2.817516 -0.018037 0.006475 0.037120 0.999127
1706079868.495087 109.650761 15.691192 2.820025 -0.017573 0.006417 0.037413 0.999125
1706079868.593724 109.775598 15.714494 2.820942 -0.016726 0.006505 0.037776 0.999125
1706079868.704319 109.897722 15.740583 2.812386 -0.015829 0.006288 0.037998 0.999133
1706079868.802880 110.009306 15.757902 2.831276 -0.015941 0.006448 0.038299 0.999118
1706079868.901805 110.132762 15.773991 2.859734 -0.015236 0.006673 0.038509 0.999120
1706079869.000211 110.258591 15.793621 2.852185 -0.015771 0.006313 0.038731 0.999105
1706079869.104272 110.396346 15.813682 2.842485 -0.015765 0.006529 0.038864 0.999099
1706079869.202950 110.523011 15.845926 2.882808 -0.014659 0.006656 0.039120 0.999105
1706079869.301559 110.659123 15.861882 2.890954 -0.015053 0.006490 0.039370 0.999090
1706079869.404877 110.785820 15.872943 2.887191 -0.014791 0.006622 0.039689 0.999081
1706079869.492293 110.896711 15.882789 2.886537 -0.015086 0.006769 0.040081 0.999060
1706079869.597486 111.032796 15.898277 2.880259 -0.015482 0.006608 0.040513 0.999037
1706079869.696120 111.149076 15.923720 2.891299 -0.014698 0.006894 0.040980 0.999028
1706079869.794770 111.272435 15.948028 2.883772 -0.015025 0.007020 0.041538 0.998999
1706079869.900357 111.400951 15.964773 2.884332 -0.015938 0.007072 0.041951 0.998968
1706079870.003958 111.541772 15.980540 2.851474 -0.015170 0.006828 0.042582 0.998954
1706079870.102777 111.667182 16.003504 2.843133 -0.015628 0.006822 0.043145 0.998923
1706079870.201277 111.801568 16.024553 2.830752 -0.015947 0.006487 0.043677 0.998897
1706079870.305226 111.936361 16.060186 2.833153 -0.015797 0.006632 0.044206 0.998876
1706079870.403804 112.071956 16.086064 2.845108 -0.015185 0.006785 0.044684 0.998863
1706079870.502625 112.190028 16.111914 2.844089 -0.015779 0.006632 0.045116 0.998835
1706079870.601284 112.320842 16.126263 2.824586 -0.015587 0.006517 0.045661 0.998814
1706079870.699914 112.443977 16.142085 2.840320 -0.014850 0.006664 0.046235 0.998798
1706079870.804729 112.566073 16.157723 2.837021 -0.014670 0.006698 0.046811 0.998774
1706079870.893530 112.682327 16.175867 2.831162 -0.014051 0.006236 0.047427 0.998756
1706079871.002005 112.822707 16.184831 2.791094 -0.014663 0.006265 0.047996 0.998720
1706079871.101500 112.941290 16.204790 2.789500 -0.015469 0.006340 0.048404 0.998688
1706079871.205098 113.074089 16.223237 2.777192 -0.014192 0.005578 0.049008 0.998682
1706079871.303655 113.206420 16.241125 2.791432 -0.015168 0.006078 0.049450 0.998643
1706079871.402221 113.336988 16.256657 2.802578 -0.015361 0.006056 0.050086 0.998608
1706079871.500848 113.448405 16.275838 2.792114 -0.014745 0.006313 0.050624 0.998589
1706079871.604809 113.590997 16.299407 2.786680 -0.015004 0.006415 0.051081 0.998561
1706079871.703650 113.711964 16.318025 2.822508 -0.015563 0.007031 0.051589 0.998522
1706079871.802292 113.834578 16.340331 2.834525 -0.015549 0.006993 0.051907 0.998506
1706079871.894414 113.945391 16.370323 2.826367 -0.015008 0.007055 0.052468 0.998485
1706079871.995492 114.060199 16.394836 2.844330 -0.014813 0.007669 0.052999 0.998455
1706079872.098085 114.206974 16.425225 2.866968 -0.014086 0.007695 0.053376 0.998446
1706079872.193652 114.318214 16.459292 2.877587 -0.014124 0.007608 0.053754 0.998425
1706079872.302637 114.466573 16.482537 2.918231 -0.015193 0.007753 0.054139 0.998388
1706079872.401928 114.589314 16.511380 2.914035 -0.015181 0.007193 0.054454 0.998375
1706079872.504590 114.713244 16.532314 2.917108 -0.016295 0.007150 0.054715 0.998343
1706079872.600219 114.840702 16.546265 2.935566 -0.015967 0.007411 0.055126 0.998324
1706079872.702209 114.965900 16.556663 2.941884 -0.015800 0.007414 0.055491 0.998307
1706079872.800971 115.088978 16.580681 2.909129 -0.015619 0.007065 0.055876 0.998291
1706079872.904568 115.222089 16.613179 2.874282 -0.016333 0.006879 0.056097 0.998268
1706079873.003164 115.337176 16.630781 2.874464 -0.016357 0.006762 0.056408 0.998251
1706079873.095711 115.459129 16.659275 2.819697 -0.016030 0.007012 0.056638 0.998241
1706079873.200500 115.599203 16.674503 2.811205 -0.017382 0.007403 0.056878 0.998202
1706079873.299275 115.728213 16.689605 2.839143 -0.016660 0.007256 0.057253 0.998194
1706079873.404487 115.871112 16.709020 2.845895 -0.017083 0.007383 0.057582 0.998167
1706079873.503807 115.997915 16.741370 2.856669 -0.016209 0.007523 0.057880 0.998164
1706079873.603055 116.123974 16.762088 2.856410 -0.017193 0.007432 0.058141 0.998133
1706079873.702213 116.249299 16.785460 2.838376 -0.016292 0.007177 0.058430 0.998133
1706079873.801312 116.382123 16.814034 2.833172 -0.016645 0.006895 0.058680 0.998114
1706079873.903263 116.512377 16.836276 2.845140 -0.017263 0.007221 0.058949 0.998086
1706079873.999454 116.619501 16.855442 2.853778 -0.017469 0.007594 0.059113 0.998070
1706079874.099737 116.742735 16.884089 2.822930 -0.017198 0.006892 0.059119 0.998079
1706079874.204361 116.877093 16.907343 2.859329 -0.017287 0.007559 0.059444 0.998053
1706079874.296628 117.006574 16.922724 2.882369 -0.016921 0.007519 0.059627 0.998049
1706079874.401706 117.145962 16.951663 2.875400 -0.017390 0.007197 0.059650 0.998042
1706079874.500353 117.276098 16.976392 2.853333 -0.017714 0.006981 0.059773 0.998030
1706079874.605219 117.412905 16.999215 2.872619 -0.017281 0.007150 0.059911 0.998029
1706079874.704959 117.542841 17.033379 2.908030 -0.016992 0.007470 0.059935 0.998030
1706079874.804195 117.661158 17.048550 2.921893 -0.017941 0.007493 0.060039 0.998007
1706079874.903340 117.781426 17.058063 2.912589 -0.018539 0.007084 0.060012 0.998000
1706079875.002418 117.899460 17.080730 2.925637 -0.018438 0.007428 0.060123 0.997993
1706079875.104116 118.041949 17.111673 2.951691 -0.018131 0.007220 0.060289 0.997990
1706079875.200565 118.151144 17.139407 2.947244 -0.018139 0.006945 0.060341 0.997989
1706079875.301582 118.290989 17.167705 2.935743 -0.018797 0.006862 0.060288 0.997980
1706079875.398715 118.413882 17.191633 2.943564 -0.019240 0.007294 0.060262 0.997970
1706079875.504071 118.554165 17.213755 2.970628 -0.019646 0.007371 0.060161 0.997968
1706079875.602760 118.678165 17.239844 2.984737 -0.018845 0.007645 0.060130 0.997983
1706079875.697948 118.802970 17.259947 2.973826 -0.019052 0.007476 0.060152 0.997979
1706079875.796963 118.933529 17.276564 2.946066 -0.018838 0.007092 0.060159 0.997986
1706079875.905184 119.076466 17.305265 2.950393 -0.018001 0.007294 0.060217 0.997996
1706079876.005008 119.200295 17.330591 2.979963 -0.017834 0.007471 0.060144 0.998002
1706079876.104400 119.321047 17.362335 3.011321 -0.017204 0.007792 0.060330 0.998000
1706079876.203496 119.445544 17.380478 3.017925 -0.017045 0.007706 0.060351 0.998002
1706079876.302573 119.581131 17.403302 3.021927 -0.018022 0.008186 0.060396 0.997978
1706079876.403837 119.701044 17.434865 3.016153 -0.018054 0.008422 0.060424 0.997974
1706079876.502614 119.821421 17.459442 3.044337 -0.016594 0.008091 0.060612 0.997991
1706079876.599802 119.940798 17.477250 3.008399 -0.018202 0.007805 0.060556 0.997968
1706079876.705055 120.079708 17.504757 3.010272 -0.017877 0.007769 0.060567 0.997974
1706079876.803805 120.192300 17.503985 3.037688 -0.019097 0.008154 0.060667 0.997942
1706079876.899009 120.328223 17.529396 3.069571 -0.018565 0.008159 0.060804 0.997944
1706079876.998085 120.468040 17.561090 3.086223 -0.018223 0.008089 0.060885 0.997946
1706079877.099576 120.601104 17.599264 3.105724 -0.018128 0.007658 0.060959 0.997946
1706079877.205109 120.744317 17.627425 3.111618 -0.018454 0.007561 0.060930 0.997943
1706079877.304950 120.877224 17.654390 3.130366 -0.018317 0.007191 0.060852 0.997953
1706079877.404596 121.009626 17.679220 3.138790 -0.018462 0.006901 0.060969 0.997945
1706079877.503686 121.134588 17.692734 3.119173 -0.019999 0.007064 0.060929 0.997917
1706079877.604944 121.264262 17.716537 3.147484 -0.018913 0.007221 0.060860 0.997941
1706079877.703655 121.375929 17.732929 3.145910 -0.019205 0.007110 0.060740 0.997944
1706079877.800900 121.494370 17.755508 3.154454 -0.019764 0.007291 0.060691 0.997934
1706079877.902041 121.623627 17.767497 3.145327 -0.020196 0.007463 0.060732 0.997922
1706079878.004857 121.747306 17.784975 3.123630 -0.020238 0.007465 0.060790 0.997917
1706079878.100134 121.870262 17.802395 3.147908 -0.019330 0.008315 0.060866 0.997924
1706079878.199179 122.009545 17.831728 3.141716 -0.019426 0.008167 0.060863 0.997924
1706079878.300595 122.153933 17.863807 3.123739 -0.019382 0.008402 0.060898 0.997920
1706079878.397415 122.281743 17.888761 3.110606 -0.019313 0.008339 0.060874 0.997924
1706079878.505360 122.417239 17.918902 3.098126 -0.020233 0.007980 0.060836 0.997911
1706079878.605278 122.545023 17.950568 3.090116 -0.018309 0.007973 0.061172 0.997927
1706079878.704774 122.676065 17.964245 3.062491 -0.019013 0.008165 0.061188 0.997912
1706079878.803853 122.804469 17.981286 3.064357 -0.018875 0.008022 0.061344 0.997906
1706079878.904686 122.934772 18.011215 3.063436 -0.017673 0.007942 0.061534 0.997917
1706079879.002157 123.058283 18.025145 3.047445 -0.018288 0.007723 0.061683 0.997898
1706079879.103112 123.189432 18.048530 3.062406 -0.017456 0.007450 0.061937 0.997900
1706079879.202187 123.310391 18.087262 3.055462 -0.017625 0.007109 0.061968 0.997897
1706079879.301249 123.431270 18.109956 3.016222 -0.017909 0.007471 0.062039 0.997885
1706079879.400292 123.553581 18.136553 3.008284 -0.017835 0.006936 0.062107 0.997886
1706079879.501373 123.667434 18.170625 3.010495 -0.017849 0.007365 0.062353 0.997867
1706079879.599964 123.800573 18.191249 2.997000 -0.018012 0.007510 0.062591 0.997848
1706079879.698825 123.924134 18.204310 2.985471 -0.017966 0.007694 0.062807 0.997834
1706079879.804075 124.065943 18.235342 2.990279 -0.019228 0.007773 0.063044 0.997795
1706079879.905169 124.202931 18.260339 3.005713 -0.019415 0.007919 0.063301 0.997774
1706079880.004952 124.322652 18.282995 2.990849 -0.019162 0.007883 0.063754 0.997751
1706079880.104043 124.446787 18.310226 2.985602 -0.019451 0.007245 0.063964 0.997736
1706079880.203152 124.578403 18.330812 2.988527 -0.019219 0.007264 0.064340 0.997717
1706079880.304129 124.713928 18.349780 2.982828 -0.019974 0.007234 0.064661 0.997681
1706079880.403292 124.843406 18.372240 3.029039 -0.020654 0.007351 0.064866 0.997653
1706079880.502350 124.977015 18.396695 3.064119 -0.019939 0.007479 0.065028 0.997656
1706079880.604094 125.119223 18.422862 3.059727 -0.019992 0.007196 0.065160 0.997649
1706079880.702461 125.238114 18.442210 3.067661 -0.020201 0.007319 0.065317 0.997633
1706079880.799603 125.366802 18.468083 3.097051 -0.019648 0.007196 0.065381 0.997641
1706079880.899915 125.498194 18.486602 3.096300 -0.019994 0.007208 0.065536 0.997624
1706079881.005009 125.636044 18.507076 3.072137 -0.018843 0.006954 0.065703 0.997637
1706079881.103623 125.744468 18.529412 3.115676 -0.019045 0.007233 0.065623 0.997637
1706079881.205086 125.868052 18.560940 3.157566 -0.018204 0.007897 0.065716 0.997641
1706079881.304938 126.008336 18.581396 3.127638 -0.017732 0.007610 0.065911 0.997639
1706079881.404151 126.141036 18.616834 3.126361 -0.016205 0.007563 0.065982 0.997661
1706079881.505190 126.261263 18.656267 3.125475 -0.016951 0.007729 0.066019 0.997644
1706079881.604362 126.384515 18.677374 3.159775 -0.017214 0.008218 0.066137 0.997628
1706079881.703418 126.514663 18.712863 3.160615 -0.016743 0.007930 0.066348 0.997625
1706079881.804898 126.643354 18.729915 3.147811 -0.016737 0.008148 0.066444 0.997616
1706079881.901667 126.756348 18.756869 3.145851 -0.016320 0.008026 0.066363 0.997630
1706079882.002199 126.886404 18.780295 3.169030 -0.015672 0.007985 0.066359 0.997641
1706079882.100948 127.021345 18.804022 3.160090 -0.016696 0.008443 0.066386 0.997619
1706079882.199428 127.146846 18.815502 3.127175 -0.018274 0.008363 0.066376 0.997592
1706079882.304387 127.273892 18.836513 3.135427 -0.018881 0.008237 0.066467 0.997576
1706079882.403404 127.408362 18.863637 3.137836 -0.019234 0.008567 0.066694 0.997551
1706079882.501888 127.533864 18.893927 3.135430 -0.018561 0.008034 0.066885 0.997556
1706079882.604807 127.662445 18.927778 3.110974 -0.019507 0.007965 0.066976 0.997532
1706079882.704226 127.784248 18.945801 3.096072 -0.019123 0.007945 0.067320 0.997517
1706079882.805270 127.916440 18.970197 3.126015 -0.019738 0.007980 0.067569 0.997487
1706079882.904525 128.037872 19.001698 3.141527 -0.020079 0.007990 0.067689 0.997472
1706079883.003608 128.173183 19.028377 3.089528 -0.018951 0.007973 0.068000 0.997473
1706079883.102774 128.308930 19.047988 3.084847 -0.017655 0.008388 0.068317 0.997472
1706079883.203320 128.429281 19.068724 3.093051 -0.018410 0.008383 0.068388 0.997454
1706079883.301988 128.545595 19.094708 3.056515 -0.017878 0.007681 0.068643 0.997451
1706079883.400642 128.677834 19.112209 3.070119 -0.017295 0.008297 0.068849 0.997443
1706079883.487154 128.773319 19.139433 3.111982 -0.017393 0.008793 0.068799 0.997440
1706079883.604157 128.924183 19.173556 3.102979 -0.016931 0.008130 0.069169 0.997428
1706079883.702948 129.051109 19.182965 3.081707 -0.016941 0.007948 0.069393 0.997414
1706079883.801521 129.184244 19.207795 3.074487 -0.016280 0.007967 0.069674 0.997405
1706079883.905195 129.316451 19.231902 3.107043 -0.016882 0.007954 0.070017 0.997371
1706079884.004053 129.451422 19.268587 3.106604 -0.016649 0.007688 0.070210 0.997364
1706079884.105121 129.581893 19.295918 3.113286 -0.016463 0.008193 0.070381 0.997351
1706079884.204691 129.703762 19.323356 3.126826 -0.016786 0.008277 0.070740 0.997319
1706079884.303855 129.820707 19.347293 3.137219 -0.017090 0.008579 0.071062 0.997289
1706079884.404413 129.939095 19.369750 3.125806 -0.016278 0.008390 0.071358 0.997283
1706079884.501898 130.067414 19.388518 3.121767 -0.017078 0.008322 0.071630 0.997250
1706079884.600589 130.195813 19.417795 3.122971 -0.016464 0.008421 0.071880 0.997242
1706079884.694606 130.292179 19.441785 3.177033 -0.017801 0.008499 0.072023 0.997208
1706079884.805134 130.440083 19.474799 3.216584 -0.018214 0.008856 0.072341 0.997174
1706079884.903782 130.558263 19.496067 3.218899 -0.017996 0.008407 0.072585 0.997164
1706079884.987213 130.667203 19.521859 3.210971 -0.017677 0.008392 0.072902 0.997147
1706079885.105482 130.806853 19.566131 3.218836 -0.017089 0.008331 0.073245 0.997133
1706079885.205007 130.937532 19.591912 3.227417 -0.018158 0.008549 0.073530 0.997091
1706079885.303672 131.071364 19.629269 3.257479 -0.018175 0.008231 0.073861 0.997069
1706079885.405016 131.187940 19.654118 3.284723 -0.018230 0.008436 0.074253 0.997037
1706079885.504834 131.316410 19.687347 3.294268 -0.017962 0.008888 0.074697 0.997005
1706079885.605458 131.449917 19.718133 3.302025 -0.017255 0.009018 0.075080 0.996987
1706079885.703210 131.571937 19.745886 3.297026 -0.017543 0.009018 0.075373 0.996960
1706079885.801806 131.698047 19.767320 3.294437 -0.018910 0.008819 0.075757 0.996908
1706079885.889040 131.825906 19.767648 3.273530 -0.018838 0.009682 0.076005 0.996882
1706079885.994264 131.956187 19.795441 3.284415 -0.017994 0.009175 0.076342 0.996877
1706079886.089209 132.078697 19.817551 3.262585 -0.018309 0.009594 0.076647 0.996844
1706079886.203474 132.222693 19.857286 3.277599 -0.017555 0.009589 0.077051 0.996826
1706079886.302278 132.337093 19.885404 3.244483 -0.017879 0.009044 0.077391 0.996799
1706079886.396466 132.454508 19.917157 3.214282 -0.017525 0.009465 0.077722 0.996776
1706079886.504681 132.574126 19.945496 3.202066 -0.017442 0.009465 0.078026 0.996754
1706079886.603466 132.701524 19.973745 3.174108 -0.018118 0.008878 0.078419 0.996716
1706079886.705317 132.830401 19.999712 3.158402 -0.017333 0.008634 0.078780 0.996704
1706079886.805126 132.970552 20.037563 3.168526 -0.017620 0.008947 0.079090 0.996672
1706079886.904220 133.081492 20.065405 3.142467 -0.017916 0.008766 0.079313 0.996650
1706079887.002954 133.211132 20.090374 3.141877 -0.018375 0.008787 0.079599 0.996619
1706079887.090126 133.315820 20.121352 3.146026 -0.017937 0.008705 0.079846 0.996608
1706079887.191211 133.450131 20.153306 3.130960 -0.018390 0.008915 0.080139 0.996574
1706079887.290361 133.559800 20.176116 3.134087 -0.018166 0.009208 0.080375 0.996557
1706079887.404639 133.691463 20.212182 3.116931 -0.017768 0.008998 0.080640 0.996544
1706079887.498249 133.808869 20.234092 3.068881 -0.018803 0.008796 0.080915 0.996505
1706079887.601968 133.949603 20.256951 3.036166 -0.018678 0.008421 0.081292 0.996480
1706079887.700623 134.076242 20.271714 3.022517 -0.017729 0.007997 0.081687 0.996468
1706079887.804262 134.237507 20.318849 3.013067 -0.018538 0.007895 0.081833 0.996442
1706079887.903098 134.372077 20.353089 2.985259 -0.017664 0.007667 0.082142 0.996435
1706079888.001792 134.479233 20.377715 3.005870 -0.018529 0.007858 0.082227 0.996410
1706079888.105085 134.592424 20.414015 3.007157 -0.018593 0.007754 0.082511 0.996387
1706079888.204841 134.720955 20.448147 3.034637 -0.018640 0.008092 0.082618 0.996374
1706079888.291495 134.821159 20.461348 3.065898 -0.018855 0.008202 0.082747 0.996358
1706079888.392245 134.937568 20.483509 3.091252 -0.018363 0.008341 0.082892 0.996354
1706079888.491488 135.039554 20.525402 3.161079 -0.017263 0.010049 0.082937 0.996355
1706079888.590521 135.167915 20.566767 3.176054 -0.017510 0.009029 0.082933 0.996360
1706079888.704183 135.303620 20.605620 3.211866 -0.018584 0.009086 0.082934 0.996340
1706079888.802903 135.431424 20.635374 3.209581 -0.018681 0.009215 0.082928 0.996338
1706079888.901467 135.566828 20.664998 3.231606 -0.017315 0.009338 0.082873 0.996366
1706079889.005241 135.708979 20.696777 3.215876 -0.016934 0.008940 0.082876 0.996376
1706079889.104076 135.833558 20.726615 3.262298 -0.016165 0.009661 0.082749 0.996392
1706079889.202667 135.959690 20.747329 3.282144 -0.017832 0.009593 0.082600 0.996377
1706079889.301259 136.083331 20.758496 3.273544 -0.017155 0.009391 0.082635 0.996388
1706079889.404980 136.211992 20.784132 3.309586 -0.016415 0.009136 0.082545 0.996410
1706079889.494143 136.338248 20.807548 3.293373 -0.016660 0.009027 0.082399 0.996419
1706079889.593282 136.448526 20.840903 3.275917 -0.016733 0.009258 0.082274 0.996426
1706079889.695823 136.564484 20.865664 3.276772 -0.016007 0.009051 0.082067 0.996457
1706079889.801158 136.695407 20.896197 3.284479 -0.016509 0.009686 0.082007 0.996448
1706079889.900560 136.811339 20.916823 3.243017 -0.018112 0.008704 0.081688 0.996455
1706079890.003978 136.938788 20.952756 3.241625 -0.017374 0.009600 0.081501 0.996476
1706079890.102509 137.061743 20.985868 3.229127 -0.017067 0.009899 0.081324 0.996492
1706079890.201379 137.191368 21.021398 3.237537 -0.016960 0.009643 0.081162 0.996510
1706079890.297133 137.305656 21.055000 3.268673 -0.017223 0.009897 0.080967 0.996519
1706079890.403673 137.446417 21.097721 3.280001 -0.017370 0.009972 0.080661 0.996540
1706079890.497058 137.577505 21.131923 3.296748 -0.017918 0.009696 0.080485 0.996548
1706079890.594544 137.705280 21.145416 3.268207 -0.018646 0.009333 0.080241 0.996557
1706079890.699743 137.843972 21.168726 3.271703 -0.017962 0.009654 0.079994 0.996587
1706079890.794380 137.963710 21.182121 3.279459 -0.018840 0.009582 0.079731 0.996592
1706079890.893690 138.086960 21.206263 3.296208 -0.018621 0.009348 0.079390 0.996626
1706079891.002579 138.213844 21.242676 3.275684 -0.018194 0.008826 0.079001 0.996669
1706079891.101713 138.333802 21.283398 3.264854 -0.017862 0.008962 0.078557 0.996709
1706079891.205055 138.461840 21.313154 3.287281 -0.017196 0.009273 0.078220 0.996745
1706079891.303735 138.589189 21.332862 3.306155 -0.017546 0.009098 0.077679 0.996783
1706079891.402191 138.704406 21.362419 3.275545 -0.017057 0.009179 0.077215 0.996826
1706079891.500890 138.835125 21.400375 3.264101 -0.016963 0.009281 0.076641 0.996871
1706079891.604872 138.977443 21.421055 3.248456 -0.016552 0.008985 0.076318 0.996906
1706079891.703525 139.098659 21.449438 3.256314 -0.016600 0.009056 0.075934 0.996934
1706079891.795661 139.224978 21.467173 3.242439 -0.016618 0.008793 0.075538 0.996966
1706079891.896279 139.340278 21.483359 3.219335 -0.017156 0.008723 0.075260 0.996978
1706079891.999436 139.476481 21.502940 3.229592 -0.016995 0.008849 0.075034 0.996997
1706079892.094733 139.610537 21.525402 3.204359 -0.016211 0.008058 0.074715 0.997041
1706079892.203584 139.763506 21.557839 3.148508 -0.015943 0.008005 0.074350 0.997073
1706079892.302833 139.882575 21.588041 3.129193 -0.015631 0.007946 0.074094 0.997097
1706079892.402047 139.995310 21.612655 3.128584 -0.014501 0.008499 0.073917 0.997123
1706079892.504605 140.108161 21.630080 3.128212 -0.015730 0.007932 0.073865 0.997113
1706079892.603251 140.225607 21.659816 3.155326 -0.015399 0.008352 0.073603 0.997134
1706079892.701954 140.352378 21.675513 3.191296 -0.015404 0.008657 0.073563 0.997134
1706079892.798434 140.477231 21.709794 3.149600 -0.014150 0.007945 0.073424 0.997169
1706079892.904333 140.609782 21.742793 3.156240 -0.014548 0.008345 0.073411 0.997161
1706079892.996703 140.736810 21.766449 3.161025 -0.014317 0.008375 0.073369 0.997167
1706079893.097337 140.861514 21.794235 3.156373 -0.015409 0.007855 0.073305 0.997160
1706079893.200438 141.002656 21.813092 3.185197 -0.014255 0.008370 0.073455 0.997162
1706079893.295788 141.115632 21.835304 3.208356 -0.015141 0.008777 0.073424 0.997147
1706079893.404219 141.265732 21.851810 3.191397 -0.016102 0.007872 0.073391 0.997142
1706079893.503947 141.386175 21.871816 3.172676 -0.014472 0.008160 0.073625 0.997148
1706079893.603151 141.492589 21.913362 3.142987 -0.013790 0.008214 0.073684 0.997152
1706079893.702268 141.607557 21.946934 3.156375 -0.014045 0.008937 0.073805 0.997134
1706079893.804387 141.737853 21.974312 3.161731 -0.014152 0.009164 0.074061 0.997111
1706079893.902969 141.854201 22.001884 3.186615 -0.013684 0.008986 0.074233 0.997107
1706079894.001503 141.976227 22.020673 3.176709 -0.013703 0.009008 0.074537 0.997083
1706079894.100189 142.093955 22.045673 3.193366 -0.014208 0.008223 0.074825 0.997062
1706079894.197710 142.223209 22.072968 3.234133 -0.013991 0.008768 0.074918 0.997053
1706079894.302866 142.349981 22.107527 3.234245 -0.014655 0.008809 0.075142 0.997026
1706079894.397712 142.463106 22.136366 3.198094 -0.014592 0.008443 0.075379 0.997012
1706079894.496933 142.589509 22.157184 3.213474 -0.015213 0.008467 0.075727 0.996977
1706079894.604873 142.723510 22.188661 3.253563 -0.015725 0.008410 0.075989 0.996949
1706079894.704979 142.849280 22.217120 3.287777 -0.016240 0.008931 0.076263 0.996915
1706079894.804255 142.972224 22.239483 3.295538 -0.015797 0.008835 0.076556 0.996901
1706079894.903372 143.096763 22.268595 3.306958 -0.015807 0.008449 0.076874 0.996880
1706079895.002452 143.224844 22.292976 3.295173 -0.017163 0.008020 0.077195 0.996836
1706079895.101540 143.347635 22.317639 3.279777 -0.016690 0.008264 0.077526 0.996816
1706079895.200664 143.468704 22.342539 3.301609 -0.016761 0.008551 0.077787 0.996792
1706079895.299711 143.588058 22.376492 3.294751 -0.016541 0.007858 0.077997 0.996785
1706079895.405104 143.718451 22.402653 3.308195 -0.016429 0.007943 0.078247 0.996767
1706079895.503906 143.841236 22.432400 3.322023 -0.016345 0.008046 0.078362 0.996758
1706079895.602365 143.958008 22.458008 3.280216 -0.015901 0.007677 0.078689 0.996743
1706079895.700973 144.070841 22.484568 3.270898 -0.016250 0.007553 0.078959 0.996717
1706079895.797472 144.189546 22.519157 3.276669 -0.016262 0.008064 0.079319 0.996684
1706079895.905438 144.343282 22.548535 3.285560 -0.015266 0.008684 0.079827 0.996654
1706079896.005285 144.455005 22.567367 3.238607 -0.015383 0.008029 0.080158 0.996631
1706079896.104470 144.595173 22.601321 3.209329 -0.015342 0.008229 0.080540 0.996599
1706079896.203554 144.709614 22.620396 3.218023 -0.014616 0.008349 0.081196 0.996556
1706079896.302620 144.841409 22.646833 3.233861 -0.013882 0.008883 0.081795 0.996513
1706079896.403253 144.961065 22.675153 3.248099 -0.015555 0.008530 0.082080 0.996468
1706079896.500988 145.073792 22.709149 3.264741 -0.015901 0.008848 0.082483 0.996426
1706079896.601584 145.193182 22.739308 3.288733 -0.015466 0.008975 0.082946 0.996394
1706079896.700915 145.295687 22.755838 3.282613 -0.015694 0.009246 0.083335 0.996355
1706079896.803400 145.415104 22.785260 3.294900 -0.014917 0.009333 0.083719 0.996334
1706079896.902123 145.534020 22.810373 3.292730 -0.015957 0.009073 0.084062 0.996291
1706079897.001428 145.658141 22.832199 3.311694 -0.016649 0.009557 0.084441 0.996244
1706079897.099385 145.775552 22.858109 3.351335 -0.017338 0.010053 0.084831 0.996194
1706079897.204912 145.902973 22.886533 3.346545 -0.016457 0.009778 0.085096 0.996189
1706079897.305166 146.020861 22.922275 3.329315 -0.016333 0.009691 0.085508 0.996156
1706079897.404636 146.146082 22.949387 3.330027 -0.016987 0.010152 0.085737 0.996121
1706079897.503727 146.264551 22.980904 3.327832 -0.016093 0.010023 0.086224 0.996095
1706079897.602827 146.392669 23.010488 3.307471 -0.016136 0.009639 0.086579 0.996068
1706079897.702075 146.523649 23.047148 3.320007 -0.017576 0.009490 0.086632 0.996040
1706079897.801092 146.646141 23.068563 3.283815 -0.017528 0.009067 0.086992 0.996013
1706079897.901987 146.768043 23.104118 3.280694 -0.016657 0.009275 0.087411 0.995990
1706079898.004508 146.894373 23.131563 3.289182 -0.017211 0.008732 0.087725 0.995958
1706079898.103212 147.011713 23.156914 3.307325 -0.017310 0.008692 0.088009 0.995931
1706079898.202829 147.122626 23.184944 3.303848 -0.018248 0.008687 0.088160 0.995901
1706079898.300448 147.240868 23.216207 3.293983 -0.016577 0.008753 0.088416 0.995907
1706079898.399011 147.362395 23.241452 3.291079 -0.016650 0.008519 0.088595 0.995892
1706079898.504512 147.484385 23.269569 3.309317 -0.016262 0.008188 0.088720 0.995890
1706079898.605474 147.608048 23.298551 3.278900 -0.016774 0.008154 0.088929 0.995863
1706079898.704842 147.722146 23.321667 3.293591 -0.017553 0.008444 0.089089 0.995833
1706079898.803918 147.838818 23.358620 3.297143 -0.016018 0.008584 0.089423 0.995828
1706079898.903061 147.965954 23.392052 3.321067 -0.015012 0.008297 0.089598 0.995830
1706079899.003792 148.101363 23.416665 3.321906 -0.015877 0.008904 0.089816 0.995792
1706079899.103002 148.226183 23.448293 3.309329 -0.016441 0.008512 0.089886 0.995780
1706079899.202183 148.348499 23.478530 3.325994 -0.016053 0.009171 0.089975 0.995772
1706079899.304166 148.463183 23.506902 3.333342 -0.016041 0.009222 0.090076 0.995763
1706079899.402851 148.575577 23.533489 3.337320 -0.016811 0.009550 0.090079 0.995747
1706079899.501264 148.691070 23.561625 3.330327 -0.015385 0.009698 0.090405 0.995739
1706079899.600069 148.802122 23.582647 3.335571 -0.015718 0.010098 0.090475 0.995724
1706079899.699996 148.920081 23.616221 3.338649 -0.016699 0.010051 0.090368 0.995718
1706079899.803823 149.039261 23.641677 3.362025 -0.016884 0.010254 0.090609 0.995691
1706079899.905429 149.169815 23.685501 3.375933 -0.017050 0.010050 0.090595 0.995691
1706079900.005048 149.292386 23.719254 3.376512 -0.017016 0.010267 0.090776 0.995673
1706079900.104037 149.416032 23.747597 3.374152 -0.016649 0.010468 0.090965 0.995660
1706079900.204917 149.529788 23.775803 3.353061 -0.017246 0.010339 0.091156 0.995634
1706079900.304050 149.656414 23.800444 3.356257 -0.017672 0.010426 0.091322 0.995610
1706079900.403325 149.763874 23.828378 3.364081 -0.017807 0.010092 0.091608 0.995585
1706079900.505241 149.886645 23.860183 3.348894 -0.018086 0.009866 0.091733 0.995570
1706079900.603915 150.004101 23.886573 3.351350 -0.018581 0.010003 0.091937 0.995541
1706079900.700554 150.121994 23.911859 3.347433 -0.017846 0.009532 0.092282 0.995527
1706079900.801250 150.235823 23.940210 3.355846 -0.017769 0.009384 0.092654 0.995496
1706079900.900671 150.354295 23.958848 3.325797 -0.018944 0.009008 0.092822 0.995462
1706079901.004904 150.481029 23.998718 3.338067 -0.017772 0.008821 0.093186 0.995451
1706079901.103411 150.606989 24.035005 3.346239 -0.017413 0.008949 0.093511 0.995426
1706079901.195721 150.716109 24.061583 3.354803 -0.017162 0.009204 0.093828 0.995398
1706079901.304814 150.844013 24.094441 3.339178 -0.016914 0.008887 0.094151 0.995375
1706079901.404986 150.959859 24.133283 3.349802 -0.017022 0.009205 0.094368 0.995349
1706079901.505206 151.094916 24.156001 3.350990 -0.017120 0.009570 0.094674 0.995315
1706079901.604452 151.207283 24.188295 3.346935 -0.017191 0.009617 0.094847 0.995297
1706079901.703562 151.325852 24.215565 3.360064 -0.016764 0.009527 0.095135 0.995278
1706079901.802670 151.441800 24.241943 3.350555 -0.016971 0.009481 0.095480 0.995241
1706079901.903529 151.559671 24.281308 3.374088 -0.016364 0.009206 0.095764 0.995227
1706079902.002319 151.672107 24.307255 3.376822 -0.016730 0.009532 0.095944 0.995200
1706079902.100961 151.784504 24.337047 3.385544 -0.016986 0.009612 0.096405 0.995151
1706079902.199614 151.907699 24.375568 3.403614 -0.017738 0.009068 0.096570 0.995127
1706079902.304119 152.039130 24.420733 3.399770 -0.016883 0.009049 0.096988 0.995101
1706079902.402786 152.153698 24.450828 3.387509 -0.017463 0.009174 0.097376 0.995052
1706079902.501695 152.266635 24.471417 3.380478 -0.018004 0.009598 0.097888 0.994988
1706079902.605165 152.378865 24.496898 3.378167 -0.019206 0.009815 0.098362 0.994917
1706079902.704128 152.500506 24.526206 3.363198 -0.018484 0.009637 0.099018 0.994867
1706079902.804842 152.624218 24.555187 3.370618 -0.018321 0.009774 0.099541 0.994817
1706079902.904676 152.743472 24.585625 3.343768 -0.018196 0.009962 0.100085 0.994763
1706079903.003779 152.861795 24.619400 3.354169 -0.018223 0.010342 0.100665 0.994700
1706079903.104741 152.983836 24.656484 3.383236 -0.018702 0.010390 0.101213 0.994635
1706079903.201986 153.095775 24.684437 3.366895 -0.019736 0.009821 0.101654 0.994576
1706079903.301075 153.204384 24.711625 3.372935 -0.017905 0.010221 0.102288 0.994541
1706079903.399751 153.322175 24.754839 3.378271 -0.016907 0.010731 0.102749 0.994506
1706079903.505275 153.440707 24.784907 3.384451 -0.017017 0.010527 0.103308 0.994448
1706079903.597865 153.542531 24.818097 3.400271 -0.016970 0.010453 0.103797 0.994399
1706079903.702713 153.670916 24.845501 3.436426 -0.016056 0.010766 0.104416 0.994346
1706079903.801406 153.783352 24.870449 3.451135 -0.015563 0.011113 0.105032 0.994285
1706079903.905010 153.905146 24.901737 3.476856 -0.015721 0.011200 0.105555 0.994226
1706079904.003768 154.021056 24.930937 3.495161 -0.014803 0.011065 0.106051 0.994189
1706079904.104776 154.130995 24.972651 3.485244 -0.014549 0.010906 0.106494 0.994147
1706079904.204838 154.239210 25.005591 3.470930 -0.015456 0.011275 0.106841 0.994092
1706079904.303783 154.370892 25.044692 3.489734 -0.014969 0.011376 0.107296 0.994049
1706079904.403210 154.501228 25.092337 3.479637 -0.015125 0.012421 0.107637 0.993998
1706079904.502146 154.622502 25.128141 3.462899 -0.015669 0.012257 0.107964 0.993956
1706079904.601658 154.721770 25.163664 3.457799 -0.015808 0.012144 0.108530 0.993893
1706079904.700028 154.830802 25.181274 3.445884 -0.016995 0.011703 0.109060 0.993821
1706079904.805137 154.953209 25.216820 3.435354 -0.017261 0.011534 0.109415 0.993779
1706079904.903833 155.068687 25.258626 3.426743 -0.018256 0.011335 0.109752 0.993727
1706079904.997120 155.173327 25.291738 3.465633 -0.017722 0.012061 0.110103 0.993689
1706079905.101071 155.299087 25.333887 3.476507 -0.017088 0.011404 0.110597 0.993653
1706079905.204720 155.419437 25.371190 3.514424 -0.017196 0.011768 0.110894 0.993614
1706079905.303754 155.531541 25.394157 3.486912 -0.016169 0.010991 0.111271 0.993598
1706079905.405085 155.651884 25.426996 3.473829 -0.016697 0.011212 0.111336 0.993579
1706079905.504874 155.773140 25.458846 3.455804 -0.017014 0.010671 0.111409 0.993572
1706079905.604294 155.890317 25.488228 3.456285 -0.016439 0.010982 0.111635 0.993553
1706079905.702989 156.006344 25.523540 3.460507 -0.015210 0.011082 0.111802 0.993552
1706079905.802722 156.127030 25.565489 3.446810 -0.015788 0.011165 0.111731 0.993550
1706079905.891324 156.225681 25.588013 3.433679 -0.016183 0.011091 0.111920 0.993523
1706079905.993914 156.341155 25.619486 3.415849 -0.015295 0.011399 0.111969 0.993529
1706079906.098750 156.468992 25.664752 3.411555 -0.014576 0.011315 0.112115 0.993524
1706079906.198191 156.595850 25.705654 3.404105 -0.013913 0.011542 0.112174 0.993524
1706079906.302158 156.719790 25.731971 3.420124 -0.014709 0.012083 0.112154 0.993509
1706079906.400610 156.852700 25.764891 3.406191 -0.014372 0.011852 0.112046 0.993528
1706079906.504787 156.965019 25.800452 3.411338 -0.014404 0.011863 0.111934 0.993540
1706079906.603009 157.081934 25.832691 3.424103 -0.013629 0.012031 0.112064 0.993535
1706079906.705429 157.201711 25.868089 3.440172 -0.013868 0.012003 0.111819 0.993559
1706079906.805267 157.309849 25.897363 3.467823 -0.013746 0.011669 0.111828 0.993564
1706079906.903819 157.430599 25.934923 3.476115 -0.012857 0.011573 0.111656 0.993596
1706079907.003751 157.551691 25.964710 3.457114 -0.013788 0.011903 0.111430 0.993605
1706079907.092378 157.636715 26.001234 3.436114 -0.014937 0.011381 0.111264 0.993613
1706079907.194942 157.755195 26.037638 3.442856 -0.014637 0.011475 0.111089 0.993636
1706079907.305074 157.882689 26.075416 3.455658 -0.015685 0.011577 0.110945 0.993635
1706079907.403695 158.013922 26.105707 3.439664 -0.016223 0.011028 0.110764 0.993653
1706079907.503174 158.158665 26.134414 3.431345 -0.016351 0.011086 0.110625 0.993666
1706079907.601675 158.276263 26.167875 3.426996 -0.016995 0.011369 0.110305 0.993687
1706079907.705330 158.392068 26.209344 3.442973 -0.017463 0.011848 0.109932 0.993715
1706079907.804460 158.507080 26.249704 3.440675 -0.017642 0.011655 0.109668 0.993743
1706079907.903350 158.615628 26.285842 3.478286 -0.017632 0.011775 0.109327 0.993780
1706079908.001722 158.733513 26.319750 3.485875 -0.018280 0.011487 0.109159 0.993790
1706079908.104820 158.848765 26.349935 3.492513 -0.019194 0.011148 0.108790 0.993817
1706079908.199232 158.960141 26.379647 3.491540 -0.018031 0.010920 0.108640 0.993858
1706079908.293483 159.075585 26.396646 3.483520 -0.019053 0.010790 0.108298 0.993877
1706079908.392323 159.186371 26.420431 3.487721 -0.017793 0.011210 0.108012 0.993927
1706079908.501600 159.322920 26.466689 3.475071 -0.016443 0.010887 0.107709 0.993987
1706079908.600653 159.445930 26.499864 3.457258 -0.016568 0.010731 0.107346 0.994026
1706079908.704194 159.575613 26.544494 3.452909 -0.015873 0.010712 0.106875 0.994088
1706079908.802691 159.699221 26.573813 3.442988 -0.014765 0.010922 0.106532 0.994140
1706079908.901286 159.814432 26.609832 3.423424 -0.015361 0.010574 0.106114 0.994179
1706079908.997034 159.927165 26.642294 3.405879 -0.013752 0.011161 0.105807 0.994229
1706079909.103759 160.040454 26.686414 3.387654 -0.014379 0.010862 0.105208 0.994287
1706079909.202628 160.149979 26.712071 3.367084 -0.014841 0.010287 0.104894 0.994319
1706079909.301440 160.267497 26.742121 3.382481 -0.013913 0.010967 0.104641 0.994352
1706079909.393906 160.373137 26.767585 3.384234 -0.015050 0.010333 0.104134 0.994396
1706079909.498531 160.494065 26.796262 3.375847 -0.015167 0.010448 0.103771 0.994431
1706079909.603523 160.632292 26.824792 3.368879 -0.016137 0.010058 0.103396 0.994458
1706079909.702602 160.755197 26.855207 3.384299 -0.015694 0.010131 0.103049 0.994501
1706079909.801766 160.867999 26.892987 3.391486 -0.016434 0.009791 0.102656 0.994533
1706079909.904929 160.989332 26.920272 3.413285 -0.017500 0.010628 0.102301 0.994543
1706079910.003542 161.114285 26.950900 3.413347 -0.017715 0.010074 0.102031 0.994572
1706079910.102361 161.236037 26.984966 3.418267 -0.017707 0.009902 0.101717 0.994606
1706079910.198175 161.342874 27.021254 3.420131 -0.018144 0.009532 0.101431 0.994631
1706079910.305137 161.481427 27.054394 3.429951 -0.017994 0.009674 0.101218 0.994654
1706079910.403758 161.583324 27.092910 3.426016 -0.018327 0.009680 0.100865 0.994684
1706079910.502351 161.694434 27.133674 3.447910 -0.017978 0.009868 0.100747 0.994701
1706079910.600815 161.814862 27.169429 3.455087 -0.019237 0.010120 0.100498 0.994700
1706079910.699383 161.942992 27.183560 3.453330 -0.019087 0.009963 0.100108 0.994744
1706079910.804532 162.075066 27.224144 3.483855 -0.018810 0.010166 0.099846 0.994773
1706079910.903624 162.181668 27.262411 3.490333 -0.018018 0.010573 0.099537 0.994814
1706079911.002777 162.304383 27.288480 3.478223 -0.017843 0.010340 0.099183 0.994855
1706079911.101915 162.416105 27.319909 3.499521 -0.018386 0.010695 0.098775 0.994882
1706079911.204955 162.549869 27.345024 3.462553 -0.016830 0.009708 0.098535 0.994944
1706079911.303452 162.659841 27.374747 3.432355 -0.018433 0.010024 0.098132 0.994952
1706079911.399243 162.769677 27.401691 3.415063 -0.017403 0.010395 0.097849 0.994995
1706079911.498357 162.880872 27.428386 3.437342 -0.017045 0.010423 0.097539 0.995031
1706079911.597359 162.996481 27.468887 3.459755 -0.017005 0.010408 0.097113 0.995074
1706079911.703182 163.116152 27.502368 3.475152 -0.017321 0.010199 0.096829 0.995098
1706079911.802110 163.236977 27.526128 3.484336 -0.016911 0.010104 0.096544 0.995134
1706079911.900675 163.362135 27.567199 3.465409 -0.017380 0.009686 0.096392 0.995145
1706079911.995580 163.474615 27.601184 3.460858 -0.017461 0.009586 0.096201 0.995163
1706079912.104635 163.605820 27.645831 3.515815 -0.017559 0.009728 0.095922 0.995186
1706079912.203812 163.734331 27.680628 3.521121 -0.016259 0.009653 0.095842 0.995217
1706079912.303059 163.857779 27.721641 3.562197 -0.016548 0.009819 0.095593 0.995235
1706079912.402225 163.977440 27.735881 3.564471 -0.017526 0.009969 0.095506 0.995225
1706079912.504307 164.093025 27.764480 3.574002 -0.017436 0.010492 0.095393 0.995232
1706079912.603129 164.204978 27.795449 3.589959 -0.017531 0.010600 0.095311 0.995237
1706079912.701555 164.319843 27.828322 3.580132 -0.017708 0.010456 0.095352 0.995231
1706079912.798964 164.438174 27.850734 3.558866 -0.017098 0.010349 0.095410 0.995237
1706079912.904227 164.567685 27.872916 3.528483 -0.017511 0.010504 0.095391 0.995230
1706079913.003154 164.686876 27.906064 3.517901 -0.016280 0.010519 0.095371 0.995253
1706079913.102342 164.806931 27.947063 3.509433 -0.016557 0.009988 0.095407 0.995250
1706079913.196641 164.925880 27.969067 3.486029 -0.015803 0.010256 0.095487 0.995252
1706079913.298923 165.048159 28.001304 3.485245 -0.015648 0.010203 0.095416 0.995262
1706079913.404855 165.174242 28.038535 3.492185 -0.015164 0.009666 0.095316 0.995285
1706079913.504015 165.289206 28.061233 3.485231 -0.015690 0.009537 0.095356 0.995274
1706079913.603269 165.413935 28.095008 3.491744 -0.014331 0.009223 0.095323 0.995300
1706079913.702385 165.553929 28.125558 3.506904 -0.014377 0.009709 0.095288 0.995299
1706079913.804154 165.660675 28.158918 3.495512 -0.015364 0.009376 0.094974 0.995317
1706079913.902593 165.768249 28.192295 3.477125 -0.015820 0.008832 0.094870 0.995325
1706079914.002154 165.879092 28.230291 3.458190 -0.015646 0.008994 0.094714 0.995341
1706079914.099978 165.999608 28.263850 3.516407 -0.015894 0.009281 0.094677 0.995338
1706079914.199417 166.117061 28.290332 3.555732 -0.016311 0.009727 0.094450 0.995348
1706079914.302838 166.229509 28.335871 3.559897 -0.016562 0.010030 0.094386 0.995347
1706079914.401476 166.354365 28.361476 3.570258 -0.016968 0.010330 0.094234 0.995352
1706079914.499951 166.478961 28.384844 3.557031 -0.016553 0.010704 0.094129 0.995365
1706079914.605105 166.610313 28.414695 3.573848 -0.017562 0.010903 0.093857 0.995371
1706079914.704945 166.722493 28.445190 3.614648 -0.017257 0.011211 0.093719 0.995386
1706079914.804360 166.844895 28.466876 3.567531 -0.017522 0.011174 0.093546 0.995398
1706079914.903505 166.957549 28.498124 3.558135 -0.017743 0.011186 0.093163 0.995430
1706079915.005229 167.085956 28.528264 3.584250 -0.016716 0.010922 0.092969 0.995469
1706079915.103674 167.201631 28.563605 3.562723 -0.018030 0.010564 0.092760 0.995469
1706079915.201443 167.325635 28.597510 3.566454 -0.017868 0.010430 0.092483 0.995499
1706079915.300522 167.438126 28.628031 3.553977 -0.017856 0.010285 0.092219 0.995525
1706079915.404950 167.564034 28.653744 3.518421 -0.017675 0.010095 0.092007 0.995550
1706079915.503706 167.689162 28.681352 3.485136 -0.017713 0.009560 0.091790 0.995575
1706079915.602403 167.792220 28.710224 3.488502 -0.018196 0.009563 0.091527 0.995590
1706079915.701097 167.915943 28.739279 3.499784 -0.018543 0.009811 0.091231 0.995609
1706079915.799608 168.035775 28.774385 3.539011 -0.017864 0.010338 0.090954 0.995641
1706079915.904852 168.166757 28.812385 3.543860 -0.018432 0.010320 0.090759 0.995649
1706079916.004802 168.294027 28.834894 3.545830 -0.017997 0.009828 0.090606 0.995676
1706079916.104604 168.405673 28.867303 3.537242 -0.018810 0.009565 0.090274 0.995693
1706079916.203720 168.531387 28.897097 3.494356 -0.019509 0.009297 0.090062 0.995702
1706079916.304711 168.647263 28.920496 3.473631 -0.018498 0.009731 0.089964 0.995726
1706079916.402509 168.766219 28.951744 3.458297 -0.018228 0.008783 0.089736 0.995760
1706079916.501907 168.885576 28.977001 3.478728 -0.019107 0.008942 0.089524 0.995761
1706079916.600547 169.004567 29.006373 3.507628 -0.018523 0.009231 0.089563 0.995766
1706079916.704796 169.123595 29.037976 3.480718 -0.018295 0.008442 0.089398 0.995792
1706079916.803427 169.259182 29.059161 3.473522 -0.017780 0.008295 0.089554 0.995789
1706079916.901988 169.380663 29.066509 3.509634 -0.017115 0.008954 0.089623 0.995788
1706079917.000690 169.492576 29.111123 3.494217 -0.016663 0.008508 0.089370 0.995823
1706079917.097272 169.605881 29.145968 3.510602 -0.016805 0.009146 0.089227 0.995828
1706079917.205249 169.736592 29.187791 3.545104 -0.015448 0.009097 0.089123 0.995859
1706079917.305110 169.849273 29.218994 3.529268 -0.015643 0.009084 0.089067 0.995861
1706079917.404747 169.961566 29.252368 3.499412 -0.015947 0.008784 0.088845 0.995879
1706079917.504312 170.083454 29.284330 3.487871 -0.015631 0.009312 0.088830 0.995881
1706079917.604405 170.191288 29.312926 3.490449 -0.016448 0.009224 0.088827 0.995869
1706079917.703164 170.322889 29.339365 3.509902 -0.016114 0.009523 0.088739 0.995879
1706079917.802757 170.436853 29.359170 3.509483 -0.015335 0.009179 0.088663 0.995901
1706079917.902121 170.556204 29.381242 3.534673 -0.015823 0.009270 0.088547 0.995903
1706079918.004298 170.676814 29.407300 3.531260 -0.016186 0.009592 0.088529 0.995896
1706079918.103050 170.789613 29.441111 3.527100 -0.015716 0.009818 0.088525 0.995902
1706079918.201838 170.908150 29.469503 3.534308 -0.016527 0.009617 0.088505 0.995892
1706079918.300475 171.025366 29.502566 3.535500 -0.016086 0.009317 0.088519 0.995901
1706079918.398881 171.147525 29.543372 3.528017 -0.016275 0.009567 0.088337 0.995912
1706079918.504251 171.263150 29.566972 3.530796 -0.016999 0.009765 0.088454 0.995887
1706079918.605439 171.383434 29.602517 3.580854 -0.016503 0.010009 0.088538 0.995886
1706079918.704926 171.492937 29.625039 3.580657 -0.016199 0.010380 0.088519 0.995889
1706079918.804593 171.621129 29.652987 3.593409 -0.016118 0.010498 0.088589 0.995883
1706079918.903676 171.745644 29.691493 3.594267 -0.016516 0.010234 0.088519 0.995885
1706079919.003799 171.870552 29.723807 3.629751 -0.016145 0.010226 0.088526 0.995891
1706079919.103182 172.000854 29.753657 3.638749 -0.014991 0.010456 0.088716 0.995889
1706079919.202145 172.120081 29.778542 3.624546 -0.015141 0.009867 0.088739 0.995891
1706079919.304162 172.240882 29.810481 3.619177 -0.014537 0.009843 0.088616 0.995911
1706079919.402761 172.357113 29.827126 3.605688 -0.015364 0.009615 0.088734 0.995890
1706079919.501522 172.468395 29.860748 3.614211 -0.013636 0.009969 0.088667 0.995918
1706079919.600175 172.579839 29.887736 3.610311 -0.012446 0.009550 0.088739 0.995931
1706079919.697836 172.705303 29.911912 3.603552 -0.012399 0.009309 0.088741 0.995934
1706079919.803695 172.835121 29.948012 3.594132 -0.012204 0.009433 0.088647 0.995944
1706079919.902234 172.957649 29.971393 3.556490 -0.011750 0.009463 0.088739 0.995941
1706079920.004777 173.097272 29.996340 3.564666 -0.011643 0.009483 0.088711 0.995944
1706079920.105219 173.217708 30.019829 3.583305 -0.011103 0.009771 0.088615 0.995956
1706079920.204833 173.337501 30.035894 3.610702 -0.010905 0.009865 0.088567 0.995962
1706079920.304238 173.455948 30.071601 3.610943 -0.010761 0.010346 0.088409 0.995972
1706079920.403216 173.574267 30.100807 3.616731 -0.010326 0.010169 0.088331 0.995986
1706079920.504933 173.694928 30.138675 3.625430 -0.009755 0.010499 0.088204 0.995999
1706079920.603774 173.804110 30.159918 3.615013 -0.010621 0.010558 0.088075 0.996001
1706079920.702308 173.920053 30.186079 3.644954 -0.009775 0.010147 0.087976 0.996023
1706079920.801194 174.037231 30.219137 3.621025 -0.009761 0.009768 0.087768 0.996045
1706079920.898923 174.156330 30.241378 3.624964 -0.010019 0.009869 0.087830 0.996036
1706079921.004673 174.276125 30.273150 3.610161 -0.010591 0.010218 0.087486 0.996057
1706079921.103311 174.399765 30.306500 3.606174 -0.011288 0.010103 0.087269 0.996070
1706079921.205269 174.522722 30.338567 3.639016 -0.011097 0.009883 0.087323 0.996069
1706079921.305135 174.669188 30.366675 3.664154 -0.010907 0.010221 0.087236 0.996075
1706079921.404402 174.789729 30.397937 3.647043 -0.010777 0.010251 0.087363 0.996065
1706079921.504822 174.904183 30.432333 3.665530 -0.010555 0.010461 0.087278 0.996073
1706079921.604300 175.023956 30.455098 3.644127 -0.011283 0.010486 0.087443 0.996050
1706079921.703339 175.151284 30.464676 3.603043 -0.011699 0.010367 0.087584 0.996034
1706079921.802473 175.264265 30.492249 3.605316 -0.010963 0.010284 0.087724 0.996031
1706079921.903567 175.386538 30.537816 3.662315 -0.011168 0.010826 0.087869 0.996011
1706079922.001983 175.510053 30.572636 3.671830 -0.011713 0.010550 0.087877 0.996007
1706079922.099342 175.629724 30.601752 3.656427 -0.012229 0.010604 0.087934 0.995995
1706079922.198611 175.750649 30.630130 3.630711 -0.011922 0.010544 0.088103 0.995984
1706079922.304167 175.873606 30.662876 3.658862 -0.011093 0.010192 0.087987 0.996008
1706079922.397109 175.979196 30.685672 3.667670 -0.012822 0.010415 0.088161 0.995969
1706079922.501622 176.100718 30.713003 3.683992 -0.012283 0.010826 0.088330 0.995957
1706079922.605413 176.225701 30.740970 3.664485 -0.011413 0.010071 0.088512 0.995959
1706079922.704031 176.374622 30.758302 3.644265 -0.012535 0.009548 0.088705 0.995933
1706079922.805105 176.487192 30.789937 3.623264 -0.011477 0.010088 0.089154 0.995901
1706079922.904396 176.596273 30.831276 3.672381 -0.010189 0.010640 0.089600 0.995869
1706079923.003580 176.707390 30.865709 3.660704 -0.010814 0.010127 0.090048 0.995827
1706079923.104642 176.836371 30.901385 3.670127 -0.009797 0.010470 0.090245 0.995816
1706079923.203279 176.958236 30.931124 3.683720 -0.008631 0.010437 0.090342 0.995819
1706079923.300518 177.081056 30.957639 3.681685 -0.008988 0.010648 0.090039 0.995841
1706079923.399658 177.215433 30.976692 3.626062 -0.008448 0.010713 0.090084 0.995841
1706079923.499100 177.342450 31.006682 3.619649 -0.008804 0.010411 0.090036 0.995845
1706079923.603808 177.474822 31.047947 3.661477 -0.008753 0.010116 0.090300 0.995825
1706079923.702454 177.590016 31.079604 3.627277 -0.008870 0.009986 0.090350 0.995820
1706079923.801220 177.700382 31.095501 3.603444 -0.009428 0.009497 0.090507 0.995806
1706079923.904941 177.827028 31.115854 3.559649 -0.009704 0.009235 0.090682 0.995790
1706079924.003740 177.945065 31.150550 3.546319 -0.009945 0.009555 0.090730 0.995780
1706079924.105416 178.071346 31.175880 3.525558 -0.011019 0.009639 0.090972 0.995746
1706079924.204975 178.193425 31.204382 3.540076 -0.011285 0.009924 0.091195 0.995720
1706079924.303995 178.314078 31.238187 3.559305 -0.011506 0.009761 0.091507 0.995690
1706079924.403080 178.440284 31.260517 3.570321 -0.012664 0.009585 0.091766 0.995654
1706079924.501655 178.562928 31.308177 3.580859 -0.011949 0.009474 0.091864 0.995655
1706079924.601515 178.685957 31.334239 3.573578 -0.012578 0.010208 0.092240 0.995605
1706079924.700590 178.801780 31.367431 3.590883 -0.012198 0.010186 0.092457 0.995590
1706079924.804945 178.925110 31.402941 3.598356 -0.012337 0.010099 0.092767 0.995560
1706079924.903511 179.041624 31.434702 3.608356 -0.011857 0.010438 0.093050 0.995536
1706079925.002113 179.162708 31.466397 3.609317 -0.012438 0.010865 0.093202 0.995510
1706079925.100841 179.274649 31.490784 3.608312 -0.012619 0.010989 0.093472 0.995481
1706079925.204785 179.408524 31.530985 3.662906 -0.010185 0.011413 0.093806 0.995473
1706079925.303421 179.525623 31.551245 3.668950 -0.011625 0.011825 0.093879 0.995446
1706079925.402078 179.655003 31.596936 3.645502 -0.011001 0.011136 0.093959 0.995453
1706079925.504797 179.771728 31.628440 3.644625 -0.010806 0.011395 0.094262 0.995424
1706079925.604148 179.898225 31.655517 3.656982 -0.011445 0.011482 0.094520 0.995391
1706079925.702836 180.019472 31.673944 3.659005 -0.011461 0.011248 0.094591 0.995387
1706079925.796841 180.138525 31.697025 3.639692 -0.011624 0.010997 0.094837 0.995364
1706079925.895354 180.260843 31.728534 3.719845 -0.011914 0.011080 0.094871 0.995357
1706079925.999749 180.375568 31.773573 3.747698 -0.011481 0.011100 0.094882 0.995360
1706079926.104714 180.499709 31.811079 3.765737 -0.011498 0.011156 0.095011 0.995347
1706079926.203418 180.624047 31.839230 3.768173 -0.011456 0.011208 0.095170 0.995332
1706079926.301850 180.746911 31.875562 3.769247 -0.009835 0.011237 0.095230 0.995343
1706079926.400662 180.877034 31.896148 3.766371 -0.011883 0.011202 0.095379 0.995307
1706079926.504483 180.999106 31.924054 3.757033 -0.010835 0.010879 0.095615 0.995300
1706079926.603326 181.113517 31.948418 3.762385 -0.010793 0.010938 0.096045 0.995258
1706079926.701609 181.241086 31.983415 3.738809 -0.011255 0.010533 0.096049 0.995257
1706079926.805037 181.365896 32.021712 3.746954 -0.011436 0.010527 0.096073 0.995253
1706079926.904986 181.486747 32.065726 3.785338 -0.010936 0.011218 0.096177 0.995241
1706079926.997739 181.604738 32.085979 3.775974 -0.011197 0.010753 0.096392 0.995222
1706079927.102253 181.735279 32.116990 3.752475 -0.011464 0.010535 0.096621 0.995199
1706079927.201299 181.844387 32.149924 3.758788 -0.011462 0.011030 0.096621 0.995194
1706079927.300463 181.967390 32.176293 3.767966 -0.012456 0.011349 0.096809 0.995160
1706079927.404384 182.097618 32.208334 3.776638 -0.011157 0.011605 0.096914 0.995163
1706079927.502821 182.214097 32.238397 3.758803 -0.011444 0.010950 0.096969 0.995161
1706079927.601672 182.339936 32.265088 3.720684 -0.012530 0.011498 0.096924 0.995147
1706079927.700179 182.479831 32.287580 3.701847 -0.011443 0.011042 0.096949 0.995162
1706079927.803987 182.593823 32.317716 3.666010 -0.011625 0.010930 0.096826 0.995173
1706079927.902971 182.728174 32.350880 3.670343 -0.011638 0.010901 0.096861 0.995170
1706079928.001474 182.844848 32.377422 3.661608 -0.012063 0.011042 0.096845 0.995165
1706079928.104873 182.959779 32.418305 3.650746 -0.012409 0.010656 0.096733 0.995176
1706079928.198780 183.071995 32.449823 3.642041 -0.011194 0.010800 0.096801 0.995182
1706079928.303299 183.201372 32.478719 3.657770 -0.011873 0.010757 0.096670 0.995188
1706079928.402845 183.317556 32.515530 3.668597 -0.012058 0.010431 0.096590 0.995197
1706079928.501515 183.443376 32.547034 3.674331 -0.011839 0.010897 0.096495 0.995203
1706079928.605407 183.567902 32.585333 3.662969 -0.012601 0.010447 0.096349 0.995213
1706079928.703853 183.687557 32.612264 3.661401 -0.012058 0.010123 0.096473 0.995211
1706079928.802702 183.825278 32.641814 3.684924 -0.012061 0.011102 0.096517 0.995196
1706079928.901212 183.965150 32.654471 3.673014 -0.011988 0.010890 0.096524 0.995199
1706079928.999882 184.079265 32.694295 3.667344 -0.011939 0.010752 0.096339 0.995219
1706079929.103840 184.208019 32.726038 3.683633 -0.011802 0.011038 0.096212 0.995230
1706079929.202447 184.328607 32.756129 3.657601 -0.011862 0.011189 0.096287 0.995220
1706079929.301144 184.441840 32.792556 3.652902 -0.011889 0.011059 0.096106 0.995239
1706079929.399806 184.557358 32.826328 3.639511 -0.011323 0.011109 0.096013 0.995254
1706079929.498441 184.675403 32.852376 3.613576 -0.011265 0.010939 0.095977 0.995260
1706079929.603373 184.803370 32.886447 3.626573 -0.010804 0.010860 0.095950 0.995268
1706079929.702537 184.928521 32.913102 3.646139 -0.010606 0.010828 0.095894 0.995276
1706079929.801879 185.044489 32.933544 3.627253 -0.012516 0.010481 0.095803 0.995266
1706079929.904896 185.168350 32.969208 3.628624 -0.010933 0.010798 0.095700 0.995292
1706079930.003776 185.290731 32.995365 3.670047 -0.011072 0.010320 0.095604 0.995304
1706079930.099137 185.407485 33.026561 3.687211 -0.010594 0.009603 0.095553 0.995322
1706079930.200868 185.538200 33.054031 3.676386 -0.010441 0.010097 0.095506 0.995323
1706079930.304732 185.677668 33.090558 3.677404 -0.011672 0.009809 0.095230 0.995339
1706079930.403492 185.800276 33.122655 3.625638 -0.010396 0.010200 0.095364 0.995336
1706079930.502205 185.930888 33.143251 3.639111 -0.010939 0.010165 0.095209 0.995345
1706079930.600840 186.059367 33.172246 3.626793 -0.010660 0.010054 0.095056 0.995364
1706079930.699478 186.170096 33.197650 3.636866 -0.010620 0.010019 0.095021 0.995368
1706079930.804937 186.296714 33.232101 3.646463 -0.010235 0.010159 0.094877 0.995385
1706079930.903594 186.422021 33.255604 3.668314 -0.010991 0.010213 0.094802 0.995383
1706079931.002910 186.546399 33.283643 3.663694 -0.009513 0.010801 0.094704 0.995401
1706079931.101901 186.658460 33.314150 3.657818 -0.011719 0.010067 0.094448 0.995410
1706079931.204803 186.780909 33.338489 3.653947 -0.011933 0.010265 0.094381 0.995412
1706079931.303284 186.900444 33.364330 3.676863 -0.011768 0.010351 0.094379 0.995413
1706079931.401936 187.014740 33.394903 3.716217 -0.012373 0.010496 0.094306 0.995411
1706079931.498700 187.138984 33.424933 3.716480 -0.011814 0.010370 0.094497 0.995401
1706079931.604563 187.279005 33.451938 3.723681 -0.011538 0.010554 0.094490 0.995403
1706079931.703203 187.392626 33.482791 3.749056 -0.011536 0.010791 0.094430 0.995406
1706079931.801871 187.497422 33.507438 3.708909 -0.011630 0.010316 0.094594 0.995395
1706079931.900272 187.623385 33.543296 3.708191 -0.012416 0.010227 0.094467 0.995398
1706079931.995760 187.736127 33.579402 3.724972 -0.011756 0.010702 0.094508 0.995397
1706079932.104620 187.864975 33.616053 3.723736 -0.010563 0.011038 0.094611 0.995397
1706079932.203999 187.996199 33.646160 3.732621 -0.011730 0.011119 0.094641 0.995380
1706079932.302976 188.123749 33.673342 3.735427 -0.010668 0.011025 0.094800 0.995378
1706079932.402173 188.252857 33.699366 3.754125 -0.010597 0.011107 0.094726 0.995385
1706079932.504328 188.376032 33.727381 3.790203 -0.011136 0.011624 0.094678 0.995378
1706079932.602953 188.502766 33.765437 3.779779 -0.010791 0.011439 0.094763 0.995376
1706079932.699862 188.603355 33.796389 3.770079 -0.010843 0.011400 0.094913 0.995361
1706079932.799594 188.720771 33.824516 3.762114 -0.012177 0.011115 0.094967 0.995344
1706079932.904084 188.844174 33.856887 3.780173 -0.011242 0.010628 0.095250 0.995333
1706079933.002923 188.982097 33.879673 3.798723 -0.011734 0.010980 0.095558 0.995294
1706079933.101547 189.110560 33.909728 3.769520 -0.011696 0.010576 0.095877 0.995268
1706079933.200138 189.230017 33.939229 3.758465 -0.011317 0.010642 0.096212 0.995240
1706079933.298586 189.350972 33.984531 3.770060 -0.010867 0.010751 0.096436 0.995222
1706079933.405084 189.473134 34.013295 3.737029 -0.010698 0.010849 0.096617 0.995205
1706079933.504126 189.588015 34.055699 3.792647 -0.010695 0.010595 0.096734 0.995196
1706079933.603396 189.704977 34.076620 3.774491 -0.011654 0.010716 0.096859 0.995172
1706079933.702462 189.820111 34.108673 3.789792 -0.010988 0.010688 0.097124 0.995154
1706079933.801429 189.947659 34.141434 3.792491 -0.011230 0.011253 0.097348 0.995123
1706079933.900994 190.076881 34.155259 3.758244 -0.011490 0.011008 0.097496 0.995109
1706079934.000113 190.189053 34.187087 3.757849 -0.010744 0.010486 0.097756 0.995097
1706079934.099264 190.309648 34.218923 3.773736 -0.010653 0.010889 0.097930 0.995077
1706079934.203971 190.430432 34.245923 3.788175 -0.010668 0.010637 0.098157 0.995057
1706079934.302534 190.542417 34.271469 3.759960 -0.011444 0.010493 0.098132 0.995052
1706079934.401205 190.646774 34.308400 3.767545 -0.010827 0.010467 0.098283 0.995045
1706079934.496888 190.761310 34.334273 3.703600 -0.010300 0.010295 0.098449 0.995036
1706079934.604995 190.897902 34.365241 3.718297 -0.011382 0.010393 0.098580 0.995010
1706079934.704822 191.026599 34.398387 3.698729 -0.011663 0.010403 0.098613 0.995003
1706079934.804370 191.138125 34.432283 3.762929 -0.011157 0.010752 0.098855 0.994981
1706079934.903443 191.259859 34.468457 3.758247 -0.011072 0.011198 0.098993 0.994964
1706079935.002511 191.382372 34.491510 3.719943 -0.011642 0.010981 0.099212 0.994938
1706079935.102469 191.502972 34.520329 3.778234 -0.011642 0.011195 0.099359 0.994921
1706079935.201124 191.627258 34.559820 3.790045 -0.011439 0.011476 0.099527 0.994903
1706079935.300286 191.750178 34.587277 3.782272 -0.011040 0.011505 0.099636 0.994896
1706079935.404843 191.875617 34.616938 3.814045 -0.011291 0.011919 0.099797 0.994872
1706079935.503603 191.988473 34.652090 3.818569 -0.011890 0.011248 0.099774 0.994876
1706079935.602093 192.098881 34.677685 3.772725 -0.011833 0.011175 0.099794 0.994875
1706079935.697980 192.214436 34.699463 3.783745 -0.011511 0.011985 0.099986 0.994850
1706079935.799460 192.336689 34.726363 3.791618 -0.011179 0.011493 0.100113 0.994847
1706079935.905304 192.468942 34.762453 3.778191 -0.011676 0.010777 0.100241 0.994836
1706079936.005161 192.608817 34.780956 3.751379 -0.011922 0.011185 0.100261 0.994827
1706079936.104669 192.726916 34.811216 3.770081 -0.011939 0.010857 0.100341 0.994822
1706079936.204243 192.851295 34.834014 3.769828 -0.011656 0.011094 0.100300 0.994827
1706079936.303515 192.962036 34.876929 3.752566 -0.011549 0.010605 0.100078 0.994856
1706079936.402157 193.082463 34.914117 3.757962 -0.011606 0.010709 0.099993 0.994863
1706079936.500837 193.195664 34.939074 3.713995 -0.012118 0.010091 0.099907 0.994872
1706079936.601689 193.309259 34.976628 3.735744 -0.011500 0.010519 0.099767 0.994889
1706079936.704654 193.434837 35.013676 3.849324 -0.012331 0.011846 0.099687 0.994872
1706079936.803141 193.555253 35.053938 3.917622 -0.011421 0.011535 0.099836 0.994871
1706079936.899109 193.655442 35.077406 3.874722 -0.011317 0.011477 0.099818 0.994875
1706079936.998433 193.780774 35.100296 3.861496 -0.011318 0.011123 0.099958 0.994865
1706079937.105422 193.913616 35.130018 3.837195 -0.011378 0.011338 0.099971 0.994861
1706079937.204484 194.030530 35.156668 3.802550 -0.011227 0.010469 0.100183 0.994851
1706079937.305115 194.168292 35.184069 3.757845 -0.010184 0.010601 0.100486 0.994830
1706079937.404681 194.295199 35.223144 3.730446 -0.009008 0.010469 0.100553 0.994836
1706079937.504548 194.414986 35.258488 3.758046 -0.010396 0.010849 0.100660 0.994807
1706079937.603182 194.538185 35.282950 3.764881 -0.009966 0.010494 0.101037 0.994777
1706079937.701913 194.644699 35.302357 3.760848 -0.009650 0.010773 0.101250 0.994756
1706079937.802742 194.761698 35.322796 3.795294 -0.010073 0.011103 0.101284 0.994745
1706079937.902213 194.869412 35.352375 3.776186 -0.009770 0.010829 0.101555 0.994723
1706079938.004103 194.984475 35.381917 3.770523 -0.008699 0.011242 0.101867 0.994697
1706079938.100212 195.085899 35.416120 3.797217 -0.010377 0.011348 0.101852 0.994681
1706079938.201543 195.201976 35.438740 3.805601 -0.010312 0.012312 0.102015 0.994653
1706079938.298527 195.317430 35.466624 3.804728 -0.010447 0.011719 0.102205 0.994639
1706079938.397283 195.434723 35.501665 3.815086 -0.009755 0.012291 0.102368 0.994623
1706079938.504048 195.565622 35.540659 3.815591 -0.010425 0.011575 0.102608 0.994600
1706079938.605480 195.691351 35.585966 3.816386 -0.009764 0.011676 0.102828 0.994583
1706079938.705056 195.812059 35.618491 3.845330 -0.010506 0.011619 0.103006 0.994557
1706079938.804176 195.937508 35.655995 3.815311 -0.010619 0.011244 0.103142 0.994546
1706079938.904773 196.064989 35.683612 3.845832 -0.010068 0.011474 0.103638 0.994498
1706079939.003749 196.183435 35.711639 3.793577 -0.009980 0.011428 0.103883 0.994474
1706079939.103282 196.302980 35.730862 3.813313 -0.010147 0.011481 0.104179 0.994441
1706079939.202232 196.432226 35.765717 3.820179 -0.009583 0.011719 0.104468 0.994413
1706079939.301272 196.539819 35.798885 3.845185 -0.009923 0.012130 0.104620 0.994389
1706079939.400602 196.646469 35.828957 3.890103 -0.010235 0.012768 0.104880 0.994350
1706079939.499610 196.764021 35.861282 3.904153 -0.010858 0.012207 0.105153 0.994322
1706079939.598601 196.876523 35.895598 3.894052 -0.010937 0.012029 0.105586 0.994277
1706079939.704988 197.000290 35.934122 3.912574 -0.010559 0.012382 0.105865 0.994247
1706079939.803358 197.103922 35.972299 3.901714 -0.010822 0.011889 0.106037 0.994232
1706079939.902100 197.234290 36.001432 3.924580 -0.011420 0.011944 0.106490 0.994176
1706079940.004852 197.359897 36.028951 3.907628 -0.011346 0.011897 0.106793 0.994145
1706079940.104084 197.481246 36.066199 3.893031 -0.011630 0.011647 0.107027 0.994120
1706079940.204928 197.616495 36.092719 3.887409 -0.011793 0.011594 0.107308 0.994088
1706079940.304468 197.745133 36.126916 3.909967 -0.011481 0.011724 0.107545 0.994065
1706079940.403263 197.862072 36.152912 3.963272 -0.011519 0.011847 0.107700 0.994046
1706079940.502444 197.970310 36.185009 3.998537 -0.011511 0.012548 0.107997 0.994005
1706079940.601662 198.082870 36.214942 4.009683 -0.011249 0.012236 0.108241 0.993986
1706079940.700690 198.198246 36.249133 4.015530 -0.011254 0.011963 0.108355 0.993977
1706079940.799711 198.311706 36.272819 3.979102 -0.010296 0.012001 0.108711 0.993948
1706079940.898365 198.419341 36.308280 3.958791 -0.010283 0.012374 0.108943 0.993918
1706079941.004531 198.549775 36.339349 3.924199 -0.011317 0.012316 0.109145 0.993885
1706079941.103190 198.668539 36.377572 3.901115 -0.010208 0.011845 0.109452 0.993869
1706079941.205296 198.798867 36.413213 3.883308 -0.010672 0.012070 0.109697 0.993835
1706079941.305145 198.935636 36.434932 3.921609 -0.010269 0.012410 0.109964 0.993805
1706079941.404029 199.054428 36.474437 3.927082 -0.010220 0.011975 0.110051 0.993801
1706079941.504818 199.156275 36.508488 3.918704 -0.010934 0.012593 0.110253 0.993764
1706079941.604455 199.284204 36.532361 3.863290 -0.010987 0.012520 0.110593 0.993726
1706079941.703735 199.391175 36.563864 3.836938 -0.011260 0.012277 0.110898 0.993692
1706079941.802676 199.507375 36.602008 3.811276 -0.010356 0.012446 0.111287 0.993656
1706079941.901798 199.626368 36.641390 3.804059 -0.010578 0.012323 0.111625 0.993618
1706079942.000847 199.749478 36.669166 3.801255 -0.011181 0.012004 0.111876 0.993587
1706079942.099540 199.861362 36.701479 3.784221 -0.011904 0.011907 0.112219 0.993541
1706079942.189274 199.958650 36.730674 3.775165 -0.011588 0.011468 0.112420 0.993527
1706079942.287725 200.067082 36.777128 3.838589 -0.011391 0.011871 0.112769 0.993485
1706079942.390671 200.196927 36.810753 3.793030 -0.012454 0.010791 0.113080 0.993449
1706079942.496466 200.326906 36.852498 3.774139 -0.011707 0.011451 0.113373 0.993418
1706079942.605110 200.452213 36.875735 3.753665 -0.011664 0.011405 0.113865 0.993362
1706079942.703850 200.560357 36.911575 3.792292 -0.013113 0.011633 0.114084 0.993317
1706079942.805138 200.669059 36.950424 3.826785 -0.011610 0.011761 0.114493 0.993287
1706079942.904905 200.780927 36.979867 3.812226 -0.012119 0.012210 0.114672 0.993254
1706079943.003757 200.893267 37.012836 3.878415 -0.012679 0.012764 0.114895 0.993215
1706079943.102849 201.019718 37.052328 3.830411 -0.012015 0.011986 0.115220 0.993195
1706079943.202344 201.138016 37.082765 3.722891 -0.012569 0.011472 0.115426 0.993170
1706079943.300609 201.254504 37.115397 3.720675 -0.011729 0.011765 0.115802 0.993133
1706079943.389752 201.361596 37.133937 3.740535 -0.012436 0.011349 0.116310 0.993070
1706079943.493088 201.484405 37.170193 3.736440 -0.013039 0.011668 0.116525 0.993034
1706079943.603627 201.631699 37.208559 3.699240 -0.012173 0.011242 0.117147 0.992976
1706079943.702499 201.736495 37.246013 3.749808 -0.012905 0.010977 0.117506 0.992928
1706079943.801001 201.846128 37.288051 3.754781 -0.012627 0.011652 0.117622 0.992910
1706079943.904866 201.959009 37.333774 3.768227 -0.012934 0.010707 0.117950 0.992878
1706079944.003618 202.070066 37.369542 3.793392 -0.011796 0.011147 0.118388 0.992835
1706079944.105434 202.186810 37.399231 3.849014 -0.012280 0.011762 0.118942 0.992756
1706079944.204997 202.300478 37.428093 3.835278 -0.012501 0.011693 0.119493 0.992688
1706079944.303856 202.441042 37.446430 3.830994 -0.012430 0.012133 0.120214 0.992596
1706079944.403418 202.541629 37.481680 3.819988 -0.011952 0.012644 0.120634 0.992545
1706079944.501675 202.663087 37.521286 3.801723 -0.011947 0.012004 0.121129 0.992492
1706079944.595618 202.755148 37.559471 3.823283 -0.013533 0.012035 0.121523 0.992423
1706079944.694129 202.863022 37.598329 3.844361 -0.014090 0.012301 0.121945 0.992361
1706079944.804742 202.982045 37.634705 3.846257 -0.013431 0.012769 0.122594 0.992284
1706079944.903590 203.101959 37.680935 3.843669 -0.014411 0.012472 0.123033 0.992220
1706079944.997293 203.202128 37.708546 3.822320 -0.014674 0.012221 0.123486 0.992163
1706079945.096622 203.309924 37.746136 3.798564 -0.015197 0.012591 0.123873 0.992102
1706079945.204738 203.439192 37.786276 3.793593 -0.015508 0.012536 0.124469 0.992023
1706079945.303085 203.562914 37.826570 3.822339 -0.015708 0.012271 0.125021 0.991954
1706079945.402037 203.690347 37.867439 3.805358 -0.016146 0.011987 0.125688 0.991866
1706079945.504908 203.795770 37.909575 3.862731 -0.015402 0.012639 0.126270 0.991796
1706079945.604291 203.906818 37.940557 3.850223 -0.015477 0.012513 0.126811 0.991727
1706079945.702717 204.017067 37.975078 3.855830 -0.015062 0.012374 0.127402 0.991660
1706079945.791915 204.114922 38.016344 3.850955 -0.015459 0.012162 0.127771 0.991609
1706079945.891186 204.236545 38.043490 3.826891 -0.014701 0.012554 0.128379 0.991537
1706079945.990524 204.337471 38.079986 3.795442 -0.014151 0.012101 0.128879 0.991486
1706079946.089380 204.440305 38.119374 3.772642 -0.013503 0.012270 0.129317 0.991435
1706079946.198392 204.560844 38.159108 3.777919 -0.014284 0.012983 0.129788 0.991354
1706079946.297538 204.665151 38.186396 3.809420 -0.013982 0.012776 0.130258 0.991299
1706079946.396807 204.775032 38.228928 3.822597 -0.013346 0.012540 0.130596 0.991267
1706079946.504482 204.892204 38.266252 3.767777 -0.013163 0.012588 0.130937 0.991223
1706079946.595017 204.996414 38.312662 3.788176 -0.012305 0.013162 0.131150 0.991199
1706079946.701661 205.133783 38.364769 3.768552 -0.011519 0.013042 0.131462 0.991168
1706079946.805155 205.253429 38.408689 3.800219 -0.012803 0.012954 0.131631 0.991131
1706079946.903965 205.371199 38.435937 3.794545 -0.012726 0.013071 0.132055 0.991075
1706079946.992951 205.476545 38.475958 3.830146 -0.012859 0.013239 0.132089 0.991066
1706079947.092428 205.596996 38.507800 3.820882 -0.013743 0.012555 0.132360 0.991027
1706079947.191607 205.710194 38.550195 3.842024 -0.013536 0.013026 0.132657 0.990984
1706079947.300807 205.830884 38.596622 3.833433 -0.014245 0.013075 0.132867 0.990945
1706079947.399459 205.938126 38.631024 3.823552 -0.014351 0.012968 0.133163 0.990905
1706079947.498638 206.044896 38.664698 3.838042 -0.014309 0.013327 0.133542 0.990850
1706079947.597984 206.154782 38.719886 3.827654 -0.014905 0.012790 0.133598 0.990841
1706079947.697246 206.265419 38.760551 3.831426 -0.015318 0.013002 0.133761 0.990810
1706079947.803833 206.384870 38.812222 3.840046 -0.014981 0.013180 0.133920 0.990791
1706079947.902692 206.498305 38.847248 3.837877 -0.016349 0.012872 0.133982 0.990765
1706079948.001313 206.611408 38.879377 3.751400 -0.016252 0.012810 0.134215 0.990736
1706079948.104857 206.735004 38.922859 3.777677 -0.016417 0.013733 0.134258 0.990715
1706079948.194198 206.834818 38.957604 3.776724 -0.015118 0.013128 0.134412 0.990723
1706079948.293519 206.946428 38.991103 3.757161 -0.016110 0.012824 0.134659 0.990678
1706079948.392679 207.040229 39.044608 3.803390 -0.016687 0.013013 0.134628 0.990670
1706079948.501890 207.169023 39.083746 3.799804 -0.016360 0.012890 0.134854 0.990646
1706079948.600518 207.274322 39.127583 3.822993 -0.014839 0.013386 0.135009 0.990643
1706079948.699758 207.389629 39.161068 3.861092 -0.015774 0.013431 0.135000 0.990629
1706079948.799267 207.507814 39.205486 3.854872 -0.015400 0.012914 0.134855 0.990661
1706079948.898231 207.626644 39.244257 3.853149 -0.015254 0.013442 0.134883 0.990653
1706079949.004869 207.749486 39.278555 3.870032 -0.015405 0.013773 0.134664 0.990676
1706079949.096762 207.856077 39.303143 3.908144 -0.014959 0.013919 0.134890 0.990650
1706079949.202343 207.969477 39.360783 3.908007 -0.014768 0.014073 0.134747 0.990670
1706079949.296210 208.068867 39.392511 3.922030 -0.015315 0.013265 0.134716 0.990677
1706079949.395245 208.181018 39.434314 3.940158 -0.015318 0.013346 0.134646 0.990686
1706079949.494586 208.298405 39.488455 3.933292 -0.015662 0.013513 0.134425 0.990708
1706079949.603624 208.425870 39.532614 3.928897 -0.015135 0.012693 0.134488 0.990718
1706079949.702250 208.539054 39.561035 3.921279 -0.015932 0.013017 0.134355 0.990720
1706079949.801657 208.651176 39.604507 3.910360 -0.013701 0.012822 0.134262 0.990768
1706079949.901076 208.762465 39.650230 3.905849 -0.015165 0.013033 0.133954 0.990786
1706079950.000397 208.877796 39.704725 3.896537 -0.015352 0.013065 0.133670 0.990821
1706079950.099179 208.993235 39.744433 3.872119 -0.014771 0.013092 0.133568 0.990843
1706079950.198303 209.075986 39.777599 3.848151 -0.014436 0.013240 0.133437 0.990864
1706079950.304757 209.201920 39.827760 3.829358 -0.014586 0.013122 0.133225 0.990892
1706079950.403390 209.312483 39.871940 3.813281 -0.014580 0.013132 0.132932 0.990931
1706079950.502066 209.428850 39.918652 3.810088 -0.014338 0.013138 0.132711 0.990964
1706079950.596299 209.539769 39.949337 3.828632 -0.014346 0.013529 0.132704 0.990960
1706079950.695683 209.653898 39.988922 3.837806 -0.015403 0.012926 0.132467 0.990983
1706079950.804645 209.782807 40.020798 3.858670 -0.014772 0.013129 0.132425 0.990996
1706079950.903974 209.909648 40.046855 3.830132 -0.015440 0.012998 0.132101 0.991031
1706079951.002805 210.029418 40.096771 3.821605 -0.015419 0.012941 0.131792 0.991073
1706079951.102101 210.145331 40.126293 3.826236 -0.015493 0.013027 0.131612 0.991095
1706079951.201377 210.264931 40.170107 3.741439 -0.014185 0.012134 0.131341 0.991162
1706079951.300200 210.382771 40.202229 3.739649 -0.014831 0.012603 0.130963 0.991196
1706079951.399314 210.477813 40.228877 3.723178 -0.014699 0.012442 0.130692 0.991236
1706079951.498805 210.588967 40.271392 3.714870 -0.014918 0.012629 0.130182 0.991297
1706079951.604270 210.716098 40.316801 3.664769 -0.014915 0.012256 0.130006 0.991325
1706079951.696760 210.835785 40.353342 3.669173 -0.014926 0.011796 0.129713 0.991369
1706079951.797350 210.956351 40.394768 3.722355 -0.015023 0.012522 0.129423 0.991397
1706079951.896767 211.068176 40.438780 3.760502 -0.015885 0.012060 0.129196 0.991419
1706079951.996000 211.184858 40.476715 3.742343 -0.015683 0.012727 0.128932 0.991448
1706079952.104410 211.310226 40.513822 3.768786 -0.014703 0.012784 0.129049 0.991447
1706079952.203888 211.414700 40.559974 3.806037 -0.015804 0.012411 0.128765 0.991472
1706079952.303126 211.521972 40.593174 3.827432 -0.016517 0.012486 0.128704 0.991467
1706079952.402200 211.629998 40.648621 3.834183 -0.015936 0.012521 0.128485 0.991504
1706079952.501667 211.758669 40.691465 3.856513 -0.016631 0.012857 0.128274 0.991516
1706079952.601189 211.883421 40.733978 3.865158 -0.015683 0.012337 0.128193 0.991549
1706079952.699878 211.995958 40.780809 3.886916 -0.015509 0.012745 0.127875 0.991587
1706079952.798551 212.118651 40.817742 3.896511 -0.016286 0.012646 0.127683 0.991601
1706079952.897820 212.230880 40.848304 3.896236 -0.016807 0.012035 0.127467 0.991627
1706079952.998439 212.328261 40.886281 3.896739 -0.015990 0.012578 0.127202 0.991668
1706079953.097841 212.450206 40.926019 3.892702 -0.015789 0.012448 0.126995 0.991700
1706079953.197036 212.564448 40.960268 3.859767 -0.015576 0.011950 0.126813 0.991732
1706079953.296121 212.682350 40.990656 3.825641 -0.015688 0.011783 0.126647 0.991754
1706079953.404787 212.797492 41.040483 3.879141 -0.015751 0.012322 0.126423 0.991775
1706079953.504236 212.931671 41.082475 3.911299 -0.015634 0.012591 0.126119 0.991812
1706079953.603308 213.049914 41.130449 3.908986 -0.015163 0.012558 0.125948 0.991841
1706079953.702708 213.179773 41.186612 3.914865 -0.015057 0.012800 0.125704 0.991871
1706079953.801654 213.286452 41.219980 3.927453 -0.015651 0.013120 0.125643 0.991865
1706079953.900907 213.407056 41.263095 3.981311 -0.014605 0.013789 0.125561 0.991883
1706079954.001631 213.518423 41.283088 4.077034 -0.016037 0.014519 0.125352 0.991876
1706079954.098870 213.625767 41.321447 4.044206 -0.015642 0.012991 0.125133 0.991932
1706079954.199493 213.746748 41.361221 4.007316 -0.015305 0.013476 0.125146 0.991929
1706079954.298980 213.857896 41.396693 4.012406 -0.015571 0.013186 0.125014 0.991945
1706079954.398107 213.970313 41.452513 4.003986 -0.016946 0.013341 0.124839 0.991943
1706079954.497193 214.106976 41.484889 3.987691 -0.016292 0.012931 0.124942 0.991946
1706079954.604786 214.243485 41.521565 3.999807 -0.015903 0.012966 0.124755 0.991975
1706079954.705303 214.363628 41.557734 3.965877 -0.015879 0.012531 0.124597 0.992001
1706079954.804378 214.475644 41.593724 3.969297 -0.015334 0.012784 0.124556 0.992012
1706079954.903746 214.589693 41.636879 3.971968 -0.014951 0.012973 0.124357 0.992040
1706079955.003267 214.702197 41.674318 3.984895 -0.015392 0.013081 0.124293 0.992040
1706079955.101914 214.802962 41.702636 3.985996 -0.014964 0.013054 0.124373 0.992037
1706079955.200732 214.927112 41.732453 3.974202 -0.015085 0.012848 0.124460 0.992027
1706079955.299895 215.045946 41.781749 3.971431 -0.014763 0.012840 0.124287 0.992053
1706079955.400641 215.154383 41.831627 4.028733 -0.015342 0.013565 0.124020 0.992068
1706079955.500032 215.263932 41.875866 4.021017 -0.014666 0.012579 0.123773 0.992122
1706079955.599195 215.388374 41.914877 3.956883 -0.014702 0.012710 0.123538 0.992149
1706079955.698237 215.508911 41.954288 3.956334 -0.014201 0.012437 0.123413 0.992176
1706079955.797365 215.636320 41.997301 3.952299 -0.013909 0.012160 0.123162 0.992215
1706079955.905085 215.770782 42.030511 3.921403 -0.013899 0.012593 0.122923 0.992239
1706079956.004977 215.903713 42.066781 3.910626 -0.013476 0.012250 0.122882 0.992254
1706079956.104768 216.018092 42.098786 3.879118 -0.013556 0.012533 0.122818 0.992257
1706079956.204340 216.123047 42.120982 3.876672 -0.012660 0.012798 0.122720 0.992278
1706079956.302978 216.248829 42.163388 3.919161 -0.011858 0.012942 0.122830 0.992272
1706079956.401797 216.377106 42.203403 3.896753 -0.013079 0.013496 0.122702 0.992266
1706079956.502635 216.503480 42.243477 3.865900 -0.013952 0.012866 0.122448 0.992293
1706079956.601738 216.623702 42.304113 3.870120 -0.013187 0.013520 0.122205 0.992325
1706079956.701135 216.747860 42.343753 3.847896 -0.012764 0.012735 0.122188 0.992343
1706079956.800171 216.859916 42.371696 3.826865 -0.013129 0.012340 0.122171 0.992345
1706079956.899255 216.981051 42.411196 3.825186 -0.014061 0.012418 0.122109 0.992339
1706079956.998368 217.104549 42.439927 3.830014 -0.013661 0.012560 0.122264 0.992324
1706079957.097224 217.229981 42.462815 3.812115 -0.014301 0.012510 0.122241 0.992319
1706079957.204829 217.361093 42.486477 3.793193 -0.014728 0.012139 0.122438 0.992293
1706079957.305255 217.476101 42.515591 3.790829 -0.014702 0.011996 0.122525 0.992284
1706079957.404770 217.584356 42.567588 3.800752 -0.012855 0.011851 0.122720 0.992287
1706079957.504019 217.705404 42.599798 3.798909 -0.014562 0.011586 0.122638 0.992277
1706079957.604886 217.824006 42.636346 3.757767 -0.014720 0.011860 0.122790 0.992253
1706079957.703730 217.940902 42.682428 3.759309 -0.013916 0.011668 0.122750 0.992271
1706079957.802900 218.062575 42.729040 3.763153 -0.014275 0.011624 0.122900 0.992248
1706079957.902218 218.173942 42.772476 3.772218 -0.014720 0.011846 0.123012 0.992225
1706079958.001220 218.298801 42.814260 3.798077 -0.014518 0.011799 0.123244 0.992200
1706079958.100314 218.412728 42.841886 3.789124 -0.015024 0.011835 0.123441 0.992168
1706079958.199487 218.537139 42.872657 3.781277 -0.016212 0.011658 0.123586 0.992133
1706079958.298264 218.643434 42.909546 3.782925 -0.016098 0.011755 0.123729 0.992116
1706079958.405304 218.774666 42.938341 3.796209 -0.015650 0.012314 0.124006 0.992082
1706079958.503795 218.889984 42.986686 3.823260 -0.014736 0.011932 0.124007 0.992100
1706079958.605151 219.006485 43.034385 3.843776 -0.015531 0.012076 0.123980 0.992090
1706079958.704998 219.129597 43.089978 3.887946 -0.014747 0.012208 0.123902 0.992110
1706079958.804349 219.258044 43.131519 3.896251 -0.015442 0.011797 0.123795 0.992117
1706079958.904781 219.366873 43.179911 3.921651 -0.014682 0.012017 0.123571 0.992154
1706079959.003947 219.485129 43.222134 3.906727 -0.015619 0.011948 0.123552 0.992143
1706079959.103266 219.609597 43.259281 3.912333 -0.014826 0.012152 0.123764 0.992126
1706079959.202255 219.725574 43.288132 3.887416 -0.015269 0.012288 0.124043 0.992083
1706079959.301488 219.836227 43.323308 3.894554 -0.015227 0.012300 0.124146 0.992071
1706079959.400510 219.963752 43.356610 3.880810 -0.013997 0.012954 0.124329 0.992058
1706079959.499333 220.087206 43.373233 3.861539 -0.014942 0.012208 0.124425 0.992041
1706079959.599115 220.216666 43.417740 3.834615 -0.015167 0.012279 0.124259 0.992058
1706079959.704822 220.323670 43.466573 3.837759 -0.015740 0.012324 0.124304 0.992043
1706079959.803426 220.441873 43.511465 3.806079 -0.015855 0.012025 0.124173 0.992061
1706079959.901935 220.562802 43.564537 3.796044 -0.015836 0.011379 0.124235 0.992061
1706079960.004973 220.690372 43.616625 3.732409 -0.015156 0.010803 0.124179 0.992085
1706079960.104065 220.818242 43.661079 3.722949 -0.015502 0.011324 0.124323 0.992056
1706079960.204959 220.946542 43.694739 3.696021 -0.016546 0.011120 0.124258 0.992050
1706079960.304434 221.067186 43.718193 3.703289 -0.015716 0.010856 0.124444 0.992043
1706079960.403405 221.179309 43.756848 3.721519 -0.017580 0.011765 0.124278 0.992022
1706079960.502642 221.298979 43.786775 3.710004 -0.016153 0.012169 0.124364 0.992031
1706079960.601627 221.423383 43.818120 3.694202 -0.017135 0.011744 0.124416 0.992013
1706079960.700348 221.539811 43.850280 3.714040 -0.018366 0.011741 0.124455 0.991986
1706079960.800140 221.677846 43.903282 3.728186 -0.017774 0.012434 0.124205 0.992019
1706079960.898745 221.788200 43.949860 3.731741 -0.018529 0.011974 0.123932 0.992045
1706079961.004489 221.922541 43.983224 3.763372 -0.017511 0.011724 0.123900 0.992071
1706079961.102843 222.031710 44.022050 3.779965 -0.016986 0.012317 0.123804 0.992085
1706079961.205380 222.152991 44.065337 3.790073 -0.017620 0.011697 0.123583 0.992109
1706079961.305149 222.263426 44.095256 3.780241 -0.017469 0.011586 0.123425 0.992132
1706079961.404192 222.393985 44.145004 3.799914 -0.017287 0.011030 0.123265 0.992162
1706079961.504954 222.517383 44.170394 3.833595 -0.017335 0.011229 0.123114 0.992178
1706079961.604590 222.638741 44.221304 3.890414 -0.016921 0.011968 0.122780 0.992217
1706079961.703656 222.768058 44.255131 3.859213 -0.016701 0.011807 0.122570 0.992249
1706079961.802607 222.883492 44.286123 3.880964 -0.016903 0.011722 0.122232 0.992288
1706079961.901710 223.008928 44.321814 3.887021 -0.017211 0.011674 0.121929 0.992321
1706079962.000549 223.125516 44.349120 3.885643 -0.017096 0.011891 0.121570 0.992364
1706079962.099750 223.241315 44.391062 3.906823 -0.016955 0.012157 0.121189 0.992410
1706079962.193295 223.368926 44.422064 3.949890 -0.018084 0.012452 0.120878 0.992425
1706079962.303899 223.506011 44.464844 3.935882 -0.018201 0.012243 0.120637 0.992454
1706079962.402696 223.623151 44.527218 3.930705 -0.018284 0.011937 0.120364 0.992490
1706079962.496631 223.730753 44.570792 3.922609 -0.018137 0.011428 0.120121 0.992528
1706079962.605016 223.868187 44.605588 3.880009 -0.018550 0.010952 0.119716 0.992574
1706079962.703771 223.979678 44.646163 3.879081 -0.017305 0.011394 0.119403 0.992630
1706079962.804842 224.118607 44.682989 3.874376 -0.017703 0.010834 0.119166 0.992657
1706079962.904674 224.249361 44.703694 3.863157 -0.017975 0.011100 0.119037 0.992665
1706079963.003530 224.383989 44.739505 3.844894 -0.018015 0.011214 0.118845 0.992686
1706079963.102824 224.493019 44.778144 3.847260 -0.017525 0.011092 0.118761 0.992706
1706079963.201512 224.614734 44.820205 3.844322 -0.017219 0.011591 0.118658 0.992718
1706079963.300780 224.735462 44.864992 3.843471 -0.016951 0.011962 0.118550 0.992731
1706079963.394423 224.850989 44.877038 3.834593 -0.017121 0.011950 0.118639 0.992718
1706079963.505025 224.991393 44.922771 3.828795 -0.016067 0.012579 0.118779 0.992711
1706079963.603741 225.114284 44.959972 3.862742 -0.016303 0.012362 0.118508 0.992742
1706079963.702203 225.227846 45.001094 3.793373 -0.015069 0.011805 0.118306 0.992793
1706079963.797081 225.337964 45.029158 3.752065 -0.014926 0.011564 0.118076 0.992825
1706079963.904912 225.474807 45.068843 3.739750 -0.014817 0.011743 0.117802 0.992857
1706079964.003542 225.593395 45.104526 3.698241 -0.013360 0.011342 0.117594 0.992907
1706079964.101939 225.723091 45.130240 3.691180 -0.015306 0.011246 0.117248 0.992921
1706079964.204591 225.855624 45.170909 3.729725 -0.014288 0.011116 0.117068 0.992959
1706079964.303836 225.982889 45.204975 3.734984 -0.015184 0.010805 0.116782 0.992983
1706079964.402508 226.106618 45.245890 3.733290 -0.014861 0.011274 0.116683 0.992994
1706079964.501850 226.232926 45.271006 3.817360 -0.015171 0.011457 0.116581 0.992999
1706079964.595332 226.343212 45.305864 3.828018 -0.015169 0.011461 0.116565 0.993001
1706079964.689744 226.456923 45.342728 3.815758 -0.016290 0.011575 0.116407 0.993000
1706079964.804765 226.580995 45.384451 3.801028 -0.015659 0.011459 0.116613 0.992988
1706079964.903426 226.687045 45.428973 3.818924 -0.015643 0.011758 0.116706 0.992974
1706079964.997377 226.796858 45.460038 3.817602 -0.017099 0.011311 0.116926 0.992929
1706079965.096739 226.928827 45.488422 3.850988 -0.016683 0.011756 0.117373 0.992878
1706079965.204539 227.052187 45.527361 3.895602 -0.015002 0.011737 0.117858 0.992848
1706079965.302966 227.172477 45.562171 3.869047 -0.015902 0.011342 0.118051 0.992815
1706079965.405121 227.301248 45.599034 3.861753 -0.015543 0.011268 0.118622 0.992754
1706079965.504874 227.425838 45.646753 3.829520 -0.014624 0.010887 0.119124 0.992712
1706079965.603677 227.558161 45.682436 3.824161 -0.014351 0.011293 0.119447 0.992673
1706079965.697869 227.677578 45.712872 3.833545 -0.014122 0.011353 0.119747 0.992639
1706079965.796402 227.787800 45.752514 3.880849 -0.015584 0.011534 0.119817 0.992607
1706079965.901168 227.911034 45.794475 3.868038 -0.013647 0.011550 0.120198 0.992589
1706079966.001215 228.031395 45.842856 3.862514 -0.014210 0.011827 0.120240 0.992573
1706079966.099812 228.129994 45.874724 3.883980 -0.013750 0.012048 0.120515 0.992543
1706079966.199296 228.246804 45.909510 3.900174 -0.014764 0.012008 0.120747 0.992501
1706079966.297904 228.365225 45.957017 3.883066 -0.013385 0.012335 0.121000 0.992486
1706079966.405461 228.493677 45.990391 3.863961 -0.012880 0.012682 0.121443 0.992434
1706079966.504191 228.622114 46.034302 3.882044 -0.012757 0.013368 0.121686 0.992397
1706079966.603011 228.738516 46.065500 3.893735 -0.012032 0.013241 0.122251 0.992338
1706079966.694374 228.846138 46.097568 3.898761 -0.010762 0.013237 0.122569 0.992313
1706079966.804731 228.979670 46.151030 3.904857 -0.009732 0.013414 0.123017 0.992266
1706079966.898618 229.099539 46.163857 3.866374 -0.010602 0.012993 0.123524 0.992200
1706079966.992931 229.235328 46.189880 3.880024 -0.010271 0.012851 0.123934 0.992154
1706079967.092129 229.343913 46.224549 3.865596 -0.009031 0.012371 0.124241 0.992134
1706079967.201419 229.480233 46.274703 3.857896 -0.009517 0.012640 0.124648 0.992075
1706079967.300940 229.592352 46.312626 3.879193 -0.008314 0.013796 0.125143 0.992008
1706079967.399559 229.705074 46.344779 3.865008 -0.008594 0.012439 0.125552 0.991972
1706079967.499593 229.818447 46.388755 3.869537 -0.007785 0.012873 0.126035 0.991912
1706079967.598078 229.932940 46.426831 3.852876 -0.008083 0.012792 0.126639 0.991833
1706079967.697215 230.052706 46.473681 3.824947 -0.008313 0.012915 0.127144 0.991765
1706079967.803696 230.184927 46.526046 3.815173 -0.009002 0.012576 0.127705 0.991692
1706079967.902500 230.315159 46.568661 3.785676 -0.009909 0.012349 0.128121 0.991632
1706079967.994144 230.416152 46.610951 3.768723 -0.010502 0.012333 0.128419 0.991588
1706079968.095089 230.525579 46.654524 3.747723 -0.009424 0.012103 0.128949 0.991533
1706079968.193662 230.635387 46.676991 3.764815 -0.010967 0.012833 0.129309 0.991461
1706079968.293196 230.747976 46.708980 3.746054 -0.012709 0.012569 0.129701 0.991392
1706079968.402508 230.901959 46.740545 3.760800 -0.014636 0.012328 0.130493 0.991264
1706079968.502021 231.015392 46.780443 3.823938 -0.015623 0.012665 0.130646 0.991225
1706079968.600674 231.120457 46.822047 3.825636 -0.016307 0.012788 0.131038 0.991161
1706079968.700446 231.251225 46.869162 3.828686 -0.017672 0.012738 0.131264 0.991108
1706079968.799392 231.372341 46.906794 3.849122 -0.018430 0.012064 0.131542 0.991066
1706079968.898985 231.469746 46.938269 3.850381 -0.018311 0.012189 0.131923 0.991016
1706079969.004949 231.604530 46.987267 3.884388 -0.020925 0.011916 0.131970 0.990961
1706079969.103391 231.711039 47.039255 3.901701 -0.020102 0.011856 0.132307 0.990934
1706079969.202021 231.827069 47.077405 3.929450 -0.022172 0.012140 0.132425 0.990871
1706079969.294420 231.950397 47.110303 3.919968 -0.021769 0.011746 0.132794 0.990835
1706079969.395141 232.067698 47.140443 3.911706 -0.022136 0.011579 0.133018 0.990799
1706079969.494284 232.187037 47.190769 3.898702 -0.021454 0.011853 0.133304 0.990772
1706079969.604487 232.315802 47.244399 3.878901 -0.021335 0.011995 0.133439 0.990755
1706079969.703104 232.430778 47.283487 3.871550 -0.021000 0.011975 0.133642 0.990735
1706079969.801851 232.537577 47.336527 3.872072 -0.020765 0.012267 0.133579 0.990745
1706079969.901035 232.657663 47.376067 3.881124 -0.020325 0.012304 0.133641 0.990745
1706079970.000348 232.776159 47.425372 3.865148 -0.020224 0.012593 0.133620 0.990746
1706079970.099228 232.901520 47.470689 3.829595 -0.020816 0.011768 0.133542 0.990755
1706079970.199497 233.026648 47.526994 3.842042 -0.021749 0.012415 0.133444 0.990740
1706079970.304559 233.137084 47.575742 3.881628 -0.021263 0.012608 0.133385 0.990756
1706079970.398426 233.253972 47.584801 3.895774 -0.022084 0.012573 0.133384 0.990739
1706079970.497294 233.346646 47.628856 3.947937 -0.021499 0.012639 0.133053 0.990795
1706079970.596274 233.476447 47.674008 3.955554 -0.021095 0.012214 0.133082 0.990805
1706079970.695336 233.603375 47.701245 3.953873 -0.022431 0.012626 0.132937 0.990790
1706079970.804611 233.740919 47.743073 3.955463 -0.022970 0.012040 0.132779 0.990806
1706079970.904136 233.869409 47.784084 3.959144 -0.022021 0.012269 0.132699 0.990836
1706079971.003040 234.012038 47.815949 3.939718 -0.022087 0.012134 0.132805 0.990822
1706079971.102144 234.157707 47.858356 3.942718 -0.022296 0.012150 0.132963 0.990796
1706079971.201339 234.269136 47.915063 3.925520 -0.021372 0.011990 0.132759 0.990845
1706079971.301014 234.384087 47.954518 3.914459 -0.024015 0.011454 0.132643 0.990807
1706079971.399683 234.496469 48.015302 3.972813 -0.023293 0.012010 0.132347 0.990857
1706079971.498466 234.605986 48.062751 3.928658 -0.023169 0.011572 0.132303 0.990871
1706079971.599490 234.713031 48.095758 3.911777 -0.023840 0.011179 0.132565 0.990825
1706079971.698300 234.822714 48.132113 3.903711 -0.024269 0.011274 0.132897 0.990769
1706079971.796914 234.936702 48.166833 3.908535 -0.022824 0.010632 0.133169 0.990773
1706079971.896423 235.060653 48.212357 3.883070 -0.023354 0.010929 0.133150 0.990760
1706079971.995361 235.175072 48.239345 3.903014 -0.024174 0.011138 0.133014 0.990757
1706079972.105218 235.286516 48.297200 3.927472 -0.023795 0.012014 0.132901 0.990771
1706079972.204071 235.404903 48.321196 3.941195 -0.023887 0.011996 0.133190 0.990730
1706079972.303185 235.527045 48.380988 4.002718 -0.024095 0.011064 0.132970 0.990765
1706079972.402296 235.640428 48.426873 3.983814 -0.022559 0.012517 0.133057 0.990773
1706079972.502026 235.766675 48.458411 3.999631 -0.023114 0.012546 0.133041 0.990762
1706079972.600714 235.893396 48.464746 3.958799 -0.024186 0.012668 0.133029 0.990736
1706079972.700953 236.020544 48.503481 3.963960 -0.023715 0.012530 0.132932 0.990762
1706079972.800586 236.149727 48.543500 3.979891 -0.024617 0.012014 0.132949 0.990744
1706079972.899098 236.268044 48.579686 4.007448 -0.023929 0.011854 0.133074 0.990746
1706079972.998041 236.390897 48.630366 4.014647 -0.024153 0.012154 0.133054 0.990740
1706079973.097505 236.509381 48.655956 3.990889 -0.023722 0.011479 0.133105 0.990752
1706079973.196449 236.631905 48.702358 3.982776 -0.023187 0.011178 0.132960 0.990787
1706079973.305159 236.748828 48.752165 3.993535 -0.022738 0.011295 0.132811 0.990816
1706079973.404993 236.872773 48.774813 3.984275 -0.023178 0.011146 0.132993 0.990783
1706079973.504332 236.984594 48.827070 3.969600 -0.023831 0.011669 0.132721 0.990798
1706079973.603384 237.101264 48.864255 3.961766 -0.021934 0.011713 0.132837 0.990826
1706079973.702451 237.217067 48.905442 3.983110 -0.022592 0.011714 0.132617 0.990841
1706079973.801773 237.340697 48.959127 3.975119 -0.022423 0.012059 0.132335 0.990878
1706079973.901252 237.474572 49.001320 3.950711 -0.021194 0.011615 0.132441 0.990896
1706079974.001616 237.600799 49.029666 3.967257 -0.023167 0.012673 0.132132 0.990880
1706079974.100487 237.716566 49.074470 3.978290 -0.022054 0.012534 0.132040 0.990920
1706079974.203480 237.835370 49.109581 3.995593 -0.021731 0.011691 0.132066 0.990934
1706079974.298508 237.952731 49.145853 3.963035 -0.020489 0.012069 0.132041 0.990959
1706079974.397501 238.052958 49.181070 3.948771 -0.022927 0.012223 0.131804 0.990935
1706079974.496725 238.171167 49.216247 3.936708 -0.022092 0.012254 0.131956 0.990934
1706079974.605079 238.303386 49.252922 3.918417 -0.021628 0.011518 0.131988 0.990948
1706079974.704937 238.424741 49.302677 3.893547 -0.021873 0.011569 0.131891 0.990955
1706079974.804504 238.542643 49.338425 3.867851 -0.021996 0.011378 0.132055 0.990933
1706079974.904082 238.646088 49.369279 3.861240 -0.023837 0.011216 0.132124 0.990883
1706079975.002744 238.771503 49.410023 3.867878 -0.022510 0.011441 0.132135 0.990910
1706079975.102286 238.894343 49.452548 3.822903 -0.023147 0.011038 0.132183 0.990894
1706079975.202654 239.027286 49.483561 3.847385 -0.023312 0.011372 0.132219 0.990881
1706079975.301520 239.151898 49.526375 3.814438 -0.022233 0.010914 0.132220 0.990911
1706079975.400532 239.263075 49.562606 3.795491 -0.021830 0.010727 0.132265 0.990916
1706079975.499635 239.383926 49.618198 3.814455 -0.019587 0.011123 0.132396 0.990941
1706079975.598579 239.505617 49.665432 3.824198 -0.019536 0.011256 0.132270 0.990957
1706079975.697712 239.617398 49.699250 3.829705 -0.019263 0.011398 0.132186 0.990972
1706079975.799111 239.736513 49.747086 3.877864 -0.020748 0.012093 0.132086 0.990947
1706079975.905352 239.852212 49.793282 3.907498 -0.019485 0.012586 0.132301 0.990938
1706079976.005278 239.962318 49.832848 3.893458 -0.019604 0.012313 0.132306 0.990939
1706079976.105113 240.081364 49.875964 3.909554 -0.019271 0.012375 0.132330 0.990941
1706079976.204676 240.207555 49.905610 3.947483 -0.020969 0.012545 0.132373 0.990899
1706079976.303331 240.322567 49.953593 3.900633 -0.019720 0.011590 0.132436 0.990928
1706079976.403728 240.454280 49.980207 3.922335 -0.021164 0.011900 0.132531 0.990881
1706079976.502312 240.580276 50.025661 3.905764 -0.021813 0.011586 0.132571 0.990866
1706079976.601342 240.707741 50.062733 3.901199 -0.021049 0.011707 0.132656 0.990870
1706079976.700706 240.807624 50.111019 3.934952 -0.021588 0.011745 0.132490 0.990880
1706079976.799849 240.926320 50.142446 3.938972 -0.022665 0.011273 0.132486 0.990862
1706079976.898849 241.036492 50.178209 3.897770 -0.022979 0.011497 0.132566 0.990841
1706079976.997972 241.159857 50.221818 3.851176 -0.023717 0.011670 0.132627 0.990814
1706079977.097321 241.280425 50.269905 3.847339 -0.021223 0.011502 0.132997 0.990822
1706079977.204047 241.416143 50.304646 3.820638 -0.022679 0.010895 0.133091 0.990784
1706079977.302505 241.541374 50.347572 3.820896 -0.021921 0.011156 0.133203 0.990783
1706079977.404867 241.670287 50.383162 3.801317 -0.022664 0.010449 0.133122 0.990785
1706079977.504353 241.787463 50.421118 3.927972 -0.023489 0.012464 0.133198 0.990733
1706079977.604850 241.898125 50.442899 3.893831 -0.023453 0.011867 0.133136 0.990749
1706079977.703730 242.014341 50.479376 3.910273 -0.022379 0.011316 0.133131 0.990781
1706079977.802985 242.127106 50.532601 3.891075 -0.021581 0.011500 0.132948 0.990821
1706079977.901777 242.250182 50.572513 3.876510 -0.020914 0.011646 0.132970 0.990831
1706079978.000818 242.375139 50.609883 3.855350 -0.019693 0.011216 0.133090 0.990845
1706079978.099990 242.494131 50.650873 3.864978 -0.021095 0.011689 0.133074 0.990813
1706079978.198987 242.595184 50.693708 3.856918 -0.019975 0.011689 0.132919 0.990857
1706079978.298335 242.714286 50.737709 3.905642 -0.019193 0.011659 0.132894 0.990876
1706079978.405053 242.839521 50.785537 3.899402 -0.019972 0.011482 0.132623 0.990899
1706079978.503549 242.935777 50.845737 3.888659 -0.019940 0.011473 0.132445 0.990923
1706079978.602219 243.066134 50.883169 3.905705 -0.021476 0.011929 0.132585 0.990867
1706079978.705008 243.189547 50.926495 3.938930 -0.021993 0.011440 0.132559 0.990865
1706079978.804622 243.310600 50.970772 3.918557 -0.022446 0.011632 0.132774 0.990824
1706079978.904868 243.424402 51.002923 3.939941 -0.022967 0.011433 0.132870 0.990801
1706079979.004108 243.542903 51.024965 3.896774 -0.023288 0.011385 0.133052 0.990770
1706079979.103037 243.672498 51.068230 3.890057 -0.026454 0.011641 0.133167 0.990672
1706079979.202047 243.797243 51.095047 3.892612 -0.024822 0.011217 0.133581 0.990663
1706079979.301111 243.916871 51.129770 3.907226 -0.025237 0.011207 0.133940 0.990605
1706079979.400533 244.038059 51.172972 3.881735 -0.025120 0.011070 0.134060 0.990593
1706079979.499417 244.148634 51.208478 3.843001 -0.025945 0.010983 0.133983 0.990583
1706079979.598073 244.274281 51.243061 3.874079 -0.024499 0.011823 0.134274 0.990571
1706079979.704499 244.400160 51.286501 3.834472 -0.023889 0.011398 0.134349 0.990580
1706079979.803237 244.513810 51.342742 3.840989 -0.025923 0.012150 0.134288 0.990529
1706079979.895991 244.619163 51.384744 3.834691 -0.024555 0.011514 0.134321 0.990567
1706079980.004961 244.750809 51.432949 3.832769 -0.024486 0.011953 0.134494 0.990540
1706079980.104058 244.876103 51.450022 3.764709 -0.025657 0.010897 0.134601 0.990508
1706079980.205183 244.993056 51.488956 3.773122 -0.024146 0.010812 0.134574 0.990550
1706079980.304105 245.109334 51.525195 3.783340 -0.025457 0.010938 0.134466 0.990531
1706079980.403030 245.226466 51.570446 3.784612 -0.023283 0.010329 0.134604 0.990572
1706079980.502207 245.342970 51.598728 3.775563 -0.024819 0.010575 0.134572 0.990536
1706079980.601624 245.463204 51.655038 3.793188 -0.024656 0.010598 0.134586 0.990538
1706079980.701393 245.587699 51.696500 3.861271 -0.025568 0.010861 0.134774 0.990487
1706079980.799425 245.700583 51.747731 3.869524 -0.025283 0.010814 0.134670 0.990509
1706079980.899266 245.817894 51.781019 3.873248 -0.026311 0.010672 0.134761 0.990471
1706079981.004056 245.951611 51.830095 3.889069 -0.026213 0.011035 0.134645 0.990486
1706079981.097703 246.059215 51.861957 3.925583 -0.026476 0.011048 0.134770 0.990462
1706079981.205426 246.188696 51.900791 3.878154 -0.025903 0.010508 0.134919 0.990462
1706079981.305147 246.307967 51.952930 3.887974 -0.025562 0.010980 0.134966 0.990460
1706079981.403708 246.416788 52.005114 3.894480 -0.024976 0.010974 0.135006 0.990469
1706079981.504964 246.532550 52.052540 3.887847 -0.025298 0.010520 0.134905 0.990480
1706079981.604100 246.654344 52.095449 3.864936 -0.025636 0.010624 0.134951 0.990464
1706079981.703211 246.768077 52.126302 3.828716 -0.024505 0.010135 0.135178 0.990466
1706079981.802638 246.889908 52.161982 3.849397 -0.024986 0.010833 0.135083 0.990460
1706079981.902457 247.019348 52.207870 3.878068 -0.024851 0.011352 0.134842 0.990490
1706079982.001004 247.128802 52.261086 3.887715 -0.024439 0.011520 0.134651 0.990525
1706079982.089823 247.229994 52.284972 3.906855 -0.025434 0.011678 0.134401 0.990532
1706079982.205287 247.349470 52.335507 3.942277 -0.024628 0.011544 0.134352 0.990560
1706079982.298749 247.479086 52.361116 3.965734 -0.023869 0.011188 0.134532 0.990559
1706079982.397347 247.595768 52.398869 3.979421 -0.023777 0.011430 0.134536 0.990557
1706079982.495986 247.705203 52.445067 3.966394 -0.021281 0.011162 0.134531 0.990618
1706079982.604745 247.844563 52.488339 3.967134 -0.022218 0.010810 0.134601 0.990592
1706079982.703701 247.965038 52.514902 4.027734 -0.023370 0.011886 0.134547 0.990560
1706079982.805185 248.093378 52.556596 4.013326 -0.021873 0.011907 0.134496 0.990601
1706079982.904431 248.212755 52.604992 3.983291 -0.020811 0.011503 0.134259 0.990661
1706079983.003658 248.324847 52.647084 3.977962 -0.020328 0.012035 0.134236 0.990668
1706079983.103377 248.445347 52.676033 3.917256 -0.020010 0.011988 0.134261 0.990671
1706079983.202022 248.561425 52.717428 3.921895 -0.022211 0.011728 0.134085 0.990651
1706079983.295417 248.689794 52.750065 3.921358 -0.023728 0.011904 0.134072 0.990616
1706079983.400330 248.810458 52.799984 3.971018 -0.022734 0.011615 0.134029 0.990649
1706079983.499772 248.934631 52.844888 3.971960 -0.025538 0.011864 0.133974 0.990585
1706079983.598401 249.053377 52.893541 3.969009 -0.025191 0.011579 0.133988 0.990595
1706079983.702058 249.176113 52.940879 3.967005 -0.026919 0.011624 0.133869 0.990565
1706079983.796814 249.282657 52.967768 3.952229 -0.026853 0.010530 0.134070 0.990552
1706079983.904804 249.425098 52.994321 3.981790 -0.029303 0.011317 0.134122 0.990467
1706079984.003429 249.538878 53.030074 4.002609 -0.028940 0.010282 0.134025 0.990502
1706079984.102025 249.652151 53.080710 4.009881 -0.028143 0.010341 0.133934 0.990537
1706079984.204731 249.770458 53.150650 3.985295 -0.028308 0.009797 0.133734 0.990565
1706079984.304470 249.899515 53.180421 3.906877 -0.027426 0.009097 0.133640 0.990609
1706079984.403075 250.016171 53.218501 3.898065 -0.027499 0.009125 0.133337 0.990647
1706079984.496457 250.138354 53.249532 3.863235 -0.028283 0.009826 0.133209 0.990636
1706079984.601352 250.270151 53.281298 3.833050 -0.026876 0.009357 0.133028 0.990704
1706079984.700800 250.390674 53.321505 3.823369 -0.026231 0.009892 0.132764 0.990751
1706079984.799428 250.505914 53.366704 3.760930 -0.025891 0.010110 0.132441 0.990801
1706079984.899280 250.629013 53.411459 3.783850 -0.027136 0.010299 0.132112 0.990810
1706079984.997858 250.729086 53.458073 3.798667 -0.024948 0.010609 0.131837 0.990901
1706079985.100377 250.861325 53.510262 3.840029 -0.025057 0.011213 0.131524 0.990933
1706079985.204476 250.989928 53.554127 3.877803 -0.024296 0.010638 0.131308 0.990987
1706079985.303041 251.106285 53.594405 3.836274 -0.023534 0.009833 0.130935 0.991063
1706079985.401689 251.217878 53.623472 3.844945 -0.024814 0.010361 0.130696 0.991058
1706079985.504456 251.353582 53.672224 3.849975 -0.024619 0.010870 0.130399 0.991096
1706079985.604203 251.467790 53.713346 3.902934 -0.024466 0.010561 0.130100 0.991143
1706079985.697648 251.574463 53.759139 3.957031 -0.025818 0.010637 0.129802 0.991147
1706079985.802538 251.698110 53.798967 3.996392 -0.023472 0.010628 0.129700 0.991218
1706079985.901000 251.822150 53.842005 4.033665 -0.024609 0.011104 0.129528 0.991208
1706079986.000445 251.936014 53.871114 4.031883 -0.025160 0.010639 0.129436 0.991211
1706079986.104307 252.070807 53.902560 4.067465 -0.025805 0.011056 0.129392 0.991196
1706079986.198900 252.187067 53.939970 4.068731 -0.026446 0.010765 0.129285 0.991196
1706079986.297820 252.305899 53.985237 4.075401 -0.027374 0.011424 0.129232 0.991171
1706079986.405310 252.434663 54.028680 4.126998 -0.026316 0.010966 0.129257 0.991201
1706079986.503947 252.568687 54.057384 4.113176 -0.028117 0.011518 0.129219 0.991150
1706079986.602745 252.671599 54.093099 4.122427 -0.027580 0.011724 0.129205 0.991165
1706079986.701358 252.795123 54.128751 4.107705 -0.027916 0.011302 0.129257 0.991154
1706079986.794311 252.896900 54.171973 4.106166 -0.027740 0.010909 0.129160 0.991176
1706079986.898516 253.018370 54.203682 4.056851 -0.026691 0.010895 0.129343 0.991181
1706079987.004263 253.139169 54.252330 4.052177 -0.027680 0.010639 0.129156 0.991181
1706079987.102860 253.266474 54.294364 4.041333 -0.027120 0.010834 0.129220 0.991186
1706079987.201501 253.374707 54.341560 4.081862 -0.027237 0.011133 0.129082 0.991197
1706079987.301480 253.499665 54.375299 4.081530 -0.027422 0.010970 0.129133 0.991187
1706079987.400023 253.625487 54.406571 4.058242 -0.029266 0.011849 0.129077 0.991132
1706079987.502482 253.748257 54.445083 4.057414 -0.029290 0.011495 0.129024 0.991142
1706079987.598704 253.874238 54.488454 4.062212 -0.027665 0.011121 0.129099 0.991183
1706079987.704943 254.018747 54.544998 4.052352 -0.027543 0.011169 0.128826 0.991222
1706079987.803788 254.138927 54.600540 4.023332 -0.025240 0.011079 0.128823 0.991284
1706079987.902394 254.266935 54.649327 4.031500 -0.025582 0.011332 0.128656 0.991295
1706079987.996292 254.391345 54.675327 4.083133 -0.026136 0.011425 0.128776 0.991263
1706079988.099718 254.507512 54.698294 4.063925 -0.024772 0.010786 0.128704 0.991315
1706079988.204593 254.627810 54.731225 4.084746 -0.024888 0.011084 0.128622 0.991319
1706079988.303895 254.749193 54.768298 4.085106 -0.022957 0.010799 0.128620 0.991369
1706079988.402529 254.870782 54.800089 4.047810 -0.023406 0.010727 0.128370 0.991392
1706079988.502541 254.985546 54.855439 4.038508 -0.021553 0.010903 0.128096 0.991468
1706079988.601070 255.097760 54.898400 4.030957 -0.020210 0.011594 0.127979 0.991503
1706079988.699977 255.218450 54.934461 4.047777 -0.020461 0.011669 0.127748 0.991527
1706079988.799120 255.342935 54.967486 4.064157 -0.020689 0.011731 0.127626 0.991537
1706079988.898446 255.463122 55.000780 4.051591 -0.021422 0.011900 0.127579 0.991526
1706079989.004820 255.598564 55.036413 4.051312 -0.022953 0.011820 0.127546 0.991497
1706079989.103420 255.719993 55.093725 4.039107 -0.022536 0.012220 0.127375 0.991523
1706079989.197335 255.830185 55.118930 4.041468 -0.023371 0.011867 0.127425 0.991502
1706079989.300580 255.954386 55.143647 4.012872 -0.022771 0.011145 0.127493 0.991515
1706079989.395191 256.072074 55.179903 3.980085 -0.023674 0.010981 0.127408 0.991507
1706079989.504266 256.213272 55.220307 3.970785 -0.023462 0.010835 0.127505 0.991501
1706079989.603585 256.335784 55.264226 3.990690 -0.023882 0.011361 0.127288 0.991513
1706079989.703541 256.452527 55.300464 4.017489 -0.023552 0.011064 0.127040 0.991556
1706079989.802141 256.583790 55.348575 4.004268 -0.024620 0.011541 0.126802 0.991555
1706079989.901094 256.703642 55.387184 4.020047 -0.022822 0.011129 0.126611 0.991627
1706079990.000755 256.818969 55.424720 4.007436 -0.023334 0.010905 0.126490 0.991633
1706079990.099442 256.944923 55.477753 4.005450 -0.023211 0.011236 0.126408 0.991643
1706079990.198352 257.074914 55.514779 3.994497 -0.023435 0.010870 0.126276 0.991659
1706079990.304322 257.196105 55.551097 4.027459 -0.024182 0.010748 0.126160 0.991657
1706079990.398516 257.304925 55.589807 4.034961 -0.025134 0.010735 0.126021 0.991651
1706079990.501636 257.440613 55.621318 4.052289 -0.024936 0.010978 0.126053 0.991649
1706079990.596254 257.553811 55.661844 4.041736 -0.024882 0.011176 0.125874 0.991671
1706079990.694977 257.664557 55.697765 3.991292 -0.026682 0.010338 0.125718 0.991653
1706079990.804622 257.794729 55.745821 3.981790 -0.026002 0.010146 0.125678 0.991678
1706079990.904632 257.924434 55.792218 3.990450 -0.027266 0.010777 0.125442 0.991668
1706079991.003215 258.032963 55.827018 4.009255 -0.028148 0.011050 0.125268 0.991662
1706079991.102262 258.158459 55.882734 4.013556 -0.026010 0.010569 0.125196 0.991735
1706079991.202936 258.299708 55.906847 3.990877 -0.027223 0.010106 0.124999 0.991732
1706079991.301636 258.426781 55.946421 3.998355 -0.027482 0.010105 0.124815 0.991748
1706079991.401019 258.550226 55.988503 3.989852 -0.027277 0.009685 0.124622 0.991782
1706079991.499004 258.671150 56.016310 3.995515 -0.028055 0.009992 0.124453 0.991778
1706079991.599551 258.797292 56.060265 4.004791 -0.026700 0.010636 0.124279 0.991831
1706079991.698373 258.918322 56.083497 4.008624 -0.026838 0.010853 0.124146 0.991842
1706079991.801474 259.039737 56.127356 4.047017 -0.026990 0.010464 0.123862 0.991877
1706079991.896042 259.147279 56.161236 4.059157 -0.026574 0.010686 0.123689 0.991908
1706079991.995472 259.257762 56.201257 4.044335 -0.026672 0.011301 0.123448 0.991928
1706079992.105009 259.394114 56.242636 4.029971 -0.025584 0.010628 0.123330 0.991979
1706079992.204293 259.525611 56.298170 4.007030 -0.025123 0.010367 0.123166 0.992014
1706079992.304048 259.650559 56.335400 4.002267 -0.023843 0.010179 0.122999 0.992068
1706079992.402838 259.770179 56.391011 4.035323 -0.025715 0.010975 0.122628 0.992059
1706079992.501506 259.897884 56.431722 4.032338 -0.025173 0.010558 0.122539 0.992088
1706079992.602265 260.022350 56.469277 4.053785 -0.024840 0.010780 0.122521 0.992097
1706079992.700070 260.149731 56.511526 4.049371 -0.025772 0.010586 0.122395 0.992090
1706079992.805024 260.275025 56.539565 4.027261 -0.025395 0.010511 0.122458 0.992093
1706079992.899480 260.392183 56.572582 4.001725 -0.024426 0.010630 0.122466 0.992115
1706079992.998487 260.525735 56.610072 4.027104 -0.025346 0.010486 0.122522 0.992087
1706079993.097234 260.645558 56.632701 4.006276 -0.025577 0.010119 0.122566 0.992079
1706079993.196612 260.765105 56.664796 4.004110 -0.025300 0.010071 0.122591 0.992084
1706079993.305166 260.900944 56.699123 4.013919 -0.026499 0.009792 0.122483 0.992069
1706079993.405017 261.021272 56.736072 4.033742 -0.026625 0.010259 0.122467 0.992062
1706079993.504435 261.127625 56.769235 4.044204 -0.027363 0.010506 0.122272 0.992064
1706079993.603801 261.245413 56.819604 4.024275 -0.025694 0.009799 0.122274 0.992115
1706079993.704650 261.356459 56.849764 4.001092 -0.025590 0.009701 0.122310 0.992115
1706079993.802432 261.466774 56.874143 3.981129 -0.025838 0.009886 0.122335 0.992103
1706079993.901769 261.601159 56.908395 3.951426 -0.026528 0.009825 0.122244 0.992097
1706079994.001700 261.720896 56.944259 3.974367 -0.026397 0.009958 0.122232 0.992101
1706079994.104738 261.865123 56.993645 3.974490 -0.026824 0.009998 0.122223 0.992090
1706079994.199220 261.981464 57.043510 3.996631 -0.026284 0.009657 0.122102 0.992122
1706079994.298550 262.101915 57.090990 4.008505 -0.025879 0.010132 0.122056 0.992134
1706079994.397594 262.234112 57.124609 4.036871 -0.026432 0.010279 0.122051 0.992119
1706079994.496812 262.357127 57.148851 4.062726 -0.025614 0.010514 0.122191 0.992120
1706079994.605437 262.496936 57.194544 4.082550 -0.024892 0.010336 0.122159 0.992145
1706079994.705297 262.619930 57.232770 4.084485 -0.024739 0.010346 0.122149 0.992150
1706079994.804806 262.735457 57.277820 4.140063 -0.025721 0.011276 0.121994 0.992133
1706079994.903678 262.857031 57.326427 4.166990 -0.024166 0.011400 0.122213 0.992144
1706079995.003473 262.978190 57.360878 4.142689 -0.024511 0.011155 0.122279 0.992130
1706079995.102988 263.090402 57.395456 4.119581 -0.024625 0.011185 0.122262 0.992129
1706079995.202730 263.208250 57.418706 4.110965 -0.025212 0.011176 0.122187 0.992124
1706079995.301607 263.326955 57.461944 4.112137 -0.024781 0.011124 0.122228 0.992130
1706079995.404588 263.454736 57.502398 4.136925 -0.024287 0.011451 0.122183 0.992144
1706079995.499622 263.574699 57.543290 4.113429 -0.023639 0.011210 0.122236 0.992156
1706079995.598672 263.702960 57.590953 4.117828 -0.023849 0.011014 0.122207 0.992157
1706079995.697834 263.822880 57.628418 4.140088 -0.023305 0.010855 0.122286 0.992162
1706079995.796619 263.943920 57.663734 4.151567 -0.024645 0.010666 0.122284 0.992132
1706079995.904612 264.078536 57.700360 4.115834 -0.024074 0.010715 0.122331 0.992140
1706079996.003059 264.193803 57.742233 4.135862 -0.025147 0.011088 0.122144 0.992132
1706079996.104762 264.327945 57.783020 4.153522 -0.023772 0.010781 0.122329 0.992146
1706079996.205199 264.465969 57.814753 4.091732 -0.024181 0.010164 0.122508 0.992121
1706079996.303843 264.590067 57.834480 4.080882 -0.025656 0.010910 0.122540 0.992072
1706079996.403742 264.704409 57.860765 4.081072 -0.024605 0.011028 0.122545 0.992097
1706079996.502681 264.833653 57.900573 4.063383 -0.024514 0.010289 0.122475 0.992115
1706079996.601684 264.939586 57.930477 4.069838 -0.025260 0.010044 0.122495 0.992097
1706079996.704057 265.063654 57.973077 4.058509 -0.025342 0.010452 0.122552 0.992083
1706079996.799776 265.184319 58.001794 4.044841 -0.025705 0.010323 0.122668 0.992061
1706079996.895684 265.300989 58.038839 4.043570 -0.025724 0.010458 0.122806 0.992042
1706079996.998020 265.440338 58.084595 3.979731 -0.026135 0.010396 0.122795 0.992033
1706079997.105396 265.571106 58.128106 3.947575 -0.026462 0.009932 0.122649 0.992048
1706079997.203912 265.685899 58.168007 3.905752 -0.024509 0.009690 0.122789 0.992083
1706079997.302381 265.808876 58.205842 3.890134 -0.027964 0.010287 0.122805 0.991983
1706079997.404969 265.940473 58.247710 3.901253 -0.025992 0.009750 0.122867 0.992035
1706079997.504156 266.055176 58.295269 3.903366 -0.026249 0.009660 0.123108 0.991999
1706079997.604811 266.174809 58.328887 3.916292 -0.026779 0.009675 0.123254 0.991967
1706079997.703481 266.304492 58.378103 3.892763 -0.025697 0.009556 0.123546 0.991960
1706079997.802807 266.431662 58.417664 3.859874 -0.027923 0.009680 0.123418 0.991915
1706079997.899415 266.545161 58.454501 3.871165 -0.026523 0.010070 0.123757 0.991907
1706079997.998178 266.661911 58.492667 3.861368 -0.026488 0.010306 0.123933 0.991884
1706079998.099709 266.801079 58.527030 3.828011 -0.026026 0.010348 0.124307 0.991848
1706079998.199089 266.913788 58.562292 3.884313 -0.025625 0.010342 0.124511 0.991833
1706079998.299069 267.024213 58.604729 3.843208 -0.025746 0.010279 0.124636 0.991815
1706079998.404930 267.150028 58.650400 3.853530 -0.026538 0.010408 0.124780 0.991775
1706079998.503273 267.270465 58.672267 3.853797 -0.025853 0.010016 0.125087 0.991758
1706079998.605411 267.394257 58.703916 3.885888 -0.026472 0.010473 0.124989 0.991750
1706079998.705138 267.508075 58.741860 3.943558 -0.025552 0.010669 0.125344 0.991727
1706079998.804490 267.639450 58.779155 3.944373 -0.024313 0.010243 0.125580 0.991733
1706079998.904831 267.768609 58.817009 3.938678 -0.024869 0.010135 0.125569 0.991721
1706079999.003901 267.888027 58.857110 3.924139 -0.025592 0.010222 0.125503 0.991710
1706079999.102946 268.016061 58.899036 3.936951 -0.025641 0.010535 0.125511 0.991705
1706079999.199108 268.116746 58.929513 3.888443 -0.022821 0.010380 0.125477 0.991780
1706079999.300832 268.223956 58.955991 3.868177 -0.024085 0.009570 0.125423 0.991765
1706079999.399927 268.363552 59.009391 3.862266 -0.025080 0.009960 0.125303 0.991751
1706079999.499996 268.494365 59.054315 3.871116 -0.024949 0.010625 0.125180 0.991763
1706079999.600111 268.618294 59.094678 3.860923 -0.026805 0.010372 0.125097 0.991728
1706079999.704434 268.734021 59.126926 3.846259 -0.026794 0.009704 0.125064 0.991739
1706079999.803141 268.855560 59.170097 3.833773 -0.025912 0.009490 0.124992 0.991774
1706079999.905300 268.983484 59.204186 3.878279 -0.026132 0.009342 0.125078 0.991759
1706080000.005152 269.097830 59.241066 3.884993 -0.028433 0.009986 0.125024 0.991696
1706080000.104181 269.222623 59.281089 3.912120 -0.027784 0.009580 0.125198 0.991696
1706080000.204715 269.339779 59.323972 3.888737 -0.026626 0.009427 0.125227 0.991726
1706080000.304030 269.472636 59.367728 3.888257 -0.026577 0.009562 0.125267 0.991721
1706080000.402828 269.602160 59.410263 3.882497 -0.026588 0.009763 0.125220 0.991725
1706080000.502159 269.711727 59.435266 3.910129 -0.027203 0.009927 0.125185 0.991711
1706080000.601350 269.831637 59.481528 3.999738 -0.026533 0.010839 0.125278 0.991708
1706080000.701214 269.946961 59.511050 3.983428 -0.027801 0.010539 0.125161 0.991691
1706080000.800816 270.049809 59.563317 4.064588 -0.026414 0.011204 0.125214 0.991715
1706080000.899444 270.164154 59.599832 4.058384 -0.025678 0.010845 0.125436 0.991710
1706080001.004159 270.315072 59.637773 4.045699 -0.026272 0.010301 0.125717 0.991665
1706080001.096887 270.434283 59.681623 4.054326 -0.025758 0.010625 0.125919 0.991649
1706080001.201379 270.567556 59.721602 4.088588 -0.027034 0.010700 0.126210 0.991577
1706080001.305384 270.686165 59.761871 4.101321 -0.025227 0.010582 0.126517 0.991587
1706080001.404016 270.810965 59.809958 4.140720 -0.026208 0.011378 0.126814 0.991515
1706080001.505112 270.927440 59.858610 4.145054 -0.025881 0.011183 0.127015 0.991500
1706080001.603916 271.051965 59.888640 4.140207 -0.025486 0.010894 0.127515 0.991449
1706080001.703253 271.173237 59.932647 4.131921 -0.025065 0.011253 0.127763 0.991424
1706080001.802102 271.288625 59.955398 4.137103 -0.025292 0.011349 0.128174 0.991364
1706080001.902177 271.404172 59.989999 4.109803 -0.026169 0.011171 0.128426 0.991311
1706080002.001875 271.521224 60.023052 4.142098 -0.025366 0.011515 0.128862 0.991271
1706080002.089807 271.637592 60.057956 4.045908 -0.026279 0.010611 0.129047 0.991233
1706080002.188741 271.759405 60.097405 4.049279 -0.025928 0.010692 0.129338 0.991204
1706080002.298773 271.894024 60.140861 4.026090 -0.025501 0.011342 0.129693 0.991161
1706080002.397375 272.015410 60.185101 4.031586 -0.025358 0.010921 0.130075 0.991120
1706080002.496151 272.141922 60.247123 4.072484 -0.025848 0.011340 0.130320 0.991070
1706080002.605021 272.279996 60.279586 4.084394 -0.026373 0.011288 0.130540 0.991028
1706080002.703426 272.398867 60.323341 4.066841 -0.026295 0.011346 0.130814 0.990993
1706080002.802221 272.516190 60.359675 4.099205 -0.025730 0.010792 0.131174 0.990967
1706080002.904343 272.631470 60.384667 4.099906 -0.025463 0.010661 0.131520 0.990929
1706080003.003221 272.747206 60.415666 4.088883 -0.026060 0.010725 0.131813 0.990874
1706080003.102550 272.850135 60.467487 4.163990 -0.026278 0.011725 0.131857 0.990851
1706080003.201887 272.967564 60.513093 4.163268 -0.025673 0.010848 0.132165 0.990836
1706080003.290843 273.060781 60.540825 4.143487 -0.027481 0.010606 0.132305 0.990771
1706080003.400381 273.217098 60.616563 4.164115 -0.027540 0.010792 0.132359 0.990760
1706080003.499824 273.332721 60.658880 4.126875 -0.027674 0.011211 0.132610 0.990718
1706080003.598452 273.457579 60.698437 4.124582 -0.027845 0.011135 0.132979 0.990665
1706080003.702109 273.585332 60.729667 4.139283 -0.027050 0.010579 0.133329 0.990646
1706080003.796571 273.691515 60.760302 4.126701 -0.027015 0.010835 0.133576 0.990611
1706080003.904637 273.811236 60.800941 4.049380 -0.027910 0.010812 0.133548 0.990590
1706080004.003185 273.956585 60.850775 4.081902 -0.027113 0.011436 0.133945 0.990552
1706080004.105433 274.089381 60.898953 4.170829 -0.025507 0.011894 0.134092 0.990569
1706080004.204685 274.210148 60.947821 4.142605 -0.023750 0.010965 0.134152 0.990615
1706080004.303486 274.331826 60.974765 4.221576 -0.023861 0.011332 0.134374 0.990579
1706080004.403608 274.461809 61.014518 4.191989 -0.024632 0.011409 0.134272 0.990573
1706080004.502618 274.581853 61.048005 4.179033 -0.023346 0.011718 0.134577 0.990559
1706080004.590471 274.667158 61.064209 4.194495 -0.022813 0.011476 0.134906 0.990529
1706080004.700891 274.783365 61.098288 4.213416 -0.022948 0.011960 0.135103 0.990494
1706080004.799521 274.896703 61.138705 4.167994 -0.023337 0.011913 0.135352 0.990451
1706080004.898433 275.005883 61.185271 4.146491 -0.023786 0.011905 0.135457 0.990426
1706080004.997649 275.121567 61.225644 4.107706 -0.022973 0.012026 0.135744 0.990405
1706080005.105352 275.237313 61.240959 4.157475 -0.023539 0.012693 0.136076 0.990337
1706080005.204246 275.364920 61.300919 4.110231 -0.024101 0.012193 0.136341 0.990294
1706080005.302717 275.491879 61.345926 4.062190 -0.025063 0.012359 0.136410 0.990258
1706080005.401320 275.626762 61.397317 4.045051 -0.024853 0.012213 0.136677 0.990229
1706080005.504643 275.764261 61.441161 3.993730 -0.024474 0.011478 0.137045 0.990196
1706080005.604660 275.891378 61.473167 3.942112 -0.025374 0.011033 0.137277 0.990146
1706080005.697339 276.005858 61.509845 3.991192 -0.023608 0.010710 0.137624 0.990145
1706080005.802486 276.136269 61.561845 4.012971 -0.024176 0.010978 0.137865 0.990095
1706080005.901939 276.252709 61.594889 3.937801 -0.024979 0.010783 0.138077 0.990048
1706080006.000579 276.365944 61.650420 3.945400 -0.024327 0.010700 0.138176 0.990051
1706080006.099545 276.482703 61.700771 3.961746 -0.025020 0.010960 0.138308 0.990013
1706080006.198773 276.599250 61.726538 3.936882 -0.027114 0.011257 0.138569 0.989917
1706080006.297892 276.718473 61.750255 3.896707 -0.027744 0.010586 0.138775 0.989879
1706080006.396973 276.822220 61.771768 3.822007 -0.027705 0.010616 0.139007 0.989847
1706080006.503868 276.954961 61.826579 3.817314 -0.026467 0.010947 0.139383 0.989824
1706080006.602531 277.072721 61.874316 3.829905 -0.026511 0.010324 0.139563 0.989804
1706080006.701076 277.186837 61.899716 3.837063 -0.026981 0.010829 0.139777 0.989756
1706080006.795286 277.296367 61.944461 3.890691 -0.026609 0.011047 0.139892 0.989747
1706080006.904730 277.427654 61.980716 3.861544 -0.026589 0.011041 0.139957 0.989739
1706080007.003536 277.556971 62.028722 3.894898 -0.027192 0.010795 0.140008 0.989718
1706080007.102999 277.676485 62.065717 3.939630 -0.024875 0.010689 0.140284 0.989741
1706080007.201649 277.798150 62.108260 3.999711 -0.025458 0.010938 0.140366 0.989712
1706080007.300701 277.912114 62.155750 4.024559 -0.025312 0.010864 0.140471 0.989702
1706080007.399873 278.038454 62.210400 4.057929 -0.025136 0.010970 0.140604 0.989686
1706080007.502388 278.151636 62.258381 4.093281 -0.026307 0.010696 0.140701 0.989645
1706080007.598085 278.265217 62.299173 4.128611 -0.026379 0.010917 0.140838 0.989621
1706080007.704803 278.385173 62.356428 4.115823 -0.025927 0.010954 0.140849 0.989631
1706080007.796808 278.496832 62.379567 4.120383 -0.028018 0.011347 0.141218 0.989517
1706080007.896447 278.611493 62.423640 4.158968 -0.026172 0.011115 0.141388 0.989546
1706080007.996317 278.724213 62.471303 4.109634 -0.026826 0.010963 0.141520 0.989511
1706080008.095134 278.845262 62.524682 4.093642 -0.028142 0.011599 0.141596 0.989456
1706080008.204401 278.971590 62.570582 4.107279 -0.027549 0.011749 0.141904 0.989427
1706080008.304080 279.091079 62.619147 4.098793 -0.026338 0.011632 0.142079 0.989437
1706080008.402705 279.200641 62.659868 4.050669 -0.027166 0.011454 0.142225 0.989395
1706080008.501811 279.330666 62.710064 4.064319 -0.027353 0.011040 0.142470 0.989360
1706080008.600990 279.451292 62.754453 4.060374 -0.025503 0.011276 0.142796 0.989359
1706080008.700084 279.567299 62.771625 4.032555 -0.027335 0.011132 0.142965 0.989288
1706080008.799186 279.678032 62.795804 4.001025 -0.027706 0.011290 0.143057 0.989262
1706080008.899147 279.804940 62.833019 3.991973 -0.027734 0.011280 0.143238 0.989235
1706080008.997830 279.930152 62.886585 3.956420 -0.027338 0.011038 0.143138 0.989264
1706080009.097272 280.036119 62.898483 3.951263 -0.027481 0.011297 0.143375 0.989222
1706080009.197332 280.159653 62.967259 3.945762 -0.025543 0.010221 0.143346 0.989290
1706080009.300623 280.297993 63.020341 3.912283 -0.026881 0.010923 0.143351 0.989246
1706080009.394832 280.422394 63.072233 3.943195 -0.027003 0.010698 0.143472 0.989228
1706080009.504290 280.554978 63.119543 3.943140 -0.027738 0.011331 0.143388 0.989213
1706080009.603806 280.673079 63.162489 3.958505 -0.026477 0.011293 0.143616 0.989215
1706080009.702938 280.795803 63.212083 3.899402 -0.026793 0.011430 0.143468 0.989226
1706080009.802076 280.916751 63.255975 3.895416 -0.026919 0.011534 0.143596 0.989203
1706080009.901178 281.035273 63.300143 3.926278 -0.026898 0.011473 0.143437 0.989227
1706080010.000286 281.156622 63.343134 3.902791 -0.026068 0.011977 0.143603 0.989220
1706080010.100163 281.269121 63.383453 3.906003 -0.025908 0.011634 0.143658 0.989220
1706080010.198849 281.390736 63.413222 3.940023 -0.026329 0.011266 0.143706 0.989206
1706080010.304384 281.496818 63.449800 3.956519 -0.025675 0.011115 0.143541 0.989249
1706080010.398376 281.604294 63.485972 3.922673 -0.026072 0.010793 0.143635 0.989228
1706080010.497299 281.720879 63.526062 3.933402 -0.025978 0.011114 0.143565 0.989237
1706080010.596248 281.847428 63.581145 3.920999 -0.025847 0.010613 0.143455 0.989262
1706080010.705136 281.982291 63.640290 3.901340 -0.025732 0.010747 0.143349 0.989279
1706080010.804827 282.103125 63.665273 3.937168 -0.027523 0.011223 0.143149 0.989255
1706080010.904036 282.215845 63.711659 3.995386 -0.025587 0.011282 0.143126 0.989309
1706080011.003181 282.313526 63.765150 4.018845 -0.025039 0.011603 0.143000 0.989338
1706080011.102304 282.439824 63.804698 4.044643 -0.025422 0.011705 0.143152 0.989305
1706080011.202488 282.546592 63.851196 4.051118 -0.025414 0.011218 0.142863 0.989353
1706080011.301185 282.689615 63.908603 4.079461 -0.025348 0.011231 0.142929 0.989345
1706080011.399867 282.812633 63.945492 4.109551 -0.026244 0.011430 0.142649 0.989359
1706080011.499543 282.935076 64.000208 4.148924 -0.025002 0.011508 0.142657 0.989389
1706080011.599409 283.060468 64.043358 4.107788 -0.025368 0.011811 0.142551 0.989392
1706080011.702685 283.165934 64.079478 4.115654 -0.025735 0.011613 0.142401 0.989406
1706080011.797418 283.272907 64.122952 4.108570 -0.025780 0.012004 0.142294 0.989416
1706080011.896403 283.383232 64.145589 4.071746 -0.026865 0.011583 0.142333 0.989386
1706080011.998498 283.521054 64.185329 4.059335 -0.026277 0.012026 0.142458 0.989379
1706080012.105125 283.656062 64.228877 4.053648 -0.026510 0.011389 0.142412 0.989387
1706080012.204269 283.784154 64.261147 3.944122 -0.028635 0.011023 0.142367 0.989338
1706080012.303406 283.901514 64.316260 3.957544 -0.026309 0.011079 0.142461 0.989389
1706080012.402446 284.004287 64.368113 3.999250 -0.027439 0.011883 0.142308 0.989371
1706080012.502214 284.116842 64.399364 3.952481 -0.027533 0.010910 0.142647 0.989331
1706080012.601729 284.240769 64.440751 3.932307 -0.028200 0.011214 0.142600 0.989315
1706080012.701575 284.363996 64.474653 3.835478 -0.029109 0.010214 0.142779 0.989274
1706080012.800506 284.474641 64.510061 3.783947 -0.028800 0.010434 0.143170 0.989224
1706080012.899413 284.577886 64.537615 3.811634 -0.029137 0.010961 0.143427 0.989171
1706080012.998462 284.703977 64.594883 3.869592 -0.028318 0.010895 0.143692 0.989157
1706080013.097509 284.804109 64.642564 3.876988 -0.027538 0.011208 0.143922 0.989142
1706080013.196551 284.937276 64.682664 3.884449 -0.028656 0.011035 0.144293 0.989058
1706080013.305120 285.062432 64.722459 3.873339 -0.028525 0.010877 0.144709 0.989003
1706080013.404950 285.181416 64.774761 3.901938 -0.028728 0.011050 0.144910 0.988966
1706080013.504501 285.316526 64.828786 3.920805 -0.028558 0.011063 0.145250 0.988921
1706080013.603588 285.426800 64.876445 3.924529 -0.028824 0.010961 0.145462 0.988883
1706080013.703229 285.548844 64.924779 3.996231 -0.026731 0.011655 0.145954 0.988862
1706080013.801882 285.671217 64.977615 3.996190 -0.028997 0.011426 0.146086 0.988781
1706080013.902800 285.788630 65.033354 4.018318 -0.027262 0.010954 0.146563 0.988765
1706080014.001591 285.904895 65.072872 4.006977 -0.027017 0.011366 0.147029 0.988698
1706080014.100554 285.995456 65.127430 4.017047 -0.026695 0.011401 0.147304 0.988665
1706080014.199595 286.106264 65.171999 4.070840 -0.027674 0.011824 0.147595 0.988590
1706080014.298586 286.227558 65.215097 4.084813 -0.026404 0.011523 0.148143 0.988546
1706080014.394755 286.344858 65.234103 4.084953 -0.028359 0.011232 0.148699 0.988412
1706080014.496474 286.460957 65.280082 4.053789 -0.028540 0.011299 0.149075 0.988349
1706080014.605421 286.576693 65.324698 4.057429 -0.027865 0.011108 0.149533 0.988302
1706080014.705276 286.689647 65.380009 4.037762 -0.028132 0.010912 0.149995 0.988226
1706080014.804672 286.810247 65.429893 4.028551 -0.028872 0.010821 0.150164 0.988180
1706080014.904229 286.939071 65.467090 4.015892 -0.029507 0.011172 0.150625 0.988087
1706080015.003737 287.054102 65.502440 4.050594 -0.028117 0.011025 0.151015 0.988070
1706080015.103834 287.165734 65.554472 4.120205 -0.027828 0.011617 0.151316 0.988025
1706080015.202672 287.285013 65.606176 4.095753 -0.027954 0.011025 0.151515 0.987998
1706080015.301628 287.387981 65.667179 4.051215 -0.026502 0.010879 0.151826 0.987992
1706080015.404366 287.502886 65.733440 4.123576 -0.025906 0.011637 0.152171 0.987946
1706080015.499691 287.613925 65.766634 4.095149 -0.027932 0.012036 0.152567 0.987825
1706080015.598549 287.725768 65.819226 4.128622 -0.026723 0.012365 0.152990 0.987789
1706080015.697782 287.830630 65.856700 4.121723 -0.026608 0.012634 0.153440 0.987719
1706080015.796941 287.961126 65.897325 4.130693 -0.026472 0.012485 0.153786 0.987671
1706080015.904115 288.080182 65.940627 4.123892 -0.026893 0.013057 0.154087 0.987605
1706080016.002705 288.199402 65.981151 4.102148 -0.027157 0.012861 0.154528 0.987531
1706080016.105198 288.320206 66.023615 4.069391 -0.027446 0.012754 0.154905 0.987466
1706080016.203900 288.417546 66.060075 4.087824 -0.027328 0.012859 0.155327 0.987401
1706080016.304850 288.541810 66.112300 4.118393 -0.027582 0.012913 0.155801 0.987319
1706080016.403723 288.647304 66.148909 4.128003 -0.027567 0.012710 0.156079 0.987278
1706080016.502719 288.767464 66.185404 4.096525 -0.027704 0.012075 0.156537 0.987210
1706080016.601412 288.900776 66.235878 4.075471 -0.026981 0.011576 0.156782 0.987197
1706080016.700730 289.017437 66.288664 4.013380 -0.027088 0.012454 0.157093 0.987134
1706080016.799824 289.132098 66.337078 3.972224 -0.028089 0.011889 0.157259 0.987086
1706080016.898897 289.238688 66.374031 4.001661 -0.026352 0.011387 0.157498 0.987102
1706080016.998045 289.356327 66.428311 4.013888 -0.026607 0.011663 0.157716 0.987057
1706080017.105240 289.481028 66.492390 3.997299 -0.026810 0.012142 0.157977 0.987004
1706080017.196731 289.582354 66.550830 4.008236 -0.026101 0.012000 0.158078 0.987009
1706080017.305117 289.696272 66.599339 3.963893 -0.027492 0.012319 0.158092 0.986965
1706080017.404962 289.817315 66.664296 3.972483 -0.025927 0.011966 0.158284 0.986981
1706080017.504584 289.921759 66.705846 4.017018 -0.027403 0.013433 0.158284 0.986922
1706080017.604755 290.037760 66.747618 4.069839 -0.026023 0.012373 0.158410 0.986953
1706080017.703746 290.153177 66.785832 4.058685 -0.026160 0.012334 0.158391 0.986953
1706080017.802775 290.270695 66.845691 4.088150 -0.025350 0.012663 0.158402 0.986968
1706080017.899089 290.382648 66.899851 4.087168 -0.026075 0.012628 0.158551 0.986926
1706080018.000916 290.506485 66.935463 4.067498 -0.026526 0.012594 0.158684 0.986893
1706080018.100057 290.627503 66.986844 4.061456 -0.027223 0.013134 0.158686 0.986866
1706080018.200272 290.751163 67.038711 4.067286 -0.026604 0.012867 0.158926 0.986848
1706080018.299037 290.876674 67.092693 4.065683 -0.027080 0.012783 0.158953 0.986832
1706080018.404902 290.981121 67.121027 4.029215 -0.027685 0.012535 0.159098 0.986795
1706080018.486483 291.072993 67.161918 4.057798 -0.026832 0.013256 0.159207 0.986792
1706080018.605478 291.208852 67.214318 4.059164 -0.027545 0.012651 0.159414 0.986746
1706080018.705145 291.313930 67.267673 4.055710 -0.027586 0.012261 0.159464 0.986742
1706080018.804092 291.443209 67.296914 4.044423 -0.027992 0.012390 0.159544 0.986716
1706080018.904821 291.559196 67.353450 4.033120 -0.027780 0.011835 0.159590 0.986722
1706080019.003888 291.666221 67.404679 4.024919 -0.028206 0.012016 0.159542 0.986715
1706080019.102906 291.775309 67.455837 4.007860 -0.027731 0.012070 0.159642 0.986712
1706080019.202010 291.894666 67.511593 4.001373 -0.028321 0.012070 0.159458 0.986725
1706080019.289529 291.990455 67.550564 4.072848 -0.027620 0.012358 0.159480 0.986737
1706080019.401372 292.123341 67.604419 4.085319 -0.028403 0.012935 0.159530 0.986700
1706080019.499875 292.249159 67.658837 4.088610 -0.028213 0.013277 0.159568 0.986694
1706080019.598797 292.360318 67.740509 4.102030 -0.026476 0.013688 0.159506 0.986747
1706080019.687597 292.464724 67.796949 4.080873 -0.027369 0.013350 0.159520 0.986725
1706080019.797404 292.596006 67.832557 4.107895 -0.028507 0.012686 0.159511 0.986703
1706080019.905416 292.715326 67.871087 4.075680 -0.027994 0.013100 0.159629 0.986693
1706080020.005131 292.818582 67.894955 4.062144 -0.029861 0.012399 0.159555 0.986659
1706080020.103911 292.932531 67.947514 4.140136 -0.028145 0.012884 0.159709 0.986679
1706080020.202520 293.046578 67.994316 4.152769 -0.028591 0.012481 0.159656 0.986680
1706080020.304014 293.173076 68.045121 4.174580 -0.028944 0.012690 0.159690 0.986661
1706080020.403079 293.265158 68.088328 4.173887 -0.028683 0.012697 0.159744 0.986660
1706080020.502199 293.369353 68.138192 4.166610 -0.029734 0.013237 0.159635 0.986639
1706080020.602524 293.498261 68.195187 4.197103 -0.027974 0.013057 0.159916 0.986648
1706080020.700419 293.622635 68.237321 4.183988 -0.028011 0.013086 0.159878 0.986653
1706080020.799819 293.730078 68.294953 4.210152 -0.029461 0.013157 0.159696 0.986639
1706080020.888721 293.832762 68.321298 4.162628 -0.028751 0.013370 0.159818 0.986637
1706080020.998206 293.957718 68.374501 4.153414 -0.028243 0.012744 0.159504 0.986711
1706080021.097046 294.064739 68.418384 4.159371 -0.027810 0.012109 0.159534 0.986726
1706080021.196688 294.189182 68.456445 4.150813 -0.027595 0.011863 0.159690 0.986710
1706080021.304931 294.301175 68.518458 4.201747 -0.027408 0.012120 0.159732 0.986705
1706080021.403457 294.429590 68.573498 4.144815 -0.029409 0.011954 0.159812 0.986637
1706080021.504866 294.552698 68.631552 4.061855 -0.030378 0.011610 0.159650 0.986638
1706080021.604206 294.651900 68.670077 4.026662 -0.029041 0.012035 0.159960 0.986623
1706080021.703358 294.771422 68.715355 4.029352 -0.029165 0.012695 0.159938 0.986615
1706080021.803625 294.889583 68.757765 3.984249 -0.029391 0.012330 0.159874 0.986623
1706080021.902151 295.007740 68.792772 4.006674 -0.028962 0.013144 0.160025 0.986600
1706080022.000839 295.137635 68.858095 3.978014 -0.028799 0.012670 0.160011 0.986614
1706080022.089785 295.232123 68.891941 3.920173 -0.030128 0.012290 0.160003 0.986580
1706080022.199470 295.362883 68.949190 3.904532 -0.029097 0.012151 0.160166 0.986586
1706080022.298108 295.485567 68.999220 3.857974 -0.030820 0.011098 0.160285 0.986527
1706080022.397818 295.595815 69.053430 3.834758 -0.028628 0.011540 0.160329 0.986581
1706080022.496422 295.708851 69.104766 3.889294 -0.029770 0.011286 0.160332 0.986550
1706080022.604669 295.842240 69.142783 3.866663 -0.029821 0.010948 0.160480 0.986528
1706080022.703126 295.962708 69.182054 3.920912 -0.028941 0.011226 0.160674 0.986519
1706080022.801873 296.066550 69.235708 3.880255 -0.030673 0.010653 0.160538 0.986495
1706080022.904481 296.167654 69.284273 3.875761 -0.029220 0.010609 0.160519 0.986543
1706080023.004565 296.287628 69.352015 3.905221 -0.030008 0.010837 0.160338 0.986546
1706080023.103179 296.385016 69.402043 3.892478 -0.028273 0.011574 0.160518 0.986560
1706080023.191969 296.483742 69.431180 3.872655 -0.029735 0.011406 0.160439 0.986532
1706080023.290855 296.603205 69.490411 3.838773 -0.031056 0.011740 0.160214 0.986524
1706080023.400295 296.733395 69.540602 3.869296 -0.030060 0.012137 0.160282 0.986539
1706080023.499288 296.857159 69.574795 3.851397 -0.031047 0.011835 0.160355 0.986500
1706080023.598828 296.982356 69.635618 3.916457 -0.029463 0.012855 0.160380 0.986532
1706080023.697480 297.103841 69.678337 3.908014 -0.029642 0.013262 0.160513 0.986499
1706080023.796636 297.220709 69.729375 3.880742 -0.030034 0.012630 0.160564 0.986487
1706080023.904130 297.341317 69.785471 3.931688 -0.030303 0.012675 0.160793 0.986441
1706080024.002876 297.445675 69.828768 3.938144 -0.029571 0.011327 0.161090 0.986432
1706080024.105252 297.550392 69.877608 3.930316 -0.029642 0.011649 0.161194 0.986409
1706080024.205333 297.652959 69.901939 3.970781 -0.028694 0.012338 0.161653 0.986353
1706080024.304257 297.741911 69.944813 3.914371 -0.029199 0.011287 0.161591 0.986361
1706080024.392977 297.838683 69.998892 3.865666 -0.029607 0.011280 0.161672 0.986336
1706080024.491882 297.963781 70.044333 3.828021 -0.030409 0.011130 0.161720 0.986305
1706080024.601556 298.110657 70.108986 3.838112 -0.030178 0.011539 0.161873 0.986282
1706080024.700200 298.234949 70.158054 3.836433 -0.028176 0.010731 0.162421 0.986261
1706080024.799916 298.346828 70.212682 3.868657 -0.030519 0.011778 0.162242 0.986209
1706080024.898593 298.459700 70.266122 3.877315 -0.030583 0.011803 0.162361 0.986187
1706080024.997769 298.590873 70.326060 3.888767 -0.031944 0.011137 0.162542 0.986122
1706080025.096884 298.700903 70.364609 3.926591 -0.031650 0.011545 0.162909 0.986066
1706080025.195974 298.803621 70.400448 3.908884 -0.031658 0.011350 0.163214 0.986017
1706080025.295506 298.923510 70.459039 3.907915 -0.032013 0.010874 0.163371 0.985985
1706080025.394149 299.037320 70.504085 3.904898 -0.030692 0.011366 0.163870 0.985939
1706080025.505261 299.149055 70.570195 3.866403 -0.030293 0.011358 0.164001 0.985929
1706080025.593997 299.259281 70.618794 3.887655 -0.030510 0.011116 0.164262 0.985882
1706080025.692921 299.380726 70.673384 3.881228 -0.030451 0.011296 0.164571 0.985830
1706080025.802634 299.515572 70.739084 3.899418 -0.030098 0.011586 0.165026 0.985762
1706080025.901276 299.635636 70.770477 3.864699 -0.031654 0.011346 0.165346 0.985662
1706080026.001028 299.762414 70.826513 3.803610 -0.028699 0.011254 0.165606 0.985710
1706080026.099714 299.879525 70.905227 3.768314 -0.029149 0.011438 0.165582 0.985699
1706080026.198857 299.989015 70.929630 3.781369 -0.030183 0.011592 0.165918 0.985609
1706080026.297966 300.094246 70.962036 3.745465 -0.029467 0.011707 0.166247 0.985574
1706080026.397064 300.187199 71.016113 3.743434 -0.029460 0.011552 0.166418 0.985547
1706080026.503642 300.302237 71.064832 3.780284 -0.028936 0.012306 0.166638 0.985517
1706080026.596165 300.403723 71.106334 3.779827 -0.030398 0.012165 0.166805 0.985446
1706080026.696414 300.509934 71.155361 3.840772 -0.029960 0.012169 0.167031 0.985421
1706080026.795133 300.614962 71.213582 3.893026 -0.029460 0.012491 0.167304 0.985386
1706080026.894067 300.728859 71.264111 3.900379 -0.030460 0.012139 0.167541 0.985320
1706080027.003698 300.845299 71.317985 3.948150 -0.029488 0.012351 0.167971 0.985273
1706080027.102342 300.950533 71.379491 3.982635 -0.030337 0.012451 0.168027 0.985237
1706080027.202100 301.063670 71.430063 3.975981 -0.029609 0.012445 0.168318 0.985209
1706080027.300838 301.195310 71.466459 4.034467 -0.029509 0.012449 0.168667 0.985153
1706080027.399993 301.319836 71.526750 4.064350 -0.029523 0.012849 0.168842 0.985117
1706080027.499099 301.445549 71.571117 4.032749 -0.029243 0.012757 0.169123 0.985078
1706080027.598781 301.562320 71.626230 4.122626 -0.028840 0.013688 0.169341 0.985040
1706080027.697482 301.675235 71.672369 4.119317 -0.029258 0.013163 0.169333 0.985037
1706080027.797200 301.766206 71.728159 4.133500 -0.029170 0.013201 0.169337 0.985038
1706080027.897461 301.876424 71.780518 4.099529 -0.029480 0.012950 0.169412 0.985019
1706080027.997047 301.979226 71.833676 4.102462 -0.029465 0.013029 0.169505 0.985003
1706080028.095259 302.096758 71.891011 4.092967 -0.029785 0.013012 0.169466 0.985000
1706080028.204746 302.221868 71.938405 4.102048 -0.029032 0.012743 0.169612 0.985001
1706080028.303398 302.339650 71.983703 4.116441 -0.028997 0.012675 0.169669 0.984993
1706080028.403187 302.462541 72.050920 4.108433 -0.029196 0.012256 0.169729 0.984982
1706080028.501952 302.586203 72.110319 4.115568 -0.028012 0.012645 0.169542 0.985044
1706080028.601124 302.704352 72.152577 4.113534 -0.028235 0.012568 0.169509 0.985044
1706080028.700179 302.817285 72.184114 4.104437 -0.030723 0.012650 0.169354 0.984995
1706080028.799794 302.908578 72.238235 4.161641 -0.028433 0.012615 0.169337 0.985067
1706080028.898495 303.017858 72.273649 4.097846 -0.029736 0.011939 0.169204 0.985060
1706080028.998225 303.111943 72.325680 4.113330 -0.025845 0.011905 0.169106 0.985187
1706080029.098472 303.234356 72.365169 4.106047 -0.028776 0.011653 0.169034 0.985121
1706080029.197250 303.362160 72.407880 4.104990 -0.029511 0.012027 0.168835 0.985129
1706080029.296221 303.473167 72.448492 4.127281 -0.027253 0.012832 0.168867 0.985178
1706080029.395168 303.598063 72.499951 4.080708 -0.029492 0.012634 0.168620 0.985159
1706080029.504423 303.719927 72.550210 4.042140 -0.029184 0.012552 0.168413 0.985204
1706080029.604251 303.856139 72.603781 4.046807 -0.028431 0.012753 0.168443 0.985219
1706080029.703049 303.969358 72.653073 4.042186 -0.029288 0.012678 0.168180 0.985240
1706080029.802175 304.082737 72.713695 4.060059 -0.028453 0.012586 0.167980 0.985299
1706080029.901292 304.193373 72.753759 3.996076 -0.029121 0.012160 0.167807 0.985315
1706080030.000835 304.295806 72.800939 3.976963 -0.029808 0.012685 0.167379 0.985360
1706080030.099501 304.408517 72.859455 3.956366 -0.029204 0.012660 0.167187 0.985411
1706080030.200692 304.529671 72.927350 3.982191 -0.029952 0.012755 0.166799 0.985453
1706080030.299551 304.650428 72.969378 3.969499 -0.029844 0.012546 0.166635 0.985487
1706080030.398407 304.777340 73.014478 3.984491 -0.029952 0.012756 0.166413 0.985519
1706080030.497365 304.901740 73.072366 3.944040 -0.029997 0.012605 0.166136 0.985566
1706080030.596061 304.999461 73.102180 3.919266 -0.030260 0.012003 0.165970 0.985593
1706080030.695398 305.118142 73.142766 3.959446 -0.030506 0.012350 0.165788 0.985612
1706080030.804874 305.238417 73.189704 3.899950 -0.029866 0.011829 0.165560 0.985676
1706080030.904191 305.360284 73.221138 3.865022 -0.031751 0.011595 0.165364 0.985653
1706080031.003306 305.468197 73.287000 3.891488 -0.029564 0.011879 0.165233 0.985740
1706080031.102390 305.562535 73.330665 3.898127 -0.029190 0.011738 0.165042 0.985785
1706080031.201874 305.669935 73.382208 3.889997 -0.029286 0.011713 0.164701 0.985839
1706080031.300553 305.784415 73.433639 3.937593 -0.030333 0.012528 0.164527 0.985826
1706080031.401741 305.909050 73.493667 4.036372 -0.028188 0.012525 0.164308 0.985927
1706080031.500610 306.022396 73.537969 4.045060 -0.027772 0.012565 0.164060 0.985979
1706080031.599456 306.145728 73.582399 4.075542 -0.029128 0.012313 0.163709 0.986002
1706080031.698437 306.282622 73.640551 4.085365 -0.028869 0.011919 0.163388 0.986067
1706080031.797090 306.397133 73.686553 4.051094 -0.029380 0.012373 0.163045 0.986104
1706080031.896441 306.508321 73.747251 4.096509 -0.028614 0.013102 0.162673 0.986178
1706080032.004921 306.630217 73.787876 4.060225 -0.029109 0.012667 0.162238 0.986241
1706080032.104777 306.729529 73.790651 4.061568 -0.029200 0.012043 0.162128 0.986264
1706080032.204397 306.859187 73.834343 4.046517 -0.028464 0.012061 0.161662 0.986362
1706080032.304186 306.976765 73.876985 3.997575 -0.029747 0.012064 0.161447 0.986359
1706080032.402940 307.078509 73.936012 4.020124 -0.030410 0.012028 0.160914 0.986426
1706080032.501645 307.186048 74.005950 3.970810 -0.029029 0.011176 0.160590 0.986531
1706080032.602821 307.306550 74.044906 3.924819 -0.030177 0.011590 0.160490 0.986508
1706080032.701668 307.414043 74.107290 3.943710 -0.029225 0.012007 0.160298 0.986563
1706080032.800565 307.541776 74.153384 3.973066 -0.029489 0.012357 0.160184 0.986569
1706080032.899539 307.653135 74.196614 3.920403 -0.030480 0.011270 0.159997 0.986582
1706080032.998295 307.784929 74.219784 3.932440 -0.029676 0.011431 0.160072 0.986593
1706080033.097558 307.907084 74.264638 3.926963 -0.030041 0.011555 0.159923 0.986605
1706080033.196629 308.018222 74.318349 3.996843 -0.029566 0.012333 0.159694 0.986647
1706080033.305314 308.147261 74.368884 3.987461 -0.030835 0.011498 0.159535 0.986644
1706080033.405170 308.248606 74.421814 3.947974 -0.030383 0.011342 0.159339 0.986691
1706080033.504581 308.356887 74.465602 3.970220 -0.029939 0.011713 0.159221 0.986719
1706080033.603956 308.475992 74.526023 4.013309 -0.030622 0.012386 0.158957 0.986733
1706080033.703776 308.597647 74.569520 3.990185 -0.029812 0.011726 0.158911 0.986773
1706080033.803844 308.723619 74.631783 3.975301 -0.030982 0.012134 0.158652 0.986774
1706080033.902726 308.837063 74.673127 4.034359 -0.031532 0.012483 0.158549 0.986769
1706080034.001614 308.945385 74.702782 4.033087 -0.030885 0.012748 0.158480 0.986797
1706080034.100628 309.054092 74.761967 4.117735 -0.030076 0.012560 0.158340 0.986847
1706080034.199608 309.167434 74.796702 4.121984 -0.029996 0.012388 0.158305 0.986857
1706080034.298645 309.290236 74.846395 4.112607 -0.030106 0.012553 0.158115 0.986882
1706080034.397740 309.403553 74.882531 4.068690 -0.031052 0.012109 0.158189 0.986846
1706080034.496800 309.533254 74.932094 4.068377 -0.029719 0.012234 0.158241 0.986877
1706080034.604656 309.652354 74.976995 4.035952 -0.030409 0.011700 0.157928 0.986913
1706080034.705118 309.757424 74.996827 4.114766 -0.029205 0.011651 0.158055 0.986929
1706080034.804949 309.874490 75.039425 4.101397 -0.028860 0.011730 0.157948 0.986956
1706080034.903826 309.979824 75.086148 4.044753 -0.029841 0.011169 0.157740 0.986967
1706080035.004909 310.101024 75.131853 4.011377 -0.029864 0.011548 0.157733 0.986963
1706080035.103752 310.224294 75.189025 3.947925 -0.029042 0.012021 0.157760 0.986977
1706080035.202700 310.345065 75.238441 3.940761 -0.028921 0.011752 0.157633 0.987004
1706080035.301724 310.451176 75.299611 3.949168 -0.028354 0.011635 0.157700 0.987011
1706080035.400681 310.552147 75.367315 4.057554 -0.028121 0.012002 0.157549 0.987038
1706080035.499739 310.676523 75.417256 4.078239 -0.028972 0.011871 0.157624 0.987003
1706080035.598920 310.814422 75.462952 4.061882 -0.028119 0.012137 0.157793 0.986997
1706080035.698014 310.941566 75.508745 4.031574 -0.030134 0.012300 0.157805 0.986934
1706080035.798193 311.060035 75.556418 4.000394 -0.029415 0.011584 0.157840 0.986959
1706080035.903893 311.173190 75.602609 4.005102 -0.029932 0.011750 0.157799 0.986948
1706080036.005453 311.295304 75.635055 3.989812 -0.030963 0.011097 0.157861 0.986913
1706080036.104940 311.402191 75.682312 3.921788 -0.029663 0.011071 0.158024 0.986928
1706080036.204501 311.507042 75.727691 3.912010 -0.029600 0.011250 0.158192 0.986900
1706080036.304805 311.608511 75.762225 3.963170 -0.029436 0.011585 0.158347 0.986877
1706080036.403776 311.725428 75.816079 3.964682 -0.029451 0.011903 0.158452 0.986856
1706080036.502765 311.846170 75.868707 3.955867 -0.030142 0.011577 0.158709 0.986797
1706080036.601876 311.957484 75.913912 3.960092 -0.028296 0.012047 0.158968 0.986805
1706080036.700890 312.071775 75.965377 3.958042 -0.028834 0.011927 0.159111 0.986767
1706080036.799961 312.188445 76.001464 3.985228 -0.029790 0.011489 0.159151 0.986738
1706080036.899159 312.315469 76.052873 3.977501 -0.028716 0.011797 0.159282 0.986745
1706080036.999183 312.431359 76.082730 4.022074 -0.028890 0.012062 0.159671 0.986674
1706080037.105149 312.545631 76.102458 4.002523 -0.028116 0.012590 0.160081 0.986623
1706080037.196543 312.641903 76.148258 3.998245 -0.026329 0.011623 0.160196 0.986665
1706080037.285417 312.744502 76.212372 4.001708 -0.025272 0.012370 0.160511 0.986633
1706080037.404798 312.881036 76.254593 4.007454 -0.024935 0.012842 0.160835 0.986583
1706080037.504132 312.996026 76.300784 4.036517 -0.023658 0.013100 0.161101 0.986567
1706080037.604765 313.101630 76.361805 3.993667 -0.022967 0.012830 0.161255 0.986562
1706080037.703884 313.237841 76.420342 3.969358 -0.023895 0.013197 0.161491 0.986497
1706080037.802948 313.338937 76.459836 3.954503 -0.022573 0.013244 0.161851 0.986468
1706080037.901936 313.445296 76.510831 3.964371 -0.021353 0.013953 0.162167 0.986434
1706080038.001051 313.540518 76.560016 3.959561 -0.020506 0.013604 0.162293 0.986436
1706080038.100209 313.645956 76.610903 3.972886 -0.020943 0.013263 0.162568 0.986386
1706080038.200290 313.783951 76.668639 3.951835 -0.020928 0.013665 0.162980 0.986313
1706080038.298847 313.889500 76.715551 3.970503 -0.020644 0.013696 0.163160 0.986289
1706080038.404541 314.011550 76.765408 3.959894 -0.021089 0.013640 0.163388 0.986242
1706080038.497465 314.138950 76.805437 3.953078 -0.021969 0.013556 0.163667 0.986178
1706080038.596361 314.256509 76.857049 3.935290 -0.022873 0.013200 0.163700 0.986157
1706080038.705117 314.372649 76.910617 4.009224 -0.022566 0.014246 0.163874 0.986120
1706080038.804013 314.479887 76.954969 4.031544 -0.025399 0.014057 0.164003 0.986033
1706080038.904717 314.620043 77.000871 3.986872 -0.026751 0.012980 0.164099 0.985996
1706080039.004017 314.735119 77.047219 3.964702 -0.027004 0.012527 0.164201 0.985978
1706080039.103058 314.843228 77.090498 3.995185 -0.028011 0.012890 0.164403 0.985911
1706080039.202150 314.951048 77.138925 3.988249 -0.027984 0.012679 0.164470 0.985903
1706080039.301263 315.039604 77.190043 4.003353 -0.028176 0.012488 0.164508 0.985894
1706080039.401397 315.152288 77.218805 4.005150 -0.028981 0.012211 0.164911 0.985807
1706080039.500015 315.273785 77.283313 4.002386 -0.031372 0.012406 0.164653 0.985775
1706080039.588756 315.381144 77.328170 3.989411 -0.031052 0.012376 0.164722 0.985773
1706080039.687654 315.494897 77.376060 4.023448 -0.031696 0.012327 0.164720 0.985754
1706080039.797377 315.626041 77.443347 4.012471 -0.032247 0.012168 0.164726 0.985737
1706080039.896023 315.744076 77.501832 3.987959 -0.031070 0.012303 0.164857 0.985751
1706080040.005039 315.865631 77.555122 3.994703 -0.031030 0.012017 0.164958 0.985739
1706080040.103543 315.957457 77.587553 4.047850 -0.030419 0.012571 0.165048 0.985736
1706080040.205130 316.077786 77.629759 4.038662 -0.030658 0.012038 0.165243 0.985703
1706080040.304173 316.184370 77.672758 4.041224 -0.031987 0.011971 0.164993 0.985703
1706080040.403254 316.285156 77.711607 3.905050 -0.028909 0.010859 0.165228 0.985772
1706080040.503565 316.411579 77.753963 3.925069 -0.029990 0.011567 0.165298 0.985720
1706080040.602316 316.528273 77.807419 3.956755 -0.028705 0.012302 0.165268 0.985754
1706080040.700984 316.642736 77.849508 3.961970 -0.027829 0.012483 0.165422 0.985751
1706080040.789813 316.758327 77.897585 3.996668 -0.027948 0.013072 0.165312 0.985759
1706080040.888720 316.865393 77.945789 4.004766 -0.028295 0.012851 0.165488 0.985722
1706080040.998437 316.992390 77.997806 4.020291 -0.027329 0.012445 0.165521 0.985749
1706080041.097059 317.106765 78.052883 3.972992 -0.027265 0.012802 0.165520 0.985746
1706080041.205142 317.217637 78.114080 3.983641 -0.025227 0.012332 0.165659 0.985783
1706080041.304817 317.347681 78.153176 3.856858 -0.026625 0.012391 0.165711 0.985737
1706080041.403514 317.469420 78.212433 3.937876 -0.026464 0.012644 0.165527 0.985769
1706080041.505209 317.578419 78.257878 3.900828 -0.025924 0.012848 0.165401 0.985802
1706080041.604379 317.685667 78.322234 3.925652 -0.025825 0.012441 0.165235 0.985837
1706080041.704581 317.807326 78.373558 3.894328 -0.026040 0.012294 0.165210 0.985838
1706080041.803348 317.924649 78.404572 3.896671 -0.026531 0.012597 0.165194 0.985824
1706080041.902080 318.033100 78.463544 3.926482 -0.026626 0.013092 0.164886 0.985866
1706080041.990843 318.125240 78.492878 3.899469 -0.027040 0.013234 0.164853 0.985859
1706080042.100836 318.257599 78.540274 3.882639 -0.027154 0.012943 0.164733 0.985879
1706080042.199456 318.372101 78.603064 3.892416 -0.026389 0.012893 0.164426 0.985952
1706080042.298253 318.485235 78.655246 3.923525 -0.027027 0.012710 0.164159 0.985982
1706080042.397238 318.595965 78.690864 3.945411 -0.027037 0.013374 0.164054 0.985990
1706080042.496909 318.708879 78.747497 3.958079 -0.029373 0.013214 0.163418 0.986031
1706080042.604336 318.853451 78.806123 3.951665 -0.028350 0.012842 0.163140 0.986112
1706080042.703045 318.978112 78.860095 3.909064 -0.028766 0.012461 0.162704 0.986177
1706080042.794158 319.092439 78.909962 3.865975 -0.029312 0.012486 0.162155 0.986251
1706080042.904790 319.209509 78.950896 3.876430 -0.028420 0.012696 0.161983 0.986303
1706080043.004283 319.335359 79.000582 3.879079 -0.028640 0.012092 0.161499 0.986383
1706080043.103024 319.448378 79.049061 3.914465 -0.027810 0.013000 0.161155 0.986452
1706080043.191917 319.525747 79.066763 3.962170 -0.030419 0.012535 0.160716 0.986452
1706080043.301853 319.655406 79.124582 3.984582 -0.029678 0.012175 0.160257 0.986554
1706080043.400466 319.759505 79.156193 3.979954 -0.029033 0.012051 0.159926 0.986628
1706080043.499108 319.865093 79.200627 3.961460 -0.028703 0.011913 0.159517 0.986706
1706080043.598406 319.974675 79.245639 4.016476 -0.029298 0.012381 0.159062 0.986756
1706080043.697941 320.087631 79.281552 4.027056 -0.029397 0.012203 0.158825 0.986794
1706080043.796816 320.215103 79.332311 3.969401 -0.029007 0.011669 0.158515 0.986861
1706080043.904089 320.343953 79.391869 3.999971 -0.027116 0.012155 0.158103 0.986975
1706080043.995182 320.429419 79.444518 4.021230 -0.026738 0.013384 0.157672 0.987039
1706080044.094023 320.560108 79.496645 4.012453 -0.028255 0.012008 0.157376 0.987061
1706080044.204695 320.715140 79.547254 4.088803 -0.029841 0.012869 0.156886 0.987082
1706080044.304056 320.828012 79.582691 4.090872 -0.028869 0.011974 0.156388 0.987201
1706080044.393034 320.926987 79.612101 4.084244 -0.027573 0.012323 0.156103 0.987279
1706080044.502855 321.059392 79.673663 4.086063 -0.027455 0.012777 0.155533 0.987366
1706080044.601478 321.171455 79.725441 4.073928 -0.026975 0.012661 0.155122 0.987446
1706080044.700111 321.268394 79.778646 4.029939 -0.028164 0.012436 0.154617 0.987495
1706080044.800266 321.392930 79.829068 4.060685 -0.026737 0.012339 0.154408 0.987568
1706080044.898963 321.509275 79.868676 4.054577 -0.026492 0.012676 0.154103 0.987618
1706080044.997862 321.632969 79.927726 4.065441 -0.025696 0.012706 0.153680 0.987705
1706080045.105120 321.762562 79.975110 4.082725 -0.026060 0.012202 0.153250 0.987768
1706080045.196255 321.869721 80.010971 4.092976 -0.025468 0.012122 0.152985 0.987826
1706080045.302486 321.998355 80.060201 4.080931 -0.028029 0.011865 0.152353 0.987857
1706080045.401123 322.108043 80.095243 4.076248 -0.027033 0.012189 0.152287 0.987891
1706080045.505073 322.220229 80.134029 4.059233 -0.026807 0.012114 0.151865 0.987963
1706080045.594092 322.336612 80.170245 4.107135 -0.027077 0.012184 0.151614 0.987994
1706080045.703846 322.469408 80.215727 4.046961 -0.026615 0.011916 0.151457 0.988034
1706080045.802654 322.592816 80.264375 3.990839 -0.028538 0.012325 0.151132 0.988025
1706080045.901134 322.694476 80.288611 3.931679 -0.028586 0.012075 0.150985 0.988049
1706080046.001409 322.813030 80.345240 3.907892 -0.027720 0.011864 0.150711 0.988118
1706080046.100020 322.920723 80.381666 3.898094 -0.029424 0.012565 0.150468 0.988097
1706080046.198972 323.042653 80.432159 3.917674 -0.027529 0.011820 0.150428 0.988167
1706080046.298601 323.171424 80.491464 3.961639 -0.028058 0.012459 0.150165 0.988184
1706080046.397262 323.287433 80.539048 4.026439 -0.029438 0.012559 0.149882 0.988186
1706080046.496214 323.411214 80.583962 3.980766 -0.029957 0.012113 0.149709 0.988202
1706080046.596323 323.527145 80.627914 4.005018 -0.027597 0.011588 0.149679 0.988282
1706080046.696442 323.638745 80.684328 4.022596 -0.027897 0.011653 0.149526 0.988295
1706080046.795177 323.754965 80.731610 4.083626 -0.028611 0.011724 0.149355 0.988300
1706080046.904886 323.878317 80.786728 4.107228 -0.028338 0.012056 0.149170 0.988332
1706080047.003509 324.001585 80.837480 4.170142 -0.027327 0.012620 0.148856 0.988401
1706080047.102307 324.111879 80.872918 4.200469 -0.028463 0.012190 0.148480 0.988431
1706080047.202482 324.218576 80.903708 4.181642 -0.027040 0.012324 0.148277 0.988499
1706080047.301086 324.337959 80.954343 4.173683 -0.027767 0.012360 0.147804 0.988550
1706080047.400843 324.462004 80.978821 4.225662 -0.027264 0.012848 0.147735 0.988568
1706080047.499613 324.592661 81.033256 4.180193 -0.026744 0.012848 0.147269 0.988651
1706080047.598273 324.707591 81.087444 4.140278 -0.026732 0.012533 0.146819 0.988723
1706080047.698454 324.840442 81.135863 4.139979 -0.025745 0.012215 0.146405 0.988814
1706080047.797117 324.961495 81.186052 4.082892 -0.024832 0.012183 0.145888 0.988914
1706080047.897479 325.081672 81.228247 4.110384 -0.023800 0.011963 0.145612 0.988983
1706080047.996231 325.190306 81.250233 4.092071 -0.026626 0.012030 0.145176 0.988974
1706080048.095206 325.309373 81.275239 4.059543 -0.025354 0.012096 0.144639 0.989086
1706080048.204547 325.435714 81.314221 4.081066 -0.027252 0.012219 0.143976 0.989130
1706080048.303546 325.561182 81.352414 4.080087 -0.026225 0.012054 0.143516 0.989227
1706080048.403460 325.681957 81.397773 4.045214 -0.026092 0.012512 0.143069 0.989290
1706080048.502101 325.790784 81.446143 4.089106 -0.025656 0.012211 0.142578 0.989376
1706080048.602006 325.912405 81.485215 4.089608 -0.028170 0.012465 0.141831 0.989411
1706080048.700715 326.034559 81.524356 4.092338 -0.028553 0.012222 0.141379 0.989468
1706080048.799371 326.157444 81.577573 4.043208 -0.026435 0.010771 0.140927 0.989608
1706080048.899539 326.283205 81.615625 4.024208 -0.028190 0.011049 0.140360 0.989638
1706080049.004261 326.419550 81.678897 4.025424 -0.028898 0.010718 0.139757 0.989706
1706080049.098359 326.552139 81.722689 4.014988 -0.029010 0.010719 0.139283 0.989770
1706080049.197348 326.663306 81.763840 4.003600 -0.029180 0.010681 0.138740 0.989841
1706080049.296301 326.779794 81.809984 3.961722 -0.029028 0.010598 0.138126 0.989932
1706080049.395363 326.890890 81.856384 3.961224 -0.029266 0.010523 0.137571 0.990003
1706080049.504696 327.008508 81.907156 3.938701 -0.029234 0.011170 0.136789 0.990106
1706080049.604480 327.133158 81.943112 3.926150 -0.027903 0.010468 0.136303 0.990219
1706080049.703199 327.251892 81.971892 3.884016 -0.028531 0.010592 0.135781 0.990271
1706080049.803007 327.384243 82.004118 3.874438 -0.028463 0.010734 0.135305 0.990337
1706080049.901762 327.515259 82.042084 3.847803 -0.028726 0.010573 0.134643 0.990421
1706080050.001945 327.635485 82.070255 3.895441 -0.026545 0.010411 0.134163 0.990549
1706080050.100630 327.754463 82.110296 3.883382 -0.028200 0.010304 0.133467 0.990598
1706080050.199284 327.861593 82.147945 3.857632 -0.027460 0.010275 0.132958 0.990688
1706080050.304089 327.992727 82.202117 3.892833 -0.027359 0.010665 0.132357 0.990767
1706080050.402555 328.119419 82.259077 3.921656 -0.027011 0.010455 0.131782 0.990856
1706080050.501348 328.239285 82.304040 3.887716 -0.027228 0.010417 0.131325 0.990911
1706080050.596485 328.355019 82.341767 3.927591 -0.025800 0.010305 0.130869 0.991010
1706080050.705426 328.493929 82.391277 3.962051 -0.027201 0.010558 0.130278 0.991048
1706080050.805193 328.622573 82.429751 3.934365 -0.027642 0.010553 0.129844 0.991093
1706080050.904318 328.738053 82.463416 3.935978 -0.028474 0.010355 0.129346 0.991137
1706080051.004112 328.877771 82.505827 3.915269 -0.028310 0.009947 0.128984 0.991193
1706080051.102835 328.988157 82.551393 3.979587 -0.027483 0.010362 0.128661 0.991254
1706080051.201610 329.111716 82.593130 3.984703 -0.028085 0.010199 0.128150 0.991305
1706080051.301703 329.228989 82.636924 3.975047 -0.028037 0.009986 0.127782 0.991356
1706080051.400352 329.347576 82.685475 3.999015 -0.027505 0.010170 0.127303 0.991430
1706080051.505154 329.468882 82.716357 3.974690 -0.028022 0.009896 0.127215 0.991430
1706080051.603781 329.595949 82.756920 3.959193 -0.028527 0.010227 0.126781 0.991468
1706080051.698496 329.712352 82.792381 3.998315 -0.028427 0.010058 0.126743 0.991477
1706080051.797543 329.831389 82.826417 3.977214 -0.026726 0.009872 0.126625 0.991541
1706080051.896596 329.935297 82.852636 3.989067 -0.026221 0.010226 0.126532 0.991563
1706080052.004937 330.067386 82.886697 4.001619 -0.025130 0.010615 0.126549 0.991585
1706080052.104772 330.189760 82.923667 4.000272 -0.025418 0.010631 0.126264 0.991614
1706080052.205111 330.320584 82.975395 4.022949 -0.024365 0.011122 0.126198 0.991643
1706080052.303814 330.445506 83.014254 3.995135 -0.023115 0.011048 0.126025 0.991696
1706080052.404084 330.577333 83.064711 3.970863 -0.022476 0.011359 0.125823 0.991733
1706080052.503036 330.685131 83.086377 3.982879 -0.022679 0.011428 0.125905 0.991717
1706080052.601680 330.800354 83.130119 4.002323 -0.021802 0.011265 0.125718 0.991762
1706080052.700044 330.935956 83.168085 4.007848 -0.022115 0.011507 0.125770 0.991746
1706080052.800591 331.046647 83.206442 4.008996 -0.020330 0.011454 0.125731 0.991790
1706080052.899564 331.161709 83.256061 4.020213 -0.019643 0.011640 0.125657 0.991811
1706080052.998566 331.276422 83.282169 3.992511 -0.020356 0.010723 0.125780 0.991791
1706080053.097643 331.403357 83.321390 3.987514 -0.020171 0.010851 0.125814 0.991789
1706080053.196736 331.522340 83.360921 4.018501 -0.020151 0.011396 0.126016 0.991758
1706080053.304844 331.646157 83.388002 4.049193 -0.020356 0.011269 0.126213 0.991730
1706080053.405494 331.796586 83.435226 4.029083 -0.020270 0.011014 0.126425 0.991708
1706080053.504818 331.912710 83.483277 4.043889 -0.020346 0.010883 0.126534 0.991694
1706080053.603695 332.039588 83.524150 4.042902 -0.018457 0.010637 0.126864 0.991691
1706080053.703761 332.151392 83.557720 4.015369 -0.019739 0.011178 0.126939 0.991651
1706080053.802411 332.261187 83.594508 3.977706 -0.020207 0.011121 0.127094 0.991622
1706080053.902688 332.381834 83.643350 3.963702 -0.020277 0.011215 0.127334 0.991589
1706080054.001629 332.510243 83.690605 4.012468 -0.021379 0.012023 0.127548 0.991529
1706080054.100668 332.629099 83.733256 4.021351 -0.021819 0.012220 0.127806 0.991484
1706080054.199688 332.747673 83.754943 4.035860 -0.022240 0.011952 0.128312 0.991412
1706080054.298686 332.860913 83.794936 4.060039 -0.021449 0.011941 0.128593 0.991394
1706080054.397837 332.986928 83.851223 4.056374 -0.021095 0.011731 0.128831 0.991373
1706080054.505310 333.113458 83.889804 4.076994 -0.022616 0.011770 0.129113 0.991302
1706080054.604274 333.233662 83.935564 4.070760 -0.022593 0.011342 0.129608 0.991243
1706080054.704976 333.340987 83.960023 4.143382 -0.024422 0.011887 0.129862 0.991160
1706080054.804839 333.466354 84.003540 4.135043 -0.023737 0.011464 0.130535 0.991093
1706080054.904777 333.598857 84.064684 4.114389 -0.023579 0.011385 0.131077 0.991026
1706080055.003411 333.726239 84.109722 4.079738 -0.024211 0.010995 0.131458 0.990965
1706080055.103930 333.854000 84.152932 4.046467 -0.024513 0.010861 0.131878 0.990903
1706080055.202662 333.987846 84.199020 4.002486 -0.025691 0.011163 0.132165 0.990832
1706080055.301526 334.093935 84.227479 3.946683 -0.026000 0.010659 0.132534 0.990780
1706080055.400805 334.205456 84.252348 3.907533 -0.025352 0.010582 0.132893 0.990750
1706080055.499875 334.317739 84.282040 3.928936 -0.024663 0.011160 0.133215 0.990717
1706080055.598961 334.432002 84.324483 3.901047 -0.024966 0.010886 0.133378 0.990691
1706080055.698169 334.542479 84.376322 3.911103 -0.024633 0.010960 0.133586 0.990670
1706080055.797721 334.673281 84.431606 3.924690 -0.026270 0.010886 0.133898 0.990587
1706080055.903785 334.808357 84.488166 3.935776 -0.024247 0.010480 0.133952 0.990636
1706080056.005310 334.923991 84.531685 3.958732 -0.024756 0.011076 0.134181 0.990586
1706080056.105014 335.040157 84.577508 3.989726 -0.024953 0.011028 0.134481 0.990541
1706080056.204403 335.154977 84.631808 4.104190 -0.023465 0.011710 0.134705 0.990539
1706080056.304828 335.279763 84.678643 4.114249 -0.024933 0.011392 0.134921 0.990477
1706080056.403943 335.401745 84.723241 4.147821 -0.024935 0.011620 0.135048 0.990457
1706080056.502706 335.521820 84.756724 4.176265 -0.025433 0.011940 0.135317 0.990404
1706080056.601894 335.642032 84.776502 4.125990 -0.024920 0.010542 0.135595 0.990395
1706080056.700954 335.761999 84.824008 4.112963 -0.025287 0.010743 0.135606 0.990382
1706080056.800055 335.877210 84.877260 4.117321 -0.025065 0.012021 0.135833 0.990342
1706080056.899247 335.988311 84.921456 4.092687 -0.026194 0.011360 0.135882 0.990314
1706080056.998845 336.111331 84.966413 4.109303 -0.027389 0.011878 0.135845 0.990280
1706080057.104935 336.235456 85.010149 4.082418 -0.027288 0.011868 0.136044 0.990256
1706080057.203166 336.359892 85.065484 4.119348 -0.027264 0.011523 0.136072 0.990257
1706080057.301887 336.485463 85.100502 4.140524 -0.028529 0.011685 0.136209 0.990200
1706080057.405441 336.616965 85.144328 4.102683 -0.027790 0.011084 0.136361 0.990207
1706080057.504113 336.737291 85.195666 4.124786 -0.028076 0.011669 0.136468 0.990178
1706080057.605006 336.844526 85.230344 4.127167 -0.028942 0.010928 0.136591 0.990144
1706080057.704011 336.963947 85.265261 4.149882 -0.028575 0.011262 0.136809 0.990121
1706080057.802941 337.085031 85.312849 4.161347 -0.028657 0.011111 0.136901 0.990108
1706080057.902101 337.212189 85.357151 4.144391 -0.028905 0.011401 0.136947 0.990091
1706080058.001119 337.328467 85.406911 4.095449 -0.029342 0.011226 0.136838 0.990095
1706080058.101016 337.431128 85.441895 4.034792 -0.028125 0.010395 0.136883 0.990133
1706080058.199946 337.548427 85.487416 4.090595 -0.028095 0.011150 0.137022 0.990107
1706080058.298554 337.671103 85.538538 4.059549 -0.026406 0.010755 0.136895 0.990175
1706080058.404555 337.803273 85.571538 3.989593 -0.027872 0.010626 0.136930 0.990131
1706080058.490897 337.917188 85.601692 4.001540 -0.027581 0.010781 0.137081 0.990117
1706080058.595811 338.040711 85.636165 4.020194 -0.027924 0.010404 0.137061 0.990114
1706080058.704960 338.182950 85.665465 4.017287 -0.027508 0.010730 0.137416 0.990073
1706080058.803988 338.297153 85.708542 4.008899 -0.027241 0.010620 0.137423 0.990081
1706080058.905066 338.418014 85.768309 4.041425 -0.027076 0.010852 0.137368 0.990091
1706080059.004014 338.538148 85.824144 4.047271 -0.027573 0.011252 0.137231 0.990091
1706080059.103190 338.660752 85.867524 4.030664 -0.027143 0.010580 0.137183 0.990117
1706080059.202303 338.790714 85.914594 4.068877 -0.027076 0.010888 0.136998 0.990141
1706080059.302061 338.898884 85.955036 4.086617 -0.026505 0.011148 0.137020 0.990151
1706080059.400834 339.008797 85.986866 4.097061 -0.026298 0.011139 0.136868 0.990178
1706080059.499618 339.129862 86.046711 4.093295 -0.025438 0.010979 0.136880 0.990200
1706080059.588841 339.240401 86.087875 4.066975 -0.027549 0.010600 0.136560 0.990192
1706080059.698201 339.373521 86.131681 4.033459 -0.027755 0.011093 0.136394 0.990204
1706080059.802477 339.511377 86.174208 3.991059 -0.027749 0.011215 0.136276 0.990219
1706080059.905426 339.641081 86.215854 4.014563 -0.026970 0.011091 0.136077 0.990269
1706080060.005031 339.764896 86.265293 4.017245 -0.024761 0.010177 0.135949 0.990354
1706080060.103755 339.885003 86.301092 4.005012 -0.027247 0.010801 0.135524 0.990340
1706080060.204960 339.992378 86.320897 4.033027 -0.027031 0.011294 0.135431 0.990354
1706080060.304235 340.109643 86.351883 4.049980 -0.027453 0.011052 0.135279 0.990366
1706080060.403365 340.226532 86.392482 3.995067 -0.027115 0.010687 0.135116 0.990401
1706080060.503060 340.343759 86.441778 3.992125 -0.026367 0.010496 0.134903 0.990452
1706080060.601749 340.479541 86.497366 4.003883 -0.025748 0.010511 0.134880 0.990472
1706080060.700663 340.605239 86.539422 4.006375 -0.026410 0.010572 0.134694 0.990479
1706080060.789905 340.716799 86.585175 3.983312 -0.026442 0.010194 0.134497 0.990509
1706080060.888773 340.825189 86.623104 4.009941 -0.027392 0.010530 0.134435 0.990488
1706080060.998190 340.956565 86.660612 4.057165 -0.027475 0.010097 0.134323 0.990505
1706080061.086801 341.077003 86.697127 4.060834 -0.027289 0.010938 0.134274 0.990508
1706080061.196346 341.201883 86.733900 4.085193 -0.026641 0.011232 0.134261 0.990524
1706080061.304798 341.337026 86.784223 4.090918 -0.027851 0.010616 0.134018 0.990531
1706080061.403472 341.466278 86.840121 4.042183 -0.026776 0.009947 0.133961 0.990575
1706080061.505279 341.583736 86.883882 3.995552 -0.029725 0.010940 0.133672 0.990519
1706080061.604567 341.699379 86.933749 3.989811 -0.026915 0.011083 0.133717 0.990592
1706080061.704183 341.819972 86.967051 4.003724 -0.027292 0.011123 0.133688 0.990585
1706080061.802860 341.939398 87.005268 4.043281 -0.027625 0.011203 0.133468 0.990605
1706080061.896664 342.070126 87.055899 4.032937 -0.027291 0.010482 0.133512 0.990616
1706080061.991085 342.193083 87.116001 4.114687 -0.025649 0.010277 0.133339 0.990685
1706080062.089817 342.307413 87.165026 4.115429 -0.026660 0.010923 0.133092 0.990685
1706080062.199208 342.440412 87.204971 4.100733 -0.027425 0.010571 0.133051 0.990673
1706080062.297933 342.546551 87.237089 4.097705 -0.028420 0.010777 0.133147 0.990630
1706080062.397520 342.653000 87.268592 4.108724 -0.028424 0.010935 0.133043 0.990642
1706080062.505314 342.785456 87.312320 4.098398 -0.028479 0.010702 0.132957 0.990655
1706080062.604513 342.908288 87.343153 4.110700 -0.029285 0.011201 0.132997 0.990620
1706080062.702986 343.009818 87.380201 4.107220 -0.026143 0.010804 0.132973 0.990716
1706080062.801867 343.134888 87.417792 4.067395 -0.027687 0.010185 0.132914 0.990688
1706080062.905303 343.263170 87.455239 4.056814 -0.028186 0.010309 0.132685 0.990704
1706080063.003993 343.380686 87.498250 4.054840 -0.027589 0.010745 0.132660 0.990719
1706080063.102388 343.501187 87.533737 4.072462 -0.027000 0.010854 0.132482 0.990758
1706080063.202672 343.619875 87.575831 4.073245 -0.025909 0.011222 0.132350 0.990801
1706080063.301309 343.751098 87.626980 4.080993 -0.028022 0.011341 0.132038 0.990784
1706080063.400260 343.875334 87.671948 4.154975 -0.027374 0.011597 0.131754 0.990837
1706080063.499238 344.004024 87.713392 4.121703 -0.027072 0.010983 0.131555 0.990878
1706080063.598631 344.115137 87.744735 4.116194 -0.026887 0.010596 0.131394 0.990909
1706080063.697828 344.235475 87.782807 4.142644 -0.026709 0.010816 0.131256 0.990930
1706080063.796926 344.365536 87.834156 4.141936 -0.026879 0.010958 0.130999 0.990957
1706080063.904234 344.497142 87.887118 4.161130 -0.028202 0.010541 0.130838 0.990946
1706080064.002846 344.622317 87.929302 4.163169 -0.027455 0.010962 0.130572 0.990998
1706080064.101319 344.728829 87.961082 4.154205 -0.027846 0.010858 0.130408 0.991010
1706080064.204923 344.855203 88.002414 4.160856 -0.028954 0.010997 0.130191 0.991005
1706080064.298616 344.971675 88.047476 4.137487 -0.027665 0.010571 0.130046 0.991066
1706080064.403679 345.107135 88.089346 4.141815 -0.027871 0.010462 0.129862 0.991085
1706080064.502309 345.227084 88.137327 4.164325 -0.028352 0.010942 0.129618 0.991098
1706080064.601268 345.338677 88.172967 4.169216 -0.029138 0.011165 0.129464 0.991093
1706080064.700430 345.461508 88.216638 4.195927 -0.027077 0.011525 0.129253 0.991175
1706080064.799762 345.580013 88.251857 4.225911 -0.026846 0.011462 0.129177 0.991192
1706080064.898941 345.701362 88.290365 4.199667 -0.026450 0.011064 0.129143 0.991211
1706080064.998022 345.811565 88.326365 4.204888 -0.027703 0.011015 0.128867 0.991214
1706080065.105066 345.933358 88.366029 4.196188 -0.025802 0.010734 0.128794 0.991278
1706080065.203751 346.062399 88.424917 4.210927 -0.026129 0.010918 0.128546 0.991299
1706080065.302580 346.176900 88.447805 4.110376 -0.025653 0.010018 0.128551 0.991320
1706080065.401064 346.294423 88.484156 4.105335 -0.025799 0.010199 0.128220 0.991358
1706080065.493899 346.410331 88.520736 4.057340 -0.025677 0.010148 0.128173 0.991367
1706080065.604714 346.561884 88.570176 4.034016 -0.025799 0.010210 0.127867 0.991403
1706080065.703656 346.673054 88.595780 4.065037 -0.026238 0.010859 0.127682 0.991409
1706080065.802301 346.804255 88.639790 4.088671 -0.024412 0.010760 0.127699 0.991454
1706080065.901644 346.944511 88.684600 4.061724 -0.024837 0.010180 0.127515 0.991473
1706080066.000848 347.067666 88.741973 4.072344 -0.025155 0.010018 0.127208 0.991506
1706080066.099994 347.197492 88.777112 4.084310 -0.025484 0.010508 0.127157 0.991500
1706080066.199121 347.346601 88.825687 4.031191 -0.027193 0.010102 0.126928 0.991488
1706080066.298217 347.467949 88.858704 3.995330 -0.027554 0.009911 0.126906 0.991482
1706080066.404913 347.584388 88.903254 3.999726 -0.026133 0.009724 0.126761 0.991541
1706080066.503396 347.686577 88.926973 3.931831 -0.026064 0.009800 0.126861 0.991530
1706080066.602088 347.796858 88.968019 4.006541 -0.026654 0.010075 0.126790 0.991520
1706080066.700688 347.913583 89.013480 3.991977 -0.027476 0.009878 0.126654 0.991517
1706080066.795418 348.028200 89.045182 3.905251 -0.030140 0.009434 0.126568 0.991455
1706080066.904697 348.163893 89.078860 3.849538 -0.028190 0.009065 0.126630 0.991508
1706080066.993254 348.268542 89.114676 3.902267 -0.027197 0.010153 0.126673 0.991520
1706080067.102724 348.381941 89.142360 3.967391 -0.027911 0.009237 0.126838 0.991488
1706080067.201999 348.511727 89.182703 3.962628 -0.027187 0.009602 0.126745 0.991516
1706080067.301746 348.627478 89.224085 4.053032 -0.026738 0.010364 0.126818 0.991511
1706080067.400263 348.742039 89.247489 4.006494 -0.027806 0.009673 0.126703 0.991504
1706080067.499298 348.862073 89.297687 3.987921 -0.025760 0.009989 0.126861 0.991536
1706080067.598386 349.016390 89.356980 4.061072 -0.027330 0.010237 0.126780 0.991501
1706080067.704634 349.146081 89.402325 4.098831 -0.025698 0.010192 0.126723 0.991553
1706080067.803244 349.285461 89.443918 4.078983 -0.025979 0.010540 0.126821 0.991529
1706080067.901720 349.396636 89.471727 4.079851 -0.025423 0.010813 0.126783 0.991546
1706080068.000563 349.516516 89.517865 4.079041 -0.024511 0.009975 0.126679 0.991591
1706080068.105404 349.646089 89.575011 4.030496 -0.025673 0.010080 0.126651 0.991564
1706080068.194268 349.745931 89.607217 3.983337 -0.025821 0.009946 0.126576 0.991571
1706080068.303809 349.888318 89.640880 3.958406 -0.028561 0.009715 0.126635 0.991491
1706080068.403077 349.996838 89.681715 3.943651 -0.027234 0.009704 0.126763 0.991512
1706080068.502187 350.124381 89.718201 3.910147 -0.028741 0.008974 0.126858 0.991464
1706080068.601297 350.254623 89.763778 3.938556 -0.027840 0.009195 0.126988 0.991471
1706080068.700403 350.375151 89.805329 3.921127 -0.028337 0.009222 0.127090 0.991443
1706080068.801063 350.509744 89.847837 3.929771 -0.028236 0.009602 0.127249 0.991422
1706080068.898603 350.618550 89.891257 3.929567 -0.028708 0.009231 0.127308 0.991405
1706080069.004125 350.730283 89.928249 3.928563 -0.028403 0.009406 0.127302 0.991413
1706080069.102964 350.826722 89.954223 3.965777 -0.027485 0.009834 0.127437 0.991417
1706080069.201379 350.951936 90.003154 4.017489 -0.028284 0.010124 0.127558 0.991376
1706080069.296381 351.066827 90.042949 4.009979 -0.027341 0.009486 0.127752 0.991384
1706080069.395363 351.178794 90.090174 3.976642 -0.027136 0.009176 0.127803 0.991386
1706080069.504796 351.326533 90.145646 3.966517 -0.026733 0.010039 0.127989 0.991364
1706080069.604259 351.448581 90.169897 4.056827 -0.027508 0.010646 0.128119 0.991320
1706080069.703310 351.578235 90.210691 4.085003 -0.026052 0.010834 0.128344 0.991328
1706080069.802430 351.704925 90.247307 4.116370 -0.026099 0.011125 0.128464 0.991308
1706080069.901481 351.788353 90.266449 4.066044 -0.026123 0.011132 0.128617 0.991288
1706080070.000633 351.910312 90.304629 4.047381 -0.026008 0.010678 0.128718 0.991283
1706080070.100738 352.046798 90.362858 4.048400 -0.026675 0.011212 0.128625 0.991271
1706080070.205157 352.168584 90.406426 4.052985 -0.026807 0.011046 0.128719 0.991257
1706080070.297692 352.274452 90.442875 4.083499 -0.026690 0.010807 0.128732 0.991261
1706080070.398580 352.397288 90.490830 4.108672 -0.024966 0.010430 0.128848 0.991295
1706080070.497498 352.510405 90.520067 4.121274 -0.024852 0.010832 0.128959 0.991279
1706080070.596463 352.634097 90.570687 4.094417 -0.026231 0.010464 0.128918 0.991253
1706080070.704851 352.775841 90.605983 4.125839 -0.024750 0.010382 0.129152 0.991261
1706080070.805264 352.900167 90.645321 4.114479 -0.025940 0.010733 0.129195 0.991222
1706080070.904415 353.019362 90.681158 4.130234 -0.025568 0.010713 0.129115 0.991242
1706080071.003489 353.145802 90.716351 4.141418 -0.024880 0.011073 0.129221 0.991242
1706080071.102589 353.262887 90.755548 4.147927 -0.024904 0.011256 0.129400 0.991216
1706080071.203115 353.387077 90.800497 4.124148 -0.025786 0.011154 0.129463 0.991186
1706080071.301419 353.526266 90.849911 4.127821 -0.025713 0.011188 0.129411 0.991194
1706080071.400071 353.632161 90.880574 4.114767 -0.025982 0.011096 0.129625 0.991161
1706080071.500579 353.755961 90.928004 4.089415 -0.027236 0.010721 0.129660 0.991126
1706080071.599658 353.872472 90.975283 4.116968 -0.026987 0.010956 0.129829 0.991109
1706080071.698607 354.000793 91.023499 4.113393 -0.024776 0.011042 0.130024 0.991140
1706080071.797583 354.115759 91.056139 4.108843 -0.027155 0.010785 0.130170 0.991061
1706080071.896664 354.236747 91.104687 4.122605 -0.027213 0.010445 0.130293 0.991047
1706080072.004832 354.371013 91.142009 4.113478 -0.026687 0.010227 0.130521 0.991034
1706080072.105492 354.497679 91.186334 4.095906 -0.027212 0.010225 0.130550 0.991015
1706080072.204584 354.620995 91.218539 4.108557 -0.027345 0.010262 0.130684 0.990994
1706080072.303722 354.742440 91.264726 4.074271 -0.026952 0.010084 0.130738 0.990999
1706080072.404136 354.849999 91.291412 4.088519 -0.026433 0.010428 0.130827 0.990998
1706080072.501826 354.960931 91.333956 4.081903 -0.026755 0.010776 0.130645 0.991010
1706080072.601417 355.082895 91.384712 4.135676 -0.026607 0.010853 0.130627 0.991015
1706080072.701619 355.217338 91.423657 4.149490 -0.027017 0.010895 0.130784 0.990983
1706080072.800722 355.336761 91.466540 4.159265 -0.026094 0.011334 0.130825 0.990997
1706080072.899692 355.457929 91.505026 4.177559 -0.026775 0.011129 0.130822 0.990982
1706080072.998664 355.582833 91.543659 4.155469 -0.025183 0.010891 0.131139 0.990984
1706080073.097789 355.698889 91.584831 4.142809 -0.027847 0.010937 0.130990 0.990932
1706080073.196834 355.813005 91.623267 4.166656 -0.028067 0.011359 0.131150 0.990900
1706080073.304825 355.955118 91.672082 4.128144 -0.025449 0.010594 0.131307 0.990958
1706080073.405466 356.073798 91.717493 4.135263 -0.025279 0.010464 0.131314 0.990963
1706080073.504746 356.182312 91.752991 4.138267 -0.025284 0.011100 0.131303 0.990958
1706080073.605169 356.308709 91.797236 4.113108 -0.025251 0.010608 0.131285 0.990966
1706080073.703827 356.430646 91.825833 4.091024 -0.025567 0.010711 0.131388 0.990943
1706080073.802469 356.535269 91.868486 4.112925 -0.025321 0.011194 0.131359 0.990948
1706080073.902742 356.665411 91.911383 4.122538 -0.024368 0.010947 0.131489 0.990958
1706080074.001769 356.791255 91.952565 4.142812 -0.025640 0.010869 0.131484 0.990927
1706080074.100762 356.902456 91.995011 4.140855 -0.023818 0.010734 0.131648 0.990952
1706080074.199722 357.018156 92.026474 4.139105 -0.024548 0.010183 0.131782 0.990922
1706080074.298877 357.137952 92.067146 4.095516 -0.026108 0.010650 0.131752 0.990882
1706080074.397892 357.263677 92.115284 4.062127 -0.026216 0.009955 0.131790 0.990881
1706080074.497551 357.379678 92.147420 4.100479 -0.025088 0.010890 0.131925 0.990882
1706080074.604001 357.508509 92.192839 4.105260 -0.025241 0.010847 0.132067 0.990860
1706080074.704987 357.631366 92.232364 4.103435 -0.025883 0.011526 0.132018 0.990842
1706080074.804837 357.745695 92.256002 4.060161 -0.026822 0.010598 0.132055 0.990823
1706080074.904497 357.879455 92.314600 4.087671 -0.025117 0.010692 0.132296 0.990834
1706080075.003468 358.014044 92.367677 4.112460 -0.025571 0.011214 0.132503 0.990789
1706080075.103998 358.128532 92.410245 4.131939 -0.026131 0.010941 0.132478 0.990781
1706080075.202825 358.248922 92.457429 4.138561 -0.026167 0.011133 0.132631 0.990758
1706080075.301850 358.378202 92.491212 4.151154 -0.026759 0.010708 0.132838 0.990719
1706080075.400846 358.475429 92.526120 4.176663 -0.025995 0.010911 0.132923 0.990725
1706080075.499990 358.597798 92.574402 4.230981 -0.025921 0.010562 0.133094 0.990708
1706080075.599072 358.725049 92.624182 4.245400 -0.026372 0.010706 0.133338 0.990662
1706080075.698679 358.848135 92.679162 4.238246 -0.026189 0.010921 0.133450 0.990649
1706080075.804725 358.986475 92.714925 4.187390 -0.026763 0.010837 0.133790 0.990589
1706080075.903826 359.094023 92.732752 4.210127 -0.027129 0.011243 0.134184 0.990521
1706080076.005321 359.224302 92.783496 4.192497 -0.026277 0.011056 0.134286 0.990533
1706080076.105082 359.348226 92.828850 4.186181 -0.026819 0.011250 0.134565 0.990478
1706080076.204481 359.472298 92.874102 4.194249 -0.026441 0.011072 0.134765 0.990463
1706080076.304846 359.584911 92.907951 4.182109 -0.025949 0.011188 0.135180 0.990418
1706080076.403844 359.709592 92.949559 4.163075 -0.026254 0.011039 0.135397 0.990382
1706080076.502900 359.829819 92.983513 4.156701 -0.027618 0.011210 0.135837 0.990283
1706080076.601921 359.948461 93.034658 4.151464 -0.025788 0.011417 0.136311 0.990265
1706080076.701053 360.062266 93.074032 4.145691 -0.025374 0.011447 0.136915 0.990192
1706080076.800109 360.176022 93.118085 4.149322 -0.025982 0.011743 0.137125 0.990143
1706080076.899749 360.306132 93.152118 4.151866 -0.024136 0.011746 0.137617 0.990122
1706080076.998467 360.412226 93.205166 4.200595 -0.024752 0.012091 0.137735 0.990086
1706080077.104518 360.534727 93.246146 4.163733 -0.023706 0.011942 0.138049 0.990070
1706080077.203306 360.650045 93.282860 4.159259 -0.022761 0.011958 0.138251 0.990063
1706080077.301629 360.784119 93.325233 4.143202 -0.022414 0.011793 0.138472 0.990042
1706080077.405097 360.910780 93.378778 4.134999 -0.023658 0.011545 0.138720 0.989982
1706080077.504051 361.045746 93.425625 4.103562 -0.023328 0.011176 0.139116 0.989938
1706080077.604784 361.168680 93.468826 4.100906 -0.022774 0.011595 0.139542 0.989886
1706080077.704010 361.304645 93.521416 4.099556 -0.022660 0.011343 0.139865 0.989846
1706080077.803068 361.420476 93.564888 4.123637 -0.021977 0.011893 0.140306 0.989793
1706080077.902102 361.523959 93.599686 4.150140 -0.022702 0.012153 0.140619 0.989729
1706080078.001290 361.636620 93.626518 4.137480 -0.024132 0.011996 0.140887 0.989659
1706080078.100847 361.756158 93.659018 4.162760 -0.022521 0.012485 0.141401 0.989617
1706080078.199542 361.867155 93.697418 4.135780 -0.023526 0.011919 0.141693 0.989559
1706080078.287046 361.966647 93.747317 4.112669 -0.021567 0.011956 0.142286 0.989518
1706080078.404236 362.108840 93.788623 4.118212 -0.023802 0.012016 0.142720 0.989404
1706080078.502870 362.230846 93.840575 4.104778 -0.021352 0.012022 0.143206 0.989390
1706080078.601467 362.360290 93.878111 4.081177 -0.022718 0.011610 0.143659 0.989298
1706080078.704955 362.463398 93.923018 4.075729 -0.021620 0.011706 0.143917 0.989284
1706080078.803871 362.568531 93.965608 4.120141 -0.021531 0.011905 0.144200 0.989243
1706080078.905024 362.691537 94.015355 4.119938 -0.021152 0.012413 0.144527 0.989197
1706080079.004227 362.828140 94.061689 4.143264 -0.020919 0.012505 0.144928 0.989142
1706080079.103251 362.960004 94.098833 4.136322 -0.020487 0.012804 0.145320 0.989090
1706080079.202554 363.087165 94.142003 4.176434 -0.021497 0.012625 0.145716 0.989012
1706080079.301997 363.207471 94.181016 4.148380 -0.021269 0.012526 0.146058 0.988968
1706080079.400659 363.336415 94.237794 4.152560 -0.022668 0.012801 0.146396 0.988883
1706080079.488045 363.436469 94.271429 4.109739 -0.022145 0.011985 0.146893 0.988832
1706080079.588805 363.559741 94.325325 4.130392 -0.023693 0.011720 0.147359 0.988730
1706080079.698589 363.686759 94.379878 4.127344 -0.022784 0.011930 0.147899 0.988668
1706080079.797226 363.794485 94.419863 4.116721 -0.024901 0.011713 0.148343 0.988553
1706080079.905413 363.907620 94.474257 4.156121 -0.026091 0.012083 0.148975 0.988423
1706080080.004938 364.011142 94.524453 4.179718 -0.026332 0.011982 0.149570 0.988328
1706080080.103530 364.132217 94.582098 4.187962 -0.027471 0.012203 0.150241 0.988192
1706080080.204952 364.266968 94.620109 4.135481 -0.028194 0.012066 0.151033 0.988053
1706080080.304406 364.384202 94.658790 4.140881 -0.027667 0.012267 0.151681 0.987966
1706080080.404119 364.503931 94.698993 4.152739 -0.028090 0.012738 0.152201 0.987868
1706080080.503093 364.610214 94.731752 4.184352 -0.028395 0.012738 0.152744 0.987776
1706080080.601785 364.729448 94.773237 4.191621 -0.027517 0.012814 0.153304 0.987713
1706080080.689020 364.828797 94.828848 4.265605 -0.025926 0.013563 0.153554 0.987707
1706080080.790038 364.938287 94.887666 4.293953 -0.025246 0.013118 0.153824 0.987689
1706080080.899705 365.095966 94.935610 4.253041 -0.024437 0.012383 0.154182 0.987663
1706080080.998338 365.196366 94.968411 4.235513 -0.026961 0.012797 0.154283 0.987576
1706080081.097074 365.313148 95.008583 4.182899 -0.025914 0.012689 0.154560 0.987562
1706080081.196493 365.430883 95.047518 4.155642 -0.024513 0.012129 0.154999 0.987536
1706080081.304538 365.567643 95.090837 4.121186 -0.024130 0.012086 0.155302 0.987498
1706080081.403273 365.699671 95.142123 4.114195 -0.023718 0.012099 0.155662 0.987452
1706080081.505133 365.819525 95.192752 4.140437 -0.024074 0.012460 0.155790 0.987418
1706080081.605072 365.925050 95.242505 4.127823 -0.023590 0.011929 0.156133 0.987382
1706080081.704133 366.035374 95.281986 4.158258 -0.023277 0.012469 0.156495 0.987326
1706080081.802816 366.155118 95.331494 4.150889 -0.023734 0.012358 0.156648 0.987292
1706080081.903119 366.259006 95.396804 4.174856 -0.023047 0.012314 0.156763 0.987291
1706080082.001723 366.382531 95.445777 4.173947 -0.023669 0.012780 0.156907 0.987247
1706080082.100739 366.490410 95.494338 4.164332 -0.025486 0.012827 0.156792 0.987219
1706080082.199383 366.624920 95.552909 4.130229 -0.023160 0.013235 0.157048 0.987231
1706080082.298215 366.752490 95.594791 4.152220 -0.023642 0.013445 0.157454 0.987152
1706080082.397555 366.884657 95.651964 4.160014 -0.024260 0.013097 0.157673 0.987106
1706080082.496744 367.008520 95.707016 4.165649 -0.023802 0.013555 0.157882 0.987078
1706080082.604191 367.122816 95.733437 4.173039 -0.023584 0.013479 0.158088 0.987051
1706080082.696392 367.230071 95.779459 4.191296 -0.025303 0.013418 0.158124 0.987004
1706080082.801487 367.345167 95.823915 4.180631 -0.024897 0.013631 0.158255 0.986990
1706080082.904973 367.461767 95.879494 4.184252 -0.025129 0.013288 0.158319 0.986979
1706080083.003884 367.571285 95.921015 4.186254 -0.024157 0.013181 0.158644 0.986952
1706080083.091181 367.667305 95.966101 4.173361 -0.025121 0.013235 0.158517 0.986948
1706080083.192178 367.793227 96.010834 4.166599 -0.025613 0.013188 0.158779 0.986894
1706080083.290992 367.905176 96.057270 4.154350 -0.025317 0.012442 0.158985 0.986878
1706080083.400484 368.049707 96.109987 4.125576 -0.025386 0.013017 0.158979 0.986870
1706080083.499420 368.182214 96.164432 4.119497 -0.026026 0.012460 0.159009 0.986855
1706080083.598728 368.317556 96.212860 4.064386 -0.025451 0.012662 0.159168 0.986842
1706080083.697896 368.431090 96.253799 4.072835 -0.025172 0.012869 0.159358 0.986816
1706080083.805109 368.538562 96.294050 4.108117 -0.024411 0.012992 0.159826 0.986758
1706080083.903863 368.635790 96.344016 4.120041 -0.024733 0.012675 0.160127 0.986705
1706080083.996069 368.745984 96.391188 4.097435 -0.024162 0.012888 0.160259 0.986695
1706080084.101362 368.875463 96.425765 4.064999 -0.024274 0.012752 0.160526 0.986651
1706080084.204926 369.000461 96.472526 4.046761 -0.024591 0.012552 0.160483 0.986652
1706080084.294225 369.109917 96.516810 4.030165 -0.025017 0.012086 0.160422 0.986657
1706080084.393223 369.227424 96.574391 4.122386 -0.025535 0.012927 0.160362 0.986643
1706080084.502894 369.359554 96.617445 4.106517 -0.026134 0.012658 0.160531 0.986604
1706080084.601517 369.474451 96.657867 4.108543 -0.027524 0.012107 0.160732 0.986540
1706080084.700575 369.599080 96.694699 4.114952 -0.026778 0.011894 0.160883 0.986539
1706080084.799840 369.707938 96.739536 4.111439 -0.028943 0.011861 0.160735 0.986502
1706080084.899012 369.823938 96.772571 4.089572 -0.029118 0.011215 0.161078 0.986448
1706080084.998077 369.952970 96.843093 4.055791 -0.033001 0.011677 0.160773 0.986370
1706080085.097165 370.059688 96.903503 4.049359 -0.031853 0.011578 0.160777 0.986409
1706080085.197496 370.180131 96.957966 4.034873 -0.032630 0.011480 0.160711 0.986395
1706080085.295781 370.297778 97.001129 4.063207 -0.032923 0.011154 0.160530 0.986419
1706080085.394421 370.401637 97.058272 4.077873 -0.032955 0.012051 0.160315 0.986442
1706080085.495253 370.522024 97.113677 4.117566 -0.032523 0.011659 0.160017 0.986509
1706080085.594304 370.644828 97.158103 4.142909 -0.032656 0.011504 0.159792 0.986543
1706080085.703932 370.765975 97.213108 4.139383 -0.032652 0.011129 0.159518 0.986592
1706080085.802560 370.887188 97.272419 4.193310 -0.031527 0.011636 0.159106 0.986689
1706080085.901702 371.015472 97.309791 4.187740 -0.030185 0.011141 0.158852 0.986778
1706080086.000940 371.138270 97.356957 4.180164 -0.030263 0.011441 0.158365 0.986850
1706080086.100069 371.246375 97.408499 4.204384 -0.030675 0.011984 0.157944 0.986899
1706080086.199148 371.351604 97.439247 4.223145 -0.030900 0.012216 0.157593 0.986945
1706080086.298211 371.469550 97.482575 4.208395 -0.031788 0.012012 0.157040 0.987008
1706080086.404526 371.601168 97.524110 4.184774 -0.030126 0.012230 0.156804 0.987094
1706080086.497227 371.717083 97.576993 4.130789 -0.029250 0.011828 0.156237 0.987215
1706080086.595473 371.836663 97.620823 4.145963 -0.029136 0.011861 0.155907 0.987271
1706080086.696289 371.962272 97.657385 4.130191 -0.030133 0.011852 0.155612 0.987287
1706080086.795393 372.073867 97.712261 4.171019 -0.029256 0.011535 0.155289 0.987368
1706080086.904924 372.213302 97.759503 4.136469 -0.029774 0.011404 0.154947 0.987408
1706080087.003577 372.324904 97.806312 4.126229 -0.029887 0.011524 0.154543 0.987467
1706080087.102790 372.448738 97.843906 4.109392 -0.029459 0.011642 0.154228 0.987527
1706080087.201979 372.586524 97.890322 4.056556 -0.031531 0.011075 0.153772 0.987541
1706080087.301156 372.687092 97.940064 4.056891 -0.029840 0.011293 0.153545 0.987626
1706080087.400257 372.803787 97.973123 4.049007 -0.030792 0.011188 0.153189 0.987654
1706080087.499267 372.932611 98.039031 4.057922 -0.031294 0.011259 0.152895 0.987683
1706080087.599197 373.054590 98.089620 4.043170 -0.032322 0.011054 0.152811 0.987665
1706080087.698249 373.175406 98.131852 4.022340 -0.032579 0.011552 0.152571 0.987688
1706080087.796901 373.291570 98.176784 4.073265 -0.031827 0.010833 0.152603 0.987716
1706080087.897399 373.421252 98.226440 4.102472 -0.032447 0.011045 0.152502 0.987709
1706080087.996462 373.543650 98.265261 4.119322 -0.032251 0.011030 0.152516 0.987713
1706080088.095256 373.649553 98.311046 4.095083 -0.031728 0.010765 0.152285 0.987769
1706080088.204577 373.777877 98.360093 4.088372 -0.031018 0.011149 0.152530 0.987749
1706080088.303948 373.900829 98.409347 4.123327 -0.031463 0.011034 0.152453 0.987748
1706080088.403129 374.030016 98.458837 4.113988 -0.032100 0.010826 0.152419 0.987735
1706080088.502312 374.133172 98.492609 4.117037 -0.029865 0.011338 0.152705 0.987755
1706080088.601383 374.245313 98.524440 4.127313 -0.028705 0.011888 0.152873 0.987757
1706080088.700420 374.354263 98.568753 4.151996 -0.028474 0.011919 0.152996 0.987745
1706080088.800239 374.485619 98.588329 4.153042 -0.027965 0.012317 0.153342 0.987701
1706080088.899305 374.591331 98.628694 4.109779 -0.027948 0.012009 0.153208 0.987726
1706080088.997941 374.696135 98.676980 4.067642 -0.027332 0.011760 0.153326 0.987728
1706080089.098507 374.813817 98.725495 4.092163 -0.026330 0.012838 0.153405 0.987729
1706080089.197535 374.939464 98.787327 4.102525 -0.025845 0.012693 0.153512 0.987727
1706080089.296441 375.054791 98.833527 4.104312 -0.025745 0.012808 0.153612 0.987713
1706080089.405287 375.176806 98.886046 4.088963 -0.025867 0.012273 0.153773 0.987691
1706080089.505026 375.305651 98.933312 4.131997 -0.025581 0.012660 0.154059 0.987649
1706080089.604188 375.448318 98.993865 4.104871 -0.025705 0.012423 0.154377 0.987599
1706080089.703322 375.580605 99.045674 4.072113 -0.025523 0.012099 0.154642 0.987567
1706080089.802403 375.687877 99.086822 4.080912 -0.024411 0.011997 0.155205 0.987508
1706080089.902986 375.799807 99.132694 4.118909 -0.024321 0.012307 0.155666 0.987434
1706080090.001240 375.920646 99.169545 4.141891 -0.025052 0.012569 0.156274 0.987316
1706080090.100322 376.017139 99.200221 4.100238 -0.025805 0.012078 0.156651 0.987243
1706080090.198699 376.147375 99.253651 4.087470 -0.026441 0.012161 0.157216 0.987135
1706080090.299693 376.263675 99.294268 4.083448 -0.026618 0.012412 0.157950 0.987010
1706080090.398657 376.376395 99.344493 4.078475 -0.027065 0.012549 0.158738 0.986870
1706080090.497568 376.494253 99.389450 4.088694 -0.027500 0.012405 0.159428 0.986749
1706080090.596576 376.603155 99.433232 4.087320 -0.027486 0.012356 0.160195 0.986625
1706080090.705147 376.721820 99.491439 4.138685 -0.028595 0.013264 0.160816 0.986481
1706080090.804986 376.840855 99.550057 4.118273 -0.028823 0.012816 0.161451 0.986376
1706080090.904447 376.959685 99.599372 4.134413 -0.027861 0.012545 0.161964 0.986324
1706080091.003568 377.078989 99.661508 4.138591 -0.027873 0.012611 0.162368 0.986256
1706080091.103579 377.212244 99.716906 4.121183 -0.026652 0.011963 0.162674 0.986247
1706080091.202225 377.336688 99.759220 4.090428 -0.028750 0.012370 0.162908 0.986145
1706080091.301299 377.456670 99.811482 4.097113 -0.027209 0.012352 0.163285 0.986126
1706080091.399767 377.572919 99.860340 4.100705 -0.026401 0.012141 0.163548 0.986107
1706080091.500829 377.691230 99.916805 4.125346 -0.026421 0.012261 0.163931 0.986042
1706080091.599687 377.792403 99.954434 4.116450 -0.026101 0.012464 0.164242 0.985996
1706080091.698684 377.897489 100.014964 4.141435 -0.026058 0.012242 0.164370 0.985979
1706080091.797601 378.007751 100.052538 4.143844 -0.025712 0.012430 0.164732 0.985925
1706080091.896702 378.125733 100.099437 4.132015 -0.026103 0.012434 0.164934 0.985881
1706080092.005440 378.258399 100.157636 4.118040 -0.027182 0.012538 0.165012 0.985837
1706080092.105299 378.389155 100.196037 4.114641 -0.025906 0.012745 0.165260 0.985827
1706080092.204620 378.513926 100.240726 4.080748 -0.025371 0.012245 0.165427 0.985820
1706080092.304567 378.614909 100.278469 4.099412 -0.025884 0.012889 0.165638 0.985763
1706080092.403663 378.721003 100.317136 4.092352 -0.026349 0.012642 0.165834 0.985720
1706080092.502359 378.824286 100.373246 4.138206 -0.028194 0.013229 0.165812 0.985666
1706080092.600836 378.940194 100.420633 4.140597 -0.027008 0.012945 0.165813 0.985702
1706080092.701886 379.054709 100.485397 4.180030 -0.028283 0.013409 0.165607 0.985695
1706080092.800761 379.173613 100.530097 4.197243 -0.028538 0.013496 0.165665 0.985677
1706080092.899808 379.288722 100.571335 4.215058 -0.029174 0.013462 0.165570 0.985675
1706080092.998710 379.400131 100.629186 4.206148 -0.027914 0.012918 0.165500 0.985730
1706080093.097773 379.514086 100.681331 4.232083 -0.029413 0.013352 0.165232 0.985726
1706080093.197060 379.624516 100.746944 4.210069 -0.029970 0.013019 0.165013 0.985750
1706080093.304584 379.751589 100.787530 4.184105 -0.028692 0.012720 0.164846 0.985820
1706080093.405255 379.877864 100.839499 4.195263 -0.029146 0.012486 0.164815 0.985815
1706080093.504768 379.998594 100.890835 4.171465 -0.029486 0.012346 0.164695 0.985826
1706080093.604697 380.130080 100.930248 4.148318 -0.029739 0.011893 0.164583 0.985843
1706080093.702910 380.244507 100.987550 4.175672 -0.028963 0.012461 0.164228 0.985918
1706080093.801922 380.359155 101.033658 4.174733 -0.028499 0.012375 0.164052 0.985962
1706080093.902985 380.485676 101.090907 4.175103 -0.028791 0.012496 0.163763 0.986000
1706080094.001829 380.610017 101.124584 4.119642 -0.028004 0.012384 0.163693 0.986036
1706080094.100871 380.742032 101.201940 4.081893 -0.028598 0.011816 0.163202 0.986107
1706080094.199840 380.849944 101.225774 4.054175 -0.028126 0.011863 0.163190 0.986122
1706080094.298931 380.961206 101.258062 4.012376 -0.028926 0.011895 0.163027 0.986126
1706080094.398577 381.056775 101.303167 4.083817 -0.029839 0.012686 0.162733 0.986137
1706080094.505324 381.178925 101.350777 4.115566 -0.029525 0.012792 0.162691 0.986152
1706080094.596325 381.279762 101.398216 4.143875 -0.029959 0.012918 0.162357 0.986193
1706080094.705140 381.408190 101.439838 4.118197 -0.029357 0.012401 0.162248 0.986235
1706080094.804962 381.538376 101.496235 4.157158 -0.028592 0.012637 0.162158 0.986269
1706080094.904465 381.667019 101.550334 4.141418 -0.028634 0.012262 0.161786 0.986334
1706080095.003053 381.775630 101.589324 4.189588 -0.028919 0.013103 0.161671 0.986334
1706080095.104084 381.894382 101.620124 4.198301 -0.030022 0.013152 0.161465 0.986334
1706080095.202952 382.004026 101.672850 4.164605 -0.029017 0.012669 0.161316 0.986395
1706080095.302012 382.132786 101.724148 4.135350 -0.028234 0.012295 0.161193 0.986442
1706080095.400998 382.257364 101.775915 4.118450 -0.029677 0.012382 0.161007 0.986429
1706080095.500189 382.370444 101.818513 4.135040 -0.029384 0.012705 0.160930 0.986446
1706080095.599677 382.494472 101.881394 4.159526 -0.028382 0.012526 0.160699 0.986516
1706080095.698702 382.604790 101.928025 4.147885 -0.027582 0.012461 0.160541 0.986565
1706080095.797384 382.710972 101.981795 4.161633 -0.027427 0.012140 0.160452 0.986588
1706080095.884964 382.810487 102.025224 4.157600 -0.028335 0.012400 0.160279 0.986587
1706080096.005465 382.948670 102.093358 4.154998 -0.028953 0.012753 0.159935 0.986620
1706080096.105111 383.063269 102.139072 4.168974 -0.027941 0.012861 0.159929 0.986649
1706080096.204118 383.181715 102.182440 4.186643 -0.027604 0.012998 0.159799 0.986678
1706080096.304980 383.312727 102.237617 4.171372 -0.029355 0.013112 0.159578 0.986662
1706080096.404051 383.437782 102.291115 4.162335 -0.028044 0.012592 0.159604 0.986702
1706080096.503092 383.544148 102.336327 4.194086 -0.030033 0.013362 0.159461 0.986657
1706080096.602099 383.650274 102.374324 4.175470 -0.028577 0.012394 0.159568 0.986695
1706080096.701284 383.785552 102.405046 4.135116 -0.028295 0.012037 0.159741 0.986680
1706080096.800749 383.904966 102.457470 4.117571 -0.029176 0.012118 0.159598 0.986676
1706080096.899725 384.014209 102.511648 4.105351 -0.028414 0.012140 0.159635 0.986692
1706080096.998417 384.141184 102.552843 4.079351 -0.028915 0.011253 0.159671 0.986683
1706080097.085810 384.236170 102.587656 4.075180 -0.027819 0.011091 0.159775 0.986699
1706080097.186734 384.364258 102.628378 4.062995 -0.028693 0.011284 0.159846 0.986660
1706080097.285809 384.496394 102.681691 4.047773 -0.027699 0.011367 0.159907 0.986678
1706080097.404811 384.628467 102.733934 4.043138 -0.027475 0.011725 0.159975 0.986669
1706080097.504003 384.752034 102.788645 4.050658 -0.028697 0.011464 0.160005 0.986632
1706080097.605126 384.869306 102.844146 4.031611 -0.027969 0.012070 0.160058 0.986638
1706080097.704131 384.978546 102.893163 4.089915 -0.027298 0.012481 0.160112 0.986642
1706080097.803262 385.102862 102.935487 4.110396 -0.027268 0.012693 0.160199 0.986626
1706080097.902317 385.225090 102.982037 4.119313 -0.027702 0.012783 0.160374 0.986585
1706080098.001765 385.325562 103.032623 4.143699 -0.027225 0.012984 0.160357 0.986598
1706080098.100770 385.439422 103.086738 4.168971 -0.027443 0.012836 0.160352 0.986595
1706080098.199407 385.558154 103.129609 4.158118 -0.026669 0.012430 0.160613 0.986579
1706080098.287021 385.668838 103.174230 4.089698 -0.027190 0.012447 0.160557 0.986574
1706080098.387815 385.783653 103.220442 4.088869 -0.026642 0.012311 0.160665 0.986573
1706080098.497769 385.937697 103.273402 4.079867 -0.026623 0.012465 0.160792 0.986550
1706080098.596388 386.044426 103.307565 4.057096 -0.027564 0.011930 0.160733 0.986541
1706080098.705012 386.174544 103.357233 4.063712 -0.027947 0.012276 0.160974 0.986487
1706080098.803672 386.294221 103.418435 4.118868 -0.026700 0.012798 0.161107 0.986493
1706080098.904816 386.427303 103.474815 4.162831 -0.027943 0.013026 0.161074 0.986461
1706080099.004368 386.533058 103.517940 4.140394 -0.027858 0.012754 0.161165 0.986452
1706080099.103609 386.646924 103.554188 4.147163 -0.027500 0.013183 0.161199 0.986451
1706080099.202958 386.748270 103.608734 4.145171 -0.026486 0.013012 0.161094 0.986498
1706080099.301808 386.874881 103.665996 4.143316 -0.028350 0.012329 0.161075 0.986458
1706080099.400486 386.987887 103.719818 4.151007 -0.028078 0.012531 0.161147 0.986451
1706080099.487952 387.095043 103.772752 4.156774 -0.028571 0.012196 0.161041 0.986459
1706080099.588850 387.204057 103.819364 4.160077 -0.028375 0.012009 0.161068 0.986462
1706080099.698848 387.322364 103.862719 4.158268 -0.028882 0.012082 0.160988 0.986460
1706080099.797459 387.437241 103.901507 4.134579 -0.030130 0.012223 0.160956 0.986426
1706080099.905228 387.575744 103.960793 4.140323 -0.029121 0.011690 0.160934 0.986466
1706080100.004743 387.696427 104.010519 4.171272 -0.028977 0.012205 0.160912 0.986468
1706080100.103354 387.806792 104.046887 4.165467 -0.028522 0.013120 0.160990 0.986457
1706080100.205167 387.921777 104.087555 4.210861 -0.029283 0.013073 0.160863 0.986456
1706080100.304932 388.050144 104.124444 4.233381 -0.028669 0.012751 0.161051 0.986447
1706080100.404001 388.179178 104.187196 4.188501 -0.029359 0.012583 0.160552 0.986510
1706080100.502842 388.307184 104.238697 4.223420 -0.026731 0.013161 0.160513 0.986584
1706080100.601460 388.423661 104.294173 4.231197 -0.026672 0.013068 0.160150 0.986646
1706080100.689017 388.540461 104.336700 4.201583 -0.027230 0.012560 0.160086 0.986647
1706080100.789914 388.642850 104.377901 4.168350 -0.025048 0.011968 0.160003 0.986726
1706080100.899860 388.769689 104.430543 4.120322 -0.026695 0.012417 0.159820 0.986707
1706080100.998493 388.881826 104.471875 4.105410 -0.027185 0.012560 0.159595 0.986728
1706080101.097379 388.984479 104.509286 4.133040 -0.028134 0.012431 0.159519 0.986716
1706080101.196576 389.108759 104.561764 4.159423 -0.026574 0.012175 0.159475 0.986769
1706080101.304322 389.236302 104.615833 4.154328 -0.028209 0.012213 0.159217 0.986765
1706080101.402895 389.361969 104.668082 4.130240 -0.026919 0.011900 0.159149 0.986816
1706080101.505152 389.486255 104.720908 4.121854 -0.028351 0.011986 0.158979 0.986802
1706080101.604983 389.618150 104.774032 4.108356 -0.027548 0.012254 0.158919 0.986831
1706080101.703868 389.736669 104.808930 4.091425 -0.027861 0.011899 0.159032 0.986808
1706080101.791521 389.824313 104.853239 4.093742 -0.028943 0.012143 0.158809 0.986810
1706080101.890189 389.935061 104.893196 4.095824 -0.029264 0.012412 0.158790 0.986801
1706080102.001734 390.070613 104.942329 4.110728 -0.030488 0.012482 0.158692 0.986778
1706080102.090167 390.180626 104.998978 4.108062 -0.029985 0.012051 0.158510 0.986828
1706080102.199544 390.296325 105.056058 4.219525 -0.028732 0.013075 0.158471 0.986859
1706080102.298462 390.404636 105.101349 4.247329 -0.029521 0.013207 0.158235 0.986872
1706080102.397662 390.514622 105.143869 4.251627 -0.030646 0.013582 0.158004 0.986869
1706080102.505044 390.651069 105.184682 4.244736 -0.029407 0.013119 0.158006 0.986913
1706080102.604006 390.769594 105.222332 4.233804 -0.028677 0.013027 0.157896 0.986953
1706080102.694984 390.893435 105.274348 4.231364 -0.028490 0.012799 0.157832 0.986972
1706080102.805461 391.027995 105.324596 4.233645 -0.028137 0.012755 0.157656 0.987011
1706080102.904863 391.156246 105.369942 4.212064 -0.027476 0.012770 0.157611 0.987036
1706080102.992587 391.276181 105.411495 4.154917 -0.028206 0.011466 0.157478 0.987053
1706080103.104155 391.416236 105.459318 4.136290 -0.026047 0.011569 0.157544 0.987101
1706080103.203373 391.520031 105.511591 4.151951 -0.026860 0.012293 0.157217 0.987122
1706080103.301977 391.624936 105.544592 4.131846 -0.026980 0.012308 0.157225 0.987117
1706080103.400574 391.747585 105.591860 4.157885 -0.027415 0.012649 0.157117 0.987118
1706080103.499560 391.867280 105.640536 4.144851 -0.027076 0.012161 0.157060 0.987143
1706080103.598759 391.984827 105.690912 4.157301 -0.027474 0.012551 0.156986 0.987139
1706080103.697906 392.096816 105.735017 4.139859 -0.027215 0.012739 0.156933 0.987152
1706080103.805067 392.230795 105.802632 4.132433 -0.027803 0.012251 0.156766 0.987168
1706080103.896079 392.332029 105.840088 4.063479 -0.028283 0.011234 0.156769 0.987166
1706080103.995769 392.456840 105.897081 4.041598 -0.027581 0.011492 0.156716 0.987192
1706080104.101217 392.571813 105.944502 4.047737 -0.028279 0.011527 0.156653 0.987181
1706080104.193277 392.671352 105.970857 4.029429 -0.028461 0.011210 0.156799 0.987157
1706080104.292261 392.799739 106.010135 4.023545 -0.026787 0.011354 0.156983 0.987173
1706080104.404418 392.937766 106.056410 4.079012 -0.028681 0.011714 0.156949 0.987121
1706080104.502984 393.073795 106.085029 4.028147 -0.029808 0.010665 0.157185 0.987062
1706080104.601617 393.195285 106.134426 4.034894 -0.028667 0.011053 0.157159 0.987095
1706080104.700664 393.309338 106.190167 4.026768 -0.030070 0.011779 0.156991 0.987072
1706080104.799893 393.417308 106.222428 4.041300 -0.027563 0.012457 0.157327 0.987083
1706080104.899034 393.538478 106.267655 4.030601 -0.029263 0.012562 0.157324 0.987033
1706080104.999923 393.660019 106.343089 4.098184 -0.028113 0.012881 0.157267 0.987072
1706080105.098074 393.781030 106.409134 4.103935 -0.028586 0.012556 0.157179 0.987076
1706080105.203436 393.906236 106.466940 4.130410 -0.029193 0.012610 0.157075 0.987075
1706080105.295424 394.021443 106.510240 4.084897 -0.027914 0.012786 0.157189 0.987091
1706080105.394590 394.131689 106.549044 4.097642 -0.028836 0.012613 0.157253 0.987057
1706080105.493308 394.248808 106.589174 4.102507 -0.028269 0.012124 0.157204 0.987087
1706080105.604825 394.378077 106.633419 4.108475 -0.028896 0.012307 0.157187 0.987069
1706080105.704034 394.509192 106.672884 4.082451 -0.027733 0.011414 0.157203 0.987111
1706080105.802655 394.612730 106.716853 4.136059 -0.028752 0.011311 0.157065 0.987105
1706080105.901808 394.732298 106.759658 4.103188 -0.029652 0.011136 0.156928 0.987102
1706080106.001029 394.837730 106.805870 4.147359 -0.028840 0.011666 0.156957 0.987115
1706080106.100124 394.951940 106.864566 4.160520 -0.028323 0.011365 0.156806 0.987158
1706080106.199218 395.065298 106.914050 4.161162 -0.028206 0.011876 0.156770 0.987161
1706080106.299141 395.172991 106.960118 4.144398 -0.028420 0.011884 0.156675 0.987170
1706080106.397816 395.316999 107.015668 4.084319 -0.026552 0.011580 0.156863 0.987195
1706080106.496985 395.432029 107.057156 4.056927 -0.028963 0.011895 0.156799 0.987134
1706080106.595688 395.540594 107.094630 4.032099 -0.029614 0.011395 0.156702 0.987136
1706080106.694399 395.645609 107.134917 4.043859 -0.028021 0.012044 0.156774 0.987163
1706080106.795489 395.774126 107.193799 4.060907 -0.028801 0.012088 0.156657 0.987159
1706080106.905095 395.906496 107.246427 4.062897 -0.028695 0.011627 0.156739 0.987155
1706080107.003739 396.028597 107.291897 4.099376 -0.027965 0.012001 0.156894 0.987147
1706080107.102898 396.159979 107.336029 4.106999 -0.028084 0.011928 0.156891 0.987145
1706080107.202120 396.281505 107.374850 4.101470 -0.027610 0.011685 0.156826 0.987171
1706080107.301216 396.413997 107.429082 4.091876 -0.027875 0.011384 0.156728 0.987183
1706080107.400290 396.520739 107.472303 4.092227 -0.027151 0.012022 0.156705 0.987199
1706080107.500152 396.636198 107.526186 4.070839 -0.027130 0.011591 0.156507 0.987236
1706080107.598841 396.748661 107.563414 4.066822 -0.026762 0.011597 0.156573 0.987236
1706080107.698027 396.863824 107.607194 4.049998 -0.027514 0.011204 0.156290 0.987264
1706080107.796721 396.985283 107.644331 4.018503 -0.029731 0.011890 0.156143 0.987215
1706080107.895458 397.104399 107.691762 4.020994 -0.028578 0.011512 0.156033 0.987271
1706080107.996584 397.224928 107.731685 3.985340 -0.028434 0.011469 0.156048 0.987274
1706080108.095704 397.350020 107.782928 4.000251 -0.029112 0.012087 0.155995 0.987255
1706080108.204797 397.473620 107.850458 4.014397 -0.030776 0.012122 0.155711 0.987249
1706080108.304120 397.604484 107.901957 4.017884 -0.029043 0.011761 0.155837 0.987286
1706080108.403233 397.718441 107.936480 4.034217 -0.028727 0.011768 0.155901 0.987285
1706080108.502305 397.848528 107.979922 4.057973 -0.026842 0.013046 0.156067 0.987296
1706080108.601418 397.951630 108.020026 4.080944 -0.029553 0.011972 0.155909 0.987257
1706080108.701185 398.074485 108.070187 4.096711 -0.030026 0.012081 0.155808 0.987257
1706080108.799862 398.184312 108.118930 4.140707 -0.028324 0.012399 0.155829 0.987300
1706080108.899073 398.299135 108.172746 4.152969 -0.028539 0.012571 0.155812 0.987294
1706080108.997730 398.413488 108.217452 4.123837 -0.027222 0.012468 0.155725 0.987346
1706080109.098485 398.533441 108.276352 4.135688 -0.028867 0.012125 0.155639 0.987318
1706080109.197659 398.639485 108.320874 4.119415 -0.026432 0.012170 0.155623 0.987388
1706080109.296723 398.753974 108.361592 4.125527 -0.026320 0.012511 0.155796 0.987359
1706080109.404938 398.895521 108.409101 4.156920 -0.027098 0.012567 0.155773 0.987341
1706080109.504774 399.016813 108.468810 4.174322 -0.027764 0.011803 0.155656 0.987351
1706080109.604279 399.149484 108.503444 4.155473 -0.026922 0.012379 0.155937 0.987323
1706080109.703372 399.261977 108.533187 4.139632 -0.026467 0.012459 0.156109 0.987306
1706080109.804069 399.375713 108.573204 4.114296 -0.027499 0.012750 0.155893 0.987309
1706080109.902223 399.518466 108.611119 4.101674 -0.028895 0.012448 0.156113 0.987238
1706080110.001491 399.624856 108.656390 4.082160 -0.026593 0.012243 0.156174 0.987296
1706080110.099685 399.743462 108.718679 4.069787 -0.027375 0.011912 0.156021 0.987303
1706080110.198771 399.867981 108.759218 4.036563 -0.027857 0.011651 0.156203 0.987263
1706080110.299659 399.966836 108.809168 4.039341 -0.027386 0.011453 0.156207 0.987278
1706080110.398844 400.078902 108.854597 4.050929 -0.028255 0.011437 0.156335 0.987234
1706080110.497829 400.202432 108.916876 4.052762 -0.026102 0.011293 0.156386 0.987286
1706080110.596858 400.319638 108.953705 4.054146 -0.028167 0.011510 0.156444 0.987218
1706080110.704828 400.458709 109.005206 4.058998 -0.028376 0.011913 0.156402 0.987214
1706080110.805389 400.572565 109.051225 4.051606 -0.029605 0.011728 0.156441 0.987174
1706080110.904503 400.700324 109.100697 4.042083 -0.027410 0.011921 0.156547 0.987218
1706080111.004559 400.823053 109.133393 4.052580 -0.028724 0.012554 0.156558 0.987171
1706080111.103243 400.936407 109.188806 4.074180 -0.028601 0.012624 0.156403 0.987198
1706080111.201906 401.069429 109.236943 4.019755 -0.028337 0.011914 0.156583 0.987186
1706080111.301117 401.197938 109.292418 4.047636 -0.026122 0.011999 0.156637 0.987238
1706080111.399804 401.314849 109.335627 4.051078 -0.027913 0.012105 0.156642 0.987187
1706080111.500760 401.433517 109.388849 4.037335 -0.027526 0.011930 0.156815 0.987172
1706080111.599932 401.546810 109.424624 4.034256 -0.027386 0.011513 0.156931 0.987163
1706080111.698906 401.669730 109.469898 4.019004 -0.027019 0.011290 0.156961 0.987171
1706080111.797993 401.789440 109.518835 4.013675 -0.029357 0.011621 0.157001 0.987094
1706080111.897206 401.887360 109.561597 4.008044 -0.027727 0.011472 0.157149 0.987119
1706080112.005104 402.016343 109.616525 4.030355 -0.029779 0.011850 0.157204 0.987046
1706080112.104955 402.140842 109.663185 4.049931 -0.031249 0.012319 0.157284 0.986982
1706080112.204693 402.238231 109.706475 4.131525 -0.029377 0.012597 0.157511 0.987000
1706080112.304256 402.371771 109.761215 4.118913 -0.029258 0.012294 0.157785 0.986963
1706080112.402899 402.496745 109.805776 4.113626 -0.029970 0.012235 0.157899 0.986924
1706080112.502185 402.609170 109.858338 4.131991 -0.030377 0.012380 0.157987 0.986896
1706080112.600840 402.718142 109.901590 4.131519 -0.029740 0.012325 0.158192 0.986883
1706080112.701842 402.845021 109.954547 4.141961 -0.030364 0.012041 0.158189 0.986868
1706080112.801031 402.974199 109.995436 4.174139 -0.029067 0.012550 0.158301 0.986883
1706080112.900054 403.100672 110.055055 4.164073 -0.029233 0.011943 0.158179 0.986905
1706080112.999213 403.227710 110.095069 4.152524 -0.029758 0.011964 0.158241 0.986880
1706080113.098248 403.341045 110.136339 4.136745 -0.030056 0.012503 0.158166 0.986876
1706080113.197433 403.443121 110.168748 4.132740 -0.028357 0.012071 0.158173 0.986930
1706080113.305108 403.575254 110.223338 4.109410 -0.028021 0.011927 0.157938 0.986979
1706080113.405267 403.682783 110.268326 4.119602 -0.027848 0.011981 0.157746 0.987014
1706080113.504850 403.803914 110.324848 4.076757 -0.027987 0.011958 0.157522 0.987046
1706080113.603935 403.919441 110.361464 4.055408 -0.028240 0.011862 0.157308 0.987074
1706080113.703215 404.035707 110.411374 4.059105 -0.027904 0.011859 0.157063 0.987123
1706080113.801937 404.155341 110.447406 4.055061 -0.027677 0.011827 0.156905 0.987155
1706080113.902927 404.274631 110.501884 4.040233 -0.027145 0.012134 0.156675 0.987202
1706080114.002042 404.397195 110.550668 4.038434 -0.026609 0.012282 0.156605 0.987226
1706080114.101177 404.530401 110.592823 4.026192 -0.027314 0.011580 0.156446 0.987241
1706080114.200240 404.644846 110.643272 4.034290 -0.027336 0.011640 0.156283 0.987265
1706080114.299307 404.770262 110.700205 4.047762 -0.027510 0.011851 0.156146 0.987280
1706080114.398397 404.889892 110.727022 4.009332 -0.027577 0.011653 0.156169 0.987276
1706080114.505131 405.015526 110.780336 4.040511 -0.028231 0.011985 0.156048 0.987273
1706080114.603948 405.122585 110.838370 4.092459 -0.028830 0.012706 0.155888 0.987272
1706080114.702370 405.248550 110.890648 4.102666 -0.027237 0.012180 0.155883 0.987325
1706080114.804992 405.379888 110.937559 4.113217 -0.029375 0.011930 0.155669 0.987300
1706080114.904251 405.497715 110.980723 4.123332 -0.028301 0.011982 0.155610 0.987340
1706080115.002989 405.611150 111.021069 4.148458 -0.029163 0.012668 0.155458 0.987331
1706080115.104022 405.726100 111.073781 4.161008 -0.027987 0.012589 0.155352 0.987382
1706080115.203138 405.839646 111.121440 4.172487 -0.028930 0.012144 0.155186 0.987387
1706080115.302345 405.967749 111.156836 4.130180 -0.030299 0.011553 0.155032 0.987377
1706080115.401376 406.090466 111.203392 4.109435 -0.028922 0.011799 0.154995 0.987421
1706080115.500317 406.218499 111.253377 4.080579 -0.029010 0.011833 0.154833 0.987444
1706080115.599538 406.331321 111.305196 4.074729 -0.029134 0.011695 0.154489 0.987496
1706080115.698235 406.450932 111.351969 4.084374 -0.028710 0.011782 0.154593 0.987491
1706080115.804928 406.584625 111.406122 4.065975 -0.028422 0.011887 0.154418 0.987525
1706080115.884808 406.679212 111.438679 4.074491 -0.028893 0.011441 0.154228 0.987546
1706080115.983617 406.787968 111.488170 4.097968 -0.028129 0.011399 0.154130 0.987584
1706080116.104984 406.921277 111.526816 4.077734 -0.030017 0.011759 0.153883 0.987563
1706080116.204053 407.036687 111.566222 4.030794 -0.031759 0.011118 0.153510 0.987574
1706080116.305100 407.168904 111.619859 3.996276 -0.026262 0.011631 0.153672 0.987704
1706080116.404221 407.290940 111.660423 3.985789 -0.028231 0.011114 0.153349 0.987706
1706080116.503355 407.407654 111.705996 3.996923 -0.028425 0.011361 0.153116 0.987734
1706080116.602399 407.530650 111.752189 4.025259 -0.028569 0.011798 0.152962 0.987749
1706080116.701354 407.658664 111.792923 4.024975 -0.027369 0.011620 0.152833 0.987805
1706080116.800555 407.780159 111.831791 4.000230 -0.027441 0.011594 0.152701 0.987823
1706080116.901863 407.908649 111.871437 4.012445 -0.028867 0.011838 0.152460 0.987817
1706080116.987213 408.001159 111.907593 4.040422 -0.029391 0.011240 0.152279 0.987836
1706080117.085854 408.117333 111.947481 4.024058 -0.028596 0.011222 0.152162 0.987878
1706080117.197481 408.241656 112.005117 4.036878 -0.028632 0.011721 0.151949 0.987904
1706080117.305480 408.357917 112.065567 4.064399 -0.028635 0.011697 0.151632 0.987953
1706080117.405125 408.472981 112.110188 4.093764 -0.028863 0.011839 0.151704 0.987934
1706080117.503915 408.592755 112.150042 4.058491 -0.028606 0.011058 0.151601 0.987966
1706080117.605020 408.708397 112.187639 3.987860 -0.027705 0.010601 0.151547 0.988005
1706080117.704379 408.830425 112.237243 3.963311 -0.028766 0.010435 0.151360 0.988005
1706080117.803484 408.966296 112.289021 3.971673 -0.028374 0.010713 0.151234 0.988033
1706080117.902603 409.097337 112.328924 4.001739 -0.029326 0.010958 0.151008 0.988037
1706080118.001556 409.223720 112.372327 3.992432 -0.028750 0.010484 0.150933 0.988070
1706080118.100234 409.348745 112.407292 3.995581 -0.030347 0.010969 0.150689 0.988054
1706080118.188276 409.445072 112.450874 4.016367 -0.029877 0.011355 0.150621 0.988075
1706080118.286897 409.557596 112.494754 4.011057 -0.028999 0.011162 0.150576 0.988110
1706080118.385751 409.666645 112.542017 4.011219 -0.029654 0.011161 0.150340 0.988126
1706080118.497921 409.811098 112.597800 4.026224 -0.030661 0.011403 0.150207 0.988113
1706080118.605467 409.932771 112.650395 4.065022 -0.030859 0.011305 0.150030 0.988135
1706080118.704985 410.052847 112.700568 4.076073 -0.029142 0.011734 0.149972 0.988191
1706080118.803708 410.165631 112.743880 4.092402 -0.029636 0.011358 0.149894 0.988193
1706080118.904992 410.294348 112.786004 4.069890 -0.029170 0.011219 0.149849 0.988215
1706080119.004467 410.425957 112.826259 4.017627 -0.028526 0.010809 0.149837 0.988240
1706080119.103740 410.541396 112.873147 4.012810 -0.028939 0.010923 0.149519 0.988275
1706080119.202576 410.661557 112.912416 3.982567 -0.031309 0.011119 0.149483 0.988206
1706080119.301245 410.775079 112.953992 3.955631 -0.029227 0.010308 0.149281 0.988309
1706080119.389295 410.873508 113.001206 3.991612 -0.028160 0.011336 0.149197 0.988341
1706080119.487950 410.987399 113.060072 4.003210 -0.027844 0.011145 0.148957 0.988389
1706080119.599555 411.122374 113.105361 4.030662 -0.030498 0.010908 0.148788 0.988339
1706080119.698959 411.258300 113.144901 4.037586 -0.028419 0.011474 0.148814 0.988390
1706080119.797570 411.383960 113.182567 4.031421 -0.029175 0.011337 0.148633 0.988397
1706080119.905438 411.521842 113.233620 4.027588 -0.028978 0.011203 0.148590 0.988411
1706080120.004688 411.635899 113.286079 4.014963 -0.029236 0.011464 0.148486 0.988416
1706080120.103369 411.749593 113.335433 3.987831 -0.028911 0.011706 0.148469 0.988425
1706080120.204963 411.859777 113.373857 4.007758 -0.028554 0.011027 0.148300 0.988469
1706080120.304719 411.973400 113.407638 4.011098 -0.028180 0.010727 0.148246 0.988491
1706080120.403724 412.089478 113.448208 4.025512 -0.028615 0.010735 0.148159 0.988491
1706080120.502311 412.186015 113.470961 4.048792 -0.028468 0.010976 0.148285 0.988474
1706080120.590346 412.286245 113.504746 4.025007 -0.028316 0.010802 0.148229 0.988489
1706080120.701920 412.419474 113.558052 4.041874 -0.027212 0.011007 0.148110 0.988535
1706080120.800584 412.541618 113.612323 4.063293 -0.028709 0.010942 0.147972 0.988514
1706080120.900017 412.664568 113.651743 4.076019 -0.028984 0.011119 0.148108 0.988484
1706080120.998622 412.785508 113.699079 4.126545 -0.029414 0.011869 0.148031 0.988474
1706080121.097466 412.910355 113.742226 4.133210 -0.027472 0.010759 0.148152 0.988524
1706080121.196677 413.034069 113.788287 4.113574 -0.028719 0.011296 0.148090 0.988492
1706080121.304379 413.159411 113.854649 4.129330 -0.028908 0.011503 0.148149 0.988475
1706080121.402939 413.273969 113.903610 4.148758 -0.029324 0.011495 0.148253 0.988448
1706080121.505207 413.408468 113.960703 4.115175 -0.028212 0.010891 0.148392 0.988466
1706080121.604642 413.519540 113.998860 4.126337 -0.028343 0.011281 0.148536 0.988436
1706080121.692713 413.620352 114.041400 4.190498 -0.028757 0.011920 0.148512 0.988421
1706080121.791364 413.742494 114.093907 4.159638 -0.028299 0.011970 0.148661 0.988411
1706080121.890088 413.852426 114.131080 4.158092 -0.028466 0.012121 0.148882 0.988371
1706080122.001630 413.985092 114.178929 4.118389 -0.028167 0.011567 0.148990 0.988370
1706080122.101085 414.096175 114.214314 4.123377 -0.028674 0.011287 0.149307 0.988311
1706080122.199672 414.202694 114.262047 4.130953 -0.028032 0.011250 0.149327 0.988326
1706080122.298620 414.322585 114.303515 4.117625 -0.030350 0.011480 0.149406 0.988243
1706080122.397766 414.450489 114.349802 4.065692 -0.029273 0.010909 0.149663 0.988243
1706080122.505262 414.589244 114.399883 4.038001 -0.029373 0.010749 0.149803 0.988221
1706080122.603931 414.698855 114.437229 4.053118 -0.031631 0.010887 0.149892 0.988136
1706080122.695641 414.799423 114.476630 4.018563 -0.029736 0.010566 0.150014 0.988180
1706080122.794329 414.927022 114.525320 4.033795 -0.029696 0.010889 0.150251 0.988142
1706080122.893728 415.051262 114.567361 4.023702 -0.029645 0.011306 0.150364 0.988122
1706080122.992360 415.157675 114.603731 4.036722 -0.030105 0.011286 0.150595 0.988073
1706080123.104001 415.276694 114.649880 4.066275 -0.030991 0.011511 0.150675 0.988030
1706080123.203575 415.389796 114.692307 4.063941 -0.030107 0.011231 0.150811 0.988040
1706080123.302108 415.508174 114.750115 4.067158 -0.031041 0.011858 0.150973 0.987979
1706080123.400739 415.616833 114.796045 4.070246 -0.029805 0.011409 0.151102 0.988003
1706080123.499702 415.734533 114.839295 4.076014 -0.029140 0.011194 0.151364 0.987985
1706080123.598907 415.854904 114.887071 4.072523 -0.029345 0.011123 0.151607 0.987943
1706080123.699218 415.979230 114.939153 4.084980 -0.027680 0.010832 0.151906 0.987948
1706080123.804834 416.091350 114.980233 4.109377 -0.029777 0.012000 0.152111 0.987842
1706080123.897431 416.212214 115.034261 4.121362 -0.029218 0.011637 0.152224 0.987845
1706080123.996093 416.319569 115.077331 4.108248 -0.028074 0.011754 0.152545 0.987828
1706080124.094727 416.449767 115.131724 4.068556 -0.028531 0.011580 0.152712 0.987791
1706080124.193370 416.582848 115.186007 4.075265 -0.028379 0.011427 0.153025 0.987749
1706080124.305120 416.699808 115.234105 4.066017 -0.027804 0.011149 0.153290 0.987727
1706080124.403733 416.794313 115.264898 4.077893 -0.027407 0.010974 0.153621 0.987689
1706080124.503218 416.900292 115.315275 4.118257 -0.028588 0.011900 0.153689 0.987634
1706080124.601832 417.023637 115.358166 4.102695 -0.028315 0.011282 0.153911 0.987615
1706080124.700805 417.141392 115.393598 4.094149 -0.026831 0.010849 0.154274 0.987604
1706080124.799965 417.254783 115.435718 4.098834 -0.026972 0.011236 0.154371 0.987581
1706080124.899068 417.369116 115.480991 4.081696 -0.028064 0.011250 0.154553 0.987522
1706080124.998963 417.495298 115.540086 4.086583 -0.027326 0.011295 0.154592 0.987536
1706080125.097633 417.621899 115.587738 4.064480 -0.029735 0.011059 0.154702 0.987452
1706080125.197081 417.746400 115.643642 4.048896 -0.028338 0.011392 0.154949 0.987450
1706080125.295763 417.864383 115.691025 4.059407 -0.029200 0.011465 0.154953 0.987424
1706080125.394386 417.983244 115.736192 4.078633 -0.029535 0.011409 0.155257 0.987367
1706080125.493280 418.087025 115.781454 4.085696 -0.028830 0.011372 0.155593 0.987335
1706080125.604755 418.211637 115.825860 4.079523 -0.029329 0.011742 0.155848 0.987276
1706080125.704320 418.315402 115.865589 4.093733 -0.029121 0.011839 0.156037 0.987251
1706080125.802947 418.419170 115.906163 4.086504 -0.029199 0.011471 0.156258 0.987218
1706080125.901934 418.523649 115.944110 4.093331 -0.029511 0.011945 0.156366 0.987186
1706080126.001078 418.655552 115.991270 4.076202 -0.029156 0.011755 0.156699 0.987146
1706080126.100173 418.769420 116.041363 4.079139 -0.028597 0.011963 0.156804 0.987143
1706080126.199932 418.875279 116.078100 4.082708 -0.029510 0.012035 0.156998 0.987085
1706080126.298646 418.992313 116.124232 4.114259 -0.030247 0.012476 0.157142 0.987034
1706080126.398113 419.108356 116.178507 4.114525 -0.030178 0.012163 0.157127 0.987042
1706080126.496760 419.227728 116.234286 4.140062 -0.030603 0.012341 0.157313 0.986997
1706080126.595458 419.341723 116.276513 4.160349 -0.029535 0.012196 0.157552 0.986994
1706080126.694335 419.458529 116.328110 4.113696 -0.028480 0.012196 0.157711 0.986999
1706080126.795346 419.574679 116.377358 4.111680 -0.029711 0.012430 0.157833 0.986941
1706080126.904515 419.712978 116.429710 4.118768 -0.030665 0.011758 0.157958 0.986900
1706080127.004009 419.829457 116.470150 4.104650 -0.031300 0.011969 0.158145 0.986847
1706080127.103073 419.957125 116.514523 4.085724 -0.031092 0.011497 0.158337 0.986828
1706080127.202438 420.062655 116.567731 4.114233 -0.032412 0.012560 0.158332 0.986774
1706080127.302247 420.179778 116.610803 4.136244 -0.032247 0.012847 0.158523 0.986745
1706080127.400986 420.304118 116.664026 4.115860 -0.030688 0.011819 0.158541 0.986805
1706080127.499661 420.419004 116.709582 4.140492 -0.031493 0.012801 0.158755 0.986733
1706080127.599143 420.534079 116.759376 4.138287 -0.031382 0.012287 0.158702 0.986751
1706080127.697775 420.647861 116.808195 4.114658 -0.030334 0.011967 0.158722 0.986785
1706080127.796521 420.769919 116.860257 4.141704 -0.029291 0.012181 0.158790 0.986803
1706080127.895396 420.899170 116.916584 4.125294 -0.029572 0.012030 0.158819 0.986791
1706080127.996413 421.014274 116.950447 4.100023 -0.029639 0.012305 0.158960 0.986763
1706080128.095563 421.132542 116.988814 4.111918 -0.029498 0.011726 0.159072 0.986757
1706080128.205114 421.250859 117.036407 4.099645 -0.029778 0.011424 0.159127 0.986743
1706080128.304139 421.346132 117.081852 4.098294 -0.027986 0.011522 0.159287 0.986768
1706080128.403216 421.449135 117.127132 4.117527 -0.028959 0.011509 0.159191 0.986756
1706080128.502427 421.559281 117.172549 4.135544 -0.029212 0.011405 0.159276 0.986736
1706080128.601985 421.678597 117.213982 4.164403 -0.030760 0.011279 0.159155 0.986710
1706080128.701448 421.801347 117.254555 4.159834 -0.029438 0.011993 0.159367 0.986708
1706080128.800159 421.943227 117.307864 4.109482 -0.030163 0.010848 0.159488 0.986679
1706080128.898792 422.049654 117.351050 4.078736 -0.028882 0.011398 0.159659 0.986684
1706080128.997607 422.182105 117.406106 4.061266 -0.029626 0.012021 0.159710 0.986646
1706080129.098405 422.298276 117.452865 4.027809 -0.030936 0.012094 0.159863 0.986580
1706080129.197501 422.411334 117.510422 3.971444 -0.028566 0.011160 0.160136 0.986618
1706080129.296695 422.524865 117.558866 3.995003 -0.029237 0.012302 0.160327 0.986554
1706080129.405486 422.656897 117.611949 4.004749 -0.029955 0.012002 0.160479 0.986512
1706080129.505258 422.762169 117.654208 3.992798 -0.031148 0.012033 0.160619 0.986452
1706080129.604420 422.865408 117.698316 4.014406 -0.030308 0.012416 0.160856 0.986434
1706080129.703492 422.990868 117.745452 3.991107 -0.029436 0.011922 0.161192 0.986412
1706080129.802978 423.106680 117.792621 4.032595 -0.029972 0.012493 0.161516 0.986336
1706080129.902470 423.216891 117.849503 4.047290 -0.030223 0.012308 0.161754 0.986291
1706080130.000672 423.347074 117.894855 4.072204 -0.030687 0.012337 0.162140 0.986213
1706080130.099820 423.456896 117.931877 4.097993 -0.030727 0.012178 0.162568 0.986144
1706080130.200793 423.563244 117.981657 4.132753 -0.028487 0.012799 0.162934 0.986143
1706080130.299391 423.675861 118.023790 4.121032 -0.031895 0.012050 0.163247 0.985996
1706080130.398767 423.800391 118.081241 4.102889 -0.031068 0.012075 0.163644 0.985956
1706080130.497802 423.905921 118.126133 4.112903 -0.031773 0.012319 0.164078 0.985859
1706080130.596802 424.031794 118.175612 4.119888 -0.030477 0.011760 0.164397 0.985853
1706080130.705001 424.168473 118.237557 4.121863 -0.030001 0.012307 0.165003 0.985760
1706080130.804846 424.269171 118.283809 4.116580 -0.030451 0.012846 0.165251 0.985698
1706080130.905236 424.368254 118.331991 4.133964 -0.031788 0.012970 0.165670 0.985583
1706080131.003962 424.478060 118.395340 4.131339 -0.029929 0.012130 0.166069 0.985585
1706080131.103451 424.602322 118.439744 4.123240 -0.031788 0.012302 0.166499 0.985452
1706080131.202167 424.708800 118.473389 4.161739 -0.031140 0.012198 0.167011 0.985388
1706080131.300827 424.826789 118.529670 4.156214 -0.029636 0.012229 0.167396 0.985368
1706080131.399757 424.947911 118.602575 4.113215 -0.029595 0.012075 0.167492 0.985355
1706080131.498512 425.065899 118.650947 4.105784 -0.029906 0.012300 0.167882 0.985277
1706080131.599861 425.182394 118.703946 4.106941 -0.028845 0.011924 0.168245 0.985251
1706080131.698882 425.306295 118.755998 4.062915 -0.028170 0.011824 0.168823 0.985173
1706080131.797993 425.430471 118.810720 4.066796 -0.027684 0.011800 0.169299 0.985105
1706080131.905381 425.547548 118.849254 4.066637 -0.028893 0.012374 0.169838 0.984971
1706080132.005304 425.644141 118.895566 4.069011 -0.027449 0.012519 0.170280 0.984934
1706080132.105162 425.756348 118.940597 4.110373 -0.029037 0.012988 0.170743 0.984802
1706080132.204934 425.878911 118.996935 4.142216 -0.028629 0.013178 0.171228 0.984727
1706080132.304473 426.012331 119.048306 4.102539 -0.029105 0.012514 0.171765 0.984628
1706080132.403166 426.127163 119.104016 4.032207 -0.029521 0.012073 0.172245 0.984538
1706080132.501898 426.225940 119.150992 4.023379 -0.030977 0.012768 0.172658 0.984412
1706080132.600822 426.334150 119.196222 4.057329 -0.030218 0.012569 0.173240 0.984336
1706080132.699614 426.441990 119.248557 4.051755 -0.029946 0.012877 0.173866 0.984230
1706080132.800985 426.558163 119.298168 4.056188 -0.031256 0.012857 0.174430 0.984089
1706080132.899959 426.674677 119.352463 4.030022 -0.030918 0.012198 0.174959 0.984015
1706080132.999158 426.800267 119.391575 4.015584 -0.031383 0.012649 0.175780 0.983848
1706080133.098185 426.899384 119.439920 4.014641 -0.030548 0.012547 0.176243 0.983793
1706080133.197057 427.004772 119.489618 3.983857 -0.031601 0.012302 0.176879 0.983648
1706080133.304366 427.139769 119.561245 3.996577 -0.032344 0.012852 0.177264 0.983548
1706080133.405506 427.257841 119.610182 3.981146 -0.030869 0.012913 0.178103 0.983443
1706080133.504881 427.383521 119.665719 3.966754 -0.030054 0.012628 0.178796 0.983346
1706080133.604076 427.500452 119.714217 3.951972 -0.031948 0.012170 0.179358 0.983190
1706080133.702982 427.607963 119.763962 3.951903 -0.029060 0.012683 0.180020 0.983152
1706080133.803977 427.717762 119.828377 3.973262 -0.031771 0.012728 0.180431 0.982992
1706080133.902661 427.827702 119.881662 3.968046 -0.030608 0.013140 0.180928 0.982932
1706080134.002084 427.942470 119.936483 3.970115 -0.030084 0.012530 0.181430 0.982864
1706080134.101048 428.060729 120.004533 3.976602 -0.029972 0.012594 0.181976 0.982765
1706080134.200262 428.182784 120.043635 3.972711 -0.033008 0.012572 0.182557 0.982561
1706080134.299260 428.291667 120.085071 4.000978 -0.031100 0.013090 0.183144 0.982507
1706080134.398115 428.387070 120.136870 3.999131 -0.031597 0.013009 0.183401 0.982444
1706080134.496895 428.506256 120.191573 3.982992 -0.031021 0.012700 0.183830 0.982386
1706080134.584656 428.586404 120.240138 3.986717 -0.029982 0.012872 0.184370 0.982315
1706080134.683649 428.698842 120.297250 3.973717 -0.029328 0.012592 0.184794 0.982259
1706080134.804863 428.845434 120.365011 3.989049 -0.030108 0.012873 0.185329 0.982131
1706080134.904055 428.951412 120.414897 3.993017 -0.029897 0.012917 0.185691 0.982068
1706080135.002855 429.047912 120.492375 3.996954 -0.029183 0.012667 0.185925 0.982049
1706080135.104027 429.174359 120.536702 3.994239 -0.029067 0.012519 0.186762 0.981895
1706080135.203170 429.285560 120.576214 4.007239 -0.029273 0.012886 0.187410 0.981761
1706080135.302142 429.377174 120.629450 4.007889 -0.030997 0.013125 0.187822 0.981626
1706080135.401398 429.488281 120.676950 4.026482 -0.029489 0.013561 0.188558 0.981526
1706080135.500312 429.607996 120.728209 4.000036 -0.029249 0.012843 0.188923 0.981472
1706080135.600281 429.708541 120.777602 4.014649 -0.029902 0.013782 0.189496 0.981329
1706080135.697941 429.830658 120.842494 4.007888 -0.031063 0.014087 0.190026 0.981186
1706080135.787610 429.905267 120.886003 4.004285 -0.031675 0.013623 0.190416 0.981098
1706080135.884693 430.018775 120.945152 4.005922 -0.031078 0.013311 0.190944 0.981018
1706080136.005304 430.166933 121.016533 3.923093 -0.030372 0.012908 0.191528 0.980932
1706080136.105128 430.281624 121.068660 3.883979 -0.032703 0.012573 0.191856 0.980797
1706080136.203924 430.388398 121.124128 3.892210 -0.032378 0.012215 0.192374 0.980711
1706080136.302657 430.493819 121.184034 3.875205 -0.030956 0.012860 0.192984 0.980629
1706080136.404242 430.600658 121.238612 3.892669 -0.031308 0.013169 0.193629 0.980487
1706080136.503252 430.710107 121.305583 3.897930 -0.033712 0.013244 0.193791 0.980374
1706080136.602535 430.824728 121.363184 3.899826 -0.033156 0.013157 0.194439 0.980266
1706080136.702124 430.928367 121.416598 3.862358 -0.031813 0.013716 0.194818 0.980227
1706080136.800310 431.046761 121.467830 3.867314 -0.034298 0.013517 0.195426 0.980025
1706080136.887776 431.140815 121.506967 3.850824 -0.033176 0.012948 0.195853 0.979986
1706080136.986808 431.254199 121.561510 3.884510 -0.035196 0.013420 0.196326 0.979815
1706080137.085759 431.354953 121.609664 3.912917 -0.035184 0.014683 0.196746 0.979713
1706080137.184475 431.459551 121.664391 3.913571 -0.034297 0.013862 0.197185 0.979668
1706080137.305129 431.591975 121.733158 3.924217 -0.033270 0.014347 0.197739 0.979585
1706080137.404921 431.711546 121.782000 3.932022 -0.033180 0.013220 0.198118 0.979527
1706080137.503454 431.822376 121.843359 3.936650 -0.032259 0.013024 0.198375 0.979509
1706080137.605435 431.946168 121.907860 3.964069 -0.033473 0.014057 0.198493 0.979430
1706080137.704522 432.066299 121.971361 3.970400 -0.033255 0.014159 0.198541 0.979426
1706080137.803652 432.179048 122.037658 4.003210 -0.033327 0.014124 0.198860 0.979359
1706080137.903239 432.287144 122.094915 4.006303 -0.032413 0.013876 0.199051 0.979355
1706080138.001240 432.396147 122.149583 4.016676 -0.032945 0.013794 0.199484 0.979250
1706080138.088942 432.493981 122.202204 4.028958 -0.032366 0.014008 0.199615 0.979240
1706080138.190037 432.611819 122.259122 4.029912 -0.032513 0.013869 0.199814 0.979196
1706080138.288573 432.699661 122.304377 4.052560 -0.032988 0.014333 0.200004 0.979135
1706080138.385542 432.825192 122.356171 4.079676 -0.033454 0.014573 0.200279 0.979059
1706080138.486998 432.936180 122.419086 4.093314 -0.031910 0.014624 0.200491 0.979066
1706080138.605471 433.071205 122.485695 4.072114 -0.032353 0.014649 0.200789 0.978990
1706080138.704308 433.184245 122.540536 4.058313 -0.031126 0.014201 0.201107 0.978972
1706080138.803205 433.284971 122.593245 4.048046 -0.031192 0.014675 0.201319 0.978919
1706080138.904997 433.399954 122.665895 4.070808 -0.031564 0.015317 0.201484 0.978863
1706080139.004654 433.501381 122.718871 4.047287 -0.031279 0.015130 0.201762 0.978818
1706080139.103543 433.593321 122.776139 4.056111 -0.029606 0.014625 0.202033 0.978822
1706080139.202225 433.701933 122.829702 4.003731 -0.030544 0.014693 0.202385 0.978719
1706080139.302140 433.819957 122.891635 3.978062 -0.030269 0.014758 0.202407 0.978722
1706080139.391052 433.928474 122.947928 3.965870 -0.031016 0.014837 0.202489 0.978681
1706080139.489859 434.031490 122.978154 3.981715 -0.030855 0.015373 0.202673 0.978640
1706080139.586539 434.130854 123.030595 3.935733 -0.029279 0.014723 0.202730 0.978686
1706080139.688082 434.245037 123.099255 3.919590 -0.028333 0.014435 0.202706 0.978723
1706080139.797024 434.376640 123.163125 3.918278 -0.029009 0.014934 0.202804 0.978676
1706080139.896383 434.491938 123.218169 3.944068 -0.029729 0.015158 0.202882 0.978634
1706080140.004205 434.617115 123.287274 3.976236 -0.029985 0.015600 0.202900 0.978616
1706080140.094656 434.722242 123.332728 3.985589 -0.031341 0.015886 0.202743 0.978601
1706080140.205281 434.838131 123.401285 3.971161 -0.029054 0.014738 0.202854 0.978667
1706080140.304532 434.942126 123.449753 3.948977 -0.029640 0.014611 0.203087 0.978603
1706080140.403873 435.047326 123.514479 3.945967 -0.030269 0.014926 0.202887 0.978620
1706080140.490980 435.141669 123.565400 3.947746 -0.030929 0.014842 0.202936 0.978591
1706080140.596925 435.261642 123.617675 3.963259 -0.031185 0.014909 0.203024 0.978563
1706080140.695999 435.402800 123.685753 3.978483 -0.031179 0.015664 0.203137 0.978528
1706080140.787565 435.517844 123.751377 3.980028 -0.029913 0.015284 0.203181 0.978565
1706080140.899624 435.626440 123.808347 3.974008 -0.031541 0.014465 0.203405 0.978480
1706080140.998202 435.731872 123.867703 3.958414 -0.029310 0.014514 0.203758 0.978475
1706080141.097501 435.840478 123.925602 3.958012 -0.030848 0.014652 0.203751 0.978427
1706080141.196660 435.954765 123.986299 3.946848 -0.030861 0.014025 0.203817 0.978422
1706080141.295764 436.067949 124.039973 3.941418 -0.032477 0.014279 0.203854 0.978358
1706080141.394825 436.174030 124.095986 3.952638 -0.031668 0.014749 0.204088 0.978329
1706080141.496474 436.281475 124.148449 3.957907 -0.032372 0.014635 0.204273 0.978269
1706080141.604515 436.393778 124.217401 3.964207 -0.032035 0.014517 0.204319 0.978272
1706080141.692092 436.494621 124.268836 3.974473 -0.033024 0.014657 0.204288 0.978244
1706080141.793230 436.611466 124.328320 3.968773 -0.032259 0.014427 0.204361 0.978257
1706080141.900094 436.739757 124.384955 3.952016 -0.032030 0.014305 0.204328 0.978274
1706080141.998974 436.870147 124.448958 3.933576 -0.030066 0.013256 0.204541 0.978306
1706080142.090298 436.975151 124.514482 3.919077 -0.030500 0.014395 0.204555 0.978274
1706080142.199393 437.103081 124.590496 3.913247 -0.031500 0.013596 0.204489 0.978267
1706080142.298611 437.209592 124.642925 3.899729 -0.031169 0.014014 0.204400 0.978291
1706080142.400736 437.314089 124.680018 3.900152 -0.029868 0.014317 0.204553 0.978295
1706080142.496840 437.417786 124.736992 3.911324 -0.030089 0.014311 0.204492 0.978301
1706080142.595920 437.535901 124.794037 3.916302 -0.030595 0.014134 0.204662 0.978252
1706080142.703171 437.653170 124.852653 3.911322 -0.030373 0.014303 0.204775 0.978233
1706080142.802000 437.751752 124.908554 3.926618 -0.030863 0.014567 0.204702 0.978229
1706080142.893124 437.846830 124.961033 3.920265 -0.030737 0.014611 0.204789 0.978214
1706080142.994277 437.952161 125.020107 3.924249 -0.032309 0.015576 0.204609 0.978186
1706080143.097552 438.062767 125.079932 3.916716 -0.031118 0.015676 0.204807 0.978182
1706080143.189399 438.178843 125.144934 3.923924 -0.030288 0.015131 0.204932 0.978190
1706080143.291373 438.270369 125.187635 3.927372 -0.031945 0.015536 0.205165 0.978083
1706080143.400478 438.390116 125.238337 3.921689 -0.032362 0.015344 0.205469 0.978008
1706080143.499715 438.493111 125.290353 3.924450 -0.032341 0.014905 0.205584 0.977991
1706080143.598856 438.623502 125.332757 3.913468 -0.032967 0.014768 0.205923 0.977901
1706080143.697945 438.740191 125.398995 3.920833 -0.032558 0.014970 0.206010 0.977894
1706080143.797026 438.860954 125.461291 3.910018 -0.032175 0.014904 0.206052 0.977898
1706080143.904454 438.964482 125.521943 3.916192 -0.031815 0.014976 0.206262 0.977865
1706080144.002608 439.074431 125.568478 3.918067 -0.032219 0.015335 0.206684 0.977757
1706080144.101241 439.175271 125.636207 3.910680 -0.031198 0.014667 0.206841 0.977767
1706080144.195112 439.271929 125.704013 3.899430 -0.030570 0.014483 0.207138 0.977727
1706080144.298696 439.385949 125.756300 3.894643 -0.030793 0.014937 0.207702 0.977593
1706080144.397933 439.520661 125.824450 3.908689 -0.031877 0.015384 0.207916 0.977506
1706080144.492486 439.621302 125.869697 3.912876 -0.031374 0.015020 0.208469 0.977410
1706080144.601591 439.756139 125.946841 3.895008 -0.030434 0.014485 0.208786 0.977380
1706080144.704320 439.851739 125.993815 3.884921 -0.029242 0.014712 0.209397 0.977283
1706080144.802590 439.968106 126.038766 3.893866 -0.028812 0.014557 0.210084 0.977150
1706080144.899024 440.088124 126.102204 3.886288 -0.029048 0.014981 0.210494 0.977049
1706080144.998095 440.188238 126.166282 3.878127 -0.028838 0.013857 0.211015 0.976959
1706080145.105474 440.300796 126.235219 3.889585 -0.030442 0.015051 0.211555 0.976776
1706080145.204044 440.393849 126.302865 3.884372 -0.030967 0.015124 0.211967 0.976669
1706080145.302616 440.495711 126.362972 3.871600 -0.029455 0.014946 0.212582 0.976585
1706080145.401140 440.597869 126.405537 3.892958 -0.031852 0.015630 0.213062 0.976394
1706080145.492987 440.705008 126.461314 3.899907 -0.030465 0.016043 0.213570 0.976321
1706080145.603181 440.810957 126.536621 3.902808 -0.029509 0.016304 0.213891 0.976276
1706080145.697172 440.921601 126.577513 3.896475 -0.030641 0.015911 0.214506 0.976112
1706080145.802703 441.035796 126.637760 3.899168 -0.029982 0.016656 0.214807 0.976054
1706080145.901917 441.146568 126.700979 3.904522 -0.029843 0.016314 0.214949 0.976033
1706080146.001021 441.256087 126.758522 3.900158 -0.029549 0.016054 0.215356 0.975956
1706080146.100118 441.371096 126.825495 3.893779 -0.029337 0.015958 0.215855 0.975854
1706080146.199201 441.504413 126.885445 3.888955 -0.029190 0.015782 0.216309 0.975761
1706080146.300082 441.616917 126.950661 3.886907 -0.029373 0.015583 0.216505 0.975715
1706080146.405017 441.711569 127.008583 3.890740 -0.031122 0.016357 0.216642 0.975618
1706080146.503645 441.812428 127.049298 3.888352 -0.032906 0.016190 0.216964 0.975491
1706080146.602469 441.921411 127.102748 3.880457 -0.031534 0.014775 0.217312 0.975481
1706080146.696148 442.021289 127.161183 3.871416 -0.032088 0.014783 0.217746 0.975366
1706080146.804265 442.133690 127.222696 3.867161 -0.032589 0.014751 0.218092 0.975272
1706080146.902758 442.237922 127.287698 3.874831 -0.031572 0.015345 0.218358 0.975237
1706080147.003841 442.343345 127.358041 3.869775 -0.031806 0.014958 0.218556 0.975191
1706080147.103015 442.446199 127.411262 3.867703 -0.033477 0.015762 0.218717 0.975087
1706080147.202153 442.584041 127.478868 3.870272 -0.033360 0.015703 0.219135 0.974998
1706080147.301241 442.685212 127.540118 3.869034 -0.032605 0.016307 0.219510 0.974929
1706080147.400314 442.780700 127.607936 3.862122 -0.031310 0.015180 0.219967 0.974887
1706080147.499393 442.877281 127.667546 3.854159 -0.030157 0.015272 0.220259 0.974855
1706080147.599463 442.972505 127.721195 3.855134 -0.031308 0.016476 0.220714 0.974697
1706080147.704617 443.079127 127.784081 3.854462 -0.032873 0.016106 0.220955 0.974597
1706080147.803738 443.195777 127.835998 3.858603 -0.033980 0.016227 0.221165 0.974509
1706080147.902241 443.305710 127.910645 3.859075 -0.033038 0.016169 0.221503 0.974466
1706080148.000752 443.404714 127.949692 3.872200 -0.030775 0.016917 0.222050 0.974403
1706080148.105475 443.527259 128.023817 3.868431 -0.031096 0.016008 0.222370 0.974335
1706080148.204939 443.701641 128.120639 3.864701 -0.028901 0.015947 0.222694 0.974329
1706080148.304140 443.815313 128.177928 3.859876 -0.030366 0.015956 0.222870 0.974244
1706080148.403218 443.915429 128.219704 3.859133 -0.030151 0.015613 0.223326 0.974152
1706080148.504326 444.028023 128.288191 3.864068 -0.030458 0.016843 0.223598 0.974060
1706080148.603285 444.127385 128.348725 3.860340 -0.027967 0.016893 0.224104 0.974018
1706080148.701390 444.213465 128.403771 3.853717 -0.029091 0.016426 0.224533 0.973894
1706080148.799552 444.292108 128.453138 3.853840 -0.029849 0.017132 0.225048 0.973740
1706080148.900519 444.372419 128.513364 3.851040 -0.029720 0.016478 0.225676 0.973610
1706080149.004294 444.487812 128.575234 3.850875 -0.032149 0.016897 0.226268 0.973388
1706080149.102804 444.584438 128.639154 3.849379 -0.032113 0.017127 0.227057 0.973201
1706080149.201793 444.680726 128.692328 3.840208 -0.031262 0.016244 0.227992 0.973025
1706080149.300580 444.788163 128.758270 3.834749 -0.031227 0.016086 0.228833 0.972832
1706080149.403889 444.917359 128.819760 3.832695 -0.029700 0.016428 0.229791 0.972648
1706080149.504838 445.049711 128.888141 3.835693 -0.029354 0.016897 0.230679 0.972440
1706080149.604330 445.163589 128.942264 3.831581 -0.028853 0.016524 0.231624 0.972237
1706080149.705120 445.255849 128.993910 3.830511 -0.030234 0.016922 0.232439 0.971994
1706080149.804812 445.371809 129.074569 3.832614 -0.029608 0.017326 0.233474 0.971758
1706080149.902793 445.461081 129.140620 3.832075 -0.030517 0.017175 0.234180 0.971562
1706080150.002978 445.555114 129.210357 3.834820 -0.029404 0.017513 0.235097 0.971369
1706080150.101516 445.646659 129.276687 3.833491 -0.030671 0.017744 0.236020 0.971102
1706080150.205105 445.744214 129.349397 3.839087 -0.029165 0.018386 0.237004 0.970897
1706080150.304232 445.849044 129.414526 3.827091 -0.029474 0.017290 0.237964 0.970673
1706080150.402891 445.966378 129.475710 3.823621 -0.028646 0.017597 0.239072 0.970420
1706080150.501397 446.075373 129.544449 3.819621 -0.029346 0.017769 0.239965 0.970175
1706080150.604915 446.184148 129.628450 3.815604 -0.029321 0.017683 0.240908 0.969944
1706080150.705280 446.286698 129.686477 3.813566 -0.027335 0.018387 0.242144 0.969681
1706080150.805134 446.416333 129.741596 3.809893 -0.031035 0.018027 0.243034 0.969353
1706080150.904491 446.514300 129.804426 3.808224 -0.032320 0.017787 0.243838 0.969114
1706080151.003575 446.620917 129.872925 3.805101 -0.032558 0.018072 0.244765 0.968867
1706080151.102635 446.718247 129.943300 3.799731 -0.030589 0.017470 0.245841 0.968670
1706080151.203986 446.833514 130.025164 3.792523 -0.030971 0.017341 0.246774 0.968423
1706080151.302578 446.916273 130.087813 3.788855 -0.033760 0.017386 0.247616 0.968114
1706080151.401657 446.980181 130.157199 3.783224 -0.033221 0.016912 0.248528 0.967907
1706080151.500636 447.081256 130.220669 3.778340 -0.031575 0.016370 0.249692 0.967672
1706080151.604083 447.176229 130.282092 3.779689 -0.033263 0.017583 0.250541 0.967375
1706080151.702805 447.264328 130.334535 3.785563 -0.032386 0.017733 0.251612 0.967124
1706080151.801092 447.351883 130.399749 3.785799 -0.033730 0.017842 0.252314 0.966893
1706080151.904528 447.446454 130.453419 3.787974 -0.032706 0.017916 0.253365 0.966652
1706080152.003238 447.559172 130.541552 3.789651 -0.032341 0.018228 0.254165 0.966448
1706080152.105433 447.678259 130.617470 3.785991 -0.033325 0.017663 0.254977 0.966211
1706080152.204675 447.784279 130.707871 3.778716 -0.032135 0.017986 0.255999 0.965975
1706080152.303765 447.880759 130.779638 3.771493 -0.031733 0.017983 0.256997 0.965724
1706080152.404836 447.997340 130.854352 3.763005 -0.034002 0.017338 0.257802 0.965444
1706080152.503634 448.110343 130.935626 3.759077 -0.034532 0.017962 0.258508 0.965225
1706080152.602662 448.216468 130.993563 3.759619 -0.033568 0.018045 0.259640 0.964953
1706080152.701606 448.313675 131.058341 3.763533 -0.032032 0.018699 0.260790 0.964683
1706080152.804992 448.416314 131.105598 3.762736 -0.034287 0.018732 0.261845 0.964319
1706080152.903675 448.522630 131.182633 3.761284 -0.032374 0.018236 0.262743 0.964150
1706080153.002441 448.616233 131.271455 3.758039 -0.034403 0.018471 0.263332 0.963915
1706080153.105350 448.720421 131.337867 3.755276 -0.032882 0.018522 0.264405 0.963673
1706080153.204067 448.826818 131.410485 3.749573 -0.032892 0.018342 0.265135 0.963475
1706080153.302687 448.927840 131.480326 3.745244 -0.033330 0.018375 0.265829 0.963269
1706080153.404965 449.013723 131.535688 3.753048 -0.033526 0.019596 0.266586 0.963029
1706080153.504809 449.111232 131.615977 3.754450 -0.031437 0.019890 0.267358 0.962879
1706080153.603730 449.202883 131.679292 3.754791 -0.031701 0.019763 0.267938 0.962712
1706080153.704630 449.304371 131.743182 3.744288 -0.030941 0.019133 0.268631 0.962556
1706080153.804008 449.424400 131.794025 3.742504 -0.031509 0.019317 0.269438 0.962308
1706080153.902624 449.517375 131.866531 3.736957 -0.031973 0.019456 0.269777 0.962195
1706080154.002282 449.612592 131.939378 3.736424 -0.031454 0.019976 0.270440 0.962016
1706080154.104823 449.725061 132.010637 3.734117 -0.031249 0.019744 0.270929 0.961889
1706080154.203488 449.813147 132.107839 3.742503 -0.029745 0.021130 0.271177 0.961838
1706080154.302337 449.910705 132.172622 3.742023 -0.030038 0.020335 0.271620 0.961721
1706080154.400990 449.985852 132.237380 3.735625 -0.029371 0.020221 0.272124 0.961601
1706080154.504452 450.099122 132.322480 3.727689 -0.029335 0.019747 0.272527 0.961498
1706080154.598178 450.187919 132.391848 3.717959 -0.031992 0.019533 0.272562 0.961408
1706080154.705306 450.324107 132.457618 3.725022 -0.028188 0.019552 0.273517 0.961255
1706080154.804804 450.423959 132.534538 3.719933 -0.029766 0.020405 0.273296 0.961253
1706080154.903469 450.540953 132.621598 3.717152 -0.031852 0.020246 0.273236 0.961206
1706080155.004717 450.632459 132.691458 3.717863 -0.031435 0.020648 0.273245 0.961209
1706080155.103768 450.745282 132.769996 3.715459 -0.031424 0.020396 0.273255 0.961212
1706080155.203366 450.850706 132.826259 3.712585 -0.030032 0.020020 0.273397 0.961224
1706080155.302287 450.934784 132.899513 3.707921 -0.030197 0.019829 0.272978 0.961342
1706080155.404538 451.041605 132.963727 3.708624 -0.032008 0.019358 0.272611 0.961397
1706080155.503403 451.130009 133.029929 3.710983 -0.031057 0.019513 0.272345 0.961500
1706080155.602135 451.226591 133.097445 3.703575 -0.033763 0.018863 0.272031 0.961511
1706080155.700832 451.323471 133.165359 3.699555 -0.032503 0.018975 0.271678 0.961652
1706080155.799701 451.426984 133.234697 3.693086 -0.032378 0.019324 0.271019 0.961835
1706080155.902003 451.514128 133.304302 3.694205 -0.031590 0.018766 0.270386 0.962051
1706080156.000623 451.616825 133.373877 3.689805 -0.031547 0.018844 0.269902 0.962186
1706080156.104418 451.724362 133.448820 3.685363 -0.031954 0.018597 0.269153 0.962387
1706080156.198101 451.813401 133.529421 3.680302 -0.032413 0.018554 0.268435 0.962574
1706080156.304605 451.924919 133.590885 3.678863 -0.034551 0.018724 0.267515 0.962752
1706080156.404205 452.042066 133.664940 3.684225 -0.032624 0.019087 0.266930 0.962974
1706080156.503364 452.148970 133.743392 3.678621 -0.033007 0.018974 0.266121 0.963188
1706080156.603774 452.277013 133.879336 3.665590 -0.036015 0.018215 0.264428 0.963561
1706080156.704268 452.364486 133.951469 3.660912 -0.034286 0.018912 0.263616 0.963833
1706080156.803051 452.458574 134.012348 3.662721 -0.033843 0.018960 0.262700 0.964097
1706080156.901814 452.565359 134.071368 3.658094 -0.035596 0.018378 0.261863 0.964273
1706080157.000533 452.677012 134.140247 3.658365 -0.034874 0.018584 0.260869 0.964565
1706080157.099079 452.782083 134.202630 3.651420 -0.034551 0.017218 0.259988 0.964840
1706080157.201727 452.898500 134.280615 3.641436 -0.034453 0.017262 0.258949 0.965122
1706080157.301030 452.990761 134.347302 3.635440 -0.034015 0.017317 0.258010 0.965388
1706080157.394878 453.094695 134.393803 3.635964 -0.034215 0.017282 0.257156 0.965609
1706080157.497680 453.218224 134.440762 3.631106 -0.034778 0.017569 0.256437 0.965775
1706080157.605086 453.321873 134.489293 3.625922 -0.032729 0.017310 0.255553 0.966086
1706080157.704205 453.440327 134.594459 3.615932 -0.033704 0.016818 0.254281 0.966396
1706080157.804750 453.537688 134.658703 3.606478 -0.034145 0.017125 0.253384 0.966611
1706080157.905132 453.649202 134.719734 3.613520 -0.033007 0.017441 0.252920 0.966767
1706080158.004215 453.748392 134.765993 3.623159 -0.033853 0.017959 0.252102 0.966942
1706080158.102974 453.844723 134.840676 3.629971 -0.032735 0.018165 0.251322 0.967179
1706080158.201753 453.959418 134.921814 3.632195 -0.031549 0.017890 0.250684 0.967389
1706080158.304500 454.041084 134.992887 3.631457 -0.034872 0.018803 0.249903 0.967460
1706080158.402770 454.131043 135.065424 3.638203 -0.030951 0.018459 0.249708 0.967650
1706080158.501276 454.243409 135.121106 3.639075 -0.031954 0.018173 0.249581 0.967656
1706080158.600721 454.345053 135.184366 3.643713 -0.030770 0.018587 0.249441 0.967723
1706080158.698652 454.453838 135.235492 3.640503 -0.031211 0.018768 0.249338 0.967732
1706080158.797333 454.567661 135.298926 3.642486 -0.029088 0.018857 0.249354 0.967792
1706080158.905218 454.693223 135.385878 3.635675 -0.029938 0.018828 0.249048 0.967845
1706080159.004190 454.795367 135.440221 3.640243 -0.028778 0.019269 0.249138 0.967848
1706080159.104444 454.890791 135.509927 3.636788 -0.029178 0.019137 0.249136 0.967840
1706080159.204982 454.996643 135.573914 3.638377 -0.028833 0.019408 0.249377 0.967783
1706080159.303757 455.099186 135.652683 3.633201 -0.028102 0.018818 0.249771 0.967714
1706080159.390758 455.185108 135.717608 3.627905 -0.028880 0.019204 0.249877 0.967656
1706080159.501252 455.277892 135.767539 3.630091 -0.028781 0.019435 0.250512 0.967490
1706080159.604520 455.392372 135.836481 3.625840 -0.028401 0.019684 0.251086 0.967348
1706080159.702613 455.503571 135.889543 3.620735 -0.028413 0.018414 0.251683 0.967217
1706080159.801208 455.617351 135.959753 3.612381 -0.029800 0.018794 0.252088 0.967063
1706080159.899818 455.734440 136.051721 3.606642 -0.029351 0.018452 0.252547 0.966963
1706080159.995560 455.813019 136.115414 3.598648 -0.029836 0.018600 0.253145 0.966789
1706080160.094670 455.924039 136.202557 3.589051 -0.030173 0.018621 0.253912 0.966577
1706080160.205310 456.031591 136.262624 3.582536 -0.031166 0.019308 0.255250 0.966180
1706080160.304919 456.128879 136.325250 3.577353 -0.031158 0.019221 0.256486 0.965854
1706080160.403378 456.223640 136.401553 3.576757 -0.030672 0.019040 0.257634 0.965568
1706080160.493001 456.285018 136.450441 3.585622 -0.030077 0.019323 0.258728 0.965289
1706080160.603763 456.421037 136.617714 3.570645 -0.028520 0.019545 0.259783 0.965048
1706080160.695674 456.541274 136.674099 3.569759 -0.027367 0.020037 0.261262 0.964672
1706080160.804881 456.662492 136.723820 3.568061 -0.026442 0.019878 0.262734 0.964301
1706080160.893018 456.739840 136.768132 3.555289 -0.026290 0.020468 0.263876 0.963981
1706080160.998205 456.851484 136.846927 3.551452 -0.024647 0.020345 0.265140 0.963680
1706080161.097466 456.955925 136.908705 3.550063 -0.027009 0.021170 0.266335 0.963269
1706080161.200099 457.046345 136.954763 3.567971 -0.025027 0.020983 0.267490 0.963007
1706080161.295926 457.128339 137.023688 3.568978 -0.022837 0.021976 0.268319 0.962809
1706080161.397605 457.212731 137.087654 3.569563 -0.026964 0.022646 0.268927 0.962517
1706080161.496636 457.293590 137.164935 3.566636 -0.025719 0.021894 0.269668 0.962361
1706080161.604745 457.391381 137.243055 3.554082 -0.025744 0.021295 0.271001 0.961999
1706080161.699145 457.484755 137.304045 3.549496 -0.025153 0.020901 0.272026 0.961734
1706080161.792818 457.583312 137.365399 3.546514 -0.024848 0.021530 0.273071 0.961432
1706080161.900140 457.680849 137.456083 3.545225 -0.025907 0.021492 0.273878 0.961175
1706080161.995555 457.792136 137.526013 3.541822 -0.025316 0.021234 0.274624 0.960984
1706080162.100896 457.871088 137.584707 3.533555 -0.026618 0.021763 0.275102 0.960800
1706080162.203840 457.957609 137.656439 3.539697 -0.026268 0.021827 0.275442 0.960711
1706080162.302611 458.060525 137.726839 3.533827 -0.026291 0.022183 0.275800 0.960599
1706080162.401342 458.165307 137.815213 3.530633 -0.025230 0.022143 0.275999 0.960572
1706080162.499958 458.285140 137.883308 3.515113 -0.026884 0.022299 0.276325 0.960429
1706080162.604364 458.412117 137.967378 3.509872 -0.026469 0.021927 0.276632 0.960361
1706080162.697729 458.496670 138.033288 3.509541 -0.024738 0.021813 0.276830 0.960353
1706080162.796473 458.602415 138.113607 3.515176 -0.024536 0.022405 0.277004 0.960294
1706080162.900457 458.663306 138.214290 3.516306 -0.026089 0.023615 0.276745 0.960299
1706080162.994045 458.765750 138.282815 3.523376 -0.023850 0.022813 0.277012 0.960299
1706080163.093091 458.875538 138.346019 3.519222 -0.023873 0.022042 0.277344 0.960221
1706080163.195979 458.989224 138.405310 3.523998 -0.025336 0.022197 0.277308 0.960190
1706080163.294972 459.071976 138.500590 3.517593 -0.025698 0.022194 0.277155 0.960225
1706080163.400482 459.193187 138.558255 3.516891 -0.027286 0.022006 0.277425 0.960108
1706080163.499723 459.287833 138.624305 3.502573 -0.027051 0.021491 0.277688 0.960050
1706080163.598841 459.387592 138.670233 3.508593 -0.027301 0.021210 0.278331 0.959863
1706080163.701001 459.499012 138.736577 3.493403 -0.028531 0.020870 0.278857 0.959682
1706080163.800034 459.592579 138.790036 3.482349 -0.028833 0.021210 0.279519 0.959473
1706080163.898587 459.697243 138.869510 3.476488 -0.030135 0.021623 0.279858 0.959325
1706080164.003037 459.805866 138.963893 3.462495 -0.028389 0.021799 0.280595 0.959159
1706080164.096370 459.886753 139.027946 3.454986 -0.028605 0.022858 0.280917 0.959033
1706080164.195010 460.001280 139.093179 3.442122 -0.028385 0.022826 0.281543 0.958857
1706080164.294002 460.108248 139.165175 3.445496 -0.026765 0.022481 0.282150 0.958733
1706080164.397688 460.181099 139.231716 3.451053 -0.025483 0.023404 0.282634 0.958604
1706080164.492048 460.255788 139.307928 3.453231 -0.025604 0.023672 0.282945 0.958502
1706080164.601576 460.345393 139.415526 3.443913 -0.024161 0.023079 0.283294 0.958451
1706080164.700786 460.455279 139.495901 3.441897 -0.024541 0.023576 0.283841 0.958267
1706080164.799897 460.561600 139.557384 3.447685 -0.023408 0.024344 0.284495 0.958082
1706080164.898988 460.643812 139.673208 3.441492 -0.023738 0.023882 0.284844 0.957982
1706080165.001074 460.737241 139.744127 3.433414 -0.023103 0.024199 0.285479 0.957801
1706080165.099838 460.828837 139.819401 3.460331 -0.024179 0.024239 0.285851 0.957662
1706080165.204329 460.939130 139.879250 3.462121 -0.022246 0.024175 0.286634 0.957477
1706080165.297136 461.023321 139.924493 3.450847 -0.023605 0.023803 0.287184 0.957289
1706080165.396083 461.132967 139.964207 3.450253 -0.024052 0.023492 0.287856 0.957083
1706080165.499713 461.245150 140.052403 3.441291 -0.023525 0.024047 0.288540 0.956877
1706080165.598748 461.341397 140.132826 3.440768 -0.024283 0.023365 0.289087 0.956709
1706080165.697299 461.447486 140.190099 3.437877 -0.025114 0.023583 0.289795 0.956469
1706080165.802685 461.541971 140.289685 3.440059 -0.025063 0.023346 0.290339 0.956311
1706080165.898821 461.646251 140.389984 3.428391 -0.024423 0.023178 0.290791 0.956194
1706080166.004426 461.727575 140.470900 3.423031 -0.025412 0.023092 0.291397 0.955986
1706080166.103426 461.845130 140.607188 3.407268 -0.025935 0.022868 0.291321 0.956000
1706080166.202111 461.937249 140.648837 3.397343 -0.026502 0.022428 0.292058 0.955770
1706080166.300866 462.004697 140.711620 3.388877 -0.027127 0.022553 0.292257 0.955689
1706080166.399710 462.085733 140.786475 3.383005 -0.026750 0.024114 0.292463 0.955599
1706080166.503566 462.195448 140.852053 3.394940 -0.026876 0.024523 0.292975 0.955427
1706080166.597137 462.297414 140.919716 3.393863 -0.027044 0.023436 0.293247 0.955367
1706080166.701040 462.410624 141.008872 3.384867 -0.026007 0.023175 0.293583 0.955299
1706080166.795377 462.503097 141.079563 3.389688 -0.026478 0.023115 0.293931 0.955180
1706080166.898219 462.622568 141.135357 3.387337 -0.027035 0.022998 0.294176 0.955092
1706080167.003828 462.738010 141.208121 3.381833 -0.026054 0.023414 0.294719 0.954942
1706080167.103014 462.834781 141.288868 3.374021 -0.026830 0.022900 0.294817 0.954902
1706080167.202129 462.913574 141.353126 3.374636 -0.026436 0.023252 0.295334 0.954745
1706080167.304411 462.973395 141.435400 3.367063 -0.025198 0.023876 0.295598 0.954681
1706080167.403203 463.071869 141.547740 3.367141 -0.025027 0.024156 0.295800 0.954616
1706080167.501986 463.200785 141.613185 3.362947 -0.028126 0.022138 0.296352 0.954408
1706080167.600412 463.293677 141.692093 3.362370 -0.026256 0.023380 0.296491 0.954388
1706080167.704885 463.391998 141.764608 3.357932 -0.025550 0.023955 0.297020 0.954229
1706080167.803190 463.502950 141.826239 3.341614 -0.025480 0.023982 0.297338 0.954131
1706080167.900889 463.582327 141.887629 3.341326 -0.026591 0.023635 0.297667 0.954007
1706080168.000756 463.670463 141.965050 3.334073 -0.026456 0.024449 0.297983 0.953891
1706080168.099298 463.761730 142.035936 3.326497 -0.027931 0.023974 0.298287 0.953766
1706080168.204915 463.853950 142.119548 3.327571 -0.026389 0.023967 0.298535 0.953733
1706080168.304105 463.936606 142.207407 3.319031 -0.026904 0.023893 0.298334 0.953783
1706080168.403216 464.003494 142.246679 3.318467 -0.026002 0.023923 0.298484 0.953760
1706080168.504963 464.099485 142.336856 3.319663 -0.027538 0.024691 0.297994 0.953851
1706080168.604161 464.191071 142.409710 3.323516 -0.026400 0.025455 0.297884 0.953897
1706080168.702713 464.272102 142.492199 3.318992 -0.025288 0.024492 0.297493 0.954075
1706080168.801504 464.372351 142.585687 3.312476 -0.025723 0.023674 0.297225 0.954167
1706080168.900488 464.474630 142.680398 3.314228 -0.025031 0.024460 0.296648 0.954346
1706080169.004476 464.599182 142.784984 3.314935 -0.025248 0.024269 0.296149 0.954500
1706080169.101919 464.709029 142.865294 3.310557 -0.027087 0.023021 0.295490 0.954684
1706080169.201865 464.818973 142.954343 3.301052 -0.025643 0.024039 0.294843 0.954899
1706080169.300568 464.913959 143.039487 3.286723 -0.026624 0.023879 0.294020 0.955130
1706080169.399252 465.017430 143.100273 3.285614 -0.026085 0.023496 0.293413 0.955341
1706080169.504947 465.117829 143.191602 3.284297 -0.025737 0.023662 0.292528 0.955618
1706080169.604318 465.228918 143.267531 3.284195 -0.026252 0.024021 0.291700 0.955848
1706080169.703400 465.317253 143.328661 3.284762 -0.025839 0.023356 0.290902 0.956119
1706080169.805244 465.449906 143.409168 3.269987 -0.027628 0.022367 0.289823 0.956420
1706080169.903976 465.541702 143.492732 3.270361 -0.026996 0.022980 0.288771 0.956742
1706080170.000461 465.620548 143.586128 3.254463 -0.029097 0.022794 0.287322 0.957121
1706080170.101470 465.700708 143.674499 3.250413 -0.029471 0.022625 0.286234 0.957439
1706080170.200646 465.802122 143.718338 3.237916 -0.030393 0.021849 0.285057 0.957780
1706080170.299565 465.917125 143.792802 3.237298 -0.030234 0.021622 0.283789 0.958166
1706080170.398617 466.019839 143.864527 3.225027 -0.029103 0.021581 0.282721 0.958518
1706080170.497591 466.100081 143.926303 3.199313 -0.030207 0.020955 0.281353 0.958900
1706080170.599150 466.204280 144.002454 3.207673 -0.029482 0.021584 0.280087 0.959279
1706080170.705472 466.323624 144.079284 3.191454 -0.029989 0.021082 0.278642 0.959695
1706080170.805322 466.425933 144.152044 3.166938 -0.030490 0.020852 0.277341 0.960061
1706080170.904486 466.541314 144.219701 3.152964 -0.029708 0.020743 0.276027 0.960467
1706080171.003571 466.691892 144.301315 3.128361 -0.028819 0.020351 0.274953 0.960810
1706080171.104800 466.799643 144.369753 3.108107 -0.028823 0.020459 0.273564 0.961204
1706080171.201601 466.899515 144.444708 3.116605 -0.028596 0.020698 0.272438 0.961526
1706080171.302586 467.001666 144.519759 3.125067 -0.028865 0.020454 0.271050 0.961915
1706080171.401592 467.096646 144.611356 3.093282 -0.029663 0.020323 0.269751 0.962259
1706080171.500598 467.185639 144.676236 3.147669 -0.028320 0.020883 0.268848 0.962540
1706080171.599650 467.300309 144.746549 3.160523 -0.029339 0.020297 0.267858 0.962798
1706080171.701247 467.407509 144.830465 3.158988 -0.029682 0.020107 0.267111 0.962999
1706080171.799517 467.497737 144.873154 3.147300 -0.031478 0.020448 0.266518 0.963099
1706080171.898194 467.598968 144.938568 3.175818 -0.031932 0.019972 0.265929 0.963257
1706080171.996658 467.713988 145.008038 3.130780 -0.030945 0.020014 0.265786 0.963327
1706080172.104805 467.838007 145.063142 3.101003 -0.030880 0.019402 0.265631 0.963385
1706080172.204708 467.929279 145.140418 3.057466 -0.031002 0.019757 0.265152 0.963506
1706080172.303753 468.029268 145.222347 3.060923 -0.032708 0.019853 0.264911 0.963513
1706080172.405031 468.110779 145.322781 3.130737 -0.032033 0.020485 0.264609 0.963606
1706080172.503625 468.214133 145.403926 3.199698 -0.032370 0.020290 0.264695 0.963575
1706080172.602370 468.312386 145.514323 3.183537 -0.031506 0.021030 0.264515 0.963637
1706080172.705117 468.423754 145.575189 3.224390 -0.030409 0.020591 0.264969 0.963557
1706080172.801006 468.525856 145.646194 3.218354 -0.029173 0.020056 0.265082 0.963576
1706080172.902268 468.640590 145.720256 3.202763 -0.029224 0.020613 0.265248 0.963517
1706080173.000480 468.748924 145.771851 3.209346 -0.028335 0.021558 0.265723 0.963392
1706080173.099455 468.834390 145.841734 3.211028 -0.027359 0.021622 0.265829 0.963389
1706080173.197778 468.937804 145.911141 3.174617 -0.027149 0.021624 0.266402 0.963237
1706080173.296859 469.045966 145.994161 3.222418 -0.027107 0.021960 0.266744 0.963136
1706080173.405110 469.149744 146.079171 3.249312 -0.027379 0.021378 0.267269 0.962996
1706080173.504744 469.247379 146.138945 3.247685 -0.025486 0.022142 0.268153 0.962785
1706080173.603675 469.301070 146.205144 3.207526 -0.026190 0.022191 0.268781 0.962589
1706080173.704792 469.400726 146.241863 3.142777 -0.026547 0.021629 0.269830 0.962299
1706080173.803675 469.476651 146.298007 3.243836 -0.025860 0.022791 0.270834 0.962009
1706080173.903029 469.573955 146.380332 3.239830 -0.025834 0.022570 0.271717 0.961766
1706080174.001830 469.672996 146.444379 3.204368 -0.025871 0.022514 0.272879 0.961437
1706080174.101162 469.796428 146.544733 3.303714 -0.025139 0.023030 0.273876 0.961161
1706080174.202011 469.903573 146.622015 3.255329 -0.026460 0.023219 0.274476 0.960949
1706080174.300825 469.985120 146.692590 3.251080 -0.024972 0.023426 0.275456 0.960704
1706080174.399294 470.094646 146.751841 3.254869 -0.024415 0.023491 0.276172 0.960511
1706080174.497809 470.164645 146.829247 3.270822 -0.023514 0.023968 0.276671 0.960378
1706080174.603155 470.286302 146.898781 3.219575 -0.027244 0.023016 0.277067 0.960188
1706080174.685422 470.368999 146.961013 3.240073 -0.024430 0.023893 0.277763 0.960042
1706080174.804809 470.462453 147.026666 3.274495 -0.023722 0.024076 0.278768 0.959763
1706080174.903386 470.551802 147.108982 3.282355 -0.023709 0.024345 0.279220 0.959626
1706080175.004916 470.677489 147.230137 3.307016 -0.022764 0.024685 0.279732 0.959491
1706080175.103965 470.781309 147.275444 3.286622 -0.024942 0.023919 0.280827 0.959136
1706080175.203061 470.872603 147.351456 3.281709 -0.024839 0.023453 0.281238 0.959030
1706080175.302268 470.998097 147.414437 3.213267 -0.023256 0.023711 0.282247 0.958767
1706080175.402357 471.091464 147.513758 3.269033 -0.023450 0.024427 0.282638 0.958629
1706080175.501800 471.179312 147.594844 3.250091 -0.025580 0.023743 0.283334 0.958386
1706080175.600238 471.278937 147.661034 3.214522 -0.026346 0.023199 0.283892 0.958214
1706080175.698801 471.377570 147.749203 3.179547 -0.025908 0.023308 0.284844 0.957940
1706080175.787198 471.460307 147.821324 3.175885 -0.024906 0.023765 0.285580 0.957736
1706080175.886702 471.580445 147.873255 3.152458 -0.025231 0.023522 0.286590 0.957432
1706080175.989136 471.699624 147.951990 3.117037 -0.027910 0.021871 0.287375 0.957162
1706080176.084564 471.798669 148.000292 3.077234 -0.028382 0.022227 0.288276 0.956868
1706080176.198661 471.897900 148.080329 2.984803 -0.028155 0.022168 0.289288 0.956571
1706080176.304991 472.005246 148.134708 2.971027 -0.029133 0.021898 0.290265 0.956252
1706080176.403949 472.075879 148.233119 3.124443 -0.027727 0.023481 0.291002 0.956032
1706080176.503071 472.179892 148.303620 3.107447 -0.026249 0.023580 0.291898 0.955799
1706080176.604294 472.272267 148.377956 3.112817 -0.025445 0.024486 0.292697 0.955553
1706080176.702888 472.344779 148.436429 3.062557 -0.027581 0.023248 0.293344 0.955326
1706080176.801452 472.454015 148.528663 3.029632 -0.027893 0.023298 0.293972 0.955123
1706080176.889614 472.534910 148.592462 3.023190 -0.028213 0.023148 0.294519 0.954948
1706080176.988665 472.613888 148.659110 3.053218 -0.026242 0.024226 0.295221 0.954761
1706080177.087727 472.694119 148.733591 3.007690 -0.027179 0.023193 0.295333 0.954726
1706080177.186633 472.815416 148.822135 2.859334 -0.028760 0.021635 0.295724 0.954595
1706080177.285626 472.913259 148.904842 2.874539 -0.026200 0.023326 0.296011 0.954540
1706080177.399600 473.019920 148.997143 2.882211 -0.027605 0.023324 0.295875 0.954543
1706080177.498337 473.128121 149.073663 2.906225 -0.027313 0.023373 0.295761 0.954585
1706080177.605039 473.234604 149.212934 2.915718 -0.025595 0.023987 0.295479 0.954705
1706080177.704087 473.341616 149.282359 2.921275 -0.025926 0.023848 0.295123 0.954810
1706080177.804347 473.440496 149.345344 2.897124 -0.024239 0.023838 0.294832 0.954944
1706080177.903876 473.551489 149.391739 2.872428 -0.022971 0.024357 0.294332 0.955117
1706080178.002490 473.617552 149.465002 2.954967 -0.024750 0.024155 0.293462 0.955345
1706080178.090656 473.695641 149.524838 2.964581 -0.023589 0.024048 0.292935 0.955539
1706080178.189618 473.811173 149.595583 2.974505 -0.023064 0.023851 0.292338 0.955739
1706080178.288761 473.920563 149.665247 2.974484 -0.023181 0.023980 0.291440 0.956007
1706080178.391243 474.028226 149.721398 2.936224 -0.023534 0.023357 0.290628 0.956261
1706080178.490036 474.129155 149.809161 2.914028 -0.025027 0.022487 0.289690 0.956529
1706080178.600741 474.253518 149.909302 2.917200 -0.025676 0.023004 0.288478 0.956866
1706080178.699540 474.348738 149.964082 2.908768 -0.024937 0.022878 0.287957 0.957045
1706080178.803202 474.437993 150.067020 2.942849 -0.025471 0.023154 0.286864 0.957353
1706080178.905268 474.549026 150.142405 2.987825 -0.025826 0.023094 0.286031 0.957594
1706080179.004747 474.632257 150.230366 2.904160 -0.028171 0.021476 0.284865 0.957913
1706080179.104928 474.723963 150.332604 2.883638 -0.027165 0.022564 0.283783 0.958238
1706080179.203452 474.837489 150.391932 2.885473 -0.028159 0.022227 0.282667 0.958547
1706080179.291755 474.927409 150.479125 2.835696 -0.027125 0.022388 0.281828 0.958820
1706080179.390916 475.030982 150.555778 2.817950 -0.029106 0.021358 0.280523 0.959168
1706080179.490051 475.145187 150.609594 2.780195 -0.029037 0.021721 0.279455 0.959474
1706080179.588753 475.241998 150.673875 2.813599 -0.029710 0.021189 0.278247 0.959816
1706080179.703126 475.349998 150.777869 2.812586 -0.031359 0.020170 0.276834 0.960194
1706080179.797271 475.461927 150.826855 2.770869 -0.031734 0.019746 0.275827 0.960480
1706080179.900526 475.555492 150.896903 2.787302 -0.030649 0.020195 0.274823 0.960794
1706080179.995605 475.650924 150.961482 2.832319 -0.029689 0.020406 0.273815 0.961107
1706080180.094679 475.752057 151.057995 2.829659 -0.030306 0.020231 0.272555 0.961450
1706080180.205244 475.882907 151.141692 2.823262 -0.031650 0.018722 0.271220 0.961815
1706080180.305036 475.995409 151.193100 2.808235 -0.031331 0.019495 0.270136 0.962115
1706080180.403817 476.111385 151.255504 2.801302 -0.030984 0.019259 0.269172 0.962401
1706080180.493062 476.213886 151.333501 2.826960 -0.029952 0.019351 0.268260 0.962686
1706080180.591946 476.297795 151.390861 2.858165 -0.029659 0.019799 0.267233 0.962972
1706080180.690821 476.411339 151.454586 2.820108 -0.030264 0.019524 0.266339 0.963206
1706080180.789875 476.493575 151.521653 2.752665 -0.030653 0.019858 0.265326 0.963467
1706080180.889197 476.592764 151.582052 2.765452 -0.028695 0.020256 0.264606 0.963717
1706080180.998416 476.705746 151.676633 2.727722 -0.029685 0.019601 0.263623 0.963970
1706080181.097616 476.816543 151.762434 2.738435 -0.028134 0.019760 0.262996 0.964184
1706080181.199999 476.927127 151.848710 2.760390 -0.028342 0.020292 0.262242 0.964372
1706080181.298895 477.028235 151.919039 2.774317 -0.027725 0.020465 0.261670 0.964542
1706080181.397563 477.104470 151.965090 2.830177 -0.028848 0.019421 0.260985 0.964716
1706080181.496306 477.205178 152.053988 2.825014 -0.027502 0.020347 0.260106 0.964974
1706080181.605437 477.335470 152.127037 2.823460 -0.028258 0.020003 0.259300 0.965176
1706080181.694070 477.442038 152.195737 2.813248 -0.027150 0.020510 0.258970 0.965286
1706080181.792946 477.525985 152.265854 2.770896 -0.027581 0.020337 0.258184 0.965488
1706080181.892059 477.601622 152.322838 2.802536 -0.028312 0.020211 0.257619 0.965620
1706080181.991057 477.751259 152.413807 2.741393 -0.027109 0.020371 0.257139 0.965779
1706080182.090042 477.873494 152.476512 2.716296 -0.028157 0.019596 0.256846 0.965843
1706080182.199577 477.996232 152.560864 2.762971 -0.028272 0.019877 0.256366 0.965962
1706080182.302601 478.114409 152.623555 2.699568 -0.028755 0.019041 0.256184 0.966013
1706080182.397838 478.210871 152.705063 2.744150 -0.027990 0.019858 0.255757 0.966132
1706080182.499974 478.318896 152.773955 2.750361 -0.028212 0.019695 0.255430 0.966215
1706080182.598562 478.413964 152.838638 2.749852 -0.030610 0.019319 0.254708 0.966340
1706080182.702295 478.512136 152.884620 2.725439 -0.028713 0.018904 0.254475 0.966468
1706080182.796292 478.610365 152.955268 2.685121 -0.029148 0.019472 0.253743 0.966636
1706080182.895109 478.699976 153.034761 2.679587 -0.029045 0.019149 0.253084 0.966819
1706080182.994117 478.806769 153.094550 2.670536 -0.028593 0.019201 0.252623 0.966951
1706080183.093156 478.900316 153.164157 2.615884 -0.026368 0.019413 0.252004 0.967172
1706080183.192154 479.011215 153.216839 2.582950 -0.026578 0.019241 0.251565 0.967284
1706080183.291128 479.147808 153.296699 2.632878 -0.026709 0.019427 0.251037 0.967414
1706080183.400608 479.272677 153.377202 2.630347 -0.025455 0.019798 0.250478 0.967585
1706080183.499791 479.377738 153.443938 2.671138 -0.026156 0.019609 0.249896 0.967721
1706080183.602042 479.492184 153.518009 2.678996 -0.026210 0.019300 0.249339 0.967869
1706080183.697987 479.589128 153.596338 2.822462 -0.025659 0.020334 0.248831 0.967994
1706080183.799636 479.675402 153.681654 2.885297 -0.024892 0.020711 0.248293 0.968143
1706080183.898799 479.752480 153.749029 2.858375 -0.024150 0.021592 0.247688 0.968298
1706080183.997502 479.865488 153.805887 2.888976 -0.024610 0.020555 0.247337 0.968399
1706080184.096360 479.996379 153.885976 2.837132 -0.026207 0.019656 0.246612 0.968560
1706080184.172763 480.074139 153.925146 2.811645 -0.026941 0.019595 0.246170 0.968654
1706080184.294044 480.198406 154.014081 2.804361 -0.026935 0.019154 0.245397 0.968859
1706080184.393424 480.314220 154.078795 2.844510 -0.026433 0.018713 0.244957 0.968993
1706080184.502463 480.443653 154.136476 2.808506 -0.025486 0.018958 0.244271 0.969187
1706080184.601771 480.569898 154.227615 2.788547 -0.027829 0.018092 0.243433 0.969350
1706080184.700923 480.675901 154.294940 2.719385 -0.028979 0.017366 0.242665 0.969522
1706080184.800026 480.759004 154.357347 2.797328 -0.028745 0.018341 0.241989 0.969680
1706080184.899083 480.869649 154.418970 2.787982 -0.027231 0.018388 0.241652 0.969807
1706080185.000790 480.986325 154.510481 2.843541 -0.026675 0.019122 0.240719 0.970040
1706080185.097245 481.097813 154.552635 2.916461 -0.028313 0.018524 0.240220 0.970129
1706080185.198618 481.201514 154.632223 2.896758 -0.028196 0.018569 0.239443 0.970323
1706080185.297213 481.290178 154.716569 2.837609 -0.028140 0.019171 0.238557 0.970531
1706080185.396134 481.392130 154.820153 2.852241 -0.029552 0.018613 0.237680 0.970715
1706080185.495130 481.514827 154.884090 2.815706 -0.029050 0.018213 0.237085 0.970884
1706080185.594554 481.612653 154.941420 2.823535 -0.027896 0.018990 0.236407 0.971068
1706080185.703651 481.736905 154.987441 2.790311 -0.029706 0.018273 0.235441 0.971263
1706080185.802892 481.857604 155.043009 2.727433 -0.028186 0.018369 0.234713 0.971482
1706080185.902030 481.981106 155.104992 2.691069 -0.029331 0.017898 0.233808 0.971675
1706080186.001117 482.066738 155.163252 2.680329 -0.028672 0.017953 0.232880 0.971917
1706080186.100201 482.176923 155.226717 2.713186 -0.028197 0.018419 0.231888 0.972159
1706080186.201979 482.303544 155.296835 2.679591 -0.028725 0.017903 0.230839 0.972403
1706080186.300258 482.409448 155.364221 2.669693 -0.030068 0.017910 0.229551 0.972667
1706080186.399725 482.500283 155.386451 2.674881 -0.028611 0.017943 0.228827 0.972881
1706080186.498648 482.637652 155.456274 2.646460 -0.028746 0.016916 0.227685 0.973163
1706080186.597338 482.751371 155.500242 2.674567 -0.028773 0.016775 0.226512 0.973439
1706080186.696320 482.885807 155.602613 2.625927 -0.028932 0.017216 0.225137 0.973745
1706080186.795284 482.997979 155.674352 2.755210 -0.027617 0.018125 0.224331 0.973953
1706080186.904748 483.107705 155.758647 2.797160 -0.027935 0.017954 0.223124 0.974224
1706080187.003986 483.230895 155.827258 2.776726 -0.028590 0.017078 0.222013 0.974475
1706080187.103117 483.331659 155.878213 2.734076 -0.029538 0.017871 0.220926 0.974679
1706080187.202211 483.435530 155.936776 2.726207 -0.030320 0.016397 0.219703 0.974958
1706080187.301312 483.513525 155.992859 2.757910 -0.030028 0.016754 0.218513 0.975228
1706080187.402806 483.627430 156.044855 2.715809 -0.031065 0.016504 0.217363 0.975457
1706080187.499473 483.743404 156.110209 2.742446 -0.030483 0.016230 0.216124 0.975755
1706080187.600805 483.865010 156.164721 2.733784 -0.030958 0.015746 0.214962 0.976005
1706080187.699666 483.975601 156.221781 2.700915 -0.031464 0.015546 0.213868 0.976232
1706080187.797903 484.091709 156.272944 2.708305 -0.030459 0.016155 0.213431 0.976350
1706080187.897291 484.214112 156.329298 2.724988 -0.030884 0.016164 0.212847 0.976464
1706080187.996339 484.331598 156.385132 2.652186 -0.031083 0.016061 0.212343 0.976569
1706080188.104924 484.454894 156.455469 2.609152 -0.030399 0.015995 0.211632 0.976746
1706080188.204870 484.551855 156.493969 2.616212 -0.030120 0.016410 0.211143 0.976853
1706080188.304202 484.660523 156.559370 2.616865 -0.029569 0.016206 0.210539 0.977004
1706080188.403285 484.775844 156.632989 2.581875 -0.029084 0.016120 0.210080 0.977119
1706080188.502360 484.911972 156.707685 2.582940 -0.028478 0.015754 0.209651 0.977235
1706080188.601439 485.012044 156.770237 2.565850 -0.028531 0.015726 0.209262 0.977317
1706080188.700529 485.138136 156.842524 2.560896 -0.026714 0.015989 0.208982 0.977424
1706080188.801818 485.224779 156.923138 2.617818 -0.024923 0.016132 0.208518 0.977568
1706080188.900673 485.337999 157.004140 2.604517 -0.025981 0.015534 0.208212 0.977615
1706080188.999357 485.467651 157.069317 2.611870 -0.026972 0.015976 0.207657 0.977699
1706080189.098445 485.596289 157.123236 2.573197 -0.027282 0.016185 0.207203 0.977784
1706080189.197395 485.697633 157.170602 2.598641 -0.027189 0.016134 0.207032 0.977823
1706080189.296578 485.810006 157.159302 2.558595 -0.028519 0.015274 0.206887 0.977830
1706080189.405296 485.915439 157.215971 2.588074 -0.028472 0.016832 0.206287 0.977932
1706080189.505153 486.003170 157.282877 2.600852 -0.027247 0.016422 0.205854 0.978065
1706080189.604403 486.112005 157.326464 2.513984 -0.028013 0.015900 0.205500 0.978127
1706080189.703460 486.202097 157.392913 2.525516 -0.028246 0.015906 0.205025 0.978220
1706080189.802551 486.343106 157.482664 2.545955 -0.027476 0.016376 0.204700 0.978302
1706080189.903898 486.472656 157.558065 2.538861 -0.027888 0.016398 0.204293 0.978375
1706080190.002930 486.590357 157.615528 2.505135 -0.027643 0.016097 0.203909 0.978467
1706080190.101707 486.729117 157.686144 2.526769 -0.027708 0.016131 0.203491 0.978552
1706080190.200853 486.876913 157.758943 2.550279 -0.027597 0.015747 0.203275 0.978606
1706080190.299463 486.992952 157.856513 2.538356 -0.027235 0.015757 0.202546 0.978767
1706080190.398556 487.080910 157.910400 2.578878 -0.027452 0.015868 0.202374 0.978795
1706080190.497754 487.191538 157.978805 2.549262 -0.027947 0.015503 0.201912 0.978882
1706080190.596765 487.293770 158.033459 2.602904 -0.026889 0.015909 0.201672 0.978955
1706080190.704246 487.414777 158.089618 2.646879 -0.027162 0.016315 0.201285 0.979020
1706080190.805443 487.536317 158.143836 2.669520 -0.027859 0.016160 0.200831 0.979096
1706080190.904556 487.644738 158.195934 2.692373 -0.026308 0.016752 0.200592 0.979178
1706080191.003647 487.779219 158.261565 2.659476 -0.026409 0.015983 0.200301 0.979248
1706080191.102715 487.895937 158.317696 2.646104 -0.026041 0.015983 0.199749 0.979371
1706080191.203980 488.005100 158.356999 2.632537 -0.026657 0.015925 0.199337 0.979439
1706080191.302843 488.120964 158.434063 2.650189 -0.026399 0.015943 0.198706 0.979574
1706080191.401492 488.236747 158.491147 2.586695 -0.025857 0.015696 0.198358 0.979663
1706080191.500679 488.364879 158.560413 2.539854 -0.026348 0.015010 0.197750 0.979783
1706080191.599547 488.514759 158.598713 2.557119 -0.026661 0.015096 0.197375 0.979849
1706080191.698886 488.635815 158.675558 2.503893 -0.026218 0.015326 0.196854 0.979962
1706080191.798172 488.773244 158.715875 2.472183 -0.025598 0.015064 0.196621 0.980030
1706080191.898148 488.884315 158.744142 2.506108 -0.027006 0.015221 0.196022 0.980109
1706080191.995856 488.988253 158.800134 2.473532 -0.027531 0.014765 0.195388 0.980228
1706080192.104896 489.116881 158.868701 2.534673 -0.026192 0.014913 0.195036 0.980333
1706080192.204779 489.227196 158.933247 2.506955 -0.026841 0.014669 0.194404 0.980444
1706080192.303832 489.308436 158.964079 2.438275 -0.025349 0.014913 0.193951 0.980570
1706080192.404797 489.425688 159.034618 2.490451 -0.025478 0.015028 0.193426 0.980669
1706080192.504015 489.518231 159.113684 2.532939 -0.025596 0.014959 0.192709 0.980808
1706080192.602715 489.642758 159.159890 2.623576 -0.026265 0.015622 0.192481 0.980825
1706080192.701738 489.766522 159.235060 2.653404 -0.026387 0.016155 0.191852 0.980936
1706080192.800803 489.879528 159.288823 2.670661 -0.026113 0.016101 0.191488 0.981015
1706080192.899795 489.966893 159.354258 2.675892 -0.027263 0.015685 0.190942 0.981097
1706080192.999858 490.081697 159.393474 2.725147 -0.027200 0.015726 0.190728 0.981140
1706080193.098952 490.212126 159.457592 2.740491 -0.026553 0.015779 0.190265 0.981247
1706080193.196933 490.342997 159.517967 2.696731 -0.027263 0.016258 0.189804 0.981309
1706080193.284522 490.440633 159.579811 2.810372 -0.024752 0.017342 0.189388 0.981437
1706080193.385716 490.547936 159.618257 2.806806 -0.026714 0.016398 0.188939 0.981489
1706080193.504924 490.710328 159.682264 2.829655 -0.025949 0.016130 0.188561 0.981586
1706080193.603880 490.827988 159.727799 2.788867 -0.024482 0.016233 0.188421 0.981649
1706080193.705028 490.956085 159.782427 2.768161 -0.024215 0.015527 0.188155 0.981718
1706080193.803762 491.086946 159.825117 2.735636 -0.023787 0.015711 0.187844 0.981785
1706080193.902726 491.196470 159.892144 2.763541 -0.023728 0.016176 0.187305 0.981882
1706080194.001840 491.294067 159.958548 2.743671 -0.023182 0.016905 0.187010 0.981939
1706080194.100903 491.404272 160.021226 2.707472 -0.021771 0.016814 0.186671 0.982037
1706080194.200761 491.524385 160.087795 2.720410 -0.023201 0.016003 0.186183 0.982111
1706080194.300152 491.652213 160.145593 2.697752 -0.023402 0.015792 0.185824 0.982177
1706080194.398445 491.782119 160.209674 2.703645 -0.022829 0.016189 0.185506 0.982244
1706080194.487148 491.905547 160.269127 2.672202 -0.023605 0.016051 0.185252 0.982276
1706080194.586778 492.024251 160.316444 2.676704 -0.022663 0.016085 0.185079 0.982331
1706080194.705127 492.173952 160.393708 2.699714 -0.022123 0.015942 0.184924 0.982374
1706080194.804968 492.300194 160.446950 2.706892 -0.024439 0.016005 0.184494 0.982399
1706080194.903642 492.407346 160.483502 2.713252 -0.022810 0.015959 0.184561 0.982427
1706080195.004794 492.501937 160.524742 2.631984 -0.025443 0.014249 0.184349 0.982428
1706080195.103820 492.604429 160.584440 2.620078 -0.024218 0.014985 0.184340 0.982450
1706080195.202990 492.732554 160.666516 2.595238 -0.024399 0.015101 0.184058 0.982496
1706080195.302498 492.860400 160.715581 2.591887 -0.024621 0.015061 0.184009 0.982501
1706080195.402268 492.988786 160.778022 2.525113 -0.026583 0.014322 0.183727 0.982514
1706080195.500865 493.104362 160.823848 2.535389 -0.026518 0.014418 0.183542 0.982548
1706080195.599626 493.225949 160.872960 2.548942 -0.025879 0.014201 0.183377 0.982599
1706080195.688632 493.340649 160.922605 2.560516 -0.026044 0.014642 0.183192 0.982623
1706080195.787829 493.482344 160.977069 2.559558 -0.026834 0.014354 0.182890 0.982662
1706080195.886716 493.589413 161.011908 2.566191 -0.026937 0.015023 0.182560 0.982711
1706080196.005087 493.710889 161.076689 2.543217 -0.025328 0.015254 0.182170 0.982822
1706080196.104861 493.842113 161.138991 2.586035 -0.024968 0.015672 0.181750 0.982903
1706080196.203592 493.965893 161.197740 2.560531 -0.025323 0.015148 0.181586 0.982932
1706080196.304920 494.089390 161.251938 2.539865 -0.023146 0.015158 0.181344 0.983031
1706080196.404086 494.204587 161.321284 2.522995 -0.023075 0.015238 0.180915 0.983110
1706080196.503142 494.319622 161.380222 2.519937 -0.022327 0.015357 0.180513 0.983199
1706080196.603212 494.446528 161.444565 2.504420 -0.022870 0.014415 0.179928 0.983308
1706080196.702155 494.578170 161.506728 2.521450 -0.022970 0.014718 0.179465 0.983386
1706080196.800563 494.698858 161.541749 2.495237 -0.022870 0.014397 0.178907 0.983495
1706080196.887765 494.803043 161.583454 2.507046 -0.023687 0.014651 0.178470 0.983551
1706080196.988909 494.914002 161.637793 2.506539 -0.023877 0.014272 0.178321 0.983579
1706080197.087663 495.025679 161.701921 2.494274 -0.023535 0.013871 0.178294 0.983598
1706080197.186625 495.143772 161.747096 2.495370 -0.025012 0.014077 0.178485 0.983524
1706080197.295810 495.284671 161.808523 2.536480 -0.025044 0.014969 0.178551 0.983498
1706080197.404648 495.399124 161.873697 2.542436 -0.024521 0.014879 0.178556 0.983512
1706080197.494400 495.518711 161.920499 2.488245 -0.024695 0.014277 0.178557 0.983516
1706080197.605141 495.632302 161.976151 2.443612 -0.024071 0.013932 0.178232 0.983595
1706080197.703893 495.772279 162.035499 2.462259 -0.024772 0.014656 0.177727 0.983659
1706080197.803568 495.900092 162.069199 2.422304 -0.024708 0.014516 0.177484 0.983706
1706080197.902959 496.018718 162.117839 2.318948 -0.025273 0.013874 0.176864 0.983813
1706080198.002063 496.127374 162.177789 2.302524 -0.024418 0.013850 0.176303 0.983935
1706080198.090779 496.232224 162.216635 2.388759 -0.023466 0.013690 0.176059 0.984005
1706080198.190072 496.344452 162.273188 2.383018 -0.023223 0.013753 0.175270 0.984150
1706080198.288867 496.458952 162.310670 2.409802 -0.022822 0.014267 0.174871 0.984223
1706080198.387772 496.575832 162.354508 2.480146 -0.023091 0.014630 0.174391 0.984297
1706080198.500913 496.737298 162.418860 2.428389 -0.024281 0.013747 0.173667 0.984409
1706080198.596362 496.834202 162.443397 2.362837 -0.024940 0.013084 0.173140 0.984494
1706080198.704375 496.968955 162.511485 2.380252 -0.022071 0.013915 0.172369 0.984687
1706080198.802956 497.074810 162.558566 2.429206 -0.022092 0.013741 0.171586 0.984826
1706080198.901564 497.163151 162.607682 2.482587 -0.021092 0.014318 0.170802 0.984975
1706080199.004866 497.281591 162.670015 2.548531 -0.021102 0.014876 0.169788 0.985142
1706080199.103585 497.383453 162.708651 2.519666 -0.022294 0.014442 0.168884 0.985278
1706080199.190926 497.492128 162.741039 2.462207 -0.022707 0.014334 0.168224 0.985383
1706080199.300764 497.612464 162.792016 2.440333 -0.022256 0.013989 0.167374 0.985543
1706080199.391115 497.706583 162.826145 2.427112 -0.022718 0.014128 0.166747 0.985637
1706080199.489854 497.807603 162.863555 2.403672 -0.023136 0.014382 0.166274 0.985703
1706080199.588814 497.897670 162.906104 2.488739 -0.021230 0.015122 0.166074 0.985769
1706080199.698166 498.009065 162.968218 2.589924 -0.023175 0.015362 0.165798 0.985768
1706080199.797464 498.122834 162.998319 2.485187 -0.024496 0.013915 0.165866 0.985746
1706080199.896645 498.241058 163.022928 2.499220 -0.022583 0.013596 0.166350 0.985714
1706080200.003938 498.372602 163.088631 2.536667 -0.022191 0.013777 0.166428 0.985708
1706080200.102607 498.484728 163.141134 2.576208 -0.020572 0.014157 0.166744 0.985684
1706080200.193897 498.571976 163.176401 2.575471 -0.021219 0.013950 0.166718 0.985678
1706080200.304626 498.683275 163.219909 2.583015 -0.022881 0.013861 0.166532 0.985673
1706080200.392077 498.773946 163.254406 2.566135 -0.021571 0.013985 0.166496 0.985707
1706080200.492959 498.880588 163.301414 2.549189 -0.021275 0.014051 0.166324 0.985742
1706080200.592149 498.985524 163.339924 2.558746 -0.020842 0.013524 0.166089 0.985798
1706080200.690865 499.055112 163.343112 2.559046 -0.020320 0.014301 0.166067 0.985801
1706080200.789573 499.154083 163.390327 2.586851 -0.021545 0.014610 0.165487 0.985868
1706080200.899340 499.265782 163.439937 2.574889 -0.020445 0.014499 0.165257 0.985932
1706080200.998598 499.348343 163.489653 2.591867 -0.019002 0.014305 0.165111 0.985988
1706080201.097735 499.463336 163.532344 2.633242 -0.018943 0.014231 0.165035 0.986003
1706080201.196845 499.581324 163.577619 2.582665 -0.019754 0.013845 0.164854 0.986023
1706080201.303662 499.680850 163.613751 2.596678 -0.020549 0.014286 0.164453 0.986067
1706080201.395026 499.771316 163.654937 2.621788 -0.019524 0.014185 0.164260 0.986122
1706080201.496295 499.866946 163.686270 2.565220 -0.019861 0.013642 0.164154 0.986140
1706080201.595060 499.967379 163.720012 2.585552 -0.019689 0.014011 0.163977 0.986168
1706080201.694042 500.065941 163.753124 2.573549 -0.019505 0.014165 0.163806 0.986198
1706080201.793249 500.165388 163.779693 2.588119 -0.020751 0.014548 0.163624 0.986197
1706080201.892276 500.249262 163.830410 2.574308 -0.020873 0.014448 0.163325 0.986246
1706080201.991094 500.348101 163.856970 2.461869 -0.021930 0.013462 0.163235 0.986252
1706080202.100438 500.468492 163.894447 2.461832 -0.019676 0.013239 0.163370 0.986280
1706080202.199673 500.553510 163.923457 2.442332 -0.020609 0.013606 0.163210 0.986282
1706080202.298840 500.628474 163.959238 2.462573 -0.021144 0.013742 0.163050 0.986295
1706080202.397933 500.717399 163.994903 2.462919 -0.020711 0.013319 0.163098 0.986303
1706080202.504705 500.813566 164.035965 2.465942 -0.021365 0.013966 0.162901 0.986312
1706080202.596079 500.890810 164.069088 2.508236 -0.021120 0.014098 0.162818 0.986329
1706080202.697324 500.989928 164.110128 2.508819 -0.021879 0.013318 0.162609 0.986358
1706080202.801918 501.090052 164.143201 2.515740 -0.018941 0.013963 0.162687 0.986397
1706080202.900307 501.178334 164.181312 2.496988 -0.020522 0.013373 0.162332 0.986432
1706080202.994350 501.271593 164.206831 2.509607 -0.021005 0.013361 0.162395 0.986412
1706080203.097659 501.358450 164.248905 2.518443 -0.020347 0.013483 0.162229 0.986451
1706080203.192056 501.437607 164.283637 2.527347 -0.018983 0.013210 0.162057 0.986510
1706080203.301548 501.536760 164.330444 2.517749 -0.018456 0.012965 0.162027 0.986528
1706080203.400755 501.617803 164.350024 2.529556 -0.020281 0.013755 0.161866 0.986508
1706080203.499926 501.696237 164.392981 2.558801 -0.020054 0.014418 0.161713 0.986529
1706080203.599046 501.782543 164.429055 2.504643 -0.019380 0.013817 0.161604 0.986569
1706080203.698061 501.869262 164.467307 2.511530 -0.019494 0.013699 0.161579 0.986572
1706080203.797149 501.950614 164.499590 2.510818 -0.020069 0.013408 0.161243 0.986620
1706080203.896214 502.034702 164.550141 2.553888 -0.020069 0.013560 0.161030 0.986652
1706080203.995283 502.121383 164.580108 2.556809 -0.019373 0.014151 0.161184 0.986633
1706080204.096116 502.202048 164.612128 2.546286 -0.019797 0.013745 0.161043 0.986653
1706080204.195381 502.290988 164.648375 2.565611 -0.019207 0.013985 0.161109 0.986651
1706080204.303541 502.380120 164.681143 2.548138 -0.018840 0.013865 0.160985 0.986680
1706080204.393049 502.447697 164.678008 2.558473 -0.018353 0.013859 0.161042 0.986680
1706080204.502671 502.546835 164.713000 2.595507 -0.018796 0.014417 0.160940 0.986680
1706080204.601872 502.618496 164.746991 2.521887 -0.019435 0.013370 0.160599 0.986738
1706080204.700998 502.694612 164.767773 2.535254 -0.018654 0.013919 0.160513 0.986759
1706080204.800067 502.791642 164.805001 2.499379 -0.019003 0.013685 0.160159 0.986813
1706080204.899159 502.858923 164.821743 2.604982 -0.018180 0.013844 0.159961 0.986859
1706080204.998254 502.937619 164.845615 2.611772 -0.016804 0.013706 0.159659 0.986934
1706080205.097331 503.020989 164.892840 2.625191 -0.016324 0.013832 0.159368 0.986987
1706080205.198019 503.101603 164.910488 2.611203 -0.016833 0.013795 0.159191 0.987008
1706080205.297163 503.177394 164.942317 2.613139 -0.017730 0.013575 0.158881 0.987045
1706080205.396507 503.256319 164.971183 2.635366 -0.017809 0.014125 0.158909 0.987031
1706080205.495541 503.335919 165.006109 2.664187 -0.017139 0.013998 0.159041 0.987024
1706080205.604458 503.410705 165.038814 2.626463 -0.017934 0.013581 0.159123 0.987002
1706080205.703824 503.471266 165.072167 2.664683 -0.018592 0.013876 0.159233 0.986968
1706080205.803001 503.549626 165.099545 2.624623 -0.018927 0.012974 0.159344 0.986956
1706080205.902124 503.625968 165.128439 2.604722 -0.020582 0.013551 0.159312 0.986921
1706080206.001295 503.705549 165.154872 2.643236 -0.020682 0.013990 0.159191 0.986932
1706080206.100309 503.779816 165.175788 2.644859 -0.021454 0.013990 0.159065 0.986936
1706080206.200080 503.860022 165.202409 2.655072 -0.021045 0.013815 0.158940 0.986967
1706080206.298487 503.926924 165.234994 2.664165 -0.022693 0.013592 0.158662 0.986979
1706080206.397498 504.012899 165.264856 2.689019 -0.022414 0.013484 0.158475 0.987016
1706080206.498304 504.089336 165.291972 2.677698 -0.023862 0.013406 0.158187 0.987030
1706080206.601983 504.153072 165.308545 2.669798 -0.022899 0.013560 0.157972 0.987085
1706080206.696448 504.223576 165.336836 2.637920 -0.023053 0.013047 0.157592 0.987149
1706080206.804975 504.315858 165.380093 2.629739 -0.021706 0.012614 0.157258 0.987238
1706080206.904828 504.382828 165.404098 2.620173 -0.024175 0.013369 0.156763 0.987250
1706080207.004156 504.446730 165.438461 2.631630 -0.023112 0.012856 0.156330 0.987351
1706080207.103251 504.532574 165.478487 2.664909 -0.022375 0.013269 0.156060 0.987405
1706080207.202304 504.609885 165.509988 2.668523 -0.022431 0.013501 0.155604 0.987473
1706080207.301413 504.686845 165.554631 2.644245 -0.021412 0.013266 0.155217 0.987559
1706080207.400455 504.761833 165.578730 2.633277 -0.021737 0.013559 0.154983 0.987585
1706080207.499540 504.830338 165.606787 2.585463 -0.022570 0.013530 0.154578 0.987630
1706080207.604819 504.913194 165.633781 2.576487 -0.022189 0.013157 0.154299 0.987687
1706080207.699993 504.978118 165.653343 2.580068 -0.020922 0.013274 0.154084 0.987747
1706080207.798700 505.050267 165.658698 2.545372 -0.020656 0.012442 0.153927 0.987788
1706080207.897408 505.132430 165.683495 2.555073 -0.020421 0.012738 0.153679 0.987828
1706080207.996361 505.177062 165.693226 2.562722 -0.021131 0.013102 0.153411 0.987850
1706080208.105270 505.264684 165.727556 2.544564 -0.020896 0.012374 0.153290 0.987883
1706080208.205105 505.332842 165.749119 2.519483 -0.021140 0.012612 0.153261 0.987879
1706080208.304348 505.394466 165.776936 2.522277 -0.020634 0.012701 0.153123 0.987910
1706080208.403410 505.471325 165.801203 2.536621 -0.019697 0.012280 0.153380 0.987895
1706080208.502480 505.516054 165.815108 2.510822 -0.021458 0.012889 0.153317 0.987860
1706080208.601553 505.578760 165.842320 2.496286 -0.022808 0.011866 0.153211 0.987859
1706080208.702369 505.658285 165.869391 2.490705 -0.023398 0.012284 0.153389 0.987812
1706080208.799657 505.722229 165.900670 2.499380 -0.023369 0.012231 0.153445 0.987805
1706080208.900813 505.797815 165.940071 2.539955 -0.023054 0.012067 0.153518 0.987803
1706080208.999831 505.862150 165.956036 2.553353 -0.022613 0.011936 0.153669 0.987791
1706080209.098572 505.922559 165.994270 2.548782 -0.022617 0.012130 0.153549 0.987808
1706080209.197568 505.979385 166.015310 2.540823 -0.023102 0.012102 0.153548 0.987797
1706080209.297114 506.047040 166.044734 2.542483 -0.023485 0.012498 0.153523 0.987787
1706080209.404777 506.117495 166.070539 2.558825 -0.023558 0.012795 0.153527 0.987781
1706080209.505436 506.188046 166.094920 2.524603 -0.024337 0.012236 0.153654 0.987749
1706080209.604512 506.258144 166.114901 2.501730 -0.023649 0.012222 0.153825 0.987739
1706080209.703599 506.322275 166.135769 2.497594 -0.023414 0.012408 0.153767 0.987752
1706080209.802679 506.393532 166.163827 2.485202 -0.023036 0.012388 0.153796 0.987756
1706080209.901744 506.472062 166.195877 2.449672 -0.022119 0.012181 0.153800 0.987779
1706080210.002571 506.527438 166.223302 2.543975 -0.022884 0.012892 0.153682 0.987771
1706080210.101666 506.591549 166.238064 2.480441 -0.023014 0.011596 0.153695 0.987782
1706080210.200856 506.652108 166.252515 2.458189 -0.022422 0.011919 0.153656 0.987798
1706080210.299745 506.710830 166.272553 2.461366 -0.020863 0.012267 0.153481 0.987855
1706080210.398626 506.781130 166.306354 2.500599 -0.020920 0.012357 0.153375 0.987869
1706080210.498143 506.862939 166.341220 2.507826 -0.021864 0.012432 0.153114 0.987888
1706080210.597076 506.925279 166.367526 2.518300 -0.021497 0.012791 0.152756 0.987947
1706080210.705115 506.988249 166.391829 2.499397 -0.021626 0.012393 0.152393 0.988006
1706080210.805013 507.043406 166.414446 2.508383 -0.021665 0.012528 0.152024 0.988060
1706080210.904676 507.089533 166.437168 2.549126 -0.021435 0.012839 0.151749 0.988103
1706080211.003753 507.151558 166.464777 2.579612 -0.021078 0.013254 0.151474 0.988148
1706080211.102833 507.207564 166.484326 2.600246 -0.020441 0.012970 0.151254 0.988198
1706080211.203720 507.267914 166.518865 2.609719 -0.021574 0.012632 0.150917 0.988230
1706080211.302945 507.331633 166.527706 2.647695 -0.022225 0.012958 0.150743 0.988238
1706080211.401755 507.396681 166.540895 2.671942 -0.019959 0.012717 0.150440 0.988336
1706080211.500644 507.448022 166.554680 2.658427 -0.019512 0.012504 0.149927 0.988425
1706080211.599772 507.518167 166.575741 2.585117 -0.021532 0.012637 0.149357 0.988468
1706080211.699332 507.593996 166.596649 2.643027 -0.020993 0.012469 0.148912 0.988549
1706080211.798222 507.655560 166.613938 2.661769 -0.020025 0.012816 0.148665 0.988602
1706080211.904783 507.715312 166.634662 2.650001 -0.020388 0.013005 0.148444 0.988625
1706080212.003413 507.778870 166.665352 2.648036 -0.020623 0.012937 0.147986 0.988690
1706080212.104953 507.840498 166.682319 2.574894 -0.021133 0.012701 0.147921 0.988692
1706080212.204810 507.900442 166.705105 2.561978 -0.020478 0.012413 0.147725 0.988739
1706080212.303895 507.961112 166.736598 2.568275 -0.019788 0.012622 0.147540 0.988778
1706080212.404955 508.017429 166.738261 2.550686 -0.019733 0.012800 0.147599 0.988768
1706080212.504019 508.065952 166.759444 2.512469 -0.018622 0.012970 0.147368 0.988821
1706080212.603027 508.114288 166.775734 2.499726 -0.017741 0.012814 0.147278 0.988853
1706080212.702121 508.185918 166.801755 2.499955 -0.019786 0.012756 0.146889 0.988873
1706080212.800748 508.252415 166.820378 2.498256 -0.017236 0.012879 0.147012 0.988901
1706080212.900354 508.314398 166.844786 2.506953 -0.017603 0.013342 0.146782 0.988922
1706080212.999742 508.360825 166.865752 2.514969 -0.017889 0.013716 0.146613 0.988937
1706080213.098362 508.423151 166.883359 2.509834 -0.017947 0.013161 0.146551 0.988953
1706080213.204437 508.479157 166.905338 2.520286 -0.017571 0.013134 0.146549 0.988960
1706080213.303227 508.519598 166.926976 2.565159 -0.018528 0.014008 0.146511 0.988936
1706080213.405258 508.584525 166.958946 2.560912 -0.016603 0.013538 0.146523 0.988975
1706080213.505004 508.629009 166.968949 2.594391 -0.015498 0.013897 0.146451 0.988999
1706080213.603944 508.694315 166.981882 2.622030 -0.017259 0.013477 0.146270 0.989002
1706080213.704659 508.766923 167.001594 2.619619 -0.016442 0.013760 0.146219 0.989020
1706080213.804049 508.826943 167.029007 2.660785 -0.015546 0.013605 0.145993 0.989070
1706080213.903136 508.900513 167.049404 2.682720 -0.014727 0.014441 0.146057 0.989061
1706080214.001875 508.934289 167.062702 2.712510 -0.015565 0.013668 0.145875 0.989086
1706080214.101393 508.992172 167.080260 2.719494 -0.015934 0.013625 0.145737 0.989101
1706080214.200785 509.046775 167.096777 2.727137 -0.015605 0.013725 0.145787 0.989098
1706080214.299475 509.097524 167.119290 2.722877 -0.014401 0.013894 0.145773 0.989116
1706080214.398717 509.160839 167.136296 2.729567 -0.013526 0.014078 0.145745 0.989129
1706080214.504276 509.220696 167.162931 2.734622 -0.013843 0.013588 0.145606 0.989153
1706080214.586418 509.257241 167.175922 2.724262 -0.014069 0.013815 0.145493 0.989163
1706080214.705076 509.339516 167.212866 2.727779 -0.013608 0.013448 0.145406 0.989187
1706080214.805010 509.406226 167.233642 2.652529 -0.013655 0.013225 0.145299 0.989205
1706080214.903768 509.452114 167.257685 2.664712 -0.013075 0.013983 0.145209 0.989216
1706080215.005090 509.516691 167.271838 2.631614 -0.011915 0.014382 0.145368 0.989201
1706080215.104257 509.576311 167.306347 2.639197 -0.012915 0.013979 0.145092 0.989235
1706080215.202929 509.623464 167.322877 2.679394 -0.013718 0.013787 0.145008 0.989239
1706080215.302651 509.688785 167.340764 2.684560 -0.014258 0.014059 0.144789 0.989260
1706080215.401503 509.734138 167.351955 2.677470 -0.014123 0.014137 0.144601 0.989288
1706080215.500230 509.791107 167.364786 2.585418 -0.013723 0.013028 0.144536 0.989319
1706080215.599611 509.834348 167.377873 2.576204 -0.013241 0.013251 0.144364 0.989347
1706080215.688522 509.867728 167.389479 2.578611 -0.013685 0.013571 0.144235 0.989356
1706080215.803896 509.915734 167.401140 2.543470 -0.015160 0.013433 0.143898 0.989385
1706080215.886738 509.951906 167.414292 2.548589 -0.017191 0.013058 0.143693 0.989387
1706080216.005448 510.021766 167.448052 2.574123 -0.015049 0.013631 0.143794 0.989399
1706080216.104852 510.076470 167.471357 2.578547 -0.016823 0.013055 0.143638 0.989401
1706080216.203559 510.128109 167.492399 2.525966 -0.018466 0.012682 0.143484 0.989399
1706080216.304797 510.179620 167.494501 2.487531 -0.020385 0.012316 0.143477 0.989367
1706080216.404527 510.244290 167.512176 2.467955 -0.020186 0.011983 0.143204 0.989415
1706080216.503615 510.283302 167.523264 2.503518 -0.021210 0.012401 0.143017 0.989415
1706080216.602582 510.347253 167.551262 2.520349 -0.021898 0.011734 0.142717 0.989452
1706080216.701926 510.398191 167.574097 2.522248 -0.023663 0.012011 0.142454 0.989446
1706080216.790785 510.442669 167.600403 2.555456 -0.025033 0.012096 0.142157 0.989454
1706080216.889879 510.490985 167.621863 2.553880 -0.024789 0.012244 0.141969 0.989485
1706080217.004966 510.550381 167.642045 2.528804 -0.026525 0.011858 0.141549 0.989505
1706080217.103542 510.600536 167.665605 2.515554 -0.026857 0.011613 0.141100 0.989563
1706080217.186954 510.654527 167.683828 2.526724 -0.026348 0.011732 0.140767 0.989623
1706080217.296170 510.710408 167.704251 2.532103 -0.025724 0.011456 0.140203 0.989722
1706080217.404578 510.769703 167.716308 2.521176 -0.026992 0.011025 0.139764 0.989756
1706080217.503242 510.816181 167.726095 2.529573 -0.026703 0.010599 0.139272 0.989837
1706080217.605248 510.860716 167.744615 2.558820 -0.025775 0.010642 0.138892 0.989915
1706080217.704554 510.909929 167.764889 2.529746 -0.026748 0.010497 0.138450 0.989953
1706080217.803835 510.973449 167.781718 2.526534 -0.025703 0.010145 0.138291 0.990006
