1706584503.569895506 -0.039577758 0.010754306 0.001726750 0.000497938 0.000104803 0.000147432 0.999999860
1706584503.672291517 -0.052840460 0.005621013 0.007605528 -0.000166718 0.000325168 0.000423277 0.999999844
1706584503.772528410 -0.189598912 0.045272510 0.008155951 0.000491246 0.000287440 0.000188161 0.999999820
1706584503.872352362 -0.200755339 0.048796773 0.004683341 -0.000108972 0.000132015 0.000257589 0.999999952
1706584503.972599506 -0.249949609 0.060173764 0.007447540 -0.000087674 0.000440505 0.000294668 0.999999856
1706584504.072437763 -0.291011853 0.071738810 0.000223988 0.001220326 -0.000021819 0.000400814 0.999999175
1706584504.172276258 -0.293747624 0.072168876 0.002296365 0.001464732 0.000281698 0.000411039 0.999998803
1706584504.272907019 -0.296440195 0.069848590 0.002062316 0.000202183 0.000112335 0.000589188 0.999999800
1706584504.372742176 -0.303529665 0.076209799 0.008245650 -0.000797287 0.000655992 0.000268422 0.999999431
1706584504.472580910 -0.304638005 0.083103981 0.007537895 0.000536175 0.000297650 0.000198116 0.999999792
1706584504.572400808 -0.282216154 0.078011520 0.009595698 -0.000190786 0.000406694 0.000246197 0.999999869
1706584504.672120333 -0.252921045 0.082939003 0.010067753 0.001337703 0.000247673 -0.000255967 0.999999042
1706584504.770962000 -0.226541844 0.069513898 0.004623935 0.000259456 0.000182312 0.000078465 0.999999947
1706584504.869842529 -0.211430344 0.063726848 0.006014591 0.000973054 0.000460736 0.000008526 0.999999420
1706584504.972588062 -0.167485937 0.047086882 0.008363310 0.000958213 0.000423002 0.000176462 0.999999436
1706584505.072432518 -0.122625933 0.036576052 0.007048919 0.001920537 0.000287607 -0.000065432 0.999998112
1706584505.172269344 -0.088003727 0.024455994 0.005233761 0.001075855 0.000218824 0.000173354 0.999999382
1706584505.272928715 -0.064404653 0.021226305 0.005288740 0.000489423 0.000242147 0.000091385 0.999999847
1706584505.372758389 -0.079979141 0.015479806 0.007458277 0.001204270 0.000338111 0.000497854 0.999999094
1706584505.472592831 -0.079296409 0.018512552 0.010357326 -0.000192651 0.000552285 0.000040112 0.999999828
1706584505.572421074 -0.096323721 0.026759250 0.011569118 0.001214701 0.000548218 0.000103235 0.999999107
1706584505.672264338 -0.099601865 0.027449387 0.014649518 0.000627228 0.000719785 0.000150315 0.999999533
1706584505.772902966 -0.156870122 0.041878237 0.012040903 0.000142879 0.000600179 0.000183666 0.999999793
1706584505.872747898 -0.177868563 0.048028814 0.012658269 -0.000027067 0.000756394 0.000051550 0.999999712
1706584505.972007751 -0.185306913 0.050338058 0.015263991 -0.000893276 0.001083240 0.000224395 0.999998989
1706584506.070913076 -0.191272588 0.053898604 0.014225904 -0.000030416 0.000787776 0.000047016 0.999999688
1706584506.169879913 -0.218067693 0.058394965 0.012181183 -0.000300794 0.000702291 0.000183458 0.999999691
1706584506.272882462 -0.222753825 0.056216293 0.009404264 0.000624356 0.000464698 0.000236042 0.999999669
1706584506.372726202 -0.218525539 0.054034055 0.009441058 0.000007446 0.000525260 0.000383962 0.999999788
1706584506.472570419 -0.200054147 0.045460819 0.008337896 0.000220858 0.000487167 0.000559350 0.999999701
1706584506.572411060 -0.195967413 0.048815913 0.007640933 0.000952980 0.000384668 0.000230930 0.999999445
1706584506.672256708 -0.173512416 0.046857911 0.008978655 0.000498138 0.000555314 0.000134423 0.999999713
1706584506.772905827 -0.170169328 0.042360508 0.009181632 -0.000368002 0.000735283 0.000373942 0.999999592
1706584506.872751713 -0.168564495 0.041314489 0.010845988 -0.000380261 0.000809244 0.000083000 0.999999597
1706584506.972592115 -0.186494709 0.047966061 0.012862403 0.000519737 0.000787565 0.000224850 0.999999530
1706584507.072417974 -0.192217811 0.049543461 0.014927060 -0.000325587 0.000729518 0.000186436 0.999999664
1706584507.172256708 -0.193813616 0.049952873 0.015933903 -0.001576425 0.001084959 0.000156704 0.999998157
1706584507.271973133 -0.195617097 0.052846707 0.016810829 0.000522335 0.000756305 0.000184508 0.999999561
1706584507.370930672 -0.185073950 0.053112706 0.017756855 -0.001284416 0.001193631 -0.000128428 0.999998455
1706584507.472606421 -0.177424001 0.048494833 0.015002393 0.000158999 0.000698102 0.000191486 0.999999725
1706584507.572454929 -0.193380023 0.057560672 0.010363404 -0.000184187 0.000513547 -0.000112495 0.999999845
1706584507.672288656 -0.195748511 0.055534714 0.005664983 0.000277303 0.000407142 0.000170572 0.999999864
1706584507.772921801 -0.196958695 0.048851458 0.002676968 -0.000592621 0.000405512 0.000444893 0.999999643
1706584507.872766972 -0.190147412 0.044363375 0.003646961 -0.001198987 0.000656728 0.000209837 0.999999044
1706584507.972614050 -0.196824766 0.044990622 0.003438725 -0.000589297 0.000422665 0.000236439 0.999999709
1706584508.072063923 -0.204861067 0.048465128 0.012319672 0.000460108 0.000848620 0.000246826 0.999999504
1706584508.170465469 -0.193728383 0.047733223 0.009560635 -0.000692317 0.000584097 0.000186264 0.999999572
1706584508.272552252 -0.204595138 0.052038609 0.018983771 0.000294465 0.000858301 0.000050289 0.999999587
1706584508.372388363 -0.200033363 0.045390155 0.016855612 0.000229530 0.000536996 -0.000072956 0.999999827
1706584508.472219944 -0.193020060 0.047962737 0.015485168 -0.000370555 0.000120867 -0.000399207 0.999999844
1706584508.572023630 -0.168791721 0.045572316 0.012054655 -0.000805685 -0.000882986 -0.001819202 0.999997631
1706584508.671166420 -0.149389864 0.046192777 0.014926774 -0.000615929 -0.000813956 -0.004298546 0.999990240
1706584508.772552967 -0.107926843 0.045997374 0.014270270 -0.002170552 -0.001743804 -0.007798521 0.999965715
1706584508.872396946 -0.050763834 0.040076871 0.010366551 -0.002667973 -0.001642906 -0.011700696 0.999926636
1706584508.972235680 0.035107647 0.034417490 0.015599571 -0.004642923 -0.004414317 -0.016888754 0.999836850
1706584509.072878361 0.114295959 0.035763304 0.016984790 -0.007474909 -0.004783104 -0.022073844 0.999716956
1706584509.172708750 0.211011827 0.023951592 0.015279891 -0.005132575 -0.001853267 -0.026132065 0.999643605
1706584509.272556543 0.305255015 0.005791036 0.012896988 0.001165140 -0.000032506 -0.033109428 0.999451053
1706584509.371421099 0.406954261 -0.004852593 0.015626136 0.000308681 0.004583768 -0.040707816 0.999160531
1706584509.469961643 0.505307763 -0.019746827 0.015301348 0.000488903 0.005790894 -0.047942286 0.998833201
1706584509.572850943 0.607342712 -0.040172079 0.015283999 -0.002930284 0.007801451 -0.053901247 0.998511495
1706584509.672702074 0.689283723 -0.056850161 0.020031129 -0.002288774 0.006494476 -0.059246955 0.998219606
1706584509.772538185 0.739382352 -0.070444977 0.015946952 0.000534530 0.003782668 -0.063333212 0.997985125
1706584509.872293949 0.764317718 -0.075348656 0.009928689 -0.000325226 -0.000598012 -0.066384336 0.997793895
1706584509.972597599 0.812981216 -0.074131433 0.010681772 -0.001205667 -0.002465673 -0.069360524 0.997587883
1706584510.072422028 0.852941596 -0.080547941 0.014105439 -0.002010469 -0.001524926 -0.070798193 0.997487468
1706584510.172255039 0.864954013 -0.082127631 0.016595805 -0.002111462 -0.001363072 -0.071415918 0.997443457
1706584510.272901297 0.891504244 -0.090855191 0.019827395 -0.000432989 -0.002057207 -0.071282738 0.997453935
1706584510.372736692 0.888022406 -0.090220156 0.020677865 -0.002651152 -0.002804974 -0.070944756 0.997472779
1706584510.472571611 0.880762492 -0.089079104 0.021648787 -0.002995007 -0.003721047 -0.070453115 0.997503655
1706584510.572421074 0.888862006 -0.087789136 0.017734874 -0.003418780 -0.003934938 -0.070394857 0.997505585
1706584510.671058655 0.888989946 -0.088578524 0.015888432 -0.003064983 -0.004030413 -0.070127434 0.997525190
1706584510.772899628 0.886511765 -0.090153941 0.016745453 -0.001761590 -0.004044106 -0.069922784 0.997542654
1706584510.872747898 0.879587255 -0.087149517 0.017812392 -0.002378984 -0.003901213 -0.070031302 0.997534329
1706584510.972577095 0.873111901 -0.085879335 0.017080675 -0.002409790 -0.004009249 -0.070029153 0.997533978
1706584511.072427750 0.875309774 -0.086438575 0.018168632 -0.002517854 -0.003808011 -0.070131541 0.997527306
1706584511.172271490 0.868843544 -0.081242495 0.019483570 -0.002688131 -0.003956956 -0.070217265 0.997520252
1706584511.272895813 0.862836581 -0.082943335 0.018171556 -0.002479975 -0.003902105 -0.070034814 0.997533833
1706584511.372746229 0.860647549 -0.083961495 0.021061334 -0.002487199 -0.003784820 -0.069979525 0.997538147
1706584511.472580194 0.857822815 -0.085785060 0.022853345 -0.002141034 -0.003740713 -0.069939308 0.997541937
1706584511.571712494 0.864224602 -0.088527535 0.024537954 -0.002453464 -0.003749512 -0.069880792 0.997545285
1706584511.672273159 0.869705901 -0.089249320 0.023180682 -0.002297964 -0.003941412 -0.069922954 0.997541962
1706584511.772912025 0.863319067 -0.085638547 0.023091314 -0.001691984 -0.003770191 -0.070017326 0.997537216
1706584511.872084856 0.865573158 -0.085976937 0.020869194 -0.003348810 -0.003681940 -0.069977963 0.997536121
1706584511.970678329 0.856307151 -0.082559644 0.017536143 -0.002115522 -0.003903379 -0.070003661 0.997536854
1706584512.069298267 0.852685609 -0.080750443 0.016215078 -0.002520852 -0.003977270 -0.070041167 0.997532988
1706584512.172257662 0.838303264 -0.073239604 0.014883407 -0.003351808 -0.003829327 -0.070160357 0.997522745
1706584512.272897005 0.841082397 -0.073578034 0.014818636 -0.002464760 -0.003982538 -0.070020340 0.997534569
1706584512.372749805 0.843354955 -0.076625500 0.017950440 -0.003090683 -0.003820376 -0.070043897 0.997531806
1706584512.472599745 0.850017804 -0.076332197 0.020689359 -0.003120351 -0.003859438 -0.070159051 0.997523471
1706584512.572440624 0.849568627 -0.076693870 0.022676051 -0.002810492 -0.003819999 -0.070031312 0.997533520
1706584512.672270536 0.853783695 -0.079858251 0.023715793 -0.002521891 -0.003774843 -0.069946579 0.997540409
1706584512.772718906 0.841847846 -0.079003421 0.024057583 -0.003019099 -0.003693364 -0.069995105 0.997535929
1706584512.872757435 0.846640029 -0.080608754 0.020652492 -0.002387375 -0.003953263 -0.069994919 0.997536658
1706584512.972594738 0.843817870 -0.081613026 0.024450991 -0.002970433 -0.003477397 -0.070026578 0.997534642
1706584513.072430611 0.838101620 -0.078711391 0.024356232 -0.003494525 -0.003511302 -0.069972093 0.997536649
1706584513.171696663 0.833440298 -0.077940455 0.022133300 -0.003268628 -0.003625547 -0.070012852 0.997534146
1706584513.270337820 0.847995362 -0.078115015 0.020965875 -0.002953229 -0.003759322 -0.070096227 0.997528779
1706584513.372763872 0.842008222 -0.074980766 0.017909285 -0.003451592 -0.003823739 -0.070122463 0.997525090
1706584513.472613096 0.850651108 -0.078369135 0.020201738 -0.002221565 -0.003832720 -0.070003527 0.997536907
1706584513.572440624 0.859589244 -0.082301234 0.018408220 -0.002944608 -0.003774165 -0.070139875 0.997525680
1706584513.672275782 0.867629130 -0.082231346 0.018609887 -0.002275584 -0.003866475 -0.070141584 0.997526957
1706584513.772909403 0.860488431 -0.082006061 0.020851828 -0.002936217 -0.003659838 -0.070049573 0.997532476
1706584513.872757912 0.867666333 -0.085326714 0.020733588 -0.002715097 -0.003822638 -0.070077708 0.997530516
1706584513.972603798 0.868134591 -0.087459564 0.020411244 -0.002430699 -0.003884229 -0.069936762 0.997540903
1706584514.072028637 0.864507256 -0.086299374 0.022342937 -0.002343845 -0.003656167 -0.069991136 0.997538160
1706584514.170704365 0.858266462 -0.084482580 0.021909258 -0.003849451 -0.003675197 -0.069946672 0.997536535
1706584514.272514343 0.846230944 -0.080824434 0.019944662 -0.003533948 -0.003770216 -0.069984432 0.997534699
1706584514.372356653 0.838290071 -0.080389571 0.018035941 -0.001872090 -0.003873299 -0.069853548 0.997547981
1706584514.471352816 0.845180252 -0.078953584 0.018961060 -0.002561887 -0.003864719 -0.070092935 0.997529689
1706584514.570000887 0.844314521 -0.079648536 0.017405971 -0.003069124 -0.003803680 -0.069927576 0.997540098
1706584514.668669701 0.850770932 -0.080126289 0.017992833 -0.002924247 -0.003910887 -0.070011943 0.997534201
1706584514.772926569 0.857330500 -0.084135050 0.017178496 -0.003160048 -0.003915843 -0.069878831 0.997542796
1706584514.872777939 0.854412316 -0.081018439 0.022342234 -0.002526443 -0.003671149 -0.070000450 0.997537005
1706584514.972624302 0.853799352 -0.078974672 0.021846865 -0.003280262 -0.003607217 -0.070146116 0.997524812
1706584515.072470427 0.847586641 -0.078520806 0.020462320 -0.002378843 -0.003911153 -0.069989769 0.997537205
1706584515.172313213 0.847613728 -0.078228922 0.019488634 -0.004134910 -0.003738656 -0.070187735 0.997518224
1706584515.272543192 0.844458181 -0.077644053 0.021953100 -0.002689505 -0.003765997 -0.069944524 0.997540148
1706584515.371719360 0.833453212 -0.079226884 0.024943245 -0.003424462 -0.003516655 -0.069908825 0.997541309
1706584515.470332623 0.829718119 -0.079602331 0.025031954 -0.003064466 -0.003623502 -0.069896360 0.997542971
1706584515.572863817 0.837778059 -0.077210063 0.026679489 -0.002540924 -0.003595835 -0.070118684 0.997528939
1706584515.672372341 0.832531670 -0.074704632 0.022900610 -0.004008223 -0.003748274 -0.069975324 0.997533628
1706584515.771015882 0.824906626 -0.072387008 0.017411856 -0.003014192 -0.003927652 -0.070036576 0.997532138
1706584515.869690418 0.827839393 -0.073408604 0.016976185 -0.001932021 -0.003889072 -0.069982407 0.997538774
1706584515.972224236 0.829009467 -0.076160438 0.016187967 -0.003017548 -0.003898568 -0.069870503 0.997543888
1706584516.072875738 0.829327238 -0.072282946 0.017195731 -0.002702864 -0.004003105 -0.069984203 0.997536406
1706584516.172721148 0.830986760 -0.076094350 0.017497515 -0.003319881 -0.003745991 -0.069975556 0.997536148
1706584516.272560120 0.816772409 -0.074052199 0.015530293 -0.002880409 -0.004104411 -0.070039655 0.997531605
1706584516.372397423 0.825081851 -0.078974890 0.016425554 -0.003773986 -0.003745304 -0.069919474 0.997538469
1706584516.472234488 0.829751103 -0.077981111 0.017698614 -0.003793177 -0.003936534 -0.069925755 0.997537219
1706584516.572724342 0.838183552 -0.076834846 0.022725846 -0.001948399 -0.003777824 -0.069972600 0.997539857
1706584516.671346426 0.843051889 -0.079077073 0.022752550 -0.002796333 -0.003779603 -0.069966852 0.997538237
1706584516.772549868 0.846110889 -0.082708832 0.024153850 -0.002911926 -0.003478215 -0.069900111 0.997543682
1706584516.872375488 0.859110428 -0.081898218 0.025327645 -0.002769360 -0.003451452 -0.070034225 0.997534774
1706584516.972056150 0.858525844 -0.086912480 0.024061909 -0.003587692 -0.002843740 -0.069647291 0.997561174
1706584517.070722103 0.847181161 -0.085258562 0.022834843 -0.002928616 -0.002544886 -0.069162710 0.997597848
1706584517.169418812 0.825531387 -0.081423303 0.018797893 -0.003729831 -0.002759698 -0.068634073 0.997631112
1706584517.272531748 0.801600323 -0.074305723 0.018761054 -0.001410590 -0.001330064 -0.067252370 0.997734113
1706584517.372359991 0.766893429 -0.065580844 0.018359521 -0.002268387 -0.000201096 -0.065584704 0.997844407
1706584517.472612143 0.737898098 -0.059287295 0.017197716 -0.002161031 0.002119383 -0.063801421 0.997958024
1706584517.572433710 0.704110962 -0.049124689 0.020247660 -0.002905817 0.003501758 -0.062722958 0.998020603
1706584517.672270060 0.660229646 -0.046369031 0.016600985 -0.003387222 0.004909081 -0.060656575 0.998140876
1706584517.772907019 0.627769643 -0.036672502 0.018997892 -0.003701650 0.006222756 -0.058155018 0.998281308
1706584517.872540474 0.590982413 -0.028244806 0.021859337 -0.004391048 0.006754491 -0.055660186 0.998417267
1706584517.971197367 0.553261643 -0.022212481 0.018245788 -0.004721984 0.007648313 -0.052643161 0.998572934
1706584518.072428703 0.514934359 -0.014156678 0.015380026 -0.004070855 0.007949960 -0.050115481 0.998703492
1706584518.172272921 0.468163840 -0.004829811 0.016878068 -0.003741226 0.007057909 -0.047726908 0.998828479
1706584518.271692753 0.435864506 -0.001880189 0.016686279 -0.003513944 0.005881411 -0.045287260 0.998950512
1706584518.370380878 0.405087289 0.001833946 0.021172049 -0.002333712 0.005550115 -0.043347777 0.999041901
1706584518.469096899 0.372540805 0.003287465 0.018211061 -0.002392908 0.005037129 -0.040767971 0.999153078
1706584518.572457790 0.345574597 0.010135876 0.022840234 -0.002465289 0.006077053 -0.038181190 0.999249312
1706584518.672293663 0.315799869 0.017971962 0.020377139 -0.006255176 0.005281178 -0.036702753 0.999292695
1706584518.772530079 0.285620991 0.019794913 0.019612605 -0.004185436 0.005095401 -0.034525157 0.999382075
1706584518.872358561 0.254663926 0.025435918 0.019639161 -0.004690279 0.004392834 -0.033251370 0.999426361
1706584518.972605944 0.232249661 0.030336756 0.018217634 -0.004432752 0.004209899 -0.031239338 0.999493237
1706584519.072441816 0.189151489 0.039737167 0.019545291 -0.005670457 0.003439857 -0.028742786 0.999564838
1706584519.172262192 0.167101443 0.038857621 0.016088049 -0.003084101 0.003927008 -0.025418230 0.999664434
1706584519.272915125 0.120781637 0.040767868 0.016335968 -0.001116221 0.003119867 -0.021978005 0.999752963
1706584519.372745275 0.088345771 0.047987978 0.018923437 -0.003262247 0.000761720 -0.020065378 0.999793058
1706584519.472594023 0.068769726 0.054075014 0.020919654 -0.008366554 -0.001685384 -0.019268790 0.999777912
1706584519.571445465 0.061266803 0.052549832 0.020406650 -0.009046031 -0.001433304 -0.017898169 0.999797865
1706584519.670179367 0.063633282 0.051846153 0.016339841 -0.007820463 -0.001417788 -0.017281731 0.999819070
1706584519.772907495 0.064790431 0.051683759 0.016242110 -0.008298430 -0.001101684 -0.017050056 0.999819593
1706584519.872759819 0.067983648 0.053109365 0.018378010 -0.007059325 -0.000891212 -0.017360782 0.999823972
1706584519.972590685 0.061572309 0.057241195 0.022775505 -0.007642134 -0.000564974 -0.017628551 0.999815239
1706584520.072427511 0.073231091 0.054300482 0.023386730 -0.008546491 -0.000271704 -0.017926372 0.999802745
1706584520.172268629 0.079006919 0.054318508 0.024156496 -0.008723616 -0.000569800 -0.017983375 0.999800066
1706584520.272909880 0.084980958 0.052956455 0.023353113 -0.009049136 -0.000408838 -0.018090608 0.999795317
1706584520.372743607 0.091951918 0.056240782 0.024963294 -0.007815859 -0.000584855 -0.018203160 0.999803588
1706584520.472129583 0.093360123 0.051571892 0.020193409 -0.007698010 -0.000742420 -0.018023741 0.999807649
1706584520.572415113 0.085863943 0.052174741 0.018765527 -0.007634890 -0.000668896 -0.018109747 0.999806630
1706584520.672247648 0.090851697 0.049122008 0.017533410 -0.007761642 -0.000674705 -0.017970591 0.999808161
1706584520.772472143 0.099893235 0.047327187 0.019453496 -0.007922367 -0.000556984 -0.018153797 0.999803663
1706584520.871189356 0.109486927 0.044297932 0.018232399 -0.008070808 -0.000593633 -0.018041257 0.999804492
1706584520.969927549 0.102417519 0.045028928 0.018588283 -0.008723656 -0.000652424 -0.017894089 0.999801617
1706584521.072416544 0.101054571 0.042115567 0.019428033 -0.007904584 -0.000608639 -0.017950803 0.999807439
1706584521.172262430 0.103748816 0.045167637 0.022601479 -0.008435314 -0.000387134 -0.018054136 0.999801352
1706584521.272905588 0.096171575 0.045363349 0.022140561 -0.007857167 -0.000717777 -0.017789272 0.999810628
1706584521.372740507 0.093746502 0.049041177 0.023605924 -0.008832442 -0.000375708 -0.018108866 0.999796937
1706584521.472589254 0.083195038 0.052913456 0.021321749 -0.008377726 -0.000483560 -0.018117530 0.999800648
1706584521.572429895 0.080330091 0.055528770 0.020509629 -0.008012568 -0.000615245 -0.018046538 0.999804852
1706584521.672255993 0.077828407 0.055673211 0.021978573 -0.008697671 -0.000449234 -0.018119882 0.999797889
1706584521.771875143 0.074689502 0.053395447 0.020622600 -0.009196240 -0.000464654 -0.017978426 0.999795974
1706584521.872725964 0.073176544 0.055342470 0.020862309 -0.007608354 -0.000586516 -0.018117861 0.999806737
1706584521.972566128 0.071941600 0.055562946 0.021473950 -0.007903434 -0.000519834 -0.018069157 0.999805367
1706584522.072222948 0.069411069 0.055891180 0.018867966 -0.007611028 -0.000682687 -0.018075865 0.999807416
1706584522.170961380 0.063853873 0.055655833 0.018650351 -0.008622181 -0.000502614 -0.018031495 0.999800115
1706584522.269734621 0.060835641 0.056048141 0.020248133 -0.008149342 -0.000401597 -0.018055183 0.999803699
1706584522.372725248 0.060839427 0.058593850 0.022346498 -0.008773818 -0.000489417 -0.018092076 0.999797708
1706584522.472572327 0.055501197 0.059873735 0.019791274 -0.008265322 -0.000645866 -0.018108818 0.999801649
1706584522.572416306 0.051750860 0.060735989 0.020162075 -0.008117796 -0.000694807 -0.017906447 0.999806470
1706584522.672253847 0.059500337 0.057301314 0.020836889 -0.009088990 -0.000294425 -0.018066056 0.999795440
1706584522.772892237 0.063342397 0.058550069 0.023379033 -0.008822696 -0.000224383 -0.018186955 0.999795651
1706584522.872734308 0.061459173 0.056910886 0.022321182 -0.009040329 -0.000424529 -0.018025984 0.999796557
1706584522.972578764 0.063176854 0.056223856 0.021065344 -0.008556253 -0.000550452 -0.018028539 0.999800710
1706584523.071733475 0.065716997 0.055118223 0.020753698 -0.008303974 -0.000590314 -0.018038871 0.999802628
1706584523.172264099 0.049971065 0.059392415 0.017965039 -0.008807629 -0.000494895 -0.018031632 0.999798500
1706584523.272900343 0.056331000 0.057260580 0.018705920 -0.007520128 -0.000659651 -0.017939877 0.999810569
1706584523.372009993 0.049118959 0.057688341 0.018548602 -0.007318531 -0.000748348 -0.017760723 0.999815201
1706584523.470792055 0.059134414 0.056773260 0.017139640 -0.007956566 -0.000693587 -0.018026608 0.999805608
1706584523.569623470 0.059678697 0.055796554 0.019614676 -0.008215556 -0.000598918 -0.017837949 0.999806958
1706584523.672280073 0.056726909 0.058180029 0.021523782 -0.008351791 -0.000481811 -0.018098671 0.999801207
1706584523.772922516 0.066022710 0.057410974 0.022771793 -0.007725360 -0.000434270 -0.017957851 0.999808805
1706584523.872749805 0.083823518 0.053132191 0.023555232 -0.008348841 -0.000412289 -0.017984681 0.999803320
1706584523.972596169 0.094628569 0.050262708 0.023414108 -0.007767142 -0.000493418 -0.018007806 0.999807555
1706584524.072439909 0.092831818 0.049636825 0.023883613 -0.007919760 -0.000300660 -0.018068478 0.999805340
1706584524.172281981 0.094923647 0.048008836 0.032146183 -0.007460108 -0.000033079 -0.018037209 0.999809484
1706584524.272785902 0.091220777 0.049437743 0.031834758 -0.008438052 -0.000336344 -0.018063930 0.999801171
1706584524.372757673 0.081966965 0.050329268 0.026880219 -0.009155247 -0.000337479 -0.017926701 0.999797330
1706584524.472607613 0.077515619 0.052573035 0.023151810 -0.008119824 -0.000451431 -0.018132506 0.999802519
1706584524.572449923 0.073637506 0.053624515 0.020171188 -0.007926781 -0.000495972 -0.017941822 0.999807487
1706584524.671826363 0.073561148 0.053200229 0.018811409 -0.008044127 -0.000406599 -0.018051430 0.999804617
1706584524.770668507 0.078751538 0.051431092 0.021644380 -0.007971447 -0.000452689 -0.017989674 0.999806293
1706584524.869565964 0.071216912 0.054644921 0.016786412 -0.007750937 -0.000665747 -0.018035155 0.999807088
1706584524.972219229 0.064069617 0.056208022 0.018611194 -0.007721880 -0.000721980 -0.017971433 0.999808421
1706584525.072849989 0.060098724 0.057276806 0.018983136 -0.007521711 -0.000696388 -0.017917277 0.999810937
1706584525.172692537 0.060222304 0.056330602 0.020334589 -0.007930523 -0.000477334 -0.017910784 0.999808023
1706584525.272526503 0.068702508 0.053873312 0.024909326 -0.008587048 -0.000296161 -0.017981920 0.999801393
1706584525.372356176 0.080050330 0.050700148 0.026550507 -0.009228772 -0.000295090 -0.017970591 0.999795879
1706584525.472594500 0.080807057 0.048897258 0.023250253 -0.008460634 -0.000502095 -0.018009250 0.999801897
1706584525.572432041 0.082101147 0.047815981 0.021348362 -0.009321394 -0.000379626 -0.017903174 0.999796201
1706584525.672265530 0.081968054 0.048760264 0.025898701 -0.007777452 -0.000222858 -0.018012248 0.999807492
1706584525.772900105 0.086940953 0.048828099 0.023339187 -0.008859155 -0.000463166 -0.018044586 0.999797826
1706584525.872738838 0.086269338 0.051308537 0.023967699 -0.008546331 -0.000229439 -0.018154787 0.999798635
1706584525.971705675 0.087018238 0.050448868 0.019914729 -0.009010740 -0.000568799 -0.018079599 0.999795785
1706584526.070629597 0.079279730 0.053074873 0.017444874 -0.006798337 -0.000746233 -0.018140776 0.999812051
1706584526.169589043 0.076113944 0.052353622 0.018732348 -0.008049059 -0.000467749 -0.018059441 0.999804406
1706584526.272889614 0.072572013 0.055769253 0.016540208 -0.008449127 -0.000621429 -0.018110365 0.999800100
1706584526.372735262 0.059557515 0.059933483 0.017786022 -0.007909272 -0.000581393 -0.018009872 0.999806356
1706584526.472583532 0.051432782 0.061807520 0.021391837 -0.008346257 -0.000517300 -0.018150325 0.999800299
1706584526.572423458 0.044620345 0.061393992 0.019409321 -0.007910327 -0.000707517 -0.018110409 0.999804451
1706584526.672260523 0.058124080 0.057885267 0.023555428 -0.007773650 -0.000443209 -0.017946927 0.999808623
1706584526.772899151 0.056373647 0.058601464 0.022200256 -0.009557861 -0.000362624 -0.018152982 0.999789470
1706584526.872750282 0.052761413 0.061319525 0.023066994 -0.008349976 -0.000517936 -0.018107448 0.999801045
1706584526.972586393 0.049661581 0.060951235 0.021486720 -0.009739430 -0.000252118 -0.018016180 0.999790227
1706584527.072417259 0.040426640 0.065537285 0.025483817 -0.008265196 -0.000417395 -0.018033235 0.999803138
1706584527.172253847 0.061276226 0.056429256 0.019983970 -0.008246545 -0.000586890 -0.017805785 0.999807283
1706584527.271690845 0.066135853 0.056625662 0.020422982 -0.007507635 -0.000577159 -0.018217793 0.999805688
1706584527.370660543 0.074987714 0.052373565 0.018367903 -0.008029198 -0.000693393 -0.017973016 0.999805992
1706584527.472569227 0.082318022 0.050040482 0.016338715 -0.008230550 -0.000518975 -0.017918091 0.999805446
1706584527.572389126 0.097471363 0.044821976 0.016160096 -0.007207801 -0.000788261 -0.017988512 0.999811902
1706584527.672217846 0.098862230 0.047037289 0.019980576 -0.008495083 -0.000495516 -0.018179694 0.999798523
1706584527.772873878 0.101127300 0.048628208 0.019347032 -0.008209102 -0.000625684 -0.018009274 0.999803923
1706584527.872724056 0.111095679 0.048835803 0.022726491 -0.008432260 -0.000379592 -0.018209210 0.999798568
1706584527.972563267 0.112787427 0.045837184 0.021377589 -0.007704535 -0.000542244 -0.018173106 0.999805023
1706584528.071776867 0.114384600 0.046003655 0.019300559 -0.008908591 -0.000532527 -0.018247014 0.999793679
1706584528.170171022 0.107743223 0.044645504 0.018928798 -0.008977759 -0.000432906 -0.018209498 0.999793792
1706584528.272893429 0.103905443 0.047711257 0.021805493 -0.008584156 -0.000380031 -0.018023492 0.999800641
1706584528.372735739 0.104193404 0.045745220 0.020994186 -0.008819569 -0.000426357 -0.018050454 0.999798087
1706584528.472590685 0.083831265 0.049082945 0.020461078 -0.007495747 -0.000652762 -0.017966691 0.999810275
1706584528.571732521 0.078654027 0.048612580 0.020139532 -0.008212068 -0.000520361 -0.017837128 0.999807045
1706584528.670895815 0.069041811 0.053225679 0.017490667 -0.007858524 -0.000636797 -0.018042916 0.999806127
1706584528.772910357 0.074875427 0.053649514 0.018682615 -0.007741548 -0.000607163 -0.018110884 0.999805829
1706584528.872754812 0.062775803 0.057763212 0.017482807 -0.008438812 -0.000624100 -0.018129575 0.999799838
1706584528.972594261 0.070509259 0.054076212 0.015320212 -0.008447160 -0.000655900 -0.018018391 0.999801757
1706584529.072430372 0.065381492 0.054893061 0.016681332 -0.008701876 -0.000690423 -0.017972092 0.999800382
1706584529.172264576 0.054171139 0.059098502 0.017888865 -0.007735177 -0.000680731 -0.018065652 0.999806649
1706584529.272765160 0.058017254 0.061506291 0.025616077 -0.008583021 -0.000183812 -0.018241439 0.999796753
1706584529.371180058 0.060835091 0.058623223 0.025263473 -0.008077622 -0.000377544 -0.018068173 0.999804056
1706584529.472579241 0.067642111 0.058078854 0.026876219 -0.007767211 -0.000354555 -0.018071723 0.999806460
1706584529.572416067 0.071722734 0.055510439 0.026100933 -0.009201638 -0.000221792 -0.018098433 0.999793842
1706584529.672255516 0.076210438 0.053069593 0.025372757 -0.007983417 -0.000415983 -0.017947877 0.999806964
1706584529.772820473 0.085915846 0.051218599 0.025864841 -0.008683859 -0.000224837 -0.018086193 0.999798695
1706584529.871961117 0.086959257 0.048211357 0.022488551 -0.008129049 -0.000486457 -0.017830261 0.999807863
1706584529.972565413 0.092786649 0.046627962 0.020367153 -0.007646831 -0.000569499 -0.018052963 0.999807628
1706584530.072416306 0.096470803 0.044887328 0.017618986 -0.008314457 -0.000498603 -0.018019228 0.999802945
1706584530.172245502 0.097038565 0.045846645 0.018039848 -0.008324545 -0.000409445 -0.018104175 0.999801367
1706584530.272883892 0.085656739 0.052602649 0.018675826 -0.008765825 -0.000582602 -0.018250668 0.999794846
1706584530.372730017 0.075629514 0.057234678 0.018766251 -0.007883124 -0.000539630 -0.018208948 0.999802980
1706584530.472579002 0.063335279 0.059029132 0.021100019 -0.008243924 -0.000496374 -0.017961714 0.999804565
1706584530.572191954 0.059299770 0.056529560 0.020923936 -0.008089066 -0.000507590 -0.018073915 0.999803802
1706584530.670743227 0.051290479 0.060015914 0.021181845 -0.008095746 -0.000382287 -0.017999435 0.999805148
1706584530.772883415 0.063145375 0.056834874 0.025265192 -0.008479412 -0.000263615 -0.018042256 0.999801234
1706584530.872730970 0.061272568 0.055375038 0.027083770 -0.009188767 -0.000156418 -0.017909273 0.999797379
1706584530.972576618 0.050348160 0.059005323 0.027510989 -0.009205018 -0.000187659 -0.018138673 0.999793089
1706584531.072409868 0.054006831 0.059507271 0.025723412 -0.008291875 -0.000353642 -0.018002482 0.999803496
1706584531.172245026 0.062608555 0.059049962 0.025982731 -0.008272423 -0.000271161 -0.018056094 0.999802716
1706584531.272878170 0.074705168 0.054089320 0.028367381 -0.009002130 -0.000069000 -0.018039594 0.999796744
1706584531.372720242 0.075556284 0.053795513 0.021837616 -0.008657391 -0.000484174 -0.018025184 0.999799934
1706584531.472559452 0.080802411 0.053462433 0.019664019 -0.007324177 -0.000529591 -0.018132296 0.999808630
1706584531.572400331 0.090608175 0.051475255 0.017260967 -0.008164860 -0.000540729 -0.018019579 0.999804150
1706584531.672231913 0.084975021 0.053345670 0.019400799 -0.008358832 -0.000508988 -0.018126457 0.999800631
1706584531.772860765 0.064810592 0.058043745 0.020827045 -0.007584397 -0.000479639 -0.018118130 0.999806971
1706584531.871747971 0.066455176 0.059829366 0.022336958 -0.009186432 -0.000400584 -0.017995773 0.999795780
1706584531.970349073 0.066232421 0.057832300 0.024578681 -0.007941759 -0.000304605 -0.017996307 0.999806466
1706584532.068968773 0.059372714 0.061481261 0.026660936 -0.008357310 -0.000282550 -0.018122509 0.999800805
1706584532.172622681 0.067236219 0.056836778 0.027551360 -0.007789978 -0.000433085 -0.018001067 0.999807527
1706584532.272459269 0.081405282 0.052167496 0.026717987 -0.007719903 -0.000339438 -0.017982681 0.999808437
1706584532.372302055 0.084643176 0.052409604 0.024920778 -0.008249645 -0.000378251 -0.018085766 0.999802333
1706584532.472536325 0.102407525 0.047154018 0.023884998 -0.008058546 -0.000391898 -0.017938934 0.999806532
1706584532.572384119 0.093542768 0.048616966 0.020919851 -0.009004059 -0.000507978 -0.018066791 0.999796109
1706584532.672214746 0.085820320 0.056275747 0.013418085 -0.010098629 -0.000542892 -0.018312082 0.999781171
1706584532.772841454 0.093223630 0.051488243 0.013666454 -0.007765262 -0.000657633 -0.018068568 0.999806379
1706584532.872689247 0.094160541 0.049021633 0.014459354 -0.008020063 -0.000690299 -0.018027101 0.999805094
1706584532.972520351 0.090812886 0.048058499 0.017230350 -0.007296178 -0.000673890 -0.017976770 0.999811556
1706584533.072370291 0.092864246 0.047179780 0.021023341 -0.008023052 -0.000446265 -0.017954402 0.999806517
1706584533.171356916 0.087552007 0.049001101 0.021414150 -0.008064186 -0.000499951 -0.017944461 0.999806339
1706584533.269979715 0.078231687 0.052937952 0.023102565 -0.008314234 -0.000381040 -0.017990584 0.999803514
1706584533.368611097 0.070118355 0.056071657 0.024944556 -0.008059629 -0.000368609 -0.017929115 0.999806708
1706584533.472911358 0.073402827 0.053234634 0.024815936 -0.008969845 -0.000250066 -0.018026071 0.999797250
1706584533.572737932 0.072018988 0.055130423 0.026363384 -0.009152985 -0.000128903 -0.018050206 0.999795177
1706584533.672586203 0.090411087 0.054203019 0.024565339 -0.009439148 -0.000204461 -0.018392182 0.999786271
1706584533.772420406 0.090013211 0.054011912 0.022435512 -0.009112528 -0.000329724 -0.018230542 0.999792229
1706584533.872278214 0.081597038 0.054530389 0.021553258 -0.008813976 -0.000405908 -0.018042644 0.999798286
1706584533.972918510 0.083879302 0.048930115 0.019826089 -0.007888848 -0.000613736 -0.017962695 0.999807347
1706584534.072759151 0.084647662 0.048190908 0.022084433 -0.008038606 -0.000316457 -0.018057929 0.999804577
1706584534.172612190 0.092844564 0.048649826 0.023832082 -0.007860054 -0.000395937 -0.018003967 0.999806941
1706584534.272441626 0.087605680 0.051668964 0.025231893 -0.008662241 -0.000285324 -0.018176821 0.999797223
1706584534.372270107 0.085956316 0.054870387 0.023923170 -0.007773462 -0.000468066 -0.018070307 0.999806390
1706584534.471013546 0.073249512 0.056443622 0.019933904 -0.009166118 -0.000492242 -0.018107712 0.999793904
1706584534.569662809 0.063270219 0.059172752 0.024226017 -0.008313568 -0.000300580 -0.018110355 0.999801385
1706584534.672594786 0.067988104 0.056681448 0.023027917 -0.008545836 -0.000310311 -0.018103232 0.999799553
1706584534.772436619 0.076025247 0.050967753 0.024173083 -0.008557680 -0.000422556 -0.018094697 0.999799565
1706584534.872276783 0.089265858 0.046209565 0.024737108 -0.008597193 -0.000588947 -0.018217139 0.999796918
1706584534.972925186 0.096976972 0.048793047 0.022984108 -0.009558585 -0.000525907 -0.019019425 0.999773283
1706584535.072775126 0.111807361 0.045671066 0.022978098 -0.008240745 -0.001155082 -0.019473730 0.999775740
1706584535.172613859 0.128270960 0.047583058 0.024681824 -0.007028739 0.000195020 -0.019983030 0.999775593
1706584535.272460699 0.155613257 0.041348334 0.023599348 -0.005250065 0.001085282 -0.021238434 0.999760065
1706584535.371716022 0.194878574 0.034499977 0.027885704 -0.002331887 0.002954254 -0.023009621 0.999728159
1706584535.472538233 0.237478015 0.029775703 0.025415184 -0.004351710 0.002064280 -0.026836846 0.999628223
1706584535.572381496 0.266965104 0.026148247 0.022224855 -0.007876483 0.003472919 -0.029942013 0.999514570
1706584535.671993017 0.295607449 0.016635458 0.016943840 -0.005024256 0.004553849 -0.033003902 0.999432220
1706584535.770652056 0.321480106 0.016235919 0.017290912 -0.004768924 0.005609148 -0.036574616 0.999303804
1706584535.869320154 0.345395060 0.013073017 0.019034336 -0.005224278 0.005225415 -0.039261950 0.999201632
1706584535.972525597 0.398219565 0.002340563 0.016278388 -0.003432151 0.005553632 -0.042324930 0.999082568
1706584536.072359085 0.431515627 0.001977731 0.016602037 -0.004348585 0.005439291 -0.044882201 0.998968014
1706584536.172593355 0.471968749 -0.000205209 0.018340003 -0.006557407 0.007086198 -0.047452137 0.998826852
1706584536.272435904 0.489554301 -0.006273693 0.016136969 -0.004448454 0.006965531 -0.049368986 0.998746412
1706584536.372277260 0.518078684 -0.010450705 0.022507177 -0.005623487 0.005748213 -0.051992847 0.998615080
1706584536.472919703 0.536443263 -0.015586407 0.023281809 -0.006239604 0.004782678 -0.054729109 0.998470289
1706584536.572532415 0.574850457 -0.025778148 0.027222383 -0.005776224 0.004661186 -0.057483509 0.998318864
1706584536.671114922 0.620406354 -0.034033328 0.026247823 -0.005187783 0.002534668 -0.061318176 0.998101570
1706584536.772409201 0.672572792 -0.043666072 0.019255982 -0.003964432 0.000661771 -0.064175194 0.997930554
1706584536.872262955 0.723905526 -0.052407592 0.018628740 -0.003251303 -0.003913023 -0.067650215 0.997696129
1706584536.971727848 0.780173332 -0.064515923 0.017663054 -0.003431683 -0.004915798 -0.070750882 0.997476000
1706584537.070409775 0.836123646 -0.074650965 0.021913910 -0.004579096 -0.004562830 -0.073570346 0.997269079
1706584537.169097900 0.917853710 -0.095938385 0.020483549 -0.001788185 -0.006046987 -0.076732369 0.997031785
1706584537.272399664 0.970727726 -0.107972332 0.022098487 -0.002491304 -0.008385281 -0.080203128 0.996740156
1706584537.372249365 1.026459065 -0.113706899 0.026801078 -0.007217740 -0.007669896 -0.083952453 0.996414102
1706584537.472892761 1.060841692 -0.125854028 0.021204590 -0.010029745 -0.005860565 -0.086582124 0.996176989
1706584537.572715282 1.116417777 -0.142353246 0.019510603 -0.003690441 -0.003986385 -0.088619641 0.996050726
1706584537.672566175 1.175132636 -0.152997086 0.019849772 -0.002927951 0.000248967 -0.090735272 0.995870712
1706584537.772402525 1.232815236 -0.162429704 0.022257004 -0.007583475 0.004143313 -0.094432213 0.995493787
1706584537.871798277 1.281151770 -0.179836337 0.024446782 -0.005527678 -0.001283618 -0.099516313 0.995019749
1706584537.970360279 1.333882441 -0.200513865 0.023499883 -0.004890062 -0.003733924 -0.103619394 0.994597992
1706584538.072711945 1.394868870 -0.213605798 0.023802908 -0.003181120 -0.002898509 -0.107048240 0.994244514
1706584538.172543526 1.445746682 -0.221098496 0.026699414 -0.010476613 0.001829375 -0.110106609 0.993862882
1706584538.271393061 1.515128663 -0.234471651 0.029538445 -0.011003946 0.004255352 -0.114377589 0.993367290
1706584538.370086193 1.569236994 -0.255240037 0.029964356 -0.014722577 0.005390399 -0.118644572 0.992813001
1706584538.472864866 1.626211228 -0.269517441 0.030511628 -0.016884604 0.001653086 -0.123747649 0.992168684
1706584538.572690487 1.680458268 -0.279100112 0.034446586 -0.021136815 -0.002885755 -0.129768937 0.991314748
1706584538.672527790 1.737491899 -0.289436974 0.039072629 -0.027763596 -0.002747816 -0.132735836 0.990758714
1706584538.772365808 1.785246450 -0.315373521 0.037743674 -0.019881360 0.002389031 -0.134403970 0.990724279
1706584538.872591734 1.824919219 -0.348361148 0.034448596 -0.008085094 0.002249209 -0.137001703 0.990535262
1706584538.972439289 1.879310554 -0.369820716 0.030346074 -0.005653478 0.005619007 -0.140226091 0.990087425
1706584539.072272778 1.935837398 -0.386247390 0.030077242 -0.007382382 0.004485560 -0.144778209 0.989426425
1706584539.171129942 2.004067003 -0.405108885 0.022658755 -0.009515816 0.007550689 -0.147260695 0.989023116
1706584539.269799709 2.062290039 -0.421227283 0.022967591 -0.010938850 0.009252481 -0.148098455 0.988868839
1706584539.372603655 2.122333079 -0.442459034 0.025836358 -0.009608665 0.012142137 -0.147526018 0.988936963
1706584539.472332001 2.187070778 -0.469986671 0.024341954 -0.004303616 0.015297148 -0.146647065 0.989061229
1706584539.571027756 2.242859494 -0.493800393 0.024039904 -0.003636391 0.015318125 -0.146717174 0.989053185
1706584539.669745207 2.300531483 -0.513685679 0.021645794 -0.004767193 0.014287903 -0.146242801 0.989134052
1706584539.772758722 2.353380728 -0.533404133 0.021313249 -0.002727754 0.014462129 -0.145090446 0.989308935
1706584539.872592211 2.402358726 -0.551611901 0.017434675 -0.002400394 0.012047655 -0.141782271 0.989821640
1706584539.972438335 2.476585698 -0.570344917 0.018872747 -0.000149253 0.017526012 -0.137563333 0.990337895
1706584540.072277069 2.525100928 -0.584552474 0.015734639 0.001313379 0.014277374 -0.133739956 0.990912739
1706584540.172922134 2.562773343 -0.591334546 0.006888673 -0.001360532 0.016416907 -0.129627621 0.991425899
1706584540.272766590 2.628036064 -0.600570751 0.006277751 -0.004412115 0.016198504 -0.126192071 0.991863752
1706584540.372407675 2.695032557 -0.613619946 0.005380690 -0.007998041 0.016697932 -0.122268943 0.992324300
1706584540.471114635 2.740304564 -0.623601690 0.008705579 -0.009931942 0.014786580 -0.118504815 0.992793696
1706584540.569853306 2.795575118 -0.637125438 0.012779846 -0.011276795 0.014432694 -0.115805867 0.993102982
1706584540.672923565 2.845427097 -0.651168913 0.012392249 -0.010947054 0.013013055 -0.114717379 0.993252609
1706584540.772062302 2.898558568 -0.657695099 0.013801122 -0.009434387 0.013474827 -0.113465401 0.993405770
1706584540.870777369 2.943584069 -0.671573923 0.012568306 -0.010894698 0.012917339 -0.112590703 0.993497751
1706584540.969561577 2.999947787 -0.686399027 0.009956524 -0.009594581 0.010114651 -0.111831320 0.993629405
1706584541.072281361 3.053372365 -0.695814050 0.006593545 -0.015135584 0.009338767 -0.111217963 0.993636889
1706584541.172927856 3.112146554 -0.707111857 0.005778871 -0.011451090 0.007257783 -0.110161876 0.993821190
1706584541.272762299 3.171226675 -0.724944498 0.004304709 -0.012484141 0.006142876 -0.110130510 0.993819743
1706584541.372604370 3.239145302 -0.737003403 0.002970363 -0.016841043 0.006591105 -0.109311066 0.993843060
1706584541.472441196 3.303309537 -0.749171116 0.005774272 -0.014557989 0.008862507 -0.107633169 0.994044577
1706584541.572279215 3.378539542 -0.768361162 0.000618460 -0.015308063 0.011822134 -0.107140879 0.994055699
1706584541.672305107 3.463755989 -0.779680588 0.004399837 -0.018207093 0.012277652 -0.106781997 0.994039922
1706584541.771030426 3.545167031 -0.796014152 0.003437252 -0.018946048 0.014381402 -0.105773347 0.994105740
1706584541.872614861 3.618612890 -0.818196993 0.002222066 -0.017162765 0.014548330 -0.103709483 0.994353121
1706584541.972451448 3.694596868 -0.830419945 0.007357551 -0.015653525 0.013316744 -0.102783467 0.994491423
1706584542.071813822 3.756766954 -0.843827284 0.007659184 -0.019299027 0.012307891 -0.101111646 0.994611732
1706584542.170585871 3.822658109 -0.860947040 0.007057705 -0.015915766 0.009398601 -0.098850826 0.994930585
1706584542.269409895 3.878304217 -0.874199159 0.008450653 -0.019037559 0.005437796 -0.097970640 0.994992339
1706584542.372607946 3.959630985 -0.887143610 0.004641689 -0.022803231 0.004306757 -0.096658480 0.995047035
1706584542.472453594 4.021209898 -0.901365148 0.001150856 -0.019038748 0.001751280 -0.094353310 0.995355169
1706584542.572293043 4.093996750 -0.917222648 -0.005480104 -0.017736950 0.001200545 -0.091913933 0.995608250
1706584542.672532558 4.178924498 -0.929165285 -0.002531802 -0.019348619 0.004500800 -0.088648004 0.995864903
1706584542.772377491 4.268382748 -0.946385744 -0.003706000 -0.019731598 0.007796825 -0.085002100 0.996154866
1706584542.872212410 4.346351144 -0.960600842 -0.002458879 -0.019240084 0.009280651 -0.084320708 0.996209670
1706584542.972356796 4.428476863 -0.964694493 0.000664526 -0.021838092 0.011855779 -0.082344765 0.996294072
1706584543.072695971 4.508507917 -0.975648912 -0.000075965 -0.022960811 0.011310030 -0.079167363 0.996532695
1706584543.172559500 4.581343311 -0.991470666 0.001790883 -0.018150831 0.012028518 -0.076382201 0.996840821
1706584543.272403717 4.656024271 -1.005734970 -0.003587716 -0.020812213 0.011680471 -0.072724929 0.997066449
1706584543.371586323 4.745536347 -1.016682868 -0.005372607 -0.021750172 0.013660014 -0.070400881 0.997188072
1706584543.470359325 4.835508352 -1.030145882 -0.006909012 -0.023725901 0.014149361 -0.068816548 0.997246790
1706584543.569185734 4.927746910 -1.040081126 -0.002521189 -0.025665359 0.014063528 -0.067665703 0.997278727
1706584543.672543049 5.033899361 -1.059347952 -0.010756135 -0.021650109 0.016034615 -0.065920503 0.997461103
1706584543.772390842 5.129091397 -1.076795139 -0.014828140 -0.021908932 0.017451584 -0.064823172 0.997503583
1706584543.872227669 5.226988966 -1.094672315 -0.016182171 -0.020247823 0.019033753 -0.063816551 0.997574654
1706584543.972874165 5.315710222 -1.104672890 -0.018960427 -0.021303024 0.018323074 -0.061452270 0.997714420
1706584544.072712660 5.396429731 -1.108501232 -0.017290583 -0.023629822 0.015180837 -0.061130502 0.997734552
1706584544.172559738 5.481154076 -1.116091975 -0.016957510 -0.026248510 0.017257014 -0.060623217 0.997666295
1706584544.272403240 5.560585503 -1.138870253 -0.019096410 -0.021303803 0.014305612 -0.060653210 0.997828986
1706584544.372228146 5.656625835 -1.158732073 -0.019581677 -0.018568176 0.014757802 -0.061683319 0.997813910
1706584544.472873926 5.735566912 -1.173229037 -0.024876918 -0.018753173 0.012597245 -0.062237010 0.997805684
1706584544.572624922 5.825303339 -1.184927715 -0.027060957 -0.019345822 0.011356266 -0.063286946 0.997743222
1706584544.671347618 5.899953061 -1.190444302 -0.026307176 -0.019326175 0.012020060 -0.063821454 0.997701779
1706584544.770162582 5.966976561 -1.205960917 -0.027477538 -0.020503128 0.008301725 -0.067120830 0.997499623
1706584544.869174719 6.028505895 -1.225458034 -0.027330425 -0.015665375 0.001800653 -0.071248254 0.997333966
1706584544.972882032 6.083539644 -1.240134011 -0.025440480 -0.016298915 -0.000189261 -0.077611276 0.996850440
1706584545.072726488 6.151831620 -1.258095999 -0.023944348 -0.018246232 -0.003510716 -0.082286637 0.996435477
1706584545.172561884 6.230839943 -1.278979957 -0.019312341 -0.018285597 -0.005399586 -0.087035147 0.996022773
1706584545.272409678 6.298176153 -1.291179041 -0.020162301 -0.023249262 -0.007765834 -0.092279236 0.995431417
1706584545.372246981 6.387027164 -1.313181427 -0.025833564 -0.022625061 -0.008665263 -0.095949538 0.995091305
1706584545.472898960 6.480336468 -1.335516140 -0.027070985 -0.020056518 -0.006399444 -0.099754444 0.994789342
1706584545.571978331 6.566956988 -1.359237392 -0.024454478 -0.016948251 -0.005201931 -0.103480555 0.994473464
1706584545.672571898 6.677149061 -1.384281597 -0.019805430 -0.018755926 -0.000167148 -0.107510174 0.994027037
1706584545.772418499 6.777132775 -1.410676304 -0.015844006 -0.013819819 0.000987402 -0.111259636 0.993694788
1706584545.872249365 6.868696699 -1.440108519 -0.014747869 -0.016518115 0.003083367 -0.114834782 0.993242477
1706584545.971353292 6.959014938 -1.469931339 -0.015070568 -0.013466336 0.005671934 -0.117615169 0.992951740
1706584546.070303440 7.038603194 -1.496736553 -0.013664165 -0.014431018 0.003845939 -0.119558696 0.992714799
1706584546.172555923 7.121934844 -1.518595529 -0.018402340 -0.015275339 0.008583798 -0.120371127 0.992574317
1706584546.272406340 7.200617126 -1.544804415 -0.019152673 -0.016842336 0.005451330 -0.119906405 0.992627358
1706584546.372241735 7.282809177 -1.565252241 -0.021242810 -0.014275896 0.004492078 -0.120380894 0.992614961
1706584546.472872257 7.364607885 -1.586105391 -0.021225387 -0.016338721 0.003563270 -0.118297369 0.992837389
1706584546.572714567 7.443659642 -1.609416651 -0.023629014 -0.016017539 0.000810584 -0.116412727 0.993071427
1706584546.672549725 7.529699072 -1.622925522 -0.023150797 -0.015910843 0.001343802 -0.116024269 0.993118023
1706584546.772266626 7.612541585 -1.645121568 -0.019880700 -0.014496338 -0.002455487 -0.113476959 0.993431833
1706584546.870284796 7.708831665 -1.671009663 -0.021095977 -0.012528278 -0.001723267 -0.114285875 0.993367410
1706584546.972869396 7.798488903 -1.693024962 -0.019942067 -0.013327050 0.000666726 -0.112970444 0.993508744
1706584547.072706223 7.894497538 -1.715006461 -0.016696763 -0.017137261 0.001432563 -0.112700810 0.993480140
1706584547.172422171 7.983222709 -1.735378460 -0.014138435 -0.015501719 0.004708262 -0.110514943 0.993742409
1706584547.271329165 8.070087579 -1.763286335 -0.016231496 -0.012188016 0.004072924 -0.109547988 0.993898436
1706584547.370378733 8.147405398 -1.785404029 -0.016992369 -0.010829559 0.000889041 -0.109611406 0.993915122
1706584547.472873211 8.231458715 -1.803601822 -0.016554249 -0.014380130 0.002460407 -0.109357374 0.993895429
1706584547.572719336 8.324189788 -1.823469504 -0.015968403 -0.014848771 0.000909489 -0.109902793 0.993831003
1706584547.672549009 8.405699884 -1.845150077 -0.014874609 -0.013156107 -0.000435275 -0.109436688 0.993906605
1706584547.772390604 8.494295549 -1.873470504 -0.018316755 -0.011639282 -0.001786681 -0.109780344 0.993886116
1706584547.872242212 8.581269271 -1.894636012 -0.018745773 -0.014380408 0.000834220 -0.109009769 0.993936305
1706584547.972879410 8.664708727 -1.915505748 -0.018964989 -0.008201180 0.003404088 -0.107331645 0.994183620
1706584548.071233511 8.741569932 -1.933055157 -0.020275676 -0.009572836 0.002992264 -0.106932328 0.994215713
1706584548.172548294 8.815389162 -1.938194340 -0.011766724 -0.017417909 -0.000465273 -0.106786321 0.994129308
1706584548.272384644 8.892575130 -1.954563506 -0.013156701 -0.015307260 -0.001239963 -0.103934517 0.994465568
1706584548.372219086 8.961743276 -1.976848792 -0.010096053 -0.012770421 -0.005000266 -0.100600867 0.994832337
1706584548.472559690 9.045156923 -1.996427243 -0.006903725 -0.013016595 -0.009218826 -0.097668181 0.995091206
1706584548.571608067 9.116570631 -2.010247376 -0.008394099 -0.013074920 -0.012238428 -0.093364619 0.995470901
1706584548.672555923 9.200427874 -2.021816750 -0.006725911 -0.016295510 -0.008805896 -0.091576032 0.995625805
1706584548.772408724 9.286994865 -2.031349985 -0.001124012 -0.019566838 -0.006974572 -0.089971012 0.995727729
1706584548.872249126 9.365676220 -2.045837744 -0.004608966 -0.019050119 -0.006776471 -0.085824091 0.996105114
1706584548.972899199 9.460181621 -2.067695275 -0.007840685 -0.017451658 -0.002804131 -0.081997234 0.996475805
1706584549.072744608 9.543238433 -2.089442658 -0.006509759 -0.012418285 -0.004615901 -0.076297205 0.996997099
1706584549.172567129 9.628991117 -2.094000656 0.000010763 -0.011838211 -0.002524651 -0.072043236 0.997328058
1706584549.272391796 9.718197508 -2.102479307 0.001045544 -0.015052895 -0.002625877 -0.067500336 0.997602235
1706584549.370874166 9.813229045 -2.116516033 0.005987621 -0.013895222 -0.002842731 -0.062796983 0.997925539
1706584549.472904682 9.910998968 -2.127596416 0.007945482 -0.015026578 -0.003271572 -0.057695228 0.998215788
1706584549.572739601 10.001922741 -2.138871473 0.009316911 -0.015658530 -0.002821647 -0.053725795 0.998428960
1706584549.672573090 10.094494618 -2.152568296 0.011291752 -0.013854099 -0.000362958 -0.050935376 0.998605788
1706584549.772410393 10.171997132 -2.169690493 0.007134763 -0.009207601 -0.002501289 -0.049019814 0.998752232
1706584549.871819735 10.263923546 -2.188617104 0.002131219 -0.008605918 0.003113216 -0.046963736 0.998854671
1706584549.972870588 10.353467747 -2.201286846 0.002212256 -0.006530129 0.001409068 -0.043564192 0.999028294
1706584550.072701216 10.448975623 -2.215559125 -0.005206397 -0.008817111 0.012015303 -0.040770936 0.999057367
1706584550.172532797 10.545263215 -2.219370827 0.002176519 -0.006035449 0.011344532 -0.036557550 0.999248928
1706584550.272366524 10.633573970 -2.223296431 -0.006198386 -0.008460249 0.011434259 -0.033520764 0.999336800
1706584550.372602701 10.708135515 -2.227670456 -0.010913851 -0.004044326 0.011131735 -0.030778499 0.999456058
1706584550.472448587 10.791843406 -2.233404124 -0.016914622 -0.003066914 0.009965866 -0.027904263 0.999556215
1706584550.571674347 10.869757363 -2.234000634 -0.015147091 -0.004677792 0.011729524 -0.025344938 0.999599005
1706584550.670310020 10.944530929 -2.238133193 -0.021497924 -0.008516150 0.005724974 -0.022236457 0.999700075
1706584550.772369623 11.047804848 -2.244475445 -0.011225885 -0.007793803 0.004070901 -0.019655016 0.999768155
1706584550.872611046 11.128420229 -2.244306112 -0.011546239 -0.007984189 0.003746588 -0.016761451 0.999820619
1706584550.972465992 11.209258245 -2.247856669 -0.007998747 -0.006008280 0.007078568 -0.014471361 0.999852176
1706584551.071610451 11.303749993 -2.256199044 -0.007295592 -0.006177798 0.008248505 -0.013911880 0.999850117
1706584551.172538757 11.407358655 -2.269342277 -0.010906994 -0.003038444 0.007776069 -0.014474835 0.999860380
1706584551.272377491 11.510045110 -2.275203590 -0.013164745 -0.003582759 0.008833790 -0.015261130 0.999838100
1706584551.372217655 11.615229741 -2.279895898 -0.008695743 -0.000786984 0.007496273 -0.014897569 0.999860615
1706584551.472863436 11.709305648 -2.289584081 -0.006641727 -0.002822036 0.007484823 -0.013990163 0.999870136
1706584551.572715998 11.798124737 -2.305734702 -0.012632039 0.001490406 0.006775235 -0.013931516 0.999878887
1706584551.672555923 11.879704118 -2.312496600 -0.022497836 0.001505115 0.004910570 -0.014123685 0.999887065
1706584551.772399187 11.958836277 -2.321441131 -0.025885445 0.003664067 0.005399254 -0.014356033 0.999875656
1706584551.871345758 12.041095437 -2.326654007 -0.028839797 0.004169782 0.005675552 -0.015754247 0.999851091
1706584551.969923019 12.124434178 -2.335491587 -0.026419081 0.000736079 0.009872018 -0.017663982 0.999794972
1706584552.072726011 12.229846583 -2.340234084 -0.029469672 -0.004095414 0.013521910 -0.020754643 0.999684765
1706584552.172578096 12.311370480 -2.330622693 -0.028701270 -0.002256766 0.016375061 -0.022295560 0.999614762
1706584552.272378445 12.414934564 -2.337939699 -0.026354405 -0.005916784 0.018466587 -0.023848386 0.999527504
1706584552.371014833 12.504856902 -2.345759258 -0.028623633 -0.005433385 0.019442931 -0.025836856 0.999462309
1706584552.472915888 12.595700401 -2.358793204 -0.030780434 -0.004004828 0.015839916 -0.028072175 0.999472366
1706584552.572744608 12.682033260 -2.369775909 -0.034799053 -0.001478549 0.005367409 -0.029290253 0.999555444
1706584552.672592402 12.765849012 -2.373233766 -0.036078623 -0.003886922 0.005070279 -0.032848575 0.999439921
1706584552.772444248 12.857563529 -2.379405253 -0.039007246 -0.006385142 -0.000099267 -0.035572210 0.999346706
1706584552.872289658 12.938661520 -2.384816762 -0.035999693 -0.006909732 -0.000183218 -0.037881620 0.999258327
1706584552.972931147 13.020679914 -2.395907676 -0.034427721 -0.009108925 -0.004532086 -0.040979136 0.999108201
1706584553.072446585 13.121090601 -2.416576040 -0.038979245 -0.003168644 -0.000749696 -0.044395371 0.999008733
1706584553.171030045 13.220783896 -2.436290895 -0.041340920 -0.001296846 0.005715947 -0.050417530 0.998711029
1706584553.269612312 13.325366872 -2.451903765 -0.049771583 -0.008127909 0.009177397 -0.056365690 0.998334925
1706584553.372309923 13.420125315 -2.466071670 -0.051783919 -0.004635894 0.008583372 -0.062141369 0.998019681
1706584553.472536087 13.519073287 -2.491115327 -0.045198102 -0.002975220 0.007976118 -0.068135379 0.997639764
1706584553.572234392 13.606306696 -2.513486657 -0.043018457 -0.000700189 0.006466555 -0.073924726 0.997242613
1706584553.670947313 13.686684449 -2.538412567 -0.042973973 -0.000300253 0.002877651 -0.079429147 0.996836315
1706584553.772854090 13.777904265 -2.557004458 -0.049167593 -0.005249601 0.000852190 -0.086205813 0.996263155
1706584553.872678757 13.859875340 -2.568805794 -0.053808704 -0.005558873 -0.001970645 -0.092929239 0.995655248
1706584553.972519636 13.943873020 -2.589640673 -0.049524985 -0.006262052 0.002975981 -0.098693616 0.995093714
1706584554.072366476 14.017025024 -2.608090406 -0.044913040 -0.007699377 -0.000361396 -0.101605782 0.994794880
1706584554.172592878 14.061161164 -2.632662198 -0.028901770 -0.004995818 -0.017958665 -0.107484270 0.994032022
1706584554.272434950 14.126467529 -2.646841598 -0.035245471 -0.010131829 -0.027391474 -0.112054816 0.993272758
1706584554.372277260 14.200322449 -2.662487740 -0.037198947 -0.013322512 -0.023793210 -0.115695645 0.992910324
1706584554.470906496 14.283321121 -2.686331163 -0.038156887 -0.011180595 -0.023018236 -0.118148872 0.992666107
1706584554.569495201 14.365366630 -2.713996315 -0.036569979 -0.008664466 -0.019436990 -0.120516115 0.992483247
1706584554.672606945 14.443573847 -2.736240039 -0.035112469 -0.011951002 -0.017711202 -0.124859199 0.991944387
1706584554.772442818 14.534330339 -2.752332239 -0.026614685 -0.009899420 -0.006337876 -0.126467960 0.991901047
1706584554.872290373 14.616515368 -2.780430087 -0.022009646 -0.006092515 0.012774464 -0.132678894 0.991058023
1706584554.972925425 14.703113947 -2.803261122 -0.027084206 -0.013869266 0.013244758 -0.135152071 0.990639257
1706584555.072764158 14.795110942 -2.826490138 -0.028165484 -0.015352667 0.016786761 -0.136832177 0.990333002
1706584555.172598362 14.878537104 -2.850346020 -0.020249817 -0.015542421 0.017132852 -0.134773242 0.990606416
1706584555.272434711 14.971255320 -2.878140546 -0.028979951 -0.014270047 0.018278591 -0.132494725 0.990912411
1706584555.372288227 15.066322882 -2.904971097 -0.033659792 -0.014282158 0.015645449 -0.128753826 0.991450297
1706584555.472923517 15.154059547 -2.933292157 -0.038781731 -0.014291502 0.012979569 -0.124535652 0.992027296
1706584555.572777033 15.232031133 -2.950370589 -0.044914103 -0.015823209 0.009333505 -0.117727434 0.992876006
1706584555.671691179 15.304254393 -2.964903360 -0.042385820 -0.016841424 0.005572207 -0.110997483 0.993662355
1706584555.770423174 15.371883156 -2.973785309 -0.036268569 -0.019655932 -0.001766601 -0.105406687 0.994233350
1706584555.869093657 15.435850966 -2.985785668 -0.032405494 -0.017745418 -0.002991546 -0.102731075 0.994546367
1706584555.972929239 15.506838753 -3.009977399 -0.036286259 -0.015041537 0.000446909 -0.103721423 0.994492543
1706584556.072776794 15.583335719 -3.027274396 -0.046778095 -0.013985965 0.013951917 -0.104706383 0.994306950
1706584556.171854973 15.676048225 -3.046056572 -0.057028429 -0.014756746 0.020504783 -0.102046697 0.994458779
1706584556.272433519 15.759217924 -3.057671776 -0.055502521 -0.017601572 0.022462113 -0.100194169 0.994558579
1706584556.372285604 15.838406716 -3.068130403 -0.049598638 -0.023324400 0.018186285 -0.099639703 0.994583913
1706584556.472915173 15.930146003 -3.094029526 -0.044285173 -0.018626432 0.022627939 -0.101996612 0.994352917
1706584556.572751760 16.025259148 -3.110026335 -0.043000654 -0.023299514 0.031187723 -0.100894682 0.994135163
1706584556.672590017 16.134641284 -3.139279760 -0.056048940 -0.018093195 0.035506551 -0.095848822 0.994597871
1706584556.772428274 16.222456296 -3.159251785 -0.064837739 -0.012087404 0.033014728 -0.091048861 0.995225616
1706584556.872266293 16.339635312 -3.168734779 -0.071050332 -0.019822747 0.039773429 -0.088064764 0.995122972
1706584556.971029520 16.444314525 -3.191738929 -0.074203222 -0.015184566 0.052714334 -0.078476889 0.995405448
1706584557.069689274 16.525753162 -3.228130250 -0.074087631 -0.000718671 0.050102475 -0.075642246 0.995875231
1706584557.168505907 16.598838089 -3.258253756 -0.085904850 0.013955261 0.037390704 -0.071684694 0.996628562
1706584557.272414684 16.651951666 -3.259244118 -0.084581127 0.007497379 0.023082355 -0.062173289 0.997770252
1706584557.372256994 16.717020873 -3.229066375 -0.082594006 -0.019587901 0.008828265 -0.058230312 0.998071945
1706584557.471080065 16.773802683 -3.200306469 -0.088010972 -0.042002259 0.010194841 -0.055824195 0.997504654
1706584557.572735310 16.853722417 -3.210997777 -0.096194782 -0.039891836 0.022865425 -0.055235389 0.997414089
1706584557.672572374 16.919712794 -3.240261075 -0.105814461 -0.030191693 0.019573421 -0.051892910 0.998004243
1706584557.772406578 17.004102037 -3.265081585 -0.108795899 -0.015255578 0.017942644 -0.049877665 0.998477615
1706584557.872233868 17.094346727 -3.276043592 -0.104554139 -0.018612601 0.027799610 -0.054538857 0.997951034
1706584557.972869873 17.176393069 -3.252490329 -0.104700147 -0.034225064 0.034628293 -0.052391923 0.997439027
1706584558.072706938 17.246865649 -3.229402334 -0.095456409 -0.056333594 0.027819313 -0.050503806 0.996745694
1706584558.172288656 17.330302728 -3.241764294 -0.100918898 -0.060380762 0.027523003 -0.044957344 0.996782567
1706584558.270979881 17.406101710 -3.271618929 -0.104767300 -0.043154707 0.020407203 -0.043854385 0.997896793
1706584558.369783878 17.484541506 -3.316708377 -0.127394059 -0.017676608 0.009153807 -0.039619598 0.999016533
1706584558.472860098 17.572881583 -3.345052693 -0.136887860 -0.000405562 0.015929948 -0.037023066 0.999187352
1706584558.572715282 17.648305666 -3.356321136 -0.126652026 0.001687123 0.014489510 -0.036323178 0.999233624
1706584558.671948910 17.725221940 -3.351726917 -0.123278697 -0.018449265 0.010169231 -0.038998673 0.999017174
1706584558.770667791 17.800846201 -3.344234210 -0.121088506 -0.028691024 0.010726642 -0.039206155 0.998761554
1706584558.869454384 17.877711406 -3.355700987 -0.120534459 -0.027850554 0.009328382 -0.042478659 0.998665555
1706584558.972870350 17.967454880 -3.393112457 -0.128032051 -0.024168466 0.009343200 -0.046860625 0.998565307
1706584559.072728634 18.044842682 -3.403320877 -0.130620889 -0.026080568 0.004333118 -0.052538439 0.998268872
1706584559.172564745 18.129747846 -3.409277085 -0.128035188 -0.028697581 0.003007169 -0.056982022 0.997958143
1706584559.272409201 18.198042322 -3.419007601 -0.125746165 -0.028364986 0.000649706 -0.063307816 0.997590660
1706584559.372242451 18.270682193 -3.437185405 -0.133970585 -0.023300473 -0.001062111 -0.069727750 0.997293337
1706584559.472172976 18.343980765 -3.450317129 -0.123910651 -0.022943035 -0.001708363 -0.077341951 0.996739144
1706584559.570907831 18.399605418 -3.453278521 -0.114175466 -0.027891341 -0.004045827 -0.084412671 0.996032231
1706584559.669610739 18.479112123 -3.470086067 -0.122359641 -0.031272040 0.001078275 -0.089559708 0.995489807
1706584559.772412062 18.553997000 -3.485198896 -0.119880793 -0.032701252 0.002849734 -0.097236778 0.994719818
1706584559.872251272 18.639959613 -3.502913579 -0.118475932 -0.037183059 0.005238268 -0.106133973 0.993642572
1706584559.972220659 18.724010850 -3.536823361 -0.126165229 -0.035485750 0.007445188 -0.112643734 0.992973675
1706584560.071223259 18.810603430 -3.568033300 -0.128709100 -0.031194127 0.010940872 -0.120560431 0.992155435
1706584560.172579050 18.885197888 -3.585583744 -0.118240569 -0.032156338 0.011277003 -0.127785136 0.991216302
1706584560.272402763 18.958162299 -3.602459102 -0.116008122 -0.042746194 0.011782894 -0.136072666 0.989706096
1706584560.372249603 19.039554056 -3.623356765 -0.116318744 -0.050304599 0.010078061 -0.143998932 0.988247028
1706584560.472876787 19.121310535 -3.647632754 -0.113189735 -0.051268898 0.010618459 -0.148497539 0.987525812
1706584560.572715282 19.201247492 -3.688994058 -0.119240522 -0.046553181 0.006397191 -0.153987866 0.986954718
1706584560.672573805 19.274419692 -3.724754506 -0.122605588 -0.042633418 0.003363775 -0.157663252 0.986566458
1706584560.771809340 19.359255225 -3.759492401 -0.122959749 -0.043677702 0.008663702 -0.161266731 0.985905797
1706584560.870549679 19.436342437 -3.786283064 -0.115663671 -0.045185972 0.005935252 -0.165182198 0.985209542
1706584560.969311476 19.500502342 -3.838495537 -0.120362188 -0.038476214 0.005533456 -0.167983486 0.985023101
1706584561.072731495 19.586633553 -3.875833661 -0.121105849 -0.035429771 0.009056404 -0.170652541 0.984652438
1706584561.172566414 19.673505963 -3.905007062 -0.124230195 -0.032648917 0.012142072 -0.171085909 0.984640153
1706584561.272403002 19.748590915 -3.934270889 -0.122372378 -0.029333402 0.009401899 -0.171030964 0.984784020
1706584561.372246265 19.821130704 -3.971836916 -0.131141840 -0.030870366 0.004066372 -0.172890338 0.984448788
1706584561.472890377 19.900005551 -3.996970309 -0.124614426 -0.035719531 0.002731123 -0.172854626 0.984295654
1706584561.572732210 19.964725505 -4.024370352 -0.125099407 -0.029465090 0.001501685 -0.173588765 0.984376195
1706584561.672569990 20.033088490 -4.072352222 -0.135010145 -0.022464796 0.003919213 -0.172949934 0.984666590
1706584561.772406816 20.107899231 -4.105554921 -0.135574384 -0.023750157 0.001739694 -0.174677240 0.984337729
1706584561.871968985 20.193648790 -4.121066282 -0.128484454 -0.032367401 0.001039150 -0.176554583 0.983757974
1706584561.972861767 20.269184754 -4.152551769 -0.122069377 -0.032215099 0.009380283 -0.178631800 0.983343723
1706584562.071574926 20.335074758 -4.187012105 -0.130709818 -0.027656161 0.007868839 -0.186067516 0.982116132
1706584562.170326948 20.395321026 -4.221207011 -0.122328193 -0.022999527 0.009651819 -0.188764598 0.981705552
1706584562.269102335 20.456409940 -4.247913762 -0.123765643 -0.016981289 0.011428698 -0.190799021 0.981415689
1706584562.372254372 20.509430185 -4.275496237 -0.120470535 -0.011411875 0.006270073 -0.191937239 0.981320820
1706584562.472900152 20.568544994 -4.294544581 -0.121674500 -0.018513940 0.004162241 -0.194130966 0.980792066
1706584562.572734833 20.636425989 -4.314520233 -0.118287263 -0.024250074 0.003828803 -0.191268460 0.981230682
1706584562.672574759 20.709834272 -4.353524620 -0.128959998 -0.019371298 0.001991069 -0.184844523 0.982574827
1706584562.772407532 20.781003305 -4.386674336 -0.126901036 -0.015487658 -0.001741713 -0.178226755 0.983866009
1706584562.872244596 20.866661400 -4.417226257 -0.136929125 -0.015620747 0.002475798 -0.174423939 0.984543626
1706584562.972882032 20.961246676 -4.448943663 -0.140798256 -0.016381535 0.008548660 -0.168091455 0.985598208
1706584563.072505713 21.052323839 -4.481872106 -0.140473842 -0.014162805 0.012326925 -0.162156558 0.986586394
1706584563.172547340 21.147016562 -4.516603838 -0.136348828 -0.018631044 0.019524488 -0.156444470 0.987317987
1706584563.272378922 21.239181987 -4.544948094 -0.134267126 -0.016135033 0.021547495 -0.148493613 0.988546920
1706584563.371327162 21.333026035 -4.562713874 -0.129029283 -0.015629809 0.023715686 -0.144233041 0.989136040
1706584563.470146894 21.413831941 -4.590726576 -0.130822841 -0.012947849 0.019916286 -0.138844084 0.990029300
1706584563.572668552 21.498906644 -4.616310499 -0.137305942 -0.013647893 0.010650006 -0.133144421 0.990945445
1706584563.672514439 21.585953569 -4.639251185 -0.141949558 -0.011980960 0.008214160 -0.127085053 0.991785447
1706584563.772351503 21.670402938 -4.672744421 -0.148784882 -0.011007554 0.007305354 -0.125181952 0.992045838
1706584563.872600317 21.753868019 -4.694526558 -0.153890858 -0.009883039 0.010332605 -0.125659391 0.991970403
1706584563.972451448 21.841271078 -4.708884808 -0.155596099 -0.011425258 0.009611218 -0.125171561 0.992022766
1706584564.072279215 21.910059619 -4.733716922 -0.156781566 -0.014340413 0.009519062 -0.125589053 0.991933027
1706584564.172913074 21.982915418 -4.766585283 -0.157549544 -0.007955071 0.011067507 -0.126757209 0.991840127
1706584564.272739649 22.058611573 -4.792093392 -0.162080341 -0.004425640 0.013867689 -0.128236870 0.991636731
1706584564.372567654 22.137313233 -4.808771613 -0.165956860 -0.007987616 0.013739304 -0.127277808 0.991739779
1706584564.472407818 22.209990984 -4.831561064 -0.165545055 -0.006053816 0.009354784 -0.125349897 0.992050020
1706584564.572260618 22.284746344 -4.861273546 -0.168754650 -0.003738253 0.007270184 -0.122558713 0.992427595
1706584564.671307564 22.362713454 -4.868381029 -0.162774110 -0.012305035 0.007374927 -0.120309562 0.992632765
1706584564.770152807 22.447498204 -4.874578819 -0.163427016 -0.017354828 0.006299590 -0.112878446 0.993437256
1706584564.872570992 22.537063476 -4.901760417 -0.172219933 -0.009372163 0.005017955 -0.105291370 0.994384589
1706584564.972404957 22.615541497 -4.920498826 -0.173649473 -0.007661557 -0.000927003 -0.101012086 0.994855266
1706584565.072249413 22.701733522 -4.937820938 -0.165490517 -0.008592952 -0.002730792 -0.098870813 0.995059429
1706584565.172872543 22.796942627 -4.958032303 -0.167724341 -0.011374451 -0.000464499 -0.096500915 0.995267793
1706584565.272721529 22.891146882 -4.967197025 -0.161044464 -0.018600256 0.007186885 -0.096401829 0.995142737
1706584565.372565985 22.974820379 -4.978765195 -0.162080552 -0.023978102 0.006024678 -0.095372531 0.995134581
1706584565.472412348 23.072682271 -5.001136149 -0.162203133 -0.021596738 0.009192407 -0.092942235 0.995394807
1706584565.572246313 23.172482049 -5.031224461 -0.169287251 -0.011738840 0.015648806 -0.093797816 0.995399058
1706584565.672893524 23.268969514 -5.049612815 -0.174415418 -0.010649891 0.019884551 -0.095563070 0.995167767
1706584565.772732735 23.362729022 -5.068830461 -0.178301873 -0.011971726 0.026268139 -0.099763516 0.994592330
1706584565.872151852 23.455942642 -5.080427407 -0.180535723 -0.023210468 0.031099791 -0.103911086 0.993829243
1706584565.970934629 23.543939392 -5.102567711 -0.178946795 -0.026959420 0.036044326 -0.106800314 0.993261138
1706584566.069869518 23.622829600 -5.123905948 -0.185431144 -0.027576076 0.034073406 -0.112089252 0.992730861
1706584566.172900200 23.690960481 -5.151503126 -0.172092054 -0.014290020 0.019338070 -0.118517445 0.992660793
1706584566.272735119 23.753775958 -5.184539556 -0.177371415 -0.016215456 0.007239905 -0.126078404 0.991861320
1706584566.372573376 23.839304969 -5.197459808 -0.175537692 -0.017934420 0.006322399 -0.131732342 0.991102908
1706584566.472409964 23.913884367 -5.205565539 -0.172205876 -0.040918501 0.001538363 -0.140942182 0.989170668
1706584566.572246075 23.988648593 -5.205785328 -0.162465407 -0.060460135 0.003494576 -0.149350557 0.986927946
1706584566.672908068 24.063675891 -5.228064690 -0.167055634 -0.066103198 0.010627144 -0.158622426 0.985066676
1706584566.772720814 24.129470329 -5.272160358 -0.173831997 -0.057108344 0.014635185 -0.164312381 0.984645058
1706584566.872573853 24.180373030 -5.324962855 -0.179666222 -0.034192096 0.017266242 -0.167583727 0.985113431
1706584566.972414017 24.240534071 -5.368551406 -0.185500850 -0.016602820 0.018957389 -0.170703495 0.985000142
1706584567.072243929 24.315730063 -5.405635638 -0.188801894 -0.018554012 0.018975424 -0.176976510 0.983857203
1706584567.172151804 24.388940013 -5.436985148 -0.186993421 -0.028631489 0.016606553 -0.183577787 0.982447788
1706584567.271042347 24.475010932 -5.473258051 -0.188504900 -0.032303515 0.018776675 -0.189561459 0.981157670
1706584567.370060205 24.559307970 -5.507636459 -0.192424272 -0.028213384 0.017208207 -0.190951098 0.981043098
1706584567.472406626 24.651164050 -5.548093770 -0.200190927 -0.024901351 0.017834320 -0.189240291 0.981452990
1706584567.572262764 24.741760702 -5.582754936 -0.199871249 -0.026926914 0.024502692 -0.186058467 0.981863945
1706584567.672888517 24.842231716 -5.614274882 -0.200537837 -0.025933896 0.026394342 -0.176578759 0.983590725
1706584567.772740602 24.938389934 -5.648255822 -0.207661863 -0.026175061 0.033565905 -0.168108320 0.984849120
1706584567.872583389 25.037368076 -5.674721159 -0.205976375 -0.026317400 0.034251987 -0.161464728 0.985932725
1706584567.972157478 25.125027272 -5.699987106 -0.203397381 -0.023245634 0.035921332 -0.156449010 0.986758839
1706584568.070715666 25.185558493 -5.727503576 -0.210654845 -0.021427950 0.026083305 -0.154648900 0.987392638
1706584568.172910690 25.255021065 -5.751132072 -0.219442272 -0.017261985 0.023480648 -0.155103825 0.987468221
1706584568.272758007 25.321180493 -5.760500941 -0.231945289 -0.027573687 0.018980915 -0.159614184 0.986611742
1706584568.372595549 25.379410352 -5.785112508 -0.227901097 -0.038707286 0.014491393 -0.164314140 0.985541784
1706584568.472108841 25.433098088 -5.812618394 -0.221486017 -0.043725250 0.012727882 -0.169870200 0.984413642
1706584568.571152210 25.484903578 -5.848168917 -0.214817347 -0.041639837 0.006862107 -0.174739574 0.983709874
1706584568.672923088 25.545139685 -5.889715941 -0.227691485 -0.032712112 0.003047879 -0.175014023 0.984017642
1706584568.772774220 25.601899809 -5.926146158 -0.221886802 -0.017514290 0.002637498 -0.174383497 0.984518506
1706584568.872627020 25.663984150 -5.957288805 -0.220347980 -0.014582610 -0.001992346 -0.176262690 0.984233124
1706584568.972453117 25.743876310 -5.984900111 -0.224506046 -0.018975532 -0.000834517 -0.178588320 0.983740537
1706584569.072293758 25.816479388 -6.012244406 -0.229990349 -0.019613598 0.002500984 -0.181677377 0.983159388
1706584569.172525406 25.891335412 -6.049793805 -0.231616056 -0.016940576 0.009790795 -0.183963659 0.982738281
1706584569.271822691 25.969761580 -6.089014045 -0.231312249 -0.015002408 0.013089234 -0.183275849 0.982859890
1706584569.370315790 26.047260817 -6.122265253 -0.233590201 -0.011322301 0.015397424 -0.178698279 0.983718278
1706584569.468888760 26.123056163 -6.152875466 -0.233421671 -0.001911298 0.016975834 -0.171811143 0.984981776
1706584569.572675228 26.203435171 -6.173870109 -0.244670416 -0.000160166 0.019480118 -0.164306996 0.986216868
1706584569.672510147 26.273912194 -6.189105973 -0.237761562 -0.004691217 0.014707322 -0.156894287 0.987494744
1706584569.772342920 26.339303645 -6.217000150 -0.241685701 -0.005092989 0.011139509 -0.147873630 0.988930413
1706584569.871690750 26.405825245 -6.242702629 -0.244296861 -0.002141905 0.009047579 -0.139607132 0.990163321
1706584569.972431421 26.480024209 -6.272761878 -0.247621857 0.003561538 0.006421128 -0.133249896 0.991055271
1706584570.072268963 26.553686376 -6.293446285 -0.245126709 0.005451743 0.008753741 -0.129389328 0.991540242
1706584570.172901630 26.626831064 -6.308910501 -0.251459952 0.003089302 0.006568248 -0.127712284 0.991784698
1706584570.272734880 26.699080659 -6.326136139 -0.263606162 0.005936237 0.006782070 -0.124524646 0.992175578
1706584570.372566462 26.772236657 -6.341372908 -0.260845458 0.003954485 0.010503273 -0.119078187 0.992821449
1706584570.472401857 26.867901366 -6.356754061 -0.265992393 0.004769741 0.013954004 -0.112681559 0.993521717
1706584570.571348667 26.946571545 -6.367012709 -0.258431880 -0.000926266 0.013936825 -0.105239949 0.994348762
1706584570.669896603 27.032065147 -6.367126664 -0.257818232 0.000055289 0.018108721 -0.099637765 0.994858978
1706584570.772695303 27.121282865 -6.388708549 -0.262941838 0.003880217 0.022032751 -0.093907187 0.995329565
1706584570.872534275 27.203036553 -6.410887156 -0.271172657 0.005005034 0.020179441 -0.087128637 0.995980090
1706584570.972382069 27.285077892 -6.435124299 -0.282755233 0.010544609 0.019832446 -0.081402908 0.996428147
1706584571.071635962 27.369050654 -6.452276900 -0.280628105 0.013214026 0.018243807 -0.074854405 0.996940004
1706584571.172858715 27.443829252 -6.461910598 -0.281769926 0.009477596 0.017511645 -0.071997931 0.997206004
1706584571.272706747 27.532606979 -6.472936937 -0.274818804 0.000569175 0.016152253 -0.066397043 0.997662374
1706584571.372543812 27.614376160 -6.472660329 -0.278891929 -0.000552675 0.011647583 -0.060154458 0.998120969
1706584571.472389221 27.701748951 -6.476518676 -0.286716617 -0.000618080 0.007684404 -0.054062684 0.998507784
1706584571.572235346 27.786126513 -6.476216772 -0.285005203 -0.006876497 0.006821549 -0.048105083 0.998795315
1706584571.672873497 27.873860874 -6.479193112 -0.280762670 -0.011741093 0.008775695 -0.041264149 0.999040742
1706584571.772454977 27.958006742 -6.486963313 -0.280096195 -0.012087490 0.009376182 -0.033648720 0.999316638
1706584571.871012211 28.043223498 -6.485880135 -0.286708764 -0.012403048 0.012233957 -0.025158996 0.999531650
1706584571.969641209 28.133647026 -6.490312529 -0.291729394 -0.003960483 0.011411580 -0.017821970 0.999768207
1706584572.072592497 28.220061391 -6.487620491 -0.296677436 -0.008690469 0.010610570 -0.009822774 0.999857692
1706584572.172422409 28.308403192 -6.478453577 -0.289472126 -0.019104427 0.012873814 -0.007568718 0.999705957
1706584572.271633148 28.399377241 -6.468348312 -0.286591825 -0.027425891 0.015385175 -0.009094053 0.999464064
1706584572.370303631 28.481350775 -6.474812486 -0.281115263 -0.029076112 0.015886907 -0.014487609 0.999345934
1706584572.472718954 28.551675705 -6.491814895 -0.287240278 -0.024672250 0.014747117 -0.025917588 0.999250760
1706584572.572566748 28.625682916 -6.502117586 -0.286442961 -0.023171399 0.015783479 -0.038530644 0.998864034
1706584572.672411919 28.687551942 -6.518167532 -0.284141915 -0.020918621 0.014041192 -0.050860822 0.998387917
1706584572.772255659 28.752521296 -6.544009096 -0.281652182 -0.022478276 0.014096019 -0.061599519 0.997748229
1706584572.872888565 28.832748155 -6.559875095 -0.279200330 -0.021810382 0.009647420 -0.071011049 0.997190386
1706584572.972728729 28.910062157 -6.570332231 -0.291401691 -0.025092301 0.008888239 -0.077278067 0.996654141
1706584573.072076797 28.982994087 -6.582665163 -0.289098674 -0.022623057 0.004378378 -0.082681260 0.996309609
1706584573.170659781 29.050032783 -6.600063868 -0.296404381 -0.025178867 0.005410374 -0.088206108 0.995769268
1706584573.269302130 29.115460045 -6.613507283 -0.291585900 -0.027620131 0.004707868 -0.094231580 0.995155954
1706584573.372918367 29.200924827 -6.631240202 -0.295052870 -0.029550196 0.005437960 -0.099475792 0.994586236
1706584573.472754478 29.285367615 -6.660061085 -0.298683772 -0.026262035 0.006168899 -0.105189647 0.994086208
1706584573.571998119 29.376218209 -6.680712723 -0.292974126 -0.026967923 0.008295460 -0.112163596 0.993289104
1706584573.670776129 29.453867941 -6.712539008 -0.286706722 -0.028040023 0.005518654 -0.120651180 0.992283525
1706584573.772311211 29.518765233 -6.744444414 -0.282835993 -0.025785953 -0.002144633 -0.129770587 0.991206376
1706584573.872559071 29.590026963 -6.783137112 -0.281682799 -0.023252493 -0.001620974 -0.137124129 0.990279590
1706584573.972396374 29.675146905 -6.814259400 -0.290429041 -0.022606266 -0.004686681 -0.144903535 0.989176404
1706584574.072231054 29.746060260 -6.842760315 -0.291375603 -0.028245825 -0.006902488 -0.150573609 0.988171097
1706584574.172857523 29.816304872 -6.870792262 -0.285768120 -0.030791994 -0.004352426 -0.157170082 0.987081797
1706584574.272688627 29.891936881 -6.907948954 -0.282344706 -0.031311969 -0.003724930 -0.161182998 0.986420664
1706584574.371690989 29.965226385 -6.952574933 -0.278920025 -0.017974387 0.002431029 -0.165240315 0.986086533
1706584574.470331907 30.030843333 -7.001460515 -0.289427505 -0.003165122 0.000666699 -0.167990903 0.985783239
1706584574.568951607 30.106560913 -7.036319914 -0.298006293 0.002588084 0.003094895 -0.174665109 0.984619634
1706584574.672863007 30.193579498 -7.062618535 -0.289137718 -0.004639701 0.005859884 -0.180599340 0.983528349
1706584574.772693872 30.278822829 -7.085247688 -0.289654306 -0.010551914 0.009544106 -0.187620824 0.982138480
1706584574.872539759 30.380249948 -7.121268940 -0.293057194 -0.015521881 0.015102777 -0.193000040 0.980959715
1706584574.972378492 30.469441851 -7.165211040 -0.298094565 -0.013616237 0.018455205 -0.195110410 0.980513096
1706584575.072225094 30.552820105 -7.218172611 -0.304081652 -0.010586818 0.020066103 -0.198315410 0.979875639
1706584575.172820091 30.651681804 -7.258939071 -0.303596268 -0.011759552 0.020788464 -0.198394450 0.979831207
1706584575.272662640 30.746335476 -7.298394552 -0.300951353 -0.009837614 0.022846359 -0.194948277 0.980498054
1706584575.372534037 30.829208989 -7.333736923 -0.297521463 -0.009124613 0.022028467 -0.193002136 0.980908591
1706584575.472370625 30.903475184 -7.366817270 -0.303733614 -0.004886506 0.017943037 -0.189389475 0.981725927
1706584575.572212696 30.975112769 -7.407643750 -0.307175961 0.000283670 0.013572613 -0.185732186 0.982506620
1706584575.671219826 31.042004586 -7.447301925 -0.313718687 0.002376612 0.012361743 -0.185491967 0.982565147
1706584575.769866228 31.112135335 -7.470063051 -0.311287661 -0.001675078 0.012094932 -0.185743963 0.982522309
1706584575.868582487 31.177805692 -7.488539231 -0.306294974 -0.008284354 0.008598250 -0.183527872 0.982941992
1706584575.972365856 31.231692271 -7.518451767 -0.303959159 -0.004216351 0.006642571 -0.180297240 0.983580705
1706584576.072597027 31.285048967 -7.540776160 -0.309995630 -0.000244350 -0.000412814 -0.176642372 0.984274983
1706584576.172452688 31.334171199 -7.557392664 -0.310073539 -0.002975022 0.000356473 -0.173324441 0.984860224
1706584576.272271872 31.404494529 -7.589443214 -0.314456410 -0.005137385 -0.003640283 -0.169348641 0.985536094
1706584576.372914314 31.471297520 -7.610863463 -0.316028456 -0.003299977 -0.003413210 -0.168459160 0.985697201
1706584576.472740173 31.549538202 -7.632553393 -0.319687026 -0.006009485 -0.006329994 -0.164991758 0.986256324
1706584576.571888685 31.630811188 -7.661425516 -0.318823321 -0.007856716 -0.004471828 -0.164135736 0.986396338
1706584576.672403574 31.728972523 -7.686514123 -0.314142189 -0.008096858 -0.004784692 -0.159516749 0.987150421
1706584576.772247314 31.819516932 -7.725234856 -0.317217387 -0.004325249 -0.003054665 -0.157614738 0.987486484
1706584576.872392416 31.901421710 -7.753431689 -0.310694905 -0.003379933 -0.004459222 -0.154607016 0.987960203
1706584576.971089602 31.981862943 -7.765515655 -0.306577791 -0.008433960 -0.005539344 -0.153927299 0.988030653
1706584577.069728374 32.069513608 -7.781803686 -0.298526737 -0.010634585 -0.004715049 -0.152019945 0.988308965
1706584577.172414541 32.153115139 -7.814827518 -0.299805797 -0.011530659 -0.004525432 -0.148194496 0.988880658
1706584577.272253275 32.234163901 -7.845305803 -0.294694938 -0.011959389 -0.002492504 -0.147410406 0.988999966
1706584577.372882843 32.307860792 -7.873430465 -0.293235749 -0.002294277 -0.000223229 -0.146567679 0.989197959
1706584577.472726583 32.374810120 -7.906612204 -0.293692217 -0.000182320 -0.002369855 -0.147201402 0.989103684
1706584577.572557211 32.441304219 -7.942340895 -0.301626881 0.005886085 -0.001797135 -0.147308081 0.989071511
1706584577.672389269 32.513642507 -7.965772627 -0.312115104 0.006214807 -0.006239814 -0.148886648 0.988815052
1706584577.772231340 32.584574802 -7.991342553 -0.318152318 0.005261174 -0.007392634 -0.150072418 0.988633369
1706584577.872858763 32.661461812 -8.019162290 -0.319891399 -0.000919119 -0.009205411 -0.150737065 0.988530603
1706584577.972704172 32.749012207 -8.050996833 -0.315204393 -0.000223401 -0.007948964 -0.149913736 0.988667101
1706584578.072553158 32.825172438 -8.083522132 -0.311566101 0.004813198 -0.011496084 -0.148965616 0.988763833
1706584578.172092438 32.902883136 -8.102693101 -0.302613507 0.007165718 -0.009675206 -0.147678029 0.988962205
1706584578.270787239 32.983182078 -8.125752655 -0.301358614 0.005755925 -0.010194167 -0.145989128 0.989216924
1706584578.369448900 33.060143968 -8.160954272 -0.300040241 0.010743519 -0.007313265 -0.144994563 0.989347093
1706584578.472735643 33.126838924 -8.183745130 -0.286632574 0.012469932 -0.006311438 -0.144849007 0.989355058
1706584578.572567940 33.199140676 -8.209869188 -0.283830507 0.007612805 -0.007138539 -0.141685105 0.989856766
1706584578.672418594 33.276075806 -8.233334302 -0.292086444 0.010342383 -0.010299233 -0.136108352 0.990586431
1706584578.772261858 33.349002539 -8.251228270 -0.288122453 0.014965564 -0.010065917 -0.132339357 0.991040364
1706584578.872908831 33.428896114 -8.275223330 -0.291994367 0.018544489 -0.006098502 -0.129521265 0.991384462
1706584578.972743034 33.512989578 -8.302391729 -0.293388206 0.026022751 -0.001794112 -0.125842953 0.991707189
1706584579.072582245 33.597720328 -8.335426206 -0.294920232 0.034220067 0.001715501 -0.121163674 0.992041031
1706584579.172424078 33.683616295 -8.365239425 -0.296496708 0.037624303 0.004652251 -0.115755461 0.992553999
1706584579.272256851 33.754086069 -8.385454516 -0.291721029 0.038711520 -0.000090800 -0.109842370 0.993194877
1706584579.372862816 33.843129710 -8.392525922 -0.281474562 0.032882033 0.002024514 -0.105591163 0.993863763
1706584579.471693039 33.924339721 -8.394856907 -0.275217132 0.027166089 0.002962203 -0.098365610 0.994775068
1706584579.570436478 34.000013271 -8.421715170 -0.280891573 0.029186016 0.001898459 -0.088249948 0.995668880
1706584579.669222355 34.078030759 -8.450058328 -0.285035871 0.040250945 -0.001000575 -0.079130494 0.996050815
1706584579.772246361 34.167129435 -8.461147915 -0.300236302 0.047531589 -0.002653624 -0.070556815 0.996371137
1706584579.872884750 34.247850735 -8.466658920 -0.299609595 0.044589339 0.000415139 -0.063995076 0.996953484
1706584579.972543240 34.332036295 -8.474989542 -0.297727873 0.039161576 0.008945466 -0.059402230 0.997425548
1706584580.072560549 34.410669260 -8.469335306 -0.303868642 0.030279918 0.007083246 -0.052086335 0.998158288
1706584580.172420979 34.496884058 -8.465391318 -0.296670067 0.021488002 0.006301431 -0.044667719 0.998750896
1706584580.272268057 34.581018924 -8.468347687 -0.283975149 0.018350182 0.006127699 -0.036775600 0.999136266
1706584580.372906923 34.669144115 -8.468206686 -0.274070380 0.019646855 0.001995566 -0.031163355 0.999319200
1706584580.472739220 34.754837696 -8.459777201 -0.264550516 0.011528190 -0.000179615 -0.024120664 0.999642567
1706584580.572584629 34.840384716 -8.460755096 -0.266382120 0.010983572 -0.006628701 -0.017704622 0.999760955
1706584580.672420502 34.912020386 -8.468953095 -0.263923046 0.008360103 -0.004113650 -0.014778521 0.999847379
1706584580.771562576 34.989061673 -8.473771488 -0.266966887 0.003133776 -0.005534004 -0.015931377 0.999852862
1706584580.870265245 35.057615725 -8.466139476 -0.266603506 -0.008285773 -0.003464954 -0.019883012 0.999761975
1706584580.969003201 35.131758865 -8.464965006 -0.276292805 -0.006674402 0.000662751 -0.022085049 0.999733596
1706584581.072591543 35.212484850 -8.473192662 -0.280764632 0.000279712 0.003481480 -0.027350022 0.999619816
1706584581.172433615 35.288452607 -8.476231212 -0.279949959 -0.007737119 0.005920714 -0.031452134 0.999457776
1706584581.271547794 35.375253188 -8.483531694 -0.284243847 -0.006112580 0.006782456 -0.036895170 0.999277429
1706584581.372906923 35.453104690 -8.491809442 -0.260819385 -0.000003979 0.001629966 -0.041971676 0.999117471
1706584581.472743988 35.535143570 -8.495232797 -0.254799897 -0.009103804 0.002763488 -0.048678001 0.998769211
1706584581.572483778 35.623064446 -8.499704214 -0.250144048 -0.012625857 0.002827575 -0.055172099 0.998393025
1706584581.672407150 35.700565205 -8.518770073 -0.266780096 -0.016683836 -0.002079426 -0.060323936 0.998037248
1706584581.772238493 35.776441291 -8.537077832 -0.270188672 -0.014421438 -0.004332851 -0.067219994 0.997624539
1706584581.872851610 35.836928024 -8.544707639 -0.270521745 -0.018226007 -0.002895395 -0.073823155 0.997100582
1706584581.972486496 35.916560427 -8.568533076 -0.262997635 -0.017171136 0.001534655 -0.076470471 0.996922797
1706584582.071202517 35.990084953 -8.594361185 -0.266979264 -0.010311885 0.003967926 -0.081309649 0.996627644
1706584582.169973373 36.064130832 -8.615770748 -0.269117408 -0.004578572 0.001525980 -0.086858403 0.996208977
1706584582.268763304 36.148850142 -8.638862024 -0.261407997 -0.004867856 0.003318948 -0.089672956 0.995953839
1706584582.372881413 36.236955641 -8.661438217 -0.253164915 -0.001710087 0.000373872 -0.087615636 0.996152818
1706584582.472722530 36.290411620 -8.673122524 -0.262558275 -0.004156872 -0.015717529 -0.085342886 0.996218988
1706584582.572028160 36.338407047 -8.691143594 -0.240816741 -0.010603091 -0.023913427 -0.086998693 0.995864926
1706584582.672404528 36.431231263 -8.706023574 -0.233516106 -0.009022782 -0.004854996 -0.096663455 0.995264384
1706584582.772257805 36.511225307 -8.720927860 -0.226852681 -0.019907756 0.000680727 -0.099513335 0.994836828
1706584582.872030973 36.597013349 -8.739261493 -0.245230359 -0.012339809 -0.005800678 -0.100077768 0.994886185
1706584582.972774506 36.690803800 -8.760468429 -0.254270938 -0.012565678 -0.003520015 -0.100980686 0.994802802
1706584583.072605133 36.764513806 -8.775206439 -0.263413639 -0.016571299 0.002761371 -0.103674366 0.994469403
1706584583.172456264 36.851323796 -8.788143362 -0.258815080 -0.017923696 0.017673213 -0.105077969 0.994145371
1706584583.272168636 36.938465441 -8.802492607 -0.255495403 -0.021121842 0.007164786 -0.105213098 0.994199546
1706584583.371103525 37.000528237 -8.815295538 -0.248925753 -0.030636491 -0.008255011 -0.102049153 0.994273217
1706584583.469785690 37.084772544 -8.832083527 -0.246007969 -0.026308987 -0.001624556 -0.099174535 0.994720870
1706584583.572585106 37.165219506 -8.848609089 -0.240718990 -0.022991515 -0.002963017 -0.097369822 0.994978255
1706584583.672419548 37.255459451 -8.862367408 -0.235014358 -0.022958957 -0.003830801 -0.095489073 0.995158303
1706584583.772257566 37.324906918 -8.870775775 -0.223714673 -0.024452581 -0.003455307 -0.092291585 0.995425736
1706584583.872898340 37.402969824 -8.886607899 -0.230673770 -0.023063212 -0.004305050 -0.089529185 0.995707829
1706584583.972728491 37.471936495 -8.901956846 -0.228436265 -0.021121049 -0.008800686 -0.088116197 0.995847370
1706584584.072583914 37.552850780 -8.917280319 -0.223779187 -0.025237904 -0.002072373 -0.086995002 0.995886853
1706584584.172159672 37.639887028 -8.937264211 -0.219948357 -0.027167894 -0.006242407 -0.083412152 0.996125168
1706584584.272068501 37.716939898 -8.950776463 -0.220665203 -0.023922950 -0.008023907 -0.081628628 0.996343353
1706584584.372895956 37.799636257 -8.966136185 -0.216378029 -0.029282616 -0.003895141 -0.080041436 0.996353715
1706584584.472744226 37.879277633 -8.984030032 -0.222543507 -0.024134020 -0.003219582 -0.077400410 0.996702744
1706584584.572070122 37.951227728 -9.008126170 -0.222677353 -0.023609139 0.000003600 -0.076152745 0.996816617
1706584584.670842886 38.034344977 -9.018414208 -0.214998833 -0.020434791 0.001341376 -0.073819786 0.997061312
1706584584.769683361 38.102842541 -9.025073064 -0.213655262 -0.020093180 0.000265990 -0.072589292 0.997159460
1706584584.872906208 38.190169806 -9.032304852 -0.213113879 -0.023964489 0.002068111 -0.072802555 0.997056274
1706584584.972733974 38.280413805 -9.048055548 -0.210206555 -0.021013926 0.005608724 -0.072298213 0.997145890
1706584585.072583199 38.360741136 -9.055030471 -0.209621269 -0.025427921 0.005771233 -0.071549316 0.997096189
1706584585.172415733 38.434380806 -9.070834726 -0.214758282 -0.021220467 0.005583561 -0.070467356 0.997272715
1706584585.272250891 38.508634242 -9.088731132 -0.219796806 -0.021851903 0.003053582 -0.071290085 0.997211559
1706584585.372892618 38.589790785 -9.108282345 -0.223121867 -0.018970216 -0.001193299 -0.071506530 0.997259005
1706584585.472014189 38.652217885 -9.119085051 -0.219371487 -0.020450620 -0.001726507 -0.072710416 0.997141909
1706584585.570174456 38.722119017 -9.128044117 -0.208457832 -0.022702962 -0.001179340 -0.074721789 0.996945254
1706584585.672410011 38.784048135 -9.134446422 -0.194587151 -0.025329072 -0.003307138 -0.075693519 0.996803888
1706584585.772251129 38.847436780 -9.148823891 -0.198261106 -0.027818995 -0.006799107 -0.079050274 0.996459196
1706584585.871939182 38.912311650 -9.156096858 -0.190466189 -0.033139679 -0.007928775 -0.083869360 0.995893984
1706584585.970775366 38.990553856 -9.169122991 -0.190104491 -0.036690736 -0.008498382 -0.088444791 0.995368819
1706584586.069246769 39.072518158 -9.191669573 -0.192304575 -0.033647444 -0.005765165 -0.089895611 0.995365959
1706584586.172401667 39.149569829 -9.220865746 -0.189662580 -0.026901933 -0.006157524 -0.095285307 0.995067375
1706584586.272245884 39.220692692 -9.247655893 -0.189494511 -0.021665848 -0.009559607 -0.100036525 0.994701914
1706584586.372889996 39.300537223 -9.270586825 -0.195643984 -0.020437887 -0.005046420 -0.106150006 0.994127257
1706584586.472737789 39.374175270 -9.291290342 -0.194147255 -0.028458504 -0.004851074 -0.110813154 0.993421877
1706584586.572585583 39.461823369 -9.314322978 -0.195760658 -0.025962381 -0.005988269 -0.115441446 0.992956881
1706584586.672429800 39.533912924 -9.333560836 -0.193398024 -0.026306111 -0.005554474 -0.120868080 0.992304411
1706584586.771245956 39.598978284 -9.355482237 -0.191499954 -0.030765771 -0.006545487 -0.124825212 0.991680034
1706584586.869549751 39.661445761 -9.387771816 -0.187035791 -0.026774834 -0.009633099 -0.129113630 0.991221460
1706584586.972764254 39.720729695 -9.411996952 -0.190219323 -0.020584425 -0.012265239 -0.134640980 0.990604690
1706584587.072599411 39.789814087 -9.416974560 -0.192957811 -0.021908066 -0.018046485 -0.141371621 0.989549608
1706584587.171911001 39.859450233 -9.435076161 -0.183828775 -0.031565522 -0.014802811 -0.147188169 0.988493873
1706584587.270818710 39.935551956 -9.466228590 -0.179620476 -0.025120670 -0.013530274 -0.153404178 0.987751508
1706584587.372897625 40.021944239 -9.502499116 -0.179439104 -0.029863163 -0.009593101 -0.159463102 0.986705469
1706584587.472742796 40.107205161 -9.536014375 -0.175986406 -0.029607583 -0.007091406 -0.164447844 0.985915823
1706584587.572584152 40.180220611 -9.576015863 -0.182560294 -0.024936563 -0.004949435 -0.170261836 0.985070849
1706584587.672426224 40.255199028 -9.619287046 -0.183410756 -0.021428528 -0.007476220 -0.176680267 0.984006609
1706584587.772258759 40.335159694 -9.656070708 -0.180038521 -0.017921770 -0.005827166 -0.182372780 0.983048841
1706584587.872905493 40.412358914 -9.700531477 -0.174483534 -0.017499154 -0.007442074 -0.188883994 0.981815274
1706584587.971896172 40.487503813 -9.732275043 -0.168260495 -0.023387234 -0.010577885 -0.196176985 0.980232491
1706584588.070525169 40.562763988 -9.761029888 -0.160507176 -0.024203488 -0.012917965 -0.202277036 0.978943981
1706584588.169063568 40.619187911 -9.805621252 -0.161419327 -0.023381243 -0.015333616 -0.206142369 0.978122447
1706584588.272238016 40.679278533 -9.849337481 -0.168305538 -0.008533582 -0.024039313 -0.204911965 0.978447942
1706584588.372886181 40.750948039 -9.890955382 -0.161423227 -0.008147199 -0.026467865 -0.204040966 0.978570570
1706584588.472109795 40.814817931 -9.926710022 -0.159969787 -0.007345128 -0.028637309 -0.201392400 0.979064377
1706584588.571211100 40.887988718 -9.963840589 -0.157823104 -0.007373064 -0.027451167 -0.200960721 0.979186836
1706584588.672422647 40.961963206 -9.992579418 -0.151201504 -0.011670638 -0.024273883 -0.203884216 0.978624443
1706584588.772273540 41.024665184 -10.023391736 -0.145239847 -0.014287463 -0.022651022 -0.205324309 0.978327516
1706584588.872919083 41.092489006 -10.060124802 -0.145031669 -0.011307438 -0.020446084 -0.208242371 0.977798146
1706584588.972757339 41.167191511 -10.087936887 -0.142063923 -0.012285313 -0.017222137 -0.208184378 0.977860795
1706584589.072601557 41.247389767 -10.117483369 -0.132252172 -0.014976130 -0.014837731 -0.206621410 0.978193820
1706584589.172435999 41.328454879 -10.147557870 -0.126798944 -0.015180387 -0.015394868 -0.204075705 0.978716333
1706584589.271524906 41.407519662 -10.175173410 -0.119497586 -0.012331150 -0.018918850 -0.198955812 0.979748235
1706584589.370098829 41.487716213 -10.201613278 -0.115102553 -0.014685362 -0.019731721 -0.191602585 0.981164333
1706584589.472758055 41.558680499 -10.222370899 -0.108416217 -0.013989676 -0.017889455 -0.183259997 0.982802132
1706584589.572585106 41.625229630 -10.246481377 -0.106888419 -0.016023276 -0.019262844 -0.175971246 0.984076378
1706584589.672431946 41.695170215 -10.271777234 -0.104497637 -0.014603682 -0.017319279 -0.168928681 0.985367889
1706584589.772221327 41.773610182 -10.301111204 -0.106745620 -0.017415429 -0.019954402 -0.161363115 0.986539644
1706584589.872908592 41.857723761 -10.328979504 -0.097972218 -0.020765668 -0.018185910 -0.154900371 0.987544396
1706584589.972746611 41.934635406 -10.347015772 -0.089971815 -0.022887409 -0.016903377 -0.152759912 0.987853659
1706584590.072577238 42.000510970 -10.372073392 -0.085266323 -0.020169563 -0.015294415 -0.154627168 0.987648575
1706584590.172421932 42.085230648 -10.407804650 -0.087779576 -0.015842099 -0.013567219 -0.156108132 0.987519726
1706584590.272257090 42.166201674 -10.444211583 -0.088196577 -0.016833774 -0.014937727 -0.154803890 0.987688840
1706584590.372896433 42.245061614 -10.469664472 -0.088857697 -0.015916912 -0.013888159 -0.146327050 0.989010700
1706584590.472588062 42.319173336 -10.480591859 -0.088797051 -0.014662495 -0.010450199 -0.136287316 0.990505715
1706584590.571140766 42.398569582 -10.490475442 -0.091079021 -0.017464780 -0.010097407 -0.123850404 0.992095813
1706584590.669707298 42.452457721 -10.492135664 -0.090629015 -0.016685207 -0.007338471 -0.113309521 0.993392522
1706584590.772245169 42.508823050 -10.495475258 -0.086984650 -0.017097231 -0.008868617 -0.101392155 0.994660074
1706584590.872882366 42.554527090 -10.497458390 -0.074086955 -0.020689001 -0.007320544 -0.092230884 0.995495775
1706584590.972718954 42.568840626 -10.498728184 -0.063438169 -0.019464219 -0.009254686 -0.084561247 0.996185169
1706584591.071343422 42.594395260 -10.507257289 -0.067262599 -0.016413756 -0.007854538 -0.080939177 0.996552931
1706584591.172405720 42.617570015 -10.513245905 -0.062933977 -0.015600860 -0.008537740 -0.079841719 0.996648895
1706584591.272243023 42.651138109 -10.517344159 -0.065764052 -0.017286437 -0.010469910 -0.081636606 0.996457237
1706584591.372876167 42.695750907 -10.522215372 -0.067269888 -0.020588626 -0.009501968 -0.083477199 0.996251664
1706584591.472711086 42.752646978 -10.531357392 -0.076486993 -0.021758315 -0.010150073 -0.084892768 0.996100783
1706584591.572559118 42.829911985 -10.548442142 -0.074127541 -0.020748152 -0.010819553 -0.084679400 0.996133450
1706584591.672391176 42.916017311 -10.565495708 -0.064875881 -0.020561071 -0.010583856 -0.086634378 0.995971741
1706584591.772212982 42.999665895 -10.589288474 -0.067266355 -0.017563220 -0.013490726 -0.090408117 0.995658529
1706584591.870759249 43.091139331 -10.616173882 -0.059204938 -0.019764318 -0.011186631 -0.096237296 0.995099299
1706584591.969397783 43.180329647 -10.643348657 -0.045262226 -0.014954660 -0.014465579 -0.101664238 0.994601170
1706584592.072557211 43.281249196 -10.667459982 -0.040586326 -0.017823629 -0.012497367 -0.107659431 0.993949486
1706584592.172398329 43.381389208 -10.694151472 -0.044713731 -0.017797219 -0.012586221 -0.111569503 0.993517535
1706584592.272224903 43.469219633 -10.719387635 -0.049281420 -0.015046995 -0.010969470 -0.115855256 0.993091546
1706584592.372866392 43.550978235 -10.747914362 -0.049498251 -0.015776588 -0.014610331 -0.116108184 0.993003790
1706584592.472697735 43.627234406 -10.767946145 -0.043667670 -0.015830315 -0.017674953 -0.116454499 0.992912558
1706584592.572546721 43.690946211 -10.792472064 -0.048421567 -0.016380794 -0.015680227 -0.116654596 0.992913644
1706584592.672369719 43.773572856 -10.816235600 -0.043198385 -0.014385144 -0.014549434 -0.114340415 0.993230915
1706584592.772609949 43.863373544 -10.835307675 -0.041987872 -0.014622309 -0.014049482 -0.108092622 0.993933994
1706584592.872446537 43.966185357 -10.854726781 -0.037301028 -0.013145750 -0.006956263 -0.102633795 0.994608015
1706584592.972268105 44.063413592 -10.869009005 -0.038986238 -0.011146605 -0.006793467 -0.094807221 0.995410063
1706584593.071734190 44.148044292 -10.866974614 -0.042173984 -0.016927728 -0.001147175 -0.090441994 0.995757190
1706584593.170330524 44.229728969 -10.869849614 -0.035542690 -0.021994176 0.002313745 -0.084768597 0.996155203
1706584593.268977165 44.316780155 -10.891127405 -0.035256688 -0.021265204 0.003607089 -0.075401289 0.996919970
1706584593.372445583 44.400471715 -10.912718414 -0.027188093 -0.014187691 0.002193128 -0.067514576 0.997614997
1706584593.472275257 44.476846064 -10.924579089 -0.026844680 -0.016298728 0.001134140 -0.065258797 0.997734611
1706584593.571681738 44.549434988 -10.945908866 -0.025382132 -0.013081834 -0.000893729 -0.065762660 0.997749136
1706584593.672747374 44.610704331 -10.968349400 -0.028920491 -0.012182385 0.001691567 -0.070774348 0.997416523
1706584593.772578478 44.689141721 -10.979550820 -0.025383415 -0.015699083 0.002462631 -0.075553266 0.997015134
1706584593.872411728 44.754236870 -10.985523877 -0.024491269 -0.018259807 0.003473447 -0.078722658 0.996723260
1706584593.972249031 44.831039968 -10.991492631 -0.031119049 -0.019781929 -0.000272168 -0.081434678 0.996482310
1706584594.072890997 44.909402807 -10.999143567 -0.025094027 -0.020281710 0.002078449 -0.082727582 0.996363628
1706584594.172721148 44.990142730 -11.012875562 -0.021957420 -0.017626675 0.004788725 -0.080319189 0.996601824
1706584594.272569656 45.064165056 -11.029106213 -0.026420377 -0.017955635 -0.000761225 -0.075319261 0.996997505
1706584594.371393442 45.139915177 -11.042031207 -0.025369918 -0.016788389 -0.000472781 -0.072120533 0.997254509
1706584594.470028639 45.201419534 -11.053043692 -0.027011524 -0.018745853 0.001356731 -0.070103171 0.997362671
1706584594.572896242 45.278362646 -11.068153859 -0.026797098 -0.016152360 0.001071012 -0.067775847 0.997569240
1706584594.672742605 45.346041179 -11.083447562 -0.030909948 -0.018466209 0.003299001 -0.067594388 0.997536523
1706584594.772566080 45.419714920 -11.091023388 -0.025995368 -0.024031758 0.003980336 -0.066853204 0.997465428
1706584594.871220350 45.493588006 -11.102088818 -0.027321498 -0.021832913 0.003147504 -0.066049592 0.997572488
1706584594.969988823 45.561999390 -11.117797166 -0.031001337 -0.018625004 0.003182706 -0.069548329 0.997399624
1706584595.072882652 45.642218195 -11.129599917 -0.027752189 -0.019685306 0.006422693 -0.072126006 0.997180564
1706584595.172731876 45.724197073 -11.138224286 -0.026445925 -0.023178532 0.006758519 -0.074184073 0.996952256
1706584595.272567272 45.790824183 -11.147226380 -0.024641980 -0.023584663 0.005694091 -0.077787506 0.996674694
1706584595.372406721 45.869749583 -11.153579216 -0.022386337 -0.030063649 0.003934312 -0.080945786 0.996257235
1706584595.472248316 45.936921880 -11.168578770 -0.021671003 -0.028107279 0.003718346 -0.084766289 0.995997405
1706584595.572417259 46.002043177 -11.192518750 -0.023979314 -0.025745535 -0.002215170 -0.087563146 0.995823757
1706584595.671059370 46.071715236 -11.206530132 -0.022731206 -0.024841694 -0.002539924 -0.090254621 0.995605616
1706584595.769711018 46.144915967 -11.229749706 -0.021219297 -0.023655866 -0.002465334 -0.093591742 0.995326533
1706584595.872370958 46.218881148 -11.254812956 -0.020103298 -0.022493254 -0.002768153 -0.098305894 0.994898157
1706584595.972213984 46.291237401 -11.271984308 -0.020135896 -0.023035400 -0.003773933 -0.103561660 0.994349089
1706584596.072556496 46.357587626 -11.275014363 -0.018259682 -0.031778481 -0.002258056 -0.110328422 0.993384452
1706584596.171311855 46.415772438 -11.281111740 -0.022942491 -0.039071173 -0.001409880 -0.115710400 0.992513254
1706584596.272544146 46.477352886 -11.303634146 -0.025236458 -0.037256384 0.001653632 -0.119016887 0.992191619
1706584596.372390032 46.538272233 -11.333007055 -0.027396656 -0.034628123 -0.001258231 -0.123892017 0.991690515
1706584596.472223997 46.617828272 -11.362497253 -0.026375855 -0.032299009 0.001051439 -0.129710523 0.991025150
1706584596.572862148 46.679385931 -11.397381437 -0.025203627 -0.032538833 0.001493278 -0.134368376 0.990395948
1706584596.672706842 46.754544784 -11.428296124 -0.021924396 -0.027828282 0.000089028 -0.139116634 0.989884913
1706584596.772546053 46.812481897 -11.448868732 -0.017133070 -0.029384066 -0.005277366 -0.145152364 0.988958805
1706584596.872060537 46.879525430 -11.470498753 -0.013257507 -0.031639474 -0.002025019 -0.149513708 0.988251230
1706584596.970785141 46.936400678 -11.488137469 -0.010315829 -0.033289522 -0.007165695 -0.154045898 0.987476745
1706584597.069438219 47.009095217 -11.505975297 -0.008265121 -0.034201465 -0.005616015 -0.159337789 0.986615522
1706584597.172698259 47.075415793 -11.530941838 -0.003948015 -0.036573904 -0.005282593 -0.164069159 0.985756438
1706584597.272540569 47.149064785 -11.558528999 -0.002338641 -0.035238822 -0.006909194 -0.169076383 0.984948560
1706584597.372384071 47.213900848 -11.602410072 -0.001822881 -0.031482097 -0.007557793 -0.171546219 0.984643921
1706584597.472213507 47.290374296 -11.631833107 -0.002898503 -0.027857943 -0.004262384 -0.170985653 0.984870384
1706584597.572825193 47.372409643 -11.659829408 -0.011142660 -0.026888437 -0.001398105 -0.170280026 0.985027802
1706584597.672673225 47.453045743 -11.680470557 -0.004007394 -0.028835275 0.001965113 -0.170424087 0.984946849
1706584597.772526979 47.515982416 -11.705382719 -0.003621852 -0.030955490 0.003077169 -0.171120586 0.984758871
1706584597.872357368 47.578190733 -11.729199995 -0.003322505 -0.036070472 0.004236674 -0.172086189 0.984412167
1706584597.972595453 47.644286712 -11.749966459 -0.005195144 -0.034667250 0.002577752 -0.171123445 0.984636127
1706584598.072419643 47.700228406 -11.771734012 -0.005540689 -0.032733702 0.001847603 -0.170674638 0.984781833
1706584598.171696186 47.767469933 -11.800435705 -0.002658914 -0.036557564 0.003564311 -0.171145552 0.984560836
1706584598.270362139 47.837161685 -11.835211496 -0.002430079 -0.031509563 0.003317884 -0.170873783 0.984783372
1706584598.369122028 47.902531731 -11.872664150 -0.003948365 -0.031008190 -0.000842062 -0.169636507 0.985018395
1706584598.472556114 47.976001772 -11.891981354 0.003783305 -0.031597992 0.000508262 -0.168556581 0.985185256
1706584598.572392941 48.039565955 -11.917198696 0.005072294 -0.033601106 -0.001172687 -0.164926819 0.985732588
1706584598.672227621 48.095402237 -11.942025778 0.004777567 -0.030724976 -0.002131459 -0.163064048 0.986134650
1706584598.772861242 48.175519931 -11.967490935 0.011874343 -0.030168919 0.002137198 -0.161518143 0.986406183
1706584598.872706413 48.256917715 -11.993401711 0.011501820 -0.030502617 0.003924059 -0.158778895 0.986835070
1706584598.972541571 48.337340618 -12.023850610 0.009520218 -0.027031449 0.001360640 -0.155465854 0.987470414
1706584599.072386265 48.423734990 -12.048394076 0.009758067 -0.025527075 0.005149342 -0.154381102 0.987668127
1706584599.172222137 48.495752578 -12.072787556 0.011728991 -0.029740440 0.002462948 -0.152382778 0.987870907
1706584599.272868395 48.579543623 -12.093701621 0.008882236 -0.027188035 0.003343852 -0.150334841 0.988255567
1706584599.372703075 48.651301197 -12.110262196 0.006268372 -0.029543886 0.004832312 -0.147267637 0.988643541
1706584599.471380234 48.730516002 -12.143327948 0.003646699 -0.027450389 0.001944699 -0.143135123 0.989320489
1706584599.570108175 48.794080441 -12.174948781 0.001661445 -0.024959874 -0.000296616 -0.139504135 0.989906820
1706584599.668824911 48.864802244 -12.193270833 0.004862042 -0.026143933 -0.000236333 -0.136750168 0.990260486
1706584599.772880077 48.950167788 -12.219713817 0.009012253 -0.024246806 0.000359685 -0.134628856 0.990599331
1706584599.872731447 49.022301559 -12.236699200 0.016466094 -0.024163034 0.001652001 -0.132370391 0.990904384
1706584599.972556353 49.104429822 -12.255930683 0.016757011 -0.026683567 -0.000310662 -0.127825562 0.991437601
1706584600.072416067 49.191047031 -12.275831782 0.016915606 -0.028877689 -0.001982768 -0.122600011 0.992033964
1706584600.172254086 49.270754864 -12.294616793 0.008258834 -0.026331683 -0.006953648 -0.116952373 0.992764036
1706584600.272907257 49.365428759 -12.317097426 0.005532559 -0.028517986 -0.004295976 -0.112621528 0.993219342
1706584600.372745752 49.455320616 -12.336941340 0.005515763 -0.026162988 -0.005631359 -0.106493711 0.993953156
1706584600.472575426 49.530311493 -12.347908322 0.009852789 -0.026261196 -0.005653418 -0.100777152 0.994546306
1706584600.572403193 49.611018928 -12.353820636 0.015480703 -0.030222166 -0.007510437 -0.096784724 0.994818039
1706584600.672238588 49.694326921 -12.367937240 0.019676786 -0.032877492 -0.007286485 -0.097641383 0.994651767
1706584600.771221399 49.765307619 -12.387114630 0.022331787 -0.034498696 -0.007684831 -0.102218054 0.994133921
1706584600.869935513 49.833216916 -12.411035434 0.031855329 -0.035986971 -0.006406166 -0.107506965 0.993532159
1706584600.972540855 49.904764536 -12.432532650 0.031339594 -0.034918236 -0.009170641 -0.113167994 0.992919746
1706584601.072378397 49.966594330 -12.453665016 0.029146968 -0.035466248 -0.009552154 -0.120878911 0.991987495
1706584601.172220230 50.032641572 -12.476297937 0.030280510 -0.034950306 -0.011800846 -0.130652108 0.990741764
1706584601.272873402 50.107334955 -12.500721051 0.034238081 -0.037281939 -0.007412760 -0.138400979 0.989646541
1706584601.372715950 50.182101223 -12.529427068 0.042283122 -0.036297105 -0.008675106 -0.146787781 0.988463763
1706584601.472539663 50.262213282 -12.568410588 0.048246163 -0.032777478 -0.007794052 -0.154275655 0.987453245
1706584601.572378159 50.349284798 -12.609697475 0.042592700 -0.030482269 -0.007886749 -0.163136206 0.986101014
1706584601.672209740 50.429017979 -12.645950907 0.039810213 -0.028977139 -0.005487061 -0.172211469 0.984618417
1706584601.772833347 50.516843587 -12.686520437 0.041533805 -0.025938823 -0.002407494 -0.181270876 0.983088120
1706584601.872682095 50.594336616 -12.716333850 0.053153913 -0.024087449 -0.002750872 -0.187338954 0.981996102
1706584601.972146988 50.670692102 -12.758348075 0.061223489 -0.027876677 -0.000294980 -0.191795986 0.981038788
1706584602.070897579 50.753898840 -12.786255454 0.066397475 -0.028384813 -0.001552835 -0.188828221 0.981598591
1706584602.169689178 50.833372374 -12.824843995 0.066954361 -0.025343863 -0.005359408 -0.181854838 0.982984122
1706584602.272856474 50.909455660 -12.854998677 0.061034027 -0.025103471 -0.005243443 -0.174326606 0.984353878
1706584602.372709751 50.985505280 -12.875234459 0.065368927 -0.022833109 -0.007292018 -0.167134470 0.985642706
1706584602.472543478 51.053589445 -12.902157532 0.067872829 -0.022877016 -0.006742667 -0.164988150 0.986007144
1706584602.572377920 51.132207538 -12.929538220 0.075291648 -0.026824789 -0.007237052 -0.161053234 0.986554566
1706584602.672226429 51.206875809 -12.952615115 0.073549731 -0.026695215 -0.008767139 -0.156893426 0.987215759
1706584602.772860765 51.289413042 -12.983006600 0.067950671 -0.024495479 -0.010769757 -0.153992275 0.987709655
1706584602.872698307 51.366340065 -13.002214080 0.068036597 -0.027049773 -0.008435421 -0.149276415 0.988389450
1706584602.972541094 51.433536622 -13.026455864 0.070642548 -0.026875388 -0.011797171 -0.144411886 0.989082275
1706584603.072381973 51.505082050 -13.051294187 0.072301199 -0.026846516 -0.011693733 -0.140027521 0.989714512
1706584603.172212839 51.582575664 -13.067794356 0.083497719 -0.028074784 -0.011040187 -0.135649961 0.990297435
1706584603.272000074 51.680269916 -13.091303827 0.082279132 -0.028293317 -0.009413464 -0.129374085 0.991147427
1706584603.370799541 51.773443046 -13.120407221 0.083578282 -0.027373451 -0.011057572 -0.121015515 0.992211504
1706584603.469602346 51.867831088 -13.138840926 0.081877263 -0.024918790 -0.009843625 -0.115345751 0.992964005
1706584603.572361946 51.962861603 -13.158405729 0.084088811 -0.030214533 -0.008762851 -0.110914843 0.993331864
1706584603.672606230 52.065512103 -13.179117952 0.082550449 -0.029590789 -0.007411710 -0.106509701 0.993843617
1706584603.772453785 52.166130224 -13.203203907 0.081067770 -0.026056247 -0.006337318 -0.104486702 0.994164694
1706584603.872289419 52.263336876 -13.230587276 0.080848145 -0.025737399 -0.008602348 -0.103766479 0.994231414
1706584603.972915888 52.350579481 -13.243375338 0.082897834 -0.027484802 -0.007800979 -0.105444590 0.994014672
1706584604.072751522 52.436316533 -13.271005418 0.087631431 -0.025862061 -0.007995237 -0.107055599 0.993884464
1706584604.172588825 52.513216917 -13.298744941 0.095735846 -0.026711670 -0.009345793 -0.111277613 0.993386348
1706584604.272437572 52.594112044 -13.314244552 0.097879640 -0.029330361 -0.012468713 -0.115199326 0.992830991
1706584604.372286797 52.669973709 -13.342368165 0.100395796 -0.027683689 -0.011619086 -0.117659286 0.992600072
1706584604.472917795 52.758737657 -13.374412235 0.101117972 -0.025201111 -0.012017009 -0.122712486 0.992049465
1706584604.571855068 52.847887573 -13.399024510 0.103872450 -0.026539373 -0.010655609 -0.128402011 0.991309762
1706584604.670693636 52.932867991 -13.424693584 0.103874871 -0.027024912 -0.010256867 -0.131434905 0.990903283
1706584604.769568682 53.020758904 -13.457538314 0.112672005 -0.027227141 -0.009326922 -0.136435799 0.990230763
1706584604.872278929 53.124946199 -13.488217003 0.120063120 -0.028746246 -0.007241620 -0.143370328 0.989225031
1706584604.972912550 53.213062015 -13.518350534 0.119911340 -0.033445502 -0.007179651 -0.147633922 0.988450341
1706584605.072742462 53.305744055 -13.553560401 0.129481793 -0.032397281 -0.005177600 -0.150316196 0.988093442
1706584605.172592402 53.399294323 -13.581616500 0.138014046 -0.032909871 -0.003126556 -0.150381598 0.988075169
1706584605.272422314 53.513056584 -13.605322869 0.136153038 -0.037278668 -0.005756211 -0.148218327 0.988235040
1706584605.372248173 53.600544619 -13.630521756 0.138526450 -0.034145179 -0.009358879 -0.143993370 0.988945108
1706584605.472889423 53.689595774 -13.650603109 0.138221118 -0.036782581 -0.010185657 -0.140738875 0.989310802
1706584605.572738886 53.785586684 -13.676433264 0.137437332 -0.038510123 -0.010224175 -0.139754611 0.989384195
1706584605.672584295 53.877907704 -13.703450391 0.145474952 -0.041144816 -0.008562134 -0.139525879 0.989326196
1706584605.772423744 53.962845152 -13.724082925 0.149246059 -0.042422036 -0.011399067 -0.138319749 0.989412997
1706584605.871742964 54.042466285 -13.757376701 0.158490568 -0.040221879 -0.010507975 -0.135568789 0.989895392
1706584605.970629930 54.130949185 -13.784551293 0.164117183 -0.039707077 -0.011728038 -0.135268039 0.989943614
1706584606.072757006 54.205069337 -13.798303742 0.160029986 -0.043308008 -0.016172927 -0.133591322 0.989957682
1706584606.172598362 54.293743791 -13.834895530 0.151358006 -0.038094798 -0.019581231 -0.128034345 0.990844371
1706584606.272440672 54.382918212 -13.866465568 0.152438594 -0.031381985 -0.023386619 -0.123637196 0.991555385
1706584606.372280359 54.470587926 -13.893500172 0.152843478 -0.033038535 -0.024357965 -0.122232894 0.991652290
1706584606.472924232 54.566780552 -13.909502123 0.165151359 -0.040260949 -0.025763961 -0.120740022 0.991532713
1706584606.572767973 54.655523938 -13.940636497 0.166896177 -0.035767187 -0.022336683 -0.115611474 0.992398996
1706584606.672613144 54.749426616 -13.963027870 0.173896132 -0.034543454 -0.022273954 -0.111836675 0.992876215
1706584606.772431850 54.839558511 -13.977932343 0.172757422 -0.035438041 -0.020685320 -0.108411704 0.993258861
1706584606.872265100 54.930485236 -13.990867204 0.183957295 -0.037459751 -0.019049984 -0.106080531 0.993469067
1706584606.972901344 55.022422618 -14.004677546 0.184061074 -0.040263605 -0.017103008 -0.102904075 0.993728877
1706584607.072739601 55.114821539 -14.033604150 0.190969378 -0.036810741 -0.013372647 -0.098122854 0.994403362
1706584607.171783686 55.203265958 -14.064533375 0.189220238 -0.029283221 -0.014184243 -0.093893533 0.995050403
1706584607.270700216 55.288834451 -14.082459735 0.192819637 -0.030956561 -0.011182490 -0.091495801 0.995261353
1706584607.372260332 55.375228831 -14.090054124 0.195267031 -0.036014107 -0.008903136 -0.087624499 0.995462538
1706584607.472889423 55.469924633 -14.108511888 0.195926687 -0.035406872 -0.005504527 -0.083271190 0.995882504
1706584607.572720051 55.565354361 -14.126383126 0.198799991 -0.028975839 0.001383154 -0.079530852 0.996410222
1706584607.672567368 55.662810118 -14.148814832 0.199748326 -0.024210654 0.003532419 -0.075472936 0.996847632
1706584607.772405624 55.760878833 -14.156486918 0.206409051 -0.031616212 0.007097681 -0.073853445 0.996742548
1706584607.872241974 55.850264559 -14.171906979 0.201990066 -0.028186583 0.009649117 -0.071989592 0.996960335
1706584607.971699715 55.950263039 -14.187827326 0.191373654 -0.026504834 0.012763563 -0.069224029 0.997167297
1706584608.072716713 56.047509183 -14.198056118 0.181274986 -0.026053864 0.013335976 -0.066784068 0.997338075
1706584608.172569036 56.137816052 -14.217023529 0.186063483 -0.022605189 0.014154170 -0.063144806 0.997647933
1706584608.272405863 56.231893684 -14.235778308 0.186723352 -0.023943669 0.014958101 -0.060037045 0.997796828
1706584608.372251749 56.316198757 -14.255244532 0.182725820 -0.023580980 0.014668108 -0.054906070 0.998105259
1706584608.471303463 56.398021754 -14.273365684 0.179726769 -0.019257546 0.014263927 -0.050834956 0.998419498
1706584608.569758415 56.486151939 -14.294485220 0.176512045 -0.015649846 0.013054432 -0.048429753 0.998618658
1706584608.672520638 56.569811197 -14.297506022 0.173549430 -0.016866596 0.009498317 -0.045062651 0.998796605
1706584608.772371531 56.655594261 -14.305876521 0.164435491 -0.022924092 0.006037013 -0.043298383 0.998780902
1706584608.872211695 56.747134663 -14.311450326 0.170205668 -0.024956143 0.004915875 -0.038829129 0.998922081
1706584608.972842932 56.838162839 -14.322546662 0.164412986 -0.019594416 0.004016273 -0.036161042 0.999145789
1706584609.072685003 56.933694423 -14.327963664 0.155217927 -0.018528098 0.002179406 -0.036484007 0.999160086
1706584609.172537804 57.021724596 -14.327365819 0.164454544 -0.022783810 0.002953815 -0.037321412 0.999039181
1706584609.271304846 57.114499098 -14.334367302 0.162991184 -0.025105013 0.001604160 -0.034179503 0.999099057
1706584609.369845152 57.195170237 -14.346026029 0.168646437 -0.026770083 0.001571936 -0.033382884 0.999082817
1706584609.472858667 57.280770548 -14.362596440 0.174385056 -0.027215990 0.000146031 -0.038277692 0.998896434
1706584609.572691917 57.353887226 -14.374734097 0.174410189 -0.021314829 -0.003865450 -0.044675529 0.998766656
1706584609.672018290 57.420392807 -14.385734708 0.177022744 -0.019512314 -0.005154262 -0.050062109 0.998542182
1706584609.770628691 57.506638153 -14.400321074 0.180329921 -0.020130704 -0.001367931 -0.054174054 0.998327629
1706584609.872599840 57.586623958 -14.410448603 0.184787260 -0.020180881 -0.001603134 -0.060674517 0.997952286
1706584609.972431660 57.669429206 -14.427661982 0.177594246 -0.018874086 0.000673319 -0.066992353 0.997574729
1706584610.072286129 57.763041485 -14.445961551 0.187610900 -0.020262427 0.004823725 -0.074065521 0.997035839
1706584610.172921181 57.852115339 -14.455885295 0.191595460 -0.021649954 0.006462628 -0.077896587 0.996705391
1706584610.272757769 57.941519923 -14.478318387 0.192463595 -0.014871952 0.009766529 -0.082706579 0.996415105
1706584610.372606277 58.029320164 -14.500835417 0.193272762 -0.015377830 0.004424605 -0.089580164 0.995851063
1706584610.472173214 58.130532125 -14.514701764 0.191701155 -0.021098786 0.005634370 -0.096936891 0.995050920
1706584610.570729971 58.212349979 -14.542254162 0.182589165 -0.023910831 0.006794740 -0.105959232 0.994059729
1706584610.672936201 58.305028763 -14.569632353 0.179298620 -0.022565111 0.004363950 -0.113446125 0.993278284
1706584610.772791386 58.394868654 -14.600893957 0.178473033 -0.019513049 0.005980985 -0.120529952 0.992499874
1706584610.872636080 58.478424617 -14.632672912 0.178147975 -0.018721559 0.002010219 -0.125704767 0.991888993
1706584610.972442389 58.560633826 -14.660108463 0.181352439 -0.025298914 0.008028489 -0.131422303 0.990971083
1706584611.071064949 58.637929986 -14.677419330 0.183954566 -0.029968922 0.006477560 -0.137797679 0.989985709
1706584611.172921181 58.706372476 -14.700469285 0.178463484 -0.032008495 -0.001212887 -0.142485166 0.989278506
1706584611.272775650 58.781567660 -14.738775089 0.188719137 -0.029770440 -0.004160887 -0.148590685 0.988441812
1706584611.372612238 58.854711504 -14.766350880 0.194226744 -0.029290067 -0.006077114 -0.154561317 0.987530232
1706584611.472452164 58.921971973 -14.796889691 0.198197648 -0.026653191 -0.007689526 -0.158720862 0.986933719
1706584611.572281599 59.002885314 -14.826308589 0.205379218 -0.031240386 -0.006783453 -0.160721277 0.986481979
1706584611.672926903 59.093433285 -14.853887326 0.202931033 -0.038347771 -0.003673262 -0.159929034 0.986376530
1706584611.771810770 59.183512696 -14.879254316 0.201291101 -0.033435948 0.000249164 -0.156015750 0.987188463
1706584611.870347738 59.281843369 -14.914507099 0.202330158 -0.030478462 0.005633798 -0.152095256 0.987879728
1706584611.968957186 59.371633518 -14.947699816 0.198215298 -0.029453631 0.006888854 -0.146626791 0.988729291
1706584612.072268248 59.464078376 -14.995403926 0.194727022 -0.021372786 0.007853860 -0.141554765 0.989668515
1706584612.172900915 59.540169295 -15.030943909 0.196708131 -0.013574238 0.007734362 -0.139224724 0.990137564
1706584612.272261381 59.624688944 -15.052790803 0.200284850 -0.013696334 0.004565932 -0.139712888 0.990086800
1706584612.372577906 59.709358359 -15.073334304 0.198948274 -0.017752188 0.005538393 -0.143396637 0.989490571
1706584612.472429752 59.797278882 -15.088607693 0.198060974 -0.025725713 0.004399534 -0.145595608 0.988999874
1706584612.572274446 59.872689812 -15.102922221 0.202605917 -0.035036361 0.007308478 -0.148017043 0.988336984
1706584612.672922850 59.947012159 -15.122046261 0.205865211 -0.040901235 0.004600401 -0.152649786 0.987422892
1706584612.772765875 60.030957347 -15.152146835 0.208683325 -0.037586187 0.003012078 -0.155453485 0.987123305
1706584612.872590303 60.105727088 -15.173607363 0.210240598 -0.045186589 0.003617956 -0.160340881 0.986020225
1706584612.972430468 60.189504781 -15.208156992 0.204465543 -0.043526264 0.008767019 -0.164693738 0.985344902
1706584613.071344376 60.257392275 -15.264658856 0.198894735 -0.033163195 0.008563353 -0.169797470 0.984883592
1706584613.169960499 60.326492765 -15.307250764 0.196964242 -0.023211164 0.006269145 -0.179406702 0.983481151
1706584613.272748709 60.417386175 -15.333165990 0.195898294 -0.025987113 0.008997608 -0.185750989 0.982211934
1706584613.372568607 60.511269046 -15.370090658 0.199114999 -0.028152685 0.016435600 -0.191771989 0.980897957
1706584613.472417831 60.597755358 -15.402140947 0.209461769 -0.027423238 0.025959237 -0.199319160 0.979206800
1706584613.572251558 60.677914388 -15.431978959 0.214827585 -0.037355401 0.024697647 -0.203903459 0.977966247
1706584613.672906637 60.752028214 -15.458051783 0.227959727 -0.044506303 0.018990046 -0.207548748 0.977027167
1706584613.772762775 60.814109958 -15.502514173 0.220869254 -0.038210692 0.013656996 -0.207003011 0.977498431
1706584613.872602224 60.853891039 -15.551217784 0.212977811 -0.023587828 -0.004424256 -0.209262799 0.977564894
1706584613.972457647 60.900375652 -15.584757855 0.204549394 -0.020695232 -0.020006308 -0.211758793 0.976897983
1706584614.072287083 60.960249982 -15.611150181 0.209219919 -0.023440964 -0.026403070 -0.214570490 0.976070133
1706584614.172924280 61.033592225 -15.636351025 0.212965566 -0.037959194 -0.028207408 -0.216220660 0.975198476
1706584614.272644520 61.100192460 -15.656525243 0.222084620 -0.051728153 -0.029778433 -0.223633880 0.972843940
1706584614.371248722 61.181819455 -15.688784142 0.227593659 -0.062098268 -0.025027641 -0.228660859 0.971201129
1706584614.469865084 61.254661773 -15.719211616 0.232252277 -0.058208107 -0.021950352 -0.233939457 0.970258898
1706584614.572303057 61.334834211 -15.767157566 0.239803525 -0.047454682 -0.015570197 -0.236544153 0.970336275
1706584614.672554970 61.394474547 -15.823214816 0.244034338 -0.039015443 -0.012265721 -0.237040875 0.970638435
1706584614.772388935 61.462263178 -15.875569797 0.246655802 -0.027768130 -0.011480061 -0.242068981 0.969793662
1706584614.872228861 61.514338402 -15.916676296 0.257897929 -0.027448463 -0.012721876 -0.249610419 0.967873636
1706584614.972855330 61.584061114 -15.956948088 0.262961749 -0.031829185 -0.012491162 -0.253958469 0.966610557
1706584615.072700739 61.660892528 -15.995777056 0.265873362 -0.038059121 -0.008660409 -0.256996832 0.965623699
1706584615.172551394 61.733596268 -16.034482541 0.267766843 -0.045473673 -0.007738593 -0.262183870 0.963914870
1706584615.271195412 61.791401969 -16.077876993 0.274951203 -0.044768721 -0.007162821 -0.266510694 0.962765031
1706584615.372215271 61.863921312 -16.124781157 0.280747195 -0.045189277 -0.004134908 -0.271955701 0.961239267
1706584615.472867966 61.929832170 -16.175045776 0.288846605 -0.041700080 -0.000748349 -0.272817744 0.961161288
1706584615.571995020 61.996140704 -16.221008904 0.285981174 -0.038017508 -0.003240970 -0.276895375 0.960142238
1706584615.670605421 62.062342707 -16.267982221 0.281640066 -0.044379313 0.000824631 -0.284438906 0.957666072
1706584615.769291639 62.128447801 -16.299338166 0.291057935 -0.050488842 0.001538197 -0.291525970 0.955228307
1706584615.867986441 62.191356870 -16.356666811 0.291364781 -0.047098050 -0.000061281 -0.296424451 0.953894289
1706584615.972870588 62.261881237 -16.411995130 0.297187869 -0.042188841 0.000336256 -0.301657094 0.952482538
1706584616.072689533 62.332718610 -16.469595639 0.282605380 -0.042164585 -0.000792936 -0.305724050 0.951185747
1706584616.172534704 62.394803212 -16.504401297 0.287705886 -0.045882377 -0.004808974 -0.311894084 0.948996186
1706584616.272377014 62.457975148 -16.547909068 0.293787185 -0.049083317 -0.002634637 -0.316716462 0.947245781
1706584616.372212172 62.520234039 -16.594164407 0.293542085 -0.051149401 -0.000295976 -0.318146140 0.946660808
1706584616.471408129 62.580574445 -16.656622301 0.301988378 -0.043952377 0.006225945 -0.321259932 0.945950042
1706584616.569951057 62.638963853 -16.719359824 0.294638080 -0.032330683 0.005054458 -0.323380537 0.945703023
1706584616.668516874 62.685262830 -16.779222994 0.309466082 -0.021776553 -0.001078447 -0.325931613 0.945141895
1706584616.772384405 62.754705218 -16.830102581 0.312368215 -0.024608546 -0.002864922 -0.328683030 0.944115288
1706584616.871467113 62.815417834 -16.871072897 0.321305578 -0.019449873 -0.002059986 -0.329905604 0.943811290
1706584616.970160961 62.860835872 -16.927866554 0.324239600 -0.020155244 -0.007381888 -0.330834836 0.943444532
1706584617.068860292 62.925858763 -16.963947513 0.323331939 -0.023617757 -0.008516177 -0.330889321 0.943335536
1706584617.172558546 62.976747169 -17.005083273 0.312097672 -0.021232063 -0.011282869 -0.327693170 0.944478207
1706584617.272396564 63.026055680 -17.051034776 0.312813481 -0.022792953 -0.015420800 -0.323335060 0.945884306
1706584617.372238159 63.075997645 -17.085107057 0.319446050 -0.023040113 -0.015818230 -0.321724806 0.946420671
1706584617.472863436 63.122119908 -17.130116923 0.319666310 -0.027783958 -0.015014519 -0.319001359 0.947227929
1706584617.572701931 63.173270152 -17.181538082 0.321960409 -0.025033739 -0.011641735 -0.311387535 0.949881879
1706584617.672122955 63.213531322 -17.228335153 0.323502769 -0.019733952 -0.014745685 -0.308765479 0.950819128
1706584617.770747423 63.264629220 -17.252132920 0.330977835 -0.021015307 -0.014193805 -0.308986377 0.950728306
1706584617.869362116 63.317543183 -17.272025403 0.333062566 -0.029707693 -0.017663924 -0.310602291 0.949911394
1706584617.972845554 63.380080890 -17.321654475 0.334178939 -0.031393319 -0.015371479 -0.307009721 0.951064250
1706584618.072586060 63.436520018 -17.363149629 0.336519664 -0.038494039 -0.016619560 -0.309153925 0.950087285
1706584618.171279907 63.505887129 -17.405554678 0.343749990 -0.037342422 -0.011518407 -0.308416294 0.950448452
1706584618.269997358 63.561869188 -17.451892671 0.345935085 -0.037709426 -0.013364668 -0.308224179 0.950472114
1706584618.368814468 63.616226190 -17.495190968 0.351550459 -0.043722665 -0.018838971 -0.305309229 0.951062404
1706584618.472446680 63.694092600 -17.524776392 0.355733733 -0.054556750 -0.018575445 -0.300708884 0.951973046
1706584618.572281837 63.764769792 -17.550039000 0.366435087 -0.048944381 -0.021633686 -0.294774669 0.954067254
1706584618.672922850 63.833508231 -17.592322959 0.380232314 -0.048299299 -0.018099989 -0.290624515 0.955445948
1706584618.772760391 63.887002581 -17.629100378 0.377403981 -0.054481433 -0.022000777 -0.286187432 0.956370479
1706584618.872605324 63.951386260 -17.665428965 0.381693885 -0.058783520 -0.023411418 -0.283163356 0.956982193
1706584618.971955776 64.012268501 -17.701396749 0.383297315 -0.060193302 -0.023743190 -0.279045196 0.958095405
1706584619.070617437 64.064249761 -17.737567380 0.393909447 -0.062755664 -0.023885172 -0.276544175 0.958652463
1706584619.169268847 64.110810879 -17.767464037 0.393958805 -0.069011544 -0.019533199 -0.276330883 0.958382546
1706584619.272382975 64.177331135 -17.782126186 0.404463608 -0.080882810 -0.019625509 -0.272871540 0.958443495
1706584619.372237206 64.236680224 -17.815425499 0.408842723 -0.085494460 -0.011611767 -0.270023154 0.958980375
1706584619.471179247 64.286485692 -17.849666908 0.417411865 -0.080958493 -0.011876880 -0.266963856 0.960226516
1706584619.569895029 64.343589473 -17.879008866 0.425967735 -0.083867422 -0.010127612 -0.264433737 0.960696875
1706584619.668689251 64.410940840 -17.909914500 0.425443641 -0.080499519 -0.012300821 -0.259756596 0.962234393
1706584619.772389412 64.475902911 -17.940548074 0.429592126 -0.079164064 -0.008886865 -0.257458711 0.963000045
1706584619.872225761 64.532997465 -17.965270133 0.438362914 -0.086129820 -0.010643135 -0.254980553 0.963043766
1706584619.972865343 64.599067325 -17.985756655 0.443795224 -0.091912691 -0.010836793 -0.251861727 0.963327718
1706584620.072709322 64.667531086 -18.021481952 0.443699258 -0.088081507 -0.009115783 -0.247949348 0.964717405
1706584620.172551870 64.729997230 -18.064141067 0.442798277 -0.086694427 -0.013913086 -0.242312742 0.966216869
1706584620.272163391 64.776102827 -18.101038261 0.444294912 -0.080500474 -0.015136658 -0.238475795 0.967687889
1706584620.370788813 64.829419960 -18.129247268 0.453540649 -0.089724442 -0.018506772 -0.233820190 0.967954102
1706584620.472874165 64.892373517 -18.162780033 0.466515278 -0.089967599 -0.014373128 -0.230207079 0.968867352
1706584620.572710991 64.955306575 -18.192279228 0.473615517 -0.090167163 -0.015421873 -0.226705042 0.969658121
1706584620.672303677 65.027622401 -18.214140662 0.484791612 -0.092305337 -0.010698775 -0.223608750 0.970239346
1706584620.771037579 65.091900569 -18.229335840 0.486898821 -0.090102439 -0.012056618 -0.220073556 0.971238291
1706584620.869759560 65.152934484 -18.256242296 0.489321919 -0.098641737 -0.009507882 -0.216969102 0.971135324
1706584620.972862005 65.213578609 -18.277972342 0.494803652 -0.101599690 -0.008545624 -0.216330608 0.970981742
1706584621.072710037 65.271719477 -18.305980370 0.497054283 -0.103283305 -0.006859349 -0.215942284 0.970903928
1706584621.172541857 65.336347348 -18.343668011 0.494579558 -0.099803954 -0.006226200 -0.215806070 0.971302293
1706584621.272379637 65.393786753 -18.381379977 0.487936596 -0.097402165 -0.009896849 -0.214604184 0.971781825
1706584621.372220755 65.452987261 -18.413466624 0.493901996 -0.097421676 -0.010832632 -0.213824037 0.971941846
1706584621.472864628 65.514699194 -18.439368245 0.505169143 -0.099282432 -0.010709254 -0.214149923 0.971683138
1706584621.571834564 65.576399010 -18.468018604 0.514442509 -0.096958118 -0.009415502 -0.214333267 0.971890797
1706584621.670395851 65.630371022 -18.499232164 0.524230717 -0.098459665 -0.010541874 -0.215687998 0.971428459
1706584621.769021511 65.705060756 -18.531069448 0.526852142 -0.098759624 -0.009089526 -0.216274428 0.971282291
1706584621.872234821 65.771123569 -18.560779456 0.530901213 -0.097039896 -0.007827037 -0.217268584 0.971244747
1706584621.972040415 65.841734467 -18.589568736 0.535745065 -0.094892234 -0.008597145 -0.218013129 0.971283598
1706584622.070811749 65.903392946 -18.615561835 0.549041833 -0.099764688 -0.006557800 -0.219458552 0.970485418
1706584622.169604778 65.971795021 -18.643040986 0.552506605 -0.101123406 -0.007182311 -0.221696697 0.969831452
1706584622.272405386 66.033554862 -18.677262065 0.555474653 -0.105653050 -0.005709738 -0.226062147 0.968349492
1706584622.372254133 66.090072966 -18.717317250 0.557094966 -0.101178998 -0.006464638 -0.228383593 0.968277829
1706584622.472902060 66.149042283 -18.751900665 0.559899567 -0.096811673 -0.002012982 -0.232049886 0.967872047
1706584622.572758198 66.221575480 -18.785195319 0.566961748 -0.102108773 -0.001061220 -0.234940821 0.966630996
1706584622.672605991 66.279419120 -18.813908054 0.569928839 -0.101237686 -0.001437868 -0.237045262 0.966208263
1706584622.772451162 66.330142933 -18.841202597 0.578408637 -0.100712227 -0.000518396 -0.237713168 0.966100009
1706584622.871151209 66.379346551 -18.853132324 0.585478436 -0.104501654 -0.000231998 -0.237916071 0.965647603
1706584622.969744205 66.423510927 -18.876712519 0.587835735 -0.102433779 0.001331953 -0.236682790 0.966171208
1706584623.068470716 66.472847666 -18.904129853 0.591534083 -0.103188497 0.001975284 -0.235269932 0.966434836
1706584623.172610044 66.521604953 -18.955911739 0.589558077 -0.098062819 0.001191080 -0.231322986 0.967921454
1706584623.271789789 66.575887992 -18.982894094 0.594580467 -0.096627935 0.000008049 -0.227919579 0.968873422
1706584623.370533705 66.652306302 -19.003067484 0.598077495 -0.099216775 0.007034512 -0.224597729 0.969361856
1706584623.469328880 66.728269643 -19.033054659 0.600994093 -0.102325645 0.013988428 -0.219899776 0.970040141
1706584623.572767258 66.801254038 -19.067421630 0.605956767 -0.102971070 0.020179702 -0.218025931 0.970285747
1706584623.672612906 66.861102594 -19.100920992 0.603985393 -0.100873855 0.023037270 -0.215216482 0.971069315
1706584623.772456169 66.933433844 -19.129485975 0.600775209 -0.102979928 0.029046596 -0.214068848 0.970940759
1706584623.872291327 67.010964355 -19.160301611 0.590787501 -0.102089312 0.034829622 -0.209862755 0.971762468
1706584623.972515345 67.084803277 -19.183008339 0.589001507 -0.100987531 0.035005233 -0.206648017 0.972559895
1706584624.072283983 67.151377123 -19.207876323 0.585944243 -0.103291185 0.038013635 -0.203583264 0.972851350
1706584624.170949936 67.203877535 -19.232322775 0.587887664 -0.104736857 0.031869879 -0.198138742 0.974040831
1706584624.269565582 67.255505511 -19.246506069 0.595271990 -0.107664027 0.026376040 -0.194122215 0.974694479
1706584624.372274876 67.317021234 -19.266410080 0.592423327 -0.117056630 0.022874606 -0.190603459 0.974394591
1706584624.472684860 67.368574342 -19.284902138 0.592773894 -0.116444821 0.021463777 -0.187897088 0.975025433
1706584624.571529150 67.423323843 -19.306754804 0.589226669 -0.112823073 0.015286233 -0.184687164 0.976180279
1706584624.670366287 67.467753433 -19.321724491 0.589861612 -0.116285025 0.012167989 -0.182062215 0.976310956
1706584624.769301414 67.509128233 -19.327842049 0.587559462 -0.117075168 0.006049876 -0.179368055 0.976772187
1706584624.872253418 67.559044224 -19.350319537 0.585591225 -0.117562046 0.004857047 -0.177044819 0.977144158
1706584624.972902775 67.607245273 -19.377398742 0.589383058 -0.115110736 0.001491973 -0.175585276 0.977710133
1706584625.072742701 67.662190820 -19.385388824 0.594438963 -0.117107726 0.002190670 -0.173919527 0.977769390
1706584625.172574759 67.713869142 -19.406544029 0.602755920 -0.119963751 0.005586706 -0.173045853 0.977564637
1706584625.272411585 67.769833995 -19.428449584 0.602551306 -0.117726478 0.004556770 -0.172275778 0.977977898
1706584625.372109652 67.834929269 -19.457984683 0.604813373 -0.117340312 0.003225937 -0.173611128 0.977793445
1706584625.470838547 67.895116164 -19.476810493 0.609483435 -0.116139570 0.003288429 -0.174736366 0.977736155
1706584625.569385290 67.961705426 -19.504660629 0.616365063 -0.119638466 0.005908593 -0.176341961 0.977013428
1706584625.672570944 68.030280487 -19.524505612 0.622021919 -0.124650052 0.008429282 -0.178283173 0.976015585
1706584625.772427082 68.090169617 -19.554669211 0.627880859 -0.122357284 0.009706108 -0.179699763 0.976034058
1706584625.871465683 68.146539312 -19.574384309 0.629277557 -0.122951474 0.011181966 -0.181458228 0.975618168
1706584625.970353603 68.214231830 -19.582370752 0.634449997 -0.132281878 0.010205611 -0.180454232 0.974594080
1706584626.072757483 68.278535473 -19.601458908 0.634470968 -0.135995205 0.012141252 -0.176788162 0.974732702
1706584626.172601700 68.341250369 -19.632505808 0.628931229 -0.131525881 0.012277089 -0.173312430 0.975967734
1706584626.272423744 68.406378574 -19.656238445 0.628376580 -0.126038338 0.012233557 -0.170607800 0.977168182
1706584626.372256517 68.479785616 -19.673938994 0.632415400 -0.127237339 0.010647126 -0.165903176 0.977841211
1706584626.472907066 68.555287325 -19.684664544 0.639177235 -0.138648213 0.009846422 -0.160240701 0.977242364
1706584626.572741270 68.618104696 -19.702737748 0.638657285 -0.141769274 0.010204118 -0.157592060 0.977221618
1706584626.672053814 68.677187091 -19.724126094 0.639554229 -0.139895436 0.007451047 -0.151510939 0.978477483
1706584626.770615816 68.725076392 -19.745355662 0.642519405 -0.139865286 0.002056205 -0.146570333 0.979260237
1706584626.869145632 68.782997603 -19.756289672 0.653768710 -0.142694327 0.000635777 -0.143990736 0.979236740
1706584626.972881079 68.839609589 -19.778086094 0.653738671 -0.146268777 0.000968807 -0.141438438 0.979081036
1706584627.072614193 68.896953035 -19.804451277 0.649913891 -0.137691984 0.000526330 -0.139166991 0.980649371
1706584627.171536684 68.950920731 -19.836525585 0.650686121 -0.127454173 -0.003541659 -0.135931830 0.982479225
1706584627.270495176 69.008281184 -19.849092307 0.648382934 -0.127223538 -0.002030570 -0.137607580 0.982280104
1706584627.372231007 69.083946215 -19.858410971 0.650472570 -0.132967890 0.003607311 -0.141542559 0.980954755
1706584627.472868204 69.151840138 -19.863127651 0.657660486 -0.145419907 0.001885817 -0.145713989 0.978579035
1706584627.572715759 69.220426802 -19.866850558 0.662048885 -0.154380000 0.004913832 -0.149256114 0.976660270
1706584627.672549963 69.293963372 -19.883781178 0.656482365 -0.162858262 0.012507709 -0.153197893 0.974603073
1706584627.772388697 69.366336045 -19.894967446 0.656193707 -0.167040196 0.020582930 -0.161901186 0.972348663
1706584627.872224092 69.425731714 -19.923716844 0.663619414 -0.167792247 0.022508769 -0.166584340 0.971384978
1706584627.971563339 69.471473611 -19.957199345 0.669614909 -0.162205687 0.019541418 -0.169151275 0.971954368
1706584628.069959402 69.509207044 -19.983550164 0.673385855 -0.155833944 0.019367325 -0.172700528 0.972376067
1706584628.172548294 69.566496065 -20.004625200 0.680734918 -0.156581522 0.019787945 -0.176373355 0.971587929
1706584628.272385597 69.621356655 -20.031612934 0.681666296 -0.151720249 0.019851215 -0.181428519 0.971427088
1706584628.372225046 69.685330616 -20.040747198 0.684470945 -0.155084411 0.022592851 -0.187485212 0.969684322
1706584628.471168280 69.742109689 -20.060462872 0.681217835 -0.163102375 0.025204376 -0.189878142 0.967837097
1706584628.570133448 69.804389795 -20.079980648 0.681075828 -0.164937017 0.026291119 -0.190778207 0.967320130
1706584628.672540665 69.857584481 -20.102492642 0.682894200 -0.163006919 0.020215069 -0.186156006 0.968692953
1706584628.772383213 69.908057495 -20.123250509 0.681906496 -0.165078425 0.018077009 -0.181624051 0.969244571
1706584628.872210979 69.974900921 -20.139787894 0.676689531 -0.163769049 0.017043990 -0.175686728 0.970578886
1706584628.972855330 70.033869124 -20.164346982 0.672954112 -0.162314553 0.014824614 -0.169239862 0.972004159
1706584629.072700500 70.099492743 -20.181222395 0.673827972 -0.162341390 0.014625579 -0.161991342 0.973236955
1706584629.172435284 70.162594889 -20.195824605 0.678163440 -0.165460805 0.016345820 -0.154266033 0.973939181
1706584629.271007538 70.230702956 -20.208488200 0.676982082 -0.165914633 0.017789374 -0.148912759 0.974669617
1706584629.369540691 70.293754451 -20.220904082 0.681841957 -0.166679480 0.019641591 -0.142207410 0.975504593
1706584629.472852945 70.362691583 -20.241923185 0.682361522 -0.161277612 0.021155490 -0.137584238 0.977042760
1706584629.572687149 70.442146478 -20.264361492 0.686436241 -0.163963398 0.024851490 -0.133561720 0.977066873
1706584629.672195911 70.506247563 -20.277421223 0.680441766 -0.164863241 0.029486586 -0.129200015 0.977373014
1706584629.771169901 70.566725668 -20.291095032 0.686192040 -0.166942038 0.029869021 -0.127896779 0.977179928
1706584629.872599602 70.632840372 -20.305995298 0.687837298 -0.165654604 0.033243630 -0.124490799 0.977729745
1706584629.972429037 70.684866149 -20.320286249 0.677409944 -0.162895694 0.035270760 -0.122316786 0.978396428
1706584630.072294235 70.735208763 -20.322739322 0.673856981 -0.167001680 0.033822438 -0.117811349 0.978308217
1706584630.172532082 70.791891095 -20.341623040 0.673474401 -0.167036445 0.035769169 -0.113178682 0.978779842
1706584630.272371769 70.851510280 -20.363073765 0.673649028 -0.164423407 0.035764408 -0.108837617 0.979714358
1706584630.372217417 70.907427243 -20.387013992 0.670959658 -0.156021099 0.033861767 -0.103110217 0.981773436
1706584630.471870899 70.975286294 -20.406328778 0.666610920 -0.149931539 0.034644011 -0.098938580 0.983123331
1706584630.570481539 71.038554345 -20.418543176 0.674287640 -0.151279377 0.032222811 -0.093821394 0.983500781
1706584630.669039011 71.103055932 -20.423000695 0.672413451 -0.152498036 0.033767754 -0.090854659 0.983539282
1706584630.772392273 71.168376909 -20.442565474 0.670938115 -0.151221474 0.029491092 -0.085282072 0.984372546
1706584630.872233629 71.237981240 -20.463955063 0.669556521 -0.148771238 0.031599503 -0.081864383 0.984970463
1706584630.972225666 71.313415018 -20.467054514 0.661213669 -0.148360331 0.033317030 -0.077009290 0.985367321
1706584631.071360111 71.388849595 -20.480891300 0.657854940 -0.150712806 0.033478395 -0.072242707 0.985365840
1706584631.172555447 71.460258231 -20.484426358 0.651366010 -0.147387899 0.033504029 -0.067387773 0.986211527
1706584631.272386789 71.528404698 -20.489492926 0.635756724 -0.146809767 0.035417561 -0.063103092 0.986514312
1706584631.372230768 71.599406985 -20.496029746 0.624718796 -0.147357961 0.037588203 -0.058663037 0.986626275
1706584631.472882032 71.658259689 -20.505725432 0.618164585 -0.145592480 0.036210056 -0.053184136 0.987250277
1706584631.572710276 71.725580775 -20.508920236 0.612945317 -0.144809274 0.038654806 -0.048180477 0.987529606
1706584631.672549725 71.779475440 -20.516411834 0.612360217 -0.145590026 0.038224504 -0.045135645 0.987575418
1706584631.771419287 71.840111637 -20.525283143 0.610480986 -0.139020536 0.037864899 -0.039211082 0.988788163
1706584631.869993925 71.901539881 -20.530511838 0.611167762 -0.136722127 0.038990450 -0.035130596 0.989218199
1706584631.972863674 71.965415864 -20.527872128 0.609833889 -0.139924250 0.039802146 -0.029874280 0.988910775
1706584632.072722912 72.034267054 -20.525071998 0.606708053 -0.142684366 0.036454920 -0.023546661 0.988816346
1706584632.172571898 72.094655027 -20.528926211 0.605781817 -0.142340794 0.035781328 -0.019172917 0.988984931
1706584632.272402287 72.155188225 -20.526817214 0.598474201 -0.141253865 0.032028619 -0.013621742 0.989361391
1706584632.371834755 72.209321134 -20.527183521 0.599105651 -0.145847117 0.032303887 -0.009188771 0.988736893
1706584632.472887993 72.259475995 -20.534587514 0.592826104 -0.142585770 0.027196249 -0.003938364 0.989400905
1706584632.572716951 72.309288281 -20.537203652 0.584391503 -0.138655976 0.027724994 -0.001114760 0.989951818
1706584632.672564268 72.357344692 -20.534510991 0.578793526 -0.141017836 0.028631864 0.001316467 0.989592064
1706584632.772409201 72.402491803 -20.534831291 0.580295261 -0.139811721 0.025449063 0.000426469 0.989850921
1706584632.872259855 72.444504078 -20.536936639 0.574538782 -0.134926513 0.021462234 0.005084893 0.990610091
1706584632.972648859 72.491904526 -20.539973790 0.572572099 -0.131274168 0.022302422 0.013167843 0.991007721
1706584633.071170330 72.535675738 -20.534096854 0.567277470 -0.129467247 0.024876898 0.021921197 0.991029179
1706584633.169757605 72.578365557 -20.534859745 0.569320836 -0.129005758 0.026061508 0.031443697 0.990802506
1706584633.272417068 72.626176313 -20.537560736 0.561900417 -0.124186996 0.025707426 0.041659092 0.991050573
1706584633.372254848 72.664584297 -20.522752265 0.557978840 -0.124685864 0.027761654 0.049957886 0.990548805
1706584633.472897768 72.704987018 -20.518059525 0.557315333 -0.124780866 0.028135669 0.057737152 0.990103298
1706584633.572735310 72.743027468 -20.518275166 0.549940885 -0.121401270 0.029370623 0.063980345 0.990103840
1706584633.672574997 72.776995003 -20.515382299 0.551249938 -0.121453283 0.029605925 0.071046347 0.989608511
1706584633.772431135 72.815155844 -20.513370508 0.547455537 -0.118851654 0.030022367 0.077832665 0.989401343
1706584633.872272253 72.849778815 -20.505955109 0.538707589 -0.115047935 0.032343770 0.085088748 0.989180347
1706584633.972915888 72.887295186 -20.494901453 0.535203236 -0.114310531 0.035862574 0.092545641 0.988474725
1706584634.072747946 72.924744839 -20.483312449 0.527580576 -0.116791093 0.037642800 0.100952457 0.987295023
1706584634.172580719 72.964363776 -20.470627167 0.522692999 -0.116909652 0.037070318 0.109627929 0.986377028
1706584634.272065878 72.985777021 -20.456858391 0.518487846 -0.117426338 0.037908492 0.117971561 0.985320614
1706584634.370666504 73.008713164 -20.447114937 0.512716905 -0.117066191 0.037424710 0.125889636 0.984401695
1706584634.469305277 73.039631685 -20.434698547 0.505408875 -0.115662139 0.037847458 0.134176239 0.983456444
1706584634.572731972 73.065893323 -20.426025042 0.509546365 -0.116457384 0.040438812 0.143343747 0.981964842
1706584634.672585726 73.103537096 -20.416967349 0.509008752 -0.117298556 0.042061404 0.153140404 0.980316226
1706584634.772205114 73.131533268 -20.404898106 0.506106180 -0.116086017 0.043674654 0.162649078 0.978857415
1706584634.870790243 73.164455832 -20.397345256 0.506470716 -0.112543753 0.043627799 0.171225598 0.977809958
1706584634.972906828 73.183855460 -20.388500671 0.501794119 -0.110799871 0.042931887 0.178548741 0.976729537
1706584635.072760582 73.200981459 -20.378718802 0.500574489 -0.110651568 0.042019564 0.185350357 0.975518238
1706584635.172589302 73.215310958 -20.362884395 0.499615050 -0.110444330 0.042136893 0.191867924 0.974275747
1706584635.272428274 73.227409151 -20.345089926 0.494531710 -0.108705373 0.041973390 0.199026503 0.973041534
1706584635.372272730 73.244502809 -20.322846417 0.487083977 -0.108371315 0.041193676 0.207106332 0.971424576
1706584635.472899914 73.257731423 -20.301440122 0.478205812 -0.110046637 0.042320316 0.216619647 0.969110240
1706584635.571632385 73.276441380 -20.280896764 0.468462174 -0.107259923 0.043178385 0.226603353 0.967099714
1706584635.670268059 73.307967652 -20.254529090 0.452912103 -0.103445755 0.041161345 0.237329733 0.965028143
1706584635.768952370 73.331999245 -20.230762144 0.443491536 -0.097153901 0.038269483 0.248160390 0.963074757
1706584635.872243643 73.361453354 -20.212666302 0.431919950 -0.100227434 0.041703190 0.256509551 0.960426028
1706584635.971945763 73.394046864 -20.199353701 0.423539737 -0.094156245 0.039385722 0.265864218 0.958592502
1706584636.070444584 73.428861387 -20.188609629 0.417847112 -0.093359732 0.041295200 0.273715161 0.956377895
1706584636.169080496 73.463449483 -20.174068510 0.405906527 -0.094762652 0.040084653 0.280250571 0.954396604
1706584636.267615080 73.501944033 -20.159025038 0.397032505 -0.092658524 0.039611161 0.288022331 0.952306931
1706584636.372245073 73.551615675 -20.144793773 0.387520528 -0.093563212 0.037807007 0.296606986 0.949653016
1706584636.472894669 73.590317812 -20.122038747 0.367211786 -0.096488871 0.035693602 0.303950751 0.947116574
1706584636.572721720 73.616208423 -20.101707907 0.348306281 -0.095959230 0.032330953 0.311623052 0.944795009
1706584636.672521591 73.668655095 -20.099894107 0.333875996 -0.094987023 0.029778504 0.319258603 0.942424878
1706584636.771166801 73.703618929 -20.081546333 0.326286781 -0.095747715 0.032852052 0.325923310 0.939961230
1706584636.869771004 73.749870827 -20.066370164 0.327601731 -0.089897348 0.034305740 0.333269717 0.937908780
1706584636.968499422 73.784071532 -20.056120008 0.325536022 -0.087710288 0.031916626 0.341808982 0.935122909
1706584637.067157269 73.808811113 -20.049419019 0.327492515 -0.089895771 0.034572493 0.350758185 0.931499967
1706584637.165753603 73.831523982 -20.039728552 0.320216508 -0.093054073 0.035851090 0.358714547 0.928105335
1706584637.264418840 73.863685508 -20.011808235 0.315908342 -0.093776932 0.035388217 0.359412257 0.927780357
1706584637.362997293 73.900941229 -19.987268551 0.306470428 -0.103366735 0.036388873 0.359908298 0.926529646
1706584637.461716175 73.938873812 -19.962135113 0.295882381 -0.101143755 0.032691320 0.357964634 0.927665101
1706584637.560406208 73.954601074 -19.940917807 0.263902457 -0.093401620 0.032310080 0.350968114 0.931157118
1706584637.672546148 73.970232316 -19.921964953 0.246552185 -0.086143607 0.027146601 0.345162211 0.934187020
1706584637.772393227 73.990964290 -19.933357138 0.254489737 -0.086722081 0.029163948 0.342612540 0.935010905
1706584637.872226000 73.946897446 -19.922864331 0.222096949 -0.091521036 0.026023624 0.340331863 0.935478965
1706584637.971671581 73.928231296 -19.921021686 0.239562332 -0.090532677 0.028372896 0.343937933 0.934187086
1706584638.070424557 73.890039286 -19.920668009 0.206766911 -0.101645324 0.025372861 0.346807599 0.932067023
1706584638.169214725 73.879402666 -19.900156512 0.192833672 -0.104398209 0.028012891 0.344524443 0.932533753
1706584638.267947197 73.864269476 -19.893734234 0.178950545 -0.101199295 0.025169475 0.347037672 0.932035436
1706584638.366705418 73.839053233 -19.886307672 0.182879130 -0.099666140 0.025732774 0.347777003 0.931909674
1706584638.465405464 73.828563072 -19.877368574 0.183082832 -0.100160694 0.026475777 0.348124609 0.931706029
1706584638.564028978 73.816743513 -19.869156324 0.179775916 -0.095881292 0.022847156 0.351038854 0.931158691
1706584638.662744999 73.774786863 -19.841534913 0.178199271 -0.094628525 0.024284700 0.352028095 0.930876961
1706584638.761327267 73.729814317 -19.818912310 0.166960884 -0.093834678 0.025503795 0.354584082 0.929954159
1706584638.859969378 73.684750213 -19.798455300 0.154763770 -0.099127084 0.024973361 0.354399114 0.929489871
1706584638.972423077 73.611772753 -19.769468585 0.155769240 -0.097665496 0.024846949 0.359545518 0.927669715
1706584639.072273970 73.566735384 -19.761965603 0.163924038 -0.109768285 0.027289627 0.366104231 0.923674126
1706584639.172393322 73.498918797 -19.723363446 0.156697243 -0.110232710 0.029248473 0.372396009 0.921039895
1706584639.271137953 73.432047111 -19.689804770 0.148162222 -0.108519893 0.026540671 0.381158381 0.917734882
1706584639.369905949 73.367968676 -19.651376609 0.143438837 -0.107571651 0.027507775 0.382303081 0.917341821
1706584639.468522310 73.303325977 -19.602762374 0.140338670 -0.112268375 0.033742089 0.385168778 0.915370032
1706584639.567336559 73.249241291 -19.550135579 0.140065266 -0.112948111 0.029725609 0.379607671 0.917745678
1706584639.665959835 73.188940362 -19.499164127 0.130317626 -0.108444649 0.032867143 0.384263009 0.916243117
1706584639.764658213 73.116219364 -19.448282971 0.130413196 -0.104898108 0.038306258 0.391515775 0.913369813
1706584639.863264799 73.030366311 -19.399646847 0.129420986 -0.107877166 0.026446060 0.392470336 0.913033492
1706584639.961830139 72.938117709 -19.345163623 0.126381853 -0.106778030 0.024118866 0.402040745 0.909054438
1706584640.053611517 72.856450001 -19.285309485 0.130968605 -0.108449885 0.029629648 0.406607900 0.906659099
1706584640.152408361 72.759541145 -19.234510909 0.130468951 -0.107704868 0.030850501 0.413332917 0.903661335
1706584640.251180172 72.731704938 -19.226554444 0.184437244 -0.092840811 0.033273860 0.420728731 0.901809719
1706584640.372577667 72.656685068 -19.192125046 0.205928402 -0.087834986 0.042268150 0.428619024 0.898211640
1706584640.471449614 72.631287665 -19.180008473 0.242215403 -0.081196348 0.050453413 0.437819766 0.893966140
1706584640.570069075 72.580305987 -19.189198227 0.265009649 -0.080437771 0.054189494 0.442780990 0.891368756
1706584640.668903112 72.514837228 -19.172915750 0.280467190 -0.070722393 0.050294905 0.457098955 0.885171910
1706584640.767582893 72.454577715 -19.155276420 0.290763548 -0.067402263 0.051487536 0.460542570 0.883575979
1706584640.866246939 72.386252376 -19.141545218 0.298716487 -0.064768309 0.053439837 0.466313166 0.880625505
1706584640.971740007 72.309360222 -19.121195515 0.304391641 -0.063480664 0.055491940 0.474455644 0.876232099
1706584641.071577549 72.232635124 -19.089555138 0.309121190 -0.065665861 0.057128312 0.485944210 0.869645086
1706584641.172223806 72.157314397 -19.065574928 0.315009910 -0.065094218 0.056262482 0.493417805 0.865526514
1706584641.272068501 72.086888409 -19.043466488 0.318492502 -0.062667398 0.058685449 0.501636959 0.860807282
1706584641.371907473 72.013635436 -19.020703283 0.322380871 -0.062433758 0.060254524 0.510731706 0.855350538
1706584641.471747160 71.939143594 -18.996520755 0.325766821 -0.063718204 0.063370423 0.520622203 0.849044582
1706584641.571590185 71.865800226 -18.974906357 0.329914874 -0.063551954 0.065100408 0.528675788 0.843934238
1706584641.672224760 71.793718503 -18.955445643 0.334116629 -0.062618402 0.066225474 0.535516117 0.839592526
1706584642.772060871 71.046000813 -18.783900072 0.373030236 -0.058938528 0.068390711 0.557463682 0.825277653
1706584642.871905327 70.980788805 -18.765875462 0.374498996 -0.058745039 0.068412618 0.557926054 0.824977122
1706584643.842015505 70.328501299 -18.540128672 0.371541533 -0.057076493 0.066931526 0.591596675 0.801421125
1706584643.963436842 70.243295576 -18.511166807 0.369151817 -0.055837815 0.066662314 0.597772973 0.796935221
1706584644.062675476 70.171959994 -18.485546435 0.366879232 -0.055685293 0.065911561 0.603237217 0.792880618
1706584644.161300421 70.098534126 -18.461149303 0.365363354 -0.056437862 0.064528638 0.608597556 0.788834481
1706584644.271669865 70.016283444 -18.439041566 0.364192766 -0.054958709 0.062144809 0.614563608 0.784492915
1706584644.371514559 69.942015566 -18.420603500 0.362460687 -0.054428534 0.061752303 0.619140807 0.780953807
1706584644.472161531 69.866427913 -18.403017443 0.360538229 -0.054102718 0.061553029 0.624175819 0.776974045
1706584644.572005987 69.791870982 -18.386278964 0.358037546 -0.052556177 0.061924990 0.629553589 0.772700086
1706584644.625116825 69.751386690 -18.377365824 0.356636606 -0.052191987 0.061995149 0.632302038 0.770471758
1706584644.724266052 69.675608324 -18.360853434 0.353985315 -0.051288885 0.062359715 0.637496757 0.766210546
1706584644.845490456 69.579591815 -18.343306679 0.351374870 -0.050801474 0.061371513 0.643527215 0.761265704
1706584644.944757223 69.500436099 -18.331290697 0.348739279 -0.049037737 0.060159445 0.648622458 0.757142687
1706584645.065968990 69.402692959 -18.315795782 0.345274516 -0.046386651 0.059155738 0.656195735 0.750836889
1706584645.165263891 69.321173846 -18.303763828 0.342136339 -0.045524877 0.058924023 0.661453523 0.746280565
1706584645.264289618 69.237600900 -18.294781162 0.339721189 -0.045185771 0.057603499 0.666116786 0.742245586
1706584645.362996340 69.156145021 -18.290485516 0.336733329 -0.042307426 0.057337921 0.671201190 0.737842400
1706584645.461566925 69.077719376 -18.286061998 0.331182223 -0.037715624 0.059510696 0.676616729 0.732956895
1706584645.560165167 68.998486930 -18.277712900 0.324032590 -0.033806418 0.062912218 0.682261429 0.727611518
1706584645.658473253 68.912818464 -18.271430381 0.320998155 -0.034285977 0.063469997 0.686098918 0.723922859
1706584645.727168798 68.850006471 -18.271178901 0.320443147 -0.034075302 0.061522494 0.689515870 0.720847919
1706584645.826439142 68.760249660 -18.272756541 0.318995095 -0.034483370 0.060773958 0.692923166 0.717617523
1706584645.947536230 68.648882934 -18.277519373 0.317487485 -0.035281160 0.059074371 0.697261724 0.713506515
1706584646.046758175 68.556877684 -18.281948276 0.316054286 -0.035570011 0.057747425 0.700902795 0.710024845
1706584646.167900801 68.443721602 -18.282125544 0.311511563 -0.034776859 0.057732316 0.707061348 0.703933094
1706584646.267101765 68.294601207 -18.657805854 0.322110872 -0.032516761 0.059239013 0.712920888 0.697980807
1706584646.366544724 68.370639868 -18.342849062 0.431991129 -0.046696132 0.091089454 0.748902832 0.654726455
1706584646.465642691 68.290027156 -18.283751807 0.425081464 -0.051968163 0.088639908 0.755577849 0.646950068
1706584646.564394712 68.594303310 -18.124136497 0.354938321 -0.043470243 0.076334513 0.782806683 0.616033341
1706584646.663092613 68.423585738 -18.071365830 0.383815604 -0.049908655 0.074253537 0.783611742 0.614774899
1706584646.761664867 68.438939484 -17.948095134 0.449290130 -0.052155340 0.068365763 0.799224763 0.594849327
1706584646.860346317 68.320437736 -17.928467603 0.428278835 -0.048355276 0.067145621 0.801676270 0.592003709
1706584646.958922386 68.235816753 -17.918534246 0.380678561 -0.042152265 0.070446032 0.804676204 0.588010841
1706584647.057225943 68.179994467 -17.862648736 0.348301612 -0.031347992 0.073972485 0.812007557 0.578090912
1706584647.170908928 68.001677377 -17.782784591 0.467626901 -0.051936590 0.064045692 0.812807204 0.576667312
1706584647.269877195 67.908250621 -17.747706117 0.418730492 -0.048680501 0.064372439 0.818926674 0.568194949
1706584647.368923903 67.757238817 -17.709572728 0.412511667 -0.052301100 0.059677393 0.822806494 0.562754545
1706584647.468130589 67.641351031 -17.626375303 0.430382445 -0.054979425 0.053107271 0.829498573 0.553253105
1706584647.567532778 67.526178315 -17.548059745 0.480250300 -0.058599475 0.058590034 0.835233848 0.543615423
1706584647.667182684 67.437392178 -17.443930458 0.417589426 -0.047658603 0.066754444 0.842954531 0.531695553
1706584647.765906096 67.369309890 -17.345859008 0.387653418 -0.049229672 0.063495691 0.849644494 0.521199550
1706584647.864636898 67.278320626 -17.300359016 0.353012681 -0.047111061 0.059713589 0.854256126 0.514258016
1706584647.963304281 67.176297536 -17.254141780 0.314124153 -0.042542967 0.058547272 0.857755040 0.508938704
1706584648.061931372 67.051141116 -17.196858178 0.394449253 -0.056032370 0.060385640 0.862179536 0.499860376
1706584648.160597086 66.958273935 -17.138564624 0.315327167 -0.036000640 0.067286484 0.870011542 0.487089724
1706584648.259194374 66.861884367 -17.071200354 0.284072265 -0.036093186 0.064588029 0.875639092 0.477264968
1706584648.371969700 66.766085785 -17.021630806 0.257090411 -0.031830770 0.065824172 0.880877160 0.467663778
1706584648.470982075 66.640698017 -16.985868414 0.249912727 -0.030139902 0.062962967 0.885556218 0.459257483
1706584648.570072651 66.497828830 -16.934149773 0.233241684 -0.026690677 0.068666621 0.891105501 0.447776159
1706584648.671385050 66.365913675 -16.892696309 0.206589049 -0.019889864 0.074513474 0.896098049 0.437104589
1706584648.770165205 66.248500060 -16.859799602 0.222773920 -0.021353843 0.072733955 0.900068077 0.429105165
1706584648.868883133 66.115288379 -16.873283862 0.139088322 -0.013039690 0.051782275 0.902957211 0.426399857
1706584648.967611551 66.007998535 -16.871352987 0.120523886 -0.014073760 0.049066900 0.905977606 0.420236774
1706584649.066280127 65.914378052 -16.847183870 0.122153923 -0.016237350 0.065338951 0.908866622 0.411617095
1706584649.164974689 65.800732792 -16.818481927 0.106056150 -0.014387629 0.054679297 0.910915624 0.408700254
1706584649.263639927 65.663360645 -16.788987186 0.093432182 -0.014393237 0.058797235 0.912981225 0.403486062
1706584649.362297773 65.568851664 -16.763195473 0.085123296 -0.015171532 0.054705785 0.916133454 0.396833210
1706584649.461005211 65.440091252 -16.735598737 0.100544432 -0.015205197 0.057981157 0.919870496 0.387614832
1706584649.572681665 65.383685851 -16.720972184 0.100809273 -0.016779102 0.071366052 0.922742446 0.378380400
1706584649.672085762 65.355206180 -16.702419971 0.098566226 -0.017255256 0.057761881 0.926399854 0.371684183
1706584649.771223307 65.313441372 -16.655190722 0.099036510 -0.017995896 0.065299948 0.930001703 0.361260152
1706584649.872593641 65.282482337 -16.617023805 0.086984044 -0.016582630 0.060011623 0.934071802 0.351615542
1706584649.971967220 65.269290749 -16.595034113 0.083376610 -0.015730865 0.055753240 0.936892395 0.344785088
1706584650.070608854 65.269206656 -16.581504788 0.081554607 -0.014600669 0.057013072 0.939367670 0.337823490
1706584650.172905922 65.262718067 -16.558790629 0.076320980 -0.015670465 0.062535954 0.941268675 0.331446788
1706584650.272741795 65.253255548 -16.552386286 0.076176999 -0.016332167 0.061269180 0.943300924 0.325826204
1706584650.372574806 65.245631234 -16.542126433 0.073811890 -0.016512832 0.055548154 0.945053494 0.321738438
1706584650.471349716 65.243934818 -16.536286267 0.066500729 -0.016616373 0.057012565 0.946522180 0.317126514
1706584650.569963455 65.269690518 -16.522432218 0.065291357 -0.017972254 0.063240880 0.947829197 0.311925317
1706584650.668538094 65.284445222 -16.518518801 0.065353310 -0.016493329 0.055859260 0.949012929 0.309809899
1706584650.772742033 65.308834386 -16.523493142 0.061478984 -0.015898279 0.057720567 0.949967451 0.306557374
1706584650.872598886 65.310671629 -16.528905531 0.067726419 -0.016226132 0.057232502 0.951035546 0.303302726
1706584650.972245932 65.301741198 -16.515458715 0.064403091 -0.016318541 0.060552372 0.952232252 0.298865945
1706584651.071531534 65.319969176 -16.508120123 0.063188873 -0.015733529 0.055744775 0.954059641 0.293964585
1706584651.172911882 65.302442050 -16.490073653 0.066638998 -0.015614252 0.052626845 0.956070983 0.287949450
1706584651.272356272 65.275685475 -16.492547339 0.065008344 -0.016966613 0.052536414 0.957972533 0.281497221
1706584651.370892525 65.230297129 -16.485136185 0.065318472 -0.018563257 0.054114196 0.960289904 0.273075739
1706584651.472414732 65.193263612 -16.476238448 0.054945749 -0.018380001 0.054209533 0.962595418 0.264827423
1706584651.572251081 65.173436602 -16.462734408 0.054468177 -0.013497115 0.058958726 0.964100035 0.258559120
1706584651.672332525 65.161870581 -16.460379667 0.050450493 -0.012696453 0.060027775 0.964663234 0.256242682
1706584651.770941019 65.157139721 -16.464365802 0.055017001 -0.011390747 0.060703570 0.965260518 0.253884739
1706584651.869577408 65.166787581 -16.450168265 0.063573217 -0.011414694 0.062798277 0.965740591 0.251537656
1706584651.968206167 65.140753336 -16.447552038 0.058755316 -0.009979602 0.061041969 0.966407823 0.249459828
1706584652.072228909 65.114932816 -16.439461634 0.054015441 -0.010797049 0.057445531 0.967579551 0.245709679
1706584652.172888041 65.071976115 -16.432637924 0.052721061 -0.013373094 0.055082158 0.969084558 0.240129624
1706584652.272590160 65.026629717 -16.414542548 0.054387079 -0.014680184 0.058443302 0.970934355 0.231636248
1706584652.372553110 64.992035242 -16.410768904 0.043774460 -0.013026265 0.051786867 0.972971039 0.224668187
1706584652.472394228 64.959985624 -16.403143812 0.037065012 -0.012496081 0.054260111 0.974313522 0.218203686
1706584652.572229385 64.937819842 -16.403632847 0.030045280 -0.010910821 0.052176323 0.975641369 0.212796861
1706584652.672860861 64.903397087 -16.388590225 0.030570290 -0.010187748 0.052820314 0.976763333 0.207459911
1706584652.772708416 64.893864776 -16.375284019 0.025263561 -0.009336390 0.055965865 0.977817980 0.201625026
1706584652.872555971 64.863544369 -16.364857750 0.022580882 -0.007808239 0.055585448 0.978982794 0.196066258
1706584652.971967459 64.825601030 -16.347216577 0.022724848 -0.006891498 0.056825347 0.980035891 0.190402311
1706584653.070595026 64.810465343 -16.343004097 0.033534358 -0.005549106 0.059908246 0.980605908 0.186526844
1706584653.169243574 64.819221965 -16.336581764 0.030453338 -0.004212453 0.057375835 0.981459530 0.182831778
1706584653.272702217 64.816341713 -16.327491851 0.031720481 -0.003202436 0.055306702 0.982164056 0.179679381
1706584653.372542620 64.800637590 -16.321228829 0.033310488 -0.002032254 0.057635359 0.982577908 0.176676796
1706584653.472381115 64.755412782 -16.309913100 0.022064381 -0.001043072 0.059864884 0.983013990 0.173489489
1706584653.572203398 64.725653203 -16.307894055 0.027379114 -0.000806256 0.053765204 0.983715908 0.171498294
1706584653.672831535 64.692922980 -16.302205506 0.036969672 0.000263247 0.055344783 0.984058570 0.169013655
1706584653.772674322 64.678401876 -16.297321567 0.042392378 0.001133159 0.059221385 0.984339662 0.166033049
1706584653.872515440 64.655307832 -16.296684067 0.051198790 0.001006358 0.057642093 0.985120918 0.161904767
1706584653.972370625 64.643191325 -16.297675366 0.051336400 0.002215411 0.055194610 0.985945489 0.157670983
1706584654.072629452 64.633629176 -16.292720914 0.052104098 0.004172426 0.059018488 0.986539167 0.152446322
1706584654.172468185 64.611517260 -16.293097744 0.047722792 0.006271923 0.058909854 0.987273131 0.147587454
1706584654.271703005 64.592169359 -16.296229033 0.039486225 0.007431561 0.063093202 0.987861719 0.141750641
1706584654.370327473 64.572653216 -16.285408271 0.031878214 0.007135546 0.058189952 0.989127117 0.134872385
1706584654.468980551 64.553316565 -16.270490713 0.027614907 0.007817406 0.064480353 0.989703860 0.127543880
1706584654.572241545 64.541670045 -16.254430787 0.026687646 0.007519886 0.072012071 0.989952123 0.121459900
1706584654.672874689 64.518868964 -16.235036519 0.027951388 0.006271094 0.073724707 0.990539370 0.115572906
1706584654.772711515 64.496765742 -16.221265803 0.025142940 0.007181934 0.075988785 0.991010177 0.109876995
1706584654.872550011 64.461376022 -16.216312870 0.027833024 0.009377582 0.077887508 0.991540000 0.103411921
1706584654.972377300 64.420242671 -16.209415970 0.029284923 0.009133845 0.076481684 0.992259383 0.097408637
1706584655.072212696 64.385794608 -16.211466008 0.030678463 0.011620511 0.071360583 0.993089820 0.092440468
1706584655.172845602 64.356052242 -16.232103142 0.036467153 0.014137978 0.057127378 0.994504283 0.086589899
1706584655.272679090 64.324030434 -16.243091536 0.042004875 0.015088924 0.053351422 0.995191980 0.080739542
1706584655.372519970 64.304536205 -16.243243031 0.039343993 0.015945759 0.061957082 0.995040638 0.076165481
1706584655.472363710 64.286947415 -16.247125659 0.037094935 0.016322534 0.064661612 0.995112806 0.072821389
1706584655.571402311 64.271427669 -16.253437459 0.044584680 0.017456151 0.063913820 0.995377036 0.069533178
1706584655.670072556 64.253580855 -16.244910549 0.042094481 0.018202416 0.059637033 0.995863759 0.066086840
1706584655.768752098 64.232975702 -16.238841841 0.039812490 0.019250943 0.062452061 0.995965805 0.061491924
1706584655.872536421 64.202212963 -16.238160456 0.038366083 0.019655310 0.063631598 0.996229796 0.055595704
1706584655.972370863 64.171146717 -16.228620601 0.035799274 0.019999982 0.064903129 0.996475057 0.049244752
1706584656.072212458 64.145646334 -16.229365256 0.040546331 0.021484919 0.063560453 0.996824552 0.042886825
1706584656.172853231 64.119655130 -16.230235248 0.040381634 0.021636862 0.066783800 0.996882884 0.036003975
1706584656.272710562 64.091848543 -16.239799744 0.043546913 0.020746182 0.066392897 0.997154784 0.029050220
1706584656.372552395 64.069482633 -16.240725312 0.049773845 0.019645657 0.063330266 0.997550940 0.022258652
1706584656.472402334 64.050077650 -16.237893459 0.050266017 0.017345153 0.064334114 0.997644257 0.016315765
1706584656.572232723 64.031190212 -16.239652365 0.054682068 0.017368698 0.065244230 0.997655916 0.011144178
1706584656.672873497 64.006961920 -16.234155667 0.058439571 0.016108592 0.064243503 0.997785844 0.006057668
1706584656.772429228 63.985848184 -16.231805812 0.060321140 0.017231900 0.065031093 0.997734057 0.000877840
1706584656.871093273 63.962874649 -16.242831858 0.052612041 0.018174178 0.063723792 0.997799318 -0.002344968
1706584656.969757795 63.941156897 -16.250631180 0.050145557 0.018921658 0.062332432 0.997859751 -0.005705797
1706584657.068451881 63.928866642 -16.265183264 0.047491250 0.019674122 0.063066982 0.997772542 -0.009243346
1706584657.172868013 63.910894410 -16.271973366 0.047790321 0.019719731 0.062202051 0.997769246 -0.014091453
1706584657.272706509 63.876473799 -16.266156408 0.053960240 0.020948447 0.066027459 0.997403797 -0.019677478
1706584657.372546673 63.843388094 -16.257557684 0.063886699 0.022650279 0.068671221 0.997046035 -0.025892720
1706584657.472404003 63.822508573 -16.251156565 0.062680333 0.023055350 0.069141188 0.996830211 -0.031897922
1706584657.572240829 63.799164248 -16.248078640 0.065733368 0.022937015 0.066146918 0.996849852 -0.037267280
1706584657.672882795 63.773494770 -16.243700706 0.069589320 0.023672264 0.067553823 0.996568685 -0.041556729
1706584657.772718430 63.758124233 -16.237704717 0.063071987 0.023023577 0.064729607 0.996621999 -0.044995371
1706584657.872559071 63.736568773 -16.232292715 0.065013236 0.023457841 0.066549459 0.996236599 -0.050334254
1706584657.972401381 63.712739434 -16.232169342 0.068126008 0.024587883 0.068116318 0.995921698 -0.053810541
1706584658.072123289 63.679434299 -16.222382887 0.080636944 0.024750569 0.071847607 0.995480818 -0.056949728
1706584658.170815945 63.646564296 -16.227589184 0.076582159 0.028485427 0.073903038 0.995332070 -0.055145188
1706584658.269479036 63.604190621 -16.231055162 0.082165018 0.024774026 0.070185935 0.995896588 -0.051479780
1706584658.372601271 63.556105368 -16.244129309 0.091643978 0.027029552 0.070296706 0.996019383 -0.047677729
1706584658.472423553 63.514771138 -16.256915611 0.090718707 0.029623020 0.071077051 0.996046766 -0.044287357
1706584658.572268486 63.454052331 -16.246002005 0.100216885 0.031870319 0.072693506 0.996008414 -0.040831079
1706584658.672913551 63.387864935 -16.244827503 0.101178620 0.033945922 0.074413852 0.995974200 -0.036683038
1706584658.772766590 63.314512397 -16.255174643 0.094292871 0.035415470 0.073216876 0.996228103 -0.030242350
1706584658.872614622 63.247831170 -16.273205131 0.110545887 0.035660893 0.068896534 0.996670790 -0.025077968
1706584658.972442627 63.181342568 -16.277797241 0.112239788 0.035183483 0.068726605 0.996810248 -0.020201643
1706584659.072294474 63.125376387 -16.271068374 0.106714039 0.036511299 0.070378596 0.996727093 -0.015775963
1706584659.172540188 63.052911074 -16.280715755 0.108707558 0.034593200 0.064976774 0.997234314 -0.010249487
1706584659.272391319 62.985193829 -16.287022007 0.112194079 0.033979827 0.060635659 0.997562393 -0.006161227
1706584659.371970892 62.933663273 -16.280762262 0.114053317 0.035280630 0.067365250 0.997100224 -0.002888650
1706584659.470620155 62.867060938 -16.273976667 0.110240391 0.031511136 0.070333929 0.997025627 -0.000291868
1706584659.569346666 62.802248543 -16.262049114 0.116944270 0.030918674 0.067232485 0.997251745 0.003575761
1706584659.672562838 62.719352579 -16.242064264 0.128869615 0.026508939 0.070386374 0.997141075 0.007260266
1706584659.772413731 62.654193052 -16.236347847 0.132459010 0.023759267 0.068336659 0.997340120 0.008847810
1706584659.872228146 62.594610842 -16.226404827 0.133916846 0.023904552 0.067079899 0.997377157 0.012948638
1706584659.972898960 62.511636412 -16.219916511 0.136632025 0.019144052 0.068355372 0.997324183 0.017479200
1706584660.072733164 62.448618318 -16.218887097 0.135776010 0.017591897 0.069516039 0.997143881 0.023709192
1706584660.172590733 62.360965844 -16.221815257 0.137338127 0.013131728 0.067235517 0.997235343 0.028785658
1706584660.272419691 62.297916594 -16.218855792 0.142908720 0.016195016 0.068216192 0.997012935 0.032395667
1706584660.372276068 62.224272765 -16.206326164 0.141239489 0.013584379 0.067271554 0.996965111 0.036750102
1706584660.472920418 62.158087458 -16.198643940 0.150091874 0.017536147 0.068702337 0.996515406 0.043926289
1706584660.572763920 62.079091481 -16.191808502 0.153994165 0.018568651 0.061463745 0.996789313 0.047838051
1706584660.671637058 62.004756947 -16.180531185 0.160075871 0.018694824 0.054297395 0.996912867 0.053544667
1706584660.770375252 61.937440607 -16.160917879 0.153749075 0.020681461 0.056243146 0.996533867 0.057699538
1706584660.869117737 61.871448878 -16.144330370 0.149057767 0.022694309 0.060802383 0.996046580 0.060656810
1706584660.972915173 61.810459943 -16.122689986 0.146056664 0.030072180 0.066499440 0.995178818 0.065517996
1706584661.072751284 61.746905858 -16.101483742 0.146719418 0.026037228 0.066795156 0.994742302 0.073131539
1706584661.172588348 61.683997352 -16.090200085 0.147085298 0.026950360 0.064236329 0.994523024 0.077918724
1706584661.272445202 61.626219286 -16.080281475 0.156535200 0.027243601 0.061425354 0.994197558 0.083999572
1706584661.372285604 61.554824946 -16.068154528 0.166810317 0.027307943 0.059847304 0.993939532 0.088072601
1706584661.472933531 61.488757694 -16.051858885 0.165762538 0.029409332 0.067220893 0.993160070 0.090826854
1706584661.572765112 61.424015876 -16.032199463 0.168704354 0.029436168 0.069394202 0.992926130 0.091736892
1706584661.672589302 61.353847757 -16.019145625 0.179785218 0.024796556 0.064133746 0.993392056 0.091892418
1706584661.772436142 61.289144259 -16.000125025 0.182645753 0.027005994 0.069839451 0.992796499 0.093532022
1706584661.872263670 61.214243272 -15.981665473 0.177641780 0.029056012 0.071882052 0.992484693 0.094672349
1706584661.971517324 61.140605044 -15.960628604 0.180109126 0.025618487 0.072722894 0.992155132 0.098403599
1706584662.070272207 61.060057008 -15.936921187 0.189124469 0.022588528 0.065189299 0.992464972 0.101259042
1706584662.169007063 60.989240003 -15.921921071 0.193630198 0.016839957 0.060245536 0.992594559 0.104129407
1706584662.272446156 60.925812429 -15.899443750 0.191056511 0.015840052 0.065115069 0.991708509 0.109651052
1706584662.372285843 60.852507965 -15.878513692 0.193790849 0.016399921 0.061363706 0.991707105 0.111725364
1706584662.472918510 60.777628467 -15.858957768 0.190421625 0.015739790 0.061836129 0.991155269 0.116360579
1706584662.572765589 60.707805476 -15.842354111 0.193869868 0.015708427 0.060299290 0.990882982 0.119449390
1706584662.672604799 60.643410054 -15.832748523 0.206199997 0.018400450 0.052429457 0.990622503 0.124818396
1706584662.772458315 60.574685298 -15.822012751 0.210998716 0.019215744 0.048728347 0.990252222 0.129061380
1706584662.872295618 60.510024993 -15.801589935 0.211967180 0.026661402 0.046325427 0.989406870 0.134970998
1706584662.972539902 60.449019875 -15.780677841 0.215076937 0.032278402 0.047634293 0.988348957 0.140909253
1706584663.072390795 60.381866161 -15.763227011 0.220386665 0.034145323 0.043020859 0.987761997 0.145977877
1706584663.172240973 60.330511366 -15.745480219 0.218655996 0.033160659 0.039132379 0.987539408 0.148778172
1706584663.271493673 60.266913371 -15.717646999 0.219059231 0.031138668 0.034108346 0.986815363 0.155120740
1706584663.370217085 60.186584731 -15.695793776 0.222763025 0.023693001 0.031872584 0.986313553 0.160026107
1706584663.472563982 60.109438308 -15.661737068 0.221827801 0.020240073 0.035296820 0.985771552 0.163091755
1706584663.572409630 60.026914945 -15.620231167 0.219557189 0.015196364 0.043808793 0.984962936 0.166426784
1706584663.672258139 59.944167500 -15.583038922 0.220915326 0.007766348 0.050784016 0.984047340 0.170327624
1706584663.772888660 59.871959571 -15.554846683 0.218983649 0.002097571 0.050467980 0.982774935 0.177769541
1706584663.872729778 59.783657585 -15.524045406 0.219335215 -0.005208842 0.042933401 0.981954351 0.184106609
1706584663.972566128 59.714553154 -15.494692267 0.223840991 -0.006894815 0.036509041 0.981566770 0.187473271
1706584664.072405338 59.644657206 -15.458586588 0.224710106 -0.009652554 0.036868789 0.981761918 0.186255355
1706584664.171525002 59.566973860 -15.419957276 0.227748347 -0.009228905 0.037787452 0.982178940 0.183878945
1706584664.272879362 59.483098338 -15.389199503 0.228694420 -0.011226043 0.038612381 0.982630837 0.181162078
1706584664.372714043 59.411108194 -15.369805331 0.223344208 -0.012610858 0.041154165 0.982903273 0.179020831
1706584664.472177267 59.336632301 -15.341980151 0.221829673 -0.012373229 0.042491925 0.983415911 0.175882023
1706584664.570952892 59.257798753 -15.318144485 0.211496362 -0.013960381 0.042330412 0.984020340 0.172386814
1706584664.669802427 59.168267988 -15.294879358 0.210186317 -0.015044389 0.037995256 0.984785381 0.168901691
1706584664.772881269 59.086333808 -15.282121297 0.207119121 -0.017932600 0.039223987 0.985344666 0.165032696
1706584664.872722626 59.018264751 -15.255961063 0.204414320 -0.019888324 0.039215943 0.986004281 0.160817044
1706584664.972549200 58.963589208 -15.237577019 0.204533062 -0.016613172 0.041223784 0.986871741 0.155269988
1706584665.072385788 58.896196816 -15.212221969 0.194004673 -0.016290451 0.042853622 0.987908686 0.148103400
1706584665.172210693 58.830908711 -15.177598727 0.191625163 -0.016906598 0.044196838 0.988792974 0.141595415
1706584665.272863388 58.757107165 -15.158499755 0.182712707 -0.017518014 0.045810849 0.989249646 0.137766556
1706584665.372716188 58.682747145 -15.136051580 0.188271581 -0.014188787 0.043329739 0.990061406 0.133039937
1706584665.472552299 58.608027903 -15.117284640 0.187716784 -0.010872927 0.039281642 0.991097626 0.126744736
1706584665.572401285 58.530684151 -15.089308991 0.183238093 -0.009753282 0.044713298 0.991429771 0.122362588
1706584665.672249317 58.448368059 -15.074974371 0.179184860 -0.004494201 0.045657644 0.991997235 0.117629361
1706584665.771908760 58.355033809 -15.055955033 0.172899377 -0.016007591 0.045145495 0.991671765 0.119552294
1706584665.870830297 58.282256984 -15.040908920 0.178951287 -0.008786897 0.039676898 0.991781145 0.121320624
1706584665.969691277 58.202640021 -15.020558689 0.177187734 -0.009875152 0.033794160 0.991799627 0.122857377
1706584666.072393894 58.107794182 -14.993991028 0.172192012 -0.012755282 0.038710777 0.991115465 0.126605343
1706584666.172253847 58.028586308 -14.972357965 0.168170633 -0.014798626 0.039358855 0.990476164 0.131106251
1706584666.272894144 57.952356723 -14.944307886 0.163938990 -0.013346393 0.037095468 0.989764168 0.137159368
1706584666.372733355 57.877376774 -14.919378423 0.159607494 -0.010205393 0.038307248 0.989332871 0.140174446
1706584666.472568274 57.805413321 -14.882613694 0.143024517 -0.006146747 0.043332760 0.988322431 0.145956367
1706584666.572405338 57.726410645 -14.850775674 0.145686594 -0.011933236 0.040521353 0.988154353 0.147535058
1706584666.672243357 57.664945120 -14.827868645 0.142962153 -0.003581142 0.041541601 0.988089614 0.148122874
1706584666.772890091 57.583180889 -14.798861444 0.130921526 -0.004082079 0.045539983 0.988103410 0.146836978
1706584666.872722864 57.508365200 -14.774341590 0.129182322 -0.007381893 0.048414680 0.988628807 0.142178087
1706584666.972579241 57.442800636 -14.758224505 0.128252886 -0.007285352 0.046063691 0.989377913 0.137682264
1706584667.071888208 57.364650646 -14.736147482 0.130710786 -0.007970948 0.044947224 0.989890099 0.134289993
1706584667.170803308 57.289456413 -14.724562638 0.133831714 -0.006644412 0.043785419 0.990336881 0.131421270
1706584667.272894621 57.209084026 -14.705551056 0.138842629 -0.004147861 0.039054292 0.990963635 0.128252216
1706584667.372731686 57.124927234 -14.682704518 0.143839632 -0.008338478 0.035939062 0.991290674 0.126418564
1706584667.472584486 57.043380060 -14.664013260 0.146298582 -0.003600411 0.035467475 0.991534708 0.124851985
1706584667.572432041 56.959569439 -14.635456800 0.143402397 -0.005834113 0.034219754 0.991875087 0.122387843
1706584667.672264099 56.877665359 -14.618938219 0.145395458 -0.003797083 0.031640576 0.992110776 0.121246296
1706584667.772896051 56.799204253 -14.602077494 0.148879430 -0.005407254 0.027345313 0.992419156 0.119696341
1706584667.872432709 56.715918916 -14.579541425 0.138626633 -0.007870792 0.029831863 0.992197573 0.120797708
1706584667.972589016 56.629665538 -14.560318965 0.143913606 -0.005685853 0.030142143 0.992248353 0.120425611
1706584668.072433472 56.552664549 -14.538911537 0.138508600 -0.005316552 0.032107149 0.992446509 0.118282682
1706584668.172276497 56.475687604 -14.512190880 0.144404927 -0.003722133 0.032257586 0.992551558 0.117418047
1706584668.272910357 56.395865150 -14.500591973 0.150128680 -0.003460158 0.026347289 0.992516641 0.119182902
1706584668.371871233 56.309379048 -14.483524893 0.146983006 -0.000061782 0.023685058 0.992543077 0.119571131
1706584668.470750093 56.215936050 -14.468215182 0.141801681 -0.002199903 0.022135146 0.992568204 0.119639278
1706584668.572403669 56.141754128 -14.441655091 0.135066558 0.001138378 0.027324815 0.992329464 0.120558261
1706584668.672226429 56.061071311 -14.410872473 0.133840820 0.000517059 0.030868293 0.992119426 0.121432800
1706584668.772860527 55.990345726 -14.395465519 0.142492950 0.003376205 0.024756838 0.991947972 0.124156839
1706584668.872693062 55.910211062 -14.373353589 0.137335087 0.003897570 0.018653804 0.991970665 0.125024175
1706584668.972522736 55.831558122 -14.346645172 0.137994303 0.001988258 0.018389894 0.991500689 0.128779819
1706584669.072368145 55.761550018 -14.328893784 0.140672267 0.001875530 0.016398630 0.990895444 0.133618065
1706584669.171968937 55.685506047 -14.303514728 0.146437176 0.002652857 0.013321881 0.990091687 0.139763876
1706584669.270392418 55.610808531 -14.278917622 0.147198650 0.004387284 0.013880582 0.989198663 0.145856390
1706584669.372293711 55.527502981 -14.262701723 0.146870836 0.000556251 0.010012250 0.988213685 0.152751947
1706584669.472540855 55.449435556 -14.234579746 0.141215893 -0.001523963 0.007985170 0.987200596 0.159276166
1706584669.572362900 55.366579901 -14.190236186 0.129325574 -0.004619777 0.012607416 0.985840549 0.167147007
1706584669.671897411 55.276117095 -14.144951961 0.128016126 -0.008562049 0.020605730 0.984487622 0.174029356
1706584669.770969391 55.187021330 -14.097652072 0.124982970 -0.012672888 0.023702465 0.983043557 0.181391719
1706584669.872283220 55.101336224 -14.057304497 0.119429726 -0.010434734 0.024211974 0.981651993 0.188849840
1706584669.972918510 55.019259536 -14.021015527 0.124393670 -0.006977428 0.021452555 0.980364435 0.195899665
1706584670.072751284 54.937871034 -13.983764793 0.116738420 -0.006055809 0.026289188 0.979271313 0.200748356
1706584670.172594070 54.864326878 -13.932250556 0.105147399 -0.005042310 0.035328172 0.978532096 0.202981360
1706584670.272439718 54.804295325 -13.881800907 0.106205725 0.004893199 0.041118077 0.976652426 0.210797056
1706584670.372273207 54.718111540 -13.843479995 0.103749570 0.000818770 0.042425654 0.975572053 0.215542483
1706584670.471271753 54.638117107 -13.801015679 0.106057035 0.002799665 0.040809989 0.974753675 0.219503942
1706584670.569805861 54.546985422 -13.766392696 0.111770269 -0.002115091 0.038609916 0.975303948 0.217455766
1706584670.672584057 54.452455737 -13.731435459 0.108846494 -0.006539398 0.030005373 0.976382240 0.213856575
1706584670.772426367 54.370151044 -13.709871868 0.112106523 -0.008271387 0.024843509 0.977477845 0.209407371
1706584670.872264862 54.289848032 -13.659732226 0.103793008 -0.016270238 0.032294096 0.978423156 0.203421972
1706584670.972053766 54.216053716 -13.616222977 0.097049263 -0.019571215 0.040831736 0.979272132 0.197422969
1706584671.071488857 54.142254394 -13.583106624 0.086524130 -0.017949191 0.040540631 0.979959080 0.194202177
1706584671.172563553 54.066323744 -13.558595630 0.082617533 -0.022557624 0.036739174 0.981483889 0.186630015
1706584671.272404909 53.983897442 -13.543890660 0.083136214 -0.027542685 0.030751704 0.982369662 0.182333703
1706584671.372233391 53.918615144 -13.524591033 0.084460580 -0.021656112 0.028254844 0.983580173 0.176925745
1706584671.472865105 53.851885711 -13.493908318 0.083073016 -0.015707917 0.034046496 0.984640599 0.170519756
1706584671.572710276 53.792853226 -13.457346976 0.081192046 -0.008128114 0.043064882 0.985420859 0.164393066
1706584671.672151566 53.738883913 -13.429555922 0.079498755 -0.006095721 0.048254911 0.986198041 0.158264746
1706584671.770773649 53.671473489 -13.412410253 0.079612472 -0.001205614 0.046484387 0.987165085 0.152783649
1706584671.869462967 53.616213393 -13.386006762 0.081226198 0.005996978 0.048344988 0.987706525 0.148534907
1706584671.972868204 53.552999341 -13.375520462 0.079932793 0.012552197 0.040386879 0.988292656 0.146591159
1706584672.072695732 53.493056293 -13.373406180 0.078413451 0.018326569 0.033393616 0.989784560 0.137388239
1706584672.172541380 53.426050597 -13.347752533 0.077529920 0.020926224 0.040741536 0.990665161 0.128392989
1706584672.272374868 53.360357151 -13.325948879 0.079246983 0.021436864 0.043540677 0.991515846 0.120586057
1706584672.372213840 53.273025912 -13.310704858 0.082960213 0.014009335 0.042298142 0.992402568 0.114681077
1706584672.472844124 53.182154639 -13.291138955 0.085978534 0.013502283 0.039328872 0.993200424 0.108737506
1706584672.572693586 53.093072457 -13.274515624 0.094165423 0.009205345 0.036072746 0.993948617 0.103344881
1706584672.672529459 52.996450589 -13.269888046 0.093937630 0.003233543 0.034431733 0.994515056 0.098710709
1706584672.772380590 52.914235268 -13.254703582 0.104507470 0.003288868 0.030808564 0.995186914 0.092967855
1706584672.872220039 52.834119408 -13.237691133 0.108835806 -0.000544157 0.028220694 0.995581135 0.089562829
1706584672.971896648 52.752956700 -13.234408563 0.114848365 0.002359429 0.024874791 0.995684883 0.089371648
1706584673.070511341 52.682682549 -13.215925745 0.113647050 0.004663824 0.022913276 0.995963948 0.086654742
1706584673.169104815 52.598144481 -13.204994750 0.106719668 0.000652483 0.024484694 0.995896734 0.087119286
1706584673.272399902 52.508488148 -13.191643385 0.112764417 -0.002919961 0.019628607 0.996197144 0.084837741
1706584673.372239113 52.426848095 -13.174646734 0.110472180 -0.005930962 0.019619421 0.996044098 0.086464195
1706584673.472855806 52.341326693 -13.168442075 0.111510758 -0.009210384 0.015228716 0.996185025 0.085432148
1706584673.572706223 52.257148112 -13.152983548 0.108733262 -0.006389199 0.016124862 0.996457876 0.082285289
1706584673.672548056 52.173011368 -13.116193119 0.105220004 -0.006686792 0.028774950 0.996447739 0.078861860
1706584673.772379637 52.082308752 -13.092748024 0.104614701 -0.007449073 0.027159949 0.996357912 0.080484526
1706584673.872198343 52.013109252 -13.087687720 0.115766065 0.000364440 0.023326639 0.996618739 0.078783403
1706584673.972846270 51.935154636 -13.084748023 0.123016497 0.000517623 0.012370857 0.996678851 0.080485791
1706584674.072688580 51.853004600 -13.067481686 0.119271449 0.000375642 0.013506772 0.996588215 0.081420856
1706584674.172514439 51.763294497 -13.039781401 0.111068100 -0.000946067 0.018906746 0.996422613 0.082362717
1706584674.271536827 51.681279584 -13.016899781 0.109353545 0.003038950 0.021478041 0.996302957 0.083125662
1706584674.370173454 51.603567141 -12.998853509 0.106174080 0.005247264 0.023209621 0.996083402 0.085156535
1706584674.468823195 51.521258459 -12.983600169 0.113486598 0.002225308 0.018648564 0.995854589 0.088999534
1706584674.572285175 51.437225649 -12.979889585 0.119593462 0.007325361 0.015008414 0.995528268 0.092976097
1706584674.672919750 51.368928295 -12.966370566 0.113792081 0.005886304 0.011057883 0.995465309 0.094296838
1706584674.772766113 51.296363596 -12.937580136 0.113171376 0.010814508 0.019004906 0.995065274 0.096783061
1706584674.872621059 51.220128311 -12.911844164 0.117580367 0.010898331 0.023768412 0.994673080 0.099708336
1706584674.972447157 51.139073737 -12.887316676 0.116961079 0.006290363 0.020479603 0.994456177 0.102946246
1706584675.072297812 51.050770560 -12.861907534 0.113815492 0.004970811 0.026810810 0.993828387 0.107524920
1706584675.172533512 50.965847128 -12.834518090 0.119482745 0.003172397 0.022535254 0.993545635 0.111126815
1706584675.272375584 50.878147684 -12.804640569 0.119754859 0.000332275 0.029148335 0.993253361 0.112240922
1706584675.372217417 50.797987461 -12.785340680 0.119621778 0.000684026 0.028006408 0.992953543 0.115145279
1706584675.472581625 50.708164427 -12.762702019 0.119508491 -0.001550392 0.027841352 0.992428614 0.119615639
1706584675.571211576 50.626565042 -12.734288100 0.119612727 -0.000430442 0.026403743 0.992118261 0.122490873
1706584675.669883728 50.548120747 -12.712358251 0.110903651 0.002786034 0.029000292 0.991724146 0.125037749
1706584675.768572807 50.475120928 -12.684375395 0.101943930 0.003477017 0.035602667 0.991382213 0.126022490
1706584675.872604609 50.396776057 -12.652423888 0.098115141 0.003243693 0.042275866 0.990455781 0.131147154
1706584675.972440958 50.313827457 -12.629813701 0.093005780 -0.000649524 0.036581918 0.990334091 0.133789870
1706584676.072288036 50.238139506 -12.608528988 0.091312579 0.003453947 0.036067062 0.989938237 0.136782764
1706584676.172918320 50.158934092 -12.577351610 0.093925720 0.002750874 0.039699178 0.989092930 0.141815314
1706584676.272757769 50.089529342 -12.552911878 0.095783085 0.000990726 0.035756412 0.988458876 0.147205800
1706584676.372579098 50.006235859 -12.524295123 0.104685080 -0.001075276 0.030909840 0.987660440 0.153526155
1706584676.472414970 49.928856754 -12.486295859 0.100213143 0.000334722 0.037528693 0.986798885 0.157541888
1706584676.572249174 49.844088576 -12.443762723 0.098123182 0.000667554 0.041007299 0.985694144 0.163477857
1706584676.672886372 49.757164819 -12.406622288 0.101504426 -0.005228936 0.041555643 0.984711797 0.169081233
1706584676.772198677 49.679144072 -12.369629076 0.089841721 -0.005623804 0.046274686 0.983651205 0.173946352
1706584676.870865822 49.597409889 -12.329142661 0.079061973 -0.005446023 0.044698441 0.982657999 0.179876756
1706584676.969565630 49.516315670 -12.294500229 0.073961269 -0.002415665 0.049810680 0.981781198 0.183354141
1706584677.072242260 49.430840594 -12.261642510 0.074715318 -0.001222381 0.047202377 0.981537400 0.185350406
1706584677.172884226 49.363350720 -12.228520202 0.083425170 0.001836065 0.040932980 0.981596312 0.186520243
1706584677.272731543 49.295013107 -12.203516424 0.082802145 0.005745280 0.040571004 0.981443113 0.187324321
1706584677.372573853 49.215395816 -12.181519669 0.085530457 0.004721990 0.035169456 0.981451556 0.188397597
1706584677.472431898 49.141437432 -12.147021160 0.095975530 0.007147837 0.033618046 0.981469942 0.188508591
1706584677.572262764 49.065740717 -12.116350303 0.091842146 0.006284270 0.038847637 0.981548677 0.187119119
1706584677.672318697 48.987508734 -12.083572032 0.086613177 0.004662862 0.035175655 0.981526164 0.188008829
1706584677.770925522 48.905396309 -12.044707175 0.090330630 0.006015472 0.038309322 0.981736530 0.186251433
1706584677.872579336 48.820538414 -12.008311467 0.090407320 0.005698739 0.035583496 0.981605011 0.187491178
1706584677.972412825 48.723020458 -11.973354150 0.097910212 0.001955314 0.035720297 0.981809089 0.186470238
1706584678.071997404 48.637771375 -11.943608518 0.091905341 0.002145423 0.031700300 0.982042856 0.185963216
1706584678.170642138 48.551585138 -11.926087390 0.082331366 0.000357119 0.038153109 0.981567006 0.187270995
1706584678.269332886 48.477186835 -11.906710509 0.082786436 -0.001308686 0.025666191 0.982115865 0.186515313
1706584678.372570992 48.397635061 -11.876764431 0.076623485 -0.004332627 0.025231772 0.981963506 0.187329277
1706584678.472411156 48.321960508 -11.835244480 0.074819438 -0.008359216 0.031875462 0.981988374 0.186045457
1706584678.572240829 48.257134292 -11.797912065 0.071043454 -0.004852700 0.033369200 0.982525862 0.183046108
1706584678.672884703 48.166923896 -11.757318248 0.061727723 -0.009058950 0.028380497 0.983244482 0.179840961
1706584678.772735596 48.078663395 -11.728163681 0.058217925 -0.007149777 0.031406934 0.984404900 0.172943568
1706584678.872562170 47.993962621 -11.696161483 0.050872526 -0.015231218 0.032882650 0.984538144 0.171380817
1706584678.972006321 47.914896195 -11.666743848 0.058294354 -0.017777153 0.030213681 0.985210625 0.167723378
1706584679.070630550 47.834304920 -11.638991410 0.052031445 -0.017460286 0.030881115 0.985912717 0.163455219
1706584679.172888756 47.742571407 -11.604240485 0.041607821 -0.018771932 0.035069262 0.986591079 0.158290254
1706584679.272728682 47.648056979 -11.572139319 0.039434756 -0.020166828 0.035856449 0.987043591 0.155088892
1706584679.371479511 47.568790847 -11.553742438 0.026048228 -0.024431595 0.037185511 0.987323290 0.152358317
1706584679.470168829 47.494821612 -11.536662740 0.023912909 -0.023348838 0.038720396 0.987984223 0.147792891
1706584679.568902493 47.435857751 -11.512642285 0.018581414 -0.021800819 0.039265802 0.988794363 0.142367937
1706584679.672874928 47.371411054 -11.485262080 0.014963413 -0.025663659 0.045533687 0.988973497 0.138562199
1706584679.772727489 47.299300971 -11.460524234 0.015424195 -0.025041211 0.043851587 0.989869521 0.132696294
1706584679.872555017 47.230509280 -11.455965890 -0.002882796 -0.023592127 0.042808000 0.990382101 0.129437941
1706584679.972405672 47.165866004 -11.434199565 -0.006179813 -0.021019728 0.042646386 0.991151427 0.123928630
1706584680.072254658 47.092737216 -11.417781542 -0.012168585 -0.025177328 0.051977699 0.991075856 0.120137706
1706584680.172899723 47.025026549 -11.405099508 -0.019328129 -0.016430788 0.044420225 0.992312534 0.114335943
1706584680.272204161 46.945386362 -11.395531612 -0.009100194 -0.017110280 0.039930232 0.993278231 0.107290128
1706584680.372586966 46.874154723 -11.379643373 -0.019600526 -0.012875893 0.043068336 0.993942945 0.100283354
1706584680.472424746 46.796463618 -11.362258939 -0.020301067 -0.012868669 0.044717458 0.994391270 0.094977622
1706584680.572271585 46.728540270 -11.358706376 -0.019937221 -0.006569559 0.040290500 0.995208120 0.088849949
1706584680.671313524 46.662111374 -11.353387920 -0.006552687 -0.006955526 0.035026140 0.995886001 0.083281828
1706584680.770025253 46.588345447 -11.335694729 -0.011360778 -0.005869458 0.040994276 0.996110701 0.077772040
1706584680.868822575 46.499862213 -11.313597738 -0.011288711 -0.004643793 0.042273830 0.996390694 0.073463892
1706584680.972435951 46.405155245 -11.305513265 -0.024903846 -0.004038858 0.040685645 0.996859854 0.067814428
1706584681.072268248 46.332381333 -11.306056309 -0.023457569 0.000751799 0.036213642 0.997384374 0.062549313
1706584681.172921896 46.245964671 -11.294580151 -0.036916183 -0.001700879 0.039604382 0.997610642 0.056582746
1706584681.272754192 46.167000805 -11.285892258 -0.032199576 -0.004655540 0.034910544 0.997980790 0.052857575
1706584681.372602701 46.098959452 -11.286538043 -0.028714871 -0.003522524 0.029901006 0.998365085 0.048586813
1706584681.472432137 46.032482877 -11.280701197 -0.026409041 -0.001407016 0.035303395 0.998438502 0.043269488
1706584681.572278976 45.948763777 -11.271889964 -0.035747549 -0.003379009 0.035867422 0.998628593 0.037987417
1706584681.672909737 45.878055488 -11.268386809 -0.028821833 -0.007893535 0.031568760 0.998806448 0.036425056
1706584681.772755384 45.795364898 -11.267879717 -0.021831951 -0.009131915 0.030867850 0.998958737 0.032329957
1706584681.872295856 45.708541539 -11.271264763 -0.022885407 -0.006260245 0.031534355 0.999080056 0.028380179
1706584681.970999718 45.627583152 -11.258772213 -0.034809158 -0.007319284 0.033188329 0.999116489 0.024722536
1706584682.069682598 45.547281126 -11.250089096 -0.035753031 -0.011156514 0.035658216 0.999060496 0.021957887
1706584682.172912359 45.471179127 -11.245658168 -0.031728868 -0.012125616 0.033109625 0.999194166 0.019176554
1706584682.272763014 45.387324475 -11.243017101 -0.034986153 -0.008855756 0.030207096 0.999364457 0.016726881
1706584682.372618198 45.298376566 -11.237267985 -0.026543241 -0.006661114 0.035371516 0.999260620 0.013516637
1706584682.472429991 45.215146585 -11.232065944 -0.032778638 -0.005647515 0.040140719 0.999083518 0.013745986
1706584682.572275877 45.141493162 -11.225575717 -0.036627719 -0.008924300 0.033770159 0.999227879 0.017988321
1706584682.672906876 45.054068574 -11.213424492 -0.039539921 -0.007157067 0.034872522 0.999121464 0.022112987
1706584682.772743464 44.969183248 -11.202404044 -0.041924106 -0.007299675 0.032882006 0.999072767 0.026815934
1706584682.872596741 44.885294697 -11.194594860 -0.044191731 -0.005144610 0.037728459 0.998744005 0.032565454
1706584682.972434521 44.811957981 -11.187472281 -0.052513917 -0.006204846 0.037316525 0.998555128 0.038165875
1706584683.072277546 44.731539564 -11.180169162 -0.047484860 -0.006859331 0.031247488 0.998605301 0.041999971
1706584683.172012329 44.644125238 -11.176549893 -0.053114309 -0.006767395 0.036799186 0.998439120 0.041464987
1706584683.270747423 44.565710072 -11.164525581 -0.050958473 -0.003679195 0.035700177 0.998584097 0.039265282
1706584683.369507790 44.478329729 -11.153024133 -0.046631862 -0.007252335 0.037608646 0.998602241 0.036421950
1706584683.472419262 44.382605970 -11.139526604 -0.051133974 -0.005281766 0.038159914 0.998683271 0.033876949
1706584683.572264194 44.294105211 -11.132030955 -0.051941309 -0.007287154 0.037352698 0.998729812 0.033021763
1706584683.672884464 44.213977189 -11.128814691 -0.046279052 -0.007546223 0.032528000 0.998990753 0.030040945
1706584683.772747040 44.136121044 -11.117059746 -0.046095342 -0.008784150 0.033407449 0.999035055 0.027124522
1706584683.872578621 44.066010566 -11.112223302 -0.042949581 -0.006066950 0.037181750 0.998919051 0.027229399
1706584683.972423077 43.993321535 -11.110145156 -0.040910022 -0.004089849 0.034879034 0.998961095 0.029042335
1706584684.072280645 43.908303821 -11.100698646 -0.043116415 -0.005408538 0.033980053 0.998872753 0.032700552
1706584684.172930002 43.827086223 -11.084148655 -0.043335450 -0.004582408 0.033074182 0.998693668 0.038678894
1706584684.272772312 43.745845943 -11.082096403 -0.058164484 -0.004647203 0.030490532 0.998577255 0.043499388
1706584684.372605562 43.657426597 -11.066177498 -0.057597736 -0.003628786 0.035718038 0.998128220 0.049508694
1706584684.471814871 43.575481839 -11.060283937 -0.057750270 -0.001122071 0.031063736 0.998014533 0.054779352
1706584684.570587873 43.483095440 -11.059498057 -0.067030921 -0.002938768 0.030673959 0.997844695 0.057934767
1706584684.669419765 43.407206887 -11.044776258 -0.079647470 0.000095960 0.025405240 0.997764670 0.061807994
1706584684.772778749 43.329307378 -11.017566263 -0.077161487 0.003884083 0.030086388 0.997283987 0.067114622
1706584684.872612953 43.246155306 -10.992685487 -0.071656296 0.004465000 0.033062519 0.996784813 0.072848960
1706584684.972447634 43.159565319 -10.968032222 -0.073191499 0.002859020 0.034539952 0.996152677 0.080490132
1706584685.072294235 43.088733207 -10.936521124 -0.071064609 0.003555062 0.037864293 0.994963146 0.092746939
1706584685.172527552 43.002553790 -10.913431002 -0.068281849 0.000636372 0.033926737 0.993627054 0.107488830
1706584685.272372007 42.928424742 -10.883704499 -0.061389315 -0.003810504 0.041321620 0.991825103 0.120668840
1706584685.372206688 42.873493957 -10.836660726 -0.063715263 -0.002797352 0.049748674 0.989664873 0.134464435
1706584685.472866297 42.797923157 -10.791278961 -0.067193736 -0.002498366 0.056395014 0.987596438 0.146514970
1706584685.572707415 42.718765844 -10.756119277 -0.081301264 -0.001816537 0.052048541 0.986409804 0.155831150
1706584685.672559977 42.649265547 -10.716835217 -0.090110165 0.002437751 0.053890490 0.984980243 0.164023755
1706584685.771788359 42.567410430 -10.684704839 -0.093005457 -0.002450014 0.051393217 0.983720193 0.172183959
1706584685.870605946 42.488457696 -10.661206896 -0.101828224 -0.005241073 0.051075931 0.982909573 0.176783911
1706584685.972885847 42.416631174 -10.632634077 -0.101099663 -0.001924065 0.053979491 0.981328237 0.184600662
1706584686.072741270 42.341833482 -10.598541852 -0.093770220 -0.003913392 0.054771957 0.980268429 0.189890822
1706584686.172581673 42.279190675 -10.561360788 -0.105987347 -0.004508358 0.052490330 0.979294588 0.195464958
1706584686.272412539 42.198074065 -10.526155003 -0.112168197 -0.006772921 0.056634815 0.978571363 0.197850226
1706584686.372267246 42.126531727 -10.491219916 -0.113100872 -0.003685129 0.058333392 0.978321338 0.198673084
1706584686.472908020 42.046722697 -10.459099526 -0.112457084 -0.000390388 0.060499728 0.977765766 0.200782810
1706584686.572754145 41.970846536 -10.442000677 -0.106793671 -0.003078582 0.048105948 0.978404043 0.201002159
1706584686.671756983 41.894975288 -10.408196767 -0.117365204 -0.001771574 0.049695538 0.978828979 0.198547335
1706584686.772445202 41.821346428 -10.367193677 -0.109797385 -0.000575122 0.049315886 0.979170418 0.196959148
1706584686.872273684 41.743206284 -10.324034671 -0.119836166 0.003034169 0.049877510 0.979909961 0.193078991
1706584686.972870827 41.666576161 -10.284312431 -0.124148181 0.002055481 0.051389083 0.980361871 0.190382613
1706584687.071729660 41.585279093 -10.250896240 -0.122998402 0.003672350 0.055878137 0.980746657 0.187083249
1706584687.170623302 41.505748294 -10.224251569 -0.132224185 -0.000454470 0.047542180 0.981286296 0.186592445
1706584687.272424936 41.434174065 -10.187284501 -0.127502199 0.003037169 0.052801518 0.981628050 0.183327976
1706584687.372266531 41.359291830 -10.164727884 -0.128718058 0.002286470 0.049564499 0.982133089 0.181528862
1706584687.472921371 41.287685683 -10.132678099 -0.133515636 0.002132834 0.049087983 0.982626659 0.178971142
1706584687.572759390 41.216823926 -10.113171561 -0.134172906 0.003377939 0.044187425 0.983180349 0.177179179
1706584687.672600269 41.143799690 -10.088521936 -0.135366871 0.003854498 0.045826962 0.983317062 0.175990308
1706584687.772424459 41.067123065 -10.059576661 -0.121892959 0.002161479 0.046204336 0.983612670 0.174260158
1706584687.872017145 40.987447890 -10.042047677 -0.125509244 0.001034941 0.043267611 0.984065347 0.172459372
1706584687.970409632 40.907317617 -10.015032819 -0.118806822 0.000486194 0.039737497 0.984533153 0.170631665
1706584688.072741032 40.833094736 -9.987414691 -0.123427984 0.000640071 0.036573442 0.985171360 0.167628653
1706584688.172576427 40.757529536 -9.958201781 -0.122863724 -0.000025699 0.041177384 0.985587285 0.164079631
1706584688.272415638 40.677183614 -9.933609223 -0.134682050 -0.000552801 0.041914019 0.985784697 0.162700464
1706584688.371731043 40.602070069 -9.909653226 -0.135270695 0.002960134 0.044181075 0.986273865 0.159069588
1706584688.470394611 40.519268605 -9.881488255 -0.131777736 0.003044180 0.044614167 0.986503633 0.157514732
1706584688.572714567 40.427955846 -9.842974511 -0.135241676 0.001684835 0.044434324 0.986717420 0.156241753
1706584688.672557354 40.340344966 -9.807179135 -0.133696018 0.000590063 0.045880781 0.986563714 0.156801287
1706584688.772400618 40.259333600 -9.772068266 -0.127432275 0.001897194 0.046539607 0.986106766 0.159448774
1706584688.872237682 40.163402845 -9.727751661 -0.141314580 -0.002501907 0.047906261 0.985811470 0.160855449
1706584688.972895145 40.066373549 -9.693145594 -0.145664462 -0.007018488 0.049910319 0.984825279 0.166068872
1706584689.072735071 39.977442950 -9.653616963 -0.139668711 -0.008725542 0.047667119 0.984199733 0.170301486
1706584689.171322823 39.882581882 -9.611930135 -0.145893843 -0.006858866 0.044028123 0.983379176 0.176011012
1706584689.269914627 39.793485024 -9.584937308 -0.140628230 -0.003929874 0.045881162 0.982531419 0.180309415
1706584689.372243643 39.713224422 -9.536966687 -0.147736663 -0.002142877 0.054557013 0.981028013 0.186018759
1706584689.472872972 39.615260813 -9.489725811 -0.147143022 0.001511009 0.048859208 0.980235634 0.191699232
1706584689.572714329 39.519471741 -9.449099172 -0.149990436 -0.000476859 0.043860527 0.979372193 0.197246380
1706584689.671417713 39.437829700 -9.406147110 -0.162124869 0.001408000 0.045712434 0.978622690 0.200514392
1706584689.770021439 39.355250191 -9.362420302 -0.165345407 -0.002305080 0.049444889 0.978457469 0.200426722
1706584689.872213602 39.276384220 -9.327812569 -0.169005203 -0.000701190 0.050807034 0.978255727 0.201081788
1706584689.972864628 39.183172279 -9.295420148 -0.169653574 -0.007175965 0.046871680 0.978721717 0.199638052
1706584690.072693110 39.093032748 -9.269511562 -0.167141568 -0.004242898 0.034912387 0.979777844 0.196973345
1706584690.172542334 39.015137995 -9.241775355 -0.173040344 -0.008865228 0.030954484 0.980684590 0.192927351
1706584690.272390842 38.937001376 -9.206926457 -0.172735193 -0.008015955 0.033530745 0.981173808 0.190024713
1706584690.372229099 38.855993348 -9.185311551 -0.173817477 -0.005471500 0.032825688 0.981850154 0.186715861
1706584690.470954895 38.783688634 -9.168879347 -0.170135232 -0.005106608 0.030534554 0.982628195 0.182984684
1706584690.569555998 38.712360366 -9.139688663 -0.170258310 -0.002122417 0.031284547 0.983090504 0.180415726
1706584690.672532558 38.634829234 -9.109865275 -0.169467036 0.000563430 0.019693557 0.983859145 0.177856765
1706584690.772365093 38.564005944 -9.068315083 -0.172644309 0.005909780 0.027517188 0.984476463 0.173245412
1706584690.872597694 38.484346834 -9.024628424 -0.184103736 0.004469914 0.028993789 0.984877996 0.170747511
1706584690.971143723 38.402738861 -9.000943117 -0.190810043 0.004713786 0.036979268 0.984084487 0.173747049
1706584691.072270870 38.316492827 -8.964469280 -0.185173753 0.001191654 0.025840503 0.983831425 0.177219006
1706584691.172912359 38.236341688 -8.934789309 -0.185513622 0.000273031 0.026361376 0.983307684 0.180030560
1706584691.272763729 38.146520745 -8.902693984 -0.188020096 0.000993135 0.025372036 0.982817176 0.182826889
1706584691.372611523 38.074859283 -8.863224485 -0.188085189 -0.000916830 0.034519220 0.982308176 0.184060400
1706584691.472465038 37.995260241 -8.821908045 -0.189676539 0.002148111 0.026661588 0.981740192 0.188336774
1706584691.572288990 37.907378512 -8.793530895 -0.191021581 0.001095969 0.030299156 0.981554837 0.188761389
1706584691.672072649 37.831026397 -8.763142032 -0.186353421 0.002858844 0.031503496 0.981776531 0.187387835
1706584691.770639896 37.752187061 -8.736944102 -0.182207983 0.001350240 0.029678222 0.982041205 0.186312779
1706584691.869254589 37.672608547 -8.705260212 -0.185433471 0.001045888 0.030100127 0.982566547 0.183455358
1706584691.972880602 37.587993805 -8.662931543 -0.187057369 -0.000568981 0.032898414 0.983162911 0.179744433
1706584692.072704315 37.507757897 -8.637705857 -0.193671931 -0.002880664 0.028242831 0.983909738 0.176396347
1706584692.171632528 37.427119356 -8.602107006 -0.174317234 -0.004279232 0.033156101 0.983631910 0.177061085
1706584692.270565271 37.350686265 -8.565551863 -0.185238349 -0.001864205 0.035226148 0.983482435 0.177532934
1706584692.372235775 37.271740320 -8.540257866 -0.174830676 0.000854858 0.029749595 0.983628875 0.177731449
1706584692.472880840 37.182550944 -8.508636853 -0.171055716 -0.002142841 0.025216688 0.984030498 0.176191676
1706584692.572735786 37.090744284 -8.485568321 -0.175080988 0.002027066 0.027932830 0.984094601 0.175423673
1706584692.672601223 36.996607731 -8.449470117 -0.178429482 -0.003528806 0.022887745 0.984530227 0.173677666
1706584692.772439957 36.902199674 -8.419977547 -0.183316723 -0.007807046 0.018104414 0.985593551 0.167978074
1706584692.872272968 36.805406829 -8.386572451 -0.196898487 -0.011429526 0.024857082 0.985709816 0.166215675
1706584692.971528530 36.715865327 -8.353688797 -0.198215047 -0.017716263 0.024263581 0.985945931 0.164341211
1706584693.070153713 36.624041164 -8.335787226 -0.191161078 -0.017223098 0.027352991 0.986689383 0.159371388
1706584693.172621250 36.528359171 -8.303944867 -0.193625926 -0.020214674 0.029359717 0.987313534 0.154729955
1706584693.272449732 36.445073636 -8.269397605 -0.189763735 -0.016726866 0.028451725 0.987914816 0.151443152
1706584693.372292280 36.360550829 -8.233320767 -0.194210327 -0.013670773 0.024786384 0.988783276 0.146650532
1706584693.471458197 36.268480368 -8.193033432 -0.202655456 -0.014454099 0.030168864 0.989268357 0.142228815
1706584693.570659399 36.166266524 -8.168412218 -0.207680045 -0.013816407 0.027742624 0.989740233 0.139476614
1706584693.672249794 36.060370519 -8.149568885 -0.205477532 -0.015252848 0.025974833 0.990057197 0.137402347
1706584693.772881031 35.957321514 -8.126880956 -0.205439515 -0.011120781 0.022948717 0.990649238 0.134028999
1706584693.872718334 35.871974746 -8.101176609 -0.212375247 -0.012703704 0.025466536 0.990650540 0.133422559
1706584693.972568989 35.783231570 -8.072035108 -0.214078947 -0.012535719 0.024879425 0.990673916 0.133375645
1706584694.072420120 35.696384363 -8.048964048 -0.214943032 -0.011093129 0.030703406 0.990648861 0.132472931
1706584694.172251463 35.612219662 -8.025340473 -0.227737820 -0.010570645 0.024685399 0.990922119 0.131727924
1706584694.271212339 35.530460989 -8.002981248 -0.229622498 -0.010274211 0.035894382 0.990740966 0.130531112
1706584694.369823694 35.460260542 -7.975652399 -0.231806612 -0.009911015 0.034106748 0.990859053 0.130141609
1706584694.472559452 35.385924327 -7.949619321 -0.240119717 -0.009291599 0.031597594 0.991032156 0.129501058
1706584694.572396755 35.311579978 -7.928456828 -0.237691105 -0.009462115 0.032806158 0.991129914 0.128435660
1706584694.672245741 35.234573111 -7.903360479 -0.239453664 -0.009982814 0.032550797 0.991110461 0.128611209
1706584694.771855116 35.152530732 -7.886945151 -0.234332374 -0.011511018 0.035658830 0.990924393 0.129092185
1706584694.872744322 35.073969170 -7.851772419 -0.229865454 -0.010636373 0.035363950 0.990572230 0.131920108
1706584694.972579241 34.976966201 -7.823704661 -0.237819542 -0.012259154 0.034567832 0.989853995 0.137272890
1706584695.072412968 34.889261111 -7.791221715 -0.243765816 -0.013826564 0.036037726 0.988875162 0.143652437
1706584695.170996428 34.789833474 -7.755794628 -0.242160954 -0.015957224 0.035757164 0.987987489 0.149490847
1706584695.272893429 34.701979118 -7.728703958 -0.242911834 -0.015697934 0.032927518 0.987232579 0.155052211
1706584695.372731447 34.602527164 -7.691122806 -0.253824295 -0.014861569 0.032096280 0.986704701 0.158627850
1706584695.472167730 34.508279982 -7.648429182 -0.259332165 -0.017613806 0.036359175 0.985979541 0.161901539
1706584695.570828438 34.424556288 -7.613064200 -0.264439182 -0.011579130 0.038963615 0.985034684 0.167494573
1706584695.669477463 34.328642683 -7.579981110 -0.276530294 -0.013886296 0.033048334 0.984160767 0.173616139
1706584695.772889614 34.234366248 -7.546321418 -0.276707341 -0.013968408 0.033315962 0.983038559 0.179805788
1706584695.872740746 34.138054514 -7.508648083 -0.272099258 -0.017263864 0.029257337 0.982477812 0.183257513
1706584695.972583294 34.042807280 -7.466775811 -0.276998741 -0.019649900 0.032252244 0.982424791 0.182798262
1706584696.072405577 33.948819184 -7.419948906 -0.278308462 -0.021098126 0.032460583 0.983047262 0.179218471
1706584696.172260046 33.852477146 -7.390069612 -0.283115961 -0.024144284 0.028981697 0.984210944 0.172933320
1706584696.272918940 33.754023023 -7.354910622 -0.285373053 -0.022966375 0.024951490 0.985360037 0.167079520
1706584696.371847868 33.655470600 -7.324454132 -0.288335702 -0.023641247 0.029935051 0.986400608 0.159871276
1706584696.470452785 33.565441543 -7.299506410 -0.286335878 -0.018704729 0.027692336 0.987487792 0.154114010
1706584696.572454691 33.471221202 -7.270401967 -0.285356853 -0.013148142 0.022343480 0.988572137 0.148502613
1706584696.672294855 33.373811182 -7.250253424 -0.297917634 -0.014960937 0.025155973 0.988947515 0.145348407
1706584696.771891356 33.297140128 -7.227670093 -0.282615552 -0.007701650 0.017577171 0.989269857 0.144833965
1706584696.870533705 33.221330170 -7.203722415 -0.294193529 -0.005565314 0.020853652 0.989333871 0.144057783
1706584696.969267368 33.134969984 -7.174373679 -0.302646050 -0.002374087 0.016433201 0.989470389 0.143779912
1706584697.072862387 33.049905883 -7.147456210 -0.300490423 -0.005597613 0.018509592 0.989527534 0.143043072
1706584697.172707319 32.957623844 -7.108353343 -0.302315104 -0.006141632 0.021072242 0.989674228 0.141644499
1706584697.272557974 32.855618485 -7.076041691 -0.302507354 -0.006871265 0.026552306 0.989413524 0.142508385
1706584697.372400999 32.752010402 -7.059165267 -0.298226375 -0.011201403 0.024430657 0.989461342 0.142281148
1706584697.472234964 32.654466573 -7.022242013 -0.306329560 -0.011913005 0.031755413 0.989306250 0.141854916
1706584697.572863102 32.555766367 -6.985623565 -0.311117283 -0.009452928 0.035610525 0.989108526 0.142502130
1706584697.671505451 32.456485054 -6.952835189 -0.312552893 -0.010738826 0.036608779 0.988922359 0.143447001
1706584697.770075321 32.363898561 -6.921257758 -0.325435839 -0.008100081 0.035060039 0.988721691 0.145377440
1706584697.872374535 32.262529053 -6.883155878 -0.326816955 -0.007734188 0.032577130 0.988196349 0.149488757
1706584697.972231150 32.161962945 -6.848360226 -0.328051214 -0.008379252 0.029831792 0.987846005 0.152315867
1706584698.071536541 32.079097401 -6.799586372 -0.326692998 -0.009135344 0.030859119 0.987507129 0.154252813
1706584698.170214653 31.975380077 -6.758686327 -0.325777117 -0.007668374 0.037042121 0.987383738 0.153760958
1706584698.268834591 31.867525989 -6.725805491 -0.331866719 -0.012580227 0.042493089 0.987384597 0.152012277
1706584698.372362852 31.756555048 -6.693712936 -0.328204904 -0.009784940 0.041116931 0.987774557 0.150050250
1706584698.472609520 31.661538952 -6.667180618 -0.325316153 -0.012111099 0.034801260 0.988540527 0.146389275
1706584698.572449923 31.573691734 -6.643894422 -0.337042012 -0.004444619 0.033525586 0.989295164 0.141955482
1706584698.672281027 31.493996420 -6.615962931 -0.339401773 -0.006391556 0.034356435 0.989940997 0.137097064
1706584698.772933960 31.407536558 -6.596141286 -0.341580089 0.002906732 0.040245575 0.990617564 0.130570616
1706584698.872588634 31.323251489 -6.565055899 -0.333185800 0.003775139 0.042965117 0.991184149 0.125274614
1706584698.971206188 31.243922390 -6.544671893 -0.343289619 0.002293817 0.038093808 0.991729838 0.122537868
1706584699.069887877 31.159349204 -6.522497586 -0.343376949 0.006345751 0.043543457 0.992091867 0.117547552
1706584699.172292709 31.057627915 -6.494980146 -0.340204018 0.001023321 0.040621016 0.992832862 0.112391251
1706584699.272527695 30.956485625 -6.480394773 -0.333347650 0.000876657 0.035565012 0.993512044 0.108019351
1706584699.371243715 30.855269974 -6.469696438 -0.340843314 -0.000399966 0.033668182 0.993974710 0.104309971
1706584699.469948053 30.748726647 -6.448582577 -0.343352924 -0.003728368 0.036106585 0.994562091 0.097614857
1706584699.568720818 30.661580175 -6.426842700 -0.337475475 -0.002955950 0.044011944 0.994896546 0.090747308
1706584699.672275543 30.547105429 -6.404079775 -0.335977544 -0.006715741 0.045385351 0.995416643 0.083909334
1706584699.772923708 30.438593324 -6.393180206 -0.331005781 -0.002686014 0.045292067 0.995929793 0.077879785
1706584699.872769833 30.336543321 -6.384342066 -0.335593739 -0.005915620 0.038539867 0.996543450 0.073354184
1706584699.972603798 30.238837553 -6.363212338 -0.332510131 -0.004067216 0.038901968 0.996626292 0.072153507
1706584700.072432280 30.143766969 -6.336405181 -0.329866594 -0.003482173 0.037495107 0.996670305 0.072320777
1706584700.172263145 30.057700157 -6.304215848 -0.335677089 -0.001887000 0.040473182 0.996255944 0.076370510
1706584700.271299362 29.979627098 -6.286176104 -0.335627811 0.001578745 0.041199718 0.995712318 0.082807437
1706584700.372752666 29.881112124 -6.272346880 -0.338850678 -0.000383737 0.043205471 0.995176798 0.088069745
1706584700.472585678 29.808887585 -6.259487727 -0.336386167 0.002104324 0.045543500 0.994482765 0.094474295
1706584700.572408915 29.753893594 -6.244199921 -0.319543168 0.017074030 0.044742106 0.993494855 0.103317930
1706584700.671164274 29.690923726 -6.229139984 -0.331795247 0.019720569 0.036465291 0.992346422 0.116318360
1706584700.769685268 29.588272104 -6.203614061 -0.347507363 -0.001065847 0.038349233 0.991887590 0.121190800
1706584700.872737646 29.497036176 -6.167139631 -0.332477763 -0.001670467 0.036425453 0.990843540 0.129997979
1706584700.972578287 29.399410681 -6.125772946 -0.327945654 -0.003075054 0.033689756 0.989736969 0.138839031
1706584701.072418690 29.309203031 -6.084062806 -0.323475154 0.000970629 0.038061512 0.988855521 0.143927546
1706584701.172270060 29.215509208 -6.034705190 -0.342671627 -0.013691957 0.049508725 0.987168285 0.151195879
1706584701.272897005 29.127858621 -5.997948638 -0.357469538 -0.003856125 0.039393790 0.987652208 0.151579604
1706584701.372717619 29.053149370 -5.972408035 -0.372203929 0.014698509 0.038324798 0.986862837 0.156259096
1706584701.471719027 28.945796122 -5.947269895 -0.361231441 0.002603921 0.032149351 0.986691030 0.159375187
1706584701.570386648 28.849057240 -5.923542683 -0.368075229 -0.000376127 0.030381214 0.986934072 0.158233936
1706584701.669090271 28.755159387 -5.885083882 -0.368964427 -0.006041745 0.036934745 0.987228807 0.154850268
1706584701.772832632 28.665399138 -5.840070775 -0.377289654 -0.008146344 0.042756062 0.988001809 0.148182256
1706584701.871966124 28.562669141 -5.805206527 -0.371525557 -0.006748665 0.055121726 0.988715389 0.139132783
1706584701.970786095 28.480790557 -5.791950358 -0.368686983 0.002146202 0.050208962 0.990625131 0.127028751
1706584702.069613457 28.396365354 -5.779159064 -0.365092008 0.009310597 0.043874767 0.992470842 0.113973441
1706584702.172582150 28.302978432 -5.758302590 -0.363487632 0.012427294 0.050354400 0.993479845 0.101527309
1706584702.272419930 28.206242826 -5.721857683 -0.363487508 0.018442448 0.060764530 0.993892786 0.090247872
1706584702.372243643 28.109356946 -5.687145993 -0.354387287 0.017179184 0.065890165 0.994221140 0.082992083
1706584702.472869396 28.003864421 -5.667814223 -0.352944182 0.008974677 0.063706137 0.994521224 0.082392464
1706584702.572714567 27.908221298 -5.665241991 -0.336001042 0.003577475 0.054567814 0.994794571 0.085984397
1706584702.672551632 27.811135936 -5.658992942 -0.325106331 0.000023225 0.043790841 0.995208448 0.087421432
1706584702.772082329 27.713269252 -5.644366955 -0.319668966 -0.001435554 0.038200716 0.995315405 0.088802528
1706584702.870736361 27.611476513 -5.612437003 -0.321391630 0.000816339 0.040779058 0.994839173 0.092905449
1706584702.972846270 27.513410665 -5.591816100 -0.324183152 0.008864851 0.045511642 0.994029491 0.098769816
1706584703.072680473 27.420250266 -5.568744192 -0.329504194 0.010771258 0.040708431 0.993729927 0.103574300
1706584703.171909809 27.326109265 -5.557622745 -0.328637040 0.013048487 0.032602717 0.993461417 0.108633385
1706584703.270644665 27.238099852 -5.537784219 -0.328975027 0.011993903 0.035774273 0.992590031 0.115504884
1706584703.369502544 27.166412473 -5.513657745 -0.319178220 0.016348608 0.028330279 0.992308381 0.119390933
1706584703.472469330 27.068059903 -5.490338056 -0.323867098 0.009411931 0.030327312 0.992462788 0.118360821
1706584703.572308779 26.976928599 -5.476756943 -0.326135078 0.009816097 0.029314629 0.992715870 0.116445255
1706584703.672554255 26.895195953 -5.458665571 -0.327071546 0.005399863 0.025978026 0.992842367 0.116447489
1706584703.772383213 26.805518978 -5.431769961 -0.335551981 0.009720291 0.022225377 0.992763924 0.117606720
1706584703.872216940 26.714427672 -5.396892445 -0.330333141 0.006933972 0.027414702 0.992449677 0.119348200
1706584703.972831964 26.619048229 -5.365717463 -0.329799339 -0.000279436 0.024303395 0.992125355 0.122868007
1706584704.071492910 26.528495892 -5.341691997 -0.329735662 0.000094294 0.027398888 0.991683665 0.125748957
1706584704.170252800 26.420397581 -5.321282194 -0.329677688 -0.004739628 0.030709612 0.991700281 0.124759801
1706584704.272354603 26.311233979 -5.289672462 -0.329751393 -0.005884442 0.031244607 0.992092697 0.121413462
1706584704.372594118 26.206733247 -5.246969681 -0.331105643 -0.007292486 0.039458470 0.992171477 0.118260770
1706584704.471526861 26.106797158 -5.221348265 -0.336188473 -0.005417750 0.043827688 0.992384046 0.114994290
1706584704.570386410 26.002608560 -5.200749255 -0.326235328 -0.000390402 0.040221389 0.993173777 0.109489432
1706584704.672909260 25.900185608 -5.188018173 -0.327876993 -0.002932461 0.036680005 0.993861602 0.104331655
1706584704.772733212 25.796896879 -5.174494287 -0.329802334 -0.000679942 0.033050666 0.994470333 0.099679224
1706584704.872565269 25.679567207 -5.150767457 -0.332983230 -0.000871085 0.027812042 0.994867628 0.097283787
1706584704.972407818 25.578682330 -5.131566850 -0.344182959 -0.002785887 0.027257125 0.994810644 0.097985054
1706584705.072267532 25.472066851 -5.106290239 -0.346492169 -0.004575792 0.022106135 0.994445136 0.102806873
1706584705.172902107 25.358123203 -5.081209070 -0.353879613 -0.009562662 0.023924902 0.993464064 0.111199409
1706584705.272567034 25.258469931 -5.052652231 -0.357747536 -0.014177972 0.026396353 0.992409803 0.119268606
1706584705.371220112 25.168508579 -5.016440244 -0.352190115 -0.013269531 0.022830233 0.991565623 0.126887020
1706584705.469778538 25.076872252 -4.973074531 -0.354906351 -0.009826193 0.028356965 0.990597818 0.133473936
1706584705.572251558 25.002749055 -4.937261943 -0.347262015 -0.004372230 0.031329263 0.989434262 0.141489228
1706584705.672623396 24.912876752 -4.904007422 -0.354560443 0.004295319 0.032279505 0.988741062 0.146050320
1706584705.771509409 24.818032554 -4.867801531 -0.356231038 0.009126541 0.038073179 0.988717734 0.144583476
1706584705.870380878 24.731251587 -4.838582763 -0.358210260 0.010347547 0.042154860 0.989007497 0.141350867
1706584705.972413778 24.627189362 -4.806392471 -0.356760966 0.008580031 0.039559019 0.989829972 0.136374830
1706584706.072255373 24.525458556 -4.784015264 -0.347293094 0.007162031 0.037026814 0.990599113 0.131495697
1706584706.172884226 24.426682549 -4.755991023 -0.343578349 0.007959545 0.034925567 0.991349418 0.126266317
1706584706.272726059 24.318006861 -4.734954234 -0.336231314 0.008248049 0.035816591 0.991894088 0.121635765
1706584706.372569084 24.208422798 -4.707273439 -0.331219400 0.009400863 0.033815048 0.992767657 0.114806559
1706584706.472404718 24.097840282 -4.682778325 -0.319602017 0.011036527 0.029668137 0.993301995 0.111126699
1706584706.572245121 23.996263572 -4.664018609 -0.315845614 0.019222418 0.025970869 0.993153334 0.112260715
1706584706.671056509 23.903344037 -4.637512884 -0.318383979 0.022315780 0.022187948 0.993127979 0.112723194
1706584706.772722960 23.819515054 -4.610714873 -0.316989962 0.029890689 0.025974040 0.992715757 0.113786299
1706584706.872549772 23.724769281 -4.581066580 -0.309692813 0.033433364 0.022410842 0.992421966 0.116097398
1706584706.972395897 23.619649243 -4.557666209 -0.309076774 0.030147846 0.022479651 0.992250180 0.118428680
1706584707.071610928 23.513561314 -4.524167927 -0.307066947 0.027828510 0.025186588 0.992038636 0.120210456
1706584707.170502424 23.411537026 -4.487541976 -0.297432661 0.023267681 0.028407105 0.991553750 0.124389757
1706584707.272718430 23.299433509 -4.448862098 -0.291470259 0.018581010 0.027428325 0.991314546 0.127270988
1706584707.372554302 23.191353605 -4.421159624 -0.295715985 0.012180802 0.029980191 0.990972021 0.130104841
1706584707.472395658 23.079028239 -4.388587213 -0.296493825 0.009439719 0.027985266 0.990545818 0.133965292
1706584707.572237253 22.960813882 -4.353195447 -0.297184142 0.006613056 0.030996682 0.989955213 0.137782983
1706584707.672876358 22.833994286 -4.303593579 -0.306402739 -0.006869620 0.038890777 0.989228140 0.140953902
1706584707.772722483 22.724230882 -4.254906195 -0.301114195 -0.009069543 0.042849967 0.987635643 0.150523954
1706584707.871610165 22.604932585 -4.216642418 -0.297591895 -0.005973883 0.029610083 0.986636006 0.160115416
1706584707.969948292 22.487784310 -4.179080545 -0.288715901 -0.007125489 0.022959474 0.985189508 0.169775509
1706584708.068471670 22.376985744 -4.145860643 -0.296735154 -0.007171732 0.016691812 0.983802711 0.178331645
1706584708.172881842 22.283024182 -4.074040452 -0.305401909 0.002173329 0.032325888 0.983492500 0.178024761
1706584708.272454262 22.187203201 -4.009566581 -0.318304897 0.004508039 0.049454402 0.983153398 0.175907179
1706584708.371421814 22.094323750 -3.966470355 -0.313843457 0.002836750 0.057883447 0.984312486 0.166644502
1706584708.470505476 21.992271950 -3.949655258 -0.304850187 0.007524793 0.048633926 0.985880113 0.160057870
1706584708.572252035 21.903369039 -3.938880154 -0.304397291 0.009040338 0.041537726 0.987165555 0.153938485
1706584708.672880411 21.832839502 -3.919705812 -0.312322326 0.012123424 0.038601071 0.988283032 0.147172105
1706584708.772723198 21.756756534 -3.892175067 -0.302746118 0.012125928 0.039016923 0.989131092 0.141245618
1706584708.872559547 21.692019777 -3.871357399 -0.300897961 0.015471225 0.038357533 0.989841670 0.136025033
1706584708.972405434 21.612873798 -3.858346133 -0.294535973 0.017005931 0.038603673 0.990604503 0.130089486
1706584709.072269678 21.513947107 -3.833473528 -0.292826968 0.014559212 0.036986018 0.991419064 0.124532339
1706584709.171039820 21.415113410 -3.810669401 -0.299042853 0.011262050 0.039704309 0.992247923 0.117221132
1706584709.269550562 21.316969228 -3.787260719 -0.297896780 0.010225826 0.042153383 0.993151033 0.108487561
1706584709.372581959 21.194693718 -3.763093983 -0.293140173 0.007431590 0.044429147 0.993824533 0.101408183
1706584709.472421646 21.087666084 -3.746387322 -0.285132331 0.004164935 0.040784567 0.994663164 0.094680843
1706584709.572264433 20.977849418 -3.726491369 -0.277437916 0.002265565 0.040227891 0.995399280 0.086930183
1706584709.671489239 20.854975770 -3.696840243 -0.271864435 0.005107879 0.045746677 0.995742096 0.079867575
1706584709.772718668 20.740320890 -3.675464558 -0.268161201 0.005979358 0.045311806 0.995768089 0.079730796
1706584709.872544765 20.636367493 -3.656404304 -0.259283205 0.012220326 0.036474664 0.995788606 0.083218481
1706584709.972407103 20.551581792 -3.634764310 -0.256024429 0.023061065 0.035092820 0.995107878 0.089425908
1706584710.072237253 20.465777843 -3.611230566 -0.257683498 0.032409281 0.035817464 0.994265811 0.095405686
1706584710.172871113 20.375536463 -3.579967527 -0.260365098 0.033117401 0.035143713 0.993659487 0.101533148
1706584710.272717476 20.286898459 -3.564633099 -0.260878116 0.035058602 0.035173280 0.992906286 0.108031668
1706584710.372382402 20.179367127 -3.535163572 -0.258851083 0.031718403 0.033781909 0.992459156 0.113479294
1706584710.470721245 20.067726522 -3.505741351 -0.256406928 0.022651231 0.035911137 0.992315075 0.116224367
1706584710.569165230 19.962014420 -3.479014954 -0.253035278 0.012129478 0.035224685 0.992511357 0.116332731
1706584710.672873259 19.852081605 -3.448667719 -0.246088710 0.013742470 0.042961965 0.992520184 0.113442051
1706584710.772704601 19.725549862 -3.414988636 -0.249848627 0.010663264 0.049533627 0.992729396 0.109183615
1706584710.872449636 19.599978071 -3.381971618 -0.246844836 0.009812098 0.043808804 0.993569813 0.103940075
1706584710.972076893 19.487021211 -3.364151119 -0.235391680 0.015069105 0.039537636 0.994222922 0.098643188
1706584711.072227478 19.378059346 -3.338747324 -0.233133423 0.018597992 0.041227761 0.994693021 0.092413095
1706584711.172861338 19.280861180 -3.323227613 -0.229572617 0.019769229 0.039611126 0.994991632 0.089620242
1706584711.272703171 19.180289366 -3.296916544 -0.223087022 0.018682704 0.038474029 0.995120766 0.088912128
1706584711.372537374 19.083126722 -3.272742204 -0.218320686 0.017478459 0.041300174 0.994778657 0.091674549
1706584711.472371817 18.972574637 -3.239934068 -0.217580117 0.009946392 0.041696067 0.994791277 0.092481475
1706584711.572212696 18.861893006 -3.214889738 -0.218376857 0.004957600 0.045909917 0.994005367 0.099101121
1706584711.671466112 18.747268453 -3.199129289 -0.208585611 -0.000268998 0.039155413 0.993976647 0.102358229
1706584711.770125628 18.645123340 -3.176720719 -0.208763860 0.003020012 0.033906036 0.993929110 0.104624020
1706584711.872566223 18.532563899 -3.134425057 -0.213058605 -0.002844135 0.036421792 0.993530516 0.107528962
1706584711.972401857 18.438634933 -3.087685769 -0.209638731 0.006203727 0.047810485 0.992524239 0.112121835
1706584712.072237253 18.344568175 -3.055166204 -0.207402934 0.011774411 0.045634812 0.991719064 0.119466003
1706584712.172039986 18.252798961 -3.045724971 -0.191803927 0.018587276 0.032532065 0.991094822 0.127778058
1706584712.272721291 18.157228023 -3.035548160 -0.189745106 0.022022393 0.018046861 0.991174424 0.129470408
1706584712.372557402 18.066516478 -3.004022156 -0.187996773 0.029086351 0.024828421 0.990921095 0.128891106
1706584712.472416162 17.987731912 -2.952449302 -0.198883019 0.037369052 0.040430871 0.990161961 0.128639767
1706584712.572241306 17.899309327 -2.911430185 -0.209010147 0.034918921 0.057686302 0.989317818 0.129240918
1706584712.672889709 17.799124520 -2.881811143 -0.200604169 0.030148323 0.056466390 0.989990803 0.125780906
1706584712.772744417 17.690683975 -2.854091706 -0.190476544 0.024609574 0.056058296 0.990628695 0.122092691
1706584712.872594357 17.585098150 -2.833019346 -0.180119270 0.021802553 0.050026386 0.991396193 0.118977299
1706584712.971298218 17.478949928 -2.816156116 -0.166018658 0.023119630 0.041166445 0.992258756 0.114862383
1706584713.069918633 17.369928346 -2.797722273 -0.160021292 0.022226939 0.039448375 0.993077675 0.108381366
1706584713.172890663 17.253770683 -2.777709327 -0.153592508 0.024230786 0.036492923 0.993801150 0.102178320
1706584713.272726297 17.140611358 -2.751018704 -0.157366993 0.018015863 0.038268542 0.994339716 0.097465258
1706584713.372545958 17.015561647 -2.722010739 -0.164827953 0.008313165 0.040080551 0.994463866 0.096778404
1706584713.472388983 16.896388933 -2.694750550 -0.170334862 0.003577419 0.044927491 0.994550317 0.094012714
1706584713.572232723 16.792932118 -2.676595819 -0.159043616 0.009782233 0.042863571 0.994812886 0.091729734
1706584713.672861814 16.692802955 -2.671576182 -0.149058011 0.010528836 0.032114379 0.995378427 0.089886577
1706584713.772698641 16.596864624 -2.659301670 -0.149094482 0.016853802 0.029398787 0.995554969 0.087874714
1706584713.872539997 16.501302887 -2.628733665 -0.150713780 0.029400624 0.037537231 0.995534700 0.081469145
1706584713.972384453 16.413636044 -2.584805112 -0.161756140 0.037729482 0.058188151 0.994435186 0.079305018
1706584714.072208643 16.326665448 -2.545899968 -0.151685101 0.032021324 0.064992743 0.994106039 0.080645901
1706584714.172329903 16.224806541 -2.544196913 -0.144328874 0.023653942 0.058934486 0.994609293 0.081972992
1706584714.270967007 16.138670558 -2.554078508 -0.134746497 0.020660188 0.033310682 0.995587687 0.085256745
1706584714.369592190 16.028892626 -2.552943654 -0.119864098 0.014686669 0.016695289 0.996022829 0.086279162
1706584714.472328424 15.900470977 -2.528852730 -0.116214417 0.007789713 0.016503933 0.996344872 0.083449608
1706584714.572559595 15.791280754 -2.493916766 -0.124077732 0.005875397 0.027174146 0.995951266 0.085487556
1706584714.672417641 15.672650859 -2.460244227 -0.121564314 0.003980305 0.033751122 0.995344370 0.090192045
1706584714.772284985 15.552728150 -2.430946299 -0.118744439 0.007061849 0.031357882 0.995040626 0.094132704
1706584714.872936487 15.426168747 -2.402954018 -0.120286294 0.002338953 0.027839882 0.994810881 0.097830370
1706584714.972775459 15.310051977 -2.386091218 -0.108224352 0.010133863 0.025772942 0.994147874 0.104417741
1706584715.072629690 15.198653201 -2.355375675 -0.110807445 0.004358736 0.021876495 0.993927956 0.107748036
1706584715.172469378 15.093086179 -2.324515862 -0.109035846 0.008121055 0.020614693 0.993358760 0.112904640
1706584715.272298098 14.989317103 -2.291900301 -0.104740038 0.010415384 0.021353687 0.992748935 0.117835022
1706584715.372539759 14.881095429 -2.262672876 -0.101475646 0.006359958 0.016203234 0.991982029 0.125174521
1706584715.471878767 14.772009001 -2.223506068 -0.104666914 0.002683741 0.019105437 0.991059331 0.132019632
1706584715.570599318 14.680611323 -2.185615165 -0.108493480 0.006524803 0.018994788 0.989847274 0.140708919
1706584715.669229031 14.575924949 -2.151985613 -0.098829644 0.003912712 0.016157083 0.989048382 0.146652438
1706584715.772715330 14.478542610 -2.116641117 -0.091174174 0.004048714 0.019595405 0.988403731 0.150524725
1706584715.872544765 14.383562643 -2.082153579 -0.094108189 0.011385759 0.021520338 0.987464636 0.155951379
1706584715.972377539 14.289266532 -2.041513316 -0.093332012 0.021251349 0.026104446 0.986526326 0.160102301
1706584716.072214365 14.185551888 -2.001191580 -0.091713350 0.018755440 0.022158829 0.985958325 0.164448778
1706584716.172855139 14.078248402 -1.960054210 -0.095312698 0.015420124 0.024256502 0.985867101 0.165045148
1706584716.272717237 13.973622721 -1.914579541 -0.102679948 0.013232269 0.025127912 0.985665745 0.166302539
1706584716.371504784 13.851830981 -1.860095536 -0.104796056 0.003630574 0.033374406 0.985569725 0.165907461
1706584716.470040321 13.738370271 -1.811986341 -0.101418239 0.000656118 0.028313129 0.985302736 0.168453123
1706584716.572236538 13.619991607 -1.772489878 -0.095842493 0.000232461 0.021475955 0.985284412 0.169568150
1706584716.672876596 13.513162747 -1.735476497 -0.084435165 0.005933688 0.016699127 0.985064301 0.171272453
1706584716.771574259 13.394571129 -1.694905284 -0.088642363 0.001406966 0.015192860 0.985005294 0.171848094
1706584716.870219231 13.295191312 -1.655153583 -0.086957872 0.001298215 0.024269286 0.985387594 0.168584120
1706584716.968870640 13.179456783 -1.615769461 -0.089082718 -0.002507182 0.024412145 0.986005152 0.164898763
1706584717.072266817 13.073354233 -1.574785343 -0.085822581 -0.001252199 0.030498675 0.987020572 0.157666269
1706584717.172898293 12.969371160 -1.549399418 -0.082484431 0.001827611 0.021579267 0.987449449 0.156443538
1706584717.272738218 12.879423111 -1.524776541 -0.085388497 0.000386648 0.018562638 0.988001390 0.153324924
1706584717.372571707 12.790287055 -1.483033579 -0.090398168 0.003985959 0.024425340 0.988313152 0.150414857
1706584717.472401142 12.700144072 -1.437442223 -0.096946883 0.006962357 0.031800999 0.988764708 0.145892337
1706584717.572242260 12.607082519 -1.406918055 -0.102402070 0.009399949 0.033180911 0.988971752 0.144033128
1706584717.671208143 12.510229690 -1.379686209 -0.095844292 0.005668160 0.031300934 0.988851672 0.145466471
1706584717.769803286 12.410335404 -1.351254810 -0.089780859 0.002366206 0.026388951 0.989075171 0.145011483
1706584717.872559309 12.314966241 -1.308201604 -0.086516295 0.002963772 0.031506414 0.989580050 0.140463115
1706584717.972388268 12.208655406 -1.269614780 -0.089019130 0.004154367 0.040550261 0.989704149 0.137200999
1706584718.071207523 12.106761666 -1.234408289 -0.087024837 0.004539110 0.039766301 0.990067553 0.134774920
1706584718.169871092 12.001745281 -1.207350392 -0.091307099 0.004231086 0.043689421 0.990687724 0.128884311
1706584718.268589020 11.895534689 -1.182727861 -0.093549530 0.003308812 0.040065855 0.991441541 0.124207283
1706584718.372542858 11.780697611 -1.162367526 -0.089665029 0.002339784 0.039896563 0.992428185 0.116142533
1706584718.472380161 11.689207580 -1.136745714 -0.093493090 0.008134951 0.041139539 0.993244239 0.108200010
1706584718.572223425 11.580666069 -1.109759808 -0.091388441 0.001669835 0.042760793 0.993806098 0.102558106
1706584718.672855854 11.469355154 -1.082124032 -0.092484642 -0.004113197 0.045320503 0.994494677 0.094389991
1706584718.772679567 11.368528079 -1.066661301 -0.096318057 0.000461538 0.044965185 0.995201947 0.086896510
1706584718.872517824 11.245888980 -1.057347758 -0.103466606 -0.003279002 0.042549114 0.995824237 0.080702597
1706584718.971620321 11.135166228 -1.047594485 -0.103165269 -0.004781321 0.038625179 0.996526231 0.073625446
1706584719.072589159 11.017803140 -1.029593628 -0.100901510 -0.003378715 0.039166544 0.997068038 0.065649784
1706584719.172405958 10.906391201 -1.016470261 -0.098012884 0.001815276 0.037063345 0.997496132 0.060203658
1706584719.272237301 10.800242942 -1.006963731 -0.096511730 0.002709241 0.033385253 0.997918371 0.055109070
1706584719.370982170 10.696716874 -0.999850144 -0.101178550 0.010773141 0.031708924 0.998141115 0.050919517
1706584719.469669580 10.590916370 -0.993370740 -0.098540822 0.009955053 0.029432709 0.998389192 0.047472459
1706584719.572548628 10.482117600 -0.985390378 -0.092728583 0.012299167 0.030663501 0.998532506 0.042910553
1706584719.672399521 10.391077104 -0.962244278 -0.083544316 0.022608746 0.033762799 0.998277679 0.042315401
1706584719.772235155 10.312244374 -0.952635704 -0.083445704 0.025243992 0.035664923 0.998008955 0.045484934
1706584719.872888327 10.206750320 -0.942544169 -0.088964426 0.022151442 0.035673795 0.998179612 0.043291514
1706584719.972720385 10.083071801 -0.931236995 -0.095763084 0.011420499 0.036792206 0.998420646 0.040891548
1706584720.072562695 9.972432382 -0.921018247 -0.084189805 0.015122626 0.033905097 0.998485424 0.040603072
1706584720.172396183 9.855802115 -0.899259204 -0.075715347 0.007581294 0.039949682 0.998661345 0.031969752
1706584720.271723747 9.772180637 -0.865696023 -0.068972318 0.014789206 0.053351948 0.997569324 0.042311861
1706584720.372885466 9.698389460 -0.850463299 -0.072542992 0.033703596 0.060374310 0.996548817 0.045928913
1706584720.472721100 9.626540207 -0.862151981 -0.069137804 0.041936575 0.048202307 0.996389798 0.055903779
1706584720.572259665 9.540129000 -0.877577102 -0.064051559 0.039320867 0.023195091 0.997035758 0.061931852
1706584720.670891762 9.429184026 -0.865652494 -0.051624937 0.029451911 0.018986117 0.997370906 0.063430176
1706584720.769671202 9.332708065 -0.840733239 -0.048388594 0.030885075 0.023635875 0.996844240 0.069202731
1706584720.872873306 9.221821368 -0.817272051 -0.033908746 0.016354528 0.022337368 0.996346245 0.080794374
1706584720.972724915 9.109111450 -0.803837398 -0.025195043 0.016826255 0.016487640 0.995715340 0.089420331
1706584721.072571278 9.007862260 -0.772725017 -0.021407840 0.026440302 0.016542408 0.995232449 0.092410127
1706584721.172403097 8.925388766 -0.733940774 -0.024363058 0.045998197 0.025832653 0.993429975 0.101556515
1706584721.272246599 8.821216347 -0.695556509 -0.027047692 0.037744960 0.038000693 0.992340670 0.111316037
1706584721.372880697 8.689868115 -0.658282494 -0.029788766 0.027567073 0.041194807 0.991877774 0.117138913
1706584721.471975803 8.565247072 -0.626589107 -0.026227733 0.019022772 0.038294958 0.991478369 0.123053949
1706584721.570573092 8.441231365 -0.585380173 -0.017575220 0.002370255 0.041756500 0.990561476 0.130532524
1706584721.672432661 8.319658751 -0.549991918 -0.002755220 -0.009926799 0.036778162 0.989329898 0.140624245
1706584721.772263765 8.211687237 -0.520121053 -0.002205472 0.004159525 0.032584733 0.988395976 0.148304851
1706584721.871842384 8.108664037 -0.488945205 0.003556821 0.011436714 0.025577450 0.988307094 0.149880230
1706584721.970587492 8.001317874 -0.460151425 0.009883520 0.011643085 0.023076170 0.988705569 0.147625290
1706584722.069406748 7.894188902 -0.423973571 0.009965340 0.014537476 0.025268546 0.989318976 0.142822012
1706584722.172420025 7.793105755 -0.387696067 0.007058760 0.015554420 0.026223636 0.989743123 0.139566945
1706584722.272274971 7.693338993 -0.362597208 0.009033073 0.013884010 0.027517345 0.990242583 0.135903114
1706584722.372909784 7.599771277 -0.335248573 0.010074193 0.015567819 0.028383294 0.990624812 0.132719684
1706584722.472749233 7.500454868 -0.312840639 0.001859760 0.005350538 0.028508783 0.991363393 0.127895442
1706584722.572590590 7.370358069 -0.279183270 -0.010480610 -0.017094425 0.032961504 0.991867007 0.121742190
1706584722.672431946 7.267338123 -0.253878716 -0.006542794 -0.018254229 0.031090964 0.992648784 0.115535822
1706584722.771841764 7.162663687 -0.228648125 -0.005578467 -0.025318182 0.031922955 0.993191310 0.109137236
1706584722.872900963 7.046589991 -0.186724777 -0.005777804 -0.026915313 0.035763177 0.993780183 0.101968172
1706584722.972739697 6.938048188 -0.161608600 -0.009619270 -0.029192976 0.039717961 0.994049090 0.097142477
1706584723.072568178 6.847506017 -0.152610846 -0.028892422 -0.002588648 0.037684150 0.994837833 0.094185398
1706584723.171583176 6.764004732 -0.154919590 -0.021483048 0.005163108 0.025908149 0.994920882 0.097131600
1706584723.270223379 6.664794735 -0.149560368 -0.015894420 -0.003512434 0.017276582 0.994936456 0.098947614
1706584723.372872829 6.571621631 -0.130385674 -0.016527014 0.002469262 0.013375673 0.995238879 0.096512005
1706584723.472713947 6.478482406 -0.107316703 -0.013214645 0.004971988 0.012817183 0.995370216 0.095126927
1706584723.572537661 6.387340427 -0.085304874 -0.009394122 0.007992315 0.013664596 0.995250001 0.096056428
1706584723.672378063 6.285253843 -0.062371906 -0.012641243 0.005409611 0.014329139 0.994884907 0.099847049
1706584723.772223949 6.187087635 -0.036433206 -0.014009885 0.005590257 0.015374322 0.994391358 0.104490225
1706584723.872873545 6.077798722 -0.013614906 -0.013317503 0.001087496 0.014321853 0.993747781 0.110720595
1706584723.972721100 5.974758588 0.010662554 -0.006651695 -0.003124270 0.009832614 0.993489052 0.113459516
1706584724.071625948 5.863488969 0.041487309 -0.009337746 -0.004106655 0.014207748 0.993485979 0.112990640
1706584724.170337439 5.762717737 0.071935472 -0.006198602 -0.002454924 0.017806077 0.993578155 0.111711091
1706584724.272229910 5.656766575 0.100294118 -0.003410976 0.001602148 0.015615911 0.993429843 0.113361028
1706584724.372627020 5.555302773 0.116905978 0.004906012 0.005390814 0.006051500 0.993485270 0.113672061
1706584724.471433878 5.451838276 0.148409306 0.005638526 0.010599200 0.008968512 0.993621071 0.111912418
1706584724.570293188 5.361904849 0.186312328 0.001460516 0.013829494 0.018493889 0.993643396 0.110179502
1706584724.672406912 5.259697715 0.215508276 -0.004881625 0.016349271 0.024389123 0.993416957 0.110727689
1706584724.772255898 5.150246087 0.237392805 0.003371289 0.014104674 0.017505057 0.993447887 0.112053235
1706584724.872901678 5.033340752 0.260241950 0.007107914 0.007274318 0.015007730 0.993540855 0.112242689
1706584724.972741604 4.919723072 0.293748172 0.011295738 0.004185620 0.015996869 0.993545519 0.112222472
1706584725.072588205 4.798710989 0.323528644 0.019611309 0.002126088 0.013385262 0.993320926 0.114585570
1706584725.172439337 4.691934959 0.349250207 0.018071715 0.006037249 0.012560873 0.993114418 0.116316504
1706584725.272284031 4.574137147 0.383826592 0.014974410 0.004175414 0.013827690 0.992932733 0.117796215
1706584725.371320248 4.459906665 0.410751339 0.012158335 0.004459005 0.014073160 0.992608668 0.120457855
1706584725.472764015 4.347136983 0.432114783 0.018436150 0.002918288 0.007954669 0.992295370 0.123604636
1706584725.572597742 4.242335066 0.460811011 0.016652208 0.001563939 0.008513485 0.992253327 0.123929049
1706584725.672429800 4.140328737 0.495964481 0.009102707 0.000794653 0.014597857 0.992232267 0.123537038
1706584725.771245003 4.031945823 0.528468291 0.004695706 -0.002213786 0.016452701 0.992392023 0.121993771
1706584725.870128870 3.930121235 0.557941741 0.003455517 0.001116973 0.018504546 0.992611701 0.119909739
1706584725.972736597 3.817318365 0.595489756 0.000373309 0.001523334 0.025963335 0.993159984 0.113828075
1706584726.072581530 3.715313676 0.632586914 0.001654328 0.003424654 0.033982661 0.993203977 0.111262350
1706584726.172424078 3.610977675 0.653231378 0.003681024 -0.001089648 0.028353532 0.993019990 0.114482263
1706584726.272271633 3.506069744 0.665101215 0.007028518 0.002992596 0.017276365 0.993067373 0.116231513
1706584726.372922659 3.400397268 0.688895427 0.011154459 0.001577459 0.013953613 0.993482980 0.113112233
1706584726.472779989 3.294501491 0.723807452 0.008450025 -0.003374160 0.021518525 0.993511247 0.111628714
1706584726.572446823 3.197644167 0.766244956 0.005718306 -0.005566457 0.036579318 0.993318693 0.109311219
1706584726.669932842 3.097829198 0.800913563 0.004267839 -0.001911709 0.042621693 0.993408239 0.106394580
1706584726.772300243 2.985015173 0.827550547 0.007062636 -0.006245920 0.039079468 0.993289493 0.108672754
1706584726.872542620 2.861775504 0.845222294 0.013346804 -0.002955349 0.034301053 0.993725900 0.106412116
1706584726.972275257 2.747210991 0.866891080 0.012827007 -0.003157892 0.030155022 0.993874156 0.106277297
1706584727.071191311 2.629287895 0.901146246 0.011408670 -0.002230235 0.030866715 0.993886023 0.105985118
1706584727.170085907 2.512183040 0.918767952 0.009535758 -0.006368977 0.025000931 0.993909108 0.107140440
1706584727.272712231 2.392430080 0.940758710 0.005425198 -0.009472862 0.017848955 0.994028006 0.107238065
1706584727.372551680 2.292132147 0.967945638 0.009907881 -0.010219948 0.019821457 0.993905086 0.107959913
1706584727.472398281 2.177050514 1.005540625 -0.002077046 -0.007270216 0.027120215 0.993840964 0.107199707
1706584727.572233915 2.057729467 1.040548438 -0.003951620 -0.010437197 0.030733590 0.993632543 0.107892917
1706584727.672888279 1.939453656 1.058421761 -0.001795503 -0.003488030 0.023363100 0.993603363 0.110428059
1706584727.772724390 1.827974423 1.078956671 -0.002514242 -0.000959627 0.019426615 0.993557615 0.111646548
1706584727.871359110 1.721824509 1.107820547 -0.005498239 0.001613204 0.021537052 0.993371518 0.112900755
1706584727.969669342 1.608118072 1.139483074 -0.004683310 -0.001901617 0.020465887 0.993155749 0.114974733
1706584728.072240353 1.497236537 1.168898218 -0.006458556 -0.002376917 0.017477055 0.993036631 0.116478117
1706584728.172875166 1.392068874 1.197418742 -0.007376308 -0.002022339 0.017181668 0.992808679 0.118455172
1706584728.272192478 1.288337512 1.226635557 -0.014222718 0.000031471 0.019215893 0.992766699 0.118511725
1706584728.371178389 1.200839955 1.255501181 -0.014292049 -0.001050411 0.020231009 0.992834884 0.117764579
1706584728.470274210 1.094225997 1.285605824 -0.014743546 0.001271526 0.021273787 0.992551721 0.119945362
1706584728.572229385 0.980952449 1.311817351 -0.016129778 -0.002461547 0.017796918 0.992656931 0.119622023
1706584728.672868729 0.874478452 1.339791421 -0.020736403 -0.005111873 0.018584202 0.993043507 0.116159756
1706584728.772690296 0.776684971 1.362532539 -0.019332115 -0.005386298 0.020039043 0.993386020 0.112932015
1706584728.872526646 0.678017455 1.383125282 -0.020539859 -0.005254837 0.018891161 0.993894171 0.108581249
1706584728.972376823 0.578210225 1.405100295 -0.016926231 -0.003644102 0.019617991 0.994611059 0.101738375
1706584729.072165489 0.493363367 1.427733497 -0.019615604 -0.002169435 0.022914845 0.995088798 0.096272981
1706584729.170697927 0.405483894 1.438165142 -0.021824197 0.001248695 0.021726745 0.995476570 0.092481285
1706584729.272693634 0.322020916 1.444433529 -0.018008964 0.001765843 0.017621740 0.996078204 0.086686604
1706584729.372532368 0.239883281 1.454634178 -0.016799756 -0.000065402 0.018800524 0.996363381 0.083105647
1706584729.472389221 0.164447533 1.473181201 -0.018493555 0.004786846 0.018449179 0.996837876 0.077142484
1706584729.572173834 0.093615856 1.481096005 -0.018480393 0.000407313 0.021126733 0.997065833 0.073574588
1706584729.671300650 0.020706191 1.492086703 -0.019713443 0.003606913 0.019631714 0.997466545 0.068279415
1706584729.772714615 -0.056806935 1.507385857 -0.019646703 0.001365779 0.019550858 0.997764756 0.063885763
1706584729.872568130 -0.131978101 1.522254777 -0.023124028 0.003919871 0.020321464 0.998028092 0.059258755
1706584729.972411156 -0.192759442 1.530328561 -0.014740858 0.002389642 0.020639528 0.998237646 0.055586880
1706584730.072265625 -0.262109656 1.536539892 -0.013015797 0.000306546 0.015963399 0.998513047 0.052122654
1706584730.172902822 -0.343875810 1.546889960 -0.017650217 0.000044661 0.020235701 0.998691090 0.046974687
1706584730.272743464 -0.425055244 1.552185066 -0.018011247 -0.001686592 0.022267094 0.998816296 0.043212720
1706584730.371616125 -0.517051781 1.557814225 -0.016033854 -0.005246121 0.019970426 0.998959398 0.040666705
1706584730.470175266 -0.608327148 1.557031505 -0.016770636 -0.008194379 0.017412029 0.999125286 0.037125947
1706584730.572268009 -0.704690067 1.571065417 -0.020813373 -0.006850786 0.021652815 0.999196748 0.033016382
1706584730.672904968 -0.796832606 1.578968253 -0.020282619 -0.012973091 0.020998846 0.999264167 0.029357654
1706584730.772736788 -0.882088992 1.584269584 -0.020638630 -0.007811007 0.020998074 0.999405508 0.026204950
1706584730.872182131 -0.978747809 1.593017220 -0.017349301 -0.007210674 0.020507446 0.999495600 0.023151576
1706584730.970808744 -1.075546354 1.608442111 -0.014951177 -0.000211729 0.020967682 0.999506650 0.023383082
1706584731.072270632 -1.161235957 1.615666611 -0.010286926 0.002721609 0.018195853 0.999479637 0.026494505
1706584731.172907829 -1.236075550 1.632564593 -0.010223358 0.006550306 0.021495019 0.999325184 0.029055706
1706584731.272749662 -1.316271395 1.644890486 -0.004590082 0.010941981 0.022842706 0.999018112 0.036349645
1706584731.372586012 -1.395193918 1.646962553 -0.003872277 0.012244073 0.023451539 0.998822740 0.040660073
1706584731.472435236 -1.493334754 1.654360517 -0.008376317 0.011743314 0.018958212 0.998592419 0.048123408
1706584731.572269917 -1.587555020 1.665915715 -0.005837922 0.008391593 0.019789207 0.998322911 0.053752521
1706584731.671367168 -1.673351449 1.685128901 -0.005760447 0.010955835 0.021439931 0.997945120 0.059378760
1706584731.769916058 -1.768150128 1.706121383 -0.006994181 0.010514710 0.021518035 0.997530035 0.066032147
1706584731.872611523 -1.866644410 1.728720212 -0.008631840 0.009919452 0.025283137 0.996870343 0.074242080
1706584731.972458363 -1.970551665 1.752794688 -0.006427483 0.008241494 0.026851642 0.996351734 0.080587152
1706584732.072299719 -2.048303309 1.776420826 -0.011604299 0.008527987 0.028069831 0.995733045 0.087493209
1706584732.172548056 -2.137390643 1.797810653 -0.010470669 0.009058580 0.029109320 0.995090129 0.094160630
1706584732.272383928 -2.223697797 1.823073496 -0.010548872 0.008370718 0.027797388 0.994464301 0.100985102
1706584732.372234344 -2.300975325 1.844775249 -0.005632519 0.008551128 0.027258369 0.993875495 0.106749048
1706584732.472872972 -2.395296923 1.869763959 -0.007198773 0.009338627 0.025487809 0.993166799 0.113502736
1706584732.572730541 -2.489962630 1.902222971 -0.006196949 0.007531199 0.025232502 0.992637293 0.118227772
1706584732.672574043 -2.582492426 1.937132086 -0.007046979 0.009898186 0.027350425 0.992165134 0.121500314
1706584732.772423267 -2.679525120 1.969470577 -0.013084425 0.007457749 0.031840747 0.991376248 0.126900293
1706584732.872255802 -2.768671945 1.989633540 -0.004160368 0.005296444 0.029602933 0.990661108 0.132989410
1706584732.970902205 -2.860795935 2.013882090 -0.003595664 0.003312652 0.028057425 0.989987261 0.138300504
1706584733.069534302 -2.950576298 2.041159080 -0.002284735 0.002016465 0.026663038 0.989081819 0.144921263
1706584733.172578573 -3.038326982 2.074014431 -0.005027581 0.005336564 0.026200624 0.988114275 0.151377763
1706584733.272420168 -3.129608350 2.108075972 -0.001800701 0.004828212 0.024521788 0.987305671 0.156853059
1706584733.372261286 -3.211176308 2.139903028 -0.002284452 0.007767394 0.023315337 0.986431630 0.162322830
1706584733.472891808 -3.297154247 2.177785290 -0.008683591 0.009021200 0.021314458 0.985453427 0.168362272
1706584733.572737932 -3.381347242 2.213636186 -0.005939748 0.006529676 0.018872695 0.984555594 0.173929488
1706584733.672581434 -3.463542050 2.247148120 -0.001369435 0.007290155 0.019192519 0.984252770 0.175570459
1706584733.772413492 -3.539182506 2.281247929 0.000002351 0.007438642 0.022706375 0.984000664 0.176555317
1706584733.872250795 -3.617318417 2.312597275 0.000134728 0.006166917 0.023622109 0.984061291 0.176145797
1706584733.972879410 -3.686630280 2.340003726 -0.000239645 0.008535055 0.024436551 0.983886888 0.176908449
1706584734.072711229 -3.754731207 2.369211834 -0.000476371 0.008101592 0.024424715 0.983628832 0.178359519
1706584734.172025681 -3.835554099 2.398353210 -0.000405632 0.008598320 0.021771793 0.983464530 0.179581670
1706584734.270699263 -3.921635773 2.434188352 0.004850445 0.013184395 0.021359132 0.983228995 0.180639705
1706584734.369306326 -4.004768099 2.470189056 0.009576855 0.011339709 0.020452748 0.982776812 0.183310759
1706584734.472902775 -4.088564389 2.503767243 0.012057395 0.012632085 0.019379751 0.982426133 0.185212715
1706584734.572732449 -4.176223201 2.532907435 0.018713210 0.009531589 0.018428075 0.982449198 0.185372946
1706584734.672577620 -4.246758165 2.562530651 0.024053630 0.012846229 0.017013401 0.982603669 0.184487256
1706584734.772412777 -4.319902533 2.598312156 0.021808761 0.011508883 0.020051903 0.983041601 0.181919424
1706584734.872245312 -4.391455878 2.637915419 0.019178416 0.009547356 0.025060814 0.983558433 0.178587828
1706584734.972878695 -4.466248254 2.662085093 0.018481709 0.003708180 0.024744278 0.983837923 0.177304574
1706584735.072728634 -4.531658472 2.689499067 0.012516292 0.005382536 0.024488396 0.984192865 0.175316146
1706584735.172573090 -4.600929562 2.717080228 0.016521309 0.001356468 0.024300664 0.984508953 0.173636860
1706584735.272397280 -4.647014974 2.730074930 0.012735375 0.004393666 0.021178377 0.984912040 0.171698706
1706584735.372219324 -4.713371457 2.757212593 0.010710749 -0.001731824 0.023442218 0.985210477 0.169728543
1706584735.471630096 -4.773576216 2.785063788 0.012113273 -0.003465786 0.023108214 0.985459910 0.168293686
1706584735.570273399 -4.826745646 2.804064151 0.010190198 -0.001815673 0.028750695 0.985636941 0.166402886
1706584735.668970346 -4.885000585 2.829158956 0.006891633 -0.000402873 0.031245923 0.985697432 0.165602242
1706584735.772393942 -4.943507732 2.849893666 0.005949351 0.003208822 0.030217047 0.985198760 0.168701029
1706584735.872236967 -5.013503143 2.873801435 0.006243677 0.003509677 0.025747930 0.984899489 0.171165775
1706584735.972855806 -5.069556022 2.900646134 0.007494619 0.006896968 0.025283270 0.984573414 0.172998209
1706584736.072699547 -5.124064227 2.922818858 0.011015017 0.006020118 0.025183297 0.984320927 0.174475994
1706584736.172526598 -5.182343613 2.944821593 0.012076208 0.007393001 0.019624800 0.983518816 0.179585495
1706584736.272361279 -5.246706544 2.966457199 0.011864706 0.011960065 0.014784145 0.982699675 0.184227402
1706584736.371711969 -5.305893776 2.990392623 0.024768083 0.011735947 0.019237836 0.981775199 0.188705146
1706584736.472413301 -5.373040217 3.023654844 0.041945509 0.006535478 0.014590605 0.981534249 0.190617207
1706584736.572273254 -5.429775019 3.041351508 0.043599540 0.008683236 0.013284234 0.980437307 0.196190767
1706584736.672798157 -5.488898517 3.069718421 0.055933465 0.007530926 0.015380502 0.979577612 0.200335786
1706584736.771440744 -5.551596276 3.096227781 0.062298104 0.007320245 0.015314026 0.978329330 0.206357984
1706584736.870101213 -5.615403344 3.116011885 0.069467568 0.004191158 0.004990673 0.977232665 0.212070378
1706584736.968779564 -5.684334513 3.150124781 0.079378468 0.002204535 0.000773268 0.976681699 0.214679763
1706584737.072233677 -5.756897117 3.201686130 0.072990115 0.001953354 0.012970443 0.976308582 0.215984965
1706584737.172874928 -5.819237657 3.239756622 0.066251602 0.002069422 0.015607393 0.975016697 0.221572938
1706584737.272704840 -5.876506600 3.271301859 0.059844241 0.002235816 0.012054284 0.974266116 0.225067167
1706584737.372539282 -5.938498716 3.302672278 0.060628877 0.001277368 0.009129419 0.973119931 0.230114368
1706584737.472389936 -5.985695221 3.339490488 0.061767620 0.000150097 0.013896087 0.972218474 0.233662396
1706584737.572046995 -6.038815483 3.372590761 0.059508144 -0.001976786 0.016572789 0.971401426 0.236855874
1706584737.670623064 -6.106751022 3.395936364 0.068647569 -0.007441743 0.012734468 0.971016723 0.238556025
1706584737.769204617 -6.163939864 3.429622385 0.073083672 -0.014383134 0.009507719 0.970436624 0.240739462
1706584737.872544050 -6.215254692 3.471077624 0.060672090 -0.018546793 0.015635139 0.969703915 0.243075867
1706584737.972017765 -6.264451633 3.495544647 0.069054269 -0.021229994 0.016224374 0.969416633 0.243961982
1706584738.070939779 -6.298790302 3.512116434 0.078801476 -0.022765514 0.012209918 0.969070030 0.245430086
1706584738.169594288 -6.342003854 3.540149767 0.074939834 -0.025111297 0.013533628 0.968407608 0.247735682
1706584738.272731781 -6.399579586 3.572624634 0.074271129 -0.027027456 0.019308315 0.967803213 0.249506805
1706584738.372292042 -6.444837026 3.595367684 0.073636202 -0.026860722 0.019690758 0.966940430 0.252818077
1706584738.472319365 -6.484087814 3.613705263 0.068084145 -0.028025458 0.018088294 0.966205154 0.255607096
1706584738.572247267 -6.531193726 3.639328915 0.067988287 -0.029641934 0.016831760 0.965369930 0.258648304
1706584738.672815084 -6.556279141 3.655893647 0.080980262 -0.030361220 0.014110434 0.964445052 0.262154218
1706584738.772655725 -6.589267532 3.684232029 0.093756599 -0.030911683 0.006681390 0.963664516 0.265236739
1706584738.871267080 -6.613854426 3.689195918 0.097892378 -0.030936763 0.003756553 0.963041912 0.267542669
1706584738.969879150 -6.632522445 3.712219954 0.106330250 -0.030738513 0.005893942 0.962706543 0.268731311
1706584739.068517447 -6.647908299 3.722303782 0.089462199 -0.028800209 0.007643510 0.962283897 0.270410476
1706584739.172882080 -6.661662647 3.732875490 0.097484254 -0.026200742 0.007064933 0.962004337 0.271682283
1706584739.270914078 -6.673496998 3.746452518 0.092449009 -0.024186232 0.010993541 0.961814683 0.272409038
1706584739.370475054 -6.681809090 3.760754714 0.091831946 -0.023417415 0.013545488 0.961522128 0.273392285
1706584739.469366789 -6.682457600 3.764828812 0.089879443 -0.022621104 0.014901436 0.961186179 0.274567590
1706584739.572264194 -6.673933383 3.764175711 0.082379018 -0.022065143 0.016378712 0.961037753 0.275047823
1706584739.672899008 -6.665626258 3.758805961 0.083637332 -0.020293881 0.013387688 0.960694751 0.276540274
1706584739.772742033 -6.652062648 3.748540332 0.078196775 -0.021477025 0.016101911 0.960775667 0.276024608
1706584739.872508049 -6.645374511 3.745382990 0.083702707 -0.021302924 0.014346251 0.960786124 0.276098524
1706584739.972345114 -6.636257897 3.741266606 0.074768882 -0.021738538 0.016154131 0.960976480 0.275301080
1706584740.072171926 -6.657962843 3.744833151 0.077334753 -0.020917436 0.015021385 0.960735183 0.276269301
1706584740.170808554 -6.662522041 3.740992971 0.067403171 -0.021270167 0.016680445 0.960812791 0.275877009
1706584740.269457340 -6.665480999 3.746279545 0.066939762 -0.021888495 0.016234203 0.960728786 0.276147687
1706584740.368111849 -6.668795658 3.749886636 0.063472912 -0.020275428 0.013862407 0.960732261 0.276387885
1706584740.471960545 -6.672216824 3.754896225 0.070251232 -0.021321387 0.012124729 0.960846552 0.275993285
1706584740.571511269 -6.685664574 3.754253124 0.069751038 -0.021921120 0.015814903 0.960813235 0.275875480
1706584740.670423269 -6.680188474 3.754360946 0.078232464 -0.021550266 0.016573065 0.960959959 0.275348647
1706584740.768955946 -6.688279104 3.762046173 0.069159926 -0.021333807 0.017798229 0.961257766 0.274247333
1706584740.872394085 -6.687940630 3.769787716 0.071275213 -0.020968691 0.015151580 0.961135762 0.274861401
1706584740.972426414 -6.682801161 3.761696364 0.067366239 -0.021260035 0.016948753 0.961009614 0.275174986
1706584741.072255135 -6.677473713 3.757409750 0.074745743 -0.020865657 0.017522928 0.961046027 0.275042007
1706584741.172849178 -6.680493615 3.754788319 0.067426876 -0.020939581 0.016633296 0.960884297 0.275656008
1706584741.272611856 -6.685321949 3.753227662 0.070464718 -0.020592149 0.016276804 0.960929311 0.275546528
1706584741.371822834 -6.703680247 3.750270909 0.073443567 -0.021464612 0.016541910 0.960686286 0.276310505
1706584741.470470428 -6.699654708 3.754209560 0.080566068 -0.021493095 0.015234850 0.960715151 0.276283089
1706584741.569136381 -6.699630436 3.758728479 0.081697866 -0.021214143 0.016527068 0.960989925 0.275272919
1706584741.672895670 -6.697331549 3.767523098 0.086108381 -0.021991236 0.013242963 0.960944758 0.275547060
1706584741.772530794 -6.710760356 3.765886346 0.084351399 -0.022255063 0.015123132 0.960784134 0.275988860
1706584741.871430159 -6.722753844 3.763004400 0.081378763 -0.021696862 0.015711134 0.960831875 0.275834216
1706584741.969970942 -6.731991489 3.766745751 0.080807108 -0.022240021 0.017945738 0.960939840 0.275277960
1706584742.068937302 -6.739635879 3.767161442 0.080179867 -0.021459463 0.016981302 0.960826088 0.275797671
1706584742.172888517 -6.745027169 3.772656532 0.075482885 -0.021438906 0.015212997 0.960938836 0.275509514
1706584742.272722006 -6.755333666 3.779272359 0.079507682 -0.021349198 0.012698141 0.960858473 0.275923838
1706584742.372555017 -6.758293516 3.767859993 0.069525175 -0.021122105 0.016282967 0.960753967 0.276116889
1706584742.472394228 -6.762929919 3.767623624 0.060364608 -0.019780854 0.015889399 0.960751681 0.276247086
1706584742.572234869 -6.757851708 3.766370797 0.076597047 -0.021898668 0.016558922 0.960943623 0.275379019
1706584742.671508789 -6.759456545 3.772516015 0.077857255 -0.020105626 0.015932766 0.960899450 0.275706650
1706584742.770160198 -6.754435532 3.768814269 0.077162728 -0.021356901 0.016603623 0.960823306 0.275838317
1706584742.868829966 -6.758774622 3.773102759 0.085399954 -0.021462940 0.017439118 0.960944078 0.275357402
1706584742.967519760 -6.750060587 3.767467801 0.083562938 -0.020911688 0.016546898 0.960751025 0.276127452
1706584743.072203398 -6.740051255 3.768152009 0.084610603 -0.021079138 0.014117779 0.960815735 0.276024422
1706584743.171004534 -6.741150946 3.764684739 0.088965531 -0.022787274 0.017439752 0.960876169 0.275487901
1706584743.269932747 -6.732540330 3.758928705 0.082303905 -0.021788183 0.016034812 0.960670786 0.276368956
1706584743.368812323 -6.729775422 3.762556467 0.081977763 -0.021848401 0.015355499 0.960822485 0.275874987
1706584743.467688322 -6.723358839 3.768840426 0.090888923 -0.021503673 0.015682514 0.960900799 0.275610786
1706584743.572601795 -6.726504149 3.765423523 0.079020463 -0.020727918 0.014156042 0.960834646 0.275983230
1706584743.672438622 -6.727093857 3.765399971 0.078980732 -0.020261901 0.015421182 0.960863026 0.275851205
1706584743.772274494 -6.724441455 3.761387715 0.075416648 -0.021470684 0.017110037 0.960866072 0.275649503
1706584743.872523546 -6.718412961 3.763057204 0.077588409 -0.020728853 0.015973702 0.960898527 0.275661342
1706584743.971201420 -6.714278199 3.758994969 0.073326128 -0.021494732 0.015543932 0.960818234 0.275907020
1706584744.069862843 -6.708783657 3.765600245 0.069700079 -0.020884891 0.014600604 0.960945441 0.275562157
1706584744.168553829 -6.703099034 3.764248924 0.072897137 -0.021086206 0.015203940 0.960884567 0.275726425
1706584744.272266865 -6.703214411 3.768801984 0.074417698 -0.021286054 0.015683776 0.961067861 0.275044525
1706584744.372018337 -6.701487522 3.765979040 0.080809609 -0.021583895 0.015964691 0.960904023 0.275577071
1706584744.470906019 -6.705114586 3.756957085 0.084103568 -0.021116811 0.013855794 0.960562167 0.276915909
1706584744.569865942 -6.702421078 3.754620159 0.075968401 -0.021962220 0.016682560 0.960751940 0.276034531
1706584744.668491602 -6.700065355 3.753466662 0.078013190 -0.021393341 0.015957542 0.960796228 0.275967914
1706584744.771089554 -6.714610545 3.754489193 0.073927368 -0.021513034 0.016514316 0.960830198 0.275807536
1706584744.872919559 -6.721131227 3.755692111 0.085292908 -0.021520663 0.016867844 0.960826627 0.275797986
1706584744.972744703 -6.702715652 3.753781733 0.087265812 -0.021807494 0.017038378 0.960866295 0.275626723
1706584745.072214603 -6.710664904 3.753934109 0.098410159 -0.022092303 0.016379983 0.960752297 0.276041029
1706584745.172218323 -6.718433065 3.754416222 0.089329558 -0.021819321 0.016836126 0.960803913 0.275855585
1706584745.270880938 -6.706117758 3.757505837 0.083990794 -0.021327327 0.017468807 0.960915738 0.275464935
1706584745.369574547 -6.693945874 3.752625210 0.082054993 -0.020839170 0.013145706 0.960562163 0.276971571
1706584745.468308210 -6.667268647 3.752371119 0.076567852 -0.021614064 0.015613056 0.960895603 0.275624211
1706584745.572585821 -6.657990197 3.744798462 0.070720391 -0.020664965 0.015959834 0.960696937 0.276368662
1706584745.671978235 -6.658285715 3.746666587 0.067657702 -0.021472418 0.016687486 0.960889661 0.275593038
1706584745.770869493 -6.655369665 3.743946371 0.078568790 -0.021793363 0.016612708 0.960812333 0.275841851
1706584745.869803190 -6.655984589 3.746354391 0.082998477 -0.021268593 0.016096876 0.960914576 0.275557101
1706584745.972142935 -6.654502336 3.744621141 0.087955377 -0.022699718 0.016753629 0.960831538 0.275693298
1706584746.072600365 -6.665002098 3.748013715 0.104454660 -0.022458293 0.014914954 0.960882550 0.275640879
1706584746.172446728 -6.673039870 3.748386712 0.106773558 -0.022603736 0.015634508 0.960843244 0.275726121
1706584746.272290707 -6.677794981 3.751803151 0.114461620 -0.023469567 0.014394991 0.960785275 0.275923213
1706584746.372455120 -6.679286444 3.751875369 0.104146315 -0.021515502 0.013969506 0.960853553 0.275866608
1706584746.471922636 -6.690842062 3.753325069 0.103773008 -0.023068120 0.015858137 0.960771182 0.275925925
1706584746.570613146 -6.706364657 3.754516468 0.098171780 -0.022129282 0.017106645 0.960849476 0.275655478
1706584746.669354677 -6.712122741 3.758746485 0.092994234 -0.022142691 0.015568585 0.960821424 0.275843274
1706584746.768119097 -6.720454835 3.751909425 0.084059459 -0.020860083 0.015241886 0.960608478 0.276701815
1706584746.872537613 -6.719244836 3.755479607 0.081404574 -0.020907845 0.014939794 0.960782855 0.276108619
1706584746.971955538 -6.714521615 3.755510884 0.089210149 -0.021357734 0.017474077 0.960791851 0.275894043
1706584747.070490837 -6.711123345 3.752724039 0.085909418 -0.021459410 0.016461689 0.960753644 0.276081404
1706584747.168998003 -6.730835519 3.756969159 0.083192719 -0.021695356 0.016332353 0.960805864 0.275888850
1706584747.271918058 -6.731323204 3.756789487 0.088938905 -0.021823662 0.016860418 0.960759630 0.276007946
1706584747.372544527 -6.729935981 3.756827457 0.080994026 -0.021671939 0.016935565 0.960752828 0.276038978
1706584747.472394943 -6.739809240 3.759509970 0.082865097 -0.020880308 0.015499234 0.960805787 0.276000047
1706584747.572227240 -6.736424401 3.761721711 0.090034907 -0.021827772 0.014682727 0.960776603 0.276072970
1706584747.672868967 -6.732762967 3.766277056 0.087797637 -0.021834373 0.015593010 0.960882614 0.275653261
1706584747.771673203 -6.738351502 3.769846959 0.094180930 -0.022012453 0.015996400 0.960845095 0.275746751
1706584747.870389938 -6.713961469 3.760115441 0.086458008 -0.022002929 0.017659029 0.960841656 0.275658015
1706584747.969162703 -6.707486705 3.757215134 0.085342808 -0.020877380 0.016458576 0.960888741 0.275655724
1706584748.067941666 -6.695172847 3.753354374 0.081909344 -0.021781773 0.016189854 0.960827603 0.275814721
1706584748.172843456 -6.683240441 3.749720027 0.081640850 -0.021108781 0.015001777 0.960719282 0.276311106
1706584748.271917820 -6.680810093 3.750213512 0.079214352 -0.020716003 0.015681180 0.960885512 0.275724467
1706584748.370827198 -6.683463284 3.747588028 0.072517539 -0.021562148 0.017453947 0.960781049 0.275917033
1706584748.469978809 -6.682533565 3.745014570 0.072242616 -0.021478627 0.017745663 0.960784163 0.275894096
1706584748.572601080 -6.689847016 3.747604628 0.070358365 -0.021181758 0.015236124 0.960719941 0.276290406
1706584748.672428370 -6.706543603 3.751882285 0.069110010 -0.021330887 0.019049004 0.960815395 0.275709820
1706584748.772263050 -6.721788963 3.754240010 0.058971847 -0.020522114 0.019949399 0.960834526 0.275640851
1706584748.872897387 -6.736884293 3.760469589 0.057141669 -0.020854970 0.017648139 0.960819807 0.275824061
1706584748.972699165 -6.746513236 3.769881517 0.066992379 -0.021315599 0.016424739 0.960836257 0.275807107
1706584749.071444988 -6.756969431 3.771179261 0.069411952 -0.021258923 0.017159075 0.960869186 0.275652011
1706584749.170199394 -6.761621963 3.770849424 0.074695145 -0.020238304 0.017119280 0.960787558 0.276015597
1706584749.268987894 -6.773063049 3.778424093 0.077440753 -0.021509875 0.018209627 0.961121173 0.274684956
1706584749.372902155 -6.775749289 3.788036426 0.090857305 -0.022941593 0.017226583 0.961093019 0.274731027
1706584749.472522497 -6.805432082 3.791955214 0.101777507 -0.022139413 0.015955016 0.960916620 0.275489625
1706584749.571845531 -6.815957215 3.798767870 0.102680248 -0.022849521 0.017502747 0.960927084 0.275301094
1706584749.671063423 -6.846453958 3.800675914 0.103349932 -0.023433489 0.017875115 0.960833317 0.275555236
1706584749.772258759 -6.855359999 3.808281775 0.098012390 -0.021522615 0.015031375 0.960975186 0.275386141
1706584749.872157097 -6.851539580 3.809676241 0.080292013 -0.021368462 0.016382871 0.961046266 0.275072834
1706584749.972763777 -6.859917410 3.810229494 0.094968312 -0.022510021 0.017033886 0.960879055 0.275526019
1706584750.072608948 -6.862597739 3.812651861 0.098455145 -0.023545347 0.015569398 0.960903235 0.275441796
1706584750.172442675 -6.875211180 3.813951536 0.104112651 -0.023782171 0.018353849 0.960870642 0.275363675
1706584750.272282600 -6.883091008 3.810977507 0.097084464 -0.023066702 0.017166857 0.960896881 0.275409534
1706584750.371229887 -6.879384211 3.810631337 0.095769481 -0.022844248 0.017414149 0.960846705 0.275587549
1706584750.470002651 -6.888140422 3.807346458 0.089329008 -0.022739483 0.017598245 0.960845588 0.275588413
1706584750.568607092 -6.893963126 3.809691539 0.098276220 -0.022789693 0.016671346 0.960759843 0.275940611
1706584750.672463417 -6.891081970 3.810424830 0.083893232 -0.021869468 0.016427798 0.960828840 0.275789401
1706584750.771566153 -6.887472898 3.809194582 0.085357331 -0.022554158 0.019668674 0.960875564 0.275359047
1706584750.872157335 -6.883584707 3.806927711 0.078021823 -0.022104468 0.016809086 0.960876811 0.275580481
1706584750.971462011 -6.877842410 3.804902258 0.074965154 -0.021296932 0.017599987 0.960825708 0.275772804
1706584751.072231531 -6.870608148 3.803703755 0.071674549 -0.021497308 0.018438757 0.960882281 0.275505208
1706584751.171633720 -6.862334508 3.800853080 0.074384483 -0.021554262 0.017225787 0.960817811 0.275803951
1706584751.272715092 -6.883730578 3.806611915 0.076784623 -0.021360222 0.017934775 0.960764000 0.275961266
1706584751.372562170 -6.865827934 3.803057443 0.074031296 -0.020984315 0.017109825 0.960790207 0.275951248
1706584751.472404003 -6.854636621 3.802731163 0.076034425 -0.021578334 0.017718408 0.960924954 0.275397289
1706584751.572241545 -6.855420561 3.800848643 0.084632615 -0.022161683 0.017763012 0.960730588 0.276025492
1706584751.671041012 -6.836738723 3.793371113 0.092052169 -0.022832657 0.017865202 0.960759850 0.275862310
1706584751.769645691 -6.825223702 3.790056589 0.102261702 -0.022398618 0.016207356 0.960789472 0.275897107
1706584751.868217468 -6.818512790 3.788230903 0.104959392 -0.022630826 0.017352455 0.960905819 0.275402876
1706584751.972385883 -6.798826180 3.784696815 0.116427196 -0.023459090 0.016845517 0.960899026 0.275388745
1706584752.071268320 -6.788977775 3.784852737 0.106639304 -0.022169229 0.014932962 0.960935863 0.275477403
1706584752.172604799 -6.793797706 3.787053508 0.107608732 -0.022916969 0.017850474 0.960923142 0.275286921
1706584752.272530794 -6.806730072 3.793288590 0.109297612 -0.023008159 0.016050282 0.960969263 0.275229155
1706584752.372518063 -6.813529118 3.793572115 0.109001955 -0.023091371 0.013921500 0.960857363 0.275728323
1706584752.471209764 -6.818403430 3.792894480 0.113249675 -0.022946591 0.016477306 0.960908733 0.275420331
1706584752.569829941 -6.826354188 3.795382376 0.096804306 -0.022719926 0.018255641 0.960882673 0.275417911
1706584752.672853231 -6.835582805 3.797548283 0.100737104 -0.022379781 0.016357149 0.960938744 0.275369422
1706584752.772683620 -6.833527569 3.793338030 0.095020719 -0.021646176 0.016111269 0.960714681 0.276223048
1706584752.872046709 -6.832905543 3.793126545 0.102925250 -0.023011848 0.015212208 0.960789979 0.275901541
1706584752.970674515 -6.850377811 3.793544158 0.110123956 -0.022752559 0.016279001 0.960748144 0.276007824
1706584753.069065332 -6.855100718 3.792860735 0.097691653 -0.022761222 0.017871916 0.960714386 0.276026069
1706584753.172880888 -6.860141486 3.796337588 0.100276883 -0.023057136 0.017579228 0.960667542 0.276183298
1706584753.272270203 -6.876332741 3.800744591 0.094110307 -0.022913836 0.016820576 0.960712322 0.276086688
1706584753.372072935 -6.864914549 3.803244712 0.090198471 -0.022959712 0.016063407 0.960781166 0.275888328
1706584753.472144842 -6.865826648 3.805416629 0.080877922 -0.021249863 0.017822115 0.960913435 0.275456323
1706584753.572242260 -6.862965109 3.808057842 0.088130179 -0.021878555 0.016234944 0.960957296 0.275352194
1706584753.672250748 -6.855626893 3.808742300 0.085411979 -0.022228090 0.018718162 0.960962408 0.275148675
1706584753.770855904 -6.848632898 3.806541522 0.080316526 -0.021861177 0.016876311 0.960875798 0.275599310
1706584753.869464397 -6.852366693 3.807781108 0.082066279 -0.022261608 0.017680965 0.961067947 0.274845784
1706584753.972364902 -6.861429720 3.812781691 0.070234456 -0.020749821 0.017317931 0.961038902 0.275088645
1706584754.072225571 -6.848728889 3.814136730 0.068069484 -0.020372597 0.014648526 0.961084497 0.275112644
1706584754.171691656 -6.849530293 3.809209279 0.071564901 -0.020546902 0.017356017 0.961042491 0.275088939
1706584754.270079851 -6.847872826 3.804526565 0.068580362 -0.021077647 0.016846443 0.961001000 0.275225377
1706584754.368716955 -6.855602649 3.801728177 0.079514878 -0.021079658 0.017561887 0.960904046 0.275518859
1706584754.472378969 -6.855799884 3.800066208 0.069922737 -0.021514799 0.017866961 0.960855953 0.275633313
1706584754.571803808 -6.858032114 3.802803023 0.080820921 -0.021788029 0.017485346 0.960825060 0.275743989
1706584754.672869205 -6.860979427 3.809959145 0.077637337 -0.021764622 0.017028950 0.960987701 0.275207112
1706584754.772484064 -6.860646707 3.808327733 0.077667168 -0.021168355 0.017126022 0.960968985 0.275312931
1706584754.872542381 -6.864883088 3.812174164 0.080876776 -0.021453666 0.018019101 0.960962005 0.275258200
1706584754.971876860 -6.851797618 3.804222665 0.082800725 -0.021517146 0.016392636 0.960811162 0.275880779
1706584755.070483446 -6.845285192 3.800803296 0.088146373 -0.021584764 0.017943582 0.960864406 0.275593394
1706584755.169121265 -6.836618460 3.794301474 0.076819473 -0.021159175 0.017019665 0.960811419 0.275869603
1706584755.272710085 -6.849407023 3.795272886 0.079043797 -0.021192551 0.016551068 0.960829398 0.275832932
1706584755.372550726 -6.848567377 3.792635146 0.084950786 -0.020922055 0.017024369 0.960756918 0.276077131
1706584755.471114397 -6.850170895 3.796205239 0.083183782 -0.022653574 0.017449489 0.960816659 0.275705783
1706584755.569766521 -6.843666509 3.797663553 0.093478495 -0.021944497 0.016982675 0.960885614 0.275551926
1706584755.668411732 -6.836814950 3.795704513 0.106287952 -0.023265445 0.015776577 0.960798829 0.275817745
1706584755.772745848 -6.832187393 3.796725457 0.112401008 -0.023933055 0.016211142 0.960864683 0.275505840
1706584755.871516228 -6.849207904 3.801571175 0.115928548 -0.022767757 0.016628255 0.960858745 0.275600439
1706584755.972423077 -6.839467782 3.798811874 0.115584254 -0.023512832 0.015791343 0.960847947 0.275624750
1706584756.071555853 -6.840229992 3.797719964 0.109500974 -0.022730044 0.016045368 0.960870016 0.275598809
1706584756.172891617 -6.840964747 3.796931882 0.115751676 -0.023143423 0.015754224 0.960840040 0.275685698
1706584756.271518469 -6.820325888 3.793348001 0.118193516 -0.023468058 0.016876368 0.960885899 0.275431892
1706584756.370143414 -6.825531547 3.792896001 0.115108619 -0.023389678 0.016280727 0.960752882 0.275937965
1706584756.468773127 -6.841393154 3.796287917 0.112510630 -0.022924136 0.016475332 0.960862124 0.275584880
1706584756.572261333 -6.850383447 3.798916798 0.103665658 -0.023089462 0.016800552 0.960886302 0.275467118
1706584756.672136068 -6.868677821 3.807272247 0.102245584 -0.022906141 0.017402201 0.960912281 0.275354426
1706584756.770774364 -6.873928173 3.808133073 0.102033601 -0.022356494 0.016344362 0.960887671 0.275550238
1706584756.869444847 -6.875180587 3.810468892 0.099849735 -0.023048772 0.014339613 0.960768890 0.276018602
1706584756.968123198 -6.870470869 3.812572373 0.096693653 -0.022749935 0.015834799 0.960915226 0.275451682
1706584757.072278976 -6.862024802 3.809712462 0.091847498 -0.022029674 0.015067141 0.960842322 0.275807372
1706584757.172923565 -6.852367639 3.805769727 0.081507279 -0.021742258 0.017682802 0.960993710 0.275146654
1706584757.272567511 -6.862149629 3.812436375 0.080969849 -0.021483992 0.015082274 0.960964849 0.275422443
1706584757.371336699 -6.849334698 3.804387716 0.083358476 -0.022061208 0.017098318 0.960967296 0.275250443
1706584757.472456932 -6.844032289 3.803239730 0.086245844 -0.021791384 0.016160185 0.960963054 0.275343408
1706584757.571160078 -6.835410545 3.798061203 0.087636188 -0.021879443 0.017165709 0.960946347 0.275333882
1706584757.669792175 -6.831352419 3.793109913 0.102972511 -0.023019221 0.017724713 0.960772568 0.275811571
1706584757.768430471 -6.826049217 3.791430405 0.092800823 -0.021811523 0.016054324 0.960762024 0.276048636
1706584757.872603416 -6.839539722 3.798421129 0.096549956 -0.022077182 0.016274162 0.960862369 0.275665119
1706584757.971805811 -6.850916640 3.799404219 0.093358315 -0.021928559 0.016769239 0.960916335 0.275459123
1706584758.070469856 -6.860638429 3.804260664 0.091827656 -0.022207615 0.017385975 0.960887406 0.275499442
1706584758.169138908 -6.864556913 3.809816328 0.090469040 -0.022793705 0.015201998 0.960851256 0.275706748
1706584758.272368670 -6.869590087 3.810080325 0.099022588 -0.023369165 0.018028310 0.960860112 0.275457270
1706584758.372247219 -6.858513113 3.806894271 0.085538250 -0.021869305 0.017394720 0.961026634 0.275039936
1706584758.472451925 -6.870196385 3.805864658 0.096786327 -0.023205651 0.016440825 0.960744588 0.275972887
1706584758.572293997 -6.864345849 3.801729064 0.097100343 -0.022911140 0.017785483 0.960885933 0.275421459
1706584758.671022415 -6.855447895 3.802690067 0.105398312 -0.023701072 0.017205456 0.960875322 0.275428478
1706584758.772170544 -6.854313272 3.797896422 0.097781231 -0.022251003 0.016450328 0.960788508 0.275898030
1706584758.870805025 -6.856263880 3.800666098 0.105801939 -0.023279466 0.018386685 0.960795471 0.275666572
1706584758.969450951 -6.857544665 3.800779009 0.098321311 -0.021799881 0.016332036 0.960885046 0.275604712
1706584759.068096399 -6.854873821 3.804006676 0.107047917 -0.022619429 0.016892575 0.960841761 0.275655786
1706584759.172834873 -6.855884949 3.807103854 0.106443330 -0.022581057 0.016304823 0.960998752 0.275146591
1706584759.271493435 -6.869941770 3.812045888 0.095749875 -0.022241617 0.015688447 0.960973582 0.275297944
1706584759.370160580 -6.873026862 3.815701949 0.098784212 -0.022683401 0.016379333 0.960937949 0.275346035
1706584759.469073296 -6.872399833 3.817440249 0.093276211 -0.022239436 0.017655640 0.961000415 0.275085239
1706584759.572308779 -6.867722188 3.815442066 0.089878056 -0.021905540 0.017811004 0.961085826 0.274803475
1706584759.672348738 -6.856202108 3.809017974 0.093107049 -0.021865274 0.014999103 0.960858253 0.275768660
1706584759.772366285 -6.865731710 3.809038398 0.094141619 -0.022574557 0.016602245 0.960915902 0.275418562
1706584759.872041702 -6.862614561 3.809407982 0.097216494 -0.022274035 0.016579523 0.960804216 0.275833728
1706584759.972458363 -6.856859816 3.803243016 0.092844800 -0.021867060 0.017781247 0.960900548 0.275455615
1706584760.071848154 -6.850133280 3.803795914 0.083932587 -0.021094754 0.016431585 0.961014377 0.275202439
1706584760.170487404 -6.856941605 3.804899311 0.080505367 -0.021106525 0.015873302 0.960891060 0.275664512
1706584760.269135475 -6.849462990 3.798057956 0.085890989 -0.020811317 0.017867094 0.960848621 0.275712864
1706584760.367790222 -6.846756653 3.796610175 0.081015749 -0.021614446 0.017708825 0.960937155 0.275352497
1706584760.472537994 -6.848039659 3.798562452 0.082776906 -0.021785555 0.015781536 0.960804280 0.275919315
1706584760.571221352 -6.843395531 3.799963902 0.090445867 -0.021905132 0.016781433 0.961003919 0.275154533
1706584760.670143127 -6.844038406 3.799318463 0.085972771 -0.021517542 0.017269941 0.960822493 0.275787746
1706584760.768811941 -6.843497577 3.799408130 0.091227591 -0.021434131 0.017339930 0.961039901 0.275031295
1706584760.872248650 -6.832928133 3.796436873 0.079001303 -0.020004430 0.015992416 0.960867056 0.275823431
1706584760.972666025 -6.820485409 3.793590159 0.088356413 -0.022206247 0.016843356 0.960947828 0.275322458
1706584761.072728395 -6.813867019 3.790188960 0.100843990 -0.021826778 0.014312358 0.960824111 0.275927119
1706584761.171928167 -6.813503530 3.787884000 0.110423505 -0.023184017 0.015669281 0.960890352 0.275511717
1706584761.272386312 -6.815280564 3.787440960 0.111890726 -0.022755879 0.015563677 0.960744320 0.276062120
1706584761.371523857 -6.819672411 3.783642080 0.110503976 -0.022531345 0.016608178 0.960756766 0.275976347
1706584761.470184803 -6.806721575 3.777161694 0.120790027 -0.024281525 0.016648560 0.960662035 0.276155186
1706584761.568840504 -6.796608510 3.774456181 0.114759853 -0.024028304 0.018380652 0.960734836 0.275814009
1706584761.667501926 -6.794356101 3.778416491 0.119183077 -0.023605435 0.017123574 0.960764249 0.275828976
1706584761.772254467 -6.794024768 3.781736891 0.119373681 -0.023211613 0.017374751 0.960875169 0.275460066
1706584761.871164083 -6.787115555 3.786380236 0.113022630 -0.022797681 0.014504699 0.960814283 0.275872783
1706584761.969789982 -6.790927335 3.790653530 0.118462906 -0.022798962 0.017237684 0.961116684 0.274659408
1706584762.072710037 -6.816484224 3.794311582 0.107717451 -0.023545975 0.019361309 0.960927422 0.275116731
1706584762.172552109 -6.825459481 3.800923714 0.114802175 -0.023320691 0.015945569 0.961021359 0.275026965
1706584762.272392273 -6.834485613 3.797021626 0.108509347 -0.022249928 0.015915578 0.960853405 0.275703408
1706584762.372237206 -6.850950824 3.800664830 0.107416431 -0.023535440 0.018117281 0.960980479 0.275017028
1706584762.472182989 -6.860643904 3.806056507 0.110061140 -0.023266008 0.017169701 0.960827508 0.275634530
1706584762.572533846 -6.867195294 3.809149664 0.100182579 -0.022340563 0.017256839 0.961000382 0.275102465
1706584762.671189785 -6.872722746 3.813255203 0.106265907 -0.024068672 0.017765765 0.960966258 0.275043502
1706584762.769846201 -6.881681800 3.817161237 0.093661582 -0.022151106 0.016817318 0.960999019 0.275149763
1706584762.868538380 -6.892679298 3.821968688 0.078751413 -0.021782774 0.017320434 0.961102797 0.274785238
