frame,stamp,pos_x,pos_y,pos_z,quat_x,quat_y,quat_z,quat_w,cloud_points,cloud_stamp,map_points,map_stamp,incremental_degenerate,incremental_stamp,imu_speed,imu_stamp,deskew_points,deskew_stamp,corner_points,corner_stamp,surface_points,surface_stamp
1,1709436655.294748783,0.000000000,0.000000000,0.000000000,0.012884231,0.002648621,-0.000034128,0.999913486,0,0.000000000,0,0.000000000,0,0.000000000,0.000000000,0.000000000,10416,1709436655.294748783,71,1709436655.294748783,4378,1709436655.294748783
2,1709436655.494817257,0.000124416,-0.000025355,0.001001414,0.012938952,0.002794288,-0.000222932,0.999912359,2476,1709436655.294748783,1055,1709436655.294748783,0,1709436655.294748783,0.000000000,0.000000000,10230,1709436655.494817257,74,1709436655.494817257,4258,1709436655.494817257
3,1709436655.695273638,0.000110707,-0.000074947,0.002481272,0.013092470,0.002755374,-0.000194501,0.999910475,2463,1709436655.494817257,1055,1709436655.294748783,1,1709436655.494817257,0.269604053,1709436655.902370453,10269,1709436655.695273638,78,1709436655.695273638,4398,1709436655.695273638
4,1709436655.894965887,-0.000143624,0.000032016,0.000429217,0.013059776,0.002701798,-0.000183389,0.999911050,2537,1709436655.695273638,1055,1709436655.294748783,1,1709436655.695273638,0.338811573,1709436656.102486372,10393,1709436655.894965887,63,1709436655.894965887,4394,1709436655.894965887
5,1709436656.094646215,-0.002209184,-0.033060387,0.000947193,0.012769004,0.002754482,-0.000020599,0.999914679,2528,1709436655.894965887,1055,1709436655.294748783,1,1709436655.894965887,0.403934679,1709436656.302942276,10278,1709436656.094646215,65,1709436656.094646215,4278,1709436656.094646215
6,1709436656.394965410,-0.005596171,-0.092205502,0.002185459,0.012952294,0.002912194,0.000032829,0.999911874,2443,1709436656.094646215,1055,1709436655.294748783,1,1709436656.094646215,0.545383428,1709436656.602603436,10195,1709436656.394965410,73,1709436656.394965410,4292,1709436656.394965410
7,1709436656.594637871,0.011332587,-0.188268393,-0.002920223,0.012569827,0.002788505,0.000598880,0.999916929,2447,1709436656.394965410,1055,1709436655.294748783,1,1709436656.394965410,0.625655055,1709436656.802591801,10298,1709436656.594637871,64,1709436656.594637871,4296,1709436656.594637871
8,1709436656.795116186,0.010463423,-0.266743690,-0.006650024,0.012040999,0.002829668,0.001052593,0.999922947,2407,1709436656.594637871,1055,1709436655.294748783,1,1709436656.594637871,0.724732462,1709436657.002958536,10102,1709436656.795116186,71,1709436656.795116186,4234,1709436656.795116186
9,1709436656.994802475,0.014467961,-0.388794303,-0.013691902,0.011435560,0.002825069,0.001661225,0.999929241,2388,1709436656.795116186,1055,1709436655.294748783,1,1709436656.795116186,0.818592450,1709436657.203140736,10313,1709436656.994802475,65,1709436656.994802475,4417,1709436656.994802475
10,1709436657.195278168,0.037216984,-0.521089733,-0.018895589,0.011339357,0.002788607,0.002395034,0.999928951,2516,1709436656.994802475,1055,1709436655.294748783,1,1709436656.994802475,0.917814108,1709436657.402390957,10380,1709436657.195278168,56,1709436657.195278168,4385,1709436657.195278168
11,1709436657.394958735,0.042496409,-0.679224193,-0.026801441,0.010453362,0.002787517,0.003414589,0.999935647,2518,1709436657.195278168,1055,1709436655.294748783,1,1709436657.195278168,1.016604612,1709436657.603347301,10395,1709436657.394958735,65,1709436657.394958735,4368,1709436657.394958735
12,1709436657.594628334,0.059985340,-0.858056068,-0.034224149,0.010047236,0.002978246,0.004059592,0.999936849,2486,1709436657.394958735,1055,1709436655.294748783,1,1709436657.394958735,1.115854979,1709436657.802842855,10343,1709436657.594628334,75,1709436657.594628334,4276,1709436657.594628334
13,1709436657.795108080,0.077166490,-1.056868792,-0.039674830,0.009477720,0.002936169,0.004808141,0.999939215,2421,1709436657.594628334,1055,1709436655.294748783,1,1709436657.594628334,1.216601077,1709436658.003026009,10475,1709436657.795108080,66,1709436657.795108080,4318,1709436657.795108080
14,1709436657.994789600,0.089608960,-1.278315425,-0.045374326,0.008533809,0.003052926,0.005685945,0.999942760,2447,1709436657.795108080,1055,1709436655.294748783,1,1709436657.795108080,1.316555552,1709436658.202527285,10092,1709436657.994789600,63,1709436657.994789600,4234,1709436657.994789600
15,1709436658.195276976,0.130546913,-1.517300725,-0.058526982,0.007643151,0.002999041,0.006683436,0.999943958,2395,1709436657.994789600,1055,1709436655.294748783,1,1709436657.994789600,1.473508662,1709436658.503353596,10233,1709436658.195276976,75,1709436658.195276976,4387,1709436658.195276976
16,1709436658.494798660,0.241201431,-1.919561982,-0.060807541,0.006903057,0.003273871,0.007033814,0.999946076,2558,1709436658.195276976,1055,1709436655.294748783,1,1709436658.195276976,1.574297913,1709436658.702757359,10360,1709436658.494798660,53,1709436658.494798660,4295,1709436658.494798660
17,1709436658.894970417,0.433560193,-2.514700651,-0.063669488,0.007031336,0.003879641,0.006490828,0.999946688,2406,1709436658.494798660,1055,1709436655.294748783,1,1709436658.494798660,1.780846678,1709436659.102261066,10309,1709436658.894970417,79,1709436658.894970417,4316,1709436658.894970417
18,1709436659.195313454,0.684573293,-3.005708456,-0.077351108,0.008018173,0.004004047,0.006113523,0.999941149,2462,1709436658.894970417,1055,1709436655.294748783,1,1709436658.894970417,1.932556749,1709436659.402306795,10108,1709436659.195313454,65,1709436659.195313454,4255,1709436659.195313454
19,1709436659.394989252,0.802136540,-3.374395370,-0.085973240,0.008258448,0.004106587,0.006110888,0.999938794,2408,1709436659.195313454,1055,1709436655.294748783,1,1709436659.195313454,2.030588798,1709436659.602233648,10227,1709436659.394989252,76,1709436659.394989252,4359,1709436659.394989252
20,1709436659.594650745,1.001095057,-3.737860680,-0.101854093,0.008100059,0.003967685,0.006390835,0.999938900,2547,1709436659.394989252,1055,1709436655.294748783,1,1709436659.394989252,2.130787209,1709436659.802577257,10420,1709436659.594650745,64,1709436659.594650745,4365,1709436659.594650745
21,1709436659.795123100,1.208550334,-4.124709606,-0.111725233,0.008330447,0.004095119,0.005854907,0.999939775,2500,1709436659.594650745,1055,1709436655.294748783,1,1709436659.594650745,2.284551769,1709436660.102602482,10382,1709436659.795123100,64,1709436659.795123100,4343,1709436659.795123100
22,1709436659.994801283,1.389511824,-4.528465748,-0.128778487,0.008207910,0.004149292,0.006124046,0.999938953,2437,1709436659.795123100,1055,1709436655.294748783,1,1709436659.795123100,2.336041318,1709436660.202356339,10323,1709436659.994801283,72,1709436659.994801283,4390,1709436659.994801283
23,1709436660.195273161,1.622207522,-4.947471619,-0.145406798,0.008472276,0.004037429,0.006111039,0.999937285,2514,1709436659.994801283,1055,1709436655.294748783,1,1709436659.994801283,2.439853303,1709436660.402512550,10362,1709436660.195273161,73,1709436660.195273161,4276,1709436660.195273161
24,1709436660.394966602,1.897522449,-5.379300594,-0.162681282,0.009484468,0.003902415,0.005092711,0.999934438,2423,1709436660.195273161,1868,1709436660.295117855,1,1709436660.195273161,2.546585421,1709436660.601911545,10216,1709436660.394966602,63,1709436660.394966602,4339,1709436660.394966602
25,1709436660.594652176,2.125879049,-5.829926968,-0.184533104,0.009695849,0.003749037,0.004912439,0.999933899,2427,1709436660.394966602,1868,1709436660.295117855,1,1709436660.394966602,2.654273969,1709436660.802190304,10186,1709436660.594652176,64,1709436660.594652176,4329,1709436660.594652176
26,1709436660.795124769,2.384716511,-6.293006897,-0.199676529,0.010051972,0.003839110,0.004690941,0.999931105,2554,1709436660.594652176,1868,1709436660.295117855,1,1709436660.594652176,2.765824946,1709436661.002707005,10320,1709436660.795124769,62,1709436660.795124769,4397,1709436660.795124769
27,1709436660.994810343,2.637315512,-6.771343231,-0.218988955,0.010278043,0.003775559,0.004381820,0.999930451,2469,1709436660.795124769,1868,1709436660.295117855,1,1709436660.795124769,2.878662344,1709436661.201781988,10418,1709436660.994810343,66,1709436660.994810343,4312,1709436660.994810343
28,1709436661.195313454,2.888289690,-7.260268211,-0.239151299,0.010665704,0.003721854,0.003935987,0.999928447,2472,1709436660.994810343,1868,1709436660.295117855,1,1709436660.994810343,2.992429639,1709436661.402588606,10284,1709436661.195313454,70,1709436661.195313454,4361,1709436661.195313454
29,1709436661.395011425,3.194705248,-7.762852192,-0.261133105,0.010576265,0.003637269,0.003247411,0.999932181,2464,1709436661.195313454,1868,1709436660.295117855,1,1709436661.195313454,3.105606168,1709436661.602646112,10337,1709436661.395011425,65,1709436661.395011425,4297,1709436661.395011425
30,1709436661.694930077,3.697525263,-8.508152962,-0.289324939,0.011928613,0.003503619,0.002285167,0.999920102,2407,1709436661.395011425,1868,1709436660.295117855,1,1709436661.395011425,3.272355958,1709436661.902592421,10185,1709436661.694930077,79,1709436661.694930077,4279,1709436661.694930077
31,1709436661.894610167,3.935629606,-9.090656281,-0.309462041,0.011699980,0.003531463,0.001674963,0.999923914,2506,1709436661.694930077,1868,1709436660.295117855,1,1709436661.694930077,3.380485082,1709436662.102042198,10160,1709436661.894610167,74,1709436661.894610167,4301,1709436661.894610167
32,1709436662.095092773,4.286845207,-9.606959343,-0.331038475,0.012740792,0.003609038,0.000708048,0.999912069,2497,1709436661.894610167,1868,1709436660.295117855,1,1709436661.894610167,3.490905441,1709436662.302324057,10343,1709436662.095092773,68,1709436662.095092773,4313,1709436662.095092773
33,1709436662.294780493,4.612444878,-10.154303551,-0.365556598,0.012748015,0.003202819,0.000282273,0.999913571,2438,1709436662.095092773,1868,1709436660.295117855,1,1709436662.095092773,3.595085671,1709436662.501999855,10289,1709436662.294780493,72,1709436662.294780493,4261,1709436662.294780493
34,1709436662.495245934,4.953409672,-10.698560715,-0.386983603,0.013228986,0.003140621,-0.000802494,0.999907239,2424,1709436662.294780493,1868,1709436660.295117855,1,1709436662.294780493,3.697075593,1709436662.702345610,10303,1709436662.495245934,65,1709436662.495245934,4354,1709436662.495245934
35,1709436662.694923401,5.290210724,-11.252908707,-0.412378877,0.013886762,0.003203122,-0.001702296,0.999896995,2420,1709436662.495245934,1868,1709436660.295117855,1,1709436662.495245934,3.793731129,1709436662.902709007,10405,1709436662.694923401,63,1709436662.694923401,4332,1709436662.694923401
36,1709436662.894614220,5.670932770,-11.807711601,-0.445088863,0.014536263,0.002614156,-0.002765711,0.999887101,2422,1709436662.694923401,1868,1709436660.295117855,1,1709436662.694923401,3.938559117,1709436663.201936722,10478,1709436662.894614220,72,1709436662.894614220,4360,1709436662.894614220
37,1709436663.095092297,6.044493675,-12.361272812,-0.474399567,0.014437691,0.002563835,-0.003407050,0.999886679,2533,1709436662.894614220,1868,1709436660.295117855,1,1709436662.894614220,3.970582482,1709436663.302558422,10167,1709436663.095092297,79,1709436663.095092297,4282,1709436663.095092297
38,1709436663.294775009,6.429481030,-12.921944618,-0.503034234,0.014802776,0.002388349,-0.004161381,0.999878921,2488,1709436663.095092297,1868,1709436660.295117855,1,1709436663.095092297,4.051791605,1709436663.502513170,10100,1709436663.294775009,59,1709436663.294775009,4243,1709436663.294775009
39,1709436663.495251894,6.805115700,-13.478669167,-0.533268631,0.015198751,0.002101402,-0.005236794,0.999868570,2420,1709436663.294775009,1868,1709436660.295117855,1,1709436663.294775009,4.127401561,1709436663.702206373,10336,1709436663.495251894,76,1709436663.495251894,4277,1709436663.495251894
40,1709436663.694949389,7.196200371,-14.036167145,-0.568289638,0.016040578,0.001789199,-0.006591393,0.999848015,2447,1709436663.495251894,1868,1709436660.295117855,1,1709436663.495251894,4.196922815,1709436663.902587652,10439,1709436663.694949389,71,1709436663.694949389,4402,1709436663.694949389
41,1709436663.894632816,7.602789402,-14.593303680,-0.598010182,0.015982809,0.001512652,-0.007287629,0.999844564,2495,1709436663.694949389,1868,1709436660.295117855,1,1709436663.694949389,4.258120622,1709436664.102284193,10307,1709436663.894632816,61,1709436663.894632816,4326,1709436663.894632816
42,1709436664.194978237,8.247667313,-15.365922928,-0.628162146,0.016812657,0.001538349,-0.009245266,0.999814729,2454,1709436663.894632816,1868,1709436660.295117855,1,1709436663.894632816,4.366329228,1709436664.402657986,10371,1709436664.194978237,71,1709436664.194978237,4437,1709436664.194978237
43,1709436664.394668102,8.673302650,-16.033845901,-0.665117323,0.016655091,0.001394287,-0.010039800,0.999809915,2546,1709436664.194978237,1868,1709436660.295117855,1,1709436664.194978237,4.401068158,1709436664.603017330,10127,1709436664.394668102,64,1709436664.394668102,4256,1709436664.394668102
44,1709436664.595139980,9.092265129,-16.543079376,-0.696503103,0.017182000,0.001058286,-0.011116044,0.999790024,2413,1709436664.394668102,1868,1709436660.295117855,1,1709436664.394668102,4.443420769,1709436664.802197456,10273,1709436664.595139980,76,1709436664.595139980,4299,1709436664.595139980
45,1709436664.794830799,9.497750282,-17.075233459,-0.723363638,0.017363366,0.000913323,-0.012448683,0.999771329,2473,1709436664.595139980,1868,1709436660.295117855,1,1709436664.595139980,4.474890693,1709436665.002560377,10309,1709436664.794830799,76,1709436664.794830799,4333,1709436664.794830799
46,1709436664.994919777,9.921361923,-17.596435547,-0.751860797,0.018220081,0.000659660,-0.013525195,0.999742298,2468,1709436664.794830799,1868,1709436660.295117855,1,1709436664.794830799,4.498214018,1709436665.202547789,10525,1709436664.994919777,69,1709436664.994919777,4413,1709436664.994919777
47,1709436665.194600582,10.330154419,-18.106472015,-0.787653387,0.018144520,0.000297742,-0.014725240,0.999726890,2470,1709436664.994919777,1868,1709436660.295117855,1,1709436664.994919777,4.515744253,1709436665.412813187,10243,1709436665.194600582,61,1709436665.194600582,4254,1709436665.194600582
48,1709436665.395088673,10.760185242,-18.609403610,-0.810546100,0.018547851,0.000130574,-0.015970406,0.999700408,2452,1709436665.194600582,2610,1709436665.295244932,1,1709436665.194600582,4.519528850,1709436665.612722874,10454,1709436665.395088673,75,1709436665.395088673,4398,1709436665.395088673
49,1709436665.594789267,11.165311813,-19.093824387,-0.844622850,0.018161596,-0.000230867,-0.017184914,0.999687342,2543,1709436665.395088673,2610,1709436665.295244932,1,1709436665.395088673,4.513817236,1709436665.812933445,10121,1709436665.594789267,65,1709436665.594789267,4239,1709436665.594789267
50,1709436665.795252085,11.564014435,-19.566034317,-0.874306500,0.018965152,-0.000602622,-0.018783399,0.999643508,2445,1709436665.594789267,2610,1709436665.295244932,1,1709436665.594789267,4.497294010,1709436666.012197495,10157,1709436665.795252085,73,1709436665.795252085,4226,1709436665.795252085
51,1709436665.994931221,11.955666542,-20.027025223,-0.905980289,0.019051114,-0.000902140,-0.020254822,0.999612917,2388,1709436665.795252085,2610,1709436665.295244932,1,1709436665.795252085,4.471059726,1709436666.212322712,10519,1709436665.994931221,68,1709436665.994931221,4371,1709436665.994931221
52,1709436666.194615126,12.354807854,-20.467151642,-0.934958816,0.019375753,-0.001384429,-0.021557868,0.999578872,2476,1709436665.994931221,2610,1709436665.295244932,1,1709436665.994931221,4.429988675,1709436666.402306318,10380,1709436666.194615126,65,1709436666.194615126,4359,1709436666.194615126
53,1709436666.395123959,12.730113983,-20.886657715,-0.963619053,0.019958346,-0.001828347,-0.022739615,0.999540510,2467,1709436666.194615126,2610,1709436665.295244932,1,1709436666.194615126,4.417088657,1709436666.712675810,10326,1709436666.395123959,63,1709436666.395123959,4303,1709436666.395123959
54,1709436666.594809294,13.110435486,-21.287181854,-0.989812434,0.020486363,-0.002051829,-0.024347775,0.999491513,2478,1709436666.395123959,2610,1709436665.295244932,1,1709436666.395123959,4.320472625,1709436666.802782774,10375,1709436666.594809294,61,1709436666.594809294,4376,1709436666.594809294
55,1709436666.795303345,13.456807137,-21.664146423,-1.017441154,0.020765540,-0.002465214,-0.025693043,0.999451141,2497,1709436666.594809294,2610,1709436665.295244932,1,1709436666.594809294,4.275373748,1709436667.102406502,10147,1709436666.795303345,56,1709436666.795303345,4291,1709436666.795303345
56,1709436666.994990110,13.778334618,-22.014009476,-1.043369770,0.020894887,-0.002769854,-0.027108179,0.999410265,2443,1709436666.795303345,2610,1709436665.295244932,1,1709436666.795303345,4.162145156,1709436667.202401638,10247,1709436666.994990110,75,1709436666.994990110,4248,1709436666.994990110
57,1709436667.194660425,14.084263802,-22.339162827,-1.067423105,0.020701592,-0.003062826,-0.028496613,0.999374808,2428,1709436666.994990110,2610,1709436665.295244932,1,1709436666.994990110,4.105947989,1709436667.402737617,10324,1709436667.194660425,70,1709436667.194660425,4340,1709436667.194660425
58,1709436667.395141363,14.390956879,-22.639436722,-1.088443875,0.020683566,-0.003315799,-0.029563614,0.999343379,2443,1709436667.194660425,2610,1709436665.295244932,1,1709436667.194660425,4.091275114,1709436667.612403631,10316,1709436667.395141363,71,1709436667.395141363,4322,1709436667.395141363
59,1709436667.795309544,15.070520401,-23.160139084,-1.150388122,0.021467861,-0.003249410,-0.033774796,0.999193593,2444,1709436667.395141363,2610,1709436665.295244932,1,1709436667.395141363,4.264699584,1709436668.011925697,10467,1709436667.795309544,68,1709436667.795309544,4356,1709436667.795309544
60,1709436667.994982719,15.622964859,-23.613365173,-1.156419277,0.014974079,0.000607022,-0.039066935,0.999124208,2458,1709436667.795309544,2610,1709436665.295244932,1,1709436667.795309544,4.192448538,1709436668.212002993,10508,1709436667.994982719,76,1709436667.994982719,4316,1709436667.994982719
61,1709436668.194667101,15.883508682,-23.699399948,-1.168167830,0.011063844,0.003144312,-0.050070542,0.998679451,2429,1709436667.994982719,2610,1709436665.295244932,1,1709436667.994982719,4.346582116,1709436668.411547661,10519,1709436668.194667101,69,1709436668.194667101,4198,1709436668.194667101
62,1709436668.395156622,16.240709305,-23.860483170,-1.167009354,0.011342266,0.002508849,-0.072244386,0.997319311,2357,1709436668.194667101,2610,1709436665.295244932,1,1709436668.194667101,4.363966333,1709436668.622432709,10523,1709436668.395156622,77,1709436668.395156622,4214,1709436668.395156622
63,1709436668.594831944,16.591848373,-24.007526398,-1.164605498,0.027084836,0.000371864,-0.098659211,0.994752549,2379,1709436668.395156622,2610,1709436665.295244932,1,1709436668.395156622,4.370559453,1709436668.922343969,10662,1709436668.594831944,80,1709436668.594831944,4272,1709436668.594831944
64,1709436668.794929743,16.968389511,-24.120626450,-1.158187628,0.028653865,0.005896062,-0.136021649,0.990273853,2432,1709436668.594831944,2610,1709436665.295244932,1,1709436668.594831944,4.195465303,1709436669.012443304,10874,1709436668.794929743,83,1709436668.794929743,4301,1709436668.794929743
65,1709436668.994609594,17.349363327,-24.203983307,-1.160324574,0.016030270,0.020717381,-0.178013538,0.983679318,2547,1709436668.794929743,2610,1709436665.295244932,1,1709436668.794929743,4.172784059,1709436669.212110043,11102,1709436668.994609594,117,1709436668.994609594,3913,1709436668.994609594
66,1709436669.294920206,17.752805710,-24.207202911,-1.188317537,0.032726924,0.038648721,-0.237992719,0.969945715,2270,1709436668.994609594,2610,1709436665.295244932,1,1709436668.994609594,2.939841535,1709436669.712075233,11812,1709436669.294920206,121,1709436669.294920206,3752,1709436669.294920206
67,1709436669.895123482,18.782186508,-24.604162216,-1.208261609,0.065135002,0.002949391,-0.274528309,0.959365905,2248,1709436669.294920206,2610,1709436665.295244932,1,1709436669.294920206,2.395884295,1709436670.111935616,10487,1709436669.895123482,90,1709436669.895123482,3980,1709436669.895123482
68,1709436670.094806910,19.067583084,-24.670955658,-1.201545238,0.053209252,0.003239580,-0.275882429,0.959712022,2301,1709436669.895123482,2610,1709436665.295244932,1,1709436669.895123482,2.163671639,1709436670.312041521,10580,1709436670.094806910,98,1709436670.094806910,4031,1709436670.094806910
69,1709436670.295276880,18.944505692,-24.236648560,-1.197715759,0.051399024,-0.003129936,-0.277414032,0.959369480,2341,1709436670.094806910,2610,1709436665.295244932,1,1709436670.094806910,2.184140997,1709436670.511778355,10038,1709436670.295276880,77,1709436670.295276880,4030,1709436670.295276880
70,1709436670.494949102,18.975330353,-23.908540726,-1.164718390,0.028129981,-0.003849468,-0.285886221,0.957842865,2248,1709436670.295276880,3833,1709436670.295276880,1,1709436670.295276880,1.795853879,1709436670.711736441,9759,1709436670.494949102,85,1709436670.494949102,3978,1709436670.494949102
71,1709436670.694614649,18.980583191,-23.567630768,-1.134916306,0.032696179,0.002271509,-0.283783173,0.958328185,2319,1709436670.494949102,3833,1709436670.295276880,1,1709436670.494949102,1.801323786,1709436670.911992550,9984,1709436670.694614649,91,1709436670.694614649,4096,1709436670.694614649
72,1709436670.895092726,19.041557312,-23.233026505,-1.098175764,0.026110117,0.005705747,-0.288849436,0.957001416,2305,1709436670.694614649,3833,1709436670.295276880,1,1709436670.694614649,1.625091047,1709436671.112275362,10225,1709436670.895092726,88,1709436670.895092726,4042,1709436670.895092726
73,1709436671.094757318,19.083511353,-22.887863159,-1.099604964,0.045285256,0.015116714,-0.281649243,0.958328980,2244,1709436670.895092726,3833,1709436670.295276880,1,1709436670.895092726,1.770434356,1709436671.312357664,11193,1709436671.094757318,111,1709436671.094757318,3918,1709436671.094757318
74,1709436671.294834852,19.082834244,-22.457418442,-1.087438226,0.042988787,0.022365300,-0.282551447,0.958027368,2288,1709436671.094757318,3833,1709436670.295276880,1,1709436671.094757318,1.415696656,1709436671.512537241,11247,1709436671.294834852,110,1709436671.294834852,3934,1709436671.294834852
75,1709436671.495300293,19.090448380,-21.993150711,-1.054105997,0.031458590,0.025784261,-0.281516931,0.958693771,2303,1709436671.294834852,3833,1709436670.295276880,1,1709436671.294834852,1.565473267,1709436671.712026358,11063,1709436671.495300293,103,1709436671.495300293,3823,1709436671.495300293
76,1709436671.694991827,18.990251541,-21.481464386,-1.010015130,0.050253969,0.025812074,-0.281049599,0.958028913,2166,1709436671.495300293,3833,1709436670.295276880,1,1709436671.495300293,1.762374189,1709436671.922604322,11409,1709436671.694991827,107,1709436671.694991827,3741,1709436671.694991827
77,1709436671.894685030,18.844556808,-20.876787186,-0.975938141,0.045233691,0.030264865,-0.281713476,0.957953793,2176,1709436671.694991827,3833,1709436670.295276880,1,1709436671.694991827,2.048981914,1709436672.112538815,11592,1709436671.894685030,106,1709436671.894685030,3715,1709436671.894685030
78,1709436672.094749928,18.664230347,-20.232374191,-0.939413548,0.044461642,0.022722321,-0.281128873,0.958370187,2151,1709436671.894685030,3833,1709436670.295276880,1,1709436671.894685030,2.306891791,1709436672.312198639,11114,1709436672.094749928,118,1709436672.094749928,3668,1709436672.094749928
79,1709436672.494935274,18.094066620,-18.730989456,-0.866537750,0.043217208,0.005430129,-0.281511623,0.958568721,2109,1709436672.094749928,3833,1709436670.295276880,1,1709436672.094749928,2.794962804,1709436672.712628365,10319,1709436672.494935274,76,1709436672.494935274,4046,1709436672.494935274
80,1709436672.694626093,18.195224762,-18.264434814,-0.797904372,0.038110312,0.015188771,-0.289744099,0.956224483,2330,1709436672.494935274,3833,1709436670.295276880,1,1709436672.494935274,2.921109443,1709436672.912045240,10994,1709436672.694626093,96,1709436672.694626093,3786,1709436672.694626093
81,1709436672.895132065,17.746517181,-17.291637421,-0.785260439,0.021967280,0.026545778,-0.292218419,0.955730692,2150,1709436672.694626093,3833,1709436670.295276880,1,1709436672.694626093,3.211273569,1709436673.112211943,11062,1709436672.895132065,89,1709436672.895132065,3610,1709436672.895132065
82,1709436673.094807625,17.402605057,-16.453231812,-0.755298853,0.048915010,0.033619410,-0.287999527,0.955789375,2109,1709436672.895132065,3833,1709436670.295276880,1,1709436672.895132065,3.880770069,1709436673.332767725,11355,1709436673.094807625,104,1709436673.094807625,3618,1709436673.094807625
83,1709436673.295296431,16.936149597,-15.495496750,-0.697355151,0.055669766,0.038940138,-0.293322801,0.953596496,2141,1709436673.094807625,3833,1709436670.295276880,1,1709436673.094807625,4.392584068,1709436673.612827301,11212,1709436673.295296431,101,1709436673.295296431,3445,1709436673.295296431
84,1709436673.594803333,16.273834229,-14.049021721,-0.632692218,0.048862127,0.025191197,-0.297335552,0.953189103,2011,1709436673.295296431,3833,1709436670.295276880,1,1709436673.295296431,4.806466443,1709436673.812795401,10936,1709436673.594803333,105,1709436673.594803333,3763,1709436673.594803333
85,1709436673.795304537,15.618960381,-12.925930023,-0.582420707,0.046522129,0.018507651,-0.304142312,0.951309946,2190,1709436673.594803333,3833,1709436670.295276880,1,1709436673.594803333,5.452693218,1709436674.111952782,10481,1709436673.795304537,85,1709436673.795304537,3762,1709436673.795304537
86,1709436674.094821692,14.679966927,-11.243594170,-0.514271677,0.036160240,0.001628831,-0.312056755,0.949373670,2155,1709436673.795304537,3833,1709436670.295276880,1,1709436673.795304537,5.788160882,1709436674.312934160,9545,1709436674.094821692,70,1709436674.094821692,3838,1709436674.094821692
87,1709436674.295299053,13.794053078,-9.974334717,-0.491861105,0.040625264,-0.020494199,-0.314823058,0.948059079,2209,1709436674.094821692,3833,1709436670.295276880,1,1709436674.094821692,6.409688191,1709436674.512972116,8399,1709436674.295299053,49,1709436674.295299053,3431,1709436674.295299053
88,1709436674.494981766,12.852520943,-8.670863152,-0.378628820,0.036646138,-0.009695134,-0.338698830,0.940130931,2012,1709436674.295299053,3833,1709436670.295276880,1,1709436674.295299053,6.661504912,1709436674.712066650,9215,1709436674.494981766,56,1709436674.494981766,3656,1709436674.494981766
89,1709436674.694626331,11.843894958,-7.290752411,-0.287581921,0.007243186,0.020270379,-0.367285616,0.929859089,2146,1709436674.494981766,3833,1709436670.295276880,1,1709436674.494981766,7.130467042,1709436674.912730694,10303,1709436674.694626331,81,1709436674.694626331,3756,1709436674.694626331
90,1709436674.895131350,10.717803955,-5.949758530,-0.214110523,0.027620295,0.023536397,-0.386237736,0.921685179,2163,1709436674.694626331,3833,1709436670.295276880,1,1709436674.694626331,7.517005914,1709436675.122228384,10651,1709436674.895131350,78,1709436674.895131350,3724,1709436674.895131350
91,1709436675.094805717,9.508538246,-4.548629761,-0.145304903,0.028541576,0.017957759,-0.407682570,0.912500860,2126,1709436674.895131350,3833,1709436670.295276880,1,1709436674.895131350,7.910599245,1709436675.312464237,10102,1709436675.094805717,75,1709436675.094805717,3648,1709436675.094805717
92,1709436675.295288801,8.250638962,-3.141396284,-0.073528782,0.034580895,0.027995478,-0.426401166,0.903439240,2039,1709436675.094805717,3833,1709436670.295276880,1,1709436675.094805717,8.319741466,1709436675.512577057,10751,1709436675.295288801,81,1709436675.295288801,3475,1709436675.295288801
93,1709436675.494979143,6.906116486,-1.699401498,-0.011315838,0.033586942,0.035197886,-0.445277813,0.894069737,2008,1709436675.295288801,4316,1709436675.295288801,1,1709436675.295288801,8.952502716,1709436675.712650776,11102,1709436675.494979143,86,1709436675.494979143,3365,1709436675.494979143
94,1709436675.694658518,5.441171646,-0.212449118,0.053041786,0.038574080,0.034834863,-0.466321477,0.883087115,1945,1709436675.494979143,4316,1709436675.295288801,1,1709436675.494979143,9.532413802,1709436675.912691832,10894,1709436675.694658518,106,1709436675.694658518,3446,1709436675.694658518
95,1709436675.895161629,3.883613110,1.325798154,0.116605163,0.032348250,0.042332248,-0.486918313,0.871821156,1940,1709436675.694658518,4316,1709436675.295288801,1,1709436675.694658518,10.016669068,1709436676.112911940,11204,1709436675.895161629,106,1709436675.895161629,3529,1709436675.895161629
96,1709436676.094845057,2.209815025,2.916756153,0.164715528,0.027090513,0.040403976,-0.502489366,0.863213797,2015,1709436675.895161629,4316,1709436675.295288801,1,1709436675.895161629,10.555092317,1709436676.312750101,10989,1709436676.094845057,107,1709436676.094845057,3476,1709436676.094845057
97,1709436676.294934034,0.424151182,4.507901192,0.219232231,0.035382176,0.038288838,-0.518135268,0.853708329,1976,1709436676.094845057,4316,1709436675.295288801,1,1709436676.094845057,11.037118027,1709436676.513199329,10747,1709436676.294934034,89,1709436676.294934034,3506,1709436676.294934034
98,1709436676.494621992,-1.467418790,6.149951935,0.277256429,0.027509628,0.033830967,-0.537699997,0.842007957,1945,1709436676.294934034,4316,1709436675.295288801,1,1709436676.294934034,11.672127211,1709436676.707698822,10778,1709436676.494621992,97,1709436676.494621992,3471,1709436676.494621992
99,1709436676.695094585,-3.494973183,7.797983646,0.325981975,0.038797237,0.025158413,-0.556016310,0.829884144,1953,1709436676.494621992,4316,1709436675.295288801,1,1709436676.494621992,12.206982691,1709436676.912110329,10211,1709436676.695094585,76,1709436676.695094585,3401,1709436676.695094585
100,1709436676.894774199,-5.607635021,9.476014137,0.379703760,0.042314725,0.035612298,-0.561450358,0.825660175,1885,1709436676.695094585,4316,1709436675.295288801,1,1709436676.695094585,12.675182902,1709436677.111895084,10504,1709436676.894774199,116,1709436676.894774199,3355,1709436676.894774199
101,1709436677.095253468,-7.891371250,11.165019989,0.406645924,0.072120499,0.012330175,-0.558946155,0.825969610,1854,1709436676.894774199,4316,1709436675.295288801,1,1709436676.894774199,13.474069557,1709436677.322082281,10891,1709436677.095253468,116,1709436677.095253468,3372,1709436677.095253468
102,1709436677.294919014,-10.245853424,12.875643730,0.485538125,0.067434977,0.020317447,-0.562365711,0.823883810,1894,1709436677.095253468,4316,1709436675.295288801,1,1709436677.095253468,14.023862244,1709436677.522138834,10254,1709436677.294919014,95,1709436677.294919014,3380,1709436677.294919014
103,1709436677.494993210,-12.607279778,14.705957413,0.571127355,0.039543050,0.009436309,-0.569245309,0.821162031,1927,1709436677.294919014,4316,1709436675.295288801,1,1709436677.294919014,14.205874218,1709436677.711326122,9154,1709436677.494993210,63,1709436677.494993210,3450,1709436677.494993210
104,1709436677.694669724,-15.072628021,16.545600891,0.630060852,0.032529714,-0.014939892,-0.576577829,0.816257695,1853,1709436677.494993210,4316,1709436675.295288801,1,1709436677.494993210,14.825905817,1709436678.011771441,8496,1709436677.694669724,60,1709436677.694669724,3398,1709436677.694669724
105,1709436677.994976044,-18.665832520,19.390048981,0.759620845,0.029577887,0.011095196,-0.592670722,0.804825112,1893,1709436677.694669724,4316,1709436675.295288801,1,1709436677.694669724,15.474015545,1709436678.311810732,9681,1709436677.994976044,67,1709436677.994976044,3567,1709436677.994976044
106,1709436678.194656134,-21.367992401,21.223545074,0.815438807,0.022220619,0.019456150,-0.597530971,0.801301716,1935,1709436677.994976044,4316,1709436675.295288801,1,1709436677.994976044,15.896775741,1709436678.411879063,9784,1709436678.194656134,76,1709436678.194656134,3740,1709436678.194656134
107,1709436678.395103455,-24.249452591,23.000604630,0.891949296,0.025271760,0.036225148,-0.604639651,0.795273518,2081,1709436678.194656134,4316,1709436675.295288801,1,1709436678.194656134,16.508471357,1709436678.611460686,10978,1709436678.395103455,115,1709436678.395103455,3647,1709436678.395103455
108,1709436678.594774008,-27.327165604,24.759649277,0.932089686,0.048508404,0.032724600,-0.609748183,0.790432280,2071,1709436678.395103455,4316,1709436675.295288801,1,1709436678.395103455,17.244474423,1709436678.911784172,11194,1709436678.594774008,102,1709436678.594774008,3667,1709436678.594774008
109,1709436678.895104647,-31.840116501,27.527240753,1.799122095,0.048175722,0.052816966,-0.624177497,0.778005090,2092,1709436678.594774008,4316,1709436675.295288801,1,1709436678.594774008,17.866912904,1709436679.111940861,11142,1709436678.895104647,99,1709436678.895104647,3584,1709436678.895104647
110,1709436679.094765902,-35.313228607,29.207719803,1.742557287,0.046763754,0.048650480,-0.628099242,0.775201667,2083,1709436678.895104647,4316,1709436675.295288801,1,1709436678.895104647,18.449231776,1709436679.311687231,11418,1709436679.094765902,91,1709436679.094765902,3559,1709436679.094765902
111,1709436679.295251846,-38.990299225,30.770774841,1.762817860,0.050424211,0.027321871,-0.629641960,0.774765717,2043,1709436679.094765902,4316,1709436675.295288801,1,1709436679.094765902,18.927311958,1709436679.511916876,10359,1709436679.295251846,94,1709436679.295251846,3665,1709436679.295251846
112,1709436679.494923353,-42.800914764,32.259864807,1.800264120,0.043813260,0.020870476,-0.628189338,0.776545541,2071,1709436679.295251846,4316,1709436675.295288801,1,1709436679.295251846,19.523702158,1709436679.731882572,10186,1709436679.494923353,88,1709436679.494923353,3823,1709436679.494923353
113,1709436679.694613218,-46.748737335,33.644344330,1.879660249,0.032829725,0.024620827,-0.626885394,0.778030030,2212,1709436679.494923353,4316,1709436675.295288801,1,1709436679.494923353,19.931494958,1709436679.911628485,10346,1709436679.694613218,75,1709436679.694613218,3831,1709436679.694613218
114,1709436679.895095587,-50.848762512,34.918613434,1.936492801,0.024078544,0.029003724,-0.627045289,0.778070185,2140,1709436679.694613218,4316,1709436675.295288801,1,1709436679.694613218,20.664546764,1709436680.101955891,10359,1709436679.895095587,82,1709436679.895095587,3832,1709436679.895095587
115,1709436680.094770432,-55.161975861,36.076515198,2.003893614,0.023326833,0.029638966,-0.626186724,0.778760282,2141,1709436679.895095587,4316,1709436675.295288801,1,1709436679.895095587,21.050161253,1709436680.302407980,10416,1709436680.094770432,76,1709436680.094770432,3863,1709436680.094770432
116,1709436680.295282364,-59.594547272,37.104709625,2.033394098,0.022429336,0.044528978,-0.628901032,0.775885035,2151,1709436680.094770432,9468,1709436680.194618940,1,1709436680.094770432,22.188429207,1709436680.601673841,11275,1709436680.295282364,94,1709436680.295282364,3609,1709436680.295282364
117,1709436680.594790697,-66.132637024,38.890426636,3.188124180,0.051880936,0.052022585,-0.628398271,0.774414380,2088,1709436680.295282364,9468,1709436680.194618940,1,1709436680.295282364,23.140749715,1709436680.932244539,11393,1709436680.594790697,119,1709436680.594790697,3305,1709436680.594790697
118,1709436680.795277119,-70.962722778,39.629653931,4.050978184,0.034429806,0.080918654,-0.623370050,0.776966242,1875,1709436680.594790697,9468,1709436680.194618940,1,1709436680.594790697,23.526569642,1709436681.001637697,10801,1709436680.795277119,109,1709436680.795277119,3752,1709436680.795277119
119,1709436680.994962692,-75.863021851,39.981014252,5.327546120,0.036008759,0.070029362,-0.624286555,0.777216543,2201,1709436680.795277119,9468,1709436680.194618940,1,1709436680.795277119,24.402382991,1709436681.411898136,9923,1709436680.994962692,71,1709436680.994962692,3743,1709436680.994962692
120,1709436681.295307636,-83.168586731,41.019695282,7.251945972,0.036170760,0.060437748,-0.628518634,0.774598788,2141,1709436680.994962692,9468,1709436680.194618940,1,1709436680.994962692,24.505429398,1709436681.511914253,9570,1709436681.295307636,67,1709436681.295307636,4003,1709436681.295307636
121,1709436681.494965076,-88.385719299,40.937641144,8.599300385,0.050711223,0.073230672,-0.630632339,0.770952978,2255,1709436681.295307636,9468,1709436680.194618940,1,1709436681.295307636,25.166705682,1709436681.751770973,10326,1709436681.494965076,81,1709436681.494965076,3761,1709436681.494965076
122,1709436681.694647312,-93.649635315,40.497276306,9.988721848,0.059164900,0.083811289,-0.628269201,0.771202304,2119,1709436681.494965076,9468,1709436680.194618940,1,1709436681.494965076,25.719155369,1709436681.941860676,10831,1709436681.694647312,116,1709436681.694647312,3778,1709436681.694647312
123,1709436681.994985104,-101.802635193,38.451908112,12.274594307,0.078995596,0.085231561,-0.629263094,0.768455096,2159,1709436681.694647312,9468,1709436680.194618940,1,1709436681.694647312,26.412653545,1709436682.251993656,10480,1709436681.994985104,97,1709436681.994985104,3791,1709436681.994985104
124,1709436682.194666862,-106.762939453,39.566276550,13.394938469,0.057377767,0.107844668,-0.619121031,0.775736081,2205,1709436681.994985104,9468,1709436680.194618940,1,1709436681.994985104,26.695603138,1709436682.412594557,10231,1709436682.194666862,83,1709436682.194666862,3867,1709436682.194666862
125,1709436682.395138979,-112.054130554,37.647560120,14.957759857,0.074191053,0.110023212,-0.617924625,0.774957894,2176,1709436682.194666862,9468,1709436680.194618940,1,1709436682.194666862,27.428889811,1709436682.701846123,10228,1709436682.395138979,80,1709436682.395138979,3961,1709436682.395138979
126,1709436682.694670200,-120.110137939,36.360912323,17.222480774,0.087649168,0.121947479,-0.618841621,0.771026254,2212,1709436682.395138979,9468,1709436680.194618940,1,1709436682.395138979,27.975470345,1709436682.992119551,10718,1709436682.694670200,95,1709436682.694670200,3862,1709436682.694670200
127,1709436682.894770384,-125.534332275,34.409599304,18.848171234,0.092738010,0.121734882,-0.625315619,0.765219352,2192,1709436682.694670200,9468,1709436680.194618940,1,1709436682.694670200,28.278218422,1709436683.152659416,10768,1709436682.894770384,100,1709436682.894770384,3842,1709436682.894770384
128,1709436683.095246792,-130.864883423,32.037631989,20.480857849,0.080134938,0.128037982,-0.630949955,0.760977543,2201,1709436682.894770384,9468,1709436680.194618940,1,1709436682.894770384,28.795692077,1709436683.342374325,10114,1709436683.095246792,81,1709436683.095246792,3859,1709436683.095246792
129,1709436683.294925690,-136.213195801,29.437709808,22.119710922,0.092795100,0.124284350,-0.628420761,0.762253119,2222,1709436683.095246792,9468,1709436680.194618940,1,1709436683.095246792,29.500728522,1709436683.652256966,10262,1709436683.294925690,92,1709436683.294925690,3738,1709436683.294925690
130,1709436683.494598150,-141.553115845,26.589406967,23.774759293,0.111166876,0.138728117,-0.624739872,0.760326593,2095,1709436683.294925690,9468,1709436680.194618940,1,1709436683.294925690,29.727167569,1709436683.742327690,11133,1709436683.494598150,108,1709436683.494598150,3662,1709436683.494598150
131,1709436683.695067644,-146.986709595,23.565988541,25.541545868,0.115170552,0.134652376,-0.624913539,0.760320689,2125,1709436683.494598150,9468,1709436680.194618940,1,1709436683.494598150,30.546482678,1709436683.942907572,11000,1709436683.695067644,109,1709436683.695067644,3747,1709436683.695067644
132,1709436683.894741535,-152.629135132,20.364702225,27.498847961,0.121538228,0.146454672,-0.625301711,0.756820493,2124,1709436683.695067644,9468,1709436680.194618940,1,1709436683.695067644,30.546482678,1709436683.942907572,11116,1709436683.894741535,113,1709436683.894741535,3653,1709436683.894741535
133,1709436684.094808578,-152.628433228,20.361509323,27.508245468,0.113702167,0.141038705,-0.628186716,0.756677838,2101,1709436683.894741535,9468,1709436680.194618940,1,1709436683.894741535,30.546482678,1709436683.942907572,11008,1709436684.094808578,111,1709436684.094808578,3684,1709436684.094808578
134,1709436684.295286655,-152.628662109,20.364261627,27.500005722,0.121425502,0.141000602,-0.627860584,0.755755096,2094,1709436684.094808578,9468,1709436680.194618940,1,1709436684.094808578,1.337343703,1709436684.502540588,10739,1709436684.295286655,120,1709436684.295286655,3565,1709436684.295286655
135,1709436684.494946718,-140.508453369,-10.312446594,52.120277405,0.090754639,0.301398154,-0.558130143,0.767732695,2032,1709436684.295286655,9468,1709436680.194618940,1,1709436684.295286655,2.263592812,1709436684.902379751,10210,1709436684.694618702,90,1709436684.694618702,3759,1709436684.694618702
136,1709436684.694618702,-140.464996338,-10.450158119,52.038417816,0.092217174,0.290051784,-0.555977385,0.773469523,2118,1709436684.494946718,9468,1709436680.194618940,1,1709436684.494946718,2.263592812,1709436684.902379751,10210,1709436684.694618702,90,1709436684.694618702,3759,1709436684.694618702
137,1709436684.895094395,-140.415969849,-10.760438919,51.812099457,0.095878318,0.281546527,-0.551924606,0.779049505,2109,1709436684.694618702,9468,1709436680.194618940,1,1709436684.694618702,2.263592812,1709436684.902379751,9758,1709436684.895094395,86,1709436684.895094395,3892,1709436684.895094395
138,1709436685.094785213,-140.406738281,-10.772486687,51.832138062,0.091963114,0.278476011,-0.548079903,0.783327720,2153,1709436684.895094395,9468,1709436680.194618940,1,1709436684.895094395,4.972488428,1709436685.402969122,9437,1709436685.094785213,56,1709436685.094785213,3834,1709436685.094785213
139,1709436685.295257568,-117.219856262,-42.827732086,63.840679169,0.074323670,0.426562795,-0.465409496,0.771954775,2175,1709436685.094785213,9468,1709436680.194618940,1,1709436685.094785213,5.123159060,1709436685.612207174,10241,1709436685.395092726,90,1709436685.395092726,3863,1709436685.395092726
140,1709436685.494923353,-117.093597412,-42.895984650,63.665443420,0.064665929,0.425567822,-0.464065770,0.774179118,2162,1709436685.295257568,9468,1709436680.194618940,1,1709436685.295257568,5.123159060,1709436685.612207174,10219,1709436685.494923353,105,1709436685.494923353,3877,1709436685.494923353
141,1709436685.694617987,-117.081657410,-42.906227112,63.677349091,0.067201006,0.436409232,-0.463265702,0.768385253,2189,1709436685.494923353,9468,1709436680.194618940,1,1709436685.494923353,5.123159060,1709436685.612207174,10478,1709436685.694617987,98,1709436685.694617987,3656,1709436685.694617987
142,1709436685.895092726,-117.100296021,-42.891269684,63.658157349,0.067791147,0.427406672,-0.468480043,0.770230061,2075,1709436685.694617987,9468,1709436680.194618940,1,1709436685.694617987,5.194053299,1709436686.301549673,10651,1709436685.895092726,84,1709436685.895092726,3768,1709436685.895092726
143,1709436686.295269012,-86.943244934,-71.620880127,61.967117310,0.048957289,0.538169615,-0.395500307,0.742668268,2106,1709436685.895092726,9468,1709436680.194618940,1,1709436685.895092726,6.635726641,1709436686.571286917,10803,1709436686.295269012,88,1709436686.295269012,3715,1709436686.295269012
144,1709436686.594800949,-86.948097229,-71.617767334,61.964454651,0.059074202,0.534868069,-0.405867375,0.738713789,2114,1709436686.295269012,9468,1709436680.194618940,1,1709436686.295269012,6.635726641,1709436686.571286917,10965,1709436686.594800949,100,1709436686.594800949,3668,1709436686.594800949
145,1709436686.795264006,-86.948211670,-71.617996216,61.964572906,0.048812942,0.539927054,-0.401981435,0.737907175,2087,1709436686.594800949,9468,1709436680.194618940,1,1709436686.594800949,6.635726641,1709436686.571286917,10695,1709436686.795264006,99,1709436686.795264006,3510,1709436686.795264006
146,1709436686.994930506,-86.949836731,-71.617004395,61.963661194,0.049861575,0.539839415,-0.402861541,0.737421053,1980,1709436686.795264006,9468,1709436680.194618940,1,1709436686.795264006,4.763919657,1709436687.201428413,10804,1709436686.994930506,98,1709436686.994930506,3511,1709436686.994930506
147,1709436687.194607735,-55.961387634,-94.008384705,47.302886963,0.027609721,0.635886883,-0.352919049,0.685808807,1990,1709436686.994930506,9468,1709436680.194618940,1,1709436686.994930506,8.957971807,1709436687.721668482,11131,1709436687.295233250,92,1709436687.295233250,3419,1709436687.295233250
148,1709436687.594728708,-54.776023865,-94.641181946,45.829967499,0.020048066,0.638270864,-0.356382192,0.682055798,1976,1709436687.194607735,9468,1709436680.194618940,1,1709436687.194607735,8.957971807,1709436687.721668482,11290,1709436687.594728708,97,1709436687.594728708,3538,1709436687.594728708
149,1709436687.794827223,-54.774868011,-94.641807556,45.830291748,0.018898422,0.625122574,-0.364135740,0.690123018,2014,1709436687.594728708,9468,1709436680.194618940,1,1709436687.594728708,8.957971807,1709436687.721668482,10497,1709436687.794827223,100,1709436687.794827223,3584,1709436687.794827223
150,1709436687.994917870,-54.777793884,-94.640441895,45.829524994,0.020688737,0.626627740,-0.359859408,0.690949244,2015,1709436687.794827223,9468,1709436680.194618940,1,1709436687.794827223,5.582848588,1709436688.201925278,10687,1709436687.994917870,108,1709436687.994917870,3598,1709436687.994917870
151,1709436688.194601297,-26.310331345,-109.906379700,20.599855423,-0.000425686,0.692373649,-0.334699348,0.639214280,2049,1709436687.994917870,9468,1709436680.194618940,1,1709436687.994917870,8.950732082,1709436688.572056293,10428,1709436688.295245647,96,1709436688.295245647,3528,1709436688.295245647
152,1709436688.395089626,-26.285648346,-109.922996521,20.051780701,0.009017540,0.690495128,-0.340912224,0.637898125,1976,1709436688.194601297,9468,1709436680.194618940,1,1709436688.194601297,8.950732082,1709436688.572056293,10483,1709436688.395089626,95,1709436688.395089626,3530,1709436688.395089626
153,1709436688.594776392,-26.263629913,-109.934883118,20.052747726,0.002484161,0.692323961,-0.339000612,0.636992894,1991,1709436688.395089626,9468,1709436680.194618940,1,1709436688.395089626,8.950732082,1709436688.572056293,10314,1709436688.594776392,94,1709436688.594776392,3603,1709436688.594776392
154,1709436688.795251131,-26.271505356,-109.930412292,20.051979065,-0.003593072,0.688306239,-0.340430322,0.640569127,2058,1709436688.594776392,9468,1709436680.194618940,1,1709436688.594776392,6.319553872,1709436689.001935005,10338,1709436688.795251131,99,1709436688.795251131,3634,1709436688.795251131
155,1709436688.994919300,-3.538600922,-118.869285583,-12.672954559,-0.030454037,0.739688514,-0.361130817,0.567025561,2071,1709436688.795251131,9468,1709436680.194618940,1,1709436688.795251131,8.815562399,1709436689.281486988,9919,1709436688.994919300,97,1709436688.994919300,3499,1709436688.994919300
156,1709436689.194616556,-3.578299046,-118.854492188,-13.259102821,-0.031775622,0.741715843,-0.366525204,0.560809409,1941,1709436688.994919300,24790,1709436689.094774008,1,1709436688.994919300,8.815562399,1709436689.281486988,10195,1709436689.194616556,90,1709436689.194616556,3640,1709436689.194616556
157,1709436689.395111322,-3.569351196,-118.859504700,-13.259954453,-0.031682904,0.736055569,-0.370397924,0.565706436,2048,1709436689.194616556,24790,1709436689.094774008,1,1709436689.194616556,8.815562399,1709436689.281486988,9703,1709436689.395111322,76,1709436689.395111322,3492,1709436689.395111322
158,1709436689.594775438,-3.555348635,-118.867088318,-13.261279106,-0.034922257,0.727315749,-0.370090139,0.576910327,1929,1709436689.395111322,24790,1709436689.094774008,1,1709436689.395111322,6.888344078,1709436689.801802635,8664,1709436689.594775438,55,1709436689.594775438,3605,1709436689.594775438
159,1709436689.795246124,12.890149117,-123.342964172,-50.228088379,-0.074602103,0.748940887,-0.409813139,0.515339952,1989,1709436689.594775438,24790,1709436689.094774008,1,1709436689.594775438,9.513845032,1709436690.062133074,8953,1709436689.795246124,52,1709436689.795246124,3569,1709436689.795246124
160,1709436689.994912148,12.819388390,-123.318290710,-50.837196350,-0.081563457,0.744264382,-0.413908474,0.517781524,2009,1709436689.795246124,24790,1709436689.094774008,1,1709436689.795246124,9.513845032,1709436690.062133074,8611,1709436689.994912148,34,1709436689.994912148,3413,1709436689.994912148
161,1709436690.295240164,12.839730263,-123.332855225,-50.840728760,-0.073063330,0.754204758,-0.420796367,0.498765827,1899,1709436689.994912148,24790,1709436689.094774008,1,1709436689.994912148,9.513845032,1709436690.062133074,9642,1709436690.295240164,63,1709436690.295240164,3835,1709436690.295240164
162,1709436690.594758272,12.842846870,-123.334457397,-50.841766357,-0.069929268,0.760340322,-0.416945689,0.493101191,2063,1709436690.295240164,24790,1709436689.094774008,1,1709436690.295240164,9.104942552,1709436690.801964283,10572,1709436690.594758272,80,1709436690.594758272,3787,1709436690.594758272
163,1709436690.794837713,20.686855316,-125.267410278,-91.568466187,-0.090329587,0.780464370,-0.476541727,0.394491972,2147,1709436690.594758272,24790,1709436689.094774008,1,1709436690.594758272,10.742303179,1709436691.051723719,10727,1709436690.794837713,85,1709436690.794837713,3645,1709436690.794837713
164,1709436690.994926214,20.612129211,-125.251708984,-91.892738342,-0.089494477,0.782344472,-0.482680966,0.383336602,2015,1709436690.794837713,24790,1709436689.094774008,1,1709436690.794837713,10.742303179,1709436691.051723719,11137,1709436690.994926214,92,1709436690.994926214,3699,1709436690.994926214
165,1709436691.194623470,20.610954285,-125.250427246,-91.892623901,-0.090107999,0.779982992,-0.486733652,0.382880441,2092,1709436690.994926214,24790,1709436689.094774008,1,1709436690.994926214,10.742303179,1709436691.051723719,11106,1709436691.194623470,100,1709436691.194623470,3719,1709436691.194623470
166,1709436691.494921446,18.931243896,-124.977668762,-131.886291504,-0.120169371,0.763447876,-0.562918421,0.292966746,2131,1709436691.194623470,24790,1709436689.094774008,1,1709436691.194623470,8.639291954,1709436691.732114792,10620,1709436691.494921446,96,1709436691.494921446,3743,1709436691.494921446
167,1709436691.694993258,19.350702286,-125.725006104,-132.974105835,-0.118930472,0.755661258,-0.571818839,0.296403142,2113,1709436691.494921446,24790,1709436689.094774008,1,1709436691.494921446,8.639291954,1709436691.732114792,10530,1709436691.694993258,80,1709436691.694993258,3723,1709436691.694993258
168,1709436691.894650459,19.225469589,-125.811523438,-133.015777588,-0.113185798,0.740187247,-0.590826276,0.300393285,2124,1709436691.694993258,24790,1709436689.094774008,1,1709436691.694993258,8.639291954,1709436691.732114792,10546,1709436691.894650459,89,1709436691.894650459,3733,1709436691.894650459
169,1709436692.095120192,19.228141785,-125.815429688,-133.016586304,-0.114767060,0.741860982,-0.589830854,0.297607743,2155,1709436691.894650459,24790,1709436689.094774008,1,1709436691.894650459,11.180257367,1709436692.602064610,10635,1709436692.095120192,97,1709436692.095120192,3663,1709436692.095120192
170,1709436692.294792891,10.136687279,-127.567459106,-172.724044800,-0.143643575,0.706236332,-0.659494862,0.213689711,2093,1709436692.095120192,24790,1709436689.094774008,1,1709436692.095120192,12.076529573,1709436692.742085218,10903,1709436692.294792891,104,1709436692.294792891,3727,1709436692.294792891
171,1709436692.595109701,10.614477158,-129.431991577,-174.660293579,-0.139489519,0.697104734,-0.670082500,0.213487956,2111,1709436692.294792891,24790,1709436689.094774008,1,1709436692.294792891,12.076529573,1709436692.742085218,10947,1709436692.595109701,91,1709436692.595109701,3740,1709436692.595109701
172,1709436692.995266914,10.621790886,-129.444274902,-174.660171509,-0.141622985,0.694426582,-0.671997098,0.214789555,2120,1709436692.595109701,24790,1709436689.094774008,1,1709436692.595109701,12.076529573,1709436692.742085218,10587,1709436692.995266914,91,1709436692.995266914,3734,1709436692.995266914
173,1709436693.194971323,10.631311417,-129.461135864,-174.660171509,-0.145907689,0.698002700,-0.668070102,0.212568848,2140,1709436692.995266914,24790,1709436689.094774008,1,1709436692.995266914,7.574154041,1709436693.402312756,10815,1709436693.194971323,104,1709436693.194971323,3764,1709436693.194971323
174,1709436693.394646645,-5.124238968,-133.608917236,-212.098846436,-0.192326334,0.632499365,-0.735242998,0.149575627,2125,1709436693.194971323,24790,1709436689.094774008,1,1709436693.194971323,9.844984886,1709436693.641777277,10275,1709436693.394646645,70,1709436693.394646645,3713,1709436693.394646645
175,1709436693.794767380,-5.120695591,-133.615570068,-212.097564697,-0.181769548,0.632617479,-0.739436461,0.141381317,2095,1709436693.394646645,24790,1709436689.094774008,1,1709436693.394646645,9.844984886,1709436693.641777277,10941,1709436693.794767380,104,1709436693.794767380,3601,1709436693.794767380
176,1709436693.995241642,-5.129403114,-133.599868774,-212.101135254,-0.174515986,0.629622810,-0.744975395,0.134651210,2057,1709436693.794767380,24790,1709436689.094774008,1,1709436693.794767380,9.844984886,1709436693.641777277,11338,1709436693.995241642,103,1709436693.995241642,3453,1709436693.995241642
177,1709436694.194914818,-5.124671936,-133.608291626,-212.100112915,-0.169590224,0.635789267,-0.742461528,0.125546975,1991,1709436693.995241642,29502,1709436694.095082045,1,1709436693.995241642,5.612702880,1709436694.402445555,11324,1709436694.194914818,105,1709436694.194914818,3461,1709436694.194914818
178,1709436694.394989967,-27.123611450,-138.066909790,-245.720092773,-0.199280926,0.550431498,-0.808527213,0.059966856,1996,1709436694.194914818,29502,1709436694.095082045,1,1709436694.194914818,7.877840352,1709436694.642716646,10170,1709436694.394989967,97,1709436694.394989967,3600,1709436694.394989967
179,1709436694.594652414,-27.046928406,-138.246261597,-246.247177124,-0.210965746,0.539562259,-0.811991639,0.070961967,2009,1709436694.394989967,29502,1709436694.095082045,1,1709436694.394989967,7.877840352,1709436694.642716646,9685,1709436694.594652414,63,1709436694.594652414,3773,1709436694.594652414
180,1709436694.894960880,-27.033958435,-138.275588989,-246.235794067,-0.207839947,0.544280847,-0.809853372,0.068545108,2170,1709436694.594652414,29502,1709436694.095082045,1,1709436694.594652414,7.877840352,1709436694.642716646,10440,1709436694.894960880,81,1709436694.894960880,3801,1709436694.894960880
181,1709436695.094643354,-27.028867722,-138.285919189,-246.231857300,-0.210963788,0.551169089,-0.804785208,0.063464045,2138,1709436694.894960880,29502,1709436694.095082045,1,1709436694.894960880,5.531597084,1709436695.301276684,10185,1709436695.094643354,88,1709436695.094643354,3759,1709436695.094643354
182,1709436695.295134306,-54.705863953,-142.148422241,-275.672821045,-0.231902237,0.474977708,-0.848786325,-0.013390436,2140,1709436695.094643354,29502,1709436694.095082045,1,1709436695.094643354,7.478870275,1709436695.561955929,10008,1709436695.295134306,67,1709436695.295134306,3716,1709436695.295134306
183,1709436695.494827747,-54.657993317,-142.441558838,-276.173339844,-0.230118815,0.464497150,-0.855087641,-0.010623316,2092,1709436695.295134306,29502,1709436694.095082045,1,1709436695.295134306,7.478870275,1709436695.561955929,9949,1709436695.494827747,64,1709436695.494827747,3655,1709436695.494827747
184,1709436695.695303440,-54.656257629,-142.445358276,-276.171234131,-0.222536020,0.458970934,-0.860027368,-0.013278839,2066,1709436695.494827747,29502,1709436694.095082045,1,1709436695.494827747,7.478870275,1709436695.561955929,10329,1709436695.695303440,89,1709436695.695303440,3791,1709436695.695303440
185,1709436695.894978046,-54.650611877,-142.457534790,-276.164215088,-0.221973361,0.465124179,-0.856778928,-0.017809923,2174,1709436695.695303440,29502,1709436694.095082045,1,1709436695.695303440,4.574802642,1709436696.101558447,10636,1709436695.894978046,95,1709436695.894978046,3751,1709436695.894978046
186,1709436696.094664335,-86.651176453,-144.588241577,-301.286560059,-0.229217108,0.374873290,-0.893235573,-0.095182696,2153,1709436695.894978046,29502,1709436694.095082045,1,1709436695.894978046,6.239925011,1709436696.351134300,10745,1709436696.094664335,109,1709436696.094664335,3669,1709436696.094664335
187,1709436696.295136452,-86.609481812,-144.886077881,-301.653289795,0.221139167,-0.370994036,0.896574706,0.098054529,2117,1709436696.094664335,29502,1709436694.095082045,1,1709436696.094664335,6.239925011,1709436696.351134300,10779,1709436696.295136452,98,1709436696.295136452,3521,1709436696.295136452
188,1709436696.494831085,-86.613319397,-144.878585815,-301.659515381,-0.215957444,0.372695082,-0.899209923,-0.076695975,2009,1709436696.295136452,29502,1709436694.095082045,1,1709436696.295136452,6.239925011,1709436696.351134300,10631,1709436696.494831085,90,1709436696.494831085,3525,1709436696.494831085
189,1709436696.695315361,-86.609779358,-144.885864258,-301.653869629,-0.206263838,0.379050478,-0.901613294,-0.029486154,2004,1709436696.494831085,29502,1709436694.095082045,1,1709436696.494831085,4.286007074,1709436696.901349545,9383,1709436696.695315361,81,1709436696.695315361,3506,1709436696.695315361
190,1709436696.895001888,-119.775146484,-148.168441772,-325.410278320,-0.199163140,0.327173751,-0.923731495,-0.003391833,1944,1709436696.695315361,29502,1709436694.095082045,1,1709436696.695315361,5.693796037,1709436697.151510954,9122,1709436696.895001888,81,1709436696.895001888,3563,1709436696.895001888
191,1709436697.094674587,-119.619659424,-148.464660645,-325.715576172,-0.197626434,0.326632067,-0.924215365,0.009013563,2046,1709436696.895001888,29502,1709436694.095082045,1,1709436696.895001888,5.693796037,1709436697.151510954,9412,1709436697.094674587,84,1709436697.094674587,3760,1709436697.094674587
192,1709436697.294761181,-119.612617493,-148.476074219,-325.701232910,-0.193956645,0.339841048,-0.920259924,0.003248668,2173,1709436697.094674587,29502,1709436694.095082045,1,1709436697.094674587,5.693796037,1709436697.151510954,9745,1709436697.294761181,84,1709436697.294761181,3746,1709436697.294761181
193,1709436697.494816065,-119.607559204,-148.484695435,-325.690734863,-0.188851077,0.331334376,-0.924415629,0.002923413,2142,1709436697.294761181,29502,1709436694.095082045,1,1709436697.294761181,3.830685641,1709436697.802298546,10330,1709436697.494816065,86,1709436697.494816065,3842,1709436697.494816065
194,1709436697.695302248,-153.449554443,-152.183654785,-348.429077148,-0.171847764,0.256309108,-0.951134585,-0.010816134,2127,1709436697.494816065,29502,1709436694.095082045,1,1709436697.494816065,4.681068087,1709436697.981822729,9927,1709436697.695302248,77,1709436697.695302248,3774,1709436697.695302248
195,1709436697.894968271,-153.275650024,-152.496887207,-348.651611328,-0.175831539,0.256000408,-0.950451536,-0.013745478,2115,1709436697.695302248,29502,1709436694.095082045,1,1709436697.695302248,4.681068087,1709436697.981822729,9525,1709436697.894968271,72,1709436697.894968271,3789,1709436697.894968271
196,1709436698.094649553,-153.276687622,-152.495529175,-348.654113770,-0.174798457,0.259361221,-0.949750283,-0.012314848,2101,1709436697.894968271,29502,1709436694.095082045,1,1709436697.894968271,4.681068087,1709436697.981822729,9952,1709436698.094649553,64,1709436698.094649553,3775,1709436698.094649553
197,1709436698.295140505,-153.278854370,-152.492767334,-348.659332275,-0.161886403,0.260305066,-0.951674287,-0.018711407,2173,1709436698.094649553,29502,1709436694.095082045,1,1709436698.094649553,3.007699596,1709436698.602230787,11101,1709436698.295140505,98,1709436698.295140505,3749,1709436698.295140505
198,1709436698.494823217,-187.121337891,-156.327133179,-371.581207275,0.106895410,-0.188152725,0.974382974,0.061235142,2148,1709436698.295140505,29502,1709436694.095082045,1,1709436698.295140505,4.189917965,1709436698.911912680,11291,1709436698.594654560,99,1709436698.594654560,3616,1709436698.594654560
199,1709436698.795134306,-186.783660889,-156.758163452,-371.878387451,0.122995465,-0.163136661,0.977389440,0.054483287,2109,1709436698.494823217,29502,1709436694.095082045,1,1709436698.494823217,4.189917965,1709436698.911912680,10342,1709436698.795134306,88,1709436698.795134306,3641,1709436698.795134306
200,1709436698.994799137,-186.785934448,-156.755523682,-371.885681152,0.124354662,-0.132742162,0.981957248,0.051724263,2069,1709436698.795134306,29502,1709436694.095082045,1,1709436698.795134306,4.189917965,1709436698.911912680,10785,1709436698.994799137,108,1709436698.994799137,3523,1709436698.994799137
201,1709436699.295110703,-186.774917603,-156.769943237,-371.848205566,0.137259777,-0.181642295,0.972036217,0.057544963,2042,1709436698.994799137,35435,1709436698.994799137,1,1709436698.994799137,2.804122447,1709436699.601923943,9798,1709436699.295110703,74,1709436699.295110703,3790,1709436699.295110703
202,1709436699.594633579,-220.864135742,-160.367294312,-394.325561523,0.120432743,-0.142274953,0.975747793,0.114760781,2204,1709436699.295110703,35435,1709436698.994799137,1,1709436699.295110703,3.302990124,1709436699.901385546,10028,1709436699.695253372,64,1709436699.695253372,3756,1709436699.695253372
203,1709436699.795082808,-220.757156372,-160.255035400,-394.306152344,0.125253789,-0.138103681,0.974574165,0.124274124,2116,1709436699.594633579,35435,1709436698.994799137,1,1709436699.594633579,3.302990124,1709436699.901385546,9761,1709436699.795082808,67,1709436699.795082808,3876,1709436699.795082808
204,1709436699.994764805,-220.751907349,-160.261734009,-394.280639648,0.123063083,-0.141242450,0.972979681,0.134968843,2150,1709436699.795082808,35435,1709436698.994799137,1,1709436699.795082808,3.302990124,1709436699.901385546,9925,1709436699.994764805,80,1709436699.994764805,4008,1709436699.994764805
205,1709436700.195264816,-220.756729126,-160.257049561,-394.299774170,0.120703702,-0.146986995,0.971607605,0.140727048,2274,1709436699.994764805,35435,1709436698.994799137,1,1709436699.994764805,1.458967869,1709436700.401561260,10225,1709436700.195264816,67,1709436700.195264816,3913,1709436700.195264816
206,1709436700.594613314,-255.201065063,-161.134826660,-416.619140625,0.085577949,-0.089705847,0.972305361,0.198120067,2237,1709436700.195264816,35435,1709436698.994799137,1,1709436700.195264816,2.807226515,1709436700.901712656,10757,1709436700.695238590,85,1709436700.695238590,3902,1709436700.695238590
207,1709436700.994749784,-255.196487427,-161.140090942,-416.593200684,0.104628319,-0.094300308,0.968711798,0.204347302,2247,1709436700.594613314,35435,1709436698.994799137,1,1709436700.594613314,2.807226515,1709436700.901712656,9954,1709436700.994749784,71,1709436700.994749784,4121,1709436700.994749784
208,1709436701.194822311,-255.196670532,-161.140289307,-416.593566895,0.094412053,-0.089472825,0.970380820,0.203573186,2338,1709436700.994749784,35435,1709436698.994799137,1,1709436700.994749784,2.807226515,1709436700.901712656,10486,1709436701.194822311,72,1709436701.194822311,4150,1709436701.194822311
209,1709436701.395313263,-255.198440552,-161.138717651,-416.602355957,0.078645354,-0.086671758,0.971077282,0.208114936,2320,1709436701.194822311,35435,1709436698.994799137,1,1709436701.194822311,1.001307874,1709436701.601765633,11610,1709436701.395313263,92,1709436701.395313263,3953,1709436701.395313263
210,1709436701.594996691,-289.421722412,-159.283325195,-439.404815674,0.046009019,-0.034341731,0.959559625,0.275588719,2271,1709436701.395313263,35435,1709436698.994799137,1,1709436701.395313263,1.594952926,1709436701.881638527,11845,1709436701.594996691,93,1709436701.594996691,3721,1709436701.594996691
211,1709436701.794682503,-289.332611084,-159.377914429,-439.429199219,0.044613625,-0.036941234,0.959645896,0.275181257,2142,1709436701.594996691,35435,1709436698.994799137,1,1709436701.594996691,1.594952926,1709436701.881638527,11382,1709436701.794682503,106,1709436701.794682503,3806,1709436701.794682503
212,1709436702.094616652,-289.333892822,-159.376876831,-439.438568115,0.047721352,-0.043837703,0.958068044,0.279117452,2233,1709436701.794682503,35435,1709436698.994799137,1,1709436701.794682503,1.594952926,1709436701.881638527,11379,1709436702.094616652,88,1709436702.094616652,3947,1709436702.094616652
213,1709436702.295095682,-289.335876465,-159.375320435,-439.452941895,0.046855830,-0.036163537,0.958440361,0.279085659,2316,1709436702.094616652,35435,1709436698.994799137,1,1709436702.094616652,0.956690178,1709436702.502647638,11437,1709436702.295095682,97,1709436702.295095682,3824,1709436702.295095682
214,1709436702.494771004,-322.807922363,-154.883255005,-462.987609863,0.021327430,0.001400082,0.940079680,0.340284258,2251,1709436702.295095682,35435,1709436698.994799137,1,1709436702.295095682,1.115745411,1709436702.772197723,11215,1709436702.494771004,101,1709436702.494771004,3778,1709436702.494771004
215,1709436702.695232630,-322.739196777,-154.986938477,-462.985870361,0.029520919,-0.011271467,0.941401121,0.335805597,2157,1709436702.494771004,35435,1709436698.994799137,1,1709436702.494771004,1.115745411,1709436702.772197723,10858,1709436702.695232630,89,1709436702.695232630,3882,1709436702.695232630
216,1709436703.094990969,-322.738250732,-154.987213135,-462.973419189,0.022122050,-0.018686251,0.940561149,0.338387593,2324,1709436702.695232630,35435,1709436698.994799137,1,1709436702.695232630,1.115745411,1709436702.772197723,10591,1709436703.094990969,85,1709436703.094990969,3909,1709436703.094990969
217,1709436703.395303726,-322.740814209,-154.986373901,-462.997467041,0.028883957,-0.020648076,0.942603561,0.332020934,2266,1709436703.094990969,35435,1709436698.994799137,1,1709436703.094990969,0.693348083,1709436703.602494240,10938,1709436703.395303726,88,1709436703.395303726,4006,1709436703.395303726
218,1709436703.594968081,-354.970764160,-147.983123779,-487.617858887,0.000542727,0.004970290,0.929698342,0.368287923,2344,1709436703.395303726,35435,1709436698.994799137,1,1709436703.395303726,0.850650161,1709436703.881516695,10418,1709436703.594968081,83,1709436703.594968081,3877,1709436703.594968081
219,1709436703.794607878,-354.954193115,-148.006301880,-487.597930908,0.005607527,0.011964607,0.936985819,0.349117428,2255,1709436703.594968081,35435,1709436698.994799137,1,1709436703.594968081,24.649497900,1709436704.100879192,10903,1709436703.794607878,99,1709436703.794607878,3910,1709436703.794607878
220,1709436704.094939232,-381.889038086,-140.498657227,-509.712799072,-0.001613738,0.003669115,0.939388089,0.342832249,2269,1709436703.794607878,35435,1709436698.994799137,1,1709436703.794607878,24.649497900,1709436704.100879192,10756,1709436704.094939232,87,1709436704.094939232,3970,1709436704.094939232
221,1709436704.294609785,-381.888916016,-140.497314453,-509.687866211,-0.002479501,-0.008354826,0.938377252,0.345502796,2355,1709436704.094939232,41625,1709436704.094939232,1,1709436704.094939232,24.649497900,1709436704.100879192,10132,1709436704.294609785,60,1709436704.294609785,3850,1709436704.294609785
222,1709436704.495079041,-381.888183594,-140.495895386,-509.657806396,-0.005811084,-0.017017115,0.939155536,0.343021177,2245,1709436704.294609785,41625,1709436704.094939232,1,1709436704.294609785,0.502104938,1709436704.700952053,10338,1709436704.495079041,69,1709436704.495079041,3889,1709436704.495079041
223,1709436704.694767952,-410.625030518,-128.393997192,-536.594421387,-0.019898643,-0.021448896,0.915299860,0.401709043,2228,1709436704.495079041,41625,1709436704.094939232,1,1709436704.495079041,0.950238203,1709436705.151607513,10001,1709436704.694767952,69,1709436704.694767952,4032,1709436704.694767952
224,1709436705.094909191,-410.437561035,-128.308547974,-536.570495605,-0.033572979,-0.008292869,0.913865115,0.404542501,2317,1709436704.694767952,41625,1709436704.094939232,1,1709436704.694767952,0.950238203,1709436705.151607513,10844,1709436705.094909191,92,1709436705.094909191,3976,1709436705.094909191
225,1709436705.294980049,-410.437561035,-128.308883667,-536.577026367,-0.024653242,0.008003774,0.910894787,0.411823802,2326,1709436705.094909191,41625,1709436704.094939232,1,1709436705.094909191,0.950238203,1709436705.151607513,10833,1709436705.294980049,91,1709436705.294980049,4119,1709436705.294980049
226,1709436705.595304966,-410.437652588,-128.309509277,-536.592041016,-0.008104500,0.022025027,0.909594581,0.414833598,2379,1709436705.294980049,41625,1709436704.094939232,1,1709436705.294980049,0.261999751,1709436705.801730156,9862,1709436705.595304966,60,1709436705.595304966,3855,1709436705.595304966
227,1709436705.794971704,-438.102081299,-113.823966980,-563.578918457,0.004085287,0.065951982,0.876748563,0.476388081,2188,1709436705.595304966,41625,1709436704.094939232,1,1709436705.595304966,0.241290545,1709436706.061547279,9900,1709436705.794971704,69,1709436705.794971704,3928,1709436705.794971704
228,1709436705.994673729,-438.108032227,-113.824050903,-563.550109863,-0.002166990,0.057960393,0.873593755,0.483187177,2236,1709436705.794971704,41625,1709436704.094939232,1,1709436705.794971704,0.241290545,1709436706.061547279,10327,1709436705.994673729,63,1709436705.994673729,4044,1709436705.994673729
229,1709436706.194763660,-438.107879639,-113.823402405,-563.544372559,-0.006659505,0.062951942,0.874238005,0.481352900,2245,1709436705.994673729,41625,1709436704.094939232,1,1709436705.994673729,0.241290545,1709436706.061547279,10489,1709436706.194763660,67,1709436706.194763660,4026,1709436706.194763660
230,1709436706.794601440,-464.303680420,-97.524505615,-590.942626953,-0.019230379,0.107475800,0.836228841,0.537401592,2271,1709436706.194763660,41625,1709436704.094939232,1,1709436706.194763660,0.988388986,1709436707.331332922,9934,1709436706.995091677,63,1709436706.995091677,3768,1709436706.995091677
231,1709436706.995091677,-464.222595215,-97.418739319,-590.946716309,-0.008930701,0.100291248,0.851657525,0.514335851,2235,1709436706.794601440,41625,1709436704.094939232,1,1709436706.794601440,0.988388986,1709436707.331332922,9934,1709436706.995091677,63,1709436706.995091677,3768,1709436706.995091677
232,1709436707.194754362,-464.121093750,-97.323158264,-590.944091797,0.001496426,0.078461345,0.860863468,0.502748116,2119,1709436706.995091677,41625,1709436704.094939232,1,1709436706.995091677,0.988388986,1709436707.331332922,9641,1709436707.194754362,50,1709436707.194754362,4002,1709436707.194754362
233,1709436707.394835472,-464.119506836,-97.319343567,-590.920166016,-0.007028534,0.066120735,0.860541485,0.505021783,2312,1709436707.194754362,41625,1709436704.094939232,1,1709436707.194754362,1.883682560,1709436707.702103138,9968,1709436707.394835472,36,1709436707.394835472,4009,1709436707.394835472
234,1709436707.695141792,-487.581359863,-79.030273438,-619.464721680,-0.033111156,0.083929788,0.826465832,0.555710060,2288,1709436707.394835472,41625,1709436704.094939232,1,1709436707.394835472,2.034084603,1709436708.141282558,10983,1709436707.894814491,78,1709436707.894814491,3763,1709436707.894814491
235,1709436707.894814491,-487.575012207,-78.953025818,-619.480895996,-0.028830992,0.099316242,0.825798561,0.554402195,2185,1709436707.695141792,41625,1709436704.094939232,1,1709436707.695141792,2.034084603,1709436708.141282558,10983,1709436707.894814491,78,1709436707.894814491,3763,1709436707.894814491
236,1709436708.095301151,-487.344451904,-78.682914734,-619.543762207,-0.039312564,0.093631294,0.825202467,0.555633505,2104,1709436707.894814491,41625,1709436704.094939232,1,1709436707.894814491,2.034084603,1709436708.141282558,11011,1709436708.095301151,70,1709436708.095301151,3849,1709436708.095301151
237,1709436708.394816637,-487.343231201,-78.679481506,-619.525146484,-0.028089301,0.083154823,0.828583692,0.552942431,2195,1709436708.095301151,41625,1709436704.094939232,1,1709436708.095301151,2.845940701,1709436708.601755857,10717,1709436708.394816637,59,1709436708.394816637,3883,1709436708.394816637
238,1709436708.595299959,-508.082366943,-58.023132324,-648.577636719,-0.031385818,0.095957253,0.791848296,0.602315044,2214,1709436708.394816637,41625,1709436704.094939232,1,1709436708.394816637,2.568817291,1709436709.152119875,11266,1709436708.695149660,73,1709436708.695149660,3846,1709436708.695149660
239,1709436708.994641304,-508.099517822,-57.928344727,-648.580688477,-0.032981225,0.099429160,0.789363301,0.604922854,2215,1709436708.595299959,41625,1709436704.094939232,1,1709436708.595299959,2.568817291,1709436709.152119875,10886,1709436708.994641304,69,1709436708.994641304,3729,1709436708.994641304
240,1709436709.294981956,-508.099761963,-57.928855896,-648.583740234,-0.034828574,0.091829912,0.786126031,0.610213160,2095,1709436708.994641304,46844,1709436708.994641304,1,1709436708.994641304,2.568817291,1709436709.152119875,11016,1709436709.294981956,70,1709436709.294981956,3888,1709436709.294981956
241,1709436709.494654655,-508.101379395,-57.931571960,-648.599792480,-0.030422668,0.091168203,0.787589930,0.608658296,2244,1709436709.294981956,46844,1709436708.994641304,1,1709436709.294981956,0.976387569,1709436709.701864719,10817,1709436709.494654655,73,1709436709.494654655,3842,1709436709.494654655
242,1709436709.695106268,-526.512207031,-35.458816528,-677.712890625,-0.029564826,0.077371379,0.745512256,0.661325235,2201,1709436709.494654655,46844,1709436708.994641304,1,1709436709.494654655,1.553615599,1709436710.042378664,10088,1709436709.794956446,53,1709436709.794956446,4052,1709436709.794956446
243,1709436709.894800425,-526.392089844,-35.402233124,-677.710876465,-0.010569596,0.066605821,0.727872038,0.682388632,2193,1709436709.695106268,46844,1709436708.994641304,1,1709436709.695106268,1.553615599,1709436710.042378664,9659,1709436709.894800425,32,1709436709.894800425,3938,1709436709.894800425
244,1709436710.095269442,-526.392822266,-35.403102875,-677.716552734,-0.027232331,0.079622559,0.710432490,0.698716198,2252,1709436709.894800425,46844,1709436708.994641304,1,1709436709.894800425,1.553615599,1709436710.042378664,10884,1709436710.095269442,67,1709436710.095269442,3929,1709436710.095269442
245,1709436710.294943333,-526.392211914,-35.402046204,-677.709655762,-0.038160018,0.100357086,0.699565249,0.706456460,2235,1709436710.095269442,46844,1709436708.994641304,1,1709436710.095269442,0.752012475,1709436710.501979351,11190,1709436710.294943333,74,1709436710.294943333,3837,1709436710.294943333
246,1709436710.595269918,-539.936096191,-12.552354813,-709.042053223,-0.061024830,0.102689156,0.610935147,0.782616862,2233,1709436710.294943333,46844,1709436708.994641304,1,1709436710.294943333,1.340735314,1709436710.982196093,10498,1709436710.695106983,61,1709436710.695106983,3940,1709436710.695106983
247,1709436710.794948578,-539.780822754,-12.472698212,-709.059875488,-0.057980399,0.094263469,0.603399420,0.789722617,2358,1709436710.595269918,46844,1709436708.994641304,1,1709436710.595269918,1.340735314,1709436710.982196093,10073,1709436710.794948578,54,1709436710.794948578,3999,1709436710.794948578
248,1709436710.994649410,-539.780822754,-12.472627640,-709.059753418,-0.048902206,0.090014118,0.600750934,0.792845728,2293,1709436710.794948578,46844,1709436708.994641304,1,1709436710.794948578,1.340735314,1709436710.982196093,10021,1709436710.994649410,32,1709436710.994649410,4056,1709436710.994649410
249,1709436711.195137978,-539.784179688,-12.477814674,-709.088684082,-0.046370083,0.106313983,0.599856967,0.791655716,2331,1709436710.994649410,46844,1709436708.994641304,1,1709436710.994649410,1.098653328,1709436711.401870012,10852,1709436711.195137978,54,1709436711.195137978,4032,1709436711.195137978
250,1709436711.595304251,-549.149902344,10.142987251,-742.265502930,-0.079249392,0.134578253,0.500109916,0.851761880,2323,1709436711.195137978,46844,1709436708.994641304,1,1709436711.195137978,1.847434783,1709436711.992024660,11790,1709436711.695128679,66,1709436711.695128679,3601,1709436711.695128679
251,1709436711.794975281,-548.945739746,10.350876808,-742.351501465,-0.086614391,0.146509437,0.498009507,0.850305511,2201,1709436711.595304251,46844,1709436708.994641304,1,1709436711.595304251,1.847434783,1709436711.992024660,11907,1709436711.794975281,59,1709436711.794975281,3747,1709436711.794975281
252,1709436711.994656801,-548.715148926,10.574070930,-742.442504883,-0.088237398,0.143553191,0.495782462,0.851942717,2221,1709436711.794975281,46844,1709436708.994641304,1,1709436711.794975281,1.847434783,1709436711.992024660,11378,1709436711.994656801,71,1709436711.994656801,3722,1709436711.994656801
253,1709436712.195138216,-548.717834473,10.571104050,-742.457214355,-0.086985468,0.136596930,0.494025128,0.854232977,2086,1709436711.994656801,46844,1709436708.994641304,1,1709436711.994656801,2.583498567,1709436712.402000427,11490,1709436712.195138216,80,1709436712.195138216,3607,1709436712.195138216
254,1709436712.394824266,-553.163208008,32.407142639,-777.322875977,-0.094424736,0.146271840,0.395777009,0.901692340,2136,1709436712.195138216,46844,1709436708.994641304,1,1709436712.195138216,2.885970042,1709436712.790673018,11039,1709436712.494665384,60,1709436712.494665384,3969,1709436712.494665384
255,1709436712.595303774,-553.216064453,32.392292023,-777.288269043,-0.090266697,0.140757105,0.394496454,0.903555150,2260,1709436712.394824266,46844,1709436708.994641304,1,1709436712.394824266,2.885970042,1709436712.790673018,11131,1709436712.595303774,63,1709436712.595303774,3934,1709436712.595303774
256,1709436712.794977427,-552.859008789,32.670001984,-777.436828613,-0.106526265,0.135170201,0.401400771,0.899588013,2286,1709436712.595303774,46844,1709436708.994641304,1,1709436712.595303774,2.885970042,1709436712.790673018,11158,1709436712.794977427,48,1709436712.794977427,3846,1709436712.794977427
257,1709436713.095300674,-553.105712891,52.648666382,-813.695861816,-0.113416523,0.137200583,0.299118446,0.937465118,2255,1709436712.794977427,51219,1709436712.794977427,1,1709436712.794977427,4.397489346,1709436713.481037855,10424,1709436713.195138454,55,1709436713.195138454,4081,1709436713.195138454
258,1709436713.394809723,-552.126892090,53.110446930,-814.041748047,-0.111036766,0.128493516,0.293449034,0.940769853,2294,1709436713.095300674,51219,1709436712.794977427,1,1709436713.095300674,4.397489346,1709436713.481037855,10493,1709436713.394809723,59,1709436713.394809723,3945,1709436713.394809723
259,1709436713.595274687,-552.131469727,53.106372833,-814.059020996,-0.075114573,0.147588842,0.292193755,0.941911962,2321,1709436713.394809723,51219,1709436712.794977427,1,1709436713.394809723,4.397489346,1709436713.481037855,10919,1709436713.595274687,71,1709436713.595274687,3953,1709436713.595274687
260,1709436713.794959068,-552.125122070,53.112266541,-814.033569336,-0.085969365,0.136483053,0.294341828,0.941989667,2349,1709436713.595274687,51219,1709436712.794977427,1,1709436713.595274687,1.357300809,1709436714.001741886,10020,1709436713.794959068,46,1709436713.794959068,3931,1709436713.794959068
261,1709436713.994633675,-549.919067383,71.970748901,-850.447265625,-0.077673681,0.140526606,0.192577643,0.968056261,2284,1709436713.794959068,51219,1709436712.794977427,1,1709436713.794959068,2.479800584,1709436714.500889778,9860,1709436714.294958115,38,1709436714.294958115,3824,1709436714.294958115
262,1709436714.294958115,-549.596191406,72.058143616,-850.544982910,-0.056084932,0.146788891,0.189804934,0.969165408,2367,1709436713.994633675,51219,1709436712.794977427,1,1709436713.994633675,2.479800584,1709436714.500889778,9860,1709436714.294958115,38,1709436714.294958115,3824,1709436714.294958115
263,1709436714.494636536,-549.238952637,72.281707764,-850.675659180,-0.058110928,0.155622651,0.189737529,0.967679896,2229,1709436714.294958115,51219,1709436712.794977427,1,1709436714.294958115,2.479800584,1709436714.500889778,10594,1709436714.494636536,61,1709436714.494636536,3966,1709436714.494636536
264,1709436714.695126772,-549.238769531,72.281822205,-850.675048828,-0.056230070,0.153538429,0.187354874,0.968587777,2320,1709436714.494636536,51219,1709436712.794977427,1,1709436714.494636536,3.336598555,1709436714.901617765,10378,1709436714.695126772,59,1709436714.695126772,3962,1709436714.695126772
265,1709436714.894813299,-543.147583008,90.195541382,-887.632324219,-0.028906959,0.148180261,0.078483473,0.985417344,2365,1709436714.695126772,51219,1709436712.794977427,1,1709436714.695126772,3.404745236,1709436715.310933113,10383,1709436715.095279932,51,1709436715.095279932,4009,1709436715.095279932
266,1709436715.095279932,-543.236511230,90.150161743,-887.582885742,-0.029270021,0.146427193,0.075038643,0.985936887,2404,1709436714.894813299,51219,1709436712.794977427,1,1709436714.894813299,3.404745236,1709436715.310933113,10383,1709436715.095279932,51,1709436715.095279932,4009,1709436715.095279932
267,1709436715.294943094,-542.662841797,90.312438965,-887.778198242,-0.023321636,0.154620303,0.076189336,0.984755730,2309,1709436715.095279932,51219,1709436712.794977427,1,1709436715.095279932,3.404745236,1709436715.310933113,10706,1709436715.294943094,51,1709436715.294943094,3937,1709436715.294943094
268,1709436715.494627476,-542.654479980,90.314674377,-887.752319336,-0.030024395,0.149923355,0.076036651,0.985312109,2315,1709436715.294943094,51219,1709436712.794977427,1,1709436715.294943094,4.338633270,1709436715.700945139,10083,1709436715.494627476,36,1709436715.494627476,4034,1709436715.494627476
269,1709436715.695078135,-532.875549316,105.998451233,-925.085937500,-0.017365391,0.140127096,-0.030552067,0.989509682,2347,1709436715.494627476,51219,1709436712.794977427,1,1709436715.494627476,4.074552389,1709436716.121124029,10757,1709436715.894753218,39,1709436715.894753218,4103,1709436715.894753218
270,1709436715.894753218,-533.060729980,105.964080811,-925.007934570,-0.026384923,0.145865806,-0.030001474,0.988497301,2420,1709436715.695078135,51219,1709436712.794977427,1,1709436715.695078135,4.074552389,1709436716.121124029,10757,1709436715.894753218,39,1709436715.894753218,4103,1709436715.894753218
271,1709436716.094821215,-532.344726562,105.985130310,-925.227478027,-0.025534990,0.156985918,-0.031665030,0.986762743,2411,1709436715.894753218,51219,1709436712.794977427,1,1709436715.894753218,4.074552389,1709436716.121124029,11329,1709436716.094821215,63,1709436716.094821215,3863,1709436716.094821215
272,1709436716.295294523,-532.345886230,105.985061646,-925.231628418,-0.029741855,0.171092301,-0.029939219,0.984350796,2220,1709436716.094821215,51219,1709436712.794977427,1,1709436716.094821215,4.627834976,1709436716.501864672,11506,1709436716.295294523,56,1709436716.295294523,3754,1709436716.295294523
273,1709436716.494962454,-520.701538086,118.539695740,-963.188781738,-0.017408009,0.151806246,-0.132757832,0.979299333,2230,1709436716.295294523,51219,1709436712.794977427,1,1709436716.295294523,4.001365233,1709436716.931397438,10001,1709436716.694672108,25,1709436716.694672108,4042,1709436716.694672108
274,1709436716.694672108,-521.036010742,118.591995239,-963.069702148,-0.026507178,0.141121254,-0.134139723,0.980504307,2365,1709436716.494962454,51219,1709436712.794977427,1,1709436716.494962454,4.001365233,1709436716.931397438,10001,1709436716.694672108,25,1709436716.694672108,4042,1709436716.694672108
275,1709436716.894765377,-520.332580566,118.452186584,-963.267883301,-0.021647813,0.146386344,-0.131544732,0.980203241,2335,1709436716.694672108,51219,1709436712.794977427,1,1709436716.694672108,4.001365233,1709436716.931397438,10323,1709436716.894765377,43,1709436716.894765377,4124,1709436716.894765377
276,1709436717.294923544,-507.666442871,127.803169250,-1000.000000000,-0.005760154,0.157296346,-0.220396748,0.962626591,2436,1709436716.894765377,51219,1709436712.794977427,1,1709436716.894765377,5.973769905,1709436717.741748095,10530,1709436717.494986534,54,1709436717.494986534,4097,1709436717.494986534
277,1709436717.494986534,-506.726715088,127.449569702,-1000.000000000,-0.011708060,0.146843809,-0.208706876,0.966820178,2401,1709436717.294923544,51219,1709436712.794977427,1,1709436717.294923544,5.973769905,1709436717.741748095,10530,1709436717.494986534,54,1709436717.494986534,4097,1709436717.494986534
278,1709436717.694672585,-505.783935547,127.073829651,-1000.000000000,-0.007236284,0.137698803,-0.201682672,0.969696228,2392,1709436717.494986534,51219,1709436712.794977427,1,1709436717.494986534,5.973769905,1709436717.741748095,10047,1709436717.694672585,56,1709436717.694672585,4031,1709436717.694672585
279,1709436717.894759178,-505.742187500,127.037536621,-1000.000000000,-0.009755859,0.140239971,-0.188665858,0.971927347,2337,1709436717.694672585,29448,1709436717.794919252,1,1709436717.694672585,6.204128997,1709436718.101964951,9841,1709436717.894759178,58,1709436717.894759178,3971,1709436717.894759178
280,1709436718.095244884,-492.371215820,132.781631470,-1000.000000000,0.012904168,0.127569768,-0.248099799,0.960211397,2315,1709436717.894759178,29448,1709436717.794919252,1,1709436717.894759178,5.185285529,1709436718.571575880,9495,1709436718.294927597,38,1709436718.294927597,3986,1709436718.294927597
281,1709436718.294927597,-492.644592285,132.960357666,-999.869323730,0.007156499,0.119740352,-0.227052994,0.966466746,2387,1709436718.095244884,29448,1709436717.794919252,1,1709436718.095244884,18.963662049,1709436718.582035303,9495,1709436718.294927597,38,1709436718.294927597,3986,1709436718.294927597
282,1709436718.494601727,-491.839782715,132.540527344,-1000.000000000,0.010032072,0.128970878,-0.202794010,0.970639202,2382,1709436718.294927597,29448,1709436717.794919252,1,1709436718.294927597,19.842633520,1709436718.701408386,10385,1709436718.494601727,66,1709436718.494601727,4208,1709436718.494601727
283,1709436718.695106030,-473.003540039,138.351669312,-1000.000000000,0.010543232,0.132348295,-0.195119595,0.971751569,2474,1709436718.494601727,29448,1709436717.794919252,1,1709436718.494601727,19.184164327,1709436719.061294794,10441,1709436718.695106030,67,1709436718.695106030,4296,1709436718.695106030
284,1709436718.894761086,-470.845336914,138.397537231,-1000.000000000,0.003927501,0.121716316,-0.192020130,0.973805927,2493,1709436718.695106030,29448,1709436717.794919252,1,1709436718.695106030,24.188142983,1709436719.111547709,10619,1709436718.894761086,66,1709436718.894761086,4249,1709436718.894761086
285,1709436719.095260382,-459.294708252,139.753387451,-1000.000000000,0.002195367,0.139119615,-0.192114475,0.971459182,2471,1709436718.894761086,29448,1709436717.794919252,1,1709436718.894761086,26.141472691,1709436719.362046719,11096,1709436719.095260382,85,1709436719.095260382,4169,1709436719.095260382
286,1709436719.294932604,-451.678344727,140.278823853,-1000.000000000,-0.000850764,0.142972101,-0.194148331,0.970497130,2480,1709436719.095260382,29448,1709436717.794919252,1,1709436719.095260382,28.606161530,1709436719.571499586,11035,1709436719.294932604,126,1709436719.294932604,4142,1709436719.294932604
287,1709436719.494605303,-442.274291992,140.295761108,-1000.000000000,0.004059236,0.143190598,-0.198578948,0.969559888,2477,1709436719.294932604,29448,1709436717.794919252,1,1709436719.294932604,30.492972938,1709436719.781323433,11101,1709436719.494605303,115,1709436719.494605303,4108,1709436719.494605303
288,1709436719.695056438,-433.288146973,139.964706421,-1000.000000000,0.014336340,0.147510816,-0.199705061,0.968582943,2447,1709436719.494605303,29448,1709436717.794919252,1,1709436719.494605303,30.492972938,1709436719.781323433,11423,1709436719.695056438,133,1709436719.695056438,3945,1709436719.695056438
289,1709436719.994974136,-433.288299561,139.964752197,-1000.000000000,0.018743875,0.144066946,-0.204278565,0.968072131,2361,1709436719.695056438,29448,1709436717.794919252,1,1709436719.695056438,30.492972938,1709436719.781323433,11293,1709436719.994974136,184,1709436719.994974136,4010,1709436719.994974136
290,1709436720.194659710,-433.286926270,139.964416504,-999.994689941,0.018956428,0.141202847,-0.204863409,0.968366353,2451,1709436719.994974136,29448,1709436717.794919252,1,1709436719.994974136,1.101234291,1709436720.411383629,11144,1709436720.194659710,165,1709436720.194659710,4000,1709436720.194659710
291,1709436720.395160675,-420.711456299,134.240982056,-999.480224609,0.025151889,0.119149535,-0.295499481,0.947549907,2473,1709436720.194659710,29448,1709436717.794919252,1,1709436720.194659710,1.490252242,1709436720.671473742,10904,1709436720.395160675,189,1709436720.395160675,4008,1709436720.395160675
292,1709436720.594850540,-420.593872070,134.166824341,-999.500488281,0.023259801,0.115369775,-0.296641704,0.947709078,2431,1709436720.395160675,29448,1709436717.794919252,1,1709436720.395160675,13.287297938,1709436720.801805019,10836,1709436720.594850540,168,1709436720.594850540,4033,1709436720.594850540
293,1709436720.794925213,-409.543762207,127.078025818,-998.841979980,0.026424099,0.114371594,-0.313077879,0.942445302,2473,1709436720.594850540,29448,1709436717.794919252,1,1709436720.594850540,15.650926260,1709436721.061548233,10957,1709436720.794925213,205,1709436720.794925213,4018,1709436720.794925213
294,1709436720.994612455,-405.576202393,124.092697144,-998.532226562,0.017159232,0.114478298,-0.335823323,0.934784989,2475,1709436720.794925213,29448,1709436717.794919252,1,1709436720.794925213,20.590970209,1709436721.262254238,10964,1709436720.994612455,262,1709436720.994612455,3947,1709436720.994612455
295,1709436721.195077896,-398.061859131,117.466827393,-997.829467773,0.023714328,0.112381436,-0.342547179,0.932453470,2478,1709436720.994612455,29448,1709436717.794919252,1,1709436720.994612455,23.430750367,1709436721.561762333,11144,1709436721.195077896,260,1709436721.195077896,4011,1709436721.195077896
296,1709436721.494991541,-390.489593506,110.590087891,-997.109008789,0.024369190,0.119071153,-0.347582723,0.929738917,2470,1709436721.195077896,29448,1709436717.794919252,1,1709436721.195077896,26.003665392,1709436721.737444878,11192,1709436721.494991541,265,1709436721.494991541,3862,1709436721.494991541
297,1709436721.694669008,-384.209625244,103.722137451,-996.302673340,0.023932751,0.113349768,-0.350415308,0.929402047,2383,1709436721.494991541,29448,1709436717.794919252,1,1709436721.494991541,28.189080034,1709436721.950493574,10727,1709436721.694669008,256,1709436721.694669008,4040,1709436721.694669008
298,1709436721.895163298,-378.497253418,96.706222534,-995.437805176,0.017335114,0.111563948,-0.355527331,0.927821802,2517,1709436721.694669008,29448,1709436717.794919252,1,1709436721.694669008,30.178350378,1709436722.151014805,10648,1709436721.895163298,233,1709436721.895163298,3942,1709436721.895163298
299,1709436722.094846249,-372.973876953,89.342170715,-994.509948730,0.019223794,0.114666698,-0.353594776,0.928144778,2363,1709436721.895163298,29448,1709436717.794919252,1,1709436721.895163298,30.178350378,1709436722.151014805,11401,1709436722.094846249,266,1709436722.094846249,4026,1709436722.094846249
300,1709436722.294954538,-372.969421387,89.339363098,-994.489379883,0.025523673,0.118760974,-0.355651532,0.926691082,2480,1709436722.094846249,29448,1709436717.794919252,1,1709436722.094846249,30.178350378,1709436722.151014805,11338,1709436722.294954538,274,1709436722.294954538,3908,1709436722.294954538
301,1709436722.494616985,-372.966339111,89.337417603,-994.474792480,0.014409617,0.117585263,-0.357271584,0.926457276,2406,1709436722.294954538,29448,1709436717.794919252,1,1709436722.294954538,0.981740254,1709436722.801023006,11294,1709436722.494616985,270,1709436722.494616985,4044,1709436722.494616985
302,1709436722.794949770,-370.663818359,73.753852844,-991.627929688,0.024187674,0.088371692,-0.447153323,0.889752385,2425,1709436722.494616985,45128,1709436722.595257759,1,1709436722.494616985,1.467442756,1709436723.151310921,11421,1709436722.794949770,274,1709436722.794949770,3985,1709436722.794949770
303,1709436723.095263481,-370.525115967,73.517623901,-991.678710938,0.034126044,0.109135631,-0.453615511,0.883831316,2519,1709436722.794949770,45128,1709436722.595257759,1,1709436722.794949770,17.735333744,1709436723.501519203,11719,1709436723.095263481,326,1709436723.095263481,3649,1709436723.095263481
304,1709436723.394783735,-370.725952148,52.345123291,-987.485473633,0.047408783,0.080689211,-0.461535864,0.882171358,2295,1709436723.095263481,45128,1709436722.595257759,1,1709436723.095263481,17.613106847,1709436723.661131620,11445,1709436723.394783735,304,1709436723.394783735,3865,1709436723.394783735
305,1709436723.595262289,-371.062194824,49.236034393,-986.883117676,0.030258284,0.118602832,-0.440057857,0.889588043,2433,1709436723.394783735,45128,1709436722.595257759,1,1709436723.394783735,23.918199405,1709436723.800690413,11366,1709436723.595262289,316,1709436723.595262289,3754,1709436723.595262289
306,1709436723.794933319,-372.798309326,35.343238831,-983.710876465,0.023953760,0.118178014,-0.440298950,0.889717376,2358,1709436723.595262289,45128,1709436722.595257759,1,1709436723.595262289,26.055044404,1709436724.051534653,11071,1709436723.794933319,273,1709436723.794933319,3821,1709436723.794933319
307,1709436723.994981527,-373.960113525,27.509281158,-981.957946777,0.021778910,0.110393592,-0.443034092,0.889415385,2398,1709436723.794933319,45128,1709436722.595257759,1,1709436723.794933319,28.899167432,1709436724.240721464,10808,1709436723.994981527,267,1709436723.994981527,3829,1709436723.994981527
308,1709436724.194656849,-375.976409912,17.237007141,-979.446899414,0.023341786,0.113269336,-0.446891272,0.887081400,2341,1709436723.994981527,45128,1709436722.595257759,1,1709436723.994981527,28.899167432,1709436724.240721464,10956,1709436724.194656849,261,1709436724.194656849,3818,1709436724.194656849
309,1709436724.594820023,-375.962615967,17.227186203,-979.377258301,0.006615699,0.123841338,-0.451383663,0.883669816,2357,1709436724.194656849,45128,1709436722.595257759,1,1709436724.194656849,28.899167432,1709436724.240721464,10502,1709436724.594820023,220,1709436724.594820023,3949,1709436724.594820023
310,1709436724.795296669,-375.963500977,17.227682114,-979.381469727,-0.002962605,0.115474857,-0.452692087,0.884153072,2402,1709436724.594820023,45128,1709436722.595257759,1,1709436724.594820023,0.967742662,1709436725.001689434,10160,1709436724.795296669,217,1709436724.795296669,4048,1709436724.795296669
311,1709436724.994991302,-383.836822510,3.277269363,-973.410705566,-0.047233092,0.103808742,-0.515318806,0.849375835,2415,1709436724.795296669,45128,1709436722.595257759,1,1709436724.795296669,1.337002633,1709436725.251710653,10657,1709436724.994991302,230,1709436724.994991302,4165,1709436724.994991302
312,1709436725.194662094,-383.762237549,3.167904854,-973.417480469,-0.032137192,0.104739200,-0.514508813,0.850457278,2550,1709436724.994991302,45128,1709436722.595257759,1,1709436724.994991302,12.315143139,1709436725.501572132,10874,1709436725.194662094,248,1709436725.194662094,3973,1709436725.194662094
313,1709436725.395128965,-391.126373291,-7.586851120,-967.483764648,-0.037356364,0.109874990,-0.516292159,0.848513049,2466,1709436725.194662094,45128,1709436722.595257759,1,1709436725.194662094,14.711797786,1709436725.641750336,10827,1709436725.395128965,246,1709436725.395128965,4113,1709436725.395128965
314,1709436725.694638968,-399.210266113,-17.568847656,-960.713256836,-0.038282082,0.109349201,-0.520555339,0.845931069,2552,1709436725.395128965,45128,1709436722.595257759,1,1709436725.395128965,19.551105807,1709436725.951566935,10934,1709436725.694638968,268,1709436725.694638968,3960,1709436725.694638968
315,1709436725.895122051,-401.048889160,-20.563549042,-959.041503906,-0.034578339,0.114066237,-0.523972939,0.843353776,2461,1709436725.694638968,45128,1709436722.595257759,1,1709436725.694638968,23.956432757,1709436726.141361713,11324,1709436725.895122051,261,1709436725.895122051,3950,1709436725.895122051
316,1709436726.094795465,-408.465301514,-28.152641296,-952.638427734,-0.021788474,0.106460864,-0.525010319,0.844130033,2440,1709436725.895122051,45128,1709436722.595257759,1,1709436725.895122051,25.800109658,1709436726.371207237,10835,1709436726.094795465,237,1709436726.094795465,3931,1709436726.094795465
317,1709436726.295284748,-413.576110840,-33.646598816,-948.129394531,-0.017762648,0.106718464,-0.526969533,0.842970207,2388,1709436726.094795465,45128,1709436722.595257759,1,1709436726.094795465,28.042109249,1709436726.561298132,11086,1709436726.295284748,239,1709436726.295284748,4125,1709436726.295284748
318,1709436726.494959354,-419.698822021,-39.408191681,-942.637023926,-0.016100454,0.106943383,-0.530299104,0.840884503,2545,1709436726.295284748,45128,1709436722.595257759,1,1709436726.295284748,29.787008572,1709436726.861125708,11269,1709436726.494959354,242,1709436726.494959354,3995,1709436726.494959354
319,1709436726.694636583,-425.656433105,-44.818550110,-937.265197754,-0.015448897,0.099754899,-0.528123860,0.843146179,2469,1709436726.494959354,45128,1709436722.595257759,1,1709436726.494959354,29.787008572,1709436726.861125708,11137,1709436726.694636583,245,1709436726.694636583,4019,1709436726.694636583
320,1709436726.895129204,-425.651885986,-44.820953369,-937.242126465,-0.013914050,0.103212930,-0.530049406,0.841546860,2438,1709436726.694636583,45128,1709436722.595257759,1,1709436726.694636583,29.787008572,1709436726.861125708,11290,1709436726.895129204,243,1709436726.895129204,3863,1709436726.895129204
321,1709436727.094808340,-425.648529053,-44.822494507,-937.225280762,-0.018724541,0.110113044,-0.533721857,0.838251447,2428,1709436726.895129204,45128,1709436722.595257759,1,1709436726.895129204,0.645873068,1709436727.301083803,11056,1709436727.094808340,252,1709436727.094808340,3895,1709436727.094808340
322,1709436727.295270681,-438.798980713,-48.101421356,-924.296997070,-0.058284651,0.103858250,-0.597899013,0.792674670,2363,1709436727.094808340,45128,1709436722.595257759,1,1709436727.094808340,1.051298986,1709436727.701751709,11290,1709436727.395103693,261,1709436727.395103693,3921,1709436727.395103693
323,1709436727.694625616,-438.618103027,-48.264976501,-924.324462891,-0.042755373,0.096466467,-0.601747065,0.791685966,2444,1709436727.295270681,45128,1709436722.595257759,1,1709436727.295270681,19.529293819,1709436727.901590586,10842,1709436727.694625616,250,1709436727.694625616,3932,1709436727.694625616
324,1709436727.895093918,-455.136840820,-49.511013031,-906.526184082,-0.047458893,0.099264661,-0.603532439,0.789710564,2461,1709436727.694625616,45128,1709436722.595257759,1,1709436727.694625616,18.343558066,1709436728.201594591,11004,1709436727.994918823,231,1709436727.994918823,3975,1709436727.994918823
325,1709436728.094760656,-456.747344971,-49.315155029,-904.479736328,-0.047829198,0.100565336,-0.603993751,0.789170786,2517,1709436727.895093918,45128,1709436722.595257759,1,1709436727.895093918,26.238277451,1709436728.351773739,10979,1709436728.094760656,258,1709436728.094760656,3969,1709436728.094760656
326,1709436728.295249224,-467.388854980,-47.791088104,-891.692199707,-0.052520766,0.096064798,-0.606763688,0.787306135,2489,1709436728.094760656,45128,1709436722.595257759,1,1709436728.094760656,28.244202911,1709436728.661606312,10575,1709436728.295249224,248,1709436728.295249224,3936,1709436728.295249224
327,1709436728.494934082,-473.066925049,-46.798503876,-884.574340820,-0.055240675,0.097366542,-0.606757233,0.786964983,2424,1709436728.295249224,45128,1709436722.595257759,1,1709436728.295249224,28.244202911,1709436728.661606312,10820,1709436728.694621801,250,1709436728.694621801,4063,1709436728.694621801
328,1709436728.694621801,-473.063659668,-46.799308777,-884.559509277,-0.048589540,0.093688506,-0.606697828,0.787895466,2496,1709436728.494934082,45128,1709436722.595257759,1,1709436728.494934082,28.244202911,1709436728.661606312,10820,1709436728.694621801,250,1709436728.694621801,4063,1709436728.694621801
329,1709436728.895084858,-473.060913086,-46.799777985,-884.547241211,-0.052885833,0.091955566,-0.608265329,0.786613343,2545,1709436728.694621801,45128,1709436722.595257759,1,1709436728.694621801,0.650825639,1709436729.111873865,10802,1709436728.895084858,272,1709436728.895084858,3967,1709436728.895084858
330,1709436729.094759464,-483.035705566,-39.199722290,-869.640258789,-0.076366359,0.074462013,-0.670068601,0.734596255,2468,1709436728.895084858,45128,1709436722.595257759,1,1709436728.895084858,1.007567335,1709436729.481990337,10712,1709436729.194602966,235,1709436729.194602966,4049,1709436729.194602966
331,1709436729.295251131,-482.954284668,-39.219524384,-869.629089355,-0.075684645,0.074312940,-0.672000607,0.732915142,2467,1709436729.094759464,45128,1709436722.595257759,1,1709436729.094759464,20.435312512,1709436729.521632910,10772,1709436729.295251131,246,1709436729.295251131,4063,1709436729.295251131
332,1709436729.494937658,-492.141784668,-28.775800705,-853.767700195,-0.073777783,0.072213196,-0.671369475,0.733897215,2536,1709436729.295251131,45128,1709436722.595257759,1,1709436729.295251131,21.978300963,1709436729.861938000,11132,1709436729.594769716,231,1709436729.594769716,3936,1709436729.594769716
333,1709436729.694602489,-494.531524658,-25.355693817,-849.056640625,-0.072953705,0.081815625,-0.677709257,0.727113556,2447,1709436729.494937658,45128,1709436722.595257759,1,1709436729.494937658,21.960782887,1709436729.871425629,11366,1709436729.694602489,210,1709436729.694602489,4047,1709436729.694602489
334,1709436729.895069122,-494.529846191,-25.355655670,-849.049133301,-0.063878327,0.086714797,-0.681734235,0.723628728,2466,1709436729.694602489,45128,1709436722.595257759,1,1709436729.694602489,21.960782887,1709436729.871425629,11551,1709436729.895069122,234,1709436729.895069122,4012,1709436729.895069122
335,1709436730.094743252,-494.529113770,-25.355640411,-849.045837402,-0.063149608,0.075396089,-0.681104828,0.725550666,2517,1709436729.895069122,45128,1709436722.595257759,1,1709436729.895069122,0.947795994,1709436730.321525097,11387,1709436730.094743252,229,1709436730.094743252,4101,1709436730.094743252
336,1709436730.294828415,-500.166931152,-12.263087273,-835.444580078,-0.065135101,0.039550210,-0.742153703,0.665883684,2541,1709436730.094743252,45128,1709436722.595257759,1,1709436730.094743252,1.265123999,1709436730.681940079,11009,1709436730.394678831,208,1709436730.394678831,3916,1709436730.394678831
337,1709436730.495300055,-500.090911865,-12.468153954,-835.429199219,-0.072539895,0.051415317,-0.742386368,0.664045864,2513,1709436730.294828415,45128,1709436722.595257759,1,1709436730.294828415,20.986692139,1709436730.706914186,11443,1709436730.495300055,228,1709436730.495300055,4180,1709436730.495300055
338,1709436730.694978714,-504.170562744,3.163364410,-821.469909668,-0.070126006,0.050344212,-0.744195228,0.662360375,2623,1709436730.495300055,45128,1709436722.595257759,1,1709436730.495300055,22.793772416,1709436731.121361494,11027,1709436730.794817686,208,1709436730.794817686,3981,1709436730.794817686
339,1709436730.894654989,-504.981414795,7.851713181,-817.358703613,-0.073866187,0.046974881,-0.742652563,0.663930959,2474,1709436730.694978714,45128,1709436722.595257759,1,1709436730.694978714,22.793772416,1709436731.121361494,11277,1709436731.095149279,227,1709436731.095149279,4136,1709436731.095149279
340,1709436731.095149279,-505.549163818,11.256238937,-814.370971680,-0.071150132,0.047795292,-0.744303876,0.662317906,2437,1709436730.894654989,45128,1709436722.595257759,1,1709436730.894654989,22.793772416,1709436731.121361494,10975,1709436731.194991112,212,1709436731.194991112,4256,1709436731.194991112
341,1709436731.294826746,-505.543334961,11.256326675,-814.340270996,-0.076660206,0.047082705,-0.745164568,0.660784532,2585,1709436731.095149279,45128,1709436722.595257759,1,1709436731.095149279,22.963419789,1709436731.511059046,11151,1709436731.294826746,201,1709436731.294826746,4213,1709436731.294826746
342,1709436731.495305061,-505.187042236,34.898521423,-797.713134766,-0.091059937,0.022454837,-0.796993322,0.596661975,2549,1709436731.294826746,45128,1709436722.595257759,1,1709436731.294826746,13.949255358,1709436731.880793333,11096,1709436731.595139980,185,1709436731.595139980,4061,1709436731.595139980
343,1709436731.694975853,-505.110626221,32.806011200,-799.265258789,-0.084899831,0.023229208,-0.798428522,0.595620952,2467,1709436731.495305061,45128,1709436722.595257759,1,1709436731.495305061,13.970218703,1709436731.891288757,11214,1709436731.694975853,182,1709436731.694975853,4134,1709436731.694975853
344,1709436731.894639015,-504.937347412,34.943542480,-797.718750000,-0.082761802,0.026980813,-0.800258981,0.593302692,2553,1709436731.694975853,45128,1709436722.595257759,1,1709436731.694975853,13.970218703,1709436731.891288757,11219,1709436731.894639015,178,1709436731.894639015,4210,1709436731.894639015
345,1709436732.095116138,-504.931671143,34.944664001,-797.689270020,-0.079894388,0.030205786,-0.800860540,0.592728346,2543,1709436731.894639015,45128,1709436722.595257759,1,1709436731.894639015,13.758909271,1709436732.311524630,11375,1709436732.095116138,187,1709436732.095116138,4036,1709436732.095116138
346,1709436732.294781685,-499.809356689,56.157806396,-785.122436523,-0.072402536,0.009126920,-0.847171628,0.526283959,2431,1709436732.095116138,45128,1709436722.595257759,1,1709436732.095116138,8.690015532,1709436732.701174021,10989,1709436732.495268106,185,1709436732.495268106,4263,1709436732.495268106
347,1709436732.495268106,-500.009490967,54.992572784,-785.885437012,-0.092452381,-0.023997007,-0.856425592,0.507357769,2590,1709436732.294781685,45128,1709436722.595257759,1,1709436732.294781685,8.675124246,1709436732.710683346,10989,1709436732.495268106,185,1709436732.495268106,4263,1709436732.495268106
348,1709436732.694932699,-499.485931396,56.420494080,-785.328918457,-0.094101563,-0.004322577,-0.855610273,0.508976691,2589,1709436732.495268106,45128,1709436722.595257759,1,1709436732.495268106,8.675124246,1709436732.710683346,11163,1709436732.694932699,216,1709436732.694932699,4107,1709436732.694932699
349,1709436732.894994020,-499.578399658,56.288288116,-785.309814453,-0.084117411,-0.010216046,-0.857630273,0.507237823,2537,1709436732.694932699,45128,1709436722.595257759,1,1709436732.694932699,8.919563434,1709436733.111553669,11151,1709436732.894994020,234,1709436732.894994020,4158,1709436732.894994020
350,1709436733.094675541,-490.256225586,75.349990845,-776.116088867,-0.088063781,-0.046475030,-0.906580980,0.410116774,2594,1709436732.894994020,45128,1709436722.595257759,1,1709436732.894994020,6.133976351,1709436733.601541758,10892,1709436733.395002127,299,1709436733.395002127,4231,1709436733.395002127
351,1709436733.395002127,-490.461120605,74.956359863,-776.009521484,-0.084771493,-0.050487364,-0.907796401,0.407640178,2667,1709436733.094675541,45128,1709436722.595257759,1,1709436733.094675541,29.480901485,1709436733.620741129,10892,1709436733.395002127,299,1709436733.395002127,4231,1709436733.395002127
352,1709436733.594694614,-489.879394531,75.845817566,-776.232971191,-0.086176471,-0.042494914,-0.908252814,0.407240253,2661,1709436733.395002127,45128,1709436722.595257759,1,1709436733.395002127,28.951847583,1709436733.811389446,11308,1709436733.594694614,259,1709436733.594694614,4311,1709436733.594694614
353,1709436733.794800282,-473.508850098,99.112327576,-764.669799805,-0.083940518,-0.045591712,-0.908833529,0.406075117,2691,1709436733.594694614,45128,1709436722.595257759,1,1709436733.594694614,27.243119115,1709436734.130923748,11244,1709436733.894629955,247,1709436733.894629955,4220,1709436733.894629955
354,1709436733.995284557,-471.877502441,100.876190186,-764.175720215,-0.085221424,-0.043378386,-0.909747411,0.403999100,2594,1709436733.794800282,45128,1709436722.595257759,1,1709436733.794800282,27.243119115,1709436734.130923748,11129,1709436733.995284557,236,1709436733.995284557,4124,1709436733.995284557
355,1709436734.194972038,-471.875946045,100.877380371,-764.166442871,-0.076000236,-0.038476052,-0.911179964,0.403106228,2554,1709436733.995284557,45128,1709436722.595257759,1,1709436733.995284557,27.243119115,1709436734.130923748,11643,1709436734.194972038,252,1709436734.194972038,4022,1709436734.194972038
356,1709436734.394639969,-471.872192383,100.880531311,-764.141601562,-0.071553362,-0.037676365,-0.911871477,0.402431383,2506,1709436734.194972038,45128,1709436722.595257759,1,1709436734.194972038,1.233024208,1709436734.600952148,11580,1709436734.394639969,239,1709436734.394639969,4064,1709436734.394639969
357,1709436734.595112801,-456.995574951,112.306053162,-757.188720703,-0.062749497,-0.055887415,-0.948311179,0.306014715,2474,1709436734.394639969,45128,1709436722.595257759,1,1709436734.394639969,1.506016030,1709436734.910815954,11412,1709436734.694957972,224,1709436734.694957972,4254,1709436734.694957972
358,1709436734.794779539,-457.153656006,112.234077454,-757.147399902,-0.060486556,-0.047881278,-0.949377225,0.304518709,2664,1709436734.595112801,45128,1709436722.595257759,1,1709436734.595112801,22.888414158,1709436735.001004457,11446,1709436734.794779539,232,1709436734.794779539,4377,1709436734.794779539
359,1709436734.995253801,-439.471405029,122.335815430,-749.278076172,-0.056176209,-0.049951783,-0.948840738,0.306676224,2763,1709436734.794779539,45128,1709436722.595257759,1,1709436734.794779539,24.915799567,1709436735.311425209,11367,1709436735.095102310,232,1709436735.095102310,4181,1709436735.095102310
360,1709436735.194941521,-434.063690186,125.001739502,-746.734436035,-0.056276445,-0.043506429,-0.949241223,0.306400478,2633,1709436734.995253801,45128,1709436722.595257759,1,1709436734.995253801,24.863291642,1709436735.320900917,11879,1709436735.194941521,255,1709436735.194941521,4081,1709436735.194941521
361,1709436735.394625425,-434.060974121,125.004470825,-746.707336426,-0.045648390,-0.046954167,-0.949978298,0.305373156,2577,1709436735.194941521,45128,1709436722.595257759,1,1709436735.194941521,24.863291642,1709436735.320900917,11419,1709436735.394625425,215,1709436735.394625425,4075,1709436735.394625425
362,1709436735.595116615,-434.060333252,125.005134583,-746.700805664,-0.052104055,-0.047067469,-0.950857289,0.301562988,2512,1709436735.394625425,45128,1709436722.595257759,1,1709436735.394625425,0.940789007,1709436735.811583519,11160,1709436735.595116615,207,1709436735.595116615,4158,1709436735.595116615
363,1709436735.794792652,-416.527465820,129.226043701,-738.046081543,-0.024650826,-0.068955340,-0.976896065,0.200777428,2542,1709436735.595116615,45128,1709436722.595257759,1,1709436735.595116615,1.368747457,1709436736.110928297,11463,1709436735.894641876,215,1709436735.894641876,4247,1709436735.894641876
364,1709436735.995285988,-416.717834473,129.211578369,-738.027038574,-0.024668473,-0.058349380,-0.977958167,0.198958889,2555,1709436735.794792652,45128,1709436722.595257759,1,1709436735.794792652,22.382261680,1709436736.211704969,11544,1709436735.995285988,206,1709436735.995285988,4130,1709436735.995285988
365,1709436736.194997072,-397.554779053,131.055358887,-727.752502441,-0.016778741,-0.054742339,-0.978629797,0.197498025,2544,1709436735.995285988,45128,1709436722.595257759,1,1709436735.995285988,24.346460980,1709436736.531049967,11781,1709436736.294848680,226,1709436736.294848680,4162,1709436736.294848680
366,1709436736.394702435,-392.009704590,131.276687622,-724.458740234,-0.012147755,-0.060975951,-0.978074624,0.198757124,2586,1709436736.194997072,45128,1709436722.595257759,1,1709436736.194997072,24.346460980,1709436736.531049967,11868,1709436736.394702435,215,1709436736.394702435,4123,1709436736.394702435
367,1709436736.794842720,-392.009002686,131.279647827,-724.428161621,-0.023220795,-0.061201556,-0.978967836,0.193228206,2538,1709436736.394702435,45128,1709436722.595257759,1,1709436736.394702435,24.346460980,1709436736.531049967,10828,1709436736.794842720,175,1709436736.794842720,4050,1709436736.794842720
368,1709436736.994928360,-392.008758545,131.280670166,-724.419799805,-0.017277286,-0.061670328,-0.979041534,0.193328583,2496,1709436736.794842720,45128,1709436722.595257759,1,1709436736.794842720,1.140103091,1709436737.311715603,11343,1709436736.994928360,176,1709436736.994928360,4193,1709436736.994928360
369,1709436737.194982767,-375.800689697,127.804336548,-713.186523438,0.000626620,-0.079835474,-0.993181653,0.084947685,2574,1709436736.994928360,45128,1709436722.595257759,1,1709436736.994928360,1.477419067,1709436737.601264238,11031,1709436737.294808149,195,1709436737.294808149,4261,1709436737.294808149
370,1709436737.394634247,-376.035736084,127.884483337,-713.182983398,0.002662558,-0.075468943,-0.993531566,0.084807883,2588,1709436737.194982767,45128,1709436722.595257759,1,1709436737.194982767,13.996725667,1709436737.711172104,11314,1709436737.394634247,212,1709436737.394634247,4256,1709436737.394634247
371,1709436737.694957972,-362.295959473,122.931343079,-702.308227539,-0.002572217,-0.068781233,-0.994294015,0.081498085,2615,1709436737.394634247,45128,1709436722.595257759,1,1709436737.394634247,16.826512359,1709436738.041217327,10492,1709436737.794800997,238,1709436737.794800997,4160,1709436737.794800997
372,1709436737.894625664,-357.356933594,120.753776550,-697.942443848,-0.004577350,-0.067200046,-0.994409218,0.081323480,2627,1709436737.694957972,111169,1709436737.794800997,1,1709436737.694957972,22.324455443,1709436738.221765995,10513,1709436737.995256901,231,1709436737.995256901,4147,1709436737.995256901
373,1709436738.095104933,-348.822509766,115.770515442,-689.695373535,-0.004301670,-0.059019872,-0.995077629,0.079490019,2576,1709436737.894625664,111169,1709436737.794800997,1,1709436737.894625664,25.038902854,1709436738.431365013,10677,1709436738.194946766,235,1709436738.194946766,4400,1709436738.194946766
374,1709436738.294782400,-342.419647217,111.828613281,-683.191650391,-0.007408464,-0.055935553,-0.995325705,0.078377740,2658,1709436738.095104933,111169,1709436737.794800997,1,1709436738.095104933,28.054162808,1709436738.602040291,10965,1709436738.394618034,231,1709436738.294782400,4354,1709436738.294782400
375,1709436738.495262384,-335.772308350,106.952331543,-675.783569336,-0.005413676,-0.053857849,-0.995380600,0.079293660,2703,1709436738.294782400,111169,1709436737.794800997,1,1709436738.294782400,28.054162808,1709436738.602040291,10966,1709436738.595098495,230,1709436738.595098495,4481,1709436738.595098495
376,1709436738.694935083,-335.999755859,106.932304382,-675.755920410,-0.008641686,-0.050791934,-0.995522943,0.079243739,2725,1709436738.495262384,111169,1709436737.794800997,1,1709436738.495262384,28.054162808,1709436738.602040291,11028,1709436738.694935083,244,1709436738.694935083,4512,1709436738.694935083
377,1709436738.894632816,-336.281433105,106.908714294,-675.736938477,-0.006888867,-0.054481901,-0.995728063,0.074228639,2797,1709436738.694935083,111169,1709436737.794800997,1,1709436738.694935083,1.302257836,1709436739.111525536,11209,1709436738.894632816,229,1709436738.894632816,4382,1709436738.894632816
378,1709436739.194938898,-330.257507324,93.802116394,-660.962219238,-0.022497904,0.054467400,0.997581376,0.036858452,2743,1709436738.894632816,111169,1709436737.794800997,1,1709436738.894632816,1.681045301,1709436739.551207542,11066,1709436739.194938898,220,1709436739.194938898,4234,1709436739.194938898
379,1709436739.394611359,-330.497406006,94.026473999,-660.986267090,-0.029757548,0.057833911,0.997162623,0.037900257,2613,1709436739.194938898,111169,1709436737.794800997,1,1709436739.194938898,19.968493600,1709436739.706913948,11378,1709436739.394611359,240,1709436739.394611359,4171,1709436739.394611359
380,1709436739.595100164,-326.959136963,78.448928833,-643.893676758,-0.030212648,0.058505665,0.996991330,0.040897087,2727,1709436739.394611359,111169,1709436737.794800997,1,1709436739.394611359,20.809746340,1709436739.961010933,11960,1709436739.694933653,228,1709436739.694933653,4076,1709436739.694933653
381,1709436739.794773102,-326.680084229,75.111892700,-639.873657227,-0.041119736,0.059857598,0.996448117,0.042630813,2627,1709436739.595100164,111169,1709436737.794800997,1,1709436739.595100164,28.703972349,1709436740.210493326,12178,1709436739.894608259,243,1709436739.894608259,3902,1709436739.894608259
382,1709436740.095080614,-326.637329102,62.271366119,-625.410339355,-0.027173952,0.058017460,0.996956825,0.044414415,2585,1709436739.794773102,111169,1709436737.794800997,1,1709436739.794773102,28.703972349,1709436740.210493326,11536,1709436740.194913149,216,1709436740.194913149,4209,1709436740.194913149
383,1709436740.294764757,-326.833648682,62.315006256,-625.407287598,-0.024071982,0.043833941,0.997594020,0.048013495,2644,1709436740.095080614,111169,1709436737.794800997,1,1709436740.095080614,28.703972349,1709436740.210493326,11936,1709436740.294764757,211,1709436740.294764757,4104,1709436740.294764757
384,1709436740.595079660,-326.833770752,62.315406799,-625.403442383,-0.043395587,0.051558633,0.996588953,0.047633902,2611,1709436740.294764757,111169,1709436737.794800997,1,1709436740.294764757,1.603764351,1709436740.810950279,11915,1709436740.595079660,211,1709436740.595079660,3750,1709436740.595079660
385,1709436740.794751883,-333.813568115,49.271301270,-610.411376953,-0.071330900,0.048169348,0.983264107,0.160571827,2332,1709436740.595079660,111169,1709436737.794800997,1,1709436740.595079660,1.511038022,1709436741.241261005,11849,1709436740.994824409,211,1709436740.994824409,4067,1709436740.994824409
386,1709436740.994824409,-333.939941406,49.308532715,-610.411193848,-0.072942646,0.056747011,0.982442029,0.162070379,2630,1709436740.794751883,111169,1709436737.794800997,1,1709436740.794751883,18.255114679,1709436741.250644207,11849,1709436740.994824409,211,1709436740.994824409,4067,1709436740.994824409
387,1709436741.195290804,-334.211547852,49.641479492,-610.473205566,-0.088058834,0.048931920,0.981986536,0.159855410,2628,1709436740.994824409,111169,1709436737.794800997,1,1709436740.994824409,20.426223755,1709436741.511252165,11902,1709436741.195290804,250,1709436741.195290804,3740,1709436741.195290804
388,1709436741.494798660,-348.989959717,33.298103333,-590.272949219,-0.072777769,0.040417082,0.984226198,0.156104600,2427,1709436741.195290804,111169,1709436737.794800997,1,1709436741.195290804,19.292763659,1709436741.791158438,11016,1709436741.494798660,223,1709436741.494798660,4052,1709436741.494798660
389,1709436741.695260048,-350.674163818,32.284339905,-588.486450195,-0.063524254,0.035585077,0.987020922,0.143136547,2580,1709436741.494798660,111169,1709436737.794800997,1,1709436741.494798660,25.971226069,1709436741.970581770,10586,1709436741.695260048,195,1709436741.695260048,4027,1709436741.695260048
390,1709436741.894948244,-361.289550781,25.409471512,-578.495605469,-0.056806972,0.048046638,0.989762691,0.121796160,2550,1709436741.695260048,111169,1709436737.794800997,1,1709436741.695260048,28.191272632,1709436742.210871220,10203,1709436741.994794846,210,1709436741.994794846,3994,1709436741.994794846
391,1709436742.094632387,-367.941253662,21.493173599,-572.306030273,-0.049136872,0.046469712,0.992884359,0.098014200,2574,1709436741.894948244,111169,1709436737.794800997,1,1709436741.894948244,28.191272632,1709436742.210871220,10014,1709436742.094632387,185,1709436742.094632387,3907,1709436742.094632387
392,1709436742.295113325,-367.945373535,21.497243881,-572.271850586,-0.034368350,0.036350781,0.995839611,0.076163685,2485,1709436742.094632387,111169,1709436737.794800997,1,1709436742.094632387,28.191272632,1709436742.210871220,9606,1709436742.295113325,205,1709436742.295113325,4162,1709436742.295113325
393,1709436742.494811773,-367.948883057,21.501039505,-572.242187500,-0.038179052,0.030082468,0.997084545,0.058820188,2590,1709436742.295113325,111169,1709436737.794800997,1,1709436742.295113325,0.752502755,1709436742.711467266,10217,1709436742.494811773,235,1709436742.494811773,4190,1709436742.494811773
394,1709436742.695288181,-386.373046875,15.705106735,-561.218750000,-0.051598301,-0.002104433,0.990643552,0.126327116,2635,1709436742.494811773,111169,1709436737.794800997,1,1709436742.494811773,1.016172293,1709436743.000721455,8748,1709436742.795148611,230,1709436742.795148611,3944,1709436742.795148611
395,1709436742.894992352,-386.512512207,15.852762222,-561.229370117,-0.033640035,-0.006833892,0.990950142,0.129766955,2683,1709436742.695288181,111169,1709436737.794800997,1,1709436742.695288181,23.838886705,1709436743.111626148,8620,1709436742.894992352,211,1709436742.894992352,3834,1709436742.894992352
396,1709436743.094667912,-407.612426758,11.341634750,-550.566467285,-0.052554928,-0.004646001,0.990568437,0.126453806,2553,1709436742.894992352,111169,1709436737.794800997,1,1709436742.894992352,26.184470513,1709436743.411118984,10513,1709436743.195306063,219,1709436743.195306063,4336,1709436743.195306063
397,1709436743.295145750,-414.272216797,10.505563736,-547.457458496,-0.068039088,0.014618906,0.989597177,0.125914245,2736,1709436743.094667912,111169,1709436737.794800997,1,1709436743.094667912,26.184470513,1709436743.411118984,11465,1709436743.394971132,265,1709436743.394971132,4350,1709436743.394971132
398,1709436743.494819164,-414.462249756,10.574246407,-547.472839355,-0.072029054,0.014001475,0.989213580,0.126776448,2684,1709436743.295145750,111169,1709436737.794800997,1,1709436743.295145750,26.184470513,1709436743.411118984,11275,1709436743.494819164,255,1709436743.494819164,4293,1709436743.494819164
399,1709436743.695273638,-414.659179688,10.653251648,-547.490905762,-0.072565626,0.015408262,0.988964929,0.128238782,2729,1709436743.494819164,111169,1709436737.794800997,1,1709436743.494819164,1.477784622,1709436743.910955191,11689,1709436743.695273638,254,1709436743.695273638,4296,1709436743.695273638
400,1709436743.894932508,-436.259216309,10.220969200,-539.833862305,-0.092927327,-0.009450540,0.975831236,0.197556569,2723,1709436743.695273638,111169,1709436737.794800997,1,1709436743.695273638,1.750520643,1709436744.260955811,11559,1709436743.994758844,280,1709436743.994758844,4277,1709436743.994758844
401,1709436744.094992399,-436.452850342,10.360686302,-539.863403320,-0.097020475,-0.004531026,0.975181842,0.198964499,2840,1709436743.894932508,111169,1709436737.794800997,1,1709436743.894932508,25.844507311,1709436744.311198711,11561,1709436744.094992399,271,1709436744.094992399,4257,1709436744.094992399
