1706585909.972931147 0.027833001 0.023661374 0.066746631 -0.002996814 0.002923609 -0.000837712 0.999990885
1706585910.072144270 -0.017348901 0.016137787 0.037699353 0.000171048 0.001919455 -0.000610880 0.999997957
1706585910.170928001 -0.039544697 0.023234736 0.033054003 0.002052012 0.002625514 -0.001103088 0.999993840
1706585910.269775152 -0.065488095 0.015203633 0.022382017 0.001562351 0.001808718 -0.000438426 0.999997048
1706585910.372284651 -0.053589216 0.017963537 0.028640228 -0.000449176 0.001888700 -0.000644526 0.999997908
1706585910.472922564 -0.037692280 0.020182888 0.031809595 0.001210673 0.001941930 -0.000751057 0.999997100
1706585910.572751999 -0.019478566 0.020220574 0.038618619 0.000024021 0.002101174 -0.000700693 0.999997547
1706585910.672602415 -0.013366835 0.009143596 0.035194595 -0.001653533 0.001618459 -0.000265828 0.999997288
1706585910.772450447 -0.007316167 0.015541230 0.041755553 0.000054414 0.001992020 -0.000536846 0.999997870
1706585910.872291565 0.008428587 0.022312931 0.040326558 -0.000250377 0.001978682 -0.000822556 0.999997673
1706585910.971498251 0.003329763 0.028858908 0.047078549 0.000624423 0.002169920 -0.000593185 0.999997275
1706585911.069945574 0.008664114 0.026721629 0.041932131 -0.000629993 0.001559298 -0.000602929 0.999998404
1706585911.172633648 0.009718897 0.023572829 0.042019031 -0.001133995 0.001704407 -0.000515433 0.999997772
1706585911.272463799 0.001212142 0.026375894 0.039644548 0.000021685 0.001774401 -0.000683859 0.999998192
1706585911.372006655 0.008395488 0.032708282 0.047592112 0.000483771 0.002350087 -0.000975076 0.999996646
1706585911.470854998 0.001448250 0.028204429 0.051163835 0.000207143 0.002222421 -0.000767003 0.999997215
1706585911.569767237 0.003399856 0.021417436 0.053047410 -0.001050504 0.002181324 -0.000663969 0.999996849
1706585911.672604322 0.002010209 0.017175032 0.047016977 -0.001881268 0.001890525 -0.000648150 0.999996233
1706585911.772447586 -0.003341952 0.014112719 0.047378964 -0.001761945 0.002029190 -0.000504239 0.999996262
1706585911.872287273 -0.002749313 0.016177403 0.045109284 -0.001044620 0.001954332 -0.000468397 0.999997435
1706585911.972927094 -0.009526208 0.013059878 0.046628162 -0.001534286 0.002018731 -0.000364497 0.999996719
1706585912.072777271 -0.011294479 0.013896208 0.045355716 -0.001688673 0.001999108 -0.000488357 0.999996457
1706585912.172510624 -0.014262377 0.019484503 0.048475714 -0.001471032 0.002022181 -0.000455859 0.999996770
1706585912.270940781 -0.013489491 0.017927903 0.046172865 -0.001873901 0.001963850 -0.000552191 0.999996163
1706585912.369503975 -0.008580070 0.023108369 0.052341205 -0.001744643 0.002135815 -0.000728029 0.999995932
1706585912.472554445 -0.002337891 0.019723136 0.051225475 -0.001215194 0.001936631 -0.000466680 0.999997277
1706585912.572383404 0.004514889 0.023324119 0.051802862 -0.002664623 0.001875957 -0.000578536 0.999994523
1706585912.671879768 -0.000962037 0.028102773 0.050601810 -0.001175524 0.001868300 -0.000716971 0.999997307
1706585912.770777464 -0.006016768 0.024616732 0.052240677 -0.001563598 0.002233664 -0.000499340 0.999996158
1706585912.872713804 -0.005088878 0.024330257 0.050182482 -0.000398445 0.002128775 -0.000622158 0.999997461
1706585912.972551107 -0.004291165 0.019705578 0.048120121 -0.001261164 0.001868823 -0.000578307 0.999997291
1706585913.072388887 0.004640731 0.017054029 0.045611530 -0.001766650 0.001910267 -0.000498803 0.999996491
1706585913.172232389 0.007388227 0.015060394 0.044133365 -0.002162951 0.001919223 -0.000425717 0.999995728
1706585913.272862434 0.001549986 0.016034654 0.043176539 -0.001930149 0.001794319 -0.000448367 0.999996427
1706585913.372697830 0.007944950 0.021570515 0.046329617 -0.001124414 0.001971700 -0.000508931 0.999997295
1706585913.471954346 0.014623776 0.018772453 0.045696264 -0.001838714 0.001997922 -0.000479774 0.999996199
1706585913.570533514 0.012474282 0.020218250 0.048384685 -0.002153619 0.002004222 -0.000558635 0.999995516
1706585913.669106722 0.007589784 0.016625761 0.047852976 -0.001904587 0.001675721 -0.000323906 0.999996730
1706585913.772859812 0.017564376 0.018678200 0.045880672 -0.002892586 0.001625806 -0.000465396 0.999994387
1706585913.872694492 0.014022184 0.024418713 0.052255695 -0.000866949 0.002159132 -0.000553533 0.999997140
1706585913.971860409 0.005891032 0.028197614 0.054808865 -0.001501829 0.002039661 -0.000561473 0.999996635
1706585914.070850134 -0.001835952 0.028955230 0.056021827 -0.000670823 0.002150357 -0.000606754 0.999997279
1706585914.172213078 -0.004867133 0.030449934 0.052367362 -0.000899859 0.001880624 -0.000580971 0.999997658
1706585914.272847176 -0.006623654 0.026579148 0.051489572 -0.001548297 0.001980631 -0.000479871 0.999996725
1706585914.372692347 -0.007818461 0.020168020 0.046154693 -0.002924720 0.001600570 -0.000463506 0.999994335
1706585914.472529173 -0.007913019 0.024255997 0.047353119 -0.000358151 0.002021017 -0.000659050 0.999997676
1706585914.572366238 -0.005686562 0.024501204 0.049172067 -0.001839186 0.001809689 -0.000532255 0.999996530
1706585914.672595501 -0.001590405 0.022721482 0.049153243 -0.001579549 0.001784421 -0.000523012 0.999997024
1706585914.771535873 -0.005443863 0.028756548 0.048419206 -0.001261369 0.001793219 -0.000747589 0.999997317
1706585914.870111227 -0.009739587 0.024374908 0.047683766 -0.002524167 0.001658419 -0.000505139 0.999995312
1706585914.972903728 -0.001901900 0.021118152 0.052331035 -0.002238753 0.001954165 -0.000427382 0.999995493
1706585915.072746277 -0.009897293 0.021943739 0.053581587 -0.001218084 0.001803204 -0.000405334 0.999997550
1706585915.172587633 0.005465824 0.022029491 0.051334067 -0.002479747 0.001759358 -0.000364159 0.999995311
1706585915.271930456 0.001767533 0.024317487 0.052507421 -0.001911407 0.001838309 -0.000461788 0.999996377
1706585915.371124744 -0.001675867 0.025595858 0.048855808 -0.001755121 0.001705301 -0.000436703 0.999996910
1706585915.472911596 0.001223390 0.024607546 0.049380719 -0.001653240 0.001756348 -0.000396394 0.999997012
1706585915.572736740 0.008986328 0.023293051 0.046610768 -0.001250781 0.001644312 -0.000488309 0.999997747
1706585915.671483040 0.008075122 0.025599224 0.049324162 -0.000811472 0.001941131 -0.000630454 0.999997588
1706585915.772412300 0.013155430 0.023273344 0.048104527 -0.002458109 0.001647092 -0.000437145 0.999995527
1706585915.872246981 0.009388083 0.020120952 0.050036716 -0.001861778 0.001898599 -0.000525041 0.999996327
1706585915.972542048 -0.004158804 0.025953991 0.048438635 -0.001411601 0.001763580 -0.000654570 0.999997234
1706585916.071130991 -0.009303863 0.027550935 0.052081321 -0.001536110 0.001947047 -0.000714509 0.999996669
1706585916.169752359 -0.015652530 0.027739020 0.053579929 -0.001554082 0.001893232 -0.000613753 0.999996812
1706585916.272402763 -0.013533097 0.028569874 0.054241585 -0.001424545 0.001819733 -0.000681843 0.999997097
1706585916.372230530 -0.006511780 0.029303443 0.051344766 -0.001589073 0.001817878 -0.000542929 0.999996938
1706585916.472867727 -0.005020933 0.028089030 0.050414833 -0.001900813 0.001854492 -0.000640756 0.999996269
1706585916.572259903 0.001457208 0.025289822 0.048554747 -0.001572543 0.001722188 -0.000465910 0.999997172
1706585916.672555208 0.010008986 0.028465737 0.049372637 -0.001941327 0.001704007 -0.000567508 0.999996503
1706585916.772392988 0.000279587 0.030402548 0.049396256 -0.001339585 0.001665199 -0.000626018 0.999997520
1706585916.872241020 -0.007790169 0.030033178 0.048370146 -0.000925153 0.001860340 -0.000612722 0.999997654
1706585916.970871925 -0.005245244 0.030590503 0.047035860 -0.000846818 0.001822600 -0.000621622 0.999997787
1706585917.072718382 -0.006576092 0.032102138 0.050218829 -0.000608296 0.001981568 -0.000749808 0.999997571
1706585917.172562599 -0.005873315 0.028658507 0.049603912 -0.001922180 0.001706572 -0.000651105 0.999996484
1706585917.272181273 -0.009820485 0.030974386 0.049940907 -0.001309233 0.001678147 -0.000751673 0.999997452
1706585917.370784998 -0.013373071 0.027114797 0.048270147 -0.001287605 0.001722985 -0.000479669 0.999997572
1706585917.469405651 -0.009754971 0.026848354 0.050184941 -0.001666521 0.001676919 -0.000630397 0.999997007
1706585917.572723627 -0.009322959 0.020532517 0.049736506 -0.001856880 0.001722370 -0.000468340 0.999996683
1706585917.672557592 -0.005825110 0.024908097 0.050705022 -0.000973797 0.001785144 -0.000568001 0.999997771
1706585917.772394180 -0.005656938 0.027076668 0.049088428 -0.001420746 0.001719210 -0.000720425 0.999997253
1706585917.872230053 -0.007676254 0.030267870 0.052795476 -0.001083589 0.001864027 -0.000575857 0.999997510
1706585917.972864389 -0.010204549 0.025244647 0.049608599 -0.001859122 0.001574769 -0.000311281 0.999996983
1706585918.072699308 0.000807679 0.025780553 0.052431257 -0.001931564 0.001839582 -0.000622098 0.999996249
1706585918.171874523 0.006989455 0.025122861 0.055687156 -0.001968183 0.001812837 -0.000543240 0.999996272
1706585918.270349026 0.010181264 0.028299140 0.055884910 -0.001487831 0.001909214 -0.000665457 0.999996849
1706585918.372233152 0.012582119 0.026231298 0.054406192 -0.002033462 0.001821480 -0.000545431 0.999996125
1706585918.472878933 0.011466788 0.028087857 0.051378197 -0.001123769 0.001751629 -0.000481678 0.999997718
1706585918.571817160 0.008333166 0.030526157 0.051868598 -0.001486116 0.001925840 -0.000610831 0.999996855
1706585918.670439959 -0.002838618 0.034777092 0.050747565 -0.001364994 0.001926667 -0.000800665 0.999996892
1706585918.769081354 -0.003277684 0.029383654 0.049504855 -0.001704733 0.001885309 -0.000504779 0.999996642
1706585918.872248411 -0.004392243 0.032032152 0.054002478 -0.000696300 0.002177611 -0.000709335 0.999997135
1706585918.972887039 -0.004161711 0.029634422 0.050141659 -0.001575562 0.001840028 -0.000494403 0.999996944
1706585919.072724342 0.000811862 0.028573533 0.049695273 -0.001413975 0.001959758 -0.000581852 0.999996911
1706585919.172571659 -0.003371588 0.026703221 0.044876243 -0.001471097 0.001658464 -0.000496685 0.999997419
1706585919.272416830 -0.004986104 0.027641312 0.041850834 -0.001615479 0.001584540 -0.000491229 0.999997319
1706585919.372255087 -0.001608624 0.028917676 0.044441530 -0.001773484 0.001746745 -0.000627117 0.999996705
1706585919.471395254 -0.005089650 0.028297243 0.048284204 -0.001205376 0.001877510 -0.000522071 0.999997375
1706585919.569975376 -0.004775830 0.027948593 0.047923323 -0.000911313 0.001727179 -0.000579259 0.999997925
1706585919.672542334 -0.005141641 0.026897160 0.050866061 -0.001517341 0.001981192 -0.000622782 0.999996692
1706585919.772386312 -0.000199683 0.028756796 0.051563484 -0.001213993 0.001962004 -0.000562990 0.999997180
1706585919.871458054 -0.000789029 0.029773032 0.052571491 -0.001612339 0.002042622 -0.000686547 0.999996378
1706585919.970094442 0.003916001 0.030400639 0.054001592 -0.001265602 0.002115862 -0.000772619 0.999996662
1706585920.072703838 0.012191720 0.028613129 0.052759845 -0.001820980 0.001837504 -0.000529607 0.999996514
1706585920.172532082 0.006261834 0.028913032 0.050586542 -0.001399733 0.001922731 -0.000707799 0.999996921
1706585920.272369146 0.003188215 0.030733180 0.047065844 -0.001520356 0.001742735 -0.000699983 0.999997081
1706585920.372609377 0.001308092 0.025522189 0.050908567 -0.001466759 0.001907591 -0.000547529 0.999996955
1706585920.472443819 0.011641756 0.027159896 0.051280910 -0.001123983 0.001999064 -0.000626946 0.999997174
1706585920.572285891 0.015545956 0.026592633 0.049448107 -0.002080845 0.001826603 -0.000504684 0.999996039
1706585920.672417641 0.017194874 0.026661586 0.050293557 -0.002186584 0.001884805 -0.000360804 0.999995768
1706585920.770984888 0.014368020 0.024515555 0.052047946 -0.002149532 0.001940432 -0.000365096 0.999995740
1706585920.869578600 0.002629637 0.025676249 0.053984043 -0.001927305 0.002035598 -0.000519776 0.999995936
1706585920.972457647 0.003294875 0.028082891 0.054791706 -0.001231329 0.002048522 -0.000459709 0.999997038
1706585921.072301149 -0.000539151 0.025655936 0.050498220 -0.001448492 0.001733782 -0.000460874 0.999997342
1706585921.171146154 0.001841272 0.025380704 0.049587527 -0.001880405 0.001949481 -0.000466813 0.999996223
1706585921.269768715 0.003335268 0.027646966 0.050316115 -0.001486030 0.001903358 -0.000728866 0.999996819
1706585921.368441820 -0.002594318 0.025307244 0.050250647 -0.001479389 0.001987431 -0.000594549 0.999996754
1706585921.472869396 -0.001336325 0.025892085 0.049914521 -0.002189719 0.001834425 -0.000608378 0.999995735
1706585921.572731972 0.001322603 0.030276191 0.048148249 -0.001021888 0.001772226 -0.000708422 0.999997657
1706585921.672571659 0.001747627 0.030038677 0.049459629 -0.000982278 0.001929039 -0.000695928 0.999997415
1706585921.772401571 -0.007547055 0.025630454 0.047745176 -0.001045048 0.001645500 -0.000497305 0.999997976
1706585921.872236729 -0.008341084 0.025549449 0.049622821 -0.001243317 0.001671194 -0.000560667 0.999997673
1706585921.972015142 -0.009696927 0.024158296 0.050761660 -0.001104308 0.001860828 -0.000352528 0.999997597
1706585922.070606470 -0.002531896 0.027792083 0.053080428 -0.002031459 0.001782034 -0.000495692 0.999996226
1706585922.169235945 -0.004938602 0.031120921 0.053649019 -0.000413519 0.002172012 -0.000611731 0.999997369
1706585922.272378683 -0.006131567 0.030215219 0.052357267 -0.002014482 0.001902135 -0.000603433 0.999995980
1706585922.372155428 0.002573106 0.030166947 0.051689315 -0.001957810 0.001896438 -0.000634530 0.999996084
1706585922.470784903 0.006815481 0.030161156 0.050714485 -0.000782512 0.002160242 -0.000782920 0.999997054
1706585922.569460869 0.007167466 0.026767046 0.047426808 -0.001139723 0.001897296 -0.000633784 0.999997350
1706585922.672580242 -0.001992428 0.026393411 0.047371619 -0.001579406 0.001838643 -0.000546330 0.999996913
1706585922.772431850 0.003863356 0.027005857 0.048827284 -0.000704899 0.002049903 -0.000643192 0.999997444
1706585922.872276306 0.002128101 0.027708974 0.051173455 -0.001704358 0.001991981 -0.000684828 0.999996329
1706585922.972909689 -0.004795992 0.023327636 0.051007601 -0.002089263 0.001908023 -0.000566612 0.999995837
1706585923.072749615 0.002024244 0.020696770 0.051566082 -0.002694401 0.001825278 -0.000472324 0.999994593
1706585923.172590494 0.000466538 0.023531951 0.048033427 -0.001911808 0.001832817 -0.000589626 0.999996319
1706585923.271616459 0.009973057 0.023536234 0.047904683 -0.002012044 0.001963979 -0.000466535 0.999995938
1706585923.370259047 0.006632722 0.026061537 0.051061644 -0.002367108 0.001910074 -0.000607732 0.999995190
1706585923.472903967 0.008754351 0.028860801 0.052788367 -0.001302554 0.002121749 -0.000620362 0.999996708
1706585923.572729588 0.014585986 0.029801847 0.053264486 -0.002231719 0.001967975 -0.000560305 0.999995416
1706585923.671839714 0.015944870 0.032278571 0.055853270 -0.000905007 0.002164056 -0.000725818 0.999996986
1706585923.770498753 0.006581470 0.032045322 0.054548772 -0.001354158 0.002027997 -0.000646095 0.999996818
1706585923.869198084 0.014422518 0.029096507 0.050451439 -0.002311254 0.001785501 -0.000726345 0.999995471
1706585923.972876549 0.015205572 0.029009189 0.046875675 -0.001412592 0.001739063 -0.000597152 0.999997312
1706585924.072716236 0.019409933 0.027493069 0.046944655 -0.001647106 0.001915476 -0.000533208 0.999996667
1706585924.172544956 0.010551178 0.030512913 0.045281188 -0.001691143 0.001729303 -0.000747199 0.999996796
1706585924.272381306 0.011672441 0.028167048 0.046267546 -0.001941086 0.001862445 -0.000573392 0.999996217
1706585924.372220039 -0.001418866 0.026988393 0.051273010 -0.001500000 0.001945134 -0.000643040 0.999996776
1706585924.472643137 0.003279221 0.026205702 0.054433642 -0.002303322 0.002175755 -0.000567773 0.999994819
1706585924.571304321 0.002806669 0.027968794 0.056010329 -0.001102793 0.002039817 -0.000593553 0.999997135
1706585924.669962168 0.007690336 0.027783273 0.055492290 -0.002045739 0.002094053 -0.000640284 0.999995510
1706585924.772367954 0.015809453 0.027593779 0.052958726 -0.002283414 0.001828847 -0.000560501 0.999995564
1706585924.872629642 0.015897312 0.027964190 0.050385829 -0.002057822 0.001948223 -0.000681243 0.999995753
1706585924.971534491 0.007889365 0.031552117 0.052577254 -0.001509706 0.001994149 -0.000737407 0.999996600
1706585925.070234776 0.009116555 0.031512765 0.050089904 -0.000498371 0.001989577 -0.000706414 0.999997647
1706585925.168954134 0.000876885 0.029491444 0.048372623 -0.000738324 0.001920466 -0.000688417 0.999997646
1706585925.272419930 0.001598332 0.026174509 0.051182749 -0.001751994 0.002070689 -0.000578080 0.999996154
1706585925.372245789 0.001233892 0.026766966 0.047413979 -0.001621373 0.001734765 -0.000440068 0.999997084
1706585925.472881794 0.000755268 0.028300830 0.043902780 -0.001790141 0.001725149 -0.000619504 0.999996718
1706585925.572730780 0.000939159 0.028599491 0.046797270 -0.002032422 0.001751812 -0.000631334 0.999996201
1706585925.672564745 0.005809434 0.025089764 0.047603227 -0.002418242 0.001893903 -0.000568486 0.999995121
1706585925.772324800 -0.001536246 0.030271658 0.053692810 -0.000712691 0.002133269 -0.000766214 0.999997177
1706585925.870997667 -0.005006226 0.027568354 0.053025310 -0.001952237 0.001903707 -0.000480406 0.999996167
1706585925.969666719 -0.005537930 0.027821283 0.050672105 -0.001788227 0.001747665 -0.000534304 0.999996731
1706585926.072732925 -0.000429559 0.026110353 0.050148507 -0.001999299 0.001841929 -0.000556782 0.999996150
1706585926.172548056 -0.003224422 0.033346532 0.046929730 -0.000990650 0.001828001 -0.000675354 0.999997610
1706585926.271271467 -0.002207231 0.031781444 0.051271350 -0.000539222 0.001973568 -0.000713336 0.999997653
1706585926.369985342 0.003064924 0.030938862 0.055628090 -0.001816278 0.001997879 -0.000580370 0.999996186
1706585926.472853184 0.007206284 0.030897366 0.054269515 -0.001475952 0.001924729 -0.000671641 0.999996833
1706585926.572677612 0.003240702 0.026509667 0.053295443 -0.001760649 0.001903648 -0.000527821 0.999996499
1706585926.672523022 0.006273191 0.026566469 0.050148196 -0.001284417 0.001965605 -0.000535362 0.999997100
1706585926.772356749 0.007698133 0.029037490 0.049350739 -0.002032248 0.001770548 -0.000680272 0.999996136
1706585926.872585535 0.012838274 0.026037363 0.047813195 -0.002271833 0.001675451 -0.000550903 0.999995864
1706585926.972421408 0.004259164 0.029114934 0.048734684 -0.001543459 0.001885243 -0.000656246 0.999996816
1706585927.072020054 0.001037371 0.026869662 0.045594079 -0.002060622 0.001710496 -0.000439617 0.999996317
1706585927.170702934 -0.003087682 0.029353913 0.049873766 -0.000828740 0.001994319 -0.000750393 0.999997386
1706585927.269408703 -0.003155174 0.027915524 0.050206229 -0.001415494 0.001784219 -0.000666830 0.999997184
1706585927.372566700 0.005053460 0.032953087 0.052236619 -0.001686294 0.001999740 -0.000734573 0.999996309
1706585927.472301722 0.009275897 0.031894967 0.051948964 -0.001703666 0.001909939 -0.000639296 0.999996520
1706585927.571024656 0.001719307 0.028563307 0.053600670 -0.001703271 0.001950160 -0.000610147 0.999996462
1706585927.669755459 0.002667964 0.027557786 0.056383061 -0.001511369 0.002123082 -0.000596437 0.999996426
1706585927.772741318 0.001006353 0.029996180 0.057914966 -0.001881611 0.002010444 -0.000614298 0.999996020
1706585927.872590780 0.001665641 0.031069797 0.056156779 -0.001817576 0.002013207 -0.000714044 0.999996067
1706585927.972425699 0.008473901 0.032196410 0.051718734 -0.001710634 0.001841495 -0.000542609 0.999996694
1706585928.072256088 0.011125179 0.028558274 0.050216989 -0.001961675 0.001881033 -0.000535499 0.999996163
1706585928.172891855 0.012704306 0.030025332 0.050449583 -0.001827694 0.001913389 -0.000583243 0.999996329
1706585928.272729158 0.009182636 0.027420604 0.049707546 -0.001386197 0.002026057 -0.000538226 0.999996842
1706585928.371716499 -0.000382047 0.029486462 0.046954318 -0.001471009 0.001718429 -0.000506243 0.999997313
1706585928.470413923 -0.000596225 0.027421369 0.051739743 -0.000527394 0.002187786 -0.000479810 0.999997353
1706585928.569120407 -0.000184082 0.026190387 0.052019714 -0.001664063 0.001981792 -0.000339669 0.999996594
1706585928.672898769 -0.010805177 0.026918519 0.049127528 -0.001955613 0.001736324 -0.000569272 0.999996418
1706585928.772036791 -0.004263341 0.031156595 0.052640938 -0.001609119 0.002204017 -0.000620106 0.999996084
1706585928.870817661 -0.006384680 0.030512986 0.052692582 -0.001180133 0.001944700 -0.000608632 0.999997227
1706585928.969609976 -0.002347810 0.030537663 0.056500269 -0.001622732 0.002250660 -0.000444831 0.999996052
1706585929.072281122 0.008367566 0.030956475 0.055447981 -0.001661757 0.002127418 -0.000529985 0.999996216
1706585929.172914743 -0.003225280 0.030290661 0.055202161 -0.002294635 0.001851938 -0.000471093 0.999995542
1706585929.272747517 -0.005998008 0.029119734 0.050684646 -0.001953378 0.001947787 -0.000472686 0.999996083
1706585929.372588158 0.006831504 0.028091560 0.048561453 -0.001527312 0.001836271 -0.000315258 0.999997098
1706585929.472427130 0.008942815 0.025790868 0.049352358 -0.001892973 0.002041532 -0.000479866 0.999996009
1706585929.572259903 0.011892222 0.028954914 0.049219746 -0.001986759 0.001860194 -0.000495945 0.999996173
1706585929.671439886 0.013790696 0.027502638 0.048657172 -0.001311900 0.001945596 -0.000540442 0.999997101
1706585929.770142078 0.009081453 0.025887086 0.050772312 -0.001856266 0.002044978 -0.000388653 0.999996111
1706585929.872571468 0.007713445 0.026152199 0.052358217 -0.001391754 0.002026435 -0.000458617 0.999996873
1706585929.972414255 0.005202200 0.029977298 0.056084131 -0.001674916 0.002157208 -0.000432924 0.999996177
1706585930.071851730 0.007483581 0.027954265 0.057071375 -0.002117909 0.002006354 -0.000402814 0.999995663
1706585930.170637369 0.005976152 0.026689613 0.055414380 -0.002506876 0.001994717 -0.000365594 0.999994801
1706585930.272718906 0.002178824 0.028492748 0.055065807 -0.000849723 0.002120277 -0.000587855 0.999997218
1706585930.372550488 -0.001322992 0.030018125 0.055987398 -0.001602922 0.002167799 -0.000534305 0.999996223
1706585930.472385883 0.003774074 0.030057914 0.054429940 -0.002177892 0.002099785 -0.000552402 0.999995271
1706585930.572233200 0.000227705 0.030811886 0.054724851 -0.001262808 0.002162740 -0.000590527 0.999996690
1706585930.672865868 0.005174447 0.024804862 0.048454031 -0.001896187 0.001863171 -0.000169018 0.999996452
1706585930.772698879 0.012408655 0.026618936 0.047623513 -0.002011522 0.001898099 -0.000600720 0.999995995
1706585930.872485876 0.007785672 0.028372952 0.049399311 -0.001403740 0.002025466 -0.000495676 0.999996841
1706585930.971157312 0.004152690 0.034285431 0.050247570 -0.000881323 0.002050389 -0.000649269 0.999997299
1706585931.069585323 -0.005736788 0.029890501 0.053000732 -0.001479810 0.002002853 -0.000562777 0.999996741
1706585931.172870159 -0.000629686 0.027024223 0.053601264 -0.001632401 0.001995404 -0.000332973 0.999996621
1706585931.272717953 -0.003620356 0.027359548 0.056722567 -0.001789726 0.002047954 -0.000435232 0.999996207
1706585931.371690273 0.006473543 0.026108943 0.056674066 -0.001867018 0.002102699 -0.000459292 0.999995941
1706585931.470552683 0.007022219 0.026891230 0.056056914 -0.000892829 0.001964425 -0.000434572 0.999997578
1706585931.569475174 0.006681565 0.028589222 0.054222642 -0.002436458 0.002029657 -0.000437461 0.999994876
1706585931.672876835 0.011182551 0.031131956 0.051206603 -0.001198598 0.002010732 -0.000558243 0.999997104
1706585931.772715807 0.008922913 0.031986801 0.052078536 -0.001049566 0.002111539 -0.000608992 0.999997034
1706585931.872562885 0.003895553 0.034221717 0.055187131 -0.000469049 0.002354650 -0.000618585 0.999996926
1706585931.972396135 -0.004464905 0.030569960 0.050410642 -0.001085539 0.002045665 -0.000647930 0.999997109
1706585932.072240353 -0.005032161 0.026052011 0.049890276 -0.000842120 0.002108023 -0.000545021 0.999997275
1706585932.172141790 0.004395584 0.022288791 0.046292093 -0.002092270 0.001802230 -0.000335943 0.999996131
1706585932.270597696 0.012126507 0.021591681 0.047828435 -0.001967685 0.001842043 -0.000371311 0.999996299
1706585932.369174957 0.011080507 0.027860913 0.050073926 -0.002263323 0.001978214 -0.000568498 0.999995320
1706585932.472427607 0.002697401 0.026960255 0.052017940 -0.001249153 0.002050818 -0.000438831 0.999997021
1706585932.572257996 0.006770680 0.025299797 0.054895024 -0.001757076 0.002199051 -0.000347930 0.999995978
1706585932.671611786 -0.000339474 0.026573767 0.056128614 -0.001363263 0.002118945 -0.000538606 0.999996681
1706585932.770536423 0.002746815 0.026804362 0.054575899 -0.002228289 0.001987269 -0.000397209 0.999995464
1706585932.872565985 0.010455521 0.030465226 0.055015933 -0.001723931 0.002086891 -0.000484461 0.999996219
1706585932.972428322 0.000897169 0.030776607 0.054451244 -0.001545831 0.002063633 -0.000547902 0.999996526
1706585933.072275639 -0.001745333 0.032721295 0.054218789 -0.001166613 0.002134106 -0.000551123 0.999996890
1706585933.172918081 -0.001347946 0.031434074 0.050009781 -0.000831849 0.001866045 -0.000582137 0.999997744
1706585933.272781134 0.001237064 0.029718595 0.047799904 -0.000943308 0.001925668 -0.000629598 0.999997503
1706585933.372625351 0.008534524 0.026715872 0.046432221 -0.002168666 0.001990372 -0.000537441 0.999995523
1706585933.471638680 0.001309600 0.026802219 0.049778817 -0.001641756 0.002049956 -0.000483818 0.999996434
1706585933.570201874 -0.002407126 0.028832990 0.050810517 -0.001855805 0.002065013 -0.000474270 0.999996033
1706585933.672511816 -0.000351575 0.028235195 0.053828976 -0.001798322 0.002015697 -0.000507233 0.999996223
1706585933.772360563 0.007975591 0.027317067 0.053701472 -0.001715275 0.002096264 -0.000344826 0.999996272
1706585933.872586489 0.010678929 0.025841694 0.053786235 -0.001919220 0.001923103 -0.000389253 0.999996233
1706585933.971599817 0.007836893 0.025215160 0.050127887 -0.002478386 0.001868169 -0.000263256 0.999995149
1706585934.070611238 0.001832200 0.026293270 0.049415154 -0.002141784 0.001887790 -0.000242933 0.999995895
1706585934.172895432 0.002414499 0.027527728 0.049404676 -0.001832672 0.001968312 -0.000458245 0.999996279
1706585934.272739172 0.000152537 0.028827515 0.050066569 -0.001604339 0.001954965 -0.000476817 0.999996688
1706585934.372568846 -0.007547852 0.029411461 0.047434248 -0.000595710 0.001784680 -0.000422427 0.999998141
1706585934.472408533 -0.003581637 0.032301244 0.051208094 -0.000903891 0.002174422 -0.000635804 0.999997025
1706585934.572239876 0.002862050 0.029414043 0.049944050 -0.001473373 0.002051776 -0.000422036 0.999996721
1706585934.672636986 0.008189044 0.028030736 0.051180197 -0.001007471 0.002182152 -0.000500533 0.999996986
1706585934.771214008 0.014241051 0.026420320 0.050499636 -0.002377849 0.001871349 -0.000303980 0.999995376
1706585934.869785070 0.010382455 0.027118424 0.051243241 -0.002315636 0.001965424 -0.000526927 0.999995249
1706585934.972419500 0.008054347 0.023135875 0.050374217 -0.002393542 0.001903301 -0.000349481 0.999995263
1706585935.072274446 0.006595998 0.023214529 0.053389381 -0.002192789 0.002049414 -0.000438658 0.999995400
1706585935.172658682 -0.006391233 0.023322090 0.050792344 -0.002697117 0.001939764 -0.000446012 0.999994382
1706585935.271720409 -0.008886045 0.027944589 0.052426416 -0.001281509 0.002107356 -0.000518872 0.999996824
1706585935.372585297 -0.002531753 0.024743940 0.050437509 -0.001687222 0.002002046 -0.000343186 0.999996514
1706585935.472413301 -0.001375037 0.026661273 0.048906082 -0.001860498 0.001777097 -0.000407714 0.999996607
1706585935.572252989 0.003547220 0.020706984 0.048992565 -0.003499622 0.001686824 -0.000201801 0.999992433
1706585935.672885180 0.001009129 0.022124111 0.050152891 -0.002623290 0.001920684 -0.000418810 0.999994627
1706585935.772737741 0.000447456 0.026615630 0.051041152 -0.001685704 0.001875591 -0.000357305 0.999996756
1706585935.872587681 0.000140131 0.030728551 0.054333657 -0.001170688 0.002193096 -0.000550601 0.999996758
1706585935.972211599 -0.002930982 0.032198276 0.053805903 -0.001937964 0.002002803 -0.000488091 0.999995997
1706585936.070797920 0.003226764 0.032236742 0.053169800 -0.001865015 0.002064539 -0.000584798 0.999995959
1706585936.169419527 0.005391239 0.030271183 0.052181894 -0.001347899 0.002192531 -0.000324419 0.999996635
1706585936.272725821 0.007058768 0.030760151 0.057590250 -0.001709917 0.002218866 -0.000572438 0.999995913
1706585936.372564793 0.003894329 0.027648766 0.054151861 -0.001473613 0.002126938 -0.000538535 0.999996507
1706585936.472398996 -0.001703775 0.028529636 0.055497391 -0.002443083 0.002023622 -0.000507505 0.999994839
1706585936.572122097 -0.002193927 0.027649587 0.055841324 -0.001337360 0.002243043 -0.000548088 0.999996440
1706585936.672886848 -0.002488648 0.026102568 0.054057351 -0.002219916 0.002063513 -0.000357575 0.999995343
1706585936.772721767 -0.000222471 0.028880532 0.051922523 -0.002684406 0.001792780 -0.000446049 0.999994690
1706585936.872105598 -0.000123927 0.028511650 0.050319496 -0.002016384 0.002029143 -0.000541945 0.999995762
1706585936.970527172 0.001764333 0.029279008 0.050353645 -0.001680502 0.001780180 -0.000447425 0.999996903
1706585937.072256327 -0.003366830 0.033895806 0.054164448 -0.001669119 0.002141164 -0.000502758 0.999996188
1706585937.172888994 0.001147881 0.032887416 0.053932207 -0.001702656 0.001993148 -0.000612392 0.999996377
1706585937.271821737 0.001126090 0.032254507 0.056354016 -0.002159409 0.002038354 -0.000517432 0.999995457
1706585937.370441914 0.001459963 0.031378837 0.053181394 -0.001791212 0.002118879 -0.000409641 0.999996067
1706585937.469062328 0.006977600 0.028424384 0.050590739 -0.002113828 0.001883787 -0.000456129 0.999995888
1706585937.572250366 0.006957652 0.026422456 0.049946722 -0.001695537 0.002070740 -0.000326533 0.999996365
1706585937.672891140 0.003492166 0.025421193 0.052536961 -0.001764428 0.002133190 -0.000452273 0.999996066
1706585937.772719145 -0.003162016 0.027948048 0.054140071 -0.001428869 0.002030186 -0.000553726 0.999996765
1706585937.872550964 -0.004190248 0.029347060 0.053316847 -0.001871875 0.001605025 -0.000614624 0.999996771
1706585937.972380161 -0.006346386 0.029419823 0.055132208 -0.001415338 0.001324840 -0.000931439 0.999997687
1706585938.072219133 0.009728393 0.031759478 0.056779174 -0.003594116 0.000085613 -0.001948193 0.999991640
1706585938.171470165 0.033721111 0.032963457 0.056164985 -0.004163013 -0.000353349 -0.003321516 0.999985756
1706585938.269977093 0.084944501 0.033558633 0.058357825 -0.003528075 0.002285106 -0.005534965 0.999975847
1706585938.372521639 0.128474237 0.033444784 0.058879896 -0.005424509 0.001127366 -0.010243818 0.999932182
1706585938.472359896 0.193411346 0.037123808 0.063748620 -0.009508679 0.000703734 -0.013956371 0.999857145
1706585938.571501970 0.251703909 0.031479097 0.067049019 -0.010927723 -0.000002514 -0.017142974 0.999793330
1706585938.670107603 0.308305596 0.027048688 0.063153472 -0.008508041 0.000319077 -0.018674190 0.999789371
1706585938.768743992 0.371245592 0.017089522 0.062236597 -0.002970568 0.002374230 -0.023093080 0.999726087
1706585938.872929096 0.441671770 -0.002146222 0.059467325 -0.003085351 0.003084589 -0.028196312 0.999592884
1706585938.972779989 0.522928744 -0.011290429 0.053475221 -0.004522876 0.000493429 -0.032326287 0.999467014
1706585939.072623014 0.594592855 -0.027460500 0.049492666 -0.005475152 0.000919354 -0.040369259 0.999169405
1706585939.172464609 0.667887622 -0.028617833 0.056435179 -0.009792359 0.003870712 -0.042476797 0.999041966
1706585939.272303104 0.729801108 -0.042609157 0.055867499 -0.006476832 0.004449430 -0.048127681 0.998810282
1706585939.371937275 0.796333863 -0.055146478 0.054177434 -0.002661230 0.003626151 -0.051244707 0.998675998
1706585939.470501423 0.840627940 -0.063553087 0.051654455 -0.001049825 0.000660611 -0.053558514 0.998563942
1706585939.569088936 0.902866323 -0.065232370 0.053011101 -0.001544838 0.006728384 -0.058703121 0.998251615
1706585939.672849417 0.955724932 -0.070100776 0.056048613 -0.004885557 0.005753973 -0.061363423 0.998086947
1706585939.772388935 1.004790766 -0.088522721 0.055994955 0.000377743 0.003741637 -0.064817211 0.997890067
1706585939.871052742 1.053902331 -0.100177744 0.055905415 -0.001091409 0.001028067 -0.067863530 0.997693487
1706585939.969743013 1.105515386 -0.113482356 0.052731791 -0.006286204 -0.001816591 -0.070690163 0.997476859
1706585940.068439245 1.142827503 -0.118102150 0.055210804 -0.004772997 -0.004458823 -0.074523823 0.997197843
1706585940.172447443 1.188831037 -0.125978379 0.059885587 -0.007153646 -0.005996153 -0.075838659 0.997076411
1706585940.272292376 1.235987307 -0.137071903 0.056402996 -0.002466869 -0.002494175 -0.078806308 0.996883774
1706585940.372540951 1.287185868 -0.143652387 0.056542124 -0.002364061 -0.005041756 -0.082595149 0.996567626
1706585940.472387552 1.345400027 -0.149024917 0.058020768 -0.005286615 -0.002144342 -0.088651209 0.996046393
1706585940.572246552 1.398276705 -0.156109532 0.060483610 -0.013728893 -0.003445751 -0.090889576 0.995760377
1706585940.671067715 1.469523495 -0.172342302 0.059758526 -0.011446233 -0.001470822 -0.094065348 0.995499136
1706585940.769660234 1.538847566 -0.198509322 0.054920991 -0.006477992 0.001240321 -0.095812047 0.995377591
1706585940.868248463 1.607609668 -0.219812387 0.053714285 -0.009282828 0.006922465 -0.100501790 0.994869488
1706585940.966857910 1.654148372 -0.227796665 0.058575789 -0.011790100 0.012033015 -0.105002519 0.994329257
1706585941.071963549 1.706791242 -0.244683936 0.063508283 -0.010571544 0.012952626 -0.105636816 0.994264218
1706585941.170654535 1.750802436 -0.251722803 0.064635602 -0.010139113 0.011741963 -0.103517171 0.994506672
1706585941.269318104 1.806096782 -0.266493912 0.060648137 -0.007122172 0.015956476 -0.100426730 0.994791002
1706585941.368012428 1.873974713 -0.278840304 0.057060173 -0.006474963 0.016832227 -0.097344056 0.995087376
1706585941.472404957 1.937879714 -0.284089766 0.055989805 -0.009865600 0.022181757 -0.095828336 0.995101789
1706585941.572246313 1.992980416 -0.283047688 0.055623756 -0.015067634 0.019966245 -0.092240464 0.995422529
1706585941.672883987 2.046249671 -0.291028822 0.052332995 -0.015200824 0.021557274 -0.088398689 0.995735854
1706585941.772730589 2.097840482 -0.298864222 0.042639363 -0.012780451 0.023995869 -0.085258403 0.995987883
1706585941.872079611 2.149430997 -0.304825015 0.042111318 -0.015703841 0.024440889 -0.081425295 0.996255968
1706585941.970725298 2.192277592 -0.307729118 0.048236255 -0.020925706 0.023438442 -0.078313043 0.996433551
1706585942.069391251 2.255858335 -0.308417747 0.046720588 -0.019059606 0.026948042 -0.071467160 0.996896674
1706585942.168052197 2.310400657 -0.324292255 0.040645751 -0.014206026 0.028844102 -0.066170829 0.997290142
1706585942.272718430 2.365395941 -0.325784710 0.039700273 -0.017925089 0.029333584 -0.062239254 0.997469051
1706585942.371637821 2.423903319 -0.326144109 0.036145055 -0.013844882 0.028278092 -0.055882803 0.997940770
1706585942.470309973 2.486014733 -0.335583373 0.026916295 -0.015592760 0.027947238 -0.049373221 0.998267551
1706585942.568964720 2.552285819 -0.335091536 0.025936952 -0.015549308 0.030642386 -0.044354906 0.998424712
1706585942.672867775 2.613353927 -0.331329336 0.025555889 -0.020323241 0.031902209 -0.036979032 0.998599903
1706585942.772706270 2.668495310 -0.328916251 0.018677203 -0.017631909 0.028807748 -0.029537302 0.998992881
1706585942.872541904 2.727642243 -0.333884350 0.016720430 -0.014434207 0.029698367 -0.023644591 0.999174957
1706585942.972379446 2.775689943 -0.335749159 0.009739578 -0.013522876 0.027309865 -0.017475709 0.999382761
1706585943.072217226 2.834078301 -0.339064732 0.008555185 -0.010405733 0.026620227 -0.011249570 0.999528154
1706585943.172292709 2.903042926 -0.345691171 -0.001020130 -0.003965551 0.027463807 -0.003570519 0.999608556
1706585943.270990849 2.974028350 -0.347015086 0.000968512 -0.004668500 0.028067798 0.001959540 0.999593199
1706585943.369720936 3.054683726 -0.346637639 -0.010038732 -0.006472147 0.027874856 0.009993804 0.999540508
1706585943.472364187 3.147582194 -0.341704196 -0.014119064 -0.004467818 0.027827081 0.018065654 0.999439505
1706585943.572612047 3.241368463 -0.336699304 -0.016308090 -0.004534310 0.027115847 0.024205542 0.999328906
1706585943.671382189 3.325219296 -0.324531772 -0.019785332 -0.004434845 0.026116779 0.032243148 0.999128933
1706585943.770022154 3.420864056 -0.310350767 -0.024777759 -0.008436521 0.029814829 0.037769253 0.998805979
1706585943.868714333 3.512080191 -0.295265171 -0.031636396 -0.007577091 0.029231279 0.044235835 0.998564625
1706585943.972367525 3.605316488 -0.282419708 -0.037439036 -0.010394321 0.032287751 0.046298629 0.998351589
1706585944.072197199 3.686235357 -0.264487733 -0.037892274 -0.018664526 0.034250929 0.048247185 0.998073504
1706585944.172836542 3.767581606 -0.261096551 -0.042644459 -0.018090398 0.032499495 0.048093444 0.998150059
1706585944.272693396 3.850770563 -0.264307474 -0.055130221 -0.014138294 0.034368189 0.047895260 0.998160799
1706585944.372519493 3.932354484 -0.250662137 -0.061932617 -0.016002756 0.033154693 0.046711520 0.998229789
1706585944.472334862 4.022041908 -0.238364803 -0.065416705 -0.015498888 0.033334830 0.046438791 0.998244465
1706585944.571314573 4.110446713 -0.232993888 -0.071653582 -0.015455449 0.031732379 0.045942686 0.998320317
1706585944.670005322 4.189333874 -0.228338632 -0.077207964 -0.013127067 0.028851020 0.043617829 0.998545334
1706585944.772264242 4.279630757 -0.230856584 -0.081104282 -0.008182969 0.032857273 0.045294822 0.998399628
1706585944.872325659 4.363908134 -0.233838613 -0.087153440 -0.003856828 0.031426921 0.043389785 0.998556358
1706585944.971007824 4.449561962 -0.230090349 -0.094787181 -0.003228810 0.032333664 0.041710239 0.998601204
1706585945.069739342 4.511168112 -0.223611609 -0.098649759 -0.005360977 0.026586068 0.040100394 0.998827512
1706585945.168423414 4.585901519 -0.217248002 -0.106128983 -0.006548537 0.031561840 0.039053462 0.998717074
1706585945.272238493 4.654017364 -0.209055678 -0.103712108 -0.008829673 0.028191587 0.038489929 0.998822205
1706585945.372878790 4.713898427 -0.210638893 -0.102128777 -0.006626568 0.028827491 0.037592468 0.998855280
1706585945.472719669 4.770756109 -0.208790261 -0.101066592 -0.006203292 0.022140993 0.036991694 0.999051005
1706585945.572566748 4.841976753 -0.203039533 -0.102500483 -0.011307901 0.022315230 0.035969328 0.999039724
1706585945.672394276 4.915783103 -0.202881028 -0.105578821 -0.008236391 0.019620852 0.034754751 0.999169301
1706585945.772230148 4.989405890 -0.203843110 -0.112986565 -0.003693977 0.018428503 0.033541216 0.999260592
1706585945.870990753 5.066695701 -0.198849750 -0.119654427 -0.005070546 0.018603827 0.031861591 0.999306272
1706585945.972694635 5.152536312 -0.192561566 -0.122760130 -0.008202603 0.019533787 0.030030190 0.999324440
1706585946.072533369 5.230316874 -0.194092567 -0.126198048 -0.007661916 0.018992190 0.029607080 0.999351796
1706585946.172124386 5.308155909 -0.193551743 -0.124497089 -0.005415824 0.018179510 0.027753671 0.999434794
1706585946.270801783 5.379923133 -0.192671443 -0.124030641 -0.007062599 0.019183547 0.027639275 0.999408916
1706585946.369581461 5.454495384 -0.193458628 -0.126383396 -0.004460422 0.014671111 0.027380349 0.999507469
1706585946.472693443 5.527273839 -0.199464146 -0.129666975 -0.001617372 0.015314123 0.025405317 0.999558618
1706585946.572520494 5.590805800 -0.199751658 -0.128712348 -0.007638517 0.011190159 0.024316526 0.999612495
1706585946.672374010 5.668221986 -0.199792462 -0.132124422 -0.006866589 0.012372782 0.025158568 0.999583319
1706585946.772210121 5.741452536 -0.206417394 -0.134206533 -0.002895825 0.010486861 0.026515991 0.999589187
1706585946.872859240 5.828218436 -0.190834738 -0.138921576 -0.003449056 0.014714048 0.030972133 0.999405987
1706585946.972701073 5.900918703 -0.174954638 -0.140655051 -0.005534913 0.012232500 0.036195297 0.999254538
1706585947.072110653 5.978462691 -0.171496402 -0.144344278 -0.000741784 0.014014045 0.038248877 0.999169695
1706585947.170697689 6.046239943 -0.170823901 -0.146871653 0.004149378 0.015070936 0.040156535 0.999071120
1706585947.272236586 6.107567661 -0.163884211 -0.148553490 0.001849138 0.015888534 0.042168390 0.998982463
1706585947.372894764 6.180157399 -0.155987231 -0.153487604 0.002840591 0.018873222 0.043382939 0.998876195
1706585947.471867800 6.247883747 -0.157489137 -0.151715630 0.003611069 0.016072304 0.043524539 0.998916541
1706585947.570585251 6.323151528 -0.161054833 -0.154615060 0.009323491 0.016690140 0.041646010 0.998949509
1706585947.669384480 6.410866150 -0.151340499 -0.156103948 0.004752095 0.014638007 0.037702836 0.999170477
1706585947.772239685 6.494058610 -0.140704706 -0.160481117 -0.000498845 0.018904710 0.035454160 0.999192357
1706585947.872881174 6.592166091 -0.143373132 -0.163743375 0.003536564 0.018671735 0.032655434 0.999285986
1706585947.972733259 6.677864483 -0.137765557 -0.168669397 0.002896695 0.019528711 0.028220805 0.999406736
1706585948.072559118 6.770399683 -0.131562593 -0.168312268 -0.001111168 0.019464765 0.026462161 0.999459675
1706585948.172403336 6.868494718 -0.128038591 -0.177452004 0.002349524 0.022151511 0.022335407 0.999502336
1706585948.272243261 6.965833562 -0.128599476 -0.179560949 -0.000929770 0.022615958 0.017701175 0.999587076
1706585948.371585846 7.051471775 -0.129962131 -0.179782669 -0.004071489 0.019913672 0.013974627 0.999695743
1706585948.469967842 7.136342282 -0.138657686 -0.183506522 -0.002969774 0.020526088 0.009897574 0.999735914
1706585948.572543144 7.205446634 -0.132716929 -0.182157295 -0.003752869 0.014718072 0.007978757 0.999852806
1706585948.672377348 7.286282973 -0.129145669 -0.182872110 -0.007323606 0.015255195 0.006772411 0.999833875
1706585948.771659374 7.360506943 -0.130152795 -0.182197566 -0.008203805 0.015051438 0.002171776 0.999850706
1706585948.870444059 7.428970939 -0.125530445 -0.180024035 -0.014255092 0.012091627 0.001517175 0.999824126
1706585948.969228268 7.492201281 -0.123960449 -0.177175203 -0.016677683 0.011683973 0.002833585 0.999788633
1706585949.072544575 7.575921819 -0.122129420 -0.176401206 -0.019254926 0.008587918 0.005030512 0.999765067
1706585949.172395468 7.655759836 -0.121620757 -0.181503361 -0.017715922 0.011612520 0.005237543 0.999761903
1706585949.272234917 7.731922221 -0.109912890 -0.181614409 -0.025205258 0.013686072 0.004332157 0.999579221
1706585949.372879267 7.804446322 -0.103148354 -0.182470729 -0.030694020 0.013352871 0.004735088 0.999428415
1706585949.472715378 7.878006081 -0.103659255 -0.183135221 -0.027055411 0.009759507 0.006430748 0.999565607
1706585949.572555304 7.945094486 -0.098144655 -0.181680299 -0.032017197 0.009694439 0.006458965 0.999419431
1706585949.671243191 8.015963431 -0.090083586 -0.176372880 -0.038533798 0.008693683 0.007440715 0.999191774
1706585949.769727230 8.082874812 -0.080578434 -0.171291827 -0.044191496 0.009877127 0.009423306 0.998929805
1706585949.872842550 8.145854662 -0.077264472 -0.171452235 -0.046713702 0.004897013 0.009364307 0.998852421
1706585949.972703457 8.214612781 -0.072024135 -0.177270727 -0.045253791 0.004203503 0.011234020 0.998903510
1706585950.071546793 8.290459499 -0.060627446 -0.174692859 -0.049702162 0.000590821 0.012111533 0.998690471
1706585950.170310974 8.370519374 -0.053860509 -0.174934110 -0.048856658 0.001869164 0.014802221 0.998694361
1706585950.269097328 8.447379463 -0.051815210 -0.177335443 -0.051210884 0.008000370 0.011202583 0.998592981
1706585950.372881889 8.537622439 -0.049241034 -0.180063812 -0.056462927 0.016059571 0.007245398 0.998249234
1706585950.472723961 8.621546620 -0.049930853 -0.183087445 -0.060561404 0.018758475 0.001003015 0.997987690
1706585950.572562695 8.711639212 -0.049474839 -0.182373011 -0.065990317 0.025365983 -0.007157136 0.997472115
1706585950.672415733 8.796236244 -0.041643144 -0.180912897 -0.073730964 0.023307107 -0.014788789 0.996896091
1706585950.772257805 8.871308348 -0.049176226 -0.181665179 -0.070413437 0.028544481 -0.019653833 0.996915687
1706585950.871765614 8.947612232 -0.053966046 -0.178845262 -0.071408053 0.025328709 -0.028603696 0.996715193
1706585950.970286846 9.033289497 -0.066339738 -0.183698347 -0.067991077 0.024876309 -0.032578547 0.996843529
1706585951.068867207 9.107098268 -0.090662623 -0.184424601 -0.059690052 0.018457656 -0.039468473 0.997265588
1706585951.172395229 9.176064401 -0.120257721 -0.196065877 -0.042714404 0.006610483 -0.037688317 0.998354332
1706585951.272239208 9.232739062 -0.140348101 -0.203686680 -0.032438453 0.002845423 -0.036342003 0.998808745
1706585951.371406555 9.301866308 -0.132749505 -0.202648302 -0.039584247 0.003347215 -0.035932236 0.998564348
1706585951.470284224 9.374330885 -0.136177602 -0.204970398 -0.039885726 0.002608431 -0.032787554 0.998662757
1706585951.572543383 9.462449051 -0.141983877 -0.204516176 -0.046733870 0.002491852 -0.028998651 0.998483257
1706585951.672378540 9.538720819 -0.150191033 -0.206850824 -0.045737785 0.006390766 -0.026050256 0.998593309
1706585951.772221327 9.606371601 -0.154463917 -0.204923555 -0.047192726 0.007880972 -0.024784967 0.998547166
1706585951.872842312 9.686044141 -0.137852242 -0.191125338 -0.056367558 -0.001867392 -0.019746776 0.998213041
1706585951.972681284 9.744373554 -0.118843407 -0.183833820 -0.064581488 -0.005672653 -0.012580498 0.997817009
1706585952.072528362 9.823826747 -0.103026457 -0.182901673 -0.074297520 -0.001943615 -0.009410719 0.997189821
1706585952.171619177 9.901622398 -0.098558439 -0.182860897 -0.073016103 0.000826556 -0.003732825 0.997323434
1706585952.270212173 9.973494721 -0.083474299 -0.181529672 -0.080722072 0.004416166 0.001075929 0.996726285
1706585952.368814707 10.042617539 -0.070777559 -0.177805806 -0.089384824 0.003916107 0.007206406 0.995963395
1706585952.472278118 10.117296865 -0.075930909 -0.178642000 -0.084210196 0.005761409 0.009809036 0.996383075
1706585952.572374344 10.194312543 -0.089964570 -0.182832258 -0.076148041 0.003848642 0.013724266 0.996994638
1706585952.671140671 10.259733994 -0.082278270 -0.184919442 -0.079298638 0.011753593 0.011016961 0.996720726
1706585952.769941330 10.323361077 -0.059123850 -0.186516606 -0.091195091 0.014216814 0.010905168 0.995671841
1706585952.872429371 10.406619104 -0.053784010 -0.177046121 -0.100130968 0.017698429 0.007897131 0.994785500
1706585952.972280025 10.476071468 -0.053448945 -0.181867863 -0.095458373 0.016190887 0.007504309 0.995273450
1706585953.072930336 10.550549879 -0.067625589 -0.184641295 -0.086896472 0.013503925 0.010884300 0.996066353
1706585953.172765970 10.600469959 -0.075713787 -0.190041079 -0.080579321 0.013201125 0.008386317 0.996625493
1706585953.272592783 10.663615953 -0.070277916 -0.191507393 -0.087771361 0.010589882 0.006270429 0.996064619
1706585953.372424841 10.732404815 -0.063373367 -0.195497691 -0.090014850 0.012060714 0.004721775 0.995856200
1706585953.471128702 10.798002841 -0.073311869 -0.198427666 -0.087624707 0.011193638 -0.000054632 0.996090664
1706585953.569772482 10.862150772 -0.084763964 -0.206812965 -0.081867371 0.008844944 -0.003045470 0.996599331
1706585953.668361187 10.944884977 -0.080300117 -0.206725609 -0.086250637 0.011282966 -0.005723844 0.996193134
1706585953.772555590 11.027571303 -0.083363698 -0.210995025 -0.083881055 0.015811169 -0.012529047 0.996271549
1706585953.872178078 11.110824069 -0.094421694 -0.216026015 -0.081513542 0.016412515 -0.016520890 0.996400137
1706585953.971089840 11.193922319 -0.104084674 -0.213188116 -0.078983964 0.017089754 -0.018382446 0.996559862
1706585954.072869062 11.263255092 -0.104262435 -0.209318340 -0.084094685 0.018537177 -0.023169054 0.996015889
1706585954.172718763 11.337761426 -0.103615882 -0.207776540 -0.084225096 0.019606269 -0.025832569 0.995918875
1706585954.271792173 11.401686570 -0.112046976 -0.214920871 -0.078850394 0.018536861 -0.021146935 0.996489743
1706585954.370226622 11.462730449 -0.117289376 -0.210667580 -0.077677148 0.018835211 -0.018517396 0.996628618
1706585954.472231150 11.538677217 -0.111422536 -0.209427678 -0.083009116 0.013797256 -0.014061444 0.996354053
1706585954.572863102 11.596947972 -0.109804322 -0.214915026 -0.083033002 0.012684370 -0.009237336 0.996423253
1706585954.672102213 11.654044556 -0.115023432 -0.220691868 -0.079070471 0.010460910 -0.004599188 0.996803530
1706585954.770803452 11.700254739 -0.116016876 -0.225308499 -0.080436723 0.012638295 -0.002270653 0.996677004
1706585954.869514465 11.734341698 -0.107486721 -0.225320226 -0.085755669 0.013232672 0.000228343 0.996228292
1706585954.972594261 11.766981531 -0.103880958 -0.223164599 -0.083567475 0.013786839 0.003590890 0.996400274
1706585955.072425365 11.803578429 -0.107409826 -0.229054986 -0.077890446 0.012446375 0.009103385 0.996842663
1706585955.172157288 11.851399513 -0.107303744 -0.231025904 -0.077282370 0.015042567 0.013799125 0.996800251
1706585955.271098137 11.901314749 -0.094860730 -0.229635760 -0.080036063 0.015173218 0.020111477 0.996473547
1706585955.372736931 11.957949219 -0.092642012 -0.229919819 -0.080224472 0.014064221 0.025779150 0.996344151
1706585955.472577810 12.018041633 -0.096713354 -0.233604439 -0.075459652 0.018725964 0.030979672 0.996491565
1706585955.572410583 12.096990285 -0.090100327 -0.244044514 -0.077395942 0.028208221 0.029347896 0.996169095
1706585955.672252417 12.173256576 -0.086670152 -0.251348942 -0.077467990 0.027209287 0.030698534 0.996150574
1706585955.772897720 12.264828067 -0.083116109 -0.260245357 -0.074207702 0.035170489 0.033453983 0.996060784
1706585955.872739792 12.350277277 -0.092828387 -0.276430038 -0.062690020 0.041286861 0.034272542 0.996589559
1706585955.971897602 12.434742197 -0.100800167 -0.276521525 -0.057212489 0.043943448 0.035858137 0.996749667
1706585956.070392132 12.519378834 -0.093903617 -0.286401832 -0.054947396 0.045049543 0.038189930 0.996741116
1706585956.168859959 12.599873320 -0.083263357 -0.286654170 -0.057520822 0.053076991 0.041387247 0.996072931
1706585956.272896767 12.660865304 -0.081222449 -0.295561230 -0.050661606 0.042157140 0.051811502 0.996479676
1706585956.372743368 12.719746537 -0.095331515 -0.304205829 -0.032565527 0.035212806 0.064639084 0.996755403
1706585956.472155333 12.768575967 -0.099973372 -0.314356563 -0.025465401 0.035903470 0.069402573 0.996617147
1706585956.571427107 12.803469031 -0.104246026 -0.320028274 -0.015083681 0.031442856 0.074900663 0.996581015
1706585956.672259092 12.851018441 -0.107916102 -0.329138574 -0.008246570 0.037318776 0.075697165 0.996398134
1706585956.772909641 12.906026093 -0.102545826 -0.326638020 -0.009607051 0.040395142 0.077045170 0.996162627
1706585956.872152805 12.948886072 -0.091587074 -0.329200585 -0.011092440 0.039985252 0.077971678 0.996091640
1706585956.972591162 12.995497177 -0.085838156 -0.331447768 -0.009420673 0.036348284 0.081363236 0.995976946
1706585957.072428942 13.029832484 -0.087121003 -0.335089915 -0.001570737 0.025627205 0.086555906 0.995916088
1706585957.172259331 13.081382739 -0.079234019 -0.336225962 0.000800384 0.025442196 0.089403390 0.995670170
1706585957.271432638 13.137225957 -0.063396027 -0.341592798 -0.001503153 0.024753923 0.093844121 0.995277984
1706585957.369974136 13.220522913 -0.064047032 -0.349741431 0.007867734 0.027448875 0.094508294 0.995114486
1706585957.472586155 13.306343477 -0.063637545 -0.365669492 0.016126677 0.029534705 0.091011583 0.995281128
1706585957.572414875 13.392245589 -0.048190030 -0.366171930 0.016238622 0.014551979 0.091569805 0.995559902
1706585957.672248363 13.484244787 -0.035802643 -0.373396784 0.022844442 0.017698490 0.093094857 0.995237782
1706585957.772863865 13.582891893 -0.026216022 -0.376370256 0.021665377 0.023773617 0.087699419 0.995627560
1706585957.872712374 13.682808485 -0.003255121 -0.378401193 0.014916471 0.024493688 0.081713938 0.996243138
1706585957.972553730 13.777605896 0.005196477 -0.382618534 0.016744343 0.018967673 0.077105648 0.996701848
1706585958.072397232 13.865440053 -0.010234281 -0.402082202 0.034334841 0.015724039 0.069609754 0.996859246
1706585958.171264648 13.959386568 -0.015931523 -0.409247917 0.039110389 0.024104548 0.067831950 0.996638437
1706585958.272881985 14.035132226 -0.007627024 -0.409822718 0.035074475 0.013708405 0.063089883 0.997297111
1706585958.372722626 14.110300702 0.012315114 -0.400288559 0.024769486 0.012693573 0.059440621 0.997843754
1706585958.472573757 14.172632665 0.033625458 -0.395224966 0.013147512 0.007218021 0.056039958 0.998315865
1706585958.571234703 14.229356946 0.041055851 -0.391705134 0.013460854 0.003571642 0.052055053 0.998547105
1706585958.669797897 14.301355047 0.045311605 -0.392614128 0.016246954 0.007062420 0.050499240 0.998566966
1706585958.772877455 14.384389146 0.047441147 -0.401185937 0.014465094 0.014620102 0.044086260 0.998816007
1706585958.872709513 14.478229556 0.050621811 -0.409921142 0.011770919 0.027140111 0.033061452 0.999015415
1706585958.972548246 14.582979968 0.055395501 -0.410372627 0.005749205 0.031844177 0.024596758 0.999173606
1706585959.072387934 14.676303848 0.056112446 -0.417742886 0.000194566 0.045039974 0.011392866 0.998920200
1706585959.172235489 14.761552694 0.052350648 -0.421635400 -0.003336189 0.050065990 0.004712082 0.998729224
1706585959.272878885 14.833655256 0.041009465 -0.427613377 0.000360330 0.053440026 -0.004248200 0.998561959
1706585959.371689081 14.902679837 0.034562841 -0.426517631 0.000101182 0.056499705 -0.011016907 0.998341826
1706585959.470214605 14.946532552 0.023244894 -0.430444724 0.001859652 0.051120108 -0.014657113 0.998583219
1706585959.568787336 14.980843076 0.002282985 -0.443746856 0.012206753 0.043561529 -0.016720212 0.998836234
1706585959.672258377 15.010920289 -0.024798528 -0.459568433 0.030593304 0.038538296 -0.018739742 0.998612874
1706585959.771940708 15.050990956 -0.037562375 -0.469653384 0.038442327 0.037187853 -0.020592281 0.998356254
1706585959.870612383 15.072271110 -0.036188733 -0.470067058 0.036782243 0.034611403 -0.023529475 0.998446534
1706585959.969240665 15.108981691 -0.034456876 -0.469097975 0.035843978 0.034931724 -0.025149853 0.998430002
1706585960.072400093 15.116438059 -0.043525123 -0.467998396 0.038721046 0.034409263 -0.026054082 0.998317519
1706585960.172239542 15.131471570 -0.050104036 -0.471265979 0.039616237 0.033937398 -0.026444543 0.998288281
1706585960.272881031 15.130292208 -0.047733320 -0.464319410 0.037644788 0.033525627 -0.026467093 0.998377882
1706585960.372710705 15.129317200 -0.054279884 -0.472573860 0.038180752 0.033124094 -0.026149122 0.998379311
1706585960.472553730 15.138505726 -0.050725103 -0.465633354 0.038404372 0.033553917 -0.026305930 0.998352261
1706585960.572400570 15.134717176 -0.051470798 -0.469067647 0.037735950 0.032992166 -0.026259477 0.998397694
1706585960.671076298 15.138455373 -0.049153591 -0.468400276 0.036709663 0.032348522 -0.026370658 0.998454086
1706585960.769685507 15.142757095 -0.047822713 -0.468358887 0.037778317 0.031762434 -0.027158131 0.998411930
1706585960.868341208 15.163816986 -0.051298931 -0.471739805 0.038597042 0.029681622 -0.027898021 0.998424244
1706585960.972548008 15.194034541 -0.057108936 -0.476518705 0.038138200 0.028445072 -0.029908450 0.998419671
1706585961.071666956 15.227256776 -0.061848939 -0.480929426 0.042517013 0.027832432 -0.032947229 0.998164385
1706585961.170307875 15.284104002 -0.071351213 -0.486715046 0.045983292 0.026292737 -0.036511663 0.997928418
1706585961.269005060 15.358117292 -0.083346438 -0.492043213 0.048386751 0.025204703 -0.038744139 0.997758657
1706585961.372717142 15.459427036 -0.091943777 -0.494459614 0.046592835 0.027597426 -0.038455966 0.997791876
1706585961.472563982 15.556388344 -0.092211633 -0.497562883 0.045182043 0.027375552 -0.033670015 0.998035817
1706585961.572400570 15.672324077 -0.095637878 -0.503512574 0.042138715 0.032572102 -0.028503011 0.998173815
1706585961.672242641 15.774538642 -0.101083294 -0.505775911 0.042330233 0.028270406 -0.024093189 0.998412968
1706585961.772872448 15.875342499 -0.114888728 -0.513305835 0.040969168 0.031851334 -0.023569618 0.998374425
1706585961.871984482 15.975512856 -0.125530935 -0.519026622 0.039912910 0.030325700 -0.028867836 0.998325578
1706585961.970577240 16.069323434 -0.137153200 -0.527213249 0.041431573 0.030589434 -0.033932244 0.998096345
1706585962.069165468 16.159407066 -0.150740327 -0.535867177 0.043696103 0.028072723 -0.039107543 0.997884348
1706585962.167760372 16.222221789 -0.162615250 -0.543632544 0.041505586 0.028014508 -0.044559308 0.997750942
1706585962.272658110 16.308673657 -0.173324679 -0.543163040 0.043354015 0.029938209 -0.049282489 0.997394290
1706585962.371320724 16.363775154 -0.184249718 -0.548290867 0.044725939 0.028552838 -0.055498070 0.997047787
1706585962.470020294 16.443128055 -0.199390002 -0.551590641 0.041927596 0.025124347 -0.061241817 0.996925415
1706585962.568710804 16.524027739 -0.217718503 -0.557001716 0.042815280 0.027624092 -0.065844255 0.996528121
1706585962.667459011 16.598115683 -0.232571657 -0.560944188 0.043973254 0.023729970 -0.072050035 0.996148600
1706585962.772876501 16.687464511 -0.249954301 -0.568296566 0.041878630 0.025678879 -0.079852009 0.995595516
1706585962.872721910 16.771582453 -0.270856784 -0.573604535 0.040872814 0.024679748 -0.084738711 0.995258597
1706585962.972565651 16.855924946 -0.298097867 -0.584016572 0.041967640 0.021424812 -0.091018960 0.994733755
1706585963.072350740 16.928356552 -0.323501595 -0.590768496 0.044130331 0.023329369 -0.094802918 0.994243763
1706585963.170886993 17.002618216 -0.348580097 -0.596180588 0.043250722 0.020475677 -0.101092526 0.993725527
1706585963.269447803 17.080390257 -0.373776884 -0.605523454 0.045941396 0.024292408 -0.105479731 0.993062583
1706585963.367919445 17.162125539 -0.387236816 -0.596003390 0.042294532 0.021959200 -0.111514598 0.992619494
1706585963.466262341 17.217482955 -0.400474540 -0.595878822 0.039018539 0.024370594 -0.114974807 0.992302586
1706585963.559359789 17.272938151 -0.411936614 -0.597059378 0.037532388 0.023453774 -0.119279537 0.991873799
1706585963.658025980 17.319763847 -0.423027915 -0.599526987 0.040348701 0.024671365 -0.119807729 0.991670013
1706585963.756692171 17.367689876 -0.430354354 -0.602960765 0.038357333 0.023868847 -0.116285277 0.992187849
1706585963.868442059 17.399930879 -0.439999019 -0.603591312 0.035178791 0.021759731 -0.109910248 0.993080412
1706585963.972191811 17.403928423 -0.442715396 -0.608955317 0.037329716 0.023501399 -0.107388735 0.993238056
1706585964.072391510 17.417575248 -0.448264212 -0.614370211 0.036526122 0.022184930 -0.105486591 0.993502013
1706585964.172235966 17.417292587 -0.454053437 -0.614254544 0.037110665 0.021803729 -0.105845320 0.993450635
1706585964.272879601 17.416063936 -0.452436461 -0.608521846 0.037028105 0.021786849 -0.107181146 0.993310855
1706585964.371760130 17.415317035 -0.457343115 -0.609197003 0.035708181 0.020562012 -0.106740401 0.993432744
1706585964.470357418 17.433683836 -0.458251629 -0.611169782 0.037143410 0.021515674 -0.105471762 0.993495420
1706585964.568928719 17.452309994 -0.457116163 -0.607780258 0.035867787 0.019848381 -0.101948990 0.993944640
1706585964.667479277 17.478207863 -0.454766376 -0.606596780 0.038338528 0.019091160 -0.094779945 0.994576516
1706585964.772647142 17.521202289 -0.447214767 -0.610233537 0.036852647 0.019528396 -0.083481941 0.995636123
1706585964.872084856 17.575061035 -0.437792136 -0.605181192 0.038404840 0.019785073 -0.068983242 0.996681961
1706585964.970824242 17.621729777 -0.437037876 -0.608544037 0.039636740 0.017894315 -0.052383021 0.997679679
1706585965.069565773 17.682670173 -0.435226881 -0.619556885 0.041838432 0.018564355 -0.036219146 0.998295089
1706585965.168287754 17.753315433 -0.429298634 -0.624565621 0.040327259 0.018491820 -0.019867057 0.998817834
1706585965.272868395 17.827939057 -0.423017797 -0.623385755 0.042327083 0.019223118 -0.003333828 0.998913297
1706585965.372705698 17.883590060 -0.420399738 -0.622154054 0.040952760 0.017461334 0.012256439 0.998933308
1706585965.472549677 17.939933781 -0.418896557 -0.618948106 0.039958575 0.019832614 0.024305101 0.998708787
1706585965.572388649 17.998444884 -0.413279898 -0.616214139 0.037059263 0.018896396 0.036223418 0.998477542
1706585965.672217369 18.055685206 -0.403326638 -0.618918808 0.036932731 0.020126446 0.047345865 0.997992620
1706585965.771282196 18.113680776 -0.397313124 -0.623162021 0.039378490 0.019751134 0.057852555 0.997352650
1706585965.870015621 18.162435130 -0.382033004 -0.621416211 0.037561881 0.019126207 0.066421491 0.996900937
1706585965.968789339 18.214520211 -0.366515099 -0.624573266 0.035742927 0.018555533 0.074816557 0.996383771
1706585966.072370529 18.272603864 -0.349647152 -0.627196894 0.034360979 0.017730325 0.082722018 0.995822287
1706585966.171842813 18.325327880 -0.333003761 -0.625885835 0.036414917 0.017574511 0.089377356 0.995176757
1706585966.270574093 18.391844399 -0.322447282 -0.627535312 0.035901924 0.018312371 0.095608462 0.994602801
1706585966.369325399 18.450958343 -0.305578122 -0.632060292 0.034494037 0.017177003 0.102908409 0.993944149
1706585966.472534657 18.537813577 -0.274813621 -0.627798327 0.034973518 0.019289609 0.110791548 0.993040783
1706585966.572372437 18.639615457 -0.250559881 -0.631509338 0.038513822 0.019749473 0.121599345 0.991635136
1706585966.672208309 18.750196799 -0.217229417 -0.639165404 0.038642956 0.020622841 0.133152092 0.990127235
1706585966.772853851 18.848750110 -0.182651402 -0.643415160 0.035785734 0.019212518 0.144473140 0.988674756
1706585966.872694492 18.965642736 -0.143158462 -0.646180990 0.039305813 0.018139595 0.156139069 0.986785995
1706585966.972549677 19.074329904 -0.115513030 -0.657746672 0.043400390 0.018617915 0.164841013 0.985188926
1706585967.072152853 19.183765279 -0.077569267 -0.661186776 0.042022049 0.019210589 0.172845889 0.983864523
1706585967.170968294 19.285043143 -0.041027708 -0.662370605 0.041930016 0.018702288 0.180600723 0.982484339
1706585967.272878885 19.387557609 -0.002971679 -0.670144668 0.041905308 0.016522027 0.188082499 0.981119739
1706585967.372725248 19.492351052 0.039585837 -0.671196019 0.042201721 0.020486315 0.194356239 0.979808644
1706585967.471580744 19.573772548 0.077691040 -0.673207233 0.043106137 0.018967301 0.201529985 0.978349512
1706585967.570349932 19.656020249 0.113902579 -0.675637366 0.042683907 0.016182585 0.206548866 0.977370848
1706585967.669116735 19.739456063 0.147828730 -0.672424553 0.043493811 0.019871320 0.212165887 0.976063039
1706585967.772898197 19.822693401 0.191863093 -0.675087860 0.043414003 0.019483658 0.215612586 0.975318832
1706585967.872744322 19.889465726 0.232013937 -0.675717028 0.042436619 0.019639546 0.217054571 0.975038838
1706585967.972577572 19.973888605 0.271901153 -0.674798900 0.041878176 0.022366651 0.217063649 0.975002217
1706585968.072414637 20.053602621 0.298760433 -0.677038895 0.041233494 0.018520008 0.213794060 0.975832418
1706585968.172257900 20.140458882 0.342915760 -0.670008277 0.036920420 0.024228387 0.207995575 0.977132390
1706585968.272897482 20.252497155 0.376861089 -0.677263962 0.038152018 0.021046950 0.202853444 0.978239199
1706585968.372745275 20.350935441 0.413104345 -0.677063124 0.037426063 0.022438656 0.196501267 0.979532056
1706585968.472571135 20.448052052 0.443138332 -0.685410884 0.036652412 0.022300451 0.190324485 0.980783300
1706585968.572406530 20.553577847 0.474796203 -0.690832737 0.037838067 0.024757652 0.185246006 0.981651291
1706585968.672236204 20.644948104 0.502351261 -0.691862740 0.037973311 0.023351981 0.177368361 0.983134364
1706585968.771326780 20.739100990 0.533926852 -0.689671825 0.035294715 0.024373860 0.171207209 0.984300914
1706585968.870183945 20.822537739 0.556272430 -0.694834004 0.034424967 0.018186837 0.164048554 0.985683637
1706585968.972587109 20.919866303 0.580204917 -0.704314229 0.035427152 0.021084077 0.156325473 0.986844833
1706585969.072420597 21.006421983 0.598138863 -0.707386871 0.036717336 0.017813262 0.146242549 0.988406618
1706585969.172262907 21.100999553 0.623713741 -0.701283949 0.033276285 0.017706186 0.136383021 0.989938812
1706585969.272903681 21.211732424 0.644413161 -0.707927053 0.031420597 0.017614917 0.127437721 0.991192256
1706585969.372736931 21.313523944 0.660654011 -0.723995135 0.036733613 0.021522508 0.119365080 0.991937196
1706585969.472582340 21.436985310 0.686354667 -0.724260172 0.037883031 0.019469369 0.109177679 0.993109286
1706585969.572420359 21.558721735 0.707804563 -0.718282840 0.030270643 0.023184420 0.096511754 0.994601253
1706585969.671685219 21.665812370 0.722379558 -0.719113754 0.029925620 0.020819535 0.083082619 0.995875636
1706585969.772886992 21.783547371 0.725750999 -0.719403482 0.031479554 0.021011411 0.073436088 0.996581507
1706585969.872716188 21.896515078 0.736984612 -0.720998705 0.029138829 0.022626717 0.065664835 0.997159511
1706585969.972486973 21.999419850 0.743119765 -0.721767969 0.030044064 0.017157992 0.056545722 0.997800350
1706585970.071248531 22.111411499 0.753013769 -0.722995206 0.027563844 0.019009564 0.049412532 0.998217047
1706585970.170161486 22.222351053 0.755691234 -0.725495872 0.029842601 0.013375185 0.045782281 0.998415999
1706585970.272842884 22.329850342 0.752510838 -0.739794616 0.038219371 0.011497849 0.041719226 0.998331901
1706585970.372678280 22.436211823 0.750120881 -0.739080828 0.036731635 0.009238194 0.037289490 0.998586469
1706585970.472534657 22.545603017 0.746359850 -0.739357090 0.037893127 0.006952440 0.033008733 0.998712270
1706585970.572388887 22.656944877 0.755180293 -0.742212279 0.036492033 0.013112801 0.029707849 0.998806202
1706585970.672234297 22.789393009 0.761181657 -0.748409057 0.037974902 0.013425370 0.030447140 0.998724506
1706585970.772886992 22.909891285 0.765086685 -0.747537656 0.033819252 0.007531594 0.036127799 0.998746372
1706585970.872436762 23.027907969 0.776989184 -0.745140772 0.035786872 0.011132558 0.044204266 0.998319262
1706585970.971290112 23.140015691 0.790140942 -0.749057882 0.037850762 0.011539212 0.050360076 0.997946907
1706585971.072418690 23.256082973 0.801457481 -0.758274739 0.043286332 0.010585829 0.055674188 0.997454068
1706585971.172261715 23.370470995 0.821107792 -0.754761486 0.036292642 0.013795233 0.054183918 0.997775846
1706585971.272280216 23.491685960 0.851642394 -0.751188185 0.022872916 0.021758708 0.056908571 0.997880155
1706585971.371101141 23.614347600 0.864264627 -0.759609675 0.023918440 0.024431579 0.058664510 0.997692077
1706585971.469969749 23.735447380 0.867699481 -0.772744764 0.028824939 0.029590638 0.057965628 0.997463535
1706585971.572411776 23.872108551 0.874898954 -0.781187434 0.030112573 0.030971131 0.056315896 0.997478091
1706585971.672254801 23.992932032 0.887329769 -0.783783503 0.026855325 0.035468952 0.053807522 0.997559770
1706585971.772886276 24.133135856 0.894707252 -0.796055949 0.028039669 0.037445190 0.051037757 0.997600512
1706585971.872737169 24.260925605 0.897061271 -0.809145998 0.026172952 0.036168948 0.045600442 0.997961614
1706585971.972582579 24.383630492 0.894477736 -0.819702952 0.030790492 0.039461297 0.037174222 0.998054522
1706585972.072429180 24.512527008 0.894115582 -0.834805513 0.029827824 0.043429364 0.029676091 0.998170086
1706585972.172022820 24.647291993 0.884243392 -0.844260313 0.030537688 0.039551036 0.021617932 0.998516815
1706585972.269869089 24.771001919 0.887234965 -0.843211355 0.027427748 0.043539487 0.013243547 0.998587322
1706585972.372749567 24.889774900 0.884350164 -0.852238712 0.025772454 0.037669601 0.005928632 0.998940255
1706585972.472600222 25.014582901 0.876578847 -0.866874305 0.028188602 0.035465506 0.003063551 0.998968576
1706585972.572129011 25.121602198 0.875369708 -0.879829819 0.031079253 0.034217259 0.002216486 0.998928599
1706585972.671040773 25.235076516 0.873707464 -0.883470021 0.028200325 0.035385198 0.001358198 0.998974867
1706585972.772890329 25.355621019 0.876846815 -0.883617702 0.028053947 0.033983882 0.002545207 0.999025322
1706585972.872730494 25.475571716 0.878158674 -0.888433475 0.027306298 0.032379966 0.003021144 0.999097981
1706585972.972572565 25.591772649 0.885552467 -0.888202341 0.024297619 0.029519940 0.004836920 0.999257126
1706585973.072415829 25.694026473 0.889801757 -0.894474820 0.022700680 0.028165306 0.006264638 0.999325847
1706585973.172260046 25.800443494 0.895856024 -0.906090110 0.014510111 0.027298796 0.008521236 0.999485678
1706585973.272906303 25.910786413 0.896132588 -0.914199317 0.016340935 0.028303733 0.011900020 0.999394948
1706585973.372748852 26.027596951 0.888532308 -0.924595731 0.019825654 0.029121765 0.013853559 0.999283216
1706585973.471177816 26.141782988 0.884846189 -0.931926992 0.022633609 0.031655320 0.015479236 0.999122642
1706585973.569538832 26.243137434 0.883611534 -0.940471267 0.024157886 0.030310859 0.017593824 0.999093642
1706585973.672257423 26.354359849 0.883869895 -0.934719279 0.027227561 0.026468925 0.016492585 0.999142658
1706585973.772909164 26.461382229 0.892846599 -0.932044447 0.023571059 0.030304867 0.016414364 0.999127914
1706585973.872185230 26.563480099 0.895411935 -0.940009112 0.019922616 0.027521409 0.015134760 0.999308061
1706585973.971168041 26.665027193 0.900045787 -0.946346453 0.016964441 0.027939641 0.014935445 0.999354050
1706585974.072406530 26.778985592 0.902934181 -0.957231159 0.016867460 0.030633941 0.016747720 0.999247999
1706585974.172244310 26.879680450 0.899540728 -0.961924579 0.021437061 0.032249709 0.017805292 0.999091277
1706585974.272883415 26.974166654 0.892274976 -0.969945021 0.024474108 0.032637800 0.013785085 0.999072452
1706585974.372721910 27.052535522 0.894626183 -0.962434531 0.020349260 0.020936246 0.010244406 0.999521202
1706585974.472551823 27.135003935 0.898532692 -0.965618103 0.018206513 0.022864331 0.006875225 0.999549137
1706585974.572394133 27.221449459 0.899660054 -0.975554676 0.019457841 0.022384931 0.003178922 0.999555002
1706585974.672227144 27.317914508 0.899263775 -0.982630999 0.016337592 0.023544568 -0.001753342 0.999587746
1706585974.770669937 27.396804606 0.898070135 -0.984170822 0.017228337 0.024461857 -0.002630602 0.999548839
1706585974.872709990 27.487102032 0.891583647 -0.993519349 0.022082355 0.026320623 -0.002412720 0.999406711
1706585974.972559452 27.567564908 0.879496581 -0.999417658 0.026540639 0.035779956 -0.002703317 0.999003544
1706585975.072408438 27.644076132 0.873571456 -1.003981281 0.027095189 0.035618755 -0.002093525 0.998995882
1706585975.172200203 27.716189138 0.876967488 -1.013319498 0.024574423 0.034915755 -0.000987305 0.999087590
1706585975.271391153 27.798625097 0.881469643 -1.023943782 0.025083025 0.032502008 0.005535577 0.999141541
1706585975.372721434 27.907041902 0.881859202 -1.027091698 0.027221379 0.036826265 0.015067953 0.998837214
1706585975.472574711 28.004200824 0.893398862 -1.032836080 0.028203478 0.035769655 0.027356760 0.998587354
1706585975.572431564 28.094228566 0.905586620 -1.037934649 0.027688025 0.036347677 0.038353172 0.998219041
1706585975.672277212 28.179418107 0.913726746 -1.046678129 0.028673176 0.037127977 0.048559196 0.997718080
1706585975.772926092 28.247475882 0.927926721 -1.051088012 0.030210562 0.039188868 0.055670737 0.997222304
1706585975.872761726 28.314713978 0.941516967 -1.051761218 0.024758270 0.041779420 0.057002312 0.997192180
1706585975.971465349 28.373632751 0.954422766 -1.050930931 0.021132796 0.036814336 0.060873690 0.997242450
1706585976.069990635 28.443296600 0.955338516 -1.058325813 0.024158179 0.041520365 0.060754034 0.996996183
1706585976.172274113 28.515725861 0.959041202 -1.066038865 0.029064590 0.038904766 0.062345832 0.996872442
1706585976.272909880 28.605670488 0.973586954 -1.074810840 0.027353744 0.044248640 0.064197034 0.996580439
1706585976.372745514 28.700996881 0.986256919 -1.086144582 0.030704459 0.046827839 0.068412346 0.996084404
1706585976.471636534 28.807970747 0.999734485 -1.093443408 0.032149943 0.049726390 0.071464938 0.995683901
1706585976.570221663 28.921637964 1.017986323 -1.099551979 0.029207143 0.053397540 0.073345690 0.995447666
1706585976.672261000 29.041794638 1.032241715 -1.120331332 0.033072654 0.052809361 0.077767471 0.995022407
1706585976.772891045 29.171187219 1.051144006 -1.131984182 0.037496287 0.054757939 0.080742877 0.994523094
1706585976.872731924 29.283227706 1.058029204 -1.139038018 0.037382232 0.049578182 0.085853557 0.994371027
1706585976.972577095 29.386560929 1.082698152 -1.145368049 0.036857198 0.052678061 0.090028673 0.993861865
1706585977.072416067 29.484335778 1.098443182 -1.157262754 0.040592496 0.050956365 0.093099743 0.993523093
1706585977.172250748 29.570683651 1.114439461 -1.160013291 0.041750018 0.049230083 0.095591090 0.993325565
1706585977.270966053 29.634807101 1.129144504 -1.162800327 0.038671174 0.043210158 0.098668578 0.993429381
1706585977.369622707 29.704158125 1.144025545 -1.169259484 0.036247499 0.037655250 0.103512687 0.993253907
1706585977.472590208 29.769752274 1.157041103 -1.169124041 0.040811887 0.039668475 0.107647871 0.992558682
1706585977.572426319 29.820109582 1.168415807 -1.169868079 0.034800052 0.035655310 0.110547508 0.992621229
1706585977.672096491 29.877312642 1.191561814 -1.172606712 0.035713248 0.032665809 0.115736441 0.992100088
1706585977.770726442 29.935577722 1.203736870 -1.180912850 0.039519835 0.027631030 0.119971805 0.991605504
1706585977.872776031 29.998804391 1.220708880 -1.191213175 0.039755342 0.025804982 0.124670144 0.991065573
1706585977.972612619 30.067198836 1.243961956 -1.189782106 0.035798734 0.022049174 0.130564479 0.990547930
1706585978.072458744 30.137428692 1.273208175 -1.189628706 0.030290042 0.021167968 0.135278275 0.990118285
1706585978.172310829 30.212719812 1.296673706 -1.186745339 0.031489665 0.019501552 0.140254593 0.989422427
1706585978.272547007 30.284258062 1.310025232 -1.188981720 0.031119280 0.022538542 0.146733380 0.988429522
1706585978.372376442 30.351556897 1.342493249 -1.184339318 0.033857950 0.019247136 0.152476800 0.987539373
1706585978.472176552 30.437106259 1.372855760 -1.183746017 0.031161751 0.020359973 0.159312721 0.986526165
1706585978.570720434 30.516075432 1.396877434 -1.191916868 0.035441771 0.024657183 0.165370991 0.985285918
1706585978.669351101 30.591684701 1.433384124 -1.189234859 0.030604531 0.025449337 0.170170166 0.984610486
1706585978.772507429 30.681752533 1.465353522 -1.195444473 0.028562906 0.025248183 0.175874560 0.983674148
1706585978.872308969 30.757464070 1.485841807 -1.201723224 0.033309075 0.025921692 0.182242390 0.982347333
1706585978.970994473 30.833594093 1.502442893 -1.206487659 0.035058701 0.025309453 0.180461951 0.982631062
1706585979.069660187 30.896081507 1.529334009 -1.200855919 0.030595278 0.027709142 0.177927229 0.983177519
1706585979.168432236 30.966050698 1.552486608 -1.203627100 0.038049248 0.022373380 0.175347559 0.983516609
1706585979.272920609 31.050862108 1.577468003 -1.208256018 0.036726510 0.021429982 0.170534187 0.984433853
1706585979.372766972 31.123321570 1.611934982 -1.215184586 0.033353691 0.020857943 0.168960763 0.984837417
1706585979.472592592 31.212507732 1.641719869 -1.220925308 0.034560299 0.022540348 0.170364165 0.984516922
1706585979.572424412 31.308229628 1.661486777 -1.227489434 0.037607153 0.025015134 0.170991388 0.984236704
1706585979.672254562 31.402228351 1.699170978 -1.230710550 0.038815027 0.021739579 0.171745627 0.984136283
1706585979.771751404 31.495290770 1.728326614 -1.233382621 0.038386950 0.025976469 0.174407350 0.983582097
1706585979.870419979 31.585601518 1.756895523 -1.235174900 0.042241698 0.022342921 0.174779857 0.983447220
1706585979.969095707 31.702888595 1.794460836 -1.246926854 0.035397002 0.023231422 0.172433123 0.984110853
1706585980.072417259 31.801136159 1.830268080 -1.256009218 0.034292129 0.024590712 0.170865740 0.984390291
1706585980.171724796 31.873680281 1.855999339 -1.258487665 0.036117066 0.023954034 0.173022745 0.983963867
1706585980.270384550 31.950059567 1.876202050 -1.254175600 0.038074422 0.027845446 0.172389359 0.983898815
1706585980.369046926 32.025403538 1.899156400 -1.251546961 0.042145379 0.027828568 0.173608450 0.983518909
1706585980.467760801 32.105279423 1.927718475 -1.251930145 0.039183200 0.033887555 0.172733126 0.983605397
1706585980.572398663 32.214018226 1.958774139 -1.258569473 0.041025643 0.032582146 0.173650916 0.983412762
1706585980.672238111 32.292387999 1.991188544 -1.260194923 0.032586898 0.032468971 0.169107779 0.984523448
1706585980.772867441 32.382265711 2.026064203 -1.259236120 0.033540101 0.027489688 0.161339792 0.985945663
1706585980.872704268 32.468787986 2.053974004 -1.259182543 0.031956558 0.027564977 0.155460436 0.986940223
1706585980.972532749 32.563667341 2.071687334 -1.269325429 0.030802120 0.024252470 0.145414642 0.988593763
1706585981.071421146 32.651649982 2.081748313 -1.278441711 0.037467977 0.023836646 0.133536078 0.990048525
1706585981.170040369 32.729253405 2.085400399 -1.286320169 0.033302680 0.030343627 0.116723917 0.992141987
1706585981.268666744 32.814886177 2.091141043 -1.279904098 0.031933658 0.037139777 0.105796519 0.993180736
1706585981.372308969 32.896998484 2.098707854 -1.290734235 0.036902921 0.037172880 0.090609747 0.994508032
1706585981.471973896 32.992774429 2.100222025 -1.305717811 0.036275571 0.045274568 0.079012483 0.995184065
1706585981.570824862 33.092250582 2.114414618 -1.303529879 0.038082060 0.044123081 0.069040839 0.995909772
1706585981.669656992 33.199328134 2.127425880 -1.305199680 0.035884277 0.043082077 0.061521739 0.996529643
1706585981.772861242 33.307262796 2.131095850 -1.321280959 0.031078608 0.046237747 0.048734002 0.997256831
1706585981.872696638 33.413221687 2.117187514 -1.343640709 0.040894318 0.049754360 0.031841548 0.997415798
1706585981.972535610 33.519034564 2.091464721 -1.367159017 0.052526299 0.047998808 0.016084581 0.997335645
1706585982.072384119 33.626386566 2.068846437 -1.374890662 0.054142579 0.059589236 0.002432167 0.996750615
1706585982.172218561 33.727779444 2.071288225 -1.379510001 0.045772655 0.055265651 -0.002267241 0.997419386
1706585982.272250414 33.828337209 2.082349646 -1.380290594 0.031234899 0.046923996 -0.007224735 0.998383856
1706585982.370958567 33.913726034 2.077206434 -1.376009206 0.027368858 0.041824707 -0.016180695 0.998618959
1706585982.469662428 33.979213903 2.068247966 -1.378048812 0.030052151 0.035384055 -0.024180954 0.998629120
1706585982.568406105 34.047443635 2.063253514 -1.384569444 0.029305083 0.028608027 -0.034686396 0.998558785
1706585982.672218800 34.112526207 2.058983206 -1.376876397 0.024681368 0.024372595 -0.046703372 0.998306367
1706585982.772859573 34.174355690 2.060705855 -1.374689507 0.010615282 0.023193829 -0.052674453 0.998285913
1706585982.871800184 34.256345597 2.059117107 -1.381360282 0.009115626 0.030593718 -0.057219807 0.997851103
1706585982.972540855 34.329869602 2.039456001 -1.383448970 0.016690787 0.033276482 -0.066127036 0.997116497
1706585983.072386026 34.416304035 2.012035110 -1.392278322 0.025033397 0.029734084 -0.073949273 0.996504249
1706585983.172230005 34.507110515 1.993418010 -1.396768236 0.024152798 0.025477512 -0.080094138 0.996168895
1706585983.271014214 34.601328530 1.964883409 -1.411547228 0.023631024 0.025298721 -0.086554555 0.995645448
1706585983.372711658 34.695423830 1.950999532 -1.408909693 0.019901487 0.028621692 -0.095311805 0.994836866
1706585983.472541571 34.783056978 1.943118147 -1.408896858 0.013154883 0.021629419 -0.101965290 0.994465785
1706585983.572169781 34.859858895 1.921051324 -1.412539667 0.011948411 0.018965881 -0.108312814 0.993864108
1706585983.670824766 34.943929335 1.896908905 -1.418841336 0.011673299 0.021000866 -0.111762770 0.993444403
1706585983.769515276 35.014669616 1.870544201 -1.428932907 0.016280557 0.023089037 -0.117066298 0.992722178
1706585983.872318029 35.099385161 1.840610929 -1.435820730 0.022452862 0.025665520 -0.122394625 0.991895511
1706585983.972549200 35.160049420 1.815375301 -1.441368607 0.020715966 0.025057701 -0.126275841 0.991462240
1706585984.072387695 35.236572810 1.799614916 -1.443477817 0.018847078 0.027955609 -0.126631723 0.991376658
1706585984.172236919 35.318691793 1.772569458 -1.453715711 0.018512023 0.030849918 -0.125466950 0.991445224
1706585984.272869825 35.410080082 1.745925168 -1.462015710 0.024825439 0.033055711 -0.123959387 0.991425785
1706585984.372713804 35.509097178 1.719320247 -1.461933954 0.021600668 0.034734986 -0.118992726 0.992052228
1706585984.471600771 35.594623603 1.705226113 -1.460025722 0.017972278 0.034044531 -0.112557559 0.992899171
1706585984.570294857 35.678101213 1.689762076 -1.462331906 0.024042268 0.033777965 -0.107881639 0.993298832
1706585984.668978453 35.765505368 1.676150341 -1.460614799 0.018786023 0.034663411 -0.104728804 0.993718980
1706585984.772895098 35.842120732 1.665452358 -1.467282097 0.018426997 0.033230033 -0.100830762 0.994177735
1706585984.871756315 35.911558655 1.654533517 -1.474707209 0.020906669 0.034597796 -0.099435482 0.994222555
1706585984.970466852 35.978215636 1.634423511 -1.476576595 0.017900023 0.032314405 -0.098607262 0.994440534
1706585985.069172382 36.045337318 1.615366158 -1.495121606 0.022188286 0.032618139 -0.098706669 0.994334315
1706585985.172253847 36.112475990 1.595129513 -1.500781492 0.020279916 0.031123131 -0.098453648 0.994448065
1706585985.272879839 36.179036997 1.573238985 -1.511867196 0.022456584 0.032500496 -0.099732754 0.994229751
1706585985.372711658 36.254892654 1.561832001 -1.516541727 0.017479523 0.029141801 -0.101896380 0.994214438
1706585985.472545147 36.340197204 1.547789868 -1.525862269 0.017425650 0.036157025 -0.102658140 0.993906596
1706585985.572372913 36.425110971 1.523389778 -1.529909739 0.023230146 0.033038643 -0.102625455 0.993899806
1706585985.672205210 36.521355286 1.502346540 -1.538004839 0.024524080 0.034596872 -0.097432074 0.994338281
1706585985.771188498 36.615326777 1.483971308 -1.539981950 0.026411313 0.035193353 -0.090707083 0.994905069
1706585985.869916201 36.702782354 1.474222054 -1.539373870 0.023143517 0.032423070 -0.082073818 0.995829810
1706585985.972535610 36.800415125 1.464546412 -1.535045644 0.019141990 0.033762078 -0.077049766 0.996271569
1706585986.072376013 36.894577967 1.452099331 -1.542538160 0.024963742 0.031670079 -0.068838160 0.996812483
1706585986.171470165 37.000495340 1.435638669 -1.549876937 0.022962492 0.032467823 -0.061515564 0.997313592
1706585986.270222664 37.100669289 1.418430083 -1.565441495 0.027772555 0.028880643 -0.052848515 0.997798391
1706585986.368911743 37.217460831 1.412259373 -1.576690164 0.032099907 0.035236281 -0.045580806 0.997822825
1706585986.472552776 37.316372875 1.415845247 -1.585414492 0.027543640 0.033956228 -0.034977218 0.998431228
1706585986.572396994 37.411269276 1.413730988 -1.596284842 0.027457412 0.030077182 -0.018565092 0.998997893
1706585986.672240257 37.490450608 1.408751675 -1.604337283 0.032146975 0.027964556 -0.004571108 0.999081408
1706585986.772871256 37.566744281 1.410272888 -1.602003365 0.029927067 0.032545147 0.006289124 0.999002318
1706585986.872723579 37.625410470 1.413738227 -1.603782141 0.027650676 0.031485287 0.015053279 0.999008266
1706585986.972546339 37.665485669 1.417116939 -1.606417432 0.029331122 0.029315416 0.021207779 0.998914672
1706585987.071730137 37.699382747 1.411652574 -1.610353948 0.032354934 0.027013336 0.027547224 0.998731490
1706585987.170494795 37.733282615 1.416649530 -1.616931327 0.034993533 0.026241154 0.032362597 0.998518661
1706585987.272874117 37.752893498 1.424576498 -1.612947321 0.032199792 0.025421445 0.036011964 0.998508919
1706585987.372542381 37.788269293 1.429834688 -1.619165588 0.036442856 0.024549164 0.039816585 0.998240400
1706585987.471291780 37.828466157 1.435696891 -1.618721175 0.035626070 0.024044172 0.044787061 0.998071531
1706585987.570054293 37.893142988 1.448892975 -1.620606950 0.032002046 0.023559024 0.049824091 0.997967134
1706585987.668799162 37.963531235 1.462341197 -1.621988943 0.033122952 0.027998978 0.060426163 0.997229967
1706585987.772886276 38.044862058 1.470433425 -1.624460628 0.035658184 0.028347659 0.072574117 0.996322188
1706585987.872729301 38.142282622 1.492079049 -1.626694388 0.039269748 0.029264394 0.081808392 0.995444056
1706585987.972559452 38.247666333 1.517034895 -1.631875944 0.034020732 0.027171146 0.091362056 0.994865465
1706585988.072404623 38.354681186 1.549275842 -1.632939022 0.032741419 0.029395698 0.104111325 0.993591830
1706585988.172240019 38.475613433 1.570782039 -1.641826271 0.038196576 0.030087546 0.116007817 0.992057432
1706585988.272884846 38.588121449 1.592891183 -1.652561670 0.044462443 0.031777406 0.128114521 0.990252471
1706585988.372713566 38.705435512 1.628925316 -1.654287340 0.043881821 0.029432894 0.140430697 0.988679579
1706585988.472546339 38.798562166 1.667869097 -1.662173395 0.044780503 0.023751289 0.148726352 0.987578379
1706585988.572389364 38.896143158 1.702587315 -1.662530012 0.035196107 0.025026115 0.151733163 0.987477582
1706585988.672228575 38.981448689 1.734031617 -1.663547784 0.027230737 0.022168946 0.149306611 0.988167274
1706585988.771073818 39.068190086 1.748850778 -1.673228892 0.033027073 0.021305879 0.142955572 0.988948420
1706585988.869844675 39.166177687 1.765373523 -1.675946591 0.033341657 0.022300695 0.135085288 0.990021706
1706585988.972564697 39.243086878 1.783232599 -1.674298186 0.027680180 0.025539099 0.125182116 0.991418680
1706585989.072407246 39.325785733 1.797894460 -1.674820870 0.029266777 0.028669160 0.112387534 0.992819509
1706585989.172258377 39.415055244 1.819230561 -1.674179959 0.026088939 0.026284740 0.104914707 0.993791419
1706585989.272889853 39.507513049 1.831582715 -1.675196723 0.027281785 0.024550478 0.097754362 0.994533591
1706585989.372720242 39.599315211 1.844303794 -1.675970839 0.028405071 0.024026261 0.090593069 0.995192839
1706585989.472532749 39.707061569 1.859458163 -1.687346807 0.030368843 0.025451902 0.084470169 0.995637848
1706585989.572385073 39.802790664 1.862911867 -1.689623397 0.028056497 0.024249654 0.076352560 0.996391025
1706585989.672226906 39.896654194 1.869966971 -1.696265359 0.028529968 0.019875044 0.068935929 0.997014975
1706585989.772862911 39.986010712 1.876331750 -1.695065794 0.028692458 0.021041611 0.061594840 0.997466826
1706585989.872709274 40.077145279 1.882075614 -1.696911578 0.028003658 0.019126017 0.056196953 0.997843622
1706585989.972084522 40.163334038 1.884658259 -1.702115361 0.028307268 0.022016169 0.052695409 0.997966523
1706585990.070987463 40.254219318 1.882303261 -1.706943647 0.031137051 0.016738804 0.045745650 0.998327417
1706585990.169784307 40.350045729 1.889418433 -1.712158612 0.030100770 0.020344229 0.040547407 0.998516882
1706585990.272868633 40.445912537 1.888607102 -1.721015382 0.029300957 0.020866048 0.039199583 0.998583724
1706585990.372704744 40.547628336 1.894437994 -1.726850832 0.031955104 0.020293000 0.041037109 0.998440294
1706585990.472540140 40.645852225 1.907463351 -1.727273298 0.029616791 0.022464814 0.045522739 0.998271435
1706585990.572373629 40.739739285 1.917459948 -1.725887467 0.028928644 0.023953754 0.051418890 0.997970665
1706585990.672208786 40.846406339 1.923127581 -1.731144794 0.029679687 0.026779036 0.054096014 0.997735246
1706585990.772848845 40.941683687 1.935940005 -1.724068878 0.029772945 0.025538110 0.056658867 0.997622749
1706585990.872687340 41.037456587 1.948837364 -1.723393580 0.026334984 0.028973537 0.058635065 0.997511369
1706585990.972511053 41.129836048 1.958399883 -1.725528647 0.026627724 0.024799592 0.058400711 0.997629842
1706585991.072352886 41.223459471 1.968017260 -1.731167978 0.024639367 0.024165595 0.056931699 0.997781393
1706585991.172586441 41.316144969 1.970716275 -1.739951892 0.026856047 0.024086713 0.051245738 0.998034297
1706585991.271904707 41.412684502 1.974598488 -1.747338139 0.025537991 0.023257783 0.045724807 0.998356714
1706585991.370782852 41.509886150 1.975692835 -1.754420804 0.028875591 0.022699275 0.039169645 0.998557300
1706585991.472904921 41.609476958 1.975476008 -1.757433298 0.028101789 0.021736070 0.032530158 0.998839137
1706585991.572750092 41.708971278 1.971772302 -1.760802471 0.027076122 0.021437096 0.027001703 0.999038659
1706585991.672600508 41.808977867 1.970833894 -1.772297300 0.026659390 0.022175948 0.020701994 0.999184133
1706585991.772442341 41.912993698 1.969940328 -1.776042755 0.026138093 0.022619083 0.014590947 0.999295893
1706585991.872274876 42.014441159 1.961416982 -1.782203685 0.027832705 0.027172651 0.009117051 0.999201615
1706585991.972912312 42.104037266 1.957351405 -1.781132489 0.027460136 0.024998129 0.003426616 0.999304404
1706585992.072740316 42.189653754 1.954283658 -1.781466206 0.029139954 0.027836437 0.000125630 0.999187660
1706585992.172559261 42.265481062 1.944181936 -1.788965889 0.032208642 0.023917615 -0.004887535 0.999182998
1706585992.272404432 42.354315137 1.949620824 -1.786359672 0.025453771 0.023710188 -0.007820453 0.999364184
1706585992.372239351 42.448103181 1.947992531 -1.791424446 0.025550217 0.023374310 -0.008007915 0.999368151
1706585992.472890854 42.550076412 1.946445916 -1.794769895 0.027327451 0.021141832 -0.004164082 0.999394263
1706585992.571825981 42.650774537 1.942819536 -1.803742226 0.028274621 0.022182607 0.000943075 0.999353585
1706585992.670712471 42.750333246 1.941819875 -1.807609987 0.028692519 0.025951525 0.008821533 0.999212409
1706585992.769756317 42.846764755 1.936734624 -1.816001336 0.034191688 0.027396623 0.015551404 0.998918669
1706585992.872250795 42.957457221 1.942653175 -1.823189939 0.034716264 0.027577830 0.021802355 0.998778705
1706585992.972902298 43.061890365 1.957826698 -1.823362677 0.035189857 0.027859853 0.031057288 0.998509363
1706585993.072753668 43.175529123 1.958329680 -1.841611453 0.038114642 0.036185836 0.041372584 0.997760577
1706585993.172607183 43.283218553 1.961407402 -1.847940040 0.043943532 0.033810162 0.049362302 0.997240794
1706585993.272446632 43.381648003 1.974129867 -1.847773665 0.041355965 0.027857162 0.058774714 0.997025173
1706585993.372076750 43.487592204 1.985100450 -1.848992928 0.046384328 0.028148065 0.065324680 0.996387910
1706585993.472911835 43.595467016 2.007620971 -1.844429666 0.039646873 0.023935357 0.068738442 0.996559206
1706585993.572754622 43.692378317 2.023302398 -1.854714958 0.039985898 0.014083071 0.071608541 0.996531491
1706585993.672587872 43.797480440 2.042423169 -1.862191861 0.036655829 0.014381453 0.069636143 0.996795030
1706585993.772428274 43.890019986 2.054092777 -1.858821589 0.033804595 0.009598224 0.068393527 0.997039342
1706585993.871685982 43.999693136 2.053256074 -1.862407699 0.041026409 0.010228983 0.063000101 0.997117440
1706585993.970280647 44.093354130 2.058908876 -1.860743369 0.032208796 0.012856338 0.055939024 0.997831716
1706585994.072739363 44.190830858 2.065302495 -1.858627860 0.035109221 0.010288304 0.048034232 0.998175438
1706585994.172580004 44.293439397 2.064229196 -1.869937702 0.034479273 0.013281883 0.042614383 0.998408126
1706585994.272422075 44.409827927 2.058625139 -1.874684346 0.039549962 0.017550165 0.037045428 0.998376396
1706585994.372268915 44.516509190 2.055030018 -1.880532432 0.041222962 0.019927016 0.027715378 0.998566692
1706585994.472901583 44.623515891 2.055749992 -1.896049764 0.040307087 0.026919905 0.021474119 0.998593771
1706585994.572740078 44.726848897 2.053813117 -1.903055163 0.042354859 0.028519530 0.022022528 0.998452658
1706585994.671491385 44.828038335 2.057665591 -1.913491682 0.043684328 0.029338526 0.025738732 0.998282750
1706585994.770053864 44.928594810 2.066054990 -1.911452340 0.042422623 0.026602588 0.032877403 0.998204237
1706585994.872271538 45.026829343 2.079077064 -1.913741375 0.040759303 0.025826187 0.042902055 0.997913373
1706585994.972909689 45.117033471 2.085935018 -1.919779535 0.045758605 0.026910895 0.053382203 0.997162120
1706585995.072722673 45.213060782 2.083615043 -1.930961421 0.060074704 0.027505825 0.061831401 0.995897252
1706585995.171250343 45.307184387 2.088930745 -1.938174075 0.059140002 0.029292605 0.067180395 0.995555723
1706585995.269786835 45.404144742 2.120356960 -1.937165245 0.049624159 0.029807966 0.072723221 0.995670759
1706585995.372248650 45.510239350 2.153491382 -1.945970497 0.041091654 0.036970719 0.080559632 0.995215950
1706585995.472891808 45.599429090 2.183242244 -1.941140434 0.035255840 0.037651808 0.087479068 0.994830026
1706585995.572725534 45.693373109 2.210688481 -1.950113869 0.029210936 0.035974555 0.094942627 0.994403565
1706585995.672567606 45.782074266 2.234179697 -1.951490318 0.028417735 0.029916179 0.099213175 0.994210340
1706585995.772410393 45.856393656 2.256242961 -1.950536102 0.022913308 0.018177835 0.096872153 0.994866992
1706585995.872247219 45.931175833 2.275777127 -1.940005671 0.014878958 0.001499051 0.090079347 0.995822314
1706585995.971704245 45.989603882 2.280119056 -1.936277503 0.013589884 -0.013503449 0.079804652 0.996626404
1706585996.072709322 46.060618733 2.280407812 -1.933555918 0.014698243 -0.009865637 0.070893913 0.997326769
1706585996.172555923 46.132988230 2.284332675 -1.940155511 0.018233620 -0.016779944 0.063837642 0.997652607
1706585996.272388935 46.232819001 2.290452124 -1.942893114 0.021082753 -0.009115655 0.064445300 0.997656868
1706585996.372235537 46.323040788 2.288918156 -1.947298097 0.025094078 -0.005968442 0.060514780 0.997833967
1706585996.470872164 46.427615621 2.285610194 -1.960681610 0.031868346 0.012203827 0.055574583 0.997871205
1706585996.572681189 46.520616472 2.280357669 -1.961830741 0.042534628 0.021278091 0.053426637 0.997438541
1706585996.672518253 46.600885288 2.268869091 -1.967059077 0.055605749 0.023050532 0.048881876 0.996989085
1706585996.772363186 46.687549859 2.269180255 -1.966698165 0.054372049 0.024971661 0.040504051 0.997386344
1706585996.872593164 46.781439959 2.276781348 -1.963781722 0.045629132 0.027252373 0.033244275 0.998033120
1706585996.972429991 46.873084386 2.287444708 -1.968858742 0.038644971 0.023215540 0.026714777 0.998626019
1706585997.072259903 46.976789624 2.281835987 -1.974665901 0.040257734 0.020767952 0.023194504 0.998704171
1706585997.172197342 47.075452383 2.276151704 -1.987290641 0.045578685 0.024902132 0.015657291 0.998527574
1706585997.270738602 47.172531842 2.278449599 -1.992374430 0.040530076 0.028904963 0.011280570 0.998696433
1706585997.369336843 47.263722752 2.282496303 -1.995505692 0.040542337 0.030879397 0.012057360 0.998627759
1706585997.472398758 47.354399577 2.278473124 -1.999584305 0.039549278 0.032601663 0.014637450 0.998578355
1706585997.572262764 47.442679944 2.281621099 -1.999673604 0.039399902 0.033253135 0.017617287 0.998514651
1706585997.672188997 47.526589357 2.282208030 -2.002956090 0.037840238 0.035480983 0.019963332 0.998454146
1706585997.770798683 47.596592508 2.283917363 -2.009855944 0.040944181 0.033471092 0.021865391 0.998361240
1706585997.872609377 47.668720237 2.280468081 -2.020983841 0.040797243 0.033788290 0.023880153 0.998310410
1706585997.972455978 47.742850634 2.288660731 -2.024910345 0.038985993 0.029840469 0.027757323 0.998408318
1706585998.072299004 47.810010463 2.296373873 -2.026974049 0.039014375 0.025844459 0.028615741 0.998494408
1706585998.172538996 47.889443617 2.303331797 -2.028948577 0.036026006 0.026017010 0.027554032 0.998632073
1706585998.272367239 47.980985473 2.302661753 -2.027221269 0.033758583 0.027418013 0.024031047 0.998764797
1706585998.372601271 48.061932491 2.303667430 -2.031666928 0.030049903 0.022532591 0.018084366 0.999130743
1706585998.471769333 48.148754912 2.303302008 -2.035819460 0.031270867 0.026545211 0.017509369 0.999004958
1706585998.570349216 48.229767872 2.297260385 -2.045640969 0.037364202 0.027529534 0.017358130 0.998771614
1706585998.672913074 48.311647896 2.299216614 -2.050902445 0.039246650 0.028297726 0.014919883 0.998717346
1706585998.772756100 48.382907704 2.299605566 -2.053583139 0.035966268 0.024818652 0.012659488 0.998964564
1706585998.872603178 48.466014618 2.307487223 -2.057858762 0.032715050 0.028074303 0.010530356 0.999014850
1706585998.971877813 48.546897366 2.311417311 -2.054688910 0.029014739 0.027689011 0.011658339 0.999127393
1706585999.070568800 48.628819908 2.309248586 -2.060594095 0.032553724 0.027120077 0.014607939 0.998995177
1706585999.172939301 48.715484130 2.307633253 -2.068244233 0.031362424 0.025440862 0.019985531 0.998984354
1706585999.272784233 48.810647717 2.313653545 -2.073670158 0.033149013 0.026513628 0.025573824 0.998771320
1706585999.372623205 48.906286390 2.316302790 -2.079149480 0.036440793 0.029213448 0.028392365 0.998505141
1706585999.472472668 48.986593499 2.318249293 -2.079779129 0.041145831 0.030239094 0.032159316 0.998177537
1706585999.572318554 49.066352771 2.329396555 -2.082253347 0.037105199 0.030557602 0.033675797 0.998276203
1706585999.672572613 49.149598362 2.348234017 -2.085624519 0.029358406 0.031798886 0.037815498 0.998347085
1706585999.771316290 49.241783310 2.354208382 -2.096279049 0.032340775 0.029596181 0.045273332 0.998012257
1706585999.869934320 49.334573285 2.359918751 -2.104796693 0.038465714 0.031879880 0.050994505 0.997448556
1706585999.972877502 49.429820897 2.365418803 -2.109698555 0.037388048 0.031886922 0.054533266 0.997302101
1706586000.072707415 49.514500604 2.377108754 -2.111891864 0.033781971 0.031683073 0.056963193 0.997301437
1706586000.172434092 49.594964491 2.395506869 -2.115249671 0.030590805 0.030389768 0.058762408 0.997340285
1706586000.271138191 49.684240895 2.395906141 -2.119259257 0.030688947 0.028930327 0.056729440 0.997498369
1706586000.370007277 49.776141788 2.394961351 -2.126567822 0.033070848 0.026489265 0.051035961 0.997797559
1706586000.472875357 49.876881140 2.397614898 -2.135366243 0.033715261 0.028024553 0.044659622 0.998039791
1706586000.572720528 49.968952724 2.395868823 -2.141768860 0.032367517 0.027023887 0.040287406 0.998298041
1706586000.672572851 50.046993342 2.397574059 -2.138113913 0.033549407 0.021917268 0.033131023 0.998647288
1706586000.772403240 50.131301242 2.404973247 -2.144205282 0.032426224 0.023562237 0.029788212 0.998752233
1706586000.872243881 50.212804293 2.411833280 -2.144792217 0.031890889 0.025405605 0.031570203 0.998669539
1706586000.972387552 50.286337389 2.418500331 -2.150239702 0.033829229 0.026157831 0.031374408 0.998592508
1706586001.071017981 50.360170606 2.422034001 -2.152015334 0.031762790 0.024665534 0.032324568 0.998668042
1706586001.169683695 50.432175632 2.423826563 -2.152558146 0.033545850 0.023403751 0.034336844 0.998572943
1706586001.272388935 50.508174499 2.427664175 -2.156483746 0.031699864 0.022874880 0.038454190 0.998495435
1706586001.372220755 50.589449103 2.440649717 -2.157638453 0.032136975 0.026486599 0.044390857 0.998145844
1706586001.472329140 50.661137622 2.446789463 -2.161045264 0.033849924 0.024232685 0.047968042 0.997980975
1706586001.571138859 50.739332833 2.456982664 -2.164599849 0.032124245 0.022133704 0.049191810 0.998027203
1706586001.672512293 50.829997972 2.456186318 -2.170824437 0.032975303 0.019707021 0.049954576 0.998012426
1706586001.772349119 50.919446360 2.459483629 -2.170382424 0.036058156 0.020083219 0.048768603 0.997956962
1706586001.872584343 51.011561736 2.471742738 -2.169867628 0.031786847 0.020012223 0.045199864 0.998271546
1706586001.972419739 51.093915520 2.476310476 -2.169253282 0.030000604 0.012545529 0.039488293 0.998690767
1706586002.072271824 51.174070118 2.476178461 -2.176344128 0.030531700 0.009786209 0.032952372 0.998942534
1706586002.172900200 51.265832696 2.478931103 -2.180292841 0.027823177 0.013036085 0.028370452 0.999125142
1706586002.272191048 51.353146484 2.472046661 -2.185141123 0.029808191 0.009787043 0.022592129 0.999252361
1706586002.370840073 51.447214266 2.470501101 -2.184115882 0.031063307 0.013720568 0.017467737 0.999270582
1706586002.469522715 51.534750301 2.462205768 -2.186607792 0.030442681 0.012852787 0.012061040 0.999381099
1706586002.572278500 51.628757425 2.459682627 -2.187780775 0.024893794 0.017045566 0.007325423 0.999517927
1706586002.672918797 51.712953702 2.455219744 -2.189030285 0.030394231 0.018250711 0.002799528 0.999367432
1706586002.772586823 51.789421483 2.449525437 -2.192249589 0.033233417 0.018981050 -0.003154036 0.999262384
1706586002.871676207 51.863362227 2.449323997 -2.192915228 0.035754325 0.016132953 -0.008102997 0.999197527
1706586002.972449064 51.959633973 2.448114123 -2.195756443 0.032245471 0.015296517 -0.008030811 0.999330652
1706586003.072285175 52.035393313 2.444803819 -2.198969235 0.034398285 0.013281312 -0.005445587 0.999305114
1706586003.172733068 52.121300870 2.439089218 -2.205493611 0.035022785 0.014942097 -0.005928454 0.999257220
1706586003.271400213 52.198515377 2.444382790 -2.202516574 0.031197443 0.016572585 -0.003623521 0.999369271
1706586003.372584343 52.275940071 2.428815628 -2.206954455 0.037252259 0.016397327 0.002723070 0.999167644
1706586003.472418308 52.364265196 2.425445046 -2.208477841 0.041847106 0.020586070 0.008303780 0.998877410
1706586003.571875095 52.449106551 2.424975974 -2.210932683 0.041614190 0.019636922 0.014470062 0.998835956
1706586003.670502186 52.532391613 2.432418768 -2.214252635 0.040941358 0.023141766 0.018505837 0.998722082
1706586003.769254684 52.616465791 2.434721425 -2.213358467 0.039856677 0.017729160 0.023179432 0.998779173
1706586003.872583866 52.701165166 2.444277397 -2.214804294 0.039645848 0.013194961 0.028655585 0.998715654
1706586003.972431421 52.771285063 2.448803321 -2.214076911 0.037998308 0.001815214 0.035402596 0.998648832
1706586004.072211742 52.853037352 2.456656426 -2.222448295 0.041818799 -0.001431440 0.040491722 0.998303340
1706586004.172914267 52.926062694 2.463910180 -2.228318455 0.042981011 -0.003577006 0.043377674 0.998127354
1706586004.272756338 53.008398628 2.472629294 -2.228470675 0.035492595 -0.000611060 0.043622000 0.998417259
1706586004.372596264 53.093912068 2.467938794 -2.230840769 0.038920724 0.001308395 0.039350467 0.998466327
1706586004.472443104 53.182434161 2.471699977 -2.232633376 0.037672084 0.007605936 0.034062565 0.998680482
1706586004.571426868 53.261210154 2.485513301 -2.228436454 0.031288152 0.017309938 0.023563146 0.999082677
1706586004.672920942 53.351156857 2.505177294 -2.221162726 0.023601604 0.029830806 0.020739108 0.999061048
1706586004.772762537 53.440425619 2.497810475 -2.227562968 0.029465742 0.035982071 0.016225941 0.998786153
1706586004.871526718 53.519250624 2.484059415 -2.234598473 0.033401871 0.034155011 0.009384164 0.998814141
1706586004.970213652 53.604829224 2.482248166 -2.233939513 0.027784081 0.034584820 0.004332361 0.999006089
1706586005.068946600 53.690245750 2.477207843 -2.230129099 0.025764654 0.034993630 0.000746405 0.999055089
1706586005.172908306 53.776106432 2.464590991 -2.241270257 0.028526958 0.034698136 -0.000995854 0.998990120
1706586005.272757053 53.851227816 2.458160154 -2.249829938 0.033153564 0.033130974 -0.003700267 0.998894132
1706586005.372591257 53.929257862 2.453336603 -2.264891317 0.034396924 0.035079181 -0.006598724 0.998770624
1706586005.472419977 54.005127149 2.446608508 -2.273332764 0.034209092 0.035105764 -0.010740439 0.998740190
1706586005.572273970 54.077740172 2.449730459 -2.279502962 0.033577374 0.036828327 -0.012188272 0.998682973
1706586005.672912121 54.159677629 2.455505110 -2.284064094 0.031099293 0.038547380 -0.008645603 0.998735294
1706586005.772176743 54.229985431 2.457967625 -2.286276782 0.031353857 0.042099521 -0.002301393 0.998618681
1706586005.872577667 54.309980048 2.451021014 -2.291251173 0.037174568 0.043417729 0.000863565 0.998364766
1706586005.972407579 54.388931241 2.452116664 -2.297783144 0.032182301 0.046470109 0.001477263 0.998400043
1706586006.072259426 54.461754927 2.450803026 -2.300153296 0.029542551 0.043792640 -0.000827131 0.998603404
1706586006.171180487 54.542943580 2.449177664 -2.304852940 0.034027255 0.046454951 -0.002118430 0.998338417
1706586006.269917965 54.620894490 2.446510467 -2.312373147 0.037918807 0.046638643 -0.000790299 0.998191553
1706586006.368673563 54.699617853 2.442656716 -2.322147618 0.038510173 0.045471645 0.002408213 0.998220164
1706586006.472419739 54.786064406 2.443886237 -2.330258568 0.037612768 0.044804009 0.005062038 0.998274640
1706586006.572263718 54.858754279 2.444830798 -2.338252685 0.033077852 0.045460353 0.006807750 0.998395145
1706586006.672893286 54.930776283 2.441292183 -2.346785606 0.034863881 0.043352289 0.008239730 0.998417345
1706586006.772739649 55.004403245 2.438439908 -2.354671200 0.036003313 0.048233171 0.010055889 0.998136364
1706586006.872569084 55.073215690 2.443932431 -2.358047920 0.034740466 0.048395452 0.012703828 0.998143072
1706586006.972417831 55.139221595 2.454879315 -2.357009902 0.034178838 0.047598747 0.016771829 0.998140708
1706586007.072229862 55.205550185 2.456376586 -2.360526226 0.035891483 0.044641290 0.017641760 0.998202247
1706586007.172897100 55.274828957 2.460929934 -2.368002550 0.036035672 0.044625506 0.019354616 0.998166015
1706586007.272721052 55.348827111 2.465324170 -2.373863871 0.034214375 0.043084450 0.018581255 0.998312498
1706586007.372202158 55.423281436 2.463948811 -2.382705925 0.035207141 0.042096701 0.017230924 0.998344340
1706586007.470920801 55.501954052 2.473224912 -2.387945901 0.031204857 0.039760650 0.016378283 0.998587552
1706586007.569691658 55.590970038 2.471383794 -2.396470294 0.030837334 0.037140817 0.017021911 0.998689077
1706586007.672891378 55.676997364 2.474567889 -2.398003889 0.031451968 0.039921776 0.016861026 0.998565337
1706586007.772731066 55.748246557 2.470700273 -2.401516707 0.029193871 0.040313710 0.015124198 0.998645974
1706586007.872575760 55.824095730 2.473987128 -2.406351505 0.021829826 0.041399870 0.014627631 0.998797047
1706586007.972426176 55.892557530 2.472266210 -2.410110470 0.023924397 0.041150715 0.014768699 0.998757292
1706586008.072274923 55.960437599 2.464716353 -2.419678825 0.032307341 0.039610066 0.016661653 0.998553788
1706586008.172915697 56.036746429 2.467434969 -2.428826676 0.034204860 0.039883164 0.018791449 0.998441907
1706586008.272755384 56.112019091 2.477198794 -2.432675493 0.031078535 0.037724636 0.021496469 0.998573422
1706586008.372596264 56.196618447 2.480623032 -2.441344635 0.034920602 0.039672021 0.024972645 0.998290063
1706586008.472440243 56.274514787 2.479778850 -2.450814318 0.035104335 0.041152163 0.029142256 0.998110672
1706586008.572267056 56.358769896 2.484556424 -2.452487859 0.036845508 0.040172103 0.031575971 0.998013812
1706586008.671987057 56.438619187 2.489154116 -2.455050143 0.034598826 0.040423073 0.034563141 0.997985113
1706586008.770737410 56.515455372 2.502224108 -2.461435466 0.034294208 0.040305296 0.039642531 0.997811535
1706586008.869545698 56.589818324 2.514425555 -2.463468517 0.031946473 0.041157179 0.044327810 0.997657534
1706586008.972458124 56.671283727 2.522154310 -2.467591207 0.032433039 0.043490983 0.049101996 0.997319220
1706586009.072303057 56.748588114 2.530774587 -2.475851087 0.034171535 0.041825347 0.052716656 0.997147883
1706586009.172539234 56.826730298 2.540606164 -2.482027044 0.031458359 0.040391547 0.058362161 0.996981822
1706586009.272379398 56.906167317 2.552237511 -2.489219957 0.030847259 0.043504707 0.065240452 0.996443411
1706586009.372217894 56.983798572 2.564286264 -2.496852906 0.032562984 0.044634435 0.071459123 0.995912151
1706586009.472861052 57.058265469 2.590892721 -2.495907172 0.027931239 0.046760588 0.075979534 0.995620612
1706586009.572691441 57.127927449 2.598344040 -2.507040770 0.028443349 0.045929675 0.079497696 0.995370060
1706586009.672534227 57.199295091 2.603171644 -2.513868524 0.031829650 0.045081453 0.078578394 0.995379311
1706586009.772358894 57.278932531 2.611372524 -2.519430414 0.028836065 0.047003651 0.074648366 0.995684066
1706586009.872602940 57.356574756 2.617371974 -2.523477696 0.026784652 0.044940940 0.068783357 0.996258874
1706586009.971753836 57.438204946 2.615964190 -2.529653841 0.029000566 0.043517652 0.061396450 0.996742523
1706586010.070581436 57.518384830 2.617646559 -2.540139640 0.028862056 0.044301604 0.050568760 0.997319984
1706586010.169425726 57.607147892 2.625857444 -2.547132644 0.025012051 0.042835259 0.042073163 0.997882451
1706586010.272378206 57.698045985 2.623682496 -2.551626691 0.027401452 0.044694287 0.036841004 0.997945049
1706586010.372214079 57.786569982 2.626894976 -2.561589169 0.028197664 0.039469414 0.036124339 0.998169369
1706586010.472851276 57.865986198 2.634081982 -2.566025910 0.030620445 0.040001398 0.040093366 0.997925247
1706586010.572696924 57.943025321 2.634352763 -2.566837290 0.031568866 0.038322390 0.043567260 0.997815962
1706586010.672534227 58.017410343 2.638546002 -2.573211102 0.030225082 0.038129852 0.044729149 0.997813541
1706586010.772363901 58.086161871 2.647417709 -2.580262102 0.030613969 0.036395499 0.046289221 0.997795300
1706586010.872600079 58.162036891 2.654755149 -2.585479968 0.028335685 0.033207812 0.046227225 0.997976640
1706586010.972445011 58.233430620 2.659691081 -2.594212464 0.029815838 0.036087754 0.043197604 0.997969266
1706586011.072288752 58.313488789 2.657200546 -2.596669474 0.032284744 0.037166166 0.038540973 0.998043569
1706586011.172883511 58.391119767 2.651971337 -2.598748702 0.031425304 0.036534881 0.033461184 0.998277517
1706586011.271677971 58.473218959 2.653400243 -2.601385651 0.030640557 0.036741113 0.030616124 0.998385647
1706586011.370565653 58.549411290 2.658629077 -2.606683827 0.032652946 0.035803009 0.030619850 0.998355826
1706586011.469235182 58.629095257 2.662147004 -2.612314870 0.030899683 0.035635718 0.031897144 0.998377623
1706586011.572291136 58.707967629 2.668308875 -2.619385045 0.033531967 0.034293500 0.032660130 0.998315020
1706586011.672536612 58.775326952 2.674936041 -2.616911662 0.031377029 0.028205309 0.032158752 0.998591887
1706586011.772390366 58.853370479 2.677573095 -2.621387092 0.030496786 0.027139698 0.032989783 0.998621579
1706586011.872228146 58.930507079 2.673184065 -2.625824919 0.032368166 0.025169002 0.033244275 0.998605849
1706586011.972863913 59.001937090 2.672680164 -2.627941046 0.032006057 0.019096321 0.033524526 0.998742734
1706586012.072696924 59.063015552 2.675753337 -2.629604051 0.032001262 0.011673057 0.032552386 0.998889384
1706586012.172542334 59.138318452 2.678359743 -2.634438470 0.035400554 0.017814578 0.032039754 0.998700604
1706586012.272388458 59.213460023 2.672697788 -2.645794243 0.036636564 0.019222527 0.030502608 0.998678050
1706586012.372235060 59.305762535 2.678130788 -2.654745942 0.036558634 0.027313503 0.028980943 0.998537703
1706586012.472784996 59.395792384 2.681911739 -2.660323356 0.036952686 0.028955625 0.025678886 0.998567306
1706586012.571596384 59.502571412 2.682977296 -2.668635651 0.038288608 0.038391315 0.022599537 0.998273184
1706586012.670370102 59.606759025 2.682593293 -2.673137509 0.036052487 0.050809157 0.019516060 0.997866610
1706586012.772367954 59.707928082 2.680626595 -2.687254691 0.037048416 0.050586048 0.015515971 0.997911680
1706586012.872604609 59.814215994 2.672317104 -2.692804924 0.037790985 0.050269987 0.010442591 0.997965792
1706586012.972445488 59.913362073 2.671135888 -2.695045735 0.036045234 0.050329292 0.004287276 0.998072804
1706586013.072281361 60.013899980 2.663936024 -2.705615344 0.035628659 0.048560314 -0.001927769 0.998182738
1706586013.172922850 60.107837450 2.649449417 -2.720083599 0.036515150 0.046816796 -0.007933173 0.998204336
1706586013.272754192 60.196022525 2.637953408 -2.730151103 0.036315735 0.046426276 -0.013823115 0.998165663
1706586013.372608423 60.274209975 2.639315257 -2.732145474 0.033352351 0.043819431 -0.018219885 0.998316340
1706586013.472455978 60.347927665 2.630747361 -2.740342570 0.033450590 0.041893186 -0.021919591 0.998321366
1706586013.572295189 60.411994812 2.619940231 -2.752497915 0.034870568 0.039259190 -0.024018490 0.998331544
1706586013.672528267 60.489538412 2.616060104 -2.759414092 0.034846705 0.041784658 -0.024165574 0.998226314
1706586013.772386312 60.574195283 2.620747470 -2.766274881 0.032105730 0.050809476 -0.019771963 0.997996337
1706586013.871454954 60.646801047 2.617990355 -2.772461619 0.031838800 0.050205594 -0.018109936 0.998066991
1706586013.970418692 60.718647137 2.616445921 -2.781102597 0.035351554 0.053951560 -0.015779081 0.997792823
1706586014.072697401 60.793907713 2.609644006 -2.782707729 0.034314936 0.053686595 -0.014325807 0.997865224
1706586014.172547817 60.877533582 2.610386315 -2.788956608 0.029623192 0.056553801 -0.013835155 0.997864080
1706586014.272373438 60.966256008 2.607639554 -2.799770554 0.028414420 0.059752083 -0.012940206 0.997724842
1706586014.372218370 61.049390392 2.600796822 -2.812778355 0.028011253 0.059565886 -0.013649031 0.997737931
1706586014.472873211 61.131920624 2.601878783 -2.815401933 0.024088937 0.051658459 -0.015008408 0.998261426
1706586014.572708607 61.209246315 2.603869017 -2.817474850 0.023567965 0.044863882 -0.014467002 0.998610279
1706586014.671217442 61.294474384 2.590122504 -2.828300134 0.026285604 0.044002907 -0.012311284 0.998609655
1706586014.772404909 61.368809660 2.583307173 -2.834537540 0.028665953 0.042359313 -0.012748253 0.998609750
1706586014.872251987 61.436847056 2.572661317 -2.845221257 0.030272806 0.042726518 -0.016495905 0.998491806
1706586014.972895622 61.513962246 2.569464342 -2.849799244 0.025304337 0.040867463 -0.019397335 0.998655739
1706586015.072536469 61.588191764 2.563880560 -2.858687068 0.026690603 0.039700474 -0.021784996 0.998617493
1706586015.171584606 61.659929662 2.555915648 -2.863282171 0.027532510 0.038632330 -0.023368000 0.998600741
1706586015.270377874 61.726387821 2.551709418 -2.868960530 0.026598181 0.039445383 -0.026657310 0.998511886
1706586015.372274399 61.795973805 2.542862563 -2.874352611 0.028996171 0.040965372 -0.028398219 0.998335916
1706586015.472916365 61.869029147 2.536644786 -2.881068972 0.027002556 0.039964342 -0.028057185 0.998442040
1706586015.572752237 61.945306773 2.531263498 -2.886948035 0.026812346 0.039785236 -0.025019533 0.998535055
1706586015.672600746 62.022230284 2.533662797 -2.889145227 0.025954796 0.039614645 -0.018398465 0.998708428
1706586015.772448778 62.107515180 2.531490672 -2.899293157 0.026193336 0.039587191 -0.012134261 0.998799040
1706586015.872212887 62.191487633 2.534056748 -2.908234518 0.026118979 0.041121312 -0.006998650 0.998788194
1706586015.970750570 62.271749472 2.536995518 -2.910530748 0.021751218 0.042782123 -0.002161927 0.998845284
1706586016.072757721 62.353056088 2.534154830 -2.917956721 0.026587716 0.039446532 0.001272491 0.998867081
1706586016.172594786 62.429812734 2.531699287 -2.925748951 0.028819954 0.041104120 0.002845439 0.998735083
1706586016.272445440 62.507357039 2.527304743 -2.928626266 0.028644769 0.040660654 0.005539589 0.998746966
1706586016.372297764 62.580192293 2.520849430 -2.933545632 0.030721577 0.038811720 0.004523431 0.998763923
1706586016.471176147 62.654233419 2.522716658 -2.938289886 0.027434515 0.035212885 0.003570874 0.998996821
1706586016.572394609 62.736810296 2.520495081 -2.943901718 0.027587320 0.033710283 0.002254272 0.999048285
1706586016.672237158 62.813691217 2.516967674 -2.954646386 0.031425215 0.031155104 0.002171516 0.999018068
1706586016.772870064 62.896835816 2.517108290 -2.956732782 0.031431251 0.027319154 0.002115609 0.999130254
1706586016.872719288 62.982223992 2.520019455 -2.959577598 0.028867329 0.025402475 0.002565478 0.999257129
1706586016.972574949 63.068024253 2.512795526 -2.968717578 0.031640510 0.023182315 0.004256296 0.999221368
1706586017.072432518 63.158527389 2.503231881 -2.978104910 0.034714117 0.025480703 0.004388417 0.999062764
1706586017.171891212 63.242791021 2.499294204 -2.986558568 0.035911789 0.024981515 0.003864626 0.999035201
1706586017.270442724 63.333365433 2.493056181 -2.993498754 0.039456211 0.026668897 0.004871872 0.998853464
1706586017.372758865 63.436208070 2.485460383 -3.001757572 0.042884983 0.029003345 0.004486601 0.998648865
1706586017.472612381 63.539617769 2.489269159 -3.002703824 0.039507817 0.029089050 0.005411963 0.998781092
1706586017.572461128 63.640527907 2.490082801 -3.008210022 0.041145055 0.030259048 0.008885996 0.998655353
1706586017.672291517 63.742486891 2.484099127 -3.018766659 0.041670830 0.032012821 0.010591600 0.998562236
1706586017.772527456 63.849828286 2.492471510 -3.021276853 0.040348843 0.032923645 0.012817696 0.998560820
1706586017.872366667 63.954226891 2.493603774 -3.022865893 0.040231137 0.032796981 0.016125558 0.998521797
1706586017.972604513 64.061347104 2.491461779 -3.032694286 0.040572512 0.035363196 0.018673908 0.998375982
1706586018.072432995 64.154757623 2.497294597 -3.039379829 0.041362072 0.035591906 0.021556515 0.998277372
1706586018.172272444 64.244961494 2.496224802 -3.048621088 0.042973170 0.036607677 0.024134068 0.998113586
1706586018.272922277 64.334456592 2.507752525 -3.056771627 0.039595376 0.033793108 0.026521674 0.998291958
1706586018.372757673 64.427228348 2.513396166 -3.061685705 0.038541850 0.034402905 0.029431012 0.998230826
1706586018.471445799 64.508885654 2.520821124 -3.064829030 0.039595042 0.034775125 0.031926140 0.998100017
1706586018.570075989 64.579280196 2.522168036 -3.073343104 0.043430373 0.032891726 0.032967257 0.997970489
1706586018.668710947 64.654036840 2.524622818 -3.076593895 0.043077320 0.031823161 0.033797322 0.997992671
1706586018.772892952 64.727410275 2.524588494 -3.083498348 0.043206069 0.028487829 0.033329012 0.998103630
1706586018.872740984 64.816320725 2.528529213 -3.087392678 0.043328953 0.029826363 0.031427030 0.998120900
1706586018.971840143 64.912023957 2.527939440 -3.092465611 0.038878805 0.029257426 0.029868710 0.998368820
1706586019.072420359 65.013571637 2.524828219 -3.090836195 0.039851582 0.027230713 0.026937451 0.998471188
1706586019.172249317 65.115419053 2.524511626 -3.095304053 0.040525484 0.027235285 0.025396713 0.998484317
1706586019.272912264 65.213937340 2.526129551 -3.102711628 0.038907498 0.025906899 0.024147309 0.998615014
1706586019.372738123 65.300793641 2.524257705 -3.104613355 0.041787914 0.023195229 0.021300422 0.998630083
1706586019.472586155 65.390710354 2.533116982 -3.102931559 0.038122211 0.023769687 0.018071121 0.998826879
1706586019.572409630 65.482141516 2.538057943 -3.105991297 0.039726285 0.021426108 0.016855334 0.998838647
1706586019.672245264 65.571589360 2.529831664 -3.114719665 0.042464687 0.022748328 0.015517258 0.998718418
1706586019.771215916 65.649659446 2.525637234 -3.116679052 0.042082256 0.022926313 0.013701366 0.998757098
1706586019.869845867 65.722682819 2.518501552 -3.122994758 0.042495670 0.022848649 0.012932623 0.998751623
1706586019.972546339 65.800225520 2.514273527 -3.127231127 0.043796230 0.025886177 0.011300889 0.998641120
1706586020.072390318 65.871607679 2.516951449 -3.133656085 0.040622646 0.024215204 0.009589788 0.998835052
1706586020.172230244 65.948153513 2.513889473 -3.136292937 0.041365361 0.025245754 0.008934428 0.998785129
1706586020.272864580 66.034824640 2.510746399 -3.139004544 0.044186417 0.026265910 0.008500058 0.998641783
1706586020.372702360 66.121538203 2.503893636 -3.148230693 0.042761650 0.027053584 0.009657029 0.998672262
1706586020.472538233 66.205799801 2.504571859 -3.151039593 0.044867987 0.026091561 0.010125399 0.998600806
1706586020.572386265 66.292231852 2.500833413 -3.157277879 0.044384008 0.026513765 0.009631943 0.998616195
1706586020.671717644 66.373159354 2.505736658 -3.157935057 0.044682186 0.024854541 0.009378063 0.998647989
1706586020.772866249 66.466548561 2.505893868 -3.163235883 0.042736035 0.026224973 0.009790384 0.998694163
1706586020.872705460 66.558398451 2.505074176 -3.166707304 0.044921599 0.025318163 0.012931526 0.998585908
1706586020.972277641 66.648635162 2.507573647 -3.171613415 0.044410738 0.025764962 0.018524104 0.998509244
1706586021.070893288 66.742347798 2.516602455 -3.176136797 0.042873446 0.028250897 0.023712115 0.998399464
1706586021.169538260 66.833384196 2.521718592 -3.181593067 0.045659171 0.028712442 0.028992046 0.998123388
1706586021.272870064 66.933706059 2.531434954 -3.188155140 0.042034560 0.032919892 0.034856957 0.997965114
1706586021.372714281 67.028168964 2.539422049 -3.196600240 0.040578735 0.034177763 0.042902830 0.997669582
1706586021.472431898 67.128271927 2.550858489 -3.208169237 0.041751257 0.037735467 0.050845145 0.997119671
1706586021.571182728 67.220449784 2.562681563 -3.211014998 0.042936053 0.039728384 0.058195480 0.996589904
1706586021.672229052 67.326349265 2.579702557 -3.218946303 0.041214337 0.041981370 0.063691644 0.996234068
1706586021.772860050 67.427707933 2.590637268 -3.225401827 0.044924167 0.047744127 0.066058470 0.995659880
1706586021.872716665 67.520357351 2.600605423 -3.232650705 0.046191473 0.048471886 0.066089130 0.995564690
1706586021.972550631 67.613782619 2.617844670 -3.239737364 0.041019878 0.050510116 0.066130779 0.995687108
1706586022.072392464 67.710494300 2.627658485 -3.246408462 0.039321581 0.050867104 0.065255594 0.995795189
1706586022.172234297 67.809629177 2.634953289 -3.255439339 0.043684997 0.054046225 0.065282458 0.995444035
1706586022.271717787 67.901653821 2.635756032 -3.264446822 0.043931313 0.051963538 0.062783241 0.995704823
1706586022.370379686 67.992550060 2.647388336 -3.274383102 0.041378761 0.051661759 0.061585011 0.995904688
1706586022.469025612 68.077708093 2.651343856 -3.286366079 0.041430478 0.051859852 0.061221368 0.995914663
1706586022.572407484 68.165124053 2.662477886 -3.292980188 0.039466701 0.053543748 0.060218564 0.995966451
1706586022.672252178 68.253099938 2.667092458 -3.299581611 0.040127430 0.053198696 0.059681579 0.995990862
1706586022.772119045 68.326289364 2.675155916 -3.310739213 0.042755864 0.051340780 0.060030070 0.995958057
1706586022.872735739 68.408604106 2.691778308 -3.311714458 0.041027125 0.050871821 0.065964952 0.995679395
1706586022.972571850 68.482984972 2.706515084 -3.320335552 0.040612574 0.051817539 0.071837711 0.995241129
1706586023.072421789 68.564625231 2.726282388 -3.332404716 0.040489998 0.054434461 0.081362046 0.994373002
1706586023.172245741 68.639484339 2.740725586 -3.339086541 0.041261815 0.049401837 0.090824770 0.993784575
1706586023.272899866 68.701863239 2.751477542 -3.340863793 0.043974325 0.049454605 0.099234140 0.992861061
1706586023.372733593 68.754024377 2.764846439 -3.340775315 0.043026755 0.048273785 0.104132302 0.992458968
1706586023.472578049 68.804658243 2.769928593 -3.345170406 0.044123959 0.045535265 0.104945501 0.992454562
1706586023.571399689 68.846366053 2.774821407 -3.351025821 0.046851486 0.048522183 0.105223010 0.992158583
1706586023.670111179 68.891768568 2.783092350 -3.359074221 0.045810104 0.045837513 0.101834284 0.992688337
1706586023.768758297 68.935538693 2.791865968 -3.364387830 0.042572949 0.049460665 0.099680458 0.992877129
1706586023.872750998 68.978042762 2.798000198 -3.365642624 0.042364079 0.045391619 0.095552412 0.993486096
1706586023.972592831 69.019214350 2.806710801 -3.363334844 0.042589240 0.047591112 0.092051262 0.993704085
1706586024.071573973 69.060755024 2.810488810 -3.358570727 0.044448343 0.047116390 0.088462736 0.993971194
1706586024.170524836 69.112882273 2.816784619 -3.361258250 0.041193824 0.050286514 0.087593998 0.994033011
1706586024.272536755 69.154951254 2.817336616 -3.363603601 0.045868808 0.047392989 0.083262000 0.994342696
1706586024.372378826 69.195853054 2.817857151 -3.367129583 0.045676848 0.049864692 0.080475228 0.994460093
1706586024.472212791 69.230036080 2.818099245 -3.373848484 0.046772929 0.050216848 0.077655362 0.994615607
1706586024.572856426 69.270684806 2.823326171 -3.378026885 0.045913520 0.051574872 0.074808818 0.994804313
1706586024.672700882 69.308850380 2.821535463 -3.386330818 0.048321118 0.052936297 0.071972645 0.994828003
1706586024.772369146 69.343209270 2.822523285 -3.397262400 0.050013867 0.053306561 0.067951355 0.995007355
1706586024.871037006 69.382088528 2.830112981 -3.398674742 0.043280525 0.054233858 0.065673746 0.995425760
1706586024.969734907 69.421455651 2.836911616 -3.403517849 0.043901831 0.053234131 0.061926914 0.995692630
1706586025.072844982 69.467433286 2.836246386 -3.407815820 0.044259517 0.054475543 0.061684470 0.995624697
1706586025.172702312 69.511161234 2.842921959 -3.413194065 0.046701809 0.054256891 0.062894550 0.995449349
1706586025.272542953 69.568110938 2.851546537 -3.419538429 0.045557504 0.053775433 0.067798129 0.995206577
1706586025.371622324 69.634281696 2.860605996 -3.430406804 0.049067973 0.052068378 0.073372411 0.994734994
1706586025.472239971 69.707005034 2.875120011 -3.433469488 0.044852530 0.053613771 0.083769560 0.994030420
1706586025.572861671 69.780149922 2.890264514 -3.442922121 0.046986427 0.056154110 0.095380969 0.992744409
1706586025.672719717 69.843237541 2.899211180 -3.447023958 0.052367835 0.054918351 0.103717174 0.991707786
1706586025.772565842 69.901438554 2.912601832 -3.449976441 0.053693595 0.053161015 0.114086547 0.990593339
1706586025.872417212 69.943791169 2.915979935 -3.455364395 0.057115282 0.051005609 0.120512095 0.989754064
1706586025.972281694 69.979762513 2.930093135 -3.454875697 0.055875886 0.047697884 0.123589967 0.989610185
1706586026.072118044 70.021534887 2.942455535 -3.454520511 0.052552367 0.046943488 0.124408217 0.989725797
1706586026.170831442 70.043837763 2.944265103 -3.462169203 0.050478382 0.044986703 0.122640323 0.990145182
1706586026.269600391 70.074126404 2.951295629 -3.464598100 0.050780447 0.041485679 0.119457491 0.990671587
1706586026.372438669 70.119698847 2.963376370 -3.471283397 0.045876894 0.040352257 0.115518259 0.991424499
1706586026.472262144 70.168779900 2.976319334 -3.470514267 0.044526325 0.039660410 0.107898640 0.992372078
1706586026.572486162 70.219940734 2.987632203 -3.468013459 0.045039217 0.035194279 0.096555756 0.993684969
1706586026.671507597 70.274485811 3.005432224 -3.462963688 0.037587211 0.031939371 0.083028793 0.995325724
1706586026.772574186 70.343319352 3.008707886 -3.464766641 0.036788277 0.034857322 0.071808672 0.996130064
1706586026.872412443 70.417677404 3.000662166 -3.474841257 0.046016086 0.035765425 0.063267567 0.996293415
1706586026.972262859 70.493017575 3.001369416 -3.486709652 0.046827438 0.036568039 0.057080152 0.996600133
1706586027.072912455 70.560040890 3.013349614 -3.492621142 0.044829593 0.037709810 0.051630822 0.996946606
1706586027.172734976 70.627537507 3.022976872 -3.492835270 0.046240605 0.038617861 0.045737394 0.997135175
1706586027.272569418 70.702838623 3.023460318 -3.496131369 0.048065234 0.040436155 0.041304367 0.997170296
1706586027.371839762 70.778836927 3.014869389 -3.504565932 0.047914658 0.042951560 0.036688353 0.997252884
1706586027.470619917 70.847413237 3.009367639 -3.511863407 0.050101987 0.042078029 0.031097959 0.997372622
1706586027.569399595 70.907930177 3.009256632 -3.520443906 0.044520590 0.043206493 0.027703575 0.997689144
1706586027.672741413 70.971547106 3.004922345 -3.531291842 0.045050516 0.042857430 0.023318463 0.997792534
1706586027.772562265 71.029155039 2.997792162 -3.538294966 0.045555799 0.042836636 0.017647740 0.997886892
1706586027.872399807 71.088300138 2.994567842 -3.545983269 0.045026451 0.043298618 0.013415221 0.997956853
1706586027.972243309 71.145721394 2.991699118 -3.554055033 0.044626398 0.042727476 0.009735633 0.998042116
1706586028.072890043 71.198493562 2.987082374 -3.558047442 0.045441761 0.042181438 0.005843530 0.998058929
1706586028.172720671 71.246459869 2.982990170 -3.560394815 0.045034539 0.041357546 0.001817211 0.998127317
1706586028.272549391 71.287836904 2.978989380 -3.563293344 0.047228907 0.041788604 -0.001637594 0.998008247
1706586028.372383118 71.329063902 2.968323073 -3.563710119 0.046539640 0.039559905 -0.004808760 0.998121211
1706586028.472219229 71.367008063 2.967571635 -3.565264342 0.047895067 0.040401214 -0.009400031 0.997990703
1706586028.572859287 71.406247884 2.972185331 -3.562595820 0.044284987 0.040259882 -0.013234238 0.998119651
1706586028.671640158 71.448600447 2.976021948 -3.561273541 0.043733839 0.040733140 -0.016017109 0.998083972
1706586028.770426035 71.481314558 2.969002781 -3.569822116 0.045221029 0.041400309 -0.018119255 0.997954290
1706586028.869220734 71.523862316 2.965453680 -3.574371535 0.046632638 0.042392524 -0.020709580 0.997797266
1706586028.972621202 71.562923859 2.960084247 -3.581563121 0.044097361 0.039038840 -0.024705888 0.997958421
1706586029.072448015 71.608175808 2.952720109 -3.592727644 0.044670960 0.039575382 -0.027109282 0.997849378
1706586029.172296286 71.646598809 2.943923296 -3.597517872 0.044574245 0.038661749 -0.029678177 0.997816422
1706586029.272532463 71.684351380 2.934522463 -3.602129392 0.041743500 0.039485417 -0.030480788 0.997882410
1706586029.372362614 71.720444953 2.930776821 -3.598422627 0.044236792 0.038185446 -0.031744984 0.997786166
1706586029.472603798 71.756288258 2.926862153 -3.596302501 0.041651738 0.037075813 -0.032607306 0.997911459
1706586029.572454214 71.790549006 2.928312069 -3.595786772 0.041711111 0.037369314 -0.034333132 0.997840144
1706586029.672284842 71.827550490 2.923532396 -3.597896650 0.042751347 0.038067011 -0.035767358 0.997719360
1706586029.772916079 71.873280538 2.918562094 -3.604395179 0.042993171 0.037712176 -0.039311769 0.997589076
1706586029.872730255 71.931453969 2.912525026 -3.612070249 0.042190478 0.038178730 -0.042367820 0.997480484
1706586029.971521616 71.982604146 2.907527336 -3.615409882 0.040195160 0.035728679 -0.047575834 0.997418844
1706586030.070315123 72.037660162 2.901183466 -3.614733889 0.039444459 0.036339239 -0.053194778 0.997142873
1706586030.169202566 72.093977053 2.897527828 -3.617182738 0.038947592 0.035044033 -0.059516012 0.996851466
1706586030.272901535 72.147194547 2.886835338 -3.622756704 0.038343476 0.039230604 -0.064017021 0.996439942
1706586030.372732639 72.195783666 2.878628779 -3.622897904 0.039503599 0.038357958 -0.069230452 0.996079955
1706586030.472574949 72.247256725 2.868759986 -3.626586648 0.039508698 0.039923770 -0.073436541 0.995716943
1706586030.572425842 72.284707246 2.857093648 -3.628845723 0.039419427 0.038971399 -0.080232334 0.995233697
1706586030.672265053 72.323912077 2.851005873 -3.624428862 0.037777581 0.040094907 -0.087056161 0.994679083
1706586030.772814512 72.353317967 2.833459826 -3.622832958 0.036688212 0.038168222 -0.097510563 0.993825363
1706586030.871436596 72.384987401 2.819718705 -3.620932093 0.035194654 0.038515236 -0.107609167 0.992823338
1706586030.969600916 72.423556952 2.810227652 -3.625893143 0.034151057 0.039259598 -0.118656871 0.991570944
1706586031.072416544 72.471602181 2.792721716 -3.630372372 0.033067968 0.038382588 -0.129344813 0.990304602
1706586031.172267437 72.525472817 2.775164527 -3.640320816 0.031878369 0.040204388 -0.139039751 0.988956685
1706586031.271403790 72.587495583 2.760447084 -3.639683336 0.026913592 0.037341694 -0.150111911 0.987596917
1706586031.370240211 72.652936740 2.745159105 -3.646150289 0.025497374 0.041040844 -0.160042325 0.985926969
1706586031.472576141 72.717168142 2.721766163 -3.654630672 0.025113997 0.038922717 -0.174251230 0.983611111
1706586031.572412252 72.785465498 2.701440415 -3.655635714 0.025295827 0.040866119 -0.184534393 0.981650212
1706586031.672245502 72.841425435 2.680515269 -3.652786731 0.025555652 0.039761744 -0.190483584 0.980551843
1706586031.772879839 72.893209059 2.661500414 -3.654706850 0.030941662 0.045952712 -0.190335455 0.980154772
1706586031.872710943 72.924727103 2.649261041 -3.648395567 0.029946803 0.044609632 -0.187492844 0.980795393
1706586031.972549915 72.936021686 2.640390379 -3.650298408 0.029975886 0.043208577 -0.184491885 0.981426110
1706586032.071563482 72.934659621 2.633162003 -3.652800744 0.029165591 0.042268237 -0.184102959 0.981564499
1706586032.170289516 72.919166631 2.641029815 -3.648526611 0.030453223 0.043622997 -0.187853501 0.980755167
1706586032.268822193 72.895301626 2.645208516 -3.649894529 0.027722729 0.043862207 -0.193698587 0.979687917
1706586032.372745275 72.862851189 2.656051389 -3.647285680 0.027582015 0.043346931 -0.202425186 0.977949038
1706586032.472409487 72.815541242 2.669398967 -3.650608123 0.029144732 0.041308302 -0.212476225 0.975857604
1706586032.571298838 72.769877078 2.682962184 -3.644911372 0.028763669 0.042344534 -0.224376512 0.973157116
1706586032.670232058 72.726812469 2.692059824 -3.645173640 0.021592816 0.041645155 -0.236713410 0.970446388
1706586032.772915363 72.672466760 2.700604506 -3.646735252 0.022911610 0.040172035 -0.247987807 0.967658676
1706586032.871706009 72.637272915 2.711741792 -3.644483484 0.022480205 0.040805273 -0.258323994 0.964934342
1706586032.970227957 72.608327156 2.726886501 -3.642797168 0.020339532 0.038403354 -0.266182101 0.962942664
1706586033.072442293 72.588207895 2.740110323 -3.644547078 0.017962998 0.038694745 -0.273703377 0.960867581
1706586033.172276497 72.570514585 2.747440588 -3.646657342 0.016885851 0.039284790 -0.279694143 0.959136466
1706586033.271809816 72.556595919 2.751469185 -3.645228162 0.016969045 0.039944894 -0.285268306 0.957464595
1706586033.370410442 72.536453950 2.760558218 -3.639271418 0.022773539 0.041513376 -0.290095669 0.955825564
1706586033.463137388 72.519436270 2.771397886 -3.640895958 0.020643973 0.041033370 -0.295622537 0.954199877
1706586033.561726809 72.484104624 2.787109092 -3.635930595 0.018786306 0.040841994 -0.305116644 0.951253300
1706586033.672302246 72.445990339 2.807958983 -3.632007906 0.021042613 0.041699406 -0.314418916 0.948134544
1706586033.772327662 72.399610414 2.839128233 -3.625241569 0.016215040 0.041114490 -0.324617239 0.944812320
1706586033.871307611 72.363025093 2.861192495 -3.619253232 0.021515521 0.040771731 -0.332383696 0.942016893
1706586033.970368385 72.316978221 2.881358450 -3.606808741 0.024328526 0.041525496 -0.339984005 0.939198931
1706586034.072077751 72.287069105 2.908360065 -3.603282441 0.021792047 0.042976715 -0.349532979 0.935684137
1706586034.170709848 72.258498444 2.926570318 -3.597758627 0.019749236 0.042931368 -0.356546346 0.933081759
1706586034.269336939 72.233351848 2.947327572 -3.589428824 0.015768632 0.041887159 -0.363292260 0.930599565
1706586034.367964983 72.207986062 2.960800776 -3.582642627 0.012346891 0.042079954 -0.367795852 0.928871920
1706586034.466609240 72.173404059 2.974284310 -3.573558707 0.014065755 0.043831119 -0.372557572 0.926866680
1706586034.565232277 72.141700413 2.976055566 -3.569308955 0.016764093 0.043153332 -0.373189500 0.926599348
1706586034.663857222 72.129189277 2.978980409 -3.574440378 0.017391309 0.041573919 -0.374963792 0.925943468
1706586034.762477636 72.118703569 2.979460392 -3.569106134 0.020173782 0.043826844 -0.377227479 0.924863047
1706586034.861090660 72.112959057 2.984257910 -3.584401980 0.015791543 0.041708663 -0.378299514 0.924608291
1706586034.972248316 72.102104103 2.998700608 -3.579949597 0.014947635 0.043457455 -0.381429403 0.923254910
1706586035.072354078 72.083397248 3.010797461 -3.570966211 0.013956164 0.045550923 -0.383910213 0.922140601
1706586035.171395779 72.055187188 3.029232894 -3.561162125 0.006007952 0.045006246 -0.388225647 0.920445104
1706586035.272550106 72.021954398 3.066928500 -3.566748653 0.000796514 0.043375513 -0.393495160 0.918302504
1706586035.371608257 71.987677657 3.103266980 -3.572066214 0.004076425 0.044589782 -0.397381967 0.916560258
1706586035.470264673 71.951271397 3.141955987 -3.567733443 0.009299272 0.042816670 -0.403472008 0.913942337
1706586035.568922758 71.893482169 3.192403089 -3.567490960 0.009228682 0.046008211 -0.411575953 0.910166639
1706586035.667587280 71.839739137 3.235913403 -3.569959729 0.010457065 0.044270886 -0.415612856 0.908403376
1706586035.766245842 71.790353639 3.282417944 -3.585631389 0.004860713 0.043767949 -0.419698081 0.906594871
1706586035.864891291 71.740246772 3.318751858 -3.593828631 -0.002404668 0.040042839 -0.422407375 0.905517972
1706586035.963514805 71.736757571 3.337150956 -3.601240046 0.003464494 0.038870397 -0.422184103 0.905669737
1706586036.062151670 71.729448836 3.337646899 -3.611295613 0.005322735 0.037755229 -0.421160396 0.906184381
1706586036.160765886 71.738412234 3.338150663 -3.619121422 0.002733486 0.037402721 -0.422394408 0.905635980
1706586036.272555351 71.742488899 3.333788073 -3.630268627 -0.003782625 0.036683544 -0.422408298 0.905655144
1706586036.372397900 71.763558034 3.317528098 -3.634965215 0.005398809 0.037429599 -0.421143060 0.906205496
1706586036.471619844 71.779031498 3.316334407 -3.643734662 0.004251021 0.036559994 -0.422506896 0.905612069
1706586036.572724342 71.794418306 3.322116870 -3.640696755 0.001207670 0.037387440 -0.422498741 0.905591263
1706586036.671372890 71.801046337 3.317252003 -3.646259963 0.002470782 0.037117023 -0.422340334 0.905673707
1706586036.770035028 71.793160158 3.311646233 -3.646981647 0.002855868 0.037110578 -0.420968555 0.906311274
1706586036.868685722 71.792957793 3.323099119 -3.652041372 0.003759047 0.036686072 -0.421981653 0.905854009
1706586036.967325687 71.790841963 3.321460084 -3.647552582 0.003012964 0.036395148 -0.421105726 0.906276052
1706586037.065968275 71.781893591 3.322471589 -3.655137809 0.002229648 0.034793982 -0.421003522 0.906388682
1706586037.164581060 71.785445185 3.320129632 -3.652818504 0.002005212 0.036182676 -0.420851870 0.906405261
1706586037.263171673 71.774577197 3.316743836 -3.656644625 -0.000517766 0.035476163 -0.421149695 0.906296920
1706586037.361756325 71.784976985 3.311556140 -3.655476648 0.002882057 0.035280464 -0.421569539 0.906104909
1706586037.460277319 71.790595277 3.310343979 -3.653897778 0.001789219 0.034850344 -0.422801057 0.905550395
1706586037.572406530 71.805077685 3.318408273 -3.659220031 0.004920699 0.035648497 -0.427449513 0.903322692
1706586037.672255993 71.797640687 3.308333595 -3.658441075 0.001078536 0.036349323 -0.428485457 0.902816580
1706586037.772896290 71.790925843 3.310367120 -3.667040903 0.004546284 0.035286538 -0.433051931 0.900666540
1706586037.872307539 71.767597644 3.305752796 -3.679313963 0.002277835 0.035924510 -0.437413004 0.898539985
1706586037.970894575 71.770081432 3.299866402 -3.676366402 0.001088274 0.034669355 -0.440775109 0.896947130
1706586038.069481134 71.767537984 3.283167500 -3.670673898 0.008315369 0.035651930 -0.448532392 0.893016511
1706586038.167983055 71.771719464 3.267442684 -3.673303175 0.008094980 0.033756189 -0.457281518 0.888644251
1706586038.266448259 71.778241375 3.234669515 -3.667361923 0.004030303 0.035543951 -0.465192255 0.884486603
1706586038.364791155 71.791480327 3.193839378 -3.657152429 0.000526389 0.038193438 -0.478072935 0.877489176
1706586043.569020987 70.579018711 4.628757285 -2.564714615 -0.079857498 -0.158991530 0.921695504 -0.344705485
1706586043.667985201 70.349501682 4.560363259 -2.653976916 -0.059912334 -0.171785432 0.923700907 -0.337160070
1706586043.772748470 70.153899168 4.604948422 -2.529489170 -0.068776223 -0.203775641 0.917194167 -0.335410462
1706586043.871631622 70.085603836 4.261135025 -2.542910854 -0.068507526 -0.212436342 0.927336633 -0.300373582
1706586043.970443249 69.900926716 4.306945462 -2.888588133 -0.018817082 -0.123524101 0.946937053 -0.296138366
1706586044.069259167 69.705398269 4.188293794 -2.974607091 -0.013145617 -0.113045410 0.953298564 -0.279767360
1706586044.168180466 69.516374528 3.868984372 -3.162186889 0.003513894 -0.081386092 0.961116878 -0.263852805
1706586044.272369862 69.356726541 3.593163911 -3.249071598 0.002560558 -0.054176437 0.965594328 -0.254334330
1706586044.372603416 69.213600319 3.115535804 -3.339171817 0.007229958 -0.056462912 0.972106063 -0.227529051
1706586044.472457170 69.031354350 2.918352315 -3.364114167 0.015229758 -0.058488478 0.977016163 -0.204417635
1706586044.572302341 69.011393294 2.484301868 -3.402107470 0.018166581 -0.065147832 0.981506195 -0.179084685
1706586044.672536850 68.912258962 1.969350678 -3.425205658 0.018950927 -0.052962180 0.984772900 -0.164493784
1706586044.772120237 68.868693127 1.707368714 -3.424918517 0.019420681 -0.052849064 0.987725507 -0.145698789
1706586044.870788336 68.774268233 1.459645817 -3.465486273 0.024151132 -0.045705514 0.990439931 -0.127892421
1706586044.969552279 68.686887280 1.332664327 -3.454735996 0.027533387 -0.043110971 0.992956649 -0.106866507
1706586045.068258762 68.587150835 1.228759504 -3.408204001 0.022995217 -0.049929408 0.994928211 -0.084238521
1706586045.172548294 68.497313738 1.210503748 -3.397870003 0.025746811 -0.047563237 0.996475081 -0.064126856
1706586045.272153616 68.419874134 1.310258732 -3.381746623 0.026762276 -0.031445537 0.998101044 -0.045708466
1706586045.371026993 68.316561244 1.581278225 -3.337983418 0.021805511 -0.024131788 0.998833166 -0.035699912
1706586045.472877502 68.276413581 1.969953729 -3.335831388 0.031535038 -0.014057758 0.999128405 -0.023459568
1706586045.572704077 68.255547397 2.422217842 -3.342951639 0.033231887 -0.007478920 0.999358637 -0.011046374
1706586045.672538996 68.235127528 2.699234859 -3.340345464 0.036735338 -0.022184401 0.999042594 0.008500782
1706586045.770951509 68.227139330 2.911027573 -3.333354888 0.043272187 -0.028991863 0.998289177 0.026565192
1706586045.872218609 68.210473813 3.056138564 -3.305344277 0.041326239 -0.043985296 0.997353187 0.040546951
1706586045.972851038 68.207159771 3.149447809 -3.280974360 0.048021543 -0.052143874 0.996104338 0.052450891
1706586046.071907759 68.182972601 3.189804310 -3.249552870 0.047337791 -0.050608345 0.995851776 0.058967528
1706586046.170655727 68.144067590 3.201831352 -3.233492423 0.049580138 -0.046407186 0.995778500 0.061752430
1706586046.269383192 68.101930094 3.200347719 -3.225267464 0.048849789 -0.046940961 0.995702128 0.063146781
1706586046.372212648 68.037342090 3.209878650 -3.201531489 0.045726615 -0.044025911 0.996120852 0.060942959
1706586046.472849846 67.982243192 3.207514791 -3.195855180 0.048937546 -0.037998181 0.996304792 0.059481229
1706586046.572700024 67.906931272 3.177882096 -3.198012614 0.052355811 -0.034988554 0.996215066 0.059918377
1706586046.672535658 67.844240902 3.160286571 -3.201690704 0.047775992 -0.031414347 0.996544302 0.060249875
1706586046.772380352 67.775002417 3.144998749 -3.198155458 0.049927860 -0.029548485 0.996506418 0.060075413
1706586046.872216940 67.689669769 3.116978494 -3.193264813 0.050700508 -0.039116404 0.996034086 0.061769455
1706586046.971325159 67.643179732 3.110269168 -3.196001112 0.048727934 -0.030797745 0.996255319 0.064439332
1706586047.069855213 67.594110432 3.130431585 -3.197449369 0.051248624 -0.021399084 0.995921751 0.071102210
1706586047.172517538 67.461719921 3.124775810 -3.184995234 0.047294882 -0.028793620 0.995051414 0.082503367
1706586047.272368908 67.352033850 3.113648162 -3.164906970 0.049166312 -0.031546674 0.994536844 0.086509814
1706586047.371744156 67.269089418 3.164898185 -3.152957994 0.053032915 -0.031138950 0.993791629 0.092715014
1706586047.470496893 67.178226934 3.170730969 -3.146333259 0.052292830 -0.029991778 0.992899550 0.102549677
1706586047.569285154 67.068101326 3.201713375 -3.146452985 0.053592588 -0.028872046 0.992099280 0.109696210
1706586047.672908783 66.968826077 3.255571189 -3.128858717 0.054774850 -0.030820335 0.991097699 0.117367683
1706586047.772753000 66.851006809 3.299699270 -3.106357345 0.051097331 -0.031238126 0.990381875 0.124727642
1706586047.872595549 66.774333781 3.328797817 -3.095129649 0.048933442 -0.020663888 0.990126952 0.129719472
1706586047.972432852 66.662028951 3.370227596 -3.076749468 0.049009719 -0.019345181 0.990538595 0.126716629
1706586048.072273970 66.567866996 3.402832980 -3.071868790 0.049299108 -0.025031109 0.991167592 0.120539807
1706586048.171704769 66.481867638 3.407207859 -3.083341779 0.051448489 -0.025735676 0.991939812 0.112898791
1706586048.270400286 66.405800845 3.403294675 -3.082032679 0.052641943 -0.021626858 0.992964970 0.103834836
1706586048.369133949 66.326505830 3.402751910 -3.084886562 0.051596037 -0.022587904 0.993993873 0.093828654
1706586048.467864037 66.220049729 3.438458205 -3.070991865 0.051452137 -0.027203987 0.994820938 0.083330203
1706586048.572278976 66.164551920 3.450581764 -3.047830658 0.051284965 -0.028427536 0.995473880 0.074789588
1706586048.671563864 66.087203837 3.452588267 -3.034255966 0.050559216 -0.025762111 0.996138266 0.066997268
1706586048.770350218 66.051411063 3.462139441 -3.021424662 0.050238451 -0.025102824 0.996604109 0.060217903
1706586048.872575283 65.991482254 3.480729656 -3.006026697 0.049807787 -0.031214194 0.996796319 0.054239812
1706586048.972441435 65.927797684 3.446914332 -3.001709494 0.050300858 -0.034000795 0.997015043 0.047694591
1706586049.072276831 65.849096980 3.423808233 -3.006920537 0.049684772 -0.030930975 0.997584668 0.037410270
1706586049.172918558 65.756319309 3.408289780 -3.018615378 0.048531058 -0.029416653 0.998029451 0.026769623
1706586049.272747517 65.615481149 3.429853134 -2.996409205 0.049673002 -0.032401442 0.998148937 0.013469941
1706586049.372581720 65.498137315 3.415345700 -2.983418768 0.046860761 -0.037904431 0.998181533 0.000975129
1706586049.472217560 65.368347181 3.410321368 -2.962738958 0.039136866 -0.036060059 0.998520984 -0.011127589
1706586049.570938349 65.238776316 3.411162736 -2.944080468 0.037307961 -0.036833795 0.998339873 -0.023851342
1706586049.672912598 65.110141163 3.399240626 -2.933005613 0.034436961 -0.040793455 0.997956620 -0.035108034
1706586049.772753954 64.992375055 3.378457801 -2.931322387 0.029524301 -0.037838363 0.997818655 -0.045326659
1706586049.872485399 64.859537648 3.374638472 -2.919752380 0.023818947 -0.042056498 0.997513000 -0.051300325
1706586049.971224070 64.728853544 3.347269948 -2.914219260 0.022260242 -0.048183868 0.996787824 -0.059973588
1706586050.070037603 64.597221437 3.332448384 -2.912454111 0.019217977 -0.037508440 0.996649352 -0.070098893
1706586050.172896624 64.445521527 3.315139676 -2.913533586 0.015739796 -0.037723875 0.996033518 -0.079034170
1706586050.272740126 64.306000655 3.298564678 -2.908142692 0.017289466 -0.040968922 0.995256140 -0.086532289
1706586050.372579336 64.161038035 3.256607044 -2.904958871 0.016994171 -0.043311641 0.994290383 -0.096030901
1706586050.472445965 64.015768116 3.231577290 -2.900100210 0.014745885 -0.041118429 0.993312401 -0.106875194
1706586050.572288513 63.858731727 3.193112892 -2.888534399 0.012892969 -0.045688937 0.992545113 -0.112251910
1706586050.672924519 63.706852143 3.164244585 -2.884160570 0.012422439 -0.044308764 0.992258868 -0.115346237
1706586050.772760153 63.558054955 3.122467111 -2.881609696 0.009801728 -0.044533026 0.992874693 -0.110093502
1706586050.871556282 63.425925062 3.097083162 -2.878114524 0.012195223 -0.042778404 0.993821415 -0.101687167
1706586050.972454548 63.280608777 3.084444213 -2.873445374 0.012094198 -0.039741106 0.994827227 -0.092699322
1706586051.072291136 63.164282832 3.067095258 -2.870695035 0.016568523 -0.037166835 0.995654324 -0.083765010
1706586051.172207594 63.030892932 3.061469814 -2.869951959 0.020263090 -0.041385639 0.996095133 -0.075306858
1706586051.271045208 62.884723886 3.051235563 -2.860875569 0.021604858 -0.039279317 0.996861922 -0.065243186
1706586051.369929790 62.755401349 3.038574702 -2.852096091 0.021664392 -0.043055997 0.997205370 -0.057081397
1706586051.472445488 62.637633072 3.039271642 -2.854185726 0.024787198 -0.038499341 0.997770183 -0.048559828
1706586051.572270155 62.515824825 3.033251996 -2.857593858 0.023728513 -0.038760958 0.998192871 -0.039313327
1706586051.672920465 62.384025780 3.031669721 -2.853010189 0.027579582 -0.038252398 0.998383886 -0.031713350
1706586051.772754669 62.245094601 3.050164225 -2.839171787 0.028622727 -0.042221170 0.998416876 -0.023703472
1706586051.872583866 62.112130956 3.057947886 -2.824067218 0.027108578 -0.038623133 0.998765165 -0.015541009
1706586051.972429514 61.999432734 3.067774217 -2.816239138 0.028920007 -0.042185247 0.998657409 -0.008210777
1706586052.071622372 61.878541571 3.065855657 -2.809648828 0.028008662 -0.038701702 0.998855518 -0.002312367
1706586052.170159101 61.758458528 3.058206069 -2.806029550 0.026239504 -0.039412501 0.998875049 0.002603941
1706586052.272750854 61.636449997 3.065215443 -2.791918857 0.025782689 -0.038422346 0.998909473 0.006232334
1706586052.372589588 61.501157592 3.063792570 -2.790171019 0.025981414 -0.043367977 0.998675527 0.009559111
1706586052.472021818 61.393901213 3.062986648 -2.785882839 0.023998024 -0.036936317 0.998960112 0.011768506
1706586052.570882082 61.275548263 3.070908865 -2.792619737 0.022815341 -0.032148577 0.999122694 0.014134041
1706586052.669786453 61.117220168 3.079106815 -2.777764807 0.020715986 -0.037417227 0.998941853 0.016910773
1706586052.772750616 60.974549178 3.099655487 -2.775025423 0.021085272 -0.032551122 0.999015029 0.021559403
1706586052.872589827 60.807199316 3.114685951 -2.763317267 0.024696902 -0.035223687 0.998723382 0.026475680
1706586052.972427130 60.675832759 3.133516994 -2.759347995 0.029752704 -0.031893376 0.998695149 0.026562911
1706586053.072271347 60.536169420 3.139826443 -2.753626837 0.033877334 -0.028649843 0.998737222 0.023568491
1706586053.172899485 60.414770903 3.144230661 -2.750576223 0.035184125 -0.023334074 0.998889047 0.020934900
1706586053.272425413 60.282412744 3.160404971 -2.734932637 0.035777253 -0.024571220 0.998873818 0.019166101
1706586053.371108294 60.178733522 3.157361394 -2.734819768 0.037189711 -0.027715533 0.998778682 0.017027016
1706586053.469591141 60.081397344 3.176882069 -2.727599714 0.034453673 -0.016970778 0.999167770 0.013737012
1706586053.572279453 59.988633563 3.172643451 -2.706447329 0.035055465 -0.026335371 0.998971774 0.011530725
1706586053.672922373 59.874648672 3.187087312 -2.691477569 0.034605934 -0.026022919 0.999017821 0.009414385
1706586053.772112846 59.768828230 3.191863632 -2.680522249 0.034425504 -0.024455075 0.999083405 0.007013057
1706586053.871092796 59.660334107 3.194191201 -2.676957808 0.034023214 -0.028324171 0.999010196 0.004334726
1706586053.970184326 59.550989892 3.184028408 -2.670453118 0.033254430 -0.029423124 0.999013673 0.000322583
1706586054.072282076 59.436457362 3.186881568 -2.658673225 0.034171824 -0.024688453 0.999099697 -0.004750012
1706586054.172924757 59.312966932 3.183925783 -2.649167187 0.042971789 -0.026794327 0.998677505 -0.008873054
1706586054.272763252 59.177383933 3.178630888 -2.632593794 0.043458953 -0.021821521 0.998764217 -0.010255659
1706586054.372584105 59.078884857 3.179132775 -2.622719942 0.058981501 -0.025535520 0.997833382 -0.014059241
1706586054.472433567 58.963176542 3.165017143 -2.616567512 0.058006178 -0.027816809 0.997791184 -0.016560859
1706586054.572260141 58.826150028 3.166160348 -2.606334128 0.053214261 -0.024399955 0.998098338 -0.019302644
1706586054.670819759 58.701121215 3.166793157 -2.593317265 0.048415002 -0.025491591 0.998216720 -0.023865172
1706586054.769159794 58.583172827 3.159046653 -2.584677119 0.034702329 -0.027784006 0.998822725 -0.019415507
1706586054.872570276 58.456878113 3.159719586 -2.570099202 0.039187277 -0.026628750 0.998670842 -0.020293256
1706586054.972400665 58.323326138 3.155449369 -2.556822738 0.038645154 -0.028886562 0.998601194 -0.021628080
1706586055.072258472 58.185779792 3.150428572 -2.545869116 0.042593081 -0.035125104 0.998168852 -0.024718401
1706586055.171459913 58.052656320 3.154306173 -2.528476820 0.045394916 -0.033215095 0.997968419 -0.029918117
1706586055.272739172 57.921269990 3.152214445 -2.511015515 0.045506798 -0.029146864 0.997965455 -0.033831087
1706586055.372580290 57.789935060 3.141798217 -2.499223244 0.048156785 -0.030054200 0.997637150 -0.038701242
1706586055.472429037 57.674222866 3.134227816 -2.489702427 0.043704176 -0.033099650 0.997638827 -0.041365798
1706586055.572249651 57.545140037 3.126869507 -2.494247829 0.029917765 -0.032698424 0.998093770 -0.042948413
1706586055.672886133 57.401016651 3.121519631 -2.483244967 0.012321985 -0.028580480 0.998463949 -0.045837402
1706586055.772727489 57.270400799 3.106574557 -2.484579168 0.012933562 -0.029041523 0.998259225 -0.049677285
1706586055.871360064 57.138071311 3.095158431 -2.475171812 0.006137529 -0.031905495 0.998217345 -0.050064976
1706586055.969934225 57.006489849 3.082769273 -2.472597584 0.006557777 -0.026907311 0.998226460 -0.052696546
1706586056.068705320 56.920886854 3.073332987 -2.484263421 0.028993749 -0.020699234 0.997856197 -0.054899121
1706586056.172893763 56.821836254 3.068503114 -2.465015087 0.034856500 -0.019187829 0.997617264 -0.056361741
1706586056.272727728 56.724584682 3.054423968 -2.459109839 0.033564597 -0.018741853 0.997216051 -0.063892937
1706586056.371917725 56.618662279 3.034419227 -2.457872796 0.035537509 -0.014320951 0.996759468 -0.070728768
1706586056.471057653 56.528765221 3.019045372 -2.454145234 0.031008143 -0.022672124 0.996347493 -0.076263647
1706586056.572242498 56.430435366 3.001971932 -2.450458672 0.033232756 -0.018687695 0.996049184 -0.080202107
1706586056.672880411 56.326088367 2.983665245 -2.446290078 0.028983785 -0.020353370 0.995894266 -0.083308414
1706586056.772725582 56.222757047 2.955363935 -2.441038572 0.026700674 -0.024402827 0.995678579 -0.085532121
1706586056.872567415 56.123962170 2.944855629 -2.432242700 0.031517511 -0.021165388 0.995471086 -0.087154976
1706586056.972402096 56.005623689 2.933288979 -2.426919147 0.032572694 -0.023607046 0.995567053 -0.085017467
1706586057.072248459 55.884638781 2.911046146 -2.419874188 0.034465088 -0.024708858 0.995696847 -0.082397933
1706586057.171229124 55.771016236 2.899495147 -2.411622508 0.037637551 -0.023853013 0.995971976 -0.077809197
1706586057.269823551 55.660651788 2.884054812 -2.404916563 0.039747760 -0.025629875 0.996164255 -0.073620670
1706586057.372534037 55.533924440 2.878971566 -2.396815327 0.035145019 -0.021174655 0.996724451 -0.069690957
1706586057.472378731 55.412596298 2.871240598 -2.381974542 0.039079520 -0.023159669 0.996724279 -0.066911380
1706586057.572227716 55.297010155 2.858280934 -2.372910669 0.040560791 -0.023231558 0.996694545 -0.066446224
1706586057.672879934 55.192055230 2.855202624 -2.364056219 0.037090692 -0.020240661 0.997002104 -0.064818211
1706586057.772723675 55.088098159 2.848140172 -2.358467100 0.038166751 -0.020281613 0.996999890 -0.064211956
1706586057.872559309 54.994274473 2.834183544 -2.347228614 0.038691761 -0.024903231 0.996936652 -0.063246259
1706586057.972399473 54.881346937 2.819519400 -2.340641789 0.035873538 -0.024942203 0.996967246 -0.064399422
1706586058.072246075 54.764964394 2.809405661 -2.336520596 0.033240733 -0.022928109 0.997013504 -0.065828780
1706586058.172889948 54.651023004 2.792600396 -2.319606389 0.032163939 -0.023909382 0.996905706 -0.067622748
1706586058.272724390 54.560758493 2.774699506 -2.313117965 0.031753121 -0.022689404 0.997056755 -0.065990585
1706586058.372273445 54.462040659 2.760341050 -2.309452031 0.033169503 -0.024567930 0.997172071 -0.062801769
1706586058.470887899 54.352359566 2.742645187 -2.303667673 0.034757309 -0.028116268 0.997259789 -0.058943340
1706586058.569556475 54.236992685 2.733911173 -2.294168042 0.040406131 -0.028767549 0.997143134 -0.056967910
1706586058.672897339 54.110391243 2.729475501 -2.288806170 0.035460564 -0.028001366 0.997429873 -0.055606838
1706586058.772738457 53.992344983 2.719651859 -2.277304555 0.039646456 -0.027034468 0.997374528 -0.054234179
1706586058.872592926 53.868205112 2.718865333 -2.272654139 0.037576735 -0.022898062 0.997636735 -0.052769421
1706586058.972437143 53.743470946 2.720042019 -2.263245965 0.035110812 -0.021599776 0.997765980 -0.052571182
1706586059.072280169 53.615219171 2.711743433 -2.253249130 0.034969936 -0.017366826 0.997750365 -0.054495011
1706586059.172928333 53.498284538 2.700701953 -2.238994021 0.038440417 -0.020566178 0.997564488 -0.054446844
1706586059.272769213 53.377802436 2.689814639 -2.225141393 0.037533309 -0.024880936 0.997328104 -0.057522549
1706586059.372620106 53.257412820 2.686628436 -2.221512934 0.037317270 -0.020840755 0.997345853 -0.058943478
1706586059.472450972 53.140344501 2.676654834 -2.213853689 0.039210444 -0.022721131 0.997330484 -0.057255549
1706586059.572284937 53.012092102 2.668014983 -2.210901464 0.033974335 -0.025747043 0.997588180 -0.054778257
1706586059.672006130 52.893257578 2.663780837 -2.195195069 0.039526923 -0.023230749 0.997715707 -0.049611718
1706586059.770633698 52.781134604 2.657170091 -2.176447238 0.038789375 -0.024805429 0.997913730 -0.045257738
1706586059.869255781 52.669737549 2.642650584 -2.170437012 0.040486048 -0.027674056 0.997845487 -0.043582237
1706586059.972445965 52.543090070 2.630892026 -2.162773211 0.037399065 -0.028411183 0.998063483 -0.040784784
1706586060.072283745 52.431937087 2.623297459 -2.152995299 0.038681555 -0.028791757 0.998024499 -0.040272477
1706586060.172913074 52.317851599 2.621282135 -2.152000477 0.032817595 -0.023811638 0.998396607 -0.039499704
1706586060.272745132 52.193906216 2.624343178 -2.145975782 0.032970091 -0.019706281 0.998639768 -0.035259743
1706586060.372587204 52.078083624 2.616815573 -2.137219347 0.028024360 -0.020717809 0.998894591 -0.031543672
1706586060.472424269 51.963817474 2.610073785 -2.128888652 0.031461940 -0.024875353 0.998701170 -0.031421911
1706586060.572255850 51.837236914 2.606027133 -2.119446854 0.028892609 -0.023426957 0.998832267 -0.030830138
1706586060.672894955 51.707391788 2.605590837 -2.113139262 0.031730955 -0.030467163 0.998556680 -0.030813217
1706586060.772734165 51.594506517 2.598953578 -2.104715884 0.028101695 -0.028531011 0.998730293 -0.030562677
1706586060.872573853 51.453702051 2.601903969 -2.099964339 0.024909714 -0.023503920 0.998905542 -0.031855772
1706586060.971429586 51.313447870 2.601646205 -2.102715536 0.011322243 -0.025694059 0.999196481 -0.028600937
1706586061.069897413 51.164242812 2.597220593 -2.099180353 -0.011306880 -0.028410170 0.999181069 -0.026499204
1706586061.172893763 51.032220381 2.590329250 -2.095257489 -0.007662923 -0.027421955 0.999257959 -0.025939299
1706586061.272721767 50.910262836 2.588574443 -2.085068989 -0.009551842 -0.027028484 0.999271625 -0.025188153
1706586061.372569561 50.791693289 2.596324211 -2.083549852 -0.004594110 -0.027542467 0.999332083 -0.023573187
1706586061.472401619 50.683552720 2.597787396 -2.081525467 0.020047837 -0.025227948 0.999237947 -0.022026346
1706586061.572248220 50.584796801 2.591915736 -2.084455231 0.028136401 -0.028717355 0.998954946 -0.021741037
1706586061.672895432 50.460753050 2.588968202 -2.082997635 0.016315796 -0.024139624 0.999410679 -0.018148485
1706586061.772745848 50.350018560 2.591890921 -2.081836725 0.014194280 -0.022151476 0.999591800 -0.011138584
1706586061.872580528 50.242249510 2.603092023 -2.077883641 0.012635737 -0.020422670 0.999701806 -0.004421842
1706586061.972416878 50.134333490 2.606598452 -2.070963924 0.011554024 -0.022119631 0.999687057 0.001736351
1706586062.072271824 50.022783635 2.617482619 -2.063348259 0.012819119 -0.024260590 0.999622091 0.001664136
1706586062.172468662 49.915662675 2.617135673 -2.067283397 0.015535298 -0.022494109 0.999626066 -0.000630034
1706586062.271094084 49.783689349 2.619625888 -2.068437132 0.015123839 -0.022496426 0.999629764 -0.002348280
1706586062.369737864 49.682371004 2.621305684 -2.059760720 0.012557488 -0.026100086 0.999578780 -0.001832268
1706586062.468424082 49.557479195 2.635045263 -2.052176921 0.009816615 -0.023669195 0.999666141 -0.003318150
1706586062.572257519 49.424970799 2.634711512 -2.048962632 0.008003287 -0.020444682 0.999748545 -0.004561801
1706586062.672900677 49.296651495 2.624975607 -2.040249796 0.008555311 -0.024470803 0.999641458 -0.006703815
1706586062.772747278 49.182079206 2.622981242 -2.040332449 0.012943502 -0.025668835 0.999552380 -0.008283494
1706586062.872581959 49.055116099 2.620071862 -2.037879207 0.014163405 -0.024831244 0.999550374 -0.009047488
1706586062.972426653 48.940793134 2.623613380 -2.031090635 0.016623503 -0.021483415 0.999593429 -0.008665902
1706586063.072274923 48.812546811 2.629431406 -2.027117112 0.018154445 -0.026216194 0.999466112 -0.007114628
1706586063.172914982 48.688634045 2.623077033 -2.027356116 0.021781060 -0.022194797 0.999469255 -0.009704911
1706586063.272767544 48.556177820 2.640138089 -2.014899826 0.019288838 -0.019025979 0.999587668 -0.009510399
1706586063.372611523 48.431857846 2.635004154 -2.009273957 0.019823474 -0.023304248 0.999470063 -0.011114597
1706586063.472124577 48.313976426 2.630776327 -1.998627927 0.018017857 -0.024410585 0.999465412 -0.012180698
1706586063.570789099 48.191721296 2.630450105 -1.991826971 0.015321635 -0.027530638 0.999406388 -0.013934966
1706586063.669512510 48.086950231 2.627699785 -1.979939216 0.018021677 -0.027210561 0.999350667 -0.015265929
1706586063.772775412 47.991146238 2.632951003 -1.973673628 0.021997972 -0.026057425 0.999200641 -0.020860954
1706586063.872603893 47.892046654 2.630945833 -1.966848462 0.022344910 -0.026034922 0.999123432 -0.023984502
1706586063.972442150 47.796947845 2.619437315 -1.962212613 0.026633379 -0.025238831 0.998893695 -0.029411759
1706586064.072266102 47.695322611 2.607604730 -1.966279217 0.028425536 -0.023511213 0.998720681 -0.034586324
1706586064.172910213 47.606604060 2.597971278 -1.963573551 0.034166453 -0.023288655 0.998423577 -0.037955945
1706586064.272756100 47.531799178 2.591805156 -1.959008101 0.032260561 -0.026769514 0.998268574 -0.041261409
1706586064.372578144 47.438440227 2.580578860 -1.950616698 0.031834979 -0.024905130 0.998158093 -0.045240359
1706586064.472412825 47.332839840 2.577590927 -1.940125222 0.028780990 -0.024854911 0.998073517 -0.049021864
1706586064.572263479 47.217195023 2.570063938 -1.930486768 0.029055476 -0.022924086 0.997876065 -0.053606195
1706586064.672913551 47.092468924 2.553415067 -1.928305862 0.023261522 -0.019193514 0.998004369 -0.055477827
1706586064.771891832 46.965468634 2.553108223 -1.915896318 0.020708919 -0.017435979 0.998027961 -0.056633172
1706586064.870581865 46.834149566 2.546376069 -1.923288061 0.020389753 -0.014864965 0.998191329 -0.054565209
1706586064.969278812 46.714987824 2.532918811 -1.912826738 0.019363555 -0.017225169 0.998337179 -0.051490026
1706586065.072270870 46.575006937 2.514053797 -1.904115030 0.019304699 -0.019434291 0.998050942 -0.056070977
1706586065.172914028 46.461325796 2.511377963 -1.897422686 0.020687833 -0.012208028 0.998003755 -0.058407905
1706586065.272762060 46.337229855 2.508307455 -1.885099858 0.018995331 -0.013689810 0.998030646 -0.058194463
1706586065.372606754 46.213345657 2.502729800 -1.876933095 0.019535751 -0.013805639 0.998194937 -0.055087452
1706586065.472457647 46.084176755 2.487579898 -1.868110278 0.021578127 -0.017027663 0.998458097 -0.048227292
1706586065.572292328 45.974511714 2.480501836 -1.862746070 0.021174250 -0.020045038 0.998673906 -0.042429661
1706586065.672542572 45.858326042 2.476997408 -1.860549018 0.021092934 -0.017771760 0.998845513 -0.039330566
1706586065.772375822 45.760552811 2.477858943 -1.854529899 0.024349413 -0.018349301 0.998797470 -0.038393003
1706586065.872218132 45.659856088 2.490221874 -1.846403371 0.029476492 -0.010805802 0.998951102 -0.033332683
1706586065.972856045 45.573391306 2.488343304 -1.844830717 0.023797952 -0.011857118 0.999238009 -0.028573892
1706586066.071671009 45.478235354 2.481525689 -1.837533699 0.026486589 -0.009063913 0.999126209 -0.031034242
1706586066.170412302 45.388562139 2.466809367 -1.832246473 0.029310821 -0.016925755 0.998947503 -0.030956118
1706586066.269162178 45.317618439 2.444137398 -1.829950194 0.032579157 -0.029187301 0.998367919 -0.036717815
1706586066.372221708 45.193455241 2.433952115 -1.829836617 0.021443145 -0.022479047 0.998248129 -0.050354317
1706586066.472862005 45.077518462 2.421133090 -1.824266412 0.010148230 -0.021179536 0.998238589 -0.054480815
1706586066.572708845 44.981924924 2.415723450 -1.826389061 0.011185776 -0.011415582 0.997539145 -0.068265777
1706586066.672539949 44.895892687 2.411634952 -1.825332390 0.011558604 -0.005874587 0.996791161 -0.078989043
1706586066.772391796 44.817198849 2.390597571 -1.821392732 0.006235119 -0.005018612 0.995713652 -0.092142609
1706586066.872222424 44.763831597 2.376848619 -1.809583715 -0.000344939 -0.013420430 0.995036116 -0.098604775
1706586066.972860575 44.706371142 2.356761887 -1.801850821 0.006381774 -0.019352625 0.993811500 -0.109194556
1706586067.072698116 44.647448951 2.351997382 -1.801157946 0.005722668 -0.018252190 0.993111877 -0.115598050
1706586067.172532082 44.581920529 2.356148534 -1.789313509 0.013896119 -0.013616477 0.992613977 -0.119745487
1706586067.272384882 44.525052210 2.339872959 -1.794405197 0.011786507 -0.015074029 0.992738751 -0.118758680
1706586067.371412516 44.457111094 2.316984839 -1.793929409 0.018319704 -0.013912100 0.992264062 -0.121995380
1706586067.470128775 44.361958136 2.303500356 -1.797103345 0.011624430 -0.005075229 0.992638804 -0.120446335
1706586067.572691679 44.263773572 2.285754395 -1.793310666 0.011002787 -0.007226503 0.993229844 -0.115417473
1706586067.672518492 44.171919735 2.262497352 -1.789967524 0.019090416 -0.015326980 0.993729127 -0.109101153
1706586067.772349834 44.067537858 2.243275124 -1.793212917 0.015206085 -0.010527062 0.993922601 -0.108516442
1706586067.871457577 43.949572608 2.237121916 -1.804147613 0.008236513 -0.001204421 0.994583998 -0.103602025
1706586067.972441673 43.828842201 2.236921893 -1.804102981 0.006038102 0.009450526 0.994796118 -0.101266546
1706586068.072296381 43.693528899 2.236401322 -1.803845162 0.004192244 0.024422994 0.994376092 -0.102966644
1706586068.172543049 43.534256374 2.207940335 -1.805796112 -0.002182242 0.027118575 0.994869454 -0.097440190
1706586068.272394896 43.406673670 2.188245016 -1.790879096 0.012886401 0.023237217 0.994975002 -0.096533501
1706586068.372217894 43.262475774 2.155625184 -1.794212212 0.006225553 0.011666515 0.996167215 -0.086463946
1706586068.472850323 43.124479529 2.127556777 -1.780834784 0.002538047 0.007812104 0.996614318 -0.081807271
1706586068.572359800 42.990656875 2.094176901 -1.773029106 0.011508355 -0.004693922 0.997059976 -0.075610382
1706586068.671082973 42.865263893 2.072060639 -1.762127235 0.007272406 -0.009454945 0.997267473 -0.072906123
1706586068.769939899 42.737268861 2.072595622 -1.765225517 0.016257147 -0.003787825 0.997851702 -0.063350916
1706586068.872590303 42.609783329 2.066958051 -1.762636721 0.023856389 0.003158095 0.998312968 -0.052840492
1706586068.972434998 42.490395300 2.062154112 -1.748598961 0.013587941 -0.009866375 0.999133673 -0.038077888
1706586069.072278023 42.365408505 2.059872708 -1.734610585 0.013193334 -0.012368090 0.999298962 -0.032780335
1706586069.172916651 42.254105283 2.053300291 -1.736610180 0.020203917 -0.018617316 0.999379978 -0.022019444
1706586069.272745609 42.119376552 2.047196454 -1.736152879 0.021570123 -0.020512648 0.999478520 -0.012515951
1706586069.372583151 41.985167566 2.054132745 -1.740630357 0.015554209 -0.020890490 0.999658317 -0.002214308
1706586069.472295046 41.844218447 2.052309136 -1.736418267 0.013789951 -0.022961039 0.999631032 0.004519784
1706586069.570858955 41.707111741 2.070621828 -1.727318860 0.002316952 -0.014112370 0.999830099 0.011629500
1706586069.672891140 41.587975047 2.095477974 -1.723827835 0.009028278 -0.000883241 0.999707352 0.022425908
1706586069.772730589 41.467724661 2.111021113 -1.726075220 0.018748010 0.003736538 0.999249549 0.033688126
1706586069.872196198 41.337306306 2.122365531 -1.711908026 0.022579574 -0.001949455 0.998978694 0.039088756
1706586069.971035719 41.220921667 2.130127872 -1.700755328 0.031739384 -0.014442844 0.998425302 0.043942362
1706586070.069813967 41.086574393 2.147077272 -1.687157197 0.023212567 -0.016237236 0.998531386 0.046180079
1706586070.172897816 40.952771657 2.167301269 -1.680842368 0.023952993 -0.012279828 0.998813312 0.040588516
1706586070.272726774 40.814558736 2.168355942 -1.682206027 0.020027689 -0.011607573 0.999247135 0.031133893
1706586070.372566938 40.681973608 2.171756539 -1.678868534 0.017654525 -0.008337613 0.999732016 0.012437741
1706586070.472406864 40.567712736 2.163933050 -1.681968447 0.017486519 -0.010840027 0.999777784 -0.004593208
1706586070.572253942 40.458179643 2.148530886 -1.670424353 0.016263982 -0.020644973 0.999487572 -0.018271874
1706586070.672892094 40.358703763 2.139536132 -1.664710393 0.018424209 -0.024255385 0.999074680 -0.030364597
1706586070.772013426 40.255298882 2.130280318 -1.656433393 0.018891789 -0.021192817 0.998795927 -0.040008257
1706586070.870738745 40.150772621 2.115960697 -1.648438112 0.020520074 -0.022651723 0.998306071 -0.049505709
1706586070.972393274 40.044418967 2.104223309 -1.636838256 0.021803362 -0.023911206 0.997973741 -0.054783934
1706586071.072222233 39.954147089 2.099868384 -1.633805443 0.019902234 -0.018543778 0.998007836 -0.056924404
1706586071.172025681 39.835994648 2.092718021 -1.625616573 0.018649128 -0.017212493 0.998170123 -0.054884839
1706586071.270861626 39.710288542 2.075511593 -1.620174568 0.019725144 -0.021163183 0.998037177 -0.055541259
1706586071.369743347 39.578521432 2.069751544 -1.615977852 0.017962263 -0.023878816 0.997932572 -0.056901147
1706586071.472398758 39.446692428 2.070002804 -1.620296214 0.016890118 -0.014357685 0.998083010 -0.057783098
1706586071.572242737 39.312355017 2.063422840 -1.620496576 0.014472892 -0.014343592 0.998013480 -0.059614511
1706586071.672859192 39.178358805 2.045023389 -1.614327046 0.016545968 -0.017009771 0.997867794 -0.060801029
1706586071.772713661 39.051459100 2.032859394 -1.610860185 0.017104744 -0.017278290 0.997746333 -0.062539129
1706586071.872554779 38.927572074 2.012099384 -1.607859497 0.016632197 -0.016531493 0.997572668 -0.065565636
1706586071.972391605 38.779779940 1.988336918 -1.601536681 0.015821422 -0.019180871 0.997421778 -0.067316966
1706586072.072031975 38.643171978 1.967562917 -1.598571353 0.011255762 -0.021805822 0.997149103 -0.071354614
1706586072.172883511 38.490006692 1.953209285 -1.585672769 0.009460041 -0.018767481 0.996996605 -0.074538971
1706586072.272714615 38.344989396 1.933606835 -1.584205652 0.006735135 -0.021043833 0.997187601 -0.071614824
1706586072.372563839 38.200297220 1.919029523 -1.573828323 0.008556087 -0.024206364 0.997022338 -0.072713840
1706586072.471796036 38.087141078 1.905966107 -1.569695161 0.011004655 -0.022050462 0.997033608 -0.072915430
1706586072.570740700 37.977854606 1.882100695 -1.563990049 0.015936851 -0.024963481 0.996841770 -0.073683970
1706586072.672874451 37.875787737 1.871425048 -1.561540289 0.015181139 -0.024364816 0.996610886 -0.077088466
1706586072.772714138 37.774560759 1.855684736 -1.563036076 0.016440623 -0.022039434 0.996518540 -0.078706858
1706586072.872562647 37.675640013 1.854077290 -1.552870956 0.018888812 -0.023171550 0.996770622 -0.074529319
1706586072.972385883 37.580689696 1.847790006 -1.550763407 0.019508649 -0.024782012 0.997036662 -0.070165222
1706586073.072240591 37.476647303 1.837644376 -1.547631647 0.018437448 -0.021282859 0.997338165 -0.067258352
1706586073.172879696 37.361501924 1.835659968 -1.545464911 0.022234683 -0.022791844 0.997506358 -0.062985846
1706586073.272715092 37.229371621 1.825930368 -1.540721920 0.021834932 -0.025976570 0.997828753 -0.056446724
1706586073.370820045 37.083163295 1.811021150 -1.526778862 0.018992052 -0.028342392 0.998206406 -0.049193314
1706586073.472401142 36.934543478 1.811154510 -1.520516105 0.017935314 -0.023026245 0.998781122 -0.039804346
1706586073.572240591 36.810896193 1.814791026 -1.523157439 0.016300312 -0.019622939 0.999083729 -0.034364840
1706586073.672869444 36.674081994 1.810656744 -1.509233421 0.018790722 -0.024329119 0.998821476 -0.037558789
1706586073.771844387 36.540750972 1.799114026 -1.500038426 0.024229194 -0.027231271 0.998376692 -0.043765116
1706586073.870837927 36.406316092 1.790803342 -1.494046228 0.025310916 -0.019068529 0.998311490 -0.048681790
1706586073.972401619 36.284600749 1.783379359 -1.493290014 0.023534215 -0.024149815 0.998036770 -0.052778153
1706586074.072233438 36.166249592 1.765503522 -1.486283964 0.024772680 -0.025355355 0.997724959 -0.057343925
1706586074.172868729 36.041339773 1.738865457 -1.475126090 0.024619026 -0.031942491 0.997227468 -0.062537649
1706586074.272706985 35.932480007 1.721213176 -1.473455113 0.024011184 -0.030873613 0.996847815 -0.069026924
1706586074.372543573 35.814637639 1.704082214 -1.465539249 0.024546622 -0.031269876 0.996317714 -0.075964928
1706586074.472385168 35.703651402 1.682870329 -1.467248711 0.023432896 -0.029044817 0.996117401 -0.079733446
1706586074.571825266 35.605161984 1.668761697 -1.461658654 0.020141111 -0.036574185 0.995463861 -0.085488979
1706586074.672858000 35.487911411 1.655414599 -1.448824240 0.022344923 -0.031639991 0.995094552 -0.091029927
1706586074.772720098 35.362229686 1.639153986 -1.442004279 0.021551469 -0.029131699 0.994746942 -0.095736097
1706586074.872565508 35.263247244 1.617413971 -1.436491780 0.023223552 -0.026443653 0.994248534 -0.101149659
1706586074.972417831 35.147709336 1.604591683 -1.425557952 0.019146676 -0.032468036 0.993714700 -0.105405534
1706586075.071194887 35.038920378 1.592260861 -1.423720988 0.022398262 -0.021484769 0.993507598 -0.109450329
1706586075.169660807 34.938922731 1.575881420 -1.414748602 0.021008032 -0.021528985 0.993320620 -0.111397087
1706586075.272729158 34.847486861 1.566563253 -1.409470754 0.028924940 -0.015922109 0.993000753 -0.113399024
1706586075.372566223 34.727156546 1.542590723 -1.398482374 0.021052690 -0.019470641 0.993053904 -0.114112323
1706586075.472405195 34.620738292 1.516791008 -1.386544742 0.030433259 -0.021329709 0.991434854 -0.125202998
1706586075.572247505 34.489324292 1.494757594 -1.383514554 0.028152850 -0.019132003 0.991636820 -0.124490160
1706586075.672884464 34.359588206 1.481018699 -1.377105129 0.026787837 -0.013546965 0.992870891 -0.115352876
1706586075.772723198 34.222510641 1.452788141 -1.370499915 0.020164732 -0.015540065 0.993665055 -0.109460718
1706586075.871196508 34.068897460 1.439437610 -1.353262303 0.013422304 -0.013890723 0.994462278 -0.103303766
1706586075.969831228 33.954053048 1.438283157 -1.357008188 0.020859766 -0.005886563 0.995231857 -0.095098732
1706586076.072244644 33.835360731 1.414557313 -1.344312596 0.018370618 -0.010745636 0.996024918 -0.086495171
1706586076.172887325 33.737602546 1.395556866 -1.349910549 0.022050828 -0.015192753 0.996440534 -0.079932497
1706586076.272274017 33.627917200 1.380256952 -1.357102899 0.026988769 -0.016027725 0.996776414 -0.073834269
1706586076.370867014 33.519322295 1.364373637 -1.354685734 0.024354007 -0.016017431 0.997301288 -0.067382978
1706586076.469404936 33.402299565 1.352778077 -1.352986047 0.023704024 -0.019708684 0.997513902 -0.063369573
1706586076.572243452 33.299301729 1.331274391 -1.342145604 0.025897675 -0.023755148 0.997371557 -0.063363876
1706586076.672883987 33.187493434 1.311608233 -1.328461958 0.025565500 -0.025229290 0.997149000 -0.066360826
1706586076.772732735 33.065582888 1.298832210 -1.312635523 0.021696679 -0.027180717 0.997249323 -0.065454190
1706586076.872574806 32.959667977 1.287742318 -1.300390992 0.026070040 -0.029236649 0.997054722 -0.065935216
1706586076.972412586 32.858128315 1.283344564 -1.296771802 0.026684148 -0.026905145 0.997096772 -0.066046164
1706586077.072246075 32.738118262 1.290983182 -1.290020269 0.021035777 -0.022854978 0.997286240 -0.066748049
1706586077.170828104 32.628305867 1.277413090 -1.291802162 0.020162226 -0.017347222 0.997375078 -0.067346219
1706586077.269446135 32.528884364 1.262064974 -1.285194009 0.022804222 -0.019030560 0.997296109 -0.067218126
1706586077.372562647 32.421618589 1.248065630 -1.284588555 0.017392195 -0.020272352 0.997578045 -0.064222954
1706586077.472412586 32.311170413 1.235067293 -1.260651234 0.020317167 -0.022369162 0.997563879 -0.062874007
1706586077.571798325 32.208145135 1.245353234 -1.260581655 0.027747080 -0.021157801 0.997302460 -0.064577469
1706586077.670333624 32.102811477 1.249378361 -1.254550779 0.035838591 -0.012785603 0.997225656 -0.063977458
1706586077.772708178 31.999447673 1.233549115 -1.253651791 0.036125189 -0.014945429 0.997365621 -0.061101750
1706586077.872539997 31.879298615 1.225073198 -1.257910575 0.040052148 -0.013556963 0.997217175 -0.061399835
1706586077.972369194 31.738529287 1.218447019 -1.261288280 0.031218556 -0.006906032 0.997442818 -0.063918182
1706586078.072611094 31.617171500 1.224188213 -1.260635521 0.025839431 0.000119991 0.997825327 -0.060637655
1706586078.172471523 31.494483641 1.215053472 -1.241551594 0.016817040 -0.003632575 0.998205143 -0.057362740
1706586078.272309065 31.356871972 1.188463340 -1.223489036 0.017264342 -0.014693726 0.998269220 -0.054264183
1706586078.371833086 31.248331658 1.180094515 -1.208551429 0.018283045 -0.018654328 0.998278601 -0.052512676
1706586078.470458984 31.132320794 1.171898883 -1.214840031 0.019915145 -0.010895134 0.998272309 -0.054194838
1706586078.569112778 31.017140783 1.166686037 -1.200199668 0.023242754 -0.007642212 0.998488168 -0.049221426
1706586078.672885656 30.896169012 1.170154554 -1.194146842 0.016576277 -0.007133375 0.998825200 -0.044972901
1706586078.772715569 30.753117101 1.167827194 -1.189664805 0.018073718 -0.010695503 0.998873500 -0.042552055
1706586078.871544600 30.643966908 1.160732934 -1.186919220 0.022556765 -0.008384252 0.998889833 -0.040496896
1706586078.970179319 30.547082678 1.154699054 -1.185667381 0.023754886 -0.011110432 0.998961398 -0.037261094
1706586079.072225094 30.424159887 1.150351465 -1.185222144 0.020690192 -0.012137159 0.999072546 -0.035758264
1706586079.172866821 30.318868487 1.148902451 -1.180023580 0.025834192 -0.016069435 0.999123022 -0.028767251
1706586079.272698879 30.209642126 1.149096238 -1.176369618 0.028037603 -0.013888780 0.999261607 -0.022298794
1706586079.372541428 30.098739007 1.145680521 -1.174360061 0.022632338 -0.011802046 0.999512840 -0.017960276
1706586079.472383022 29.991078908 1.133248075 -1.163642352 0.029386735 -0.012865309 0.999289510 -0.019783277
1706586079.572224855 29.882057961 1.129021196 -1.164312199 0.026832437 -0.014787194 0.999252125 -0.023591300
1706586079.671452999 29.770269728 1.125227424 -1.152506123 0.024127160 -0.015754771 0.999116340 -0.030597504
1706586079.770083904 29.662686576 1.120034215 -1.140086634 0.023890734 -0.015844095 0.998856725 -0.038254933
1706586079.868745089 29.554883745 1.108474605 -1.130660505 0.023924190 -0.015147014 0.998650892 -0.043526958
1706586079.972372770 29.440485172 1.106985294 -1.124913526 0.019440970 -0.017817867 0.998509095 -0.047792882
1706586080.072204590 29.329583885 1.101681485 -1.120057471 0.020331770 -0.017079185 0.998187374 -0.054008216
1706586080.171053410 29.215336085 1.090822430 -1.119026648 0.021548690 -0.017829766 0.997852160 -0.059235303
1706586080.272675753 29.093753506 1.080904510 -1.111772844 0.020446260 -0.017214767 0.997717591 -0.062009766
1706586080.372503519 28.979133465 1.069041978 -1.098801361 0.020198157 -0.018823204 0.997782640 -0.060560100
1706586080.472353697 28.872807450 1.061531772 -1.092892636 0.025797385 -0.019926467 0.997652046 -0.060231440
1706586080.572587252 28.747107647 1.058457843 -1.085240704 0.022115458 -0.019806877 0.997899342 -0.057580349
1706586080.672425985 28.641052838 1.048846494 -1.079253670 0.024806096 -0.017369794 0.998051189 -0.054559811
1706586080.772276878 28.509546370 1.036803698 -1.074601671 0.018376883 -0.017660407 0.998582377 -0.046729399
1706586080.872393608 28.387109806 1.033669967 -1.069269870 0.013516561 -0.018455958 0.998942731 -0.039876065
1706586080.971031904 28.271165518 1.026266983 -1.064066448 0.015091564 -0.021333137 0.999186892 -0.030703375
1706586081.069670916 28.163501045 1.022111980 -1.066847991 0.011135928 -0.023325089 0.999346805 -0.025256585
1706586081.168341398 28.059486784 1.024438489 -1.059506597 0.012634269 -0.020186259 0.999540446 -0.018756012
1706586081.272277832 27.950333768 1.030636134 -1.056526256 0.016004935 -0.020424479 0.999599752 -0.011270207
1706586081.372471333 27.860516117 1.038141819 -1.049208481 0.025160545 -0.025297518 0.999349158 -0.005314459
1706586081.471138000 27.758929421 1.051480760 -1.045811370 0.024983218 -0.016532452 0.999548178 -0.002440455
1706586081.572590828 27.659486911 1.063668034 -1.035499207 0.026435505 -0.013521570 0.999554261 0.003099949
1706586081.672433376 27.553035861 1.063940728 -1.022276707 0.026311866 -0.017575754 0.999486194 0.005111437
1706586081.772273064 27.454902106 1.061839782 -1.017445911 0.033699832 -0.018426095 0.999238011 0.006942479
1706586081.872907877 27.347071317 1.059614176 -1.013377325 0.034930076 -0.021428837 0.999137112 0.006762075
1706586081.972744465 27.244670050 1.060082162 -1.000779924 0.041868462 -0.022212816 0.998859605 0.005754296
1706586082.072579622 27.138397022 1.059987011 -1.005025099 0.047770536 -0.020982755 0.998637669 0.000711118
1706586082.172341347 27.039748324 1.073377314 -0.991275942 0.050612603 -0.016449004 0.998573699 -0.004285107
1706586082.271010399 26.935742123 1.073072620 -0.970755402 0.051930859 -0.020792551 0.998423823 -0.004552506
1706586082.369689941 26.824809110 1.069683443 -0.958649397 0.053892880 -0.025910447 0.998183463 -0.007347081
1706586082.472766876 26.708781297 1.070585553 -0.950315537 0.052205456 -0.024246663 0.998292020 -0.009986635
1706586082.572585106 26.582530105 1.072883739 -0.934496184 0.049109346 -0.023374862 0.998450801 -0.011742500
1706586082.672028542 26.462215892 1.079376146 -0.919982888 0.045000811 -0.020954621 0.998674038 -0.013638038
1706586082.770727158 26.330482372 1.077294011 -0.909689048 0.040048917 -0.021362107 0.998883754 -0.013076342
1706586082.872908115 26.198649670 1.069791948 -0.897117611 0.036334562 -0.023859228 0.998964123 -0.013461683
1706586082.972740889 26.071108114 1.068670345 -0.882804837 0.034183751 -0.022439894 0.998975176 -0.019404120
1706586083.072587967 25.966174117 1.071212302 -0.878463592 0.029415172 -0.017687909 0.999070264 -0.026086247
1706586083.172431231 25.863068284 1.067075981 -0.870165062 0.028378824 -0.018891731 0.998975350 -0.029765677
1706586083.272266388 25.784168032 1.062996841 -0.865098768 0.031322033 -0.017771806 0.998779161 -0.033812434
1706586083.372896910 25.691687773 1.058563574 -0.856028467 0.028381002 -0.020893517 0.998826283 -0.033227046
1706586083.471897125 25.599702346 1.047669327 -0.849032861 0.030632937 -0.021544864 0.998718594 -0.034038380
1706586083.570573330 25.504146069 1.036945587 -0.840958915 0.033147541 -0.022509841 0.998608529 -0.034286338
1706586083.669213772 25.416229715 1.035960176 -0.841036812 0.025836943 -0.020016512 0.998853162 -0.034987880
1706586083.772257328 25.299090248 1.036629417 -0.830821107 0.023200560 -0.022471558 0.998834529 -0.035865684
1706586083.872888327 25.162751830 1.039089950 -0.822073172 0.019193491 -0.018796098 0.998942194 -0.037320365
1706586083.971506119 25.040168790 1.031215584 -0.820738842 0.021208209 -0.015941193 0.998894884 -0.038795636
1706586084.070302010 24.909555507 1.018369267 -0.819554545 0.014041039 -0.016174030 0.998935260 -0.040860698
1706586084.172399998 24.799499846 1.009153888 -0.820596564 0.024679036 -0.018683571 0.998416907 -0.046963276
1706586084.272248507 24.670169835 1.001964437 -0.809163023 0.021149566 -0.021376737 0.998296152 -0.050005246
1706586084.372871161 24.546191846 0.994790489 -0.799901679 0.022967573 -0.018943639 0.998187454 -0.052301398
1706586084.472716808 24.449427146 0.991409854 -0.795415545 0.021488129 -0.016755995 0.998219890 -0.053052322
1706586084.572567701 24.341395254 0.987496439 -0.793047604 0.021819517 -0.017896964 0.998283433 -0.051320516
1706586084.672396421 24.238945153 0.969712763 -0.785141065 0.023661959 -0.021632877 0.998189182 -0.050896829
1706586084.771546841 24.127360508 0.959339621 -0.782813041 0.019947452 -0.018829601 0.998287186 -0.051674364
1706586084.870274067 24.021558155 0.959861108 -0.777282738 0.024549929 -0.016998551 0.998232280 -0.051387402
1706586084.969014883 23.906667367 0.946710434 -0.773116606 0.024670849 -0.016595971 0.998379797 -0.048514987
1706586085.072557688 23.779209436 0.944657818 -0.764199573 0.024542940 -0.013580713 0.998516495 -0.046669227
1706586085.172398567 23.661102337 0.935571869 -0.768285118 0.024072244 -0.010409760 0.998714643 -0.043373099
1706586085.271296263 23.561025283 0.940547141 -0.758455908 0.026545869 -0.006949074 0.998805883 -0.040420728
1706586085.372871637 23.460838139 0.940678622 -0.746350934 0.022600297 -0.013266258 0.999007570 -0.036015386
1706586085.472712278 23.354566866 0.937431095 -0.745360518 0.024292058 -0.013128150 0.999147881 -0.030676687
1706586085.572550297 23.210062462 0.937425102 -0.744670226 0.020785578 -0.013879161 0.999413471 -0.023410330
1706586085.672384739 23.050621080 0.931416909 -0.730097690 0.021132426 -0.012795496 0.999538474 -0.017678634
1706586085.772229671 22.927079231 0.932089979 -0.723618333 0.021300678 -0.014672758 0.999606059 -0.010895778
1706586085.872874022 22.820780608 0.937573045 -0.722503683 0.025029912 -0.013851436 0.999587171 -0.002669864
1706586085.972684145 22.714306102 0.934503034 -0.716884850 0.032919635 -0.017189865 0.999295134 0.005481055
1706586086.071435928 22.615192091 0.935499200 -0.704514939 0.038589071 -0.022497467 0.998924701 0.012417317
1706586086.170170784 22.504069381 0.950346303 -0.692650470 0.040724514 -0.020162620 0.998876348 0.013454516
1706586086.272603273 22.381835954 0.958046908 -0.681106819 0.039045705 -0.019741871 0.998939435 0.014342126
1706586086.372455835 22.266041531 0.960990505 -0.676682937 0.036167925 -0.023179738 0.998982516 0.013730049
1706586086.472282410 22.143147814 0.970199745 -0.670254026 0.034242380 -0.022386782 0.999090517 0.012017949
1706586086.571511745 22.035277660 0.975298542 -0.659522815 0.033314245 -0.020104743 0.999194679 0.009795645
1706586086.672759533 21.941587141 0.986604659 -0.658702367 0.033805906 -0.018938657 0.999211566 0.008644868
1706586086.772600174 21.848897697 0.987875128 -0.651621229 0.030106832 -0.017901774 0.999360513 0.007188269
1706586086.872421741 21.751685176 0.989388014 -0.645786514 0.028967541 -0.022577346 0.999304152 0.006508219
1706586086.971863031 21.650252966 0.995508831 -0.641256408 0.025862057 -0.017410253 0.999501486 0.004981609
1706586087.072883844 21.533845626 0.987106347 -0.640160242 0.022553749 -0.022278923 0.999493066 0.002930672
1706586087.172726393 21.418146294 0.995405332 -0.632096139 0.019794869 -0.018312509 0.999631467 -0.003121759
1706586087.272327423 21.297812991 0.997202207 -0.634904442 0.014896368 -0.014062165 0.999772180 -0.005995099
1706586087.370996952 21.145616933 0.984783213 -0.633111980 0.009702358 -0.020099812 0.999720534 -0.007792042
1706586087.469696045 21.008051910 0.984146956 -0.629216097 0.004030180 -0.021238568 0.999728180 -0.008731920
1706586087.572901726 20.870186854 0.987471096 -0.624012587 0.001335551 -0.015674460 0.999812919 -0.011254122
1706586087.672732592 20.739506491 0.987984131 -0.619925314 0.002058974 -0.013113230 0.999836176 -0.012305476
1706586087.772555590 20.629925329 0.989527292 -0.611358482 0.005534409 -0.016626389 0.999742722 -0.014402199
1706586087.871289968 20.508529361 0.987021769 -0.611665433 0.010755265 -0.011251505 0.999698865 -0.018971231
1706586087.972238302 20.392752084 0.994027857 -0.620926951 0.005572611 -0.000466311 0.999748567 -0.021714784
1706586088.072860003 20.288694192 0.983283481 -0.627192986 0.001725625 -0.000703210 0.999740617 -0.022698586
1706586088.172706604 20.174789624 0.972959902 -0.619392971 0.002254617 -0.004386145 0.999707295 -0.023685501
1706586088.271609306 20.076392082 0.976471485 -0.609657730 0.004552437 -0.008837598 0.999660934 -0.024066333
1706586088.372390270 19.981136263 0.972504309 -0.602557004 0.007869485 -0.008055527 0.999662675 -0.023403345
1706586088.472243786 19.887813089 0.975610606 -0.605842697 0.016358652 -0.010779587 0.999556404 -0.022431902
1706586088.572105885 19.782935453 0.980811070 -0.603663802 0.017958749 -0.012309158 0.999524362 -0.021840735
1706586088.670874119 19.670682874 0.981983431 -0.602410184 0.020586888 -0.012544552 0.999561370 -0.017201232
1706586088.769657850 19.542256598 0.992741287 -0.597082029 0.017485496 -0.009242336 0.999754175 -0.010021322
1706586088.872396469 19.397907767 0.997640417 -0.590407780 0.018538285 -0.016111260 0.999695302 -0.002462161
1706586088.972246408 19.261164814 1.008539412 -0.587804048 0.016759921 -0.015767930 0.999726607 0.004145816
1706586089.072748184 19.109404820 1.017213887 -0.579106512 0.016754721 -0.014024608 0.999677662 0.012929095
1706586089.172724724 18.963366244 1.020929195 -0.559988004 0.015034476 -0.021584386 0.999403797 0.022363565
1706586089.272565842 18.837846463 1.021673434 -0.553943174 0.017252876 -0.023445421 0.999052435 0.032355552
1706586089.372404814 18.708811647 1.048736279 -0.549941476 0.019401928 -0.023348295 0.998739962 0.039961352
1706586089.471668959 18.593054887 1.064068954 -0.551285360 0.023129371 -0.018447471 0.998406328 0.048057534
1706586089.570265293 18.492942044 1.076264750 -0.543201723 0.021775320 -0.018622785 0.997916970 0.057799205
1706586089.672731400 18.395654599 1.093372269 -0.542003795 0.026595643 -0.019181060 0.997384351 0.064414396
1706586089.772561550 18.296921784 1.106317144 -0.541797833 0.023163042 -0.017494726 0.997045752 0.071113830
1706586089.871891260 18.215512754 1.132145691 -0.543162736 0.023892522 -0.015655611 0.996798364 0.074679794
1706586089.970737696 18.143865536 1.163043667 -0.531773213 0.025478751 -0.013228792 0.996594410 0.077300809
1706586090.069561243 18.056331624 1.177465596 -0.525758586 0.023007190 -0.013942161 0.996723300 0.076282038
1706586090.172713041 17.989315093 1.195815134 -0.514944908 0.022101969 -0.013287540 0.996949831 0.073661239
1706586090.272545576 17.919202396 1.210253205 -0.510388300 0.022223247 -0.013504411 0.996953232 0.073539177
1706586090.372381449 17.851730127 1.210465605 -0.505444691 0.024436700 -0.017711317 0.996917507 0.072419894
1706586090.472228765 17.784229063 1.215736458 -0.505584450 0.023987557 -0.017628422 0.997128375 0.069633610
1706586090.572855949 17.722701389 1.221568722 -0.500752278 0.022567655 -0.016683206 0.997576689 0.063664120
1706586090.672467947 17.663178340 1.234835037 -0.496062011 0.023707146 -0.020095797 0.997767596 0.059109677
1706586090.771181345 17.620902490 1.248505405 -0.492297609 0.024013413 -0.020714232 0.998075584 0.053286061
1706586090.869920969 17.568726634 1.248657947 -0.485680413 0.022976188 -0.018987934 0.998423676 0.047557503
1706586090.972220421 17.497577753 1.255565702 -0.478659433 0.021687402 -0.021122843 0.998768771 0.039299162
1706586091.072863579 17.452550029 1.259404213 -0.471432798 0.020017690 -0.021900759 0.999048489 0.031965060
1706586091.171736956 17.400124679 1.247629442 -0.475598302 0.021421191 -0.020901150 0.999227784 0.025458027
1706586091.270581961 17.344453931 1.239537030 -0.481914347 0.019966724 -0.024267256 0.999318983 0.019339069
1706586091.369495153 17.295851732 1.229550481 -0.484230986 0.020619138 -0.021308012 0.999474600 0.013089822
1706586091.472240686 17.260156190 1.223838493 -0.478200402 0.019948421 -0.023131243 0.999499385 0.008245321
1706586091.572880507 17.230694085 1.231958675 -0.472713344 0.021007089 -0.021032941 0.999553439 0.003039927
1706586091.672721148 17.198143611 1.245136384 -0.456787102 0.021182687 -0.022535231 0.999521410 -0.000638715
1706586091.772551060 17.146040099 1.243812790 -0.455501262 0.022154751 -0.021356954 0.999500998 -0.007127579
1706586091.872400999 17.068993738 1.238266072 -0.459590512 0.019504831 -0.022950567 0.999453860 -0.013594695
1706586091.972229004 16.978612822 1.224564923 -0.451911130 0.018096073 -0.023767718 0.999264412 -0.024047079
1706586092.071723700 16.879994644 1.207712637 -0.453915193 0.018339644 -0.022034254 0.999068790 -0.032244413
1706586092.172724485 16.784542255 1.178604414 -0.464580154 0.017802405 -0.023374653 0.998645793 -0.042933433
1706586092.272579193 16.677065581 1.159173846 -0.455745402 0.016663894 -0.029731019 0.998063635 -0.052032316
1706586092.372420311 16.554129299 1.146834953 -0.454810083 0.015469456 -0.025368417 0.997685714 -0.061158445
1706586092.471534967 16.437514781 1.132927567 -0.446326940 0.015469530 -0.022457888 0.997556426 -0.064323507
1706586092.570282221 16.315593487 1.113873395 -0.441323949 0.014506845 -0.028407241 0.997026587 -0.070146742
1706586092.672707558 16.192116259 1.087040096 -0.450710247 0.014214930 -0.025393302 0.996870148 -0.073505264
1706586092.772529125 16.095668377 1.074502523 -0.449520007 0.012326957 -0.026588469 0.996787715 -0.074534224
1706586092.872361898 15.990699345 1.071272085 -0.435820452 0.012110366 -0.026085760 0.996536609 -0.078023457
1706586092.972586870 15.916791892 1.061926487 -0.440034542 0.012564188 -0.022032261 0.996388015 -0.081041001
1706586093.072438717 15.838179439 1.048898519 -0.435899965 0.012993575 -0.024572166 0.996331918 -0.080932592
1706586093.172285080 15.744511486 1.038370375 -0.426144982 0.013865521 -0.025251948 0.996171854 -0.082533171
1706586093.272922039 15.665598981 1.041115324 -0.413875597 0.013122582 -0.025471691 0.995956515 -0.085144653
1706586093.372767687 15.596958989 1.035660676 -0.413453468 0.014768469 -0.022699619 0.996126487 -0.083657889
1706586093.472612858 15.534708625 1.027830602 -0.409187252 0.016705332 -0.024873681 0.995982983 -0.084380863
1706586093.572442532 15.471653927 1.016127615 -0.404425439 0.013719074 -0.026696075 0.996109532 -0.082854734
1706586093.672276258 15.369579136 1.002571760 -0.402726631 0.013306222 -0.024999543 0.996411856 -0.079758261
1706586093.771198273 15.272019458 0.994239668 -0.393219641 0.013772684 -0.025460394 0.996660366 -0.076355729
1706586093.870006084 15.177609077 0.978893369 -0.389753407 0.012181863 -0.028093962 0.996879847 -0.072752330
1706586093.972594976 15.061837239 0.970007437 -0.381317091 0.011284312 -0.025079684 0.997224620 -0.069186199
1706586094.072432280 14.959969677 0.973049085 -0.372422608 0.012454059 -0.022025266 0.997662298 -0.063480099
1706586094.172260761 14.848572817 0.965839826 -0.372169734 0.011930765 -0.025864804 0.998007739 -0.056295849
1706586094.272898912 14.738086625 0.961365712 -0.368169916 0.014778329 -0.030483160 0.998164415 -0.050201372
1706586094.372738600 14.638906517 0.953162853 -0.368611878 0.016115969 -0.030233876 0.998432159 -0.044265255
1706586094.472575188 14.543581803 0.944412660 -0.365846288 0.015905646 -0.030312921 0.998727237 -0.037041100
1706586094.571638346 14.456464067 0.948191696 -0.365245796 0.017631340 -0.029773334 0.998902450 -0.031568664
1706586094.669991493 14.341237962 0.947533946 -0.360851251 0.019218234 -0.028371973 0.999109596 -0.024611090
1706586094.772934914 14.224514905 0.952087115 -0.357473465 0.018212702 -0.032972183 0.999128725 -0.017970055
1706586094.872761488 14.125095301 0.956575389 -0.358169791 0.017479970 -0.026606638 0.999413890 -0.012586275
1706586094.972450495 14.041680275 0.956911166 -0.353401935 0.020640275 -0.027239086 0.999378739 -0.008610850
1706586095.071356535 13.950216529 0.953553345 -0.351658070 0.021428803 -0.029864454 0.999307703 -0.005747629
1706586095.170294762 13.856052561 0.960627280 -0.346460672 0.019658823 -0.029040431 0.999359201 -0.007167344
1706586095.272899151 13.772132582 0.969186799 -0.343371539 0.020910551 -0.027291435 0.999371975 -0.008577984
1706586095.372738600 13.697985175 0.961855596 -0.340502499 0.021939788 -0.027133616 0.999345607 -0.009527342
1706586095.472575188 13.609812456 0.951708088 -0.341520535 0.022401366 -0.026512522 0.999342549 -0.010475397
1706586095.572418690 13.547380449 0.955361523 -0.334148483 0.021220662 -0.024535493 0.999395893 -0.012471648
1706586095.672263384 13.475976732 0.955887754 -0.325184129 0.019401507 -0.025785496 0.999398114 -0.012731827
1706586095.772574902 13.421408174 0.954211391 -0.325369817 0.020538184 -0.024810716 0.999411463 -0.011804229
1706586095.871061563 13.347243916 0.952660960 -0.320412850 0.021878265 -0.023607990 0.999403750 -0.012495960
1706586095.972578287 13.262138216 0.958487119 -0.314031343 0.020887333 -0.027327726 0.999321039 -0.013205154
1706586096.072426319 13.181235634 0.955150083 -0.313123685 0.021650292 -0.024940997 0.999362402 -0.013564727
1706586096.172280550 13.097468517 0.969793328 -0.299474687 0.020951127 -0.024502396 0.999365106 -0.015167971
1706586096.272444010 13.000180489 0.961125671 -0.293806396 0.020131490 -0.024958050 0.999310945 -0.018693672
1706586096.371369839 12.921212384 0.966090804 -0.288141734 0.020037112 -0.024047336 0.999180613 -0.025658165
1706586096.472606897 12.834076701 0.964622614 -0.290467361 0.018258661 -0.024643480 0.999000906 -0.032504001
1706586096.572457075 12.757113194 0.959775568 -0.283191126 0.020276972 -0.024738396 0.998681888 -0.040141539
1706586096.672299862 12.649955709 0.944048682 -0.287324352 0.018617232 -0.027281058 0.998366911 -0.046611731
1706586096.772543430 12.550953397 0.926868862 -0.285590121 0.016676009 -0.027920061 0.998038980 -0.053484350
1706586096.872395754 12.467260462 0.910048307 -0.285724886 0.016707900 -0.024047290 0.997904288 -0.057702737
1706586096.972249508 12.368309815 0.896937388 -0.283272081 0.012252887 -0.023478891 0.997737398 -0.061795572
1706586097.071988583 12.255005426 0.884791992 -0.283465908 0.011589777 -0.025389335 0.997443447 -0.065784720
1706586097.170584679 12.157177840 0.861130141 -0.282937195 0.013450019 -0.030186381 0.997027184 -0.069603692
1706586097.272560120 12.070270503 0.843978596 -0.279148951 0.013854089 -0.025989665 0.996836903 -0.073815919
1706586097.372405529 11.978819953 0.845833175 -0.266412903 0.013027503 -0.029483748 0.996621652 -0.075539897
1706586097.472246408 11.901351877 0.841958492 -0.260063461 0.014693515 -0.029505377 0.996177605 -0.080893211
1706586097.572106361 11.817691329 0.851001531 -0.248521153 0.018838498 -0.022974538 0.996060428 -0.083551818
1706586097.670789480 11.726034929 0.845500563 -0.241676153 0.016902575 -0.021610952 0.996096516 -0.083898752
1706586097.772551775 11.642966646 0.830561925 -0.233490297 0.018608199 -0.022281778 0.995988242 -0.084644428
1706586097.872395039 11.536081020 0.820746707 -0.230203035 0.013145363 -0.024172147 0.995958438 -0.085496768
1706586097.972226858 11.429338736 0.799950942 -0.235564722 0.009411872 -0.022911684 0.995774224 -0.088431708
1706586098.072867155 11.334669346 0.791667050 -0.226906604 0.009805429 -0.023958432 0.995784140 -0.087998823
1706586098.172714233 11.229200908 0.773988847 -0.231508377 0.006739707 -0.020783545 0.995966389 -0.087026270
1706586098.272562027 11.137511084 0.753338623 -0.232963399 0.007842917 -0.023691399 0.995851317 -0.087506351
1706586098.371567726 11.053996009 0.742017268 -0.230348564 0.005631864 -0.023018063 0.995600174 -0.090657295
1706586098.470188856 10.970119657 0.742037805 -0.217311259 0.006090638 -0.018288282 0.995703075 -0.090574993
1706586098.572869778 10.890384455 0.740655952 -0.203889132 0.010054527 -0.021897773 0.995701726 -0.089428555
1706586098.672700405 10.799853908 0.727951174 -0.199306565 0.013038091 -0.020274200 0.995520664 -0.091419763
1706586098.772547483 10.709162793 0.725118750 -0.199719561 0.014195590 -0.015350610 0.995825692 -0.088848386
1706586098.871558428 10.620718312 0.717875669 -0.196480678 0.012146731 -0.018758077 0.995901408 -0.087641185
1706586098.970313072 10.536461055 0.715279666 -0.187426742 0.016879485 -0.019540437 0.996245858 -0.082628357
1706586099.072862387 10.450697170 0.708221668 -0.181369830 0.023708430 -0.017744772 0.996450337 -0.078802032
1706586099.172700644 10.373757869 0.709643318 -0.185283429 0.019198157 -0.009246710 0.996929519 -0.075348949
1706586099.272557259 10.292788610 0.712671997 -0.188983026 0.016571599 -0.000896347 0.997342787 -0.070936202
1706586099.372399807 10.190901877 0.708571692 -0.181319044 0.013936914 -0.003328867 0.997875455 -0.063555157
1706586099.472236633 10.107894213 0.696042086 -0.185080990 0.013856487 -0.002892290 0.998258582 -0.057266357
1706586099.572618961 10.022666252 0.692083342 -0.192716485 0.009881943 0.003296271 0.998581640 -0.052212933
1706586099.671183348 9.925676931 0.702785693 -0.196026572 0.005135021 0.013340298 0.998682197 -0.049290347
1706586099.769862413 9.829176224 0.715391074 -0.204815277 0.008656096 0.023884073 0.998709947 -0.043966631
1706586099.868480682 9.746091927 0.706118880 -0.220354615 0.005528486 0.027753210 0.998832489 -0.039151690
1706586099.972216845 9.645075756 0.690381634 -0.218114672 0.009291389 0.022700346 0.999033104 -0.036485909
1706586100.072864532 9.547911115 0.686399354 -0.219466783 0.009176136 0.021967547 0.999177935 -0.032812794
1706586100.172697783 9.470735215 0.680756462 -0.219878232 0.008621363 0.022184006 0.999231349 -0.031148871
1706586100.272545815 9.382637517 0.674058897 -0.213443847 0.009000743 0.020473388 0.999159984 -0.034338800
1706586100.372385740 9.286032556 0.677629185 -0.209731235 0.007366059 0.025157206 0.999016313 -0.035766771
1706586100.472233534 9.215587488 0.677379079 -0.207567081 0.007369776 0.027745068 0.998910373 -0.036796249
1706586100.572872162 9.137358016 0.666108960 -0.204194086 0.004009858 0.022902768 0.999058941 -0.036614431
1706586100.672710896 9.084048720 0.675031199 -0.195386234 0.006572036 0.026323418 0.998909546 -0.037994800
1706586100.772565365 8.994519498 0.688191130 -0.181267360 0.004742916 0.027109023 0.998900320 -0.037957296
1706586100.872183800 8.922876613 0.682600357 -0.187283601 0.006190443 0.023605745 0.998999213 -0.037483602
1706586100.970823526 8.863068430 0.690234345 -0.188322403 0.004730177 0.026205710 0.998969720 -0.036747587
1706586101.069485903 8.796010777 0.689439307 -0.177569624 0.003139833 0.024839283 0.999034098 -0.036111241
1706586101.172720194 8.701980038 0.699234806 -0.176887740 0.001960434 0.028601315 0.998917113 -0.036643186
1706586101.272550344 8.610675211 0.697588608 -0.175077398 0.001285255 0.029472198 0.998998369 -0.033645161
1706586101.372405052 8.518736191 0.700602824 -0.174128431 0.002334710 0.029800680 0.999010036 -0.032945674
1706586101.471216917 8.424371655 0.705187794 -0.183015405 0.002040546 0.033140838 0.998935740 -0.032014201
1706586101.572887182 8.332236438 0.702321887 -0.175815366 0.001320690 0.034238027 0.998791083 -0.035247494
1706586101.672728777 8.246795922 0.688134992 -0.177246842 0.002237133 0.032553836 0.998637507 -0.040723116
1706586101.772553205 8.161697171 0.681684544 -0.180871099 0.006430066 0.034643531 0.998329161 -0.045797002
1706586101.872401237 8.077552217 0.673881664 -0.180489998 0.004851634 0.035073519 0.998045436 -0.051493855
1706586101.972244024 7.994959409 0.664849721 -0.178137123 0.004598601 0.033415519 0.997881182 -0.055636348
1706586102.072897911 7.895698397 0.657768061 -0.172891329 0.003700651 0.031707814 0.997763783 -0.058722680
1706586102.171365261 7.810331143 0.641736001 -0.184649988 0.004805189 0.031485809 0.997637862 -0.060862548
1706586102.270551205 7.749290305 0.627507873 -0.172079113 0.009836564 0.025220694 0.997696947 -0.062192934
1706586102.369228125 7.684089307 0.621033299 -0.177579277 0.010217137 0.025247881 0.997583263 -0.063920173
1706586102.472249985 7.618511567 0.613147769 -0.177398007 0.006595529 0.028148048 0.997358756 -0.066631054
1706586102.572874784 7.555519759 0.595517778 -0.170064798 0.002727801 0.028423437 0.997469295 -0.065112767
1706586102.671558142 7.483805526 0.580125045 -0.166550570 0.002850338 0.025108717 0.997280252 -0.069235303
1706586102.770303965 7.404869666 0.562046510 -0.174043097 0.000950079 0.028231132 0.997263499 -0.068319942
1706586102.872393608 7.315266615 0.555062497 -0.168707379 0.000511339 0.029168655 0.996866536 -0.073525763
1706586102.972215414 7.207548744 0.538589481 -0.165750794 -0.004380155 0.032004234 0.996273434 -0.079973665
1706586103.072840214 7.117651324 0.538842558 -0.173092478 -0.004018130 0.037623497 0.995598970 -0.085738082
1706586103.172690868 7.038996046 0.534527940 -0.179239832 -0.008934421 0.041112462 0.995028001 -0.090273020
1706586103.272534609 6.974999547 0.526948925 -0.176378978 -0.002433292 0.042102819 0.994658971 -0.094207025
1706586103.372377872 6.907853796 0.515792823 -0.175112755 -0.002220703 0.036706117 0.994863159 -0.094313439
1706586103.471532106 6.833728815 0.507085315 -0.175917650 0.006039287 0.036956808 0.994790470 -0.094813726
1706586103.570237875 6.770958941 0.497254638 -0.171911747 0.010948760 0.035413146 0.994929957 -0.093490178
1706586103.668933868 6.727902211 0.489429041 -0.168169357 0.015394430 0.035411810 0.995072178 -0.091325655
1706586103.772543907 6.669314337 0.477852107 -0.161718722 0.017429997 0.032217716 0.995531353 -0.087037575
1706586103.872372866 6.596657445 0.469632758 -0.163466716 0.019094572 0.031904432 0.995698930 -0.084859559
1706586103.971115112 6.504140919 0.456536329 -0.154511681 0.017688185 0.032336108 0.995931933 -0.082225839
1706586104.069877863 6.393866427 0.455763003 -0.157082350 0.013811243 0.037741525 0.995700480 -0.083458863
1706586104.172695160 6.265200195 0.462803760 -0.165504089 0.006184110 0.056617774 0.994720122 -0.085370155
1706586104.272530317 6.144225600 0.468056335 -0.170195408 -0.003575037 0.064065641 0.994070113 -0.087791934
1706586104.372368813 6.037433774 0.465220432 -0.168928294 -0.000211502 0.069443377 0.993523954 -0.089931777
1706586104.472602129 5.912362092 0.456093064 -0.164512432 -0.001404198 0.070939774 0.993285335 -0.091377349
1706586104.572431564 5.807396712 0.453141883 -0.155962308 0.000278929 0.067970760 0.993610612 -0.090099112
1706586104.672276497 5.711821141 0.423614598 -0.144288642 0.001675847 0.059373628 0.993949196 -0.092395666
1706586104.771177053 5.621263484 0.404053711 -0.135448776 0.005740713 0.058340043 0.993760945 -0.094882387
1706586104.869790792 5.525223236 0.385756418 -0.139801538 -0.000531728 0.060175091 0.993296074 -0.098699465
1706586104.968483686 5.458621607 0.369123158 -0.144712055 0.001731871 0.056186629 0.993250204 -0.101459827
1706586105.072439671 5.373387346 0.361259852 -0.136409313 -0.001658911 0.061047567 0.992832370 -0.102734263
1706586105.171960592 5.310865380 0.347008456 -0.138935834 0.002939904 0.062445335 0.993055036 -0.099667613
1706586105.270734787 5.248600668 0.326300542 -0.140813074 0.003635526 0.058495233 0.993558510 -0.096987510
1706586105.369522333 5.187997810 0.316699391 -0.137271173 0.005079447 0.054930411 0.993914801 -0.095342629
1706586105.472603083 5.117728561 0.321931747 -0.140630934 0.006026003 0.061060467 0.993951867 -0.091076852
1706586105.572454929 5.041230458 0.313565991 -0.136939988 0.004471718 0.059425262 0.994512404 -0.085986750
1706586105.672295332 4.970003295 0.301450974 -0.119997492 0.010387795 0.052047000 0.995319591 -0.080759616
1706586105.772532225 4.892323484 0.282308417 -0.116586502 0.010060528 0.049367995 0.995709582 -0.077614527
1706586105.872362852 4.800856956 0.275986660 -0.115049507 0.013388421 0.048886980 0.996187963 -0.070995468
1706586105.972227335 4.707386829 0.258217470 -0.115499554 0.008852492 0.048136191 0.996459474 -0.068359766
1706586106.070937157 4.625003191 0.246313139 -0.110813244 0.009291831 0.042925005 0.997010704 -0.063566985
1706586106.169606686 4.543499757 0.241431440 -0.107260114 0.008068438 0.042132595 0.997246499 -0.060491024
1706586106.272904873 4.425687805 0.239338918 -0.104475286 0.008642173 0.046625747 0.997337394 -0.055402849
1706586106.372731447 4.327678784 0.235276322 -0.102682418 0.007102741 0.047233544 0.997608095 -0.049966303
1706586106.472059965 4.220591675 0.226294476 -0.099881573 0.009194992 0.044674986 0.998042553 -0.042786211
1706586106.570879221 4.126300116 0.217823866 -0.097597261 0.009776365 0.035990629 0.998666985 -0.035684038
1706586106.672262192 4.021444495 0.205046794 -0.097363372 0.009697752 0.030142620 0.999062543 -0.029519688
1706586106.772900581 3.904056678 0.209844180 -0.091683316 0.011431820 0.034033553 0.999077388 -0.023567009
1706586106.872720003 3.786150315 0.219932243 -0.090896425 0.007744799 0.038993008 0.999080882 -0.016029775
1706586106.971400738 3.691739925 0.229651574 -0.093130554 0.003951901 0.036911925 0.999243222 -0.011613581
1706586107.072437525 3.589414181 0.228196691 -0.088775312 0.002804800 0.033503880 0.999425425 -0.004294427
1706586107.172266245 3.500765586 0.227269038 -0.090918016 0.005489463 0.032001176 0.999471253 0.001733635
1706586107.271931648 3.418959917 0.238843487 -0.089178037 0.005870847 0.032894013 0.999422939 0.006107876
1706586107.370677471 3.334204450 0.246433135 -0.088867414 0.007340092 0.035451643 0.999292107 0.010226843
1706586107.469460964 3.272755341 0.255084175 -0.084779086 0.010667284 0.033341769 0.999280393 0.014602484
1706586107.572450876 3.204817630 0.262234093 -0.081860908 0.010603401 0.032591692 0.999245225 0.018284701
1706586107.672286987 3.123534305 0.269501839 -0.083475873 0.013315491 0.031917521 0.999152153 0.022337057
1706586107.772654772 3.054711876 0.282193525 -0.080032641 0.013411114 0.030535653 0.999067514 0.027419324
1706586107.872741938 2.976277141 0.286125148 -0.075541432 0.013705461 0.029689673 0.998991670 0.030762426
1706586107.972579718 2.891311866 0.289962431 -0.069566105 0.015102627 0.028723395 0.998856188 0.035116833
1706586108.072413206 2.805892967 0.303186847 -0.070055144 0.014716239 0.030445804 0.998667553 0.038982099
1706586108.172268391 2.717177229 0.313043743 -0.069238202 0.016242168 0.028578363 0.998464652 0.044584845
1706586108.272915363 2.614897052 0.326474107 -0.061411572 0.019833235 0.021699368 0.998386354 0.048584650
1706586108.372746706 2.510042584 0.345128370 -0.057495752 0.017203112 0.020717029 0.998177125 0.054011894
1706586108.472588778 2.389383023 0.360699249 -0.049948131 0.016694911 0.018335225 0.998018469 0.057829360
1706586108.571864843 2.273796267 0.374147847 -0.048118316 0.019239197 0.018996305 0.997718171 0.061866352
1706586108.670608997 2.166139457 0.388600670 -0.039213129 0.018006198 0.009416899 0.997529740 0.067242229
1706586108.769443750 2.060391518 0.403584778 -0.028991963 0.021043016 0.004817505 0.997310605 0.070039559
1706586108.872720480 1.957640028 0.415488992 -0.020581489 0.024673683 0.000798824 0.997198825 0.070605065
1706586108.972566605 1.853825399 0.425427629 -0.010896667 0.024946079 -0.001466225 0.997236873 0.069958284
1706586109.072401524 1.755411331 0.433754401 -0.005632150 0.028043840 -0.003606004 0.997371848 0.066707847
1706586109.172255516 1.668231408 0.446158250 -0.006683878 0.026273905 -0.002798214 0.997578171 0.064340078
1706586109.272880316 1.590455950 0.453830731 -0.003407943 0.028610400 -0.002732572 0.997777866 0.060110805
1706586109.372410536 1.514336068 0.463617445 -0.000964879 0.028363783 -0.002948915 0.997896919 0.058211164
1706586109.471567631 1.429656649 0.461783012 0.006361987 0.031843089 -0.006773170 0.997944915 0.055191371
1706586109.570284843 1.345593317 0.466651976 0.014725702 0.031858391 -0.011284310 0.998166100 0.050220946
1706586109.672235966 1.242538968 0.473092996 0.022918456 0.030646195 -0.010065093 0.998401491 0.046410858
1706586109.772863865 1.140588557 0.485232371 0.030040920 0.032718545 -0.010229751 0.998575241 0.040894211
1706586109.871818781 1.043478474 0.494691820 0.034626309 0.033548191 -0.010771513 0.998692239 0.037044644
1706586109.970566273 0.940037688 0.504812764 0.039695432 0.030420253 -0.010804200 0.998996695 0.031039997
1706586110.069355011 0.820641097 0.514789438 0.038617651 0.023148519 -0.005676293 0.999393806 0.025376103
1706586110.172231913 0.706100075 0.523390029 0.043187703 0.017976196 -0.006813438 0.999631084 0.019186708
1706586110.272863865 0.606366962 0.523309715 0.048882625 0.020500743 -0.009773733 0.999654630 0.013221745
1706586110.372690678 0.499780474 0.524593213 0.052977463 0.011290427 -0.008699299 0.999850224 0.009817236
1706586110.472525835 0.391523299 0.530032410 0.055323582 0.012900876 -0.003151298 0.999907563 0.002916017
1706586110.572365999 0.270113882 0.543689246 0.057863017 0.004352819 0.001187083 0.999988554 -0.001592494
1706586110.672592163 0.170928192 0.544612643 0.071600356 0.015991415 -0.002603757 0.999857192 -0.004805344
1706586110.771488190 0.079276801 0.546463218 0.071244764 0.010991425 -0.007699421 0.999908135 0.001905234
1706586110.870112181 -0.018881975 0.546355458 0.070451578 0.008163003 -0.008460407 0.999912796 0.006015512
1706586110.972906828 -0.125561157 0.566440129 0.063151052 0.000352259 0.004164902 0.999961817 0.007674278
1706586111.072660685 -0.223417626 0.590432221 0.060936750 -0.002371415 0.006696336 0.999864451 0.014853141
1706586111.171481848 -0.318086745 0.588494316 0.064240255 -0.001697957 -0.001183154 0.999812250 0.019266075
1706586111.270220995 -0.421598594 0.586374035 0.064825929 -0.011390778 -0.001427757 0.999783427 0.017358286
1706586111.369153738 -0.507270727 0.595450340 0.059873990 -0.009219192 0.004656513 0.999811621 0.016433058
1706586111.472885847 -0.605464200 0.612113505 0.056356850 -0.010501593 0.010945644 0.999827577 0.010711013
1706586111.572732210 -0.688759941 0.619785369 0.053484256 -0.007552863 0.014277970 0.999862383 0.003782657
1706586111.672577858 -0.767171851 0.618686974 0.050360817 -0.009309802 0.017583154 0.999801794 -0.000730688
1706586111.772411823 -0.832761850 0.621707040 0.052393655 -0.008970333 0.017753563 0.999785453 -0.005778600
1706586111.872256279 -0.890354594 0.620317210 0.053329305 -0.010206034 0.013627737 0.999810050 -0.009486108
1706586111.972539902 -0.946308034 0.613214682 0.055326716 -0.009043467 0.011696138 0.999806115 -0.013005728
1706586112.071312189 -1.001922672 0.604073086 0.057221357 -0.008628109 0.010147744 0.999768462 -0.016899717
1706586112.172577858 -1.055083515 0.602250124 0.058275954 -0.009095565 0.015137296 0.999632234 -0.020579819
1706586112.272410393 -1.105574672 0.589213303 0.056924850 -0.004239755 0.010707099 0.999655623 -0.023580043
1706586112.372238398 -1.155940514 0.574787504 0.055493959 -0.000973337 0.007658948 0.999647413 -0.025405563
1706586112.471446037 -1.226279581 0.567335552 0.055576621 -0.002516138 0.008228379 0.999517665 -0.029839580
1706586112.570449114 -1.301182747 0.565975445 0.056109695 -0.001540140 0.007634412 0.999410017 -0.033450891
1706586112.672535181 -1.391193565 0.564813348 0.049419240 -0.002723130 0.009407421 0.999237138 -0.037805131
1706586112.772379637 -1.502171016 0.555580219 0.047260658 -0.003062840 0.010625059 0.999076644 -0.041516098
1706586112.872217655 -1.609704083 0.548406225 0.052224707 -0.002014035 0.006207269 0.999039366 -0.043333107
1706586112.972850561 -1.711742798 0.547161920 0.050596360 -0.005908368 0.007477203 0.999040358 -0.042749807
1706586113.072698832 -1.820168384 0.551103329 0.049626426 -0.005521125 0.013800209 0.999104026 -0.039625965
1706586113.172357559 -1.942873583 0.552191160 0.043584937 -0.007776196 0.022727089 0.998906654 -0.040106196
1706586113.271762848 -2.049118326 0.552244391 0.040212243 -0.008058980 0.023800047 0.998971597 -0.037740687
1706586113.369755745 -2.155413204 0.544839162 0.045892185 -0.012567609 0.019845730 0.999111579 -0.034989353
1706586113.472459078 -2.248007504 0.544231444 0.047436032 -0.013660288 0.016048879 0.999282830 -0.031458796
1706586113.572310448 -2.330191168 0.552404300 0.036731116 -0.013876397 0.021458078 0.999299042 -0.027357305
1706586113.672494173 -2.393410683 0.556231119 0.033658067 -0.011716208 0.020528724 0.999465132 -0.022599836
1706586113.771428823 -2.444829233 0.555895158 0.034719549 -0.013273425 0.018901097 0.999518968 -0.020697762
1706586113.870477200 -2.493210788 0.561052085 0.037248721 -0.012237551 0.017974692 0.999530490 -0.021585943
1706586113.972831011 -2.525523916 0.569612046 0.041295885 -0.011332054 0.021478627 0.999468402 -0.021752403
1706586114.072675228 -2.537297773 0.564786762 0.040050268 -0.009734739 0.017207756 0.999592504 -0.020590161
1706586114.172492266 -2.545353906 0.562691522 0.042023983 -0.009857505 0.018035139 0.999575500 -0.020649048
1706586114.272331953 -2.536964578 0.563696788 0.045216088 -0.010144611 0.018806747 0.999542570 -0.021401949
1706586114.372569084 -2.527580212 0.559540864 0.044243504 -0.009403647 0.017359663 0.999583512 -0.021047948
1706586114.472408533 -2.526734040 0.558627371 0.044153706 -0.009672581 0.018229920 0.999554014 -0.021584350
1706586114.570980072 -2.519464385 0.563683330 0.042670630 -0.009824095 0.016753763 0.999578967 -0.021556584
1706586114.672879696 -2.517433872 0.562997497 0.042593788 -0.009897562 0.018357332 0.999543726 -0.021849155
1706586114.772725105 -2.516541230 0.563931018 0.042436519 -0.010027539 0.017892171 0.999550314 -0.021874372
1706586114.872576237 -2.518329145 0.564805143 0.041032290 -0.009895202 0.016585015 0.999578238 -0.021687999
1706586114.972423077 -2.511513936 0.562545512 0.038939054 -0.009969586 0.017280385 0.999564053 -0.021764635
1706586115.071614981 -2.517251956 0.566849781 0.039663630 -0.009975194 0.016852844 0.999571885 -0.021737624
1706586115.172901392 -2.516261430 0.565474975 0.041839064 -0.010153610 0.017247274 0.999563930 -0.021711419
1706586115.272747278 -2.520936383 0.565315782 0.040867443 -0.009819695 0.017126237 0.999570862 -0.021641565
1706586115.372587919 -2.525634165 0.563905572 0.041544343 -0.010109854 0.016865170 0.999566034 -0.021934012
1706586115.472427607 -2.521577607 0.560559420 0.041620811 -0.010023531 0.018185110 0.999544733 -0.021889671
1706586115.572248936 -2.518271245 0.561269624 0.042547856 -0.009943803 0.017113845 0.999573028 -0.021494144
1706586115.672896624 -2.519496006 0.557900111 0.042752627 -0.010030808 0.017187501 0.999569471 -0.021560252
1706586115.772003174 -2.515903528 0.557631795 0.040427678 -0.009928670 0.017891142 0.999557873 -0.021572830
1706586115.870547295 -2.517388764 0.557817914 0.041231865 -0.010043019 0.016669770 0.999577272 -0.021599410
1706586115.972404480 -2.521743715 0.558270084 0.037411092 -0.009793620 0.017275442 0.999570934 -0.021531182
1706586116.072251320 -2.519886764 0.560118786 0.037596240 -0.009931074 0.016714435 0.999575149 -0.021714584
1706586116.172910452 -2.519191709 0.561288547 0.038248207 -0.009811197 0.017732644 0.999557970 -0.021752207
1706586116.272675276 -2.529904116 0.563366912 0.040641626 -0.009885160 0.018799098 0.999535856 -0.021839188
1706586116.372007132 -2.519104346 0.563101725 0.038944089 -0.009790420 0.017938852 0.999555932 -0.021686054
1706586116.472409487 -2.521016485 0.568794421 0.041278901 -0.010083938 0.016292438 0.999579804 -0.021750527
1706586116.572252035 -2.521052936 0.565085960 0.042739330 -0.010134616 0.016434951 0.999578035 -0.021701003
1706586116.672888756 -2.520742941 0.564112720 0.042175454 -0.009891888 0.017214125 0.999564264 -0.021842792
1706586116.772708178 -2.520698504 0.566880144 0.042060723 -0.010012119 0.016028265 0.999583272 -0.021820520
1706586116.872556925 -2.521454230 0.565583647 0.044038351 -0.010034274 0.016522490 0.999577942 -0.021685423
1706586116.972393513 -2.519340201 0.564947193 0.043675114 -0.009782543 0.018772189 0.999536211 -0.021892218
1706586117.071566820 -2.522966745 0.566597308 0.044676196 -0.010264021 0.016654379 0.999571707 -0.021764280
1706586117.170166731 -2.528832880 0.564356063 0.040826294 -0.009671298 0.017235877 0.999570455 -0.021640164
1706586117.272520065 -2.529512929 0.562370771 0.040410144 -0.009889009 0.015704361 0.999598299 -0.021420101
1706586117.372560740 -2.529465578 0.560979759 0.041963871 -0.010061741 0.018172335 0.999544718 -0.021883426
1706586117.472404242 -2.531707890 0.563522091 0.042146321 -0.010022216 0.017248876 0.999563931 -0.021771060
1706586117.572233438 -2.527106239 0.558185903 0.039932216 -0.010032377 0.017120947 0.999567047 -0.021724266
1706586117.672871351 -2.530247912 0.559714902 0.037453422 -0.009744658 0.015937558 0.999597727 -0.021340582
1706586117.772721052 -2.525266747 0.555764975 0.036117632 -0.009743125 0.016446351 0.999584979 -0.021551300
1706586117.872555494 -2.530707347 0.557415019 0.038078924 -0.009875479 0.017801266 0.999554439 -0.021829191
1706586117.972384691 -2.533612830 0.553486047 0.038757215 -0.009981461 0.016976770 0.999575734 -0.021459551
1706586118.072218418 -2.532597567 0.551187799 0.036889325 -0.009710417 0.017084285 0.999577422 -0.021419904
1706586118.172860146 -2.531280399 0.555004535 0.035071215 -0.009689150 0.016847019 0.999579300 -0.021529525
1706586118.272601604 -2.533937831 0.556290467 0.036939306 -0.010036533 0.016752065 0.999572261 -0.021769943
1706586118.371191502 -2.530462567 0.555515652 0.036372298 -0.009577575 0.018218651 0.999554874 -0.021596417
1706586118.469832897 -2.530642689 0.555491308 0.036555743 -0.009881836 0.017153282 0.999569520 -0.021653845
1706586118.568465233 -2.533668309 0.558680330 0.042032842 -0.010046798 0.016642556 0.999576242 -0.021666195
1706586118.672875166 -2.528152398 0.558311396 0.042596634 -0.009923349 0.017532370 0.999559672 -0.021785435
1706586118.772725582 -2.518008374 0.556639527 0.042219527 -0.009851643 0.016951509 0.999572745 -0.021677634
1706586118.871807098 -2.524367870 0.559788336 0.042655606 -0.009920403 0.017680430 0.999559060 -0.021695023
1706586118.972398281 -2.519123240 0.556326971 0.038979872 -0.009706798 0.017692295 0.999560441 -0.021718343
1706586119.072235346 -2.521261974 0.560173831 0.038638996 -0.010030718 0.016406251 0.999577778 -0.021782686
1706586119.172885656 -2.523643424 0.557809727 0.036318666 -0.009774069 0.017067876 0.999572873 -0.021615425
1706586119.272736549 -2.527327582 0.555798829 0.035680479 -0.009815092 0.016410359 0.999586899 -0.021456805
1706586119.372579575 -2.537097418 0.554745165 0.035667685 -0.009713529 0.017900117 0.999559149 -0.021604175
1706586119.472417593 -2.544193731 0.554489190 0.038383858 -0.009900117 0.017109190 0.999571673 -0.021580858
1706586119.572208643 -2.542672019 0.553266450 0.037558752 -0.009755112 0.017102662 0.999573809 -0.021553120
1706586119.670849800 -2.541205699 0.552846223 0.038560234 -0.009963755 0.016415819 0.999584175 -0.021510952
1706586119.769494534 -2.536610048 0.552982069 0.038914873 -0.009654196 0.018211972 0.999549615 -0.021810269
1706586119.872572899 -2.533819233 0.553409686 0.038606893 -0.009669859 0.017783521 0.999560067 -0.021677476
1706586119.972411871 -2.535752000 0.553789567 0.040818341 -0.010028020 0.017550754 0.999559709 -0.021720908
1706586120.072257757 -2.530336310 0.553336959 0.037983048 -0.009502190 0.018012629 0.999560296 -0.021551545
1706586120.172900438 -2.523824086 0.553546235 0.037187485 -0.009608512 0.017828897 0.999560305 -0.021656499
1706586120.272728682 -2.524782261 0.556592731 0.037472205 -0.009832249 0.018036435 0.999553456 -0.021700298
1706586120.372574568 -2.525889201 0.557713653 0.037449686 -0.009613152 0.017603943 0.999565350 -0.021605549
1706586120.472410917 -2.532627519 0.559740633 0.038121678 -0.009836578 0.017580862 0.999557945 -0.021864815
1706586120.572238684 -2.535809072 0.557930218 0.037841562 -0.009725443 0.016393731 0.999585487 -0.021575818
1706586120.672871590 -2.534887250 0.555283340 0.034269172 -0.009518796 0.017884953 0.999562226 -0.021561006
1706586120.772708654 -2.540883331 0.554340840 0.034705270 -0.009845565 0.017131620 0.999569338 -0.021695891
1706586120.871865749 -2.542400770 0.555431952 0.036596942 -0.009681762 0.018109274 0.999553975 -0.021683353
1706586120.970515966 -2.541719738 0.554677446 0.038668654 -0.009757139 0.018012591 0.999555834 -0.021644408
1706586121.069185972 -2.543081080 0.556346408 0.041569627 -0.009940417 0.017547436 0.999562989 -0.021612653
1706586121.172892332 -2.538092293 0.557092229 0.042656133 -0.010025377 0.016505425 0.999577923 -0.021703424
1706586121.272746563 -2.528130246 0.559022243 0.042938927 -0.009976364 0.015683724 0.999594133 -0.021588469
1706586121.372406960 -2.528592440 0.551822381 0.040497831 -0.009758713 0.018996039 0.999536070 -0.021715500
1706586121.472435236 -2.528802546 0.555889498 0.039035107 -0.009681615 0.017691840 0.999564440 -0.021545181
1706586121.572265387 -2.523519227 0.556305140 0.037483585 -0.009650236 0.017124417 0.999574532 -0.021549527
1706586121.672889471 -2.521812305 0.558573670 0.036132737 -0.009582225 0.016978851 0.999576289 -0.021613480
1706586121.772731781 -2.526182989 0.557331719 0.034112056 -0.009434436 0.017535683 0.999567814 -0.021625834
1706586121.872574568 -2.533448534 0.556725418 0.034487107 -0.009771959 0.018252193 0.999550345 -0.021690427
1706586121.972424030 -2.541381604 0.556246425 0.033532470 -0.009591155 0.017222877 0.999570390 -0.021689120
1706586122.072266340 -2.550650638 0.557525887 0.036826396 -0.009906093 0.018012587 0.999549762 -0.021856092
1706586122.171550751 -2.552697793 0.554669445 0.036845250 -0.009718559 0.016693058 0.999580777 -0.021567590
1706586122.270209074 -2.546361566 0.555376477 0.041682514 -0.009915427 0.018623923 0.999538966 -0.021833202
1706586122.368904114 -2.545640337 0.556703000 0.043361397 -0.010045626 0.017116516 0.999564462 -0.021840261
1706586122.472414255 -2.536058297 0.553705076 0.041089118 -0.009836739 0.017313631 0.999572882 -0.021389936
1706586122.572254658 -2.536358990 0.551763667 0.039813412 -0.009751888 0.019111029 0.999532156 -0.021797674
1706586122.672128677 -2.533090833 0.554454955 0.036321228 -0.009559322 0.017217667 0.999576332 -0.021431954
1706586122.772737265 -2.529681363 0.557071226 0.037753395 -0.009822637 0.017824503 0.999556703 -0.021730167
1706586122.872564793 -2.526182175 0.558354723 0.038509671 -0.009889494 0.018326945 0.999544675 -0.021834931
1706586122.972427845 -2.524003959 0.560949031 0.037991489 -0.009609897 0.017031835 0.999575620 -0.021590404
1706586123.072281837 -2.525039695 0.560999282 0.037647845 -0.009783017 0.017113428 0.999568294 -0.021786428
1706586123.172916174 -2.528233927 0.559981236 0.039338757 -0.009818187 0.017676962 0.999558437 -0.021772889
1706586123.272766829 -2.537952401 0.557492411 0.038945501 -0.009981134 0.015565057 0.999596283 -0.021572620
1706586123.372565985 -2.541899888 0.553759609 0.039300398 -0.009846574 0.017197166 0.999570154 -0.021605776
1706586123.471242666 -2.549478392 0.554505007 0.040797438 -0.009817863 0.018262821 0.999547596 -0.021787183
1706586123.569923878 -2.549692716 0.554532551 0.039396737 -0.009758139 0.017628103 0.999560308 -0.021753609
1706586123.672904730 -2.544100222 0.553405077 0.037847948 -0.009572776 0.017592316 0.999567563 -0.021530445
1706586123.772754192 -2.540125006 0.551484173 0.037793700 -0.009707906 0.017813988 0.999557491 -0.021754093
1706586123.872574806 -2.533680308 0.551759282 0.037312472 -0.009669676 0.017830613 0.999564874 -0.021415627
1706586123.971954584 -2.538712139 0.550494766 0.035376039 -0.009623808 0.019009066 0.999537148 -0.021714670
1706586124.072267056 -2.529615167 0.553515786 0.033195284 -0.009461249 0.018245611 0.999553506 -0.021688020
1706586124.172908545 -2.528112493 0.556432856 0.034180968 -0.009675937 0.016965423 0.999574425 -0.021668400
1706586124.272757530 -2.522666451 0.558068091 0.035331668 -0.009714116 0.017435595 0.999563863 -0.021765109
1706586124.371950388 -2.532716870 0.558084225 0.037868932 -0.009791894 0.016994841 0.999574751 -0.021578046
1706586124.472453356 -2.532157569 0.557772642 0.036771647 -0.009756541 0.017165428 0.999569702 -0.021692615
1706586124.572273970 -2.532422137 0.559818440 0.038912893 -0.009950148 0.016233977 0.999582699 -0.021722807
1706586124.672255516 -2.531166980 0.555698050 0.039006925 -0.009923631 0.017481280 0.999564467 -0.021605613
1706586124.770970106 -2.542891646 0.551600486 0.036529281 -0.009518114 0.018070778 0.999561181 -0.021454538
1706586124.869673967 -2.545700576 0.552450039 0.038570420 -0.009763551 0.016696464 0.999581720 -0.021500835
1706586124.972431660 -2.547774107 0.553377193 0.039583440 -0.009839875 0.017381438 0.999564318 -0.021731026
1706586125.072281361 -2.543778290 0.552767628 0.038496588 -0.009400817 0.018165677 0.999557647 -0.021590330
1706586125.172896385 -2.545775482 0.553545913 0.037710787 -0.009757119 0.017581874 0.999561949 -0.021716044
1706586125.272749901 -2.537915573 0.555593230 0.035423433 -0.009571748 0.016592864 0.999583539 -0.021582562
1706586125.372578859 -2.527120045 0.555694547 0.035151444 -0.009670173 0.016851845 0.999579382 -0.021530490
1706586125.472429514 -2.527673710 0.559702501 0.037640231 -0.009980222 0.017104095 0.999566154 -0.021802505
1706586125.572277069 -2.537170164 0.559479272 0.041425821 -0.009856016 0.017735957 0.999559333 -0.021666459
1706586125.672915697 -2.526892376 0.555214212 0.037293706 -0.009640542 0.017023111 0.999574766 -0.021623155
1706586125.772773743 -2.525863243 0.558511365 0.039509354 -0.009917599 0.015993051 0.999589962 -0.021581731
1706586125.872628927 -2.528368813 0.555381783 0.038292045 -0.009803410 0.017645482 0.999559882 -0.021738742
1706586125.971996069 -2.535692425 0.556831040 0.036745009 -0.009726829 0.016574835 0.999580743 -0.021656468
1706586126.070703983 -2.540136467 0.555563751 0.037979216 -0.009801418 0.016983261 0.999572701 -0.021677573
1706586126.169456244 -2.540746140 0.553079739 0.035979315 -0.009610690 0.018036804 0.999560219 -0.021486679
1706586126.272373915 -2.541919337 0.554985418 0.033627002 -0.009548514 0.017300296 0.999569109 -0.021705327
1706586126.372211933 -2.542468006 0.553824427 0.036071262 -0.009717641 0.017730907 0.999557192 -0.021831201
1706586126.472840309 -2.534485361 0.554666364 0.037209175 -0.009743106 0.017628576 0.999560491 -0.021751572
1706586126.572691917 -2.541783423 0.554765470 0.035019376 -0.009494823 0.017444620 0.999568168 -0.021656684
1706586126.672531128 -2.539406566 0.557372902 0.033383641 -0.009547828 0.018022511 0.999556041 -0.021719769
1706586126.772380352 -2.538094225 0.558117315 0.035615981 -0.009703312 0.018529697 0.999541541 -0.021890733
1706586126.872230291 -2.529528975 0.555477843 0.037059403 -0.009696618 0.017384078 0.999570237 -0.021520015
1706586126.972852945 -2.530706143 0.558873800 0.039702612 -0.009908506 0.017363843 0.999564937 -0.021685358
1706586127.072700739 -2.526617587 0.555088201 0.037429155 -0.009575481 0.018271255 0.999550235 -0.021766940
1706586127.172544003 -2.522343825 0.558111627 0.037708948 -0.009551310 0.017067066 0.999577011 -0.021524110
1706586127.271738768 -2.526083139 0.555669082 0.038187490 -0.009742232 0.017389922 0.999564534 -0.021758263
1706586127.370484591 -2.531745895 0.553090439 0.039653633 -0.009931102 0.017203643 0.999570215 -0.021559045
1706586127.469269037 -2.538218945 0.554063920 0.039764404 -0.009808243 0.018319230 0.999548006 -0.021725273
1706586127.572732687 -2.543504776 0.554404259 0.040605987 -0.009790820 0.018849341 0.999536469 -0.021810316
1706586127.672573805 -2.541211243 0.557055580 0.039811886 -0.009738671 0.017629343 0.999562077 -0.021679916
1706586127.772412062 -2.542665541 0.556928818 0.039523085 -0.009886085 0.016883881 0.999573073 -0.021699574
1706586127.872264147 -2.540048928 0.557063426 0.038477763 -0.009765760 0.017660370 0.999558558 -0.021804348
1706586127.972904921 -2.535176988 0.556222443 0.036773689 -0.009599615 0.018010360 0.999557688 -0.021631038
1706586128.072739124 -2.530730818 0.555953598 0.038071481 -0.009965009 0.016670141 0.999577386 -0.021629927
1706586128.171950579 -2.526729055 0.556610952 0.038287430 -0.009647601 0.018217105 0.999551934 -0.021702340
1706586128.270580530 -2.525158340 0.554069591 0.037827412 -0.009686860 0.018153942 0.999553570 -0.021662408
1706586128.372259378 -2.526318534 0.556913555 0.038172151 -0.009643617 0.017259669 0.999571745 -0.021573858
1706586128.472816229 -2.522537322 0.554166125 0.034868229 -0.009436191 0.018228051 0.999554466 -0.021669462
1706586128.571547508 -2.530806459 0.556007752 0.035483485 -0.009759235 0.017257123 0.999571157 -0.021551146
1706586128.670341730 -2.529705764 0.556622440 0.035776913 -0.009704168 0.016780627 0.999576431 -0.021707095
1706586128.769154072 -2.539849748 0.558262732 0.036505863 -0.009792632 0.018530046 0.999539782 -0.021930955
1706586128.872252226 -2.544334502 0.556792960 0.037356670 -0.009974089 0.017162059 0.999567981 -0.021675646
1706586128.972889423 -2.542822085 0.557696773 0.040670649 -0.009673413 0.018676872 0.999537611 -0.021958231
1706586129.072743654 -2.544229622 0.555790932 0.039356194 -0.009790371 0.017495428 0.999563285 -0.021709403
1706586129.172592878 -2.538181303 0.554488684 0.038231733 -0.009639493 0.018474234 0.999546376 -0.021744549
1706586129.272429228 -2.530818619 0.556215549 0.039360551 -0.009791750 0.015959972 0.999591742 -0.021581230
1706586129.372267246 -2.530337384 0.555906647 0.040050705 -0.009860516 0.016602473 0.999584037 -0.021421526
1706586129.471610785 -2.530580409 0.552514271 0.038581188 -0.009658726 0.017942325 0.999560227 -0.021543796
1706586129.572742224 -2.531358697 0.554921717 0.038854027 -0.009768270 0.017174957 0.999575312 -0.021419536
1706586129.672581434 -2.528477827 0.554837752 0.039069898 -0.009770956 0.017512536 0.999561984 -0.021764202
1706586129.772428751 -2.525048360 0.558783229 0.039713744 -0.009860804 0.017177566 0.999568234 -0.021703489
1706586129.871372223 -2.524259016 0.558726861 0.036806793 -0.009507070 0.016413960 0.999587064 -0.021584682
1706586129.970191717 -2.531379334 0.559144454 0.035244129 -0.009694149 0.017542227 0.999563791 -0.021691516
1706586130.072731018 -2.536966515 0.553801444 0.033150352 -0.009491612 0.017019857 0.999578734 -0.021507854
1706586130.172580957 -2.543148534 0.553637021 0.034362679 -0.009595662 0.018265547 0.999549416 -0.021800410
1706586130.272423983 -2.548638101 0.551130290 0.034896132 -0.009751432 0.018021406 0.999556933 -0.021588819
1706586130.372276545 -2.544350700 0.552686785 0.037711799 -0.009822920 0.019244547 0.999528429 -0.021819177
1706586130.472911596 -2.540288588 0.552402261 0.038855494 -0.009791246 0.017767540 0.999559200 -0.021676082
1706586130.572748899 -2.533729050 0.553149230 0.036422452 -0.009401502 0.018014921 0.999559145 -0.021646935
1706586130.672599316 -2.535562388 0.552801594 0.036392422 -0.009573963 0.017261662 0.999573919 -0.021502426
1706586130.771337509 -2.533337777 0.557062631 0.036890963 -0.009735751 0.017045578 0.999571097 -0.021732130
1706586130.872276545 -2.535390120 0.557560864 0.038686353 -0.009821720 0.017656804 0.999559402 -0.021743330
1706586130.972915649 -2.531646183 0.562092199 0.040767546 -0.009929810 0.017955480 0.999549416 -0.021908088
1706586131.072409630 -2.530842556 0.558274676 0.038292698 -0.009536589 0.017831657 0.999559285 -0.021732936
1706586131.171255112 -2.524768735 0.557540539 0.039230266 -0.009776997 0.016509531 0.999582880 -0.021584982
1706586131.270154715 -2.524352337 0.556740827 0.037355720 -0.009442574 0.017846958 0.999562174 -0.021628312
1706586131.372281790 -2.531623092 0.556038232 0.037606529 -0.009984383 0.017478776 0.999561544 -0.021714610
1706586131.472913265 -2.538678262 0.552913625 0.035927859 -0.009640352 0.017149637 0.999574815 -0.021520768
1706586131.572775602 -2.542454959 0.556482713 0.039888418 -0.009973285 0.018732047 0.999532127 -0.022026617
1706586131.672610760 -2.539087584 0.555926371 0.038060902 -0.009692108 0.017950280 0.999555742 -0.021729443
1706586131.772452116 -2.533875287 0.555463150 0.039096848 -0.009813960 0.017038887 0.999572331 -0.021645278
1706586131.872270823 -2.532670764 0.553529033 0.039227759 -0.009711418 0.017948326 0.999557397 -0.021646161
1706586131.972360849 -2.528492658 0.550996825 0.035151177 -0.009528639 0.017469620 0.999574851 -0.021310452
1706586132.070210218 -2.533310173 0.550235458 0.037058152 -0.009790282 0.019031067 0.999533565 -0.021785784
1706586132.172585487 -2.530437230 0.556826696 0.035844814 -0.009653412 0.018508876 0.999542459 -0.021888473
1706586132.272425890 -2.525752723 0.556275108 0.036489276 -0.009680367 0.017798135 0.999556102 -0.021842997
1706586132.372264624 -2.523825367 0.559477277 0.039050558 -0.009979298 0.017477485 0.999560348 -0.021772968
1706586132.471198082 -2.525779542 0.558382634 0.037308758 -0.009407264 0.016635720 0.999586591 -0.021480308
1706586132.570141554 -2.530459046 0.557376602 0.036895759 -0.009673496 0.018779379 0.999541085 -0.021711257
1706586132.672578812 -2.530466457 0.557447956 0.035920943 -0.009640098 0.016848190 0.999577905 -0.021615237
1706586132.772435188 -2.535989671 0.556080510 0.037891806 -0.009835251 0.017086649 0.999570517 -0.021681672
1706586132.872282028 -2.539134633 0.552460305 0.036172590 -0.009740728 0.017325546 0.999568579 -0.021624047
1706586132.972925425 -2.540010302 0.549837035 0.036270857 -0.009708275 0.017579977 0.999564314 -0.021630429
1706586133.072764397 -2.541534073 0.550264367 0.037876455 -0.009647934 0.018095804 0.999556689 -0.021584385
1706586133.172618389 -2.539274827 0.552530230 0.038251401 -0.009492786 0.017468033 0.999570027 -0.021552648
1706586133.271194220 -2.546853535 0.550878190 0.040021853 -0.009749149 0.017870297 0.999561540 -0.021501970
1706586133.369629860 -2.540978499 0.553487917 0.037450219 -0.009672129 0.016564747 0.999585657 -0.021460994
1706586133.472529173 -2.532697116 0.553978405 0.036018559 -0.009604945 0.017875150 0.999557672 -0.021741313
1706586133.572371483 -2.530483361 0.555449702 0.035359559 -0.009636589 0.018760122 0.999540384 -0.021776483
1706586133.672206163 -2.529210014 0.558742363 0.035753335 -0.009553161 0.016071874 0.999592865 -0.021553081
1706586133.771226883 -2.524889560 0.557270788 0.036974998 -0.009702307 0.016969246 0.999574657 -0.021642891
1706586133.872693300 -2.528498087 0.559051742 0.038626068 -0.009607535 0.018144212 0.999555449 -0.021619141
1706586133.972539425 -2.526925214 0.556310684 0.036645379 -0.009563738 0.018230571 0.999555663 -0.021555920
1706586134.072368145 -2.529830745 0.556540177 0.036388655 -0.009778378 0.016269230 0.999587238 -0.021565006
1706586134.172604561 -2.537197955 0.552803479 0.036693965 -0.009878016 0.016694908 0.999578910 -0.021580235
1706586134.272456169 -2.541694047 0.551059284 0.034546331 -0.009497109 0.018858169 0.999539564 -0.021790695
1706586134.372300625 -2.541424545 0.555099155 0.038504836 -0.009949536 0.016658645 0.999579350 -0.021555008
1706586134.472187996 -2.542696976 0.554980147 0.041750854 -0.009995297 0.017647281 0.999554666 -0.021889202
1706586134.570630789 -2.528149111 0.554499278 0.039315695 -0.009742540 0.017263487 0.999569209 -0.021643743
1706586134.669198990 -2.531371441 0.553712660 0.039172306 -0.009828550 0.018595871 0.999538898 -0.021899407
1706586134.772841692 -2.531343128 0.554214429 0.035158598 -0.009558174 0.017037049 0.999579863 -0.021412112
1706586134.872682810 -2.528857110 0.554463644 0.035473546 -0.009645943 0.018293380 0.999551776 -0.021646128
1706586134.972300291 -2.528281643 0.554789599 0.036915379 -0.009747569 0.018269458 0.999547258 -0.021828655
1706586135.071383715 -2.532597534 0.555375503 0.039747996 -0.009966001 0.017614615 0.999561612 -0.021609902
1706586135.172597408 -2.527078779 0.554079103 0.039826754 -0.009692759 0.017366426 0.999571953 -0.021456194
1706586135.272436142 -2.525244112 0.557566544 0.038120588 -0.009657217 0.016951767 0.999577167 -0.021560667
1706586135.372280598 -2.531641701 0.554617214 0.038187121 -0.009910414 0.017246034 0.999569331 -0.021575675
1706586135.472928047 -2.534280602 0.552745823 0.035956616 -0.009654164 0.017885324 0.999556692 -0.021756210
1706586135.572777510 -2.543853707 0.553960599 0.038130696 -0.010014698 0.017555682 0.999560073 -0.021706325
1706586135.672619343 -2.545508528 0.551881364 0.039120240 -0.009832627 0.018192776 0.999550010 -0.021728301
1706586135.771671772 -2.548251899 0.554936040 0.038227335 -0.009763405 0.017722917 0.999554820 -0.021925675
1706586135.870229959 -2.550393918 0.554473684 0.038070449 -0.009799259 0.017441564 0.999560982 -0.021854265
1706586135.972541571 -2.541420084 0.555921115 0.035947067 -0.009580554 0.017517121 0.999563246 -0.021787172
1706586136.072385550 -2.536877577 0.553851507 0.033063040 -0.009518066 0.017281977 0.999571290 -0.021632754
1706586136.172236443 -2.546607844 0.553826246 0.033629534 -0.009495468 0.018285261 0.999551714 -0.021722258
1706586136.272455931 -2.541263251 0.554956043 0.035517077 -0.009636516 0.018762337 0.999540597 -0.021764834
1706586136.371875763 -2.534794978 0.553299514 0.034959930 -0.009292284 0.017909068 0.999563763 -0.021568564
1706586136.472567081 -2.532846026 0.555314331 0.038321397 -0.009828931 0.017560068 0.999564342 -0.021590791
1706586136.572417259 -2.530225003 0.552416869 0.036833056 -0.009476848 0.017565949 0.999571036 -0.021432942
1706586136.672271490 -2.534624208 0.554481708 0.037670953 -0.009749952 0.018843340 0.999538833 -0.021725294
1706586136.772917986 -2.543293287 0.554548212 0.037124312 -0.009840200 0.015813982 0.999595317 -0.021500951
1706586136.872766733 -2.545685537 0.551863630 0.036390164 -0.009650693 0.018603487 0.999544883 -0.021697934
1706586136.972609997 -2.547838858 0.551956958 0.035953459 -0.009551652 0.018656328 0.999545239 -0.021680021
1706586137.071264744 -2.547539929 0.552943600 0.038564835 -0.009751398 0.018073114 0.999552130 -0.021767218
1706586137.169865608 -2.545113529 0.554105631 0.036394208 -0.009639092 0.017149164 0.999572697 -0.021619824
1706586137.272922039 -2.546620206 0.554625111 0.038181257 -0.009763678 0.017330706 0.999566941 -0.021685216
1706586137.372751951 -2.541488983 0.554372426 0.038146037 -0.009675586 0.018291111 0.999548156 -0.021801418
1706586137.472590923 -2.531534388 0.553026567 0.036152114 -0.009605484 0.018373029 0.999549290 -0.021711344
1706586137.572280407 -2.533466048 0.552049586 0.036574125 -0.009681212 0.018084578 0.999555121 -0.021651390
1706586137.672270775 -2.534469375 0.555976533 0.038134743 -0.009866355 0.016988694 0.999573961 -0.021585558
1706586137.772913218 -2.533159819 0.552736035 0.035369562 -0.009235815 0.017116221 0.999581055 -0.021434768
