,rmse,mean,median,std,min,max,sse
adaptive_runtime.tum,1.49263601439386,1.244712786267423,0.8777575859659946,0.8238035877367712,0.11849343251976673,3.3685093016765655,3056.7642364507856
fastlio_runtime_external.tum,1.6000397777689923,1.358972960538742,1.0678878229640474,0.8445826087290773,0.1766570433650493,3.5217874323064757,3504.81426061653
