frame,lidar_begin_time,lidar_end_time,adaptive_map,degenerate,degeneracy_mode,window_ready,pos_x,pos_y,pos_z,quat_x,quat_y,quat_z,quat_w,downsampled_points,effective_points,effective_ratio,residual_mean,residual_median,residual_mad,normal_eigen_ratio,condition_number,window_degenerate_ratio,window_normal_eigen_ratio_mean,window_residual_cv,window_path_length,window_yaw_change,window_condition_number_mean,window_recent_degenerate_streak,map_added,point_to_add,point_no_need_downsample,insert_ratio,quality_rejected,invalid_quality_rejected,direction_rejected,persistent_quota_rejected,novel_accepted,novel_rejected,voxel_rejected,total_rejected,map_size,total_map_added,total_quality_rejected,total_direction_rejected,total_persistent_quota_rejected,total_voxel_rejected
1,1517157221.206058979,1517157221.306898355,1,0,0,0,0.011795077,-0.025138236,-0.005493179,-0.000433046,-0.000589328,0.004795062,0.999988236,783,635,0.810983397,0.037650720,0.019150440,0.015671395,0.564657410,32.196486167,0.000000000,0.564657410,0.000000000,0.000000000,0.000000000,32.196486167,0,345,344,1,0.440613027,57,0,0,0,0,0,377,61,863,345,57,0,0,377
2,1517157221.306919098,1517157221.407758236,1,0,0,0,0.015604584,-0.027165659,-0.001792338,-0.001046607,-0.000663826,0.004394308,0.999989577,778,637,0.818766067,0.033058114,0.012968568,0.010531629,0.557055020,33.333836519,0.000000000,0.560856215,0.064950953,0.005684981,0.000800640,32.765161343,0,155,153,2,0.199228792,61,0,0,0,0,0,558,65,891,500,118,0,0,935
3,1517157221.407778978,1517157221.508618355,1,0,0,0,0.018580858,-0.032198350,0.010453208,0.002304684,-0.003587880,0.005538910,0.999975568,772,604,0.782383420,0.034864204,0.015589510,0.011865805,0.558366656,26.843858516,0.000000000,0.560026362,0.053681632,0.019254785,0.003072128,30.791393734,0,233,223,10,0.301813472,61,0,0,0,0,0,474,65,966,733,179,0,0,1409
4,1517157221.508639097,1517157221.609478235,1,0,0,0,0.024747290,-0.027512280,-0.030522013,0.008223247,-0.019006414,0.010338319,0.999732091,761,576,0.756898817,0.052277618,0.027706675,0.021438839,0.585562088,27.874912703,0.000000000,0.566410294,0.192015372,0.060955539,0.012385372,30.062273476,0,224,210,14,0.294349540,58,0,0,0,0,0,475,62,1074,957,237,0,0,1884
5,1517157221.609498978,1517157221.710338354,1,0,0,0,0.051092897,-0.027134461,-0.034112804,0.009415985,-0.011079077,0.013631195,0.999801372,755,579,0.766887417,0.036433283,0.019033388,0.013902788,0.524169873,23.967130428,0.000000000,0.557962209,0.177187574,0.087547409,0.019069034,28.843244866,0,208,188,20,0.275496689,48,0,0,0,0,0,499,48,1164,1165,285,0,0,2383
6,1517157221.710359097,1517157221.811198235,1,0,0,0,0.075956911,-0.022592224,-0.045589085,0.010624547,-0.008714295,0.014165605,0.999805239,773,570,0.737386805,0.059137522,0.032879941,0.024087420,0.536039633,22.893920648,0.000000000,0.554308447,0.232733907,0.115306303,0.020159265,27.851690830,0,197,179,18,0.254851229,61,0,0,0,0,0,515,61,1259,1362,346,0,0,2898
7,1517157221.811218977,1517157221.912058353,1,0,0,0,0.081469306,-0.022747639,-0.041258759,0.009577946,-0.000580690,0.014057325,0.999855148,790,573,0.725316456,0.048089277,0.023798908,0.016628362,0.530892843,23.598634036,0.000000000,0.550963360,0.216570774,0.122317891,0.020204745,27.244111288,0,204,192,12,0.258227848,58,0,0,0,0,0,524,62,1360,1566,404,0,0,3422
8,1517157221.912080050,1517157222.012864351,1,0,0,0,0.078436578,-0.026214633,-0.038922763,0.008087220,-0.001871219,0.012911998,0.999882181,792,581,0.733585859,0.037052915,0.018268837,0.011874196,0.544532735,24.258693468,0.000000000,0.550159532,0.211484451,0.127482614,0.022514178,26.870934061,0,178,175,3,0.224747475,45,0,0,0,0,0,563,51,1424,1744,449,0,0,3985
9,1517157222.012886047,1517157222.113724232,1,0,0,0,0.071307256,-0.026624032,-0.031771780,0.007435876,-0.002444637,0.013114547,0.999883363,776,579,0.746134021,0.027320332,0.016662739,0.011905121,0.534676806,20.771882181,0.000000000,0.548439229,0.237757712,0.137588621,0.022913441,26.193261629,0,137,131,6,0.176546392,27,0,0,0,0,0,608,31,1482,1881,476,0,0,4593
10,1517157222.113745928,1517157222.214585304,1,0,0,0,0.064855265,-0.024652724,-0.031650228,0.009367860,-0.002749535,0.012332412,0.999876290,785,597,0.760509554,0.032988914,0.017776058,0.012774510,0.539748272,22.216464980,0.000000000,0.547570134,0.237009139,0.144336141,0.024493307,25.795581964,0,105,101,4,0.133757962,26,0,0,0,0,0,648,32,1525,1986,502,0,0,5241
11,1517157222.214606047,1517157222.315445185,1,0,0,0,0.065040714,-0.026471098,-0.032044951,0.007359850,-0.003298206,0.012640027,0.999887586,788,603,0.765228426,0.030599162,0.017596067,0.013286713,0.585544622,23.629614834,0.000000000,0.551022360,0.240783261,0.146206082,0.025112082,25.598675862,0,107,105,2,0.135786802,23,0,0,0,0,0,653,28,1558,2093,525,0,0,5894
12,1517157222.315465927,1517157222.416305304,1,0,0,0,0.063734850,-0.025650202,-0.025866370,0.007648541,-0.003174666,0.012903331,0.999882456,794,594,0.748110831,0.026852546,0.015880646,0.010447301,0.549405306,21.414146094,0.000000000,0.550887605,0.252730594,0.152574286,0.025638626,25.249965048,0,80,80,0,0.100755668,17,0,0,0,0,0,691,23,1572,2173,542,0,0,6585
13,1517157222.416326046,1517157222.517165184,1,0,0,0,0.063178795,-0.023993312,-0.023412545,0.007934336,-0.003197172,0.013057007,0.999878162,794,598,0.753148615,0.026590489,0.015507362,0.010608522,0.541772956,22.296539322,0.000000000,0.550186478,0.261754407,0.155586883,0.025943776,25.022778453,0,52,52,0,0.065491184,18,0,0,0,0,0,719,23,1581,2225,560,0,0,7304
14,1517157222.517185926,1517157222.618025303,1,0,0,0,0.061156643,-0.023257372,-0.020836253,0.007080591,-0.003109050,0.012819160,0.999887928,803,606,0.754669988,0.027062284,0.014580014,0.010580236,0.536147197,22.485645901,0.000000000,0.549183673,0.266920338,0.158943664,0.026412656,24.841554700,0,61,61,0,0.075965131,21,0,0,0,0,0,716,26,1590,2286,581,0,0,8020
15,1517157222.618046045,1517157222.718885183,1,0,0,0,0.059284582,-0.021964608,-0.016567895,0.007272680,-0.002813184,0.012934002,0.999885946,792,602,0.760101010,0.025886300,0.013759309,0.009240865,0.544434524,21.154237969,0.000000000,0.548867063,0.273048371,0.163780474,0.026645361,24.595733584,0,49,49,0,0.061868687,17,0,0,0,0,0,722,21,1599,2335,598,0,0,8742
16,1517157222.718905926,1517157222.819745302,1,0,0,0,0.058882980,-0.022696119,-0.018741061,0.007494528,-0.003058075,0.012810507,0.999885179,781,591,0.756722151,0.024867150,0.013392180,0.008803386,0.564365605,20.293416331,0.000000000,0.549835722,0.279735840,0.166108358,0.026897271,24.326838756,0,24,23,1,0.030729834,16,0,0,0,0,0,736,21,1602,2359,614,0,0,9478
17,1517157222.819766045,1517157222.920605183,1,0,0,0,0.059810280,-0.023342322,-0.016669455,0.007076931,-0.002493316,0.012786933,0.999890091,788,606,0.769035533,0.026582328,0.014043632,0.009747681,0.530512704,21.533431278,0.000000000,0.548699074,0.281264066,0.168468234,0.026933921,24.162520669,0,49,49,0,0.062182741,19,0,0,0,0,0,716,23,1605,2408,633,0,0,10194
18,1517157222.920625925,1517157223.021395206,1,0,0,0,0.061239647,-0.023054307,-0.020509581,0.007009717,-0.003044809,0.013051459,0.999885620,783,600,0.766283525,0.025590267,0.013146677,0.008994443,0.552121242,21.864825834,0.000000000,0.548889194,0.283805424,0.172575862,0.027455749,24.034870956,0,28,28,0,0.035759898,21,0,0,0,0,0,730,25,1609,2436,654,0,0,10924
19,1517157223.021415949,1517157223.122255325,1,0,0,0,0.061347648,-0.022940127,-0.023522531,0.006407079,-0.003500081,0.013052876,0.999888154,783,599,0.765006386,0.025233032,0.013240873,0.009198303,0.586519270,21.362653227,0.000000000,0.550869724,0.286122167,0.175592908,0.027456641,23.894227918,0,25,25,0,0.031928480,16,0,0,0,0,0,739,19,1613,2461,670,0,0,11663
20,1517157223.122276068,1517157223.223115206,1,0,0,1,0.061198077,-0.022511198,-0.024260501,0.007079044,-0.002987882,0.012958473,0.999886512,787,604,0.767471410,0.024685093,0.013168132,0.008717311,0.554978223,23.492400858,0.000000000,0.551075149,0.288620633,0.176459483,0.027643160,23.874136565,0,20,20,0,0.025412961,19,0,0,0,0,0,744,23,1616,2481,689,0,0,12407
21,1517157223.223135948,1517157223.323975325,1,0,0,1,0.060150645,-0.021590165,-0.019679193,0.006495761,-0.002773741,0.012992432,0.999890648,787,600,0.762388818,0.025688048,0.013020690,0.009264157,0.569929396,24.490851327,0.000000000,0.551338749,0.296170097,0.175563426,0.026916763,23.488854823,0,30,30,0,0.038119441,19,0,0,0,0,0,733,24,1621,2511,708,0,0,13140
22,1517157223.323996067,1517157223.424835205,1,0,0,1,0.060545312,-0.022320308,-0.015101416,0.005532697,-0.003109940,0.013205508,0.999892660,789,607,0.769328264,0.025686886,0.013398035,0.009487686,0.575869741,25.757671317,0.000000000,0.552279485,0.303091058,0.166646031,0.025073312,23.110046563,0,34,34,0,0.043092522,22,0,0,0,0,0,729,26,1624,2545,730,0,0,13869
23,1517157223.424855947,1517157223.525695324,1,0,0,1,0.059166580,-0.021109790,-0.016659208,0.006717486,-0.002915973,0.012901004,0.999889962,795,618,0.777358491,0.024688311,0.013469753,0.009063288,0.546109894,23.411100009,0.000000000,0.551666647,0.311473188,0.127352136,0.016374121,22.938408637,0,26,26,0,0.032704403,18,0,0,0,0,0,747,22,1630,2571,748,0,0,14616
24,1517157223.525716066,1517157223.626555204,1,0,0,1,0.058637824,-0.020944014,-0.016431056,0.006009723,-0.003066442,0.012933936,0.999893591,793,604,0.761664565,0.025504944,0.013465933,0.009335262,0.548437137,22.622948288,0.000000000,0.549810399,0.287727587,0.101359531,0.009758797,22.675810416,0,31,31,0,0.039092055,16,0,0,0,0,0,740,22,1633,2602,764,0,0,15356
25,1517157223.626575947,1517157223.727415323,1,0,0,1,0.059861766,-0.018282872,-0.019445716,0.007036365,-0.003056845,0.013139879,0.999884238,787,602,0.764930114,0.024634715,0.012904764,0.008952940,0.575058610,21.760679622,0.000000000,0.552354836,0.292292041,0.077803956,0.009074147,22.565487876,0,18,18,0,0.022871665,17,0,0,0,0,0,746,23,1634,2620,781,0,0,16102
26,1517157223.727436066,1517157223.828275204,1,0,0,1,0.061050677,-0.017913404,-0.016546824,0.005583048,-0.002992389,0.013232177,0.999892387,791,604,0.763590392,0.026586919,0.013396500,0.009184945,0.561819258,23.973480221,0.000000000,0.553643817,0.195426863,0.073947299,0.009223107,22.619465855,0,22,22,0,0.027812895,21,0,0,0,0,0,745,24,1636,2642,802,0,0,16847
27,1517157223.828295946,1517157223.929135323,1,0,0,1,0.066982571,-0.017703606,-0.012521015,0.005332418,-0.005556387,0.013378384,0.999880848,786,594,0.755725191,0.036252086,0.019630939,0.014440201,0.520875756,24.468445900,0.000000000,0.553142963,0.131941474,0.075954642,0.007181191,22.662956448,0,102,88,14,0.129770992,25,0,0,0,0,0,659,25,1689,2744,827,0,0,17506
28,1517157223.929156065,1517157224.029935360,1,0,0,1,0.073703835,-0.015636022,-0.006398800,0.004514624,-0.007881088,0.014630132,0.999851722,769,566,0.736020806,0.035325516,0.015542197,0.012078686,0.557890295,23.117743769,0.000000000,0.553810841,0.124570330,0.075172358,0.009275340,22.605908963,0,112,101,11,0.145643693,49,0,0,0,0,0,608,49,1743,2856,876,0,0,18114
29,1517157224.029957056,1517157224.130795240,1,0,0,1,0.088266386,-0.013171290,-0.000371000,0.003937489,-0.009473879,0.014878205,0.999836677,782,565,0.722506394,0.034711139,0.017079323,0.012778607,0.582404735,24.943889891,0.000000000,0.556197237,0.135495297,0.084377178,0.008189575,22.814509349,0,117,111,6,0.149616368,32,0,0,0,0,0,611,54,1796,2973,908,0,0,18725
30,1517157224.130816936,1517157224.231655359,1,0,0,1,0.106080811,-0.010719889,-0.019852447,0.004469629,-0.014447578,0.015783449,0.999761058,760,546,0.718421053,0.035656866,0.017362848,0.013276094,0.562096435,24.054401937,0.000000000,0.557314645,0.142797683,0.109019308,0.009332742,22.906406196,0,97,90,7,0.127631579,36,0,0,0,0,0,623,40,1839,3070,944,0,0,19348
31,1517157224.231677055,1517157224.332516193,1,0,0,1,0.134794248,-0.010331287,-0.027668407,0.007651276,-0.014824945,0.017080539,0.999714926,790,571,0.722784810,0.036129762,0.020834039,0.014783995,0.597816490,22.507390808,0.000000000,0.557928239,0.153853701,0.132411845,0.011303735,22.850294995,0,145,132,13,0.183544304,30,0,0,0,0,0,613,32,1906,3215,974,0,0,19961
32,1517157224.332536936,1517157224.433376312,1,0,0,1,0.171842689,-0.008405751,-0.028212285,0.006884395,-0.014174859,0.017481673,0.999722996,785,555,0.707006369,0.031950245,0.017495897,0.012827606,0.569002234,24.338053508,0.000000000,0.558908085,0.154653952,0.166501680,0.011832118,22.996490366,0,120,113,7,0.152866242,21,0,0,0,0,0,643,22,1950,3335,995,0,0,20604
33,1517157224.433397055,1517157224.534236193,1,0,0,1,0.219126061,-0.004096761,-0.030150649,0.007811439,-0.014984169,0.017863970,0.999697622,780,575,0.737179487,0.035887054,0.020739512,0.014963340,0.595990150,25.407463461,0.000000000,0.561618945,0.161175485,0.210663758,0.012090263,23.152036573,0,85,83,2,0.108974359,26,0,0,0,0,0,668,27,1973,3420,1021,0,0,21272
34,1517157224.534256935,1517157224.635096312,1,0,0,1,0.269021218,-0.005223251,-0.033453427,0.007400840,-0.015618762,0.018384398,0.999681597,784,563,0.718112245,0.033318163,0.017542301,0.011503263,0.601752582,24.392910137,0.000000000,0.564899214,0.161962797,0.255843984,0.012903003,23.247399785,0,120,110,10,0.153061224,23,0,0,0,0,0,641,23,2014,3540,1044,0,0,21913
35,1517157224.635117054,1517157224.735956192,1,0,0,1,0.333600763,-0.002572466,-0.029346597,0.003647037,-0.018328960,0.021216522,0.999600224,789,562,0.712294043,0.033681450,0.016739981,0.012163014,0.577363161,24.163199942,0.000000000,0.566545646,0.160789830,0.318280369,0.018422592,23.397847883,0,141,138,3,0.178707224,29,0,0,0,0,0,617,31,2065,3681,1073,0,0,22530
36,1517157224.735976934,1517157224.836816311,1,0,0,1,0.420038034,0.004296057,-0.023623293,0.004571049,-0.017559442,0.022925292,0.999572510,765,559,0.730718954,0.032199342,0.014408970,0.010730238,0.551125722,24.117960463,0.000000000,0.565883652,0.155499293,0.402818908,0.021777141,23.589075090,0,109,108,1,0.142483660,27,0,0,0,0,0,628,28,2093,3790,1100,0,0,23158
37,1517157224.836837053,1517157224.937676191,1,0,0,1,0.516068059,0.008115711,-0.018152744,0.006774068,-0.016580468,0.025635621,0.999510888,746,539,0.722520107,0.028140874,0.014090330,0.010127140,0.495584996,27.663661256,0.000000000,0.564137266,0.153602437,0.494972811,0.026612805,23.895586589,0,110,109,1,0.147453083,20,0,0,0,0,0,615,21,2122,3900,1120,0,0,23773
38,1517157225.038494110,1517157225.139333248,1,0,0,1,0.730559768,0.027598984,-0.023854185,0.002851732,-0.021531118,0.052645533,0.998377046,756,554,0.732804233,0.041047907,0.026750741,0.021114879,0.495277214,24.753446919,0.000000000,0.561295065,0.164509650,0.707405985,0.080829895,24.040017643,0,117,115,2,0.154761905,22,0,0,0,0,0,613,26,2163,4017,1142,0,0,24386
39,1517157225.139353991,1517157225.240193367,1,0,0,1,0.849709415,0.046469402,-0.031565902,0.004600658,-0.022137363,0.050517823,0.998467186,739,553,0.748308525,0.027558374,0.014745310,0.010612288,0.495900403,26.700409319,0.000000000,0.556764122,0.160518700,0.827420351,0.084984668,24.306905448,0,90,87,3,0.121786198,22,0,0,0,0,0,623,26,2192,4107,1164,0,0,25009
40,1517157225.240214109,1517157225.341053247,1,0,0,1,0.978934344,0.065837625,-0.040587664,0.007946774,-0.023173974,0.059425470,0.997932076,736,526,0.714673913,0.033963859,0.017941456,0.012794669,0.552071051,27.494972006,0.000000000,0.556618763,0.152482382,0.953610824,0.102608296,24.507034005,0,82,80,2,0.111413043,28,0,0,0,0,0,626,28,2216,4189,1192,0,0,25635
41,1517157225.341073990,1517157225.439888239,1,0,0,1,1.116031581,0.092711008,-0.045746650,0.011424985,-0.019005335,0.086326485,0.996020083,730,521,0.713698630,0.028720256,0.015526563,0.010998414,0.501768942,25.258990116,0.000000000,0.553210740,0.147378052,1.088759868,0.156055674,24.545440945,0,96,96,0,0.131506849,17,0,0,0,0,0,613,21,2242,4285,1209,0,0,26248
42,1517157225.441934109,1517157225.542773247,1,0,0,1,1.264907870,0.130661241,-0.049166565,0.020154187,-0.013207902,0.127550422,0.991539333,741,535,0.721997301,0.036522176,0.017902403,0.013454835,0.484570699,33.711462958,0.000000000,0.548645788,0.142154324,1.240028203,0.238217662,24.943130527,0,116,116,0,0.156545209,29,0,0,0,0,0,591,34,2271,4401,1238,0,0,26839
43,1517157225.542793989,1517157225.643633366,1,0,0,1,1.420478676,0.173235181,-0.051845676,0.014233874,-0.012372143,0.153503631,0.987968098,752,549,0.730053191,0.033056025,0.017502938,0.012796926,0.466726046,24.488079382,0.000000000,0.544676596,0.130218523,1.400742278,0.290781346,24.996979495,0,121,121,0,0.160904255,27,0,0,0,0,0,603,28,2308,4522,1265,0,0,27442
44,1517157225.643654108,1517157225.744493246,1,0,0,1,1.571838370,0.237148342,-0.051734355,0.006402491,-0.016105091,0.173180733,0.984737563,738,515,0.697831978,0.037117855,0.022668631,0.016052906,0.436721605,24.730328621,0.000000000,0.539090819,0.121479633,1.560839481,0.330495352,25.102348512,0,111,108,3,0.150406504,28,0,0,0,0,0,598,29,2343,4633,1293,0,0,28040
45,1517157225.744513988,1517157225.845353365,1,0,0,1,1.731773613,0.301592202,-0.055019000,0.002927287,-0.017671408,0.174722505,0.984454772,719,508,0.706536857,0.035360272,0.018113704,0.013605179,0.450121926,25.600480069,0.000000000,0.532843985,0.105252243,1.730146378,0.333563110,25.294338534,0,104,101,3,0.144645341,21,0,0,0,0,0,593,22,2372,4737,1314,0,0,28633
46,1517157225.845374107,1517157225.946213245,1,0,0,1,1.890985662,0.360744046,-0.058044636,0.001394741,-0.018655059,0.175857820,0.984237812,726,518,0.713498623,0.031444276,0.018914935,0.013851012,0.441701224,26.251888480,0.000000000,0.526838083,0.094371930,1.892846533,0.335671208,25.408258947,0,99,98,1,0.136363636,20,0,0,0,0,0,606,21,2397,4836,1334,0,0,29239
47,1517157225.946233988,1517157226.047013283,1,0,0,1,2.059192893,0.430206847,-0.057152013,0.002156520,-0.018549046,0.179223711,0.983631101,707,502,0.710042433,0.033793399,0.018944565,0.013186793,0.413647404,25.972521511,0.000000000,0.521476666,0.093361131,2.065510585,0.339993075,25.483462728,0,85,83,2,0.120226308,25,0,0,0,0,0,596,26,2412,4921,1359,0,0,29835
48,1517157226.047034025,1517157226.147873402,1,0,0,1,2.232348795,0.500111268,-0.064255302,-0.000040923,-0.020081312,0.185252371,0.982485775,713,496,0.695652174,0.033166725,0.019142703,0.013655252,0.494548843,29.272453035,0.000000000,0.518309593,0.093129471,2.236427320,0.351877775,25.791198191,0,108,104,4,0.151472651,15,0,0,0,0,0,590,15,2453,5029,1374,0,0,30425
49,1517157226.147893906,1517157226.248733282,1,0,0,1,2.409071126,0.570452011,-0.067369478,0.002767603,-0.020797145,0.184367175,0.982633484,731,503,0.688098495,0.033298370,0.018953095,0.013833777,0.526204029,25.751303162,0.000000000,0.515499558,0.093077696,2.400147477,0.352012437,25.831568855,0,105,103,2,0.143638851,20,0,0,0,0,0,602,24,2477,5134,1394,0,0,31027
50,1517157226.248754025,1517157226.349593401,1,0,0,1,2.593423442,0.645568484,-0.076671828,0.005163835,-0.016748606,0.184027685,0.982764789,689,480,0.696661829,0.032071349,0.018560369,0.013700613,0.474693055,24.221459017,0.000000000,0.511129389,0.092969410,2.569672447,0.350346983,25.839921709,0,79,78,1,0.114658926,18,0,0,0,0,0,591,19,2494,5213,1412,0,0,31618
51,1517157226.349615097,1517157226.450453281,1,0,0,1,2.776800308,0.735881387,-0.104157203,0.024807993,-0.003805804,0.217370172,0.975766513,745,513,0.688590604,0.047118703,0.029160764,0.018117800,0.492232056,29.856096187,0.000000000,0.505850167,0.126156255,2.738819721,0.417313284,26.207356978,0,147,140,7,0.197315436,36,0,0,0,0,0,559,39,2542,5360,1448,0,0,32177
52,1517157226.450474977,1517157226.551314354,1,0,0,1,2.960234618,0.837147836,-0.108465795,0.043750505,0.011439289,0.283309142,0.957961881,772,535,0.693005181,0.046095746,0.022591728,0.017509853,0.510084531,30.294465574,0.000000000,0.502904282,0.144220517,2.900875679,0.553594047,26.505177581,0,139,126,13,0.180051813,41,0,0,0,0,0,591,42,2600,5499,1489,0,0,32768
53,1517157226.551335096,1517157226.652174234,1,0,0,1,3.124835029,0.944732289,-0.123801123,0.033625941,0.005652661,0.313678465,0.948916837,808,565,0.699257426,0.035765687,0.017186781,0.011259171,0.466733862,26.302024687,0.000000000,0.496441468,0.144205463,3.048096778,0.615751701,26.549905642,0,127,124,3,0.157178218,38,0,0,0,0,0,642,39,2645,5626,1527,0,0,33410
54,1517157226.652194977,1517157226.753034353,1,0,0,1,3.272877331,1.067868560,-0.141284307,0.018043735,-0.008856923,0.297622373,0.954472054,778,519,0.667095116,0.038102495,0.019342320,0.013010171,0.471500306,24.713334414,0.000000000,0.489928854,0.144470872,3.176683812,0.644019330,26.565926856,0,140,137,3,0.179948586,34,0,0,0,0,0,599,39,2701,5766,1561,0,0,34009
55,1517157226.753055096,1517157226.853894234,1,0,0,1,3.417357044,1.180234814,-0.148184300,-0.002522345,-0.014063546,0.273354419,0.961807266,731,495,0.677154583,0.041540542,0.020050715,0.014043066,0.438352615,27.486056570,0.000000000,0.482978326,0.148284256,3.272946998,0.690776734,26.732069687,0,116,111,5,0.158686731,35,0,0,0,0,0,579,36,2744,5882,1596,0,0,34588
56,1517157226.853914976,1517157226.954754353,1,0,0,1,3.571821566,1.283468562,-0.147367810,-0.003910601,-0.009305199,0.248536222,0.968570011,720,493,0.684722222,0.038671775,0.018160854,0.013909188,0.363142275,25.828840436,0.000000000,0.473579154,0.146884464,3.362473416,0.736933630,26.817613686,0,118,115,3,0.163888889,25,0,0,0,0,0,577,25,2781,6000,1621,0,0,35165
57,1517157226.954775095,1517157227.055552244,1,0,0,1,3.748161449,1.384276956,-0.143512138,0.005522408,-0.008710175,0.252000914,0.967672039,744,483,0.649193548,0.035634443,0.017833716,0.013239411,0.341403631,26.069944076,0.000000000,0.465870086,0.137323406,3.350180655,0.689714368,26.737927827,0,123,122,1,0.165322581,30,0,0,0,0,0,591,30,2811,6123,1651,0,0,35756
58,1517157227.055572987,1517157227.156412363,1,0,0,1,3.913656242,1.482872610,-0.147669758,0.010501909,-0.005362658,0.257417717,0.966228270,756,493,0.652116402,0.030217830,0.016150344,0.011936316,0.392755104,25.082038698,0.000000000,0.460743980,0.139725499,3.421983172,0.696509127,26.754357416,0,120,120,0,0.158730159,18,0,0,0,0,0,614,22,2833,6243,1669,0,0,36370
59,1517157227.156433105,1517157227.257272243,1,0,0,1,4.080267421,1.580514186,-0.154718054,0.008950424,-0.007199699,0.259662194,0.965631192,756,485,0.641534392,0.031332826,0.015916991,0.010964761,0.336577574,26.872242248,0.000000000,0.452777839,0.132297089,3.484246733,0.683469228,26.762949062,0,98,95,3,0.129629630,25,0,0,0,0,0,633,25,2869,6341,1694,0,0,37003
60,1517157227.257292986,1517157227.358132362,1,0,0,1,4.247271569,1.683089277,-0.157248607,0.009130074,-0.006379026,0.263846836,0.964500283,784,518,0.660714286,0.030298302,0.014291291,0.010257025,0.348115151,24.409009395,0.000000000,0.442580044,0.136684111,3.540451501,0.638267604,26.608650932,0,114,110,4,0.145408163,26,0,0,0,0,0,644,26,2896,6455,1720,0,0,37647
61,1517157227.358153105,1517157227.458992243,1,0,0,1,4.414238875,1.790203412,-0.168254751,0.015673547,-0.001836872,0.283713278,0.958779298,817,523,0.640146879,0.032875513,0.018627524,0.013978382,0.322947733,26.001071648,0.000000000,0.433638983,0.130028243,3.585453568,0.596785358,26.645755008,0,121,118,3,0.148102815,23,0,0,0,0,0,667,29,2922,6576,1743,0,0,38314
62,1517157227.459012985,1517157227.559852362,1,0,0,1,4.579925550,1.904166667,-0.175550351,0.014491183,0.001296177,0.308711893,0.951044317,831,554,0.666666667,0.033792762,0.017667251,0.011943383,0.318722811,22.664165608,0.000000000,0.425346589,0.130898351,3.625368764,0.596584933,26.093390141,0,108,104,4,0.129963899,25,0,0,0,0,0,696,27,2962,6684,1768,0,0,39010
63,1517157227.559873104,1517157227.660712242,1,0,0,1,4.736599100,2.015013322,-0.180653226,-0.001170244,-0.005231602,0.294553899,0.955619831,794,495,0.623425693,0.027071510,0.015807246,0.010161442,0.281984154,25.467325626,0.000000000,0.416109494,0.141395308,3.653056839,0.586108109,26.142352453,0,102,100,2,0.128463476,14,0,0,0,0,0,674,18,2995,6786,1782,0,0,39684
64,1517157227.660732985,1517157227.761572361,1,0,0,1,4.889801855,2.120709814,-0.188294301,-0.014775913,-0.007990931,0.252614218,0.967421250,789,531,0.673003802,0.028884557,0.014681241,0.011634081,0.288852536,21.191770792,0.000000000,0.408716041,0.147807461,3.666877642,0.669890401,25.965424562,0,84,83,1,0.106463878,18,0,0,0,0,0,683,22,3016,6870,1800,0,0,40367
65,1517157227.761593103,1517157227.862432241,1,0,0,1,5.048705788,2.213710746,-0.204459775,-0.020851498,-0.006640423,0.209386148,0.977588135,814,536,0.658476658,0.030689312,0.014385975,0.011588310,0.247311724,26.241861090,0.000000000,0.398575531,0.150999451,3.681832248,0.756391767,25.997493613,0,82,81,1,0.100737101,31,0,0,0,0,0,695,37,3041,6952,1831,0,0,41062
66,1517157227.862452984,1517157227.963292360,1,0,0,1,5.208948584,2.301603137,-0.209113198,-0.024794262,-0.002901144,0.168923085,0.985313057,847,553,0.652892562,0.044881594,0.022180786,0.017570998,0.298485425,26.074900211,0.000000000,0.391414741,0.159481315,3.682668105,0.832151547,25.988644199,0,128,126,2,0.151121606,41,0,0,0,0,0,674,45,3080,7080,1872,0,0,41736
67,1517157227.963313103,1517157228.064091206,1,0,0,1,5.371085303,2.366773766,-0.215680417,-0.029410520,-0.003462932,0.121481154,0.992151883,812,511,0.629310345,0.038706379,0.017243639,0.011984394,0.286169367,23.162071629,0.000000000,0.385040839,0.159434677,3.670666565,0.915623997,25.848121705,0,109,105,4,0.134236453,29,0,0,0,0,0,673,30,3118,7189,1901,0,0,42409
68,1517157228.064111948,1517157228.164951324,1,0,0,1,5.536846976,2.403174040,-0.225619351,-0.018050210,-0.000673571,0.083756409,0.996322538,796,512,0.643216080,0.034664590,0.017507748,0.013284629,0.276203109,22.634825026,0.000000000,0.374123552,0.158491086,3.650436381,0.989684197,25.516240305,0,76,71,5,0.095477387,30,0,0,0,0,0,690,30,3144,7265,1931,0,0,43099
69,1517157228.164972067,1517157228.265811205,1,0,0,1,5.702885180,2.422853386,-0.229299839,-0.013123276,-0.000192385,0.071664184,0.997342462,803,538,0.669987547,0.038310323,0.018470769,0.013668526,0.278590902,24.438438300,0.000000000,0.361742896,0.157498461,3.618391537,1.013114400,25.450597062,0,86,83,3,0.107098381,20,0,0,0,0,0,696,21,3178,7351,1951,0,0,43795
70,1517157228.265831947,1517157228.366671324,1,0,0,1,5.863114758,2.441667507,-0.237463660,-0.006912936,-0.003726731,0.071316313,0.997422832,802,508,0.633416459,0.042044033,0.021647063,0.016036458,0.308430711,22.686669090,0.000000000,0.353429779,0.157682836,3.573678628,0.945954263,25.373857565,0,81,78,3,0.100997506,27,0,0,0,0,0,693,28,3207,7432,1978,0,0,44488
71,1517157228.366692066,1517157228.467531204,1,0,0,1,6.031096854,2.467531931,-0.234383314,-0.005506975,-0.004724766,0.074497063,0.997194834,811,522,0.643649815,0.032621263,0.015661653,0.010632121,0.267149968,28.046553428,0.000000000,0.342175674,0.146391931,3.534093346,0.815328571,25.283380427,0,91,85,6,0.112207152,25,0,0,0,0,0,692,28,3237,7523,2003,0,0,45180
72,1517157228.467551947,1517157228.568391323,1,0,0,1,6.191520498,2.495724205,-0.237079118,-0.002224034,-0.008156382,0.076850529,0.997006782,849,537,0.632508834,0.033202872,0.015854181,0.011757126,0.328154916,23.015543692,0.000000000,0.333079194,0.132772610,3.499759529,0.756842537,24.919434333,0,104,101,3,0.122497055,26,0,0,0,0,0,716,29,3256,7627,2029,0,0,45896
73,1517157228.568413019,1517157228.669251204,1,0,0,1,6.350417220,2.525727915,-0.237972768,0.004275116,-0.007427278,0.092724564,0.995654917,868,532,0.612903226,0.032049465,0.012265085,0.008962050,0.307366286,22.924850097,0.000000000,0.325110815,0.134587832,3.468115337,0.754566988,24.750575604,0,112,106,6,0.129032258,25,0,0,0,0,0,731,25,3290,7739,2054,0,0,46627
74,1517157228.669272900,1517157228.770111322,1,0,0,1,6.514898194,2.559879079,-0.239649287,0.016519899,-0.004529161,0.119325933,0.992707359,859,526,0.612339930,0.031104704,0.015405175,0.011188542,0.288830513,22.361210439,0.000000000,0.315977325,0.135957905,3.452951067,0.757803183,24.632969405,0,116,115,1,0.135040745,23,0,0,0,0,0,720,23,3322,7855,2077,0,0,47347
75,1517157228.770133018,1517157228.870972395,1,0,0,1,6.688731292,2.606526644,-0.251139758,0.025285440,0.002674271,0.169951241,0.985124393,880,563,0.639772727,0.029350173,0.014497678,0.010361521,0.247142152,23.986098817,0.000000000,0.306416802,0.133227599,3.447512701,0.808824387,24.457971517,0,107,104,3,0.121590909,20,0,0,0,0,0,747,26,3359,7962,2097,0,0,48094
76,1517157228.870992899,1517157228.971832275,1,0,0,1,6.849883010,2.680319544,-0.260487299,0.033400318,0.008438032,0.223887489,0.974005960,879,537,0.610921502,0.037729382,0.018236462,0.013859829,0.278668129,29.916392755,0.000000000,0.302193095,0.132042791,3.421845087,0.912164869,24.662349133,0,124,120,4,0.141069397,35,0,0,0,0,0,719,36,3402,8086,2132,0,0,48813
77,1517157228.971853018,1517157229.072630405,1,0,0,1,6.989939392,2.779143314,-0.271430201,0.012630497,-0.003376757,0.241441511,0.970327298,835,541,0.647904192,0.038898993,0.017513744,0.013334319,0.271113269,28.211516337,0.000000000,0.298678577,0.135037605,3.400922145,0.936701908,24.769427746,0,84,81,3,0.100598802,28,0,0,0,0,0,721,30,3430,8170,2160,0,0,49534
78,1517157229.072650909,1517157229.173490286,1,0,0,1,7.135217032,2.865115345,-0.276536746,0.007925976,-0.011836621,0.223271392,0.974652225,794,498,0.627204030,0.030776583,0.014790704,0.011111997,0.272186373,21.788602334,0.000000000,0.292650140,0.134305293,3.376566307,0.969393997,24.604755928,0,77,76,1,0.096977330,19,0,0,0,0,0,698,19,3447,8247,2179,0,0,50232
79,1517157229.173511028,1517157229.274350405,1,0,0,1,7.285390811,2.952261523,-0.283896668,0.008034488,-0.017237929,0.214581931,0.976520812,769,478,0.621586476,0.035807464,0.016094853,0.012466163,0.302751550,21.997732781,0.000000000,0.290958839,0.132698501,3.354343827,0.978517012,24.361030455,0,71,68,3,0.092327698,15,0,0,0,0,0,682,16,3464,8318,2194,0,0,50914
80,1517157229.375231028,1517157229.476070404,1,0,0,1,7.599609906,3.106321190,-0.295952165,0.010060579,-0.015651373,0.211822369,0.977131057,722,450,0.623268698,0.042269127,0.021780873,0.013855374,0.323148970,24.135301247,0.000000000,0.289710530,0.137059367,3.505828465,0.942949854,24.347345047,0,64,62,2,0.088642659,19,0,0,0,0,0,637,21,3480,8382,2213,0,0,51551
81,1517157229.476090908,1517157229.576930285,1,0,0,1,7.760571450,3.186043265,-0.305064213,0.011242778,-0.013673393,0.213110979,0.976867621,726,470,0.647382920,0.039360227,0.017122306,0.012474416,0.265196277,27.259261959,0.000000000,0.286822957,0.138039729,3.484453362,0.893121854,24.410254563,0,62,61,1,0.085399449,19,0,0,0,0,0,643,21,3491,8444,2232,0,0,52194
82,1517157229.576951027,1517157229.677790403,1,0,0,1,7.920020448,3.267242298,-0.310010717,0.010914591,-0.012804635,0.213471535,0.976804390,715,459,0.641958042,0.041932400,0.020519596,0.015735754,0.228026063,28.365232970,0.000000000,0.282288120,0.142355324,3.471466815,0.864229676,24.695307931,0,74,72,2,0.103496503,19,0,0,0,0,0,620,21,3500,8518,2251,0,0,52814
83,1517157229.677810907,1517157229.778650284,1,0,0,1,8.082460853,3.345793679,-0.319094201,0.011581131,-0.011056290,0.214715538,0.976545377,725,447,0.616551724,0.035172292,0.016008052,0.011504304,0.295408400,23.112928575,0.000000000,0.282959332,0.130092281,3.465848829,0.779724651,24.577588078,0,92,90,2,0.126896552,21,0,0,0,0,0,611,22,3517,8610,2272,0,0,53425
84,1517157229.778671026,1517157229.879510403,1,0,0,1,8.240514022,3.419973581,-0.326131161,0.009356209,-0.010155602,0.216246467,0.976241154,706,450,0.637393768,0.035540586,0.016677970,0.011014999,0.273000243,25.653133691,0.000000000,0.282166717,0.121044357,3.455758893,0.694040871,24.800656223,0,68,67,1,0.096317280,18,0,0,0,0,0,619,19,3524,8678,2290,0,0,54044
85,1517157229.879530907,1517157229.980370283,1,0,0,1,8.409441018,3.501153441,-0.331126040,0.011398050,-0.011947410,0.216300023,0.976187300,713,441,0.618513324,0.033332336,0.015298949,0.011493783,0.237825844,27.266825570,0.000000000,0.281692423,0.116982918,3.460422457,0.611517877,24.851904447,0,69,66,3,0.096774194,24,0,0,0,0,0,618,26,3538,8747,2314,0,0,54662
86,1517157229.980391026,1517157230.081168413,1,0,0,1,8.582094858,3.580939365,-0.341728031,0.011120231,-0.010277874,0.217536636,0.975934689,703,428,0.608819346,0.030975602,0.016812730,0.011592846,0.242184951,26.043999384,0.000000000,0.278877400,0.110281200,3.476047821,0.518217748,24.850359406,0,70,70,0,0.099573257,15,0,0,0,0,0,618,15,3549,8817,2329,0,0,55280
87,1517157230.081188917,1517157230.182028294,1,0,0,1,8.753187788,3.670545894,-0.330903199,0.011861802,-0.015094854,0.217282087,0.975920047,688,439,0.638081395,0.038196010,0.017379187,0.013718460,0.205793103,27.545814437,0.000000000,0.274858587,0.109855183,3.499486460,0.442824376,25.069546546,0,50,50,0,0.072674419,14,0,0,0,0,0,622,16,3558,8867,2343,0,0,55902
88,1517157230.182049036,1517157230.282888412,1,0,0,1,8.931782292,3.760982658,-0.334733255,0.009391058,-0.014719264,0.218055540,0.975780166,696,417,0.599137931,0.038477605,0.019036823,0.014779229,0.214315651,26.579590505,0.000000000,0.271764214,0.110363226,3.532469153,0.420224958,25.266784820,0,64,62,2,0.091954023,10,0,0,0,0,0,620,12,3574,8931,2353,0,0,56522
89,1517157230.282908916,1517157230.383748293,1,0,0,1,9.099512037,3.841327488,-0.342973358,-0.001974388,-0.010307279,0.213899296,0.976799341,686,439,0.639941691,0.040070399,0.021968890,0.015729263,0.237166422,28.277347007,0.000000000,0.269692990,0.112109202,3.557094808,0.427867355,25.458730256,0,57,57,0,0.083090379,17,0,0,0,0,0,611,18,3592,8988,2370,0,0,57133
90,1517157230.383769035,1517157230.484608412,1,0,0,1,9.267742415,3.925632425,-0.345895268,-0.002810427,-0.007905842,0.193389540,0.981086176,716,430,0.600558659,0.037367950,0.019507766,0.012977623,0.210596166,26.793805722,0.000000000,0.264801262,0.106357599,3.575300173,0.463411762,25.664087087,0,78,75,3,0.108938547,20,0,0,0,0,0,617,21,3617,9066,2390,0,0,57750
91,1517157230.484628916,1517157230.585468292,1,0,0,1,9.448483051,4.004871203,-0.350624655,-0.002831622,-0.009892221,0.177422755,0.984080938,678,402,0.592920354,0.035507544,0.018365594,0.012318497,0.202865012,27.170849125,0.000000000,0.261587015,0.104091473,3.609799827,0.491164843,25.620301872,0,48,48,0,0.070796460,22,0,0,0,0,0,600,30,3631,9114,2412,0,0,58350
92,1517157230.585489035,1517157230.686328411,1,0,0,1,9.620490899,4.065789183,-0.356384465,-0.001322764,-0.009410405,0.163514313,0.986495192,687,419,0.609898108,0.030542601,0.015809872,0.010639912,0.209674322,24.947568064,0.000000000,0.255662985,0.108316150,3.630660171,0.487668028,25.716903091,0,60,59,1,0.087336245,15,0,0,0,0,0,611,16,3650,9174,2427,0,0,58961
93,1517157230.686348915,1517157230.787188292,1,0,0,1,9.807534149,4.124059522,-0.371274025,0.004931017,-0.011876686,0.158262086,0.987313396,690,423,0.613043478,0.031068892,0.016540907,0.011451168,0.201139325,25.176039984,0.000000000,0.250351637,0.109925432,3.659137543,0.445041183,25.829462585,0,48,48,0,0.069565217,17,0,0,0,0,0,625,17,3658,9222,2444,0,0,59586
94,1517157230.787209034,1517157230.888048410,1,0,0,1,9.987501427,4.189985525,-0.370790748,0.000213089,-0.008746986,0.161235457,0.986877182,679,427,0.628865979,0.035401123,0.017783087,0.013067967,0.204034732,28.185497883,0.000000000,0.246111848,0.105337218,3.670450925,0.348611297,26.120676957,0,65,63,2,0.095729013,21,0,0,0,0,0,590,24,3672,9287,2465,0,0,60176
95,1517157230.888070107,1517157230.988908291,1,0,0,1,10.159842576,4.248260740,-0.374881586,0.003735913,-0.009704147,0.162784221,0.986606897,717,447,0.623430962,0.027973509,0.014790824,0.010381793,0.221685942,26.735169326,0.000000000,0.244839037,0.109134502,3.674934176,0.241352717,26.258130483,0,60,58,2,0.083682008,11,0,0,0,0,0,645,12,3686,9347,2476,0,0,60821
96,1517157230.988929987,1517157231.089708328,1,0,0,1,10.337697953,4.311682552,-0.384311465,0.002589750,-0.009427536,0.163400319,0.986511404,694,417,0.600864553,0.032072074,0.017302853,0.011753513,0.200108593,28.132289154,0.000000000,0.240911060,0.111575798,3.692233925,0.206949709,26.168925303,0,55,53,2,0.079250720,20,0,0,0,0,0,618,21,3700,9402,2496,0,0,61439
97,1517157231.089729071,1517157231.190568209,1,0,0,1,10.515550777,4.379522406,-0.389754978,0.002528309,-0.014508841,0.165393661,0.986117659,661,402,0.608169440,0.031707017,0.014997010,0.011140643,0.217366622,26.569433268,0.000000000,0.238223728,0.112856431,3.713776594,0.173678847,26.086821149,0,62,62,0,0.093797277,14,0,0,0,0,0,583,16,3710,9464,2510,0,0,62022
98,1517157231.190588951,1517157231.291428328,1,0,0,1,10.693632431,4.442195748,-0.398437653,0.006288286,-0.008016929,0.166883799,0.985923924,663,413,0.622926094,0.028570436,0.013992801,0.010389708,0.249253427,22.294446103,0.000000000,0.237077081,0.117449479,3.728980715,0.158801184,26.112113338,0,55,54,1,0.082956259,16,0,0,0,0,0,590,18,3719,9519,2526,0,0,62612
99,1517157231.291449070,1517157231.392288208,1,0,0,1,10.874204618,4.509727484,-0.409756698,0.003383624,-0.005827912,0.166947026,0.985942837,684,408,0.596491228,0.031359632,0.017449606,0.013681766,0.233097448,29.329664303,0.000000000,0.233594376,0.120307168,3.571937875,0.153250172,26.478709914,0,69,67,2,0.100877193,13,0,0,0,0,0,599,16,3735,9588,2539,0,0,63211
100,1517157231.392308950,1517157231.493148327,1,0,0,1,11.050097289,4.573301825,-0.402327913,0.004961912,-0.002843283,0.168985567,0.985601935,685,424,0.618978102,0.032107509,0.015895911,0.012239106,0.194679662,30.879606176,0.000000000,0.227170910,0.112546047,3.579261138,0.154778049,26.815925160,0,61,59,2,0.089051095,21,0,0,0,0,0,597,27,3753,9649,2560,0,0,63808
101,1517157231.493169069,1517157231.594008207,1,0,0,1,11.222397600,4.642157635,-0.411044881,0.005531056,-0.008817769,0.168312143,0.985678790,667,408,0.611694153,0.031508835,0.016629373,0.012273266,0.197849692,25.542208608,0.000000000,0.223803581,0.109906832,3.586012971,0.155425256,26.730072493,0,62,58,4,0.092953523,20,0,0,0,0,0,578,27,3768,9711,2580,0,0,64386
102,1517157231.594028950,1517157231.694868326,1,0,0,1,11.402206596,4.713486058,-0.409555622,0.004547333,-0.006368855,0.167694265,0.985807990,685,410,0.598540146,0.031944992,0.017889005,0.011908901,0.205207820,27.719125800,0.000000000,0.222662669,0.097705013,3.598794020,0.154119163,26.697767134,0,54,50,4,0.078832117,12,0,0,0,0,0,618,13,3779,9765,2592,0,0,65004
103,1517157231.694889069,1517157231.795728207,1,0,0,1,11.580990123,4.778645358,-0.414187127,0.002993273,-0.007635008,0.169621173,0.985475218,694,417,0.600864553,0.029985655,0.016060402,0.011179117,0.188805757,29.744245944,0.000000000,0.217332537,0.100213679,3.614400858,0.154858454,27.029333003,0,68,64,4,0.097982709,11,0,0,0,0,0,614,12,3806,9833,2603,0,0,65618
104,1517157231.795748949,1517157231.896588326,1,0,0,1,11.748793145,4.842591787,-0.422450836,0.003884648,-0.008092214,0.170575089,0.985303793,679,404,0.594992636,0.031641051,0.017739503,0.012873177,0.209351040,31.408945903,0.000000000,0.214150077,0.099908432,3.606678199,0.156729116,27.317123613,0,56,56,0,0.082474227,10,0,0,0,0,0,609,14,3818,9889,2613,0,0,66227
105,1517157231.896609068,1517157231.997448206,1,0,0,1,11.925746539,4.904457526,-0.435126022,0.006449252,-0.004241190,0.171897955,0.985084521,683,410,0.600292826,0.033569672,0.016399415,0.012876218,0.225454700,31.956042457,0.000000000,0.213531519,0.099922081,3.604069663,0.156842645,27.551584458,0,43,43,0,0.062957540,18,0,0,0,0,0,622,18,3829,9932,2631,0,0,66849
106,1517157231.997468948,1517157232.098247290,1,0,0,1,12.092231668,4.975435126,-0.445912134,0.014129343,-0.005736438,0.172440242,0.984901933,679,407,0.599410898,0.033109695,0.017694285,0.013544961,0.240818966,21.688600110,0.000000000,0.213463220,0.098604966,3.591933857,0.157260882,27.333814494,0,60,58,2,0.088365243,13,0,0,0,0,0,601,18,3847,9992,2644,0,0,67450
107,1517157232.098268032,1517157232.199107409,1,0,0,1,12.267770090,5.038982616,-0.464351510,0.008109127,-0.006308994,0.174286357,0.984641409,663,390,0.588235294,0.035656345,0.018080264,0.013709348,0.249478775,20.607442317,0.000000000,0.215647504,0.094297307,3.579305689,0.159429091,26.986895888,0,48,48,0,0.072398190,23,0,0,0,0,0,586,29,3853,10040,2667,0,0,68036
108,1517157232.199127913,1517157232.299967289,1,0,0,1,12.442322489,5.108527307,-0.470637852,0.005874120,-0.006844525,0.173153478,0.984853553,694,420,0.605187320,0.031231765,0.015987337,0.012356146,0.234302664,24.266175169,0.000000000,0.216646854,0.087704587,3.581144626,0.153418482,26.871225121,0,59,56,3,0.085014409,11,0,0,0,0,0,622,13,3867,10099,2678,0,0,68658
109,1517157232.299988031,1517157232.400827408,1,0,0,1,12.638154005,5.184243947,-0.485710840,0.001534015,-0.009649591,0.173440247,0.984795924,672,387,0.575892857,0.040671193,0.017754634,0.013774179,0.271240703,22.173112385,0.000000000,0.218350568,0.090077388,3.603449577,0.112151410,26.566013390,0,54,54,0,0.080357143,17,0,0,0,0,0,598,20,3881,10153,2695,0,0,69256
110,1517157232.400847912,1517157232.501687288,1,0,0,1,12.814189446,5.252663391,-0.482982558,0.003587995,-0.009110261,0.174057817,0.984686755,652,376,0.576687117,0.035457218,0.020073349,0.014103882,0.212601785,27.829507062,0.000000000,0.218450849,0.086455897,3.594929539,0.080895047,26.617798457,0,55,54,1,0.084355828,10,0,0,0,0,0,585,12,3893,10208,2705,0,0,69841
111,1517157232.501708031,1517157232.602547407,1,0,0,1,12.986590603,5.318504355,-0.485320397,0.011358107,-0.010400884,0.175203648,0.984411752,653,404,0.618683002,0.028635064,0.014978376,0.010748998,0.249280924,24.624488178,0.000000000,0.220771645,0.088549992,3.596922798,0.054789344,26.490480410,0,32,32,0,0.049004594,13,0,0,0,0,0,605,16,3895,10240,2718,0,0,70446
112,1517157232.602567911,1517157232.703407288,1,0,0,1,13.169690749,5.386282580,-0.491013110,0.009408965,-0.010965010,0.175846652,0.984311533,633,366,0.578199052,0.029292346,0.015904588,0.011389334,0.244900694,25.107906878,0.000000000,0.222532964,0.090251105,3.595773357,0.045379120,26.498497350,0,55,53,2,0.086887836,11,0,0,0,0,0,565,13,3912,10295,2729,0,0,71011
113,1517157232.703428030,1517157232.804267406,1,0,0,1,13.367934992,5.462039250,-0.497743624,0.011898243,-0.010659478,0.177287267,0.984029488,643,396,0.615863142,0.030309653,0.015004580,0.010593460,0.235117214,24.482602394,0.000000000,0.224231858,0.090942647,3.616443038,0.042144432,26.463825471,0,50,48,2,0.077760498,18,0,0,0,0,0,573,20,3920,10345,2747,0,0,71584
114,1517157232.804287910,1517157232.905127287,1,0,0,1,13.546297937,5.529590613,-0.509994678,0.010902343,-0.013138006,0.177572914,0.983959548,667,389,0.583208396,0.033198604,0.017475521,0.012127884,0.286202862,22.098443532,0.000000000,0.228340265,0.088570776,3.625589318,0.039648758,26.159472753,0,67,64,3,0.100449775,10,0,0,0,0,0,590,10,3932,10412,2757,0,0,72174
115,1517157232.905148029,1517157233.005926371,1,0,0,1,13.732846750,5.600724842,-0.514308219,0.013089431,-0.015438159,0.178305214,0.983767036,625,374,0.598400000,0.034957810,0.021083002,0.013962422,0.240456213,24.920549671,0.000000000,0.229278778,0.084871029,3.636226685,0.039783256,26.068741771,0,62,59,3,0.099200000,13,0,0,0,0,0,549,14,3946,10474,2770,0,0,72723
116,1517157233.005947113,1517157233.106786251,1,0,0,1,13.923666297,5.675242820,-0.520539526,0.015760813,-0.017043208,0.179582945,0.983468907,653,378,0.578866769,0.036660833,0.021720398,0.015464447,0.242796840,27.968377926,0.000000000,0.231413190,0.089019548,3.650745323,0.038192679,26.060546209,0,57,57,0,0.087289433,14,0,0,0,0,0,578,18,3954,10531,2784,0,0,73301
117,1517157233.106806993,1517157233.207646370,1,0,0,1,14.118005164,5.749853962,-0.523947530,0.012245805,-0.013439542,0.179932381,0.983510934,632,366,0.579113924,0.036297451,0.023474354,0.016178842,0.259561004,23.222748561,0.000000000,0.233522910,0.091499249,3.669954559,0.036136997,25.893211974,0,46,46,0,0.072784810,14,0,0,0,0,0,570,16,3963,10577,2798,0,0,73871
118,1517157233.207668066,1517157233.308506250,1,0,0,1,14.317433432,5.822733315,-0.531272300,0.011414507,-0.013481627,0.180604024,0.983397245,673,398,0.591381872,0.034230236,0.025943000,0.015869178,0.248647482,24.330130530,0.000000000,0.233492612,0.086189806,3.689289464,0.037351452,25.994996195,0,65,65,0,0.096582467,13,0,0,0,0,0,593,15,3982,10642,2811,0,0,74464
119,1517157233.308527946,1517157233.409366369,1,0,0,1,14.515034557,5.897202276,-0.539986488,0.011207477,-0.020365739,0.182268579,0.982973954,676,379,0.560650888,0.039097507,0.025506592,0.017314062,0.227396491,28.411061787,0.000000000,0.233207564,0.092736167,3.713460273,0.036594908,25.949066069,0,79,77,2,0.116863905,12,0,0,0,0,0,581,16,3997,10721,2823,0,0,75045
120,1517157233.409388065,1517157233.510227203,1,0,0,1,14.725280894,5.985658872,-0.550174732,0.013859210,-0.020411873,0.182470236,0.982901771,673,399,0.592867756,0.040442019,0.025997637,0.018909178,0.268165890,24.560656887,0.000000000,0.236881876,0.101328562,3.756030483,0.035494970,25.633118605,0,69,68,1,0.102526003,20,0,0,0,0,0,580,24,4020,10790,2843,0,0,75625
121,1517157233.510247946,1517157233.611087322,1,0,0,1,14.925671991,6.068447924,-0.555237181,0.012325669,-0.021126076,0.182968306,0.982814512,681,396,0.581497797,0.038737063,0.023811356,0.017654897,0.226889131,25.804568659,0.000000000,0.238333848,0.103426750,3.779463205,0.035340745,25.646236607,0,68,67,1,0.099853157,18,0,0,0,0,0,591,22,4032,10858,2861,0,0,76216
122,1517157233.611108065,1517157233.711947203,1,0,0,1,15.140162166,6.153752801,-0.554263455,0.011974801,-0.021085425,0.183277578,0.982762097,661,367,0.555219365,0.036066458,0.023101832,0.015555433,0.234607227,28.601589248,0.000000000,0.239803818,0.102209735,3.819952545,0.032053223,25.690359780,0,63,63,0,0.095310136,15,0,0,0,0,0,580,18,4039,10921,2876,0,0,76796
123,1517157233.711967945,1517157233.812807322,1,0,0,1,15.365036188,6.247121194,-0.558711741,0.008883804,-0.017859917,0.183284222,0.982857566,671,396,0.590163934,0.038063565,0.022963595,0.015900784,0.246654135,34.512556644,0.000000000,0.242696237,0.098899496,3.883715767,0.030261773,25.928775315,0,72,66,6,0.107302534,12,0,0,0,0,0,581,18,4064,10993,2888,0,0,77377
124,1517157233.812828064,1517157233.913667202,1,0,0,1,15.585864960,6.336581688,-0.568854425,0.009343351,-0.023988776,0.184607889,0.982475021,649,363,0.559322034,0.033756820,0.022063403,0.016111795,0.244071035,22.809103859,0.000000000,0.244432237,0.096633030,3.934308658,0.030309583,25.498783213,0,64,60,4,0.098613251,11,0,0,0,0,0,573,12,4078,11057,2899,0,0,77950
125,1517157233.913687944,1517157234.014465332,1,0,0,1,15.816991494,6.432052903,-0.579524797,0.012871143,-0.022019237,0.183966079,0.982601633,683,393,0.575402635,0.035179671,0.025015181,0.017208228,0.277520378,19.185758081,0.000000000,0.247035521,0.095976810,4.003299776,0.030809279,24.860268994,0,57,56,1,0.083455344,14,0,0,0,0,0,605,21,4100,11114,2913,0,0,78555
126,1517157234.014486074,1517157234.115325212,1,0,0,1,16.036425291,6.522902864,-0.574120473,0.013598302,-0.021406979,0.183855648,0.982626037,673,389,0.578008915,0.035696202,0.022605319,0.015875298,0.236753912,26.722859825,0.000000000,0.246832268,0.094840345,4.053263035,0.027235378,25.111981980,0,62,61,1,0.092124814,16,0,0,0,0,0,592,19,4116,11176,2929,0,0,79147
127,1517157234.115345955,1517157234.216185331,1,0,0,1,16.267158060,6.622125604,-0.582290672,0.020624997,-0.022355162,0.185919537,0.982094080,692,394,0.569364162,0.039230220,0.025510175,0.016066515,0.235227734,25.861537636,0.000000000,0.246119716,0.097595271,4.116557320,0.028831110,25.374686746,0,63,61,2,0.091040462,11,0,0,0,0,0,617,12,4134,11239,2940,0,0,79764
128,1517157234.216206074,1517157234.317045212,1,0,0,1,16.522079020,6.717197352,-0.589210720,0.008771778,-0.017912263,0.186448565,0.982262256,677,374,0.552437223,0.043864583,0.026207674,0.016382409,0.190361067,43.025770728,0.000000000,0.243922636,0.104970298,4.178217753,0.029778005,26.312666524,0,55,54,1,0.081240768,22,0,0,0,0,0,595,27,4151,11294,2962,0,0,80359
129,1517157234.317065954,1517157234.417905331,1,0,0,1,16.760454190,6.820478947,-0.595626261,0.009760977,-0.021526876,0.188197677,0.981846705,716,400,0.558659218,0.038461845,0.025213046,0.015888755,0.203275152,27.999072300,0.000000000,0.240524358,0.102293147,4.249201032,0.032105629,26.603964519,0,76,70,6,0.106145251,12,0,0,0,0,0,610,30,4183,11370,2974,0,0,80969
130,1517157234.417926073,1517157234.518765211,1,0,0,1,17.007403470,6.924612989,-0.604039241,0.014061570,-0.022296117,0.188110319,0.981794104,701,358,0.510699001,0.029105651,0.019375511,0.012373004,0.180258919,25.522031369,0.000000000,0.238907215,0.111264797,4.332779506,0.030314338,26.488590735,0,78,68,10,0.111269615,4,0,0,0,0,0,605,18,4220,11448,2978,0,0,81574
131,1517157234.518785954,1517157234.619625330,1,0,0,1,17.255555544,7.026718671,-0.612779042,0.011632743,-0.025588614,0.189643618,0.981450559,742,382,0.514824798,0.033018264,0.021743170,0.012841207,0.196912732,24.098584833,0.000000000,0.236288806,0.102807723,4.405934051,0.032222003,26.462295567,0,77,66,11,0.103773585,11,0,0,0,0,0,624,41,4265,11525,2989,0,0,82198
132,1517157234.619646072,1517157234.720485210,1,0,0,1,17.515266688,7.134150767,-0.621370881,0.012737116,-0.024294995,0.191103034,0.981186603,759,376,0.495388669,0.033660311,0.021118784,0.014017580,0.170347051,37.494884218,0.000000000,0.232561123,0.094621935,4.474787025,0.032263974,27.081644434,0,96,76,20,0.126482213,10,0,0,0,0,0,623,40,4312,11621,2999,0,0,82821
133,1517157234.720505953,1517157234.821345329,1,0,0,1,17.774155245,7.251826796,-0.610353043,0.018617962,-0.020492261,0.192214113,0.980962371,796,406,0.510050251,0.033624236,0.020810760,0.013509747,0.158213941,54.748953689,0.000000000,0.228715960,0.088476348,4.568259156,0.033680682,28.594961999,0,115,102,13,0.144472362,15,0,0,0,0,0,643,38,4365,11736,3014,0,0,83464
134,1517157234.821366072,1517157234.922205210,1,0,0,1,18.038685655,7.366088613,-0.614584904,0.015973665,-0.024270779,0.193656184,0.980639105,801,401,0.500624220,0.032684198,0.021089624,0.013146190,0.145896972,52.518252495,0.000000000,0.221700665,0.089251048,4.656745508,0.035320604,30.115952447,0,128,112,16,0.159800250,13,0,0,0,0,0,647,26,4438,11864,3027,0,0,84111
135,1517157234.922225952,1517157235.023003340,1,0,0,1,18.301088014,7.483276909,-0.612190653,0.017531223,-0.020851070,0.193331746,0.980755181,861,411,0.477351916,0.031322112,0.018330674,0.012736975,0.159358627,58.945497868,0.000000000,0.217645786,0.094153647,4.739188499,0.033551446,31.817199857,0,135,119,16,0.156794425,13,0,0,0,0,0,664,62,4508,11999,3040,0,0,84775
136,1517157235.023024082,1517157235.123863220,1,0,0,1,18.579497167,7.604355053,-0.614364372,0.016783654,-0.022946719,0.194911700,0.980408683,933,457,0.489817792,0.036833947,0.021741822,0.015329809,0.184836866,33.552708189,0.000000000,0.214747787,0.094186632,4.834596898,0.035933471,32.096416370,0,146,112,34,0.156484459,16,0,0,0,0,0,685,102,4580,12145,3056,0,0,85460
137,1517157235.123883963,1517157235.224723339,1,0,0,1,18.867454653,7.725846286,-0.626941927,0.017599189,-0.017219632,0.196616300,0.980171303,990,460,0.464646465,0.037461802,0.021339743,0.015513777,0.191255128,53.799323859,0.000000000,0.211332493,0.094454157,4.934933324,0.038034844,33.625245135,0,198,148,50,0.200000000,11,0,0,0,0,0,694,98,4698,12343,3067,0,0,86154
138,1517157235.224744081,1517157235.325583220,1,0,0,1,19.151869376,7.854286627,-0.640272864,0.017914691,-0.019314299,0.199734601,0.979495845,1092,502,0.459706960,0.032067181,0.019487817,0.012815366,0.129601418,82.347590039,0.000000000,0.205380190,0.097205312,5.035941979,0.040990411,36.526118111,0,263,171,92,0.240842491,22,0,0,0,0,0,754,75,4859,12606,3089,0,0,86908
139,1517157235.325603962,1517157235.426443338,1,0,0,1,19.438535106,7.987413617,-0.646690770,0.016563458,-0.021232728,0.199662934,0.979494531,1109,595,0.536519387,0.041826778,0.029466562,0.017460074,0.149986964,63.879777607,0.000000000,0.201509714,0.101572874,5.123752707,0.040794385,38.299553902,0,258,223,35,0.232642020,29,0,0,0,0,0,800,51,4973,12864,3118,0,0,87708
140,1517157235.426464081,1517157235.527303219,1,0,0,1,19.735616953,8.130928458,-0.665719862,0.017594210,-0.019130145,0.201500632,0.979143491,1125,598,0.531555556,0.039490618,0.020453081,0.013458816,0.212979136,33.778468633,0.000000000,0.198750376,0.100277519,5.237353094,0.043440143,38.760444489,0,246,235,11,0.218666667,38,0,0,0,0,0,825,54,5100,13110,3156,0,0,88533
141,1517157235.527324915,1517157235.628163338,1,0,0,1,20.023136202,8.256640065,-0.671175362,0.010232279,-0.019181721,0.194557601,0.980650142,1002,544,0.542914172,0.035461610,0.023507091,0.013807922,0.202254728,21.741575079,0.000000000,0.197518656,0.099239442,5.320367903,0.056672847,38.557294810,0,181,168,13,0.180638723,20,0,0,0,0,0,795,26,5177,13291,3176,0,0,89328
142,1517157235.628185034,1517157235.729024410,1,0,0,1,20.311971004,8.372829896,-0.686071455,0.000109298,-0.019537879,0.159031117,0.987080221,910,482,0.529670330,0.031289117,0.018715320,0.013101024,0.215807790,23.504787319,0.000000000,0.196578684,0.103693313,5.388525101,0.128389795,38.302454714,0,129,126,3,0.141758242,16,0,0,0,0,0,760,21,5208,13420,3192,0,0,90088
143,1517157235.729044914,1517157235.829884291,1,0,0,1,20.605992593,8.479864561,-0.692043305,-0.011882741,-0.016367819,0.124585316,0.992002719,868,435,0.501152074,0.036040560,0.018629900,0.014435517,0.301846810,18.871889108,0.000000000,0.199338318,0.102826510,5.463002760,0.194993605,37.520421337,0,95,92,3,0.109447005,24,0,0,0,0,0,747,26,5231,13515,3216,0,0,90835
144,1517157235.829905033,1517157235.930744410,1,0,0,1,20.897658978,8.567359382,-0.697734595,-0.010433685,-0.020565723,0.096822244,0.995034493,849,431,0.507656066,0.036443419,0.020266651,0.015311684,0.181006307,24.516094040,0.000000000,0.196185082,0.101951648,5.517267129,0.249309705,37.605770846,0,83,79,4,0.097762073,19,0,0,0,0,0,745,21,5255,13598,3235,0,0,91580
145,1517157235.930764914,1517157236.031543255,1,0,0,1,21.193571248,8.637470604,-0.698657018,-0.007487207,-0.019728817,0.087012254,0.995983726,842,441,0.523752969,0.038225361,0.019250277,0.014010206,0.242524533,22.290800061,0.000000000,0.194435289,0.102668643,5.583814553,0.268901891,37.761022945,0,68,64,4,0.080760095,21,0,0,0,0,0,750,24,5271,13666,3256,0,0,92330
146,1517157236.031563997,1517157236.132403374,1,0,0,1,21.504783817,8.701893819,-0.702749858,0.007387065,-0.021927286,0.106272497,0.994067795,828,429,0.518115942,0.032954171,0.019042034,0.012774482,0.157979617,25.884947322,0.000000000,0.190496575,0.104514832,5.650355891,0.303179537,37.719127320,0,61,57,4,0.073671498,16,0,0,0,0,0,748,19,5290,13727,3272,0,0,93078
147,1517157236.132424116,1517157236.233263254,1,0,0,1,21.810404425,8.765522401,-0.708402413,0.016704609,-0.016306383,0.123057889,0.992124898,810,414,0.511111111,0.033812076,0.022523632,0.014215063,0.158163215,26.320373625,0.000000000,0.186643349,0.103232953,5.690420692,0.335072588,37.742069119,0,71,71,0,0.087654321,14,0,0,0,0,0,721,18,5306,13798,3286,0,0,93799
148,1517157236.233283997,1517157236.334123373,1,0,0,1,22.119510864,8.837089694,-0.714827709,0.010917905,-0.018694139,0.120573629,0.992468301,804,431,0.536069652,0.034290329,0.020884170,0.014415512,0.161482331,39.870482096,0.000000000,0.185199412,0.088652967,5.747901793,0.336357256,37.584304687,0,62,60,2,0.077114428,18,0,0,0,0,0,719,23,5321,13860,3304,0,0,94518
149,1517157236.334144115,1517157236.434983253,1,0,0,1,22.422151172,8.914841113,-0.731190221,0.007513608,-0.017911552,0.119589540,0.992633399,801,423,0.528089888,0.038464119,0.023414779,0.016222575,0.173333563,41.001960638,0.000000000,0.183702332,0.088656426,5.792659027,0.337838845,38.234449104,0,69,66,3,0.086142322,13,0,0,0,0,0,714,18,5340,13929,3317,0,0,95232
150,1517157236.435003996,1517157236.535843372,1,0,0,1,22.745435871,9.010432537,-0.745036606,0.013297105,-0.015659211,0.134078551,0.990757749,796,432,0.542713568,0.033695828,0.018870525,0.013451937,0.208983180,23.257340965,0.000000000,0.185138545,0.080076534,5.861584673,0.363624632,38.121214584,0,53,52,1,0.066582915,17,0,0,0,0,0,724,19,5352,13982,3334,0,0,95956
151,1517157236.535864115,1517157236.636703253,1,0,0,1,23.062724142,9.105371332,-0.758419356,0.018714648,-0.017121072,0.153570841,0.987812041,790,410,0.518987342,0.035107773,0.018033736,0.012582542,0.187958659,24.917353464,0.000000000,0.184690842,0.078647244,5.911856922,0.399904496,38.162153016,0,52,50,2,0.065822785,17,0,0,0,0,0,715,23,5364,14034,3351,0,0,96671
152,1517157236.636723995,1517157236.737563372,1,0,0,1,23.383835950,9.216551369,-0.781740866,0.024465025,-0.012150817,0.184129986,0.982522248,782,415,0.530690537,0.033746562,0.019519230,0.013990509,0.165889961,25.530628664,0.000000000,0.184467987,0.078569747,5.967879108,0.459864561,37.563940238,0,52,52,0,0.066496164,14,0,0,0,0,0,716,14,5372,14086,3365,0,0,97387
153,1517157236.737584114,1517157236.838423252,1,0,0,1,23.688808824,9.335866740,-0.787688156,0.028157019,-0.012060548,0.204267707,0.978435705,804,423,0.526119403,0.040766850,0.022384125,0.017446837,0.214258467,25.469948541,0.000000000,0.187270214,0.083966102,6.007231352,0.497769856,36.099989981,0,74,70,4,0.092039801,15,0,0,0,0,0,711,19,5391,14160,3380,0,0,98098
154,1517157236.838443995,1517157236.939283371,1,0,0,1,24.000131975,9.471929943,-0.801855441,0.025003181,-0.013154699,0.207893939,0.977743272,792,396,0.500000000,0.033700313,0.016412902,0.012053212,0.169234861,27.127857605,0.000000000,0.188437108,0.082678629,6.059892888,0.504532406,34.830470236,0,45,43,2,0.056818182,20,0,0,0,0,0,725,22,5404,14205,3400,0,0,98823
155,1517157236.939304113,1517157237.040082216,1,0,0,1,24.299515156,9.606357662,-0.807121666,0.017024230,-0.018143276,0.202821330,0.978899640,805,433,0.537888199,0.038740644,0.019565984,0.014122567,0.175254354,36.997677718,0.000000000,0.189231894,0.078968002,6.084508100,0.511460950,33.733079229,0,62,62,0,0.077018634,21,0,0,0,0,0,717,26,5421,14267,3421,0,0,99540
156,1517157237.040102959,1517157237.140942335,1,0,0,1,24.598173453,9.744482538,-0.814595023,0.013199658,-0.021107940,0.185401841,0.982347383,782,395,0.505115090,0.032331951,0.016638122,0.011984294,0.152534646,27.714059258,0.000000000,0.187616783,0.082342690,6.100854628,0.543364493,33.441146782,0,65,59,6,0.083120205,17,0,0,0,0,0,697,20,5446,14332,3438,0,0,100237
157,1517157237.140963078,1517157237.241802216,1,0,0,1,24.898615309,9.878587174,-0.823104045,0.005981979,-0.018999878,0.176196667,0.984153420,773,414,0.535575679,0.034514046,0.017516076,0.012872279,0.161489426,40.256038043,0.000000000,0.186128498,0.082309503,6.117621190,0.555478826,32.763982491,0,48,46,2,0.062095731,15,0,0,0,0,0,705,20,5457,14380,3453,0,0,100942
158,1517157237.241822958,1517157237.342662334,1,0,0,1,25.201229863,10.004032401,-0.826021940,0.006579459,-0.017005610,0.178278514,0.983811105,778,413,0.530848329,0.030546966,0.016288312,0.011978204,0.154412239,28.122206073,0.000000000,0.187369039,0.085561877,6.129084578,0.559573986,30.052713293,0,59,57,2,0.075835476,15,0,0,0,0,0,701,18,5472,14439,3468,0,0,101643
159,1517157237.342683077,1517157237.443522215,1,0,0,1,25.507594836,10.129197245,-0.838452635,0.011138303,-0.018218621,0.182253539,0.983019668,806,403,0.500000000,0.029390628,0.015920051,0.011734042,0.173201845,27.493613595,0.000000000,0.188529783,0.085030694,6.129785872,0.563774574,28.233405092,0,46,45,1,0.057071960,8,0,0,0,0,0,747,13,5482,14485,3476,0,0,102390
160,1517157237.443542957,1517157237.544382334,1,0,0,1,25.816361373,10.256693458,-0.847213319,0.012719068,-0.016860837,0.184581236,0.982590304,776,397,0.511597938,0.027831438,0.014641715,0.010559767,0.131479460,32.278159166,0.000000000,0.184454800,0.091993807,6.150106828,0.554581031,28.158389619,0,54,52,2,0.069587629,10,0,0,0,0,0,711,11,5492,14539,3486,0,0,103101
161,1517157237.544403076,1517157237.645242214,1,0,0,1,26.126586675,10.384071642,-0.851697235,0.014719967,-0.014750757,0.185684437,0.982388430,784,402,0.512755102,0.028862609,0.014851837,0.010288457,0.157185562,29.072693099,0.000000000,0.182201341,0.098944532,6.173809773,0.484927559,28.524945520,0,69,67,2,0.088010204,9,0,0,0,0,0,702,13,5501,14608,3495,0,0,103803
162,1517157237.645262957,1517157237.746102333,1,0,0,1,26.436767475,10.509693984,-0.848670504,0.009331487,-0.019535075,0.185651142,0.982377197,790,408,0.516455696,0.035787878,0.016141411,0.013064398,0.150283297,33.866538286,0.000000000,0.178925117,0.097095194,6.195522251,0.415722070,29.043033068,0,55,54,1,0.069620253,8,0,0,0,0,0,724,11,5520,14663,3503,0,0,104527
163,1517157237.746123075,1517157237.846962214,1,0,0,1,26.741313419,10.636089312,-0.859167773,0.011537138,-0.018580155,0.186326173,0.982244486,798,425,0.532581454,0.032550279,0.015342620,0.011896609,0.136177892,42.357119940,0.000000000,0.170641671,0.097407430,6.220862182,0.361211429,30.217294610,0,51,50,1,0.063909774,16,0,0,0,0,0,725,22,5534,14714,3519,0,0,105252
164,1517157237.846983910,1517157237.947822332,1,0,0,1,27.048383488,10.771593755,-0.863769391,0.009817004,-0.017848463,0.186575281,0.982229466,801,410,0.511860175,0.026791293,0.014664587,0.011357190,0.107402189,39.593556011,0.000000000,0.166961465,0.108019361,6.252426563,0.341934045,30.971167708,0,67,67,0,0.083645443,10,0,0,0,0,0,721,13,5549,14781,3529,0,0,105973
165,1517157237.947844028,1517157238.048622370,1,0,0,1,27.350670499,10.900089350,-0.867427432,0.011164952,-0.014950424,0.187808652,0.982028380,780,405,0.519230769,0.028617802,0.015412342,0.011172765,0.123298964,33.066168187,0.000000000,0.161000186,0.109361041,6.263073854,0.306258861,31.509936115,0,72,70,2,0.092307692,11,0,0,0,0,0,693,15,5562,14853,3540,0,0,106666
166,1517157238.048643112,1517157238.149482250,1,0,0,1,27.643990203,11.027861836,-0.868862739,0.014715972,-0.016265201,0.189864352,0.981565286,787,398,0.505717916,0.032114446,0.015807790,0.012039926,0.164374882,28.592520674,0.000000000,0.161319950,0.109699296,6.270793009,0.276820062,31.645314782,0,85,83,2,0.108005083,12,0,0,0,0,0,686,16,5584,14938,3552,0,0,107352
167,1517157238.149502993,1517157238.250342369,1,0,0,1,27.957532230,11.159204423,-0.886191209,0.011313719,-0.016872078,0.190809428,0.981416881,801,407,0.508114856,0.028106983,0.015041526,0.010966680,0.118038253,32.431995731,0.000000000,0.159313702,0.115303213,6.293826471,0.274037621,31.950895888,0,59,57,2,0.073657928,16,0,0,0,0,0,723,19,5602,14997,3568,0,0,108075
168,1517157238.250363111,1517157238.351202250,1,0,0,1,28.252211506,11.288200830,-0.892773417,0.016271319,-0.015374096,0.192195226,0.981101359,784,403,0.514030612,0.033866162,0.017652210,0.012882257,0.143366811,32.118350360,0.000000000,0.158407926,0.115156732,6.302674162,0.274849171,31.563289301,0,66,65,1,0.084183673,18,0,0,0,0,0,696,22,5609,15063,3586,0,0,108771
169,1517157238.351222992,1517157238.452062368,1,0,0,1,28.542336436,11.412463245,-0.913660924,0.014845682,-0.016997733,0.191678575,0.981198250,811,406,0.500616523,0.032696313,0.019295692,0.013701575,0.133271918,42.532996374,0.000000000,0.156404843,0.109026452,6.281575382,0.246827307,31.639841088,0,57,55,2,0.070283600,12,0,0,0,0,0,738,16,5626,15120,3598,0,0,109509
170,1517157238.452083111,1517157238.552922249,1,0,0,1,28.842428824,11.539338470,-0.931070978,0.011759769,-0.014059803,0.193557850,0.980917626,794,399,0.502518892,0.028167139,0.018347394,0.012594459,0.158235008,30.321437364,0.000000000,0.153867435,0.113347055,6.276393275,0.211590170,31.993045908,0,57,55,2,0.071788413,11,0,0,0,0,0,723,14,5636,15177,3609,0,0,110232
171,1517157238.552942991,1517157238.653782368,1,0,0,1,29.149217058,11.670806267,-0.937777023,0.013351293,-0.013213981,0.193921885,0.980837110,793,384,0.484237074,0.037039589,0.019382109,0.012098557,0.144004473,32.046989823,0.000000000,0.151669725,0.116088784,6.269617528,0.150329689,32.349527725,0,77,71,6,0.097099622,13,0,0,0,0,0,700,16,5660,15254,3622,0,0,110932
172,1517157238.653803110,1517157238.754642248,1,0,0,1,29.453981940,11.800914769,-0.951754801,0.012938703,-0.018407585,0.197248998,0.980095191,799,389,0.486858573,0.029708998,0.017316437,0.012127873,0.153974875,29.817339272,0.000000000,0.151073971,0.117620285,6.273751668,0.116151884,32.563863256,0,57,55,2,0.071339174,13,0,0,0,0,0,726,16,5670,15311,3635,0,0,111658
173,1517157238.754662991,1517157238.855502367,1,0,0,1,29.744685621,11.929760415,-0.956366984,0.013626902,-0.016342426,0.197070879,0.980158304,783,393,0.501915709,0.028395931,0.016789758,0.011623150,0.142797320,31.247383949,0.000000000,0.147500914,0.104449714,6.251709882,0.109050435,32.852735026,0,52,51,1,0.066411239,9,0,0,0,0,0,720,11,5682,15363,3644,0,0,112378
174,1517157238.855523109,1517157238.956362247,1,0,0,1,30.043386385,12.064528074,-0.959256396,0.014653845,-0.018042301,0.197305596,0.980066448,807,400,0.495662949,0.027712710,0.017702585,0.011983902,0.148168063,30.241577384,0.000000000,0.146447574,0.107280641,6.251197605,0.099307478,33.008421015,0,63,59,4,0.078066914,9,0,0,0,0,0,731,13,5695,15426,3653,0,0,113109
175,1517157238.956382990,1517157239.057161331,1,0,0,1,30.342608371,12.195249695,-0.964076828,0.013018441,-0.017142295,0.197558755,0.980054692,803,419,0.521793275,0.028603014,0.016683079,0.012002681,0.130650275,31.685971819,0.000000000,0.144217370,0.094580841,6.248626416,0.064495128,32.742835720,0,60,59,1,0.074719801,12,0,0,0,0,0,727,16,5705,15486,3665,0,0,113836
176,1517157239.057182074,1517157239.158021212,1,0,0,1,30.637251472,12.327267249,-0.971232028,0.013289497,-0.018247899,0.198863412,0.979767190,829,421,0.507840772,0.028052699,0.018607617,0.012835311,0.136796175,31.696071467,0.000000000,0.143430446,0.096166236,6.242450113,0.048700038,32.941936331,0,53,52,1,0.063932449,10,0,0,0,0,0,762,14,5717,15539,3675,0,0,114598
177,1517157239.158041954,1517157239.258881330,1,0,0,1,30.930545326,12.464898602,-0.974815285,0.010666896,-0.017310744,0.198814034,0.979826278,843,422,0.500593120,0.032989805,0.020746007,0.015035351,0.131482130,33.115020901,0.000000000,0.141930082,0.093520833,6.238852697,0.044505217,32.584885474,0,51,50,1,0.060498221,11,0,0,0,0,0,778,14,5731,15590,3686,0,0,115376
178,1517157239.258902073,1517157239.359741211,1,0,0,1,31.223851673,12.601394797,-0.971770840,0.011826129,-0.017811776,0.200880571,0.979382397,843,456,0.540925267,0.033481632,0.020872618,0.015093978,0.152562023,32.593011622,0.000000000,0.141837571,0.095654747,6.231198630,0.040757920,32.808425751,0,68,68,0,0.080664294,12,0,0,0,0,0,762,13,5743,15658,3698,0,0,116138
179,1517157239.359761953,1517157239.460601330,1,0,0,1,31.515366606,12.737639152,-0.975965781,0.013361608,-0.018607811,0.200679762,0.979389019,832,427,0.513221154,0.031596213,0.018715583,0.013185432,0.127772572,32.877856730,0.000000000,0.139566107,0.095187200,6.218838869,0.036543864,33.077637908,0,55,54,1,0.066105769,9,0,0,0,0,0,764,13,5759,15713,3707,0,0,116902
180,1517157239.460622072,1517157239.561461210,1,0,0,1,31.801613972,12.872960337,-0.979828475,0.009874010,-0.018421817,0.202720379,0.979013579,858,426,0.496503497,0.031371658,0.018707046,0.013854227,0.141210975,32.018938846,0.000000000,0.140052683,0.092378322,6.200096348,0.038652453,33.064676892,0,76,73,3,0.088578089,13,0,0,0,0,0,765,17,5779,15789,3720,0,0,117667
181,1517157239.561481953,1517157239.662321329,1,0,0,1,32.102725476,13.014063804,-0.986784659,0.010580749,-0.016958146,0.202136668,0.979153326,806,387,0.480148883,0.032328538,0.020957392,0.015490417,0.132688452,30.795082660,0.000000000,0.138827827,0.091237969,6.198034902,0.039763887,33.150796370,0,69,63,6,0.085607940,9,0,0,0,0,0,725,12,5790,15858,3729,0,0,118392
182,1517157239.662342072,1517157239.763181210,1,0,0,1,32.392770593,13.156298832,-0.991630267,0.016929216,-0.018078684,0.202442790,0.978980837,827,405,0.489721886,0.026812462,0.016097004,0.012490575,0.122378651,32.800140217,0.000000000,0.137432595,0.089806855,6.191214246,0.038860333,33.097476466,0,65,64,1,0.078597340,13,0,0,0,0,0,745,17,5805,15923,3742,0,0,119137
183,1517157239.763201952,1517157239.864041328,1,0,0,1,32.688085967,13.298315313,-0.998930935,0.016883471,-0.016972664,0.203634803,0.978754180,809,397,0.490729295,0.032347213,0.016518211,0.012243256,0.127150357,32.777234882,0.000000000,0.136981218,0.089605741,6.183313755,0.040737146,32.618482214,0,49,48,1,0.060568603,19,0,0,0,0,0,735,25,5810,15972,3761,0,0,119872
184,1517157239.864062071,1517157239.964901209,1,0,0,1,32.974504020,13.433006643,-1.003181406,0.017172320,-0.016870630,0.203988384,0.978677287,806,389,0.482630273,0.031341952,0.016372502,0.012206401,0.138946677,30.723464587,0.000000000,0.138558443,0.084545216,6.171365585,0.038980415,32.174977642,0,53,51,2,0.065756824,11,0,0,0,0,0,739,14,5821,16025,3772,0,0,120611
185,1517157239.964922905,1517157240.065698385,1,0,0,1,33.261101187,13.564363709,-1.014883586,0.019863031,-0.016550411,0.206271985,0.978153062,817,401,0.490820073,0.028296745,0.014670225,0.010731544,0.152419045,29.466317328,0.000000000,0.140014447,0.085050112,6.166904396,0.039491414,31.994985099,0,56,52,4,0.068543452,9,0,0,0,0,0,747,14,5838,16081,3781,0,0,121358
186,1517157240.065720081,1517157240.166559219,1,0,0,1,33.557013872,13.693452372,-1.027292752,0.016645063,-0.015163146,0.207705492,0.977932232,809,409,0.505562423,0.031284564,0.019612250,0.014293699,0.125533661,32.339388251,0.000000000,0.138072386,0.084663085,6.149604942,0.040515016,32.182328478,0,56,54,2,0.069221261,9,0,0,0,0,0,742,11,5853,16137,3790,0,0,122100
187,1517157240.166579962,1517157240.267419338,1,0,0,1,33.844022131,13.837920652,-1.036675059,0.000894176,-0.019627884,0.198600763,0.979883505,808,406,0.502475248,0.034103292,0.021379601,0.015695966,0.146476818,29.827757683,0.000000000,0.139494314,0.084751479,6.149315107,0.055880754,32.052116576,0,53,52,1,0.065594059,14,0,0,0,0,0,736,19,5863,16190,3804,0,0,122836
188,1517157240.267440081,1517157240.368279219,1,0,0,1,34.148038571,13.972767069,-1.044299090,-0.009621306,-0.017494274,0.159046822,0.987069141,826,408,0.493946731,0.030574101,0.020141759,0.011770562,0.168419470,28.460199061,0.000000000,0.140746947,0.082537399,6.165675954,0.135015912,31.869209011,0,63,63,0,0.076271186,9,0,0,0,0,0,748,15,5879,16253,3813,0,0,123584
189,1517157240.368299961,1517157240.469139338,1,0,0,1,34.459947473,14.078067066,-1.047196931,-0.016060474,-0.016808748,0.121679056,0.992297201,846,389,0.459810875,0.032976726,0.020312057,0.015171358,0.145657049,31.510248297,0.000000000,0.141366203,0.082853259,6.168616911,0.206402458,31.318071607,0,73,73,0,0.086288416,11,0,0,0,0,0,759,14,5904,16326,3824,0,0,124343
190,1517157240.469160080,1517157240.569999218,1,0,0,1,34.763067958,14.158778053,-1.062669680,-0.014846985,-0.010345247,0.091441133,0.995646053,888,415,0.467342342,0.029355381,0.015691760,0.011330444,0.163699389,30.500497243,0.000000000,0.141639422,0.081079210,6.148842174,0.266810650,31.327024601,0,96,92,4,0.108108108,15,0,0,0,0,0,775,17,5931,16422,3839,0,0,125118
191,1517157240.570019960,1517157240.670859337,1,0,0,1,35.072156342,14.217178808,-1.064785844,-0.006964632,-0.011477151,0.080006151,0.996703960,877,411,0.468643101,0.029849015,0.018133299,0.012789923,0.154081054,29.017665539,0.000000000,0.142143251,0.068163866,6.131736195,0.283119160,31.175558387,0,69,68,1,0.078677309,13,0,0,0,0,0,793,15,5952,16491,3852,0,0,125911
192,1517157240.670880079,1517157240.771719217,1,0,0,1,35.380366982,14.270184277,-1.066644438,-0.001940893,-0.010744858,0.090344096,0.995850754,880,413,0.469318182,0.032712979,0.020527006,0.011063765,0.161990701,31.467446415,0.000000000,0.142544043,0.069171457,6.126465867,0.303376345,31.258063744,0,102,100,2,0.115909091,9,0,0,0,0,0,764,14,5974,16593,3861,0,0,126675
193,1517157240.771739960,1517157240.872579336,1,0,0,1,35.690608422,14.338893777,-1.075305911,-0.000326282,-0.011866373,0.109879351,0.993874042,859,402,0.467986030,0.031467859,0.022112431,0.011968172,0.173916796,30.215078164,0.000000000,0.144100017,0.066795879,6.116634403,0.342195631,31.206448455,0,64,61,3,0.074505239,9,0,0,0,0,0,782,13,5988,16657,3870,0,0,127457
194,1517157240.872600079,1517157240.973439217,1,0,0,1,35.996568422,14.415913641,-1.083027130,0.005120374,-0.011879416,0.111478413,0.993682658,840,382,0.454761905,0.028682479,0.021169711,0.011022573,0.163504904,29.393816242,0.000000000,0.144866859,0.064612175,6.105668418,0.344702574,31.164060398,0,70,69,1,0.083333333,7,0,0,0,0,0,759,11,6006,16727,3877,0,0,128216
195,1517157240.973459959,1517157241.074238300,1,0,0,1,36.296621999,14.489240753,-1.089579750,0.009122888,-0.010530049,0.113222490,0.993471972,837,402,0.480286738,0.026087018,0.016162337,0.010180285,0.166465836,27.802852491,0.000000000,0.146657637,0.071686770,6.091674992,0.345478731,30.969904431,0,70,68,2,0.083632019,5,0,0,0,0,0,760,7,6023,16797,3882,0,0,128976
196,1517157241.074259043,1517157241.175098181,1,0,0,1,36.601081695,14.564762407,-1.102438070,0.015525886,-0.007237359,0.120998450,0.992504883,843,404,0.479240807,0.031009229,0.022831294,0.012232814,0.173014478,28.199097722,0.000000000,0.148468552,0.068406852,6.081624136,0.361067437,30.795055744,0,64,62,2,0.075919336,8,0,0,0,0,0,768,11,6036,16861,3890,0,0,129744
197,1517157241.175118923,1517157241.275958300,1,0,0,1,36.894253330,14.646677655,-1.109779642,0.016241413,-0.010114195,0.138962093,0.990112850,861,391,0.454123113,0.033802047,0.019772743,0.012583335,0.199181641,25.940437473,0.000000000,0.151853527,0.069813998,6.062587207,0.393043171,30.436326573,0,73,70,3,0.084785134,15,0,0,0,0,0,770,18,6059,16934,3905,0,0,130514
198,1517157241.275979042,1517157241.376818180,1,0,0,1,37.176827782,14.732690184,-1.120737837,0.021742972,-0.006956860,0.155618512,0.987553403,834,401,0.480815348,0.030561344,0.020268289,0.011169341,0.182126911,26.587696695,0.000000000,0.153331772,0.067646033,6.036356483,0.426226400,30.136060826,0,72,65,7,0.086330935,9,0,0,0,0,0,752,10,6080,17006,3914,0,0,131266
199,1517157241.376838923,1517157241.477678299,1,0,0,1,37.455473823,14.830720185,-1.127634695,0.020961360,-0.008445579,0.164946970,0.986043503,836,414,0.495215311,0.032252123,0.021792133,0.013096734,0.222289345,25.455611898,0.000000000,0.158057610,0.068122140,6.015178635,0.440791486,29.764948585,0,65,63,2,0.077751196,14,0,0,0,0,0,755,16,6095,17071,3928,0,0,132021
200,1517157241.477699041,1517157241.578538179,1,0,0,1,37.735028315,14.934935804,-1.132441991,0.018915762,-0.010006046,0.168292845,0.985504739,849,416,0.489988221,0.033035109,0.022373230,0.014732657,0.212212049,27.249499572,0.000000000,0.161607664,0.069582466,5.980959551,0.446360596,29.526476621,0,75,66,9,0.088339223,9,0,0,0,0,0,762,12,6120,17146,3937,0,0,132783
201,1517157241.578558922,1517157241.679398298,1,0,0,1,38.023833286,15.044161900,-1.132573662,0.022879642,-0.011880999,0.176256397,0.984006629,850,407,0.478823529,0.032871570,0.020502858,0.013440017,0.195594837,27.254420020,0.000000000,0.164752983,0.070187021,5.966649518,0.461986952,29.349443489,0,78,72,6,0.091764706,14,0,0,0,0,0,754,18,6153,17224,3951,0,0,133537
202,1517157241.679419041,1517157241.780258179,1,0,0,1,38.309423998,15.151773085,-1.134776261,0.022346693,-0.012437886,0.189014093,0.981641277,874,421,0.481693364,0.034381399,0.019525820,0.012097850,0.203709103,26.503480682,0.000000000,0.168819506,0.066136675,5.944079606,0.485495543,29.034610512,0,102,87,15,0.116704805,13,0,0,0,0,0,756,16,6188,17326,3964,0,0,134293
203,1517157241.780278921,1517157241.881118298,1,0,0,1,38.593768007,15.280781744,-1.134764972,0.026348096,-0.012872324,0.201559957,0.979037111,839,394,0.469606675,0.036446780,0.019864548,0.013082338,0.151966409,28.800155735,0.000000000,0.170060309,0.074363443,5.939784968,0.510230242,28.835756555,0,86,75,11,0.102502980,17,0,0,0,0,0,733,20,6230,17412,3981,0,0,135026
204,1517157241.881139040,1517157241.981978178,1,0,0,1,38.867474192,15.407632429,-1.148010863,0.030144958,-0.000476464,0.211934564,0.976818712,918,411,0.447712418,0.032267818,0.019197001,0.011862099,0.212211860,34.216048150,0.000000000,0.173723568,0.074396183,5.926264870,0.527316159,29.010385733,0,138,116,22,0.150326797,17,0,0,0,0,0,760,20,6291,17550,3998,0,0,135786
205,1517157241.981998920,1517157242.082795382,1,0,0,1,39.138598541,15.535585125,-1.163691853,0.013426275,-0.006135766,0.220984548,0.975165585,945,416,0.440211640,0.041429449,0.020545164,0.014136219,0.180351188,40.187309864,0.000000000,0.175120175,0.094945333,5.903392804,0.542833138,29.546435360,0,176,143,33,0.186243386,19,0,0,0,0,0,747,22,6373,17726,4017,0,0,136533
206,1517157242.082817078,1517157242.183655262,1,0,0,1,39.418076087,15.662571950,-1.169259385,0.006847670,-0.014754582,0.212684918,0.976985434,879,425,0.483503982,0.043470135,0.030146917,0.015995638,0.217283756,38.159366988,0.000000000,0.179707680,0.118807870,5.888963526,0.541702798,29.837434297,0,123,115,8,0.139931741,18,0,0,0,0,0,736,20,6419,17849,4035,0,0,137269
207,1517157242.183676958,1517157242.284516335,1,0,0,1,39.699509796,15.785489422,-1.175702624,0.004865732,-0.016571211,0.209890633,0.977572320,852,382,0.448356808,0.033531995,0.022445894,0.015444219,0.187208492,36.123544453,0.000000000,0.181744263,0.118696023,5.863468846,0.467190766,30.152223635,0,93,86,7,0.109154930,12,0,0,0,0,0,743,16,6448,17942,4047,0,0,138012
208,1517157242.284537077,1517157242.385376215,1,0,0,1,39.967389410,15.916659924,-1.185897514,0.012412947,-0.015461808,0.207656742,0.978000782,822,380,0.462287105,0.028995961,0.017209881,0.011610635,0.173068638,27.563032474,0.000000000,0.181976722,0.120829965,5.832696631,0.396669851,30.107365306,0,55,53,2,0.066909976,13,0,0,0,0,0,753,14,6462,17997,4060,0,0,138765
209,1517157242.385396957,1517157242.486236334,1,0,0,1,40.253432147,16.052681750,-1.183421328,0.012810959,-0.020822309,0.210314264,0.977328103,840,405,0.482142857,0.034981817,0.018433270,0.011980572,0.139843363,31.194092829,0.000000000,0.181686037,0.121359645,5.835380194,0.340981185,30.091557532,0,64,62,2,0.076190476,15,0,0,0,0,0,755,21,6484,18061,4075,0,0,139520
210,1517157242.486257076,1517157242.587096214,1,0,0,1,40.553204746,16.196018008,-1.191647224,0.009384710,-0.018251707,0.212609235,0.976921755,850,411,0.483529412,0.036621338,0.020241383,0.012994324,0.186318170,27.278529154,0.000000000,0.182816976,0.119887507,5.853195946,0.322725793,29.930459128,0,50,48,2,0.058823529,17,0,0,0,0,0,779,21,6500,18111,4092,0,0,140299
211,1517157242.587116957,1517157242.687956333,1,0,0,1,40.826928639,16.336514074,-1.197952714,0.016875346,-0.017208179,0.214829032,0.976354233,831,389,0.468110710,0.031661412,0.017946120,0.012308601,0.130076936,31.246159843,0.000000000,0.181616771,0.117832645,5.848194727,0.306355892,30.041883843,0,61,59,2,0.073405535,12,0,0,0,0,0,753,17,6517,18172,4104,0,0,141052
212,1517157242.687977076,1517157242.788816214,1,0,0,1,41.101835693,16.475479509,-1.215760369,0.018119262,-0.014569088,0.213412195,0.976685553,814,408,0.501228501,0.029245182,0.017377915,0.012370033,0.185817770,26.125930324,0.000000000,0.182808124,0.121408078,5.838866607,0.270021960,29.774808039,0,71,70,1,0.087223587,9,0,0,0,0,0,730,13,6535,18243,4113,0,0,141782
213,1517157242.788836956,1517157242.889676332,1,0,0,1,41.367376606,16.604718026,-1.218849151,0.018534744,-0.017204889,0.213416440,0.976633953,829,413,0.498190591,0.030336245,0.017763971,0.012187581,0.184445256,26.095996043,0.000000000,0.183334547,0.122551406,5.818604148,0.266973429,29.568853933,0,80,76,4,0.096501809,10,0,0,0,0,0,734,15,6553,18323,4123,0,0,142516
214,1517157242.889697075,1517157242.990536213,1,0,0,1,41.630491409,16.734393185,-1.217798118,0.017077618,-0.017362064,0.213774738,0.976579375,831,424,0.510228640,0.029819538,0.018052301,0.012090061,0.184791701,26.871113303,0.000000000,0.184398887,0.120696462,5.802987398,0.264335974,29.442718786,0,78,76,2,0.093862816,14,0,0,0,0,0,735,18,6578,18401,4137,0,0,143251
215,1517157242.990556955,1517157243.091324329,1,0,0,1,41.889015107,16.868523245,-1.226592900,0.002573041,-0.017732271,0.207337669,0.978105330,836,397,0.474880383,0.027342398,0.016538580,0.011495827,0.157263436,28.310927190,0.000000000,0.183938767,0.117376880,5.780418180,0.261399639,29.468122521,0,72,67,5,0.086124402,10,0,0,0,0,0,749,15,6601,18473,4147,0,0,144000
216,1517157243.091345072,1517157243.192184210,1,0,0,1,42.170454429,17.011151875,-1.237721287,-0.006898885,-0.012830094,0.162132995,0.986661384,842,416,0.494061758,0.035928216,0.021258034,0.014075437,0.143118898,33.348922632,0.000000000,0.182443988,0.116782553,5.791642332,0.317116863,29.725613766,0,92,90,2,0.109263658,13,0,0,0,0,0,732,18,6628,18565,4160,0,0,144732
217,1517157243.192204952,1517157243.293044329,1,0,0,1,42.459436755,17.107158303,-1.245500578,-0.007940593,-0.011234213,0.123648808,0.992230675,852,415,0.487089202,0.029383606,0.019199686,0.012062185,0.165066361,27.128619959,0.000000000,0.180738224,0.120493801,5.800676094,0.361263155,29.785022890,0,82,80,2,0.096244131,11,0,0,0,0,0,756,14,6653,18647,4171,0,0,145488
218,1517157243.293065071,1517157243.393904209,1,0,0,1,42.743552712,17.181320362,-1.258801754,-0.009106824,-0.008245246,0.101916476,0.994717102,893,437,0.489361702,0.029193198,0.019544069,0.012541518,0.166351882,27.386292003,0.000000000,0.179949472,0.122439385,5.799145303,0.386191970,29.824952656,0,75,64,11,0.083986562,10,0,0,0,0,0,807,11,6681,18722,4181,0,0,146295
219,1517157243.393924952,1517157243.494764328,1,0,0,1,43.057992912,17.247752734,-1.272063254,-0.005930313,-0.012988688,0.101087602,0.994775061,891,419,0.470258137,0.032108171,0.018029149,0.013024176,0.162566071,26.891981753,0.000000000,0.176963309,0.122518147,5.822413175,0.381027961,29.896771149,0,80,78,2,0.089786756,9,0,0,0,0,0,800,11,6709,18802,4190,0,0,147095
220,1517157243.494785070,1517157243.595624208,1,0,0,1,43.372310304,17.322933523,-1.279152773,-0.001029493,-0.014153728,0.105735621,0.994293010,869,421,0.484464902,0.031281150,0.017798734,0.011731755,0.153560670,30.178608411,0.000000000,0.174030740,0.123462264,5.836904818,0.374257794,30.043226591,0,95,90,5,0.109321059,13,0,0,0,0,0,759,15,6742,18897,4203,0,0,147854
221,1517157243.595644951,1517157243.696484327,1,0,0,1,43.669099189,17.384379246,-1.288648279,0.002406994,-0.015968097,0.119242835,0.992733787,886,449,0.506772009,0.031973971,0.019531214,0.013138141,0.181854619,27.656780722,0.000000000,0.173343729,0.123836212,5.834936331,0.375411415,30.063344626,0,99,94,5,0.111738149,9,0,0,0,0,0,774,13,6767,18996,4212,0,0,148628
222,1517157243.797364950,1517157243.898204327,1,0,0,1,44.243478573,17.553833350,-1.295444083,-0.001320157,-0.013021441,0.164383877,0.986309607,888,432,0.486486486,0.041071610,0.025509474,0.016327625,0.190143914,28.690864660,0.000000000,0.172665469,0.133263127,6.121587612,0.441275887,30.172713825,0,126,112,14,0.141891892,11,0,0,0,0,0,748,14,6812,19122,4223,0,0,149376
223,1517157243.898225069,1517157243.999064207,1,0,0,1,44.520315653,17.660065612,-1.300113439,-0.000941001,-0.008999516,0.168248677,0.985703052,871,427,0.490241102,0.036326170,0.022388892,0.014656042,0.181704130,29.312827994,0.000000000,0.174152356,0.133163695,6.116181339,0.427398180,30.198347438,0,89,86,3,0.102181401,11,0,0,0,0,0,768,14,6838,19211,4234,0,0,150144
224,1517157243.999084949,1517157244.099854231,1,0,0,1,44.797815146,17.771329011,-1.324919503,0.001602604,-0.011066067,0.169994093,0.985381643,870,413,0.474712644,0.036679340,0.021522675,0.013682792,0.179338260,29.641153503,0.000000000,0.172508676,0.133781851,6.115972504,0.412327606,29.969602705,0,93,87,6,0.106896552,19,0,0,0,0,0,756,21,6861,19304,4253,0,0,150900
225,1517157244.099875927,1517157244.200714350,1,0,0,1,45.066811255,17.883232556,-1.333090451,0.012047303,-0.006316108,0.178475138,0.983850392,850,414,0.487058824,0.028385354,0.017442740,0.012060572,0.193801801,27.199085232,0.000000000,0.173181206,0.128880030,6.100406035,0.412480692,29.320191474,0,73,72,1,0.085882353,13,0,0,0,0,0,761,16,6879,19377,4266,0,0,151661
226,1517157244.200736046,1517157244.301575184,1,0,0,1,45.337711303,18.004705564,-1.347847820,0.009411472,-0.007064234,0.184186380,0.982820888,848,419,0.494103774,0.035051826,0.019318685,0.013054164,0.199659911,31.238467579,0.000000000,0.172300014,0.108709806,6.090487814,0.418487196,28.974146503,0,67,65,2,0.079009434,12,0,0,0,0,0,766,15,6904,19444,4278,0,0,152427
227,1517157244.301595926,1517157244.402435303,1,0,0,1,45.611200244,18.127713293,-1.354764722,0.014493593,-0.011871885,0.181370640,0.983236332,842,434,0.515439430,0.029720714,0.019458324,0.011800169,0.189037156,27.333414917,0.000000000,0.172391447,0.110636432,6.092001547,0.419563341,28.534640026,0,75,74,1,0.089073634,5,0,0,0,0,0,759,8,6927,19519,4283,0,0,153186
228,1517157244.402456045,1517157244.503295183,1,0,0,1,45.892997932,18.245398098,-1.370232038,0.018250296,-0.013534320,0.177148683,0.983921792,831,413,0.496991576,0.032728599,0.020010015,0.012382377,0.240082872,25.316685774,0.000000000,0.175742159,0.107503483,6.081030657,0.422866584,28.422322691,0,68,66,2,0.081829122,14,0,0,0,0,0,746,17,6946,19587,4297,0,0,153932
229,1517157244.503315926,1517157244.604155302,1,0,0,1,46.183065752,18.356603507,-1.375608515,0.015454399,-0.012269478,0.176421626,0.984116879,836,415,0.496411483,0.028772972,0.016472068,0.011372677,0.190515524,26.083947113,0.000000000,0.178275767,0.109801854,6.059351156,0.419412915,28.166815405,0,74,73,1,0.088516746,17,0,0,0,0,0,741,21,6968,19661,4314,0,0,154673
230,1517157244.604176044,1517157244.705015182,1,0,0,1,46.475500812,18.470489071,-1.390452929,0.018025135,-0.013494138,0.178013283,0.983770437,838,437,0.521479714,0.031158697,0.021091221,0.013729317,0.223805103,25.542834946,0.000000000,0.180150114,0.106178259,6.065790694,0.418282040,28.080030695,0,72,69,3,0.085918854,8,0,0,0,0,0,756,10,6986,19733,4322,0,0,155429
231,1517157244.705035925,1517157244.805875301,1,0,0,1,46.774367907,18.585916076,-1.397765368,0.016274408,-0.014342538,0.179110262,0.983589828,841,416,0.494649227,0.028097366,0.015756456,0.010438633,0.183906635,26.850853361,0.000000000,0.182841599,0.109943326,6.077707764,0.417637313,27.860265371,0,77,71,6,0.091557669,13,0,0,0,0,0,749,15,7005,19810,4335,0,0,156178
232,1517157244.805896044,1517157244.906735182,1,0,0,1,47.075175028,18.698738016,-1.407049396,0.015833597,-0.017038523,0.180419935,0.983314615,831,434,0.522262335,0.028427242,0.018262666,0.010998754,0.175900628,26.248530393,0.000000000,0.182345741,0.111143187,6.103773508,0.420239808,27.866395374,0,65,65,0,0.078219013,11,0,0,0,0,0,754,12,7022,19875,4346,0,0,156932
233,1517157244.906755924,1517157245.007535219,1,0,0,1,47.367082834,18.821445070,-1.420675452,0.025384606,-0.010123324,0.179286852,0.983417188,871,427,0.490241102,0.033152832,0.021958011,0.014531132,0.189058177,27.629306909,0.000000000,0.182576387,0.110632355,6.127380255,0.421899860,27.943060918,0,91,89,2,0.104477612,11,0,0,0,0,0,764,16,7047,19966,4357,0,0,157696
234,1517157245.007555962,1517157245.108395338,1,0,0,1,47.673175257,18.937627965,-1.434509256,0.009893340,-0.011546178,0.179064755,0.983719788,856,429,0.501168224,0.033375176,0.020561911,0.012616168,0.174820772,29.339995741,0.000000000,0.182077841,0.109509310,6.163692090,0.409319908,28.066505040,0,72,70,2,0.084112150,11,0,0,0,0,0,770,14,7063,20038,4368,0,0,158466
235,1517157245.108416080,1517157245.209255219,1,0,0,1,47.956024624,19.044813329,-1.444712228,0.010136214,-0.013592971,0.177988754,0.983886422,864,427,0.494212963,0.032914362,0.022555294,0.013459851,0.214613942,26.313662484,0.000000000,0.184945366,0.103475123,6.150628084,0.319654043,27.966641804,0,79,78,1,0.091435185,9,0,0,0,0,0,774,11,7083,20117,4377,0,0,159240
236,1517157245.209275961,1517157245.310115337,1,0,0,1,48.243706341,19.154661411,-1.461561275,0.010878754,-0.013280407,0.179904191,0.983534324,850,432,0.508235294,0.037888535,0.022542725,0.014450203,0.156507490,28.279990474,0.000000000,0.185614796,0.107224681,6.154417113,0.245729722,27.713195196,0,64,61,3,0.075294118,14,0,0,0,0,0,771,15,7104,20181,4391,0,0,160011
237,1517157245.310136080,1517157245.410975218,1,0,0,1,48.549815119,19.279590179,-1.460149582,0.010051887,-0.011672223,0.180725372,0.983412964,806,412,0.511166253,0.030163293,0.018550926,0.011777731,0.149727709,29.556136784,0.000000000,0.184847863,0.106180996,6.191103682,0.203634836,27.834571038,0,40,39,1,0.049627792,8,0,0,0,0,0,757,9,7112,20221,4399,0,0,160768
238,1517157245.410995960,1517157245.511835337,1,0,0,1,48.847208332,19.399548073,-1.466681112,0.012523197,-0.017909633,0.182384831,0.982984328,844,413,0.489336493,0.029705683,0.016677328,0.011207924,0.159651264,28.901878136,0.000000000,0.184512832,0.105409810,6.190190715,0.205274226,27.910350344,0,74,74,0,0.087677725,10,0,0,0,0,0,756,14,7130,20295,4409,0,0,161524
239,1517157245.511856079,1517157245.612695217,1,0,0,1,49.147366244,19.527642148,-1.471799474,0.009842870,-0.010762994,0.180810978,0.983409714,812,413,0.508620690,0.023653703,0.016204993,0.010063835,0.162641598,27.470041141,0.000000000,0.184516609,0.122465117,6.193317367,0.199116346,27.939253314,0,70,70,0,0.086206897,11,0,0,0,0,0,730,12,7143,20365,4420,0,0,162254
240,1517157245.612715960,1517157245.713555336,1,0,0,1,49.454722096,19.653093978,-1.476794142,0.012527539,-0.011349645,0.181391299,0.983265703,810,417,0.514814815,0.027763835,0.017221419,0.010930552,0.194617644,25.137756655,0.000000000,0.186569457,0.126496869,6.222095932,0.173114655,27.687210726,0,46,46,0,0.056790123,10,0,0,0,0,0,753,11,7158,20411,4430,0,0,163007
241,1517157245.713576078,1517157245.814415216,1,0,0,1,49.760907797,19.779201899,-1.498644969,0.011334912,-0.011548963,0.181160002,0.983320494,820,429,0.523170732,0.027561121,0.016761709,0.012329472,0.168850658,28.919153900,0.000000000,0.185919259,0.130750179,5.955062090,0.082244579,27.750329385,0,60,57,3,0.073170732,13,0,0,0,0,0,746,14,7168,20471,4443,0,0,163753
242,1517157245.814435959,1517157245.915275335,1,0,0,1,50.064946623,19.903383276,-1.511157945,0.016282798,-0.012732907,0.183114323,0.982874299,814,419,0.514742015,0.028211504,0.016444935,0.009459431,0.191682807,26.339163635,0.000000000,0.185996204,0.115534815,5.987165105,0.078290123,27.632744333,0,60,59,1,0.073710074,10,0,0,0,0,0,743,11,7184,20531,4453,0,0,164496
243,1517157245.915296078,1517157246.016073227,1,0,0,1,50.365354469,20.024884488,-1.520593010,0.011183550,-0.014672700,0.182971558,0.982945090,822,407,0.495133820,0.032951448,0.018910310,0.012451829,0.177703153,27.569361347,0.000000000,0.185796155,0.110305401,6.011349492,0.074932922,27.545571001,0,65,61,4,0.079075426,15,0,0,0,0,0,740,17,7196,20596,4468,0,0,165236
244,1517157246.016093969,1517157246.116933346,1,0,0,1,50.673617080,20.153758175,-1.531140956,0.012306418,-0.011309760,0.184991014,0.982598069,813,402,0.494464945,0.026504623,0.015113237,0.009938393,0.164926027,30.015939113,0.000000000,0.185075544,0.106959812,6.054174561,0.061985749,27.564310282,0,63,62,1,0.077490775,17,0,0,0,0,0,732,18,7208,20659,4485,0,0,165968
245,1517157246.116955042,1517157246.217793226,1,0,0,1,50.976329785,20.283783014,-1.539420357,0.016571724,-0.010255996,0.185983865,0.982359504,826,421,0.509685230,0.027065018,0.016079508,0.008803497,0.154829452,30.898169468,0.000000000,0.183126926,0.108897562,6.086480240,0.052266386,27.749264493,0,58,55,3,0.070217918,12,0,0,0,0,0,755,13,7223,20717,4497,0,0,166723
246,1517157246.217814922,1517157246.318654299,1,0,0,1,51.295238630,20.417932634,-1.548018539,0.014874579,-0.009305980,0.186843163,0.982233057,818,395,0.482885086,0.028359624,0.016840823,0.009981395,0.163430633,28.844152820,0.000000000,0.181315462,0.104433562,6.132604216,0.048176231,27.629548755,0,66,62,4,0.080684597,13,0,0,0,0,0,738,14,7242,20783,4510,0,0,167461
247,1517157246.318675041,1517157246.419514179,1,0,0,1,51.608648185,20.546673370,-1.558052754,0.016941298,-0.010082204,0.187119824,0.982139253,829,405,0.488540410,0.027652511,0.016601073,0.010733277,0.154219969,29.496894169,0.000000000,0.179574603,0.106088098,6.165797969,0.039952036,27.737722718,0,63,61,2,0.075995175,15,0,0,0,0,0,749,17,7264,20846,4525,0,0,168210
248,1517157246.419534922,1517157246.520374298,1,0,0,1,51.907061739,20.675644212,-1.569391267,0.018424816,-0.011825392,0.185885647,0.982327447,815,404,0.495705521,0.031779755,0.018196541,0.011506056,0.166241450,28.902063125,0.000000000,0.175882532,0.105003210,6.180385951,0.041169199,27.916991586,0,56,56,0,0.068711656,14,0,0,0,0,0,744,15,7280,20902,4539,0,0,168954
249,1517157246.520395041,1517157246.621234179,1,0,0,1,52.211353119,20.802187403,-1.586055294,0.018672504,-0.011795595,0.187878044,0.981944012,831,397,0.477737665,0.028719844,0.018019471,0.011272380,0.144761778,30.708009548,0.000000000,0.173594844,0.105041444,6.196182721,0.042082943,28.148194707,0,73,70,3,0.087845969,12,0,0,0,0,0,745,13,7299,20975,4551,0,0,169699
250,1517157246.621254921,1517157246.722094297,1,0,0,1,52.514171065,20.925233944,-1.595689025,0.015347718,-0.010552701,0.188342515,0.981926772,817,400,0.489596083,0.031406594,0.017708584,0.011799851,0.169413957,28.990614634,0.000000000,0.170875287,0.105200158,6.202721341,0.040870231,28.320583692,0,57,55,2,0.069767442,18,0,0,0,0,0,742,18,7315,21032,4569,0,0,170441
251,1517157246.722115040,1517157246.822954178,1,0,0,1,52.810719899,21.056707997,-1.614682454,0.027172202,-0.006433902,0.189750888,0.981435111,805,400,0.496894410,0.030930098,0.018192432,0.011086683,0.165593792,27.135264477,0.000000000,0.169959645,0.104209677,6.206260442,0.040942005,28.334804248,0,78,74,4,0.096894410,11,0,0,0,0,0,716,11,7334,21110,4580,0,0,171157
252,1517157246.822974920,1517157246.923814297,1,0,0,1,53.118168669,21.180795039,-1.628199172,0.016396591,-0.008295631,0.189986664,0.981614691,790,402,0.508860759,0.029300001,0.017193302,0.011266427,0.172125744,28.104737389,0.000000000,0.169770901,0.103557663,6.221138252,0.039145646,28.427614597,0,76,74,2,0.096202532,7,0,0,0,0,0,705,9,7351,21186,4587,0,0,171862
253,1517157246.923835039,1517157247.024613380,1,0,0,1,53.434419354,21.311190550,-1.644079200,0.018396953,-0.008801098,0.191507469,0.981279258,803,391,0.486924035,0.031431300,0.020212958,0.012751397,0.196386187,25.752735827,0.000000000,0.170137301,0.101618731,6.235892276,0.042114178,28.333786043,0,69,67,2,0.085927771,5,0,0,0,0,0,729,5,7367,21255,4592,0,0,172591
254,1517157247.024633884,1517157247.125473261,1,0,0,1,53.749656705,21.445006195,-1.654690130,0.015828318,-0.006644245,0.191178464,0.981405173,800,407,0.508750000,0.030086442,0.019263587,0.012195786,0.161617786,27.367487690,0.000000000,0.169477152,0.098567526,6.275870823,0.040477217,28.235160641,0,99,98,1,0.123750000,11,0,0,0,0,0,690,11,7392,21354,4603,0,0,173281
255,1517157247.125494003,1517157247.226333380,1,0,0,1,54.059103985,21.579942465,-1.665552717,0.017845833,-0.008821673,0.192857509,0.981024814,791,410,0.518331226,0.027792120,0.016461489,0.011636127,0.193237684,26.411461961,0.000000000,0.168408339,0.097083509,6.305232046,0.039934048,28.240050615,0,79,77,2,0.099873578,13,0,0,0,0,0,698,14,7414,21433,4616,0,0,173979
256,1517157247.226353884,1517157247.327193260,1,0,0,1,54.356577954,21.709081424,-1.674394655,0.017590729,-0.009403139,0.192838653,0.981027727,797,414,0.519447930,0.028394197,0.016003724,0.010378554,0.184290048,27.685874285,0.000000000,0.169797467,0.072722257,6.299024845,0.038277167,28.210344805,0,72,70,2,0.090338770,6,0,0,0,0,0,718,7,7432,21505,4622,0,0,174697
257,1517157247.327214003,1517157247.428053379,1,0,0,1,54.655453542,21.838837635,-1.684801363,0.016814669,-0.008753773,0.193839809,0.980850023,794,401,0.505037783,0.026144264,0.014877910,0.009161815,0.174401971,28.337946844,0.000000000,0.171031180,0.075570993,6.304276316,0.037083320,28.149435308,0,71,69,2,0.089420655,6,0,0,0,0,0,716,7,7456,21576,4628,0,0,175413
258,1517157247.428073883,1517157247.528913260,1,0,0,1,54.950849646,21.969864428,-1.690585152,0.016485207,-0.013803522,0.194031972,0.980759550,794,383,0.482367758,0.028455532,0.018037710,0.012932487,0.196849000,25.910214807,0.000000000,0.172891067,0.075393097,6.301091651,0.034312701,27.999852142,0,74,72,2,0.093198992,10,0,0,0,0,0,710,10,7483,21650,4638,0,0,176123
259,1517157247.528934002,1517157247.629773378,1,0,0,1,55.253079562,22.101788792,-1.701703078,0.018002810,-0.010328236,0.195681233,0.980447898,797,389,0.488080301,0.025659146,0.015069573,0.010320271,0.151087038,30.039174938,0.000000000,0.172313339,0.068216090,6.299036922,0.036585884,28.128308832,0,73,70,3,0.091593476,9,0,0,0,0,0,714,10,7505,21723,4647,0,0,176837
260,1517157247.629793882,1517157247.730633259,1,0,0,1,55.555513825,22.237017712,-1.704862985,0.021366504,-0.010375897,0.195076389,0.980500391,787,397,0.504447268,0.029542307,0.018722349,0.011574071,0.148213683,31.109576555,0.000000000,0.169993141,0.067692530,6.298483482,0.037467400,28.426899827,0,69,69,0,0.087674714,11,0,0,0,0,0,707,11,7514,21792,4658,0,0,177544
261,1517157247.730654001,1517157247.831493378,1,0,0,1,55.853458585,22.368695447,-1.716186632,0.018966475,-0.007532485,0.196125022,0.980366518,796,396,0.497487437,0.028641118,0.018928660,0.012689802,0.138196143,33.788524543,0.000000000,0.168460415,0.066776678,6.295766006,0.035914696,28.670368359,0,87,86,1,0.109296482,8,0,0,0,0,0,701,8,7536,21879,4666,0,0,178245
262,1517157247.831513882,1517157247.932353258,1,0,0,1,56.157297803,22.503610547,-1.730931070,0.022060766,-0.007254867,0.197902405,0.979946594,807,407,0.504337051,0.030049015,0.019663717,0.013243320,0.135919031,31.485062099,0.000000000,0.165672226,0.066782627,6.304353022,0.039326511,28.927663282,0,92,92,0,0.114002478,15,0,0,0,0,0,697,18,7552,21971,4681,0,0,178942
263,1517157247.932374001,1517157248.033151388,1,0,0,1,56.460303548,22.632859123,-1.746866405,0.014111100,-0.008486353,0.198993553,0.979862452,791,383,0.484197219,0.028500638,0.016525684,0.011029325,0.133910207,32.212406661,0.000000000,0.163482579,0.059730562,6.299874838,0.037588405,29.159815548,0,74,73,1,0.093552465,10,0,0,0,0,0,704,13,7570,22045,4691,0,0,179646
264,1517157248.033171892,1517157248.134011269,1,0,0,1,56.752600463,22.763722494,-1.759150829,0.017923482,-0.010093385,0.200325071,0.979513521,814,403,0.495085995,0.029711222,0.017172049,0.011881546,0.141251728,31.593917408,0.000000000,0.162298864,0.056794712,6.290804190,0.038259187,29.238714462,0,74,73,1,0.090909091,12,0,0,0,0,0,726,14,7587,22119,4703,0,0,180372
265,1517157248.134032965,1517157248.234871387,1,0,0,1,57.052145115,22.897563497,-1.771359938,0.018062557,-0.005957917,0.200813227,0.979444891,784,388,0.494897959,0.028377003,0.016960771,0.011521591,0.118123105,34.025985247,0.000000000,0.160463547,0.054863909,6.273035049,0.037542751,29.395105251,0,82,79,3,0.104591837,14,0,0,0,0,0,687,15,7611,22201,4717,0,0,181059
266,1517157248.234893084,1517157248.335732222,1,0,0,1,57.352761644,23.031831092,-1.784535761,0.014081861,-0.013995104,0.202621853,0.979055781,801,401,0.500624220,0.028387087,0.017161691,0.011654412,0.129466038,34.110097140,0.000000000,0.158765317,0.054841319,6.263567597,0.040692910,29.658402467,0,81,80,1,0.101123596,14,0,0,0,0,0,704,16,7629,22282,4731,0,0,181763
267,1517157248.335752964,1517157248.436592340,1,0,0,1,57.648755559,23.166731262,-1.791971934,0.013926546,-0.010493326,0.202290251,0.979170361,790,406,0.513924051,0.030249857,0.017752014,0.012446933,0.122948268,35.596213236,0.000000000,0.157201732,0.054143390,6.263649147,0.038739024,29.963368421,0,80,79,1,0.101265823,7,0,0,0,0,0,700,10,7644,22362,4738,0,0,182463
268,1517157248.436613083,1517157248.537452221,1,0,0,1,57.952272237,23.308454099,-1.801986856,0.016385897,-0.007709086,0.203785045,0.978848164,773,398,0.514877102,0.028333282,0.017559934,0.010482450,0.101949715,36.703459762,0.000000000,0.153987145,0.050707112,6.268797129,0.037733456,30.353438253,0,81,80,1,0.104786546,8,0,0,0,0,0,680,12,7663,22443,4746,0,0,183143
269,1517157248.537472963,1517157248.638312340,1,0,0,1,58.255917893,23.449404971,-1.811311198,0.019610260,-0.008878663,0.204107926,0.978711685,786,410,0.521628499,0.028297726,0.015881354,0.010802688,0.094605125,38.560397482,0.000000000,0.151479313,0.050984190,6.276687761,0.037236083,30.746057649,0,62,60,2,0.078880407,15,0,0,0,0,0,706,18,7687,22505,4761,0,0,183849
270,1517157248.638333082,1517157248.739172220,1,0,0,1,58.558946485,23.589350454,-1.826682495,0.018351000,-0.007732045,0.205785194,0.978394557,809,420,0.519159456,0.028873506,0.015736967,0.011026359,0.104146742,38.182187556,0.000000000,0.148215952,0.047449830,6.285882344,0.038004944,31.205636295,0,67,66,1,0.082818294,15,0,0,0,0,0,723,19,7704,22572,4776,0,0,184572
271,1517157248.739192963,1517157248.840032339,1,0,0,1,58.866852366,23.732215017,-1.829330006,0.017645064,-0.007793432,0.207245619,0.978098751,801,447,0.558052434,0.024088711,0.014503779,0.009950892,0.118259209,35.860402948,0.000000000,0.145849223,0.057414205,6.293507158,0.040351723,31.641893219,0,67,62,5,0.083645443,12,0,0,0,0,0,722,12,7727,22639,4788,0,0,185294
272,1517157248.840053082,1517157248.940892220,1,0,0,1,59.173292070,23.873728332,-1.843719398,0.017816477,-0.010034755,0.208632014,0.977780425,809,422,0.521631644,0.025065601,0.015204359,0.010629402,0.120013597,34.103412906,0.000000000,0.143243615,0.063201818,6.288904278,0.040091822,31.941826995,0,64,62,2,0.079110012,7,0,0,0,0,0,735,10,7746,22703,4795,0,0,186029
273,1517157248.940912962,1517157249.041690350,1,0,0,1,59.470456226,24.015477288,-1.851874396,0.020154048,-0.009872447,0.210443259,0.977348446,798,420,0.526315789,0.022705389,0.013960898,0.009867586,0.127710637,33.842167043,0.000000000,0.139809838,0.072551981,6.275617956,0.043172582,32.346298556,0,65,65,0,0.081453634,9,0,0,0,0,0,722,11,7767,22768,4804,0,0,186751
274,1517157249.041711092,1517157249.142550230,1,0,0,1,59.777160462,24.158661361,-1.865653855,0.017838733,-0.009319477,0.211178457,0.977240291,798,421,0.527568922,0.024598892,0.014823865,0.010241245,0.113455025,38.297795900,0.000000000,0.137401700,0.075156692,6.276616633,0.041415188,32.892813966,0,71,69,2,0.088972431,12,0,0,0,0,0,712,15,7780,22839,4816,0,0,187463
275,1517157249.142570972,1517157249.243410349,1,0,0,1,60.081735126,24.303784992,-1.876733880,0.016918645,-0.011375618,0.212170571,0.977019961,812,414,0.509852217,0.027464816,0.015783082,0.009654141,0.090457054,40.331313572,0.000000000,0.132262668,0.075188895,6.289764385,0.043385685,33.588806547,0,54,54,0,0.066502463,11,0,0,0,0,0,744,14,7787,22893,4827,0,0,188207
276,1517157249.243431091,1517157249.344270229,1,0,0,1,60.378142154,24.448069423,-1.888558947,0.015506735,-0.006658361,0.212766976,0.976957226,801,423,0.528089888,0.027653964,0.016685988,0.011598945,0.127930260,35.622719973,0.000000000,0.129444679,0.074987544,6.293642267,0.042651335,33.985648831,0,63,60,3,0.078651685,9,0,0,0,0,0,728,10,7807,22956,4836,0,0,188935
277,1517157249.344290972,1517157249.445130348,1,0,0,1,60.673836444,24.593845820,-1.902827062,0.019373076,-0.009026008,0.214045861,0.976589773,813,428,0.526445264,0.027440217,0.015126439,0.011441854,0.127498789,32.342913983,0.000000000,0.127099520,0.073919499,6.300423047,0.044825250,34.185897188,0,70,69,1,0.086100861,15,0,0,0,0,0,725,18,7824,23026,4851,0,0,189660
278,1517157249.445151091,1517157249.545990229,1,0,0,1,60.975563266,24.739120403,-1.920952175,0.015818818,-0.007170191,0.215234055,0.976408037,830,445,0.536144578,0.028941071,0.015153780,0.009737743,0.134854906,34.747196182,0.000000000,0.123999815,0.074318757,6.305836544,0.043993455,34.627746257,0,66,65,1,0.079518072,13,0,0,0,0,0,748,16,7845,23092,4864,0,0,190408
279,1517157249.646871090,1517157249.747710228,1,0,0,1,61.583580505,25.023563911,-1.934610550,0.006984407,-0.008146043,0.200195747,0.979697159,813,425,0.522755228,0.029066334,0.020447608,0.013196930,0.143674639,33.012363171,0.000000000,0.123629195,0.072806818,6.645932292,0.073268751,34.776405668,0,80,79,1,0.098400984,7,0,0,0,0,0,725,8,7870,23172,4871,0,0,191133
280,1517157249.747730970,1517157249.848570347,1,0,0,1,61.893459270,25.158146582,-1.948451678,-0.010045445,-0.008526496,0.156384390,0.987608379,803,449,0.559153176,0.028889999,0.016343347,0.011820637,0.155873902,31.956763277,0.000000000,0.124012206,0.072055855,6.658115670,0.159797699,34.818765004,0,76,74,2,0.094645081,7,0,0,0,0,0,720,7,7888,23248,4878,0,0,191853
281,1517157249.848591089,1517157249.949430227,1,0,0,1,62.197124977,25.278658737,-1.948733590,-0.023164385,-0.010498341,0.121251925,0.992295907,880,455,0.517045455,0.027896717,0.017970151,0.010992803,0.109391261,38.389533391,0.000000000,0.122571962,0.071802362,6.652047790,0.226918503,35.048815447,0,95,93,2,0.107954545,14,0,0,0,0,0,765,20,7921,23343,4892,0,0,192618
282,1517157249.949450970,1517157250.050235271,1,0,0,1,62.507223295,25.371135607,-1.968814420,-0.018532855,-0.009788782,0.107358460,0.993999434,858,455,0.530303030,0.026303371,0.016644784,0.010767380,0.111269915,37.379835108,0.000000000,0.121339506,0.070421269,6.646458628,0.252622301,35.343554097,0,95,93,2,0.110722611,9,0,0,0,0,0,751,12,7943,23438,4901,0,0,193369
283,1517157250.050256014,1517157250.151095390,1,0,0,1,62.817538857,25.450397799,-1.974589468,-0.007972871,-0.003638817,0.108050904,0.994106732,877,444,0.506271380,0.027609246,0.015035148,0.010055126,0.088445732,40.401455335,0.000000000,0.119066282,0.070086934,6.646299425,0.251120059,35.753006531,0,109,107,2,0.124287343,17,0,0,0,0,0,747,21,7968,23547,4918,0,0,194116
284,1517157250.151117086,1517157250.251955271,1,0,0,1,63.144492142,25.535531490,-1.987657524,0.001171160,0.000557938,0.113224667,0.993568564,879,478,0.543799772,0.028641613,0.017019343,0.010545786,0.098259320,42.674017406,0.000000000,0.116916662,0.068477348,6.656094276,0.260387637,36.307011531,0,93,92,1,0.105802048,12,0,0,0,0,0,772,14,7981,23640,4930,0,0,194888
285,1517157250.251976967,1517157250.352816343,1,0,0,1,63.455781741,25.612733701,-1.994273923,-0.000292516,-0.003779250,0.116979614,0.993127082,925,475,0.513513514,0.030127218,0.017546891,0.012065397,0.093878659,39.969263745,0.000000000,0.115704440,0.071180928,6.647380457,0.264303725,36.604175456,0,98,96,2,0.105945946,15,0,0,0,0,0,807,20,7999,23738,4945,0,0,195695
286,1517157250.352837086,1517157250.453676224,1,0,0,1,63.764493754,25.692807180,-2.002630173,-0.001561278,-0.003674542,0.117978648,0.993008106,882,458,0.519274376,0.025508146,0.015840401,0.010619095,0.088718367,41.246792120,0.000000000,0.113667056,0.072915641,6.641047421,0.265689508,36.961010205,0,112,110,2,0.126984127,8,0,0,0,0,0,759,11,8018,23850,4953,0,0,196454
287,1517157250.453696966,1517157250.554536343,1,0,0,1,64.062107706,25.773981709,-2.016467582,0.015887133,0.008035133,0.133874763,0.990838324,839,443,0.528009535,0.029637402,0.019148062,0.012249228,0.099658856,39.678106269,0.000000000,0.112502585,0.071541547,6.614719305,0.294915568,37.165104856,0,100,98,2,0.119189511,14,0,0,0,0,0,721,18,8038,23950,4967,0,0,197175
288,1517157250.554557085,1517157250.655396223,1,0,0,1,64.352067897,25.859443517,-2.029251241,0.027644136,0.020261118,0.176618884,0.983682397,847,448,0.528925620,0.024259282,0.012950042,0.008778906,0.097415880,36.663939727,0.000000000,0.112275894,0.075664935,6.582386614,0.381798092,37.163128855,0,88,86,2,0.103896104,13,0,0,0,0,0,745,14,8060,24038,4980,0,0,197920
289,1517157250.655416965,1517157250.756256342,1,0,0,1,64.631496736,25.970564725,-2.048246069,0.030999046,0.026426216,0.222452427,0.974092209,822,454,0.552311436,0.030824115,0.019026061,0.012796690,0.077011776,40.199505889,0.000000000,0.111396226,0.080424717,6.549562368,0.472475207,37.245084275,0,87,85,2,0.105839416,19,0,0,0,0,0,714,21,8078,24125,4999,0,0,198634
290,1517157250.756277084,1517157250.857116222,1,0,0,1,64.871069823,26.078896803,-2.069979116,0.034930204,0.024621397,0.231600712,0.971871791,796,429,0.538944724,0.029685409,0.015890267,0.010186173,0.112027708,33.238871536,0.000000000,0.111790275,0.081634768,6.473941372,0.488215859,36.997918474,0,74,72,2,0.092964824,14,0,0,0,0,0,706,16,8100,24199,5013,0,0,199340
291,1517157250.857136965,1517157250.957976341,1,0,0,1,65.117549810,26.201089399,-2.080872398,0.020760314,0.008520406,0.222422877,0.974691990,843,432,0.512455516,0.030041729,0.018655014,0.011986566,0.101523096,40.788561586,0.000000000,0.110953469,0.078778620,6.411419446,0.505696628,37.244326406,0,82,78,4,0.097271649,11,0,0,0,0,0,750,11,8129,24281,5024,0,0,200090
292,1517157250.957997084,1517157251.058768272,1,0,0,1,65.373413322,26.326380435,-2.092650051,0.005494582,-0.000409731,0.192583054,0.981265208,842,446,0.529691211,0.030687780,0.017677985,0.012238552,0.115040104,35.820764122,0.000000000,0.110704794,0.078529924,6.367214244,0.563345510,37.330193967,0,75,75,0,0.089073634,12,0,0,0,0,0,750,17,8142,24356,5036,0,0,200840
293,1517157251.058789015,1517157251.159628391,1,0,0,1,65.637272529,26.451236514,-2.101139259,0.002230074,-0.003424264,0.171669569,0.985146111,847,428,0.505312869,0.027821445,0.018524447,0.010377776,0.085563873,41.796576271,0.000000000,0.108597456,0.065358775,6.320485376,0.604309723,37.727914428,0,68,68,0,0.080283353,13,0,0,0,0,0,761,18,8152,24424,5049,0,0,201601
294,1517157251.159648895,1517157251.260488272,1,0,0,1,65.909392379,26.566573266,-2.101127225,0.007664313,-0.007272317,0.178566745,0.983871074,905,478,0.528176796,0.028660313,0.018087312,0.011409437,0.111984568,39.955615720,0.000000000,0.108523933,0.058216593,6.278474858,0.616227638,37.810805419,0,81,79,2,0.089502762,12,0,0,0,0,0,811,13,8171,24505,5061,0,0,202412
295,1517157251.260509014,1517157251.361348391,1,0,0,1,66.180642376,26.682888457,-2.105799393,0.009304536,-0.001422509,0.186131400,0.982479773,855,438,0.512280702,0.031907413,0.020063982,0.012233323,0.068094367,46.795182989,0.000000000,0.107405799,0.063234686,6.243777609,0.630323863,38.133998890,0,76,74,2,0.088888889,8,0,0,0,0,0,768,11,8185,24581,5069,0,0,203180
296,1517157251.361368895,1517157251.462208271,1,0,0,1,66.435961969,26.792444656,-2.113164146,0.007605382,0.000881398,0.190496044,0.981658107,803,401,0.499377335,0.028407125,0.017590092,0.011187024,0.078889182,41.599907756,0.000000000,0.104953745,0.062736230,6.191723252,0.636768551,38.432858279,0,62,61,1,0.077210461,13,0,0,0,0,0,724,17,8193,24643,5082,0,0,203904
297,1517157251.462229013,1517157251.563068390,1,0,0,1,66.690483466,26.905848680,-2.128692074,0.008076960,-0.001605270,0.190482235,0.981656103,814,433,0.531941032,0.024045502,0.015487185,0.010369400,0.066741174,47.492116716,0.000000000,0.101915864,0.071786374,6.135429219,0.634282774,39.190318416,0,59,56,3,0.072481572,9,0,0,0,0,0,739,16,8205,24702,5091,0,0,204643
298,1517157251.563088894,1517157251.663928270,1,0,0,1,66.949430724,27.020534047,-2.129764921,0.008406581,-0.004505646,0.189545878,0.981825539,815,428,0.525153374,0.030814615,0.015652525,0.010004876,0.093103529,42.905590017,0.000000000,0.099828295,0.073739882,5.747237385,0.605628561,39.598238108,0,61,58,3,0.074846626,13,0,0,0,0,0,739,15,8218,24763,5104,0,0,205382
299,1517157251.663949013,1517157251.764788389,1,0,0,1,67.207416102,27.132217895,-2.134196879,0.011928220,-0.002023039,0.187019793,0.982281641,796,422,0.530150754,0.025377966,0.015896439,0.011067672,0.075194649,46.575190425,0.000000000,0.096404296,0.077919780,5.690269000,0.521967460,40.276379470,0,50,48,2,0.062814070,11,0,0,0,0,0,734,12,8231,24813,5115,0,0,206116
300,1517157251.764808893,1517157251.865648270,1,0,0,1,67.459619889,27.238692006,-2.141875420,0.011532216,-0.002568491,0.188688605,0.981965896,808,415,0.513613861,0.025138771,0.017017486,0.009942651,0.071924703,44.718426564,0.000000000,0.092206836,0.082116486,5.637429800,0.454669271,40.914462635,0,56,54,2,0.069306931,14,0,0,0,0,0,735,17,8244,24869,5129,0,0,206851
301,1517157251.966528893,1517157252.067307234,1,0,0,1,67.985508600,27.460464957,-2.162052140,0.012604671,-0.003017917,0.191040083,0.981496664,815,422,0.517791411,0.030125421,0.016717958,0.011264653,0.085916708,41.138008960,0.000000000,0.091033108,0.083120316,5.884308356,0.431370486,41.051886413,0,58,57,1,0.071165644,12,0,0,0,0,0,739,18,8261,24927,5141,0,0,207590
302,1517157252.067328930,1517157252.168167353,1,0,0,1,68.250660783,27.576290715,-2.168026891,0.010871740,-0.004299285,0.191546117,0.981413983,810,412,0.508641975,0.030259565,0.019286293,0.011118995,0.085166650,40.371207889,0.000000000,0.089727945,0.082251033,5.853385898,0.431300033,41.201455052,0,72,68,4,0.088888889,6,0,0,0,0,0,732,6,8284,24999,5147,0,0,208322
303,1517157252.168189049,1517157252.269028187,1,0,0,1,68.514253210,27.690401534,-2.182294152,0.012403227,-0.002807688,0.192171453,0.981278966,803,415,0.516811955,0.024828463,0.014772440,0.010021271,0.078025892,43.927860865,0.000000000,0.089206953,0.087122018,5.802864136,0.422225453,41.377775329,0,59,59,0,0.073474471,6,0,0,0,0,0,736,8,8296,25058,5153,0,0,209058
304,1517157252.269048929,1517157252.369888306,1,0,0,1,68.757095892,27.793186584,-2.196722732,0.010502358,-0.003673590,0.193527354,0.981031788,795,417,0.524528302,0.023395748,0.013986139,0.009609821,0.077212432,44.434007000,0.000000000,0.088154609,0.095864897,5.746169543,0.417427238,41.465774808,0,48,46,2,0.060377358,8,0,0,0,0,0,738,9,8307,25106,5161,0,0,209796
305,1517157252.369909048,1517157252.470748186,1,0,0,1,69.000985091,27.894150859,-2.222970766,0.006283287,0.000588915,0.188788817,0.981997432,790,422,0.534177215,0.035851193,0.021940994,0.013032790,0.071294006,50.420434739,0.000000000,0.087025376,0.111347346,5.692395831,0.424978123,41.988333358,0,41,38,3,0.051898734,21,0,0,0,0,0,724,25,8319,25147,5182,0,0,210520
306,1517157252.470768929,1517157252.571608305,1,0,0,1,69.238669817,27.997476559,-2.230275842,0.006199589,-0.005183423,0.191957882,0.981369894,798,422,0.528822055,0.030015940,0.017365879,0.011202930,0.086075736,45.219027981,0.000000000,0.086893244,0.108671262,5.642875168,0.399111977,42.186945151,0,58,57,1,0.072681704,6,0,0,0,0,0,732,8,8335,25205,5188,0,0,211252
307,1517157252.571629047,1517157252.672468185,1,0,0,1,69.483777755,28.103960278,-2.238368183,0.005585529,-0.007230340,0.195849235,0.980591455,783,427,0.545338442,0.027127311,0.018941404,0.012650892,0.081855073,44.617524434,0.000000000,0.086003055,0.109354815,5.607674183,0.319602429,42.433916059,0,59,58,1,0.075351213,8,0,0,0,0,0,716,8,8348,25264,5196,0,0,211968
308,1517157252.672488928,1517157252.773328304,1,0,0,1,69.721527576,28.215005837,-2.238131981,-0.001217007,-0.009951149,0.196418898,0.980468821,774,415,0.536175711,0.027129727,0.017331059,0.010586897,0.099964967,39.749034986,0.000000000,0.086130510,0.104126387,5.568766270,0.226732907,42.588170822,0,47,47,0,0.060723514,10,0,0,0,0,0,715,12,8358,25311,5206,0,0,212683
309,1517157252.773349047,1517157252.874188185,1,0,0,1,69.961781908,28.328683111,-2.259246265,-0.001960120,0.004290477,0.189610170,0.981848121,805,420,0.521739130,0.028207449,0.017285674,0.011314471,0.069423420,48.307817030,0.000000000,0.085751092,0.103091675,5.571569632,0.221957761,42.993586379,0,46,44,2,0.057142857,12,0,0,0,0,0,743,16,8371,25357,5218,0,0,213426
310,1517157252.874208927,1517157252.975048304,1,0,0,1,70.205646491,28.443080839,-2.262238743,-0.006358171,0.000699849,0.185915020,0.982545006,794,398,0.501259446,0.028294349,0.015398339,0.011393352,0.094514848,37.355770743,0.000000000,0.084875449,0.102885849,5.565628130,0.209227144,43.199431340,0,46,42,4,0.057934509,9,0,0,0,0,0,735,13,8384,25403,5227,0,0,214161
311,1517157252.975069046,1517157253.075847387,1,0,0,1,70.448990754,28.544937323,-2.265186876,0.001211715,-0.005418575,0.192213866,0.981337353,784,429,0.547193878,0.024121477,0.013563673,0.009683554,0.085580304,40.693997463,0.000000000,0.084078309,0.108127759,5.544309722,0.160777804,43.194703134,0,47,45,2,0.059948980,10,0,0,0,0,0,721,16,8400,25450,5237,0,0,214882
312,1517157253.075867891,1517157253.176707268,1,0,0,1,70.691375411,28.648657102,-2.275848684,0.006167975,-0.001671194,0.191834233,0.981406537,792,415,0.523989899,0.027471128,0.016632580,0.011491570,0.068940716,50.005136430,0.000000000,0.081773340,0.106745611,5.516136963,0.119041334,43.903921749,0,38,36,2,0.047979798,11,0,0,0,0,0,739,15,8412,25488,5248,0,0,215621
313,1517157253.176728010,1517157253.277567387,1,0,0,1,70.919989805,28.745038016,-2.287684936,0.003818866,-0.000586194,0.191077466,0.981567356,799,430,0.538172716,0.027461512,0.018290502,0.011484318,0.070364295,50.369077786,0.000000000,0.081013361,0.106879061,5.468966224,0.106631701,44.332546825,0,53,51,2,0.066332916,11,0,0,0,0,0,728,18,8419,25541,5259,0,0,216349
314,1517157253.277587891,1517157253.378427267,1,0,0,1,71.140310726,28.835246778,-2.307578089,0.009713679,-0.004554167,0.191513804,0.981431285,800,417,0.521250000,0.028011153,0.018178409,0.011958986,0.077340377,44.711056648,0.000000000,0.079281151,0.106839638,5.412695401,0.092005438,44.570318871,0,55,55,0,0.068750000,8,0,0,0,0,0,730,15,8436,25596,5267,0,0,217079
315,1517157253.378448009,1517157253.479287386,1,0,0,1,71.379393422,28.934583548,-2.317984786,0.013099173,-0.006722022,0.192503490,0.981185830,752,446,0.593085106,0.027911682,0.017875492,0.011844650,0.093715423,42.261023283,0.000000000,0.080562204,0.102377841,5.393873113,0.085011671,44.343610886,0,48,44,4,0.063829787,6,0,0,0,0,0,698,6,8449,25644,5273,0,0,217777
316,1517157253.479307890,1517157253.580147266,1,0,0,1,71.597370144,29.040160225,-2.322229518,-0.002325499,-0.008645518,0.180702176,0.983497113,758,406,0.535620053,0.029699425,0.017663384,0.010385444,0.077136758,42.648060592,0.000000000,0.080474583,0.103218109,5.357034295,0.108726234,44.396018528,0,50,48,2,0.065963061,10,0,0,0,0,0,695,13,8461,25694,5283,0,0,218472
317,1517157253.580168009,1517157253.681007385,1,0,0,1,71.824989465,29.133768670,-2.326995178,-0.011377126,-0.010213129,0.142698499,0.989648115,791,445,0.562579014,0.027702910,0.018318361,0.012167974,0.097600820,40.744809192,0.000000000,0.082017565,0.097913564,5.319987049,0.183635097,44.058653151,0,45,45,0,0.056890013,7,0,0,0,0,0,738,8,8463,25739,5290,0,0,219210
318,1517157253.681027889,1517157253.781867266,1,0,0,1,72.063515476,29.201196582,-2.333922809,-0.008978630,-0.009180689,0.099172558,0.994987388,815,448,0.549693252,0.028645728,0.020822661,0.011438759,0.080229895,43.187719787,0.000000000,0.081373884,0.095644022,5.286799939,0.266268264,44.072759640,0,48,44,4,0.058895706,14,0,0,0,0,0,752,15,8472,25787,5304,0,0,219962
319,1517157253.781888008,1517157253.882727385,1,0,0,1,72.305356143,29.245278908,-2.332800397,-0.008256151,-0.004963544,0.088298830,0.996047447,814,424,0.520884521,0.026940987,0.016762401,0.010777146,0.077090947,42.747073583,0.000000000,0.081468698,0.093552103,5.258762223,0.284818679,43.881353798,0,45,45,0,0.055282555,9,0,0,0,0,0,760,9,8488,25832,5313,0,0,220722
320,1517157253.882747889,1517157253.983587265,1,0,0,1,72.541615268,29.285421424,-2.339338335,0.002267394,-0.005658872,0.090937805,0.995837914,825,445,0.539393939,0.030050662,0.017801598,0.011864902,0.089359730,42.507990193,0.000000000,0.082340450,0.091238030,4.927401727,0.285248596,43.770831979,0,50,49,1,0.060606061,18,0,0,0,0,0,753,22,8497,25882,5331,0,0,221475
321,1517157253.983608007,1517157254.084385395,1,0,0,1,72.790701399,29.337981746,-2.352138407,0.007735904,-0.005073146,0.099111980,0.995033283,796,435,0.546482412,0.032611185,0.018282430,0.011390257,0.109307021,41.279558760,0.000000000,0.083509965,0.096062363,4.892886520,0.300585455,43.777909469,0,54,54,0,0.067839196,12,0,0,0,0,0,728,14,8511,25936,5343,0,0,222203
322,1517157254.084407091,1517157254.185245275,1,0,0,1,73.034824335,29.386007139,-2.360313144,0.009221004,-0.006454697,0.110621628,0.993798856,788,430,0.545685279,0.026950167,0.016958002,0.011086508,0.102380502,40.059333784,0.000000000,0.084370658,0.095755941,4.854236639,0.322412198,43.762315764,0,50,48,2,0.063451777,11,0,0,0,0,0,727,11,8526,25986,5354,0,0,222930
323,1517157254.185266972,1517157254.286106348,1,0,0,1,73.288239577,29.448308890,-2.370206568,0.013073623,-0.004358853,0.127906170,0.991690523,762,410,0.538057743,0.032616287,0.018267385,0.012049703,0.124465658,37.654649988,0.000000000,0.086692646,0.096486711,4.851291627,0.354449669,43.448655220,0,50,49,1,0.065616798,19,0,0,0,0,0,692,20,8541,26036,5373,0,0,223622
324,1517157254.286127090,1517157254.386966228,1,0,0,1,73.538505542,29.535382709,-2.385513135,0.014560850,-0.002448796,0.147765969,0.988912131,809,424,0.524103832,0.034497589,0.019062401,0.012557342,0.098632870,41.508840236,0.000000000,0.087763668,0.095736845,4.851450871,0.385009823,43.302396882,0,54,46,8,0.066749073,23,0,0,0,0,0,731,24,8561,26090,5396,0,0,224353
325,1517157254.386986971,1517157254.487826347,1,0,0,1,73.773403986,29.616879366,-2.387696892,0.016266599,-0.003955751,0.158924306,0.987148831,811,442,0.545006165,0.032790337,0.019917980,0.012860503,0.106893464,42.708563197,0.000000000,0.089543641,0.085502817,4.840819568,0.401129296,42.916803305,0,73,72,1,0.090012330,10,0,0,0,0,0,727,11,8580,26163,5406,0,0,225080
326,1517157254.487847090,1517157254.588686228,1,0,0,1,74.015751171,29.706776399,-2.393270791,0.017298885,-0.004267872,0.170373799,0.985218403,796,418,0.525125628,0.033916759,0.020572785,0.013674812,0.108916187,39.898652162,0.000000000,0.090685664,0.092595987,4.832001497,0.416387316,42.650784514,0,59,57,2,0.074120603,15,0,0,0,0,0,722,15,8598,26222,5421,0,0,225802
327,1517157254.588706970,1517157254.689546347,1,0,0,1,74.258563998,29.805407811,-2.394351779,0.026038325,-0.002553943,0.186417340,0.982122222,794,441,0.555415617,0.033757586,0.019931955,0.012526450,0.099428519,43.999119532,0.000000000,0.091564336,0.096312820,4.831679741,0.447644820,42.619864269,0,70,69,1,0.088161209,11,0,0,0,0,0,713,11,8617,26292,5432,0,0,226515
328,1517157254.689567089,1517157254.790406227,1,0,0,1,74.487219528,29.899941990,-2.401852053,0.038864321,0.002067481,0.217826729,0.975211160,805,424,0.526708075,0.032040222,0.021051768,0.012991956,0.097550578,46.073893731,0.000000000,0.091443617,0.095582721,4.812592298,0.497909011,42.936107206,0,86,86,0,0.106832298,9,0,0,0,0,0,709,10,8641,26378,5441,0,0,227224
329,1517157254.790426970,1517157254.891266346,1,0,0,1,74.699953183,30.013599260,-2.409355102,0.052702918,0.017472212,0.275794324,0.959611700,863,475,0.550405562,0.027273630,0.014071977,0.009464483,0.118575960,39.209485574,0.000000000,0.093901244,0.096794024,4.784520707,0.611324902,42.481190633,0,83,78,5,0.096176130,14,0,0,0,0,0,762,18,8682,26461,5455,0,0,227986
330,1517157254.891287088,1517157254.992126226,1,0,0,1,74.883692638,30.157115022,-2.432143843,0.053767259,0.020668973,0.337450051,0.939579341,889,475,0.534308211,0.028763390,0.016709584,0.011238523,0.099646813,40.426751786,0.000000000,0.094157842,0.096408021,4.754959728,0.728262992,42.634739685,0,107,101,6,0.120359955,19,0,0,0,0,0,759,23,8711,26568,5474,0,0,228745
331,1517157255.092945099,1517157255.193784237,1,0,0,1,75.217876183,30.489190439,-2.441546643,0.003709843,0.003503098,0.298117611,0.954515508,774,387,0.500000000,0.041157356,0.023338915,0.014308667,0.080397605,45.336940468,0.000000000,0.093898707,0.115982426,4.962312728,0.811745210,42.866886835,0,71,67,4,0.091731266,11,0,0,0,0,0,686,17,8737,26639,5485,0,0,229431
332,1517157255.193804979,1517157255.294644356,1,0,0,1,75.393287218,30.626087573,-2.447602824,-0.027511134,0.007946184,0.233854128,0.971849907,783,432,0.551724138,0.031576694,0.017788651,0.010636717,0.099207181,42.778941751,0.000000000,0.095412030,0.113126224,4.936520630,0.944117749,42.505577102,0,62,62,0,0.079182631,11,0,0,0,0,0,706,15,8753,26701,5496,0,0,230137
333,1517157255.294665098,1517157255.395504236,1,0,0,1,75.585688868,30.722407491,-2.450337918,-0.046406507,0.019726591,0.165441152,0.984929705,766,415,0.541775457,0.030633618,0.019761924,0.012804456,0.088421514,41.968422764,0.000000000,0.096314891,0.109927235,4.912799836,1.084353402,42.085544350,0,67,65,2,0.087467363,9,0,0,0,0,0,685,14,8771,26768,5505,0,0,230822
334,1517157255.395524979,1517157255.496364355,1,0,0,1,75.762692510,30.768467412,-2.464813541,-0.049470292,0.017478264,0.087118160,0.994815373,775,437,0.563870968,0.026833066,0.017422407,0.012081121,0.066742532,47.734202159,0.000000000,0.095784999,0.112049832,4.837162761,1.240323823,42.236701626,0,46,46,0,0.059354839,12,0,0,0,0,0,713,16,8780,26814,5517,0,0,231535
335,1517157255.496385098,1517157255.597224236,1,0,0,1,75.945550120,30.775760972,-2.461676123,-0.044213317,0.020538276,0.017068461,0.998665124,816,436,0.534313725,0.029270394,0.016295956,0.009622281,0.070741433,47.827300191,0.000000000,0.094636299,0.110353572,4.777956613,1.356855749,42.515015471,0,72,70,2,0.088235294,15,0,0,0,0,0,726,18,8794,26886,5532,0,0,232261
336,1517157255.597244978,1517157255.698084354,1,0,0,1,76.093962482,30.748980406,-2.457195625,-0.040931913,0.018810114,-0.028584447,0.998575830,889,511,0.574803150,0.028983961,0.017085992,0.011303769,0.103723681,36.397909621,0.000000000,0.095965645,0.110999750,4.682670242,1.371009771,42.202507923,0,107,104,3,0.120359955,22,0,0,0,0,0,754,28,8825,26993,5554,0,0,233015
337,1517157255.698105097,1517157255.798944235,1,0,0,1,76.253261891,30.722038717,-2.468388630,-0.018652334,0.010757001,-0.051518292,0.998439904,956,544,0.569037657,0.028499920,0.015612682,0.009715821,0.131573503,37.502323542,0.000000000,0.097664280,0.109808398,4.596649017,1.328020152,42.040383640,0,116,115,1,0.121338912,17,0,0,0,0,0,815,25,8857,27109,5571,0,0,233830
338,1517157255.798964977,1517157255.899804354,1,0,0,1,76.397719855,30.685724748,-2.478472502,-0.002652101,0.003618857,-0.051603792,0.998657558,862,478,0.554524362,0.029494248,0.016932517,0.011848068,0.103982463,37.882928733,0.000000000,0.098851908,0.108910563,4.500114297,1.306286133,41.775144088,0,98,95,3,0.113689095,17,0,0,0,0,0,743,21,8889,27207,5588,0,0,234573
339,1517157255.899825096,1517157256.000664234,1,0,0,1,76.551144292,30.665675942,-2.487670063,0.001106553,-0.003415209,-0.044868738,0.998986440,884,486,0.549773756,0.027887369,0.017991879,0.011912359,0.082522890,44.112151060,0.000000000,0.099123505,0.107126132,4.415381945,1.314582637,41.843397962,0,112,109,3,0.126696833,16,0,0,0,0,0,754,18,8924,27319,5604,0,0,235327
340,1517157256.000623941,1517157256.101463318,1,0,0,1,76.706984860,30.654527676,-2.506208899,0.008935693,-0.002619737,-0.026164149,0.999614289,876,471,0.537671233,0.029363954,0.015824746,0.010366684,0.111363137,37.129841588,0.000000000,0.100223676,0.107663992,4.317824014,1.335615285,41.574490531,0,67,66,1,0.076484018,18,0,0,0,0,0,789,20,8949,27386,5622,0,0,236116
341,1517157256.101485014,1517157256.202323198,1,0,0,1,76.872448186,30.657305903,-2.510515775,0.012489280,0.000997455,-0.009849702,0.999872995,874,462,0.528604119,0.027789531,0.019188665,0.012842468,0.084760488,43.510933911,0.000000000,0.098996349,0.109972313,4.234430415,1.345210815,41.686059289,0,106,104,2,0.121281465,12,0,0,0,0,0,752,16,8967,27492,5634,0,0,236868
342,1517157256.202344894,1517157256.303184271,1,0,0,1,77.030410197,30.659686895,-2.511587050,0.011197731,0.001470905,-0.002052991,0.999934114,868,455,0.524193548,0.026833801,0.015062531,0.009989418,0.095516642,39.064597182,0.000000000,0.098653156,0.110206793,4.131265245,1.326006003,41.636322459,0,78,72,6,0.089861751,9,0,0,0,0,0,778,12,8989,27570,5643,0,0,237646
343,1517157256.303205013,1517157256.404044390,1,0,0,1,77.193937831,30.669329243,-2.520178007,0.015898405,-0.000319006,0.018817312,0.999696478,813,427,0.525215252,0.024889794,0.015357839,0.009783165,0.139421056,35.287489683,0.000000000,0.099400926,0.118029541,4.029879358,1.327569226,41.517964444,0,73,66,7,0.089790898,7,0,0,0,0,0,731,9,9024,27643,5650,0,0,238377
344,1517157256.404064894,1517157256.504904270,1,0,0,1,77.347264960,30.684755665,-2.530634314,0.022133377,0.000695978,0.054842546,0.998249430,869,464,0.533947066,0.028368483,0.017688232,0.010772115,0.129629533,36.104810379,0.000000000,0.100950759,0.115542208,3.935691082,1.377166832,41.247762951,0,90,86,4,0.103567319,10,0,0,0,0,0,769,10,9052,27733,5660,0,0,239146
345,1517157256.504925013,1517157256.605764389,1,0,0,1,77.486488872,30.717802361,-2.536868197,0.028174232,0.002656917,0.084046456,0.996059911,879,463,0.526734926,0.033911653,0.020897993,0.014889783,0.134628363,33.365693351,0.000000000,0.102337504,0.117097310,3.820375598,1.412604913,40.780619458,0,93,90,3,0.105802048,15,0,0,0,0,0,771,15,9081,27826,5675,0,0,239917
346,1517157256.605784893,1517157256.706624269,1,0,0,1,77.632102890,30.761480628,-2.541169097,0.033239513,0.004470348,0.101850465,0.994234194,885,470,0.531073446,0.026677596,0.016778899,0.009921684,0.120679333,37.478790458,0.000000000,0.102925661,0.117075724,3.710377418,1.415921910,40.659626373,0,86,86,0,0.097175141,9,0,0,0,0,0,788,11,9103,27912,5684,0,0,240705
347,1517157256.706645012,1517157256.807484388,1,0,0,1,77.766127159,30.799018811,-2.547563561,0.033010846,0.003362933,0.117145004,0.992560337,863,470,0.544611819,0.031455137,0.021008077,0.014425929,0.127088534,36.261946135,0.000000000,0.104308662,0.114166639,3.602165662,1.382376273,40.272767703,0,83,81,2,0.096176130,16,0,0,0,0,0,759,21,9128,27995,5700,0,0,241464
348,1517157256.807504892,1517157256.908344269,1,0,0,1,77.902468262,30.842338488,-2.555928596,0.032372813,0.003695391,0.120252125,0.992208532,876,463,0.528538813,0.029116050,0.018525267,0.011520182,0.114170427,36.923138002,0.000000000,0.105139654,0.113155268,3.504158988,1.267704601,39.815229917,0,83,77,6,0.094748858,9,0,0,0,0,0,783,10,9156,28078,5709,0,0,242247
349,1517157256.908365011,1517157257.009143353,1,0,0,1,78.037231162,30.886641861,-2.563006888,0.038012199,0.004017289,0.129767124,0.990807462,912,462,0.506578947,0.029588663,0.019692124,0.012711259,0.165254088,31.700809900,0.000000000,0.107473561,0.111452075,3.411937064,1.157103059,39.439796133,0,99,94,5,0.108552632,14,0,0,0,0,0,798,15,9200,28177,5723,0,0,243045
350,1517157257.009164095,1517157257.110003233,1,0,0,1,78.184952322,30.934740593,-2.573513187,0.049041636,0.008645811,0.167756750,0.984569876,935,464,0.496256684,0.030898724,0.016639645,0.011068904,0.116228969,39.618405030,0.000000000,0.108302669,0.111294257,3.096434036,1.149990264,39.399378796,0,121,110,11,0.129411765,15,0,0,0,0,0,795,19,9264,28298,5738,0,0,243840
351,1517157257.110023975,1517157257.210863352,1,0,0,1,78.347213129,31.000683946,-2.587791981,0.058064217,0.007898597,0.215545734,0.974733910,927,481,0.518878101,0.034256340,0.020577260,0.012875868,0.156329564,31.511609824,0.000000000,0.112099267,0.077981619,3.049573375,1.113232504,38.708112263,0,120,113,7,0.129449838,17,0,0,0,0,0,787,20,9318,28418,5755,0,0,244627
352,1517157257.210884094,1517157257.311723232,1,0,0,1,78.504679372,31.089250430,-2.586586891,0.057562721,0.010420419,0.261448749,0.963443044,967,528,0.546018614,0.033673218,0.019327688,0.011613577,0.142729081,30.914830378,0.000000000,0.114275362,0.082622680,3.015059580,1.066880685,38.114906695,0,125,119,6,0.129265770,26,0,0,0,0,0,811,31,9363,28543,5781,0,0,245438
353,1517157257.311743975,1517157257.412583351,1,0,0,1,78.647915398,31.183545105,-2.581305740,0.055480905,0.005569537,0.306723453,0.950163972,986,537,0.544624746,0.030478323,0.018285273,0.011023961,0.124079714,32.068560035,0.000000000,0.116058272,0.082520752,3.003158325,1.002805453,37.619913558,0,141,139,2,0.143002028,24,0,0,0,0,0,816,29,9410,28684,5805,0,0,246254
354,1517157257.412604094,1517157257.513443232,1,0,0,1,78.791087917,31.288394193,-2.585781669,0.036723442,-0.008548369,0.317127359,0.947633132,916,499,0.544759825,0.032739465,0.019267063,0.013145702,0.091400964,38.085788256,0.000000000,0.117291193,0.082617166,2.997643874,0.883876737,37.137492863,0,107,100,7,0.116812227,23,0,0,0,0,0,781,28,9463,28791,5828,0,0,247035
355,1517157257.513463974,1517157257.614303350,1,0,0,1,78.918910628,31.402915893,-2.584364309,0.026942813,-0.017285482,0.302911935,0.952480791,885,453,0.511864407,0.030674622,0.022296090,0.012237024,0.142761877,28.427055608,0.000000000,0.120892215,0.082641649,3.018395225,0.822661926,36.167480634,0,127,123,4,0.143502825,19,0,0,0,0,0,736,22,9514,28918,5847,0,0,247771
356,1517157257.614324093,1517157257.715163231,1,0,0,1,79.071090687,31.515500600,-2.584626208,0.028337369,-0.013690864,0.305846406,0.951560576,942,506,0.537154989,0.027932564,0.016739148,0.011376485,0.132026959,30.837436819,0.000000000,0.122307379,0.083712845,3.045745460,0.784049732,35.889456994,0,122,113,9,0.129511677,11,0,0,0,0,0,804,16,9559,29040,5858,0,0,248575
357,1517157257.715183973,1517157257.816023350,1,0,0,1,79.214042563,31.631923375,-2.588884726,0.030889744,-0.013608409,0.306009007,0.951430041,958,514,0.536534447,0.024947404,0.016713595,0.011309860,0.147110498,29.330144611,0.000000000,0.123084229,0.090983307,3.080863746,0.784089868,35.480848047,0,112,107,5,0.116910230,10,0,0,0,0,0,831,15,9601,29152,5868,0,0,249406
358,1517157257.816044092,1517157257.916883230,1,0,0,1,79.366098390,31.750363149,-2.595019410,0.030393726,-0.011804718,0.307019902,0.951144389,933,508,0.544480171,0.026161324,0.015167765,0.010642027,0.147395344,28.275966964,0.000000000,0.125254873,0.094891497,3.118700033,0.772783902,35.000499959,0,101,98,3,0.108252947,18,0,0,0,0,0,809,23,9648,29253,5886,0,0,250215
359,1517157257.916903973,1517157258.017681360,1,0,0,1,79.528096859,31.876429909,-2.603244247,0.031440472,-0.013044639,0.309324015,0.950347299,920,508,0.552173913,0.026446252,0.015036169,0.010603039,0.142882354,29.516700575,0.000000000,0.128272846,0.097027378,3.166801254,0.740160423,34.270727435,0,113,107,6,0.122826087,17,0,0,0,0,0,785,22,9701,29366,5903,0,0,251000
360,1517157258.017703056,1517157258.118541241,1,0,0,1,79.699873678,32.009587513,-2.605952948,0.031590505,-0.015042843,0.309034068,0.950407122,933,482,0.516613076,0.025619190,0.015241979,0.009884790,0.111749106,33.908542316,0.000000000,0.128292145,0.101475932,3.218619010,0.708121077,34.109662471,0,127,116,11,0.136120043,15,0,0,0,0,0,787,19,9757,29493,5918,0,0,251787
361,1517157258.118562937,1517157258.219401360,1,0,0,1,79.885606669,32.135447140,-2.602311774,0.021772928,-0.015283425,0.298208197,0.954130090,897,475,0.529542921,0.030488042,0.018122180,0.011696774,0.230004912,24.906876437,0.000000000,0.135554366,0.100927440,3.285024924,0.714882906,33.179459597,0,113,102,11,0.125975474,13,0,0,0,0,0,767,17,9803,29606,5931,0,0,252554
362,1517157258.219423056,1517157258.320262194,1,0,0,1,80.069847671,32.262451830,-2.607113777,0.015288481,-0.016326681,0.274170781,0.961420867,851,463,0.544065805,0.025817477,0.015229867,0.010260834,0.181221194,26.490666729,0.000000000,0.139839594,0.102801455,3.344813958,0.723164276,32.550763075,0,81,80,1,0.095182139,12,0,0,0,0,0,753,17,9822,29687,5943,0,0,253307
363,1517157258.320282936,1517157258.421122313,1,0,0,1,80.249428515,32.382128081,-2.610864094,0.014255612,-0.018241026,0.252705624,0.967266204,814,429,0.527027027,0.029515451,0.016062697,0.010711465,0.171604618,27.432476537,0.000000000,0.141448772,0.096286752,3.406195729,0.695531684,32.158012417,0,83,82,1,0.101965602,13,0,0,0,0,0,713,18,9842,29770,5956,0,0,254020
364,1517157258.421143055,1517157258.521982193,1,0,0,1,80.444178186,32.498414314,-2.623657181,0.018110188,-0.011896467,0.245370150,0.969187281,812,443,0.545566502,0.026388455,0.014876798,0.010387956,0.143274782,31.278222864,0.000000000,0.142131034,0.098975932,3.490154023,0.652147738,31.916683042,0,78,77,1,0.096059113,11,0,0,0,0,0,717,17,9866,29848,5967,0,0,254737
365,1517157258.522002935,1517157258.622842312,1,0,0,1,80.652755014,32.608904435,-2.631284969,0.016092275,-0.008582173,0.240774163,0.970409804,764,419,0.548429319,0.024269860,0.014629274,0.009647121,0.139804900,30.414034201,0.000000000,0.142389861,0.100672540,3.574227283,0.625656945,31.769100084,0,60,60,0,0.078534031,14,0,0,0,0,0,686,18,9883,29908,5981,0,0,255423
366,1517157258.622863054,1517157258.723702192,1,0,0,1,80.872829792,32.725345318,-2.646499888,0.015606760,-0.014572871,0.231129817,0.972688577,785,435,0.554140127,0.024858323,0.016158868,0.010819584,0.184256496,28.133093337,0.000000000,0.145568719,0.104251324,3.684343649,0.614887037,31.301815228,0,51,50,1,0.064968153,13,0,0,0,0,0,715,19,9899,29959,5994,0,0,256138
367,1517157258.723722935,1517157258.824562311,1,0,0,1,81.091182701,32.833961482,-2.650038112,0.009891508,-0.014665259,0.218077433,0.975771142,766,426,0.556135770,0.024636848,0.015613720,0.009925258,0.146015865,32.158829789,0.000000000,0.146515086,0.107677946,3.784943229,0.635229499,31.096659411,0,55,53,2,0.071801567,15,0,0,0,0,0,692,19,9909,30014,6009,0,0,256830
368,1517157258.824583054,1517157258.925422192,1,0,0,1,81.329075251,32.947817770,-2.665525928,0.011552329,-0.016339780,0.199512773,0.979690874,769,407,0.529258778,0.026383464,0.014523907,0.009757389,0.146738928,30.057518715,0.000000000,0.148143511,0.109152039,3.907097579,0.654082174,30.753378446,0,72,72,0,0.093628088,10,0,0,0,0,0,681,16,9923,30086,6019,0,0,257511
369,1517157258.925442934,1517157259.026221275,1,0,0,1,81.548775540,33.046912371,-2.679902726,0.007396430,-0.015468564,0.183714321,0.982830130,765,395,0.516339869,0.026578291,0.015932434,0.010014939,0.125242014,32.607939848,0.000000000,0.146142907,0.109960842,3.992831045,0.608982066,30.798734944,0,62,62,0,0.081045752,8,0,0,0,0,0,689,14,9933,30148,6027,0,0,258200
370,1517157259.026242018,1517157259.127081394,1,0,0,1,81.790956001,33.140740520,-2.689857588,0.010448572,-0.006944786,0.168634075,0.985598877,752,419,0.557180851,0.025567834,0.014900937,0.010437965,0.120699459,36.441963175,0.000000000,0.146366431,0.110304322,4.077013100,0.542521485,30.639912851,0,83,82,1,0.110372340,14,0,0,0,0,0,651,18,9951,30231,6041,0,0,258851
371,1517157259.227962017,1517157259.328801394,1,0,0,1,82.292088628,33.319634925,-2.709080091,0.015387178,-0.013899954,0.168578706,0.985470063,772,413,0.534974093,0.022764701,0.013563731,0.009689719,0.112583732,34.937648486,0.000000000,0.144179140,0.106095574,4.428798040,0.448155879,30.811214784,0,61,61,0,0.079015544,9,0,0,0,0,0,697,14,9962,30292,6050,0,0,259548
372,1517157259.328821898,1517157259.429661274,1,0,0,1,82.542073656,33.415471735,-2.713904429,0.017093731,-0.015693091,0.172274645,0.984775598,800,443,0.553750000,0.024961037,0.014751637,0.010235301,0.150633231,29.343881323,0.000000000,0.144574347,0.094457380,4.524998459,0.361744727,30.732667331,0,73,72,1,0.091250000,9,0,0,0,0,0,711,16,9973,30365,6059,0,0,260259
373,1517157259.429682016,1517157259.530521393,1,0,0,1,82.795346756,33.514982859,-2.721588790,0.015596693,-0.014987425,0.173761177,0.984550239,800,429,0.536250000,0.023754511,0.014970726,0.009375475,0.133252184,30.962009586,0.000000000,0.145032971,0.093517353,4.619712280,0.343443663,30.677339809,0,62,62,0,0.077500000,13,0,0,0,0,0,718,20,9980,30427,6072,0,0,260977
374,1517157259.530541897,1517157259.631381273,1,0,0,1,83.056750582,33.618399529,-2.736231586,0.019432497,-0.015448615,0.174276711,0.984383739,796,431,0.541457286,0.024286340,0.014572553,0.009318774,0.117173930,35.115367124,0.000000000,0.146321619,0.079390449,4.729583595,0.314558397,30.528818752,0,57,55,2,0.071608040,7,0,0,0,0,0,726,13,9998,30484,6079,0,0,261703
375,1517157259.631402016,1517157259.732241392,1,0,0,1,83.324244172,33.725306646,-2.750519485,0.014932486,-0.014245270,0.174087441,0.984513919,816,448,0.549019608,0.026439414,0.016878819,0.010590051,0.113414859,34.693340806,0.000000000,0.144854268,0.069200861,4.828704480,0.308599483,30.842133012,0,77,76,1,0.094362745,11,0,0,0,0,0,722,17,10013,30561,6090,0,0,262425
376,1517157259.732261896,1517157259.833101273,1,0,0,1,83.586524579,33.823803290,-2.764223411,0.021262822,-0.015457006,0.174257428,0.984349187,816,448,0.549019608,0.026619270,0.015853076,0.010918114,0.101292965,35.489821479,0.000000000,0.143317569,0.067334516,4.924793150,0.308460047,31.074752245,0,58,58,0,0.071078431,11,0,0,0,0,0,742,16,10026,30619,6101,0,0,263167
377,1517157259.833122015,1517157259.933961391,1,0,0,1,83.843541896,33.926317176,-2.775582520,0.022913014,-0.016326006,0.176300415,0.983934256,810,432,0.533333333,0.025208853,0.014521818,0.010250541,0.102927257,35.269072585,0.000000000,0.141108406,0.067080839,5.008895380,0.310337252,31.371698644,0,65,65,0,0.080246914,11,0,0,0,0,0,731,14,10047,30684,6112,0,0,263898
378,1517157259.933981895,1517157260.034759283,1,0,0,1,84.123898893,34.036472936,-2.783503189,0.022911640,-0.014246703,0.178630307,0.983546289,822,451,0.548661800,0.028240101,0.015379544,0.010981600,0.120837886,32.848035969,0.000000000,0.139780534,0.069775669,5.104784837,0.310356029,31.600302094,0,85,79,6,0.103406326,17,0,0,0,0,0,713,24,10072,30769,6129,0,0,264611
379,1517157260.034780979,1517157260.135619402,1,0,0,1,84.413137717,34.153940463,-2.789854252,0.020426421,-0.012557628,0.179711064,0.983427171,847,455,0.537190083,0.021387301,0.012618832,0.008956028,0.157878725,28.171229595,0.000000000,0.140530352,0.080129154,5.199671180,0.312012008,31.533028545,0,93,92,1,0.109799292,12,0,0,0,0,0,736,18,10109,30862,6141,0,0,265347
380,1517157260.135641098,1517157260.236480236,1,0,0,1,84.714630838,34.276364040,-2.805583458,0.023084541,-0.014515597,0.180062884,0.983277051,866,481,0.555427252,0.027574377,0.014164951,0.008844224,0.241796019,23.814123515,0.000000000,0.147032698,0.081391414,5.301062346,0.290226685,31.028307605,0,94,94,0,0.108545035,20,0,0,0,0,0,749,23,10137,30956,6161,0,0,266096
381,1517157260.236500978,1517157260.337340355,1,0,0,1,85.000584562,34.388332658,-2.811605832,0.019700472,-0.017188565,0.182345620,0.982886830,925,520,0.562162162,0.029289021,0.015522571,0.011240590,0.222901496,26.069610611,0.000000000,0.146677527,0.076857236,5.384389214,0.244958902,31.086444314,0,130,113,17,0.140540541,33,0,0,0,0,0,755,40,10201,31086,6194,0,0,266851
382,1517157260.337361097,1517157260.438200235,1,0,0,1,85.293472414,34.506449260,-2.822898337,0.019426540,-0.017220677,0.182571238,0.982849836,961,563,0.585848075,0.029223694,0.015312068,0.011516912,0.248402294,24.133335987,0.000000000,0.150036582,0.081836733,5.484561933,0.200938620,30.968577777,0,169,168,1,0.175858481,25,0,0,0,0,0,761,31,10251,31255,6219,0,0,267612
383,1517157260.438220978,1517157260.539060354,1,0,0,1,85.589598087,34.633283539,-2.835169800,0.018845021,-0.014137956,0.184252237,0.982596609,987,603,0.610942249,0.026435125,0.013617667,0.008925523,0.182008617,27.650780546,0.000000000,0.150556782,0.076000064,5.579754260,0.189191550,30.979492977,0,164,157,7,0.166160081,23,0,0,0,0,0,795,28,10310,31419,6242,0,0,268407
384,1517157260.539081097,1517157260.639920235,1,0,0,1,85.887698568,34.760420167,-2.842796910,0.022507994,-0.015251295,0.183961746,0.982557308,937,550,0.586979723,0.025019155,0.014450696,0.010102671,0.067434584,43.257260949,0.000000000,0.146764772,0.076209955,5.667765769,0.180559291,31.578444881,0,130,128,2,0.138740662,15,0,0,0,0,0,787,20,10344,31549,6257,0,0,269194
385,1517157260.639940977,1517157260.740780354,1,0,0,1,86.175162357,34.881423553,-2.849486023,0.026344827,-0.013514432,0.185323772,0.982231342,912,549,0.601973684,0.031626254,0.019010028,0.012869366,0.088257285,36.985558150,0.000000000,0.144187391,0.088944938,5.730285355,0.163334646,31.907021079,0,94,92,2,0.103070175,26,0,0,0,0,0,785,33,10374,31643,6283,0,0,269979
386,1517157260.740801096,1517157260.841640234,1,0,0,1,86.474634283,35.007858535,-2.859177452,0.022467676,-0.016300816,0.186206677,0.982118404,903,506,0.560354374,0.031865474,0.016287671,0.010760765,0.083680372,36.938851445,0.000000000,0.139158585,0.099293858,5.811596258,0.138572592,32.347308984,0,81,80,1,0.089700997,28,0,0,0,0,0,787,35,10397,31724,6311,0,0,270766
387,1517157260.841660976,1517157260.942500353,1,0,0,1,86.818757324,35.151850208,-2.872021215,0.018092472,-0.012186545,0.188153799,0.981897295,875,482,0.550857143,0.031646579,0.019107941,0.012170034,0.120886539,32.100224765,0.000000000,0.137902119,0.105568106,5.920661863,0.104737859,32.344378733,0,95,94,1,0.108571429,19,0,0,0,0,0,754,26,10424,31819,6330,0,0,271520
388,1517157260.942521095,1517157261.043298244,1,0,0,1,87.171592601,35.297546116,-2.883875092,0.017697334,-0.015292340,0.189200033,0.981659970,856,478,0.558411215,0.030289954,0.018233819,0.012479302,0.155569836,29.032789070,0.000000000,0.138343664,0.108575492,6.061135949,0.074754802,32.293142251,0,103,101,2,0.120327103,19,0,0,0,0,0,730,23,10449,31922,6349,0,0,272250
389,1517157261.043318987,1517157261.144158363,1,0,0,1,87.511198108,35.437936672,-2.895746285,0.019720533,-0.015823244,0.189741046,0.981508564,830,482,0.580722892,0.028035618,0.017345065,0.011638582,0.126614113,32.911367419,0.000000000,0.138412269,0.108588051,6.168895550,0.045097612,32.308313629,0,74,72,2,0.089156627,12,0,0,0,0,0,739,17,10473,31996,6361,0,0,272989
390,1517157261.144179106,1517157261.245018244,1,0,0,1,87.848263446,35.579360906,-2.905654398,0.012299402,-0.013241988,0.192044206,0.981219852,803,449,0.559153176,0.027949669,0.018223053,0.011267870,0.074053133,43.615699507,0.000000000,0.136079953,0.107642682,6.002108701,0.049742308,32.667000446,0,67,65,2,0.083437111,10,0,0,0,0,0,720,16,10482,32063,6371,0,0,273709
391,1517157261.345899105,1517157261.446738243,1,0,0,1,88.516422221,35.877559722,-2.927359912,0.020970518,-0.014293404,0.193112535,0.980848350,823,439,0.533414338,0.025884623,0.013911283,0.008975469,0.075293803,47.342889344,0.000000000,0.134215456,0.101224078,6.466343214,0.044211133,33.287262489,0,88,86,2,0.106925881,10,0,0,0,0,0,715,20,10504,32151,6381,0,0,274424
392,1517157261.446758986,1517157261.547598362,1,0,0,1,88.851622842,36.026111219,-2.944576557,0.018788304,-0.012086681,0.193202127,0.980904608,793,430,0.542244641,0.022637906,0.013259479,0.009368961,0.072609401,42.387769736,0.000000000,0.130314265,0.106832771,6.561160827,0.041429072,33.939456909,0,65,65,0,0.081967213,13,0,0,0,0,0,710,18,10523,32216,6394,0,0,275134
393,1517157261.547619104,1517157261.648458242,1,0,0,1,89.184879512,36.169746432,-2.959258360,0.020447269,-0.010597478,0.195038760,0.980525107,799,430,0.538172716,0.023642405,0.014708326,0.010656694,0.066951211,44.534016504,0.000000000,0.126999216,0.107101157,6.642851909,0.044254653,34.618057255,0,70,69,1,0.087609512,13,0,0,0,0,0,710,19,10543,32286,6407,0,0,275844
394,1517157261.648478985,1517157261.749318361,1,0,0,1,89.501872759,36.311164652,-2.972472612,0.020126145,-0.005078647,0.196823835,0.980219120,791,457,0.577749684,0.033328011,0.019526315,0.011853152,0.078511521,44.071333571,0.000000000,0.125066096,0.113034993,6.701791158,0.047846045,35.065855578,0,60,58,2,0.075853350,22,0,0,0,0,0,702,29,10565,32346,6429,0,0,276546
395,1517157261.749339104,1517157261.850178242,1,0,0,1,89.824784607,36.445771699,-2.982406331,0.017522191,-0.006170141,0.197792529,0.980067864,807,456,0.565055762,0.029093993,0.017694400,0.012185502,0.087707322,41.357648390,0.000000000,0.123780719,0.112621746,6.771276318,0.049728818,35.399070957,0,63,61,2,0.078066914,16,0,0,0,0,0,722,22,10585,32409,6445,0,0,277268
396,1517157261.850198984,1517157261.951038361,1,0,0,1,90.144335020,36.591811383,-2.994076964,0.017083030,-0.002018285,0.197803605,0.980090726,798,457,0.572681704,0.028311713,0.018185049,0.011354241,0.086571070,44.712369211,0.000000000,0.123044624,0.111961105,6.845869992,0.045801197,35.860198343,0,78,77,1,0.097744361,17,0,0,0,0,0,696,24,10598,32487,6462,0,0,277964
397,1517157261.951059103,1517157262.051836252,1,0,0,1,90.455062244,36.731353315,-3.009352790,0.015631286,-0.002215196,0.199091474,0.979853734,830,433,0.521686747,0.022888808,0.011385852,0.008444694,0.073318485,46.469989081,0.000000000,0.121564186,0.117328826,6.885508845,0.043645613,36.420244168,0,80,79,1,0.096385542,16,0,0,0,0,0,728,22,10613,32567,6478,0,0,278692
398,1517157262.051857948,1517157262.152696371,1,0,0,1,90.749988316,36.867878971,-3.021979540,0.011829452,0.000657797,0.200200097,0.979683394,819,454,0.554334554,0.031462073,0.021656835,0.010934999,0.101896706,39.296239485,0.000000000,0.120617127,0.120241609,6.898500556,0.043680441,36.742654344,0,99,99,0,0.120879121,10,0,0,0,0,0,704,16,10626,32666,6488,0,0,279396
399,1517157262.152718067,1517157262.253557205,1,0,0,1,91.048337765,36.998906009,-3.037731921,0.012655420,-0.005090610,0.201377135,0.979418795,824,428,0.519417476,0.027209008,0.015664805,0.009646753,0.109850052,36.527699218,0.000000000,0.118215693,0.106895803,6.898953879,0.045385055,37.160477825,0,82,81,1,0.099514563,12,0,0,0,0,0,726,16,10642,32748,6500,0,0,280122
400,1517157262.253577948,1517157262.354417324,1,0,0,1,91.361676632,37.142881766,-3.048094091,0.012921886,-0.003171327,0.201922606,0.979311099,835,458,0.548502994,0.031313647,0.023314759,0.012550850,0.098657272,42.218918689,0.000000000,0.111058756,0.108743558,6.936790524,0.041822798,38.080717584,0,90,85,5,0.107784431,6,0,0,0,0,0,738,7,10664,32838,6506,0,0,280860
401,1517157262.354438066,1517157262.455277205,1,0,0,1,91.667013712,37.280625205,-3.060949819,0.012706276,-0.006729660,0.205309056,0.978591566,814,458,0.562653563,0.026995791,0.014721619,0.010463446,0.097535050,37.764305940,0.000000000,0.104790433,0.109392721,6.955995723,0.048212263,38.665452350,0,58,54,4,0.071253071,14,0,0,0,0,0,740,16,10676,32896,6520,0,0,281600
402,1517157262.455297947,1517157262.556137323,1,0,0,1,91.961669810,37.420542555,-3.071123564,0.016399003,-0.000806454,0.206712813,0.978263888,817,460,0.563035496,0.028773841,0.016650377,0.010243981,0.125314185,36.717004410,0.000000000,0.098636028,0.109281855,6.959964501,0.047665829,39.294635771,0,71,71,0,0.086903305,12,0,0,0,0,0,732,14,10682,32967,6532,0,0,282332
403,1517157262.556158066,1517157262.656997204,1,0,0,1,92.257413058,37.563810031,-3.080633222,0.011014582,-0.002030704,0.208783829,0.977897678,839,469,0.558998808,0.024178827,0.012116938,0.008591957,0.106754336,35.568687564,0.000000000,0.094873314,0.113377903,6.964550452,0.051170859,39.690531122,0,67,67,0,0.079856973,15,0,0,0,0,0,751,21,10694,33034,6547,0,0,283083
404,1517157262.657017946,1517157262.757857323,1,0,0,1,92.550681391,37.705275438,-3.096763075,0.012844440,-0.000844225,0.209318168,0.977762861,856,480,0.560747664,0.022049895,0.013609569,0.009095065,0.085728427,39.346218379,0.000000000,0.095788006,0.121244730,6.978590242,0.049585609,39.494978994,0,65,65,0,0.075934579,12,0,0,0,0,0,773,18,10704,33099,6559,0,0,283856
405,1517157262.757878065,1517157262.858717203,1,0,0,1,92.833960677,37.844682344,-3.105851218,0.009939412,-0.002765997,0.208941100,0.977873803,847,493,0.582054309,0.030966164,0.018978094,0.011955226,0.099765686,38.115336528,0.000000000,0.096363426,0.120213181,6.969232204,0.048511926,39.551467913,0,44,41,3,0.051948052,12,0,0,0,0,0,783,20,10716,33143,6571,0,0,284639
406,1517157262.858737946,1517157262.959577322,1,0,0,1,93.110584582,37.975567409,-3.120329932,0.014735254,-0.000722706,0.210814796,0.977414688,876,487,0.555936073,0.026987408,0.016013467,0.011384162,0.091512214,39.553868640,0.000000000,0.096755018,0.116937383,6.902345234,0.048144511,39.682218773,0,73,71,2,0.083333333,19,0,0,0,0,0,777,26,10731,33216,6590,0,0,285416
407,1517157262.959598064,1517157263.060377359,1,0,0,1,93.383326267,38.112377338,-3.124705243,-0.001009125,-0.005861121,0.197055003,0.980374395,895,509,0.568715084,0.032845122,0.018730335,0.014518544,0.105600455,34.572797067,0.000000000,0.095990714,0.119671854,6.825590759,0.074073753,39.805847388,0,74,73,1,0.082681564,19,0,0,0,0,0,800,21,10748,33290,6609,0,0,286216
408,1517157263.060398102,1517157263.161237240,1,0,0,1,93.656513699,38.236276758,-3.131490290,-0.013344685,-0.001773519,0.150861975,0.988463170,846,476,0.562647754,0.023903991,0.012861115,0.009125139,0.080307384,40.101305635,0.000000000,0.092227591,0.122756497,6.757966713,0.166888621,40.359273216,0,58,56,2,0.068557920,14,0,0,0,0,0,769,19,10768,33348,6623,0,0,286985
409,1517157263.161257982,1517157263.262097359,1,0,0,1,93.954482484,38.331513119,-3.143522503,-0.023270008,0.000479097,0.098055089,0.994908778,890,494,0.555056180,0.030192382,0.019925278,0.012973004,0.099712439,36.760939848,0.000000000,0.090882508,0.124166008,6.705349896,0.268466549,40.551751837,0,45,44,1,0.050561798,15,0,0,0,0,0,822,23,10781,33393,6638,0,0,287807
410,1517157263.262118101,1517157263.362957239,1,0,0,1,94.246237677,38.406265480,-3.153965053,-0.024970526,0.001507065,0.081594809,0.996351589,885,483,0.545762712,0.033182259,0.021779897,0.012084947,0.107754339,36.690025416,0.000000000,0.092567568,0.130750973,6.274706266,0.299682405,40.205468133,0,67,61,6,0.075706215,12,0,0,0,0,0,805,13,10799,33460,6650,0,0,288612
411,1517157263.362977982,1517157263.463817358,1,0,0,1,94.535722576,38.453312481,-3.168762302,-0.006080157,0.004746441,0.088055504,0.996085705,873,495,0.567010309,0.028124147,0.017664736,0.011094919,0.105583277,35.958571421,0.000000000,0.094082042,0.129290913,6.201315448,0.312420969,39.636252237,0,56,55,1,0.064146621,19,0,0,0,0,0,798,19,10811,33516,6669,0,0,289410
412,1517157263.463838100,1517157263.564677238,1,0,0,1,94.817887985,38.509175641,-3.182427054,0.008098888,0.005914205,0.114587123,0.993362583,845,485,0.573964497,0.030760135,0.017721005,0.011218723,0.130245988,32.870186669,0.000000000,0.096963871,0.121707518,6.126092466,0.362179312,39.160373083,0,60,58,2,0.071005917,26,0,0,0,0,0,757,28,10818,33576,6695,0,0,290167
413,1517157263.564697981,1517157263.665537357,1,0,0,1,95.079458252,38.578285260,-3.186555085,0.012960543,0.000633246,0.131459926,0.991236557,854,474,0.555035129,0.044258002,0.021417315,0.012789056,0.099131792,41.474783194,0.000000000,0.098572900,0.161434558,6.049310720,0.392275928,39.007411418,0,42,40,2,0.049180328,30,0,0,0,0,0,780,32,10832,33618,6725,0,0,290947
414,1517157263.665558100,1517157263.766397238,1,0,0,1,95.350109197,38.654919524,-3.189635623,0.013124912,0.001479798,0.139734796,0.990100870,864,461,0.533564815,0.025452017,0.015768972,0.010058065,0.088350367,40.077668963,0.000000000,0.099064842,0.162923653,5.980633373,0.407009638,38.807728187,0,60,60,0,0.069444444,16,0,0,0,0,0,788,16,10853,33678,6741,0,0,291735
415,1517157263.867278099,1517157263.968117237,1,0,0,1,95.885643273,38.826441270,-3.208438697,0.018311012,0.004608165,0.149583181,0.988568836,833,459,0.551020408,0.028480852,0.017043261,0.010212494,0.107229398,35.949119011,0.000000000,0.100040946,0.163128909,6.191744768,0.426882072,38.537301718,0,68,68,0,0.081632653,14,0,0,0,0,0,751,14,10869,33746,6755,0,0,292486
416,1517157263.968137980,1517157264.068924189,1,0,0,1,96.151744799,38.922265803,-3.219644115,0.014609544,0.000792442,0.156664372,0.987543522,832,456,0.548076923,0.035072807,0.024334439,0.011493857,0.104492488,37.907313263,0.000000000,0.100937017,0.167507121,6.133831485,0.438444478,38.197048921,0,55,53,2,0.066105769,18,0,0,0,0,0,756,21,10887,33801,6773,0,0,293242
417,1517157264.068945885,1517157264.169784307,1,0,0,1,96.427169433,39.019849700,-3.229099954,0.015713314,0.000998623,0.156602529,0.987536198,843,477,0.565836299,0.034095975,0.022615457,0.011745284,0.110695979,37.552445645,0.000000000,0.102805892,0.160310227,6.100946818,0.436209112,37.751171749,0,55,51,4,0.065243179,9,0,0,0,0,0,777,11,10903,33856,6782,0,0,294019
418,1517157264.169806004,1517157264.270645380,1,0,0,1,96.696397780,39.112830853,-3.242116624,0.016482012,-0.004336039,0.155789128,0.987643301,798,455,0.570175439,0.031467553,0.019219555,0.011576057,0.126378173,32.545109161,0.000000000,0.104029965,0.160311925,6.059842327,0.435735608,37.413615233,0,53,52,1,0.066416040,18,0,0,0,0,0,724,21,10918,33909,6800,0,0,294743
419,1517157264.270665884,1517157264.371505260,1,0,0,1,96.959970077,39.204497312,-3.249923414,0.013518520,-0.003000151,0.156113509,0.987642051,817,454,0.555691554,0.029509680,0.016676487,0.010994887,0.116329880,34.773124303,0.000000000,0.104353956,0.158473999,5.994019687,0.435313896,37.325886487,0,56,53,3,0.068543452,11,0,0,0,0,0,749,12,10943,33965,6811,0,0,295492
420,1517157264.371526003,1517157264.472365379,1,0,0,1,97.236611168,39.303013801,-3.264662696,0.012475662,-0.001421585,0.155960283,0.987683516,819,452,0.551892552,0.030374444,0.018120021,0.011862924,0.115060858,34.721253212,0.000000000,0.105174136,0.158412296,5.952833422,0.428721153,36.951003213,0,57,57,0,0.069597070,17,0,0,0,0,0,744,18,10959,34022,6828,0,0,296236
421,1517157264.573246002,1517157264.674085379,1,0,0,1,97.775148326,39.484966664,-3.288014634,0.010873961,-0.004472066,0.164076079,0.986377614,806,450,0.558312655,0.027774173,0.015035961,0.010929066,0.113633962,32.278690502,0.000000000,0.105979081,0.157512894,6.195410003,0.442166789,36.676722442,0,70,68,2,0.086848635,15,0,0,0,0,0,718,18,10977,34092,6843,0,0,296954
422,1517157264.674105883,1517157264.774945259,1,0,0,1,98.039878571,39.587483594,-3.297683794,0.015153817,-0.005909889,0.181937237,0.983175608,766,414,0.540469974,0.028559223,0.016865646,0.011764161,0.110812900,32.072516737,0.000000000,0.105254017,0.157664564,6.150706274,0.474101137,36.444498058,0,57,57,0,0.074412533,13,0,0,0,0,0,694,15,10993,34149,6856,0,0,297648
423,1517157264.774966002,1517157264.875805378,1,0,0,1,98.297507166,39.699339492,-3.310117405,0.012914535,-0.006921048,0.206237695,0.978392215,769,430,0.559167750,0.028731296,0.017773836,0.011002227,0.122241897,33.020865196,0.000000000,0.106028395,0.150647457,6.105840203,0.522564075,36.317106940,0,58,57,1,0.075422627,15,0,0,0,0,0,694,17,11009,34207,6871,0,0,298342
424,1517157264.875825882,1517157264.976665258,1,0,0,1,98.582186760,39.828607099,-3.322138070,0.014969392,-0.009042313,0.216392678,0.976149764,778,423,0.543701799,0.036051574,0.018145881,0.013100774,0.161530089,26.585222383,0.000000000,0.109818478,0.139849717,6.102870848,0.542487614,35.679057140,0,63,61,2,0.080976864,23,0,0,0,0,0,690,25,11027,34270,6894,0,0,299032
425,1517157264.976686001,1517157265.077454329,1,0,0,1,98.837095463,39.960030068,-3.334829770,0.009588389,-0.008663262,0.216505331,0.976195909,773,435,0.562742561,0.027621671,0.015545920,0.011238287,0.138820202,28.531378406,0.000000000,0.111771204,0.142448237,6.083576974,0.538999778,35.199859234,0,53,50,3,0.068564036,19,0,0,0,0,0,698,22,11038,34323,6913,0,0,299730
426,1517157265.077475071,1517157265.178314209,1,0,0,1,99.081880148,40.082574038,-3.346335051,0.011139540,-0.009207799,0.205182476,0.978617023,782,445,0.569053708,0.030616351,0.017484369,0.011960645,0.162161125,28.407664188,0.000000000,0.115303650,0.138945858,6.052401627,0.534187687,34.642549011,0,52,51,1,0.066496164,22,0,0,0,0,0,705,25,11054,34375,6935,0,0,300435
427,1517157265.178334951,1517157265.279174328,1,0,0,1,99.344451489,40.205069727,-3.360689992,0.013927208,-0.009158498,0.205586429,0.978496998,776,420,0.541237113,0.029198767,0.018165580,0.012385985,0.150905935,30.924919004,0.000000000,0.117568924,0.139411614,6.042448927,0.441117434,34.460155108,0,72,69,3,0.092783505,18,0,0,0,0,0,685,19,11069,34447,6953,0,0,301120
428,1517157265.279195070,1517157265.380034208,1,0,0,1,99.619808544,40.331427559,-3.365180372,0.015330943,-0.011249027,0.207555437,0.978038426,774,416,0.537467700,0.032511517,0.018373856,0.011718369,0.127642621,31.986018702,0.000000000,0.119935685,0.128521383,6.032397498,0.338529810,34.054390761,0,71,70,1,0.091731266,14,0,0,0,0,0,689,14,11090,34518,6967,0,0,301809
429,1517157265.380054951,1517157265.480894327,1,0,0,1,99.887803250,40.461172693,-3.376668501,0.013448504,-0.009332565,0.210627369,0.977429359,758,414,0.546174142,0.029955389,0.019092333,0.012564087,0.136510086,31.752691448,0.000000000,0.121775568,0.128667774,6.029008531,0.311781009,33.803978341,0,55,54,1,0.072559367,14,0,0,0,0,0,686,17,11102,34573,6981,0,0,302495
430,1517157265.480915070,1517157265.581754208,1,0,0,1,100.155448564,40.589356546,-3.389961286,0.012395534,-0.011264308,0.212011333,0.977123667,758,430,0.567282322,0.027297587,0.015327873,0.010142887,0.136781323,31.930833652,0.000000000,0.123226917,0.131565124,6.032407699,0.301579980,33.566018753,0,48,48,0,0.063324538,15,0,0,0,0,0,692,18,11111,34621,6996,0,0,303187
431,1517157265.581774950,1517157265.682614326,1,0,0,1,100.424504327,40.723198174,-3.405076462,0.012714073,-0.013170083,0.212099826,0.977076540,763,429,0.562254260,0.027495101,0.016773161,0.010524215,0.130100419,33.573820340,0.000000000,0.124452774,0.132447022,6.045328256,0.248246917,33.446781199,0,58,58,0,0.076015727,12,0,0,0,0,0,693,12,11125,34679,7008,0,0,303880
432,1517157265.682635069,1517157265.783474207,1,0,0,1,100.701711383,40.857042423,-3.408299596,0.014258479,-0.012913753,0.210248565,0.977458680,762,417,0.547244094,0.028951471,0.017464407,0.010944931,0.112331842,33.508245041,0.000000000,0.123557067,0.133460609,6.082595558,0.218177970,33.478684118,0,55,52,3,0.072178478,9,0,0,0,0,0,698,9,11141,34734,7017,0,0,304578
433,1517157265.783494949,1517157265.884334326,1,0,0,1,100.976734838,40.991169491,-3.412300502,0.015962833,-0.011252050,0.210980071,0.977295241,765,443,0.579084967,0.031918810,0.017577384,0.010499490,0.128825632,34.277624997,0.000000000,0.125041759,0.089453340,6.107300518,0.202923446,33.118826208,0,44,42,2,0.057516340,20,0,0,0,0,0,700,21,11153,34778,7037,0,0,305278
434,1517157265.884355068,1517157265.985194206,1,0,0,1,101.254673091,41.122210171,-3.419062466,0.018301516,-0.014452469,0.211836038,0.977026956,775,441,0.569032258,0.023789616,0.014917655,0.010199134,0.130557816,32.126495372,0.000000000,0.127152131,0.095102599,5.852009907,0.184543164,32.721267528,0,53,53,0,0.068387097,11,0,0,0,0,0,711,11,11166,34831,7048,0,0,305989
435,1517157265.985215902,1517157266.085992336,1,0,0,1,101.533529809,41.257295140,-3.429626519,0.017884571,-0.011932660,0.212553929,0.976912781,772,436,0.564766839,0.027670884,0.014735902,0.009782170,0.136375715,30.787843729,0.000000000,0.128609447,0.096118286,5.878992060,0.171867637,32.463203764,0,70,62,8,0.090673575,17,0,0,0,0,0,685,17,11189,34901,7065,0,0,306674
436,1517157266.086014032,1517157266.186852217,1,0,0,1,101.810194274,41.393320802,-3.447890484,0.023293571,-0.018302307,0.212593352,0.976691610,788,438,0.555837563,0.027797500,0.015673717,0.010860885,0.152860860,30.094596952,0.000000000,0.131027866,0.089812813,5.895474403,0.171974718,32.072567948,0,57,57,0,0.072335025,18,0,0,0,0,0,711,20,11203,34958,7083,0,0,307385
437,1517157266.186873913,1517157266.287713289,1,0,0,1,102.095232639,41.531895280,-3.462200809,0.020670959,-0.010177466,0.214425020,0.976468659,785,428,0.545222930,0.029948865,0.016357798,0.011419449,0.116811430,33.391963094,0.000000000,0.131333638,0.083371691,5.927605902,0.174186751,31.864543821,0,59,58,1,0.075159236,17,0,0,0,0,0,709,17,11218,35017,7100,0,0,308094
438,1517157266.287734032,1517157266.388573408,1,0,0,1,102.386847624,41.673188444,-3.474289207,0.022151650,-0.010193790,0.216191464,0.976046434,780,466,0.597435897,0.027333167,0.013526668,0.009839859,0.155138441,29.052642352,0.000000000,0.132771652,0.083551549,5.972706364,0.177040175,31.689920480,0,56,56,0,0.071794872,12,0,0,0,0,0,712,12,11233,35073,7112,0,0,308806
439,1517157266.388593912,1517157266.489433289,1,0,0,1,102.677482173,41.820805112,-3.487252460,0.020994256,-0.010361527,0.218159121,0.975632348,790,440,0.556962025,0.024661874,0.013838836,0.009665614,0.127582297,31.390692980,0.000000000,0.133334272,0.090709889,6.004909160,0.180833671,31.520798914,0,55,53,2,0.069620253,13,0,0,0,0,0,721,14,11249,35128,7125,0,0,309527
440,1517157266.489454031,1517157266.590293407,1,0,0,1,102.980306787,41.970068674,-3.493385737,0.019852812,-0.016078783,0.217072480,0.975821130,772,455,0.589378238,0.024691850,0.013571674,0.010153379,0.132290883,31.066458762,0.000000000,0.134195774,0.096179979,5.773653678,0.166739158,31.338059192,0,53,53,0,0.068652850,8,0,0,0,0,0,711,8,11261,35181,7133,0,0,310238
441,1517157266.590313911,1517157266.691153288,1,0,0,1,103.278543687,42.112216241,-3.502914533,0.017358706,-0.012901446,0.218586788,0.975577800,785,459,0.584713376,0.026201604,0.014668585,0.010808123,0.111101060,34.020785174,0.000000000,0.134069129,0.098033709,5.820119810,0.133792622,31.425163925,0,64,64,0,0.081528662,12,0,0,0,0,0,709,12,11271,35245,7145,0,0,310947
442,1517157266.691174030,1517157266.792013407,1,0,0,1,103.572453393,42.257102764,-3.513339945,0.020609060,-0.011683192,0.219114151,0.975411584,790,434,0.549367089,0.025917845,0.012761516,0.009280087,0.103417647,33.592187748,0.000000000,0.133699366,0.100536324,5.866828440,0.085232740,31.501147476,0,59,57,2,0.074683544,16,0,0,0,0,0,715,16,11289,35304,7161,0,0,311662
443,1517157266.792033911,1517157266.892873287,1,0,0,1,103.863229525,42.418926730,-3.525061604,0.007397210,-0.009704651,0.208587221,0.977927642,783,427,0.545338442,0.028029971,0.015393730,0.009573893,0.121164733,32.056025580,0.000000000,0.133645508,0.100669169,5.886922553,0.085727938,31.452905495,0,64,64,0,0.081736909,18,0,0,0,0,0,699,20,11308,35368,7179,0,0,312361
444,1517157266.892894030,1517157266.993733406,1,0,0,1,104.158926893,42.557243325,-3.534303405,-0.012619353,-0.006060786,0.161207946,0.986821168,803,489,0.608966376,0.026855008,0.013273461,0.009645165,0.117859775,31.894653768,0.000000000,0.131461992,0.081106908,5.926427452,0.181590173,31.718377064,0,67,67,0,0.083437111,23,0,0,0,0,0,713,23,11316,35435,7202,0,0,313074
445,1517157266.993753910,1517157267.094533205,1,0,0,1,104.459345782,42.663355111,-3.548551199,-0.015674903,-0.006738232,0.120161593,0.992607720,862,490,0.568445476,0.023489778,0.013524183,0.009412814,0.114604494,32.269577820,0.000000000,0.130251207,0.088851520,5.971367008,0.241253424,31.905287035,0,94,91,3,0.109048724,15,0,0,0,0,0,751,17,11332,35529,7217,0,0,313825
446,1517157267.094553947,1517157267.195393324,1,0,0,1,104.778417743,42.748632851,-3.563191037,-0.015156842,-0.001102584,0.096715635,0.995196031,854,494,0.578454333,0.024439226,0.013418321,0.009279583,0.113904297,33.207408157,0.000000000,0.127838365,0.090010195,6.011867978,0.287840101,32.145274234,0,77,77,0,0.090163934,22,0,0,0,0,0,755,22,11351,35606,7239,0,0,314580
447,1517157267.195414066,1517157267.296253204,1,0,0,1,105.104054823,42.820059972,-3.577316265,-0.002774318,-0.009653970,0.099308032,0.995006040,867,517,0.596309112,0.031928507,0.020896827,0.012375056,0.114141885,35.004629262,0.000000000,0.126000163,0.095564922,6.042547457,0.289156527,32.349259746,0,67,67,0,0.077277970,9,0,0,0,0,0,788,12,11365,35673,7248,0,0,315368
448,1517157267.296273947,1517157267.397113323,1,0,0,1,105.433491467,42.891070238,-3.584903171,0.008101580,-0.006835603,0.117148538,0.993057833,834,470,0.563549161,0.025370422,0.013906614,0.010053812,0.130891371,30.630903653,0.000000000,0.126162600,0.088612908,6.081664382,0.318514785,32.281503994,0,85,82,3,0.101918465,25,0,0,0,0,0,722,27,11385,35758,7273,0,0,316090
449,1517157267.397134066,1517157267.497973204,1,0,0,1,105.758722975,42.971322818,-3.598993922,0.021128414,0.003700998,0.139584020,0.989977876,827,471,0.569528416,0.027789053,0.017352890,0.011343418,0.111967215,32.418115302,0.000000000,0.124935457,0.086031288,6.119891954,0.361118385,32.314775187,0,51,50,1,0.061668682,12,0,0,0,0,0,761,15,11397,35809,7285,0,0,316851
450,1517157267.497993946,1517157267.598833323,1,0,0,1,106.068093514,43.065187679,-3.609720008,0.030130357,0.010606903,0.172542264,0.984484039,812,472,0.581280788,0.026150590,0.014029115,0.008632762,0.115085759,31.539767442,0.000000000,0.123850678,0.086510496,6.142479403,0.428111544,32.295221876,0,56,53,3,0.068965517,19,0,0,0,0,0,737,19,11413,35865,7304,0,0,317588
451,1517157267.699713945,1517157267.800553322,1,0,0,1,106.675829956,43.312122545,-3.628980950,0.026992381,0.004149478,0.200611100,0.979290243,823,462,0.561360875,0.027620306,0.014171601,0.009462830,0.131669649,29.712221275,0.000000000,0.123929140,0.086543255,6.490905424,0.480992333,32.102141923,0,60,57,3,0.072904010,23,0,0,0,0,0,739,24,11428,35925,7327,0,0,318327
452,1517157267.800574064,1517157267.901413202,1,0,0,1,106.960569667,43.451690176,-3.626966072,0.018298758,-0.003410050,0.195296261,0.980567640,827,447,0.540507860,0.027281038,0.015383812,0.010427170,0.128642131,34.736331772,0.000000000,0.124744654,0.085300612,6.502004175,0.490615872,32.163546260,0,65,65,0,0.078597340,13,0,0,0,0,0,749,13,11440,35990,7340,0,0,319076
453,1517157267.901433945,1517157268.002210379,1,0,0,1,107.238551478,43.575946108,-3.629579587,0.014498865,-0.003582284,0.180631202,0.983437501,790,447,0.565822785,0.028990221,0.018053941,0.011255764,0.144234501,29.397804918,0.000000000,0.125515098,0.076776093,6.499149247,0.518801407,31.919555256,0,75,73,2,0.094936709,18,0,0,0,0,0,695,20,11451,36065,7358,0,0,319771
454,1517157268.002232075,1517157268.103070259,1,0,0,1,107.522956370,43.685467614,-3.646045695,0.019614263,-0.003003329,0.174832638,0.984398197,783,432,0.551724138,0.028045244,0.016184115,0.010618055,0.142833386,29.609379113,0.000000000,0.126128876,0.072294155,6.494324506,0.529106192,31.793699443,0,60,59,1,0.076628352,14,0,0,0,0,0,707,16,11460,36125,7372,0,0,320478
455,1517157268.103091955,1517157268.203931332,1,0,0,1,107.807108879,43.795851781,-3.654405317,0.016865714,0.000930721,0.180427568,0.983443224,781,445,0.569782330,0.028439175,0.017128174,0.010625259,0.126564919,34.528825596,0.000000000,0.125638337,0.072933269,6.490442753,0.540398638,31.980748536,0,62,60,2,0.079385403,13,0,0,0,0,0,705,14,11473,36187,7385,0,0,321183
456,1517157268.203952074,1517157268.304791212,1,0,0,1,108.085386642,43.908304316,-3.672783997,0.017737030,-0.002249123,0.183287428,0.982896769,792,448,0.565656566,0.025454859,0.012501275,0.008270441,0.141693428,28.995305842,0.000000000,0.125079965,0.074049287,6.473884037,0.542087783,31.925783980,0,61,57,4,0.077020202,18,0,0,0,0,0,711,20,11490,36248,7403,0,0,321894
457,1517157268.304811954,1517157268.405651331,1,0,0,1,108.367292076,44.026453122,-3.686246663,0.021698755,-0.000614930,0.187081601,0.982104506,793,433,0.546027743,0.030471473,0.015478015,0.010304619,0.136489791,29.799935386,0.000000000,0.126063883,0.075547838,6.455576125,0.546250263,31.746182595,0,48,44,4,0.060529634,23,0,0,0,0,0,722,23,11509,36296,7426,0,0,322616
458,1517157268.405672073,1517157268.506511211,1,0,0,1,108.646964638,44.141696543,-3.703677416,0.017685883,-0.003953564,0.188054150,0.981991454,813,471,0.579335793,0.032220455,0.016298223,0.011880236,0.144898402,29.567110166,0.000000000,0.125551881,0.085944137,6.432332175,0.544102171,31.771905986,0,49,48,1,0.060270603,32,0,0,0,0,0,730,34,11524,36345,7458,0,0,323346
459,1517157268.506531954,1517157268.607371330,1,0,0,1,108.928738633,44.260645523,-3.716350739,0.014761073,-0.004130287,0.188258137,0.981999962,830,464,0.559036145,0.028804940,0.015794466,0.011022403,0.147830633,30.674263717,0.000000000,0.126564298,0.083423037,6.400778187,0.542247528,31.736084523,0,67,65,2,0.080722892,20,0,0,0,0,0,743,20,11548,36412,7478,0,0,324089
460,1517157268.607392073,1517157268.708231211,1,0,0,1,109.213366610,44.384320144,-3.726639605,0.015904286,-0.006471500,0.187527944,0.982109181,807,447,0.553903346,0.031141491,0.015306544,0.010553389,0.128094735,32.023955837,0.000000000,0.126354490,0.084193417,6.380767061,0.540568674,31.783959376,0,47,46,1,0.058240397,26,0,0,0,0,0,732,28,11559,36459,7504,0,0,324821
461,1517157268.809112072,1517157268.909951210,1,0,0,1,109.780299049,44.626582716,-3.749963105,0.016944544,-0.003845773,0.189196729,0.981785460,802,435,0.542394015,0.029750020,0.016479272,0.010663224,0.161152786,27.686084040,0.000000000,0.128857077,0.084079264,6.669886372,0.543009696,31.467224320,0,59,56,3,0.073566085,20,0,0,0,0,0,721,22,11572,36518,7524,0,0,325542
462,1517157268.909971952,1517157269.010751247,1,0,0,1,110.056757375,44.745828766,-3.751265809,0.015798752,-0.000849341,0.191236057,0.981416552,817,454,0.555691554,0.035282536,0.017835979,0.011189173,0.132430204,31.896874268,0.000000000,0.130307705,0.098461692,6.637989419,0.526055650,31.382458646,0,66,62,4,0.080783354,18,0,0,0,0,0,732,19,11596,36584,7542,0,0,326274
463,1517157269.010771990,1517157269.111611366,1,0,0,1,110.327519213,44.863158731,-3.767596196,0.017587926,-0.004162949,0.191800084,0.981267580,801,458,0.571785268,0.028451558,0.014478357,0.009888142,0.136448739,31.333280860,0.000000000,0.131071905,0.098349419,6.606952280,0.430882637,31.346321410,0,54,51,3,0.067415730,28,0,0,0,0,0,719,28,11612,36638,7570,0,0,326993
464,1517157269.111632109,1517157269.212471247,1,0,0,1,110.613578601,44.982908100,-3.779877421,0.013583911,-0.001417352,0.194880349,0.980731930,804,445,0.553482587,0.028059835,0.015296148,0.010139806,0.114902395,35.079325016,0.000000000,0.130924036,0.097402173,6.598381397,0.354406013,31.505554972,0,49,46,3,0.060945274,12,0,0,0,0,0,743,12,11626,36687,7582,0,0,327736
465,1517157269.212491989,1517157269.313331366,1,0,0,1,110.893934513,45.104801234,-3.790597050,0.016629065,-0.007003304,0.195575648,0.980522613,807,448,0.555142503,0.030421319,0.017688023,0.011373487,0.123786416,33.221494354,0.000000000,0.131383132,0.088654086,6.573681542,0.308302150,31.553150799,0,57,56,1,0.070631970,22,0,0,0,0,0,727,23,11642,36744,7604,0,0,328463
466,1517157269.313352108,1517157269.414191246,1,0,0,1,111.176624872,45.230533324,-3.800357124,0.019438070,-0.008631654,0.195100535,0.980552618,775,445,0.574193548,0.029900249,0.017624719,0.011208394,0.125382535,32.232746316,0.000000000,0.131957044,0.081042880,6.549548030,0.304091663,31.504417707,0,73,72,1,0.094193548,22,0,0,0,0,0,679,23,11659,36817,7626,0,0,329142
467,1517157269.414211988,1517157269.515051365,1,0,0,1,111.450263226,45.349919317,-3.807421705,0.014683746,-0.007377293,0.195449278,0.980576128,752,422,0.561170213,0.027383643,0.018135854,0.011281097,0.114296151,34.819435930,0.000000000,0.131964757,0.079338012,6.511091399,0.269216985,31.495158040,0,48,47,1,0.063829787,12,0,0,0,0,0,692,12,11669,36865,7638,0,0,329834
468,1517157269.515072107,1517157269.615911245,1,0,0,1,111.717133016,45.467463053,-3.813869217,0.016555894,-0.005655029,0.198228995,0.979999586,769,429,0.557867360,0.026933438,0.014947342,0.009537250,0.126443186,32.215713935,0.000000000,0.131742348,0.075822875,6.467489214,0.229450020,31.574398554,0,50,50,0,0.065019506,21,0,0,0,0,0,696,23,11681,36915,7659,0,0,330530
469,1517157269.615931988,1517157269.716771364,1,0,0,1,111.989517415,45.594573858,-3.822676178,0.018382278,-0.006385855,0.198281344,0.979951948,772,413,0.534974093,0.025520963,0.014978725,0.010426204,0.112327586,34.156683900,0.000000000,0.131760367,0.080001490,6.444727107,0.162354867,31.661326984,0,65,65,0,0.084196891,13,0,0,0,0,0,692,15,11693,36980,7672,0,0,331222
470,1517157269.716792107,1517157269.817631245,1,0,0,1,112.263669506,45.720552669,-3.831096460,0.018459013,-0.007588384,0.199147172,0.979766342,773,420,0.543337646,0.028579295,0.016825608,0.011585650,0.112464445,33.922310204,0.000000000,0.131629301,0.076864289,6.090285591,0.107376671,31.780454122,0,60,60,0,0.077619664,12,0,0,0,0,0,701,12,11706,37040,7684,0,0,331923
471,1517157269.918512106,1517157270.019289255,1,0,0,1,112.826931906,45.972347437,-3.854238786,0.020485364,-0.008929362,0.202010572,0.979128360,772,432,0.559585492,0.032286546,0.018232222,0.012940135,0.131304966,32.436090376,0.000000000,0.131611067,0.079416988,6.390588334,0.102048769,31.916647577,0,74,74,0,0.095854922,16,0,0,0,0,0,682,16,11717,37114,7700,0,0,332605
472,1517157270.019310951,1517157270.120149374,1,0,0,1,113.118466612,46.105732996,-3.867750938,0.022716736,-0.012503472,0.202093436,0.979022909,763,414,0.542595020,0.029895198,0.018234457,0.012662789,0.107027856,35.421280290,0.000000000,0.130530353,0.077804693,6.406972684,0.072241111,31.950895003,0,62,62,0,0.081258191,14,0,0,0,0,0,687,14,11730,37176,7714,0,0,333292
473,1517157270.120171070,1517157270.221010208,1,0,0,1,113.410601923,46.241365126,-3.884222468,0.016802774,-0.007439804,0.204293937,0.978737096,772,444,0.575129534,0.029891234,0.015574079,0.010759986,0.110122065,37.842110492,0.000000000,0.128824731,0.077763713,6.424270646,0.065183440,32.373110282,0,55,55,0,0.071243523,18,0,0,0,0,0,699,18,11744,37231,7732,0,0,333991
474,1517157270.221030951,1517157270.321870327,1,0,0,1,113.694171808,46.374795801,-3.898157902,0.018512432,-0.007209311,0.203805253,0.978809856,792,424,0.535353535,0.032995571,0.018447791,0.013459834,0.145519150,32.917652753,0.000000000,0.128959019,0.080869875,6.433019627,0.054689172,32.538523964,0,55,53,2,0.069444444,15,0,0,0,0,0,721,16,11761,37286,7747,0,0,334712
475,1517157270.321891069,1517157270.422730207,1,0,0,1,113.994433414,46.514233207,-3.904427703,0.017832622,-0.006098431,0.204206639,0.978746369,788,440,0.558375635,0.029751817,0.016968726,0.011545611,0.146249721,32.310573940,0.000000000,0.129943259,0.080197983,6.463435350,0.049840982,32.427611381,0,60,58,2,0.076142132,13,0,0,0,0,0,714,14,11774,37346,7760,0,0,335426
476,1517157270.422750950,1517157270.523590326,1,0,0,1,114.295591531,46.654245195,-3.913602080,0.018565035,-0.008431364,0.205555809,0.978432962,783,434,0.554278416,0.031192047,0.017459781,0.011413873,0.145475350,30.647373994,0.000000000,0.130132356,0.073228446,6.489716590,0.044785664,32.510214789,0,61,61,0,0.077905492,15,0,0,0,0,0,705,17,11787,37407,7775,0,0,336131
477,1517157270.523611069,1517157270.624450207,1,0,0,1,114.590771121,46.789614578,-3.927340186,0.025950277,-0.007602978,0.206926266,0.977982770,774,415,0.536175711,0.033961584,0.018527534,0.012760934,0.130187417,30.594496555,0.000000000,0.129817237,0.078358427,6.511758915,0.045529265,32.549942847,0,65,62,3,0.083979328,17,0,0,0,0,0,692,17,11799,37472,7792,0,0,336823
478,1517157270.624470949,1517157270.725310326,1,0,0,1,114.889193362,46.928263418,-3.937019069,0.021943363,-0.008874831,0.208566232,0.977721767,776,398,0.512886598,0.029325310,0.017133737,0.011072899,0.119962347,34.212086585,0.000000000,0.128570434,0.077241172,6.534845034,0.048487631,32.782191668,0,70,70,0,0.090206186,10,0,0,0,0,0,696,10,11813,37542,7802,0,0,337519
479,1517157270.725331068,1517157270.826170206,1,0,0,1,115.193914582,47.073019830,-3.947456901,0.019802616,-0.009972736,0.208595490,0.977750644,773,399,0.516170763,0.028837931,0.016235155,0.010867171,0.130115410,30.932589046,0.000000000,0.127684673,0.077209449,6.561856403,0.047015503,32.795107935,0,55,53,2,0.071151358,10,0,0,0,0,0,708,10,11829,37597,7812,0,0,338227
480,1517157270.826190948,1517157270.927030325,1,0,0,1,115.492962699,47.216585429,-3.963749661,0.021966907,-0.012505083,0.209241216,0.977537310,781,420,0.537772087,0.033126566,0.018633817,0.012269155,0.129841214,32.699047846,0.000000000,0.127771997,0.079901269,6.277013950,0.044765819,32.828862535,0,77,75,2,0.098591549,16,0,0,0,0,0,688,16,11844,37674,7828,0,0,338915
481,1517157271.027849913,1517157271.128689289,1,0,0,1,116.086969701,47.492099068,-3.995008064,0.031517698,-0.008111339,0.209710680,0.977221711,788,399,0.506345178,0.031166937,0.017808051,0.012312178,0.100856207,38.572847732,0.000000000,0.124757168,0.080050849,6.631469011,0.041355526,33.373200720,0,91,91,0,0.115482234,19,0,0,0,0,0,677,20,11864,37765,7847,0,0,339592
482,1517157271.128710032,1517157271.229549408,1,0,0,1,116.385339090,47.641455206,-4.002578868,0.028528910,-0.001876898,0.217992300,0.975531617,766,415,0.541775457,0.033832489,0.015106178,0.011546301,0.169166804,29.231759085,0.000000000,0.126593998,0.075673080,6.669676883,0.057634638,33.239944961,0,84,83,1,0.109660574,16,0,0,0,0,0,666,16,11880,37849,7863,0,0,340258
483,1517157271.229569912,1517157271.330409288,1,0,0,1,116.661115847,47.777575291,-4.015864292,0.024472452,-0.003059140,0.227821086,0.973390617,818,456,0.557457213,0.033765233,0.017904511,0.012517995,0.202701577,27.783766278,0.000000000,0.129906640,0.078396268,6.667148971,0.071412903,33.062469231,0,110,106,4,0.134474328,30,0,0,0,0,0,678,30,11907,37959,7893,0,0,340936
484,1517157271.330430031,1517157271.431269407,1,0,0,1,116.950971874,47.921568872,-4.026648204,0.025547304,-0.006686942,0.225699613,0.973838952,787,411,0.522236341,0.033411083,0.017488294,0.012755765,0.255057302,23.197650586,0.000000000,0.136914385,0.078661808,6.685084786,0.074679946,32.468385510,0,71,67,4,0.090216010,18,0,0,0,0,0,696,20,11933,38030,7911,0,0,341632
485,1517157271.431289911,1517157271.532129288,1,0,0,1,117.238640150,48.071188257,-4.040388916,0.019305445,-0.006945036,0.223714181,0.974438829,789,412,0.522179975,0.033632685,0.017289202,0.012794852,0.230744232,24.641053399,0.000000000,0.142262276,0.081098963,6.700082968,0.077560867,32.039363462,0,64,64,0,0.081115336,21,0,0,0,0,0,702,23,11951,38094,7932,0,0,342334
486,1517157271.532150030,1517157271.632989407,1,0,0,1,117.529700792,48.210819889,-4.057956228,0.022929827,-0.008380207,0.226440644,0.973718969,817,441,0.539779682,0.032581557,0.018091379,0.011095722,0.260888476,22.879964634,0.000000000,0.149037573,0.081447117,6.724749770,0.082196919,31.571724378,0,88,85,3,0.107711138,20,0,0,0,0,0,708,21,11984,38182,7952,0,0,343042
487,1517157271.633009911,1517157271.733849287,1,0,0,1,117.809292720,48.351192408,-4.079539879,0.005985131,0.002049931,0.207419735,0.978231583,810,427,0.527160494,0.038191571,0.018930484,0.013402379,0.240122545,25.520494713,0.000000000,0.155328893,0.090397546,6.746664340,0.115068146,31.106777317,0,133,126,7,0.164197531,26,0,0,0,0,0,650,27,12033,38315,7978,0,0,343692
488,1517157271.733870029,1517157271.834709406,1,0,0,1,118.098585847,48.472486904,-4.057125270,-0.014179603,0.010963903,0.175190054,0.984371463,845,446,0.527810651,0.035270531,0.017942594,0.012898012,0.223936513,26.338848337,0.000000000,0.160203559,0.086644357,6.760443989,0.180968146,30.812934037,0,116,110,6,0.137278107,23,0,0,0,0,0,705,24,12083,38431,8001,0,0,344397
489,1517157271.834729910,1517157271.935569286,1,0,0,1,118.375672069,48.595151881,-4.084307036,-0.012611786,0.001443627,0.125843081,0.991968940,869,496,0.570771001,0.033535071,0.017090057,0.012584292,0.225285349,24.490310132,0.000000000,0.165851447,0.073289950,6.762855243,0.278867295,30.329615349,0,83,77,6,0.095512083,26,0,0,0,0,0,759,27,12119,38514,8027,0,0,345156
490,1517157271.935590029,1517157272.036367178,1,0,0,1,118.667513416,48.690836419,-4.099767071,-0.001316658,0.002626244,0.129182912,0.991616430,900,466,0.517777778,0.029609803,0.015544435,0.011021600,0.254551488,22.025541012,0.000000000,0.172955799,0.070987278,6.452956427,0.279886148,29.734776889,0,100,100,0,0.111111111,17,0,0,0,0,0,781,19,12133,38614,8044,0,0,345937
491,1517157272.137248993,1517157272.238088369,1,0,0,1,119.248974609,48.866771381,-4.129744548,0.047120640,0.002682516,0.194371487,0.979791904,884,498,0.563348416,0.038057413,0.020969585,0.014889394,0.280744654,22.476879798,0.000000000,0.180427784,0.080151930,6.740306301,0.411853556,29.236816360,0,116,111,5,0.131221719,22,0,0,0,0,0,746,22,12175,38730,8066,0,0,346683
492,1517157272.238109112,1517157272.338948250,1,0,0,1,119.546406057,48.982630044,-4.134528033,0.044500265,0.002007144,0.228392923,0.972549418,906,504,0.556291391,0.033625183,0.022023114,0.013961068,0.252021650,22.219173611,0.000000000,0.187677473,0.077634893,6.737035755,0.476618123,28.576711026,0,109,105,4,0.120309051,24,0,0,0,0,0,773,24,12209,38839,8090,0,0,347456
493,1517157272.338968992,1517157272.439808369,1,0,0,1,119.827281612,49.111759459,-4.145226358,0.042695519,-0.001497672,0.228690741,0.972561255,903,482,0.533776301,0.034371096,0.017638969,0.012994704,0.311080247,21.052186982,0.000000000,0.197725383,0.075030553,6.732654095,0.475959297,27.737214851,0,124,121,3,0.137320044,24,0,0,0,0,0,755,24,12238,38963,8114,0,0,348211
494,1517157272.439829111,1517157272.540668249,1,0,0,1,120.109694418,49.258608145,-4.150155602,0.034887053,-0.003398394,0.226814311,0.973307050,880,493,0.560227273,0.033449499,0.019717708,0.013837009,0.315597174,22.406399725,0.000000000,0.206229284,0.075034213,6.719884685,0.478915015,27.211652199,0,100,97,3,0.113636364,15,0,0,0,0,0,764,16,12268,39063,8129,0,0,348975
495,1517157272.540688992,1517157272.641528368,1,0,0,1,120.386961588,49.402070860,-4.158345370,0.026575824,-0.006087154,0.218269577,0.975507593,849,459,0.540636042,0.027447675,0.017675395,0.011392059,0.255272042,23.690865502,0.000000000,0.211680400,0.081242416,6.699935264,0.493711448,26.780666778,0,94,93,1,0.110718492,8,0,0,0,0,0,746,9,12284,39157,8137,0,0,349721
496,1517157272.641549110,1517157272.742388248,1,0,0,1,120.667806306,49.541299333,-4.168508244,0.015369941,-0.007925562,0.202835951,0.979060022,840,440,0.523809524,0.028901310,0.017589890,0.012566663,0.240905258,25.108604762,0.000000000,0.216451895,0.085122456,6.688531659,0.522450799,26.503728316,0,94,94,0,0.111904762,13,0,0,0,0,0,732,14,12303,39251,8150,0,0,350453
497,1517157272.742408991,1517157272.843248367,1,0,0,1,120.952973162,49.678088458,-4.184521721,0.003718343,-0.012089124,0.170396339,0.985294430,842,429,0.509501188,0.032421748,0.014048842,0.011084083,0.227372060,26.101720033,0.000000000,0.221311127,0.084963797,6.676013630,0.584867381,26.279089490,0,96,96,0,0.114014252,24,0,0,0,0,0,721,25,12333,39347,8174,0,0,351174
498,1517157272.843269110,1517157272.944108248,1,0,0,1,121.246341926,49.810460093,-4.194666506,0.008364376,-0.004079724,0.156702436,0.987602015,795,444,0.558490566,0.028855403,0.014987564,0.010661039,0.267121671,24.267885340,0.000000000,0.228669094,0.085956515,6.660505581,0.612599220,25.781879428,0,77,75,2,0.096855346,19,0,0,0,0,0,697,21,12362,39424,8193,0,0,351871
499,1517157272.944128990,1517157273.044906378,1,0,0,1,121.534056073,49.931172402,-4.214389729,0.039624395,0.002049332,0.204130601,0.978139257,841,453,0.538644471,0.026833989,0.013584898,0.009468867,0.269941457,22.555818344,0.000000000,0.235660396,0.091336386,6.641015449,0.707769646,25.363040893,0,97,97,0,0.115338882,16,0,0,0,0,0,728,16,12392,39521,8209,0,0,352599
500,1517157273.044926882,1517157273.145766258,1,0,0,1,121.832710191,50.063559664,-4.236679935,0.060720961,0.016709633,0.278320487,0.958421337,907,490,0.540242558,0.027552502,0.015323728,0.009945755,0.279486124,22.379611536,0.000000000,0.243142641,0.098084603,6.312919003,0.861059970,24.847069077,0,114,114,0,0.125689085,21,0,0,0,0,0,772,21,12432,39635,8230,0,0,353371
501,1517157273.246646881,1517157273.347486258,1,0,0,1,122.376695162,50.404388540,-4.254079379,0.041737438,0.013471747,0.310686003,0.949500240,923,513,0.555796316,0.028260532,0.015987096,0.010252961,0.350596064,21.012299740,0.000000000,0.255629634,0.102080022,6.621342726,0.911056061,23.969041677,0,120,115,5,0.130010834,27,0,0,0,0,0,776,27,12473,39755,8257,0,0,354147
502,1517157273.347507000,1517157273.448346376,1,0,0,1,122.629241968,50.581105818,-4.260578072,0.004686215,0.003555279,0.266799105,0.963734215,890,496,0.557303371,0.031313734,0.018958803,0.013176614,0.328917262,23.577972191,0.000000000,0.263617157,0.101934526,6.621818467,0.983155072,23.686352333,0,132,128,4,0.148314607,21,0,0,0,0,0,736,22,12527,39887,8278,0,0,354883
503,1517157273.448367119,1517157273.549206257,1,0,0,1,122.882394238,50.757684820,-4.262781917,-0.037468497,0.003260018,0.192163905,0.980641891,884,467,0.528280543,0.023884234,0.012776848,0.009267937,0.325594672,22.975189650,0.000000000,0.269761812,0.116950034,6.606646907,1.132554741,23.445923501,0,112,109,3,0.126696833,19,0,0,0,0,0,753,19,12558,39999,8297,0,0,355636
504,1517157273.549226999,1517157273.650066376,1,0,0,1,123.142567896,50.898382521,-4.268301040,-0.059655343,0.004796911,0.120448919,0.990913865,991,543,0.547931382,0.028906756,0.014765779,0.010460161,0.461108056,21.594203730,0.000000000,0.280064350,0.118351637,6.577936560,1.274347747,23.365751159,0,154,149,5,0.155398587,33,0,0,0,0,0,804,33,12616,40153,8330,0,0,356440
505,1517157273.650087118,1517157273.750926256,1,0,0,1,123.410132966,50.989043949,-4.286667125,-0.057332014,0.010812054,0.058340611,0.996590444,1043,589,0.564717162,0.030613605,0.012703663,0.009655947,0.483795489,22.326968394,0.000000000,0.292716912,0.117792030,6.537742090,1.394044086,23.250046908,0,158,153,5,0.151486098,41,0,0,0,0,0,843,42,12680,40311,8371,0,0,357283
506,1517157273.750946999,1517157273.851786375,1,0,0,1,123.670704417,51.041679332,-4.288847849,-0.043561467,0.007986138,0.034621403,0.998418739,1195,663,0.554811715,0.031175562,0.018117034,0.012902960,0.463855589,20.212818851,0.000000000,0.302865268,0.117608568,6.489990311,1.402340837,23.116689619,0,178,173,5,0.148953975,31,0,0,0,0,0,986,31,12734,40489,8402,0,0,358269
507,1517157273.851807117,1517157273.952646255,1,0,0,1,123.934392357,51.048496328,-4.291150152,-0.012333937,0.004877034,0.042176689,0.999022130,1068,561,0.525280899,0.031274693,0.018357063,0.013117241,0.431929380,19.849656607,0.000000000,0.312455610,0.106647525,6.439284299,1.352136237,22.833147714,0,150,140,10,0.140449438,16,0,0,0,0,0,902,16,12790,40639,8418,0,0,359171
508,1517157273.952666998,1517157274.053444386,1,0,0,1,124.202165955,51.064959570,-4.292781353,0.019312637,0.011929442,0.075634214,0.996877212,1028,574,0.558365759,0.026106924,0.014627339,0.010369237,0.484601417,18.650622335,0.000000000,0.325488855,0.107567346,6.403327913,1.320120310,22.448736414,0,177,175,2,0.172178988,23,0,0,0,0,0,828,23,12813,40816,8441,0,0,359999
509,1517157274.053464890,1517157274.154304266,1,0,0,1,124.457730366,51.106129478,-4.306847137,0.022326625,0.007298733,0.101444084,0.994563898,1000,558,0.558000000,0.026058967,0.013650593,0.010121763,0.421986933,19.578324490,0.000000000,0.335323934,0.110151667,6.355053351,1.364986360,22.203137132,0,113,112,1,0.113000000,20,0,0,0,0,0,867,20,12841,40929,8461,0,0,360866
510,1517157274.154325962,1517157274.255164385,1,0,0,1,124.707104628,51.157826258,-4.314440351,0.022120737,0.003261828,0.111378552,0.993526473,1041,575,0.552353506,0.027627425,0.015304633,0.010587866,0.453353056,18.216122551,0.000000000,0.345264013,0.111787581,6.001608712,1.252795409,22.012666209,0,113,113,0,0.108549472,19,0,0,0,0,0,907,21,12875,41042,8480,0,0,361773
511,1517157274.255186081,1517157274.356025219,1,0,0,1,124.959207710,51.216878072,-4.329904197,0.013969142,-0.001441827,0.106679686,0.994194261,998,539,0.540080160,0.029936444,0.016647610,0.011394803,0.367218761,20.510908438,0.000000000,0.349587718,0.093557594,5.941760933,1.192864012,21.914367641,0,105,105,0,0.105210421,15,0,0,0,0,0,878,15,12901,41147,8495,0,0,362651
512,1517157274.356045961,1517157274.456885338,1,0,0,1,125.214445526,51.281186848,-4.341951851,0.003001442,-0.000949162,0.092293828,0.995726840,975,544,0.557948718,0.029148136,0.016418738,0.011722029,0.425780296,22.571849804,0.000000000,0.358275650,0.088331821,5.895929437,1.221357743,21.932001450,0,86,85,1,0.088205128,9,0,0,0,0,0,879,10,12932,41233,8504,0,0,363530
513,1517157274.456906080,1517157274.557743073,1,0,0,1,125.480078320,51.329485708,-4.363758088,0.009211061,0.002492658,0.082777453,0.996522371,948,530,0.559071730,0.036352243,0.020564049,0.014789995,0.375798930,20.650657416,0.000000000,0.361511585,0.095698261,5.848448104,1.236601029,21.911924972,0,104,103,1,0.109704641,13,0,0,0,0,0,831,13,12952,41337,8517,0,0,364361
514,1517157274.557765961,1517157274.658605337,1,0,0,1,125.737722000,51.383604654,-4.371059498,0.009607793,0.000319833,0.086973997,0.996164199,931,528,0.567132116,0.028935671,0.015363287,0.010104748,0.338455271,23.498560088,0.000000000,0.362654489,0.090739653,5.799524537,1.227501382,21.966532990,0,85,83,2,0.091299678,11,0,0,0,0,0,834,12,12964,41422,8528,0,0,365195
515,1517157274.658626080,1517157274.759465218,1,0,0,1,125.983173004,51.433298672,-4.382539456,0.012244481,-0.003094231,0.088995503,0.995951956,880,492,0.559090909,0.027406084,0.015593801,0.010782230,0.233094910,26.573306091,0.000000000,0.361545633,0.090790916,5.736591994,1.200082440,22.110655020,0,76,75,1,0.086363636,9,0,0,0,0,0,795,9,12981,41498,8537,0,0,365990
516,1517157274.759485960,1517157274.860325336,1,0,0,1,126.218512438,51.477912847,-4.391142772,0.012730750,-0.001799328,0.092478306,0.995631686,865,477,0.551445087,0.025312389,0.013201824,0.009148923,0.266535995,23.064140608,0.000000000,0.362827170,0.095678234,5.659594853,1.141278508,22.008431812,0,56,53,3,0.064739884,14,0,0,0,0,0,795,14,12995,41554,8551,0,0,366785
517,1517157274.860346079,1517157274.961185217,1,0,0,1,126.460121958,51.514131426,-4.399057517,0.032386562,0.008327625,0.104772028,0.993933893,877,467,0.532497149,0.027865564,0.018029870,0.011191125,0.171157580,31.176118045,0.000000000,0.360016446,0.092451591,5.582022207,1.138669811,22.262151712,0,58,56,2,0.066134550,8,0,0,0,0,0,811,8,13006,41612,8559,0,0,367596
518,1517157274.961205959,1517157275.061985254,1,0,0,1,126.688881532,51.556603677,-4.412782552,0.053670702,0.023360147,0.156018605,0.986018232,874,491,0.561784897,0.026333207,0.014125330,0.008865894,0.228890278,24.720477561,0.000000000,0.358104876,0.094534464,5.502461804,1.147455942,22.284781324,0,92,92,0,0.105263158,10,0,0,0,0,0,772,10,13024,41704,8569,0,0,368368
519,1517157275.062005997,1517157275.162845373,1,0,0,1,126.898462822,51.643229680,-4.425828532,0.054395970,0.032126411,0.227588717,0.971705896,912,486,0.532894737,0.026169441,0.014309865,0.009733517,0.180126838,28.440821106,0.000000000,0.353614145,0.095515855,5.402174141,1.140216809,22.579031462,0,98,97,1,0.107456140,15,0,0,0,0,0,799,15,13043,41802,8584,0,0,369167
520,1517157275.162866116,1517157275.263705254,1,0,0,1,127.069719245,51.756579445,-4.431541072,0.049891154,0.027468973,0.265057336,0.962549187,903,499,0.552602436,0.030673595,0.016621759,0.010009297,0.225879358,24.554493936,0.000000000,0.350933807,0.096036251,4.965450377,1.149377655,22.687775582,0,81,80,1,0.089700997,12,0,0,0,0,0,810,12,13058,41883,8596,0,0,369977
521,1517157275.263725996,1517157275.364565372,1,0,0,1,127.226675071,51.869083143,-4.439382104,0.050173474,0.024605042,0.279999928,0.958372190,877,479,0.546180160,0.025136679,0.012401443,0.008509758,0.227394969,24.376838101,0.000000000,0.344773752,0.100254608,4.850417804,1.087772768,22.856002500,0,66,66,0,0.075256556,14,0,0,0,0,0,797,14,13066,41949,8610,0,0,370774
522,1517157275.364586115,1517157275.465425253,1,0,0,1,127.384716511,51.983186195,-4.446806319,0.043242072,0.015635458,0.293595476,0.954823205,890,481,0.540449438,0.025132632,0.014654472,0.010064818,0.200766128,25.510384008,0.000000000,0.338366195,0.101865121,4.736826185,0.961132394,22.952623090,0,97,95,2,0.108988764,14,0,0,0,0,0,779,14,13085,42046,8624,0,0,371553
523,1517157275.465445995,1517157275.566285372,1,0,0,1,127.537591957,52.097409671,-4.451025684,0.037033951,0.003697839,0.298395349,0.953716430,870,476,0.547126437,0.025165561,0.013095345,0.009505581,0.199726906,25.260613190,0.000000000,0.332072807,0.098664159,4.631875474,0.824469724,23.066894267,0,80,79,1,0.091954023,15,0,0,0,0,0,775,15,13102,42126,8639,0,0,372328
524,1517157275.566306114,1517157275.667145252,1,0,0,1,127.689489621,52.210523515,-4.455964413,0.035840642,-0.001682266,0.300026795,0.953255758,880,493,0.560227273,0.021750154,0.012969500,0.008739223,0.166532461,29.084774906,0.000000000,0.317344027,0.111897413,4.538223403,0.702405099,23.441422826,0,68,67,1,0.077272727,11,0,0,0,0,0,801,11,13111,42194,8650,0,0,373129
525,1517157275.667165995,1517157275.768005371,1,0,0,1,127.844158963,52.323543459,-4.455761810,0.030954595,-0.003085759,0.303259689,0.952400048,873,470,0.538373425,0.021444636,0.012979950,0.008397301,0.176881794,26.989254896,0.000000000,0.301998343,0.122274268,4.463942393,0.662376545,23.674537151,0,70,70,0,0.080183276,7,0,0,0,0,0,796,7,13121,42264,8657,0,0,373925
526,1517157275.768026114,1517157275.868865252,1,0,0,1,128.002546091,52.439744505,-4.461376907,0.026859995,-0.004839934,0.302184496,0.952858671,852,451,0.529342723,0.021965184,0.011827804,0.008184506,0.191607486,26.128493308,0.000000000,0.288385937,0.127620482,4.396677788,0.648863373,23.970320874,0,55,53,2,0.064553991,4,0,0,0,0,0,793,4,13138,42319,8661,0,0,374718
527,1517157275.868885994,1517157275.969725370,1,0,0,1,128.159910295,52.553931845,-4.464827169,0.028368636,-0.008419349,0.300436967,0.953342522,852,477,0.559859155,0.028277473,0.014624120,0.010550449,0.196065542,25.912017132,0.000000000,0.276592746,0.123607959,4.322852209,0.585068880,24.273438900,0,49,47,2,0.057511737,13,0,0,0,0,0,790,13,13149,42368,8674,0,0,375508
528,1517157275.969746113,1517157276.070522308,1,0,0,1,128.318380783,52.672967720,-4.467651617,0.019256529,-0.009740941,0.299461013,0.953864457,817,460,0.563035496,0.023498542,0.012871601,0.008706629,0.167747903,26.668687446,0.000000000,0.260750070,0.127080733,4.261829149,0.535247486,24.674342156,0,51,49,2,0.062423501,7,0,0,0,0,0,759,7,13160,42419,8681,0,0,376267
529,1517157276.070543051,1517157276.171382189,1,0,0,1,128.475795451,52.789945013,-4.468164968,0.010653640,-0.012412334,0.276773811,0.960795863,814,453,0.556511057,0.021752552,0.011888437,0.008093488,0.171747133,26.513663535,0.000000000,0.248238080,0.134414002,4.203160256,0.562650780,25.021109108,0,50,49,1,0.061425061,11,0,0,0,0,0,753,11,13168,42469,8692,0,0,377020
530,1517157276.171402931,1517157276.272242308,1,0,0,1,128.642765313,52.901859359,-4.485001938,0.007067277,-0.007103385,0.243310739,0.969896634,819,463,0.565323565,0.026656570,0.012669325,0.008880801,0.173690993,29.307475645,0.000000000,0.234254977,0.134313862,4.145482888,0.622299300,25.575676763,0,54,53,1,0.065934066,11,0,0,0,0,0,754,11,13179,42523,8703,0,0,377774
531,1517157276.373122931,1517157276.473962307,1,0,0,1,129.006083055,53.074990562,-4.494723695,-0.006710790,-0.006723808,0.172549786,0.984954987,821,424,0.516443362,0.024789892,0.013729076,0.008100699,0.172478589,27.780694879,0.000000000,0.224517968,0.132707964,4.284570226,0.737993050,25.939166085,0,66,65,1,0.080389769,16,0,0,0,0,0,739,16,13192,42589,8719,0,0,378513
532,1517157276.473984003,1517157276.574822187,1,0,0,1,129.196441573,53.137885965,-4.491943417,-0.005520966,-0.005800952,0.142314744,0.989789059,819,441,0.538461538,0.021252215,0.013492462,0.007830114,0.162685434,28.316108774,0.000000000,0.211363225,0.138177806,4.214202160,0.780198362,26.226379034,0,60,60,0,0.073260073,10,0,0,0,0,0,749,10,13199,42649,8729,0,0,379262
533,1517157276.574843884,1517157276.675683260,1,0,0,1,129.389814280,53.186959628,-4.495923004,-0.008939668,-0.005198151,0.115104851,0.993299519,837,426,0.508960573,0.022490804,0.013114087,0.007881405,0.162952116,27.761664748,0.000000000,0.200720884,0.106853160,4.150376806,0.826675452,26.581929400,0,89,88,1,0.106332139,13,0,0,0,0,0,735,13,13215,42738,8742,0,0,379997
534,1517157276.675704002,1517157276.776543379,1,0,0,1,129.580610318,53.229308416,-4.512189108,-0.001202778,-0.003238203,0.103091896,0.994665838,846,429,0.507092199,0.026471495,0.015691439,0.009901989,0.155233738,31.388747296,0.000000000,0.191559808,0.102361994,4.095797912,0.846950443,26.976438760,0,80,79,1,0.094562648,13,0,0,0,0,0,752,14,13223,42818,8755,0,0,380749
535,1517157276.776563883,1517157276.877403259,1,0,0,1,129.784757074,53.278314237,-4.518198109,0.001550894,-0.007863357,0.100675640,0.994887018,794,444,0.559193955,0.021400541,0.012403932,0.007936064,0.159614983,28.056181263,0.000000000,0.187885811,0.105605237,4.066144835,0.844803700,27.050582519,0,49,49,0,0.061712846,8,0,0,0,0,0,737,8,13231,42867,8763,0,0,381486
536,1517157276.877424002,1517157276.978263378,1,0,0,1,129.982032475,53.321525514,-4.532347511,0.008003817,-0.008627367,0.105305544,0.994370278,790,431,0.545569620,0.023995640,0.013107145,0.009351534,0.170152501,27.693404622,0.000000000,0.183066637,0.105877501,4.024155079,0.828792056,27.282045720,0,40,39,1,0.050632911,11,0,0,0,0,0,739,11,13242,42907,8774,0,0,382225
537,1517157276.978283882,1517157277.079063177,1,0,0,1,130.189844510,53.373053124,-4.548783123,0.009279982,-0.008390605,0.109817082,0.993873074,806,434,0.538461538,0.027924034,0.015349752,0.009770567,0.182891934,27.221621941,0.000000000,0.183653354,0.106014427,4.005816548,0.732693759,27.084320915,0,40,40,0,0.049627792,12,0,0,0,0,0,754,12,13249,42947,8786,0,0,382979
538,1517157277.079083920,1517157277.179923296,1,0,0,1,130.394327681,53.426425040,-4.553613667,0.012240325,-0.010490036,0.113899224,0.993361515,791,407,0.514538559,0.025121632,0.014964113,0.009974508,0.177830168,27.717319740,0.000000000,0.181100349,0.105189098,3.990052232,0.593928426,27.234163024,0,49,47,2,0.061946903,12,0,0,0,0,0,730,12,13267,42996,8798,0,0,383709
539,1517157277.179944038,1517157277.280783176,1,0,0,1,130.607673567,53.486895786,-4.557199337,0.016687262,-0.010964839,0.121428755,0.992399297,803,435,0.541718555,0.023367128,0.012661083,0.009001301,0.176364510,28.447206745,0.000000000,0.180912232,0.105157858,4.006381817,0.532504500,27.234482306,0,52,52,0,0.064757161,13,0,0,0,0,0,738,13,13277,43048,8811,0,0,384447
540,1517157277.280803919,1517157277.381643295,1,0,0,1,130.821703688,53.548520723,-4.559827598,0.019011978,-0.009901903,0.123030716,0.992171326,777,432,0.555984556,0.024535183,0.012807021,0.009473387,0.182586402,27.170174175,0.000000000,0.178747585,0.088367012,4.035851507,0.505039808,27.365266318,0,54,54,0,0.069498069,11,0,0,0,0,0,712,11,13285,43102,8822,0,0,385159
541,1517157277.482523918,1517157277.583363295,1,0,0,1,131.261095685,53.676961126,-4.577889104,0.015399291,-0.014322313,0.137394490,0.990293132,752,404,0.537234043,0.023087650,0.014417848,0.009917931,0.183087818,27.086304791,0.000000000,0.176532227,0.088629968,4.298918878,0.506739838,27.500739652,0,57,56,1,0.075797872,13,0,0,0,0,0,682,13,13305,43159,8835,0,0,385841
542,1517157277.583384037,1517157277.684223413,1,0,0,1,131.486662060,53.751298860,-4.587749304,0.016850560,-0.021945438,0.145565291,0.988961679,747,402,0.538152610,0.026808729,0.013424205,0.008755982,0.159642155,28.483608959,0.000000000,0.174476028,0.091415145,4.345742155,0.514001336,27.649400900,0,61,60,1,0.081659973,18,0,0,0,0,0,668,18,13317,43220,8853,0,0,386509
543,1517157277.684243917,1517157277.785083294,1,0,0,1,131.710696948,53.819624266,-4.583972091,0.015061575,-0.010411947,0.145374439,0.989207265,730,386,0.528767123,0.026503856,0.014388737,0.010417904,0.166098448,29.771603069,0.000000000,0.172794605,0.093292668,4.390542781,0.511026048,27.874950394,0,49,48,1,0.067123288,14,0,0,0,0,0,665,16,13325,43269,8867,0,0,387174
544,1517157277.785104036,1517157277.885943413,1,0,0,1,131.941683396,53.899190226,-4.592523088,0.012838426,-0.003754072,0.145651113,0.989245589,731,387,0.529411765,0.026787282,0.014874249,0.009222090,0.161726017,27.698646177,0.000000000,0.172554283,0.092275426,4.443436102,0.504948059,27.805643957,0,61,61,0,0.083447332,17,0,0,0,0,0,653,17,13330,43330,8884,0,0,387827
545,1517157277.885963917,1517157277.986803293,1,0,0,1,132.161885394,53.971294707,-4.601025736,0.023426521,-0.014038836,0.147745755,0.988648219,701,370,0.527817404,0.021943463,0.013284050,0.008858529,0.169693696,27.063959335,0.000000000,0.172194878,0.090937630,4.478777228,0.506433226,27.809379179,0,47,47,0,0.067047076,6,0,0,0,0,0,648,6,13336,43377,8890,0,0,388475
546,1517157277.986824036,1517157278.087602377,1,0,0,1,132.391060954,54.052170105,-4.590007597,0.024695588,-0.011373694,0.161240248,0.986540597,729,397,0.544581619,0.028810310,0.018670816,0.011764457,0.140917305,28.450701520,0.000000000,0.169660369,0.094437275,4.527595566,0.529982932,27.925489590,0,57,57,0,0.078189300,8,0,0,0,0,0,664,8,13344,43434,8898,0,0,389139
547,1517157278.087622881,1517157278.188462257,1,0,0,1,132.623551728,54.142708117,-4.619334839,0.011855673,-0.014170447,0.174205052,0.984536054,712,370,0.519662921,0.028393035,0.016206425,0.010409649,0.156396903,28.633456354,0.000000000,0.167676937,0.094769271,4.580592876,0.554786577,28.061561551,0,51,50,1,0.071629213,18,0,0,0,0,0,643,18,13357,43485,8916,0,0,389782
548,1517157278.188483000,1517157278.289322376,1,0,0,1,132.858317341,54.236687200,-4.634965484,0.023240977,-0.015392261,0.181205045,0.983050185,719,393,0.546592490,0.025796976,0.015386490,0.010855246,0.152846493,27.943444569,0.000000000,0.166931867,0.093959058,4.637832154,0.521422880,28.125299407,0,50,49,1,0.069541029,12,0,0,0,0,0,657,12,13369,43535,8928,0,0,390439
549,1517157278.289343119,1517157278.390182257,1,0,0,1,133.096249038,54.341080503,-4.643682621,0.008651756,-0.010151856,0.182997609,0.983022870,714,383,0.536414566,0.027548331,0.014385673,0.009610664,0.151992052,31.086672355,0.000000000,0.165944113,0.090944608,4.696093377,0.456329606,28.353949848,0,49,49,0,0.068627451,12,0,0,0,0,0,653,12,13376,43584,8940,0,0,391092
550,1517157278.390202999,1517157278.491042376,1,0,0,1,133.333729402,54.437952158,-4.654248448,0.019554218,-0.008508576,0.185338037,0.982443407,692,364,0.526011561,0.023908130,0.015607211,0.009915538,0.161025023,26.646348265,0.000000000,0.165310814,0.091043083,4.550211487,0.316319264,28.220893479,0,54,52,2,0.078034682,9,0,0,0,0,0,629,9,13383,43638,8949,0,0,391721
551,1517157278.591922998,1517157278.692762375,1,0,0,1,133.823815016,54.646141090,-4.672035369,0.022272177,-0.014951905,0.201851226,0.979048759,699,354,0.506437768,0.022211847,0.013715665,0.008956079,0.145926719,28.781600077,0.000000000,0.163983221,0.094815364,4.882481395,0.288483028,28.270938739,0,58,57,1,0.082975680,7,0,0,0,0,0,634,7,13392,43696,8956,0,0,392355
552,1517157278.692784071,1517157278.793622255,1,0,0,1,134.070793200,54.752492721,-4.681230676,0.027887536,-0.010428221,0.202903553,0.978745976,702,359,0.511396011,0.025117381,0.015249011,0.009332682,0.141418343,28.250567235,0.000000000,0.162919866,0.087923516,4.951999558,0.235728712,28.267661662,0,49,48,1,0.069800570,8,0,0,0,0,0,645,8,13407,43745,8964,0,0,393000
553,1517157278.793643951,1517157278.894482374,1,0,0,1,134.321087132,54.866326125,-4.697003408,0.027183307,-0.007335060,0.217035126,0.975757664,691,370,0.535455861,0.023686084,0.013912187,0.009294823,0.157081214,25.847395477,0.000000000,0.162626321,0.085478892,5.031300276,0.240526923,28.171948198,0,62,62,0,0.089725036,6,0,0,0,0,0,623,6,13422,43807,8970,0,0,393623
554,1517157278.894504070,1517157278.995343208,1,0,0,1,134.570183887,55.002081365,-4.709318197,0.026527822,-0.008615957,0.225781216,0.973778662,686,368,0.536443149,0.030623341,0.017172130,0.011456517,0.154297767,25.989026957,0.000000000,0.162579522,0.096422283,5.105222761,0.253558449,27.901962181,0,63,61,2,0.091836735,10,0,0,0,0,0,613,10,13430,43870,8980,0,0,394236
555,1517157278.995363951,1517157279.096140385,1,0,0,1,134.815663213,55.126563924,-4.720453568,0.026770313,-0.013865732,0.220903915,0.974829499,706,370,0.524079320,0.021783419,0.014559638,0.008939869,0.167719538,24.779235232,0.000000000,0.162984750,0.095173104,5.178238480,0.254552472,27.738114880,0,52,50,2,0.073654391,6,0,0,0,0,0,648,6,13436,43922,8986,0,0,394884
556,1517157279.096160889,1517157279.197000265,1,0,0,1,135.069934439,55.253814911,-4.726683894,0.022484447,-0.017077189,0.215341116,0.976130638,701,356,0.507845934,0.024577008,0.015448806,0.009393577,0.143919364,26.884059270,0.000000000,0.161673093,0.094530306,5.247907346,0.256817678,27.697647612,0,52,51,1,0.074179743,12,0,0,0,0,0,637,12,13445,43974,8998,0,0,395521
557,1517157279.197021008,1517157279.297860384,1,0,0,1,135.334017955,55.384294384,-4.740704836,0.021790554,-0.018367608,0.210600951,0.977156611,708,375,0.529661017,0.030444607,0.016854068,0.011260111,0.148511882,27.480004814,0.000000000,0.159954091,0.101362076,5.331410950,0.258396306,27.710566756,0,74,74,0,0.104519774,16,0,0,0,0,0,618,16,13457,44048,9014,0,0,396139
558,1517157279.297880888,1517157279.398720264,1,0,0,1,135.594714494,55.512436681,-4.755911608,0.018562486,-0.019767902,0.211490345,0.977003837,699,381,0.545064378,0.026467249,0.016131598,0.009962420,0.142656456,26.978949140,0.000000000,0.158195405,0.101306593,5.400517211,0.245288053,27.673648226,0,64,64,0,0.091559371,12,0,0,0,0,0,623,12,13469,44112,9026,0,0,396762
559,1517157279.398741007,1517157279.499580383,1,0,0,1,135.864666027,55.644605966,-4.766401947,0.017107778,-0.008819500,0.214013414,0.976641080,705,361,0.512056738,0.031137772,0.015840395,0.010744295,0.147250040,27.833944873,0.000000000,0.156739682,0.107753117,5.478529862,0.247459908,27.642985132,0,61,61,0,0.086524823,9,0,0,0,0,0,635,9,13476,44173,9035,0,0,397397
560,1517157279.499600887,1517157279.600440264,1,0,0,1,136.129304645,55.779572803,-4.771606979,0.017199940,-0.015721549,0.215042254,0.976326699,737,385,0.522388060,0.025038395,0.015572104,0.010807733,0.153166602,27.352369453,0.000000000,0.155268692,0.107222451,5.317508000,0.220482500,27.652094896,0,79,76,3,0.107191316,9,0,0,0,0,0,649,9,13495,44252,9044,0,0,398046
561,1517157279.701320887,1517157279.802160263,1,0,0,1,136.684897333,56.044297495,-4.797475289,0.017673402,-0.015665287,0.216044154,0.976097932,712,375,0.526685393,0.025967192,0.016084982,0.010720256,0.144571089,24.971402999,0.000000000,0.153342855,0.103476215,5.695783494,0.206178943,27.546349807,0,71,69,2,0.099719101,12,0,0,0,0,0,629,12,13510,44323,9056,0,0,398675
562,1517157279.802181005,1517157279.903020382,1,0,0,1,136.971512962,56.186286795,-4.801744251,0.018567301,-0.011840726,0.216421678,0.976051592,727,380,0.522696011,0.024851944,0.015353703,0.010676460,0.124296125,29.138814385,0.000000000,0.151575554,0.104276948,5.781417956,0.206850050,27.579110078,0,59,57,2,0.081155433,13,0,0,0,0,0,655,13,13525,44382,9069,0,0,399330
563,1517157279.903040886,1517157280.003819227,1,0,0,1,137.258454815,56.326550579,-4.811231384,0.016388093,-0.013061171,0.216184898,0.976127515,701,360,0.513552068,0.024149707,0.014759435,0.010295185,0.130699740,28.227573516,0.000000000,0.149805618,0.105900792,5.856492454,0.206554660,27.501908600,0,76,75,1,0.108416548,7,0,0,0,0,0,618,7,13541,44458,9076,0,0,399948
564,1517157280.003839970,1517157280.104679346,1,0,0,1,137.544192809,56.469601660,-4.820342733,0.013599493,-0.014373624,0.219138307,0.975493134,728,399,0.548076923,0.024325347,0.012946507,0.010112880,0.145411160,27.255748929,0.000000000,0.148989875,0.107000233,5.944305974,0.208958899,27.479763738,0,53,53,0,0.072802198,12,0,0,0,0,0,663,12,13551,44511,9088,0,0,400611
565,1517157280.104700089,1517157280.205539227,1,0,0,1,137.834698527,56.621884135,-4.832055864,0.014988451,-0.009160301,0.219405094,0.975475699,731,386,0.528043776,0.024063208,0.015016348,0.009953627,0.134907977,29.510803518,0.000000000,0.147250589,0.102205846,6.029237390,0.182150038,27.602105947,0,72,70,2,0.098495212,7,0,0,0,0,0,652,7,13564,44583,9095,0,0,401263
566,1517157280.205559969,1517157280.306399345,1,0,0,1,138.128531410,56.771084877,-4.843819242,0.018778361,-0.013330466,0.219341870,0.975376243,738,380,0.514905149,0.024437965,0.014735726,0.010177755,0.118474879,29.516882175,0.000000000,0.146128468,0.100516170,6.107774927,0.155816196,27.655414980,0,59,58,1,0.079945799,17,0,0,0,0,0,662,17,13581,44642,9112,0,0,401925
567,1517157280.306420088,1517157280.407259226,1,0,0,1,138.417695879,56.915687911,-4.855047189,0.018510307,-0.015190804,0.219755602,0.975261034,721,380,0.527045770,0.022514366,0.013984182,0.009592369,0.116643793,28.147278436,0.000000000,0.144140813,0.102238482,6.177914864,0.142818293,27.631106084,0,55,54,1,0.076282940,7,0,0,0,0,0,659,7,13588,44697,9119,0,0,402584
568,1517157280.407279968,1517157280.508119345,1,0,0,1,138.710934102,57.066235518,-4.860020902,0.017491909,-0.008788044,0.219594833,0.975394747,763,414,0.542595020,0.028162910,0.017396121,0.009971121,0.137796927,27.138447129,0.000000000,0.143388334,0.104381518,6.247606288,0.138851040,27.590856212,0,66,65,1,0.086500655,13,0,0,0,0,0,684,13,13604,44763,9132,0,0,403268
569,1517157280.508140087,1517157280.608979225,1,0,0,1,139.003012249,57.213950714,-4.870739188,0.019683443,-0.008090660,0.221274701,0.974979287,756,415,0.548941799,0.024409320,0.014848925,0.009950329,0.113471511,30.473741828,0.000000000,0.141462307,0.103846277,6.318392360,0.137715681,27.560209685,0,61,60,1,0.080687831,13,0,0,0,0,0,682,13,13613,44824,9145,0,0,403950
570,1517157280.608999968,1517157280.709839344,1,0,0,1,139.288263851,57.355198504,-4.876655445,0.020823290,-0.001045283,0.221136549,0.975019961,748,397,0.530748663,0.028275282,0.020006489,0.011699304,0.117735962,27.629692587,0.000000000,0.139297854,0.104846805,6.103985343,0.104373474,27.609376901,0,54,54,0,0.072192513,10,0,0,0,0,0,684,10,13621,44878,9155,0,0,404634
571,1517157280.810720921,1517157280.911559343,1,0,0,1,139.864213598,57.636940111,-4.910068406,-0.017770511,-0.001652252,0.153622655,0.987968400,776,427,0.550257732,0.025227241,0.015557593,0.009785769,0.102882372,30.359324830,0.000000000,0.137145637,0.099852179,6.476963100,0.239623863,27.688263139,0,86,84,2,0.110824742,12,0,0,0,0,0,677,13,13642,44964,9167,0,0,405311
572,1517157280.911581039,1517157281.012358189,1,0,0,1,140.151053215,57.748243249,-4.931459978,-0.018052583,0.001618757,0.114762855,0.993227553,814,432,0.530712531,0.030192754,0.017173491,0.010736565,0.123401102,26.958611973,0.000000000,0.136244775,0.105358889,6.509967371,0.289112621,27.623665376,0,76,75,1,0.093366093,13,0,0,0,0,0,725,13,13665,45040,9180,0,0,406036
573,1517157281.012378931,1517157281.113218307,1,0,0,1,140.435649500,57.826863285,-4.941498198,0.009503579,0.005336137,0.137148257,0.990490567,784,412,0.525510204,0.024802856,0.012264903,0.008781711,0.127545947,28.303889518,0.000000000,0.134768012,0.103717183,6.521439241,0.316528255,27.746490078,0,87,87,0,0.110969388,20,0,0,0,0,0,677,20,13689,45127,9200,0,0,406713
574,1517157281.113239050,1517157281.214078188,1,0,0,1,140.722689910,57.901506419,-4.958023452,0.011820314,-0.004697432,0.146479414,0.989131940,801,439,0.548064919,0.028609572,0.018051116,0.012326394,0.105621542,30.459910248,0.000000000,0.132334200,0.098832234,6.543022917,0.324976883,27.970034243,0,61,60,1,0.076154806,9,0,0,0,0,0,731,9,13707,45188,9209,0,0,407444
575,1517157281.214098930,1517157281.314938307,1,0,0,1,141.011656954,57.980843455,-4.970646188,0.000011268,-0.002035344,0.118140613,0.992994790,797,440,0.552070263,0.028850500,0.020186375,0.012972964,0.121363642,27.877265952,0.000000000,0.130016406,0.093055365,6.558545255,0.370720357,28.124935779,0,95,94,1,0.119196989,14,0,0,0,0,0,688,14,13728,45283,9223,0,0,408132
576,1517157281.314959049,1517157281.415798187,1,0,0,1,141.291901051,58.065710964,-4.972645702,-0.005146333,0.002506891,0.091928431,0.995749162,821,447,0.544457978,0.025108234,0.013954849,0.009371527,0.113636511,28.827600098,0.000000000,0.128502263,0.092344013,6.556472238,0.413762157,28.222112820,0,90,89,1,0.109622412,16,0,0,0,0,0,715,16,13751,45373,9239,0,0,408847
577,1517157281.415818930,1517157281.516658306,1,0,0,1,141.572568622,58.139787895,-4.983751797,0.018027400,0.000296215,0.117931367,0.992858055,834,437,0.523980815,0.027458118,0.013995716,0.009440916,0.121339407,29.361235764,0.000000000,0.127143639,0.086380812,6.556077730,0.464116224,28.316174368,0,78,78,0,0.093525180,17,0,0,0,0,0,738,18,13768,45451,9256,0,0,409585
578,1517157281.516679049,1517157281.617518187,1,0,0,1,141.863388375,58.210493697,-4.992357783,0.023048847,-0.002735771,0.153629028,0.987855955,840,457,0.544047619,0.024835085,0.016969734,0.011044657,0.108914005,31.161378651,0.000000000,0.125456517,0.087352543,6.554739614,0.530642659,28.525295843,0,61,60,1,0.072619048,8,0,0,0,0,0,771,8,13780,45512,9264,0,0,410356
579,1517157281.617538929,1517157281.718378305,1,0,0,1,142.135515307,58.285560007,-4.997508125,0.011657563,-0.004810217,0.128221011,0.991665435,806,441,0.547146402,0.023759258,0.013125153,0.008838977,0.092102662,34.034348565,0.000000000,0.122699148,0.078538374,6.539963242,0.579895920,28.835316028,0,60,59,1,0.074441687,11,0,0,0,0,0,735,11,13788,45572,9275,0,0,411091
580,1517157281.718399048,1517157281.819238186,1,0,0,1,142.420170819,58.388341271,-5.001084627,0.003384437,0.000490226,0.113776162,0.993500523,867,475,0.547866205,0.028506027,0.014303161,0.010245438,0.129605776,28.561031032,0.000000000,0.121521106,0.081041295,6.226647146,0.606844255,28.895749107,0,99,98,1,0.114186851,17,0,0,0,0,0,749,19,13806,45671,9292,0,0,411840
581,1517157281.920119047,1517157282.020897388,1,0,0,1,142.977056574,58.538386323,-5.015264723,0.028660827,0.002396615,0.157680358,0.987071283,835,443,0.530538922,0.025071830,0.016542566,0.010401268,0.133807969,29.369494385,0.000000000,0.120982950,0.081496566,6.483679825,0.694684137,29.115653676,0,72,72,0,0.086227545,9,0,0,0,0,0,754,9,13817,45743,9301,0,0,412594
582,1517157282.121778011,1517157282.222617388,1,0,0,1,143.495126309,58.721849891,-5.040037885,0.004901879,-0.002091551,0.139728209,0.990175552,846,466,0.550827423,0.025715344,0.016293530,0.010568170,0.124762679,31.128089909,0.000000000,0.121006278,0.080871037,6.714303074,0.730582580,29.215117452,0,86,86,0,0.101654846,8,0,0,0,0,0,748,12,13831,45829,9309,0,0,413342
583,1517157282.222637892,1517157282.323477268,1,0,0,1,143.742384394,58.802015928,-5.043036329,0.005794633,-0.008221572,0.133978705,0.990933164,844,472,0.559241706,0.024170608,0.014569240,0.010203414,0.134882281,27.247089547,0.000000000,0.121215405,0.080833849,6.654573369,0.736110899,29.166093254,0,71,70,1,0.084123223,13,0,0,0,0,0,760,13,13845,45900,9322,0,0,414102
584,1517157282.323498011,1517157282.424337387,1,0,0,1,143.999063977,58.884413011,-5.062920259,0.007958429,-0.007875570,0.139437912,0.990167515,834,440,0.527577938,0.020762340,0.011374521,0.007963173,0.107783052,30.572779868,0.000000000,0.119334000,0.091619961,6.596677907,0.746534625,29.331944801,0,45,44,1,0.053956835,10,0,0,0,0,0,779,10,13854,45945,9332,0,0,414881
585,1517157282.525218010,1517157282.626057386,1,0,0,1,144.518247137,59.041746533,-5.097262921,0.018338063,0.002080008,0.150686906,0.988409250,834,431,0.516786571,0.022858954,0.012628904,0.008164912,0.127100635,29.267504276,0.000000000,0.118943633,0.094049366,6.810509743,0.769103426,29.319779839,0,71,71,0,0.085131894,15,0,0,0,0,0,748,15,13862,46016,9347,0,0,415629
586,1517157282.626077890,1517157282.726915121,1,0,0,1,144.771383839,59.120955802,-5.111342549,0.024869100,-0.003451524,0.168532889,0.985376213,822,432,0.525547445,0.023341546,0.012450403,0.008729183,0.123758909,29.127674202,0.000000000,0.119207834,0.095804117,6.752623334,0.804148537,29.300319440,0,54,54,0,0.065693431,10,0,0,0,0,0,758,10,13871,46070,9357,0,0,416387
587,1517157282.726938009,1517157282.827752113,1,0,0,1,145.029409566,59.218894704,-5.126261799,0.029934027,0.003398208,0.184035285,0.982457847,834,446,0.534772182,0.024343952,0.013821258,0.008918110,0.125239706,28.980713513,0.000000000,0.119637630,0.092149997,6.699350733,0.835750191,29.341991194,0,71,70,1,0.085131894,10,0,0,0,0,0,753,10,13883,46141,9367,0,0,417140
588,1517157282.827799082,1517157282.928607464,1,0,0,1,145.285009833,59.328639676,-5.145835497,0.034248361,0.000574981,0.206628216,0.977819768,854,461,0.539812646,0.025715797,0.014564803,0.009975159,0.119781855,29.221019638,0.000000000,0.118736876,0.089977859,6.650721234,0.878184230,29.446119819,0,64,63,1,0.074941452,9,0,0,0,0,0,781,9,13893,46205,9376,0,0,417921
589,1517157282.928658962,1517157283.029436350,1,0,0,1,145.529014409,59.449092286,-5.163051157,0.032345627,-0.001668704,0.225131407,0.973789929,851,456,0.535840188,0.028783214,0.015623845,0.010195262,0.127535291,28.342525861,0.000000000,0.119440065,0.092416891,6.605019090,0.915875892,29.339559021,0,71,69,2,0.083431257,14,0,0,0,0,0,766,14,13901,46276,9390,0,0,418687
590,1517157283.029457092,1517157283.130296230,1,0,0,1,145.781602989,59.583664603,-5.169029163,0.030867397,-0.001701498,0.240695036,0.970108349,851,444,0.521739130,0.026520105,0.016560289,0.010688341,0.121621160,30.606789016,0.000000000,0.119634325,0.090383806,6.249243910,0.810541614,29.488413842,0,68,66,2,0.079905993,6,0,0,0,0,0,777,6,13912,46344,9396,0,0,419464
591,1517157283.231177092,1517157283.332016230,1,0,0,1,146.288340222,59.869558459,-5.197530854,0.025009832,-0.009776847,0.225453052,0.973883896,836,417,0.498803828,0.030040158,0.014603816,0.010645428,0.123335092,28.203215280,0.000000000,0.120656961,0.096383504,6.523344431,0.763557624,29.380608365,0,63,62,1,0.075358852,16,0,0,0,0,0,757,16,13925,46407,9412,0,0,420221
592,1517157283.332036972,1517157283.432876348,1,0,0,1,146.533809635,60.010297589,-5.203492029,0.027308078,-0.010953924,0.233995963,0.971792246,824,435,0.527912621,0.028025433,0.016474299,0.010278892,0.108970900,30.225359006,0.000000000,0.119935451,0.091290433,6.510934134,0.735687865,29.543945716,0,55,54,1,0.066747573,8,0,0,0,0,0,761,8,13936,46462,9420,0,0,420982
593,1517157283.432897091,1517157283.533736229,1,0,0,1,146.799916874,60.157234770,-5.205685756,0.036714457,0.000140398,0.273629291,0.961134247,844,459,0.543838863,0.022957867,0.013685246,0.008591670,0.107741317,30.456071577,0.000000000,0.118945220,0.094508774,6.517874721,0.799297840,29.651554819,0,61,59,2,0.072274882,12,0,0,0,0,0,771,12,13951,46523,9432,0,0,421753
594,1517157283.533756971,1517157283.634596348,1,0,0,1,147.061497461,60.313077348,-5.205991824,0.041428059,0.005755960,0.313910148,0.948530971,887,446,0.502818489,0.023024168,0.015592521,0.010182633,0.094884884,31.826986241,0.000000000,0.118408387,0.094709247,6.522434122,0.826797066,29.719908619,0,65,63,2,0.073280722,15,0,0,0,0,0,807,15,13967,46588,9447,0,0,422560
595,1517157283.634617090,1517157283.735456228,1,0,0,1,147.300466017,60.478787603,-5.216371538,0.028200730,-0.005191987,0.302007539,0.952874183,911,474,0.520307355,0.023832968,0.015858827,0.009311768,0.118552850,29.146143518,0.000000000,0.118267847,0.091550015,6.520601926,0.799452874,29.783352497,0,82,81,1,0.090010977,5,0,0,0,0,0,824,5,13979,46670,9452,0,0,423384
596,1517157283.735476971,1517157283.836316347,1,0,0,1,147.539601072,60.656666436,-5.222750359,0.007974045,-0.006045423,0.277170466,0.960768651,832,432,0.519230769,0.023262491,0.016094338,0.009744118,0.131902061,27.267361372,0.000000000,0.119181125,0.093476123,6.528216850,0.798703200,29.705340561,0,55,55,0,0.066105769,9,0,0,0,0,0,767,10,13988,46725,9461,0,0,424151
597,1517157283.836337090,1517157283.937176228,1,0,0,1,147.784651062,60.829726834,-5.223251218,-0.000449072,-0.014028468,0.247268690,0.968845290,808,423,0.523514851,0.022859870,0.014133117,0.009891251,0.109435664,29.760357366,0.000000000,0.118585937,0.093847931,6.528801000,0.788557099,29.725296641,0,62,62,0,0.076732673,4,0,0,0,0,0,740,6,13997,46787,9465,0,0,424891
598,1517157283.937196970,1517157284.037974358,1,0,0,1,148.036128146,60.988122696,-5.232085202,-0.004251529,-0.015281936,0.231033694,0.972816437,794,427,0.537783375,0.021676807,0.013240977,0.008714235,0.107602725,31.165358948,0.000000000,0.118520373,0.098672651,6.543798206,0.770629807,29.725495656,0,58,58,0,0.073047859,6,0,0,0,0,0,729,7,14009,46845,9471,0,0,425620
599,1517157284.037995100,1517157284.138834238,1,0,0,1,148.292574097,61.135517122,-5.248109124,0.001058180,-0.006717778,0.220504670,0.975362211,783,413,0.527458493,0.024791542,0.012310811,0.008066464,0.134002528,30.765398399,0.000000000,0.120615367,0.098030664,6.537354338,0.763517146,29.562048148,0,49,48,1,0.062579821,6,0,0,0,0,0,728,6,14021,46894,9477,0,0,426348
600,1517157284.138854980,1517157284.239694357,1,0,0,1,148.546935545,61.266715810,-5.261265386,0.003738046,-0.009071574,0.208966891,0.977873495,770,381,0.494805195,0.023339839,0.012877510,0.007481557,0.116166311,29.136016890,0.000000000,0.119943393,0.093550033,6.246941062,0.698531223,29.590797440,0,40,40,0,0.051948052,3,0,0,0,0,0,727,3,14028,46934,9480,0,0,427075
601,1517157284.340574980,1517157284.441414356,1,0,0,1,149.078983772,61.505468119,-5.277948977,0.001661507,-0.007392272,0.191172875,0.981527140,776,391,0.503865979,0.020057898,0.011978745,0.008533090,0.106896888,31.296161435,0.000000000,0.118597839,0.102546361,6.280188246,0.698494675,29.687130793,0,30,30,0,0.038659794,1,0,0,0,0,0,743,3,14034,46964,9481,0,0,427818
602,1517157284.441435099,1517157284.542274237,1,0,0,1,149.347628115,61.620546977,-5.283805166,0.009663485,-0.007856965,0.194953061,0.980733496,765,394,0.515032680,0.021970897,0.013899481,0.008975302,0.142899561,26.966569742,0.000000000,0.119504684,0.104480309,6.312555386,0.694414258,29.479054785,0,38,38,0,0.049673203,4,0,0,0,0,0,721,6,14038,47002,9485,0,0,428539
603,1517157284.542294979,1517157284.643134356,1,0,0,1,149.607960359,61.733829622,-5.290064111,0.009027815,-0.003260091,0.199613069,0.979827787,776,385,0.496134021,0.022034428,0.013386258,0.009084125,0.115865115,30.548018869,0.000000000,0.118553825,0.106628041,6.326223146,0.692991735,29.644101251,0,47,44,3,0.060567010,3,0,0,0,0,0,725,4,14052,47049,9488,0,0,429264
604,1517157284.643155098,1517157284.743994236,1,0,0,1,149.871545588,61.847801724,-5.300987674,0.014313540,-0.002893162,0.199834273,0.979720887,800,411,0.513750000,0.024327638,0.012510416,0.008748840,0.122692298,29.752495764,0.000000000,0.119299288,0.101269467,6.070016408,0.670529015,29.603087045,0,35,34,1,0.043750000,8,0,0,0,0,0,756,9,14063,47084,9496,0,0,430020
605,1517157284.744014978,1517157284.844854355,1,0,0,1,150.138243863,61.969256513,-5.307869412,0.011557169,-0.005352737,0.199110456,0.979894283,784,376,0.479591837,0.022025265,0.012917932,0.008471161,0.132562462,27.391531746,0.000000000,0.119572379,0.102653011,6.097535287,0.636144114,29.509288419,0,29,29,0,0.036989796,9,0,0,0,0,0,745,10,14068,47113,9505,0,0,430765
606,1517157284.844875097,1517157284.945714235,1,0,0,1,150.411491653,62.091447005,-5.317523975,0.014462152,-0.002994795,0.197260820,0.980239790,774,398,0.514211886,0.022620011,0.013058702,0.009140963,0.117125472,29.184506629,0.000000000,0.119240707,0.103497161,6.120624146,0.608116061,29.512130040,0,24,23,1,0.031007752,4,0,0,0,0,0,744,6,14074,47137,9509,0,0,431509
607,1517157284.945734978,1517157285.046521187,1,0,0,1,150.683098672,62.215603124,-5.328357596,0.009514432,-0.006235853,0.198903205,0.979953114,770,399,0.518181818,0.024548528,0.015404918,0.010660356,0.136381650,27.474835138,0.000000000,0.119797804,0.103509440,6.140607091,0.565632984,29.436836122,0,32,30,2,0.041558442,7,0,0,0,0,0,730,8,14080,47169,9516,0,0,432239
608,1517157285.046542883,1517157285.147381306,1,0,0,1,150.952822805,62.336899716,-5.343001885,0.011784056,-0.007860265,0.201495959,0.979386916,767,386,0.503259452,0.022958424,0.012429296,0.008284732,0.118247145,27.912614248,0.000000000,0.119721069,0.103445501,6.164052581,0.533090760,29.371415852,0,43,42,1,0.056062581,3,0,0,0,0,0,720,4,14090,47212,9519,0,0,432959
609,1517157285.147403002,1517157285.248242378,1,0,0,1,151.220642959,62.463516899,-5.355529046,0.013714995,-0.006784860,0.201645324,0.979339077,779,395,0.507060334,0.022280297,0.012943453,0.008054884,0.148555316,25.567838988,0.000000000,0.120772070,0.094913815,6.174296828,0.501355586,29.232681508,0,46,46,0,0.059050064,8,0,0,0,0,0,725,8,14096,47258,9527,0,0,433684
610,1517157285.248262882,1517157285.349102259,1,0,0,1,151.492858633,62.590068976,-5.369926174,0.011696639,-0.009406556,0.202233175,0.979222369,784,391,0.498724490,0.025104308,0.016091703,0.009054246,0.121558673,30.212725970,0.000000000,0.120768946,0.092225290,5.892315859,0.471006845,29.212978356,0,44,43,1,0.056122449,7,0,0,0,0,0,732,8,14102,47302,9534,0,0,434416
611,1517157285.349123001,1517157285.449962378,1,0,0,1,151.756107338,62.711727292,-5.378098947,0.008241800,-0.018808819,0.203462466,0.978867369,791,432,0.546144121,0.023730685,0.014742978,0.009239476,0.135355264,27.829691599,0.000000000,0.121369954,0.068636716,5.899415699,0.456158023,29.194302172,0,64,62,2,0.080910240,9,0,0,0,0,0,718,9,14112,47366,9543,0,0,435134
612,1517157285.449982882,1517157285.550822258,1,0,0,1,152.025438376,62.834716487,-5.392004034,0.010754524,-0.016136603,0.205249787,0.978517488,765,399,0.521568627,0.022435859,0.015469779,0.009555356,0.170804639,25.867834833,0.000000000,0.124461641,0.051057796,5.891838205,0.377462490,28.976425963,0,42,41,1,0.054901961,3,0,0,0,0,0,720,3,14118,47408,9546,0,0,435854
613,1517157285.550843000,1517157285.651682377,1,0,0,1,152.298823711,62.967301138,-5.397562581,0.005182607,-0.008513002,0.201774376,0.979381320,782,400,0.511508951,0.023447242,0.013688518,0.008603050,0.138201188,26.477592009,0.000000000,0.125984635,0.051182809,5.891242721,0.299859774,28.777501985,0,40,40,0,0.051150895,10,0,0,0,0,0,732,10,14123,47448,9556,0,0,436586
614,1517157285.651702881,1517157285.752542257,1,0,0,1,152.566637821,63.091403442,-5.409792555,0.011181831,-0.012270664,0.203442657,0.978946108,780,393,0.503846154,0.021927096,0.013926296,0.008937391,0.148215961,25.796881067,0.000000000,0.128651189,0.052335836,5.895679460,0.277724428,28.475996726,0,47,46,1,0.060256410,9,0,0,0,0,0,722,11,14126,47495,9565,0,0,437308
615,1517157285.752563000,1517157285.853402376,1,0,0,1,152.836886497,63.217254500,-5.425420029,0.013735505,-0.010142111,0.202892065,0.979052237,762,394,0.517060367,0.024478926,0.013700154,0.009184932,0.144821914,26.235843621,0.000000000,0.129964642,0.053621777,5.896098329,0.227348816,28.330481732,0,40,40,0,0.052493438,6,0,0,0,0,0,716,6,14131,47535,9571,0,0,438024
616,1517157285.853423119,1517157285.954262257,1,0,0,1,153.110089508,63.339403252,-5.426081314,0.017447660,-0.008671465,0.205595351,0.978443119,782,404,0.516624041,0.021535384,0.012378667,0.007566927,0.108002386,29.532844785,0.000000000,0.128769658,0.055485327,5.895365751,0.171059282,28.443755902,0,36,36,0,0.046035806,4,0,0,0,0,0,741,5,14142,47571,9575,0,0,438765
617,1517157285.954282999,1517157286.055052280,1,0,0,1,153.382764359,63.463764443,-5.436579982,0.017286835,-0.011439825,0.205002765,0.978541855,789,423,0.536121673,0.023775884,0.014591291,0.009140026,0.153087212,25.549459298,0.000000000,0.130952236,0.055979530,5.897910049,0.138996864,28.233210999,0,40,39,1,0.050697085,7,0,0,0,0,0,742,7,14146,47611,9582,0,0,439507
618,1517157286.055073023,1517157286.155912399,1,0,0,1,153.649267666,63.587628646,-5.457323143,0.018015053,-0.011710310,0.208167079,0.977857246,795,423,0.532075472,0.026845281,0.015085611,0.009226135,0.150291953,27.910906507,0.000000000,0.133086697,0.064767403,5.896302526,0.123568745,28.070488377,0,49,46,3,0.061635220,11,0,0,0,0,0,735,11,14163,47660,9593,0,0,440242
619,1517157286.155932903,1517157286.256772280,1,0,0,1,153.933545677,63.721526257,-5.465481883,0.013783864,-0.011934734,0.208018898,0.977954858,798,419,0.525062657,0.022191998,0.014194892,0.009069984,0.156966438,27.067137474,0.000000000,0.134234892,0.063826822,5.924135290,0.100100613,27.885575331,0,63,62,1,0.078947368,4,0,0,0,0,0,730,5,14178,47723,9597,0,0,440972
620,1517157286.256793022,1517157286.357632399,1,0,0,1,154.216088261,63.856024220,-5.478217921,0.015529977,-0.011503134,0.210190367,0.977469441,759,387,0.509881423,0.022855353,0.013215221,0.009614525,0.139669986,25.731404704,0.000000000,0.135410076,0.063873969,5.653915447,0.068199067,27.715344721,0,50,47,3,0.065876153,5,0,0,0,0,0,704,5,14192,47773,9602,0,0,441676
621,1517157286.458513021,1517157286.559352398,1,0,0,1,154.790813608,64.127428438,-5.491470001,0.019676967,-0.013507254,0.214125421,0.976514555,747,395,0.528781794,0.022503952,0.014552531,0.009399276,0.157648773,25.319260667,0.000000000,0.137947670,0.056571190,5.997325949,0.068523064,27.416499683,0,36,36,0,0.048192771,7,0,0,0,0,0,703,8,14198,47809,9609,0,0,442379
622,1517157286.559372902,1517157286.660212278,1,0,0,1,155.082147548,64.266479919,-5.500205362,0.014597889,-0.012465318,0.209435690,0.977633985,747,387,0.518072289,0.023840937,0.014576245,0.010127279,0.150440274,24.944338361,0.000000000,0.138324706,0.055352622,6.036280410,0.068387861,27.315388114,0,52,51,1,0.069611780,5,0,0,0,0,0,690,5,14209,47861,9614,0,0,443069
623,1517157286.660233021,1517157286.761072397,1,0,0,1,155.360487609,64.406254815,-5.512523008,0.004742673,-0.009234193,0.210818968,0.977469999,698,375,0.537249284,0.020862718,0.012447180,0.008776083,0.155839534,26.580898732,0.000000000,0.140323427,0.058904739,6.060610465,0.071058801,27.117032107,0,29,29,0,0.041547278,8,0,0,0,0,0,660,9,14211,47890,9622,0,0,443729
624,1517157286.761092901,1517157286.861932278,1,0,0,1,155.655586501,64.548797836,-5.527947120,0.008079701,-0.002021942,0.212190647,0.977192795,707,384,0.543140028,0.020613303,0.013790772,0.008860520,0.185183507,26.765752745,0.000000000,0.143447987,0.063104847,6.095563088,0.072366750,26.967694956,0,69,69,0,0.097595474,7,0,0,0,0,0,631,7,14217,47959,9629,0,0,444360
625,1517157286.861953020,1517157286.962792397,1,0,0,1,155.950920965,64.688183367,-5.534393651,0.008735452,-0.014517808,0.219671421,0.975426774,688,360,0.523255814,0.023236441,0.014412474,0.009310311,0.142044363,26.107888316,0.000000000,0.143922082,0.062161187,6.122721323,0.083857284,26.903512785,0,34,33,1,0.049418605,5,0,0,0,0,0,649,5,14219,47993,9634,0,0,445009
626,1517157286.962812901,1517157287.063591242,1,0,0,1,156.233812034,64.824638668,-5.543243927,0.008664019,-0.011286909,0.220209478,0.975348823,703,373,0.530583215,0.021834089,0.013590948,0.009107289,0.158998661,24.299306544,0.000000000,0.146015742,0.063260455,6.138092628,0.081597448,26.659252780,0,42,40,2,0.059743954,3,0,0,0,0,0,658,3,14227,48035,9637,0,0,445667
627,1517157287.164473057,1517157287.265311241,1,0,0,1,156.813471786,65.118415433,-5.564316934,0.013383071,-0.013824091,0.216121630,0.976176843,667,356,0.533733133,0.020348424,0.012910853,0.008602895,0.156980408,26.429554870,0.000000000,0.147045680,0.066901708,6.492182773,0.084878647,26.606988767,0,35,34,1,0.052473763,3,0,0,0,0,0,629,3,14236,48070,9640,0,0,446296
628,1517157287.265332937,1517157287.366171360,1,0,0,1,157.097770097,65.267990825,-5.580957812,0.017009425,-0.011208906,0.214683139,0.976471295,681,365,0.535976505,0.026635266,0.016950343,0.009856434,0.204111720,25.387318554,0.000000000,0.151338909,0.075484588,6.517351333,0.087614487,26.480723982,0,37,37,0,0.054331865,6,0,0,0,0,0,638,6,14241,48107,9646,0,0,446934
629,1517157287.366193056,1517157287.467032194,1,0,0,1,157.379404987,65.410106858,-5.586813807,0.015887260,-0.012011908,0.215792068,0.976236187,674,378,0.560830861,0.023549258,0.013751812,0.007990470,0.160048648,25.734019041,0.000000000,0.151913575,0.075053672,6.532326300,0.088700512,26.489032985,0,42,41,1,0.062314540,15,0,0,0,0,0,617,15,14248,48149,9661,0,0,447551
630,1517157287.467052937,1517157287.567892313,1,0,0,1,157.669513719,65.549243258,-5.590706794,0.026450581,-0.012310845,0.216367096,0.975876063,684,360,0.526315789,0.022081756,0.015832525,0.009555258,0.187044225,23.975432525,0.000000000,0.155187853,0.073305775,6.563982001,0.086946356,26.177168313,0,49,47,2,0.071637427,4,0,0,0,0,0,631,4,14252,48198,9665,0,0,448182
631,1517157287.668772936,1517157287.769612312,1,0,0,1,158.242727522,65.827896699,-5.611514461,0.031556976,-0.008333039,0.218116527,0.975376798,682,360,0.527859238,0.022001270,0.015134436,0.008736978,0.137142161,28.362902394,0.000000000,0.155277198,0.073644556,6.905266861,0.086978233,26.203828852,0,53,49,4,0.077712610,6,0,0,0,0,0,623,6,14269,48251,9671,0,0,448805
632,1517157287.769633055,1517157287.870472193,1,0,0,1,158.530280930,65.976713590,-5.626806518,0.022019198,-0.001095618,0.218190252,0.975657198,691,389,0.562952243,0.023603607,0.015124110,0.008577225,0.176412283,24.354287716,0.000000000,0.155557580,0.073669376,6.925517695,0.080659871,26.128151496,0,42,41,1,0.060781476,7,0,0,0,0,0,640,9,14278,48293,9678,0,0,449445
633,1517157287.870492935,1517157287.971332312,1,0,0,1,158.822418012,66.129723039,-5.638665114,0.016278531,-0.004137012,0.214916629,0.976487960,706,374,0.529745042,0.026510155,0.015386674,0.009816839,0.257459666,29.472170838,0.000000000,0.161520504,0.080644557,6.960088512,0.084124067,26.277880438,0,58,57,1,0.082152975,12,0,0,0,0,0,635,13,14291,48351,9690,0,0,450080
634,1517157287.971353054,1517157288.072131395,1,0,0,1,159.108632216,66.275263342,-5.648782697,0.020284892,-0.006140608,0.219070370,0.975478851,690,376,0.544927536,0.023570420,0.014732810,0.008921309,0.206786604,24.692522542,0.000000000,0.164449036,0.079679841,6.982815823,0.091344616,26.222662512,0,54,52,2,0.078260870,12,0,0,0,0,0,623,13,14309,48405,9702,0,0,450703
635,1517157288.072151899,1517157288.172514439,1,0,0,1,159.388712334,66.411489329,-5.658243117,0.024233905,-0.001135066,0.222333901,0.974668696,692,371,0.536127168,0.024202653,0.013918762,0.008463703,0.207512962,30.187981352,0.000000000,0.167583588,0.079336554,6.995144703,0.092688632,26.420269398,0,46,46,0,0.066473988,8,0,0,0,0,0,638,8,14321,48451,9710,0,0,451341
636,1517157288.173012018,1517157288.271936893,1,0,0,1,159.662181685,66.547421545,-5.672291844,0.027334315,-0.006527861,0.222957713,0.974422947,706,360,0.509915014,0.024796188,0.016184682,0.009028415,0.247394558,26.856577044,0.000000000,0.174553197,0.078606947,7.000978527,0.092429428,26.286456011,0,60,58,2,0.084985836,8,0,0,0,0,0,637,9,14336,48511,9718,0,0,451978
637,1517157288.273871899,1517157288.371720791,1,0,0,1,159.937673579,66.687021064,-5.680839057,0.019444319,-0.006655828,0.218107452,0.975708336,693,369,0.532467532,0.025397289,0.015336214,0.008910732,0.218086928,26.879013632,0.000000000,0.177803183,0.080673114,7.015326789,0.095765219,26.352933728,0,54,51,3,0.077922078,12,0,0,0,0,0,626,13,14351,48565,9730,0,0,452604
638,1517157288.374732018,1517157288.471339226,1,0,0,1,160.221377914,66.838282683,-5.685384148,0.007063782,-0.005101668,0.208534445,0.977976207,724,404,0.558011050,0.032032328,0.018093500,0.011360713,0.305611816,31.892343013,0.000000000,0.185569176,0.108986002,7.022529025,0.114951077,26.552005553,0,60,53,7,0.082872928,26,0,0,0,0,0,637,27,14373,48625,9756,0,0,453241
639,1517157288.475591898,1517157288.570923090,1,0,0,1,160.485716355,66.967649032,-5.689127452,-0.011817668,-0.003681130,0.166399491,0.985980731,754,378,0.501326260,0.025042208,0.015191856,0.009731753,0.338347710,31.218722378,0.000000000,0.194638239,0.108128885,7.003668576,0.196223128,26.759584798,0,122,100,22,0.161803714,13,0,0,0,0,0,617,15,14439,48747,9769,0,0,453858
640,1517157288.576452017,1517157288.670455933,1,0,0,1,160.744862402,67.068542522,-5.704260811,-0.023566352,-0.002150015,0.117689392,0.992768458,885,475,0.536723164,0.028700931,0.014500183,0.008999251,0.477677644,23.654949724,0.000000000,0.211538622,0.115250412,6.646449783,0.286782458,26.655762049,0,149,120,29,0.168361582,24,0,0,0,0,0,712,24,14515,48896,9793,0,0,454570
641,1517157288.778172016,1517157288.869521141,1,0,0,1,161.316738457,67.223669678,-5.727476901,0.009740724,-0.005476869,0.141929515,0.989813687,960,492,0.512500000,0.033757309,0.020232300,0.011798950,0.415477672,29.266548932,0.000000000,0.224430067,0.140343932,6.916511843,0.326108652,26.853126463,0,228,161,67,0.237500000,32,0,0,0,0,0,700,32,14678,49124,9825,0,0,455270
642,1517157288.879031897,1517157288.970658302,1,0,0,1,161.611234335,67.305526473,-5.730388787,0.019970847,-0.000675905,0.142270476,0.989626101,994,623,0.626760563,0.029363636,0.016001247,0.010672853,0.401752228,33.178092709,0.000000000,0.236995665,0.144548519,6.910478144,0.323743679,27.264814180,0,238,222,16,0.239436620,36,0,0,0,0,0,719,37,14766,49362,9861,0,0,455989
643,1517157288.979892015,1517157289.080634832,1,0,0,1,161.920570002,67.411792131,-5.737406742,-0.005766817,0.026452962,0.130848027,0.991032683,998,611,0.612224449,0.021990067,0.011453335,0.008306036,0.386489250,31.831246601,0.000000000,0.248528151,0.142004461,6.909547836,0.343951561,27.527331573,0,169,164,5,0.169338677,27,0,0,0,0,0,802,27,14815,49531,9888,0,0,456791
644,1517157289.080689907,1517157289.181524754,1,0,0,1,162.174525580,67.484985873,-5.745598515,-0.026813201,0.032371965,0.087675391,0.995261842,1046,637,0.608986616,0.020739481,0.010886374,0.007815195,0.401955722,32.245302842,0.000000000,0.259366762,0.141662474,6.847329782,0.417042730,27.801309078,0,154,153,1,0.147227533,21,0,0,0,0,0,871,21,14849,49685,9909,0,0,457662
645,1517157289.181550026,1517157289.282389402,1,0,0,1,162.401001429,67.522109185,-5.751618803,-0.024252494,0.045309457,0.039325714,0.997903982,1056,622,0.589015152,0.024751881,0.013476254,0.009523405,0.444007983,29.422882805,0.000000000,0.274464943,0.140364495,6.762700475,0.513326046,27.967058803,0,130,128,2,0.123106061,24,0,0,0,0,0,901,25,14889,49815,9933,0,0,458563
646,1517157289.282409906,1517157289.383249283,1,0,0,1,162.591912534,67.524019059,-5.760059591,0.002829182,0.064056434,0.027760462,0.997556077,1020,622,0.609803922,0.021109281,0.012213123,0.007733472,0.509193214,26.508242833,0.000000000,0.291974670,0.142025954,6.303612054,0.525262644,28.077505617,0,113,110,3,0.110784314,12,0,0,0,0,0,895,12,14914,49928,9945,0,0,459458
647,1517157289.383270025,1517157289.484109402,1,0,0,1,162.740711576,67.539688243,-5.770422272,0.009209581,0.074732734,0.044587084,0.996163739,992,617,0.621975806,0.022263861,0.010914844,0.007902631,0.546391799,28.081068641,0.000000000,0.311445240,0.137396548,6.131916578,0.557345272,28.160081306,0,87,86,1,0.087701613,31,0,0,0,0,0,874,31,14934,50015,9976,0,0,460332
648,1517157289.484131098,1517157289.584969282,1,0,0,1,162.843674624,67.559524760,-5.778614679,0.005390868,0.078460189,0.054027839,0.995437557,1001,639,0.638361638,0.022745417,0.010421491,0.007774031,0.505008978,32.821344725,0.000000000,0.326490103,0.139185781,5.921577972,0.573680775,28.531782614,0,84,83,1,0.083916084,26,0,0,0,0,0,889,28,14949,50099,10002,0,0,461221
649,1517157289.584990978,1517157289.685830355,1,0,0,1,162.897309431,67.572659562,-5.782668176,0.005240957,0.074520366,0.057496767,0.995546769,969,621,0.640866873,0.021886698,0.010889449,0.007875209,0.533689393,29.160806834,0.000000000,0.345172140,0.141713714,5.655174329,0.579672671,28.703122004,0,59,59,0,0.060887513,21,0,0,0,0,0,887,23,14962,50158,10023,0,0,462108
650,1517157289.685851097,1517157289.786690235,1,0,0,1,162.903057836,67.579337399,-5.784807160,0.004399600,0.066343771,0.060771603,0.995934717,947,606,0.639915523,0.019916690,0.010103167,0.006551308,0.548417786,29.811102544,0.000000000,0.363240818,0.146956760,5.026546581,0.582289827,28.994905505,0,49,49,0,0.051742344,12,0,0,0,0,0,885,13,14964,50207,10035,0,0,462993
651,1517157289.786710978,1517157289.887550354,1,0,0,1,162.894418386,67.578600821,-5.782490965,0.006522020,0.046988814,0.061999802,0.996948113,947,585,0.617740232,0.020143450,0.008932115,0.006765529,0.513782503,27.760390775,0.000000000,0.382072835,0.151203309,4.711380573,0.583736480,28.964779924,0,66,66,0,0.069693770,12,0,0,0,0,0,868,13,14974,50273,10047,0,0,463861
652,1517157289.887571096,1517157289.988410234,1,0,0,1,162.876013848,67.577772839,-5.776754852,0.009441907,0.035191355,0.061502122,0.997441681,958,602,0.628392484,0.021457674,0.009349255,0.007163905,0.492594941,32.972571974,0.000000000,0.397881968,0.154246033,4.400681216,0.578139919,29.395694137,0,55,55,0,0.057411273,15,0,0,0,0,0,885,18,14981,50328,10062,0,0,464746
653,1517157289.988430977,1517157290.089209318,1,0,0,1,162.858901530,67.573192344,-5.779252465,0.010624493,0.024153405,0.061438952,0.997761990,924,613,0.663419913,0.019523514,0.008975795,0.006983758,0.458655485,28.449554181,0.000000000,0.407941759,0.161468580,4.097319063,0.570150127,29.344563304,0,67,67,0,0.072510823,18,0,0,0,0,0,838,19,15000,50395,10080,0,0,465584
654,1517157290.089230061,1517157290.190069199,1,0,0,1,162.843428836,67.570054314,-5.780337094,0.012289773,0.018035994,0.061145064,0.997890247,909,573,0.630363036,0.018808088,0.009701410,0.006262007,0.430746812,30.360977745,0.000000000,0.419139769,0.170213817,3.801548260,0.564051997,29.627986064,0,38,38,0,0.041804180,14,0,0,0,0,0,857,14,15003,50433,10094,0,0,466441
655,1517157290.190089941,1517157290.290929317,1,0,0,1,162.837685286,67.568442634,-5.781249799,0.012663221,0.014293576,0.060611739,0.997978734,944,608,0.644067797,0.017286298,0.008158713,0.006387799,0.453345443,29.795739318,0.000000000,0.431431393,0.183237574,3.501870098,0.564222428,29.608373962,0,45,45,0,0.047669492,9,0,0,0,0,0,887,12,15009,50478,10103,0,0,467328
656,1517157290.290950060,1517157290.391789198,1,0,0,1,162.842086969,67.568687031,-5.780318221,0.013036922,0.014887502,0.060674383,0.997961432,937,610,0.651013874,0.016883733,0.008548747,0.006635069,0.465329525,28.617822262,0.000000000,0.442328142,0.196163492,3.197414972,0.554596359,29.696436223,0,40,39,1,0.042689434,13,0,0,0,0,0,884,13,15011,50518,10116,0,0,468212
657,1517157290.391809940,1517157290.492649317,1,0,0,1,162.846625323,67.568634869,-5.781713491,0.012920852,0.014804467,0.060795057,0.997956833,930,606,0.651612903,0.017293926,0.008688900,0.006820776,0.466069309,28.823326162,0.000000000,0.454727261,0.205969655,2.880621830,0.535457809,29.793651850,0,21,20,1,0.022580645,15,0,0,0,0,0,893,16,15012,50539,10131,0,0,469105
658,1517157290.492670059,1517157290.593509197,1,0,0,1,162.849400894,67.570170121,-5.783527471,0.012830081,0.014573180,0.060752565,0.997963996,924,606,0.655844156,0.017300858,0.009151145,0.006539911,0.475018969,28.714194788,0.000000000,0.463197618,0.196180582,2.589955414,0.449880445,29.634744439,0,23,22,1,0.024891775,14,0,0,0,0,0,886,15,15013,50562,10145,0,0,469991
659,1517157290.593529940,1517157290.694369316,1,0,0,1,162.851064721,67.570566888,-5.782950311,0.012381589,0.018263582,0.060076476,0.997949876,912,616,0.675438596,0.016943131,0.008452290,0.005719939,0.437810948,29.757003970,0.000000000,0.468170780,0.203507969,2.313255368,0.352675772,29.561658518,0,12,12,0,0.013157895,11,0,0,0,0,0,889,11,15013,50574,10156,0,0,470880
660,1517157290.694390059,1517157290.795229197,1,0,0,1,162.842785111,67.568342065,-5.776318620,0.011475994,0.033122203,0.058200104,0.997689315,942,604,0.641188960,0.019799376,0.008040655,0.005522478,0.501826056,27.700132391,0.000000000,0.469378201,0.193824817,1.731097068,0.307238148,29.763917652,0,35,34,1,0.037154989,14,0,0,0,0,0,893,14,15017,50609,10170,0,0,471773
661,1517157290.795249939,1517157290.896089315,1,0,0,1,162.810697942,67.562262702,-5.770682032,0.008123361,0.052592729,0.055624633,0.997032555,979,611,0.624106231,0.018960641,0.008532858,0.006580671,0.472887418,28.845173934,0.000000000,0.472248688,0.144159500,1.458563527,0.311313505,29.742848902,0,50,48,2,0.051072523,12,0,0,0,0,0,917,12,15026,50659,10182,0,0,472690
662,1517157290.896110058,1517157290.996949196,1,0,0,1,162.735293720,67.551534195,-5.764535309,0.006922584,0.065238584,0.051223334,0.996530067,991,619,0.624621594,0.017626666,0.008192099,0.005584286,0.502598868,28.472644295,0.000000000,0.477291020,0.110132741,1.207820082,0.296874491,29.507576481,0,53,52,1,0.053481332,8,0,0,0,0,0,930,8,15031,50712,10190,0,0,473620
663,1517157290.996969938,1517157291.097747326,1,0,0,1,162.618320407,67.537076778,-5.760098185,0.007127229,0.061947612,0.046500321,0.996970118,983,623,0.633774161,0.018579332,0.009447851,0.006010687,0.494913196,29.218844211,0.000000000,0.482712217,0.109096810,1.061347074,0.218124553,29.376956362,0,39,38,1,0.039674466,10,0,0,0,0,0,934,10,15037,50751,10200,0,0,474554
664,1517157291.097768068,1517157291.198607206,1,0,0,1,162.459132293,67.519765480,-5.758675532,0.005492442,0.062035044,0.039518417,0.997276181,1005,631,0.627860697,0.019085506,0.008935138,0.006291606,0.524427296,27.984745068,0.000000000,0.488835796,0.109059674,0.991902814,0.134996173,29.163928473,0,35,35,0,0.034825871,5,0,0,0,0,0,965,5,15039,50786,10205,0,0,475519
665,1517157291.198627949,1517157291.299467325,1,0,0,1,162.264030348,67.494066995,-5.752144190,0.007234778,0.064608129,0.034721703,0.997280227,1026,642,0.625730994,0.019057172,0.010833918,0.007014325,0.495133071,28.427476760,0.000000000,0.491392050,0.092449585,0.997691162,0.123908099,29.114158171,0,40,39,1,0.038986355,12,0,0,0,0,0,974,12,15042,50826,10217,0,0,476493
666,1517157291.299488068,1517157291.400327206,1,0,0,1,162.032262511,67.470752120,-5.743883220,0.004953474,0.064921036,0.030156830,0.997422322,1016,626,0.616141732,0.017431381,0.009627692,0.006555609,0.478961651,28.520195329,0.000000000,0.489880472,0.093182986,1.080794966,0.098284448,29.214755795,0,39,38,1,0.038385827,11,0,0,0,0,0,966,11,15050,50865,10228,0,0,477459
667,1517157291.400347948,1517157291.501187325,1,0,0,1,161.777158727,67.454316781,-5.726038525,0.002295693,0.079914105,0.025306396,0.996477823,1046,663,0.633843212,0.019111960,0.008480700,0.006453891,0.536399784,29.580041977,0.000000000,0.489380872,0.086108952,1.231873705,0.089532090,29.289704462,0,38,38,0,0.036328872,10,0,0,0,0,0,997,11,15055,50903,10238,0,0,478456
668,1517157291.501208067,1517157291.602045059,1,0,0,1,161.485153421,67.439683097,-5.710665157,-0.005557263,0.065262590,0.022873842,0.997590446,1033,621,0.601161665,0.018193549,0.008924923,0.006545955,0.541957515,27.459181510,0.000000000,0.491228298,0.074422242,1.469281080,0.088857024,29.021596301,0,58,56,2,0.056147144,9,0,0,0,0,0,966,9,15069,50961,10247,0,0,479422
669,1517157291.602068901,1517157291.702907324,1,0,0,1,161.161023648,67.418710024,-5.705551923,0.001293359,0.031960870,0.018000320,0.999326182,1003,605,0.603190429,0.019691123,0.010894701,0.007783640,0.556310696,27.903864262,0.000000000,0.492359364,0.065514692,1.785061794,0.091828474,28.958749173,0,50,47,3,0.049850449,8,0,0,0,0,0,944,9,15077,51011,10255,0,0,480366
670,1517157291.702929020,1517157291.803767204,1,0,0,1,160.829038471,67.384034027,-5.695803724,0.008471482,0.012811065,0.004467046,0.999872070,958,568,0.592901879,0.026115962,0.014496972,0.011178305,0.541112482,26.502480796,0.000000000,0.491994098,0.106788631,2.110020516,0.116726654,28.793318085,0,79,78,1,0.082463466,17,0,0,0,0,0,861,18,15085,51090,10272,0,0,481227
671,1517157291.803788900,1517157291.904628277,1,0,0,1,160.514178683,67.343995886,-5.680209808,0.011481624,-0.015490554,0.017225225,0.999665697,908,538,0.592511013,0.019951947,0.013144883,0.008325729,0.475951973,27.034755925,0.000000000,0.490102572,0.106570894,2.408503117,0.140547051,28.757036343,0,49,48,1,0.053964758,7,0,0,0,0,0,852,7,15089,51139,10279,0,0,482079
672,1517157292.005448103,1517157292.106287241,1,0,0,1,160.101940481,67.133924030,-5.664757132,0.046966969,-0.010578818,0.134651807,0.989722730,799,442,0.553191489,0.028166900,0.018512167,0.009654736,0.513930649,22.879883311,0.000000000,0.491169357,0.145683173,2.853548693,0.374961715,28.252401910,0,63,59,4,0.078848561,11,0,0,0,0,0,725,11,15103,51202,10290,0,0,482804
673,1517157292.106307983,1517157292.207147360,1,0,0,1,159.946725203,67.061219746,-5.667873489,0.040271536,-0.032473894,0.135051951,0.989487049,735,386,0.525170068,0.024398563,0.015824914,0.010499475,0.411861093,25.989382613,0.000000000,0.488829638,0.154768350,3.009151335,0.374556913,28.129393331,0,33,33,0,0.044897959,5,0,0,0,0,0,697,5,15106,51235,10295,0,0,483501
674,1517157292.308027983,1517157292.408865213,1,0,0,1,159.744598020,66.979574076,-5.665246338,0.023161831,-0.036883617,0.154676470,0.987004720,696,362,0.520114943,0.025251888,0.015923881,0.010911183,0.321117465,28.911661702,0.000000000,0.483348170,0.164309716,3.221126425,0.414284952,28.056927529,0,49,49,0,0.070402299,4,0,0,0,0,0,642,5,15114,51284,10299,0,0,484143
675,1517157292.408888102,1517157292.509727240,1,0,0,1,159.712243975,66.972400682,-5.674954080,0.025243460,-0.039910477,0.158497451,0.986229425,685,361,0.527007299,0.027152941,0.016373392,0.011247029,0.328617747,27.412624240,0.000000000,0.477111786,0.175348788,3.251152941,0.421688302,27.937771775,0,29,29,0,0.042335766,5,0,0,0,0,0,651,5,15116,51313,10304,0,0,484794
676,1517157292.610608101,1517157292.711447239,1,0,0,1,159.715332563,66.975073108,-5.672636535,0.025365040,-0.022984871,0.157017129,0.987002498,720,378,0.525000000,0.029240945,0.016851416,0.012134134,0.338334925,28.183951109,0.000000000,0.470762056,0.188991123,3.251100645,0.424148246,27.916078218,0,33,33,0,0.045833333,9,0,0,0,0,0,678,9,15123,51346,10313,0,0,485472
677,1517157292.711467981,1517157292.812307358,1,0,0,1,159.726569681,66.982034300,-5.679025813,0.024859485,-0.015820244,0.156843158,0.987183848,700,364,0.520000000,0.023501739,0.013525032,0.009659918,0.330813010,27.797119637,0.000000000,0.463999241,0.183545811,3.262128453,0.424170856,27.864767891,0,20,20,0,0.028571429,5,0,0,0,0,0,675,5,15122,51366,10318,0,0,486147
678,1517157292.812328100,1517157292.913167238,1,0,0,1,159.729885476,66.983147183,-5.676267982,0.024451058,-0.012857291,0.157030756,0.987207262,717,366,0.510460251,0.024268973,0.013303421,0.009018648,0.309422013,28.899819323,0.000000000,0.455719393,0.177814677,3.264777282,0.423409820,27.874049118,0,19,19,0,0.026499303,4,0,0,0,0,0,694,4,15124,51385,10322,0,0,486841
679,1517157292.913187981,1517157293.013966322,1,0,0,1,159.732172689,66.984061308,-5.671829293,0.025565952,-0.010336595,0.156670574,0.987265855,710,350,0.492957746,0.022776687,0.013393173,0.009560720,0.312207312,32.168431344,0.000000000,0.449439211,0.168700617,3.259014722,0.420761002,27.994620487,0,22,21,1,0.030985915,3,0,0,0,0,0,684,4,15127,51407,10325,0,0,487525
680,1517157293.013987064,1517157293.114826202,1,0,0,1,159.728606935,66.984888899,-5.670031998,0.023266348,-0.009346926,0.157042886,0.987273439,699,348,0.497854077,0.022308278,0.011959675,0.007982322,0.328525101,26.929434614,0.000000000,0.440774163,0.166307679,3.229951832,0.416825592,27.956085598,0,13,11,2,0.018597997,4,0,0,0,0,0,682,4,15130,51420,10329,0,0,488207
681,1517157293.215707064,1517157293.316546202,1,0,0,1,159.721039891,66.982909124,-5.668094218,0.023332488,-0.009564608,0.157029465,0.987271928,703,349,0.496443812,0.023506589,0.013484236,0.009675830,0.310937857,27.437036514,0.000000000,0.432676685,0.162018563,3.161598782,0.408295776,27.885678727,0,14,13,1,0.019914651,3,0,0,0,0,0,686,3,15132,51434,10332,0,0,488893
682,1517157293.316566944,1517157293.417406321,1,0,0,1,159.719517634,66.982012136,-5.667035526,0.023186392,-0.009509579,0.157125510,0.987260621,707,358,0.506364922,0.022686278,0.013388789,0.008950567,0.307253968,29.015794510,0.000000000,0.422909440,0.153064584,3.045711702,0.398898495,27.912836238,0,9,9,0,0.012729844,4,0,0,0,0,0,694,4,15130,51443,10336,0,0,489587
683,1517157293.417427063,1517157293.518266201,1,0,0,1,159.715787924,66.981681101,-5.665587314,0.023686355,-0.009623100,0.156968998,0.987272549,694,353,0.508645533,0.023237752,0.013940753,0.009306404,0.305013760,27.890078326,0.000000000,0.413414468,0.146266241,2.889593433,0.384975604,27.846397943,0,10,8,2,0.014409222,3,0,0,0,0,0,681,3,15133,51453,10339,0,0,490268
684,1517157293.518286943,1517157293.619126320,1,0,0,1,159.714721057,66.982798148,-5.663858480,0.024548512,-0.009419161,0.156926457,0.987260217,697,360,0.516499283,0.023202992,0.014088900,0.009073701,0.273511230,29.863754725,0.000000000,0.400868665,0.140258021,2.695016306,0.375709979,27.940348426,0,5,4,1,0.007173601,3,0,0,0,0,0,689,3,15134,51458,10342,0,0,490957
685,1517157293.619147062,1517157293.719986200,1,0,0,1,159.714503055,66.983457335,-5.662677051,0.024336512,-0.008936483,0.157045977,0.987250948,704,356,0.505681818,0.023324392,0.013496418,0.009089520,0.325213459,26.891488770,0.000000000,0.392372685,0.133489070,2.463302631,0.366495306,27.863549027,0,13,13,0,0.018465909,4,0,0,0,0,0,687,4,15134,51471,10346,0,0,491644
686,1517157293.720006943,1517157293.820846319,1,0,0,1,159.712283022,66.983335144,-5.661675966,0.024844718,-0.009168406,0.157107623,0.987226355,703,364,0.517780939,0.022891352,0.013484897,0.008557802,0.293593131,26.747289641,0.000000000,0.383104259,0.119489680,2.209486256,0.356724927,27.774903742,0,5,5,0,0.007112376,4,0,0,0,0,0,694,4,15134,51476,10350,0,0,492338
687,1517157293.921727896,1517157294.022505283,1,0,0,1,159.711913522,66.982672999,-5.661993263,0.025503223,-0.008927206,0.156945611,0.987237543,706,352,0.498583569,0.023194196,0.014252098,0.009779278,0.283149765,28.094051379,0.000000000,0.370441758,0.110827317,1.917532577,0.350894608,27.700604213,0,5,4,1,0.007082153,2,0,0,0,0,0,699,2,15135,51481,10352,0,0,493037
688,1517157294.022526026,1517157294.123365402,1,0,0,1,159.712724024,66.981153725,-5.663266152,0.024500910,-0.009233686,0.157007284,0.987250301,705,355,0.503546099,0.022822245,0.013812703,0.009873164,0.280556483,28.678166059,0.000000000,0.357371706,0.096953262,1.594826073,0.341858260,27.761553440,0,2,2,0,0.002836879,3,0,0,0,0,0,700,3,15136,51483,10355,0,0,493737
689,1517157294.123385906,1517157294.224225283,1,0,0,1,159.713205499,66.980310546,-5.664221509,0.024201857,-0.009340684,0.157002883,0.987257371,704,356,0.505681818,0.022674304,0.013948265,0.009519121,0.290895791,28.254841692,0.000000000,0.344100961,0.088598497,1.262254690,0.314876224,27.779102311,0,2,2,0,0.002840909,2,0,0,0,0,0,700,2,15136,51485,10357,0,0,494437
690,1517157294.224246025,1517157294.325085402,1,0,0,1,159.713406854,66.979685964,-5.663511589,0.024339191,-0.008994373,0.157036388,0.987251882,696,354,0.508620690,0.022065575,0.013344285,0.009160063,0.302886996,27.459983058,0.000000000,0.332189686,0.088717475,0.945443373,0.290000199,27.826977425,0,3,3,0,0.004310345,5,0,0,0,0,0,688,5,15136,51488,10362,0,0,495125
691,1517157294.425966024,1517157294.526805401,1,0,0,1,159.712538089,66.979803272,-5.663137784,0.025302770,-0.009157121,0.156967895,0.987237052,699,351,0.502145923,0.023554481,0.013354236,0.009987447,0.300211033,27.277599603,0.000000000,0.323402639,0.079990153,0.483460861,0.055353915,27.839119608,0,1,1,0,0.001430615,3,0,0,0,0,0,695,3,15136,51489,10365,0,0,495820
692,1517157294.526825905,1517157294.627665281,1,0,0,1,159.714084404,66.981186434,-5.662606976,0.025166759,-0.009086945,0.156918100,0.987249093,702,356,0.507122507,0.023441221,0.013137796,0.009446063,0.305326220,28.288616150,0.000000000,0.312972418,0.070204796,0.314174796,0.055144658,28.109556250,0,4,4,0,0.005698006,5,0,0,0,0,0,693,5,15136,51493,10370,0,0,496513
693,1517157294.627686024,1517157294.728525400,1,0,0,1,159.713894980,66.979918761,-5.662238471,0.024356314,-0.008955281,0.156964131,0.987263306,704,349,0.495738636,0.022000994,0.013173913,0.009179503,0.314325113,28.356484403,0.000000000,0.308095619,0.072108298,0.097498567,0.014362474,28.227911340,0,5,5,0,0.007102273,3,0,0,0,0,0,696,3,15137,51498,10373,0,0,497209
694,1517157294.728545904,1517157294.829385281,1,0,0,1,159.715942384,66.980161040,-5.662649793,0.024274560,-0.009356859,0.156959695,0.987262300,703,356,0.506401138,0.022947029,0.014754053,0.010095550,0.280879316,28.722792983,0.000000000,0.306083712,0.071006232,0.065068553,0.006827100,28.218467904,0,4,4,0,0.005689900,4,0,0,0,0,0,695,4,15137,51502,10377,0,0,497904
695,1517157294.829406023,1517157294.930245399,1,0,0,1,159.717035981,66.981885199,-5.664428160,0.023161031,-0.009003009,0.155204671,0.987569756,711,369,0.518987342,0.023147543,0.015265394,0.009823843,0.278939667,27.377017583,0.000000000,0.303599808,0.062218394,0.063080202,0.007644429,28.216687571,0,11,11,0,0.015471167,4,0,0,0,0,0,696,4,15137,51513,10381,0,0,498600
696,1517157294.930265903,1517157295.031044245,1,0,0,1,159.719688174,66.983135874,-5.663261990,0.023434973,-0.009134257,0.155355439,0.987538381,702,357,0.508547009,0.021509688,0.012150710,0.008455307,0.286883151,28.554364722,0.000000000,0.301027219,0.027051113,0.051554120,0.007820876,28.235208252,0,10,10,0,0.014245014,7,0,0,0,0,0,685,7,15137,51523,10388,0,0,499285
697,1517157295.031064987,1517157295.131904364,1,0,0,1,159.728752551,66.984934595,-5.660491242,0.022107296,-0.024817354,0.154937163,0.987365101,714,368,0.515406162,0.024540913,0.015294004,0.010354627,0.339938436,28.903191298,0.000000000,0.301483490,0.030546816,0.056747620,0.008556909,28.290511835,0,15,14,1,0.021008403,9,0,0,0,0,0,690,9,15138,51538,10397,0,0,499975
698,1517157295.131925106,1517157295.232764244,1,0,0,1,159.774098279,67.007971446,-5.670083998,0.016165437,-0.028387143,0.149700356,0.988191607,712,364,0.511235955,0.024219764,0.012983634,0.009399715,0.302021219,26.424026446,0.000000000,0.301113450,0.030360672,0.103429907,0.018205475,28.166722191,0,19,18,1,0.026685393,6,0,0,0,0,0,687,6,15141,51557,10403,0,0,500662
699,1517157295.232784986,1517157295.333624363,1,0,0,1,159.858581652,67.033068760,-5.677625718,0.018585163,-0.028328197,0.146466771,0.988635216,711,353,0.496483826,0.022737117,0.013821290,0.009661387,0.351453384,26.424734196,0.000000000,0.303075754,0.030393411,0.187806413,0.024045677,27.879537334,0,24,24,0,0.033755274,3,0,0,0,0,0,684,3,15140,51581,10406,0,0,501346
700,1517157295.333645105,1517157295.434484243,1,0,0,1,159.970193285,67.058069411,-5.691161990,0.020641386,-0.023258993,0.143546401,0.989154883,722,380,0.526315789,0.021719949,0.014484915,0.009590100,0.354365901,26.458749468,0.000000000,0.304367794,0.032163308,0.294923813,0.029954243,27.856003076,0,18,18,0,0.024930748,2,0,0,0,0,0,702,2,15142,51599,10408,0,0,502048
701,1517157295.434504986,1517157295.535344362,1,0,0,1,160.106531006,67.094089339,-5.694707223,0.021009695,-0.025775480,0.131732494,0.990727393,739,398,0.538565629,0.022409506,0.014195403,0.009404702,0.398451168,27.050062580,0.000000000,0.308743460,0.032194076,0.433924229,0.053702054,27.836654380,0,20,20,0,0.027063599,4,0,0,0,0,0,715,4,15142,51619,10412,0,0,502763
702,1517157295.535365105,1517157295.636204243,1,0,0,1,160.252835302,67.141207152,-5.691366437,0.012092648,-0.020194466,0.123071188,0.992118659,755,419,0.554966887,0.024281763,0.014447072,0.010393603,0.392735006,27.951184546,0.000000000,0.313017511,0.034474783,0.583650229,0.070333029,27.783423881,0,28,28,0,0.037086093,7,0,0,0,0,0,720,7,15144,51647,10419,0,0,503483
703,1517157295.636224985,1517157295.737064362,1,0,0,1,160.419409084,67.184589415,-5.697794922,0.012638204,-0.018052084,0.112163497,0.993445393,801,427,0.533083645,0.021663689,0.014705089,0.008885294,0.420791037,27.742780973,0.000000000,0.318806375,0.036719985,0.753582168,0.092212389,27.776059014,0,22,22,0,0.027465668,5,0,0,0,0,0,773,6,15145,51669,10424,0,0,504256
704,1517157295.737085104,1517157295.837924242,1,0,0,1,160.593696326,67.228388124,-5.701942441,0.011423262,-0.019180296,0.101087542,0.994627033,858,499,0.581585082,0.022000288,0.013271332,0.009241160,0.472140806,28.676349477,0.000000000,0.328737854,0.037699290,0.931966027,0.114203725,27.716688751,0,38,36,2,0.044289044,9,0,0,0,0,0,810,10,15151,51707,10433,0,0,505066
705,1517157295.837944984,1517157295.938784361,1,0,0,1,160.773046226,67.261414070,-5.710708749,0.013530107,-0.016953074,0.087781148,0.995903610,897,518,0.577480491,0.021267139,0.010844721,0.007516235,0.464197891,30.750936394,0.000000000,0.335687076,0.040457340,1.112103526,0.140893859,27.909661133,0,29,29,0,0.032329989,12,0,0,0,0,0,854,14,15158,51736,10445,0,0,505920
706,1517157295.938805103,1517157296.039583206,1,0,0,1,160.959913317,67.299312349,-5.711081020,0.007553955,-0.017866013,0.072806911,0.997157408,938,536,0.571428571,0.019789418,0.009900522,0.006956985,0.472479657,32.259864976,0.000000000,0.344631402,0.049709851,1.301953332,0.170414121,28.185289899,0,33,32,1,0.035181237,9,0,0,0,0,0,896,9,15163,51769,10454,0,0,506816
707,1517157296.039604902,1517157296.140443325,1,0,0,1,161.148213849,67.331435145,-5.715310066,0.003953471,-0.013599889,0.063380255,0.997888950,975,575,0.589743590,0.020102485,0.009904481,0.006823369,0.533573452,29.574887043,0.000000000,0.357152586,0.055149210,1.490879644,0.189044430,28.259331682,0,33,31,2,0.033846154,8,0,0,0,0,0,934,8,15168,51802,10462,0,0,507750
708,1517157296.140465021,1517157296.241304398,1,0,0,1,161.330006270,67.357212713,-5.717325756,0.002331173,-0.022786365,0.046997436,0.998632359,1040,620,0.596153846,0.019413531,0.010705540,0.007376852,0.581062771,27.101697038,0.000000000,0.372177901,0.062779135,1.673139462,0.221815343,28.180508231,0,58,57,1,0.055769231,12,0,0,0,0,0,970,12,15178,51860,10474,0,0,508720
709,1517157296.241324902,1517157296.342164278,1,0,0,1,161.523972081,67.377639213,-5.727069708,0.000512372,-0.006040632,0.032493465,0.999453562,1049,638,0.608198284,0.019732492,0.010428980,0.007682134,0.435054491,33.490803830,0.000000000,0.379385836,0.067772110,1.867454346,0.250738763,28.442306338,0,19,18,1,0.018112488,7,0,0,0,0,0,1023,7,15182,51879,10481,0,0,509743
710,1517157296.342185020,1517157296.443024397,1,0,0,1,161.725240760,67.398808686,-5.732704063,-0.003071176,0.010092297,0.019504824,0.999754107,1057,673,0.636707663,0.020842085,0.010115111,0.006740503,0.503179727,27.542907664,0.000000000,0.389400472,0.069138154,2.068958666,0.276609685,28.446452569,0,33,32,1,0.031220435,5,0,0,0,0,0,1015,9,15184,51912,10486,0,0,510758
711,1517157296.443044901,1517157296.543884277,1,0,0,1,161.920840396,67.400077786,-5.732121254,0.000409060,0.007993627,0.013530051,0.999876429,1071,667,0.622782446,0.021748534,0.012009566,0.007800314,0.514086320,28.658815990,0.000000000,0.400094237,0.067702526,2.262421796,0.288400897,28.515513388,0,29,29,0,0.027077498,7,0,0,0,0,0,1035,7,15184,51941,10493,0,0,511793
712,1517157296.543905020,1517157296.644744396,1,0,0,1,162.110925268,67.401243672,-5.747435992,0.000851184,-0.004688018,0.005574040,0.999973114,1078,678,0.628942486,0.017965083,0.009014070,0.006288951,0.499684049,26.647862118,0.000000000,0.409812128,0.077592080,2.451792503,0.304212152,28.433475686,0,8,7,1,0.007421150,8,0,0,0,0,0,1061,9,15185,51949,10501,0,0,512854
713,1517157296.644764900,1517157296.745604277,1,0,0,1,162.298923700,67.398483055,-5.758944563,0.001940062,-0.005395966,-0.002229809,0.999981074,1062,653,0.614877589,0.020125415,0.011173890,0.007261173,0.441070346,29.961409710,0.000000000,0.416149390,0.079439598,2.638060771,0.319811327,28.513721952,0,17,17,0,0.016007533,6,0,0,0,0,0,1038,7,15188,51966,10507,0,0,513892
714,1517157296.745625019,1517157296.846464396,1,0,0,1,162.489873696,67.397532874,-5.769303365,0.002769036,-0.005958999,-0.012245164,0.999903435,1083,673,0.621421976,0.018410254,0.009386419,0.006314020,0.456786936,27.614797481,0.000000000,0.424944771,0.085177187,2.826586266,0.336342441,28.458322177,0,28,26,2,0.025854109,11,0,0,0,0,0,1042,13,15191,51994,10518,0,0,514934
715,1517157296.846484900,1517157296.947324276,1,0,0,1,162.683250838,67.395742547,-5.776466644,0.001931574,-0.004988461,-0.023340768,0.999713255,1057,653,0.617786187,0.016451846,0.008518145,0.005874926,0.436554434,28.473706390,0.000000000,0.432825509,0.098109953,3.016948648,0.358230099,28.513156617,0,18,18,0,0.017029328,11,0,0,0,0,0,1026,13,15192,52012,10529,0,0,515960
716,1517157296.947345018,1517157297.048122406,1,0,0,1,162.874087259,67.389242633,-5.780472988,0.000282870,-0.004179391,-0.034931455,0.999380931,1004,623,0.620517928,0.017864282,0.009698008,0.006918576,0.480657737,26.652028652,0.000000000,0.442514238,0.104195355,3.198290197,0.380175223,28.418039814,0,17,16,1,0.016932271,6,0,0,0,0,0,980,7,15194,52029,10535,0,0,516940
717,1517157297.048142910,1517157297.148982286,1,0,0,1,163.063357705,67.375874041,-5.786650353,-0.000865158,-0.004656312,-0.053804195,0.998540274,943,587,0.622481442,0.019542046,0.009487027,0.007014283,0.520388450,24.965237089,0.000000000,0.451536739,0.097927204,3.336374115,0.407631280,28.221142103,0,20,19,1,0.021208908,7,0,0,0,0,0,915,8,15197,52049,10542,0,0,517855
718,1517157297.149003029,1517157297.249842405,1,0,0,1,163.257119991,67.355227550,-5.792838218,-0.002896362,-0.001434920,-0.074188119,0.997239026,867,548,0.632064591,0.017936873,0.009030215,0.006202852,0.626750766,23.801451170,0.000000000,0.467773216,0.094561967,3.442877053,0.441788685,28.090013339,0,15,14,1,0.017301038,7,0,0,0,0,0,844,8,15199,52064,10549,0,0,518699
719,1517157297.249862909,1517157297.350702286,1,0,0,1,163.445049997,67.329619647,-5.801875952,0.003829983,0.007382185,-0.079125039,0.996830007,747,464,0.621151272,0.018091302,0.009735332,0.006775291,0.552779639,18.508109486,0.000000000,0.477839529,0.094258443,3.517583340,0.445710862,27.694182104,0,32,32,0,0.042838019,3,0,0,0,0,0,712,3,15201,52096,10552,0,0,519411
720,1517157297.350723028,1517157297.451562405,1,0,0,1,163.620954031,67.306642396,-5.802741756,0.013760509,0.034125669,-0.077238814,0.996333404,712,427,0.599719101,0.021307554,0.010455834,0.007643429,0.478388670,21.390030552,0.000000000,0.484040668,0.093560242,3.553923634,0.426177456,27.440746158,0,29,29,0,0.040730337,6,0,0,0,0,0,676,7,15206,52125,10558,0,0,520087
721,1517157297.451582909,1517157297.552422285,1,0,0,1,163.760764605,67.288574501,-5.808495429,0.013329250,0.060131067,-0.075068403,0.995274495,679,361,0.531664212,0.021302008,0.011068828,0.006750802,0.389735920,18.208427597,0.000000000,0.483604905,0.091067442,3.541273531,0.413682501,26.998664409,0,27,27,0,0.039764359,3,0,0,0,0,0,649,3,15209,52152,10561,0,0,520736
722,1517157297.552443027,1517157297.653282404,1,0,0,1,163.846456223,67.280299949,-5.816144078,0.012588738,0.069120529,-0.076240519,0.994611110,642,326,0.507788162,0.017784837,0.009603228,0.006666977,0.323370699,17.070438443,0.000000000,0.480136690,0.080916402,3.455452512,0.394197268,26.454627104,0,27,26,1,0.042056075,2,0,0,0,0,0,613,2,15215,52179,10563,0,0,521349
723,1517157297.653302908,1517157297.754142284,1,0,0,1,163.877635826,67.280260059,-5.820412053,0.011195307,0.066335051,-0.076595497,0.994790157,631,323,0.511885895,0.017073512,0.009795453,0.007261181,0.292693804,18.827393725,0.000000000,0.473731828,0.083223672,3.307168696,0.372827634,26.008857741,0,13,13,0,0.020602219,3,0,0,0,0,0,615,3,15217,52192,10566,0,0,521964
724,1517157297.754163027,1517157297.855002403,1,0,0,1,163.877598733,67.279699537,-5.821995015,0.012009357,0.057650455,-0.076165622,0.995354710,637,329,0.516483516,0.019379962,0.010790836,0.007824465,0.314900091,18.938032895,0.000000000,0.465869792,0.078063483,3.126272509,0.347049810,25.521941912,0,13,12,1,0.020408163,6,0,0,0,0,0,617,7,15217,52205,10572,0,0,522581
725,1517157297.855022907,1517157297.955862284,1,0,0,1,163.862832418,67.277343513,-5.825559314,0.012389666,0.058558311,-0.076193731,0.995294899,638,326,0.510971787,0.019003703,0.009978052,0.007895741,0.288176511,21.480919021,0.000000000,0.457068723,0.074979527,2.950972752,0.317208649,25.058441044,0,15,15,0,0.023510972,1,0,0,0,0,0,621,2,15219,52220,10573,0,0,523202
726,1517157297.955883026,1517157298.056660414,1,0,0,1,163.823961506,67.279393036,-5.827874187,0.009880461,0.044233718,-0.076985257,0.996001518,609,312,0.512315271,0.019020479,0.010592491,0.007538184,0.340112091,21.293773575,0.000000000,0.450450345,0.074807412,2.798898774,0.300274387,24.510136474,0,16,14,2,0.026272578,3,0,0,0,0,0,589,4,15222,52236,10576,0,0,523791
727,1517157298.056680918,1517157298.157520294,1,0,0,1,163.782064493,67.284256477,-5.821943435,0.012193276,0.047968879,-0.077543185,0.995759692,643,345,0.536547434,0.019450235,0.009873746,0.007873069,0.362460179,18.665544012,0.000000000,0.441894682,0.074172059,2.657870068,0.268403195,23.964669322,0,7,7,0,0.010886470,5,0,0,0,0,0,631,5,15222,52243,10581,0,0,524422
728,1517157298.157541990,1517157298.258380413,1,0,0,1,163.719322760,67.295003638,-5.815281162,0.013845244,0.067972872,-0.080220295,0.994360449,659,336,0.509863429,0.019411838,0.008766044,0.006517680,0.361301887,19.267080715,0.000000000,0.430906637,0.074171480,2.526591641,0.244638575,23.572938506,0,9,9,0,0.013657056,4,0,0,0,0,0,645,5,15223,52252,10585,0,0,525067
729,1517157298.258402109,1517157298.359241247,1,0,0,1,163.612774049,67.314153209,-5.809917554,0.012482090,0.066626397,-0.082393834,0.994291897,704,373,0.529829545,0.018961494,0.009659617,0.006543916,0.421502786,19.149035838,0.000000000,0.430229052,0.073972904,2.432522964,0.223167600,22.855850106,0,21,21,0,0.029829545,2,0,0,0,0,0,681,2,15225,52273,10587,0,0,525748
730,1517157298.359261990,1517157298.460101366,1,0,0,1,163.480123368,67.334829661,-5.801383925,0.014253528,0.065692730,-0.083984725,0.994197097,727,410,0.563961486,0.018712561,0.010420628,0.006493631,0.470697559,20.178331200,0.000000000,0.428604944,0.071357670,2.371441731,0.214252970,22.487621283,0,13,13,0,0.017881706,4,0,0,0,0,0,708,6,15226,52286,10591,0,0,526456
731,1517157298.460122108,1517157298.560961246,1,0,0,1,163.315432302,67.357983341,-5.790094880,0.010891762,0.059407196,-0.086677960,0.994403885,767,442,0.576271186,0.019992198,0.013594614,0.008544147,0.476810235,21.763794545,0.000000000,0.426741139,0.064698316,2.347430734,0.204142927,22.142870211,0,11,10,1,0.014341591,1,0,0,0,0,0,754,2,15227,52297,10592,0,0,527210
732,1517157298.560981989,1517157298.661821365,1,0,0,1,163.138184840,67.382703987,-5.782279391,0.011956778,0.049470120,-0.088723916,0.994755151,812,494,0.608374384,0.018810275,0.011753886,0.007107110,0.603323813,21.746867209,0.000000000,0.431923128,0.063591770,2.338193769,0.192471425,21.897820465,0,19,19,0,0.023399015,5,0,0,0,0,0,788,5,15228,52316,10597,0,0,527998
733,1517157298.661842108,1517157298.762681246,1,0,0,1,162.946811218,67.406638201,-5.776554147,0.012376255,0.041183564,-0.092550887,0.994778908,887,565,0.636978579,0.019460148,0.011806377,0.007322415,0.579471800,22.906626323,0.000000000,0.438843200,0.062407176,2.339910087,0.180094106,21.545081296,0,29,29,0,0.032694476,7,0,0,0,0,0,850,8,15228,52345,10604,0,0,528848
734,1517157298.762701988,1517157298.863541365,1,0,0,1,162.745313837,67.435317084,-5.767014210,0.011522216,0.031107437,-0.093935629,0.995025459,938,613,0.653518124,0.020078660,0.009772544,0.006691793,0.558666457,22.072015219,0.000000000,0.443937176,0.063256937,2.350143557,0.160796718,21.267942183,0,31,31,0,0.033049041,3,0,0,0,0,0,903,4,15226,52376,10607,0,0,529751
735,1517157298.863562107,1517157298.964401245,1,0,0,1,162.544346258,67.465178303,-5.761850907,0.011430269,0.025215555,-0.096264424,0.994970696,937,609,0.649946638,0.017206487,0.008220204,0.005506969,0.489846214,25.734064487,0.000000000,0.446601765,0.059435496,2.362394012,0.142350663,21.130960088,0,30,29,1,0.032017076,10,0,0,0,0,0,897,10,15227,52406,10617,0,0,530648
736,1517157298.964421988,1517157299.065199375,1,0,0,1,162.338521478,67.498576597,-5.755650871,0.008566833,0.019966824,-0.099680902,0.994782214,938,589,0.627931770,0.017800357,0.008893348,0.006640701,0.496131544,25.434964713,0.000000000,0.447375456,0.059621508,2.381160525,0.111613831,21.070106891,0,16,16,0,0.017057569,8,0,0,0,0,0,914,8,15229,52422,10625,0,0,531562
737,1517157299.065220118,1517157299.166029453,1,0,0,1,162.133409692,67.531580192,-5.749012890,0.008611172,0.016364789,-0.102649677,0.994545668,1000,616,0.616000000,0.016510064,0.007925851,0.005413268,0.482804026,26.345971823,0.000000000,0.445496234,0.066266062,2.394059185,0.076756022,21.139143628,0,20,19,1,0.020000000,6,0,0,0,0,0,974,6,15230,52442,10631,0,0,532536
738,1517157299.166079998,1517157299.262355328,1,0,0,1,161.944298610,67.566984133,-5.742102617,0.003696771,0.017845898,-0.103832258,0.994427835,995,627,0.630150754,0.016788847,0.007951888,0.005518991,0.459250326,27.952455037,0.000000000,0.437121213,0.069972638,2.396697922,0.069436287,21.346693821,0,26,26,0,0.026130653,5,0,0,0,0,0,964,5,15231,52468,10636,0,0,533500
739,1517157299.266940117,1517157299.358731270,1,0,0,1,161.754627335,67.600826812,-5.735306035,0.003720133,0.018528516,-0.107288298,0.994048327,969,580,0.598555212,0.017602110,0.008623048,0.006200474,0.492293525,27.616793481,0.000000000,0.434096907,0.070996024,2.412084138,0.071978281,21.802128021,0,22,22,0,0.022703818,5,0,0,0,0,0,942,5,15231,52490,10641,0,0,534442
740,1517157299.569519997,1517157299.653349161,1,0,0,1,161.226359765,67.650198176,-5.728042430,-0.047426329,-0.045708097,-0.141632991,0.987725472,1053,626,0.594491928,0.025808981,0.016833230,0.011437993,0.654741969,27.542564079,0.000000000,0.442914572,0.103591506,2.801612934,0.133159910,22.109754697,0,65,61,4,0.061728395,9,0,0,0,0,0,978,10,15245,52555,10650,0,0,535420
741,1517157299.670380116,1517157299.753856659,1,0,0,1,161.147045935,67.526008366,-5.732671681,0.052060702,-0.007319841,-0.224750351,0.972997114,973,580,0.596094553,0.035571326,0.023001649,0.014440999,0.623266599,27.232941499,0.000000000,0.454591106,0.207972129,2.862612340,0.303581679,22.560980392,0,43,42,1,0.044193217,4,0,0,0,0,0,926,4,15244,52598,10654,0,0,536346
742,1517157299.771239996,1517157299.852836847,1,0,0,1,161.101667575,67.468529302,-5.721584374,0.113856067,-0.012589848,-0.220361680,0.968668685,930,573,0.616129032,0.026535507,0.018465295,0.010504987,0.722183252,23.526233427,0.000000000,0.474531733,0.214885106,2.905209272,0.311817169,22.883770141,0,40,40,0,0.043010753,4,0,0,0,0,0,885,5,15245,52638,10658,0,0,537231
743,1517157299.872100115,1517157299.950318336,1,0,0,1,161.100857908,67.473623972,-5.710683199,0.112118972,-0.012028508,-0.218247795,0.969356772,939,552,0.587859425,0.027988839,0.018357209,0.010191978,0.678261805,24.584215491,0.000000000,0.493810134,0.221627642,2.915589725,0.315191473,23.171611230,0,50,49,1,0.053248136,3,0,0,0,0,0,884,5,15255,52688,10661,0,0,538115
744,1517157299.972959995,1517157300.048187971,1,0,0,1,161.137568031,67.504450618,-5.707390680,0.068893165,0.008059520,-0.214261359,0.974310446,1004,612,0.609561753,0.022466511,0.016254747,0.009023258,0.635912868,25.133155515,0.000000000,0.509860772,0.220215727,2.948267217,0.325241510,23.481367361,0,26,26,0,0.025896414,2,0,0,0,0,0,975,3,15256,52714,10663,0,0,539090
745,1517157300.073760033,1517157300.147112608,1,0,0,1,161.177098138,67.542490235,-5.711719408,0.022203292,0.010614724,-0.213972355,0.976529658,975,598,0.613333333,0.018259803,0.009778353,0.006815325,0.525058370,26.992101963,0.000000000,0.521704865,0.221466370,2.964304254,0.324276967,23.756926508,0,20,19,1,0.020512821,7,0,0,0,0,0,947,8,15257,52734,10670,0,0,540037
746,1517157300.174619913,1517157300.247394562,1,0,0,1,161.191719585,67.560516517,-5.703870685,0.005370767,0.011375556,-0.212435985,0.977094010,984,585,0.594512195,0.017501092,0.010271327,0.007104308,0.569761368,26.215991953,0.000000000,0.533187329,0.224271998,2.946212739,0.326097120,24.003037427,0,13,13,0,0.013211382,4,0,0,0,0,0,967,4,15257,52747,10674,0,0,541004
747,1517157300.275480986,1517157300.348586082,1,0,0,1,161.190411228,67.567994259,-5.701867444,-0.000306040,-0.002938934,-0.214098195,0.976807674,1012,599,0.591897233,0.021364513,0.011825637,0.008491298,0.559867430,27.796762121,0.000000000,0.543057692,0.222860368,2.890060721,0.324302434,24.459598332,0,20,20,0,0.019762846,5,0,0,0,0,0,987,5,15257,52767,10679,0,0,541991
748,1517157300.376341105,1517157300.450215816,1,0,0,1,161.196760535,67.563827178,-5.703038229,-0.009533975,-0.026266353,-0.225932365,0.973742137,1003,589,0.587238285,0.021077947,0.012149064,0.007330511,0.522306318,27.949541983,0.000000000,0.551107913,0.221425307,2.789356394,0.343987814,24.893721395,0,26,25,1,0.025922233,9,0,0,0,0,0,968,9,15260,52793,10688,0,0,542959
749,1517157300.477200985,1517157300.552237749,1,0,0,1,161.234593677,67.541080741,-5.707706177,-0.015809388,-0.025603704,-0.238908043,0.970575840,995,606,0.609045226,0.020303984,0.012587169,0.008503266,0.620613672,24.552844592,0.000000000,0.561063457,0.219800445,2.699223735,0.367397085,25.163911833,0,32,31,1,0.032160804,2,0,0,0,0,0,961,2,15265,52825,10690,0,0,543920
750,1517157300.578061104,1517157300.654314280,1,0,0,1,161.297552741,67.500539642,-5.706240610,-0.023051776,-0.022451663,-0.268572243,0.962721917,1023,612,0.598240469,0.018728102,0.009824639,0.006362692,0.563437523,24.769799904,0.000000000,0.565700456,0.219774081,2.607427434,0.422610762,25.393485268,0,36,35,1,0.035190616,5,0,0,0,0,0,981,6,15267,52861,10695,0,0,544901
751,1517157300.779781103,1517157300.880620241,1,0,0,1,161.483324969,67.328537079,-5.725736579,-0.027089628,-0.011714294,-0.372822322,0.927433256,1052,629,0.597908745,0.019871425,0.011297553,0.007244718,0.549523697,27.569941728,0.000000000,0.569336129,0.219903289,2.682215639,0.639028195,25.683792627,0,24,23,1,0.022813688,5,0,0,0,0,0,1023,5,15270,52885,10700,0,0,545924
752,1517157300.880640984,1517157300.981480360,1,0,0,1,161.577058941,67.226673488,-5.721658787,-0.033885368,0.011506638,-0.420944265,0.906380331,1050,632,0.601904762,0.019737500,0.010048372,0.007283577,0.476873766,27.989129162,0.000000000,0.563013626,0.218587851,2.627754018,0.737079088,25.995905725,0,23,21,2,0.021904762,6,0,0,0,0,0,1020,7,15272,52908,10706,0,0,546944
753,1517157300.981501102,1517157301.082277298,1,0,0,1,161.662917189,67.120040388,-5.723829386,-0.050462943,0.012417667,-0.471879234,0.880130264,1041,626,0.601344861,0.018245078,0.009938086,0.007372719,0.560755722,26.088974309,0.000000000,0.562077823,0.220571647,2.560922063,0.847892384,26.155023124,0,25,24,1,0.024015370,7,0,0,0,0,0,1008,8,15275,52933,10713,0,0,547952
754,1517157301.082298040,1517157301.183137178,1,0,0,1,161.731495902,66.996554335,-5.726865338,-0.056909456,0.009830441,-0.521759266,0.851135679,1063,635,0.597365945,0.019873144,0.010487798,0.007594560,0.617434415,23.418094683,0.000000000,0.565016220,0.220784798,2.498966123,0.957747346,26.222327098,0,31,31,0,0.029162747,4,0,0,0,0,0,1026,6,15276,52964,10717,0,0,548978
755,1517157301.183157921,1517157301.283997297,1,0,0,1,161.778016989,66.854899711,-5.736568351,-0.042967619,0.012098248,-0.574373284,0.817375523,1070,637,0.595327103,0.020702180,0.011864498,0.007830636,0.652123180,22.742790837,0.000000000,0.573130069,0.215183078,2.439770590,1.076964442,26.072763415,0,29,28,1,0.027102804,5,0,0,0,0,0,1034,7,15278,52993,10722,0,0,550012
756,1517157301.284018040,1517157301.384857178,1,0,0,1,161.802829022,66.705804822,-5.742006339,-0.017120722,0.018660255,-0.593224306,0.804638800,1000,627,0.627000000,0.021657689,0.012535274,0.008791808,0.576954612,24.521168372,0.000000000,0.577171222,0.210225546,2.383157687,1.117974724,26.027073598,0,38,38,0,0.038000000,12,0,0,0,0,0,950,12,15280,53031,10734,0,0,550962
757,1517157301.384877920,1517157301.485715151,1,0,0,1,161.830415387,66.573230059,-5.738109372,0.017062114,0.031815588,-0.587561493,0.808373765,957,577,0.602925810,0.016682569,0.008176874,0.006123220,0.455824394,24.254105004,0.000000000,0.575822240,0.209713055,2.326107578,1.128874689,25.922480257,0,22,20,2,0.022988506,5,0,0,0,0,0,929,6,15284,53053,10739,0,0,551891
758,1517157301.485738039,1517157301.586577177,1,0,0,1,161.855862946,66.486290160,-5.741097298,0.033827899,0.057482965,-0.589713164,0.804853879,924,579,0.626623377,0.017220944,0.009076177,0.006805977,0.517308993,21.991487817,0.000000000,0.578725174,0.208516696,2.223957799,1.130098822,25.624431896,0,40,37,3,0.043290043,5,0,0,0,0,0,879,5,15290,53093,10744,0,0,552770
759,1517157301.586597919,1517157301.687437296,1,0,0,1,161.878706992,66.457564159,-5.743445471,0.017232552,0.061266907,-0.588374755,0.806079743,880,560,0.636363636,0.017110783,0.009061699,0.006731535,0.401409759,21.573796630,0.000000000,0.574180986,0.209786076,1.730115424,1.066291025,25.322282054,0,26,26,0,0.029545455,4,0,0,0,0,0,850,4,15293,53119,10748,0,0,553620
760,1517157301.687458038,1517157301.788295031,1,0,0,1,161.884333760,66.453315617,-5.745135204,-0.001980958,0.039276634,-0.594879293,0.802852445,851,523,0.614571093,0.017359941,0.009333959,0.006835289,0.455782526,22.157928455,0.000000000,0.564233013,0.211936291,1.589936951,0.906551578,25.053050272,0,13,13,0,0.015276146,4,0,0,0,0,0,834,4,15294,53132,10752,0,0,554454
761,1517157301.788317919,1517157301.889157295,1,0,0,1,161.884125254,66.440459712,-5.745721869,-0.007908402,0.014922800,-0.601248348,0.798883715,887,572,0.644870349,0.016407554,0.007818105,0.005599293,0.506887596,20.938494692,0.000000000,0.558414063,0.150322513,1.528740612,0.911090344,24.738327932,0,19,19,0,0.021420519,5,0,0,0,0,0,863,5,15296,53151,10757,0,0,555317
762,1517157301.990037918,1517157302.090817213,1,0,0,1,161.890473319,66.409251348,-5.746318746,-0.004570533,0.019062894,-0.602391713,0.797959862,887,547,0.616685457,0.018133591,0.009774434,0.006327277,0.512434536,21.107013138,0.000000000,0.547926627,0.133705051,1.548533518,0.909797063,24.617366918,0,20,17,3,0.022547914,3,0,0,0,0,0,864,3,15301,53171,10760,0,0,556181
763,1517157302.090837955,1517157302.191677332,1,0,0,1,161.889545557,66.401945369,-5.740249664,-0.007260729,0.018513768,-0.602543000,0.797838615,902,561,0.621951220,0.016695955,0.009933215,0.006518158,0.491513186,21.160638416,0.000000000,0.538589196,0.096229546,1.510027158,0.900096013,24.446188064,0,22,22,0,0.024390244,3,0,0,0,0,0,876,4,15304,53193,10763,0,0,557057
764,1517157302.191698074,1517157302.292535067,1,0,0,1,161.888247532,66.401817700,-5.737270566,-0.006757743,0.018303510,-0.602606656,0.797799808,906,566,0.624724062,0.017912878,0.010409367,0.007286823,0.495503410,23.021330200,0.000000000,0.531568724,0.088078450,1.458248547,0.899368532,24.340596798,0,10,8,2,0.011037528,5,0,0,0,0,0,891,5,15307,53203,10768,0,0,557948
765,1517157302.292557955,1517157302.393397331,1,0,0,1,161.884818367,66.404868762,-5.734401917,-0.007958307,0.016981198,-0.602431667,0.797950118,908,577,0.635462555,0.018255403,0.009995045,0.006979946,0.510455846,22.046889866,0.000000000,0.530838597,0.088082930,1.439159491,0.897159294,24.093336193,0,11,11,0,0.012114537,10,0,0,0,0,0,887,10,15308,53214,10778,0,0,558835
766,1517157302.393418074,1517157302.494257212,1,0,0,1,161.883874150,66.406401004,-5.733519636,-0.009737663,0.016072247,-0.602376594,0.797990790,903,567,0.627906977,0.017250979,0.009073135,0.006687646,0.488591369,22.508042419,0.000000000,0.526780097,0.088690022,1.433312716,0.893902120,23.907938716,0,29,27,2,0.032115172,9,0,0,0,0,0,865,9,15310,53243,10787,0,0,559700
767,1517157302.494278908,1517157302.595117331,1,0,0,1,161.886029194,66.405012819,-5.738935713,-0.009679638,0.015350232,-0.602393502,0.797992947,919,579,0.630032644,0.016822632,0.009343737,0.006547793,0.514270974,21.451712430,0.000000000,0.524500275,0.086178164,1.431620473,0.869648609,23.590686232,0,27,26,1,0.029379761,4,0,0,0,0,0,888,4,15312,53270,10791,0,0,560588
768,1517157302.595139027,1517157302.695978403,1,0,0,1,161.887462227,66.403637742,-5.743971391,-0.009529720,0.015762288,-0.602415114,0.797970403,906,572,0.631346578,0.016967974,0.009568144,0.006532644,0.511211731,22.089157608,0.000000000,0.523945545,0.082639951,1.392642920,0.843345738,23.297667013,0,17,17,0,0.018763797,3,0,0,0,0,0,886,3,15313,53287,10794,0,0,561474
769,1517157302.695998907,1517157302.796838284,1,0,0,1,161.888179808,66.403401243,-5.747250738,-0.010263079,0.015801081,-0.602458423,0.797927844,910,575,0.631868132,0.016968534,0.008951241,0.006267311,0.527241483,21.436595269,0.000000000,0.519276936,0.080788167,1.321111102,0.782426734,23.141854547,0,10,10,0,0.010989011,3,0,0,0,0,0,897,3,15313,53297,10797,0,0,562371
770,1517157302.796859026,1517157302.897698402,1,0,0,1,161.888340441,66.404225758,-5.750344631,-0.009725012,0.015498156,-0.602440700,0.797953905,903,563,0.623477298,0.016869423,0.008997623,0.006307404,0.528031336,20.737176089,0.000000000,0.517506626,0.082200873,1.070395173,0.562124272,22.940223356,0,15,15,0,0.016611296,3,0,0,0,0,0,885,3,15314,53312,10800,0,0,563256
771,1517157302.897718906,1517157302.998558283,1,0,0,1,161.888169974,66.403947927,-5.750948652,-0.010248287,0.015501336,-0.602482854,0.797915467,919,576,0.626768226,0.015764017,0.008755520,0.005878879,0.502039458,21.344677350,0.000000000,0.515132415,0.084050738,0.932593711,0.456514396,22.628960137,0,5,5,0,0.005440696,2,0,0,0,0,0,912,2,15314,53317,10802,0,0,564168
772,1517157302.998579025,1517157303.099356413,1,0,0,1,161.886469979,66.403655846,-5.751139990,-0.009902051,0.015569098,-0.602425735,0.797961645,902,563,0.624168514,0.016550442,0.008987583,0.006064754,0.520076917,21.538922446,0.000000000,0.517292572,0.082418348,0.797409626,0.342957593,22.306449802,0,7,7,0,0.007760532,3,0,0,0,0,0,892,3,15314,53324,10805,0,0,565060
773,1517157303.099376917,1517157303.200216293,1,0,0,1,161.885820202,66.403912261,-5.751022741,-0.010413717,0.015505121,-0.602504267,0.797897082,915,575,0.628415301,0.016308572,0.008776192,0.005949878,0.510174580,21.806619058,0.000000000,0.514763515,0.084175900,0.656834316,0.228569281,22.092332039,0,14,13,1,0.015300546,1,0,0,0,0,0,900,1,15315,53338,10806,0,0,565960
774,1517157303.200237036,1517157303.301076412,1,0,0,1,161.885398422,66.403716688,-5.750915745,-0.009877962,0.015603165,-0.602463504,0.797932762,902,576,0.638580931,0.018035414,0.009789947,0.006771755,0.514513644,21.674944751,0.000000000,0.509617477,0.079397055,0.507897890,0.102413183,22.005174542,0,10,9,1,0.011086475,3,0,0,0,0,0,889,3,15317,53348,10809,0,0,566849
775,1517157303.301096916,1517157303.401936293,1,0,0,1,161.885642189,66.403027024,-5.749852027,-0.010094045,0.015646027,-0.602506193,0.797896986,901,575,0.638179800,0.017398365,0.009810235,0.006812580,0.529448962,21.334222550,0.000000000,0.503483766,0.067884821,0.357945677,0.055522694,21.934746128,0,7,6,1,0.007769145,3,0,0,0,0,0,891,3,15318,53355,10812,0,0,567740
776,1517157303.401957035,1517157303.502796412,1,0,0,1,161.887314206,66.403173789,-5.750086550,-0.010015651,0.015419535,-0.602568216,0.797855544,910,569,0.625274725,0.017670708,0.009716646,0.006416330,0.519107214,21.385671047,0.000000000,0.500591396,0.037280474,0.224169908,0.042216925,21.777971262,0,3,3,0,0.003296703,3,0,0,0,0,0,904,3,15318,53358,10815,0,0,568644
777,1517157303.502816916,1517157303.603656292,1,0,0,1,161.887439361,66.402332894,-5.749545152,-0.010236324,0.015375095,-0.602544445,0.797871553,909,563,0.619361936,0.016680449,0.009490904,0.006489544,0.492220695,21.513900784,0.000000000,0.502411211,0.037284952,0.134540893,0.034097491,21.640961051,0,9,9,0,0.009900990,1,0,0,0,0,0,899,1,15318,53367,10816,0,0,569543
778,1517157303.603677034,1517157303.704516411,1,0,0,1,161.886675354,66.401333688,-5.749666291,-0.010117449,0.015749504,-0.602553190,0.797859163,906,574,0.633554084,0.017233351,0.010043782,0.006557962,0.503282539,22.138007152,0.000000000,0.501709888,0.037289709,0.099027541,0.032297483,21.648287017,0,8,8,0,0.008830022,2,0,0,0,0,0,896,2,15318,53375,10818,0,0,570439
779,1517157303.704536915,1517157303.805376291,1,0,0,1,161.886500613,66.401777025,-5.749852028,-0.009837521,0.015434712,-0.602580928,0.797847867,914,571,0.624726477,0.017875539,0.010305744,0.006771668,0.495203312,21.872444822,0.000000000,0.506399566,0.038423167,0.092288761,0.019170222,21.663219427,0,3,3,0,0.003282276,1,0,0,0,0,0,910,1,15318,53378,10819,0,0,571349
780,1517157303.805397034,1517157303.906236410,1,0,0,1,161.885588752,66.401403233,-5.749151372,-0.010109679,0.015632746,-0.602481560,0.797915648,908,573,0.631057269,0.017471932,0.009728444,0.006130271,0.520666547,21.260930583,0.000000000,0.509643767,0.038536639,0.080626973,0.005744836,21.618369533,0,9,9,0,0.009911894,2,0,0,0,0,0,897,2,15318,53387,10821,0,0,572246
781,1517157303.906256914,1517157304.007034302,1,0,0,1,161.885293956,66.402233669,-5.747541964,-0.010247356,0.015939755,-0.602624833,0.797799615,902,564,0.625277162,0.016696867,0.009654036,0.007039949,0.522995070,21.125617192,0.000000000,0.510449141,0.037708258,0.050608795,0.003026093,21.627725658,0,6,6,0,0.006651885,5,0,0,0,0,0,891,5,15318,53393,10826,0,0,573137
782,1517157304.007055044,1517157304.107894182,1,0,0,1,161.884503376,66.402149526,-5.748240119,-0.010252851,0.015409834,-0.602528323,0.797882846,911,577,0.633369923,0.016955255,0.009809775,0.006315154,0.513228189,22.241599332,0.000000000,0.510488823,0.035673601,0.042123711,0.002936416,21.684454968,0,6,5,1,0.006586169,4,0,0,0,0,0,901,4,15319,53399,10830,0,0,574038
783,1517157304.107914925,1517157304.208754301,1,0,0,1,161.884703526,66.402345158,-5.748898134,-0.010148033,0.015279581,-0.602526744,0.797887884,909,560,0.616061606,0.016813688,0.009523121,0.006299846,0.506121111,21.463019853,0.000000000,0.511219219,0.035453963,0.039586669,0.002806565,21.699574040,0,5,5,0,0.005500550,3,0,0,0,0,0,901,3,15319,53404,10833,0,0,574939
784,1517157304.208775043,1517157304.309614182,1,0,0,1,161.885245684,66.402284698,-5.748656892,-0.010207130,0.015764029,-0.602553192,0.797857732,904,563,0.622787611,0.015997395,0.009281218,0.006261741,0.504343419,20.722631857,0.000000000,0.511661220,0.036766958,0.034770450,0.002385532,21.584639123,0,6,6,0,0.006637168,3,0,0,0,0,0,895,3,15319,53410,10836,0,0,575834
785,1517157304.309634924,1517157304.410474300,1,0,0,1,161.885470430,66.402201512,-5.748012176,-0.009834026,0.015720575,-0.602561674,0.797856870,896,567,0.632812500,0.017066161,0.009348079,0.006270477,0.503366239,21.571908702,0.000000000,0.511306739,0.032988807,0.033453837,0.002218130,21.560890065,0,6,6,0,0.006696429,2,0,0,0,0,0,888,2,15320,53416,10838,0,0,576722
786,1517157304.410495043,1517157304.511334181,1,0,0,1,161.885036513,66.402068889,-5.747362140,-0.010317334,0.015962044,-0.602581253,0.797831185,903,565,0.625692137,0.016529436,0.009791693,0.006533209,0.503357970,21.795147465,0.000000000,0.512045070,0.033292841,0.028254473,0.002283147,21.525245317,0,7,7,0,0.007751938,2,0,0,0,0,0,894,2,15319,53423,10840,0,0,577616
787,1517157304.511354923,1517157304.612187386,1,0,0,1,161.884714337,66.402663735,-5.748059782,-0.010303594,0.015353989,-0.602559849,0.797859461,905,576,0.636464088,0.018387362,0.010039806,0.007068686,0.521775602,21.417609266,0.000000000,0.512420301,0.037947055,0.023813070,0.002295326,21.523540159,0,6,6,0,0.006629834,5,0,0,0,0,0,894,5,15319,53429,10845,0,0,578510
788,1517157304.612215996,1517157304.713049650,1,0,0,1,161.883014766,66.402046383,-5.748683365,-0.010287745,0.015368029,-0.602414854,0.797968878,899,565,0.628476085,0.016099388,0.008721048,0.006289903,0.518827579,21.138591310,0.000000000,0.512801093,0.039813476,0.022360537,0.002543739,21.476011844,0,7,7,0,0.007786429,2,0,0,0,0,0,890,2,15319,53436,10847,0,0,579400
789,1517157304.713076115,1517157304.813277006,1,0,0,1,161.884048365,66.399979780,-5.748235972,-0.013241466,0.012275223,-0.602278179,0.798082062,927,576,0.621359223,0.018338412,0.009307732,0.006667444,0.505998528,21.682274598,0.000000000,0.511738946,0.043352565,0.021508217,0.002980150,21.488295810,0,17,17,0,0.018338727,7,0,0,0,0,0,903,7,15319,53453,10854,0,0,580303
790,1517157304.813935995,1517157304.913362265,1,0,0,1,161.887332931,66.393124388,-5.749679446,-0.018686124,0.009532439,-0.602621196,0.797751625,935,586,0.626737968,0.019173647,0.010076397,0.006789828,0.479477792,23.300543507,0.000000000,0.509311268,0.050795449,0.028559323,0.003601421,21.616464181,0,13,13,0,0.013903743,11,0,0,0,0,0,911,11,15321,53466,10865,0,0,581214
791,1517157304.914796114,1517157305.015570879,1,0,0,1,161.892279232,66.377782315,-5.751594029,-0.022417060,0.009118589,-0.602851938,0.797485967,950,595,0.626315789,0.018334153,0.010055087,0.006877822,0.511671520,22.761776839,0.000000000,0.509792872,0.048967304,0.043056852,0.004008531,21.687319156,0,14,13,1,0.014736842,8,0,0,0,0,0,928,8,15323,53480,10873,0,0,582142
792,1517157305.015595913,1517157305.116435289,1,0,0,1,161.897847104,66.361123377,-5.756288906,-0.026249301,0.005927953,-0.602732861,0.797489142,955,588,0.615706806,0.020046116,0.010616041,0.006670202,0.523909143,22.647660599,0.000000000,0.509984483,0.058455432,0.060529939,0.004259447,21.742756063,0,19,19,0,0.019895288,3,0,0,0,0,0,933,3,15326,53499,10876,0,0,583075
793,1517157305.116456032,1517157305.217295408,1,0,0,1,161.909742165,66.338248841,-5.754159612,-0.027429002,0.002687762,-0.603418814,0.796948029,965,587,0.608290155,0.017767584,0.009508671,0.006462361,0.501485565,24.499326084,0.000000000,0.509550032,0.056329957,0.085923137,0.005775219,21.877391415,0,26,26,0,0.026943005,5,0,0,0,0,0,933,6,15328,53525,10881,0,0,584008
794,1517157305.217315912,1517157305.318155289,1,0,0,1,161.918660991,66.303528028,-5.748327480,-0.026065325,-0.001127507,-0.602825731,0.797446215,955,596,0.624083770,0.019202240,0.010926920,0.007468308,0.552667290,22.159769493,0.000000000,0.511457714,0.059601540,0.120951521,0.007203750,21.901632652,0,18,17,1,0.018848168,6,0,0,0,0,0,931,6,15330,53543,10887,0,0,584939
795,1517157305.318176031,1517157305.419015408,1,0,0,1,161.930197822,66.257132925,-5.750382251,-0.023743012,-0.003074220,-0.602834018,0.797507345,973,596,0.612538541,0.018890718,0.010299398,0.007325230,0.536162650,22.717242795,0.000000000,0.511793399,0.061411158,0.167108897,0.007096889,21.970783664,0,19,19,0,0.019527235,4,0,0,0,0,0,950,4,15331,53562,10891,0,0,585889
796,1517157305.419035912,1517157305.519870758,1,0,0,1,161.942664820,66.202719261,-5.750061888,-0.020964232,-0.003325091,-0.601696679,0.798442579,986,619,0.627789047,0.019794504,0.010008753,0.007257877,0.585071647,20.504015684,0.000000000,0.515091620,0.066417115,0.221925495,0.009855899,21.926700896,0,24,24,0,0.024340771,5,0,0,0,0,0,957,5,15334,53586,10896,0,0,586846
797,1517157305.519896030,1517157305.615193605,1,0,0,1,161.959931519,66.145571471,-5.749974124,-0.021509034,-0.002062492,-0.603054691,0.797407140,1000,601,0.601000000,0.018296674,0.009267194,0.006599099,0.510188271,22.872535366,0.000000000,0.515989999,0.064878786,0.280361236,0.013213660,21.994632625,0,23,23,0,0.023000000,4,0,0,0,0,0,973,4,15336,53609,10900,0,0,587819
798,1517157305.620755911,1517157305.716372728,1,0,0,1,161.978022446,66.079634292,-5.749207823,-0.030274080,-0.006983417,-0.602741475,0.797331441,995,611,0.614070352,0.018300103,0.010304630,0.006960822,0.572822356,21.764021371,0.000000000,0.519466990,0.064405810,0.348228002,0.014058299,21.975933336,0,22,19,3,0.022110553,4,0,0,0,0,0,969,4,15341,53631,10904,0,0,588788
799,1517157305.721616030,1517157305.817896128,1,0,0,1,162.004237028,66.007789210,-5.761171360,-0.027405132,-0.010669880,-0.599776851,0.799626689,1031,623,0.604267701,0.019420934,0.010367353,0.006930213,0.639171455,19.741768106,0.000000000,0.526665397,0.066714984,0.424427126,0.021148601,21.869399500,0,24,23,1,0.023278371,6,0,0,0,0,0,1001,6,15344,53655,10910,0,0,589789
800,1517157305.822475910,1517157305.919926405,1,0,0,1,162.033442074,65.915739107,-5.762780513,-0.020769714,-0.015461375,-0.590895177,0.806332720,978,582,0.595092025,0.017978663,0.009176012,0.006523033,0.598093367,19.553029557,0.000000000,0.530536738,0.066307705,0.519177694,0.042637356,21.784004449,0,23,23,0,0.023517382,5,0,0,0,0,0,949,6,15346,53678,10915,0,0,590738
801,1517157305.923336029,1517157306.023211241,1,0,0,1,162.070007510,65.813127902,-5.764984924,-0.020528988,-0.016338739,-0.580353429,0.813941953,940,576,0.612765957,0.020868744,0.012008984,0.008266143,0.626195708,20.535741704,0.000000000,0.535696770,0.071723777,0.627073512,0.068363085,21.754510674,0,20,19,1,0.021276596,5,0,0,0,0,0,914,6,15350,53698,10920,0,0,591652
802,1517157306.024142027,1517157306.113224030,1,0,0,1,162.112458339,65.727812326,-5.764087639,-0.020286667,-0.018563913,-0.568069569,0.822521001,886,546,0.616252822,0.021378197,0.011076411,0.007660438,0.611315232,19.999995177,0.000000000,0.540601122,0.078223686,0.721656011,0.098292959,21.642430467,0,33,33,0,0.037246050,12,0,0,0,0,0,841,12,15354,53731,10932,0,0,592493
803,1517157306.125001907,1517157306.214249849,1,0,0,1,162.161604612,65.618008372,-5.766830563,-0.011801046,-0.015326499,-0.553932026,0.832337158,677,449,0.663220089,0.021106942,0.010247290,0.007312036,0.433867979,17.969940943,0.000000000,0.536988466,0.080596888,0.841391523,0.132350133,21.467776521,0,16,16,0,0.023633678,9,0,0,0,0,0,652,9,15358,53747,10941,0,0,593145
804,1517157306.225862026,1517157306.315552235,1,0,0,1,162.217999105,65.493601827,-5.775884454,0.000110577,-0.012136697,-0.525684984,0.850592726,616,430,0.698051948,0.020795612,0.008872805,0.006344040,0.344638165,17.919849381,0.000000000,0.529003203,0.076362178,0.977595272,0.199425727,21.327637397,0,15,14,1,0.024350649,7,0,0,0,0,0,594,7,15359,53762,10948,0,0,593739
805,1517157306.326721907,1517157306.417408228,1,0,0,1,162.283362137,65.378458805,-5.787531913,0.015767985,-0.011756424,-0.499432471,0.866129531,617,419,0.679092382,0.022186449,0.010670566,0.007532088,0.256049170,21.617110304,0.000000000,0.516637350,0.080794556,1.109715690,0.260423904,21.329897477,0,12,12,0,0.019448947,5,0,0,0,0,0,600,5,15359,53774,10953,0,0,594339
806,1517157306.427582026,1517157306.519650698,1,0,0,1,162.353184200,65.280103175,-5.791616747,0.012032875,0.016046202,-0.498339661,0.866749855,536,368,0.686567164,0.017691407,0.009360867,0.006286920,0.274962810,22.938735838,0.000000000,0.505217592,0.076407564,1.229432095,0.263034850,21.387076896,0,8,8,0,0.014925373,3,0,0,0,0,0,525,3,15360,53782,10956,0,0,594864
807,1517157306.528441906,1517157306.620987654,1,0,0,1,162.410071710,65.205436840,-5.789147963,0.021594144,0.054085471,-0.496571713,0.866039831,488,339,0.694672131,0.016566803,0.007937689,0.006401594,0.322785110,22.920292994,0.000000000,0.495268067,0.082044867,1.321420089,0.263988382,21.462211083,0,11,11,0,0.022540984,3,0,0,0,0,0,474,3,15359,53793,10959,0,0,595338
808,1517157306.629302025,1517157306.721490622,1,0,0,1,162.434468875,65.175715841,-5.785077052,0.018379274,0.062495705,-0.494756560,0.866586658,474,337,0.710970464,0.016100401,0.007159910,0.005559841,0.351204691,24.137292730,0.000000000,0.486886923,0.082039557,1.357733443,0.266216750,21.612146153,0,12,12,0,0.025316456,2,0,0,0,0,0,460,2,15359,53805,10961,0,0,595798
809,1517157306.730161905,1517157306.821627140,1,0,0,1,162.434679094,65.171495647,-5.786226672,0.012656232,0.045590259,-0.492767355,0.868873801,484,338,0.698347107,0.014202748,0.006719995,0.005122887,0.318422856,23.858372041,0.000000000,0.477508139,0.100233293,1.354375001,0.272078436,21.720951026,0,10,10,0,0.020661157,1,0,0,0,0,0,473,1,15360,53815,10962,0,0,596271
810,1517157306.831022978,1517157306.921266079,1,0,0,1,162.432191808,65.171808431,-5.789377386,0.006465467,0.025719376,-0.493117546,0.869558392,518,367,0.708494208,0.015951097,0.007073383,0.005488165,0.284847517,23.772829448,0.000000000,0.467776625,0.106667233,1.342168329,0.272293837,21.744565323,0,17,15,2,0.032818533,1,0,0,0,0,0,500,1,15363,53832,10963,0,0,596771
811,1517157306.931883097,1517157307.021010160,1,0,0,1,162.435417575,65.169550098,-5.791138487,0.004793553,0.017072359,-0.492339538,0.870222578,514,365,0.710116732,0.015140058,0.006562170,0.004911491,0.296006461,22.856476061,0.000000000,0.456993372,0.115570132,1.328300527,0.274072450,21.749300284,0,6,6,0,0.011673152,0,0,0,0,0,0,508,0,15363,53838,10963,0,0,597279
812,1517157307.032672882,1517157307.120487690,1,0,0,1,162.441633253,65.162312507,-5.791928780,0.003583788,0.010614582,-0.492074461,0.870481023,527,373,0.707779886,0.014699593,0.006820335,0.004980645,0.288565469,22.602901407,0.000000000,0.445226188,0.124365001,1.312003238,0.273273607,21.747062324,0,14,14,0,0.026565465,8,0,0,0,0,0,505,8,15364,53852,10971,0,0,597784
813,1517157307.133533001,1517157307.220739603,1,0,0,1,162.448868334,65.148506520,-5.790577541,0.002289009,0.007779795,-0.490722160,0.871278369,541,384,0.709796673,0.015863153,0.006928997,0.005202985,0.287722522,22.774138392,0.000000000,0.434538036,0.128307011,1.291329270,0.274891416,21.660802940,0,14,14,0,0.025878004,3,0,0,0,0,0,524,3,15364,53866,10974,0,0,598308
814,1517157307.234392881,1517157307.321157455,1,0,0,1,162.460470822,65.129709610,-5.788958841,-0.000314584,0.005093538,-0.490054398,0.871676915,536,392,0.731343284,0.018210950,0.008328333,0.005996965,0.278427061,22.616572607,0.000000000,0.420826025,0.128061057,1.265625771,0.276416423,21.683643095,0,10,10,0,0.018656716,3,0,0,0,0,0,523,3,15364,53876,10977,0,0,598831
815,1517157307.335253000,1517157307.421630144,1,0,0,1,162.473252800,65.106951033,-5.789366077,-0.002217784,0.004610867,-0.489050896,0.872240243,540,388,0.718518519,0.017783349,0.008257182,0.005790700,0.273718403,22.099179319,0.000000000,0.407703813,0.128199341,1.235906774,0.275896960,21.652739921,0,10,10,0,0.018518519,1,0,0,0,0,0,529,1,15364,53886,10978,0,0,599360
816,1517157307.436113119,1517157307.522269249,1,0,0,1,162.488719713,65.083951285,-5.788346508,-0.004789456,0.005463848,-0.488388208,0.872596221,533,387,0.726078799,0.017831023,0.007915335,0.005261956,0.263925571,23.363218019,0.000000000,0.391646509,0.127138061,1.203942806,0.273991336,21.795700038,0,3,3,0,0.005628518,0,0,0,0,0,0,530,0,15364,53889,10978,0,0,599890
817,1517157307.536973000,1517157307.623069286,1,0,0,1,162.506518367,65.050310638,-5.789313660,-0.007199214,0.004834490,-0.487725753,0.872953830,541,374,0.691312384,0.016868160,0.007906591,0.004995379,0.269708659,22.217547922,0.000000000,0.379622528,0.128337944,1.173635847,0.274623511,21.762950666,0,10,10,0,0.018484288,2,0,0,0,0,0,529,2,15364,53899,10980,0,0,600419
818,1517157307.637833118,1517157307.723929405,1,0,0,1,162.532106071,65.016698049,-5.793939465,-0.015706584,-0.004457111,-0.485989203,0.873812298,545,382,0.700917431,0.019079735,0.009468313,0.006493074,0.272618139,22.580868373,0.000000000,0.364612317,0.128738503,1.138723829,0.271445836,21.803793016,0,11,10,1,0.020183486,4,0,0,0,0,0,530,4,15365,53910,10984,0,0,600949
819,1517157307.738692999,1517157307.825065613,1,0,0,1,162.564326146,64.972627170,-5.799122895,-0.021024335,-0.006992603,-0.484701389,0.874399019,529,371,0.701323251,0.016314918,0.008573584,0.005781402,0.263100994,22.846985551,0.000000000,0.345808794,0.130012486,1.096976739,0.252623861,21.959053888,0,7,7,0,0.013232514,0,0,0,0,0,0,522,0,15365,53917,10984,0,0,601471
820,1517157307.839553118,1517157307.926533937,1,0,0,1,162.597960996,64.915478094,-5.805568383,-0.017022246,-0.007953118,-0.482852841,0.875499928,518,374,0.722007722,0.017659524,0.008874289,0.006055227,0.269506626,23.454674449,0.000000000,0.329379457,0.130130419,1.054647652,0.230773296,22.154136133,0,12,11,1,0.023166023,0,0,0,0,0,0,506,0,15368,53929,10984,0,0,601977
821,1517157308.041210890,1517157308.130182266,1,0,0,1,162.679084322,64.783633694,-5.810006587,-0.016267606,-0.013846208,-0.481415375,0.876232209,507,369,0.727810651,0.016467429,0.007723884,0.005276425,0.226280091,24.457487994,0.000000000,0.309383676,0.126454808,1.114216604,0.204024095,22.350223447,0,4,4,0,0.007889546,6,0,0,0,0,0,497,6,15368,53933,10990,0,0,602474
822,1517157308.142071009,1517157308.232314110,1,0,0,1,162.726426470,64.709650055,-5.812576307,-0.014485990,-0.011891469,-0.480702698,0.876683332,501,357,0.712574850,0.016066226,0.007659539,0.005215687,0.222328049,24.152707957,0.000000000,0.289934317,0.119397395,1.081756459,0.171495563,22.557859086,0,7,7,0,0.013972056,2,0,0,0,0,0,492,2,15368,53940,10992,0,0,602966
823,1517157308.242930889,1517157308.343770266,1,0,0,1,162.787783618,64.620196842,-5.813021663,-0.024074924,-0.011220672,-0.483642057,0.874862764,516,372,0.720930233,0.016625259,0.007531139,0.005421703,0.256769025,21.236687172,0.000000000,0.281079369,0.110027560,1.053339663,0.110881630,22.721196398,0,6,6,0,0.011627907,1,0,0,0,0,0,509,1,15368,53946,10993,0,0,603475
824,1517157308.343791008,1517157308.444630384,1,0,0,1,162.848043692,64.533269719,-5.815811351,-0.026456431,-0.006844684,-0.484030549,0.874624282,497,370,0.744466801,0.016349219,0.009016874,0.006360883,0.259786502,21.892575219,0.000000000,0.276836786,0.099823729,1.026234755,0.050654762,22.919832690,0,7,7,0,0.014084507,1,0,0,0,0,0,489,1,15368,53953,10994,0,0,603964
825,1517157308.444650888,1517157308.545490265,1,0,0,1,162.906457621,64.434932630,-5.825846848,-0.020056670,-0.014647977,-0.483604286,0.874934318,506,367,0.725296443,0.014643339,0.007359236,0.004920080,0.236872025,22.954126058,0.000000000,0.275877929,0.075242884,1.020364179,0.048726218,22.986683477,0,9,9,0,0.017786561,1,0,0,0,0,0,496,1,15369,53962,10995,0,0,604460
826,1517157308.545511007,1517157308.646350384,1,0,0,1,162.971861416,64.330694060,-5.826045688,-0.016769379,-0.015802027,-0.483473015,0.875055957,490,357,0.728571429,0.016488054,0.007417862,0.005467918,0.220409300,22.667340599,0.000000000,0.273150254,0.073686917,1.049521881,0.047594723,22.973113715,0,16,16,0,0.032653061,2,0,0,0,0,0,472,2,15370,53978,10997,0,0,604932
827,1517157308.646370888,1517157308.747210264,1,0,0,1,163.048355393,64.220913464,-5.829681321,-0.020422284,-0.013854978,-0.483693411,0.874889510,483,346,0.716356108,0.015322244,0.007658115,0.005111460,0.201859243,22.845132320,0.000000000,0.267103960,0.075425285,1.144706826,0.045229184,22.969355682,0,12,12,0,0.024844720,1,0,0,0,0,0,470,1,15371,53990,10998,0,0,605402
828,1517157308.747231007,1517157308.848070383,1,0,0,1,163.126641738,64.097186281,-5.833791814,-0.021880027,-0.015619728,-0.485442183,0.873855352,488,355,0.727459016,0.017475037,0.008700695,0.005889395,0.240290273,19.781064957,0.000000000,0.261558239,0.076350924,1.286799860,0.042632176,22.751544293,0,7,6,1,0.014344262,4,0,0,0,0,0,477,4,15372,53997,11002,0,0,605879
829,1517157308.848090887,1517157308.948930264,1,0,0,1,163.207108097,63.964560943,-5.836473743,-0.021785461,-0.016108464,-0.483509471,0.874919712,480,362,0.754166667,0.016637269,0.008754412,0.006043691,0.226681353,20.875272285,0.000000000,0.256971164,0.069105181,1.437923472,0.046278588,22.602389305,0,3,3,0,0.006250000,1,0,0,0,0,0,476,1,15372,54000,11003,0,0,606355
830,1517157308.948951960,1517157309.049729347,1,0,0,1,163.299201398,63.823187813,-5.844008419,-0.018893901,-0.016614424,-0.483512499,0.874975797,482,349,0.724066390,0.017321641,0.008594611,0.005835386,0.195239770,20.851674740,0.000000000,0.252490777,0.068922382,1.602501287,0.044158071,22.456331570,0,9,9,0,0.018672199,4,0,0,0,0,0,469,4,15372,54009,11007,0,0,606824
831,1517157309.049751043,1517157309.150589228,1,0,0,1,163.394124675,63.680723670,-5.849518250,-0.019953915,-0.016861057,-0.480716962,0.876486593,478,349,0.730125523,0.017288242,0.009487249,0.006364620,0.243143488,19.106347579,0.000000000,0.249847628,0.065731313,1.764208251,0.049754862,22.268825146,0,5,4,1,0.010460251,1,0,0,0,0,0,472,1,15373,54014,11008,0,0,607296
832,1517157309.150610924,1517157309.251450300,1,0,0,1,163.495889179,63.525987376,-5.856008513,-0.019948239,-0.015800949,-0.480173883,0.876804106,478,349,0.730125523,0.016617332,0.010035182,0.006815444,0.220895487,18.946924866,0.000000000,0.246464129,0.059175091,1.933877370,0.047862873,22.086026319,0,7,7,0,0.014644351,2,0,0,0,0,0,469,2,15373,54021,11010,0,0,607765
833,1517157309.251471043,1517157309.352310181,1,0,0,1,163.600696391,63.362687196,-5.864185422,-0.018822972,-0.017555948,-0.480231820,0.876763870,479,351,0.732776618,0.018974295,0.008835459,0.006478673,0.209500701,19.223088311,0.000000000,0.242553038,0.063016471,2.105940899,0.046513067,21.908473815,0,8,8,0,0.016701461,1,0,0,0,0,0,470,1,15373,54029,11011,0,0,608235
834,1517157309.352330923,1517157309.453170300,1,0,0,1,163.711904656,63.196423387,-5.868698375,-0.022906929,-0.015328070,-0.485837067,0.873614713,481,358,0.744282744,0.017828778,0.009698722,0.006861871,0.223693528,18.164325216,0.000000000,0.239816361,0.061998014,2.279913622,0.056852919,21.685861445,0,15,15,0,0.031185031,2,0,0,0,0,0,464,2,15373,54044,11013,0,0,608699
835,1517157309.453191042,1517157309.554030180,1,0,0,1,163.822705796,63.014121027,-5.872603379,-0.022303963,-0.016373768,-0.501026575,0.864989482,466,340,0.729613734,0.016397978,0.009064103,0.005710281,0.231675276,17.836140068,0.000000000,0.237714205,0.061692195,2.465547116,0.090360471,21.472709483,0,8,8,0,0.017167382,4,0,0,0,0,0,454,4,15373,54052,11017,0,0,609153
836,1517157309.554050922,1517157309.654890299,1,0,0,1,163.930621085,62.819225851,-5.879961093,-0.016934535,-0.020291678,-0.508218524,0.860822514,451,336,0.745011086,0.017055622,0.009651164,0.005537624,0.249122677,15.890125173,0.000000000,0.236974060,0.060610873,2.650374884,0.105803992,21.099054840,0,6,6,0,0.013303769,1,0,0,0,0,0,444,1,15373,54058,11018,0,0,609597
837,1517157309.755770922,1517157309.856610298,1,0,0,1,164.164113317,62.409268599,-5.895624785,-0.018576571,-0.018427808,-0.501469126,0.864779766,470,343,0.729787234,0.018560208,0.010150091,0.006762820,0.215321670,17.462822433,0.000000000,0.234254711,0.064082262,3.079926177,0.117430961,20.861318566,0,10,10,0,0.021276596,2,0,0,0,0,0,458,2,15376,54068,11020,0,0,610055
838,1517157309.856631041,1517157309.957470179,1,0,0,1,164.288968020,62.192409651,-5.898083867,-0.020647389,-0.020250195,-0.500736674,0.865116407,476,346,0.726890756,0.017595791,0.009241317,0.005717146,0.228018827,15.593623953,0.000000000,0.232024745,0.058356753,3.275332810,0.116077829,20.511956345,0,15,15,0,0.031512605,3,0,0,0,0,0,458,3,15378,54083,11023,0,0,610513
839,1517157309.957490921,1517157310.058268309,1,0,0,1,164.423028814,61.967274388,-5.907796259,-0.018416020,-0.015584298,-0.500397376,0.865459673,461,333,0.722342733,0.018190284,0.010825455,0.006983794,0.206503758,16.843191662,0.000000000,0.229194884,0.059808264,3.470915014,0.112799734,20.211766650,0,11,11,0,0.023861171,1,0,0,0,0,0,449,1,15379,54094,11024,0,0,610962
840,1517157310.058289051,1517157310.159128189,1,0,0,1,164.559158296,61.739550637,-5.911585987,-0.015880310,-0.016478523,-0.500422911,0.865478587,473,347,0.733615222,0.016624819,0.009799943,0.006239665,0.224816556,15.194264853,0.000000000,0.226960380,0.059416866,3.581385463,0.109757989,19.798746171,0,20,20,0,0.042283298,3,0,0,0,0,0,450,3,15382,54114,11027,0,0,611412
841,1517157310.159148932,1517157310.259988308,1,0,0,1,164.704526032,61.501316116,-5.917989768,-0.018206859,-0.016137865,-0.498615886,0.866481551,456,334,0.732456140,0.019111806,0.011059633,0.006487379,0.199107818,15.527226034,0.000000000,0.225601766,0.064808595,3.772670337,0.112380816,19.352233073,0,21,21,0,0.046052632,3,0,0,0,0,0,432,3,15383,54135,11030,0,0,611844
842,1517157310.260009050,1517157310.360848188,1,0,0,1,164.848902458,61.258707839,-5.925015749,-0.018290969,-0.016964164,-0.498257577,0.866670090,464,323,0.696120690,0.016762149,0.009137804,0.006241896,0.233299561,14.613643471,0.000000000,0.226150342,0.063446243,3.946600762,0.106707592,18.875279848,0,14,14,0,0.030172414,3,0,0,0,0,0,447,3,15385,54149,11033,0,0,612291
843,1517157310.360868931,1517157310.461708307,1,0,0,1,164.998599488,61.014839647,-5.932057477,-0.028305270,-0.011351233,-0.505559163,0.862252802,463,335,0.723542117,0.017565743,0.009999419,0.006309966,0.238762266,13.897933634,0.000000000,0.225250004,0.063217822,4.127027534,0.122393567,18.508342171,0,19,19,0,0.041036717,5,0,0,0,0,0,439,5,15386,54168,11038,0,0,612730
844,1517157310.461729050,1517157310.562568188,1,0,0,1,165.146793257,60.754849972,-5.939520784,-0.027460253,-0.004818490,-0.526673777,0.849610175,473,334,0.706131078,0.020077905,0.012126634,0.007311921,0.205931403,15.030454155,0.000000000,0.222557249,0.071609390,4.311562108,0.170992566,18.165236118,0,28,27,1,0.059196617,3,0,0,0,0,0,442,3,15393,54196,11041,0,0,613172
845,1517157310.562588930,1517157310.663428307,1,0,0,1,165.283164567,60.489595773,-5.948597885,-0.034434299,-0.001156262,-0.549403765,0.834846360,470,332,0.706382979,0.018612574,0.011813489,0.007356772,0.226603859,14.309339076,0.000000000,0.222043841,0.063094283,4.486898254,0.224695196,17.732996769,0,19,19,0,0.040425532,3,0,0,0,0,0,448,3,15395,54215,11044,0,0,613620
846,1517157310.663449049,1517157310.764288187,1,0,0,1,165.412494361,60.204419123,-5.963388642,-0.028990955,0.002459195,-0.566075675,0.823839673,488,343,0.702868852,0.020077609,0.012357510,0.008229558,0.206796681,15.505182275,0.000000000,0.221363210,0.068302246,4.666527927,0.264697768,17.374888853,0,22,22,0,0.045081967,5,0,0,0,0,0,461,5,15403,54237,11049,0,0,614081
847,1517157310.764308929,1517157310.865148306,1,0,0,1,165.528818386,59.907258197,-5.970171295,-0.023025952,-0.003893870,-0.569708420,0.821515039,485,328,0.676288660,0.021000653,0.012619246,0.008295784,0.196910365,15.579706011,0.000000000,0.221115766,0.071212277,4.839245310,0.269509796,17.011617538,0,26,26,0,0.053608247,7,0,0,0,0,0,452,7,15410,54263,11056,0,0,614533
848,1517157310.865169048,1517157310.966008186,1,0,0,1,165.649541065,59.610539487,-5.979864129,-0.008237920,-0.013277648,-0.540183549,0.841402148,493,348,0.705882353,0.021073910,0.012588825,0.007718020,0.222690918,15.822557410,0.000000000,0.220235798,0.079213874,5.004579224,0.335760306,16.813692160,0,22,21,1,0.044624746,5,0,0,0,0,0,466,5,15420,54285,11061,0,0,614999
849,1517157310.966028929,1517157311.066807270,1,0,0,1,165.792475061,59.320002881,-5.998410176,0.002514279,-0.012859101,-0.495049589,0.868765921,521,361,0.692898273,0.019221023,0.010458155,0.006917179,0.207151817,17.094430674,0.000000000,0.219259321,0.077147994,5.160011110,0.441079312,16.624650080,0,41,39,2,0.078694818,11,0,0,0,0,0,469,11,15434,54326,11072,0,0,615468
850,1517157311.066828012,1517157311.167667389,1,0,0,1,165.961267621,59.042672439,-6.010902873,-0.010446019,-0.010850001,-0.488548200,0.872406909,537,385,0.716945996,0.020592121,0.012939729,0.007543990,0.208376800,18.267601469,0.000000000,0.219916173,0.080004450,5.313629874,0.449852307,16.495446416,0,37,33,4,0.068901304,11,0,0,0,0,0,489,11,15451,54363,11083,0,0,615957
851,1517157311.167689085,1517157311.268527269,1,0,0,1,166.126421266,58.762677505,-6.017557472,-0.017052922,-0.009044272,-0.514230020,0.857435062,522,373,0.714559387,0.018983858,0.011818629,0.007541044,0.187527341,20.536755087,0.000000000,0.217135366,0.078492179,5.453457163,0.507834345,16.566966792,0,47,46,1,0.090038314,4,0,0,0,0,0,471,4,15473,54410,11087,0,0,616428
852,1517157311.268548965,1517157311.369388342,1,0,0,1,166.289932254,58.480150351,-6.022781759,-0.023009290,-0.007200798,-0.531760351,0.846551623,532,398,0.748120301,0.024101073,0.011941736,0.007326091,0.178636528,23.657256875,0.000000000,0.215022418,0.096533487,5.585718172,0.548657638,16.802483392,0,49,46,3,0.092105263,13,0,0,0,0,0,470,13,15494,54459,11100,0,0,616898
853,1517157311.369409084,1517157311.470248222,1,0,0,1,166.443227089,58.187562782,-6.028776970,-0.027079937,-0.006776256,-0.540070388,0.841156784,576,421,0.730902778,0.019838587,0.009859028,0.006667860,0.184349644,23.669048414,0.000000000,0.213764865,0.096891221,5.716007515,0.555634126,17.024781397,0,71,60,11,0.123263889,7,0,0,0,0,0,498,7,15532,54530,11107,0,0,617396
854,1517157311.470268965,1517157311.571108341,1,0,0,1,166.589944488,57.885944109,-6.039526269,-0.026826332,-0.003693833,-0.552842380,0.832845728,607,416,0.685337727,0.021905285,0.009436369,0.006697094,0.167568651,28.242554499,0.000000000,0.210958621,0.100392397,5.838220736,0.551169176,17.528692861,0,106,86,20,0.174629325,15,0,0,0,0,0,486,15,15587,54636,11122,0,0,617882
855,1517157311.571129084,1517157311.671968222,1,0,0,1,166.722949221,57.574649861,-6.048451359,-0.022392783,0.002808263,-0.564586033,0.825065627,640,459,0.717187500,0.020856012,0.010688529,0.007720772,0.157628231,33.847554260,0.000000000,0.207256269,0.095264302,5.953957245,0.562694670,18.329263571,0,154,143,11,0.240625000,17,0,0,0,0,0,469,17,15653,54790,11139,0,0,618351
856,1517157311.671988964,1517157311.772828341,1,0,0,1,166.842127789,57.278435334,-6.057234756,-0.019407174,0.004364354,-0.561366718,0.827328062,708,470,0.663841808,0.024607316,0.012049945,0.007790895,0.148536654,34.769143445,0.000000000,0.202226968,0.105603207,5.801321189,0.554644590,19.273214484,0,164,144,20,0.231638418,26,0,0,0,0,0,517,27,15742,54954,11165,0,0,618868
857,1517157311.772849083,1517157311.873688221,1,0,0,1,166.955692384,56.984381219,-6.063498044,0.003957494,0.007767639,-0.549586935,0.835391048,720,512,0.711111111,0.021637650,0.008303726,0.006694545,0.181071261,27.395315956,0.000000000,0.200514447,0.105723360,5.866360164,0.581218291,19.769839161,0,121,114,7,0.168055556,25,0,0,0,0,0,574,25,15796,55075,11190,0,0,619442
858,1517157311.873708963,1517157311.974548340,1,0,0,1,167.074749526,56.711096359,-6.071324084,0.025051156,0.005733047,-0.515071564,0.856761843,801,576,0.719101124,0.024570324,0.012134198,0.007277304,0.145145881,33.439155372,0.000000000,0.196370800,0.111674950,5.902348504,0.662235029,20.662115732,0,131,126,5,0.163545568,35,0,0,0,0,0,635,35,15862,55206,11225,0,0,620077
859,1517157311.974569082,1517157312.075348377,1,0,0,1,167.200930317,56.472625600,-6.075206965,0.039940942,0.011659265,-0.470152993,0.881603622,844,604,0.715639810,0.021001998,0.012117458,0.008140237,0.160786150,30.598295522,0.000000000,0.194084919,0.108616306,5.906835504,0.765885034,21.349870925,0,145,137,8,0.171800948,25,0,0,0,0,0,674,25,15919,55351,11250,0,0,620751
860,1517157312.075368881,1517157312.176208258,1,0,0,1,167.345565892,56.265980115,-6.083761501,0.039956489,0.009257652,-0.413062286,0.909778722,877,648,0.738882554,0.023411083,0.012186591,0.008484020,0.149640158,33.428169443,0.000000000,0.190326099,0.102604936,5.880057442,0.888990812,22.261566154,0,180,160,20,0.205245154,29,0,0,0,0,0,664,33,15994,55531,11279,0,0,621415
861,1517157312.176229000,1517157312.277068377,1,0,0,1,167.517108788,56.095116221,-6.090772546,0.034800359,0.010137423,-0.364192466,0.930618083,876,649,0.740867580,0.022535091,0.012359012,0.008053174,0.168737478,30.072962269,0.000000000,0.188807582,0.101717199,5.839872376,0.994177337,22.988852966,0,124,122,2,0.141552511,28,0,0,0,0,0,718,34,16031,55655,11307,0,0,622133
862,1517157312.277089119,1517157312.377928257,1,0,0,1,167.685158682,55.949744070,-6.104134132,0.034197034,0.008954498,-0.341282730,0.939295735,874,660,0.755148741,0.019701232,0.009546628,0.006854465,0.171042495,31.221720711,0.000000000,0.185694729,0.091503236,5.776240961,1.026581304,23.819256828,0,113,109,4,0.129290618,29,0,0,0,0,0,726,35,16069,55768,11336,0,0,622859
863,1517157312.377948999,1517157312.478788376,1,0,0,1,167.852925949,55.821743179,-6.112510350,0.017982226,0.002723616,-0.333537146,0.942561507,858,646,0.752913753,0.020129505,0.009552910,0.006649291,0.146778019,35.908162936,0.000000000,0.181095517,0.083474671,5.688076487,0.993108578,24.919768293,0,111,108,3,0.129370629,27,0,0,0,0,0,714,33,16110,55879,11363,0,0,623573
864,1517157312.478809118,1517157312.579648256,1,0,0,1,168.021041941,55.695387768,-6.117308002,0.007943974,-0.001206109,-0.331847835,0.943298708,840,614,0.730952381,0.022231163,0.010426112,0.007289275,0.157853670,32.969512141,0.000000000,0.178691630,0.082778079,5.600042786,0.942647133,25.816721192,0,103,100,3,0.122619048,21,0,0,0,0,0,710,27,16144,55982,11384,0,0,624283
865,1517157312.579668999,1517157312.680508375,1,0,0,1,168.184258795,55.569800880,-6.124036361,0.002028753,-0.003565092,-0.329518168,0.944140324,827,619,0.748488513,0.022210282,0.010551761,0.007743962,0.150812669,33.956186477,0.000000000,0.174902071,0.077277536,5.492612388,0.907194184,26.799063562,0,106,96,10,0.128174123,23,0,0,0,0,0,692,29,16177,56088,11407,0,0,624975
866,1517157312.680529118,1517157312.781368256,1,0,0,1,168.350461451,55.438164353,-6.132078072,0.002778524,-0.009561737,-0.324464694,0.945845397,823,618,0.750911300,0.018903672,0.008415628,0.006172587,0.151286885,33.009441313,0.000000000,0.172126581,0.080665422,5.385593085,0.908978191,27.674276514,0,107,106,1,0.130012151,27,0,0,0,0,0,683,33,16202,56195,11434,0,0,625658
867,1517157312.781388998,1517157312.882228374,1,0,0,1,168.526567405,55.311807366,-6.133869634,-0.005969220,-0.009695503,-0.319443868,0.947536797,818,623,0.761613692,0.019403542,0.008644865,0.005767953,0.159005276,31.876146617,0.000000000,0.170231326,0.083489824,5.281863929,0.849064964,28.489098545,0,81,80,1,0.099022005,22,0,0,0,0,0,715,22,16221,56276,11456,0,0,626373
868,1517157312.882249117,1517157312.983088255,1,0,0,1,168.701741863,55.186985511,-6.145702784,0.000954091,-0.009992186,-0.313029589,0.949690330,832,626,0.752403846,0.020685831,0.009717904,0.006226069,0.158168198,31.839184048,0.000000000,0.167005190,0.083798354,5.172962564,0.757043816,29.289929877,0,83,81,2,0.099759615,29,0,0,0,0,0,720,29,16237,56359,11485,0,0,627093
869,1517157312.983108997,1517157313.083885193,1,0,0,1,168.878160893,55.059899694,-6.152221332,0.001573702,-0.004650027,-0.309265366,0.950963109,815,627,0.769325153,0.017945061,0.009064397,0.005988628,0.151840163,34.148157188,0.000000000,0.164239608,0.088485092,5.065588500,0.749856538,30.142616202,0,83,80,3,0.101840491,18,0,0,0,0,0,714,18,16256,56442,11503,0,0,627807
870,1517157313.083905935,1517157313.184745312,1,0,0,1,169.057185161,54.937088900,-6.165907260,-0.000664085,-0.008628840,-0.305477758,0.952159882,824,625,0.758495146,0.020338466,0.009125436,0.006733165,0.149973578,34.437582320,0.000000000,0.161319446,0.088788446,4.957977148,0.698543447,30.951115245,0,74,71,3,0.089805825,25,0,0,0,0,0,719,31,16274,56516,11528,0,0,628526
871,1517157313.184766054,1517157313.285605192,1,0,0,1,169.247139784,54.814201479,-6.176916048,0.003565255,-0.012479386,-0.293839639,0.955766614,803,613,0.763387298,0.022057957,0.012387593,0.007887310,0.156166538,31.747756936,0.000000000,0.159751406,0.085028525,4.858010647,0.681759619,31.511665337,0,86,78,8,0.107098381,21,0,0,0,0,0,696,21,16303,56602,11549,0,0,629222
872,1517157313.285625935,1517157313.386465311,1,0,0,1,169.436739600,54.694409665,-6.186892030,0.000436282,-0.013590434,-0.289662990,0.957032111,803,592,0.737235367,0.019536419,0.008836912,0.006523527,0.145252770,33.724660146,0.000000000,0.158082218,0.082750869,4.752137369,0.670913355,32.015035501,0,63,61,2,0.078455791,24,0,0,0,0,0,716,24,16315,56665,11573,0,0,629938
873,1517157313.386487007,1517157313.487325191,1,0,0,1,169.630450810,54.572152497,-6.197493747,-0.000639595,-0.012106596,-0.286718566,0.957938143,802,603,0.751870324,0.019571281,0.008570471,0.006102521,0.147149877,33.547835473,0.000000000,0.156222230,0.083329025,4.645865605,0.646581698,32.508974854,0,64,62,2,0.079800499,26,0,0,0,0,0,711,27,16331,56729,11599,0,0,630649
874,1517157313.487346888,1517157313.588186264,1,0,0,1,169.831088235,54.446820484,-6.211000764,0.000140070,-0.014640126,-0.285970331,0.958126618,768,541,0.704427083,0.018887424,0.008727273,0.006191251,0.140452984,35.061033099,0.000000000,0.154866447,0.086692625,4.544181394,0.619574482,32.849898784,0,71,71,0,0.092447917,22,0,0,0,0,0,670,27,16349,56800,11621,0,0,631319
875,1517157313.588207006,1517157313.689046383,1,0,0,1,170.034690536,54.320586841,-6.220523175,-0.001242684,-0.013608161,-0.284570374,0.958557758,724,547,0.755524862,0.018756529,0.008400273,0.006315248,0.129034333,33.857573493,0.000000000,0.153436752,0.090248537,4.464518703,0.614827695,32.850399745,0,57,57,0,0.078729282,24,0,0,0,0,0,638,29,16363,56857,11645,0,0,631957
876,1517157313.689066887,1517157313.789906263,1,0,0,1,170.237842679,54.191913067,-6.233090661,0.001863253,-0.014369536,-0.274750560,0.961406352,731,540,0.738714090,0.018026260,0.010577909,0.007304976,0.124177814,35.662989082,0.000000000,0.152218810,0.086679372,4.390036903,0.606932811,32.895092027,0,73,70,3,0.099863201,13,0,0,0,0,0,640,18,16379,56930,11658,0,0,632597
877,1517157313.789927006,1517157313.890766382,1,0,0,1,170.446843778,54.074633259,-6.245717611,0.000129221,-0.015468948,-0.261397482,0.965107274,723,549,0.759336100,0.017323399,0.008525644,0.005963858,0.127115446,36.047084109,0.000000000,0.149521019,0.093285431,4.331832083,0.552790430,33.327680435,0,66,65,1,0.091286307,22,0,0,0,0,0,630,27,16399,56996,11680,0,0,633227
878,1517157313.890786886,1517157313.991626263,1,0,0,1,170.668617189,53.951414811,-6.256944789,0.000785504,-0.016263472,-0.256629217,0.966372768,706,547,0.774787535,0.020240426,0.010178862,0.006688603,0.106690216,42.357826183,0.000000000,0.147598236,0.081202175,4.315961424,0.458828491,33.773613975,0,57,53,4,0.080736544,17,0,0,0,0,0,626,23,16423,57053,11697,0,0,633853
879,1517157313.991647005,1517157314.092425346,1,0,0,1,170.894249218,53.830171434,-6.266825606,-0.000237798,-0.017749285,-0.250928273,0.967842915,697,530,0.760401722,0.017340201,0.009500011,0.006468839,0.107598694,42.736984719,0.000000000,0.144938863,0.086752527,4.319917314,0.343260140,34.380548435,0,52,52,0,0.074605452,12,0,0,0,0,0,626,19,16441,57105,11709,0,0,634479
880,1517157314.092446089,1517157314.193285227,1,0,0,1,171.121158727,53.710155553,-6.278542577,0.003654072,-0.017349895,-0.242307842,0.970037390,682,520,0.762463343,0.018873230,0.011653550,0.006821163,0.091874843,46.801925209,0.000000000,0.142050597,0.078692461,4.334658321,0.254960218,35.049236224,0,63,61,2,0.092375367,9,0,0,0,0,0,605,14,16465,57168,11718,0,0,635084
881,1517157314.193305969,1517157314.294145346,1,0,0,1,171.354853645,53.593498227,-6.287750212,0.004812452,-0.017602545,-0.232710981,0.972374717,669,529,0.790732436,0.019625067,0.010624132,0.006744017,0.094660527,51.315114127,0.000000000,0.138346750,0.072177155,4.373410855,0.225757607,36.111343816,0,58,58,0,0.086696562,16,0,0,0,0,0,589,22,16483,57226,11734,0,0,635673
882,1517157314.294166088,1517157314.395005226,1,0,0,1,171.584444511,53.483222397,-6.298336576,0.006609417,-0.016045111,-0.224067419,0.974419141,686,542,0.790087464,0.021013406,0.011985480,0.007895955,0.088957438,49.326494221,0.000000000,0.134242497,0.073651404,4.417144309,0.227622770,37.016582492,0,64,64,0,0.093294461,13,0,0,0,0,0,603,19,16500,57290,11747,0,0,636276
883,1517157314.395025969,1517157314.495865345,1,0,0,1,171.824636859,53.377865149,-6.310429223,0.002310812,-0.015051772,-0.213391340,0.976848115,678,539,0.794985251,0.024479990,0.011020787,0.007686869,0.091204798,47.840883555,0.000000000,0.131463836,0.090031580,4.469345332,0.246226442,37.613218523,0,59,59,0,0.087020649,26,0,0,0,0,0,588,31,16509,57349,11773,0,0,636864
884,1517157314.495886087,1517157314.596725225,1,0,0,1,172.075330136,53.268837026,-6.317263155,0.006576747,-0.020655922,-0.204008912,0.978728994,661,550,0.832072617,0.022712525,0.011472553,0.007745002,0.095012759,46.525739713,0.000000000,0.128321790,0.091655299,4.536755240,0.260205988,38.291029901,0,70,68,2,0.105900151,21,0,0,0,0,0,565,26,16520,57419,11794,0,0,637429
885,1517157314.596745968,1517157314.697585344,1,0,0,1,172.341679925,53.173055611,-6.333142437,-0.001973256,-0.020389079,-0.201627711,0.979248006,651,529,0.812596006,0.026966598,0.014682128,0.008828359,0.082524824,47.703059701,0.000000000,0.124907398,0.116484863,4.608078385,0.254804646,38.978373563,0,54,50,4,0.082949309,25,0,0,0,0,0,566,31,16534,57473,11819,0,0,637995
886,1517157314.697606087,1517157314.798445225,1,0,0,1,172.604750935,53.063366940,-6.340420016,-0.002169451,-0.017833678,-0.209947812,0.977547528,639,515,0.805946792,0.020238412,0.011385518,0.007704195,0.080907970,48.271705846,0.000000000,0.121388452,0.115256484,4.676439307,0.261014212,39.741486789,0,55,55,0,0.086071987,8,0,0,0,0,0,571,13,16549,57528,11827,0,0,638566
887,1517157314.798465967,1517157314.899305344,1,0,0,1,172.860209118,52.951262810,-6.345579469,-0.000821143,-0.018171218,-0.215946666,0.976235714,631,510,0.808240887,0.021540312,0.011895486,0.007639556,0.078911291,46.386509743,0.000000000,0.117383753,0.115140320,4.740038589,0.259949223,40.467004946,0,66,65,1,0.104595880,16,0,0,0,0,0,543,22,16568,57594,11843,0,0,639109
888,1517157314.899326086,1517157315.000165224,1,0,0,1,173.115648142,52.833883577,-6.354727945,-0.003795758,-0.019783113,-0.217412128,0.975872014,641,513,0.800312012,0.024503981,0.013376466,0.009009420,0.078082789,44.790264278,0.000000000,0.113379483,0.122485988,4.803780143,0.254882641,41.114558957,0,55,55,0,0.085803432,19,0,0,0,0,0,560,26,16580,57649,11862,0,0,639669
889,1517157315.000124931,1517157315.100964308,1,0,0,1,173.381946685,52.712743097,-6.361199866,-0.005185432,-0.016841574,-0.218204593,0.975743936,650,528,0.812307692,0.021466611,0.010744604,0.006904876,0.077436444,45.701965159,0.000000000,0.109659297,0.118416694,4.878878865,0.248479082,41.692249356,0,52,51,1,0.080000000,17,0,0,0,0,0,575,23,16594,57701,11879,0,0,640244
890,1517157315.100985050,1517157315.201824188,1,0,0,1,173.649794884,52.592567361,-6.374346054,-0.000373601,-0.015060241,-0.218559504,0.975707330,657,544,0.828006088,0.023169248,0.012074360,0.007914519,0.073549134,45.936236527,0.000000000,0.105838074,0.120378881,4.946238984,0.225073534,42.267182066,0,80,79,1,0.121765601,17,0,0,0,0,0,553,24,16609,57781,11896,0,0,640797
891,1517157315.201844931,1517157315.302684307,1,0,0,1,173.925643748,52.469458190,-6.386637049,-0.003876258,-0.016800300,-0.217587187,0.975888590,665,530,0.796992481,0.019948639,0.009812096,0.006679699,0.071587305,47.046634714,0.000000000,0.101609113,0.120504065,5.024068242,0.218370772,43.032125955,0,77,77,0,0.115789474,9,0,0,0,0,0,574,14,16632,57858,11905,0,0,641371
892,1517157315.403564930,1517157315.504404306,1,0,0,1,174.479502970,52.226758299,-6.411533293,-0.001446657,-0.018582571,-0.219340525,0.975470312,692,554,0.800578035,0.022257214,0.012009726,0.008224678,0.070161391,46.343274627,0.000000000,0.097854544,0.120025313,5.399971141,0.215872296,43.663056679,0,84,83,1,0.121387283,13,0,0,0,0,0,585,23,16655,57942,11918,0,0,641956
893,1517157315.504426003,1517157315.605264187,1,0,0,1,174.759290816,52.103528880,-6.424637883,-0.001248971,-0.020556035,-0.219918826,0.975300774,690,550,0.797101449,0.020640907,0.011637791,0.008133329,0.058636272,49.950000683,0.000000000,0.093428864,0.118930521,5.469023837,0.215623053,44.483164940,0,74,74,0,0.107246377,17,0,0,0,0,0,592,24,16672,58016,11935,0,0,642548
894,1517157315.605285883,1517157315.706125259,1,0,0,1,175.050701748,51.973208632,-6.431701172,-0.002095254,-0.020732604,-0.220956981,0.975060912,670,533,0.795522388,0.020674900,0.011414426,0.007753141,0.059114621,50.723205546,0.000000000,0.089361945,0.116413075,5.548576717,0.214746286,45.266273562,0,65,63,2,0.097014925,10,0,0,0,0,0,590,15,16689,58081,11945,0,0,643138
895,1517157315.706146002,1517157315.806985378,1,0,0,1,175.344194107,51.837520044,-6.440341094,-0.001836965,-0.021723935,-0.221759968,0.974857535,681,536,0.787077827,0.019263859,0.010542271,0.007318001,0.057895299,51.138055003,0.000000000,0.085804994,0.115284150,5.631230603,0.196058106,46.130297637,0,54,54,0,0.079295154,15,0,0,0,0,0,606,21,16700,58135,11960,0,0,643744
896,1517157315.807005882,1517157315.907845259,1,0,0,1,175.633817806,51.706502089,-6.447175444,0.000303408,-0.018915946,-0.222686319,0.974706570,680,537,0.789705882,0.019910816,0.009797831,0.006579821,0.058657383,50.038572950,0.000000000,0.082528972,0.110844638,5.709193375,0.170222141,46.849076831,0,93,92,1,0.136764706,12,0,0,0,0,0,569,18,16727,58228,11972,0,0,644313
897,1517157315.907866001,1517157316.008643389,1,0,0,1,175.917900562,51.573541048,-6.458416914,-0.000932602,-0.020295910,-0.221763942,0.974888691,693,535,0.772005772,0.019799677,0.009996444,0.007175036,0.053071101,50.964227991,0.000000000,0.078826755,0.103490186,5.769099945,0.162285093,47.594934025,0,67,66,1,0.096681097,11,0,0,0,0,0,607,19,16741,58295,11983,0,0,644920
898,1517157316.008663893,1517157316.109503269,1,0,0,1,176.207910120,51.441330493,-6.470629889,-0.002890826,-0.020176260,-0.220307955,0.975217395,688,537,0.780523256,0.018694011,0.009501058,0.006504744,0.051889273,52.273926283,0.000000000,0.076086708,0.106702809,5.831723595,0.153564681,48.090739030,0,62,62,0,0.090116279,11,0,0,0,0,0,609,17,16752,58357,11994,0,0,645529
899,1517157316.109524012,1517157316.210363388,1,0,0,1,176.504421548,51.308599104,-6.478560334,-0.001856309,-0.022028200,-0.220044888,0.975239232,707,550,0.777934936,0.020196077,0.009009962,0.006333615,0.052895938,52.109115889,0.000000000,0.073351570,0.098413029,5.899723290,0.136328570,48.559345588,0,60,58,2,0.084865629,14,0,0,0,0,0,625,22,16771,58417,12008,0,0,646154
900,1517157316.210383892,1517157316.311223269,1,0,0,1,176.801624546,51.174955114,-6.487141656,-0.001559369,-0.022732886,-0.219156748,0.975423551,697,561,0.804878049,0.019096816,0.009641303,0.006129543,0.049522514,54.097794922,0.000000000,0.071233954,0.097779194,5.964348719,0.118395606,48.924139074,0,48,47,1,0.068866571,18,0,0,0,0,0,625,24,16779,58465,12026,0,0,646779
901,1517157316.311244011,1517157316.412083387,1,0,0,1,177.106669432,51.036104630,-6.491961510,-0.003234790,-0.022719291,-0.218832541,0.975492537,708,571,0.806497175,0.022693646,0.011567179,0.007352599,0.052437330,49.982553305,0.000000000,0.069122794,0.096297238,6.044621643,0.101367890,48.857511033,0,40,40,0,0.056497175,28,0,0,0,0,0,635,33,16790,58505,12054,0,0,647414
902,1517157316.412103891,1517157316.512943268,1,0,0,1,177.408045263,50.902326711,-6.497026433,-0.004101490,-0.021552196,-0.219636496,0.975335066,713,553,0.775596073,0.018960393,0.009891945,0.006708069,0.048489165,53.894368287,0.000000000,0.067099380,0.100018699,6.111831760,0.080925654,49.085904736,0,66,64,2,0.092566620,17,0,0,0,0,0,623,24,16811,58571,12071,0,0,648037
903,1517157316.512964010,1517157316.613803387,1,0,0,1,177.701648484,50.769960865,-6.513839891,-0.004725926,-0.025800443,-0.219306175,0.975303442,721,577,0.800277393,0.019906476,0.010516211,0.006534682,0.052813659,52.078070630,0.000000000,0.065179823,0.096185789,6.160870714,0.062640453,49.297764090,0,56,49,7,0.077669903,21,0,0,0,0,0,638,27,16837,58627,12092,0,0,648675
904,1517157316.613823891,1517157316.714663267,1,0,0,1,177.998838909,50.634917437,-6.519529411,-0.004116569,-0.025125714,-0.219467670,0.975287493,720,574,0.797222222,0.018825696,0.010668501,0.006511506,0.046109649,55.536616581,0.000000000,0.062734668,0.098284741,6.203860580,0.057795202,49.748307933,0,62,59,3,0.086111111,20,0,0,0,0,0,633,25,16851,58689,12112,0,0,649308
905,1517157316.714684010,1517157316.815523386,1,0,0,1,178.299731061,50.499735508,-6.533882178,-0.004713031,-0.028133864,-0.219084757,0.975288748,730,587,0.804109589,0.020914057,0.011071667,0.007203205,0.044483503,56.165926434,0.000000000,0.060832602,0.073906855,6.248921026,0.041573674,50.171451270,0,73,72,1,0.100000000,27,0,0,0,0,0,630,27,16871,58762,12139,0,0,649938
906,1517157316.815543890,1517157316.916383266,1,0,0,1,178.600021483,50.366394665,-6.544009519,-0.004359532,-0.026669574,-0.219094272,0.975329395,728,588,0.807692308,0.017715382,0.009394883,0.006232447,0.047986339,54.540058558,0.000000000,0.059186520,0.080538450,6.298619571,0.029239270,50.484868906,0,67,66,1,0.092032967,15,0,0,0,0,0,642,19,16890,58829,12154,0,0,650580
907,1517157316.916404009,1517157317.017183304,1,0,0,1,178.898852700,50.229278607,-6.552835825,-0.005481107,-0.021802194,-0.220059617,0.975227351,750,599,0.798666667,0.020700757,0.010001470,0.006423061,0.042484891,59.628640182,0.000000000,0.057365200,0.079914285,6.346258850,0.028126055,51.146975428,0,81,79,2,0.108000000,28,0,0,0,0,0,636,33,16907,58910,12182,0,0,651216
908,1517157317.017204046,1517157317.118043184,1,0,0,1,179.208193999,50.089546227,-6.560320477,-0.003350785,-0.025224717,-0.220473670,0.975060945,749,600,0.801068091,0.021488590,0.010507652,0.007130352,0.041261178,59.371682844,0.000000000,0.055524119,0.067664753,6.393148775,0.027618301,51.876046356,0,72,71,1,0.096128171,19,0,0,0,0,0,652,25,16924,58982,12201,0,0,651868
909,1517157317.118063927,1517157317.218903303,1,0,0,1,179.495542252,49.960990234,-6.574414177,-0.007850132,-0.021721890,-0.222792562,0.974592227,749,607,0.810413885,0.021714550,0.010176166,0.007130798,0.042569126,57.862192592,0.000000000,0.053780754,0.068183753,6.414391961,0.031260352,52.484057728,0,58,55,3,0.077436582,24,0,0,0,0,0,667,24,16945,59040,12225,0,0,652535
910,1517157317.218924046,1517157317.319763184,1,0,0,1,179.794382703,49.824074538,-6.574781392,-0.008856691,-0.017242726,-0.226258623,0.973874367,761,621,0.816031537,0.020863869,0.009149749,0.006472965,0.042008422,58.000886978,0.000000000,0.052203718,0.060969251,6.440780526,0.036222637,53.087290250,0,78,77,1,0.102496715,28,0,0,0,0,0,655,28,16970,59118,12253,0,0,653190
911,1517157317.319783926,1517157317.420623302,1,0,0,1,180.099837734,49.688544641,-6.578712011,-0.010950117,-0.022012217,-0.224296949,0.974210673,748,608,0.812834225,0.022613885,0.011715964,0.007949256,0.051524175,51.072996265,0.000000000,0.051200561,0.065676229,6.169762680,0.036586139,53.288608328,0,74,73,1,0.098930481,19,0,0,0,0,0,655,19,16988,59192,12272,0,0,653845
912,1517157317.420644045,1517157317.521483183,1,0,0,1,180.414194594,49.538116197,-6.586942347,-0.003548129,-0.017712350,-0.224320686,0.974347943,768,623,0.811197917,0.020322425,0.009784436,0.006802226,0.050133776,54.274837673,0.000000000,0.050199181,0.062344216,6.212351103,0.035624786,53.685186480,0,78,77,1,0.101562500,28,0,0,0,0,0,662,28,17019,59270,12300,0,0,654507
913,1517157317.521503925,1517157317.622343302,1,0,0,1,180.723044210,49.397409433,-6.587346672,-0.008142557,-0.017734919,-0.224879557,0.974191129,771,611,0.792477302,0.017997097,0.008991353,0.005833095,0.047580773,51.774298580,0.000000000,0.049646406,0.067103923,6.232440961,0.034512924,53.776401375,0,75,74,1,0.097276265,18,0,0,0,0,0,678,18,17038,59345,12318,0,0,655185
914,1517157317.622364044,1517157317.723203182,1,0,0,1,181.030064389,49.258795994,-6.590589892,-0.007645163,-0.018881755,-0.224833233,0.974184299,774,623,0.804909561,0.019650927,0.009507720,0.006861341,0.049527432,50.508969700,0.000000000,0.049167046,0.067141068,6.245861156,0.032895927,53.765689582,0,73,72,1,0.094315245,18,0,0,0,0,0,683,18,17055,59418,12336,0,0,655868
915,1517157317.723225117,1517157317.824063301,1,0,0,1,181.341062044,49.112925079,-6.603248236,-0.005850689,-0.019645464,-0.223689393,0.974444909,773,632,0.817593790,0.018242919,0.010388447,0.007104225,0.041580358,58.124612085,0.000000000,0.048351299,0.069706995,6.271649183,0.033258444,54.115017437,0,87,86,1,0.112548512,10,0,0,0,0,0,676,10,17079,59505,12346,0,0,656544
916,1517157317.824084997,1517157317.924923182,1,0,0,1,181.651721892,48.967991259,-6.610180016,-0.006303245,-0.021421009,-0.223339394,0.974484953,798,639,0.800751880,0.018429569,0.008362488,0.006051764,0.044718865,55.284083455,0.000000000,0.047654373,0.072085137,6.300664509,0.032063962,54.377292962,0,74,74,0,0.092731830,19,0,0,0,0,0,705,19,17092,59579,12365,0,0,657249
917,1517157317.924945116,1517157318.025722265,1,0,0,1,181.967868661,48.824417416,-6.619009275,-0.002252684,-0.022957056,-0.222777733,0.974596317,786,637,0.810432570,0.019419975,0.009737222,0.006905528,0.047082101,53.991785986,0.000000000,0.047354923,0.072366997,6.329039269,0.029951043,54.528670862,0,88,88,0,0.111959288,16,0,0,0,0,0,682,16,17110,59667,12381,0,0,657931
918,1517157318.025743008,1517157318.126582384,1,0,0,1,182.286879923,48.677381175,-6.628379576,-0.005531154,-0.017542667,-0.221458609,0.974996280,799,644,0.806007509,0.019851041,0.009841941,0.006627495,0.045202164,55.681270578,0.000000000,0.047020568,0.070781178,6.355469454,0.032434828,54.699038076,0,63,61,2,0.078848561,19,0,0,0,0,0,717,19,17127,59730,12400,0,0,658648
919,1517157318.126602888,1517157318.227442265,1,0,0,1,182.594068876,48.535446799,-6.634850731,-0.004484723,-0.017545261,-0.221027417,0.975099447,803,638,0.794520548,0.022119399,0.010146920,0.006569307,0.046390841,53.963069553,0.000000000,0.046695313,0.074169017,6.367943645,0.031492858,54.791735760,0,67,66,1,0.083437111,27,0,0,0,0,0,709,27,17141,59797,12427,0,0,659357
920,1517157318.227463007,1517157318.328302383,1,0,0,1,182.918211414,48.386582674,-6.650409268,-0.005706146,-0.016018221,-0.221118929,0.975098598,801,646,0.806491885,0.021605294,0.010311347,0.005746211,0.044750498,56.140608895,0.000000000,0.046456712,0.074587104,6.389780350,0.030885410,54.893876458,0,66,64,2,0.082397004,20,0,0,0,0,0,715,20,17158,59863,12447,0,0,660072
921,1517157318.328322887,1517157318.429162264,1,0,0,1,183.238971836,48.242386276,-6.663207447,-0.005357954,-0.018834046,-0.222561385,0.974722012,798,639,0.800751880,0.017605963,0.007550732,0.005317812,0.041774819,56.598726437,0.000000000,0.045923587,0.074899141,6.411922599,0.032306767,55.224685115,0,54,54,0,0.067669173,24,0,0,0,0,0,720,24,17176,59917,12471,0,0,660792
922,1517157318.429183006,1517157318.530022383,1,1,1,1,183.553814839,48.096818521,-6.674452593,-0.004078756,-0.015470237,-0.222918432,0.974705806,806,640,0.794044665,0.018941395,0.009418848,0.005642897,0.038473201,60.999216090,0.050000000,0.045422788,0.074934450,6.436470909,0.032425794,55.579927505,1,55,52,3,0.068238213,26,18,0,0,7,0,707,44,17187,59972,12515,0,0,661499
923,1517157318.530042887,1517157318.630882263,1,0,0,1,183.890835787,47.939569105,-6.682758223,-0.004595304,-0.015628180,-0.222647136,0.974762995,813,650,0.799507995,0.022134498,0.009357907,0.006153414,0.047184104,52.962478719,0.050000000,0.045141311,0.078210712,6.481981686,0.032652483,55.624147909,0,74,73,1,0.091020910,26,0,0,0,0,0,713,26,17203,60046,12541,0,0,662212
924,1517157318.630903006,1517157318.731742382,1,0,0,1,184.198471235,47.800754421,-6.694966429,-0.000729587,-0.016196365,-0.220916909,0.975157867,816,664,0.813725490,0.019726185,0.009847226,0.006057225,0.050715132,51.973089592,0.050000000,0.045371585,0.076878467,6.489530534,0.035343415,55.445971560,0,79,78,1,0.096813725,21,0,0,0,0,0,716,21,17226,60125,12562,0,0,662928
925,1517157318.731762886,1517157318.832602262,1,0,0,1,184.498960332,47.664322443,-6.709317886,-0.001320160,-0.013170810,-0.221429599,0.975086519,803,669,0.833125778,0.021711269,0.011641567,0.006782917,0.044754510,56.065026890,0.050000000,0.045385135,0.078235033,6.491133866,0.036323648,55.440926583,0,66,64,2,0.082191781,30,0,0,0,0,0,707,30,17239,60191,12592,0,0,663635
926,1517157318.832623005,1517157318.933462381,1,1,1,1,184.801547613,47.529797004,-6.715476599,-0.002625578,-0.018717145,-0.222548165,0.974738472,795,647,0.813836478,0.019892896,0.009350905,0.005335070,0.039574389,60.791205036,0.100000000,0.044964538,0.072907255,6.493429364,0.036859215,55.753483907,1,29,29,0,0.036477987,24,27,0,0,0,0,715,51,17246,60220,12643,0,0,664350
927,1517157318.933482885,1517157319.034260273,1,0,0,1,185.108427013,47.393274129,-6.728291855,-0.005543787,-0.019172138,-0.222476185,0.974733832,807,655,0.811648079,0.020571167,0.009522240,0.005422394,0.040588174,57.799802672,0.100000000,0.044869702,0.072846527,6.490031841,0.036081037,55.662042031,0,69,67,2,0.085501859,29,0,0,0,0,0,709,29,17260,60289,12672,0,0,665059
928,1517157319.034281015,1517157319.135120392,1,1,1,1,185.426008756,47.248569654,-6.730518855,-0.004109636,-0.019595422,-0.221856099,0.974873839,816,662,0.811274510,0.021388317,0.008374994,0.005332289,0.039897650,58.227629866,0.150000000,0.044801525,0.072663444,6.523924029,0.032807534,55.604839382,1,32,32,0,0.039215686,24,18,0,0,0,0,742,42,17266,60321,12714,0,0,665801
929,1517157319.135140896,1517157319.235980272,1,1,1,1,185.729121999,47.115222458,-6.740820024,-0.006983661,-0.014778420,-0.222031994,0.974902364,840,678,0.807142857,0.019844469,0.009319051,0.006217383,0.032764746,64.845372919,0.200000000,0.044311306,0.071126980,6.526520266,0.025981234,55.953998398,2,52,51,1,0.061904762,29,25,0,0,0,0,734,54,17279,60373,12768,0,0,666535
930,1517157319.236001015,1517157319.336840391,1,0,0,1,186.015305973,46.982329931,-6.747714474,-0.007222081,-0.014236497,-0.222057719,0.974902833,854,698,0.817330211,0.021430421,0.008835952,0.006062058,0.041908039,55.696724730,0.200000000,0.044306287,0.071987103,6.507934136,0.021952029,55.838790286,0,66,65,1,0.077283372,27,0,0,0,0,0,761,27,17291,60439,12795,0,0,667296
931,1517157319.336860895,1517157319.437700272,1,1,1,1,186.312524407,46.851726578,-6.752338109,-0.001149884,-0.009829149,-0.221791807,0.975043825,832,674,0.810096154,0.023024181,0.010895761,0.006001378,0.026728263,73.423699200,0.250000000,0.043066492,0.073733150,6.484022170,0.022114444,56.956325433,1,53,53,0,0.063701923,26,29,0,0,7,0,724,55,17306,60492,12850,0,0,668020
932,1517157319.538580894,1517157319.639420271,1,0,0,1,186.875240199,46.592682267,-6.769969251,-0.005044994,-0.017328077,-0.221223053,0.975056227,832,671,0.806490385,0.021506595,0.009178620,0.005725453,0.040380318,58.360870109,0.250000000,0.042578819,0.074858807,6.764359465,0.022299018,57.160627055,0,80,77,3,0.096153846,34,0,0,0,0,0,718,34,17332,60572,12884,0,0,668738
933,1517157319.639441013,1517157319.740280390,1,1,1,1,187.153917021,46.463072859,-6.786537556,-0.002316172,-0.016063544,-0.221131707,0.975108900,834,678,0.812949640,0.022128651,0.011641668,0.006248012,0.035379837,64.641398650,0.300000000,0.041968772,0.072111354,6.735271926,0.022354178,57.803982058,1,63,62,1,0.075539568,26,23,0,0,0,0,722,49,17348,60635,12933,0,0,669460
934,1517157319.740300894,1517157319.841140270,1,0,0,1,187.441365011,46.333002149,-6.793233923,-0.000411708,-0.014832037,-0.221137575,0.975129742,823,654,0.794653706,0.020013052,0.011110240,0.005970730,0.040325869,59.523752030,0.300000000,0.041508694,0.071664093,6.707108766,0.020127040,58.254721175,0,109,107,2,0.132442284,21,0,0,0,0,0,693,21,17367,60744,12954,0,0,670153
935,1517157319.841161013,1517157319.942000389,1,0,0,1,187.725092770,46.203955479,-6.806995816,-0.000255671,-0.016909932,-0.219729498,0.975414239,832,661,0.794471154,0.020991097,0.010200448,0.005859219,0.043525536,57.744732179,0.300000000,0.041605953,0.066824649,6.676233363,0.022261270,58.235727179,0,91,88,3,0.109375000,20,0,0,0,0,0,721,20,17388,60835,12974,0,0,670874
936,1517157319.942022085,1517157320.042799234,1,1,1,1,187.999788257,46.079218233,-6.814001619,-0.001350618,-0.016412695,-0.218465846,0.975705628,824,664,0.805825243,0.023074462,0.011676293,0.006434956,0.038324692,62.054877445,0.350000000,0.041286244,0.066234690,6.630671961,0.023945393,58.574266879,1,48,47,1,0.058252427,35,25,0,0,0,0,716,60,17396,60883,13034,0,0,671590
937,1517157320.042820930,1517157320.143660307,1,1,1,1,188.269346083,45.959790759,-6.814410267,0.001594215,-0.017701007,-0.219506141,0.975449223,829,653,0.787696019,0.024131280,0.012447460,0.006197311,0.033718134,65.071039756,0.400000000,0.040618046,0.071740686,6.574110578,0.023258584,59.128229567,2,50,50,0,0.060313631,24,35,0,0,0,0,720,59,17406,60933,13093,0,0,672310
938,1517157320.143681049,1517157320.244520187,1,0,0,1,188.541711443,45.842104900,-6.809722567,-0.000159799,-0.017357956,-0.218428476,0.975698558,834,670,0.803357314,0.023638400,0.012024179,0.007513571,0.043485177,57.600006396,0.400000000,0.040532196,0.074355233,6.532395160,0.024682454,59.224166358,0,86,86,0,0.103117506,25,0,0,0,0,0,723,25,17418,61019,13118,0,0,673033
939,1517157320.244540930,1517157320.345380306,1,1,1,1,188.806714544,45.716176506,-6.805929042,-0.005746435,-0.017822538,-0.223739356,0.974469105,825,665,0.806060606,0.026774600,0.014484096,0.007699972,0.032921540,69.173363688,0.450000000,0.039858731,0.092119761,6.468790678,0.035274578,59.984681065,1,46,46,0,0.055757576,31,27,0,0,0,0,721,58,17424,61065,13176,0,0,673754
940,1517157320.345401049,1517157320.446240187,1,1,1,1,189.064550127,45.591706574,-6.813286017,-0.018410092,-0.008163739,-0.260859981,0.965166562,848,687,0.810141509,0.022794851,0.013208736,0.009020314,0.034535239,65.857541388,0.500000000,0.039347968,0.092784902,6.403278373,0.108485357,60.470527690,2,73,73,0,0.086084906,19,21,0,0,2,0,735,40,17446,61138,13216,0,0,674489
941,1517157320.446260929,1517157320.547100306,1,1,1,1,189.307553238,45.466104080,-6.822868075,-0.022326603,-0.010603041,-0.294969856,0.955186831,870,694,0.797701149,0.022606106,0.013468344,0.007546488,0.029511174,70.950443063,0.550000000,0.038734786,0.082143407,6.329942146,0.178647460,61.188113521,3,62,62,0,0.071264368,28,32,0,0,5,0,748,60,17458,61200,13276,0,0,675237
942,1517157320.547121048,1517157320.647960186,1,0,1,1,189.533473997,45.332026637,-6.833331505,-0.015126387,-0.014574430,-0.290407209,0.956672583,868,674,0.776497696,0.027801365,0.015143071,0.008397420,0.040829369,61.743025628,0.500000000,0.038852595,0.094162192,6.220867282,0.187442077,61.225303998,0,90,88,2,0.103686636,27,0,0,0,0,0,751,27,17480,61290,13303,0,0,675988
943,1517157320.647980928,1517157320.748820305,1,1,1,1,189.763220380,45.172185785,-6.841791642,-0.010194594,-0.014664571,-0.278473789,0.960277756,850,672,0.790588235,0.022867114,0.011620639,0.007104702,0.036469861,62.845401227,0.550000000,0.038316882,0.094182359,6.163149628,0.208770463,61.719450123,1,44,44,0,0.051764706,21,27,0,0,0,0,758,48,17490,61334,13351,0,0,676746
944,1517157320.748841047,1517157320.849680185,1,1,1,1,189.994956756,45.024094582,-6.856546179,-0.005519592,-0.009369363,-0.275415436,0.961263797,871,682,0.783008037,0.021953987,0.012550311,0.007267106,0.028137863,74.524404974,0.600000000,0.037188019,0.090064997,6.108236136,0.214075979,62.847015892,2,63,63,0,0.072330654,23,18,0,0,0,0,767,41,17497,61397,13392,0,0,677513
945,1517157320.849700928,1517157320.950540304,1,0,1,1,190.236324959,44.878693067,-6.862354896,-0.006633655,-0.016956372,-0.274448865,0.961429299,876,709,0.809360731,0.023878077,0.014201004,0.007994257,0.042306568,62.287208337,0.600000000,0.037065622,0.090422797,6.058875455,0.213677115,63.158124965,0,80,79,1,0.091324201,22,0,0,0,0,0,774,22,17515,61477,13414,0,0,678287
946,1517157320.950561047,1517157321.051338196,1,1,1,1,190.483733681,44.731639615,-6.874772388,-0.007411387,-0.014382008,-0.277073349,0.960712542,850,682,0.802352941,0.025029264,0.014096800,0.008214014,0.039340015,62.337188717,0.600000000,0.037053903,0.088384183,6.010833738,0.218837363,63.235424149,1,40,40,0,0.047058824,25,27,0,0,0,0,758,52,17527,61517,13466,0,0,679045
947,1517157321.051358938,1517157321.152198315,1,0,1,1,190.728455805,44.588621340,-6.878633111,-0.006195564,-0.014098668,-0.278192764,0.960401806,855,698,0.816374269,0.024656475,0.013969636,0.008107384,0.048532714,56.269965014,0.600000000,0.037451130,0.086439330,5.945306533,0.219986082,63.158932266,0,86,86,0,0.100584795,24,0,0,0,0,0,745,24,17550,61603,13490,0,0,679790
948,1517157321.152219057,1517157321.253058195,1,0,1,1,190.974685834,44.441042529,-6.886189288,-0.010813707,-0.014456299,-0.277546851,0.960542464,860,689,0.801162791,0.023473014,0.013448853,0.008112797,0.046162784,57.488831358,0.550000000,0.037764387,0.084678074,5.901166818,0.221254844,63.121992340,0,77,75,2,0.089534884,26,0,0,0,0,0,757,26,17574,61680,13516,0,0,680547
949,1517157321.253078938,1517157321.353918314,1,1,1,1,191.215078930,44.294974555,-6.893725061,-0.010891559,-0.015613460,-0.275718353,0.961049938,870,699,0.803448276,0.022148848,0.012428400,0.007900486,0.031165692,69.851104640,0.550000000,0.037684434,0.078625869,5.866949570,0.225014825,63.372278926,1,50,50,0,0.057471264,21,25,0,0,0,0,774,46,17582,61730,13562,0,0,681321
950,1517157321.353939056,1517157321.454778194,1,1,1,1,191.466918807,44.146147607,-6.899231290,-0.010741928,-0.014483124,-0.276070672,0.960968175,860,688,0.800000000,0.025202328,0.013202245,0.008767704,0.034647014,65.142356948,0.600000000,0.037321383,0.078106579,5.834849174,0.225305649,63.844560537,2,38,38,0,0.044186047,26,23,0,0,0,0,773,49,17587,61768,13611,0,0,682094
951,1517157321.454798937,1517157321.555638313,1,1,1,1,191.713543658,43.998651462,-6.899366237,-0.010855015,-0.018233863,-0.274832040,0.961258053,836,643,0.769138756,0.024438941,0.013592013,0.008246862,0.033485439,67.787813333,0.600000000,0.037659242,0.078383680,5.502485832,0.226681424,63.562766244,3,35,35,0,0.041866029,24,32,0,0,0,0,745,56,17591,61803,13667,0,0,682839
952,1517157321.656518936,1517157321.757358313,1,1,2,1,192.230499958,43.697670930,-6.916489663,-0.004478737,-0.017389334,-0.275007295,0.961274435,834,650,0.779376499,0.022753284,0.012884494,0.008440963,0.036979767,62.354212729,0.650000000,0.037489214,0.076194988,5.793133695,0.227128904,63.762433375,4,5,5,0,0.005995204,20,43,4,45,0,0,717,112,17591,61808,13730,4,45,683556
953,1517157321.757379055,1517157321.858218193,1,1,2,1,192.478061544,43.557953132,-6.914969105,-0.001528112,-0.020871541,-0.275063331,0.961198319,837,655,0.782556750,0.023991974,0.013602297,0.008490251,0.034060628,65.354689004,0.650000000,0.037423254,0.074776205,5.761826728,0.227392470,63.798097893,5,5,5,0,0.005973716,30,29,6,42,0,0,725,107,17592,61813,13789,10,87,684281
954,1517157321.858238935,1517157321.959078312,1,1,2,1,192.714825031,43.412851134,-6.928590595,-0.002267974,-0.016107707,-0.274540576,0.961437918,840,653,0.777380952,0.025300291,0.013628243,0.007774566,0.034378457,65.540084155,0.700000000,0.037125883,0.066787960,5.727850461,0.225790891,64.098914499,6,5,5,0,0.005952381,33,36,5,48,0,0,713,122,17592,61818,13858,15,135,684994
955,1517157321.959099054,1517157322.059877396,1,1,2,1,192.944714086,43.274558084,-6.945378302,0.003629531,-0.017760569,-0.276118034,0.960952767,849,679,0.799764429,0.029361025,0.015335891,0.008848765,0.035376478,65.507986081,0.750000000,0.036718430,0.076526154,5.694883243,0.226654346,64.487077194,7,5,5,0,0.005889282,31,34,6,39,0,0,734,110,17592,61823,13923,21,174,685728
956,1517157322.059897900,1517157322.160737276,1,1,2,1,193.176601104,43.131479788,-6.958194478,0.001812196,-0.015738803,-0.274888665,0.961345530,833,669,0.803121248,0.024127255,0.013296057,0.007879482,0.038640580,61.097274206,0.750000000,0.036734225,0.075519594,5.672830522,0.227073958,64.439197032,8,5,5,0,0.006002401,23,32,2,37,0,0,734,94,17593,61828,13978,23,211,686462
957,1517157322.160758972,1517157322.261597395,1,1,2,1,193.413650726,42.983641294,-6.973019109,0.001304347,-0.015154466,-0.273835772,0.961656181,838,670,0.799522673,0.024931212,0.012651503,0.007304311,0.033629975,68.368594602,0.750000000,0.036729817,0.075542618,5.655855293,0.227020341,64.604074774,9,5,5,0,0.005966587,28,31,2,32,0,0,740,93,17593,61833,14037,25,243,687202
958,1517157322.261619091,1517157322.362458229,1,0,2,1,193.653996781,42.836941846,-6.983780608,0.008832443,-0.014806653,-0.269459711,0.962857318,832,660,0.793269231,0.025420870,0.014029883,0.009166661,0.040646384,61.309058663,0.750000000,0.036587877,0.075462289,5.644213952,0.225233302,64.789527388,0,5,5,0,0.006009615,27,0,0,84,0,0,716,111,17596,61838,14064,25,327,687918
959,1517157322.362478971,1517157322.463318348,1,0,2,1,193.906079633,42.696014009,-6.996526285,0.014724922,-0.019377194,-0.249624721,0.968036776,836,656,0.784688995,0.024172013,0.012014784,0.007864794,0.040893281,61.064873476,0.700000000,0.036986464,0.072724829,5.646894814,0.189743353,64.384102877,0,5,5,0,0.005980861,26,0,0,85,0,0,720,111,17596,61843,14090,25,412,688638
960,1517157322.463339090,1517157322.564178228,1,1,2,1,194.165663728,42.573241636,-7.009528013,0.010940699,-0.015583604,-0.228180728,0.973432590,849,664,0.782096584,0.026435814,0.015903564,0.009132009,0.037759036,65.305864109,0.700000000,0.037147654,0.072931138,5.660630104,0.163306174,64.356519013,1,5,5,0,0.005889282,23,53,4,52,1,0,712,132,17597,61848,14166,29,464,689350
961,1517157322.564198971,1517157322.665038347,1,0,2,1,194.415403825,42.458446380,-7.015259096,0.015358926,-0.017915558,-0.222454011,0.974657555,855,686,0.802339181,0.029764546,0.015863238,0.008722250,0.042166476,62.626018508,0.650000000,0.037780419,0.082924955,5.672630870,0.165482368,63.940297785,0,5,5,0,0.005847953,36,0,0,99,0,0,715,135,17601,61853,14202,29,563,690065
962,1517157322.765918970,1517157322.866758347,1,0,0,1,194.924327186,42.218631958,-7.016907020,0.007801661,-0.015884729,-0.236278921,0.971524102,836,659,0.788277512,0.026085496,0.013961861,0.008434416,0.043441356,60.648661885,0.650000000,0.037911018,0.079611922,5.955221731,0.168859914,63.885579598,0,115,108,7,0.137559809,36,0,0,0,0,0,685,36,17654,61968,14238,29,563,690750
963,1517157322.866779089,1517157322.967618227,1,1,1,1,195.173882245,42.090448471,-7.018562668,0.004779295,-0.016916117,-0.238856268,0.970895817,832,661,0.794471154,0.025154106,0.013628545,0.008496914,0.037753152,63.372322249,0.650000000,0.037975183,0.077254409,5.960367784,0.167835248,63.911925649,1,54,54,0,0.064903846,28,44,0,0,2,0,706,72,17671,62022,14310,29,563,691456
964,1517157322.967638969,1517157323.068416357,1,1,1,1,195.407324315,41.974390222,-7.027270102,0.004714441,-0.016773558,-0.236171350,0.971555205,831,658,0.791817088,0.023324544,0.013647571,0.008228858,0.036823967,64.896247007,0.650000000,0.038409488,0.073678424,5.939373300,0.171416427,63.430517751,2,49,48,1,0.058965102,25,36,0,0,1,0,721,61,17689,62071,14371,29,563,692177
965,1517157323.068437099,1517157323.169276237,1,0,1,1,195.651974095,41.856735165,-7.020917063,0.005223794,-0.020966548,-0.235099429,0.971731122,834,646,0.774580336,0.025135338,0.013313796,0.008263424,0.047854619,55.897884702,0.650000000,0.038686891,0.072798590,5.922838290,0.168054695,63.111051569,0,114,112,2,0.136690647,23,0,0,0,0,0,697,23,17725,62185,14394,29,563,692874
966,1517157323.169296980,1517157323.270136356,1,0,1,1,195.892852022,41.739969417,-7.026501002,0.003923191,-0.017518575,-0.234338810,0.971989213,826,655,0.792978208,0.022934516,0.014358095,0.008622707,0.050119952,56.256908986,0.600000000,0.039225888,0.075397127,5.907108729,0.167421883,62.807037583,0,71,68,3,0.085956416,19,0,0,0,0,0,736,19,17749,62256,14413,29,563,693610
967,1517157323.270157099,1517157323.370996237,1,1,1,1,196.120365927,41.627244465,-7.038345839,0.000788019,-0.015380893,-0.234165442,0.972074767,835,673,0.805988024,0.021940122,0.012871000,0.007871200,0.039945350,62.939119817,0.650000000,0.038796519,0.080263428,5.874124651,0.166452515,63.140495323,1,53,52,1,0.063473054,21,35,0,0,0,0,726,56,17764,62309,14469,29,563,694336
968,1517157323.371016979,1517157323.471856356,1,1,1,1,196.350498936,41.517284368,-7.051111469,0.002142136,-0.012812031,-0.234499276,0.972029502,827,659,0.796856106,0.022443429,0.013926192,0.008419973,0.036366558,67.651230117,0.700000000,0.038306708,0.082310386,5.848105642,0.163313047,63.648615261,2,42,42,0,0.050785973,23,34,0,0,1,0,728,57,17775,62351,14526,29,563,695064
969,1517157323.471877098,1517157323.572716236,1,1,1,1,196.578762236,41.406712034,-7.057007679,0.002943541,-0.010481659,-0.233735584,0.972239244,834,652,0.781774580,0.024420056,0.013675977,0.007922397,0.039863764,63.056357748,0.700000000,0.038741612,0.078440468,5.809228421,0.164186003,63.308877916,3,49,48,1,0.058752998,37,46,0,0,2,0,702,83,17795,62400,14609,29,563,695766
970,1517157323.572736979,1517157323.673576355,1,0,1,1,196.796152252,41.300864963,-7.058334642,0.002512250,-0.012998405,-0.234228943,0.972091319,824,640,0.776699029,0.023224722,0.014596376,0.008117168,0.041636306,63.836138351,0.650000000,0.039091076,0.079980072,5.763655741,0.162695285,63.243566986,0,85,83,2,0.103155340,20,0,0,0,0,0,719,20,17820,62485,14629,29,563,696485
971,1517157323.673597097,1517157323.774436235,1,0,1,1,197.008002315,41.198123703,-7.066270419,0.004269265,-0.014061709,-0.233393838,0.972271237,842,661,0.785035629,0.024018216,0.013909898,0.007776428,0.046254230,60.558198855,0.600000000,0.039729516,0.080274690,5.400801852,0.163779289,62.882086262,0,94,94,0,0.111638955,26,0,0,0,0,0,722,26,17847,62579,14655,29,563,697207
972,1517157323.774456978,1517157323.875296354,1,0,1,1,197.207328307,41.099252408,-7.074150815,0.002451346,-0.018179590,-0.232727116,0.972369057,828,653,0.788647343,0.022830572,0.013167135,0.007509841,0.051692336,56.192325046,0.550000000,0.040465144,0.080108205,5.339170464,0.164776056,62.573991878,0,72,67,5,0.086956522,23,0,0,0,0,0,733,23,17869,62651,14678,29,563,697940
973,1517157323.875317097,1517157323.976156235,1,1,1,1,197.427315121,40.994111381,-7.080655389,0.001837845,-0.013698453,-0.231932757,0.972633626,833,672,0.806722689,0.021652200,0.013104053,0.008058701,0.036155192,67.667352912,0.550000000,0.040569872,0.084850085,5.305054996,0.165302747,62.689625074,1,39,37,2,0.046818727,23,26,0,0,0,0,745,49,17877,62690,14727,29,563,698685
974,1517157323.976176977,1517157324.076955318,1,0,0,1,197.654545333,40.884123766,-7.087318732,0.002220478,-0.016658537,-0.230747577,0.972868500,832,660,0.793269231,0.024582145,0.013649869,0.007855697,0.043624625,62.388773207,0.500000000,0.041032181,0.084746416,5.288788268,0.164159083,62.532059526,0,69,69,0,0.082932692,27,0,0,0,0,0,736,27,17898,62759,14754,29,563,699421
975,1517157324.076976061,1517157324.177815199,1,1,1,1,197.872008125,40.777374342,-7.088689780,0.005082632,-0.021097354,-0.224182059,0.974305636,822,668,0.812652068,0.024491227,0.013761908,0.009159218,0.037260081,62.894339596,0.500000000,0.041126361,0.072902711,5.258266153,0.174741922,62.401377202,1,62,62,0,0.075425791,24,27,0,0,0,0,709,51,17905,62821,14805,29,563,700130
976,1517157324.177835941,1517157324.278675318,1,1,1,1,198.117244059,40.663703500,-7.096521117,0.006854812,-0.022316996,-0.207725880,0.977908443,843,677,0.803084223,0.027837916,0.015059102,0.009396079,0.037278881,64.391836616,0.500000000,0.041058276,0.078618182,5.248913797,0.206136169,62.566105322,2,52,51,1,0.061684460,28,34,0,0,0,0,729,62,17911,62873,14867,29,563,700859
977,1517157324.278697014,1517157324.379535198,1,1,1,1,198.354706865,40.573909179,-7.107508676,0.000260446,-0.023088826,-0.197906808,0.979948842,843,676,0.801897983,0.023337224,0.013413454,0.008676761,0.028504827,70.861523309,0.500000000,0.040802019,0.079489877,5.221239699,0.217510838,62.690751758,3,56,55,1,0.066429419,24,30,0,0,1,0,733,54,17924,62929,14921,29,563,701592
978,1517157324.379556894,1517157324.480396271,1,1,1,1,198.580926581,40.485445128,-7.118161734,0.004136221,-0.021028454,-0.193931401,0.980780968,857,678,0.791131855,0.020594191,0.010800942,0.006921526,0.032238108,67.007630559,0.550000000,0.040381605,0.086840790,5.175292108,0.184801487,62.975680353,4,61,59,2,0.071178530,33,35,0,0,1,0,728,68,17936,62990,14989,29,563,702320
979,1517157324.480417013,1517157324.581256390,1,1,1,1,198.799556388,40.406173295,-7.120739925,0.000787479,-0.019576705,-0.192630306,0.981075786,844,674,0.798578199,0.022632811,0.014294392,0.008459543,0.029245087,71.000832555,0.600000000,0.039799195,0.088289007,5.120416562,0.143166802,63.472478307,5,55,55,0,0.065165877,26,28,0,0,2,0,735,54,17945,63045,15043,29,563,703055
980,1517157324.581276894,1517157324.682116270,1,1,2,1,199.020573929,40.321446342,-7.122720325,-0.001865534,-0.022415233,-0.196425883,0.980260654,829,657,0.792521110,0.021136750,0.010459245,0.007124395,0.033062382,64.788202301,0.600000000,0.039564362,0.090423247,5.082206116,0.139332662,63.446595216,6,5,5,0,0.006031363,29,28,2,40,0,0,725,99,17947,63050,15100,31,603,703780
981,1517157324.682137012,1517157324.782976389,1,1,2,1,199.250315066,40.229245228,-7.130799758,-0.003615437,-0.024057755,-0.199187806,0.979659314,847,671,0.792207792,0.023146082,0.011983811,0.008100023,0.038823357,61.385020429,0.650000000,0.039397206,0.071640638,4.767291880,0.116800716,63.384545312,7,5,5,0,0.005903188,30,33,4,35,0,0,740,102,17948,63055,15163,35,638,704520
982,1517157324.782996893,1517157324.883836269,1,1,2,1,199.472650504,40.138623500,-7.136059133,-0.003915240,-0.024335657,-0.198096116,0.979872632,837,662,0.790919952,0.022645485,0.011844922,0.007997582,0.039356663,60.011056046,0.700000000,0.039192972,0.068103705,4.726888272,0.113774491,63.352665020,8,5,5,0,0.005973716,30,48,2,40,2,0,712,120,17949,63060,15241,37,678,705232
983,1517157324.883857012,1517157324.984696388,1,1,2,1,199.713709506,40.044750886,-7.137318833,-0.007464152,-0.022471612,-0.197195879,0.980078108,837,671,0.801672640,0.023775209,0.013175370,0.008957116,0.036206071,64.178116646,0.700000000,0.039115618,0.066181346,4.724737450,0.110269331,63.392954740,9,5,5,0,0.005973716,21,35,10,50,4,0,716,116,17950,63065,15297,47,728,705948
984,1517157324.984716892,1517157325.085495234,1,1,2,1,199.958382770,39.948294337,-7.142703398,-0.006759722,-0.027171773,-0.196512972,0.980101348,827,654,0.790810157,0.024036496,0.013778040,0.008775124,0.035996975,65.866703195,0.700000000,0.039074268,0.066433057,4.716247504,0.109511524,63.441477550,10,5,5,0,0.006045949,25,49,7,55,3,0,686,136,17953,63070,15371,54,783,706634
985,1517157325.085515976,1517157325.186355352,1,0,2,1,200.204007475,39.851756129,-7.148240278,-0.009745385,-0.027260951,-0.196124031,0.980151637,811,641,0.790382244,0.024924613,0.012643033,0.008849131,0.045429981,60.121515791,0.700000000,0.038953036,0.065967686,4.712475174,0.108735206,63.652659104,0,5,5,0,0.006165228,37,0,0,88,0,0,681,125,17957,63075,15408,54,871,707315
986,1517157325.186376095,1517157325.287215233,1,1,2,1,200.468883843,39.744216069,-7.153092933,-0.009525621,-0.022895953,-0.195037973,0.980482140,827,653,0.789600967,0.028450473,0.013836963,0.009145315,0.037712586,62.133098618,0.750000000,0.038332668,0.080327436,4.744206513,0.110487983,63.946468586,1,5,5,0,0.006045949,43,40,8,59,2,0,672,150,17957,63080,15491,62,930,707987
987,1517157325.287235975,1517157325.388075352,1,1,2,1,200.722548110,39.648095423,-7.149088345,-0.008439373,-0.021623847,-0.194988632,0.980530785,839,661,0.787842670,0.025331652,0.013408696,0.008634017,0.039506287,61.517456121,0.750000000,0.038310715,0.079547748,4.760128108,0.109889253,63.875385401,2,5,5,0,0.005959476,31,41,13,49,1,0,700,134,17958,63085,15563,75,979,708687
988,1517157325.388096094,1517157325.488935232,1,1,2,1,200.996205086,39.548180224,-7.170205116,-0.003861811,-0.022531650,-0.194073740,0.980720549,822,671,0.816301703,0.024178956,0.012175395,0.008485878,0.037042879,59.544167307,0.750000000,0.038344531,0.078276053,4.798516170,0.109941937,63.470032260,3,5,5,0,0.006082725,31,30,23,54,2,0,679,138,17957,63090,15624,98,1033,709366
989,1517157325.488955975,1517157325.589795351,1,1,2,1,201.276778130,39.443572662,-7.182899784,-0.005228521,-0.021688707,-0.194874668,0.980574386,834,673,0.806954436,0.027359644,0.014241041,0.008634482,0.037206881,61.901763834,0.750000000,0.038211687,0.083957115,4.856431727,0.110443581,63.412302565,4,5,5,0,0.005995204,32,50,22,58,1,0,667,162,17958,63095,15706,120,1091,710033
990,1517157325.589816093,1517157325.690655231,1,0,2,1,201.562040380,39.332778559,-7.192948348,-0.006042771,-0.022676096,-0.194659318,0.980590144,829,649,0.782870929,0.027545054,0.013077114,0.008548843,0.042110897,57.292284001,0.750000000,0.038235416,0.088638482,4.927036682,0.109251028,63.085109847,0,5,4,1,0.006031363,35,0,0,124,0,0,665,159,17961,63100,15741,120,1215,710698
991,1517157325.791536093,1517157325.892375231,1,0,2,1,202.148690905,39.099051894,-7.216819812,-0.032071650,-0.028308003,-0.257645431,0.965292131,838,653,0.779236277,0.027056392,0.012985671,0.008391222,0.044566187,58.007096758,0.750000000,0.038151014,0.091602875,5.336343736,0.236053816,62.957554742,0,5,5,0,0.005966587,36,0,0,132,0,0,665,168,17963,63105,15777,120,1347,711363
992,1517157325.892395973,1517157325.993235350,1,0,2,1,202.406065293,38.951835296,-7.202334169,-0.014697706,-0.006932207,-0.293031581,0.955964651,863,678,0.785631518,0.029718854,0.015765269,0.010506995,0.052091993,50.805817583,0.750000000,0.038170997,0.100515723,5.389292770,0.308931179,62.688229369,0,5,5,0,0.005793743,33,0,0,140,0,0,685,173,17965,63110,15810,120,1487,712048
993,1517157326.094054937,1517157326.194894314,1,1,2,1,202.972807516,38.611687115,-7.222186756,-0.002520882,-0.007430463,-0.266453321,0.963815885,846,662,0.782505910,0.026995875,0.014466549,0.008721205,0.036603096,61.473321614,0.750000000,0.038193392,0.097128354,5.798035477,0.361753924,62.378527804,1,5,5,0,0.005910165,35,56,8,63,1,0,679,162,17965,63115,15901,128,1550,712727
994,1517157326.194915056,1517157326.295754194,1,1,1,1,203.276259572,38.434700913,-7.248158108,-0.005231963,-0.008919024,-0.263349941,0.964644954,845,655,0.775147929,0.029813359,0.015392342,0.009739619,0.036872104,61.377078757,0.800000000,0.037855766,0.104616103,5.908033117,0.354969942,62.327943082,2,83,81,2,0.098224852,43,63,0,0,3,0,656,106,17995,63198,16007,128,1550,713383
995,1517157326.295774937,1517157326.396614313,1,0,0,1,203.565087690,38.272967037,-7.259549831,-0.013639480,-0.018252833,-0.266949409,0.963441130,836,669,0.800239234,0.030343667,0.014951854,0.009801173,0.054539741,53.129079679,0.750000000,0.038719749,0.111838231,5.968844311,0.328639256,61.839680086,0,133,129,4,0.159090909,35,0,0,0,0,0,668,35,18055,63331,16042,128,1550,714051
996,1517157326.396635056,1517157326.497474194,1,1,1,1,203.849345511,38.107863362,-7.271449450,-0.011530112,-0.019534592,-0.273582402,0.961581055,829,647,0.780458384,0.022962262,0.012426389,0.008543868,0.039201190,60.397778230,0.750000000,0.038815865,0.112986899,6.043676199,0.322211480,61.639977167,1,76,75,1,0.091676719,24,47,0,0,0,0,682,71,18072,63407,16113,128,1550,714733
997,1517157326.497495890,1517157326.598334312,1,1,1,1,204.151415800,37.930508412,-7.283119533,-0.002242164,-0.016991543,-0.278111100,0.960396000,842,660,0.783847981,0.024144465,0.014669269,0.009635518,0.034805184,67.630064844,0.750000000,0.039130883,0.111923828,6.151022688,0.323892643,61.478404243,2,83,79,4,0.098574822,23,63,3,0,0,0,670,89,18094,63490,16199,131,1550,715403
998,1517157326.598356009,1517157326.699194193,1,0,0,1,204.450424266,37.749347504,-7.305181534,-0.005304864,-0.025076818,-0.274582049,0.961221988,810,620,0.765432099,0.026119057,0.013111064,0.009042229,0.044861962,55.625155103,0.700000000,0.039762075,0.102334131,6.268753666,0.328312622,60.909280471,0,107,102,5,0.132098765,37,0,0,0,0,0,666,37,18145,63597,16236,131,1550,716069
999,1517157326.699215889,1517157326.800055265,1,0,0,1,204.755643538,37.563397169,-7.316642468,0.017180899,-0.023769182,-0.263629069,0.964178177,844,646,0.765402844,0.027878234,0.016256623,0.011568267,0.040714683,59.211153833,0.650000000,0.040335555,0.099378683,6.389630196,0.342553944,60.319796534,0,149,147,2,0.176540284,32,0,0,0,0,0,663,32,18189,63746,16268,131,1550,716732
1000,1517157326.800076008,1517157326.900915384,1,1,1,1,205.063723690,37.387110923,-7.326702089,0.028727122,-0.031386222,-0.232368435,0.971696747,855,671,0.784795322,0.024864779,0.013235286,0.009849850,0.030870306,70.698145628,0.650000000,0.040225951,0.090029177,6.497039831,0.400455568,60.615293701,1,69,66,3,0.080701754,31,38,0,0,0,0,717,69,18207,63815,16337,131,1550,717449
1001,1517157326.900935888,1517157327.001721382,1,0,0,1,205.395553742,37.218099620,-7.336150455,0.032662443,-0.027427410,-0.191408434,0.980583354,881,681,0.772985244,0.028050792,0.016135543,0.010307727,0.044253848,58.930641578,0.600000000,0.040497476,0.086820029,6.629399900,0.482265408,60.492574758,0,141,139,2,0.160045403,26,0,0,0,0,0,714,26,18247,63956,16363,131,1550,718163
1002,1517157327.102602005,1517157327.203441381,1,0,0,1,206.043300618,36.970450673,-7.353025085,0.012609349,-0.022599107,-0.191160713,0.981217543,845,660,0.781065089,0.025153786,0.013385052,0.008920585,0.052359218,56.407115519,0.550000000,0.041147603,0.081109674,7.064384065,0.481846270,60.312377732,0,119,118,1,0.140828402,26,0,0,0,0,0,700,26,18285,64075,16389,131,1550,718863
1003,1517157327.203461885,1517157327.304301262,1,1,1,1,206.371722417,36.849337989,-7.360305794,0.003070301,-0.023323350,-0.214926086,0.976346953,823,649,0.788578372,0.021445388,0.010975076,0.007576282,0.029678401,71.714457218,0.550000000,0.040821220,0.088904788,7.151446559,0.528789869,60.689194760,1,66,65,1,0.080194411,29,31,4,0,0,0,693,64,18300,64141,16449,135,1550,719556
1004,1517157327.304322004,1517157327.405161381,1,1,1,1,206.697546974,36.709945477,-7.357158548,0.003168369,-0.020012283,-0.235649340,0.971626913,857,659,0.768961494,0.025376252,0.015891813,0.010105285,0.039548159,63.262380059,0.550000000,0.040998779,0.086874989,7.241876964,0.570293505,60.558978604,2,75,74,1,0.087514586,16,51,0,0,0,0,715,67,18322,64216,16516,135,1550,720271
1005,1517157327.405181885,1517157327.506021261,1,0,0,1,207.009658711,36.565264137,-7.371091214,0.003719245,-0.017567627,-0.232679873,0.972387588,879,679,0.772468714,0.024297708,0.012200807,0.008518407,0.066032917,49.538185274,0.550000000,0.042028926,0.087886187,7.300258239,0.574210152,60.029812078,0,140,137,3,0.159271900,34,0,0,0,0,0,705,34,18361,64356,16550,135,1550,720976
1006,1517157327.506042004,1517157327.606881380,1,0,0,1,207.321265734,36.414706805,-7.377666938,0.004490836,-0.015320127,-0.224664519,0.974305383,834,654,0.784172662,0.022872741,0.011914445,0.008173568,0.066053960,50.680879855,0.500000000,0.043445995,0.091345317,7.375098970,0.590663795,59.457201140,0,115,115,0,0.137889688,25,0,0,0,0,0,694,25,18386,64471,16575,135,1550,721670
1007,1517157327.606901884,1517157327.707741261,1,0,0,1,207.632117285,36.267124408,-7.381509901,0.006589895,-0.016275834,-0.219991344,0.975343775,831,657,0.790613718,0.024205174,0.012802722,0.008365941,0.067078087,48.695811570,0.450000000,0.044824585,0.092698041,7.427135961,0.598511507,58.816118912,0,86,84,2,0.103489771,26,0,0,0,0,0,719,26,18406,64557,16601,135,1550,722389
1008,1517157327.707762003,1517157327.808601379,1,0,0,1,207.938122406,36.129595064,-7.388696685,0.000032686,-0.009688280,-0.219380298,0.975591319,836,660,0.789473684,0.022746622,0.011869577,0.007350919,0.048760184,58.850448611,0.400000000,0.045410450,0.095794822,7.462994394,0.598499266,58.781432977,0,85,83,2,0.101674641,21,0,0,0,0,0,730,21,18431,64642,16622,135,1550,723119
1009,1517157327.808621883,1517157327.909461260,1,0,0,1,208.240315054,35.993740509,-7.405315990,0.000676148,-0.011737772,-0.222927158,0.974764202,839,665,0.792610250,0.022580215,0.011706655,0.008187220,0.051371718,55.498259145,0.350000000,0.046118692,0.099842678,7.488549231,0.605357452,58.461257743,0,79,79,0,0.094159714,24,0,0,0,0,0,736,24,18454,64721,16646,135,1550,723855
1010,1517157327.909482002,1517157328.010249376,1,0,0,1,208.546734620,35.858454769,-7.415692206,-0.000884261,-0.010359084,-0.225277100,0.974239260,844,665,0.787914692,0.024801871,0.013858213,0.008289931,0.062654214,51.434407699,0.350000000,0.047145858,0.099257096,7.191718538,0.482022383,58.168363928,0,81,80,1,0.095971564,35,0,0,0,0,0,728,35,18477,64802,16681,135,1550,724583
1011,1517157328.010270119,1517157328.111109257,1,0,0,1,208.853664166,35.720737415,-7.414714341,0.003139940,-0.009665117,-0.225326060,0.974230411,831,658,0.791817088,0.022485478,0.010428103,0.006803253,0.050688280,57.033722629,0.350000000,0.047451962,0.102561229,7.231273051,0.407538545,58.119695221,0,80,75,5,0.096269555,26,0,0,0,0,0,725,26,18493,64882,16707,135,1550,725308
1012,1517157328.211990118,1517157328.312829256,1,0,0,1,209.438222629,35.454123947,-7.432564245,0.005771619,-0.011361334,-0.221762250,0.975017494,831,650,0.782190132,0.023311638,0.012274339,0.008196580,0.047856714,57.018930089,0.350000000,0.047240198,0.097088652,7.212729039,0.359592430,58.430350847,0,84,83,1,0.101083032,18,0,0,0,0,0,729,18,18519,64966,16725,135,1550,726037
1013,1517157328.312849998,1517157328.413689375,1,0,0,1,209.713899903,35.326558120,-7.441594922,0.002495272,-0.010432785,-0.220390799,0.975352668,824,638,0.774271845,0.021957397,0.011193287,0.007401288,0.045193538,59.257729083,0.300000000,0.047669720,0.099818320,7.164372233,0.356013036,58.319571220,0,61,61,0,0.074029126,28,0,0,0,0,0,735,28,18527,65027,16753,135,1550,726772
1014,1517157328.413710117,1517157328.514549255,1,0,0,1,209.989924667,35.199402763,-7.454040838,0.004364755,-0.012122815,-0.219694271,0.975483682,826,628,0.760290557,0.023301491,0.010762977,0.007026797,0.053155585,54.560198540,0.250000000,0.048483894,0.090034570,7.137307881,0.350087141,57.978727209,0,74,74,0,0.089588378,22,0,0,0,0,0,730,22,18552,65101,16775,135,1550,727502
1015,1517157328.514569998,1517157328.615409374,1,0,0,1,210.263332126,35.078276728,-7.467770322,0.002838864,-0.015479844,-0.218869456,0.975627222,820,649,0.791463415,0.024190663,0.012906938,0.008711436,0.069402861,48.944862564,0.250000000,0.049227050,0.071910724,7.107717187,0.337851277,57.769516353,0,74,73,1,0.090243902,26,0,0,0,0,0,720,26,18574,65175,16801,135,1550,728222
1016,1517157328.615430117,1517157328.716269255,1,0,0,1,210.531332429,34.958483212,-7.474097222,0.002380602,-0.014362577,-0.218133656,0.975810308,823,645,0.783718104,0.020935933,0.011130466,0.007327294,0.060448323,50.415828655,0.200000000,0.050289407,0.077230585,7.050858839,0.329697374,57.270418875,0,58,56,2,0.070473876,17,0,0,0,0,0,748,17,18586,65233,16818,135,1550,728970
1017,1517157328.716290951,1517157328.817129374,1,0,0,1,210.797461643,34.842866093,-7.480601910,0.002632196,-0.012642838,-0.217651320,0.975941153,835,642,0.768862275,0.021740925,0.013127250,0.007834858,0.062601504,51.417447136,0.150000000,0.051679223,0.080366871,6.990787625,0.323480890,56.459787989,0,62,62,0,0.074251497,17,0,0,0,0,0,756,17,18599,65295,16835,135,1550,729726
1018,1517157328.817151070,1517157328.917990208,1,0,0,1,211.058802035,34.729225903,-7.482247432,0.003382750,-0.012211666,-0.217410427,0.975998022,822,636,0.773722628,0.021426428,0.012013681,0.007687876,0.058873176,51.661932744,0.150000000,0.052379784,0.081295766,6.918185223,0.302019730,56.261626871,0,61,60,1,0.074209246,21,0,0,0,0,0,740,21,18611,65356,16856,135,1550,730466
1019,1517157328.918010950,1517157329.018791199,1,0,0,1,211.313768733,34.618141105,-7.483294860,0.004514353,-0.011491305,-0.216511684,0.976201957,819,629,0.768009768,0.021014894,0.012541929,0.008056507,0.055154600,54.681957675,0.150000000,0.053101780,0.074994029,6.841208477,0.240353619,56.035167063,0,75,73,2,0.091575092,15,0,0,0,0,0,729,15,18635,65431,16871,135,1550,731195
1020,1517157329.018811941,1517157329.119651318,1,0,0,1,211.562677846,34.507706674,-7.486318237,0.005773960,-0.011768657,-0.216062498,0.976291533,810,631,0.779012346,0.020624129,0.012402394,0.008328762,0.054485707,51.656620213,0.100000000,0.054282550,0.078193919,6.741020894,0.157195795,55.083090793,0,60,59,1,0.074074074,16,0,0,0,0,0,734,16,18650,65491,16887,135,1550,731929
1021,1517157329.119672060,1517157329.220511198,1,0,0,1,211.808976301,34.401371277,-7.494538252,0.002430506,-0.007092575,-0.216494481,0.976255053,825,639,0.774545455,0.021160216,0.011320945,0.007168363,0.042854360,59.764131088,0.100000000,0.054212575,0.064090359,6.315740164,0.156325635,55.124765268,0,88,87,1,0.106666667,18,0,0,0,0,0,719,18,18674,65579,16905,135,1550,732648
1022,1517157329.321392059,1517157329.422231197,1,0,0,1,212.277691825,34.186397219,-7.504877504,-0.000374473,-0.008273816,-0.223516497,0.974664958,843,664,0.787663108,0.021972581,0.013770308,0.008791295,0.047545702,57.305140452,0.100000000,0.053971899,0.060250901,6.481389208,0.122471305,55.169666515,0,77,75,2,0.091340451,19,0,0,0,0,0,747,19,18689,65656,16924,135,1550,733395
1023,1517157329.422251940,1517157329.523091316,1,0,0,1,212.501570818,34.086111860,-7.502161525,-0.014629921,-0.002112482,-0.246822254,0.968948026,836,649,0.776315789,0.021087209,0.011815736,0.007190824,0.042727191,59.385612431,0.050000000,0.054624339,0.061076657,6.372314769,0.127834534,54.553224276,0,113,112,1,0.135167464,17,0,0,0,0,0,706,17,18703,65769,16941,135,1550,734101
1024,1517157329.623971939,1517157329.724811316,1,1,1,1,212.971224117,33.835945327,-7.535346917,-0.003244824,-0.004471495,-0.262300488,0.964970430,843,653,0.774614472,0.024651624,0.013304983,0.007282755,0.034396192,66.993639261,0.050000000,0.054366741,0.058283526,6.561176842,0.153760022,54.739787236,1,76,75,1,0.090154211,18,32,0,0,0,0,717,50,18712,65845,16991,135,1550,734818
1025,1517157329.724832058,1517157329.825671196,1,1,1,1,213.189050993,33.710312670,-7.548602872,-0.001588472,-0.008073066,-0.257063260,0.966359552,848,661,0.779481132,0.021812193,0.011751192,0.007505039,0.039767685,61.225346941,0.100000000,0.053053479,0.056248406,6.466850603,0.148049947,55.324145319,2,70,68,2,0.082547170,20,27,0,0,3,0,731,47,18726,65915,17038,135,1550,735549
1026,1517157329.825691938,1517157329.926531315,1,0,0,1,213.417487649,33.584660785,-7.559796304,-0.000395862,-0.008941321,-0.254274280,0.967090733,840,642,0.764285714,0.020773010,0.011751449,0.007406185,0.045909878,59.109727899,0.100000000,0.052046275,0.058591280,6.383676701,0.144288089,55.745587721,0,94,93,1,0.111904762,13,0,0,0,0,0,733,13,18745,66009,17051,135,1550,736282
1027,1517157329.926552057,1517157330.027331352,1,0,0,1,213.633555319,33.465860711,-7.567747872,-0.002831020,-0.008698747,-0.253246628,0.967358497,830,650,0.783132530,0.021481510,0.011775390,0.007836020,0.041275490,60.881154620,0.100000000,0.050756145,0.056204069,6.294811953,0.144905662,56.354854874,0,80,79,1,0.096385542,21,0,0,0,0,0,729,21,18760,66089,17072,135,1550,737011
1028,1517157330.027352095,1517157330.128191233,1,0,0,1,213.851193558,33.350048198,-7.576658215,-0.005126933,-0.012904920,-0.254770833,0.966901753,835,632,0.756886228,0.019629025,0.011771131,0.007415380,0.058084245,50.306184372,0.100000000,0.051222348,0.061682524,6.209764319,0.140732504,55.927641662,0,70,68,2,0.083832335,22,0,0,0,0,0,743,22,18781,66159,17094,135,1550,737754
1029,1517157330.128211975,1517157330.229051352,1,0,0,1,214.071212030,33.232766094,-7.581531868,-0.006770391,-0.016055920,-0.254433706,0.966933223,838,628,0.749403341,0.022832858,0.014719374,0.007452281,0.050225833,55.268272524,0.100000000,0.051165054,0.061921686,6.124021308,0.136667341,55.916142331,0,69,69,0,0.082338902,29,0,0,0,0,0,740,29,18799,66228,17123,135,1550,738494
1030,1517157330.229072094,1517157330.329911232,1,1,1,1,214.289361853,33.114398839,-7.585080874,-0.004793610,-0.022228215,-0.254056122,0.966922135,819,631,0.770451770,0.019898744,0.012773011,0.007514724,0.026823051,75.412673589,0.150000000,0.049373496,0.059119227,6.035828849,0.137100848,57.115055625,1,59,59,0,0.072039072,13,29,0,0,2,0,718,42,18806,66287,17165,135,1550,739212
1031,1517157330.329931974,1517157330.430771351,1,1,1,1,214.527459778,32.987899818,-7.589857976,-0.006160318,-0.021086049,-0.253780326,0.967012397,823,631,0.766707169,0.021328101,0.012664191,0.007820912,0.028617052,77.243462895,0.200000000,0.048269934,0.059025713,5.662750559,0.130521869,58.125542639,2,58,58,0,0.070473876,19,23,0,0,1,0,723,42,18812,66345,17207,135,1550,739935
1032,1517157330.531651974,1517157330.632491350,1,0,0,1,214.980679994,32.743484160,-7.588427380,-0.006544593,-0.029690958,-0.254419610,0.966615889,818,616,0.753056235,0.022199621,0.012509576,0.007807218,0.062842527,49.688579425,0.200000000,0.049019225,0.057091387,5.873781746,0.129169959,57.759025105,0,84,83,1,0.102689487,22,0,0,0,0,0,712,22,18831,66429,17229,135,1550,740647
1033,1517157330.632512093,1517157330.733351231,1,0,0,1,215.202031172,32.626208876,-7.587667352,-0.004767894,-0.031659076,-0.255572559,0.966259612,794,604,0.760705290,0.021121816,0.013024455,0.008231516,0.057900060,52.320500001,0.200000000,0.049654551,0.057419738,5.820122484,0.130372744,57.412163651,0,70,69,1,0.088161209,24,0,0,0,0,0,700,24,18846,66499,17253,135,1550,741347
1034,1517157330.733371973,1517157330.834211349,1,0,0,1,215.432832436,32.500322837,-7.590270447,-0.001633714,-0.027447742,-0.257350107,0.965926951,818,628,0.767726161,0.022610413,0.014965496,0.008540106,0.060512129,51.989485578,0.200000000,0.050022378,0.055797577,5.783683520,0.132410329,57.283628003,0,55,54,1,0.067237164,22,0,0,0,0,0,741,22,18856,66554,17275,135,1550,742088
1035,1517157330.834232092,1517157330.935071230,1,1,1,1,215.667952315,32.373364059,-7.593406863,-0.002888585,-0.023637552,-0.255029551,0.966639980,827,638,0.771463120,0.024633160,0.013761886,0.007948235,0.033583880,68.963562152,0.250000000,0.048231429,0.058044640,5.757286141,0.135859415,58.284562983,1,50,50,0,0.060459492,32,27,0,0,1,0,718,59,18870,66604,17334,135,1550,742806
1036,1517157330.935092926,1517157331.035866261,1,0,0,1,215.937448356,32.225579448,-7.607784867,-0.004219356,-0.021666443,-0.253026088,0.967207610,821,627,0.763702801,0.027646709,0.015024976,0.009350167,0.050323767,56.746018750,0.250000000,0.047725202,0.081895316,5.774747778,0.139094789,58.601072487,0,97,94,3,0.118148599,31,0,0,0,0,0,693,31,18894,66701,17365,135,1550,743499
1037,1517157331.035887957,1517157331.136727333,1,0,0,1,216.174556034,32.097939817,-7.617801236,-0.008551015,-0.020486225,-0.253727313,0.967021016,816,636,0.779411765,0.025967916,0.013900222,0.008927128,0.048278672,57.693726109,0.250000000,0.047009060,0.089975923,5.759230877,0.139862367,58.914886436,0,85,83,2,0.104166667,26,0,0,0,0,0,705,26,18915,66786,17391,135,1550,744204
1038,1517157331.136748075,1517157331.237587214,1,0,0,1,216.414482051,31.970042215,-7.608908305,-0.025048920,-0.036440368,-0.260358446,0.964498901,835,661,0.791616766,0.022699638,0.015629712,0.009067083,0.058758710,50.923582740,0.250000000,0.047003337,0.089485652,5.753146029,0.151055010,58.877968936,0,67,65,2,0.080239521,17,0,0,0,0,0,751,17,18934,66853,17408,135,1550,744955
1039,1517157331.237607956,1517157331.338447332,1,0,0,1,216.664853343,31.886566305,-7.614253606,-0.085635314,-0.060568761,-0.284546981,0.952906624,901,706,0.783573807,0.028687615,0.020567075,0.012334784,0.043605063,63.184072136,0.250000000,0.046425860,0.106462010,5.744796086,0.193609345,59.303074659,0,96,96,0,0.106548280,23,0,0,0,0,0,782,23,18957,66949,17431,135,1550,745737
1040,1517157331.338468075,1517157331.439307213,1,0,0,1,216.909727784,31.770988985,-7.654743044,-0.083738835,-0.002158344,-0.304719940,0.948751236,873,666,0.762886598,0.035397628,0.016806381,0.009988590,0.057376199,55.030279947,0.250000000,0.046570384,0.155386192,5.750187733,0.240503143,59.471757645,0,93,87,6,0.106529210,30,0,0,0,0,0,750,30,18983,67042,17461,135,1550,746487
1041,1517157331.439327955,1517157331.540167332,1,0,0,1,217.189333838,31.663114979,-7.582561472,-0.100851986,0.092428806,-0.323050265,0.936442373,969,736,0.759545924,0.048273037,0.026617484,0.016636771,0.046519841,57.128253279,0.250000000,0.046753658,0.262309655,5.542685051,0.287103112,59.339963755,0,135,127,8,0.139318885,36,0,0,0,0,0,798,36,19043,67177,17497,135,1550,747285
1042,1517157331.540188074,1517157331.641027212,1,0,0,1,217.384348074,31.524121137,-7.577696670,-0.069826980,0.033977703,-0.325598696,0.942313747,969,714,0.736842105,0.037545365,0.017762514,0.012650001,0.054067645,48.052384423,0.250000000,0.047079756,0.275241067,5.536883696,0.250611370,58.877325954,0,80,78,2,0.082559340,23,0,0,0,0,0,866,23,19068,67257,17520,135,1550,748151
1043,1517157331.741908073,1517157331.842747211,1,0,0,1,217.810742108,31.221585491,-7.635511023,-0.009142070,-0.003700268,-0.200648043,0.979613747,863,629,0.728852839,0.025657285,0.015843950,0.010016728,0.064509534,47.801951174,0.250000000,0.048168873,0.269931343,5.529730329,0.481355939,58.298142891,0,82,81,1,0.095017381,29,0,0,0,0,0,752,29,19080,67339,17549,135,1550,748903
1044,1517157331.842767954,1517157331.943607330,1,0,0,1,218.026218864,31.108208645,-7.646526426,-0.026559361,-0.015240499,-0.192482129,0.980822592,857,636,0.742123687,0.028539007,0.019554760,0.012527047,0.056976410,50.849746006,0.200000000,0.049297884,0.268722326,5.521654424,0.487880278,57.490948228,0,84,83,1,0.098016336,17,0,0,0,0,0,756,17,19101,67423,17566,135,1550,749659
1045,1517157331.943628073,1517157332.044409275,1,0,0,1,218.266684406,31.011509984,-7.688825720,-0.034332954,0.016097861,-0.219305536,0.974919068,847,630,0.743801653,0.025975166,0.014661302,0.010078363,0.062749284,49.853579553,0.150000000,0.050446964,0.264118951,5.523309513,0.538634919,56.922359859,0,94,89,5,0.110979929,16,0,0,0,0,0,737,16,19129,67517,17582,135,1550,750396
1046,1517157332.044430017,1517157332.145269394,1,0,0,1,218.510533902,30.911340627,-7.684435169,-0.044747817,0.038456956,-0.255239656,0.965075859,877,661,0.753705815,0.025152106,0.016270712,0.010125194,0.041790492,63.829297873,0.150000000,0.050240994,0.257935960,5.540265824,0.613183220,57.158338357,0,84,83,1,0.095781072,21,0,0,0,0,0,772,21,19152,67601,17603,135,1550,751168
1047,1517157332.145289898,1517157332.246129274,1,0,0,1,218.754375746,30.787765990,-7.705398970,-0.021463401,-0.004078385,-0.278954079,0.960055889,911,680,0.746432492,0.027339343,0.018522227,0.009713509,0.048796498,57.776183262,0.150000000,0.050617045,0.251686128,5.567740687,0.655352057,57.003089789,0,86,86,0,0.094401756,26,0,0,0,0,0,799,26,19172,67687,17629,135,1550,751967
1048,1517157332.246150017,1517157332.346989393,1,0,0,1,218.998523131,30.646472020,-7.732307604,-0.010114308,-0.014942316,-0.271111923,0.962378695,851,637,0.748531140,0.024742668,0.014454228,0.007869030,0.059778816,48.804438336,0.150000000,0.050701773,0.242695558,5.601733027,0.670814405,56.928002488,0,78,77,1,0.091656874,21,0,0,0,0,0,752,21,19182,67765,17650,135,1550,752719
1049,1517157332.347009897,1517157332.447849274,1,0,0,1,219.239865613,30.499257849,-7.745979336,0.004446685,-0.021051783,-0.254601682,0.966806616,822,636,0.773722628,0.020963211,0.011608978,0.007959860,0.053069404,51.809490336,0.150000000,0.050843952,0.246178328,5.636542357,0.703848326,56.755063378,0,48,46,2,0.058394161,19,0,0,0,0,0,755,19,19192,67813,17669,135,1550,753474
1050,1517157332.447870016,1517157332.548709393,1,0,0,1,219.484022372,30.361520665,-7.751535340,0.010514823,-0.027104870,-0.235961395,0.971327434,837,634,0.757467145,0.022664008,0.011594998,0.007651911,0.041306062,57.187710854,0.100000000,0.051568102,0.240520659,5.647267873,0.741146753,55.843815242,0,70,69,1,0.083632019,23,0,0,0,0,0,744,23,19205,67883,17692,135,1550,754218
1051,1517157332.548729897,1517157332.649569273,1,0,0,1,219.731462336,30.239041201,-7.756746569,0.005947349,-0.022375095,-0.223072783,0.974526817,816,618,0.757352941,0.022806285,0.013470045,0.008818762,0.046198635,59.071336823,0.050000000,0.052447181,0.237776228,5.408483977,0.766525093,54.935208938,0,51,50,1,0.062500000,25,0,0,0,0,0,740,25,19214,67934,17717,135,1550,754958
1052,1517157332.649590015,1517157332.750429392,1,0,0,1,220.001793611,30.112961509,-7.765458939,0.003068771,-0.019701033,-0.223697441,0.974454671,798,595,0.745614035,0.020679726,0.011034196,0.007641347,0.047426146,57.171941874,0.050000000,0.051676362,0.240870243,5.456397778,0.765046990,55.309377060,0,64,62,2,0.080200501,16,0,0,0,0,0,718,16,19232,67998,17733,135,1550,755676
1053,1517157332.750449896,1517157332.851289272,1,0,0,1,220.265501718,29.992984182,-7.765718571,-0.002087637,-0.020489148,-0.225582734,0.974006297,807,597,0.739776952,0.022098403,0.012592788,0.007884762,0.061157545,48.661120168,0.050000000,0.051839237,0.238934617,5.483202811,0.765072968,55.126408069,0,59,58,1,0.073110285,16,0,0,0,0,0,732,16,19242,68057,17749,135,1550,756408
1054,1517157332.851310015,1517157332.952149391,1,0,0,1,220.526486471,29.872952185,-7.769687833,-0.002870069,-0.023119644,-0.226637267,0.973700567,813,611,0.751537515,0.021341537,0.013630568,0.008237636,0.048374158,56.620845575,0.050000000,0.051232338,0.241313972,5.503268451,0.762277348,55.357976069,0,42,41,1,0.051660517,13,0,0,0,0,0,758,13,19249,68099,17762,135,1550,757166
1055,1517157332.952169895,1517157333.052948236,1,0,0,1,220.797317223,29.748109250,-7.781267811,-0.002738068,-0.022138746,-0.227115829,0.973612232,803,598,0.744707347,0.023537485,0.013901397,0.008291389,0.045588572,58.041894436,0.000000000,0.051832573,0.242690382,5.494019756,0.758985242,54.811892683,0,77,76,1,0.095890411,15,0,0,0,0,0,711,15,19265,68176,17777,135,1550,757877
1056,1517157333.052968979,1517157333.153808355,1,0,0,1,221.069514878,29.624464793,-7.784067149,-0.001051281,-0.022509507,-0.225856655,0.973899886,833,633,0.759903962,0.022222187,0.013661351,0.007749179,0.052855862,55.203940016,0.000000000,0.051959177,0.247983174,5.523530321,0.760239231,54.734788746,0,59,58,1,0.070828331,16,0,0,0,0,0,758,16,19273,68235,17793,135,1550,758635
1057,1517157333.153830051,1517157333.254668236,1,0,0,1,221.344201323,29.498882575,-7.789976084,-0.003291474,-0.024103367,-0.225119229,0.974027477,829,617,0.744270205,0.025058846,0.015564903,0.007914295,0.052699185,56.330602247,0.000000000,0.052180203,0.248686784,5.553588523,0.748778564,54.666632553,0,61,60,1,0.073582630,20,0,0,0,0,0,748,20,19282,68296,17813,135,1550,759383
1058,1517157333.254689932,1517157333.355529308,1,0,0,1,221.610398561,29.374227911,-7.793192470,-0.004088867,-0.020679316,-0.225760907,0.973954650,854,637,0.745901639,0.024605507,0.013547430,0.007963961,0.050257756,57.556177187,0.000000000,0.051755155,0.246189567,5.583569883,0.706539355,54.998262275,0,61,60,1,0.071428571,21,0,0,0,0,0,772,21,19293,68357,17834,135,1550,760155
1059,1517157333.355550051,1517157333.456389189,1,0,0,1,221.884274763,29.244213656,-7.802255901,-0.003054636,-0.021657881,-0.226997294,0.973649749,807,600,0.743494424,0.023940179,0.013680533,0.008685473,0.058403566,52.217076966,0.000000000,0.052495080,0.248717773,5.613084982,0.661506804,54.449912517,0,56,56,0,0.069392813,12,0,0,0,0,0,739,12,19298,68413,17846,135,1550,760894
1060,1517157333.456409931,1517157333.557249308,1,0,0,1,222.160603355,29.115912147,-7.816596922,-0.002644010,-0.023980390,-0.226780029,0.973647148,806,604,0.749379653,0.022175422,0.012419911,0.008009514,0.044140901,57.067702645,0.000000000,0.051833316,0.244372489,5.609820325,0.600902021,54.551783652,0,67,67,0,0.083126551,11,0,0,0,0,0,728,11,19308,68480,17857,135,1550,761622
1061,1517157333.557270050,1517157333.658109188,1,0,0,1,222.420891789,28.993521615,-7.826362537,-0.001558692,-0.022989454,-0.228451855,0.973282490,814,605,0.743243243,0.023232806,0.014359233,0.008008024,0.049672808,58.107331713,0.000000000,0.051990964,0.147477900,5.658085767,0.593030238,54.600737573,0,51,50,1,0.062653563,13,0,0,0,0,0,750,13,19320,68531,17870,135,1550,762372
1062,1517157333.758990049,1517157333.859829187,1,0,0,1,222.945568424,28.746657380,-7.829624016,-0.002467978,-0.021972290,-0.228102791,0.973385969,804,596,0.741293532,0.023887168,0.014188796,0.008411079,0.054582022,54.831076033,0.000000000,0.052016683,0.085300554,5.711940350,0.330969746,54.939672154,0,61,58,3,0.075870647,19,0,0,0,0,0,724,19,19334,68592,17889,135,1550,763096
1063,1517157333.859849930,1517157333.960689306,1,0,0,1,223.208497438,28.623021702,-7.844065911,-0.002914756,-0.017341371,-0.226617551,0.973825070,806,623,0.772952854,0.023430204,0.012729784,0.009017124,0.058597833,49.859269719,0.000000000,0.051721098,0.083907424,5.759112644,0.316807026,55.042538081,0,72,72,0,0.089330025,16,0,0,0,0,0,718,16,19346,68664,17905,135,1550,763814
1064,1517157333.960710049,1517157334.061488390,1,0,0,1,223.466126214,28.505150259,-7.849312192,-0.004802879,-0.020096567,-0.225875011,0.973937133,791,589,0.744627054,0.020702811,0.011807492,0.007395681,0.058948969,49.278460698,0.000000000,0.051819726,0.075491149,5.779865130,0.261851546,54.963973816,0,64,63,1,0.080910240,18,0,0,0,0,0,709,18,19362,68728,17923,135,1550,764523
1065,1517157334.061508894,1517157334.162348270,1,0,0,1,223.751254087,28.375976869,-7.855921893,-0.003711509,-0.013797844,-0.226182276,0.973980196,795,608,0.764779874,0.026003917,0.014009471,0.008893237,0.059948992,54.353455563,0.000000000,0.051679711,0.075579553,5.829299933,0.185707212,55.188967616,0,71,70,1,0.089308176,14,0,0,0,0,0,710,14,19373,68799,17937,135,1550,765233
1066,1517157334.162369013,1517157334.263208389,1,0,0,1,224.009825125,28.254114917,-7.865898003,-0.005132883,-0.018428669,-0.226678160,0.973781828,797,600,0.752823087,0.021579149,0.010544296,0.007829647,0.057001786,52.460997773,0.000000000,0.052440276,0.075610383,5.841152694,0.141432661,54.620552611,0,79,79,0,0.099121706,14,0,0,0,0,0,704,14,19386,68878,17951,135,1550,765937
1067,1517157334.263228893,1517157334.364068270,1,0,0,1,224.270429523,28.132953407,-7.875005595,-0.002274655,-0.017963066,-0.225933271,0.973974492,795,619,0.778616352,0.020871621,0.012062562,0.008008394,0.059651086,47.623105323,0.000000000,0.052983005,0.067037862,5.845324517,0.126703983,54.112898714,0,61,57,4,0.076729560,18,0,0,0,0,0,716,18,19396,68939,17969,135,1550,766653
1068,1517157334.364089012,1517157334.464928389,1,0,0,1,224.523291313,28.014199390,-7.882835952,-0.002049288,-0.017013152,-0.226938787,0.973758255,793,609,0.767969735,0.019873307,0.011027091,0.008035840,0.053650972,48.363941704,0.000000000,0.052676613,0.070504898,5.841765024,0.095130432,54.090873883,0,60,58,2,0.075662043,9,0,0,0,0,0,724,9,19406,68999,17978,135,1550,767377
1069,1517157334.464948893,1517157334.565788269,1,0,0,1,224.777496971,27.897019117,-7.893707016,-0.003211880,-0.017676904,-0.226770239,0.973782558,800,623,0.778750000,0.023239803,0.014194707,0.009258775,0.065517500,47.216952231,0.000000000,0.053299018,0.068432282,5.841506310,0.057551161,53.861246977,0,55,54,1,0.068750000,11,0,0,0,0,0,734,11,19418,69054,17989,135,1550,768111
1070,1517157334.565809011,1517157334.666648388,1,0,0,1,225.036926365,27.775527359,-7.903228803,-0.006023661,-0.024345657,-0.226629106,0.973658181,791,592,0.748419722,0.022823016,0.015542593,0.008653582,0.061214147,52.774644745,0.000000000,0.054294422,0.068417792,5.851989492,0.030900409,53.640593672,0,47,47,0,0.059418458,6,0,0,0,0,0,738,6,19428,69101,17995,135,1550,768849
1071,1517157334.666668892,1517157334.767508268,1,0,0,1,225.283380849,27.658835531,-7.909411444,-0.005095627,-0.018381191,-0.225888801,0.973966332,802,594,0.740648379,0.022746350,0.013735938,0.009023042,0.055529353,51.931624875,0.000000000,0.054760958,0.068420675,5.826329870,0.031413933,53.283608075,0,54,52,2,0.067331671,14,0,0,0,0,0,734,14,19441,69155,18009,135,1550,769583
1072,1517157334.868388891,1517157334.969228268,1,0,0,1,225.779492143,27.429721589,-7.932641952,-0.003444181,-0.018227104,-0.224362249,0.974329252,799,603,0.754693367,0.021745499,0.012271006,0.008166117,0.055409723,50.626256462,0.000000000,0.055160137,0.065934560,6.083566286,0.030786287,52.956323804,0,61,59,2,0.076345432,10,0,0,0,0,0,728,10,19461,69216,18019,135,1550,770311
1073,1517157334.969249010,1517157335.070026398,1,0,0,1,226.036743420,27.317471221,-7.939297259,-0.001989335,-0.016824689,-0.224927803,0.974228133,768,585,0.761718750,0.020337567,0.010793591,0.007882047,0.060701058,44.157811549,0.000000000,0.055137312,0.069950692,6.077028395,0.029768297,52.731158373,0,61,61,0,0.079427083,9,0,0,0,0,0,698,9,19468,69277,18028,135,1550,771009
1074,1517157335.070046902,1517157335.170886278,1,0,0,1,226.313183868,27.191491821,-7.944100763,-0.002666510,-0.015409578,-0.226242892,0.973945372,788,594,0.753807107,0.024198157,0.014513091,0.007291070,0.056067934,52.546811485,0.000000000,0.055522001,0.069633865,6.082414723,0.031460195,52.527456669,0,62,61,1,0.078680203,15,0,0,0,0,0,711,15,19478,69339,18043,135,1550,771720
1075,1517157335.170907021,1517157335.271746397,1,0,0,1,226.578838092,27.067851747,-7.947760460,-0.002037961,-0.017574515,-0.225439758,0.974096452,785,592,0.754140127,0.021686976,0.012582465,0.007896349,0.064873566,45.257015670,0.000000000,0.056486251,0.070306275,6.076477526,0.030543074,51.888212730,0,56,56,0,0.071337580,10,0,0,0,0,0,719,10,19485,69395,18053,135,1550,772439
1076,1517157335.271766901,1517157335.372606277,1,0,0,1,226.843616298,26.943450742,-7.952943142,-0.004497727,-0.022435227,-0.225865867,0.973889645,778,594,0.763496144,0.023012477,0.014622099,0.008172861,0.056666187,53.288378014,0.000000000,0.056676767,0.070053138,6.066979200,0.029861457,51.792434630,0,66,65,1,0.084832905,13,0,0,0,0,0,699,13,19500,69461,18066,135,1550,773138
1077,1517157335.372627974,1517157335.473466396,1,0,0,1,227.114936836,26.816935572,-7.956668737,-0.004545334,-0.025037375,-0.225723465,0.973859018,801,609,0.760299625,0.026838583,0.017197506,0.008790834,0.072933350,48.945386806,0.000000000,0.057688475,0.077085735,6.072413969,0.028889539,51.423173858,0,64,63,1,0.079900125,18,0,0,0,0,0,719,18,19513,69525,18084,135,1550,773857
1078,1517157335.473488092,1517157335.574327230,1,0,0,1,227.380428104,26.695664267,-7.955726851,-0.005068114,-0.026093654,-0.225951383,0.973775851,788,612,0.776649746,0.024942146,0.015300779,0.009076007,0.082720412,42.543483439,0.000000000,0.059311608,0.077826988,6.060987592,0.026757099,50.672539171,0,48,47,1,0.060913706,11,0,0,0,0,0,729,11,19522,69573,18095,135,1550,774586
1079,1517157335.574347973,1517157335.675187349,1,0,0,1,227.646935338,26.570821705,-7.967845900,-0.002289524,-0.018509455,-0.226381339,0.973860179,800,595,0.743750000,0.022516088,0.013066303,0.008179073,0.058907944,52.031836571,0.000000000,0.059336827,0.077363987,6.050536722,0.027208998,50.663277151,0,64,64,0,0.080000000,16,0,0,0,0,0,720,16,19539,69637,18111,135,1550,775306
1080,1517157335.675208092,1517157335.776047230,1,0,0,1,227.908147492,26.447451204,-7.970322991,-0.003158592,-0.021899953,-0.227147590,0.973608950,787,600,0.762388818,0.021986594,0.013983207,0.008288742,0.065315866,45.701782297,0.000000000,0.060395575,0.077561895,6.051634944,0.025371419,50.094981134,0,63,62,1,0.080050826,11,0,0,0,0,0,713,11,19553,69700,18122,135,1550,776019
1081,1517157335.776067972,1517157335.876907349,1,0,0,1,228.175687842,26.324016150,-7.977407108,-0.003837132,-0.018894916,-0.225712265,0.974003199,788,584,0.741116751,0.020375616,0.012413241,0.007720201,0.058886506,48.557476244,0.000000000,0.060856260,0.081225850,5.766501871,0.027627729,49.617488360,0,49,49,0,0.062182741,10,0,0,0,0,0,729,10,19562,69749,18132,135,1550,776748
1082,1517157335.977787971,1517157336.078565359,1,0,0,1,228.712885106,26.073351994,-7.989356118,-0.005659842,-0.020908108,-0.228244070,0.973362965,776,576,0.742268041,0.021823755,0.012206140,0.007903120,0.052087416,52.494110774,0.000000000,0.060731530,0.080929800,6.068518110,0.029629254,49.500640097,0,63,61,2,0.081185567,15,0,0,0,0,0,698,15,19576,69812,18147,135,1550,777446
1083,1517157336.078586102,1517157336.179425240,1,0,0,1,228.984153827,25.946160607,-8.013375430,-0.003917723,-0.018026426,-0.229338013,0.973172017,776,576,0.742268041,0.021801283,0.011659910,0.007825590,0.047987319,52.307563896,0.000000000,0.060201004,0.080984777,6.085724813,0.030349123,49.623054806,0,58,57,1,0.074742268,14,0,0,0,0,0,704,14,19593,69870,18161,135,1550,778150
1084,1517157336.179445982,1517157336.280285358,1,0,0,1,229.251291068,25.821606205,-8.028563138,-0.003245148,-0.021716420,-0.229120789,0.973150312,781,572,0.732394366,0.019354460,0.012362006,0.008147687,0.064752002,46.918548080,0.000000000,0.060491156,0.085098894,6.067770168,0.030123507,49.505059175,0,67,63,4,0.085787452,16,0,0,0,0,0,698,16,19605,69937,18177,135,1550,778848
1085,1517157336.280306101,1517157336.381145239,1,0,0,1,229.538976003,25.685651002,-8.035907411,-0.003718407,-0.023103508,-0.229988029,0.972912076,772,561,0.726683938,0.022492306,0.013700544,0.007545938,0.055269298,49.922378933,0.000000000,0.060257171,0.077267281,6.100024923,0.030882429,49.283505344,0,55,55,0,0.071243523,13,0,0,0,0,0,704,13,19616,69992,18190,135,1550,779552
1086,1517157336.381165981,1517157336.482005358,1,0,0,1,229.812582062,25.554668235,-8.044130015,-0.000191903,-0.019261850,-0.229490123,0.973120356,776,567,0.730670103,0.019230705,0.011136886,0.008101739,0.062956606,46.511204030,0.000000000,0.060554912,0.082915862,6.115941670,0.030426830,48.986015656,0,66,66,0,0.085051546,12,0,0,0,0,0,698,12,19628,70058,18202,135,1550,780250
1087,1517157336.482026100,1517157336.582865238,1,0,0,1,230.072996915,25.433259342,-8.051447324,-0.000574377,-0.017020848,-0.228706483,0.973346447,765,567,0.741176471,0.017847402,0.010238259,0.007068769,0.057857850,46.944203552,0.000000000,0.060465250,0.092954574,6.123891466,0.030049922,48.952070568,0,49,49,0,0.064052288,15,0,0,0,0,0,701,15,19636,70107,18217,135,1550,780951
1088,1517157336.582885981,1517157336.683725357,1,0,0,1,230.337301596,25.307239299,-8.056441788,-0.002185673,-0.017816654,-0.227776798,0.973547903,769,565,0.734720416,0.017090194,0.010198725,0.006699940,0.065345556,42.127495004,0.000000000,0.061049980,0.103619379,6.136619786,0.031623600,48.640248233,0,48,47,1,0.062418726,9,0,0,0,0,0,712,9,19643,70155,18226,135,1550,781663
1089,1517157336.683746099,1517157336.784585238,1,0,0,1,230.601280703,25.183345952,-8.063078740,-0.006326291,-0.018512523,-0.229106401,0.973204769,793,559,0.704918033,0.018402802,0.010617868,0.007498412,0.066518385,47.231476277,0.000000000,0.061100024,0.108977899,6.141676012,0.033958479,48.640974435,0,58,57,1,0.073139975,16,0,0,0,0,0,719,16,19655,70213,18242,135,1550,782382
1090,1517157336.784605980,1517157336.885445356,1,0,0,1,230.864032113,25.059685927,-8.068587652,-0.004996932,-0.017440378,-0.229559787,0.973125464,784,553,0.705357143,0.017684860,0.010372847,0.006568837,0.052515993,51.762614281,0.000000000,0.060665116,0.116190449,6.159370215,0.033325576,48.590372912,0,62,62,0,0.079081633,14,0,0,0,0,0,708,14,19665,70275,18256,135,1550,783090
1091,1517157337.087125063,1517157337.187964201,1,0,0,1,231.641551882,24.686408140,-8.072087496,-0.001543077,-0.020810765,-0.230345927,0.972885032,773,577,0.746442432,0.019035200,0.011227199,0.007279960,0.057262307,45.608379182,0.000000000,0.060751764,0.118349046,6.474903672,0.032053076,48.274210627,0,57,57,0,0.073738680,13,0,0,0,0,0,703,13,19676,70332,18269,135,1550,783793
1092,1517157337.187984943,1517157337.288824320,1,0,0,1,231.910049994,24.559201515,-8.079898653,-0.003982363,-0.020060076,-0.229931956,0.972991793,767,567,0.739243807,0.018769387,0.010707086,0.006915807,0.060682401,46.900972689,0.000000000,0.061015398,0.121405967,6.491359926,0.031830956,48.087946439,0,63,61,2,0.082138201,13,0,0,0,0,0,691,13,19692,70395,18282,135,1550,784484
1093,1517157337.288845062,1517157337.389684200,1,0,0,1,232.161776525,24.441491026,-8.089131632,-0.002864637,-0.021748867,-0.230631529,0.972793852,772,576,0.746113990,0.019020100,0.010601371,0.006799984,0.052854151,49.995604196,0.000000000,0.060623052,0.123337511,6.465570866,0.030695357,48.379836071,0,66,65,1,0.085492228,13,0,0,0,0,0,693,13,19701,70461,18295,135,1550,785177
1094,1517157337.389704943,1517157337.490544319,1,0,0,1,232.430411888,24.312558312,-8.089008917,-0.004004307,-0.018908591,-0.231151159,0.972725846,781,585,0.749039693,0.020655940,0.012172927,0.007543675,0.064923050,46.123772568,0.000000000,0.061065808,0.118936021,6.470505079,0.030067685,48.058684125,0,74,71,3,0.094750320,16,0,0,0,0,0,691,16,19717,70535,18311,135,1550,785868
1095,1517157337.490565062,1517157337.591404200,1,0,0,1,232.697398346,24.184031358,-8.100531527,-0.004116858,-0.017874937,-0.231978680,0.972547906,771,578,0.749675746,0.018329575,0.009764777,0.006510965,0.058239587,43.999157880,0.000000000,0.060734109,0.121995645,6.474449465,0.030861615,47.995791236,0,55,54,1,0.071335927,13,0,0,0,0,0,703,13,19725,70590,18324,135,1550,786571
1096,1517157337.591425896,1517157337.692264318,1,0,0,1,232.943800518,24.066570704,-8.115055883,0.000881402,-0.016608124,-0.231454176,0.972703633,777,604,0.777348777,0.020918854,0.010228291,0.006865380,0.067234196,43.368706854,0.000000000,0.061262510,0.119609319,6.448411984,0.031576773,47.499807678,0,86,84,2,0.110682111,20,0,0,0,0,0,671,20,19744,70676,18344,135,1550,787242
1097,1517157337.692286015,1517157337.793125391,1,0,0,1,233.208512856,23.940327432,-8.128167698,0.000160334,-0.017366208,-0.232492808,0.972443049,773,572,0.739974127,0.021353415,0.014797429,0.007106725,0.069380431,43.706934459,0.000000000,0.061084864,0.098034702,6.450100738,0.033239381,47.237885060,0,55,54,1,0.071151358,13,0,0,0,0,0,705,13,19753,70731,18357,135,1550,787947
1098,1517157337.793145895,1517157337.893985271,1,0,0,1,233.462852974,23.817918843,-8.137051228,-0.003755494,-0.020626813,-0.232073089,0.972472371,758,569,0.750659631,0.015247806,0.009031982,0.006035700,0.061351155,44.321425858,0.000000000,0.060016401,0.098490289,6.437955929,0.033342172,47.326782181,0,50,48,2,0.065963061,12,0,0,0,0,0,696,12,19759,70781,18369,135,1550,788643
1099,1517157337.894006014,1517157337.994845390,1,0,0,1,233.717745587,23.693832996,-8.142189378,-0.004266475,-0.025269861,-0.232371541,0.972289411,779,563,0.722721438,0.022771638,0.015121390,0.007558878,0.077276878,39.491574949,0.000000000,0.060934848,0.099404285,6.432602845,0.032430742,46.699769100,0,79,78,1,0.101412067,11,0,0,0,0,0,689,11,19778,70860,18380,135,1550,789332
1100,1517157337.994865894,1517157338.095640182,1,0,0,1,233.958444949,23.567741209,-8.144000142,0.012805696,-0.018815678,-0.218522740,0.975566398,750,553,0.737333333,0.018179732,0.010932442,0.006836477,0.068129509,41.717328364,0.000000000,0.061075530,0.098012824,6.409608042,0.057433824,46.500546404,0,61,61,0,0.081333333,8,0,0,0,0,0,681,8,19785,70921,18388,135,1550,790013
1101,1517157338.095660925,1517157338.196500301,1,0,0,1,234.212069217,23.448104085,-8.153756852,0.029260568,-0.008767427,-0.182383137,0.982752941,805,591,0.734161491,0.019601752,0.011921091,0.007633293,0.070325026,39.556548176,0.000000000,0.061647456,0.097698726,6.097281206,0.126304986,46.050500000,0,72,70,2,0.089440994,10,0,0,0,0,0,723,10,19798,70993,18398,135,1550,790736
1102,1517157338.297380924,1517157338.398220301,1,0,0,1,234.726100150,23.302507663,-8.173434137,0.025515541,0.001450508,-0.117473541,0.992747108,848,619,0.729952830,0.021935916,0.013602373,0.008890786,0.074445282,36.660439929,0.000000000,0.062765349,0.098032320,6.331328028,0.255890689,45.258816458,0,73,72,1,0.086084906,14,0,0,0,0,0,761,14,19815,71066,18412,135,1550,791497
1103,1517157338.398241043,1517157338.499080181,1,0,0,1,234.969581363,23.262195203,-8.191407852,0.013934632,-0.003038020,-0.122353693,0.992384084,834,619,0.742206235,0.022082626,0.012825812,0.006886454,0.062380443,44.762860938,0.000000000,0.063485005,0.098882010,6.283638955,0.265585143,44.881581310,0,53,53,0,0.063549161,20,0,0,0,0,0,761,20,19823,71119,18432,135,1550,792258
1104,1517157338.499100924,1517157338.599940300,1,0,0,1,235.209175535,23.213176569,-8.196886579,-0.003397042,-0.006572652,-0.145397428,0.989345667,820,605,0.737804878,0.021057291,0.013550391,0.007983821,0.057848130,42.899316683,0.000000000,0.063139812,0.099935871,6.209980252,0.310206823,44.680619740,0,58,58,0,0.070731707,12,0,0,0,0,0,750,12,19842,71177,18444,135,1550,793008
1105,1517157338.599961042,1517157338.700800180,1,0,0,1,235.450517489,23.144457162,-8.195546506,-0.001963411,-0.007955664,-0.166518658,0.986004254,801,591,0.737827715,0.019867099,0.011657563,0.007692187,0.075750738,36.210940526,0.000000000,0.064163884,0.094715222,6.157464604,0.352015278,43.995047820,0,64,64,0,0.079900125,11,0,0,0,0,0,726,11,19853,71241,18455,135,1550,793734
1106,1517157338.700820923,1517157338.801660299,1,0,0,1,235.690194290,23.066652044,-8.198895177,-0.001347117,-0.009944516,-0.164510181,0.986324334,760,556,0.731578947,0.022612121,0.013579243,0.007322702,0.075951588,36.303888741,0.000000000,0.064813633,0.100156387,6.122057364,0.354389512,43.484682055,0,46,46,0,0.060526316,16,0,0,0,0,0,698,16,19864,71287,18471,135,1550,794432
1107,1517157338.801681042,1517157338.902520180,1,0,0,1,235.929465632,22.988039421,-8.206455507,-0.008132194,-0.008627174,-0.165154939,0.986196373,772,563,0.729274611,0.021665915,0.010703885,0.006868095,0.080091417,37.217874620,0.000000000,0.065925311,0.099377476,6.081172237,0.353622484,42.998365609,0,63,62,1,0.081606218,14,0,0,0,0,0,695,14,19877,71350,18485,135,1550,795127
1108,1517157338.902540922,1517157339.003322363,1,0,0,1,236.152930568,22.913455101,-8.208500117,-0.017407697,-0.008073744,-0.195601123,0.980495786,798,561,0.703007519,0.024722518,0.015403572,0.009130827,0.082107620,37.072510126,0.000000000,0.066763414,0.105797064,6.025081886,0.412759464,42.745616365,0,60,56,4,0.075187970,14,0,0,0,0,0,722,16,19894,71410,18499,135,1550,795849
1109,1517157339.003343105,1517157339.104182243,1,0,0,1,236.374832726,22.823682341,-8.217012005,-0.028122858,-0.002784134,-0.237323366,0.971019554,816,574,0.703431373,0.017593862,0.010917632,0.006814402,0.071985587,37.171437185,0.000000000,0.067036775,0.108034854,5.974158056,0.497247642,42.242614410,0,69,67,2,0.084558824,11,0,0,0,0,0,736,11,19907,71479,18510,135,1550,796585
1110,1517157339.104202986,1517157339.205042362,1,0,0,1,236.582385025,22.716623127,-8.229281356,-0.032585151,0.002060304,-0.283747316,0.958343062,826,591,0.715496368,0.018736981,0.010364469,0.006738547,0.069038944,37.364828791,0.000000000,0.067862922,0.105371281,5.345529351,0.591777621,41.522725136,0,53,51,2,0.064164649,8,0,0,0,0,0,764,9,19916,71532,18518,135,1550,797349
1111,1517157339.205063105,1517157339.305902243,1,0,0,1,236.785057259,22.608703484,-8.235912845,-0.039539193,0.001721573,-0.322762914,0.945652045,833,614,0.737094838,0.033837143,0.025464512,0.014267964,0.074672340,35.789893063,0.000000000,0.068733424,0.173473525,5.278029314,0.672547470,41.031800830,0,59,59,0,0.070828331,18,0,0,0,0,0,754,20,19924,71591,18536,135,1550,798103
1112,1517157339.406783104,1517157339.507622242,1,0,0,1,237.160047004,22.311547184,-8.257582560,0.001752343,-0.013559716,-0.288600208,0.957352069,792,555,0.700757576,0.028141451,0.022647206,0.011466118,0.087511379,33.890487504,0.000000000,0.070074873,0.182853211,5.478932952,0.742284908,40.381276570,0,59,56,3,0.074494949,5,0,0,0,0,0,726,7,19941,71650,18541,135,1550,798829
1113,1517157339.507642984,1517157339.608482361,1,0,0,1,237.342259233,22.174678069,-8.261624128,-0.009230170,-0.007524477,-0.309229178,0.950912983,788,571,0.724619289,0.019094524,0.010832271,0.007174242,0.079688045,33.968997518,0.000000000,0.071416567,0.182716672,5.408885912,0.784277869,39.579946237,0,45,45,0,0.057106599,12,0,0,0,0,0,730,13,19946,71695,18553,135,1550,799559
1114,1517157339.608503103,1517157339.709342241,1,0,0,1,237.524070930,22.041190399,-8.262190814,-0.012831366,-0.013384277,-0.329532394,0.943962191,789,584,0.740177440,0.020202253,0.013018831,0.007552423,0.079143381,33.811227725,0.000000000,0.072127584,0.183175598,5.337904079,0.825393125,38.964318994,0,51,49,2,0.064638783,12,0,0,0,0,0,723,15,19956,71746,18565,135,1550,800282
1115,1517157339.709362984,1517157339.810202360,1,0,0,1,237.707272810,21.902270947,-8.265595613,-0.010033336,-0.017379748,-0.330527884,0.943582850,812,600,0.738916256,0.019995943,0.012699440,0.007318323,0.074214598,36.788182292,0.000000000,0.072926334,0.180198210,5.294492434,0.826688415,38.603770215,0,57,57,0,0.070197044,10,0,0,0,0,0,741,14,19960,71803,18575,135,1550,801023
1116,1517157339.810224056,1517157339.911062241,1,0,0,1,237.900079663,21.759272765,-8.273163815,-0.006171158,-0.018676290,-0.319857380,0.947261511,785,582,0.741401274,0.019844626,0.011436678,0.007692805,0.097945060,32.869150974,0.000000000,0.074461878,0.181343017,5.241091994,0.846981452,38.078792421,0,53,52,1,0.067515924,5,0,0,0,0,0,727,5,19969,71856,18580,135,1550,801750
1117,1517157339.911083937,1517157340.011862278,1,0,0,1,238.090336212,21.623055582,-8.277782312,0.004057930,-0.022286222,-0.299993488,0.953672252,764,548,0.717277487,0.020033072,0.012386592,0.007351997,0.094877391,32.733881939,0.000000000,0.075736726,0.182460139,5.192727075,0.887394287,37.530139795,0,51,51,0,0.066753927,7,0,0,0,0,0,703,10,19973,71907,18587,135,1550,802453
1118,1517157340.011883974,1517157340.112723351,1,0,0,1,238.280144261,21.493326521,-8.270961714,0.001281871,-0.022330048,-0.291093736,0.956433041,747,553,0.740294511,0.021450309,0.011653060,0.007919015,0.096534803,33.578008025,0.000000000,0.077495908,0.167817829,5.139195874,0.905427698,36.992968903,0,34,34,0,0.045515395,8,0,0,0,0,0,704,9,19976,71941,18595,135,1550,803157
1119,1517157340.112744093,1517157340.213583231,1,0,0,1,238.481968139,21.365386566,-8.275679330,0.002035712,-0.021650756,-0.289275388,0.956998877,743,539,0.725437416,0.018638343,0.010944320,0.007056636,0.107681208,29.892094079,0.000000000,0.079016125,0.171703142,5.106469070,0.881189059,36.512994860,0,27,27,0,0.036339166,4,0,0,0,0,0,709,7,19977,71968,18599,135,1550,803866
1120,1517157340.213603973,1517157340.314443350,1,0,0,1,238.679515285,21.242335445,-8.282212311,-0.001176792,-0.021280512,-0.286842298,0.957740701,726,516,0.710743802,0.018644839,0.011299685,0.007149815,0.088225454,33.356466608,0.000000000,0.080020922,0.170615204,5.058702707,0.812359988,36.094951772,0,33,32,1,0.045454545,5,0,0,0,0,0,687,6,19979,72001,18604,135,1550,804553
1121,1517157340.314464092,1517157340.415303230,1,0,0,1,238.882359377,21.118347006,-8.290985251,0.000052558,-0.019758932,-0.280413797,0.959675822,734,547,0.745231608,0.021141631,0.012233031,0.008175846,0.106039990,32.385851421,0.000000000,0.081806670,0.168877757,4.761986366,0.693936795,35.736416934,0,54,53,1,0.073569482,5,0,0,0,0,0,672,8,19986,72055,18609,135,1550,805225
1122,1517157340.516184092,1517157340.617023230,1,0,0,1,239.287943009,20.875090653,-8.308036465,0.000170040,-0.017676651,-0.271217091,0.962355858,728,540,0.741758242,0.018965914,0.010792891,0.007375616,0.107074832,30.239349711,0.000000000,0.083438147,0.172017019,4.987783619,0.703102624,35.415362423,0,49,49,0,0.067307692,7,0,0,0,0,0,672,7,19997,72104,18616,135,1550,805897
1123,1517157340.617043972,1517157340.717883348,1,0,0,1,239.499442284,20.753966155,-8.315707290,-0.000249267,-0.018352799,-0.269464269,0.962835459,716,528,0.737430168,0.018652706,0.010302901,0.007020774,0.102333750,31.128196674,0.000000000,0.085435813,0.175503049,4.987013287,0.660319607,34.733629210,0,41,41,0,0.057262570,6,0,0,0,0,0,669,6,20000,72145,18622,135,1550,806566
1124,1517157340.717904091,1517157340.818743229,1,0,0,1,239.704306833,20.640334949,-8.318503363,0.000294112,-0.020476877,-0.261532525,0.964977383,717,513,0.715481172,0.018909123,0.011264865,0.007709769,0.106378018,30.826960627,0.000000000,0.087862307,0.178033570,4.970359634,0.633905516,34.130011407,0,26,25,1,0.036262204,4,0,0,0,0,0,687,4,20004,72171,18626,135,1550,807253
1125,1517157340.818763971,1517157340.919603348,1,0,0,1,239.919210023,20.527355550,-8.325473734,0.000991088,-0.023316922,-0.256234814,0.966332789,708,528,0.745762712,0.020302226,0.011544256,0.007529532,0.111847840,29.758465462,0.000000000,0.089667162,0.177559630,4.961239652,0.640705535,33.807387654,0,39,36,3,0.055084746,7,0,0,0,0,0,660,9,20011,72210,18633,135,1550,807913
1126,1517157340.919624090,1517157341.020401239,1,0,0,1,240.133620852,20.413252842,-8.334825924,0.002450669,-0.022343163,-0.246485419,0.968885811,702,511,0.727920228,0.019628135,0.010352289,0.007221872,0.094822949,32.310061979,0.000000000,0.090610730,0.178753516,4.952333147,0.659666301,33.607696316,0,29,29,0,0.041310541,4,0,0,0,0,0,669,4,20013,72239,18637,135,1550,808582
1127,1517157341.020421982,1517157341.121261358,1,0,0,1,240.358196296,20.298019590,-8.338219796,0.001846316,-0.023016028,-0.240926165,0.970268744,713,501,0.702664797,0.018892605,0.011248838,0.007636260,0.128690461,27.859343792,0.000000000,0.093040683,0.181107520,4.969177997,0.609397659,33.139769775,0,47,47,0,0.065918654,4,0,0,0,0,0,662,4,20019,72286,18641,135,1550,809244
1128,1517157341.222141981,1517157341.322981358,1,0,0,1,240.816322384,20.077914735,-8.358329609,0.003606462,-0.020470322,-0.223774340,0.974419316,733,533,0.727148704,0.024784374,0.015939551,0.008319363,0.103780327,32.057934233,0.000000000,0.094124318,0.181232724,5.238308269,0.559260837,32.889040980,0,47,47,0,0.064120055,6,0,0,0,0,0,680,6,20023,72333,18647,135,1550,809924
1129,1517157341.323002100,1517157341.423841238,1,0,0,1,241.046021417,19.975377048,-8.365641891,-0.001825364,-0.021974568,-0.218275349,0.975638078,690,510,0.739130435,0.019886725,0.011295262,0.007971974,0.085155546,34.043365963,0.000000000,0.094782816,0.177050471,5.256101698,0.474368487,32.732637419,0,36,36,0,0.052173913,8,0,0,0,0,0,645,9,20026,72369,18655,135,1550,810569
1130,1517157341.423861980,1517157341.524701357,1,0,0,1,241.284992455,19.871754616,-8.375740840,0.004234973,-0.023029103,-0.216126174,0.976084629,692,500,0.722543353,0.021155364,0.010874050,0.007427641,0.091046683,32.636411680,0.000000000,0.095883203,0.174327199,5.287057732,0.396767193,32.496216563,0,33,33,0,0.047687861,7,0,0,0,0,0,651,8,20034,72402,18662,135,1550,811220
1131,1517157341.524722099,1517157341.625561237,1,0,0,1,241.528258851,19.766534530,-8.381905481,0.006430125,-0.024870374,-0.205020916,0.978420432,674,474,0.703264095,0.019531558,0.009902561,0.007188259,0.075666032,38.118938322,0.000000000,0.095932887,0.110260898,5.073230753,0.348080978,32.612668826,0,33,33,0,0.048961424,6,0,0,0,0,0,635,6,20037,72435,18668,135,1550,811855
1132,1517157341.625581980,1517157341.726421356,1,0,0,1,241.778990368,19.660574755,-8.387821408,0.002091203,-0.025869732,-0.198364180,0.979784688,668,460,0.688622754,0.017976757,0.010627617,0.007362693,0.096438092,32.040887370,0.000000000,0.096379223,0.072702871,5.117569587,0.318885447,32.520188820,0,24,22,2,0.035928144,4,0,0,0,0,0,640,4,20043,72459,18672,135,1550,812495
1133,1517157341.726442099,1517157341.827281237,1,0,0,1,242.032230449,19.559536889,-8.392623849,0.000506110,-0.022501054,-0.201240813,0.979283198,644,463,0.718944099,0.018822513,0.011370456,0.007600174,0.085917803,33.832622329,0.000000000,0.096690711,0.073187395,5.164709652,0.281791911,32.513370060,0,34,34,0,0.052795031,4,0,0,0,0,0,606,4,20046,72493,18676,135,1550,813101
1134,1517157341.827301979,1517157341.928141356,1,0,0,1,242.287529782,19.457204281,-8.402539600,-0.002730327,-0.026264250,-0.204468590,0.978516903,648,452,0.697530864,0.018028845,0.010394245,0.006513287,0.110461346,29.331653577,0.000000000,0.098256609,0.076201302,5.209991667,0.286104236,32.289391353,0,28,28,0,0.043209877,9,0,0,0,0,0,611,9,20048,72521,18685,135,1550,813712
1135,1517157341.928162098,1517157342.028941393,1,0,0,1,242.548644225,19.347453050,-8.406809524,-0.002024599,-0.024030493,-0.206445060,0.978160965,634,449,0.708201893,0.020951540,0.011337182,0.008151860,0.095709995,35.914834030,0.000000000,0.099331379,0.077107520,5.253098838,0.267695036,32.245723940,0,29,29,0,0.045741325,7,0,0,0,0,0,596,9,20050,72550,18692,135,1550,814308
1136,1517157342.028963089,1517157342.129801273,1,0,0,1,242.807041029,19.240912066,-8.408338007,0.001021513,-0.026217467,-0.205245727,0.978358724,636,454,0.713836478,0.018957184,0.011377773,0.007193144,0.105586393,30.856218666,0.000000000,0.099713446,0.077850038,5.298563900,0.228605127,32.145077324,0,25,24,1,0.039308176,7,0,0,0,0,0,604,7,20052,72575,18699,135,1550,814912
1137,1517157342.129822969,1517157342.230662346,1,0,0,1,243.073683089,19.128648612,-8.411732731,0.000425385,-0.027114104,-0.206512244,0.978068166,606,427,0.704620462,0.019350265,0.011640590,0.007727582,0.079508989,35.325997173,0.000000000,0.098945026,0.078050967,5.357888136,0.212457959,32.274683086,0,24,24,0,0.039603960,4,0,0,0,0,0,577,5,20050,72599,18703,135,1550,815489
1138,1517157342.230683088,1517157342.331522226,1,0,0,1,243.338941446,19.022250319,-8.413391801,-0.000282286,-0.026200121,-0.204556804,0.978503954,607,430,0.708401977,0.019065966,0.011996038,0.007634729,0.093555815,32.062783283,0.000000000,0.098796076,0.076185116,5.404688832,0.212719625,32.198921849,0,22,22,0,0.036243822,5,0,0,0,0,0,579,6,20053,72621,18708,135,1550,816068
1139,1517157342.331542969,1517157342.432382345,1,0,0,1,243.609984592,18.911490277,-8.423354255,-0.002642359,-0.023914051,-0.204290678,0.978614559,588,422,0.717687075,0.020014350,0.012134080,0.007724782,0.089761366,34.665898174,0.000000000,0.097900084,0.075160940,5.464830290,0.208224496,32.437612054,0,28,28,0,0.047619048,6,0,0,0,0,0,553,7,20053,72649,18714,135,1550,816621
1140,1517157342.432403088,1517157342.533242226,1,0,0,1,243.881310986,18.803051593,-8.426244379,-0.002391651,-0.023186402,-0.206092344,0.978254883,596,426,0.714765101,0.019498348,0.013141667,0.007693567,0.064895398,38.439414071,0.000000000,0.096733581,0.074067056,5.519139176,0.198478716,32.691759427,0,21,20,1,0.035234899,5,0,0,0,0,0,570,5,20053,72670,18719,135,1550,817191
1141,1517157342.533262968,1517157342.634102345,1,0,0,1,244.153686410,18.688793882,-8.436980812,-0.002141199,-0.022831838,-0.208017696,0.977856206,595,417,0.700840336,0.018509719,0.011974676,0.007812993,0.089699444,33.558216291,0.000000000,0.095916554,0.073799031,5.341457092,0.183214512,32.750377670,0,20,19,1,0.033613445,2,0,0,0,0,0,573,2,20055,72690,18721,135,1550,817764
1142,1517157342.634123087,1517157342.734962225,1,0,0,1,244.421786254,18.576255517,-8.444946547,-0.000050774,-0.027132360,-0.206423524,0.978086479,586,413,0.704778157,0.020395157,0.010379369,0.007088125,0.073809913,36.561548462,0.000000000,0.094253308,0.073657888,5.388479794,0.182619553,33.066487608,0,17,17,0,0.029010239,1,0,0,0,0,0,568,1,20057,72707,18722,135,1550,818332
1143,1517157342.734982967,1517157342.835822344,1,0,0,1,244.695073698,18.461483661,-8.457898451,-0.002814375,-0.027465329,-0.205621167,0.978242133,564,395,0.700354610,0.019876178,0.010941729,0.006887348,0.060483395,39.640069363,0.000000000,0.092160790,0.072499139,5.450887389,0.168011221,33.492081242,0,20,18,2,0.035460993,4,0,0,0,0,0,539,5,20061,72727,18726,135,1550,818871
1144,1517157342.835843086,1517157342.936682224,1,0,0,1,244.979654616,18.343746400,-8.463098386,0.000108095,-0.022203615,-0.205327073,0.978441506,568,399,0.702464789,0.020222069,0.011689435,0.007627623,0.087486824,34.164396932,0.000000000,0.091216230,0.071807181,5.516014332,0.157773947,33.658953058,0,14,14,0,0.024647887,3,0,0,0,0,0,549,5,20061,72741,18729,135,1550,819420
1145,1517157342.936702967,1517157343.037479401,1,0,0,1,245.256597118,18.228774003,-8.467363441,-0.000880117,-0.020118643,-0.207377981,0.978053597,556,385,0.692446043,0.019347860,0.011981252,0.007659167,0.074055715,37.141540937,0.000000000,0.089326624,0.071884738,5.572842795,0.141738667,34.028106831,0,15,14,1,0.026978417,5,0,0,0,0,0,536,5,20061,72756,18734,135,1550,819956
1146,1517157343.037499905,1517157343.138339281,1,0,0,1,245.539798646,18.111809242,-8.476193530,0.001745155,-0.021427097,-0.208313998,0.977825706,563,396,0.703374778,0.019799257,0.013676082,0.008699054,0.093648807,35.922882847,0.000000000,0.089267917,0.071842810,5.626937910,0.132316806,34.208747875,0,18,17,1,0.031971581,3,0,0,0,0,0,542,3,20064,72774,18737,135,1550,820498
1147,1517157343.138360023,1517157343.239199400,1,0,0,1,245.819323225,17.991633289,-8.480942257,-0.001954572,-0.024523248,-0.208179160,0.977781278,543,392,0.721915285,0.022672944,0.013116392,0.008111233,0.076683569,38.002822122,0.000000000,0.086667573,0.077153873,5.422583268,0.097346468,34.715921791,0,11,10,1,0.020257827,5,0,0,0,0,0,527,5,20066,72785,18742,135,1550,821025
1148,1517157343.239219904,1517157343.340059280,1,0,0,1,246.108018495,17.872087377,-8.484613379,-0.000877166,-0.021563849,-0.207344758,0.978029847,520,353,0.678846154,0.018570741,0.010864009,0.007199767,0.085056522,33.889576866,0.000000000,0.085731382,0.055629046,5.483420003,0.087639075,34.807503923,0,22,21,1,0.042307692,2,0,0,0,0,0,496,2,20070,72807,18744,135,1550,821521
1149,1517157343.340080023,1517157343.440919399,1,0,0,1,246.386098679,17.756290878,-8.484535475,-0.002078018,-0.031873802,-0.207960406,0.977615575,534,371,0.694756554,0.020395900,0.011148962,0.006587565,0.101182149,32.992835067,0.000000000,0.086532712,0.056143212,5.523980553,0.085024293,34.754977378,0,24,24,0,0.044943820,5,0,0,0,0,0,505,5,20070,72831,18749,135,1550,822026
1150,1517157343.440939903,1517157343.541779280,1,0,0,1,246.672228811,17.637104531,-8.490564194,-0.003135910,-0.028990535,-0.208705107,0.977543806,496,355,0.715725806,0.018702375,0.011295937,0.006553788,0.073506854,37.777107621,0.000000000,0.085655721,0.054567953,5.568881723,0.063822299,35.012012175,0,13,13,0,0.026209677,3,0,0,0,0,0,479,4,20070,72844,18752,135,1550,822505
1151,1517157343.541800022,1517157343.642639399,1,0,0,1,246.961096164,17.514445178,-8.489703037,-0.000730145,-0.016950608,-0.211868042,0.977151000,526,369,0.701520913,0.018690585,0.012176208,0.006938937,0.104744901,33.462610234,0.000000000,0.087109664,0.055493990,5.610447552,0.056335261,34.779195771,0,12,12,0,0.022813688,2,0,0,0,0,0,511,3,20071,72856,18754,135,1550,823016
1152,1517157343.743520021,1517157343.844359398,1,0,0,1,247.521758793,17.278781860,-8.503399523,0.002859393,-0.015405668,-0.208822938,0.977827935,495,356,0.719191919,0.020253095,0.013819756,0.008908563,0.084862794,35.718004655,0.000000000,0.086530900,0.052789072,5.946084754,0.056795708,34.963051635,0,19,18,1,0.038383838,6,0,0,0,0,0,470,6,20076,72875,18760,135,1550,823486
1153,1517157343.844379902,1517157343.945219278,1,0,0,1,247.801354338,17.154231474,-8.517824362,0.004924799,-0.013208267,-0.207323501,0.978170872,492,352,0.715447154,0.022602621,0.012564687,0.008184233,0.093657977,35.925974770,0.000000000,0.086917908,0.060908174,5.977283313,0.053310648,35.067719257,0,29,29,0,0.058943089,6,0,0,0,0,0,452,11,20078,72904,18766,135,1550,823938
1154,1517157343.945240021,1517157344.046018362,1,0,0,1,248.074710311,17.037918990,-8.534812249,0.006192672,-0.000943749,-0.205417032,0.978654486,475,329,0.692631579,0.019051341,0.012182013,0.008175599,0.073834914,43.302185167,0.000000000,0.085086587,0.057950379,5.991566877,0.053408614,35.766245837,0,19,19,0,0.040000000,5,0,0,0,0,0,446,10,20078,72923,18771,135,1550,824384
1155,1517157344.046039104,1517157344.146878242,1,0,0,1,248.323360353,16.939703226,-8.543336432,0.009625458,0.027626595,-0.203211650,0.978697679,496,341,0.687500000,0.023754967,0.016718311,0.009617782,0.063177415,39.685839041,0.000000000,0.083459958,0.070862189,5.979543887,0.055714794,35.954796087,0,20,19,1,0.040322581,1,0,0,0,0,0,468,8,20080,72943,18772,135,1550,824852
1156,1517157344.146898985,1517157344.247738361,1,0,0,1,248.544256917,16.851857745,-8.534619192,0.014739351,0.047264875,-0.201093625,0.978320059,483,335,0.693581781,0.019575443,0.011910075,0.008400374,0.058688472,44.250682738,0.000000000,0.081115062,0.069945974,5.928095153,0.057386978,36.624519291,0,13,13,0,0.026915114,5,0,0,0,0,0,462,8,20081,72956,18777,135,1550,825314
1157,1517157344.247760057,1517157344.348598242,1,0,0,1,248.710547204,16.790971734,-8.544427292,0.016113760,0.053262565,-0.198383155,0.978543596,499,335,0.671342685,0.017293767,0.011689161,0.007851368,0.055769040,46.221767902,0.000000000,0.079928064,0.076128776,5.819646402,0.058824008,37.169307827,0,19,19,0,0.038076152,4,0,0,0,0,0,476,4,20080,72975,18781,135,1550,825790
1158,1517157344.348619938,1517157344.449458361,1,0,0,1,248.834834189,16.742656438,-8.545117253,0.020963327,0.053361547,-0.199017039,0.978317588,495,326,0.658585859,0.023436860,0.013353105,0.008957610,0.056124117,49.206223003,0.000000000,0.078056479,0.083630677,5.660025931,0.058895602,38.026479813,0,26,24,2,0.052525253,2,0,0,0,0,0,463,6,20084,73001,18783,135,1550,826253
1159,1517157344.550339937,1517157344.651179314,1,0,0,1,248.958670101,16.699079509,-8.552181062,0.012359521,0.055154307,-0.193924578,0.979386799,492,326,0.662601626,0.016404253,0.009625399,0.006580990,0.054822221,42.053468337,0.000000000,0.076309522,0.093722782,5.499287586,0.064675527,38.395858321,0,15,14,1,0.030487805,1,0,0,0,0,0,471,6,20087,73016,18784,135,1550,826724
1160,1517157344.651200056,1517157344.752039194,1,0,0,1,248.959927269,16.698415344,-8.554765073,0.011744217,0.044015344,-0.193879560,0.979967060,503,349,0.693836978,0.019055571,0.009777656,0.007085032,0.056918271,42.093181846,0.000000000,0.075910666,0.094220865,5.206672284,0.061159671,38.578546710,0,15,15,0,0.029821074,1,0,0,0,0,0,480,8,20087,73031,18785,135,1550,827204
1161,1517157344.752059937,1517157344.852899313,1,0,0,1,248.946206798,16.699742963,-8.550930263,0.004610874,0.026818867,-0.193668307,0.980689592,510,346,0.678431373,0.020223231,0.011767427,0.007385630,0.050564450,49.205189744,0.000000000,0.073953916,0.092423892,4.930109442,0.058504986,39.360895383,0,19,19,0,0.037254902,4,0,0,0,0,0,484,7,20087,73050,18789,135,1550,827688
1162,1517157344.953779936,1517157345.054558277,1,0,0,1,248.905305843,16.721329948,-8.549206410,0.000306298,0.006364881,-0.193489746,0.981081603,506,345,0.681818182,0.016084067,0.009168189,0.006568425,0.060748385,43.570405905,0.000000000,0.073300840,0.102782194,4.679697288,0.057260972,39.711338255,0,14,14,0,0.027667984,3,0,0,0,0,0,485,7,20087,73064,18792,135,1550,828173
1163,1517157345.054579020,1517157345.155418396,1,0,0,1,248.895212587,16.730357768,-8.547161095,0.001044106,-0.001567902,-0.193907564,0.981017996,479,321,0.670146138,0.016659722,0.009612262,0.006320084,0.042641272,51.167135795,0.000000000,0.072408733,0.109311182,4.385373987,0.057482975,40.287691577,0,21,21,0,0.043841336,6,0,0,0,0,0,452,6,20090,73085,18798,135,1550,828625
1164,1517157345.155438900,1517157345.256278276,1,0,0,1,248.883177235,16.737308345,-8.540953719,-0.000296538,-0.004617091,-0.193596410,0.981070346,481,326,0.677754678,0.016479065,0.009513830,0.006141606,0.058804032,43.276168550,0.000000000,0.070974594,0.115597027,4.100705442,0.054008319,40.743280158,0,16,16,0,0.033264033,3,0,0,0,0,0,460,5,20090,73101,18801,135,1550,829085
1165,1517157345.256299019,1517157345.357138395,1,0,0,1,248.880072818,16.745126337,-8.540447457,-0.000325029,-0.003592384,-0.193066228,0.981179097,470,312,0.663829787,0.018090481,0.011885955,0.007713257,0.050811874,49.819311487,0.000000000,0.069812402,0.116979785,3.802600524,0.053044563,41.377168685,0,16,16,0,0.034042553,5,0,0,0,0,0,449,5,20090,73117,18806,135,1550,829534
1166,1517157345.357158899,1517157345.457998276,1,0,0,1,248.876944940,16.749873142,-8.541202118,0.002004437,-0.004103405,-0.193119078,0.981164699,467,311,0.665952891,0.018306428,0.011650011,0.007232593,0.053329239,48.836428964,0.000000000,0.067796423,0.117941256,3.504034584,0.052827575,42.022845991,0,12,12,0,0.025695931,3,0,0,0,0,0,452,3,20090,73129,18809,135,1550,829986
1167,1517157345.458019018,1517157345.558858395,1,0,0,1,248.873728286,16.745146227,-8.538481127,0.002566648,-0.004523431,-0.193886759,0.981010130,477,330,0.691823899,0.018036466,0.010997725,0.006952324,0.061732573,46.351009252,0.000000000,0.067048874,0.113044685,3.197877138,0.052662153,42.440255347,0,11,11,0,0.023060797,2,0,0,0,0,0,464,2,20091,73140,18811,135,1550,830450
1168,1517157345.558878899,1517157345.659718275,1,0,0,1,248.868633147,16.741230618,-8.536956643,0.001434223,-0.004336690,-0.194010021,0.980988913,474,312,0.658227848,0.017224992,0.009823860,0.006921307,0.063667434,44.910138786,0.000000000,0.065979419,0.115318511,2.903254884,0.051388889,42.991283443,0,12,12,0,0.025316456,4,0,0,0,0,0,458,4,20091,73152,18815,135,1550,830908
1169,1517157345.659739017,1517157345.760578394,1,0,0,1,248.868308764,16.740411159,-8.537013378,0.000834848,-0.003880976,-0.193795823,0.981033853,470,321,0.682978723,0.017383587,0.010601913,0.006425439,0.067325381,41.148858823,0.000000000,0.064286581,0.116424740,2.594118385,0.050463511,43.399084631,0,8,8,0,0.017021277,5,0,0,0,0,0,457,5,20091,73160,18820,135,1550,831365
1170,1517157345.760598898,1517157345.861438274,1,0,0,1,248.868637152,16.736446122,-8.538610969,0.000217357,-0.003882635,-0.194090581,0.980975904,469,316,0.673773987,0.016696343,0.010150131,0.007164348,0.061326642,46.624890080,0.000000000,0.063677570,0.119731955,2.284573956,0.044785967,43.841473754,0,10,10,0,0.021321962,5,0,0,0,0,0,454,5,20092,73170,18825,135,1550,831819
1171,1517157345.861459017,1517157345.962298393,1,0,0,1,248.870258913,16.732815093,-8.540174823,0.001855157,-0.004099223,-0.194315565,0.980928752,465,311,0.668817204,0.017291148,0.010127922,0.007029239,0.055760051,49.195860071,0.000000000,0.061228328,0.121405377,1.680515508,0.039095781,44.628136246,0,5,5,0,0.010752688,2,0,0,0,0,0,458,2,20092,73175,18827,135,1550,832277
1172,1517157346.063117027,1517157346.163956404,1,0,0,1,248.883860415,16.732881926,-8.546151424,-0.001413044,-0.003399838,-0.193517306,0.981089953,466,324,0.695278970,0.017798724,0.008847275,0.006514887,0.057898382,47.875074897,0.000000000,0.059880107,0.121060714,1.388950162,0.037678445,45.235989758,0,1,1,0,0.002145923,2,0,0,0,0,0,463,2,20092,73176,18829,135,1550,832740
1173,1517157346.163976908,1517157346.264816284,1,0,0,1,248.889272516,16.733146598,-8.552041662,-0.000320211,-0.003351846,-0.193565972,0.981081483,465,312,0.670967742,0.016533326,0.009997798,0.006428742,0.052090679,50.141291546,0.000000000,0.057801742,0.114281980,1.099395805,0.033669755,45.946755597,0,7,7,0,0.015053763,0,0,0,0,0,0,458,0,20092,73183,18829,135,1550,833198
1174,1517157346.264837027,1517157346.365676403,1,0,0,1,248.888839414,16.735516998,-8.557868020,-0.001124332,-0.003291173,-0.193404201,0.981113000,469,315,0.671641791,0.017068577,0.010551242,0.006322566,0.051708467,50.546440203,0.000000000,0.056695420,0.115321499,0.838220245,0.029451608,46.308968349,0,2,2,0,0.004264392,2,0,0,0,0,0,465,2,20092,73185,18831,135,1550,833663
1175,1517157346.365696907,1517157346.466536283,1,0,0,1,248.885210446,16.732875129,-8.553948669,0.000873902,-0.003793047,-0.194034572,0.980986969,469,310,0.660980810,0.015927978,0.008658581,0.006326827,0.061595454,46.923449058,0.000000000,0.056616322,0.096265177,0.606296731,0.026486927,46.670848849,0,2,2,0,0.004264392,0,0,0,0,0,0,467,0,20092,73187,18831,135,1550,834130
1176,1517157346.466557026,1517157346.567396402,1,0,0,1,248.887751149,16.732529832,-8.558628358,-0.001762176,-0.003162469,-0.193438713,0.981105681,466,316,0.678111588,0.016718506,0.009189203,0.005697820,0.060144168,46.426949952,0.000000000,0.056689107,0.094940163,0.434275094,0.022219175,46.779662210,0,3,3,0,0.006437768,1,0,0,0,0,0,462,1,20092,73190,18832,135,1550,834592
1177,1517157346.567418098,1517157346.668256283,1,0,0,1,248.886923772,16.727458357,-8.558421445,0.000412433,-0.003704494,-0.194263263,0.980942349,467,311,0.665952891,0.016790246,0.009991671,0.007089135,0.061026074,47.403615713,0.000000000,0.056951958,0.095570733,0.306068246,0.023126557,46.838754601,0,2,2,0,0.004282655,1,0,0,0,0,0,464,1,20092,73192,18833,135,1550,835056
1178,1517157346.668277979,1517157346.769117355,1,0,0,1,248.888628901,16.723692341,-8.555480572,0.000920471,-0.003726598,-0.194315957,0.980931483,470,313,0.665957447,0.017395442,0.010248463,0.006871507,0.058858754,47.721521597,0.000000000,0.057088690,0.059099849,0.179672306,0.013779343,46.764519530,0,4,4,0,0.008510638,1,0,0,0,0,0,465,1,20092,73196,18834,135,1550,835521
1179,1517157346.769138098,1517157346.869977236,1,0,0,1,248.885918388,16.723012365,-8.554417403,0.000671073,-0.003668056,-0.194282964,0.980938441,473,318,0.672304440,0.016231838,0.008896325,0.006022505,0.058930037,47.698589900,0.000000000,0.057294081,0.059607717,0.179712862,0.013423123,47.046775609,0,1,1,0,0.002114165,3,0,0,0,0,0,469,3,20092,73197,18837,135,1550,835990
1180,1517157346.869997978,1517157346.970837355,1,0,0,1,248.888310372,16.726761880,-8.556554379,-0.002754568,-0.002897147,-0.193477673,0.981096534,471,320,0.679405520,0.017638063,0.008367722,0.006030564,0.063137858,45.121177389,0.000000000,0.057605060,0.055366519,0.170339113,0.014701779,47.198175386,0,2,2,0,0.004246285,3,0,0,0,0,0,466,3,20092,73199,18840,135,1550,836456
1181,1517157346.970858097,1517157347.071634293,1,0,0,1,248.886560842,16.727516144,-8.554036530,-0.000391391,-0.003573477,-0.193946569,0.981005507,474,327,0.689873418,0.015509750,0.008655816,0.006307379,0.062282909,46.582231853,0.000000000,0.058190983,0.043795350,0.127216329,0.015146595,47.067027491,0,1,1,0,0.002109705,2,0,0,0,0,0,471,2,20092,73200,18842,135,1550,836927
1182,1517157347.172514915,1517157347.273354292,1,0,0,1,248.884920516,16.728448998,-8.549887125,0.000176537,-0.003748169,-0.193997665,0.980994815,473,322,0.680761099,0.016200947,0.009527750,0.006854710,0.062807955,46.234214514,0.000000000,0.058293962,0.043384173,0.118079462,0.014419071,47.200217922,0,1,1,0,0.002114165,2,0,0,0,0,0,470,2,20092,73201,18844,135,1550,837397
1183,1517157347.273375034,1517157347.374214411,1,0,0,1,248.885934524,16.730715332,-8.550330688,-0.001061950,-0.003467942,-0.193709563,0.981052216,473,319,0.674418605,0.016503893,0.009457792,0.006439218,0.055549482,45.470585794,0.000000000,0.058939372,0.043660340,0.105380187,0.014387011,46.915390422,0,1,1,0,0.002114165,2,0,0,0,0,0,470,2,20092,73202,18846,135,1550,837867
1184,1517157347.374234915,1517157347.475074291,1,0,0,1,248.887591525,16.726271801,-8.550321252,0.000391002,-0.003848225,-0.194222261,0.980949923,472,317,0.671610169,0.017466267,0.010068158,0.007551376,0.063229437,46.344736280,0.000000000,0.059160642,0.043364458,0.101695601,0.014358399,47.068818808,0,3,3,0,0.006355932,1,0,0,0,0,0,468,1,20092,73205,18847,135,1550,838335
1185,1517157347.475095034,1517157347.575934410,1,0,0,1,248.892923130,16.726582216,-8.553077968,-0.001295173,-0.003269183,-0.193626595,0.981068997,471,319,0.677282378,0.015716347,0.008085160,0.005903184,0.063638781,45.262048851,0.000000000,0.059801988,0.044401846,0.101971178,0.015459417,46.840955676,0,1,1,0,0.002123142,2,0,0,0,0,0,468,2,20092,73206,18849,135,1550,838803
1186,1517157347.575954914,1517157347.676794291,1,0,0,1,248.891886118,16.726067632,-8.553495252,-0.000098924,-0.003582247,-0.194014948,0.980992027,475,314,0.661052632,0.015750589,0.009138155,0.006453803,0.059212579,47.969770571,0.000000000,0.060096155,0.042978744,0.096869741,0.014687020,46.797622757,0,3,3,0,0.006315789,1,0,0,0,0,0,471,1,20092,73209,18850,135,1550,839274
1187,1517157347.676815033,1517157347.777654409,1,0,0,1,248.891899194,16.723327543,-8.554315588,0.000688502,-0.003857514,-0.194326724,0.980929034,475,320,0.673684211,0.017954785,0.010905830,0.007858920,0.059254370,48.171343732,0.000000000,0.059972245,0.042581687,0.093125744,0.015088147,46.888639481,0,3,3,0,0.006315789,2,0,0,0,0,0,470,2,20092,73212,18852,135,1550,839744
1188,1517157347.777674913,1517157347.878514290,1,0,0,1,248.892574725,16.725246581,-8.551880756,-0.000984994,-0.003623537,-0.193717887,0.981050090,473,323,0.682875264,0.016762780,0.008494372,0.006042348,0.066838759,45.109839754,0.000000000,0.060130811,0.042223122,0.095415517,0.015897930,46.898624529,0,3,3,0,0.006342495,2,0,0,0,0,0,467,3,20092,73215,18854,135,1550,840211
1189,1517157347.878535032,1517157347.979374409,1,0,0,1,248.889340952,16.726356934,-8.550292848,-0.000762643,-0.003647167,-0.193871377,0.981019880,473,326,0.689217759,0.016168363,0.008428413,0.006488436,0.065341847,44.661961089,0.000000000,0.060031634,0.042173796,0.094897966,0.015615844,47.074279642,0,3,3,0,0.006342495,2,0,0,0,0,0,468,2,20092,73218,18856,135,1550,840679
1190,1517157347.979394913,1517157348.080176353,1,0,0,1,248.889020647,16.726306795,-8.546510093,-0.000777346,-0.003835329,-0.193896004,0.981014284,475,332,0.698947368,0.016476931,0.009360587,0.007043818,0.069821256,43.893244483,0.000000000,0.060456365,0.042307765,0.094421402,0.015194900,46.937697362,0,2,2,0,0.004210526,2,0,0,0,0,0,470,3,20092,73220,18858,135,1550,841149
1191,1517157348.080197096,1517157348.181036234,1,0,0,1,248.885969406,16.727596102,-8.545507630,0.000131019,-0.003880873,-0.193998193,0.980994201,473,320,0.676532770,0.016068757,0.008860379,0.006324302,0.062348481,46.570767144,0.000000000,0.060785786,0.042383619,0.083025409,0.013756847,46.806442716,0,3,3,0,0.006342495,1,0,0,0,0,0,469,1,20092,73223,18859,135,1550,841618
1192,1517157348.281917095,1517157348.382756233,1,0,0,1,248.880073555,16.729912870,-8.542537550,0.000745199,-0.004058127,-0.194154809,0.980962225,473,322,0.680761099,0.018365738,0.009504462,0.006861982,0.065552111,45.310998866,0.000000000,0.061168473,0.045641170,0.082018339,0.013975255,46.678238915,0,2,2,0,0.004228330,2,0,0,0,0,0,469,2,20092,73225,18861,135,1550,842087
1193,1517157348.382776976,1517157348.483616352,1,0,0,1,248.879142237,16.731178291,-8.542615562,0.000466264,-0.004028285,-0.194047638,0.980983726,475,318,0.669473684,0.016933979,0.009685774,0.006802308,0.065605287,44.948668072,0.000000000,0.061844203,0.045682864,0.077286482,0.013860871,46.418607741,0,1,1,0,0.002105263,3,0,0,0,0,0,470,4,20092,73226,18864,135,1550,842557
1194,1517157348.483637094,1517157348.584476233,1,0,0,1,248.879033479,16.730618019,-8.541251659,0.001047829,-0.004139243,-0.194148940,0.980962771,479,321,0.670146138,0.016317571,0.009932923,0.007004495,0.068579867,44.699204039,0.000000000,0.062687773,0.045698928,0.072805940,0.012772087,46.126245933,0,0,0,0,0.000000000,2,0,0,0,0,0,477,2,20092,73226,18866,135,1550,843034
1195,1517157348.584496975,1517157348.685336351,1,0,0,1,248.881530930,16.728090163,-8.540031783,0.000438331,-0.004148608,-0.194235672,0.980946023,475,321,0.675789474,0.018644830,0.010113531,0.007370802,0.059911038,47.700472926,0.000000000,0.062603553,0.051069346,0.071226895,0.011710318,46.165097126,0,3,3,0,0.006315789,2,0,0,0,0,0,469,3,20092,73229,18868,135,1550,843503
1196,1517157348.685357094,1517157348.786196232,1,0,0,1,248.882900172,16.727152553,-8.540086487,0.001259181,-0.004267197,-0.194339154,0.980924308,470,316,0.672340426,0.019071032,0.010299686,0.007481703,0.057953994,48.138302840,0.000000000,0.062494044,0.058661667,0.067744608,0.010231364,46.250664770,0,0,0,0,0.000000000,4,0,0,0,0,0,466,4,20092,73229,18872,135,1550,843969
1197,1517157348.786217928,1517157348.887056351,1,0,0,1,248.880158635,16.729386645,-8.540460664,0.000324519,-0.004001280,-0.194069400,0.980979588,478,323,0.675732218,0.017122166,0.009347880,0.006637807,0.061301254,46.807841665,0.000000000,0.062507803,0.058653086,0.066227531,0.010678965,46.220876068,0,0,0,0,0.000000000,2,0,0,0,0,0,476,2,20092,73229,18874,135,1550,844445
1198,1517157348.887078047,1517157348.987917185,1,0,0,1,248.884235011,16.730255783,-8.543909352,-0.001767867,-0.003553144,-0.193654667,0.981061731,473,322,0.680761099,0.016024786,0.008899628,0.006721864,0.063518762,45.655967442,0.000000000,0.062740803,0.059587207,0.068647396,0.011471783,46.117598360,0,1,1,0,0.002114165,0,0,0,0,0,0,471,1,20092,73230,18874,135,1550,844916
1199,1517157348.987937927,1517157349.088715315,1,0,0,1,248.886337981,16.732600683,-8.544281379,-0.002058995,-0.003450567,-0.193503419,0.981091372,471,324,0.687898089,0.017083300,0.010718498,0.007020047,0.062062199,46.229108944,0.000000000,0.062897411,0.058906829,0.066884779,0.010116953,46.044124312,0,2,2,0,0.004246285,2,0,0,0,0,0,466,3,20092,73232,18876,135,1550,845382
1200,1517157349.088736057,1517157349.189575195,1,0,0,1,248.887051677,16.735227898,-8.548812876,-0.001873520,-0.003260948,-0.193380087,0.981116710,470,319,0.678723404,0.017318653,0.010761692,0.006080935,0.054544747,49.613781481,0.000000000,0.062467756,0.058391561,0.069013760,0.009395154,46.268754517,0,0,0,0,0.000000000,1,0,0,0,0,0,469,1,20092,73232,18877,135,1550,845851
1201,1517157349.189595938,1517157349.290435314,1,0,0,1,248.886643273,16.730734989,-8.551197583,0.001179504,-0.004128059,-0.194181874,0.980956150,470,310,0.659574468,0.017167277,0.010234050,0.007450437,0.062379720,46.133063226,0.000000000,0.062472596,0.055174722,0.069558347,0.010945394,46.246296086,0,2,2,0,0.004255319,1,0,0,0,0,0,467,1,20091,73234,18878,135,1550,846318
1202,1517157349.391315937,1517157349.492155313,1,0,0,1,248.883982891,16.728962568,-8.553381705,-0.000342411,-0.003693844,-0.193890425,0.981016178,471,323,0.685774947,0.015195105,0.008194737,0.006115220,0.068212378,44.224976249,0.000000000,0.062742817,0.059129097,0.070907826,0.010955910,46.145834172,0,2,2,0,0.004246285,1,0,0,0,0,0,468,1,20092,73236,18879,135,1550,846786
1203,1517157349.492176056,1517157349.593015194,1,0,0,1,248.882105672,16.727985679,-8.550910012,-0.000405053,-0.003841790,-0.193942555,0.981005281,474,323,0.681434599,0.015815916,0.008488847,0.005927740,0.068770562,44.210207637,0.000000000,0.063403871,0.060717493,0.069419237,0.010005638,46.082815265,0,0,0,0,0.000000000,2,0,0,0,0,0,471,3,20092,73236,18881,135,1550,847257
1204,1517157349.593035936,1517157349.693875313,1,0,0,1,248.884347087,16.731605258,-8.551941019,-0.002472189,-0.003186249,-0.193399640,0.981111775,472,319,0.675847458,0.016238322,0.008881786,0.006169783,0.059235014,48.189415542,0.000000000,0.063204150,0.060897408,0.067789532,0.009900202,46.175049228,0,3,3,0,0.006355932,2,0,0,0,0,0,467,2,20092,73239,18883,135,1550,847724
1205,1517157349.693896055,1517157349.794735193,1,0,0,1,248.884094087,16.731017493,-8.552048976,-0.000756817,-0.003682905,-0.193839526,0.981026045,470,326,0.693617021,0.015633741,0.009124468,0.006202818,0.071646415,42.698954770,0.000000000,0.063604532,0.061183722,0.067207902,0.010008905,46.046894524,0,0,0,0,0.000000000,1,0,0,0,0,0,468,2,20092,73239,18884,135,1550,848192
1206,1517157349.794755936,1517157349.895595312,1,0,0,1,248.884175151,16.730269007,-8.549505454,-0.000326493,-0.003875789,-0.193903645,0.981012869,473,322,0.680761099,0.015462979,0.008703980,0.006604518,0.072110826,43.047098749,0.000000000,0.064249444,0.062220825,0.067000225,0.009501038,45.800760933,0,0,0,0,0.000000000,1,0,0,0,0,0,471,2,20092,73239,18885,135,1550,848663
1207,1517157349.895616055,1517157349.996455193,1,0,0,1,248.884384542,16.729254769,-8.545267295,0.000427122,-0.004041107,-0.194044730,0.980984266,475,316,0.665263158,0.015510107,0.008821936,0.006314380,0.067124142,44.628476827,0.000000000,0.064642933,0.062661556,0.068190158,0.008541052,45.623617587,0,0,0,0,0.000000000,1,0,0,0,0,0,473,2,20092,73239,18886,135,1550,849136
1208,1517157349.996475935,1517157350.097253323,1,0,0,1,248.889406903,16.729120502,-8.544731519,-0.000789989,-0.003863222,-0.193698503,0.981053180,470,324,0.689361702,0.017184034,0.009185790,0.006439162,0.068858929,44.790034559,0.000000000,0.064743941,0.062936398,0.069472968,0.008942100,45.607627328,0,1,1,0,0.002127660,3,0,0,0,0,0,465,4,20092,73240,18889,135,1550,849601
1209,1517157350.097274065,1517157350.198113203,1,0,0,1,248.887767005,16.729927163,-8.541723899,-0.001870823,-0.003829096,-0.193633705,0.981064639,471,320,0.679405520,0.016967323,0.009507514,0.006687079,0.066005127,44.393893572,0.000000000,0.064777105,0.062461784,0.069195685,0.009031836,45.594223952,0,4,4,0,0.008492569,2,0,0,0,0,0,463,4,20092,73244,18891,135,1550,850064
1210,1517157350.198133945,1517157350.298973322,1,0,0,1,248.886720927,16.728971785,-8.536313445,-0.000727650,-0.004353217,-0.193949100,0.981001665,478,319,0.667364017,0.018149911,0.010098959,0.007228451,0.066408729,44.769110495,0.000000000,0.064606479,0.064677519,0.071327715,0.009470139,45.638017252,0,5,5,0,0.010460251,2,0,0,0,0,0,469,4,20092,73249,18893,135,1550,850533
1211,1517157350.298994064,1517157350.399833202,1,0,0,1,248.884659751,16.729177026,-8.536152981,0.000971725,-0.004314134,-0.194145830,0.980962711,478,322,0.673640167,0.019012668,0.011399563,0.008116204,0.061324263,47.037124547,0.000000000,0.064555268,0.069133795,0.066408874,0.009559896,45.661335122,0,5,5,0,0.010460251,4,0,0,0,0,0,469,4,20093,73254,18897,135,1550,851002
1212,1517157350.500714064,1517157350.601553202,1,0,0,1,248.879484254,16.708163286,-8.528849902,0.001660177,-0.006949358,-0.199648374,0.979841557,477,328,0.687631027,0.027136626,0.017815986,0.011673337,0.049258315,56.334313727,0.000000000,0.063740578,0.143810171,0.087676456,0.020595141,46.212500865,0,25,25,0,0.052410901,3,0,0,0,0,0,448,4,20093,73279,18900,135,1550,851450
1213,1517157350.601573944,1517157350.702413321,1,0,0,1,248.888281774,16.711841853,-8.529647118,-0.007306640,-0.005381642,-0.198483840,0.980062149,477,327,0.685534591,0.015987100,0.010136999,0.006684654,0.056209350,44.106703787,0.000000000,0.063270781,0.145197159,0.095766851,0.022875063,46.170402651,0,9,8,1,0.018867925,4,0,0,0,0,0,458,10,20094,73288,18904,135,1550,851908
1214,1517157350.702434063,1517157350.803273201,1,0,0,1,248.884414257,16.717179119,-8.531157607,-0.006743843,-0.005131763,-0.198568810,0.980050312,474,331,0.698312236,0.017854415,0.010431118,0.007076058,0.058220453,46.459491855,0.000000000,0.062752811,0.144022996,0.098771878,0.022884682,46.258417042,0,7,7,0,0.014767932,2,0,0,0,0,0,462,5,20094,73295,18906,135,1550,852370
1215,1517157350.803293943,1517157350.904133320,1,0,0,1,248.882773741,16.725647853,-8.531633228,-0.007870482,-0.001650464,-0.197138554,0.980342655,466,315,0.675965665,0.016186111,0.010838257,0.006838111,0.054487572,43.640915327,0.000000000,0.062481637,0.144910398,0.105750746,0.025562184,46.055439162,0,10,10,0,0.021459227,2,0,0,0,0,0,450,6,20094,73305,18908,135,1550,852820
1216,1517157350.904154062,1517157351.004933357,1,0,0,1,248.861714810,16.743489182,-8.529097521,0.009048120,0.030707630,-0.186221329,0.981986145,492,331,0.672764228,0.020655835,0.009769022,0.007293750,0.058195270,42.858217877,0.000000000,0.062493701,0.148755427,0.129911262,0.047224777,45.791434914,0,10,10,0,0.020325203,1,0,0,0,0,0,481,1,20094,73315,18909,135,1550,853301
1217,1517157351.004955053,1517157351.105793238,1,0,0,1,248.818332256,16.762022394,-8.517255961,0.017824033,0.043865933,-0.156807870,0.986493475,501,337,0.672654691,0.017417214,0.008757869,0.006560128,0.067703026,46.252817811,0.000000000,0.062813790,0.148588976,0.173140445,0.106705200,45.763683721,0,17,17,0,0.033932136,3,0,0,0,0,0,479,5,20094,73332,18912,135,1550,853780
1218,1517157351.105814934,1517157351.206654310,1,0,0,1,248.740479110,16.810728128,-8.517462472,0.008535868,0.042786531,-0.109993750,0.992974233,507,350,0.690335306,0.016917504,0.010078873,0.007258254,0.049220455,43.206695243,0.000000000,0.062098874,0.147264369,0.261802347,0.200358727,45.641220111,0,21,21,0,0.041420118,1,0,0,0,0,0,481,5,20095,73353,18913,135,1550,854261
1219,1517157351.206675053,1517157351.307514191,1,0,0,1,248.644394676,16.866796030,-8.513582261,0.006655357,0.048249713,-0.063688862,0.996780518,531,368,0.693032015,0.016983220,0.009565127,0.006700119,0.045559771,46.345825424,0.000000000,0.061273753,0.147352292,0.367830290,0.293156116,45.647055935,0,15,15,0,0.028248588,6,0,0,0,0,0,506,10,20095,73368,18919,135,1550,854767
1220,1517157351.307534933,1517157351.408374310,1,0,0,1,248.504891014,16.915338834,-8.518489293,-0.007545235,0.043540795,-0.043089073,0.998093483,551,386,0.700544465,0.023953090,0.014757701,0.010505030,0.073302705,44.988790366,0.000000000,0.062211651,0.165152615,0.510516925,0.331659481,45.415806380,0,20,19,1,0.036297641,8,0,0,0,0,0,522,9,20096,73388,18927,135,1550,855289
1221,1517157351.408395052,1517157351.509234190,1,0,0,1,248.333224840,16.946485328,-8.526438782,-0.019453710,0.026210362,-0.041141983,0.998620001,549,389,0.708561020,0.018992931,0.010992158,0.007304245,0.064364255,38.592854709,0.000000000,0.062310878,0.164765994,0.681295159,0.334763361,45.038795954,0,10,9,1,0.018214936,3,0,0,0,0,0,533,6,20097,73398,18930,135,1550,855822
1222,1517157351.610115051,1517157351.710954189,1,0,0,1,247.989888810,16.962259204,-8.530697181,-0.001344459,-0.027080044,-0.042876273,0.998712415,543,379,0.697974217,0.017263101,0.010275059,0.007214248,0.069409801,38.457928676,0.000000000,0.062370749,0.160488328,1.021765879,0.337063379,44.750443575,0,7,7,0,0.012891344,3,0,0,0,0,0,526,10,20097,73405,18933,135,1550,856348
1223,1517157351.710974932,1517157351.811814308,1,0,0,1,247.860298983,16.962631937,-8.529941679,0.004432298,-0.040536624,-0.041796578,0.998293636,517,365,0.705996132,0.015765894,0.010795057,0.007563203,0.079772750,37.072271031,0.000000000,0.062920858,0.160615615,1.146978002,0.337559100,44.393546745,0,12,11,1,0.023210832,0,0,0,0,0,0,505,0,20098,73417,18933,135,1550,856853
1224,1517157351.811835051,1517157351.912674189,1,0,0,1,247.780772067,16.964522050,-8.530682981,0.004943725,-0.040464982,-0.039307612,0.998395241,533,379,0.711069418,0.017877626,0.012118800,0.007905272,0.072959780,38.302503652,0.000000000,0.063607097,0.158388847,1.225881885,0.341604199,43.899201150,0,16,16,0,0.030018762,3,0,0,0,0,0,513,4,20097,73433,18936,135,1550,857366
1225,1517157351.912694931,1517157352.013473272,1,0,0,1,247.749794994,16.963520729,-8.530933083,0.006095367,-0.037721992,-0.038571169,0.998524994,532,383,0.719924812,0.020684411,0.011913531,0.008023628,0.084356114,35.957410966,0.000000000,0.064242582,0.156141277,1.254223543,0.342913170,43.562123960,0,10,10,0,0.018796992,4,0,0,0,0,0,516,6,20097,73443,18940,135,1550,857882
1226,1517157352.114353895,1517157352.215193272,1,0,0,1,247.736747705,16.962184494,-8.514319754,0.000930192,-0.028372843,-0.038138675,0.998869140,520,370,0.711538462,0.016975919,0.011926141,0.007784735,0.079483075,35.463752858,0.000000000,0.064611194,0.152418023,1.271027167,0.343963372,43.182956665,0,11,11,0,0.021153846,3,0,0,0,0,0,505,4,20097,73454,18943,135,1550,858387
1227,1517157352.215214014,1517157352.316053391,1,0,0,1,247.746060214,16.964225127,-8.510891312,0.000455287,-0.025974964,-0.037919867,0.998943030,533,377,0.707317073,0.015988543,0.012278844,0.007086701,0.081540740,32.722685709,0.000000000,0.065332024,0.150990808,1.276105725,0.343730177,42.587667110,0,8,8,0,0.015009381,4,0,0,0,0,0,521,4,20098,73462,18947,135,1550,858908
1228,1517157352.316073895,1517157352.416913271,1,0,0,1,247.755742719,16.966425481,-8.515243429,0.000237177,-0.021315379,-0.038036073,0.999048976,532,384,0.721804511,0.016751049,0.011428853,0.007288091,0.091644074,31.943616544,0.000000000,0.066471281,0.151769442,1.283427668,0.343783896,41.945346209,0,2,2,0,0.003759398,1,0,0,0,0,0,528,2,20098,73464,18948,135,1550,859436
1229,1517157352.416934013,1517157352.517773390,1,0,0,1,247.764053482,16.969062501,-8.515687727,0.002430926,-0.019897352,-0.038446865,0.999059570,540,375,0.694444444,0.014052971,0.009489001,0.006054104,0.069642104,37.207695018,0.000000000,0.066653130,0.160788320,1.286565221,0.344032694,41.586036281,0,9,9,0,0.016666667,1,0,0,0,0,0,530,1,20099,73473,18949,135,1550,859966
1230,1517157352.517793894,1517157352.618633270,1,0,0,1,247.767391617,16.970616110,-8.516109366,0.003177409,-0.019952972,-0.038378047,0.999059012,556,387,0.696043165,0.013974231,0.008849164,0.005775278,0.074047706,36.004252216,0.000000000,0.067035079,0.170613279,1.288193672,0.343725988,41.147793367,0,7,7,0,0.012589928,0,0,0,0,0,0,542,7,20099,73480,18949,135,1550,860508
1231,1517157352.618654013,1517157352.719493389,1,0,0,1,247.768509035,16.972083451,-8.518208854,0.004646542,-0.020793500,-0.038469751,0.999032591,548,384,0.700729927,0.014492956,0.008773706,0.006108525,0.075006638,36.990915922,0.000000000,0.067719198,0.177489007,1.268147522,0.332723517,40.645482936,0,5,5,0,0.009124088,0,0,0,0,0,0,536,7,20099,73485,18949,135,1550,861044
1232,1517157352.719513893,1517157352.820353270,1,0,0,1,247.767984269,16.971700407,-8.517238805,0.003676955,-0.020620354,-0.038287959,0.999047203,555,385,0.693693694,0.013906259,0.008704961,0.005975496,0.074646021,35.901260257,0.000000000,0.068988583,0.142149638,1.259746144,0.330638252,39.623830262,0,4,4,0,0.007207207,1,0,0,0,0,0,543,8,20099,73489,18950,135,1550,861587
1233,1517157352.820374012,1517157352.921213388,1,0,0,1,247.765360990,16.971984347,-8.517648531,0.003878114,-0.020563901,-0.038317703,0.999046465,555,386,0.695495495,0.014825432,0.008232045,0.005889684,0.076027776,35.206394713,0.000000000,0.069979504,0.144986117,1.255654292,0.330523328,39.178814809,0,4,4,0,0.007207207,1,0,0,0,0,0,545,6,20099,73493,18951,135,1550,862132
1234,1517157352.921233892,1517157353.022012234,1,0,0,1,247.766909635,16.966589320,-8.519242209,0.007790687,-0.022062448,-0.039210380,0.998957006,552,399,0.722826087,0.018348804,0.011308911,0.007139769,0.081913290,38.661601090,0.000000000,0.071164146,0.145366975,1.252849783,0.329605361,38.788920270,0,7,7,0,0.012681159,0,0,0,0,0,0,539,6,20099,73500,18951,135,1550,862671
1235,1517157353.022032976,1517157353.122872353,1,0,0,1,247.766915718,16.962503047,-8.517189459,0.007425984,-0.022215102,-0.039328852,0.998951743,547,383,0.700182815,0.018087419,0.011774817,0.008250680,0.074001529,39.834274614,0.000000000,0.072139844,0.144537917,1.229705880,0.307608755,38.598588235,0,9,9,0,0.016453382,3,0,0,0,0,0,530,8,20099,73509,18954,135,1550,863201
1236,1517157353.122893095,1517157353.223732233,1,0,0,1,247.765300754,16.961726567,-8.516968448,0.004493652,-0.020774323,-0.038718257,0.999024089,548,384,0.700729927,0.017459014,0.012229753,0.008273275,0.073185479,39.142862482,0.000000000,0.072889354,0.138370354,1.182872433,0.248638051,38.412820465,0,5,5,0,0.009124088,0,0,0,0,0,0,538,5,20099,73514,18954,135,1550,863739
1237,1517157353.223752975,1517157353.324592352,1,0,0,1,247.764418966,16.962448651,-8.517684167,0.003980874,-0.020560578,-0.038661715,0.999032876,544,387,0.711397059,0.018196344,0.013886821,0.009257420,0.074308632,37.939568450,0.000000000,0.073219635,0.138780031,1.092384680,0.154811108,37.997157997,0,5,5,0,0.009191176,0,0,0,0,0,0,533,6,20099,73519,18954,135,1550,864272
1238,1517157353.324614048,1517157353.425452232,1,0,0,1,247.763614142,16.962724673,-8.517877709,0.004482680,-0.020778239,-0.038872496,0.999018068,546,382,0.699633700,0.018095513,0.013537409,0.008685279,0.077646772,38.549491747,0.000000000,0.074640951,0.138885233,0.981942907,0.062209104,37.764297822,0,7,7,0,0.012820513,1,0,0,0,0,0,533,6,20099,73526,18955,135,1550,864805
1239,1517157353.425473928,1517157353.526312351,1,0,0,1,247.765039593,16.961836548,-8.516658492,0.006259089,-0.021841618,-0.039103764,0.998976808,553,388,0.701627486,0.017706224,0.011731953,0.007614263,0.080317145,38.940306997,0.000000000,0.076378819,0.138763397,0.836228717,0.022601473,37.394021901,0,4,4,0,0.007233273,1,0,0,0,0,0,543,6,20099,73530,18956,135,1550,865348
1240,1517157353.526334047,1517157353.627173185,1,0,0,1,247.765239163,16.959820574,-8.514669571,0.007397702,-0.022388042,-0.039425407,0.998944286,545,380,0.697247706,0.019266104,0.014064290,0.008945854,0.077652386,41.145607231,0.000000000,0.076596303,0.111108805,0.664417833,0.019594493,37.201862744,0,10,10,0,0.018348624,4,0,0,0,0,0,526,9,20099,73540,18960,135,1550,865874
1241,1517157353.627193928,1517157353.728033304,1,0,0,1,247.766832703,16.962675652,-8.513806997,-0.000167120,-0.019162830,-0.042215128,0.998924742,539,371,0.688311688,0.014410069,0.010076034,0.006323047,0.073195522,35.289820860,0.000000000,0.077037867,0.113500226,0.324074814,0.022424633,37.036711052,0,2,2,0,0.003710575,0,0,0,0,0,0,534,3,20099,73542,18960,135,1550,866408
1242,1517157353.828913927,1517157353.929753304,1,0,0,1,247.770151292,16.963564137,-8.512727416,0.000392705,-0.018715233,-0.048294077,0.998657733,539,378,0.701298701,0.017516439,0.012554790,0.007861958,0.070974347,41.414631280,0.000000000,0.077116094,0.113684429,0.198083350,0.033002305,37.184546182,0,7,7,0,0.012987013,2,0,0,0,0,0,525,7,20099,73549,18962,135,1550,866933
1243,1517157353.929774046,1517157354.030550241,1,0,0,1,247.778398841,16.958664336,-8.520115895,0.002905673,-0.017906984,-0.049299421,0.998619279,546,394,0.721611722,0.021589896,0.014066008,0.008342213,0.070452691,43.428103025,0.000000000,0.076650091,0.127024038,0.130639186,0.030146385,37.502337782,0,11,11,0,0.020146520,1,0,0,0,0,0,531,4,20099,73560,18963,135,1550,867464
1244,1517157354.030570984,1517157354.131410360,1,0,0,1,247.778732764,16.956388020,-8.518946016,0.003905094,-0.018067038,-0.049709517,0.998592658,542,394,0.726937269,0.025089555,0.017609989,0.010065344,0.079243996,41.486191114,0.000000000,0.076964302,0.160414387,0.102225958,0.029561938,37.661522155,0,14,14,0,0.025830258,2,0,0,0,0,0,524,4,20099,73574,18965,135,1550,867988
1245,1517157354.131431103,1517157354.232270241,1,0,0,1,247.778434459,16.954830517,-8.518295436,0.002896349,-0.017637116,-0.049172235,0.998630379,543,392,0.721915285,0.023319128,0.015912501,0.009638608,0.076611062,41.333148912,0.000000000,0.076577049,0.171093790,0.082773553,0.029334912,37.930309052,0,5,5,0,0.009208103,3,0,0,0,0,0,532,6,20099,73579,18968,135,1550,868520
1246,1517157354.232290983,1517157354.333130360,1,0,0,1,247.773327397,16.949319348,-8.516431328,0.006869150,-0.006784275,-0.046722406,0.998861254,532,380,0.714285714,0.026103254,0.017599916,0.010972022,0.069097264,47.166396304,0.000000000,0.076057759,0.196425675,0.080383797,0.033807975,38.515441224,0,24,24,0,0.045112782,5,0,0,0,0,0,502,6,20101,73603,18973,135,1550,869022
1247,1517157354.333151102,1517157354.433990240,1,0,0,1,247.755060738,16.953873562,-8.510164442,0.009585150,0.031361230,-0.021993032,0.999220148,552,387,0.701086957,0.027138367,0.020977592,0.013085720,0.068519606,38.200022672,0.000000000,0.075406702,0.217048607,0.089384026,0.083738997,38.789308072,0,14,14,0,0.025362319,1,0,0,0,0,0,534,4,20101,73617,18974,135,1550,869556
1248,1517157354.434010983,1517157354.534850359,1,0,0,1,247.693633262,16.980592714,-8.506508213,0.011580267,0.052625912,0.009938288,0.998497692,578,412,0.712802768,0.019614805,0.012192183,0.008001879,0.065286645,40.453982407,0.000000000,0.074088831,0.214608138,0.147740247,0.147471497,39.214826366,0,17,16,1,0.029411765,5,0,0,0,0,0,551,10,20103,73634,18979,135,1550,870107
1249,1517157354.534871101,1517157354.635710239,1,0,0,1,247.595079678,17.006536055,-8.507046915,0.004774317,0.052480497,0.046888738,0.997509123,572,396,0.692307692,0.016393941,0.010301768,0.007276895,0.060837808,39.807102117,0.000000000,0.073648616,0.207759002,0.245946713,0.220881600,39.344796721,0,8,8,0,0.013986014,2,0,0,0,0,0,562,2,20103,73642,18981,135,1550,870669
1250,1517157354.635730982,1517157354.736570358,1,0,0,1,247.467735883,17.026544641,-8.508925866,-0.000592271,0.036320545,0.094358580,0.994875332,593,408,0.688026981,0.018528972,0.009960179,0.007490409,0.060368166,43.708581379,0.000000000,0.072964639,0.196996152,0.372071959,0.315256110,39.730013179,0,18,18,0,0.030354132,1,0,0,0,0,0,572,3,20103,73660,18982,135,1550,871241
1251,1517157354.736591101,1517157354.837430239,1,0,0,1,247.333367885,17.042743766,-8.509618750,-0.024520972,0.008621525,0.126952997,0.991568116,575,410,0.713043478,0.019310417,0.012851998,0.008544995,0.059271871,37.859923099,0.000000000,0.072177900,0.186950554,0.506247157,0.379657718,39.773463537,0,17,17,0,0.029565217,1,0,0,0,0,0,550,8,20103,73677,18983,135,1550,871791
1252,1517157354.938311100,1517157355.039089203,1,0,0,1,247.147489275,16.999720581,-8.503994820,-0.011449629,-0.028669721,0.134272242,0.990463487,559,405,0.724508050,0.016977327,0.010140213,0.006663489,0.073135749,34.187418056,0.000000000,0.072102387,0.176727861,0.694452497,0.395758377,39.687771427,0,12,12,0,0.021466905,5,0,0,0,0,0,541,6,20104,73689,18988,135,1550,872332
1253,1517157355.039109945,1517157355.139949322,1,0,0,1,247.123338055,16.970285832,-8.502351661,0.012670296,-0.032952481,0.137619991,0.989855715,553,393,0.710669078,0.017199521,0.010992592,0.007213828,0.066651480,37.155638593,0.000000000,0.071633572,0.169429960,0.726727918,0.399213125,39.785233621,0,14,13,1,0.025316456,2,0,0,0,0,0,537,2,20105,73703,18990,135,1550,872869
1254,1517157355.139970064,1517157355.240809202,1,0,0,1,247.111605355,16.965737053,-8.502061837,0.012515412,-0.026595247,0.138283203,0.989956470,554,409,0.738267148,0.015284257,0.009555532,0.006646810,0.076269493,33.354404957,0.000000000,0.071351382,0.176939093,0.734741977,0.400337364,39.519873815,0,7,7,0,0.012635379,4,0,0,0,0,0,543,4,20106,73710,18994,135,1550,873412
1255,1517157355.240829945,1517157355.341669321,1,0,0,1,247.109642489,16.964456372,-8.500401231,0.009340463,-0.024234296,0.136730970,0.990267689,564,408,0.723404255,0.018135155,0.010457489,0.007108336,0.074691408,40.355057572,0.000000000,0.071385876,0.176872167,0.735808850,0.401937945,39.545912963,0,7,6,1,0.012411348,4,0,0,0,0,0,549,8,20107,73717,18998,135,1550,873961
1256,1517157355.341690063,1517157355.442529202,1,0,0,1,247.123954357,16.959997029,-8.499230566,0.012257699,-0.025707371,0.136339852,0.990252657,572,410,0.716783217,0.021823125,0.014071752,0.009849848,0.075241746,38.659397389,0.000000000,0.071488689,0.175438215,0.749499187,0.402740793,39.521739708,0,9,9,0,0.015734266,6,0,0,0,0,0,554,9,20107,73726,19004,135,1550,874515
1257,1517157355.442549944,1517157355.543389320,1,0,0,1,247.135149518,16.955877337,-8.491295162,0.007340218,-0.020645835,0.136681268,0.990372708,562,407,0.724199288,0.020622651,0.012650284,0.008296501,0.075023506,36.184645684,0.000000000,0.071524433,0.173934683,0.762954003,0.403217490,39.433993570,0,12,11,1,0.021352313,3,0,0,0,0,0,543,7,20109,73738,19007,135,1550,875058
1258,1517157355.543410063,1517157355.644249201,1,0,0,1,247.142237907,16.960493089,-8.486353381,0.003858610,-0.017105417,0.137392412,0.990361470,565,403,0.713274336,0.016642807,0.009511457,0.006439467,0.080569531,32.237011612,0.000000000,0.071670571,0.177044044,0.770675142,0.404214614,39.118369563,0,12,12,0,0.021238938,0,0,0,0,0,0,546,7,20109,73750,19007,135,1550,875604
1259,1517157355.644269943,1517157355.745109320,1,0,0,1,247.147601654,16.960881087,-8.492672938,0.004043209,-0.015491294,0.137244285,0.990407834,573,416,0.726003490,0.020736480,0.012526415,0.008238027,0.082976299,32.596376310,0.000000000,0.071803529,0.174609832,0.776134185,0.403824973,38.801173029,0,14,14,0,0.024432810,0,0,0,0,0,0,555,4,20108,73764,19007,135,1550,876159
1260,1517157355.745131016,1517157355.845969200,1,0,0,1,247.147212927,16.959024827,-8.495545681,0.005235040,-0.017329329,0.136591908,0.990461983,573,415,0.724258290,0.020926891,0.012659769,0.008568265,0.080665014,39.220295611,0.000000000,0.071954160,0.174206227,0.776194941,0.399937023,38.704907448,0,10,9,1,0.017452007,1,0,0,0,0,0,561,2,20111,73774,19008,135,1550,876720
1261,1517157355.845990896,1517157355.946829319,1,0,0,1,247.147749347,16.963929384,-8.493294410,0.000060970,-0.016323600,0.132491926,0.991049659,570,409,0.717543860,0.015951842,0.008807257,0.006119073,0.080804424,31.936015549,0.000000000,0.072334605,0.168172984,0.778016998,0.395857185,38.537217182,0,7,7,0,0.012280702,2,0,0,0,0,0,555,8,20112,73781,19010,135,1550,877275
1262,1517157356.047650099,1517157356.148489237,1,0,0,1,247.149617389,16.973571867,-8.491701454,-0.001385287,-0.015045444,0.129422494,0.991474424,565,401,0.709734513,0.017778352,0.010524449,0.007287784,0.077090641,32.416136319,0.000000000,0.072640420,0.167611252,0.775858437,0.399927031,38.087292434,0,7,7,0,0.012389381,4,0,0,0,0,0,547,11,20112,73788,19014,135,1550,877822
1263,1517157356.148509979,1517157356.249349356,1,0,0,1,247.149642019,16.976672502,-8.494075971,-0.000259760,-0.015702137,0.128870537,0.991537069,573,406,0.708551483,0.017897797,0.009374179,0.006704366,0.074158375,38.477485189,0.000000000,0.072825704,0.169516707,0.777182897,0.400206042,37.839761542,0,10,10,0,0.017452007,2,0,0,0,0,0,556,7,20112,73798,19016,135,1550,878378
1264,1517157356.249370098,1517157356.350209236,1,0,0,1,247.150826729,16.978176759,-8.501494304,-0.002350359,-0.001665601,0.133769697,0.991008259,580,416,0.717241379,0.016772729,0.009956142,0.006592889,0.074425225,33.748211528,0.000000000,0.072584766,0.164175255,0.783130282,0.408877831,37.452862563,0,9,8,1,0.015517241,4,0,0,0,0,0,561,10,20112,73807,19020,135,1550,878939
1265,1517157356.350229979,1517157356.451069355,1,0,0,1,247.136383933,16.974120879,-8.498745138,-0.002036097,0.022173459,0.147812682,0.988764685,562,404,0.718861210,0.015029312,0.009174647,0.006078231,0.061829439,38.128647213,0.000000000,0.071845684,0.167605106,0.790640147,0.432413632,37.292637478,0,8,8,0,0.014234875,4,0,0,0,0,0,550,4,20112,73815,19024,135,1550,879489
1266,1517157356.451090097,1517157356.551929235,1,0,0,1,247.101051785,16.961107178,-8.500195690,0.005300591,0.037647078,0.170219033,0.984672576,605,431,0.712396694,0.019141877,0.009760101,0.006940214,0.063082006,44.071809662,0.000000000,0.071544922,0.146272625,0.808479150,0.428643863,37.137908146,0,9,9,0,0.014876033,1,0,0,0,0,0,590,6,20113,73824,19025,135,1550,880079
1267,1517157356.551949978,1517157356.652789354,1,0,0,1,247.018016597,16.948166030,-8.498045962,-0.000532485,0.049728486,0.199676081,0.978599130,595,405,0.680672269,0.016694968,0.009808010,0.006501611,0.046383245,44.460769527,0.000000000,0.070438103,0.105811399,0.825457597,0.424294809,37.450945489,0,12,12,0,0.020168067,3,0,0,0,0,0,580,3,20113,73836,19028,135,1550,880659
1268,1517157356.652810097,1517157356.753649235,1,0,0,1,246.890865121,16.927465603,-8.498911678,-0.010252143,0.053166025,0.227995999,0.972155384,593,415,0.699831366,0.020536951,0.011065958,0.007869494,0.056159523,42.329046992,0.000000000,0.069981747,0.108144297,0.852373498,0.408253863,37.544698718,0,15,15,0,0.025295110,4,0,0,0,0,0,567,11,20115,73851,19032,135,1550,881226
1269,1517157356.753669977,1517157356.854509354,1,0,0,1,246.745044848,16.884590819,-8.494138878,-0.022022160,0.041426934,0.246984214,0.967883067,588,422,0.717687075,0.016398972,0.009675684,0.006718058,0.066649553,40.974176282,0.000000000,0.070272335,0.108130589,0.875521370,0.351344797,37.603052426,0,11,11,0,0.018707483,4,0,0,0,0,0,573,4,20115,73862,19036,135,1550,881799
1270,1517157356.854530096,1517157356.929430962,1,0,0,1,246.627970082,16.836708169,-8.493553374,-0.013609110,0.010994052,0.245113761,0.969336457,586,413,0.704778157,0.016599385,0.008863627,0.006319773,0.073969855,35.403698766,0.000000000,0.070952419,0.110086205,0.866668149,0.290159397,37.187808295,0,13,13,0,0.022184300,2,0,0,0,0,0,571,2,20116,73875,19038,135,1550,882370
1271,1517157356.955389977,1517157357.027384758,1,0,0,1,246.493252580,16.761728614,-8.489113451,-0.009594302,-0.019343687,0.241126255,0.970253524,574,413,0.719512195,0.023641918,0.016734048,0.010517020,0.059882484,37.082959119,0.000000000,0.070982950,0.127231381,0.830034124,0.281420594,37.148960096,0,15,15,0,0.026132404,2,0,0,0,0,0,551,8,20117,73890,19040,135,1550,882921
1272,1517157357.157048941,1517157357.226390839,1,0,0,1,246.395531742,16.693402085,-8.469983133,0.065709207,-0.055238253,0.370095970,0.925018923,610,432,0.708196721,0.035180523,0.030002762,0.017303409,0.047588930,50.734766790,0.000000000,0.069705609,0.226583248,0.912687536,0.543336930,37.976327533,0,24,24,0,0.039344262,4,0,0,0,0,0,579,7,20119,73914,19044,135,1550,883500
1273,1517157357.257909060,1517157357.328135490,1,0,0,1,246.387722067,16.758705853,-8.479039934,0.017630082,0.015295527,0.437291674,0.899016807,565,396,0.700884956,0.024544936,0.017407275,0.009677932,0.072913861,37.093308351,0.000000000,0.070018728,0.228895867,0.966490322,0.692718488,37.973211021,0,15,15,0,0.026548673,5,0,0,0,0,0,544,6,20123,73929,19049,135,1550,884044
1274,1517157357.358768940,1517157357.431262493,1,0,0,1,246.385491944,16.803572140,-8.471750869,-0.021332709,-0.000289171,0.425159058,0.904867176,551,387,0.702359347,0.024277434,0.013376518,0.008758101,0.053000095,47.947510037,0.000000000,0.068855258,0.223937397,1.009127139,0.717306829,38.702866275,0,12,12,0,0.021778584,2,0,0,0,0,0,532,7,20123,73941,19051,135,1550,884576
1275,1517157357.459629059,1517157357.533675194,1,0,0,1,246.418979120,16.798278171,-8.469437835,-0.007997310,0.002626343,0.428955856,0.903286233,546,404,0.739926740,0.026649570,0.017815232,0.011201917,0.060572999,45.426165858,0.000000000,0.068149337,0.229361341,1.028072856,0.724856262,38.956421689,0,14,14,0,0.025641026,3,0,0,0,0,0,525,7,20124,73955,19054,135,1550,885101
1276,1517157357.560488939,1517157357.634866953,1,0,0,1,246.431669061,16.796221525,-8.467991806,0.005941498,0.011714680,0.428523736,0.903435041,525,370,0.704761905,0.017771781,0.011012065,0.007033841,0.053873887,44.117623081,0.000000000,0.067080945,0.232719151,1.026682057,0.724604629,39.229332974,0,15,15,0,0.028571429,3,0,0,0,0,0,503,7,20127,73970,19057,135,1550,885604
1277,1517157357.661349058,1517157357.734616518,1,0,0,1,246.424010984,16.793569512,-8.467882933,0.012092831,0.009454419,0.428354645,0.903480313,559,394,0.704830054,0.018393962,0.011455122,0.007209991,0.058957426,46.951790777,0.000000000,0.066277641,0.234748808,1.024990555,0.723463498,39.767690229,0,12,11,1,0.021466905,2,0,0,0,0,0,545,2,20128,73982,19059,135,1550,886149
1278,1517157357.762208939,1517157357.833873034,1,0,0,1,246.420195873,16.793153149,-8.471849850,0.014891753,0.005189197,0.428335054,0.903482368,544,384,0.705882353,0.017806675,0.011317438,0.007521488,0.055776032,45.982674306,0.000000000,0.065037966,0.232296150,1.022212035,0.723339858,40.454973363,0,8,8,0,0.014705882,1,0,0,0,0,0,535,1,20128,73990,19060,135,1550,886684
1279,1517157357.863069057,1517157357.933129787,1,0,0,1,246.411169516,16.793165310,-8.475182650,0.015499473,0.005098494,0.427811817,0.903720544,545,390,0.715596330,0.018845809,0.011951246,0.007187999,0.055819049,43.091673394,0.000000000,0.063680103,0.233692339,1.028391727,0.723153592,40.979738218,0,6,6,0,0.011009174,1,0,0,0,0,0,538,1,20128,73996,19061,135,1550,887222
1280,1517157357.963928938,1517157358.064706326,1,0,0,1,246.405571667,16.795590454,-8.478572114,0.016014752,0.004578528,0.427921164,0.903662571,540,388,0.718518519,0.018597776,0.011687491,0.007792230,0.055323793,43.065423525,0.000000000,0.062413042,0.235334422,1.029947515,0.715261353,41.171994613,0,8,8,0,0.014814815,0,0,0,0,0,0,532,0,20129,74004,19061,135,1550,887754
1281,1517157358.064727068,1517157358.165566206,1,0,0,1,246.402357045,16.796730674,-8.479346330,0.015218221,0.005925770,0.428094914,0.903586208,536,383,0.714552239,0.016993266,0.010873606,0.006779531,0.054901269,43.164556775,0.000000000,0.061117884,0.232779150,1.023495027,0.709524107,41.733421674,0,6,6,0,0.011194030,1,0,0,0,0,0,529,1,20130,74010,19062,135,1550,888283
1282,1517157358.266448021,1517157358.367286205,1,0,0,1,246.409155122,16.793258408,-8.474268965,0.020273778,0.005713916,0.431706988,0.901767931,552,377,0.682971014,0.019108334,0.012207884,0.007894137,0.055257577,42.832597300,0.000000000,0.060026231,0.230885826,1.028757419,0.716361795,42.254244724,0,10,10,0,0.018115942,3,0,0,0,0,0,539,3,20130,74020,19065,135,1550,888822
1283,1517157358.367307901,1517157358.468147278,1,0,0,1,246.418273323,16.786435869,-8.468469457,0.021692200,0.000831876,0.431997026,0.901613734,551,376,0.682395644,0.019841037,0.012089464,0.008217548,0.053789892,49.432423360,0.000000000,0.059007807,0.228493278,1.033875743,0.707035269,42.801991632,0,13,13,0,0.023593466,4,0,0,0,0,0,529,9,20132,74033,19069,135,1550,889351
1284,1517157358.468168020,1517157358.569007397,1,0,0,1,246.426406108,16.781139427,-8.461465381,0.030640696,-0.005645943,0.436730760,0.899052565,555,378,0.681081081,0.023348292,0.013502740,0.008978507,0.054193296,46.788178745,0.000000000,0.057996211,0.223965856,1.030593209,0.688716834,43.453989993,0,22,22,0,0.039639640,3,0,0,0,0,0,526,7,20133,74055,19072,135,1550,889877
1285,1517157358.569027901,1517157358.669867277,1,0,0,1,246.450183642,16.789102364,-8.465853043,0.046693178,-0.017089650,0.451454228,0.890907835,549,380,0.692167577,0.030058851,0.022355969,0.013281619,0.049041211,50.778715471,0.000000000,0.057356799,0.228776005,1.018369149,0.674463926,44.086493406,0,10,9,1,0.018214936,2,0,0,0,0,0,533,6,20135,74065,19074,135,1550,890410
1286,1517157358.669888020,1517157358.770727396,1,0,0,1,246.480224763,16.834301165,-8.472637713,0.045481449,-0.018572928,0.472309012,0.880062885,588,410,0.697278912,0.022610608,0.013474243,0.009941974,0.073611534,42.130972720,0.000000000,0.057883276,0.226198845,0.988998060,0.661344908,43.989451559,0,12,12,0,0.020408163,3,0,0,0,0,0,572,4,20136,74077,19077,135,1550,890982
1287,1517157358.770747900,1517157358.871587276,1,0,0,1,246.521907807,16.901843748,-8.480055665,0.044754874,-0.022328900,0.496856252,0.866390378,583,404,0.692967410,0.025006914,0.014606564,0.009931751,0.082023905,40.349818904,0.000000000,0.059665309,0.218908147,0.939884802,0.660196392,43.783904028,0,21,20,1,0.036020583,6,0,0,0,0,0,553,9,20136,74098,19083,135,1550,891535
1288,1517157358.871608019,1517157358.972447395,1,0,0,1,246.556629998,16.991616082,-8.479545988,0.042971619,-0.017539761,0.528981733,0.847363041,555,386,0.695495495,0.022885254,0.015215607,0.010285888,0.066153378,42.762513841,0.000000000,0.060165001,0.217558437,0.884071798,0.697508511,43.805577370,0,10,10,0,0.018018018,4,0,0,0,0,0,535,10,20139,74108,19087,135,1550,892070
1289,1517157358.972467899,1517157359.073246241,1,0,0,1,246.592365251,17.091420265,-8.473888006,0.039814040,-0.012824740,0.562102589,0.826009109,568,404,0.711267606,0.020921058,0.012304810,0.009361650,0.062797791,46.880734841,0.000000000,0.059972413,0.207979021,0.863742071,0.773133431,44.100905298,0,7,7,0,0.012323944,2,0,0,0,0,0,556,5,20139,74115,19089,135,1550,892626
1290,1517157359.073266983,1517157359.174106359,1,0,0,1,246.608554991,17.189298173,-8.469547095,0.022256506,-0.012628277,0.577736945,0.815821793,551,394,0.715063521,0.021483934,0.013732827,0.010008935,0.048761483,52.637852902,0.000000000,0.058711995,0.197908617,0.808803283,0.804228442,44.962613005,0,12,12,0,0.021778584,5,0,0,0,0,0,533,6,20139,74127,19094,135,1550,893159
1291,1517157359.174127102,1517157359.274966240,1,0,0,1,246.626564344,17.268026323,-8.464224751,-0.011179292,0.015268086,0.575551642,0.817546461,550,370,0.672727273,0.019513838,0.011704019,0.008393006,0.051477913,45.854980749,0.000000000,0.058291766,0.201248755,0.768976613,0.541950543,45.401214086,0,16,16,0,0.029090909,2,0,0,0,0,0,527,7,20137,74143,19096,135,1550,893686
1292,1517157359.375847101,1517157359.476686239,1,0,0,1,246.630031172,17.311848769,-8.463469409,-0.009301402,0.014167382,0.578243135,0.815688449,550,380,0.690909091,0.021215695,0.013965507,0.008722341,0.040372980,53.161807038,0.000000000,0.057930969,0.154804824,0.746552717,0.397795804,45.522566099,0,9,9,0,0.016363636,4,0,0,0,0,0,535,6,20137,74152,19100,135,1550,894221
1293,1517157359.476706982,1517157359.577546358,1,1,1,1,246.624316182,17.313364612,-8.467664683,-0.001993996,0.012100915,0.579089194,0.815171944,531,369,0.694915254,0.017274791,0.011898456,0.006627076,0.034705843,54.888683466,0.050000000,0.056020568,0.159533545,0.708293287,0.372311258,46.412334854,1,9,9,0,0.016949153,2,6,0,0,0,0,514,8,20137,74161,19108,135,1550,894735
1294,1517157359.577567101,1517157359.678406239,1,0,0,1,246.627324419,17.303319865,-8.472373641,0.002396658,0.007487053,0.578619784,0.815559529,555,388,0.699099099,0.019074319,0.011993586,0.007301456,0.047072691,45.673104826,0.050000000,0.055724197,0.159003881,0.685805799,0.365095551,46.298614594,0,11,11,0,0.019819820,3,0,0,0,0,0,535,9,20137,74172,19111,135,1550,895270
1295,1517157359.678426981,1517157359.779266357,1,0,0,1,246.618421846,17.295168171,-8.477755773,0.006941788,0.000539988,0.578502455,0.815650924,536,379,0.707089552,0.019720254,0.012636281,0.008025014,0.044529049,47.495669948,0.050000000,0.054922000,0.148492510,0.686085608,0.364824155,46.402089798,0,8,8,0,0.014925373,3,0,0,0,0,0,520,8,20138,74180,19114,135,1550,895790
1296,1517157359.779287100,1517157359.880126238,1,0,0,1,246.604506140,17.293115139,-8.478201962,0.008399988,-0.002629219,0.578414148,0.815695777,553,391,0.707052441,0.020607302,0.011776138,0.007676663,0.042283161,51.080953511,0.050000000,0.054342464,0.144276340,0.692054011,0.364641364,46.750256320,0,8,8,0,0.014466546,3,0,0,0,0,0,535,10,20138,74188,19117,135,1550,896325
1297,1517157359.880146980,1517157359.980986357,1,0,0,1,246.601997462,17.289352747,-8.477664718,0.010334633,-0.005579938,0.577962684,0.815978673,528,367,0.695075758,0.020952650,0.011846357,0.007926859,0.046273558,47.075442753,0.050000000,0.053708270,0.141192559,0.691088377,0.365549351,46.756438919,0,8,8,0,0.015151515,3,0,0,0,0,0,511,9,20138,74196,19120,135,1550,896836
1298,1517157359.981007099,1517157360.081815243,1,0,0,1,246.595886843,17.290406531,-8.475820024,0.008415937,-0.002512908,0.578229270,0.815827046,539,382,0.708719852,0.021061608,0.012178268,0.008358064,0.047653326,48.473124915,0.050000000,0.053302135,0.136232114,0.687935772,0.365032215,46.880961449,0,4,4,0,0.007421150,3,0,0,0,0,0,528,7,20138,74200,19123,135,1550,897364
1299,1517157360.081835985,1517157360.182675362,1,0,0,1,246.590590110,17.294438241,-8.474594561,0.008723034,-0.002801694,0.578319482,0.815758932,537,370,0.689013035,0.020665985,0.011926909,0.008491405,0.045667605,45.610692509,0.050000000,0.052794563,0.133742997,0.687725269,0.365028938,47.006912405,0,6,6,0,0.011173184,2,0,0,0,0,0,522,9,20138,74206,19125,135,1550,897886
1300,1517157360.182696104,1517157360.283535242,1,0,0,1,246.588117226,17.297901172,-8.474408515,0.008816510,-0.002907028,0.578345709,0.815738965,531,371,0.698681733,0.020444357,0.010754319,0.007803018,0.046061692,47.085107558,0.050000000,0.052331458,0.130696677,0.688486957,0.364662125,47.207896607,0,3,3,0,0.005649718,5,0,0,0,0,0,517,11,20138,74209,19130,135,1550,898403
1301,1517157360.283555984,1517157360.384395361,1,0,0,1,246.591612361,17.297436592,-8.473530641,0.008126055,-0.001908975,0.578554154,0.815601259,540,378,0.700000000,0.020453148,0.011702699,0.008048591,0.045999838,48.774564186,0.050000000,0.051886386,0.122061772,0.682952591,0.357199043,47.488396977,0,3,3,0,0.005555556,4,0,0,0,0,0,528,9,20138,74212,19134,135,1550,898931
1302,1517157360.485275984,1517157360.586115360,1,0,0,1,246.607006655,17.283539759,-8.469776102,0.008360760,-0.009697725,0.574417075,0.818462630,546,372,0.681318681,0.020935432,0.013122998,0.008238580,0.042169388,52.684843414,0.050000000,0.051231977,0.119328341,0.691248924,0.366760529,47.981009283,0,12,12,0,0.021978022,4,0,0,0,0,0,527,7,20138,74224,19138,135,1550,899458
1303,1517157360.586136103,1517157360.686975241,1,0,0,1,246.606186967,17.287314457,-8.469545689,0.003129182,-0.005036984,0.574443176,0.818522984,531,358,0.674199623,0.015532440,0.010803121,0.007650314,0.043008882,49.795092670,0.050000000,0.050692926,0.134142416,0.683149688,0.356597458,47.999142748,0,6,6,0,0.011299435,4,0,0,0,0,0,520,5,20138,74230,19142,135,1550,899978
1304,1517157360.686996937,1517157360.787835360,1,0,0,1,246.598866896,17.275623381,-8.474652359,-0.001640293,0.003471562,0.578694342,0.815535478,545,376,0.689908257,0.018065563,0.011170131,0.007473182,0.040710259,52.567994286,0.050000000,0.050018774,0.137378550,0.672401828,0.334888118,48.288133525,0,10,8,2,0.018348624,3,0,0,0,0,0,532,3,20140,74240,19145,135,1550,900510
1305,1517157360.787857056,1517157360.888696194,1,1,1,1,246.570495495,17.244690663,-8.470705163,-0.006539944,0.015256653,0.591420892,0.806192156,538,375,0.697026022,0.017433710,0.010215182,0.006876602,0.034963845,57.770550796,0.100000000,0.049314906,0.102203981,0.659866467,0.319415439,48.637725292,1,4,4,0,0.007434944,1,3,0,0,0,0,529,5,20140,74244,19149,135,1550,901039
1306,1517157360.888716936,1517157360.989556313,1,0,0,1,246.541243298,17.184562147,-8.468541369,-0.021915447,0.039274773,0.606540650,0.793779343,567,392,0.691358025,0.019840019,0.013078133,0.007972286,0.054977976,44.748911937,0.100000000,0.048383228,0.099531662,0.647052837,0.302649312,48.768622252,0,7,7,0,0.012345679,4,0,0,0,0,0,556,4,20140,74251,19153,135,1550,901595
1307,1517157360.989577055,1517157361.090325356,1,0,0,1,246.485073454,17.088494622,-8.470662420,-0.021105742,0.027235425,0.608730511,0.792628503,570,397,0.696491228,0.026668476,0.017591782,0.010967379,0.072684481,41.693375730,0.100000000,0.047916257,0.110064655,0.662101890,0.231913428,48.835800094,0,13,13,0,0.022807018,4,0,0,0,0,0,548,9,20139,74264,19157,135,1550,902143
1308,1517157361.090346098,1517157361.191185236,1,1,1,1,246.449077083,16.965766460,-8.464271001,-0.009135763,0.015069446,0.612769064,0.790065519,564,396,0.702127660,0.017637360,0.011452249,0.007668950,0.038390092,55.913080849,0.150000000,0.046528093,0.110592522,0.683999887,0.162276865,49.493328444,1,7,7,0,0.012411348,4,2,0,0,0,0,551,6,20139,74271,19163,135,1550,902694
1309,1517157361.191205978,1517157361.292045355,1,0,0,1,246.417425433,16.848625685,-8.460837018,0.013774775,0.004853491,0.612833688,0.790076940,540,371,0.687037037,0.019179248,0.011109847,0.007552570,0.062393196,41.186249098,0.150000000,0.046507863,0.110841461,0.706087336,0.123863141,49.208604157,0,11,11,0,0.020370370,4,0,0,0,0,0,523,6,20139,74282,19167,135,1550,903217
1310,1517157361.292066097,1517157361.392905235,1,0,0,1,246.402624900,16.733706922,-8.467282433,0.038458664,-0.024617799,0.612760875,0.788948037,577,409,0.708838821,0.025974291,0.014696693,0.010246062,0.050370463,52.113859481,0.150000000,0.046588312,0.127091784,0.741197477,0.118870943,49.182404486,0,19,19,0,0.032928943,3,0,0,0,0,0,552,6,20139,74301,19170,135,1550,903769
1311,1517157361.392925978,1517157361.493765354,1,0,0,1,246.391226156,16.693743709,-8.480524027,0.061786347,-0.044276436,0.617899923,0.782573785,609,418,0.686371100,0.025631382,0.017420248,0.009677561,0.043807256,51.714400738,0.150000000,0.046204779,0.138048541,0.740847327,0.126489649,49.475375485,0,9,8,1,0.014778325,3,0,0,0,0,0,597,3,20142,74310,19173,135,1550,904366
1312,1517157361.594645977,1517157361.695485353,1,0,0,1,246.420408918,16.772205560,-8.482508313,0.021835412,-0.005104379,0.617509274,0.786243892,537,367,0.683426443,0.022860894,0.016402400,0.010958652,0.051326907,46.028771200,0.150000000,0.046752475,0.139723960,0.817334243,0.126958897,49.118723693,0,7,7,0,0.013035382,1,0,0,0,0,0,529,1,20144,74317,19174,135,1550,904895
1313,1517157361.695506096,1517157361.796345234,1,0,0,1,246.428034105,16.789602160,-8.467963704,0.014858466,-0.001304834,0.617357423,0.786541375,531,368,0.693032015,0.018869990,0.012074908,0.007504682,0.057937597,44.967988556,0.100000000,0.047914063,0.135802042,0.829763302,0.126022705,48.622688948,0,9,9,0,0.016949153,2,0,0,0,0,0,519,3,20144,74326,19176,135,1550,905414
1314,1517157361.796365976,1517157361.897205353,1,0,0,1,246.433635436,16.787293565,-8.461675059,0.016726553,-0.004775983,0.617082058,0.786706518,537,371,0.690875233,0.019181968,0.012503724,0.008175250,0.054492271,44.513784984,0.100000000,0.048285042,0.135630352,0.825279114,0.126326403,48.564722956,0,13,13,0,0.024208566,3,0,0,0,0,0,517,7,20143,74339,19179,135,1550,905931
1315,1517157361.897226095,1517157361.998065233,1,0,0,1,246.426535751,16.780651158,-8.456761153,0.017773148,-0.007577613,0.616996152,0.786728952,539,371,0.688311688,0.021230774,0.012543068,0.008506689,0.055594140,45.307649721,0.100000000,0.048838297,0.134940592,0.822099443,0.126289044,48.455321944,0,15,15,0,0.027829314,2,0,0,0,0,0,517,7,20142,74354,19181,135,1550,906448
1316,1517157361.998085976,1517157362.098863363,1,0,0,1,246.424817881,16.770406393,-8.458035587,0.020151246,-0.011654634,0.616927618,0.786675544,555,393,0.708108108,0.019899432,0.012205063,0.007944393,0.058755194,44.881723732,0.100000000,0.049661898,0.135412131,0.828011258,0.125291487,48.145360456,0,9,9,0,0.016216216,2,0,0,0,0,0,543,3,20143,74363,19183,135,1550,906991
1317,1517157362.098884106,1517157362.199723244,1,0,0,1,246.424422772,16.768833611,-8.455296591,0.020142429,-0.012245506,0.616983548,0.786622928,564,388,0.687943262,0.019627748,0.012274103,0.007807836,0.049512216,46.564747330,0.100000000,0.049823831,0.136197097,0.824724924,0.124807801,48.119825684,0,5,5,0,0.008865248,0,0,0,0,0,0,555,4,20143,74368,19183,135,1550,907546
1318,1517157362.199743986,1517157362.300583363,1,0,0,1,246.417788472,16.771775197,-8.460921710,0.026827097,-0.013918162,0.620264853,0.783809992,561,401,0.714795009,0.020436035,0.012126261,0.008062289,0.063952188,39.461658330,0.100000000,0.050638774,0.136293149,0.827138464,0.132908964,47.669252355,0,12,12,0,0.021390374,1,0,0,0,0,0,548,1,20144,74380,19184,135,1550,908094
1319,1517157362.300604105,1517157362.401443243,1,0,0,1,246.426011137,16.770249006,-8.461743231,0.029319241,-0.011498116,0.626063143,0.779136135,562,395,0.702846975,0.021269696,0.011989308,0.008784207,0.053900489,43.386729754,0.100000000,0.051050419,0.136315534,0.831282515,0.147574524,47.558054217,0,9,9,0,0.016014235,1,0,0,0,0,0,548,5,20144,74389,19185,135,1550,908642
1320,1517157362.401463985,1517157362.502303362,1,0,0,1,246.430594694,16.774628153,-8.455736938,0.033157142,-0.016580217,0.631921090,0.774145617,580,403,0.694827586,0.023574483,0.013519921,0.009178112,0.056268102,48.193323055,0.100000000,0.051560739,0.138936706,0.836381778,0.162283794,47.613464992,0,19,19,0,0.032758621,1,0,0,0,0,0,557,4,20148,74408,19186,135,1550,909199
1321,1517157362.502324104,1517157362.603163242,1,0,0,1,246.437923129,16.780389635,-8.455854910,0.038432263,-0.013042253,0.639988374,0.767312024,578,409,0.707612457,0.025461692,0.018032581,0.011310888,0.046787284,53.455495154,0.100000000,0.051600111,0.145799080,0.824628456,0.172980562,47.847511541,0,12,12,0,0.020761246,4,0,0,0,0,0,558,8,20149,74420,19190,135,1550,909757
1322,1517157362.704044104,1517157362.804883242,1,0,0,1,246.463102948,16.879034828,-8.466193278,0.048311576,-0.012538566,0.677788629,0.733560734,609,428,0.702791461,0.035051943,0.026911018,0.016568165,0.060999536,48.224186481,0.100000000,0.052541619,0.199898610,0.923090630,0.273629776,47.624478694,0,17,16,1,0.027914614,2,0,0,0,0,0,585,7,20150,74437,19192,135,1550,910342
1323,1517157362.804903984,1517157362.905743361,1,0,0,1,246.468893227,16.987675569,-8.485859006,0.050601302,-0.009880828,0.704458187,0.707870426,604,405,0.670529801,0.024909327,0.014908650,0.010793809,0.058291462,47.352040801,0.100000000,0.053305748,0.187248326,1.018940069,0.337194170,47.502326101,0,16,16,0,0.026490066,2,0,0,0,0,0,585,3,20149,74453,19194,135,1550,910927
1324,1517157362.905764103,1517157363.006542206,1,0,0,1,246.465002020,17.111680449,-8.487696360,0.049282389,-0.009006770,0.734157116,0.677128830,603,418,0.693200663,0.023847648,0.014426692,0.009894095,0.053495656,53.393588305,0.100000000,0.053945018,0.180658199,1.100860963,0.391305999,47.543605802,0,14,14,0,0.023217247,0,0,0,0,0,0,588,1,20149,74467,19194,135,1550,911515
1325,1517157363.006562948,1517157363.107402325,1,0,0,1,246.446971622,17.255454724,-8.484938400,0.050790887,0.003076098,0.772633443,0.632809913,615,414,0.673170732,0.020114999,0.012025475,0.008500094,0.041509944,49.009198966,0.050000000,0.054272323,0.174041520,1.178886141,0.468979751,47.105538210,0,10,10,0,0.016260163,4,0,0,0,0,0,601,4,20150,74477,19198,135,1550,912116
1326,1517157363.107423067,1517157363.208262205,1,0,0,1,246.398220225,17.411905727,-8.487885855,0.052855716,0.011731838,0.809393072,0.584766186,628,414,0.659235669,0.019446435,0.011964006,0.008258809,0.041151613,47.881472422,0.050000000,0.053581004,0.174839190,1.231479647,0.585526978,47.262166234,0,22,22,0,0.035031847,2,0,0,0,0,0,604,2,20150,74499,19200,135,1550,912720
1327,1517157363.208283901,1517157363.309122324,1,1,1,1,246.313163888,17.565921832,-8.483857941,0.045343676,0.016863608,0.837996649,0.543526619,612,419,0.684640523,0.025499951,0.016439270,0.009946034,0.039970979,47.737049762,0.100000000,0.051945329,0.172924158,1.279409853,0.677108041,47.564349936,1,5,5,0,0.008169935,2,6,0,0,0,0,593,14,20150,74504,19208,135,1550,913313
1328,1517157363.309144020,1517157363.409982204,1,0,0,1,246.229965100,17.688913895,-8.474673808,0.023084007,0.005003642,0.841771883,0.539316409,612,428,0.699346405,0.024394975,0.015042833,0.008909602,0.060262990,49.962474604,0.050000000,0.053038974,0.164008849,1.306792750,0.689861052,47.266819624,0,14,14,0,0.022875817,5,0,0,0,0,0,591,7,20150,74518,19213,135,1550,913904
1329,1517157363.410003901,1517157363.510843277,1,0,0,1,246.151765234,17.797014433,-8.457421705,-0.011036368,0.017357225,0.842653841,0.538062663,625,440,0.704000000,0.019212801,0.012982233,0.007410835,0.068726912,34.830805120,0.050000000,0.053355660,0.163925541,1.325276650,0.693728640,46.949047425,0,10,10,0,0.016000000,3,0,0,0,0,0,608,7,20150,74528,19216,135,1550,914512
1330,1517157363.510864019,1517157363.611703396,1,0,0,1,246.100337665,17.865100689,-8.440983068,-0.029087959,0.024757434,0.844277834,0.534542701,611,429,0.702127660,0.019848555,0.013237229,0.007868417,0.071557458,34.176960432,0.050000000,0.054415010,0.165281356,1.368556067,0.687303611,46.052202472,0,6,5,1,0.009819967,1,0,0,0,0,0,604,1,20151,74534,19217,135,1550,915116
1331,1517157363.611723900,1517157363.712563276,1,0,0,1,246.077660414,17.896113424,-8.446867177,-0.022631747,0.027480612,0.844681086,0.534084715,632,440,0.696202532,0.021385715,0.014712306,0.008001583,0.077604968,32.498029247,0.050000000,0.056104895,0.164027525,1.323686720,0.686312509,45.091383898,0,17,17,0,0.026898734,3,0,0,0,0,0,612,3,20152,74551,19220,135,1550,915728
1332,1517157363.813443899,1517157363.914283276,1,0,0,1,246.070758768,17.891299336,-8.444359726,-0.002272250,0.015682040,0.845258771,0.534122196,627,423,0.674641148,0.020710919,0.014146067,0.008144329,0.065781444,38.023131169,0.050000000,0.056827622,0.165438237,1.308543686,0.686022740,44.691101896,0,11,11,0,0.017543860,4,0,0,0,0,0,610,6,20153,74562,19224,135,1550,916338
1333,1517157363.914304018,1517157364.015083313,1,0,0,1,246.075743687,17.884047956,-8.450094147,0.002962778,0.013131623,0.845297479,0.534126347,615,426,0.692682927,0.016452016,0.011946844,0.006904303,0.051572072,38.632353185,0.050000000,0.056509346,0.172891340,1.310314591,0.685419157,44.374320128,0,6,5,1,0.009756098,1,0,0,0,0,0,607,2,20154,74568,19225,135,1550,916945
1334,1517157364.015104055,1517157364.115943193,1,0,0,1,246.081877652,17.875991434,-8.457153375,0.011606598,0.011474772,0.846669272,0.531869120,593,428,0.721753794,0.019830819,0.012493850,0.007042830,0.067216812,34.862618377,0.050000000,0.057145573,0.171640051,1.311764504,0.690278482,43.891761797,0,6,5,1,0.010118044,2,0,0,0,0,0,585,2,20155,74574,19227,135,1550,917530
1335,1517157364.115963936,1517157364.216803312,1,0,0,1,246.096753712,17.867006268,-8.459990653,0.015225171,0.008474818,0.845661171,0.533435616,615,426,0.692682927,0.017942284,0.013132617,0.007515221,0.070137642,34.643412474,0.050000000,0.057872748,0.177680879,1.318907928,0.694040385,43.358549935,0,7,7,0,0.011382114,4,0,0,0,0,0,604,4,20155,74581,19231,135,1550,918134
1336,1517157364.216824055,1517157364.317663193,1,0,0,1,246.103562158,17.866362633,-8.460035654,0.023744705,0.007041687,0.847348327,0.530459627,631,425,0.673534073,0.019362485,0.013500470,0.007494193,0.078271489,32.382766749,0.050000000,0.058848563,0.178619978,1.322563819,0.700361966,42.733602086,0,6,6,0,0.009508716,0,0,0,0,0,0,624,1,20155,74587,19231,135,1550,918758
1337,1517157364.317683935,1517157364.418523312,1,0,0,1,246.105175569,17.874488536,-8.463788308,0.047086866,0.006232706,0.852687135,0.520258235,609,428,0.702791461,0.019981677,0.014309511,0.007675377,0.062508102,34.238201560,0.050000000,0.059498357,0.178037879,1.322476659,0.713423703,42.117274797,0,7,7,0,0.011494253,2,0,0,0,0,0,600,2,20155,74594,19233,135,1550,919358
1338,1517157364.418544054,1517157364.519383192,1,0,0,1,246.091631669,17.897276559,-8.469616248,0.063231036,-0.005867133,0.864063621,0.499361063,618,426,0.689320388,0.021304410,0.013315382,0.007866219,0.058040840,39.550229864,0.050000000,0.059202790,0.177134938,1.341215452,0.745450321,42.121703374,0,5,5,0,0.008090615,2,0,0,0,0,0,606,7,20155,74599,19235,135,1550,919964
1339,1517157364.519403934,1517157364.620243311,1,0,0,1,246.041105954,17.945622093,-8.474657699,0.057222843,-0.008747967,0.880071992,0.471298533,609,410,0.673234811,0.021102451,0.013031015,0.008022492,0.055479684,40.897904379,0.050000000,0.059281749,0.177279550,1.402593686,0.795927224,41.997262105,0,8,8,0,0.013136289,1,0,0,0,0,0,594,7,20155,74607,19236,135,1550,920558
1340,1517157364.620264053,1517157364.721103191,1,0,0,1,245.982341458,18.010509077,-8.472442790,0.049672914,-0.011733182,0.893084941,0.446983469,623,423,0.678972713,0.021454373,0.014222527,0.008680107,0.040616571,49.234174190,0.050000000,0.058499173,0.177396089,1.480840818,0.831389553,42.049304662,0,8,8,0,0.012841091,5,0,0,0,0,0,610,5,20155,74615,19241,135,1550,921168
1341,1517157364.721123934,1517157364.821963310,1,0,0,1,245.923572722,18.075515676,-8.459830585,0.034407797,-0.015807841,0.894735986,0.444987337,647,441,0.681607419,0.022412315,0.014568163,0.008094190,0.061459433,43.623154150,0.050000000,0.059232780,0.174710986,1.467045482,0.736865556,41.557687612,0,15,14,1,0.023183926,4,0,0,0,0,0,622,10,20155,74630,19245,135,1550,921790
1342,1517157364.922843933,1517157365.023621321,1,0,0,1,245.855275278,18.167133884,-8.443678605,-0.006890054,0.011968191,0.896375734,0.443079940,628,427,0.679936306,0.027204801,0.018788147,0.011093784,0.057006827,45.676081917,0.050000000,0.059033145,0.122745592,1.471896822,0.668049541,41.430282384,0,9,9,0,0.014331210,3,0,0,0,0,0,612,7,20155,74639,19248,135,1550,922402
1343,1517157365.023642063,1517157365.124481201,1,0,0,1,245.844916787,18.178331275,-8.439088328,-0.001999858,0.014404146,0.896746696,0.442305194,636,425,0.668238994,0.020526555,0.014570581,0.008492235,0.059732524,40.721170818,0.050000000,0.059105198,0.117890555,1.363746850,0.583982018,41.098738885,0,8,8,0,0.012578616,2,0,0,0,0,0,621,7,20155,74647,19250,135,1550,923023
1344,1517157365.124501944,1517157365.225341320,1,0,0,1,245.841856688,18.180608442,-8.438036786,0.004045250,0.012454350,0.897091689,0.441650345,619,418,0.675282714,0.020477665,0.013650689,0.007843038,0.055102015,41.304980955,0.050000000,0.059185516,0.115074732,1.222776861,0.468077933,40.494308517,0,9,9,0,0.014539580,3,0,0,0,0,0,605,5,20156,74656,19253,135,1550,923628
1345,1517157365.225362062,1517157365.326201200,1,0,0,1,245.839179515,18.182227473,-8.444520185,0.008857657,0.009104592,0.897288185,0.441262464,625,424,0.678400000,0.018973567,0.013377938,0.007524991,0.053124910,39.851775971,0.050000000,0.059766264,0.116923126,1.066078447,0.347961718,40.036437367,0,8,8,0,0.012800000,1,0,0,0,0,0,610,7,20156,74664,19254,135,1550,924238
1346,1517157365.326221943,1517157365.427061319,1,0,0,1,245.849776191,18.169212882,-8.450697474,0.013507818,0.004598622,0.896660385,0.442489035,619,428,0.691437803,0.024940156,0.016864238,0.008725147,0.064338281,46.746378066,0.050000000,0.060925598,0.121519357,0.907974214,0.249634405,39.979682650,0,8,7,1,0.012924071,3,0,0,0,0,0,606,5,20157,74672,19257,135,1550,924844
1347,1517157365.427082062,1517157365.527921200,1,0,0,1,245.850901071,18.169877514,-8.450565467,0.025555144,0.005420592,0.898300754,0.438603816,647,445,0.687789799,0.019831556,0.013138755,0.008737570,0.059429456,39.792876228,0.000000000,0.061898521,0.114080877,0.760514327,0.244734970,39.582473973,0,7,6,1,0.010819165,0,0,0,0,0,0,640,0,20158,74679,19257,135,1550,925484
1348,1517157365.527941942,1517157365.628781319,1,0,0,1,245.842329857,18.177263272,-8.454714592,0.052403916,-0.003230013,0.902157753,0.428199470,645,434,0.672868217,0.021857036,0.013211884,0.007639235,0.050599827,42.985581282,0.000000000,0.061415363,0.108647499,0.638034519,0.261651518,39.233629307,0,11,11,0,0.017054264,0,0,0,0,0,0,628,6,20158,74690,19257,135,1550,926112
1349,1517157365.628802061,1517157365.729641199,1,0,0,1,245.805623892,18.213320813,-8.458539641,0.061832843,-0.001630659,0.911157681,0.407388906,625,429,0.686400000,0.021422244,0.014134380,0.008605681,0.055531398,41.768428833,0.000000000,0.060755588,0.106941343,0.602734990,0.298475861,39.580510492,0,9,9,0,0.014400000,2,0,0,0,0,0,609,7,20159,74699,19259,135,1550,926721
1350,1517157365.729662895,1517157365.830501318,1,0,0,1,245.742880807,18.261591619,-8.458257786,0.065945162,0.000813354,0.925864424,0.372055967,635,436,0.686614173,0.024351110,0.015903359,0.008854812,0.058771895,47.758195910,0.000000000,0.060116309,0.111108493,0.643031056,0.373245778,40.259572266,0,15,15,0,0.023622047,2,0,0,0,0,0,617,3,20159,74714,19261,135,1550,927338
1351,1517157365.830523014,1517157365.931362391,1,0,0,1,245.656506317,18.324434477,-8.455082760,0.050166355,-0.008248554,0.938408930,0.341765971,590,385,0.652542373,0.023813733,0.017817973,0.009183365,0.062684581,41.019790551,0.000000000,0.059370290,0.113993582,0.741114389,0.441024451,40.685660332,0,11,10,1,0.018644068,5,0,0,0,0,0,567,12,20161,74725,19266,135,1550,927905
1352,1517157366.032182932,1517157366.133022308,1,0,0,1,245.460026030,18.451124739,-8.441587083,0.022626878,-0.003372264,0.939811881,0.340925622,635,429,0.675590551,0.021103980,0.012779593,0.008214989,0.053172195,45.862862047,0.000000000,0.058739828,0.113772941,0.964784408,0.444206801,41.077646875,0,11,11,0,0.017322835,5,0,0,0,0,0,615,9,20161,74736,19271,135,1550,928520
1353,1517157366.133043051,1517157366.233882189,1,0,0,1,245.384950965,18.505712256,-8.425649115,-0.012356644,0.014316118,0.940549529,0.339129689,616,435,0.706168831,0.022606032,0.014173314,0.008339096,0.060721899,42.417209404,0.000000000,0.059197319,0.100648540,1.046621864,0.443547231,41.266889686,0,5,5,0,0.008116883,1,0,0,0,0,0,607,4,20161,74741,19272,135,1550,929127
1354,1517157366.233902931,1517157366.334742308,1,0,0,1,245.341467938,18.534325926,-8.422311789,-0.016782730,0.020990341,0.940485361,0.338769881,619,434,0.701130856,0.025263050,0.018609897,0.009789428,0.066529979,42.382962676,0.000000000,0.059162977,0.104367071,1.081172644,0.440656489,41.642906901,0,4,4,0,0.006462036,1,0,0,0,0,0,611,4,20161,74745,19273,135,1550,929738
1355,1517157366.334763050,1517157366.435602188,1,0,0,1,245.334644721,18.540151474,-8.427436347,-0.009704260,0.018917379,0.941025994,0.337665572,621,421,0.677938808,0.023284438,0.015664292,0.009473871,0.059824813,39.025221861,0.000000000,0.058647336,0.095840198,1.084665898,0.436424848,41.861997371,0,13,13,0,0.020933977,0,0,0,0,0,0,607,1,20161,74758,19273,135,1550,930345
1356,1517157366.435622931,1517157366.536462307,1,0,0,1,245.345715929,18.534405867,-8.426967044,0.000614186,0.012823705,0.941096571,0.337894094,641,431,0.672386895,0.025944880,0.017175332,0.009915025,0.049785519,48.667688787,0.000000000,0.057223037,0.097343729,1.088053217,0.415783261,42.676243473,0,7,6,1,0.010920437,3,0,0,0,0,0,625,9,20161,74765,19276,135,1550,930970
1357,1517157366.536483049,1517157366.637322187,1,0,0,1,245.348958796,18.536613057,-8.433078670,0.005286550,0.011246469,0.941260287,0.337453169,625,431,0.689600000,0.021472129,0.013996708,0.008734754,0.045992471,44.559628473,0.000000000,0.056397256,0.094393631,1.068173291,0.369846225,43.192314818,0,7,6,1,0.011200000,0,0,0,0,0,0,618,0,20161,74772,19276,135,1550,931588
1358,1517157366.637342930,1517157366.738182306,1,0,0,1,245.365941039,18.530221932,-8.434946153,0.010888160,0.006669941,0.941141547,0.337771445,597,414,0.693467337,0.022844867,0.015323841,0.008089049,0.056427922,42.759491536,0.000000000,0.056316610,0.093373905,1.016303177,0.304956853,43.352777902,0,12,12,0,0.020100503,1,0,0,0,0,0,578,7,20163,74784,19277,135,1550,932166
1359,1517157366.738203049,1517157366.839042187,1,0,0,1,245.382896495,18.521062273,-8.436693046,0.014453684,0.004519671,0.941083017,0.337836378,613,416,0.678629690,0.023391405,0.017094548,0.008832545,0.060983380,43.228496993,0.000000000,0.056591795,0.092047410,0.948083661,0.248997252,43.469307532,0,10,9,1,0.016313214,4,0,0,0,0,0,594,9,20164,74794,19281,135,1550,932760
1360,1517157366.839062929,1517157366.939902306,1,0,0,1,245.396889628,18.517203493,-8.439394460,0.016044064,0.002827456,0.941094610,0.337750689,628,426,0.678343949,0.022097085,0.015129989,0.008089768,0.063584210,39.842736400,0.000000000,0.057740177,0.091304474,0.874311959,0.243023484,42.999735643,0,6,6,0,0.009554140,1,0,0,0,0,0,620,2,20165,74800,19282,135,1550,933380
1361,1517157366.939923048,1517157367.040699244,1,0,0,1,245.397356996,18.520988089,-8.443362203,0.016294112,0.001740933,0.941162713,0.337556245,632,432,0.683544304,0.020542556,0.014221822,0.008822076,0.065838643,38.173195969,0.000000000,0.057959137,0.093983196,0.764405728,0.238312100,42.727237734,0,8,8,0,0.012658228,1,0,0,0,0,0,618,6,20166,74808,19283,135,1550,933998
1362,1517157367.141580105,1517157367.242419243,1,0,0,1,245.405851328,18.516941912,-8.442475698,0.016016075,0.001939721,0.941170254,0.337547442,623,432,0.693418941,0.022577851,0.015778776,0.009155467,0.067140130,37.720714045,0.000000000,0.058465802,0.082388185,0.757926635,0.236597517,42.329469340,0,5,5,0,0.008025682,1,0,0,0,0,0,612,6,20166,74813,19284,135,1550,934610
1363,1517157367.242439985,1517157367.343279362,1,0,0,1,245.400539939,18.516176313,-8.441228720,0.016105731,0.001539002,0.941079105,0.337799283,628,438,0.697452229,0.023335315,0.015827791,0.007800266,0.069085227,38.420757004,0.000000000,0.058933437,0.080144477,0.759479201,0.235794439,42.214448650,0,2,2,0,0.003184713,2,0,0,0,0,0,619,7,20166,74815,19286,135,1550,935229
1364,1517157367.343300104,1517157367.444139242,1,0,0,1,245.394908997,18.518313308,-8.441318302,0.016250170,0.002761918,0.941190901,0.337472950,632,427,0.675632911,0.019777438,0.013924993,0.008341097,0.064810172,38.329777111,0.000000000,0.059418845,0.082283821,0.758303860,0.235727644,42.065688457,0,6,6,0,0.009493671,3,0,0,0,0,0,618,8,20166,74821,19289,135,1550,935847
1365,1517157367.444159985,1517157367.544999361,1,0,0,1,245.385403325,18.522578975,-8.440202032,0.016304402,0.002812456,0.941144489,0.337599329,625,426,0.681600000,0.021616617,0.014372574,0.008406133,0.067899229,37.403269074,0.000000000,0.060157561,0.074374917,0.750898662,0.233135002,41.943263113,0,1,1,0,0.001600000,2,0,0,0,0,0,616,8,20166,74822,19291,135,1550,936463
1366,1517157367.545020103,1517157367.645859241,1,0,0,1,245.378748164,18.525000007,-8.439934484,0.016202418,0.003457611,0.941148312,0.337587591,624,425,0.681089744,0.021240635,0.014585398,0.008037718,0.067065327,37.171976760,0.000000000,0.060293914,0.072089825,0.756672353,0.225184867,41.464543047,0,1,1,0,0.001602564,1,0,0,0,0,0,616,7,20166,74823,19292,135,1550,937079
1367,1517157367.645879984,1517157367.746719360,1,0,0,1,245.380653721,18.522121120,-8.438656149,0.016193528,0.004111597,0.941079650,0.337772050,621,418,0.673107890,0.019717721,0.014011548,0.008207544,0.052663002,44.123882827,0.000000000,0.059955591,0.072521961,0.748302675,0.204729015,41.681093377,0,3,3,0,0.004830918,2,0,0,0,0,0,612,6,20166,74826,19294,135,1550,937691
1368,1517157367.746740103,1517157367.847579241,1,0,0,1,245.379106204,18.522795641,-8.440810720,0.016399812,0.002744039,0.941089315,0.337749046,625,434,0.694400000,0.021479428,0.014363997,0.008551858,0.068972085,37.060864233,0.000000000,0.060874204,0.072963517,0.699444229,0.160208341,41.384857525,0,3,3,0,0.004800000,2,0,0,0,0,0,615,7,20166,74829,19296,135,1550,938306
1369,1517157367.847599983,1517157367.948439360,1,0,0,1,245.375404523,18.521607559,-8.443493750,0.017558018,0.002492232,0.940937493,0.338115572,638,436,0.683385580,0.024986011,0.016037132,0.008385288,0.071400283,42.004622690,0.000000000,0.061667648,0.075790465,0.625004446,0.084700883,41.396667218,0,9,9,0,0.014106583,3,0,0,0,0,0,622,7,20166,74838,19299,135,1550,938928
1370,1517157367.948460102,1517157368.049238205,1,0,0,1,245.372591537,18.524980774,-8.438760786,0.024687311,-0.003904954,0.940879110,0.337819166,635,427,0.672440945,0.023634078,0.016443287,0.008962457,0.056059444,44.295218769,0.000000000,0.061532025,0.074561666,0.524597677,0.017423515,41.223518361,0,4,4,0,0.006299213,5,0,0,0,0,0,620,11,20166,74842,19304,135,1550,939548
1371,1517157368.049258947,1517157368.150098324,1,0,0,1,245.366974414,18.528679566,-8.436957000,0.028083495,-0.004935257,0.940748356,0.337904559,639,428,0.669796557,0.023061640,0.014965221,0.008539653,0.048026886,49.767827493,0.000000000,0.060799141,0.073765489,0.297387783,0.014434464,41.660920208,0,9,8,1,0.014084507,4,0,0,0,0,0,622,8,20167,74851,19308,135,1550,940170
1372,1517157368.250979900,1517157368.351818323,1,0,0,1,245.330360196,18.557836332,-8.427969933,0.032344147,-0.006387609,0.940885297,0.337117059,642,439,0.683800623,0.021943049,0.015337256,0.008574624,0.053684541,45.338980294,0.000000000,0.060824758,0.072502251,0.250866775,0.011572823,41.634726120,0,8,8,0,0.012461059,2,0,0,0,0,0,628,6,20166,74859,19310,135,1550,940798
1373,1517157368.351840019,1517157368.452679396,1,0,0,1,245.287959421,18.594093114,-8.431264156,0.035073226,-0.006910464,0.940986251,0.336551615,630,436,0.692063492,0.021396804,0.014588775,0.009254462,0.051441922,45.775542193,0.000000000,0.060360759,0.073530408,0.254592775,0.011677736,41.802642759,0,3,3,0,0.004761905,1,0,0,0,0,0,626,1,20166,74862,19311,135,1550,941424
1374,1517157368.452699900,1517157368.553539276,1,0,0,1,245.250255343,18.629308317,-8.435656052,0.037869025,-0.006728754,0.941124826,0.335864144,619,432,0.697899838,0.021531585,0.014522349,0.008876325,0.054231431,42.882464391,0.000000000,0.059745832,0.068841251,0.296038915,0.010705107,41.827617845,0,5,5,0,0.008077544,1,0,0,0,0,0,613,1,20166,74867,19312,135,1550,942037
1375,1517157368.553560019,1517157368.654399395,1,0,0,1,245.208783302,18.662899307,-8.439074430,0.043716504,-0.006740585,0.941143661,0.335100045,603,422,0.699834163,0.025295522,0.018707342,0.008371729,0.047771316,51.169205149,0.000000000,0.059143157,0.074006677,0.337035460,0.011177957,42.434817009,0,2,2,0,0.003316750,3,0,0,0,0,0,594,7,20166,74869,19315,135,1550,942631
1376,1517157368.654419899,1517157368.755259275,1,0,0,1,245.157602697,18.703137283,-8.436402659,0.044527297,-0.003572675,0.941343828,0.334479226,623,449,0.720706260,0.027969326,0.021427734,0.008909544,0.056327126,42.427167652,0.000000000,0.059470237,0.085046421,0.394932180,0.011389225,42.122790953,0,6,6,0,0.009630819,6,0,0,0,0,0,606,11,20167,74875,19321,135,1550,943237
1377,1517157368.755280018,1517157368.856119394,1,0,0,1,245.100400338,18.743277980,-8.436237037,0.044577665,-0.008995201,0.941096669,0.335065632,637,447,0.701726845,0.026586863,0.019668620,0.008230024,0.045610633,53.794058781,0.000000000,0.059451145,0.091981405,0.446572697,0.011437428,42.584512468,0,14,14,0,0.021978022,3,0,0,0,0,0,616,7,20168,74889,19324,135,1550,943853
1378,1517157368.856139898,1517157368.956979275,1,0,0,1,245.033685910,18.792682293,-8.435899072,0.045337309,-0.009080005,0.941464163,0.333927107,634,443,0.698738170,0.026919226,0.019364682,0.009528407,0.058413442,49.461320078,0.000000000,0.059550421,0.099397509,0.510238639,0.013587411,42.919603895,0,20,20,0,0.031545741,4,0,0,0,0,0,607,7,20169,74909,19328,135,1550,944460
1379,1517157368.957000017,1517157369.057787180,1,0,0,1,244.964406250,18.847837432,-8.440500661,0.047818295,-0.005910590,0.942579299,0.330488639,618,428,0.692556634,0.028802757,0.019794958,0.009274559,0.075306318,44.452530603,0.000000000,0.060266568,0.112549202,0.584147158,0.020299041,42.980805576,0,11,11,0,0.017799353,5,0,0,0,0,0,602,5,20171,74920,19333,135,1550,945062
1380,1517157369.057807922,1517157369.158647299,1,0,0,1,244.879609577,18.912145879,-8.438143281,0.048817814,-0.001447857,0.946339765,0.319461693,619,436,0.704361874,0.030887728,0.021194719,0.010437557,0.059135811,46.815507174,0.000000000,0.060044148,0.130322629,0.685094047,0.042829854,43.329444114,0,5,5,0,0.008077544,5,0,0,0,0,0,605,9,20171,74925,19338,135,1550,945667
1381,1517157369.158668041,1517157369.259507179,1,0,0,1,244.773974605,18.986088633,-8.429475922,0.049933437,0.005441293,0.952850787,0.299253108,639,434,0.679186228,0.031890858,0.023010106,0.011428233,0.057839070,49.093856237,0.000000000,0.059644170,0.143459992,0.804877493,0.084796350,43.875477128,0,16,16,0,0.025039124,1,0,0,0,0,0,619,4,20171,74941,19339,135,1550,946286
1382,1517157369.360388041,1517157369.461227179,1,0,0,1,244.518278435,19.126755318,-8.418255553,0.049147487,-0.001976948,0.962858098,0.265489922,614,428,0.697068404,0.028037027,0.020554782,0.009727125,0.067989928,41.893335590,0.000000000,0.059686660,0.144837663,1.091418817,0.155576676,44.084108205,0,5,5,0,0.008143322,4,0,0,0,0,0,603,6,20172,74946,19343,135,1550,946889
1383,1517157369.461247921,1517157369.562087297,1,0,0,1,244.377982642,19.197139891,-8.409260121,0.047774993,0.000847192,0.966226081,0.253227158,630,433,0.687301587,0.027097012,0.019608077,0.008962918,0.070816910,42.630303143,0.000000000,0.059773244,0.145051729,1.242614345,0.180260071,44.294585512,0,10,10,0,0.015873016,2,0,0,0,0,0,616,4,20172,74956,19345,135,1550,947505
1384,1517157369.562108040,1517157369.662947178,1,0,0,1,244.228769019,19.266409072,-8.403778958,0.051635875,0.006549883,0.970490989,0.235452918,611,430,0.703764321,0.028684046,0.021610890,0.009619890,0.063751470,52.172872770,0.000000000,0.059720309,0.139050606,1.396735223,0.215972320,44.986740295,0,16,16,0,0.026186579,0,0,0,0,0,0,592,3,20174,74972,19345,135,1550,948097
1385,1517157369.662967920,1517157369.763807297,1,0,0,1,244.058958858,19.344719054,-8.401614228,0.052287006,0.005830103,0.975172616,0.215105666,618,425,0.687702265,0.027218110,0.020104011,0.009106201,0.069642057,42.527797458,0.000000000,0.059807450,0.134775406,1.576658029,0.257889036,45.242966714,0,9,7,2,0.014563107,1,0,0,0,0,0,605,4,20175,74981,19346,135,1550,948702
1386,1517157369.763828039,1517157369.864667177,1,0,0,1,243.880495230,19.417988899,-8.399534072,0.054387659,0.012787361,0.981004186,0.185766665,647,454,0.701700155,0.028076060,0.021570461,0.009041207,0.064589994,41.231734172,0.000000000,0.059683683,0.129329610,1.765906755,0.316766570,45.445954585,0,4,4,0,0.006182380,1,0,0,0,0,0,637,6,20174,74985,19347,135,1550,949339
1387,1517157369.965548038,1517157370.066317320,1,0,0,1,243.483104948,19.523436216,-8.391470413,0.046848939,-0.005610413,0.986963564,0.153872100,654,466,0.712538226,0.025428525,0.019254500,0.009655078,0.066910645,40.199177180,0.000000000,0.060396066,0.116438506,2.174391200,0.383840301,45.249719302,0,7,7,0,0.010703364,1,0,0,0,0,0,643,4,20174,74992,19348,135,1550,949982
1388,1517157370.066338062,1517157370.167177200,1,0,0,1,243.285869730,19.580996274,-8.385296045,0.043793888,-0.005961649,0.982044930,0.183396591,634,451,0.711356467,0.029450523,0.023031573,0.010798980,0.062800323,43.375695885,0.000000000,0.060087477,0.110736676,2.375222955,0.442985244,45.565460885,0,13,13,0,0.020504732,6,0,0,0,0,0,610,11,20175,75005,19354,135,1550,950592
1389,1517157370.167197943,1517157370.268037319,1,0,0,1,243.075372979,19.664897550,-8.385370742,0.047233942,-0.000454034,0.979774620,0.194449074,654,466,0.712538226,0.026085365,0.017944783,0.010405913,0.063958318,38.843005555,0.000000000,0.059715379,0.109841534,2.595367648,0.465647464,45.407380028,0,16,16,0,0.024464832,2,0,0,0,0,0,632,6,20175,75021,19356,135,1550,951224
1390,1517157370.268058062,1517157370.368897200,1,0,0,1,242.875888971,19.742224735,-8.384031578,0.048624485,-0.000959743,0.979596193,0.195002661,670,481,0.717910448,0.029370467,0.019965221,0.009493075,0.081061180,41.785752582,0.000000000,0.060965466,0.108145687,2.802355697,0.466518485,45.281906719,0,4,4,0,0.005970149,2,0,0,0,0,0,660,6,20175,75025,19358,135,1550,951884
1391,1517157370.368917942,1517157370.469757318,1,0,0,1,242.662245851,19.823901942,-8.379299877,0.047316762,0.001753124,0.980228596,0.192119625,674,484,0.718100890,0.028084514,0.018827775,0.009893002,0.054835476,53.903732988,0.000000000,0.061305896,0.102757674,2.983468272,0.470719246,45.488701994,0,14,13,1,0.020771513,3,0,0,0,0,0,654,6,20176,75039,19361,135,1550,952538
1392,1517157370.469778061,1517157370.570617199,1,0,0,1,242.437607223,19.910531136,-8.379680526,0.052321491,-0.001687558,0.980074062,0.191610141,668,481,0.720059880,0.028442467,0.019282210,0.009696016,0.072885695,43.626509774,0.000000000,0.062265953,0.092559009,3.168346330,0.470714521,45.403078468,0,6,5,1,0.008982036,1,0,0,0,0,0,659,3,20177,75045,19362,135,1550,953197
1393,1517157370.570637941,1517157370.671477318,1,0,0,1,242.208321022,19.999579290,-8.376736961,0.053471230,0.000745229,0.979860071,0.192391563,659,472,0.716236722,0.027702938,0.020533799,0.010020423,0.055347696,46.665651808,0.000000000,0.062461242,0.076992394,3.362556606,0.471343987,45.447583948,0,7,7,0,0.010622155,2,0,0,0,0,0,649,3,20178,75052,19364,135,1550,953846
1394,1517157370.671499014,1517157370.772337198,1,0,0,1,241.963392538,20.098452416,-8.372642820,0.047699017,-0.000367574,0.979970912,0.193343425,688,488,0.709302326,0.026911028,0.019427265,0.010621639,0.086011050,35.877451456,0.000000000,0.064050223,0.057799579,3.573241919,0.471631253,45.097333302,0,11,10,1,0.015988372,1,0,0,0,0,0,669,8,20181,75063,19365,135,1550,954515
1395,1517157370.772358894,1517157370.873197317,1,0,0,1,241.719479864,20.192196971,-8.370193476,0.050179910,-0.001905680,0.979817720,0.193482764,681,462,0.678414097,0.027889325,0.022568088,0.009707281,0.070236547,40.300538785,0.000000000,0.065173484,0.053319333,3.769401622,0.470881249,44.553899984,0,16,16,0,0.023494860,1,0,0,0,0,0,659,6,20182,75079,19366,135,1550,955174
1396,1517157370.873219013,1517157370.974058390,1,0,0,1,241.467471378,20.284865474,-8.364001312,0.051002835,-0.003760885,0.979785037,0.193405913,688,484,0.703488372,0.025678821,0.019363310,0.009356365,0.069276616,42.147783350,0.000000000,0.065820959,0.056713909,3.968098071,0.470313179,44.539930768,0,10,10,0,0.014534884,3,0,0,0,0,0,670,8,20182,75089,19369,135,1550,955844
1397,1517157370.974078894,1517157371.074857235,1,0,0,1,241.207115054,20.381138094,-8.358139689,0.049676307,-0.004010162,0.979595941,0.194699706,686,476,0.693877551,0.029686394,0.023562775,0.011096535,0.056840263,46.481130342,0.000000000,0.066382440,0.056737300,4.162729319,0.470495655,44.174284346,0,14,14,0,0.020408163,2,0,0,0,0,0,665,7,20182,75103,19371,135,1550,956509
1398,1517157371.074877977,1517157371.175717354,1,1,1,1,240.941861314,20.476015102,-8.351113389,0.054124718,0.001123738,0.978980796,0.196636347,676,473,0.699704142,0.032629130,0.025366284,0.011706170,0.037819916,56.592262611,0.050000000,0.065352764,0.065011792,4.355854923,0.468345262,44.530831473,1,11,11,0,0.016272189,3,7,0,0,0,0,653,12,20183,75114,19381,135,1550,957162
1399,1517157371.175738096,1517157371.276577234,1,0,0,1,240.669979567,20.579786851,-8.342490673,0.051266538,0.002492131,0.978594156,0.199296284,700,478,0.682857143,0.033419381,0.026943103,0.012084855,0.050938615,48.784251262,0.050000000,0.064134379,0.074958309,4.540545083,0.450776432,44.747417506,0,18,18,0,0.025714286,2,0,0,0,0,0,676,6,20183,75132,19383,135,1550,957838
1400,1517157371.276597977,1517157371.377437353,1,0,0,1,240.407781796,20.683817008,-8.334380108,0.049926778,0.001549843,0.978982458,0.197732803,705,483,0.685106383,0.028177658,0.020521675,0.011446621,0.044775154,56.272658591,0.050000000,0.063416346,0.073141208,4.693509207,0.412161794,45.220275077,0,16,16,0,0.022695035,2,0,0,0,0,0,683,6,20185,75148,19385,135,1550,958521
1401,1517157371.377458096,1517157371.478297234,1,0,0,1,240.134479656,20.792247641,-8.327725287,0.047297072,0.003800786,0.979361546,0.196467562,706,489,0.692634561,0.029082402,0.022430231,0.012099367,0.048740623,49.711378578,0.050000000,0.062961424,0.068437584,4.695559878,0.343406616,45.251151194,0,7,7,0,0.009915014,1,0,0,0,0,0,695,4,20185,75155,19386,135,1550,959216
1402,1517157371.579178095,1517157371.680017233,1,0,0,1,239.576219769,21.005782968,-8.306916589,0.051989053,-0.001300264,0.978637287,0.198908290,706,496,0.702549575,0.025906111,0.018523392,0.010655322,0.063917606,39.392892730,0.050000000,0.062757808,0.071238492,5.136408125,0.322882721,45.126129051,0,17,15,2,0.024079320,3,0,0,0,0,0,679,10,20187,75172,19389,135,1550,959895
1403,1517157371.680037975,1517157371.780877352,1,0,0,1,239.283721724,21.121012417,-8.295486215,0.047050409,0.003307958,0.978993830,0.198359264,726,505,0.695592287,0.030437559,0.023667332,0.013171864,0.068571357,39.613639047,0.050000000,0.062645530,0.072072540,5.286393492,0.287904111,44.975295846,0,14,14,0,0.019283747,1,0,0,0,0,0,706,6,20187,75186,19390,135,1550,960601
1404,1517157371.780898094,1517157371.881737232,1,0,0,1,238.997882898,21.234640325,-8.282250472,0.035726065,0.020414239,0.984662519,0.169548315,753,516,0.685258964,0.026267264,0.018120008,0.010609170,0.057454606,41.256820721,0.050000000,0.062330687,0.074196406,5.407264154,0.304241107,44.429493244,0,22,21,1,0.029216467,6,0,0,0,0,0,720,11,20189,75208,19396,135,1550,961321
1405,1517157371.881757975,1517157371.982597351,1,0,0,1,238.714482465,21.331869297,-8.280565323,0.030105231,0.025130177,0.991673899,0.122658174,792,543,0.685606061,0.023631258,0.016249074,0.009804602,0.063142206,38.710702891,0.050000000,0.062005694,0.082692662,5.513953906,0.339994063,44.238638515,0,23,23,0,0.029040404,0,0,0,0,0,0,763,6,20192,75231,19396,135,1550,962084
1406,1517157371.982618093,1517157372.083396196,1,0,0,1,238.415592246,21.394231547,-8.267720472,0.027316448,0.001180820,0.993231754,0.112885343,802,546,0.680798005,0.022710914,0.013961168,0.008571638,0.054121020,41.933382143,0.050000000,0.061482246,0.093606745,5.408329115,0.293941760,44.273720914,0,11,10,1,0.013715711,4,0,0,0,0,0,783,8,20194,75242,19400,135,1550,962867
1407,1517157372.083416939,1517157372.184256315,1,0,0,1,238.124175913,21.451763799,-8.258861076,0.013859837,-0.019122581,0.986001765,0.165053784,749,516,0.688918558,0.022775500,0.013474229,0.008381625,0.056872780,40.198906527,0.050000000,0.060980352,0.100586241,5.499946964,0.338572228,44.273707381,0,21,19,2,0.028037383,5,0,0,0,0,0,719,9,20198,75263,19405,135,1550,963586
1408,1517157372.184277058,1517157372.285116196,1,0,0,1,237.851586745,21.525295626,-8.249635831,-0.008030232,-0.033853666,0.971686696,0.233697262,793,525,0.662042875,0.026003717,0.019800645,0.012021267,0.050943595,43.910667254,0.050000000,0.060387516,0.100999148,5.555828737,0.456241274,44.300455950,0,18,15,3,0.022698613,2,0,0,0,0,0,770,5,20202,75281,19407,135,1550,964356
1409,1517157372.285136938,1517157372.385976315,1,0,0,1,237.615861810,21.623927819,-8.249854744,-0.012335874,-0.035610022,0.951270143,0.306047164,822,548,0.666666667,0.031502827,0.024118589,0.013951663,0.049243782,45.707504893,0.050000000,0.059651789,0.103842081,5.597405528,0.605633421,44.643680917,0,24,24,0,0.029197080,5,0,0,0,0,0,787,11,20205,75305,19412,135,1550,965143
1410,1517157372.385997057,1517157372.486836195,1,0,0,1,237.432133121,21.733795024,-8.242685663,-0.007670971,-0.033815145,0.932566817,0.359328296,830,572,0.689156627,0.032000131,0.022738962,0.013596791,0.043529304,53.728012963,0.050000000,0.057775195,0.107824196,5.582825358,0.712523753,45.240793936,0,29,29,0,0.034939759,4,0,0,0,0,0,792,9,20206,75334,19416,135,1550,965935
1411,1517157372.486856937,1517157372.587696314,1,0,0,1,237.273517804,21.855255824,-8.232066327,-0.013437871,-0.027942695,0.918423798,0.394380980,848,573,0.675707547,0.029532532,0.020896190,0.012311116,0.055134256,45.869076619,0.050000000,0.057790134,0.108251012,5.542122195,0.787517897,44.839061117,0,21,21,0,0.024764151,4,0,0,0,0,0,819,8,20210,75355,19420,135,1550,966754
1412,1517157372.688576937,1517157372.789416313,1,0,0,1,237.025947372,22.118070055,-8.225079566,-0.000412293,-0.019447176,0.905321488,0.424281323,922,652,0.707158351,0.036315552,0.030526395,0.014857060,0.056085105,43.726737372,0.050000000,0.056950105,0.124320371,5.657258560,0.850559746,44.844072497,0,27,27,0,0.029284165,1,0,0,0,0,0,891,4,20214,75382,19421,135,1550,967645
1413,1517157372.789437056,1517157372.890276194,1,0,0,1,236.915856863,22.261193837,-8.224511322,0.011857437,-0.014882564,0.899562801,0.436376761,905,649,0.717127072,0.028026988,0.022839908,0.014108404,0.053330861,46.053295687,0.050000000,0.056849263,0.124159751,5.573662163,0.875853996,44.813454691,0,31,29,2,0.034254144,5,0,0,0,0,0,865,9,20216,75413,19426,135,1550,968510
1414,1517157372.890296936,1517157372.991136312,1,0,0,1,236.796214174,22.405674345,-8.218904257,0.021712852,-0.008039968,0.898012510,0.439360266,854,587,0.687353630,0.022434269,0.017144681,0.010992663,0.055200542,41.656753368,0.050000000,0.055308738,0.133087367,5.500014587,0.882686419,45.102419787,0,19,17,2,0.022248244,1,0,0,0,0,0,831,4,20218,75432,19427,135,1550,969341
1415,1517157372.991157055,1517157373.091934204,1,0,0,1,236.700542037,22.538785410,-8.224146052,0.030876643,0.018753584,0.914456746,0.403067979,855,599,0.700584795,0.027066779,0.021802232,0.013873566,0.047951123,48.317306884,0.050000000,0.054194466,0.133556369,5.395446444,0.961003670,45.503258192,0,19,19,0,0.022222222,4,0,0,0,0,0,831,5,20221,75451,19431,135,1550,970172
1416,1517157373.091954947,1517157373.192794323,1,0,0,1,236.579115410,22.661887620,-8.224891679,0.037005015,0.029121519,0.932815362,0.357264700,812,559,0.688423645,0.033980081,0.029947059,0.016448086,0.049388679,46.213469847,0.050000000,0.053200070,0.137129278,5.290712507,1.056503820,45.706542517,0,25,25,0,0.030788177,5,0,0,0,0,0,781,6,20222,75476,19436,135,1550,970953
1417,1517157373.192816019,1517157373.293654203,1,0,0,1,236.437349276,22.771275629,-8.221491140,0.038169798,0.028917034,0.947523683,0.316078696,754,526,0.697612732,0.025287342,0.018150613,0.012794334,0.050596412,39.687572045,0.050000000,0.052887877,0.140123696,5.188008480,1.139167367,45.366864602,0,16,15,1,0.021220159,5,0,0,0,0,0,733,5,20226,75492,19441,135,1550,971686
1418,1517157373.293675900,1517157373.394515276,1,0,0,1,236.285345798,22.859801558,-8.218189998,0.038116728,0.023813213,0.957380730,0.285310680,730,487,0.667123288,0.026989194,0.019386507,0.011318385,0.044202981,51.268661633,0.000000000,0.053207030,0.137451629,5.072802353,1.198597642,45.100684553,0,17,17,0,0.023287671,3,0,0,0,0,0,710,3,20228,75509,19444,135,1550,972396
1419,1517157373.394536018,1517157373.495375395,1,0,0,1,236.129919412,22.950247732,-8.208960722,0.040099688,0.021519471,0.963222854,0.264821940,785,544,0.692993631,0.028706679,0.019837035,0.013060668,0.051920185,47.931341199,0.000000000,0.053256109,0.131633209,4.970668347,1.237811862,45.058039050,0,15,14,1,0.019108280,2,0,0,0,0,0,767,3,20229,75524,19446,135,1550,973163
1420,1517157373.495395899,1517157373.596235275,1,0,0,1,235.966509032,23.034540966,-8.205763216,0.041132011,0.013743361,0.967370700,0.249626133,783,525,0.670498084,0.025784620,0.019890930,0.011415102,0.041261975,52.988927346,0.000000000,0.053080450,0.133141079,4.860465230,1.267144134,44.893852487,0,20,20,0,0.025542784,1,0,0,0,0,0,761,2,20230,75544,19447,135,1550,973924
1421,1517157373.596256018,1517157373.697095394,1,0,0,1,235.802402029,23.114731743,-8.190532030,0.043644947,0.016543564,0.969335753,0.241266712,768,537,0.699218750,0.028941954,0.021358277,0.012793567,0.064734308,42.372554922,0.000000000,0.053880134,0.133085980,4.445683706,1.279189705,44.526911305,0,15,13,2,0.019531250,2,0,0,0,0,0,751,2,20234,75559,19449,135,1550,974675
1422,1517157373.797976017,1517157373.898815393,1,0,0,1,235.465167758,23.276078804,-8.179338936,0.046799859,0.011093642,0.970663766,0.235581319,758,534,0.704485488,0.029998560,0.021401907,0.013332452,0.048008703,46.722111548,0.000000000,0.053084689,0.132378490,4.505111105,1.290042459,44.893372246,0,22,20,2,0.029023747,2,0,0,0,0,0,734,2,20240,75581,19451,135,1550,975409
1423,1517157373.999696016,1517157374.100474358,1,1,1,1,235.145806966,23.432623328,-8.169506780,0.049742412,0.009137898,0.972275826,0.228302231,770,519,0.674025974,0.034732364,0.027587033,0.015553489,0.037949848,60.298615870,0.050000000,0.051553613,0.140465740,4.553031490,1.246693254,45.927621087,1,20,20,0,0.025974026,7,9,0,0,1,0,734,16,20241,75601,19467,135,1550,976143
1424,1517157374.100495100,1517157374.201334238,1,0,0,1,234.978156906,23.509782474,-8.168933702,0.051145320,0.008796984,0.973893458,0.220993896,805,554,0.688198758,0.036537455,0.030002476,0.016592987,0.049107887,52.841441517,0.050000000,0.051136277,0.150989332,4.437966145,1.166615753,46.506852127,0,31,30,1,0.038509317,9,0,0,0,0,0,765,9,20244,75632,19476,135,1550,976908
1425,1517157374.201354980,1517157374.302194357,1,0,0,1,234.808068419,23.584195743,-8.161358080,0.049472978,0.006856154,0.975240686,0.215432174,800,531,0.663750000,0.030179022,0.023612432,0.013385652,0.047108559,55.294791459,0.050000000,0.050334595,0.144217363,4.318177898,1.157262189,47.336056555,0,23,23,0,0.028750000,9,0,0,0,0,0,768,9,20245,75655,19485,135,1550,977676
1426,1517157374.302215099,1517157374.403054237,1,0,0,1,234.635369453,23.655645752,-8.155382792,0.051963296,0.005913290,0.976499513,0.209077855,772,538,0.696891192,0.033152057,0.026740611,0.015772896,0.042796966,54.128024317,0.050000000,0.049768392,0.136026158,4.207995955,1.065613953,47.945788664,0,22,22,0,0.028497409,5,0,0,0,0,0,745,5,20246,75677,19490,135,1550,978421
1427,1517157374.403074980,1517157374.503914356,1,0,0,1,234.457294021,23.727757801,-8.149969675,0.050124846,0.004676264,0.976358296,0.210214437,783,543,0.693486590,0.031862725,0.023877787,0.014058848,0.051825981,51.788698851,0.050000000,0.049516052,0.124536754,4.117711141,0.926817384,48.525278280,0,21,18,3,0.026819923,6,0,0,0,0,0,756,6,20251,75698,19496,135,1550,979177
1428,1517157374.503935099,1517157374.604774237,1,1,1,1,234.272102253,23.802876388,-8.144468365,0.048986981,0.004611736,0.975936378,0.212431621,765,537,0.701960784,0.028754010,0.022229060,0.013342884,0.038280330,53.608624575,0.100000000,0.048882889,0.120687588,4.062105684,0.780726456,49.010176146,1,4,3,1,0.005228758,8,7,0,0,0,0,746,15,20252,75702,19511,135,1550,979923
1429,1517157374.604794979,1517157374.705634356,1,0,0,1,234.070686888,23.888114583,-8.131738974,0.041454198,0.003758783,0.975788376,0.214719508,799,557,0.697121402,0.029575354,0.021470406,0.012834416,0.050845095,46.037747351,0.100000000,0.048962955,0.120633909,4.066992471,0.672240356,49.026688269,0,27,27,0,0.033792240,5,0,0,0,0,0,767,5,20255,75729,19516,135,1550,980690
1430,1517157374.705655098,1517157374.806494236,1,1,1,1,233.878503162,23.971514219,-8.126895694,0.042871188,0.007337150,0.975690700,0.214792658,802,561,0.699501247,0.028841570,0.019773325,0.012764214,0.037001093,58.199384518,0.150000000,0.048636544,0.120528546,4.076487273,0.596681609,49.250256846,1,12,12,0,0.014962594,5,15,0,0,0,0,770,20,20255,75741,19536,135,1550,981460
1431,1517157374.806514978,1517157374.907354355,1,0,0,1,233.674189203,24.061828068,-8.127948709,0.049682980,0.006999788,0.975103231,0.216000681,798,556,0.696741855,0.031630773,0.026689530,0.015125250,0.042771620,55.364335031,0.150000000,0.048018413,0.120780813,3.938749608,0.534682017,49.725019767,0,23,22,1,0.028822055,4,0,0,0,0,0,771,4,20257,75764,19540,135,1550,982231
1432,1517157374.907375097,1517157375.008153200,1,0,0,1,233.464242586,24.155776376,-8.124028780,0.055522580,0.002721290,0.974722203,0.216394234,784,552,0.704081633,0.031083653,0.024574809,0.012904682,0.040999729,54.580249000,0.150000000,0.047264144,0.111961388,3.988223809,0.508745505,50.267695348,0,26,26,0,0.033163265,3,0,0,0,0,0,755,3,20256,75790,19543,135,1550,982986
1433,1517157375.008173943,1517157375.109013319,1,0,0,1,233.259220075,24.246553993,-8.111697579,0.054024268,0.002317025,0.974941829,0.215787953,787,557,0.707750953,0.027087231,0.019637646,0.012445153,0.042206411,50.747630699,0.150000000,0.046707921,0.113135574,4.025112008,0.503033287,50.502412099,0,22,22,0,0.027954257,8,0,0,0,0,0,757,8,20255,75812,19551,135,1550,983743
1434,1517157375.109034061,1517157375.209873199,1,1,1,1,233.039044658,24.341973515,-8.099177082,0.054109779,0.002534426,0.974414689,0.218132350,791,566,0.715549937,0.032106118,0.025404148,0.014129165,0.039554127,56.681133766,0.200000000,0.045925600,0.098061132,4.101391406,0.429276927,51.253631119,1,15,15,0,0.018963338,5,13,0,0,0,0,758,18,20255,75827,19569,135,1550,984501
1435,1517157375.209893942,1517157375.310733318,1,1,1,1,232.817917595,24.443103544,-8.092065815,0.052096306,-0.001526293,0.974305062,0.219119354,771,560,0.726329442,0.028874123,0.021738044,0.013303929,0.039053535,54.785713093,0.250000000,0.045480721,0.095523718,4.171736925,0.332718653,51.577051429,2,16,16,0,0.020752270,5,10,0,0,0,0,740,15,20255,75843,19584,135,1550,985241
1436,1517157375.310755014,1517157375.411593199,1,0,0,1,232.598656646,24.543234001,-8.086402604,0.049699369,-0.001001910,0.973745573,0.222145285,804,600,0.746268657,0.030187402,0.022178339,0.013091491,0.050707474,50.491579877,0.250000000,0.045546661,0.091704611,4.233751142,0.251453314,51.790956931,0,26,25,1,0.032338308,7,0,0,0,0,0,771,7,20258,75869,19591,135,1550,986012
1437,1517157375.411614895,1517157375.512453318,1,1,1,1,232.375277419,24.642437896,-8.078852754,0.047373004,-0.002905105,0.973691055,0.222874603,772,554,0.717616580,0.027614723,0.020135404,0.011995502,0.039784363,56.195186252,0.300000000,0.045006058,0.086117680,4.302350699,0.187821104,52.616337641,1,18,18,0,0.023316062,5,6,0,0,0,0,743,11,20258,75887,19602,135,1550,986755
1438,1517157375.512475014,1517157375.613314390,1,0,0,1,232.142884155,24.750720161,-8.072893405,0.047751268,0.000112127,0.973576766,0.223311631,786,558,0.709923664,0.028911862,0.022906009,0.013126487,0.049080731,58.524243652,0.300000000,0.045249946,0.083066410,4.378737828,0.146415221,52.979116742,0,15,15,0,0.019083969,5,0,0,0,0,0,766,5,20260,75902,19607,135,1550,987521
1439,1517157375.613334894,1517157375.714174271,1,1,1,1,231.896473436,24.860037376,-8.065280556,0.047795613,-0.001589754,0.973134252,0.225217185,773,549,0.710219922,0.029287184,0.021567387,0.013069579,0.035585297,63.827625737,0.350000000,0.044433202,0.082509446,4.464518111,0.118308065,53.773930969,1,18,18,0,0.023285899,7,6,0,0,0,0,742,13,20261,75920,19620,135,1550,988263
1440,1517157375.714195013,1517157375.815034389,1,0,0,1,231.648158031,24.974586861,-8.067278223,0.043892923,0.003081700,0.973293450,0.225308177,779,561,0.720154044,0.030805657,0.023635882,0.012623100,0.046320218,49.900211025,0.350000000,0.044686114,0.074633015,4.554702885,0.101768696,53.619495153,0,29,28,1,0.037227214,3,0,0,0,0,0,747,3,20262,75949,19623,135,1550,989010
1441,1517157375.815054893,1517157375.915894270,1,0,0,1,231.394504088,25.089404367,-8.058907517,0.042404098,0.000924750,0.972626403,0.228470825,798,574,0.719298246,0.028276291,0.022085799,0.012724593,0.047107917,53.542179352,0.350000000,0.043804794,0.075612060,4.459246713,0.096163639,54.177976374,0,37,37,0,0.046365915,4,0,0,0,0,0,757,4,20265,75986,19627,135,1550,989767
1442,1517157376.016724110,1517157376.117563248,1,0,0,1,230.886616846,25.330922362,-8.051194814,0.050275678,0.004886311,0.971822365,0.230238511,801,576,0.719101124,0.033364633,0.027321444,0.014834672,0.048621987,56.174840348,0.350000000,0.043835458,0.077826426,4.665886961,0.085755971,54.650612814,0,29,27,2,0.036204744,5,0,0,0,0,0,767,5,20268,76015,19632,135,1550,990534
1443,1517157376.117583990,1517157376.218423367,1,0,0,1,230.629477196,25.452850705,-8.040444494,0.050109060,0.005957932,0.973883460,0.221369809,790,575,0.727848101,0.029810459,0.022519993,0.011960108,0.041393947,63.856780557,0.300000000,0.044007663,0.072267309,4.766118040,0.088983495,54.828521049,0,20,19,1,0.025316456,6,0,0,0,0,0,764,6,20271,76035,19638,135,1550,991298
1444,1517157376.218444109,1517157376.319283247,1,0,0,1,230.354019850,25.575420909,-8.036746757,0.051984028,0.012097233,0.978285058,0.200273968,807,571,0.707558860,0.032363762,0.026246444,0.013782075,0.042573048,64.551684630,0.300000000,0.043680921,0.058230950,4.881828770,0.119845631,55.414033204,0,20,18,2,0.024783147,8,0,0,0,0,0,779,8,20274,76055,19646,135,1550,992077
1445,1517157376.319303989,1517157376.420143366,1,0,0,1,230.067339185,25.687295944,-8.023522089,0.049434900,0.015147078,0.984102944,0.169906306,825,588,0.712727273,0.029553994,0.023862117,0.013546873,0.049069704,53.914688051,0.300000000,0.043778979,0.058471578,5.002858132,0.168837945,55.345028034,0,27,26,1,0.032727273,6,0,0,0,0,0,792,6,20278,76082,19652,135,1550,992869
1446,1517157376.420164108,1517157376.521003246,1,1,1,1,229.788521800,25.789247087,-8.012707120,0.047626174,0.007740980,0.983221390,0.175919081,817,589,0.720930233,0.032696753,0.026025151,0.014114012,0.039323848,61.497712970,0.350000000,0.043605323,0.057312967,5.107728754,0.178219504,55.713512467,1,20,19,1,0.024479804,10,8,0,0,0,0,779,18,20279,76102,19670,135,1550,993648
1447,1517157376.521023989,1517157376.621863365,1,0,0,1,229.502705554,25.884443735,-8.004658163,0.043314615,0.000825280,0.980616402,0.191088031,800,586,0.732500000,0.027814505,0.021793351,0.012393392,0.045065015,58.622428431,0.350000000,0.043267274,0.058457495,5.209166564,0.203875867,56.055198946,0,16,16,0,0.020000000,7,0,0,0,0,0,777,7,20280,76118,19677,135,1550,994425
1448,1517157376.621884108,1517157376.722723246,1,0,0,1,229.229998923,25.981527134,-7.997133989,0.048507107,0.001729075,0.979222232,0.196895638,805,590,0.732919255,0.027438876,0.021989256,0.011672289,0.058211391,48.771188730,0.300000000,0.044263827,0.060812220,5.279657135,0.211984984,55.813327153,0,20,19,1,0.024844720,7,0,0,0,0,0,778,7,20284,76138,19684,135,1550,995203
1449,1517157376.722743988,1517157376.823583364,1,0,0,1,228.941814462,26.090971295,-7.988176723,0.047394647,0.000230252,0.979586074,0.195358180,803,576,0.717310087,0.028705565,0.022903131,0.011117359,0.041007276,60.694088950,0.300000000,0.043771936,0.061463580,5.378498281,0.214820640,56.546144233,0,24,24,0,0.029887920,3,0,0,0,0,0,776,3,20285,76162,19687,135,1550,995979
1450,1517157376.823604107,1517157376.924443245,1,0,0,1,228.648991634,26.202918654,-7.978545040,0.046745889,0.005070878,0.980149404,0.192603880,794,578,0.727959698,0.028578786,0.023435088,0.012313855,0.040093152,64.806586168,0.250000000,0.043926539,0.061756052,5.468751184,0.217123483,56.876504316,0,20,19,1,0.025188917,5,0,0,0,0,0,769,5,20286,76182,19692,135,1550,996748
1451,1517157376.924463987,1517157377.025233269,1,0,0,1,228.362825965,26.308595545,-7.969856753,0.047815426,-0.001611235,0.980111534,0.192594057,795,578,0.727044025,0.030100111,0.023208900,0.013388883,0.049930840,55.046195377,0.250000000,0.044284500,0.060365859,5.543887821,0.216805007,56.860597333,0,18,16,2,0.022641509,3,0,0,0,0,0,774,3,20289,76200,19695,135,1550,997522
1452,1517157377.126113892,1517157377.226953268,1,0,0,1,227.772662420,26.525374777,-7.953072209,0.050001981,-0.000556757,0.979804189,0.193605897,813,562,0.691266913,0.028990092,0.023909437,0.013389509,0.046282546,58.405997916,0.250000000,0.044548641,0.059874026,5.948270496,0.217690078,57.051884779,0,19,19,0,0.023370234,4,0,0,0,0,0,790,4,20290,76219,19699,135,1550,998312
1453,1517157377.226974010,1517157377.327813387,1,0,0,1,227.475239716,26.642213897,-7.950346792,0.041290707,0.001622101,0.980297215,0.193157489,807,568,0.703841388,0.029576116,0.024465759,0.013695279,0.040807097,60.550313661,0.250000000,0.044478676,0.056328452,6.027542124,0.214042998,57.542018927,0,16,16,0,0.019826518,6,0,0,0,0,0,785,6,20291,76235,19705,135,1550,999097
1454,1517157377.327833891,1517157377.428673267,1,0,0,1,227.175270234,26.752855976,-7.940883508,0.041039447,-0.001674516,0.980556226,0.191891759,785,570,0.726114650,0.026201058,0.021032626,0.013128089,0.045330651,51.766387425,0.200000000,0.044767502,0.059532820,6.104146837,0.215395360,57.296281610,0,18,18,0,0.022929936,5,0,0,0,0,0,762,5,20292,76253,19710,135,1550,999859
1455,1517157377.428694963,1517157377.529533386,1,0,0,1,226.871402439,26.871573519,-7.939188930,0.045233125,0.001869741,0.980304562,0.192232761,812,580,0.714285714,0.030801509,0.023764342,0.015216616,0.051231291,55.452955101,0.150000000,0.045376390,0.059952895,6.189277582,0.210464904,57.329643710,0,28,28,0,0.034482759,6,0,0,0,0,0,778,6,20294,76281,19716,135,1550,1000637
1456,1517157377.529555082,1517157377.630393267,1,0,0,1,226.566456816,26.990396915,-7.929356663,0.050727240,0.000393178,0.979943913,0.192708378,828,606,0.731884058,0.031215869,0.024240612,0.014271652,0.042529326,60.776488497,0.150000000,0.044967482,0.060938700,6.272169534,0.210433031,57.843889141,0,26,25,1,0.031400966,8,0,0,0,0,0,794,8,20298,76307,19724,135,1550,1001431
1457,1517157377.630414963,1517157377.731254339,1,1,1,1,226.265495793,27.103818473,-7.918285699,0.051147197,-0.001391905,0.979382761,0.195426289,806,556,0.689826303,0.030455839,0.023967089,0.015142940,0.033313511,62.728363956,0.150000000,0.044643940,0.058926205,6.337532855,0.214666659,58.170548027,1,5,5,0,0.006203474,5,13,0,0,0,0,783,18,20298,76312,19742,135,1550,1002214
1458,1517157377.731275082,1517157377.832114220,1,1,1,1,225.964706364,27.220299417,-7.904587627,0.044759007,-0.006646801,0.979009051,0.198730294,816,578,0.708333333,0.033013309,0.025384151,0.016273101,0.037300444,67.339786652,0.200000000,0.044054925,0.062718052,6.390700725,0.216861513,58.611325177,2,22,22,0,0.026960784,11,7,0,0,0,0,776,18,20298,76334,19760,135,1550,1002990
1459,1517157377.832134962,1517157377.932974339,1,0,0,1,225.656216748,27.345263054,-7.893770309,0.037462019,-0.014189640,0.972289476,0.230322441,808,576,0.712871287,0.033879725,0.026784977,0.016848988,0.040464117,55.265609004,0.150000000,0.044298866,0.068104840,6.450244889,0.280565407,58.183224340,0,27,24,3,0.033415842,6,0,0,0,0,0,775,6,20302,76361,19766,135,1550,1003765
1460,1517157377.932995081,1517157378.033771276,1,1,1,1,225.355488004,27.476127337,-7.887010543,0.035000243,-0.021129805,0.962472863,0.268280641,838,599,0.714797136,0.029466822,0.022234219,0.014098958,0.036888419,57.957068081,0.200000000,0.043827276,0.068269673,6.499726883,0.352342106,58.586067193,1,17,16,1,0.020286396,6,12,0,0,0,0,803,18,20303,76378,19784,135,1550,1004568
1461,1517157378.033792019,1517157378.134631395,1,1,1,1,225.061618463,27.627400731,-7.885189430,0.023966344,-0.022578338,0.954857887,0.295232532,875,633,0.723428571,0.028357097,0.021532308,0.014637204,0.038676112,60.650140599,0.250000000,0.043405686,0.068142937,6.267810108,0.403890353,58.941465255,2,16,15,1,0.018285714,8,13,0,0,0,0,838,21,20304,76394,19805,135,1550,1005406
1462,1517157378.235512018,1517157378.336351395,1,1,1,1,224.510815794,27.976939864,-7.887832355,0.031601973,0.008960484,0.960834291,0.275169930,855,598,0.699415205,0.032789422,0.027205640,0.013758452,0.036875753,57.985294497,0.300000000,0.042818374,0.066809605,6.635380279,0.425767681,59.031987963,3,18,18,0,0.021052632,4,12,0,0,0,0,821,16,20304,76412,19821,135,1550,1006227
1463,1517157378.336371899,1517157378.437211275,1,1,1,1,224.239934744,28.158314863,-7.881157161,0.043157916,0.010984717,0.964982991,0.258504462,834,604,0.724220624,0.032382592,0.025007342,0.015218099,0.033096700,59.152824573,0.350000000,0.042403512,0.068489897,6.659925395,0.416798827,58.796790163,4,14,12,2,0.016786571,7,10,0,0,0,0,803,17,20306,76426,19838,135,1550,1007030
1464,1517157378.437232018,1517157378.538071394,1,0,0,1,223.967755688,28.322596686,-7.867963025,0.041573490,0.005524186,0.962711059,0.267261193,838,621,0.741050119,0.031471446,0.023458241,0.015173176,0.042430906,55.048442148,0.350000000,0.042396405,0.067350592,6.670093435,0.372547029,58.321628039,0,30,30,0,0.035799523,8,0,0,0,0,0,800,8,20307,76456,19846,135,1550,1007830
1465,1517157378.538091898,1517157378.638931274,1,0,0,1,223.679561339,28.491125571,-7.858396156,0.045303214,0.002428932,0.959319323,0.278654185,863,615,0.712630359,0.032437318,0.023152856,0.015000724,0.041007202,57.831959870,0.350000000,0.041993280,0.068760719,6.707014455,0.384891373,58.517491630,0,24,22,2,0.027809965,6,0,0,0,0,0,833,6,20308,76480,19852,135,1550,1008663
1466,1517157378.638952017,1517157378.739791393,1,1,1,1,223.391162526,28.660118849,-7.838165223,0.044045644,0.002152209,0.960406823,0.275089230,843,615,0.729537367,0.030587122,0.021748550,0.014943482,0.036338387,60.657636114,0.350000000,0.041844007,0.066656544,6.740529954,0.362328312,58.475487787,1,16,16,0,0.018979834,10,6,0,0,0,0,811,16,20309,76496,19868,135,1550,1009474
1467,1517157378.739811897,1517157378.840651274,1,1,1,1,223.104311060,28.832661131,-7.835997134,0.046356597,0.004973578,0.961402768,0.271166088,854,609,0.713114754,0.033607272,0.025229704,0.016330148,0.031864316,67.336491559,0.400000000,0.041183972,0.067667109,6.785712690,0.357866655,58.911190944,2,20,20,0,0.023419204,7,12,0,0,0,0,815,19,20308,76516,19887,135,1550,1010289
1468,1517157378.840672016,1517157378.941511393,1,0,0,1,222.811611295,29.001669866,-7.824722228,0.042552231,0.002140857,0.962154071,0.269154729,850,624,0.734117647,0.033623599,0.023725496,0.015894291,0.041393485,60.878743636,0.400000000,0.040343077,0.066371622,6.815493770,0.359218673,59.516568689,0,23,21,2,0.027058824,12,0,0,0,0,0,815,12,20310,76539,19899,135,1550,1011104
1469,1517157378.941531897,1517157379.042311192,1,1,1,1,222.519255132,29.169949012,-7.821453139,0.042609925,0.006627408,0.962230030,0.268800746,847,627,0.740259740,0.032670416,0.024707553,0.016491605,0.034819397,64.841819914,0.450000000,0.040033683,0.065245983,6.839197117,0.354379631,59.723955237,1,21,21,0,0.024793388,9,8,0,0,0,0,809,17,20311,76560,19916,135,1550,1011913
1470,1517157379.042331934,1517157379.143171310,1,0,0,1,222.231055268,29.328908687,-7.814927648,0.042758109,0.009052097,0.967631949,0.248552237,840,632,0.752380952,0.030687949,0.022731279,0.013601518,0.041925732,55.417172612,0.450000000,0.040125312,0.062584264,6.863214547,0.395673308,59.254484560,0,15,13,2,0.017857143,8,0,0,0,0,0,817,8,20313,76575,19924,135,1550,1012730
1471,1517157379.143192053,1517157379.244031191,1,0,0,1,221.940915547,29.482820576,-7.808671981,0.044440654,0.011906005,0.972065340,0.230157014,834,588,0.705035971,0.032832603,0.025530145,0.015961227,0.041660910,55.102223190,0.450000000,0.039711815,0.062941241,6.562767750,0.431020357,59.257285950,0,30,28,2,0.035971223,7,0,0,0,0,0,797,7,20318,76605,19931,135,1550,1013527
1472,1517157379.344912052,1517157379.445751190,1,0,0,1,221.332487472,29.769015347,-7.791206389,0.039949040,0.011328677,0.978074865,0.204071784,834,598,0.717026379,0.030699906,0.022424413,0.014778629,0.050094707,49.601151900,0.450000000,0.039902423,0.060725155,6.915811801,0.483759072,58.817043649,0,18,18,0,0.021582734,9,0,0,0,0,0,807,9,20320,76623,19940,135,1550,1014334
1473,1517157379.445771933,1517157379.546611309,1,0,0,1,221.022620455,29.903529270,-7.791207152,0.042384867,0.011312339,0.975515476,0.215511278,844,609,0.721563981,0.034539659,0.023878853,0.014956594,0.045375360,55.561564601,0.450000000,0.040130836,0.062660319,6.933751933,0.504531402,58.567606196,0,32,32,0,0.037914692,11,0,0,0,0,0,801,11,20320,76655,19951,135,1550,1015135
1474,1517157379.546632051,1517157379.647471189,1,0,0,1,220.706441404,30.039707764,-7.775336297,0.039416074,0.005688050,0.973487984,0.225244675,834,608,0.729016787,0.034499875,0.026373643,0.015346403,0.049566078,53.564740710,0.450000000,0.040342608,0.051533949,6.952136139,0.522737124,58.657523861,0,35,35,0,0.041966427,11,0,0,0,0,0,788,11,20321,76690,19962,135,1550,1015923
1475,1517157379.647492886,1517157379.748331308,1,0,0,1,220.397235632,30.176601347,-7.765770370,0.041490658,0.008838120,0.973185735,0.226075074,829,587,0.708082027,0.031193551,0.024742284,0.014762599,0.049491685,50.972113446,0.450000000,0.040255627,0.051124896,6.962999744,0.523647565,58.433481778,0,21,20,1,0.025331725,5,0,0,0,0,0,803,5,20322,76711,19967,135,1550,1016726
1476,1517157379.748353004,1517157379.849192381,1,0,0,1,220.092245540,30.316213806,-7.760390572,0.040593281,0.005228070,0.974246399,0.221740404,825,589,0.713939394,0.028502297,0.021972331,0.013247834,0.045743742,51.145509871,0.450000000,0.040416348,0.056523185,6.976654405,0.527461712,57.951932847,0,20,19,1,0.024242424,6,0,0,0,0,0,799,6,20324,76731,19973,135,1550,1017525
1477,1517157379.849212885,1517157379.950052261,1,0,0,1,219.790893832,30.456496906,-7.748774353,0.035867080,0.004509220,0.974440529,0.221718008,860,599,0.696511628,0.032633456,0.025322379,0.015474581,0.044455666,54.584503119,0.400000000,0.040973456,0.055580543,6.986414693,0.521863486,57.544739805,0,19,19,0,0.022093023,4,0,0,0,0,0,837,4,20323,76750,19977,135,1550,1018362
1478,1517157379.950073004,1517157380.050851345,1,0,0,1,219.479366504,30.599581527,-7.740080003,0.037215810,0.004072700,0.974691072,0.220398983,846,593,0.700945626,0.031734569,0.023743834,0.014693203,0.042185505,56.891117345,0.350000000,0.041217709,0.055225792,6.996325786,0.460496680,57.022306339,0,21,21,0,0.024822695,7,0,0,0,0,0,818,7,20323,76771,19984,135,1550,1019180
1479,1517157380.050872087,1517157380.151711226,1,1,1,1,219.182145352,30.735804355,-7.731460829,0.038559167,0.000714848,0.974477583,0.221147283,838,588,0.701670644,0.030839096,0.024354280,0.014917439,0.039754252,57.844361733,0.400000000,0.041182216,0.054100880,6.995352549,0.383850599,57.151243976,1,15,15,0,0.017899761,9,12,0,0,0,0,802,21,20323,76786,20005,135,1550,1019982
1480,1517157380.151731968,1517157380.252571344,1,0,0,1,218.888856705,30.867429317,-7.729987365,0.037358178,0.001306881,0.974697626,0.220379665,827,565,0.683192261,0.028934371,0.022312982,0.014627425,0.041785872,53.413075031,0.350000000,0.041427088,0.055382563,6.986302323,0.329391125,56.924044323,0,18,16,2,0.021765417,5,0,0,0,0,0,804,5,20325,76804,20010,135,1550,1020786
1481,1517157380.252592087,1517157380.353431225,1,1,1,1,218.618783694,31.040449798,-7.782724036,0.051076007,0.038423051,0.973615977,0.219058986,833,566,0.679471789,0.104850478,0.079980163,0.050427166,0.026321467,70.316714419,0.350000000,0.040809356,0.448919889,6.658995187,0.290579038,57.407373014,1,37,37,0,0.044417767,69,61,0,0,0,0,666,130,20327,76841,20140,135,1550,1021452
1482,1517157380.454312086,1517157380.555151224,1,0,0,1,218.037188383,31.282226088,-7.738629781,0.037003896,0.069005158,0.980141341,0.182186584,966,658,0.681159420,0.031582001,0.025700806,0.014022797,0.053795988,47.853465121,0.300000000,0.041655368,0.450040463,6.964320672,0.332498795,56.900781546,0,34,34,0,0.035196687,4,0,0,0,0,0,928,4,20330,76875,20144,135,1550,1022380
1483,1517157380.555171967,1517157380.656011343,1,1,1,1,217.763932305,31.408895807,-7.691668590,0.054391155,0.087896077,0.979097180,0.175170183,957,645,0.673981191,0.030607557,0.023921480,0.014717635,0.036770255,55.350788433,0.300000000,0.041839046,0.451790682,6.950958911,0.324515710,56.710679739,1,13,13,0,0.013584117,10,17,0,0,0,0,917,27,20331,76888,20171,135,1550,1023297
1484,1517157380.656032085,1517157380.756871223,1,1,1,1,217.492942313,31.530778748,-7.659391338,0.058277477,0.090113598,0.978283269,0.177327721,964,667,0.691908714,0.033970511,0.026198567,0.015030535,0.039020383,57.116817850,0.350000000,0.041668520,0.449594481,6.915854663,0.306134712,56.814098524,2,16,16,0,0.016597510,6,9,0,0,0,0,933,15,20331,76904,20186,135,1550,1024230
1485,1517157380.756891966,1517157380.857731342,1,0,0,1,217.233875986,31.638162735,-7.647151320,0.065153508,0.079509951,0.977888830,0.182117062,954,670,0.702306080,0.032009678,0.023057746,0.013678610,0.047594894,52.299911038,0.350000000,0.041997904,0.449989932,6.861685868,0.308950913,56.537496082,0,35,34,1,0.036687631,5,0,0,0,0,0,914,5,20331,76939,20191,135,1550,1025144
1486,1517157380.857752085,1517157380.958591223,1,1,1,1,216.985600597,31.746713758,-7.583360895,0.085717667,0.070303629,0.975588905,0.189568376,922,631,0.684381779,0.042083139,0.032914603,0.018012570,0.032399413,62.603103611,0.350000000,0.041800955,0.443340926,6.805309295,0.319994351,56.634769457,1,12,12,0,0.013015184,15,22,0,0,0,0,873,37,20331,76951,20228,135,1550,1026017
1487,1517157380.958611965,1517157381.059390306,1,1,1,1,216.704183711,31.866496508,-7.579266139,-0.010520133,0.076395768,0.975403883,0.206495226,967,637,0.658738366,0.032132744,0.023967435,0.013188195,0.037932872,58.926442974,0.350000000,0.042104383,0.444656723,6.773007506,0.332709866,56.214267028,2,16,16,0,0.016546019,7,27,0,0,0,0,917,34,20331,76967,20262,135,1550,1026934
1488,1517157381.059411049,1517157381.160250187,1,1,1,1,216.435378393,31.953991641,-7.587801195,-0.033364107,0.044314636,0.979848586,0.191884854,841,583,0.693222354,0.040197637,0.035244779,0.018085294,0.036491937,57.746192577,0.400000000,0.041859306,0.441040137,6.718479326,0.362046882,56.057639475,3,19,19,0,0.022592152,8,13,0,0,0,0,801,21,20330,76986,20283,135,1550,1027735
1489,1517157381.160270929,1517157381.261110306,1,1,1,1,216.200003257,32.043273700,-7.603303601,0.020190361,0.033428688,0.984783600,0.169340290,852,607,0.712441315,0.027341575,0.021193795,0.012780113,0.036208965,56.777769607,0.400000000,0.041928784,0.447150360,6.641499760,0.362291482,55.654436959,4,11,11,0,0.012910798,7,9,0,0,0,0,825,16,20331,76997,20299,135,1550,1028560
1490,1517157381.261131048,1517157381.361970186,1,0,0,1,215.943599219,32.124169972,-7.602467306,0.044255646,0.011246781,0.983742341,0.173683487,853,590,0.691676436,0.029439398,0.023016675,0.013363870,0.046268383,52.681930411,0.400000000,0.042145917,0.448568611,6.581868776,0.334114071,55.517674849,0,18,18,0,0.021101993,6,0,0,0,0,0,829,6,20333,77015,20305,135,1550,1029389
1491,1517157381.361990929,1517157381.462830305,1,1,1,1,215.692736412,32.195913776,-7.603075710,0.031217511,-0.009504586,0.981469938,0.188817083,861,588,0.682926829,0.030734917,0.020924452,0.013216937,0.030299864,64.770606029,0.450000000,0.041577864,0.450635281,6.170184829,0.308994348,56.001093991,1,14,13,1,0.016260163,9,16,0,0,0,0,822,25,20334,77029,20330,135,1550,1030211
1492,1517157381.563710928,1517157381.664550304,1,1,1,1,215.218006781,32.389078972,-7.588987771,0.024960967,-0.014149404,0.968775123,0.246275266,841,591,0.702734839,0.034288279,0.026182750,0.015184531,0.038510759,59.290409789,0.500000000,0.040998667,0.447313629,6.345098543,0.402936225,56.485556886,2,17,16,1,0.020214031,9,12,0,0,0,0,803,21,20336,77046,20351,135,1550,1031014
1493,1517157381.664571047,1517157381.765410185,1,1,1,1,214.990413364,32.508625388,-7.581956220,0.023595429,-0.014273246,0.966210787,0.256273772,855,606,0.708771930,0.032158442,0.025462997,0.014819211,0.039925127,58.358214827,0.550000000,0.040726155,0.449345730,6.257650714,0.404201379,56.625389397,3,7,6,1,0.008187135,9,14,0,0,0,0,825,23,20338,77053,20374,135,1550,1031839
1494,1517157381.765431881,1517157381.866270304,1,1,1,1,214.762745569,32.639382288,-7.575106045,0.030152202,-0.008440713,0.965723805,0.257676408,837,591,0.706093190,0.035519367,0.027028471,0.015404588,0.038397620,57.851518356,0.600000000,0.040167732,0.448622434,6.181996103,0.405481997,56.839728279,4,11,11,0,0.013142174,10,10,0,0,0,0,806,20,20338,77064,20394,135,1550,1032645
1495,1517157381.866292000,1517157381.967131376,1,1,1,1,214.527290733,32.771256515,-7.571644426,0.035211888,-0.006743292,0.967065525,0.251989923,824,576,0.699029126,0.033410324,0.025814634,0.014881592,0.028281749,68.985874090,0.650000000,0.039107236,0.446527280,6.116419126,0.407745478,57.740416311,5,17,16,1,0.020631068,7,12,0,0,0,0,788,19,20339,77081,20413,135,1550,1033433
1496,1517157381.967152119,1517157382.067930222,1,1,1,1,214.277731489,32.904194083,-7.564532067,0.035979130,-0.002998504,0.967497998,0.250288102,828,580,0.700483092,0.035355440,0.028033949,0.016580074,0.035368470,61.033699665,0.700000000,0.038588472,0.439772484,6.066660207,0.410616821,58.234825801,6,17,17,0,0.020531401,12,15,0,0,0,0,784,27,20341,77098,20440,135,1550,1034217
1497,1517157382.067950964,1517157382.168790340,1,0,0,1,214.048893472,33.024607530,-7.560839251,0.040331776,-0.004387255,0.967829534,0.248314502,832,602,0.723557692,0.033801819,0.025799900,0.016215647,0.044808842,52.420580717,0.700000000,0.038606131,0.438740516,5.982345880,0.411916017,58.126629681,0,27,27,0,0.032451923,5,0,0,0,0,0,800,5,20343,77125,20445,135,1550,1035017
1498,1517157382.168811083,1517157382.269650221,1,0,0,1,213.804730310,33.149427399,-7.564830227,0.044770839,-0.003104295,0.967468738,0.248978266,828,583,0.704106280,0.034205745,0.025555379,0.016877354,0.045028497,53.676444539,0.700000000,0.038748280,0.436496614,5.929528404,0.412256099,57.965896041,0,23,23,0,0.027777778,8,0,0,0,0,0,797,8,20345,77148,20453,135,1550,1035814
1499,1517157382.269670963,1517157382.370510340,1,1,1,1,213.556872358,33.274485749,-7.557616041,0.049123693,-0.001214173,0.967414206,0.248385067,813,568,0.698646986,0.033521202,0.025064309,0.016124235,0.033836911,60.877281851,0.700000000,0.038452413,0.433867129,5.885768646,0.411440137,58.117542047,1,11,10,1,0.013530135,10,8,0,0,0,0,784,18,20348,77159,20471,135,1550,1036598
1500,1517157382.370531082,1517157382.471370220,1,1,1,1,213.315262591,33.399002511,-7.548185249,0.050348198,0.000399311,0.967790788,0.246669599,798,585,0.733082707,0.033614098,0.025933796,0.016210276,0.037658740,58.602897569,0.750000000,0.038246057,0.428885678,5.832691690,0.413510190,58.377033174,2,18,16,2,0.022556391,8,9,0,0,0,0,763,17,20350,77177,20488,135,1550,1037361
1501,1517157382.471390963,1517157382.572230339,1,1,1,1,213.069547098,33.524379542,-7.537611836,0.053504823,-0.004686817,0.967528228,0.246990679,808,582,0.720297030,0.034302510,0.026352620,0.016674561,0.027743598,69.705007866,0.750000000,0.038317163,0.096258059,5.477358505,0.338381565,58.346447846,3,15,15,0,0.018564356,10,9,0,0,0,0,774,19,20352,77192,20507,135,1550,1038135
1502,1517157382.673110962,1517157382.773950338,1,1,1,1,212.554333960,33.788599112,-7.539301059,0.050639109,-0.002336404,0.967874305,0.246271298,819,576,0.703296703,0.036242840,0.025886870,0.016355133,0.031297623,63.784000355,0.800000000,0.037192245,0.096195272,5.751547478,0.330154000,59.142974608,4,21,20,1,0.025641026,11,12,0,0,0,0,775,23,20353,77213,20530,135,1550,1038910
1503,1517157382.773971081,1517157382.874810219,1,1,1,1,212.275417486,33.926849077,-7.529110146,0.054120953,-0.010199772,0.967182689,0.248041393,830,582,0.701204819,0.033640409,0.025170305,0.015838580,0.035546890,61.313273719,0.800000000,0.037131077,0.093394788,5.764127848,0.327877122,59.441098872,5,12,12,0,0.014457831,10,7,0,0,0,0,801,17,20353,77225,20547,135,1550,1039711
1504,1517157382.874830961,1517157382.975670338,1,1,1,1,212.006086749,34.069018901,-7.524825746,0.046842688,-0.000581131,0.967126228,0.249944563,823,572,0.695018226,0.035413239,0.025660225,0.016855438,0.031672264,63.950210381,0.800000000,0.036763671,0.093703033,5.788001828,0.321847287,59.782768499,6,20,19,1,0.024301337,8,14,0,0,0,0,781,22,20355,77245,20569,135,1550,1040492
1505,1517157382.975691080,1517157383.076468229,1,1,1,1,211.741690630,34.209820892,-7.519305824,0.048569260,-0.002619153,0.967979723,0.246271037,823,576,0.699878493,0.035804406,0.025812107,0.016487446,0.038001907,58.212303655,0.850000000,0.036284022,0.092905661,5.809227167,0.310687001,60.078388129,7,12,12,0,0.014580802,14,18,0,0,0,0,779,32,20357,77257,20601,135,1550,1041271
1506,1517157383.076488972,1517157383.177328348,1,1,1,1,211.455002673,34.359154451,-7.502575776,0.044729720,-0.002404616,0.968619755,0.244477483,814,565,0.694103194,0.031436698,0.023175870,0.015552200,0.025932319,69.929888856,0.850000000,0.035960667,0.078796908,5.827033697,0.297215914,60.444727392,8,10,10,0,0.012285012,6,11,0,0,0,0,787,17,20357,77267,20618,135,1550,1042058
1507,1517157383.177349091,1517157383.278188229,1,1,1,1,211.161096720,34.509378493,-7.486180440,0.047071222,-0.004757856,0.968486601,0.244530913,822,575,0.699513382,0.033236684,0.023386904,0.015184024,0.032612537,64.632874872,0.850000000,0.035694650,0.078065016,5.874697927,0.267522905,60.730048986,9,9,8,1,0.010948905,8,16,0,0,0,0,789,24,20358,77276,20642,135,1550,1042847
1508,1517157383.278208971,1517157383.379048347,1,1,1,1,210.859899150,34.662610477,-7.468838760,0.045054013,-0.004292189,0.967930295,0.247108595,813,577,0.709717097,0.031470448,0.024149663,0.015678008,0.039349526,55.597888286,0.850000000,0.035837530,0.066217642,5.960861217,0.230697502,60.622633772,10,10,10,0,0.012300123,10,13,0,0,0,0,780,23,20358,77286,20665,135,1550,1043627
1509,1517157383.379069090,1517157383.479908228,1,1,1,1,210.550703483,34.821683596,-7.464689052,0.043410222,-0.002743916,0.967621112,0.248631066,842,595,0.706650831,0.031744903,0.026022996,0.016655097,0.036306453,58.841376774,0.850000000,0.035842404,0.053178440,6.039737530,0.224419662,60.725814130,11,15,15,0,0.017814727,8,20,0,0,0,0,799,28,20356,77301,20693,135,1550,1044426
1510,1517157383.479928970,1517157383.580768347,1,1,2,1,210.234524731,34.982380394,-7.458583851,0.041581005,-0.001298175,0.968002003,0.247470115,829,580,0.699638118,0.031413201,0.024232904,0.014566071,0.035492890,58.092659925,0.900000000,0.035303629,0.047644348,6.133541553,0.197999806,60.996350606,12,5,5,0,0.006031363,5,12,0,9,0,0,798,26,20356,77306,20710,135,1559,1045224
1511,1517157383.580789089,1517157383.681628227,1,0,2,1,209.915508354,35.142419044,-7.455244518,0.052292045,-0.002270825,0.967403360,0.247772323,822,575,0.699513382,0.031742653,0.024340721,0.015699066,0.040624038,57.074233008,0.850000000,0.035819838,0.045314750,5.977748128,0.081691769,60.611531955,0,5,5,0,0.006082725,6,0,0,35,0,0,776,41,20354,77311,20716,135,1594,1046000
1512,1517157383.782509089,1517157383.883348227,1,1,2,1,209.264821804,35.475333897,-7.424703030,0.048865317,-0.001581613,0.967769798,0.247045134,820,587,0.715853659,0.033715122,0.025249477,0.016402804,0.028745747,66.630309858,0.850000000,0.035331587,0.045128871,6.452117005,0.062720645,60.978526958,1,5,4,1,0.006097561,5,15,0,18,0,0,777,38,20355,77316,20736,135,1612,1046777
1513,1517157383.883369923,1517157383.984208345,1,1,2,1,208.935764864,35.645079537,-7.416559698,0.048986166,-0.002663637,0.967458068,0.248230029,823,591,0.718104496,0.031106058,0.022564416,0.014945756,0.025323819,73.132937000,0.850000000,0.034601522,0.047154202,6.559831415,0.061739857,61.717263067,2,5,5,0,0.006075334,9,6,0,14,0,0,789,29,20355,77321,20751,135,1626,1047566
1514,1517157383.984230042,1517157384.085007191,1,1,2,1,208.605179950,35.818903432,-7.405105231,0.049017250,-0.000877676,0.967948852,0.246315972,821,574,0.699147381,0.033917094,0.025809097,0.016938306,0.029985987,66.665156005,0.850000000,0.034180940,0.045376590,6.663613366,0.054051503,62.157944950,3,5,5,0,0.006090134,7,14,0,15,0,0,780,36,20355,77326,20772,135,1641,1048346
1515,1517157384.085028887,1517157384.185868263,1,1,2,1,208.271491168,35.991742102,-7.399195798,0.047274712,-0.002273075,0.967749841,0.247427121,824,590,0.716019417,0.032890139,0.024129992,0.015237123,0.028378911,68.897082806,0.850000000,0.034185799,0.045561057,6.756606538,0.052866821,62.153505385,4,5,5,0,0.006067961,8,5,0,16,0,0,790,29,20355,77331,20785,135,1657,1049136
1516,1517157384.185889006,1517157384.286728382,1,1,2,1,207.939567685,36.163981874,-7.389538904,0.046980494,-0.001591710,0.968169307,0.245842414,822,580,0.705596107,0.032042446,0.022667239,0.015328340,0.030058042,67.195068757,0.850000000,0.033920277,0.044618693,6.872071291,0.052148750,62.461573840,5,5,5,0,0.006082725,9,10,0,9,0,0,789,28,20355,77336,20804,135,1666,1049925
1517,1517157384.286748886,1517157384.387588263,1,1,2,1,207.604679175,36.333972922,-7.383702326,0.043747843,-0.004383421,0.967832495,0.247723986,831,601,0.723225030,0.032532771,0.024594426,0.015245574,0.030388016,66.138836303,0.900000000,0.033199236,0.044786394,6.973431955,0.053893628,63.147486619,6,5,5,0,0.006016847,4,11,0,8,0,0,803,23,20355,77341,20819,135,1674,1050728
1518,1517157384.387609005,1517157384.488448381,1,1,2,1,207.291922972,36.492421294,-7.373954357,0.039671497,-0.000162159,0.967913220,0.248133320,849,595,0.700824499,0.034063668,0.026163101,0.015555000,0.035191425,61.999647723,0.950000000,0.032707382,0.044660671,7.046456009,0.054035982,63.563646778,7,5,5,0,0.005889282,8,16,0,11,0,0,809,35,20355,77346,20843,135,1685,1051537
1519,1517157384.488468885,1517157384.589308262,1,1,2,1,206.961712907,36.665946640,-7.369997781,0.038970999,0.012845996,0.973292777,0.225870344,810,553,0.682716049,0.035913178,0.026899703,0.017451900,0.024382124,72.453283977,0.950000000,0.032234643,0.047916939,7.147533012,0.095808414,64.142446885,8,5,4,1,0.006172840,13,11,0,7,0,0,774,31,20356,77351,20867,135,1692,1052311
1520,1517157384.589329004,1517157384.690168381,1,1,2,1,206.633362953,36.809089717,-7.358682932,0.031549981,-0.000296524,0.977824988,0.207033338,848,597,0.704009434,0.027941425,0.020241064,0.012732542,0.028290369,68.902350556,0.950000000,0.031766224,0.059831285,7.229849944,0.135264581,64.657419534,9,5,4,1,0.005896226,5,8,0,5,0,0,825,18,20357,77356,20880,135,1697,1053136
1521,1517157384.690188885,1517157384.791028261,1,1,2,1,206.313295040,36.944864901,-7.348563879,0.027346574,-0.000018052,0.976939474,0.211757948,832,584,0.701923077,0.028834414,0.021394947,0.012427565,0.031272513,65.102740659,0.950000000,0.031942670,0.065682857,6.998656938,0.143327717,64.427306174,10,5,5,0,0.006009615,5,5,0,8,0,0,809,18,20357,77361,20890,135,1705,1053945
1522,1517157384.891908884,1517157384.992748260,1,1,2,1,205.680676112,37.228856311,-7.333000911,0.025091142,-0.003181342,0.972645675,0.230912763,813,564,0.693726937,0.032378034,0.025615068,0.015442667,0.033764746,63.229595414,0.950000000,0.032066026,0.061346858,7.380804306,0.179277265,64.399585927,11,5,5,0,0.006150062,9,13,0,15,0,0,771,37,20357,77366,20912,135,1720,1054716
1523,1517157384.992769003,1517157385.093546391,1,1,2,1,205.383529071,37.364359903,-7.332542028,0.021002388,-0.002624913,0.972388913,0.232404415,804,567,0.705223881,0.033044085,0.026039115,0.016248769,0.026182447,70.736190909,0.950000000,0.031597804,0.061037093,7.402808238,0.177916731,64.870731786,12,5,5,0,0.006218905,10,9,0,12,0,0,768,31,20357,77371,20931,135,1732,1055484
1524,1517157385.093566895,1517157385.194406271,1,1,2,1,205.079484880,37.504930880,-7.328760372,0.021449514,-0.002106145,0.972491230,0.231940271,815,584,0.716564417,0.032971605,0.026814371,0.015697828,0.029017443,68.632911054,0.950000000,0.031465063,0.057909457,7.438195485,0.171176049,65.104866820,13,5,5,0,0.006134969,5,14,0,8,0,0,783,27,20357,77376,20950,135,1740,1056267
1525,1517157385.194427013,1517157385.295266390,1,1,2,1,204.784879950,37.644422656,-7.324570375,0.029016924,-0.003388709,0.972476470,0.231162390,841,587,0.697978597,0.032800259,0.024984720,0.014815742,0.034535991,61.387297090,0.950000000,0.031291767,0.053074063,7.440500019,0.168669697,65.263616492,14,5,5,0,0.005945303,4,15,0,19,0,0,798,38,20357,77381,20969,135,1759,1057065
1526,1517157385.295286894,1517157385.396126270,1,1,2,1,204.508353819,37.777186800,-7.319377273,0.025551513,-0.000187937,0.972582421,0.231150425,807,557,0.690210657,0.034773722,0.026514418,0.015170056,0.036096752,62.125851299,0.950000000,0.031799989,0.055043491,7.416810209,0.168626136,64.873414614,15,5,5,0,0.006195787,6,12,0,20,0,0,764,38,20357,77386,20987,135,1779,1057829
1527,1517157385.396147013,1517157385.496986389,1,1,2,1,204.228732722,37.912387613,-7.308393863,0.030349201,0.002382032,0.972592775,0.230513656,828,577,0.696859903,0.034325460,0.027863813,0.016763627,0.034112967,62.002124992,0.950000000,0.031875010,0.056183727,7.389216476,0.164361224,64.741877120,16,5,4,1,0.006038647,6,11,0,16,0,0,790,33,20358,77391,21004,135,1795,1058619
1528,1517157385.497006893,1517157385.597846270,1,1,2,1,203.962681481,38.039614685,-7.296851378,0.029262123,0.003887686,0.972251715,0.232067269,828,556,0.671497585,0.033424042,0.024742000,0.014326109,0.025220400,74.872265101,0.950000000,0.031168554,0.055879352,7.336608548,0.164408629,65.705595961,17,5,5,0,0.006038647,9,20,0,16,0,0,778,45,20358,77396,21033,135,1811,1059397
1529,1517157385.597867012,1517157385.698706388,1,1,2,1,203.704933776,38.161195478,-7.290358909,0.030302646,0.004260049,0.971818790,0.233734551,865,597,0.690173410,0.035021020,0.026310834,0.015400409,0.036903659,60.249960527,0.950000000,0.031198414,0.057550644,7.266941421,0.165508718,65.776025148,18,5,5,0,0.005780347,8,16,0,23,0,0,813,47,20358,77401,21057,135,1834,1060210
1530,1517157385.698726892,1517157385.799566269,1,1,2,1,203.462333904,38.282645755,-7.273408541,0.034255013,0.004442545,0.971613459,0.234038765,877,594,0.677309008,0.036602931,0.026559055,0.016192156,0.028323056,72.439432225,0.950000000,0.030839923,0.061655566,7.181848268,0.165098175,66.493363763,19,5,5,0,0.005701254,11,15,0,17,0,0,829,43,20358,77406,21083,135,1851,1061039
1531,1517157385.799587011,1517157385.900426388,1,1,2,1,203.204341258,38.406950403,-7.259324614,0.041071347,0.001981392,0.971240725,0.234522224,867,598,0.689734717,0.034679190,0.025564669,0.016829225,0.024116842,75.202279553,1.000000000,0.030014563,0.061676733,6.737026507,0.164641474,67.399766090,20,5,4,1,0.005767013,6,23,0,8,0,0,825,37,20359,77411,21112,135,1859,1061864
1532,1517157386.001246929,1517157386.102085352,1,1,2,1,202.714108287,38.638058835,-7.228826618,0.043167242,-0.000952682,0.971234995,0.234175717,836,582,0.696172249,0.034197083,0.025518098,0.015341163,0.026164706,73.252383063,1.000000000,0.029885511,0.061913834,6.909512310,0.163081802,67.730869751,20,5,5,0,0.005980861,9,17,0,12,0,0,793,38,20359,77416,21138,135,1871,1062657
1533,1517157386.102107048,1517157386.202945232,1,1,2,1,202.461853510,38.752960147,-7.223443577,0.045999912,-0.000086194,0.970875107,0.235128744,801,567,0.707865169,0.036508542,0.027769711,0.015837509,0.025695223,73.485527828,1.000000000,0.029904081,0.063346923,6.813081350,0.161485412,67.748499292,20,5,5,0,0.006242197,10,10,0,19,0,0,757,39,20359,77421,21158,135,1890,1063414
1534,1517157386.202966928,1517157386.303806305,1,1,2,1,202.227488749,38.859527547,-7.214636721,0.027389057,0.004530239,0.971248934,0.236442010,843,592,0.702253855,0.032397026,0.023754632,0.014921029,0.030321036,65.538754400,1.000000000,0.029920833,0.063757297,6.694846832,0.161392254,67.692179212,20,5,5,0,0.005931198,10,18,0,11,0,0,799,39,20359,77426,21186,135,1901,1064213
1535,1517157386.303827047,1517157386.404666185,1,1,2,1,201.986582441,38.983111706,-7.200329725,0.030619809,0.003123841,0.971541657,0.234860549,847,579,0.683589138,0.036075413,0.026414451,0.016958623,0.028604995,68.116123592,1.000000000,0.029932138,0.065727283,6.591904531,0.161323636,67.653131251,20,5,5,0,0.005903188,7,15,0,12,0,0,808,34,20358,77431,21208,135,1913,1065021
1536,1517157386.404686928,1517157386.505526304,1,1,2,1,201.739593896,39.104099048,-7.205273958,0.045181246,0.002653771,0.970857837,0.235343734,846,587,0.693853428,0.034931572,0.024981592,0.016865266,0.029597815,66.272372814,1.000000000,0.029909126,0.065227783,6.491370608,0.159670928,67.606996454,20,5,4,1,0.005910165,8,13,0,10,0,0,810,31,20359,77436,21229,135,1923,1065831
1537,1517157386.505547047,1517157386.606386185,1,1,2,1,201.492064871,39.227698315,-7.196928072,0.044703541,0.000472627,0.970944029,0.235093731,831,571,0.687123947,0.034517494,0.022522915,0.014814016,0.024389559,75.132117402,1.000000000,0.029609203,0.064774326,6.417430165,0.159466128,68.056660509,20,5,4,1,0.006016847,11,10,0,17,0,0,788,38,20360,77441,21250,135,1940,1066619
1538,1517157386.606406927,1517157386.707246304,1,1,2,1,201.249804904,39.346018088,-7.190233986,0.051194017,0.002956312,0.970284205,0.236471975,835,595,0.712574850,0.037244712,0.024458659,0.016652704,0.030516347,69.044616028,1.000000000,0.029375449,0.068228634,6.314074312,0.117887226,68.408908924,20,5,5,0,0.005988024,12,18,0,11,0,0,789,41,20360,77446,21280,135,1951,1067408
1539,1517157386.707267046,1517157386.808106184,1,1,2,1,200.985688416,39.475752378,-7.180028584,0.051928645,0.001050851,0.970423271,0.235756201,817,586,0.717258262,0.035106233,0.024766202,0.016178165,0.022669995,79.378852016,1.000000000,0.029289843,0.067481535,6.250136847,0.079601774,68.755187326,20,5,5,0,0.006119951,11,16,0,14,0,0,771,41,20360,77451,21307,135,1965,1068179
1540,1517157386.808126926,1517157386.908966303,1,1,2,1,200.718879909,39.607236270,-7.165571544,0.050544641,-0.000665670,0.970057600,0.237556411,817,580,0.709914321,0.036575761,0.023795541,0.016140010,0.026896624,72.381385048,1.000000000,0.029220156,0.055558540,6.200112207,0.073526472,68.929139051,20,5,5,0,0.006119951,5,16,0,13,0,0,778,34,20360,77456,21328,135,1978,1068957
1541,1517157386.908987045,1517157387.009766340,1,1,2,1,200.438580447,39.744882921,-7.163700598,0.046143202,0.000851986,0.969916635,0.239022592,841,597,0.709869203,0.035029145,0.023601694,0.015969006,0.033821111,62.744757732,1.000000000,0.029347586,0.041447853,5.818777001,0.037280393,68.811239904,20,5,5,0,0.005945303,12,15,0,20,0,0,789,47,20359,77461,21355,135,1998,1069746
1542,1517157387.110646963,1517157387.211486340,1,1,2,1,199.880949005,40.023512166,-7.155082256,0.048576044,0.000100908,0.969172028,0.241549036,834,575,0.689448441,0.036537650,0.025907350,0.015913218,0.024523697,76.003104614,1.000000000,0.028885533,0.040034668,6.115619052,0.039623227,69.449915364,20,5,4,1,0.005995204,13,16,0,20,0,0,780,49,20360,77466,21384,135,2018,1070526
1543,1517157387.211507082,1517157387.312346220,1,1,2,1,199.596337394,40.167285808,-7.142927678,0.049555784,-0.000175796,0.968825020,0.242739105,836,584,0.698564593,0.037849373,0.025150448,0.016315215,0.027104733,74.823820347,1.000000000,0.028931647,0.042090871,6.099726606,0.041206805,69.654296836,20,5,5,0,0.005980861,9,12,0,12,0,0,798,33,20360,77471,21405,135,2030,1071324
1544,1517157387.413227081,1517157387.514066219,1,1,2,1,198.997693029,40.466569108,-7.125041009,0.050106718,-0.003394777,0.968705776,0.243077996,844,590,0.699052133,0.036650565,0.025796190,0.016364307,0.026377949,75.360335737,1.000000000,0.028799673,0.040582008,6.443265852,0.040225828,69.990668070,20,5,5,0,0.005924171,8,12,0,21,0,0,798,41,20359,77476,21425,135,2051,1072122
1545,1517157387.514086962,1517157387.614926338,1,1,2,1,198.690263054,40.619394127,-7.118163848,0.048745607,-0.000407373,0.968954425,0.242386103,847,583,0.688311688,0.036645875,0.026999936,0.017026074,0.027743660,68.817171865,1.000000000,0.028460056,0.037877269,6.479864993,0.041471811,70.362161809,20,5,5,0,0.005903188,9,18,0,12,0,0,803,39,20358,77481,21452,135,2063,1072925
1546,1517157387.614947081,1517157387.715786219,1,1,2,1,198.381242771,40.773816704,-7.105362623,0.046334767,-0.000987912,0.968635194,0.244126964,825,573,0.694545455,0.035486779,0.023646208,0.015244816,0.016313804,91.945455920,1.000000000,0.027470909,0.037582350,6.514772258,0.043871007,71.853142040,20,5,5,0,0.006060606,16,12,0,12,1,0,780,40,20359,77486,21480,135,2075,1073705
1547,1517157387.715806961,1517157387.816646338,1,1,2,1,198.069805673,40.931919503,-7.093939428,0.046036953,0.001563097,0.968699584,0.243924726,821,571,0.695493301,0.033600001,0.024236999,0.015202015,0.023832772,73.338803677,1.000000000,0.026956899,0.038761319,6.569096505,0.040876686,72.419975974,20,5,5,0,0.006090134,10,15,0,9,0,0,782,34,20359,77491,21505,135,2084,1074487
1548,1517157387.816667080,1517157387.917506218,1,1,2,1,197.764891863,41.087949071,-7.080649369,0.049385119,-0.002494384,0.968396731,0.244464024,847,598,0.706021251,0.035658810,0.024901695,0.016069506,0.022386527,79.430200427,1.000000000,0.026815205,0.036358129,6.626813147,0.038377879,72.647872741,20,5,5,0,0.005903188,10,17,0,17,0,0,798,44,20359,77496,21532,135,2101,1075285
1549,1517157387.917526960,1517157388.018304348,1,1,2,1,197.449723795,41.251000865,-7.075075874,0.045253701,-0.002215146,0.968287187,0.245697211,824,594,0.720873786,0.036012517,0.025878689,0.016560985,0.026601919,71.951439002,1.000000000,0.026300118,0.036228015,6.709873320,0.039838500,73.232946665,20,5,5,0,0.006067961,12,15,0,12,0,0,780,39,20359,77501,21559,135,2113,1076065
1550,1517157388.018325090,1517157388.119164228,1,1,2,1,197.142573346,41.408314329,-7.065745280,0.047968704,-0.002847698,0.967992635,0.246335448,849,588,0.692579505,0.034850875,0.025583856,0.016308575,0.024167177,77.128287443,1.000000000,0.026092324,0.036019202,6.768368843,0.040047876,73.467389425,20,5,4,1,0.005889282,13,13,0,10,1,0,808,36,20360,77506,21585,135,2123,1076873
1551,1517157388.119184971,1517157388.220024347,1,1,2,1,196.838866092,41.562982683,-7.057930344,0.047781944,-0.002371390,0.967518938,0.248230473,835,595,0.712574850,0.035803869,0.026710770,0.016975581,0.025516727,75.841952674,1.000000000,0.026162319,0.035572000,6.566446761,0.043192043,73.499373082,20,5,5,0,0.005988024,18,12,0,20,0,0,780,50,20360,77511,21615,135,2143,1077653
1552,1517157388.220046043,1517157388.320884228,1,1,2,1,196.528963243,41.724241611,-7.049054040,0.045167956,-0.001998728,0.967864567,0.247374295,825,589,0.713939394,0.032664680,0.023364708,0.015085578,0.023879121,75.614830771,1.000000000,0.026048039,0.039088026,6.638664639,0.042893946,73.617495467,20,5,5,0,0.006060606,13,19,0,27,0,0,761,59,20360,77516,21647,135,2170,1078414
1553,1517157388.522625923,1517157388.623465300,1,1,2,1,195.593125515,42.201403254,-7.022129354,0.044466527,-0.003782973,0.967452315,0.249087204,842,621,0.737529691,0.032673435,0.025179843,0.016635507,0.017374769,91.954779123,1.000000000,0.025632017,0.042388768,7.431867740,0.044285612,74.540958032,20,5,5,0,0.005938242,9,7,0,9,0,0,812,25,20360,77521,21663,135,2179,1079226
1554,1517157388.623486042,1517157388.724325180,1,1,2,1,195.258451160,42.376382276,-7.010394886,0.045746571,-0.002842006,0.967335146,0.249322861,830,601,0.724096386,0.034049491,0.026552576,0.017536408,0.020415683,81.665859960,1.000000000,0.025136749,0.038820752,7.538572815,0.041753669,75.347313310,20,5,5,0,0.006024096,10,15,0,25,1,0,775,50,20360,77526,21688,135,2204,1080001
1555,1517157388.724345922,1517157388.825185299,1,1,2,1,194.959535938,42.531419416,-7.005351004,0.043391329,-0.003367515,0.967890309,0.247576658,824,605,0.734223301,0.032098041,0.024880549,0.016324923,0.023538214,76.349568774,1.000000000,0.024883410,0.043740327,7.600266157,0.043738748,75.758985569,20,5,5,0,0.006067961,3,10,0,16,0,0,790,29,20359,77531,21701,135,2220,1080791
1556,1517157388.825206041,1517157388.926045179,1,1,2,1,194.648038785,42.694784528,-6.989346491,0.047502502,-0.005022349,0.967938626,0.246603130,848,604,0.712264151,0.033246165,0.023656634,0.016289824,0.025931029,76.122766790,1.000000000,0.024700071,0.045480050,7.675568832,0.044923407,76.251505268,20,5,5,0,0.005896226,9,10,0,14,0,0,810,33,20359,77536,21720,135,2234,1081601
1557,1517157388.926065922,1517157389.026844263,1,1,2,1,194.318574307,42.868853928,-6.976856787,0.044299267,-0.007621863,0.967951553,0.247081512,838,580,0.692124105,0.037054433,0.027825879,0.018142900,0.022231563,78.176215767,1.000000000,0.024592171,0.046665352,7.778706961,0.041998877,76.403710186,20,5,5,0,0.005966587,11,8,0,20,0,0,794,39,20360,77541,21739,135,2254,1082395
1558,1517157389.026865005,1517157389.127704382,1,1,2,1,193.989650285,43.034536747,-6.955853372,0.047505379,-0.007280296,0.967545072,0.248086215,854,617,0.722482436,0.033550761,0.025256997,0.016410161,0.023514708,76.120230309,1.000000000,0.024242089,0.046109348,7.853165024,0.042688267,76.757490900,20,5,5,0,0.005854801,11,11,0,22,0,0,805,44,20360,77546,21761,135,2276,1083200
1559,1517157389.127724886,1517157389.228564262,1,1,2,1,193.671224074,43.197977249,-6.951797111,0.047490944,-0.006286294,0.967541484,0.248130145,829,591,0.712907117,0.033787077,0.025507415,0.016028000,0.025651618,72.966699811,1.000000000,0.024391170,0.046864957,7.913311604,0.039402979,76.436883290,20,5,4,1,0.006031363,12,14,0,15,0,0,783,41,20361,77551,21787,135,2291,1083983
1560,1517157389.228585005,1517157389.329424381,1,1,2,1,193.336668706,43.369727859,-6.936761612,0.044081686,-0.002778644,0.967882030,0.247494363,825,600,0.727272727,0.033324348,0.025948405,0.016651357,0.018686711,84.556430150,1.000000000,0.023980675,0.046969502,7.977399414,0.037778680,77.045635545,20,5,5,0,0.006060606,5,10,0,14,0,0,791,29,20361,77556,21802,135,2305,1084774
1561,1517157389.329444885,1517157389.430284262,1,1,2,1,193.011160947,43.535017441,-6.929064022,0.039820218,-0.001589733,0.967799551,0.248547486,818,595,0.727383863,0.031695559,0.025438932,0.016245606,0.024383095,71.996272984,1.000000000,0.023508774,0.051099252,7.719123235,0.034471945,77.508211307,20,5,5,0,0.006112469,6,16,0,15,0,0,776,37,20361,77561,21824,135,2320,1085550
1562,1517157389.430305004,1517157389.531144381,1,1,2,1,192.684744348,43.703172912,-6.929481208,0.039077943,-0.000212858,0.968280604,0.246790480,825,585,0.709090909,0.031338874,0.023770467,0.014947474,0.024935156,71.512301710,1.000000000,0.023529347,0.053958995,7.767211262,0.035545929,77.283671162,20,5,5,0,0.006060606,10,16,0,16,0,0,778,42,20361,77566,21850,135,2336,1086328
1563,1517157389.531164885,1517157389.632004261,1,1,2,1,192.367268569,43.868178010,-6.918492021,0.038710671,0.003307171,0.968190488,0.247179540,844,590,0.699052133,0.033314565,0.025305069,0.016270203,0.028247670,68.202617643,1.000000000,0.023586494,0.049479301,7.455649061,0.036114151,76.952611027,20,5,5,0,0.005924171,11,4,0,15,0,0,809,30,20361,77571,21865,135,2351,1087137
1564,1517157389.632025003,1517157389.732864380,1,1,2,1,192.049478955,44.030710330,-6.911722428,0.039770869,0.003686439,0.968184518,0.247029202,825,594,0.720000000,0.033163816,0.024925083,0.017045861,0.034534266,62.005466620,1.000000000,0.023994309,0.047184222,7.469265463,0.035070784,76.284867571,20,5,5,0,0.006060606,11,15,0,17,0,0,777,43,20361,77576,21891,135,2368,1087914
1565,1517157389.732884884,1517157389.833724260,1,1,2,1,191.735101344,44.190408134,-6.903187987,0.037895166,0.005243659,0.968381166,0.246524600,820,591,0.720731707,0.031694932,0.023936623,0.015885718,0.031556804,64.470528289,1.000000000,0.024184967,0.046170580,7.476289654,0.032744958,76.067535392,20,5,5,0,0.006097561,11,13,0,15,0,0,776,39,20361,77581,21915,135,2383,1088690
1566,1517157389.833745003,1517157389.934584379,1,1,2,1,191.424248789,44.353160246,-6.901361372,0.036667178,0.005282597,0.968397313,0.246646016,820,585,0.713414634,0.032214997,0.024536005,0.016078882,0.025793116,71.350957077,1.000000000,0.024658932,0.045831903,7.477718736,0.032688935,75.037810450,20,5,5,0,0.006097561,6,13,0,15,0,0,781,34,20361,77586,21934,135,2398,1089471
1567,1517157389.934604883,1517157390.035391331,1,1,2,1,191.118560347,44.512365541,-6.891708646,0.034970414,0.006611836,0.969170309,0.243807848,844,596,0.706161137,0.033439851,0.024250962,0.016161467,0.029207180,67.464272440,1.000000000,0.024927653,0.045853042,7.479741277,0.037576084,74.744083888,20,5,5,0,0.005924171,6,7,0,14,0,0,812,27,20361,77591,21947,135,2412,1090283
1568,1517157390.035412073,1517157390.136251211,1,1,2,1,190.815218356,44.667065760,-6.883580647,0.035171153,0.007585282,0.969216921,0.243565213,839,602,0.717520858,0.035913045,0.026041423,0.016282030,0.029358716,67.682467449,1.000000000,0.025276262,0.046372599,7.465459077,0.035700948,74.156697240,20,5,5,0,0.005959476,16,12,0,13,0,0,793,41,20361,77596,21975,135,2425,1091076
1569,1517157390.136271954,1517157390.237111330,1,1,2,1,190.530047075,44.810791715,-6.874541226,0.029625324,0.006633322,0.969876729,0.241697063,835,575,0.688622754,0.030408046,0.022939214,0.013286263,0.024470011,72.260837508,1.000000000,0.025169667,0.048062964,7.439711017,0.038495950,74.172167165,20,5,5,0,0.005988024,12,13,0,10,0,0,795,35,20361,77601,22000,135,2435,1091871
1570,1517157390.237132072,1517157390.337971210,1,1,2,1,190.251239084,44.949881969,-6.860505706,0.028908980,0.010168172,0.970831959,0.237794421,828,595,0.718599034,0.029901265,0.023692268,0.014787910,0.029923291,66.167044149,1.000000000,0.025457472,0.052091010,7.410690912,0.042460753,73.624105000,20,5,4,1,0.006038647,3,8,0,21,0,0,791,32,20362,77606,22011,135,2456,1092662
1571,1517157390.337992907,1517157390.438831329,1,1,2,1,189.987410405,45.072341151,-6.855588487,0.026459686,0.019669863,0.975879471,0.215806022,831,596,0.717208183,0.028515203,0.023234822,0.014400920,0.022732487,76.356524360,1.000000000,0.025318260,0.057170581,7.352135375,0.085476657,73.649833584,20,5,5,0,0.006016847,6,11,0,9,0,0,800,26,20362,77611,22028,135,2465,1093462
1572,1517157390.438853025,1517157390.539691210,1,1,2,1,189.717118385,45.194924826,-6.846625832,0.016426396,0.022505080,0.981946484,0.187095690,864,619,0.716435185,0.030339450,0.024434046,0.014912807,0.026125235,69.889459636,1.000000000,0.025430566,0.059514393,6.598251647,0.141309366,73.363565028,20,5,4,1,0.005787037,8,11,0,13,0,0,827,32,20363,77616,22047,135,2478,1094289
1573,1517157390.640573025,1517157390.741412401,1,1,2,1,189.205011510,45.407524862,-6.837808567,0.019084901,0.011897771,0.977325587,0.210544309,822,584,0.710462287,0.029333500,0.022740257,0.013527022,0.020597503,79.070813838,1.000000000,0.025591703,0.063678664,6.774966535,0.188386627,72.719366763,20,5,5,0,0.006082725,5,8,0,13,0,0,791,26,20363,77621,22060,135,2491,1095080
1574,1517157390.741432905,1517157390.842272282,1,1,2,1,188.962510157,45.507443370,-6.826282086,0.016002992,0.011430340,0.975374763,0.219675496,817,573,0.701346389,0.028503366,0.022832581,0.013839024,0.025083638,73.273228567,1.000000000,0.025825100,0.068295549,6.700731965,0.203142551,72.299735194,20,5,5,0,0.006119951,6,14,0,4,0,0,788,24,20363,77626,22080,135,2495,1095868
1575,1517157390.842293024,1517157390.943132401,1,1,2,1,188.735002867,45.607466319,-6.819413805,0.017291322,0.011540676,0.975421225,0.219365580,818,575,0.702933985,0.028292667,0.023671738,0.013776752,0.023712487,74.022268690,1.000000000,0.025833814,0.073553314,6.597250285,0.201814843,72.183370190,20,5,5,0,0.006112469,6,13,0,9,0,0,785,28,20363,77631,22099,135,2504,1096653
1576,1517157390.943152905,1517157391.043922186,1,1,2,1,188.512500816,45.706137490,-6.816316031,0.018156595,0.010500557,0.976210230,0.215809323,820,603,0.735365854,0.029534878,0.023490962,0.014142692,0.031660061,65.384580474,1.000000000,0.026120266,0.075137970,6.467838132,0.208503767,71.646460874,20,5,5,0,0.006097561,9,5,0,12,0,0,789,26,20363,77636,22113,135,2516,1097442
1577,1517157391.043942928,1517157391.144782305,1,1,2,1,188.296106410,45.802190973,-6.816624252,0.016762465,0.013965805,0.977368459,0.210415948,810,582,0.718518519,0.026912872,0.022344698,0.012299894,0.025965472,70.245134232,1.000000000,0.026306961,0.073084544,6.335698852,0.217229841,71.249906797,20,5,5,0,0.006172840,7,12,0,10,0,0,776,29,20363,77641,22132,135,2526,1098218
1578,1517157391.144803047,1517157391.245642185,1,1,2,1,188.088358726,45.891234491,-6.813305457,0.019836678,0.012227828,0.977548144,0.209419703,817,587,0.718482252,0.028375269,0.022901747,0.013889289,0.020751330,79.442428010,1.000000000,0.026168792,0.074300690,6.203804594,0.218997003,71.416016682,20,5,5,0,0.006119951,4,8,0,17,0,0,783,29,20363,77646,22144,135,2543,1099001
1579,1517157391.245662928,1517157391.346502304,1,1,2,1,187.865746141,45.986133536,-6.804540939,0.025237469,0.007818183,0.978144666,0.206240052,845,594,0.702958580,0.030325879,0.023384049,0.013284058,0.024548568,72.222968527,1.000000000,0.026113640,0.071878456,6.069593167,0.224185185,71.378830118,20,5,5,0,0.005917160,4,7,0,16,0,0,813,27,20363,77651,22155,135,2559,1099814
1580,1517157391.346523046,1517157391.447362185,1,1,2,1,187.654145055,46.075396080,-6.793500834,0.025967915,0.007598278,0.978288742,0.205472796,844,606,0.718009479,0.030215759,0.024590888,0.014783801,0.027527621,67.086575151,1.000000000,0.026555685,0.069869509,5.934365499,0.223710690,70.505337368,20,5,5,0,0.005924171,6,12,0,9,0,0,812,27,20363,77656,22173,135,2568,1100626
1581,1517157391.447382927,1517157391.548222303,1,1,2,1,187.440842559,46.166036281,-6.789535418,0.026090221,0.002680333,0.978319829,0.205432296,846,613,0.724586288,0.029498355,0.023625949,0.014437112,0.034826987,60.623030215,1.000000000,0.027077880,0.070153876,5.798977175,0.220432192,69.936675229,20,5,5,0,0.005910165,9,6,0,18,0,0,808,33,20363,77661,22188,135,2586,1101434
1582,1517157391.548243046,1517157391.649082184,1,1,2,1,187.235293689,46.249958940,-6.786448675,0.027322164,0.006113137,0.978660908,0.203565605,842,596,0.707838480,0.029593915,0.023643311,0.014423045,0.030724843,64.612807012,1.000000000,0.027367364,0.070423875,5.663055565,0.223016075,69.591700494,20,5,5,0,0.005938242,7,10,0,11,0,0,809,28,20363,77666,22205,135,2597,1102243
1583,1517157391.749963045,1517157391.850802183,1,1,2,1,186.802841645,46.427290644,-6.777205330,0.032545240,0.002728916,0.978604515,0.203141733,869,616,0.708860759,0.028922352,0.023240297,0.014067826,0.034785547,59.910626009,1.000000000,0.027694258,0.068338430,5.773540045,0.223613302,69.177100913,20,5,5,0,0.005753740,11,8,0,12,0,0,833,31,20362,77671,22224,135,2609,1103076
1584,1517157391.850822926,1517157391.951662302,1,1,2,1,186.567796920,46.527556449,-6.774637240,0.039361044,0.000895289,0.978665861,0.201650787,884,629,0.711538462,0.030790984,0.023776226,0.014284425,0.026230614,69.892915484,1.000000000,0.027279075,0.065126570,5.676372817,0.225401696,69.571473356,20,5,5,0,0.005656109,5,9,0,20,0,0,845,34,20362,77676,22238,135,2629,1103921
1585,1517157391.951683044,1517157392.052461386,1,1,2,1,186.327186624,46.627333457,-6.760834868,0.039000308,0.000709424,0.978566023,0.202205369,843,609,0.722419929,0.029875522,0.024043058,0.014289002,0.025801118,71.917137810,1.000000000,0.026991291,0.064243621,5.586330327,0.226331015,69.943803832,20,5,5,0,0.005931198,9,13,0,7,0,0,809,29,20362,77681,22260,135,2636,1104730
1586,1517157392.052481890,1517157392.153321266,1,1,2,1,186.110964129,46.713409720,-6.755590587,0.040635703,0.000129770,0.978578248,0.201825014,836,600,0.717703349,0.029942473,0.022532053,0.013344505,0.022284484,73.783701915,1.000000000,0.026815860,0.062306541,5.474318258,0.221180877,70.065441074,20,5,5,0,0.005980861,5,9,0,23,0,0,794,37,20362,77686,22274,135,2659,1105524
1587,1517157392.153342009,1517157392.254181385,1,1,2,1,185.881465664,46.802420612,-6.751730225,0.041198105,-0.000156182,0.978347861,0.202825429,827,597,0.721886336,0.028631872,0.022899236,0.013462034,0.026744584,66.185912778,1.000000000,0.026692730,0.057249391,5.379894795,0.222804111,70.001523091,20,5,5,0,0.006045949,4,13,0,11,0,0,794,28,20362,77691,22291,135,2670,1106318
1588,1517157392.254201889,1517157392.355041265,1,1,2,1,185.644153904,46.898398756,-6.743978377,0.041781665,0.000562152,0.978639428,0.201292939,818,593,0.724938875,0.029434498,0.023424408,0.014311531,0.026001658,67.977756629,1.000000000,0.026524877,0.031435157,5.316527145,0.221619376,70.016287550,20,5,5,0,0.006112469,6,10,0,15,0,0,782,31,20362,77696,22307,135,2685,1107100
1589,1517157392.355062008,1517157392.455901384,1,1,2,1,185.401415800,46.995923936,-6.742804889,0.040051770,0.004404965,0.978816187,0.200736953,814,588,0.722358722,0.030191704,0.023251977,0.013236990,0.032897894,59.497791686,1.000000000,0.026946271,0.031070141,5.266234102,0.214646405,69.378135259,20,5,5,0,0.006142506,6,8,0,8,0,0,787,22,20362,77701,22321,135,2693,1107887
1590,1517157392.455921888,1517157392.556761265,1,1,2,1,185.160087984,47.094733846,-6.740024711,0.038339923,0.004026868,0.979018707,0.200090493,830,608,0.732530120,0.030534886,0.023618037,0.013951808,0.028013922,63.861949960,1.000000000,0.026850803,0.032020513,5.236116350,0.171161349,69.262880549,20,5,4,1,0.006024096,5,10,0,10,0,0,800,25,20363,77706,22336,135,2703,1108687
1591,1517157392.556782961,1517157392.657621384,1,1,2,1,184.918626277,47.192258447,-6.739796283,0.042632965,0.004011870,0.979264797,0.198007050,827,602,0.727932285,0.031117328,0.023961090,0.012200114,0.031252696,61.836323712,1.000000000,0.027276813,0.033536290,5.199603520,0.115990843,68.536870517,20,5,5,0,0.006045949,4,10,0,17,0,0,791,31,20364,77711,22350,135,2720,1109478
1592,1517157392.758502960,1517157392.859342337,1,1,2,1,184.429774412,47.396474162,-6.721326832,0.043757314,-0.014718990,0.969652224,0.240090011,799,578,0.723404255,0.028172292,0.021619510,0.012604181,0.024839932,70.203287302,1.000000000,0.027212548,0.034426479,5.175164118,0.153329489,68.552561900,20,5,5,0,0.006257822,9,10,0,18,0,0,757,37,20364,77716,22369,135,2738,1110235
1593,1517157392.859363079,1517157392.960202217,1,1,2,1,184.194182018,47.518765925,-6.712801150,0.043010257,-0.012557798,0.962467502,0.267672798,827,607,0.733978235,0.032383545,0.024894177,0.014375265,0.031121535,62.840820154,1.000000000,0.027738749,0.040643575,5.178209433,0.192136502,67.741062216,20,5,5,0,0.006045949,6,10,0,11,0,0,795,27,20364,77721,22385,135,2749,1111030
1594,1517157392.960222960,1517157393.061001301,1,1,2,1,183.951986227,47.656150044,-6.700667241,0.045042718,-0.013804815,0.958291807,0.281881878,832,620,0.745192308,0.029284335,0.023189823,0.013690568,0.032680255,59.590314084,1.000000000,0.028118580,0.039827237,5.208302677,0.221210668,67.056916492,20,5,4,1,0.006009615,6,8,0,23,0,0,790,37,20364,77726,22399,135,2772,1111820
1595,1517157393.061022043,1517157393.161861181,1,1,2,1,183.712722757,47.806569299,-6.693708176,0.046390231,-0.005682166,0.956439662,0.288164594,828,606,0.731884058,0.031579554,0.024030480,0.014222726,0.023788133,69.285367800,1.000000000,0.028122363,0.040772106,5.247587494,0.227829865,66.820071447,20,5,5,0,0.006038647,7,15,0,14,0,0,787,36,20364,77731,22421,135,2786,1112607
1596,1517157393.161881924,1517157393.262721300,1,1,2,1,183.461897152,47.961810557,-6.689550482,0.048288449,-0.006967906,0.957777366,0.283341123,802,602,0.750623441,0.030227780,0.023508441,0.012569626,0.030916204,61.140454685,1.000000000,0.028085170,0.040818564,5.305842067,0.226893040,66.607865158,20,5,5,0,0.006234414,5,6,0,19,0,0,767,30,20364,77736,22432,135,2805,1113374
1597,1517157393.262742043,1517157393.363581181,1,1,2,1,183.201023324,48.118768208,-6.684420053,0.049431931,-0.004566450,0.958388801,0.281116592,812,592,0.729064039,0.029948488,0.023044239,0.011964968,0.027638711,65.154344536,1.000000000,0.028168832,0.034060451,5.384286451,0.229316010,66.353325673,20,5,5,0,0.006157635,5,8,0,18,0,0,776,31,20364,77741,22445,135,2823,1114150
1598,1517157393.363601923,1517157393.464441299,1,1,2,1,182.953190000,48.269670243,-6.679193661,0.050433071,-0.000882889,0.958171231,0.281715492,816,606,0.742647059,0.031837153,0.023170711,0.012646622,0.027844385,64.818530187,1.000000000,0.028523485,0.034241822,5.432338512,0.224544800,65.622130782,20,5,5,0,0.006127451,6,6,0,22,0,0,777,34,20364,77746,22457,135,2845,1114927
1599,1517157393.464462042,1517157393.565301180,1,1,2,1,182.693780471,48.430029224,-6.665272434,0.053058017,-0.000310959,0.957977049,0.281894880,821,607,0.739342266,0.030809615,0.022385109,0.012781176,0.024411567,69.278710288,1.000000000,0.028516635,0.034547310,5.507705454,0.223650834,65.474917870,20,5,5,0,0.006090134,8,9,0,10,0,0,789,27,20364,77751,22474,135,2855,1115716
1600,1517157393.565321922,1517157393.666161299,1,1,2,1,182.426888911,48.594592970,-6.654737882,0.052631221,0.000121099,0.958467160,0.280304554,815,596,0.731288344,0.031488840,0.024130759,0.013469743,0.032531437,60.133268903,1.000000000,0.028766825,0.035805758,5.589634477,0.226674592,65.127252557,20,5,5,0,0.006134969,7,7,0,14,0,0,782,28,20364,77756,22488,135,2869,1116498
1601,1517157393.666182041,1517157393.767021179,1,1,2,1,182.163224814,48.758187642,-6.646093465,0.048765086,0.006472432,0.960758548,0.272989168,814,602,0.739557740,0.031394971,0.025018147,0.012870534,0.036560580,56.395688966,1.000000000,0.028853505,0.036227618,5.678005715,0.238155717,64.915885495,20,5,5,0,0.006142506,7,14,0,19,0,0,769,40,20363,77761,22509,135,2888,1117267
1602,1517157393.867902040,1517157393.968741179,1,1,2,1,181.606332979,49.067080316,-6.623644105,0.043992427,0.013489842,0.974454808,0.219819282,816,594,0.727941176,0.026924554,0.019231538,0.011576665,0.036997927,56.755104828,1.000000000,0.029167159,0.043648417,5.847734192,0.347232516,64.523000386,20,5,5,0,0.006127451,5,9,0,19,0,0,778,33,20363,77766,22523,135,2907,1118045
1603,1517157393.968761921,1517157394.069540262,1,1,2,1,181.323043723,49.198680924,-6.609877118,0.047452072,0.011477003,0.977036501,0.207403602,807,590,0.731102850,0.023975332,0.016851573,0.009423870,0.024783288,68.411318070,1.000000000,0.028667046,0.062661104,5.904851739,0.369738467,64.948034989,20,5,5,0,0.006195787,2,14,0,12,0,0,774,28,20363,77771,22539,135,2919,1118819
1604,1517157394.069561005,1517157394.170400381,1,1,2,1,181.033610436,49.321679255,-6.602385250,0.048892099,0.004751126,0.976441493,0.210116637,791,580,0.733249052,0.022828476,0.016246169,0.009439490,0.028333896,64.552752593,1.000000000,0.028772210,0.081841673,5.958581630,0.373735939,64.681026844,20,5,5,0,0.006321113,3,11,0,6,0,0,766,20,20363,77776,22553,135,2925,1119585
1605,1517157394.170420885,1517157394.271260262,1,1,2,1,180.753564093,49.442598079,-6.584318480,0.045148088,-0.001574862,0.973589323,0.223792314,768,559,0.727864583,0.022407519,0.016558735,0.009328902,0.029810777,64.229648026,1.000000000,0.028972693,0.098401420,6.031367911,0.400324402,64.296652355,20,5,5,0,0.006510417,3,9,0,2,0,0,749,14,20363,77781,22565,135,2927,1120334
1606,1517157394.271281004,1517157394.372120380,1,1,1,1,180.472370562,49.580527126,-6.565867979,0.043535370,0.011781813,0.972500760,0.228490991,783,568,0.725415070,0.025763187,0.019417164,0.011661545,0.033844604,60.059428850,1.000000000,0.029550699,0.102082783,6.098925195,0.408868176,63.610438702,20,14,14,0,0.017879949,5,8,0,0,0,0,756,13,20362,77795,22578,135,2927,1121090
1607,1517157394.372140884,1517157394.472980261,1,1,1,1,180.196113217,49.713492631,-6.553902368,0.047893327,0.014499135,0.973012189,0.225262702,758,552,0.728232190,0.025119864,0.019562351,0.011508503,0.028704615,62.172800762,1.000000000,0.029648701,0.106723307,6.149646408,0.411877611,63.409783101,20,7,6,1,0.009234828,3,8,0,0,0,0,740,11,20364,77802,22589,135,2927,1121830
1608,1517157394.473001003,1517157394.573840380,1,1,1,1,179.915477038,49.846633402,-6.545390488,0.044661893,0.009517130,0.973737036,0.223049151,780,550,0.705128205,0.024393801,0.018642224,0.009619645,0.030945460,62.449744986,1.000000000,0.029895891,0.112538321,6.198780798,0.416149265,63.133382519,20,14,14,0,0.017948718,4,8,0,0,0,0,754,12,20365,77816,22601,135,2927,1122584
1609,1517157394.573860884,1517157394.674700260,1,1,1,1,179.616394709,49.986204161,-6.543507077,0.038064656,0.009607885,0.975588455,0.216069288,787,555,0.705209657,0.025866692,0.018057243,0.010539411,0.035075464,57.403806726,1.000000000,0.030004769,0.114303572,6.268044246,0.429512224,63.028683271,20,15,15,0,0.019059720,5,9,0,0,0,0,758,14,20365,77831,22615,135,2927,1123342
1610,1517157394.674721956,1517157394.775560379,1,1,1,1,179.320210492,50.117503087,-6.545687897,0.039681277,0.004896545,0.975241427,0.217498456,781,554,0.709346991,0.025601923,0.017426334,0.010369103,0.033267451,56.563398075,1.000000000,0.030267446,0.115610171,6.331620981,0.428206894,62.663755677,20,13,13,0,0.016645327,3,18,0,0,0,0,745,23,20364,77844,22636,135,2927,1124087
1611,1517157394.775582075,1517157394.876421213,1,1,1,1,179.016759660,50.254636136,-6.538586864,0.039742670,0.004145384,0.974516151,0.220729718,758,532,0.701846966,0.023862756,0.015625899,0.009024021,0.037808237,55.694781622,1.000000000,0.030595223,0.118668340,6.134580558,0.349736672,62.356678572,20,10,10,0,0.013192612,3,4,0,0,0,0,739,9,20364,77854,22643,135,2927,1124826
1612,1517157394.977302074,1517157395.078060389,1,1,1,1,178.437217716,50.514414752,-6.519879966,0.033366785,0.005467029,0.974245647,0.222939877,757,516,0.681638045,0.023926990,0.015983013,0.010171229,0.032679775,57.735369765,1.000000000,0.030987215,0.123146150,6.504379288,0.296633808,61.733282695,20,10,10,0,0.013210040,7,10,0,0,0,0,729,18,20365,77864,22660,135,2927,1125555
1613,1517157395.078080893,1517157395.178920269,1,1,1,1,178.147174789,50.645029486,-6.513079684,0.035215335,0.004496101,0.974382243,0.222078611,756,519,0.686507937,0.023707200,0.017454110,0.010933278,0.035071805,55.920303706,1.000000000,0.031184729,0.121363345,6.543835945,0.268708455,61.387256873,20,12,12,0,0.015873016,0,3,0,0,0,0,740,4,20366,77876,22663,135,2927,1126295
1614,1517157395.178941011,1517157395.279780388,1,0,0,1,177.859102013,50.776194285,-6.503525857,0.034882810,0.005219380,0.974933483,0.219683071,742,512,0.690026954,0.023137158,0.015634175,0.010113986,0.040397883,51.996635962,0.950000000,0.031570610,0.125127172,6.577804626,0.259703046,61.007572967,0,14,14,0,0.018867925,4,0,0,0,0,0,724,4,20368,77890,22667,135,2927,1127019
1615,1517157395.279800892,1517157395.380640268,1,1,1,1,177.582291651,50.900599290,-6.500242034,0.037092688,0.005591001,0.974890174,0.219504037,741,508,0.685560054,0.022294832,0.014678168,0.008992845,0.034705446,57.828584338,0.950000000,0.032116476,0.125050905,6.586293646,0.249846591,60.434733794,1,13,13,0,0.017543860,5,9,0,0,0,0,714,14,20368,77903,22681,135,2927,1127733
1616,1517157395.380661011,1517157395.481500387,1,0,0,1,177.304121644,51.028129870,-6.493233570,0.034767845,0.005298530,0.975079663,0.219049706,727,509,0.700137552,0.022155631,0.014871343,0.010299469,0.045496003,47.942033285,0.900000000,0.032845466,0.126441891,6.587889719,0.246563943,59.774812724,0,10,10,0,0.013755158,1,0,0,0,0,0,715,2,20368,77913,22682,135,2927,1128448
1617,1517157395.481520891,1517157395.582360268,1,1,1,1,177.032571304,51.151483004,-6.485932188,0.032085435,0.004067408,0.975060821,0.219568615,717,493,0.687587169,0.021996376,0.014416687,0.009296783,0.037067548,55.934234583,0.900000000,0.033316907,0.126980878,6.596026314,0.245768860,59.313807226,1,7,7,0,0.009762901,3,6,0,0,0,0,700,10,20368,77920,22691,135,2927,1129148
1618,1517157395.582381010,1517157395.683220387,1,0,0,1,176.758390191,51.276021905,-6.478310849,0.036410459,0.002614055,0.975122970,0.218638145,726,509,0.701101928,0.022349363,0.014187223,0.009559311,0.050728279,45.747785848,0.850000000,0.034461102,0.118003076,6.591972407,0.246895397,58.360270009,0,18,18,0,0.024793388,5,0,0,0,0,0,703,5,20369,77938,22696,135,2927,1129851
1619,1517157395.683240891,1517157395.784080267,1,0,0,1,176.494564014,51.391717580,-6.470650367,0.035736744,0.001526062,0.974924159,0.219643895,706,481,0.681303116,0.021057540,0.013123636,0.008810092,0.046724595,47.670995592,0.800000000,0.035576754,0.112132731,6.566428750,0.245529724,57.279884274,0,11,11,0,0.015580737,3,0,0,0,0,0,692,3,20369,77949,22699,135,2927,1130543
1620,1517157395.784101009,1517157395.884940386,1,0,0,1,176.232278068,51.511311919,-6.461762785,0.035045719,0.002434056,0.975629554,0.216593734,689,482,0.699564586,0.022256284,0.012995039,0.008660556,0.044031005,48.393911750,0.750000000,0.036151732,0.094477758,6.544416994,0.236682167,56.692916417,0,13,13,0,0.018867925,2,0,0,0,0,0,674,2,20369,77962,22701,135,2927,1131217
1621,1517157395.884960890,1517157395.985800266,1,0,0,1,175.978149692,51.624888872,-6.455636486,0.036086022,-0.001979608,0.975597159,0.216573459,689,480,0.696661829,0.020415469,0.013615078,0.009225625,0.043838588,49.873636551,0.700000000,0.036515632,0.071529929,6.185620104,0.127068671,56.366813796,0,15,15,0,0.021770682,0,0,0,0,0,0,674,0,20369,77977,22701,135,2927,1131891
1622,1517157396.086638927,1517157396.187478304,1,0,0,1,175.468324814,51.847723894,-6.437235699,0.037100915,0.000000534,0.975653506,0.216156792,679,488,0.718703976,0.022402750,0.013245799,0.008774954,0.047999549,48.486166803,0.650000000,0.037065713,0.064440241,6.429652961,0.102388554,55.953366895,0,8,8,0,0.011782032,2,0,0,0,0,0,668,3,20369,77985,22703,135,2927,1132559
1623,1517157396.187499046,1517157396.288338184,1,0,0,1,175.213160461,51.960558960,-6.426410650,0.040368768,0.001394182,0.976082304,0.213615906,684,473,0.691520468,0.022079010,0.014183657,0.009786765,0.054820440,43.223635974,0.600000000,0.038567571,0.065250660,6.394288893,0.102236671,54.693982790,0,15,15,0,0.021929825,7,0,0,0,0,0,662,7,20370,78000,22710,135,2927,1133221
1624,1517157396.288358927,1517157396.389198303,1,0,0,1,174.950892556,52.077309585,-6.415741683,0.040776990,-0.000140944,0.976243061,0.212806727,682,496,0.727272727,0.022769500,0.012493863,0.008554842,0.049882695,48.506742785,0.550000000,0.039645011,0.065290972,6.375996340,0.076659290,53.891682299,0,8,8,0,0.011730205,5,0,0,0,0,0,669,5,20370,78008,22715,135,2927,1133890
1625,1517157396.389219046,1517157396.490058184,1,0,0,1,174.700876860,52.187552516,-6.405150861,0.044161967,-0.000980940,0.976367266,0.211555477,694,490,0.706051873,0.021134698,0.012373162,0.008149552,0.050028531,51.922278529,0.500000000,0.040655899,0.067926771,6.335700847,0.068514572,53.276313825,0,13,13,0,0.018731988,4,0,0,0,0,0,677,4,20370,78021,22719,135,2927,1134567
1626,1517157396.490078926,1517157396.590918303,1,0,0,1,174.449592820,52.295328724,-6.394187363,0.046119823,-0.000655226,0.976390419,0.211031472,664,468,0.704819277,0.019723766,0.011997538,0.007294231,0.045670560,53.874600513,0.450000000,0.041247196,0.070657072,6.302517926,0.063391559,52.967072408,0,13,13,0,0.019578313,3,0,0,0,0,0,648,3,20371,78034,22722,135,2927,1135215
1627,1517157396.590939045,1517157396.691778183,1,0,0,1,174.200855438,52.401588420,-6.383452771,0.046185146,0.000211852,0.976499828,0.210511220,661,474,0.717095310,0.019248680,0.012045187,0.007558421,0.051658792,53.569461399,0.400000000,0.042394905,0.075371999,6.262480568,0.059165678,52.536905440,0,6,6,0,0.009077156,3,0,0,0,0,0,652,3,20372,78040,22725,135,2927,1135867
1628,1517157396.691798925,1517157396.792638302,1,0,0,1,173.937224536,52.511997841,-6.375814646,0.045540233,-0.006383243,0.975732165,0.214084292,663,480,0.723981900,0.019407504,0.013066054,0.008301733,0.052102603,52.204653763,0.350000000,0.043452762,0.079405527,6.218348663,0.051100830,52.024650878,0,9,9,0,0.013574661,3,0,0,0,0,0,651,3,20373,78049,22728,135,2927,1136518
1629,1517157396.792659998,1517157396.893498182,1,0,0,1,173.679920903,52.623605793,-6.367455915,0.043849086,-0.014336636,0.969756429,0.239675170,654,470,0.718654434,0.017618049,0.011689186,0.008081065,0.055789922,53.333067743,0.300000000,0.044488485,0.084260767,6.174950168,0.100360540,51.821113929,0,10,9,1,0.015290520,4,0,0,0,0,0,640,4,20374,78059,22732,135,2927,1137158
1630,1517157396.893520117,1517157396.994358301,1,0,0,1,173.437241120,52.749669608,-6.354200016,0.041340691,-0.012150179,0.962837203,0.266623032,659,472,0.716236722,0.019376857,0.012328980,0.008327216,0.050540744,52.347094136,0.250000000,0.045352150,0.079058020,6.115666724,0.149728134,51.610298732,0,5,5,0,0.007587253,5,0,0,0,0,0,649,5,20374,78064,22737,135,2927,1137807
1631,1517157396.994379997,1517157397.095211267,1,0,0,1,173.201333250,52.884105330,-6.345820210,0.040442099,-0.016167961,0.956613035,0.288087719,661,481,0.727685325,0.019558239,0.012386848,0.009093477,0.056782631,50.244551015,0.200000000,0.046300870,0.078227400,5.751943527,0.189933593,51.337787202,0,9,8,1,0.013615734,3,0,0,0,0,0,649,3,20375,78073,22740,135,2927,1138456
1632,1517157397.196091890,1517157397.296931267,1,0,0,1,172.736836786,53.179347644,-6.329467522,0.042550709,-0.009500401,0.955033934,0.293273531,676,475,0.702662722,0.020814963,0.014649615,0.009632960,0.058594988,53.000274122,0.150000000,0.047596630,0.073714727,5.984403874,0.199689215,51.101032420,0,16,16,0,0.023668639,1,0,0,0,0,0,659,1,20376,78089,22741,135,2927,1139115
1633,1517157397.296952009,1517157397.397791386,1,0,0,1,172.498578678,53.332149690,-6.319233310,0.041422088,-0.008141021,0.957978673,0.283716049,662,468,0.706948640,0.017526110,0.011688886,0.007649439,0.070681603,47.770758978,0.100000000,0.049377120,0.078546625,5.950963065,0.214778571,50.693555183,0,13,12,1,0.019637462,0,0,0,0,0,0,649,0,20377,78102,22741,135,2927,1139764
1634,1517157397.397811890,1517157397.498651266,1,0,0,1,172.256958765,53.483828679,-6.310519322,0.046881063,-0.005530344,0.958869308,0.279895035,654,476,0.727828746,0.021050825,0.013491229,0.009067559,0.063751653,50.069361073,0.100000000,0.050544809,0.074914550,5.932881116,0.222004301,50.597191439,0,16,16,0,0.024464832,0,0,0,0,0,0,638,0,20377,78118,22741,135,2927,1140402
1635,1517157397.498672009,1517157397.599511385,1,0,0,1,172.010983371,53.635448173,-6.304242419,0.049417011,-0.005315841,0.959039335,0.278878565,642,450,0.700934579,0.020112579,0.012566256,0.008804433,0.070897120,47.283638853,0.050000000,0.052354392,0.073604734,5.915808708,0.222846770,50.069944165,0,16,15,1,0.024922118,5,0,0,0,0,0,621,5,20378,78134,22746,135,2927,1141023
1636,1517157397.599531889,1517157397.700371265,1,0,0,1,171.759410246,53.791994236,-6.291911147,0.048878955,-0.005662432,0.958689431,0.280166663,653,469,0.718223583,0.020137746,0.012921927,0.008781234,0.075951401,48.392352041,0.050000000,0.053877162,0.072186455,5.914025013,0.224618018,50.092460103,0,11,11,0,0.016845329,0,0,0,0,0,0,640,2,20379,78145,22746,135,2927,1141663
1637,1517157397.700392008,1517157397.801231384,1,0,0,1,171.510929111,53.943125060,-6.282805396,0.048324818,-0.003824644,0.958354954,0.281435368,644,461,0.715838509,0.019970634,0.014635139,0.009481889,0.078516752,47.856670915,0.000000000,0.055949623,0.070915459,5.903763486,0.225607569,49.688581919,0,9,9,0,0.013975155,1,0,0,0,0,0,631,4,20379,78154,22747,135,2927,1142294
1638,1517157397.801251888,1517157397.902091265,1,0,0,1,171.262060681,54.097493381,-6.272126945,0.044588947,-0.003426727,0.959039933,0.279718593,661,473,0.715582451,0.020460598,0.013860192,0.009380481,0.091087170,47.729065965,0.000000000,0.057967567,0.067964664,5.908633618,0.227471097,49.787645925,0,9,9,0,0.013615734,1,0,0,0,0,0,651,1,20379,78163,22748,135,2927,1142945
1639,1517157397.902112007,1517157398.002838373,1,0,0,1,171.012779020,54.248032231,-6.258412674,0.048035709,0.001452972,0.961288900,0.271319202,661,471,0.712556732,0.022616855,0.014704169,0.010089471,0.085231315,50.324084549,0.000000000,0.059892903,0.071572101,5.911764419,0.238117218,49.920300373,0,8,8,0,0.012102874,1,0,0,0,0,0,652,1,20380,78171,22749,135,2927,1143597
1640,1517157398.002859116,1517157398.103698254,1,0,0,1,170.765508651,54.390549735,-6.243192227,0.046543058,0.007544462,0.967426036,0.248724125,677,465,0.686853767,0.022153799,0.012814278,0.008762882,0.100192051,46.343201106,0.000000000,0.062700955,0.071285228,5.919149815,0.284412079,49.817764841,0,10,10,0,0.014771049,5,0,0,0,0,0,662,5,20380,78181,22754,135,2927,1144259
1641,1517157398.103718996,1517157398.204558372,1,0,0,1,170.514298880,54.526169622,-6.230048494,0.048078184,0.008331196,0.970965384,0.234190739,683,459,0.672035139,0.022351810,0.014723033,0.009144668,0.096962070,46.305005433,0.000000000,0.065357129,0.073826130,5.648232210,0.313582777,49.639333285,0,11,11,0,0.016105417,6,0,0,0,0,0,666,6,20380,78192,22760,135,2927,1144925
1642,1517157398.204579115,1517157398.305418253,1,0,0,1,170.258115613,54.659939594,-6.216117891,0.043635764,0.007079618,0.972138435,0.230201353,686,471,0.686588921,0.021650484,0.013471785,0.008934912,0.106836444,43.215432611,0.000000000,0.068298974,0.072097048,5.658364210,0.317301627,49.375796575,0,17,17,0,0.024781341,5,0,0,0,0,0,664,5,20380,78209,22765,135,2927,1145589
1643,1517157398.305438995,1517157398.406278372,1,0,0,1,169.999010447,54.790521881,-6.203737131,0.046518674,0.010128925,0.972255934,0.229023616,705,506,0.717730496,0.025268509,0.015615441,0.010230876,0.129362056,38.533949264,0.000000000,0.072026055,0.086264925,5.661499983,0.317517025,49.141312240,0,18,18,0,0.025531915,4,0,0,0,0,0,683,4,20380,78227,22769,135,2927,1146272
1644,1517157398.507158995,1517157398.607998371,1,0,0,1,169.488407593,55.040907047,-6.182009392,0.044172142,0.002543272,0.971673950,0.232146695,761,512,0.672798949,0.025116893,0.016394087,0.009827012,0.158243849,32.387108669,0.000000000,0.077444113,0.095498370,5.957157164,0.320729905,48.335330534,0,29,29,0,0.038107753,2,0,0,0,0,0,730,2,20383,78256,22771,135,2927,1147002
1645,1517157398.608019114,1517157398.708858252,1,0,0,1,169.239395345,55.160856820,-6.169937522,0.046274195,0.000176914,0.972120933,0.229868569,818,537,0.656479218,0.024341964,0.015635558,0.009955959,0.167280960,32.105718694,0.000000000,0.083306734,0.101820335,5.960175873,0.324540582,47.344502542,0,26,26,0,0.031784841,9,0,0,0,0,0,783,9,20381,78282,22780,135,2927,1147785
1646,1517157398.708878994,1517157398.809718370,1,0,0,1,169.003513473,55.274432362,-6.157662584,0.045861761,0.001173573,0.972387802,0.228817140,802,546,0.680798005,0.024772501,0.015448404,0.009666417,0.170005641,31.788066307,0.000000000,0.089523488,0.107091902,5.951567702,0.325661335,46.240175832,0,18,17,1,0.022443890,6,0,0,0,0,0,778,6,20383,78300,22786,135,2927,1148563
1647,1517157398.809739113,1517157398.910578251,1,0,0,1,168.775921573,55.382230840,-6.141502987,0.037295166,0.004292589,0.972867572,0.228296586,841,559,0.664684899,0.023373190,0.014081600,0.008754122,0.178000435,31.465451456,0.000000000,0.095840570,0.106186787,5.917996828,0.320292393,45.134975335,0,19,19,0,0.022592152,7,0,0,0,0,0,814,8,20384,78319,22793,135,2927,1149377
1648,1517157398.910599947,1517157399.011376381,1,0,0,1,168.561998687,55.487407112,-6.127342072,0.032003137,-0.006486311,0.971300323,0.235604350,828,555,0.670289855,0.027628313,0.018500045,0.011372678,0.171561424,31.118138748,0.000000000,0.101813511,0.119128580,5.876206028,0.282449731,44.080649584,0,33,30,3,0.039855072,9,0,0,0,0,0,786,9,20387,78352,22802,135,2927,1150163
1649,1517157399.011398077,1517157399.112236261,1,0,0,1,168.351661110,55.592564227,-6.120164141,0.025894505,-0.021699787,0.958491190,0.283113462,834,558,0.669064748,0.027918382,0.020203257,0.012069478,0.171529440,33.110010443,0.000000000,0.107600487,0.122576409,5.837684312,0.324051462,43.069496719,0,23,23,0,0.027577938,4,0,0,0,0,0,807,4,20387,78375,22806,135,2927,1150970
1650,1517157399.112257957,1517157399.213097334,1,0,0,1,168.163064239,55.704447392,-6.116866017,0.023056674,-0.027046923,0.941264484,0.335794616,843,571,0.677342823,0.021458892,0.013058602,0.008217221,0.170004532,30.415091605,0.000000000,0.113573677,0.118659172,5.785342081,0.390260479,41.972896592,0,20,18,2,0.023724792,2,0,0,0,0,0,821,2,20390,78395,22808,135,2927,1151791
1651,1517157399.213118076,1517157399.313957214,1,0,0,1,167.994736269,55.832113619,-6.109684231,0.023090726,-0.024107429,0.928027480,0.371013000,853,595,0.697538101,0.022346373,0.013759105,0.008344217,0.161210512,32.097174876,0.000000000,0.118795071,0.114310902,5.446100188,0.454328060,41.065527785,0,31,31,0,0.036342321,7,0,0,0,0,0,815,7,20390,78426,22815,135,2927,1152606
1652,1517157399.414838076,1517157399.515677214,1,0,0,1,167.698042782,56.121203178,-6.093744461,0.027836887,-0.014271128,0.915477157,0.401152112,815,552,0.677300613,0.021925879,0.013283257,0.008626062,0.158097037,31.846834276,0.000000000,0.123770173,0.112870232,5.577421222,0.500399272,40.007855793,0,15,14,1,0.018404908,2,0,0,0,0,0,798,2,20391,78441,22817,135,2927,1153404
1653,1517157399.515697956,1517157399.616537333,1,0,0,1,167.571298600,56.270430764,-6.086096861,0.024634506,-0.017524768,0.907150830,0.419718233,809,547,0.676143387,0.025422899,0.015150618,0.010621552,0.155756813,31.222424034,0.000000000,0.128023934,0.101579389,5.487941981,0.533458506,39.180439046,0,17,16,1,0.021013597,4,0,0,0,0,0,788,4,20393,78458,22821,135,2927,1154192
1654,1517157399.616558075,1517157399.717397213,1,0,0,1,167.447155113,56.421284040,-6.075768746,0.023335251,-0.017309156,0.892992599,0.449132583,796,520,0.653266332,0.022858885,0.014621211,0.009926230,0.161680037,31.530622535,0.000000000,0.132920353,0.099331657,5.394563298,0.596898263,38.253502119,0,23,22,1,0.028894472,5,0,0,0,0,0,767,6,20394,78481,22826,135,2927,1154959
1655,1517157399.717417955,1517157399.818257332,1,0,0,1,167.332484633,56.572777099,-6.072627707,0.026695034,-0.014535802,0.879558846,0.474818198,816,569,0.697303922,0.022526310,0.014580174,0.009246427,0.162119622,29.186979435,0.000000000,0.137481478,0.094564816,5.288027966,0.652553637,37.348669148,0,18,17,1,0.022058824,8,0,0,0,0,0,790,8,20394,78499,22834,135,2927,1155749
1656,1517157399.818278074,1517157399.919117212,1,0,0,1,167.222131434,56.736834860,-6.070872282,0.030825320,-0.011142006,0.878355799,0.476882318,785,536,0.682802548,0.023127275,0.013232000,0.008696313,0.143393539,32.393817181,0.000000000,0.140853585,0.088999286,5.194779927,0.654890145,36.548742405,0,12,12,0,0.015286624,8,0,0,0,0,0,765,8,20395,78511,22842,135,2927,1156514
1657,1517157399.919137955,1517157400.019916296,1,0,0,1,167.110236080,56.907352592,-6.066759520,0.037389465,-0.007926485,0.879539082,0.474289155,774,545,0.704134367,0.023372700,0.014612428,0.009318558,0.154976891,32.082779832,0.000000000,0.144676592,0.081943576,5.105723124,0.656284383,35.760047851,0,24,23,1,0.031007752,5,0,0,0,0,0,745,5,20396,78535,22847,135,2927,1157259
1658,1517157400.019937038,1517157400.120776176,1,0,0,1,166.996300183,57.081430856,-6.060895449,0.037701806,-0.012171433,0.873017149,0.486077655,767,529,0.689700130,0.023981215,0.014566494,0.009399641,0.160988475,31.059864597,0.000000000,0.148171657,0.075747036,5.022322537,0.666173614,34.926587783,0,22,22,0,0.028683181,4,0,0,0,0,0,740,5,20397,78557,22851,135,2927,1157999
1659,1517157400.120796919,1517157400.221636295,1,0,0,1,166.880364634,57.260554515,-6.054136033,0.040366567,-0.012359193,0.866783199,0.496895037,750,514,0.685333333,0.020889639,0.014437025,0.009701549,0.178084908,29.081742963,0.000000000,0.152814337,0.079825119,4.949991777,0.644763230,33.864470703,0,11,10,1,0.014666667,0,0,0,0,0,0,738,1,20398,78568,22851,135,2927,1158737
1660,1517157400.221657038,1517157400.322496414,1,0,0,1,166.770237169,57.446507913,-6.043473367,0.042896300,-0.014942681,0.861671959,0.505428589,738,505,0.684281843,0.023841770,0.015540430,0.009749198,0.168923390,30.177476398,0.000000000,0.156250904,0.078268466,4.880589148,0.634843542,33.056184468,0,12,12,0,0.016260163,4,0,0,0,0,0,721,5,20399,78580,22855,135,2927,1159458
1661,1517157400.322516918,1517157400.423356295,1,0,0,1,166.660381723,57.635568381,-6.036789325,0.045614197,-0.013096014,0.856841016,0.513391967,699,470,0.672389127,0.021500528,0.014294957,0.009126578,0.177452645,30.542054828,0.000000000,0.160275432,0.080098075,4.810009811,0.645158629,32.268036938,0,7,7,0,0.010014306,1,0,0,0,0,0,691,1,20399,78587,22856,135,2927,1160149
1662,1517157400.524236917,1517157400.625076294,1,0,0,1,166.430459267,58.034959479,-6.023652012,0.050067072,-0.008571081,0.859995769,0.507766780,648,441,0.680555556,0.023573884,0.016361259,0.009077459,0.180471555,31.678712677,0.000000000,0.163957188,0.077385287,4.980627087,0.655502540,31.691200941,0,10,10,0,0.015432099,3,0,0,0,0,0,635,3,20399,78597,22859,135,2927,1160784
1663,1517157400.625097036,1517157400.725936413,1,0,0,1,166.311532311,58.242442186,-6.020790051,0.051625949,-0.010620981,0.860532883,0.506660748,630,429,0.680952381,0.023179564,0.014652379,0.009464215,0.186769678,31.027534583,0.000000000,0.166827569,0.076483013,4.650689505,0.652306058,31.315880207,0,10,10,0,0.015873016,3,0,0,0,0,0,617,3,20400,78607,22862,135,2927,1161401
1664,1517157400.725956917,1517157400.826796293,1,0,0,1,166.184925058,58.453595616,-6.012165019,0.053822648,-0.009558239,0.860633411,0.506282426,598,409,0.683946488,0.021833589,0.014081486,0.008086920,0.189530834,27.209598417,0.000000000,0.168391918,0.077404698,4.620381973,0.648056966,31.057004694,0,13,13,0,0.021739130,2,0,0,0,0,0,583,2,20400,78620,22864,135,2927,1161984
1665,1517157400.826817036,1517157400.927656412,1,0,0,1,166.057956612,58.668522882,-6.005091547,0.054901787,-0.008577736,0.859802397,0.507594380,579,392,0.677029361,0.021429687,0.012817777,0.008724854,0.201974511,24.082602445,0.000000000,0.170126596,0.079701305,4.608022916,0.649223121,30.655848882,0,7,6,1,0.012089810,3,0,0,0,0,0,569,3,20401,78627,22867,135,2927,1162553
1666,1517157400.927676916,1517157401.028455257,1,0,0,1,165.926069716,58.890832473,-5.998908288,0.053382369,-0.008737409,0.860540519,0.506501723,568,381,0.670774648,0.020064613,0.012183034,0.008298292,0.188412266,23.153286469,0.000000000,0.171046927,0.084839900,4.614235800,0.650636105,30.224109890,0,10,8,2,0.017605634,3,0,0,0,0,0,555,3,20403,78637,22870,135,2927,1163108
1667,1517157401.028476000,1517157401.129315376,1,0,0,1,165.795144178,59.112114676,-5.988442223,0.056874896,-0.009911224,0.860575438,0.506040443,548,373,0.680656934,0.020546629,0.012203466,0.008096637,0.205443728,21.012391164,0.000000000,0.172419092,0.088692071,4.632761851,0.637109361,29.701456875,0,7,7,0,0.012773723,7,0,0,0,0,0,534,7,20402,78644,22877,135,2927,1163642
1668,1517157401.129337072,1517157401.230175257,1,0,0,1,165.659902212,59.339530728,-5.977671506,0.055201209,-0.012723741,0.861721419,0.504209411,525,354,0.674285714,0.020585837,0.011985966,0.008090229,0.188273324,20.858482052,0.000000000,0.173254687,0.079419518,4.662303219,0.544244999,29.188474040,0,7,5,2,0.013333333,2,0,0,0,0,0,516,2,20405,78651,22879,135,2927,1164158
1669,1517157401.230196953,1517157401.331035376,1,0,0,1,165.525972062,59.567813104,-5.962897280,0.056177835,-0.009731760,0.861639319,0.504308464,525,337,0.641904762,0.021373687,0.012413464,0.007851103,0.200262813,18.899261635,0.000000000,0.174691356,0.060076380,4.708073683,0.434131743,28.477936600,0,12,11,1,0.022857143,7,0,0,0,0,0,506,7,20405,78663,22886,135,2927,1164664
1670,1517157401.331057072,1517157401.431896210,1,0,0,1,165.386559692,59.798045014,-5.952390646,0.059048823,-0.014087178,0.861644704,0.503868228,515,335,0.650485437,0.021299213,0.013947623,0.008643624,0.208057094,19.068173669,0.000000000,0.176593984,0.060340586,4.766042993,0.359430560,27.910590703,0,7,7,0,0.013592233,1,0,0,0,0,0,507,1,20404,78670,22887,135,2927,1165171
1671,1517157401.431916952,1517157401.532756329,1,0,0,1,165.249572895,60.028911093,-5.938678887,0.060459678,-0.011119665,0.861596922,0.503856849,503,317,0.630218688,0.023579086,0.013133632,0.009060947,0.183330770,20.624068710,0.000000000,0.177699997,0.061488852,4.620288702,0.293775459,27.336935395,0,10,9,1,0.019880716,8,0,0,0,0,0,485,8,20404,78680,22895,135,2927,1165656
1672,1517157401.633636951,1517157401.734476328,1,0,0,1,164.963201076,60.518570344,-5.916500049,0.057259200,-0.004631052,0.861503827,0.504490926,493,305,0.618661258,0.024444127,0.015823749,0.010715917,0.216048880,17.473014401,0.000000000,0.180597589,0.064232491,4.992036915,0.254623103,26.618244401,0,12,12,0,0.024340771,3,0,0,0,0,0,478,3,20403,78692,22898,135,2927,1166134
1673,1517157401.734497070,1517157401.835336208,1,0,0,1,164.814833873,60.768033477,-5.907758385,0.053346297,-0.006727279,0.861818792,0.504358291,498,310,0.622489960,0.022207705,0.014987986,0.009250094,0.235419407,16.169783143,0.000000000,0.184580718,0.057145575,5.086777928,0.190299705,25.865612357,0,10,10,0,0.020080321,1,0,0,0,0,0,487,1,20402,78702,22899,135,2927,1166621
1674,1517157401.835356951,1517157401.936196327,1,0,0,1,164.663006178,61.021769621,-5.902122960,0.051177057,-0.009161409,0.862370612,0.503600938,477,296,0.620545073,0.020866869,0.013020153,0.008563916,0.223460344,16.694448478,0.000000000,0.187669734,0.058785411,5.192498935,0.134232453,25.123803654,0,12,12,0,0.025157233,5,0,0,0,0,0,460,5,20404,78714,22904,135,2927,1167081
1675,1517157401.936217070,1517157402.036995411,1,0,0,1,164.508227641,61.275249694,-5.893657933,0.052004263,-0.007532108,0.862760634,0.502874648,480,296,0.616666667,0.019622295,0.012678203,0.008199094,0.214323359,17.733274257,0.000000000,0.190279921,0.064312666,5.291892048,0.130606848,24.551118395,0,7,7,0,0.014583333,5,0,0,0,0,0,468,5,20404,78721,22909,135,2927,1167549
1676,1517157402.037015915,1517157402.137855291,1,0,0,1,164.351857664,61.533531196,-5.884895067,0.053349850,-0.009744770,0.863291130,0.501784075,474,294,0.620253165,0.018016866,0.012022741,0.007864437,0.233865676,17.118000438,0.000000000,0.194803527,0.075506755,5.389953259,0.127851658,23.787327558,0,7,6,1,0.014767932,2,0,0,0,0,0,465,2,20405,78728,22911,135,2927,1168014
1677,1517157402.137876034,1517157402.238715410,1,0,0,1,164.194978206,61.793422294,-5.877827193,0.048912224,-0.010314480,0.862951577,0.502807897,458,282,0.615720524,0.018207546,0.010706298,0.007672735,0.211565084,19.118679752,0.000000000,0.197632937,0.082642312,5.485472990,0.102804157,23.139122554,0,15,15,0,0.032751092,1,0,0,0,0,0,442,1,20408,78743,22912,135,2927,1168456
1678,1517157402.238735914,1517157402.339575291,1,0,0,1,164.042112824,62.053475932,-5.866436788,0.039454795,-0.015657411,0.852798490,0.520512151,486,293,0.602880658,0.019419015,0.012782088,0.007736224,0.260864866,15.940394021,0.000000000,0.202626757,0.081937992,5.573866875,0.117604156,22.383149025,0,11,9,2,0.022633745,1,0,0,0,0,0,474,1,20410,78754,22913,135,2927,1168930
1679,1517157402.339596033,1517157402.440435410,1,0,0,1,163.896997486,62.317101302,-5.861790148,0.017787224,-0.026606210,0.829947904,0.556922078,482,300,0.622406639,0.019851827,0.012976213,0.008117213,0.238101168,17.415595352,0.000000000,0.205627570,0.083422613,5.658449050,0.182387301,21.799841644,0,12,12,0,0.024896266,2,0,0,0,0,0,468,2,20411,78766,22915,135,2927,1169398
1680,1517157402.440455914,1517157402.541295290,1,0,0,1,163.774280881,62.575519826,-5.855901955,-0.005002992,-0.032776751,0.795244554,0.605381494,519,340,0.655105973,0.020211787,0.011496903,0.007641187,0.229472369,17.616154638,0.000000000,0.208655019,0.079936239,5.725823808,0.282490545,21.171775556,0,11,9,2,0.021194605,4,0,0,0,0,0,504,4,20413,78777,22919,135,2927,1169902
1681,1517157402.541316032,1517157402.642155409,1,0,0,1,163.685958777,62.835796765,-5.852450996,-0.006712151,-0.030223354,0.754597454,0.655457228,559,361,0.645796064,0.021386884,0.013780893,0.007886748,0.296623916,15.324123858,0.000000000,0.214613582,0.079900882,5.539668117,0.399381750,20.410879008,0,12,12,0,0.021466905,5,0,0,0,0,0,542,5,20418,78789,22924,135,2927,1170444
1682,1517157402.743036032,1517157402.843875408,1,0,0,1,163.591268317,63.373079652,-5.853256069,0.020360727,-0.016498562,0.747898458,0.663295662,513,340,0.662768031,0.021298679,0.015036352,0.008113785,0.263140391,16.989404669,0.000000000,0.218747024,0.075664590,5.846064826,0.418405370,19.676413608,0,7,7,0,0.013645224,5,0,0,0,0,0,501,5,20418,78796,22929,135,2927,1170945
1683,1517157402.843895912,1517157402.944735289,1,0,0,1,163.559979907,63.650755607,-5.851115708,0.035520682,-0.010135363,0.762600938,0.645813723,469,301,0.641791045,0.019994734,0.013600363,0.008255672,0.252132904,17.571508538,0.000000000,0.222015185,0.072812689,5.879153691,0.462643197,19.003612305,0,10,10,0,0.021321962,3,0,0,0,0,0,456,3,20418,78806,22932,135,2927,1171401
1684,1517157402.944756031,1517157403.045534372,1,0,0,1,163.517342161,63.926277430,-5.845849996,0.037488568,-0.008735208,0.768615507,0.638551882,463,304,0.656587473,0.018106842,0.010983724,0.007158214,0.253533498,17.578687805,0.000000000,0.225215318,0.077805805,5.908275515,0.478074683,18.522066775,0,3,3,0,0.006479482,1,0,0,0,0,0,459,1,20417,78809,22933,135,2927,1171860
1685,1517157403.045555115,1517157403.146394253,1,0,0,1,163.468948642,64.202928298,-5.841903887,0.035316607,-0.012522579,0.761677826,0.646871557,470,316,0.672340426,0.017774202,0.010669731,0.007219335,0.283107378,16.917342318,0.000000000,0.229271962,0.083534521,5.930593574,0.496716270,18.163803768,0,6,6,0,0.012765957,3,0,0,0,0,0,461,3,20417,78815,22936,135,2927,1172321
1686,1517157403.146414995,1517157403.247254372,1,0,0,1,163.422815887,64.477966968,-5.837837372,0.045279594,-0.004124893,0.755810743,0.653209663,452,301,0.665929204,0.019901965,0.012542856,0.008029686,0.312774881,16.105560901,0.000000000,0.235490093,0.083673865,5.952177675,0.514412001,17.811417490,0,3,3,0,0.006637168,2,0,0,0,0,0,447,2,20418,78818,22938,135,2927,1172768
1687,1517157403.247275114,1517157403.348114252,1,0,0,1,163.377321688,64.754686431,-5.833476661,0.047950002,0.005038923,0.774765254,0.630407970,445,303,0.680898876,0.021083531,0.014443647,0.009369535,0.332558328,15.507737009,0.000000000,0.241845822,0.083845112,5.967835622,0.568720837,17.536184782,0,5,5,0,0.011235955,2,0,0,0,0,0,438,2,20418,78823,22940,135,2927,1173206
1688,1517157403.348134995,1517157403.448974371,1,0,0,1,163.321767839,65.029414922,-5.829172033,0.051709534,0.025063928,0.806497478,0.588438393,460,300,0.652173913,0.018401429,0.011638234,0.007526413,0.318206078,15.646541015,0.000000000,0.248342460,0.087105328,5.983075879,0.673132055,17.275587730,0,3,3,0,0.006521739,1,0,0,0,0,0,456,1,20418,78826,22941,135,2927,1173662
1689,1517157403.448995113,1517157403.549834251,1,0,0,1,163.248073523,65.280565666,-5.821805994,0.044558106,0.038949185,0.830663600,0.553620375,502,321,0.639442231,0.019583045,0.013018940,0.007274400,0.294470742,17.381015783,0.000000000,0.253052857,0.087063669,5.975562463,0.758173726,17.199675438,0,0,0,0,0.000000000,1,0,0,0,0,0,501,1,20418,78826,22942,135,2927,1174163
1690,1517157403.549855947,1517157403.650694370,1,0,0,1,163.162952944,65.495822101,-5.811358249,0.024161564,0.043618459,0.841702494,0.537634226,534,353,0.661048689,0.021231011,0.013766892,0.009469572,0.317334388,16.416067024,0.000000000,0.258516721,0.086982484,5.938475164,0.798753229,17.067070105,0,8,8,0,0.014981273,3,0,0,0,0,0,523,3,20419,78834,22945,135,2927,1174686
1691,1517157403.650716066,1517157403.751555204,1,0,0,1,163.083493609,65.675533396,-5.803029055,-0.019559710,0.033438093,0.830317915,0.555941968,566,355,0.627208481,0.029008553,0.020782319,0.012931677,0.393830408,15.079344706,0.000000000,0.269041703,0.122331562,5.567460163,0.839681820,16.789833905,0,11,10,1,0.019434629,0,0,0,0,0,0,555,0,20422,78845,22945,135,2927,1175241
1692,1517157403.852436066,1517157403.953275204,1,0,0,1,163.021000191,65.913791035,-5.796945177,-0.026397346,0.049238037,0.809190730,0.584883884,715,457,0.639160839,0.029008311,0.022490640,0.014525600,0.517813322,16.603651030,0.000000000,0.284129925,0.145184231,5.523471465,0.909086253,16.746365737,0,16,14,2,0.022377622,3,0,0,0,0,0,696,3,20423,78861,22948,135,2927,1175937
1693,1517157403.953295946,1517157404.054073334,1,0,0,1,163.016760828,65.946067403,-5.793981035,-0.019461786,0.048099042,0.812201220,0.581065314,767,467,0.608865711,0.022703947,0.014721002,0.009416199,0.566726129,18.711959977,0.000000000,0.300695261,0.145676520,5.260414161,0.916580714,16.873474578,0,22,19,3,0.028683181,1,0,0,0,0,0,744,1,20426,78883,22949,135,2927,1176681
1694,1517157404.054094076,1517157404.154933214,1,0,0,1,163.010451328,65.949927401,-5.794302701,-0.013088558,0.035118926,0.812194713,0.582181328,776,462,0.595360825,0.023700593,0.016969382,0.011585538,0.610538210,18.325120973,0.000000000,0.320049155,0.147851126,4.970697889,0.918067714,16.955008203,0,17,17,0,0.021907216,2,0,0,0,0,0,757,2,20427,78900,22951,135,2927,1177438
1695,1517157404.154953957,1517157404.255793333,1,0,0,1,163.012979757,65.937672525,-5.794512991,-0.000327444,0.022965792,0.812764469,0.582139488,766,455,0.593994778,0.023932203,0.016885521,0.010997955,0.568349940,18.449019604,0.000000000,0.337750484,0.148774570,4.681156871,0.915671572,16.990795470,0,16,16,0,0.020887728,0,0,0,0,0,0,750,0,20428,78916,22951,135,2927,1178188
1696,1517157404.255814075,1517157404.356653214,1,0,0,1,163.017132941,65.925950951,-5.792747456,0.007637064,0.021271715,0.812929973,0.581922717,753,452,0.600265604,0.024246247,0.016895394,0.010588761,0.564165249,18.042546679,0.000000000,0.354265462,0.145849359,4.390065237,0.914254648,17.037022783,0,9,8,1,0.011952191,1,0,0,0,0,0,743,1,20429,78925,22952,135,2927,1178931
1697,1517157404.356673956,1517157404.457513332,1,0,0,1,163.020383005,65.916835209,-5.795626854,0.013196132,0.019745428,0.812784404,0.582080314,748,464,0.620320856,0.025394478,0.018725051,0.012248844,0.598823565,18.269183261,0.000000000,0.373628386,0.144332184,4.098292355,0.874950065,16.994547958,0,6,6,0,0.008021390,1,0,0,0,0,0,741,1,20430,78931,22953,135,2927,1179672
1698,1517157404.457534075,1517157404.558373213,1,0,0,1,163.022796862,65.910488940,-5.798840687,0.016635930,0.017663561,0.812643512,0.582255757,741,459,0.619433198,0.023901458,0.016218235,0.010303236,0.570525491,18.000933934,0.000000000,0.389111418,0.142009456,3.804841945,0.790880911,17.097574954,0,12,12,0,0.016194332,1,0,0,0,0,0,728,1,20430,78943,22954,135,2927,1180400
1699,1517157404.558393955,1517157404.659233332,1,0,0,1,163.023555710,65.908049863,-5.800686786,0.017900997,0.017013475,0.812674572,0.582194243,719,447,0.621696801,0.023915589,0.017190892,0.010022733,0.596352126,18.091513607,0.000000000,0.407023966,0.139968527,3.521856989,0.671860702,17.131370866,0,13,13,0,0.018080668,2,0,0,0,0,0,704,2,20431,78956,22956,135,2927,1181104
1700,1517157404.659254074,1517157404.760093212,1,0,0,1,163.024115539,65.909475594,-5.802079094,0.017387628,0.016680747,0.812686844,0.582202298,716,443,0.618715084,0.023618907,0.016627338,0.010422833,0.592704408,17.972770525,0.000000000,0.425185568,0.137901784,3.249050976,0.542675407,17.149201661,0,6,5,1,0.008379888,2,0,0,0,0,0,708,2,20432,78962,22958,135,2927,1181812
1701,1517157404.760113955,1517157404.860953331,1,0,0,1,163.024232225,65.911988608,-5.803033027,0.017187245,0.016451497,0.812660106,0.582252092,715,451,0.630769231,0.023847209,0.017209098,0.010071966,0.583565895,18.887804975,0.000000000,0.439532667,0.137406438,2.706177711,0.521289970,17.327385717,0,6,6,0,0.008391608,2,0,0,0,0,0,707,2,20432,78968,22960,135,2927,1182519
1702,1517157404.860974073,1517157404.961813211,1,0,0,1,163.024431587,65.912911773,-5.802893437,0.017507589,0.016716617,0.812632498,0.582273528,722,453,0.627423823,0.023827128,0.016600881,0.010499404,0.593938954,18.077357272,0.000000000,0.456072595,0.136580403,2.427691044,0.476626810,17.381783347,0,6,6,0,0.008310249,2,0,0,0,0,0,714,2,20433,78974,22962,135,2927,1183233
1703,1517157405.062633038,1517157405.163472414,1,0,0,1,163.023777021,65.913445775,-5.802850567,0.017490607,0.016788794,0.812637392,0.582265132,723,452,0.625172891,0.023798303,0.016673349,0.010573082,0.608003652,18.688236521,0.000000000,0.473866132,0.133117082,2.149685710,0.457939340,17.437619746,0,5,5,0,0.006915629,2,0,0,0,0,0,716,2,20433,78979,22964,135,2927,1183949
1704,1517157405.163492918,1517157405.264332294,1,0,0,1,163.024813300,65.913257531,-5.802377355,0.017714246,0.016803259,0.812659722,0.582226787,724,451,0.622928177,0.023766235,0.017427341,0.010634815,0.598254619,18.088726738,0.000000000,0.491102188,0.122949965,1.869961023,0.436591214,17.463121693,0,5,5,0,0.006906077,2,0,0,0,0,0,717,2,20433,78984,22966,135,2927,1184666
1705,1517157405.264353037,1517157405.365192413,1,0,0,1,163.025139116,65.913218024,-5.801561767,0.017724004,0.016670982,0.812602608,0.582310003,725,446,0.615172414,0.023441187,0.017140592,0.010696731,0.582374070,18.121659817,0.000000000,0.506065523,0.109532354,1.591929723,0.418492303,17.523337568,0,6,6,0,0.008275862,3,0,0,0,0,0,716,3,20433,78990,22969,135,2927,1185382
1706,1517157405.365212917,1517157405.466052294,1,0,0,1,163.025781330,65.914636276,-5.802995065,0.020296349,0.014881363,0.812736154,0.582088092,720,447,0.620833333,0.023495287,0.016513630,0.010442570,0.605052419,17.889110385,0.000000000,0.520679400,0.103194879,1.313577726,0.359855995,17.612515042,0,7,7,0,0.009722222,2,0,0,0,0,0,711,2,20433,78997,22971,135,2927,1186093
1707,1517157405.466073036,1517157405.566912413,1,0,0,1,163.024228027,65.926485045,-5.806328853,0.046494192,-0.000531028,0.813352909,0.579909522,724,436,0.602209945,0.024752945,0.018162490,0.011626130,0.583937902,18.073704660,0.000000000,0.533248378,0.099933009,1.045662043,0.257489251,17.740813424,0,17,17,0,0.023480663,1,0,0,0,0,0,706,1,20433,79014,22972,135,2927,1186799
1708,1517157405.566932917,1517157405.667772293,1,0,0,1,163.012081557,65.963989370,-5.808858253,0.063493196,-0.013924958,0.812730464,0.579002506,714,423,0.592436975,0.023260416,0.016999556,0.011212542,0.546256474,17.743997703,0.000000000,0.544650898,0.084859557,0.823322225,0.171881043,17.845686259,0,13,12,1,0.018207283,1,0,0,0,0,0,700,1,20435,79027,22973,135,2927,1187499
1709,1517157405.667793036,1517157405.768632412,1,0,0,1,162.983936364,66.060212424,-5.809722338,0.063749037,-0.014064375,0.815411294,0.575189251,745,446,0.598657718,0.027170253,0.020439816,0.012940478,0.593509769,18.063988590,0.000000000,0.559602850,0.076911311,0.691869734,0.140252833,17.879834899,0,18,16,2,0.024161074,2,0,0,0,0,0,725,2,20439,79045,22975,135,2927,1188224
1710,1517157405.768652916,1517157405.869492292,1,0,0,1,162.948612055,66.181414460,-5.809160420,0.068313855,-0.012433921,0.820612785,0.567250625,838,470,0.560859189,0.028663075,0.019083596,0.012805853,0.626056949,20.027620421,0.000000000,0.575038978,0.078584168,0.621445184,0.116402972,18.060412569,0,14,14,0,0.016706444,5,0,0,0,0,0,819,5,20441,79059,22980,135,2927,1189043
1711,1517157405.869513988,1517157405.970352411,1,0,0,1,162.890921117,66.332695885,-5.799524073,0.068194087,-0.018220983,0.823135327,0.563441031,884,474,0.536199095,0.030898092,0.022576386,0.013533881,0.509528864,20.633747248,0.000000000,0.580823900,0.087733984,0.537247791,0.055610791,18.338132696,0,17,17,0,0.019230769,4,0,0,0,0,0,862,5,20447,79076,22984,135,2927,1189905
1712,1517157405.970374107,1517157406.071152210,1,0,0,1,162.816424081,66.518032628,-5.792441243,0.069206164,-0.018380700,0.827755376,0.556501297,918,523,0.569716776,0.030318599,0.022130906,0.013483327,0.545204162,19.113696174,0.000000000,0.582193442,0.093064121,0.704433700,0.062582711,18.463634953,0,26,25,1,0.028322440,9,0,0,0,0,0,882,10,20449,79102,22993,135,2927,1190787
1713,1517157406.071172953,1517157406.172012329,1,0,0,1,162.718891653,66.731443108,-5.784534673,0.070160738,-0.016063374,0.833214725,0.548245074,862,488,0.566125290,0.029048586,0.019209748,0.012181005,0.573937658,19.395067928,0.000000000,0.582554019,0.096051591,0.931804749,0.079232779,18.497790351,0,17,15,2,0.019721578,4,0,0,0,0,0,841,4,20454,79119,22997,135,2927,1191628
1714,1517157406.172033072,1517157406.272870064,1,0,0,1,162.604460396,66.973766160,-5.779342644,0.066628942,-0.013111678,0.837364753,0.542410304,893,524,0.586786114,0.026107029,0.017168077,0.011210295,0.501884548,21.573429424,0.000000000,0.577121336,0.094798421,1.187323443,0.093726899,18.660205773,0,11,11,0,0.012318029,5,0,0,0,0,0,877,5,20455,79130,23002,135,2927,1192505
1715,1517157406.272892952,1517157406.373732328,1,0,0,1,162.471872276,67.245807110,-5.762352790,0.065611350,-0.014865544,0.844062327,0.532008415,977,540,0.552712385,0.027683079,0.019910053,0.012556965,0.482360591,24.272394105,0.000000000,0.572821868,0.095145694,1.477871273,0.118557042,18.951374498,0,21,21,0,0.021494371,3,0,0,0,0,0,951,5,20458,79151,23005,135,2927,1193456
1716,1517157406.373753071,1517157406.474592209,1,0,0,1,162.322442896,67.537723098,-5.746237941,0.061146319,-0.010060476,0.850469085,0.522362183,973,536,0.550873587,0.028308261,0.019987631,0.012184144,0.516645333,24.590376232,0.000000000,0.570445873,0.096378411,1.796109061,0.141257682,19.278765976,0,27,27,0,0.027749229,4,0,0,0,0,0,939,7,20462,79178,23009,135,2927,1194395
1717,1517157406.474612951,1517157406.575452328,1,0,0,1,162.151225430,67.831949800,-5.737458038,0.057484107,-0.005459025,0.854559538,0.516133483,984,527,0.535569106,0.027476248,0.018996496,0.012012875,0.531112615,29.962085411,0.000000000,0.567060325,0.096994329,2.129128764,0.155623477,19.863411084,0,35,32,3,0.035569106,3,0,0,0,0,0,944,5,20470,79213,23012,135,2927,1195339
1718,1517157406.575473070,1517157406.676312208,1,0,0,1,162.041739551,68.003702230,-5.719347001,-0.012890513,0.063756909,0.848090905,0.525842855,1054,578,0.548387097,0.053323710,0.035733392,0.020626536,0.694092200,26.807833591,0.000000000,0.573238661,0.236048134,2.330461970,0.172057430,20.303756066,0,53,48,5,0.050284630,10,0,0,0,0,0,990,11,20475,79266,23022,135,2927,1196329
1719,1517157406.676332951,1517157406.777172327,1,0,0,1,162.047561341,67.845633800,-5.729649127,0.008934336,0.053454685,0.827324487,0.559103718,1015,556,0.547783251,0.061542596,0.037898994,0.024794516,0.731806149,25.290989035,0.000000000,0.580011362,0.335375693,2.486902775,0.252614944,20.663729838,0,45,42,3,0.044334975,6,0,0,0,0,0,964,6,20482,79311,23028,135,2927,1197293
1720,1517157406.777193069,1517157406.878032207,1,0,0,1,162.052392184,67.697985561,-5.734987805,0.066402127,-0.040300150,0.821719971,0.564573241,948,525,0.553797468,0.026363180,0.017930418,0.011214031,0.596853402,25.164155079,0.000000000,0.580218811,0.331752881,2.632035948,0.270805096,21.023299066,0,19,18,1,0.020042194,1,0,0,0,0,0,927,2,20484,79330,23029,135,2927,1198220
1721,1517157406.878052950,1517157406.978892326,1,0,0,1,162.080523440,67.653236721,-5.739570341,0.052558534,-0.019088032,0.830505746,0.554196223,924,514,0.556277056,0.031325141,0.023412699,0.014608174,0.570170266,25.832791956,0.000000000,0.579549030,0.325045304,2.684136174,0.297064738,21.370548415,0,15,12,3,0.016233766,5,0,0,0,0,0,902,7,20486,79345,23034,135,2927,1199122
1722,1517157406.978913069,1517157407.079691410,1,0,0,1,162.114285817,67.624068746,-5.742634550,0.059569136,-0.011814229,0.829278564,0.555525882,921,508,0.551574376,0.026709026,0.018949023,0.011440301,0.511650613,27.585423018,0.000000000,0.575434613,0.321206915,2.728012340,0.301804776,21.845951702,0,20,19,1,0.021715527,2,0,0,0,0,0,899,2,20489,79365,23036,135,2927,1200021
1723,1517157407.079711914,1517157407.180551291,1,0,0,1,162.135958455,67.608541449,-5.746489249,0.059674282,-0.009408382,0.829602400,0.555076860,900,503,0.558888889,0.026551850,0.017990165,0.011661252,0.528222391,25.832470385,0.000000000,0.571445550,0.317446272,2.753795736,0.302669848,22.203163395,0,8,6,2,0.008888889,4,0,0,0,0,0,887,5,20491,79373,23040,135,2927,1200908
1724,1517157407.180572033,1517157407.281411409,1,0,0,1,162.159861515,67.597625992,-5.752159440,0.056776710,-0.007384494,0.828592883,0.556916249,908,509,0.560572687,0.028843187,0.021992321,0.013387176,0.498596638,28.266887735,0.000000000,0.566462651,0.311391039,2.779798824,0.306485386,22.712071445,0,15,14,1,0.016519824,1,0,0,0,0,0,891,2,20492,79388,23041,135,2927,1201799
1725,1517157407.281431913,1517157407.382271290,1,0,0,1,162.164171477,67.593344523,-5.755316317,0.055531373,-0.007643899,0.829134160,0.556232310,907,502,0.553472988,0.023240604,0.016209085,0.011539756,0.489614359,26.562756839,0.000000000,0.561824665,0.311737523,2.784529001,0.308002977,23.134126296,0,7,7,0,0.007717751,3,0,0,0,0,0,896,4,20492,79395,23044,135,2927,1202695
1726,1517157407.382292032,1517157407.483131409,1,0,0,1,162.161985354,67.594194080,-5.757068908,0.055760255,-0.007869302,0.829127843,0.556215685,909,510,0.561056106,0.023520807,0.017261581,0.010838442,0.554312451,24.960389427,0.000000000,0.559287667,0.311694205,2.775050418,0.305407115,23.487690248,0,10,8,2,0.011001100,1,0,0,0,0,0,896,3,20496,79405,23045,135,2927,1203591
1727,1517157407.483151913,1517157407.583991289,1,0,0,1,162.159081296,67.600726648,-5.756274940,0.054148686,-0.006967133,0.829124068,0.556392540,905,505,0.558011050,0.024420182,0.016259226,0.010853800,0.517729376,26.030973268,0.000000000,0.555977240,0.312195797,2.742740080,0.305317668,23.885553678,0,8,8,0,0.008839779,2,0,0,0,0,0,895,2,20495,79413,23047,135,2927,1204486
1728,1517157407.584012032,1517157407.684851408,1,0,0,1,162.155194927,67.604808604,-5.754176235,0.050942845,-0.004798456,0.829361088,0.556364977,912,513,0.562500000,0.025275218,0.017249837,0.011751545,0.522588511,26.281807087,0.000000000,0.554793842,0.309034082,2.648495757,0.296467458,24.312444148,0,12,11,1,0.013157895,2,0,0,0,0,0,897,3,20496,79425,23049,135,2927,1205383
1729,1517157407.684871912,1517157407.785711288,1,0,0,1,162.151030490,67.605543568,-5.753315537,0.049595409,-0.004043886,0.829457905,0.556348386,918,525,0.571895425,0.024878947,0.018061390,0.011671814,0.501930207,26.640732731,0.000000000,0.550214864,0.311921920,2.526565238,0.278260604,24.741281355,0,12,12,0,0.013071895,1,0,0,0,0,0,905,1,20496,79437,23050,135,2927,1206288
1730,1517157407.785732031,1517157407.886571407,1,0,0,1,162.149083680,67.605100346,-5.751386686,0.045739962,-0.001474545,0.829424869,0.556740575,896,499,0.556919643,0.022837602,0.017015764,0.011381863,0.507462935,26.012052690,0.000000000,0.544285164,0.319393834,2.367146522,0.269067027,25.040502968,0,7,7,0,0.007812500,3,0,0,0,0,0,884,5,20496,79444,23053,135,2927,1207172
1731,1517157407.886591911,1517157407.987431288,1,0,0,1,162.147471755,67.596642047,-5.744043436,0.025293500,0.011756319,0.830095475,0.556923271,917,512,0.558342421,0.025763510,0.017862056,0.011260596,0.516931114,27.103763395,0.000000000,0.544655276,0.323488223,2.178588910,0.254031734,25.364003775,0,10,9,1,0.010905125,3,0,0,0,0,0,902,5,20497,79454,23056,135,2927,1208074
1732,1517157408.088251114,1517157408.189090252,1,0,0,1,162.180599619,67.491516662,-5.737835627,-0.010101533,0.030482895,0.828447640,0.559145115,1013,542,0.535044423,0.023880755,0.015315127,0.010885961,0.588818016,27.070253693,0.000000000,0.546835969,0.329783785,2.054210572,0.238256482,25.761831651,0,10,10,0,0.009871668,2,0,0,0,0,0,1001,2,20497,79464,23058,135,2927,1209075
1733,1517157408.189110994,1517157408.289950371,1,0,0,1,162.230544500,67.385655780,-5.736462069,-0.008669069,0.034478821,0.827926644,0.559708433,1021,566,0.554358472,0.026422116,0.016355525,0.011016535,0.620254061,25.282643464,0.000000000,0.549151789,0.331986300,1.903236525,0.224953720,26.056210428,0,13,13,0,0.012732615,3,0,0,0,0,0,1003,5,20498,79477,23061,135,2927,1210078
1734,1517157408.289972067,1517157408.390810251,1,0,0,1,162.277657847,67.247221090,-5.747051999,-0.010696842,0.040647654,0.828554733,0.558328219,1050,592,0.563809524,0.028051455,0.017319914,0.010608446,0.649808475,26.328632314,0.000000000,0.556547985,0.330135157,1.746743453,0.203304525,26.293970573,0,21,19,2,0.020000000,6,0,0,0,0,0,1020,9,20501,79498,23067,135,2927,1211098
1735,1517157408.390831947,1517157408.491670370,1,0,0,1,162.340073465,67.080388635,-5.757255307,-0.008797927,0.039804879,0.828234136,0.558897472,1006,562,0.558648111,0.028714484,0.017580595,0.011195463,0.632173307,26.174335429,0.000000000,0.564038621,0.329347258,1.596826332,0.181342383,26.389067639,0,23,19,4,0.022862823,6,0,0,0,0,0,974,9,20506,79521,23073,135,2927,1212072
1736,1517157408.491692066,1517157408.592531204,1,0,0,1,162.419384538,66.893076605,-5.764967304,0.009661850,0.020683973,0.826772959,0.562072322,974,537,0.551334702,0.026225823,0.018449457,0.011370880,0.513399405,25.003841403,0.000000000,0.563876325,0.331273160,1.459851762,0.174733441,26.409740897,0,13,13,0,0.013347023,4,0,0,0,0,0,955,6,20507,79534,23077,135,2927,1213027
1737,1517157408.592551947,1517157408.693391323,1,0,0,1,162.501358993,66.705766126,-5.775979951,0.043276212,0.000229121,0.824667186,0.563960238,886,493,0.556433409,0.024823082,0.017488803,0.011204709,0.475150540,23.291929592,0.000000000,0.561078221,0.334211779,1.460126025,0.165649392,26.076233106,0,15,15,0,0.016930023,3,0,0,0,0,0,868,3,20509,79549,23080,135,2927,1213895
1738,1517157408.693412066,1517157408.794251204,1,0,0,1,162.579213345,66.539469773,-5.782001016,0.067349424,-0.013105235,0.823363845,0.563350944,910,510,0.560439560,0.026394789,0.018251499,0.012728515,0.465555179,21.223807402,0.000000000,0.549651370,0.288169581,1.485332539,0.087240237,25.797031797,0,15,13,2,0.016483516,5,0,0,0,0,0,890,5,20512,79564,23085,135,2927,1214785
1739,1517157408.794271946,1517157408.895111322,1,0,0,1,162.647639778,66.419501741,-5.794263883,0.065720451,-0.011281616,0.825595887,0.560307932,906,486,0.536423841,0.028147439,0.020017002,0.012728718,0.580946324,19.262797411,0.000000000,0.542108379,0.080143992,1.476162682,0.076585410,25.495622216,0,15,14,1,0.016556291,2,0,0,0,0,0,888,3,20512,79579,23087,135,2927,1215673
1740,1517157408.895132065,1517157408.995971203,1,0,0,1,162.677894934,66.347013347,-5.795827072,0.069725446,-0.023042011,0.824762437,0.560690959,918,511,0.556644880,0.026157782,0.018645832,0.011087886,0.518795983,19.041961083,0.000000000,0.538205508,0.080148048,1.501672278,0.051325347,25.189512516,0,16,16,0,0.017429194,0,0,0,0,0,0,901,1,20512,79595,23087,135,2927,1216574
1741,1517157408.995991945,1517157409.096770287,1,0,0,1,162.696353633,66.328564791,-5.795209195,0.065061859,-0.013276236,0.825772796,0.560080339,894,486,0.543624161,0.026963913,0.018853976,0.011844562,0.533301781,19.501949274,0.000000000,0.536362083,0.066982666,1.483054953,0.048434362,24.872970382,0,13,12,1,0.014541387,2,0,0,0,0,0,879,2,20514,79608,23089,135,2927,1217453
1742,1517157409.197650909,1517157409.298490286,1,0,0,1,162.697940221,66.338556292,-5.788239391,0.058024245,-0.006631944,0.826125198,0.560451926,899,509,0.566184650,0.026083781,0.017731541,0.011963327,0.584635520,19.220808940,0.000000000,0.540011329,0.066699543,1.468402071,0.047606550,24.454739678,0,12,11,1,0.013348165,4,0,0,0,0,0,882,5,20517,79620,23093,135,2927,1218335
1743,1517157409.298511028,1517157409.399350405,1,0,0,1,162.689475047,66.346101019,-5.785460114,0.053821000,-0.004666546,0.826345797,0.560565917,898,499,0.555679287,0.026181840,0.018625917,0.012247537,0.519965761,21.733408747,0.000000000,0.539598497,0.066532680,1.453194872,0.043966688,24.249786596,0,11,11,0,0.012249443,4,0,0,0,0,0,883,4,20517,79631,23097,135,2927,1219218
1744,1517157409.399370909,1517157409.500210285,1,0,0,1,162.683031008,66.352212779,-5.783759105,0.051130764,-0.005022066,0.826296763,0.560886872,908,494,0.544052863,0.026071897,0.017617957,0.012017577,0.555385915,20.268489881,0.000000000,0.542437961,0.061379327,1.455391338,0.042399344,23.849866703,0,13,13,0,0.014317181,4,0,0,0,0,0,890,5,20516,79644,23101,135,2927,1220108
1745,1517157409.500231028,1517157409.601070404,1,0,0,1,162.676319136,66.354757991,-5.783994811,0.048145541,-0.003950856,0.826548554,0.560788628,893,497,0.556550952,0.025348811,0.016890083,0.011464829,0.523350002,21.314303046,0.000000000,0.544124743,0.057221862,1.459645585,0.043054152,23.587444014,0,10,10,0,0.011198208,2,0,0,0,0,0,881,2,20516,79654,23103,135,2927,1220989
1746,1517157409.701951027,1517157409.802790403,1,0,0,1,162.672739241,66.352269969,-5.783733912,0.048130693,-0.003892909,0.826594716,0.560722264,899,502,0.558398220,0.025269955,0.017744939,0.011408556,0.538811160,20.467114636,0.000000000,0.543349679,0.053594168,1.456820021,0.043022346,23.362780274,0,10,10,0,0.011123471,3,0,0,0,0,0,886,3,20515,79664,23106,135,2927,1221875
1747,1517157409.802810907,1517157409.903650284,1,0,0,1,162.670812279,66.350486488,-5.783488239,0.048355240,-0.003743699,0.826575256,0.560732647,907,507,0.558985667,0.025907649,0.017520578,0.011422856,0.546213564,20.215172490,0.000000000,0.544773888,0.051829711,1.453442914,0.042586717,23.071990235,0,10,10,0,0.011025358,3,0,0,0,0,0,894,3,20515,79674,23109,135,2927,1222769
1748,1517157409.903671026,1517157410.004449368,1,0,0,1,162.668829515,66.350054805,-5.783924710,0.048146086,-0.003960559,0.826689452,0.560580786,906,505,0.557395143,0.025242079,0.016892191,0.011225834,0.541724710,20.290538954,0.000000000,0.545730698,0.051866690,1.451203040,0.042772167,22.772426829,0,7,7,0,0.007726269,4,0,0,0,0,0,895,4,20515,79681,23113,135,2927,1223664
1749,1517157410.004470110,1517157410.105309248,1,0,0,1,162.667969254,66.349675081,-5.783311876,0.048341995,-0.003772161,0.826621034,0.560666112,901,504,0.559378468,0.026240489,0.017963020,0.012839377,0.559848878,19.547534430,0.000000000,0.548626632,0.050864404,1.449549304,0.042554586,22.417766914,0,4,4,0,0.004439512,3,0,0,0,0,0,894,3,20515,79685,23116,135,2927,1224558
1750,1517157410.105329990,1517157410.206169367,1,0,0,1,162.666535975,66.349432383,-5.783404738,0.048299971,-0.003460217,0.826725858,0.560517168,910,502,0.551648352,0.025738200,0.017718364,0.011958856,0.576537227,18.922752195,0.000000000,0.552080346,0.042284841,1.439689394,0.041266884,22.063301889,0,4,4,0,0.004395604,2,0,0,0,0,0,904,2,20515,79689,23118,135,2927,1225462
1751,1517157410.206190109,1517157410.307029247,1,0,0,1,162.667401803,66.349695364,-5.783426614,0.048279123,-0.003713762,0.826709982,0.560540756,912,513,0.562500000,0.025091339,0.017862385,0.012006420,0.536573630,19.744754444,0.000000000,0.553062472,0.043186677,1.330198264,0.037470852,21.695351441,0,6,6,0,0.006578947,4,0,0,0,0,0,902,4,20515,79695,23122,135,2927,1226364
1752,1517157410.307049990,1517157410.407889366,1,0,0,1,162.668284964,66.350551451,-5.782911657,0.048211183,-0.003917532,0.826627862,0.560666311,909,506,0.556655666,0.026102107,0.018444760,0.012936744,0.559305621,19.361722376,0.000000000,0.551586852,0.038195542,1.214472290,0.036498383,21.309924876,0,7,6,1,0.007700770,4,0,0,0,0,0,898,4,20517,79702,23126,135,2927,1227262
1753,1517157410.407910109,1517157410.508749247,1,0,0,1,162.672393174,66.351756970,-5.783542013,0.048205349,-0.003935833,0.826585779,0.560728726,908,503,0.553964758,0.026180988,0.017492116,0.012480711,0.560543975,20.029050531,0.000000000,0.548601348,0.038190809,1.072184812,0.033157602,21.047245229,0,3,3,0,0.003303965,2,0,0,0,0,0,903,2,20517,79705,23128,135,2927,1228165
1754,1517157410.508769989,1517157410.609609365,1,0,0,1,162.674232092,66.350800555,-5.785401824,0.047963294,-0.003657389,0.826641424,0.560669333,911,513,0.563117453,0.025091282,0.017521295,0.011389042,0.551763217,20.346627642,0.000000000,0.543699085,0.036082626,0.896551910,0.031931685,20.748144995,0,5,5,0,0.005488474,2,0,0,0,0,0,904,2,20517,79710,23130,135,2927,1229069
1755,1517157410.609631062,1517157410.710469246,1,0,0,1,162.674843214,66.349977809,-5.785975048,0.048016873,-0.003700192,0.826669350,0.560623291,906,504,0.556291391,0.024608766,0.017234385,0.011563173,0.550503592,19.929724953,0.000000000,0.539615599,0.030252784,0.694169043,0.023638247,20.435914472,0,4,4,0,0.004415011,3,0,0,0,0,0,899,3,20517,79714,23133,135,2927,1229968
1756,1517157410.710490942,1517157410.811329365,1,0,0,1,162.674679055,66.349570580,-5.785864702,0.047952087,-0.003609195,0.826624893,0.560694977,914,512,0.560175055,0.025894699,0.018380853,0.012962499,0.555813626,20.022720115,0.000000000,0.541736310,0.030128921,0.489862628,0.016388962,20.186858407,0,6,6,0,0.006564551,2,0,0,0,0,0,906,2,20517,79720,23135,135,2927,1230874
1757,1517157410.811351061,1517157410.912190199,1,0,0,1,162.674092663,66.349232102,-5.785238437,0.048078765,-0.003846542,0.826673065,0.560611524,910,499,0.548351648,0.025330931,0.017714457,0.011527703,0.561362697,19.307013515,0.000000000,0.546046918,0.029059508,0.307067668,0.014415226,19.987612603,0,2,2,0,0.002197802,1,0,0,0,0,0,907,1,20517,79722,23136,135,2927,1231781
1758,1517157410.912210941,1517157411.012998343,1,0,0,1,162.673614913,66.349113969,-5.783992269,0.048112581,-0.003839860,0.826565615,0.560767081,904,500,0.553097345,0.025947091,0.017542349,0.011918597,0.554815986,19.829867297,0.000000000,0.550509959,0.028761447,0.169753670,0.007154110,19.917915598,0,1,1,0,0.001106195,2,0,0,0,0,0,901,2,20517,79723,23138,135,2927,1232682
1759,1517157411.013019085,1517157411.113858223,1,0,0,1,162.672117449,66.349269040,-5.782815689,0.048052166,-0.003875277,0.826676907,0.560607941,908,507,0.558370044,0.025222443,0.017661641,0.012250415,0.564714002,19.730813149,0.000000000,0.549698342,0.021185847,0.093099844,0.006475007,19.941316385,0,3,3,0,0.003303965,3,0,0,0,0,0,902,3,20517,79726,23141,135,2927,1233584
1760,1517157411.113878965,1517157411.214718342,1,0,0,1,162.672328045,66.350369428,-5.784055743,0.048136345,-0.003778698,0.826539629,0.560803759,913,511,0.559693319,0.025615747,0.018078465,0.011895786,0.552435568,20.056628844,0.000000000,0.551380322,0.020883705,0.068666367,0.005095194,19.992049773,0,7,7,0,0.007667032,2,0,0,0,0,0,904,2,20517,79733,23143,135,2927,1234488
1761,1517157411.214739084,1517157411.315578222,1,0,0,1,162.672621693,66.350057578,-5.783846715,0.048673513,-0.001415268,0.828064055,0.558514822,905,517,0.571270718,0.025452571,0.017926383,0.011895151,0.568780253,19.558216236,0.000000000,0.553154245,0.017737851,0.056857818,0.010347849,19.994863121,0,7,7,0,0.007734807,2,0,0,0,0,0,895,3,20518,79740,23145,135,2927,1235383
1762,1517157411.315598965,1517157411.416438341,1,0,0,1,162.674336197,66.354789107,-5.775830006,0.047189314,-0.001170185,0.829991340,0.555775292,907,510,0.562293275,0.031466957,0.021336333,0.013525625,0.569269352,20.628856460,0.000000000,0.552385937,0.052185129,0.054648219,0.016800832,20.065265497,0,31,30,1,0.034178611,6,0,0,0,0,0,868,8,20526,79771,23151,135,2927,1236251
1763,1517157411.517318964,1517157411.618158340,1,0,0,1,162.655150514,66.395189132,-5.779783270,0.070122990,-0.006029712,0.840805689,0.536742212,918,515,0.561002179,0.029227553,0.019564192,0.012224082,0.601745044,24.034366443,0.000000000,0.556474901,0.058881841,0.090503956,0.058179510,20.180313382,0,10,10,0,0.010893246,4,0,0,0,0,0,902,6,20525,79781,23155,135,2927,1237153
1764,1517157411.618179083,1517157411.719018221,1,0,0,1,162.619044892,66.465121935,-5.778054738,0.069640660,0.004098143,0.856511227,0.511392121,900,490,0.544444444,0.025860435,0.017565816,0.011072585,0.544446157,19.825674100,0.000000000,0.555927913,0.058927214,0.162044134,0.116852470,20.158172593,0,6,6,0,0.006666667,2,0,0,0,0,0,892,2,20525,79787,23157,135,2927,1238045
1765,1517157411.719038963,1517157411.819878340,1,0,0,1,162.555979625,66.551328445,-5.781202279,0.075857546,0.005996964,0.874196644,0.479572619,925,513,0.554594595,0.027456908,0.017973268,0.012471467,0.500942982,23.688231100,0.000000000,0.554807562,0.059493644,0.264535063,0.188893358,20.276868996,0,14,13,1,0.015135135,2,0,0,0,0,0,907,4,20524,79801,23159,135,2927,1238952
1766,1517157411.819899082,1517157411.920738220,1,0,0,1,162.469083002,66.649301405,-5.779368225,0.075474008,0.006406231,0.897209064,0.435061525,924,518,0.560606061,0.024074332,0.016492645,0.010972335,0.546583304,18.791394344,0.000000000,0.555196169,0.061722436,0.392867751,0.289617354,20.193082981,0,9,9,0,0.009740260,3,0,0,0,0,0,912,3,20523,79810,23162,135,2927,1239864
1767,1517157411.920758963,1517157412.021528244,1,0,0,1,162.375021019,66.759278638,-5.774338419,0.084838769,0.025667528,0.919848368,0.382128958,970,530,0.546391753,0.025117640,0.018646237,0.012293775,0.564780575,21.281496433,0.000000000,0.556124520,0.062336748,0.535595261,0.402043684,20.246399178,0,14,14,0,0.014432990,2,0,0,0,0,0,954,2,20524,79824,23164,135,2927,1240818
1768,1517157412.021548986,1517157412.122388363,1,0,0,1,162.251664962,66.863123076,-5.767899268,0.073184226,0.027483372,0.941147474,0.328831514,971,536,0.552008239,0.026493434,0.018606460,0.012633567,0.535016297,23.175088754,0.000000000,0.555789099,0.061874237,0.695847716,0.518720085,20.390626668,0,12,12,0,0.012358393,3,0,0,0,0,0,956,3,20523,79836,23167,135,2927,1241774
1769,1517157412.122409105,1517157412.223248243,1,0,0,1,162.112206056,66.952880938,-5.755736967,0.069695893,0.041725916,0.959251296,0.270625909,1048,585,0.558206107,0.026159801,0.016825130,0.011823623,0.596107995,22.586450399,0.000000000,0.557602055,0.061875049,0.860683529,0.640111480,20.542572467,0,11,11,0,0.010496183,5,0,0,0,0,0,1030,7,20523,79847,23172,135,2927,1242804
1770,1517157412.223268986,1517157412.324108362,1,0,0,1,161.949948338,67.021352807,-5.747301156,0.058350997,0.045516691,0.976595502,0.201952020,1069,596,0.557530402,0.024665358,0.017011906,0.011167146,0.622724141,23.920092697,0.000000000,0.559911401,0.063111719,1.036093798,0.783381293,20.792439492,0,13,13,0,0.012160898,2,0,0,0,0,0,1052,4,20522,79860,23174,135,2927,1243856
1771,1517157412.324129105,1517157412.424968243,1,0,0,1,161.771825100,67.064509134,-5.732900920,0.040343637,0.050277978,0.988443372,0.137201370,1086,582,0.535911602,0.022760676,0.015943480,0.009701871,0.632805369,23.821400806,0.000000000,0.564722988,0.068816465,1.218601937,0.916845631,20.996271810,0,17,16,1,0.015653775,3,0,0,0,0,0,1064,5,20523,79877,23177,135,2927,1244920
1772,1517157412.424988985,1517157412.525828362,1,0,0,1,161.591235526,67.087643644,-5.727520574,0.032167889,0.050960711,0.996062213,0.065025384,1112,595,0.535071942,0.025207730,0.017038247,0.011523106,0.605798579,23.467026478,0.000000000,0.567047636,0.069185694,1.396419204,1.062778031,21.201537015,0,21,19,2,0.018884892,3,0,0,0,0,0,1087,4,20523,79898,23180,135,2927,1246007
1773,1517157412.525849104,1517157412.626688242,1,0,0,1,161.400652068,67.076819122,-5.717714228,0.023687951,0.047995938,0.998556590,0.004472930,1108,612,0.552346570,0.024679417,0.016198092,0.010677701,0.615979866,24.453541347,0.000000000,0.569819430,0.070071895,1.584776707,1.184820882,21.422761556,0,14,14,0,0.012635379,3,0,0,0,0,0,1091,3,20523,79912,23183,135,2927,1247098
1774,1517157412.626708984,1517157412.727548361,1,0,0,1,161.215497777,67.053821009,-5.709923767,0.027745362,0.043410244,0.996261820,-0.069340696,1048,537,0.512404580,0.025845958,0.018298989,0.011395845,0.582779191,25.215437737,0.000000000,0.571370229,0.069672965,1.770342114,1.332368076,21.666202060,0,15,13,2,0.014312977,1,0,0,0,0,0,1032,1,20526,79927,23184,135,2927,1248130
1775,1517157412.828428984,1517157412.929268360,1,0,0,1,160.875367386,66.909972142,-5.709628159,0.013889839,0.053519282,0.973977064,-0.219798629,954,502,0.526205451,0.029343820,0.020380971,0.011978608,0.547015710,23.836733734,0.000000000,0.571195835,0.073923071,2.139187734,1.637181526,21.861552499,0,16,15,1,0.016771488,4,0,0,0,0,0,930,8,20527,79943,23188,135,2927,1249060
1776,1517157412.929289103,1517157413.030067205,1,0,0,1,160.713761079,66.796412832,-5.707987612,0.005259030,0.050521312,0.954999862,-0.292224577,887,455,0.512965051,0.024729557,0.016483892,0.009538066,0.511559915,19.936565598,0.000000000,0.568983149,0.074953543,2.335787605,1.787615949,21.857244774,0,7,7,0,0.007891770,5,0,0,0,0,0,874,6,20529,79950,23193,135,2927,1249934
1777,1517157413.030088902,1517157413.130927324,1,0,0,1,160.569601424,66.659780937,-5.704140775,-0.000389255,0.046336683,0.929381539,-0.366200377,861,422,0.490127758,0.027240244,0.018327899,0.011645048,0.361341290,19.753230538,0.000000000,0.558982079,0.075062445,2.533105975,1.944446635,21.879555625,0,13,11,2,0.015098722,2,0,0,0,0,0,843,5,20531,79963,23195,135,2927,1250777
1778,1517157413.130949020,1517157413.231787205,1,0,0,1,160.445127522,66.507330926,-5.691884097,-0.007608798,0.047102309,0.897591823,-0.438237833,820,383,0.467073171,0.028887657,0.019446441,0.011640723,0.302835733,19.840140268,0.000000000,0.546383066,0.078033270,2.728388031,2.101921286,21.880069273,0,25,24,1,0.030487805,2,0,0,0,0,0,791,4,20533,79988,23197,135,2927,1251568
1779,1517157413.231808901,1517157413.332648277,1,0,0,1,160.349047338,66.343674659,-5.685235986,-0.007423708,0.031790384,0.871902110,-0.488590800,780,367,0.470512821,0.025611706,0.017479421,0.010317489,0.276210448,18.535025029,0.000000000,0.531957889,0.077661502,2.916608826,2.215283846,21.820279867,0,24,22,2,0.030769231,1,0,0,0,0,0,755,1,20540,80012,23198,135,2927,1252323
1780,1517157413.332669020,1517157413.433508396,1,0,0,1,160.275287628,66.192135360,-5.686979067,0.015049935,-0.010412158,-0.861650205,0.507172564,771,361,0.468223087,0.025809268,0.016976514,0.010755702,0.225586952,19.493216670,0.000000000,0.515615458,0.077527088,3.084678017,2.253193083,21.792109259,0,19,15,4,0.024643320,4,0,0,0,0,0,746,6,20545,80031,23202,135,2927,1253069
1781,1517157413.433528900,1517157413.534368277,1,0,0,1,160.217297276,66.101285817,-5.679401289,0.028022683,-0.001898508,-0.839335140,0.542888246,761,348,0.457293035,0.025689626,0.018193102,0.011803949,0.232663280,19.382176196,0.000000000,0.498809609,0.077328702,3.183258601,2.331117739,21.783307257,0,13,12,1,0.017082786,4,0,0,0,0,0,744,4,20547,80044,23206,135,2927,1253813
1782,1517157413.534389019,1517157413.635228395,1,0,0,1,160.189742971,66.073343631,-5.690970580,0.027125816,-0.001891901,-0.820372822,0.571182146,775,354,0.456774194,0.027557749,0.016852923,0.012001780,0.212378428,19.310661056,0.000000000,0.480965063,0.064671982,3.179272801,2.357538813,21.717397486,0,14,12,2,0.018064516,6,0,0,0,0,0,755,6,20554,80058,23212,135,2927,1254568
1783,1517157413.635248899,1517157413.736088276,1,0,0,1,160.190362042,66.096664995,-5.691388664,0.023989476,-0.011363506,-0.822152755,0.568647714,788,341,0.432741117,0.028063276,0.019850051,0.012712245,0.189165512,21.409869919,0.000000000,0.460336086,0.061347215,3.123883825,2.304509011,21.586172660,0,20,20,0,0.025380711,3,0,0,0,0,0,765,3,20553,80078,23215,135,2927,1255333
1784,1517157413.736109018,1517157413.836948395,1,0,0,1,160.209417563,66.137700392,-5.685965053,0.004061530,-0.009682636,-0.828250011,0.560260359,762,340,0.446194226,0.023394184,0.016024839,0.010395133,0.221312979,20.184705071,0.000000000,0.444179427,0.065596357,3.062593407,2.253694511,21.604124209,0,11,10,1,0.014435696,3,0,0,0,0,0,748,3,20556,80089,23218,135,2927,1256081
1785,1517157413.836968899,1517157413.937808275,1,0,0,1,160.223943605,66.174394729,-5.688640039,-0.013892292,-0.020232417,-0.830976262,0.555766232,800,372,0.465000000,0.025710508,0.016113801,0.010089843,0.190738509,20.784467710,0.000000000,0.428669204,0.064437812,2.971179086,2.163781136,21.458936039,0,14,13,1,0.017500000,4,0,0,0,0,0,782,4,20558,80103,23222,135,2927,1256863
1786,1517157413.937829018,1517157414.038606405,1,0,0,1,160.239006096,66.198841414,-5.686093039,-0.022666529,-0.024680984,-0.833165925,0.552006902,798,373,0.467418546,0.025316338,0.016831515,0.009550985,0.214927175,20.094335995,0.000000000,0.412086397,0.062551356,2.855203133,2.059746129,21.524083122,0,12,11,1,0.015037594,1,0,0,0,0,0,784,2,20559,80115,23223,135,2927,1257647
1787,1517157414.038626909,1517157414.139466286,1,0,0,1,160.244794498,66.208266148,-5.679956546,-0.028414801,-0.030026142,-0.832592401,0.552341310,800,365,0.456250000,0.024400383,0.016403725,0.009219935,0.200454764,20.597654617,0.000000000,0.393870107,0.063602891,2.706476895,1.943790632,21.489891031,0,7,7,0,0.008750000,1,0,0,0,0,0,791,2,20562,80122,23224,135,2927,1258438
1788,1517157414.139487028,1517157414.240326405,1,0,0,1,160.233297287,66.196299171,-5.684553216,-0.029003726,-0.037082411,-0.828887961,0.557430200,818,403,0.492665037,0.025678953,0.017019536,0.010297378,0.209623297,22.312658493,0.000000000,0.377600457,0.063484217,2.557404302,1.834076304,21.446769518,0,12,11,1,0.014669927,4,0,0,0,0,0,802,4,20564,80134,23228,135,2927,1259240
1789,1517157414.240346909,1517157414.341186285,1,0,0,1,160.226778897,66.180160496,-5.680317787,-0.031696563,-0.038715994,-0.827167745,0.559723075,813,379,0.466174662,0.023458802,0.016346333,0.009825157,0.223865066,19.862110591,0.000000000,0.358988310,0.066824646,2.399002149,1.696427698,21.310552528,0,12,12,0,0.014760148,3,0,0,0,0,0,798,3,20563,80146,23231,135,2927,1260038
1790,1517157414.341207027,1517157414.442046404,1,0,0,1,160.217472472,66.159826326,-5.680129763,-0.033741058,-0.046448421,-0.825280011,0.561797996,832,389,0.467548077,0.023305413,0.016224135,0.009704609,0.212931103,21.220414928,0.000000000,0.338498658,0.069552797,2.237524016,1.567507375,21.175568639,0,10,7,3,0.012019231,4,0,0,0,0,0,818,4,20566,80156,23235,135,2927,1260856
1791,1517157414.442066908,1517157414.542906284,1,0,0,1,160.212444448,66.142580372,-5.676953821,-0.026365842,-0.047293083,-0.823293403,0.565027591,863,409,0.473928158,0.025347964,0.016826741,0.011803367,0.227583271,25.806067408,0.000000000,0.318237553,0.064404755,2.073621711,1.428775248,21.274801969,0,13,13,0,0.015063731,5,0,0,0,0,0,843,7,20566,80169,23240,135,2927,1261699
1792,1517157414.643786907,1517157414.744626284,1,0,0,1,160.215282740,66.150966513,-5.675505036,-0.027488369,-0.045456891,-0.823824455,0.564350359,836,406,0.485645933,0.026003922,0.016626621,0.010384532,0.223803655,20.969860303,0.000000000,0.299137807,0.064139673,1.891450573,1.308070903,21.149943660,0,13,13,0,0.015550239,2,0,0,0,0,0,820,3,20565,80182,23242,135,2927,1262519
1793,1517157414.744647026,1517157414.845486403,1,0,0,1,160.224322859,66.155888408,-5.680522664,-0.028407051,-0.041721000,-0.825536231,0.562087475,816,383,0.469362745,0.025120761,0.016284242,0.010290345,0.215802017,23.588566320,0.000000000,0.279128915,0.063610885,1.716161872,1.165704749,21.106694909,0,13,13,0,0.015931373,2,0,0,0,0,0,801,2,20567,80195,23244,135,2927,1263320
1794,1517157414.845506907,1517157414.946346283,1,0,0,1,160.228340856,66.165033108,-5.679565863,-0.027571162,-0.035719770,-0.826872078,0.560576931,822,384,0.467153285,0.025255270,0.017799730,0.010159584,0.210960568,23.582529622,0.000000000,0.260537984,0.063864951,1.356897734,0.864196684,21.025049503,0,11,11,0,0.013381995,1,0,0,0,0,0,810,1,20568,80206,23245,135,2927,1264130
1795,1517157414.946367025,1517157415.047146320,1,0,0,1,160.235475914,66.175828041,-5.681480280,-0.028249979,-0.030765869,-0.828328956,0.558682862,817,384,0.470012240,0.024342146,0.016644857,0.010459812,0.208216339,24.263384030,0.000000000,0.243598015,0.057104564,1.172456264,0.717924047,21.046382018,0,8,5,3,0.009791922,1,0,0,0,0,0,808,1,20571,80214,23246,135,2927,1264938
1796,1517157415.047167063,1517157415.148006201,1,0,0,1,160.237581876,66.183276782,-5.683881440,-0.029458028,-0.030127674,-0.828722487,0.558071311,811,395,0.487053021,0.025103536,0.017263743,0.010422980,0.213353193,21.144735720,0.000000000,0.228687679,0.056741507,0.981902657,0.562081802,21.106790524,0,7,6,1,0.008631319,3,0,0,0,0,0,801,3,20573,80221,23249,135,2927,1265739
1797,1517157415.148026943,1517157415.248866320,1,0,0,1,160.236295065,66.180847352,-5.684755846,-0.029176872,-0.029150621,-0.828615697,0.558296496,804,375,0.466417910,0.024936651,0.017227105,0.011143081,0.209521492,20.534073621,0.000000000,0.221096689,0.055155343,0.787594790,0.404771684,21.145832678,0,10,9,1,0.012437811,2,0,0,0,0,0,792,2,20576,80231,23251,135,2927,1266531
1798,1517157415.248887062,1517157415.349726200,1,0,0,1,160.233429473,66.179152963,-5.682957542,-0.028326477,-0.026264473,-0.828549637,0.558581495,809,390,0.482076638,0.024353337,0.016222882,0.010798180,0.228934512,21.157601792,0.000000000,0.217401628,0.046709809,0.601486498,0.291649738,21.211705755,0,9,8,1,0.011124845,3,0,0,0,0,0,797,3,20578,80240,23254,135,2927,1267328
1799,1517157415.349747896,1517157415.450586319,1,0,0,1,160.233272622,66.179472153,-5.683108995,-0.028860126,-0.028097154,-0.828562194,0.558446358,796,392,0.492462312,0.023386310,0.016221247,0.010371798,0.216132498,19.958469693,0.000000000,0.214397730,0.049366438,0.433327233,0.248725247,21.282877988,0,6,6,0,0.007537688,3,0,0,0,0,0,787,3,20580,80246,23257,135,2927,1268115
1800,1517157415.450608015,1517157415.551446199,1,0,0,1,160.227580138,66.178138608,-5.683358218,-0.028664809,-0.027090369,-0.828573968,0.558488693,821,402,0.489646772,0.024022941,0.016960100,0.011016684,0.210120158,20.819954962,0.000000000,0.213624391,0.049975416,0.331133118,0.164091359,21.349214902,0,9,9,0,0.010962241,5,0,0,0,0,0,807,5,20581,80255,23262,135,2927,1268922
1801,1517157415.551467896,1517157415.652307272,1,0,0,1,160.227651554,66.175784743,-5.682230205,-0.028866136,-0.026397616,-0.828624614,0.558436353,811,390,0.480887793,0.024100910,0.016779327,0.010756092,0.220886671,20.272444099,0.000000000,0.213035560,0.050356710,0.292831525,0.096063017,21.393728298,0,1,1,0,0.001233046,4,0,0,0,0,0,806,4,20581,80256,23266,135,2927,1269728
1802,1517157415.652328014,1517157415.753167391,1,0,0,1,160.221002589,66.170995398,-5.684937675,-0.029227619,-0.024080244,-0.830591510,0.555593044,808,372,0.460396040,0.024719119,0.017726470,0.011220477,0.218030756,19.635879287,0.000000000,0.213318177,0.044502247,0.278128203,0.096510832,21.409989209,0,10,9,1,0.012376238,6,0,0,0,0,0,792,6,20585,80266,23272,135,2927,1270520
1803,1517157415.753187895,1517157415.854027271,1,0,0,1,160.212778808,66.164905441,-5.683381206,-0.031285142,-0.024367849,-0.830413366,0.555734729,802,390,0.486284289,0.028046048,0.018879866,0.012278185,0.219386440,20.376326003,0.000000000,0.214829223,0.044401270,0.242911198,0.075615825,21.358312013,0,8,8,0,0.009975062,7,0,0,0,0,0,787,7,20586,80274,23279,135,2927,1271307
1804,1517157415.854048014,1517157415.954887390,1,0,0,1,160.209776304,66.155016285,-5.690138328,-0.029856213,-0.024256161,-0.830838535,0.555182469,789,366,0.463878327,0.025581550,0.018316058,0.011954474,0.232839051,18.396784559,0.000000000,0.215405527,0.042717971,0.215703560,0.066180735,21.268915988,0,12,11,1,0.015209125,6,0,0,0,0,0,771,6,20588,80286,23285,135,2927,1272078
1805,1517157415.954907894,1517157416.055685282,1,0,0,1,160.208966752,66.154867925,-5.691432302,-0.031289203,-0.023936202,-0.830633106,0.555424781,794,385,0.484886650,0.024005862,0.016543530,0.010774259,0.217717011,21.176154803,0.000000000,0.216754452,0.042892838,0.188409924,0.058090518,21.288500342,0,9,8,1,0.011335013,4,0,0,0,0,0,781,4,20592,80295,23289,135,2927,1272859
1806,1517157416.055706024,1517157416.156545401,1,0,0,1,160.201599136,66.150746081,-5.692218271,-0.033794639,-0.027670888,-0.830405019,0.555445541,805,402,0.499378882,0.026161210,0.016932542,0.010831225,0.205278585,20.405078078,0.000000000,0.216272022,0.044222292,0.184240042,0.057244302,21.304037446,0,10,8,2,0.012422360,7,0,0,0,0,0,787,8,20593,80305,23296,135,2927,1273646
1807,1517157416.156565905,1517157416.257405281,1,0,0,1,160.197058841,66.148233909,-5.692490692,-0.030065220,-0.022518414,-0.830678296,0.555484089,800,376,0.470000000,0.026036833,0.017394287,0.010856385,0.200847615,20.497852338,0.000000000,0.216291665,0.044995657,0.172216281,0.045235075,21.299047333,0,11,11,0,0.013750000,8,0,0,0,0,0,781,8,20595,80316,23304,135,2927,1274427
1808,1517157416.257426023,1517157416.358265400,1,0,0,1,160.196230115,66.151092403,-5.692089151,-0.031816781,-0.024410200,-0.830525342,0.555535319,793,390,0.491803279,0.025067924,0.016944648,0.010639929,0.229734271,19.418786660,0.000000000,0.217297214,0.044567287,0.157306182,0.039767030,21.154353741,0,6,6,0,0.007566204,7,0,0,0,0,0,780,7,20597,80322,23311,135,2927,1275207
1809,1517157416.358285904,1517157416.459125280,1,0,0,1,160.188807944,66.152473316,-5.689763314,-0.032210987,-0.023369166,-0.830588160,0.555463449,796,397,0.498743719,0.029135705,0.017187764,0.010688695,0.222277971,22.237868993,0.000000000,0.217217859,0.055207492,0.142842432,0.035038879,21.273141661,0,12,12,0,0.015075377,12,0,0,0,0,0,769,15,20600,80334,23323,135,2927,1275976
1810,1517157416.459146023,1517157416.559985399,1,0,0,1,160.189708366,66.150875110,-5.690840169,-0.031077956,-0.025027466,-0.830450685,0.555661270,808,396,0.490099010,0.024904978,0.015968081,0.010706093,0.232689840,19.379469126,0.000000000,0.218205796,0.052385135,0.126727004,0.028011763,21.181094371,0,8,7,1,0.009900990,6,0,0,0,0,0,794,6,20601,80342,23329,135,2927,1276770
1811,1517157416.560005903,1517157416.660845280,1,0,0,1,160.194206852,66.155988983,-5.690315582,-0.033849564,-0.025699864,-0.830509339,0.555380916,794,390,0.491183879,0.024160513,0.015996194,0.010277238,0.240895696,18.768972476,0.000000000,0.218871417,0.053385780,0.124586865,0.026970920,20.829239624,0,7,6,1,0.008816121,8,0,0,0,0,0,779,8,20602,80349,23337,135,2927,1277549
1812,1517157416.660866022,1517157416.761705399,1,0,0,1,160.197054573,66.156635919,-5.686136020,-0.029536152,-0.023844018,-0.830620411,0.555543708,797,383,0.480552070,0.031285683,0.021459577,0.013576490,0.229134110,21.059403911,0.000000000,0.219137940,0.073938432,0.118234569,0.021791304,20.833716805,0,15,15,0,0.018820577,6,0,0,0,0,0,775,7,20605,80364,23343,135,2927,1278324
1813,1517157416.862586021,1517157416.963425398,1,0,0,1,160.208671687,66.159902098,-5.684666333,-0.033954491,-0.024575121,-0.830869786,0.554886074,806,386,0.478908189,0.026750047,0.017971975,0.010120172,0.228173894,20.124322342,0.000000000,0.219756533,0.074390017,0.120357058,0.019565514,20.660504606,0,10,10,0,0.012406948,3,0,0,0,0,0,793,3,20604,80374,23346,135,2927,1279117
1814,1517157416.963445902,1517157417.064224243,1,0,0,1,160.217544268,66.160496060,-5.684502997,-0.036791904,-0.027354671,-0.830603732,0.554973439,787,371,0.471410419,0.025349000,0.016623626,0.010627087,0.252443117,18.123349237,0.000000000,0.221830661,0.074350553,0.116170301,0.015574119,20.387545587,0,3,3,0,0.003811944,5,0,0,0,0,0,778,6,20604,80377,23351,135,2927,1279895
1815,1517157417.064244986,1517157417.165084362,1,0,0,1,160.211852507,66.150054454,-5.682233655,-0.034820688,-0.026271373,-0.830905511,0.554701151,809,379,0.468479604,0.027468275,0.019248680,0.012118773,0.243216381,19.809777396,0.000000000,0.223580663,0.074707752,0.120172453,0.015000350,20.164865255,0,8,8,0,0.009888752,3,0,0,0,0,0,797,4,20605,80385,23354,135,2927,1280692
1816,1517157417.165105104,1517157417.265944242,1,0,0,1,160.214758293,66.153088267,-5.684365158,-0.035602117,-0.025243889,-0.830850370,0.554781848,790,371,0.469620253,0.024171381,0.017448537,0.010587847,0.223669555,19.324595846,0.000000000,0.224096481,0.075845033,0.121998285,0.014748244,20.073858261,0,4,4,0,0.005063291,4,0,0,0,0,0,781,5,20605,80389,23358,135,2927,1281473
1817,1517157417.265964985,1517157417.366799831,1,0,0,1,160.217439867,66.155035306,-5.682525550,-0.039308893,-0.028480043,-0.830797274,0.554454314,795,374,0.470440252,0.025696677,0.017539599,0.010103759,0.254692928,18.408642765,0.000000000,0.226355053,0.075440722,0.122004819,0.014578139,19.967586718,0,8,6,2,0.010062893,2,0,0,0,0,0,784,3,20608,80397,23360,135,2927,1282257
1818,1517157417.366825104,1517157417.467664242,1,0,0,1,160.214064142,66.148093039,-5.684211933,-0.034160125,-0.028744304,-0.830942782,0.554563742,800,386,0.482500000,0.028017519,0.019676731,0.012241548,0.236262936,20.243111830,0.000000000,0.226721474,0.076256828,0.129519816,0.014462728,19.921862220,0,12,12,0,0.015000000,1,0,0,0,0,0,786,2,20610,80409,23361,135,2927,1283043
1819,1517157417.467684984,1517157417.568524361,1,0,0,1,160.216529437,66.153705364,-5.686804224,-0.036618375,-0.026528558,-0.831002368,0.554427989,786,368,0.468193384,0.023250148,0.017256783,0.010751621,0.233327562,18.924456618,0.000000000,0.227581227,0.076619716,0.130323420,0.014348395,19.870161566,0,7,6,1,0.008905852,3,0,0,0,0,0,776,3,20611,80416,23364,135,2927,1283819
1820,1517157417.568545103,1517157417.669384241,1,0,0,1,160.214525484,66.156331705,-5.683082198,-0.035691200,-0.026745718,-0.831040006,0.554421603,790,369,0.467088608,0.026361620,0.016864208,0.010730305,0.256139533,18.990864472,0.000000000,0.229882196,0.074527167,0.132688895,0.014373268,19.778707042,0,19,17,2,0.024050633,3,0,0,0,0,0,765,6,20614,80435,23367,135,2927,1284584
1821,1517157417.669404984,1517157417.770244360,1,0,0,1,160.212703947,66.154049151,-5.682736613,-0.032925960,-0.025863819,-0.830995433,0.554701302,803,382,0.475716065,0.026294045,0.018019422,0.011064942,0.251552951,18.094991275,0.000000000,0.231415510,0.072304081,0.126999551,0.008079354,19.669834401,0,6,5,1,0.007471980,1,0,0,0,0,0,795,2,20615,80441,23368,135,2927,1285379
1822,1517157417.770266056,1517157417.871104240,1,0,0,1,160.216332267,66.159981153,-5.680203901,-0.032990728,-0.025420307,-0.831484602,0.553984455,796,391,0.491206030,0.025898672,0.017585832,0.010406041,0.227988988,20.723301762,0.000000000,0.231913422,0.071127781,0.124049210,0.009292197,19.724205524,0,5,5,0,0.006281407,3,0,0,0,0,0,787,4,20615,80446,23371,135,2927,1286166
1823,1517157417.871125937,1517157417.971964359,1,0,0,1,160.214350852,66.160201797,-5.681318578,-0.033387611,-0.025355547,-0.831334581,0.554188756,790,369,0.467088608,0.023045254,0.016063480,0.009902391,0.246006012,17.870006032,0.000000000,0.233244400,0.074414882,0.113985489,0.008380574,19.598889526,0,5,5,0,0.006329114,0,0,0,0,0,0,784,1,20614,80451,23371,135,2927,1286950
1824,1517157417.971986055,1517157418.072764397,1,0,0,1,160.212347890,66.158395651,-5.681686137,-0.032777200,-0.025739653,-0.831331000,0.554212860,784,373,0.475765306,0.024276049,0.017128522,0.010036245,0.240594250,17.639191237,0.000000000,0.233632160,0.075861433,0.115173916,0.007680588,19.561009860,0,6,6,0,0.007653061,1,0,0,0,0,0,776,2,20614,80457,23372,135,2927,1287726
1825,1517157418.173645020,1517157418.274484396,1,0,0,1,160.211479468,66.160050302,-5.684577889,-0.031804473,-0.025428659,-0.832024485,0.553242366,793,392,0.494325347,0.023368247,0.015838343,0.009781076,0.219227087,20.068067424,0.000000000,0.233707664,0.077303851,0.110138172,0.009968837,19.505605491,0,5,5,0,0.006305170,2,0,0,0,0,0,786,2,20614,80462,23374,135,2927,1288512
1826,1517157418.274504900,1517157418.375344276,1,0,0,1,160.212846095,66.166244551,-5.682848123,-0.022876968,-0.019587033,-0.832942744,0.552539028,792,388,0.489898990,0.023067578,0.016031949,0.010601506,0.221241482,24.288734037,0.000000000,0.234505809,0.081144292,0.111516904,0.012064730,19.699788289,0,6,6,0,0.007575758,4,0,0,0,0,0,782,4,20613,80468,23378,135,2927,1289294
1827,1517157418.375365019,1517157418.476204395,1,0,0,1,160.216853404,66.177568798,-5.678005579,-0.018569156,-0.018101428,-0.833125155,0.552476244,792,374,0.472222222,0.021629170,0.014488087,0.008994299,0.214466821,22.344687276,0.000000000,0.235186769,0.088769800,0.121465468,0.012199501,19.792130036,0,7,7,0,0.008838384,0,0,0,0,0,0,783,2,20616,80475,23378,135,2927,1290077
1828,1517157418.476224899,1517157418.577064276,1,0,0,1,160.228792118,66.197313157,-5.683538886,-0.011954394,-0.017621710,-0.832624415,0.553428542,773,379,0.490297542,0.022206487,0.015467861,0.009574541,0.240554127,19.830238247,0.000000000,0.235727762,0.093547820,0.137293193,0.014167040,19.812702615,0,9,9,0,0.011642950,3,0,0,0,0,0,760,4,20616,80484,23381,135,2927,1290837
1829,1517157418.577085018,1517157418.677924395,1,0,0,1,160.236667626,66.220357565,-5.684515358,-0.018839664,-0.018511875,-0.833835741,0.551380390,766,341,0.445169713,0.027715690,0.020582675,0.012115845,0.226234807,19.202290570,0.000000000,0.235925604,0.089999614,0.159538636,0.018542735,19.660923694,0,15,14,1,0.019582245,0,0,0,0,0,0,748,3,20619,80499,23381,135,2927,1291585
1830,1517157418.677944899,1517157418.778784275,1,0,0,1,160.248458369,66.249423514,-5.692743774,-0.008273116,-0.008833532,-0.832909097,0.553277471,756,360,0.476190476,0.022556560,0.016965874,0.010072702,0.241219030,18.523646204,0.000000000,0.236352063,0.093367309,0.185135317,0.022458695,19.618132548,0,7,7,0,0.009259259,1,0,0,0,0,0,747,2,20619,80506,23382,135,2927,1292332
1831,1517157418.778805017,1517157418.879644394,1,0,0,1,160.271152829,66.287698675,-5.697045215,-0.015031910,-0.001832198,-0.831918446,0.554691251,736,343,0.466032609,0.025085952,0.018158866,0.011002712,0.224565815,21.340290836,0.000000000,0.235535569,0.092780867,0.224741523,0.026054169,19.746698466,0,5,3,2,0.006793478,2,0,0,0,0,0,729,2,20621,80511,23384,135,2927,1293061
1832,1517157418.879664898,1517157418.980504274,1,0,0,1,160.293689758,66.317853382,-5.694889152,-0.032135512,0.000542833,-0.832899587,0.552490083,729,350,0.480109739,0.024964748,0.015453616,0.010577202,0.240035008,24.809485453,0.000000000,0.236080614,0.075159156,0.250292494,0.028779583,19.934202543,0,10,10,0,0.013717421,1,0,0,0,0,0,716,3,20621,80521,23385,135,2927,1293777
1833,1517157418.980525017,1517157419.081303358,1,0,0,1,160.305507555,66.332735754,-5.693679381,-0.038250724,0.003259741,-0.833069074,0.551835278,761,372,0.488830486,0.027808998,0.020464495,0.012983943,0.231629764,22.177216120,0.000000000,0.236253408,0.077675497,0.260440845,0.029225893,20.036847232,0,8,7,1,0.010512484,1,0,0,0,0,0,752,1,20622,80529,23386,135,2927,1294529
1834,1517157419.081324100,1517157419.182163239,1,0,0,1,160.303681997,66.337459495,-5.692313130,-0.036306937,-0.000233017,-0.832670836,0.552576720,758,356,0.469656992,0.024552208,0.015493013,0.010411789,0.233082489,22.542469608,0.000000000,0.235285376,0.077751129,0.253579390,0.029879139,20.257803250,0,8,8,0,0.010554090,1,0,0,0,0,0,748,2,20622,80537,23387,135,2927,1295277
1835,1517157419.182183981,1517157419.283023357,1,0,0,1,160.300940653,66.334581434,-5.692879093,-0.034983532,-0.001398651,-0.832065895,0.553570720,742,363,0.489218329,0.025853370,0.017805006,0.012850049,0.236519609,22.461313811,0.000000000,0.234950538,0.074859742,0.252883453,0.031778432,20.390380071,0,13,13,0,0.017520216,2,0,0,0,0,0,727,2,20624,80550,23389,135,2927,1296004
1836,1517157419.283044100,1517157419.383883238,1,0,0,1,160.298212139,66.327694874,-5.693712601,-0.031727659,-0.002570829,-0.828245166,0.559461072,795,370,0.465408805,0.024127958,0.016119283,0.010281446,0.205578262,22.456749353,0.000000000,0.234045973,0.074896509,0.256547350,0.045042358,20.546987747,0,9,9,0,0.011320755,1,0,0,0,0,0,783,3,20624,80559,23390,135,2927,1296787
1837,1517157419.383903980,1517157419.484743357,1,0,0,1,160.297251546,66.321981224,-5.686573025,-0.021674889,-0.001675594,-0.827125469,0.561596696,779,364,0.467265725,0.023676995,0.014597968,0.009436271,0.210447174,22.031356547,0.000000000,0.231833685,0.075316291,0.257840478,0.049137821,20.728123436,0,13,12,1,0.016688062,4,0,0,0,0,0,759,7,20626,80572,23394,135,2927,1297546
1838,1517157419.484764099,1517157419.585603237,1,0,0,1,160.295372448,66.325188318,-5.684155368,-0.008983816,0.011671671,-0.831647461,0.555108605,742,352,0.474393531,0.024424136,0.017426706,0.010301099,0.221505028,20.913713000,0.000000000,0.231095790,0.069175023,0.255619099,0.065323837,20.761653494,0,8,8,0,0.010781671,1,0,0,0,0,0,732,2,20627,80580,23395,135,2927,1298278
1839,1517157419.585623980,1517157419.686463356,1,0,0,1,160.303268061,66.355232685,-5.678394355,0.001503554,0.026619114,-0.842600050,0.537879464,776,371,0.478092784,0.024432900,0.017137979,0.009522921,0.241773824,20.536772396,0.000000000,0.231518103,0.068012763,0.282236665,0.106753962,20.842269283,0,5,5,0,0.006443299,0,0,0,0,0,0,771,0,20625,80585,23395,135,2927,1299049
1840,1517157419.686484098,1517157419.787323236,1,0,0,1,160.315244548,66.420367186,-5.675280416,0.011529585,0.037422797,-0.860608838,0.507758831,789,374,0.474017744,0.024845063,0.016698013,0.011592970,0.255327100,19.347107643,0.000000000,0.231477481,0.066203505,0.345595598,0.177371381,20.860081442,0,7,5,2,0.008871990,1,0,0,0,0,0,780,2,20627,80592,23396,135,2927,1299829
1841,1517157419.787343979,1517157419.888183355,1,0,0,1,160.341333702,66.513577806,-5.677082330,-0.014030474,-0.032178516,0.883266597,-0.467555138,776,381,0.490979381,0.023204657,0.016946872,0.010066141,0.291904352,19.096549120,0.000000000,0.233495052,0.065298848,0.435004720,0.267709144,20.910159334,0,9,9,0,0.011597938,4,0,0,0,0,0,763,4,20626,80601,23400,135,2927,1300592
1842,1517157419.888204098,1517157419.989043236,1,0,0,1,160.379470490,66.629018601,-5.680078363,-0.017118989,-0.016904033,0.901816421,-0.431449113,804,364,0.452736318,0.025818082,0.018606217,0.011893299,0.301024226,21.799091561,0.000000000,0.237146813,0.065150728,0.554334615,0.347559431,20.963948824,0,7,5,2,0.008706468,0,0,0,0,0,0,797,0,20629,80608,23400,135,2927,1301389
1843,1517157419.989063978,1517157420.089842319,1,0,0,1,160.439459716,66.743926759,-5.678519703,-0.004412230,0.000477136,0.919400126,-0.393298503,789,401,0.508238276,0.023137861,0.015930133,0.010470731,0.356145413,26.401943919,0.000000000,0.242653783,0.064988898,0.681246828,0.431208126,21.390545718,0,12,12,0,0.015209125,1,0,0,0,0,0,773,4,20630,80620,23401,135,2927,1302162
1844,1517157420.089863062,1517157420.190702200,1,0,0,1,160.509500706,66.866820147,-5.683702028,0.010432751,0.024526660,0.929551831,-0.367726792,822,401,0.487834550,0.026644787,0.019171805,0.011997836,0.323879372,22.384298060,0.000000000,0.246818040,0.067852532,0.819350220,0.484562709,21.627801059,0,14,13,1,0.017031630,2,0,0,0,0,0,805,3,20632,80634,23403,135,2927,1302967
1845,1517157420.190723896,1517157420.291562319,1,0,0,1,160.580761159,66.954400747,-5.691662167,0.032870566,0.032537114,0.928314917,-0.368906868,857,408,0.476079347,0.028078471,0.020465257,0.012828020,0.376374877,24.756022373,0.000000000,0.254675429,0.073516419,0.925964506,0.484716103,21.862198807,0,12,12,0,0.014002334,2,0,0,0,0,0,841,4,20633,80646,23405,135,2927,1303808
1846,1517157420.291584015,1517157420.392422199,1,0,0,1,160.630826019,66.979806493,-5.695441156,0.056508422,0.018530361,0.926510624,-0.371539348,858,454,0.529137529,0.026544660,0.015863849,0.010904783,0.489783293,28.264857895,0.000000000,0.268102520,0.073108670,0.969281975,0.492624629,22.061005000,0,19,19,0,0.022144522,3,0,0,0,0,0,833,6,20633,80665,23408,135,2927,1304641
1847,1517157420.392443895,1517157420.493283272,1,0,0,1,160.650171562,66.990853690,-5.696041813,0.058585781,0.011156605,0.928007417,-0.367757352,835,431,0.516167665,0.026216171,0.018690462,0.010976189,0.398388023,23.910993023,0.000000000,0.277298580,0.066913378,0.967840240,0.497840088,22.139320287,0,14,13,1,0.016766467,4,0,0,0,0,0,817,4,20635,80679,23412,135,2927,1305458
1848,1517157420.493304014,1517157420.594143391,1,0,0,1,160.646927930,66.996620471,-5.693517974,0.052548055,0.011142915,0.928482601,-0.367470540,834,418,0.501199041,0.026206323,0.018120198,0.011312863,0.420800649,24.887550705,0.000000000,0.286310906,0.061554856,0.950549107,0.494392646,22.392185910,0,5,5,0,0.005995204,2,0,0,0,0,0,827,2,20637,80684,23414,135,2927,1306285
1849,1517157420.594163895,1517157420.695003271,1,0,0,1,160.640596572,66.993698644,-5.686974854,0.051614249,0.008755617,0.928515680,-0.367583924,868,457,0.526497696,0.028358221,0.020772349,0.012089857,0.453534911,23.519128785,0.000000000,0.297675911,0.063658961,0.927683571,0.490357172,22.608027821,0,12,9,3,0.013824885,7,0,0,0,0,0,848,8,20640,80696,23421,135,2927,1307133
1850,1517157420.695024014,1517157420.795863390,1,0,0,1,160.631756382,66.984212009,-5.683648082,0.048419732,0.007231286,0.928615185,-0.367800321,876,431,0.492009132,0.026868238,0.019246688,0.011310671,0.443252681,21.864049909,0.000000000,0.307777594,0.059219888,0.896365694,0.486930887,22.775048006,0,17,17,0,0.019406393,8,0,0,0,0,0,851,8,20640,80713,23429,135,2927,1307984
1851,1517157420.795883894,1517157420.896723270,1,0,0,1,160.624976758,66.981396936,-5.677067553,0.037316156,0.004638771,0.928480140,-0.369473432,858,426,0.496503497,0.027405780,0.020365039,0.012106466,0.391230566,23.868853872,0.000000000,0.316110831,0.060850386,0.868516592,0.485799766,22.901476158,0,17,15,2,0.019813520,5,0,0,0,0,0,835,6,20645,80730,23434,135,2927,1308819
1852,1517157420.896744013,1517157420.997583389,1,0,0,1,160.615393619,66.972827475,-5.681793204,0.020193465,0.004807615,0.927558517,-0.373100937,854,419,0.490632319,0.025641905,0.017785141,0.011202693,0.460479174,21.273972800,0.000000000,0.327133039,0.060455329,0.863171162,0.491849532,22.724700525,0,10,9,1,0.011709602,3,0,0,0,0,0,841,3,20646,80740,23437,135,2927,1309660
1853,1517157421.098403931,1517157421.199243307,1,0,0,1,160.637665664,66.984404757,-5.700205356,0.032742518,0.008366381,0.931174135,-0.363005043,846,425,0.502364066,0.025837873,0.016964218,0.010512663,0.405299180,24.783085639,0.000000000,0.335816510,0.057687569,0.889056002,0.511694566,22.854994001,0,11,10,1,0.013002364,2,0,0,0,0,0,832,3,20647,80751,23439,135,2927,1310492
1854,1517157421.199264050,1517157421.300103188,1,0,0,1,160.638295328,66.983296024,-5.710732117,0.033285382,0.006979346,0.930927678,-0.363616598,859,422,0.491268917,0.025273977,0.016737997,0.009669847,0.445374542,23.342746562,0.000000000,0.346431113,0.056936069,0.895644914,0.510907808,22.895007849,0,10,10,0,0.011641444,4,0,0,0,0,0,844,5,20648,80761,23443,135,2927,1311336
1855,1517157421.300123930,1517157421.400963306,1,0,0,1,160.635559540,66.984068390,-5.706786827,0.032367047,0.005858195,0.930801789,-0.364041324,866,432,0.498845266,0.026615984,0.017465418,0.010858818,0.429477621,24.681967878,0.000000000,0.356079013,0.057444678,0.893053528,0.497998448,23.006040552,0,8,8,0,0.009237875,4,0,0,0,0,0,853,5,20649,80769,23447,135,2927,1312189
1856,1517157421.400984049,1517157421.501823187,1,0,0,1,160.635653920,66.985992240,-5.703255572,0.031991234,0.005229692,0.930748180,-0.364221137,861,414,0.480836237,0.024993727,0.017323785,0.010139691,0.450357609,24.409918959,0.000000000,0.368317981,0.056044226,0.887881272,0.494060621,23.103699032,0,9,9,0,0.010452962,2,0,0,0,0,0,849,3,20650,80778,23449,135,2927,1313038
1857,1517157421.501843929,1517157421.602683306,1,0,0,1,160.637908913,66.988394148,-5.699719100,0.031949218,0.005016703,0.930798579,-0.364099006,868,422,0.486175115,0.025848323,0.018078936,0.010815812,0.436685837,26.251705030,0.000000000,0.379629914,0.052801018,0.888280439,0.478119221,23.314716456,0,8,8,0,0.009216590,0,0,0,0,0,0,859,1,20653,80786,23449,135,2927,1313897
1858,1517157421.602704048,1517157421.703543186,1,0,0,1,160.638133123,66.989354586,-5.702049816,0.032698385,0.005521403,0.930742380,-0.364168851,873,422,0.483390607,0.026985921,0.017533548,0.010116326,0.451990172,23.565812549,0.000000000,0.391154171,0.051888653,0.859217031,0.436747505,23.447321434,0,4,4,0,0.004581901,5,0,0,0,0,0,863,6,20653,80790,23454,135,2927,1314760
1859,1517157421.703563929,1517157421.804403305,1,0,0,1,160.639254458,66.989461392,-5.699949295,0.031980331,0.005036455,0.930820767,-0.364039274,884,428,0.484162896,0.025906346,0.018052674,0.011081149,0.435852024,25.418169564,0.000000000,0.400858081,0.049998268,0.795300920,0.365965641,23.691391292,0,5,5,0,0.005656109,3,0,0,0,0,0,875,4,20653,80795,23457,135,2927,1315635
1860,1517157421.804424047,1517157421.905263186,1,0,0,1,160.651618665,66.984636156,-5.699543648,0.031764112,0.005527962,0.931235861,-0.362987953,879,432,0.491467577,0.029673521,0.021326204,0.012031586,0.426450290,26.481289359,0.000000000,0.409414241,0.056885752,0.711769853,0.276221009,24.048100378,0,14,14,0,0.015927190,4,0,0,0,0,0,859,6,20653,80809,23461,135,2927,1316494
1861,1517157421.905283928,1517157422.006061316,1,0,0,1,160.650273992,66.984988869,-5.697261086,0.034822651,0.005601349,0.930621757,-0.364278950,888,427,0.480855856,0.025356115,0.017684910,0.010942661,0.489418345,23.430209245,0.000000000,0.419289940,0.050789832,0.592828413,0.198807482,24.264783384,0,10,9,1,0.011261261,3,0,0,0,0,0,875,3,20654,80819,23464,135,2927,1317369
1862,1517157422.006082058,1517157422.106921196,1,0,0,1,160.643754153,66.978869207,-5.693803792,0.035764018,0.004572054,0.930332251,-0.364941000,871,440,0.505166475,0.024013602,0.016134672,0.009931506,0.491491186,24.311394443,0.000000000,0.428813288,0.054457788,0.472781276,0.116695104,24.390398528,0,8,8,0,0.009184845,3,0,0,0,0,0,859,4,20653,80827,23467,135,2927,1318228
1863,1517157422.207802057,1517157422.308641195,1,0,0,1,160.619224455,66.956919927,-5.688795247,0.037676169,0.006159838,0.928893718,-0.368373483,852,416,0.488262911,0.021834506,0.014277960,0.008953840,0.417537101,24.264181681,0.000000000,0.431882873,0.060776720,0.364529965,0.068374187,24.283510417,0,10,9,1,0.011737089,2,0,0,0,0,0,840,2,20655,80837,23469,135,2927,1319068
1864,1517157422.308661938,1517157422.409501314,1,0,0,1,160.600475301,66.937123583,-5.691850274,0.042527375,0.007927009,0.928475485,-0.368865637,857,422,0.492415403,0.026557791,0.016821536,0.010626181,0.434310054,23.338786305,0.000000000,0.437404407,0.060746354,0.278777299,0.067425637,24.331234829,0,12,12,0,0.014002334,2,0,0,0,0,0,842,3,20657,80849,23471,135,2927,1319910
1865,1517157422.409522057,1517157422.510361195,1,0,0,1,160.576356975,66.915625447,-5.684317793,0.044803653,0.001856955,0.927962248,-0.369966554,827,418,0.505441354,0.026419190,0.017075427,0.011561159,0.386162454,22.857395173,0.000000000,0.437893786,0.058747121,0.255683418,0.062164767,24.236303469,0,10,10,0,0.012091898,2,0,0,0,0,0,815,2,20656,80859,23473,135,2927,1320725
1866,1517157422.510381937,1517157422.611221313,1,0,0,1,160.548673894,66.890434418,-5.681123638,0.047620929,0.004573771,0.927234627,-0.371412540,819,395,0.482295482,0.026870169,0.016822534,0.011307834,0.314672822,25.609914485,0.000000000,0.429138262,0.058941824,0.270962932,0.058087507,24.103556298,0,10,10,0,0.012210012,1,0,0,0,0,0,806,3,20656,80869,23474,135,2927,1321531
1867,1517157422.611243010,1517157422.712081194,1,0,0,1,160.514207065,66.856104791,-5.678965109,0.047401731,0.004440671,0.926612944,-0.372990358,794,377,0.474811083,0.026166505,0.019394256,0.012129980,0.306953385,27.281092162,0.000000000,0.424566530,0.058944440,0.312575903,0.060235464,24.272061255,0,11,11,0,0.013853904,3,0,0,0,0,0,778,5,20656,80880,23477,135,2927,1322309
1868,1517157422.712102890,1517157422.812942266,1,0,0,1,160.472418509,66.817598404,-5.672007540,0.043740314,0.000486845,0.926661247,-0.373343650,786,380,0.483460560,0.026062398,0.017950550,0.010746574,0.308458350,27.761425527,0.000000000,0.418949415,0.058961339,0.360262576,0.060562099,24.415754996,0,15,15,0,0.019083969,4,0,0,0,0,0,767,4,20655,80895,23481,135,2927,1323076
1869,1517157422.812963009,1517157422.913802385,1,0,0,1,160.429375191,66.774354320,-5.673986535,0.048123919,0.005284032,0.926503354,-0.373159085,783,368,0.469987229,0.023422373,0.015648096,0.009675525,0.307132595,25.148519771,0.000000000,0.411629299,0.060266214,0.407922203,0.060586467,24.497224546,0,7,6,1,0.008939974,5,0,0,0,0,0,770,6,20656,80902,23486,135,2927,1323846
1870,1517157422.913822889,1517157423.014600277,1,0,0,1,160.375029722,66.721461811,-5.671721469,0.047973833,-0.001920358,0.927481394,-0.370773635,762,364,0.477690289,0.026153665,0.018592422,0.011439730,0.279381026,27.148794264,0.000000000,0.403435717,0.059778892,0.473933117,0.062407993,24.761461763,0,19,19,0,0.024934383,2,0,0,0,0,0,739,4,20656,80921,23488,135,2927,1324585
1871,1517157423.014621019,1517157423.115460396,1,0,0,1,160.309157517,66.664077252,-5.676357120,0.051564037,0.005310885,0.928867098,-0.366768126,773,363,0.469598965,0.025111670,0.017746920,0.011204280,0.323944956,26.188484287,0.000000000,0.400071436,0.058691654,0.547721251,0.064348481,24.877443284,0,15,13,2,0.019404916,3,0,0,0,0,0,752,6,20659,80936,23491,135,2927,1325337
1872,1517157423.115480900,1517157423.216320276,1,0,0,1,160.239455787,66.605889884,-5.671666367,0.046407026,0.011222986,0.930159315,-0.364038572,761,360,0.473061761,0.027535471,0.018751896,0.010451714,0.287713481,23.818625499,0.000000000,0.391433151,0.060395998,0.607509242,0.049877109,25.004675919,0,8,8,0,0.010512484,2,0,0,0,0,0,749,4,20660,80944,23493,135,2927,1326086
1873,1517157423.216341019,1517157423.317180395,1,0,0,1,160.172637993,66.539126906,-5.671571651,0.046632281,0.007805640,0.932333581,-0.358494904,740,354,0.478378378,0.026828461,0.018126655,0.011239139,0.311404363,23.308910637,0.000000000,0.386738411,0.060862029,0.691361467,0.060113853,24.930967169,0,11,9,2,0.014864865,0,0,0,0,0,0,727,2,20663,80955,23493,135,2927,1326813
1874,1517157423.418061018,1517157423.518900394,1,0,0,1,160.004851292,66.382364218,-5.665503106,0.049469666,0.005182099,0.935849044,-0.348873137,721,327,0.453536755,0.027429444,0.019656514,0.012966751,0.249729282,21.995280553,0.000000000,0.376956148,0.061695953,0.916202313,0.079385589,24.863593869,0,4,4,0,0.005547850,1,0,0,0,0,0,714,3,20664,80959,23494,135,2927,1327527
1875,1517157423.518920898,1517157423.619760275,1,0,0,1,159.909579292,66.302707000,-5.670415207,0.046589382,0.005922990,0.937084115,-0.345930209,723,342,0.473029046,0.027460697,0.016502572,0.010935593,0.225143557,23.204710026,0.000000000,0.366739444,0.062627392,1.036462454,0.085605204,24.789730976,0,6,6,0,0.008298755,1,0,0,0,0,0,714,3,20664,80965,23495,135,2927,1328241
1876,1517157423.720640898,1517157423.821480274,1,0,0,1,159.702633618,66.125881565,-5.664259898,0.051580610,0.007379465,0.941560015,-0.332790807,747,327,0.437751004,0.030220960,0.021663328,0.012127538,0.232232822,21.759130242,0.000000000,0.355833205,0.070266179,1.303900406,0.113063199,24.657191540,0,11,10,1,0.014725569,0,0,0,0,0,0,734,2,20666,80976,23495,135,2927,1328975
1877,1517157423.821501017,1517157423.922340393,1,0,0,1,159.597649529,66.034956348,-5.658212888,0.056891024,0.003528590,0.943611769,-0.326110087,711,317,0.445850914,0.026171927,0.017631181,0.010951860,0.174033394,22.267630432,0.000000000,0.342700583,0.070126087,1.440386225,0.126246251,24.457987810,0,11,11,0,0.015471167,1,0,0,0,0,0,698,2,20669,80987,23496,135,2927,1329673
1878,1517157423.922360897,1517157424.023139238,1,0,0,1,159.473055767,65.941668571,-5.652259328,0.053858559,0.006490788,0.945647168,-0.320637737,706,313,0.443342776,0.026777266,0.019513306,0.011706470,0.174869908,26.474471096,0.000000000,0.328844570,0.070029563,1.593764290,0.138133925,24.603420738,0,17,17,0,0.024079320,0,0,0,0,0,0,686,3,20668,81004,23496,135,2927,1330359
1879,1517157424.023159981,1517157424.123999357,1,0,0,1,159.346907335,65.846098945,-5.649079744,0.057643715,0.006266829,0.948693232,-0.310836099,704,306,0.434659091,0.026017318,0.020329217,0.011950548,0.166969747,24.212471353,0.000000000,0.315400456,0.069975889,1.738780011,0.156212897,24.543135827,0,9,9,0,0.012784091,1,0,0,0,0,0,694,1,20669,81013,23497,135,2927,1331053
1880,1517157424.124020100,1517157424.224859238,1,0,0,1,159.221665963,65.755317658,-5.641558378,0.056628804,-0.001049706,0.954035790,-0.294292012,675,302,0.447407407,0.027656115,0.019307450,0.012046745,0.194485913,22.136300383,0.000000000,0.303802237,0.065007435,1.890972587,0.187529379,24.325886378,0,8,7,1,0.011851852,1,0,0,0,0,0,666,1,20670,81021,23498,135,2927,1331719
1881,1517157424.224879980,1517157424.325719357,1,0,0,1,159.084856097,65.659471494,-5.632027207,0.055805562,-0.008158643,0.961467593,-0.269071076,674,295,0.437685460,0.028248581,0.021249758,0.013144244,0.185132094,30.684560580,0.000000000,0.288587924,0.066326283,2.048700423,0.238198190,24.688603945,0,15,12,3,0.022255193,3,0,0,0,0,0,655,4,20673,81036,23501,135,2927,1332374
1882,1517157424.426599979,1517157424.527439356,1,0,0,1,158.769358713,65.481927913,-5.626478952,0.052742819,0.002591489,0.970826129,-0.233897640,686,278,0.405247813,0.028085205,0.020356397,0.011981958,0.158845141,24.094229630,0.000000000,0.271955622,0.064037383,2.377470398,0.305010877,24.677745704,0,13,12,1,0.018950437,1,0,0,0,0,0,671,2,20675,81049,23502,135,2927,1333045
1883,1517157424.527460098,1517157424.628299236,1,0,0,1,158.603340364,65.400168740,-5.612669735,0.053704350,0.007760607,0.973852920,-0.220603958,674,292,0.433234421,0.027461679,0.020527342,0.011825287,0.199169827,22.884484075,0.000000000,0.261037259,0.049170050,2.535606969,0.331552006,24.608760824,0,12,9,3,0.017804154,2,0,0,0,0,0,660,2,20679,81061,23504,135,2927,1333705
1884,1517157424.628319979,1517157424.729159355,1,0,0,1,158.425817184,65.315162171,-5.601859843,0.046950476,0.009262404,0.974520945,-0.219131898,679,297,0.437407953,0.027129212,0.020560364,0.012782935,0.185687386,22.531435469,0.000000000,0.248606125,0.049114825,2.699554581,0.332088227,24.568393282,0,26,26,0,0.038291605,0,0,0,0,0,0,652,1,20681,81087,23504,135,2927,1334357
1885,1517157424.729180098,1517157424.830019236,1,0,0,1,158.241789102,65.233979590,-5.588341602,0.051533727,0.011042139,0.974617769,-0.217583434,714,296,0.414565826,0.029144775,0.022056548,0.012443265,0.171045882,23.264575038,0.000000000,0.237850296,0.052026283,2.863582271,0.332022351,24.588752275,0,13,13,0,0.018207283,1,0,0,0,0,0,700,1,20682,81100,23505,135,2927,1335057
1886,1517157424.830039978,1517157424.930879354,1,0,0,1,158.044263431,65.147608419,-5.575987009,0.050242206,0.003005308,0.976946189,-0.207467667,645,265,0.410852713,0.027059270,0.020711936,0.011328092,0.161822660,23.216863245,0.000000000,0.230207788,0.051998671,3.030825374,0.348708088,24.469099713,0,10,9,1,0.015503876,1,0,0,0,0,0,633,2,20682,81110,23506,135,2927,1335690
1887,1517157424.930901051,1517157425.031678200,1,0,0,1,157.840973328,65.054222865,-5.575662502,0.050369050,0.002469460,0.979893146,-0.193044772,680,295,0.433823529,0.028836522,0.020963513,0.013763746,0.158173537,23.298962192,0.000000000,0.222768796,0.053219591,3.197290234,0.377528933,24.269993215,0,8,8,0,0.011764706,3,0,0,0,0,0,666,6,20683,81118,23509,135,2927,1336356
1888,1517157425.031699896,1517157425.132538319,1,0,0,1,157.627998637,64.967377826,-5.570069890,0.052148097,0.002084544,0.982672343,-0.177851894,680,273,0.401470588,0.029685929,0.024651326,0.011469148,0.196097734,21.932949572,0.000000000,0.217150765,0.055740210,3.366312168,0.408140907,23.978569417,0,11,11,0,0.016176471,2,0,0,0,0,0,665,4,20686,81129,23511,135,2927,1337021
1889,1517157425.132560015,1517157425.233399391,1,0,0,1,157.413364741,64.878628499,-5.567130422,0.048948782,0.001608874,0.982429860,-0.180091638,665,293,0.440601504,0.024930032,0.019390268,0.012074335,0.146266546,24.013051418,0.000000000,0.209107463,0.049502532,3.522720093,0.407930957,23.921796000,0,5,4,1,0.007518797,0,0,0,0,0,0,658,2,20687,81134,23511,135,2927,1337679
1890,1517157425.233419895,1517157425.334259272,1,0,0,1,157.187375014,64.789166100,-5.563682860,0.050170174,0.008497905,0.981169823,-0.186323691,688,291,0.422965116,0.032553058,0.026437732,0.014041411,0.202666907,22.668750997,0.000000000,0.205271757,0.062373403,3.678312788,0.411261532,23.697793836,0,10,10,0,0.014534884,0,0,0,0,0,0,676,2,20687,81144,23511,135,2927,1338355
1891,1517157425.334280014,1517157425.435119390,1,0,0,1,156.959070634,64.691091617,-5.557181472,0.055172545,0.010119780,0.980450084,-0.188603324,711,298,0.419127989,0.027672521,0.021782331,0.011984262,0.165262388,22.460079660,0.000000000,0.197337628,0.058274781,3.835958067,0.409144253,23.511373605,0,11,10,1,0.015471167,2,0,0,0,0,0,696,4,20692,81155,23513,135,2927,1339051
1892,1517157425.435139894,1517157425.535979271,1,0,0,1,156.726665880,64.592762059,-5.551092905,0.053465731,0.004586013,0.980766619,-0.187662524,698,294,0.421203438,0.029897983,0.024713272,0.014152965,0.220136049,20.933242843,0.000000000,0.193958757,0.060106436,3.993925878,0.398916183,23.367104472,0,18,18,0,0.025787966,3,0,0,0,0,0,675,5,20694,81173,23516,135,2927,1339726
1893,1517157425.636859894,1517157425.737699270,1,0,0,1,156.246393256,64.381894170,-5.549012083,0.053420770,0.002375053,0.980249441,-0.190398566,723,292,0.403872752,0.036181592,0.029777505,0.017818755,0.173082501,30.315701060,0.000000000,0.187042664,0.085571243,4.288751960,0.384545899,23.717443993,0,21,21,0,0.029045643,1,0,0,0,0,0,699,3,20695,81194,23517,135,2927,1340425
1894,1517157425.737720013,1517157425.838559389,1,0,0,1,156.012411867,64.278859463,-5.532376937,0.062618908,-0.000895481,0.982938728,-0.172943713,700,304,0.434285714,0.030648721,0.023321446,0.014190502,0.169627929,25.628982694,0.000000000,0.183037596,0.086301729,4.420672774,0.412677732,23.899129100,0,16,15,1,0.022857143,2,0,0,0,0,0,681,3,20696,81210,23519,135,2927,1341106
1895,1517157425.838579893,1517157425.939419270,1,0,0,1,155.764557390,64.180915199,-5.516080146,0.069769237,0.003592853,0.987339000,-0.142411530,726,297,0.409090909,0.033150415,0.025309333,0.014628504,0.189490889,24.798518404,0.000000000,0.181254963,0.091510414,4.415404342,0.447346360,23.978819519,0,17,17,0,0.023415978,1,0,0,0,0,0,706,3,20697,81227,23520,135,2927,1341812
1896,1517157425.939440012,1517157426.040218353,1,0,0,1,155.491721830,64.095739823,-5.505104861,0.037966519,0.005944682,0.992626097,-0.114963626,726,319,0.439393939,0.035868115,0.027286690,0.014931098,0.158464718,26.846350936,0.000000000,0.177566557,0.104342586,4.562420143,0.490902289,24.233180554,0,16,16,0,0.022038567,2,0,0,0,0,0,706,4,20701,81243,23522,135,2927,1342518
1897,1517157426.040239096,1517157426.141078234,1,0,0,1,155.236808874,64.043448468,-5.486598312,0.041288347,0.021375732,0.990960433,-0.125840257,741,304,0.410256410,0.030699672,0.024093212,0.014757304,0.176814755,21.262863281,0.000000000,0.177705626,0.101399200,4.667536906,0.499448393,24.182942196,0,8,7,1,0.010796221,5,0,0,0,0,0,728,5,20702,81251,23527,135,2927,1343246
1898,1517157426.141098976,1517157426.241938353,1,0,0,1,154.971093268,63.968817651,-5.483894552,0.038520330,0.013436032,0.990130027,-0.134082758,768,322,0.419270833,0.032201108,0.027895642,0.016268960,0.132153617,26.074593075,0.000000000,0.175569811,0.100374906,4.785253192,0.496397354,24.162948295,0,19,19,0,0.024739583,1,0,0,0,0,0,747,2,20704,81270,23528,135,2927,1343993
1899,1517157426.241959095,1517157426.342798233,1,0,0,1,154.709470469,63.896406089,-5.469093430,0.043650089,0.010468296,0.989630320,-0.136443816,777,320,0.411840412,0.027949393,0.022442706,0.013565084,0.174499416,22.238791588,0.000000000,0.175946294,0.097035353,4.902250135,0.467191326,24.064264307,0,11,11,0,0.014157014,0,0,0,0,0,0,766,0,20705,81281,23528,135,2927,1344759
1900,1517157426.342818975,1517157426.443658352,1,0,0,1,154.444602693,63.814000332,-5.458195478,0.052942159,0.007859826,0.989030461,-0.137673887,779,342,0.439024390,0.028876656,0.021546127,0.013461775,0.187409902,22.287794147,0.000000000,0.175592494,0.095755061,5.012540031,0.417924888,24.071838995,0,15,15,0,0.019255456,2,0,0,0,0,0,759,5,20705,81296,23530,135,2927,1345518
1901,1517157426.443679094,1517157426.544518232,1,0,0,1,154.169959337,63.732727136,-5.453078279,0.056093653,0.009811472,0.988777901,-0.138114079,751,312,0.415446072,0.031649488,0.025480551,0.013437047,0.162907947,23.717605424,0.000000000,0.174481287,0.095311270,4.936936998,0.344443044,23.723491237,0,18,17,1,0.023968043,1,0,0,0,0,0,729,4,20707,81314,23531,135,2927,1346247
1902,1517157426.544538975,1517157426.645378351,1,0,0,1,153.898076013,63.654477646,-5.443978494,0.048905647,0.008147193,0.989061143,-0.138924140,748,311,0.415775401,0.029254373,0.023479615,0.015171755,0.209016332,20.176061093,0.000000000,0.176989846,0.094206589,5.034429917,0.318204045,23.527582811,0,23,21,2,0.030748663,3,0,0,0,0,0,722,3,20708,81337,23534,135,2927,1346969
1903,1517157426.645399094,1517157426.746238232,1,0,0,1,153.613280841,63.561613313,-5.429836660,0.043660439,0.011532489,0.987243333,-0.152680615,756,314,0.415343915,0.033588937,0.024749681,0.014566781,0.163029076,24.235270509,0.000000000,0.175182809,0.094423896,5.137193740,0.342168255,23.595122132,0,21,20,1,0.027777778,2,0,0,0,0,0,731,4,20711,81358,23536,135,2927,1347700
1904,1517157426.746258974,1517157426.847098351,1,0,0,1,153.327889929,63.465343303,-5.421289102,0.047927133,0.016530986,0.984272438,-0.169226133,782,326,0.416879795,0.031106574,0.024726588,0.015210402,0.182214615,22.495796468,0.000000000,0.175009170,0.090736460,5.236912905,0.372285963,23.593340182,0,15,15,0,0.019181586,1,0,0,0,0,0,763,4,20713,81373,23537,135,2927,1348463
1905,1517157426.847119093,1517157426.947958231,1,0,0,1,153.047722740,63.360221826,-5.412959965,0.049470628,0.018519509,0.981094267,-0.186181963,770,317,0.411688312,0.034157395,0.028946688,0.015549341,0.156147610,23.525087943,0.000000000,0.174264256,0.092825042,5.320330629,0.386632197,23.606365827,0,19,17,2,0.024675325,4,0,0,0,0,0,744,7,20716,81392,23541,135,2927,1349207
1906,1517157426.947978973,1517157427.048758268,1,0,0,1,152.763473178,63.240567950,-5.398580605,0.048311884,0.019497488,0.979059102,-0.196797063,799,332,0.415519399,0.030337580,0.023858921,0.014907243,0.171174889,22.691928545,0.000000000,0.174731868,0.088200648,5.405358910,0.378734147,23.580119092,0,7,7,0,0.008760951,1,0,0,0,0,0,788,4,20716,81399,23542,135,2927,1349995
1907,1517157427.048779011,1517157427.149618387,1,0,0,1,152.475705487,63.116027148,-5.388628960,0.044251961,0.017493802,0.978021770,-0.203000363,764,313,0.409685864,0.031209053,0.022633127,0.014607140,0.156544131,24.455622254,0.000000000,0.174650398,0.086456781,5.489009445,0.360630323,23.637952095,0,20,20,0,0.026178010,3,0,0,0,0,0,739,5,20719,81419,23545,135,2927,1350734
1908,1517157427.149638891,1517157427.250478268,1,0,0,1,152.179180144,62.985235880,-5.378518181,0.045207094,0.013130604,0.976371498,-0.210908993,776,329,0.423969072,0.037680509,0.029841978,0.016373599,0.149339998,27.162047006,0.000000000,0.172312511,0.096042569,5.580978649,0.372809637,23.899406967,0,40,39,1,0.051546392,3,0,0,0,0,0,731,5,20723,81459,23548,135,2927,1351465
1909,1517157427.250499964,1517157427.351338387,1,0,0,1,151.883857258,62.844277141,-5.371201296,0.041582447,0.016844844,0.975938958,-0.213378308,794,305,0.384130982,0.031956369,0.023193245,0.015368829,0.153035626,24.692120768,0.000000000,0.172650965,0.082423443,5.665221153,0.365333200,23.933360435,0,20,20,0,0.025188917,1,0,0,0,0,0,770,4,20726,81479,23549,135,2927,1352235
1910,1517157427.351360083,1517157427.452198267,1,0,0,1,151.590527598,62.705692858,-5.365508807,0.046821139,0.018163708,0.975552602,-0.213950888,794,320,0.403022670,0.029767381,0.023002025,0.013568936,0.144659541,25.304838877,0.000000000,0.169750596,0.083788180,5.741127012,0.361815384,24.065164829,0,18,18,0,0.022670025,4,0,0,0,0,0,771,5,20729,81497,23553,135,2927,1353006
1911,1517157427.452219963,1517157427.553059340,1,0,0,1,151.289139737,62.559288909,-5.351398840,0.054805102,0.014607900,0.975627601,-0.211975929,788,335,0.425126904,0.032096853,0.023976529,0.014458753,0.181934078,26.137815146,0.000000000,0.170584181,0.078038630,5.824065543,0.363814075,24.249051603,0,17,17,0,0.021573604,3,0,0,0,0,0,764,7,20731,81514,23556,135,2927,1353770
1912,1517157427.553080082,1517157427.653919220,1,0,0,1,150.983543408,62.412597666,-5.338574322,0.053368705,0.013186904,0.976251352,-0.209549957,775,318,0.410322581,0.029259736,0.020639308,0.014284456,0.174699695,21.874840694,0.000000000,0.168312363,0.079043303,5.638758360,0.362896742,24.296131496,0,10,9,1,0.012903226,2,0,0,0,0,0,763,2,20732,81524,23558,135,2927,1354533
1913,1517157427.754800081,1517157427.855639219,1,0,0,1,150.369127484,62.120667744,-5.307828234,0.054823679,0.011974085,0.975995577,-0.210436735,774,307,0.396640827,0.032852188,0.024434385,0.015391464,0.158955336,21.484382486,0.000000000,0.167606005,0.073579306,6.063492081,0.330164211,23.854565567,0,20,16,4,0.025839793,4,0,0,0,0,0,750,4,20742,81544,23562,135,2927,1355283
1914,1517157427.855659962,1517157427.956499338,1,0,0,1,150.059066843,61.976184568,-5.288501897,0.052429420,0.010012144,0.975895891,-0.211608419,766,302,0.394255875,0.030634318,0.020284369,0.014752261,0.143279340,34.548539759,0.000000000,0.166288576,0.073591423,6.139106390,0.270278285,24.300543420,0,14,12,2,0.018276762,4,0,0,0,0,0,748,4,20743,81558,23566,135,2927,1356031
1915,1517157427.956520081,1517157428.057297230,1,0,0,1,149.751246928,61.821573374,-5.275372048,0.053745116,-0.009266550,0.977769866,-0.202464028,775,308,0.397419355,0.030727677,0.022731878,0.014098374,0.139410971,25.278377144,0.000000000,0.163784580,0.073404211,6.197791412,0.230168884,24.324536357,0,19,18,1,0.024516129,1,0,0,0,0,0,754,2,20746,81577,23567,135,2927,1356785
1916,1517157428.057317972,1517157428.158157349,1,0,0,1,149.439134140,61.680043840,-5.263430921,0.043933468,-0.021453449,0.986284195,-0.157648619,812,332,0.408866995,0.029004263,0.020420584,0.013753819,0.129485271,24.730001865,0.000000000,0.162335607,0.069241716,6.279823574,0.300580561,24.218718904,0,16,15,1,0.019704433,3,0,0,0,0,0,791,5,20750,81593,23570,135,2927,1357576
1917,1517157428.158178091,1517157428.259017229,1,0,0,1,149.120170714,61.575650351,-5.258614164,0.040117254,-0.007923431,0.991475304,-0.123711543,839,313,0.373063170,0.036745763,0.029456884,0.018429131,0.164862835,21.737550936,0.000000000,0.161738011,0.078182928,6.339459912,0.353244719,24.242453286,0,22,21,1,0.026221692,4,0,0,0,0,0,812,5,20752,81615,23574,135,2927,1358388
1918,1517157428.259037971,1517157428.359877348,1,0,0,1,148.801667244,61.479231734,-5.247896697,0.040716852,-0.000704616,0.989992724,-0.135114943,837,329,0.393070490,0.031934220,0.024288054,0.014754372,0.194077336,21.447998773,0.000000000,0.164834197,0.078126503,6.400548079,0.370688239,24.011123571,0,14,12,2,0.016726404,0,0,0,0,0,0,823,0,20755,81629,23574,135,2927,1359211
1919,1517157428.359898090,1517157428.460737228,1,0,0,1,148.474408201,61.387003946,-5.235957490,0.026363021,0.018576790,0.983733990,-0.176712567,828,316,0.381642512,0.033920885,0.027248273,0.015387115,0.189035999,23.420377838,0.000000000,0.165561026,0.074470582,6.463159395,0.450633965,24.070202884,0,12,12,0,0.014492754,3,0,0,0,0,0,809,7,20757,81641,23577,135,2927,1360020
1920,1517157428.460757971,1517157428.561597347,1,0,0,1,148.160813211,61.277214006,-5.227710217,0.011248832,0.034903683,0.972299155,-0.230845295,828,324,0.391304348,0.027956239,0.020945561,0.014489812,0.151079312,23.589951540,0.000000000,0.163744497,0.076625210,6.509058118,0.560201862,24.135310753,0,12,12,0,0.014492754,2,0,0,0,0,0,814,2,20758,81653,23579,135,2927,1360834
1921,1517157428.561618090,1517157428.662457228,1,0,0,1,147.870929161,61.132242656,-5.221386473,0.004240025,0.025548043,0.960859918,-0.275821570,869,338,0.388952819,0.028906502,0.022658360,0.013394808,0.145083968,25.189453018,0.000000000,0.162853298,0.079486381,6.550167191,0.652117337,24.208903133,0,13,13,0,0.014959724,0,0,0,0,0,0,854,2,20759,81666,23579,135,2927,1361688
1922,1517157428.662477970,1517157428.763317347,1,0,0,1,147.599552614,60.974941656,-5.213698493,0.010347315,0.026444358,0.957636428,-0.286576519,856,339,0.396028037,0.028927420,0.021929266,0.014777182,0.178735068,22.612554209,0.000000000,0.161339235,0.080050573,6.564044584,0.646837518,24.330727789,0,8,8,0,0.009345794,2,0,0,0,0,0,846,2,20759,81674,23581,135,2927,1362534
1923,1517157428.864197969,1517157428.965037346,1,0,0,1,147.088564430,60.638193804,-5.195158142,0.032075292,0.027748470,0.954621104,-0.294787629,875,354,0.404571429,0.033120638,0.024002486,0.015637142,0.152659191,25.959485286,0.000000000,0.160820741,0.079602941,6.874983946,0.630510658,24.416938528,0,21,20,1,0.024000000,1,0,0,0,0,0,850,4,20760,81695,23582,135,2927,1363384
1924,1517157428.965058088,1517157429.065837383,1,0,0,1,146.834937474,60.462553382,-5.178204572,0.036967794,0.022289793,0.954206440,-0.296017933,893,353,0.395296753,0.030432336,0.022201170,0.013890305,0.150303091,35.306595764,0.000000000,0.159225164,0.080038671,6.884600582,0.599136664,25.057478493,0,11,10,1,0.012318029,0,0,0,0,0,0,877,5,20761,81706,23582,135,2927,1364261
1925,1517157429.065857887,1517157429.166697264,1,0,0,1,146.590940620,60.287737944,-5.169219036,0.040715081,0.015528377,0.954540349,-0.294879422,850,360,0.423529412,0.032219380,0.024115677,0.015685483,0.139741702,25.408584044,0.000000000,0.158404869,0.078243368,6.876151165,0.579290275,25.151653298,0,16,15,1,0.018823529,3,0,0,0,0,0,831,3,20763,81722,23585,135,2927,1365092
1926,1517157429.166718006,1517157429.267557383,1,0,0,1,146.343167019,60.111271807,-5.161175834,0.035438760,0.014138121,0.955424790,-0.292758737,881,331,0.375709421,0.033653802,0.025513963,0.015548946,0.149954839,25.790294668,0.000000000,0.157343866,0.078739073,6.866729177,0.571053057,25.306571604,0,22,21,1,0.024971623,1,0,0,0,0,0,857,2,20768,81744,23586,135,2927,1365949
1927,1517157429.267577887,1517157429.368417263,1,0,0,1,146.100715151,59.939613963,-5.151262172,0.040046672,0.008759018,0.955586909,-0.291844484,855,333,0.389473684,0.027515276,0.019085227,0.013221838,0.140168240,24.943819570,0.000000000,0.156525072,0.084214173,6.839715817,0.555754583,25.330981470,0,13,13,0,0.015204678,1,0,0,0,0,0,839,3,20770,81757,23587,135,2927,1366788
1928,1517157429.368438005,1517157429.469277382,1,0,0,1,145.867014847,59.774675942,-5.136228598,0.036945775,0.005022192,0.955915897,-0.291263772,861,320,0.371660859,0.032322277,0.022615020,0.014541226,0.172097638,23.638178914,0.000000000,0.157662954,0.072069835,6.798833035,0.552237653,25.154788065,0,24,23,1,0.027874564,5,0,0,0,0,0,831,6,20774,81781,23592,135,2927,1367619
1929,1517157429.469297886,1517157429.570137262,1,0,0,1,145.627614503,59.605658162,-5.129310185,0.031109628,-0.001939049,0.956542400,-0.289922522,863,326,0.377752028,0.029003103,0.019519534,0.012705780,0.142135352,25.300606869,0.000000000,0.157117940,0.073762362,6.767497537,0.553785175,25.185212370,0,19,19,0,0.022016222,3,0,0,0,0,0,840,4,20777,81800,23595,135,2927,1368459
1930,1517157429.570158958,1517157429.670962811,1,0,0,1,145.409755419,59.445707003,-5.120715904,0.023379375,-0.019253543,0.964385331,-0.262761564,806,297,0.368486352,0.025706537,0.019052123,0.012455564,0.167179686,24.598344454,0.000000000,0.158243947,0.082965810,6.702543878,0.606697731,25.149887649,0,12,10,2,0.014888337,3,0,0,0,0,0,791,3,20782,81812,23598,135,2927,1369250
1931,1517157429.671019077,1517157429.769062757,1,0,0,1,145.194446698,59.312317287,-5.104227495,0.021286717,-0.030421961,0.975371164,-0.217422339,826,316,0.382566586,0.028585595,0.018905738,0.011577664,0.149062597,31.715077109,0.000000000,0.156600373,0.084370346,6.617137312,0.695054337,25.428750747,0,15,12,3,0.018159806,0,0,0,0,0,0,807,4,20787,81827,23598,135,2927,1370057
1932,1517157429.771878958,1517157429.867817163,1,0,0,1,144.973526359,59.214392142,-5.097180905,0.024343612,-0.024944165,0.982444680,-0.183269277,838,303,0.361575179,0.037302402,0.025944124,0.016857288,0.138429247,28.968201954,0.000000000,0.154786851,0.094559730,6.177953778,0.762693516,25.783418810,0,16,14,2,0.019093079,4,0,0,0,0,0,817,5,20790,81843,23602,135,2927,1370874
1933,1517157429.872739077,1517157429.965912580,1,0,0,1,144.760638986,59.130037619,-5.089066091,0.025564043,-0.021543112,0.984159884,-0.174102546,837,305,0.364396655,0.030595172,0.021190790,0.013420432,0.163069757,26.061108525,0.000000000,0.154992572,0.094023819,6.064471041,0.778882906,26.012255112,0,26,26,0,0.031063321,3,0,0,0,0,0,808,3,20792,81869,23605,135,2927,1371682
1934,1517157429.973598957,1517157430.065383673,1,0,0,1,144.551915656,59.050913740,-5.079220767,0.031524512,-0.015272631,0.985240730,-0.167551948,804,334,0.415422886,0.029916425,0.021447279,0.013516486,0.195519912,27.507280318,0.000000000,0.157604601,0.094398676,5.943188036,0.775306701,25.660192140,0,13,13,0,0.016169154,1,0,0,0,0,0,788,3,20792,81882,23606,135,2927,1372470
1935,1517157430.175256968,1517157430.276096344,1,0,0,1,144.126780443,58.902386385,-5.056193590,0.029938181,-0.005096894,0.986588829,-0.160375216,826,317,0.383777240,0.033920764,0.024726891,0.016813430,0.181713640,24.179509623,0.000000000,0.159719734,0.096207523,6.051199480,0.699368078,25.605248764,0,19,19,0,0.023002421,4,0,0,0,0,0,803,4,20794,81901,23610,135,2927,1373273
1936,1517157430.376976967,1517157430.477816343,1,0,0,1,143.722220922,58.753691984,-5.031846124,0.031575761,0.001063856,0.985043669,-0.169383618,821,299,0.364190012,0.035029811,0.025665823,0.015501084,0.170890724,25.133191264,0.000000000,0.161790007,0.097761716,6.147259883,0.647370171,25.625408234,0,24,22,2,0.029232643,6,0,0,0,0,0,790,7,20797,81925,23616,135,2927,1374063
1937,1517157430.477837086,1517157430.578676224,1,0,0,1,143.517828351,58.676165515,-5.038516345,0.034884699,0.005258006,0.984306478,-0.172905085,810,285,0.351851852,0.031202401,0.022089027,0.014311129,0.140258045,25.995524144,0.000000000,0.160559767,0.090368083,6.033013004,0.631836532,25.838306894,0,15,15,0,0.018518519,1,0,0,0,0,0,793,2,20798,81940,23617,135,2927,1374856
1938,1517157430.578696966,1517157430.679536343,1,0,0,1,143.313612409,58.598476129,-5.035199109,0.033109067,0.009173703,0.984298453,-0.173136331,827,307,0.371221282,0.027223904,0.021379420,0.013867761,0.156334340,32.566683122,0.000000000,0.158672617,0.094810989,5.911316465,0.549114766,26.394241112,0,13,13,0,0.015719468,3,0,0,0,0,0,809,5,20799,81953,23620,135,2927,1375665
1939,1517157430.679557085,1517157430.780396223,1,0,0,1,143.126233624,58.516393616,-5.029823365,0.043272430,0.005394850,0.984568784,-0.169477731,826,312,0.377723971,0.032842140,0.024287940,0.016533539,0.226002772,22.177933588,0.000000000,0.160520956,0.093448679,5.783595027,0.445679681,26.332118899,0,30,30,0,0.036319613,3,0,0,0,0,0,790,6,20807,81983,23623,135,2927,1376455
1940,1517157430.780416965,1517157430.881256342,1,0,0,1,142.920990860,58.443428923,-5.031895707,0.037626400,0.006488222,0.984135729,-0.173259991,828,327,0.394927536,0.031724355,0.022418618,0.013608699,0.174431645,26.829423377,0.000000000,0.161688573,0.090588786,5.677256488,0.359578605,26.494092491,0,22,22,0,0.026570048,2,0,0,0,0,0,803,3,20807,82005,23625,135,2927,1377258
1941,1517157430.881277084,1517157430.982116222,1,0,0,1,142.722351298,58.361374087,-5.020852373,0.041024030,0.006659270,0.983741926,-0.174712638,800,304,0.380000000,0.029591681,0.023276993,0.015364158,0.184760663,24.764499833,0.000000000,0.163672407,0.089788478,5.578696028,0.340419612,26.472844832,0,13,13,0,0.016250000,1,0,0,0,0,0,783,4,20807,82018,23626,135,2927,1378041
1942,1517157430.982136965,1517157431.082915306,1,0,0,1,142.525411344,58.284626332,-5.009298307,0.048720275,0.009960668,0.981921903,-0.182637611,792,298,0.376262626,0.031090811,0.023230963,0.014694750,0.179404699,26.397345447,0.000000000,0.163705889,0.088112320,5.178126128,0.339609772,26.662084394,0,14,13,1,0.017676768,1,0,0,0,0,0,777,1,20808,82032,23627,135,2927,1378818
1943,1517157431.082936049,1517157431.183775187,1,0,0,1,142.326115504,58.194122151,-4.996392188,0.042655822,0.009121694,0.982404800,-0.181598688,805,292,0.362732919,0.036833425,0.022745764,0.014361152,0.165096676,30.059122900,0.000000000,0.164327763,0.095310286,5.088417589,0.338792505,26.867066274,0,13,11,2,0.016149068,3,0,0,0,0,0,787,5,20810,82045,23630,135,2927,1379605
1944,1517157431.183795929,1517157431.284635305,1,0,0,1,142.126078635,58.118997431,-4.988485635,0.041509989,0.009832556,0.981815236,-0.184984010,801,293,0.365792759,0.030765766,0.021112498,0.013454615,0.187495159,24.062909911,0.000000000,0.166187367,0.095126893,5.001949656,0.343856744,26.304881982,0,14,13,1,0.017478152,2,0,0,0,0,0,784,3,20813,82059,23632,135,2927,1380389
1945,1517157431.284656048,1517157431.385495186,1,0,0,1,141.928406393,58.043398102,-4.984060931,0.045047780,0.016012687,0.981935788,-0.183074848,777,293,0.377091377,0.032153566,0.025953696,0.016976200,0.178087132,26.929393364,0.000000000,0.168104638,0.095107455,4.909334241,0.343628104,26.380922448,0,15,14,1,0.019305019,2,0,0,0,0,0,760,2,20815,82074,23634,135,2927,1381149
1946,1517157431.385515928,1517157431.486355305,1,0,0,1,141.731959454,57.965653510,-4.970449782,0.042462856,0.006586281,0.981560101,-0.186261364,805,306,0.380124224,0.029677988,0.022143835,0.014895888,0.201159409,23.694847127,0.000000000,0.170664867,0.094819096,4.823810427,0.349538024,26.276150071,0,9,9,0,0.011180124,1,0,0,0,0,0,794,2,20817,82083,23635,135,2927,1381943
1947,1517157431.486376047,1517157431.587215185,1,0,0,1,141.535428387,57.883648327,-4.969431572,0.048021374,0.004877221,0.981017185,-0.187817577,780,291,0.373076923,0.027657242,0.020026065,0.013699909,0.147991864,26.979530224,0.000000000,0.171056048,0.094521927,4.750329224,0.351951211,26.377935603,0,9,9,0,0.011538462,3,0,0,0,0,0,767,4,20817,82092,23638,135,2927,1382710
1948,1517157431.587235928,1517157431.688075304,1,0,0,1,141.335329494,57.802155353,-4.958131389,0.047679161,0.008082120,0.980986098,-0.187956515,805,297,0.368944099,0.032820428,0.019819659,0.014240674,0.181161368,27.903849930,0.000000000,0.171509234,0.094825823,4.673547879,0.349239126,26.591219154,0,17,17,0,0.021118012,2,0,0,0,0,0,786,2,20819,82109,23640,135,2927,1383496
1949,1517157431.688096046,1517157431.788935184,1,0,0,1,141.130783897,57.711415206,-4.952549669,0.050667169,0.009594911,0.980389715,-0.190201953,788,296,0.375634518,0.030415656,0.021819337,0.014839992,0.126877116,29.715178628,0.000000000,0.170746323,0.093451800,4.626978122,0.297462897,26.811947742,0,10,9,1,0.012690355,1,0,0,0,0,0,777,1,20820,82119,23641,135,2927,1384273
1950,1517157431.788957119,1517157431.889795303,1,0,0,1,140.921595144,57.621076928,-4.935166105,0.048064583,0.005305734,0.979366807,-0.196220033,796,291,0.365577889,0.029469868,0.023503231,0.015626132,0.165160350,25.491373561,0.000000000,0.170645356,0.084841593,4.601685986,0.216812620,26.856599197,0,21,20,1,0.026381910,1,0,0,0,0,0,774,1,20823,82140,23642,135,2927,1385047
1951,1517157431.889816999,1517157431.990656376,1,0,0,1,140.717713171,57.528637434,-4.929761192,0.048936084,0.009344158,0.979420683,-0.195583927,783,289,0.369093231,0.034947931,0.026434331,0.016430448,0.180155768,25.533865203,0.000000000,0.172200014,0.084615550,4.583856813,0.148797402,26.547538602,0,14,14,0,0.017879949,0,0,0,0,0,0,769,0,20823,82154,23642,135,2927,1385816
1952,1517157431.990677118,1517157432.091463327,1,0,0,1,140.503718517,57.431165747,-4.932839381,0.038940310,0.006398671,0.979587386,-0.197107235,764,288,0.376963351,0.035518847,0.027046878,0.016825405,0.184920446,25.768792316,0.000000000,0.174524574,0.079781456,4.589890270,0.133106739,26.387568120,0,16,16,0,0.020942408,4,0,0,0,0,0,744,4,20827,82170,23646,135,2927,1386560
1953,1517157432.192343950,1517157432.293183327,1,0,0,1,140.085002750,57.241376837,-4.926025813,0.045530721,0.011323639,0.977889585,-0.203790796,790,289,0.365822785,0.049538677,0.037227496,0.021777842,0.184986104,24.390460472,0.000000000,0.175620392,0.141807437,4.826226591,0.133391478,26.304035718,0,35,32,3,0.044303797,2,0,0,0,0,0,753,2,20836,82205,23648,135,2927,1387313
1954,1517157432.293204069,1517157432.394043207,1,0,0,1,139.858513508,57.134147918,-4.922649296,0.050301988,0.010752687,0.976894536,-0.207439522,788,295,0.374365482,0.030146133,0.022030198,0.014758672,0.158566625,28.076020486,0.000000000,0.173772727,0.141560158,4.625917560,0.125908251,26.332472726,0,15,15,0,0.019035533,2,0,0,0,0,0,771,2,20839,82220,23650,135,2927,1388084
1955,1517157432.394063950,1517157432.494903326,1,0,0,1,139.626429074,57.022695760,-4.909251911,0.051992219,0.009733496,0.976522254,-0.208821351,753,276,0.366533865,0.029124133,0.020424695,0.013941788,0.160107570,26.139018453,0.000000000,0.172692424,0.144180743,4.452016846,0.110929103,26.430448167,0,11,11,0,0.014608234,1,0,0,0,0,0,741,1,20840,82231,23651,135,2927,1388825
1956,1517157432.494924068,1517157432.595763206,1,0,0,1,139.387609077,56.911042824,-4.901557247,0.054555212,0.006478930,0.976467642,-0.208549027,768,279,0.363281250,0.032868610,0.020791076,0.014214967,0.206276080,24.333425141,0.000000000,0.174461692,0.143501387,4.497056858,0.104040707,26.390459861,0,14,14,0,0.018229167,5,0,0,0,0,0,749,5,20841,82245,23656,135,2927,1389574
1957,1517157432.595783949,1517157432.696623325,1,0,0,1,139.154571016,56.796858288,-4.885686939,0.053198423,0.008912406,0.975509048,-0.213243039,777,272,0.350064350,0.034893016,0.021883782,0.013784669,0.214643121,23.392124950,0.000000000,0.178180945,0.143511293,4.538530982,0.113195143,26.260289902,0,19,19,0,0.024453024,1,0,0,0,0,0,755,3,20847,82264,23657,135,2927,1390329
1958,1517157432.696644068,1517157432.797483206,1,0,0,1,138.915949176,56.681257598,-4.872098711,0.051388525,0.004393335,0.974905307,-0.216563065,775,288,0.371612903,0.028270545,0.019393337,0.012794582,0.196733151,41.627530312,0.000000000,0.180200886,0.141632135,4.599388456,0.113461754,26.713332261,0,12,11,1,0.015483871,1,0,0,0,0,0,761,2,20848,82276,23658,135,2927,1391090
1959,1517157432.797503948,1517157432.898343325,1,0,0,1,138.670316903,56.559704726,-4.855009079,0.050221185,-0.002265022,0.978635817,-0.199360579,782,311,0.397698210,0.032997163,0.020838878,0.013218318,0.190762275,25.791035490,0.000000000,0.178438861,0.141618988,4.656146893,0.140776531,26.893987356,0,15,15,0,0.019181586,3,0,0,0,0,0,764,3,20849,82291,23661,135,2927,1391854
1960,1517157432.898364067,1517157432.999203205,1,0,0,1,138.421332874,56.449717315,-4.844258129,0.049331803,-0.013521326,0.986522708,-0.155423592,805,308,0.382608696,0.030556965,0.022209115,0.014442852,0.240475328,24.170834483,0.000000000,0.181741045,0.142401645,4.713350732,0.226365484,26.761057911,0,25,25,0,0.031055901,5,0,0,0,0,0,775,5,20854,82316,23666,135,2927,1392629
1961,1517157432.999223948,1517157433.099994183,1,0,0,1,138.173004677,56.363632932,-4.837494911,0.053998559,-0.010665917,0.989890599,-0.130717237,790,301,0.381012658,0.026167426,0.019860272,0.013194207,0.191334220,26.192028177,0.000000000,0.182069723,0.148228716,4.764582055,0.260302722,26.832434329,0,11,10,1,0.013924051,3,0,0,0,0,0,776,3,20856,82327,23669,135,2927,1393405
1962,1517157433.100014925,1517157433.200854301,1,0,0,1,137.904226135,56.288901128,-4.830191677,0.050897106,-0.008749551,0.991409915,-0.120163683,779,262,0.336328626,0.028470950,0.020718369,0.013650235,0.183832555,25.988908030,0.000000000,0.182291116,0.150901721,4.824388764,0.279792339,26.812012458,0,7,7,0,0.008985879,3,0,0,0,0,0,769,3,20859,82334,23672,135,2927,1394174
1963,1517157433.200875044,1517157433.301714182,1,0,0,1,137.630557695,56.217017576,-4.820673634,0.049948142,-0.004225224,0.991205077,-0.122473780,767,270,0.352020860,0.029769240,0.020379125,0.014069083,0.205839675,23.484731470,0.000000000,0.184328266,0.149542961,4.893675835,0.277162811,26.483292886,0,20,19,1,0.026075619,3,0,0,0,0,0,744,3,20860,82354,23675,135,2927,1394918
1964,1517157433.301734924,1517157433.402574301,1,0,0,1,137.360615202,56.143223241,-4.806179199,0.051259212,-0.000570414,0.990466556,-0.127859959,739,270,0.365358593,0.025898867,0.019484704,0.013308513,0.177373890,24.490682201,0.000000000,0.183822202,0.156041436,4.962216599,0.283417421,26.504681501,0,13,13,0,0.017591340,5,0,0,0,0,0,721,5,20860,82367,23680,135,2927,1395639
1965,1517157433.402595043,1517157433.503434181,1,0,0,1,137.083859888,56.057399354,-4.808922491,0.051278353,0.007147308,0.989979191,-0.131379787,747,291,0.389558233,0.032038571,0.022316634,0.015452335,0.213926629,24.715215563,0.000000000,0.185614177,0.156050232,5.040277364,0.282527318,26.393972611,0,15,15,0,0.020080321,3,0,0,0,0,0,729,3,20862,82382,23683,135,2927,1396368
1966,1517157433.503454924,1517157433.604294300,1,0,0,1,136.802715348,55.974334691,-4.794089303,0.045739414,0.003703337,0.989444053,-0.137457839,725,252,0.347586207,0.025717160,0.019723354,0.012344061,0.203940005,23.731383151,0.000000000,0.185753207,0.161791297,5.120854823,0.291459373,26.395799412,0,24,23,1,0.033103448,0,0,0,0,0,0,701,0,20866,82406,23683,135,2927,1397069
1967,1517157433.604315042,1517157433.705154181,1,0,0,1,136.525034378,55.895310522,-4.779165172,0.046262767,0.009718504,0.989462494,-0.136854960,706,259,0.366855524,0.028621522,0.020025948,0.012944236,0.218115614,24.643987827,0.000000000,0.189259395,0.160557218,5.193594559,0.293189077,26.279022292,0,12,11,1,0.016997167,3,0,0,0,0,0,691,3,20868,82418,23686,135,2927,1397760
1968,1517157433.705174923,1517157433.806014299,1,0,0,1,136.240320752,55.809341067,-4.766893884,0.047227248,0.012438920,0.989667876,-0.134804882,696,256,0.367816092,0.033866064,0.026495564,0.017253959,0.203907390,26.315986494,0.000000000,0.190396696,0.160916660,5.267418572,0.293015198,26.199629120,0,9,9,0,0.012931034,3,0,0,0,0,0,684,3,20869,82427,23689,135,2927,1398444
1969,1517157433.806035042,1517157433.906874180,1,0,0,1,135.951966112,55.721562911,-4.756775946,0.053790486,0.010175182,0.989220057,-0.135818731,717,259,0.361227336,0.033640456,0.022851457,0.016973933,0.198679878,34.592519027,0.000000000,0.193986834,0.160581434,5.340483524,0.282817707,26.443496140,0,22,19,3,0.030683403,4,0,0,0,0,0,689,6,20875,82449,23693,135,2927,1399133
1970,1517157433.906896114,1517157434.007672310,1,0,0,1,135.657132024,55.636698728,-4.747644274,0.049093875,0.010841715,0.988869523,-0.140033267,715,289,0.404195804,0.035991279,0.025331857,0.015875940,0.207930404,25.979936571,0.000000000,0.196125336,0.160823309,5.423499613,0.289551992,26.467924291,0,18,16,2,0.025174825,2,0,0,0,0,0,695,2,20879,82467,23695,135,2927,1399828
1971,1517157434.007694006,1517157434.108532190,1,0,0,1,135.357673489,55.553406727,-4.727045793,0.050461848,0.007921589,0.988643800,-0.141330418,714,267,0.373949580,0.040153640,0.028910901,0.019668646,0.223776636,24.999328949,0.000000000,0.198306380,0.167902649,5.499839821,0.289509485,26.441197478,0,15,12,3,0.021008403,4,0,0,0,0,0,695,4,20884,82482,23699,135,2927,1400523
1972,1517157434.108553886,1517157434.209393263,1,0,0,1,135.071545041,55.460565206,-4.724310198,0.050378755,-0.006238363,0.989216670,-0.137380653,706,233,0.330028329,0.041177251,0.028380261,0.020855830,0.228325840,25.157318766,0.000000000,0.200476650,0.175825338,5.340895459,0.282629075,26.410623801,0,22,22,0,0.031161473,1,0,0,0,0,0,683,1,20884,82504,23700,135,2927,1401206
1973,1517157434.310273886,1517157434.411113262,1,0,0,1,134.452263482,55.279376965,-4.709232770,0.046004300,0.015613752,0.983189037,-0.176008901,720,254,0.352777778,0.040029958,0.032080364,0.021126724,0.191722053,27.103508697,0.000000000,0.200813447,0.142203475,5.735701937,0.351206905,26.546276212,0,22,20,2,0.030555556,4,0,0,0,0,0,694,4,20885,82526,23704,135,2927,1401900
1974,1517157434.411134005,1517157434.511973381,1,0,0,1,134.162305493,55.171518190,-4.695127437,0.046678996,0.020939167,0.980012259,-0.192246181,714,266,0.372549020,0.044153968,0.032775560,0.022733511,0.233954681,24.400403538,0.000000000,0.204582850,0.160060419,5.787585657,0.380867333,26.362495365,0,27,26,1,0.037815126,3,0,0,0,0,0,684,3,20887,82553,23707,135,2927,1402584
1975,1517157434.511993885,1517157434.612833261,1,0,0,1,133.873562588,55.055169908,-4.675926782,0.042246264,0.024181702,0.978281989,-0.201481633,705,232,0.329078014,0.045875694,0.035705188,0.023629946,0.257024932,27.972457044,0.000000000,0.209428718,0.175622363,5.835736562,0.399333194,26.454167294,0,24,23,1,0.034042553,2,0,0,0,0,0,679,2,20894,82577,23709,135,2927,1403263
1976,1517157434.612854004,1517157434.713693380,1,0,0,1,133.584661643,54.939745439,-4.662331495,0.050109637,0.019222214,0.978919491,-0.197068926,711,253,0.355836850,0.046805261,0.036713849,0.023494350,0.250625936,27.318852331,0.000000000,0.211646211,0.191428972,5.887145189,0.398465351,26.603438654,0,36,35,1,0.050632911,3,0,0,0,0,0,671,4,20901,82613,23712,135,2927,1403934
1977,1517157434.713713884,1517157434.814553261,1,0,0,1,133.301097573,54.812128523,-4.655586458,0.038328900,-0.000668225,0.981054525,-0.189901207,712,258,0.362359551,0.044333180,0.033830299,0.022191682,0.280635851,26.016863384,0.000000000,0.214945847,0.199161820,5.932679199,0.404651720,26.734675575,0,21,21,0,0.029494382,3,0,0,0,0,0,688,3,20903,82634,23715,135,2927,1404622
1978,1517157434.814574003,1517157434.915413380,1,0,0,1,133.017178320,54.693912544,-4.633842549,0.052934583,0.008828800,0.980634344,-0.188351443,713,238,0.333800842,0.040157593,0.031089479,0.019447502,0.244699263,24.794657738,0.000000000,0.217344153,0.193830098,5.966398986,0.373239212,25.893031947,0,25,24,1,0.035063114,2,0,0,0,0,0,686,2,20908,82659,23717,135,2927,1405308
1979,1517157434.915433884,1517157435.016212225,1,0,0,1,132.718948654,54.564572884,-4.632892103,0.047235766,0.006776623,0.980067469,-0.192848688,705,244,0.346099291,0.040167054,0.032106926,0.020417904,0.240212465,26.809247793,0.000000000,0.219816662,0.193463630,6.019061582,0.293760558,25.943942562,0,36,35,1,0.051063830,4,0,0,0,0,0,665,4,20917,82695,23721,135,2927,1405973
1980,1517157435.016232967,1517157435.117072344,1,0,0,1,132.431571411,54.441278268,-4.623609869,0.040564868,0.020393231,0.977331731,-0.206788045,750,246,0.328000000,0.038162661,0.027754225,0.020006095,0.252458188,26.089378120,0.000000000,0.220415805,0.189102438,6.068996004,0.270886215,26.039869744,0,32,29,3,0.042666667,2,0,0,0,0,0,716,2,20921,82727,23723,135,2927,1406689
1981,1517157435.117093086,1517157435.217932224,1,0,0,1,132.149283623,54.295044457,-4.630742559,0.035699080,0.027142771,0.969648061,-0.240356990,764,259,0.339005236,0.040854369,0.031296020,0.019090750,0.240249212,25.729126949,0.000000000,0.222861555,0.176586968,6.107922192,0.317655877,26.016724682,0,24,23,1,0.031413613,1,0,0,0,0,0,739,1,20925,82751,23724,135,2927,1407428
1982,1517157435.217952967,1517157435.318792343,1,0,0,1,131.867713370,54.151718967,-4.593685820,0.035584967,0.031507031,0.961464719,-0.270788870,827,286,0.345828295,0.046958641,0.033328875,0.022787413,0.282906223,28.460207424,0.000000000,0.227815238,0.173979599,6.142925541,0.376255952,26.140289652,0,34,33,1,0.041112455,7,0,0,0,0,0,784,9,20930,82785,23731,135,2927,1408212
1983,1517157435.318813086,1517157435.419652224,1,0,0,1,131.587096827,53.984859463,-4.602659192,0.040761138,0.015276887,0.965699561,-0.255987313,761,276,0.362680683,0.050792189,0.039566071,0.025693348,0.245362167,24.744973980,0.000000000,0.229791363,0.177477275,6.189304125,0.395079587,26.203301777,0,32,30,2,0.042049934,7,0,0,0,0,0,722,7,20933,82817,23738,135,2927,1408934
1984,1517157435.419672966,1517157435.520512342,1,0,0,1,131.316593568,53.823767340,-4.572872267,0.027267766,-0.017969703,0.974754548,-0.220878089,737,231,0.313432836,0.037301060,0.028262850,0.017955004,0.265096663,24.055735405,0.000000000,0.234177502,0.158428106,6.215777416,0.459852961,26.181554438,0,26,25,1,0.035278155,0,0,0,0,0,0,711,0,20934,82843,23738,135,2927,1409645
1985,1517157435.520533085,1517157435.621372223,1,0,0,1,131.054289023,53.671487507,-4.563342872,0.026011173,-0.036146782,0.984988521,-0.166776623,776,254,0.327319588,0.035135621,0.024168363,0.017724141,0.312737078,22.814873251,0.000000000,0.239118024,0.154095557,6.225696597,0.557085074,26.086537322,0,14,14,0,0.018041237,3,0,0,0,0,0,758,4,20934,82857,23741,135,2927,1410403
1986,1517157435.621392965,1517157435.722232342,1,0,0,1,130.794681370,53.546447488,-4.554000892,0.014535324,-0.038307945,0.993206605,-0.108912191,832,280,0.336538462,0.032689423,0.023264127,0.015175494,0.250668744,26.573198134,0.000000000,0.241454461,0.136876509,6.224907090,0.673099186,26.228628071,0,17,17,0,0.020432692,3,0,0,0,0,0,812,3,20934,82874,23744,135,2927,1411215
1987,1517157435.722253084,1517157435.823092222,1,0,0,1,130.547694679,53.455137245,-4.547455277,0.012813952,-0.011051170,0.992943266,-0.117376937,816,273,0.334558824,0.031017659,0.020647868,0.014388823,0.265377115,27.872171273,0.000000000,0.243817536,0.130805631,6.190650435,0.685067202,26.390037243,0,11,10,1,0.013480392,2,0,0,0,0,0,803,2,20935,82885,23746,135,2927,1412018
1988,1517157435.823112965,1517157435.923952341,1,0,0,1,130.294325572,53.389218692,-4.532607887,0.025109499,0.003423283,0.987432104,-0.155998826,772,274,0.354922280,0.038268066,0.023637261,0.016670080,0.259885470,25.319293455,0.000000000,0.246616440,0.125821419,6.151286024,0.760448798,26.340202591,0,25,24,1,0.032383420,4,0,0,0,0,0,742,5,20937,82910,23750,135,2927,1412760
1989,1517157435.923973083,1517157436.024751186,1,0,0,1,130.034717241,53.330042229,-4.531342484,0.027916472,-0.002326728,0.988862028,-0.146175054,790,271,0.343037975,0.046445723,0.032593749,0.024351131,0.317678276,21.636497490,0.000000000,0.252566360,0.122411896,6.110615974,0.771615706,25.692401515,0,19,18,1,0.024050633,3,0,0,0,0,0,768,3,20939,82929,23753,135,2927,1413528
1990,1517157436.024771929,1517157436.125611305,1,0,0,1,129.791230221,53.263047441,-4.518267089,0.032312009,-0.009360661,0.991350745,-0.126854298,807,268,0.332094176,0.036319580,0.026195756,0.017248587,0.219187890,25.574141180,0.000000000,0.253129234,0.121985995,6.051981793,0.807163648,25.672111745,0,19,19,0,0.023543990,2,0,0,0,0,0,786,2,20940,82948,23755,135,2927,1414314
1991,1517157436.125633001,1517157436.226471186,1,0,0,1,129.549283347,53.200345370,-4.505545292,0.035273176,-0.006629357,0.992737401,-0.114822937,849,305,0.359246172,0.035164665,0.024994510,0.015910756,0.285005135,24.786556444,0.000000000,0.256190659,0.126449317,6.001418626,0.824868236,25.661473120,0,26,25,1,0.030624264,6,0,0,0,0,0,817,6,20940,82974,23761,135,2927,1415131
1992,1517157436.226492882,1517157436.327331305,1,0,0,1,129.308947022,53.133652452,-4.497807697,0.036851642,-0.004543207,0.992689516,-0.114842681,838,290,0.346062053,0.034312152,0.023238247,0.016305557,0.283111406,22.078719928,0.000000000,0.258929938,0.131896444,5.605537564,0.748616168,25.507543178,0,17,17,0,0.020286396,1,0,0,0,0,0,820,1,20941,82991,23762,135,2927,1415951
1993,1517157436.327353001,1517157436.428192377,1,0,0,1,129.070024647,53.068227372,-4.489572319,0.038831126,-0.000707519,0.991994993,-0.120156471,840,300,0.357142857,0.033744914,0.023293593,0.015595300,0.306685972,22.115994085,0.000000000,0.264678134,0.137600279,5.543702343,0.726448882,25.258167447,0,24,22,2,0.028571429,1,0,0,0,0,0,813,3,20942,83015,23763,135,2927,1416764
1994,1517157436.629933119,1517157436.730772257,1,0,0,1,128.348008407,52.867977549,-4.462805355,0.034659302,0.010044682,0.990966907,-0.129160468,835,278,0.332934132,0.037183348,0.023961958,0.016600406,0.281584362,24.403476618,0.000000000,0.267059618,0.137345989,5.981557280,0.725215485,25.258321101,0,26,24,2,0.031137725,6,0,0,0,0,0,801,8,20951,83041,23769,135,2927,1417565
1995,1517157436.730792999,1517157436.831632376,1,0,0,1,128.105237393,52.797350508,-4.463829128,0.040281197,0.006335420,0.990776197,-0.129227763,892,307,0.344170404,0.038633433,0.026623661,0.017039523,0.352161134,23.330875533,0.000000000,0.271816428,0.133684702,5.922992850,0.717244253,25.026242026,0,37,37,0,0.041479821,4,0,0,0,0,0,851,4,20957,83078,23773,135,2927,1418416
1996,1517157436.831653118,1517157436.932492256,1,0,0,1,127.864500194,52.724650063,-4.455252171,0.041114363,0.008252704,0.989566643,-0.137838171,818,264,0.322738386,0.037736059,0.025866230,0.018500019,0.313180574,23.866270080,0.000000000,0.274944160,0.127733922,5.863583435,0.721169396,24.853612913,0,14,13,1,0.017114914,2,0,0,0,0,0,802,2,20959,83092,23775,135,2927,1419218
1997,1517157436.932512999,1517157437.033291340,1,0,0,1,127.636022670,52.642219520,-4.435903557,0.039369030,0.013361036,0.986584332,-0.157869939,861,294,0.341463415,0.034059615,0.021922762,0.015340854,0.344977924,21.489124029,0.000000000,0.278161263,0.127579928,5.798930672,0.758004340,24.627225945,0,26,25,1,0.030197445,4,0,0,0,0,0,831,4,20959,83118,23779,135,2927,1420049
1998,1517157437.033312082,1517157437.134151220,1,0,0,1,127.398785990,52.569061395,-4.427583172,0.037676670,0.019490520,0.981769094,-0.185283657,848,297,0.350235849,0.037320612,0.025845268,0.015867970,0.342009094,23.152530038,0.000000000,0.283026755,0.127630951,5.722260595,0.804151599,24.545119560,0,31,30,1,0.036556604,8,0,0,0,0,0,809,8,20961,83149,23787,135,2927,1420858
1999,1517157437.134171963,1517157437.235011339,1,0,0,1,127.171170936,52.482326659,-4.420780027,0.038845332,0.021227438,0.978846143,-0.199751506,860,283,0.329069767,0.036526611,0.024226084,0.016221738,0.335567905,23.428343325,0.000000000,0.287794527,0.127922899,5.653088968,0.806399262,24.376074337,0,36,36,0,0.041860465,3,0,0,0,0,0,820,4,20964,83185,23790,135,2927,1421678
2000,1517157437.235032082,1517157437.335871220,1,0,0,1,126.949159250,52.389446710,-4.416716417,0.042927947,0.014246975,0.979078980,-0.198389934,850,300,0.352941176,0.039718166,0.027613661,0.016722931,0.381471243,22.641907106,0.000000000,0.294245179,0.128069626,5.575784221,0.740048131,24.203700786,0,23,22,1,0.027058824,5,0,0,0,0,0,822,5,20970,83208,23795,135,2927,1422500
2001,1517157437.335891962,1517157437.436731339,1,0,0,1,126.722433797,52.292244539,-4.413589845,0.044348679,0.005300388,0.982442254,-0.181141708,833,280,0.336134454,0.037309729,0.022669769,0.017107372,0.384100912,21.415347685,0.000000000,0.301437764,0.127546817,5.504372339,0.711700350,23.988011823,0,20,19,1,0.024009604,6,0,0,0,0,0,807,6,20971,83228,23801,135,2927,1423307
2002,1517157437.436752081,1517157437.537591219,1,0,0,1,126.494112681,52.193260901,-4.402842645,0.043316613,0.004049278,0.984200443,-0.171629727,838,268,0.319809069,0.035759098,0.025714373,0.014815544,0.350710693,24.857212974,0.000000000,0.304827988,0.117010816,5.426857186,0.701597345,23.807862101,0,21,19,2,0.025059666,3,0,0,0,0,0,813,4,20976,83249,23804,135,2927,1424120
2003,1517157437.537611961,1517157437.638451338,1,0,0,1,126.272131937,52.101917932,-4.389460279,0.047108773,0.007002406,0.982615317,-0.179440432,858,293,0.341491841,0.035028650,0.024835984,0.015825150,0.463311354,22.620634128,0.000000000,0.315725447,0.084529026,5.351026000,0.646272735,23.701645108,0,22,20,2,0.025641026,4,0,0,0,0,0,832,4,20981,83271,23808,135,2927,1424952
2004,1517157437.638472080,1517157437.739311218,1,0,0,1,126.041085852,52.004978135,-4.385058670,0.048607745,0.006000150,0.981988888,-0.182480435,839,300,0.357568534,0.035029211,0.026243329,0.018438855,0.360679256,21.510356627,0.000000000,0.320504577,0.085057731,5.298170422,0.542915488,23.574376169,0,24,24,0,0.028605483,3,0,0,0,0,0,812,3,20984,83295,23811,135,2927,1425764
2005,1517157437.739331961,1517157437.840171337,1,0,0,1,125.811691125,51.912397742,-4.373453350,0.046164919,0.001188021,0.982301990,-0.181521868,902,327,0.362527716,0.035373973,0.024266281,0.016519965,0.482686931,21.004961344,0.000000000,0.329002069,0.084911056,5.257512190,0.426780379,23.483880574,0,26,26,0,0.028824834,5,0,0,0,0,0,871,5,20987,83321,23816,135,2927,1426635
2006,1517157437.840192080,1517157437.941031218,1,0,0,1,125.587589963,51.815210564,-4.358871307,0.053629064,0.004572637,0.982259199,-0.179638194,914,340,0.371991247,0.035765623,0.020563921,0.015698017,0.453487032,21.267122838,0.000000000,0.339142984,0.081456005,5.238808482,0.414222430,23.218576809,0,17,15,2,0.018599562,6,0,0,0,0,0,891,6,20991,83338,23822,135,2927,1427526
2007,1517157437.941051960,1517157438.041830301,1,0,0,1,125.355431348,51.722533635,-4.353912314,0.054816649,0.005287134,0.981838799,-0.181548212,987,382,0.387031408,0.037975231,0.026153576,0.016556312,0.575849016,16.629284907,0.000000000,0.354666579,0.073338511,5.226606595,0.340318257,22.656432491,0,36,34,2,0.036474164,7,0,0,0,0,0,942,9,20998,83374,23829,135,2927,1428468
2008,1517157438.041851044,1517157438.142690182,1,0,0,1,125.114153152,51.626647165,-4.345297163,0.052071251,0.008716518,0.981569843,-0.183666137,996,381,0.382530120,0.035918928,0.024120144,0.017219072,0.653031258,20.529446443,0.000000000,0.374323868,0.073255008,5.220112233,0.324628348,22.416940140,0,32,30,2,0.032128514,7,0,0,0,0,0,956,8,21005,83406,23836,135,2927,1429424
2009,1517157438.142710924,1517157438.243550301,1,0,0,1,124.866475038,51.531482516,-4.334358739,0.049511328,0.006989888,0.981351374,-0.185605094,1015,388,0.382266010,0.040771678,0.024896774,0.016752052,0.820202664,17.362711753,0.000000000,0.399450088,0.049725589,5.232795146,0.290152963,22.203250853,0,43,40,3,0.042364532,10,0,0,0,0,0,962,10,21009,83449,23846,135,2927,1430386
2010,1517157438.243571043,1517157438.344410181,1,0,0,1,124.611582595,51.426172285,-4.324346329,0.053906497,0.008177325,0.981122859,-0.185540175,1012,385,0.380434783,0.038678090,0.022001299,0.014885791,0.761869216,18.385327500,0.000000000,0.426584154,0.051237401,5.258504109,0.265879502,21.843810169,0,38,36,2,0.037549407,15,0,0,0,0,0,958,16,21015,83487,23861,135,2927,1431344
2011,1517157438.344432116,1517157438.445270300,1,0,0,1,124.357388291,51.321011717,-4.310913700,0.056071332,0.007530910,0.980671212,-0.187305270,1002,368,0.367265469,0.033324274,0.021371437,0.015224923,0.720166286,17.001978588,0.000000000,0.448342212,0.054382739,5.284381718,0.269611876,21.454581276,0,44,43,1,0.043912176,4,0,0,0,0,0,954,4,21019,83531,23865,135,2927,1432298
2012,1517157438.445291996,1517157438.546131372,1,0,0,1,124.098408097,51.207527532,-4.293824596,0.057629756,0.014959955,0.979437090,-0.192764099,986,388,0.393509128,0.031752295,0.021294132,0.014396813,0.678944555,18.010887462,0.000000000,0.468133869,0.060318256,5.319795789,0.269532346,21.251189653,0,25,23,2,0.025354970,6,0,0,0,0,0,955,6,21021,83556,23871,135,2927,1433253
2013,1517157438.647011995,1517157438.747851372,1,0,0,1,123.568067189,50.957602607,-4.281311395,0.041693885,0.013237090,0.972111948,-0.230401304,982,369,0.375763747,0.036146869,0.024704475,0.015163285,0.718582147,17.696030282,0.000000000,0.488728678,0.057835331,5.156459829,0.329120150,21.030191463,0,47,45,2,0.047861507,7,0,0,0,0,0,927,8,21028,83603,23878,135,2927,1434180
2014,1517157438.747872114,1517157438.848711252,1,0,0,1,123.309038894,50.824247014,-4.275401079,0.047988588,0.007982284,0.973021104,-0.225528956,952,368,0.386554622,0.030831886,0.019116178,0.012751102,0.831597868,16.212835289,0.000000000,0.516229353,0.067352003,5.195022541,0.337961707,20.620659397,0,39,37,2,0.040966387,6,0,0,0,0,0,907,6,21034,83642,23884,135,2927,1435087
2015,1517157438.848731995,1517157438.949571371,1,0,0,1,123.048633810,50.679925366,-4.266165858,0.049506055,-0.007131226,0.977779775,-0.203580469,896,325,0.362723214,0.032820149,0.022990413,0.014981254,0.701773741,19.223765797,0.000000000,0.533709983,0.068922753,5.241268307,0.364338046,20.415303910,0,26,24,2,0.029017857,5,0,0,0,0,0,865,5,21035,83668,23889,135,2927,1435952
2016,1517157438.949592113,1517157439.050371408,1,0,0,1,122.782770765,50.552804775,-4.256747833,0.051908366,-0.016628922,0.984943941,-0.164056188,878,309,0.351936219,0.032840853,0.023816191,0.016014977,0.660056188,16.249862221,0.000000000,0.551053764,0.070719781,5.292447852,0.403795131,20.034483517,0,30,29,1,0.034168565,8,0,0,0,0,0,839,9,21036,83698,23897,135,2927,1436791
2017,1517157439.050391912,1517157439.151231289,1,0,0,1,122.499478263,50.455568874,-4.242692596,0.052208085,-0.018262365,0.990670045,-0.124553858,884,334,0.377828054,0.036614325,0.022163314,0.015541410,0.691857575,17.555570536,0.000000000,0.568397747,0.069934895,5.343892786,0.428428798,19.837805842,0,32,31,1,0.036199095,5,0,0,0,0,0,846,6,21043,83730,23902,135,2927,1437637
2018,1517157439.151252031,1517157439.252091408,1,0,0,1,122.212387756,50.382606902,-4.225881249,0.052681336,-0.008807778,0.989957177,-0.130888838,854,297,0.347775176,0.040496607,0.028570157,0.018739668,0.655288174,17.158495700,0.000000000,0.584061701,0.074825776,5.396910657,0.410916494,19.538104125,0,43,41,2,0.050351288,7,0,0,0,0,0,803,8,21055,83773,23909,135,2927,1438440
2019,1517157439.252111912,1517157439.352951288,1,0,0,1,121.929641829,50.295711218,-4.213011201,0.050767307,-0.003088094,0.987125007,-0.151648819,828,291,0.351449275,0.031996557,0.021737634,0.014828752,0.687519812,16.372198976,0.000000000,0.601659296,0.078893260,5.452296464,0.450199791,19.185296908,0,22,21,1,0.026570048,0,0,0,0,0,0,806,0,21059,83795,23909,135,2927,1439246
2020,1517157439.352972031,1517157439.453811407,1,0,0,1,121.638338774,50.202625094,-4.194744470,0.050550762,0.005587530,0.986381774,-0.156410985,838,297,0.354415274,0.034090332,0.020694545,0.014308763,0.590921555,17.631571170,0.000000000,0.612131812,0.075655265,5.511952807,0.424583110,18.934780111,0,23,20,3,0.027446301,9,0,0,0,0,0,806,9,21063,83818,23918,135,2927,1440052
2021,1517157439.453831911,1517157439.554671288,1,0,0,1,121.352167560,50.100693915,-4.189912486,0.046124686,0.000991560,0.986682712,-0.155976784,839,300,0.357568534,0.037276714,0.026723162,0.016853494,0.451557811,19.435182636,0.000000000,0.615504657,0.075626309,5.566688016,0.405892241,18.835771859,0,31,31,0,0.036948749,5,0,0,0,0,0,801,7,21065,83849,23923,135,2927,1440853
2022,1517157439.554692030,1517157439.655531406,1,0,0,1,121.070633010,50.001684575,-4.176454216,0.053450704,0.001484663,0.986705709,-0.153468765,842,305,0.362232779,0.032189404,0.020870797,0.014389565,0.566326537,19.563560395,0.000000000,0.626285449,0.078539883,5.625015861,0.394910409,18.571089230,0,27,23,4,0.032066508,2,0,0,0,0,0,813,2,21070,83876,23925,135,2927,1441666
2023,1517157439.655551910,1517157439.756391287,1,0,0,1,120.786285412,49.913450424,-4.168247276,0.042875097,-0.000749918,0.987087300,-0.154336728,838,300,0.357995227,0.041188347,0.026348295,0.017960937,0.475930281,18.118676756,0.000000000,0.626916395,0.085917836,5.672254411,0.390058440,18.345991361,0,44,42,2,0.052505967,8,0,0,0,0,0,785,9,21073,83920,23933,135,2927,1442451
2024,1517157439.756412029,1517157439.857251406,1,0,0,1,120.510087211,49.817231620,-4.157983093,0.041523198,0.009936082,0.983985651,-0.173058769,846,315,0.372340426,0.039499319,0.026439952,0.018601200,0.492997737,18.935570942,0.000000000,0.633532319,0.088589714,5.717268263,0.425569118,18.217252077,0,25,25,0,0.029550827,5,0,0,0,0,0,816,5,21074,83945,23938,135,2927,1443267
2025,1517157439.857271910,1517157439.958111286,1,0,0,1,120.242702169,49.699970228,-4.142808987,0.037391085,0.007537858,0.978731679,-0.201567328,853,297,0.348182884,0.034450993,0.022405643,0.015820061,0.555058133,16.840820444,0.000000000,0.637150879,0.089046585,5.764927264,0.480028025,18.009045032,0,26,26,0,0.030480657,6,0,0,0,0,0,821,6,21073,83971,23944,135,2927,1444088
2026,1517157439.958132029,1517157440.058910370,1,0,0,1,119.981693980,49.579799505,-4.124420200,0.034051444,0.009239161,0.975497244,-0.217164143,892,324,0.363228700,0.036048855,0.022508877,0.015902306,0.490041884,20.884581514,0.000000000,0.638978622,0.089032314,5.802836096,0.507893639,17.989917966,0,24,23,1,0.026905830,4,0,0,0,0,0,863,5,21075,83995,23948,135,2927,1444951
2027,1517157440.058931112,1517157440.159770250,1,0,0,1,119.728601102,49.452181610,-4.116059213,0.034601022,0.007630181,0.973231772,-0.227078108,866,310,0.357967667,0.037227883,0.027052059,0.015525179,0.515997914,18.968050304,0.000000000,0.635986067,0.088506918,5.826630546,0.524540744,18.106856235,0,35,35,0,0.040415704,2,0,0,0,0,0,829,2,21075,84030,23950,135,2927,1445780
2028,1517157440.159790993,1517157440.260630369,1,0,0,1,119.471607247,49.315965024,-4.104687212,0.039632549,0.007205918,0.972682214,-0.228618998,870,302,0.347126437,0.035766167,0.022914900,0.015499160,0.439667003,22.222023501,0.000000000,0.625317854,0.088516501,5.852158149,0.523905328,18.191485088,0,26,25,1,0.029885057,4,0,0,0,0,0,839,5,21077,84056,23954,135,2927,1446619
2029,1517157440.260651112,1517157440.361490250,1,0,0,1,119.218055863,49.186467044,-4.089231076,0.041074553,0.008706607,0.971531079,-0.233161829,866,308,0.355658199,0.034679375,0.021059466,0.013855171,0.516193425,17.991627487,0.000000000,0.610117392,0.083137743,5.861312111,0.533153913,18.222930875,0,13,12,1,0.015011547,5,0,0,0,0,0,848,5,21079,84069,23959,135,2927,1447467
2030,1517157440.361510992,1517157440.462350368,1,0,0,1,118.953159736,49.046603970,-4.082457806,0.041103353,0.010044212,0.968257553,-0.246347192,860,318,0.369767442,0.039321898,0.027804541,0.016610150,0.477465743,19.509566135,0.000000000,0.595897219,0.084162736,5.885525160,0.556509178,18.279142807,0,43,42,1,0.050000000,6,0,0,0,0,0,811,6,21086,84112,23965,135,2927,1448278
2031,1517157440.462371111,1517157440.563210249,1,0,0,1,118.699456759,48.888841670,-4.074197937,0.043857401,0.008233792,0.964014432,-0.262078055,856,289,0.337616822,0.035879962,0.022841045,0.014909042,0.418216936,19.427454422,0.000000000,0.580799751,0.082780678,5.901124444,0.578982993,18.400416598,0,24,23,1,0.028037383,6,0,0,0,0,0,825,7,21091,84136,23971,135,2927,1449103
2032,1517157440.563231945,1517157440.664070368,1,0,0,1,118.447602554,48.734893912,-4.071313117,0.041895873,0.010743989,0.961373669,-0.271827098,839,310,0.369487485,0.037033435,0.026572732,0.015771072,0.422494359,17.729357513,0.000000000,0.567977241,0.078860097,5.609903947,0.522059055,18.386340101,0,30,27,3,0.035756853,4,0,0,0,0,0,804,5,21098,84166,23975,135,2927,1449907
2033,1517157440.764951944,1517157440.865791321,1,0,0,1,117.959141513,48.408542759,-4.049669319,0.051655061,0.002362675,0.961132014,-0.271203657,811,292,0.360049322,0.035906290,0.025243946,0.014587248,0.276452273,22.259142029,0.000000000,0.545870748,0.078861301,5.906353438,0.512758298,18.614495688,0,18,17,1,0.022194821,4,0,0,0,0,0,786,7,21098,84184,23979,135,2927,1450693
2034,1517157440.865812063,1517157440.966651201,1,0,0,1,117.708840685,48.241663624,-4.046485368,0.051013628,-0.009871847,0.966186893,-0.252553052,806,298,0.369727047,0.034524264,0.023960276,0.015031611,0.310273033,22.081481624,0.000000000,0.519804506,0.072367577,5.909333910,0.506875764,18.907928005,0,19,15,4,0.023573201,1,0,0,0,0,0,786,1,21101,84203,23980,135,2927,1451479
2035,1517157441.067470074,1517157441.168309212,1,0,0,1,117.187060423,47.967837505,-4.033919996,0.047842132,-0.018991796,0.983370217,-0.174165032,816,290,0.355392157,0.039902157,0.028447918,0.017886034,0.450218334,18.129749257,0.000000000,0.507226735,0.072375330,6.203893197,0.587733159,18.853227178,0,26,24,2,0.031862745,5,0,0,0,0,0,785,5,21104,84229,23985,135,2927,1452264
2036,1517157441.168329954,1517157441.269169331,1,0,0,1,116.902333979,47.864533197,-4.023085801,0.048214539,-0.007856982,0.981313626,-0.186110701,759,249,0.328063241,0.042442033,0.025758449,0.016936283,0.303895839,21.129501871,0.000000000,0.489418718,0.076480051,6.207129573,0.531234445,19.097209161,0,31,31,0,0.040843215,1,0,0,0,0,0,725,3,21103,84260,23986,135,2927,1452989
2037,1517157441.269190073,1517157441.370029211,1,0,0,1,116.628642500,47.746972965,-4.008745089,0.051467353,-0.009479921,0.977536863,-0.204163962,748,271,0.362299465,0.033435570,0.022657786,0.015758687,0.317471334,21.197593845,0.000000000,0.470699406,0.079417951,6.208652593,0.556635221,19.279310326,0,27,27,0,0.036096257,1,0,0,0,0,0,717,4,21103,84287,23987,135,2927,1453706
2038,1517157441.370049953,1517157441.470889330,1,0,0,1,116.351841818,47.618794079,-3.994078550,0.050360205,-0.002602767,0.977585632,-0.204409898,765,262,0.342483660,0.041472745,0.028568348,0.020775604,0.270295603,23.477869703,0.000000000,0.451449777,0.081248153,6.217966129,0.515409850,19.595279026,0,35,33,2,0.045751634,5,0,0,0,0,0,722,8,21107,84322,23992,135,2927,1454428
2039,1517157441.470910072,1517157441.571749210,1,0,0,1,116.070194984,47.486500516,-3.976478822,0.047550643,-0.001755147,0.977777409,-0.204174420,759,249,0.328063241,0.032988435,0.022251997,0.014325814,0.249536976,23.291374543,0.000000000,0.429550636,0.079194018,6.223273518,0.507326584,19.941237805,0,22,21,1,0.028985507,2,0,0,0,0,0,733,4,21109,84344,23994,135,2927,1455161
2040,1517157441.571769953,1517157441.672609329,1,0,0,1,115.788124839,47.349259190,-3.967397034,0.048420314,-0.004982929,0.978652116,-0.199676435,763,271,0.355176933,0.044270368,0.029938854,0.020244850,0.326295408,20.067158326,0.000000000,0.416319328,0.087657772,6.233269578,0.515577013,20.063017162,0,22,21,1,0.028833552,3,0,0,0,0,0,735,6,21111,84366,23997,135,2927,1455896
2041,1517157441.672630072,1517157441.773469210,1,0,0,1,115.508865975,47.217443408,-3.958594416,0.048398299,0.000749256,0.978972589,-0.198165875,757,250,0.330250991,0.037495101,0.026166377,0.019162753,0.208359133,24.921255164,0.000000000,0.404159394,0.087641533,6.243460487,0.514359504,20.337320789,0,26,25,1,0.034346103,4,0,0,0,0,0,723,8,21114,84392,24001,135,2927,1456619
2042,1517157441.773489952,1517157441.874329329,1,0,0,1,115.229128065,47.082219742,-3.963789510,0.044150710,0.004475056,0.978373656,-0.202028906,766,240,0.313315927,0.037268944,0.028108580,0.017755631,0.214559439,23.896735369,0.000000000,0.386571039,0.081302251,6.256374932,0.520228490,20.553979538,0,24,24,0,0.031331593,2,0,0,0,0,0,738,4,21115,84416,24003,135,2927,1457357
2043,1517157441.975209951,1517157442.075988293,1,0,0,1,114.659279807,46.807950691,-3.937662554,0.049936097,0.008284867,0.977622337,-0.204186959,752,233,0.309840426,0.034585035,0.021198148,0.015627895,0.181568439,27.105785577,0.000000000,0.371852947,0.080522395,6.596672568,0.487432119,21.003334979,0,25,24,1,0.033244681,6,0,0,0,0,0,719,8,21118,84441,24009,135,2927,1458076
2044,1517157442.076009035,1517157442.176848412,1,0,0,1,114.357935651,46.668759402,-3.922563086,0.050482775,0.007450938,0.977433499,-0.204987142,764,247,0.323298429,0.030485155,0.021412689,0.014432965,0.169536244,28.186432504,0.000000000,0.355679873,0.089291271,6.636591834,0.430919132,21.465878057,0,17,17,0,0.022251309,1,0,0,0,0,0,744,3,21119,84458,24010,135,2927,1458820
2045,1517157442.176868916,1517157442.277708292,1,0,0,1,114.056854465,46.534975584,-3.906219132,0.053368826,0.007027907,0.977578633,-0.203574047,760,243,0.319736842,0.030484896,0.022219443,0.014536293,0.186444483,33.559522887,0.000000000,0.337249190,0.096454624,6.678531910,0.401879356,22.301813179,0,18,18,0,0.023684211,2,0,0,0,0,0,739,3,21122,84476,24012,135,2927,1459559
2046,1517157442.277729034,1517157442.378568411,1,0,0,1,113.758050253,46.400044751,-3.891879607,0.050090861,0.010607133,0.977389629,-0.205153373,759,239,0.314888011,0.032254652,0.022527516,0.015428948,0.159095755,25.892974151,0.000000000,0.320701884,0.100322415,6.723131943,0.384114683,22.552232811,0,18,18,0,0.023715415,2,0,0,0,0,0,737,4,21123,84494,24014,135,2927,1460296
2047,1517157442.378588915,1517157442.479428291,1,0,0,1,113.450138154,46.265101527,-3.876007426,0.050532219,0.006939258,0.976995533,-0.207070208,776,257,0.331185567,0.032843072,0.022483748,0.014947239,0.167264258,28.870809071,0.000000000,0.303265201,0.102948466,6.768605809,0.385031615,23.047370749,0,18,17,1,0.023195876,3,0,0,0,0,0,754,4,21125,84512,24017,135,2927,1461050
2048,1517157442.479449034,1517157442.580288410,1,0,0,1,113.151736761,46.125617960,-3.865248230,0.045121575,0.005128045,0.976711348,-0.209696662,759,248,0.326745718,0.029336017,0.022715613,0.015149739,0.167964764,25.258460256,0.000000000,0.289680089,0.111859121,6.813047277,0.381012691,23.199192587,0,21,21,0,0.027667984,1,0,0,0,0,0,736,2,21124,84533,24018,135,2927,1461786
2049,1517157442.580308914,1517157442.681148291,1,0,0,1,112.850293269,45.984044263,-3.858736524,0.050200813,0.003851355,0.976200043,-0.210946724,780,262,0.335897436,0.028659646,0.019244150,0.014400581,0.137640031,26.740094523,0.000000000,0.270752419,0.120986883,6.846515438,0.356820842,23.636615939,0,19,18,1,0.024358974,1,0,0,0,0,0,758,3,21123,84552,24019,135,2927,1462544
2050,1517157442.681169987,1517157442.782008410,1,0,0,1,112.556722959,45.839968519,-3.849082632,0.046934780,0.003272090,0.976300257,-0.211244476,773,254,0.328589909,0.031286821,0.022762104,0.014103777,0.114400302,31.783906556,0.000000000,0.252599147,0.122435099,6.874808299,0.324404107,24.250332960,0,12,12,0,0.015523933,4,0,0,0,0,0,755,6,21123,84564,24023,135,2927,1463299
2051,1517157442.782030106,1517157442.882868290,1,0,0,1,112.265191989,45.698905016,-3.840366769,0.049940230,0.007008023,0.976151558,-0.211151597,775,242,0.312258065,0.029398501,0.020850132,0.014765935,0.150453815,25.337560752,0.000000000,0.239210991,0.128513320,6.903598833,0.304783178,24.545838276,0,22,21,1,0.028387097,0,0,0,0,0,0,751,2,21126,84586,24023,135,2927,1464050
2052,1517157442.882889986,1517157442.983729362,1,0,0,1,111.963256431,45.545927786,-3.827992945,0.051271791,-0.002252746,0.976871040,-0.207579142,757,272,0.359313078,0.032716045,0.024461100,0.015907418,0.144919566,27.040904469,0.000000000,0.225332251,0.129065356,6.654452494,0.311143167,25.011415624,0,18,16,2,0.023778071,3,0,0,0,0,0,735,4,21128,84604,24026,135,2927,1464785
2053,1517157442.983750105,1517157443.084527254,1,0,0,1,111.672284375,45.401782275,-3.815868437,0.051490824,-0.024578477,0.984566760,-0.165447540,797,262,0.328732748,0.028345817,0.018492308,0.013528320,0.150642028,25.634792476,0.000000000,0.219041739,0.136001024,6.678550520,0.357364919,25.180198146,0,15,15,0,0.018820577,3,0,0,0,0,0,778,4,21128,84619,24029,135,2927,1465563
2054,1517157443.084547997,1517157443.185387373,1,0,0,1,111.346936969,45.270746623,-3.810098798,0.041809858,-0.025611521,0.992589955,-0.111180785,863,305,0.353418308,0.042264540,0.030392343,0.020834865,0.209483539,25.942872693,0.000000000,0.214002264,0.143755829,6.439941087,0.307489442,25.373267700,0,40,38,2,0.046349942,5,0,0,0,0,0,818,5,21134,84659,24034,135,2927,1466381
2055,1517157443.286267996,1517157443.387107372,1,0,0,1,110.693538211,45.117181441,-3.787529372,0.045272106,-0.017971664,0.996019293,-0.074652692,861,300,0.348432056,0.036337612,0.025433200,0.015067770,0.144892831,25.966005690,0.000000000,0.198735989,0.140689045,6.808441135,0.357988197,25.765080521,0,38,38,0,0.044134727,4,0,0,0,0,0,816,7,21137,84697,24038,135,2927,1467197
2056,1517157443.387128115,1517157443.487967253,1,0,0,1,110.354477682,45.059324492,-3.761406449,0.044594696,-0.002677937,0.994660354,-0.093031834,862,297,0.344547564,0.037803211,0.027690891,0.018804235,0.181082125,29.101140091,0.000000000,0.192595304,0.133239805,6.855176611,0.356294804,26.163662432,0,22,16,6,0.025522042,6,0,0,0,0,0,833,7,21144,84719,24044,135,2927,1468030
2057,1517157443.487987995,1517157443.588827372,1,0,0,1,110.013726000,44.988268967,-3.743945961,0.027781191,0.017049795,0.991940034,-0.122443776,846,282,0.333333333,0.035969260,0.027084402,0.018381633,0.133186790,32.706003619,0.000000000,0.183381076,0.133114116,6.898304751,0.413796145,26.739082921,0,27,27,0,0.031914894,5,0,0,0,0,0,814,5,21144,84746,24049,135,2927,1468844
2058,1517157443.588848114,1517157443.689687252,1,0,0,1,109.693779840,44.908278214,-3.729795573,0.011626617,0.029710843,0.986355131,-0.161510502,850,293,0.344705882,0.031498076,0.022057924,0.014181415,0.185031554,25.714655018,0.000000000,0.179117874,0.127017826,6.916735228,0.491941151,26.850922187,0,28,28,0,0.032941176,4,0,0,0,0,0,815,7,21146,84774,24053,135,2927,1469659
2059,1517157443.689707994,1517157443.790547371,1,0,0,1,109.406149866,44.809736236,-3.728642714,-0.005333980,0.043978612,0.977447702,-0.206478618,809,287,0.354758962,0.030205812,0.021574855,0.013605195,0.173115100,30.196199464,0.000000000,0.175296780,0.129592235,6.906962204,0.575371390,27.196163433,0,23,18,5,0.028430161,4,0,0,0,0,0,782,4,21153,84797,24057,135,2927,1470441
2060,1517157443.790568113,1517157443.891407251,1,0,0,1,109.151338059,44.690121889,-3.724752667,-0.002473208,0.051452892,0.963569589,-0.262450244,815,300,0.368098160,0.032293607,0.023401684,0.016143441,0.190160119,36.461305938,0.000000000,0.168490016,0.109713929,6.879548073,0.686470248,28.015870814,0,19,17,2,0.023312883,4,0,0,0,0,0,792,4,21157,84816,24061,135,2927,1471233
2061,1517157443.891427994,1517157443.992267370,1,0,0,1,108.917263622,44.538210305,-3.735211011,0.011776212,0.036947198,0.950155236,-0.309356192,869,293,0.337169160,0.030481051,0.020227307,0.014261107,0.166522441,29.534453257,0.000000000,0.166398181,0.107632385,6.848042053,0.776468018,28.246530718,0,21,21,0,0.024165708,5,0,0,0,0,0,842,6,21156,84837,24066,135,2927,1472075
2062,1517157443.992288113,1517157444.093066216,1,0,0,1,108.706073888,44.367692954,-3.718363228,0.029163047,0.011627685,0.952402894,-0.303221108,872,308,0.353211009,0.026693037,0.019166500,0.011574404,0.134857782,34.666223857,0.000000000,0.162413098,0.111618046,6.487044092,0.783899614,28.785005143,0,15,14,1,0.017201835,3,0,0,0,0,0,854,3,21158,84852,24069,135,2927,1472929
2063,1517157444.193947077,1517157444.294786215,1,0,0,1,108.297167341,44.080912420,-3.689927761,0.040153542,-0.034791898,0.979400684,-0.194811493,792,262,0.330808081,0.045188531,0.035290974,0.022265320,0.181664084,25.437802940,0.000000000,0.162417881,0.139314270,6.655019472,1.003035468,28.701606011,0,16,15,1,0.020202020,1,0,0,0,0,0,769,7,21160,84868,24070,135,2927,1473698
2064,1517157444.395667076,1517157444.496506214,1,0,0,1,107.851027827,43.897937475,-3.667573762,0.042186064,-0.010684265,0.983225762,-0.177125050,917,310,0.338058888,0.043253547,0.029812645,0.019676312,0.150737888,36.496042214,0.000000000,0.161477963,0.151846656,6.807869560,1.037855796,29.117086496,0,34,31,3,0.037077426,5,0,0,0,0,0,876,7,21162,84902,24075,135,2927,1474574
2065,1517157444.496526957,1517157444.597366333,1,0,0,1,107.630336777,43.822442530,-3.658836309,0.041993507,0.001689757,0.982203905,-0.183055125,813,262,0.322263223,0.034765378,0.025765006,0.017048468,0.161703981,27.201752571,0.000000000,0.160240938,0.149808817,6.713109314,1.046241970,28.799197980,0,17,17,0,0.020910209,5,0,0,0,0,0,791,5,21165,84919,24080,135,2927,1475365
2066,1517157444.597387075,1517157444.698226213,1,0,0,1,107.399687913,43.735052206,-3.643648980,0.041178625,0.002155240,0.981406862,-0.187457320,792,247,0.311868687,0.032822782,0.024325386,0.015244609,0.135588463,26.731778406,0.000000000,0.159065573,0.149504796,6.623667674,1.050847666,28.841138193,0,27,24,3,0.034090909,5,0,0,0,0,0,760,5,21170,84946,24085,135,2927,1476125
2067,1517157444.698246956,1517157444.799086332,1,0,0,1,107.169409788,43.641435982,-3.635078242,0.042188788,0.005691720,0.980775958,-0.190436949,787,261,0.331639136,0.034338717,0.023791057,0.015243930,0.158368690,29.263926887,0.000000000,0.158620795,0.149148733,6.542827754,1.051403614,28.860794084,0,18,17,1,0.022871665,5,0,0,0,0,0,763,6,21171,84964,24090,135,2927,1476888
2068,1517157444.799107075,1517157444.899946213,1,0,0,1,106.932891385,43.542918005,-3.624414308,0.042334102,0.003965565,0.980792967,-0.190360854,781,261,0.334186940,0.035830699,0.025622771,0.015833846,0.147174275,29.574644895,0.000000000,0.157581270,0.145306177,6.466168667,1.048471026,29.076603316,0,21,21,0,0.026888604,2,0,0,0,0,0,756,4,21174,84985,24092,135,2927,1477644
2069,1517157444.899967909,1517157445.000806332,1,0,0,1,106.694620312,43.438727914,-3.621100505,0.046084466,0.008768505,0.980305396,-0.191834996,804,258,0.320895522,0.038604035,0.030313624,0.016651281,0.196306233,29.565908051,0.000000000,0.160514580,0.141379727,6.399083583,1.050739206,29.217893992,0,20,19,1,0.024875622,7,0,0,0,0,0,775,9,21179,85005,24099,135,2927,1478419
2070,1517157445.000767946,1517157445.101606369,1,0,0,1,106.449285785,43.331088801,-3.612197014,0.048823172,0.007858416,0.979653670,-0.194507659,793,261,0.329129887,0.034923202,0.025793062,0.016066512,0.188849607,25.061305175,0.000000000,0.164237046,0.139027598,6.343157135,1.056024660,28.881763923,0,24,24,0,0.030264817,5,0,0,0,0,0,763,6,21181,85029,24104,135,2927,1479182
2071,1517157445.101628065,1517157445.202467203,1,0,0,1,106.210861860,43.224492092,-3.601150734,0.050608797,0.010749455,0.979363406,-0.195372766,786,254,0.323155216,0.038600455,0.030953961,0.018559338,0.148487624,30.004055462,0.000000000,0.164138736,0.134694689,6.265855089,1.051203815,29.115088659,0,18,15,3,0.022900763,1,0,0,0,0,0,763,5,21183,85047,24105,135,2927,1479945
2072,1517157445.202487946,1517157445.303327322,1,0,0,1,105.955622623,43.111785558,-3.594771141,0.049204571,0.013265289,0.979084954,-0.196965975,781,252,0.322663252,0.036499772,0.024337149,0.014032674,0.160664913,34.442126432,0.000000000,0.164926003,0.133255221,6.219998197,0.970173368,29.485149757,0,21,21,0,0.026888604,3,0,0,0,0,0,756,4,21182,85068,24108,135,2927,1480701
2073,1517157445.404207945,1517157445.505047321,1,0,0,1,105.459351043,42.892371074,-3.571686904,0.046240390,0.011743309,0.978398189,-0.201148962,785,264,0.336305732,0.035207817,0.024683321,0.014742206,0.167169826,27.718920601,0.000000000,0.165752393,0.124121227,6.412310049,0.868166410,29.589356163,0,18,18,0,0.022929936,5,0,0,0,0,0,759,8,21182,85086,24113,135,2927,1481460
2074,1517157445.505068064,1517157445.605907202,1,0,0,1,105.185864651,42.764977684,-3.558771386,0.044036757,0.009545056,0.978367742,-0.201906456,789,253,0.320659062,0.031485175,0.023007105,0.015476325,0.220554560,21.413473945,0.000000000,0.166305944,0.120843602,6.042706614,0.795900514,29.362886226,0,18,18,0,0.022813688,6,0,0,0,0,0,762,9,21184,85104,24119,135,2927,1482222
2075,1517157445.605927944,1517157445.706767321,1,0,0,1,104.929480784,42.647451356,-3.557717564,0.051514400,0.014208021,0.977409119,-0.204489150,797,256,0.321204517,0.029285635,0.022482655,0.015009807,0.159655478,25.662261799,0.000000000,0.167044077,0.127101651,5.979794044,0.765406473,29.347699031,0,23,22,1,0.028858218,0,0,0,0,0,0,771,3,21185,85127,24119,135,2927,1482993
2076,1517157445.706788063,1517157445.807627201,1,0,0,1,104.642756728,42.514091754,-3.537074450,0.049201860,0.015509757,0.977068244,-0.206582360,801,286,0.357053683,0.036082905,0.026551958,0.017310162,0.199390583,31.554392813,0.000000000,0.167959500,0.126178158,5.948168768,0.711786702,29.470361667,0,15,15,0,0.018726592,2,0,0,0,0,0,781,5,21185,85142,24121,135,2927,1483774
2077,1517157445.807647943,1517157445.908487320,1,0,0,1,104.365443044,42.387117946,-3.525460052,0.051726891,0.015097356,0.976881490,-0.206879080,792,253,0.319444444,0.039321007,0.028673098,0.018995112,0.119779953,39.916722214,0.000000000,0.167289158,0.128672603,5.923292789,0.633639617,29.830897597,0,14,13,1,0.017676768,3,0,0,0,0,0,774,4,21187,85156,24124,135,2927,1484548
2078,1517157445.908508062,1517157446.009285212,1,0,0,1,104.083427684,42.255925885,-3.519603739,0.049290823,0.015025824,0.976419111,-0.209643410,810,284,0.350617284,0.033927239,0.022343131,0.014803888,0.171842583,32.260580293,0.000000000,0.166629709,0.126499022,5.930340762,0.546929741,30.158193861,0,29,27,2,0.035802469,5,0,0,0,0,0,774,7,21189,85185,24129,135,2927,1485322
2079,1517157446.009305954,1517157446.110145330,1,0,0,1,103.806317326,42.127663782,-3.514811344,0.050963298,0.014382625,0.975824339,-0.212044196,798,275,0.344611529,0.031339698,0.020605683,0.012934952,0.166977748,31.753203679,0.000000000,0.166322841,0.124732923,5.954215850,0.437284189,30.236044071,0,17,17,0,0.021303258,4,0,0,0,0,0,776,5,21189,85202,24133,135,2927,1486098
2080,1517157446.110166073,1517157446.211005211,1,0,0,1,103.527489092,41.994847175,-3.506446904,0.048591712,0.012330337,0.976315392,-0.210463924,791,262,0.331226296,0.040345069,0.030927576,0.020734423,0.197544066,25.179322942,0.000000000,0.166692039,0.126067512,5.983930177,0.343053569,29.671944922,0,26,23,3,0.032869785,2,0,0,0,0,0,762,3,21195,85228,24135,135,2927,1486860
2081,1517157446.412745953,1517157446.513585329,1,0,0,1,102.690557434,41.584472799,-3.468121333,0.047980177,0.014739967,0.974742663,-0.217617502,790,258,0.326582278,0.032283757,0.024628628,0.015437022,0.161147017,26.085295106,0.000000000,0.166423268,0.123391922,6.644887340,0.345729382,29.499487014,0,20,19,1,0.025316456,3,0,0,0,0,0,766,4,21196,85248,24138,135,2927,1487626
2082,1517157446.513606071,1517157446.614445210,1,0,0,1,102.423469256,41.451916261,-3.466339107,0.046863261,0.012669957,0.974488766,-0.219123142,793,276,0.348045397,0.035146134,0.026455396,0.016986401,0.118950636,39.233732458,0.000000000,0.165627910,0.108221054,6.442809839,0.128092563,29.727862444,0,21,18,3,0.026481715,3,0,0,0,0,0,769,3,21201,85269,24141,135,2927,1488395
2083,1517157446.614465952,1517157446.715305328,1,0,0,1,102.166185391,41.320630109,-3.454705238,0.047291352,0.006153161,0.974423853,-0.219599230,787,265,0.336721728,0.031274626,0.022249387,0.012933932,0.154249578,24.974431049,0.000000000,0.164257185,0.096181834,6.249166905,0.092140678,29.704693850,0,21,20,1,0.026683609,0,0,0,0,0,0,763,3,21201,85290,24141,135,2927,1489158
2084,1517157446.715326071,1517157446.816165209,1,0,0,1,101.896392349,41.191542164,-3.444171077,0.042876532,0.000619425,0.980482258,-0.191874337,751,266,0.354194407,0.041389938,0.029995733,0.019153041,0.122400666,42.499064182,0.000000000,0.162840324,0.090721084,6.315027301,0.137612481,30.004844948,0,15,15,0,0.019973369,4,0,0,0,0,0,730,6,21202,85305,24145,135,2927,1489888
2085,1517157446.816185951,1517157446.917025328,1,0,0,1,101.617916992,41.063109015,-3.428333232,0.043683762,-0.015368914,0.988665920,-0.142811850,822,258,0.313868613,0.038511868,0.025123913,0.014559963,0.132871875,31.882211180,0.000000000,0.161398719,0.092488954,6.374984676,0.227169835,30.238867878,0,40,38,2,0.048661800,5,0,0,0,0,0,777,5,21212,85345,24150,135,2927,1490665
2086,1517157446.917046070,1517157447.017824411,1,0,0,1,101.333008424,40.961486490,-3.418978335,0.041248952,-0.021091717,0.992945491,-0.109146304,844,314,0.372037915,0.031356185,0.019888362,0.013291270,0.168075483,32.610261621,0.000000000,0.163023070,0.094714272,6.428891313,0.289063313,30.532792039,0,20,17,3,0.023696682,1,0,0,0,0,0,819,5,21212,85365,24151,135,2927,1491484
2087,1517157447.017844915,1517157447.118684292,1,0,0,1,101.040040139,40.882688477,-3.405092689,0.045140297,-0.008905392,0.992992259,-0.108855043,855,295,0.345029240,0.032287936,0.021476899,0.013357159,0.155265672,29.046839490,0.000000000,0.162867919,0.096652595,6.476151079,0.290405762,30.521937669,0,19,19,0,0.022222222,3,0,0,0,0,0,833,3,21210,85384,24154,135,2927,1492317
2088,1517157447.118705988,1517157447.219544411,1,0,0,1,100.746113484,40.816444408,-3.395652030,0.042671143,0.003055919,0.992207425,-0.117022482,817,261,0.319461444,0.031459683,0.023491046,0.014564363,0.156717540,27.901458197,0.000000000,0.163345082,0.099851576,6.517521799,0.303032088,30.438278334,0,16,13,3,0.019583843,5,0,0,0,0,0,795,6,21214,85400,24159,135,2927,1493112
2089,1517157447.219566107,1517157447.320405245,1,0,0,1,100.448825980,40.749373131,-3.386817268,0.041014775,0.008382960,0.991025884,-0.126945702,822,290,0.352798054,0.036756751,0.027903138,0.016704196,0.174441504,29.401820055,0.000000000,0.162251846,0.098000068,6.554352571,0.316949513,30.430073935,0,24,24,0,0.029197080,4,0,0,0,0,0,794,4,21216,85424,24163,135,2927,1493906
2090,1517157447.320425987,1517157447.421265364,1,0,0,1,100.157083713,40.677492650,-3.373070540,0.038776055,0.013019463,0.989357693,-0.139636196,816,278,0.340686275,0.031265119,0.022216918,0.015250571,0.142778458,28.454474599,0.000000000,0.159948288,0.101088186,6.593732068,0.340660833,30.599732406,0,21,21,0,0.025735294,3,0,0,0,0,0,792,3,21220,85445,24166,135,2927,1494698
2091,1517157447.421286106,1517157447.522125244,1,0,0,1,99.874233490,40.595527192,-3.364682527,0.042636720,0.014383498,0.986938537,-0.154685325,806,268,0.332506203,0.031142944,0.020889963,0.015297788,0.176659200,25.626778203,0.000000000,0.161356867,0.101043705,6.609249741,0.368130216,30.380868543,0,19,18,1,0.023573201,4,0,0,0,0,0,781,6,21222,85464,24170,135,2927,1495479
2092,1517157447.522145987,1517157447.622985363,1,0,0,1,99.598659472,40.501092208,-3.356918533,0.039952720,0.016855025,0.985480793,-0.164156311,805,287,0.356521739,0.034305042,0.026356668,0.016485741,0.154597981,26.232939221,0.000000000,0.161053520,0.100308819,6.357555684,0.378529338,29.970409182,0,29,27,2,0.036024845,6,0,0,0,0,0,770,6,21226,85493,24176,135,2927,1496249
2093,1517157447.723865986,1517157447.824705362,1,0,0,1,99.053133077,40.300870432,-3.335466876,0.040738058,0.016903310,0.980561317,-0.191191507,796,266,0.334170854,0.034045235,0.024422032,0.017660535,0.162782705,25.739106504,0.000000000,0.160834164,0.100257650,6.637082644,0.431963674,29.871418477,0,26,26,0,0.032663317,4,0,0,0,0,0,763,7,21229,85519,24180,135,2927,1497012
2094,1517157447.824726105,1517157447.925565243,1,0,0,1,98.765984874,40.173565043,-3.326407515,0.044269163,0.014017112,0.982046808,-0.182832788,780,279,0.357692308,0.033290351,0.025028144,0.016748353,0.167216925,26.464886776,0.000000000,0.158167283,0.098591612,6.669276932,0.443587355,30.123989119,0,14,11,3,0.017948718,6,0,0,0,0,0,758,8,21232,85533,24186,135,2927,1497770
2095,1517157447.925585985,1517157448.026365280,1,0,0,1,98.478695636,40.052151012,-3.319736997,0.045944392,0.010490534,0.982110321,-0.182313957,800,273,0.341250000,0.030334295,0.022719147,0.015453549,0.162036955,28.376732261,0.000000000,0.158286356,0.096401074,6.664346339,0.440201433,30.259712642,0,23,22,1,0.028750000,2,0,0,0,0,0,773,4,21235,85556,24188,135,2927,1498543
2096,1517157448.026386023,1517157448.127225399,1,0,0,1,98.187347911,39.927173311,-3.312875059,0.047325113,0.014165144,0.982180844,-0.181329732,788,286,0.362944162,0.030994426,0.024062511,0.014803614,0.124834545,31.259525954,0.000000000,0.154558554,0.098529962,6.676221123,0.441772778,30.244969299,0,16,15,1,0.020304569,3,0,0,0,0,0,768,4,21237,85572,24191,135,2927,1499311
2097,1517157448.127245903,1517157448.228085279,1,0,0,1,97.883303977,39.801673511,-3.300051530,0.049024858,0.015067844,0.981642037,-0.183707472,785,268,0.341401274,0.030293327,0.020997159,0.015303114,0.123512848,29.373465123,0.000000000,0.154745199,0.095788350,6.694305774,0.440987262,29.717806445,0,18,17,1,0.022929936,6,0,0,0,0,0,760,7,21238,85590,24197,135,2927,1500071
2098,1517157448.228106022,1517157448.328945398,1,0,0,1,97.571910778,39.671705814,-3.290440605,0.052266899,0.016159230,0.980997971,-0.186145190,786,281,0.357506361,0.035093675,0.022945945,0.014471112,0.150763891,29.446293563,0.000000000,0.153691265,0.096102672,6.726478115,0.440890769,29.577092108,0,20,18,2,0.025445293,4,0,0,0,0,0,759,7,21240,85610,24201,135,2927,1500830
2099,1517157448.328965902,1517157448.429805279,1,0,0,1,97.264656461,39.546954657,-3.270901800,0.051870379,0.013673577,0.980944114,-0.186738163,796,294,0.369346734,0.034615291,0.022903895,0.014645864,0.185321639,25.763866616,0.000000000,0.154608459,0.094506544,6.749708995,0.439206524,29.277625255,0,21,20,1,0.026381910,2,0,0,0,0,0,770,5,21245,85631,24203,135,2927,1501600
2100,1517157448.429826021,1517157448.530665398,1,0,0,1,96.950247485,39.417365138,-3.257616488,0.052833392,0.009978229,0.980890274,-0.186984860,782,277,0.354219949,0.036288735,0.027448700,0.017985938,0.180133324,28.423404095,0.000000000,0.153737922,0.085932379,6.157121602,0.425669156,29.439829313,0,12,12,0,0.015345269,3,0,0,0,0,0,766,4,21245,85643,24206,135,2927,1502366
2101,1517157448.530685902,1517157448.631525278,1,0,0,1,96.627523959,39.283037751,-3.236050579,0.050363215,0.010907837,0.980508248,-0.189599952,790,279,0.353164557,0.033782772,0.024765354,0.016662683,0.149968081,30.451205393,0.000000000,0.153178975,0.085269072,6.209170608,0.427582278,29.658124827,0,11,10,1,0.013924051,3,0,0,0,0,0,774,5,21246,85654,24209,135,2927,1503140
2102,1517157448.631546021,1517157448.732385397,1,0,0,1,96.311083361,39.145816771,-3.222078260,0.053343425,0.012951652,0.980417983,-0.189122482,784,305,0.389030612,0.039702044,0.025145200,0.017370616,0.151582600,34.848159482,0.000000000,0.154810574,0.092796098,6.265286929,0.427075826,29.438846178,0,26,25,1,0.033163265,8,0,0,0,0,0,748,10,21248,85680,24217,135,2927,1503888
2103,1517157448.732405901,1517157448.833245277,1,0,0,1,95.986808642,39.010401838,-3.204552839,0.052047597,0.008778594,0.980490016,-0.189349709,786,302,0.384223919,0.034867398,0.023525807,0.016339157,0.164013717,28.200307286,0.000000000,0.155298781,0.090739137,6.317866251,0.371326100,29.600139990,0,19,19,0,0.024173028,2,0,0,0,0,0,763,4,21247,85699,24219,135,2927,1504651
2104,1517157448.833266020,1517157448.934105396,1,0,0,1,95.660625414,38.875601634,-3.192792582,0.052439183,0.011264944,0.980079672,-0.191225178,796,294,0.369346734,0.036857556,0.024883303,0.016123879,0.162351600,39.590251029,0.000000000,0.157296327,0.079431606,6.363928066,0.276459469,29.454699332,0,18,16,2,0.022613065,5,0,0,0,0,0,771,7,21249,85717,24224,135,2927,1505422
2105,1517157448.934125900,1517157449.034903288,1,0,0,1,95.335242265,38.732830501,-3.180390488,0.049504428,0.010553489,0.980482007,-0.189981497,797,304,0.381430364,0.039442020,0.026521109,0.017287925,0.129361483,35.985487738,0.000000000,0.157120808,0.081877561,6.416837819,0.211306071,29.659863160,0,29,25,4,0.036386449,5,0,0,0,0,0,761,7,21256,85746,24229,135,2927,1506183
2106,1517157449.034924030,1517157449.135763407,1,0,0,1,95.013845690,38.594305558,-3.172976326,0.045225704,0.004977958,0.980678539,-0.190261553,781,266,0.340588988,0.045840570,0.036339571,0.023891293,0.120499297,37.970712346,0.000000000,0.154741998,0.107944138,6.463196996,0.210863676,29.927885697,0,58,57,1,0.074263764,4,0,0,0,0,0,716,7,21265,85804,24233,135,2927,1506899
2107,1517157449.135783911,1517157449.236623287,1,0,0,1,94.689114443,38.455171089,-3.160254314,0.050826073,0.009066497,0.979966216,-0.192355726,794,272,0.342569270,0.033736439,0.021255906,0.015145885,0.159369909,30.278489762,0.000000000,0.154947210,0.106789759,6.515261874,0.199627399,29.989468210,0,22,21,1,0.027707809,2,0,0,0,0,0,769,3,21267,85826,24235,135,2927,1507668
2108,1517157449.236644030,1517157449.337483406,1,0,0,1,94.369307185,38.314135408,-3.155657446,0.048508217,0.009113902,0.979765579,-0.193967264,789,285,0.361216730,0.032955317,0.025148784,0.015788460,0.125826894,35.744921944,0.000000000,0.153402678,0.105078876,6.559929495,0.183250283,30.381641398,0,18,17,1,0.022813688,2,0,0,0,0,0,768,3,21267,85844,24237,135,2927,1508436
2109,1517157449.337505102,1517157449.438343287,1,0,0,1,94.058866830,38.172141329,-3.143428893,0.043321045,0.010871067,0.979946344,-0.194191324,770,262,0.340259740,0.031736100,0.019489357,0.014166456,0.143842286,34.105489194,0.000000000,0.151872717,0.106652370,6.600740266,0.158093097,30.616824854,0,19,18,1,0.024675325,1,0,0,0,0,0,747,4,21268,85863,24238,135,2927,1509183
2110,1517157449.438364983,1517157449.539204359,1,0,0,1,93.755348034,38.038106391,-3.129377602,0.043080816,0.011253188,0.979688921,-0.195517334,800,299,0.373750000,0.033797829,0.023846917,0.014813225,0.163160632,27.423865209,0.000000000,0.152891826,0.104197306,6.638227901,0.130329129,30.565294385,0,30,27,3,0.037500000,1,0,0,0,0,0,765,5,21275,85893,24239,135,2927,1509948
2111,1517157449.539225101,1517157449.640064240,1,0,0,1,93.458189295,37.901482200,-3.120454141,0.040630095,0.013277897,0.979538707,-0.196664216,799,274,0.342928661,0.034135665,0.025122202,0.015814486,0.175580113,27.535302996,0.000000000,0.152837871,0.101228572,6.674002373,0.113435112,30.660720625,0,20,19,1,0.025031289,4,0,0,0,0,0,771,8,21282,85913,24243,135,2927,1510719
2112,1517157449.640084982,1517157449.740924358,1,0,0,1,93.155326191,37.767367230,-3.103977243,0.044761214,0.016675669,0.979074536,-0.197816606,798,290,0.363408521,0.033160754,0.025646545,0.017040591,0.169085429,27.894491749,0.000000000,0.153562244,0.101882056,6.424136366,0.060497741,30.743798251,0,11,10,1,0.013784461,6,0,0,0,0,0,779,8,21283,85924,24249,135,2927,1511498
2113,1517157449.841804981,1517157449.942644358,1,0,0,1,92.545253056,37.502313968,-3.085759106,0.047204091,0.014136704,0.978730659,-0.199143729,818,275,0.336185819,0.036246850,0.027186631,0.019170345,0.187965098,25.510277781,0.000000000,0.154821363,0.101865385,6.775315583,0.046751874,30.732356815,0,21,20,1,0.025672372,6,0,0,0,0,0,789,8,21285,85945,24255,135,2927,1512287
2114,1517157450.043463945,1517157450.144303322,1,0,0,1,91.923019399,37.226363817,-3.066672938,0.045594751,0.018139295,0.977906971,-0.203199508,834,292,0.350119904,0.032997943,0.025284637,0.016777848,0.173943920,24.429618009,0.000000000,0.155157713,0.102109653,7.144298520,0.053951677,30.630593377,0,17,14,3,0.020383693,3,0,0,0,0,0,811,6,21287,85962,24258,135,2927,1513098
2115,1517157450.144324064,1517157450.245163202,1,0,0,1,91.607544719,37.087485255,-3.058818840,0.039335439,0.008355978,0.977534750,-0.206902667,825,293,0.355151515,0.033123863,0.022343262,0.015837136,0.138211887,30.277097970,0.000000000,0.153966460,0.098068961,7.171982258,0.059874196,30.725611662,0,24,24,0,0.029090909,7,0,0,0,0,0,794,7,21290,85986,24265,135,2927,1513892
2116,1517157450.245183945,1517157450.346023321,1,0,0,1,91.292742117,36.943271271,-3.038445017,0.048214618,0.017734365,0.977644926,-0.203890270,858,315,0.367132867,0.033693351,0.023647625,0.016446808,0.168099204,28.751475032,0.000000000,0.156129693,0.094611596,7.189667756,0.061775653,30.600209116,0,28,26,2,0.032634033,3,0,0,0,0,0,821,9,21295,86014,24268,135,2927,1514713
2117,1517157450.346044064,1517157450.446883202,1,0,0,1,90.982368529,36.797655186,-3.026368646,0.048668954,0.011718904,0.977805713,-0.203445295,844,288,0.341232227,0.040800482,0.027137124,0.018871875,0.145886949,33.250135219,0.000000000,0.157248398,0.093949938,7.195150984,0.057142971,30.794042621,0,44,43,1,0.052132701,4,0,0,0,0,0,794,6,21298,86058,24272,135,2927,1515507
2118,1517157450.446903944,1517157450.547743320,1,0,0,1,90.671387406,36.652057694,-3.013317517,0.052098551,0.012964477,0.977170331,-0.205562173,841,295,0.350772889,0.044438703,0.034654511,0.021997601,0.120010103,35.522075704,0.000000000,0.155710708,0.106707761,7.206586649,0.060042383,31.097831728,0,36,34,2,0.042806183,1,0,0,0,0,0,799,6,21304,86094,24273,135,2927,1516306
2119,1517157450.547764063,1517157450.648603201,1,0,0,1,90.354540322,36.499852545,-3.007943964,0.051778410,0.011828160,0.976779981,-0.207557123,832,294,0.353365385,0.034980291,0.025198145,0.015800707,0.138962764,30.516262942,0.000000000,0.153392765,0.106480376,7.217808880,0.063321541,31.335451544,0,32,31,1,0.038461538,3,0,0,0,0,0,792,8,21311,86126,24276,135,2927,1517098
2120,1517157450.648623943,1517157450.749463320,1,0,0,1,90.043842715,36.348997922,-2.998898221,0.047381812,0.011541413,0.976678159,-0.209096946,804,278,0.345771144,0.037671741,0.026145420,0.017341112,0.143327272,36.338013605,0.000000000,0.151552462,0.106681605,7.213083679,0.061173347,31.731182020,0,13,12,1,0.016169154,4,0,0,0,0,0,785,6,21316,86139,24280,135,2927,1517883
2121,1517157450.749484062,1517157450.850323200,1,0,0,1,89.719612065,36.197948676,-2.986502412,0.047924547,0.013591944,0.976316338,-0.210534807,833,292,0.350540216,0.038643583,0.030869529,0.017679607,0.173785327,34.197103585,0.000000000,0.152743324,0.105785625,7.225792524,0.062882126,31.918476929,0,24,23,1,0.028811525,3,0,0,0,0,0,803,6,21317,86163,24283,135,2927,1518686
2122,1517157450.850343943,1517157450.951183319,1,0,0,1,89.392656905,36.037973901,-2.972807437,0.048754971,0.012007441,0.976026894,-0.211778839,820,269,0.328048780,0.032915299,0.023119223,0.016045662,0.143675378,27.194142767,0.000000000,0.152347963,0.106689897,7.238194006,0.064776366,31.535776093,0,18,17,1,0.021951220,7,0,0,0,0,0,795,7,21322,86181,24290,135,2927,1519481
2123,1517157450.951204062,1517157451.051982403,1,0,0,1,89.077212013,35.890481095,-2.951709438,0.048503810,0.011465478,0.976088965,-0.211580375,821,295,0.359317905,0.034475186,0.026370517,0.016517951,0.157129798,25.602145815,0.000000000,0.152003767,0.106948201,7.233920255,0.061541398,31.405868020,0,33,31,2,0.040194884,8,0,0,0,0,0,779,9,21330,86214,24298,135,2927,1520260
2124,1517157451.152863026,1517157451.253702402,1,0,0,1,88.422926581,35.553341482,-2.927893449,0.043774040,-0.001805942,0.976602382,-0.210543011,817,280,0.342717258,0.031501332,0.021040934,0.013738094,0.238841215,22.450059388,0.000000000,0.155828248,0.111123190,7.614799782,0.060174623,30.548858438,0,18,17,1,0.022031824,5,0,0,0,0,0,790,9,21333,86232,24303,135,2927,1521050
2125,1517157451.253722906,1517157451.354562283,1,0,0,1,88.079260568,35.392550697,-2.913742147,0.043285401,-0.009718936,0.984862215,-0.167565908,843,295,0.349940688,0.034665572,0.022411325,0.016908472,0.182525814,28.865837910,0.000000000,0.158486465,0.109553665,7.644427230,0.146431572,30.192875946,0,28,27,1,0.033214709,3,0,0,0,0,0,809,6,21337,86260,24306,135,2927,1521859
2126,1517157451.354583025,1517157451.455422401,1,0,0,1,87.751330903,35.262624265,-2.898251299,0.037467045,-0.021374538,0.992691379,-0.112708363,924,352,0.380952381,0.036252281,0.024550503,0.016398699,0.258701105,25.851285213,0.000000000,0.165396555,0.088809469,7.643985777,0.252846213,29.586904590,0,36,35,1,0.038961039,10,0,0,0,0,0,876,12,21347,86296,24316,135,2927,1522735
2127,1517157451.455444098,1517157451.556282282,1,0,0,1,87.402538295,35.174952949,-2.887728621,0.038078989,-0.024249607,0.995501124,-0.083303423,947,362,0.382259768,0.044311707,0.033044620,0.023298377,0.320244431,21.879797108,0.000000000,0.173440281,0.103475390,7.654226672,0.308592668,29.166969957,0,65,61,4,0.068637804,13,0,0,0,0,0,863,19,21367,86361,24329,135,2927,1523598
2128,1517157451.556303978,1517157451.657142401,1,0,0,1,87.060259332,35.104990235,-2.872822268,0.041853552,-0.025303391,0.996000220,-0.074776868,962,354,0.367983368,0.045056312,0.031854007,0.022366027,0.220045040,27.109068208,0.000000000,0.178151188,0.114848529,7.662308654,0.325271025,28.735177270,0,78,75,3,0.081081081,8,0,0,0,0,0,874,10,21384,86439,24337,135,2927,1524472
2129,1517157451.657164097,1517157451.758003235,1,0,0,1,86.727318560,35.038837403,-2.863831691,0.038741821,-0.021228434,0.997164067,-0.060928223,985,379,0.384771574,0.044907841,0.028675781,0.021522340,0.196607782,22.713438984,0.000000000,0.180789463,0.120122284,7.669782831,0.350922316,28.165574760,0,72,68,4,0.073096447,17,0,0,0,0,0,893,20,21414,86511,24354,135,2927,1525365
2130,1517157451.758023977,1517157451.858863354,1,0,0,1,86.377448840,34.994132693,-2.855655030,0.037311269,-0.020185272,0.998085745,-0.045002993,1001,370,0.369630370,0.036005969,0.022832917,0.015286029,0.163204499,23.920775951,0.000000000,0.180791656,0.118380635,7.695408221,0.380913449,27.990420297,0,62,55,7,0.061938062,8,0,0,0,0,0,929,10,21434,86573,24362,135,2927,1526294
2131,1517157451.858884096,1517157451.959723234,1,0,0,1,86.039923627,34.950727658,-2.846391491,0.033083365,-0.017730473,0.997985782,-0.051141955,1017,411,0.404129794,0.038786730,0.029810501,0.017777625,0.165406004,25.658986206,0.000000000,0.180282951,0.116704402,7.704200028,0.390689029,27.896604457,0,90,86,4,0.088495575,15,0,0,0,0,0,911,16,21459,86663,24377,135,2927,1527205
2132,1517157451.959743977,1517157452.060521364,1,0,0,1,85.707459000,34.902176377,-2.826285796,0.024791193,-0.001332105,0.997554201,-0.065339412,1002,395,0.394211577,0.042051976,0.030920256,0.017695944,0.117383566,28.103230180,0.000000000,0.177697858,0.115740180,7.375379130,0.414984661,27.907041379,0,94,93,1,0.093812375,12,0,0,0,0,0,895,13,21479,86757,24389,135,2927,1528100
2133,1517157452.060542107,1517157452.161381245,1,0,0,1,85.376165164,34.853785195,-2.808745466,-0.012163789,0.029372649,0.992445802,-0.118493122,1057,453,0.428571429,0.044660001,0.030234459,0.019133399,0.307592491,22.783622131,0.000000000,0.183679227,0.120786792,7.029701616,0.514316801,27.770708596,0,87,85,2,0.082308420,16,0,0,0,0,0,947,23,21493,86844,24405,135,2927,1529047
2134,1517157452.161401987,1517157452.262241364,1,0,0,1,85.109586835,34.776153513,-2.823151363,-0.012410112,0.025384420,0.980607682,-0.193933479,1013,440,0.434353406,0.032470804,0.022646814,0.013439838,0.350933210,18.720522832,0.000000000,0.192528692,0.121672583,6.962947226,0.658789325,27.485253837,0,48,47,1,0.047384008,11,0,0,0,0,0,952,13,21500,86892,24416,135,2927,1529999
2135,1517157452.262262106,1517157452.363101244,1,0,0,1,84.886165974,34.670790015,-2.808762069,-0.008000003,0.025399699,0.971443302,-0.235772698,1004,384,0.382470120,0.030179892,0.023581826,0.014312020,0.465267865,16.839267555,0.000000000,0.208881491,0.127350782,6.863522610,0.737475851,26.813362317,0,58,56,2,0.057768924,9,0,0,0,0,0,937,9,21518,86950,24425,135,2927,1530936
2136,1517157452.363121986,1517157452.463961363,1,0,0,1,84.684539112,34.557799711,-2.803086805,0.005499027,0.018460188,0.969787346,-0.243190225,951,370,0.389064143,0.030761586,0.019161717,0.012220375,0.485357882,17.987855566,0.000000000,0.224744425,0.132285435,6.751672794,0.751929263,26.275181343,0,54,51,3,0.056782334,4,0,0,0,0,0,891,6,21517,87004,24429,135,2927,1531827
2137,1517157452.463982105,1517157452.564821243,1,0,0,1,84.497072186,34.444710304,-2.788752140,0.021667300,0.008467118,0.971629663,-0.235360647,891,320,0.359147026,0.031741975,0.020870477,0.012434138,0.294132402,20.292933710,0.000000000,0.232156697,0.136961706,6.627452656,0.763482361,25.627321268,0,17,17,0,0.019079686,2,0,0,0,0,0,871,3,21519,87021,24431,135,2927,1532698
2138,1517157452.564841986,1517157452.665681362,1,0,0,1,84.301913267,34.341791030,-2.777192885,0.028151801,0.008048839,0.972924739,-0.229259992,860,331,0.384883721,0.031710455,0.019953375,0.013999268,0.321807256,19.269535874,0.000000000,0.242246555,0.135662071,6.496839356,0.771695913,24.814694276,0,27,26,1,0.031395349,7,0,0,0,0,0,825,8,21526,87048,24438,135,2927,1533523
2139,1517157452.665702105,1517157452.766541243,1,0,0,1,84.102071179,34.236140961,-2.765747819,0.032436848,0.006853907,0.972651489,-0.229891182,857,304,0.354725788,0.032649153,0.020862918,0.013601152,0.324978751,18.703997362,0.000000000,0.251547354,0.137884979,6.377676884,0.770173217,24.224080997,0,16,12,4,0.018669778,9,0,0,0,0,0,831,10,21532,87064,24447,135,2927,1534354
2140,1517157452.766561985,1517157452.867401361,1,0,0,1,83.904477777,34.132719373,-2.757415289,0.031132828,0.006188583,0.972271859,-0.231689190,848,290,0.341981132,0.031223576,0.020065313,0.013853450,0.272592438,20.409032296,0.000000000,0.258010613,0.142530233,6.242951625,0.771089965,23.427631932,0,15,12,3,0.017688679,2,0,0,0,0,0,830,3,21536,87079,24449,135,2927,1535184
2141,1517157452.867422104,1517157452.968261242,1,0,0,1,83.703648860,34.026560862,-2.749015424,0.032843084,0.003649069,0.972186996,-0.231863023,848,290,0.341981132,0.032017043,0.021168366,0.015048923,0.227946457,23.275494845,0.000000000,0.260718669,0.145182547,6.106015850,0.768924415,22.881551495,0,17,16,1,0.020047170,3,0,0,0,0,0,827,4,21539,87096,24452,135,2927,1536011
2142,1517157452.968281984,1517157453.069070339,1,0,0,1,83.498572520,33.922430418,-2.739312246,0.037782083,0.009613266,0.972581091,-0.229273027,842,301,0.357482185,0.042186419,0.027477409,0.019199556,0.255525468,27.036906432,0.000000000,0.266311174,0.146718098,5.987357198,0.774104162,22.873689678,0,43,40,3,0.051068884,2,0,0,0,0,0,794,5,21544,87139,24454,135,2927,1536805
2143,1517157453.069091082,1517157453.169930220,1,0,0,1,83.287732746,33.816825134,-2.733516702,0.037556166,0.008683854,0.972034424,-0.231653195,847,287,0.338842975,0.037195296,0.025057364,0.017481752,0.236293481,28.727754658,0.000000000,0.270269358,0.145742909,5.486813792,0.777847240,23.029970120,0,24,22,2,0.028335301,3,0,0,0,0,0,819,4,21548,87163,24457,135,2927,1537624
2144,1517157453.169950962,1517157453.270790339,1,0,0,1,83.087618762,33.704115991,-2.733199722,0.040554861,-0.001588106,0.974464638,-0.220842592,816,272,0.333333333,0.034435427,0.020474987,0.015141064,0.196895499,26.095734403,0.000000000,0.268172072,0.142410684,5.336800995,0.712050273,23.212253871,0,24,20,4,0.029411765,5,0,0,0,0,0,787,5,21550,87187,24462,135,2927,1538411
2145,1517157453.270811081,1517157453.371650219,1,0,0,1,82.887264481,33.603967100,-2.723499400,0.044742864,-0.013670000,0.981364460,-0.186373290,800,286,0.357500000,0.033369886,0.021641269,0.015528852,0.289985542,22.965326412,0.000000000,0.273545058,0.143546026,5.207930803,0.670885739,22.917228296,0,19,18,1,0.023750000,1,0,0,0,0,0,777,4,21554,87206,24463,135,2927,1539188
2146,1517157453.371670961,1517157453.472510338,1,0,0,1,82.671725738,33.531486863,-2.716930900,0.042173817,-0.007160023,0.987177101,-0.153790358,834,291,0.348920863,0.035723555,0.025075045,0.017497436,0.174853567,28.329258954,0.000000000,0.269352682,0.143731987,5.075628564,0.678909044,23.041126983,0,22,19,3,0.026378897,3,0,0,0,0,0,807,5,21557,87228,24466,135,2927,1539995
2147,1517157453.472531080,1517157453.573370218,1,0,0,1,82.455839814,33.460187630,-2.711826159,0.042848774,-0.001583228,0.986367684,-0.158871857,805,280,0.347826087,0.049152287,0.037118194,0.026684512,0.201848492,30.405833058,0.000000000,0.263432885,0.154834023,4.953366954,0.672012651,23.467428781,0,24,23,1,0.029813665,1,0,0,0,0,0,777,4,21562,87252,24467,135,2927,1540772
2148,1517157453.573390961,1517157453.674230337,1,0,0,1,82.241127706,33.383197372,-2.705859479,0.042583711,-0.001628925,0.983820362,-0.174015714,787,266,0.337992376,0.030869241,0.019503383,0.013542412,0.235310602,25.336466529,0.000000000,0.264196163,0.152607124,4.841974948,0.674477335,23.378798697,0,19,18,1,0.024142313,2,0,0,0,0,0,765,3,21566,87271,24469,135,2927,1541537
2149,1517157453.674252033,1517157453.775090218,1,0,0,1,82.030668260,33.297756899,-2.694194677,0.047577060,-0.017002750,0.987775335,-0.147469378,804,284,0.353233831,0.031799013,0.021310790,0.013381694,0.241636828,28.535708360,0.000000000,0.266447615,0.146529045,4.716606755,0.694726699,23.669912166,0,19,19,0,0.023631841,8,0,0,0,0,0,774,11,21566,87290,24477,135,2927,1542311
2150,1517157453.775111914,1517157453.875951290,1,0,0,1,81.820212502,33.243865666,-2.690288912,0.045778413,-0.001862884,0.992395945,-0.114241655,802,272,0.339152120,0.045540849,0.031297842,0.021954353,0.222831413,29.426164721,0.000000000,0.269428961,0.157040061,4.593457289,0.751450201,23.945181604,0,32,32,0,0.039900249,7,0,0,0,0,0,762,8,21568,87322,24484,135,2927,1543073
2151,1517157453.875972033,1517157453.976811409,1,0,0,1,81.608786287,33.203080698,-2.679042005,0.037033326,0.026957344,0.989141443,-0.139646124,802,271,0.337905237,0.051177952,0.039217247,0.029407972,0.263480520,26.287902168,0.000000000,0.274332687,0.178737295,4.472482863,0.773031820,23.976627402,0,39,38,1,0.048628429,3,0,0,0,0,0,758,5,21568,87361,24487,135,2927,1543831
2152,1517157453.976831913,1517157454.077600241,1,0,0,1,81.409283816,33.138095552,-2.668554657,0.029988976,0.022828610,0.979560407,-0.197587767,790,254,0.321518987,0.040726640,0.030163700,0.020901944,0.257011908,36.734936907,0.000000000,0.281314104,0.177700639,4.347295976,0.784001480,24.408212739,0,17,17,0,0.021518987,4,0,0,0,0,0,768,5,21569,87378,24491,135,2927,1544599
2153,1517157454.178481102,1517157454.279320240,1,0,0,1,81.016489249,32.963253198,-2.641087020,0.033253378,0.026853762,0.974499463,-0.220281376,817,279,0.341493268,0.041990274,0.028985839,0.020066561,0.267085133,28.683575806,0.000000000,0.279288736,0.174393101,4.500097399,0.677504753,24.703210422,0,30,30,0,0.036719706,8,0,0,0,0,0,778,9,21572,87408,24499,135,2927,1545377
2154,1517157454.279340982,1517157454.380180359,1,0,0,1,80.821656076,32.856686780,-2.636507862,0.030644289,0.029622088,0.964565614,-0.260377871,831,256,0.308062575,0.041798691,0.033567357,0.020513032,0.194261520,28.650379889,0.000000000,0.271455151,0.173290383,4.474779824,0.674712543,25.199703275,0,35,35,0,0.042117930,1,0,0,0,0,0,794,2,21576,87443,24500,135,2927,1546171
2155,1517157454.380201101,1517157454.481040239,1,0,0,1,80.641593910,32.722381106,-2.641753178,0.028743295,0.023475827,0.950509646,-0.308470618,845,271,0.320710059,0.033198322,0.023675108,0.016104186,0.200376458,32.630537490,0.000000000,0.258210581,0.169222654,4.468277204,0.760840480,25.989266772,0,18,17,1,0.021301775,1,0,0,0,0,0,823,4,21578,87461,24501,135,2927,1546994
2156,1517157454.481060982,1517157454.581900358,1,0,0,1,80.473116177,32.579712436,-2.632264109,0.033811562,0.011369142,0.947960808,-0.316382407,840,288,0.342857143,0.031155097,0.021455869,0.012980168,0.284792569,21.856366961,0.000000000,0.248182315,0.168620261,4.469845388,0.762494594,26.182692342,0,22,21,1,0.026190476,5,0,0,0,0,0,812,6,21583,87483,24506,135,2927,1547806
2157,1517157454.581921101,1517157454.682760239,1,0,0,1,80.304801055,32.427484337,-2.627894930,0.040708024,-0.000492760,0.948483602,-0.314199730,873,311,0.356242841,0.029165861,0.020789881,0.012785944,0.310616806,26.556139225,0.000000000,0.249006535,0.172794753,4.475894356,0.753530076,26.495852618,0,24,24,0,0.027491409,2,0,0,0,0,0,846,3,21588,87507,24508,135,2927,1548652
2158,1517157454.682780981,1517157454.783620358,1,0,0,1,80.132990127,32.287488318,-2.616838635,0.045668672,0.001278911,0.952136914,-0.302238374,853,298,0.349355217,0.045812648,0.027136687,0.019009782,0.336789995,23.069546095,0.000000000,0.249755672,0.174073825,4.471455528,0.776989191,26.685853129,0,22,21,1,0.025791325,12,0,0,0,0,0,818,13,21592,87529,24520,135,2927,1549470
2159,1517157454.783641100,1517157454.884480238,1,0,0,1,79.946748285,32.150031879,-2.604597035,0.046231948,-0.000289925,0.955654063,-0.290839878,859,351,0.408614668,0.034482287,0.021756681,0.014215861,0.364871255,19.124881759,0.000000000,0.251750297,0.172139451,4.480074761,0.797065622,26.706897348,0,33,31,2,0.038416764,9,0,0,0,0,0,817,9,21598,87562,24529,135,2927,1550287
2160,1517157454.884500980,1517157454.985340357,1,0,0,1,79.748550754,32.010175012,-2.593251576,0.045681627,0.007257869,0.954925240,-0.293220563,911,355,0.389681668,0.033397503,0.024295314,0.014442847,0.399136840,20.753061159,0.000000000,0.258077518,0.169230854,4.495598328,0.800858865,26.724098792,0,35,35,0,0.038419319,12,0,0,0,0,0,864,12,21605,87597,24541,135,2927,1551151
2161,1517157454.985361099,1517157455.086139202,1,0,0,1,79.551794034,31.874667259,-2.590381341,0.047915111,0.005136035,0.953627650,-0.297106156,906,350,0.386313466,0.031724302,0.025087045,0.014092760,0.256189548,20.795864298,0.000000000,0.259489672,0.169653039,4.504317081,0.803804906,26.600117264,0,52,51,1,0.057395143,7,0,0,0,0,0,847,7,21618,87649,24548,135,2927,1551998
2162,1517157455.086159945,1517157455.186999321,1,0,0,1,79.356535085,31.731790291,-2.591740852,0.048380435,0.003964560,0.952800622,-0.299690825,890,338,0.379775281,0.034963834,0.024035044,0.016797144,0.202397779,25.281757446,0.000000000,0.256833288,0.169760497,4.510390859,0.804410058,26.512359815,0,52,52,0,0.058426966,9,0,0,0,0,0,829,9,21628,87701,24557,135,2927,1552827
2163,1517157455.187020063,1517157455.287859201,1,0,0,1,79.148049019,31.587266439,-2.585296134,0.042819694,0.001817118,0.952852518,-0.300391828,916,383,0.418122271,0.032878115,0.021550702,0.014748677,0.217135642,22.476475173,0.000000000,0.255875396,0.172783495,4.534481160,0.784250950,26.199795841,0,47,45,2,0.051310044,10,0,0,0,0,0,858,11,21639,87748,24567,135,2927,1553685
2164,1517157455.388740063,1517157455.489579201,1,0,0,1,78.745083399,31.300096824,-2.565716203,0.041913468,-0.001260857,0.953377225,-0.298853707,904,355,0.392699115,0.032109302,0.022045470,0.015032769,0.182176472,22.670369890,0.000000000,0.255139444,0.175191587,4.805489040,0.717944174,26.028527615,0,45,42,3,0.049778761,3,0,0,0,0,0,856,3,21656,87793,24570,135,2927,1554541
2165,1517157455.489599943,1517157455.590439320,1,0,0,1,78.552577650,31.162832688,-2.562201850,0.040366475,-0.024391767,0.962925406,-0.265612972,885,342,0.386440678,0.030092267,0.017861552,0.013168965,0.239956620,21.801338721,0.000000000,0.252637998,0.179519615,4.814452855,0.719082488,25.970328231,0,35,33,2,0.039548023,8,0,0,0,0,0,841,9,21666,87828,24578,135,2927,1555382
2166,1517157455.691319942,1517157455.792159319,1,0,0,1,78.166478656,30.967982525,-2.545806222,0.032181154,-0.030636120,0.979807136,-0.194945577,862,331,0.383990719,0.036664692,0.024582325,0.016152835,0.228211947,22.752079667,0.000000000,0.255305917,0.179152841,5.019831272,0.855040182,25.691469266,0,58,56,2,0.067285383,7,0,0,0,0,0,797,7,21678,87886,24585,135,2927,1556179
2167,1517157455.893040895,1517157455.993879318,1,0,0,1,77.787214025,30.829534929,-2.524108750,0.034891203,-0.025007098,0.985450404,-0.164452881,828,314,0.379227053,0.033010946,0.025290744,0.016197850,0.232769678,26.959007035,0.000000000,0.256851977,0.167088747,5.195981864,0.886349271,25.519127965,0,24,21,3,0.028985507,7,0,0,0,0,0,797,7,21686,87910,24592,135,2927,1556976
2168,1517157455.993901014,1517157456.094679356,1,0,0,1,77.609857542,30.764580727,-2.519586593,0.037760974,-0.014076204,0.987565448,-0.151955441,916,359,0.391921397,0.036441962,0.024584262,0.017802710,0.235412746,27.715203412,0.000000000,0.256857084,0.162465071,5.157471787,0.859825028,25.638064809,0,36,36,0,0.039301310,5,0,0,0,0,0,873,7,21692,87946,24597,135,2927,1557849
2169,1517157456.094700098,1517157456.195539236,1,0,0,1,77.444084461,30.703661766,-2.514884446,0.040099701,-0.004381016,0.987053546,-0.155235685,862,313,0.363109049,0.038427346,0.027456076,0.020227008,0.242724075,24.352777574,0.000000000,0.256911446,0.158758543,5.116865212,0.797245438,25.428918270,0,40,40,0,0.046403712,3,0,0,0,0,0,819,3,21700,87986,24600,135,2927,1558668
2170,1517157456.195559978,1517157456.296399355,1,0,0,1,77.257970632,30.638240001,-2.508001960,0.043351485,-0.007781850,0.986279881,-0.159097727,828,287,0.346618357,0.031496837,0.022074072,0.016129289,0.249461537,30.180903993,0.000000000,0.258242952,0.154565109,5.098645008,0.756626349,25.466655233,0,34,33,1,0.041062802,4,0,0,0,0,0,790,4,21714,88020,24604,135,2927,1559458
2171,1517157456.296420097,1517157456.397259235,1,0,0,1,77.073930444,30.568462656,-2.501917560,0.045396764,0.000627895,0.985990815,-0.160501877,796,308,0.386934673,0.035704055,0.021626519,0.015881753,0.269934130,25.698912677,0.000000000,0.258565633,0.123503838,5.085481357,0.640676089,25.437205759,0,30,29,1,0.037688442,6,0,0,0,0,0,760,6,21722,88050,24610,135,2927,1560218
2172,1517157456.397279978,1517157456.498119354,1,0,0,1,76.881440356,30.501621741,-2.492731768,0.043657853,0.002912426,0.985927489,-0.161345889,778,280,0.359897172,0.038792744,0.028353098,0.018102640,0.253288127,24.918844014,0.000000000,0.258379444,0.120939073,4.858626234,0.595921271,24.846401114,0,27,26,1,0.034704370,2,0,0,0,0,0,748,3,21727,88077,24612,135,2927,1560966
2173,1517157456.598999977,1517157456.699839354,1,0,0,1,76.500642145,30.359457968,-2.486268073,0.046997524,0.002111051,0.985304190,-0.164202405,778,292,0.375321337,0.037440305,0.027840795,0.019231725,0.241378388,24.929614131,0.000000000,0.257094107,0.114363352,5.043027475,0.519323710,24.658703030,0,20,19,1,0.025706941,5,0,0,0,0,0,753,5,21730,88097,24617,135,2927,1561719
2174,1517157456.699860096,1517157456.800699234,1,0,0,1,76.300917018,30.287650665,-2.474588837,0.047081325,0.007932314,0.984955681,-0.166080506,771,262,0.339818418,0.036509691,0.027204821,0.017900605,0.208813384,26.142660633,0.000000000,0.257821700,0.106612345,5.030894831,0.421710723,24.533317068,0,17,15,2,0.022049287,1,0,0,0,0,0,753,1,21733,88114,24618,135,2927,1562472
2175,1517157456.800719976,1517157456.901559353,1,0,0,1,76.100895189,30.214369386,-2.460398087,0.046277997,0.003747619,0.984740701,-0.167720164,775,289,0.372903226,0.034801166,0.024344670,0.014014393,0.258008593,24.326247478,0.000000000,0.260703307,0.105920320,5.023416997,0.407834953,24.118102567,0,25,23,2,0.032258065,1,0,0,0,0,0,749,1,21737,88139,24619,135,2927,1563221
2176,1517157456.901580095,1517157457.002358198,1,0,0,1,75.893956381,30.137727735,-2.459443572,0.047722819,0.004599653,0.984354084,-0.169553572,778,274,0.352185090,0.035756852,0.025057509,0.016560291,0.244348696,24.125644070,0.000000000,0.258681113,0.102668749,5.017108815,0.408102576,24.231566423,0,23,21,2,0.029562982,5,0,0,0,0,0,750,5,21744,88162,24624,135,2927,1563971
2177,1517157457.002378941,1517157457.103218317,1,0,0,1,75.693202123,30.061066183,-2.457673654,0.048581882,0.004685103,0.984165811,-0.170398085,765,261,0.341176471,0.032962778,0.023732061,0.016530858,0.199664532,25.319046565,0.000000000,0.253133499,0.095892712,5.010108565,0.384902240,24.169711790,0,16,16,0,0.020915033,2,0,0,0,0,0,747,2,21748,88178,24626,135,2927,1564718
2178,1517157457.103239059,1517157457.204078197,1,0,0,1,75.477671547,29.981135870,-2.451735106,0.051240999,-0.003210846,0.983838714,-0.171538439,761,254,0.333771353,0.034103992,0.028091518,0.016518839,0.203611880,28.932921197,0.000000000,0.246474593,0.067378508,5.008262101,0.364329798,24.462880545,0,20,20,0,0.026281209,3,0,0,0,0,0,738,3,21750,88198,24629,135,2927,1565456
2179,1517157457.204098940,1517157457.304938316,1,0,0,1,75.265043387,29.896136921,-2.446148424,0.047214988,0.000501304,0.983902137,-0.172357415,747,245,0.327978581,0.034483457,0.025024324,0.016637477,0.221974641,26.378552778,0.000000000,0.239329763,0.067378318,4.994479057,0.361076548,24.825564096,0,12,12,0,0.016064257,5,0,0,0,0,0,730,5,21753,88210,24634,135,2927,1566186
2180,1517157457.304959059,1517157457.405798197,1,0,0,1,75.040706083,29.809435957,-2.436086348,0.047551724,-0.001287085,0.983481344,-0.174647139,757,278,0.367239102,0.035903705,0.027717624,0.016682595,0.246453366,22.427022993,0.000000000,0.231695589,0.067134846,4.996275676,0.357425469,24.909262187,0,18,18,0,0.023778071,1,0,0,0,0,0,738,1,21757,88228,24635,135,2927,1566924
2181,1517157457.405818939,1517157457.506658316,1,0,0,1,74.815594870,29.722050225,-2.435767153,0.051588143,0.000528450,0.983983580,-0.170630295,762,268,0.351706037,0.037327303,0.028121768,0.018419403,0.178735125,35.425496126,0.000000000,0.227822868,0.065462010,4.995799276,0.360002781,25.640743779,0,25,22,3,0.032808399,4,0,0,0,0,0,731,6,21765,88253,24639,135,2927,1567655
2182,1517157457.506679058,1517157457.607518196,1,0,0,1,74.584036694,29.638258698,-2.424350278,0.050304177,-0.010545268,0.989397137,-0.135836641,781,264,0.338028169,0.035677525,0.027790074,0.018187361,0.178602179,26.485710953,0.000000000,0.226633088,0.065532713,4.988554187,0.428480110,25.700941454,0,21,21,0,0.026888604,1,0,0,0,0,0,759,1,21771,88274,24640,135,2927,1568414
2183,1517157457.708399057,1517157457.809238195,1,0,0,1,74.094197411,29.506094077,-2.399017850,0.048971977,-0.005976485,0.993079824,-0.106576221,779,290,0.372272144,0.046519632,0.033091168,0.022308594,0.282977149,23.309351703,0.000000000,0.229925163,0.093606728,5.001334032,0.485057139,25.742585281,0,30,29,1,0.038510911,8,0,0,0,0,0,739,10,21773,88304,24648,135,2927,1569153
2184,1517157457.809258938,1517157457.910098314,1,0,0,1,73.849080435,29.453931484,-2.379710400,0.048700477,-0.004800676,0.993849980,-0.099334961,814,287,0.352579853,0.035842815,0.027167342,0.016229114,0.278146061,25.691742185,0.000000000,0.234723643,0.090230506,5.016224759,0.431682813,25.893653895,0,29,28,1,0.035626536,6,0,0,0,0,0,778,7,21776,88333,24654,135,2927,1569931
2185,1517157457.910119057,1517157458.010896206,1,0,0,1,73.606360110,29.404969692,-2.366272544,0.048213484,-0.017016640,0.996363087,-0.068165191,841,306,0.363852556,0.035071809,0.026759388,0.018588231,0.226180807,37.131178424,0.000000000,0.234034852,0.081967052,4.831407774,0.347460718,26.660145880,0,24,22,2,0.028537455,3,0,0,0,0,0,814,3,21780,88357,24657,135,2927,1570745
2186,1517157458.010917902,1517157458.111756325,1,0,0,1,73.364200129,29.367007724,-2.355726632,0.044850529,-0.018234278,0.998261666,-0.033609342,872,303,0.347477064,0.035096146,0.023295694,0.015192940,0.176464115,33.245160384,0.000000000,0.231447460,0.082311959,4.672425167,0.354827256,27.184799916,0,13,11,2,0.014908257,4,0,0,0,0,0,855,4,21783,88370,24661,135,2927,1571600
2187,1517157458.111778021,1517157458.212616205,1,0,0,1,73.122644992,29.340393789,-2.347825951,0.044062560,-0.004889647,0.998324601,-0.037182981,830,284,0.342168675,0.035384374,0.024616070,0.015401012,0.146668251,31.969369337,0.000000000,0.227142389,0.079881477,4.726639677,0.334964901,27.435318031,0,19,17,2,0.022891566,3,0,0,0,0,0,808,3,21785,88389,24664,135,2927,1572408
2188,1517157458.212637901,1517157458.313477278,1,0,0,1,72.867362241,29.313831653,-2.339096464,0.042291623,0.008145960,0.997502220,-0.055985557,811,293,0.361282367,0.036804652,0.025922562,0.016689759,0.165984811,30.523999221,0.000000000,0.223670992,0.079915422,4.806774326,0.365490604,27.575757822,0,26,25,1,0.032059186,3,0,0,0,0,0,780,5,21788,88415,24667,135,2927,1573188
2189,1517157458.313498020,1517157458.414337397,1,0,0,1,72.607380781,29.273901793,-2.340768992,0.041427121,0.023476146,0.994956190,-0.088288414,805,282,0.350310559,0.036887788,0.026812018,0.015855224,0.153406925,34.041544161,0.000000000,0.219205135,0.078980318,4.872412190,0.420872494,28.060196151,0,28,28,0,0.034782609,5,0,0,0,0,0,772,5,21790,88443,24672,135,2927,1573960
2190,1517157458.414357901,1517157458.515197277,1,0,0,1,72.347704997,29.228538500,-2.337711978,0.036450773,0.023926516,0.991460734,-0.122900267,796,286,0.359296482,0.035919057,0.027508055,0.019280825,0.163699318,32.633942141,0.000000000,0.214917024,0.072904963,4.939120251,0.488475245,28.182848059,0,19,17,2,0.023869347,4,0,0,0,0,0,773,4,21795,88462,24676,135,2927,1574733
2191,1517157458.515218019,1517157458.616057396,1,0,0,1,72.090835463,29.166873124,-2.330482874,0.035738213,0.020313465,0.990681279,-0.129848941,808,289,0.357673267,0.038895628,0.026570729,0.017976416,0.165020630,28.853907993,0.000000000,0.209671349,0.074008249,4.999414989,0.501347321,28.340597824,0,26,23,3,0.032178218,2,0,0,0,0,0,780,2,21800,88488,24678,135,2927,1575513
2192,1517157458.616077900,1517157458.716917276,1,0,0,1,71.840725118,29.095255581,-2.319629412,0.041932458,0.015093022,0.990135988,-0.132832959,787,284,0.360864041,0.032930073,0.024871291,0.017949476,0.179498519,32.974376798,0.000000000,0.205981868,0.076093557,4.853281932,0.501765195,28.743374464,0,16,16,0,0.020330368,2,0,0,0,0,0,767,4,21799,88504,24680,135,2927,1576280
2193,1517157458.716938019,1517157458.817777395,1,0,0,1,71.585504325,29.019975744,-2.315984649,0.043040195,0.014508988,0.988998618,-0.140779134,784,280,0.357142857,0.033091378,0.021886794,0.013748640,0.158608614,32.401769904,0.000000000,0.201843380,0.078375703,4.906835925,0.514617049,29.116982252,0,19,19,0,0.024234694,5,0,0,0,0,0,760,5,21798,88523,24685,135,2927,1577040
2194,1517157458.817797899,1517157458.918637276,1,0,0,1,71.329291736,28.951329416,-2.297750698,0.039615059,0.023254635,0.987013649,-0.153928313,790,298,0.377215190,0.041855315,0.028476144,0.017235482,0.230338735,29.984672438,0.000000000,0.202919647,0.085395289,4.959215916,0.536851649,29.309082842,0,34,34,0,0.043037975,4,0,0,0,0,0,750,6,21804,88557,24689,135,2927,1577790
2195,1517157459.019458055,1517157459.120297194,1,0,0,1,70.817570985,28.758630805,-2.285027031,0.050894331,0.017457069,0.988277121,-0.142875296,799,265,0.331664581,0.030963386,0.021957815,0.014016322,0.121685141,34.024497186,0.000000000,0.196103475,0.091321877,5.285487097,0.555018497,29.793995328,0,22,21,1,0.027534418,3,0,0,0,0,0,774,3,21807,88579,24692,135,2927,1578564
2196,1517157459.120317936,1517157459.221157312,1,0,0,1,70.529259461,28.662087586,-2.285737099,0.044596129,0.027282521,0.984450411,-0.167702822,793,271,0.341740227,0.035654601,0.022844542,0.016436178,0.115847363,39.699508073,0.000000000,0.189678408,0.091350550,5.374633282,0.602754765,30.572688528,0,11,9,2,0.013871375,3,0,0,0,0,0,776,6,21811,88590,24695,135,2927,1579340
2197,1517157459.221178055,1517157459.322017193,1,0,0,1,70.250734368,28.561890941,-2.279501629,0.040506580,0.035518767,0.979331587,-0.194954549,821,286,0.348355664,0.032012426,0.023405608,0.014283250,0.155235347,30.195331400,0.000000000,0.187456949,0.092884390,5.440747077,0.654456721,30.816502770,0,24,24,0,0.029232643,3,0,0,0,0,0,794,3,21817,88614,24698,135,2927,1580134
2198,1517157459.422898054,1517157459.523737192,1,0,0,1,69.703960967,28.330294715,-2.269795775,0.045596181,0.031150787,0.975806177,-0.211548861,821,280,0.341047503,0.038822567,0.026815081,0.017102217,0.143594930,40.683984819,0.000000000,0.184456101,0.092908095,5.805569742,0.687713701,31.404055951,0,19,17,2,0.023142509,3,0,0,0,0,0,798,4,21826,88633,24701,135,2927,1580932
2199,1517157459.523757935,1517157459.624597311,1,0,0,1,69.424191270,28.203477972,-2.239025834,0.044880659,0.019278065,0.978195472,-0.201860601,805,271,0.336645963,0.035184689,0.024299231,0.013707515,0.190610029,29.720572501,0.000000000,0.182887871,0.092404246,5.873558529,0.701650579,31.571156937,0,24,22,2,0.029813665,4,0,0,0,0,0,776,5,21829,88657,24705,135,2927,1581708
2200,1517157459.624618053,1517157459.725457191,1,0,0,1,69.150446286,28.075892728,-2.228334649,0.046148264,0.002264029,0.979276315,-0.197188007,773,255,0.329883571,0.035628228,0.026506056,0.018086219,0.153143955,33.228340904,0.000000000,0.178222400,0.092498113,5.934287181,0.701530621,32.111222833,0,21,21,0,0.027166882,4,0,0,0,0,0,747,5,21827,88678,24709,135,2927,1582455
2201,1517157459.725477934,1517157459.826317310,1,0,0,1,68.874242588,27.947816631,-2.204297279,0.052562542,0.007755790,0.977908008,-0.202170610,806,264,0.327543424,0.037783993,0.028344709,0.018710117,0.142799069,30.657738438,0.000000000,0.176425597,0.092676893,5.993171327,0.641858165,31.872834948,0,14,14,0,0.017369727,1,0,0,0,0,0,788,4,21828,88692,24710,135,2927,1583243
2202,1517157459.826338053,1517157459.927177191,1,0,0,1,68.589129567,27.818677700,-2.190603321,0.043024417,0.013361962,0.977572632,-0.205723376,794,256,0.322418136,0.030923570,0.021235349,0.014546307,0.120822836,32.370065521,0.000000000,0.173536630,0.098772516,5.798478497,0.588592329,32.167052677,0,22,21,1,0.027707809,6,0,0,0,0,0,763,9,21831,88714,24716,135,2927,1584006
2203,1517157460.027997017,1517157460.128836393,1,0,0,1,67.987381265,27.560593979,-2.138711660,0.045576136,0.007523691,0.977330145,-0.206620419,804,241,0.299751244,0.034048006,0.024621613,0.016503585,0.178707625,31.331972506,0.000000000,0.168323154,0.074847979,6.203941257,0.576288348,32.568183717,0,26,23,3,0.032338308,3,0,0,0,0,0,775,3,21838,88740,24719,135,2927,1584781
2204,1517157460.128856897,1517157460.229696274,1,0,0,1,67.705717500,27.421449625,-2.137017694,0.049973536,0.004147445,0.977051081,-0.207018429,798,263,0.329573935,0.035141684,0.024774847,0.015186503,0.128271499,32.534927578,0.000000000,0.160829426,0.074896049,6.270130658,0.515983479,32.910342986,0,30,29,1,0.037593985,4,0,0,0,0,0,761,7,21839,88770,24723,135,2927,1585542
2205,1517157460.229717970,1517157460.330556393,1,0,0,1,67.414407025,27.279221408,-2.120461727,0.048919887,0.002799371,0.976688369,-0.208994829,803,248,0.308841843,0.032083255,0.025447002,0.014079808,0.150611099,28.430094624,0.000000000,0.157050940,0.077964692,6.349385826,0.450640981,32.475288796,0,24,23,1,0.029887920,2,0,0,0,0,0,777,2,21842,88794,24725,135,2927,1586319
2206,1517157460.330578089,1517157460.431416273,1,0,0,1,67.126573721,27.139581746,-2.115370342,0.047253831,0.004163816,0.976709366,-0.209257144,815,274,0.336196319,0.035892102,0.026771259,0.014899173,0.145091857,29.255663269,0.000000000,0.155482328,0.077966438,6.426198661,0.444998407,32.275813941,0,18,18,0,0.022085890,2,0,0,0,0,0,793,4,21843,88812,24727,135,2927,1587112
2207,1517157460.431437969,1517157460.532277346,1,0,0,1,66.836293025,26.997065296,-2.106345083,0.043048166,0.005420421,0.976338923,-0.211848489,822,280,0.340632603,0.037563507,0.025962648,0.016874755,0.166566605,34.212578039,0.000000000,0.156477245,0.078973641,6.492894005,0.413398285,32.387974376,0,19,18,1,0.023114355,4,0,0,0,0,0,799,4,21845,88831,24731,135,2927,1587911
2208,1517157460.532298088,1517157460.633137226,1,0,0,1,66.557831830,26.863906401,-2.104086819,0.048746346,0.008049525,0.975960068,-0.212275634,836,294,0.351674641,0.035936847,0.026288722,0.016428430,0.220616509,26.109192736,0.000000000,0.159208830,0.078635687,6.538528512,0.350657776,32.167234051,0,30,27,3,0.035885167,3,0,0,0,0,0,802,4,21848,88861,24734,135,2927,1588713
2209,1517157460.633157969,1517157460.733997345,1,0,0,1,66.278622168,26.720460436,-2.103003152,0.044073322,0.010682151,0.975993867,-0.213024423,789,280,0.354879594,0.031545230,0.025324027,0.014192865,0.142188560,31.008172988,0.000000000,0.158647912,0.081954650,6.588806848,0.281910838,32.015565493,0,15,15,0,0.019011407,1,0,0,0,0,0,773,1,21850,88876,24735,135,2927,1589486
2210,1517157460.734018087,1517157460.834857225,1,0,0,1,66.005617530,26.582108526,-2.090961648,0.038594344,0.009367611,0.976226643,-0.213082768,811,273,0.336621455,0.036368309,0.027417420,0.015191861,0.220412891,29.668738456,0.000000000,0.161483591,0.082132910,6.630837132,0.267623182,31.867305309,0,16,14,2,0.019728730,3,0,0,0,0,0,791,4,21854,88892,24738,135,2927,1590277
2211,1517157460.834877968,1517157460.935717344,1,0,0,1,65.724816406,26.445226083,-2.082163860,0.043152220,0.010599548,0.975350983,-0.216138835,827,270,0.326481258,0.032802685,0.021448993,0.014574108,0.199632503,28.424296922,0.000000000,0.163214184,0.080120650,6.682960415,0.267529641,31.845824755,0,15,15,0,0.018137848,1,0,0,0,0,0,810,2,21853,88907,24739,135,2927,1591087
2212,1517157460.935738087,1517157461.036515236,1,0,0,1,65.445331091,26.311233205,-2.077673422,0.045465799,0.012600235,0.975154037,-0.216445601,818,277,0.338630807,0.037236349,0.026512622,0.017104128,0.202908556,28.902693890,0.000000000,0.164384686,0.079988688,6.726821814,0.251926075,31.642240610,0,19,18,1,0.023227384,3,0,0,0,0,0,796,3,21853,88926,24742,135,2927,1591883
2213,1517157461.036535978,1517157461.137375355,1,0,0,1,65.160512647,26.174149637,-2.059070462,0.047081035,0.008164669,0.974643909,-0.218600012,826,277,0.335351090,0.034302053,0.027115753,0.016483581,0.220960392,25.192734064,0.000000000,0.167502275,0.079008525,6.777584332,0.230893214,31.281788818,0,20,17,3,0.024213075,4,0,0,0,0,0,801,5,21854,88946,24746,135,2927,1592684
2214,1517157461.137396097,1517157461.238235235,1,0,0,1,64.869172805,26.032893189,-2.051436622,0.051666984,0.012326955,0.974549868,-0.217786876,835,255,0.305389222,0.031979646,0.022642741,0.013232644,0.135404859,30.413028504,0.000000000,0.162755581,0.068614008,6.554503855,0.210866698,31.303206621,0,17,16,1,0.020359281,6,0,0,0,0,0,809,9,21856,88963,24752,135,2927,1593493
2215,1517157461.238255978,1517157461.339095354,1,0,0,1,64.581261114,25.893226113,-2.036598719,0.051928619,0.008017888,0.975116866,-0.215374627,823,256,0.311057108,0.037549403,0.031795901,0.018796707,0.172921377,28.277706506,0.000000000,0.165317393,0.065942999,6.570800640,0.165909316,31.015867087,0,23,22,1,0.027946537,5,0,0,0,0,0,792,8,21860,88986,24757,135,2927,1594285
2216,1517157461.339116096,1517157461.439955235,1,0,0,1,64.287990423,25.758250155,-2.026156190,0.047286588,0.002661124,0.982503940,-0.180119143,814,260,0.319410319,0.036762644,0.028868599,0.018802959,0.202669748,28.397062209,0.000000000,0.169658512,0.066698138,6.597745335,0.182935820,30.450744794,0,34,34,0,0.041769042,4,0,0,0,0,0,776,4,21861,89020,24761,135,2927,1595061
2217,1517157461.439975977,1517157461.540815353,1,0,0,1,63.988171846,25.636564842,-2.013269801,0.047986228,-0.011755596,0.987148775,-0.151975079,842,291,0.345605701,0.033104178,0.023183234,0.015868965,0.217404028,25.589129037,0.000000000,0.172766946,0.064939084,6.327694387,0.204511356,30.220434676,0,26,26,0,0.030878860,6,0,0,0,0,0,810,6,21864,89046,24767,135,2927,1595871
2218,1517157461.540836096,1517157461.641675234,1,0,0,1,63.672697863,25.528357291,-2.001142073,0.043241743,-0.014540067,0.990995372,-0.125884516,871,267,0.306544202,0.034880734,0.024419065,0.017508663,0.180123919,32.741550921,0.000000000,0.174593396,0.060350423,6.352722933,0.238634473,29.823312981,0,36,36,0,0.041331803,4,0,0,0,0,0,830,5,21869,89082,24771,135,2927,1596701
2219,1517157461.641695976,1517157461.742535353,1,0,0,1,63.372955818,25.446422721,-1.985741367,0.044775683,-0.003309166,0.992461277,-0.114038593,907,284,0.313120176,0.041586436,0.027289000,0.016629944,0.167729437,31.048949584,0.000000000,0.173449366,0.073019739,6.361636844,0.255401353,29.889731835,0,30,28,2,0.033076075,5,0,0,0,0,0,872,5,21876,89112,24776,135,2927,1597573
2220,1517157461.742556095,1517157461.843395233,1,0,0,1,63.058052981,25.360864683,-1.971725408,0.044689631,0.001039827,0.991470469,-0.122425748,859,291,0.338766007,0.033281744,0.024451022,0.014708285,0.230102601,26.890774021,0.000000000,0.177297299,0.074097296,6.382855544,0.261945773,29.572853491,0,28,28,0,0.032596042,2,0,0,0,0,0,828,3,21875,89140,24778,135,2927,1598401
2221,1517157461.843415976,1517157461.944255352,1,0,0,1,62.745722576,25.273057539,-1.958692619,0.040502527,0.003026939,0.990766273,-0.129354456,848,268,0.316037736,0.035018534,0.024818025,0.015648992,0.171870471,29.922793570,0.000000000,0.178750869,0.072172884,6.394260654,0.269271725,29.536106247,0,30,28,2,0.035377358,2,0,0,0,0,0,814,4,21885,89170,24780,135,2927,1599215
2222,1517157461.944276094,1517157462.045054197,1,0,0,1,62.440069863,25.180138052,-1.954275365,0.035164121,0.003908818,0.990584197,-0.132254125,850,272,0.320000000,0.034858034,0.025444904,0.018153232,0.174703748,35.359355977,0.000000000,0.181444914,0.066913501,6.056944549,0.272517181,29.685570770,0,30,30,0,0.035294118,6,0,0,0,0,0,813,7,21889,89200,24786,135,2927,1600028
2223,1517157462.145935059,1517157462.246774197,1,0,0,1,61.842102283,24.998209464,-1.938509779,0.035841682,0.024510690,0.986565920,-0.157487414,823,270,0.328068044,0.040340317,0.027121656,0.019186582,0.186350034,30.529315645,0.000000000,0.181827035,0.073290955,6.368010770,0.320806755,29.645437927,0,22,21,1,0.026731470,5,0,0,0,0,0,795,6,21893,89222,24791,135,2927,1600823
2224,1517157462.246794939,1517157462.347634315,1,0,0,1,61.548997067,24.893538095,-1.927857926,0.036369565,0.023286482,0.982232718,-0.182630453,821,266,0.323995128,0.039036998,0.025861211,0.017711158,0.175768132,29.688326658,0.000000000,0.184201866,0.076147829,6.354827870,0.367918716,29.503107881,0,20,19,1,0.024360536,9,0,0,0,0,0,791,10,21898,89242,24800,135,2927,1601614
2225,1517157462.347655058,1517157462.448494196,1,0,0,1,61.267529515,24.791526587,-1.914157233,0.035634314,0.023121930,0.979185313,-0.198473413,834,285,0.341726619,0.036772752,0.024603186,0.018763946,0.202593366,30.128015057,0.000000000,0.186800980,0.072455953,6.334566376,0.399957979,29.588003903,0,22,19,3,0.026378897,4,0,0,0,0,0,806,6,21901,89264,24804,135,2927,1602420
2226,1517157462.448515892,1517157462.549354315,1,0,0,1,60.985888803,24.660162051,-1.907341424,0.040521714,0.015204344,0.977989245,-0.204117260,829,276,0.332931242,0.033160279,0.021967850,0.015278236,0.188191375,26.089734681,0.000000000,0.188955956,0.074546729,6.321906656,0.407166063,29.429707473,0,20,20,0,0.024125452,3,0,0,0,0,0,805,4,21903,89284,24807,135,2927,1603225
2227,1517157462.549376011,1517157462.650215387,1,0,0,1,60.704201194,24.536396259,-1.900119839,0.043057615,0.005024606,0.980584947,-0.191243189,793,272,0.343001261,0.033928757,0.025810677,0.015493916,0.188707431,29.923798534,0.000000000,0.190062997,0.074672675,6.320999831,0.431691111,29.215268498,0,30,29,1,0.037831021,3,0,0,0,0,0,760,3,21905,89314,24810,135,2927,1603985
2228,1517157462.650235891,1517157462.751075268,1,0,0,1,60.418731961,24.422396644,-1.888376734,0.044938430,0.009270428,0.982791505,-0.178928627,801,261,0.325842697,0.037411260,0.027158206,0.019419775,0.185636628,31.689596436,0.000000000,0.188314003,0.075383236,6.314709659,0.456013971,29.494288683,0,25,21,4,0.031210986,2,0,0,0,0,0,773,3,21910,89339,24812,135,2927,1604758
2229,1517157462.751096010,1517157462.851935387,1,0,0,1,60.133026857,24.303561108,-1.872391498,0.040436706,0.010180443,0.981894545,-0.184781853,783,271,0.346104725,0.035075284,0.026195280,0.019141631,0.213168760,28.028993887,0.000000000,0.191863013,0.070510550,6.318259219,0.467714639,29.345329728,0,24,24,0,0.030651341,2,0,0,0,0,0,757,2,21913,89363,24814,135,2927,1605515
2230,1517157462.851955891,1517157462.952795267,1,0,0,1,59.843536396,24.185749141,-1.860760761,0.044564466,0.006469394,0.980730070,-0.190107035,779,269,0.345314506,0.033133237,0.022836563,0.015251660,0.210204071,27.305873630,0.000000000,0.191352572,0.072505863,6.318509007,0.472692080,29.227186487,0,20,19,1,0.025673941,3,0,0,0,0,0,755,4,21915,89383,24817,135,2927,1606270
2231,1517157462.952816010,1517157463.053595304,1,0,0,1,59.558171310,24.067522235,-1.847553059,0.045517183,0.003635182,0.979610023,-0.195650644,782,258,0.329923274,0.033620606,0.021041195,0.015662217,0.206343395,37.763055581,0.000000000,0.191688116,0.071339535,6.317699796,0.483766240,29.694124420,0,20,19,1,0.025575448,2,0,0,0,0,0,760,2,21917,89403,24819,135,2927,1607030
2232,1517157463.053616047,1517157463.154455185,1,0,0,1,59.270068880,23.938507701,-1.837071462,0.045630060,0.009589304,0.979462010,-0.196163487,778,282,0.362467866,0.030901597,0.021030482,0.015024511,0.179223155,32.423465217,0.000000000,0.190503846,0.076835990,6.316906261,0.479414104,29.870162986,0,17,17,0,0.021850900,1,0,0,0,0,0,760,1,21918,89420,24820,135,2927,1607790
2233,1517157463.255336046,1517157463.356175184,1,0,0,1,58.704205663,23.685032692,-1.811347612,0.050001235,0.008143757,0.979118370,-0.196877561,754,261,0.346153846,0.033795164,0.024269986,0.016417150,0.174508935,25.960153318,0.000000000,0.188181274,0.077227200,6.613612447,0.479330016,29.908533949,0,13,13,0,0.017241379,2,0,0,0,0,0,739,2,21918,89433,24822,135,2927,1608529
2234,1517157463.356195927,1517157463.457035303,1,0,0,1,58.408633173,23.551347841,-1.808118551,0.043459050,0.008985505,0.978959769,-0.199169129,774,283,0.365633075,0.029652235,0.019060048,0.013078917,0.166862800,29.197521045,0.000000000,0.189754171,0.082686551,6.617683683,0.479161355,29.847758576,0,18,18,0,0.023255814,1,0,0,0,0,0,755,1,21921,89451,24823,135,2927,1609284
2235,1517157463.457056046,1517157463.557895184,1,0,0,1,58.106226744,23.421715857,-1.796048242,0.048642117,0.011645501,0.978338164,-0.200879971,766,245,0.319843342,0.034498020,0.025470242,0.018181250,0.188358602,29.980336059,0.000000000,0.190526032,0.081679013,6.623915238,0.410684013,29.932890053,0,22,20,2,0.028720627,1,0,0,0,0,0,743,1,21925,89473,24824,135,2927,1610027
2236,1517157463.557915926,1517157463.658755302,1,0,0,1,57.817382309,23.285559747,-1.788025646,0.047175995,0.011654359,0.978266386,-0.201577478,789,271,0.343472750,0.032463494,0.023588933,0.016789703,0.155966204,38.070439327,0.000000000,0.188190855,0.082871231,6.619514814,0.356117774,30.416558909,0,20,20,0,0.025348542,4,0,0,0,0,0,763,6,21925,89493,24828,135,2927,1610790
2237,1517157463.658776045,1517157463.759615183,1,0,0,1,57.517268644,23.148575894,-1.775568281,0.046445919,0.014150439,0.978279309,-0.201524530,795,253,0.318238994,0.030969429,0.021289365,0.015387559,0.150915812,37.613119334,0.000000000,0.184866444,0.085990875,6.615911972,0.303576344,31.017758424,0,16,14,2,0.020125786,5,0,0,0,0,0,771,8,21927,89509,24833,135,2927,1611561
2238,1517157463.759635925,1517157463.860475302,1,0,0,1,57.207048032,23.007983622,-1.766517699,0.047824101,0.010197586,0.977960368,-0.202983702,799,258,0.322903630,0.031688126,0.022657308,0.015091200,0.189769515,37.766720583,0.000000000,0.185348724,0.088459577,6.645504204,0.282185828,31.269016907,0,22,21,1,0.027534418,1,0,0,0,0,0,774,3,21934,89531,24834,135,2927,1612335
2239,1517157463.860496044,1517157463.961335182,1,0,0,1,56.897564785,22.870257005,-1.751701892,0.051254751,0.011823456,0.977519822,-0.204176770,800,297,0.371250000,0.032405973,0.022355762,0.014914013,0.175492928,32.540338438,0.000000000,0.185736898,0.077021738,6.657953842,0.268053923,31.343586350,0,15,12,3,0.018750000,0,0,0,0,0,0,783,2,21937,89546,24834,135,2927,1613118
2240,1517157463.961355925,1517157464.062134266,1,0,0,1,56.590779612,22.730744229,-1.753481697,0.048242769,0.007950542,0.977311145,-0.206088207,806,261,0.323821340,0.038852226,0.027385482,0.019738327,0.179164328,38.100827230,0.000000000,0.183189985,0.081839805,6.670276067,0.258492492,31.904089010,0,19,18,1,0.023573201,2,0,0,0,0,0,784,3,21941,89565,24836,135,2927,1613902
2241,1517157464.062155008,1517157464.162994385,1,0,0,1,56.276633659,22.583937517,-1.738987375,0.049762599,0.009731345,0.976832457,-0.207911846,775,242,0.312258065,0.028626719,0.018285393,0.013135686,0.190794830,29.137187522,0.000000000,0.184136202,0.090247448,6.697839995,0.256461844,31.864808708,0,17,14,3,0.021935484,1,0,0,0,0,0,755,3,21948,89582,24837,135,2927,1614657
2242,1517157464.163014889,1517157464.263854265,1,0,0,1,55.961448308,22.438528513,-1.727886019,0.052626654,0.008096601,0.976538786,-0.208654932,793,252,0.317780580,0.033019353,0.020961022,0.014674971,0.204448439,28.522772396,0.000000000,0.185623437,0.090557601,6.419898416,0.208659853,31.522979529,0,16,12,4,0.020176545,1,0,0,0,0,0,774,3,21953,89598,24838,135,2927,1615431
2243,1517157464.263875008,1517157464.364714384,1,0,0,1,55.637777422,22.287797157,-1.722356835,0.045297189,0.012693878,0.976597983,-0.209865219,803,267,0.332503113,0.034196289,0.024038804,0.017532553,0.201676753,34.615604095,0.000000000,0.186389773,0.080485290,6.465572057,0.159169045,31.727293951,0,27,26,1,0.033623910,3,0,0,0,0,0,770,6,21957,89625,24841,135,2927,1616201
2244,1517157464.364734888,1517157464.465574265,1,0,0,1,55.317008805,22.139531029,-1.707114692,0.048478768,0.007355411,0.976286392,-0.210856795,807,270,0.334572491,0.034650226,0.020626465,0.015394889,0.191473293,34.951473948,0.000000000,0.187175031,0.072604643,6.519581110,0.129448169,31.990451316,0,17,16,1,0.021065675,2,0,0,0,0,0,786,4,21959,89642,24843,135,2927,1616987
2245,1517157464.465595007,1517157464.566434383,1,0,0,1,54.992708035,21.982733206,-1.701309797,0.044221098,0.002070926,0.975829491,-0.214002361,806,275,0.341191067,0.036472447,0.025691084,0.018102839,0.199339086,23.506185314,0.000000000,0.187012317,0.072044824,6.569000283,0.123932764,31.659359829,0,26,25,1,0.032258065,2,0,0,0,0,0,778,2,21960,89668,24845,135,2927,1617765
2246,1517157464.566454887,1517157464.667294264,1,0,0,1,54.667625979,21.821028411,-1.681357053,0.050381299,0.004388791,0.975420719,-0.214468841,805,271,0.336645963,0.036718225,0.023334243,0.016092968,0.201151471,34.478604085,0.000000000,0.187660322,0.074728859,6.624864750,0.099589618,32.078803299,0,23,22,1,0.028571429,2,0,0,0,0,0,780,2,21963,89691,24847,135,2927,1618545
2247,1517157464.667315006,1517157464.768154383,1,0,0,1,54.347699971,21.651327409,-1.672526904,0.049044129,-0.003521057,0.978239249,-0.201569458,814,269,0.330466830,0.037916569,0.023410825,0.016071804,0.208617891,43.607095480,0.000000000,0.188655845,0.079329331,6.679506056,0.099987966,32.762968146,0,16,15,1,0.019656020,2,0,0,0,0,0,793,5,21965,89707,24849,135,2927,1619338
2248,1517157464.768176079,1517157464.869014263,1,0,0,1,54.021783513,21.501369544,-1.655980428,0.047254498,-0.014437072,0.984887461,-0.165997809,807,259,0.320941760,0.037790181,0.024663174,0.017007977,0.186779200,27.780410195,0.000000000,0.188712973,0.080072254,6.728801206,0.160027257,32.567508834,0,23,23,0,0.028500620,3,0,0,0,0,0,780,4,21964,89730,24852,135,2927,1620118
2249,1517157464.969896078,1517157465.070673227,1,0,0,1,53.347188168,21.271402412,-1.624355199,0.040025739,-0.016136148,0.992972019,-0.110200424,875,282,0.322285714,0.041851317,0.026485929,0.018490130,0.214064196,30.030236920,0.000000000,0.188757745,0.094241500,7.129456929,0.262011830,32.667570986,0,43,40,3,0.049142857,6,0,0,0,0,0,826,6,21967,89773,24858,135,2927,1620944
2250,1517157465.070693970,1517157465.171533346,1,0,0,1,52.995736580,21.195530698,-1.608516479,0.042448518,-0.008244226,0.994340652,-0.097040317,892,280,0.313901345,0.038605696,0.026981368,0.019197719,0.160866706,29.748439683,0.000000000,0.186290877,0.097294351,7.180184895,0.277414775,32.789699288,0,42,40,2,0.047085202,3,0,0,0,0,0,846,4,21977,89815,24861,135,2927,1621790
2251,1517157465.171554089,1517157465.272393227,1,0,0,1,52.649194837,21.115150240,-1.590672372,0.042027936,0.001707674,0.993496147,-0.105811826,871,302,0.346727899,0.038095846,0.024067848,0.016613198,0.195746091,26.815007271,0.000000000,0.185761012,0.099161607,7.220529600,0.293724832,32.242296873,0,20,18,2,0.022962113,4,0,0,0,0,0,847,4,21980,89835,24865,135,2927,1622637
2252,1517157465.272413969,1517157465.373253345,1,0,0,1,52.313606117,21.043396718,-1.569069570,0.038195450,0.011007966,0.992281469,-0.117462416,849,254,0.299175501,0.037168713,0.026890883,0.016524528,0.212916781,26.822087210,0.000000000,0.187445693,0.096218081,6.943808509,0.314663247,31.962227973,0,32,25,7,0.037691402,3,0,0,0,0,0,812,5,21990,89867,24868,135,2927,1623449
2253,1517157465.474133968,1517157465.574973345,1,0,0,1,51.644511717,20.837918060,-1.557381365,0.023522537,0.022098377,0.978844022,-0.202046361,875,276,0.315428571,0.037247645,0.024636393,0.016311309,0.254252525,32.937976993,0.000000000,0.191432873,0.096419361,7.319425834,0.481336100,32.311119156,0,15,14,1,0.017142857,0,0,0,0,0,0,857,3,21994,89882,24868,135,2927,1624306
2254,1517157465.574994087,1517157465.675833225,1,0,0,1,51.344696893,20.707699819,-1.555797716,0.029547983,0.026556303,0.977654837,-0.206428436,878,292,0.332574032,0.032862683,0.023325138,0.016820839,0.226581737,27.265221979,0.000000000,0.194418819,0.090501420,7.317061068,0.486512098,32.214504203,0,15,14,1,0.017084282,2,0,0,0,0,0,859,4,21999,89897,24870,135,2927,1625165
2255,1517157465.776714087,1517157465.877553225,1,0,0,1,50.749137685,20.437230182,-1.522162609,0.037236517,0.014801982,0.978627798,-0.201697735,839,272,0.324195471,0.035363610,0.023342520,0.014481729,0.200289036,30.672928546,0.000000000,0.195015341,0.090238821,7.652596054,0.493985576,32.249133827,0,24,23,1,0.028605483,3,0,0,0,0,0,810,5,22002,89921,24873,135,2927,1625975
2256,1517157465.877573967,1517157465.978413343,1,0,0,1,50.439153381,20.302760555,-1.514116738,0.031748223,0.015879554,0.979448799,-0.198544555,839,257,0.306317044,0.033691159,0.022543338,0.015160945,0.187775386,25.744926042,0.000000000,0.196605800,0.088822755,7.660452559,0.500220637,31.632858163,0,23,22,1,0.027413588,4,0,0,0,0,0,812,4,22004,89944,24877,135,2927,1626787
2257,1517157465.978434086,1517157466.079212189,1,0,0,1,50.138253535,20.165837804,-1.501565762,0.040138214,0.010012825,0.979636102,-0.196473346,829,256,0.308805790,0.036604025,0.024184707,0.016439722,0.172749312,28.644974196,0.000000000,0.197697475,0.083577961,7.650566540,0.500481642,31.184450906,0,24,23,1,0.028950543,5,0,0,0,0,0,799,6,22004,89968,24882,135,2927,1627586
2258,1517157466.079232931,1517157466.180072308,1,0,0,1,49.842739937,20.027890070,-1.495239237,0.041031007,0.013951627,0.978667716,-0.200826565,821,228,0.277710110,0.037732862,0.025657427,0.017171969,0.198726695,26.676198109,0.000000000,0.198145334,0.079625998,7.637684104,0.506669942,30.629924783,0,17,16,1,0.020706456,3,0,0,0,0,0,801,3,22009,89985,24885,135,2927,1628387
2259,1517157466.180093050,1517157466.280932188,1,0,0,1,49.542159172,19.890031461,-1.483492655,0.039415791,0.013613504,0.978616592,-0.201421532,803,256,0.318804483,0.035156186,0.024428998,0.015541149,0.207072642,25.541868759,0.000000000,0.199724320,0.076233426,7.631557078,0.503716572,30.280001299,0,29,29,0,0.036114570,2,0,0,0,0,0,771,3,22010,90014,24887,135,2927,1629158
2260,1517157466.280952930,1517157466.381792307,1,0,0,1,49.245827827,19.759673998,-1.482571331,0.045116086,0.013905374,0.978055714,-0.202924122,807,245,0.303593556,0.037757804,0.025276269,0.016586242,0.180949779,28.912315767,0.000000000,0.199813592,0.075127063,7.608235871,0.503273212,29.820575725,0,18,16,2,0.022304833,5,0,0,0,0,0,784,5,22012,90032,24892,135,2927,1629942
2261,1517157466.381813049,1517157466.482652187,1,0,0,1,48.942059818,19.619675796,-1.465998697,0.042056046,0.014835273,0.978535233,-0.201196427,807,242,0.299876084,0.036798968,0.030259454,0.017883051,0.195657477,38.145394567,0.000000000,0.200056725,0.057688706,7.595834835,0.505150971,30.270986078,0,21,21,0,0.026022305,3,0,0,0,0,0,780,6,22012,90053,24895,135,2927,1630722
2262,1517157466.482672930,1517157466.583512306,1,0,0,1,48.631592589,19.484428154,-1.459047725,0.042892770,0.011092008,0.978454830,-0.201651488,816,277,0.339460784,0.041080886,0.029084492,0.018947222,0.157260128,30.023616655,0.000000000,0.197697309,0.058915709,7.577463092,0.504674558,30.346028291,0,27,24,3,0.033088235,6,0,0,0,0,0,782,7,22018,90080,24901,135,2927,1631504
2263,1517157466.684392929,1517157466.785232306,1,0,0,1,48.009544114,19.218454296,-1.452465955,0.048989623,0.010122515,0.977853362,-0.203224884,817,236,0.288861689,0.044554147,0.029720965,0.019090999,0.208867823,36.187896582,0.000000000,0.198056863,0.070887780,7.900314714,0.505560633,30.424642915,0,28,27,1,0.034271726,3,0,0,0,0,0,783,6,22024,90108,24904,135,2927,1632287
2264,1517157466.785253048,1517157466.886092186,1,0,0,1,47.682199672,19.065653301,-1.436589614,0.048944226,0.011419490,0.977613502,-0.204318132,836,245,0.293062201,0.038940550,0.028545830,0.015766855,0.184418081,31.336985052,0.000000000,0.197704102,0.068922649,7.901650620,0.500976629,30.243918470,0,25,23,2,0.029904306,5,0,0,0,0,0,803,8,22034,90133,24909,135,2927,1633090
2265,1517157466.886112928,1517157466.986952305,1,0,0,1,47.358934698,18.919210317,-1.416366051,0.050822743,-0.000512061,0.977376003,-0.205311801,821,241,0.293544458,0.038372242,0.028955039,0.017573727,0.211279653,33.415863957,0.000000000,0.198301130,0.068510059,7.893487386,0.503138009,30.739402402,0,24,22,2,0.029232643,5,0,0,0,0,0,790,7,22039,90157,24914,135,2927,1633880
2266,1517157466.986973047,1517157467.087750196,1,0,0,1,47.047056273,18.769246088,-1.407560546,0.046643150,0.006786957,0.977009168,-0.207921713,850,262,0.308235294,0.043808203,0.031359231,0.018912941,0.278823374,31.126610668,0.000000000,0.202184726,0.075935853,7.877403744,0.481771142,30.571802731,0,28,25,3,0.032941176,8,0,0,0,0,0,811,11,22044,90185,24922,135,2927,1634691
2267,1517157467.087770939,1517157467.188610315,1,0,0,1,46.726282943,18.613153272,-1.390843452,0.048518053,0.006104467,0.977188504,-0.206667274,830,260,0.313253012,0.033220772,0.020978255,0.015399371,0.230983469,26.607245507,0.000000000,0.203303004,0.081363629,7.875389518,0.412418857,29.721810233,0,20,20,0,0.024096386,1,0,0,0,0,0,807,3,22046,90205,24923,135,2927,1635498
2268,1517157467.188632011,1517157467.289470196,1,0,0,1,46.402908692,18.458227625,-1.377811614,0.050624760,0.007314756,0.976932326,-0.207332725,840,255,0.303571429,0.037067389,0.025259891,0.015528634,0.203889363,43.509315502,0.000000000,0.204158513,0.081561937,7.520779765,0.300478362,30.508255498,0,19,17,2,0.022619048,4,0,0,0,0,0,815,6,22049,90224,24927,135,2927,1636313
2269,1517157467.289491892,1517157467.390331268,1,0,0,1,46.076667273,18.309415259,-1.362394693,0.047335868,0.006298363,0.977054553,-0.207566970,842,246,0.292161520,0.035260670,0.022945902,0.016478395,0.203582471,27.127866329,0.000000000,0.203634426,0.079606458,7.519792942,0.273873150,30.363136969,0,23,20,3,0.027315914,2,0,0,0,0,0,816,3,22056,90247,24929,135,2927,1637129
2270,1517157467.390352011,1517157467.491191387,1,0,0,1,45.754978840,18.151066537,-1.357083063,0.047785351,0.014269411,0.976557150,-0.209401711,834,268,0.321342926,0.036099749,0.024216670,0.016054990,0.260527803,35.531718163,0.000000000,0.208617481,0.079934420,7.522192804,0.260082925,30.652300893,0,22,19,3,0.026378897,2,0,0,0,0,0,806,6,22061,90269,24931,135,2927,1637935
2271,1517157467.692931890,1517157467.793771267,1,0,0,1,44.774885317,17.685936951,-1.319777772,0.045279921,0.006777584,0.977161929,-0.207505077,849,265,0.312131920,0.036518752,0.023943857,0.017181445,0.178073746,36.061062312,0.000000000,0.207733864,0.080101777,8.263844319,0.240694132,31.114603645,0,31,28,3,0.036513545,4,0,0,0,0,0,809,9,22070,90300,24935,135,2927,1638744
2272,1517157467.793792009,1517157467.894631386,1,0,0,1,44.434516072,17.510833301,-1.294955865,0.037311272,-0.003213341,0.984849672,-0.169318242,846,266,0.314420804,0.042353244,0.029222462,0.018280834,0.211581652,36.433589534,0.000000000,0.207667108,0.084847543,7.947385396,0.147205738,31.595178761,0,25,23,2,0.029550827,6,0,0,0,0,0,813,8,22076,90325,24941,135,2927,1639557
2273,1517157467.894651890,1517157467.995491266,1,0,0,1,44.096813092,17.376819654,-1.283695348,0.028910980,-0.022626362,0.993442286,-0.108280322,982,308,0.313645621,0.041925107,0.026262726,0.018618993,0.257742005,34.142166053,0.000000000,0.207841582,0.088024280,7.984005499,0.261299040,31.655388214,0,51,48,3,0.051934827,9,0,0,0,0,0,917,14,22093,90376,24950,135,2927,1640474
2274,1517157467.995512009,1517157468.096290350,1,0,0,1,43.754188448,17.284277942,-1.273413942,0.026428059,-0.027272848,0.996611590,-0.072959500,1055,338,0.320379147,0.047986929,0.033297612,0.019935214,0.173701205,40.539824641,0.000000000,0.205197555,0.098894134,7.684094124,0.323356731,32.319118347,0,64,58,6,0.060663507,13,0,0,0,0,0,975,16,22123,90440,24963,135,2927,1641449
2275,1517157468.096311092,1517157468.197150230,1,0,0,1,43.399290569,17.219083043,-1.269939491,0.028995848,-0.026186531,0.997785329,-0.053832549,997,345,0.346038114,0.051918901,0.036223519,0.025789915,0.274027118,30.098769148,0.000000000,0.208884459,0.120056112,7.706957441,0.355008653,32.290410377,0,53,50,3,0.053159478,24,0,0,0,0,0,920,24,22137,90493,24987,135,2927,1642369
2276,1517157468.197170973,1517157468.298010349,1,0,0,1,43.038867115,17.171674135,-1.268183173,0.031959445,-0.019398240,0.997743015,-0.055777935,992,303,0.305443548,0.048810073,0.036911265,0.024918458,0.342642847,28.561017596,0.000000000,0.216627832,0.123749762,7.739663406,0.355017315,32.431214955,0,65,57,8,0.065524194,8,0,0,0,0,0,914,13,22168,90558,24995,135,2927,1643283
2277,1517157468.298031092,1517157468.398870230,1,0,0,1,42.681233291,17.124401489,-1.269265502,0.032860727,-0.014957247,0.997456003,-0.061465239,962,309,0.321205821,0.052860787,0.039614209,0.021508070,0.619893462,29.878672240,0.000000000,0.238985040,0.137177857,7.774222722,0.357572461,32.492899857,0,54,50,4,0.056133056,17,0,0,0,0,0,886,22,22193,90612,25012,135,2927,1644169
2278,1517157468.499751091,1517157468.600590229,1,0,0,1,41.999046975,17.020648064,-1.247931761,-0.005056216,0.023149432,0.989636993,-0.141623306,899,259,0.288097887,0.035635930,0.024712717,0.017027016,0.275546665,21.471692375,0.000000000,0.242826038,0.139428364,8.133688135,0.516557398,32.232674570,0,26,23,3,0.028921023,3,0,0,0,0,0,869,4,22201,90638,25015,135,2927,1645038
2279,1517157468.701471090,1517157468.802310228,1,0,0,1,41.432762079,16.841794205,-1.220428205,-0.005101758,0.015576265,0.987232991,-0.158437288,881,269,0.305334847,0.033054615,0.023585649,0.016327786,0.308715897,31.859070361,0.000000000,0.247908201,0.142773251,8.404444822,0.547335028,32.548534650,0,11,11,0,0.012485812,1,0,0,0,0,0,867,3,22201,90649,25016,135,2927,1645905
2280,1517157468.802330971,1517157468.903170347,1,0,0,1,41.197354545,16.746077488,-1.219144557,0.003295942,0.016801762,0.986090976,-0.165322187,870,270,0.310344828,0.034104823,0.021706061,0.015588847,0.298828611,28.660372296,0.000000000,0.253802142,0.147001388,8.323684089,0.557319245,32.535937477,0,13,12,1,0.014942529,2,0,0,0,0,0,852,5,22202,90662,25018,135,2927,1646757
2281,1517157468.903191090,1517157469.003969193,1,0,0,1,40.940323901,16.647949291,-1.215896572,0.009140631,0.016693138,0.984546704,-0.174084969,847,238,0.280991736,0.031112484,0.022566212,0.015390485,0.290801311,23.730049247,0.000000000,0.258559334,0.155471439,8.260110115,0.573690787,31.815170211,0,12,10,2,0.014167651,2,0,0,0,0,0,830,5,22204,90674,25020,135,2927,1647587
2282,1517157469.003989935,1517157469.104829311,1,0,0,1,40.695743311,16.541707080,-1.206481844,0.010832210,0.015882749,0.982546587,-0.185020554,835,223,0.267065868,0.033558660,0.020792925,0.014539905,0.220671015,25.858584450,0.000000000,0.261729878,0.160998936,7.850378102,0.592382115,31.606918601,0,8,6,2,0.009580838,0,0,0,0,0,0,827,0,22206,90682,25020,135,2927,1648414
2283,1517157469.205709934,1517157469.306549311,1,0,0,1,40.198352651,16.345655125,-1.187616876,0.014945073,0.006719402,0.978100463,-0.207487299,831,233,0.280385078,0.035649237,0.023872864,0.015422080,0.254963913,26.033683600,0.000000000,0.264034683,0.161995090,8.023745098,0.636335993,31.099207952,0,13,13,0,0.015643803,2,0,0,0,0,0,815,3,22206,90695,25022,135,2927,1649229
2284,1517157469.306570053,1517157469.407409191,1,0,0,1,39.968393989,16.247526875,-1.185883333,0.021718737,0.009314260,0.975469875,-0.218860831,853,248,0.290738570,0.036064979,0.026204970,0.017118726,0.265504081,23.044854228,0.000000000,0.268088983,0.163639005,7.918307206,0.656341371,30.684601410,0,24,21,3,0.028135991,2,0,0,0,0,0,821,8,22210,90719,25024,135,2927,1650050
2285,1517157469.407430887,1517157469.508269310,1,0,0,1,39.741013061,16.132597660,-1.186235827,0.026064006,0.002596797,0.976364865,-0.214535718,849,231,0.272084806,0.040268305,0.026276334,0.018640326,0.261429397,25.694800513,0.000000000,0.270596470,0.163246286,7.826911588,0.660352929,30.298548238,0,31,30,1,0.036513545,3,0,0,0,0,0,809,9,22217,90750,25027,135,2927,1650859
2286,1517157469.508291006,1517157469.609129190,1,0,0,1,39.523177047,16.018009988,-1.179692444,0.029532934,0.002314193,0.978136401,-0.205843707,843,240,0.284697509,0.037034695,0.026434192,0.017980972,0.203015227,28.427185006,0.000000000,0.266806063,0.162997771,7.716007044,0.675611421,30.163576955,0,16,14,2,0.018979834,4,0,0,0,0,0,818,9,22219,90766,25031,135,2927,1651677
2287,1517157469.609150887,1517157469.709990263,1,0,0,1,39.303726515,15.906045202,-1.168298487,0.032291573,0.006743843,0.978929010,-0.201518653,848,238,0.280660377,0.046089674,0.030344492,0.016974487,0.246612147,29.818527450,0.000000000,0.267587497,0.161137845,7.603825904,0.683282351,30.324141052,0,48,46,2,0.056603774,3,0,0,0,0,0,794,6,22218,90814,25034,135,2927,1652471
2288,1517157469.710011005,1517157469.810850382,1,0,0,1,39.062520584,15.793184168,-1.153518312,0.039849662,0.005283533,0.978593792,-0.201837259,845,215,0.254437870,0.035877624,0.027008095,0.019125484,0.312962496,23.704151743,0.000000000,0.273041153,0.162122139,7.511630094,0.683864431,29.333882864,0,18,17,1,0.021301775,5,0,0,0,0,0,822,5,22218,90832,25039,135,2927,1653293
2289,1517157469.810870886,1517157469.911710262,1,0,0,1,38.825464961,15.691912576,-1.155268748,0.040789230,0.005136399,0.978515701,-0.202031874,814,225,0.276412776,0.045816528,0.034147202,0.022210185,0.281267520,26.744998757,0.000000000,0.276925406,0.161347179,7.410828670,0.681254678,29.314739486,0,24,21,3,0.029484029,2,0,0,0,0,0,785,5,22225,90856,25041,135,2927,1654078
2290,1517157469.911731005,1517157470.012509346,1,0,0,1,38.580293974,15.582017180,-1.145240576,0.030921487,0.001178927,0.977695226,-0.207736653,848,229,0.270047170,0.042050680,0.026086753,0.016994317,0.272395885,34.578852841,0.000000000,0.277518810,0.158778286,6.594185190,0.689504615,29.267096220,0,27,22,5,0.031839623,4,0,0,0,0,0,812,9,22233,90883,25045,135,2927,1654890
2291,1517157470.012530088,1517157470.113369226,1,0,0,1,38.317820935,15.464593098,-1.130089653,0.034761393,0.003218633,0.977701920,-0.207075448,872,227,0.260321101,0.042592646,0.027963495,0.018903564,0.270363098,26.703158457,0.000000000,0.282133278,0.156393191,6.498552752,0.613300574,28.799201027,0,27,24,3,0.030963303,9,0,0,0,0,0,836,9,22238,90910,25054,135,2927,1655726
2292,1517157470.113389969,1517157470.214229345,1,0,0,1,38.050729690,15.346797911,-1.108663913,0.037610941,-0.019660148,0.977405232,-0.207069814,865,243,0.280924855,0.043060321,0.030982111,0.022407043,0.361888967,26.687990717,0.000000000,0.289648643,0.156522853,6.427754831,0.492179277,28.311921086,0,32,25,7,0.036994220,10,0,0,0,0,0,822,11,22250,90942,25064,135,2927,1656548
2293,1517157470.315109968,1517157470.415949345,1,0,0,1,37.545487172,15.099794794,-1.101965258,0.038291078,-0.001665244,0.977409567,-0.207849847,831,227,0.273164862,0.043608516,0.030859929,0.021799683,0.333588399,27.230934694,0.000000000,0.293440963,0.156828937,6.635131818,0.421739615,27.966359518,0,18,15,3,0.021660650,9,0,0,0,0,0,803,10,22254,90960,25073,135,2927,1657351
2294,1517157470.415970087,1517157470.516809225,1,0,0,1,37.283126521,14.977060385,-1.101568620,0.040930350,-0.000112613,0.977305110,-0.207844692,844,235,0.278436019,0.038229503,0.025126824,0.012996373,0.325826404,25.803511938,0.000000000,0.301047223,0.153948003,6.563928524,0.383504147,27.229543883,0,14,13,1,0.016587678,11,0,0,0,0,0,815,15,22255,90974,25084,135,2927,1658166
2295,1517157470.617690086,1517157470.718529224,1,0,0,1,36.778152299,14.733732173,-1.089358462,0.040879461,0.003990645,0.976836198,-0.210009493,815,228,0.279754601,0.042883575,0.031537982,0.021052897,0.373763020,25.211135004,0.000000000,0.306034018,0.141860722,6.761071387,0.383959397,26.985162176,0,23,23,0,0.028220859,2,0,0,0,0,0,786,6,22256,90997,25086,135,2927,1658952
2296,1517157470.718549967,1517157470.819389343,1,0,0,1,36.527624348,14.608379646,-1.091422743,0.041697678,0.009527395,0.976663995,-0.210470836,807,213,0.263940520,0.040407829,0.029861184,0.016645842,0.328210465,25.704742836,0.000000000,0.305312399,0.133848400,6.680471161,0.373332488,26.842348438,0,19,15,4,0.023543990,2,0,0,0,0,0,783,5,22263,91016,25088,135,2927,1659735
2297,1517157470.819410086,1517157470.920249224,1,0,0,1,36.272951919,14.490234431,-1.088152380,0.041700652,0.006909758,0.976507017,-0.211299212,812,232,0.285714286,0.042883941,0.030648224,0.019961012,0.329090821,25.100449345,0.000000000,0.290772267,0.112781991,6.270871858,0.215047418,26.603437293,0,33,31,2,0.040640394,2,0,0,0,0,0,775,4,22264,91049,25090,135,2927,1660510
2298,1517157470.920269966,1517157471.021048307,1,0,0,1,36.018295547,14.366300441,-1.083364803,0.041813371,0.005924569,0.976522505,-0.211235267,818,244,0.298288509,0.038673178,0.028392606,0.018175331,0.352343299,21.960396681,0.000000000,0.294612099,0.110637812,5.959630623,0.181118560,26.627872508,0,21,16,5,0.025672372,4,0,0,0,0,0,790,7,22273,91070,25094,135,2927,1661300
2299,1517157471.021069050,1517157471.121908188,1,0,0,1,35.770650924,14.241358128,-1.075860671,0.040145062,0.005760520,0.975717870,-0.215243652,810,221,0.272839506,0.041660741,0.028679330,0.016387182,0.280858509,24.233743341,0.000000000,0.293219229,0.104272137,5.982983866,0.175605090,26.246606157,0,17,11,6,0.020987654,0,0,0,0,0,0,789,4,22278,91087,25094,135,2927,1662089
2300,1517157471.121928930,1517157471.222768307,1,0,0,1,35.500484237,14.110022573,-1.069693812,0.042041410,0.014969990,0.975621630,-0.214874042,813,234,0.287822878,0.042025429,0.029132669,0.017825727,0.355915175,24.077225468,0.000000000,0.296073557,0.099039050,6.008300932,0.159389250,26.017448816,0,23,20,3,0.028290283,2,0,0,0,0,0,786,4,22283,91110,25096,135,2927,1662875
2301,1517157471.222789049,1517157471.323628187,1,0,0,1,35.235351414,13.980467788,-1.061208280,0.040646983,0.011239847,0.975531338,-0.215777887,831,249,0.299638989,0.039255031,0.028306146,0.019339392,0.291686541,24.903653193,0.000000000,0.296117819,0.084362467,6.036690630,0.139283155,26.076129013,0,22,20,2,0.026474128,2,0,0,0,0,0,804,5,22284,91132,25098,135,2927,1663679
2302,1517157471.323648930,1517157471.424488306,1,0,0,1,34.963749772,13.844821884,-1.053454317,0.042378778,0.011235505,0.975567372,-0.215281456,825,238,0.288484848,0.036576504,0.028955093,0.017583258,0.258453635,25.637626067,0.000000000,0.298006950,0.077934195,5.805413222,0.094173631,26.065081094,0,21,20,1,0.025454545,2,0,0,0,0,0,799,5,22290,91153,25100,135,2927,1664478
2303,1517157471.424509048,1517157471.525348186,1,0,0,1,34.683876713,13.718499151,-1.045450928,0.042202026,0.003092707,0.975027977,-0.218013460,822,253,0.307785888,0.037932284,0.029358478,0.018947413,0.235773757,28.407090557,0.000000000,0.297047442,0.074258996,5.862552063,0.077168194,26.183751442,0,25,24,1,0.030413625,2,0,0,0,0,0,792,5,22297,91178,25102,135,2927,1665270
2304,1517157471.525368929,1517157471.626208305,1,0,0,1,34.408990263,13.588295386,-1.038312244,0.042707121,0.010078636,0.975374361,-0.216146661,854,262,0.306791569,0.044693239,0.032747655,0.019643095,0.282358630,29.309476868,0.000000000,0.297890170,0.071767785,5.912023317,0.073065139,26.496982574,0,38,33,5,0.044496487,4,0,0,0,0,0,808,8,22313,91216,25106,135,2927,1666078
2305,1517157471.727089882,1517157471.827928305,1,0,0,1,33.823104208,13.336529339,-1.016399039,0.038803090,-0.028980825,0.991075269,-0.124194380,933,297,0.318327974,0.046006751,0.028567253,0.016988680,0.390952891,31.348181057,0.000000000,0.304366344,0.075636704,6.303866948,0.239813963,26.779651601,0,55,50,5,0.058949625,12,0,0,0,0,0,861,17,22337,91271,25118,135,2927,1666939
2306,1517157471.827950001,1517157471.928789377,1,0,0,1,33.514168967,13.229095450,-1.015916726,0.036682199,-0.023575741,0.994193345,-0.098377808,918,269,0.293028322,0.053265466,0.041018289,0.027377792,0.291976961,32.775878366,0.000000000,0.308814431,0.092645289,6.384323720,0.283344699,26.997086269,0,59,53,6,0.064270153,12,0,0,0,0,0,843,16,22357,91330,25130,135,2927,1667782
2307,1517157472.029608011,1517157472.130447388,1,0,0,1,32.918914667,13.090850176,-1.006594622,0.038870336,-0.004488634,0.993679497,-0.105214095,892,262,0.293721973,0.038178597,0.027170036,0.017015472,0.356772804,25.592706409,0.000000000,0.314322464,0.093152306,6.728777714,0.294865297,26.785795217,0,27,26,1,0.030269058,3,0,0,0,0,0,862,3,22360,91357,25133,135,2927,1668644
2308,1517157472.130467892,1517157472.231307268,1,0,0,1,32.615414241,13.024989900,-0.997459128,0.034460208,0.007975193,0.992031887,-0.120919911,862,257,0.298143852,0.033182621,0.024872119,0.015242662,0.247914461,25.498948451,0.000000000,0.311070062,0.099247635,6.781688740,0.325104393,26.875535052,0,14,13,1,0.016241299,3,0,0,0,0,0,845,3,22361,91371,25136,135,2927,1669489
2309,1517157472.231328011,1517157472.332167387,1,0,0,1,32.311620074,12.947096934,-0.985960100,0.034829834,0.010990886,0.990374931,-0.133504978,876,270,0.308219178,0.031975771,0.023111328,0.015049588,0.229495568,31.855299895,0.000000000,0.308481464,0.110325709,6.826659346,0.338753395,27.131050109,0,23,21,2,0.026255708,0,0,0,0,0,0,850,3,22365,91394,25136,135,2927,1670339
2310,1517157472.332187891,1517157472.433027267,1,0,0,1,32.024578443,12.873734884,-0.981703196,0.036752831,0.017424179,0.988178334,-0.147814775,828,242,0.292270531,0.036151409,0.024523943,0.017765267,0.285099846,23.699667384,0.000000000,0.309116663,0.113835891,6.835017125,0.365919986,26.587090836,0,24,24,0,0.028985507,1,0,0,0,0,0,799,5,22363,91418,25137,135,2927,1671138
2311,1517157472.433048010,1517157472.533887386,1,0,0,1,31.724791794,12.775946383,-0.968992414,0.030191881,0.019368107,0.986513199,-0.159702961,818,253,0.309290954,0.032300457,0.027257911,0.015315537,0.231319109,27.842149294,0.000000000,0.307164463,0.123215059,6.857907112,0.388319223,26.644040378,0,23,20,3,0.028117359,3,0,0,0,0,0,790,5,22369,91441,25140,135,2927,1671928
2312,1517157472.533907890,1517157472.634747267,1,0,0,1,31.435929075,12.676124563,-0.958115622,0.033381511,0.019293569,0.983542854,-0.176513138,860,258,0.300000000,0.032984012,0.023637486,0.016506865,0.236840343,30.474027524,0.000000000,0.300912032,0.129504627,6.601296515,0.422007389,26.833342219,0,10,9,1,0.011627907,3,0,0,0,0,0,847,3,22370,91451,25143,135,2927,1672775
2313,1517157472.735627890,1517157472.836467266,1,0,0,1,30.833840515,12.433411375,-0.957471820,0.034138669,0.023255145,0.976757113,-0.210331387,834,269,0.322541966,0.030797090,0.023229060,0.014425220,0.248059011,31.280244967,0.000000000,0.296635562,0.138249082,6.960815990,0.490797106,27.035807732,0,17,15,2,0.020383693,2,0,0,0,0,0,815,2,22371,91468,25145,135,2927,1673590
2314,1517157472.836488008,1517157472.937327385,1,0,0,1,30.531431620,12.304753160,-0.940947486,0.035338159,0.015412838,0.975770900,-0.215371328,858,258,0.300699301,0.037506919,0.030619533,0.021238027,0.227960975,33.661184536,0.000000000,0.291742291,0.138569179,6.729195701,0.497577968,27.428691362,0,32,32,0,0.037296037,1,0,0,0,0,0,822,4,22376,91500,25146,135,2927,1674412
2315,1517157472.937347889,1517157473.038127184,1,0,0,1,30.242199014,12.152807788,-0.939662965,0.039772540,0.015615378,0.977784619,-0.205210976,845,275,0.325443787,0.035184065,0.025992567,0.015503026,0.300523999,27.344261598,0.000000000,0.288080340,0.139471911,6.775767558,0.517800056,27.535347692,0,30,30,0,0.035502959,0,0,0,0,0,0,811,4,22380,91530,25146,135,2927,1675223
2316,1517157473.038147926,1517157473.138987303,1,0,0,1,29.940594318,12.014897319,-0.928578319,0.042802886,0.009517293,0.979630818,-0.195961206,823,275,0.334143378,0.040251709,0.026584945,0.017817149,0.279244166,26.995824388,0.000000000,0.285632025,0.139434248,6.826830625,0.534255205,27.599901769,0,28,27,1,0.034021871,5,0,0,0,0,0,787,8,22384,91558,25151,135,2927,1676010
2317,1517157473.139008045,1517157473.239847183,1,0,0,1,29.638765799,11.873192658,-0.927862208,0.041259323,0.009278558,0.979976502,-0.194570381,817,256,0.313341493,0.037750266,0.023923271,0.016526899,0.285458335,26.417811566,0.000000000,0.283450401,0.138018118,6.877015760,0.537080116,27.665769880,0,22,20,2,0.026927785,5,0,0,0,0,0,788,7,22388,91580,25156,135,2927,1676798
2318,1517157473.239867926,1517157473.340707302,1,0,0,1,29.330167319,11.730636582,-0.923227216,0.042751629,0.016728354,0.978417819,-0.201472162,821,256,0.311814860,0.037226736,0.026421707,0.018905804,0.245561470,25.616987035,0.000000000,0.278111309,0.138397580,6.939502268,0.542456637,27.848599398,0,17,17,0,0.020706456,9,0,0,0,0,0,793,11,22392,91597,25165,135,2927,1677591
2319,1517157473.340728045,1517157473.441567183,1,0,0,1,29.011020197,11.593046872,-0.917771726,0.046239737,0.010373857,0.977473018,-0.205671506,822,268,0.326034063,0.039653949,0.028956608,0.018629667,0.285563423,22.434579220,0.000000000,0.278346555,0.137532521,6.986626146,0.550296632,27.758641192,0,23,23,0,0.027980535,4,0,0,0,0,0,792,7,22394,91620,25169,135,2927,1678383
2320,1517157473.441587925,1517157473.542427301,1,0,0,1,28.688314273,11.449001731,-0.908406143,0.041039760,0.007982355,0.977577617,-0.206383195,825,270,0.327272727,0.044426135,0.030551553,0.019952660,0.303044236,24.805228709,0.000000000,0.275703008,0.140071141,7.044930414,0.549647623,27.795041354,0,23,21,2,0.027878788,3,0,0,0,0,0,797,5,22400,91643,25172,135,2927,1679180
2321,1517157473.542448044,1517157473.643287182,1,0,0,1,28.365260718,11.297776747,-0.894877404,0.042013996,0.013420970,0.977441938,-0.206547719,816,269,0.329656863,0.035585243,0.022343370,0.016805592,0.354088807,25.238173549,0.000000000,0.278823121,0.141421420,7.098194040,0.548754725,27.811767372,0,16,15,1,0.019607843,1,0,0,0,0,0,793,7,22401,91659,25173,135,2927,1679973
2322,1517157473.643307924,1517157473.744147301,1,0,0,1,28.037433207,11.140385940,-0.891057401,0.043920907,0.011859324,0.977206966,-0.207356834,804,275,0.342039801,0.039369699,0.025976720,0.018574154,0.277417434,22.995195042,0.000000000,0.279771311,0.140783717,7.154700928,0.544346856,27.679645821,0,18,13,5,0.022388060,2,0,0,0,0,0,780,6,22408,91677,25175,135,2927,1680753
2323,1517157473.744168043,1517157473.845007181,1,0,0,1,27.714633754,10.982617987,-0.879490457,0.043709316,0.016490830,0.976894023,-0.208556027,807,278,0.344485750,0.037782610,0.027739962,0.019519310,0.311425917,24.900623988,0.000000000,0.283553919,0.140824387,7.209930837,0.542031282,27.504322492,0,22,19,3,0.027261462,0,0,0,0,0,0,782,3,22415,91699,25175,135,2927,1681535
2324,1517157473.945888996,1517157474.046674252,1,0,0,1,27.062827435,10.675025807,-0.859946173,0.039776811,0.021738684,0.976211719,-0.212028099,834,289,0.346522782,0.035465863,0.026048196,0.016214119,0.260727673,26.678013415,0.000000000,0.282472371,0.137701821,7.292868131,0.364215836,27.372749320,0,13,12,1,0.015587530,1,0,0,0,0,0,818,3,22417,91712,25176,135,2927,1682353
2325,1517157474.046694994,1517157474.147534370,1,0,0,1,26.724985038,10.519065338,-0.857959862,0.037773759,0.013626400,0.975826763,-0.214824563,805,290,0.360248447,0.034989092,0.025627978,0.017184194,0.273840601,29.990494806,0.000000000,0.276616757,0.130852643,7.337894169,0.317994835,27.304865007,0,19,18,1,0.023602484,2,0,0,0,0,0,781,5,22419,91731,25178,135,2927,1683134
2326,1517157474.147555113,1517157474.248394251,1,0,0,1,26.390089390,10.346639964,-0.853313344,0.043705952,0.002535578,0.976715442,-0.210024534,809,277,0.342398022,0.036230874,0.024956268,0.014613497,0.238833374,25.047731891,0.000000000,0.273959578,0.087496452,7.103431870,0.314246808,26.918457683,0,23,22,1,0.028430161,4,0,0,0,0,0,779,7,22423,91754,25182,135,2927,1683913
2327,1517157474.248414993,1517157474.349254370,1,0,0,1,26.061324483,10.190398343,-0.838968783,0.044898029,-0.010793471,0.984561092,-0.168840526,792,279,0.352272727,0.037916677,0.027141624,0.018263163,0.305933063,22.783348579,0.000000000,0.271417591,0.087334616,7.157018415,0.366531936,26.777989792,0,20,18,2,0.025252525,1,0,0,0,0,0,768,4,22425,91774,25183,135,2927,1684681
2328,1517157474.349275112,1517157474.450114250,1,0,0,1,25.719712303,10.062664617,-0.824578925,0.035768984,-0.018522635,0.991770966,-0.121523017,853,294,0.344665885,0.039160090,0.029110226,0.018014967,0.267361687,26.625348902,0.000000000,0.272389952,0.085809469,7.208182243,0.437176153,26.834309814,0,24,24,0,0.028135991,5,0,0,0,0,0,824,5,22429,91798,25188,135,2927,1685505
2329,1517157474.450134993,1517157474.550974369,1,0,0,1,25.362474065,9.945684293,-0.815725365,0.036344850,-0.023375842,0.994719459,-0.093090389,879,333,0.378839590,0.054795631,0.041307848,0.025259602,0.272771656,31.298502360,0.000000000,0.274553756,0.129642419,7.287891291,0.465591341,26.806469938,0,69,69,0,0.078498294,7,0,0,0,0,0,799,11,22431,91867,25195,135,2927,1686304
2330,1517157474.550995111,1517157474.651834249,1,0,0,1,24.991297012,9.846356681,-0.801436430,0.032042849,-0.016810437,0.995673851,-0.085581822,867,310,0.357554787,0.053187226,0.036642338,0.022751030,0.289051902,29.619632570,0.000000000,0.274751359,0.153158404,7.356805645,0.457355971,27.102468197,0,68,67,1,0.078431373,8,0,0,0,0,0,788,11,22437,91935,25203,135,2927,1687092
2331,1517157474.651854992,1517157474.752694368,1,0,0,1,24.642589901,9.759420769,-0.793402094,0.032029960,-0.014990345,0.995667810,-0.085994093,855,291,0.340350877,0.049145284,0.036731007,0.022034442,0.300981626,28.333178911,0.000000000,0.278234485,0.155809410,7.410458618,0.423918682,27.127019678,0,75,75,0,0.087719298,7,0,0,0,0,0,770,10,22448,92010,25210,135,2927,1687862
2332,1517157474.752715111,1517157474.853554249,1,0,0,1,24.289902268,9.680475741,-0.793173413,0.028857841,-0.007975610,0.995213829,-0.093021767,840,300,0.357142857,0.057397595,0.041165111,0.025451700,0.292327165,32.189789883,0.000000000,0.281008826,0.174288179,7.122704534,0.368715263,27.212807796,0,57,55,2,0.067857143,5,0,0,0,0,0,775,8,22459,92067,25215,135,2927,1688637
2333,1517157474.853574991,1517157474.954414368,1,0,0,1,23.958370858,9.605025131,-0.788325307,0.027621958,-0.006927444,0.994478598,-0.101001760,824,281,0.341019417,0.054771451,0.039911957,0.023972761,0.312872348,30.293129409,0.000000000,0.284249493,0.175224459,7.133692825,0.373766754,27.163452018,0,60,59,1,0.072815534,8,0,0,0,0,0,752,12,22467,92127,25223,135,2927,1689389
2334,1517157474.954435110,1517157475.055205345,1,0,0,1,23.635519462,9.522212287,-0.779103522,0.022535735,0.004823431,0.993911883,-0.107740633,798,266,0.333333333,0.054130747,0.042741191,0.024150106,0.282833792,28.332056477,0.000000000,0.286993134,0.180888491,7.140405686,0.365897846,26.896995615,0,65,64,1,0.081453634,8,0,0,0,0,0,720,13,22478,92192,25231,135,2927,1690109
2335,1517157475.055226088,1517157475.156065226,1,0,0,1,23.319677517,9.443537834,-0.766032566,0.015337344,0.019621722,0.991605227,-0.126881156,799,286,0.357947434,0.048785110,0.037613120,0.021906886,0.358115550,24.020029032,0.000000000,0.289872711,0.175857887,7.134336608,0.385592621,26.730783987,0,53,50,3,0.066332916,9,0,0,0,0,0,735,11,22489,92245,25240,135,2927,1690844
2336,1517157475.156085968,1517157475.256925344,1,0,0,1,23.001440857,9.361175611,-0.760016903,0.015048599,0.020318727,0.988209271,-0.151007036,781,281,0.359795134,0.033449874,0.022399236,0.015262822,0.350609546,19.699528154,0.000000000,0.293440980,0.183730400,7.129675159,0.431443699,26.365969175,0,13,11,2,0.016645327,1,0,0,0,0,0,764,4,22493,92258,25241,135,2927,1691608
2337,1517157475.357805967,1517157475.458645344,1,0,0,1,22.388684232,9.157643029,-0.743673408,0.022121208,0.025667733,0.984106848,-0.174314462,790,285,0.360759494,0.035884300,0.023491229,0.016932874,0.357723573,22.510240447,0.000000000,0.297054242,0.185822361,7.435591170,0.464761543,26.170590619,0,22,20,2,0.027848101,2,0,0,0,0,0,762,6,22494,92280,25243,135,2927,1692370
2338,1517157475.458666086,1517157475.559505224,1,0,0,1,22.091703281,9.046905884,-0.737773863,0.019954193,0.021401072,0.982288461,-0.185076208,811,303,0.373612824,0.043661613,0.030334283,0.019146321,0.472965522,25.696675819,0.000000000,0.308424445,0.181925269,7.405015606,0.477645099,26.174575058,0,44,42,2,0.054254007,5,0,0,0,0,0,758,9,22498,92324,25248,135,2927,1693128
2339,1517157475.559525967,1517157475.660365343,1,0,0,1,21.797466230,8.933024137,-0.729018770,0.024772077,0.020391346,0.979988648,-0.196450471,816,286,0.350490196,0.043502339,0.030212560,0.019691785,0.442581490,20.410280448,0.000000000,0.316275348,0.180101674,7.367124576,0.499358288,26.073360120,0,48,46,2,0.058823529,7,0,0,0,0,0,759,9,22500,92372,25255,135,2927,1693887
2340,1517157475.660386086,1517157475.761225224,1,0,0,1,21.514378469,8.806456705,-0.716677515,0.020938716,0.028299807,0.976348383,-0.213317899,839,310,0.369487485,0.045390627,0.033034316,0.021623832,0.384342529,24.179799556,0.000000000,0.320340263,0.180100432,7.320510337,0.533447339,26.042088662,0,42,38,4,0.050059595,4,0,0,0,0,0,790,7,22509,92414,25259,135,2927,1694677
2341,1517157475.761245966,1517157475.862085342,1,0,0,1,21.234925599,8.656752107,-0.721639273,0.027528124,0.021029137,0.973257966,-0.227087889,864,320,0.370370370,0.046820279,0.033435984,0.022570331,0.394342976,23.843879496,0.000000000,0.322352971,0.173515480,7.273902971,0.560172368,25.972373959,0,55,53,2,0.063657407,6,0,0,0,0,0,801,8,22515,92469,25265,135,2927,1695478
2342,1517157475.862106085,1517157475.962945223,1,0,0,1,20.958207333,8.516263121,-0.711928747,0.028366866,0.019096342,0.974163963,-0.223238044,852,306,0.359154930,0.030706607,0.020636679,0.013391681,0.411958962,25.433642846,0.000000000,0.329080048,0.186344980,7.224916219,0.565916116,26.094296349,0,34,33,1,0.039906103,4,0,0,0,0,0,812,6,22523,92503,25269,135,2927,1696290
2343,1517157476.164625883,1517157476.265465260,1,0,0,1,20.115726158,8.109297491,-0.679532275,0.033843716,0.006150900,0.976007592,-0.215002206,959,394,0.410844630,0.044784348,0.032061870,0.020031439,0.350368339,21.379092743,0.000000000,0.331027169,0.182351937,7.440098929,0.575316983,25.918219787,0,80,78,2,0.083420229,10,0,0,0,0,0,863,16,22543,92583,25279,135,2927,1697153
2344,1517157476.265486002,1517157476.366325378,1,0,0,1,19.832129227,7.967143966,-0.663467320,0.034452884,0.008740554,0.974437789,-0.221827856,1078,453,0.420222635,0.044678271,0.030065473,0.020151201,0.348371639,26.457384565,0.000000000,0.335409367,0.175002016,7.385626411,0.582846298,25.907188345,0,149,143,6,0.138218924,27,0,0,0,0,0,902,27,22602,92732,25306,135,2927,1698055
2345,1517157476.366345882,1517157476.467185259,1,0,0,1,19.553258177,7.833602230,-0.657537081,0.031861893,0.006788662,0.973598344,-0.225931401,1069,465,0.434985968,0.048147207,0.028662197,0.019288749,0.378050159,28.976958339,0.000000000,0.340619845,0.166289295,7.318174032,0.582556586,25.856511521,0,115,113,2,0.107577175,29,0,0,0,0,0,921,33,22650,92847,25335,135,2927,1698976
2346,1517157476.467206001,1517157476.568045378,1,0,0,1,19.257288100,7.687826940,-0.644784837,0.030994681,0.007628503,0.973762742,-0.225315907,1045,432,0.413397129,0.060800580,0.031177535,0.019608016,0.343535780,36.051228963,0.000000000,0.345854965,0.171399730,7.284057670,0.500926974,26.406686375,0,110,101,9,0.105263158,32,0,0,0,0,0,890,45,22701,92957,25367,135,2927,1699866
2347,1517157476.568065882,1517157476.668905258,1,0,0,1,18.983950803,7.544669957,-0.627360851,0.030457773,0.007951724,0.973617349,-0.226005203,984,396,0.402439024,0.044284667,0.023600959,0.016379171,0.309446018,41.390860181,0.000000000,0.346030613,0.165516584,7.228110188,0.406448597,27.337061955,0,70,67,3,0.071138211,17,0,0,0,0,0,884,30,22720,93027,25384,135,2927,1700750
2348,1517157476.668926001,1517157476.769765377,1,0,0,1,18.698551779,7.402411543,-0.615810900,0.025786808,0.007026190,0.974054943,-0.224727928,894,343,0.383668904,0.055735389,0.035887324,0.022230893,0.348699973,35.078353852,0.000000000,0.350097527,0.163437992,7.171200173,0.352218544,27.759712203,0,75,65,10,0.083892617,20,0,0,0,0,0,775,44,22751,93102,25404,135,2927,1701525
2349,1517157476.769785881,1517157476.870625257,1,0,0,1,18.429290351,7.266615409,-0.615873183,0.025069832,0.002493291,0.974201721,-0.224268350,846,299,0.353427896,0.059128275,0.041702558,0.023648383,0.418106153,22.983709268,0.000000000,0.357364252,0.168074713,7.088263607,0.337197890,27.343972548,0,59,54,5,0.069739953,19,0,0,0,0,0,753,34,22774,93161,25423,135,2927,1702278
2350,1517157476.870646000,1517157476.971485376,1,0,0,1,18.177172054,7.127755559,-0.613168698,0.019327035,-0.006209593,0.980764047,-0.194138588,787,274,0.348157560,0.048176455,0.036986629,0.021035493,0.339766154,22.980678505,0.000000000,0.359899965,0.166917664,7.016635075,0.397980605,27.012024845,0,77,67,10,0.097839898,5,0,0,0,0,0,683,27,22812,93238,25428,135,2927,1702961
2351,1517157476.971506119,1517157477.072284222,1,0,0,1,17.928079981,7.028373033,-0.623523024,0.025342744,-0.021285004,0.986533491,-0.160176042,806,306,0.379652605,0.045782194,0.027513340,0.018496393,0.321616187,52.478936633,0.000000000,0.360931693,0.167475712,6.923605729,0.452572159,28.219312731,0,59,52,7,0.073200993,13,0,0,0,0,0,710,37,22843,93297,25441,135,2927,1703671
2352,1517157477.072304964,1517157477.173144341,1,0,0,1,17.686710547,6.948715274,-0.622645905,0.025933705,-0.027158232,0.990099484,-0.135251195,842,291,0.345605701,0.043739394,0.028951743,0.018824084,0.361280690,42.228920767,0.000000000,0.364379369,0.163118665,6.837738323,0.486746986,28.721269275,0,71,55,16,0.084323040,14,0,0,0,0,0,729,42,22885,93368,25455,135,2927,1704400
2353,1517157477.274024963,1517157477.374864340,1,0,0,1,17.184641893,6.813144880,-0.614596905,0.013409392,-0.013087950,0.989065722,-0.146280183,711,272,0.382559775,0.051174910,0.031222161,0.020588786,0.418667126,29.837585868,0.000000000,0.369669108,0.160434647,7.024420160,0.494984822,28.698492098,0,37,34,3,0.052039381,4,0,0,0,0,0,660,14,22894,93405,25459,135,2927,1705060
2354,1517157477.374885082,1517157477.475724220,1,0,0,1,16.980983603,6.733532823,-0.609654490,0.009560602,0.003811496,0.986415745,-0.163945251,724,251,0.346685083,0.068425999,0.037262465,0.021206832,0.480233591,43.337643732,0.000000000,0.379539098,0.185139244,6.917386402,0.492273714,29.448771461,0,46,36,10,0.063535912,8,0,0,0,0,0,654,24,22913,93451,25467,135,2927,1705714
2355,1517157477.475744963,1517157477.576584339,1,0,0,1,16.787940545,6.666046705,-0.604677389,0.015189220,-0.000863641,0.984681122,-0.173699829,731,251,0.343365253,0.050236686,0.023299777,0.014902997,0.376957185,48.915812314,0.000000000,0.380481180,0.185262984,6.793169375,0.463512896,30.693560625,0,46,41,5,0.062927497,12,0,0,0,0,0,660,25,22932,93497,25479,135,2927,1706374
2356,1517157477.576605082,1517157477.677444220,1,0,0,1,16.583954687,6.585190815,-0.590614954,0.012118931,0.002296815,0.983961024,-0.177956621,721,253,0.350901526,0.046632410,0.026659331,0.018240995,0.408424216,49.861335859,0.000000000,0.383371913,0.170481938,6.367164031,0.425177587,32.201651010,0,36,31,5,0.049930652,8,0,0,0,0,0,657,28,22943,93533,25487,135,2927,1707031
2357,1517157477.677464962,1517157477.778304338,1,0,0,1,16.385484803,6.503800257,-0.585109910,0.012854236,0.000305374,0.985153874,-0.171191469,716,247,0.344972067,0.043583601,0.020330941,0.013946833,0.437137686,42.500135198,0.000000000,0.387342619,0.160764932,6.264735286,0.416721082,33.201145748,0,23,21,2,0.032122905,4,0,0,0,0,0,671,22,22951,93556,25491,135,2927,1707702
2358,1517157477.778325081,1517157477.879164219,1,0,0,1,16.178364924,6.425570591,-0.574487276,0.019824421,0.004099696,0.985053088,-0.171057296,678,244,0.359882006,0.033511876,0.019963067,0.015591925,0.420718595,31.311438258,0.000000000,0.384730272,0.174907877,6.170763070,0.393845374,33.481883870,0,19,17,2,0.028023599,3,0,0,0,0,0,649,10,22956,93575,25494,135,2927,1708351
2359,1517157477.879184961,1517157477.980024338,1,0,0,1,15.978710910,6.351628661,-0.562027686,0.018430598,0.002548878,0.984710254,-0.173203728,658,230,0.349544073,0.026865810,0.018723395,0.011281052,0.389883905,23.005754189,0.000000000,0.382095393,0.202172458,6.073694722,0.364086397,33.611657557,0,25,25,0,0.037993921,0,0,0,0,0,0,633,0,22961,93600,25494,135,2927,1708984
2360,1517157477.980045080,1517157478.080823183,1,0,0,1,15.774019004,6.273660393,-0.559566723,0.017377802,0.004234445,0.984334020,-0.175404157,635,243,0.382677165,0.032156760,0.023240976,0.014575388,0.378732881,27.345175461,0.000000000,0.381814911,0.216538338,5.975682311,0.339914235,33.769926352,0,14,13,1,0.022047244,2,0,0,0,0,0,618,3,22965,93614,25496,135,2927,1709602
2361,1517157478.080843925,1517157478.181683302,1,0,0,1,15.573136927,6.197228786,-0.551058106,0.020068652,0.005782543,0.984049308,-0.176665704,637,218,0.342229199,0.027988012,0.020272150,0.013012918,0.322091374,25.067912630,0.000000000,0.378202331,0.237804491,5.880291156,0.334649871,33.831128009,0,18,17,1,0.028257457,2,0,0,0,0,0,616,3,22970,93632,25498,135,2927,1710218
2362,1517157478.181704998,1517157478.282543182,1,0,0,1,15.380576941,6.132078502,-0.542234449,0.020277264,0.010762591,0.984489708,-0.173933937,647,227,0.350850077,0.034714487,0.023202775,0.012671965,0.336967014,22.824812677,0.000000000,0.374452733,0.231506667,5.147578933,0.324388234,33.700686500,0,31,29,2,0.047913447,1,0,0,0,0,0,612,4,22975,93663,25499,135,2927,1710830
2363,1517157478.282565117,1517157478.383404255,1,0,0,1,15.182173431,6.068839923,-0.535408389,0.022610079,0.009543101,0.984727996,-0.172361501,664,230,0.346385542,0.054059635,0.040860177,0.026608363,0.459517642,25.470759464,0.000000000,0.379910198,0.232650054,5.038292327,0.313657430,33.905269836,0,61,59,2,0.091867470,5,0,0,0,0,0,593,10,22981,93724,25504,135,2927,1711423
2364,1517157478.484285116,1517157478.585124254,1,0,0,1,14.796430256,5.925203979,-0.535242383,0.016735819,0.007195784,0.984092612,-0.176719731,639,243,0.380281690,0.051119525,0.040542582,0.027657909,0.390515913,24.545426839,0.000000000,0.382017412,0.232164661,5.140656666,0.314100646,33.809671950,0,39,37,2,0.061032864,6,0,0,0,0,0,591,9,22983,93763,25510,135,2927,1712014
2365,1517157478.585144997,1517157478.685984373,1,0,0,1,14.614964720,5.842536387,-0.539967025,0.020448290,0.003610242,0.982773259,-0.183645187,628,205,0.326433121,0.030813164,0.022433685,0.013907152,0.420474264,26.038673576,0.000000000,0.384138617,0.247683049,5.009952276,0.327017067,33.662757712,0,10,8,2,0.015923567,3,0,0,0,0,0,614,4,22985,93773,25513,135,2927,1712628
2366,1517157478.686005116,1517157478.786844254,1,0,0,1,14.442974034,5.772319466,-0.538814503,0.023294303,0.011985076,0.983134159,-0.180999887,634,233,0.367507886,0.039423869,0.024694689,0.018237032,0.482705990,26.595800681,0.000000000,0.391097128,0.242266432,4.886679579,0.331357157,33.189986298,0,22,20,2,0.034700315,2,0,0,0,0,0,606,6,22988,93795,25515,135,2927,1713234
2367,1517157478.887725115,1517157478.988564253,1,0,0,1,14.107649346,5.650560083,-0.526947053,0.021002466,0.009893748,0.983097433,-0.181605196,622,241,0.387459807,0.042924944,0.029353547,0.021517702,0.515813846,25.885679245,0.000000000,0.401415519,0.242743573,4.924525429,0.329986509,32.414727251,0,45,43,2,0.072347267,4,0,0,0,0,0,566,11,22993,93840,25519,135,2927,1713800
2368,1517157478.988584995,1517157479.089362383,1,0,0,1,13.955202681,5.589861728,-0.520699595,0.024005384,0.009037727,0.982654672,-0.183662345,618,236,0.381877023,0.046617314,0.032989997,0.022818192,0.438085288,28.981676986,0.000000000,0.405884785,0.238311249,4.787164076,0.333488196,32.109893408,0,27,27,0,0.043689320,2,0,0,0,0,0,584,7,22994,93867,25521,135,2927,1714384
2369,1517157479.089382887,1517157479.190222263,1,0,0,1,13.797848256,5.526802807,-0.513831386,0.024956619,0.006141376,0.982457008,-0.184709715,655,269,0.410687023,0.045141506,0.031809876,0.022554181,0.528831158,23.962165715,0.000000000,0.411421035,0.228398190,4.668980615,0.274273142,32.158816230,0,28,26,2,0.042748092,4,0,0,0,0,0,619,8,22995,93895,25525,135,2927,1715003
2370,1517157479.190243006,1517157479.291082382,1,0,0,1,13.635327360,5.467733538,-0.504700752,0.027423328,0.013444108,0.982308973,-0.184760109,662,246,0.371601208,0.047066294,0.033276408,0.023370164,0.521215575,24.442996201,0.000000000,0.420493506,0.228104276,4.573758249,0.206336677,32.231932115,0,40,38,2,0.060422961,4,0,0,0,0,0,612,10,23001,93935,25529,135,2927,1715615
2371,1517157479.291102886,1517157479.391942263,1,0,0,1,13.478935199,5.393826454,-0.489623676,0.029098083,0.010712691,0.981865374,-0.187026544,652,249,0.381901840,0.043955432,0.033432533,0.022265681,0.389647799,31.819149859,0.000000000,0.423895087,0.228196170,4.493214494,0.160993985,31.198942776,0,27,27,0,0.041411043,4,0,0,0,0,0,619,6,23003,93962,25533,135,2927,1716234
2372,1517157479.391963005,1517157479.492802382,1,0,0,1,13.321985582,5.327281739,-0.481115090,0.031504475,0.007265190,0.981984434,-0.186175340,668,226,0.338323353,0.042566706,0.028562133,0.019029112,0.560651413,26.830958354,0.000000000,0.433863623,0.228483391,4.143788153,0.141345872,30.429044655,0,33,32,1,0.049401198,3,0,0,0,0,0,629,6,23005,93995,25536,135,2927,1716863
2373,1517157479.593683004,1517157479.694522381,1,0,0,1,13.030751640,5.194635090,-0.471825411,0.031246816,0.018192582,0.981379920,-0.188642835,690,259,0.375362319,0.046006132,0.031326230,0.020761228,0.432128218,30.809066117,0.000000000,0.434536678,0.226278535,4.245220487,0.110340166,30.477618668,0,46,46,0,0.066666667,6,0,0,0,0,0,634,10,23013,94041,25542,135,2927,1717497
2374,1517157479.795403004,1517157479.896242380,1,0,0,1,12.730231124,5.059368463,-0.469272859,0.034339696,0.005508397,0.980502810,-0.193402900,665,239,0.359398496,0.033233703,0.021687420,0.015192460,0.444535792,35.281821806,0.000000000,0.432751788,0.191711327,4.370230197,0.100967131,30.074827571,0,16,13,3,0.024060150,4,0,0,0,0,0,644,5,23017,94057,25546,135,2927,1718141
2375,1517157479.896262884,1517157479.997102261,1,0,0,1,12.569519880,4.981371170,-0.459382328,0.036638668,0.006224499,0.979904093,-0.195976612,635,246,0.387401575,0.037880267,0.023371923,0.014682133,0.412346135,38.776145287,0.000000000,0.434521235,0.187817817,4.329265740,0.097717659,29.567844220,0,27,24,3,0.042519685,3,0,0,0,0,0,602,6,23025,94084,25549,135,2927,1718743
2376,1517157479.997123003,1517157480.097901344,1,0,0,1,12.412670870,4.921746168,-0.457454289,0.037139846,0.011530630,0.980410183,-0.193089483,638,259,0.405956113,0.038940835,0.026811621,0.017903552,0.530175382,25.775251809,0.000000000,0.440608794,0.186204739,4.282495516,0.090294940,28.363540018,0,22,22,0,0.034482759,4,0,0,0,0,0,607,9,23027,94106,25553,135,2927,1719350
2377,1517157480.097922087,1517157480.198761225,1,0,0,1,12.267790163,4.863516544,-0.460438528,0.038118465,0.009952915,0.980243392,-0.193831924,660,260,0.393939394,0.038449804,0.026724872,0.018646723,0.532727651,27.176730278,0.000000000,0.445388292,0.186347811,4.217012580,0.091646919,27.597369772,0,19,19,0,0.028787879,5,0,0,0,0,0,634,7,23029,94125,25558,135,2927,1719984
2378,1517157480.198781967,1517157480.299621344,1,0,0,1,12.118233792,4.808711922,-0.451413371,0.037825201,0.009080542,0.980484298,-0.192710509,647,267,0.412673879,0.045730216,0.036813742,0.022014613,0.465198822,27.073708124,0.000000000,0.447612303,0.182789496,4.163279086,0.089482089,27.385483265,0,47,46,1,0.072642968,4,0,0,0,0,0,590,10,23030,94172,25562,135,2927,1720574
2379,1517157480.299643040,1517157480.400481224,1,0,0,1,11.977134774,4.741735621,-0.447995794,0.037159469,0.005833577,0.979603357,-0.197388970,625,262,0.419200000,0.032609585,0.021643866,0.014132916,0.449373854,33.023859415,0.000000000,0.450586801,0.170911143,4.100452445,0.094858092,27.886388526,0,16,13,3,0.025600000,1,0,0,0,0,0,604,5,23038,94188,25563,135,2927,1721178
2380,1517157480.400502920,1517157480.501341343,1,0,0,1,11.823125421,4.684798578,-0.443026808,0.037999657,0.008071228,0.979946448,-0.195437560,643,259,0.402799378,0.038846046,0.028333118,0.017852247,0.508643635,24.696891512,0.000000000,0.457082338,0.163222672,4.049625273,0.096447184,27.753974329,0,20,20,0,0.031104199,4,0,0,0,0,0,614,9,23041,94208,25567,135,2927,1721792
2381,1517157480.501363039,1517157480.602202177,1,0,0,1,11.676064790,4.628526918,-0.442225108,0.038849696,0.008049173,0.980098048,-0.194508941,621,252,0.405797101,0.042188414,0.030658427,0.020971802,0.467500727,24.131649287,0.000000000,0.464352806,0.143805169,4.003612053,0.092563563,27.707161162,0,21,21,0,0.033816425,3,0,0,0,0,0,594,6,23042,94229,25570,135,2927,1722386
2382,1517157480.602222919,1517157480.703062296,1,0,0,1,11.522414689,4.565824158,-0.426181060,0.038509626,0.003051960,0.980513073,-0.192618297,626,264,0.421725240,0.047339897,0.032810022,0.022821183,0.462276614,23.042043463,0.000000000,0.470618286,0.139383713,3.961987716,0.092934500,27.718022701,0,53,52,1,0.084664537,4,0,0,0,0,0,565,8,23052,94282,25574,135,2927,1722951
2383,1517157480.803942919,1517157480.904782295,1,0,0,1,11.235243849,4.440380096,-0.411303157,0.041455062,0.007879869,0.984893163,-0.167942978,660,287,0.434848485,0.035122891,0.026526394,0.018655435,0.400448548,19.986533084,0.000000000,0.467664831,0.131144865,3.864097083,0.134583221,27.443811382,0,29,29,0,0.043939394,1,0,0,0,0,0,626,5,23057,94311,25575,135,2927,1723577
2384,1517157480.904803038,1517157481.005582333,1,0,0,1,11.080312515,4.364172625,-0.408561672,0.043850790,0.013033786,0.984070800,-0.171790250,653,298,0.456355283,0.039958316,0.029038631,0.017447109,0.438341758,23.620706905,0.000000000,0.470056123,0.120973327,3.837314061,0.127779723,27.397575385,0,20,19,1,0.030627871,2,0,0,0,0,0,630,3,23059,94331,25577,135,2927,1724207
2385,1517157481.005603075,1517157481.106442213,1,0,0,1,10.915257607,4.307729711,-0.398715907,0.040912800,0.008862017,0.984497515,-0.170329829,653,287,0.439509954,0.043194448,0.028997238,0.018573857,0.370002308,21.117412649,0.000000000,0.467532526,0.106164733,3.826255077,0.124746722,27.151512339,0,38,38,0,0.058192956,6,0,0,0,0,0,606,9,23063,94369,25583,135,2927,1724813
2386,1517157481.106462955,1517157481.207302332,1,0,0,1,10.754771217,4.253092702,-0.398277362,0.039196861,-0.002081686,0.987645525,-0.151708898,650,294,0.452307692,0.035693080,0.023748353,0.017129301,0.387111181,23.048962234,0.000000000,0.462752785,0.110405457,3.638843865,0.160464725,26.974170417,0,36,36,0,0.055384615,5,0,0,0,0,0,608,6,23065,94405,25588,135,2927,1725421
2387,1517157481.207323074,1517157481.308162212,1,0,0,1,10.595381743,4.196505537,-0.385482801,0.040596045,-0.002163035,0.989832586,-0.136303831,697,301,0.431850789,0.035234356,0.026194838,0.016120730,0.478648183,22.223501482,0.000000000,0.460894502,0.115322112,3.644258400,0.187363255,26.791061528,0,25,25,0,0.035868006,4,0,0,0,0,0,664,8,23068,94430,25592,135,2927,1726085
2388,1517157481.308182955,1517157481.409022331,1,0,0,1,10.429027291,4.149570068,-0.387317700,0.044109996,0.004688719,0.988993964,-0.141149789,650,277,0.426153846,0.041739521,0.024522575,0.017585092,0.439311693,19.940622848,0.000000000,0.460955822,0.111434712,3.647458515,0.194443968,26.339008822,0,34,34,0,0.052307692,4,0,0,0,0,0,610,6,23073,94464,25596,135,2927,1726695
2389,1517157481.409043074,1517157481.509882212,1,0,0,1,10.257458068,4.108411196,-0.377941107,0.043266393,-0.002922510,0.990743033,-0.128637943,686,288,0.419825073,0.046226741,0.032785567,0.022785229,0.459638891,22.017104341,0.000000000,0.457496209,0.112787883,3.650981122,0.218900709,26.241755753,0,70,70,0,0.102040816,7,0,0,0,0,0,608,8,23087,94534,25603,135,2927,1727303
2390,1517157481.509902954,1517157481.610742331,1,0,0,1,10.097508676,4.074914483,-0.375530342,0.043278910,-0.017650415,0.995332021,-0.084436765,716,301,0.420391061,0.040055354,0.028559992,0.019117886,0.449679676,24.605960266,0.000000000,0.453919414,0.107638386,3.640786078,0.302033414,26.249903956,0,34,31,3,0.047486034,4,0,0,0,0,0,674,8,23097,94568,25607,135,2927,1727977
2391,1517157481.610763073,1517157481.711602211,1,0,0,1,9.945119493,4.040411236,-0.372782024,0.042640121,-0.011999299,0.997428963,-0.056332051,719,307,0.426981919,0.031980057,0.020442008,0.013974548,0.435960706,21.798391330,0.000000000,0.456235059,0.115965301,3.626370450,0.357535923,25.748866030,0,16,13,3,0.022253129,5,0,0,0,0,0,697,6,23104,94584,25612,135,2927,1728674
2392,1517157481.711622953,1517157481.812462330,1,0,0,1,9.777779190,4.022125639,-0.371445621,0.040846784,0.002534219,0.997172225,-0.063029131,722,324,0.448753463,0.037650133,0.028152357,0.018426967,0.461689457,25.230839852,0.000000000,0.451286961,0.115897071,3.474558055,0.365402588,25.668860104,0,26,22,4,0.036011080,3,0,0,0,0,0,691,5,23110,94610,25615,135,2927,1729365
2393,1517157481.812483072,1517157481.913322210,1,0,0,1,9.614238913,4.005716712,-0.362324952,0.041535170,0.003168156,0.996696169,-0.069724743,686,297,0.432944606,0.042392307,0.029887877,0.019086563,0.472681488,21.927037511,0.000000000,0.453314625,0.111393725,3.309602684,0.368222146,25.224758674,0,35,34,1,0.051020408,4,0,0,0,0,0,645,6,23119,94645,25619,135,2927,1730010
2394,1517157482.014142036,1517157482.114981413,1,0,0,1,9.283129372,3.950041267,-0.343650482,0.045169677,0.005153608,0.996156944,-0.074863098,703,307,0.436699858,0.035571434,0.021567034,0.015791592,0.501961301,19.483665595,0.000000000,0.456185900,0.107693707,3.466967382,0.373142053,24.434850864,0,29,26,3,0.041251778,8,0,0,0,0,0,664,10,23123,94674,25627,135,2927,1730674
2395,1517157482.115001917,1517157482.215841293,1,0,0,1,9.107559463,3.920255421,-0.339327192,0.042750076,0.002455095,0.996408744,-0.073048052,716,306,0.427374302,0.039506786,0.028225041,0.017870398,0.504821611,18.713794464,0.000000000,0.460809674,0.107136334,3.477287642,0.370318280,23.431733323,0,26,25,1,0.036312849,3,0,0,0,0,0,685,5,23127,94700,25630,135,2927,1731359
2396,1517157482.215862036,1517157482.316701412,1,0,0,1,8.932745414,3.881197556,-0.330495480,0.042001693,0.008515235,0.995791389,-0.081011473,702,302,0.430199430,0.035801163,0.024393601,0.015185473,0.434891563,23.476864533,0.000000000,0.456045483,0.109415541,3.500456378,0.384158931,23.316813959,0,28,26,2,0.039886040,4,0,0,0,0,0,667,7,23131,94728,25634,135,2927,1732026
2397,1517157482.316721916,1517157482.417561293,1,0,0,1,8.759713312,3.843637503,-0.328715390,0.037927836,0.019460766,0.992782622,-0.112095599,713,317,0.444600281,0.039817637,0.024931467,0.014898471,0.444918624,24.600264109,0.000000000,0.451655032,0.109158488,3.517989914,0.443670463,23.187990650,0,26,26,0,0.036465638,3,0,0,0,0,0,683,4,23134,94754,25637,135,2927,1732709
2398,1517157482.417582035,1517157482.518421412,1,0,0,1,8.584904087,3.798513780,-0.320377707,0.040468471,0.019188300,0.988572894,-0.143936600,715,308,0.430769231,0.037051164,0.026095489,0.015468789,0.381060085,21.115515298,0.000000000,0.447448095,0.104298417,3.542495976,0.498270490,22.890081009,0,29,27,2,0.040559441,1,0,0,0,0,0,683,3,23139,94783,25638,135,2927,1733392
2399,1517157482.518443108,1517157482.619281292,1,0,0,1,8.411536986,3.737639944,-0.318327059,0.042666815,0.010641215,0.989607623,-0.136905292,708,315,0.444915254,0.037003762,0.022499333,0.013116860,0.481976836,20.606340983,0.000000000,0.449078244,0.097722369,3.561978865,0.507655439,22.269205087,0,36,35,1,0.050847458,7,0,0,0,0,0,664,8,23141,94819,25645,135,2927,1734056
2400,1517157482.619302988,1517157482.720142365,1,0,0,1,8.239339761,3.679017065,-0.314521017,0.042998873,0.018839384,0.989170071,-0.139063815,707,309,0.437057992,0.036578280,0.020970108,0.014781335,0.423035882,21.616617428,0.000000000,0.444797857,0.099027588,3.586460181,0.509447472,22.115191383,0,13,12,1,0.018387553,5,0,0,0,0,0,688,6,23142,94832,25650,135,2927,1734744
2401,1517157482.720163107,1517157482.821002245,1,0,0,1,8.058660723,3.622655917,-0.309352880,0.040781098,0.017112646,0.986247369,-0.159248821,725,333,0.459310345,0.037102775,0.023394059,0.015362236,0.417498886,20.692358170,0.000000000,0.442297764,0.098364988,3.609070873,0.547028124,21.943226827,0,26,26,0,0.035862069,2,0,0,0,0,0,695,4,23143,94858,25652,135,2927,1735439
2402,1517157482.821022987,1517157482.921862364,1,0,0,1,7.886441224,3.568865840,-0.305594414,0.037785624,0.024673470,0.979180378,-0.197912239,729,332,0.455418381,0.046190031,0.027717598,0.019011555,0.449401560,22.015070411,0.000000000,0.441654012,0.095324459,3.475807275,0.574639183,21.891878175,0,39,38,1,0.053497942,5,0,0,0,0,0,682,8,23150,94897,25657,135,2927,1736121
2403,1517157483.022680044,1517157483.123519182,1,0,0,1,7.553563373,3.384832799,-0.284296749,0.031278151,0.024915133,0.971896529,-0.231987177,758,359,0.473614776,0.037173099,0.022742044,0.015396202,0.436282823,24.811707831,0.000000000,0.443445726,0.093193765,3.684084576,0.637113085,22.133136912,0,32,32,0,0.042216359,9,0,0,0,0,0,716,10,23156,94929,25666,135,2927,1736837
2404,1517157483.123539925,1517157483.224379301,1,0,0,1,7.416295698,3.290754926,-0.276927840,0.031010099,0.021962511,0.969833768,-0.240787218,802,356,0.443890274,0.036632980,0.022460457,0.014347917,0.515344919,20.460282656,0.000000000,0.447295884,0.094090273,3.675943444,0.652762696,21.975115700,0,29,28,1,0.036159601,8,0,0,0,0,0,764,9,23160,94958,25674,135,2927,1737601
2405,1517157483.224400043,1517157483.325239182,1,0,0,1,7.277393079,3.203477985,-0.270776724,0.032697021,0.024291582,0.966389899,-0.253833384,822,363,0.441605839,0.045008688,0.027981816,0.019147125,0.444879743,23.412625515,0.000000000,0.451039755,0.097304631,3.670572542,0.642563412,22.089876343,0,35,34,1,0.042579075,13,0,0,0,0,0,772,15,23167,94993,25687,135,2927,1738373
2406,1517157483.325259924,1517157483.426099300,1,0,0,1,7.133487144,3.102492172,-0.269094919,0.033021993,0.026613773,0.960530609,-0.274922177,855,397,0.464327485,0.039455337,0.025757781,0.017175349,0.399655063,25.603989072,0.000000000,0.451666950,0.095229300,3.676764992,0.655089185,22.217627685,0,35,35,0,0.040935673,7,0,0,0,0,0,813,7,23170,95028,25694,135,2927,1739186
2407,1517157483.426120043,1517157483.526959181,1,0,0,1,6.987905087,2.998972424,-0.268971752,0.036537170,0.023383999,0.954043183,-0.296512781,881,426,0.483541430,0.036744466,0.025526221,0.018724870,0.491463036,20.270125186,0.000000000,0.452307692,0.093486416,3.682541426,0.691182704,22.119958870,0,34,33,1,0.038592509,6,0,0,0,0,0,841,6,23176,95062,25700,135,2927,1740027
2408,1517157483.526979923,1517157483.627819300,1,0,0,1,6.835279832,2.897199279,-0.272488965,0.042999288,0.014016009,0.957822160,-0.283780412,861,424,0.492450639,0.040611288,0.026489530,0.018402939,0.422116243,19.119106478,0.000000000,0.451447920,0.092735152,3.689334533,0.692207978,22.078883051,0,41,41,0,0.047619048,8,0,0,0,0,0,811,9,23179,95103,25708,135,2927,1740838
2409,1517157483.627840042,1517157483.728679180,1,0,0,1,6.681275815,2.797641532,-0.272448568,0.041833401,0.010541512,0.961638368,-0.270906796,828,403,0.486714976,0.042755779,0.031358700,0.019772981,0.425086430,20.307763799,0.000000000,0.449720297,0.085855479,3.709279613,0.630951124,21.993416024,0,41,40,1,0.049516908,6,0,0,0,0,0,781,6,23183,95144,25714,135,2927,1741619
2410,1517157483.728699923,1517157483.829539299,1,0,0,1,6.521053714,2.699670506,-0.267575056,0.041303477,0.014549214,0.961396039,-0.271661553,829,401,0.483715320,0.043640519,0.033508798,0.020684717,0.433771664,21.513191395,0.000000000,0.448924896,0.089520871,3.740873876,0.575199170,21.838777581,0,23,22,1,0.027744270,4,0,0,0,0,0,802,4,23187,95167,25718,135,2927,1742421
2411,1517157483.829560041,1517157483.930399179,1,0,0,1,6.358236274,2.606120846,-0.256863632,0.037414880,0.011108040,0.961286108,-0.272774186,836,412,0.492822967,0.044779915,0.033558754,0.021545784,0.518040436,18.869709655,0.000000000,0.453028883,0.083922697,3.760616717,0.565400571,21.692343497,0,39,37,2,0.046650718,8,0,0,0,0,0,789,8,23191,95206,25726,135,2927,1743210
2412,1517157483.930419922,1517157484.031143904,1,0,0,1,6.203001190,2.510315433,-0.249251041,0.037506133,0.007698735,0.960160168,-0.276814869,842,406,0.482185273,0.039995646,0.031985854,0.019709618,0.428446559,17.843445970,0.000000000,0.451366738,0.082951735,3.778579980,0.560651434,21.322973803,0,21,21,0,0.024940618,10,0,0,0,0,0,810,11,23193,95227,25736,135,2927,1744020
2413,1517157484.132080078,1517157484.232919216,1,0,0,1,5.888160176,2.306984423,-0.235324444,0.040013229,0.009713601,0.959192479,-0.279739835,845,407,0.481656805,0.042648641,0.031341810,0.021401522,0.502782465,21.000274417,0.000000000,0.452871787,0.083201323,3.817353029,0.556540161,21.276635648,0,38,34,4,0.044970414,6,0,0,0,0,0,801,6,23203,95265,25742,135,2927,1744821
2414,1517157484.232939959,1517157484.333779335,1,0,0,1,5.737719983,2.201667956,-0.232476700,0.040642799,0.006853184,0.959797203,-0.277651805,823,413,0.501822600,0.042718264,0.032662967,0.021736949,0.512055188,20.458575865,0.000000000,0.453376481,0.080443663,3.822884468,0.557216677,21.325381162,0,29,28,1,0.035236938,7,0,0,0,0,0,786,8,23206,95294,25749,135,2927,1745607
2415,1517157484.333800077,1517157484.434639215,1,0,0,1,5.586856301,2.106333365,-0.223283671,0.041286809,-0.009935798,0.968485381,-0.245423607,823,404,0.490886999,0.046548804,0.037711509,0.024957466,0.539777911,21.497054066,0.000000000,0.455124296,0.086961501,3.822240905,0.607435300,21.464544142,0,50,49,1,0.060753341,9,0,0,0,0,0,763,10,23216,95344,25758,135,2927,1746370
2416,1517157484.434659958,1517157484.535499334,1,0,0,1,5.433744617,2.012151975,-0.217420043,0.043692067,-0.010730249,0.976525513,-0.210650865,798,392,0.491228070,0.046116803,0.036285377,0.022364108,0.552512069,20.746656906,0.000000000,0.461005321,0.086892841,3.825024875,0.617032917,21.328033760,0,32,32,0,0.040100251,11,0,0,0,0,0,754,12,23219,95376,25769,135,2927,1747124
2417,1517157484.535520077,1517157484.636359215,1,0,0,1,5.275241973,1.935926876,-0.203869351,0.041541731,-0.008288224,0.981605442,-0.186162149,771,377,0.488975357,0.042227565,0.031305976,0.021691880,0.615073410,18.793883299,0.000000000,0.469513060,0.086665551,3.820693258,0.603073285,21.037714720,0,32,31,1,0.041504540,10,0,0,0,0,0,728,11,23223,95408,25779,135,2927,1747852
2418,1517157484.636380911,1517157484.737219334,1,0,0,1,5.118678263,1.871051623,-0.200403291,0.040081588,-0.007165165,0.984020357,-0.173338003,763,356,0.466579292,0.044165504,0.030283858,0.021111842,0.553472177,22.675920243,0.000000000,0.478133665,0.084413627,3.806446172,0.615862465,21.115734967,0,23,22,1,0.030144168,9,0,0,0,0,0,729,11,23226,95431,25788,135,2927,1748581
2419,1517157484.737241030,1517157484.838079214,1,0,0,1,4.963398991,1.804385855,-0.190616161,0.039792602,-0.000555954,0.984348804,-0.171678979,800,377,0.471250000,0.043777973,0.029818235,0.021369648,0.697009066,20.268488512,0.000000000,0.488885277,0.080934788,3.793772163,0.616078866,21.098842344,0,41,39,2,0.051250000,9,0,0,0,0,0,749,10,23229,95472,25797,135,2927,1749330
2420,1517157484.838100910,1517157484.938940287,1,0,0,1,4.801567195,1.746651154,-0.184593832,0.040261857,-0.001180455,0.984344487,-0.171591141,763,363,0.475753604,0.044587511,0.031296665,0.022246166,0.596399975,21.513144331,0.000000000,0.497553481,0.076241967,3.776363529,0.575103758,21.093668689,0,29,27,2,0.038007864,8,0,0,0,0,0,725,9,23233,95501,25805,135,2927,1750055
2421,1517157484.938961029,1517157485.039738178,1,0,0,1,4.634092824,1.692468059,-0.181378034,0.040973045,-0.003290266,0.986622632,-0.157753496,753,345,0.458167331,0.047750397,0.034853864,0.024052621,0.690133535,21.536483000,0.000000000,0.511185214,0.075354182,3.771950687,0.524852381,21.135874930,0,44,44,0,0.058432935,5,0,0,0,0,0,704,5,23234,95545,25810,135,2927,1750759
2422,1517157485.039758921,1517157485.140598297,1,0,0,1,4.466790125,1.633599272,-0.171216432,0.040817124,-0.001863199,0.988228630,-0.147426815,755,353,0.467549669,0.045626620,0.037786704,0.025548476,0.695607637,21.475883934,0.000000000,0.523495517,0.074734268,3.568640628,0.475989803,21.108915606,0,33,32,1,0.043708609,4,0,0,0,0,0,717,5,23238,95578,25814,135,2927,1751476
2423,1517157485.140619040,1517157485.241458178,1,0,0,1,4.303119660,1.586618296,-0.161631777,0.040367143,-0.000909862,0.989968823,-0.135393487,749,350,0.467289720,0.045123314,0.034367092,0.021864150,0.643401906,24.650819116,0.000000000,0.533851472,0.068946574,3.572614638,0.482109721,21.100871171,0,21,20,1,0.028037383,3,0,0,0,0,0,724,4,23241,95599,25817,135,2927,1752200
2424,1517157485.342339039,1517157485.443178177,1,0,0,1,3.969483678,1.493392402,-0.150022756,0.042489315,0.000263530,0.990797461,-0.128510619,756,322,0.425925926,0.044412714,0.034127692,0.020763015,0.606013971,19.159795259,0.000000000,0.538384924,0.059567341,3.755063467,0.469217642,21.035846801,0,23,23,0,0.030423280,2,0,0,0,0,0,730,3,23241,95622,25819,135,2927,1752930
2425,1517157485.443198919,1517157485.544038296,1,0,0,1,3.801111387,1.442848927,-0.142673231,0.042912871,0.002781859,0.990531346,-0.130377911,739,350,0.473612991,0.049309762,0.037919064,0.024611248,0.508953377,19.334369687,0.000000000,0.541588606,0.065801811,3.755199940,0.429125551,20.831934009,0,37,36,1,0.050067659,7,0,0,0,0,0,695,7,23246,95659,25826,135,2927,1753625
2426,1517157485.544059038,1517157485.644898176,1,0,0,1,3.639549616,1.394248821,-0.136469992,0.041077069,0.003299314,0.990078935,-0.134333508,732,336,0.459016393,0.048619724,0.035750646,0.023085848,0.644412759,20.160111907,0.000000000,0.553826491,0.065689286,3.745392167,0.391575517,20.559740151,0,55,51,4,0.075136612,9,0,0,0,0,0,667,10,23253,95714,25835,135,2927,1754292
2427,1517157485.644918919,1517157485.745758295,1,0,0,1,3.467715191,1.334718446,-0.129723802,0.038720398,0.001427245,0.989948451,-0.136017492,740,341,0.460810811,0.048398152,0.037434946,0.021183560,0.615845806,23.295527293,0.000000000,0.560045629,0.056005652,3.743892225,0.369327494,20.711010257,0,50,50,0,0.067567568,8,0,0,0,0,0,682,8,23260,95764,25843,135,2927,1754974
2428,1517157485.745779037,1517157485.846618414,1,0,0,1,3.297646057,1.276640984,-0.123327552,0.038724735,0.005139223,0.989661143,-0.138002917,738,324,0.439024390,0.045544557,0.031345742,0.020025226,0.585710903,22.641004796,0.000000000,0.568225362,0.051750898,3.740336221,0.346398850,20.887105172,0,37,35,2,0.050135501,12,0,0,0,0,0,689,12,23263,95801,25855,135,2927,1755663
2429,1517157485.846638918,1517157485.947478294,1,0,0,1,3.124350527,1.219896710,-0.118269086,0.038440625,0.005222994,0.990574161,-0.131369210,758,328,0.432717678,0.045176380,0.034095478,0.020730293,0.596664640,20.927666985,0.000000000,0.576804273,0.050405999,3.734890800,0.358592120,20.918100332,0,52,51,1,0.068601583,10,0,0,0,0,0,695,11,23269,95853,25865,135,2927,1756358
2430,1517157485.947499037,1517157486.048278332,1,0,0,1,2.956646105,1.171521811,-0.113897496,0.041410235,0.000285110,0.992127764,-0.118184651,766,356,0.464751958,0.047914237,0.032448838,0.019694392,0.640655816,18.571972181,0.000000000,0.587148480,0.051424408,3.721402986,0.382364747,20.771039371,0,29,29,0,0.037859008,5,0,0,0,0,0,732,5,23273,95882,25870,135,2927,1757090
2431,1517157486.048299074,1517157486.149138212,1,0,0,1,2.781297057,1.128821411,-0.114914966,0.045276424,-0.002363089,0.993698348,-0.102508806,754,341,0.452254642,0.044372060,0.028598616,0.018391059,0.738129777,18.673266269,0.000000000,0.598152947,0.051580189,3.719301611,0.404991976,20.761217202,0,59,55,4,0.078249337,7,0,0,0,0,0,688,7,23283,95941,25877,135,2927,1757778
2432,1517157486.149158955,1517157486.249998331,1,0,0,1,2.606961453,1.084477753,-0.106077863,0.042252882,-0.000005088,0.994402095,-0.096846102,763,360,0.471821756,0.047436672,0.032502995,0.020154135,0.755025447,17.310438419,0.000000000,0.614481892,0.044742222,3.524355602,0.410607279,20.734566824,0,42,39,3,0.055045872,7,0,0,0,0,0,713,8,23295,95983,25884,135,2927,1758491
2433,1517157486.350878954,1517157486.451718330,1,0,0,1,2.237509363,1.003475340,-0.091727585,0.040058763,-0.002999708,0.995780057,-0.082512885,774,355,0.458656331,0.039981345,0.027025317,0.018182876,0.641571968,19.040009960,0.000000000,0.621421367,0.050600413,3.719192979,0.435155703,20.636553601,0,51,51,0,0.065891473,11,0,0,0,0,0,711,12,23301,96034,25895,135,2927,1759202
2434,1517157486.451739073,1517157486.552578211,1,0,0,1,2.057662815,0.968638282,-0.079854436,0.044243231,0.002568348,0.996290906,-0.073758863,776,366,0.471649485,0.042066299,0.029457973,0.018871177,0.730080092,18.074912051,0.000000000,0.632322612,0.051587878,3.724068669,0.387428584,20.517370411,0,49,47,2,0.063144330,12,0,0,0,0,0,715,12,23315,96083,25907,135,2927,1759917
2435,1517157486.552598953,1517157486.653438330,1,0,0,1,1.876572597,0.939743429,-0.074694190,0.044028166,0.004429233,0.995904857,-0.078837920,755,353,0.467549669,0.040558365,0.029047042,0.017581068,0.677539808,17.288825265,0.000000000,0.639210707,0.056675507,3.727667552,0.326136115,20.306958971,0,47,45,2,0.062251656,5,0,0,0,0,0,703,5,23322,96130,25912,135,2927,1760620
2436,1517157486.653459072,1517157486.754298210,1,0,0,1,1.697647090,0.901008254,-0.065335350,0.045165650,0.008304225,0.995648009,-0.081093445,737,351,0.476255088,0.040308269,0.028781959,0.017535751,0.644189951,14.750260748,0.000000000,0.643794601,0.061427592,3.734576916,0.279922575,20.007139163,0,58,56,2,0.078697422,2,0,0,0,0,0,677,2,23337,96188,25914,135,2927,1761297
2437,1517157486.754318953,1517157486.855158329,1,0,0,1,1.517631561,0.874700995,-0.055733847,0.046456694,0.008727944,0.995391389,-0.083436088,736,363,0.493206522,0.043672261,0.031938057,0.019734772,0.631773911,18.917865567,0.000000000,0.644629626,0.060178460,3.747249604,0.258308921,20.013338276,0,55,54,1,0.074728261,10,0,0,0,0,0,671,10,23342,96243,25924,135,2927,1761968
2438,1517157486.855180025,1517157486.956018209,1,0,0,1,1.338400300,0.832299501,-0.045983165,0.047221959,0.011453914,0.995265309,-0.084177543,753,360,0.478087649,0.040772328,0.026329130,0.017873793,0.624355393,20.524061525,0.000000000,0.648173787,0.063662594,3.762417741,0.255667901,19.905745340,0,60,58,2,0.079681275,9,0,0,0,0,0,684,9,23357,96303,25933,135,2927,1762652
2439,1517157486.956039906,1517157487.056817293,1,0,0,1,1.156442181,0.792692178,-0.036841505,0.045029882,0.009104003,0.995232645,-0.086031438,739,378,0.511502030,0.037333919,0.028422825,0.017724120,0.756300215,16.059320093,0.000000000,0.651138344,0.073715760,3.776933356,0.259501537,19.695286919,0,53,51,2,0.071718539,10,0,0,0,0,0,676,10,23375,96356,25943,135,2927,1763328
2440,1517157487.056838036,1517157487.157677412,1,0,0,1,0.969453490,0.754056783,-0.034180203,0.042347540,0.007125489,0.995262003,-0.087232216,748,362,0.483957219,0.038793714,0.029382641,0.018795917,0.718453810,17.925732467,0.000000000,0.657241036,0.079258173,3.791839679,0.234143137,19.515916326,0,65,63,2,0.086898396,8,0,0,0,0,0,675,8,23388,96421,25951,135,2927,1764003
2441,1517157487.157697916,1517157487.258537292,1,0,0,1,0.782958483,0.717810021,-0.028252493,0.040346745,0.006586918,0.995282085,-0.087990480,735,353,0.480272109,0.040823462,0.033381268,0.018822201,0.656711653,16.127946181,0.000000000,0.655569942,0.079200696,3.804268420,0.214632462,19.245489485,0,61,61,0,0.082993197,13,0,0,0,0,0,660,14,23408,96482,25964,135,2927,1764663
2442,1517157487.258558035,1517157487.359397411,1,0,0,1,0.599861920,0.686584807,-0.022674474,0.041824668,0.007232619,0.995089064,-0.089421144,733,358,0.488403820,0.039586224,0.029932066,0.018703613,0.791618244,16.739985872,0.000000000,0.660370472,0.081833249,3.819542804,0.193011282,19.008694582,0,50,49,1,0.068212824,9,0,0,0,0,0,673,10,23419,96532,25973,135,2927,1765336
2443,1517157487.359417915,1517157487.460257292,1,0,0,1,0.415303558,0.650031827,-0.008616979,0.043930028,0.007502311,0.994917641,-0.090292614,715,334,0.467132867,0.037140775,0.029747867,0.017255959,0.661270655,19.116936093,0.000000000,0.661263910,0.088073566,3.661600110,0.180815946,18.732000431,0,44,42,2,0.061538462,4,0,0,0,0,0,667,4,23431,96576,25977,135,2927,1766003
2444,1517157487.561137915,1517157487.661977291,1,0,0,1,0.027404342,0.568012103,-0.004800956,0.041931456,0.005150025,0.994746865,-0.093241106,723,352,0.486860304,0.036614610,0.028992104,0.016721954,0.755396333,17.182645378,0.000000000,0.668733028,0.094475845,3.882145710,0.183354509,18.633142937,0,69,68,1,0.095435685,8,0,0,0,0,0,646,8,23446,96645,25985,135,2927,1766649
2445,1517157487.661998034,1517157487.762837410,1,0,0,1,-0.154182218,0.524184330,-0.001529271,0.042381011,0.005321430,0.994714961,-0.093368513,723,340,0.470262794,0.036376534,0.026103871,0.015962667,0.698035888,17.018499535,0.000000000,0.678187153,0.094216847,3.900147897,0.175693026,18.517349429,0,42,40,2,0.058091286,10,0,0,0,0,0,671,10,23457,96687,25995,135,2927,1767320
2446,1517157487.762857914,1517157487.863697290,1,0,0,1,-0.338116394,0.485872282,0.004716968,0.046852747,0.003403019,0.994448130,-0.094160268,723,377,0.521438451,0.034155984,0.023471717,0.015725094,0.761857906,17.482796290,0.000000000,0.684059411,0.097288058,3.906154315,0.174045739,18.383483648,0,50,49,1,0.069156293,10,0,0,0,0,0,663,10,23475,96737,26005,135,2927,1767983
2447,1517157487.863718033,1517157487.964557409,1,0,0,1,-0.522483140,0.446126897,0.014402997,0.044125346,0.008019857,0.994571841,-0.093890839,705,365,0.517730496,0.033379992,0.023261839,0.015786466,0.713832190,16.429612753,0.000000000,0.688958730,0.099485574,3.915179014,0.171310289,18.040187921,0,51,50,1,0.072340426,11,0,0,0,0,0,643,11,23489,96788,26016,135,2927,1768626
2448,1517157487.964577913,1517157488.065355301,1,0,0,1,-0.701636822,0.404543019,0.026144106,0.040032850,0.008245148,0.994505245,-0.096377930,721,369,0.511789182,0.036691957,0.023848706,0.016517834,0.793606936,17.414793701,0.000000000,0.699353532,0.098544392,3.917050446,0.162836529,17.778877367,0,59,58,1,0.081830791,13,0,0,0,0,0,648,14,23507,96847,26029,135,2927,1769274
2449,1517157488.065376043,1517157488.166215181,1,0,0,1,-0.888922512,0.364528332,0.033449877,0.040597624,0.008448024,0.994315968,-0.098062328,754,389,0.515915119,0.036208169,0.023117167,0.017091262,0.732056966,16.518852936,0.000000000,0.706123148,0.097468147,3.934105699,0.140035940,17.558436664,0,84,84,0,0.111405836,10,0,0,0,0,0,659,11,23536,96931,26039,135,2927,1769933
2450,1517157488.166235924,1517157488.267075300,1,0,0,1,-1.073816409,0.328265787,0.038243143,0.040439827,0.010772656,0.994201153,-0.099058762,765,422,0.551633987,0.031607415,0.020005355,0.014442475,0.822329828,17.421671549,0.000000000,0.715206849,0.096992693,3.942106850,0.110564484,17.500921633,0,87,82,5,0.113725490,8,0,0,0,0,0,669,9,23555,97018,26047,135,2927,1770602
2451,1517157488.267096043,1517157488.367935181,1,0,0,1,-1.259247342,0.292887954,0.043085307,0.038051914,0.009841664,0.994170777,-0.100397508,778,432,0.555269923,0.035561864,0.022087339,0.017620750,0.763679108,16.603084514,0.000000000,0.716484315,0.094094876,3.950840788,0.101624461,17.397412545,0,84,81,3,0.107969152,13,0,0,0,0,0,680,14,23586,97102,26060,135,2927,1771282
2452,1517157488.367955923,1517157488.468795300,1,0,0,1,-1.440588946,0.256020946,0.057657398,0.028237078,0.011379155,0.994043085,-0.104649542,768,424,0.552083333,0.029261979,0.018053500,0.013650381,0.831636678,15.839313136,0.000000000,0.720314877,0.094000648,3.757964977,0.081422260,17.323856281,0,103,99,4,0.134114583,9,0,0,0,0,0,656,9,23622,97205,26069,135,2927,1771938
2453,1517157488.569675922,1517157488.670515299,1,0,0,1,-1.733173316,0.199095809,0.062101548,-0.024308304,0.007241718,0.993522960,-0.110764575,936,482,0.514957265,0.034704627,0.022490917,0.014303814,0.792545820,14.880112796,0.000000000,0.727863569,0.094805888,3.872494820,0.076662254,17.115861423,0,260,170,90,0.277777778,31,0,0,0,0,0,645,31,23785,97465,26100,135,2927,1772583
2454,1517157488.670536041,1517157488.771375179,1,0,0,1,-1.808288935,0.181737234,0.053941914,-0.032259349,-0.001181212,0.992941732,-0.114125613,982,606,0.617107943,0.029573891,0.017186493,0.013284788,0.554541428,16.706388418,0.000000000,0.719086636,0.101808080,3.766567103,0.073123587,17.047435241,0,260,229,31,0.264765784,30,0,0,0,0,0,692,30,23889,97725,26130,135,2927,1773275
2455,1517157488.771395922,1517157488.872235298,1,0,0,1,-1.837979004,0.174249556,0.051942426,-0.027572410,-0.001574631,0.993007523,-0.114775182,1010,654,0.647524752,0.029685886,0.015658320,0.010380129,0.517563749,17.547904851,0.000000000,0.711087833,0.108313128,3.613942601,0.070123406,17.060389220,0,214,213,1,0.211881188,24,0,0,0,0,0,772,24,23935,97939,26154,135,2927,1774047
2456,1517157488.872256041,1517157488.973095179,1,0,0,1,-1.838597798,0.175647044,0.055683830,-0.015153767,0.000988887,0.993081673,-0.116439583,1007,660,0.655412115,0.026623110,0.012967698,0.009855432,0.536907132,17.314261257,0.000000000,0.705723692,0.121252971,3.435803313,0.068722390,17.188589246,0,156,156,0,0.154915591,25,0,0,0,0,0,826,25,23957,98095,26179,135,2927,1774873
2457,1517157488.973117113,1517157489.073894262,1,0,0,1,-1.826292541,0.179683940,0.062563926,-0.001075922,0.004279337,0.993172181,-0.116574219,996,632,0.634538153,0.028345081,0.012868977,0.009034268,0.527964100,18.019899896,0.000000000,0.700533202,0.118871975,3.266031492,0.067653259,17.143690962,0,119,117,2,0.119477912,28,0,0,0,0,0,849,28,23973,98214,26207,135,2927,1775722
2458,1517157489.073915958,1517157489.174754381,1,0,0,1,-1.809342493,0.180499147,0.064916347,0.005300136,0.003731489,0.993186693,-0.116353675,997,636,0.637913741,0.028864042,0.014540939,0.011603118,0.522607273,16.919064394,0.000000000,0.695445796,0.119009020,3.096720209,0.064189696,16.963441106,0,120,119,1,0.120361083,27,0,0,0,0,0,850,27,23993,98334,26234,135,2927,1776572
2459,1517157489.174776077,1517157489.275615215,1,0,0,1,-1.793982858,0.182320417,0.067287926,0.012752727,0.006712062,0.993152020,-0.115936971,970,629,0.648453608,0.024143102,0.011495989,0.008884305,0.524619122,16.945902910,0.000000000,0.683861741,0.135173189,2.921411281,0.062540270,17.007770246,0,87,83,4,0.089690722,17,0,0,0,0,0,866,17,24007,98421,26251,135,2927,1777438
2460,1517157489.275635958,1517157489.376475334,1,0,0,1,-1.784578487,0.179760170,0.065631629,0.016806137,0.008593525,0.993124593,-0.115530294,973,608,0.624871531,0.023700118,0.012111247,0.008447071,0.522994057,17.754553503,0.000000000,0.674088753,0.147139762,2.741220426,0.061881143,16.999211298,0,86,86,0,0.088386434,17,0,0,0,0,0,870,17,24025,98507,26268,135,2927,1778308
2461,1517157489.376496077,1517157489.477335215,1,0,0,1,-1.781703249,0.177369796,0.063589369,0.018882863,0.007002038,0.993127444,-0.115292187,955,617,0.646073298,0.026319137,0.013984863,0.009800190,0.540034547,17.428478066,0.000000000,0.668254898,0.144296321,2.559657121,0.059469514,17.064237892,0,49,48,1,0.051308901,20,0,0,0,0,0,886,20,24032,98556,26288,135,2927,1779194
2462,1517157489.477355957,1517157489.578195333,1,0,0,1,-1.775269709,0.178686068,0.055354632,0.031779669,0.003050416,0.993392323,-0.110238103,995,626,0.629145729,0.028786061,0.016480367,0.011718333,0.507535013,17.542814975,0.000000000,0.654050736,0.137009554,2.381521879,0.067609288,17.104379348,0,70,69,1,0.070351759,15,0,0,0,0,0,910,15,24043,98626,26303,135,2927,1780104
2463,1517157489.679075956,1517157489.779915333,1,0,0,1,-1.856314370,0.154353544,0.065504924,0.057371285,-0.004576238,0.994789324,-0.084153396,1033,642,0.621490803,0.030244070,0.015493783,0.010355535,0.406734305,18.999986528,0.000000000,0.641323919,0.131976313,2.070252959,0.112699043,17.098531869,0,165,156,9,0.159728945,16,0,0,0,0,0,852,16,24088,98791,26319,135,2927,1780956
2464,1517157489.779936075,1517157489.880775213,1,0,0,1,-1.940304398,0.147510233,0.070565478,0.051201148,-0.002951656,0.997302964,-0.052502650,1105,686,0.620814480,0.030123597,0.013690103,0.010564569,0.378397410,19.819692913,0.000000000,0.622473973,0.126789362,1.967843643,0.176541221,17.230384246,0,142,124,18,0.128506787,28,0,0,0,0,0,935,28,24141,98933,26347,135,2927,1781891
2465,1517157489.880795956,1517157489.981635332,1,0,0,1,-2.017002433,0.162428305,0.071528807,0.045269376,-0.005938467,0.998842908,-0.015108404,1142,708,0.619964974,0.028179002,0.016164875,0.012967105,0.428062234,20.290544676,0.000000000,0.608975290,0.122222228,1.857999297,0.249621110,17.393986503,0,181,164,17,0.158493870,24,0,0,0,0,0,937,24,24209,99114,26371,135,2927,1782828
2466,1517157489.981656075,1517157490.082434177,1,0,0,1,-2.085488223,0.190085325,0.074418553,0.031410426,-0.005591642,0.999409994,0.012719396,1162,690,0.593803787,0.031286112,0.016728322,0.012437481,0.461322274,20.210371382,0.000000000,0.593948508,0.119570058,1.743064462,0.304594644,17.530365258,0,175,162,13,0.150602410,36,0,0,0,0,0,951,36,24285,99289,26407,135,2927,1783779
2467,1517157490.082454920,1517157490.183294296,1,0,0,1,-2.141841309,0.197038950,0.071898629,0.023180060,-0.002571327,0.999170675,0.033377166,1204,743,0.617109635,0.036309760,0.016572484,0.012217710,0.520253698,20.422381054,0.000000000,0.584269584,0.125013199,1.615609992,0.341212217,17.730003673,0,222,186,36,0.184385382,51,0,0,0,0,0,931,51,24408,99511,26458,135,2927,1784710
2468,1517157490.183315039,1517157490.284154177,1,0,0,1,-2.170076635,0.196024548,0.074811151,0.022920944,-0.002824909,0.998253073,0.054382471,1246,798,0.640449438,0.034627556,0.015815601,0.012058955,0.626134464,19.856023612,0.000000000,0.575895960,0.120472104,1.452361283,0.379905072,17.852065168,0,193,176,17,0.154895666,61,0,0,0,0,0,992,61,24487,99704,26519,135,2927,1785702
2469,1517157490.284174919,1517157490.385014296,1,0,0,1,-2.195351016,0.199611270,0.080472595,0.024420000,-0.002376254,0.997249642,0.069936891,1276,797,0.624608150,0.032311506,0.015193857,0.010618483,0.582774641,18.935089067,0.000000000,0.568431844,0.113611301,1.290031826,0.409310541,17.972876975,0,174,169,5,0.136363636,41,0,0,0,0,0,1061,41,24539,99878,26560,135,2927,1786763
2470,1517157490.385035038,1517157490.485874414,1,0,0,1,-2.219724367,0.206411412,0.081269120,0.025460691,-0.002296835,0.996087151,0.084598261,1267,823,0.649565904,0.029828450,0.013218962,0.010184561,0.644179416,17.923532724,0.000000000,0.559524323,0.113293742,1.126510875,0.435996903,17.997970034,0,154,150,4,0.121546961,47,0,0,0,0,0,1066,47,24590,100032,26607,135,2927,1787829
2471,1517157490.485894918,1517157490.586734295,1,0,0,1,-2.245001232,0.211934831,0.080222212,0.026511874,-0.001876781,0.994859760,0.097712110,1281,812,0.633879781,0.029304130,0.013518997,0.010015142,0.588043070,17.564226750,0.000000000,0.550742522,0.105857569,0.966781274,0.453928199,18.046027145,0,146,145,1,0.113973458,38,0,0,0,0,0,1097,38,24640,100178,26645,135,2927,1788926
2472,1517157490.586755037,1517157490.687594414,1,0,0,1,-2.270598574,0.219412517,0.078183558,0.026746352,-0.002154173,0.993477188,0.110829012,1316,849,0.645136778,0.028967777,0.013489075,0.010238274,0.598718528,17.535120537,0.000000000,0.539096614,0.105987665,0.695422555,0.467094102,18.130817515,0,147,145,2,0.111702128,33,0,0,0,0,0,1136,33,24675,100325,26678,135,2927,1790062
2473,1517157490.687614918,1517157490.788454294,1,0,0,1,-2.294968920,0.228857734,0.078529330,0.026810292,-0.001657455,0.992060495,0.122859415,1323,845,0.638699924,0.027259739,0.014043800,0.009660453,0.564763298,18.238703717,0.000000000,0.527707488,0.100752567,0.644035679,0.484861938,18.298747061,0,134,131,3,0.101284958,25,0,0,0,0,0,1164,25,24716,100459,26703,135,2927,1791226
2474,1517157490.990195036,1517157491.090973377,1,0,0,1,-2.360040523,0.261373142,0.069999468,0.027292310,-0.003819534,0.987543636,0.154913225,1317,837,0.635535308,0.028168427,0.013749270,0.010604362,0.577402316,18.879009897,0.000000000,0.528850532,0.101255265,0.686592318,0.548363634,18.407378135,0,173,170,3,0.131359150,33,0,0,0,0,0,1111,33,24772,100632,26736,135,2927,1792337
2475,1517157491.090993881,1517157491.191833258,1,0,0,1,-2.385019658,0.276543222,0.072538997,0.029043012,-0.004414557,0.985692048,0.165976507,1321,853,0.645722937,0.027195015,0.012475675,0.009868668,0.543386800,19.170568212,0.000000000,0.530141685,0.102631610,0.711885708,0.567525589,18.488511304,0,178,170,8,0.134746404,32,0,0,0,0,0,1111,32,24826,100810,26768,135,2927,1793448
2476,1517157491.191854954,1517157491.292693377,1,0,0,1,-2.410926322,0.286985263,0.073689032,0.029435895,-0.004821601,0.983473221,0.178579683,1330,854,0.642105263,0.025294969,0.011860025,0.008752168,0.491821067,20.224393439,0.000000000,0.527887382,0.105178217,0.725176643,0.592964870,18.634017913,0,192,181,11,0.144360902,34,0,0,0,0,0,1104,34,24903,101002,26802,135,2927,1794552
2477,1517157491.292715073,1517157491.393554211,1,0,0,1,-2.434251756,0.300493328,0.075280624,0.029727615,-0.004528243,0.981057303,0.191369622,1332,896,0.672672673,0.023070813,0.010346132,0.008239704,0.487316135,19.345394402,0.000000000,0.525854983,0.115180667,0.735046149,0.618571588,18.700292638,0,142,141,1,0.106606607,38,0,0,0,0,0,1152,38,24935,101144,26840,135,2927,1795704
2478,1517157491.393574953,1517157491.494414330,1,0,0,1,-2.456177613,0.312208939,0.074168892,0.029905896,-0.005001308,0.978064496,0.206083640,1301,858,0.659492698,0.025238015,0.012237580,0.009429885,0.563954069,18.461320523,0.000000000,0.527922323,0.118870627,0.744282579,0.647694203,18.777405444,0,160,159,1,0.122982321,29,0,0,0,0,0,1112,29,24975,101304,26869,135,2927,1796816
2479,1517157491.494435072,1517157491.595274210,1,0,0,1,-2.481886971,0.328574950,0.077850973,0.029933992,-0.004384807,0.975158089,0.219434342,1323,901,0.681027967,0.025324035,0.012588261,0.010139376,0.503482199,18.895733423,0.000000000,0.526865477,0.116277176,0.765094335,0.674199688,18.874896970,0,151,150,1,0.114134543,43,0,0,0,0,0,1129,43,25006,101455,26912,135,2927,1797945
2480,1517157491.595294952,1517157491.696134329,1,0,0,1,-2.503577693,0.345922193,0.079596503,0.030429821,-0.005691385,0.971480171,0.235091285,1294,879,0.679289026,0.027600026,0.012501905,0.010198476,0.493950568,19.514507443,0.000000000,0.525413303,0.109146510,0.788662995,0.705915916,18.962894667,0,170,167,3,0.131375580,42,0,0,0,0,0,1082,42,25046,101625,26954,135,2927,1799027
2481,1517157491.696155071,1517157491.796994209,1,0,0,1,-2.522064429,0.360241252,0.080979836,0.029973614,-0.005758492,0.967730919,0.250130548,1303,850,0.652340752,0.025156149,0.011317708,0.008789158,0.484703346,19.541021778,0.000000000,0.522646743,0.111288653,0.801555006,0.727057175,19.068521853,0,168,164,4,0.128933231,39,0,0,0,0,0,1096,39,25090,101793,26993,135,2927,1800123
2482,1517157491.797014952,1517157491.897854328,1,0,0,1,-2.545435205,0.379114436,0.082582814,0.028958608,-0.005955773,0.964191962,0.263552249,1354,878,0.648449040,0.024581364,0.012149884,0.009291046,0.513830158,18.910964257,0.000000000,0.522961500,0.116467813,0.746412341,0.703616793,19.136929317,0,137,134,3,0.101181684,35,0,0,0,0,0,1182,35,25109,101930,27028,135,2927,1801305
2483,1517157491.897875071,1517157491.998714209,1,0,0,1,-2.572469803,0.400403425,0.078006547,0.028292726,-0.006311273,0.960032381,0.278383759,1332,851,0.638888889,0.024902137,0.011077373,0.008743188,0.507642872,19.046161627,0.000000000,0.528006928,0.119818619,0.696705754,0.670341053,19.139238072,0,123,121,2,0.092342342,23,0,0,0,0,0,1186,23,25135,102053,27051,135,2927,1802491
2484,1517157492.099534035,1517157492.200373411,1,0,0,1,-2.614331525,0.446054685,0.081211595,0.028007645,-0.007748060,0.951405746,0.306565893,1298,831,0.640215716,0.028266406,0.015356507,0.010973057,0.514769912,18.396248742,0.000000000,0.534825553,0.119229809,0.680586317,0.654359325,19.068065863,0,131,129,2,0.100924499,23,0,0,0,0,0,1144,23,25152,102184,27074,135,2927,1803635
2485,1517157492.200393915,1517157492.301233292,1,0,0,1,-2.636585846,0.471298854,0.078436158,0.032127892,-0.009001274,0.946182219,0.321909899,1285,822,0.639688716,0.027485080,0.013404286,0.009981231,0.477271765,17.796450870,0.000000000,0.537286030,0.119485145,0.640437618,0.630868012,18.943361173,0,135,126,9,0.105058366,29,0,0,0,0,0,1121,29,25193,102319,27103,135,2927,1804756
2486,1517157492.301254034,1517157492.402093410,1,0,0,1,-2.666413900,0.500298143,0.082630223,0.035410047,-0.010219410,0.937805532,0.345199184,1328,842,0.634036145,0.032480502,0.018144963,0.013069832,0.495934164,19.199062292,0.000000000,0.539016624,0.121572571,0.625413465,0.638895585,18.892795718,0,169,165,4,0.127259036,37,0,0,0,0,0,1122,37,25258,102488,27140,135,2927,1805878
2487,1517157492.402113914,1517157492.502953291,1,0,0,1,-2.703803475,0.537251068,0.086554069,0.032117064,-0.011773886,0.928033225,0.370923446,1253,797,0.636073424,0.028167203,0.015676784,0.011039970,0.470782202,19.478641777,0.000000000,0.536543050,0.103448533,0.649725432,0.651766787,18.845608755,0,137,134,3,0.109337590,22,0,0,0,0,0,1094,22,25289,102625,27162,135,2927,1806972
2488,1517157492.502974033,1517157492.603813410,1,0,0,1,-2.738738538,0.584021684,0.093666063,0.029677562,-0.012649018,0.917713859,0.395929941,1226,750,0.611745514,0.026741718,0.014981572,0.010255138,0.445456052,19.551932431,0.000000000,0.527509129,0.087902202,0.682386831,0.674621187,18.830404195,0,132,130,2,0.107667210,21,0,0,0,0,0,1073,21,25317,102757,27183,135,2927,1808045
2489,1517157492.603833914,1517157492.704673290,1,0,0,1,-2.772406476,0.636801034,0.097067712,0.028232503,-0.011558467,0.904287371,0.425832923,1176,735,0.625000000,0.027822286,0.015016378,0.010722705,0.501998659,19.327957825,0.000000000,0.523470330,0.078368791,0.719765887,0.710851074,18.850047633,0,121,117,4,0.102891156,22,0,0,0,0,0,1033,22,25358,102878,27205,135,2927,1809078
2490,1517157492.704694033,1517157492.805533409,1,0,0,1,-2.809013244,0.697860459,0.097085038,0.028031920,-0.011681850,0.888833140,0.457223572,1199,720,0.600500417,0.025841269,0.014648200,0.011138391,0.450261060,19.766745741,0.000000000,0.513774412,0.076144512,0.765063465,0.754519391,18.942208284,0,108,105,3,0.090075063,13,0,0,0,0,0,1078,13,25384,102986,27218,135,2927,1810156
2491,1517157492.805553913,1517157492.906393290,1,0,0,1,-2.844017410,0.758833213,0.094043565,0.025520475,-0.012668022,0.872690354,0.487442071,1177,732,0.621920136,0.027945631,0.014539052,0.011513972,0.518652535,18.821519944,0.000000000,0.510304885,0.074193515,0.808690455,0.796609145,19.005072944,0,100,98,2,0.084961767,25,0,0,0,0,0,1052,25,25410,103086,27243,135,2927,1811208
2492,1517157492.906414032,1517157493.007191181,1,0,0,1,-2.873338800,0.825957032,0.089050353,0.022799709,-0.013851193,0.855287735,0.517466143,1181,735,0.622353937,0.033012608,0.014484419,0.011909639,0.496780738,19.857938494,0.000000000,0.505207996,0.087389675,0.855970039,0.841683113,19.121213842,0,107,97,10,0.090601185,23,0,0,0,0,0,1051,23,25453,103193,27266,135,2927,1812259
2493,1517157493.007211924,1517157493.108051300,1,0,0,1,-2.898516619,0.894761191,0.090334864,0.020326795,-0.014135599,0.835796934,0.548480166,1126,695,0.617229130,0.028737324,0.015721557,0.012091558,0.511621167,18.860498452,0.000000000,0.502550889,0.088162443,0.856005945,0.850236783,19.152303579,0,111,109,2,0.098579041,21,0,0,0,0,0,994,21,25492,103304,27287,135,2927,1813253
2494,1517157493.108072042,1517157493.208911180,1,0,0,1,-2.919770289,0.966486510,0.093686075,0.018129787,-0.013800143,0.815688900,0.578041941,1121,684,0.610169492,0.031011230,0.015902540,0.011077950,0.491397827,19.387114459,0.000000000,0.498250665,0.092710447,0.901554067,0.899317351,19.177708807,0,105,101,4,0.093666369,28,0,0,0,0,0,988,28,25514,103409,27315,135,2927,1814241
2495,1517157493.208931923,1517157493.309771299,1,0,0,1,-2.935224040,1.041840641,0.097445623,0.015869798,-0.012627974,0.795477264,0.605643960,1121,703,0.627118644,0.025846008,0.013264052,0.010008865,0.471487390,19.699350845,0.000000000,0.494655694,0.093661292,0.950612763,0.942167483,19.204147938,0,98,96,2,0.087421945,20,0,0,0,0,0,1003,20,25541,103507,27335,135,2927,1815244
2496,1517157493.309792995,1517157493.410631180,1,0,0,1,-2.945698851,1.118373946,0.095100399,0.013903391,-0.012267815,0.773802980,0.633154913,1134,713,0.628747795,0.026805497,0.013779313,0.009788679,0.479441782,19.199745887,0.000000000,0.494036730,0.092076048,1.000893735,0.986134370,19.152915561,0,80,80,0,0.070546737,21,0,0,0,0,0,1033,21,25564,103587,27356,135,2927,1816277
2497,1517157493.410653114,1517157493.511492252,1,0,0,1,-2.949306924,1.191470137,0.092457226,0.012676596,-0.013252397,0.750162769,0.660998863,1134,731,0.644620811,0.028170923,0.015849945,0.012394581,0.476691075,20.409183845,0.000000000,0.493505477,0.084304577,1.049242209,1.029124482,19.206105033,0,96,93,3,0.084656085,20,0,0,0,0,0,1018,20,25592,103683,27376,135,2927,1817295
2498,1517157493.511512995,1517157493.612352371,1,0,0,1,-2.948324105,1.258068172,0.093426707,0.009888115,-0.012044436,0.727262038,0.686182982,1107,704,0.635953026,0.025326907,0.013846672,0.010489871,0.495348265,20.255659345,0.000000000,0.490075187,0.084132808,1.085156421,1.069811533,19.295821974,0,79,78,1,0.071364047,11,0,0,0,0,0,1017,11,25613,103762,27387,135,2927,1818312
2499,1517157493.612373114,1517157493.713212252,1,0,0,1,-2.940442382,1.325992694,0.089155182,0.008172234,-0.009378998,0.703861490,0.710228309,1149,745,0.648389904,0.024390000,0.014078633,0.010973727,0.495181007,18.492881691,0.000000000,0.489660127,0.086215645,1.125840842,1.104823656,19.275679387,0,109,104,5,0.094865100,10,0,0,0,0,0,1030,10,25636,103871,27397,135,2927,1819342
2500,1517157493.713232994,1517157493.814072371,1,0,0,1,-2.934933531,1.372059188,0.074277779,0.004129124,0.021860646,0.692162808,0.721398440,1099,728,0.662420382,0.036760151,0.023722042,0.016544699,0.457474880,19.807024747,0.000000000,0.487836343,0.111290271,1.151138039,1.105698335,19.290305253,0,101,100,1,0.091901729,31,0,0,0,0,0,967,31,25658,103972,27428,135,2927,1820309
2501,1517157493.814093113,1517157493.914932251,1,0,0,1,-2.988317800,1.359281987,0.089625755,-0.010414975,-0.003293697,0.669460008,0.742767782,1124,708,0.629893238,0.035648539,0.019999636,0.012438967,0.478254034,20.330917351,0.000000000,0.487513877,0.121384461,1.178052835,1.140855534,19.329800031,0,105,100,5,0.093416370,26,0,0,0,0,0,993,26,25687,104077,27454,135,2927,1821302
2502,1517157493.914952993,1517157494.015731335,1,0,0,1,-3.011851167,1.347069904,0.097904898,-0.003935918,-0.033752107,0.666479264,0.744748745,1144,725,0.633741259,0.024549464,0.014153481,0.010325358,0.566768857,17.185275581,0.000000000,0.490160812,0.121454848,1.171115116,1.115888412,19.243515597,0,91,87,4,0.079545455,12,0,0,0,0,0,1041,12,25720,104168,27466,135,2927,1822343
2503,1517157494.015752077,1517157494.116591215,1,0,0,1,-3.013704970,1.339765560,0.074595945,-0.001287961,-0.027204684,0.668109999,0.743563902,1149,750,0.652741514,0.037189399,0.021639496,0.015832774,0.510343865,18.722788616,0.000000000,0.490295862,0.131862250,1.133590119,1.060557349,19.227346947,0,84,78,6,0.073107050,33,0,0,0,0,0,1032,33,25748,104252,27499,135,2927,1823375
2504,1517157494.217472076,1517157494.318311214,1,0,0,1,-2.982995263,1.333289587,0.087764147,0.014058680,-0.005636579,0.678967775,0.734011814,1144,749,0.654720280,0.027393800,0.014431444,0.010402826,0.509276054,18.879206406,0.000000000,0.490021169,0.132551214,1.133858543,1.056079057,19.251494830,0,77,76,1,0.067307692,14,0,0,0,0,0,1053,14,25764,104329,27513,135,2927,1824428
2505,1517157494.318331957,1517157494.419171333,1,0,0,1,-2.975406026,1.338899389,0.092623331,0.016939578,-0.004687867,0.680751955,0.732303114,1104,727,0.658514493,0.024096454,0.013089619,0.010139680,0.485353486,19.979428818,0.000000000,0.490425255,0.138098948,1.102661316,1.011317794,19.360643727,0,58,56,2,0.052536232,13,0,0,0,0,0,1033,13,25780,104387,27526,135,2927,1825461
2506,1517157494.419192076,1517157494.520031214,1,0,0,1,-2.967110940,1.344135142,0.094310423,0.016097434,-0.003347661,0.681908203,0.731252945,1085,699,0.644239631,0.023279190,0.013354914,0.010033141,0.478715045,18.610427809,0.000000000,0.489564299,0.143488193,1.059899367,0.959518005,19.331212003,0,48,47,1,0.044239631,16,0,0,0,0,0,1021,16,25790,104435,27542,135,2927,1826482
2507,1517157494.520051956,1517157494.620891333,1,0,0,1,-2.969061440,1.346296888,0.095706997,0.016584019,-0.001398821,0.681800643,0.731348683,1097,711,0.648131267,0.023774889,0.014300223,0.010640080,0.478899912,18.868549223,0.000000000,0.489970185,0.149031046,1.004319347,0.905749682,19.300707376,0,48,45,3,0.043755697,11,0,0,0,0,0,1038,11,25806,104483,27553,135,2927,1827520
2508,1517157494.620912075,1517157494.721751213,1,0,0,1,-2.970324793,1.346800879,0.094602851,0.016857921,-0.000516327,0.681548409,0.731578643,1095,722,0.659360731,0.024492341,0.013660150,0.010666195,0.506878301,19.196883914,0.000000000,0.493041297,0.152028988,0.943375480,0.840761409,19.282954950,0,24,24,0,0.021917808,8,0,0,0,0,0,1063,8,25811,104507,27561,135,2927,1828583
2509,1517157494.721771955,1517157494.822611332,1,0,0,1,-2.972428461,1.344635545,0.092028598,0.016792052,-0.000764218,0.681768373,0.731374957,1091,714,0.654445463,0.024759782,0.013529215,0.010382644,0.489618306,19.347167763,0.000000000,0.492422279,0.155073047,0.876150898,0.771297907,19.283915447,0,25,25,0,0.022914757,8,0,0,0,0,0,1058,8,25813,104532,27569,135,2927,1829641
2510,1517157494.822632074,1517157494.923471212,1,0,0,1,-2.974269763,1.343677812,0.090550805,0.017099971,-0.000720186,0.681798258,0.731340008,1094,717,0.655393053,0.024185084,0.012988067,0.009923772,0.498778923,19.170915757,0.000000000,0.494848172,0.157507249,0.808326740,0.702894629,19.254123947,0,21,21,0,0.019195612,10,0,0,0,0,0,1063,10,25814,104553,27579,135,2927,1830704
2511,1517157494.923491955,1517157495.024279356,1,0,0,1,-2.975828953,1.342775849,0.088507378,0.016825516,-0.000865462,0.681793953,0.731350229,1104,725,0.656702899,0.024550000,0.012523873,0.009474407,0.493400922,19.244096785,0.000000000,0.493585592,0.160603312,0.737632197,0.633551423,19.275252789,0,24,24,0,0.021739130,11,0,0,0,0,0,1069,11,25816,104577,27590,135,2927,1831773
2512,1517157495.024300098,1517157495.125139236,1,0,0,1,-2.976469455,1.344864512,0.087759820,0.016796489,-0.000584832,0.681725704,0.731414794,1080,722,0.668518519,0.024499512,0.012634365,0.009289516,0.492429827,18.540838300,0.000000000,0.493368046,0.158592017,0.666663772,0.560480090,19.209397780,0,9,9,0,0.008333333,8,0,0,0,0,0,1063,8,25816,104586,27598,135,2927,1832836
2513,1517157495.125159979,1517157495.225999355,1,0,0,1,-2.975871730,1.345627324,0.087511342,0.016713162,-0.000736183,0.681752377,0.731391704,1090,734,0.673394495,0.023288050,0.012392510,0.009262365,0.471639173,18.812886905,0.000000000,0.491368947,0.162794444,0.592781176,0.489026947,19.207017202,0,7,7,0,0.006422018,8,0,0,0,0,0,1075,8,25818,104593,27606,135,2927,1833911
2514,1517157495.326879978,1517157495.427719355,1,0,0,1,-2.975956884,1.344712390,0.087642891,0.016981264,-0.000732386,0.681765635,0.731373174,1104,737,0.667572464,0.024859933,0.013129013,0.009933857,0.489354042,19.084909502,0.000000000,0.491266757,0.161791735,0.516695163,0.420603906,19.191906955,0,12,12,0,0.010869565,6,0,0,0,0,0,1086,6,25820,104605,27612,135,2927,1834997
2515,1517157495.427740097,1517157495.528577089,1,0,0,1,-2.973550241,1.348806760,0.095499709,0.020277882,-0.002493148,0.681335214,0.731686352,1109,727,0.655545537,0.025089776,0.014559439,0.010450485,0.496297544,18.067084636,0.000000000,0.492507265,0.162417042,0.448593476,0.351728028,19.110293644,0,39,39,0,0.035166817,7,0,0,0,0,0,1063,7,25829,104644,27619,135,2927,1836060
2516,1517157495.528600931,1517157495.629437208,1,0,0,1,-2.969895197,1.360696273,0.092927217,0.021401666,-0.003954634,0.681365356,0.731619833,1114,724,0.649910233,0.025329159,0.013130860,0.009878308,0.451286961,18.984826512,0.000000000,0.491099524,0.163221280,0.388062448,0.278783773,19.099547675,0,45,44,1,0.040394973,16,0,0,0,0,0,1053,16,25837,104689,27635,135,2927,1837113
2517,1517157495.629461050,1517157495.730300188,1,0,0,1,-2.968036236,1.377648621,0.090152137,0.021381950,-0.003807470,0.680980023,0.731979865,1100,716,0.650909091,0.024965045,0.013132441,0.009817786,0.438576257,19.399854675,0.000000000,0.489193783,0.164118553,0.338728386,0.211750684,19.049081217,0,38,38,0,0.034545455,12,0,0,0,0,0,1050,12,25848,104727,27647,135,2927,1838163
2518,1517157495.730320930,1517157495.831160307,1,0,0,1,-2.971004805,1.397106425,0.088104574,0.021369977,-0.006251258,0.681165108,0.731791187,1118,715,0.639534884,0.024641832,0.012811160,0.009666751,0.440750850,19.341371061,0.000000000,0.486463912,0.164756114,0.290003988,0.145140622,19.003366803,0,42,42,0,0.037567084,9,0,0,0,0,0,1067,9,25856,104769,27656,135,2927,1839230
2519,1517157495.831181049,1517157495.932020187,1,0,0,1,-2.974955923,1.406845280,0.087943590,0.020403875,-0.008015529,0.681097100,0.731864861,1112,716,0.643884892,0.025734829,0.012559946,0.009370845,0.447983492,19.419383902,0.000000000,0.484104037,0.163541246,0.251793332,0.113374003,19.049691913,0,53,52,1,0.047661871,17,0,0,0,0,0,1042,17,25871,104822,27673,135,2927,1840272
2520,1517157495.932040930,1517157496.032811403,1,0,0,1,-2.978803350,1.408289243,0.085671098,0.018825377,-0.009388679,0.680650164,0.732306502,1111,733,0.659765977,0.026200190,0.012880379,0.009614686,0.452503055,19.351563719,0.000000000,0.483855445,0.139770732,0.199491936,0.051622044,19.026918862,0,43,43,0,0.038703870,13,0,0,0,0,0,1055,13,25887,104865,27686,135,2927,1841327
2521,1517157496.032831907,1517157496.133671284,1,0,0,1,-2.979446642,1.401096615,0.090199617,0.021386875,-0.009366482,0.681422072,0.731518168,1110,719,0.647747748,0.023858066,0.012222520,0.008952169,0.429086324,19.512977811,0.000000000,0.481397060,0.113513929,0.180239876,0.047873419,18.986021885,0,56,52,4,0.050450450,12,0,0,0,0,0,1042,12,25897,104921,27698,135,2927,1842369
2522,1517157496.133692026,1517157496.234531403,1,0,0,1,-2.976356915,1.396193662,0.089328956,0.021297056,-0.006725470,0.682172395,0.730850208,1108,690,0.622743682,0.024332774,0.012068764,0.008525543,0.419049513,20.335841147,0.000000000,0.474011093,0.113694841,0.161603318,0.046245601,19.143550163,0,42,40,2,0.037906137,19,0,0,0,0,0,1047,19,25911,104963,27717,135,2927,1843416
2523,1517157496.234551907,1517157496.335391283,1,0,0,1,-2.973219026,1.394889744,0.092055471,0.022619561,-0.007236098,0.682199599,0.730780200,1114,725,0.650807899,0.023350999,0.012635682,0.008963936,0.418800579,19.864808480,0.000000000,0.469433928,0.039989395,0.131924316,0.018321635,19.200651156,0,44,44,0,0.039497307,9,0,0,0,0,0,1061,9,25920,105007,27726,135,2927,1844477
2524,1517157496.335412025,1517157496.436251402,1,0,0,1,-2.970649068,1.401351435,0.091977823,0.022584865,-0.008405661,0.682091605,0.730869558,1129,725,0.642161205,0.023979185,0.012360749,0.009398332,0.396388976,21.611829013,0.000000000,0.463789574,0.031182860,0.128263757,0.013742792,19.337282287,0,44,42,2,0.038972542,15,0,0,0,0,0,1070,15,25937,105051,27741,135,2927,1845547
2525,1517157496.436271906,1517157496.537111282,1,0,0,1,-2.971120673,1.407343246,0.095549390,0.019460799,-0.005359770,0.681926934,0.731141714,1143,737,0.644794401,0.023028151,0.013796325,0.010119070,0.415609411,21.369367699,0.000000000,0.460302371,0.033665919,0.125301921,0.011108753,19.406779231,0,52,50,2,0.045494313,7,0,0,0,0,0,1084,7,25950,105103,27748,135,2927,1846631
2526,1517157496.637991905,1517157496.738831282,1,0,0,1,-2.970691395,1.401501442,0.092870164,0.024187975,-0.008834510,0.682133912,0.730773713,1130,727,0.643362832,0.023026172,0.011725760,0.008504547,0.381841355,21.581810583,0.000000000,0.455458686,0.034463666,0.128513889,0.011433091,19.555348369,0,50,47,3,0.044247788,9,0,0,0,0,0,1071,9,25964,105153,27757,135,2927,1847702
2527,1517157496.738852024,1517157496.839691401,1,0,0,1,-2.972843060,1.404369212,0.088828567,0.019288578,-0.005551618,0.682128497,0.730956800,1085,706,0.650691244,0.023591424,0.013263426,0.009260378,0.413614741,19.260706107,0.000000000,0.452194428,0.034792592,0.132164591,0.010819071,19.574956214,0,26,26,0,0.023963134,8,0,0,0,0,0,1051,8,25971,105179,27765,135,2927,1848753
2528,1517157496.839711905,1517157496.940551281,1,0,0,1,-2.973713110,1.400656539,0.095853302,0.023046347,-0.007233852,0.681983242,0.730968806,1100,697,0.633636364,0.023002756,0.013421555,0.010373992,0.394290303,20.603547638,0.000000000,0.446565028,0.037013219,0.136190100,0.010592093,19.645289400,0,30,29,1,0.027272727,12,0,0,0,0,0,1058,12,25983,105209,27777,135,2927,1849811
2529,1517157496.940572023,1517157497.041349411,1,0,0,1,-2.974946345,1.399641543,0.104909045,0.022560329,-0.006630368,0.682115680,0.730866108,1094,708,0.647166362,0.025665013,0.013821364,0.010383654,0.417184640,19.875827816,0.000000000,0.442943344,0.038711181,0.142837774,0.010861261,19.671722402,0,40,39,1,0.036563071,18,0,0,0,0,0,1036,18,25994,105249,27795,135,2927,1850847
2530,1517157497.041369915,1517157497.142209291,1,0,0,1,-2.975984623,1.399574031,0.101313143,0.022459963,-0.005689961,0.682259252,0.730743106,1103,714,0.647325476,0.022815806,0.012076222,0.008275049,0.400420753,20.582030174,0.000000000,0.438025436,0.041210345,0.143857174,0.011224164,19.742278123,0,37,35,2,0.033544878,10,0,0,0,0,0,1056,10,26005,105286,27805,135,2927,1851903
2531,1517157497.142230034,1517157497.243069410,1,0,0,1,-2.975996982,1.398920102,0.096583766,0.022286919,-0.005785612,0.682316056,0.730694615,1087,723,0.665133395,0.022128808,0.011785771,0.008467839,0.406831633,20.123995387,0.000000000,0.433696971,0.045655644,0.146322538,0.011195445,19.786273053,0,25,24,1,0.022999080,4,0,0,0,0,0,1058,4,26011,105311,27809,135,2927,1852961
2532,1517157497.243089914,1517157497.343929291,1,0,0,1,-2.974932951,1.399894387,0.092214336,0.021638860,-0.005905627,0.682275024,0.730751445,1107,726,0.655826558,0.022429351,0.012355211,0.008710284,0.430515035,19.707448092,0.000000000,0.430601232,0.048330957,0.149923534,0.011229912,19.844603543,0,29,29,0,0.026196929,8,0,0,0,0,0,1070,8,26012,105340,27817,135,2927,1854031
2533,1517157497.343950033,1517157497.444789410,1,0,0,1,-2.972820152,1.399476944,0.088010108,0.021717494,-0.005996819,0.682383617,0.730646966,1101,718,0.652134423,0.022584197,0.012601112,0.008588699,0.414915961,19.888074521,0.000000000,0.427765071,0.049782347,0.153719017,0.011493119,19.898362924,0,14,14,0,0.012715713,7,0,0,0,0,0,1080,7,26013,105354,27824,135,2927,1855111
2534,1517157497.545670033,1517157497.646509409,1,0,0,1,-2.972484383,1.398748236,0.087095323,0.021783024,-0.006194831,0.682333643,0.730690033,1103,725,0.657298277,0.022120883,0.011487199,0.009083559,0.422340026,19.945708152,0.000000000,0.424414370,0.052279280,0.145755104,0.010446708,19.941402856,0,20,20,0,0.018132366,7,0,0,0,0,0,1076,7,26015,105374,27831,135,2927,1856187
2535,1517157497.646531105,1517157497.747369289,1,0,0,1,-2.973137911,1.398809115,0.083086183,0.022378452,-0.007273389,0.682144423,0.730838757,1102,719,0.652450091,0.023189828,0.012627841,0.009675246,0.421705411,19.475431133,0.000000000,0.420684764,0.051541279,0.137115743,0.010849606,20.011820181,0,20,20,0,0.018148820,6,0,0,0,0,0,1076,6,26016,105394,27837,135,2927,1857263
2536,1517157497.747390985,1517157497.848229408,1,0,0,1,-2.973086316,1.400588284,0.082360598,0.021440079,-0.006473395,0.682192977,0.730829091,1111,724,0.651665167,0.022420399,0.012219214,0.008715021,0.410900053,19.954278597,0.000000000,0.418665418,0.051106978,0.121759593,0.009912318,20.060292785,0,12,12,0,0.010801080,9,0,0,0,0,0,1090,9,26017,105406,27846,135,2927,1858353
2537,1517157497.848251104,1517157497.949090242,1,0,0,1,-2.972558451,1.399852197,0.087901315,0.021231664,-0.005398966,0.682328449,0.730717425,1097,711,0.648131267,0.022197907,0.011994459,0.008911647,0.412705386,20.366677702,0.000000000,0.417371875,0.051420485,0.107584696,0.009716662,20.108633937,0,17,17,0,0.015496809,7,0,0,0,0,0,1073,7,26020,105423,27853,135,2927,1859426
2538,1517157497.949110985,1517157498.049889326,1,0,0,1,-2.973216359,1.397139952,0.084999574,0.022913473,-0.007147336,0.682357908,0.730624098,1104,711,0.644021739,0.023385468,0.013129864,0.009657055,0.432452174,19.477534855,0.000000000,0.416956941,0.050370156,0.101099695,0.009689207,20.115442126,0,19,19,0,0.017210145,8,0,0,0,0,0,1077,8,26022,105442,27861,135,2927,1860503
2539,1517157498.049910069,1517157498.150749207,1,0,0,1,-2.974507714,1.401799289,0.087997474,0.020415333,-0.005389339,0.682160954,0.730897121,1084,710,0.654981550,0.024230405,0.013484287,0.010078054,0.412602484,19.475884626,0.000000000,0.415187891,0.046063143,0.102092719,0.009083540,20.118267163,0,33,33,0,0.030442804,8,0,0,0,0,0,1043,8,26031,105475,27869,135,2927,1861546
2540,1517157498.150769949,1517157498.251609325,1,0,0,1,-2.975702145,1.403358799,0.083118410,0.022520911,-0.006918704,0.682170793,0.730813211,1113,714,0.641509434,0.024022603,0.012435892,0.009333525,0.428039561,19.079132409,0.000000000,0.413964716,0.037711771,0.098828575,0.007035748,20.104645597,0,41,41,0,0.036837376,7,0,0,0,0,0,1065,7,26044,105516,27876,135,2927,1862611
2541,1517157498.251630068,1517157498.352469206,1,0,0,1,-2.974127509,1.403293131,0.073119424,0.022743196,-0.008213485,0.682289759,0.730681853,1113,719,0.646001797,0.027420769,0.015574602,0.012280531,0.460894089,18.595531805,0.000000000,0.415555104,0.053663920,0.103090676,0.005415176,20.058773297,0,25,25,0,0.022461815,16,0,0,0,0,0,1072,16,26051,105541,27892,135,2927,1863683
2542,1517157498.352489948,1517157498.453329325,1,0,0,1,-2.973535300,1.405143303,0.074714747,0.021270011,-0.007172368,0.682148310,0.730869227,1089,705,0.647382920,0.024796403,0.013854675,0.009732921,0.429652819,18.898236518,0.000000000,0.416085269,0.054472898,0.101247765,0.005742791,19.986893065,0,31,31,0,0.028466483,8,0,0,0,0,0,1050,8,26059,105572,27900,135,2927,1864733
2543,1517157498.453350067,1517157498.554189205,1,0,0,1,-2.971420650,1.401216762,0.074295620,0.022096209,-0.006900708,0.682395197,0.730616817,1101,717,0.651226158,0.024588975,0.013472475,0.010175537,0.403807516,19.992348915,0.000000000,0.415335616,0.055287629,0.098772743,0.006145191,19.993270087,0,19,19,0,0.017257039,6,0,0,0,0,0,1076,6,26060,105591,27906,135,2927,1865809
2544,1517157498.655070066,1517157498.755909204,1,0,0,1,-2.970683254,1.403868773,0.091418725,0.024026718,-0.010116718,0.682024637,0.730864395,1126,715,0.634991119,0.024271192,0.011928892,0.009052031,0.444580701,19.132817934,0.000000000,0.417745203,0.055532261,0.109124239,0.006561113,19.869319533,0,45,45,0,0.039964476,13,0,0,0,0,0,1068,13,26070,105636,27919,135,2927,1866877
2545,1517157498.755929947,1517157498.856769323,1,0,0,1,-2.970440210,1.404122088,0.084261562,0.019752058,-0.007821240,0.682431080,0.730641161,1110,718,0.646846847,0.024497477,0.013971400,0.010080768,0.429998042,19.028570808,0.000000000,0.418464634,0.055786679,0.109848794,0.006985554,19.752279689,0,28,27,1,0.025225225,10,0,0,0,0,0,1072,10,26073,105664,27929,135,2927,1867949
2546,1517157498.957649946,1517157499.058427334,1,0,0,1,-2.970165457,1.403029700,0.079172210,0.022955497,-0.010387570,0.682379255,0.730563958,1120,702,0.626785714,0.026086325,0.013114562,0.009508852,0.425539150,19.845717076,0.000000000,0.420649524,0.059482417,0.109658691,0.006979956,19.665475013,0,42,40,2,0.037500000,12,0,0,0,0,0,1066,12,26089,105706,27941,135,2927,1869015
2547,1517157499.058448076,1517157499.159287214,1,0,0,1,-2.971025520,1.402837648,0.074228690,0.024553002,-0.011174110,0.682614495,0.730280590,1112,711,0.639388489,0.027083569,0.014550888,0.011146345,0.437549690,19.493348140,0.000000000,0.421846271,0.066232447,0.106687157,0.007272809,19.677107115,0,32,32,0,0.028776978,16,0,0,0,0,0,1064,16,26099,105738,27957,135,2927,1870079
