1706080520.841805935 -0.347737420 -0.157661310 1.233606237 0.009530368 0.005568699 -0.000570075 0.999938916
1706080520.944506407 -0.035694696 0.067607735 1.508874866 0.003440100 0.005809613 0.000977335 0.999976729
1706080521.043147087 0.005816105 -0.078902726 1.574827682 0.000297898 0.006974374 0.001637842 0.999974293
1706080521.141751289 -0.046295488 -0.195615148 2.671651831 0.000882946 0.011237255 0.002805119 0.999932536
1706080521.240401745 -0.045235739 -0.301634192 2.488455278 -0.003470174 0.009999133 0.004085554 0.999935640
1706080521.345143795 -0.026251232 -0.404961745 2.665888551 -0.005936433 0.011329646 0.005320479 0.999904041
1706080521.444973707 0.030728847 -0.419581231 2.436522113 -0.005899413 0.010053684 0.005955371 0.999914323
1706080521.544816256 0.044627610 -0.384986822 2.926739286 -0.003558793 0.013058556 0.007053325 0.999883523
1706080521.644251108 0.042723284 -0.393455237 3.130354512 -0.006715972 0.012317648 0.007357404 0.999874512
1706080521.743350983 0.030841850 -0.444236726 3.422916342 -0.008627598 0.014379164 0.008457646 0.999823621
1706080521.844841719 -0.017134675 -0.445298769 3.196453859 -0.006264074 0.013144509 0.008909973 0.999854287
1706080521.943651199 -0.040836337 -0.470893095 3.216942020 -0.006367596 0.013698600 0.010119762 0.999834683
1706080522.042573929 -0.013502165 -0.433093354 3.202404532 -0.007918915 0.013108331 0.010810209 0.999824285
1706080522.145434618 -0.032316094 -0.479780843 3.311125204 -0.005583887 0.013612599 0.011751855 0.999822690
1706080522.244150400 -0.026234940 -0.422411630 3.076508851 -0.006177382 0.012936115 0.012274896 0.999821896
1706080522.342797279 -0.005987752 -0.389238469 2.979782819 -0.005485565 0.013099938 0.013182467 0.999812244
1706080522.441410065 0.027195760 -0.356003825 3.074129288 -0.004909516 0.013800676 0.013954883 0.999795329
1706080522.540051937 0.081312434 -0.286795325 3.013600098 -0.004010101 0.013673195 0.014553324 0.999792560
1706080522.645422220 0.094215428 -0.262122683 2.952485734 -0.003693423 0.013981445 0.015227071 0.999779483
1706080522.745183706 0.091432321 -0.282693648 2.986532069 -0.003195686 0.014287914 0.016025474 0.999764386
1706080522.845100403 0.105170003 -0.240250587 3.036881916 -0.002735910 0.014571741 0.016614417 0.999752039
1706080522.944437265 0.112790002 -0.237145005 2.980003045 -0.003598900 0.014391087 0.016994505 0.999745533
1706080523.043548346 0.117362081 -0.276991140 3.052309198 -0.003308333 0.015557257 0.017962844 0.999712140
1706080523.144795656 0.143841555 -0.221691726 3.040946695 -0.002425622 0.014558879 0.018248176 0.999724542
1706080523.243827820 0.154961425 -0.211885601 2.932884847 -0.001967785 0.013999398 0.018811231 0.999723103
1706080523.342531919 0.166596282 -0.206067128 2.872135854 -0.002309268 0.013805437 0.019238136 0.999716946
1706080523.444918156 0.173142660 -0.184743854 2.906028802 -0.001916598 0.014274493 0.019466757 0.999706762
1706080523.543826103 0.185303632 -0.231989699 2.930963203 -0.003468457 0.013772399 0.020323866 0.999692568
1706080523.642457724 0.200530013 -0.242642393 2.957862559 -0.002541045 0.013470466 0.020855273 0.999688525
1706080523.741091967 0.231985451 -0.263245756 2.867540422 -0.003316338 0.012663002 0.021652310 0.999679863
1706080523.839690924 0.244286039 -0.275224717 2.866206189 -0.002871176 0.013110675 0.022113051 0.999665384
1706080523.944945335 0.247597735 -0.293475905 2.860916833 -0.002694170 0.012866132 0.022851391 0.999652449
1706080524.043728828 0.252510877 -0.266651057 2.868243552 -0.001790788 0.012930906 0.023265262 0.999644093
1706080524.145431519 0.264059239 -0.263373649 2.748637474 -0.002906173 0.012632192 0.023833826 0.999631898
1706080524.244668484 0.274246859 -0.226055996 2.818606957 -0.001824649 0.013600201 0.024012219 0.999617486
1706080524.345113754 0.288264238 -0.182941560 2.874175841 -0.002284001 0.013384777 0.024213774 0.999614588
1706080524.444717646 0.308736781 -0.171739912 2.841156383 -0.002615224 0.013208642 0.024844090 0.999600652
1706080524.543534517 0.334941305 -0.164179945 2.879855526 -0.001634707 0.013828947 0.025420068 0.999579866
1706080524.642525911 0.335096082 -0.170655119 2.899404794 -0.002636379 0.013938311 0.025586595 0.999571958
1706080524.744852781 0.345365582 -0.187318131 2.865714808 -0.002017467 0.013156682 0.025985665 0.999573698
1706080524.843471766 0.364423335 -0.198231361 2.876218029 -0.002408374 0.013516928 0.026368085 0.999558011
1706080524.942096949 0.379407333 -0.182613726 2.851075547 -0.001416600 0.013815864 0.026342318 0.999556500
1706080525.040713549 0.377649583 -0.196500844 2.893771329 -0.002045103 0.013888882 0.026483069 0.999550681
1706080525.139326334 0.369039945 -0.218863022 2.948989664 -0.002773822 0.014097876 0.026741943 0.999539106
1706080525.244791746 0.381744674 -0.216640340 2.969945682 -0.004191520 0.013737782 0.027057528 0.999530687
1706080525.343182564 0.391576193 -0.212719140 2.952995064 -0.004883818 0.014231062 0.027228417 0.999516002
1706080525.445306063 0.399014459 -0.210880534 2.892084769 -0.006413138 0.013963354 0.027505766 0.999503541
1706080525.544862032 0.412024058 -0.196317521 2.860866480 -0.007643584 0.013544172 0.028008087 0.999486707
1706080525.643826246 0.432321659 -0.175643387 2.857247074 -0.008622146 0.013318434 0.028418631 0.999470189
1706080525.744665146 0.462186904 -0.126993197 2.860259571 -0.009646068 0.013432762 0.028656378 0.999452513
1706080525.843574047 0.484773349 -0.105727582 2.847801079 -0.011307982 0.013063027 0.029196466 0.999424361
1706080525.942384243 0.503642061 -0.103291972 2.865685007 -0.012203169 0.012995332 0.029690024 0.999400173
1706080526.044524908 0.522758030 -0.113902018 2.852272773 -0.013251415 0.012813869 0.030188412 0.999374236
1706080526.143142462 0.535388490 -0.122949454 2.864945648 -0.014263936 0.013031447 0.030570051 0.999345883
1706080526.241770029 0.535106253 -0.126993145 2.878515370 -0.015683333 0.013071822 0.030990654 0.999311133
1706080526.340352297 0.538181396 -0.118286112 2.867091968 -0.016514223 0.012680801 0.031478849 0.999287526
1706080526.445310593 0.543120309 -0.117304587 2.867485098 -0.016759692 0.012789524 0.031790616 0.999272184
1706080526.544208527 0.549430752 -0.125649597 2.797119018 -0.018613701 0.013005771 0.032225152 0.999222658
1706080526.642778158 0.555847501 -0.113109617 2.809915602 -0.019312996 0.013541889 0.032770621 0.999184523
1706080526.741419077 0.567845999 -0.108087677 2.893104300 -0.019154629 0.013283485 0.033329326 0.999172560
1706080526.844913006 0.579427896 -0.088200569 2.848630421 -0.019257635 0.013592024 0.033659109 0.999155376
1706080526.945333719 0.598616719 -0.081357867 2.835740711 -0.019242034 0.013767093 0.034108917 0.999138025
1706080527.044892788 0.615746933 -0.087931411 2.855052777 -0.019781031 0.014182194 0.034603271 0.999104694
1706080527.143569231 0.627030034 -0.096550288 2.828100616 -0.019011302 0.013537539 0.034939361 0.999116883
1706080527.244489908 0.644463925 -0.101053910 2.778770399 -0.018893823 0.013571540 0.035407365 0.999102175
1706080527.344178200 0.648531911 -0.109260443 2.794485116 -0.017714304 0.013686567 0.035931906 0.999103488
1706080527.442777395 0.635277819 -0.087632029 2.825495670 -0.016526140 0.013569581 0.036224240 0.999114887
1706080527.541361332 0.647740491 -0.072774484 2.822477268 -0.016690166 0.013444525 0.036598863 0.999100198
1706080527.639874697 0.675430931 -0.067387976 2.819124976 -0.016348625 0.013213399 0.037077478 0.999091282
1706080527.744848967 0.687347205 -0.066732361 2.837492298 -0.015101878 0.013796758 0.037511933 0.999086802
1706080527.843850374 0.696709696 -0.052663950 2.818009006 -0.014550575 0.013329720 0.037932149 0.999085458
1706080527.942443132 0.720275302 -0.050406632 2.792599086 -0.014274414 0.013506870 0.038364643 0.999070548
1706080528.045156002 0.730867758 -0.040093566 2.799464002 -0.013180247 0.013597051 0.038806594 0.999067290
1706080528.144715071 0.748675823 -0.032711136 2.766037235 -0.012708354 0.013812446 0.039405296 0.999047014
1706080528.243435383 0.761316429 -0.024637954 2.773063720 -0.012614313 0.013711446 0.039863719 0.999031411
1706080528.344820499 0.779087366 -0.023303774 2.773856152 -0.012636202 0.013933727 0.040274915 0.999011566
1706080528.440760374 0.792804743 -0.025363073 2.773994535 -0.012190670 0.013885229 0.040741959 0.998998839
1706080528.545154810 0.813688923 -0.011975414 2.830639729 -0.011688805 0.014243561 0.041340506 0.998975203
1706080528.643825293 0.823333649 -0.025382129 2.841244267 -0.012205262 0.013673801 0.041906976 0.998953384
1706080528.742406130 0.832441535 -0.037290164 2.821226662 -0.012006225 0.013810311 0.042335319 0.998935857
1706080528.840881348 0.835526974 -0.045091679 2.850089309 -0.012010158 0.014189798 0.043051519 0.998899881
1706080528.933988810 0.834895537 -0.047213224 2.849355529 -0.013008838 0.014313245 0.043413330 0.998869953
1706080529.044874430 0.837994760 -0.046904254 2.843050752 -0.012999819 0.013678378 0.044189878 0.998844914
1706080529.143485069 0.862385506 -0.027807961 2.844794255 -0.013302837 0.013891958 0.044628573 0.998818471
1706080529.242279768 0.858797652 -0.015004641 2.875022539 -0.014297920 0.014495428 0.044830038 0.998787124
1706080529.345434189 0.880928973 0.007931379 2.882879697 -0.014122287 0.014221554 0.045507440 0.998762925
1706080529.444480658 0.895586753 0.005434947 2.791357711 -0.014708388 0.014082893 0.045911362 0.998737945
1706080529.543139935 0.911142295 0.019616066 2.802759412 -0.014968114 0.014434966 0.046353929 0.998708616
1706080529.641795874 0.925081968 0.014611695 2.769982287 -0.015095383 0.014191350 0.046861346 0.998686512
1706080529.744110584 0.947262840 0.015163333 2.765746796 -0.015733540 0.013907626 0.047408171 0.998654845
1706080529.844818592 0.958702877 0.023793922 2.800026265 -0.015025777 0.014286569 0.047826889 0.998640430
1706080529.943386555 0.966414499 0.040806766 2.813838897 -0.015321894 0.014581285 0.048315416 0.998608155
1706080530.036390305 0.983856567 0.035637278 2.760969318 -0.016971468 0.014142793 0.048976824 0.998555568
1706080530.135004759 1.011900736 0.044949988 2.724774841 -0.016198470 0.013764540 0.049536399 0.998546089
1706080530.233646631 1.014643159 0.054224299 2.749056558 -0.015834129 0.013857201 0.050116343 0.998521713
1706080530.344547272 1.028970828 0.058755998 2.763335857 -0.016715966 0.014340697 0.051052158 0.998453103
1706080530.443379164 1.038244315 0.072338342 2.779404042 -0.016772917 0.014020882 0.051719217 0.998422359
1706080530.541812181 1.048131738 0.077257574 2.783740412 -0.015574860 0.013746614 0.052357078 0.998412335
1706080530.644946575 1.056838939 0.082134442 2.785813621 -0.014909382 0.013957371 0.053008019 0.998385222
1706080530.744168758 1.075801248 0.092495608 2.791704234 -0.014566166 0.014311588 0.053828446 0.998341376
1706080530.842826366 1.085442806 0.096042552 2.782217378 -0.013584213 0.014337292 0.054443559 0.998321496
1706080530.941483498 1.109059481 0.090109424 2.682143357 -0.013981353 0.013976857 0.055147015 0.998282513
1706080531.045093060 1.123872924 0.096155249 2.679377230 -0.011657437 0.013772681 0.055500155 0.998295623
1706080531.144412279 1.132471507 0.114449072 2.737904689 -0.010610874 0.014925279 0.056195050 0.998251853
1706080531.237413406 1.130868163 0.113936146 2.753482646 -0.010159959 0.014789961 0.056635411 0.998233671
1706080531.336035490 1.150185818 0.119207082 2.741432037 -0.009886093 0.014468512 0.057138943 0.998212437
1706080531.434678078 1.165768653 0.113222263 2.686750050 -0.009137761 0.014571678 0.057810711 0.998179387
1706080531.533324718 1.181055228 0.125971528 2.656252468 -0.008394789 0.014624851 0.058352671 0.998153599
1706080531.644321680 1.203619615 0.126808244 2.668183790 -0.008956037 0.014591422 0.059027265 0.998109544
1706080531.742866755 1.214013099 0.124159842 2.641283350 -0.009378378 0.014397728 0.059586309 0.998075259
1706080531.841450453 1.225910994 0.139345234 2.688173703 -0.008744671 0.014895916 0.060245955 0.998034101
1706080531.944821119 1.236312529 0.149654953 2.660836148 -0.009180873 0.014617486 0.060905846 0.997994248
1706080532.043873310 1.249894769 0.151993272 2.615522390 -0.009596693 0.014160180 0.061585466 0.997955221
1706080532.142518759 1.265463537 0.157590896 2.533459441 -0.010936950 0.013571710 0.062233321 0.997909418
1706080532.245141029 1.279338040 0.172705397 2.523725962 -0.009870997 0.013945606 0.062801595 0.997879774
1706080532.344899178 1.290476632 0.164666674 2.547584411 -0.011035440 0.014018598 0.063518455 0.997821178
1706080532.438467741 1.305696608 0.161661865 2.575667010 -0.012561444 0.014263060 0.064247684 0.997752981
1706080532.537866831 1.321359140 0.185095868 2.627950683 -0.011693698 0.013898025 0.064945117 0.997723526
1706080532.635730743 1.337125018 0.207599121 2.700474483 -0.012613413 0.015101176 0.065665577 0.997647677
1706080532.734364510 1.345600819 0.230830841 2.732563153 -0.012579390 0.015244439 0.066150370 0.997613901
1706080532.844993114 1.371246692 0.256593906 2.729058516 -0.013358296 0.015027048 0.066920758 0.997555691
1706080532.943841696 1.377943752 0.273284192 2.787981668 -0.013132204 0.015231320 0.067485519 0.997517547
1706080533.042481184 1.385130164 0.261591407 2.808338299 -0.013067562 0.015343540 0.067988437 0.997482525
1706080533.141352415 1.403758231 0.256630229 2.836501416 -0.014819422 0.015715904 0.068631365 0.997408207
1706080533.244913101 1.410513696 0.256695752 2.805052645 -0.013730177 0.014911072 0.069238831 0.997394168
1706080533.343554735 1.436993206 0.228348604 2.829117504 -0.015242767 0.015427633 0.069891844 0.997318794
1706080533.442201853 1.442600229 0.229701439 2.864688947 -0.014652311 0.015701467 0.070401370 0.997287532
1706080533.540848017 1.448788039 0.248348714 2.861201331 -0.013977862 0.015426899 0.070703854 0.997280099
1706080533.639473915 1.466270686 0.258803818 2.796851813 -0.012859959 0.014682307 0.071421101 0.997255272
1706080533.738898039 1.478819569 0.274505921 2.816938681 -0.013517589 0.015325488 0.071681649 0.997218204
1706080533.836755753 1.495597999 0.276804229 2.767053064 -0.013464625 0.014857060 0.071999983 0.997203076
1706080533.936296701 1.505875412 0.284356667 2.806482392 -0.012491235 0.015433616 0.072554758 0.997166776
1706080534.041204691 1.522983573 0.288467901 2.813145960 -0.010884125 0.014882069 0.073141307 0.997151147
1706080534.144866943 1.538785730 0.288377134 2.870173300 -0.011750709 0.015949875 0.073451771 0.997101981
1706080534.243693352 1.555541893 0.293388636 2.848701534 -0.010388293 0.015609665 0.073807110 0.997096250
1706080534.342208147 1.577158205 0.296966870 2.861340188 -0.011388489 0.015848437 0.074141513 0.997056751
1706080534.440931797 1.592679676 0.302651014 2.857027513 -0.011270914 0.015767757 0.074418468 0.997038733
1706080534.544598103 1.602386348 0.292643637 2.899727643 -0.011230407 0.016193555 0.074715631 0.997010141
1706080534.643234015 1.615564137 0.315250523 2.919245393 -0.010880667 0.016341138 0.075006696 0.996989756
1706080534.741890192 1.630902903 0.337600536 2.948656399 -0.011292312 0.015972325 0.075258610 0.996972171
1706080534.840532780 1.643829714 0.358318808 2.954041562 -0.011935688 0.016034115 0.075754489 0.996926128
1706080534.939879179 1.651047933 0.360555110 2.962097704 -0.012468082 0.016059507 0.076028461 0.996898346
1706080535.037808180 1.667149894 0.386988161 2.947507766 -0.012790243 0.016181831 0.076454774 0.996859682
1706080535.136418104 1.682207740 0.373798737 2.974077052 -0.014536477 0.016218347 0.076900952 0.996800833
1706080535.242355824 1.707132132 0.377457515 2.987868161 -0.013671596 0.015847469 0.077223770 0.996794078
1706080535.341561794 1.719450702 0.377768214 2.961688802 -0.014442346 0.016012359 0.077544575 0.996755668
1706080535.444548607 1.727299601 0.378691250 2.936754018 -0.014812863 0.016275706 0.077803296 0.996725804
1706080535.543234587 1.743917712 0.367498185 2.932685343 -0.014537811 0.015970531 0.078178021 0.996705469
1706080535.641963482 1.748798729 0.372777175 2.932258034 -0.014698976 0.015944199 0.078519163 0.996676710
1706080535.740877628 1.763765714 0.390464147 2.985099835 -0.015078680 0.016238920 0.078813631 0.996643037
1706080535.844298601 1.767826027 0.376519341 2.950073281 -0.014941390 0.016279288 0.079131527 0.996619256
1706080535.942931175 1.789290210 0.382686219 2.925773268 -0.014729579 0.015678401 0.079550251 0.996598708
1706080536.042292595 1.810388437 0.427156304 2.913468402 -0.013662071 0.015506382 0.079848659 0.996592741
1706080536.140196562 1.838821680 0.445438219 2.913352490 -0.013246838 0.015803385 0.080296325 0.996557713
1706080536.238835573 1.840749340 0.437130155 2.862031403 -0.013889551 0.016172716 0.080555564 0.996522115
1706080536.337462902 1.853603111 0.430509711 2.845333140 -0.013562446 0.015624695 0.081034364 0.996496543
1706080536.443465710 1.868238069 0.438019284 2.880475444 -0.013474393 0.015732872 0.081205642 0.996482093
1706080536.542665005 1.884151828 0.438860247 2.840083569 -0.012809349 0.015937794 0.081621481 0.996453632
1706080536.645304203 1.895391577 0.435187697 2.842753911 -0.013172813 0.016321097 0.081931667 0.996417232
1706080536.744263649 1.909144383 0.428616354 2.843526382 -0.011921512 0.016356121 0.082311953 0.996401073
1706080536.843295813 1.917502317 0.429376505 2.889627590 -0.010818286 0.016112454 0.082595321 0.996394182
1706080536.941843510 1.933227547 0.439872208 2.931056278 -0.010755188 0.016933664 0.082812037 0.996363259
1706080537.045324564 1.951061516 0.440683825 2.944278601 -0.012050648 0.017228410 0.082951766 0.996331756
1706080537.143967390 1.963257723 0.455313356 2.932062744 -0.011173870 0.017001124 0.083104586 0.996333144
1706080537.242599487 1.986595598 0.474114920 2.891613384 -0.011230572 0.016163734 0.083231053 0.996335887
1706080537.341233492 2.007779083 0.467733150 2.893718394 -0.011699058 0.016758923 0.083672939 0.996283649
1706080537.439878225 2.021484274 0.479110646 2.905089995 -0.012265967 0.016985227 0.083844698 0.996258558
1706080537.545096159 2.038806342 0.494413102 2.920378982 -0.011076912 0.016444780 0.084112338 0.996258995
1706080537.644564152 2.057459521 0.489410402 2.904017960 -0.012709025 0.016455913 0.084380065 0.996216687
1706080537.743768215 2.076896703 0.512086085 2.817020495 -0.012785262 0.016163093 0.084618361 0.996200293
1706080537.842894077 2.092682012 0.522601927 2.849618275 -0.013778844 0.016249083 0.084896270 0.996162002
1706080537.942002535 2.100123023 0.527855706 2.844134793 -0.013704970 0.015956702 0.085156724 0.996145516
1706080538.044306278 2.115406055 0.513667239 2.812238419 -0.015601639 0.016008309 0.085602018 0.996078620
1706080538.142928839 2.130250003 0.514536511 2.790555026 -0.016473522 0.016036285 0.085874444 0.996040682
1706080538.241739273 2.136539866 0.522093281 2.805153400 -0.016347398 0.016087308 0.086100591 0.996022414
1706080538.344965458 2.151121257 0.516041697 2.825809953 -0.017964847 0.015739019 0.086421487 0.995972326
1706080538.443630934 2.173904704 0.520558378 2.825436106 -0.018427251 0.015948653 0.086711045 0.995935375
1706080538.542256832 2.193585621 0.518721454 2.855082161 -0.019820428 0.016342720 0.086961040 0.995880436
1706080538.640906572 2.210138721 0.536668744 2.828258520 -0.019460236 0.015778916 0.087296235 0.995867307
1706080538.739517689 2.225260225 0.553320781 2.850076120 -0.020358799 0.016349854 0.087642047 0.995809757
1706080538.844955683 2.242387022 0.562957568 2.825070727 -0.020440972 0.016469107 0.087869620 0.995786054
1706080538.944793940 2.251076040 0.553780652 2.816710416 -0.021538753 0.016220422 0.088161881 0.995741163
1706080539.044032812 2.278055006 0.556478888 2.823145179 -0.021146859 0.015978640 0.088605131 0.995714128
1706080539.143114328 2.278523894 0.545569699 2.831925007 -0.021525133 0.016084312 0.088779631 0.995688777
1706080539.245045662 2.305539801 0.541527471 2.785710014 -0.022366036 0.015637307 0.089197625 0.995640005
1706080539.344156265 2.323888494 0.560453899 2.759432861 -0.022366384 0.015673080 0.089477533 0.995614318
1706080539.442822218 2.335006851 0.570280306 2.746412520 -0.022744779 0.015477651 0.090096054 0.995553021
1706080539.541670322 2.360699786 0.594405904 2.706684876 -0.022092365 0.015046277 0.090647914 0.995524230
1706080539.644663572 2.385362495 0.598992942 2.754246723 -0.022869058 0.015782535 0.091456291 0.995421350
1706080539.743290186 2.398235964 0.604475367 2.785941815 -0.021834439 0.015891875 0.091892599 0.995402660
1706080539.841936827 2.413032390 0.615495094 2.794644541 -0.021424275 0.015886388 0.092320055 0.995372107
1706080539.940568686 2.420259118 0.616478743 2.815062201 -0.020661458 0.015925930 0.092768001 0.995345953
1706080540.045451164 2.443010320 0.630537379 2.862891721 -0.018318566 0.016070063 0.093295857 0.995340176
1706080540.145271063 2.454345341 0.626313035 2.853448216 -0.017375823 0.015907484 0.093684410 0.995323196
1706080540.245100737 2.471257834 0.649778639 2.871876290 -0.014778052 0.015560621 0.094006144 0.995340304
1706080540.344185114 2.496813879 0.660430506 2.865500549 -0.012758097 0.015784521 0.094279594 0.995338856
1706080540.443248510 2.511294949 0.674512627 2.877480270 -0.010814840 0.016166752 0.094462600 0.995338381
1706080540.545135975 2.528073069 0.664199957 2.872587819 -0.010049255 0.016445518 0.094769732 0.995312642
1706080540.643687487 2.540017786 0.674707409 2.884893921 -0.008285804 0.016711519 0.094882235 0.995313736
1706080540.742492914 2.544367604 0.669802836 2.863935225 -0.006441277 0.017244498 0.095130677 0.995294575
1706080540.841344833 2.565303404 0.665443088 2.801288772 -0.004442613 0.017678245 0.095343718 0.995277508
1706080540.944349527 2.590551995 0.687176354 2.804437532 -0.001721301 0.017806982 0.095376541 0.995280495
1706080541.042971611 2.611540366 0.694239284 2.755198628 -0.000654148 0.017706922 0.095248436 0.995295822
1706080541.141600132 2.637246173 0.695399380 2.777230457 0.000671141 0.018424058 0.095294404 0.995278393
1706080541.240229130 2.656685530 0.694748023 2.820229842 0.002075670 0.019053485 0.095410830 0.995253450
1706080541.345029116 2.673597668 0.703089653 2.783210254 0.002981994 0.018519279 0.095596911 0.995243375
1706080541.444854736 2.690846122 0.703078312 2.782609532 0.003121668 0.018258907 0.096016509 0.995207364
1706080541.545111179 2.717509521 0.703406732 2.756141236 0.002561446 0.018098331 0.096532207 0.995162008
1706080541.644231081 2.737324989 0.695603543 2.756550283 0.002646478 0.017907153 0.097024578 0.995117361
1706080541.743323565 2.746757869 0.701448177 2.749785318 0.002135269 0.017561416 0.097394791 0.995088585
1706080541.844856501 2.767854598 0.741431086 2.801194358 0.001269472 0.017607442 0.097402285 0.995088519
1706080541.943666935 2.780386946 0.739008091 2.807117156 -0.001321974 0.017316946 0.097654069 0.995068871
1706080542.042332888 2.798211327 0.761813100 2.816236336 -0.003805879 0.017113173 0.097883419 0.995043462
1706080542.144937992 2.810008387 0.777046635 2.837445077 -0.006368422 0.017047597 0.097905676 0.995029297
1706080542.244017601 2.819817691 0.768189736 2.833051420 -0.009636901 0.016791259 0.098185433 0.994979801
1706080542.342646837 2.851415668 0.757439535 2.822805765 -0.011545585 0.016811241 0.098647878 0.994913402
1706080542.441271544 2.870262588 0.757805934 2.814622474 -0.014056958 0.016819293 0.098826369 0.994863238
1706080542.539886713 2.892778604 0.761951263 2.829414922 -0.016745170 0.016598685 0.098945448 0.994813491
1706080542.644966602 2.919362780 0.777028236 2.823024244 -0.018378004 0.016416468 0.098978696 0.994784382
1706080542.743877888 2.931994668 0.790158389 2.778979105 -0.019390676 0.016454522 0.099017674 0.994760650
1706080542.845464706 2.941469064 0.803214329 2.796402308 -0.020118268 0.016520477 0.099035941 0.994743289
1706080542.944600344 2.950352488 0.820293765 2.839009381 -0.020559379 0.016485267 0.099006202 0.994737815
1706080543.045147181 2.964845891 0.815071055 2.832737762 -0.019986248 0.016504174 0.099046628 0.994745157
1706080543.144596100 2.974791944 0.815282587 2.808481903 -0.020168882 0.016624199 0.099006488 0.994743468
1706080543.243448734 2.997023779 0.822235825 2.829127415 -0.018911768 0.016617907 0.098974151 0.994771485
1706080543.342436790 3.024448724 0.846777215 2.858613390 -0.017234279 0.016589807 0.099039514 0.994795925
1706080543.445053816 3.047893407 0.853051393 2.874251372 -0.016696510 0.017019761 0.099081142 0.994793688
1706080543.544541359 3.069158524 0.860769315 2.870813828 -0.015156816 0.017295438 0.099283826 0.994793376
1706080543.642310858 3.087833841 0.861822863 2.838310530 -0.013262248 0.016889766 0.099558146 0.994799992
1706080543.740915775 3.120197333 0.862626033 2.835662310 -0.012086506 0.016781942 0.099718371 0.994800748
1706080543.840620756 3.148614029 0.857566629 2.844841053 -0.010107625 0.016926455 0.099836918 0.994808484
1706080543.944890976 3.172127537 0.856425128 2.837389623 -0.007778815 0.017369484 0.100062088 0.994799160
1706080544.043467045 3.186254540 0.877357444 2.848991028 -0.006160893 0.017960301 0.100735820 0.994732007
1706080544.144970179 3.215127620 0.896499886 2.831522007 -0.003472696 0.017821409 0.102138801 0.994604446
1706080544.244680643 3.240232424 0.892238876 2.825010749 -0.002867729 0.018331932 0.104571898 0.994344223
1706080544.345438719 3.270746729 0.909535434 2.838862832 -0.002669219 0.018935773 0.107434169 0.994028275
1706080544.444513798 3.295187331 0.922242469 2.831909668 -0.003350779 0.019255877 0.110667616 0.993665267
1706080544.543456793 3.324244620 0.945712384 2.806924276 -0.003967681 0.018930567 0.113721777 0.993324342
1706080544.640177965 3.352366785 0.966719019 2.818658634 -0.003478663 0.018903500 0.116394261 0.993017086
1706080544.744714022 3.402669494 1.020584298 2.828258578 -0.003479380 0.019065484 0.119533709 0.992640969
1706080544.843338013 3.436871288 1.034869083 2.830018966 -0.004735445 0.018923381 0.122340059 0.992296524
1706080544.941948652 3.465282933 1.034798764 2.836771272 -0.006163508 0.019222566 0.125426602 0.991897511
1706080545.040564060 3.509343814 1.054717303 2.825605225 -0.006701971 0.019250141 0.128505142 0.991499342
1706080545.139132261 3.539930323 1.091343438 2.833681433 -0.007469272 0.019694905 0.131424086 0.991102432
1706080545.244775295 3.578360411 1.126083947 2.806228423 -0.008737450 0.019387316 0.134369822 0.990703053
1706080545.342988014 3.627923486 1.165266469 2.814881844 -0.009620990 0.019396150 0.137174367 0.990310264
1706080545.441558361 3.679176370 1.235939429 2.822175397 -0.011071804 0.019879841 0.139823920 0.989914885
1706080545.544843435 3.717022252 1.261403867 2.802098142 -0.012519625 0.020030894 0.142860061 0.989460977
1706080545.645257235 3.759812831 1.277310710 2.815502982 -0.013623099 0.019501843 0.145921597 0.989010099
1706080545.744242430 3.794447496 1.317689698 2.789932664 -0.013120565 0.019795735 0.148758064 0.988588397
1706080545.843584776 3.827831219 1.348242994 2.787801977 -0.014759053 0.020112506 0.151590745 0.988128485
1706080545.942670822 3.874551435 1.390235423 2.783253333 -0.015514009 0.019980910 0.154545077 0.987661834
1706080546.044358730 3.922493654 1.414005446 2.816057915 -0.015495105 0.019938739 0.157612691 0.987178093
1706080546.142993450 3.975447479 1.458258925 2.820757015 -0.015800380 0.019664827 0.160306434 0.986744896
1706080546.241561413 4.020733892 1.479681876 2.828205428 -0.015535640 0.020333597 0.163245865 0.986253505
1706080546.340154171 4.060693543 1.507749479 2.815959804 -0.016729306 0.020097162 0.165806383 0.985811583
1706080546.433143139 4.104742788 1.565327809 2.820803253 -0.015497731 0.019646859 0.168364550 0.985407124
1706080546.543974161 4.157193240 1.606002438 2.851572967 -0.016712286 0.019982503 0.171297267 0.984874939
1706080546.642670155 4.215343425 1.660578317 2.816792444 -0.015500390 0.020444518 0.174012575 0.984409154
1706080546.745103598 4.264278390 1.678483384 2.808593358 -0.015973219 0.020454232 0.176687197 0.983924852
1706080546.844808102 4.309615263 1.707003046 2.783893974 -0.015907428 0.020294968 0.179244591 0.983466545
1706080546.943570375 4.375503661 1.726747114 2.772848249 -0.016008993 0.020329790 0.181969941 0.982963556
1706080547.042259455 4.435791133 1.766212173 2.758796514 -0.016024137 0.020732021 0.184391480 0.982503533
1706080547.143739462 4.483114990 1.787290984 2.759041965 -0.015319385 0.020886334 0.186969884 0.982024104
1706080547.245131254 4.529984481 1.814830914 2.759148332 -0.015028694 0.020625611 0.189506116 0.981547836
1706080547.344019175 4.579248840 1.858123356 2.779927352 -0.014880430 0.021411312 0.191836873 0.981080396
1706080547.442621469 4.627440473 1.882800495 2.855702820 -0.014400253 0.022201301 0.194154261 0.980614021
1706080547.541178942 4.688143366 1.923423039 2.806365051 -0.014814687 0.021961505 0.196368247 0.980172295
1706080547.634169102 4.751192276 1.991520899 2.801009873 -0.014912657 0.021713910 0.198313819 0.979784542
1706080547.745143652 4.822092703 2.045832530 2.829840701 -0.015063578 0.022275849 0.200931371 0.979236161
1706080547.843727589 4.881227525 2.064752862 2.800386191 -0.014951815 0.022605765 0.203100799 0.978782656
1706080547.942508936 4.931211498 2.098488777 2.841861231 -0.014271471 0.022673761 0.205176156 0.978358304
1706080548.045110226 4.995491562 2.142248519 2.769632193 -0.013643886 0.022166051 0.207339281 0.977922764
1706080548.144591093 5.060848598 2.186363023 2.740036318 -0.015424259 0.022781670 0.209382512 0.977446700
1706080548.243300438 5.110664846 2.237993512 2.797214260 -0.014874783 0.023167853 0.211195204 0.977056077
1706080548.344656706 5.166990401 2.288075866 2.841909304 -0.015078708 0.023220964 0.213006928 0.976658317
1706080548.443711042 5.227666177 2.332954058 2.802691616 -0.015478019 0.022856546 0.214949959 0.976234872
1706080548.545033216 5.304839468 2.380408355 2.780173910 -0.015912928 0.022853727 0.216789248 0.975821145
1706080548.643637419 5.360397020 2.419434708 2.764854964 -0.016275184 0.023141271 0.218565130 0.975412161
1706080548.742176533 5.415104527 2.460568383 2.767696393 -0.014791577 0.022877943 0.220421260 0.975024244
1706080548.835210323 5.479644548 2.482537068 2.732205046 -0.016090766 0.022702786 0.222079162 0.974631477
1706080548.933849335 5.546231624 2.516292687 2.695163710 -0.015959641 0.022688167 0.223789320 0.974242720
1706080549.044958830 5.618836162 2.567268462 2.730784421 -0.016472879 0.023215540 0.225620828 0.973799222
1706080549.143425226 5.694713697 2.635771749 2.708615399 -0.016719129 0.022698021 0.227094683 0.973464573
1706080549.242033720 5.765147072 2.662735815 2.734943821 -0.017885545 0.023169591 0.228753129 0.973044338
1706080549.344790220 5.824080242 2.717059792 2.691651547 -0.017367417 0.023031813 0.230195499 0.972716783
1706080549.444341421 5.892242306 2.785158861 2.776494232 -0.018346760 0.023443752 0.231598182 0.972355937
1706080549.543016672 5.944966956 2.823442415 2.797141966 -0.017175110 0.023041433 0.232936286 0.972067279
1706080549.644852161 6.023292945 2.866070476 2.781191914 -0.017983796 0.023153508 0.234608736 0.971647693
1706080549.744451761 6.081360740 2.918949027 2.790524712 -0.018700946 0.023751315 0.235856401 0.971317614
1706080549.844666958 6.144042423 2.964489869 2.795691876 -0.018383002 0.023642196 0.237495946 0.970926767
1706080549.943186998 6.220643636 3.009399223 2.803799642 -0.019240615 0.023336337 0.238869260 0.970580595
1706080550.036237240 6.297291418 3.028139280 2.878549883 -0.020153623 0.023898239 0.240262637 0.970204396
1706080550.134895086 6.375587830 3.078199031 2.862395379 -0.020074552 0.023939261 0.241549518 0.969885434
1706080550.233529329 6.451161814 3.142958604 2.853454067 -0.018851341 0.023528925 0.242909970 0.969580199
1706080550.344451904 6.546811287 3.209500262 2.853717650 -0.020233513 0.023346975 0.244378677 0.969187591
1706080550.443142653 6.620099654 3.254564050 2.842553537 -0.020833176 0.023745887 0.245586751 0.968859773
1706080550.541752100 6.691012847 3.304061600 2.808428567 -0.020304892 0.023806970 0.246839418 0.968551104
1706080550.645253658 6.763255050 3.363947703 2.798566816 -0.020124959 0.023765805 0.247962513 0.968268953
1706080550.744051218 6.830985100 3.401230505 2.724173707 -0.018835869 0.023368763 0.249129462 0.968004970
1706080550.843198776 6.905474687 3.437246513 2.750650157 -0.020210217 0.023724693 0.250322550 0.967660740
1706080550.941356421 6.986543214 3.477295088 2.750680100 -0.019867005 0.023910989 0.251458924 0.967368583
1706080551.045065880 7.077984977 3.553908948 2.736874322 -0.018185625 0.023067596 0.252714557 0.967094888
1706080551.144130945 7.139870087 3.612340369 2.719729697 -0.019282362 0.023169575 0.253643652 0.966827937
1706080551.237268925 7.214626210 3.643978942 2.686395723 -0.020189628 0.023602590 0.254971525 0.966449594
1706080551.336826086 7.281483645 3.671515328 2.690355644 -0.020177669 0.023575818 0.256162447 0.966135520
1706080551.434549093 7.333538744 3.731837401 2.705595995 -0.018735025 0.023116773 0.257443686 0.965835060
1706080551.545326948 7.433272130 3.807124315 2.730557906 -0.018527110 0.023260033 0.259118258 0.965387718
1706080551.644081354 7.512774360 3.854547392 2.746676100 -0.018703259 0.023544169 0.260402919 0.965031699
1706080551.742717266 7.585512372 3.921371751 2.754776119 -0.018809185 0.023435632 0.261739781 0.964670552
1706080551.841168165 7.682549084 3.983868012 2.737879522 -0.018903064 0.022733452 0.263305282 0.964259401
1706080551.944800377 7.761214202 4.051317556 2.709186330 -0.018715762 0.022670863 0.264587401 0.963913512
1706080552.043767691 7.839842674 4.105023045 2.722201332 -0.021376232 0.023142684 0.266000589 0.963457918
1706080552.142397165 7.927027255 4.159441963 2.725097528 -0.020795495 0.022773074 0.267633097 0.963027237
1706080552.241042614 8.016624901 4.214880206 2.756807706 -0.022399224 0.022508851 0.269205079 0.962559220
1706080552.344949484 8.077195266 4.277046715 2.764419753 -0.022492282 0.023125078 0.270663734 0.962133292
1706080552.438311100 8.154925450 4.292313786 2.751296716 -0.024358452 0.023164803 0.272517508 0.961563448
1706080552.536966085 8.237038660 4.349560939 2.762693708 -0.024039914 0.022888086 0.274172928 0.961107394
1706080552.635597944 8.305563794 4.415298026 2.748715878 -0.023941795 0.023016718 0.275832137 0.960631903
1706080552.740775108 8.397447759 4.489120861 2.755887378 -0.024086199 0.023694776 0.277749208 0.960059264
1706080552.844876528 8.476971962 4.559776074 2.729508694 -0.023976755 0.022774644 0.279164677 0.959673650
1706080552.943683624 8.552037237 4.609694999 2.709588710 -0.024588264 0.022684159 0.280936667 0.959143073
1706080553.042425394 8.640632208 4.666457044 2.722271850 -0.024284694 0.023363843 0.282569805 0.958654625
1706080553.141018391 8.714395850 4.745606250 2.737824874 -0.023642907 0.023647452 0.284244458 0.958168513
1706080553.244775295 8.791358814 4.821099685 2.737808569 -0.023093330 0.023854929 0.285845679 0.957700312
1706080553.343452215 8.869870374 4.871942282 2.782677785 -0.022984929 0.023885730 0.287614450 0.957172447
1706080553.442084074 8.931991327 4.938140968 2.757973440 -0.021628668 0.024321499 0.289304877 0.956683518
1706080553.540728092 9.009760948 4.991732433 2.768314445 -0.022761598 0.024150770 0.291018132 0.956141777
1706080553.639348269 9.078640929 5.053794211 2.759243766 -0.020668654 0.023953172 0.292608456 0.955708817
1706080553.738802671 9.168391132 5.117199010 2.746251290 -0.020623509 0.023813583 0.294408407 0.955160339
1706080553.837104082 9.258204052 5.187332289 2.736711119 -0.022124327 0.024308941 0.295979440 0.954628598
1706080553.941889524 9.353179003 5.236608733 2.734061185 -0.022289153 0.024945374 0.297683537 0.954078316
1706080554.041375637 9.444680724 5.305135494 2.714950920 -0.021424261 0.024695539 0.299229352 0.953620955
1706080554.144715548 9.517094380 5.387959048 2.701664184 -0.021824262 0.025113386 0.301010300 0.953040303
1706080554.243284464 9.590311197 5.446133926 2.706617520 -0.022215289 0.025416565 0.302689909 0.952491101
1706080554.342019320 9.672415359 5.490348503 2.735344990 -0.024514288 0.025249553 0.304429048 0.951884691
1706080554.440778017 9.765707925 5.563615685 2.718591231 -0.024143955 0.024539519 0.306196205 0.951345766
1706080554.544458389 9.845134257 5.644824368 2.717798027 -0.025090553 0.024579417 0.308035560 0.950726254
1706080554.643098354 9.921339601 5.712094470 2.716262484 -0.025310290 0.024891118 0.309750102 0.950155090
1706080554.741762877 10.001825294 5.773385855 2.709990324 -0.025649264 0.024725966 0.311545969 0.949562979
1706080554.840391636 10.077977019 5.836361486 2.706157799 -0.025218626 0.024354639 0.313310072 0.949003515
1706080554.939745426 10.166437794 5.894526156 2.692108354 -0.026688159 0.024820675 0.314889709 0.948428251
1706080555.037662268 10.272222497 5.924521838 2.686016190 -0.026533936 0.025199347 0.316555506 0.947867899
1706080555.143063068 10.348641316 6.005576058 2.670723096 -0.024903703 0.025704979 0.317920795 0.947441517
1706080555.242481709 10.414380424 6.075322606 2.673186686 -0.023909795 0.026458418 0.319236609 0.947003834
1706080555.341661453 10.496267527 6.149981881 2.648002129 -0.024231983 0.026811765 0.320394581 0.946594556
1706080555.444327593 10.575734943 6.231607818 2.647648579 -0.022247555 0.027503059 0.321687713 0.946184783
1706080555.543164015 10.660880040 6.310277373 2.648927061 -0.021399173 0.027343298 0.323026202 0.945752871
1706080555.641416550 10.749745283 6.377617452 2.656621187 -0.022543583 0.027293636 0.324396889 0.945258432
1706080555.740404606 10.820668465 6.449859980 2.646218075 -0.021498437 0.027322995 0.325702188 0.944832978
1706080555.844532490 10.906816728 6.535442673 2.645854009 -0.021888513 0.026809586 0.327032569 0.944379075
1706080555.943556547 10.981704007 6.625179499 2.642857598 -0.020712578 0.026986487 0.328428225 0.943916108
1706080556.042381287 11.064164182 6.692337627 2.651757905 -0.020892270 0.027307702 0.329843478 0.943409287
1706080556.140055418 11.153707135 6.770526900 2.645467649 -0.020427516 0.027366792 0.331257050 0.942922341
1706080556.239400387 11.247691412 6.829648661 2.646272109 -0.021414104 0.026963498 0.333037408 0.942284719
1706080556.344243050 11.346334047 6.903844450 2.645820770 -0.020909408 0.026987830 0.334656197 0.941721659
1706080556.443584442 11.437126742 6.978104144 2.643664161 -0.021147871 0.027699015 0.336369398 0.941085097
1706080556.542751312 11.520481854 7.044944391 2.639584082 -0.022003827 0.028049241 0.338019584 0.940463626
1706080556.645275116 11.597995668 7.126869417 2.627644393 -0.021465228 0.027893404 0.339485910 0.939952403
1706080556.744079351 11.656671080 7.204994169 2.622413414 -0.021170965 0.028453077 0.340894911 0.939432208
1706080556.842756987 11.712779209 7.279540210 2.616855864 -0.021078839 0.028528783 0.342244032 0.938941326
1706080556.941455603 11.807060112 7.358145585 2.614027917 -0.022519408 0.028336564 0.343860114 0.938323045
1706080557.045180082 11.906103760 7.422790464 2.605644919 -0.022898250 0.027569564 0.345554252 0.937714161
1706080557.144946098 12.009833435 7.501601117 2.600892910 -0.023124789 0.027966342 0.347203548 0.937087415
1706080557.243366957 12.079318358 7.593576663 2.599042542 -0.022341469 0.028689795 0.348845623 0.936474498
1706080557.341064453 12.136665644 7.673365487 2.595656653 -0.021588188 0.028818626 0.350571718 0.935843420
1706080557.444715977 12.220645718 7.762613363 2.595056721 -0.022019754 0.029301776 0.352142509 0.935228416
1706080557.545325756 12.295220604 7.856548751 2.592565813 -0.022043567 0.029746381 0.353519068 0.934694337
1706080557.644673824 12.382763457 7.929531114 2.589288735 -0.021758533 0.029963822 0.355090986 0.934098029
1706080557.743827820 12.465399999 7.989809271 2.587084763 -0.021582716 0.029605870 0.356594549 0.933540576
1706080557.842927456 12.548876952 8.077277340 2.585509443 -0.021426978 0.030006692 0.358031763 0.932981103
1706080557.944825649 12.629922680 8.159688492 2.581486032 -0.021543057 0.029982463 0.359633093 0.932363120
1706080558.043859243 12.698188994 8.234899933 2.577220588 -0.021771987 0.030040827 0.361140180 0.931773202
1706080558.142166615 12.792769130 8.313375397 2.568385784 -0.020824142 0.029461973 0.362881532 0.931136586
1706080558.241348267 12.885945746 8.403022064 2.571493952 -0.022700043 0.030061000 0.364698860 0.930363255
1706080558.344796896 12.957948920 8.493182070 2.569909361 -0.023122586 0.029495727 0.366250870 0.929761071
1706080558.443871260 13.045290261 8.563842084 2.568300454 -0.022333873 0.028978641 0.367874621 0.929155369
1706080558.542812824 13.139410200 8.632083538 2.566038597 -0.023517960 0.029540795 0.369643174 0.928406253
1706080558.641784191 13.224599400 8.711848785 2.561397223 -0.022912260 0.029836794 0.371182471 0.927797590
1706080558.739872456 13.294793865 8.787086439 2.556209581 -0.023173520 0.029307997 0.372627099 0.927228707
1706080558.844990969 13.379751375 8.869244518 2.545358228 -0.022370028 0.028957650 0.374465635 0.926518496
1706080558.944849730 13.467899520 8.966651293 2.537208334 -0.023039484 0.029469516 0.376071805 0.925835151
1706080559.044054270 13.535125362 9.066422994 2.531183473 -0.023130732 0.030004304 0.377658435 0.925169615
1706080559.143116236 13.620215603 9.161653467 2.527938318 -0.024260052 0.030018044 0.379177840 0.924518541
1706080559.244565964 13.687075204 9.258818198 2.522159321 -0.022734985 0.029712724 0.380795248 0.923902188
1706080559.343617916 13.763346218 9.321031957 2.518073237 -0.021160905 0.030811228 0.382716004 0.923109606
1706080559.442399979 13.836287194 9.397251579 2.516271752 -0.022589064 0.031042557 0.384232357 0.922437851
1706080559.541267872 13.905327969 9.504829478 2.515555891 -0.022920465 0.030917543 0.385786145 0.921785120
1706080559.644490719 13.996757159 9.569955074 2.515878084 -0.021809113 0.031099896 0.387667186 0.921016456
1706080559.743813276 14.065490889 9.670891403 2.511746334 -0.022793106 0.030773667 0.389248545 0.920336365
1706080559.842334270 14.142314367 9.751869241 2.504285741 -0.022414243 0.030641990 0.390721528 0.919725697
1706080559.941274643 14.210201251 9.847744925 2.503058564 -0.021227102 0.030502744 0.392349747 0.919065106
1706080560.045362949 14.307340913 9.957804656 2.495015090 -0.020975109 0.030524117 0.393946950 0.918386696
1706080560.145287752 14.391212061 10.053143708 2.490927577 -0.023562000 0.030638072 0.395105608 0.917822259
1706080560.245139837 14.470853945 10.145590386 2.492117967 -0.021766352 0.031707484 0.396616077 0.917178581
1706080560.344207525 14.546582454 10.227335991 2.487929043 -0.021033574 0.031929449 0.398131945 0.916530989
1706080560.444683790 14.630948304 10.308737245 2.477783474 -0.021480173 0.031933503 0.399552314 0.915902179
1706080560.544672728 14.683987367 10.410801857 2.470302947 -0.021125332 0.032428960 0.400682207 0.915399286
1706080560.643472672 14.768429572 10.495493884 2.464458509 -0.021842017 0.032525267 0.402117736 0.914749343
1706080560.742309093 14.834993451 10.565700394 2.457713006 -0.021309515 0.031967973 0.403614253 0.914122250
1706080560.841257572 14.906718281 10.652466817 2.455498300 -0.021517603 0.032283480 0.405094622 0.913451212
1706080560.944185257 15.003655145 10.739974737 2.452914252 -0.022107454 0.031636704 0.406523813 0.912824610
1706080561.043770313 15.117909393 10.795223107 2.454310859 -0.021768694 0.031365929 0.408082406 0.912146398
1706080561.142116070 15.177534976 10.886854745 2.452722456 -0.021100023 0.031625111 0.409258871 0.911625920
1706080561.240932226 15.264525348 10.973995262 2.449391207 -0.020834702 0.032059774 0.410617046 0.911005888
1706080561.344924212 15.344543261 11.055317538 2.441732137 -0.017986734 0.032452057 0.412073639 0.910394781
1706080561.444278955 15.413493558 11.163720315 2.441468866 -0.018367807 0.032494906 0.413196956 0.909876354
1706080561.545279026 15.468606257 11.296620323 2.434115789 -0.016995847 0.033215793 0.414099648 0.909466511
1706080561.644359589 15.526028229 11.422106445 2.428401154 -0.018038463 0.033784234 0.415249932 0.908900838
1706080561.743452311 15.589230467 11.530870017 2.418265542 -0.016491237 0.033702793 0.416401252 0.908406384
1706080561.844497442 15.661623939 11.618943129 2.411018794 -0.016847091 0.033861367 0.417449790 0.907912582
1706080561.943331718 15.761426371 11.705250077 2.405915976 -0.018570759 0.033847304 0.418379239 0.907451541
1706080562.042409420 15.863966939 11.808530534 2.402992755 -0.017841818 0.034475997 0.419625199 0.906867007
1706080562.141256809 15.929536381 11.900475114 2.395592457 -0.017527027 0.034311288 0.420663355 0.906398301
1706080562.244950294 15.988760889 11.966299438 2.394206665 -0.018344713 0.034294662 0.421882762 0.905815811
1706080562.343525171 16.069046186 12.041991203 2.390078041 -0.019052454 0.034347859 0.423189474 0.905189426
1706080562.442121744 16.142481321 12.141619558 2.387827505 -0.018462727 0.033930346 0.424484859 0.904610670
1706080562.544825554 16.209596428 12.242846910 2.384389739 -0.018091398 0.033724344 0.425922717 0.903949782
1706080562.644787788 16.291683455 12.321307374 2.380767280 -0.019917830 0.033165072 0.427154422 0.903350684
1706080562.743377686 16.382623751 12.405231067 2.376276139 -0.019423743 0.033484839 0.428232736 0.902838971
1706080562.844935656 16.467384974 12.506330098 2.373248615 -0.019926343 0.033589011 0.429488631 0.902227375
1706080562.944577694 16.534632062 12.623186346 2.368192525 -0.019480772 0.033342737 0.430531065 0.901749280
1706080563.045488119 16.621594407 12.727345725 2.361228655 -0.020179895 0.033099287 0.431674950 0.901195843
1706080563.144487381 16.703794969 12.815980310 2.355568765 -0.021212891 0.033465578 0.432794146 0.900621616
1706080563.243456602 16.765553721 12.913225731 2.351794643 -0.022478146 0.033240278 0.433919733 0.900057488
1706080563.342077255 16.828318261 13.017427132 2.344628620 -0.021814780 0.033021358 0.435121283 0.899501625
1706080563.444882870 16.906128472 13.110578349 2.337690970 -0.022579534 0.033517552 0.436344354 0.898871706
1706080563.544516802 16.981415197 13.205818063 2.328750507 -0.022673153 0.032904141 0.437468237 0.898345583
1706080563.641885757 17.032259316 13.317405759 2.325946351 -0.020818256 0.033933389 0.438721588 0.897740772
1706080563.741901636 17.109603279 13.386272353 2.322266528 -0.021522120 0.033584808 0.440201166 0.897012705
1706080563.845002890 17.172811983 13.504584804 2.316747856 -0.021113578 0.033876905 0.441223628 0.896508941
1706080563.944508076 17.227552525 13.608296090 2.305638432 -0.019999134 0.034165521 0.442348006 0.895969304
1706080564.043004513 17.308973220 13.708167260 2.305800116 -0.019721235 0.033728629 0.443882130 0.895232990
1706080564.144791603 17.403628026 13.802913547 2.301620505 -0.021897866 0.033307668 0.445057775 0.894614252
1706080564.244720936 17.471911860 13.914553708 2.297621894 -0.020208506 0.034111391 0.446313648 0.893997850
1706080564.345330000 17.536832375 14.023604689 2.293516433 -0.020513673 0.034161503 0.447584698 0.893353300
1706080564.444457293 17.613552349 14.112748491 2.292090014 -0.020831588 0.034270240 0.448780823 0.892741490
1706080564.541234016 17.679934995 14.195655514 2.289293957 -0.020847960 0.034733072 0.449885912 0.892166824
1706080564.639976263 17.745917866 14.275146590 2.279927471 -0.022401109 0.033621044 0.451125142 0.891545805
1706080564.744539738 17.802586476 14.386651630 2.270182703 -0.021146661 0.034496557 0.452427428 0.890882837
1706080564.843171597 17.863949973 14.476758787 2.266341668 -0.020971966 0.034662795 0.453746386 0.890209461
1706080564.942651272 17.929704704 14.604330308 2.261757991 -0.021405065 0.035110131 0.455060625 0.889510500
1706080565.040323019 17.998366582 14.708121790 2.256238778 -0.020645617 0.035225010 0.456246909 0.888916034
1706080565.144425631 18.049211143 14.832524307 2.251950866 -0.020503438 0.034939113 0.457762689 0.888150994
1706080565.244049072 18.107285724 14.941158652 2.244031327 -0.020521396 0.034487438 0.458824993 0.887619916
1706080565.342515945 18.191860072 15.046301470 2.237340834 -0.021118137 0.034587420 0.460099565 0.886942008
1706080565.445045710 18.271754272 15.155268904 2.233519545 -0.020654593 0.034883324 0.461408349 0.886261179
1706080565.544787645 18.323148023 15.269469208 2.226793589 -0.021729540 0.033967416 0.462364303 0.885772710
1706080565.643449306 18.389113413 15.371327412 2.222479574 -0.020022181 0.034433880 0.463583117 0.885157677
1706080565.742391348 18.418722705 15.495336459 2.223775608 -0.024596094 0.034381674 0.464350361 0.884642117
1706080565.841052055 18.480734531 15.611787700 2.221810541 -0.021902598 0.034846769 0.465501521 0.884089539
1706080565.942842245 18.555705414 15.705638092 2.217318270 -0.020786746 0.035591777 0.466890006 0.883354323
1706080566.044821739 18.622107964 15.815041248 2.205393959 -0.019033330 0.036225894 0.467740037 0.882918272
1706080566.143308401 18.693220438 15.894633833 2.198610636 -0.021516248 0.034834119 0.468631739 0.882444292
1706080566.242787123 18.803227447 15.992479569 2.193043623 -0.021729132 0.035435257 0.469714929 0.881839029
1706080566.340736389 18.869492450 16.087451581 2.184760900 -0.020021275 0.035850871 0.470622252 0.881378783
1706080566.445044041 18.943810217 16.189671451 2.177205218 -0.021462229 0.036172991 0.471609175 0.880803993
1706080566.543716908 19.008057260 16.310781085 2.174627590 -0.020569119 0.036693421 0.472344069 0.880409896
1706080566.642317295 19.061534497 16.418235461 2.169542102 -0.019630964 0.037073246 0.473185318 0.879963553
1706080566.740961552 19.123048427 16.526710713 2.163073842 -0.020258070 0.036051491 0.473913035 0.879600100
1706080566.844535351 19.204736897 16.642286020 2.160657769 -0.021999525 0.035907867 0.474868690 0.879048561
1706080566.944409132 19.264783274 16.730756094 2.158033227 -0.021073902 0.036222537 0.475840196 0.878532826
1706080567.044832230 19.307371099 16.850344929 2.154028225 -0.020332768 0.036326979 0.476529275 0.878172408
1706080567.141539335 19.371897208 16.962031949 2.147261905 -0.020508244 0.035924997 0.477185599 0.877828406
1706080567.242966175 19.453847215 17.069607884 2.142253139 -0.020954731 0.036157624 0.477807369 0.877470024
1706080567.344591141 19.532961413 17.183275846 2.136909473 -0.021309717 0.035881015 0.478526466 0.877080880
1706080567.442421913 19.611408236 17.279774216 2.126218000 -0.020926172 0.035076317 0.479154907 0.876779517
1706080567.541839600 19.679524305 17.399390124 2.121474756 -0.021310358 0.036170576 0.479818530 0.876362788
1706080567.634928942 19.739867679 17.501546850 2.114509446 -0.020100209 0.036424633 0.480495808 0.876009706
1706080567.744726419 19.802990200 17.623094172 2.109334852 -0.021804818 0.035685536 0.481132556 0.875649791
1706080567.843350649 19.885182971 17.726998395 2.102498907 -0.021240377 0.035596273 0.481752554 0.875326356
1706080567.941534996 19.957046589 17.816484958 2.099689097 -0.021239596 0.036469305 0.482587138 0.874830568
1706080568.045042038 20.029096526 17.903813854 2.097041473 -0.020857513 0.036725893 0.483430095 0.874363492
1706080568.144460440 20.097445710 18.013463445 2.094345474 -0.021073279 0.036357164 0.484288695 0.873898469
1706080568.243144274 20.089022125 18.146237485 2.087646027 -0.020271175 0.036942286 0.484787437 0.873616328
1706080568.344995975 20.169447218 18.249053841 2.080949608 -0.020071680 0.037173774 0.485847334 0.873022111
1706080568.444119930 20.223782415 18.366520044 2.077745916 -0.023140463 0.036250811 0.486612436 0.872558728
1706080568.544885635 20.285820285 18.493384558 2.069576418 -0.021567953 0.035798960 0.487330351 0.872216938
1706080568.644286394 20.350457017 18.600344675 2.060927837 -0.024027388 0.034566526 0.488267478 0.871678100
1706080568.741835117 20.407253674 18.710692181 2.053479723 -0.022284105 0.036032426 0.489284029 0.871094841
1706080568.841981888 20.488025543 18.810947119 2.048315181 -0.023856579 0.036169912 0.490223271 0.870519239
1706080568.944794416 20.558459851 18.911338503 2.039048649 -0.022016946 0.035756559 0.491346955 0.869951086
1706080569.044346571 20.628868637 19.014537916 2.033576892 -0.021600982 0.036149107 0.492484996 0.869301541
1706080569.142994642 20.702276666 19.119821164 2.031946092 -0.024064306 0.036176592 0.493234264 0.868810753
1706080569.241633892 20.778002549 19.216586287 2.029352313 -0.022437589 0.036615133 0.494129705 0.868326967
1706080569.345486879 20.842671584 19.322828736 2.023764262 -0.022949413 0.036244723 0.494810753 0.867941221
1706080569.444185257 20.904881892 19.452521813 2.015968672 -0.022402671 0.037274032 0.495472971 0.867534035
1706080569.544227123 20.971180335 19.550161358 2.018890021 -0.020476466 0.038633693 0.496395339 0.866994706
1706080569.644891024 21.017677887 19.667351833 2.012542272 -0.018554012 0.038918985 0.497296306 0.866508768
1706080569.744145393 21.076715460 19.806713191 2.003322673 -0.020135823 0.038093925 0.498140969 0.866024813
1706080569.845358372 21.136445975 19.926859798 1.995557785 -0.020543540 0.038241897 0.499062949 0.865477726
1706080569.942845106 21.205645749 20.035569838 1.989501235 -0.019684466 0.038890047 0.499751457 0.865071423
1706080570.036831617 21.222094101 20.134445014 1.980227735 -0.019685977 0.038297552 0.500694130 0.864552571
1706080570.135458231 21.286666755 20.243724978 1.973153528 -0.020560484 0.037976136 0.501465707 0.864099082
1706080570.244560242 21.360257073 20.365588667 1.968057032 -0.021446305 0.038440475 0.502595517 0.863400332
1706080570.344056129 21.421696411 20.469873325 1.964336458 -0.021809367 0.037940531 0.503562560 0.862849707
1706080570.442728281 21.478830686 20.580475262 1.959104729 -0.021761080 0.037723778 0.504525429 0.862297781
1706080570.541187525 21.547712112 20.683411444 1.955962488 -0.022391204 0.037920135 0.505407846 0.861756118
1706080570.644980431 21.594688178 20.818556097 1.950477970 -0.021813669 0.038363597 0.506575889 0.861065193
1706080570.744630337 21.634701793 20.943035636 1.940215647 -0.020842924 0.037704064 0.507430039 0.860615321
1706080570.843336582 21.729330063 21.040705108 1.934684434 -0.021510531 0.037741633 0.508518877 0.859954312
1706080570.945291281 21.789868569 21.154496096 1.927951773 -0.022932668 0.037988419 0.509298990 0.859444886
1706080571.045025110 21.852590696 21.266207548 1.921977124 -0.021436519 0.038576208 0.510195707 0.858925312
1706080571.138978958 21.894553403 21.375672847 1.916373761 -0.022117062 0.037984870 0.511161817 0.858359821
1706080571.244838476 21.977059513 21.501782197 1.913943096 -0.021637773 0.038212202 0.512406177 0.857619697
1706080571.336708069 22.042254441 21.608229324 1.908204167 -0.021899679 0.038768176 0.513281785 0.857064316
1706080571.435469866 22.097361799 21.730995035 1.902622218 -0.021869322 0.038615914 0.514258313 0.856486387
1706080571.544966936 22.159620531 21.857779051 1.898823321 -0.022070837 0.038263930 0.515340435 0.855846357
1706080571.643746614 22.225897213 21.964891343 1.891817933 -0.021006646 0.038803454 0.516466272 0.855169926
1706080571.742427588 22.277345201 22.077937083 1.885599695 -0.020371986 0.039608104 0.517406220 0.854580004
1706080571.840869904 22.322208541 22.205073022 1.879568918 -0.019047888 0.039438615 0.518339942 0.854052386
1706080571.944919825 22.364214148 22.330628609 1.877023752 -0.020248496 0.039554854 0.519369693 0.853393540
1706080572.044355631 22.398430182 22.444936954 1.867739842 -0.017998531 0.040419597 0.520338143 0.852813301
1706080572.143969774 22.446914174 22.557584990 1.861945371 -0.018862806 0.039798417 0.521465950 0.852134698
1706080572.241548538 22.472754775 22.676021495 1.857374845 -0.018782534 0.039917262 0.522221243 0.851668247
1706080572.339467525 22.542130722 22.784059477 1.848970951 -0.018105214 0.040333373 0.523261264 0.851024717
1706080572.445273876 22.631235467 22.901367806 1.845305299 -0.019459084 0.040819591 0.524294764 0.850335290
1706080572.544591188 22.686097679 23.016776909 1.837807437 -0.017730606 0.041019001 0.525264806 0.849764644
1706080572.635418177 22.741701303 23.110017366 1.830556636 -0.017242687 0.041051778 0.526159898 0.849219172
1706080572.734935999 22.800207031 23.231193930 1.823919840 -0.017898088 0.041641009 0.526949036 0.848687456
1706080572.844727755 22.857254654 23.369300544 1.818192380 -0.016878679 0.042342296 0.527903069 0.848080532
1706080572.943238258 22.896640572 23.493496454 1.807680363 -0.017260430 0.041300404 0.528712053 0.847620151
1706080573.042074442 22.946196493 23.600601861 1.800760635 -0.018068542 0.041340064 0.529622820 0.847032582
1706080573.140792370 22.999939703 23.699291390 1.795173785 -0.019382427 0.041394940 0.530306086 0.846573231
1706080573.244554758 23.050506891 23.865854144 1.789586357 -0.022355127 0.040208257 0.530895833 0.846187426
1706080573.344161749 23.129805006 23.953137920 1.782993419 -0.017142349 0.041570495 0.532033157 0.845528683
1706080573.442956686 23.164518725 24.081909548 1.773599004 -0.018488296 0.040760684 0.532754349 0.845085530
1706080573.541598082 23.220423252 24.198756966 1.768214574 -0.018637925 0.041439530 0.533268605 0.844724800
1706080573.640213728 23.264719567 24.316345879 1.763515382 -0.017821103 0.041577629 0.534041889 0.844246984
1706080573.738805532 23.339965670 24.425528959 1.757081675 -0.018617222 0.041062167 0.534680213 0.843850915
1706080573.837428570 23.388606473 24.544821128 1.750572196 -0.019204439 0.040696333 0.535216032 0.843515736
1706080573.941889763 23.469628804 24.645607242 1.742415622 -0.022319849 0.039962319 0.535786688 0.843111773
1706080574.045017958 23.533432692 24.758889992 1.738261104 -0.020541014 0.040268536 0.536674733 0.842577440
1706080574.144428968 23.557333702 24.893963920 1.730420194 -0.021058783 0.040284467 0.537273021 0.842182516
1706080574.243175745 23.589514369 25.008943798 1.725014117 -0.017292680 0.042295488 0.537789366 0.841840040
1706080574.341815710 23.620478476 25.138907922 1.718502705 -0.018154984 0.041518695 0.538307803 0.841529146
1706080574.440470457 23.668112504 25.264906213 1.710966742 -0.020001142 0.040464128 0.538841579 0.841196981
1706080574.544314623 23.741778636 25.378531194 1.704698935 -0.020008088 0.040890676 0.539584569 0.840699781
1706080574.643709660 23.814274308 25.488175187 1.702825141 -0.019737617 0.041366488 0.540108421 0.840346436
1706080574.742410183 23.860824596 25.607917686 1.696780546 -0.021312229 0.039914115 0.540540963 0.840100065
1706080574.841096163 23.920292434 25.714861271 1.687855606 -0.018916383 0.040759021 0.541223000 0.839677638
1706080574.939657450 23.927129789 25.850578959 1.676024587 -0.018721656 0.041509910 0.541541547 0.839439801
1706080575.044707537 23.952204182 26.009218377 1.675596647 -0.018051144 0.042416221 0.542204502 0.838981108
1706080575.142992973 24.015849062 26.126473778 1.669442118 -0.019313509 0.041475314 0.542781687 0.838626751
1706080575.242460728 24.033526935 26.258188061 1.662771411 -0.019628845 0.041815937 0.543204092 0.838328963
1706080575.345460176 24.073942779 26.390923426 1.654391392 -0.020467338 0.041273819 0.543847597 0.837918463
1706080575.444152355 24.144923130 26.499863314 1.650665892 -0.019738018 0.041509468 0.544648165 0.837404174
1706080575.542673588 24.227468655 26.609224418 1.645894137 -0.019834439 0.041180203 0.545505121 0.836860173
1706080575.641649008 24.287349195 26.752490756 1.639398768 -0.022996815 0.040309490 0.546222938 0.836353271
1706080575.740339279 24.337730665 26.863468902 1.634609252 -0.020714099 0.041730039 0.547060711 0.835795494
1706080575.839026928 24.430006915 26.948207957 1.628121806 -0.022243013 0.040427810 0.547785706 0.835345235
1706080575.942639351 24.453672020 27.079643093 1.618867213 -0.019471603 0.041999731 0.548742502 0.834708659
1706080576.042282581 24.438212763 27.247044100 1.599822376 -0.023021815 0.040413637 0.549012421 0.834519080
1706080576.139912367 24.474030157 27.359435202 1.589771074 -0.018654829 0.042555618 0.549971754 0.833889733
1706080576.239624023 24.513852357 27.464634751 1.586403375 -0.020186519 0.041350187 0.550742855 0.833405648
1706080576.344210148 24.575979076 27.580203753 1.582917443 -0.020702794 0.041223857 0.551845070 0.832669807
1706080576.443548441 24.632335869 27.697454052 1.579707842 -0.021034070 0.041405829 0.552769199 0.832039264
1706080576.542703629 24.685526738 27.821769543 1.574908356 -0.018460480 0.042736243 0.553727448 0.831395656
1706080576.644976139 24.708360856 27.957799661 1.567880829 -0.018926677 0.042276831 0.554435819 0.830936443
1706080576.744030714 24.761984113 28.079139522 1.560412357 -0.018966732 0.042900805 0.555342987 0.830297508
1706080576.842671156 24.803862025 28.201125588 1.552974760 -0.018456631 0.042548223 0.556203743 0.829750804
1706080576.941290617 24.884467530 28.314299876 1.548735487 -0.019600467 0.042021312 0.557029550 0.829197269
1706080577.045040846 24.951824997 28.414134439 1.540144595 -0.019827899 0.042465279 0.557946847 0.828552274
1706080577.144686699 25.016251039 28.530188418 1.534656672 -0.020780357 0.042330465 0.558727215 0.828009787
1706080577.243253231 25.034203686 28.658186544 1.524489650 -0.026028211 0.038387413 0.559343960 0.827637163
1706080577.340945244 25.109375440 28.778220366 1.514162992 -0.021305179 0.041612582 0.560409841 0.826894971
1706080577.440212727 25.134365937 28.902303541 1.509768347 -0.020828573 0.042850796 0.561063468 0.826400487
1706080577.545136452 25.162085745 29.043039510 1.503206474 -0.019449876 0.042836547 0.562139554 0.825703249
1706080577.644652128 25.177577132 29.170672447 1.494897647 -0.020034736 0.042532260 0.563027569 0.825099735
1706080577.743798256 25.215295141 29.269135983 1.493426736 -0.021522190 0.041979469 0.564333641 0.824197829
1706080577.842908621 25.274622457 29.386847258 1.488732983 -0.021370524 0.042526465 0.565422959 0.823426790
1706080577.944942713 25.282170200 29.518396479 1.484270439 -0.021212818 0.042761262 0.566647250 0.822576674
1706080578.043618202 25.330709878 29.637909764 1.477635731 -0.021262031 0.042073220 0.568196015 0.821541879
1706080578.142166376 25.386366713 29.736957992 1.466017806 -0.021715654 0.042638273 0.569610002 0.820521086
1706080578.240797758 25.455494408 29.887165608 1.461848235 -0.023173592 0.042665428 0.570753188 0.819684967
1706080578.344705820 25.483105321 30.017332529 1.444231574 -0.018914709 0.044315534 0.571985398 0.818847405
1706080578.444196463 25.561388390 30.140053753 1.432046356 -0.019153061 0.044700153 0.572953811 0.818143622
1706080578.541916132 25.601196378 30.254939181 1.425645973 -0.017968952 0.045439228 0.573645582 0.817644874
1706080578.641685486 25.607112287 30.418603912 1.410980498 -0.023805295 0.041811957 0.573989905 0.817447648
1706080578.739026308 25.677082870 30.527692187 1.406111209 -0.018037802 0.045082354 0.575374078 0.816447726
1706080578.845076799 25.726098008 30.638566955 1.403845551 -0.017215484 0.046131350 0.576483521 0.815623856
1706080578.944878817 25.760186503 30.760064163 1.396784168 -0.016791541 0.046738624 0.577495042 0.814882213
1706080579.043978930 25.788024072 30.873360054 1.392208942 -0.016722054 0.046519636 0.578526749 0.814164048
1706080579.143063307 25.833336061 31.007766686 1.382301479 -0.016719471 0.047372355 0.579633866 0.813327056
1706080579.244485140 25.847851335 31.119702978 1.378872422 -0.015921736 0.048207026 0.580852554 0.812424083
1706080579.343119860 25.881501315 31.226718421 1.373202496 -0.013335537 0.049858847 0.582271432 0.811354570
1706080579.440270424 25.907927333 31.348523264 1.353773814 -0.012090292 0.050425709 0.583593016 0.810388959
1706080579.541237116 25.938150132 31.485523075 1.340751283 -0.011046973 0.051531884 0.585242666 0.809143653
1706080579.645120859 25.957611368 31.637958424 1.330696788 -0.011138602 0.052028585 0.586750614 0.808017744
1706080579.742998600 26.023442224 31.749035084 1.313964316 -0.009140444 0.053455716 0.588588499 0.806611751
1706080579.841654778 26.090612675 31.850001049 1.292748890 -0.008297078 0.054076478 0.590063408 0.805501128
1706080579.941242456 26.137995949 31.960422849 1.290758559 -0.006573139 0.055535483 0.591298767 0.804511263
1706080580.045182943 26.121276447 32.150153628 1.268451563 -0.007352671 0.056438688 0.591996970 0.803927982
1706080580.144329548 26.155322649 32.262749313 1.266269806 -0.002687886 0.057965812 0.592994546 0.803112824
1706080580.244679213 26.221459546 32.352111032 1.258133676 -0.005285294 0.058123598 0.593656760 0.802599130
1706080580.344010353 26.280155905 32.471999494 1.251304786 -0.002764944 0.059794601 0.594246139 0.802052671
1706080580.444805384 26.285279610 32.595930421 1.246392112 0.001045395 0.061708425 0.595135558 0.801251924
1706080580.544118881 26.313884838 32.718387350 1.230803574 0.001287776 0.061287439 0.595803247 0.800787539
1706080580.641258001 26.349286106 32.807756790 1.214312574 0.004082116 0.062886043 0.596830247 0.799888954
1706080580.742320299 26.389839495 32.942725565 1.211995094 0.000709415 0.061306557 0.597705189 0.799368194
1706080580.841236830 26.421066629 33.073588294 1.205338883 -0.002700558 0.059249767 0.598652073 0.798810282
1706080580.944042683 26.499592766 33.179598689 1.189140008 -0.002757416 0.058919249 0.599750998 0.798009811
1706080581.042974472 26.527843075 33.315771452 1.179494299 -0.003426154 0.058970619 0.600591080 0.797371357
1706080581.142128468 26.556693348 33.449860964 1.183237543 -0.003630682 0.059061658 0.601432963 0.796728893
1706080581.239923954 26.588645951 33.567217441 1.179334852 -0.005238001 0.057658335 0.602307759 0.796161694
1706080581.345062017 26.648175300 33.695533889 1.176778035 -0.006804726 0.056896611 0.603470812 0.795323488
1706080581.443695307 26.650245999 33.831440381 1.169155231 -0.006081431 0.057514982 0.604269413 0.794678249
1706080581.544778109 26.680572203 33.968835611 1.166487411 -0.012777183 0.054270842 0.605133704 0.794169138
1706080581.644164801 26.716105343 34.103310179 1.159892005 -0.008684205 0.056245811 0.606518121 0.793030114
1706080581.743312836 26.698935038 34.270381612 1.142149723 -0.009268678 0.056426629 0.607594072 0.792186576
1706080581.842430830 26.698383572 34.395845120 1.133942010 -0.008313318 0.055752865 0.608994642 0.791168776
1706080581.943404913 26.710319258 34.541033717 1.122076161 -0.009469644 0.055318748 0.610230308 0.790233594
1706080582.042370319 26.746339379 34.674973992 1.115589893 -0.009281716 0.055839505 0.611548503 0.789179465
1706080582.145081520 26.760638219 34.831425140 1.091142614 -0.010050086 0.054874990 0.612911530 0.788179667
1706080582.244453669 26.773614701 34.984557775 1.077103681 -0.010237195 0.054681001 0.614252134 0.787146431
1706080582.342336655 26.803700708 35.127310632 1.067854872 -0.008859955 0.056451932 0.615480693 0.786077730
1706080582.441751957 26.821820147 35.292806773 1.067751971 -0.017449739 0.051858929 0.616424879 0.785510361
1706080582.540839195 26.863316260 35.436801414 1.060718213 -0.010711268 0.054916049 0.618051704 0.784143857
1706080582.644486189 26.901688896 35.596429368 1.044040423 -0.009805724 0.054571739 0.619568757 0.782981691
1706080582.743298769 26.946096101 35.764378616 1.032623618 -0.009781711 0.056321769 0.620719372 0.781946058
1706080582.845103979 26.969275880 35.928297624 1.025039975 -0.006815839 0.057934883 0.622167231 0.780708031
1706080582.944398403 26.971293591 36.104445578 1.012680112 -0.006567503 0.056454327 0.623437622 0.779804660
1706080583.043492317 27.012737523 36.240872565 1.009739276 -0.007216471 0.057418878 0.624641495 0.778764404
1706080583.144494534 27.036970857 36.403902308 1.006132216 -0.008613120 0.057747778 0.625743956 0.777840285
1706080583.243565083 27.066523253 36.560099969 1.001763029 -0.008419854 0.058084948 0.626782233 0.776980873
1706080583.342637300 27.086801656 36.721307979 0.987641059 -0.007570419 0.057869512 0.628050485 0.775980926
1706080583.441732168 27.095645816 36.887709249 0.972886880 -0.008517639 0.057459906 0.628944605 0.775277043
1706080583.543914795 27.133901975 37.038777045 0.965249327 -0.012133996 0.056699388 0.629625744 0.774731804
1706080583.642542601 27.154717010 37.213916701 0.948544624 -0.010170036 0.057154478 0.630452460 0.774054024
1706080583.741721392 27.179401978 37.405848804 0.937460191 -0.008302697 0.058875945 0.631076204 0.773438758
1706080583.844871998 27.218962436 37.578524668 0.929084274 -0.012019495 0.056610409 0.631574275 0.773152461
1706080583.944400311 27.255119274 37.764254097 0.921452139 -0.009513434 0.059399602 0.632023222 0.772611046
1706080584.031195641 27.266912716 37.915330972 0.914590031 -0.009752445 0.058184697 0.632438941 0.772360290
1706080584.145447254 27.296217290 38.139970021 0.900847437 -0.010727319 0.057279633 0.632948415 0.771997586
1706080584.244602919 27.345336295 38.312681760 0.889322001 -0.010999001 0.057616982 0.633276899 0.771699212
1706080584.345147848 27.382522837 38.484006301 0.875093136 -0.011496830 0.056834074 0.633603071 0.771482248
1706080584.444882393 27.398670386 38.669195446 0.855333662 -0.012280494 0.055665167 0.633809726 0.771385643
1706080584.543775558 27.424010132 38.846694369 0.840372688 -0.010996070 0.057686255 0.634102075 0.771016174
1706080584.642738819 27.450689915 39.037878520 0.830547441 -0.012037223 0.056245864 0.634163318 0.771056674
1706080584.745295763 27.481616249 39.223560365 0.820086731 -0.011136818 0.057024063 0.634295223 0.770904532
1706080584.844107151 27.514274228 39.398964375 0.806973608 -0.010976634 0.057384490 0.634315439 0.770863449
1706080584.942617416 27.539455844 39.602367475 0.793274159 -0.010499310 0.057696333 0.634342061 0.770824914
1706080585.041603804 27.570576547 39.795517402 0.785661700 -0.011055861 0.057013550 0.634439574 0.770787681
1706080585.145443439 27.603491344 39.991261751 0.770763842 -0.010458687 0.057339855 0.634268712 0.770912419
1706080585.243885994 27.618881290 40.195362400 0.756084192 -0.010898599 0.057248089 0.634176821 0.770988739
1706080585.341764212 27.649941577 40.369517667 0.739228123 -0.011559481 0.057277331 0.633971100 0.771146115
1706080585.440384150 27.685373218 40.563278333 0.728563620 -0.013872273 0.055774894 0.634000233 0.771194156
1706080585.544634819 27.710573912 40.770767345 0.715639486 -0.013661152 0.055525987 0.633709542 0.771454765
1706080585.645440102 27.748030987 40.959805562 0.707187270 -0.013648685 0.055912003 0.633680961 0.771450582
1706080585.744842052 27.784403546 41.165921855 0.682629976 -0.013749619 0.053860105 0.633644085 0.771625045
1706080585.843951225 27.780272283 41.352835483 0.668920119 -0.012435409 0.055673872 0.633451035 0.771677113
1706080585.943412304 27.818154398 41.551652826 0.658459408 -0.013668972 0.055553334 0.633391265 0.771713996
1706080586.042196989 27.846361864 41.749821877 0.654909889 -0.013843735 0.055255653 0.633434548 0.771696727
1706080586.143910170 27.861195451 41.963328223 0.642948045 -0.013800842 0.055701157 0.633228185 0.771834816
1706080586.242046595 27.899915072 42.159177573 0.642119082 -0.013763280 0.055642364 0.633554112 0.771572218
1706080586.329431772 27.920239619 42.343627984 0.631067664 -0.014798084 0.054798393 0.633476581 0.771677118
1706080586.444888353 27.949630300 42.579461677 0.617637229 -0.013875462 0.054809423 0.633770778 0.771451878
1706080586.532237530 27.976921161 42.749381333 0.603098743 -0.014526216 0.055041565 0.633845127 0.771362282
1706080586.641314983 28.012103286 42.972078291 0.591949575 -0.014620250 0.054922949 0.634069439 0.771184585
1706080586.740094423 28.055854742 43.175194077 0.578806178 -0.014312874 0.055018798 0.634290840 0.771001429
1706080586.844580650 28.100507505 43.382024412 0.566480268 -0.015134414 0.054455149 0.634584599 0.770783999
1706080586.945179462 28.133567847 43.584164489 0.547358825 -0.013854327 0.055040796 0.634699275 0.770672043
1706080587.045078039 28.176605921 43.793503109 0.530987006 -0.011879979 0.057150911 0.634962563 0.770334461
1706080587.144135952 28.211451750 43.992556604 0.512829675 -0.012763780 0.055996023 0.635085950 0.770303425
1706080587.244602919 28.251237184 44.198287303 0.495601096 -0.012211622 0.056443250 0.635354658 0.770058111
1706080587.343061209 28.281906756 44.394242007 0.479186717 -0.010610552 0.058057138 0.635564629 0.769788534
1706080587.443621874 28.309023476 44.608977938 0.472458347 -0.013296350 0.056529626 0.635653134 0.769787440
1706080587.539559841 28.352133272 44.811707765 0.459721489 -0.012344576 0.056655557 0.635721832 0.769737301
1706080587.640864849 28.396876414 45.020228045 0.450066997 -0.011476070 0.058245100 0.635917716 0.769470250
1706080587.728545904 28.396307007 45.205738803 0.441556229 -0.011891222 0.057299273 0.635994441 0.769471548
1706080587.831765175 28.439116586 45.424195600 0.426168469 -0.013088283 0.056941649 0.636130601 0.769366105
1706080587.926675320 28.468026161 45.633620767 0.417868429 -0.011950638 0.057370045 0.636323597 0.769193175
1706080588.045110941 28.511392905 45.876725749 0.406811490 -0.011943229 0.058144812 0.636506959 0.768983375
1706080588.144309282 28.556970573 46.088534159 0.409259027 -0.012818810 0.058090142 0.636575197 0.768916921
1706080588.242814779 28.589054604 46.302538756 0.396640904 -0.011590352 0.058525243 0.636641142 0.768848825
1706080588.345260143 28.625460947 46.520213036 0.383089994 -0.011800423 0.057438953 0.636910908 0.768704112
1706080588.444938898 28.664675996 46.733558474 0.375392661 -0.012695235 0.057391640 0.637061747 0.768568384
1706080588.543958426 28.686175317 46.951317926 0.357648324 -0.012382818 0.057828283 0.636844258 0.768720981
1706080588.642721891 28.723441859 47.156651426 0.339877613 -0.011054763 0.057168000 0.637004606 0.768657754
1706080588.743336439 28.740228495 47.356117845 0.319175267 -0.010090440 0.057726307 0.636978094 0.768651263
1706080588.830536604 28.767290713 47.531856140 0.308632511 -0.012205232 0.057255861 0.636838830 0.768771165
1706080588.934379816 28.809570065 47.753555874 0.294576099 -0.011914179 0.057086121 0.636862456 0.768768781
1706080589.028640270 28.841601394 47.964320695 0.280505027 -0.012659795 0.057100402 0.636576216 0.768992844
1706080589.131635189 28.864111159 48.187494027 0.256403657 -0.013220521 0.056504490 0.636571936 0.769030968
1706080589.240799665 28.906441648 48.412570814 0.239509030 -0.012354108 0.057470773 0.636454401 0.769071051
1706080589.345356703 28.951470644 48.634558006 0.235115838 -0.013583825 0.056536535 0.636314820 0.769235042
1706080589.443952560 29.001029473 48.835457924 0.226284956 -0.014054288 0.056401875 0.636390666 0.769173729
1706080589.542697668 29.051426394 49.046553891 0.209244814 -0.013291462 0.057426130 0.636351710 0.769143731
1706080589.644953966 29.074667056 49.265719046 0.201269437 -0.013456929 0.057303250 0.636095134 0.769362222
1706080589.744756460 29.092581316 49.500207491 0.198986013 -0.014725082 0.054900298 0.636033104 0.769565475
1706080589.843966722 29.132040120 49.703544165 0.175307452 -0.014939787 0.056313657 0.635884659 0.769581884
1706080589.942413092 29.157925359 49.913627529 0.161205870 -0.015706349 0.055499419 0.635612765 0.769850335
1706080590.031594276 29.188589427 50.104677332 0.145892309 -0.013645391 0.056574516 0.635828981 0.769632792
1706080590.138777256 29.221905642 50.341638530 0.131370197 -0.014106122 0.056252254 0.635525121 0.769899033
1706080590.229778767 29.250378119 50.528582511 0.116432747 -0.014060416 0.056046524 0.635580542 0.769869123
1706080590.328855991 29.289486367 50.746720693 0.101461975 -0.013871978 0.056322612 0.635586136 0.769847774
1706080590.437992096 29.321091783 50.976220953 0.082642881 -0.014669616 0.055573641 0.635544581 0.769921722
1706080590.537140369 29.357823390 51.193196679 0.069948322 -0.013343640 0.056149509 0.635687967 0.769785677
1706080590.644961357 29.385607865 51.429551582 0.055278278 -0.013868512 0.056438219 0.635711035 0.769736235
1706080590.744404554 29.427094384 51.649876453 0.037826368 -0.013001951 0.055887948 0.635745003 0.769763455
1706080590.842213154 29.456220558 51.866755871 0.026781306 -0.014618898 0.054976479 0.635737521 0.769806261
1706080590.945276260 29.496814401 52.085259632 0.010720465 -0.015546838 0.054483937 0.635800477 0.769771102
1706080591.044838667 29.532719375 52.305535878 0.001807049 -0.014316212 0.055830548 0.635757060 0.769734341
1706080591.143432379 29.541959050 52.520019149 -0.007866331 -0.014707381 0.054717396 0.635803390 0.769768633
1706080591.237515688 29.595657995 52.701297062 -0.016552399 -0.014739978 0.054799501 0.636006985 0.769593960
1706080591.331750393 29.641122920 52.909691447 -0.025357122 -0.015319368 0.055438678 0.636027813 0.769519650
1706080591.434728146 29.656729039 53.148521757 -0.038604973 -0.015333845 0.054909348 0.636099738 0.769497862
1706080591.539636612 29.695627895 53.369762259 -0.056832361 -0.014973895 0.054318113 0.636434166 0.769270354
1706080591.639107704 29.744741466 53.589435354 -0.074076875 -0.014289118 0.055224914 0.636727572 0.768975961
1706080591.738278866 29.826866868 53.792883655 -0.087874571 -0.015360857 0.055364639 0.637178224 0.768571865
1706080591.837100744 29.878223151 54.002230009 -0.095782789 -0.015326978 0.055761000 0.637376580 0.768379392
1706080591.944596291 29.907738384 54.235128017 -0.108736752 -0.014830819 0.055903736 0.637743635 0.768074134
1706080592.043272972 29.937550383 54.463502066 -0.115757808 -0.014343666 0.056144991 0.638187393 0.767697109
1706080592.134644032 29.956417505 54.667273816 -0.125307213 -0.013956125 0.056315640 0.638635443 0.767319064
1706080592.241304636 29.979723867 54.908033428 -0.136880623 -0.013602450 0.056397379 0.639016933 0.767001739
1706080592.340298176 30.012705368 55.134378357 -0.146663072 -0.014385952 0.055547188 0.639622232 0.766544816
1706080592.438832760 30.038698958 55.351202734 -0.162870606 -0.013324777 0.056937042 0.640022454 0.766127850
1706080592.537472010 30.069513118 55.555662230 -0.178624333 -0.013002731 0.057142420 0.640485939 0.765730654
1706080592.631934404 30.097707794 55.759875026 -0.191154028 -0.013389192 0.057072254 0.640958464 0.765333741
1706080592.740804672 30.125524898 55.969301772 -0.197459919 -0.014512574 0.057156672 0.641371351 0.764960973
1706080592.840223074 30.151565442 56.187404007 -0.204381198 -0.014257116 0.056683084 0.641907380 0.764551292
1706080592.939354658 30.188368041 56.404074864 -0.216660127 -0.013780751 0.056969307 0.642349054 0.764167706
1706080593.038474083 30.222101283 56.626650657 -0.229499384 -0.012794856 0.057577544 0.642768249 0.763786682
1706080593.137316704 30.266307524 56.850202556 -0.244806829 -0.013281239 0.057519914 0.643205274 0.763414726
1706080593.238721609 30.299772424 57.074324763 -0.243313309 -0.011599999 0.059785632 0.643444971 0.763065979
1706080593.344033718 30.340204924 57.302447837 -0.262675020 -0.011816633 0.058015889 0.643977362 0.762750078
1706080593.442235470 30.366507463 57.512027720 -0.280557492 -0.011111475 0.059620844 0.644462538 0.762226952
1706080593.541015625 30.416554319 57.729362270 -0.294642708 -0.013358589 0.058703060 0.644900566 0.761891566
1706080593.639655590 30.458256455 57.941815928 -0.309131978 -0.011777504 0.059091951 0.645274939 0.761570538
1706080593.744358778 30.471551688 58.166897090 -0.333882440 -0.011693720 0.058607520 0.645649952 0.761291373
1706080593.833021641 30.491453041 58.363270759 -0.346704820 -0.012114449 0.058762380 0.645964363 0.761006087
1706080593.941949129 30.519067336 58.607444983 -0.372921443 -0.011995522 0.058287472 0.646337172 0.760727900
1706080594.041316748 30.543469642 58.821916268 -0.388138608 -0.012879655 0.057500773 0.646539396 0.760601463
1706080594.140448809 30.572333890 59.039413836 -0.403188866 -0.011798400 0.058450712 0.647022581 0.760135574
1706080594.242413044 30.599108463 59.264328655 -0.415101512 -0.012136818 0.058547726 0.647195841 0.759975266
1706080594.338657379 30.632771409 59.490622373 -0.421096109 -0.012866521 0.058484744 0.647333067 0.759851227
1706080594.437728167 30.689067016 59.675392800 -0.431418697 -0.012589803 0.058159315 0.647737179 0.759536396
1706080594.539284229 30.708436247 59.882610393 -0.448299274 -0.013798605 0.057734183 0.647711310 0.759569892
1706080594.643694639 30.733085134 60.126257995 -0.463956890 -0.013139002 0.058131261 0.647666156 0.759589806
1706080594.737052917 30.742420860 60.332624944 -0.476010847 -0.012459783 0.059106182 0.647643590 0.759545255
1706080594.840701103 30.770504969 60.573551669 -0.488287773 -0.014012951 0.058040188 0.647791775 0.759474022
1706080594.939586401 30.805504119 60.798900837 -0.505536924 -0.013225460 0.058302417 0.647992257 0.759297011
1706080595.034136295 30.839992923 61.008530566 -0.508838851 -0.012514903 0.058711719 0.648173258 0.759123006
1706080595.143109083 30.857923697 61.256825948 -0.531322825 -0.010871293 0.059553250 0.648332461 0.758946800
1706080595.242441893 30.892480474 61.478915879 -0.552408890 -0.011809630 0.059248525 0.648482736 0.758828233
1706080595.341587067 30.921680718 61.681407830 -0.565337360 -0.010951825 0.059577572 0.648599599 0.758715448
1706080595.440665722 30.961698382 61.899733518 -0.575983246 -0.013301924 0.058393921 0.648497722 0.758856978
1706080595.539749622 31.001034714 62.105818140 -0.585153345 -0.014107908 0.057637958 0.648709155 0.758719490
1706080595.638837814 31.021037746 62.306560364 -0.595169502 -0.012589383 0.058493885 0.648847302 0.758562557
1706080595.740302801 31.045089862 62.538847299 -0.606480637 -0.011831099 0.058523268 0.648799294 0.758613557
1706080595.839026213 31.071480722 62.747817864 -0.618115588 -0.010070243 0.059216437 0.648969149 0.758439877
1706080595.942792892 31.108815842 62.980767035 -0.639066574 -0.011820935 0.058735289 0.649117018 0.758325476
1706080596.037108183 31.117217178 63.188766450 -0.671383871 -0.011178337 0.058877289 0.649178699 0.758271407
1706080596.136250257 31.152437754 63.410000119 -0.687703252 -0.012349494 0.058206440 0.649278935 0.758219206
1706080596.243610859 31.196657520 63.653821871 -0.712902552 -0.013019470 0.058531439 0.649283848 0.758178771
1706080596.344213486 31.237525607 63.871171252 -0.716243072 -0.014131679 0.058271930 0.649329566 0.758139692
1706080596.443540812 31.261104121 64.086140468 -0.730208779 -0.013886504 0.057882180 0.649449328 0.758071493
1706080596.542680264 31.294774735 64.301202893 -0.739682714 -0.013355672 0.058470845 0.649568047 0.757934125
1706080596.641676188 31.324792934 64.518148433 -0.746941359 -0.013151072 0.059562402 0.649624545 0.757804275
1706080596.740833998 31.352583344 64.727104363 -0.761220175 -0.013500096 0.058237449 0.649703051 0.757833816
1706080596.842647552 31.369794698 64.951673950 -0.772135906 -0.013537644 0.057924521 0.649679664 0.757877178
1706080596.941424131 31.390280017 65.171866293 -0.779209251 -0.013014868 0.058547364 0.649718470 0.757805205
1706080597.040284634 31.419934187 65.405575359 -0.807952580 -0.013595634 0.058099042 0.649662359 0.757877615
1706080597.144152641 31.447737318 65.641701961 -0.819294395 -0.013654763 0.057505472 0.649536192 0.758029949
1706080597.242796659 31.470760762 65.855805699 -0.829653321 -0.012088208 0.058630200 0.649583603 0.757929757
1706080597.341646671 31.491769011 66.084281975 -0.843772499 -0.013500621 0.057341838 0.649597554 0.757992523
1706080597.436643362 31.514368802 66.287653523 -0.854956135 -0.011669306 0.059238393 0.649571659 0.757899268
1706080597.545359850 31.560300953 66.517968027 -0.866314864 -0.011332409 0.058317057 0.649930960 0.757667767
1706080597.644669771 31.596471594 66.739054386 -0.879354407 -0.011024674 0.059469345 0.650083216 0.757452088
1706080597.743735313 31.608363485 66.970138429 -0.895179358 -0.010486969 0.060074521 0.650344339 0.757187768
1706080597.842884541 31.647540252 67.188927656 -0.914568716 -0.012196087 0.059703178 0.650597766 0.756973799
1706080597.943809271 31.680744219 67.419183039 -0.923453293 -0.011699651 0.059392665 0.650959265 0.756695226
1706080598.043670177 31.703699788 67.639583295 -0.930641641 -0.012158911 0.059481447 0.651211605 0.756463855
1706080598.142441988 31.736054324 67.855217589 -0.937937059 -0.011722716 0.060177238 0.651653150 0.756035350
1706080598.241228342 31.765039009 68.076727712 -0.950227021 -0.011585429 0.059077255 0.652067554 0.755766869
1706080598.340327740 31.780713296 68.289923440 -0.964257946 -0.011803094 0.059868111 0.652344213 0.755462457
1706080598.443646431 31.803104835 68.514735374 -0.975816371 -0.012135851 0.059934366 0.652497688 0.755319376
1706080598.542823315 31.832186093 68.722190833 -0.993823565 -0.012165610 0.058988617 0.652890545 0.755053824
1706080598.640995979 31.849058561 68.913263205 -1.006889883 -0.009867525 0.059886700 0.653219154 0.754732371
1706080598.744570255 31.865624391 69.154009097 -1.009232215 -0.011633971 0.059872774 0.653212062 0.754714452
1706080598.844978809 31.909943137 69.379294090 -1.025413771 -0.011222972 0.060683021 0.653515611 0.754393109
1706080598.944825888 31.930929213 69.600753044 -1.040165393 -0.011258320 0.059984162 0.653620904 0.754357252
1706080599.043933153 31.956800683 69.822152910 -1.049387359 -0.011320455 0.060704123 0.653818051 0.754127849
1706080599.143054008 31.992957356 70.068638421 -1.066024518 -0.011077288 0.060926683 0.654028656 0.753930866
1706080599.244636297 32.007287321 70.297949856 -1.079396878 -0.011570359 0.060546596 0.654149728 0.753849037
1706080599.343470812 32.037816606 70.519818636 -1.087895401 -0.011957422 0.060236865 0.654430225 0.753624323
1706080599.442472458 32.088569246 70.738900179 -1.107817822 -0.012692141 0.060362080 0.654671592 0.753392617
1706080599.541466475 32.100409442 70.947384964 -1.120771522 -0.012259713 0.060489038 0.654815964 0.753264117
1706080599.644816399 32.110904732 71.195151910 -1.139797058 -0.011260452 0.060671822 0.654989344 0.753114262
1706080599.743674040 32.140113850 71.412609765 -1.149033557 -0.011822780 0.060282016 0.655249359 0.752910737
1706080599.842084408 32.163371125 71.623113057 -1.164259775 -0.011821590 0.060704879 0.655556476 0.752609377
1706080599.940953255 32.167944903 71.829497490 -1.179386861 -0.010886507 0.061261939 0.655727153 0.752429638
1706080600.045491695 32.194137420 72.064994348 -1.183289151 -0.012696799 0.060147633 0.655842185 0.752390911
1706080600.144316435 32.217093051 72.300296039 -1.199706028 -0.012758492 0.059973247 0.655945493 0.752313725
1706080600.245071888 32.248615815 72.530885642 -1.215763782 -0.012668532 0.059236415 0.656079347 0.752256902
1706080600.344179869 32.272080851 72.760341404 -1.226757591 -0.012202989 0.059176431 0.656136208 0.752219724
1706080600.444528580 32.309807157 72.975475086 -1.243645044 -0.012421898 0.059216789 0.656244161 0.752118786
1706080600.544635057 32.348161512 73.209339172 -1.259992580 -0.013142210 0.058986504 0.656437465 0.751955936
1706080600.643405676 32.382030415 73.424431922 -1.273520065 -0.013959304 0.059212106 0.656416133 0.751942102
1706080600.742739439 32.409601533 73.657193426 -1.282365848 -0.013551086 0.059649808 0.656439469 0.751894602
1706080600.841586828 32.420502767 73.874107036 -1.307109544 -0.012769580 0.058003453 0.656511121 0.751974524
1706080600.944743156 32.448662577 74.096916759 -1.319612975 -0.012223997 0.061026357 0.656313411 0.751916927
1706080601.043438435 32.476095469 74.324922448 -1.334457779 -0.014296757 0.057959001 0.656401517 0.752046146
1706080601.142133713 32.500441847 74.535648659 -1.339843669 -0.014723092 0.057911038 0.656399859 0.752043062
1706080601.245056868 32.530095545 74.759265094 -1.353231201 -0.014682413 0.057937051 0.656288249 0.752139255
1706080601.343887806 32.535699955 74.984662839 -1.368059439 -0.014366173 0.057403381 0.656186387 0.752275143
1706080601.437901258 32.589723219 75.173132200 -1.378774660 -0.016100226 0.056061700 0.656259881 0.752277102
1706080601.545259953 32.609878538 75.416339283 -1.390066789 -0.014842877 0.057271985 0.655994478 0.752443256
1706080601.644371033 32.619738369 75.653525303 -1.399750348 -0.015827072 0.057347967 0.655838492 0.752553378
1706080601.743487120 32.639192779 75.883873114 -1.409253390 -0.014653083 0.057610251 0.655654745 0.752717212
1706080601.844553232 32.664242601 76.104426943 -1.426133404 -0.014817991 0.057379806 0.655702941 0.752689603
1706080601.943821907 32.677600604 76.326508792 -1.445386264 -0.014880359 0.057393693 0.655601774 0.752775434
1706080602.042707443 32.705737834 76.552522092 -1.463169842 -0.014666601 0.057297941 0.655453084 0.752916391
1706080602.141682148 32.719468181 76.774889622 -1.478899321 -0.014310306 0.057079835 0.655468039 0.752926794
1706080602.244646311 32.740906271 77.016506621 -1.495366466 -0.015635371 0.056972334 0.655398063 0.752969500
1706080602.342936516 32.761433591 77.247118548 -1.503250092 -0.016320041 0.056566462 0.655339549 0.753036498
1706080602.439174175 32.778162818 77.443680385 -1.520809221 -0.015667280 0.056382376 0.655307784 0.753091809
1706080602.544617414 32.815798789 77.675327521 -1.530253553 -0.015507493 0.056860407 0.655455932 0.752930231
1706080602.639254570 32.863122239 77.880810085 -1.535373993 -0.015905552 0.057396549 0.655533389 0.752813806
1706080602.737500429 32.891241916 78.104609703 -1.550281211 -0.014885154 0.057435817 0.655607700 0.752766964
1706080602.836943150 32.918717510 78.332608836 -1.562198918 -0.015301630 0.056791541 0.655676694 0.752747404
1706080602.944570541 32.938780213 78.579256313 -1.579928530 -0.015307497 0.057190098 0.655793863 0.752615030
1706080603.045428514 32.977840197 78.774511820 -1.605704054 -0.015244124 0.057198609 0.655903187 0.752520395
1706080603.144894361 32.996031135 79.006522861 -1.614990396 -0.014358348 0.057501028 0.655907613 0.752510912
1706080603.243754148 33.001470628 79.229093282 -1.632886306 -0.014127987 0.058156227 0.655968829 0.752411555
1706080603.342768908 33.024183561 79.464084780 -1.652485217 -0.014225837 0.058632359 0.656028052 0.752321120
1706080603.441823959 33.078659196 79.693023163 -1.662255551 -0.013994505 0.058420765 0.656345842 0.752064694
1706080603.540960312 33.083462420 79.903386734 -1.677619223 -0.013590251 0.056596875 0.656454541 0.752116703
1706080603.642461538 33.101692844 80.134561610 -1.626386552 -0.013051565 0.060603499 0.656391007 0.751869482
1706080603.740073681 33.119483576 80.351640295 -1.633125478 -0.015082558 0.058681260 0.656459804 0.751923900
1706080603.840120316 33.134859329 80.584475987 -1.649158541 -0.013256967 0.058310092 0.656776872 0.751710268
1706080603.936697483 33.161838254 80.783733156 -1.653523537 -0.014131529 0.058648955 0.656853218 0.751601258
1706080604.035874844 33.200239357 81.022030238 -1.672791172 -0.014404292 0.058674462 0.657008735 0.751458146
1706080604.136506557 33.229517091 81.240080058 -1.697150586 -0.014176615 0.058676854 0.657112412 0.751371631
1706080604.244708538 33.253080421 81.488251336 -1.722572246 -0.013859116 0.058709528 0.657202089 0.751296566
1706080604.344791651 33.273501457 81.725299442 -1.724425928 -0.014972710 0.058473437 0.657272037 0.751232417
1706080604.444762230 33.297805010 81.951840099 -1.740316046 -0.015359714 0.057760958 0.657306034 0.751249977
1706080604.543864489 33.319690379 82.185765253 -1.764083451 -0.014409885 0.058313030 0.657373200 0.751167373
1706080604.642852783 33.335211384 82.425770621 -1.749304258 -0.013827864 0.058474636 0.657461318 0.751088625
1706080604.742112398 33.372997936 82.657597651 -1.768167220 -0.014481106 0.059008724 0.657567195 0.750941843
1706080604.842230558 33.399199631 82.860282687 -1.774476053 -0.014532507 0.057823986 0.657854676 0.750781205
1706080604.942322731 33.410638571 83.067433131 -1.789907504 -0.014693072 0.058045517 0.658013071 0.750622162
1706080605.040854692 33.448889065 83.268283369 -1.836776011 -0.015830467 0.056628198 0.658354736 0.750407679
1706080605.139381886 33.469845700 83.497712407 -1.846529753 -0.014091597 0.058121200 0.658517371 0.750185460
1706080605.235743999 33.479423509 83.697912860 -1.849883807 -0.013806514 0.058025672 0.658632900 0.750096730
1706080605.326517105 33.502900177 83.917175524 -1.852287689 -0.014375536 0.058178084 0.658738895 0.749981148
1706080605.445100546 33.559906912 84.182048109 -1.852666901 -0.015182011 0.058149872 0.659080616 0.749667153
1706080605.544604540 33.575489394 84.415810135 -1.877126328 -0.014160212 0.057008119 0.659133355 0.749728473
1706080605.643112183 33.584188142 84.647056499 -1.909684281 -0.014109143 0.057374340 0.659230398 0.749616168
1706080605.744932890 33.604422168 84.878225117 -1.925805286 -0.016397020 0.055970424 0.659198065 0.749704182
1706080605.843995094 33.601507786 85.093857930 -1.933416439 -0.016089445 0.056151893 0.659201673 0.749694104
1706080605.944805384 33.616050637 85.315804445 -1.952300476 -0.018022254 0.054827070 0.659321777 0.749642572
1706080606.043398619 33.643005951 85.554103018 -1.979869945 -0.018345560 0.054869163 0.659422249 0.749543270
1706080606.141907215 33.670153617 85.764711354 -2.005793563 -0.020433977 0.052536660 0.659566903 0.749529087
1706080606.240790129 33.703603936 85.990043152 -2.009165370 -0.021108857 0.052150693 0.659615033 0.749494983
1706080606.338747501 33.720637339 86.210079743 -2.030927589 -0.021737799 0.052243371 0.659547365 0.749530100
1706080606.428557158 33.757014254 86.410108415 -2.047840824 -0.022402892 0.051662876 0.659700536 0.749415947
1706080606.527653694 33.783737498 86.623360626 -2.097253745 -0.023317971 0.050160102 0.659651934 0.749532896
1706080606.626699686 33.800885570 86.840383469 -2.120895704 -0.024121273 0.049007629 0.659506993 0.749711240
1706080606.745433331 33.817994882 87.104373294 -2.115081619 -0.024587153 0.048983163 0.659284045 0.749893772
1706080606.844174385 33.825452811 87.339324859 -2.092690793 -0.025140984 0.048091887 0.659187680 0.750017803
1706080606.934066772 33.840498045 87.546323271 -2.100624330 -0.025410017 0.048423069 0.659136834 0.750032114
1706080607.045006037 33.863923280 87.802271184 -2.106192740 -0.026126885 0.047943243 0.658929140 0.750220781
1706080607.144520998 33.865421866 88.028243218 -2.147445268 -0.024980702 0.046706510 0.659031282 0.750248116
1706080607.244439363 33.875503888 88.256082559 -2.168942053 -0.023878493 0.047677776 0.658986352 0.750262378
1706080607.342998028 33.911259577 88.479134446 -2.172881383 -0.024779568 0.047626563 0.658948549 0.750269614
1706080607.441869736 33.938088901 88.692697196 -2.183665408 -0.025730685 0.047338708 0.658947957 0.750256335
1706080607.539769173 33.977677351 88.911955323 -2.169837980 -0.024876486 0.047616902 0.659234791 0.750015521
1706080607.638964653 34.015297127 89.134467430 -2.194474815 -0.024415503 0.048438269 0.659375772 0.749854125
1706080607.733201981 34.048169139 89.346387511 -2.228043810 -0.024257774 0.049048020 0.659477341 0.749730277
1706080607.842945337 34.058072704 89.597339237 -2.243409016 -0.024337888 0.048323753 0.659598082 0.749668495
1706080607.936667442 34.087183464 89.800189147 -2.255236899 -0.022283311 0.050015601 0.659813775 0.749431568
1706080608.035984278 34.123749783 90.020879750 -2.261729763 -0.023576838 0.050478314 0.660009638 0.749188461
1706080608.135157585 34.131383866 90.232530715 -2.273845207 -0.022540034 0.050325775 0.660194554 0.749067697
1706080608.245282650 34.154963760 90.477423205 -2.286138136 -0.023251342 0.049437906 0.660395439 0.748927989
1706080608.345320702 34.183295016 90.716460660 -2.268006272 -0.021881334 0.051243677 0.660589552 0.748676657
1706080608.445151329 34.199031727 90.940952199 -2.303773524 -0.021796231 0.050591854 0.660821474 0.748518783
1706080608.544055462 34.214711493 91.164318027 -2.296882035 -0.021283980 0.051714434 0.661003830 0.748295761
1706080608.642795563 34.244680494 91.394094083 -2.297630609 -0.020661329 0.051709282 0.661401103 0.747962459
1706080608.741378784 34.260199878 91.612949659 -2.315522927 -0.021386749 0.052509286 0.661390919 0.747895336
1706080608.830772877 34.271082947 91.814447294 -2.323604017 -0.020348417 0.052225556 0.661477027 0.747868020
1706080608.929771662 34.303396035 92.030321086 -2.332112162 -0.020208190 0.052894594 0.661517234 0.747789235
1706080609.028850317 34.316183252 92.248089872 -2.339495877 -0.020208013 0.052535279 0.661540189 0.747794262
1706080609.142752647 34.346525311 92.513013516 -2.394768025 -0.019231260 0.052908692 0.661745800 0.747611747
1706080609.237061977 34.370962496 92.734453621 -2.366949142 -0.017900572 0.053221797 0.661821897 0.747555206
1706080609.336240292 34.402063334 92.967243790 -2.447090913 -0.019525208 0.051995250 0.661794235 0.747625341
1706080609.435354471 34.413541450 93.182851336 -2.468972359 -0.019256428 0.053030223 0.661595980 0.747735077
1706080609.545064926 34.432813965 93.434695451 -2.465257441 -0.019887230 0.051887367 0.661511311 0.747873642
1706080609.645285130 34.455855896 93.628109713 -2.465528995 -0.018941389 0.052945684 0.661501607 0.747832603
1706080609.745101690 34.484663826 93.856504150 -2.459526722 -0.019640864 0.053098500 0.661098760 0.748159886
1706080609.843813896 34.520807981 94.079811810 -2.489429020 -0.019413428 0.052704845 0.660926161 0.748346129
1706080609.942398787 34.554765142 94.328648301 -2.519511456 -0.019418913 0.051939904 0.660498705 0.748776744
1706080610.041026115 34.576018057 94.549941120 -2.544326917 -0.019816044 0.053220699 0.659994223 0.749121157
1706080610.130864620 34.590583997 94.744898423 -2.581820363 -0.019454356 0.052519293 0.659569802 0.749553819
1706080610.233857393 34.636371871 94.970306758 -2.600536255 -0.018859099 0.052467295 0.659206038 0.749892604
1706080610.338901997 34.686161907 95.195849144 -2.660802599 -0.018243652 0.051876403 0.658710050 0.750384620
1706080610.438163042 34.705716615 95.413123538 -2.971564749 -0.016282972 0.051875419 0.658042532 0.751015201
1706080610.537333012 34.720062336 95.631905729 -3.028536383 -0.017282459 0.051798464 0.657477793 0.751492639
1706080610.636435270 34.745864781 95.845201593 -3.027078350 -0.017607705 0.050872015 0.657118426 0.751862608
1706080610.735527992 34.771300450 96.079914371 -3.040045646 -0.018604760 0.050979097 0.656774980 0.752131385
1706080610.837474108 34.772737012 96.321214055 -3.072784628 -0.018017001 0.051214230 0.656248952 0.752588735
1706080610.943953753 34.791420880 96.550325317 -3.126763715 -0.017461652 0.051417142 0.656180505 0.752647669
1706080611.044661522 34.817152742 96.779294641 -3.126532053 -0.017978722 0.049743762 0.655973194 0.752928611
1706080611.138953447 34.838783238 96.981294154 -3.060588316 -0.019803180 0.050814651 0.655849884 0.752918744
1706080611.237516880 34.827464545 97.222813890 -2.988190058 -0.019638917 0.050169303 0.655701923 0.753095175
1706080611.332191229 34.876297992 97.430074780 -3.056139280 -0.018594954 0.049398451 0.656137314 0.752793362
1706080611.435024500 34.890222677 97.635749491 -3.111272147 -0.018290941 0.049195425 0.656497451 0.752500065
1706080611.540106535 34.926192660 97.874465846 -3.056653665 -0.019739237 0.049471105 0.656903982 0.752090507
1706080611.639329433 34.979747564 98.107625047 -3.057649846 -0.020083845 0.049306360 0.657465374 0.751601493
1706080611.738473892 34.990719437 98.353148861 -3.054974797 -0.020844789 0.048821457 0.657994835 0.751148958
1706080611.837562561 35.017291834 98.590885387 -3.075895720 -0.021360688 0.048264063 0.658816534 0.750449916
1706080611.936630487 35.051347342 98.813574286 -3.060625566 -0.021714928 0.047606998 0.659588351 0.749803469
1706080612.038305283 35.052673490 99.040105235 -3.059782196 -0.021783919 0.048461873 0.660462314 0.748976929
1706080612.137204409 35.063983312 99.254871583 -2.987473144 -0.021892444 0.049418108 0.661328476 0.748146522
1706080612.245228529 35.086233097 99.471439544 -3.018103701 -0.021637596 0.050010308 0.662593163 0.746994702
1706080612.343872309 35.094677717 99.701119620 -2.980119594 -0.020277988 0.049935375 0.663703035 0.746051971
1706080612.434049368 35.093514321 99.903132353 -2.950730974 -0.020627778 0.051202808 0.664554720 0.745197820
1706080612.533097744 35.113354318 100.121246001 -2.928806122 -0.019798673 0.052293996 0.665807094 0.744025715
1706080612.632177353 35.118149407 100.342325697 -2.896801891 -0.019349894 0.052421499 0.666892520 0.743055809
1706080612.741215944 35.153817091 100.577564421 -2.933620499 -0.018923176 0.052983743 0.668177843 0.741871287
1706080612.840387344 35.178200491 100.799436197 -2.939466734 -0.019817196 0.052951932 0.669060422 0.741054333
1706080612.939521790 35.185013762 101.028498457 -2.953242361 -0.018242487 0.054063450 0.669622609 0.740506527
1706080613.038615465 35.194299296 101.259258928 -2.911113237 -0.016811329 0.055123926 0.670244272 0.739899553
1706080613.140780449 35.212602068 101.493542748 -2.870463627 -0.016242925 0.055919392 0.670755306 0.739389281
1706080613.239406109 35.227188057 101.720670581 -2.949983579 -0.016508182 0.055556158 0.671140652 0.739061039
1706080613.338251591 35.248423273 101.959153843 -2.909279242 -0.017601444 0.056240966 0.671369935 0.738775713
1706080613.437193871 35.252499508 102.171417264 -2.977486778 -0.015057955 0.056695940 0.671646386 0.738545842
1706080613.536163092 35.279803820 102.392347660 -3.031779899 -0.015582309 0.057024222 0.671739558 0.738424942
1706080613.635113001 35.298289654 102.611554251 -3.077772055 -0.014524198 0.055839805 0.672032755 0.738270236
1706080613.734163761 35.317958153 102.818685015 -3.055032754 -0.015656877 0.056736334 0.672001336 0.738207325
1706080613.833252192 35.341446226 103.040038137 -3.093989575 -0.015613580 0.056182392 0.672014993 0.738238176
1706080613.942297935 35.360589062 103.283741888 -3.146518570 -0.016226940 0.056669614 0.671933388 0.738261989
1706080614.041532993 35.376478461 103.522545038 -3.187971999 -0.016534319 0.055620930 0.671751470 0.738500434
1706080614.140632629 35.386268516 103.725873413 -3.205435985 -0.016835634 0.054563009 0.671757391 0.738567158
1706080614.242802620 35.407180925 103.961378736 -3.259705331 -0.017160156 0.055150587 0.671442969 0.738801923
1706080614.341650486 35.417538592 104.191273045 -3.258661206 -0.018276082 0.054518244 0.671215414 0.739028831
1706080614.440516710 35.432669451 104.423625069 -3.307763971 -0.018870083 0.053483576 0.670999133 0.739285865
1706080614.539324760 35.439908908 104.641733903 -3.332559374 -0.018707708 0.052478223 0.670773008 0.739567191
1706080614.638290644 35.452979783 104.861183983 -3.348930262 -0.019535578 0.052922071 0.670605791 0.739665795
1706080614.737274170 35.475300949 105.059464929 -3.390773599 -0.019246566 0.051648108 0.670506352 0.739853549
1706080614.836300135 35.496431911 105.284335360 -3.442765594 -0.020900262 0.051266387 0.670370297 0.739958513
1706080614.935311317 35.494425695 105.522820241 -3.337745340 -0.021421270 0.051677643 0.670043622 0.740210845
1706080615.044214725 35.512721001 105.766745267 -3.342525974 -0.022732392 0.050042106 0.670264188 0.740084417
1706080615.143497229 35.504623228 105.987290336 -3.271755514 -0.021472324 0.051661822 0.670022492 0.740229596
1706080615.242713928 35.515426200 106.219542771 -3.261976906 -0.023362717 0.050648020 0.670004086 0.740259067
1706080615.341810942 35.529166153 106.454001474 -3.273158110 -0.024463363 0.048874945 0.670242674 0.740126706
1706080615.440896988 35.553322495 106.668929162 -3.306170678 -0.025169429 0.048521109 0.670350642 0.740028526
1706080615.540012360 35.568935648 106.883919368 -3.317546193 -0.025132531 0.047889710 0.670535596 0.739903336
1706080615.641634941 35.586566459 107.117289319 -3.336929266 -0.026365165 0.046604442 0.670642747 0.739845396
1706080615.740602732 35.590893986 107.343129509 -3.326967940 -0.027297218 0.047045409 0.670847862 0.739597686
1706080615.839451551 35.590297499 107.564201140 -3.255380641 -0.028652549 0.045622853 0.671159371 0.739352883
1706080615.938372135 35.606038422 107.799090857 -3.257967913 -0.028303099 0.047130826 0.671278414 0.739163656
1706080616.037389517 35.634347803 108.008680517 -3.277017160 -0.029648576 0.044139254 0.671871318 0.738756807
1706080616.136449575 35.635520768 108.220650094 -3.293895496 -0.029352599 0.044803135 0.672019080 0.738594246
1706080616.245434761 35.644899735 108.472504762 -3.318473549 -0.030337329 0.044241571 0.672413384 0.738229349
1706080616.344648123 35.665625889 108.711549276 -3.278134748 -0.031184501 0.044770840 0.672691036 0.737909120
1706080616.443822384 35.666864146 108.928186969 -3.327414112 -0.029510634 0.044980627 0.673087122 0.737603954
1706080616.542903423 35.690226017 109.161766887 -3.358645739 -0.028908496 0.046584426 0.673556723 0.737099404
1706080616.642016649 35.692069146 109.384988073 -3.399154554 -0.028346473 0.047086451 0.673943138 0.736736039
1706080616.743837118 35.700287697 109.616437043 -3.413665528 -0.027024933 0.047062006 0.674465505 0.736309108
1706080616.842727423 35.724686749 109.822491754 -3.467439523 -0.027820950 0.045627087 0.675081013 0.735805538
1706080616.941487789 35.746420158 110.037507465 -3.588800495 -0.027508847 0.045894793 0.675605769 0.735318826
1706080617.040480375 35.751828197 110.277270230 -3.597010948 -0.027072841 0.046489767 0.676115615 0.734828849
1706080617.139474392 35.760379039 110.501444004 -3.599841312 -0.025365715 0.046954210 0.676840630 0.734192512
1706080617.238476753 35.777389162 110.694958419 -3.537399234 -0.026746860 0.047824526 0.677402729 0.733568649
1706080617.337511063 35.812010206 110.921844730 -3.549639292 -0.026221963 0.047972466 0.678283819 0.732763339
1706080617.436893225 35.820641418 111.160540563 -3.533882869 -0.024852777 0.048294924 0.678789052 0.732321898
1706080617.544944763 35.850212838 111.404898197 -3.534709055 -0.024021741 0.049421080 0.679626604 0.731497226
1706080617.644788265 35.861151786 111.630634966 -3.536735108 -0.023948333 0.049957088 0.680116515 0.731007724
1706080617.744003773 35.859074758 111.843269280 -3.548358670 -0.022716346 0.051521842 0.680544717 0.730539770
1706080617.843077421 35.872583321 112.045021438 -3.597501786 -0.023067695 0.050169576 0.681310484 0.729908843
1706080617.944925547 35.894032061 112.292907574 -3.623630829 -0.024090291 0.049768673 0.681875068 0.729375848
1706080618.043734789 35.894507526 112.502564773 -3.625186606 -0.023901624 0.051272840 0.682371812 0.728813089
1706080618.142537832 35.905560118 112.729433574 -3.785159011 -0.022555804 0.050650507 0.683093877 0.728222848
1706080618.241584778 35.901130783 112.967706827 -3.818718682 -0.021833143 0.051369078 0.683657545 0.727665372
1706080618.340525866 35.890964311 113.174480439 -3.803273548 -0.023260012 0.051522385 0.684119594 0.727175905
1706080618.439834356 35.908749330 113.411710032 -3.797155291 -0.024220573 0.049669776 0.684983802 0.726459543
1706080618.538652658 35.916026512 113.624741454 -3.772441576 -0.024287773 0.050641203 0.685541346 0.725864061
1706080618.638029099 35.921930839 113.836706376 -3.781804233 -0.025684790 0.047703385 0.686343404 0.725256789
1706080618.738621235 35.926776251 114.078325647 -3.770020363 -0.024805340 0.048897760 0.686960232 0.724623587
1706080618.837414742 35.937795473 114.292400480 -3.806830664 -0.025751885 0.048494734 0.687645153 0.723967709
1706080618.945103645 35.947468459 114.538239191 -3.789599728 -0.026286782 0.048903086 0.688350241 0.723250606
1706080619.044184208 35.934293482 114.764778391 -3.756915554 -0.026234711 0.049828632 0.688969344 0.722599537
1706080619.143326759 35.944465286 114.990330137 -3.789524247 -0.024804065 0.049548424 0.689632715 0.722036308
1706080619.244916916 35.956883001 115.221931066 -3.801232477 -0.025553994 0.049191193 0.690328798 0.721369095
1706080619.343771696 35.974164304 115.438130108 -3.894715008 -0.026052151 0.048230528 0.690856829 0.720910496
1706080619.442663908 35.982359269 115.671975117 -3.917781367 -0.025913865 0.049069924 0.691137138 0.720590085
1706080619.541686535 35.973777016 115.888841235 -3.933416988 -0.025290351 0.049575742 0.691534154 0.720196611
1706080619.640978575 35.968646365 116.112274950 -3.963535897 -0.024799715 0.048685425 0.692006941 0.719820184
1706080619.742422104 35.970588400 116.345918422 -3.986802233 -0.024997806 0.049028299 0.692335692 0.719473853
1706080619.841077566 35.972644528 116.562573049 -3.982171644 -0.024347171 0.049896297 0.692589476 0.719192180
1706080619.945350885 35.965471359 116.797979118 -3.948323099 -0.024932988 0.050983084 0.692815895 0.718877742
1706080620.038541794 35.953212534 116.986969356 -3.945012134 -0.024015986 0.051302448 0.693072465 0.718638887
1706080620.137080431 35.966316126 117.214896477 -3.983703478 -0.024472629 0.050176029 0.693533239 0.718258382
1706080620.244968891 35.973851954 117.453300687 -4.016004872 -0.024282652 0.049495460 0.693997358 0.717863649
1706080620.344417334 35.978302256 117.661729200 -4.037312913 -0.024763288 0.049564234 0.694423561 0.717430194
1706080620.445420742 35.981183973 117.900752330 -4.010495549 -0.025267877 0.049247775 0.694647783 0.717217295
1706080620.545044422 35.969974659 118.107329308 -4.039267052 -0.025192312 0.048180684 0.694905752 0.717042513
1706080620.643697739 35.973161682 118.332224752 -4.038729362 -0.025649860 0.048091171 0.694994913 0.716945880
1706080620.742769480 35.970660231 118.575623853 -4.036862641 -0.026229759 0.048014879 0.694984099 0.716940495
1706080620.842069149 35.973185634 118.814083280 -4.069159314 -0.026645275 0.047587296 0.695076622 0.716863982
1706080620.944347382 35.958078901 119.052521254 -4.040335721 -0.025997402 0.049149786 0.694996520 0.716860008
1706080621.042219162 35.965294234 119.288601734 -4.075223230 -0.025796472 0.048319719 0.694987259 0.716932673
1706080621.141726494 35.965435901 119.510163016 -4.095077111 -0.026698009 0.048115838 0.694660891 0.717229621
1706080621.244718075 35.962974369 119.743489842 -4.125636947 -0.026064159 0.048421327 0.694434579 0.717451497
1706080621.338136911 35.965838421 119.945373137 -4.128623814 -0.028103751 0.047468055 0.694116873 0.717745589
1706080621.436683893 35.980489378 120.158968295 -4.129831790 -0.027133248 0.048398859 0.693719997 0.718104382
1706080621.545258522 35.977357451 120.394513083 -4.138627497 -0.026267039 0.048770027 0.693311785 0.718505599
1706080621.644601822 35.991384806 120.621138958 -4.142673056 -0.025637439 0.049206399 0.692858229 0.718935968
1706080621.743306875 35.994395043 120.847211539 -4.167991378 -0.026128773 0.049469011 0.692311561 0.719426721
1706080621.844716549 35.986396547 121.084490148 -4.179293985 -0.026853134 0.047600356 0.691733552 0.720081806
1706080621.943906546 35.988921484 121.307538272 -4.187902935 -0.025866618 0.049930347 0.691034924 0.720630705
1706080622.042873144 35.994337691 121.545915135 -4.202732527 -0.026492354 0.048908960 0.690467927 0.721221264
1706080622.141997099 36.007356550 121.779416714 -4.245271715 -0.025637955 0.048752651 0.689905773 0.721800457
1706080622.243057251 36.009639759 122.020830928 -4.250601847 -0.026012310 0.047874188 0.689370753 0.722356827
1706080622.341856003 36.015468606 122.249567316 -4.276966085 -0.025565850 0.048248118 0.688764398 0.722926076
1706080622.440526724 36.028916472 122.479287415 -4.288692833 -0.026125145 0.048352076 0.688192248 0.723443836
1706080622.540559530 36.044077452 122.701689051 -4.286749433 -0.026361896 0.049519125 0.687570647 0.723947175
1706080622.639335871 36.053386794 122.927474434 -4.291930084 -0.026567064 0.048292992 0.687007266 0.724557102
1706080622.738116741 36.059003129 123.149661324 -4.308896362 -0.026534690 0.048174348 0.686277851 0.725257095
1706080622.830061913 36.068843700 123.367053555 -4.328058507 -0.026848774 0.046926590 0.685774664 0.725803106
1706080622.944380283 36.074471560 123.618857142 -4.347018326 -0.026602170 0.047782979 0.684828130 0.726649533
1706080623.045258999 36.071224451 123.837054910 -4.377251799 -0.027647841 0.046265345 0.684097246 0.727396778
1706080623.144932747 36.082787744 124.053460646 -4.377678173 -0.026400280 0.048223260 0.683445156 0.727928747
1706080623.243946791 36.084813485 124.271587689 -4.387506370 -0.026444198 0.047399848 0.682690069 0.728689391
1706080623.343000889 36.100793631 124.501229850 -4.391941457 -0.026868173 0.047821563 0.681990071 0.729301544
1706080623.444118023 36.115897499 124.736633411 -4.394619160 -0.025862465 0.047795117 0.681555458 0.729745789
1706080623.542801142 36.126733617 124.964238326 -4.427285799 -0.026937305 0.047248614 0.681042908 0.730220862
1706080623.641496420 36.136102617 125.214296966 -4.442975387 -0.026357325 0.047808904 0.680470952 0.730738588
1706080623.740130186 36.140958982 125.437471221 -4.449751210 -0.027291487 0.048361096 0.679944160 0.731158203
1706080623.838650703 36.163642194 125.670758546 -4.444692327 -0.027412271 0.047163513 0.679797760 0.731368017
1706080623.938610077 36.176902313 125.896996260 -4.439680108 -0.028438192 0.047289769 0.679509002 0.731588999
1706080624.026582479 36.172123027 126.097496314 -4.450698193 -0.026593649 0.048116848 0.679305667 0.731793247
1706080624.145093203 36.178755351 126.394623231 -4.464726779 -0.026547266 0.047785966 0.679313546 0.731809299
1706080624.224639177 36.194285686 126.566134214 -4.458505100 -0.028224943 0.047543504 0.679126535 0.731935870
1706080624.333598137 36.200964802 126.819600232 -4.468726112 -0.027539182 0.047230252 0.679104094 0.732003091
1706080624.445029974 36.218989613 127.064833296 -4.502037131 -0.027589796 0.046759983 0.679084800 0.732049275
1706080624.544144392 36.240425068 127.280704964 -4.503425732 -0.026826817 0.048669362 0.678905683 0.732119313
1706080624.645081758 36.254310803 127.501263849 -4.520007585 -0.027187640 0.047950486 0.678926012 0.732134587
1706080624.743740082 36.262166018 127.716894026 -4.550586091 -0.026740149 0.047557711 0.678925939 0.732176753
1706080624.843470097 36.278674712 127.949472400 -4.567857611 -0.026380155 0.047681411 0.678972300 0.732138775
1706080624.941173077 36.287564915 128.181010085 -4.572955537 -0.026735285 0.048855659 0.678682756 0.732316916
1706080625.041199923 36.310362931 128.409246317 -4.591515604 -0.026769806 0.047410204 0.678881907 0.732226063
1706080625.139184952 36.313327276 128.625148563 -4.625705619 -0.027059256 0.047809838 0.678780014 0.732283899
1706080625.238733530 36.311050547 128.838041345 -4.659473516 -0.026419446 0.048711320 0.678802321 0.732227170
1706080625.341424704 36.319920170 129.075233351 -4.680491338 -0.025855508 0.049193973 0.678816742 0.732201664
1706080625.429655552 36.318079971 129.263650333 -4.678434831 -0.025682142 0.048385968 0.678823039 0.732255766
1706080625.538658857 36.346104120 129.513740667 -4.689469228 -0.026473407 0.048427282 0.678767576 0.732276269
1706080625.637981653 36.367102039 129.746861456 -4.696619603 -0.025049147 0.050888711 0.678561067 0.732350843
1706080625.744960070 36.383256873 129.997640202 -4.715227444 -0.024652628 0.049328964 0.678576149 0.732457037
1706080625.844340324 36.401830365 130.228501028 -4.725612017 -0.024116511 0.050432750 0.678422474 0.732542066
1706080625.944836378 36.411150390 130.477428751 -4.747145013 -0.024226796 0.050186812 0.678188986 0.732771482
1706080626.044673204 36.422852736 130.718624966 -4.767945840 -0.023369829 0.051368650 0.677843011 0.733037492
1706080626.143460274 36.441526545 130.939948149 -4.765452890 -0.023955510 0.051085779 0.677501370 0.733354124
1706080626.241609573 36.452891671 131.158355526 -4.775945019 -0.024217068 0.051277538 0.677061474 0.733738310
1706080626.329751730 36.466398028 131.357395911 -4.791426365 -0.022616714 0.051738164 0.676642052 0.734143842
1706080626.443823576 36.486134801 131.593521131 -4.820654118 -0.022697528 0.051156726 0.676182061 0.734605766
1706080626.542419195 36.499104308 131.813942776 -4.831453341 -0.022435079 0.052305732 0.675570425 0.735095490
1706080626.641886950 36.506966329 132.050865308 -4.842068773 -0.023575556 0.050577681 0.675073830 0.735636742
1706080626.739784956 36.512852110 132.271810522 -4.850741138 -0.024101691 0.050109111 0.674443189 0.736229971
1706080626.835089922 36.535783079 132.493018005 -4.877361635 -0.024823425 0.048877196 0.674048789 0.736649881
1706080626.934227705 36.555562994 132.718335697 -4.894184169 -0.024484919 0.049834226 0.673461803 0.737133800
1706080627.045253992 36.573841509 132.978601435 -4.918838427 -0.024190169 0.049502910 0.672796835 0.737772808
1706080627.145045042 36.584702788 133.233045103 -4.928543868 -0.023657789 0.050379947 0.672069099 0.738393727
1706080627.244493484 36.617036178 133.461245306 -4.931555617 -0.025178753 0.048459599 0.671664652 0.738839829
1706080627.344650269 36.633978923 133.684945843 -4.931395597 -0.025937406 0.048772914 0.670925971 0.739463857
1706080627.441550016 36.649855726 133.895699201 -4.951360356 -0.024902588 0.048106367 0.670405203 0.740015204
1706080627.535774946 36.667211027 134.103421872 -4.962754884 -0.025844561 0.047784986 0.669752152 0.740594834
1706080627.634255886 36.690053369 134.304841759 -4.963984566 -0.025667379 0.048430346 0.669155643 0.741098113
1706080627.743464470 36.708561955 134.556141077 -4.981933868 -0.026124994 0.047721100 0.668245198 0.741949147
1706080627.831803083 36.723828973 134.757693243 -4.994640096 -0.025556317 0.048756863 0.667649584 0.742437658
1706080627.937004089 36.739629510 135.012044057 -5.004924434 -0.025108805 0.048400951 0.666875227 0.743171802
1706080628.036263466 36.771513094 135.260916088 -5.027171594 -0.025920164 0.047229508 0.666272091 0.743760055
1706080628.135387659 36.787523967 135.476924139 -5.039669826 -0.027066456 0.045566721 0.665490920 0.744521938
1706080628.234457731 36.807328094 135.719006732 -5.056297023 -0.026960424 0.046816833 0.664589362 0.745253178
1706080628.344779968 36.823174029 135.972351170 -5.074710375 -0.026085199 0.047822236 0.663477735 0.746210354
1706080628.445307970 36.847040987 136.207688914 -5.077299897 -0.026964890 0.046803438 0.662731956 0.746906076
1706080628.544087887 36.865866261 136.433286610 -5.089907074 -0.026800591 0.046678366 0.661898062 0.747658889
1706080628.644581079 36.887395385 136.653404588 -5.115774092 -0.027514893 0.045242526 0.661036734 0.748482786
1706080628.743619680 36.910771577 136.887506136 -5.141493652 -0.026881821 0.046982213 0.659866946 0.749430219
1706080628.835663080 36.934508919 137.099820697 -5.150336305 -0.025912795 0.047827117 0.659203657 0.749994422
1706080628.945394754 36.962885887 137.354212989 -5.157408322 -0.026451630 0.047145146 0.658120179 0.750969691
1706080629.028989315 36.985342726 137.536097575 -5.182472131 -0.025892533 0.047398225 0.657405132 0.751599280
1706080629.141769886 37.021437588 137.800304790 -5.186501689 -0.025379907 0.049154905 0.656088095 0.752654015
1706080629.237369537 37.051695999 138.016799088 -5.205510129 -0.026002019 0.046799463 0.655284197 0.753482798
1706080629.336459875 37.083360635 138.251065655 -5.206988849 -0.026526144 0.046404906 0.654158426 0.754466502
1706080629.435556889 37.093139013 138.463006704 -5.202595160 -0.025791087 0.046476537 0.653090695 0.755412003
1706080629.534614801 37.130048931 138.685109271 -5.256522420 -0.025262532 0.047724988 0.651974611 0.756315566
1706080629.645125151 37.170337718 138.922183418 -5.270677028 -0.025937882 0.047276570 0.650894987 0.757250201
1706080629.744963884 37.202487116 139.164661199 -5.284969416 -0.026373270 0.045709829 0.649936128 0.758154398
1706080629.833881378 37.231659414 139.376741324 -5.303221260 -0.025778932 0.046099058 0.649146137 0.758827791
1706080629.932981253 37.267430466 139.604405372 -5.311549804 -0.026278991 0.047032119 0.648363660 0.759422122
1706080630.031964302 37.293653989 139.833076736 -5.340054245 -0.025676100 0.045788030 0.647597769 0.760171904
1706080630.131003618 37.326948917 140.060972473 -5.366749704 -0.026816044 0.044944916 0.647059026 0.760641486
1706080630.239966154 37.371703823 140.306199244 -5.404915656 -0.027733336 0.043864378 0.646531157 0.761120386
1706080630.339303732 37.391932882 140.537206279 -5.433526818 -0.027979809 0.044057464 0.646043295 0.761514367
1706080630.438467979 37.428826974 140.757314608 -5.435317277 -0.028769673 0.043391642 0.645919521 0.761628153
1706080630.537579298 37.455659095 140.975942017 -5.433945146 -0.029715050 0.042516966 0.645706846 0.761821497
1706080630.636658192 37.482971099 141.201815513 -5.446493811 -0.030167022 0.042522510 0.645790187 0.761732776
1706080630.735760927 37.518821706 141.423804800 -5.458552742 -0.028649590 0.043197560 0.645794219 0.761749958
1706080630.837329149 37.538614562 141.653704111 -5.470559785 -0.030205884 0.041991046 0.645777166 0.761771756
1706080630.936267376 37.566070265 141.906295804 -5.466902347 -0.030298870 0.042888040 0.645822518 0.761679637
1706080631.040232897 37.605475769 142.150020178 -5.476239908 -0.029566911 0.043069153 0.646117422 0.761448044
1706080631.134075403 37.641436735 142.361863401 -5.490412233 -0.029887312 0.042345978 0.646415505 0.761223069
1706080631.233114481 37.658392886 142.572893963 -5.497445990 -0.027924225 0.044265732 0.646682868 0.760961268
1706080631.332114935 37.698144478 142.791789563 -5.509056580 -0.029007185 0.044197673 0.647097416 0.760572208
1706080631.441088676 37.737292143 143.040571926 -5.526094993 -0.028293486 0.044496190 0.647716591 0.760054463
1706080631.540368795 37.781513071 143.249716839 -5.538559546 -0.027635130 0.045306604 0.648251209 0.759574868
1706080631.642779350 37.815858461 143.474695597 -5.533474093 -0.027332629 0.046395703 0.648859942 0.759000093
1706080631.738649607 37.846402119 143.690075125 -5.554728801 -0.025460412 0.046974981 0.649387098 0.758578615
1706080631.839709044 37.861626144 143.910896322 -5.569119553 -0.026149406 0.047214944 0.649878063 0.758119688
1706080631.936809778 37.893064211 144.143950560 -5.573335721 -0.024629863 0.048613135 0.650443678 0.757596961
1706080632.038488388 37.919181272 144.379333723 -5.595907031 -0.024821032 0.047679150 0.650851921 0.757299407
1706080632.137129784 37.938742881 144.615287721 -5.590593264 -0.024900405 0.047537820 0.651262194 0.756952892
1706080632.236112595 37.967026812 144.841091376 -5.610091615 -0.024056807 0.048147999 0.651797118 0.756481036
1706080632.335083723 37.993251940 145.047908272 -5.655349019 -0.024387625 0.047313357 0.652253863 0.756129347
1706080632.437673092 38.025234649 145.289931772 -5.643448220 -0.023019634 0.048823720 0.652613547 0.755765770
1706080632.543640852 38.062733694 145.535532485 -5.687165540 -0.023552551 0.047428417 0.652876916 0.755610717
1706080632.641947031 38.079968080 145.745317643 -5.717334831 -0.022901895 0.049118449 0.653077558 0.755349313
1706080632.741462946 38.107676343 145.966902849 -5.732764058 -0.022918285 0.048839904 0.653389944 0.755096680
1706080632.840637207 38.144856836 146.182764345 -5.770488808 -0.022873101 0.047943890 0.653645636 0.754934161
1706080632.939731359 38.165933863 146.409030615 -5.758410547 -0.023009711 0.048420900 0.653725220 0.754830647
1706080633.041875601 38.203969101 146.656908743 -5.772773638 -0.022925003 0.048776609 0.653677168 0.754851937
1706080633.140324354 38.231140482 146.874547510 -5.778297387 -0.023245725 0.048372521 0.653743470 0.754810712
1706080633.243148565 38.256277402 147.122149863 -5.773141413 -0.023915513 0.048020069 0.653785032 0.754776293
1706080633.338251114 38.285653608 147.330000017 -5.760472867 -0.024182286 0.048610816 0.653750831 0.754759602
1706080633.437618732 38.300438891 147.543327147 -5.769400792 -0.024687747 0.047488026 0.653689848 0.754867528
1706080633.536138535 38.318892387 147.758260384 -5.801709905 -0.025268850 0.047164443 0.653678020 0.754878829
1706080633.644391298 38.347536453 148.006561082 -5.828852372 -0.025907214 0.047050411 0.653595432 0.754935816
1706080633.734295130 38.371132888 148.227022756 -5.810765571 -0.024202906 0.047388776 0.653593429 0.754972949
1706080633.843356848 38.399525192 148.486493679 -5.814591393 -0.024019244 0.047376101 0.653582478 0.754989090
1706080633.942606449 38.426051969 148.716153093 -5.814094170 -0.026316895 0.047352991 0.653281875 0.755174091
1706080634.041779518 38.446957948 148.943782507 -5.811590980 -0.025571604 0.047406405 0.653228543 0.755242475
1706080634.140872002 38.476160254 149.172223325 -5.836933842 -0.026926511 0.045210282 0.653209538 0.755346472
1706080634.242796183 38.499318322 149.391596688 -5.865110530 -0.026250883 0.047009529 0.653160257 0.755303035
1706080634.341706753 38.548840332 149.611697248 -5.930388691 -0.026702588 0.045491805 0.653054933 0.755471192
1706080634.440432787 38.568271116 149.833191425 -5.953143271 -0.026486869 0.046951778 0.652660188 0.755730544
1706080634.539405823 38.606235389 150.050650636 -5.981293358 -0.025382246 0.046704445 0.652579545 0.755853408
1706080634.638733864 38.627983772 150.270139593 -5.985538136 -0.026290891 0.046215461 0.652303731 0.756090446
1706080634.737302065 38.648546345 150.494078417 -5.988773543 -0.026269159 0.046451089 0.651812731 0.756500093
1706080634.839730024 38.673228727 150.718222497 -6.015303152 -0.027972140 0.044900818 0.651321570 0.756955539
1706080634.935407162 38.717483280 150.945106350 -6.050548134 -0.026888989 0.044905008 0.651039980 0.757236731
1706080635.044526577 38.754453801 151.198379782 -6.051050377 -0.026632354 0.045855517 0.650422394 0.757719406
1706080635.143726349 38.788616186 151.427902325 -6.060359676 -0.025749045 0.046441935 0.649849582 0.758205549
1706080635.242885351 38.818087849 151.652035664 -6.076770318 -0.025967804 0.046621918 0.649236935 0.758711719
1706080635.341962576 38.852505895 151.888362452 -6.099451035 -0.025973644 0.046267835 0.648633077 0.759249491
1706080635.443829060 38.886057159 152.114880901 -6.125149538 -0.026242142 0.045959260 0.647968810 0.759825979
1706080635.540131807 38.928492754 152.342427344 -6.162626272 -0.026230192 0.045397398 0.647438381 0.760312170
1706080635.641528606 38.966732765 152.561096427 -6.152825230 -0.026923685 0.044009055 0.646908617 0.760820320
1706080635.740416288 39.000392456 152.775505446 -6.155950242 -0.026395110 0.044497203 0.646137661 0.761465311
1706080635.839323521 39.032793943 153.004740872 -6.180257220 -0.026323571 0.045622244 0.645434636 0.761997251
1706080635.942696333 39.074527724 153.239213250 -6.185372547 -0.026823835 0.044680667 0.644880984 0.762504188
1706080636.037456274 39.095024865 153.452114714 -6.207546925 -0.026569446 0.045073030 0.644366157 0.762925122
1706080636.136494875 39.130954619 153.677680017 -6.221581988 -0.026383276 0.044576470 0.643602916 0.763604707
1706080636.235650778 39.144975044 153.896041426 -6.224074572 -0.026159670 0.046221536 0.642783043 0.764204947
1706080636.344869375 39.188939311 154.144405481 -6.247403853 -0.027090264 0.043827515 0.642124831 0.764866634
1706080636.443986893 39.222316090 154.368204583 -6.256815360 -0.026115525 0.044686444 0.641580857 0.765307196
1706080636.543068171 39.258983245 154.589955236 -6.278539947 -0.026668777 0.045219503 0.640884880 0.765839764
1706080636.642128944 39.310393808 154.818638325 -6.288074876 -0.027196052 0.044133946 0.640416147 0.766276535
1706080636.741210699 39.351690910 155.048811074 -6.290373848 -0.027039506 0.044625024 0.639934118 0.766656245
1706080636.842575788 39.395962655 155.297001047 -6.302552256 -0.028360925 0.043860812 0.639340550 0.767147671
1706080636.941398859 39.430176339 155.520245962 -6.303339681 -0.028122170 0.043141273 0.638728752 0.767706686
1706080637.040451050 39.463306256 155.743955936 -6.319909933 -0.026824803 0.044615071 0.638298094 0.768026997
1706080637.139683962 39.496015214 155.984327389 -6.322940126 -0.027018008 0.045086103 0.637723323 0.768470061
1706080637.238527298 39.547635260 156.191005572 -6.342959486 -0.026347626 0.044645221 0.637383984 0.768800536
1706080637.341223478 39.583586851 156.420831899 -6.349082087 -0.026741874 0.045018733 0.636830590 0.769223625
1706080637.439747334 39.627346864 156.641463002 -6.366593484 -0.026642752 0.043946930 0.636583772 0.769493296
1706080637.544779062 39.674306803 156.875689163 -6.377660865 -0.026347950 0.044602013 0.635978105 0.769966425
1706080637.645066500 39.708068875 157.106579414 -6.405239706 -0.026721345 0.044787697 0.635415287 0.770407324
1706080637.744147778 39.738993908 157.340413490 -6.422226674 -0.026362512 0.044341174 0.635046738 0.770749323
1706080637.843214750 39.781508230 157.562036778 -6.451642416 -0.027007718 0.044139590 0.634833651 0.770914078
1706080637.942309141 39.802581315 157.768167688 -6.466799870 -0.027176891 0.044039863 0.634554391 0.771143717
1706080638.043606758 39.839119260 157.991309965 -6.475208444 -0.026619442 0.044620005 0.634477718 0.771192898
1706080638.142673254 39.891867285 158.223852465 -6.497267257 -0.026501929 0.045263399 0.634351873 0.771262973
1706080638.241433620 39.932964165 158.436725541 -6.520523035 -0.026469823 0.045237027 0.634491343 0.771150890
1706080638.340989351 39.974168449 158.660730940 -6.540060964 -0.026607068 0.044439357 0.634592430 0.771109367
1706080638.443495035 40.009999818 158.874829848 -6.539422400 -0.027730323 0.044502562 0.634767559 0.770921979
1706080638.538691759 40.036983407 159.098620819 -6.557128473 -0.025814493 0.045024590 0.634865832 0.770877275
1706080638.641143084 40.076299008 159.334786575 -6.561135079 -0.026344812 0.045046377 0.635199263 0.770583332
1706080638.739864588 40.137229321 159.562627908 -6.565176660 -0.026105666 0.044466019 0.635741021 0.770178305
1706080638.844446659 40.177392190 159.793110297 -6.582487096 -0.026877420 0.044528568 0.635972209 0.769957246
1706080638.945031404 40.220715934 160.016522802 -6.593344818 -0.026993119 0.044106437 0.636233795 0.769761360
1706080639.044322968 40.256868838 160.247302988 -6.616098982 -0.026485312 0.043502144 0.636486615 0.769604366
1706080639.143444061 40.280652486 160.473919960 -6.638228197 -0.024787577 0.045546255 0.636756609 0.769319268
1706080639.244690418 40.312143775 160.709179472 -6.643693115 -0.026520640 0.044518740 0.637094354 0.769041951
1706080639.343578577 40.367077904 160.936291984 -6.662200087 -0.023696087 0.047042123 0.637409823 0.768722480
1706080639.442546368 40.404794000 161.149913329 -6.652886610 -0.026175742 0.044763940 0.637800658 0.768453864
1706080639.542002916 40.453317891 161.370652667 -6.655340514 -0.025733575 0.046141335 0.637996347 0.768224851
1706080639.640729666 40.487282314 161.595929907 -6.665410828 -0.024632660 0.046252802 0.638267024 0.768029372
1706080639.743490696 40.531173384 161.840117094 -6.693099049 -0.024576359 0.045926328 0.638412149 0.767930142
1706080639.841800928 40.564069161 162.065052337 -6.710212668 -0.024245648 0.046688986 0.638567956 0.767765102
1706080639.940627098 40.582449487 162.297838554 -6.700705830 -0.023801274 0.046490312 0.638646699 0.767725565
1706080640.039141417 40.610335158 162.510488875 -6.724393184 -0.023643018 0.046576723 0.638839868 0.767564486
1706080640.138505697 40.642254829 162.725788857 -6.735811747 -0.024069844 0.047385501 0.638829227 0.767510570
1706080640.244964123 40.701147995 162.971618934 -6.748547379 -0.023685974 0.046527959 0.639118339 0.767334263
1706080640.344457150 40.733197490 163.199633671 -6.759380942 -0.023612879 0.047017724 0.639143185 0.767285966
1706080640.443446159 40.760354646 163.410535228 -6.773423101 -0.023325897 0.046696284 0.639318533 0.767168282
1706080640.544706106 40.793404834 163.634089919 -6.798029706 -0.024756329 0.045834065 0.639436590 0.767077056
1706080640.643681049 40.832769916 163.860696222 -6.806992172 -0.024523461 0.046551027 0.639553655 0.766943755
1706080640.743144512 40.856950094 164.082717545 -6.819253466 -0.024633097 0.046298035 0.639557202 0.766952598
1706080640.841805935 40.895354398 164.303418532 -6.828266041 -0.024305273 0.047091296 0.639811937 0.766702256
1706080640.941294432 40.950668019 164.543190310 -6.835033440 -0.024397492 0.046886253 0.640079458 0.766488571
1706080641.042141199 40.980600802 164.772901567 -6.863310113 -0.025762557 0.044906506 0.640227483 0.766438821
1706080641.141952991 41.008362689 164.995129461 -6.877570293 -0.024812524 0.046131130 0.640347931 0.766296799
1706080641.239017010 41.028429373 165.207816227 -6.890542644 -0.023962672 0.046754354 0.640564216 0.766105284
1706080641.339371204 41.073955055 165.426692690 -6.896193233 -0.025104307 0.046348608 0.640629986 0.766038381
1706080641.436238050 41.104054806 165.647923490 -6.900341808 -0.025693750 0.046207857 0.640768975 0.765911082
1706080641.536947727 41.122324880 165.884281391 -6.916706491 -0.025900015 0.045216922 0.640826474 0.765915171
1706080641.644520521 41.170090452 166.117279885 -6.923673735 -0.025145601 0.045874503 0.641009085 0.765748380
1706080641.745291710 41.193723126 166.344360194 -6.941346585 -0.025803289 0.045484334 0.641244173 0.765552922
1706080641.844757318 41.225109747 166.574899468 -6.963650590 -0.026216849 0.044781058 0.641301811 0.765532051
1706080641.944301605 41.249996888 166.791024546 -6.979906463 -0.025775028 0.045301272 0.641389203 0.765443226
1706080642.043382883 41.297197946 166.997949342 -6.992542366 -0.026046716 0.044671954 0.641600827 0.765293646
1706080642.141996145 41.313288793 167.236880785 -6.987966040 -0.027064419 0.045028865 0.641586330 0.765249567
1706080642.244431019 41.339173398 167.485170196 -7.015960900 -0.027396897 0.043292773 0.641911534 0.765065179
1706080642.342963696 41.384097756 167.708627917 -7.034492401 -0.027172304 0.044060311 0.642234189 0.764758525
1706080642.440147638 41.393489259 167.937622058 -7.038234880 -0.027359728 0.045474307 0.642097407 0.764783926
1706080642.540551662 41.428401185 168.155372603 -7.048761433 -0.027185182 0.043998087 0.642547728 0.764498235
1706080642.639071703 41.470592917 168.382688568 -7.061987856 -0.027594793 0.044115690 0.642734929 0.764319399
1706080642.737215757 41.490288228 168.585112584 -7.081286311 -0.027166014 0.044162587 0.642908279 0.764186246
1706080642.844997406 41.553914118 168.843694727 -7.098108895 -0.027670643 0.043628589 0.643259909 0.763902855
1706080642.944631100 41.589020884 169.068328941 -7.103088664 -0.027186879 0.044062396 0.643484762 0.763705925
1706080643.043205023 41.604780728 169.281092715 -7.111634138 -0.026507924 0.045783718 0.643594471 0.763536075
1706080643.145171404 41.635331063 169.524954580 -7.120102350 -0.026887403 0.045025436 0.643733907 0.763450349
1706080643.244481802 41.669888244 169.759867944 -7.139613167 -0.026235192 0.045435118 0.643829693 0.763367992
1706080643.343328476 41.705819437 169.975845532 -7.145943463 -0.026406894 0.044788196 0.644102701 0.763169970
1706080643.442191362 41.749055604 170.213899727 -7.167231866 -0.024483219 0.046561805 0.644108777 0.763122830
1706080643.544111252 41.753857782 170.428624701 -7.181458601 -0.025830552 0.046415395 0.643949505 0.763221742
1706080643.642854452 41.785234884 170.649368068 -7.198898674 -0.024770360 0.046738675 0.644036453 0.763163792
1706080643.739980698 41.813537359 170.869242588 -7.217084685 -0.025006540 0.045934779 0.643950623 0.763277318
1706080643.839818001 41.856105126 171.099531023 -7.239381975 -0.025106094 0.045958434 0.643810155 0.763391113
1706080643.943294525 41.897754072 171.326007064 -7.249583605 -0.024624065 0.046972539 0.643701676 0.763436565
1706080644.041988850 41.938340908 171.544234411 -7.244159605 -0.024154887 0.047229273 0.643439418 0.763656763
1706080644.129230261 41.985081537 171.756144667 -7.256502579 -0.024304756 0.046664041 0.643262356 0.763835903
1706080644.244229794 42.033029835 171.999664565 -7.261740999 -0.024759353 0.046163247 0.642843023 0.764204669
1706080644.345415592 42.066012933 172.231465748 -7.270489063 -0.025107780 0.046622905 0.642365231 0.764567076
1706080644.445230722 42.089867759 172.447642196 -7.287008936 -0.025862753 0.046116494 0.641957873 0.764914685
1706080644.544243336 42.125044641 172.676161910 -7.308834518 -0.024764669 0.045587701 0.641689741 0.765207651
1706080644.643374205 42.162910435 172.914635512 -7.317555388 -0.024974966 0.046570615 0.641176806 0.765571507
1706080644.743586302 42.199125591 173.142371482 -7.322876417 -0.025637432 0.045598146 0.640750286 0.765965144
1706080644.843677759 42.255443200 173.347425423 -7.336799366 -0.025088878 0.045226891 0.640491779 0.766221481
1706080644.942176342 42.279912976 173.573530683 -7.347154531 -0.026966931 0.044910438 0.639929643 0.766645869
1706080645.029626131 42.297544559 173.772080562 -7.352815955 -0.026058758 0.045850183 0.639534487 0.766951329
1706080645.133443832 42.335104458 174.012585054 -7.377475201 -0.025763431 0.045573381 0.639158317 0.767291312
1706080645.232119560 42.381238758 174.230636283 -7.394063566 -0.025220307 0.044737357 0.638863135 0.767604325
1706080645.342117786 42.419451419 174.478132065 -7.422017940 -0.025233684 0.045737548 0.638325318 0.767992270
1706080645.445312500 42.467018006 174.734082979 -7.431623199 -0.026491938 0.044521061 0.637957078 0.768327286
1706080645.538687944 42.501738698 174.958144482 -7.444688312 -0.026390120 0.044837452 0.637634535 0.768580096
1706080645.644072771 42.537590918 175.186708693 -7.446753811 -0.026708485 0.045103279 0.637304315 0.768827393
1706080645.744838476 42.578062643 175.441675451 -7.469967069 -0.028977961 0.041514935 0.636865946 0.769310441
1706080645.844695807 42.618294218 175.662873511 -7.492701603 -0.026373001 0.043770301 0.636529142 0.769557845
1706080645.944612026 42.637878947 175.888372711 -7.499898256 -0.026882282 0.044678155 0.635915793 0.769995006
1706080646.044508696 42.676669883 176.098929841 -7.511938813 -0.027842938 0.044401927 0.635560382 0.770270239
1706080646.143717289 42.721100223 176.328859956 -7.525315699 -0.026797492 0.044450168 0.635218322 0.770586634
1706080646.242416143 42.757980741 176.542440628 -7.543125178 -0.026936160 0.044885643 0.634760131 0.770934043
1706080646.341353178 42.794412292 176.776334112 -7.556292894 -0.027782270 0.043695797 0.634324163 0.771331109
1706080646.437689781 42.828972869 177.016098382 -7.573616652 -0.027685242 0.043739981 0.633924391 0.771660682
1706080646.542551041 42.885054532 177.254628638 -7.580426844 -0.027949644 0.043541741 0.633582000 0.771943510
1706080646.640875101 42.927159627 177.481634184 -7.598824759 -0.026926736 0.044665480 0.633173917 0.772250436
1706080646.735870838 42.954361382 177.693975256 -7.605927245 -0.026531773 0.044475446 0.632576975 0.772764111
1706080646.845065594 43.016567421 177.949339925 -7.609445179 -0.027734344 0.043407208 0.632176303 0.773110434
1706080646.934658766 43.046625358 178.157398692 -7.615988728 -0.026595276 0.044358599 0.631735019 0.773457091
1706080647.045160770 43.106104261 178.414481779 -7.632471182 -0.026298971 0.044304071 0.631135501 0.773959619
1706080647.144985199 43.171944118 178.654660313 -7.647364200 -0.026739411 0.043046005 0.630808863 0.774281747
1706080647.244211912 43.204371178 178.887713039 -7.663439865 -0.026581319 0.043992042 0.630208821 0.774722515
1706080647.342950583 43.238025849 179.096796499 -7.678728339 -0.024885952 0.044753405 0.629672214 0.775171417
1706080647.437114477 43.267594031 179.288883904 -7.684660616 -0.026200362 0.044361748 0.629162387 0.775564483
1706080647.535704613 43.285026110 179.483118755 -7.686846659 -0.024823465 0.045345797 0.628679298 0.775944518
1706080647.644692659 43.309170886 179.711149698 -7.703367042 -0.025897488 0.045207772 0.628012643 0.776457145
1706080647.743288755 43.333451936 179.946560082 -7.718469778 -0.025752752 0.044860212 0.627506135 0.776891503
1706080647.841989994 43.374726773 180.189760781 -7.734777859 -0.026143044 0.044748697 0.627243117 0.777097271
1706080647.940556049 43.425981674 180.413658420 -7.742406566 -0.027249970 0.044712195 0.626964153 0.777286440
1706080648.036204338 43.474644940 180.652930582 -7.757068804 -0.027005847 0.044164319 0.626585015 0.777631929
1706080648.135328531 43.517272295 180.894947189 -7.765616144 -0.026126492 0.045071337 0.626463730 0.777707642
1706080648.244369507 43.583109695 181.124510298 -7.782291805 -0.026609338 0.044577393 0.626396986 0.777773499
1706080648.345418930 43.627722720 181.355607898 -7.800070010 -0.027358109 0.043440478 0.626321173 0.777872899
1706080648.445169449 43.700821859 181.566805252 -7.812041201 -0.026758740 0.044428047 0.626442982 0.777739872
1706080648.545023680 43.755083690 181.788175796 -7.825098891 -0.027205287 0.043552475 0.626423515 0.777789583
1706080648.644369602 43.797843991 182.011852967 -7.838126077 -0.026767713 0.043233250 0.626669919 0.777624066
1706080648.743341923 43.828817133 182.218836116 -7.853433278 -0.026753767 0.043753116 0.626645880 0.777614841
1706080648.839822769 43.864311073 182.447264412 -7.868325332 -0.026564591 0.043801285 0.626882216 0.777428104
1706080648.929945946 43.902728544 182.682453726 -7.881841219 -0.026563035 0.043585329 0.627087367 0.777274828
1706080649.038748741 43.982263169 182.947715524 -7.897686868 -0.026720978 0.042808465 0.627439402 0.777028456
1706080649.138154268 44.017312420 183.147202283 -7.903471063 -0.028733709 0.043560109 0.627474882 0.776886197
1706080649.237312794 44.067684748 183.369692612 -7.917058621 -0.028905857 0.042700194 0.627696132 0.776748808
1706080649.338815928 44.096817072 183.592863051 -7.930416714 -0.026461552 0.044284550 0.628005650 0.776496985
1706080649.444534540 44.130897940 183.832409183 -7.942149821 -0.025843362 0.044875565 0.628150273 0.776366884
1706080649.537151814 44.186587662 184.047823756 -7.953016072 -0.025627489 0.045428726 0.628480895 0.776074241
1706080649.641749144 44.231720946 184.293981283 -7.980120189 -0.025092954 0.045043442 0.628622168 0.775999743
1706080649.744900942 44.279412782 184.508425585 -7.987502454 -0.025899158 0.045036962 0.628890286 0.775756349
1706080649.844627857 44.336382733 184.740546822 -8.001043061 -0.025827360 0.045384522 0.629110044 0.775560278
1706080649.943971634 44.384546508 184.950821712 -8.011269664 -0.025530324 0.045146791 0.629292539 0.775435922
1706080650.043197870 44.428081712 185.179934805 -8.025346153 -0.024104565 0.045409966 0.629377558 0.775397185
1706080650.139705181 44.467973010 185.404891165 -8.046602273 -0.023963279 0.045809070 0.629600423 0.775197135
1706080650.244901419 44.518530982 185.636069048 -8.053742354 -0.024155995 0.046498332 0.629558882 0.775183854
1706080650.339236975 44.542626274 185.841289393 -8.061994337 -0.025433315 0.045589644 0.629715659 0.775069623
1706080650.438367367 44.582299817 186.065350380 -8.074906628 -0.024339868 0.046094006 0.629779160 0.775023305
1706080650.540366650 44.611709497 186.289100334 -8.084572464 -0.024217486 0.046363095 0.629942559 0.774878280
1706080650.645288706 44.655963974 186.517311973 -8.098340894 -0.025060729 0.045742610 0.630148808 0.774720629
1706080650.744076252 44.701403455 186.735486980 -8.105644484 -0.024982732 0.045913911 0.630043937 0.774798305
1706080650.843209028 44.735582833 186.944167473 -8.124369339 -0.025195765 0.045521831 0.630142443 0.774734431
1706080650.941647768 44.752316093 187.171286930 -8.138212913 -0.024075445 0.046104548 0.630119115 0.774754571
1706080651.044013977 44.792598209 187.417594757 -8.154986601 -0.024795762 0.045452193 0.630151159 0.774744335
1706080651.138733864 44.830084715 187.641850734 -8.170996518 -0.024794955 0.045863389 0.630116860 0.774748025
1706080651.243927479 44.876380656 187.891045415 -8.183019104 -0.024962503 0.045080152 0.630195869 0.774724351
1706080651.340856791 44.921368419 188.099594090 -8.187235182 -0.024923476 0.045181205 0.630165254 0.774744624
1706080651.441089392 44.961068423 188.334689997 -8.205551843 -0.025980241 0.044961031 0.629927258 0.774916242
1706080651.540356398 44.997255762 188.567930803 -8.215007606 -0.026748222 0.044926461 0.629833881 0.774968017
1706080651.642405748 45.024045243 188.806950184 -8.234615402 -0.024994488 0.044938534 0.629739360 0.775102666
1706080651.738595247 45.075429031 189.027521087 -8.241007926 -0.026424018 0.044727900 0.629564532 0.775209447
1706080651.837700129 45.130540631 189.236605235 -8.250767378 -0.026275029 0.044929181 0.629312064 0.775407839
1706080651.944756031 45.177545957 189.488356811 -8.265087740 -0.026351993 0.044090983 0.629196104 0.775547433
1706080652.043610096 45.210243681 189.710268809 -8.275649003 -0.025864431 0.044822649 0.628900167 0.775761910
1706080652.142597914 45.253221228 189.940634522 -8.285246933 -0.026446951 0.044505924 0.628760404 0.775873788
1706080652.240635157 45.275214122 190.166270869 -8.301287444 -0.025365325 0.044644082 0.628272038 0.776297464
1706080652.344370842 45.321495809 190.394279713 -8.321658508 -0.025889902 0.044316591 0.627831846 0.776654960
1706080652.434318542 45.352372865 190.599163502 -8.328456255 -0.027800769 0.044169133 0.627504886 0.776861521
1706080652.541930676 45.413825239 190.822062140 -8.338629129 -0.026507534 0.044118483 0.627169133 0.777180666
1706080652.642246723 45.473904792 191.060421058 -8.356075744 -0.025454380 0.044321731 0.626753785 0.777539293
1706080652.741499424 45.528154887 191.302860536 -8.373316243 -0.026095297 0.044254900 0.626351239 0.777846171
1706080652.840616941 45.575560905 191.530786251 -8.392783538 -0.026864232 0.044182181 0.625920290 0.778170957
1706080652.942100763 45.621920484 191.760597588 -8.404779730 -0.026113845 0.044791806 0.625448962 0.778540530
1706080653.038795471 45.660494259 191.980689730 -8.417138521 -0.027358909 0.044103971 0.624845632 0.779021351
1706080653.137888908 45.696364778 192.195010155 -8.429425977 -0.026476525 0.044043014 0.624493253 0.779337785
1706080653.244791031 45.731741313 192.433432026 -8.443654657 -0.027256531 0.043501087 0.623949098 0.779777058
1706080653.343562365 45.767831838 192.661410276 -8.453751086 -0.027808045 0.043530594 0.623414910 0.780183087
1706080653.442183733 45.806216070 192.886742617 -8.465062297 -0.027384956 0.043578239 0.623090965 0.780454131
1706080653.540846109 45.845760361 193.103972226 -8.478476633 -0.027378104 0.042942130 0.622692565 0.780807519
1706080653.639365911 45.909576096 193.339572284 -8.490763421 -0.026608559 0.043812076 0.622296122 0.781101801
1706080653.744756937 45.954419829 193.583597017 -8.513617417 -0.026984717 0.043352865 0.621811040 0.781500726
1706080653.843429804 45.998479613 193.805538218 -8.527206217 -0.026863229 0.043446981 0.621230178 0.781961503
1706080653.942602873 46.053164122 194.022630942 -8.534719309 -0.027896154 0.043312238 0.620813622 0.782263575
1706080654.041747808 46.099598040 194.224682582 -8.545038634 -0.026549942 0.043469295 0.620350192 0.782669253
1706080654.140827656 46.141762920 194.437480952 -8.553940881 -0.026925782 0.043159993 0.619835878 0.783080903
1706080654.239912987 46.206402423 194.669903220 -8.567942715 -0.026432327 0.043296960 0.619500217 0.783355722
1706080654.340495348 46.272006519 194.900532698 -8.581793205 -0.026620923 0.044022657 0.619196787 0.783548768
1706080654.440428495 46.331161629 195.131891245 -8.592671663 -0.026509718 0.043478905 0.618861006 0.783848120
1706080654.544634581 46.373919101 195.376301075 -8.614692701 -0.026337031 0.043833545 0.618358248 0.784230870
1706080654.643257618 46.419770298 195.595471934 -8.627030350 -0.026219403 0.044911995 0.618012405 0.784446380
1706080654.741897821 46.484260758 195.797989078 -8.632243519 -0.027244319 0.043715406 0.617708907 0.784718049
1706080654.844070435 46.530752793 196.042168849 -8.644869685 -0.025375701 0.044752444 0.617363430 0.784994069
1706080654.939162731 46.582671201 196.273779108 -8.662546514 -0.025553777 0.044368032 0.617155100 0.785173907
1706080655.044520378 46.623872787 196.525759757 -8.685190943 -0.025004141 0.044699495 0.616611552 0.785599734
1706080655.143712759 46.675182017 196.728100855 -8.693023531 -0.024017627 0.045067876 0.616433860 0.785748902
1706080655.242828369 46.726126847 196.963689222 -8.709763597 -0.024747676 0.044881321 0.615892847 0.786161065
1706080655.341922522 46.769367585 197.188845221 -8.718552886 -0.024922578 0.045120745 0.615541539 0.786416936
1706080655.440984249 46.828162402 197.404429114 -8.727774417 -0.023135791 0.045572027 0.615376121 0.786574952
1706080655.540078163 46.868740886 197.621886977 -8.740338216 -0.023938900 0.045747753 0.614915660 0.786900758
1706080655.641436577 46.915660849 197.846245699 -8.754001504 -0.024714628 0.045121645 0.614470959 0.787260227
1706080655.745091200 46.972261764 198.068903056 -8.769399483 -0.024349983 0.045405702 0.614170938 0.787489339
1706080655.844320297 47.035189178 198.279015439 -8.780833474 -0.025069313 0.045212241 0.613942074 0.787656342
1706080655.942683697 47.103788692 198.496896287 -8.787808765 -0.024663092 0.045747139 0.613715533 0.787814810
1706080656.041409731 47.136180801 198.738077183 -8.798084496 -0.024740603 0.045258602 0.613382513 0.788099901
1706080656.140070438 47.179120924 198.986877969 -8.813377239 -0.024736273 0.045023633 0.612990475 0.788418459
1706080656.245061398 47.222098174 199.229088936 -8.823380329 -0.024219591 0.045130200 0.612672570 0.788675471
1706080656.344783783 47.266301098 199.476594928 -8.846949918 -0.023687218 0.043882502 0.612298286 0.789052629
1706080656.443941832 47.318724695 199.697828047 -8.857134989 -0.025023610 0.044327662 0.611995623 0.789221284
1706080656.545408487 47.365831297 199.905926582 -8.867746263 -0.026255920 0.044071002 0.611573799 0.789522553
1706080656.644870758 47.401061069 200.134760567 -8.882431812 -0.023364584 0.044674578 0.611297566 0.789793368
1706080656.741180658 47.449902227 200.353511869 -8.900380366 -0.025170197 0.043702615 0.611021262 0.790006051
1706080656.842461109 47.512986128 200.582327754 -8.917024708 -0.025165076 0.043980398 0.610484075 0.790405995
1706080656.941583633 47.557915198 200.804017305 -8.927528437 -0.025594892 0.043731755 0.610162163 0.790654520
1706080657.045376062 47.608127186 201.030293716 -8.936175523 -0.024533103 0.043865479 0.609749689 0.790998902
1706080657.143930674 47.662025686 201.260774314 -8.948418058 -0.024674780 0.044146942 0.609371655 0.791270111
1706080657.242811680 47.718737597 201.490237860 -8.957952736 -0.025415058 0.043657087 0.609021921 0.791543071
1706080657.340955257 47.784066249 201.703271173 -8.962477955 -0.025250523 0.044167821 0.608537247 0.791892691
1706080657.444109917 47.866703412 201.920100235 -8.976373363 -0.023751901 0.044700274 0.608628370 0.791839150
1706080657.545460939 47.925358838 202.161059738 -8.993071595 -0.024393374 0.044408570 0.608031798 0.792294248
1706080657.645031214 47.985559129 202.377728990 -9.001578748 -0.025160338 0.044066586 0.607666210 0.792569789
1706080657.744120598 48.048694912 202.612947020 -9.017889601 -0.025493142 0.043991638 0.607438438 0.792737901
1706080657.844926834 48.096283422 202.844208870 -9.030984763 -0.024967232 0.044464599 0.607030564 0.793040624
1706080657.943423033 48.135946675 203.055962740 -9.040662140 -0.025163130 0.044262683 0.606674777 0.793317935
1706080658.043617725 48.177648419 203.282557349 -9.053612537 -0.025222421 0.043959963 0.606387439 0.793552535
1706080658.142588615 48.218281842 203.517430885 -9.072204993 -0.024961433 0.044106692 0.606055516 0.793806172
1706080658.241595984 48.289679622 203.744533336 -9.083120532 -0.025168628 0.043694487 0.605798248 0.794018775
1706080658.340507269 48.352143853 203.986705198 -9.103282254 -0.025482966 0.042882262 0.605421543 0.794340283
1706080658.443701267 48.427181901 204.219773030 -9.116544366 -0.026158995 0.043052023 0.605033836 0.794604485
1706080658.542401791 48.482809918 204.444546682 -9.124746076 -0.025905961 0.043648170 0.604570630 0.794932746
1706080658.640984297 48.531843627 204.667120183 -9.137168972 -0.026550022 0.043189938 0.604181103 0.795232621
1706080658.743954182 48.582816988 204.883736225 -9.153698440 -0.025789070 0.042914225 0.603676221 0.795655902
1706080658.844278097 48.646547368 205.098720640 -9.162959742 -0.025474122 0.043317041 0.603282013 0.795943161
1706080658.944828749 48.709804293 205.331662827 -9.171989815 -0.025929222 0.043366136 0.602861923 0.796244030
1706080659.044267416 48.751529989 205.553560706 -9.184167365 -0.025408875 0.043799304 0.602327509 0.796641439
1706080659.144117117 48.807278420 205.784799314 -9.198168919 -0.025624331 0.042979377 0.601861386 0.797031391
1706080659.244664907 48.870664155 205.993480370 -9.215619748 -0.026223866 0.043256422 0.601424345 0.797326751
1706080659.343687057 48.932631887 206.223222009 -9.231626638 -0.026494522 0.043273519 0.601068675 0.797585037
1706080659.442747355 48.981746990 206.451427244 -9.249784653 -0.025208974 0.042967888 0.600679295 0.797936497
1706080659.541593552 49.040426291 206.676949476 -9.259924294 -0.024199816 0.043645555 0.600547162 0.798030413
1706080659.644869089 49.093429488 206.917401346 -9.265256474 -0.025931178 0.043577583 0.600093887 0.798320672
1706080659.743306398 49.152983325 207.131700947 -9.275615160 -0.024768734 0.043638739 0.599821876 0.798558631
1706080659.841575861 49.205617732 207.365464259 -9.291654317 -0.024450301 0.043397827 0.599555548 0.798781545
1706080659.944781065 49.276753102 207.605359833 -9.306634952 -0.024694815 0.043699131 0.599435626 0.798847596
1706080660.044003725 49.352585927 207.797337490 -9.321351637 -0.024577841 0.043826044 0.599243047 0.798988722
1706080660.137266874 49.393815859 208.000008785 -9.338971387 -0.023321876 0.043801598 0.598996639 0.799212448
1706080660.244773865 49.456809642 208.230143763 -9.344252269 -0.025871424 0.044032658 0.598623972 0.799400485
1706080660.344482422 49.503521256 208.453142936 -9.353200273 -0.025286523 0.043882266 0.598429896 0.799572760
1706080660.445235014 49.586262740 208.678734233 -9.363354785 -0.025847733 0.043409699 0.598267347 0.799702241
1706080660.544720173 49.655770905 208.903288144 -9.374916393 -0.026135165 0.043687863 0.598115419 0.799791391
1706080660.643868923 49.710440105 209.123417134 -9.392866273 -0.025440279 0.042804213 0.597996513 0.799950475
1706080660.742707491 49.750820008 209.356615422 -9.402630500 -0.025353887 0.043667443 0.597697963 0.800129665
1706080660.841769457 49.835081447 209.601547049 -9.414002448 -0.026242706 0.042959777 0.597666504 0.800162813
1706080660.944262743 49.888708263 209.818687291 -9.424848209 -0.025560330 0.043381184 0.597425800 0.800341899
1706080661.043053150 49.948319317 210.052975947 -9.439639762 -0.024793363 0.043281712 0.597433146 0.800365928
1706080661.141345978 50.012379959 210.277690920 -9.452908858 -0.025809222 0.042830806 0.597453030 0.800343228
1706080661.244792461 50.080241982 210.508208488 -9.460655524 -0.026131407 0.042774347 0.597377809 0.800391941
1706080661.343636751 50.155710265 210.722617456 -9.476866896 -0.025734429 0.042328345 0.597613196 0.800252784
1706080661.438278198 50.203979247 210.938024601 -9.488626993 -0.025937735 0.043201378 0.597573423 0.800229266
1706080661.545495033 50.237223930 211.190458112 -9.505327681 -0.025392599 0.042940940 0.597690523 0.800173312
1706080661.644616365 50.288140071 211.401665807 -9.515159708 -0.025637538 0.042879091 0.597965814 0.799963115
1706080661.745182514 50.349620078 211.630159855 -9.529956731 -0.026156991 0.042858659 0.598066343 0.799872238
1706080661.844757795 50.391922296 211.844742303 -9.534236854 -0.025699202 0.043438004 0.598377096 0.799623375
1706080661.943791866 50.447308089 212.068965337 -9.545959679 -0.026377497 0.042890461 0.598570755 0.799485889
1706080662.042837620 50.535691848 212.284130112 -9.563048471 -0.026729058 0.042537383 0.598981661 0.799185272
1706080662.145294666 50.602172233 212.506320318 -9.570532346 -0.025985951 0.043262749 0.599204506 0.799003770
1706080662.244013309 50.662670359 212.719745897 -9.578971159 -0.025589585 0.043122581 0.599421925 0.798861047
1706080662.342625141 50.724215255 212.944147561 -9.594288608 -0.025478607 0.043414082 0.599618412 0.798701332
1706080662.441694736 50.800641114 213.181348807 -9.608985910 -0.025201888 0.043330029 0.599974151 0.798447488
1706080662.544679403 50.881782777 213.416015066 -9.621354626 -0.025147628 0.043615958 0.600209527 0.798256706
1706080662.643372774 50.931425307 213.609215207 -9.627261055 -0.024989043 0.043987633 0.600461622 0.798051676
1706080662.741733313 50.994697662 213.839539278 -9.635574266 -0.024197558 0.044810078 0.600811052 0.797767269
1706080662.845392466 51.035145142 214.105381263 -9.651789980 -0.023429540 0.044463553 0.600948518 0.797706041
1706080662.944661379 51.092153431 214.333545650 -9.666027167 -0.023902493 0.044688301 0.601161585 0.797518887
1706080663.044577122 51.140226955 214.551290880 -9.682703990 -0.023405903 0.044780154 0.601423398 0.797331047
1706080663.144874811 51.200212498 214.773416557 -9.698809109 -0.022885561 0.045091091 0.601825705 0.797025009
1706080663.243935347 51.266933655 214.998780737 -9.708221053 -0.024097902 0.044454184 0.601894400 0.796973179
1706080663.343021393 51.318665405 215.222765006 -9.723214780 -0.024556294 0.044437688 0.602013499 0.796870145
1706080663.445309162 51.376595762 215.442785667 -9.732624875 -0.023320266 0.044968816 0.602324148 0.796642700
1706080663.543927670 51.411567079 215.663706889 -9.744638992 -0.024513821 0.044364254 0.602552602 0.796467982
1706080663.642672539 51.461483256 215.896613187 -9.758541074 -0.023255857 0.044533905 0.602775568 0.796327515
1706080663.741562366 51.511790622 216.126540194 -9.770359106 -0.023526655 0.044462702 0.602913634 0.796219011
1706080663.840287685 51.557880869 216.348577257 -9.781516146 -0.024111075 0.044248144 0.602943072 0.796191189
1706080663.939334631 51.626313422 216.562342996 -9.795082392 -0.024737573 0.044356259 0.603275558 0.795914051
1706080664.041660547 51.683955573 216.793055593 -9.805751682 -0.024419913 0.044379732 0.603277779 0.795920868
1706080664.139868736 51.750399903 217.007115052 -9.816436630 -0.024001427 0.044735543 0.603572594 0.795690133
1706080664.244265318 51.817649632 217.237723706 -9.829052115 -0.024446218 0.044135144 0.603668726 0.795637191
1706080664.345477819 51.893292481 217.454960144 -9.838996524 -0.025852053 0.043228786 0.603948749 0.795429979
1706080664.445038795 51.957714257 217.676242816 -9.851046044 -0.025829029 0.043594208 0.603884876 0.795459278
1706080664.544617414 52.012456107 217.885726198 -9.864888349 -0.025277370 0.043900747 0.604016894 0.795359900
1706080664.644707680 52.064116016 218.108390246 -9.878777590 -0.026330899 0.043636906 0.603959651 0.795383708
1706080664.744499207 52.113350801 218.340882969 -9.893623986 -0.025258351 0.043943153 0.604076969 0.795312537
1706080664.843731165 52.164161471 218.566507761 -9.909965325 -0.024945090 0.044310748 0.604142221 0.795252461
1706080664.942458630 52.195163670 218.789726232 -9.919811587 -0.024669055 0.044909882 0.604053774 0.795294649
1706080665.040850401 52.234490208 219.026208006 -9.932439008 -0.025067407 0.044169080 0.603916127 0.795428205
1706080665.144166231 52.312984182 219.260741531 -9.943853824 -0.024822697 0.043972253 0.604150914 0.795268475
1706080665.242824078 52.369585625 219.494164324 -9.959871595 -0.025060917 0.043889350 0.604079267 0.795320007
1706080665.341378450 52.440819098 219.684680172 -9.968188224 -0.025866904 0.043521998 0.604212932 0.795212847
1706080665.439996719 52.498668456 219.903751459 -9.989025849 -0.025204896 0.043571815 0.604251515 0.795202060
1706080665.538813591 52.552086628 220.116701025 -9.999907996 -0.024484896 0.044040865 0.604181598 0.795251840
1706080665.644332170 52.611063098 220.351040333 -10.010021727 -0.025438683 0.043629146 0.604158584 0.795262080
1706080665.745247364 52.649717107 220.583366399 -10.023580914 -0.025164623 0.043935134 0.604055382 0.795332346
1706080665.844732046 52.721388588 220.813674175 -10.027091356 -0.025538110 0.043688362 0.604130032 0.795277333
1706080665.944302320 52.785793972 221.043748237 -10.038144820 -0.025263655 0.043850103 0.604157046 0.795256676
1706080666.044348001 52.834422789 221.261634361 -10.052156934 -0.024828890 0.044129157 0.604135484 0.795271312
1706080666.143564463 52.874916169 221.480647607 -10.069970509 -0.024431601 0.043902552 0.604151702 0.795283838
1706080666.242239714 52.950386475 221.690621109 -10.085077601 -0.024486692 0.043895602 0.604240721 0.795214895
1706080666.344977617 52.991671868 221.928100460 -10.097095217 -0.025925147 0.043647394 0.604202040 0.795212353
1706080666.443829298 53.038289400 222.158228502 -10.107718783 -0.024727676 0.044451664 0.604083761 0.795295794
1706080666.542478561 53.087384973 222.379579361 -10.118661177 -0.025609158 0.043745618 0.604121181 0.795278624
1706080666.640917063 53.144245914 222.604835372 -10.128677064 -0.025723937 0.043885495 0.604159687 0.795237961
1706080666.739719391 53.214621277 222.826625535 -10.139101101 -0.026078765 0.044004594 0.604252099 0.795149605
1706080666.844673634 53.277957528 223.071996028 -10.152955952 -0.025800220 0.043492785 0.604315201 0.795138896
1706080666.943552494 53.338394522 223.296588931 -10.162676893 -0.025107173 0.044129189 0.604364820 0.795088303
1706080667.044808626 53.396996031 223.518245452 -10.176631275 -0.025488220 0.044220770 0.604383563 0.795056843
1706080667.145286560 53.442563171 223.759426486 -10.194583065 -0.024958478 0.043966751 0.604495189 0.795002871
1706080667.245291710 53.501738606 223.959329975 -10.203215747 -0.025542920 0.044385437 0.604587203 0.794891066
1706080667.344560862 53.541533368 224.186104706 -10.214248068 -0.024531944 0.045225533 0.604545390 0.794907357
1706080667.443267345 53.601211191 224.407301806 -10.223064383 -0.025706315 0.044357875 0.604794303 0.794729775
1706080667.541954041 53.663429190 224.615658960 -10.231812499 -0.024199126 0.044971018 0.605042626 0.794553605
1706080667.644886255 53.729477496 224.823250211 -10.239502026 -0.025717103 0.044472109 0.605098372 0.794491549
1706080667.743352890 53.772714017 225.037760694 -10.255824987 -0.024769513 0.044898793 0.605269889 0.794367000
1706080667.841926336 53.826417797 225.269226337 -10.272500471 -0.023716228 0.045002776 0.605523855 0.794199693
1706080667.940510511 53.882195804 225.511009723 -10.290869757 -0.024638703 0.044552743 0.605729619 0.794040060
1706080668.039280176 53.938493058 225.725631619 -10.303979811 -0.024258464 0.044894416 0.605934180 0.793876431
1706080668.145169497 54.019844148 225.980180331 -10.310626583 -0.024778498 0.045475195 0.606169907 0.793647325
1706080668.236530066 54.086540456 226.183704739 -10.323043564 -0.024327940 0.045081646 0.606625396 0.793335632
1706080668.345108747 54.156198662 226.421674283 -10.334689040 -0.025408016 0.044521896 0.606780159 0.793215022
1706080668.444808245 54.209180578 226.638981056 -10.352877067 -0.024100319 0.045017748 0.607040388 0.793028716
1706080668.545117378 54.256858969 226.856064170 -10.364593056 -0.023958712 0.044725518 0.607380538 0.792789058
1706080668.644274712 54.289952958 227.082697902 -10.379920822 -0.024145239 0.044697815 0.607589294 0.792624982
1706080668.742973328 54.329636461 227.308192449 -10.399175871 -0.022976283 0.044442773 0.608023688 0.792340915
1706080668.845418453 54.368107557 227.541034079 -10.409143493 -0.024193252 0.045326112 0.608157673 0.792151800
1706080668.944190979 54.438918723 227.765190687 -10.417997591 -0.024703405 0.044825084 0.608630465 0.791801371
1706080669.042540789 54.498873049 227.961341402 -10.431129811 -0.024152065 0.044815329 0.608835791 0.791661067
1706080669.142389297 54.553557595 228.187704312 -10.442282138 -0.024717579 0.044595449 0.609209493 0.791368486
1706080669.237396955 54.587418356 228.412645496 -10.449740519 -0.024576832 0.045245141 0.609314899 0.791254833
1706080669.345447779 54.639839387 228.674185228 -10.465938352 -0.025001175 0.045035788 0.609531460 0.791086670
1706080669.445124149 54.682589199 228.900880521 -10.480755037 -0.024928816 0.044722204 0.609729609 0.790954033
1706080669.543998480 54.735818880 229.130494182 -10.497448017 -0.023851232 0.044887042 0.610049744 0.790731043
1706080669.641395092 54.798186266 229.371302462 -10.517232352 -0.024155536 0.044811269 0.610323400 0.790514900
1706080669.740214586 54.849055500 229.612621225 -10.531504459 -0.024031630 0.045056748 0.610328008 0.790501166
1706080669.844971895 54.891563239 229.827302125 -10.543133945 -0.024784431 0.044000602 0.610550172 0.790365843
1706080669.943457842 54.949662772 230.022630616 -10.552188402 -0.024914747 0.044414664 0.610715292 0.790211000
1706080670.042708397 55.008460666 230.254853996 -10.566522915 -0.024738980 0.043924021 0.610989440 0.790032004
1706080670.145378828 55.078268921 230.470062618 -10.580898246 -0.024219878 0.044991489 0.610997593 0.789981711
1706080670.244086266 55.126485347 230.684803334 -10.601147637 -0.023205544 0.044552931 0.611084926 0.789969463
1706080670.341624737 55.183267491 230.906711498 -10.607166432 -0.023660024 0.045294304 0.611218040 0.789810824
1706080670.441912413 55.226077488 231.125567219 -10.614186340 -0.024512687 0.045294900 0.611140344 0.789844909
1706080670.539714575 55.287010923 231.329686460 -10.624366412 -0.023213770 0.045281768 0.611364774 0.789711210
1706080670.645380735 55.350412596 231.577788315 -10.642752872 -0.023145413 0.044682049 0.611342552 0.789764578
1706080670.744214773 55.403679520 231.808077314 -10.653387421 -0.023986833 0.045062617 0.611326495 0.789730276
1706080670.842336178 55.453210183 232.047315255 -10.665164779 -0.023154424 0.046069476 0.611355539 0.789674541
1706080670.941402674 55.503162265 232.273021183 -10.678087183 -0.023538734 0.045046775 0.611196497 0.789845275
1706080671.043815374 55.540375012 232.508586465 -10.691728971 -0.023915998 0.045710628 0.611161519 0.789822867
1706080671.144918442 55.586452565 232.730055941 -10.701336561 -0.024037273 0.045694536 0.611243172 0.789756927
1706080671.244050026 55.635820147 232.951831329 -10.715293048 -0.023059054 0.045403478 0.611271605 0.789780874
1706080671.340684652 55.683653568 233.154725620 -10.726541612 -0.023778191 0.045612692 0.611350834 0.789686164
1706080671.445184469 55.739750887 233.382843178 -10.738549731 -0.022475118 0.045871781 0.611424123 0.789652576
1706080671.543734550 55.787709548 233.616342259 -10.752093294 -0.022898476 0.045846548 0.611486335 0.789593703
1706080671.639590263 55.839392102 233.822759385 -10.764029337 -0.023513442 0.045458076 0.611483472 0.789600307
1706080671.740940094 55.891940704 234.054483804 -10.774262223 -0.023874915 0.045617745 0.611482284 0.789581171
1706080671.839359760 55.968441526 234.246500486 -10.786637477 -0.022589357 0.045904475 0.611710298 0.789425748
1706080671.945060253 56.015794684 234.491110112 -10.800478517 -0.024141527 0.045721560 0.611710326 0.789390399
1706080672.043856621 56.061450307 234.752510934 -10.816855393 -0.023660099 0.045932375 0.611775127 0.789342518
1706080672.142357111 56.117556979 234.978345342 -10.831439848 -0.023133657 0.046448406 0.611879697 0.789246866
1706080672.241099119 56.171406375 235.217802739 -10.844835862 -0.022481255 0.046954872 0.612015266 0.789130627
1706080672.343784332 56.204887521 235.464807339 -10.856186379 -0.023061824 0.047258497 0.612100990 0.789029255
1706080672.445142269 56.257446481 235.697402267 -10.868520781 -0.022272216 0.047327503 0.612201668 0.788969691
1706080672.542960644 56.314472101 235.887664504 -10.882457472 -0.021904964 0.047156635 0.612589234 0.788689327
1706080672.642431498 56.377466470 236.098563569 -10.890560762 -0.022480687 0.047485727 0.612547131 0.788686082
1706080672.743602753 56.428632355 236.326220856 -10.898407345 -0.022204412 0.047255132 0.612562164 0.788696084
1706080672.843317986 56.491966048 236.541582413 -10.912296041 -0.022395841 0.046468611 0.612705368 0.788626164
1706080672.942348003 56.540293186 236.765449495 -10.921733144 -0.023288674 0.046552570 0.612573346 0.788697909
1706080673.041664839 56.581621304 236.997855993 -10.942362152 -0.022025130 0.046090431 0.612645382 0.788705396
1706080673.137955666 56.646478572 237.215187649 -10.953298709 -0.023579167 0.045174069 0.612697978 0.788672628
1706080673.244755745 56.691456373 237.452234528 -10.962718906 -0.023169964 0.046208473 0.612607242 0.788695313
1706080673.343398333 56.745963583 237.682546465 -10.971319411 -0.023417637 0.045755194 0.612536049 0.788769716
1706080673.442055941 56.780177076 237.894397645 -10.982180347 -0.024403654 0.045335612 0.612348769 0.788909456
1706080673.540699005 56.827712745 238.118806907 -10.996606040 -0.024476706 0.045452617 0.612398345 0.788861976
1706080673.644072533 56.887892169 238.353909885 -11.010581246 -0.023979549 0.045810584 0.612375787 0.788874050
1706080673.744284630 56.930971317 238.588333666 -11.025471465 -0.024433798 0.045414140 0.612137897 0.789067640
1706080673.843560219 56.987028007 238.800670537 -11.039881685 -0.023975241 0.045120524 0.612212530 0.789040648
1706080673.942741871 57.023633853 239.042051489 -11.057737503 -0.024184021 0.045327423 0.612051370 0.789147438
1706080674.044356108 57.078728012 239.280994458 -11.068932815 -0.024088048 0.045554078 0.611864596 0.789282147
1706080674.143247604 57.126663759 239.496789576 -11.081981686 -0.023410516 0.045737575 0.611919830 0.789249101
1706080674.242632627 57.172075857 239.736986989 -11.094009440 -0.024623822 0.045029949 0.611679639 0.789439035
1706080674.341404438 57.227042478 239.947395309 -11.104040909 -0.023312396 0.045520222 0.611648340 0.789474984
1706080674.440400362 57.297246752 240.166654808 -11.120024383 -0.023507999 0.045319206 0.611504767 0.789591960
1706080674.544507265 57.360457161 240.406117905 -11.128708577 -0.023865094 0.045707963 0.611303251 0.789714869
1706080674.643353939 57.406975747 240.626423454 -11.142414879 -0.023700699 0.045412111 0.611157782 0.789849468
1706080674.741558075 57.460381151 240.849545077 -11.156549721 -0.024531447 0.044820841 0.610961892 0.790009410
1706080674.845146894 57.516479182 241.069939545 -11.170396037 -0.024260397 0.045203349 0.610769827 0.790144486
1706080674.945270538 57.569564779 241.299034624 -11.182810160 -0.024672283 0.044958145 0.610664211 0.790227350
1706080675.044690132 57.621258028 241.520436046 -11.195543134 -0.023306443 0.045747702 0.610589030 0.790281592
1706080675.143842459 57.673351912 241.743805828 -11.209382337 -0.023892588 0.045612138 0.610401507 0.790416774
1706080675.242940903 57.729605561 241.940492564 -11.221386870 -0.023829722 0.045738207 0.610289404 0.790497947
1706080675.343896627 57.789384615 242.183623502 -11.235692294 -0.023960208 0.045157141 0.610329151 0.790496722
1706080675.443769693 57.846763416 242.409390696 -11.248997466 -0.023393648 0.045355509 0.610176326 0.790620304
1706080675.542571783 57.882663520 242.638401400 -11.262596915 -0.023235193 0.045824689 0.610173203 0.790600333
1706080675.641531229 57.928544518 242.853532157 -11.270091751 -0.024138190 0.045548141 0.609994207 0.790727375
1706080675.740411997 57.963506768 243.062330424 -11.275795574 -0.024176058 0.045515591 0.609917829 0.790787008
1706080675.843960285 58.019100058 243.306506322 -11.289959487 -0.024174644 0.044865693 0.610055398 0.790718071
1706080675.942765474 58.088647317 243.542888544 -11.307634641 -0.024315356 0.045407179 0.610129314 0.790625810
1706080676.041452885 58.149142891 243.761838426 -11.318228194 -0.024271026 0.044754598 0.610356805 0.790488782
1706080676.144613266 58.196554541 244.001691870 -11.339750956 -0.023571043 0.045140783 0.610389509 0.790462752
1706080676.244763374 58.237269278 244.242336590 -11.346636619 -0.023744459 0.045952387 0.610315939 0.790467605
1706080676.344964504 58.287080561 244.472936054 -11.360662997 -0.024023366 0.045182828 0.610438819 0.790408652
1706080676.444061518 58.337039803 244.706656463 -11.375463077 -0.023969521 0.045412615 0.610479730 0.790365520
1706080676.544719219 58.399861019 244.928485454 -11.384038712 -0.024612122 0.045464361 0.610514517 0.790315924
1706080676.644751787 58.454635216 245.147710865 -11.396148770 -0.023895395 0.045360941 0.610632796 0.790252481
1706080676.743512869 58.523426615 245.345099697 -11.409627221 -0.024105679 0.045121527 0.610811866 0.790121401
1706080676.842621326 58.590294823 245.555364156 -11.421965281 -0.024273232 0.045171976 0.610898340 0.790046531
1706080676.941644907 58.640535195 245.781834909 -11.429487930 -0.024203948 0.044750967 0.610908122 0.790065052
1706080677.044778109 58.681191250 246.001840538 -11.445069991 -0.024049923 0.045174789 0.610875555 0.790070817
1706080677.143984795 58.721505298 246.224903768 -11.453708791 -0.023613563 0.046315046 0.610747011 0.790117336
1706080677.242706537 58.767405537 246.447978178 -11.469166392 -0.023392726 0.045574895 0.610893681 0.790053555
1706080677.344915152 58.827111203 246.667621047 -11.478743287 -0.024087991 0.045563583 0.610781516 0.790120034
1706080677.444602728 58.884135749 246.898257539 -11.492482055 -0.024344819 0.045343195 0.610718479 0.790173565
1706080677.545100927 58.951653754 247.109061456 -11.501385127 -0.024548374 0.045382069 0.610606688 0.790251427
1706080677.644942045 58.997551992 247.338051044 -11.512370200 -0.025223289 0.044979788 0.610538485 0.790305867
1706080677.744223356 59.043292044 247.577519820 -11.525186445 -0.024801661 0.045460084 0.610402102 0.790397073
1706080677.844750166 59.090592251 247.821438106 -11.542613186 -0.023246688 0.045539022 0.610501280 0.790363192
1706080677.944719076 59.136182363 248.060398939 -11.558883604 -0.023727742 0.045098501 0.610522214 0.790357986
1706080678.043700933 59.187844892 248.292140422 -11.572195315 -0.022939360 0.045816876 0.610479927 0.790372607
1706080678.142715693 59.236958375 248.502401649 -11.585970955 -0.023687377 0.045252368 0.610489712 0.790375508
1706080678.241783857 59.283894304 248.722481686 -11.599992903 -0.022671502 0.045977442 0.610544025 0.790321499
1706080678.344977617 59.352269914 248.961682042 -11.616693039 -0.023283718 0.045940353 0.610683289 0.790198249
1706080678.443661213 59.405588496 249.156469224 -11.630149383 -0.022603480 0.046320937 0.610636803 0.790231706
1706080678.542152166 59.474524770 249.360817772 -11.644505763 -0.022590944 0.046199925 0.610806396 0.790108070
1706080678.645245790 59.536919254 249.588903424 -11.658496212 -0.023238368 0.046467066 0.610843690 0.790044794
1706080678.744176865 59.595750450 249.805302351 -11.673785737 -0.023049133 0.045788283 0.611029389 0.789946363
1706080678.842522621 59.669491097 250.028332067 -11.680293512 -0.024218221 0.045740856 0.611136371 0.789831367
1706080678.944832325 59.722100427 250.270414172 -11.691446976 -0.024625083 0.045791961 0.611192618 0.789772300
1706080679.044380188 59.761239600 250.484104190 -11.697840597 -0.023751826 0.046370699 0.611388460 0.789613677
1706080679.144706964 59.807098778 250.687378267 -11.710355039 -0.023469998 0.046475607 0.611678618 0.789391186
1706080679.244769573 59.854639510 250.925823448 -11.723898908 -0.023928744 0.046103176 0.611956480 0.789183869
1706080679.343790293 59.904768569 251.165656655 -11.740687398 -0.023435220 0.046399623 0.612128929 0.789047553
1706080679.442705870 59.956976318 251.387404985 -11.751949566 -0.024187294 0.046141099 0.612370935 0.788852212
1706080679.541685581 60.008478317 251.596353306 -11.762519537 -0.023947530 0.046300825 0.612652626 0.788631415
1706080679.644286633 60.050475989 251.836865679 -11.776667699 -0.022887721 0.046747376 0.612842143 0.788489279
1706080679.743005753 60.094719451 252.063701660 -11.792501188 -0.022723286 0.046570388 0.613096426 0.788306808
1706080679.842127800 60.137764593 252.271534262 -11.807817136 -0.022948021 0.046802185 0.613101754 0.788282426
1706080679.944710970 60.182923689 252.529103901 -11.823686006 -0.023636581 0.046191103 0.613358633 0.788098269
1706080680.043687820 60.241314431 252.762688239 -11.839812184 -0.023286647 0.046314666 0.613421633 0.788052399
1706080680.142531872 60.309616937 252.988075453 -11.851752480 -0.022895202 0.046823485 0.613523044 0.787954850
1706080680.245122433 60.377401454 253.201562775 -11.852753981 -0.023085643 0.047194356 0.613527451 0.787923735
1706080680.344584703 60.426071253 253.440446426 -11.861298025 -0.022781065 0.047040993 0.613493912 0.787967885
1706080680.443535089 60.463801122 253.660589165 -11.878001089 -0.022369604 0.046843724 0.613514932 0.787975060
1706080680.544837236 60.504857408 253.882208440 -11.889411768 -0.021893013 0.047344873 0.613437165 0.788019037
1706080680.643751383 60.558473553 254.098984651 -11.901815927 -0.022529660 0.046514295 0.613544293 0.787967154
1706080680.742743731 60.618230721 254.310683344 -11.918559910 -0.022468680 0.046488053 0.613486769 0.788015231
1706080680.841708899 60.679396466 254.518001894 -11.931831718 -0.021514150 0.046411888 0.613617151 0.787944839
1706080680.944468498 60.721189085 254.766878947 -11.942740465 -0.022512636 0.046390264 0.613558433 0.787963942
1706080681.043094635 60.769899524 254.995904811 -11.955284802 -0.022721313 0.046169833 0.613587667 0.787948135
1706080681.141856909 60.830055331 255.215453219 -11.966362546 -0.023160739 0.045531453 0.613536190 0.788012570
1706080681.244323015 60.886802226 255.451845103 -11.981570480 -0.022369643 0.045820255 0.613468754 0.788071184
1706080681.343539000 60.930893392 255.673212628 -11.989820983 -0.023717891 0.046106325 0.613281582 0.788160751
1706080681.442059040 60.984245813 255.889790866 -11.999621908 -0.022777706 0.046433938 0.613366728 0.788102990
1706080681.545468330 61.040935280 256.131049247 -12.011927048 -0.023277824 0.045840429 0.613317852 0.788161157
1706080681.644524097 61.081042371 256.349936551 -12.028211791 -0.023706334 0.045925895 0.613156840 0.788268680
1706080681.745156050 61.122476027 256.561000712 -12.036899307 -0.024199685 0.045619398 0.613172562 0.788259257
1706080681.844980240 61.155338523 256.802927255 -12.054644818 -0.023068677 0.046098249 0.612961612 0.788429356
1706080681.943889141 61.218359695 257.014249049 -12.061345071 -0.023173954 0.047515323 0.612917970 0.788376068
1706080682.042831182 61.268505398 257.230266643 -12.069898271 -0.022597950 0.047026192 0.612808001 0.788507593
1706080682.145307302 61.337815724 257.453718763 -12.083240308 -0.022390123 0.047066389 0.612710859 0.788586609
1706080682.244100571 61.385765894 257.690438478 -12.103404752 -0.022250938 0.046567893 0.612501905 0.788782444
1706080682.342869997 61.435531696 257.907582230 -12.117336098 -0.021240404 0.047250522 0.612435653 0.788821148
1706080682.441643000 61.458305142 258.141778418 -12.140360072 -0.021619959 0.047119436 0.612153187 0.789037903
1706080682.544700861 61.521075912 258.367860899 -12.149763065 -0.022284415 0.047328929 0.612161371 0.789000528
1706080682.642962694 61.580569500 258.583030239 -12.161081113 -0.021755673 0.047476130 0.612016595 0.789118746
1706080682.741669655 61.635028315 258.811026924 -12.173331722 -0.022328921 0.046751826 0.611946471 0.789200356
1706080682.845006943 61.693713931 259.058202175 -12.182946634 -0.022473717 0.046839044 0.611914323 0.789216001
1706080682.944151402 61.756608050 259.288558896 -12.200771830 -0.023189283 0.045646294 0.611769609 0.789377362
1706080683.037623882 61.787964832 259.529238570 -12.220907026 -0.022625874 0.046009855 0.611538410 0.789551731
1706080683.144918442 61.851487412 259.765948872 -12.239151100 -0.022771471 0.046148965 0.611578300 0.789508528
1706080683.244001389 61.896455540 259.976572505 -12.249467710 -0.023544305 0.045991906 0.611341961 0.789678046
1706080683.343308687 61.947850155 260.186186926 -12.257925354 -0.023437816 0.045550237 0.611405285 0.789657788
1706080683.444829226 62.001698336 260.398686928 -12.268238132 -0.023796497 0.045794980 0.611320650 0.789698430
1706080683.543871403 62.043424437 260.618176198 -12.276045472 -0.023775708 0.046163256 0.611178795 0.789787408
1706080683.642766237 62.105437904 260.860519485 -12.291701405 -0.023348704 0.045176394 0.611247715 0.789803876
1706080683.740693331 62.158036648 261.077163128 -12.300513795 -0.024453049 0.045763043 0.611053431 0.789887015
1706080683.840358257 62.218866255 261.311096710 -12.313365020 -0.024275842 0.045569240 0.611180794 0.789805143
1706080683.943417549 62.277725133 261.551524423 -12.329310705 -0.023884455 0.045264936 0.611210760 0.789811386
1706080684.041181803 62.318033773 261.753872610 -12.339778459 -0.023800425 0.046168286 0.611126985 0.789826460
1706080684.145301104 62.380703247 261.971308017 -12.350371824 -0.023901798 0.046131708 0.611244406 0.789734668
1706080684.245142698 62.421131902 262.189250361 -12.361435602 -0.023149426 0.045952534 0.611187795 0.789811337
1706080684.344529629 62.468855509 262.432824252 -12.373679981 -0.022556233 0.046854438 0.611222326 0.789748787
1706080684.444828749 62.520592584 262.662285473 -12.387731944 -0.023776670 0.045949785 0.611170065 0.789806583
1706080684.544353962 62.578869348 262.867950563 -12.399442139 -0.022613634 0.047117464 0.611209118 0.789741719
1706080684.644712925 62.619378187 263.090282156 -12.413407752 -0.023793868 0.046170626 0.611045604 0.789889483
1706080684.744874477 62.666191762 263.343817882 -12.427846515 -0.022958055 0.046291355 0.611116763 0.789852100
1706080684.843307495 62.729266318 263.561329370 -12.442974258 -0.023500898 0.045655526 0.611221202 0.789792329
1706080684.942343712 62.790610498 263.789460281 -12.458620010 -0.023149068 0.045869214 0.611258359 0.789761581
1706080685.045255899 62.839008520 264.014359252 -12.473523411 -0.022564957 0.046501537 0.611167877 0.789811532
1706080685.143813133 62.902077520 264.240053463 -12.479473019 -0.022795070 0.046969630 0.611244522 0.789717907
1706080685.242471933 62.933737319 264.466743971 -12.491732948 -0.023214298 0.046503707 0.611042524 0.789889572
1706080685.341108322 62.986225360 264.694833476 -12.507934175 -0.022234179 0.046102958 0.611154930 0.789854297
1706080685.439751625 63.039592288 264.908554818 -12.520408367 -0.023019086 0.046169063 0.611091515 0.789877015
1706080685.545120478 63.096503569 265.137110974 -12.526260367 -0.023782731 0.046892383 0.610976309 0.789900902
1706080685.643516064 63.153641182 265.360873594 -12.543465460 -0.023147666 0.046262071 0.610949292 0.789977828
1706080685.745141745 63.215207166 265.588658964 -12.554887043 -0.023015533 0.046779082 0.610985726 0.789923063
1706080685.844979525 63.264127768 265.805525682 -12.574989190 -0.023509327 0.046236596 0.610885221 0.790018187
1706080685.944339037 63.313888045 266.019589192 -12.590573627 -0.022149442 0.046908341 0.610872768 0.790027513
1706080686.044887066 63.367465251 266.250302207 -12.602785075 -0.022049954 0.047105789 0.610735590 0.790124600
1706080686.143695354 63.423078604 266.477714423 -12.613143975 -0.021986946 0.047240484 0.610686073 0.790156586
1706080686.242493391 63.468241340 266.717632366 -12.621346384 -0.022494456 0.046740689 0.610571843 0.790260293
1706080686.344730377 63.527624394 266.959423978 -12.635450290 -0.021902679 0.046944038 0.610467252 0.790345661
1706080686.443222523 63.586707196 267.165876720 -12.647205658 -0.021615523 0.047188279 0.610599179 0.790237103
1706080686.541871071 63.642327577 267.379995395 -12.663821495 -0.020591642 0.047464122 0.610440550 0.790370468
1706080686.640638351 63.684605297 267.598294952 -12.672153631 -0.020137236 0.048555342 0.610369945 0.790370420
1706080686.739166021 63.737754910 267.838153240 -12.680344656 -0.019435044 0.049238712 0.610244609 0.790442500
1706080686.838688374 63.795399066 268.058907703 -12.697943892 -0.019231964 0.048713744 0.610357504 0.790392826
1706080686.943421602 63.834707885 268.287109622 -12.713807359 -0.020097979 0.048222680 0.610256640 0.790479271
1706080687.045122623 63.887923229 268.502501076 -12.737215863 -0.018487818 0.049029467 0.610316977 0.790422355
1706080687.144955158 63.948466804 268.714219136 -12.745865914 -0.020162758 0.049294806 0.610301431 0.790376903
1706080687.244059324 64.016618570 268.933790978 -12.757422224 -0.019589092 0.048506785 0.610421352 0.790347476
1706080687.344558001 64.061762850 269.188493565 -12.766482001 -0.019931226 0.049335013 0.610270151 0.790404419
1706080687.443294287 64.120774927 269.433605770 -12.781874784 -0.020458115 0.047307372 0.610289509 0.790499964
1706080687.542137623 64.163284830 269.660176599 -12.796524740 -0.020022843 0.048075940 0.610246675 0.790497809
1706080687.644541264 64.220169481 269.895979424 -12.804928206 -0.020397842 0.048616847 0.610227596 0.790469868
1706080687.732518911 64.265911385 270.084800507 -12.814639728 -0.019978120 0.048270474 0.610300114 0.790445828
1706080687.838081121 64.313088615 270.302741054 -12.837740806 -0.020007883 0.047929609 0.610342469 0.790433114
1706080687.938972235 64.375335160 270.516102139 -12.853027900 -0.020678411 0.047858940 0.610232935 0.790504706
1706080688.039706945 64.428449663 270.742864441 -12.862733479 -0.020472424 0.048102771 0.610188514 0.790529557
1706080688.135428429 64.481940976 270.965899494 -12.872658707 -0.020468621 0.047842306 0.610137666 0.790584707
1706080688.236155510 64.544310280 271.177955832 -12.886833034 -0.020459404 0.047959059 0.610082777 0.790620229
1706080688.345409632 64.606186147 271.430120048 -12.898264471 -0.020086171 0.047806410 0.609991645 0.790709357
1706080688.445186138 64.661395556 271.658884797 -12.910151398 -0.020375214 0.047932722 0.609805782 0.790837665
1706080688.533956289 64.700263545 271.859564630 -12.941473015 -0.019988985 0.048411239 0.609795051 0.790826649
1706080688.644488335 64.777384222 272.082866202 -12.964127526 -0.020007049 0.048472223 0.609808383 0.790812176
1706080688.743235350 64.810785827 272.324705330 -12.985492951 -0.021340007 0.047557880 0.609533295 0.791044887
1706080688.845369339 64.867207345 272.584613180 -12.999442333 -0.021055820 0.047619798 0.609534058 0.791048190
1706080688.933613300 64.912019071 272.765194024 -12.995934049 -0.020283310 0.048331031 0.609522429 0.791034201
1706080689.039201975 64.971410488 273.012667129 -13.018631416 -0.020685964 0.047638681 0.609537675 0.791054024
1706080689.138360739 65.034055516 273.223982867 -13.018787846 -0.021181608 0.047867051 0.609624772 0.790960001
1706080689.240745068 65.087178009 273.449462759 -13.031034804 -0.019520744 0.048253917 0.609815637 0.790832087
1706080689.339619398 65.143974956 273.654399829 -13.043709415 -0.019469198 0.048171892 0.609896372 0.790776096
1706080689.438228846 65.187863240 273.905864458 -13.065326727 -0.021025165 0.047854487 0.609756668 0.790863260
1706080689.542842865 65.245458408 274.145156583 -13.078068629 -0.020392424 0.047441885 0.609799963 0.790871305
1706080689.641558647 65.301951078 274.374542222 -13.080327448 -0.020416000 0.048106680 0.609855258 0.790787897
1706080689.740410566 65.337801019 274.612899533 -13.074756367 -0.019962150 0.048487010 0.609978499 0.790681196
1706080689.844365120 65.396716758 274.853646059 -13.095765689 -0.020518699 0.048435986 0.610005811 0.790649004
1706080689.933134317 65.448105164 275.044225831 -13.116159389 -0.020237547 0.047985421 0.610109330 0.790603849
1706080690.040472269 65.501608451 275.285363707 -13.125786415 -0.020944731 0.048269681 0.610189654 0.790506130
1706080690.139388561 65.553250045 275.502187744 -13.135709378 -0.021590083 0.047060532 0.610256881 0.790509781
1706080690.244674206 65.616539676 275.731525872 -13.149738462 -0.020988296 0.046956974 0.610471730 0.790366245
1706080690.341194868 65.667618738 275.952185730 -13.158865908 -0.022109534 0.047164380 0.610416348 0.790366100
1706080690.438580513 65.715708676 276.170847707 -13.169749364 -0.022576307 0.046593893 0.610474245 0.790342025
1706080690.537661552 65.767712997 276.380290580 -13.186833192 -0.023633777 0.045854405 0.610472613 0.790355621
1706080690.639510632 65.821933497 276.624562620 -13.202112316 -0.023574023 0.045751295 0.610557949 0.790297460
1706080690.743846416 65.875279845 276.864716442 -13.223110255 -0.023807935 0.045297252 0.610451774 0.790398617
1706080690.842202187 65.935385770 277.078931388 -13.227652939 -0.023779595 0.045552912 0.610397763 0.790426488
1706080690.941294193 65.980665982 277.312025145 -13.239627976 -0.024515854 0.045529668 0.610187235 0.790567872
1706080691.035065651 66.029129631 277.541026779 -13.242535896 -0.024585698 0.044671338 0.610145629 0.790646777
1706080691.142663717 66.076011978 277.796655484 -13.263371580 -0.025001003 0.044646903 0.610009939 0.790739830
1706080691.241526842 66.123040906 278.009973976 -13.266758415 -0.025814094 0.044824362 0.609729388 0.790920023
1706080691.342197180 66.168755939 278.245088715 -13.283592340 -0.025835794 0.044053668 0.609699873 0.790985367
1706080691.441492796 66.223577453 278.461779233 -13.300179980 -0.026333825 0.043529613 0.609659845 0.791028808
1706080691.540623665 66.263319043 278.685643746 -13.308646335 -0.025939415 0.044203302 0.609407352 0.791199023
1706080691.639705896 66.328486378 278.914443039 -13.329960666 -0.026729002 0.043503395 0.609417166 0.791203977
1706080691.741711140 66.390957842 279.141690155 -13.352174636 -0.026175769 0.043263453 0.609313131 0.791315747
1706080691.840449333 66.445290373 279.379946333 -13.362190379 -0.026545906 0.043551378 0.609181849 0.791388696
1706080691.945161343 66.498437138 279.621466935 -13.378365361 -0.025766902 0.043985308 0.609037070 0.791501868
1706080692.043600082 66.534731679 279.848400545 -13.388252124 -0.026226132 0.043697803 0.608588339 0.791847792
1706080692.142167807 66.601168980 280.060943190 -13.400893991 -0.025451108 0.044715055 0.608647390 0.791770901
1706080692.240936041 66.669352555 280.284681707 -13.412040606 -0.025811701 0.044340367 0.608334265 0.792020903
1706080692.343307018 66.723261142 280.507027064 -13.413313044 -0.025051944 0.044912282 0.608058825 0.792224560
1706080692.442995548 66.757738695 280.744706850 -13.448862720 -0.025062889 0.044269113 0.607792483 0.792464759
1706080692.543363094 66.825391188 280.963090209 -13.448419139 -0.024927057 0.045121864 0.607553128 0.792604476
1706080692.642618895 66.885298596 281.170974191 -13.460891193 -0.025053928 0.044498251 0.607443131 0.792720032
1706080692.741729975 66.947841571 281.387489491 -13.473877906 -0.025285108 0.045238043 0.607148628 0.792896416
1706080692.844122887 67.012241467 281.633774702 -13.486366925 -0.025316275 0.045058493 0.606943430 0.793062729
1706080692.939906597 67.072642840 281.849603009 -13.496654783 -0.024698540 0.045174877 0.606707871 0.793255805
1706080693.041535378 67.129367917 282.071372540 -13.516122424 -0.025055788 0.045045337 0.606286109 0.793574369
1706080693.140447855 67.181696315 282.300050610 -13.532973079 -0.025186636 0.044431904 0.606081084 0.793761399
1706080693.244734049 67.239775006 282.538418962 -13.555861477 -0.025199979 0.044108320 0.605489385 0.794230459
1706080693.338340282 67.295769808 282.755037215 -13.563215607 -0.025149909 0.044507153 0.605181422 0.794444486
1706080693.445263624 67.353657152 283.004986135 -13.579109938 -0.025040216 0.044192144 0.604851385 0.794716833
1706080693.544105768 67.399671022 283.234564429 -13.589918388 -0.024775458 0.044644553 0.604269951 0.795142042
1706080693.638089180 67.461929119 283.427923172 -13.603547252 -0.024550637 0.044927298 0.603932669 0.795389298
1706080693.744453430 67.530064304 283.656805258 -13.611150320 -0.025362447 0.044230419 0.603538917 0.795701698
1706080693.843715668 67.586086628 283.888913486 -13.629848622 -0.025819932 0.043909869 0.603079753 0.796052803
1706080693.942834854 67.644052132 284.105004414 -13.672158647 -0.024561979 0.043307560 0.602885316 0.796272856
1706080694.041922808 67.704601537 284.334776863 -13.682380075 -0.026157534 0.043544404 0.602510485 0.796492802
1706080694.141015768 67.754042146 284.564553640 -13.697519178 -0.025925858 0.043049918 0.602250040 0.796724195
1706080694.242520571 67.808946025 284.813374098 -13.712357196 -0.025733982 0.042570781 0.602142016 0.796837802
1706080694.341432095 67.859201925 285.034194000 -13.721486126 -0.024494060 0.043535946 0.601892214 0.797013441
1706080694.440320015 67.917199469 285.250571072 -13.716644917 -0.025676235 0.043100409 0.601768311 0.797093461
1706080694.539410114 67.980461220 285.463611085 -13.744594619 -0.026235431 0.042529235 0.601622080 0.797216306
1706080694.642683983 68.026917109 285.721109631 -13.751213628 -0.026422847 0.042691877 0.601294064 0.797448860
1706080694.741523981 68.092801314 285.937020103 -13.773071031 -0.026120391 0.042583234 0.601185123 0.797546765
1706080694.839091778 68.148287772 286.172807855 -13.786726636 -0.027102659 0.042689559 0.600956216 0.797680810
1706080694.945261002 68.201768943 286.404292689 -13.808215814 -0.026057545 0.042837037 0.600778404 0.797841653
1706080695.044804573 68.259557685 286.617480254 -13.816319991 -0.026192631 0.043305966 0.600561002 0.797975577
1706080695.143950462 68.333058149 286.830686018 -13.829681392 -0.027025714 0.042802736 0.600452227 0.798056803
1706080695.243036985 68.405957642 287.044271281 -13.838989198 -0.026791709 0.043076871 0.600378678 0.798105275
1706080695.342105627 68.460840047 287.255573956 -13.837738376 -0.026491763 0.042757132 0.600304189 0.798188508
1706080695.443613768 68.514519337 287.502211555 -13.855237656 -0.026219445 0.042619896 0.600274565 0.798227118
1706080695.542496920 68.576908340 287.726670920 -13.865320903 -0.026637622 0.042680401 0.600245737 0.798231718
1706080695.641380787 68.629441379 287.955295882 -13.873251258 -0.025858764 0.043139670 0.600123326 0.798324675
1706080695.740505695 68.689100489 288.181462097 -13.876973304 -0.026235332 0.042936471 0.600186170 0.798276097
1706080695.839420080 68.755115830 288.402068103 -13.952376920 -0.024740134 0.042532435 0.600188629 0.798343615
1706080695.938614368 68.799379001 288.602947387 -13.934374753 -0.025738703 0.043209823 0.599959172 0.798448134
1706080696.040127039 68.848625727 288.815849354 -13.937165710 -0.025497922 0.043540774 0.600074416 0.798351271
1706080696.136735916 68.919465627 289.031730220 -13.953994998 -0.025528323 0.043115099 0.599963779 0.798456546
1706080696.245185614 68.985643930 289.276910400 -13.949387482 -0.025382378 0.043937105 0.600050292 0.798351372
1706080696.344991446 69.052628208 289.507442900 -13.975787883 -0.024643543 0.044015174 0.600031864 0.798384070
1706080696.444081306 69.115506803 289.725993536 -13.961961530 -0.024478194 0.044169336 0.600144786 0.798295762
1706080696.543171406 69.162753515 289.973896616 -13.970336007 -0.023670926 0.044389777 0.600127352 0.798320986
1706080696.644701719 69.210830298 290.203031666 -14.002854124 -0.024145315 0.044681845 0.600201196 0.798234966
1706080696.743644476 69.279336455 290.417195103 -14.012078592 -0.024542302 0.044465598 0.600358549 0.798116595
1706080696.842451334 69.331372548 290.641363200 -14.018592153 -0.024229185 0.044441328 0.600506289 0.798016361
1706080696.941594601 69.407303705 290.870265652 -14.053906423 -0.024842601 0.043722356 0.600894723 0.797744779
1706080697.040460825 69.462061364 291.095021381 -14.057636569 -0.024651500 0.044179977 0.600914312 0.797710739
1706080697.139609575 69.513642878 291.304534167 -14.072452991 -0.024551634 0.044270559 0.601119353 0.797554298
1706080697.241182804 69.565085562 291.529697093 -14.090118089 -0.024804207 0.044581563 0.601275193 0.797411674
1706080697.337790251 69.628430316 291.716966023 -14.105505766 -0.024847969 0.044013787 0.601691780 0.797127572
1706080697.437004089 69.697371315 291.933558782 -14.129343532 -0.023744991 0.044519360 0.602006171 0.796895710
1706080697.545139790 69.761200184 292.212880935 -14.147571718 -0.024644057 0.044666736 0.602040717 0.796834066
1706080697.645001173 69.826445444 292.418171355 -14.153028153 -0.024937053 0.043874620 0.602392370 0.796603160
1706080697.744256258 69.874981971 292.646338973 -14.185592574 -0.024296346 0.044188654 0.602509941 0.796516680
1706080697.845442533 69.923069604 292.868654954 -14.175517883 -0.024133508 0.045341183 0.602723653 0.796295140
1706080697.944639683 69.990547169 293.099467368 -14.197911157 -0.024299646 0.044533999 0.602961015 0.796155930
1706080698.043587208 70.042405318 293.324603841 -14.220275116 -0.024770999 0.044648195 0.603097973 0.796031263
1706080698.142666340 70.089552462 293.556824278 -14.225720555 -0.025241896 0.044372539 0.603328542 0.795857145
1706080698.241585970 70.151252568 293.775299462 -14.235094940 -0.024867796 0.044773452 0.603417957 0.795778675
1706080698.340692043 70.200027709 294.003569351 -14.239513598 -0.024071183 0.045077409 0.603601098 0.795647108
1706080698.443356514 70.252262097 294.242823152 -14.300493563 -0.024692899 0.044041671 0.603680281 0.795625986
1706080698.540681124 70.319265167 294.448862690 -14.301289106 -0.024442724 0.044163376 0.603794490 0.795540297
1706080698.639642000 70.363089238 294.666975161 -14.302652794 -0.023754340 0.044690815 0.603943518 0.795418563
1706080698.737972498 70.402648141 294.899529115 -14.303778381 -0.025082351 0.044138535 0.603938209 0.795412663
1706080698.845471144 70.454013547 295.147881516 -14.335842748 -0.024554484 0.043261949 0.604172606 0.795299279
1706080698.945318699 70.525107658 295.361607498 -14.322623036 -0.024773466 0.044313342 0.604302145 0.795136165
1706080699.044439077 70.579015104 295.591646615 -14.330437508 -0.024088366 0.044743218 0.604266240 0.795160428
1706080699.143461943 70.636239711 295.819753304 -14.374692948 -0.024176678 0.043773047 0.604423935 0.795091891
1706080699.244616985 70.687250730 296.054492795 -14.371953965 -0.024451908 0.044126721 0.604498061 0.795007566
1706080699.343739033 70.744738828 296.275375280 -14.335603574 -0.024307626 0.044477378 0.604601281 0.794913953
1706080699.442653656 70.811718982 296.495365144 -14.375926368 -0.025881103 0.043535105 0.604497690 0.794995223
1706080699.541740417 70.864730054 296.715156333 -14.382233571 -0.024796817 0.044220257 0.604509749 0.794982798
1706080699.640895367 70.925470868 296.941634252 -14.383926267 -0.025097195 0.044579243 0.604519483 0.794945920
1706080699.741815090 70.976691305 297.184295768 -14.356082554 -0.024915548 0.044772251 0.604472299 0.794976667
1706080699.840413809 71.028518332 297.404947744 -14.379331436 -0.025216545 0.044725704 0.604389395 0.795032827
1706080699.939123869 71.096595228 297.617180950 -14.408833785 -0.025241423 0.044590644 0.604435896 0.795004272
1706080700.037813902 71.139636937 297.846198130 -14.413576447 -0.025341937 0.044526279 0.604317297 0.795094838
1706080700.126414299 71.188053948 298.023247699 -14.423362198 -0.025064130 0.044263899 0.604366553 0.795080855
1706080700.244813442 71.263381953 298.269491965 -14.431600171 -0.024603738 0.044923163 0.604472158 0.794977972
1706080700.344526052 71.318816939 298.488646537 -14.470423180 -0.024330402 0.044543312 0.604401604 0.795061398
1706080700.445294619 71.360118221 298.715114555 -14.494331637 -0.024620367 0.044569290 0.604336282 0.795100670
1706080700.544825315 71.425922159 298.927865365 -14.515737877 -0.025187192 0.043890645 0.604437390 0.795043809
1706080700.643760204 71.466237817 299.170114173 -14.499795745 -0.025169834 0.044640369 0.604256819 0.795139870
1706080700.742856979 71.538738444 299.383557734 -14.527882356 -0.025476799 0.044336598 0.604469084 0.794985739
1706080700.844305038 71.596251742 299.628312745 -14.460953892 -0.024875625 0.045118162 0.604424241 0.794994900
1706080700.943061829 71.646880170 299.867993958 -14.491974227 -0.025854343 0.043722655 0.604584094 0.794920094
1706080701.041394711 71.693692276 300.100572762 -14.524639182 -0.025678354 0.043914350 0.604696194 0.794829960
1706080701.140259743 71.756910846 300.337259729 -14.535036741 -0.025613159 0.044241987 0.604968169 0.794606901
1706080701.238825798 71.811036064 300.577542612 -14.611478573 -0.026066639 0.043272633 0.604996657 0.794623845
1706080701.327459812 71.868329728 300.758150571 -14.602414674 -0.025432132 0.044375883 0.605226117 0.794408796
1706080701.430523634 71.925594582 300.982045716 -14.638927655 -0.025923424 0.043873200 0.605283502 0.794377115
1706080701.545123816 71.989099559 301.213219470 -14.669538891 -0.025601010 0.043914726 0.605511677 0.794211366
1706080701.644238949 72.044983076 301.413698422 -14.652835543 -0.026026252 0.043429127 0.605627899 0.794135626
1706080701.743122816 72.101395316 301.622912697 -14.699180183 -0.025032966 0.044016513 0.605768946 0.794027632
1706080701.844847202 72.153832308 301.850449532 -14.697208924 -0.024957081 0.044307234 0.605801959 0.793988664
1706080701.943926096 72.210805126 302.090024001 -14.647898814 -0.025086977 0.044283355 0.606010205 0.793826971
1706080702.043029547 72.274052072 302.329210348 -14.675849498 -0.025449530 0.043890855 0.606067254 0.793793675
1706080702.144118786 72.335506178 302.570035982 -14.695622973 -0.025364042 0.044103419 0.606123180 0.793741925
1706080702.242476463 72.384952500 302.783591867 -14.698826513 -0.024951981 0.044376343 0.606288075 0.793613829
1706080702.341161013 72.442003018 303.017841646 -14.757746030 -0.024575726 0.044689215 0.606296834 0.793601321
1706080702.439935446 72.495127596 303.262239627 -14.758549046 -0.024929971 0.044245351 0.606297303 0.793614784
1706080702.528510094 72.535015014 303.461550836 -14.771591771 -0.024544364 0.044577518 0.606303034 0.793603837
1706080702.627578974 72.587778795 303.678018285 -14.794108628 -0.024550356 0.044624734 0.606328043 0.793581891
1706080702.726545095 72.633751157 303.888795350 -14.810291192 -0.024892557 0.044309128 0.606469074 0.793481143
1706080702.845158577 72.699355562 304.138357427 -14.813352356 -0.024856504 0.044631218 0.606521851 0.793423879
1706080702.924610138 72.753097490 304.313191542 -14.840009312 -0.024601028 0.044414118 0.606715961 0.793295606
1706080703.033719063 72.829314247 304.570612356 -14.854681692 -0.024166943 0.044796685 0.606958468 0.793101906
1706080703.144961596 72.880919903 304.821774939 -14.915771471 -0.023764637 0.044900538 0.606928030 0.793131484
1706080703.244085789 72.922244118 305.041305970 -14.911656359 -0.024362270 0.044930642 0.606931415 0.793109056
1706080703.345177412 72.984192505 305.274614504 -14.937358903 -0.024931798 0.043514074 0.607035104 0.793090987
1706080703.443596840 73.023193951 305.506190511 -14.945594956 -0.024148043 0.044512281 0.607034311 0.793060448
1706080703.542395115 73.071529817 305.721071883 -14.984018758 -0.024559932 0.044109546 0.607171720 0.792965106
1706080703.640915632 73.128605532 305.958775131 -15.014671472 -0.024488102 0.043646580 0.607296815 0.792897148
1706080703.729558468 73.182060146 306.176234201 -15.017468184 -0.024892511 0.044147892 0.607285371 0.792865566
1706080703.828656912 73.245075291 306.399931042 -14.971919256 -0.025683896 0.043848949 0.607444411 0.792735072
1706080703.927652121 73.298786065 306.620210489 -14.990917427 -0.026099493 0.043673179 0.607622707 0.792594547
1706080704.026647091 73.355630003 306.844367557 -14.994850159 -0.025742196 0.044023243 0.607683600 0.792540179
1706080704.125681877 73.409639565 307.060293625 -14.998099245 -0.025520148 0.044455469 0.607724806 0.792491636
1706080704.234883070 73.484300257 307.304752443 -14.950538560 -0.027179758 0.043337553 0.607901123 0.792363138
1706080704.345427990 73.539134683 307.541133764 -14.966573682 -0.026930163 0.043475613 0.607907856 0.792358931
1706080704.445216179 73.596434375 307.764427958 -15.004736862 -0.027928368 0.042118599 0.607889616 0.792411664
1706080704.544603109 73.640130024 307.975987694 -15.032411181 -0.026684446 0.042994073 0.607907901 0.792393485
1706080704.644538403 73.694110004 308.215550376 -15.046956643 -0.027315660 0.042893094 0.607768589 0.792484309
1706080704.743410110 73.750786149 308.429594150 -15.027765282 -0.026280334 0.043535514 0.607716995 0.792523853
1706080704.841887236 73.803269197 308.665390594 -15.039458440 -0.026670904 0.043216684 0.607594334 0.792622297
1706080704.930679798 73.858588303 308.868936723 -15.045389746 -0.026423352 0.043421964 0.607506017 0.792687063
1706080705.029773235 73.906937935 309.086969242 -15.040527560 -0.026841269 0.043459825 0.607356307 0.792785662
1706080705.128785133 73.971751392 309.313662295 -15.072556053 -0.025925079 0.043915039 0.607190814 0.792917823
1706080705.227766752 74.020726096 309.548625478 -15.066473909 -0.026470891 0.044130261 0.606963034 0.793062222
1706080705.326830626 74.072281140 309.771147589 -15.118196673 -0.026122462 0.043577208 0.606843654 0.793195703
1706080705.436023235 74.141032722 310.016132653 -15.149783521 -0.026728538 0.043142417 0.606757978 0.793264819
1706080705.539088249 74.185597649 310.254928981 -15.233130184 -0.025993333 0.043311317 0.606432254 0.793529078
1706080705.637550831 74.235199957 310.481637412 -15.218180927 -0.026169581 0.043207445 0.606301155 0.793629119
1706080705.745133638 74.300394503 310.718605563 -15.254129197 -0.025734898 0.043799569 0.606117874 0.793750865
1706080705.844962597 74.362117444 310.935866502 -15.291902597 -0.025814112 0.042719813 0.606070275 0.793843480
1706080705.944364786 74.414793823 311.149126290 -15.313742323 -0.025850966 0.043324821 0.605954032 0.793898229
1706080706.042904139 74.468317367 311.357719130 -15.372497036 -0.025868279 0.043318505 0.605754729 0.794050091
1706080706.135868788 74.508715897 311.551045982 -15.400502018 -0.026312747 0.042399806 0.605667014 0.794151978
1706080706.230868816 74.558797906 311.768090037 -15.411813472 -0.025674017 0.043191172 0.605516019 0.794245376
1706080706.329810858 74.611445715 312.006247900 -15.393889687 -0.025987538 0.043023242 0.605233752 0.794459410
1706080706.431722164 74.680203459 312.237620831 -15.404774220 -0.025791874 0.042818001 0.605224074 0.794484247
1706080706.537579298 74.726316082 312.482982238 -15.378132966 -0.026558275 0.043221067 0.604925689 0.794664400
1706080706.637159109 74.791064292 312.705141517 -15.339196972 -0.026531523 0.043218797 0.604832740 0.794736164
1706080706.736328840 74.851275064 312.941942378 -15.366505377 -0.026004184 0.042919435 0.604775712 0.794813212
1706080706.835412025 74.912327493 313.172718563 -15.376788705 -0.026765369 0.042524922 0.604599121 0.794943488
1706080706.937582254 74.967327523 313.396848770 -15.384846497 -0.027280361 0.042915892 0.604395920 0.795059482
1706080707.045418739 75.026124107 313.622954570 -15.375236818 -0.026259320 0.043360009 0.604225276 0.795199455
1706080707.145205736 75.070674685 313.851901509 -15.374010752 -0.026519429 0.043238274 0.604056306 0.795325814
1706080707.243816137 75.122128238 314.097512521 -15.389439046 -0.025736271 0.043475931 0.603886743 0.795467340
1706080707.332840443 75.190087066 314.309728497 -15.399145483 -0.026792684 0.042930138 0.603605725 0.795675364
1706080707.431934595 75.255506179 314.530447007 -15.417374198 -0.026460722 0.043169332 0.603636211 0.795650403
1706080707.530967236 75.314283403 314.749655395 -15.456040944 -0.026187341 0.043488096 0.603479033 0.795761312
1706080707.629915953 75.375917451 314.951745760 -15.506697161 -0.026007000 0.042656799 0.603439086 0.795842511
1706080707.738830090 75.463634695 315.194792215 -15.544435399 -0.026198738 0.042514222 0.603474453 0.795817034
1706080707.838264465 75.516775682 315.423989274 -15.550197214 -0.025488293 0.043521368 0.603496776 0.795768734
1706080707.937409163 75.564242963 315.656840345 -15.576468349 -0.025559991 0.042976827 0.603482789 0.795806637
1706080708.039659262 75.616785716 315.884705944 -15.576913173 -0.025982447 0.043662829 0.603498624 0.795743602
1706080708.138620377 75.669027098 316.106081108 -15.605802540 -0.026378907 0.042944196 0.603545513 0.795734103
1706080708.237184286 75.731543337 316.326737109 -15.626503537 -0.026204807 0.042923742 0.603713978 0.795613156
1706080708.345329046 75.794785398 316.564292154 -15.661183643 -0.026696031 0.042296166 0.603806145 0.795560491
1706080708.435010910 75.835736118 316.777288373 -15.669986795 -0.027162919 0.042235158 0.603727033 0.795607967
1706080708.533975840 75.898147456 316.989284740 -15.683728816 -0.027127867 0.042165705 0.603903898 0.795478607
1706080708.633041143 75.958226105 317.213962707 -15.629925818 -0.027408872 0.042709765 0.603993860 0.795371641
1706080708.732067108 76.026673489 317.432883883 -15.634092963 -0.027487102 0.042134317 0.604140194 0.795288491
1706080708.833805323 76.087884618 317.671707272 -15.667086079 -0.027066607 0.042075020 0.604180288 0.795275594
1706080708.940070391 76.146815013 317.926261475 -15.682492367 -0.027863251 0.041631402 0.604158379 0.795288072
1706080709.039376020 76.208308554 318.144359099 -15.738369059 -0.026793166 0.042097873 0.604245040 0.795234448
1706080709.138512373 76.252827456 318.369826423 -15.749933580 -0.027251117 0.041761951 0.604200146 0.795270708
1706080709.240823984 76.307482346 318.615680706 -15.705961943 -0.026801135 0.042871422 0.604207677 0.795221242
1706080709.339647055 76.355411967 318.836749650 -15.713066987 -0.026899334 0.042715847 0.604122515 0.795290996
1706080709.438390255 76.416307347 319.047946796 -15.731269947 -0.026220728 0.043717059 0.604318135 0.795110611
1706080709.537295341 76.465718887 319.252560724 -15.763857285 -0.025974015 0.043512266 0.604362550 0.795096184
1706080709.636067867 76.516619317 319.462564978 -15.740449798 -0.025787273 0.043775335 0.604216521 0.795198801
1706080709.735037327 76.571474538 319.692319402 -15.741115821 -0.025864997 0.042704018 0.604367474 0.795139815
1706080709.834116220 76.636355064 319.908561028 -15.769232507 -0.026316139 0.042539408 0.604392788 0.795114594
1706080709.933173656 76.684626665 320.129725961 -15.773383451 -0.025732037 0.043547030 0.604412045 0.795064524
1706080710.034857750 76.733826703 320.351261839 -15.820877244 -0.025384061 0.043379349 0.604508012 0.795011915
1706080710.141178608 76.792613178 320.601825179 -15.886983764 -0.025423567 0.043386482 0.604629447 0.794917912
1706080710.240451097 76.869167375 320.839366487 -15.888668682 -0.024874997 0.043100373 0.604938442 0.794715719
1706080710.339591026 76.917586794 321.062647085 -15.917049554 -0.025068267 0.043098275 0.604963238 0.794690884
1706080710.441836119 76.973710403 321.312195527 -15.850293537 -0.024730329 0.044842300 0.605051735 0.794537587
1706080710.540767193 77.030511208 321.533288041 -15.862321330 -0.025263280 0.044073360 0.605210172 0.794443172
1706080710.639456511 77.072544132 321.750989432 -15.843062092 -0.024654019 0.044581262 0.605283560 0.794378060
1706080710.738327742 77.124983984 321.976989206 -15.870591002 -0.025256833 0.043461342 0.605484159 0.794268303
1706080710.837171316 77.177206999 322.202474891 -15.922371597 -0.025234473 0.043847173 0.605603623 0.794156722
1706080710.936088324 77.239711318 322.432231291 -16.029102987 -0.024946303 0.042978065 0.605946824 0.793951519
1706080711.035333633 77.316547513 322.654303088 -16.045537672 -0.025182450 0.042771370 0.606241464 0.793730270
1706080711.134257793 77.364790924 322.857173316 -16.080434657 -0.025037843 0.042731878 0.606340474 0.793661340
1706080711.233274937 77.431562087 323.077477190 -16.007222223 -0.026495477 0.042500992 0.606337312 0.793628830
1706080711.342296362 77.479556929 323.317792111 -16.014037972 -0.025239999 0.043280578 0.606352432 0.793616067
1706080711.441545963 77.538719787 323.548327095 -16.019441681 -0.024885287 0.043401162 0.606495287 0.793511518
1706080711.540669918 77.583310046 323.768017676 -16.029700196 -0.025713944 0.043106244 0.606407939 0.793567928
1706080711.643041134 77.656738506 324.004946557 -16.073870776 -0.025587169 0.043534650 0.606459148 0.793509504
1706080711.741701841 77.727508232 324.230908718 -16.106933369 -0.025025982 0.043405980 0.606479762 0.793518695
1706080711.840390444 77.790687494 324.454704804 -16.131509827 -0.024860526 0.043191940 0.606421431 0.793580152
1706080711.939461708 77.833795068 324.678591894 -16.106452719 -0.025789935 0.043660358 0.606242161 0.793661827
1706080712.038271904 77.871392314 324.893622072 -16.121928806 -0.024423257 0.043697470 0.606297406 0.793660816
1706080712.137198210 77.923228573 325.117601320 -16.117700915 -0.024993818 0.043846960 0.606149127 0.793748064
1706080712.239751339 77.986148624 325.335244521 -16.108790975 -0.025761226 0.043480509 0.606021769 0.793840929
1706080712.335355759 78.026875714 325.539941134 -16.110506485 -0.024917034 0.043900837 0.605982966 0.793874362
1706080712.434402943 78.083818720 325.764702752 -16.151331593 -0.024855451 0.044058383 0.605993176 0.793859771
1706080712.543436289 78.148529792 326.001914800 -16.187893958 -0.025205981 0.043511234 0.605987296 0.793883384
1706080712.642653465 78.176968724 326.217874739 -16.178067899 -0.024949347 0.043803093 0.605752088 0.794054927
1706080712.741792440 78.234752401 326.442779625 -16.186713039 -0.025827727 0.043221810 0.605797528 0.794024029
1706080712.844037056 78.304286459 326.672030926 -16.216241640 -0.025810796 0.042916543 0.605862101 0.793991869
1706080712.942752123 78.363356391 326.900523295 -16.196552563 -0.026551819 0.042336742 0.605818695 0.794031681
1706080713.041560411 78.424480466 327.124241643 -16.187742393 -0.026841522 0.042952375 0.605891423 0.793933378
1706080713.140505552 78.476934672 327.353370053 -16.184234693 -0.026487096 0.042979281 0.605896016 0.793940320
1706080713.243429184 78.518599659 327.589398238 -16.185220929 -0.026416002 0.043040879 0.606025808 0.793840285
1706080713.338246822 78.569198415 327.809481600 -16.144753944 -0.027187549 0.043212474 0.605829570 0.793954691
1706080713.437397957 78.626386377 328.021226508 -16.174350204 -0.027113675 0.042623875 0.605917431 0.793921987
1706080713.536469460 78.698427337 328.241378772 -16.183969269 -0.027640707 0.042641289 0.606046828 0.793804103
1706080713.635545492 78.737969435 328.462844451 -16.148314470 -0.027039553 0.043774405 0.605840407 0.793920692
1706080713.744557381 78.791044994 328.720078323 -16.177102686 -0.027717155 0.042723247 0.605812598 0.793975805
1706080713.843759775 78.866956378 328.943829962 -16.216575124 -0.027613877 0.042228263 0.605917574 0.793925778
1706080713.942894936 78.933305325 329.170569535 -16.242759308 -0.027070019 0.042792537 0.605934686 0.793901234
1706080714.045108080 78.979300775 329.385874518 -16.252018072 -0.027372531 0.042890755 0.605752379 0.794024674
1706080714.143784046 79.026494235 329.593947500 -16.270942997 -0.026212366 0.043234802 0.605727579 0.794064081
1706080714.242579222 79.082283595 329.810701058 -16.285391141 -0.026657752 0.043021021 0.605660413 0.794112095
1706080714.341567516 79.149260065 330.036181820 -16.297135426 -0.026077952 0.042997329 0.605632486 0.794153929
1706080714.444475174 79.206645281 330.255418525 -16.331666231 -0.026820347 0.042597667 0.605415197 0.794316403
1706080714.539364815 79.265316971 330.473514910 -16.343723846 -0.026196089 0.043188335 0.605303832 0.794390208
1706080714.638484001 79.313483563 330.702034789 -16.331186721 -0.026343406 0.043473068 0.605245491 0.794414258
1706080714.740301609 79.373389808 330.955486520 -16.326503498 -0.026170578 0.043312425 0.604989629 0.794623611
1706080714.836660862 79.411294991 331.184753867 -16.338427680 -0.026339314 0.042945292 0.604780816 0.794796897
1706080714.937618971 79.473893175 331.404716591 -16.309434546 -0.026343119 0.043021679 0.604790068 0.794785599
1706080715.044863939 79.535720075 331.636225458 -16.315940950 -0.026611907 0.043094140 0.604631659 0.794893237
1706080715.143995762 79.590399813 331.845054899 -16.314343004 -0.027022161 0.043380328 0.604574691 0.794907160
1706080715.243031979 79.652892463 332.058376676 -16.368098245 -0.026476003 0.043225109 0.604601105 0.794913904
1706080715.344935894 79.708674920 332.285781806 -16.349013029 -0.026991668 0.043160097 0.604462633 0.795005397
1706080715.443701744 79.753110284 332.497477880 -16.353934714 -0.026148939 0.043456377 0.604491335 0.794995599
1706080715.542654037 79.809324416 332.716202736 -16.390268088 -0.026627838 0.043219757 0.604441417 0.795030556
1706080715.641506433 79.861558620 332.943700532 -16.392923689 -0.026462895 0.043511185 0.604398228 0.795053001
1706080715.740455627 79.928978288 333.181594591 -16.398660039 -0.026844323 0.043085605 0.604447367 0.795026034
1706080715.839599371 79.971251847 333.411478856 -16.423608980 -0.026553005 0.043455913 0.604247978 0.795167217
1706080715.941364050 80.032461420 333.630045884 -16.467474910 -0.026601667 0.042888817 0.604260965 0.795186510
1706080716.040034533 80.083034777 333.849693725 -16.468828828 -0.026898211 0.043370023 0.604092330 0.795278558
1706080716.138736963 80.138243441 334.077870247 -16.467137145 -0.026437647 0.043605458 0.604093394 0.795280319
1706080716.237231255 80.190582140 334.288943559 -16.491516008 -0.027082602 0.042801921 0.604105863 0.795292798
1706080716.344955444 80.253503321 334.529768460 -16.523460318 -0.027334016 0.042296188 0.604034400 0.795365531
1706080716.444169044 80.316677770 334.747271046 -16.550040719 -0.026809286 0.043202731 0.604004715 0.795357209
1706080716.543229580 80.385972685 334.977676219 -16.547496479 -0.026702888 0.043399898 0.603960451 0.795383668
1706080716.644795895 80.450660975 335.193007945 -16.594299026 -0.026701520 0.042810021 0.604007710 0.795379794
1706080716.743691206 80.496587553 335.417933881 -16.634308569 -0.026221042 0.043539222 0.603954227 0.795396809
1706080716.842577457 80.543736833 335.644716975 -16.647236725 -0.026147016 0.042594977 0.603900085 0.795491477
1706080716.941561937 80.591726181 335.871180554 -16.704388067 -0.025921316 0.042688430 0.603736282 0.795618178
1706080717.040690899 80.636989154 336.084697954 -16.703396125 -0.025552464 0.043540023 0.603734821 0.795585070
1706080717.142409325 80.693558248 336.310664794 -16.732411739 -0.026095567 0.042929741 0.603788955 0.795559525
1706080717.241096258 80.753474080 336.530432331 -16.718781706 -0.026364871 0.043409141 0.603842839 0.795483730
1706080717.339822769 80.804389865 336.742920959 -16.739161443 -0.026120480 0.043457341 0.603729308 0.795575328
1706080717.438480854 80.858223388 336.957109730 -16.766753741 -0.026351443 0.043107430 0.603750590 0.795570598
1706080717.536918163 80.934639843 337.189426470 -16.761681901 -0.025838340 0.043573873 0.603676362 0.795618343
1706080717.644825697 80.997204443 337.421626116 -16.767085843 -0.025619989 0.044020154 0.603754535 0.795541516
1706080717.744319201 81.056125954 337.651742619 -16.869949990 -0.025189295 0.042933623 0.603873968 0.795524000
1706080717.845315218 81.120910630 337.873253804 -16.874642778 -0.026175424 0.042994280 0.603879999 0.795484309
1706080717.944769621 81.166309086 338.088109339 -16.887664958 -0.025538829 0.043304980 0.603800180 0.795548735
1706080718.043639660 81.221552029 338.314639653 -16.911903611 -0.025793062 0.042731751 0.603824564 0.795553022
1706080718.142657280 81.275036057 338.534072046 -16.900596878 -0.026047197 0.043199868 0.603789798 0.795545847
1706080718.241782665 81.319642238 338.756094261 -16.919919506 -0.026374935 0.042927133 0.603695943 0.795621036
1706080718.344556332 81.380806548 338.982828498 -16.912390500 -0.026495593 0.043384500 0.603716523 0.795576602
1706080718.441903353 81.446058068 339.201156287 -16.901089750 -0.025657056 0.044158170 0.603717693 0.795560631
1706080718.540854692 81.499763938 339.415202678 -16.906311631 -0.025965697 0.043400858 0.603727946 0.795584512
1706080718.640583277 81.553445193 339.637227486 -16.945763062 -0.025599234 0.043906978 0.603758462 0.795545458
1706080718.738088608 81.614278682 339.859397411 -16.963933678 -0.025341895 0.044013169 0.603816613 0.795503694
1706080718.836662054 81.675846144 340.075241253 -16.966981838 -0.025434188 0.043264547 0.603857178 0.795511024
1706080718.945116520 81.743092800 340.323691839 -16.972887404 -0.026017104 0.043027138 0.603908206 0.795466312
1706080719.044461727 81.823301288 340.520486926 -17.047701029 -0.025434789 0.042707815 0.604165285 0.795307125
1706080719.143425941 81.864371383 340.759896061 -17.038649301 -0.024637597 0.044059151 0.603962937 0.795412189
1706080719.244706869 81.924034669 340.985212588 -17.021886932 -0.026104581 0.042807429 0.604053123 0.795365262
1706080719.343745708 81.980915815 341.211198691 -17.024952801 -0.025183799 0.043505463 0.604076253 0.795339507
1706080719.442920923 82.022488273 341.420234999 -17.052274074 -0.025243795 0.043761145 0.603990926 0.795388380
1706080719.544507027 82.078717086 341.654477899 -17.093077526 -0.025964523 0.042695086 0.603974920 0.795435270
1706080719.643178701 82.124119574 341.874500093 -17.068840177 -0.025971076 0.043391170 0.604072968 0.795322927
1706080719.741909266 82.171884859 342.109409222 -17.065971024 -0.026270067 0.042655677 0.604207786 0.795250481
1706080719.840551376 82.205272974 342.337229304 -17.093489881 -0.026395401 0.042532947 0.604275582 0.795201391
1706080719.939133167 82.280982754 342.570126890 -17.128610070 -0.026782799 0.042719873 0.604580104 0.794946912
1706080720.037625313 82.342434716 342.792658097 -17.123049082 -0.027156080 0.041783761 0.604690538 0.794900005
1706080720.130540371 82.400920444 342.998459510 -17.172418065 -0.027414780 0.041560313 0.604767427 0.794844343
1706080720.245446682 82.470810078 343.254331587 -17.187109597 -0.027616849 0.041107873 0.604727751 0.794891062
1706080720.344589949 82.523635566 343.468972266 -17.219752126 -0.027354006 0.041673176 0.604798402 0.794816959
1706080720.445103168 82.575810413 343.691471031 -17.236081611 -0.027169085 0.041050465 0.604700978 0.794929825
1706080720.544888735 82.622582266 343.902639277 -17.239684438 -0.027171759 0.042351029 0.604487999 0.795023487
1706080720.644021273 82.689277489 344.131637224 -17.229092291 -0.027297002 0.040777599 0.604553048 0.795051994
1706080720.743075132 82.733072397 344.342701471 -17.231695523 -0.026547107 0.042050936 0.604294607 0.795207519
1706080720.842187881 82.781326121 344.583063955 -17.229560707 -0.027074088 0.041992799 0.604041511 0.795385097
1706080720.942941666 82.829841282 344.800460638 -17.238370771 -0.026464158 0.042402839 0.603791649 0.795573562
1706080721.041384459 82.888125389 345.024438716 -17.219348518 -0.027169108 0.042275964 0.603476968 0.795795283
1706080721.140201807 82.961321294 345.257759523 -17.238634855 -0.027511525 0.041814632 0.603317820 0.795928553
1706080721.238643646 83.005738009 345.481382525 -17.257416158 -0.026613455 0.042209675 0.603035778 0.796151944
1706080721.343747377 83.093086396 345.730900164 -17.304604195 -0.026168416 0.042864157 0.602760690 0.796340020
1706080721.426507473 83.123197122 345.908628268 -17.269821139 -0.027389605 0.042500197 0.602299636 0.796667240
1706080721.529906511 83.193094903 346.137124974 -17.312244033 -0.026386962 0.041899606 0.602144234 0.796850345
1706080721.644238949 83.248929324 346.378291631 -17.319022616 -0.026440584 0.042605566 0.601804586 0.797067690
1706080721.745418310 83.309069358 346.606771516 -17.285302629 -0.026632760 0.043014399 0.601631197 0.797170221
1706080721.845072746 83.372058447 346.835630491 -17.277765864 -0.025720801 0.043350058 0.601460592 0.797310710
1706080721.944198132 83.420165580 347.045228707 -17.294462986 -0.026243795 0.042890679 0.601049434 0.797628505
1706080722.044939756 83.472772148 347.268384642 -17.296898530 -0.026219404 0.043289206 0.600853656 0.797755271
1706080722.143931150 83.538740988 347.494725926 -17.281345921 -0.026537786 0.043419402 0.600709517 0.797846212
1706080722.242573261 83.587068999 347.712138723 -17.303597733 -0.026397653 0.042440779 0.600452272 0.798097120
1706080722.341161251 83.633049782 347.926966834 -17.294988246 -0.026950267 0.042587169 0.600153343 0.798295673
1706080722.439644337 83.696743646 348.150855712 -17.305674959 -0.026717547 0.042639078 0.599870408 0.798513353
1706080722.528586864 83.765471140 348.344643270 -17.355370393 -0.027137398 0.041845793 0.599806413 0.798589230
1706080722.627482653 83.823030148 348.574476107 -17.362416065 -0.027347033 0.041944839 0.599649952 0.798694376
1706080722.730964899 83.878983898 348.813374462 -17.408009596 -0.027438593 0.041892729 0.599401841 0.798880189
1706080722.840904474 83.949036338 349.060420024 -17.438708464 -0.027854651 0.041171500 0.599165077 0.799080870
1706080722.934429884 83.997602508 349.263236827 -17.446068835 -0.028018559 0.041604296 0.598923048 0.799234149
1706080723.033920765 84.060851558 349.482858922 -17.467054778 -0.027358690 0.041592755 0.598736215 0.799397580
1706080723.144792557 84.118272729 349.734836629 -17.481911878 -0.028471122 0.041596645 0.598449463 0.799573233
1706080723.244343996 84.190252451 349.972766952 -17.521329429 -0.028307850 0.040908014 0.598295366 0.799729864
1706080723.344962597 84.241721283 350.190465295 -17.462415677 -0.028778895 0.041143410 0.598124231 0.799828981
1706080723.443625450 84.300237798 350.403988541 -17.488417144 -0.028296496 0.041377759 0.597964514 0.799953517
1706080723.542230844 84.371343308 350.626304372 -17.493700060 -0.028569419 0.041256107 0.597849319 0.800036196
1706080723.640530586 84.453693686 350.853766276 -17.499230010 -0.027764262 0.041886304 0.597840692 0.800038243
1706080723.729683161 84.489456083 351.041827833 -17.485135563 -0.028212009 0.042259678 0.597654578 0.800141992
1706080723.828739882 84.542282505 351.259308693 -17.503673866 -0.027432435 0.042010865 0.597710754 0.800140240
1706080723.927765131 84.583580546 351.473463721 -17.524137820 -0.027853411 0.041904623 0.597783080 0.800077233
1706080724.041943550 84.666144753 351.728610200 -17.557997118 -0.026735977 0.042488801 0.598057107 0.799879732
1706080724.135499954 84.717698587 351.938180454 -17.551178020 -0.027354985 0.042440397 0.598019018 0.799889850
1706080724.235000134 84.777260955 352.169857053 -17.587177174 -0.026550751 0.042687277 0.598126182 0.799823683
1706080724.334153891 84.839925002 352.386871753 -17.610261393 -0.027653467 0.041966631 0.598150850 0.799806007
1706080724.445112944 84.903392709 352.635601415 -17.639404538 -0.027088427 0.041766505 0.598169994 0.799821502
1706080724.544936419 84.970323208 352.852704921 -17.620302144 -0.026802876 0.042463400 0.598173900 0.799791505
1706080724.644658327 85.025117950 353.078530356 -17.666251827 -0.026223283 0.042917368 0.598060392 0.799871369
1706080724.743253469 85.068766199 353.305625247 -17.652412921 -0.025629150 0.043081264 0.598096627 0.799854722
1706080724.843523979 85.128535650 353.520708620 -17.635312662 -0.025811999 0.042981888 0.598092227 0.799857479
1706080724.942200661 85.184063296 353.739065772 -17.660402739 -0.025724466 0.043366955 0.597903662 0.799980481
1706080725.029745102 85.232511848 353.931556757 -17.665156380 -0.026392414 0.042202632 0.597661285 0.800202078
1706080725.137476444 85.308961347 354.177609103 -17.698996642 -0.025785786 0.042978667 0.597310873 0.800442158
1706080725.242995262 85.374604526 354.404192947 -17.713907057 -0.025422087 0.043296049 0.597049862 0.800631396
1706080725.336695433 85.433116080 354.612473601 -17.727437836 -0.025316224 0.043112349 0.596724396 0.800887264
1706080725.440219641 85.506133963 354.847445138 -17.793120520 -0.024972864 0.042857941 0.596331064 0.801204603
1706080725.535268545 85.590738058 355.068744275 -17.833487730 -0.025407285 0.042235664 0.596076236 0.801413588
1706080725.637549639 85.667274827 355.294185993 -17.821357493 -0.027335499 0.041488393 0.595486661 0.801827363
1706080725.745028019 85.722061027 355.525508052 -17.802445546 -0.025493980 0.043175508 0.594913465 0.802224346
1706080725.844851971 85.783951803 355.764529103 -17.807085654 -0.025320181 0.043558117 0.594278948 0.802679333
1706080725.944266081 85.839602533 355.988202536 -17.833824984 -0.025319979 0.042822282 0.593650589 0.803183745
1706080726.032987595 85.889980677 356.171430919 -17.870550049 -0.024465259 0.042803578 0.593202517 0.803542207
1706080726.131847143 85.939452000 356.390019770 -17.862212671 -0.025132475 0.042856602 0.592456167 0.804069251
1706080726.230831385 85.991783956 356.587245884 -17.845461258 -0.024705187 0.043699284 0.591871946 0.804467293
1706080726.329848766 86.062177243 356.812147066 -17.855266969 -0.024565828 0.043148100 0.591308156 0.804915789
1706080726.428936243 86.122411321 357.027867490 -17.858752464 -0.024091685 0.043624640 0.590776027 0.805295081
1706080726.541969061 86.205356755 357.283705830 -17.853174982 -0.023907911 0.044046442 0.590154836 0.805732954
1706080726.637232304 86.267978309 357.495993672 -17.861501417 -0.023377878 0.044123057 0.589604736 0.806146938
1706080726.736364841 86.332720913 357.714730976 -17.888159112 -0.022918750 0.044264799 0.589203915 0.806445352
1706080726.838712692 86.407332859 357.937077679 -17.899796324 -0.022231348 0.044361366 0.588882222 0.806694220
1706080726.937448502 86.468035314 358.162374030 -17.888405897 -0.022063712 0.044637617 0.588575985 0.806907049
1706080727.045314550 86.514039858 358.395784755 -17.886632964 -0.021508876 0.045771765 0.588064955 0.807231022
1706080727.145145893 86.589311972 358.621246541 -17.884989600 -0.020822296 0.045711227 0.587847626 0.807410728
1706080727.234041691 86.646575589 358.810619764 -17.912012127 -0.020523086 0.045535398 0.587672962 0.807555459
1706080727.332958221 86.712121189 359.020888408 -17.917838953 -0.020288607 0.045730582 0.587443750 0.807717108
1706080727.435474873 86.780368560 359.241649006 -17.928149974 -0.020439676 0.046025203 0.587226573 0.807854475
1706080727.545310259 86.850868664 359.485936813 -17.926692687 -0.019925263 0.046173031 0.587010742 0.808015733
1706080727.630001068 86.917251527 359.670617162 -17.970241132 -0.020373917 0.045701985 0.586769804 0.808206304
1706080727.739076376 86.983265016 359.916851232 -17.990480270 -0.020155835 0.046062743 0.586393006 0.808464723
1706080727.838334799 87.056982354 360.147527303 -18.016400289 -0.020365531 0.045201383 0.586225248 0.808629729
1706080727.937443733 87.120791597 360.360300405 -18.070332839 -0.019168951 0.045832696 0.586042253 0.808756078
1706080728.039680481 87.164095137 360.562868587 -18.067365046 -0.018793051 0.046121034 0.585730093 0.808974616
1706080728.138491154 87.224198271 360.774193936 -18.090571386 -0.020323070 0.045683044 0.585293373 0.809278506
1706080728.237351656 87.288419299 360.990500763 -18.134605980 -0.020156029 0.045411115 0.585155249 0.809397863
1706080728.336213589 87.356442179 361.221061299 -18.124302037 -0.020973870 0.044502990 0.584811289 0.809676069
1706080728.435111523 87.416239689 361.421586905 -18.133527514 -0.020534160 0.045708684 0.584575064 0.809790750
1706080728.534049034 87.491817550 361.635140651 -18.134194726 -0.021003141 0.045221593 0.584545746 0.809827232
1706080728.632997990 87.560057102 361.851048198 -18.216778597 -0.020546111 0.044929735 0.584307741 0.810026938
1706080728.731983423 87.618390029 362.058934241 -18.243045330 -0.020097729 0.045450658 0.584139005 0.810130818
1706080728.830989599 87.694244759 362.264953622 -18.263736464 -0.020492025 0.045717367 0.583976382 0.810223170
1706080728.940176725 87.781174587 362.511590348 -18.251001091 -0.020991854 0.044998482 0.583760008 0.810406523
1706080729.039414406 87.837790061 362.722430662 -18.267041794 -0.021223152 0.044971706 0.583455822 0.810621013
1706080729.141876698 87.901629106 362.943902388 -18.247421140 -0.020533568 0.045047956 0.583290941 0.810753188
1706080729.240832329 87.987450135 363.156508190 -18.319305488 -0.019002735 0.046091222 0.583236199 0.810771257
1706080729.339448452 88.038633680 363.371173596 -18.306670141 -0.020439862 0.045156287 0.582904736 0.811027244
1706080729.438449144 88.103861401 363.583851998 -18.361221392 -0.019434343 0.045569057 0.582711709 0.811167573
1706080729.542066097 88.161758189 363.808857706 -18.375846479 -0.020411135 0.045230987 0.582326189 0.811439310
1706080729.640806198 88.234531999 364.035503118 -18.375905463 -0.020443017 0.045494358 0.581988374 0.811666113
1706080729.739608765 88.307918748 364.249079049 -18.392018009 -0.020554201 0.045172268 0.581846832 0.811782764
1706080729.834120750 88.376001748 364.457594963 -18.405879560 -0.020748395 0.044832414 0.581604431 0.811970347
1706080729.936055899 88.439926308 364.670855402 -18.412432742 -0.020316383 0.045595597 0.581428647 0.812064662
1706080730.032206297 88.519671661 364.858958972 -18.460733030 -0.020858017 0.044401503 0.581223707 0.812263782
1706080730.141310453 88.577763209 365.083159137 -18.465014447 -0.020139629 0.045847837 0.580781349 0.812517936
1706080730.240509987 88.652544191 365.308501378 -18.439775918 -0.020667178 0.044988528 0.580598437 0.812683429
1706080730.339615583 88.713898650 365.519490958 -18.463270738 -0.020218537 0.044943691 0.580353902 0.812871837
1706080730.438698769 88.772546677 365.739297718 -18.474147323 -0.020821408 0.044863671 0.580087572 0.813051123
1706080730.540590763 88.820836832 365.969778403 -18.495575476 -0.019641595 0.044833309 0.579906626 0.813211220
1706080730.639536381 88.894550054 366.179224789 -18.491450013 -0.019981326 0.045936362 0.579564222 0.813385462
1706080730.738315105 88.954164957 366.387133097 -18.491839424 -0.020519988 0.044616448 0.579381369 0.813575769
1706080730.837256193 89.020877294 366.614180912 -18.503346238 -0.019572070 0.045224356 0.579211133 0.813686767
1706080730.940694809 89.096262511 366.845819291 -18.527384054 -0.020380212 0.044669356 0.579007461 0.813842525
1706080731.035181046 89.171739263 367.061817901 -18.531564647 -0.020318937 0.045048577 0.578740602 0.814012949
1706080731.138001442 89.246752758 367.276379265 -18.538534338 -0.020053723 0.045222375 0.578552851 0.814143344
1706080731.242919207 89.314068831 367.513363719 -18.559719056 -0.019054779 0.045696236 0.578267855 0.814343329
1706080731.342413664 89.379969706 367.743511166 -18.557448526 -0.019347068 0.045487235 0.578008058 0.814532557
1706080731.441587210 89.451368024 367.949949400 -18.571633724 -0.019339663 0.045329228 0.577782361 0.814701652
1706080731.540699482 89.531119022 368.165892914 -18.588835510 -0.018848837 0.045635884 0.577644411 0.814793852
1706080731.642738819 89.603420635 368.378191453 -18.598826120 -0.019423644 0.045555192 0.577416813 0.814946177
1706080731.741723776 89.675215851 368.587021292 -18.607062201 -0.019466678 0.044904076 0.577214024 0.815124925
1706080731.840512991 89.741385586 368.784277261 -18.605607283 -0.018802747 0.045695420 0.577012842 0.815238962
1706080731.944493294 89.807112390 368.983191608 -18.618913475 -0.019398837 0.045328924 0.576670140 0.815487905
1706080732.043439865 89.873739221 369.189935084 -18.619922107 -0.019543480 0.045231514 0.576370491 0.815701673
1706080732.137303591 89.943527822 369.422634421 -18.624292102 -0.019508033 0.045506629 0.576027034 0.815929801
1706080732.240651369 90.011974218 369.648773227 -18.632280671 -0.019342238 0.045392418 0.575736041 0.816145463
1706080732.343913555 90.084520844 369.882974085 -18.654019231 -0.019858269 0.045019092 0.575455154 0.816351822
1706080732.444111586 90.138786041 370.091457331 -18.670879621 -0.019268569 0.045500253 0.575060200 0.816617545
1706080732.543530941 90.200235208 370.285174856 -18.683082186 -0.018451202 0.045977994 0.574828467 0.816772802
1706080732.642699957 90.270541291 370.530103875 -18.704296205 -0.019268015 0.045123440 0.574385455 0.817113191
1706080732.741806507 90.334004872 370.736006324 -18.712598353 -0.019992416 0.044746942 0.574026465 0.817368725
1706080732.843804836 90.416710556 370.944218724 -18.724407110 -0.019435692 0.045422865 0.573662138 0.817600617
1706080732.942574739 90.494653112 371.163822980 -18.735730385 -0.020635541 0.045005500 0.573101325 0.817987501
1706080733.041657686 90.562056578 371.368559093 -18.738338175 -0.020715111 0.044878242 0.572715560 0.818262620
1706080733.140462637 90.633683933 371.577757843 -18.746872721 -0.019309352 0.045135473 0.572382211 0.818516061
1706080733.244335413 90.712712405 371.804353072 -18.742095834 -0.019487136 0.045289835 0.571808320 0.818904346
1706080733.338419437 90.783303949 372.027826021 -18.726088538 -0.019585936 0.044986082 0.571341399 0.819244560
1706080733.437354565 90.872470381 372.240594259 -18.739169456 -0.020075399 0.044659937 0.570846071 0.819595773
1706080733.536337852 90.935154178 372.448765494 -18.786379422 -0.020388914 0.044040912 0.570392653 0.819937139
1706080733.645180225 91.022920379 372.698823702 -18.802269121 -0.020439284 0.044754998 0.569909869 0.820232874
1706080733.744655848 91.095297734 372.921204597 -18.809498782 -0.020203348 0.044614176 0.569479326 0.820545366
1706080733.843800306 91.173096447 373.134796961 -18.816860796 -0.020619449 0.044402996 0.569113598 0.820800173
1706080733.942893028 91.245625707 373.350656338 -18.830019397 -0.020833911 0.044611187 0.568555730 0.821170002
1706080734.041985989 91.316190938 373.560655194 -18.838358787 -0.020706407 0.044340995 0.568168195 0.821456038
1706080734.143820286 91.396155891 373.781810324 -18.884094541 -0.019908743 0.044547996 0.567868807 0.821671550
1706080734.242667675 91.460604432 373.984554742 -18.880548085 -0.020582543 0.044183973 0.567516411 0.821918037
1706080734.341505766 91.533754712 374.205140804 -18.899508780 -0.020526638 0.043725301 0.567065220 0.822255308
1706080734.440489769 91.601145236 374.417010869 -18.929522512 -0.020253747 0.043914546 0.566765671 0.822458493
1706080734.544232845 91.669691491 374.621251773 -18.931129589 -0.020832546 0.043553215 0.566424708 0.822698105
1706080734.638396740 91.743181920 374.832325427 -18.946354561 -0.021154282 0.042985960 0.566114442 0.822933255
1706080734.741171598 91.845556263 375.054381250 -18.960837433 -0.021444622 0.043014040 0.565802396 0.823138852
1706080734.839670420 91.917269706 375.264232700 -18.983225143 -0.020354496 0.043563799 0.565499399 0.823345808
1706080734.945322514 91.997680471 375.474092458 -18.995000569 -0.020140513 0.043658979 0.565256309 0.823512938
1706080735.044918299 92.067730424 375.703193499 -18.999560828 -0.021374348 0.043510460 0.564783826 0.823813819
1706080735.144010305 92.138434898 375.915627103 -19.012557685 -0.020611835 0.043668184 0.564546381 0.823987637
1706080735.243087769 92.217935737 376.135181183 -19.035121762 -0.020678122 0.043227364 0.564298930 0.824178699
1706080735.344894648 92.303605884 376.374747479 -19.025466485 -0.020187069 0.044427182 0.563967009 0.824354244
1706080735.443763018 92.382882327 376.598360775 -19.024410671 -0.021009560 0.043640952 0.563669546 0.824579110
1706080735.542600870 92.458635704 376.792347415 -19.028076443 -0.019961711 0.044250437 0.563436196 0.824732128
1706080735.641503811 92.530862474 377.002786893 -19.060999610 -0.019857833 0.044409895 0.563218317 0.824874872
1706080735.740580559 92.610763423 377.218500113 -19.071686269 -0.020363644 0.043976860 0.562845339 0.825140280
1706080735.842641354 92.683579516 377.442152419 -19.073287803 -0.019391003 0.044612562 0.562532579 0.825342841
1706080735.938561201 92.742077029 377.633243908 -19.072054996 -0.019277556 0.045051184 0.562234508 0.825524757
1706080736.041241646 92.826342809 377.854393990 -19.087169584 -0.019792181 0.044808445 0.561916303 0.825742418
1706080736.138086796 92.902700051 378.076665276 -19.095356478 -0.019941822 0.044444555 0.561562836 0.825998902
1706080736.238677263 92.992375217 378.280979830 -19.134818985 -0.020149284 0.044386569 0.561404877 0.826104354
1706080736.345084429 93.082613293 378.511098093 -19.139689177 -0.018775883 0.044484511 0.561183597 0.826281771
1706080736.444165230 93.158095540 378.724413039 -19.150613082 -0.019757023 0.044903598 0.560826675 0.826478534
1706080736.543254614 93.237169410 378.951978914 -19.185837975 -0.020685246 0.043881613 0.560597253 0.826666344
1706080736.644799471 93.320692133 379.160608954 -19.211586461 -0.018697972 0.044453523 0.560454156 0.826780145
1706080736.743676424 93.401135121 379.388484927 -19.203642510 -0.019263837 0.044263662 0.560155469 0.826979736
1706080736.842574596 93.475604134 379.597235443 -19.171761663 -0.019640880 0.044765937 0.559859664 0.827144125
1706080736.941721916 93.546974136 379.816281579 -19.189809328 -0.019045611 0.044198652 0.559607069 0.827359457
1706080737.040671349 93.634510218 380.032446590 -19.206440211 -0.020100705 0.043694583 0.559207084 0.827631671
1706080737.139676094 93.720419652 380.233265670 -19.186021265 -0.019584583 0.044555391 0.559008504 0.827732296
1706080737.240900755 93.797474013 380.433590660 -19.213338164 -0.019732925 0.043974895 0.558900205 0.827832943
1706080737.339144230 93.885590004 380.661397942 -19.228763896 -0.019647864 0.044308264 0.558718839 0.827939610
1706080737.438044310 93.942619964 380.865429791 -19.195742104 -0.019530588 0.044810176 0.558358029 0.828158750
1706080737.536894560 94.013181207 381.074629604 -19.218668159 -0.019863352 0.044368614 0.558316827 0.828202387
1706080737.645031452 94.075992345 381.317205916 -19.202881444 -0.020744400 0.043853829 0.557993029 0.828426395
1706080737.744340658 94.150150171 381.532649592 -19.224688319 -0.020378572 0.044378620 0.557896501 0.828472538
1706080737.843348265 94.229568412 381.745163592 -19.236314998 -0.020532850 0.043709261 0.557732706 0.828614586
1706080737.944743633 94.311730407 381.953664962 -19.214205170 -0.020469234 0.044593770 0.557552946 0.828690001
1706080738.043685675 94.385782699 382.164994760 -19.226939766 -0.020144572 0.044347872 0.557328428 0.828862163
1706080738.142750740 94.482441207 382.375420459 -19.221415610 -0.020644442 0.044347281 0.557233530 0.828913698
1706080738.241788864 94.571969298 382.592078617 -19.278532500 -0.019455385 0.044050130 0.557183783 0.828991741
1706080738.340772152 94.658402407 382.823100656 -19.295446105 -0.020223388 0.043897001 0.556907740 0.829166953
1706080738.440060854 94.724574448 383.006673004 -19.295552099 -0.019662118 0.044275139 0.556674605 0.829316886
1706080738.540116787 94.796970378 383.205411410 -19.292896204 -0.019293540 0.045100875 0.556431761 0.829444010
1706080738.638859510 94.865153626 383.401573003 -19.304492362 -0.019263326 0.045356330 0.556458157 0.829413074
1706080738.737479448 94.948960733 383.601109174 -19.383162898 -0.020797846 0.044114167 0.556252316 0.829581069
1706080738.836299419 95.039720323 383.816331219 -19.370066844 -0.019659409 0.044434582 0.556287819 0.829567922
1706080738.945327997 95.140705619 384.038568827 -19.390232276 -0.019329910 0.044406103 0.556311245 0.829561481
1706080739.044404745 95.225025751 384.280652059 -19.423214401 -0.020422429 0.044459339 0.556179246 0.829620961
1706080739.143408537 95.296962748 384.501484912 -19.397696875 -0.019434097 0.045202072 0.556107878 0.829652407
1706080739.244735479 95.389858730 384.736618528 -19.513950669 -0.019208396 0.043977191 0.556269543 0.829615116
1706080739.343841314 95.477181026 384.957153256 -19.533479988 -0.019194931 0.043688478 0.556332529 0.829588446
1706080739.442892790 95.549594627 385.210342039 -19.658280275 -0.020819815 0.042912277 0.556110627 0.829738538
1706080739.541914463 95.637564627 385.392218233 -19.746783606 -0.019631954 0.042501862 0.556426820 0.829576622
1706080739.641155005 95.703361070 385.594507427 -19.686238521 -0.019756781 0.043190911 0.556438894 0.829529971
1706080739.741156101 95.776919832 385.820831017 -19.656863044 -0.020569304 0.042990794 0.556514440 0.829469935
1706080739.839915037 95.850856609 386.013490817 -19.684414076 -0.021790692 0.042295158 0.556628102 0.829398240
1706080739.938603878 95.931881523 386.235527414 -19.718892544 -0.022289377 0.042060148 0.556744791 0.829318615
1706080740.044016361 96.011680319 386.450514456 -19.750080205 -0.022192369 0.041184701 0.556821414 0.829313712
1706080740.126463652 96.069144792 386.623921317 -19.764633649 -0.023246191 0.040851441 0.556730370 0.829362448
1706080740.245246172 96.162337222 386.870228725 -19.732191739 -0.024375961 0.040551683 0.556724785 0.829348472
1706080740.344618320 96.240940560 387.068887378 -19.774669089 -0.025024057 0.039413319 0.556568373 0.829489020
1706080740.443188906 96.310700029 387.281602856 -19.736913428 -0.025494256 0.039215638 0.556515102 0.829519811
1706080740.544944286 96.397562942 387.490384072 -19.774540909 -0.025432203 0.038980281 0.556327687 0.829658511
1706080740.644042969 96.471232706 387.710399603 -19.797125294 -0.025767524 0.038806886 0.556032410 0.829854216
1706080740.743140221 96.556892397 387.930083829 -19.805794071 -0.026056960 0.038668405 0.555742570 0.830045773
1706080740.842217445 96.637452323 388.141269450 -19.728662983 -0.025161401 0.039819669 0.555531389 0.830160330
1706080740.942461014 96.727481460 388.361543411 -19.682825257 -0.025897319 0.040098194 0.555150563 0.830379020
1706080741.040954828 96.808545109 388.570116884 -19.686621531 -0.026165725 0.039070174 0.554866915 0.830609164
1706080741.139645815 96.882689545 388.773878001 -19.660217811 -0.026574211 0.039484162 0.554425372 0.830871422
1706080741.228673697 96.966871608 388.940408416 -19.630286240 -0.025201456 0.040417559 0.554308895 0.830947024
1706080741.327553511 97.051823025 389.153056979 -19.645859752 -0.026142567 0.040125212 0.553634517 0.831381594
1706080741.426616430 97.128122821 389.368428896 -19.649895150 -0.024678902 0.041207720 0.553214527 0.831652910
1706080741.525643587 97.198921555 389.575770760 -19.672372791 -0.025198378 0.040871879 0.552692889 0.832000662
1706080741.644217014 97.304077510 389.852944504 -19.648725039 -0.024994954 0.041180390 0.552216040 0.832308160
1706080741.745290756 97.379725545 390.091114580 -19.653568411 -0.024707850 0.041243897 0.551713250 0.832646956
1706080741.845115423 97.460368054 390.299159421 -19.651983102 -0.024446217 0.040866968 0.551217177 0.833001739
1706080741.944239855 97.537340021 390.519667047 -19.681361949 -0.024170676 0.040832638 0.550631349 0.833398819
1706080742.043402433 97.632139403 390.717936207 -19.711347491 -0.024034137 0.040695018 0.550241224 0.833667122
1706080742.143247366 97.720473617 390.934349316 -19.737331014 -0.023374667 0.040629301 0.549656370 0.834074792
1706080742.241909742 97.806108612 391.124687885 -19.790823558 -0.023171934 0.041306397 0.549238565 0.834322385
1706080742.340629101 97.895064294 391.324948700 -19.792146574 -0.022890089 0.041505222 0.548877334 0.834557987
1706080742.429763079 97.978357620 391.493270584 -19.794030810 -0.022781885 0.041590877 0.548629430 0.834719673
1706080742.528658152 98.074192848 391.704288106 -19.821110177 -0.021873613 0.042053772 0.548359478 0.834898142
1706080742.627574921 98.154704018 391.938270530 -19.858869325 -0.022407038 0.041784474 0.547813456 0.835255889
1706080742.726685524 98.239532973 392.147336576 -19.856834068 -0.021993125 0.041792575 0.547645864 0.835376377
1706080742.825803518 98.333953604 392.374600958 -19.870223370 -0.021568643 0.041905209 0.547569746 0.835431697
1706080742.944125414 98.423517511 392.642220064 -19.815744628 -0.022090723 0.042671370 0.547296397 0.835558381
1706080743.033992767 98.513546379 392.826546287 -19.853833442 -0.020634606 0.042100287 0.547356514 0.835585199
1706080743.145266294 98.598832416 393.072531439 -19.881609631 -0.021462943 0.042454585 0.547141259 0.835687377
1706080743.244436979 98.670858928 393.278088217 -19.867226852 -0.019968400 0.042780974 0.547221613 0.835655167
1706080743.344238520 98.752261699 393.467686565 -19.876515376 -0.020603892 0.042948991 0.547183553 0.835656044
1706080743.442977905 98.836734787 393.663454832 -19.878576848 -0.020468273 0.043293231 0.547247557 0.835599699
1706080743.541835070 98.923681865 393.885432305 -19.895135832 -0.019692975 0.043712933 0.547365046 0.835519522
1706080743.630835533 98.995524128 394.065051972 -19.956475549 -0.019974864 0.043378786 0.547393623 0.835511524
1706080743.729716778 99.078374599 394.270219497 -19.935367217 -0.020341379 0.043617793 0.547442515 0.835458203
1706080743.828666210 99.169932109 394.476592296 -19.972473397 -0.020582797 0.043265043 0.547618830 0.835355075
1706080743.927757740 99.254827271 394.694750670 -20.004049236 -0.020623823 0.043207266 0.547832058 0.835217233
1706080744.026861429 99.322306651 394.905992256 -20.013181898 -0.021054140 0.043098467 0.547888184 0.835175301
1706080744.145145416 99.424079186 395.135745367 -20.022296669 -0.022415516 0.042038900 0.548199730 0.834989420
1706080744.235088587 99.502700629 395.331748755 -20.065305578 -0.022430995 0.041957623 0.548423145 0.834846371
1706080744.334208012 99.580559303 395.560481916 -20.083062957 -0.023759209 0.041502159 0.548378989 0.834861399
1706080744.444953442 99.664113437 395.806384729 -20.111192280 -0.023597354 0.040957656 0.548659919 0.834708289
1706080744.544771194 99.727357106 396.029792570 -20.100094235 -0.024228637 0.040594088 0.548721257 0.834667644
1706080744.643983603 99.813216608 396.248939683 -20.098423585 -0.025839779 0.039461678 0.548840250 0.834595388
1706080744.742799997 99.904413298 396.454192056 -20.144162057 -0.026038736 0.039400969 0.548954993 0.834516605
1706080744.831899405 99.988946350 396.625991096 -20.135336873 -0.026298062 0.039746635 0.549101540 0.834395659
1706080744.930776596 100.078025432 396.846065037 -20.141039310 -0.027491182 0.038667765 0.548885842 0.834549802
1706080745.029821634 100.171002070 397.063302545 -20.160641101 -0.027604415 0.038598060 0.548850311 0.834572658
1706080745.128915787 100.253735343 397.263513732 -20.199797585 -0.027246375 0.037579930 0.548816301 0.834653252
1706080745.237577915 100.355845778 397.486127362 -20.207653820 -0.027828316 0.037961581 0.548786165 0.834636597
1706080745.337033033 100.450031591 397.689742021 -20.216296011 -0.026733360 0.038964900 0.548830947 0.834596702
1706080745.436219931 100.524542700 397.892483283 -20.267447103 -0.027629849 0.037592340 0.548738143 0.834691474
1706080745.535336018 100.606467586 398.095627934 -20.282285878 -0.028600037 0.037154831 0.548754525 0.834667615
1706080745.634420872 100.689107879 398.298644344 -20.226267567 -0.028647824 0.037748721 0.548884857 0.834553623
1706080745.745269537 100.757905460 398.542068100 -20.261944686 -0.029038154 0.037341861 0.548733804 0.834657765
1706080745.845027685 100.831748654 398.759952933 -20.278202035 -0.028521456 0.037810477 0.548849573 0.834578361
1706080745.943872690 100.928998409 398.997669550 -20.270137143 -0.028617007 0.038444924 0.548797666 0.834580240
1706080746.032963037 101.015031196 399.175659688 -20.266091656 -0.027552663 0.038540453 0.549002573 0.834476878
1706080746.131845236 101.105892168 399.404216069 -20.260508257 -0.026527291 0.038930779 0.548997690 0.834495197
1706080746.230928421 101.181006588 399.605554501 -20.314421753 -0.026189480 0.038410238 0.548809980 0.834653443
1706080746.330032825 101.271121670 399.828101904 -20.345189019 -0.026004281 0.038468913 0.548704660 0.834725773
1706080746.438710690 101.357630849 400.051905329 -20.363599164 -0.024435550 0.039524058 0.548462137 0.834883247
1706080746.538127422 101.427870933 400.260038357 -20.373462955 -0.024864750 0.038884359 0.548152767 0.835103763
1706080746.637289762 101.507982930 400.458009155 -20.321807479 -0.024483103 0.040339675 0.547733134 0.835321317
1706080746.736404419 101.589619317 400.671473084 -20.317767960 -0.024689763 0.039864333 0.547363223 0.835580489
1706080746.835470676 101.687453255 400.878589059 -20.319316494 -0.024261030 0.040609007 0.547063963 0.835753152
1706080746.934539080 101.766536062 401.099057185 -20.319710040 -0.023725085 0.041354626 0.546597780 0.836036950
1706080747.045113087 101.861036120 401.342592790 -20.367132374 -0.023370654 0.041216058 0.546053294 0.836409498
1706080747.144898176 101.950946657 401.555238262 -20.411280882 -0.024152257 0.040249851 0.545611562 0.836722559
1706080747.238123417 102.008709847 401.764557246 -20.431562067 -0.025357012 0.039671962 0.544901349 0.837177208
1706080747.332936287 102.112696394 401.964328617 -20.454622841 -0.025024644 0.039737869 0.544650557 0.837347263
1706080747.431974888 102.200836381 402.174341534 -20.417564107 -0.025789011 0.039357368 0.544181128 0.837647196
1706080747.531100273 102.305036202 402.400787972 -20.429512002 -0.026000151 0.039156496 0.543816843 0.837886629
1706080747.639820099 102.397277052 402.615175722 -20.423475331 -0.025467004 0.039691684 0.543277409 0.838227689
1706080747.739265680 102.480476504 402.795082344 -20.448714995 -0.026043961 0.039619564 0.542976167 0.838408543
1706080747.838424921 102.568650797 402.986644927 -20.452339624 -0.027531533 0.038580749 0.542443125 0.838754432
1706080747.937518835 102.672541477 403.210721096 -20.463758961 -0.027800903 0.037598779 0.542073316 0.839029178
1706080748.036599874 102.767798107 403.418436486 -20.431005114 -0.027412153 0.038543631 0.541644062 0.839276279
1706080748.143057585 102.870364234 403.655459080 -20.439139235 -0.027632541 0.038218643 0.541159595 0.839596373
1706080748.237099171 102.948547508 403.846856837 -20.440201739 -0.028048288 0.038201926 0.540741080 0.839852958
1706080748.340612411 103.033370369 404.061792363 -20.469845113 -0.028234466 0.037337338 0.540216220 0.840223288
1706080748.439105272 103.117100488 404.292944876 -20.519172275 -0.027912234 0.038055017 0.539797073 0.840471203
1706080748.534081459 103.202656380 404.505679074 -20.534907556 -0.028975666 0.037340903 0.539302921 0.840784412
1706080748.633089304 103.290938320 404.710801798 -20.621219326 -0.028390967 0.036162196 0.538971375 0.841068431
1706080748.732209921 103.377871071 404.929497141 -20.642487960 -0.028151686 0.037096479 0.538528961 0.841319138
1706080748.840997696 103.484049553 405.153262188 -20.654443161 -0.027557493 0.037388513 0.538283065 0.841483229
1706080748.940348864 103.559523729 405.367109813 -20.653674238 -0.027016859 0.038332161 0.537933423 0.841681868
1706080749.039485693 103.658927489 405.563923277 -20.684882295 -0.027407938 0.037943567 0.537712596 0.841827924
1706080749.138604879 103.758273561 405.784585352 -20.693325552 -0.027111135 0.037877721 0.537402621 0.842038412
1706080749.237669945 103.853160704 405.996062114 -20.706674870 -0.027197689 0.038352663 0.537226482 0.842126514
1706080749.339065790 103.951212347 406.216167918 -20.721861425 -0.027321787 0.037559219 0.536930068 0.842347272
1706080749.435836792 104.037609212 406.410631403 -20.734992064 -0.026532210 0.038119468 0.536900929 0.842365918
1706080749.537218809 104.120706031 406.612467711 -20.747138783 -0.026688214 0.037220061 0.536674062 0.842545760
1706080749.640291929 104.206505703 406.842437155 -20.769679184 -0.025948398 0.038060389 0.536515850 0.842632085
1706080749.735161543 104.305815370 407.036853982 -20.780186590 -0.026296796 0.038079115 0.536539173 0.842605587
1706080749.834123373 104.396535689 407.233286835 -20.805669963 -0.026942937 0.037745057 0.536445960 0.842659552
1706080749.933206320 104.485035693 407.430091310 -20.857601354 -0.026337248 0.037687538 0.536353446 0.842740162
1706080750.042088509 104.570827449 407.668686531 -20.868743335 -0.026417867 0.038105806 0.536148691 0.842849112
1706080750.141417027 104.684172070 407.847040916 -20.841788590 -0.026580527 0.038276582 0.536338192 0.842715683
1706080750.240580320 104.775378707 408.059052778 -20.810055050 -0.026694210 0.038034108 0.536096659 0.842876740
1706080750.339682102 104.872852926 408.284344326 -20.833467473 -0.027022282 0.038062670 0.536071456 0.842881026
1706080750.438747168 104.972476787 408.506012715 -20.805010952 -0.027465248 0.037873074 0.536074688 0.842873193
1706080750.537824631 105.051518741 408.725478358 -20.838816587 -0.026079075 0.038244426 0.535996470 0.842950194
1706080750.636932373 105.125089701 408.943101028 -20.836434693 -0.025672034 0.038395205 0.535913323 0.843008698
1706080750.738284826 105.213445877 409.165057120 -20.838616512 -0.026887921 0.038212984 0.535884546 0.842997367
1706080750.841325760 105.311026300 409.408924292 -20.823814208 -0.025147459 0.039229748 0.535924862 0.842978751
1706080750.939897299 105.433180239 409.618297050 -20.870151433 -0.026072464 0.037492911 0.536183458 0.842865237
1706080751.038514614 105.528468344 409.823319278 -20.891247041 -0.024625481 0.038299449 0.536264769 0.842820761
1706080751.134289742 105.617568905 409.996515345 -21.001417449 -0.025828081 0.037847397 0.536346937 0.842752898
1706080751.243074179 105.712089913 410.221575600 -21.028678383 -0.025750275 0.038184844 0.536448750 0.842675252
1706080751.342523575 105.809533441 410.430497652 -21.025521492 -0.025936081 0.038300686 0.536556947 0.842595407
1706080751.441679955 105.890116785 410.643952039 -21.062800911 -0.025022094 0.038395987 0.536652693 0.842557731
1706080751.540761709 105.981170665 410.852082082 -21.080459377 -0.025835002 0.038034849 0.536835635 0.842433026
1706080751.642659426 106.066330987 411.071730134 -21.051910678 -0.025262128 0.038696763 0.536972728 0.842332876
1706080751.741432667 106.150037925 411.303828316 -21.034768812 -0.025053694 0.038810644 0.537231276 0.842168987
1706080751.840184927 106.248580073 411.493150338 -20.975005652 -0.025104119 0.039706434 0.537488698 0.841961449
1706080751.939298630 106.336748007 411.695838142 -21.014893762 -0.024507803 0.039372766 0.537679236 0.841873026
1706080752.038374424 106.416570404 411.896235334 -21.039143850 -0.025176195 0.039095263 0.537800442 0.841788812
1706080752.140933514 106.501878116 412.108098425 -21.063825435 -0.025290602 0.038995987 0.537799115 0.841790835
1706080752.236325026 106.591804322 412.321058342 -21.042046992 -0.024840247 0.039219465 0.538046603 0.841635699
1706080752.335415125 106.697594109 412.527830204 -21.099758400 -0.025927992 0.037965076 0.538138972 0.841601354
1706080752.444410801 106.809326889 412.767444264 -21.079708877 -0.025206374 0.039287351 0.538422617 0.841381144
1706080752.543701410 106.911316879 412.989105716 -21.138942973 -0.025357272 0.038715840 0.538566941 0.841310729
1706080752.642814159 106.999813265 413.195449436 -21.121200415 -0.025321165 0.038842179 0.538936029 0.841069605
1706080752.741887569 107.068497427 413.391222504 -21.186379823 -0.025596320 0.038074690 0.539149995 0.840959232
1706080752.840985298 107.131881660 413.597204385 -21.186595627 -0.025669133 0.038468983 0.539374241 0.840795255
1706080752.942557096 107.232549977 413.805850256 -21.191902516 -0.025746113 0.038328220 0.539599190 0.840654982
1706080753.041598797 107.305593979 414.024760883 -21.217348660 -0.026485450 0.037804313 0.539903049 0.840460619
1706080753.140371799 107.409367692 414.242941380 -21.255131618 -0.026918276 0.037174853 0.540167111 0.840305259
1706080753.243246555 107.500535556 414.481149161 -21.260653091 -0.026724679 0.037528059 0.540356790 0.840173777
1706080753.338340998 107.580507518 414.675199850 -21.265631713 -0.026119796 0.037649336 0.540728647 0.839948102
1706080753.437454700 107.659980002 414.886069396 -21.226389227 -0.026913829 0.038058723 0.540834170 0.839836639
1706080753.536563158 107.742262163 415.090916203 -21.211636183 -0.026917261 0.038433988 0.540989961 0.839719091
1706080753.635651588 107.827784133 415.292429725 -21.213428510 -0.027649255 0.037502519 0.541359404 0.839499301
1706080753.744807720 107.933148210 415.512775416 -21.225313768 -0.026449196 0.038246804 0.541708354 0.839279263
1706080753.843937397 108.037649713 415.713982024 -21.198013501 -0.026781540 0.038265694 0.541926945 0.839126732
1706080753.943000793 108.130324485 415.942002011 -21.203531604 -0.026504465 0.038206286 0.542003145 0.839089020
1706080754.044534206 108.234884021 416.169436504 -21.243375491 -0.026412478 0.038653475 0.542136380 0.838985361
1706080754.141170979 108.321952052 416.369032710 -21.230421317 -0.026616041 0.038843822 0.542239818 0.838903286
1706080754.242670536 108.397030462 416.564670820 -21.272435957 -0.025901522 0.038511371 0.542429157 0.838818571
1706080754.341640949 108.480689240 416.775883890 -21.311996150 -0.026135661 0.038229671 0.542468010 0.838799068
1706080754.440511703 108.562328599 416.990915048 -21.330567888 -0.025737413 0.038858266 0.542464903 0.838784507
1706080754.543051481 108.641558309 417.207889501 -21.320915614 -0.026548825 0.038386361 0.542432746 0.838801743
1706080754.638560534 108.728903084 417.411407272 -21.332473157 -0.026687655 0.038199949 0.542570000 0.838717073
1706080754.737669230 108.819509335 417.637013071 -21.326902842 -0.026653745 0.038429655 0.542501223 0.838752146
1706080754.838924646 108.910147021 417.845095498 -21.331654662 -0.026440489 0.038192375 0.542589397 0.838712698
1706080754.944836140 109.009125467 418.072026482 -21.337985573 -0.026189742 0.038452687 0.542587012 0.838710214
1706080755.045010567 109.088877532 418.289737139 -21.322575226 -0.027253802 0.037975578 0.542404206 0.838816287
1706080755.144117355 109.182032829 418.503533610 -21.340600696 -0.026497175 0.037930494 0.542567279 0.838737101
1706080755.243187666 109.264728674 418.711479512 -21.372135412 -0.026752102 0.037739282 0.542585564 0.838725806
1706080755.344571114 109.346687207 418.923820781 -21.384992073 -0.027325547 0.037359331 0.542544009 0.838751210
1706080755.443720102 109.446577018 419.125892694 -21.398759240 -0.026289631 0.037678177 0.542808128 0.838599157
1706080755.542730808 109.516114581 419.337064988 -21.369970452 -0.027320309 0.037127787 0.542816390 0.838585413
1706080755.641610146 109.596095257 419.558352430 -21.395665278 -0.026552456 0.037805690 0.542959453 0.838487167
1706080755.740580320 109.689353587 419.761652063 -21.446493448 -0.026764499 0.037652878 0.543251786 0.838297930
1706080755.839641809 109.789246276 419.967039449 -21.476900345 -0.025861040 0.038588965 0.543622210 0.838043550
1706080755.938694239 109.874693755 420.162952369 -21.530410277 -0.025745339 0.037823025 0.543914228 0.837892540
1706080756.037815332 109.972390661 420.370323357 -21.558353294 -0.026023799 0.038264327 0.544305661 0.837609665
1706080756.138255835 110.061667443 420.575140298 -21.617911142 -0.025648541 0.038073298 0.544810624 0.837301595
1706080756.236719608 110.139568024 420.784605071 -21.670698563 -0.025617423 0.038344209 0.545222542 0.837022012
1706080756.344979763 110.238435032 421.012288754 -21.692502628 -0.024308906 0.038592372 0.545917149 0.836596780
1706080756.444236755 110.318814550 421.237652230 -21.679870378 -0.024549641 0.038801269 0.546629897 0.836114545
1706080756.543276787 110.397640378 421.453452278 -21.719050077 -0.024583551 0.038182173 0.547311857 0.835695819
1706080756.644782066 110.483126928 421.661563174 -21.729427392 -0.024418717 0.039436950 0.547925648 0.835240048
1706080756.743794203 110.567232910 421.875898274 -21.745063111 -0.024140429 0.039384916 0.548384548 0.834949373
1706080756.842709303 110.665228798 422.073514850 -21.766037855 -0.024489272 0.039508186 0.549168727 0.834417814
1706080756.941615820 110.744960671 422.276913310 -21.771627309 -0.022986324 0.040519659 0.549817164 0.833984936
1706080757.043756962 110.816640261 422.492804896 -21.770233377 -0.022260659 0.040717924 0.550485985 0.833553654
1706080757.139809847 110.884362390 422.700295174 -21.758473887 -0.021793457 0.041045133 0.551184506 0.833088220
1706080757.238914251 110.962659858 422.912477679 -21.794163891 -0.021084054 0.040995601 0.551867700 0.832656511
1706080757.338876486 111.046206641 423.129525145 -21.791630578 -0.020916029 0.041489546 0.552441165 0.832255908
1706080757.437792540 111.140977237 423.345246752 -21.797548085 -0.020241052 0.042351827 0.552960001 0.831884523
1706080757.536586046 111.218736169 423.552496693 -21.771979212 -0.019862536 0.042942097 0.553394657 0.831574296
1706080757.645251989 111.315664517 423.807163940 -21.767739514 -0.018606944 0.043817050 0.553948942 0.831188557
1706080757.744336128 111.398521051 424.000584901 -21.722374007 -0.019275200 0.043836206 0.554468014 0.830826140
1706080757.843453169 111.473599594 424.205604143 -21.682633833 -0.018823369 0.044304688 0.554903519 0.830520836
1706080757.944858313 111.536012276 424.415892838 -21.648415745 -0.018345069 0.045182561 0.555325295 0.830202271
1706080758.043796062 111.611057906 424.620777583 -21.668353715 -0.017753551 0.045166268 0.555807282 0.829893418
1706080758.142719269 111.687278630 424.832186261 -21.682196319 -0.018220541 0.045555199 0.556182721 0.829610460
1706080758.241799831 111.776854113 425.056820800 -21.701687442 -0.017991062 0.045040835 0.556735638 0.829272618
1706080758.340920448 111.858939996 425.278889621 -21.721614084 -0.018968601 0.044728498 0.557017262 0.829078599
1706080758.441745996 111.935802880 425.496955993 -21.742374002 -0.018614180 0.044953781 0.557357540 0.828845729
1706080758.539957285 112.009908086 425.709286297 -21.779518160 -0.017681556 0.044749009 0.557686557 0.828655895
1706080758.639119864 112.076632985 425.934046824 -21.783585047 -0.017526150 0.044860798 0.557908689 0.828503614
1706080758.737625837 112.149302318 426.143159782 -21.787762376 -0.017399391 0.044533818 0.558278428 0.828274832
1706080758.830643892 112.231617817 426.340152313 -21.822980169 -0.016381207 0.044939849 0.558774943 0.827938783
1706080758.941659927 112.328886106 426.545345021 -21.837147565 -0.015475827 0.045797956 0.559321015 0.827540361
1706080759.044506550 112.399588688 426.748968480 -21.865143367 -0.014926994 0.046140616 0.559812844 0.827198772
1706080759.145277262 112.492531802 426.958425583 -21.894118448 -0.013561012 0.047061777 0.560378983 0.826786964
1706080759.244810343 112.567225340 427.174835495 -21.889629142 -0.013665752 0.046990679 0.560979230 0.826382131
1706080759.343810558 112.666074311 427.417900657 -21.882724003 -0.013569348 0.047512576 0.561822140 0.825781031
1706080759.442930937 112.753680089 427.644464380 -21.945516672 -0.013371627 0.047442659 0.562476796 0.825342504
1706080759.544381380 112.827640652 427.860282617 -22.002672970 -0.012436409 0.048304362 0.563224707 0.824796916
1706080759.642274857 112.901341959 428.058890214 -21.944168849 -0.013394045 0.047992573 0.563914685 0.824328539
1706080759.741343260 112.952683814 428.264649464 -21.964068738 -0.012757118 0.048344955 0.564486249 0.823926754
1706080759.840209484 113.015006392 428.468626654 -21.950593893 -0.014862600 0.047412284 0.565238622 0.823429704
1706080759.938590765 113.096406777 428.672919099 -21.974027771 -0.013880725 0.047714831 0.565896091 0.822977663
1706080760.044107914 113.182428624 428.882425365 -22.027148620 -0.014162516 0.047440266 0.566863997 0.822322354
1706080760.126548290 113.237559647 429.070582775 -22.029997419 -0.014803294 0.046597064 0.567176599 0.822143711
1706080760.245115757 113.311380108 429.327756800 -22.084403172 -0.014991346 0.046212587 0.567714974 0.821790341
1706080760.344546318 113.382336943 429.544691501 -22.090247628 -0.014089788 0.046807636 0.568500554 0.821229349
1706080760.423609734 113.430415756 429.717553767 -22.060736133 -0.015115155 0.046708408 0.568948386 0.820906566
1706080760.544950485 113.521185618 429.970246607 -22.095328787 -0.015842607 0.046078904 0.569476590 0.820562100
1706080760.644032955 113.588589054 430.189113910 -22.111197569 -0.015558324 0.046131187 0.569948706 0.820236749
1706080760.743146658 113.653525378 430.400600116 -22.129584604 -0.015619306 0.046448502 0.570368164 0.819926052
1706080760.843447685 113.719088212 430.642242715 -22.093080575 -0.015774168 0.046774979 0.570795756 0.819606907
1706080760.942702770 113.789970598 430.854307550 -22.113984660 -0.017088607 0.045535595 0.571154706 0.819400263
1706080761.040875435 113.854807627 431.050172866 -22.117950580 -0.015466660 0.047310864 0.571506778 0.819086361
1706080761.139803648 113.948118352 431.268814071 -22.095899595 -0.016528228 0.046774858 0.572001414 0.818751069
1706080761.228759050 114.011434915 431.466542717 -22.089003891 -0.016073156 0.046766336 0.572338139 0.818525270
1706080761.327654123 114.092046063 431.670189693 -22.129269076 -0.016179930 0.046968000 0.572568563 0.818350449
1706080761.426552534 114.180929712 431.894953679 -22.168112195 -0.016284898 0.046358327 0.572707313 0.818286039
1706080761.545284510 114.289448596 432.165258415 -22.176913340 -0.015559280 0.047653885 0.572936518 0.818065256
1706080761.624734640 114.339505468 432.320214581 -22.212551633 -0.016412488 0.046386745 0.573134820 0.817982505
1706080761.745124578 114.400394632 432.558196853 -22.245874080 -0.015296105 0.046881329 0.573079996 0.818014357
1706080761.844948053 114.460226624 432.771566931 -22.218720270 -0.015076617 0.047925456 0.573143461 0.817913455
1706080761.944213867 114.524695828 432.972614170 -22.292571729 -0.015961027 0.046637000 0.573090828 0.818008031
1706080762.044524670 114.601542499 433.193090952 -22.302912975 -0.015288333 0.046855505 0.573214196 0.817921949
1706080762.143587828 114.672214917 433.407402855 -22.373137229 -0.015860250 0.046294353 0.573062148 0.818049546
1706080762.241911173 114.723496940 433.626892567 -22.377267342 -0.015204756 0.047163197 0.572882140 0.818138437
1706080762.340802670 114.803633887 433.843995638 -22.365368214 -0.016064184 0.046236145 0.572858615 0.818191401
1706080762.433933020 114.864192538 434.044523593 -22.316699422 -0.015426894 0.047505889 0.572750848 0.818206372
1706080762.544692039 114.950868586 434.288171227 -22.346480271 -0.015761960 0.047085718 0.572567177 0.818352811
1706080762.631026745 115.010222207 434.479203102 -22.316448403 -0.015747847 0.047031726 0.572533931 0.818379447
1706080762.726737261 115.091030884 434.690933695 -22.335587620 -0.016398945 0.046598624 0.572489672 0.818422396
1706080762.828225613 115.159941380 434.940167177 -22.327748956 -0.015493453 0.047485953 0.572092915 0.818666436
1706080762.944143295 115.249078662 435.193007791 -22.369579440 -0.016068007 0.046746756 0.572016592 0.818751231
1706080763.045395851 115.307261392 435.381709481 -22.459454890 -0.015215455 0.046471476 0.571793900 0.818938720
1706080763.145222187 115.380218060 435.581266971 -22.450358011 -0.016116779 0.046373516 0.571594444 0.819066260
1706080763.245069027 115.449739358 435.800273885 -22.459566491 -0.015037461 0.047225469 0.571250894 0.819277759
1706080763.344458580 115.517001890 436.009340769 -22.472180394 -0.015840104 0.046894546 0.570921135 0.819511470
1706080763.443230867 115.581802733 436.212179711 -22.470420285 -0.016294205 0.046442101 0.570539298 0.819794206
1706080763.541835785 115.660629551 436.431036843 -22.484751677 -0.016142549 0.045719005 0.570323828 0.819987757
1706080763.630918980 115.738487519 436.627634473 -22.494525406 -0.016616032 0.046314129 0.570016293 0.820158725
1706080763.729807615 115.820959948 436.843770512 -22.513586024 -0.017018534 0.045715579 0.569735042 0.820379447
1706080763.828757763 115.886808136 437.084039238 -22.529943245 -0.016204657 0.046365839 0.569301399 0.820660426
1706080763.927836657 115.950936980 437.301102231 -22.501400274 -0.016540358 0.046625309 0.569045305 0.820816629
1706080764.041680813 116.032765500 437.535159070 -22.498618621 -0.015924007 0.047443745 0.568780193 0.820965656
1706080764.140074015 116.107491784 437.748401798 -22.530746376 -0.016107826 0.046874146 0.568427461 0.821239048
1706080764.244056702 116.168724796 437.967382823 -22.541795979 -0.016280083 0.046619664 0.568128624 0.821456896
1706080764.342669725 116.249849054 438.174089766 -22.542600101 -0.016676438 0.046433264 0.567894864 0.821621124
1706080764.445119619 116.333793583 438.392096962 -22.536956764 -0.016130508 0.046707530 0.567600023 0.821820192
1706080764.544953108 116.404781905 438.605901560 -22.556837104 -0.016103031 0.046749930 0.567191788 0.822100123
1706080764.644267321 116.493419663 438.828127938 -22.531142728 -0.015660437 0.047197756 0.566727018 0.822403556
1706080764.742820740 116.569400467 439.044454624 -22.529170788 -0.016376273 0.046780229 0.566294239 0.822711530
1706080764.832011938 116.629264194 439.245242157 -22.538498196 -0.016675524 0.046290693 0.565895048 0.823007833
1706080764.930918932 116.710150927 439.458031511 -22.570061984 -0.016262334 0.046381542 0.565577543 0.823229210
1706080765.029877901 116.780593589 439.687061511 -22.592905295 -0.017029524 0.045524118 0.565016902 0.823646435
1706080765.128901482 116.866231806 439.906137852 -22.592830713 -0.016147594 0.047234923 0.564646761 0.823821675
1706080765.237740517 116.942970248 440.138102447 -22.604292051 -0.015926585 0.046845579 0.564093559 0.824227088
1706080765.337013006 117.011425578 440.336180912 -22.651271752 -0.015779481 0.046633308 0.563723421 0.824495147
1706080765.445129633 117.103984816 440.570000150 -22.644996327 -0.016475796 0.046549519 0.563168064 0.824865700
1706080765.538657904 117.180923942 440.763576389 -22.659947750 -0.015979288 0.046531582 0.562838445 0.825101424
1706080765.642334700 117.266216741 440.993281267 -22.639102625 -0.016139775 0.046715725 0.562284464 0.825465524
1706080765.745101452 117.341162080 441.205460811 -22.701631484 -0.016172680 0.046535698 0.561713758 0.825863504
1706080765.844855547 117.411142436 441.424834576 -22.714238700 -0.015884789 0.046643226 0.561174626 0.826229461
1706080765.943777561 117.486524667 441.631526591 -22.732916577 -0.016081878 0.046230739 0.560622220 0.826623746
1706080766.033122063 117.560164884 441.823269182 -22.737867314 -0.015516472 0.046584006 0.560170566 0.826920858
1706080766.132016182 117.642335439 442.038591717 -22.703790908 -0.015946564 0.045728115 0.559779147 0.827225455
1706080766.230920076 117.721435784 442.247413176 -22.733533344 -0.016322774 0.045883744 0.559145945 0.827637639
1706080766.329963923 117.796290067 442.460975024 -22.763983696 -0.015538275 0.046059375 0.558623427 0.827995751
1706080766.438901186 117.870818805 442.693920504 -22.747489117 -0.015887423 0.046359363 0.557812487 0.828518937
1706080766.538115740 117.960263656 442.919324503 -22.732564924 -0.016558821 0.046159110 0.557164053 0.828953171
1706080766.637291431 118.030657838 443.127012021 -22.738688732 -0.015596005 0.046317142 0.556476860 0.829424494
1706080766.744485140 118.135316111 443.367335053 -22.722985779 -0.015480918 0.046514376 0.555825111 0.829852517
1706080766.838405371 118.220901304 443.570179099 -22.762302453 -0.016069625 0.045792404 0.555095883 0.830369426
1706080766.942136526 118.302096551 443.783546059 -22.718716266 -0.016617428 0.045774934 0.554311425 0.830883482
1706080767.040528536 118.378126588 443.996741155 -22.688403983 -0.015761652 0.046822087 0.553465411 0.831405618
1706080767.134980440 118.452744465 444.211402008 -22.690095322 -0.016288576 0.046080954 0.552850982 0.831845550
1706080767.234184265 118.531487359 444.425184273 -22.670099118 -0.016711064 0.045842642 0.552092501 0.832353929
1706080767.333080053 118.611970147 444.635780909 -22.674845344 -0.016930077 0.045540240 0.551318656 0.832878862
1706080767.432089806 118.697008767 444.844595137 -22.678165599 -0.017308696 0.045756931 0.550559991 0.833360911
1706080767.531081915 118.777282764 445.044713054 -22.682802254 -0.016774568 0.046047745 0.549863208 0.833815730
1706080767.640042305 118.878434011 445.269146466 -22.730768778 -0.017020360 0.045648399 0.549050727 0.834367923
1706080767.739249468 118.939369982 445.475160664 -22.708714992 -0.016937549 0.045725882 0.548154213 0.834954623
1706080767.838400602 119.022794708 445.699053928 -22.707362744 -0.017161478 0.045712946 0.547355970 0.835474268
1706080767.937495947 119.123127056 445.918538986 -22.718066188 -0.017959251 0.045015976 0.546586598 0.835998874
1706080768.044514656 119.227725880 446.162900400 -22.743521843 -0.017935128 0.044487282 0.545733222 0.836585000
1706080768.138271570 119.312113838 446.362074160 -22.748183788 -0.018139084 0.044607094 0.545075562 0.837002875
1706080768.241846561 119.401731374 446.568089849 -22.771917898 -0.017586913 0.045603495 0.544292082 0.837470687
1706080768.340377331 119.502180903 446.767710657 -22.855568247 -0.016492604 0.045634942 0.543842820 0.837783047
1706080768.435217619 119.581712410 446.959602673 -22.851810916 -0.016885614 0.045982185 0.543150993 0.838204935
1706080768.534183741 119.684508871 447.171417069 -22.912724152 -0.017031510 0.045085623 0.542699594 0.838543001
1706080768.636368990 119.769227683 447.373515137 -22.953458434 -0.016742070 0.044858640 0.542155420 0.838912931
1706080768.732234240 119.864470805 447.578232101 -22.988496958 -0.016577504 0.045482005 0.541626790 0.839224043
1706080768.841101170 119.955839146 447.803442076 -23.043892146 -0.016676833 0.044981377 0.541039454 0.839627815
1706080768.944257975 120.060263340 448.035543610 -23.048161575 -0.016480035 0.045052279 0.540562711 0.839934912
1706080769.039507389 120.134207884 448.228782719 -23.047840435 -0.017271066 0.044667054 0.540022035 0.840287312
1706080769.141567469 120.231516658 448.462979786 -23.081163448 -0.016012496 0.044609282 0.539684442 0.840532162
1706080769.245268345 120.327538418 448.670131872 -23.144640914 -0.016187307 0.044131227 0.539138384 0.840904399
1706080769.336711168 120.411593388 448.859615250 -23.146095568 -0.017205809 0.044351553 0.538503043 0.841279605
1706080769.438019276 120.499512188 449.087407412 -23.171902984 -0.016289831 0.044111736 0.537820752 0.841746776
1706080769.541511297 120.573334159 449.299244047 -23.187689258 -0.015418590 0.044637199 0.537220430 0.842118755
1706080769.640082359 120.657247165 449.505806769 -23.190520062 -0.015905538 0.044786646 0.536596772 0.842499302
1706080769.738601208 120.739636786 449.717103919 -23.195832785 -0.015834844 0.044386286 0.535931975 0.842944858
1706080769.834252357 120.836637574 449.906392066 -23.206266163 -0.016071168 0.044658416 0.535413468 0.843255455
1706080769.933372498 120.927171421 450.100169755 -23.207617811 -0.015322646 0.044976125 0.534881660 0.843589933
1706080770.042267799 121.022831969 450.312751302 -23.202587037 -0.015961310 0.044819459 0.534232596 0.843997622
1706080770.141452074 121.124667700 450.525007261 -23.234683002 -0.015634001 0.044331447 0.533856381 0.844267532
1706080770.244122982 121.224428080 450.743908689 -23.336219154 -0.014948691 0.044763302 0.533328527 0.844590709
1706080770.339668274 121.328682745 450.948836236 -23.326208203 -0.015504557 0.044462795 0.532954922 0.844832362
1706080770.441521645 121.427665676 451.169776425 -23.354882316 -0.015557581 0.044408748 0.532469602 0.845140194
1706080770.540108919 121.527810608 451.394239572 -23.364617141 -0.015846786 0.044187550 0.532047405 0.845412265
1706080770.639077425 121.638123899 451.599959527 -23.375553763 -0.016322633 0.043183983 0.531734775 0.845651728
1706080770.738339424 121.717724799 451.808434107 -23.401341675 -0.016812786 0.043113749 0.531154421 0.846010352
1706080770.840906858 121.808508645 452.009049849 -23.353824470 -0.016249770 0.043781697 0.530691337 0.846277621
1706080770.939724684 121.891458750 452.240350815 -23.392699495 -0.016276620 0.043441092 0.530040961 0.846702145
1706080771.035332680 121.965817989 452.430333537 -23.349760026 -0.015947603 0.043781730 0.529601686 0.846965695
1706080771.143914700 122.071983816 452.659799523 -23.384357548 -0.016122181 0.042518612 0.529052053 0.847370148
1706080771.243373871 122.168746555 452.852260828 -23.444550684 -0.015544548 0.042955541 0.528506593 0.847699221
1706080771.342558622 122.271634391 453.065951639 -23.439890780 -0.016150844 0.043325964 0.527777892 0.848122932
1706080771.445180655 122.376124815 453.276362345 -23.468045536 -0.015717036 0.043519468 0.527190916 0.848486163
1706080771.540789843 122.476357738 453.491414489 -23.473389525 -0.015346766 0.043322542 0.526621696 0.848856421
1706080771.639837742 122.575869819 453.708724094 -23.470862223 -0.016089743 0.043251350 0.525823709 0.849340843
1706080771.741018772 122.668051271 453.927945538 -23.457674849 -0.015774915 0.043003080 0.525180744 0.849757067
1706080771.840127230 122.761153994 454.140783716 -23.463327587 -0.015696855 0.043330420 0.524344078 0.850258415
1706080771.939455748 122.851740215 454.339688038 -23.459056364 -0.016613366 0.042741558 0.523534507 0.850769520
1706080772.038393021 122.939131010 454.538214604 -23.450788527 -0.017083691 0.042368356 0.522723559 0.851277364
1706080772.140574932 123.029208744 454.745114235 -23.447803166 -0.016836023 0.042625541 0.521889093 0.851781302
1706080772.239464045 123.137258382 454.949120686 -23.459890558 -0.016498971 0.042831259 0.521174153 0.852215213
1706080772.344855785 123.253350027 455.152626723 -23.443171514 -0.016953051 0.042092459 0.520544606 0.852627781
1706080772.444516182 123.360091014 455.355613887 -23.432336870 -0.016689013 0.042442291 0.519766747 0.853090064
1706080772.543692112 123.461609992 455.571712781 -23.434767191 -0.016554448 0.042934947 0.519098825 0.853474634
1706080772.642816067 123.567370044 455.795935739 -23.463232969 -0.017707021 0.042019578 0.518176105 0.854057575
1706080772.744673491 123.663052956 456.012404947 -23.468821325 -0.016475404 0.042988087 0.517580973 0.854394828
1706080772.840951920 123.754607174 456.216808756 -23.461201718 -0.016400902 0.042464068 0.516924403 0.854819849
1706080772.940037012 123.864822799 456.422097401 -23.470302204 -0.017226081 0.042331283 0.516459811 0.855090982
1706080773.041182518 123.958339572 456.626541936 -23.479443555 -0.017177585 0.042458026 0.515721203 0.855531348
1706080773.144584417 124.061256101 456.842417521 -23.434282234 -0.017476498 0.042024266 0.515077688 0.855934290
1706080773.239413023 124.150888915 457.037518585 -23.450237693 -0.017198690 0.042866752 0.514402633 0.856304022
1706080773.338572502 124.245894880 457.243648322 -23.464048806 -0.017125634 0.042458519 0.513805475 0.856684260
1706080773.440198421 124.352308976 457.450866491 -23.499354890 -0.016977305 0.042281971 0.513299300 0.856999320
1706080773.538941622 124.473577323 457.646643308 -23.540366755 -0.017397690 0.041884581 0.512854760 0.857276500
1706080773.644816875 124.596856081 457.872632847 -23.515134866 -0.017480788 0.041904696 0.512218027 0.857654424
1706080773.744770050 124.713919825 458.087125633 -23.489606144 -0.017727590 0.042467635 0.511563245 0.858012400
1706080773.843910456 124.828558964 458.284574911 -23.556289840 -0.016881518 0.042309912 0.511153404 0.858281471
1706080773.942956448 124.933756177 458.466783608 -23.569622495 -0.017100719 0.042489489 0.510559608 0.858621626
1706080774.042036057 125.032362183 458.668131755 -23.625345712 -0.017128454 0.041416736 0.510152751 0.858915270
1706080774.143382549 125.151007639 458.878539421 -23.631987614 -0.017668194 0.041805898 0.509735924 0.859132929
1706080774.242388725 125.239727706 459.091256686 -23.645434281 -0.016433344 0.042383345 0.509293233 0.859391645
1706080774.341514826 125.346246256 459.293662829 -23.681868900 -0.018084855 0.041129699 0.508951122 0.859622034
1706080774.444287300 125.448939041 459.505000817 -23.707288099 -0.017831200 0.041620654 0.508650967 0.859781346
1706080774.539643526 125.556315017 459.697568543 -23.729462813 -0.018094481 0.040911150 0.508449204 0.859929226
1706080774.641235828 125.671107993 459.900766941 -23.748089617 -0.017919674 0.040825956 0.508266742 0.860044793
1706080774.737820387 125.763475898 460.120621089 -23.733597516 -0.017294514 0.041258808 0.507940508 0.860229650
1706080774.838655949 125.856978725 460.335116571 -23.719312568 -0.018208220 0.039793871 0.507646432 0.860453374
1706080774.944678307 125.967383780 460.573747041 -23.760442970 -0.015840291 0.041466676 0.507397980 0.860567772
1706080775.045005798 126.071154312 460.778169262 -23.763624640 -0.015571349 0.041479880 0.507351906 0.860599208
1706080775.144083500 126.171685298 460.975651038 -23.793355890 -0.015764399 0.041157328 0.507205517 0.860697462
1706080775.243145227 126.272778773 461.181091721 -23.815434513 -0.015334927 0.041418676 0.507247724 0.860667811
1706080775.344457865 126.365042353 461.380051797 -23.825164006 -0.015160870 0.041221095 0.507471461 0.860548479
1706080775.441354275 126.471488615 461.554454008 -23.838258724 -0.014793516 0.041081134 0.507882204 0.860319219
1706080775.542253494 126.582670781 461.757674338 -23.840946621 -0.013765576 0.042626761 0.507958041 0.860216308
1706080775.641459465 126.679738250 461.966787764 -23.805811884 -0.014400439 0.042190535 0.508134532 0.860123179
1706080775.740659714 126.783916804 462.170464547 -23.822491619 -0.013977015 0.042676881 0.508352218 0.859977529
1706080775.842381954 126.892145582 462.372560673 -23.826977442 -0.013774980 0.042664194 0.508679334 0.859787969
1706080775.940998554 127.000236130 462.580619277 -23.833754963 -0.012327626 0.043920509 0.508733028 0.859714909
1706080776.039693117 127.103689238 462.764058662 -23.852658033 -0.013594058 0.043724143 0.508865543 0.859627396
1706080776.144705296 127.211957231 462.986505137 -23.855603328 -0.012070251 0.044694647 0.508854812 0.859606583
1706080776.237020969 127.302226471 463.185563258 -23.876055075 -0.011525775 0.044455868 0.508956698 0.859566118
1706080776.344917059 127.421149552 463.409040283 -23.899375797 -0.012376289 0.043997013 0.509044657 0.859525815
1706080776.444211245 127.524039299 463.617276318 -23.902307045 -0.011882033 0.043550583 0.509350653 0.859374235
1706080776.543313265 127.641389423 463.813035627 -23.919202927 -0.011464424 0.042832797 0.509810265 0.859143418
1706080776.644471884 127.755545115 464.017957236 -23.946194070 -0.011562111 0.043446049 0.509907862 0.859053392
1706080776.743748903 127.866901248 464.206251663 -23.927212758 -0.010493465 0.044236491 0.510520979 0.858662536
1706080776.842611313 127.966344602 464.409148046 -23.953472211 -0.011679691 0.043207364 0.510700363 0.858592947
1706080776.941760540 128.078495010 464.609478798 -23.981310236 -0.012928885 0.043017409 0.510939984 0.858442007
1706080777.043324709 128.173365756 464.816821757 -23.975419564 -0.013319606 0.042633275 0.511193591 0.858304203
1706080777.142022133 128.252554554 465.017201772 -23.960833710 -0.014238521 0.042494270 0.511198864 0.858293203
1706080777.239320993 128.350740061 465.222556725 -23.958725516 -0.013366029 0.043950188 0.511329665 0.858155991
1706080777.339097977 128.442558518 465.429703142 -23.954767649 -0.013967960 0.043433436 0.511359617 0.858154866
1706080777.444630384 128.548552218 465.650268524 -24.001315244 -0.013936405 0.043293957 0.511626299 0.858003461
1706080777.536545038 128.638069008 465.852931036 -23.915551042 -0.014704825 0.043800173 0.511662666 0.857943255
1706080777.645294905 128.757182798 466.056409118 -23.937652902 -0.014058848 0.043603386 0.511899879 0.857822597
1706080777.744429827 128.849114333 466.256003777 -23.917796173 -0.014812628 0.043837169 0.511806259 0.857853858
1706080777.843474150 128.945839982 466.465047769 -23.888598553 -0.014544440 0.044272046 0.511678700 0.857912206
1706080777.944802999 129.045279194 466.679313069 -23.929592717 -0.013541451 0.044090153 0.511850142 0.857835719
1706080778.044843197 129.137829836 466.882866943 -23.965498880 -0.012762420 0.044678939 0.511595467 0.857969109
1706080778.142844439 129.242232367 467.088258700 -24.003463298 -0.012504462 0.044908826 0.511586780 0.857966084
1706080778.244427919 129.365492511 467.296804802 -24.018043441 -0.012483866 0.044390305 0.511635855 0.857964105
1706080778.343147278 129.471127682 467.494170036 -24.020020977 -0.012913334 0.044831576 0.511467654 0.858035089
1706080778.441811085 129.577090400 467.685472069 -23.999690511 -0.011448066 0.045933853 0.511513755 0.857970105
1706080778.539703608 129.692088823 467.878850499 -23.999745989 -0.012719327 0.044622804 0.511569207 0.857988328
1706080778.639015675 129.797000095 468.085197187 -24.008778539 -0.012210690 0.044712906 0.511546811 0.858004379
1706080778.744216681 129.922662465 468.286543783 -24.007454190 -0.012678210 0.044500194 0.511646287 0.857949342
1706080778.830684185 129.990140071 468.464857491 -24.053989558 -0.013491456 0.043592400 0.511537664 0.858048309
1706080778.925470352 130.085863443 468.665001938 -24.074041156 -0.013529789 0.043451454 0.511646877 0.857989737
1706080779.044581890 130.216336537 468.937734597 -24.039831686 -0.014508679 0.043073111 0.511696975 0.857962943
1706080779.145120621 130.328096792 469.131191883 -24.077348012 -0.014951067 0.042525833 0.511804762 0.857918356
1706080779.244868040 130.432017068 469.333164306 -24.087773012 -0.016116149 0.041710368 0.511730228 0.857981753
1706080779.343902111 130.534970244 469.535542430 -24.135587412 -0.015522768 0.042379306 0.511839418 0.857894777
1706080779.443056583 130.631769549 469.746297756 -24.117731700 -0.017250257 0.041773702 0.511738161 0.857951887
1706080779.544179916 130.729216869 469.940542864 -24.101804650 -0.016647151 0.042460770 0.511802553 0.857891661
1706080779.641485691 130.814214601 470.144235955 -24.144926110 -0.016770218 0.041336089 0.511856089 0.857912252
1706080779.741492271 130.912183591 470.355335297 -24.154139353 -0.017324108 0.041475302 0.511874073 0.857883796
1706080779.839789391 131.002936296 470.541555569 -24.209991592 -0.017542431 0.040770356 0.512023463 0.857824000
1706080779.938477039 131.103567074 470.733596632 -24.255665976 -0.017048249 0.040899823 0.512088829 0.857788781
1706080780.043864012 131.208531752 470.954539009 -24.275606263 -0.017204777 0.041295517 0.512081427 0.857771117
1706080780.142467737 131.314499370 471.155576804 -24.306943341 -0.016869092 0.041425544 0.512163465 0.857722532
1706080780.245028019 131.415330948 471.375231401 -24.298298156 -0.017413195 0.040987941 0.512141278 0.857745930
1706080780.344574451 131.515884319 471.583911490 -24.314341020 -0.016444113 0.041896876 0.512080783 0.857757259
1706080780.443346739 131.621757867 471.787302825 -24.343966852 -0.016762707 0.041201961 0.512169915 0.857731536
1706080780.544930696 131.746287016 471.984952578 -24.353377212 -0.015602101 0.041768333 0.512383399 0.857598527
1706080780.644061089 131.841324425 472.192340046 -24.383139443 -0.015540431 0.042070565 0.512160674 0.857717906
1706080780.743306875 131.946532787 472.404922708 -24.389288378 -0.015212942 0.042415845 0.512199256 0.857683732
1706080780.843711615 132.054545929 472.607732381 -24.415554129 -0.014801641 0.041859518 0.512428071 0.857581579
1706080780.942532778 132.144456532 472.804644034 -24.451271750 -0.014728383 0.042241830 0.512368824 0.857599493
1706080781.040826082 132.235519191 473.003682441 -24.463293592 -0.013808580 0.042842112 0.512380810 0.857577858
1706080781.139379263 132.337750570 473.197476739 -24.505166008 -0.014888073 0.042014455 0.512383139 0.857599352
1706080781.244686842 132.428713092 473.433857449 -24.473916139 -0.014205748 0.042165099 0.512499851 0.857533792
1706080781.343433619 132.535747395 473.640594902 -24.482538524 -0.013942641 0.042196723 0.512710311 0.857410740
1706080781.442215443 132.636191912 473.852234694 -24.499181984 -0.012791586 0.043428727 0.512856974 0.857279444
1706080781.545310020 132.748198099 474.060107466 -24.491010767 -0.013995946 0.042799650 0.512904238 0.857263988
1706080781.644442081 132.849495196 474.266691857 -24.469747455 -0.013485017 0.043045395 0.513093182 0.857146799
1706080781.738076448 132.952851043 474.448468555 -24.489177897 -0.013527207 0.042850218 0.513375063 0.856987117
1706080781.844992399 133.051729772 474.666713043 -24.490198578 -0.014070848 0.043290509 0.513399982 0.856941306
1706080781.944372654 133.164825533 474.863350075 -24.523442006 -0.013864622 0.042985695 0.513628293 0.856823190
1706080782.044995546 133.271262979 475.060316167 -24.476567357 -0.014343091 0.042837023 0.513842791 0.856694141
1706080782.143615961 133.366404622 475.252422879 -24.476265439 -0.014148539 0.042855404 0.514007968 0.856597363
1706080782.242114305 133.480341714 475.424751877 -24.487675758 -0.014218968 0.042875317 0.514334354 0.856399264
1706080782.335175753 133.566839060 475.632071141 -24.501834880 -0.015862527 0.042197953 0.514243423 0.856458648
1706080782.429333925 133.664486098 475.822130179 -24.537645312 -0.015355857 0.042853793 0.514456736 0.856307198
1706080782.544620275 133.759935409 476.067210269 -24.532024368 -0.015459854 0.042745937 0.514499138 0.856285242
1706080782.627808332 133.851784419 476.245041769 -24.550720231 -0.015605773 0.042782891 0.514535774 0.856258735
1706080782.726690769 133.953020555 476.449093414 -24.568845254 -0.014645824 0.043739593 0.514680736 0.856140227
1706080782.835733414 134.045802760 476.676823663 -24.572129299 -0.015551192 0.043297031 0.514658412 0.856160176
1706080782.944234371 134.158244553 476.893709762 -24.622732948 -0.014387615 0.043206425 0.514850667 0.856069502
1706080783.045420408 134.250585957 477.092813081 -24.624618750 -0.014828788 0.043275402 0.514763431 0.856110949
1706080783.145246029 134.357702526 477.289401205 -24.600235925 -0.015160055 0.042779674 0.515010868 0.855981237
1706080783.244692802 134.459453492 477.504399239 -24.566251779 -0.015022459 0.043075045 0.515021976 0.855962166
1706080783.344199181 134.560462770 477.732790098 -24.563656057 -0.015395274 0.042809225 0.514977378 0.855995710
1706080783.443171263 134.661714890 477.930737031 -24.545845381 -0.016082472 0.042437308 0.515091302 0.855933046
1706080783.536129713 134.754656225 478.135686583 -24.560044965 -0.015805513 0.042240953 0.515079564 0.855954981
1706080783.630550385 134.839747435 478.328558201 -24.588177398 -0.015620954 0.042043993 0.515136831 0.855933603
1706080783.729824781 134.948274029 478.525498523 -24.585241234 -0.016934860 0.041141170 0.515330578 0.855835855
1706080783.831908226 135.057457307 478.745099195 -24.607078846 -0.015900533 0.041744168 0.515240457 0.855880756
1706080783.927854538 135.153840052 478.923962473 -24.685903488 -0.016122437 0.041560866 0.515041758 0.856005110
1706080784.036917686 135.271072724 479.155116844 -24.687182126 -0.015779730 0.041877648 0.514709265 0.856196026
1706080784.140252590 135.382059804 479.361437223 -24.735481702 -0.015844117 0.041876084 0.514499128 0.856321204
1706080784.243936300 135.488897066 479.561884067 -24.761016507 -0.016226926 0.041359105 0.514131618 0.856559858
1706080784.337349415 135.592537292 479.745396195 -24.762723988 -0.016360386 0.041615254 0.513856686 0.856709878
1706080784.445200682 135.700249202 479.966475670 -24.773697096 -0.016380333 0.041535801 0.513417180 0.856976815
1706080784.545033932 135.803389359 480.172203019 -24.789204570 -0.016194002 0.041086264 0.513188125 0.857139207
1706080784.644145012 135.903731954 480.372008244 -24.797481460 -0.015872991 0.040816014 0.512920850 0.857318087
1706080784.737260818 136.001858817 480.581655042 -24.806121081 -0.015833005 0.040218508 0.512778216 0.857432382
1706080784.831603050 136.096416107 480.784499051 -24.814424614 -0.015893966 0.039489100 0.512466969 0.857651210
1706080784.930929184 136.186109113 480.994012640 -24.827920654 -0.015392712 0.039997001 0.512188561 0.857803114
1706080785.030004740 136.289340552 481.208767449 -24.830674842 -0.016040333 0.039902780 0.511915496 0.857958624
1706080785.138655663 136.408078356 481.428503534 -24.854785614 -0.015838830 0.039613351 0.511552815 0.858192071
1706080785.238076687 136.501765503 481.647732491 -24.865477238 -0.016477008 0.039014559 0.511134026 0.858456976
1706080785.341299057 136.603362647 481.863022305 -24.880488393 -0.017007761 0.039294271 0.510690397 0.858697860
1706080785.444781542 136.706628964 482.060666317 -24.912048335 -0.016647592 0.039484733 0.510228822 0.858970525
1706080785.543675423 136.807778664 482.255005343 -24.955774177 -0.017106613 0.039146588 0.509920897 0.859159815
1706080785.642341375 136.912445220 482.446008775 -24.964750450 -0.017427106 0.038961586 0.509643652 0.859326271
1706080785.745133162 137.027912664 482.645061038 -24.994101075 -0.018257863 0.038470006 0.509073052 0.859669318
1706080785.844753742 137.120240395 482.842841182 -25.020053110 -0.018195353 0.038709820 0.508630887 0.859921566
1706080785.938189030 137.226209378 483.029202873 -25.029261679 -0.018078815 0.038885541 0.508393991 0.860056173
1706080786.036908865 137.331885349 483.243122790 -25.011886847 -0.018243349 0.038734038 0.508063516 0.860254798
1706080786.135511637 137.442114752 483.443192491 -25.009479761 -0.018379003 0.038840584 0.507696378 0.860463834
1706080786.231054783 137.541398366 483.630353661 -25.001268749 -0.018047789 0.038955320 0.507381520 0.860651354
1706080786.339777470 137.642071541 483.855631940 -24.993734574 -0.017605018 0.039038905 0.507060862 0.860845694
1706080786.439179182 137.760477925 484.053137268 -25.016750323 -0.017828354 0.038791437 0.506741154 0.861040520
1706080786.538291454 137.855211818 484.253629459 -25.017403078 -0.017835884 0.038405156 0.506362078 0.861280658
1706080786.641000032 137.966105033 484.467678558 -25.035633270 -0.017501297 0.038720498 0.506011823 0.861479229
1706080786.744512558 138.095561373 484.686386214 -25.062098180 -0.017407526 0.038975264 0.505688353 0.861659560
1706080786.843359232 138.192777691 484.882338918 -25.071226108 -0.017316310 0.039153941 0.505367792 0.861841348
1706080786.941848993 138.279095090 485.093702158 -25.084514817 -0.017694157 0.038865550 0.505048749 0.862033727
1706080787.033760071 138.380488995 485.270151074 -25.088227207 -0.017382613 0.039239378 0.504973971 0.862066937
1706080787.134829283 138.488442058 485.490739516 -25.067198109 -0.016844465 0.039703404 0.504588695 0.862281945
1706080787.237824678 138.599925798 485.705002717 -25.041674497 -0.017955374 0.039523074 0.504431861 0.862359571
1706080787.336596251 138.711658382 485.883994627 -25.002618467 -0.018018013 0.039479905 0.504256005 0.862463083
1706080787.432065010 138.817361256 486.072244041 -25.014617337 -0.017745036 0.039388137 0.504169097 0.862523744
1706080787.540875912 138.954613918 486.288778532 -25.058557273 -0.017487053 0.039284066 0.503987935 0.862639627
1706080787.640234947 139.049548629 486.490865070 -25.064768989 -0.017518782 0.039714733 0.503620573 0.862833791
1706080787.739361048 139.152457552 486.693411571 -25.046503592 -0.016826734 0.039641640 0.503456845 0.862946468
1706080787.842053175 139.270880772 486.902885417 -25.041426657 -0.017157045 0.039057586 0.503353948 0.863026618
1706080787.940598965 139.371165625 487.106611507 -25.072805983 -0.016637827 0.039737757 0.503126835 0.863138159
1706080788.044398308 139.472027900 487.307765331 -25.072064625 -0.016886806 0.039801042 0.502946977 0.863235224
1706080788.143054962 139.583879429 487.517229894 -25.106671728 -0.016816133 0.039464598 0.502752652 0.863365238
1706080788.241700172 139.686801882 487.724265587 -25.100258369 -0.016647536 0.039915408 0.502701029 0.863377841
1706080788.335885286 139.784116299 487.900611910 -25.085608778 -0.016723550 0.039970941 0.502639275 0.863409756
1706080788.438881397 139.896106908 488.106455570 -25.113587533 -0.016292023 0.039706045 0.502655297 0.863420901
1706080788.537631273 140.025352109 488.314875094 -25.139234192 -0.016775855 0.039580859 0.502594188 0.863452957
1706080788.636204243 140.130879793 488.531532771 -25.173861655 -0.016507239 0.039787010 0.502541357 0.863479409
1706080788.741961956 140.241253179 488.752574744 -25.209230267 -0.015877155 0.039967691 0.502416586 0.863555484
1706080788.841348648 140.345885338 488.955211113 -25.217275395 -0.016412027 0.039783315 0.502471391 0.863522110
1706080788.940472841 140.452419194 489.164606876 -25.234640876 -0.015929705 0.039643740 0.502412238 0.863571978
1706080789.043084860 140.557666293 489.373880319 -25.241449352 -0.015915168 0.039507439 0.502299163 0.863644267
1706080789.141641140 140.659840920 489.579913737 -25.270681012 -0.015724624 0.040273983 0.502077381 0.863741308
1706080789.240361452 140.758580572 489.760565885 -25.280223410 -0.015890624 0.039749531 0.502112883 0.863741926
1706080789.344083786 140.863770360 489.956807456 -25.271664906 -0.016058872 0.040108179 0.501978554 0.863800312
1706080789.442553520 140.976329320 490.145279141 -25.274229777 -0.016495388 0.040080252 0.501786840 0.863904765
1706080789.541370630 141.072795643 490.344400482 -25.282469651 -0.016105835 0.039778991 0.501728945 0.863959663
1706080789.640029192 141.176157490 490.539504987 -25.301148244 -0.016286917 0.039751905 0.501580415 0.864043754
1706080789.738667011 141.282986024 490.748571915 -25.294593099 -0.015835626 0.039826256 0.501458896 0.864119250
1706080789.837289572 141.404948955 490.953805796 -25.299017073 -0.016289597 0.039792590 0.501449692 0.864117703
1706080789.943200111 141.521637084 491.181703429 -25.298896901 -0.017550053 0.039430541 0.501085850 0.864320658
1706080790.042460203 141.641443465 491.396034683 -25.313485882 -0.016938397 0.039742552 0.500991524 0.864373249
1706080790.141577005 141.752567388 491.596884020 -25.352097849 -0.017211440 0.039061102 0.500783804 0.864519276
1706080790.244132280 141.870134430 491.803868231 -25.367818454 -0.017224603 0.039453286 0.500580527 0.864618926
1706080790.342700958 141.980839701 492.008924340 -25.464009749 -0.016316692 0.038995976 0.500488423 0.864710598
1706080790.441414833 142.077004561 492.202824026 -25.454897828 -0.016780972 0.038508442 0.500438399 0.864752513
1706080790.544959068 142.194343508 492.402155817 -25.439763763 -0.017658709 0.039028181 0.500255317 0.864817662
1706080790.638977051 142.284456897 492.585083959 -25.450814089 -0.017428352 0.038558543 0.500140696 0.864909692
1706080790.742412329 142.377785080 492.802015901 -25.423068151 -0.017404411 0.038745511 0.499922251 0.865028101
1706080790.841044426 142.482066099 492.996506763 -25.381749686 -0.017474333 0.039158025 0.499814525 0.865070366
1706080790.939705372 142.583604800 493.210126590 -25.376791141 -0.016828878 0.039108693 0.499679464 0.865163413
1706080791.038328648 142.700053392 493.413151572 -25.355155122 -0.017647250 0.038915511 0.499510134 0.865253595
1706080791.144363403 142.815133218 493.626357416 -25.390752482 -0.017023926 0.039283761 0.499101392 0.865485282
1706080791.243579388 142.923232675 493.823992425 -25.387729969 -0.017722602 0.038903553 0.498975195 0.865561192
1706080791.342654705 143.032233974 494.026523378 -25.418617247 -0.017452570 0.039149963 0.498608738 0.865766721
1706080791.441755295 143.148579290 494.231889518 -25.420163571 -0.018016398 0.038861971 0.498341265 0.865922133
1706080791.543735266 143.262536882 494.444556886 -25.496938132 -0.017098709 0.038745675 0.498079156 0.866096739
1706080791.642316818 143.370580566 494.634721505 -25.509982119 -0.017669351 0.038626895 0.497998255 0.866137111
1706080791.740908623 143.476725847 494.831605354 -25.528721317 -0.017143597 0.039156708 0.497696358 0.866297400
1706080791.839988470 143.597178717 495.012244207 -25.523985303 -0.018784016 0.037765315 0.497569029 0.866398293
1706080791.943277121 143.706309062 495.211806042 -25.454960929 -0.019033778 0.038003572 0.497074949 0.866665990
1706080792.041933537 143.827941885 495.409969399 -25.506220476 -0.017965674 0.038162420 0.496894828 0.866785091
1706080792.140610456 143.941660000 495.607889834 -25.543433986 -0.017559596 0.038687210 0.496606403 0.866935430
1706080792.239353180 144.051861403 495.819851122 -25.548701187 -0.018519147 0.037944682 0.496238097 0.867159151
1706080792.345004320 144.164259093 496.019574468 -25.569092992 -0.017167061 0.038600834 0.496066999 0.867255902
1706080792.444714308 144.288346169 496.223272247 -25.553429368 -0.018010993 0.038099337 0.495772704 0.867429231
1706080792.543803215 144.406700872 496.432253948 -25.591728866 -0.017847607 0.038144224 0.495454352 0.867612509
1706080792.642838955 144.517129278 496.620400234 -25.641989262 -0.017222854 0.038633257 0.495216962 0.867739019
1706080792.744784594 144.629306019 496.866393834 -25.669467936 -0.017135480 0.038634806 0.494867710 0.867939904
1706080792.843524218 144.738814263 497.053831011 -25.667994217 -0.017833537 0.038433717 0.494699126 0.868030868
1706080792.942274570 144.845746646 497.262624350 -25.670915225 -0.017126937 0.038530033 0.494443862 0.868186254
1706080793.041057110 144.955447506 497.460260422 -25.655182189 -0.017376637 0.038776932 0.494243249 0.868284523
1706080793.144312620 145.055294608 497.648689604 -25.654185321 -0.017455617 0.038429521 0.494026276 0.868421851
1706080793.242841005 145.177791201 497.837058342 -25.669537427 -0.017983589 0.037953356 0.493802263 0.868559416
1706080793.341743231 145.287811531 498.036364142 -25.660529983 -0.017585196 0.038859230 0.493543317 0.868674689
1706080793.440308571 145.389659617 498.231112733 -25.659379407 -0.018185123 0.038394315 0.493439597 0.868741931
1706080793.539033651 145.498196015 498.429941629 -25.667188526 -0.016828962 0.038724677 0.493211621 0.868884044
1706080793.645263910 145.610573240 498.645292694 -25.665375002 -0.017937463 0.038676113 0.492976922 0.868997215
1706080793.744921446 145.711696545 498.856481729 -25.689774430 -0.017515995 0.038882443 0.492907346 0.869036072
1706080793.844010592 145.817575246 499.062924860 -25.717851825 -0.016854882 0.038426475 0.492849165 0.869102422
1706080793.943109035 145.935238604 499.287777310 -25.749039730 -0.018119039 0.037603892 0.492672341 0.869213215
1706080794.044679642 146.049923025 499.496833835 -25.753377907 -0.017088014 0.038775566 0.492770889 0.869126749
1706080794.143347502 146.168123381 499.685654567 -25.768739078 -0.016440925 0.038861778 0.492748449 0.869148102
1706080794.242190838 146.275713855 499.875727125 -25.736726924 -0.017740123 0.038282500 0.492784898 0.869127599
1706080794.341216564 146.378288123 500.064549436 -25.768523638 -0.018278717 0.037579123 0.492611924 0.869245184
1706080794.443936348 146.493711246 500.275245009 -25.754486850 -0.017642047 0.038321663 0.492731530 0.869158126
1706080794.542795420 146.610123401 500.472784166 -25.789057590 -0.016528599 0.038816265 0.492852199 0.869089646
1706080794.641352177 146.717909497 500.653950980 -25.791097239 -0.017544286 0.038398210 0.492901726 0.869060219
1706080794.740044594 146.849172735 500.854924057 -25.821615221 -0.017099318 0.038487207 0.493119888 0.868941381
1706080794.838671684 146.960083282 501.060597679 -25.850749837 -0.016328544 0.039017382 0.493147594 0.868916839
1706080794.943854809 147.074452746 501.271421244 -25.818079802 -0.016473706 0.039179356 0.493275210 0.868834370
1706080795.045100212 147.195036653 501.460861569 -25.848956051 -0.016203741 0.039406517 0.493443816 0.868733426
1706080795.144188881 147.295182216 501.650844037 -25.831856191 -0.016268503 0.039435236 0.493555032 0.868667732
1706080795.243294239 147.392040105 501.862260547 -25.852199327 -0.016741742 0.039226432 0.493439581 0.868733780
1706080795.344406843 147.514884102 502.055999485 -25.848897767 -0.016483144 0.039191851 0.493557625 0.868673227
1706080795.443269014 147.622485604 502.248188263 -25.823222034 -0.017343549 0.038978400 0.493591598 0.868646775
1706080795.542269230 147.743112873 502.446269300 -25.784586319 -0.017500264 0.038567558 0.493647641 0.868630123
1706080795.641438723 147.861156657 502.636530660 -25.785959376 -0.017587552 0.038565506 0.493841993 0.868517971
1706080795.743774891 147.981135685 502.836633912 -25.776185150 -0.017054587 0.038937883 0.493794388 0.868539052
1706080795.842468977 148.077610665 503.051931704 -25.797252283 -0.016874760 0.039181721 0.493591614 0.868646852
1706080795.941108704 148.188764451 503.248425725 -25.827892116 -0.016382780 0.039174897 0.493780486 0.868549229
1706080796.039443493 148.300601472 503.435798791 -25.857550888 -0.016878360 0.039267942 0.493797375 0.868525936
1706080796.144580841 148.428203805 503.646492555 -25.879521037 -0.017303134 0.038784816 0.494055509 0.868392477
1706080796.243410587 148.532539154 503.867344209 -25.894410323 -0.018185738 0.038213032 0.493945993 0.868462089
1706080796.345309496 148.625382285 504.071118548 -25.909131771 -0.017411658 0.038649948 0.494100588 0.868370672
1706080796.444410563 148.737085507 504.268317492 -25.926323521 -0.016457044 0.039359963 0.494150701 0.868328880
1706080796.543454170 148.844669646 504.458293648 -25.961781953 -0.017942688 0.038430527 0.494260001 0.868278876
1706080796.644379854 148.953554787 504.665289601 -25.964959647 -0.017186699 0.038974048 0.494363694 0.868210907
1706080796.743313074 149.067821675 504.866463453 -25.947385178 -0.018384933 0.038503430 0.494332039 0.868225383
1706080796.842550755 149.172281940 505.060262319 -25.912088718 -0.017593476 0.038885622 0.494533897 0.868109787
1706080796.944772720 149.289224092 505.276080517 -25.918655706 -0.017718192 0.038737845 0.494590016 0.868081886
1706080797.043488503 149.394940828 505.480335110 -25.965226679 -0.017964452 0.038311007 0.494543838 0.868122075
1706080797.142125607 149.504428897 505.670165980 -25.992380464 -0.018065061 0.037902396 0.494734899 0.868029056
1706080797.240485907 149.611912025 505.872012396 -26.015663920 -0.018672760 0.037892511 0.494888843 0.867928867
1706080797.339149237 149.727016880 506.063245822 -26.018056660 -0.017819127 0.038183322 0.495003957 0.867868420
1706080797.444436550 149.842733920 506.266450963 -26.069750030 -0.017967167 0.038230559 0.495116069 0.867799334
1706080797.543025494 149.950216143 506.453131809 -26.076596147 -0.018938789 0.038726609 0.495221220 0.867696672
1706080797.641614199 150.058453695 506.638869528 -26.021312875 -0.018079355 0.039058733 0.495326152 0.867640223
1706080797.744562626 150.174357537 506.846696567 -25.993347216 -0.018375723 0.039055412 0.495445067 0.867566247
1706080797.845074654 150.287786943 507.058067065 -26.022340295 -0.017656100 0.039019962 0.495764170 0.867400480
1706080797.944631815 150.400823537 507.262074688 -26.033702261 -0.016868781 0.039775601 0.495790320 0.867366880
1706080798.043539762 150.506077142 507.456827541 -26.064811959 -0.015853853 0.039502273 0.496122990 0.867208282
1706080798.142930984 150.625827834 507.661450274 -26.119583353 -0.016881050 0.039313183 0.496363696 0.867059736
1706080798.244553804 150.735038739 507.860143714 -26.149981156 -0.016183926 0.039227354 0.496479963 0.867010347
1706080798.343171120 150.839743123 508.083961868 -26.175594088 -0.016059097 0.039255700 0.496539128 0.866977502
1706080798.441541672 150.939825713 508.270123087 -26.205047039 -0.016621790 0.038976120 0.496818218 0.866819610
1706080798.540282965 151.068357728 508.446184850 -26.250787947 -0.015282994 0.039566236 0.497052720 0.866683066
1706080798.638876677 151.176374699 508.654656929 -26.268688239 -0.015450679 0.039278504 0.497114872 0.866657533
1706080798.744021893 151.279139941 508.863979269 -26.315723934 -0.015215287 0.039180058 0.497250088 0.866588581
1706080798.830366135 151.369994192 509.038267528 -26.299375228 -0.015283531 0.039618621 0.497328131 0.866522653
1706080798.945125818 151.486951081 509.279754456 -26.310992984 -0.014636775 0.039789170 0.497289119 0.866548394
1706080799.044653893 151.595959059 509.486677889 -26.226547234 -0.015586595 0.039929789 0.497393732 0.866465317
1706080799.143467188 151.697296842 509.678038069 -26.215422747 -0.016093379 0.039791713 0.497425862 0.866443959
1706080799.244593620 151.809420148 509.873449903 -26.214787217 -0.016078509 0.039640697 0.497365481 0.866485819
1706080799.344016314 151.927238644 510.069676603 -26.225686606 -0.016115633 0.039530272 0.497475810 0.866426836
1706080799.443117380 152.043994860 510.261368249 -26.224546309 -0.015949882 0.040046581 0.497395465 0.866452321
1706080799.542007208 152.159783109 510.465066498 -26.236881479 -0.016393717 0.039884217 0.497304836 0.866503546
1706080799.642589331 152.268736037 510.660837144 -26.280238921 -0.016128337 0.039254998 0.497285621 0.866548286
1706080799.741314888 152.371108734 510.862124555 -26.341142542 -0.016627586 0.038715187 0.497106481 0.866665913
1706080799.839935780 152.469943585 511.069948928 -26.379951596 -0.016599293 0.038955966 0.496878599 0.866786337
1706080799.945102930 152.587105861 511.278219624 -26.394447431 -0.016579463 0.039193309 0.496970903 0.866723097
1706080800.043559074 152.690131409 511.482707535 -26.407754455 -0.016797810 0.038648098 0.496820895 0.866829370
1706080800.142327785 152.799817709 511.677698046 -26.397069939 -0.016436101 0.038737213 0.496983055 0.866739364
1706080800.245090485 152.907161744 511.882592266 -26.411589353 -0.017003867 0.038561622 0.496860751 0.866806359
1706080800.344516993 153.010295514 512.089877888 -26.399710922 -0.017802400 0.038304802 0.496647546 0.866923890
1706080800.443348169 153.117853007 512.281714820 -26.442491826 -0.017690270 0.038347651 0.496547424 0.866981642
1706080800.545129299 153.223800971 512.480754653 -26.443015210 -0.017360034 0.038502514 0.496658328 0.866917926
1706080800.644124031 153.339406113 512.677478182 -26.449616917 -0.017952680 0.037788714 0.496707219 0.866909253
1706080800.744965315 153.456570181 512.872353864 -26.491840781 -0.017654398 0.038267341 0.496740533 0.866875294
1706080800.843622684 153.564345525 513.074289558 -26.508789276 -0.018639863 0.037893140 0.496594887 0.866954545
1706080800.942355871 153.688135938 513.265432880 -26.508426449 -0.018356206 0.038180166 0.496678440 0.866900140
1706080801.040953398 153.789998157 513.460865507 -26.522834618 -0.017779671 0.038271906 0.496656220 0.866920841
1706080801.133988619 153.900539626 513.653115224 -26.549832099 -0.017486328 0.038009502 0.496569673 0.866987927
1706080801.244563818 154.017659783 513.871850579 -26.542811416 -0.017323161 0.037970106 0.496590744 0.866980860
1706080801.343183517 154.123641440 514.078528413 -26.558076570 -0.018517377 0.037886128 0.496375640 0.867083025
1706080801.441985369 154.208331957 514.270153996 -26.546591597 -0.017881252 0.038184009 0.496158244 0.867207726
1706080801.545318127 154.341655029 514.449944744 -26.555193200 -0.017990253 0.037966077 0.496429891 0.867059566
1706080801.644368649 154.448574789 514.662091755 -26.574723867 -0.018223800 0.037635663 0.496165366 0.867220491
1706080801.743076086 154.559365095 514.846831871 -26.584781552 -0.017519725 0.038227071 0.496269004 0.867149829
1706080801.844958305 154.668075767 515.049988737 -26.574775225 -0.017982147 0.038307123 0.496110939 0.867227273
1706080801.944342136 154.781951311 515.254350025 -26.590669762 -0.017887680 0.037980060 0.496183072 0.867202344
1706080802.044643402 154.891854116 515.460889063 -26.634064773 -0.017179211 0.037983512 0.496127260 0.867248447
1706080802.142884493 155.004933553 515.664407661 -26.641889266 -0.017581031 0.038230687 0.496185260 0.867196350
1706080802.241979122 155.108487036 515.871400587 -26.612744097 -0.017753298 0.038324252 0.496185140 0.867188779
1706080802.330364227 155.202747434 516.055637245 -26.586852373 -0.016697949 0.038875582 0.496151287 0.867204571
1706080802.433672905 155.311884875 516.264703757 -26.570886352 -0.017366165 0.038674420 0.496078445 0.867242112
1706080802.544410944 155.440430772 516.481791316 -26.541291904 -0.017352752 0.038826077 0.496151901 0.867193582
1706080802.630954027 155.530883017 516.659379757 -26.544605683 -0.016582299 0.038953937 0.496065818 0.867252168
1706080802.741821527 155.653727519 516.867643261 -26.533011278 -0.017294790 0.039094379 0.496137556 0.867190893
1706080802.840289593 155.757995363 517.070122718 -26.559901305 -0.016803015 0.038556782 0.496032186 0.867284903
1706080802.944123030 155.864614188 517.315083731 -26.579430987 -0.016178542 0.038992045 0.495801158 0.867409412
1706080803.042857885 155.962688969 517.510517794 -26.595280754 -0.016853261 0.038833460 0.495678243 0.867473925
1706080803.145095825 156.058724128 517.716984024 -26.648586632 -0.016702672 0.038638874 0.495411447 0.867637918
1706080803.244698286 156.174833415 517.921683084 -26.662707074 -0.016667604 0.038368601 0.495348392 0.867686586
1706080803.343738556 156.302918541 518.108316825 -26.678344256 -0.017792783 0.038177271 0.495261431 0.867722322
1706080803.442988157 156.391481148 518.312974689 -26.687548853 -0.016949174 0.039071278 0.495131398 0.867773622
1706080803.535913944 156.508388446 518.492982172 -26.724420314 -0.015988224 0.038714051 0.495212340 0.867761682
1706080803.634978056 156.614263391 518.691956573 -26.728675907 -0.016470605 0.039126204 0.495189967 0.867746943
1706080803.744992733 156.740786202 518.891239053 -26.723532962 -0.016840213 0.038791854 0.495099715 0.867806356
1706080803.843907356 156.847545291 519.080793200 -26.706908079 -0.017833862 0.038670474 0.495029407 0.867832031
1706080803.942829132 156.954053814 519.289891907 -26.705249638 -0.018509299 0.038153889 0.494891523 0.867919390
1706080804.041389704 157.067942067 519.474800014 -26.709218861 -0.017802393 0.038409052 0.495013371 0.867853434
1706080804.139826775 157.156012774 519.675766412 -26.699216303 -0.017882741 0.038805964 0.494868622 0.867916673
1706080804.243839025 157.266364838 519.898354767 -26.705109271 -0.018230093 0.038313285 0.494804185 0.867968072
1706080804.342536211 157.378953690 520.093730579 -26.724698743 -0.016017143 0.039159322 0.494900577 0.867919016
1706080804.445154428 157.484972224 520.323467311 -26.724036853 -0.017973722 0.038370378 0.494736053 0.868009733
1706080804.544433832 157.602123379 520.530553313 -26.712904505 -0.018124856 0.038189001 0.494831115 0.867960401
1706080804.643832207 157.713783615 520.736405300 -26.722591751 -0.017981194 0.038549911 0.494731080 0.868004458
1706080804.736972570 157.808998215 520.899130316 -26.776838607 -0.017992800 0.038293970 0.494826633 0.867961079
1706080804.835731745 157.913768837 521.091583582 -26.782527900 -0.017269943 0.038514162 0.494822605 0.867968316
1706080804.934371948 158.035925014 521.283330183 -26.799655530 -0.017302755 0.038713041 0.494895796 0.867917085
1706080805.044945955 158.156252813 521.497560176 -26.784667854 -0.017712254 0.038938526 0.494820963 0.867941405
1706080805.143867731 158.278345429 521.682544920 -26.794806881 -0.017780067 0.038532693 0.494865731 0.867932606
1706080805.242338419 158.385401534 521.887734610 -26.802765525 -0.017698824 0.038216777 0.494864344 0.867949025
1706080805.340879679 158.493234682 522.080724188 -26.800093837 -0.017536371 0.038719502 0.494686829 0.868031230
1706080805.444921732 158.609268008 522.286333074 -26.812932004 -0.017315919 0.038810920 0.494674020 0.868038873
1706080805.543579340 158.711427159 522.465672551 -26.846709459 -0.018050400 0.038201959 0.494653714 0.868062496
1706080805.637130022 158.811211204 522.669918916 -26.828950509 -0.017805884 0.038377483 0.494647066 0.868063592
1706080805.745466471 158.926023524 522.888371375 -26.797205281 -0.017456647 0.038743451 0.494495705 0.868140661
1706080805.844882011 159.030809358 523.087406417 -26.825728445 -0.018613314 0.038664110 0.494311996 0.868224788
1706080805.937967062 159.144493948 523.278012300 -26.828330282 -0.017560120 0.038784086 0.494493133 0.868138225
1706080806.036770582 159.254672897 523.492681928 -26.846200604 -0.017185211 0.039019224 0.494474043 0.868146065
1706080806.135356903 159.367836246 523.689288871 -26.857716175 -0.017438243 0.039044173 0.494380672 0.868193073
1706080806.234072208 159.465482889 523.897234706 -26.879329492 -0.016278859 0.039595910 0.494369483 0.868196969
1706080806.344925642 159.586890313 524.111487424 -26.898064271 -0.017517714 0.038690519 0.494488017 0.868146171
1706080806.443359852 159.687977726 524.301768666 -26.935731414 -0.017842287 0.038012568 0.494498171 0.868163727
1706080806.541944265 159.804746368 524.488373999 -26.980924597 -0.017462651 0.038331598 0.494506026 0.868152944
1706080806.637584448 159.924596050 524.682325527 -26.987389817 -0.016651547 0.038805662 0.494620529 0.868082588
1706080806.744604588 160.040181421 524.891348005 -27.031816004 -0.017982405 0.037847154 0.494695148 0.868055837
1706080806.843241930 160.147084704 525.095826227 -27.065801587 -0.016038486 0.038877727 0.494713848 0.868037728
1706080806.941901207 160.259662029 525.276729606 -27.113267790 -0.016840212 0.038953489 0.494773997 0.867984865
1706080807.035768509 160.359402403 525.457072585 -27.145764337 -0.016749930 0.038118623 0.494888489 0.867958405
1706080807.139184713 160.476129538 525.663241877 -27.182141529 -0.016004833 0.038719242 0.495030336 0.867864985
1706080807.237812281 160.583460730 525.865730062 -27.211610190 -0.016187919 0.038828739 0.495136713 0.867796010
1706080807.336470842 160.690578949 526.085970874 -27.179485160 -0.016440022 0.038542356 0.495253140 0.867737599
1706080807.435104847 160.792709578 526.286849945 -27.170931595 -0.016462050 0.038783366 0.495296794 0.867701525
1706080807.541133404 160.914295814 526.503217022 -27.166504648 -0.015631630 0.038765916 0.495549090 0.867573602
1706080807.644381046 161.034327804 526.712572291 -27.210442458 -0.016940208 0.038468128 0.495629693 0.867516248
1706080807.742930651 161.134232009 526.901316720 -27.221277971 -0.015879430 0.038678162 0.495710328 0.867480901
1706080807.841985226 161.234177099 527.090353995 -27.226988381 -0.016145942 0.038479990 0.495738184 0.867468877
1706080807.940558672 161.338603954 527.291716178 -27.221949329 -0.016031745 0.038987910 0.495885260 0.867364246
1706080808.044279099 161.457551749 527.497884730 -27.154509090 -0.016592669 0.038703049 0.496097115 0.867245300
1706080808.142921448 161.561749273 527.702697123 -27.102547720 -0.016745506 0.039248564 0.496041088 0.867249893
1706080808.241388321 161.672129361 527.902563041 -27.124404125 -0.016456930 0.038812203 0.496348759 0.867099009
1706080808.340201378 161.779790036 528.103932390 -27.168621932 -0.017233278 0.039047252 0.496409890 0.867038377
1706080808.438740969 161.879131335 528.310000073 -27.165537892 -0.016509433 0.039161376 0.496440452 0.867029817
1706080808.537499905 161.996300499 528.487218548 -27.191111948 -0.017052855 0.038982888 0.496645677 0.866909803
1706080808.636118889 162.104184012 528.678573227 -27.168630057 -0.018285805 0.039004234 0.496656014 0.866877790
1706080808.742252111 162.219622665 528.876803100 -27.188483125 -0.016914030 0.039348599 0.496679146 0.866876825
1706080808.845306873 162.346513944 529.079222128 -27.183636823 -0.017739806 0.039391362 0.496787959 0.866796022
1706080808.943928719 162.444505524 529.293752071 -27.156834370 -0.017643547 0.038983942 0.496796392 0.866811572
1706080809.043011189 162.550622579 529.499618235 -27.125451177 -0.018207834 0.038720013 0.496775467 0.866823725
1706080809.141554832 162.662935092 529.692344907 -27.180349308 -0.017681375 0.038758958 0.496738547 0.866854041
1706080809.245301723 162.773017573 529.894672501 -27.175733495 -0.018353459 0.038538305 0.496672776 0.866887595
1706080809.343946695 162.874167301 530.098594474 -27.176400207 -0.018313260 0.038570080 0.496769044 0.866831870
1706080809.442596912 162.982034028 530.284978512 -27.206342605 -0.017665832 0.038689943 0.496713984 0.866871516
1706080809.541232109 163.101397852 530.484653423 -27.196435102 -0.017269061 0.038877711 0.496880436 0.866775712
1706080809.639884710 163.201714215 530.684387937 -27.271014696 -0.018099429 0.038759781 0.496713221 0.866859889
1706080809.738526821 163.315257067 530.872595887 -27.210129188 -0.018597839 0.038876418 0.496827884 0.866778402
1706080809.843928099 163.432250277 531.083904042 -27.206613752 -0.018072041 0.039094808 0.496774398 0.866810357
1706080809.943382502 163.542995154 531.294605611 -27.259498998 -0.017170413 0.039632177 0.496748794 0.866818956
1706080810.042572260 163.642552169 531.495494630 -27.262217840 -0.017920563 0.039181948 0.496773569 0.866810042
1706080810.141673326 163.745695738 531.696484322 -27.279175053 -0.018854708 0.038458166 0.496723889 0.866851110
1706080810.244037390 163.855785774 531.918491075 -27.266037248 -0.017878466 0.039046533 0.496746228 0.866832691
1706080810.342597723 163.961076633 532.133103509 -27.301404601 -0.017284593 0.039101864 0.496690924 0.866873932
1706080810.441454649 164.072454956 532.320833408 -27.329819019 -0.018645084 0.038123555 0.496703105 0.866882334
1706080810.544801712 164.179918541 532.539597890 -27.342168778 -0.017804169 0.038463802 0.496738262 0.866864838
1706080810.643621206 164.305527283 532.708475170 -27.474748618 -0.018122874 0.038101887 0.496697869 0.866897361
1706080810.742268801 164.411949040 532.907146233 -27.496375291 -0.018534483 0.037983385 0.496525153 0.866992796
1706080810.840939999 164.515271761 533.101655132 -27.496262116 -0.018112478 0.037693867 0.496484239 0.867037780
1706080810.939568996 164.626449368 533.297167084 -27.548148194 -0.017353022 0.038153319 0.496282840 0.867148511
1706080811.044928312 164.739303151 533.518728853 -27.566772923 -0.018250250 0.037825248 0.496006270 0.867302692
1706080811.144480705 164.829651220 533.709394790 -27.616985516 -0.017511992 0.038468428 0.495733905 0.867445333
1706080811.243690729 164.936221974 533.922919303 -27.615419233 -0.018142737 0.037923102 0.495540901 0.867566651
1706080811.342797518 165.056557732 534.103465943 -27.610336724 -0.018033038 0.037871830 0.495422021 0.867639070
1706080811.445110083 165.169432131 534.314015700 -27.620659901 -0.018585175 0.037013790 0.495224870 0.867776987
1706080811.543660164 165.279813848 534.512888732 -27.601426677 -0.017001844 0.038045865 0.495050192 0.867864481
1706080811.642513037 165.381578154 534.713082339 -27.595096851 -0.017691771 0.038019376 0.494794989 0.867997378
1706080811.741182804 165.502429528 534.889502036 -27.566824163 -0.018547269 0.037647189 0.494748226 0.868022397
1706080811.844663382 165.621574065 535.097176459 -27.527271549 -0.017778742 0.038523989 0.494594778 0.868087452
1706080811.943301201 165.744075752 535.292437269 -27.508181809 -0.018532266 0.037864722 0.494499402 0.868155032
1706080812.041943550 165.850131757 535.492428379 -27.510422017 -0.018297553 0.037583639 0.494388141 0.868235588
1706080812.140613317 165.952032641 535.682482095 -27.515655244 -0.017560515 0.038561364 0.494438177 0.868179439
1706080812.239228725 166.055734198 535.885808128 -27.488885071 -0.017971456 0.038516301 0.494422028 0.868182227
1706080812.345279455 166.184571098 536.080953661 -27.502002591 -0.018929344 0.037874244 0.494637332 0.868067470
1706080812.444771767 166.286355583 536.300592276 -27.526698459 -0.018013387 0.038057057 0.494693308 0.868047066
1706080812.543891907 166.389097529 536.504563496 -27.562450419 -0.018254259 0.038106900 0.494764368 0.867999347
1706080812.642977715 166.494712766 536.712037808 -27.582838758 -0.019691322 0.037351135 0.494864074 0.867943946
1706080812.744698286 166.599155847 536.935467637 -27.602264092 -0.018445946 0.038412350 0.495117651 0.867780358
1706080812.843448639 166.704563642 537.124528920 -27.629124544 -0.018360483 0.038187256 0.495479637 0.867585475
1706080812.942380428 166.820785271 537.310955566 -27.658811090 -0.017763266 0.038586930 0.495923284 0.867326704
1706080813.041099787 166.931108182 537.507877692 -27.653933673 -0.018537021 0.038420692 0.496014798 0.867265559
1706080813.144325972 167.040285609 537.713193902 -27.659126487 -0.018071790 0.038082404 0.496375686 0.867083802
1706080813.243002653 167.144726279 537.904962471 -27.657462766 -0.018157825 0.038275912 0.496709247 0.866882444
1706080813.341647148 167.261209599 538.090851086 -27.625057793 -0.018107355 0.038916740 0.497139755 0.866608144
1706080813.440259695 167.370570787 538.288289926 -27.654874918 -0.017237559 0.038556970 0.497502909 0.866433542
1706080813.538536310 167.470744229 538.505281179 -27.685997695 -0.017375436 0.038402296 0.497702348 0.866323110
1706080813.644164324 167.594204908 538.713033832 -27.704316103 -0.016722728 0.039073868 0.498101205 0.866076655
1706080813.744972229 167.707613935 538.894344484 -27.763820247 -0.017051233 0.038732772 0.498447975 0.865886046
1706080813.844055414 167.819945348 539.088572657 -27.820347836 -0.017376039 0.038620877 0.498852373 0.865651669
1706080813.943120956 167.930653299 539.273816184 -27.840442128 -0.015923071 0.039055030 0.499160584 0.865482451
1706080814.044512510 168.020235269 539.489487401 -27.821002481 -0.016410147 0.039212878 0.499362830 0.865349537
1706080814.143318892 168.124126077 539.686847041 -27.812239407 -0.016949558 0.039130809 0.499625739 0.865191085
1706080814.242182970 168.215634991 539.900588913 -27.820342698 -0.017292040 0.038731403 0.499808329 0.865096814
1706080814.345237017 168.318071540 540.109544750 -27.832076004 -0.017453742 0.038560105 0.500167423 0.864893655
1706080814.444054127 168.423610360 540.303751498 -27.831850336 -0.017335633 0.038669008 0.500403121 0.864754821
1706080814.542677879 168.524468729 540.504472292 -27.816270914 -0.017731700 0.037777350 0.500709254 0.864608988
1706080814.641002178 168.628450693 540.685272077 -27.820655865 -0.018397596 0.038354930 0.500937178 0.864437604
1706080814.739676476 168.725914134 540.879371857 -27.810297394 -0.017568097 0.037989255 0.501165787 0.864338494
1706080814.844802618 168.849724230 541.082989854 -27.808304067 -0.017202821 0.038412284 0.501533871 0.864113613
1706080814.943666697 168.971727512 541.275250764 -27.824380879 -0.017155341 0.039317267 0.501734259 0.863957511
1706080815.045128584 169.080729263 541.484913881 -27.834300934 -0.016759231 0.039083501 0.502146227 0.863736519
1706080815.144399881 169.183284990 541.695922231 -27.836198089 -0.017037269 0.039354360 0.502427470 0.863555211
1706080815.243327856 169.298600515 541.879083858 -27.846319948 -0.017726299 0.038937932 0.502817601 0.863333120
1706080815.344360590 169.409099533 542.089458349 -27.863299684 -0.017811095 0.039290471 0.503180467 0.863103958
1706080815.443221807 169.504568806 542.295903716 -27.876544812 -0.018222937 0.038944680 0.503492948 0.862928785
1706080815.542483807 169.607489926 542.493145445 -27.901452001 -0.018157163 0.038855462 0.504045033 0.862611834
1706080815.641539574 169.700355927 542.703976223 -27.900286007 -0.018066208 0.039112310 0.504370859 0.862411662
1706080815.740633726 169.800276221 542.913045256 -27.888158403 -0.018368071 0.038898601 0.504732702 0.862203231
1706080815.842097282 169.891326097 543.110708308 -27.859192470 -0.018858650 0.038786244 0.505192074 0.861928621
1706080815.940713644 170.007292796 543.308286203 -27.880782365 -0.017901515 0.038922249 0.505758498 0.861610664
1706080816.039469719 170.101572347 543.500252531 -27.937726045 -0.019353937 0.038384033 0.505993291 0.861465542
1706080816.144670725 170.213119240 543.705714669 -27.881054805 -0.019233605 0.038474778 0.506357323 0.861250266
1706080816.243240356 170.317533136 543.910638017 -27.903511033 -0.018092892 0.039066626 0.506787746 0.860995137
1706080816.345283985 170.439972322 544.109160438 -27.896671777 -0.018669159 0.038457299 0.507295724 0.860711071
1706080816.444401503 170.546310163 544.307497920 -27.925209368 -0.018634157 0.038841086 0.507603874 0.860512897
1706080816.543497324 170.651221943 544.489627201 -27.972021306 -0.018674012 0.038798415 0.508106411 0.860217321
1706080816.644589186 170.740922999 544.693127471 -28.005221160 -0.017936698 0.039145260 0.508465730 0.860004956
1706080816.743596792 170.845888832 544.893309576 -28.040194207 -0.018290531 0.038747886 0.508916248 0.859748981
1706080816.842518330 170.946529234 545.107282917 -28.046136093 -0.018208865 0.038848534 0.509239712 0.859554620
1706080816.944487095 171.063503213 545.311929837 -28.074161866 -0.018475632 0.038932039 0.509766673 0.859232731
1706080817.043128967 171.163869059 545.501090661 -28.081358809 -0.016806571 0.039803277 0.510030564 0.859070464
1706080817.141805887 171.256211261 545.710861883 -28.057059146 -0.017473387 0.039434679 0.510392148 0.858859384
1706080817.240436554 171.356389673 545.915709050 -28.016871147 -0.017574563 0.039497669 0.510807635 0.858607378
1706080817.339157820 171.460690543 546.118984849 -28.063676976 -0.017174624 0.039819152 0.511122853 0.858413011
1706080817.444272041 171.580128349 546.314736275 -28.069559981 -0.018322040 0.039192538 0.511550087 0.858163595
1706080817.542874098 171.671541324 546.521627234 -28.085540787 -0.017404387 0.039837448 0.511732654 0.858044145
1706080817.645124435 171.758955273 546.732993552 -28.110628153 -0.017151996 0.040205711 0.511845097 0.857964980
1706080817.744549990 171.849848766 546.932700198 -28.140288886 -0.017609033 0.040041973 0.512172264 0.857768112
1706080817.843419790 171.949639071 547.123694643 -28.136137595 -0.017048671 0.039858867 0.512415735 0.857642541
1706080817.944657564 172.055347431 547.329690682 -28.164356689 -0.017513861 0.039894153 0.512510289 0.857575026
1706080818.043748856 172.163444757 547.515753758 -28.172301645 -0.016944729 0.039966754 0.512788522 0.857416740
1706080818.142815828 172.266208131 547.712366212 -28.199651577 -0.017441072 0.039039630 0.512980549 0.857334633
1706080818.244185925 172.373159064 547.925562841 -28.192835479 -0.017240200 0.039516251 0.513134394 0.857224787
1706080818.342954159 172.482923498 548.130846658 -28.239531859 -0.015508302 0.039837363 0.513383205 0.857094022
1706080818.441627979 172.585632620 548.350880635 -28.250201948 -0.016702952 0.039214063 0.513390434 0.857095987
1706080818.540215254 172.699114988 548.541038050 -28.256242946 -0.016581876 0.039602247 0.513693727 0.856898744
1706080818.645128012 172.795710725 548.743200292 -28.248903337 -0.015991122 0.039947338 0.513838827 0.856806952
1706080818.743903399 172.885018784 548.935928631 -28.231329885 -0.015645020 0.040150097 0.513968348 0.856726176
1706080818.842618704 172.979719789 549.144994161 -28.248441704 -0.015480725 0.040968592 0.513997014 0.856673211
1706080818.945466757 173.086713855 549.368771414 -28.215224816 -0.016312437 0.040429454 0.514172300 0.856578198
1706080819.044453621 173.178316411 549.571767069 -28.236739461 -0.016388920 0.040228368 0.514348883 0.856480186
1706080819.145150900 173.278132596 549.776870476 -28.259531902 -0.016876280 0.039763636 0.514471894 0.856418540
1706080819.244831324 173.374943700 549.983478834 -28.276085707 -0.016262601 0.040257468 0.514647832 0.856301625
1706080819.343888760 173.472547315 550.186603766 -28.284086625 -0.015983022 0.040493546 0.514876702 0.856158161
1706080819.445348024 173.583550343 550.384694859 -28.307427687 -0.016498398 0.040499498 0.515081321 0.856025015
1706080819.543944597 173.694436344 550.578024743 -28.339775276 -0.015436245 0.040734431 0.515424400 0.855827153
1706080819.642653227 173.799165577 550.789846012 -28.349633251 -0.016284620 0.040519546 0.515497039 0.855777880
1706080819.741238117 173.872096130 550.991256150 -28.356515521 -0.016042109 0.041047221 0.515564750 0.855716521
1706080819.839747906 173.963397271 551.179823996 -28.345361046 -0.015529809 0.040913547 0.515890623 0.855535956
1706080819.944933176 174.067744604 551.380777381 -28.332129454 -0.016373536 0.040903261 0.516076990 0.855408307
1706080820.043720961 174.160597643 551.580529214 -28.359629255 -0.015345078 0.041395940 0.516305689 0.855265655
1706080820.126423597 174.252058612 551.757071481 -28.376554171 -0.016671401 0.040635643 0.516428262 0.855203286
1706080820.240603209 174.368332259 551.994755545 -28.315515239 -0.016793058 0.040333576 0.516800945 0.854990046
1706080820.344500780 174.475151727 552.213018131 -28.355199580 -0.016747116 0.040621767 0.516963245 0.854879178
1706080820.445436478 174.580453859 552.418017178 -28.372318703 -0.016327038 0.040660944 0.517167795 0.854761714
1706080820.544982433 174.682590060 552.622369850 -28.377532445 -0.015991988 0.041116446 0.517321327 0.854653344
1706080820.644135714 174.781747983 552.821910669 -28.425735948 -0.016033456 0.040595783 0.517401721 0.854628790
1706080820.744955540 174.884846627 553.026485705 -28.476475776 -0.016669027 0.039969166 0.517528752 0.854569248
1706080820.843684196 174.984843427 553.221218158 -28.505946557 -0.016750828 0.039933351 0.517635098 0.854504911
1706080820.942261934 175.078801825 553.423887007 -28.532337572 -0.016842499 0.039935629 0.517673167 0.854479940
1706080821.040710926 175.184702800 553.618586743 -28.557573053 -0.016380087 0.040119645 0.517911978 0.854335584
1706080821.129219294 175.278323199 553.805686257 -28.589872317 -0.015543004 0.040184675 0.517962014 0.854317833
1706080821.244755983 175.391053623 554.035136657 -28.640388357 -0.016408836 0.040042479 0.517989020 0.854291943
1706080821.327614069 175.467337301 554.217928739 -28.634804580 -0.016784584 0.039794816 0.518027840 0.854272678
1706080821.441633701 175.562982629 554.450690589 -28.671240614 -0.016868776 0.039801558 0.517983222 0.854297759
1706080821.545207500 175.664363170 554.658573176 -28.665133247 -0.016818655 0.039962553 0.518199817 0.854159866
1706080821.644209385 175.754050027 554.864685204 -28.621463665 -0.017178228 0.039581514 0.518316995 0.854099353
1706080821.742989063 175.869420868 555.058902942 -28.657678185 -0.016989484 0.039687031 0.518519638 0.853975224
1706080821.844782591 175.959502969 555.260977629 -28.666167011 -0.016784867 0.039679279 0.518600845 0.853930317
1706080821.944664955 176.064270368 555.463068395 -28.677553237 -0.016890024 0.039523893 0.518688752 0.853882057
1706080822.044713259 176.173149371 555.665504816 -28.714403971 -0.017355597 0.039532182 0.518811789 0.853797586
1706080822.143256664 176.273045488 555.868198378 -28.746017048 -0.017377184 0.039099243 0.518942672 0.853737539
1706080822.241702080 176.367586971 556.077121654 -28.736738686 -0.017509107 0.039834468 0.519031023 0.853647142
1706080822.330659866 176.453548763 556.256746326 -28.706264785 -0.017442039 0.039989396 0.519182519 0.853549141
1706080822.429476976 176.548818750 556.459834975 -28.698370049 -0.017156742 0.040372375 0.519251739 0.853494786
1706080822.532166719 176.652411079 556.662671483 -28.687076733 -0.016991165 0.040557659 0.519542762 0.853312191
1706080822.642836094 176.753976432 556.881595079 -28.645229002 -0.017291206 0.039949417 0.519689362 0.853245583
1706080822.741542339 176.853385456 557.087086865 -28.672281029 -0.017417560 0.040155072 0.519857241 0.853131085
1706080822.844988823 176.963607881 557.298771341 -28.678160309 -0.016953288 0.040532320 0.520096267 0.852976899
1706080822.944051504 177.064585721 557.510832044 -28.662262358 -0.017049326 0.040486733 0.520329550 0.852834864
1706080823.042690754 177.164760285 557.707560081 -28.662005888 -0.017084487 0.040746183 0.520501646 0.852716779
1706080823.145447254 177.270995113 557.926603577 -28.698030420 -0.016460961 0.040357248 0.520863548 0.852526536
1706080823.245295525 177.375770337 558.129626098 -28.739784620 -0.017600355 0.039938993 0.520962103 0.852463249
1706080823.344307899 177.473424231 558.319766893 -28.738047458 -0.016962645 0.041162325 0.521189256 0.852279116
1706080823.442551374 177.559484687 558.514062053 -28.750067914 -0.017547729 0.040677381 0.521446431 0.852133233
1706080823.531619549 177.640925188 558.693686180 -28.759623393 -0.017057915 0.040900671 0.521697016 0.851979100
1706080823.634407282 177.725577127 558.914411567 -28.795293518 -0.017039741 0.040167336 0.521952221 0.851858035
1706080823.732952595 177.827137476 559.121158821 -28.829442377 -0.016820489 0.040216745 0.522255884 0.851673926
1706080823.843716383 177.941287047 559.348319201 -28.834874233 -0.016766552 0.040244345 0.522659177 0.851426251
1706080823.942426682 178.023831026 559.543765079 -28.820024460 -0.016582229 0.040606157 0.522990376 0.851209279
1706080824.041382790 178.118824874 559.754896309 -28.807328476 -0.016660291 0.040441863 0.523364446 0.850985633
1706080824.145082951 178.220526436 559.965789537 -28.835460345 -0.016600085 0.041026529 0.523713521 0.850744033
1706080824.243693829 178.318860941 560.164742161 -28.839134124 -0.017333511 0.040654936 0.524050365 0.850539794
1706080824.342317820 178.414877398 560.361354055 -28.875310566 -0.016781218 0.040688253 0.524502604 0.850270472
1706080824.445013762 178.504093293 560.581178556 -28.875808909 -0.016689275 0.040963101 0.524736822 0.850114557
1706080824.544429302 178.595343051 560.794709371 -28.912353878 -0.015958324 0.041559678 0.525119215 0.849863480
1706080824.638173103 178.681297364 560.990619059 -28.926103529 -0.017100670 0.040639398 0.525445325 0.849684186
1706080824.732939005 178.771882612 561.183927584 -28.910939296 -0.015941827 0.041270546 0.525995457 0.849335846
1706080824.835433006 178.875183301 561.389963577 -28.918510037 -0.016504391 0.040884795 0.526256542 0.849182013
1706080824.934240818 178.966945238 561.595252292 -28.930841040 -0.015923849 0.041146334 0.526553966 0.848996073
1706080825.044790268 179.072020629 561.823046906 -28.963134861 -0.015686912 0.041356804 0.526875981 0.848790455
1706080825.143791437 179.174409664 562.021512368 -29.003301999 -0.016351437 0.041223248 0.527322556 0.848507040
1706080825.242276430 179.256329578 562.234484919 -28.992454915 -0.016282338 0.041097140 0.527472744 0.848421131
1706080825.340932608 179.342584211 562.440975103 -28.996611178 -0.015538386 0.041612195 0.527744608 0.848240893
1706080825.444697857 179.439477976 562.651451072 -28.989761216 -0.015975297 0.041400469 0.527902579 0.848144833
1706080825.543251276 179.529954219 562.855206349 -29.007695448 -0.015956702 0.041411683 0.528056368 0.848048895
1706080825.642081499 179.620435780 563.059016421 -28.989669240 -0.016003446 0.041705544 0.528196683 0.847946226
1706080825.745296240 179.706497140 563.263769561 -28.987201485 -0.015703847 0.042259123 0.528328097 0.847842543
1706080825.839217663 179.807112374 563.446832206 -28.975392387 -0.016443625 0.041872097 0.528627494 0.847661081
1706080825.937840223 179.905046765 563.654592314 -28.969405213 -0.016664355 0.041481089 0.528883444 0.847516325
1706080826.036478996 179.996509514 563.865142237 -28.991948763 -0.016201576 0.041781871 0.528930037 0.847481445
1706080826.135187387 180.089683626 564.068844428 -29.008535311 -0.016551603 0.041372830 0.529207302 0.847321642
1706080826.233903170 180.187493467 564.275598949 -29.006087381 -0.015918699 0.041276189 0.529447265 0.847188565
1706080826.344806910 180.296595486 564.499711565 -29.012620389 -0.016852675 0.040749444 0.529726693 0.847021311
1706080826.443310261 180.386239787 564.713528201 -29.013329893 -0.016919842 0.041213866 0.529939175 0.846864574
1706080826.541975260 180.471912261 564.921757740 -29.039021510 -0.016963082 0.041294370 0.530197954 0.846697796
1706080826.640775204 180.570796006 565.131485917 -29.077108924 -0.017004125 0.041446591 0.530473598 0.846516864
1706080826.744303465 180.661712246 565.348705923 -29.089505777 -0.017944868 0.040669897 0.530879521 0.846280613
1706080826.838228941 180.750916587 565.524837611 -29.130154367 -0.017439764 0.040915472 0.531250371 0.846046584
1706080826.936941624 180.836149904 565.725506015 -29.156128070 -0.017237594 0.041043479 0.531552281 0.845854876
1706080827.040419340 180.935357412 565.937153197 -29.187367956 -0.017019333 0.041202383 0.531919665 0.845620586
1706080827.139044285 181.020136885 566.144319800 -29.196222208 -0.017207408 0.040935678 0.532338293 0.845366262
1706080827.237654686 181.112222212 566.352565636 -29.239545869 -0.016750695 0.041085589 0.532714977 0.845130843
1706080827.336319923 181.197852403 566.561909701 -29.241505226 -0.016042328 0.041410569 0.533159148 0.844848585
1706080827.434950113 181.288705324 566.770823388 -29.268430331 -0.015862262 0.041544110 0.533659604 0.844529397
1706080827.541229010 181.382316267 566.997721350 -29.259105761 -0.017517950 0.040606054 0.534101132 0.844263141
1706080827.644372225 181.483732380 567.216674698 -29.248960821 -0.016968009 0.041141478 0.534448090 0.844028853
1706080827.743041039 181.562359966 567.424562691 -29.201707941 -0.016979113 0.041274038 0.534784474 0.843809060
1706080827.841772795 181.644448667 567.625465148 -29.206597269 -0.016696358 0.041304156 0.535251901 0.843516805
1706080827.940425634 181.740092381 567.826713129 -29.226488254 -0.016085225 0.041971998 0.535698149 0.843212376
1706080828.044010639 181.837074814 568.031516009 -29.205071501 -0.016767433 0.041754350 0.536100500 0.842954139
1706080828.142831087 181.923501023 568.233400571 -29.236765689 -0.015850822 0.042228824 0.536630627 0.842610852
1706080828.241469622 182.007524724 568.448837415 -29.265171704 -0.015995148 0.042032337 0.537000922 0.842382008
1706080828.340113401 182.106285160 568.650280012 -29.303543917 -0.016284776 0.042111442 0.537610008 0.841983914
1706080828.438751698 182.198295501 568.852041847 -29.298264103 -0.015629775 0.042364406 0.538093722 0.841674589
1706080828.537384748 182.276925825 569.061774241 -29.276167563 -0.016238443 0.042184198 0.538550886 0.841379671
1706080828.642836571 182.372550538 569.267629717 -29.288545946 -0.016356698 0.042209535 0.539275091 0.840912118
1706080828.742339611 182.460385059 569.475139286 -29.298232248 -0.016293705 0.042679563 0.539762986 0.840576522
1706080828.841531515 182.538441397 569.679501407 -29.303533684 -0.015523767 0.042549838 0.540364248 0.840211285
1706080828.944179773 182.619305425 569.898389419 -29.297876620 -0.015831869 0.042497505 0.540866140 0.839885190
1706080829.042772293 182.696750177 570.108203932 -29.304261911 -0.015095708 0.043375479 0.541390047 0.839516232
1706080829.141466618 182.778086350 570.312477665 -29.330564072 -0.015593930 0.043041245 0.541835610 0.839236827
1706080829.240235090 182.865443344 570.518449094 -29.341073468 -0.015528620 0.043445508 0.542249452 0.838949868
1706080829.343862534 182.955322139 570.734609277 -29.355801738 -0.015323109 0.043462110 0.542864790 0.838554749
1706080829.442488670 183.040329801 570.944805760 -29.377651883 -0.015291755 0.043557653 0.543354672 0.838233019
1706080829.541138887 183.128799804 571.153410424 -29.377854264 -0.015160186 0.044097419 0.543887326 0.837861661
1706080829.639734745 183.213972538 571.351472190 -29.451180544 -0.014736890 0.043560973 0.544353339 0.837594596
1706080829.738394976 183.301579746 571.547787881 -29.480416032 -0.014177248 0.043940626 0.544935006 0.837206107
1706080829.843968153 183.401136798 571.763294480 -29.532832565 -0.014279040 0.043714508 0.545531354 0.836827756
1706080829.943450451 183.487182051 571.959055166 -29.564804794 -0.014193710 0.043772946 0.545943848 0.836557101
1706080830.042576551 183.572468587 572.159642939 -29.595659820 -0.014137659 0.043794217 0.546464443 0.836216961
1706080830.145109415 183.659054503 572.386606784 -29.621753702 -0.014778211 0.042749472 0.547000920 0.835909134
1706080830.243815899 183.743353937 572.599588415 -29.646136487 -0.013664150 0.044178267 0.547352710 0.835623469
1706080830.342539787 183.823401187 572.801418267 -29.653624181 -0.013992590 0.043702425 0.547813535 0.835341030
1706080830.441272974 183.897338712 573.000854260 -29.620954880 -0.014997931 0.043907626 0.548179249 0.835072867
1706080830.544885159 183.981762394 573.222079170 -29.614808369 -0.015216461 0.043706543 0.548656771 0.834765802
1706080830.643508434 184.064701510 573.432629992 -29.624198083 -0.014141305 0.044267461 0.549146202 0.834433259
1706080830.742170095 184.153435534 573.634214260 -29.633547575 -0.015295762 0.043549544 0.549549101 0.834185388
1706080830.840788841 184.231130174 573.847078886 -29.615243486 -0.015659074 0.043428515 0.550036002 0.833863990
1706080830.939437866 184.303920376 574.065056151 -29.568732079 -0.017241616 0.041719577 0.550492612 0.833618671
1706080831.045185804 184.384082760 574.279676544 -29.611600336 -0.016039746 0.042704875 0.551012756 0.833249040
1706080831.144570112 184.466309490 574.497415841 -29.608896620 -0.016136467 0.043133838 0.551416600 0.832957874
1706080831.243690491 184.549545714 574.701214985 -29.619334573 -0.015898265 0.043289714 0.551862560 0.832658970
1706080831.342792511 184.627518692 574.905025314 -29.653001799 -0.016104378 0.043204344 0.552320235 0.832355928
1706080831.444844961 184.713751102 575.110814926 -29.646684898 -0.016147807 0.043397336 0.552809977 0.832019861
1706080831.543614626 184.791980010 575.324323853 -29.661216032 -0.016190114 0.042869982 0.553306832 0.831716054
1706080831.642333746 184.870411197 575.530104127 -29.645724042 -0.016532015 0.042629501 0.553684482 0.831470331
1706080831.741452456 184.952662787 575.743543213 -29.659920870 -0.015936029 0.043323513 0.554088447 0.831176942
1706080831.844563961 185.028526473 575.956481167 -29.716973934 -0.015686089 0.043567646 0.554394325 0.830964945
1706080831.943204403 185.105576267 576.168403474 -29.745936574 -0.015679446 0.043728066 0.554816599 0.830674757
1706080832.041844606 185.180673354 576.386926359 -29.707258922 -0.016513131 0.043019369 0.555302143 0.830371110
1706080832.140470982 185.256467392 576.589847191 -29.724896474 -0.016298752 0.043453397 0.555631497 0.830132395
1706080832.239092350 185.331101976 576.795319742 -29.747757092 -0.016248768 0.043325838 0.555981624 0.829905587
1706080832.345068693 185.406376631 577.012055114 -29.754707776 -0.016121976 0.043717112 0.556335975 0.829650034
1706080832.444795609 185.490153926 577.218743573 -29.728371997 -0.016059533 0.043786480 0.556840249 0.829309214
1706080832.543864727 185.573133912 577.425478568 -29.757411491 -0.015363112 0.043701597 0.557373715 0.828968448
1706080832.642971516 185.658827126 577.631960665 -29.800421093 -0.015894628 0.043527005 0.557707231 0.828743269
1706080832.744620085 185.730832839 577.851547683 -29.840946360 -0.015563299 0.043154787 0.558133416 0.828482069
1706080832.843400955 185.810636950 578.053037777 -29.846056661 -0.015299433 0.043697975 0.558682388 0.828088404
1706080832.942493439 185.887070141 578.262028114 -29.837789108 -0.015443823 0.043792431 0.558925880 0.827916404
1706080833.041425943 185.957051545 578.476157587 -29.885327851 -0.014045322 0.044431841 0.559259222 0.827682102
1706080833.144203901 186.035440604 578.698308744 -29.868633283 -0.015082660 0.043920336 0.559736199 0.827368664
1706080833.242882013 186.123892227 578.902663576 -29.876789937 -0.015484258 0.044003720 0.560401544 0.826906295
1706080833.341497183 186.194187168 579.113286889 -29.912071734 -0.014198233 0.044656241 0.560654019 0.826723231
1706080833.440138578 186.274876642 579.335250943 -29.898660302 -0.015173039 0.044119720 0.560890876 0.826574047
1706080833.544951677 186.359311471 579.554104672 -29.898224871 -0.015166744 0.044513301 0.561350986 0.826240647
1706080833.644079447 186.435393181 579.760866840 -29.950904270 -0.013495429 0.045122004 0.561710557 0.825992208
1706080833.744972467 186.512013356 579.967397102 -29.969781407 -0.014164915 0.044961548 0.561984679 0.825803266
1706080833.844058275 186.592430527 580.173857921 -29.988564151 -0.015287616 0.043745848 0.562324815 0.825616977
1706080833.943110704 186.678076516 580.389516055 -29.995843029 -0.014956911 0.043998730 0.562497536 0.825491929
1706080834.044437647 186.754774238 580.607733257 -30.001128401 -0.014964728 0.044154468 0.562697401 0.825347245
1706080834.143831491 186.824581443 580.809485129 -30.025208142 -0.014700959 0.044513351 0.563036050 0.825101721
1706080834.242452145 186.900510816 581.016971727 -30.015595114 -0.015631143 0.044028683 0.563130257 0.825046335
1706080834.345269918 186.961531150 581.230802100 -30.050857188 -0.014765457 0.044473792 0.563310657 0.824915249
1706080834.443907261 187.029103333 581.432761064 -30.149386855 -0.014535586 0.044979944 0.563581251 0.824707036
1706080834.542540550 187.101949660 581.645202813 -30.136137942 -0.014688460 0.044477691 0.563626980 0.824700316
1706080834.641165972 187.171137996 581.858938489 -30.113150062 -0.016733737 0.043672872 0.563542536 0.824762070
1706080834.739787102 187.241817699 582.070173748 -30.111702442 -0.016109229 0.044168990 0.563664008 0.824665071
1706080834.844697714 187.327649050 582.296259573 -30.137656742 -0.015965371 0.043801216 0.563790088 0.824601296
1706080834.943835735 187.398187220 582.507807459 -30.150289059 -0.015659683 0.044216916 0.563875031 0.824526888
1706080835.044919014 187.476408564 582.725096848 -30.180549077 -0.015302699 0.044417663 0.563807899 0.824568706
1706080835.143963814 187.554249332 582.947616555 -30.158215719 -0.017595713 0.043369959 0.563738563 0.824626139
1706080835.245430470 187.631333932 583.159829089 -30.145309106 -0.016865509 0.044020118 0.563834387 0.824541429
1706080835.344879150 187.705455831 583.362558109 -30.105062865 -0.017761769 0.043262770 0.563736140 0.824629867
1706080835.443539143 187.787914133 583.572675552 -30.129224595 -0.017065967 0.043674531 0.563707710 0.824642290
1706080835.543252230 187.854931796 583.775544169 -30.166327389 -0.016014819 0.044472985 0.563571942 0.824713493
1706080835.644797087 187.933066839 583.986229977 -30.183610767 -0.016119802 0.044203343 0.563644211 0.824676554
1706080835.743586779 188.010844791 584.204161135 -30.192367487 -0.016479786 0.043451974 0.563572945 0.824758072
1706080835.842202902 188.084992050 584.419324564 -30.202841169 -0.015555996 0.044189094 0.563495075 0.824790055
1706080835.940821171 188.167660084 584.616194112 -30.224555653 -0.015817291 0.043869524 0.563444540 0.824836667
1706080836.039414883 188.255773639 584.821831406 -30.215716660 -0.016946809 0.043567852 0.563403788 0.824858060
1706080836.144536734 188.332474168 585.045777026 -30.238403280 -0.016009348 0.044121403 0.563133664 0.825031805
1706080836.243140697 188.412846342 585.264291648 -30.206072635 -0.015935798 0.044215752 0.562974985 0.825136464
1706080836.345287085 188.495471933 585.486723619 -30.208170023 -0.014775324 0.044901746 0.562992630 0.825108975
1706080836.444289207 188.559986654 585.695444624 -30.193170687 -0.015049643 0.045200771 0.562779943 0.825232776
1706080836.544948339 188.637181077 585.899977220 -30.236563653 -0.016492665 0.043703561 0.562598186 0.825409760
1706080836.644627571 188.710466670 586.116772697 -30.250466216 -0.016056083 0.044012217 0.562521068 0.825454527
1706080836.744508743 188.786803077 586.332931005 -30.230357518 -0.016347076 0.043847112 0.562418901 0.825527215
1706080836.843362331 188.868010340 586.544539096 -30.224596548 -0.016045248 0.043832696 0.562330515 0.825594112
1706080836.944602489 188.944867913 586.752652534 -30.222838587 -0.016012364 0.044312761 0.562083435 0.825737364
1706080837.043228388 189.013920225 586.964033263 -30.262349924 -0.014769896 0.044595389 0.561927443 0.825851470
1706080837.141843081 189.085781112 587.175327859 -30.246720239 -0.017123366 0.042907767 0.561750856 0.826015550
1706080837.240434408 189.169831063 587.376286678 -30.303964936 -0.014758581 0.044890207 0.561729613 0.825970275
1706080837.345325470 189.244063547 587.603538453 -30.298920180 -0.015297554 0.044543599 0.561404569 0.826200195
1706080837.444176912 189.317400222 587.805004365 -30.296582372 -0.015877491 0.044742435 0.561317846 0.826237433
1706080837.542928696 189.402910230 588.030102902 -30.316471929 -0.016379117 0.043650396 0.561228428 0.826346791
1706080837.641540051 189.489975697 588.220449410 -30.336099655 -0.016790144 0.043642996 0.561362813 0.826247646
1706080837.744543076 189.573986042 588.439986271 -30.324766420 -0.016869523 0.043757479 0.561351089 0.826247939
1706080837.845302105 189.656692016 588.647557852 -30.360815668 -0.016594844 0.043281286 0.561363934 0.826269856
1706080837.944854736 189.735807091 588.855225782 -30.409216991 -0.016026468 0.044208912 0.561304880 0.826272083
1706080838.044038773 189.822034610 589.073780858 -30.420461972 -0.016662321 0.043352923 0.561437290 0.826214900
1706080838.143384457 189.893721545 589.288089787 -30.462206794 -0.015846731 0.043828630 0.561252161 0.826331619
1706080838.244253874 189.970053161 589.500097052 -30.480346563 -0.016145076 0.043901211 0.561334636 0.826265966
1706080838.342878580 190.035273016 589.706410053 -30.512944798 -0.016401630 0.043800055 0.561146819 0.826393846
1706080838.441468954 190.119249280 589.905891167 -30.570869272 -0.016410194 0.043524114 0.561190434 0.826378639
1706080838.540037870 190.191282553 590.121013216 -30.604009322 -0.016805395 0.042631890 0.561151534 0.826443620
1706080838.638486862 190.265955205 590.317221850 -30.616491670 -0.017428914 0.042846067 0.561370252 0.826271074
1706080838.743980646 190.342536846 590.538660773 -30.586301195 -0.016762284 0.043516756 0.561329042 0.826277813
1706080838.842409611 190.417134064 590.739263617 -30.582839608 -0.017139912 0.043305967 0.561520135 0.826151290
1706080838.945143223 190.490001698 590.969841912 -30.568532714 -0.016326222 0.043363245 0.561346837 0.826282526
1706080839.044532537 190.571932433 591.190780769 -30.546440534 -0.016935618 0.043272682 0.561476204 0.826187105
1706080839.143347740 190.647584115 591.399050980 -30.545415257 -0.017304577 0.043250309 0.561374335 0.826249853
1706080839.245406866 190.723609197 591.612498262 -30.526354117 -0.016052872 0.044006932 0.561378999 0.826231998
1706080839.344289064 190.797744751 591.822216161 -30.497765010 -0.016600269 0.043665740 0.561407086 0.826220200
1706080839.445037842 190.868741733 592.032698237 -30.504938166 -0.016776989 0.043401109 0.561246641 0.826339570
1706080839.543911219 190.945846543 592.249331511 -30.549035450 -0.016217974 0.043810419 0.561194374 0.826364629
1706080839.642504454 191.022658380 592.450646042 -30.606058036 -0.016506018 0.043498534 0.561126690 0.826421362
1706080839.741055727 191.096967094 592.665989164 -30.618398573 -0.016219072 0.043665118 0.561057461 0.826465259
1706080839.839370728 191.182035044 592.865202935 -30.617941512 -0.016117638 0.043818031 0.561155115 0.826392848
1706080839.945024967 191.276358649 593.085766691 -30.667656257 -0.016426280 0.043571650 0.560998689 0.826505995
1706080840.043439150 191.350519337 593.295406056 -30.662307026 -0.017171004 0.042694086 0.560915740 0.826592949
1706080840.142049789 191.423361455 593.505255905 -30.709713847 -0.016844959 0.043282297 0.560771813 0.826666719
1706080840.245456457 191.503475429 593.725910550 -30.719976522 -0.016623604 0.043260192 0.560805886 0.826649243
1706080840.344424248 191.582189257 593.942448545 -30.719369318 -0.017768551 0.041829717 0.560623705 0.826822602
1706080840.445135117 191.650082583 594.155252232 -30.675472701 -0.017439922 0.043075482 0.560584678 0.826792096
1706080840.544972420 191.736175940 594.349971664 -30.684174260 -0.017675791 0.043098184 0.560656799 0.826736999
1706080840.644829273 191.809061975 594.562083706 -30.698767467 -0.016930177 0.043097880 0.560659884 0.826750528
1706080840.744953394 191.897152827 594.782763790 -30.713494026 -0.016826099 0.043219952 0.560595771 0.826789755
1706080840.843526125 191.975925170 594.982079352 -30.732859559 -0.017508744 0.042998258 0.560594798 0.826787800
1706080840.942088366 192.046239390 595.191165942 -30.739071356 -0.016888097 0.043319331 0.560378351 0.826930669
1706080841.035107851 192.127185617 595.391942257 -30.769588990 -0.016744494 0.043173570 0.560336546 0.826969540
1706080841.133753300 192.205713426 595.604941081 -30.804129118 -0.016406792 0.043641782 0.560244773 0.827013909
1706080841.244684458 192.301724780 595.842207330 -30.845301468 -0.017379291 0.042779707 0.560100630 0.827136712
1706080841.343126774 192.368310556 596.052073356 -30.850435140 -0.015934291 0.044042351 0.559810337 0.827296051
1706080841.441744089 192.436980704 596.259144362 -30.822642056 -0.016242327 0.043714093 0.559703936 0.827379459
1706080841.540483713 192.508204695 596.460475920 -30.822031029 -0.016533199 0.043373854 0.559568234 0.827483386
1706080841.644209623 192.577247813 596.680681388 -30.809639407 -0.016571845 0.043551007 0.559275376 0.827671274
1706080841.745478868 192.662157797 596.888394162 -30.850602512 -0.016524237 0.043820735 0.559218517 0.827696407
1706080841.845313072 192.757964407 597.100681293 -30.860784421 -0.016546780 0.043913639 0.559132987 0.827748814
1706080841.944996357 192.833937973 597.323425301 -30.840544534 -0.017025222 0.043730510 0.558911243 0.827898549
1706080842.044559717 192.901760421 597.537955154 -30.883765170 -0.016104174 0.043758785 0.558723285 0.828042339
1706080842.143104792 192.974765442 597.749332166 -30.878565562 -0.016281748 0.044038058 0.558690115 0.828046442
1706080842.236143112 193.057802443 597.945265276 -30.896902987 -0.016825366 0.043554632 0.558598044 0.828123256
1706080842.334764004 193.137155534 598.149567425 -30.895642418 -0.016853405 0.043364599 0.558412777 0.828257595
1706080842.433409929 193.206495275 598.357769451 -30.868097506 -0.017050546 0.043662897 0.558240419 0.828354070
1706080842.544162273 193.302607834 598.590479007 -30.909330297 -0.016701974 0.043480034 0.558086338 0.828474604
1706080842.642772913 193.376082914 598.805637631 -30.890012008 -0.016815043 0.043544284 0.558009640 0.828520604
1706080842.741512299 193.464117039 599.013921057 -30.960721307 -0.016235182 0.043932183 0.557970131 0.828538301
1706080842.844757795 193.546946293 599.234900485 -30.979445861 -0.017002599 0.042995594 0.557830386 0.828666128
1706080842.943918228 193.616464487 599.442655247 -30.971422495 -0.016841699 0.043573220 0.557722418 0.828711914
1706080843.042585850 193.694819091 599.657252132 -30.978336757 -0.016512833 0.043583185 0.557658344 0.828761126
1706080843.144843578 193.781527746 599.878547568 -30.996698909 -0.016320737 0.043533736 0.557586098 0.828816138
1706080843.245491028 193.863584470 600.082291026 -31.055278324 -0.016244788 0.043667886 0.557363881 0.828960027
1706080843.344126463 193.937479905 600.292490830 -31.049752517 -0.016542836 0.043181324 0.557264084 0.829046711
1706080843.437157154 194.013804232 600.485491364 -31.034401664 -0.016776851 0.043346903 0.557269740 0.829029565
1706080843.535802603 194.098776510 600.689710341 -31.041405472 -0.017323229 0.043186153 0.557163980 0.829097800
1706080843.634444714 194.174619021 600.906537236 -31.077043299 -0.016067176 0.043614193 0.557113847 0.829134374
1706080843.745203495 194.268695001 601.143324967 -31.119803440 -0.015835639 0.043618789 0.557132529 0.829126033
1706080843.843819380 194.350705035 601.336583572 -31.118990656 -0.016577169 0.043278826 0.557013624 0.829209240
1706080843.942557335 194.419512746 601.546872483 -31.151349279 -0.015640376 0.043559608 0.556920053 0.829275584
1706080844.041146755 194.496233904 601.751332200 -31.157072722 -0.016098833 0.043133115 0.556984895 0.829245554
1706080844.144847870 194.575575533 601.979254985 -31.147325502 -0.015971268 0.043840097 0.556862986 0.829292819
1706080844.243647575 194.658069861 602.198746850 -31.123451963 -0.016170490 0.043669202 0.556778640 0.829354606
1706080844.342288494 194.733844385 602.407652881 -31.115022335 -0.016205647 0.043311087 0.556660877 0.829451744
1706080844.445144653 194.812127963 602.633846276 -31.101210975 -0.016767745 0.042810195 0.556511830 0.829566581
1706080844.544996262 194.883512722 602.846698437 -31.098223198 -0.016755889 0.043280076 0.556442865 0.829588701
1706080844.638230085 194.967913389 603.046457560 -31.152786697 -0.016081754 0.043607471 0.556468354 0.829567801
1706080844.736863852 195.054243070 603.250285604 -31.195044806 -0.016506366 0.043246467 0.556311897 0.829683287
1706080844.835474730 195.133315757 603.459098772 -31.217004819 -0.016812926 0.042820904 0.556126679 0.829823362
1706080844.934122562 195.223811237 603.666475649 -31.213066575 -0.016875105 0.042959039 0.556242633 0.829737239
1706080845.044851780 195.314849800 603.895790715 -31.236024115 -0.017411312 0.042610674 0.556073584 0.829857425
1706080845.143626213 195.390851528 604.097938904 -31.268658509 -0.017483416 0.042713430 0.555898740 0.829967761
1706080845.242214680 195.481806165 604.297962173 -31.292498137 -0.017057078 0.042843577 0.555959157 0.829929454
1706080845.340848207 195.550654179 604.515310892 -31.298139666 -0.017629720 0.042228025 0.555737954 0.830097171
1706080845.444667816 195.631836355 604.728014310 -31.320849912 -0.017339308 0.042581081 0.555786815 0.830052538
1706080845.543338537 195.705011009 604.937679838 -31.290510877 -0.017703164 0.042537727 0.555798905 0.830038985
1706080845.641966820 195.799542375 605.156161623 -31.276985002 -0.017018205 0.042690244 0.555889564 0.829984769
1706080845.745490074 195.879433854 605.379725133 -31.297837715 -0.016996720 0.042799037 0.555685368 0.830116332
1706080845.839266062 195.955797323 605.572417940 -31.300286463 -0.016538442 0.043408681 0.555627821 0.830132454
1706080845.937900543 196.033227092 605.788414957 -31.339625206 -0.016214791 0.043175533 0.555403445 0.830301131
1706080846.036511183 196.114678856 606.002810041 -31.368529727 -0.015008428 0.044172848 0.555159945 0.830434189
1706080846.135160923 196.193290045 606.219216351 -31.388971508 -0.015392087 0.044088764 0.554926916 0.830587372
1706080846.240825415 196.285467082 606.443960663 -31.402019008 -0.015677350 0.043641395 0.554795188 0.830693655
1706080846.344672441 196.349627904 606.670735048 -31.395944954 -0.015550275 0.044373033 0.554648987 0.830754912
1706080846.443251848 196.428568514 606.875809669 -31.397803779 -0.016054213 0.043935453 0.554638250 0.830775752
1706080846.541884899 196.514508435 607.078138859 -31.448560448 -0.015962127 0.043834983 0.554536139 0.830850994
1706080846.640579700 196.599864053 607.283658413 -31.495831098 -0.014916134 0.044857595 0.554474163 0.830857213
1706080846.744362116 196.691868090 607.511651333 -31.527249425 -0.015816846 0.043663461 0.554356355 0.830982768
1706080846.843009233 196.773932689 607.723181479 -31.559714273 -0.015951025 0.043749712 0.554243162 0.831051169
1706080846.941650867 196.855879520 607.918469526 -31.602532242 -0.015251863 0.044134642 0.554285671 0.831015589
1706080847.040282011 196.934676536 608.121932115 -31.586352146 -0.016959946 0.042660001 0.554357195 0.831011784
1706080847.138918400 197.009813964 608.335321668 -31.576745905 -0.016924983 0.043006015 0.554315180 0.831022689
1706080847.237566710 197.085396702 608.546042351 -31.543619550 -0.016838080 0.042985976 0.554279239 0.831049463
1706080847.336187601 197.172625897 608.757883973 -31.527320350 -0.016915394 0.042968716 0.554473317 0.830919310
1706080847.442039967 197.258102705 608.983523206 -31.532095534 -0.016563833 0.043273127 0.554548843 0.830860191
1706080847.545401096 197.348198870 609.202807426 -31.524492587 -0.017221843 0.042789181 0.554646513 0.830806680
1706080847.644251108 197.424130221 609.412334810 -31.502390606 -0.016608212 0.043865285 0.554686402 0.830736420
1706080847.742919445 197.509219171 609.616165277 -31.518139021 -0.016931638 0.043484191 0.554863812 0.830631443
1706080847.841618299 197.581935106 609.827170129 -31.537078015 -0.017296568 0.043583770 0.554922074 0.830579783
1706080847.940366983 197.660050676 610.037234571 -31.555699987 -0.016385376 0.043684832 0.555369761 0.830293673
1706080848.044038773 197.747387567 610.259451243 -31.574091740 -0.016484494 0.044336949 0.555471586 0.830189023
1706080848.142686844 197.825794038 610.476481962 -31.591296718 -0.016634939 0.043878094 0.555786271 0.829999767
1706080848.241326094 197.909108628 610.694259110 -31.598858857 -0.017206980 0.043693274 0.555983130 0.829865999
1706080848.339951277 197.979425987 610.905883012 -31.552811601 -0.017155630 0.043954317 0.556314994 0.829630839
1706080848.438598633 198.052060522 611.120728829 -31.556407015 -0.016143768 0.044727972 0.556593466 0.829422993
1706080848.537224531 198.130184502 611.329021672 -31.549629375 -0.015973009 0.044695428 0.556953084 0.829186616
1706080848.643144608 198.210159995 611.566862105 -31.551375327 -0.015059347 0.045067890 0.557197861 0.829019086
1706080848.742346048 198.286126499 611.773998264 -31.559946278 -0.014560235 0.045295939 0.557385647 0.828889328
1706080848.841518879 198.377761640 611.975671732 -31.551008288 -0.014669770 0.045414270 0.557585889 0.828746232
1706080848.943970442 198.460361829 612.189227102 -31.542296171 -0.014662129 0.045216198 0.557903824 0.828543204
1706080849.042801857 198.535616506 612.383546702 -31.644353147 -0.012990900 0.046501659 0.557883152 0.828513863
1706080849.141405821 198.619603059 612.596641373 -31.653750319 -0.013941970 0.045859537 0.558083729 0.828399104
1706080849.245085001 198.699737377 612.819066394 -31.686555334 -0.012690544 0.046146019 0.558110633 0.828385186
1706080849.343725681 198.774229790 613.040291173 -31.736476673 -0.012505161 0.046364813 0.558187042 0.828324303
1706080849.442366600 198.867472154 613.246824382 -31.760991748 -0.012982676 0.046337244 0.558426190 0.828157292
1706080849.541007757 198.946528960 613.449855575 -31.770318575 -0.012950001 0.045920653 0.558497913 0.828132642
1706080849.639626980 199.032725215 613.650099119 -31.804583843 -0.012395922 0.046981781 0.558565835 0.828035785
1706080849.738260269 199.105163098 613.857338364 -31.838956523 -0.012418019 0.046097315 0.558756701 0.827956387
1706080849.844232082 199.187331122 614.094547024 -31.813840038 -0.013866514 0.045608477 0.558813989 0.827921803
1706080849.943456888 199.274997933 614.304010856 -31.823075513 -0.013439282 0.045743854 0.559125725 0.827710885
1706080850.042633772 199.346386106 614.524129935 -31.813901123 -0.013833015 0.045463876 0.559364183 0.827558695
1706080850.145016432 199.418838839 614.743756252 -31.835356404 -0.014143038 0.044914527 0.559596975 0.827426060
1706080850.243838787 199.496804581 614.945527857 -31.859447815 -0.014365933 0.045385213 0.559862268 0.827217047
1706080850.342455387 199.573263913 615.161343461 -31.886326879 -0.014203304 0.044988336 0.560012397 0.827139910
1706080850.441375971 199.648256126 615.371951186 -31.839992444 -0.015773165 0.044313884 0.560251988 0.826985609
1706080850.544768810 199.726161315 615.595473831 -31.803794525 -0.015735144 0.044235847 0.560475858 0.826838804
1706080850.643409491 199.795855218 615.801898673 -31.818756161 -0.016244470 0.044078415 0.560593158 0.826757837
1706080850.742047310 199.879687055 616.008509299 -31.850352386 -0.016848543 0.043924630 0.560745726 0.826650461
1706080850.840663433 199.958149782 616.201211281 -31.918213142 -0.016462553 0.044481496 0.560969831 0.826476394
1706080850.939297915 200.041069461 616.408749675 -31.978489542 -0.016417282 0.043896705 0.561175847 0.826368696
1706080851.045343876 200.115807256 616.651772044 -31.982177300 -0.017637404 0.043513772 0.561105665 0.826411463
1706080851.144595623 200.195022255 616.875636558 -31.997500404 -0.016946608 0.043340035 0.561142097 0.826410310
1706080851.243763208 200.271674643 617.094447104 -32.004251026 -0.018086072 0.042638543 0.561374535 0.826264776
1706080851.342831850 200.342940082 617.302064769 -32.045802946 -0.017074509 0.043455139 0.561395691 0.826229381
1706080851.444772243 200.430574871 617.516986262 -32.033564966 -0.017881066 0.042679544 0.561380235 0.826263249
1706080851.543520689 200.501273606 617.729292888 -32.010805250 -0.018614446 0.042689786 0.561277640 0.826316220
1706080851.642360449 200.581644467 617.930171307 -32.012877935 -0.018528237 0.043004063 0.561272822 0.826305134
1706080851.741554499 200.657768838 618.140153997 -32.032662045 -0.018368613 0.042587766 0.561330844 0.826290845
1706080851.844434977 200.738588768 618.360880847 -32.029666546 -0.018377020 0.043002232 0.561215722 0.826347389
1706080851.943075657 200.806581195 618.577957603 -32.018848123 -0.019920355 0.042280398 0.560919194 0.826550183
1706080852.041722059 200.869740521 618.788851953 -32.026916218 -0.019222942 0.042657994 0.560838328 0.826602168
1706080852.140343666 200.950008715 619.005062168 -31.988844186 -0.020156917 0.042268726 0.560746802 0.826662009
1706080852.245328426 201.027527020 619.233602602 -32.009222323 -0.020154509 0.042029131 0.560628858 0.826754275
1706080852.345318317 201.103633615 619.442168344 -32.012787305 -0.020368025 0.042245658 0.560507338 0.826820399
1706080852.444854975 201.188503657 619.650487829 -32.026392735 -0.020893337 0.041715347 0.560429327 0.826887095
1706080852.543944836 201.265087017 619.849510929 -32.073359191 -0.019917742 0.041930968 0.560292409 0.826993044
1706080852.643009424 201.338848075 620.062545402 -32.099775937 -0.020391400 0.041564696 0.560034610 0.827174590
1706080852.744560719 201.429482599 620.288734075 -32.126503480 -0.020506799 0.041114441 0.559780528 0.827366203
1706080852.843501568 201.510540898 620.495768182 -32.127973532 -0.019142912 0.041714948 0.559554600 0.827521638
1706080852.942619085 201.598697361 620.702008050 -32.167487631 -0.018969657 0.041770299 0.559265509 0.827718240
1706080853.041584015 201.674059987 620.905633989 -32.163720188 -0.018280697 0.042311599 0.559106079 0.827813951
1706080853.144114017 201.749071329 621.126427016 -32.149814594 -0.017811854 0.042427486 0.558859056 0.827985025
1706080853.242760181 201.830799621 621.332063694 -32.158610324 -0.017752754 0.042909851 0.558666609 0.828091302
1706080853.341388941 201.900911393 621.537102485 -32.166082181 -0.017307618 0.043509737 0.558461190 0.828207974
1706080853.439993858 201.980786286 621.739103124 -32.156718502 -0.017496314 0.043661686 0.558421790 0.828222579
1706080853.545409203 202.067719956 621.973835843 -32.182703717 -0.017352798 0.044047104 0.558255383 0.828317367
1706080853.644180536 202.157203177 622.170587365 -32.205033063 -0.017776687 0.043982510 0.558317211 0.828270137
1706080853.745042086 202.235334777 622.386181880 -32.222388851 -0.018264528 0.043749885 0.558310633 0.828276277
1706080853.844084024 202.315037733 622.596997522 -32.234457391 -0.018526828 0.043671725 0.558498001 0.828148248
1706080853.943204403 202.391800063 622.817322021 -32.235729040 -0.018204738 0.043546641 0.558563752 0.828117632
1706080854.044584990 202.463316374 623.034423811 -32.235444916 -0.018728949 0.042954086 0.558865456 0.827933315
1706080854.143736124 202.546259973 623.250366149 -32.234767868 -0.018743617 0.043235598 0.559095314 0.827763124
1706080854.242681742 202.617007050 623.456786922 -32.268852787 -0.018461947 0.043082926 0.559330369 0.827618605
1706080854.345152855 202.689524579 623.678389385 -32.255261490 -0.018834163 0.042920875 0.559593933 0.827440453
1706080854.443796158 202.771965895 623.885742750 -32.269601801 -0.019084674 0.042708384 0.559757866 0.827334818
1706080854.542423487 202.853067714 624.096150698 -32.276090261 -0.017794943 0.043758043 0.559675996 0.827364099
1706080854.641031504 202.939042317 624.306380077 -32.263802094 -0.017671602 0.043771598 0.559664023 0.827374125
1706080854.739657402 203.022785935 624.512751653 -32.274578315 -0.015416849 0.046192320 0.559617330 0.827319185
1706080854.845237255 203.101707027 624.736970762 -32.290095113 -0.014568566 0.046680583 0.559478048 0.827401350
1706080854.943405867 203.186968759 624.936901485 -32.336673712 -0.015189201 0.046691421 0.559517132 0.827363148
1706080855.044995070 203.261754847 625.151540481 -32.369276794 -0.013218384 0.047570499 0.559561359 0.827316993
1706080855.144258499 203.338566013 625.368915776 -32.385576994 -0.013298420 0.047463669 0.559711934 0.827219984
1706080855.245458364 203.413157583 625.580404098 -32.391737652 -0.012993057 0.047650346 0.559975557 0.827035671
1706080855.344785929 203.486865295 625.793598954 -32.377890490 -0.013141201 0.047457508 0.560270219 0.826844831
1706080855.443760395 203.565910847 626.001933711 -32.375654304 -0.013827925 0.047072762 0.560486677 0.826708914
1706080855.542890310 203.649892214 626.217620172 -32.386349385 -0.013068637 0.047555702 0.560671253 0.826568456
1706080855.644799232 203.730397541 626.433790125 -32.382934246 -0.012964186 0.047795039 0.560879574 0.826414949
1706080855.743432760 203.805450002 626.637658269 -32.409390649 -0.011764245 0.048820990 0.560895692 0.826361988
1706080855.842051744 203.887119406 626.844182468 -32.437884504 -0.009596633 0.050140414 0.560952617 0.826272355
1706080855.940680027 203.969212858 627.043195524 -32.449503703 -0.007252691 0.051828723 0.560903860 0.826225176
1706080856.039263487 204.038468817 627.256260873 -32.427989208 -0.005474532 0.052964135 0.560684673 0.826315634
1706080856.144473791 204.138206531 627.479412575 -32.455429814 -0.002822049 0.054432030 0.560798170 0.826156524
1706080856.243201494 204.231386206 627.689714498 -32.486901237 0.000026532 0.056375345 0.560753681 0.826061214
1706080856.345228672 204.318942735 627.902289812 -32.527850248 0.002118570 0.057936449 0.560788243 0.825927010
1706080856.444304228 204.398271378 628.104893764 -32.531702494 0.004401188 0.059409508 0.560975810 0.825685946
1706080856.545016050 204.476785799 628.319337858 -32.524893357 0.005643579 0.060539897 0.561095487 0.825514945
1706080856.644687176 204.560450652 628.530073780 -32.552684305 0.007513062 0.061684987 0.561417766 0.825196103
1706080856.743939638 204.638611682 628.730812109 -32.590422092 0.008693052 0.062016958 0.561729287 0.824947596
1706080856.842681170 204.722591531 628.934521097 -32.607633398 0.009188832 0.062462106 0.562138985 0.824629500
1706080856.944462776 204.793962643 629.153916873 -32.626320728 0.010036165 0.062747418 0.562389724 0.824426974
1706080857.043105125 204.880629879 629.366969187 -32.626518330 0.010286178 0.062994788 0.562903642 0.824054210
1706080857.141723633 204.951181194 629.576602800 -32.676514683 0.011873509 0.064525311 0.563057871 0.823809042
1706080857.240293264 205.015493312 629.794877990 -32.685038988 0.011600794 0.064000595 0.563377449 0.823635354
1706080857.345301390 205.088443712 630.024972831 -32.671581368 0.010080419 0.063321835 0.563656660 0.823516788
1706080857.444297314 205.166076732 630.231966503 -32.643779899 0.010929034 0.064390636 0.563951566 0.823221133
1706080857.542987585 205.231944149 630.449574655 -32.633281246 0.009348496 0.063333751 0.564275937 0.823100303
1706080857.641318083 205.313964893 630.641169978 -32.655152841 0.009558888 0.063911884 0.564537108 0.822874081
1706080857.744414806 205.394351655 630.856207466 -32.630289862 0.008885411 0.063457791 0.564839154 0.822709480
1706080857.845325947 205.470726032 631.069276365 -32.667477216 0.008864925 0.063207380 0.565138701 0.822523245
1706080857.945058584 205.538509999 631.283475971 -32.661463741 0.007931167 0.062949176 0.565454577 0.822335466
1706080858.043803692 205.619677821 631.495385255 -32.719578086 0.008148603 0.062271389 0.565812147 0.822138972
1706080858.143320560 205.681560199 631.715516877 -32.704233335 0.007406071 0.062078724 0.565917549 0.822088018
1706080858.244126797 205.764249439 631.930376232 -32.687707325 0.006459058 0.061424110 0.566288458 0.821889738
1706080858.342750311 205.832560830 632.134340194 -32.737535271 0.005991561 0.061290625 0.566550323 0.821722758
1706080858.441322327 205.900787458 632.339268722 -32.747538851 0.006109373 0.061491197 0.566746443 0.821571651
1706080858.539891720 205.977980983 632.555902653 -32.752839787 0.006657298 0.061721191 0.567119810 0.821292455
1706080858.644839764 206.054157802 632.773992608 -32.767934263 0.006359297 0.061385351 0.567398350 0.821127585
1706080858.743966579 206.119555749 632.980767867 -32.822988181 0.006096110 0.061540577 0.567556954 0.821008343
1706080858.842291355 206.194675972 633.188127537 -32.874368736 0.007485414 0.061773114 0.567920796 0.820727738
1706080858.945146084 206.266011717 633.419466060 -32.872287203 0.006040965 0.060903029 0.568125050 0.820663302
1706080859.044443369 206.333261773 633.629735241 -32.842819237 0.006246734 0.061713260 0.568248515 0.820515738
1706080859.143250704 206.409175802 633.829454746 -32.907064397 0.007004614 0.061898525 0.568418047 0.820378225
1706080859.244928122 206.476420023 634.054503362 -32.935152609 0.006930303 0.061681431 0.568527145 0.820319607
1706080859.344435453 206.557703325 634.270770833 -32.933122278 0.006525975 0.061268487 0.568864834 0.820119738
1706080859.445126295 206.628999492 634.484991044 -32.944249211 0.006581404 0.061074861 0.568921689 0.820094298
1706080859.543770313 206.703491248 634.692039396 -32.977684689 0.007267166 0.061347979 0.568955733 0.820044503
1706080859.642360449 206.780284785 634.902032165 -33.028349848 0.006736239 0.060709651 0.569078429 0.820011404
1706080859.740913153 206.848065793 635.119984077 -32.994587537 0.006433252 0.060746997 0.569033497 0.820042252
1706080859.833923817 206.917533471 635.320984106 -32.971345635 0.006418459 0.060970688 0.569020164 0.820035018
1706080859.944755793 207.004215586 635.564322479 -32.993435748 0.007683707 0.061267198 0.568912307 0.820076874
1706080860.043382645 207.073349756 635.777769065 -32.990802256 0.006911211 0.061469389 0.568527739 0.820335273
1706080860.142096043 207.144150141 635.980787242 -33.008522296 0.007487828 0.062211962 0.568209678 0.820494586
1706080860.245468140 207.220497497 636.185878886 -33.000881810 0.006998033 0.062036340 0.567915881 0.820715586
1706080860.344274998 207.287634455 636.400486112 -33.033075797 0.007092409 0.061937438 0.567410254 0.821071894
1706080860.445132017 207.366121646 636.620883367 -33.001499357 0.006750143 0.061974076 0.567078784 0.821300981
1706080860.544955730 207.441003074 636.845674981 -33.024688304 0.005952026 0.060852721 0.566671604 0.821671962
1706080860.644730806 207.520862822 637.055216540 -33.041168064 0.005200426 0.060234658 0.566382925 0.821921605
1706080860.744799137 207.594429587 637.274239649 -33.028154223 0.003442105 0.059333036 0.566200602 0.822122023
1706080860.843405724 207.660073186 637.488097792 -33.045568167 0.001658064 0.057823438 0.566051396 0.822337837
1706080860.941924572 207.726318267 637.702476002 -33.047389695 -0.000369397 0.056430435 0.566038698 0.822444929
1706080861.034974337 207.782239103 637.909024681 -33.072871554 -0.001935311 0.055337517 0.565767643 0.822703463
1706080861.133604050 207.851757372 638.121597241 -33.057029814 -0.004028779 0.053749527 0.565780728 0.822792152
1706080861.244453907 207.931428876 638.354994298 -33.082558523 -0.006403867 0.052110198 0.565688178 0.822946172
1706080861.343144894 207.996328416 638.553577275 -33.066254422 -0.008609540 0.050860981 0.565716764 0.822984556
1706080861.441791773 208.058735426 638.764809272 -33.062258757 -0.009915906 0.049912233 0.565479037 0.823191292
1706080861.544697285 208.136821892 638.988081218 -33.084735749 -0.011289693 0.049173120 0.565337596 0.823315219
1706080861.644101858 208.207992098 639.197595216 -33.080469083 -0.013244659 0.047839750 0.565219824 0.823445498
1706080861.745463371 208.285353765 639.415127204 -33.068638090 -0.014447361 0.047176060 0.565103745 0.823543229
1706080861.845300913 208.357647326 639.629891987 -33.091900406 -0.015144801 0.046610984 0.565043176 0.823604432
1706080861.945132017 208.438944117 639.841818439 -33.158678065 -0.014841196 0.046821658 0.564826462 0.823746648
1706080862.044391632 208.517569886 640.052493742 -33.208342526 -0.014783295 0.047050300 0.564686304 0.823830748
1706080862.142890930 208.589587968 640.263757284 -33.214656518 -0.014604807 0.047677433 0.564498568 0.823926531
1706080862.236010075 208.666689390 640.470757214 -33.193498036 -0.015439517 0.046615405 0.564418663 0.824026819
1706080862.334647417 208.744720980 640.680791266 -33.249416343 -0.013216638 0.048299954 0.564190796 0.824124493
1706080862.445155382 208.830749409 640.919209398 -33.318629683 -0.011742443 0.048904751 0.563883121 0.824321700
1706080862.544181824 208.907646239 641.127929918 -33.314781022 -0.012050962 0.048664479 0.563685886 0.824466351
1706080862.642824650 208.983802051 641.338039955 -33.332250911 -0.011332212 0.049065573 0.563741848 0.824414507
1706080862.741367340 209.052931999 641.547096916 -33.304301495 -0.010848577 0.049659484 0.563732547 0.824391812
1706080862.845115423 209.121875527 641.774432628 -33.305262966 -0.010622543 0.049865344 0.563598486 0.824473987
1706080862.943807602 209.188193641 642.001003375 -33.325113192 -0.009810949 0.049736636 0.563348755 0.824662472
1706080863.042448759 209.280433870 642.222521186 -33.316849010 -0.010255849 0.048864369 0.563218540 0.824798137
1706080863.144846916 209.354600756 642.433615092 -33.320208680 -0.010163976 0.049588100 0.562905182 0.824969982
1706080863.245434523 209.434366415 642.646393414 -33.343476546 -0.009670142 0.049273626 0.562646439 0.825171245
1706080863.343877554 209.510134977 642.850634151 -33.329339624 -0.009589653 0.049599733 0.562438227 0.825294581
1706080863.437028170 209.581823577 643.045643259 -33.296330156 -0.009383552 0.049816921 0.562413483 0.825300731
1706080863.535675049 209.657254037 643.250427405 -33.342348824 -0.009064427 0.049593227 0.562425653 0.825309477
1706080863.634317398 209.739386641 643.463153211 -33.355376669 -0.009582292 0.049200345 0.562461581 0.825302657
1706080863.745059013 209.825234292 643.699610435 -33.395696605 -0.009921552 0.049010914 0.562420511 0.825337908
1706080863.843850136 209.901694773 643.920387033 -33.389532797 -0.010194268 0.048833269 0.562563063 0.825247956
1706080863.942443371 209.981346413 644.116918424 -33.414633604 -0.010941392 0.048850023 0.562582480 0.825224160
1706080864.041104555 210.064937007 644.329710600 -33.444518040 -0.010984095 0.048403517 0.562692997 0.825174551
1706080864.144819498 210.147911228 644.553303570 -33.453626223 -0.010762396 0.048989242 0.562728953 0.825118386
1706080864.243487835 210.228588272 644.767410935 -33.480097618 -0.010043248 0.049457510 0.562850850 0.825016369
1706080864.342146635 210.306465457 644.974647774 -33.496487373 -0.010517304 0.048975405 0.562902534 0.825003960
1706080864.440783501 210.378504673 645.188092800 -33.498021425 -0.010517036 0.049147672 0.562905219 0.824991886
1706080864.544900894 210.441370259 645.409602628 -33.495943910 -0.010482861 0.050041950 0.562734974 0.825054703
1706080864.638057947 210.517120639 645.604012245 -33.549720040 -0.008749586 0.050258584 0.562936136 0.824924497
1706080864.736704111 210.599443690 645.806770524 -33.562681760 -0.010028064 0.049586306 0.562991805 0.824912640
1706080864.835346460 210.677025561 646.013121494 -33.609112792 -0.009546000 0.050035733 0.562931134 0.824932626
1706080864.933958292 210.753997786 646.217294711 -33.605057059 -0.010077755 0.049547476 0.563106139 0.824836325
1706080865.044843912 210.838454325 646.449381813 -33.604749639 -0.009372449 0.049968958 0.563167999 0.824776979
1706080865.143458128 210.913630781 646.654811553 -33.623455371 -0.008812117 0.050631447 0.563169752 0.824741556
1706080865.242160797 210.979647784 646.858697383 -33.669448471 -0.008359902 0.050661800 0.563153080 0.824755783
1706080865.340837240 211.062701468 647.056689276 -33.704028516 -0.008631030 0.050682615 0.563138758 0.824761491
1706080865.444528341 211.147713072 647.268107312 -33.694673158 -0.007853302 0.051369083 0.563206742 0.824680367
1706080865.543185949 211.224678043 647.477748623 -33.698584701 -0.008329605 0.050948242 0.563317166 0.824626379
1706080865.641828299 211.299205724 647.682984464 -33.683987718 -0.008710876 0.050823531 0.563404270 0.824570626
1706080865.740468502 211.365654574 647.879226825 -33.707766091 -0.008138004 0.051215289 0.563526032 0.824469028
1706080865.839102030 211.434495273 648.084488340 -33.709305410 -0.007352466 0.051604062 0.563539722 0.824442808
1706080865.937736511 211.521374920 648.284403668 -33.724441426 -0.009145047 0.050688192 0.563702644 0.824370308
1706080866.036373615 211.600729955 648.481174657 -33.766224839 -0.008595474 0.050776679 0.563791665 0.824309896
1706080866.135016203 211.672469894 648.682835005 -33.792962356 -0.008724742 0.050494271 0.563843374 0.824290517
1706080866.240989923 211.744601338 648.902556420 -33.785502585 -0.009042162 0.050525858 0.563832762 0.824292420
1706080866.344507933 211.816103135 649.112034564 -33.766703131 -0.008728067 0.050813432 0.563950444 0.824197617
1706080866.443125248 211.892670822 649.316280884 -33.753750685 -0.009237989 0.050465112 0.564062321 0.824136900
1706080866.541990042 211.960225361 649.512177595 -33.772775115 -0.008500721 0.050899980 0.564087165 0.824101086
1706080866.645290613 212.030881966 649.716665866 -33.757558825 -0.009200140 0.050431742 0.564172171 0.824064171
1706080866.744218588 212.106932129 649.919660345 -33.757820430 -0.009457366 0.050351564 0.564059338 0.824143399
1706080866.842880011 212.177644154 650.120147299 -33.759331251 -0.008936251 0.050786339 0.564194221 0.824030201
1706080866.941512108 212.250204943 650.321202723 -33.758401036 -0.008787431 0.050340639 0.564156636 0.824084881
1706080867.040149927 212.316979737 650.520631125 -33.751857023 -0.009278386 0.050597696 0.564225898 0.824016335
1706080867.138809681 212.380043082 650.715617373 -33.777636766 -0.009314476 0.050542186 0.564291847 0.823974174
1706080867.237431765 212.458483678 650.902867960 -33.786102626 -0.009070398 0.050402569 0.564394791 0.823914940
1706080867.336061954 212.535300119 651.098087246 -33.781373051 -0.009146713 0.050384395 0.564434477 0.823888021
1706080867.442118883 212.619160587 651.313172733 -33.831953872 -0.008704687 0.050310944 0.564566536 0.823806812
1706080867.545427084 212.695608264 651.515517263 -33.834835524 -0.009343948 0.049975847 0.564592806 0.823802203
1706080867.644248962 212.773339211 651.706435494 -33.826072912 -0.008809146 0.050383547 0.564803321 0.823638941
1706080867.743038177 212.852144456 651.897566201 -33.867815414 -0.008093747 0.050397396 0.564924569 0.823562277
1706080867.841684580 212.925047703 652.092346682 -33.869498528 -0.008394006 0.050352370 0.565076154 0.823458026
1706080867.940423250 212.997397184 652.276942535 -33.942807230 -0.007106137 0.050614836 0.565233400 0.823346127
1706080868.043920279 213.072083034 652.480763155 -33.928775876 -0.007981524 0.050312384 0.565217886 0.823367294
1706080868.142557383 213.131365874 652.671792122 -33.893945802 -0.008250330 0.050653316 0.565222781 0.823340380
1706080868.241215944 213.194466362 652.866280423 -33.853838965 -0.007934493 0.050975941 0.565280674 0.823283825
1706080868.339838743 213.264391002 653.056472044 -33.842242855 -0.008006471 0.051292439 0.565328673 0.823230511
1706080868.438477516 213.331530078 653.240980936 -33.849433532 -0.007764549 0.051361390 0.565314520 0.823238248
1706080868.537092686 213.407103870 653.431067601 -33.863366071 -0.007284950 0.051723598 0.565364539 0.823185603
1706080868.643237352 213.472523547 653.633643034 -33.882802083 -0.007568203 0.051629606 0.565380881 0.823177724
1706080868.742425203 213.544932683 653.823459447 -33.934363862 -0.007695028 0.051317317 0.565535580 0.823089805
1706080868.844930649 213.613423020 654.027474301 -33.941357780 -0.007326104 0.051590105 0.565593553 0.823036283
1706080868.944120646 213.677652541 654.220542840 -33.917528231 -0.008481686 0.050668976 0.565686124 0.823018788
1706080869.042708158 213.747828015 654.403940837 -33.954627448 -0.007698444 0.051029740 0.565779009 0.822940346
1706080869.141455173 213.822636690 654.593939572 -34.024172085 -0.007340203 0.050299983 0.565929168 0.822885296
1706080869.244955778 213.903330045 654.775572532 -34.017800804 -0.009104511 0.049945806 0.565972274 0.822859593
1706080869.343592882 213.974644695 654.958750573 -34.011578758 -0.009357534 0.049574392 0.566046010 0.822828494
1706080869.442238808 214.037412634 655.144977085 -34.026451235 -0.010340150 0.049085109 0.566204767 0.822736832
1706080869.540860653 214.100636227 655.333971355 -34.053760678 -0.009959921 0.049349354 0.566251154 0.822693790
1706080869.639508009 214.162173739 655.519369169 -34.053191878 -0.010043053 0.049369608 0.566423218 0.822573107
1706080869.744966745 214.238501151 655.714510154 -34.079403394 -0.010258981 0.049540007 0.566568551 0.822460101
1706080869.844358444 214.302179694 655.901437414 -34.026536188 -0.010454794 0.049647359 0.566739233 0.822333557
1706080869.943542480 214.359063906 656.082247339 -34.060159092 -0.009713980 0.049744624 0.566884720 0.822236478
1706080870.042670488 214.421335707 656.273893049 -34.116730538 -0.009881135 0.049328566 0.567149595 0.822076878
1706080870.144849539 214.492836026 656.462565629 -34.123782875 -0.009900838 0.049185019 0.567268993 0.822002857
1706080870.243764877 214.562457578 656.642942500 -34.118874345 -0.009752519 0.049354892 0.567713747 0.821687340
1706080870.342522383 214.627720758 656.823124343 -34.123019343 -0.010195089 0.048818931 0.568117262 0.821435055
1706080870.441438913 214.697832603 657.011913707 -34.129717755 -0.010010124 0.049081175 0.568335119 0.821270984
1706080870.544621229 214.753526250 657.208007178 -34.131244591 -0.009504050 0.049475123 0.568792174 0.820936872
1706080870.643265247 214.817206319 657.383523551 -34.165260319 -0.009185950 0.049825448 0.569137295 0.820680073
1706080870.741904497 214.884346015 657.565398214 -34.141815358 -0.009799481 0.049310332 0.569453814 0.820484500
1706080870.840528488 214.963337691 657.738367661 -34.141029990 -0.009503735 0.049774092 0.570029564 0.820060068
1706080870.939160824 215.024004190 657.927381267 -34.164321482 -0.009255972 0.049604458 0.570220456 0.819940459
1706080871.044983864 215.090297990 658.117409772 -34.210037574 -0.008717403 0.050147524 0.570839384 0.819482538
1706080871.144641638 215.150912271 658.295222310 -34.247244011 -0.008647078 0.050204177 0.571135683 0.819273336
1706080871.243732691 215.211784537 658.484812830 -34.237576494 -0.008891198 0.050293154 0.571546010 0.818979062
1706080871.342809200 215.267312816 658.663438862 -34.233337829 -0.008891120 0.050893714 0.571936985 0.818668958
1706080871.444809914 215.326617321 658.847328809 -34.232841066 -0.007836709 0.051378575 0.572442375 0.818296130
1706080871.543609619 215.386209171 659.030614393 -34.215831434 -0.008407654 0.050767040 0.572793731 0.818082735
1706080871.642448187 215.441650498 659.210458044 -34.226168066 -0.007382450 0.051495471 0.573133980 0.817808753
1706080871.745495081 215.501316067 659.401708892 -34.224487615 -0.008009929 0.051126729 0.573503884 0.817566629
1706080871.844309330 215.564802969 659.580020396 -34.245494456 -0.007161984 0.051643086 0.573928512 0.817244003
1706080871.942934990 215.627279713 659.754563641 -34.285944736 -0.008247692 0.051101527 0.574273056 0.817025744
1706080872.041574717 215.685422483 659.932015004 -34.287845219 -0.007486752 0.051276303 0.574725479 0.816703932
1706080872.140205860 215.751425931 660.104935654 -34.305072053 -0.008450775 0.050697348 0.575273678 0.816344632
1706080872.245146513 215.811543597 660.298133170 -34.302261054 -0.009328600 0.049897716 0.575671416 0.816103925
1706080872.344945192 215.869112785 660.489973960 -34.309886028 -0.009009063 0.050150566 0.576251429 0.815682566
1706080872.444825649 215.930459117 660.665581984 -34.332130013 -0.009356809 0.050017939 0.576674551 0.815387710
1706080872.543934584 215.988762608 660.850042359 -34.317657140 -0.010120382 0.049402341 0.577168387 0.815066647
1706080872.643022537 216.048294270 661.018017794 -34.349942187 -0.010127926 0.049401472 0.577497257 0.814833626
1706080872.744739056 216.106377697 661.194040877 -34.360580582 -0.010499326 0.049311379 0.577886879 0.814558105
1706080872.843628168 216.165542177 661.369101218 -34.337272359 -0.011252136 0.048928188 0.578107740 0.814414430
1706080872.942663908 216.218337522 661.550382127 -34.351075489 -0.010956887 0.049379549 0.578309146 0.814248205
1706080873.045345783 216.274296025 661.737981735 -34.324627440 -0.011790470 0.049090159 0.578666413 0.814000199
1706080873.143960476 216.329451437 661.908212852 -34.405153768 -0.011026225 0.049710649 0.578842150 0.813848290
1706080873.242598295 216.379908106 662.081797786 -34.414724823 -0.011083057 0.049854920 0.579001675 0.813725208
1706080873.341232061 216.433760246 662.253922511 -34.426020797 -0.011934755 0.049339570 0.579065817 0.813698930
1706080873.439854383 216.487533629 662.433894347 -34.438369505 -0.012340423 0.049190224 0.579243299 0.813575587
1706080873.545322895 216.553280530 662.622011847 -34.455206444 -0.012673766 0.049162700 0.579653095 0.813280206
1706080873.644638300 216.611709308 662.794237608 -34.473028959 -0.012582600 0.048812560 0.579943862 0.813095400
1706080873.745044947 216.662404002 662.974472914 -34.484311733 -0.012501103 0.048785909 0.580178594 0.812930782
1706080873.844128609 216.723470658 663.147706422 -34.526053567 -0.012461534 0.048350481 0.580426248 0.812780605
1706080873.943221569 216.783419177 663.318777670 -34.500987560 -0.013132099 0.048195350 0.580630179 0.812633590
1706080874.044845581 216.844348415 663.501278373 -34.470838426 -0.013830002 0.048227387 0.580791951 0.812504499
1706080874.143833399 216.903156088 663.671410027 -34.486365650 -0.012777682 0.048994426 0.581023434 0.812310314
1706080874.242801428 216.955310344 663.840670521 -34.481572622 -0.013118908 0.048698474 0.581117115 0.812255657
1706080874.344922066 217.010275180 664.027007804 -34.462933953 -0.013277973 0.048593120 0.581229436 0.812179011
1706080874.443649054 217.067991610 664.189896958 -34.481304562 -0.012817539 0.049295461 0.581456322 0.811981659
1706080874.542255163 217.111503081 664.362631296 -34.499595029 -0.012691650 0.049400952 0.581515255 0.811935020
1706080874.640883207 217.171868503 664.533488664 -34.526860956 -0.012846928 0.049296867 0.581661600 0.811834071
1706080874.739507437 217.228766613 664.701291950 -34.565490739 -0.011773221 0.049491379 0.581807661 0.811733848
1706080874.845037222 217.287412243 664.890537649 -34.518719105 -0.012352603 0.049722765 0.581904765 0.811641488
1706080874.943758249 217.345999906 665.061410509 -34.533621722 -0.012092681 0.049578158 0.582144118 0.811482593
1706080875.044948816 217.390855653 665.237858739 -34.514763417 -0.011732048 0.049810719 0.582236096 0.811407653
1706080875.144314289 217.446127124 665.401968284 -34.548846426 -0.010660280 0.050338379 0.582531387 0.811177902
1706080875.245457888 217.490544802 665.577076735 -34.541754247 -0.011427070 0.049914069 0.582671978 0.811092704
1706080875.344937086 217.545915515 665.745364713 -34.579636505 -0.010517786 0.050058785 0.582985637 0.810870668
1706080875.443894386 217.601679089 665.914999633 -34.566137852 -0.011259035 0.049880356 0.583174867 0.810735628
1706080875.542877197 217.657040358 666.082762146 -34.583635760 -0.011058412 0.050095067 0.583405356 0.810559305
1706080875.644680023 217.715349184 666.257902658 -34.592067464 -0.010642094 0.050331394 0.583692826 0.810343249
1706080875.743315458 217.772645259 666.424386043 -34.583125754 -0.011957950 0.049854950 0.583941833 0.810174936
1706080875.841935873 217.817024740 666.586398731 -34.566827888 -0.011140006 0.050904819 0.584122120 0.809991326
1706080875.940529823 217.876226288 666.751754064 -34.575922235 -0.010902032 0.050894567 0.584570542 0.809671643
1706080876.039126635 217.924283938 666.924280387 -34.577452070 -0.010290131 0.051415032 0.584903989 0.809405913
1706080876.144847631 217.984095407 667.101073937 -34.598682508 -0.010064959 0.051506710 0.585275088 0.809134616
1706080876.243019342 218.033202028 667.268945480 -34.596946722 -0.010343963 0.051519615 0.585547963 0.808932825
1706080876.344954729 218.088299387 667.432778303 -34.630304040 -0.009515583 0.052115372 0.585875303 0.808667775
1706080876.444477320 218.135147716 667.599742321 -34.629384745 -0.009234552 0.052304553 0.586105584 0.808491930
1706080876.545408249 218.188215917 667.773776698 -34.644006443 -0.008832893 0.052723216 0.586488174 0.808191725
1706080876.644967318 218.240684553 667.937610599 -34.669223248 -0.008282110 0.052985473 0.586702167 0.808025070
1706080876.743955374 218.292538676 668.102892729 -34.677899368 -0.007700449 0.053215415 0.587038555 0.807771353
1706080876.843069792 218.353571722 668.262782986 -34.695225514 -0.007315484 0.053564105 0.587418151 0.807475874
1706080876.944356680 218.395677721 668.436709114 -34.712377362 -0.007410943 0.052958952 0.587703837 0.807307022
1706080877.042972088 218.448502348 668.592574924 -34.755488517 -0.007435777 0.052959371 0.588183900 0.806957071
1706080877.141590834 218.494449294 668.760016296 -34.711674742 -0.007942458 0.053032414 0.588426710 0.806770406
1706080877.240178585 218.537787487 668.925434331 -34.706618695 -0.008487649 0.052381166 0.588711739 0.806599443
1706080877.344959259 218.576759612 669.097791182 -34.722325778 -0.008333412 0.052737897 0.588991557 0.806373495
1706080877.444087505 218.629955756 669.254660844 -34.760851314 -0.007914262 0.052754488 0.589462485 0.806032448
1706080877.542750597 218.680765386 669.425613534 -34.762571454 -0.008364494 0.052441780 0.589742337 0.805843577
1706080877.645242929 218.739232518 669.595781729 -34.741688858 -0.009338902 0.052221936 0.590104295 0.805582134
1706080877.744561911 218.793159007 669.758478161 -34.776336310 -0.008528872 0.052589019 0.590441455 0.805320148
1706080877.844947577 218.837607606 669.925076560 -34.786062273 -0.009239280 0.052310513 0.590807685 0.805061814
1706080877.944770336 218.891622642 670.082699931 -34.800095427 -0.009930985 0.051931236 0.591226496 0.804770621
1706080878.044173002 218.942419456 670.240676266 -34.817042467 -0.009337937 0.052112068 0.591559689 0.804521143
1706080878.145243168 218.983911463 670.412256357 -34.814139212 -0.009457019 0.052064738 0.591818228 0.804332650
1706080878.243996859 219.034522976 670.568307697 -34.822669688 -0.009580810 0.052298273 0.592312345 0.803952228
1706080878.342607498 219.081241990 670.730602675 -34.841977719 -0.009699345 0.051954532 0.592742876 0.803655730
1706080878.442014694 219.135147399 670.895194419 -34.870441014 -0.009907998 0.051716455 0.593195611 0.803334430
1706080878.539730549 219.176570140 671.059108855 -34.852667772 -0.010435246 0.051674317 0.593663292 0.802984911
1706080878.644846678 219.222982664 671.230777476 -34.851923399 -0.010357400 0.051448224 0.594205659 0.802599177
1706080878.743777037 219.254009950 671.405014851 -34.824870217 -0.010211935 0.052074607 0.594671602 0.802215456
1706080878.842272520 219.301898065 671.562549700 -34.842789027 -0.010406803 0.051593409 0.595265532 0.801803445
1706080878.945147991 219.343041770 671.725676192 -34.853821129 -0.009986984 0.051962921 0.595779820 0.801402846
1706080879.044503450 219.378536241 671.882352072 -34.850326372 -0.011229251 0.051540848 0.596387623 0.800961452
1706080879.143240690 219.429229574 672.042687205 -34.850638587 -0.009787595 0.052122241 0.597036303 0.800459323
1706080879.245276451 219.474826301 672.203185989 -34.860885896 -0.010600049 0.051509769 0.597854070 0.799878049
1706080879.344787121 219.520252931 672.361256325 -34.877982354 -0.010440818 0.051926185 0.598645762 0.799260854
1706080879.445040464 219.566810276 672.518906746 -34.892117948 -0.009500824 0.052440819 0.599387075 0.798683184
1706080879.543644428 219.610089306 672.682117852 -34.864695218 -0.010823055 0.052000064 0.600222488 0.798067553
1706080879.642231226 219.654272055 672.836772535 -34.870648141 -0.010405521 0.052429521 0.601157527 0.797340892
1706080879.740748405 219.691617308 672.992343645 -34.869700572 -0.010620243 0.052507901 0.602040653 0.796666294
1706080879.833810806 219.725802840 673.135456214 -34.897879996 -0.010713351 0.052837511 0.602937059 0.795965027
1706080879.944709539 219.762170565 673.316219106 -34.947478625 -0.010118520 0.052746365 0.603917682 0.795235103
1706080880.043322325 219.802766598 673.472611178 -34.973415119 -0.010180167 0.052965733 0.605006019 0.794392040
1706080880.141958714 219.836716398 673.639688541 -34.980435260 -0.010156202 0.052693904 0.606088304 0.793585012
1706080880.245463133 219.889166184 673.808021650 -35.010840888 -0.010713841 0.052127726 0.607237521 0.792736089
1706080880.344272375 219.921457923 673.974390698 -35.016228060 -0.010108623 0.052781141 0.608359500 0.791840063
1706080880.445141077 219.958301993 674.137910438 -35.045359288 -0.010550873 0.052178102 0.609386060 0.791084543
1706080880.544989586 219.989639890 674.298040781 -35.058576374 -0.010117991 0.052459760 0.610507578 0.790206364
1706080880.644829035 220.025243423 674.459729405 -35.061823168 -0.009914225 0.053000249 0.611645111 0.789292683
1706080880.744678974 220.059433368 674.616348064 -35.055499768 -0.009392656 0.053638227 0.612702369 0.788435492
1706080880.843263388 220.100460223 674.767441352 -35.036041769 -0.010137619 0.053346844 0.613888543 0.787522825
1706080880.941734791 220.132697704 674.914154906 -35.043965388 -0.009927204 0.053889092 0.614959118 0.786652846
1706080881.034859419 220.154087992 675.064421210 -35.059961470 -0.009442301 0.054155017 0.615920453 0.785888079
1706080881.133471727 220.188784938 675.225891749 -35.077718386 -0.009123573 0.054558962 0.616931326 0.785070582
1706080881.244392395 220.234932182 675.406432326 -35.062461629 -0.009540148 0.054652717 0.618230963 0.784036059
1706080881.343130827 220.268051966 675.566989325 -35.067419817 -0.009866609 0.054491312 0.619207334 0.783272382
1706080881.441658258 220.300104604 675.729665235 -35.057107321 -0.009404507 0.054899625 0.620271948 0.782406734
1706080881.544990540 220.329283490 675.893597110 -35.048584345 -0.009663904 0.054526164 0.621379089 0.781550724
1706080881.643998861 220.361502646 676.038965508 -35.080101085 -0.010021267 0.054336350 0.622419614 0.780731042
1706080881.745463371 220.395869371 676.197360047 -35.097156771 -0.009646946 0.054503300 0.623508221 0.779855003
1706080881.845309019 220.433733108 676.356266985 -35.073950558 -0.009469890 0.054666022 0.624633594 0.778944683
1706080881.945137739 220.462206711 676.517624735 -35.102455469 -0.009168902 0.054840961 0.625717300 0.778065717
1706080882.044292688 220.482951521 676.683590728 -35.125383830 -0.009455202 0.054503675 0.626616540 0.777361988
1706080882.143624783 220.509361518 676.843319001 -35.155540574 -0.009598834 0.054758625 0.627660061 0.776499970
1706080882.235888004 220.533638262 676.989116604 -35.172291732 -0.009392351 0.055096370 0.628603919 0.775714694
1706080882.334516048 220.565457007 677.140097444 -35.207089211 -0.010315625 0.054557694 0.629630528 0.774908023
1706080882.445161581 220.595466083 677.313390613 -35.216601066 -0.010043596 0.054793852 0.630719997 0.774008427
1706080882.544035912 220.622265743 677.470681306 -35.259948954 -0.010634610 0.054567784 0.631571193 0.773322113
1706080882.642688274 220.652519138 677.627640018 -35.270574240 -0.010925920 0.054085701 0.632585020 0.772522850
1706080882.741351604 220.678020376 677.784245829 -35.282651133 -0.010055472 0.054743679 0.633581174 0.771671506
1706080882.845047951 220.706702643 677.942662178 -35.301324541 -0.010337036 0.054908679 0.634500146 0.770900608
1706080882.943714857 220.728960332 678.100590105 -35.312709180 -0.010762653 0.054449654 0.635210085 0.770342488
1706080883.042358398 220.752672143 678.261060328 -35.285448471 -0.010521746 0.054821004 0.636183899 0.769515430
1706080883.144843817 220.768332873 678.432686095 -35.247488734 -0.011135138 0.054657078 0.636956086 0.768879417
1706080883.245324850 220.797548379 678.588163442 -35.271518309 -0.010605479 0.054810033 0.637935586 0.768063521
1706080883.343775988 220.818081829 678.737300831 -35.283463947 -0.010841581 0.055147322 0.638760813 0.767349892
1706080883.436933041 220.843760231 678.878825060 -35.321735193 -0.010290754 0.054955309 0.639678563 0.766606385
1706080883.535552025 220.866004128 679.039098827 -35.323809353 -0.010441241 0.054761578 0.640523169 0.765912672
1706080883.634198904 220.886700144 679.193516838 -35.307409638 -0.010693029 0.055154073 0.641309064 0.765223086
1706080883.745072842 220.912194165 679.366507098 -35.346046225 -0.010098473 0.055555553 0.642208921 0.764447057
1706080883.843743801 220.928546928 679.526405781 -35.378805511 -0.010487709 0.055146225 0.643113404 0.763710711
1706080883.942438364 220.949316643 679.685725759 -35.380533065 -0.010592966 0.055278274 0.643895732 0.763040227
1706080884.041142225 220.978287783 679.841548508 -35.379368101 -0.010592588 0.055357696 0.644633131 0.762411601
1706080884.144737720 220.996612786 680.004988159 -35.380362385 -0.011051761 0.055570053 0.645418834 0.761724593
1706080884.243379593 221.022251479 680.163125144 -35.387269640 -0.011859717 0.054949558 0.646177914 0.761113656
1706080884.342574835 221.047142481 680.318732473 -35.392029386 -0.012190417 0.054692244 0.647033861 0.760399457
1706080884.445136309 221.069557420 680.474290715 -35.395834587 -0.012020143 0.054674524 0.647754297 0.759789828
1706080884.544797659 221.087972613 680.639254411 -35.395943657 -0.010833398 0.055809638 0.648548490 0.759047283
1706080884.637960196 221.099275580 680.785588883 -35.406048687 -0.011103184 0.055615662 0.649057791 0.758622173
1706080884.736593485 221.120814881 680.931860065 -35.420584120 -0.011705761 0.055294345 0.649874437 0.757937152
1706080884.835237503 221.137353564 681.087605552 -35.429194423 -0.011237384 0.055536787 0.650468586 0.757416666
1706080884.940697908 221.151226999 681.253011384 -35.421464065 -0.011147793 0.055525435 0.651135955 0.756845176
1706080885.044815302 221.180327622 681.412313336 -35.450285048 -0.011698552 0.055122019 0.651818206 0.756278872
1706080885.143512011 221.197835376 681.568830872 -35.450296133 -0.011371867 0.055562852 0.652455379 0.755701944
1706080885.242144823 221.215285347 681.723982440 -35.457350585 -0.011113003 0.056214346 0.653011862 0.755176772
1706080885.345289469 221.234265461 681.888442576 -35.490979859 -0.010388485 0.056078810 0.653698954 0.754602494
1706080885.444426060 221.252101556 682.041210794 -35.493805402 -0.010890706 0.056418303 0.654279288 0.754066961
1706080885.543074131 221.268614717 682.194975521 -35.541057011 -0.010126032 0.056410718 0.654949057 0.753496534
1706080885.641723394 221.281882122 682.344658465 -35.559302557 -0.010382662 0.056509904 0.655616535 0.752904901
1706080885.745498657 221.303683921 682.502506432 -35.536793142 -0.010775869 0.056668400 0.656278093 0.752310865
1706080885.839000463 221.322311768 682.647670376 -35.545353183 -0.010869252 0.056438456 0.656783361 0.751885747
1706080885.937638998 221.334726793 682.805300134 -35.550044643 -0.010319761 0.056701886 0.657401600 0.751333171
1706080886.036286831 221.351496200 682.958293041 -35.563199087 -0.011178614 0.056072156 0.657918970 0.750915163
1706080886.141877413 221.367088428 683.129115139 -35.578071387 -0.011425049 0.055944905 0.658470362 0.750437485
1706080886.245489836 221.385899021 683.288354517 -35.586092788 -0.010826033 0.056419512 0.659073875 0.749880833
1706080886.344537258 221.398945787 683.444529903 -35.587766090 -0.010931259 0.056361863 0.659575473 0.749442488
1706080886.443188190 221.410450803 683.596550937 -35.604818609 -0.011269093 0.056337396 0.660016440 0.749051002
1706080886.542158842 221.428023744 683.744733107 -35.601730286 -0.011357063 0.056153804 0.660460841 0.748671653
1706080886.640917301 221.448817547 683.900625966 -35.618601688 -0.011298961 0.056342149 0.660917431 0.748255335
1706080886.744131327 221.464454866 684.066458995 -35.600321859 -0.012186368 0.055733581 0.661396733 0.747863371
1706080886.842783213 221.476258776 684.222985685 -35.607362061 -0.011587016 0.056205857 0.661764375 0.747512244
1706080886.941423178 221.484732355 684.367932142 -35.609066331 -0.011789806 0.056071333 0.662216058 0.747119066
1706080887.040649891 221.506795468 684.519255065 -35.624490389 -0.012000690 0.055649998 0.662679047 0.746736595
1706080887.138692856 221.521507913 684.674993703 -35.645637732 -0.011464234 0.056113767 0.663125183 0.746314149
1706080887.237315655 221.540818159 684.826786775 -35.643525146 -0.012118428 0.055761430 0.663609790 0.745899358
1706080887.343012810 221.556855430 684.992992692 -35.650853995 -0.011832993 0.056114115 0.664051560 0.745484213
1706080887.442322969 221.567546405 685.143922889 -35.693245731 -0.011746877 0.055911829 0.664425228 0.745167763
1706080887.545403719 221.576904073 685.307052441 -35.682650610 -0.011385363 0.056774139 0.664773110 0.744797813
1706080887.644341469 221.592462701 685.465018477 -35.684601336 -0.011745305 0.056421841 0.665073017 0.744551211
1706080887.743202925 221.603668351 685.612578965 -35.691611054 -0.011542880 0.056916427 0.665318504 0.744297367
1706080887.841971159 221.613034265 685.764508526 -35.731734367 -0.010985434 0.056964639 0.665565614 0.744081154
1706080887.944765329 221.635588664 685.924093632 -35.774439869 -0.011625452 0.056455318 0.665931300 0.743782999
1706080888.043799877 221.644420048 686.083447875 -35.768082399 -0.011321238 0.056913193 0.666140634 0.743565313
1706080888.142443419 221.657606768 686.235970166 -35.768571097 -0.011384146 0.056617851 0.666406333 0.743348787
1706080888.241092920 221.668276577 686.389141301 -35.775281333 -0.011232959 0.056634375 0.666563532 0.743208871
1706080888.339731932 221.679816568 686.540502137 -35.767755438 -0.011196324 0.056482450 0.666922731 0.742898678
1706080888.438352108 221.691269662 686.684139151 -35.742995220 -0.011542977 0.056353177 0.667063723 0.742776594
1706080888.544183969 221.708758067 686.848028718 -35.731732023 -0.011352126 0.056940893 0.667224493 0.742590291
1706080888.643441439 221.719128950 687.004981340 -35.752869827 -0.011997185 0.056006045 0.667417639 0.742477667
1706080888.742567778 221.732033265 687.163392300 -35.744811385 -0.012440422 0.056075570 0.667548158 0.742347778
1706080888.844989300 221.742170204 687.324136665 -35.746571844 -0.012282674 0.056050416 0.667775607 0.742147711
1706080888.944304705 221.749059735 687.474706234 -35.768434289 -0.011906269 0.056428694 0.667881607 0.742029785
1706080889.043038130 221.757608123 687.632163854 -35.800105950 -0.011684314 0.056689781 0.667925125 0.741974240
1706080889.142011642 221.775266931 687.782329994 -35.817094287 -0.012377280 0.056387908 0.668004832 0.741914248
1706080889.244857073 221.795178207 687.942100294 -35.806594906 -0.012621396 0.056734332 0.667922751 0.741957623
1706080889.343476057 221.807708854 688.096307177 -35.804611306 -0.012542705 0.057054418 0.667834435 0.742013909
1706080889.442127466 221.815470103 688.251815477 -35.804752450 -0.012822299 0.056748069 0.667724075 0.742131933
1706080889.540748119 221.827813651 688.407319930 -35.824509773 -0.012413971 0.056412318 0.667748803 0.742142223
1706080889.639389277 221.844000749 688.556011998 -35.843005172 -0.012187446 0.056811003 0.667657553 0.742197661
1706080889.745146036 221.855163740 688.718133395 -35.845987861 -0.011804980 0.056647306 0.667665052 0.742209609
1706080889.844536066 221.868163030 688.870237087 -35.877024953 -0.012473763 0.055697153 0.667629197 0.742302827
1706080889.943675518 221.886289088 689.020279538 -35.874623875 -0.012051178 0.055936770 0.667517289 0.742392427
1706080890.042769194 221.899961324 689.173148020 -35.886064487 -0.011548295 0.055961832 0.667472942 0.742438403
1706080890.145309687 221.919490907 689.333680182 -35.909310600 -0.012534089 0.054918027 0.667418671 0.742549139
1706080890.244135857 221.928644987 689.487371206 -35.926495383 -0.012905982 0.054421797 0.667332721 0.742656544
1706080890.343103170 221.935754487 689.640299713 -35.914408369 -0.014029237 0.053645174 0.667323016 0.742701399
1706080890.441905499 221.950994626 689.795801938 -35.921020038 -0.013671900 0.053748197 0.667411195 0.742621375
1706080890.544537067 221.963767802 689.959221616 -35.933594893 -0.014398738 0.052741017 0.667522544 0.742579770
1706080890.643157244 221.971882157 690.112219914 -35.927896760 -0.015281674 0.052278594 0.667613904 0.742512690
1706080890.741794825 221.984673766 690.262645167 -35.934431140 -0.014599177 0.052800605 0.667825766 0.742298934
1706080890.840434790 222.001017449 690.417471590 -35.943709437 -0.015395538 0.052300372 0.667818975 0.742324367
1706080890.939986944 222.005961351 690.569280313 -35.922069865 -0.016490709 0.052537308 0.667814808 0.742287862
1706080891.045458078 222.015812814 690.737388310 -35.932160302 -0.015759323 0.052907835 0.667841955 0.742253008
1706080891.144781351 222.029045824 690.886522233 -35.951109882 -0.015596035 0.053146197 0.667996171 0.742100641
1706080891.243877649 222.045752871 691.035233223 -35.965723505 -0.015829917 0.053629477 0.667986017 0.742070060
1706080891.342955351 222.059880412 691.191329862 -35.962994136 -0.015734371 0.053604812 0.667931211 0.742123204
1706080891.444824934 222.070743911 691.346887800 -35.950859023 -0.015737438 0.054022983 0.668008460 0.742023280
1706080891.544171810 222.072908030 691.494573003 -35.938554419 -0.014785666 0.054798345 0.667929637 0.742056956
1706080891.643016815 222.081455910 691.653287222 -35.946481569 -0.015365452 0.053806596 0.668065605 0.741995351
1706080891.745128632 222.101984344 691.812394143 -35.938249970 -0.015384623 0.053960924 0.668165124 0.741894129
1706080891.844191074 222.111499051 691.963375300 -35.985041079 -0.014375092 0.054084184 0.668159844 0.741910157
1706080891.942832708 222.122764443 692.120193057 -36.005964893 -0.014226663 0.054261150 0.668213026 0.741852197
1706080892.041453838 222.140452591 692.271375598 -36.025964825 -0.013873068 0.054383558 0.668326051 0.741748109
1706080892.140099525 222.151772017 692.420869829 -36.041098486 -0.013912643 0.054430794 0.668382738 0.741692823
1706080892.245158672 222.163914385 692.583516060 -36.055520902 -0.013719422 0.054851811 0.668537872 0.741525569
1706080892.344979048 222.178742720 692.741655738 -36.079297693 -0.014230899 0.054402663 0.668691172 0.741410782
1706080892.444730282 222.196224870 692.897217390 -36.123391996 -0.014128282 0.054136402 0.668804089 0.741330380
1706080892.544057131 222.206618426 693.051566542 -36.097466030 -0.014576735 0.054419958 0.668822371 0.741284441
1706080892.645326853 222.220328608 693.202807598 -36.094476077 -0.014944291 0.054242926 0.668938983 0.741184869
1706080892.745151758 222.227149897 693.360000852 -36.107813902 -0.014888729 0.054304917 0.669094403 0.741041147
1706080892.844077826 222.232599763 693.511161016 -36.119157719 -0.015006808 0.054001959 0.669253011 0.740917668
1706080892.942887306 222.242163617 693.657944638 -36.139399972 -0.014340216 0.054171053 0.669442707 0.740747134
1706080893.045234442 222.253073294 693.819490742 -36.165111183 -0.014637727 0.053866955 0.669541359 0.740674326
1706080893.143865585 222.270769939 693.967656815 -36.194106096 -0.014170338 0.054125008 0.669624338 0.740589584
1706080893.242490292 222.281007746 694.125124389 -36.190380743 -0.014342103 0.053916113 0.669746512 0.740491031
1706080893.341120243 222.293098011 694.279989352 -36.186588809 -0.014299813 0.054190654 0.669830410 0.740395914
1706080893.439751148 222.308212400 694.433365176 -36.190317991 -0.015273391 0.053423582 0.669807419 0.740453014
1706080893.545446634 222.317934684 694.602766168 -36.192921657 -0.014470101 0.053864279 0.669832390 0.740414631
1706080893.645262957 222.326774159 694.760453876 -36.203388563 -0.013893507 0.054260078 0.669734331 0.740485476
1706080893.745118141 222.341753793 694.912322668 -36.227487626 -0.013700509 0.054549497 0.669582851 0.740604790
1706080893.844241858 222.364500712 695.054029228 -36.257236290 -0.013834164 0.054204561 0.669605034 0.740607575
1706080893.943364143 222.372181707 695.210246494 -36.268013339 -0.013283041 0.054815388 0.669370838 0.740784392
1706080894.045159340 222.390256947 695.371737084 -36.256158234 -0.013703242 0.054297416 0.669205648 0.740964110
1706080894.143926620 222.398465146 695.528032394 -36.256172996 -0.013850444 0.054434635 0.668840922 0.741280552
1706080894.242916107 222.410968427 695.685656693 -36.305902102 -0.012989639 0.054776029 0.668605226 0.741483586
1706080894.344884157 222.421174000 695.838708565 -36.307958976 -0.013215931 0.054805735 0.668275055 0.741774980
1706080894.443525553 222.434724176 695.993530712 -36.331653184 -0.013396891 0.054484503 0.667947063 0.742090751
1706080894.542172432 222.449599051 696.143204433 -36.331103241 -0.013926006 0.054211997 0.667526747 0.742479069
1706080894.640785456 222.463697571 696.294254091 -36.342970092 -0.013171358 0.054519138 0.667143941 0.742814338
1706080894.739412785 222.473808822 696.450822910 -36.322340101 -0.013664810 0.054301046 0.666689978 0.743228863
1706080894.844864607 222.491548251 696.620430455 -36.332068818 -0.013676408 0.053830864 0.666304463 0.743608470
1706080894.943492413 222.510529174 696.771328414 -36.329268938 -0.014806183 0.053538459 0.665870615 0.743996461
1706080895.045363426 222.528687744 696.925542682 -36.317045329 -0.014561326 0.053549607 0.665223258 0.744579361
1706080895.144477606 222.545834937 697.081885299 -36.322417815 -0.015534314 0.053550880 0.664543840 0.745166070
1706080895.245125294 222.557190714 697.241298349 -36.332917447 -0.015772977 0.053396591 0.663765705 0.745865341
1706080895.344965935 222.571777514 697.396632977 -36.339352868 -0.015137565 0.053973661 0.662967261 0.746546789
1706080895.444047451 222.590444517 697.547648307 -36.344584312 -0.015261774 0.053840736 0.662374788 0.747079577
1706080895.545429707 222.612299451 697.710694717 -36.346600530 -0.015324067 0.053473128 0.661665361 0.747733073
1706080895.644563198 222.627294949 697.863427867 -36.367596536 -0.015023863 0.053099426 0.660974793 0.748376280
1706080895.743178368 222.643793910 698.020150903 -36.376108608 -0.014494774 0.053134194 0.660283449 0.748994276
1706080895.841816187 222.656649307 698.171375743 -36.407338771 -0.014307540 0.052647331 0.659591786 0.749641400
1706080895.940422058 222.670310361 698.324598094 -36.413671843 -0.013376262 0.052777487 0.658920051 0.750239947
1706080896.045424461 222.686893907 698.486946610 -36.402421963 -0.013764078 0.052682028 0.658251607 0.750826196
1706080896.144496918 222.709295133 698.636245937 -36.412625901 -0.013832784 0.052054729 0.657747158 0.751310612
1706080896.243074656 222.724708912 698.791893485 -36.423731618 -0.013585288 0.052357541 0.657069858 0.751886514
1706080896.344941378 222.751935157 698.946917608 -36.459766174 -0.014222035 0.051785422 0.656515712 0.752398248
1706080896.444653988 222.775680746 699.103034269 -36.451472295 -0.014631717 0.051505303 0.655887720 0.752957114
1706080896.545404434 222.794236504 699.259261355 -36.457178946 -0.014832256 0.051889084 0.655225219 0.753503443
1706080896.645138025 222.811648077 699.418097361 -36.460087384 -0.015100146 0.051693399 0.654614138 0.754042511
1706080896.744208336 222.830364995 699.571455272 -36.467988491 -0.015516201 0.051549774 0.653910438 0.754654230
1706080896.844897985 222.846686117 699.726802335 -36.478358032 -0.015422793 0.051693002 0.653355455 0.755126890
1706080896.944242001 222.866376033 699.879155502 -36.472350935 -0.015918675 0.051305930 0.652682699 0.755724548
1706080897.042865753 222.890258160 700.032414618 -36.488086292 -0.015904739 0.051001095 0.652169390 0.756188478
1706080897.141465664 222.909369711 700.185131856 -36.502946571 -0.015708965 0.050796006 0.651497641 0.756785186
1706080897.240044594 222.934072880 700.336312281 -36.493628618 -0.015884739 0.050432680 0.650847198 0.757365265
1706080897.344918728 222.962563510 700.497331154 -36.511428570 -0.015956127 0.050470223 0.650101441 0.758001500
1706080897.444085598 222.985907297 700.644779073 -36.500639907 -0.015786325 0.050646669 0.649361104 0.758627618
1706080897.542552471 223.008465333 700.801257298 -36.526936093 -0.016343928 0.049697667 0.648668112 0.759271163
1706080897.644811869 223.032115643 700.961521812 -36.543405330 -0.016073931 0.049731409 0.648022355 0.759825930
1706080897.744666338 223.058401933 701.115588723 -36.551074926 -0.016057852 0.049420620 0.647314377 0.760449765
1706080897.845312357 223.083679000 701.268919311 -36.541028838 -0.017074519 0.048778106 0.646538901 0.761128509
1706080897.945149183 223.096986811 701.427569548 -36.545726263 -0.016993755 0.049049391 0.645857269 0.761691380
1706080898.044973612 223.118690246 701.582881338 -36.569705027 -0.016495931 0.049224546 0.645221788 0.762229409
1706080898.144829273 223.135752877 701.733898197 -36.627685201 -0.015967575 0.049290716 0.644538243 0.762814470
1706080898.243886232 223.158685239 701.887590176 -36.646244199 -0.016123153 0.049135557 0.643829434 0.763419544
1706080898.342496634 223.188065701 702.041427330 -36.658975937 -0.016210982 0.049323932 0.643152877 0.763975609
1706080898.441083908 223.216284001 702.190687112 -36.655889052 -0.016314319 0.049338367 0.642438631 0.764573197
1706080898.539623499 223.239212071 702.345120452 -36.659360062 -0.015638506 0.050068274 0.641718807 0.765144155
1706080898.644826412 223.266611928 702.502014956 -36.696354270 -0.015746788 0.049862763 0.640968152 0.765784285
1706080898.743576050 223.295542907 702.655606825 -36.704250178 -0.015452430 0.050013713 0.640455930 0.766208883
1706080898.842205524 223.326380472 702.804927410 -36.725684679 -0.015680267 0.049736413 0.639691428 0.766860675
1706080898.945143223 223.354600143 702.963110315 -36.723361421 -0.015186445 0.049983300 0.639014491 0.767418739
1706080899.044478416 223.376293068 703.119266226 -36.749015003 -0.015047349 0.049751171 0.638233192 0.768086447
1706080899.143152952 223.400901147 703.269697221 -36.758268589 -0.015070460 0.049638893 0.637557876 0.768653899
1706080899.245489120 223.425625298 703.424498436 -36.758027654 -0.015229034 0.049427132 0.636762111 0.769323761
1706080899.345312357 223.448618252 703.580208996 -36.744779240 -0.015187283 0.049321890 0.636069992 0.769903671
1706080899.444916964 223.478888321 703.730975656 -36.739788781 -0.015718041 0.049228792 0.635237029 0.770586391
1706080899.543541431 223.508386757 703.880401130 -36.746094709 -0.015300437 0.049096118 0.634471661 0.771233544
1706080899.642133474 223.534025905 704.030502345 -36.723643709 -0.015352135 0.049155743 0.633673101 0.771884982
1706080899.740642071 223.565222794 704.184646906 -36.729978743 -0.015174059 0.049258946 0.632901199 0.772514969
1706080899.833721161 223.586299085 704.329747629 -36.724667224 -0.013697579 0.050381387 0.632010146 0.773199371
1706080899.944766521 223.616725791 704.500177026 -36.739253358 -0.015343904 0.049178052 0.631131252 0.773963453
1706080900.043242216 223.648935630 704.652264537 -36.740725579 -0.014756465 0.049889670 0.630319475 0.774590619
1706080900.141880989 223.676253902 704.804139324 -36.758710206 -0.014366623 0.049768250 0.629417318 0.775338998
1706080900.245477200 223.712344204 704.958577697 -36.780773106 -0.014520723 0.049682975 0.628576271 0.776023597
1706080900.344221115 223.740011421 705.109936901 -36.794093949 -0.014469892 0.049642558 0.627644395 0.776781019
1706080900.445152521 223.779408728 705.257820830 -36.803662735 -0.014639806 0.049594597 0.626752934 0.777500361
1706080900.544987202 223.809452295 705.407739311 -36.825617225 -0.014268017 0.049978378 0.625810569 0.778241426
1706080900.644828081 223.840798164 705.555749461 -36.836116596 -0.014284042 0.049613416 0.624912323 0.778985920
1706080900.744572639 223.872462562 705.712255576 -36.828376673 -0.015164795 0.048950810 0.623992883 0.779747863
1706080900.843158484 223.909383508 705.865133724 -36.840769710 -0.014504714 0.049745038 0.623166257 0.780370976
1706080900.941577673 223.941722827 706.022519757 -36.844178031 -0.015174446 0.048842848 0.622216264 0.781172858
1706080901.034755468 223.977692362 706.162297524 -36.825173695 -0.014943153 0.049108524 0.621419082 0.781794973
1706080901.133394241 224.008180813 706.312200756 -36.841169417 -0.015030626 0.048681579 0.620470655 0.782572904
1706080901.244426250 224.039763035 706.477032631 -36.856907055 -0.014983018 0.048720216 0.619540261 0.783308187
1706080901.342921734 224.073729675 706.624072429 -36.863383322 -0.014916055 0.048364536 0.618781396 0.783931098
1706080901.441582203 224.100512965 706.770722709 -36.901229588 -0.014229088 0.049210009 0.617796668 0.784667564
1706080901.544957876 224.137047014 706.931416182 -36.943686426 -0.014574969 0.048444165 0.616785529 0.785503879
1706080901.643932819 224.175030908 707.084592074 -36.975692578 -0.013937009 0.048902479 0.615791652 0.786266462
1706080901.745410919 224.213119310 707.238060444 -36.987207363 -0.013416199 0.049522797 0.614635497 0.787140841
1706080901.845251083 224.260520124 707.384343791 -36.987588851 -0.013671738 0.049584765 0.613554771 0.787975239
1706080901.945103884 224.301470609 707.530210520 -36.971930008 -0.013934804 0.049925685 0.612513937 0.788758470
1706080902.044149160 224.341051746 707.675272645 -36.975583613 -0.013401255 0.050471036 0.611459633 0.789550631
1706080902.142425299 224.382429395 707.823081454 -36.991342865 -0.013350648 0.050218101 0.610325083 0.790444935
1706080902.235781908 224.427821629 707.964267836 -36.999309019 -0.013317079 0.050649882 0.609280514 0.791223420
1706080902.334404945 224.466431951 708.119642036 -37.000827806 -0.013488623 0.050123675 0.608121082 0.792145456
1706080902.445131302 224.504003716 708.288748677 -37.012983971 -0.013443866 0.050132239 0.606829339 0.793135660
1706080902.544100761 224.540927577 708.438873938 -37.011066262 -0.013325075 0.049980964 0.605724163 0.793991551
1706080902.642623186 224.576273454 708.587887385 -37.009807324 -0.014005576 0.049408049 0.604473925 0.794967901
1706080902.745413542 224.617870278 708.741993474 -37.016073952 -0.013935598 0.049377246 0.603260169 0.795892490
1706080902.844948053 224.649005926 708.895840241 -37.013650616 -0.013405352 0.049703905 0.601925226 0.796891360
1706080902.943597794 224.692860235 709.042234099 -37.029890380 -0.014135817 0.049044218 0.600867380 0.797717516
1706080903.042244434 224.740449852 709.186091603 -37.047934946 -0.013822029 0.048789638 0.599705026 0.798612800
1706080903.144776821 224.789787698 709.343813454 -37.054590599 -0.014087367 0.048503236 0.598515403 0.799517539
1706080903.245163679 224.839937629 709.495627173 -37.081373258 -0.014243019 0.048383695 0.597252485 0.800465879
1706080903.338168859 224.876128983 709.632789143 -37.077374242 -0.014806734 0.048481784 0.595936706 0.801429797
1706080903.436816216 224.919368672 709.777725285 -37.097423643 -0.014233557 0.048483066 0.594769647 0.802306590
1706080903.535439968 224.961193997 709.926272020 -37.110185451 -0.014378032 0.048394242 0.593481766 0.803262512
1706080903.634080172 225.004449232 710.077431716 -37.124299536 -0.014808034 0.047913822 0.592196248 0.804231678
1706080903.745157480 225.056743270 710.245558147 -37.127114269 -0.014460635 0.048090164 0.590634591 0.805375072
1706080903.843795776 225.109446069 710.391188362 -37.096312907 -0.014502157 0.048188026 0.589425555 0.806253754
1706080903.942343473 225.159481604 710.538115935 -37.084677676 -0.014169299 0.048319071 0.588079441 0.807234210
1706080904.041036129 225.197260879 710.692243002 -37.096856459 -0.013874228 0.048347173 0.586577896 0.808329406
1706080904.144634247 225.246360066 710.842358895 -37.131105934 -0.013291279 0.048381794 0.585137065 0.809380726
1706080904.243283987 225.298280101 710.986043681 -37.163082031 -0.013281066 0.047963797 0.583627553 0.810494890
1706080904.341919899 225.346406570 711.131265448 -37.172981693 -0.012886062 0.048366044 0.582065234 0.811600110
1706080904.445117474 225.406738618 711.284579796 -37.170512329 -0.012686374 0.048254613 0.580586975 0.812668021
1706080904.539217234 225.448734042 711.431199019 -37.163261873 -0.012896694 0.048236866 0.578926653 0.813849378
1706080904.637850761 225.506195640 711.575751763 -37.174218917 -0.012856864 0.048348662 0.577386979 0.814936430
1706080904.736490965 225.559722342 711.721061444 -37.189773007 -0.012854781 0.048175583 0.575826736 0.816049899
1706080904.835120678 225.610128497 711.863410457 -37.213136860 -0.012763645 0.048105527 0.574240842 0.817172199
1706080904.941021681 225.667759199 712.023423931 -37.229273920 -0.012780472 0.047941236 0.572587803 0.818340703
1706080905.044853449 225.729564616 712.168785217 -37.229104130 -0.012720381 0.047952394 0.571052192 0.819413299
1706080905.143539667 225.780443929 712.316616082 -37.184438964 -0.013767400 0.047240060 0.569421548 0.820571713
1706080905.242142200 225.830970733 712.464345117 -37.187481010 -0.013589015 0.047244236 0.567914922 0.821617893
1706080905.345262527 225.882923025 712.616583932 -37.201798874 -0.014082134 0.046659358 0.566238837 0.822798990
1706080905.444330931 225.938018022 712.768688240 -37.201819910 -0.013340142 0.047154646 0.564668152 0.823861856
1706080905.542977333 225.993381015 712.913651249 -37.218791443 -0.013370033 0.046428905 0.563145941 0.824943785
1706080905.641627073 226.055907738 713.053375777 -37.238258090 -0.013433478 0.046306720 0.561613534 0.825993624
1706080905.740247011 226.117674867 713.199996566 -37.226097047 -0.013484846 0.046378418 0.559838874 0.827192623
1706080905.838895559 226.185772844 713.335143010 -37.273343170 -0.012852497 0.046162458 0.558435443 0.828162845
1706080905.937526464 226.238502482 713.477570988 -37.285446811 -0.013270854 0.046173835 0.556665038 0.829346669
1706080906.042554140 226.304004699 713.631232556 -37.291259822 -0.013089974 0.046384633 0.554863709 0.830544028
1706080906.142151594 226.355918436 713.782403594 -37.307167137 -0.012937220 0.046063742 0.553044839 0.831776512
1706080906.245450020 226.421263421 713.935666253 -37.316654192 -0.012679757 0.046313513 0.551171532 0.833009139
1706080906.344506979 226.471744972 714.079447799 -37.288589316 -0.013235698 0.046155564 0.549307252 0.834239787
1706080906.443345547 226.535241339 714.218400865 -37.309284052 -0.012505320 0.046310789 0.547530697 0.835409518
1706080906.541990519 226.605159797 714.354954405 -37.321658788 -0.012004230 0.046428246 0.545839764 0.836516149
1706080906.644815207 226.665690084 714.508185467 -37.356413210 -0.011935432 0.045691536 0.543909502 0.837813990
1706080906.744019747 226.730964582 714.652748395 -37.330012959 -0.012171813 0.045870196 0.542117166 0.838961710
1706080906.842661381 226.810118631 714.784615292 -37.352677794 -0.011997375 0.045438793 0.540421658 0.840080836
1706080906.941282272 226.869813366 714.924218479 -37.386150716 -0.011960571 0.045202722 0.538620245 0.841250195
1706080907.039926767 226.936421325 715.063654097 -37.435579975 -0.010857355 0.045275418 0.536874153 0.842376637
1706080907.138549089 227.005952720 715.196894905 -37.458710787 -0.011802600 0.044504065 0.534996425 0.843598786
1706080907.243850470 227.080863038 715.338961587 -37.488437424 -0.011461109 0.044591812 0.533119261 0.844786403
1706080907.343234539 227.151050725 715.479176766 -37.494211264 -0.011317170 0.044830385 0.531250123 0.845952401
1706080907.442450762 227.223417467 715.621268092 -37.491877280 -0.011463876 0.044519669 0.529443753 0.847098513
1706080907.545027733 227.298554754 715.765993676 -37.487071758 -0.012494270 0.043901998 0.527376576 0.848404653
1706080907.644195557 227.364662072 715.909349257 -37.480720728 -0.012170058 0.044426268 0.525491768 0.849550821
1706080907.743107319 227.434001429 716.049857610 -37.468380033 -0.011987449 0.044710757 0.523447806 0.850799415
1706080907.841873646 227.500901476 716.188716495 -37.460824276 -0.012597126 0.044362725 0.521416830 0.852055016
1706080907.945048809 227.574755900 716.332749621 -37.479869950 -0.012595106 0.044064722 0.519268407 0.853381500
1706080908.043699503 227.644511881 716.467553744 -37.486599978 -0.012939046 0.043656157 0.517384562 0.854540775
1706080908.142339945 227.714758367 716.609093056 -37.476250505 -0.013105177 0.043467225 0.515260891 0.855830047
1706080908.240955114 227.775764789 716.747826553 -37.483529189 -0.012202948 0.043497588 0.513075676 0.857153661
1706080908.339590788 227.848372785 716.885896406 -37.496524662 -0.011921444 0.043212425 0.511058621 0.858376171
1706080908.445062160 227.930131359 717.027871071 -37.519558602 -0.012344356 0.042399574 0.508820977 0.859738976
1706080908.544374704 228.015341906 717.159843875 -37.532742047 -0.011899485 0.042284217 0.506878044 0.860897843
1706080908.643553495 228.094570605 717.296600408 -37.528203501 -0.012340768 0.041789635 0.504631859 0.862234318
1706080908.742667913 228.176566119 717.426363534 -37.542056241 -0.012402446 0.041832046 0.502528067 0.863459207
1706080908.845243454 228.255219715 717.563102050 -37.559282892 -0.012069370 0.041714569 0.500192081 0.864824900
1706080908.943991423 228.341553560 717.696537705 -37.574202992 -0.011981792 0.041695929 0.498231852 0.865957798
1706080909.042918921 228.426749682 717.829746626 -37.598905735 -0.011917138 0.041547947 0.496204008 0.867129363
1706080909.141734838 228.506942919 717.962404679 -37.611028166 -0.011765877 0.041640337 0.494047836 0.868357290
1706080909.244725227 228.590224956 718.099091583 -37.616929651 -0.012802051 0.041089338 0.491743890 0.869675641
1706080909.343366623 228.669794283 718.227334081 -37.626288972 -0.012254815 0.041461703 0.489472419 0.870946323
1706080909.442005157 228.737378740 718.369328643 -37.631892029 -0.012129841 0.041215025 0.487168719 0.872250439
1706080909.540632010 228.822208115 718.497779044 -37.630474737 -0.012434954 0.041041349 0.484895576 0.873520040
1706080909.639253378 228.899538959 718.628699443 -37.634951209 -0.012349985 0.040922129 0.482623816 0.874784036
1706080909.745101213 228.988088665 718.768000188 -37.634198692 -0.012725641 0.040666279 0.480188312 0.876129840
1706080909.844652414 229.078265015 718.896575444 -37.650263972 -0.012354210 0.040376595 0.477976646 0.877357071
1706080909.943757772 229.164623707 719.025447025 -37.667888170 -0.012137178 0.040157243 0.475621355 0.878649197
1706080910.042856216 229.252021681 719.146966651 -37.664595339 -0.012370487 0.040060691 0.473528210 0.879780169
1706080910.144834042 229.341353149 719.278247964 -37.673215037 -0.012125163 0.039371137 0.471321868 0.880998633
1706080910.243810177 229.442756138 719.405191527 -37.664581406 -0.011966368 0.039718609 0.469101477 0.882169509
1706080910.342825174 229.529984625 719.534207604 -37.668479124 -0.011949406 0.039622129 0.466853824 0.883365613
1706080910.441719055 229.617715097 719.661977356 -37.681169630 -0.011674580 0.039558114 0.464470589 0.884627567
1706080910.544386148 229.712512441 719.791638102 -37.688241052 -0.011698281 0.039607258 0.461998040 0.885918860
1706080910.643035889 229.799400644 719.917300602 -37.707738011 -0.011290569 0.039978243 0.459366258 0.887274988
1706080910.741650581 229.894491134 720.036484820 -37.692611001 -0.011175106 0.040527458 0.456924650 0.888511399
1706080910.840284586 229.988290574 720.158866975 -37.697138017 -0.011372717 0.040258228 0.454313388 0.889859136
1706080910.945196390 230.083639944 720.291412011 -37.697774522 -0.011329862 0.040129987 0.451606068 0.891242491
1706080911.045037031 230.182925591 720.416197492 -37.699716501 -0.010929882 0.040143669 0.449090308 0.892517181
1706080911.144843817 230.278857967 720.538213272 -37.689558293 -0.011181766 0.039946679 0.446585101 0.893779044
1706080911.243933201 230.368864016 720.668834102 -37.713414028 -0.010545691 0.039608091 0.444004483 0.895086592
1706080911.343019247 230.477935956 720.782916980 -37.714604086 -0.010824534 0.039398424 0.441375849 0.896391629
1706080911.444771051 230.567466503 720.912741713 -37.690753544 -0.010489242 0.039370645 0.438516286 0.897799195
1706080911.543711185 230.671795044 721.032150269 -37.721270461 -0.010205100 0.038781792 0.435903905 0.899099335
1706080911.642815113 230.766526834 721.152281855 -37.727797440 -0.009548685 0.038936987 0.433255759 0.900378909
1706080911.745069742 230.861640164 721.279629893 -37.719406572 -0.008828190 0.038881570 0.430543537 0.901688721
1706080911.844086885 230.961634037 721.399621648 -37.742137122 -0.009932905 0.037856817 0.427695208 0.903075306
1706080911.942712069 231.064166950 721.512579357 -37.766909193 -0.009803238 0.037726276 0.425027625 0.904340723
1706080912.041352749 231.157011093 721.636734295 -37.755048033 -0.009600319 0.037521358 0.422266396 0.905644010
1706080912.139961958 231.265243758 721.749722047 -37.769199793 -0.010219887 0.036931915 0.419664507 0.906870051
1706080912.245473623 231.386803280 721.872965405 -37.939291926 -0.008950459 0.036030500 0.416811272 0.908234582
1706080912.345302105 231.495113030 721.988058167 -37.924988544 -0.009497460 0.036156761 0.413918099 0.909546202
1706080912.445022583 231.595720756 722.100266785 -37.905933369 -0.009861551 0.036526199 0.411104972 0.910802552
1706080912.544103622 231.701173806 722.213175924 -37.903685755 -0.009997261 0.036170516 0.408354739 0.912051619
1706080912.643218040 231.802779387 722.330061476 -37.813379681 -0.010172170 0.037006255 0.405480953 0.913297466
1706080912.744840384 231.914895509 722.439236424 -37.830782522 -0.010537279 0.036059740 0.402546369 0.914628384
1706080912.843672514 232.024494934 722.549975795 -37.817647013 -0.011063496 0.035827916 0.399581075 0.915930633
1706080912.942616224 232.123969280 722.667569969 -37.814059879 -0.010225834 0.036244142 0.396594922 0.917220945
1706080913.045007467 232.238343948 722.782197770 -37.811294535 -0.011173122 0.035320778 0.393576069 0.918545308
1706080913.144508123 232.340728558 722.896186371 -37.833229517 -0.010873580 0.035095250 0.390635328 0.919812008
1706080913.242382050 232.444527847 723.001397228 -37.864761489 -0.010548715 0.034901223 0.387707463 0.921061101
1706080913.341014385 232.553174527 723.112334738 -37.857100443 -0.010818577 0.034879401 0.384676703 0.922328694
1706080913.439622879 232.661269564 723.223867992 -37.849805704 -0.009833074 0.035382704 0.381494710 0.923641251
1706080913.545325518 232.790813462 723.335424963 -37.846520437 -0.010647550 0.034516617 0.378282620 0.924985131
1706080913.643949986 232.903459161 723.448981162 -37.844610853 -0.010933629 0.034151688 0.375115127 0.926284384
1706080913.745109320 233.023345149 723.561594568 -37.860060293 -0.010361924 0.034073977 0.371936274 0.927574796
1706080913.844326496 233.133712675 723.660854918 -37.865820654 -0.009958802 0.034164609 0.368666840 0.928880166
1706080913.944791317 233.243620651 723.766768372 -37.841425400 -0.010597230 0.033925360 0.365249968 0.930230740
1706080914.044811487 233.367277253 723.871049292 -37.841110280 -0.010464631 0.033620701 0.361898653 0.931552202
1706080914.143687725 233.486536703 723.967745706 -37.855326980 -0.010085288 0.033588391 0.358773546 0.932765592
1706080914.245132685 233.608673365 724.065028211 -37.882096788 -0.009304864 0.033662294 0.355427235 0.934051257
1706080914.344763517 233.732748797 724.156762993 -37.879133879 -0.009148590 0.033519687 0.352183231 0.935285895
1706080914.443392992 233.854327876 724.257216149 -37.887427501 -0.009787096 0.032944941 0.348651753 0.936622015
1706080914.542004585 233.975499929 724.355218874 -37.880963600 -0.009474969 0.032952898 0.345273523 0.937875539
1706080914.640639782 234.089893575 724.451380687 -37.912358830 -0.010601876 0.032347981 0.341720848 0.939184790
1706080914.739252090 234.204929151 724.553038090 -37.961561821 -0.008943548 0.032509224 0.338265825 0.940446381
1706080914.844645262 234.339630418 724.659569985 -37.967001234 -0.009098355 0.031891558 0.334472271 0.941821877
1706080914.943405628 234.457009624 724.768477835 -37.991692440 -0.009009267 0.031350363 0.330929593 0.943091508
1706080915.045414925 234.585208449 724.866050898 -37.998031872 -0.009070143 0.031157740 0.327143106 0.944417448
1706080915.144538879 234.714158876 724.957901438 -38.015695943 -0.009006988 0.030849079 0.323475592 0.945690621
1706080915.245124578 234.847139316 725.044465403 -37.997959555 -0.008589816 0.031070067 0.319738678 0.946957256
1706080915.344939232 234.980710307 725.126218180 -38.008662962 -0.009082885 0.030391155 0.316099716 0.948195575
1706080915.443814039 235.101569632 725.215827614 -38.016786039 -0.007726786 0.031002177 0.312348352 0.949430181
1706080915.545421839 235.238630083 725.293574185 -38.008625424 -0.007909134 0.030714929 0.308542517 0.950681626
1706080915.644428492 235.357821442 725.388933892 -37.993471803 -0.007863606 0.030233841 0.304695408 0.951937386
1706080915.743043423 235.487332749 725.479249148 -37.981301728 -0.007946752 0.029969050 0.300837571 0.953171265
1706080915.841659069 235.621360304 725.557096541 -37.931957259 -0.009354390 0.029906034 0.296962458 0.954374886
1706080915.940263510 235.740267292 725.655519135 -37.965755631 -0.008474167 0.029322026 0.292928757 0.955646980
1706080916.045418262 235.875944976 725.751638475 -37.934857691 -0.009126082 0.029664892 0.288669885 0.956925497
1706080916.144358158 235.994543554 725.840093730 -37.916228655 -0.009482635 0.029030848 0.284783924 0.958105112
1706080916.242886782 236.128923171 725.915321547 -37.915082036 -0.008780769 0.029280181 0.280885604 0.959254318
1706080916.344950438 236.282286918 725.982467489 -37.938210043 -0.009613157 0.028798338 0.276889059 0.960422143
1706080916.444641113 236.413109481 726.064297653 -37.923986218 -0.008919700 0.028950023 0.272796375 0.961594755
1706080916.545422316 236.557174224 726.138393731 -37.934797742 -0.008582401 0.028776474 0.268807428 0.962725726
1706080916.645138025 236.689601864 726.221868893 -37.881871242 -0.010815444 0.028061009 0.264410968 0.963941101
1706080916.745056868 236.816524281 726.311724045 -37.875644486 -0.011027604 0.027620815 0.260061860 0.965133831
1706080916.844956160 236.964075365 726.378947020 -37.894571772 -0.008289173 0.028163202 0.256120898 0.966198846
1706080916.944081068 237.101291707 726.453624391 -37.842697030 -0.009741010 0.027620688 0.251819788 0.967330866
1706080917.042679310 237.228812630 726.522572321 -37.854720822 -0.010258517 0.027267360 0.247470608 0.968457305
1706080917.141291618 237.364495147 726.592571664 -37.870817322 -0.008245425 0.027721565 0.243409658 0.969492272
1706080917.239887476 237.513019998 726.654602401 -37.864453904 -0.009572865 0.026727541 0.239124706 0.970573734
1706080917.344985962 237.658713801 726.729522838 -37.834477445 -0.010095762 0.026690179 0.234377513 0.971726758
1706080917.443846703 237.798379420 726.803204208 -37.868854373 -0.008911937 0.026526816 0.230114311 0.972761178
1706080917.542444229 237.932498109 726.876269266 -37.878305689 -0.009513976 0.026227335 0.225728758 0.973790603
1706080917.645306826 238.075926476 726.942039513 -37.864403660 -0.008698987 0.026273258 0.221295409 0.974814026
1706080917.744520903 238.226967125 726.995062715 -37.884005345 -0.008506343 0.025756320 0.217102492 0.975771880
1706080917.843284130 238.368304291 727.061025486 -37.872793480 -0.008488949 0.025374163 0.212811938 0.976726763
1706080917.944797039 238.507488919 727.131306656 -37.882174622 -0.006991221 0.025838958 0.208350689 0.977687814
1706080918.045452595 238.652889808 727.195479891 -37.914932089 -0.007157712 0.024980946 0.203791204 0.978669436
1706080918.145103931 238.796657644 727.248975766 -37.903052171 -0.006764968 0.025010814 0.199382617 0.979579127
1706080918.243736267 238.943293976 727.296686936 -37.909341979 -0.007668689 0.024575423 0.194968599 0.980471563
1706080918.342343092 239.089789703 727.349979810 -37.856073759 -0.007917191 0.024257616 0.190470498 0.981361236
1706080918.440883398 239.231284116 727.411423271 -37.874587265 -0.007035056 0.024003301 0.186004161 0.982230524
1706080918.533885002 239.369812762 727.454192893 -37.869700040 -0.007238591 0.023880918 0.181638512 0.983048705
1706080918.644833565 239.541646039 727.505496170 -37.866315806 -0.007395835 0.023594751 0.176475387 0.983994424
1706080918.743514538 239.683251356 727.566871998 -37.906570726 -0.006988866 0.023284248 0.172003227 0.984796370
1706080918.842162371 239.836319366 727.609264763 -37.942000492 -0.006585311 0.022682292 0.167489442 0.985590906
1706080918.944806099 239.987121867 727.659543898 -37.952798611 -0.006195257 0.022325381 0.162639831 0.986413444
1706080919.044313908 240.142818203 727.690422328 -37.927081550 -0.007512443 0.022286440 0.158197516 0.987127359
1706080919.145294428 240.274777281 727.753530180 -37.939075289 -0.005474679 0.022399059 0.153356082 0.987901929
1706080919.245137215 240.425683858 727.796087710 -37.941131677 -0.006288696 0.021919796 0.148830550 0.988599738
1706080919.344991922 240.579219130 727.834230384 -37.945010792 -0.006094725 0.021496217 0.144214471 0.989294169
1706080919.444763660 240.730394211 727.871993562 -37.959202031 -0.006458290 0.021169044 0.139627034 0.989956794
1706080919.543343306 240.884466489 727.909962142 -37.928523064 -0.006085677 0.021217461 0.135008210 0.990598590
1706080919.641884565 241.042215705 727.938921246 -37.941584601 -0.005496303 0.020888635 0.130395736 0.991226719
1706080919.734924555 241.179982327 727.968184663 -37.928844679 -0.006408496 0.020881334 0.125946182 0.991796582
1706080919.844602585 241.353567622 727.984273456 -37.937017244 -0.006537288 0.020356872 0.120904037 0.992433915
1706080919.944447279 241.491528931 728.036139686 -37.932494905 -0.008300012 0.019465205 0.115778719 0.993049598
1706080920.043088198 241.649989042 728.051973716 -37.918203317 -0.005793652 0.019922858 0.111547655 0.993542467
1706080920.141742229 241.799722675 728.074338187 -37.899955687 -0.005489104 0.019640862 0.106701670 0.994081918
1706080920.245172024 241.957104784 728.093227770 -37.882749899 -0.007451589 0.019162205 0.101780494 0.994594397
1706080920.344044924 242.097991035 728.140666578 -37.907996075 -0.004347056 0.019398463 0.097322261 0.995054360
1706080920.442709923 242.245977181 728.166874584 -37.887805966 -0.006765439 0.018852964 0.092454571 0.995515418
1706080920.545089960 242.398255519 728.197454429 -37.876407406 -0.006364071 0.018595453 0.087669102 0.995955740
1706080920.644947529 242.562114052 728.217787564 -37.873345314 -0.006224395 0.018404364 0.083092956 0.996352396
1706080920.744357824 242.725747314 728.227363839 -37.855013773 -0.006349174 0.018015206 0.078334999 0.996744084
1706080920.843766928 242.873190907 728.253662625 -37.847216861 -0.006085338 0.018244317 0.073541536 0.997106692
1706080920.935948372 243.019350679 728.262140236 -37.821913958 -0.007850857 0.017604244 0.069006399 0.997429983
1706080921.034582615 243.174239511 728.284888553 -37.878654455 -0.003915997 0.017573135 0.064816805 0.997734750
1706080921.133203030 243.326842331 728.298088649 -37.854073180 -0.006037037 0.017268628 0.059896677 0.998036942
1706080921.244374990 243.495717836 728.316542613 -37.846716370 -0.006351599 0.016901509 0.054717697 0.998338605
1706080921.342992544 243.645885815 728.324733498 -37.860952473 -0.006180814 0.016650664 0.049973231 0.998592624
1706080921.441589117 243.793394197 728.342011064 -37.856059689 -0.006061459 0.016488499 0.045323109 0.998817903
1706080921.545087814 243.957873180 728.334633521 -37.823320945 -0.005946289 0.016270410 0.040593839 0.999025553
1706080921.643758535 244.106692779 728.348307779 -37.837085833 -0.005544502 0.015972207 0.035711716 0.999219105
1706080921.742397785 244.261772163 728.347398643 -37.844532611 -0.005592170 0.015506034 0.030963756 0.999384579
1706080921.845455885 244.426718622 728.350301515 -37.871162674 -0.004371223 0.015409017 0.026123790 0.999530391
1706080921.945298433 244.583791380 728.369554474 -37.883753386 -0.003928982 0.015158922 0.021365553 0.999649080
1706080922.043844938 244.733167006 728.363386336 -37.865070771 -0.005269085 0.014789804 0.016508005 0.999740458
1706080922.136979103 244.879236120 728.364688674 -37.855837246 -0.004482634 0.014391114 0.012072831 0.999813507
1706080922.243448019 245.046697763 728.352496044 -37.828158377 -0.003847792 0.014334699 0.007146598 0.999864309
1706080922.334244251 245.179236724 728.365157693 -37.819173458 -0.003715694 0.013882593 0.002431531 0.999893772
1706080922.445126772 245.342965966 728.362686368 -37.812241003 -0.004043848 0.013483247 -0.002886277 0.999896754
1706080922.543797493 245.487522485 728.359823142 -37.773588084 -0.003943682 0.013706541 -0.007929222 0.999866844
1706080922.642507792 245.646136464 728.354237976 -37.758547408 -0.004240802 0.013555615 -0.012635940 0.999819281
1706080922.741178513 245.797766571 728.348007096 -37.764675426 -0.003005172 0.013318850 -0.017334034 0.999756525
1706080922.844802856 245.958964075 728.342974083 -37.764670066 -0.002554114 0.013100183 -0.022229776 0.999663793
1706080922.943449259 246.109765656 728.323503518 -37.734987296 -0.003383575 0.013006332 -0.026964293 0.999546054
1706080923.042109728 246.257445222 728.321979598 -37.751293023 -0.002270261 0.012815775 -0.031620787 0.999415193
1706080923.140733957 246.406066625 728.303141046 -37.751459202 -0.003421170 0.012269376 -0.036475542 0.999253368
1706080923.244806767 246.575531100 728.276328278 -37.761134985 -0.002119950 0.011956347 -0.041171465 0.999078306
1706080923.338031530 246.723312032 728.256969389 -37.750607839 -0.002482880 0.011875147 -0.045667615 0.998883019
1706080923.437534809 246.874705066 728.220291001 -37.787057959 -0.002352133 0.011269852 -0.050323184 0.998666629
1706080923.535282373 247.023198602 728.211948244 -37.794071818 -0.001510981 0.011002961 -0.054982483 0.998425550
1706080923.640744448 247.188518470 728.203635987 -37.793810556 -0.000718727 0.010429134 -0.059830934 0.998153784
1706080923.744813442 247.345331697 728.174791631 -37.809007047 -0.001073076 0.010273469 -0.064889347 0.997839004
1706080923.843533754 247.493132548 728.159836014 -37.808078355 -0.000764927 0.010197028 -0.069673424 0.997517443
1706080923.942180157 247.629989530 728.111604233 -37.799674614 -0.002208567 0.009933174 -0.074645796 0.997158192
1706080924.040869951 247.776401835 728.090942835 -37.815123061 0.000157985 0.009379338 -0.079094389 0.996822994
1706080924.144490719 247.937004292 728.050972006 -37.784632609 -0.001490745 0.009475309 -0.084029821 0.996417074
1706080924.243130684 248.089542774 728.016111695 -37.783683340 -0.001331463 0.008689357 -0.088778215 0.996012626
1706080924.341785669 248.228175620 727.969246747 -37.780163681 -0.002027929 0.008638110 -0.093566803 0.995573465
1706080924.440419436 248.373021319 727.950165143 -37.766391378 -0.002218746 0.008448942 -0.098455367 0.995103127
1706080924.539054871 248.520345688 727.920069118 -37.755490796 -0.001004398 0.007897068 -0.102859154 0.994664075
1706080924.637701988 248.674097839 727.888189342 -37.734298991 -0.001574781 0.007896016 -0.107522075 0.994170094
1706080924.736320496 248.827575063 727.857107093 -37.731966907 -0.001219113 0.007440812 -0.112181454 0.993659131
1706080924.841884613 248.992908104 727.811398926 -37.732159884 -0.000549418 0.007235471 -0.117164968 0.993085956
1706080924.941217661 249.130681887 727.767582738 -37.718561647 0.000082697 0.007292947 -0.121574019 0.992555572
1706080925.044590712 249.280686738 727.728597786 -37.715842992 0.000384302 0.007304447 -0.126289765 0.991966427
1706080925.143262863 249.422178289 727.691494358 -37.692448077 -0.000561400 0.007208723 -0.131153202 0.991335744
1706080925.241945505 249.568025092 727.663999090 -37.680325083 0.000721088 0.007106176 -0.135822042 0.990707502
1706080925.345444202 249.714597270 727.607851935 -37.673044046 0.001110875 0.006736661 -0.140908185 0.989999125
1706080925.444170713 249.857759063 727.554160266 -37.671285152 0.001114935 0.006317603 -0.145338292 0.989361221
1706080925.542808533 250.003347130 727.515038280 -37.661200877 0.002805286 0.005812517 -0.150247179 0.988627397
1706080925.642561674 250.154535767 727.466191661 -37.658051179 0.003269466 0.005617910 -0.154925976 0.987904698
1706080925.740087271 250.288921581 727.408175971 -37.638900936 0.003666078 0.005581941 -0.159654033 0.987150440
1706080925.839478731 250.431119569 727.350570535 -37.628854039 0.004026665 0.004704978 -0.164269850 0.986395998
1706080925.937371969 250.570478113 727.301017855 -37.645332547 0.004101634 0.004580673 -0.168805736 0.985630163
1706080926.043035507 250.720819475 727.235542641 -37.659546287 0.003592494 0.004209444 -0.173714889 0.984780438
1706080926.142287731 250.861855789 727.186434068 -37.653431368 0.004143624 0.003765427 -0.178360810 0.983949223
1706080926.241441727 251.000178891 727.132280300 -37.640984612 0.003297486 0.003709399 -0.182967852 0.983106369
1706080926.344311953 251.149199643 727.090544271 -37.634425597 0.004066349 0.003232803 -0.187780775 0.982197228
1706080926.443033695 251.277049389 727.021158237 -37.612590817 0.004185952 0.003145387 -0.191936416 0.981393395
1706080926.541778564 251.421881695 726.958603619 -37.605829775 0.003014167 0.002846146 -0.196712500 0.980452450
1706080926.645005941 251.563508842 726.880665811 -37.600986300 0.003122625 0.002382354 -0.201228300 0.979536495
1706080926.743860006 251.709517540 726.841287976 -37.603131155 0.002049238 0.002382859 -0.206166909 0.978511793
1706080926.842514753 251.841192912 726.761562673 -37.587343763 0.004280448 0.002363187 -0.210415132 0.977599900
1706080926.941162586 251.973211122 726.703181646 -37.583546934 0.001797447 0.002396893 -0.215097358 0.976588015
1706080927.040469646 252.117006646 726.643651907 -37.592210310 0.001995997 0.002001392 -0.219658462 0.975572740
1706080927.138414145 252.249265896 726.565660237 -37.590161398 0.001595537 0.002271717 -0.224145876 0.974551651
1706080927.244213104 252.389922370 726.481157731 -37.578645046 0.001366547 0.001821113 -0.229213093 0.973373605
1706080927.343417406 252.510745174 726.397299864 -37.564676264 0.001092212 0.001879832 -0.233900592 0.972258086
1706080927.442561150 252.649228353 726.329864475 -37.562671212 0.001747284 0.001160256 -0.238399110 0.971165004
1706080927.545171976 252.783014469 726.261565045 -37.562660995 0.001531474 0.000966185 -0.243169922 0.969982015
1706080927.644085407 252.909825790 726.180058120 -37.540150777 0.001949306 0.000582144 -0.247618783 0.968855407
1706080927.742918730 253.050957988 726.118990551 -37.540436405 0.001984235 0.000277263 -0.252313340 0.967643511
1706080927.841652155 253.186928485 726.047523591 -37.531193032 0.003119281 -0.000215642 -0.256884581 0.966437031
1706080927.944903612 253.322860811 725.971155284 -37.523399079 0.002281558 -0.000278754 -0.261882618 0.965096996
1706080928.043554306 253.443656726 725.882149472 -37.516142801 0.003347583 -0.000605378 -0.266221568 0.963905858
1706080928.142877817 253.568117972 725.812076570 -37.515418393 0.003127340 -0.000731838 -0.270957105 0.962586065
1706080928.240818977 253.705367169 725.755021804 -37.509298930 0.003835144 -0.001313993 -0.275546762 0.961279120
1706080928.339437485 253.829937670 725.673805249 -37.514780342 0.004008581 -0.001271498 -0.279909337 0.960017228
1706080928.445299625 253.970644389 725.593893926 -37.515444190 0.004959432 -0.001876269 -0.284519633 0.958655549
1706080928.544535160 254.080742419 725.480938834 -37.515729627 0.003913560 -0.001887991 -0.288743750 0.957396557
1706080928.643676996 254.194322957 725.389398524 -37.515031841 0.004663956 -0.002391952 -0.293122147 0.956060632
1706080928.742769957 254.325027610 725.302955343 -37.500640090 0.004455797 -0.002784081 -0.297789210 0.954617191
1706080928.845208406 254.441288444 725.187041440 -37.492363901 0.006377289 -0.003451952 -0.302039609 0.953267795
1706080928.943994045 254.549232797 725.072511699 -37.461763962 0.005186483 -0.003235808 -0.306582782 0.951824368
1706080929.042781115 254.665013068 724.978187026 -37.470709793 0.005672715 -0.004207583 -0.311015408 0.950378626
1706080929.141584158 254.768225602 724.882419135 -37.457815959 0.005760942 -0.004096224 -0.315312269 0.948961646
1706080929.244590998 254.887335824 724.788640118 -37.459421342 0.006169486 -0.004232332 -0.320086339 0.947358834
1706080929.344143867 255.015922051 724.706670388 -37.456994071 0.005698768 -0.004446213 -0.324541168 0.945843954
1706080929.441861868 255.128780764 724.614586829 -37.446193210 0.005797645 -0.004497419 -0.329066606 0.944278205
1706080929.541331768 255.256132090 724.525005062 -37.463620439 0.007639620 -0.005484383 -0.333558434 0.942682518
1706080929.639140844 255.358174115 724.424928303 -37.428292437 0.006447898 -0.005150721 -0.338093790 0.941076237
1706080929.744825125 255.481467015 724.323046211 -37.422490916 0.006395130 -0.005820829 -0.342859294 0.939346967
1706080929.844784975 255.605663795 724.240953721 -37.410161271 0.006468874 -0.005998939 -0.347644500 0.937584912
1706080929.943888426 255.716269136 724.141278845 -37.396529385 0.006162281 -0.005994283 -0.352123455 0.935914081
1706080930.042973518 255.830755200 724.048671457 -37.386986059 0.005788695 -0.005870055 -0.356796657 0.934145695
1706080930.144942760 255.943456500 723.942296910 -37.387877813 0.006313757 -0.006153725 -0.361158935 0.932462595
1706080930.243833780 256.041663495 723.828611585 -37.376658055 0.006399822 -0.006037180 -0.365488923 0.930774109
1706080930.342721701 256.144721466 723.727672409 -37.377924167 0.006646957 -0.006698911 -0.369922390 0.929014730
1706080930.445275784 256.238701882 723.608837712 -37.378762361 0.006690695 -0.006622487 -0.374403302 0.927218175
1706080930.544244051 256.342600204 723.496818212 -37.356136348 0.007284288 -0.006864916 -0.378767706 0.925437646
1706080930.643775940 256.446515032 723.384704197 -37.351274616 0.007114661 -0.007172469 -0.383122750 0.923642190
1706080930.741531372 256.540075762 723.269491762 -37.335778802 0.008638231 -0.007702206 -0.387172568 0.921934629
1706080930.840165615 256.627486559 723.146399784 -37.329228770 0.007443476 -0.007680244 -0.391371274 0.920170710
1706080930.945230246 256.723073679 723.017022424 -37.317281901 0.007894830 -0.008062270 -0.395876938 0.918234241
1706080931.045073509 256.826313162 722.919711331 -37.322052682 0.007365558 -0.008294176 -0.400241860 0.916342408
1706080931.144923449 256.936795083 722.822409135 -37.316603676 0.007893349 -0.008758054 -0.404599082 0.914418162
1706080931.244058371 257.035876901 722.718571607 -37.315023668 0.007699568 -0.008953995 -0.408941428 0.912484220
1706080931.343157291 257.147773111 722.617971056 -37.315216211 0.008187239 -0.009855970 -0.413337408 0.910487790
1706080931.444844007 257.256343056 722.505311153 -37.303139186 0.008133046 -0.010160785 -0.417794705 0.908448235
1706080931.543869734 257.342817933 722.385449436 -37.293106174 0.008177810 -0.010315797 -0.422112929 0.906447673
1706080931.642641544 257.429841909 722.265332505 -37.269624338 0.008069376 -0.010855998 -0.426453065 0.904408545
1706080931.745198488 257.529281626 722.153107473 -37.272036121 0.008205883 -0.010793175 -0.430781647 0.902354334
1706080931.843935490 257.621238087 722.038346243 -37.270777090 0.008596202 -0.011196984 -0.435032858 0.900303918
1706080931.943394184 257.665971021 721.872784575 -37.267527834 0.010052272 -0.011762253 -0.438597162 0.898550572
1706080932.041207075 257.758538894 721.762196906 -37.249446708 0.008963523 -0.011391805 -0.443265709 0.896273057
1706080932.140952349 257.846503684 721.642245300 -37.234080919 0.009666673 -0.011791706 -0.447495341 0.894156268
1706080932.244771242 257.936257960 721.524565613 -37.210235343 0.009431059 -0.011459407 -0.452110106 0.891838656
1706080932.343829870 258.030189262 721.410461880 -37.212793064 0.009700427 -0.012270380 -0.456143113 0.889768958
1706080932.445134163 258.109230737 721.282221433 -37.210922958 0.008710736 -0.011951900 -0.460472569 0.887550724
1706080932.544256687 258.213051139 721.174852372 -37.212124505 0.009745189 -0.012702261 -0.464819995 0.885260445
1706080932.644935608 258.301622364 721.057356601 -37.211192275 0.009368728 -0.012627631 -0.468949292 0.883085121
1706080932.744888067 258.388346486 720.939595856 -37.206531387 0.009808053 -0.013147789 -0.473383427 0.880703735
1706080932.843826532 258.467659081 720.822417007 -37.173169192 0.009960904 -0.013269912 -0.477451662 0.878501338
1706080932.942840099 258.540142991 720.703388778 -37.169693246 0.009817718 -0.013605647 -0.481445363 0.876315503
1706080933.044964552 258.605787783 720.562396411 -37.168233411 0.010393477 -0.014349571 -0.485542090 0.874033720
1706080933.144490242 258.686085585 720.435785832 -37.162021439 0.010168116 -0.014273660 -0.489577599 0.871783601
1706080933.242221117 258.762816631 720.315134874 -37.155633755 0.010578887 -0.014815945 -0.493435842 0.869591654
1706080933.340841293 258.842849812 720.194238342 -37.152442529 0.011330840 -0.015273881 -0.497577607 0.867210958
1706080933.440706968 258.906467735 720.051150297 -37.137042237 0.010997838 -0.014910961 -0.501332394 0.865056381
1706080933.544928551 258.978349721 719.917810410 -37.138893065 0.010449641 -0.014767614 -0.505530148 0.862619262
1706080933.643320084 259.041778960 719.791935189 -37.122628092 0.011241014 -0.015264987 -0.509200885 0.860438887
1706080933.741883039 259.098530135 719.664453109 -37.100433698 0.011499307 -0.015361022 -0.513191165 0.858059808
1706080933.844444752 259.166972795 719.526286109 -37.091461584 0.012003681 -0.015809715 -0.517212342 0.855626880
1706080933.945281267 259.226669913 719.382355385 -37.084608693 0.012259554 -0.016008772 -0.520912437 0.853371933
1706080934.044676542 259.316217582 719.270527419 -37.077558395 0.011275772 -0.015937746 -0.525120481 0.850803929
1706080934.143841028 259.380949319 719.142052452 -37.072839794 0.011285759 -0.016256161 -0.528741951 0.848551895
1706080934.242907763 259.443854254 719.011958646 -37.063372840 0.011623956 -0.016877279 -0.532386378 0.846253382
1706080934.345259666 259.491927610 718.869567075 -37.052107777 0.012028853 -0.017067654 -0.536342341 0.843742197
1706080934.443963766 259.544343830 718.733543881 -37.047328649 0.012434358 -0.017485399 -0.540034666 0.841369245
1706080934.542681456 259.601589755 718.597617885 -37.035609358 0.012536015 -0.017622087 -0.543661270 0.839026063
1706080934.641713381 259.694505950 718.488290200 -37.030838802 0.012028017 -0.017591101 -0.547766000 0.836360144
1706080934.744566917 259.749720848 718.345954260 -37.022971790 0.012903215 -0.018275071 -0.551368994 0.833961487
1706080934.844404459 259.832294961 718.229068704 -37.021463627 0.011633704 -0.017714024 -0.555445866 0.831282600
1706080934.942929983 259.900741733 718.103504401 -37.014628793 0.012697585 -0.018398143 -0.559096107 0.828801438
1706080935.045121670 259.966430656 717.971369816 -37.017053009 0.010805409 -0.017808624 -0.562948729 0.826229281
1706080935.144613028 260.012859193 717.817610341 -37.002375589 0.012560032 -0.018876122 -0.566315482 0.823876637
1706080935.244800329 260.059657993 717.679913117 -36.996836883 0.011995743 -0.018771010 -0.570085419 0.821283366
1706080935.344927549 260.095740022 717.532907940 -36.987805609 0.012735433 -0.019588028 -0.573663493 0.818757788
1706080935.443646908 260.128416102 717.390791738 -36.976463151 0.012526139 -0.019928097 -0.577094922 0.816337809
1706080935.545099020 260.178840646 717.258534674 -36.969948137 0.011911211 -0.019550184 -0.580997706 0.813583173
1706080935.644305944 260.217796204 717.120958628 -36.957657710 0.012766759 -0.020150248 -0.584577252 0.810987308
1706080935.743636608 260.242165519 716.973268370 -36.948910146 0.012709493 -0.020289941 -0.588058651 0.808463858
1706080935.842720985 260.276109246 716.833289164 -36.944520207 0.012797789 -0.020299491 -0.591561564 0.805902639
1706080935.941069365 260.302318188 716.693368841 -36.940052532 0.013462674 -0.020643167 -0.595048546 0.803311798
1706080936.045083761 260.382670384 716.582661616 -36.927427976 0.013525287 -0.020914237 -0.599137961 0.800258312
1706080936.143878937 260.422678331 716.444408524 -36.916243776 0.013887997 -0.021041457 -0.602426191 0.797776325
1706080936.242469549 260.469434484 716.296217429 -36.903020614 0.013756248 -0.021046345 -0.605773555 0.795239723
1706080936.345422745 260.508469181 716.147095885 -36.900814088 0.013575869 -0.021088119 -0.609410828 0.792457841
1706080936.444647312 260.543392451 716.005424744 -36.892489472 0.014366899 -0.021797540 -0.612630785 0.789937960
1706080936.545110226 260.588633051 715.866612743 -36.880286712 0.014333736 -0.022004406 -0.616132518 0.787204592
1706080936.644939661 260.640461777 715.733417406 -36.869823327 0.014609868 -0.022485900 -0.619648521 0.784421217
1706080936.744261742 260.662390226 715.590742697 -36.863385596 0.014681977 -0.022308905 -0.622945850 0.781808941
1706080936.845333099 260.688531710 715.447273853 -36.858122716 0.015189056 -0.023330267 -0.626351419 0.779043574
1706080936.944912434 260.720181896 715.311694658 -36.849024466 0.014926283 -0.023003484 -0.629990696 0.776118398
1706080937.043496370 260.743911419 715.166350270 -36.851961792 0.014494678 -0.022943488 -0.633423118 0.773329590
1706080937.142202139 260.745990019 715.020845514 -36.846299122 0.014432202 -0.023061011 -0.636765048 0.770577819
1706080937.241470337 260.778144060 714.884888991 -36.832341699 0.014995936 -0.023369969 -0.640340642 0.767588972
1706080937.344861984 260.821957659 714.731574401 -36.817264739 0.016704350 -0.024932152 -0.643778367 0.764623284
1706080937.443637371 260.839099187 714.588651305 -36.811292562 0.015470978 -0.024064330 -0.647198831 0.761784241
1706080937.542173147 260.838015354 714.444247909 -36.801849744 0.015698743 -0.024466292 -0.650471135 0.758974474
1706080937.645323753 260.869019174 714.303804582 -36.796641208 0.015816721 -0.024654680 -0.654028346 0.755902705
1706080937.744488478 260.857130167 714.149408294 -36.788955535 0.015482102 -0.024686796 -0.657085841 0.753252324
1706080937.843184471 260.891380196 714.012639637 -36.775893418 0.015908162 -0.024998328 -0.660636624 0.750120833
1706080937.944790840 260.918635246 713.868591656 -36.760085169 0.016180431 -0.025225481 -0.663963018 0.747164626
1706080938.045461416 260.937278246 713.735891859 -36.751377722 0.015490478 -0.024854086 -0.667415327 0.744109603
1706080938.144956827 260.956531351 713.598112253 -36.746160357 0.014931669 -0.024460557 -0.670915225 0.740980086
1706080938.244168997 260.972494676 713.453598572 -36.742322414 0.015480429 -0.025061758 -0.674076658 0.738073793
1706080938.343590498 260.972390100 713.313314411 -36.738596118 0.015814026 -0.025628553 -0.677334424 0.735058618
1706080938.442332983 260.990955456 713.168296279 -36.726477892 0.015518350 -0.025381770 -0.680529023 0.732116927
1706080938.534605265 261.000596058 713.037869779 -36.710365790 0.016164049 -0.025709993 -0.683521524 0.729298324
1706080938.644585848 261.012666985 712.885612933 -36.700101588 0.016722581 -0.026553829 -0.687038091 0.725943462
1706080938.743221045 261.008949311 712.742384328 -36.693137287 0.015274872 -0.025730441 -0.690264457 0.722938173
1706080938.841894865 261.001048565 712.593862492 -36.688737168 0.015885443 -0.026396199 -0.693249870 0.720038548
1706080938.940440416 261.008732188 712.455509810 -36.697362745 0.016137082 -0.027442164 -0.696469342 0.716880030
1706080939.044254303 261.043735333 712.309003188 -36.675645412 0.015715285 -0.026480895 -0.699883026 0.713593401
1706080939.142903328 261.048680604 712.168088616 -36.658286051 0.016516560 -0.027014356 -0.702732555 0.710749171
1706080939.245095015 261.061245244 712.014297178 -36.650979367 0.015963678 -0.027085224 -0.706070365 0.707443419
1706080939.344944715 261.050854588 711.866126853 -36.644058482 0.017061273 -0.027382792 -0.709138039 0.704331127
1706080939.444596291 261.036196339 711.719562394 -36.642099847 0.015856723 -0.026967606 -0.712089901 0.701390964
1706080939.544440508 261.039778238 711.580325735 -36.631284294 0.017115022 -0.028068017 -0.715227264 0.698118344
1706080939.642640352 261.042234174 711.442883442 -36.615154672 0.016676654 -0.027455857 -0.718383424 0.694905261
1706080939.742017984 261.031459258 711.300391027 -36.608423070 0.018311901 -0.029075717 -0.721169516 0.691905923
1706080939.844608068 261.033093834 711.157347982 -36.606226790 0.018214158 -0.029493085 -0.724322129 0.688589759
1706080939.944160700 261.007319282 711.023793015 -36.607687895 0.017106060 -0.028658645 -0.727264079 0.685545786
1706080940.042808771 260.985425085 710.878150981 -36.588314464 0.018460257 -0.029463509 -0.730045674 0.682513322
1706080940.141522884 260.975513776 710.740638223 -36.578384963 0.019148531 -0.030759395 -0.732907619 0.679362654
1706080940.245121479 260.956242472 710.587487639 -36.570688933 0.018857792 -0.030541680 -0.735668246 0.676390288
1706080940.343914509 260.954916011 710.442200169 -36.563178326 0.017972080 -0.029797266 -0.738549231 0.673300944
1706080940.442592382 260.937792781 710.299249125 -36.554752403 0.018226227 -0.030065899 -0.741027064 0.670554052
1706080940.545435429 260.909275275 710.145498422 -36.537333569 0.017460428 -0.029357677 -0.743622822 0.667726261
1706080940.645285130 260.883048712 710.001517811 -36.532309161 0.016724465 -0.028801072 -0.746169882 0.664922023
1706080940.744906425 260.875932850 709.866940864 -36.527391524 0.017844766 -0.030003225 -0.748566498 0.662140143
1706080940.844586849 260.874307080 709.727336570 -36.522869667 0.017701766 -0.030126544 -0.750978586 0.659401397
1706080940.942087412 260.852316557 709.595335392 -36.519794392 0.018152068 -0.030659262 -0.753007008 0.657047151
1706080941.038625956 260.828083544 709.460310694 -36.511270459 0.018125174 -0.030853973 -0.755168577 0.654553230
1706080941.145201445 260.787790234 709.309111910 -36.497804074 0.019938883 -0.032383957 -0.757017494 0.652286926
1706080941.243821144 260.776897222 709.163466243 -36.493660171 0.018907584 -0.031858796 -0.758900131 0.650152375
1706080941.342466354 260.732824444 709.016559587 -36.488087653 0.018158206 -0.031309195 -0.760620235 0.648187374
1706080941.441128016 260.704329686 708.883727070 -36.487493550 0.018775335 -0.032176963 -0.762367522 0.646071120
1706080941.544893503 260.683860942 708.739209800 -36.476304067 0.020535108 -0.033543506 -0.763983563 0.644035914
1706080941.643853188 260.656871796 708.601991241 -36.466151574 0.019476591 -0.032586036 -0.765806371 0.641949698
1706080941.742275953 260.637318355 708.461829238 -36.458410158 0.020020975 -0.033441395 -0.767369133 0.640019880
1706080941.844938278 260.643689233 708.317896492 -36.440272790 0.020771240 -0.033886215 -0.769032090 0.637973294
1706080941.944785357 260.577175020 708.179534957 -36.420571100 0.019498651 -0.033022666 -0.770587035 0.636179949
1706080942.044867754 260.510672925 708.037504740 -36.423113794 0.019197127 -0.033328912 -0.771918207 0.634557275
1706080942.143214703 260.495862647 707.908610262 -36.410635944 0.019354597 -0.033410284 -0.773549738 0.632558263
1706080942.235477686 260.463102040 707.783069388 -36.396998538 0.019633077 -0.033889398 -0.774655953 0.631168920
1706080942.341197729 260.419643469 707.633957293 -36.385257416 0.020148138 -0.034027232 -0.775984774 0.629510787
1706080942.444836140 260.367027901 707.483476230 -36.370709167 0.020831610 -0.034350241 -0.777118230 0.628071143
1706080942.543489218 260.348458065 707.348282106 -36.357558551 0.021605266 -0.035054324 -0.778280270 0.626565423
1706080942.642206192 260.324976717 707.210998512 -36.363627143 0.021520968 -0.035381245 -0.779466619 0.625073440
1706080942.740842581 260.335609707 707.074476706 -36.360514060 0.020399836 -0.034751697 -0.780775562 0.623510776
1706080942.844579458 260.308182739 706.929174400 -36.348516381 0.021497829 -0.035698571 -0.781742307 0.622207700
1706080942.943214655 260.292667253 706.788081421 -36.339095098 0.021148855 -0.035362299 -0.782716023 0.621013576
1706080943.041829586 260.230371719 706.655816269 -36.331067320 0.020768495 -0.035533992 -0.783576334 0.619930749
1706080943.140552282 260.194779550 706.515042970 -36.325073122 0.022210882 -0.036159374 -0.784599264 0.618549248
1706080943.240075588 260.143973666 706.378584947 -36.335018707 0.022128768 -0.036660027 -0.785446233 0.617446819
1706080943.344919443 260.132599442 706.228623872 -36.304083242 0.022009821 -0.035593015 -0.786640575 0.615991324
1706080943.437204361 260.107546620 706.106670921 -36.291432096 0.022502379 -0.035998603 -0.787482630 0.614873036
1706080943.535609484 260.045955035 705.981500905 -36.274542010 0.022100795 -0.036324236 -0.788320764 0.613793514
1706080943.639303207 259.984701039 705.838292116 -36.277350502 0.022901659 -0.037490234 -0.789226665 0.612528585
1706080943.744450331 259.946922507 705.692372617 -36.274052502 0.022664026 -0.037657747 -0.790230894 0.611231028
1706080943.843174934 259.925187371 705.548087839 -36.272607075 0.022081478 -0.037325865 -0.791303099 0.609884082
1706080943.941834688 259.888388453 705.401441157 -36.274319780 0.023407386 -0.038238838 -0.792131562 0.608701465
1706080944.040580988 259.872823049 705.256015817 -36.259935966 0.023583628 -0.039003880 -0.793124726 0.607351364
1706080944.144271851 259.823351896 705.114500897 -36.254940394 0.023433198 -0.038951007 -0.794072076 0.606121475
1706080944.243551493 259.792309449 704.971708159 -36.246627459 0.023402731 -0.038734514 -0.795143657 0.604730116
1706080944.337007284 259.770144131 704.838455209 -36.245452959 0.024133378 -0.039556076 -0.795830247 0.603744246
1706080944.440023661 259.732093621 704.694678136 -36.234678017 0.022354525 -0.038228204 -0.797165033 0.602135193
1706080944.543499947 259.693223842 704.548480266 -36.235248572 0.023762153 -0.039628181 -0.798066992 0.600794510
1706080944.637473822 259.669294427 704.413374140 -36.216977908 0.023873383 -0.039214272 -0.799066614 0.599487155
1706080944.736928225 259.626083617 704.277265845 -36.193929667 0.023585932 -0.038566531 -0.800165548 0.598073092
1706080944.835816383 259.573808167 704.149758426 -36.187460070 0.024307564 -0.039266423 -0.801081825 0.596770643
1706080944.944613218 259.507072807 703.999939755 -36.179058818 0.023345270 -0.038302902 -0.802282723 0.595256515
1706080945.044203997 259.439471078 703.862083567 -36.173188432 0.023077363 -0.037823432 -0.803237421 0.594008812
1706080945.142984390 259.385737869 703.721846478 -36.155960268 0.022489854 -0.037375295 -0.804255491 0.592680689
1706080945.241529703 259.357890257 703.581792692 -36.152145118 0.023065663 -0.038327118 -0.805034744 0.591538730
1706080945.340368986 259.335163283 703.450035519 -36.143958239 0.021241994 -0.036613692 -0.806290629 0.590003082
1706080945.444848061 259.297082671 703.308611973 -36.141049270 0.022894243 -0.038552351 -0.807083319 0.588732610
1706080945.543353558 259.241294467 703.168436223 -36.128233243 0.022629074 -0.038147741 -0.807994755 0.587517788
1706080945.636952400 259.228727123 703.037479620 -36.135121642 0.022014391 -0.038047845 -0.809038671 0.586109339
1706080945.740765810 259.164235781 702.891378423 -36.128034783 0.021530042 -0.037697612 -0.810015193 0.584799738
1706080945.844185591 259.127703279 702.747780398 -36.105145958 0.022379933 -0.038354095 -0.810997919 0.583361361
1706080945.942383289 259.063291672 702.610708638 -36.100533665 0.022176922 -0.038346118 -0.811872612 0.582151716
1706080946.042978525 259.006808870 702.465532746 -36.088997144 0.022512735 -0.038136017 -0.812913823 0.580697802
1706080946.142349958 258.942952059 702.324211693 -36.085810781 0.022171736 -0.038074166 -0.813915891 0.579309670
1706080946.245270252 258.829480273 702.178548004 -36.077481099 0.022693111 -0.038438609 -0.814584902 0.578324246
1706080946.343988419 258.815442724 702.047625319 -36.065480023 0.022549481 -0.038150524 -0.815716028 0.576752478
1706080946.442749977 258.737056881 701.899629922 -36.049642998 0.021849640 -0.037768575 -0.816463818 0.575745571
1706080946.541357517 258.696642930 701.765401350 -36.043287366 0.023169400 -0.038381671 -0.817410752 0.574308009
1706080946.640230894 258.657718033 701.634056451 -36.039318162 0.023098322 -0.038520845 -0.818468653 0.572792873
1706080946.744149685 258.644686426 701.493286841 -36.040590317 0.022579925 -0.038301828 -0.819621233 0.571177863
1706080946.842646360 258.604189127 701.364035797 -36.040544476 0.022419554 -0.038411068 -0.820535613 0.569862494
1706080946.941983223 258.575538680 701.235198764 -36.029452675 0.023506156 -0.038834433 -0.821377494 0.568575729
1706080947.040599346 258.510340079 701.098121816 -36.011649973 0.022537993 -0.038189417 -0.822364084 0.567230924
1706080947.138935089 258.464927346 700.960719372 -36.003179647 0.022840666 -0.038709176 -0.823182811 0.565994668
1706080947.244210243 258.413105557 700.817590280 -35.991700514 0.022747382 -0.038629838 -0.824147933 0.564597623
1706080947.343506336 258.357017448 700.667738577 -35.989491850 0.023245339 -0.039384738 -0.824921911 0.563393590
1706080947.442634344 258.304600317 700.530429302 -35.976301239 0.024549389 -0.040139956 -0.825689903 0.562158603
1706080947.544305086 258.246736312 700.399920123 -35.972821360 0.022293517 -0.038806162 -0.826846534 0.560644175
1706080947.643739700 258.185308381 700.241771778 -35.957946398 0.022975625 -0.038061879 -0.827517968 0.559676180
1706080947.742532969 258.121941038 700.106702612 -35.960598973 0.022321714 -0.038556315 -0.828531864 0.558166733
1706080947.841228724 258.069630578 699.976760069 -35.953237950 0.022820790 -0.038938848 -0.829364375 0.556882134
1706080947.945000410 258.028462609 699.833122205 -35.939562493 0.024633379 -0.039860784 -0.830041282 0.555729957
1706080948.044157982 257.965236457 699.711820124 -35.936847914 0.023236764 -0.040072636 -0.830898885 0.554491912
1706080948.142805576 257.925606368 699.586672129 -35.932102275 0.022156440 -0.038470946 -0.832014775 0.552974224
1706080948.241647482 257.875673100 699.460854354 -35.933639259 0.022259548 -0.039522748 -0.832652143 0.551935570
1706080948.344770193 257.822973733 699.327311683 -35.928027536 0.021988983 -0.039187453 -0.833598704 0.550539762
1706080948.445204258 257.758143726 699.195387782 -35.918123244 0.023159935 -0.039947727 -0.834197607 0.549529025
1706080948.544624567 257.707757078 699.061778081 -35.906095052 0.022604393 -0.039843657 -0.835048613 0.548265756
1706080948.643757582 257.650053613 698.919132747 -35.898819263 0.022120973 -0.039582187 -0.835793189 0.547168765
1706080948.745098352 257.594217281 698.783131873 -35.896603354 0.022088658 -0.040108945 -0.836530019 0.546004479
1706080948.843908310 257.536989236 698.648383515 -35.887632738 0.022625701 -0.040365904 -0.837239540 0.544874871
1706080948.943535089 257.478485380 698.509934041 -35.876763641 0.023649314 -0.040864249 -0.837894065 0.543787054
1706080949.042226791 257.420549861 698.372789211 -35.870865677 0.023288960 -0.040732523 -0.838745229 0.542498781
1706080949.141160965 257.366333287 698.239191142 -35.861672820 0.023527722 -0.040504227 -0.839551068 0.541257663
1706080949.245117426 257.309358545 698.098823503 -35.855716168 0.024011235 -0.041063164 -0.840327653 0.539987697
1706080949.343942165 257.234466384 697.954738962 -35.846534599 0.023358609 -0.040134333 -0.841126668 0.538840921
1706080949.442743301 257.153118455 697.826388335 -35.839029409 0.023867127 -0.040519985 -0.841803993 0.537730907
1706080949.544988871 257.059786304 697.692886949 -35.829407546 0.023705113 -0.040484753 -0.842474052 0.536690343
1706080949.644525766 256.999332158 697.568985634 -35.822975851 0.023149256 -0.040172269 -0.843298604 0.535441655
1706080949.745159149 256.964083238 697.440113320 -35.819128675 0.022735389 -0.039768385 -0.844123165 0.534188786
1706080949.844857693 256.914040579 697.309169356 -35.809650521 0.022662352 -0.039779184 -0.844800489 0.533119282
1706080949.943937778 256.869818197 697.182849252 -35.801138348 0.022662633 -0.039675527 -0.845463309 0.532075230
1706080950.045069933 256.810566767 697.052673547 -35.797681694 0.021687484 -0.039086465 -0.846099175 0.531147896
1706080950.143620968 256.741853584 696.919011451 -35.790336756 0.022382528 -0.039691254 -0.846567132 0.530327933
1706080950.243449926 256.681517462 696.784151977 -35.781880079 0.022626985 -0.039852857 -0.847042966 0.529545072
1706080950.342195272 256.623960670 696.649809596 -35.776522821 0.021637816 -0.038512560 -0.847721520 0.528598914
1706080950.441127300 256.586537314 696.525017774 -35.774089862 0.021550294 -0.038565276 -0.848228896 0.527784089
1706080950.544977427 256.547557081 696.392177246 -35.764169849 0.022694450 -0.039117937 -0.848667225 0.526990219
1706080950.643806696 256.477164899 696.259855533 -35.760450446 0.022331985 -0.039061345 -0.849160602 0.526214562
1706080950.742434978 256.430836210 696.142070427 -35.755393390 0.022436440 -0.038918974 -0.849663585 0.525408138
1706080950.844870090 256.355376662 695.994614282 -35.746265392 0.022508657 -0.038874108 -0.850022983 0.524826726
1706080950.944384813 256.291135879 695.865444243 -35.735467019 0.022841768 -0.039299478 -0.850458592 0.524074410
1706080951.045485735 256.222723070 695.733538010 -35.729540026 0.022675518 -0.040312005 -0.850724915 0.523572232
1706080951.145018578 256.151534689 695.605434616 -35.727155859 0.022565758 -0.040581741 -0.851160729 0.522847322
1706080951.245110989 256.100094611 695.475844786 -35.722587715 0.022254229 -0.040355604 -0.851659678 0.522065099
1706080951.344691992 256.035243073 695.347090286 -35.714943853 0.023091762 -0.041317445 -0.851870122 0.521609945
1706080951.444437742 255.952040527 695.220736882 -35.705261300 0.023830306 -0.042485655 -0.852057297 0.521176984
1706080951.543229580 255.909498557 695.091298875 -35.697588556 0.024050433 -0.042204058 -0.852496020 0.520471835
1706080951.642117262 255.833955654 694.967167867 -35.690603935 0.023988740 -0.042482163 -0.852829650 0.519905177
1706080951.741344929 255.784291839 694.830679631 -35.685093739 0.024302288 -0.043163241 -0.853171124 0.519273884
1706080951.844816685 255.726421622 694.700703246 -35.676844342 0.025012958 -0.043618519 -0.853420314 0.518792390
1706080951.943404913 255.673449226 694.562519370 -35.672743442 0.024732548 -0.044269422 -0.853712448 0.518269791
1706080952.042079449 255.615189856 694.424693384 -35.665637937 0.024768517 -0.043733953 -0.853958022 0.517908833
1706080952.145305157 255.561593481 694.291775797 -35.659063067 0.024093355 -0.043103571 -0.854282368 0.517458431
1706080952.244768620 255.509290264 694.167376109 -35.652953901 0.024087639 -0.042496571 -0.854456378 0.517221544
1706080952.344970226 255.437694797 694.041916386 -35.644674667 0.024787283 -0.042724390 -0.854578021 0.516968687
1706080952.444833994 255.366871090 693.915129373 -35.635630232 0.024753917 -0.042874647 -0.854754575 0.516665873
1706080952.545034647 255.282207887 693.785626127 -35.629742986 0.025405924 -0.044035656 -0.854689415 0.516644369
1706080952.644393206 255.219748555 693.652860037 -35.619735835 0.025227962 -0.043595276 -0.854792795 0.516519390
1706080952.744280338 255.157457889 693.513128226 -35.614725107 0.024976909 -0.044359584 -0.854747156 0.516542042
1706080952.843246698 255.098184273 693.374096890 -35.607559492 0.024888806 -0.044649917 -0.854704397 0.516592030
1706080952.942272902 255.041799374 693.238419731 -35.603194145 0.024337544 -0.044547233 -0.854598996 0.516801494
1706080953.045383215 254.976591820 693.086227711 -35.594736642 0.025025225 -0.045550024 -0.854401218 0.517008213
1706080953.144512892 254.929802975 692.954328434 -35.585413203 0.024429826 -0.045322343 -0.854309537 0.517208162
1706080953.242935181 254.864368081 692.826210537 -35.578353763 0.024744172 -0.045751599 -0.854036645 0.517605956
1706080953.341560125 254.810383842 692.692428682 -35.571676911 0.024250423 -0.044960207 -0.853916192 0.517897320
1706080953.444793701 254.746188721 692.545518969 -35.559030992 0.025137164 -0.045389657 -0.853613632 0.518316187
1706080953.543612480 254.680635435 692.402510400 -35.548454988 0.024483485 -0.044395541 -0.853451338 0.518700692
1706080953.637963772 254.625448668 692.259519804 -35.540889256 0.024487583 -0.044709187 -0.853256113 0.518994656
1706080953.745143414 254.531870080 692.093557564 -35.533167049 0.024689410 -0.044426977 -0.853029829 0.519381159
1706080953.844411850 254.465937720 691.945378360 -35.527602117 0.024765193 -0.044763550 -0.852873742 0.519604937
1706080953.943434238 254.380740946 691.795699200 -35.522199237 0.024980437 -0.045004728 -0.852667715 0.519911838
1706080954.044343233 254.320960429 691.635929206 -35.516333384 0.024440862 -0.044169446 -0.852714435 0.519932493
1706080954.143496037 254.262109456 691.484287134 -35.510286425 0.024454427 -0.044008513 -0.852722838 0.519931720
1706080954.242589235 254.194688395 691.331013020 -35.500146981 0.024814883 -0.044022084 -0.852647817 0.520036517
1706080954.344939947 254.130951359 691.165666549 -35.490017942 0.024842491 -0.043694820 -0.852720136 0.519944212
1706080954.444084406 254.052474529 690.997834107 -35.483262459 0.024495965 -0.044174609 -0.852688251 0.519972401
1706080954.542947531 253.982316550 690.831475655 -35.472605534 0.024209411 -0.043235454 -0.852876065 0.519756691
1706080954.641236305 253.923211657 690.661830159 -35.467154262 0.023685676 -0.042722468 -0.853085652 0.519479210
1706080954.744727850 253.839815021 690.493524552 -35.459897163 0.023474634 -0.042580247 -0.853186668 0.519334549
1706080954.843286753 253.750448983 690.336063666 -35.450769053 0.023475677 -0.041788862 -0.853352302 0.519126606
1706080954.942100525 253.662516028 690.176546938 -35.446478477 0.022976302 -0.041199826 -0.853596420 0.518794579
1706080955.045102358 253.590950023 690.001880881 -35.438161956 0.023174769 -0.041047461 -0.853993702 0.518143602
1706080955.144660711 253.534650554 689.847558248 -35.430282250 0.023243647 -0.040747232 -0.854400820 0.517492643
1706080955.244276762 253.466910925 689.690811983 -35.423960922 0.023381307 -0.041043177 -0.854724988 0.516927429
1706080955.344630957 253.391612534 689.507930579 -35.413449159 0.023766991 -0.040817858 -0.855089287 0.516324844
1706080955.443693161 253.298332328 689.341305186 -35.406288090 0.023711829 -0.040572864 -0.855443356 0.515759883
1706080955.542702436 253.235658583 689.161347012 -35.394716816 0.023934160 -0.040890633 -0.855897029 0.514971250
1706080955.644866467 253.158707307 689.001400829 -35.388557690 0.023950424 -0.041103681 -0.856354580 0.514192278
1706080955.743610620 253.072758039 688.837210348 -35.379962629 0.023385833 -0.040478772 -0.856888904 0.513377033
1706080955.842658758 253.003367363 688.652121362 -35.370116534 0.024023165 -0.041637730 -0.857346352 0.512490409
1706080955.941436052 252.917175976 688.476307283 -35.360166424 0.023722804 -0.041533976 -0.857843758 0.511679826
1706080956.044323444 252.827530193 688.303121168 -35.352102169 0.023779484 -0.041495121 -0.858499938 0.510578640
1706080956.143092155 252.738451940 688.133793802 -35.343834334 0.024212200 -0.041861644 -0.859134686 0.509459481
1706080956.241723537 252.656655992 687.957038254 -35.332842429 0.023905455 -0.041865300 -0.859821903 0.508313015
1706080956.344987631 252.551955744 687.778249195 -35.329749366 0.024014694 -0.042748895 -0.860389657 0.507272574
1706080956.444404840 252.454568428 687.600070679 -35.327096440 0.024251425 -0.042944066 -0.861119964 0.506004035
1706080956.545455694 252.374836462 687.413415094 -35.317713513 0.023708302 -0.042137465 -0.862012756 0.504575424
1706080956.644820690 252.274404574 687.237753299 -35.304667179 0.023568649 -0.041706200 -0.862619233 0.503580351
1706080956.743884563 252.184128385 687.067525349 -35.295849941 0.023253280 -0.041450932 -0.863218444 0.502588324
1706080956.842920780 252.100990757 686.897149315 -35.287187355 0.022967683 -0.041415598 -0.863879738 0.501466881
1706080956.944496155 252.006656896 686.729765040 -35.273034847 0.022865330 -0.040727185 -0.864434216 0.500571633
1706080957.043820858 251.925701407 686.550363504 -35.264420013 0.022333578 -0.040203641 -0.865132017 0.499431148
1706080957.141731977 251.813676205 686.374612208 -35.254268663 0.021674211 -0.038471637 -0.865729615 0.498560323
1706080957.239801407 251.728038044 686.197301356 -35.246253754 0.021751371 -0.039430337 -0.866253878 0.497570443
1706080957.344648361 251.631067850 685.994229050 -35.232438526 0.022141417 -0.038695446 -0.866885108 0.496510452
1706080957.442620039 251.547780998 685.821744997 -35.222940405 0.021951635 -0.038447614 -0.867389379 0.495656707
1706080957.541181564 251.464844054 685.645148942 -35.204518983 0.022791206 -0.038827547 -0.867787618 0.494891535
1706080957.644914627 251.357275651 685.450880522 -35.196351008 0.022521453 -0.038986992 -0.868255747 0.494069587
1706080957.743964911 251.258184982 685.274022276 -35.191778529 0.022401602 -0.039855452 -0.868547411 0.493492762
1706080957.844345570 251.134247942 685.086424435 -35.178214591 0.022370922 -0.039350807 -0.868946482 0.492831683
1706080957.944812536 251.043167971 684.892592465 -35.168426881 0.022500083 -0.039424560 -0.869390698 0.492035836
1706080958.043879986 250.943263257 684.714498865 -35.165750100 0.022240481 -0.041047088 -0.869523360 0.491680408
1706080958.145073414 250.839591029 684.541864835 -35.152487968 0.022834292 -0.040762481 -0.869705285 0.491354996
1706080958.244302988 250.732804637 684.367434284 -35.146063133 0.023298470 -0.042502051 -0.869862341 0.490907593
1706080958.343515873 250.636786919 684.190138006 -35.139301488 0.023151172 -0.042572956 -0.870152871 0.490393259
1706080958.442356348 250.534488530 684.007035491 -35.128464848 0.023774601 -0.042676590 -0.870254404 0.490174204
1706080958.545179605 250.412350638 683.837822502 -35.119096922 0.024019615 -0.043423999 -0.870366030 0.489898345
1706080958.644294262 250.306815758 683.644273248 -35.113019850 0.023902568 -0.043176676 -0.870661366 0.489400886
1706080958.742310762 250.213331730 683.450176203 -35.104308999 0.024806724 -0.044541051 -0.870724101 0.489121929
1706080958.840997696 250.113764110 683.260549281 -35.092680620 0.024775234 -0.044149166 -0.870926711 0.488798224
1706080958.939234257 250.008685157 683.077695593 -35.081749410 0.025098628 -0.044604532 -0.871103551 0.488425121
1706080959.044690609 249.910772817 682.882918929 -35.068047961 0.025647154 -0.045237082 -0.871103316 0.488338861
1706080959.144123793 249.799408832 682.689174968 -35.060746511 0.025492958 -0.045782433 -0.871294996 0.487954002
1706080959.244928598 249.710072572 682.515522878 -35.054377366 0.025415203 -0.044987618 -0.871436449 0.487779353
1706080959.344327688 249.599023394 682.346774064 -35.054258048 0.025368383 -0.046030311 -0.871436389 0.487684607
1706080959.443324089 249.488163013 682.180829930 -35.045697026 0.026406078 -0.047134276 -0.871407974 0.487574838
1706080959.544525146 249.373448480 681.995728423 -35.026069936 0.026325632 -0.045958501 -0.871522012 0.487487600
1706080959.643452406 249.255421857 681.826748971 -35.017161507 0.025720972 -0.046428710 -0.871621726 0.487297008
1706080959.741477966 249.145027022 681.630121724 -35.009801384 0.026130006 -0.046532478 -0.871708736 0.487109671
1706080959.844714880 249.039843616 681.453944067 -35.003248406 0.026613171 -0.047588317 -0.871704463 0.486989138
1706080959.943398237 248.930653377 681.271637082 -34.994059902 0.026360714 -0.047713318 -0.871869540 0.486695035
1706080960.042114258 248.830903241 681.092377567 -34.985281122 0.026526781 -0.047213884 -0.871994129 0.486511477
1706080960.140783072 248.742602850 680.911029985 -34.978512495 0.026326729 -0.047194835 -0.872137955 0.486266325
1706080960.244719267 248.636113023 680.721577960 -34.967670815 0.025729904 -0.046121789 -0.872304687 0.486102135
1706080960.344435453 248.507336572 680.530462225 -34.958266630 0.026026304 -0.047049944 -0.872300329 0.486005216
1706080960.443267345 248.410658451 680.343281722 -34.946183967 0.025914142 -0.045701252 -0.872525089 0.485736370
1706080960.545103788 248.310178368 680.157536720 -34.933802692 0.026825544 -0.046416334 -0.872540947 0.485590578
1706080960.644521713 248.213189465 679.971661883 -34.924644019 0.025742188 -0.045405460 -0.872754273 0.485361374
1706080960.744695902 248.096865478 679.789891246 -34.923120159 0.025613923 -0.045585731 -0.872752230 0.485354935
1706080960.844183207 247.992017300 679.600402254 -34.911907322 0.025328229 -0.044470901 -0.872936365 0.485142167
1706080960.942866802 247.891818403 679.416935761 -34.901854374 0.025602158 -0.044827041 -0.872943989 0.485081290
1706080961.041755438 247.786048658 679.236546209 -34.894791837 0.025588586 -0.045131977 -0.873035935 0.484888219
1706080961.144824505 247.674118640 679.038509555 -34.886199983 0.025108632 -0.044644779 -0.873117857 0.484810899
1706080961.243066549 247.573732050 678.866556245 -34.867956752 0.026045797 -0.044918272 -0.873154240 0.484670649
1706080961.341751575 247.452870876 678.683275121 -34.863441532 0.025053741 -0.045135969 -0.873191519 0.484635559
1706080961.440249681 247.338871353 678.518923046 -34.853184413 0.025364915 -0.045051028 -0.873121050 0.484754224
1706080961.545485020 247.231614440 678.315314591 -34.844189612 0.025057160 -0.044621566 -0.873309309 0.484470749
1706080961.644280672 247.123105673 678.129138252 -34.837892835 0.024702178 -0.044401055 -0.873369111 0.484401429
1706080961.743835211 247.014873925 677.905214901 -34.842252951 0.024914845 -0.045882750 -0.873414921 0.484169804
1706080961.845009804 246.915200087 677.721065445 -34.834724917 0.024815668 -0.044691339 -0.873500850 0.484131316
1706080961.940316916 246.799188258 677.542825350 -34.819280630 0.024811854 -0.043260506 -0.873551282 0.484170485
1706080962.045385599 246.688471386 677.358404753 -34.809693519 0.025291020 -0.044894094 -0.873432441 0.484211375
1706080962.143727541 246.592295985 677.174805202 -34.793657959 0.025340019 -0.043931742 -0.873557210 0.484071985
1706080962.242569923 246.489783680 676.989913843 -34.784869155 0.025581114 -0.044563684 -0.873540399 0.484031874
1706080962.339814663 246.388128888 676.822415469 -34.773071573 0.025442821 -0.044226657 -0.873636966 0.483895771
1706080962.443952322 246.272628576 676.634374312 -34.763425133 0.025081818 -0.044009774 -0.873705683 0.483810317
1706080962.542769432 246.167379149 676.446820906 -34.755622685 0.025216203 -0.044282207 -0.873741662 0.483713487
1706080962.641638994 246.058917846 676.251256877 -34.746184533 0.025368703 -0.045122195 -0.873765441 0.483584915
1706080962.739869356 245.944469920 676.069048499 -34.735981775 0.025656768 -0.045290813 -0.873832698 0.483432403
1706080962.844837189 245.839018936 675.868856092 -34.725262262 0.025318576 -0.044653786 -0.873969748 0.483261719
1706080962.944057226 245.731411791 675.685708290 -34.722085147 0.025430527 -0.046362733 -0.873938466 0.483151471
1706080963.042762518 245.617032957 675.506580164 -34.712234614 0.025455410 -0.045406386 -0.874028677 0.483077793
1706080963.141286373 245.502821178 675.318480163 -34.703539953 0.025549245 -0.046073437 -0.874033534 0.483000886
1706080963.243377447 245.387098585 675.113849616 -34.695811058 0.025106095 -0.045845124 -0.874215263 0.482716877
1706080963.344275713 245.284159961 674.925353884 -34.684611043 0.025038361 -0.044993837 -0.874303384 0.482640889
1706080963.443492889 245.172671119 674.743349678 -34.674259145 0.025065591 -0.045260213 -0.874458898 0.482332733
1706080963.540326834 245.078947996 674.570773622 -34.661388622 0.025070731 -0.045070983 -0.874589771 0.482112847
1706080963.641040325 244.973961570 674.397906839 -34.652965815 0.024814232 -0.044927370 -0.874798239 0.481761171
1706080963.743757010 244.861559223 674.195852305 -34.644006453 0.025135838 -0.045521965 -0.874885943 0.481529363
1706080963.842023373 244.748967416 674.004927691 -34.641214688 0.025003319 -0.045458429 -0.875049198 0.481245537
1706080963.940943480 244.637836904 673.828017677 -34.626151632 0.024976386 -0.044082043 -0.875295313 0.480927301
1706080964.039811134 244.525053893 673.652674759 -34.617325756 0.024962325 -0.044988008 -0.875370924 0.480706467
1706080964.144638777 244.414580444 673.462640633 -34.603983366 0.024999506 -0.044505372 -0.875520963 0.480476160
1706080964.243755817 244.302916152 673.293548913 -34.598248422 0.024561906 -0.044451648 -0.875630992 0.480303164
1706080964.342238426 244.193992061 673.114834233 -34.585973788 0.024769892 -0.043336313 -0.875749369 0.480178570
1706080964.441113949 244.086268001 672.938158076 -34.574834101 0.024803501 -0.043855979 -0.875820677 0.479999564
1706080964.544637442 243.965094767 672.743626441 -34.563959059 0.024723404 -0.044120250 -0.875837753 0.479948318
1706080964.644756079 243.855820809 672.553371657 -34.555429062 0.024676848 -0.043268591 -0.875973101 0.479781209
1706080964.742622614 243.738807368 672.383274584 -34.546537044 0.024131105 -0.042874224 -0.876067467 0.479672058
1706080964.842619658 243.635420072 672.206321722 -34.531925903 0.024833523 -0.042603367 -0.876128799 0.479548304
1706080964.944866180 243.528102657 672.004830162 -34.525278138 0.024319417 -0.043405729 -0.876290468 0.479207184
1706080965.043535471 243.414245552 671.825862348 -34.519340512 0.024295548 -0.043377999 -0.876275950 0.479237451
1706080965.142148972 243.301809210 671.641315921 -34.509180568 0.024220719 -0.042726241 -0.876356522 0.479152451
1706080965.240839005 243.199560683 671.451804835 -34.496813192 0.024513470 -0.043220103 -0.876318256 0.479163256
1706080965.339228868 243.083128531 671.278498722 -34.486288865 0.024448877 -0.043257380 -0.876253066 0.479282396
1706080965.444828510 242.964408564 671.065621095 -34.487585035 0.024107115 -0.044505940 -0.876238410 0.479212185
1706080965.543402672 242.860464170 670.888618616 -34.477708203 0.024421676 -0.044280684 -0.876206042 0.479276303
1706080965.642100096 242.744835083 670.700691879 -34.468112444 0.024970633 -0.046129060 -0.876029586 0.479396225
1706080965.744624853 242.633155287 670.503117814 -34.455789854 0.025416170 -0.046121728 -0.876017094 0.479396344
1706080965.843858719 242.528975784 670.321641584 -34.445770667 0.025080230 -0.045492930 -0.876022099 0.479464970
1706080965.943840265 242.414018883 670.148243744 -34.432360422 0.025271716 -0.045116785 -0.875959327 0.479605122
1706080966.043281078 242.298170789 669.962159856 -34.420944043 0.025628606 -0.045560923 -0.875838594 0.479764665
1706080966.144621372 242.179030423 669.777817278 -34.413838227 0.025567701 -0.045629171 -0.875812955 0.479808233
1706080966.241585255 242.076243781 669.589036975 -34.406314149 0.025701612 -0.045788648 -0.875873034 0.479676198
1706080966.342754841 241.963492023 669.413597385 -34.397494489 0.025902077 -0.046147503 -0.875784216 0.479793182
1706080966.441667318 241.860463956 669.227770107 -34.390079196 0.026202748 -0.046601916 -0.875736805 0.479819472
1706080966.540231228 241.751741793 669.056236251 -34.383271413 0.025876237 -0.046157752 -0.875716540 0.479917101
1706080966.637914419 241.641593341 668.868885903 -34.370214277 0.026663018 -0.046118963 -0.875608019 0.480075746
1706080966.744681597 241.508322862 668.668115323 -34.356387805 0.026309562 -0.045936172 -0.875574895 0.480173175
1706080966.842974901 241.400281328 668.481243062 -34.346105460 0.025857633 -0.045475687 -0.875619857 0.480159569
1706080966.941840410 241.314280423 668.302914737 -34.338631282 0.026014858 -0.045753339 -0.875571756 0.480212410
1706080967.045056820 241.199911803 668.118205598 -34.331971418 0.025805131 -0.046580380 -0.875418392 0.480423774
1706080967.144906044 241.094509471 667.925477957 -34.326042499 0.025707399 -0.045645546 -0.875422336 0.480511547
1706080967.244395018 240.971209394 667.735106387 -34.318419885 0.026043649 -0.046276503 -0.875242164 0.480761239
1706080967.343593359 240.860307059 667.552103500 -34.306525937 0.025896012 -0.045917219 -0.875180620 0.480915677
1706080967.442682266 240.739617475 667.362753109 -34.297214890 0.026084328 -0.046644824 -0.874954123 0.481247494
1706080967.544085979 240.631608037 667.183127343 -34.284165989 0.025601337 -0.045900400 -0.874872941 0.481492536
1706080967.642703533 240.532137691 667.001822487 -34.272569997 0.025493339 -0.045210816 -0.874695720 0.481885328
1706080967.741527319 240.424502415 666.807321751 -34.261439511 0.025665065 -0.045344903 -0.874476138 0.482261992
1706080967.840039730 240.319914800 666.625766429 -34.248922467 0.025515343 -0.045202556 -0.874324887 0.482557446
1706080967.938168049 240.206272174 666.424297610 -34.240621765 0.025585303 -0.045339115 -0.874138532 0.482878436
1706080968.044198275 240.083221146 666.236841799 -34.231799907 0.025638844 -0.046321013 -0.873789869 0.483413155
1706080968.142578125 239.986038871 666.061030612 -34.226032472 0.025516422 -0.045755667 -0.873664107 0.483700691
1706080968.241383791 239.884083942 665.887968329 -34.218101604 0.025830361 -0.045745083 -0.873375857 0.484205320
1706080968.344592333 239.773943900 665.705156681 -34.213822039 0.025500437 -0.045610695 -0.873232441 0.484494063
1706080968.444814205 239.658230068 665.507166886 -34.204299182 0.025511736 -0.045004819 -0.872975633 0.485012640
1706080968.544684172 239.548359544 665.316678970 -34.191642219 0.025449237 -0.044921658 -0.872805889 0.485329023
1706080968.643815517 239.442281642 665.130021713 -34.180940471 0.025249616 -0.044867833 -0.872653755 0.485617913
1706080968.744791508 239.336619518 664.932286627 -34.166912563 0.025388594 -0.044918829 -0.872515122 0.485854999
1706080968.843879938 239.235442374 664.754340126 -34.152618613 0.025215491 -0.044575356 -0.872260035 0.486353418
1706080968.942424297 239.126871905 664.568455174 -34.145328560 0.025003498 -0.044661904 -0.872012262 0.486800528
1706080969.041184187 239.009097723 664.362158805 -34.134603145 0.025843452 -0.045926598 -0.871733892 0.487137440
1706080969.141040802 238.911397248 664.173684438 -34.129677923 0.024924767 -0.044789599 -0.871687369 0.487374372
1706080969.245021820 238.800317648 663.991487249 -34.119171728 0.025285991 -0.045415702 -0.871382612 0.487842574
1706080969.343886852 238.694963506 663.798307663 -34.107723953 0.024840368 -0.044578276 -0.871294544 0.488099939
1706080969.442330599 238.576041617 663.619494728 -34.098100587 0.025610610 -0.045401068 -0.870934657 0.488626302
1706080969.545396328 238.474733169 663.413222393 -34.085926991 0.025879023 -0.045961317 -0.870718662 0.488944623
1706080969.645294905 238.375091711 663.242049094 -34.077917197 0.025402825 -0.045497926 -0.870547702 0.489317212
1706080969.745138884 238.276015677 663.042359352 -34.070535415 0.026313715 -0.047395727 -0.870211669 0.489686516
1706080969.844895363 238.172317682 662.861440461 -34.063767638 0.025912267 -0.046435477 -0.870122754 0.489957848
1706080969.943958759 238.064415253 662.672808800 -34.056296772 0.026020563 -0.046596765 -0.869827601 0.490460616
1706080970.045206785 237.952088277 662.488990476 -34.043523861 0.026052680 -0.045698089 -0.869610735 0.490927807
1706080970.143546820 237.843387512 662.306156109 -34.035991283 0.026050771 -0.046921584 -0.869334382 0.491301796
1706080970.241993666 237.737092033 662.124238446 -34.021601027 0.026482561 -0.046566248 -0.869123763 0.491685004
1706080970.342256784 237.631381211 661.942645868 -34.009107603 0.026249440 -0.046758615 -0.868922341 0.492035124
1706080970.441120863 237.527067663 661.760474954 -34.000376377 0.026521084 -0.047141033 -0.868728066 0.492327029
1706080970.544710159 237.413360789 661.569350483 -33.993686221 0.026597558 -0.047362346 -0.868505236 0.492694665
1706080970.643227339 237.307231089 661.382172120 -33.984724261 0.026992600 -0.047715478 -0.868310204 0.492982781
1706080970.742309809 237.224273233 661.202160371 -33.975394462 0.027399636 -0.048157273 -0.868196767 0.493117136
1706080970.840766191 237.121188610 661.018514047 -33.966289016 0.027459901 -0.048166805 -0.868087226 0.493305667
1706080970.944793463 237.014302835 660.819569060 -33.955634200 0.026993928 -0.047214832 -0.868023383 0.493535707
1706080971.045422792 236.897497183 660.625067995 -33.945310256 0.027278105 -0.047769707 -0.867811734 0.493838794
1706080971.145031929 236.792398996 660.426783062 -33.938660668 0.027351362 -0.048958674 -0.867582734 0.494120584
1706080971.245040178 236.683985512 660.241657781 -33.930784513 0.026834185 -0.047584701 -0.867559928 0.494323167
1706080971.344469309 236.580563530 660.044121782 -33.919443850 0.026990845 -0.047980897 -0.867367543 0.494613862
1706080971.443336248 236.487454883 659.859258351 -33.911937679 0.026753482 -0.048034200 -0.867251141 0.494825651
1706080971.543297529 236.382352388 659.672677354 -33.904917148 0.026427823 -0.047531396 -0.867098389 0.495159288
1706080971.642239571 236.263673767 659.485528717 -33.894269410 0.026284281 -0.047392989 -0.866936757 0.495463117
1706080971.745419264 236.156457574 659.279091475 -33.884184793 0.026776725 -0.048885932 -0.866639973 0.495810780
1706080971.844595432 236.063903252 659.103364892 -33.874667825 0.026683097 -0.047856409 -0.866588226 0.496006677
1706080971.943151712 235.972990642 658.930060494 -33.863608741 0.026542368 -0.047930281 -0.866457526 0.496235374
1706080972.041932106 235.871325820 658.745632120 -33.856605191 0.026279561 -0.047668298 -0.866344766 0.496471414
1706080972.144751072 235.758419634 658.563827413 -33.844758665 0.027066458 -0.048014585 -0.866060303 0.496891898
1706080972.244664192 235.664109575 658.377787987 -33.832965731 0.026588474 -0.047280007 -0.866108244 0.496904582
1706080972.345281839 235.570196293 658.195128470 -33.823144691 0.027379709 -0.048467389 -0.865791955 0.497298255
1706080972.445125341 235.459467867 658.006567256 -33.812044730 0.026879702 -0.047312283 -0.865742083 0.497523542
1706080972.544296741 235.355357225 657.831153368 -33.805065319 0.026503521 -0.046971800 -0.865648446 0.497738869
1706080972.644378424 235.248053378 657.633019517 -33.793415415 0.026606226 -0.046663652 -0.865503288 0.498014730
1706080972.744340420 235.148667932 657.422887823 -33.785223641 0.026516396 -0.047938688 -0.865445212 0.497999345
1706080972.843282700 235.046437142 657.229246543 -33.779453197 0.026156658 -0.047697903 -0.865364981 0.498180880
1706080972.942590237 234.939880630 657.045748487 -33.767164960 0.026523665 -0.047899512 -0.865149298 0.498516623
1706080973.041389942 234.843942114 656.864236106 -33.752593414 0.026522552 -0.047785294 -0.864963100 0.498850635
1706080973.144164801 234.743435497 656.673001379 -33.745276934 0.026583436 -0.048450202 -0.864656931 0.499313820
1706080973.242895126 234.650062969 656.492397323 -33.737141725 0.026805938 -0.048641003 -0.864367810 0.499783737
1706080973.341646194 234.560374816 656.310981365 -33.725856322 0.026880054 -0.048341359 -0.864140498 0.500201735
1706080973.444787264 234.441386346 656.111336662 -33.716962456 0.027318946 -0.048572783 -0.863796390 0.500749594
1706080973.544025421 234.346941934 655.923251432 -33.708848576 0.027819529 -0.048233276 -0.863675406 0.500963490
1706080973.642784357 234.253831352 655.749733835 -33.702371189 0.027563532 -0.047555189 -0.863533636 0.501286759
1706080973.745026588 234.152671496 655.568233872 -33.689015646 0.028117304 -0.047153262 -0.863316286 0.501668194
1706080973.844458580 234.057143818 655.374909675 -33.675726276 0.028191698 -0.047006918 -0.863150721 0.501962560
1706080973.945381880 233.937774150 655.154467041 -33.669639041 0.028349626 -0.049179365 -0.862866148 0.502234705
1706080974.044380903 233.841238892 654.979290940 -33.652134019 0.028089679 -0.046273037 -0.862976194 0.502336405
1706080974.143591404 233.747193146 654.797265765 -33.642560808 0.028283859 -0.047557310 -0.862847292 0.502426987
1706080974.242467880 233.637403399 654.612824287 -33.635076168 0.028400822 -0.048393477 -0.862638635 0.502698767
1706080974.344872713 233.520308479 654.430156426 -33.634798666 0.027484050 -0.047260299 -0.862690164 0.502769104
1706080974.443932533 233.418684879 654.247155393 -33.627164755 0.027835129 -0.048202560 -0.862639528 0.502747217
1706080974.542766094 233.326183699 654.066983570 -33.621135531 0.027716303 -0.049175037 -0.862470284 0.502949929
1706080974.641508579 233.241379174 653.866830813 -33.611478227 0.028162252 -0.049638813 -0.862349779 0.503086210
1706080974.745009899 233.147301558 653.666682922 -33.596896104 0.028153753 -0.048182817 -0.862172614 0.503531693
1706080974.843841553 233.042150610 653.480334137 -33.584672317 0.027872662 -0.047884031 -0.861888034 0.504062746
1706080974.942081690 232.942546044 653.285410793 -33.572985359 0.028342601 -0.048765900 -0.861577521 0.504482664
1706080975.044955730 232.846498763 653.086610221 -33.557837446 0.028213216 -0.048734892 -0.861403578 0.504789858
1706080975.144468546 232.754437195 652.902356756 -33.541975012 0.028323193 -0.047533674 -0.861289554 0.505092716
1706080975.245374441 232.646372347 652.714745988 -33.527581621 0.028553115 -0.047635337 -0.861122122 0.505355603
1706080975.344702244 232.546841867 652.516806056 -33.515953624 0.028966574 -0.048054811 -0.860994799 0.505509276
1706080975.443743944 232.460742698 652.322836769 -33.513793795 0.028009659 -0.048508034 -0.861125992 0.505296404
1706080975.542763948 232.367353630 652.128936458 -33.503950881 0.028944701 -0.049296298 -0.861116861 0.505182968
1706080975.644776583 232.264314938 651.939448226 -33.493591020 0.028379101 -0.047661054 -0.861363221 0.504951930
1706080975.743857384 232.171087879 651.769042559 -33.483536506 0.028322600 -0.047354378 -0.861578028 0.504617374
1706080975.842348576 232.066455995 651.592044001 -33.475057462 0.028833026 -0.049282661 -0.861532913 0.504480837
1706080975.944966793 231.982230965 651.383443051 -33.468501151 0.029062696 -0.050159469 -0.861694815 0.504104586
1706080976.044917345 231.866669760 651.211025910 -33.460724798 0.029134143 -0.049106843 -0.861718425 0.504163740
1706080976.142959595 231.779883450 651.015086653 -33.449871164 0.029110185 -0.050054467 -0.861852340 0.503842923
1706080976.241482258 231.678116400 650.798377226 -33.452115109 0.028656184 -0.051226662 -0.861844732 0.503764141
1706080976.344827652 231.564979351 650.614673995 -33.444378526 0.028502905 -0.049612332 -0.861844043 0.503935558
1706080976.444280386 231.468063292 650.436965081 -33.431277456 0.029374857 -0.050415156 -0.861699596 0.504052811
1706080976.545326471 231.356808450 650.247349392 -33.421596106 0.030024563 -0.050955679 -0.861492546 0.504314027
1706080976.644638300 231.261740223 650.054077455 -33.410096377 0.029301156 -0.050484157 -0.861493606 0.504402180
1706080976.744082212 231.171994893 649.842223339 -33.399055696 0.029608222 -0.051792778 -0.861332910 0.504525996
1706080976.842894793 231.069998976 649.646820371 -33.384367089 0.030139566 -0.051111003 -0.861260287 0.504688012
1706080976.944853544 230.981803523 649.465399302 -33.367614138 0.030340187 -0.051731160 -0.861145499 0.504808667
1706080977.043662786 230.871898810 649.285778546 -33.358755175 0.030369200 -0.052837453 -0.860987689 0.504961498
1706080977.142282248 230.778296080 649.091179143 -33.348619546 0.031513420 -0.054803912 -0.860896054 0.504838013
1706080977.241139174 230.655124454 648.900663848 -33.338041400 0.030854371 -0.054009504 -0.860992977 0.504799044
1706080977.344027758 230.543807515 648.706757016 -33.333539890 0.030829031 -0.054264675 -0.861117914 0.504560060
1706080977.442675114 230.454640258 648.524928845 -33.323064008 0.031771388 -0.055189519 -0.861146834 0.504351888
1706080977.541769981 230.367069022 648.349468923 -33.320304492 0.031387939 -0.054601428 -0.861323118 0.504138837
1706080977.645162106 230.257340923 648.149628145 -33.318135920 0.031743283 -0.055340848 -0.861349871 0.503990233
1706080977.744998455 230.152025747 647.971597178 -33.304035730 0.031579576 -0.053229171 -0.861656386 0.503703938
1706080977.844846010 230.067470783 647.771326185 -33.290939725 0.031372090 -0.052868791 -0.861906845 0.503326210
1706080977.944795847 229.977694625 647.581385029 -33.284867504 0.031658491 -0.054073498 -0.861939607 0.503124149
1706080978.044030666 229.871252382 647.405776365 -33.264930943 0.031919332 -0.052662218 -0.862079118 0.503018331
1706080978.143672466 229.768708765 647.226348321 -33.258092986 0.030698839 -0.051995795 -0.862300927 0.502783383
1706080978.244620323 229.672021670 647.019091877 -33.249307314 0.031082266 -0.054516407 -0.862244104 0.502590250
1706080978.343475342 229.567562848 646.834747168 -33.240207428 0.030793745 -0.054007019 -0.862409178 0.502379734
1706080978.442289591 229.468857297 646.657286790 -33.225532319 0.030538502 -0.053366049 -0.862630096 0.502084438
1706080978.544905186 229.356742958 646.470526532 -33.215609231 0.030506060 -0.054109898 -0.862676936 0.501926292
1706080978.643750429 229.238983116 646.278199375 -33.205986127 0.030273015 -0.053743229 -0.862815196 0.501742112
1706080978.742389202 229.137757716 646.094559940 -33.198330352 0.030297354 -0.053562062 -0.862978349 0.501479357
1706080978.841263294 229.043102247 645.927971810 -33.189495659 0.030417202 -0.053430152 -0.863111026 0.501257787
1706080978.944881678 228.953420491 645.740579024 -33.181452084 0.030433353 -0.053168200 -0.863348195 0.500876080
1706080979.044885874 228.849847472 645.559701186 -33.172585008 0.029878689 -0.051595214 -0.863506528 0.500801032
1706080979.143977880 228.756838587 645.372791525 -33.166536690 0.029321239 -0.050616171 -0.863766337 0.500485748
1706080979.245006323 228.649211619 645.176404175 -33.159258015 0.030058592 -0.050865381 -0.863785108 0.500384333
1706080979.344773054 228.565401190 644.991452050 -33.145174355 0.029771242 -0.049605536 -0.864038315 0.500090747
1706080979.445082426 228.463726633 644.797443473 -33.130926836 0.029610371 -0.048962120 -0.864162423 0.499949241
1706080979.544502258 228.356125224 644.609267179 -33.126981899 0.028645723 -0.049944410 -0.864278908 0.499706863
1706080979.643437862 228.250723395 644.419284508 -33.116228093 0.028030584 -0.048694036 -0.864396336 0.499662038
1706080979.745405674 228.135590185 644.216662905 -33.104241848 0.027323833 -0.047985399 -0.864498004 0.499593846
1706080979.844684839 228.031078771 644.031153878 -33.093551190 0.027450880 -0.048538438 -0.864514923 0.499504172
1706080979.943377733 227.933580111 643.852139687 -33.081025384 0.027764971 -0.048747701 -0.864561625 0.499385587
1706080980.042302608 227.845864452 643.662705879 -33.072672997 0.027363783 -0.048739343 -0.864705466 0.499159450
1706080980.140764952 227.747927402 643.489254258 -33.065964095 0.027229647 -0.049019812 -0.864820664 0.498939699
1706080980.245141745 227.633414424 643.300892904 -33.055268963 0.027774887 -0.049462843 -0.864805527 0.498892157
1706080980.344784975 227.544157288 643.108801561 -33.044199229 0.028018344 -0.049479651 -0.864975611 0.498581918
1706080980.444205046 227.431473155 642.940820884 -33.038935938 0.027782753 -0.049338091 -0.864951113 0.498651626
1706080980.544941187 227.347952675 642.740577064 -33.031258556 0.028158033 -0.050123339 -0.865138356 0.498227258
1706080980.644532204 227.238880426 642.546303064 -33.016712291 0.028777921 -0.049809449 -0.865212642 0.498094302
1706080980.745446682 227.138200238 642.370583858 -33.008328407 0.028630584 -0.050291924 -0.865208959 0.498060708
1706080980.844399214 227.020715250 642.207766279 -32.994151927 0.029014588 -0.050232162 -0.865149779 0.498147311
1706080980.943172455 226.945613246 642.013766492 -32.985765390 0.028763197 -0.050254069 -0.865242797 0.497998102
1706080981.044975996 226.848754212 641.824668673 -32.979399050 0.028622439 -0.050665191 -0.865159363 0.498109497
1706080981.144430399 226.725664261 641.661269145 -32.978460083 0.028465069 -0.051291675 -0.865005818 0.498321020
1706080981.243120909 226.630413653 641.478609934 -32.965486411 0.029141051 -0.050597802 -0.865043799 0.498286953
1706080981.341818810 226.529228384 641.293028888 -32.952747703 0.029475483 -0.051299958 -0.864930252 0.498392585
1706080981.440377235 226.440527614 641.110328926 -32.947282629 0.029512148 -0.052421580 -0.864805942 0.498489411
1706080981.538898706 226.346672340 640.942454380 -32.930467556 0.029587389 -0.050834638 -0.864903875 0.498479401
1706080981.644844532 226.239951761 640.744118308 -32.918164046 0.029138263 -0.050771292 -0.864971710 0.498394602
1706080981.743369818 226.154874400 640.558039386 -32.909334436 0.029456296 -0.051172738 -0.864867163 0.498516266
1706080981.845313549 226.065666659 640.354154307 -32.904685476 0.028430502 -0.050189752 -0.865008159 0.498431118
1706080981.945140123 225.960719141 640.171357148 -32.887939299 0.029554405 -0.051015054 -0.864852215 0.498552552
1706080982.044988871 225.851793785 639.977444695 -32.881281452 0.028788818 -0.050939349 -0.864963196 0.498412537
1706080982.144546032 225.747348888 639.791134744 -32.871443466 0.028676117 -0.049785477 -0.865118302 0.498266405
1706080982.243031025 225.656688161 639.619881503 -32.862828967 0.029021667 -0.051071004 -0.865146178 0.498067853
1706080982.345282316 225.559677063 639.427456714 -32.856879018 0.029000016 -0.051940144 -0.865177467 0.497924866
1706080982.444388866 225.457320885 639.232530064 -32.848265020 0.028466974 -0.050445563 -0.865355191 0.497800432
1706080982.542714357 225.358367297 639.049841642 -32.842146779 0.027735189 -0.049675555 -0.865566424 0.497551870
1706080982.641323328 225.258793856 638.836471677 -32.825597014 0.029232569 -0.051201346 -0.865600719 0.497251721
1706080982.745420694 225.158486769 638.668322547 -32.813061720 0.028783299 -0.050768286 -0.865746201 0.497069028
1706080982.845205069 225.058794151 638.484117618 -32.801472056 0.028884253 -0.050979122 -0.865809776 0.496930840
1706080982.944697142 224.969676522 638.307754382 -32.794012180 0.028779940 -0.051038883 -0.866027758 0.496550772
1706080983.042848349 224.883731491 638.143490362 -32.787229396 0.028507550 -0.050775935 -0.866258313 0.496191153
1706080983.144533873 224.778372158 637.954228205 -32.775930292 0.028755233 -0.050360558 -0.866392906 0.495984155
1706080983.245459080 224.667966130 637.776811533 -32.766192061 0.028313561 -0.049952283 -0.866570653 0.495740269
1706080983.345140219 224.568323753 637.605051836 -32.762059880 0.028111974 -0.049702496 -0.866773555 0.495422025
1706080983.444115639 224.459769302 637.420998577 -32.754739307 0.028439943 -0.049455692 -0.866961367 0.495099276
1706080983.542896748 224.360458959 637.240467154 -32.746937533 0.028211368 -0.048801608 -0.867232950 0.494701458
1706080983.644821644 224.241178168 637.026808105 -32.735058565 0.028511313 -0.049153797 -0.867295996 0.494538841
1706080983.744056940 224.131040216 636.858332731 -32.726280165 0.028479174 -0.049199376 -0.867396872 0.494359206
1706080983.842465878 224.028818607 636.675008293 -32.715681856 0.028319078 -0.049316511 -0.867627635 0.493951615
1706080983.941233158 223.934228095 636.498558035 -32.707168280 0.027688234 -0.048977814 -0.867943902 0.493465215
1706080984.039681196 223.838964215 636.307487518 -32.696026189 0.027700606 -0.049432909 -0.868201123 0.492966402
1706080984.144767761 223.734907341 636.131814959 -32.682580220 0.027707939 -0.049538190 -0.868383499 0.492634079
1706080984.243850231 223.636249056 635.946592953 -32.671437864 0.027961792 -0.049996210 -0.868534785 0.492306657
1706080984.342501163 223.530944316 635.774315733 -32.666071463 0.027774491 -0.050530796 -0.868721302 0.491933447
1706080984.445120811 223.440049290 635.586161731 -32.652707026 0.028098935 -0.050309399 -0.868989641 0.491463547
1706080984.544517040 223.345900423 635.411375606 -32.644205235 0.027871497 -0.049562645 -0.869289586 0.491021731
1706080984.644675732 223.233347011 635.240208542 -32.635122442 0.028194274 -0.049396519 -0.869345932 0.490920277
1706080984.743431091 223.123783367 635.074851442 -32.623114458 0.028125415 -0.048388285 -0.869620199 0.490538728
1706080984.842289925 223.022487051 634.888720542 -32.612890316 0.028113711 -0.048884638 -0.869726701 0.490301313
1706080984.944782257 222.912431301 634.707487832 -32.597612310 0.027875879 -0.047630437 -0.869813052 0.490285153
1706080985.043733358 222.803899516 634.536787402 -32.591962469 0.027143839 -0.047639781 -0.869812504 0.490326291
1706080985.142053127 222.700434459 634.349550843 -32.582687968 0.026935727 -0.047756120 -0.869865607 0.490232237
1706080985.240644932 222.603562895 634.143538868 -32.577779667 0.027110103 -0.049141495 -0.869743914 0.490301622
1706080985.339772701 222.499712100 633.959159484 -32.571805589 0.026977903 -0.049716988 -0.869711636 0.490308151
1706080985.444660187 222.409577714 633.756652662 -32.561515296 0.027927154 -0.050686264 -0.869615804 0.490325738
1706080985.543339252 222.307295641 633.584415317 -32.552413569 0.028506310 -0.051280934 -0.869438524 0.490544910
1706080985.645194292 222.215070607 633.405041037 -32.547734510 0.028680260 -0.051716273 -0.869452243 0.490464746
1706080985.745076895 222.112196184 633.221673582 -32.535948834 0.029761517 -0.052502645 -0.869260996 0.490655729
1706080985.844033718 222.023157566 633.038917958 -32.528948080 0.029388558 -0.052524290 -0.869143737 0.490883567
1706080985.944055080 221.927389393 632.856141752 -32.521388516 0.029643522 -0.052130124 -0.868976241 0.491206682
1706080986.043362856 221.828525073 632.691508541 -32.511135520 0.029684197 -0.051070176 -0.868799956 0.491627218
1706080986.145245075 221.688554990 632.507478786 -32.500415069 0.029263227 -0.050137682 -0.868552594 0.492185197
1706080986.244546175 221.586786845 632.306545158 -32.488900407 0.028841828 -0.049611361 -0.868444257 0.492454500
1706080986.343208075 221.496954926 632.131619727 -32.478853200 0.028481872 -0.049143256 -0.868188837 0.492972480
1706080986.441828012 221.405716862 631.941430446 -32.469984579 0.027850070 -0.049268030 -0.867955062 0.493407584
1706080986.540528774 221.298791679 631.769480211 -32.458011130 0.027632237 -0.049536090 -0.867571673 0.494066825
1706080986.645192385 221.202172949 631.588914457 -32.447003839 0.027611645 -0.050929644 -0.867222117 0.494539753
1706080986.744445086 221.112528466 631.409791354 -32.433478289 0.027859446 -0.051279726 -0.866929730 0.495002106
1706080986.843028545 221.020660990 631.234614031 -32.423557090 0.027620900 -0.051861597 -0.866757551 0.495256306
1706080986.941715956 220.923534623 631.055097420 -32.409446330 0.028673663 -0.052769456 -0.866438141 0.495659312
1706080987.044972181 220.833547719 630.853518118 -32.396357800 0.029515850 -0.053656602 -0.866186391 0.495954553
1706080987.145189762 220.734283628 630.659574737 -32.387916867 0.029550064 -0.053033276 -0.866003462 0.496338865
1706080987.244971275 220.636535942 630.474771232 -32.383976908 0.029998226 -0.053360612 -0.865737066 0.496741466
1706080987.343587637 220.541480707 630.288266418 -32.376080543 0.030249331 -0.052257502 -0.865517427 0.497226019
1706080987.442675114 220.442985610 630.110813538 -32.361504044 0.030596539 -0.051102354 -0.865302097 0.497699390
1706080987.544200659 220.338936987 629.947928217 -32.352646868 0.030831844 -0.051869719 -0.864962550 0.498195460
1706080987.643157005 220.239426710 629.765084521 -32.349746470 0.030867336 -0.052226120 -0.864650743 0.498697035
1706080987.741434336 220.141438618 629.602515217 -32.344562140 0.030861295 -0.052071482 -0.864433942 0.499089272
1706080987.840319157 220.042653413 629.428381561 -32.340836825 0.030068115 -0.051645982 -0.864280329 0.499447809
1706080987.944758177 219.933735188 629.233658605 -32.333457714 0.030032475 -0.051979342 -0.864055167 0.499804828
1706080988.044145107 219.838167544 629.056448474 -32.324687091 0.029935778 -0.052710623 -0.863789748 0.500192674
1706080988.142632961 219.740928079 628.863952856 -32.313024056 0.029651885 -0.052913496 -0.863643343 0.500440909
1706080988.245047331 219.645448621 628.668071413 -32.302482081 0.029710338 -0.053499102 -0.863490598 0.500638722
1706080988.344924927 219.554317705 628.489371405 -32.288143547 0.029805703 -0.052765723 -0.863415549 0.500840283
1706080988.444820642 219.474767943 628.301101086 -32.277181434 0.029327765 -0.052569980 -0.863399984 0.500915908
1706080988.545197248 219.374604638 628.104218605 -32.262981655 0.029725752 -0.052039585 -0.863292962 0.501132242
1706080988.643795729 219.278737897 627.886471226 -32.257606563 0.028832012 -0.052019485 -0.863373935 0.501047040
1706080988.745032310 219.181710235 627.705278732 -32.244366413 0.029549078 -0.051590077 -0.863275293 0.501219598
1706080988.843861818 219.095632255 627.518626864 -32.227742989 0.029289129 -0.050391611 -0.863447497 0.501060129
1706080988.942433357 219.008327891 627.347616396 -32.220677650 0.029267191 -0.050868058 -0.863386862 0.501117749
1706080989.042013168 218.912557767 627.178644111 -32.210539003 0.029329471 -0.050305407 -0.863486947 0.500998443
1706080989.141230106 218.810420266 627.029421715 -32.207461159 0.029017639 -0.050282693 -0.863490279 0.501013139
1706080989.245157480 218.705472647 626.845469720 -32.202016508 0.028080966 -0.048858084 -0.863812659 0.500651612
1706080989.343670845 218.610268363 626.655477687 -32.194125955 0.028373135 -0.048591303 -0.864087877 0.500185957
1706080989.442315578 218.515802016 626.479907024 -32.185514443 0.028175108 -0.048617825 -0.864269062 0.499881445
1706080989.545480728 218.412843696 626.288307096 -32.176333323 0.027938290 -0.048025680 -0.864581356 0.499411718
1706080989.645195723 218.315711852 626.091802625 -32.161905669 0.028502255 -0.048632709 -0.864795394 0.498950305
1706080989.745164156 218.199102091 625.901794205 -32.151851862 0.027746974 -0.047898826 -0.865134739 0.498475366
1706080989.844905376 218.087534096 625.729611993 -32.146222287 0.027460548 -0.048641249 -0.865358897 0.498030046
1706080989.944509268 217.991821880 625.541134221 -32.137717095 0.028084402 -0.049555981 -0.865623286 0.497445271
1706080990.045045614 217.906734663 625.353029690 -32.122641867 0.028337111 -0.048776200 -0.865965931 0.496911356
1706080990.143466949 217.812160780 625.176384857 -32.107504703 0.028381629 -0.048134443 -0.866255045 0.496467275
1706080990.243100166 217.721819184 624.995488503 -32.098043785 0.027591534 -0.047513451 -0.866669452 0.495848002
1706080990.342327118 217.623402682 624.835784280 -32.094826004 0.027582862 -0.047719587 -0.866892670 0.495438316
1706080990.441221714 217.517951431 624.646252402 -32.086069579 0.027540463 -0.047902880 -0.867147622 0.494976604
1706080990.544664383 217.420317291 624.454022005 -32.076615604 0.027088844 -0.047256378 -0.867508536 0.494430956
1706080990.643482924 217.309253123 624.279195430 -32.071754790 0.027160365 -0.047919306 -0.867699348 0.494028235
1706080990.741928577 217.212394247 624.106101586 -32.062892077 0.027162240 -0.048029990 -0.867964307 0.493551714
1706080990.844900131 217.108127400 623.930121724 -32.051169171 0.027652822 -0.048202036 -0.868053867 0.493350148
1706080990.944576025 217.004041076 623.757482897 -32.041802790 0.027865215 -0.049348542 -0.868053600 0.493225302
1706080991.045456409 216.907957045 623.541809393 -32.036531871 0.027840990 -0.050090936 -0.868253498 0.492799797
1706080991.145124674 216.813164696 623.351730547 -32.021915195 0.028171900 -0.048729292 -0.868366388 0.492718597
1706080991.244832039 216.719885074 623.173270775 -32.010974862 0.028118790 -0.049375848 -0.868404629 0.492589850
1706080991.344560862 216.630292104 622.989815959 -32.002140754 0.028239803 -0.049637323 -0.868550189 0.492299927
1706080991.443199873 216.518616168 622.805532067 -31.999086166 0.027754693 -0.049268912 -0.868638442 0.492208807
1706080991.543412685 216.421682086 622.627354156 -31.990930047 0.028589845 -0.050271835 -0.868594833 0.492136545
1706080991.642302275 216.310819744 622.445693583 -31.972467016 0.029078534 -0.050108000 -0.868619592 0.492080920
1706080991.741367579 216.202036387 622.261271914 -31.958313532 0.029172081 -0.050726756 -0.868702025 0.491866423
1706080991.844429016 216.111735133 622.090796289 -31.946623347 0.029455163 -0.051601850 -0.868642020 0.491864497
1706080991.943225384 216.014626253 621.918616844 -31.935810842 0.029288048 -0.051264884 -0.868787881 0.491652052
1706080992.041731119 215.912793096 621.743323007 -31.931122753 0.029280260 -0.051863538 -0.868650280 0.491832829
1706080992.145177841 215.791994769 621.580447823 -31.928994070 0.028995622 -0.051739940 -0.868667897 0.491831595
1706080992.244469881 215.683399443 621.390122957 -31.925288020 0.029045371 -0.051555528 -0.868668883 0.491846283
1706080992.343118429 215.584626959 621.212325456 -31.913115528 0.029476093 -0.051665628 -0.868662145 0.491821005
1706080992.444800854 215.471848947 621.020190715 -31.904830212 0.029395999 -0.051728732 -0.868639679 0.491858844
1706080992.545364141 215.390526517 620.820880596 -31.895789681 0.029264805 -0.052293774 -0.868721250 0.491662814
1706080992.645232201 215.295432193 620.624461917 -31.890604678 0.029343869 -0.052691591 -0.868623940 0.491787539
1706080992.744459391 215.204031658 620.436342710 -31.872530670 0.029673288 -0.051536519 -0.868720971 0.491718779
1706080992.843388319 215.094835853 620.266536486 -31.866109032 0.029515837 -0.053403792 -0.868605232 0.491733467
1706080992.942445517 215.003309256 620.096573824 -31.850407072 0.029649551 -0.051915609 -0.868735677 0.491654348
1706080993.045430899 214.895576871 619.893377674 -31.839205753 0.029542024 -0.051768808 -0.868684110 0.491767400
1706080993.144125462 214.791612908 619.706012464 -31.825015191 0.029890440 -0.051534838 -0.868713939 0.491718226
1706080993.242883205 214.701366400 619.548893128 -31.812489491 0.030072844 -0.050990089 -0.868682231 0.491819902
1706080993.341655016 214.603906374 619.365060107 -31.804381033 0.030563286 -0.052658090 -0.868482113 0.491967306
1706080993.444746971 214.491692517 619.176982272 -31.800295213 0.030131085 -0.052448094 -0.868442961 0.492085499
1706080993.543880701 214.390468525 618.990937409 -31.796941772 0.030639928 -0.053530566 -0.868296092 0.492196678
1706080993.642660618 214.282705632 618.822018199 -31.788875197 0.030247130 -0.052227870 -0.868389874 0.492195478
1706080993.745106459 214.181240820 618.641562328 -31.773322820 0.030084489 -0.051248864 -0.868468493 0.492169640
1706080993.844481230 214.084406693 618.458623497 -31.768625638 0.029916539 -0.052618467 -0.868483315 0.492009176
1706080993.945175409 213.985018840 618.270009115 -31.755093472 0.030167620 -0.051821261 -0.868555103 0.491951729
1706080994.044445515 213.881383523 618.087971956 -31.749063529 0.029982584 -0.052901301 -0.868519657 0.491910665
1706080994.143506765 213.786690866 617.901818836 -31.742556216 0.029597056 -0.052683225 -0.868610750 0.491796560
1706080994.242422819 213.681845265 617.714676125 -31.731510850 0.029828433 -0.053032844 -0.868543401 0.491863947
1706080994.344927549 213.580818137 617.528168079 -31.720571591 0.029649869 -0.053213456 -0.868568328 0.491811216
1706080994.444014549 213.481740714 617.350770041 -31.715468455 0.029280794 -0.053391946 -0.868671014 0.491632591
1706080994.542609215 213.381683168 617.173538056 -31.703453608 0.029833906 -0.053156061 -0.868754601 0.491477175
1706080994.645241976 213.271101885 616.989642864 -31.691842205 0.030255464 -0.053352295 -0.868793178 0.491361937
1706080994.744931459 213.167547796 616.806248931 -31.679919094 0.030112168 -0.053101130 -0.868860681 0.491278582
1706080994.843702078 213.053158110 616.632236424 -31.672805367 0.029898749 -0.053068868 -0.868907994 0.491211419
1706080994.941813707 212.956582910 616.426138319 -31.666544807 0.030150566 -0.053178981 -0.868969183 0.491075858
1706080995.045412302 212.854718152 616.224460095 -31.656983706 0.030513158 -0.053900974 -0.868907945 0.491083105
1706080995.144478798 212.760959509 616.052861540 -31.650837979 0.030537489 -0.053773353 -0.868866758 0.491168448
1706080995.245085955 212.659118372 615.862514710 -31.641223497 0.030690614 -0.053534675 -0.868872951 0.491174021
1706080995.344638824 212.554922080 615.681647733 -31.628422037 0.030990029 -0.054059109 -0.868776976 0.491267540
1706080995.443650246 212.434483347 615.506469280 -31.619076415 0.030064940 -0.052870609 -0.868754168 0.491494653
1706080995.542752981 212.338612575 615.342003132 -31.608161151 0.030382855 -0.053372600 -0.868851881 0.491248059
1706080995.644825935 212.233839690 615.125352472 -31.598852433 0.030690984 -0.054644524 -0.868695618 0.491365407
1706080995.743438959 212.151225497 614.953182574 -31.590384838 0.030808223 -0.054680998 -0.868731776 0.491290080
1706080995.842381001 212.047050447 614.777153752 -31.580314590 0.030091589 -0.053116197 -0.868856028 0.491286442
1706080995.941304684 211.944318375 614.589264223 -31.569314915 0.030736839 -0.053825917 -0.868740960 0.491372731
1706080996.044741154 211.843317724 614.402922907 -31.557541081 0.030858763 -0.054126905 -0.868775829 0.491270367
1706080996.143316746 211.732811046 614.217346351 -31.544381690 0.031974565 -0.055399547 -0.868569055 0.491422745
1706080996.241516590 211.629888114 614.039560265 -31.534542344 0.030843795 -0.053789720 -0.868835574 0.491202678
1706080996.344923019 211.510790897 613.879463646 -31.529615606 0.030888134 -0.054559868 -0.868732917 0.491296513
1706080996.444241762 211.390201272 613.673243217 -31.530786398 0.030708435 -0.055478407 -0.868782309 0.491117540
1706080996.545414925 211.287854935 613.476431043 -31.523457401 0.031237576 -0.055274246 -0.868842430 0.491000819
1706080996.644737959 211.187756218 613.302809160 -31.510823268 0.031466621 -0.055340158 -0.868812168 0.491032317
1706080996.743875980 211.093347614 613.131365106 -31.498586384 0.031298986 -0.055166008 -0.868883322 0.490936715
1706080996.843236446 210.994587187 612.949594332 -31.485404630 0.030935790 -0.054188043 -0.869089698 0.490703302
1706080996.944604874 210.899116829 612.769315038 -31.477776492 0.030697442 -0.054453716 -0.869137844 0.490603575
1706080997.043421984 210.800070818 612.593731543 -31.464725435 0.030463231 -0.053330222 -0.869291146 0.490469962
1706080997.142060518 210.697928241 612.404014806 -31.456907370 0.030897694 -0.054826570 -0.869181321 0.490472436
1706080997.245044947 210.594716772 612.217152152 -31.444186599 0.030893791 -0.054758211 -0.869159960 0.490518170
1706080997.343951464 210.499944570 612.039140831 -31.438394375 0.030332434 -0.053957208 -0.869323300 0.490352489
1706080997.442602873 210.390744097 611.855178979 -31.424436648 0.030215834 -0.052803595 -0.869351864 0.490434625
1706080997.541059971 210.287044523 611.673183129 -31.416819948 0.029655006 -0.052521400 -0.869418059 0.490381812
1706080997.645262241 210.170926970 611.484973588 -31.406901544 0.029494894 -0.052285161 -0.869349047 0.490539038
1706080997.745007277 210.063617407 611.306181778 -31.393601806 0.029662061 -0.051891196 -0.869331446 0.490601981
1706080997.844470739 209.974266738 611.132017975 -31.382490079 0.029813831 -0.052487242 -0.869320905 0.490548050
1706080997.944786787 209.882652357 610.949303931 -31.376467698 0.029183234 -0.052401707 -0.869348774 0.490545727
1706080998.044574261 209.782162717 610.775226582 -31.366627159 0.029362251 -0.052046703 -0.869326398 0.490612487
1706080998.145268440 209.674775474 610.582855750 -31.360552285 0.028391561 -0.051095070 -0.869492430 0.490475409
1706080998.244681120 209.572055047 610.414192314 -31.350119459 0.028537274 -0.050829321 -0.869473639 0.490527874
1706080998.343110800 209.466763550 610.234224281 -31.338820443 0.028620333 -0.050360252 -0.869420547 0.490665501
1706080998.442179918 209.351776619 610.039520284 -31.331613566 0.028188359 -0.050574200 -0.869420859 0.490667950
1706080998.544799089 209.253968004 609.850301490 -31.322476858 0.028252017 -0.050668048 -0.869372360 0.490740534
1706080998.643529892 209.151064178 609.660780331 -31.311459706 0.028559268 -0.050969160 -0.869282166 0.490851331
1706080998.742144108 209.045939121 609.473289294 -31.298771659 0.028970937 -0.051246997 -0.869125224 0.491076140
1706080998.841309071 208.951030164 609.297863448 -31.289423876 0.028518410 -0.050665399 -0.869114691 0.491181608
1706080998.944803953 208.840944577 609.121739501 -31.280454324 0.028078876 -0.049883829 -0.869077473 0.491352751
1706080999.045419216 208.745835751 608.931034539 -31.270350859 0.028201984 -0.049706313 -0.869061160 0.491392543
1706080999.144276381 208.635908304 608.756273159 -31.261422379 0.028320283 -0.050060894 -0.868831188 0.491756276
1706080999.245135307 208.542719340 608.589018969 -31.250769815 0.028879302 -0.050680476 -0.868677742 0.491931352
1706080999.344825268 208.434273998 608.414928593 -31.245280528 0.028687947 -0.051177743 -0.868513023 0.492181845
1706080999.444784403 208.333778739 608.237841188 -31.243872825 0.028460791 -0.051084938 -0.868536482 0.492163277
1706080999.544277906 208.236755826 608.048744712 -31.229934339 0.029184385 -0.050673319 -0.868503798 0.492221129
1706080999.643259048 208.142538898 607.871028684 -31.221718160 0.029046129 -0.050479254 -0.868311196 0.492588911
1706080999.742084503 208.042929777 607.693475702 -31.213842780 0.028870778 -0.050917796 -0.868213473 0.492726315
1706080999.844566107 207.941658089 607.496311303 -31.203767517 0.028541133 -0.050304979 -0.868082696 0.493038788
1706080999.943356514 207.838288603 607.319527997 -31.196369544 0.028550277 -0.050656324 -0.867848789 0.493413922
1706081000.041784525 207.735124006 607.143178952 -31.183628054 0.028218841 -0.049414746 -0.867697882 0.493824123
1706081000.140614271 207.644109911 606.956024835 -31.170988245 0.028440299 -0.049694372 -0.867473888 0.494176762
1706081000.244566202 207.534248162 606.755190031 -31.158960169 0.028375967 -0.049651898 -0.867304049 0.494482740
1706081000.344738483 207.440259001 606.576295388 -31.149870038 0.027752930 -0.048733111 -0.867237397 0.494726344
1706081000.444583178 207.345704561 606.398868710 -31.138016832 0.028249051 -0.049234858 -0.867093660 0.494900499
1706081000.545470953 207.245016084 606.216480909 -31.128827970 0.027607398 -0.048270478 -0.867028540 0.495145739
1706081000.644258022 207.135221019 606.025683504 -31.124670810 0.027242568 -0.048488210 -0.866827946 0.495495760
1706081000.745154858 207.025627024 605.838787193 -31.113401624 0.027686501 -0.048309224 -0.866738602 0.495644906
1706081000.844390631 206.935489938 605.629131273 -31.102001504 0.027220869 -0.047647911 -0.866688155 0.495822895
1706081000.943027496 206.845382718 605.441975532 -31.091718424 0.027652967 -0.048270724 -0.866556765 0.495968370
1706081001.045380354 206.754641966 605.261006864 -31.081638741 0.028463589 -0.049066041 -0.866428372 0.496068769
1706081001.144768238 206.656644656 605.084786457 -31.073453909 0.028299906 -0.049330982 -0.866387025 0.496124070
1706081001.243221045 206.559640571 604.910226095 -31.073132794 0.027939871 -0.049669320 -0.866313648 0.496238839
1706081001.341552973 206.455032202 604.733384982 -31.060435836 0.027773421 -0.048385229 -0.866405531 0.496214633
1706081001.440293789 206.367014148 604.558144379 -31.047356320 0.028060901 -0.048809919 -0.866377901 0.496205109
1706081001.545451403 206.263872468 604.368843331 -31.034694167 0.027543694 -0.048079663 -0.866412678 0.496244660
1706081001.644921064 206.170429326 604.189613164 -31.023874906 0.027487264 -0.048870996 -0.866262401 0.496432805
1706081001.743092775 206.085054650 604.023382924 -31.013402784 0.027173676 -0.047982191 -0.866402790 0.496291755
1706081001.844921589 205.953138302 603.823463631 -31.002909626 0.026205965 -0.047093523 -0.866357216 0.496508431
1706081001.944298506 205.850346841 603.652337344 -30.992276092 0.026623172 -0.047420862 -0.866271879 0.496603967
1706081002.045317173 205.762258968 603.485403043 -30.977841897 0.026503539 -0.046122454 -0.866396648 0.496514984
1706081002.144359350 205.670763839 603.299309621 -30.966080723 0.026696803 -0.047073965 -0.866304367 0.496576345
1706081002.242959261 205.590637376 603.111614982 -30.957383590 0.026658467 -0.047435329 -0.866282588 0.496582011
1706081002.345000267 205.500399141 602.914397400 -30.952232485 0.026948454 -0.047894211 -0.866246609 0.496585076
1706081002.444242954 205.415677080 602.726222085 -30.940547242 0.026293639 -0.046785699 -0.866359855 0.496528291
1706081002.542671204 205.328192907 602.536138667 -30.931371752 0.026394102 -0.046844743 -0.866326607 0.496575403
1706081002.641742468 205.232252800 602.355715578 -30.929905557 0.025947094 -0.047437460 -0.866231513 0.496708569
1706081002.739873648 205.128171877 602.166167825 -30.919412015 0.026408421 -0.046755918 -0.866147343 0.496895623
1706081002.844889402 205.013237546 601.972953749 -30.903988660 0.026527265 -0.045138099 -0.866112100 0.497100277
1706081002.944356918 204.918700340 601.805724296 -30.895694184 0.027318006 -0.047643854 -0.865898469 0.497195767
1706081003.045468807 204.799091268 601.619848354 -30.888034262 0.027989893 -0.048409132 -0.865711161 0.497410603
1706081003.145141125 204.687252249 601.436429086 -30.877097278 0.027699068 -0.047439628 -0.865759778 0.497435674
1706081003.244901180 204.597059252 601.277371381 -30.868308136 0.028421312 -0.048564903 -0.865679391 0.497426247
1706081003.344954252 204.498370688 601.090354386 -30.864064927 0.028779847 -0.049433315 -0.865652973 0.497366061
1706081003.443785191 204.399643773 600.915862285 -30.854661848 0.029345205 -0.049833093 -0.865672071 0.497259879
1706081003.541987658 204.320073604 600.727626935 -30.850132465 0.029420908 -0.050692486 -0.865719128 0.497086585
1706081003.644937992 204.219115818 600.530368341 -30.841221890 0.029617485 -0.050625229 -0.865738016 0.497048870
1706081003.743559361 204.124468244 600.349817330 -30.831615593 0.029912129 -0.052121745 -0.865675849 0.496984821
1706081003.842228174 204.034813230 600.161330738 -30.821189205 0.029739122 -0.051462807 -0.865799240 0.496848911
1706081003.941104889 203.935765180 599.966203752 -30.813628951 0.029678927 -0.051642103 -0.865936488 0.496594657
1706081004.045014143 203.834819893 599.766411838 -30.801808868 0.029322211 -0.051005558 -0.866020020 0.496535966
1706081004.145047903 203.722731850 599.597375089 -30.788437708 0.029019164 -0.050128298 -0.866103302 0.496497847
1706081004.243468046 203.627943208 599.427561855 -30.777277218 0.028886154 -0.049506461 -0.866251080 0.496310153
1706081004.342343807 203.513807666 599.256897398 -30.765463271 0.028974954 -0.048899038 -0.866342637 0.496205372
1706081004.444708347 203.420303411 599.062682093 -30.760127699 0.028914496 -0.050402735 -0.866428871 0.495907782
1706081004.545210600 203.320246985 598.875681596 -30.749864985 0.028942277 -0.049831114 -0.866594247 0.495674909
1706081004.644602299 203.217457988 598.686048840 -30.743071624 0.029279930 -0.049953846 -0.866713599 0.495433988
1706081004.743120432 203.122886252 598.475534147 -30.730297307 0.029216235 -0.049679143 -0.866944349 0.495061502
1706081004.842390060 203.019531643 598.293438010 -30.717212101 0.029037839 -0.049322952 -0.867083379 0.494864086
1706081004.944617033 202.923303281 598.126361788 -30.706209868 0.028718320 -0.048500841 -0.867319305 0.494550451
1706081005.043838501 202.818554126 597.941335974 -30.692561041 0.028923235 -0.049827418 -0.867446922 0.494182671
1706081005.141777515 202.719128083 597.764816200 -30.684886752 0.028275983 -0.048762020 -0.867698895 0.493883956
1706081005.240492105 202.619660946 597.584385674 -30.677963023 0.028099055 -0.049333621 -0.867842344 0.493585152
1706081005.338909626 202.516896415 597.380977054 -30.670326483 0.027349404 -0.048278505 -0.868159208 0.493174194
1706081005.444537640 202.404440291 597.190328377 -30.659647932 0.027704322 -0.048653729 -0.868259923 0.492940151
1706081005.543093204 202.306560025 597.003010389 -30.649933173 0.027399656 -0.048712607 -0.868445218 0.492624851
1706081005.645253181 202.189450121 596.816070860 -30.643686845 0.027661560 -0.049051292 -0.868540489 0.492408598
1706081005.745064020 202.097541568 596.645191190 -30.631036294 0.028253771 -0.049307101 -0.868708980 0.492052073
1706081005.844085455 202.003142089 596.466895171 -30.622271486 0.028375303 -0.049607750 -0.868846909 0.491771249
1706081005.944292068 201.895294765 596.283148150 -30.608662739 0.028778500 -0.049417469 -0.869044651 0.491417447
1706081006.043507099 201.801107515 596.091461067 -30.599567603 0.028957750 -0.049740796 -0.869259315 0.490994445
1706081006.142637491 201.714171813 595.905937075 -30.589178413 0.029062152 -0.050164913 -0.869486707 0.490542291
1706081006.244191647 201.610844495 595.713487768 -30.579858271 0.028911704 -0.050493069 -0.869704500 0.490131253
1706081006.342698574 201.512756436 595.545055063 -30.572174119 0.029003050 -0.050402517 -0.869954377 0.489691526
1706081006.441181898 201.395503636 595.370654818 -30.561262739 0.028814445 -0.050744311 -0.870127269 0.489360070
1706081006.540242910 201.292439104 595.196181184 -30.552629571 0.028535661 -0.050971845 -0.870420615 0.488830788
1706081006.645160198 201.171500749 595.003483787 -30.544578213 0.028456909 -0.050789129 -0.870734156 0.488295708
1706081006.744132519 201.071509100 594.834269150 -30.533859195 0.029096914 -0.050844692 -0.870956004 0.487856358
1706081006.843010187 200.968226543 594.654197471 -30.524855662 0.028639348 -0.050537863 -0.871225603 0.487433749
1706081006.941399813 200.848665987 594.467316205 -30.514337044 0.028094824 -0.049895036 -0.871466299 0.487101280
1706081007.044988632 200.732573295 594.290674314 -30.507162332 0.027764146 -0.049316152 -0.871721320 0.486722723
1706081007.144880772 200.622510750 594.081620443 -30.500233592 0.028161693 -0.050399464 -0.871863585 0.486333941
1706081007.244925499 200.525803519 593.879012790 -30.487608942 0.028065555 -0.049865321 -0.872139322 0.485899967
1706081007.343918085 200.416653098 593.687927452 -30.477154139 0.027581344 -0.049395218 -0.872353673 0.485590827
1706081007.442833662 200.309550010 593.503816415 -30.466795858 0.027330368 -0.048993959 -0.872582343 0.485234683
1706081007.544249535 200.203847962 593.327979318 -30.460965820 0.027403623 -0.048913388 -0.872799222 0.484848471
1706081007.642513037 200.096090453 593.143511527 -30.453061194 0.027733737 -0.049380005 -0.872980754 0.484455423
1706081007.741494656 199.987835442 592.956531571 -30.446465060 0.027461255 -0.048858126 -0.873176057 0.484171805
1706081007.840160370 199.879365031 592.775936457 -30.441561498 0.027337485 -0.048761540 -0.873443661 0.483705640
1706081007.944787741 199.765896545 592.596523643 -30.429041301 0.027778481 -0.048338220 -0.873683950 0.483288865
1706081008.043763876 199.665015925 592.405489977 -30.416816116 0.027921499 -0.048751080 -0.873830465 0.482974161
1706081008.142646790 199.564014000 592.220333656 -30.413836809 0.027254326 -0.048363708 -0.874030601 0.482688991
1706081008.245038271 199.491371610 592.064278381 -30.399012960 0.027623739 -0.048070662 -0.874159644 0.482463529
1706081008.344772339 199.374051878 591.903638411 -30.384816161 0.027435433 -0.047406644 -0.874287105 0.482308994
1706081008.445174217 199.262030076 591.714358900 -30.374881995 0.026646742 -0.046634896 -0.874591383 0.481876593
1706081008.544846296 199.154455112 591.531810037 -30.365401590 0.027490410 -0.048577271 -0.874570976 0.481674304
1706081008.644437790 199.045925925 591.341273049 -30.360874009 0.027187813 -0.049194555 -0.874687097 0.481417907
1706081008.745095491 198.930398453 591.153743701 -30.349014137 0.027606290 -0.049055147 -0.874838999 0.481132217
1706081008.843621254 198.817054133 590.968079956 -30.336433465 0.027941323 -0.049389891 -0.875034051 0.480723757
1706081008.942366600 198.704283397 590.770682586 -30.328373121 0.028310768 -0.050222958 -0.875101157 0.480493622
1706081009.040914774 198.590141837 590.579743632 -30.320284671 0.028009435 -0.049451203 -0.875314768 0.480202152
1706081009.141250610 198.476924119 590.388437332 -30.308331956 0.028126955 -0.049546998 -0.875316008 0.480183147
1706081009.244977474 198.347808918 590.197006195 -30.296943323 0.027390075 -0.048910457 -0.875385796 0.480163784
1706081009.343695879 198.247447237 590.017073430 -30.283168459 0.027939362 -0.049393056 -0.875232471 0.480362197
1706081009.442329884 198.136815357 589.824314330 -30.270344238 0.027110198 -0.048651626 -0.875269919 0.480417137
1706081009.544926882 198.020954020 589.623697582 -30.259592320 0.026549475 -0.048467929 -0.875294853 0.480421591
1706081009.644813538 197.912173978 589.442561605 -30.250667091 0.026414233 -0.048189099 -0.875243110 0.480551347
1706081009.745471001 197.797941667 589.245355128 -30.244040606 0.026495476 -0.049004701 -0.875176414 0.480585865
1706081009.845006943 197.673859687 589.052125739 -30.234724305 0.026980061 -0.049559782 -0.875134885 0.480577608
1706081009.944972038 197.567170901 588.869119407 -30.229231281 0.026826372 -0.049043712 -0.875211704 0.480499255
1706081010.044811010 197.455553429 588.690407413 -30.215434066 0.027514184 -0.049567380 -0.875138003 0.480540862
1706081010.143450022 197.355105658 588.531739991 -30.206789265 0.027133313 -0.049196904 -0.875166606 0.480548499
1706081010.242064238 197.247561273 588.352246988 -30.197957870 0.027691110 -0.050031603 -0.875185719 0.480395669
1706081010.342252731 197.138400873 588.160950103 -30.192357608 0.027427814 -0.050452278 -0.875211371 0.480320038
1706081010.444819450 197.030394584 587.972558158 -30.189222196 0.027235500 -0.050869558 -0.875252550 0.480211921
1706081010.544303656 196.923469642 587.785321943 -30.183556159 0.027553708 -0.050577612 -0.875275070 0.480183559
1706081010.643129587 196.831512578 587.615552138 -30.174574581 0.027850709 -0.050289310 -0.875342502 0.480073773
1706081010.741842508 196.729941124 587.444544385 -30.171563641 0.026651815 -0.048985178 -0.875595425 0.479815365
1706081010.845235348 196.612777681 587.249000042 -30.159014756 0.026982506 -0.047879418 -0.875766757 0.479595760
1706081010.944941521 196.506382991 587.070352817 -30.145205383 0.027783098 -0.049666828 -0.875846647 0.479222241
1706081011.043388367 196.384938079 586.889445319 -30.132128280 0.027451086 -0.049728069 -0.875928032 0.479086255
1706081011.144808531 196.274256660 586.689852310 -30.116282037 0.027104697 -0.048775690 -0.876221069 0.478667846
1706081011.245429516 196.164346432 586.521525751 -30.106867587 0.026372956 -0.049457112 -0.876379694 0.478348296
1706081011.344955921 196.041648525 586.332143247 -30.096587004 0.025608435 -0.049393394 -0.876425616 0.478312283
1706081011.443363190 195.925934346 586.144750279 -30.076685987 0.025860638 -0.049194804 -0.876553816 0.478084205
1706081011.543395042 195.821722253 585.951034905 -30.059641181 0.025710482 -0.049279761 -0.876581131 0.478033469
1706081011.642497778 195.732175399 585.779241252 -30.051708565 0.025619431 -0.050194735 -0.876612814 0.477885037
1706081011.745432854 195.621769134 585.601555119 -30.044763561 0.025739191 -0.049283557 -0.876750834 0.477720212
1706081011.844415665 195.516635987 585.427600327 -30.040207627 0.026175462 -0.049614953 -0.876801576 0.477569050
1706081011.942912340 195.400206239 585.247786900 -30.034688234 0.026485806 -0.049735181 -0.876847473 0.477455153
1706081012.041774988 195.296841894 585.060601551 -30.022854274 0.027705238 -0.050320812 -0.876862927 0.477296179
1706081012.144776821 195.180260953 584.876716528 -30.014564419 0.027866117 -0.050527010 -0.876917463 0.477164818
1706081012.244444847 195.073854962 584.701791028 -30.008082326 0.027512157 -0.050087362 -0.877043274 0.477000454
1706081012.343032360 194.969175036 584.526869263 -30.001201258 0.027533592 -0.050398820 -0.877110078 0.476843550
1706081012.445081472 194.853622772 584.347817195 -29.989025955 0.027816310 -0.050669953 -0.877199331 0.476634180
1706081012.544463873 194.734454608 584.141739469 -29.978047955 0.027656383 -0.051303954 -0.877261811 0.476460642
1706081012.644384623 194.613562707 583.960992767 -29.967051130 0.027623347 -0.051000076 -0.877404353 0.476232658
1706081012.744528294 194.489657810 583.780489288 -29.956874069 0.028259133 -0.052330799 -0.877478215 0.475914794
1706081012.843577147 194.376726160 583.596133754 -29.947551332 0.027758424 -0.052901394 -0.877729572 0.475417407
1706081012.942449331 194.265198016 583.410632889 -29.934907901 0.027716323 -0.052550925 -0.878014648 0.474932084
1706081013.045289755 194.156847409 583.234682672 -29.923921858 0.027427298 -0.054270803 -0.878198622 0.474415011
1706081013.144206762 194.045580177 583.069171094 -29.907196793 0.027702153 -0.053665608 -0.878453481 0.473995860
1706081013.242911339 193.934691927 582.895149501 -29.901906898 0.027923959 -0.056550920 -0.878493364 0.473573284
1706081013.341647148 193.832645189 582.711034520 -29.891546158 0.027466300 -0.056043146 -0.878851757 0.472995092
1706081013.445442200 193.708020811 582.532455271 -29.889125222 0.027817366 -0.057654722 -0.878950333 0.472597544
1706081013.543990374 193.584351596 582.348063398 -29.879181632 0.027705240 -0.056093278 -0.879251669 0.472231369
1706081013.642292261 193.467362908 582.171488371 -29.870902846 0.027931349 -0.056640358 -0.879436872 0.471807691
1706081013.744968176 193.352339668 581.988757960 -29.861952933 0.027480962 -0.056079408 -0.879650108 0.471503535
1706081013.844587326 193.231469282 581.797657505 -29.856384394 0.027330900 -0.055949157 -0.879773909 0.471296704
1706081013.945384264 193.118783336 581.595182929 -29.848902904 0.027598543 -0.056833683 -0.879893059 0.470952713
1706081014.044655800 193.002528971 581.419750590 -29.840833160 0.027118397 -0.055301666 -0.880036479 0.470895014
1706081014.143620253 192.888365265 581.236413736 -29.828082996 0.026732013 -0.053879240 -0.880224204 0.470731110
1706081014.242708206 192.777490741 581.052636337 -29.814881658 0.027153138 -0.054935364 -0.880147254 0.470728822
1706081014.344774008 192.669071502 580.862351157 -29.805857155 0.026061176 -0.053774917 -0.880372573 0.470503141
1706081014.443899632 192.562439070 580.674209967 -29.795249375 0.026084270 -0.053473213 -0.880443097 0.470404272
1706081014.542611599 192.461767231 580.502362981 -29.786513181 0.025811960 -0.052777016 -0.880655515 0.470100195
1706081014.645127058 192.341704331 580.322262218 -29.781630768 0.025655274 -0.052586712 -0.880880130 0.469709103
1706081014.744374037 192.223814126 580.145845751 -29.773378215 0.025048313 -0.051280644 -0.881127061 0.469423029
1706081014.843565702 192.103781360 579.965494652 -29.762324571 0.025946463 -0.052375177 -0.881217352 0.469083787
1706081014.942104101 191.993347544 579.788445839 -29.751682900 0.025844753 -0.051389103 -0.881430261 0.468798362
1706081015.045292854 191.873591408 579.609551306 -29.743576911 0.025599476 -0.051545503 -0.881483977 0.468693637
1706081015.144506693 191.755332791 579.433228611 -29.737567751 0.025999122 -0.052573726 -0.881574550 0.468386979
1706081015.244359493 191.627509142 579.240060021 -29.729844886 0.026927786 -0.053567129 -0.881555131 0.468258484
1706081015.344744682 191.512732323 579.047745854 -29.717659689 0.026856763 -0.052948098 -0.881739151 0.467986413
1706081015.443752766 191.415460457 578.881268495 -29.706200885 0.027029922 -0.053454223 -0.881754203 0.467890536
1706081015.543011665 191.314927080 578.720754852 -29.698941183 0.026805398 -0.053703948 -0.881684996 0.468005262
1706081015.644866467 191.190389892 578.532695931 -29.691705739 0.026845027 -0.052951289 -0.881715561 0.468031169
1706081015.743715763 191.067990604 578.344084137 -29.682725405 0.026616725 -0.053433353 -0.881556795 0.468288420
1706081015.842522621 190.952920494 578.164759911 -29.673775643 0.027376767 -0.054277578 -0.881421028 0.468403062
1706081015.945404530 190.839636442 577.984284084 -29.660561138 0.027258573 -0.053791063 -0.881303542 0.468687058
1706081016.044536114 190.729499196 577.817095188 -29.657415030 0.026750557 -0.054027430 -0.881145306 0.468986561
1706081016.143133163 190.620311154 577.635045301 -29.649051943 0.027530009 -0.054706830 -0.880991212 0.469152156
1706081016.241840839 190.512174782 577.456726422 -29.637277586 0.027061126 -0.053592419 -0.880922850 0.469436344
1706081016.345146179 190.400731974 577.268102970 -29.626371747 0.027039563 -0.053809627 -0.880754977 0.469727642
1706081016.444744110 190.289232209 577.093755646 -29.616059529 0.026891214 -0.052838051 -0.880697993 0.469953240
1706081016.544490814 190.181013610 576.914764698 -29.602835473 0.028007838 -0.054146492 -0.880343128 0.470403758
1706081016.644915342 190.068607875 576.729179036 -29.590776421 0.027052225 -0.051959387 -0.880369291 0.470657319
1706081016.744160891 189.956455905 576.539428633 -29.581428336 0.027521719 -0.053325906 -0.880056752 0.471061584
1706081016.844998837 189.836786958 576.357518479 -29.574893271 0.026528194 -0.052975044 -0.880015227 0.471235715
1706081016.944658756 189.735361634 576.183020320 -29.570318019 0.026171091 -0.052526299 -0.879827318 0.471656605
1706081017.043543100 189.629285728 576.021237863 -29.565841307 0.026264069 -0.052461218 -0.879601817 0.472079085
1706081017.142429590 189.520321283 575.843498511 -29.554015987 0.026081400 -0.051478427 -0.879546421 0.472300568
1706081017.245150328 189.400880101 575.666015775 -29.540903084 0.025838984 -0.050663325 -0.879403856 0.472667359
1706081017.344238043 189.280834350 575.471423607 -29.527863814 0.025455160 -0.049819790 -0.879355759 0.472867289
1706081017.442224026 189.179996935 575.284031996 -29.523231303 0.025095046 -0.050446714 -0.879166655 0.473171597
1706081017.541497707 189.074139967 575.108063879 -29.509523342 0.025585395 -0.049005068 -0.879073873 0.473469130
1706081017.645319462 188.952323429 574.915992316 -29.499715647 0.025699766 -0.049743376 -0.878789149 0.473914285
1706081017.745072365 188.841865125 574.728296385 -29.492013643 0.024894608 -0.049683407 -0.878671911 0.474180863
1706081017.844019413 188.718124219 574.532139923 -29.489701483 0.024209642 -0.049707943 -0.878534373 0.474468513
1706081017.944997072 188.602230996 574.337326647 -29.481074264 0.024584193 -0.049697011 -0.878357606 0.474777570
1706081018.044304132 188.485604602 574.143983115 -29.472572230 0.025082666 -0.050485651 -0.878170281 0.475014754
1706081018.145484209 188.381433440 573.973766748 -29.462029657 0.025418373 -0.050279514 -0.878020801 0.475295014
1706081018.244545698 188.272699242 573.798993363 -29.448688985 0.025649259 -0.050456317 -0.877821597 0.475631705
1706081018.343392611 188.172966343 573.621921678 -29.443909243 0.025649725 -0.051777349 -0.877726100 0.475665945
1706081018.442145586 188.069606688 573.445909875 -29.431893890 0.025896901 -0.051127657 -0.877700498 0.475770059
1706081018.544852257 187.950313871 573.248191700 -29.416046877 0.026217637 -0.051212830 -0.877748370 0.475655002
1706081018.643499136 187.840935694 573.076635343 -29.406297543 0.025284113 -0.050210788 -0.877839106 0.475644926
1706081018.742329359 187.721154411 572.902047701 -29.395938202 0.025936437 -0.050988770 -0.877716563 0.475753172
1706081018.841177940 187.611142937 572.715337490 -29.386259735 0.025949687 -0.051502249 -0.877769455 0.475599534
1706081018.945053339 187.499998727 572.529016878 -29.378741035 0.025965523 -0.050952346 -0.877870898 0.475470647
1706081019.045108318 187.382901132 572.330647007 -29.369656440 0.026072524 -0.050791116 -0.877983442 0.475274195
1706081019.144199848 187.275255572 572.143186585 -29.362643243 0.025862219 -0.050627925 -0.878103169 0.475081870
1706081019.244938612 187.165772625 571.932247347 -29.352038655 0.025885324 -0.050445208 -0.878271276 0.474789213
1706081019.344157934 187.059207381 571.753530030 -29.343529278 0.025788371 -0.050359718 -0.878314330 0.474723916
1706081019.445169687 186.939009210 571.559086876 -29.334396432 0.025611976 -0.050719104 -0.878362060 0.474606880
1706081019.544337749 186.830755898 571.386517745 -29.328865114 0.024653091 -0.049429663 -0.878566573 0.474415124
1706081019.643172979 186.711983840 571.206033288 -29.318416994 0.025235667 -0.049821770 -0.878546791 0.474380109
1706081019.742163658 186.598165787 571.032816136 -29.310375265 0.024495167 -0.048758104 -0.878701077 0.474243662
1706081019.844244957 186.485202151 570.862616365 -29.297338186 0.025080093 -0.048881343 -0.878642580 0.474308780
1706081019.943372488 186.362119672 570.671929196 -29.286790306 0.024820296 -0.049003719 -0.878662663 0.474272614
1706081020.042219877 186.255130468 570.478139963 -29.273259518 0.024723546 -0.049081156 -0.878695621 0.474208596
1706081020.140665054 186.157273574 570.304728637 -29.264523550 0.024762688 -0.049115998 -0.878662590 0.474264146
1706081020.245219946 186.046628804 570.124322800 -29.255094362 0.024252692 -0.048335931 -0.878763904 0.474182924
1706081020.344704390 185.943250887 569.945092614 -29.247435100 0.025017369 -0.049291561 -0.878662399 0.474232919
1706081020.443768024 185.831186117 569.759372973 -29.237952346 0.025287963 -0.049502606 -0.878689480 0.474146400
1706081020.541735888 185.725742739 569.577766458 -29.231839458 0.024301892 -0.048593474 -0.878876537 0.473945277
1706081020.640090704 185.615363377 569.400315856 -29.224607325 0.024671260 -0.049071673 -0.878791903 0.474033850
1706081020.744923830 185.483650709 569.185702621 -29.216135690 0.024496251 -0.049046468 -0.878752818 0.474117984
1706081020.844260454 185.368243947 568.988426634 -29.209652317 0.023833992 -0.048035061 -0.878882153 0.474015542
1706081020.942757130 185.249661329 568.812215209 -29.205787595 0.024258346 -0.048664120 -0.878733939 0.474204598
1706081021.045136452 185.137458105 568.630555574 -29.190865266 0.025642957 -0.049416862 -0.878571166 0.474355477
1706081021.144380331 185.015847807 568.444378860 -29.177031381 0.025016263 -0.049232191 -0.878557118 0.474434157
1706081021.242745876 184.894405728 568.247190197 -29.164927799 0.025511498 -0.049606789 -0.878483655 0.474504792
1706081021.341353416 184.786973104 568.074482438 -29.151179987 0.025754219 -0.049725157 -0.878343380 0.474738914
1706081021.445416927 184.671918003 567.873004556 -29.141645847 0.025995172 -0.051129356 -0.878248360 0.474752418
1706081021.544461966 184.570895165 567.696159643 -29.129228912 0.026048469 -0.050483643 -0.878258283 0.474800239
1706081021.644626379 184.459698644 567.517540087 -29.119459230 0.026366324 -0.051568710 -0.878096785 0.474964758
1706081021.742248297 184.358509130 567.360078360 -29.112706938 0.025767682 -0.050823762 -0.878049277 0.475165696
1706081021.844262123 184.246281107 567.167870720 -29.108202158 0.026095971 -0.052198087 -0.877891409 0.475290473
1706081021.945219040 184.134942293 566.987954615 -29.105333960 0.025458801 -0.051656738 -0.877829797 0.475497926
1706081022.045033693 184.009835985 566.786487279 -29.099314733 0.024946589 -0.050788809 -0.877807210 0.475660244
1706081022.143754005 183.896067738 566.595240929 -29.092639314 0.024736651 -0.050114090 -0.877740455 0.475865916
1706081022.242658138 183.779713255 566.403454742 -29.082322939 0.024652062 -0.049759655 -0.877606394 0.476154669
1706081022.344786406 183.664784852 566.223328242 -29.070709747 0.024694911 -0.049614657 -0.877380310 0.476584031
1706081022.443671942 183.555593832 566.038027803 -29.053492708 0.025005368 -0.049728336 -0.877187210 0.476911336
1706081022.542970181 183.447679321 565.865137514 -29.047593122 0.023932755 -0.048473165 -0.877115571 0.477227252
1706081022.640866518 183.348251993 565.686436697 -29.034685464 0.024590360 -0.048859352 -0.876754906 0.477816819
1706081022.740100145 183.232739813 565.486206845 -29.018656358 0.025320557 -0.049859946 -0.876389665 0.478345074
1706081022.844752789 183.114036316 565.287713827 -29.002960907 0.025464930 -0.050024803 -0.875999871 0.479033697
1706081022.943686247 183.002879605 565.110981745 -28.998476115 0.024837992 -0.050165867 -0.875660927 0.479671138
1706081023.042551756 182.901203879 564.952529872 -28.997142707 0.025279637 -0.050901896 -0.875276117 0.480272481
1706081023.145126104 182.790112599 564.756721773 -28.987132644 0.026129261 -0.052152004 -0.874700706 0.481140421
1706081023.243881226 182.690052114 564.572616530 -28.978000678 0.026844635 -0.054071503 -0.874251636 0.481705008
1706081023.342757702 182.570124957 564.376443888 -28.972920397 0.027218965 -0.054634537 -0.873840016 0.482366896
1706081023.442858696 182.450912044 564.178689958 -28.961160504 0.027861197 -0.054529903 -0.873570881 0.482829328
1706081023.542207003 182.345435739 563.990259825 -28.951760101 0.028324440 -0.054527156 -0.873291593 0.483307676
1706081023.644570827 182.236292344 563.809510104 -28.942721888 0.028642838 -0.054389927 -0.873064042 0.483715310
1706081023.743427515 182.121150790 563.620471743 -28.935350633 0.029096478 -0.054975130 -0.872746557 0.484194772
1706081023.842484474 182.011669016 563.425863567 -28.925481421 0.028468497 -0.054203206 -0.872701722 0.484399899
1706081023.941380739 181.895658376 563.229345948 -28.918056423 0.028148961 -0.053604619 -0.872465958 0.484909614
1706081024.044950724 181.787613060 563.023355403 -28.908906692 0.028319929 -0.054501353 -0.872324445 0.485054273
1706081024.144284248 181.690658966 562.839659088 -28.899920394 0.028131994 -0.054545807 -0.872135575 0.485399717
1706081024.243546247 181.583643159 562.676352194 -28.889218725 0.027482357 -0.054525347 -0.871857802 0.485937938
1706081024.342087746 181.477495039 562.489733087 -28.876210219 0.027131715 -0.054048174 -0.871748186 0.486207534
1706081024.444497347 181.363280063 562.288514069 -28.861544066 0.026865707 -0.053414970 -0.871482321 0.486768569
1706081024.543664217 181.263049866 562.097589967 -28.850280302 0.027080171 -0.054175084 -0.871266168 0.487059533
1706081024.644030333 181.148194297 561.910320654 -28.841578737 0.027063523 -0.053756732 -0.871060039 0.487475320
1706081024.743323565 181.058109239 561.728948685 -28.830137610 0.028063600 -0.054310484 -0.870873031 0.487691470
1706081024.842483521 180.957029060 561.538074357 -28.819512658 0.028759886 -0.054652861 -0.870770579 0.487795585
1706081024.944865942 180.860838533 561.354839736 -28.811483653 0.028830478 -0.052903100 -0.870890733 0.487769819
1706081025.043138027 180.757206794 561.185196125 -28.802877535 0.029200836 -0.052081386 -0.870780888 0.488032258
1706081025.142442703 180.647855765 560.990247497 -28.794730169 0.028326854 -0.051207693 -0.870909365 0.487946964
1706081025.240361929 180.541095782 560.805709147 -28.789459160 0.028373296 -0.051244262 -0.870919150 0.487922961
1706081025.344661951 180.425591176 560.616205690 -28.781292323 0.027741540 -0.050481279 -0.870909498 0.488056035
1706081025.444075346 180.317094520 560.421544516 -28.771428026 0.026513189 -0.049014541 -0.871064903 0.487996476
1706081025.542928696 180.208752160 560.232686974 -28.757371168 0.027028756 -0.048446353 -0.871034789 0.488078676
1706081025.641556740 180.108073563 560.036169515 -28.743873692 0.025911452 -0.047803830 -0.871153913 0.487990010
1706081025.745009661 179.981640436 559.835843082 -28.730162156 0.026063631 -0.048531030 -0.871114083 0.487981229
1706081025.844849825 179.877693677 559.653541085 -28.717274630 0.026120795 -0.048030236 -0.871218230 0.487841775
1706081025.944480658 179.768875248 559.471436332 -28.706717707 0.025976348 -0.047400129 -0.871339283 0.487694895
1706081026.043625116 179.661178544 559.275802017 -28.701285730 0.026083196 -0.048374904 -0.871417381 0.487453879
1706081026.145166159 179.550738591 559.076455593 -28.696525591 0.026320885 -0.048659347 -0.871443210 0.487366609
1706081026.244194508 179.447802412 558.904303055 -28.683667036 0.027090328 -0.049650835 -0.871365112 0.487364084
1706081026.343477726 179.343059220 558.707754050 -28.674096288 0.026834952 -0.049236776 -0.871494920 0.487188084
1706081026.441501617 179.227470401 558.520697648 -28.664119716 0.027205788 -0.049416355 -0.871519601 0.487105177
1706081026.540682793 179.120037099 558.334838326 -28.656592962 0.027301008 -0.049212079 -0.871640700 0.486903807
1706081026.644498348 179.001060928 558.141334772 -28.643992711 0.027861015 -0.049079741 -0.871743135 0.486702013
1706081026.743821383 178.889927903 557.957966766 -28.632900854 0.028181254 -0.049490081 -0.871798985 0.486541960
1706081026.842644453 178.785710269 557.777136698 -28.629112404 0.028130763 -0.050050451 -0.871923196 0.486264900
1706081026.941362143 178.669008952 557.577596975 -28.620966035 0.028767259 -0.050839917 -0.871955923 0.486087045
1706081027.044673204 178.564559833 557.390144449 -28.607637358 0.029516770 -0.051569915 -0.872007776 0.485872147
1706081027.144837141 178.456159762 557.207531083 -28.598339981 0.029346850 -0.052350458 -0.872047542 0.485727573
1706081027.244698286 178.347043418 557.041726737 -28.590764571 0.029275111 -0.052387765 -0.872101713 0.485630613
1706081027.343775988 178.229181581 556.839953897 -28.583841339 0.029481902 -0.053142833 -0.872100708 0.485537858
1706081027.442859173 178.115820351 556.644929986 -28.575251511 0.029036549 -0.052479336 -0.872136445 0.485572672
1706081027.544545650 178.006902349 556.462655885 -28.569871522 0.029263439 -0.052892908 -0.872129276 0.485527052
1706081027.642693520 177.907196705 556.275093131 -28.558327554 0.029678108 -0.053216915 -0.872142949 0.485441908
1706081027.741740704 177.801688294 556.104869193 -28.542569830 0.030323277 -0.053215319 -0.872094697 0.485488896
1706081027.839102507 177.700181644 555.911050115 -28.534538296 0.029924669 -0.053520024 -0.872202438 0.485286543
1706081027.944599390 177.578740466 555.708131814 -28.521520060 0.029995625 -0.053885483 -0.872135266 0.485362437
1706081028.043438911 177.470069043 555.509745487 -28.509235820 0.030333695 -0.054300798 -0.872153997 0.485261472
1706081028.142357111 177.356743090 555.323121016 -28.503807287 0.030031629 -0.054258425 -0.872122631 0.485341366
1706081028.245082617 177.233665470 555.120100519 -28.495463338 0.030015135 -0.054072497 -0.872153630 0.485307430
1706081028.345306158 177.121922576 554.937762693 -28.485517651 0.030609607 -0.053996068 -0.872105690 0.485364959
1706081028.445140123 177.004150833 554.751253176 -28.480353938 0.030041598 -0.053813766 -0.872166920 0.485310669
1706081028.544867754 176.898795124 554.554155776 -28.473937720 0.029749495 -0.054479831 -0.872185334 0.485221248
1706081028.643946648 176.797882789 554.369979126 -28.465653807 0.029969489 -0.054145688 -0.872107023 0.485385842
1706081028.745044231 176.700621525 554.178573323 -28.461638921 0.029735271 -0.054260280 -0.872058022 0.485475480
1706081028.843668461 176.587588310 553.993969813 -28.448746761 0.029810003 -0.053942502 -0.871961131 0.485680302
1706081028.942305565 176.481806222 553.808434946 -28.438124218 0.030032943 -0.054013286 -0.871807866 0.485933773
1706081029.040917873 176.374300480 553.622446151 -28.426063398 0.029333972 -0.052694450 -0.871829803 0.486081895
1706081029.141092539 176.258195308 553.426645735 -28.415641450 0.028966359 -0.053144200 -0.871608922 0.486450955
1706081029.244667292 176.151619195 553.242195053 -28.404376415 0.029321622 -0.053235487 -0.871443621 0.486715770
1706081029.343378782 176.042954214 553.053820028 -28.388839314 0.029309831 -0.053002569 -0.871240618 0.487105170
1706081029.442016602 175.928667631 552.855099608 -28.373413128 0.029482728 -0.052794213 -0.871046848 0.487463772
1706081029.544911385 175.815834680 552.658170857 -28.360385851 0.029259741 -0.052215511 -0.870945351 0.487720825
1706081029.644894600 175.719345790 552.479197455 -28.353648449 0.029425375 -0.052810220 -0.870761467 0.487975098
1706081029.745114803 175.602948611 552.290821244 -28.348031916 0.028608857 -0.052214193 -0.870689005 0.488217029
1706081029.844970226 175.509669768 552.109675537 -28.337519221 0.029369971 -0.051921482 -0.870618868 0.488328118
1706081029.944157600 175.402101297 551.898288289 -28.331332610 0.029390070 -0.053042732 -0.870475906 0.488461247
1706081030.045108557 175.286622186 551.690271986 -28.321338657 0.029275882 -0.052562597 -0.870442431 0.488579646
1706081030.142838478 175.178082091 551.513840633 -28.312901269 0.029496565 -0.053070187 -0.870288522 0.488785634
1706081030.241283178 175.063477699 551.320560533 -28.306008593 0.028647636 -0.052171326 -0.870289942 0.488930346
1706081030.342385769 174.952014756 551.136018566 -28.297164261 0.028961335 -0.052173316 -0.870170013 0.489125071
1706081030.444678783 174.847916994 550.944608080 -28.293528442 0.028752914 -0.051906220 -0.870159537 0.489184417
1706081030.544370174 174.741877988 550.757388880 -28.277111171 0.028666716 -0.051466189 -0.870217939 0.489132077
1706081030.642767668 174.648794145 550.583064159 -28.263189594 0.028271878 -0.051307265 -0.870159759 0.489275239
1706081030.741810560 174.552820131 550.401683646 -28.249766013 0.028734944 -0.051003520 -0.870175847 0.489251407
1706081030.844952345 174.435574771 550.208278622 -28.241367297 0.028880410 -0.052007492 -0.870086971 0.489295213
1706081030.944742203 174.326495534 550.006983057 -28.229590089 0.028226206 -0.051640319 -0.870089752 0.489367328
1706081031.045417547 174.219977765 549.811614086 -28.218343375 0.028415368 -0.051969470 -0.870084447 0.489330967
1706081031.145259619 174.116124493 549.624113975 -28.210685807 0.027902754 -0.051717066 -0.870141232 0.489286232
1706081031.245089531 173.999520391 549.421424970 -28.200018384 0.028087139 -0.051980577 -0.870107656 0.489307470
1706081031.343441010 173.892321155 549.212079004 -28.191106142 0.028268767 -0.052522486 -0.870017646 0.489399183
1706081031.442968845 173.762429642 549.017627871 -28.187309334 0.027464439 -0.051756037 -0.870076196 0.489422547
1706081031.543550491 173.651920580 548.834242339 -28.176328920 0.027724200 -0.051414382 -0.870085540 0.489427301
1706081031.642566919 173.552664678 548.643548079 -28.163846384 0.027556894 -0.052129335 -0.870040430 0.489441314
1706081031.745080233 173.452141649 548.476582924 -28.150019335 0.027860833 -0.051660619 -0.870068247 0.489424355
1706081031.844137669 173.345017217 548.286265282 -28.140563778 0.027444249 -0.049876176 -0.870203308 0.489392871
1706081031.942806005 173.242954062 548.097345068 -28.127494046 0.027750352 -0.051160010 -0.870149453 0.489338841
1706081032.041590929 173.145311551 547.908950963 -28.116736767 0.027964968 -0.050890895 -0.870172234 0.489314173
1706081032.145273447 173.038901212 547.707547619 -28.102740502 0.027268366 -0.049444854 -0.870249320 0.489364654
1706081032.244281054 172.927542755 547.515778607 -28.093637234 0.027247936 -0.049182780 -0.870213053 0.489456686
1706081032.342788458 172.823512027 547.316435702 -28.082790030 0.027504056 -0.049081495 -0.870174422 0.489521204
1706081032.444804668 172.719322939 547.129081894 -28.074681860 0.027212162 -0.048656008 -0.870163204 0.489599927
1706081032.545200109 172.616625411 546.941453276 -28.066079488 0.027104462 -0.048646376 -0.870143119 0.489642554
1706081032.643439531 172.501841441 546.752570631 -28.059323162 0.027145227 -0.049026653 -0.870054495 0.489759839
1706081032.744694948 172.389154137 546.546524304 -28.041741788 0.027977409 -0.049108160 -0.869965899 0.489862213
1706081032.843676329 172.285962561 546.350664686 -28.036862526 0.027843305 -0.049592026 -0.869909888 0.489920573
1706081032.942644119 172.174145658 546.154086454 -28.032513722 0.027748634 -0.050310958 -0.869758726 0.490120984
1706081033.045246363 172.053694379 545.951926249 -28.023685355 0.027481178 -0.049902036 -0.869708950 0.490266166
1706081033.143837214 171.950517294 545.764268379 -28.010572285 0.027581896 -0.048870174 -0.869833522 0.490143437
1706081033.242731571 171.843156641 545.588168993 -27.996468993 0.028671247 -0.050202959 -0.869550897 0.490447612
1706081033.341409206 171.729008644 545.401824189 -27.981925168 0.028407714 -0.049793737 -0.869453918 0.490676544
1706081033.444466591 171.615013228 545.209023415 -27.971834933 0.028204161 -0.050364273 -0.869355668 0.490804123
1706081033.543865204 171.512336947 545.013289781 -27.962406269 0.028509241 -0.050451118 -0.869345684 0.490795262
1706081033.637687206 171.420340553 544.835241994 -27.956295192 0.028362036 -0.050490967 -0.869339133 0.490811296
1706081033.745146751 171.300769161 544.640449483 -27.945042042 0.028814289 -0.050824254 -0.869182330 0.491028216
1706081033.844515800 171.182890496 544.447684205 -27.932984122 0.029286486 -0.051346244 -0.869065695 0.491152403
1706081033.944253683 171.088208156 544.263369067 -27.918543940 0.029420405 -0.051935125 -0.868952916 0.491282008
1706081034.044779301 170.982390393 544.060399741 -27.913010839 0.028737250 -0.051560695 -0.869035394 0.491215991
1706081034.143757820 170.877088200 543.865183859 -27.905544875 0.028666460 -0.051519574 -0.868963796 0.491351084
1706081034.242991209 170.768663734 543.673358867 -27.894086935 0.028573579 -0.050777498 -0.868880504 0.491580987
1706081034.344736576 170.672676580 543.479726361 -27.888122544 0.028804148 -0.051583039 -0.868724125 0.491760008
1706081034.443547010 170.576179567 543.302933898 -27.877569976 0.028579552 -0.051312718 -0.868599503 0.492021461
1706081034.542535067 170.460848496 543.099232727 -27.868381690 0.029204057 -0.051939422 -0.868351892 0.492355980
1706081034.644988298 170.348514552 542.901985125 -27.859031877 0.029205646 -0.051321188 -0.868233308 0.492629768
1706081034.744768143 170.238287768 542.723694334 -27.853823362 0.028280522 -0.050896394 -0.868213510 0.492762692
1706081034.843271971 170.140756687 542.542388787 -27.848664540 0.028542019 -0.051102947 -0.868102221 0.492922282
1706081034.942000866 170.034545146 542.347994110 -27.838116608 0.028847983 -0.051144718 -0.867997577 0.493084393
1706081035.045445919 169.931643731 542.158340375 -27.828299048 0.029172613 -0.052361024 -0.867845374 0.493205523
1706081035.145166874 169.818800642 541.958809707 -27.817738931 0.029414678 -0.051960152 -0.867759148 0.493385225
1706081035.245114803 169.717055154 541.758567665 -27.802506225 0.029095949 -0.051740780 -0.867762658 0.493421003
1706081035.344871998 169.610313874 541.573987312 -27.789678077 0.028800377 -0.052171284 -0.867621833 0.493640609
1706081035.444094658 169.499049194 541.384316956 -27.781678344 0.029005559 -0.052638170 -0.867551305 0.493702981
1706081035.545348167 169.389688821 541.187186662 -27.769282300 0.028636747 -0.051735823 -0.867496768 0.493915680
1706081035.644264698 169.288458358 541.000807992 -27.759089788 0.028329538 -0.051747977 -0.867495003 0.493935222
1706081035.743536711 169.181562791 540.815852216 -27.756000888 0.028030161 -0.051758886 -0.867369422 0.494171644
1706081035.842385292 169.082370079 540.628308462 -27.738792465 0.028841329 -0.051673528 -0.867426216 0.494034193
1706081035.941200733 168.970019686 540.421688560 -27.729106177 0.028017850 -0.050915995 -0.867505625 0.494020801
1706081036.043783426 168.860778828 540.224598945 -27.718094511 0.028418986 -0.050816166 -0.867476168 0.494059891
1706081036.143046618 168.752412361 540.032037405 -27.709224508 0.028633045 -0.051287318 -0.867450831 0.494043334
1706081036.241210222 168.647139656 539.861523881 -27.701522407 0.028139529 -0.049818881 -0.867573133 0.494007192
1706081036.345312595 168.551483787 539.664852993 -27.692359144 0.028676552 -0.050480419 -0.867483551 0.494066464
1706081036.444627762 168.442134945 539.468615495 -27.684280518 0.028069494 -0.050003345 -0.867525930 0.494075430
1706081036.543699503 168.337279863 539.270416486 -27.676187112 0.027984428 -0.049986252 -0.867469295 0.494181412
1706081036.644839287 168.231885777 539.062696290 -27.666384297 0.028309715 -0.050708815 -0.867344470 0.494308352
1706081036.744276762 168.135909544 538.875218842 -27.654912558 0.028092735 -0.050318070 -0.867351055 0.494349105
1706081036.845319986 168.028323013 538.672826216 -27.641825974 0.028204399 -0.050196177 -0.867223265 0.494579280
1706081036.944655418 167.930742503 538.475132159 -27.635092360 0.028291273 -0.050869607 -0.867172886 0.494593846
1706081037.043069839 167.820663774 538.292360858 -27.623528517 0.028435709 -0.050760175 -0.867055501 0.494802560
1706081037.141867638 167.715267316 538.100678720 -27.611847967 0.028814753 -0.050572089 -0.867077484 0.494761367
1706081037.245436907 167.609456860 537.913864457 -27.602479241 0.028440177 -0.050417990 -0.867070363 0.494811244
1706081037.343954563 167.499852889 537.719711485 -27.597358695 0.028224190 -0.050101772 -0.867027130 0.494931474
1706081037.442216635 167.394682606 537.534912435 -27.589761405 0.028010273 -0.049577860 -0.867056198 0.494945462
1706081037.541288376 167.292060208 537.347283305 -27.578566018 0.028290593 -0.049872075 -0.867070094 0.494875611
1706081037.644845486 167.183468077 537.142099248 -27.568208822 0.027537639 -0.049221463 -0.867157360 0.494830313
1706081037.745443344 167.079239265 536.953357512 -27.555798694 0.027456439 -0.048338634 -0.867204475 0.494839286
1706081037.843525410 166.979519257 536.764006339 -27.542688988 0.028380490 -0.050031863 -0.867108125 0.494787691
1706081037.945187330 166.877268256 536.569354902 -27.530232535 0.027616076 -0.049849488 -0.867184509 0.494715481
1706081038.044406176 166.751580949 536.375958785 -27.520196094 0.027166444 -0.050225167 -0.867157433 0.494749839
1706081038.144137859 166.645698667 536.185152883 -27.511348634 0.027925833 -0.050419669 -0.867166185 0.494672429
1706081038.244440794 166.541724063 535.994812380 -27.501399256 0.027988824 -0.050767364 -0.867177335 0.494613759
1706081038.343215227 166.429274849 535.792515631 -27.489291616 0.027775899 -0.050563695 -0.867161699 0.494674034
1706081038.442061663 166.320831213 535.598468617 -27.476444376 0.027568166 -0.050365957 -0.867194013 0.494649180
1706081038.545136929 166.211475822 535.407128294 -27.465777760 0.027704292 -0.050409939 -0.867168715 0.494681442
1706081038.643791676 166.112292477 535.227276557 -27.456555108 0.027520375 -0.049730500 -0.867092139 0.494894664
1706081038.742320299 166.011869372 535.037379024 -27.450124170 0.027459992 -0.049670237 -0.867044781 0.494987035
1706081038.840338707 165.901627624 534.831590869 -27.438539833 0.027713821 -0.049405720 -0.866962700 0.495143106
1706081038.944859982 165.800236473 534.634363895 -27.425103244 0.027099030 -0.048497235 -0.866971510 0.495251514
1706081039.044961929 165.696894565 534.445246750 -27.413111630 0.027071625 -0.048375977 -0.866888829 0.495409577
1706081039.143411636 165.604966771 534.250668984 -27.403855591 0.026980842 -0.048355871 -0.866886695 0.495420227
1706081039.245447874 165.501139300 534.044980785 -27.396926320 0.026638800 -0.048175241 -0.866866517 0.495491637
1706081039.344276190 165.403777290 533.857401954 -27.388060483 0.026682718 -0.047878745 -0.866758198 0.495707459
1706081039.444954395 165.292260774 533.666549369 -27.379458521 0.026863731 -0.048122802 -0.866648184 0.495866375
1706081039.544547558 165.188293536 533.469582175 -27.367000404 0.027505217 -0.049253202 -0.866539247 0.495910595
1706081039.641606092 165.080102444 533.279047893 -27.361310050 0.027125387 -0.048796312 -0.866547163 0.495962849
1706081039.745058537 164.976501283 533.085182242 -27.343423219 0.028155733 -0.048889674 -0.866448881 0.496067931
1706081039.844886065 164.864465266 532.912107882 -27.329489495 0.027507792 -0.048305319 -0.866374199 0.496291915
1706081039.943354607 164.748135486 532.727673824 -27.322430348 0.027502341 -0.048960082 -0.866268785 0.496412050
1706081040.041955233 164.638953118 532.539873950 -27.311870641 0.028044483 -0.049350627 -0.866146973 0.496555579
1706081040.140215397 164.542980504 532.357793402 -27.308178325 0.027295021 -0.048360858 -0.866236838 0.496537964
1706081040.245014906 164.436444144 532.152990413 -27.301478939 0.027269512 -0.048660629 -0.866228797 0.496524106
1706081040.344752073 164.329384776 531.957697278 -27.291058440 0.027564769 -0.049378976 -0.866111125 0.496642145
1706081040.441978216 164.227568932 531.766751719 -27.280905525 0.027347853 -0.049228170 -0.866105586 0.496678766
1706081040.545389175 164.139336952 531.549637565 -27.273357567 0.026927125 -0.048877532 -0.866287502 0.496419058
1706081040.643618822 164.034976696 531.346988945 -27.261064066 0.027000027 -0.049698466 -0.866184834 0.496512733
1706081040.742293119 163.931614151 531.162934132 -27.250899185 0.026884019 -0.049239576 -0.866265490 0.496424027
1706081040.842895508 163.820927489 530.964278956 -27.239297624 0.027346677 -0.049587290 -0.866279429 0.496339815
1706081040.942341805 163.694932582 530.767728187 -27.240455817 0.026631879 -0.049497841 -0.866356257 0.496253506
1706081041.040851593 163.588213174 530.585110020 -27.229064427 0.026716106 -0.048863838 -0.866466996 0.496118453
1706081041.144343138 163.486339607 530.384404496 -27.210769260 0.027189788 -0.049696054 -0.866454489 0.496031891
1706081041.242952347 163.388754862 530.202814582 -27.197905010 0.026920667 -0.048663536 -0.866562161 0.495960845
1706081041.340937614 163.270744760 530.015957093 -27.185954707 0.027306261 -0.048580789 -0.866545040 0.495977790
1706081041.439648867 163.169908417 529.837753388 -27.182810798 0.026389161 -0.048345002 -0.866637541 0.495888844
1706081041.544938326 163.068544477 529.637671469 -27.174452949 0.026587958 -0.048736075 -0.866692502 0.495743868
1706081041.643730164 162.973951431 529.439481164 -27.167401847 0.026506154 -0.048475204 -0.866679132 0.495797197
1706081041.742210388 162.872754220 529.238331011 -27.149743914 0.026272962 -0.047408528 -0.866634355 0.495990985
1706081041.844426155 162.766438930 529.037494200 -27.144188727 0.025455726 -0.047159068 -0.866654842 0.496021586
1706081041.942909956 162.660388016 528.837148510 -27.136083945 0.025895479 -0.047329923 -0.866532810 0.496195719
1706081042.042412043 162.557065527 528.645216134 -27.123786828 0.026346726 -0.046917413 -0.866397274 0.496447752
1706081042.136922121 162.451103699 528.456011435 -27.113762894 0.026044438 -0.046326888 -0.866455332 0.496417832
1706081042.241991997 162.334617603 528.257682459 -27.104239652 0.026642052 -0.047195979 -0.866400967 0.496399139
1706081042.344841957 162.226027791 528.061746033 -27.092466718 0.027297096 -0.047102231 -0.866393821 0.496384927
1706081042.443999767 162.116349608 527.871957201 -27.078673008 0.027904828 -0.047781966 -0.866329852 0.496397816
1706081042.541863918 162.015942769 527.702331498 -27.069052727 0.028215682 -0.048180985 -0.866282112 0.496424990
1706081042.640740156 161.903158744 527.500138373 -27.069515654 0.028199382 -0.048782071 -0.866157398 0.496584803
1706081042.737664461 161.802615712 527.306404741 -27.056637908 0.028835971 -0.048810405 -0.866153475 0.496552302
1706081042.844932795 161.684944422 527.100335776 -27.048114497 0.028469641 -0.048587142 -0.866110850 0.496669674
1706081042.943465471 161.594856145 526.915992340 -27.041417470 0.028792882 -0.048709987 -0.865991081 0.496847818
1706081043.042130709 161.494332635 526.729894667 -27.035575108 0.027994011 -0.048303367 -0.865885478 0.497117148
1706081043.144186974 161.388559053 526.533218321 -27.023179688 0.028270872 -0.048809914 -0.865712748 0.497352780
1706081043.243936300 161.276543488 526.332974367 -27.011358911 0.028035592 -0.047816274 -0.865562579 0.497723850
1706081043.342614174 161.190934094 526.134751653 -26.999812050 0.027706945 -0.047895907 -0.865498759 0.497845564
1706081043.443077803 161.087952857 525.937765519 -26.988042681 0.026912689 -0.046911126 -0.865380572 0.498188236
1706081043.542367697 160.973837515 525.744099467 -26.969735477 0.027057800 -0.046675399 -0.865188339 0.498536278
1706081043.641537905 160.885326470 525.549853666 -26.956520440 0.027418134 -0.046982759 -0.864987007 0.498836992
1706081043.743072510 160.772590415 525.335362954 -26.944274043 0.027469360 -0.047129638 -0.864690320 0.499334438
1706081043.842617989 160.658964279 525.131558981 -26.938501763 0.027437440 -0.046921919 -0.864429252 0.499807552
1706081043.940288544 160.544191327 524.930651049 -26.930960755 0.026961955 -0.046866660 -0.864188751 0.500254306
1706081044.044901371 160.441534244 524.739980106 -26.923070028 0.026766552 -0.047008377 -0.863775337 0.500965000
1706081044.143701553 160.345547098 524.547522585 -26.917134489 0.027246376 -0.047118856 -0.863432050 0.501520233
1706081044.243109703 160.238780196 524.365170903 -26.905879995 0.027134503 -0.046565526 -0.863005953 0.502310756
1706081044.345182896 160.146534782 524.168236325 -26.892492051 0.027049254 -0.046278199 -0.862659503 0.502936625
1706081044.445074797 160.046974844 523.978372332 -26.884337946 0.026998306 -0.046601336 -0.862274509 0.503569337
1706081044.543859005 159.955175320 523.792102085 -26.873712327 0.026565118 -0.046188566 -0.861908866 0.504255904
1706081044.644227982 159.850850214 523.586236623 -26.861915403 0.027414263 -0.047141251 -0.861536267 0.504758775
1706081044.743469477 159.744817975 523.386684861 -26.854321371 0.027990718 -0.047648873 -0.861161238 0.505319134
1706081044.842624903 159.644577253 523.187998848 -26.841388223 0.028675614 -0.048064706 -0.860855548 0.505762019
1706081044.945005655 159.540442097 522.986946358 -26.833063813 0.028576223 -0.048420698 -0.860625638 0.506124833
1706081045.043688297 159.437048020 522.793171823 -26.824174253 0.030388309 -0.049592001 -0.860219123 0.506596727
1706081045.142142534 159.338670967 522.611889298 -26.810121400 0.030206059 -0.050627077 -0.859915679 0.507020234
1706081045.240118027 159.222985335 522.415219808 -26.797491227 0.029827326 -0.049680928 -0.859765671 0.507390508
1706081045.344707251 159.118690302 522.211439258 -26.781405424 0.030091160 -0.049734064 -0.859558205 0.507721122
1706081045.443675995 159.028181219 522.022212730 -26.774200948 0.030217958 -0.051050568 -0.859293089 0.508031596
1706081045.542548895 158.921655184 521.818440469 -26.766970095 0.029687977 -0.050323932 -0.859244822 0.508216943
1706081045.641161442 158.814933869 521.618251119 -26.755962078 0.029817050 -0.050100541 -0.859140168 0.508408351
1706081045.744846106 158.712603542 521.414076824 -26.745105808 0.030010662 -0.051054924 -0.859011489 0.508519437
1706081045.845307350 158.611886393 521.208469668 -26.733286370 0.029942871 -0.050820862 -0.859011705 0.508546512
1706081045.944558144 158.510535123 521.000513529 -26.718590195 0.029761261 -0.051031794 -0.858964830 0.508615223
1706081046.043690681 158.416078274 520.809345145 -26.715773786 0.029441543 -0.050871263 -0.858982347 0.508620328
1706081046.142789602 158.321181565 520.613060959 -26.707156902 0.029728192 -0.051302916 -0.858943987 0.508625080
1706081046.244472504 158.213331362 520.403678648 -26.695753628 0.029212475 -0.049970572 -0.859051102 0.508606702
1706081046.340943575 158.102952813 520.210735357 -26.683942287 0.029480584 -0.049744008 -0.859118928 0.508498866
1706081046.440019608 158.008178657 520.013704480 -26.670243680 0.030445351 -0.050376450 -0.858992018 0.508594147
1706081046.539079905 157.921421740 519.837153973 -26.660143046 0.029574577 -0.049599360 -0.859090736 0.508555164
1706081046.638044119 157.817268546 519.642700730 -26.646963146 0.029603563 -0.049537346 -0.859106503 0.508532887
1706081046.743664742 157.713950053 519.433958728 -26.637459192 0.028661832 -0.047814222 -0.859322981 0.508385989
1706081046.842528105 157.610020472 519.231917423 -26.634736043 0.028387187 -0.048321112 -0.859329793 0.508341957
1706081046.937464952 157.508460262 519.031871488 -26.626787483 0.028656130 -0.048871715 -0.859315276 0.508298769
1706081047.044363260 157.391498187 518.805961807 -26.610084773 0.028606973 -0.047188817 -0.859469761 0.508199357
1706081047.144788980 157.278033159 518.602063313 -26.597828959 0.029211917 -0.047724447 -0.859432231 0.508178396
1706081047.244820833 157.189481971 518.407959460 -26.581715843 0.028992913 -0.047674748 -0.859557705 0.507983347
1706081047.343891144 157.099549006 518.199711839 -26.568073081 0.028584832 -0.047773381 -0.859691379 0.507770956
1706081047.444819689 156.983521820 517.998925252 -26.557316341 0.028296433 -0.047601766 -0.859789962 0.507636292
1706081047.543572664 156.888670309 517.808655195 -26.549508669 0.027781305 -0.047088840 -0.859957750 0.507428329
1706081047.641126394 156.778516394 517.611648756 -26.540541610 0.028276793 -0.047323591 -0.860036818 0.507245081
1706081047.740165949 156.672136384 517.423304482 -26.528903895 0.027582679 -0.047036138 -0.860188750 0.507052376
1706081047.839112759 156.575847914 517.239060246 -26.521746018 0.027913161 -0.047267108 -0.860295606 0.506831477
1706081047.944949150 156.466802785 517.041957411 -26.502601951 0.028181026 -0.046764791 -0.860511260 0.506497044
1706081048.043105602 156.375615963 516.833142256 -26.493030122 0.028297351 -0.048176739 -0.860536791 0.506314816
1706081048.141891718 156.273959897 516.641608967 -26.485431920 0.028436662 -0.047584136 -0.860683710 0.506113285
1706081048.245299816 156.168778901 516.437428322 -26.479930850 0.028583863 -0.047547912 -0.860763690 0.505972360
1706081048.345292807 156.072815897 516.239934110 -26.472172372 0.028769138 -0.048186878 -0.860848183 0.505757618
1706081048.445139170 155.968099292 516.041852969 -26.462574176 0.028885875 -0.048194064 -0.860972134 0.505539239
1706081048.544974327 155.856218280 515.846114532 -26.457104833 0.029192098 -0.048777231 -0.861047183 0.505337859
1706081048.644060612 155.760559209 515.652919774 -26.442273340 0.028750172 -0.048094977 -0.861212851 0.505146242
1706081048.743122101 155.657269622 515.466054373 -26.435377537 0.028977842 -0.048056973 -0.861338331 0.504922858
1706081048.842202425 155.555751460 515.253026473 -26.425433512 0.029467119 -0.048931787 -0.861480575 0.504567724
1706081048.941241264 155.443831020 515.055204137 -26.417534013 0.028710546 -0.048263036 -0.861701488 0.504298453
1706081049.042047501 155.334269369 514.858415217 -26.408963200 0.029098252 -0.048629370 -0.861789597 0.504090435
1706081049.141228676 155.232599548 514.659829275 -26.393344476 0.029151298 -0.047889476 -0.861949597 0.503884603
1706081049.244699240 155.132891811 514.460599250 -26.372137135 0.028865890 -0.048371493 -0.862069891 0.503649146
1706081049.343184948 155.019944981 514.267855389 -26.368720121 0.028502915 -0.048612719 -0.862172590 0.503470765
1706081049.441926241 154.903922018 514.080636125 -26.369386676 0.027757852 -0.048494503 -0.862267328 0.503361540
1706081049.544862747 154.801891298 513.889085760 -26.361330429 0.028500896 -0.048789768 -0.862365496 0.503123255
1706081049.644795656 154.696358335 513.682048530 -26.346726871 0.028651410 -0.049021722 -0.862428909 0.502983443
1706081049.745432377 154.594196430 513.490739587 -26.344169949 0.028331440 -0.047750272 -0.862627896 0.502782611
1706081049.845145941 154.492928891 513.308575693 -26.332816176 0.028425878 -0.048076853 -0.862747485 0.502540907
1706081049.944239616 154.394092092 513.107962720 -26.326600732 0.028591772 -0.047791319 -0.862893104 0.502308661
1706081050.043312550 154.287955603 512.907336368 -26.313747492 0.027918311 -0.047635764 -0.862906664 0.502338025
1706081050.142350912 154.187897778 512.697699626 -26.295505559 0.028387327 -0.048391039 -0.862906506 0.502239812
1706081050.241253138 154.075931478 512.486115846 -26.285181844 0.027763910 -0.048049123 -0.862976587 0.502187073
1706081050.342326880 153.988518594 512.284134257 -26.280220438 0.028311021 -0.048594776 -0.862978836 0.502100152
1706081050.441513062 153.879800790 512.097549707 -26.265054656 0.028472474 -0.049005011 -0.862981020 0.502047395
1706081050.544089556 153.768122418 511.898137298 -26.252814086 0.028229984 -0.047930362 -0.863123376 0.501920100
1706081050.641785860 153.656281770 511.688207126 -26.245364479 0.028680438 -0.048589810 -0.863103880 0.501864677
1706081050.741530657 153.558988570 511.499004625 -26.229304594 0.028784488 -0.047750666 -0.863338766 0.501535145
1706081050.844911098 153.452434054 511.298998340 -26.226413049 0.028388635 -0.048870672 -0.863407631 0.501331233
1706081050.944474459 153.349374433 511.101132407 -26.213567741 0.027822065 -0.047440987 -0.863570649 0.501219532
1706081051.042959452 153.239876653 510.897704980 -26.200810674 0.028383391 -0.047210394 -0.863629967 0.501107615
1706081051.144784689 153.124453301 510.696850823 -26.188558468 0.027601929 -0.046845286 -0.863765166 0.500952484
1706081051.244420290 153.015734608 510.499383920 -26.172670016 0.027743221 -0.046686714 -0.863873324 0.500772948
1706081051.343438864 152.919248511 510.311206902 -26.164692792 0.027117431 -0.046072399 -0.864065631 0.500532280
1706081051.444246531 152.808440606 510.100687935 -26.164941204 0.026423376 -0.046916577 -0.864147306 0.500349951
1706081051.543589354 152.709828112 509.900677832 -26.147014853 0.027942820 -0.048018315 -0.864192133 0.500085390
1706081051.642526865 152.606236696 509.703463660 -26.143334435 0.027583146 -0.047070578 -0.864319618 0.499975127
1706081051.741764545 152.498863150 509.515399508 -26.131202112 0.026889840 -0.046820218 -0.864497669 0.499728510
1706081051.842753172 152.388713624 509.316600153 -26.108497673 0.027110636 -0.046989530 -0.864638051 0.499457745
1706081051.942612886 152.274653290 509.127615391 -26.101660048 0.026833652 -0.046894957 -0.864790662 0.499217317
1706081052.040193319 152.171661065 508.944211772 -26.097202740 0.026906604 -0.047045670 -0.864864175 0.499071836
1706081052.145148277 152.059079807 508.733461666 -26.085948326 0.026936594 -0.046857052 -0.865035115 0.498791627
1706081052.244001389 151.956973880 508.544494369 -26.083673921 0.026893769 -0.046331551 -0.865152454 0.498639494
1706081052.342661619 151.850916148 508.348434457 -26.066882767 0.027331031 -0.046761842 -0.865262113 0.498385214
1706081052.445489645 151.736330704 508.135824623 -26.054148511 0.026823768 -0.046529098 -0.865379628 0.498230497
1706081052.544580221 151.628276248 507.935709353 -26.031618325 0.027399255 -0.046508120 -0.865502329 0.497987946
1706081052.643431902 151.525466225 507.731933092 -26.032301732 0.027511840 -0.047251706 -0.865473120 0.497962502
1706081052.744548321 151.414209360 507.512460264 -26.017255609 0.027091245 -0.046649629 -0.865677224 0.497687473
1706081052.843641520 151.306315780 507.323086006 -26.007603000 0.026733862 -0.046283968 -0.865740700 0.497630521
1706081052.942830086 151.204961266 507.122997381 -25.991222699 0.027372224 -0.046197319 -0.865807325 0.497487934
1706081053.044628620 151.085210423 506.926912009 -25.976051554 0.026730062 -0.045899219 -0.865835465 0.497501470
1706081053.142364025 150.992076245 506.740837088 -25.967936445 0.026123993 -0.044676677 -0.866045197 0.497279849
1706081053.242585659 150.888895707 506.559735045 -25.963792677 0.026138801 -0.044963797 -0.865948389 0.497421761
1706081053.341432810 150.780175253 506.364430085 -25.952055715 0.026062816 -0.045011566 -0.866004807 0.497323198
1706081053.445041180 150.660380726 506.149551529 -25.944345718 0.025692375 -0.044361600 -0.866061356 0.497302402
1706081053.543701887 150.564978421 505.956999520 -25.941857856 0.025505675 -0.044370794 -0.866023664 0.497376825
1706081053.642479658 150.452233868 505.754319405 -25.927884977 0.025660457 -0.044338800 -0.865910373 0.497568928
1706081053.745003700 150.345244189 505.544838934 -25.918852506 0.025209458 -0.043546969 -0.865887592 0.497701540
1706081053.844522715 150.236831343 505.355856741 -25.903388480 0.024828568 -0.043105382 -0.865826075 0.497866122
1706081053.945491314 150.130960849 505.154855165 -25.894192947 0.025316085 -0.044031614 -0.865558120 0.498226307
1706081054.044726610 150.022065134 504.956341349 -25.880654743 0.024883162 -0.043412771 -0.865506796 0.498391558
1706081054.143838644 149.910159807 504.760714163 -25.882620744 0.025344275 -0.044284673 -0.865198070 0.498827460
1706081054.244855165 149.801327042 504.565492377 -25.873903971 0.024734223 -0.043101175 -0.865163562 0.499021561
1706081054.342129946 149.698562755 504.368959905 -25.874998010 0.025006871 -0.044626953 -0.864976382 0.499198307
1706081054.442308903 149.604637512 504.172698215 -25.868605180 0.025072181 -0.044246369 -0.864855451 0.499438378
1706081054.542048931 149.486276756 503.964501542 -25.856353857 0.025386606 -0.044922866 -0.864609186 0.499788366
1706081054.634577036 149.376730712 503.766456196 -25.845754166 0.026135008 -0.045225888 -0.864440271 0.500014599
1706081054.744689941 149.269018772 503.560638965 -25.830011759 0.025426640 -0.044286661 -0.864390786 0.500220699
1706081054.843308926 149.155857574 503.371506114 -25.831691026 0.025011405 -0.044409501 -0.864252631 0.500469396
1706081054.941994429 149.057921522 503.181550015 -25.826395066 0.025798025 -0.045597169 -0.864120373 0.500551038
1706081055.045317650 148.964821375 502.991897760 -25.816031910 0.026488279 -0.046282482 -0.863913941 0.500808352
1706081055.144748688 148.860724963 502.798037746 -25.804950507 0.026080750 -0.045450036 -0.863965516 0.500817008
1706081055.243039370 148.752518242 502.602161586 -25.788460968 0.027280706 -0.047064489 -0.863737238 0.500997685
1706081055.344830751 148.645147178 502.398021403 -25.781037426 0.027154349 -0.046263343 -0.863767813 0.501026455
1706081055.444378614 148.527144057 502.185023796 -25.761079623 0.026923156 -0.046171472 -0.863755025 0.501069453
1706081055.545198917 148.421651220 501.987417372 -25.758921394 0.027513944 -0.046920677 -0.863611153 0.501215731
1706081055.643268108 148.325993785 501.787125275 -25.750154948 0.027382638 -0.046899302 -0.863686378 0.501095287
1706081055.740958452 148.225767530 501.597586604 -25.736902401 0.027030920 -0.047089930 -0.863666150 0.501131369
1706081055.841498137 148.113251153 501.385931462 -25.740493699 0.027123771 -0.047642216 -0.863631365 0.501134100
1706081055.938162804 148.007484249 501.208222909 -25.740772028 0.027094111 -0.046371222 -0.863737330 0.501072294
1706081056.044214487 147.898878301 501.010400174 -25.723343093 0.027483247 -0.047276875 -0.863680524 0.501064388
1706081056.142977238 147.776129352 500.807065775 -25.707129850 0.026890947 -0.046584183 -0.863748199 0.501044749
1706081056.241601229 147.665034964 500.610879523 -25.688488631 0.026610332 -0.045661833 -0.863845109 0.500977560
1706081056.345268965 147.556792811 500.405673868 -25.690141989 0.026575100 -0.046362665 -0.863822857 0.500953430
1706081056.444081068 147.449229283 500.208430743 -25.678798791 0.026767163 -0.046464714 -0.863775506 0.501015393
1706081056.544886827 147.347183856 500.017385180 -25.670585880 0.026778452 -0.045765336 -0.863871091 0.500914351
1706081056.644792318 147.250446387 499.805938915 -25.660372737 0.027161852 -0.045849942 -0.863884059 0.500863604
1706081056.744348049 147.137750749 499.613393839 -25.638010111 0.027120561 -0.045785762 -0.863826080 0.500971698
1706081056.844358444 147.037944837 499.418665879 -25.610791990 0.027372180 -0.045878150 -0.863796857 0.500999950
1706081056.943883896 146.945456994 499.223366851 -25.608187769 0.027005363 -0.046867413 -0.863685362 0.501120496
1706081057.042798519 146.843864982 499.025657255 -25.596661547 0.026341391 -0.045970582 -0.863665930 0.501272380
1706081057.142160892 146.721947254 498.821469625 -25.581552644 0.026604661 -0.045400700 -0.863660797 0.501319255
1706081057.245379925 146.621112095 498.618956057 -25.574940141 0.026454943 -0.046168057 -0.863520399 0.501498920
1706081057.344000816 146.522409716 498.427321416 -25.561726788 0.026858938 -0.045900091 -0.863559391 0.501434899
1706081057.442617893 146.407283545 498.220946851 -25.550397561 0.026557921 -0.045491845 -0.863562042 0.501483568
1706081057.541335583 146.299318930 498.022453768 -25.546323758 0.026753484 -0.045916591 -0.863450674 0.501626206
1706081057.644805193 146.191275115 497.813879794 -25.527176027 0.027096938 -0.045908445 -0.863456178 0.501599042
1706081057.743812561 146.084168530 497.635237280 -25.516640725 0.026751384 -0.044563055 -0.863451073 0.501747688
1706081057.842481375 145.986209460 497.447593505 -25.508382681 0.026954563 -0.045483182 -0.863456583 0.501644756
1706081057.945143223 145.873324603 497.252236223 -25.480395153 0.027464516 -0.045408907 -0.863389747 0.501738853
1706081058.044084787 145.775188619 497.069924078 -25.477541506 0.026830428 -0.045313284 -0.863389223 0.501782706
1706081058.138854504 145.677397125 496.876770414 -25.474388915 0.027217896 -0.046654244 -0.863330324 0.501740291
1706081058.244287014 145.562574726 496.659714138 -25.465976584 0.026657510 -0.045639449 -0.863415761 0.501716695
1706081058.342687607 145.442695651 496.452655760 -25.442187098 0.028356246 -0.046410696 -0.863214193 0.501899619
1706081058.434287071 145.345594407 496.276537484 -25.430404471 0.026920794 -0.045523049 -0.863403616 0.501734112
1706081058.544850826 145.228683762 496.050561702 -25.427294533 0.027133766 -0.046214012 -0.863355745 0.501741847
1706081058.643682241 145.125883230 495.853049268 -25.420660237 0.027231833 -0.047268846 -0.863330055 0.501682469
1706081058.742135525 145.032748008 495.671039002 -25.415260649 0.027458713 -0.047672885 -0.863338784 0.501616845
1706081058.840964079 144.934345674 495.477487905 -25.409005588 0.027038733 -0.047285079 -0.863381913 0.501602134
1706081058.944828510 144.825772497 495.276521858 -25.381431140 0.027947071 -0.047325338 -0.863270057 0.501741051
1706081059.044436693 144.721696071 495.076462724 -25.378440931 0.026673342 -0.046302996 -0.863303212 0.501848713
1706081059.143325090 144.625043347 494.880272860 -25.373593611 0.026498971 -0.046669274 -0.863234678 0.501941903
1706081059.245183706 144.508975818 494.673040112 -25.367504717 0.026739058 -0.047255808 -0.863118152 0.502074663
1706081059.340435266 144.391726837 494.473795018 -25.367836433 0.026801472 -0.047331107 -0.863011052 0.502248317
1706081059.444711685 144.283887772 494.265525909 -25.354894296 0.026674340 -0.046543375 -0.862968468 0.502401848
1706081059.542001009 144.176816157 494.077286186 -25.341266460 0.026821916 -0.045846571 -0.862927086 0.502529124
1706081059.642801046 144.084456331 493.884773415 -25.332273330 0.026646489 -0.046523550 -0.862819503 0.502660949
1706081059.734508753 143.988536427 493.702013948 -25.320151625 0.027295787 -0.047071194 -0.862742318 0.502707603
1706081059.844529867 143.896810886 493.482418860 -25.320850014 0.027353362 -0.047388036 -0.862796097 0.502582393
1706081059.943335295 143.793902433 493.293561488 -25.321052862 0.027372986 -0.047610561 -0.862865314 0.502441443
1706081060.042055368 143.694931949 493.105445950 -25.313176561 0.027885492 -0.047804763 -0.862886991 0.502357587
1706081060.137407780 143.588571652 492.911935463 -25.318749447 0.027785846 -0.047234451 -0.862963332 0.502285916
1706081060.244529486 143.471314133 492.699794492 -25.304071342 0.027218795 -0.047364779 -0.863063894 0.502131885
1706081060.343789816 143.372278822 492.504663039 -25.287665092 0.027998232 -0.047898408 -0.863136963 0.501912766
1706081060.442402601 143.267530284 492.305712592 -25.265622980 0.028523965 -0.048419853 -0.863078309 0.501933993
1706081060.544566154 143.148220115 492.092794620 -25.255087655 0.028744410 -0.049041589 -0.863114889 0.501798136
1706081060.643170595 143.037123317 491.908992652 -25.224859637 0.028867966 -0.049034083 -0.863079312 0.501852968
1706081060.741687298 142.943259755 491.716450717 -25.224319154 0.028079559 -0.048945140 -0.863208609 0.501683973
1706081060.836377859 142.844319883 491.539987381 -25.208576941 0.028167197 -0.048632151 -0.863215556 0.501697545
1706081060.940279961 142.733625710 491.334899095 -25.205015116 0.027891146 -0.049158680 -0.863201173 0.501686400
1706081061.041000128 142.626473056 491.137897513 -25.189692220 0.027563187 -0.047347263 -0.863348982 0.501624404
1706081061.144393444 142.523069911 490.938843855 -25.189062280 0.027441438 -0.047745533 -0.863355850 0.501581507
1706081061.243104458 142.423242254 490.741730077 -25.182764282 0.027039625 -0.046671494 -0.863495866 0.501463378
1706081061.338514328 142.323576282 490.562796612 -25.180805834 0.027552762 -0.047139667 -0.863365833 0.501615526
1706081061.445387602 142.214385310 490.334291098 -25.171676172 0.026812898 -0.045808277 -0.863404217 0.501712894
1706081061.545194626 142.125660115 490.132168776 -25.161653376 0.026321892 -0.045174504 -0.863456693 0.501706051
1706081061.642860174 142.016312584 489.932510536 -25.142253941 0.026588243 -0.045298916 -0.863186906 0.502144839
1706081061.741524458 141.926369655 489.750864453 -25.121468505 0.027005660 -0.044550986 -0.863073228 0.502384819
1706081061.844007969 141.806269449 489.552872892 -25.114705605 0.026613301 -0.044273745 -0.862845824 0.502820695
1706081061.943480015 141.701675831 489.359746170 -25.108651483 0.026553159 -0.044898585 -0.862562171 0.503254953
1706081062.038032055 141.598221978 489.181871740 -25.094478213 0.026041328 -0.044142997 -0.862414260 0.503601916
1706081062.141194105 141.495850599 488.962557343 -25.105372529 0.026444716 -0.044943001 -0.862143000 0.503974456
1706081062.242169142 141.387044755 488.767472615 -25.091211287 0.026754725 -0.044338840 -0.861830702 0.504545433
1706081062.345255613 141.281676915 488.554127080 -25.105056769 0.026469748 -0.046447277 -0.861462040 0.505000154
1706081062.443891287 141.173166776 488.351241052 -25.083830601 0.026960943 -0.046012105 -0.861171185 0.505509826
1706081062.542814255 141.072986887 488.150411822 -25.063620162 0.026547266 -0.046684262 -0.860902605 0.505927393
1706081062.641272068 140.962174003 487.960802544 -25.061307446 0.026907967 -0.046584620 -0.860526146 0.506557584
1706081062.745257854 140.871694523 487.760958389 -25.044807940 0.028022622 -0.046874472 -0.860262903 0.506917403
1706081062.844525337 140.768403891 487.563296534 -25.029410770 0.027649224 -0.046246051 -0.860055260 0.507347783
1706081062.943485975 140.665857851 487.366772794 -24.999008557 0.028577252 -0.048053494 -0.859569104 0.507951925
1706081063.041091204 140.558925481 487.164192781 -24.995936326 0.027928979 -0.047317537 -0.859489545 0.508191641
1706081063.140039444 140.473238081 486.963969253 -24.987278660 0.028397087 -0.048082387 -0.859200637 0.508582299
1706081063.238392115 140.388501384 486.780973640 -24.980615468 0.028372651 -0.047924147 -0.859072261 0.508815407
1706081063.342259645 140.291815719 486.583362328 -24.975156920 0.028850081 -0.048824322 -0.858779938 0.509196304
1706081063.443236589 140.190350655 486.379400505 -24.964496372 0.028627345 -0.048610100 -0.858635301 0.509473211
1706081063.542457104 140.098535330 486.184063710 -24.954961891 0.028235245 -0.048757318 -0.858584928 0.509565910
1706081063.641587973 139.974969140 485.968402359 -24.934989292 0.028828613 -0.048014595 -0.858462442 0.509809519
1706081063.743250847 139.852586424 485.751967031 -24.923406363 0.029267896 -0.050168146 -0.858248279 0.509937682
1706081063.842528582 139.750588003 485.554186291 -24.924215918 0.028415151 -0.049627317 -0.858287533 0.509972764
1706081063.940942526 139.660095640 485.355746123 -24.917337059 0.028944445 -0.049710251 -0.858251405 0.509995722
1706081064.044815779 139.541431767 485.139211852 -24.914253294 0.027414175 -0.048528210 -0.858287046 0.510134122
1706081064.144519806 139.436448910 484.963641459 -24.902979474 0.027874829 -0.049865107 -0.858082649 0.510324046
1706081064.243066549 139.347814115 484.783998688 -24.894421275 0.029430315 -0.050900995 -0.857956016 0.510347352
1706081064.336786747 139.256252860 484.601321133 -24.894303768 0.028661445 -0.050330144 -0.858040293 0.510306039
1706081064.440096140 139.154514898 484.400388313 -24.888044867 0.028695426 -0.050125262 -0.857913598 0.510537255
1706081064.543372631 139.054448970 484.188288306 -24.855662626 0.028747995 -0.048975637 -0.857977510 0.510538473
1706081064.644349813 138.951963451 483.974319167 -24.838422916 0.028668178 -0.049968780 -0.857808242 0.510731120
1706081064.743572712 138.855437627 483.767510393 -24.831658221 0.028261190 -0.049617877 -0.857803848 0.510795389
1706081064.842681170 138.758399056 483.570458480 -24.818385071 0.027987774 -0.047685356 -0.857847993 0.510920357
1706081064.944708824 138.664796214 483.380224348 -24.801651776 0.027151438 -0.047011921 -0.857783023 0.511136932
1706081065.043408871 138.565865731 483.191623505 -24.794014319 0.028269960 -0.047907464 -0.857486881 0.511489915
1706081065.139928341 138.469008374 483.001566602 -24.783706939 0.027979792 -0.048014168 -0.857400636 0.511640421
1706081065.239024162 138.378792185 482.809584727 -24.775007288 0.027487586 -0.047377124 -0.857517367 0.511530846
1706081065.345195293 138.273025706 482.594934375 -24.771149871 0.027137655 -0.047415655 -0.857605597 0.511398028
1706081065.444095373 138.170756949 482.400851756 -24.765483596 0.027250362 -0.047696163 -0.857681598 0.511238467
1706081065.542715311 138.064754750 482.196314214 -24.750190254 0.027361599 -0.046901360 -0.857798872 0.511109285
1706081065.641528845 137.962898755 481.987099001 -24.730354164 0.027571476 -0.048084098 -0.857734450 0.511096221
1706081065.736291170 137.860641997 481.807914233 -24.710111391 0.027372927 -0.047702411 -0.857862428 0.510927840
1706081065.845296144 137.761417467 481.602125165 -24.706158546 0.027720634 -0.047540054 -0.857972554 0.510739274
1706081065.944654942 137.661386939 481.409728043 -24.692563095 0.027906221 -0.046990086 -0.858085942 0.510589553
1706081066.043763161 137.555137794 481.216486397 -24.667546717 0.027789661 -0.045615229 -0.858222387 0.510491253
1706081066.142847776 137.448114812 481.012333185 -24.660219804 0.027468408 -0.046068345 -0.858261836 0.510401622
1706081066.244453192 137.359480503 480.813198830 -24.654248302 0.027094989 -0.045574466 -0.858439235 0.510167531
1706081066.343173504 137.262613724 480.622564662 -24.637955626 0.027735938 -0.046382120 -0.858423181 0.510087306
1706081066.440628290 137.170406042 480.426961960 -24.626714452 0.027353729 -0.046117067 -0.858570892 0.509883333
1706081066.539131403 137.073480635 480.231795676 -24.631914953 0.026961856 -0.046166988 -0.858669419 0.509733751
1706081066.645139217 136.947172215 479.996465172 -24.618878336 0.027079911 -0.046376756 -0.858703608 0.509650850
1706081066.743895292 136.851446783 479.800436035 -24.617738174 0.027385401 -0.047708505 -0.858715544 0.509491465
1706081066.841534138 136.740443646 479.612472305 -24.596515497 0.027669515 -0.046896736 -0.858784237 0.509435696
1706081066.945327520 136.636497411 479.409674428 -24.580921625 0.028561991 -0.048674569 -0.858843090 0.509120364
1706081067.045323133 136.539716563 479.226681296 -24.571308426 0.028046548 -0.048895085 -0.859000568 0.508862148
1706081067.145164967 136.436567101 479.033308120 -24.561808846 0.028708099 -0.050096367 -0.858958270 0.508779804
1706081067.244870424 136.338485107 478.848250512 -24.543916896 0.029267652 -0.049986747 -0.859089773 0.508536618
1706081067.343955755 136.242748892 478.657068703 -24.543913838 0.029441017 -0.051146614 -0.859099815 0.508394295
1706081067.445476294 136.138540606 478.454012267 -24.539245745 0.029553070 -0.051746421 -0.859226653 0.508112667
1706081067.544212580 136.037191852 478.265078613 -24.530026058 0.029867670 -0.051929228 -0.859346494 0.507872899
1706081067.642811060 135.931283483 478.076747747 -24.522521656 0.030214996 -0.052954654 -0.859425216 0.507613197
1706081067.740197182 135.823745938 477.881671373 -24.520764869 0.031012566 -0.054460165 -0.859328860 0.507568932
1706081067.840363264 135.706369979 477.682844930 -24.501267260 0.031163118 -0.053395146 -0.859539766 0.507315690
1706081067.944606066 135.600396812 477.477479343 -24.490270485 0.030768589 -0.053827976 -0.859761795 0.506917644
1706081068.042957783 135.507376657 477.277251301 -24.484609390 0.030660943 -0.053531757 -0.859917254 0.506691794
1706081068.141698360 135.409805387 477.082706444 -24.474357019 0.030417485 -0.053142930 -0.860113493 0.506414243
1706081068.239816427 135.313174160 476.898595054 -24.464040567 0.030337540 -0.052478717 -0.860255135 0.506247687
1706081068.344782591 135.205147963 476.694041664 -24.453452234 0.030524183 -0.053146436 -0.860263683 0.506152276
1706081068.445413589 135.103880778 476.484627653 -24.445332521 0.029536733 -0.051783670 -0.860423191 0.506080987
1706081068.545057774 135.008895228 476.296665192 -24.437171107 0.029968766 -0.051298945 -0.860523053 0.505935140
1706081068.644146681 134.915780298 476.113762087 -24.419838512 0.029364091 -0.049880917 -0.860697239 0.505816080
1706081068.743245840 134.817393696 475.919897278 -24.394107468 0.028463940 -0.047675871 -0.860859384 0.505804247
1706081068.842328548 134.721075265 475.727454925 -24.388378586 0.028527990 -0.049346242 -0.860760392 0.505808906
1706081068.941338301 134.621942490 475.524429678 -24.378203122 0.027158790 -0.046586128 -0.860871849 0.505956316
1706081069.040220499 134.528734003 475.323610695 -24.376737833 0.026157774 -0.046040545 -0.860922612 0.505972623
1706081069.145008564 134.427793556 475.120864734 -24.366052126 0.025514627 -0.044230564 -0.860953439 0.506114451
1706081069.244453669 134.319976225 474.925480155 -24.357411066 0.025392953 -0.043841826 -0.860879637 0.506279905
1706081069.343009472 134.218740028 474.723713450 -24.342717315 0.026246367 -0.044340806 -0.860716174 0.506470818
1706081069.441768169 134.127027560 474.532203925 -24.341020494 0.026406126 -0.045995375 -0.860610231 0.506494987
1706081069.544915915 134.020889811 474.338376950 -24.342716547 0.026019814 -0.045710503 -0.860627719 0.506511055
1706081069.644875288 133.916081332 474.137744123 -24.330285758 0.026358135 -0.045149098 -0.860630276 0.506539570
1706081069.743216991 133.813040430 473.934641465 -24.318104997 0.026942463 -0.045722487 -0.860539524 0.506611573
1706081069.844867468 133.713033393 473.736170038 -24.305586146 0.026992411 -0.046114394 -0.860419080 0.506777939
1706081069.944342136 133.617655530 473.543732817 -24.294079941 0.027562822 -0.046490802 -0.860352189 0.506826407
1706081070.043395519 133.506607270 473.352516128 -24.282708542 0.027346110 -0.046407437 -0.860290118 0.506951135
1706081070.142400265 133.392184208 473.149496412 -24.270865660 0.027485493 -0.047573990 -0.860118777 0.507126170
1706081070.241245985 133.297421604 472.947049409 -24.266014035 0.027209358 -0.047351770 -0.860081343 0.507225338
1706081070.342492104 133.192502490 472.758782419 -24.260548426 0.027119930 -0.047174547 -0.859931312 0.507500946
1706081070.444673061 133.107845256 472.564715963 -24.251877495 0.027388881 -0.047494016 -0.859865376 0.507568421
1706081070.544342518 133.010661433 472.368667445 -24.238488658 0.028044691 -0.048295503 -0.859589116 0.507924790
1706081070.643095493 132.910865468 472.179265288 -24.229006536 0.027619659 -0.048658778 -0.859515152 0.508038563
1706081070.741069317 132.804452870 471.998245321 -24.219585248 0.027435664 -0.048486379 -0.859405000 0.508251316
1706081070.840113163 132.703855933 471.802216569 -24.196738833 0.027660866 -0.048059868 -0.859347845 0.508376246
1706081070.944304943 132.590295817 471.585885901 -24.186213186 0.027310714 -0.048017405 -0.859114771 0.508792948
1706081071.042898655 132.496098656 471.395313053 -24.161149560 0.028012081 -0.049755316 -0.858919829 0.508916947
1706081071.145143032 132.405652976 471.205157132 -24.140033457 0.028160286 -0.048426412 -0.858849723 0.509155217
1706081071.244486809 132.312168494 471.004361672 -24.131694723 0.027601835 -0.048417122 -0.858768015 0.509324472
1706081071.343483686 132.222361381 470.811182511 -24.125287866 0.027421016 -0.048013960 -0.858593346 0.509666767
1706081071.444252968 132.118735061 470.613642094 -24.118957973 0.027321783 -0.047435611 -0.858579334 0.509749850
1706081071.543551445 132.011419302 470.421809214 -24.098013126 0.027426820 -0.046966550 -0.858462527 0.509984316
1706081071.642640829 131.910884087 470.227168051 -24.095096058 0.027552756 -0.047740556 -0.858318284 0.510148418
1706081071.744303942 131.813193742 470.036829126 -24.088615506 0.027504213 -0.047927411 -0.858128475 0.510452742
1706081071.844000101 131.714973413 469.837522816 -24.085352066 0.026612207 -0.046689518 -0.858213950 0.510471052
1706081071.941406012 131.611528110 469.640154794 -24.072266176 0.028040721 -0.048082922 -0.857982359 0.510654504
1706081072.041224241 131.504669696 469.451754432 -24.062432988 0.027441447 -0.047283971 -0.857986051 0.510755449
1706081072.145123243 131.402371539 469.256210400 -24.065319866 0.027485096 -0.048385546 -0.857850723 0.510877231
1706081072.243870735 131.302520653 469.063779471 -24.055470298 0.028351874 -0.049538328 -0.857684979 0.510997653
1706081072.342503071 131.199008530 468.870288687 -24.038537370 0.029125630 -0.050691705 -0.857539482 0.511085204
1706081072.445449829 131.105124832 468.658110320 -24.021058831 0.030248085 -0.051073364 -0.857444377 0.511141571
1706081072.544522285 131.007066509 468.471553458 -24.016983604 0.030164398 -0.051569536 -0.857343958 0.511265126
1706081072.644347191 130.915214284 468.279582596 -24.009573702 0.030484456 -0.052211932 -0.857296778 0.511260057
1706081072.744689465 130.781660582 468.074127458 -23.996546163 0.031130504 -0.053693213 -0.856938975 0.511667395
1706081072.843684912 130.687080998 467.892013574 -23.987456238 0.030754883 -0.053021700 -0.856983810 0.511685045
1706081072.945301294 130.598229977 467.689291282 -23.973794227 0.032206793 -0.054923807 -0.856745024 0.511794941
1706081073.044911146 130.510925291 467.494091323 -23.960307932 0.032179363 -0.055580395 -0.856661188 0.511866113
1706081073.143747568 130.421383464 467.310524653 -23.947399889 0.031428196 -0.052816331 -0.856907221 0.511793628
1706081073.241787434 130.327895781 467.116760858 -23.934284897 0.031426690 -0.053341752 -0.856821065 0.511883466
1706081073.340498686 130.232333482 466.931308385 -23.927394154 0.031218490 -0.054082902 -0.856693860 0.512031323
1706081073.444891214 130.128826517 466.733507116 -23.924262675 0.030809929 -0.053729654 -0.856687867 0.512103282
1706081073.543593407 130.026065830 466.529606910 -23.915764568 0.030161104 -0.052745278 -0.856814318 0.512032682
1706081073.642188549 129.917618844 466.325182122 -23.905299796 0.030487658 -0.053106398 -0.856741798 0.512097358
1706081073.744983912 129.825060716 466.127087796 -23.890400596 0.030472235 -0.052195135 -0.856802423 0.512090538
1706081073.844434261 129.730094810 465.933426515 -23.877014079 0.030784789 -0.052941859 -0.856760941 0.512064592
1706081073.945412874 129.641097958 465.707897133 -23.864457687 0.029674408 -0.051626776 -0.856967439 0.511918855
1706081074.044736385 129.531184799 465.510383711 -23.849926457 0.030025021 -0.051902973 -0.856879119 0.512018316
1706081074.143879175 129.429299787 465.325635368 -23.833746523 0.029120098 -0.050215084 -0.857028916 0.511988186
1706081074.244927883 129.325878494 465.135059484 -23.821269422 0.029442349 -0.049821675 -0.857022123 0.512019560
1706081074.344636440 129.239249370 464.948268504 -23.817480080 0.029994487 -0.051604682 -0.856887382 0.512036426
1706081074.443580627 129.143415320 464.755981015 -23.809407402 0.028996219 -0.050325493 -0.856949449 0.512117375
1706081074.542170763 129.043735550 464.562599816 -23.802382335 0.028795579 -0.049477710 -0.856876622 0.512333119
1706081074.644989014 128.944404104 464.343078661 -23.787221009 0.029081254 -0.050068846 -0.856831031 0.512335804
1706081074.744677067 128.849971827 464.152561057 -23.781393504 0.028036484 -0.048959638 -0.856828749 0.512505029
1706081074.843141317 128.755723620 463.969826654 -23.773593368 0.027930576 -0.049276548 -0.856771453 0.512576221
1706081074.941637278 128.655433400 463.764413674 -23.766919112 0.027501749 -0.048714221 -0.856747273 0.512693563
1706081075.045286894 128.549605043 463.560293562 -23.756127171 0.027631732 -0.048733853 -0.856598758 0.512932810
1706081075.145031691 128.449625197 463.363969502 -23.741868882 0.027908952 -0.048800997 -0.856390831 0.513258509
1706081075.243788719 128.352419298 463.164132295 -23.729476660 0.027130778 -0.047830784 -0.856390375 0.513392308
1706081075.344761133 128.259667356 462.978313302 -23.715537586 0.027229293 -0.047309263 -0.856254176 0.513662521
1706081075.443886280 128.160904476 462.797239680 -23.705325984 0.027394936 -0.047425606 -0.856045656 0.513990431
1706081075.545224905 128.063142826 462.601295462 -23.697004384 0.027143967 -0.047632618 -0.855975863 0.514100828
1706081075.644654036 127.963005601 462.398620756 -23.682682014 0.027506862 -0.047774867 -0.855779358 0.514395397
1706081075.743491173 127.869949974 462.202405405 -23.677680538 0.027010318 -0.047730554 -0.855700136 0.514557590
1706081075.842345238 127.779836442 462.004120067 -23.664679151 0.027907755 -0.047904950 -0.855479831 0.514859720
1706081075.945387602 127.683465185 461.802933101 -23.648827562 0.028556618 -0.048153712 -0.855334817 0.515041833
1706081076.044176340 127.583104798 461.607452141 -23.637757042 0.027863021 -0.048026355 -0.855162706 0.515377403
1706081076.142822266 127.507015606 461.421093521 -23.633529286 0.027163768 -0.047238009 -0.855168885 0.515477331
1706081076.241446733 127.415916322 461.233426374 -23.628308750 0.027211398 -0.047330875 -0.855081719 0.515610882
1706081076.344765902 127.306394064 461.031032614 -23.620510402 0.027254641 -0.046938721 -0.854906691 0.515934580
1706081076.444510221 127.209030510 460.831307638 -23.604279447 0.027407348 -0.047527783 -0.854708807 0.516200352
1706081076.543666601 127.120617641 460.639651636 -23.592878476 0.027657621 -0.048188992 -0.854555951 0.516378741
1706081076.644981384 127.023662191 460.433113449 -23.579160271 0.027615997 -0.048244500 -0.854431568 0.516581573
1706081076.744181633 126.916223542 460.221264188 -23.566653798 0.027603531 -0.048497672 -0.854325971 0.516733157
1706081076.844669580 126.818291980 460.030381257 -23.564501270 0.027243345 -0.048386332 -0.854207300 0.516958849
1706081076.944329262 126.718494178 459.836667146 -23.551054920 0.028054370 -0.049152481 -0.853929102 0.517302692
1706081077.043370008 126.643472234 459.663935655 -23.541456537 0.027594043 -0.047753297 -0.853954003 0.517417387
1706081077.142173529 126.555397949 459.473474841 -23.529708743 0.027417070 -0.047626677 -0.853834558 0.517635539
1706081077.244725943 126.451361938 459.279561161 -23.523212891 0.027171508 -0.047304297 -0.853696081 0.517906376
1706081077.343807459 126.356504520 459.075438871 -23.514145921 0.027784786 -0.048487578 -0.853360364 0.518317518
1706081077.442530870 126.269547444 458.881674719 -23.505070163 0.027558698 -0.047944142 -0.853361645 0.518378029
1706081077.540994167 126.177306537 458.684642165 -23.499593118 0.028311894 -0.047959129 -0.853117625 0.518737579
1706081077.644982815 126.095854437 458.491461840 -23.497555726 0.027405697 -0.048854214 -0.853042829 0.518825718
1706081077.743668318 126.008165563 458.289100009 -23.484720135 0.027750310 -0.048429469 -0.853018209 0.518887697
1706081077.843843937 125.917565197 458.083829281 -23.470433098 0.027402929 -0.047743307 -0.853047946 0.518920860
1706081077.945213318 125.817516897 457.886214635 -23.456812784 0.028126867 -0.048616298 -0.852873737 0.519087395
1706081078.044057369 125.709256448 457.695972738 -23.446307867 0.027478536 -0.047239456 -0.852921032 0.519171529
1706081078.144529581 125.605135962 457.491597198 -23.428953253 0.027930841 -0.048190138 -0.852849227 0.519177980
1706081078.243303776 125.522866158 457.303045183 -23.426075899 0.027349306 -0.048348613 -0.852949179 0.519029984
1706081078.343190193 125.431675843 457.126951534 -23.420984682 0.028070541 -0.048239013 -0.852976578 0.518956645
1706081078.445279598 125.337232131 456.940476429 -23.406152739 0.028192651 -0.048539249 -0.853002398 0.518879586
1706081078.544333458 125.254198224 456.751635949 -23.389120973 0.028519378 -0.049239928 -0.852968093 0.518852105
1706081078.643514395 125.153369187 456.552300488 -23.375084927 0.028844499 -0.049601663 -0.852915753 0.518885718
1706081078.742161751 125.052849820 456.349502198 -23.363414440 0.027914476 -0.048580824 -0.853124194 0.518690461
1706081078.840676069 124.951752776 456.159404563 -23.356475249 0.027715908 -0.048234925 -0.853207181 0.518596882
1706081078.945281029 124.860949859 455.953134641 -23.337577394 0.029128983 -0.049985750 -0.853080919 0.518561349
1706081079.045173407 124.761877142 455.742245369 -23.327923018 0.028616797 -0.049419074 -0.853127218 0.518568013
1706081079.143800020 124.658516324 455.530354001 -23.317083237 0.028444448 -0.049231955 -0.853147639 0.518561697
1706081079.241799831 124.575228553 455.329413834 -23.312489251 0.028158568 -0.047698142 -0.853271467 0.518516909
1706081079.340243101 124.492601194 455.137916079 -23.298376267 0.028129254 -0.048384949 -0.853275244 0.518448646
1706081079.444405556 124.402148567 454.947023180 -23.288488907 0.027571143 -0.047522824 -0.853426583 0.518309253
1706081079.544160843 124.312253792 454.752422382 -23.277031544 0.027385024 -0.048198776 -0.853475444 0.518176230
1706081079.642882347 124.231167563 454.566467086 -23.269749912 0.027709250 -0.048140165 -0.853517968 0.518094393
1706081079.744876862 124.142340071 454.366021395 -23.258529772 0.027852778 -0.049464424 -0.853611446 0.517807872
1706081079.844527483 124.040305737 454.176630106 -23.249330188 0.027568437 -0.047685343 -0.853851855 0.517593565
1706081079.943215370 123.930633389 453.987751992 -23.233872660 0.027534157 -0.047055274 -0.853923210 0.517535336
1706081080.041729212 123.833383761 453.808515372 -23.219806496 0.026959439 -0.045770875 -0.854130224 0.517339130
1706081080.140632391 123.756116312 453.629270817 -23.206180724 0.027868806 -0.046287764 -0.854133132 0.517240143
1706081080.244402885 123.644288498 453.424089416 -23.191437011 0.026941721 -0.045691339 -0.854178123 0.517267995
1706081080.344630718 123.548362402 453.218959842 -23.184040613 0.026714303 -0.046668995 -0.854211801 0.517136878
1706081080.442811728 123.441953412 453.004457999 -23.171852084 0.027215639 -0.046371083 -0.854163798 0.517216819
1706081080.541230440 123.338095973 452.804890830 -23.159719027 0.025975574 -0.044366535 -0.854355580 0.517139656
1706081080.643493891 123.252878714 452.614974967 -23.152706648 0.026061323 -0.045090681 -0.854343922 0.517091965
1706081080.742993832 123.170887001 452.417720423 -23.149781729 0.026646641 -0.046617307 -0.854236262 0.517104624
1706081080.841751337 123.088692654 452.230911368 -23.143074700 0.026460441 -0.046082444 -0.854298534 0.517059251
1706081080.941820621 122.998650397 452.036509560 -23.132223973 0.026770052 -0.046166543 -0.854321124 0.516998482
1706081081.044888735 122.900473430 451.841328351 -23.117247219 0.027324608 -0.045621725 -0.854281274 0.517083677
1706081081.144233704 122.811916060 451.644500835 -23.107174289 0.026238362 -0.044634840 -0.854504748 0.516856764
1706081081.242894888 122.711916923 451.458494828 -23.104478465 0.026063133 -0.045312861 -0.854435949 0.516920367
1706081081.341705561 122.598569731 451.256885039 -23.102871609 0.026411751 -0.047341996 -0.854366645 0.516835361
1706081081.440044165 122.501684560 451.068727348 -23.089707338 0.026273137 -0.045577120 -0.854510821 0.516762716
1706081081.544868946 122.400605629 450.854040536 -23.076654934 0.026454028 -0.046739787 -0.854466787 0.516722447
1706081081.643298864 122.304271484 450.665415974 -23.063798105 0.026841744 -0.046339360 -0.854297728 0.517017965
1706081081.741840601 122.218542074 450.480278497 -23.049521229 0.026756144 -0.046044827 -0.854328487 0.516997891
1706081081.844542503 122.126185275 450.281180200 -23.032591413 0.027303568 -0.047318867 -0.854148227 0.517152053
1706081081.944388151 122.042102950 450.084163545 -23.024461702 0.027667598 -0.047620495 -0.854059186 0.517252065
1706081082.042659044 121.952660555 449.882989723 -23.018436155 0.026940476 -0.047729614 -0.854102309 0.517209184
1706081082.142957449 121.860318372 449.684419579 -23.009623863 0.027262096 -0.047224494 -0.854077368 0.517279880
1706081082.242298365 121.781261377 449.502138281 -23.002761583 0.027105718 -0.047438087 -0.853985059 0.517420938
1706081082.344501257 121.681837082 449.295368567 -22.991650755 0.027401065 -0.048044518 -0.853920659 0.517455712
1706081082.443756104 121.579637093 449.103496284 -22.980529753 0.027507070 -0.048676091 -0.853864846 0.517483164
1706081082.542715073 121.480729735 448.914795160 -22.962215562 0.027364288 -0.046315443 -0.853952955 0.517562002
1706081082.641067743 121.399873983 448.723745401 -22.952650370 0.027467473 -0.047011182 -0.853925397 0.517539277
1706081082.744911671 121.304337184 448.527279808 -22.939925709 0.027958397 -0.047825149 -0.853831571 0.517593211
1706081082.844419003 121.203217675 448.336183902 -22.925246370 0.028346449 -0.047357035 -0.853876383 0.517541218
1706081082.943186522 121.103245099 448.143757749 -22.922100316 0.028242525 -0.048654067 -0.853728523 0.517670504
1706081083.041837215 121.003660012 447.951992085 -22.914830248 0.027936674 -0.048319755 -0.853784798 0.517625600
1706081083.144814253 120.916396404 447.759348453 -22.899768869 0.028602170 -0.048325575 -0.853735714 0.517669667
1706081083.243629932 120.817402109 447.569299791 -22.886186716 0.028483339 -0.048055952 -0.853789248 0.517613027
1706081083.344064951 120.721255426 447.367079013 -22.870004112 0.028980191 -0.048068402 -0.853806554 0.517555741
1706081083.443389177 120.638573225 447.157576333 -22.863005487 0.028516291 -0.049900475 -0.853738708 0.517520030
1706081083.542565823 120.539756342 446.954103493 -22.850226157 0.028638029 -0.048757847 -0.853819481 0.517488966
1706081083.644822598 120.436158787 446.743740327 -22.843232260 0.028304731 -0.048257992 -0.853867225 0.517475382
1706081083.743716478 120.334931285 446.545805769 -22.834561260 0.028165222 -0.047866942 -0.853872666 0.517510334
1706081083.842116833 120.236034647 446.346017410 -22.829880734 0.028355012 -0.049137608 -0.853753807 0.517576975
1706081083.938905239 120.126723646 446.169915957 -22.833006633 0.028010677 -0.049100885 -0.853727172 0.517643140
1706081084.045229435 120.031041020 445.967719062 -22.820062954 0.028028177 -0.047836643 -0.853942759 0.517404910
1706081084.143430948 119.943416341 445.782573341 -22.807836063 0.027954486 -0.047825419 -0.853994497 0.517324536
1706081084.242678165 119.846090283 445.582411497 -22.794586955 0.028589813 -0.048478703 -0.854000124 0.517219708
1706081084.341556072 119.774304053 445.408700809 -22.778818867 0.029608117 -0.048708101 -0.854054317 0.517051355
1706081084.444945335 119.673896856 445.199565503 -22.762978445 0.029180585 -0.048873392 -0.854190556 0.516834964
1706081084.544814587 119.588104618 444.995079107 -22.762047510 0.028563841 -0.050324997 -0.854278774 0.516584241
1706081084.644494057 119.496252608 444.796829146 -22.752107005 0.028566287 -0.049028934 -0.854458306 0.516411787
1706081084.743645430 119.400017102 444.589370653 -22.741234719 0.028999745 -0.049887131 -0.854475321 0.516277266
1706081084.842736721 119.302498834 444.401381000 -22.732396972 0.028515744 -0.048811523 -0.854617868 0.516171083
1706081084.944797516 119.198608652 444.203579904 -22.723981231 0.028261042 -0.049697014 -0.854654116 0.516040563
1706081085.043155670 119.102660872 444.020137330 -22.714474935 0.029093822 -0.049638435 -0.854657615 0.515994125
1706081085.141940594 119.011893973 443.826761194 -22.699751520 0.028566233 -0.049790471 -0.854683797 0.515965587
1706081085.239300251 118.918468321 443.641417805 -22.695548518 0.027874203 -0.048220152 -0.854847061 0.515882106
1706081085.344492435 118.823773841 443.437222071 -22.683017084 0.028182009 -0.048506306 -0.854760206 0.515982463
1706081085.443962812 118.729256376 443.242272128 -22.672202810 0.027551577 -0.048712422 -0.854827587 0.515885460
1706081085.542538404 118.632341712 443.029610283 -22.658956390 0.028151085 -0.048908066 -0.854730421 0.515995566
1706081085.641161680 118.555905023 442.841566104 -22.645271273 0.027993444 -0.049120774 -0.854828052 0.515822176
1706081085.744254351 118.458114434 442.634163010 -22.643363867 0.027662924 -0.049321297 -0.854863386 0.515762313
1706081085.845118046 118.355666168 442.425351976 -22.634853140 0.027698816 -0.049344403 -0.854912965 0.515675992
1706081085.944762945 118.246629593 442.218438004 -22.623215651 0.027774673 -0.049111540 -0.854894512 0.515724731
1706081086.043850660 118.155390889 442.028576915 -22.618689253 0.027172113 -0.047900483 -0.855121679 0.515494068
1706081086.142943382 118.062018311 441.845069893 -22.603087569 0.026992502 -0.047663241 -0.855231626 0.515343076
1706081086.244214773 117.969212660 441.640205054 -22.591587798 0.026956746 -0.047505664 -0.855272486 0.515291685
1706081086.341112852 117.866595763 441.443490143 -22.582822230 0.027416383 -0.047796212 -0.855193610 0.515371471
1706081086.440180302 117.777876433 441.255882222 -22.565370855 0.027470047 -0.046930692 -0.855293698 0.515282056
1706081086.539204359 117.689124188 441.070864999 -22.556644545 0.027178440 -0.046414856 -0.855301556 0.515331197
1706081086.645245075 117.574563433 440.846886770 -22.543184965 0.027136623 -0.047215914 -0.855241316 0.515360605
1706081086.742829084 117.493032570 440.660709914 -22.534585060 0.027059835 -0.047404716 -0.855202250 0.515412136
1706081086.842243433 117.402587998 440.462170363 -22.525092958 0.027028180 -0.048053554 -0.855116645 0.515495739
1706081086.940084219 117.305383717 440.263998054 -22.523209753 0.026557878 -0.046470713 -0.855176181 0.515566534
1706081087.044275999 117.206625223 440.065598845 -22.511567494 0.027011139 -0.046317720 -0.855069433 0.515733781
1706081087.145468712 117.111991089 439.862533582 -22.496737211 0.027106663 -0.046276908 -0.854979174 0.515882049
1706081087.245002031 117.020340305 439.670551790 -22.484422949 0.027172909 -0.046712389 -0.854925389 0.515928449
1706081087.344311476 116.937543993 439.482470171 -22.472224518 0.027388130 -0.046984844 -0.854869544 0.515984862
1706081087.443149328 116.823724748 439.290208215 -22.451185995 0.027575714 -0.046886909 -0.854767088 0.516153489
1706081087.544021368 116.736163716 439.097189670 -22.435728438 0.027726940 -0.048302511 -0.854728914 0.516078064
1706081087.641321182 116.646769410 438.924162397 -22.427186460 0.028703797 -0.048261670 -0.854593064 0.516253424
1706081087.740289450 116.542404030 438.728898160 -22.420514874 0.028187166 -0.046800418 -0.854595222 0.516412830
1706081087.845148087 116.442448368 438.525717667 -22.406598837 0.027785025 -0.046966462 -0.854672038 0.516292408
1706081087.943869352 116.350237493 438.329041280 -22.402095819 0.028182005 -0.048543080 -0.854585446 0.516268398
1706081088.042500496 116.248023780 438.117942542 -22.396131411 0.027893404 -0.048219376 -0.854575089 0.516331547
1706081088.141655922 116.146877115 437.922124346 -22.395930852 0.028441691 -0.049572488 -0.854441503 0.516394574
1706081088.245171309 116.041107980 437.711458299 -22.386984869 0.028645288 -0.049292084 -0.854482815 0.516341803
1706081088.345116138 115.938005544 437.503204844 -22.378262647 0.028244886 -0.048759764 -0.854569717 0.516270579
1706081088.444951057 115.847479803 437.297818657 -22.365132566 0.028473905 -0.049609156 -0.854541199 0.516224281
1706081088.544808149 115.743458595 437.097209474 -22.350831406 0.029066992 -0.050275903 -0.854597788 0.516033007
1706081088.644234896 115.653380572 436.907651938 -22.335708619 0.030142284 -0.051700941 -0.854516107 0.515965772
1706081088.743327618 115.555055054 436.717226806 -22.309565475 0.029386316 -0.049436787 -0.854766428 0.515816636
1706081088.842372894 115.444767552 436.522955503 -22.301639720 0.028409576 -0.049346629 -0.854981023 0.515524254
1706081088.941348791 115.352763347 436.329571766 -22.291470046 0.029125231 -0.050256715 -0.855008150 0.515351382
1706081089.042135000 115.269064397 436.141406997 -22.296777909 0.029160733 -0.049934805 -0.855150021 0.515145230
1706081089.145284414 115.172020630 435.945213488 -22.293192663 0.028915154 -0.049898008 -0.855376790 0.514786023
1706081089.243507147 115.079053544 435.753616694 -22.284654017 0.028859787 -0.049352306 -0.855593402 0.514481674
1706081089.342139482 114.992929383 435.559874672 -22.266430501 0.029150253 -0.049883858 -0.855776009 0.514110188
1706081089.441504478 114.897113647 435.368187848 -22.252204076 0.029030942 -0.049662257 -0.855941614 0.513862645
1706081089.544672012 114.796446200 435.150226959 -22.228824003 0.029411270 -0.050522768 -0.856099983 0.513493180
1706081089.644725084 114.697020005 434.946921437 -22.219149095 0.029038914 -0.050522263 -0.856341022 0.513112362
1706081089.745338202 114.592152197 434.749784355 -22.224834932 0.027857718 -0.048837800 -0.856671030 0.512789980
1706081089.845173836 114.486428339 434.556987089 -22.212454637 0.028401173 -0.049553319 -0.856806546 0.512465008
1706081089.944447994 114.377934269 434.358863648 -22.200093786 0.028459912 -0.048914609 -0.856989056 0.512217876
1706081090.043492794 114.277731301 434.172669188 -22.193383413 0.028647853 -0.049167263 -0.857099243 0.511998798
1706081090.142429829 114.179287973 433.972435743 -22.192038666 0.028224914 -0.049020068 -0.857289134 0.511718406
1706081090.243226051 114.087857644 433.772051814 -22.186019764 0.028521299 -0.049616372 -0.857450314 0.511374334
1706081090.339987040 113.989520962 433.578348303 -22.180267353 0.028237209 -0.049479397 -0.857601904 0.511149121
1706081090.444553614 113.879579015 433.365646795 -22.165515866 0.028124194 -0.048960638 -0.857780652 0.510905313
1706081090.543164968 113.780469739 433.158446869 -22.167320193 0.028038851 -0.049767349 -0.857781549 0.510830547
1706081090.641796112 113.678598224 432.973330186 -22.129602623 0.028176766 -0.047981016 -0.858047144 0.510547735
1706081090.741420031 113.577550759 432.777827947 -22.112307702 0.028565934 -0.049481517 -0.857929656 0.510580329
1706081090.838959694 113.487164375 432.603780809 -22.103726651 0.027978464 -0.048348528 -0.857995027 0.510611553
1706081090.944308519 113.403950873 432.409016555 -22.106339190 0.028376879 -0.048485917 -0.857937103 0.510673864
1706081091.042829752 113.317868339 432.220214704 -22.093755019 0.027989387 -0.048789447 -0.857870161 0.510778788
1706081091.145469666 113.218695437 432.006629490 -22.078429043 0.028204574 -0.048079249 -0.857798435 0.510954726
1706081091.244552612 113.122626581 431.808158461 -22.081361941 0.028178992 -0.048567697 -0.857649529 0.511159865
1706081091.343470097 113.018463765 431.599799569 -22.068329812 0.027723436 -0.048784199 -0.857462420 0.511477967
1706081091.443983316 112.910072694 431.399215666 -22.064812787 0.027908995 -0.049146903 -0.857281570 0.511736240
1706081091.541034698 112.799689685 431.197698449 -22.043083081 0.027573405 -0.047481998 -0.857184874 0.512073490
1706081091.645458937 112.690122237 430.984776644 -22.040525204 0.027852843 -0.048865509 -0.856924493 0.512363927
1706081091.744944096 112.581179357 430.786850445 -22.035699376 0.027854951 -0.049251629 -0.856715738 0.512675846
1706081091.842833757 112.488467520 430.603354572 -22.030458888 0.027929416 -0.048776533 -0.856530258 0.513027012
1706081091.942393064 112.397616769 430.426813854 -22.023455493 0.028047513 -0.049169768 -0.856280493 0.513399833
1706081092.040881395 112.297563098 430.227018536 -22.012658833 0.028435829 -0.047400002 -0.856127771 0.513799457
1706081092.145303726 112.213062411 430.030106331 -21.980880924 0.029250239 -0.049345335 -0.855782928 0.514144962
1706081092.243860006 112.124531502 429.842884281 -21.976079863 0.029025028 -0.048395259 -0.855592861 0.514564187
1706081092.342444897 112.034580452 429.654941729 -21.965862581 0.029035159 -0.049250239 -0.855355050 0.514877764
1706081092.444943428 111.936434612 429.455182938 -21.970576612 0.028063887 -0.047230302 -0.855264837 0.515270585
1706081092.544548035 111.834760162 429.256305482 -21.952787550 0.028724007 -0.049219787 -0.854846693 0.515741676
1706081092.645357609 111.743697322 429.048767086 -21.946312657 0.028456530 -0.049975065 -0.854657861 0.515996763
1706081092.744169712 111.641980822 428.849868012 -21.925049372 0.027861330 -0.047885527 -0.854519994 0.516455518
1706081092.843535900 111.537820022 428.644798504 -21.912817488 0.027694201 -0.048739401 -0.854275772 0.516788552
1706081092.944933176 111.430187074 428.450296242 -21.890527806 0.027621644 -0.047953449 -0.854008653 0.517307194
1706081093.043874502 111.329169573 428.242614934 -21.871049257 0.027267454 -0.047997565 -0.853771935 0.517712471
1706081093.143293142 111.233129233 428.040114744 -21.869340218 0.026731688 -0.047268440 -0.853643456 0.518019267
1706081093.240997553 111.144289051 427.850706691 -21.853807048 0.027343194 -0.047719395 -0.853304358 0.518504467
1706081093.344875574 111.050749882 427.651148409 -21.851739004 0.027515944 -0.048780297 -0.852878086 0.519097607
1706081093.444884539 110.972639033 427.456732807 -21.858403120 0.026532715 -0.047657170 -0.852810510 0.519364075
1706081093.543447256 110.890481901 427.268575044 -21.845999068 0.027547024 -0.048525020 -0.852409595 0.519888801
1706081093.642061949 110.799157505 427.071587444 -21.841482335 0.027111724 -0.048164088 -0.852174993 0.520329661
1706081093.745297670 110.693252169 426.862579901 -21.839307685 0.026879353 -0.046844661 -0.851908968 0.520897483
1706081093.844424486 110.599547093 426.669507056 -21.838549002 0.026440185 -0.047734752 -0.851675043 0.521221576
1706081093.943141699 110.513165339 426.470749135 -21.826045921 0.027584114 -0.047207418 -0.851398983 0.521661143
1706081094.044627905 110.415130071 426.277459660 -21.813557804 0.026707757 -0.047217240 -0.851194951 0.522038680
1706081094.143742323 110.319317325 426.072573006 -21.805830349 0.026276954 -0.046564840 -0.851125110 0.522232980
1706081094.244907141 110.226922656 425.870086345 -21.793644362 0.026838644 -0.046404683 -0.850845094 0.522674773
1706081094.344192266 110.137235363 425.681598341 -21.781668922 0.026808911 -0.046787671 -0.850752399 0.522793029
1706081094.441050529 110.041542619 425.493906102 -21.772677188 0.026900585 -0.047042956 -0.850608044 0.523000261
1706081094.539635181 109.954914073 425.305259838 -21.741169139 0.027008929 -0.047306183 -0.850500405 0.523145968
1706081094.633701563 109.859737374 425.122129176 -21.741769545 0.026212967 -0.046091269 -0.850537180 0.523235110
1706081094.744486570 109.742443041 424.893510800 -21.720735184 0.026424645 -0.046327960 -0.850367496 0.523479302
1706081094.843055964 109.651443052 424.700028770 -21.699432745 0.026643389 -0.046478647 -0.850257538 0.523633444
1706081094.941685438 109.566298750 424.507102904 -21.683601028 0.026971035 -0.047080074 -0.850141004 0.523752140
1706081095.044813871 109.473141795 424.302274239 -21.673212325 0.026569484 -0.046465387 -0.850107018 0.523882705
1706081095.145278692 109.391332899 424.098566015 -21.666632051 0.027176335 -0.047386219 -0.849932734 0.524051849
1706081095.243314981 109.308090623 423.902323178 -21.660330920 0.027336331 -0.047685532 -0.849851038 0.524148861
1706081095.344779968 109.221245262 423.700445981 -21.653381625 0.027178016 -0.047240878 -0.849749098 0.524362590
1706081095.440826893 109.131285136 423.519733800 -21.638975447 0.026602886 -0.046309609 -0.849799331 0.524393748
1706081095.543478251 109.034212317 423.305555572 -21.628733958 0.027483636 -0.047382753 -0.849614085 0.524552602
1706081095.642156363 108.926212705 423.108668009 -21.621186641 0.025670154 -0.045155008 -0.849649799 0.524783085
1706081095.736777782 108.840799147 422.911376629 -21.616183225 0.027568026 -0.048782871 -0.849282071 0.524957331
1706081095.835418463 108.744833250 422.714513846 -21.601146778 0.026341515 -0.045626684 -0.849422237 0.525077321
1706081095.944527864 108.648421509 422.503420816 -21.596491058 0.025723084 -0.045297607 -0.849383342 0.525199379
1706081096.044069529 108.553808628 422.323072643 -21.581182017 0.026166370 -0.044235622 -0.849259671 0.525467927
1706081096.142749548 108.467027111 422.131298808 -21.558961675 0.026954877 -0.045195080 -0.849059651 0.525669619
1706081096.241362333 108.381441202 421.929987643 -21.552019373 0.026622316 -0.046374234 -0.848886395 0.525863644
1706081096.345129728 108.270284749 421.716284414 -21.546776611 0.025947198 -0.044507225 -0.848857390 0.526105485
1706081096.444825172 108.178070867 421.523553843 -21.535297307 0.025791220 -0.044146013 -0.848754941 0.526308837
1706081096.542555571 108.094839917 421.327969973 -21.515754666 0.025599151 -0.043725399 -0.848690864 0.526456636
1706081096.642586470 108.006063784 421.133907150 -21.507778591 0.025263956 -0.044154618 -0.848587262 0.526603989
1706081096.744481564 107.911161089 420.923486578 -21.499937636 0.025033606 -0.044348259 -0.848437012 0.526840761
1706081096.845057726 107.815812939 420.718085458 -21.491134923 0.024996981 -0.044224863 -0.848318683 0.527043379
1706081096.943590403 107.720686382 420.512823630 -21.476947531 0.025109730 -0.043244690 -0.848215651 0.527285130
1706081097.042727232 107.634685582 420.316038920 -21.464426425 0.025729783 -0.044522794 -0.847979337 0.527528902
1706081097.140824795 107.546031970 420.122325759 -21.452477509 0.025290672 -0.043567915 -0.847963920 0.527654631
1706081097.244217396 107.453814587 419.915780032 -21.431929961 0.025841319 -0.043444557 -0.847791107 0.527915747
1706081097.343823433 107.371538580 419.727283208 -21.421522213 0.025369394 -0.043265944 -0.847853303 0.527853415
1706081097.442481279 107.286353412 419.521765759 -21.412122289 0.025997213 -0.044580883 -0.847686910 0.527980674
1706081097.541074514 107.196006864 419.337427309 -21.402163342 0.025147315 -0.043025896 -0.847714558 0.528106441
1706081097.644929886 107.090797491 419.133445446 -21.379959687 0.026090271 -0.043345720 -0.847555889 0.528289183
1706081097.744515181 107.012097025 418.945482631 -21.372577125 0.024816021 -0.042291818 -0.847623983 0.528326747
1706081097.843201876 106.929480382 418.739373063 -21.368474801 0.025529911 -0.044246737 -0.847389766 0.528508310
1706081097.944990873 106.841752192 418.547117140 -21.358133938 0.025983392 -0.044576538 -0.847304289 0.528595533
1706081098.044272423 106.751314073 418.342411565 -21.354559863 0.025379949 -0.044603490 -0.847236770 0.528730785
1706081098.144886017 106.662783398 418.144759276 -21.345143488 0.025721124 -0.044528198 -0.847168285 0.528830370
1706081098.244294882 106.572263070 417.940084200 -21.337829789 0.025866066 -0.044334627 -0.847124484 0.528909723
1706081098.340672016 106.475704640 417.747462554 -21.328540044 0.025697101 -0.044553889 -0.846973610 0.529141109
1706081098.441976309 106.372491888 417.537242872 -21.316459667 0.025795483 -0.044409345 -0.846862741 0.529325893
1706081098.544794321 106.280473008 417.324862250 -21.305173272 0.026638095 -0.046276857 -0.846618942 0.529514146
1706081098.643460035 106.197994892 417.129490451 -21.291940661 0.025828300 -0.045519909 -0.846578572 0.529684395
1706081098.741958380 106.099946461 416.928927328 -21.280599761 0.026480346 -0.045593229 -0.846333398 0.530037572
1706081098.840829611 106.011931222 416.738793831 -21.263947136 0.026393529 -0.045508312 -0.846253357 0.530176981
1706081098.945014000 105.917235762 416.527434475 -21.249891322 0.025831587 -0.044462720 -0.846195360 0.530385906
1706081099.043735504 105.830776694 416.337215657 -21.239269493 0.025780178 -0.045031392 -0.845954010 0.530725323
1706081099.142910719 105.743895990 416.142470467 -21.224670341 0.026607113 -0.046436191 -0.845635262 0.531071318
1706081099.241559029 105.665608505 415.943148780 -21.218358585 0.026010735 -0.044756543 -0.845608472 0.531287686
1706081099.339719772 105.576221713 415.766661304 -21.207964738 0.026318986 -0.044642870 -0.845439585 0.531550782
1706081099.445128441 105.480088890 415.556185944 -21.202276899 0.026320651 -0.045086631 -0.845233305 0.531841216
1706081099.537275314 105.401292502 415.376045352 -21.189683719 0.026573825 -0.045903611 -0.844981332 0.532159035
1706081099.639863968 105.309777968 415.171358074 -21.175534095 0.025971528 -0.043793280 -0.844891895 0.532508510
1706081099.741095304 105.212550626 414.959855708 -21.157704319 0.026771995 -0.045067567 -0.844494706 0.532992370
1706081099.844454288 105.118970054 414.761567392 -21.147962372 0.025802259 -0.044023382 -0.844334655 0.533380892
1706081099.943211794 105.035355955 414.561589175 -21.129631470 0.026585039 -0.044851918 -0.843963296 0.533860933
1706081100.041823387 104.950389001 414.368648774 -21.114240281 0.026983682 -0.044746409 -0.843655159 0.534336609
1706081100.140359163 104.860933630 414.175471355 -21.103064094 0.026176262 -0.044636639 -0.843330307 0.534898464
1706081100.244318962 104.765461600 413.960598785 -21.092185483 0.026660968 -0.045732368 -0.842912211 0.535440705
1706081100.343887091 104.683097261 413.763138460 -21.082230282 0.026495237 -0.046180472 -0.842561916 0.535961551
1706081100.442286015 104.600833610 413.562017940 -21.070701451 0.026979528 -0.046027574 -0.842296040 0.536368295
1706081100.540997744 104.491701037 413.404701417 -21.063915461 0.026590200 -0.045611580 -0.841905867 0.537035432
1706081100.639718771 104.411612212 413.195138600 -21.052140498 0.027882838 -0.047416584 -0.841581891 0.537321260
1706081100.738472700 104.331651554 413.002603325 -21.042983368 0.028538725 -0.048126287 -0.841262542 0.537723663
1706081100.841354370 104.257563900 412.784254854 -21.030044824 0.029503773 -0.051107282 -0.840904613 0.537956322
1706081100.942178726 104.175874110 412.580731450 -21.020231612 0.028965097 -0.048930140 -0.840901675 0.538192565
1706081101.044533968 104.094685484 412.367978944 -21.021223067 0.028575273 -0.049046772 -0.840757638 0.538427769
1706081101.140419722 104.002289586 412.176199112 -21.004097035 0.029637657 -0.049858413 -0.840419114 0.538824147
1706081101.242728949 103.904160171 411.953459147 -20.993098310 0.028643954 -0.049016850 -0.840419340 0.538954734
1706081101.341250181 103.825017888 411.756309202 -20.987715045 0.029889189 -0.051496606 -0.840009102 0.539295322
1706081101.445294857 103.756596044 411.499782376 -20.958457566 0.031555019 -0.055508537 -0.839587229 0.539459330
1706081101.543989182 103.675425061 411.316840532 -20.948683179 0.029534403 -0.050946015 -0.839793391 0.539702958
1706081101.643479586 103.586842202 411.110742705 -20.945545971 0.028919441 -0.051985717 -0.839567243 0.539988885
1706081101.741264105 103.498621685 410.928012391 -20.935151059 0.029668846 -0.051243397 -0.839374144 0.540319276
1706081101.840631008 103.425071998 410.756260745 -20.919531288 0.029430851 -0.049747283 -0.839412432 0.540412622
1706081101.943953276 103.336031210 410.573238010 -20.908931109 0.028572427 -0.048589797 -0.839311076 0.540721338
1706081102.042774439 103.250378229 410.382287602 -20.894337414 0.029519617 -0.049862402 -0.839061499 0.540941896
1706081102.143156052 103.158311626 410.195490750 -20.885594927 0.028091725 -0.047118379 -0.839024804 0.541320692
1706081102.242399693 103.091583517 409.986990134 -20.871363097 0.029232495 -0.048674456 -0.838853809 0.541387611
1706081102.345155954 102.992983876 409.775356836 -20.861474661 0.028345293 -0.047551244 -0.838743426 0.541705537
1706081102.443641663 102.905117534 409.559252159 -20.850106453 0.028136194 -0.048023495 -0.838574630 0.541936056
1706081102.544058323 102.827005617 409.358222876 -20.838297944 0.028192753 -0.046902251 -0.838355009 0.542370930
1706081102.639154911 102.743580774 409.169841378 -20.830281464 0.027825542 -0.046876047 -0.838128587 0.542741970
1706081102.744780302 102.650484853 408.959608961 -20.809475525 0.026631031 -0.043521746 -0.838235391 0.542916268
1706081102.844407082 102.575882822 408.767079551 -20.799690200 0.027083608 -0.045709002 -0.837817410 0.543359137
1706081102.942978621 102.485608227 408.558707831 -20.793605319 0.026916472 -0.045725090 -0.837646350 0.543629756
1706081103.041228294 102.420431512 408.372010634 -20.783617124 0.027939599 -0.047200686 -0.837321679 0.543952094
1706081103.144941092 102.338690297 408.167698719 -20.773361359 0.027588377 -0.046819093 -0.837170045 0.544236317
1706081103.243725777 102.269704634 407.971078279 -20.765087822 0.027475401 -0.046131623 -0.837088419 0.544426261
1706081103.344419241 102.198408508 407.751407022 -20.752237421 0.027883384 -0.047121140 -0.836896988 0.544615045
1706081103.443547964 102.111501496 407.559479677 -20.737259938 0.027335474 -0.045352864 -0.836840263 0.544880046
1706081103.542678356 102.014807893 407.355408275 -20.722719914 0.027054872 -0.044783078 -0.836644128 0.545242252
1706081103.644348383 101.933199450 407.143319620 -20.708001882 0.027894427 -0.046152921 -0.836305795 0.545604643
1706081103.743699551 101.853224060 406.936427113 -20.703674467 0.027239213 -0.047013426 -0.836027719 0.545990308
1706081103.840092659 101.790522336 406.722988664 -20.689416592 0.027734062 -0.046308487 -0.835933953 0.546169179
1706081103.940090656 101.696791634 406.518993732 -20.678958816 0.027214119 -0.046021621 -0.835711823 0.546559376
1706081104.045375347 101.599552386 406.312902268 -20.672612810 0.026882694 -0.045590151 -0.835526247 0.546895557
1706081104.144155264 101.522009270 406.120899586 -20.650669545 0.027592153 -0.046607584 -0.835224074 0.547235921
1706081104.243021488 101.441945769 405.936884451 -20.647512229 0.027258354 -0.046938438 -0.835022568 0.547531803
1706081104.341201544 101.351361626 405.728507250 -20.633423268 0.027844102 -0.047481600 -0.834793132 0.547805285
1706081104.444741011 101.252889293 405.518811524 -20.621339120 0.026644349 -0.044779132 -0.834788614 0.548099333
1706081104.545417547 101.182440330 405.329079641 -20.612739671 0.027343143 -0.046471884 -0.834647530 0.548138867
1706081104.644609213 101.108163950 405.126565720 -20.608064270 0.027658328 -0.047599390 -0.834485828 0.548272485
1706081104.743731737 101.016306597 404.939595385 -20.598829107 0.026912920 -0.044070016 -0.834664406 0.548332799
1706081104.844955683 100.930186203 404.717673601 -20.588979651 0.027342691 -0.046399655 -0.834504744 0.548362364
1706081104.943428516 100.874973005 404.521488843 -20.573490050 0.028377631 -0.047820615 -0.834424373 0.548310007
1706081105.042407751 100.803289879 404.297515148 -20.552825839 0.028536782 -0.047277766 -0.834440181 0.548324766
1706081105.140069008 100.719037218 404.094154410 -20.532107504 0.029428608 -0.047625007 -0.834179172 0.548644626
1706081105.239133835 100.640289124 403.906272399 -20.520872297 0.029290028 -0.047744979 -0.834148008 0.548688994
1706081105.344317198 100.546787766 403.689460884 -20.508390141 0.028791830 -0.047723389 -0.834132772 0.548740401
1706081105.443978310 100.457810059 403.496286561 -20.497298169 0.028767656 -0.047526258 -0.834160954 0.548715937
1706081105.542532206 100.378179565 403.303933845 -20.490463222 0.028692782 -0.047690526 -0.834152598 0.548718307
1706081105.641093016 100.302471432 403.108247989 -20.488751019 0.028577917 -0.048939777 -0.834141193 0.548631636
1706081105.745155811 100.206485124 402.898719385 -20.476692677 0.028537863 -0.047441686 -0.834230100 0.548630128
1706081105.844986200 100.135874296 402.668089243 -20.465251147 0.028473562 -0.047235162 -0.834390938 0.548406655
1706081105.944827795 100.050082677 402.469488463 -20.449710273 0.027958750 -0.046676847 -0.834576253 0.548198921
1706081106.043902636 99.980867483 402.282393451 -20.436130718 0.028661426 -0.047550749 -0.834657321 0.547964054
1706081106.144722223 99.910537013 402.060316929 -20.422828065 0.028509093 -0.047773726 -0.834924622 0.547545229
1706081106.242086649 99.842812843 401.870461364 -20.415510589 0.027804003 -0.046451138 -0.835269264 0.547169522
1706081106.341185808 99.757421610 401.677894461 -20.406195228 0.027255073 -0.046017395 -0.835436863 0.546977887
1706081106.440211296 99.679446072 401.480007673 -20.400188388 0.027003960 -0.046465782 -0.835590443 0.546717778
1706081106.545342445 99.604885480 401.264828304 -20.401720172 0.027290222 -0.046392535 -0.835711555 0.546524633
1706081106.645015717 99.514920542 401.065575841 -20.387569403 0.026562701 -0.044990103 -0.835855204 0.546458041
1706081106.743402004 99.435777177 400.874591738 -20.381806020 0.026149429 -0.045525191 -0.835864430 0.546419545
1706081106.841995955 99.353170961 400.683808334 -20.368872200 0.025763812 -0.043783784 -0.836054252 0.546289753
1706081106.941043854 99.264147254 400.493882771 -20.355786130 0.026309273 -0.043984568 -0.836144953 0.546108778
1706081107.045467854 99.180636130 400.290487443 -20.334905614 0.026534851 -0.043636650 -0.836226424 0.546001018
1706081107.145302057 99.088384481 400.093519803 -20.324666335 0.025337026 -0.042458577 -0.836368224 0.545933602
1706081107.245035887 99.009541108 399.877940896 -20.308789215 0.025971325 -0.043008991 -0.836460275 0.545719640
1706081107.344413280 98.926986953 399.674197944 -20.300214296 0.025487109 -0.042654019 -0.836583495 0.545581431
1706081107.443237305 98.840268871 399.461379579 -20.280553580 0.025202714 -0.041972154 -0.836627785 0.545579609
1706081107.542316437 98.753213572 399.254622041 -20.265843136 0.024597963 -0.041477897 -0.836854936 0.545296562
1706081107.641487598 98.676210172 399.057618930 -20.252720819 0.024904443 -0.042074752 -0.836859096 0.545230537
1706081107.742083549 98.597312457 398.850288066 -20.241553619 0.025097395 -0.043815596 -0.836860044 0.545083096
1706081107.844897985 98.515680041 398.649463118 -20.238284816 0.025212378 -0.045213103 -0.836866350 0.544953964
1706081107.944401264 98.436912384 398.454778154 -20.226637371 0.026026405 -0.045539051 -0.836857841 0.544901619
1706081108.043230057 98.357724841 398.239684599 -20.218278969 0.026953382 -0.046700573 -0.836805181 0.544839115
1706081108.141886234 98.272628076 398.040857685 -20.209394328 0.026967128 -0.047103700 -0.836916482 0.544632737
1706081108.240656853 98.186566510 397.836084069 -20.197901335 0.027051686 -0.046670248 -0.837081861 0.544411657
1706081108.345216751 98.108393446 397.624885864 -20.190740485 0.026832767 -0.045968838 -0.837224045 0.544263509
1706081108.445234776 97.991515853 397.456286603 -20.188755990 0.026571002 -0.045376537 -0.837045762 0.544600170
1706081108.545079947 97.910630782 397.239357662 -20.169556700 0.027269189 -0.046514490 -0.837128896 0.544341810
1706081108.644306660 97.830607520 397.055325318 -20.161096980 0.027591300 -0.046479398 -0.837041465 0.544463013
1706081108.743372679 97.759743754 396.845740666 -20.149299220 0.027179559 -0.046945248 -0.837003686 0.544501831
1706081108.842387438 97.680862909 396.655552087 -20.134263629 0.026960548 -0.045263449 -0.837013342 0.544640261
1706081108.943135738 97.611595867 396.452823005 -20.118735239 0.026193975 -0.044620602 -0.837080538 0.544627442
1706081109.042126179 97.544596181 396.240457618 -20.107515259 0.026749084 -0.045720343 -0.836983237 0.544658790
1706081109.144517660 97.463311723 396.029683634 -20.094741978 0.027519436 -0.046543028 -0.836783381 0.544857780
1706081109.243809938 97.374020008 395.819886043 -20.086547963 0.027271177 -0.046288575 -0.836741897 0.544955639
1706081109.341996670 97.301429767 395.629408236 -20.070811262 0.026669671 -0.045808486 -0.836764719 0.544990933
1706081109.441051960 97.225460256 395.426528417 -20.062505313 0.026382010 -0.045096652 -0.836704454 0.545156802
1706081109.545453548 97.139362372 395.215398557 -20.047021528 0.026741047 -0.045978980 -0.836518488 0.545350960
1706081109.644527435 97.069124612 395.027976940 -20.038907016 0.026151400 -0.045875986 -0.836424266 0.545532718
1706081109.743024826 96.990401538 394.827502914 -20.026705373 0.026917706 -0.046633602 -0.836040051 0.546019942
1706081109.844968319 96.906436394 394.613280321 -20.017798271 0.025248341 -0.044320091 -0.835995960 0.546359776
1706081109.944509983 96.811005533 394.410941640 -19.998227890 0.025903382 -0.043961665 -0.835758564 0.546721144
1706081110.043509245 96.717688696 394.214816659 -19.989098440 0.025306057 -0.042741022 -0.835634216 0.547035891
1706081110.144104242 96.638885976 394.020453962 -19.986065354 0.025454599 -0.043254901 -0.835443810 0.547279377
1706081110.243296146 96.557806142 393.816265859 -19.977076920 0.024712569 -0.042133728 -0.835297026 0.547624794
1706081110.342308283 96.479936508 393.624485071 -19.961196737 0.025021157 -0.042024174 -0.835049132 0.547997133
1706081110.444330692 96.387160420 393.424614191 -19.957084776 0.024891145 -0.042576876 -0.834656149 0.548558796
1706081110.543892860 96.330759231 393.220832034 -19.951206933 0.025239841 -0.043197572 -0.834460759 0.548791546
1706081110.642317295 96.251352093 393.009674259 -19.937361570 0.024779856 -0.042631802 -0.834249196 0.549178266
1706081110.739271641 96.182285307 392.817058796 -19.924764149 0.024996267 -0.042963387 -0.834029538 0.549476173
1706081110.837945223 96.094636753 392.606628469 -19.920948718 0.024625875 -0.042017098 -0.833924172 0.549725936
1706081110.944081545 96.010060284 392.391198790 -19.900676851 0.024974236 -0.042332407 -0.833675189 0.550063573
1706081111.042850733 95.908010943 392.217723073 -19.897278970 0.024602991 -0.042118428 -0.833411038 0.550496841
1706081111.144825220 95.825364997 392.001584578 -19.882542929 0.024667842 -0.042704885 -0.833292761 0.550627792
1706081111.244579315 95.739573343 391.803040570 -19.882936731 0.024193954 -0.041550804 -0.833206107 0.550868194
1706081111.345304966 95.665117183 391.600402640 -19.872903652 0.025365704 -0.043106004 -0.832901226 0.551156967
1706081111.444389105 95.607046573 391.400991902 -19.869813807 0.025309563 -0.043331141 -0.832684085 0.551469901
1706081111.540910721 95.535033310 391.199069193 -19.858573654 0.025093688 -0.044116263 -0.832470041 0.551740602
1706081111.642208338 95.465012107 390.993035440 -19.831784865 0.026171077 -0.044933190 -0.832196853 0.552036666
1706081111.744980574 95.385224237 390.796798224 -19.822411914 0.026156904 -0.045014358 -0.832024839 0.552289952
1706081111.843878508 95.314396488 390.590692113 -19.815568456 0.026309954 -0.044332466 -0.831940739 0.552464502
1706081111.940338135 95.230653328 390.394188987 -19.785866007 0.026138680 -0.044002919 -0.831833482 0.552660449
1706081112.041299820 95.141127334 390.186122996 -19.772651361 0.025532049 -0.043582804 -0.831807960 0.552760501
1706081112.144834280 95.058090333 389.976107153 -19.762729792 0.024841243 -0.042045540 -0.831818813 0.552894698
1706081112.243646383 94.982294219 389.761249477 -19.745756052 0.025865474 -0.043858539 -0.831668180 0.552933491
1706081112.342193842 94.900056452 389.559932384 -19.719928857 0.025566474 -0.043650276 -0.831671379 0.552959064
1706081112.445177794 94.826455674 389.348807414 -19.729455295 0.025651289 -0.044499217 -0.831557969 0.553058021
1706081112.544516325 94.752805412 389.139681188 -19.726617561 0.025462131 -0.043523095 -0.831638263 0.553023706
1706081112.643258333 94.675340878 388.946015951 -19.712949440 0.025614093 -0.042544864 -0.831618692 0.553122232
1706081112.744233847 94.591808412 388.745933951 -19.721386977 0.024581051 -0.043025259 -0.831660389 0.553069252
1706081112.843310833 94.513804188 388.539554398 -19.708338072 0.024693349 -0.043133495 -0.831635229 0.553093651
1706081112.942640066 94.434932331 388.325559126 -19.695230772 0.024686479 -0.043020141 -0.831681937 0.553032550
1706081113.037930012 94.362692170 388.133495047 -19.700738593 0.023969041 -0.042585850 -0.831733265 0.553020530
1706081113.141458035 94.282718156 387.916631276 -19.694483056 0.025065352 -0.043493707 -0.831529858 0.553207124
1706081113.240047932 94.214677906 387.718895507 -19.686511648 0.024480330 -0.042430014 -0.831573898 0.553249726
1706081113.334656239 94.149621455 387.521698177 -19.685795391 0.024647190 -0.043507216 -0.831460029 0.553329792
1706081113.444706202 94.054766795 387.298068564 -19.674556632 0.024566972 -0.042845503 -0.831512140 0.553306686
1706081113.543282509 93.975251296 387.105918955 -19.655831590 0.024097918 -0.041872639 -0.831539321 0.553360940
1706081113.641851902 93.897538843 386.908911813 -19.656286190 0.023978419 -0.041398229 -0.831426985 0.553570584
1706081113.745128393 93.824922416 386.702522420 -19.671146697 0.023971003 -0.042746071 -0.831323296 0.553624188
1706081113.844318390 93.752606772 386.501633659 -19.682190873 0.024195518 -0.042620332 -0.831198102 0.553812061
1706081113.943053246 93.665302074 386.296358731 -19.646764625 0.023967473 -0.041464140 -0.831074706 0.554094864
1706081114.044426918 93.585373276 386.110940628 -19.656498591 0.023863969 -0.042013255 -0.830974324 0.554208508
1706081114.143802166 93.503659887 385.905098956 -19.640234290 0.023325896 -0.040672777 -0.830872638 0.554483802
1706081114.243044138 93.430785388 385.685097046 -19.609047054 0.024170640 -0.042271264 -0.830476411 0.554921482
1706081114.344521761 93.365270132 385.480211288 -19.601205701 0.024003189 -0.041352147 -0.830309932 0.555247030
1706081114.436316967 93.284235232 385.294396503 -19.591580561 0.023480007 -0.040862365 -0.830075494 0.555656036
1706081114.535718441 93.199800718 385.096467583 -19.573555044 0.023735233 -0.040617227 -0.829807500 0.556063298
1706081114.639064550 93.113140895 384.848470459 -19.570164687 0.023246160 -0.040400222 -0.829598432 0.556411610
1706081114.744316101 93.034156321 384.645321270 -19.538434142 0.023472286 -0.040681041 -0.829242802 0.556911554
1706081114.842728853 92.963053667 384.437770816 -19.515540158 0.023103926 -0.040519703 -0.829086970 0.557170672
1706081114.936679840 92.902539866 384.246324924 -19.485251456 0.024503643 -0.041508183 -0.828735488 0.557560878
1706081115.045385838 92.819358690 384.046450588 -19.476829786 0.024544288 -0.041867802 -0.828382971 0.558055838
1706081115.144075155 92.748677870 383.829576532 -19.462887141 0.025877744 -0.044845979 -0.827880613 0.558509509
1706081115.243563175 92.676911872 383.645538433 -19.449783955 0.026734415 -0.045626200 -0.827554919 0.558888520
1706081115.344889641 92.604974411 383.440787077 -19.432119889 0.026254058 -0.044775419 -0.827336881 0.559302755
1706081115.444129229 92.529650688 383.240881043 -19.425359093 0.027281021 -0.046357816 -0.826924712 0.559734061
1706081115.542937994 92.439732787 383.065865857 -19.445581828 0.026699520 -0.046408547 -0.826509047 0.560371464
1706081115.642199278 92.354261088 382.863632970 -19.430296597 0.028459627 -0.048513663 -0.826007344 0.560846095
1706081115.736789942 92.286509584 382.660259048 -19.418800771 0.028258965 -0.047598447 -0.825793581 0.561249303
1706081115.835233927 92.209728252 382.438707786 -19.404570181 0.028253347 -0.044756258 -0.825598149 0.561770703
1706081115.945144653 92.120017910 382.207499895 -19.394367616 0.028947280 -0.048223812 -0.825009417 0.562313063
1706081116.038765192 92.048320610 382.017653359 -19.363666435 0.029911844 -0.050137838 -0.824499056 0.562843482
1706081116.137712955 91.982917075 381.804883431 -19.361288863 0.029755734 -0.049368733 -0.824264613 0.563262970
1706081116.236997128 91.916582024 381.618865610 -19.336864513 0.029915846 -0.049218711 -0.823896657 0.563805692
1706081116.345104218 91.826162617 381.388170291 -19.323907729 0.029770001 -0.050339552 -0.823422454 0.564406891
1706081116.443714380 91.753141838 381.191643217 -19.334526266 0.030186814 -0.050591954 -0.822952834 0.565046763
1706081116.542453766 91.680142762 380.987764098 -19.346705807 0.029905322 -0.050212887 -0.822649300 0.565537326
1706081116.640906096 91.605702623 380.802580733 -19.326046378 0.029831985 -0.050109272 -0.822254556 0.566124155
1706081116.743969917 91.545885842 380.605515161 -19.308438093 0.030402363 -0.050188500 -0.821671356 0.566932972
1706081116.843248606 91.478079613 380.406583386 -19.302482921 0.029814301 -0.048264282 -0.821461288 0.567435475
1706081116.944360971 91.416253961 380.180689926 -19.303747209 0.029753002 -0.049838810 -0.821032788 0.567922541
1706081117.031388998 91.365605476 379.988185445 -19.284813193 0.029492220 -0.047768732 -0.820768222 0.568496159
1706081117.130325794 91.296191877 379.778893461 -19.304981498 0.029312283 -0.048880942 -0.820268289 0.569132126
1706081117.239859104 91.224073685 379.547121019 -19.283100092 0.029379794 -0.048563328 -0.819939399 0.569629540
1706081117.338827610 91.163243221 379.341503271 -19.289797458 0.028205428 -0.047806975 -0.819652703 0.570165233
1706081117.438091278 91.072304780 379.155840452 -19.258729101 0.028725434 -0.047664268 -0.819165076 0.570851597
1706081117.537229300 91.002760263 378.959040965 -19.231809724 0.028536660 -0.047617552 -0.818878717 0.571275656
1706081117.644802094 90.931551513 378.741393522 -19.224194366 0.028156973 -0.046200846 -0.818660590 0.571723277
1706081117.743474483 90.873957961 378.531910792 -19.203777659 0.027436602 -0.046117659 -0.818526583 0.571956841
1706081117.842087746 90.802322766 378.305372563 -19.163937697 0.028041961 -0.047036643 -0.818211997 0.572302657
1706081117.945117235 90.731539312 378.101137428 -19.159516828 0.027978173 -0.046606922 -0.818014064 0.572623793
1706081118.040274620 90.677625324 377.903058554 -19.151019089 0.027104151 -0.045653113 -0.817971208 0.572803859
1706081118.138830900 90.609869892 377.705919915 -19.128476537 0.026761806 -0.044985137 -0.817917146 0.572949985
1706081118.232444286 90.539996506 377.521736687 -19.113534695 0.026094745 -0.045233031 -0.817879683 0.573014713
1706081118.331429482 90.484355432 377.329033556 -19.123513729 0.026579113 -0.046103889 -0.817673849 0.573216764
1706081118.440960169 90.418058177 377.093728258 -19.069636049 0.027932221 -0.045280400 -0.817694116 0.573189157
1706081118.539990902 90.370152722 376.895891406 -19.052310310 0.027469514 -0.044735535 -0.817846659 0.573036648
1706081118.639219522 90.303780974 376.682018739 -19.049046758 0.027029714 -0.044003836 -0.817941799 0.572978421
1706081118.738374472 90.218526712 376.471303345 -19.027296165 0.026949504 -0.045157447 -0.817912115 0.572934814
1706081118.837453127 90.155089818 376.247298308 -19.034716973 0.025999157 -0.044254828 -0.818175571 0.572672934
1706081118.944450378 90.061616703 376.035373879 -19.025428714 0.026222200 -0.044170798 -0.818141366 0.572718117
1706081119.043049812 89.969611942 375.830625528 -18.989256499 0.026927026 -0.045077843 -0.818031054 0.572772309
1706081119.142584801 89.915376733 375.617069366 -18.978013039 0.026758168 -0.045231258 -0.818111922 0.572652614
1706081119.240154743 89.839318133 375.418927223 -19.001982917 0.026286821 -0.044434425 -0.818192944 0.572621072
1706081119.339872599 89.769113770 375.216569099 -18.991637037 0.026101859 -0.043937169 -0.818409567 0.572358278
1706081119.433525324 89.705380967 375.011349207 -18.983312288 0.026458043 -0.044603703 -0.818428827 0.572262822
1706081119.532501459 89.642934153 374.803826434 -18.980318235 0.027065907 -0.046228429 -0.818499076 0.572004923
1706081119.642012119 89.568394325 374.580722189 -18.983400316 0.026662666 -0.045205017 -0.818695027 0.571825202
1706081119.741127253 89.515729295 374.374133438 -19.011307054 0.025322799 -0.042695544 -0.819123718 0.571464943
1706081119.840389967 89.457611888 374.149367959 -19.006123181 0.025712390 -0.043974501 -0.819134808 0.571334650
1706081119.942540884 89.369107312 373.937942823 -18.917696617 0.026065941 -0.043874359 -0.819105338 0.571368578
1706081120.038561821 89.304567875 373.722306584 -18.900060378 0.025635808 -0.043267005 -0.819328804 0.571113896
1706081120.137652636 89.216643547 373.517304212 -18.923064415 0.024778422 -0.044194712 -0.819235548 0.571214473
1706081120.244147062 89.142011850 373.282347779 -18.931884901 0.025945292 -0.045201349 -0.819294127 0.570999837
1706081120.342839718 89.085763841 373.091103473 -18.938174958 0.025038325 -0.043913225 -0.819571841 0.570742243
1706081120.434861660 89.030352157 372.890822689 -18.923099820 0.025310293 -0.043513768 -0.819672471 0.570616317
1706081120.535667181 88.952602923 372.684259059 -18.941042892 0.025249429 -0.044471955 -0.819710281 0.570490812
1706081120.634605408 88.877223801 372.487087218 -18.913738381 0.025934790 -0.044796332 -0.819697048 0.570453700
1706081120.733587265 88.814602644 372.292396245 -18.949453954 0.024963270 -0.043356151 -0.819918064 0.570290669
1706081120.842693567 88.724579590 372.067749832 -18.933546202 0.025296121 -0.044060690 -0.819901498 0.570245820
1706081120.942227364 88.632516142 371.854778307 -18.872266036 0.027295176 -0.045199128 -0.819742530 0.570293079
1706081121.041409254 88.565970491 371.662727387 -18.855113443 0.026232362 -0.044098898 -0.819991518 0.570071102
1706081121.140541077 88.493761929 371.462780452 -18.848552162 0.025404656 -0.043519911 -0.820089882 0.570011584
1706081121.239629745 88.437764007 371.252138820 -18.857004565 0.026105992 -0.044750532 -0.820117953 0.569844198
1706081121.338725328 88.371934367 371.028695781 -18.905971567 0.025572839 -0.043910796 -0.820252738 0.569739693
1706081121.445066929 88.291545565 370.800890646 -18.868327071 0.026627439 -0.044535219 -0.820183141 0.569743107
1706081121.543717861 88.215343532 370.611918415 -18.797129059 0.027418315 -0.044808732 -0.820201487 0.569657734
1706081121.635926485 88.153592400 370.428972563 -18.820117043 0.026951842 -0.044594501 -0.820328404 0.569514037
1706081121.741117239 88.085708707 370.212767542 -18.820547540 0.026876222 -0.044246871 -0.820491976 0.569309055
1706081121.835679770 88.000806116 370.005139765 -18.776222331 0.026623241 -0.044827887 -0.820410169 0.569393377
1706081121.934672117 87.926942439 369.798563735 -18.790434393 0.026739774 -0.046467447 -0.820404773 0.569264235
1706081122.044123650 87.837581274 369.561720616 -18.723091193 0.027167067 -0.045326524 -0.820584876 0.569076373
1706081122.143351316 87.768432716 369.353167079 -18.714527007 0.026558966 -0.044508609 -0.820764747 0.568910217
1706081122.242538691 87.697579468 369.154844070 -18.688333934 0.028239298 -0.047669698 -0.820620059 0.568781910
1706081122.341663122 87.634021273 368.947377637 -18.727933656 0.026994310 -0.046427940 -0.820919853 0.568512399
1706081122.440728903 87.566513332 368.740940682 -18.720001504 0.027157905 -0.046522765 -0.821068795 0.568281720
1706081122.539811134 87.499372864 368.527885483 -18.725262730 0.026767852 -0.046063169 -0.821129365 0.568250150
1706081122.639509439 87.425834081 368.314617509 -18.717989199 0.026073618 -0.043689289 -0.821434145 0.568029363
1706081122.744788647 87.348420605 368.089255921 -18.711997101 0.026180956 -0.044744590 -0.821443138 0.567929266
1706081122.843350649 87.277086755 367.902208577 -18.646215014 0.027813366 -0.046845577 -0.821227131 0.567994638
1706081122.941997766 87.214040517 367.684748347 -18.669312956 0.026463662 -0.045450942 -0.821478218 0.567809320
1706081123.036751270 87.144133053 367.483524906 -18.690753897 0.025513731 -0.044134117 -0.821592224 0.567791728
1706081123.140269756 87.075244679 367.262486389 -18.686285640 0.025961230 -0.044254951 -0.821630969 0.567705966
1706081123.245125771 86.996986634 367.041823926 -18.604728840 0.026515573 -0.044993700 -0.821572058 0.567707535
1706081123.344454527 86.921090311 366.842395343 -18.607003282 0.025869442 -0.044958869 -0.821597849 0.567702780
1706081123.443653584 86.852183232 366.627284252 -18.595556504 0.026338905 -0.045624882 -0.821660243 0.567537731
1706081123.542757988 86.759168769 366.418948438 -18.499160929 0.028508987 -0.045742602 -0.821510958 0.567639496
1706081123.641831160 86.682450867 366.209115011 -18.506427009 0.027128100 -0.044617951 -0.821701376 0.567521060
1706081123.740902662 86.608432431 366.009632046 -18.468230814 0.027625406 -0.045990560 -0.821781811 0.567270976
1706081123.839983940 86.548162922 365.810212043 -18.455249654 0.028824940 -0.048682888 -0.821660620 0.567162168
1706081123.939079046 86.477637496 365.596659191 -18.491893692 0.027208556 -0.046164305 -0.822067784 0.566862514
1706081124.044594288 86.395426175 365.383111417 -18.455100971 0.028088589 -0.047138317 -0.822102992 0.566688345
1706081124.138931036 86.321847010 365.179097918 -18.449365882 0.028627516 -0.047747574 -0.822213473 0.566450032
1706081124.241842508 86.248336110 364.981535894 -18.443949584 0.028948637 -0.048185786 -0.822358571 0.566185912
1706081124.336860657 86.183883911 364.789733871 -18.428205894 0.028588666 -0.047984782 -0.822578776 0.565901321
1706081124.435673952 86.097231706 364.583263170 -18.405487022 0.027758788 -0.047019022 -0.822806549 0.565692535
1706081124.545125008 86.008363375 364.359799747 -18.349217916 0.028299911 -0.047022154 -0.822943564 0.565466112
1706081124.644745827 85.950159689 364.162647711 -18.354631454 0.028308271 -0.047458487 -0.823144163 0.565137170
1706081124.743834734 85.873772111 363.948479327 -18.370410269 0.027821441 -0.046499696 -0.823377702 0.564900793
1706081124.842918396 85.785524964 363.718136258 -18.412659353 0.027106633 -0.045233202 -0.823499515 0.564860812
1706081124.942013741 85.712863204 363.492095479 -18.366445569 0.028158519 -0.047553316 -0.823544664 0.564552891
1706081125.041536570 85.639261160 363.289026475 -18.374544457 0.027232146 -0.046923741 -0.823832855 0.564230449
1706081125.140141010 85.565691812 363.089457286 -18.361676206 0.027330081 -0.046346752 -0.823984305 0.564052223
1706081125.239186525 85.496043954 362.889170343 -18.294689026 0.028221204 -0.046732773 -0.824090966 0.563820620
1706081125.344239712 85.412652916 362.674500777 -18.249178022 0.027136408 -0.045296600 -0.824378827 0.563570211
1706081125.442881823 85.331495457 362.473934771 -18.152857576 0.027950789 -0.045592745 -0.824373884 0.563513757
1706081125.541500330 85.256471125 362.284067416 -18.167076342 0.027206612 -0.044991297 -0.824573417 0.563306545
1706081125.637085199 85.184685721 362.080703255 -18.168276829 0.026950316 -0.044893036 -0.824691191 0.563154272
1706081125.744434595 85.110544634 361.867553315 -18.155830597 0.028548490 -0.047076604 -0.824569753 0.563075039
1706081125.845457315 85.046877944 361.653875576 -18.151082175 0.027274090 -0.044562609 -0.824917846 0.562832876
1706081125.944948673 84.976072312 361.436672366 -18.151327533 0.027878248 -0.045934212 -0.824900908 0.562717819
1706081126.044015408 84.900016622 361.216947793 -18.180367056 0.027333762 -0.044547734 -0.825089538 0.562579433
1706081126.143071890 84.834476506 361.017414351 -18.187595806 0.027667613 -0.046011814 -0.825100104 0.562429759
1706081126.242189646 84.751937438 360.809573667 -18.159177298 0.027224585 -0.044956295 -0.825117330 0.562511462
1706081126.341253757 84.672096372 360.599187025 -18.170488965 0.026613035 -0.044397876 -0.825299924 0.562317179
1706081126.440275431 84.591466780 360.397819769 -18.118021643 0.027737075 -0.044585355 -0.825224769 0.562358321
1706081126.545117617 84.517553121 360.168656415 -18.088679763 0.027828545 -0.045013460 -0.825381923 0.562088999
1706081126.640062094 84.440398304 359.965188186 -18.114240359 0.027228239 -0.045558606 -0.825433241 0.561999111
1706081126.742540359 84.353066532 359.750189003 -18.228619920 0.025178536 -0.042426678 -0.825749497 0.561875241
1706081126.837858200 84.281714018 359.547630522 -18.206523193 0.026425869 -0.045012124 -0.825567075 0.561884851
1706081126.944885969 84.210415634 359.328065980 -18.243756072 0.026372247 -0.045337255 -0.825745139 0.561599504
1706081127.045139313 84.164536428 359.150353317 -18.259512789 0.026331682 -0.045370059 -0.825968607 0.561270043
1706081127.144983053 84.097086765 358.948874976 -18.192391371 0.026507064 -0.045673484 -0.826123126 0.561009705
1706081127.244845629 84.028052197 358.737300542 -18.152859504 0.026315660 -0.045724554 -0.826297832 0.560757206
1706081127.344937563 83.938224117 358.531642835 -18.153394809 0.025802013 -0.044406752 -0.826581591 0.560468705
1706081127.443600416 83.855085399 358.331415787 -18.175590021 0.026350006 -0.044387826 -0.826603325 0.560412653
1706081127.542384863 83.770433104 358.127509386 -18.159890485 0.026416006 -0.045464583 -0.826767483 0.560080972
1706081127.641363859 83.694317737 357.905647902 -18.138285387 0.026797576 -0.045198823 -0.826924485 0.559852528
1706081127.742147207 83.609691099 357.669803002 -18.117045612 0.027271935 -0.046449071 -0.826970834 0.559658793
1706081127.844966888 83.541203020 357.445777707 -18.148340838 0.026577364 -0.046424184 -0.827131304 0.559457099
1706081127.940137625 83.471345423 357.247682645 -18.135464266 0.026565764 -0.045969886 -0.827315699 0.559222463
1706081128.038972855 83.389223645 357.038906946 -18.167127610 0.025999380 -0.045058405 -0.827528823 0.559007889
1706081128.140776634 83.311276787 356.830702464 -18.182046142 0.026335048 -0.046291228 -0.827607610 0.558774759
1706081128.237463951 83.235281643 356.625582449 -18.209626459 0.026358696 -0.046078841 -0.827812126 0.558488177
1706081128.345171690 83.160086699 356.412449243 -18.209243759 0.026130509 -0.045748074 -0.828027972 0.558206044
1706081128.445275307 83.078665937 356.229911125 -18.117760047 0.026153794 -0.044214531 -0.828260714 0.557983193
1706081128.545122385 83.009552518 356.032345680 -18.095856694 0.027698267 -0.047402835 -0.828232151 0.557689234
1706081128.644413233 82.939738886 355.826255654 -18.110615832 0.027491344 -0.047871963 -0.828420675 0.557379302
1706081128.743491411 82.882730950 355.609654501 -18.111781075 0.026328859 -0.047626965 -0.828815137 0.556869762
1706081128.842446089 82.791952268 355.407378075 -18.053679418 0.026240582 -0.046187528 -0.829024254 0.556683869
1706081128.943224907 82.718685881 355.208092323 -18.048110460 0.027156121 -0.046829324 -0.829240739 0.556263748
1706081129.042159319 82.624882008 355.007982142 -17.977021626 0.026648268 -0.045136415 -0.829443742 0.556125573
1706081129.144591331 82.527303498 354.801827907 -17.963443660 0.026201498 -0.044473628 -0.829687136 0.555837057
1706081129.240390778 82.436415766 354.617817320 -17.944859016 0.026081414 -0.045658821 -0.829781227 0.555606108
1706081129.339433193 82.355876089 354.420166278 -17.914991600 0.026519057 -0.045602470 -0.830013392 0.555243121
1706081129.438609123 82.274769892 354.204836861 -17.887707698 0.027802416 -0.047844761 -0.830032067 0.554963668
1706081129.538001299 82.206031484 353.992977460 -17.873177950 0.027862073 -0.046824883 -0.830386063 0.554517919
1706081129.644351721 82.132404817 353.768866303 -17.921387276 0.026870001 -0.046450463 -0.830714277 0.554106621
1706081129.742929935 82.056878758 353.564399478 -17.900687036 0.026632523 -0.046693737 -0.830956536 0.553734268
1706081129.845432997 81.968387269 353.354054965 -17.889790420 0.026904800 -0.046260176 -0.831151529 0.553464781
1706081129.944570065 81.873726792 353.155227931 -17.880931857 0.026962789 -0.045424019 -0.831357454 0.553221881
1706081130.043537617 81.791796822 352.942810887 -17.818338259 0.027379342 -0.045694705 -0.831566010 0.552865568
1706081130.144328833 81.717450016 352.745825195 -17.815823291 0.026347679 -0.045158356 -0.831931946 0.552409051
1706081130.243294477 81.650003018 352.528246574 -17.792021439 0.028028233 -0.048958573 -0.831905722 0.552041978
1706081130.342353582 81.580744149 352.322466408 -17.795959532 0.027149080 -0.046358445 -0.832388280 0.551582789
1706081130.445047140 81.499625906 352.105007016 -17.782395397 0.027168365 -0.046587751 -0.832588724 0.551259900
1706081130.540271521 81.428967523 351.922507057 -17.764081172 0.027802074 -0.045945730 -0.832903411 0.550806630
1706081130.642788649 81.336138964 351.717866582 -17.752296172 0.028075161 -0.046109798 -0.833020168 0.550602462
1706081130.740633965 81.265031263 351.527902433 -17.765947339 0.027979601 -0.047375626 -0.833112336 0.550360361
1706081130.845375061 81.176168893 351.294113599 -17.758158220 0.027832056 -0.047582295 -0.833153618 0.550287516
1706081130.944305182 81.091799494 351.092441822 -17.743583758 0.027222067 -0.046434461 -0.833379830 0.550073503
1706081131.042528868 81.018943822 350.898424838 -17.754073472 0.027412624 -0.046823667 -0.833338360 0.550093874
1706081131.144951105 80.938842368 350.699222848 -17.728139094 0.027071042 -0.045504685 -0.833292835 0.550290408
1706081131.244606495 80.836296086 350.508020982 -17.685454818 0.027050478 -0.044972715 -0.833183994 0.550499917
1706081131.345398664 80.750381186 350.298212291 -17.663564942 0.025590116 -0.044443589 -0.833189396 0.550604526
1706081131.444443703 80.674235233 350.112876823 -17.643982035 0.026936482 -0.044758826 -0.833015155 0.550778381
1706081131.543508530 80.587218208 349.890875680 -17.629609939 0.025993655 -0.044308450 -0.832943365 0.550968640
1706081131.642553329 80.502598811 349.686380548 -17.639534325 0.025772025 -0.043750703 -0.832757317 0.551304753
1706081131.744743109 80.430810022 349.478904075 -17.602323267 0.027056957 -0.045847396 -0.832451157 0.551535138
1706081131.843229055 80.360912202 349.278910031 -17.586872327 0.026427026 -0.044463170 -0.832357338 0.551820533
1706081131.942209482 80.280781517 349.066995986 -17.571441385 0.026903942 -0.045442224 -0.832158016 0.552018313
1706081132.034125566 80.210890378 348.869966901 -17.584886289 0.026580148 -0.045794522 -0.832057557 0.552156300
1706081132.144942522 80.130901473 348.633687264 -17.589583069 0.026799660 -0.046098243 -0.831929807 0.552312888
1706081132.243537903 80.051009002 348.425888800 -17.583504752 0.026559822 -0.045363947 -0.831899711 0.552430592
1706081132.342263460 79.985543727 348.227408275 -17.582276267 0.027320882 -0.045629268 -0.831737462 0.552615900
1706081132.445304632 79.898866537 348.015424528 -17.561366232 0.027010865 -0.045960656 -0.831579237 0.552841753
1706081132.544473171 79.810937676 347.829143638 -17.500374753 0.027537626 -0.045641952 -0.831429105 0.553067930
1706081132.643213034 79.740556087 347.636428378 -17.509251324 0.028080782 -0.046586664 -0.831207208 0.553295337
1706081132.744618654 79.662303562 347.417996891 -17.510500521 0.027427819 -0.045772841 -0.831194228 0.553415502
1706081132.843625784 79.571730313 347.211843660 -17.496333192 0.026910015 -0.045424054 -0.831124970 0.553573655
1706081132.942786455 79.496562893 347.004346346 -17.486001415 0.026962072 -0.046054513 -0.830935608 0.553803254
1706081133.042290926 79.404338726 346.794914247 -17.492446536 0.024662395 -0.042482696 -0.831162475 0.553855512
1706081133.143504381 79.317382555 346.582668836 -17.449808653 0.027090664 -0.045335412 -0.830856143 0.553975511
1706081133.241586208 79.247253282 346.381339895 -17.437462427 0.026473132 -0.045680011 -0.830681221 0.554239316
1706081133.341346741 79.167174991 346.179773078 -17.454503449 0.026675633 -0.045932685 -0.830593797 0.554339737
1706081133.444532633 79.106850021 345.972307704 -17.437247473 0.026509541 -0.045369581 -0.830624811 0.554347606
1706081133.543198347 79.032628556 345.767076313 -17.409591468 0.026804663 -0.044903771 -0.830555670 0.554474923
1706081133.641768932 78.952094472 345.557655230 -17.388398905 0.026800860 -0.045129836 -0.830421782 0.554657260
1706081133.744824171 78.875298395 345.338733652 -17.380173251 0.026943855 -0.045191295 -0.830407565 0.554666613
1706081133.844793320 78.801319770 345.128807702 -17.364657167 0.026773755 -0.045976965 -0.830360234 0.554681140
1706081133.943324327 78.723070071 344.915872211 -17.346469708 0.026709597 -0.044831359 -0.830353501 0.554788077
1706081134.044478655 78.636680428 344.704544787 -17.335664540 0.027337875 -0.046146008 -0.830071346 0.555071839
1706081134.143937588 78.552010057 344.494671271 -17.332444525 0.026822639 -0.045908495 -0.830043366 0.555158506
1706081134.243434668 78.479385309 344.280062205 -17.325028079 0.025654610 -0.044568031 -0.830147192 0.555167697
1706081134.343636513 78.396489597 344.073688173 -17.316533175 0.026089527 -0.044986903 -0.829978450 0.555365904
1706081134.436653852 78.324481524 343.904787866 -17.310299447 0.025508677 -0.043694832 -0.830022137 0.555430753
1706081134.541191101 78.248813858 343.698992219 -17.298994031 0.026775097 -0.045551280 -0.829859381 0.555465195
1706081134.645040989 78.167625656 343.484416498 -17.286067915 0.026292573 -0.044839682 -0.829935109 0.555433001
1706081134.744251966 78.084592296 343.289898899 -17.272261749 0.026333298 -0.044948743 -0.829874630 0.555512615
1706081134.842797756 78.019365579 343.072227319 -17.253044959 0.026667505 -0.045182239 -0.829933694 0.555389479
1706081134.941282988 77.951018284 342.876205169 -17.238515783 0.026156610 -0.044611081 -0.830072950 0.555251817
1706081135.044797659 77.867137946 342.662747537 -17.230022924 0.026827790 -0.045714091 -0.829960067 0.555298819
1706081135.144389868 77.787150559 342.453586583 -17.213178748 0.026625492 -0.045390631 -0.830030028 0.555230517
1706081135.243548155 77.710627767 342.267103912 -17.203736481 0.026755059 -0.044965289 -0.830124666 0.555117401
1706081135.344956875 77.642933874 342.054114275 -17.193465798 0.026012138 -0.045076795 -0.830216577 0.555006204
1706081135.444522619 77.556478382 341.856316074 -17.177282275 0.026199824 -0.043877375 -0.830145899 0.555199182
1706081135.543215036 77.470185101 341.646556818 -17.162290155 0.025916867 -0.043621549 -0.830172791 0.555192411
1706081135.643499136 77.374514831 341.405240077 -17.154936770 0.025927737 -0.043707285 -0.830144834 0.555226963
1706081135.743251085 77.290851715 341.203889581 -17.142536165 0.025931106 -0.043707912 -0.830065211 0.555345785
1706081135.841892958 77.215858479 340.992256273 -17.132924710 0.025580923 -0.043840978 -0.830117467 0.555273424
1706081135.934145451 77.151353735 340.803927782 -17.122347205 0.026657581 -0.044943056 -0.829891810 0.555471943
1706081136.043852568 77.072553443 340.583851025 -17.108334177 0.026849571 -0.045619858 -0.829789258 0.555560722
1706081136.142318249 76.993914926 340.370576318 -17.092417692 0.026979740 -0.044772912 -0.829664413 0.555809718
1706081136.240584612 76.922712146 340.175774166 -17.078782392 0.026158199 -0.044234718 -0.829650122 0.555913404
1706081136.344997644 76.837276799 339.955740341 -17.065086033 0.026077933 -0.044692178 -0.829434927 0.556201629
1706081136.443673372 76.754344524 339.748257487 -17.056110632 0.026132713 -0.043916815 -0.829319464 0.556432944
1706081136.544182539 76.685450982 339.559851252 -17.036032267 0.026241108 -0.042971632 -0.829166725 0.556729184
1706081136.644985914 76.591448926 339.348027321 -17.029027654 0.025729944 -0.043088644 -0.829031610 0.556945176
1706081136.744227409 76.516484807 339.121377661 -17.014978428 0.025933228 -0.043416395 -0.828961110 0.557015226
1706081136.839304924 76.437891651 338.920788091 -16.997508546 0.026308855 -0.043323459 -0.828853270 0.557165307
1706081136.944567204 76.352401453 338.700369628 -16.986024787 0.026617825 -0.044363809 -0.828723535 0.557261740
1706081137.035499573 76.294397019 338.516608773 -16.974271849 0.026519234 -0.044671593 -0.828640635 0.557365120
1706081137.135007620 76.206930750 338.329966175 -16.963988534 0.025542090 -0.042817660 -0.828489836 0.557780281
1706081137.244919538 76.119859543 338.085548071 -16.949356425 0.024998735 -0.042113603 -0.828516894 0.557818307
1706081137.343346119 76.036460086 337.892885112 -16.929482176 0.025729899 -0.042395599 -0.828332974 0.558036800
1706081137.442154646 75.961296950 337.671891865 -16.925140801 0.024986328 -0.042812448 -0.828375256 0.557975997
1706081137.540059566 75.888145868 337.469029330 -16.912469806 0.025199960 -0.042084881 -0.828219773 0.558252481
1706081137.644677639 75.804526209 337.234326041 -16.903009981 0.024124885 -0.040104552 -0.828288539 0.558343721
1706081137.744154453 75.733673325 337.032916979 -16.894750630 0.024377668 -0.040138531 -0.828212717 0.558442766
1706081137.841974497 75.656246110 336.831402352 -16.873159352 0.024224810 -0.040039180 -0.828067041 0.558672532
1706081137.941234112 75.587694009 336.630294441 -16.859689605 0.024460799 -0.041045365 -0.828114566 0.558518767
1706081138.039271593 75.507866328 336.430244863 -16.845942211 0.025098190 -0.041732932 -0.827844774 0.558839398
1706081138.145307779 75.409688793 336.228093210 -16.840310916 0.024086578 -0.039076387 -0.827867514 0.559042263
1706081138.244025707 75.329357935 336.010507574 -16.831574437 0.024216976 -0.039915014 -0.827777475 0.559110707
1706081138.339610338 75.251524756 335.803842434 -16.828687227 0.023616684 -0.040656251 -0.827531181 0.559447466
1706081138.444827318 75.181455952 335.586220081 -16.823277942 0.024636696 -0.041829873 -0.827197455 0.559810383
1706081138.544550896 75.107871464 335.364849457 -16.804216060 0.024657639 -0.041478553 -0.827083347 0.560004168
1706081138.639406681 75.045332979 335.157526500 -16.792107368 0.025232817 -0.043849576 -0.826761609 0.560272935
1706081138.741689920 74.972808313 334.939825101 -16.770514374 0.026677049 -0.045006421 -0.826339078 0.560737448
1706081138.837598324 74.903909142 334.747922315 -16.754226259 0.026999186 -0.043573312 -0.826230219 0.560995575
1706081138.944406748 74.821456277 334.535487765 -16.744781257 0.026083859 -0.044149232 -0.825846030 0.561559269
1706081139.043517351 74.749108110 334.322212271 -16.737127557 0.025905502 -0.044069960 -0.825649435 0.561862754
1706081139.142305374 74.679186708 334.131651053 -16.728712804 0.026128490 -0.044389543 -0.825315433 0.562317799
1706081139.241252184 74.603399058 333.919303301 -16.703340055 0.026607320 -0.044112053 -0.825101543 0.562630982
1706081139.339653254 74.527461287 333.735168671 -16.694337817 0.026385747 -0.044344275 -0.824757084 0.563127987
1706081139.437376738 74.456560968 333.543081296 -16.680206919 0.026355644 -0.044226124 -0.824447053 0.563592484
1706081139.537032843 74.390424830 333.324565431 -16.673245210 0.026291307 -0.045588310 -0.824117462 0.563968866
1706081139.642507792 74.304115432 333.103099151 -16.662126905 0.025933515 -0.043565049 -0.823909597 0.564448860
1706081139.741333723 74.236572305 332.880188788 -16.647380878 0.026476230 -0.044818051 -0.823729439 0.564588490
1706081139.844076872 74.166542903 332.667546794 -16.653017619 0.026329733 -0.045131937 -0.823378456 0.565082093
1706081139.939598560 74.102883151 332.455843810 -16.635579777 0.027098233 -0.046013716 -0.823157871 0.565295979
1706081140.039355516 74.022387430 332.256933716 -16.640291653 0.027329724 -0.045566393 -0.822905977 0.565687673
1706081140.145422220 73.942199849 332.027611128 -16.618579569 0.026727330 -0.044798637 -0.822849985 0.565859200
1706081140.245005608 73.869250234 331.844103234 -16.630916338 0.025563232 -0.043645257 -0.822716073 0.566197736
1706081140.342683792 73.805457532 331.639485468 -16.637346529 0.025392073 -0.043402867 -0.822444207 0.566618885
1706081140.441346169 73.737450563 331.436297707 -16.634959245 0.027288166 -0.045298932 -0.822046380 0.566959532
1706081140.539957047 73.665388105 331.220153801 -16.614049389 0.026186199 -0.043971407 -0.821942023 0.567267228
1706081140.634666920 73.604973306 331.019956949 -16.583133181 0.026665336 -0.044539813 -0.821719728 0.567522557
1706081140.733695984 73.532698432 330.803595570 -16.575356055 0.025370211 -0.042397390 -0.821723309 0.567740801
1706081140.843633413 73.452444356 330.577693018 -16.563874946 0.025355371 -0.042968405 -0.821508018 0.568010033
1706081140.942450285 73.385344811 330.381710724 -16.559822650 0.025460076 -0.043452409 -0.821386489 0.568144267
1706081141.041593790 73.323859846 330.180675039 -16.539698265 0.024705661 -0.043379483 -0.821454262 0.568085158
1706081141.140725136 73.244810195 329.962326335 -16.501983624 0.025234973 -0.042845778 -0.821310375 0.568310394
1706081141.241737604 73.162719188 329.743452887 -16.488620918 0.024363752 -0.040484617 -0.821435596 0.568340536
1706081141.339039564 73.092893113 329.555289929 -16.472810260 0.025196381 -0.042002009 -0.821212364 0.568516691
1706081141.444936752 73.020844750 329.353170698 -16.468551919 0.024825565 -0.041471686 -0.821270996 0.568487240
1706081141.543741941 72.961631195 329.168632752 -16.449234799 0.025988678 -0.042006217 -0.821223869 0.568464091
1706081141.642369032 72.887716474 328.958675155 -16.458617821 0.024604378 -0.040979328 -0.821280711 0.568518525
1706081141.736951590 72.818859606 328.763015237 -16.420042456 0.025423737 -0.042407195 -0.821151040 0.568565065
1706081141.839424133 72.762206911 328.563660740 -16.355827012 0.025953775 -0.041470575 -0.821221545 0.568508371
1706081141.938242197 72.687781875 328.352785189 -16.360159841 0.025487748 -0.041668306 -0.821211514 0.568529486
1706081142.044751644 72.604407288 328.127241124 -16.328878306 0.026323354 -0.044270762 -0.820903209 0.568739926
1706081142.143561125 72.521323764 327.923489777 -16.323002706 0.026121809 -0.042990066 -0.820776683 0.569030000
1706081142.242697954 72.449356593 327.705129108 -16.305903980 0.025832301 -0.042573937 -0.820713071 0.569166238
1706081142.342651844 72.374684426 327.485586538 -16.328084652 0.025330148 -0.043177973 -0.820575855 0.569341121
1706081142.443467379 72.308344213 327.268462305 -16.312005210 0.025285372 -0.042782244 -0.820415805 0.569603578
1706081142.539984703 72.231790486 327.059348981 -16.312912106 0.025458411 -0.042252306 -0.820326580 0.569763910
1706081142.639048100 72.176756119 326.834620405 -16.337568762 0.024648834 -0.042163875 -0.820196441 0.569993369
1706081142.744747162 72.114341999 326.618899028 -16.352794765 0.025492664 -0.042858026 -0.819959817 0.570244871
1706081142.843353271 72.042704771 326.424787389 -16.337592690 0.024405642 -0.042217576 -0.819790188 0.570583989
1706081142.941851377 71.969238540 326.219028757 -16.322562979 0.025443702 -0.042842402 -0.819468413 0.570954171
1706081143.040695429 71.906914716 326.018698075 -16.359721936 0.024054652 -0.040908733 -0.819425149 0.571218237
1706081143.139266014 71.843812818 325.816274434 -16.364032653 0.023485170 -0.039536649 -0.819317153 0.571493397
1706081143.245313406 71.769786171 325.599621340 -16.342179218 0.024177040 -0.040415982 -0.818974445 0.571894115
1706081143.344705343 71.698133878 325.402176876 -16.372775269 0.023880882 -0.042350914 -0.818580799 0.572329956
1706081143.443816423 71.629155174 325.193102644 -16.374716706 0.024110144 -0.042139205 -0.818388507 0.572610898
1706081143.542902946 71.557686606 324.988902628 -16.357402199 0.023834216 -0.041219250 -0.818301641 0.572813520
1706081143.642299175 71.498055008 324.771191437 -16.373857593 0.024752371 -0.042082866 -0.817936247 0.573233503
1706081143.741050720 71.435096729 324.556239750 -16.340249672 0.024044293 -0.041986172 -0.817935490 0.573271809
1706081143.840143204 71.369779471 324.328066186 -16.283684728 0.024974392 -0.043047053 -0.817524751 0.573739063
1706081143.939198256 71.288292179 324.108510403 -16.216877870 0.025803637 -0.042695659 -0.817228407 0.574150663
1706081144.044285297 71.216128421 323.895751193 -16.230060722 0.024964161 -0.042396911 -0.817032752 0.574488272
1706081144.139083147 71.148804114 323.692353859 -16.200087638 0.026551481 -0.044950541 -0.816670247 0.574738354
1706081144.238009691 71.068180485 323.463645691 -16.153176288 0.026593574 -0.044737060 -0.816355503 0.575200026
1706081144.337061882 70.995715645 323.255570642 -16.232706560 0.024891189 -0.044328451 -0.816182302 0.575553530
1706081144.436055660 70.930399830 323.064189333 -16.226752113 0.025323848 -0.044262077 -0.815894757 0.575947321
1706081144.545163393 70.867687644 322.832375283 -16.186308198 0.025577165 -0.042785084 -0.815676413 0.576356864
1706081144.644897699 70.823759431 322.624843114 -16.198432368 0.026088474 -0.043374341 -0.815500219 0.576539202
1706081144.744499683 70.760859533 322.417517688 -16.302641852 0.024581675 -0.044177105 -0.815119238 0.577082969
1706081144.844813347 70.687562519 322.207719375 -16.289559443 0.025575483 -0.043993550 -0.814842782 0.577444112
1706081144.942133665 70.632441623 322.026692462 -16.300798086 0.025313508 -0.042341538 -0.814627438 0.577882824
1706081145.041229725 70.548865219 321.834402410 -16.266293543 0.025388500 -0.042573839 -0.814336756 0.578272029
1706081145.140301943 70.478013695 321.614884499 -16.216144340 0.024731836 -0.042517656 -0.814081793 0.578663476
1706081145.241089344 70.417159696 321.385285141 -16.249292449 0.024322790 -0.041798802 -0.813852150 0.579056077
1706081145.340160608 70.350592178 321.173006074 -16.231740082 0.024162419 -0.041481106 -0.813617954 0.579414636
1706081145.439091682 70.297146264 320.978628980 -16.235000614 0.024467219 -0.042230804 -0.813318296 0.579768285
1706081145.541980505 70.233179395 320.759595358 -16.215479646 0.023803787 -0.041495721 -0.813120458 0.580126371
1706081145.637189150 70.167485957 320.561410725 -16.234294645 0.022397403 -0.040707324 -0.813089761 0.580281234
1706081145.744853020 70.090074338 320.340760123 -16.209652872 0.023681197 -0.041339595 -0.812813629 0.580572341
1706081145.845493555 70.028119877 320.129004081 -16.188977189 0.023813951 -0.041918650 -0.812651542 0.580752266
1706081145.945302010 69.955629030 319.911344991 -16.178140533 0.022972848 -0.040219094 -0.812646536 0.580913315
1706081146.044185400 69.891046571 319.702696330 -16.142536725 0.024149668 -0.041266098 -0.812435309 0.581087576
1706081146.143264055 69.831793863 319.489379464 -16.119181984 0.024774185 -0.042266831 -0.812278650 0.581208353
1706081146.242328405 69.768961957 319.266538969 -16.095616363 0.024670337 -0.042327491 -0.812294972 0.581185544
1706081146.341395140 69.695982291 319.052259607 -16.066503558 0.024345014 -0.041885972 -0.812203300 0.581359343
1706081146.442218065 69.623150117 318.844099460 -16.071658887 0.023562610 -0.041375754 -0.812321421 0.581263072
1706081146.541233063 69.565454976 318.638675528 -16.053551623 0.023801562 -0.040610881 -0.812379452 0.581226176
1706081146.640208483 69.497323727 318.425596717 -16.042169926 0.023390133 -0.039883801 -0.812510301 0.581110312
1706081146.743199348 69.432809296 318.218193169 -16.024228864 0.023631691 -0.040537652 -0.812533745 0.581022508
1706081146.841420650 69.361245070 318.004017042 -16.014192291 0.022985382 -0.038349428 -0.812672704 0.581002642
1706081146.940366983 69.299464419 317.795477140 -15.999657137 0.022608240 -0.039234139 -0.812740893 0.580862971
1706081147.045132637 69.233599876 317.596024787 -15.988866565 0.023470326 -0.040312429 -0.812653671 0.580876978
1706081147.144246101 69.178923262 317.391121786 -15.979111249 0.024065998 -0.040364740 -0.812742972 0.580724011
1706081147.244839668 69.108603318 317.169300074 -15.967237256 0.023694779 -0.039661055 -0.812789023 0.580723309
1706081147.344367504 69.042624418 316.964215585 -15.953777339 0.023980281 -0.041009712 -0.812758307 0.580660903
1706081147.443433762 68.982205513 316.749229342 -15.941135271 0.022874212 -0.039540586 -0.812937498 0.580556576
1706081147.542482853 68.906260218 316.525526271 -15.936505768 0.021985107 -0.038157276 -0.813020307 0.580567530
1706081147.643317461 68.845510156 316.313216484 -15.924867261 0.023145262 -0.041401816 -0.812838622 0.580554529
1706081147.742329121 68.770484889 316.095544762 -15.904961071 0.022177550 -0.039356673 -0.812960049 0.580564525
1706081147.841292381 68.711054049 315.883804708 -15.896838054 0.022676512 -0.039495843 -0.812936675 0.580568528
1706081147.944283247 68.647269892 315.655925166 -15.887777169 0.022908405 -0.039724906 -0.812826637 0.580697852
1706081148.043029070 68.590381603 315.468219621 -15.866042831 0.022461219 -0.038897378 -0.812952443 0.580595224
1706081148.141671896 68.531272620 315.254646407 -15.854970129 0.022814251 -0.039273003 -0.812803802 0.580764255
1706081148.244655848 68.463115278 315.029845647 -15.855242845 0.022826299 -0.040245242 -0.812739537 0.580787160
1706081148.344592810 68.380967037 314.812383489 -15.852886579 0.022774376 -0.039157043 -0.812761400 0.580832989
1706081148.444927692 68.324330379 314.604125967 -15.838093044 0.024450247 -0.041371972 -0.812537397 0.580924715
1706081148.544780254 68.266979938 314.405863233 -15.819906510 0.024202034 -0.040778700 -0.812520984 0.581000009
1706081148.644528151 68.208671192 314.195945230 -15.800358208 0.023154365 -0.039713692 -0.812635269 0.580956640
1706081148.743756294 68.140919907 313.982347698 -15.784911970 0.022565778 -0.038588236 -0.812531931 0.581200132
1706081148.844380617 68.072632691 313.777095768 -15.755408413 0.023434184 -0.040030148 -0.812386714 0.581271239
1706081148.943376303 68.010782605 313.574356436 -15.741631277 0.023219204 -0.039856649 -0.812374981 0.581308185
1706081149.042369843 67.937652959 313.358826491 -15.749916023 0.022574517 -0.040367491 -0.812297047 0.581407228
1706081149.145324469 67.864083616 313.140237995 -15.751189410 0.022362573 -0.039059078 -0.812278858 0.581530189
1706081149.243454456 67.796507907 312.922069056 -15.728295235 0.023118886 -0.040655498 -0.812164456 0.581550982
1706081149.339598894 67.739844032 312.718549198 -15.706746973 0.022998596 -0.040143269 -0.812174152 0.581577793
1706081149.439142942 67.683146250 312.496538894 -15.699626098 0.022636174 -0.040615735 -0.812055398 0.581725018
1706081149.537843227 67.615911807 312.292239682 -15.697556645 0.023140558 -0.040928949 -0.811968947 0.581803888
1706081149.644212961 67.544071746 312.053282912 -15.681766645 0.021714377 -0.039975222 -0.812077161 0.581774142
1706081149.745203495 67.472498900 311.830008474 -15.671502453 0.021809659 -0.038743677 -0.811926683 0.582063852
1706081149.845086813 67.410460031 311.615055032 -15.651114749 0.022811909 -0.039176891 -0.811727650 0.582274000
1706081149.944755793 67.343875266 311.414724373 -15.621499574 0.023420202 -0.041570190 -0.811354339 0.582604111
1706081150.043506861 67.279298864 311.214924751 -15.599761817 0.022724176 -0.040418102 -0.811284043 0.582810596
1706081150.144412279 67.218608841 311.014389146 -15.573053252 0.021843080 -0.039912855 -0.811198204 0.582998557
1706081150.243421078 67.147016625 310.819455137 -15.548021837 0.021889417 -0.038654066 -0.811106878 0.583208667
1706081150.342530727 67.090190231 310.610403408 -15.537058207 0.022302997 -0.039672225 -0.810897906 0.583415185
1706081150.441585541 67.023132868 310.393118200 -15.513904811 0.022283870 -0.040018264 -0.810827897 0.583489580
1706081150.543205261 66.963013824 310.169725425 -15.503324594 0.022509058 -0.039564666 -0.810684452 0.583711143
1706081150.641924620 66.906535602 309.955927958 -15.480787652 0.023079157 -0.040177528 -0.810551980 0.583830975
1706081150.738957644 66.857455832 309.756237787 -15.486509233 0.022964025 -0.039673312 -0.810537984 0.583889423
1706081150.845300436 66.788660832 309.545984343 -15.475722572 0.023160755 -0.039839133 -0.810500887 0.583921857
1706081150.943664551 66.727112255 309.341017284 -15.465038929 0.023366970 -0.039437394 -0.810376793 0.584113114
1706081151.042258739 66.661063229 309.137387495 -15.433464767 0.022805636 -0.039002593 -0.810534347 0.583945865
1706081151.144977093 66.601631133 308.925897896 -15.439165706 0.023273340 -0.039984642 -0.810406342 0.584038647
1706081151.244539738 66.531286825 308.710199313 -15.424851723 0.022840597 -0.039048368 -0.810452081 0.584055611
1706081151.345438480 66.463824348 308.484359381 -15.416783578 0.023150480 -0.039755740 -0.810513326 0.583910682
1706081151.444534540 66.408562862 308.251499051 -15.405932947 0.023273448 -0.041193947 -0.810450269 0.583893626
1706081151.543622732 66.336601329 308.047365546 -15.381148226 0.023010114 -0.040790369 -0.810323288 0.584108594
1706081151.642683268 66.272922621 307.825118347 -15.365089316 0.023591889 -0.041306146 -0.810253252 0.584146294
1706081151.742271423 66.204472065 307.624304594 -15.368111063 0.023109020 -0.040966903 -0.810252113 0.584191064
1706081151.841235161 66.130949817 307.423436691 -15.348465254 0.022631323 -0.040073073 -0.810259796 0.584261101
1706081151.939919233 66.058380116 307.230781138 -15.329996078 0.024247873 -0.042738266 -0.809931995 0.584461842
1706081152.027655363 65.999776031 307.049935745 -15.330313418 0.024161568 -0.042414345 -0.809998731 0.584396524
1706081152.144863844 65.919579387 306.808226264 -15.310823542 0.023297601 -0.040346114 -0.810054715 0.584500446
1706081152.242452383 65.850714463 306.583169397 -15.302852299 0.022344899 -0.040178751 -0.810070348 0.584527505
1706081152.341479778 65.790248128 306.366705985 -15.294448234 0.022578680 -0.039699529 -0.810030902 0.584605926
1706081152.445278168 65.725024575 306.142885432 -15.259498119 0.024117812 -0.040267018 -0.809901900 0.584684368
1706081152.545111418 65.670445790 305.935914002 -15.246983757 0.022964129 -0.040674911 -0.809985358 0.584586966
1706081152.643042564 65.625091324 305.728495171 -15.230807656 0.023040542 -0.040033778 -0.809986979 0.584625970
1706081152.744721889 65.561384081 305.507006485 -15.216875312 0.023544873 -0.040651284 -0.809911382 0.584667996
1706081152.843789101 65.498954795 305.303501445 -15.204943661 0.023526516 -0.040629906 -0.809892169 0.584696834
1706081152.943342924 65.450351254 305.099479101 -15.199843195 0.023006363 -0.040315974 -0.809877626 0.584759404
1706081153.044396400 65.377610456 304.890283768 -15.177318918 0.023087894 -0.040753685 -0.809837597 0.584781286
1706081153.142905712 65.310414662 304.677767112 -15.166835286 0.023194760 -0.040240021 -0.809801383 0.584862774
1706081153.242252827 65.242793282 304.456682189 -15.147174362 0.022990850 -0.039746658 -0.809801853 0.584903909
1706081153.333412647 65.190647501 304.258083584 -15.139434419 0.022533473 -0.039427936 -0.809762649 0.584997550
1706081153.444367409 65.126111971 304.035588521 -15.129268788 0.022464411 -0.039706616 -0.809700423 0.585067483
1706081153.542246580 65.058906934 303.827277712 -15.122274872 0.022452902 -0.039231040 -0.809634353 0.585191428
1706081153.641024351 64.985693367 303.622038362 -15.098886289 0.022444879 -0.039006721 -0.809529475 0.585351802
1706081153.744820356 64.922836492 303.405002388 -15.097891546 0.021736847 -0.039339139 -0.809485084 0.585417663
1706081153.844867229 64.862898267 303.180875796 -15.085505029 0.022296297 -0.038752165 -0.809359181 0.585609820
1706081153.943190813 64.808456117 302.982481777 -15.069658504 0.021927645 -0.038680154 -0.809290781 0.585723019
1706081154.044857264 64.743627754 302.759277364 -15.052592691 0.023197240 -0.040357826 -0.809063899 0.585874340
1706081154.144420147 64.679525838 302.546732119 -15.029558645 0.022976521 -0.038930083 -0.809083517 0.585952550
1706081154.243372679 64.615798563 302.340293460 -15.013865571 0.022634738 -0.039153975 -0.809056269 0.585988556
1706081154.344628811 64.547874850 302.118095302 -15.000640473 0.022493508 -0.039302965 -0.809015114 0.586040838
1706081154.443261147 64.485991976 301.904326926 -14.991961725 0.022454215 -0.039738831 -0.809014207 0.586014203
1706081154.541624308 64.422877989 301.719757867 -14.979224411 0.022571898 -0.039345774 -0.809000128 0.586055640
1706081154.629476309 64.371356405 301.545360173 -14.969146337 0.021719255 -0.038665306 -0.809001033 0.586131893
1706081154.743232012 64.295081269 301.311001129 -14.951048932 0.022009336 -0.037940001 -0.808953830 0.586233610
1706081154.841773748 64.217023471 301.088804215 -14.932372275 0.021347367 -0.038186083 -0.808958966 0.586235024
1706081154.940482140 64.157746470 300.897686813 -14.921286296 0.022356300 -0.038508586 -0.808825108 0.586361006
1706081155.045137644 64.098087779 300.662561159 -14.911751650 0.022008276 -0.038714477 -0.808875475 0.586291132
1706081155.143738270 64.035229564 300.468896566 -14.900408838 0.021396651 -0.037869685 -0.808903292 0.586330568
1706081155.242461443 63.979856344 300.250358711 -14.890647517 0.021839303 -0.038512239 -0.809012877 0.586121163
1706081155.345113516 63.904439333 300.027744943 -14.876916837 0.022395126 -0.038319857 -0.808879896 0.586296308
1706081155.444266081 63.860502899 299.824643345 -14.868489370 0.022406860 -0.038869926 -0.809027271 0.586056257
1706081155.532077551 63.801020001 299.620029096 -14.857047054 0.021994697 -0.038363664 -0.809106583 0.585995733
1706081155.637929440 63.739590083 299.386037177 -14.846950953 0.022121275 -0.038349260 -0.809139977 0.585945801
1706081155.743152380 63.666531231 299.159571370 -14.832756010 0.021671926 -0.037622755 -0.809175240 0.585960994
1706081155.841658354 63.610185575 298.955206265 -14.817483017 0.022186289 -0.039146901 -0.809051427 0.586012865
1706081155.940634012 63.556396144 298.744569896 -14.799853801 0.022326869 -0.039263876 -0.809040363 0.586014974
1706081156.042774677 63.478356814 298.533230948 -14.785140518 0.022839043 -0.039203609 -0.808833551 0.586284694
1706081156.141473770 63.414258242 298.318669727 -14.778838047 0.022577256 -0.038026372 -0.808970723 0.586183104
1706081156.237347364 63.354758955 298.118395980 -14.773709252 0.022029872 -0.039221263 -0.808928772 0.586183093
1706081156.344880342 63.274153268 297.870885389 -14.753379288 0.022735450 -0.039851420 -0.808742613 0.586370489
1706081156.443522930 63.214322267 297.675983105 -14.748948075 0.022889490 -0.040647223 -0.808614576 0.586486438
1706081156.542119265 63.157462328 297.469314547 -14.734570895 0.023471483 -0.040624047 -0.808433343 0.586714842
1706081156.645103931 63.092456651 297.260752882 -14.714761349 0.023169623 -0.040862288 -0.808371023 0.586796157
1706081156.733118534 63.047671384 297.091979107 -14.699333673 0.023374921 -0.040010455 -0.808437115 0.586755663
1706081156.839035749 62.982297768 296.882680814 -14.687976305 0.023085856 -0.039873403 -0.808414723 0.586807286
1706081156.937676907 62.920537079 296.677556648 -14.675853501 0.023205412 -0.040029293 -0.808334049 0.586903084
1706081157.043086290 62.859166907 296.463138350 -14.674583709 0.023377553 -0.040947868 -0.808325211 0.586845052
1706081157.134681463 62.800612631 296.265158171 -14.663526524 0.021083100 -0.037124274 -0.808606080 0.586799369
1706081157.243787527 62.731406368 296.032174488 -14.653899293 0.022802459 -0.038547048 -0.808362729 0.586978595
1706081157.339347124 62.669563547 295.820775371 -14.645001703 0.022260666 -0.038870552 -0.808308846 0.587052258
1706081157.438478231 62.612010786 295.603900946 -14.642703138 0.023301649 -0.040503020 -0.808205835 0.587043327
1706081157.537597895 62.551011570 295.397089166 -14.632764966 0.022968499 -0.039298025 -0.808251369 0.587075667
1706081157.644539118 62.488238521 295.165637960 -14.613039369 0.022174644 -0.038587310 -0.808293755 0.587094976
1706081157.743193865 62.430536991 294.950113682 -14.608934182 0.021937044 -0.038758577 -0.808286773 0.587102233
1706081157.842500925 62.368123501 294.739343996 -14.584382032 0.022191269 -0.039591328 -0.808167861 0.587200803
1706081157.940318108 62.305236986 294.530380836 -14.568869062 0.022334586 -0.039741657 -0.808134611 0.587230975
1706081158.032847643 62.249668321 294.325508841 -14.572276758 0.021074774 -0.037681828 -0.808307340 0.587175594
1706081158.133686066 62.189747014 294.114815225 -14.547974932 0.021268886 -0.038506669 -0.808202376 0.587259559
1706081158.243119955 62.120734329 293.870548496 -14.523001015 0.021422470 -0.038001637 -0.808279186 0.587181157
1706081158.341743469 62.057929463 293.674329328 -14.488467216 0.022129589 -0.038115831 -0.808272401 0.587156870
1706081158.441265583 61.991880799 293.476175206 -14.479546361 0.021412668 -0.038105410 -0.808305130 0.587139074
1706081158.540478945 61.942095626 293.294119002 -14.481176313 0.022698448 -0.038686111 -0.808332251 0.587015449
1706081158.639567852 61.882519351 293.107091189 -14.463040872 0.023539509 -0.039002421 -0.808274131 0.587041423
1706081158.738672256 61.826154146 292.909550841 -14.449704510 0.023993027 -0.039813457 -0.808361848 0.586847804
1706081158.837736130 61.757228453 292.687024561 -14.445446889 0.021563481 -0.038373364 -0.808665981 0.586618984
1706081158.944080591 61.685547788 292.444383592 -14.429676579 0.022490761 -0.038255046 -0.808805177 0.586399951
1706081159.042755842 61.621697353 292.218058568 -14.418350146 0.023016114 -0.039382288 -0.808747347 0.586384705
1706081159.141522408 61.550668826 292.002388668 -14.410518777 0.022449791 -0.038462902 -0.808920631 0.586228645
1706081159.240133524 61.488526921 291.773550058 -14.384483059 0.024189538 -0.041307296 -0.808760338 0.586187077
1706081159.339561701 61.422646266 291.571916103 -14.372108771 0.025069464 -0.042146105 -0.808737071 0.586122494
1706081159.444139004 61.353106802 291.353911215 -14.351972130 0.025100030 -0.042207668 -0.808831957 0.585985807
1706081159.542769432 61.289664063 291.146531885 -14.340128900 0.024981037 -0.042344938 -0.808860835 0.585941126
1706081159.642334461 61.218131464 290.946200675 -14.321150818 0.024342657 -0.040187968 -0.809008061 0.585916649
1706081159.741618633 61.148906399 290.746096683 -14.292869734 0.024905898 -0.041359715 -0.808903298 0.585956077
1706081159.840713263 61.097286077 290.546220449 -14.282613526 0.025267032 -0.041626237 -0.808931484 0.585882828
1706081159.939810038 61.044122682 290.330770768 -14.283106888 0.024434943 -0.041873133 -0.808964938 0.585854337
1706081160.038876772 60.983214535 290.127845052 -14.270281185 0.025021888 -0.042453684 -0.808842329 0.585957060
1706081160.145184994 60.925782996 289.904877395 -14.282508151 0.024139927 -0.041772561 -0.808867349 0.586008471
1706081160.237559795 60.863174968 289.704598736 -14.257317693 0.025294094 -0.042563906 -0.808670370 0.586174680
1706081160.336204529 60.806953005 289.500029929 -14.250044415 0.024571869 -0.041734869 -0.808636675 0.586311481
1706081160.434973478 60.742526564 289.279747404 -14.267115295 0.023967854 -0.042272942 -0.808573801 0.586384642
1706081160.539826155 60.671772980 289.051847445 -14.241315683 0.024189028 -0.041903555 -0.808422698 0.586610368
1706081160.645218134 60.594085201 288.821997782 -14.239564250 0.023697023 -0.040111477 -0.808370848 0.586827141
1706081160.744083881 60.533880354 288.607730369 -14.249609627 0.023501796 -0.040907738 -0.808150560 0.587083381
1706081160.843496084 60.480938212 288.401926803 -14.228140633 0.024209471 -0.041433942 -0.807956286 0.587285084
1706081160.942771912 60.416739898 288.202982782 -14.219422203 0.022822606 -0.039856801 -0.807942382 0.587468869
1706081161.041808367 60.363857967 287.992635176 -14.231734435 0.022356262 -0.038330337 -0.807857540 0.587705009
1706081161.140958309 60.317259259 287.788139350 -14.222288046 0.022726949 -0.040382778 -0.807640448 0.587851702
1706081161.240049601 60.259100801 287.575281953 -14.199026649 0.022859475 -0.039571285 -0.807610114 0.587943416
1706081161.339069605 60.195686878 287.375246252 -14.158357968 0.023553447 -0.040498775 -0.807385064 0.588161919
1706081161.438568830 60.132507587 287.166274513 -14.119272078 0.023385375 -0.040388913 -0.807297346 0.588296571
1706081161.537190914 60.074737030 286.943566009 -14.134748627 0.023740382 -0.040346083 -0.807192553 0.588429070
1706081161.636044741 60.009157156 286.742156158 -14.116852851 0.023684875 -0.040411343 -0.807173645 0.588452765
1706081161.736953497 59.944575122 286.556166857 -14.085306602 0.025142129 -0.042845614 -0.806781993 0.588757116
1706081161.836061239 59.882625194 286.334993212 -14.070889193 0.023845813 -0.040141037 -0.806926658 0.588803399
1706081161.945237398 59.798869393 286.104276219 -14.074242979 0.022835178 -0.038630663 -0.807007272 0.588834008
1706081162.044657707 59.747572114 285.896507876 -14.066185776 0.023967021 -0.040777121 -0.806690423 0.589078407
1706081162.143816948 59.686840273 285.675743963 -14.052431105 0.024067319 -0.040910310 -0.806668533 0.589095059
1706081162.242950439 59.628327161 285.478888586 -14.054845561 0.023467202 -0.040849087 -0.806664266 0.589129361
1706081162.341965199 59.576245537 285.270990177 -14.024226080 0.024414742 -0.041162722 -0.806588474 0.589172797
1706081162.441062927 59.512918974 285.059448767 -14.019380591 0.023778201 -0.040885902 -0.806559340 0.589257984
1706081162.540917873 59.457551889 284.845484104 -14.007813964 0.024717015 -0.041199661 -0.806472941 0.589315749
1706081162.639544010 59.406762557 284.623854572 -14.032279959 0.023215680 -0.040344690 -0.806637673 0.589210490
1706081162.738220453 59.341683862 284.411931519 -14.040126200 0.023387278 -0.040449884 -0.806541387 0.589328290
1706081162.837096214 59.289489754 284.212736105 -14.018809408 0.024026771 -0.040907006 -0.806544131 0.589267253
1706081162.938012123 59.220923610 284.004264406 -14.022020716 0.023074184 -0.039960943 -0.806601789 0.589291320
1706081163.037139416 59.160658961 283.799203592 -13.992462046 0.024060649 -0.040615340 -0.806595812 0.589215305
1706081163.136051655 59.085308124 283.590895093 -13.982182764 0.024740024 -0.041209301 -0.806472678 0.589314470
1706081163.244948387 59.021579917 283.354194016 -13.974110004 0.024042420 -0.040745338 -0.806608375 0.589189875
1706081163.344795704 58.966074422 283.127762386 -13.959381963 0.023312002 -0.039320481 -0.806807085 0.589043952
1706081163.444012165 58.906113762 282.925370654 -13.959990770 0.023071035 -0.038969870 -0.806918496 0.588924118
1706081163.543124914 58.843094164 282.716156785 -13.939544678 0.023930586 -0.040938285 -0.806837939 0.588866644
1706081163.643256426 58.784982236 282.507715695 -13.888597172 0.024518337 -0.041636198 -0.806841439 0.588788731
1706081163.741932392 58.717696953 282.296917316 -13.857178995 0.023676399 -0.039548386 -0.806970853 0.588789772
1706081163.840572596 58.653730752 282.087465798 -13.856388757 0.024741909 -0.042673450 -0.806808605 0.588750107
1706081163.939272642 58.603721385 281.897774894 -13.838246831 0.025047464 -0.042191844 -0.806930746 0.588604488
1706081164.038151979 58.549283601 281.695097471 -13.772677280 0.026747950 -0.042795507 -0.806761309 0.588718338
1706081164.139094591 58.481716368 281.483171789 -13.736781868 0.025411623 -0.042053111 -0.806770729 0.588818119
1706081164.238261223 58.426792277 281.256939706 -13.766400902 0.024145056 -0.041055621 -0.806799821 0.588901946
1706081164.337280512 58.382075589 281.049907321 -13.769119108 0.024968103 -0.041882102 -0.806655847 0.589006645
1706081164.445397615 58.316121838 280.833958333 -13.737940261 0.024840755 -0.041531932 -0.806431524 0.589343900
1706081164.545228243 58.257671181 280.613595551 -13.723454668 0.023787313 -0.038576854 -0.806515091 0.589473831
1706081164.645074606 58.197585398 280.386903080 -13.713200361 0.024504598 -0.042271308 -0.806144837 0.589697519
1706081164.744246483 58.134827042 280.171879879 -13.706298879 0.023590929 -0.040109384 -0.806168235 0.589853780
1706081164.843200445 58.071349943 279.968703786 -13.660439405 0.024393010 -0.039336129 -0.805982871 0.590126479
1706081164.942343473 58.013498831 279.768633595 -13.637513886 0.024539391 -0.040787475 -0.805811806 0.590255481
1706081165.041377544 57.958184175 279.567148414 -13.597189512 0.024668538 -0.042059895 -0.805765744 0.590223681
1706081165.140338421 57.879446299 279.336617264 -13.612208710 0.024493600 -0.041655609 -0.805616676 0.590463077
1706081165.239239216 57.815156563 279.106774143 -13.628646550 0.024589001 -0.041309641 -0.805476442 0.590674696
1706081165.340340376 57.744394064 278.886693012 -13.631315402 0.025277365 -0.041464575 -0.805340423 0.590820232
1706081165.439365864 57.688407428 278.677965291 -13.625875591 0.025450885 -0.042656018 -0.805250128 0.590851038
1706081165.538383961 57.629513682 278.473773136 -13.618133163 0.025161637 -0.042380203 -0.805207301 0.590941632
1706081165.637508631 57.580815972 278.262692333 -13.638410041 0.025382037 -0.043044821 -0.805081831 0.591055109
1706081165.745317459 57.516637500 278.047158021 -13.553951963 0.026449181 -0.043286819 -0.804996611 0.591106715
1706081165.845165730 57.465750084 277.852318255 -13.544889814 0.026483426 -0.044205270 -0.804793699 0.591313474
1706081165.945019007 57.405995098 277.632521103 -13.527585287 0.026545945 -0.044322649 -0.804715700 0.591408029
1706081166.044321060 57.347276669 277.408751458 -13.539063081 0.026749700 -0.043428781 -0.804576481 0.591654528
1706081166.143375158 57.285030660 277.199467595 -13.554106590 0.027458464 -0.043962774 -0.804411016 0.591807590
1706081166.242373466 57.219280709 276.972554460 -13.570570320 0.025177536 -0.042127698 -0.804456109 0.591981179
1706081166.341362953 57.168831585 276.759288583 -13.564995049 0.026872945 -0.044678160 -0.804158902 0.592123439
1706081166.440241575 57.106325228 276.540197513 -13.565334688 0.025877227 -0.042625537 -0.804076134 0.592431433
1706081166.541387320 57.045251007 276.313949455 -13.537969094 0.025745130 -0.042298437 -0.803908760 0.592687722
1706081166.640441656 56.979920686 276.103729631 -13.495631395 0.025867528 -0.042303087 -0.803739069 0.592912159
1706081166.739478827 56.918525479 275.911464025 -13.470414970 0.025757855 -0.042469749 -0.803635527 0.593045355
1706081166.838598728 56.861710476 275.712330088 -13.414173080 0.026056477 -0.043324344 -0.803634146 0.592972361
1706081166.937711954 56.798836608 275.478123879 -13.438341497 0.025510219 -0.042237368 -0.803625649 0.593086039
1706081167.045157194 56.750765302 275.255973827 -13.393477575 0.026444825 -0.043491472 -0.803563787 0.593038281
1706081167.144416094 56.691798518 275.040949149 -13.375915717 0.025032645 -0.041025590 -0.803870376 0.592859753
1706081167.244959354 56.635039678 274.826326141 -13.387536357 0.024367180 -0.040231766 -0.803935697 0.592853304
1706081167.344475031 56.583704376 274.613396984 -13.355493278 0.024868512 -0.040987864 -0.803974126 0.592728570
1706081167.443561077 56.521568722 274.398389441 -13.334459378 0.026108608 -0.042614553 -0.803825751 0.592761758
1706081167.542455196 56.472440841 274.205443268 -13.330326714 0.024780785 -0.039872692 -0.804175618 0.592534942
1706081167.641314507 56.414462627 274.031928981 -13.308369870 0.025595021 -0.040595984 -0.804088146 0.592569923
1706081167.742498398 56.351965361 273.807574543 -13.304273959 0.025295395 -0.040761422 -0.804217810 0.592395445
1706081167.841581821 56.294984724 273.592331899 -13.309928946 0.024868814 -0.041000711 -0.804341089 0.592229597
1706081167.940593243 56.225089974 273.367171388 -13.279619812 0.024950729 -0.040341450 -0.804448422 0.592125633
1706081168.039782286 56.164373204 273.155224146 -13.254608007 0.024492291 -0.040665898 -0.804567794 0.591960368
1706081168.138913393 56.103782101 272.943512829 -13.244758727 0.024622875 -0.039622623 -0.804767665 0.591753975
1706081168.237787962 56.049696624 272.716806549 -13.241111350 0.023963447 -0.040037755 -0.805016318 0.591414794
1706081168.344630241 55.971762773 272.503982965 -13.199257365 0.024686908 -0.039306231 -0.805044862 0.591395254
1706081168.443094969 55.914559049 272.281141882 -13.199256444 0.025045328 -0.041422443 -0.805239241 0.590970961
1706081168.545256376 55.853184900 272.067068916 -13.147458445 0.024775909 -0.040540797 -0.805421150 0.590795539
1706081168.644619942 55.800415109 271.847973141 -13.139210296 0.025512758 -0.042222550 -0.805490341 0.590552001
1706081168.743520260 55.746824409 271.644033533 -13.134421063 0.024499886 -0.039526522 -0.805812957 0.590341332
1706081168.842359543 55.677005592 271.441069863 -13.134792518 0.024456885 -0.038775324 -0.805833333 0.590365119
1706081168.943408489 55.619714686 271.230190695 -13.146794842 0.024247991 -0.039303241 -0.805988921 0.590126384
1706081169.042720556 55.553213409 271.015269208 -13.168352889 0.024569613 -0.041569777 -0.805986506 0.589961049
1706081169.141816378 55.497569250 270.782457401 -13.186234126 0.024071308 -0.040610926 -0.806164686 0.589804903
1706081169.240829945 55.432867738 270.562912483 -13.180737675 0.025345128 -0.041446988 -0.806159507 0.589700450
1706081169.339937925 55.368087298 270.351224986 -13.174342207 0.024686194 -0.040078072 -0.806362623 0.589545300
1706081169.438687325 55.317179233 270.151577876 -13.130794943 0.025258535 -0.040971883 -0.806430907 0.589366188
1706081169.533054829 55.258382420 269.952301857 -13.112209012 0.024798690 -0.041086749 -0.806567439 0.589190861
1706081169.644119978 55.188260837 269.717162525 -13.101713959 0.025551050 -0.042941670 -0.806587514 0.588998929
1706081169.742539167 55.114265729 269.499033925 -13.082990105 0.025231946 -0.042204188 -0.806750808 0.588842329
1706081169.845173597 55.037137576 269.266646489 -13.053406139 0.025168145 -0.041192129 -0.806879158 0.588740857
1706081169.944578171 54.979439001 269.079675138 -13.017311670 0.026155443 -0.041009829 -0.806997701 0.588548041
1706081170.043430328 54.934611959 268.858322918 -13.026303010 0.024888998 -0.041859794 -0.807216917 0.588242420
1706081170.144531250 54.870634959 268.630833955 -13.050893505 0.024680298 -0.041782588 -0.807327991 0.588104254
1706081170.243717909 54.814094668 268.413518902 -13.039577831 0.025181038 -0.042107700 -0.807433075 0.587915543
1706081170.342810392 54.755456983 268.202133328 -13.034972471 0.025217349 -0.041720661 -0.807549439 0.587781741
1706081170.441822290 54.680089297 267.975723355 -12.997357159 0.024824623 -0.039904344 -0.807694530 0.587725214
1706081170.540935755 54.614844261 267.766924352 -12.985002725 0.025509075 -0.041703405 -0.807723329 0.587531392
1706081170.639750957 54.549064175 267.571572574 -12.943314227 0.025113356 -0.040774787 -0.807836836 0.587457559
1706081170.734112978 54.489210398 267.387217871 -12.911881152 0.026013524 -0.042010476 -0.807825736 0.587346573
1706081170.845131874 54.418315729 267.170408465 -12.909634352 0.025292121 -0.041132215 -0.808084374 0.587084402
1706081170.943525553 54.366781574 266.950499916 -12.908437225 0.025784119 -0.043037903 -0.808008912 0.587030251
1706081171.042159319 54.307879856 266.717238256 -12.885064403 0.025186466 -0.042283481 -0.808134926 0.586937553
1706081171.145463228 54.239751225 266.488704471 -12.946463580 0.024803625 -0.042057244 -0.808131697 0.586974556
1706081171.244474173 54.181054479 266.273509315 -12.934657274 0.025671344 -0.043073442 -0.808070752 0.586947459
1706081171.343210220 54.130934091 266.070587731 -12.929193823 0.025801123 -0.043583288 -0.808125078 0.586829325
1706081171.444787979 54.066173729 265.866232050 -12.925342172 0.026255656 -0.044379015 -0.807983556 0.586944390
1706081171.543879509 53.991261191 265.661672707 -12.893833031 0.026851236 -0.043794242 -0.807924336 0.587042880
1706081171.642865419 53.917117673 265.451357893 -12.843498608 0.027203685 -0.043539608 -0.807841894 0.587159038
1706081171.742054939 53.849883465 265.247777356 -12.826873332 0.026413688 -0.042667089 -0.807866480 0.587225329
1706081171.840750217 53.815332468 265.047917639 -12.768447976 0.027166848 -0.043244551 -0.808034266 0.586917794
1706081171.928462267 53.760505224 264.863006146 -12.745088260 0.027526352 -0.043405346 -0.807802021 0.587208796
1706081172.027376175 53.690905899 264.657244756 -12.774160743 0.026846611 -0.044119446 -0.807685739 0.587346985
1706081172.126268864 53.627359364 264.459907706 -12.766984612 0.027169438 -0.043655567 -0.807667915 0.587391311
1706081172.243003845 53.551986905 264.201348926 -12.790019226 0.027533514 -0.046098620 -0.807289028 0.587708472
1706081172.336653471 53.493053893 264.000707344 -12.774001835 0.029232989 -0.047122074 -0.807007666 0.587931602
1706081172.445017099 53.418733898 263.763676444 -12.760513457 0.027470950 -0.044454419 -0.807036607 0.588184552
1706081172.544245243 53.339505172 263.530009536 -12.760678995 0.027880324 -0.045069116 -0.806784200 0.588464712
1706081172.645472288 53.284963582 263.319204607 -12.761461887 0.028293892 -0.046086213 -0.806635896 0.588569492
1706081172.744955540 53.225001554 263.110049495 -12.759303572 0.027468318 -0.044895371 -0.806583429 0.588772511
1706081172.843900681 53.189351636 262.896259516 -12.750667761 0.028062078 -0.047953689 -0.806331692 0.588848168
1706081172.943080902 53.128411135 262.673345270 -12.743049885 0.026996773 -0.044885788 -0.806354251 0.589108872
1706081173.041764259 53.074667075 262.475882283 -12.704239917 0.026111784 -0.043879175 -0.806402824 0.589158109
1706081173.129569054 53.026171326 262.288889087 -12.750893376 0.026076962 -0.045126807 -0.806254424 0.589268501
1706081173.234818459 52.941792786 262.042782916 -12.720638452 0.025414946 -0.043081041 -0.806233183 0.589479566
1706081173.340528250 52.879646405 261.813376300 -12.689041730 0.024996114 -0.042971173 -0.806203983 0.589545426
1706081173.439108133 52.829254578 261.608718074 -12.679120337 0.026160312 -0.044014437 -0.806085243 0.589580315
1706081173.537760735 52.766790610 261.390226685 -12.689334060 0.024628453 -0.041711597 -0.806236442 0.589606972
1706081173.636827469 52.702821279 261.188368603 -12.625453563 0.026154635 -0.043241868 -0.806163037 0.589531368
1706081173.745306015 52.642251995 260.970594598 -12.588190931 0.025955382 -0.040987479 -0.806398960 0.589378539
1706081173.844006777 52.587725380 260.746727805 -12.558434664 0.025872984 -0.042833326 -0.806379036 0.589278157
1706081173.942595482 52.532759881 260.539099458 -12.559685418 0.025415144 -0.042096970 -0.806502147 0.589182656
1706081174.044831038 52.464889902 260.323189943 -12.553783130 0.025317827 -0.042524620 -0.806526664 0.589122572
1706081174.144104004 52.408972464 260.134588558 -12.524902126 0.023743307 -0.039180000 -0.806799533 0.589046429
1706081174.238603830 52.350192991 259.937015291 -12.474021054 0.023409745 -0.038355585 -0.806816738 0.589090473
1706081174.337083101 52.289214917 259.744941326 -12.417725701 0.024256658 -0.040669096 -0.806763425 0.588974036
1706081174.429578066 52.227338723 259.541424722 -12.414588745 0.023506710 -0.038440334 -0.806915544 0.588945736
1706081174.541625023 52.163350475 259.293641084 -12.376156233 0.022755302 -0.038841512 -0.807146640 0.588632173
1706081174.640206575 52.101169046 259.063071330 -12.434665487 0.022124899 -0.039142621 -0.807251100 0.588492996
1706081174.738851070 52.039112603 258.850356426 -12.436224749 0.022897213 -0.039443559 -0.807332006 0.588332351
1706081174.838122606 51.985803698 258.615208483 -12.419635152 0.023671966 -0.040050729 -0.807411828 0.588151100
1706081174.937250137 51.926095519 258.419939421 -12.390518248 0.022832949 -0.038051127 -0.807675287 0.587955269
1706081175.044862747 51.857070134 258.183539563 -12.369630174 0.024146113 -0.040006662 -0.807678573 0.587768453
1706081175.143665314 51.789762598 257.984516158 -12.343619583 0.023439142 -0.039123067 -0.807966444 0.587460823
1706081175.242325544 51.721381495 257.788534828 -12.320756723 0.023369075 -0.037754825 -0.808117092 0.587345916
1706081175.344795942 51.658027316 257.562321711 -12.309208605 0.023253435 -0.038036529 -0.808408676 0.586930927
1706081175.439470053 51.595517213 257.374216449 -12.283933116 0.022932263 -0.037230458 -0.808690211 0.586607320
1706081175.531705379 51.555241641 257.182415848 -12.295824492 0.024228914 -0.040151109 -0.808777232 0.586242472
1706081175.630682707 51.495330032 256.966446277 -12.264410106 0.023812500 -0.040972849 -0.808962613 0.585946825
1706081175.742652416 51.435060894 256.722794175 -12.244990547 0.023520812 -0.039701590 -0.809377412 0.585473108
1706081175.841266632 51.372702280 256.499463689 -12.245772657 0.022892052 -0.039339786 -0.809657567 0.585134992
1706081175.939875841 51.303245762 256.298223174 -12.257754797 0.023390651 -0.038853169 -0.809876448 0.584844807
1706081176.039255619 51.231593470 256.072022040 -12.266849027 0.024183516 -0.038966408 -0.810038687 0.584580278
1706081176.138407946 51.163300485 255.852959609 -12.256337352 0.023301259 -0.038640601 -0.810390100 0.584150529
1706081176.237499475 51.105213031 255.643533749 -12.299218582 0.021537795 -0.038570951 -0.810792047 0.583664854
1706081176.344754457 51.032022321 255.424291420 -12.231067169 0.023301179 -0.038442993 -0.810936759 0.583404460
1706081176.443360806 50.969118204 255.229292435 -12.220106361 0.023364125 -0.038348682 -0.811200164 0.583041843
1706081176.542047262 50.905918799 255.010049862 -12.179546431 0.023564656 -0.039098818 -0.811390476 0.582719044
1706081176.640502930 50.833670911 254.812256703 -12.136675873 0.023514471 -0.038765596 -0.811551976 0.582518401
1706081176.732782602 50.764854126 254.640202226 -12.119378376 0.023441805 -0.037044686 -0.811744915 0.582364462
1706081176.845142841 50.689423844 254.403233793 -12.100574663 0.023585737 -0.036597685 -0.811917407 0.582146413
1706081176.943648577 50.627671066 254.197658831 -12.121484519 0.023005212 -0.037759013 -0.812127486 0.581802341
1706081177.042308569 50.571069415 253.984448988 -12.121412584 0.023333603 -0.037689095 -0.812259834 0.581609008
1706081177.141103745 50.507941714 253.761199868 -12.126176322 0.024381553 -0.038941388 -0.812353485 0.581352668
1706081177.240371227 50.442186148 253.561434889 -12.128490911 0.023069070 -0.037554193 -0.812639519 0.581097680
1706081177.339527369 50.374494042 253.330334027 -12.160430634 0.023057243 -0.037760763 -0.812844717 0.580797688
1706081177.438650131 50.315198784 253.119041129 -12.178294893 0.023502966 -0.038780395 -0.812960619 0.580550363
1706081177.537708521 50.250738328 252.886725815 -12.174630929 0.023284803 -0.037517478 -0.813307373 0.580156335
1706081177.644446850 50.177457920 252.642056936 -12.185495716 0.023358328 -0.038416955 -0.813376571 0.579997483
1706081177.743085384 50.116297472 252.424484374 -12.184039759 0.024091347 -0.038820214 -0.813526923 0.579729715
1706081177.841665745 50.046303249 252.214314979 -12.146474884 0.024084284 -0.039632048 -0.813709840 0.579418281
1706081177.940175295 49.984026183 252.006534799 -12.121628778 0.024228059 -0.040297604 -0.813874548 0.579134980
1706081178.038995266 49.907289456 251.811406869 -12.125847966 0.023770217 -0.038794079 -0.814052660 0.579006271
1706081178.144708157 49.839838665 251.587465539 -12.167714928 0.024212016 -0.041308099 -0.814064100 0.578797944
1706081178.243315697 49.773913396 251.373067540 -12.172171797 0.023971907 -0.041062436 -0.814271637 0.578533427
1706081178.342266798 49.704676258 251.159117324 -12.158183273 0.024353987 -0.041134889 -0.814323405 0.578439449
1706081178.441432238 49.628549921 250.953455451 -12.099784208 0.024066066 -0.040523948 -0.814408507 0.578374808
1706081178.540640116 49.563184565 250.745204098 -12.089389138 0.023372201 -0.039534603 -0.814564236 0.578252419
1706081178.639782906 49.492764192 250.534518502 -12.067443050 0.023125989 -0.038756277 -0.814599534 0.578265284
1706081178.738829136 49.427120040 250.322182415 -12.035085407 0.024709837 -0.042296709 -0.814394135 0.578240958
1706081178.838748455 49.360480578 250.117696982 -12.020637692 0.025716743 -0.044422580 -0.814190015 0.578325084
1706081178.944120169 49.289776290 249.890673599 -11.938443159 0.024309266 -0.040935678 -0.814490404 0.578220297
1706081179.042743444 49.219407370 249.678824315 -11.861401169 0.025160207 -0.039855192 -0.814446731 0.578320889
1706081179.134959936 49.153389860 249.501838680 -11.836000309 0.025018238 -0.040185989 -0.814276612 0.578543665
1706081179.233858109 49.087276808 249.287938427 -11.815362939 0.024781712 -0.039926792 -0.814340993 0.578481171
1706081179.338646650 49.017208241 249.066404515 -11.831846022 0.024184162 -0.038811368 -0.814343232 0.578579212
1706081179.444373131 48.935404206 248.831952099 -11.826496733 0.024001283 -0.037538525 -0.814367820 0.578636199
1706081179.543377161 48.869313127 248.630009679 -11.817088967 0.023822968 -0.039181039 -0.814335585 0.578580044
1706081179.642586470 48.803273272 248.416119529 -11.765303307 0.024475373 -0.039197367 -0.814371145 0.578501651
1706081179.741712093 48.742619541 248.214591875 -11.782229527 0.024966333 -0.040589887 -0.814362632 0.578396617
1706081179.841052532 48.672783167 247.993249078 -11.805467147 0.024830158 -0.040558763 -0.814487239 0.578229182
1706081179.941040039 48.605430911 247.775028519 -11.813838521 0.024678518 -0.041974626 -0.814619177 0.577948698
1706081180.039751768 48.540672605 247.565513413 -11.791000501 0.024895351 -0.040062884 -0.814924576 0.577644460
1706081180.145137548 48.479664499 247.354387364 -11.773417574 0.026022285 -0.042676729 -0.814987916 0.577318139
1706081180.243760824 48.405508770 247.158504011 -11.749770725 0.025242145 -0.041029187 -0.815235801 0.577122195
1706081180.336020470 48.349158325 246.965048216 -11.744452515 0.025270443 -0.041018677 -0.815518378 0.576722331
1706081180.434916019 48.280925243 246.752262905 -11.749829561 0.026095710 -0.043015653 -0.815607713 0.576413676
1706081180.539674759 48.205245939 246.526459116 -11.750273962 0.026069986 -0.042753024 -0.815845567 0.576097687
1706081180.634757757 48.137079466 246.311900775 -11.730685868 0.026976610 -0.044665844 -0.815949597 0.575763389
1706081180.744485378 48.047387397 246.067686287 -11.721184099 0.027304806 -0.044849135 -0.816129739 0.575478281
1706081180.843608379 47.976888829 245.866659615 -11.733084428 0.025807933 -0.041884923 -0.816561304 0.575158449
1706081180.942813635 47.909510975 245.659995873 -11.746160102 0.026513360 -0.042126851 -0.816647408 0.574986418
1706081181.041881084 47.835857222 245.441404868 -11.750419748 0.026137040 -0.042903123 -0.816692786 0.574881789
1706081181.142110348 47.769146279 245.233219991 -11.749375596 0.026439716 -0.042885690 -0.816711168 0.574843132
1706081181.240797520 47.701224626 245.020156476 -11.753334298 0.025596797 -0.042263798 -0.816774837 0.574836882
1706081181.339456320 47.643986963 244.817686595 -11.759456629 0.026375186 -0.042069567 -0.816703446 0.574917370
1706081181.444861174 47.570029257 244.584567244 -11.740750092 0.024932659 -0.042381998 -0.816607877 0.575094518
1706081181.543444157 47.507886521 244.371078009 -11.709830930 0.027269258 -0.043678906 -0.816372793 0.575225177
1706081181.642011642 47.439020803 244.174196449 -11.694114765 0.026326705 -0.043265622 -0.816361674 0.575316094
1706081181.740715027 47.368991034 243.957401636 -11.697424866 0.025731368 -0.042259282 -0.816256035 0.575567663
1706081181.836425543 47.303013300 243.755898474 -11.675588418 0.026951354 -0.045043030 -0.815938308 0.575751185
1706081181.945421934 47.216953626 243.516280844 -11.674562983 0.027220240 -0.045064235 -0.815703066 0.576070118
1706081182.044809341 47.147248206 243.300708777 -11.681254312 0.026277859 -0.043514988 -0.815683789 0.576260250
1706081182.143919230 47.076203295 243.099783051 -11.674241260 0.026399291 -0.042720132 -0.815534531 0.576525364
1706081182.243053675 47.008058095 242.897742187 -11.655068660 0.026407613 -0.042526364 -0.815505645 0.576580168
1706081182.343067884 46.942968205 242.683378152 -11.642270704 0.026962937 -0.043349645 -0.815335603 0.576733615
1706081182.441801786 46.881714449 242.480694146 -11.620040184 0.027811025 -0.045667472 -0.815023177 0.576956020
1706081182.540466547 46.811592241 242.248562110 -11.582205278 0.027301023 -0.045275135 -0.815123276 0.576869883
1706081182.639166355 46.753738230 242.030349923 -11.569547033 0.027575719 -0.043989776 -0.815081505 0.577015267
1706081182.744493484 46.679139892 241.794454076 -11.533308382 0.028549965 -0.045036005 -0.814962628 0.577055086
1706081182.843139648 46.608572627 241.575320885 -11.507249120 0.030093488 -0.048967596 -0.814551558 0.577236794
1706081182.938149691 46.545777956 241.385175935 -11.507638250 0.029342269 -0.046533848 -0.814772592 0.577164843
1706081183.040375233 46.475559055 241.183664342 -11.491480470 0.027792232 -0.044260368 -0.815070079 0.577000328
1706081183.145507336 46.409895041 240.964330909 -11.495262320 0.027672734 -0.045806709 -0.815028514 0.576944093
1706081183.245340109 46.340057660 240.755329459 -11.484244582 0.028059590 -0.046304326 -0.815024655 0.576891134
1706081183.345062256 46.279367916 240.545269939 -11.467475919 0.029261495 -0.046486248 -0.815012916 0.576833373
1706081183.444190264 46.198656727 240.346731293 -11.441443835 0.028641833 -0.045215634 -0.815138460 0.576788075
1706081183.544069290 46.123523792 240.134436320 -11.422209216 0.027936407 -0.043653781 -0.815342151 0.576655080
1706081183.642801285 46.043615675 239.931396571 -11.386053296 0.028379162 -0.044792881 -0.815273682 0.576642908
1706081183.741478920 45.978808161 239.713082845 -11.367029068 0.027908848 -0.044891832 -0.815512795 0.576319964
1706081183.840300322 45.914102362 239.498229795 -11.327455235 0.028303424 -0.046025275 -0.815531454 0.576184899
1706081183.945365667 45.837169135 239.268284829 -11.288246601 0.028211309 -0.045941233 -0.815721005 0.575927744
1706081184.038102865 45.787160161 239.076625509 -11.258616296 0.028204506 -0.045797856 -0.815955166 0.575607705
1706081184.142819166 45.710982123 238.865271404 -11.274732672 0.027426956 -0.043066172 -0.816201759 0.575506520
1706081184.238059521 45.642079209 238.656813093 -11.270664845 0.027244303 -0.042681281 -0.816380839 0.575289824
1706081184.334258795 45.572408486 238.449978753 -11.265211458 0.027800028 -0.044840263 -0.816379707 0.575100585
1706081184.445423365 45.499402256 238.223295457 -11.241422908 0.027553956 -0.046070134 -0.816557962 0.574762053
1706081184.545273781 45.427409801 238.021032854 -11.234379388 0.027629304 -0.044952470 -0.816809458 0.574489518
1706081184.645129681 45.355750605 237.819174655 -11.240644035 0.026935274 -0.043637061 -0.817111793 0.574193883
1706081184.744420528 45.280178424 237.606835389 -11.250675354 0.026217621 -0.042352226 -0.817367080 0.573959914
1706081184.843871593 45.207223112 237.402891593 -11.276434873 0.025697642 -0.040093561 -0.817681012 0.573698440
1706081184.942520380 45.141991642 237.198534188 -11.242403176 0.027060470 -0.042440418 -0.817673258 0.573477973
1706081185.041407824 45.062666440 236.988881392 -11.279926591 0.023786180 -0.037150512 -0.818244718 0.573175051
1706081185.140501261 44.986985257 236.762842445 -11.267729583 0.025701231 -0.041254784 -0.818042763 0.573099927
1706081185.241292953 44.920741753 236.558332101 -11.240978324 0.026418497 -0.041992644 -0.818155640 0.572852537
1706081185.343834877 44.844093329 236.333232905 -11.177054111 0.027897976 -0.045074728 -0.818074738 0.572663684
1706081185.436630964 44.785621159 236.125437268 -11.158660005 0.027030287 -0.043384788 -0.818378125 0.572402278
1706081185.541068316 44.715953926 235.899722036 -11.158043109 0.027317154 -0.045246663 -0.818365518 0.572262520
1706081185.633953094 44.655913045 235.693395242 -11.133631463 0.026955560 -0.043332245 -0.818698893 0.571950905
1706081185.744943142 44.565400466 235.442319919 -11.138004569 0.026750775 -0.042165865 -0.818896606 0.571764623
1706081185.844475031 44.491553277 235.226732351 -11.140658444 0.026814600 -0.044755675 -0.818823646 0.571669261
1706081185.945403099 44.427036142 235.021352730 -11.170416864 0.025785994 -0.042346651 -0.819247487 0.571292743
1706081186.044882774 44.357992294 234.815849681 -11.172418060 0.026363553 -0.041835357 -0.819368870 0.571129952
1706081186.143507481 44.285330839 234.609914402 -11.154613862 0.027330620 -0.045209304 -0.819217295 0.571044813
1706081186.242908716 44.221908645 234.397734729 -11.150076624 0.026201207 -0.043476403 -0.819546997 0.570759161
1706081186.341429710 44.143345687 234.176739034 -11.125723845 0.026673284 -0.044688978 -0.819440895 0.570795980
1706081186.440240860 44.069596693 233.970241844 -11.102620790 0.026373942 -0.044065175 -0.819513236 0.570754528
1706081186.544877529 43.983463156 233.752121916 -11.086458178 0.026090695 -0.044020436 -0.819523201 0.570756690
1706081186.637676239 43.918505809 233.560157767 -11.092400441 0.027089732 -0.044724057 -0.819331172 0.570931113
1706081186.742121220 43.842027195 233.353678627 -11.040397909 0.026118613 -0.043388534 -0.819447940 0.570911838
1706081186.835003853 43.782444802 233.157384599 -11.033092114 0.026025639 -0.043176043 -0.819385181 0.571022260
1706081186.933647871 43.710442460 232.953958972 -11.005302979 0.026863171 -0.042894429 -0.819222787 0.571237659
1706081187.045153856 43.618709231 232.707774960 -10.962430688 0.026267979 -0.042271571 -0.819178431 0.571375364
1706081187.144243002 43.549589009 232.519680275 -10.905806089 0.027047229 -0.043925020 -0.818972645 0.571509271
1706081187.244930506 43.487675454 232.308685889 -10.887351132 0.026623964 -0.043213990 -0.818934482 0.571638023
1706081187.344580650 43.418136171 232.083885006 -10.914263219 0.026441613 -0.043760037 -0.818791880 0.571809196
1706081187.443568945 43.368543582 231.886158289 -10.899445207 0.026853952 -0.045395963 -0.818671666 0.571834569
1706081187.542550087 43.297609619 231.680032289 -10.898293833 0.027167556 -0.045360699 -0.818582534 0.571950142
1706081187.641278028 43.218108610 231.466360021 -10.893379121 0.026084103 -0.043319445 -0.818549772 0.572205658
1706081187.740013838 43.137488124 231.247838155 -10.935870710 0.024788910 -0.039951176 -0.818645005 0.572372054
1706081187.844529152 43.058209414 231.018599437 -10.901969032 0.025636950 -0.040430807 -0.818472511 0.572547679
1706081187.937370062 42.997805182 230.812606235 -10.891192160 0.026485738 -0.042836612 -0.818299780 0.572580999
1706081188.039252281 42.930013078 230.593573735 -10.939240903 0.025456510 -0.041816141 -0.818439144 0.572503925
1706081188.134693384 42.869261680 230.410661016 -10.913864292 0.026889080 -0.044195892 -0.818189185 0.572616939
1706081188.233319521 42.807589728 230.219340774 -10.897426576 0.026285590 -0.043372222 -0.818234589 0.572643062
1706081188.344644308 42.728553717 229.982441919 -10.902296216 0.025954168 -0.042108332 -0.818259078 0.572717514
1706081188.443017244 42.652232484 229.784982096 -10.856767721 0.026066082 -0.041098259 -0.818171595 0.572910755
1706081188.545274496 42.580546870 229.584588577 -10.851997861 0.026359937 -0.042081162 -0.818136936 0.572875453
1706081188.644659281 42.508594036 229.353148576 -10.883818744 0.025702932 -0.041760105 -0.818073906 0.573018793
1706081188.743546724 42.439461473 229.135884159 -10.878158073 0.026317202 -0.042723043 -0.817882510 0.573193115
1706081188.842342854 42.364671536 228.917425018 -10.870487479 0.025373427 -0.041599365 -0.817984193 0.573173222
1706081188.941056252 42.300139935 228.714697062 -10.841195085 0.025666402 -0.043049370 -0.817817455 0.573291023
1706081189.042345285 42.227642029 228.492847309 -10.924897706 0.023816594 -0.038905377 -0.817961089 0.573462116
1706081189.144185781 42.163361749 228.286972465 -10.904593834 0.025209295 -0.041967338 -0.817647052 0.573634493
1706081189.237085819 42.092302678 228.086378590 -10.883869153 0.024834795 -0.040668014 -0.817596377 0.573816616
1706081189.339980125 42.016443481 227.863385789 -10.882057449 0.023850158 -0.040192313 -0.817446778 0.574104967
1706081189.440934420 41.942734456 227.632362968 -10.861596234 0.023997450 -0.038259409 -0.817379411 0.574326770
1706081189.545257568 41.872360092 227.429820161 -10.850853066 0.024591540 -0.040770244 -0.816966518 0.574716236
1706081189.644095421 41.813852600 227.233964609 -10.851075164 0.023728452 -0.038958336 -0.816891841 0.574984286
1706081189.742556334 41.753604738 227.038089832 -10.836869769 0.024189851 -0.040263986 -0.816709516 0.575134097
1706081189.844809771 41.677450654 226.824994476 -10.768585717 0.024176163 -0.039899904 -0.816483142 0.575481355
1706081189.944597721 41.603856990 226.613764900 -10.725745935 0.024974701 -0.040686802 -0.816214585 0.575773045
1706081190.043387413 41.538225724 226.397373400 -10.704500920 0.024594836 -0.040671503 -0.816087669 0.575970346
1706081190.142122030 41.480413031 226.202348998 -10.715261248 0.025182217 -0.041803059 -0.815815386 0.576249612
1706081190.240782261 41.410381134 225.992080006 -10.740969018 0.024336247 -0.039744155 -0.815781592 0.576479439
1706081190.339456081 41.336968248 225.776128609 -10.708755676 0.024313852 -0.039873886 -0.815593227 0.576737893
1706081190.442326069 41.268750745 225.559718510 -10.683765307 0.024328734 -0.039950450 -0.815310622 0.577131409
1706081190.536728144 41.204795131 225.359853016 -10.686142716 0.024030476 -0.041365910 -0.815183759 0.577223386
1706081190.635384798 41.135571216 225.159664326 -10.654455001 0.023572867 -0.036904665 -0.815115245 0.577641327
1706081190.734005928 41.069075215 224.964040056 -10.583025820 0.025475723 -0.040364456 -0.814593637 0.578064792
1706081190.844770670 40.997514497 224.746425225 -10.555389833 0.026320993 -0.042363404 -0.814216294 0.578415399
1706081190.943553686 40.931354597 224.535988196 -10.511202934 0.025535265 -0.040476017 -0.814104881 0.578742503
1706081191.037528515 40.871194310 224.342224292 -10.465236051 0.025623370 -0.041402111 -0.813908097 0.578949841
1706081191.145075798 40.804760630 224.124564172 -10.415814281 0.026348534 -0.041834158 -0.813597989 0.579321992
1706081191.244428158 40.739248744 223.904152522 -10.435154295 0.024357185 -0.039385730 -0.813642028 0.579518889
1706081191.343146086 40.668909198 223.681133521 -10.436720488 0.025493162 -0.041225072 -0.813260469 0.579877575
1706081191.441840410 40.617458206 223.479026488 -10.429635913 0.026558169 -0.042947837 -0.812931347 0.580166158
1706081191.540503979 40.552075640 223.281669271 -10.422346443 0.025766418 -0.041518526 -0.812773353 0.580527157
1706081191.643360138 40.476869105 223.056573775 -10.450664405 0.025120359 -0.040263815 -0.812583486 0.580909520
1706081191.742126703 40.400758989 222.837576022 -10.452541245 0.026046266 -0.042475888 -0.812117459 0.581362730
1706081191.836283207 40.340796419 222.636564330 -10.440164808 0.025827263 -0.042087151 -0.811947135 0.581638611
1706081191.935043335 40.273785523 222.434190785 -10.411249819 0.025953805 -0.042437817 -0.811676542 0.581985071
1706081192.040332794 40.207258875 222.223048586 -10.444263704 0.024075476 -0.039044645 -0.811726352 0.582233816
1706081192.144475222 40.137162262 221.974784426 -10.451758704 0.024209203 -0.039389390 -0.811484236 0.582542467
1706081192.243160009 40.076387195 221.753054180 -10.415912572 0.024848052 -0.040020833 -0.811246767 0.582803217
1706081192.337273836 40.021382472 221.556000275 -10.416978344 0.024503496 -0.038845811 -0.811112953 0.583083493
1706081192.444972277 39.962767590 221.325282727 -10.408965563 0.025398253 -0.042194986 -0.810840791 0.583190984
1706081192.544205189 39.906399610 221.119291848 -10.423626497 0.024240918 -0.040441517 -0.810906953 0.583272470
1706081192.642869711 39.839519036 220.904297255 -10.428400065 0.024758327 -0.041102744 -0.810691324 0.583504213
1706081192.741537094 39.777751054 220.694477190 -10.412017518 0.023868183 -0.039281863 -0.810651217 0.583722408
1706081192.844372511 39.707230842 220.472175888 -10.388919188 0.024567573 -0.040366079 -0.810465637 0.583877098
1706081192.938809156 39.648545274 220.279079069 -10.428431120 0.022457705 -0.037721249 -0.810529620 0.584050079
1706081193.037451029 39.592484443 220.068130322 -10.503689496 0.022731856 -0.038678940 -0.810427769 0.584118167
1706081193.142833710 39.532712983 219.825120570 -10.490231399 0.024109014 -0.041934345 -0.810079784 0.584320981
1706081193.241387606 39.464235240 219.610221731 -10.486750577 0.023221506 -0.040414940 -0.810014189 0.584554880
1706081193.340002537 39.400707833 219.409738798 -10.503726845 0.022531404 -0.039019966 -0.809969423 0.584738670
1706081193.444138765 39.334621852 219.187097115 -10.475978652 0.023084060 -0.039167951 -0.809707784 0.585069486
1706081193.538481236 39.282151778 218.980472319 -10.481578082 0.023101189 -0.039567535 -0.809547269 0.585264013
1706081193.637279034 39.225399621 218.795215088 -10.460814726 0.023824082 -0.039280877 -0.809293352 0.585605410
1706081193.744832754 39.158479498 218.563459435 -10.454238995 0.023820753 -0.038954529 -0.809086269 0.585913412
1706081193.843918562 39.091962024 218.360810343 -10.418048668 0.024793745 -0.040886206 -0.808717680 0.586250205
1706081193.942540407 39.032565383 218.144535729 -10.385387214 0.024055111 -0.039864777 -0.808603143 0.586509257
1706081194.041185617 38.975922323 217.939202253 -10.387206444 0.024041246 -0.039165622 -0.808404451 0.586830739
1706081194.144427776 38.914617724 217.709133137 -10.353661883 0.023915941 -0.041047911 -0.808102935 0.587122426
1706081194.238484859 38.851772414 217.530732086 -10.337120246 0.023223790 -0.037633837 -0.808068641 0.587426099
1706081194.336939573 38.788858250 217.317763663 -10.301146895 0.023923276 -0.040180946 -0.807728925 0.587696480
1706081194.442492247 38.730997056 217.091494631 -10.297689724 0.023080761 -0.037830623 -0.807719832 0.587898627
1706081194.530419588 38.673439039 216.901269505 -10.264893285 0.022674738 -0.037982794 -0.807563512 0.588119323
1706081194.641183853 38.598493154 216.665332062 -10.203421810 0.024112027 -0.039575459 -0.807220595 0.588427824
1706081194.739557266 38.538387764 216.448932541 -10.144413791 0.025395335 -0.041331935 -0.807000611 0.588554807
1706081194.838357687 38.475474029 216.236031209 -10.152351317 0.022001891 -0.035994233 -0.807242948 0.588709738
1706081194.937451124 38.418402004 216.024457389 -10.119149128 0.023654008 -0.039352812 -0.806938452 0.588848179
1706081195.044955730 38.361917692 215.798135589 -10.094615769 0.024361464 -0.040570446 -0.806823923 0.588893636
1706081195.143574715 38.294397846 215.581109006 -10.091669612 0.022681201 -0.036919225 -0.807013952 0.588940588
1706081195.242211819 38.228763186 215.385337757 -10.054773176 0.023470564 -0.038521501 -0.806800314 0.589099720
1706081195.340700865 38.171915192 215.177107557 -10.053358587 0.023889366 -0.039964386 -0.806664407 0.589172878
1706081195.432763577 38.110538463 214.982420102 -10.031912907 0.023886695 -0.040254720 -0.806563801 0.589290945
1706081195.544929504 38.036237032 214.756284408 -10.018679900 0.022269982 -0.037159319 -0.806804353 0.589228282
1706081195.630639076 37.990242416 214.580683890 -9.996940658 0.023645505 -0.038663339 -0.806694555 0.589228251
1706081195.742142916 37.928848275 214.339904355 -10.021641667 0.023045183 -0.037126008 -0.806812793 0.589189015
1706081195.842151642 37.869916878 214.138709416 -10.015561744 0.023247675 -0.036839284 -0.806878231 0.589109441
1706081195.940731525 37.816435488 213.907381717 -10.027677989 0.024598109 -0.040945061 -0.806649411 0.589096905
1706081196.039359808 37.758688687 213.688184240 -10.009827121 0.023934364 -0.040322225 -0.806805644 0.588953239
1706081196.138533831 37.700210348 213.485137157 -9.982971446 0.023965226 -0.039369628 -0.806935222 0.588838898
1706081196.238298416 37.634102343 213.266133486 -9.938786240 0.023410935 -0.037757484 -0.807102028 0.588738157
1706081196.344623327 37.557260327 213.022516960 -9.973208173 0.022905201 -0.036847330 -0.807166901 0.588726778
1706081196.443229437 37.490875896 212.801682880 -10.013400747 0.021264459 -0.034674824 -0.807337921 0.588685791
1706081196.541757822 37.435543977 212.587708769 -10.030134417 0.023269087 -0.038530518 -0.807059648 0.588751793
1706081196.634178877 37.376801559 212.375290212 -10.039248200 0.024195848 -0.040637075 -0.806909513 0.588778589
1706081196.732841492 37.310844453 212.159711759 -9.999768492 0.025517337 -0.042583292 -0.806811198 0.588719984
1706081196.833884239 37.254844172 211.959806744 -9.988707166 0.023922027 -0.039396726 -0.807050484 0.588680856
1706081196.943199635 37.192245727 211.732370122 -9.977589096 0.023500806 -0.038969893 -0.807190461 0.588534297
1706081197.043189049 37.134354297 211.537110002 -9.968720522 0.024371305 -0.040790635 -0.807027186 0.588599427
1706081197.141917944 37.079368734 211.349103779 -9.928754880 0.024396938 -0.039944516 -0.807082001 0.588581234
1706081197.240456343 37.010838029 211.167969952 -9.847661466 0.025306880 -0.039640589 -0.806978825 0.588704817
1706081197.339542866 36.950914910 210.972883399 -9.845721341 0.025237923 -0.040897576 -0.806897108 0.588733804
1706081197.439277172 36.883108910 210.752884806 -9.833862671 0.026907577 -0.043616531 -0.806595164 0.588878444
1706081197.538018465 36.813331838 210.538997180 -9.777684678 0.025462463 -0.042260836 -0.806743955 0.588837733
1706081197.644292593 36.752367567 210.293912800 -9.781107734 0.025217706 -0.041823743 -0.806745244 0.588877707
1706081197.743467569 36.693454917 210.075781152 -9.746974601 0.025195290 -0.041655599 -0.806802653 0.588811929
1706081197.841576815 36.630980419 209.860134216 -9.709681739 0.026237391 -0.041258656 -0.806714604 0.588914995
1706081197.933876038 36.577331444 209.663640342 -9.693890387 0.026398667 -0.041453512 -0.806764026 0.588826394
1706081198.039599180 36.511375767 209.426105550 -9.691561487 0.024629734 -0.038936053 -0.807069552 0.588656180
1706081198.131519318 36.460388147 209.227679761 -9.681676625 0.025895334 -0.042641863 -0.806963391 0.588490603
1706081198.244475126 36.389198919 208.985591225 -9.654218349 0.024751550 -0.038499831 -0.807185231 0.588521135
1706081198.343429804 36.334442175 208.774183492 -9.615670966 0.026536296 -0.041693857 -0.807021971 0.588449646
1706081198.442670584 36.263172946 208.524664217 -9.668214027 0.025082057 -0.043450880 -0.807032844 0.588371396
1706081198.541468382 36.208640240 208.316850022 -9.669435865 0.025178858 -0.041022895 -0.807311692 0.588158975
1706081198.641529560 36.147494986 208.106668833 -9.674814114 0.023699191 -0.039083181 -0.807457082 0.588152968
1706081198.738851070 36.091392737 207.912583627 -9.645558108 0.024122934 -0.039384026 -0.807474252 0.588092097
1706081198.845356941 36.029399680 207.713852243 -9.634251903 0.023681792 -0.037290427 -0.807680814 0.587962839
1706081198.943791628 35.963453137 207.524200722 -9.600788604 0.024546171 -0.038812226 -0.807606284 0.587931277
1706081199.043483496 35.891130893 207.305739262 -9.559065037 0.024717586 -0.039991497 -0.807544402 0.587930063
1706081199.141913176 35.829776820 207.081895962 -9.556656903 0.024366912 -0.040290353 -0.807623325 0.587815877
1706081199.240218878 35.771877681 206.878896392 -9.529755963 0.024963456 -0.040374316 -0.807656653 0.587739289
1706081199.345284700 35.711317378 206.637159907 -9.525691875 0.024322614 -0.039824320 -0.807797223 0.587610483
1706081199.443940163 35.649981869 206.424848770 -9.532825970 0.023876650 -0.039272277 -0.807828193 0.587623352
1706081199.544263601 35.588386083 206.199378356 -9.527642056 0.023461658 -0.037972743 -0.808034005 0.587442481
1706081199.643523455 35.522278567 205.976326683 -9.507707992 0.024516170 -0.040069999 -0.807940133 0.587389218
1706081199.742392063 35.455428114 205.758279661 -9.517183811 0.023253640 -0.039187182 -0.808024026 0.587384718
1706081199.841145754 35.396015185 205.536504809 -9.490321006 0.024283203 -0.040821947 -0.808026180 0.587228735
1706081199.939947128 35.344321311 205.356715818 -9.473594612 0.024461358 -0.038879283 -0.808045689 0.587326321
1706081200.039071321 35.284351947 205.153141086 -9.456048786 0.024490421 -0.038873686 -0.808002843 0.587384424
1706081200.144979715 35.217908298 204.931064385 -9.453650731 0.024463206 -0.039594785 -0.808032142 0.587297082
1706081200.237253189 35.153457105 204.738716039 -9.448699501 0.023485477 -0.038116696 -0.808071301 0.587380900
1706081200.336028337 35.091193161 204.534390089 -9.403220328 0.023620037 -0.039176662 -0.808037399 0.587352402
1706081200.441782951 35.035186960 204.308471152 -9.456023851 0.023753256 -0.040043173 -0.807807197 0.587605190
1706081200.540256977 34.972528383 204.111205124 -9.438521855 0.024105850 -0.038190177 -0.807822951 0.587692521
1706081200.644983053 34.920750615 203.901490335 -9.418299722 0.024929174 -0.040884528 -0.807587209 0.587800895
1706081200.744813681 34.853902699 203.693966423 -9.411823809 0.023489989 -0.037638700 -0.807583896 0.588081456
1706081200.844520330 34.791889686 203.470612470 -9.377248617 0.024223652 -0.039514150 -0.807325621 0.588283255
1706081200.943271399 34.730609632 203.242367365 -9.360250945 0.024870008 -0.041175709 -0.807013292 0.588570803
1706081201.041994572 34.672149417 203.026669680 -9.345684778 0.026262235 -0.041394773 -0.806691051 0.588936598
1706081201.141088963 34.609831054 202.813966101 -9.323584242 0.024868580 -0.040149191 -0.806713160 0.589053031
1706081201.240950584 34.558593409 202.616012725 -9.309674504 0.025612292 -0.040265531 -0.806473129 0.589341828
1706081201.339582443 34.496522438 202.404736111 -9.299750725 0.023527297 -0.038600175 -0.806472920 0.589540433
1706081201.438230276 34.433828183 202.199563829 -9.276078094 0.024527424 -0.039817785 -0.806182228 0.589816213
1706081201.537105322 34.373673428 201.969314251 -9.284223429 0.024358279 -0.039404793 -0.806051299 0.590029864
1706081201.642651558 34.307657806 201.735890892 -9.276979495 0.024792989 -0.041127245 -0.805819526 0.590210767
1706081201.734662056 34.253806337 201.527053180 -9.253098705 0.024921547 -0.041409663 -0.805651975 0.590414305
1706081201.840106726 34.192985951 201.298990403 -9.235889563 0.025467306 -0.041101685 -0.805446605 0.590692673
1706081201.945335627 34.135643802 201.079193350 -9.236923140 0.024816708 -0.041052496 -0.805271899 0.590961921
1706081202.044942379 34.069153152 200.847382640 -9.247099149 0.024526931 -0.040912239 -0.805082941 0.591241132
1706081202.144029617 34.018268269 200.648194789 -9.229902821 0.025416617 -0.040801976 -0.804834214 0.591549729
1706081202.243078470 33.966261017 200.433283581 -9.197822891 0.025703873 -0.040273774 -0.804596092 0.591897341
1706081202.342224836 33.899020469 200.218270182 -9.181795289 0.025509716 -0.040995415 -0.804245129 0.592333017
1706081202.441891670 33.834750654 200.002270027 -9.126499081 0.025895295 -0.040757399 -0.803899049 0.592802318
1706081202.540570021 33.768938440 199.784044209 -9.097021244 0.025896830 -0.040036291 -0.803577066 0.593287745
1706081202.639241457 33.731269177 199.589037442 -9.081590759 0.026263220 -0.041477791 -0.803344026 0.593488174
1706081202.738159418 33.670358625 199.391891050 -9.067032812 0.024955441 -0.040526109 -0.803064531 0.593988401
1706081202.838970423 33.609610834 199.180511391 -9.002489797 0.025412905 -0.039963430 -0.802858564 0.594285483
1706081202.937975883 33.548395452 198.965943874 -8.962750610 0.025767759 -0.040256848 -0.802562010 0.594650846
1706081203.034410238 33.491424952 198.749293887 -8.927369509 0.025944989 -0.041319713 -0.802264296 0.594971880
1706081203.145442009 33.431999661 198.524317965 -8.907269273 0.026282564 -0.040310637 -0.802110471 0.595233628
1706081203.245285988 33.381642886 198.330295105 -8.911544850 0.025095519 -0.040050439 -0.802017110 0.595428192
1706081203.345092058 33.314530459 198.107969081 -8.929143531 0.024902614 -0.039185623 -0.801934012 0.595605731
1706081203.444219112 33.258822196 197.894751986 -8.933945045 0.025442862 -0.040806656 -0.801701519 0.595787002
1706081203.543245792 33.206281010 197.681890904 -8.956354156 0.024724525 -0.039618501 -0.801698130 0.595901990
1706081203.642889977 33.160068334 197.463615146 -9.009233740 0.024562149 -0.040085123 -0.801685381 0.595894649
1706081203.741548538 33.109387956 197.247552526 -8.998611842 0.024399959 -0.037864898 -0.801789623 0.595906277
1706081203.840286732 33.042819283 197.005053692 -8.996168717 0.024401265 -0.040244294 -0.801585750 0.596024547
1706081203.939228058 32.981216738 196.782546936 -8.994924537 0.024515954 -0.038624260 -0.801594428 0.596115347
1706081204.040298462 32.926918369 196.581635660 -8.985702582 0.025061226 -0.039297538 -0.801461388 0.596227543
1706081204.136755943 32.868674119 196.388228806 -8.943567647 0.025432518 -0.039764582 -0.801373749 0.596298650
1706081204.235442877 32.802941894 196.165548207 -8.927840356 0.024176743 -0.037864393 -0.801429293 0.596399917
1706081204.340488672 32.744828208 195.928830745 -8.937514172 0.025327919 -0.040865471 -0.801129826 0.596556378
1706081204.444918633 32.706722663 195.714451908 -8.931390975 0.024670574 -0.040179002 -0.801099072 0.596671842
1706081204.545152187 32.647639124 195.486624871 -8.915695661 0.025370936 -0.039408732 -0.800898125 0.596963534
1706081204.644999743 32.594427464 195.287039734 -8.907957565 0.024689149 -0.039382369 -0.800706092 0.597251395
1706081204.744414806 32.543861913 195.070980618 -8.892978078 0.025496804 -0.042182375 -0.800212555 0.597687567
1706081204.843344927 32.487232651 194.856569746 -8.900949067 0.024109367 -0.039193570 -0.800302353 0.597828359
1706081204.942405701 32.438998567 194.620229909 -8.946629067 0.024022137 -0.039865706 -0.800045665 0.598130919
1706081205.041391850 32.380111987 194.420048918 -8.918629260 0.024072458 -0.039298117 -0.799736308 0.598579997
1706081205.140282631 32.324274925 194.211483593 -8.893595648 0.023918614 -0.037835310 -0.799460175 0.599049095
1706081205.241131306 32.263247203 193.994330466 -8.855511283 0.024036520 -0.038983771 -0.799071473 0.599489193
1706081205.340163469 32.206496924 193.775893093 -8.833391790 0.022637209 -0.036541699 -0.798945409 0.599865397
1706081205.439163208 32.156592907 193.575349011 -8.798618299 0.024164830 -0.036159651 -0.798429589 0.600515389
1706081205.538318157 32.106119444 193.371071769 -8.760433939 0.023543322 -0.037758478 -0.798006385 0.601004010
1706081205.633766413 32.057032317 193.177298337 -8.713499778 0.023997009 -0.038303653 -0.797599635 0.601491310
1706081205.744854212 31.991927978 192.939380911 -8.664886411 0.023846791 -0.038155766 -0.797078438 0.602197171
1706081205.845107794 31.935965949 192.727183717 -8.653780201 0.024111862 -0.037859219 -0.796612855 0.602821082
1706081205.944962740 31.889757810 192.530352990 -8.600967989 0.023578954 -0.035774398 -0.796200481 0.603513894
1706081206.044444561 31.842530019 192.296775790 -8.606392992 0.022978492 -0.036017465 -0.795709938 0.604169203
1706081206.143744469 31.795783450 192.071613894 -8.625507078 0.023545002 -0.036758864 -0.795067109 0.604948519
1706081206.242467403 31.742113898 191.875339487 -8.526256502 0.026190108 -0.036836204 -0.794366984 0.605754296
1706081206.341324568 31.694907668 191.658466806 -8.513160738 0.024974925 -0.038726375 -0.793760314 0.606482551
1706081206.442303419 31.647742133 191.443141301 -8.526803165 0.024969605 -0.039417194 -0.793158472 0.607225198
1706081206.538762331 31.598894472 191.228311127 -8.554000401 0.024133554 -0.038565911 -0.792607866 0.608032083
1706081206.640340090 31.560036037 191.024889206 -8.565625527 0.023695064 -0.038165505 -0.792133154 0.608692866
1706081206.736114025 31.501603707 190.806643634 -8.564561260 0.024753942 -0.040018157 -0.791339875 0.609562952
1706081206.839258671 31.443643584 190.579443963 -8.599103436 0.024148975 -0.039265084 -0.790787267 0.610352831
1706081206.937983274 31.408501357 190.387476343 -8.594487153 0.024382027 -0.039156605 -0.790256514 0.611037576
1706081207.044361115 31.349110269 190.147316100 -8.612443368 0.024473458 -0.039674927 -0.789526136 0.611943977
1706081207.145424843 31.310773254 189.944353915 -8.652936408 0.023280301 -0.037869659 -0.789136854 0.612606679
1706081207.245291471 31.262763403 189.727553063 -8.630142474 0.023439048 -0.036877735 -0.788488513 0.613495320
1706081207.344525099 31.225701228 189.513586775 -8.615407092 0.024645149 -0.038394538 -0.787785298 0.614257927
1706081207.443514585 31.180756090 189.281497847 -8.604234315 0.024340821 -0.038862167 -0.787173461 0.615024551
1706081207.544599295 31.136496665 189.058598886 -8.568407618 0.024786588 -0.038231073 -0.786500183 0.615907032
1706081207.641102314 31.091753318 188.843793860 -8.543841251 0.025006567 -0.038751606 -0.785751697 0.616820277
1706081207.742263317 31.051233786 188.633630401 -8.541603922 0.023751990 -0.036410351 -0.785210848 0.617700618
1706081207.838256836 31.013076229 188.423532916 -8.517885502 0.023206165 -0.036046941 -0.784708115 0.618381166
1706081207.940408230 30.968829611 188.190185032 -8.517646986 0.023200239 -0.036568772 -0.783951777 0.619309362
1706081208.040395975 30.923072458 187.971183155 -8.524253654 0.024212294 -0.039751511 -0.782939431 0.620354277
1706081208.139123917 30.878868523 187.771171195 -8.508268533 0.023497299 -0.038688479 -0.782242470 0.621327448
1706081208.226149797 30.843785340 187.603499996 -8.461953376 0.024536093 -0.038591937 -0.781524730 0.622195901
1706081208.325186491 30.812959957 187.403008202 -8.465743013 0.024060907 -0.037912776 -0.780847470 0.623105867
1706081208.424126625 30.769594522 187.195476042 -8.426972775 0.023860792 -0.038080866 -0.780004101 0.624158724
1706081208.545159578 30.716446811 186.926092134 -8.407141578 0.022793471 -0.036916656 -0.779115274 0.625377493
1706081208.644576550 30.683391916 186.715500616 -8.419563601 0.023993573 -0.038550369 -0.778139676 0.626447781
1706081208.743385077 30.645200135 186.495354286 -8.376213020 0.024222572 -0.037564871 -0.777401741 0.627414282
1706081208.842090607 30.610725767 186.277724891 -8.356054448 0.023801547 -0.036032684 -0.776705347 0.628381999
1706081208.943379641 30.569895875 186.062823374 -8.362086113 0.023867813 -0.037281493 -0.775774671 0.629455381
1706081209.042432070 30.534831426 185.847173517 -8.349163938 0.023719178 -0.036742746 -0.775055100 0.630378429
1706081209.141505241 30.508654726 185.647525767 -8.329412579 0.023831536 -0.036744498 -0.774298949 0.631302651
1706081209.241592646 30.467885577 185.417733517 -8.325608553 0.023654179 -0.036882821 -0.773437143 0.632356801
1706081209.340483665 30.424607525 185.187143402 -8.307525613 0.025001684 -0.039037954 -0.772385632 0.633459856
1706081209.438784122 30.395599028 184.964375863 -8.307390766 0.024061945 -0.037453216 -0.771847204 0.634247723
1706081209.544013739 30.358825241 184.732862297 -8.318981142 0.023677770 -0.036496466 -0.771107970 0.635216396
1706081209.632273436 30.322714664 184.525637933 -8.316149621 0.023026391 -0.037239800 -0.770446261 0.635999639
1706081209.726024389 30.302809122 184.333512699 -8.302419660 0.022854477 -0.035797121 -0.769739786 0.636943405
1706081209.845487118 30.274427888 184.082783849 -8.310931769 0.022843259 -0.036601024 -0.768735897 0.638109451
1706081209.944367886 30.240480721 183.871271452 -8.314436943 0.023702326 -0.038951675 -0.767658722 0.639234740
1706081210.043129206 30.223342035 183.669292253 -8.330164217 0.022248302 -0.034803210 -0.767161962 0.640122078
1706081210.144462824 30.199606146 183.441399053 -8.320154508 0.023611110 -0.037697803 -0.766084258 0.641199111
1706081210.243565083 30.157723814 183.220441890 -8.301404572 0.023519791 -0.037318444 -0.765149671 0.642339578
1706081210.342716455 30.128240319 183.021766135 -8.280240348 0.022755489 -0.036214504 -0.764483877 0.643222434
1706081210.443585634 30.084263922 182.836807650 -8.249675850 0.022249431 -0.034739742 -0.763609457 0.644359147
1706081210.541757345 30.052683088 182.618274600 -8.237058227 0.022578012 -0.037083160 -0.762634408 0.645371081
1706081210.640509605 30.026107928 182.399162323 -8.186690275 0.023286003 -0.036985135 -0.761783180 0.646356131
1706081210.729494572 30.002503832 182.194899272 -8.151212650 0.024268224 -0.038048705 -0.760914738 0.647280551
1706081210.828270197 29.973830095 181.964625359 -8.133030102 0.023590745 -0.037432859 -0.760150065 0.648239259
1706081210.927113533 29.949558985 181.737949328 -8.132017178 0.023919402 -0.038318810 -0.759196994 0.649291502
1706081211.026119471 29.933262035 181.525327686 -8.125812137 0.023627653 -0.037223291 -0.758375215 0.650325452
1706081211.144944906 29.917445027 181.279452603 -8.117991477 0.022939641 -0.036099958 -0.757448121 0.651492831
1706081211.243947506 29.887356706 181.053349307 -8.038232583 0.023908004 -0.036556976 -0.756368317 0.652685961
1706081211.345330000 29.860755795 180.818019746 -8.028085636 0.022824951 -0.035882125 -0.755437181 0.653839552
1706081211.444828749 29.839191188 180.592624923 -8.016478098 0.022369864 -0.035822925 -0.754504067 0.654935050
1706081211.543851852 29.815315229 180.375305952 -8.055590468 0.021664398 -0.035733519 -0.753551124 0.656059809
1706081211.644278765 29.791000987 180.150132167 -8.064484148 0.022285043 -0.035151892 -0.752478894 0.657299958
1706081211.742699623 29.764441303 179.943214320 -8.031240498 0.022599196 -0.036328638 -0.751307694 0.658563783
1706081211.841778278 29.746289743 179.738406915 -8.020829890 0.022770384 -0.036627076 -0.750347519 0.659635177
1706081211.930653572 29.711782808 179.561425587 -7.963229450 0.023828316 -0.036197512 -0.749203225 0.660920933
1706081212.029320955 29.704370525 179.358112397 -7.974753799 0.023841494 -0.035771647 -0.748293995 0.661972861
1706081212.128174543 29.687885985 179.144935010 -7.950698822 0.024202715 -0.038511324 -0.747131575 0.663118026
1706081212.227195978 29.659673358 178.928818416 -7.921548890 0.024715480 -0.036579795 -0.746073194 0.664398866
1706081212.336362123 29.628869886 178.708968855 -7.810265391 0.026012774 -0.037563850 -0.744728977 0.665801054
1706081212.435879469 29.617147915 178.502320502 -7.765340668 0.025850915 -0.037206653 -0.743733015 0.666939725
1706081212.535059452 29.611279146 178.309547564 -7.665387308 0.026168071 -0.036611553 -0.742662892 0.668151670
1706081212.643226147 29.606136322 178.090481050 -7.636171455 0.026444684 -0.037005410 -0.741311895 0.669617766
1706081212.736004353 29.588397343 177.872585530 -7.680462594 0.026344810 -0.037956868 -0.740066149 0.670945096
1706081212.844268560 29.571662626 177.620833556 -7.728010160 0.025959278 -0.038368036 -0.738827080 0.672300941
1706081212.944345951 29.581273329 177.402751377 -7.732057754 0.025190877 -0.037172709 -0.738017848 0.673285426
1706081213.042521238 29.578143869 177.177797198 -7.727334934 0.024352231 -0.036052978 -0.737002735 0.674488043
1706081213.135757446 29.561850301 176.971236472 -7.740341050 0.024164460 -0.036517829 -0.735874733 0.675700306
1706081213.230361938 29.558752512 176.763190228 -7.730271531 0.023606347 -0.036124447 -0.734951826 0.676744840
1706081213.329280853 29.562266151 176.538542783 -7.731698906 0.023032541 -0.035237129 -0.733874009 0.677979930
1706081213.437357903 29.561249174 176.315444404 -7.733089224 0.024079808 -0.036148125 -0.732464005 0.679418838
1706081213.541980028 29.536855865 176.096446110 -7.782489579 0.021832842 -0.035567911 -0.731386617 0.680684851
1706081213.637017012 29.523710595 175.861252898 -7.865518977 0.021223394 -0.034752866 -0.730304306 0.681907198
1706081213.736189842 29.494291490 175.638680224 -7.866887817 0.020814521 -0.034083027 -0.729221541 0.683111299
1706081213.838444948 29.513362204 175.394823888 -7.850704160 0.021729671 -0.032407653 -0.728495858 0.683938118
1706081213.934350967 29.539982332 175.143832238 -7.907560301 0.021403102 -0.033901994 -0.727479715 0.684956806
1706081214.045103788 29.563032692 174.924648154 -7.933866587 0.020999982 -0.034526867 -0.726148138 0.686349604
1706081214.144162655 29.563668513 174.713074704 -7.958322929 0.020300455 -0.032542943 -0.725096787 0.687577995
1706081214.243761778 29.555699694 174.482615842 -7.942094976 0.020344502 -0.032852828 -0.723943245 0.688776430
1706081214.332490444 29.548162297 174.296399961 -7.906514473 0.021396084 -0.034346666 -0.722744793 0.689929329
1706081214.431414843 29.585320918 174.122275501 -7.911920758 0.021352627 -0.033889817 -0.721768199 0.690974827
1706081214.539896250 29.570480460 173.890864006 -7.885488351 0.021208879 -0.033884346 -0.720496217 0.692305738
1706081214.644323111 29.534792654 173.602634545 -7.870584891 0.020787895 -0.033971364 -0.719313473 0.693543032
1706081214.743466854 29.505169182 173.368924948 -7.884313347 0.021520183 -0.034602544 -0.717866113 0.694987619
1706081214.838121176 29.515995336 173.146268594 -7.871628751 0.020187490 -0.033182730 -0.717222775 0.695760636
1706081214.941090345 29.531881546 172.916285243 -7.857088428 0.020660020 -0.033078955 -0.716041287 0.696967590
1706081215.044807434 29.539981028 172.687131974 -7.835802111 0.021086102 -0.034480517 -0.714721207 0.698240694
1706081215.144167185 29.557201747 172.495072807 -7.811481182 0.021008952 -0.033172746 -0.713792887 0.699255252
1706081215.242494345 29.563288456 172.288871259 -7.788946395 0.021986719 -0.033787185 -0.712550975 0.700461361
1706081215.345344305 29.581545630 172.068606236 -7.777176354 0.021207756 -0.033837679 -0.711526566 0.701523477
1706081215.444806337 29.624568159 171.847684381 -7.758069910 0.021227275 -0.032907408 -0.710787744 0.702315661
1706081215.544877768 29.639596843 171.613040127 -7.745797151 0.021359680 -0.034587908 -0.709555559 0.703475905
1706081215.642025471 29.625229958 171.413792598 -7.725530593 0.020412657 -0.032675673 -0.708648729 0.704508767
1706081215.735950708 29.610626332 171.208739505 -7.714133152 0.020312498 -0.032475108 -0.707619304 0.705554882
1706081215.839352846 29.595573028 170.985365376 -7.704439122 0.020973388 -0.033367553 -0.706277315 0.706837377
1706081215.932513714 29.599268921 170.781624929 -7.699582348 0.021706097 -0.033486274 -0.705071356 0.708012639
1706081216.043156862 29.605073219 170.511381467 -7.678889677 0.020641909 -0.032169015 -0.703821794 0.709347551
1706081216.142035484 29.621098238 170.331834537 -7.665187022 0.021100313 -0.032332423 -0.702551538 0.710584779
1706081216.240761757 29.630508453 170.137198983 -7.653473015 0.020696482 -0.032354072 -0.701077315 0.712050186
1706081216.344921350 29.647986084 169.919783500 -7.634071695 0.019742640 -0.030607807 -0.699874818 0.713336267
1706081216.438401222 29.653487581 169.707687897 -7.623203714 0.019783892 -0.031733564 -0.698591626 0.714542734
1706081216.537180185 29.682574464 169.474339836 -7.609099196 0.019945488 -0.031895715 -0.697257971 0.715832496
1706081216.635961056 29.689152535 169.242128780 -7.587133594 0.019495605 -0.031567372 -0.695869468 0.717209248
1706081216.739784718 29.715430202 169.041675434 -7.575886554 0.018964017 -0.031217970 -0.694614564 0.718454182
1706081216.844971180 29.731869068 168.783085143 -7.554786874 0.019423052 -0.031375147 -0.693191567 0.719808167
1706081216.942580462 29.724844678 168.591084355 -7.539714421 0.018641143 -0.029700373 -0.691984356 0.721060363
1706081217.040237904 29.736711722 168.376005132 -7.530284636 0.021212961 -0.031818789 -0.690295730 0.722516007
1706081217.134492159 29.733432162 168.184557041 -7.524699155 0.019680301 -0.031361780 -0.689286521 0.723542132
1706081217.244425774 29.750933868 167.927426948 -7.524248650 0.018554984 -0.030341388 -0.687977333 0.724860194
1706081217.343343973 29.774317636 167.690183736 -7.505857616 0.019784460 -0.030659003 -0.686520000 0.726194802
1706081217.442012548 29.801045875 167.488926962 -7.496358849 0.018942602 -0.030457203 -0.685390308 0.727292006
1706081217.540678024 29.820507601 167.262348819 -7.478844240 0.020360595 -0.031131588 -0.684001351 0.728531689
1706081217.644840240 29.839732463 167.046090419 -7.453206844 0.020738464 -0.029827053 -0.682861696 0.729643863
1706081217.743247747 29.894509892 166.847064565 -7.447272452 0.019993593 -0.031077123 -0.681633282 0.730760246
1706081217.841921329 29.919412728 166.639256319 -7.429567756 0.020561997 -0.030412871 -0.680647475 0.731690697
1706081217.941244364 29.970477633 166.414205092 -7.418788309 0.020405828 -0.030646692 -0.679628032 0.732632323
1706081218.044108152 30.016392702 166.195598749 -7.400064224 0.019720655 -0.029073065 -0.678645130 0.733625682
1706081218.144394636 30.018415469 165.991220544 -7.394001223 0.018831952 -0.029549586 -0.677541288 0.734649565
1706081218.241771936 30.033324501 165.774024234 -7.379303235 0.019902496 -0.030542585 -0.676247652 0.735771808
1706081218.340408802 30.075993471 165.551169606 -7.364181989 0.018688103 -0.029047807 -0.675707849 0.736359886
1706081218.444911242 30.096600238 165.308316076 -7.346296509 0.019093566 -0.029894899 -0.674770384 0.737174783
1706081218.544340849 30.106250763 165.105657895 -7.334483734 0.019108570 -0.029614342 -0.673922970 0.737960489
1706081218.643044949 30.126192349 164.899660970 -7.318990598 0.019196359 -0.029563650 -0.673571719 0.738280861
1706081218.741702557 30.152970954 164.687159384 -7.305914441 0.019251029 -0.029420732 -0.673461699 0.738385508
1706081218.845244408 30.184065243 164.439533181 -7.281642447 0.020458720 -0.030561835 -0.673314031 0.738441352
1706081218.944696903 30.218326559 164.210836498 -7.265961701 0.020422057 -0.030553498 -0.673432850 0.738334355
1706081219.043295622 30.240557247 164.000768716 -7.258376459 0.020361247 -0.030838355 -0.673821329 0.737969669
1706081219.141040802 30.274551831 163.773180614 -7.246788367 0.020565001 -0.030623914 -0.674402787 0.737441616
1706081219.240831375 30.318534308 163.550975742 -7.236628672 0.021342352 -0.032197784 -0.674848861 0.736944246
1706081219.343660355 30.371974729 163.304948161 -7.220945938 0.020612984 -0.031020789 -0.675906076 0.736046053
1706081219.438165426 30.389943666 163.086211805 -7.215281193 0.020406561 -0.030983587 -0.676734174 0.735292083
1706081219.542285204 30.403194573 162.863810035 -7.194434029 0.021170567 -0.031143645 -0.677774911 0.734304467
1706081219.642457724 30.432482207 162.649960162 -7.176417500 0.022554011 -0.032389173 -0.678635846 0.733413694
1706081219.744727612 30.455060581 162.451765331 -7.163851055 0.021376158 -0.031724382 -0.679791744 0.732406860
1706081219.844103575 30.455577428 162.238383206 -7.151458369 0.020704915 -0.031039558 -0.680991377 0.731340274
1706081219.942870378 30.472308588 162.028581136 -7.137060944 0.020132373 -0.029951645 -0.682374154 0.730111704
1706081220.041410208 30.487845592 161.804505850 -7.119640854 0.019434269 -0.029125675 -0.683795253 0.728833353
1706081220.144896507 30.516885238 161.584860807 -7.099692907 0.021127323 -0.030237134 -0.685055403 0.727556491
1706081220.243591309 30.515910911 161.363446309 -7.091725370 0.018837440 -0.029030395 -0.686764574 0.726055650
1706081220.343053341 30.496246004 161.130520939 -7.072176142 0.018671077 -0.028219674 -0.688349034 0.724589986
1706081220.441839457 30.494535558 160.907852293 -7.058249915 0.017310961 -0.026988668 -0.690043613 0.723057228
1706081220.539297819 30.521262536 160.721899343 -7.048615365 0.017053248 -0.026680080 -0.691680663 0.721508989
1706081220.643695831 30.543596257 160.495589558 -7.034585715 0.016334261 -0.025693085 -0.693716885 0.719604017
1706081220.744413853 30.561260512 160.288603019 -7.024564291 0.015529919 -0.025857300 -0.695502723 0.717890091
1706081220.843653202 30.571279684 160.076553125 -7.001896820 0.015203087 -0.024748562 -0.697458602 0.716036224
1706081220.942760706 30.570160068 159.870996204 -6.996516934 0.013547824 -0.024324994 -0.699354015 0.714232954
1706081221.045139551 30.582765248 159.655398805 -6.980454427 0.014230364 -0.024552886 -0.701122526 0.712475864
1706081221.143935680 30.604583656 159.431082434 -6.969821023 0.015060669 -0.025332580 -0.703119234 0.710460962
1706081221.242575407 30.614600102 159.186339477 -6.954933840 0.012901936 -0.024053092 -0.705272363 0.708410815
1706081221.341279984 30.583629178 158.982459229 -6.937836667 0.013512678 -0.024084640 -0.707040447 0.706633670
1706081221.445273399 30.590784409 158.745380946 -6.919550941 0.013858357 -0.024485212 -0.709068384 0.704578205
1706081221.543929815 30.605732751 158.527619220 -6.910719521 0.013148903 -0.024397308 -0.711223387 0.702419512
1706081221.642393589 30.604614280 158.328651523 -6.899057715 0.014936793 -0.025392308 -0.712929071 0.700617059
1706081221.741501093 30.599425451 158.121974453 -6.883668917 0.014869329 -0.025130453 -0.714890632 0.698626329
1706081221.844772100 30.602103384 157.882754234 -6.870438431 0.015764407 -0.026781225 -0.716825682 0.696559539
1706081221.945317745 30.563756816 157.699615355 -6.859199357 0.014252177 -0.024988494 -0.718836961 0.694583237
1706081222.044772863 30.556540559 157.509419093 -6.849667660 0.015048751 -0.025901169 -0.720655591 0.692645786
1706081222.143881083 30.525293547 157.324800181 -6.838730553 0.014611292 -0.025644914 -0.722460159 0.690782287
1706081222.242963791 30.502681343 157.115087279 -6.825413917 0.014739433 -0.025565804 -0.724293749 0.688859712
1706081222.344675541 30.504090227 156.903094466 -6.812589031 0.014745132 -0.026041765 -0.726112148 0.686924710
1706081222.443778276 30.496295931 156.703517484 -6.796597234 0.016630711 -0.027980852 -0.727358021 0.685485813
1706081222.542541027 30.507384932 156.502720153 -6.784846930 0.017647289 -0.029379148 -0.728572946 0.684110299
1706081222.641141176 30.497856796 156.297835481 -6.772448596 0.017841062 -0.029255487 -0.729943304 0.682648215
1706081222.740024567 30.492483008 156.102458790 -6.760147344 0.017615515 -0.029486081 -0.731103282 0.681401685
1706081222.842923880 30.460705136 155.873922948 -6.748230457 0.017154944 -0.029660032 -0.732293168 0.680126978
1706081222.942553282 30.451109317 155.703429030 -6.740855555 0.018244733 -0.030265538 -0.733136041 0.679163214
1706081223.041085005 30.421442052 155.501980960 -6.729439358 0.018307835 -0.030743026 -0.733977651 0.678230416
1706081223.143602371 30.407607136 155.310143117 -6.720938247 0.018988263 -0.031425233 -0.734853815 0.677230959
1706081223.242966413 30.394266325 155.122856880 -6.708531293 0.019844439 -0.031631477 -0.735556909 0.676433057
1706081223.344979048 30.363412111 154.960517489 -6.694136579 0.020896795 -0.032463987 -0.735990127 0.675890484
1706081223.444050312 30.362925104 154.735805524 -6.685125246 0.021053056 -0.033201941 -0.736741281 0.675030877
1706081223.544545889 30.349357029 154.504426836 -6.675312384 0.020671265 -0.033392609 -0.737353296 0.674364700
1706081223.644793510 30.328481421 154.307239315 -6.659596067 0.020851546 -0.032902878 -0.737904733 0.673779800
1706081223.743664026 30.313763694 154.110115631 -6.646278077 0.021309133 -0.033190453 -0.738503951 0.673094517
1706081223.842273951 30.298796187 153.927232416 -6.633531558 0.021161018 -0.033922330 -0.738963951 0.672557630
1706081223.941181421 30.263540364 153.726233656 -6.627412652 0.022187326 -0.034789894 -0.739250848 0.672164838
1706081224.044867992 30.293947752 153.549747565 -6.610480385 0.022493513 -0.034618859 -0.739987248 0.671352701
1706081224.143156528 30.263312875 153.391040916 -6.600431185 0.022470813 -0.034347272 -0.740156037 0.671181323
1706081224.242322922 30.254147285 153.226231612 -6.587145909 0.022207495 -0.034225592 -0.740658687 0.670641593
1706081224.340746403 30.221232716 153.049321881 -6.576034399 0.022340219 -0.035338013 -0.740822072 0.670398983
1706081224.439678431 30.192891250 152.868366402 -6.566121092 0.021330379 -0.034810698 -0.741239070 0.669998412
1706081224.545472860 30.165358118 152.669999759 -6.547432079 0.022256578 -0.035238816 -0.741595628 0.669551190
1706081224.645127773 30.150337863 152.482787433 -6.538463717 0.022428443 -0.036572269 -0.741751035 0.669301753
1706081224.744211197 30.107914338 152.289543591 -6.527711970 0.022813111 -0.036364641 -0.741999206 0.669024927
1706081224.843302011 30.089563245 152.073456203 -6.511901697 0.022566645 -0.036455295 -0.742273875 0.668723599
1706081224.944709063 30.061863674 151.892898402 -6.505422543 0.023064685 -0.037105655 -0.742367954 0.668566386
1706081225.043380022 30.048189568 151.719507462 -6.501534958 0.022398936 -0.036907146 -0.742738062 0.668188836
1706081225.142162800 30.070059476 151.503445420 -6.487383769 0.022221266 -0.036358658 -0.743435007 0.667449364
1706081225.244824648 30.070518416 151.344113146 -6.477189409 0.022463888 -0.036191137 -0.743539306 0.667334156
1706081225.340198040 30.062538001 151.185421605 -6.457015105 0.023982773 -0.037043832 -0.743812571 0.666929862
1706081225.442900896 30.018802416 151.025719181 -6.448159768 0.023998165 -0.037157339 -0.743885871 0.666841234
1706081225.541833639 29.999338881 150.831676361 -6.433188110 0.023022217 -0.036643935 -0.744452291 0.666271706
1706081225.640532732 29.999273616 150.655094769 -6.421657123 0.024376746 -0.038189212 -0.744764278 0.665787900
1706081225.739503860 29.973013739 150.473379571 -6.413519844 0.024180601 -0.038753008 -0.745149559 0.665331224
1706081225.838269711 29.944560710 150.286363374 -6.403424539 0.023153187 -0.037812585 -0.745687896 0.664818547
1706081225.944805622 29.944717607 150.083164063 -6.389812508 0.023376614 -0.037482474 -0.746356710 0.664078505
1706081226.044376135 29.907638080 149.904010676 -6.375719967 0.023849173 -0.038103604 -0.746801684 0.663525868
1706081226.145079374 29.875490908 149.727794095 -6.370959942 0.023702169 -0.038834898 -0.747411317 0.662801917
1706081226.244569302 29.843706402 149.588937086 -6.368190931 0.023345300 -0.038176088 -0.748003892 0.662184084
1706081226.343237400 29.810654194 149.403263821 -6.364291265 0.023372930 -0.038367334 -0.748749464 0.661328885
1706081226.442263126 29.818510972 149.242956842 -6.350947619 0.024012326 -0.037936299 -0.749588028 0.660380219
1706081226.545478821 29.791266237 149.061624521 -6.331630905 0.023791928 -0.037228558 -0.750432988 0.659468202
1706081226.644364834 29.782452949 148.872630896 -6.316145256 0.023536219 -0.036806056 -0.751278295 0.658537990
1706081226.742550373 29.747510110 148.706382695 -6.311125372 0.022610318 -0.036720751 -0.752090182 0.657647868
1706081226.841047764 29.710546239 148.533686579 -6.289936184 0.023417592 -0.037219162 -0.752838665 0.656734570
1706081226.944735050 29.687144125 148.325273503 -6.283763769 0.023571631 -0.037916949 -0.753837204 0.655542640
1706081227.037353754 29.658001841 148.178503660 -6.278827014 0.023345165 -0.036874824 -0.754599084 0.654733131
1706081227.142210484 29.620795314 147.997624419 -6.272582612 0.024082146 -0.038055288 -0.755462464 0.653642341
1706081227.245162725 29.579196177 147.812890296 -6.256371116 0.022775645 -0.036877068 -0.756481719 0.652577015
1706081227.344511509 29.565018898 147.670058974 -6.250736115 0.021932843 -0.035046095 -0.757484572 0.651542666
1706081227.443285942 29.535344688 147.516437243 -6.245036209 0.021960771 -0.035922305 -0.758117530 0.650757346
1706081227.544679880 29.519541276 147.307892217 -6.238937348 0.021649977 -0.035926492 -0.758863806 0.649897138
1706081227.643410444 29.480772045 147.131845547 -6.224733390 0.021426796 -0.035552546 -0.759404199 0.649293594
1706081227.742722988 29.462709075 146.968727293 -6.225918402 0.021072472 -0.035497653 -0.759952719 0.648666118
1706081227.844980478 29.443187423 146.801275345 -6.216474100 0.021124136 -0.035467855 -0.760640889 0.647858966
1706081227.943617344 29.441992940 146.661045600 -6.214702372 0.021584770 -0.035105280 -0.761226346 0.647175531
1706081228.042514324 29.426595055 146.519422499 -6.196767070 0.020626987 -0.034665959 -0.761948261 0.646380419
1706081228.141086578 29.406597211 146.348349069 -6.187554715 0.020287032 -0.034675758 -0.762521806 0.645713964
1706081228.244341373 29.383928484 146.185377053 -6.177119545 0.020696578 -0.034229765 -0.763154788 0.644976546
1706081228.342955112 29.352987783 145.984473323 -6.149635630 0.020849713 -0.034163447 -0.763727222 0.644297197
1706081228.441560507 29.299058983 145.799337985 -6.138572923 0.020686429 -0.034220320 -0.764248840 0.643680629
1706081228.545464516 29.263358812 145.642353188 -6.131118505 0.020317505 -0.033876424 -0.764839101 0.643009127
1706081228.644437075 29.236670896 145.481719871 -6.125508589 0.020669715 -0.034419904 -0.765226768 0.642507609
1706081228.745121717 29.216773451 145.321591114 -6.108551431 0.021141739 -0.035228591 -0.765488590 0.642136428
1706081228.844845533 29.197476869 145.160739496 -6.100000103 0.021430703 -0.036473087 -0.765796700 0.641689842
1706081228.943577528 29.168214754 145.003285352 -6.079607842 0.022429414 -0.036106978 -0.766019292 0.641410673
1706081229.045115471 29.142608227 144.839855519 -6.074072954 0.021097904 -0.036112337 -0.766412336 0.640985888
1706081229.143704653 29.111666385 144.673681499 -6.070582735 0.022063303 -0.037516993 -0.766566472 0.640688324
1706081229.242505074 29.087913531 144.492134460 -6.054876638 0.022061399 -0.038120372 -0.766870294 0.640289063
1706081229.339958668 29.056660773 144.340830422 -6.046725257 0.021792354 -0.037148200 -0.767236404 0.639916717
1706081229.439485788 29.031588967 144.173380833 -6.046535370 0.022313655 -0.037878257 -0.767458200 0.639589907
1706081229.533764362 28.994414651 144.024256010 -6.043292038 0.023202240 -0.039015949 -0.767484704 0.639458084
1706081229.642440796 28.964917359 143.845531835 -6.018196108 0.023409676 -0.038395943 -0.767876507 0.639017534
1706081229.741016865 28.919461952 143.689990491 -6.010901939 0.024376635 -0.038670108 -0.768027465 0.638783388
1706081229.844981670 28.893601665 143.527831066 -6.022869284 0.023752405 -0.038480649 -0.768318894 0.638467806
1706081229.944332600 28.880389212 143.384611068 -6.021486470 0.024137883 -0.039468276 -0.768556138 0.638107420
1706081230.045456409 28.851382645 143.219233307 -6.003438642 0.024698411 -0.039567945 -0.768804282 0.637780795
1706081230.144630194 28.828894006 143.068237279 -5.991612325 0.025401638 -0.041114534 -0.768894691 0.637546317
1706081230.243740797 28.795676581 142.905067712 -5.973274638 0.025321826 -0.040449309 -0.769113626 0.637327929
1706081230.344677687 28.776348373 142.746966576 -5.965726032 0.025998275 -0.041253739 -0.769320636 0.636999197
1706081230.443489313 28.756718176 142.600724160 -5.966160373 0.025522174 -0.041001556 -0.769645720 0.636641938
1706081230.541309595 28.719070964 142.441399212 -5.951817189 0.026053605 -0.041384620 -0.769755337 0.636463073
1706081230.642317533 28.681980835 142.271102541 -5.943444076 0.025950097 -0.041773732 -0.769860621 0.636314523
1706081230.729587317 28.639350585 142.108420765 -5.921365145 0.025864213 -0.041676609 -0.770037626 0.636110177
1706081230.828565121 28.618928824 141.920330592 -5.929129717 0.023974008 -0.041094059 -0.770458775 0.635712043
1706081230.927237749 28.596446130 141.773397683 -5.908545319 0.025237073 -0.041735656 -0.770479951 0.635595681
1706081231.026237488 28.566982438 141.660847040 -5.907679496 0.023933579 -0.040264203 -0.770637535 0.635549972
1706081231.135653973 28.528279930 141.501536634 -5.899721467 0.024275486 -0.040362042 -0.770755673 0.635387519
1706081231.234927177 28.514767738 141.364339611 -5.862762002 0.023404199 -0.039263570 -0.771163085 0.634994576
1706081231.345402002 28.471859695 141.184599827 -5.851345889 0.023680536 -0.039738915 -0.771205101 0.634903727
1706081231.444758415 28.460884673 141.019723136 -5.838921553 0.023824745 -0.040029201 -0.771525328 0.634490909
1706081231.544871330 28.427856923 140.853588588 -5.819536327 0.023972602 -0.039684105 -0.771602237 0.634413488
1706081231.644159794 28.416558049 140.710609275 -5.781415909 0.024659302 -0.039523139 -0.771772732 0.634189791
1706081231.743059158 28.374830552 140.551663053 -5.767382891 0.023440748 -0.039185497 -0.772017094 0.633959490
1706081231.836918831 28.338797019 140.399948196 -5.775293940 0.022689531 -0.038608617 -0.772246486 0.633742790
1706081231.930655241 28.296446313 140.226032731 -5.756112304 0.022880103 -0.037794895 -0.772480796 0.633499382
1706081232.029503345 28.269545190 140.084940134 -5.755071167 0.022909814 -0.038317329 -0.772617902 0.633299692
1706081232.128599882 28.238123199 139.936213870 -5.763138489 0.022218115 -0.038234243 -0.772930422 0.632947914
1706081232.227350712 28.212010386 139.791142053 -5.764671220 0.023009951 -0.038792209 -0.773121069 0.632652764
1706081232.336836576 28.195796276 139.606232644 -5.742860588 0.022947619 -0.038708341 -0.773466872 0.632237351
1706081232.436076641 28.184957135 139.442718763 -5.729523961 0.021551240 -0.035649155 -0.774153480 0.631625737
1706081232.544655800 28.150226778 139.277977155 -5.734432574 0.022233809 -0.037026628 -0.774293094 0.631351638
1706081232.634269714 28.124412567 139.151780038 -5.714541099 0.023094319 -0.037741083 -0.774390615 0.631158806
1706081232.745022297 28.065529851 138.996077720 -5.701229679 0.021895359 -0.037445665 -0.774597868 0.630964784
1706081232.844945431 28.020031788 138.851353024 -5.684941639 0.022109014 -0.037351862 -0.774934436 0.630549482
1706081232.943848372 28.004439773 138.705056730 -5.677008912 0.023749527 -0.039259623 -0.775019463 0.630269366
1706081233.038184166 27.970834570 138.522293136 -5.670498295 0.023649884 -0.039613171 -0.775165486 0.630071384
1706081233.131503344 27.946328518 138.380327402 -5.662566729 0.023486176 -0.039403702 -0.775472163 0.629713167
1706081233.230597973 27.923456537 138.218671506 -5.652011075 0.023281673 -0.039106522 -0.775749622 0.629397464
1706081233.344778299 27.890292414 138.044161514 -5.648023171 0.023932252 -0.039710728 -0.775949726 0.629088490
1706081233.442980051 27.856492290 137.888371347 -5.646839655 0.024078314 -0.040315473 -0.776065935 0.628901075
1706081233.537917137 27.831633775 137.749368785 -5.628610632 0.025264174 -0.041133792 -0.776218328 0.628613426
1706081233.637136936 27.805290429 137.601922183 -5.625596135 0.024510213 -0.040766925 -0.776610383 0.628182792
1706081233.736253977 27.775374400 137.449358515 -5.615863135 0.024187891 -0.039842502 -0.777024831 0.627741932
1706081233.844366074 27.745014156 137.276528696 -5.602887542 0.024664307 -0.040756473 -0.777302766 0.627320485
1706081233.942869425 27.720416780 137.111830136 -5.597050409 0.024152648 -0.040818541 -0.777670774 0.626880103
1706081234.045450211 27.677301803 136.955374133 -5.576975251 0.024836972 -0.040685909 -0.777904333 0.626572127
1706081234.145034552 27.650503670 136.816594962 -5.570127614 0.025015182 -0.041205175 -0.778273773 0.626072127
1706081234.233522177 27.607754785 136.669348545 -5.561440901 0.024204089 -0.041628768 -0.778576638 0.625699310
1706081234.341589451 27.567386334 136.461385993 -5.566073767 0.025000588 -0.041893616 -0.778933937 0.625205420
1706081234.431751251 27.556162727 136.328936536 -5.551047920 0.024137374 -0.039485625 -0.779598703 0.624567158
1706081234.539595366 27.529283377 136.176620194 -5.543253087 0.023988467 -0.039983730 -0.779943335 0.624110766
1706081234.638363600 27.493993010 136.023639044 -5.532750102 0.023817194 -0.039849527 -0.780316454 0.623659352
1706081234.739050388 27.466298401 135.878317812 -5.524802525 0.023983250 -0.039466738 -0.780773663 0.623104861
1706081234.838246584 27.431112176 135.769527592 -5.519893741 0.023345060 -0.038009110 -0.781238628 0.622636749
1706081234.937355518 27.382799488 135.623621476 -5.512752118 0.022531714 -0.038336434 -0.781590279 0.622205171
1706081235.039617777 27.350062866 135.451331366 -5.507089073 0.022823421 -0.038357518 -0.782136448 0.621506532
1706081235.144112110 27.312204163 135.293320342 -5.490952734 0.023323158 -0.038553040 -0.782489044 0.621031875
1706081235.237007856 27.286357514 135.154664707 -5.484857932 0.022618833 -0.037951508 -0.783075244 0.620355731
1706081235.335531235 27.232809794 135.008877125 -5.477848931 0.022879161 -0.038022402 -0.783422025 0.619903840
1706081235.439930916 27.195964935 134.842219217 -5.471189602 0.022225586 -0.038226250 -0.784033408 0.619141658
1706081235.538758993 27.160908158 134.663202009 -5.463724030 0.022297904 -0.038433118 -0.784490555 0.618546900
1706081235.632894039 27.133318588 134.536983855 -5.455612317 0.022370529 -0.038463256 -0.784918783 0.617998901
1706081235.740324020 27.087212343 134.364870215 -5.451612364 0.021720116 -0.038447097 -0.785418854 0.617387464
1706081235.844902039 27.062868717 134.186089568 -5.451494888 0.022811093 -0.039672624 -0.785834374 0.616741496
1706081235.940158129 27.034573890 134.044716324 -5.446684438 0.022788336 -0.038941899 -0.786308542 0.616184305
1706081236.039352417 27.009211152 133.918075255 -5.440318965 0.022527289 -0.039007312 -0.786745758 0.615631434
1706081236.138446331 26.968798113 133.790907197 -5.437906715 0.022465405 -0.039171904 -0.787118975 0.615145988
1706081236.237533331 26.936708694 133.643339564 -5.432233481 0.022306374 -0.038751803 -0.787536142 0.614644245
1706081236.339321375 26.914192816 133.501681520 -5.418182865 0.023272115 -0.039636069 -0.787839171 0.614163522
1706081236.444070816 26.866688609 133.332657564 -5.406790391 0.023162270 -0.039909512 -0.788159088 0.613739352
1706081236.536838293 26.838568399 133.182529058 -5.393236051 0.024421101 -0.041007051 -0.788342423 0.613382635
1706081236.644856453 26.785316909 133.014064135 -5.391572584 0.024230883 -0.041804261 -0.788594708 0.613011954
1706081236.735002756 26.760041495 132.880157717 -5.390708702 0.022532576 -0.039556604 -0.789146233 0.612515943
1706081236.842978001 26.729476405 132.712606023 -5.386776329 0.022987693 -0.040805106 -0.789469202 0.612000725
1706081236.940665483 26.682537669 132.563584596 -5.381123085 0.022892040 -0.039871223 -0.789772394 0.611674592
1706081237.041967630 26.641271052 132.434347600 -5.373001252 0.023231458 -0.039523407 -0.790136985 0.611213338
1706081237.141297340 26.608388452 132.304013131 -5.349405618 0.023168728 -0.039254147 -0.790489314 0.610777346
1706081237.240446568 26.578886275 132.147698454 -5.336008738 0.023222364 -0.039478116 -0.790848319 0.610295941
1706081237.339555502 26.531619915 131.999140115 -5.325169090 0.022807421 -0.039358480 -0.791154464 0.609922409
1706081237.438646793 26.479714288 131.841821140 -5.304511579 0.023340638 -0.040223559 -0.791221519 0.609758795
1706081237.537719488 26.442627011 131.692495871 -5.292026496 0.023050228 -0.039862113 -0.791601966 0.609299619
1706081237.638962030 26.410842216 131.561730823 -5.284729753 0.024035227 -0.039686353 -0.791653895 0.609205558
1706081237.743619919 26.366119602 131.419718977 -5.285614253 0.023510785 -0.040029594 -0.791827320 0.608978136
1706081237.841730118 26.331605871 131.272822045 -5.275405174 0.023336595 -0.040020033 -0.792104938 0.608624324
1706081237.936102152 26.297205859 131.134571592 -5.269669296 0.023194750 -0.039657870 -0.792315453 0.608379388
1706081238.035019875 26.254080364 130.982195869 -5.257852041 0.023591446 -0.039293825 -0.792425878 0.608243920
1706081238.142564774 26.227479015 130.802116237 -5.252428624 0.024637033 -0.040557446 -0.792642138 0.607837602
1706081238.243075371 26.180986693 130.662199621 -5.236932385 0.024157980 -0.040117012 -0.792723308 0.607780202
1706081238.342387915 26.133014087 130.515192448 -5.226989103 0.023637159 -0.040361343 -0.792900184 0.607553738
1706081238.441539764 26.103473804 130.366270124 -5.224820084 0.023219490 -0.039932884 -0.793189878 0.607219925
1706081238.540655136 26.068303953 130.213379246 -5.220819406 0.023611156 -0.040917878 -0.793226939 0.607090820
1706081238.641680002 26.032763246 130.053075951 -5.201872869 0.023767939 -0.040740291 -0.793397180 0.606874145
1706081238.738811493 26.015405230 129.926545273 -5.201564822 0.024352015 -0.041573982 -0.793599103 0.606530335
1706081238.840259075 25.969826194 129.796603602 -5.179490352 0.024848371 -0.041505178 -0.793685793 0.606401468
1706081238.938652039 25.927970502 129.662044028 -5.173503547 0.024375637 -0.041781118 -0.793964799 0.606036355
1706081239.042963028 25.881938827 129.512876847 -5.166048389 0.024322807 -0.041750963 -0.794075844 0.605895050
1706081239.141624451 25.853891867 129.375622648 -5.169042832 0.022442780 -0.040236175 -0.794518295 0.605489926
1706081239.239964724 25.820971697 129.231258952 -5.153243390 0.023799797 -0.040826294 -0.794548431 0.605359045
1706081239.334817171 25.787973340 129.077241959 -5.147491348 0.024018240 -0.041640905 -0.794591373 0.605238556
1706081239.444225311 25.735927219 128.929095369 -5.144119344 0.024131382 -0.042276179 -0.794701715 0.605045110
1706081239.543492079 25.695553526 128.797705529 -5.144062470 0.024775421 -0.042503064 -0.794711019 0.604990962
1706081239.642662048 25.661537371 128.631701252 -5.135236166 0.024471495 -0.042209769 -0.794933493 0.604731530
1706081239.741754293 25.617405064 128.496638723 -5.119719188 0.025035158 -0.042178582 -0.795017262 0.604600497
1706081239.842652082 25.580019014 128.349260869 -5.097108234 0.025189505 -0.042212173 -0.795148163 0.604419572
1706081239.941525936 25.551554175 128.206109301 -5.086223590 0.025497721 -0.042443621 -0.795332334 0.604148064
1706081240.041219711 25.511719560 128.056990962 -5.074390096 0.025622091 -0.043433907 -0.795377135 0.604013425
1706081240.145196915 25.480207506 127.903256892 -5.069286631 0.025590932 -0.043252657 -0.795477055 0.603896156
1706081240.239877224 25.438303012 127.778765317 -5.065287443 0.025536061 -0.042479568 -0.795698597 0.603661444
1706081240.338223457 25.399264764 127.641182855 -5.058678204 0.024960055 -0.042192946 -0.795848641 0.603507823
1706081240.441477537 25.358587170 127.494043184 -5.050184749 0.024808699 -0.042372339 -0.795972378 0.603338285
1706081240.540055513 25.324675100 127.343081948 -5.040324577 0.024904764 -0.041865549 -0.796208730 0.603057781
1706081240.645247936 25.288360097 127.192355697 -5.035871792 0.024641833 -0.042688580 -0.796371680 0.602795664
1706081240.744640589 25.235125405 127.041002313 -5.034291019 0.024374624 -0.041901489 -0.796513245 0.602674699
1706081240.843774796 25.203607349 126.901148115 -5.018231765 0.024650193 -0.041926918 -0.796582290 0.602570458
1706081240.945072174 25.174293172 126.764441944 -5.015831361 0.024569694 -0.041436696 -0.796897102 0.602191281
1706081241.044098616 25.131806186 126.628579417 -5.015317361 0.023448376 -0.041253109 -0.797119797 0.601953806
1706081241.142928362 25.090532776 126.480801737 -4.999526795 0.023881144 -0.041526462 -0.797294635 0.601686387
1706081241.242367029 25.050873891 126.320565742 -4.991894391 0.023592419 -0.041133431 -0.797490219 0.601465534
1706081241.341316700 25.014595714 126.166596021 -4.987898868 0.023781628 -0.041019527 -0.797669022 0.601228712
1706081241.440104485 24.983429491 126.037064997 -4.975200292 0.024515007 -0.041304955 -0.797711571 0.601123253
1706081241.543987036 24.946407689 125.880661787 -4.971389114 0.023511686 -0.040998708 -0.797937130 0.600884884
1706081241.642685652 24.899596225 125.740211202 -4.958400411 0.023699395 -0.041027423 -0.798055219 0.600718700
1706081241.741069555 24.861015493 125.592152672 -4.946790489 0.023655990 -0.041195720 -0.798202680 0.600512937
1706081241.844334841 24.824490788 125.463200943 -4.936394069 0.023175569 -0.040616948 -0.798347904 0.600378031
1706081241.945164204 24.782890398 125.349322351 -4.934059305 0.023018352 -0.040528255 -0.798378929 0.600348817
1706081242.044898510 24.747678032 125.196938706 -4.916371284 0.023972757 -0.040623742 -0.798474443 0.600177959
1706081242.143981457 24.723458089 125.058071871 -4.909286739 0.023716335 -0.040329328 -0.798743502 0.599849897
1706081242.244786263 24.681451943 124.910005694 -4.889972838 0.024074481 -0.040793019 -0.798696187 0.599867276
1706081242.344654322 24.644477022 124.779340694 -4.888028508 0.023990098 -0.040859798 -0.798729743 0.599821432
1706081242.441232920 24.608351071 124.638607774 -4.885970272 0.023206982 -0.040673429 -0.798920909 0.599610282
1706081242.541989803 24.568519380 124.501709517 -4.875176460 0.023399973 -0.040201197 -0.799019767 0.599502892
1706081242.641079426 24.533169055 124.348367222 -4.866479105 0.023372212 -0.040718075 -0.799235190 0.599181850
1706081242.740451097 24.481738312 124.206323134 -4.858910947 0.023481717 -0.040823353 -0.799280667 0.599109738
1706081242.843288898 24.439658823 124.054664253 -4.848799355 0.023763393 -0.041274073 -0.799414606 0.598889005
1706081242.942353487 24.407743595 123.920508076 -4.839866922 0.024315723 -0.041848765 -0.799522967 0.598682263
1706081243.041044950 24.363674369 123.779125001 -4.842344095 0.023933369 -0.041914293 -0.799608441 0.598578923
1706081243.144422531 24.330205496 123.624498729 -4.841114583 0.024094914 -0.041803828 -0.799772003 0.598361611
1706081243.245099783 24.286941807 123.498797732 -4.834070586 0.023392365 -0.041187349 -0.799944579 0.598201529
1706081243.344933033 24.257483629 123.370478458 -4.830295214 0.023341923 -0.041241612 -0.800083326 0.598014177
1706081243.444147348 24.218839582 123.222331860 -4.825858677 0.023010006 -0.041478478 -0.800204777 0.597848133
1706081243.543653727 24.172151667 123.083784297 -4.814625579 0.022792637 -0.040830817 -0.800368271 0.597682165
1706081243.644482136 24.145328013 122.940403153 -4.797164810 0.023700379 -0.040746818 -0.800498773 0.597477785
1706081243.743386030 24.102387051 122.789756576 -4.784642881 0.023765241 -0.041089592 -0.800524537 0.597417211
1706081243.842225075 24.078391260 122.654468993 -4.785754535 0.023359017 -0.041708969 -0.800661718 0.597206439
1706081243.941526890 24.049186124 122.505592690 -4.777912752 0.024164049 -0.041434375 -0.800693002 0.597151579
1706081244.044951200 24.009074489 122.360982431 -4.770093602 0.024129305 -0.041686235 -0.800867231 0.596901762
1706081244.143504381 23.966097729 122.216624811 -4.766773783 0.023869801 -0.042189969 -0.800950301 0.596765326
1706081244.242043495 23.932918739 122.070978499 -4.758831373 0.024608588 -0.042280439 -0.800958140 0.596718392
1706081244.340782404 23.881390370 121.942298963 -4.733761873 0.025115232 -0.041442631 -0.801069551 0.596606493
1706081244.445063829 23.843261858 121.812430994 -4.734773405 0.024319313 -0.042004910 -0.801126581 0.596523561
1706081244.544987202 23.812942134 121.687849545 -4.729935629 0.023989426 -0.041599354 -0.801302122 0.596329532
1706081244.644837379 23.781401305 121.539304420 -4.714892941 0.024336229 -0.041469368 -0.801576600 0.595955530
1706081244.744352579 23.742212390 121.400847990 -4.706843402 0.023627514 -0.040524966 -0.801760039 0.595802238
1706081244.843443155 23.712739807 121.252385436 -4.699191393 0.024311528 -0.041633930 -0.801852681 0.595573542
1706081244.944320917 23.683444529 121.122300312 -4.693132057 0.023690201 -0.041277239 -0.802122782 0.595259613
1706081245.043229818 23.657014644 120.996803386 -4.670455566 0.024951855 -0.040779900 -0.802298353 0.595005679
1706081245.142570496 23.601118852 120.849811458 -4.663531674 0.023331125 -0.039919302 -0.802426621 0.594956826
1706081245.245043755 23.553823784 120.720055013 -4.653029839 0.023843600 -0.041156980 -0.802415958 0.594866553
1706081245.343876839 23.510273200 120.568736842 -4.650398643 0.023802455 -0.041101886 -0.802542317 0.594701529
1706081245.442636490 23.461271985 120.433219190 -4.648050975 0.023592688 -0.041379024 -0.802611879 0.594596782
1706081245.541948080 23.424089908 120.282428362 -4.643911159 0.023438772 -0.041010599 -0.802803742 0.594369336
1706081245.644795418 23.394302578 120.137605738 -4.637093742 0.023578849 -0.040774170 -0.802964912 0.594162314
1706081245.744797707 23.352638785 119.995939664 -4.630873065 0.023435290 -0.041146709 -0.803119988 0.593932673
1706081245.845254421 23.325277937 119.876314562 -4.619391543 0.023547109 -0.040776962 -0.803329038 0.593670978
1706081245.945100784 23.292106765 119.748076126 -4.614322707 0.023776130 -0.041139328 -0.803394514 0.593548234
1706081246.044517279 23.252084124 119.604304554 -4.605381571 0.023871515 -0.041225081 -0.803593007 0.593269689
1706081246.143553734 23.216693212 119.471651936 -4.593423917 0.023965627 -0.041211787 -0.803665359 0.593168803
1706081246.244300365 23.177571965 119.344287302 -4.592124209 0.022987165 -0.040256951 -0.803928389 0.592916616
1706081246.343654871 23.139418438 119.199654362 -4.584726386 0.023306937 -0.040681646 -0.804011308 0.592762690
1706081246.442423582 23.090052328 119.048828333 -4.580529052 0.023495147 -0.041470642 -0.804057788 0.592637526
1706081246.541388750 23.047314925 118.895482669 -4.572621612 0.023277740 -0.040479324 -0.804313348 0.592367799
1706081246.643984318 23.010075485 118.767689062 -4.565005845 0.023617240 -0.040949370 -0.804354832 0.592265716
1706081246.742822886 22.988680513 118.618995800 -4.555234471 0.024399427 -0.042124589 -0.804424486 0.592056951
1706081246.841732264 22.955415791 118.463035748 -4.548722744 0.023770478 -0.041263367 -0.804668104 0.591812082
1706081246.944451332 22.897042568 118.313938637 -4.543308513 0.023144138 -0.040348071 -0.804790023 0.591734232
1706081247.044126987 22.855552566 118.190801209 -4.534494377 0.023444092 -0.040647494 -0.804951934 0.591481648
1706081247.138112545 22.812143330 118.080930426 -4.526634707 0.023592920 -0.041078475 -0.805049326 0.591313381
1706081247.245009422 22.772847620 117.938557643 -4.517885431 0.023779468 -0.041384281 -0.805137676 0.591164276
1706081247.344613552 22.735107411 117.794852498 -4.509812559 0.023948770 -0.041687153 -0.805261787 0.590967082
1706081247.445374489 22.693440934 117.653371387 -4.500634997 0.024040420 -0.041479719 -0.805389499 0.590803898
1706081247.544554472 22.649136056 117.523199884 -4.490155276 0.024817112 -0.042183277 -0.805384990 0.590728109
1706081247.643711567 22.622210403 117.377677064 -4.476598235 0.024698086 -0.042710727 -0.805545525 0.590476253
1706081247.742765903 22.579166925 117.243581933 -4.473915834 0.024110927 -0.041780218 -0.805636645 0.590442776
1706081247.841945887 22.543246412 117.085758364 -4.470513518 0.023594128 -0.041335431 -0.805917990 0.590110915
1706081247.943491459 22.504889437 116.937023079 -4.467755246 0.023842817 -0.041876149 -0.805895022 0.590094164
1706081248.040820837 22.472275628 116.837303679 -4.464433690 0.023160951 -0.039832127 -0.806147847 0.589917469
1706081248.138902187 22.440214215 116.718013765 -4.457522418 0.023494937 -0.041324723 -0.806121240 0.589837945
1706081248.240395546 22.405068032 116.584950887 -4.435733399 0.024103968 -0.041466974 -0.806137850 0.589780684
1706081248.343003750 22.381403294 116.447777155 -4.436302009 0.024110585 -0.042165883 -0.806216540 0.589623277
1706081248.441735268 22.338547645 116.298381137 -4.425104849 0.023857982 -0.041931558 -0.806285693 0.589555700
1706081248.545266628 22.290910963 116.151506652 -4.414111137 0.024022537 -0.041732947 -0.806353675 0.589470126
1706081248.644565821 22.244270753 116.010559708 -4.410663914 0.024105747 -0.042207969 -0.806250122 0.589574542
1706081248.743309021 22.198577626 115.870138890 -4.402998805 0.024116885 -0.042470856 -0.806300422 0.589486413
1706081248.844671726 22.165914748 115.719005972 -4.392435673 0.024275230 -0.042379814 -0.806365385 0.589397600
1706081248.943678617 22.137255256 115.601604451 -4.393120713 0.024752615 -0.043283727 -0.806363253 0.589314967
1706081249.043088913 22.094792136 115.472026500 -4.384526997 0.024829248 -0.042919099 -0.806425196 0.589253649
1706081249.144865274 22.049080507 115.334869510 -4.374144289 0.024692782 -0.043525152 -0.806460897 0.589166063
1706081249.243265867 22.005722650 115.203625531 -4.368815001 0.025256689 -0.044142295 -0.806467786 0.589086808
1706081249.342215538 21.952029424 115.068747126 -4.355782848 0.025404470 -0.043582260 -0.806514818 0.589057763
1706081249.440553665 21.914894559 114.908808923 -4.362331817 0.024239043 -0.043515024 -0.806674651 0.588892960
1706081249.533300638 21.866768098 114.790603987 -4.354783364 0.024844008 -0.043789353 -0.806537516 0.589035230
1706081249.642559052 21.828198637 114.643399784 -4.344252746 0.025552132 -0.044421267 -0.806518794 0.588983255
1706081249.740852594 21.788575474 114.508936152 -4.333296549 0.025008447 -0.043693615 -0.806498438 0.589088885
1706081249.844810486 21.751939181 114.362672947 -4.323767896 0.025374941 -0.043463772 -0.806569107 0.588993454
1706081249.944389820 21.716510525 114.215442949 -4.313916307 0.025247489 -0.043832880 -0.806556751 0.588988497
1706081250.045270443 21.688977244 114.112150144 -4.301264461 0.024875593 -0.043097610 -0.806585933 0.589018620
1706081250.145073891 21.651789021 113.964617758 -4.293658138 0.025023275 -0.043137319 -0.806580445 0.589016972
1706081250.244211435 21.602177667 113.839399166 -4.279076541 0.024492432 -0.042079114 -0.806652290 0.589017447
1706081250.343111515 21.564510395 113.692970508 -4.279630294 0.023800059 -0.041773490 -0.806824736 0.588831366
1706081250.444500685 21.519180629 113.540828093 -4.277002688 0.023632248 -0.042114788 -0.806862797 0.588761656
1706081250.543680191 21.482749981 113.403461519 -4.270617334 0.024200391 -0.041863098 -0.806939784 0.588651006
1706081250.642049789 21.454583656 113.269586753 -4.260722322 0.023791240 -0.040628076 -0.807112312 0.588517674
1706081250.738061905 21.412366356 113.145719451 -4.258617713 0.023520978 -0.040743371 -0.807240221 0.588345109
1706081250.843886375 21.381393294 113.030341465 -4.251501740 0.022730659 -0.040432104 -0.807412904 0.588160662
1706081250.931543589 21.336437602 112.899328180 -4.240081890 0.023048039 -0.040471221 -0.807472112 0.588064330
1706081251.041178465 21.288979086 112.751876206 -4.236990726 0.022139855 -0.040023636 -0.807703713 0.587811745
1706081251.145120144 21.248120658 112.609560842 -4.225393263 0.022876594 -0.039525267 -0.807871233 0.587587002
1706081251.244091749 21.203113742 112.466004985 -4.211721285 0.023206840 -0.040618918 -0.807869289 0.587502134
1706081251.343818903 21.157973137 112.323364525 -4.202573854 0.023515734 -0.041337118 -0.807920680 0.587369073
1706081251.445437670 21.112986215 112.192224120 -4.191349502 0.023180376 -0.040761707 -0.808090797 0.587188570
1706081251.544654846 21.075293588 112.067490259 -4.184292243 0.022808737 -0.040902438 -0.808303870 0.586899997
1706081251.643527031 21.032935173 111.923620434 -4.177738120 0.023504273 -0.040811779 -0.808469950 0.586650055
1706081251.744629622 20.999768104 111.798727303 -4.170842216 0.023846230 -0.041238336 -0.808599288 0.586428127
1706081251.843569994 20.958432412 111.657127135 -4.168831806 0.022557958 -0.040563541 -0.808927177 0.586073852
1706081251.935524464 20.926683556 111.529633284 -4.167630823 0.023918892 -0.041606988 -0.809057414 0.585766887
1706081252.044350386 20.871056940 111.368573347 -4.156703175 0.024109654 -0.040956186 -0.809227868 0.585569443
1706081252.143311501 20.831336799 111.241501181 -4.146139827 0.023555314 -0.040581737 -0.809528609 0.585202274
1706081252.241898298 20.791998243 111.117323942 -4.138749510 0.023344334 -0.040470322 -0.809730368 0.584939249
1706081252.340338469 20.747575713 110.970362713 -4.148813758 0.023857637 -0.041570043 -0.809754893 0.584807454
1706081252.445108652 20.697686717 110.835012613 -4.147250789 0.022510182 -0.039681800 -0.810022236 0.584621778
1706081252.543620110 20.667399898 110.702903525 -4.136620352 0.023569139 -0.040978187 -0.809987081 0.584539316
1706081252.643801212 20.633507290 110.572284563 -4.121895617 0.023181483 -0.039961630 -0.810096387 0.584473721
1706081252.744833708 20.595868420 110.431500579 -4.100437521 0.024294300 -0.041813208 -0.809921001 0.584542056
1706081252.844784260 20.556845954 110.290604720 -4.090099291 0.023718651 -0.041042066 -0.809979043 0.584539925
1706081252.943571329 20.512715127 110.143137378 -4.083154901 0.023493352 -0.041211830 -0.809918962 0.584620323
1706081253.044552565 20.473475275 109.994109317 -4.085745477 0.023368582 -0.041027799 -0.809995363 0.584532412
1706081253.136476278 20.436339322 109.880721112 -4.081961370 0.023513501 -0.041074553 -0.809876787 0.584687597
1706081253.230784416 20.394791811 109.740107233 -4.092392288 0.022955753 -0.040992273 -0.809945687 0.584620091
1706081253.338394403 20.344365022 109.589713060 -4.082264379 0.023222900 -0.041401606 -0.809821714 0.584752422
1706081253.438847303 20.309880467 109.453494101 -4.053823547 0.024877315 -0.041706627 -0.809749458 0.584762765
1706081253.538140297 20.278513362 109.341791879 -4.049026569 0.023340778 -0.040457289 -0.809845823 0.584780437
1706081253.637268305 20.232256531 109.216735471 -4.051657129 0.023462250 -0.041068293 -0.809706988 0.584925219
1706081253.744699240 20.185702772 109.070579667 -4.041748048 0.023527513 -0.041175993 -0.809616623 0.585040099
1706081253.844232559 20.147708158 108.944807640 -4.038789154 0.022861143 -0.040457272 -0.809737428 0.584949464
1706081253.941990614 20.103951998 108.818668042 -4.026862240 0.023550887 -0.041805157 -0.809551143 0.585085149
1706081254.041221857 20.057879880 108.691440247 -4.015013365 0.023906021 -0.041368437 -0.809392402 0.585321359
1706081254.144773960 20.015608148 108.565075902 -3.990216242 0.024494165 -0.040855400 -0.809327415 0.585422931
1706081254.233476400 19.969855876 108.427001820 -3.977553073 0.023445160 -0.040678399 -0.809319329 0.585489382
1706081254.337007523 19.943083860 108.301294400 -3.975384900 0.024099718 -0.041921005 -0.809101735 0.585675862
1706081254.441047430 19.913708665 108.165673209 -3.969529191 0.024128612 -0.041618982 -0.809075875 0.585731935
1706081254.530873537 19.871685102 108.043935040 -3.973704100 0.024457662 -0.042200849 -0.808904488 0.585913338
1706081254.644332886 19.832470627 107.894613231 -3.961029113 0.024049036 -0.041057868 -0.808922647 0.585986387
1706081254.739186764 19.796937339 107.756680622 -3.958881524 0.023947929 -0.041303554 -0.808910981 0.585989367
1706081254.841586351 19.756134480 107.606963267 -3.949760420 0.023683199 -0.040948877 -0.808924265 0.586006680
1706081254.937444210 19.717927844 107.447554447 -3.935847854 0.024597025 -0.042316683 -0.808802606 0.586039785
1706081255.044538260 19.667391144 107.305251242 -3.934209256 0.024055394 -0.041249163 -0.808937894 0.585951643
1706081255.144086361 19.631243603 107.165371745 -3.926522512 0.023831104 -0.041824627 -0.808999271 0.585835266
1706081255.236990213 19.590179003 107.036960321 -3.922034823 0.023951762 -0.041928548 -0.809082864 0.585707460
1706081255.340803146 19.544041896 106.914909907 -3.909402281 0.023977220 -0.041203019 -0.809221189 0.585566794
1706081255.434852839 19.506954047 106.799019600 -3.901401632 0.023791716 -0.041189369 -0.809315481 0.585444995
1706081255.544230461 19.470316079 106.665264870 -3.900782802 0.023986520 -0.041714909 -0.809403192 0.585278554
1706081255.641312599 19.427906713 106.548337373 -3.896003166 0.023749266 -0.040867225 -0.809636375 0.585025454
1706081255.740671158 19.375932716 106.422041760 -3.882399766 0.023635175 -0.040517172 -0.809679670 0.584994503
1706081255.841094971 19.339953452 106.297517733 -3.878353987 0.023619415 -0.040845573 -0.809708095 0.584932956
1706081255.940322638 19.294678268 106.160758151 -3.870397601 0.023645738 -0.040861147 -0.809790856 0.584816223
1706081256.039461374 19.249092340 106.019996500 -3.858554311 0.023901839 -0.040792949 -0.809796629 0.584802580
1706081256.141763687 19.210330028 105.878872111 -3.850800114 0.023775806 -0.041184254 -0.809848338 0.584708678
1706081256.240500927 19.165564052 105.744394784 -3.848037098 0.023845287 -0.041180333 -0.809883365 0.584657607
1706081256.344730854 19.125490979 105.608034363 -3.841299555 0.022992578 -0.039865998 -0.810189664 0.584358410
1706081256.443701744 19.084915185 105.457746223 -3.825086427 0.024053940 -0.040904056 -0.810171782 0.584268730
1706081256.542323351 19.045741938 105.329689113 -3.816305201 0.022872291 -0.039533399 -0.810509356 0.583942251
1706081256.641150951 19.003779465 105.200719744 -3.812481515 0.023462902 -0.040586549 -0.810383878 0.584020714
1706081256.739515543 18.948291881 105.052057189 -3.800711790 0.022650496 -0.039725321 -0.810555453 0.583873883
1706081256.842722654 18.917279566 104.916386621 -3.795162912 0.022974591 -0.040129111 -0.810736051 0.583582795
1706081256.941612959 18.887410328 104.783168999 -3.790785993 0.022372972 -0.039050110 -0.810979650 0.583340850
1706081257.042230368 18.847956982 104.644926989 -3.789380811 0.022944776 -0.040101860 -0.810984070 0.583241130
1706081257.141468287 18.810867410 104.516370095 -3.775055824 0.023055818 -0.039945499 -0.811124097 0.583052730
1706081257.243497610 18.770191668 104.384959002 -3.766680584 0.022496112 -0.039935596 -0.811220358 0.582941339
1706081257.339660883 18.726993939 104.265460442 -3.757781664 0.023362381 -0.040889782 -0.811089522 0.583023166
1706081257.438732147 18.682941715 104.138066356 -3.753444484 0.023249543 -0.039807180 -0.811248915 0.582880816
1706081257.539476395 18.645170473 103.998166192 -3.743663126 0.023840346 -0.040350934 -0.811310631 0.582733644
1706081257.644940138 18.595428068 103.859991358 -3.736106276 0.023376003 -0.039078167 -0.811523775 0.582542378
1706081257.743564367 18.563158927 103.732766266 -3.730236357 0.024187872 -0.040170832 -0.811543919 0.582406832
1706081257.842104435 18.532259270 103.606837926 -3.730966007 0.023998344 -0.039583848 -0.811706249 0.582228618
1706081257.944198370 18.475127172 103.479135799 -3.724062254 0.023850287 -0.040054593 -0.811646248 0.582286151
1706081258.039101362 18.436381152 103.346843474 -3.718288425 0.024182877 -0.040561465 -0.811674862 0.582197453
1706081258.142676830 18.402482853 103.200777000 -3.704708794 0.024384308 -0.040581383 -0.811804602 0.582006740
1706081258.243310690 18.357065735 103.059089844 -3.697202887 0.024530870 -0.041228197 -0.811711072 0.582085568
1706081258.342508554 18.326047751 102.934453694 -3.695877825 0.023708026 -0.041478939 -0.811805859 0.581969651
1706081258.441632032 18.284675407 102.800995243 -3.684561081 0.023643637 -0.041556939 -0.811833374 0.581928323
1706081258.540720940 18.235798957 102.673584817 -3.678896496 0.024428721 -0.042643722 -0.811713038 0.581985132
1706081258.639807701 18.190901702 102.555090206 -3.669344822 0.025268539 -0.043440202 -0.811652089 0.581975374
1706081258.738873959 18.138593707 102.415763322 -3.662275163 0.025496026 -0.044230813 -0.811541483 0.582060142
1706081258.837958813 18.086928104 102.287546867 -3.657003129 0.027132921 -0.046576828 -0.811227549 0.582240729
1706081258.938928366 18.041751645 102.145292166 -3.650320445 0.027060049 -0.046148960 -0.811275297 0.582211662
1706081259.043398857 18.005521733 102.002227672 -3.645827654 0.027736098 -0.046754905 -0.811258003 0.582155597
1706081259.136839390 17.972972279 101.872262029 -3.640568437 0.027911879 -0.046606875 -0.811200665 0.582238960
1706081259.244452477 17.918790067 101.736695436 -3.632957939 0.028279885 -0.047077496 -0.811089913 0.582337626
1706081259.338880539 17.879282408 101.608969668 -3.628401474 0.028294015 -0.046836393 -0.811083366 0.582365499
1706081259.444360495 17.841695967 101.477925358 -3.621147393 0.028796011 -0.046841024 -0.811033845 0.582409487
1706081259.543576717 17.801978034 101.325492830 -3.614239687 0.028584070 -0.047340717 -0.810986616 0.582445291
1706081259.642693758 17.764287773 101.182681599 -3.610366682 0.028808195 -0.048312744 -0.810911563 0.582458929
1706081259.742718458 17.719510258 101.046914156 -3.597746646 0.028237665 -0.047019936 -0.810912499 0.582591348
1706081259.840849400 17.679219405 100.914890949 -3.592244269 0.028140832 -0.047081225 -0.810941090 0.582551286
1706081259.939951897 17.640491824 100.804301839 -3.578696538 0.027807891 -0.047165323 -0.810740131 0.582840110
1706081260.041148901 17.599462379 100.684223596 -3.563065298 0.027640659 -0.046765949 -0.810747855 0.582869501
1706081260.145167112 17.563223524 100.549232453 -3.555222670 0.026940553 -0.044659292 -0.810798522 0.582997007
1706081260.243987322 17.521229626 100.442854727 -3.548186033 0.026721014 -0.044641857 -0.810751905 0.583073272
1706081260.337926149 17.476436421 100.300155611 -3.537442221 0.026104843 -0.044516307 -0.810782146 0.583068733
1706081260.445199966 17.437719272 100.148293349 -3.534597613 0.026275372 -0.044628682 -0.810735259 0.583117677
1706081260.540023804 17.402188510 100.022748038 -3.527590463 0.026730018 -0.044783310 -0.810723796 0.583101095
1706081260.645192862 17.361527029 99.878450022 -3.522193271 0.027048388 -0.045162970 -0.810684703 0.583111484
1706081260.744722605 17.321479009 99.724065310 -3.510449223 0.027146341 -0.045218906 -0.810733899 0.583034194
1706081260.843828201 17.294138415 99.600338910 -3.499914782 0.027159652 -0.045090593 -0.810707692 0.583079951
1706081260.942902327 17.253676659 99.464402052 -3.495811367 0.027129336 -0.044947757 -0.810758853 0.583021252
1706081261.044696331 17.214340162 99.332403034 -3.489062762 0.026879985 -0.044825010 -0.810783087 0.583008551
1706081261.143137217 17.177295904 99.230661782 -3.488502519 0.026787722 -0.044369743 -0.810797953 0.583026949
1706081261.240157604 17.140014352 99.108133365 -3.476801186 0.027049568 -0.044909791 -0.810789254 0.582985607
1706081261.341058969 17.098437304 98.970040838 -3.467862002 0.027011649 -0.045111968 -0.810803103 0.582952493
1706081261.440075159 17.052600448 98.832937554 -3.465790427 0.027460094 -0.045069288 -0.810756933 0.582999055
1706081261.538952351 17.001345639 98.688436028 -3.457485686 0.027099190 -0.044836207 -0.810878351 0.582865035
1706081261.638422251 16.965937676 98.551870286 -3.444691454 0.027437260 -0.046009083 -0.810829375 0.582825947
1706081261.737421274 16.926200396 98.420526971 -3.438359634 0.027201511 -0.045793420 -0.810863521 0.582806478
1706081261.845347881 16.887921627 98.292118844 -3.428992722 0.027246741 -0.045393933 -0.810914574 0.582764584
1706081261.945184946 16.845658566 98.172591727 -3.426328358 0.027035812 -0.044817980 -0.810937893 0.582786536
1706081262.044898033 16.797817375 98.040428101 -3.422586822 0.026791975 -0.044731689 -0.811090174 0.582592478
1706081262.143970966 16.754167314 97.899447088 -3.414182597 0.027861651 -0.045722850 -0.810880248 0.582757559
1706081262.243057966 16.709566021 97.763927613 -3.406559264 0.027740202 -0.045475858 -0.810948099 0.582688260
1706081262.342158794 16.666473243 97.613043707 -3.404775642 0.027596651 -0.045452776 -0.810932440 0.582718670
1706081262.443333626 16.632024832 97.471817333 -3.393477661 0.027856720 -0.046074417 -0.810882814 0.582726534
1706081262.542090416 16.603350788 97.351745504 -3.377020996 0.028258844 -0.046262995 -0.810859293 0.582724961
1706081262.641308784 16.561253005 97.227961440 -3.375778134 0.027785220 -0.045255234 -0.810919054 0.582743711
1706081262.740115643 16.515190702 97.106829421 -3.370059584 0.027415102 -0.045055415 -0.810908348 0.582791620
1706081262.839194536 16.475659348 96.986438948 -3.354455680 0.027838147 -0.045256678 -0.810997025 0.582632557
1706081262.938488483 16.434628976 96.855908122 -3.354769605 0.026723365 -0.044579024 -0.811069763 0.582635745
1706081263.044992208 16.393211666 96.726136289 -3.349802729 0.027207627 -0.045156691 -0.811094244 0.582534759
1706081263.145276546 16.347867812 96.602816980 -3.340407471 0.027608728 -0.045367006 -0.811113439 0.582472817
1706081263.245113134 16.302660919 96.474611485 -3.338155002 0.026803366 -0.044642981 -0.811192311 0.582456538
1706081263.344961405 16.283847679 96.342082812 -3.330743025 0.027247743 -0.045477934 -0.811193249 0.582370013
1706081263.444164991 16.235923769 96.212135745 -3.321742224 0.027218546 -0.044514059 -0.811126664 0.582538569
1706081263.543242455 16.192618174 96.055388182 -3.314572460 0.027035962 -0.045118698 -0.811024023 0.582643454
1706081263.644427538 16.137607303 95.887551569 -3.308063544 0.027303119 -0.046525145 -0.810834328 0.582784388
1706081263.742845774 16.100160210 95.756082543 -3.311917115 0.027846537 -0.046242525 -0.810700145 0.582967816
1706081263.842388391 16.069630821 95.640022640 -3.319072672 0.026798265 -0.045214726 -0.810821184 0.582929232
1706081263.941105366 16.024305061 95.506791160 -3.316055811 0.027781455 -0.045914167 -0.810578656 0.583165777
1706081264.040515661 15.981540685 95.382575015 -3.316964949 0.028605289 -0.046560542 -0.810271269 0.583501777
1706081264.139531374 15.930123831 95.245588145 -3.323206760 0.027662285 -0.045900306 -0.810246783 0.583633542
1706081264.240860701 15.899381928 95.130376474 -3.310818832 0.028447992 -0.047266105 -0.810024468 0.583795331
1706081264.340470314 15.858734188 94.989726264 -3.301497274 0.029248450 -0.048110911 -0.809726858 0.584099550
1706081264.444753885 15.817166555 94.866550859 -3.274160986 0.029993778 -0.048868956 -0.809419360 0.584424929
1706081264.545410633 15.775878680 94.734176972 -3.270066239 0.030346781 -0.049879591 -0.809171072 0.584665097
1706081264.645212889 15.734481458 94.596703077 -3.264490023 0.030338868 -0.049200811 -0.809080228 0.584848714
1706081264.744307756 15.695554799 94.446368477 -3.259514921 0.030024811 -0.049875583 -0.808932751 0.585011744
1706081264.843397379 15.658035332 94.304186045 -3.242766932 0.030032928 -0.049737196 -0.808829079 0.585166434
1706081264.944227219 15.623876301 94.183990015 -3.253453872 0.029514381 -0.049333879 -0.808632734 0.585498225
1706081265.043467045 15.586246429 94.058119063 -3.238681366 0.029719094 -0.048844210 -0.808495356 0.585718600
1706081265.142208576 15.547856219 93.940802557 -3.259486073 0.029475014 -0.049577318 -0.808229004 0.586036851
1706081265.244691610 15.498889638 93.798870169 -3.214498168 0.028897925 -0.047968604 -0.808137912 0.586325028
1706081265.343111277 15.455782946 93.652053044 -3.218772451 0.028404627 -0.047958414 -0.807904062 0.586672135
1706081265.439882278 15.416109749 93.509531612 -3.204388370 0.028041731 -0.047306421 -0.807807731 0.586875143
1706081265.538716078 15.386190542 93.374665941 -3.202006091 0.028279825 -0.047076904 -0.807670719 0.587070716
1706081265.638547659 15.355562218 93.248875880 -3.200140440 0.027442471 -0.045847590 -0.807589775 0.587319048
1706081265.744333982 15.294649283 93.111425028 -3.205245217 0.026565139 -0.045394196 -0.807474829 0.587552602
1706081265.845212460 15.266949744 92.982809802 -3.190067611 0.028432908 -0.046747155 -0.807153888 0.587800030
1706081265.945135117 15.231455360 92.865302551 -3.197838494 0.027313932 -0.046183567 -0.807058461 0.588028629
1706081266.044548273 15.202937018 92.727677991 -3.180077817 0.028393819 -0.046125993 -0.806848500 0.588270076
1706081266.143539906 15.161521736 92.601540873 -3.182830028 0.027139194 -0.045795195 -0.806743556 0.588499023
1706081266.244437456 15.119687032 92.490228474 -3.160774681 0.027996716 -0.046650664 -0.806564170 0.588637528
1706081266.343744516 15.079843621 92.370645743 -3.143475359 0.028107016 -0.046441462 -0.806425720 0.588838471
1706081266.442550898 15.046454648 92.244744806 -3.127202376 0.028817978 -0.046486772 -0.806341277 0.588916165
1706081266.541834354 15.009873958 92.124172177 -3.107122303 0.029108285 -0.048030839 -0.806153838 0.589034579
1706081266.640777826 14.969068498 91.974890364 -3.112154628 0.029140569 -0.048141635 -0.806184609 0.588981822
1706081266.740933418 14.924905150 91.846711882 -3.061964325 0.029473974 -0.047649381 -0.806123626 0.589088720
1706081266.839640617 14.875285797 91.711205805 -3.052113642 0.029437811 -0.047682625 -0.806080239 0.589147207
1706081266.939352751 14.840781249 91.575172975 -3.061411712 0.029037117 -0.048013775 -0.806259184 0.588895281
1706081267.043987036 14.813403172 91.452042603 -3.053070162 0.029662958 -0.048346631 -0.806196546 0.588922611
1706081267.142579317 14.780597259 91.314670909 -3.062190070 0.029877251 -0.048543135 -0.806260949 0.588807436
1706081267.245429039 14.738518822 91.183480021 -3.066306101 0.029591761 -0.048303445 -0.806444042 0.588590785
1706081267.344582319 14.694579249 91.041891560 -3.038723607 0.030215218 -0.048584254 -0.806514734 0.588439118
1706081267.445071220 14.660203454 90.899613256 -3.061317072 0.029497418 -0.048541082 -0.806720552 0.588196920
1706081267.544823647 14.622640746 90.753952382 -3.089278786 0.028224797 -0.047966837 -0.806999707 0.587923478
1706081267.643739700 14.580723343 90.615984373 -3.093144112 0.028485840 -0.047472512 -0.807216501 0.587653332
1706081267.742809772 14.552058860 90.501377814 -3.076004810 0.028762659 -0.047650536 -0.807432093 0.587329168
1706081267.844952583 14.505784104 90.374107324 -3.058716484 0.028957444 -0.048446570 -0.807465841 0.587208065
1706081267.943712234 14.465554610 90.252901889 -3.050794850 0.028135010 -0.046887346 -0.807784604 0.586936139
1706081268.042468548 14.425024343 90.113890363 -3.046695884 0.027370052 -0.046493113 -0.808084080 0.586591332
1706081268.140938520 14.395569795 89.991520856 -3.030413316 0.027175112 -0.045780810 -0.808343906 0.586298354
1706081268.228193045 14.356996455 89.877362099 -3.024875707 0.026309808 -0.045185517 -0.808595363 0.586037202
1706081268.342564344 14.306901863 89.731355268 -3.019495160 0.027114382 -0.045395525 -0.808898200 0.585566187
1706081268.441674471 14.259847112 89.610953800 -3.008682075 0.026121765 -0.044673508 -0.809166946 0.585295467
1706081268.544919491 14.215413185 89.472812234 -2.982390614 0.026907994 -0.045006298 -0.809345754 0.584987046
1706081268.644540310 14.177667283 89.333555663 -2.978552395 0.027113168 -0.045073088 -0.809590526 0.584633622
1706081268.743211508 14.137885366 89.195965860 -2.972763141 0.026461002 -0.044948431 -0.809920968 0.584215269
1706081268.844671726 14.105358971 89.060785344 -2.979239759 0.026458313 -0.044305581 -0.810336788 0.583687642
1706081268.944095373 14.071233042 88.915865753 -2.975407648 0.027091262 -0.045355322 -0.810455620 0.583412929
1706081269.042967081 14.028430789 88.785317862 -2.975951043 0.026839699 -0.045276474 -0.810690743 0.583103928
1706081269.144589901 13.990774499 88.648388266 -2.968094161 0.027605002 -0.046284861 -0.810880578 0.582724946
1706081269.243113995 13.948112263 88.509092041 -2.962616963 0.028005906 -0.046534463 -0.810954623 0.582582880
1706081269.340409756 13.906798574 88.375540086 -2.964510023 0.027503087 -0.046367343 -0.811129380 0.582376836
1706081269.438627005 13.868876889 88.251507426 -2.955901191 0.027517753 -0.046013544 -0.811314006 0.582146984
1706081269.544165373 13.822025466 88.140185561 -2.948782821 0.027452767 -0.046580346 -0.811313681 0.582105427
1706081269.642798185 13.788195531 88.032625508 -2.932293071 0.027489455 -0.046372141 -0.811420680 0.581971163
1706081269.741844654 13.750723121 87.897150789 -2.931804375 0.028225880 -0.047316033 -0.811454245 0.581813115
1706081269.844795704 13.717522841 87.765621970 -2.910621564 0.028870956 -0.048039279 -0.811625585 0.581483108
1706081269.945296288 13.659686926 87.612201669 -2.895220272 0.028939042 -0.048299755 -0.811745969 0.581290072
1706081270.043517590 13.617006707 87.503494675 -2.881319502 0.029697851 -0.048914309 -0.811827502 0.581086512
1706081270.144922733 13.567180577 87.365562178 -2.868599170 0.029428875 -0.047813933 -0.812045473 0.580887183
1706081270.244062901 13.524531757 87.230577195 -2.860095853 0.028903716 -0.048019137 -0.812146124 0.580755896
1706081270.344225407 13.481259107 87.096018715 -2.854441793 0.028731632 -0.048313810 -0.812092574 0.580814876
1706081270.444211245 13.444889568 86.953172391 -2.845589127 0.028677370 -0.049279092 -0.812015947 0.580843594
1706081270.541304111 13.418339517 86.814788171 -2.847479694 0.027833463 -0.048643739 -0.812040840 0.580903399
1706081270.641248703 13.382414087 86.676025644 -2.837649586 0.027921943 -0.049472107 -0.811888060 0.581042729
1706081270.738884211 13.352275416 86.530909567 -2.830824697 0.026753869 -0.048531731 -0.811914497 0.581140044
1706081270.843623638 13.301705748 86.388121589 -2.825755121 0.026326586 -0.047610642 -0.811828460 0.581355905
1706081270.942091703 13.252099680 86.247864152 -2.817714670 0.026289609 -0.047175205 -0.811732190 0.581527479
1706081271.036766768 13.216788621 86.107725217 -2.828001729 0.026472691 -0.046937404 -0.811783164 0.581467257
1706081271.145133018 13.166475672 85.965497127 -2.829313799 0.026498248 -0.046975485 -0.811762082 0.581492449
1706081271.244521379 13.143301215 85.866097708 -2.812578064 0.026005019 -0.045046825 -0.812068215 0.581239827
1706081271.344088793 13.097003005 85.735727417 -2.804459416 0.025363491 -0.044301380 -0.812178333 0.581171607
1706081271.445118904 13.056993469 85.605447187 -2.787812006 0.026216672 -0.045657283 -0.812122085 0.581107406
1706081271.545167685 13.026014292 85.498832138 -2.790470042 0.025092423 -0.043805230 -0.812396190 0.580916433
1706081271.644766092 12.986184911 85.364315340 -2.782564944 0.025699744 -0.043832681 -0.812348400 0.580954642
1706081271.743730068 12.954905749 85.231892447 -2.777227431 0.025313384 -0.044030315 -0.812330099 0.580982249
1706081271.843246937 12.914278823 85.096127417 -2.763293117 0.025587761 -0.044002890 -0.812279330 0.581043287
1706081271.941922665 12.874920111 84.980020636 -2.750442796 0.025235620 -0.042743982 -0.812270469 0.581165038
1706081272.044388294 12.834510248 84.839292438 -2.747451187 0.023531938 -0.042597869 -0.812299005 0.581207360
1706081272.143102646 12.804671303 84.734438374 -2.741654407 0.024466204 -0.043022724 -0.812114223 0.581395681
1706081272.237905502 12.762240119 84.597806797 -2.731506209 0.024224709 -0.043405063 -0.812023060 0.581504698
1706081272.340628386 12.703347135 84.461195558 -2.726052054 0.025034661 -0.044582413 -0.811880787 0.581579971
1706081272.445033312 12.656141753 84.313624379 -2.713139424 0.025123829 -0.044530675 -0.811942830 0.581493467
1706081272.545186043 12.617500221 84.176763267 -2.704100839 0.025753196 -0.045148948 -0.811995068 0.581345298
1706081272.643592358 12.581543069 84.039933436 -2.699502214 0.025326609 -0.045225788 -0.812023965 0.581317702
1706081272.744909763 12.542481448 83.895180249 -2.701638420 0.025482475 -0.045856585 -0.812146606 0.581090102
1706081272.844802618 12.496210696 83.759950931 -2.701027209 0.026195412 -0.045672467 -0.812247940 0.580931244
1706081272.944868326 12.462760702 83.616814511 -2.694989744 0.026252283 -0.045873840 -0.812438431 0.580646368
1706081273.043895483 12.423861673 83.489518612 -2.690708439 0.026351677 -0.046234242 -0.812595509 0.580393421
1706081273.140727520 12.385359772 83.355311798 -2.679807983 0.026052174 -0.045368464 -0.812823489 0.580155981
1706081273.240003347 12.332181740 83.220527697 -2.668965097 0.025646582 -0.044756487 -0.812993191 0.579983777
1706081273.344944239 12.300674597 83.121541971 -2.655173353 0.025814364 -0.044355763 -0.813206871 0.579707486
1706081273.442855835 12.261259551 83.007149616 -2.651762197 0.026339409 -0.045718189 -0.813262509 0.579499934
1706081273.541697741 12.219419551 82.906694677 -2.638806390 0.025760935 -0.044443708 -0.813503887 0.579286248
1706081273.640224218 12.171697409 82.780030707 -2.629231738 0.025492163 -0.044466430 -0.813678476 0.579051141
1706081273.744552612 12.133733082 82.618887854 -2.621211115 0.025616936 -0.045263540 -0.813989591 0.578546394
1706081273.844333410 12.091421929 82.473215852 -2.609476892 0.026137173 -0.045885897 -0.814168559 0.578222180
1706081273.942878962 12.047177637 82.344456619 -2.604019027 0.026300766 -0.046786457 -0.814367089 0.577862909
1706081274.041463614 11.989446867 82.212924360 -2.598622279 0.025687532 -0.046224210 -0.814786231 0.577344672
1706081274.140011072 11.954743954 82.074923547 -2.596357070 0.026689314 -0.046917068 -0.815107478 0.576789623
1706081274.244495630 11.904435505 81.942388789 -2.595491607 0.026839161 -0.047190184 -0.815440953 0.576288814
1706081274.337509394 11.862663212 81.826946559 -2.586460319 0.026894198 -0.046994620 -0.815852038 0.575720123
1706081274.440613508 11.818966219 81.696885792 -2.580785172 0.027537798 -0.047562020 -0.816152424 0.575217128
1706081274.539510250 11.768188392 81.564182815 -2.569909658 0.028051454 -0.047843693 -0.816387967 0.574834572
1706081274.644460917 11.729689819 81.428210288 -2.562667693 0.027219837 -0.047030293 -0.816916869 0.574189918
1706081274.742707491 11.687405851 81.291514977 -2.556941019 0.027793647 -0.047856257 -0.817217307 0.573666423
1706081274.841084003 11.643314536 81.163399206 -2.544326439 0.028175115 -0.047682282 -0.817482800 0.573283904
1706081274.939920425 11.605122638 81.034737363 -2.540846615 0.028220081 -0.048472036 -0.817766099 0.572811223
1706081275.044222593 11.551083457 80.916486839 -2.530932710 0.028176412 -0.048876478 -0.818024551 0.572409831
1706081275.144035101 11.500537123 80.784244188 -2.522459310 0.027554250 -0.048632493 -0.818437336 0.571870589
1706081275.242062092 11.446018237 80.667034448 -2.511863843 0.027493842 -0.047363530 -0.818711064 0.571588120
1706081275.341245413 11.412960989 80.550090104 -2.503086911 0.027068120 -0.047152596 -0.818989933 0.571226260
1706081275.443904400 11.385348939 80.427563183 -2.488423240 0.026999352 -0.046271019 -0.819319226 0.570829250
1706081275.538576365 11.331143570 80.326645873 -2.488519476 0.026322976 -0.046314254 -0.819375577 0.570776448
1706081275.643514156 11.289441880 80.180465757 -2.479136029 0.026283980 -0.045583344 -0.819617339 0.570489902
1706081275.741801739 11.244113396 80.042885400 -2.473355719 0.025706689 -0.044979867 -0.819791931 0.570313218
1706081275.841238976 11.197762794 79.888120492 -2.466348553 0.025470245 -0.044997762 -0.820057336 0.569940728
1706081275.940405369 11.155229265 79.747938396 -2.460888751 0.025164250 -0.044490049 -0.820240094 0.569731151
1706081276.042962551 11.103856310 79.577745608 -2.462538833 0.024982611 -0.044963022 -0.820486478 0.569347113
1706081276.138608217 11.058479857 79.468995360 -2.457926642 0.025127730 -0.044682404 -0.820682893 0.569079668
1706081276.237710238 11.025923884 79.336104618 -2.453350254 0.025506550 -0.044812981 -0.820929573 0.568696623
1706081276.344754934 10.985685211 79.213521151 -2.437510176 0.025796904 -0.044611360 -0.821197728 0.568312096
1706081276.443876743 10.935993751 79.084884902 -2.424163503 0.024993060 -0.044005276 -0.821367179 0.568150368
1706081276.541420221 10.889669741 78.963670102 -2.417749439 0.024517259 -0.044086768 -0.821466429 0.568021274
1706081276.640766144 10.841147444 78.833150007 -2.410753689 0.024333997 -0.043825147 -0.821574497 0.567893087
1706081276.734910488 10.800407359 78.724958015 -2.405495073 0.024944566 -0.043777868 -0.821546651 0.567910527
1706081276.842920303 10.748552979 78.583020468 -2.407875775 0.024394530 -0.043044604 -0.821778376 0.567655150
1706081276.942989111 10.702090192 78.458804378 -2.401296815 0.025015996 -0.043125231 -0.821941842 0.567385251
1706081277.042338848 10.659425224 78.323771807 -2.392690146 0.026190164 -0.043482155 -0.822030765 0.567176162
1706081277.141530514 10.608957570 78.182475741 -2.385359360 0.026603147 -0.043964428 -0.822159033 0.566933793
1706081277.243824720 10.570640638 78.056052737 -2.382394160 0.026808664 -0.044140515 -0.822331188 0.566660682
1706081277.342131853 10.524886187 77.929802862 -2.373700497 0.027171246 -0.044424780 -0.822424329 0.566485998
1706081277.441251993 10.479120140 77.805184760 -2.367303115 0.027156886 -0.044700255 -0.822451883 0.566425009
1706081277.545032024 10.432507343 77.685342431 -2.357018591 0.028020568 -0.046122110 -0.822319809 0.566460705
1706081277.644428730 10.385988328 77.588802089 -2.350670024 0.027974911 -0.046214020 -0.822299194 0.566485397
1706081277.742246628 10.342645231 77.459211222 -2.350911940 0.027735858 -0.047947024 -0.822220396 0.566467497
1706081277.841403961 10.287255792 77.326966264 -2.340071711 0.027957893 -0.047719870 -0.822164462 0.566556941
1706081277.944577217 10.230151248 77.174018723 -2.332259565 0.028292197 -0.048041424 -0.822177542 0.566494186
1706081278.043167591 10.181712099 77.053147227 -2.327886807 0.027889317 -0.048133700 -0.822193201 0.566483603
1706081278.144104958 10.135465360 76.938041156 -2.321197644 0.028307777 -0.048179425 -0.822131400 0.566548651
1706081278.243420839 10.098375499 76.810665460 -2.311315111 0.028461169 -0.048048995 -0.822191879 0.566464271
1706081278.342595339 10.047716859 76.681429722 -2.305092924 0.028616423 -0.048565107 -0.822130047 0.566502177
1706081278.444418907 10.000233980 76.539341512 -2.299942419 0.028914770 -0.048568056 -0.822156940 0.566447743
1706081278.542658329 9.956954563 76.392091784 -2.291143506 0.029239295 -0.048337824 -0.822247091 0.566319910
1706081278.641493797 9.911173902 76.260734786 -2.281214219 0.029147083 -0.048406730 -0.822298750 0.566243765
1706081278.738937140 9.865504934 76.137940076 -2.271687057 0.029005379 -0.047623267 -0.822553288 0.565947702
1706081278.844810247 9.818705658 75.986238514 -2.261696935 0.029189398 -0.047403744 -0.822729592 0.565700346
1706081278.944285154 9.782874824 75.856263215 -2.253983833 0.029854176 -0.048653312 -0.822760944 0.565513936
1706081279.043142319 9.743023089 75.728214743 -2.248395194 0.029280186 -0.047724819 -0.822917539 0.565395204
1706081279.141401768 9.698988895 75.605840075 -2.242347909 0.028589409 -0.047776928 -0.823166315 0.565063916
1706081279.244538784 9.639692508 75.488207983 -2.243785454 0.027942091 -0.047285740 -0.823315916 0.564919641
1706081279.345138788 9.587281616 75.353496246 -2.242025628 0.027526520 -0.047053670 -0.823505560 0.564682951
1706081279.444542646 9.547977749 75.200651276 -2.229293414 0.028003371 -0.047649008 -0.823652950 0.564394545
1706081279.543704033 9.499155010 75.072830630 -2.222837868 0.027845840 -0.047272786 -0.823800089 0.564219201
1706081279.642816782 9.453106659 74.955374451 -2.219725506 0.027756109 -0.047130668 -0.824026356 0.563905013
1706081279.741921186 9.396798881 74.829971985 -2.213308935 0.027381377 -0.046597803 -0.824278221 0.563599431
1706081279.843323946 9.344235400 74.701761169 -2.203370586 0.028226064 -0.046853975 -0.824345317 0.563438366
1706081279.941432953 9.282901001 74.570143493 -2.195593753 0.027998099 -0.046506112 -0.824589420 0.563121281
1706081280.040315390 9.239758156 74.449251265 -2.189875947 0.027386507 -0.045379794 -0.824931809 0.562741649
1706081280.145392179 9.196816468 74.322538960 -2.172297883 0.028350156 -0.046327913 -0.825038293 0.562460495
1706081280.244038582 9.149974920 74.189906688 -2.164161077 0.027152296 -0.045797978 -0.825335521 0.562126833
1706081280.342024088 9.101239589 74.047725981 -2.161013925 0.026758594 -0.044904174 -0.825502781 0.561972198
1706081280.440883875 9.056693025 73.922242990 -2.149966527 0.027862835 -0.046621926 -0.825528700 0.561740531
1706081280.544191837 9.002259601 73.794081481 -2.152569416 0.027341737 -0.046289584 -0.825712830 0.561522952
1706081280.645432949 8.948610841 73.661354676 -2.147876714 0.027343390 -0.046259709 -0.825950019 0.561176394
1706081280.744825602 8.904052427 73.529915301 -2.139292092 0.027214296 -0.046186910 -0.826144334 0.560902568
1706081280.843917847 8.850759809 73.399230284 -2.130284766 0.027464091 -0.046370072 -0.826223451 0.560758726
1706081280.944915533 8.797165582 73.265352813 -2.117469929 0.027388581 -0.046144479 -0.826398558 0.560522949
1706081281.042089224 8.751718559 73.148526974 -2.109676735 0.028019327 -0.047246115 -0.826421398 0.560366304
1706081281.141206026 8.703386683 73.013052716 -2.099260433 0.027756456 -0.046836531 -0.826660865 0.560060472
1706081281.240242243 8.669069613 72.884911533 -2.094919348 0.027399846 -0.046508861 -0.826897416 0.559756052
1706081281.341192245 8.628513118 72.758754533 -2.093223793 0.027708095 -0.047161661 -0.827066399 0.559436512
1706081281.444686413 8.596905426 72.629783006 -2.101295856 0.027773821 -0.047737608 -0.827232652 0.559138511
1706081281.543543577 8.545496650 72.503958931 -2.087138329 0.028844635 -0.048443740 -0.827210142 0.559056860
1706081281.641805410 8.494757087 72.385264200 -2.089228269 0.027586389 -0.047691042 -0.827439120 0.558846185
1706081281.741013050 8.439373152 72.255503449 -2.079648814 0.027654277 -0.046957778 -0.827611381 0.558649809
1706081281.845109463 8.378820785 72.132983081 -2.068777761 0.028145846 -0.046812643 -0.827669227 0.558551732
1706081281.944946289 8.316674056 72.007952197 -2.064924363 0.028135419 -0.047045746 -0.827708398 0.558474623
1706081282.044787645 8.259007276 71.855084488 -2.054084004 0.028406654 -0.048073224 -0.827807987 0.558225729
1706081282.144112587 8.204217483 71.721984070 -2.043353271 0.028581697 -0.047795055 -0.828004301 0.557949458
1706081282.243186235 8.163638448 71.585650884 -2.031902222 0.027685227 -0.046852144 -0.828271309 0.557678261
1706081282.342308044 8.120078636 71.448326989 -2.027358179 0.027011530 -0.046177830 -0.828526282 0.557388721
1706081282.441371441 8.069554465 71.311604213 -2.021489020 0.027121580 -0.046279799 -0.828764060 0.557021304
1706081282.542317867 8.031107168 71.192460713 -2.016245967 0.026875779 -0.046054552 -0.828975733 0.556736836
1706081282.645219088 7.979121087 71.051495497 -2.008800135 0.026872767 -0.045789444 -0.829133584 0.556523747
1706081282.743838787 7.933203438 70.927106221 -2.002107448 0.026727000 -0.045358791 -0.829301862 0.556315260
1706081282.843247890 7.881024720 70.815017474 -1.996263670 0.026530892 -0.044867105 -0.829406526 0.556208476
1706081282.942190886 7.823032228 70.681198246 -1.992391631 0.025703887 -0.044165971 -0.829662725 0.555921253
1706081283.040857077 7.775252779 70.538640650 -1.980049904 0.026361134 -0.045005162 -0.829672497 0.555808577
1706081283.145389557 7.723354736 70.393771761 -1.964221391 0.026112252 -0.044603733 -0.829794343 0.555670771
1706081283.245234966 7.674505411 70.269902437 -1.969731922 0.025959483 -0.044642531 -0.829898251 0.555519615
1706081283.345093012 7.629136102 70.155161026 -1.962937404 0.026261174 -0.044705203 -0.829904938 0.555490404
1706081283.444305897 7.585996027 70.021084405 -1.955549523 0.026322268 -0.045001930 -0.830025547 0.555283311
1706081283.543402672 7.530326037 69.893738467 -1.945715633 0.026509010 -0.045261168 -0.830006361 0.555282036
1706081283.644523144 7.486768990 69.766719389 -1.936328060 0.026927318 -0.045185234 -0.830159908 0.555038505
1706081283.743366957 7.440692494 69.645968446 -1.921810083 0.027476357 -0.045658013 -0.830136589 0.555007783
1706081283.842452288 7.387148271 69.510207652 -1.912310723 0.027035622 -0.045318451 -0.830370405 0.554707403
1706081283.941490650 7.340140282 69.396547605 -1.904314604 0.026960719 -0.045499515 -0.830456415 0.554567451
1706081284.044574261 7.287560611 69.283292821 -1.902134358 0.026853214 -0.045466898 -0.830675645 0.554246912
1706081284.142928839 7.238289749 69.143998834 -1.898769500 0.026221371 -0.045243896 -0.830915232 0.553936194
1706081284.242031813 7.181461908 69.021738636 -1.893957224 0.026415621 -0.045257758 -0.831159466 0.553559294
1706081284.340736866 7.130743782 68.884262799 -1.884453511 0.026058403 -0.044082520 -0.831471334 0.553202595
1706081284.445297003 7.077004097 68.742227513 -1.877942674 0.026279900 -0.044576666 -0.831553737 0.553028634
1706081284.545131922 7.032474829 68.617557410 -1.869128038 0.025697887 -0.043894244 -0.831839208 0.552681143
1706081284.644987583 6.985972840 68.486966902 -1.866970720 0.025268988 -0.043620923 -0.832095274 0.552336987
1706081284.744490623 6.931774271 68.356695323 -1.855907935 0.024676802 -0.042830337 -0.832289912 0.552132339
1706081284.843549728 6.882124279 68.221312482 -1.848914350 0.024632842 -0.042201895 -0.832426477 0.551976797
1706081284.944478035 6.830580199 68.074474681 -1.849613665 0.024696795 -0.042537464 -0.832427279 0.551946970
1706081285.043547153 6.780416377 67.943318743 -1.847388671 0.024104302 -0.041161968 -0.832610536 0.551801024
1706081285.142570496 6.733003763 67.817565242 -1.836392304 0.024166691 -0.041218343 -0.832656054 0.551725399
1706081285.244538069 6.668142032 67.691033695 -1.827131359 0.024234796 -0.041378717 -0.832642264 0.551731218
1706081285.344347000 6.628191172 67.585871333 -1.832708780 0.024205098 -0.041728696 -0.832682873 0.551644869
1706081285.442923307 6.586573700 67.456782486 -1.830288618 0.024388701 -0.042082632 -0.832700288 0.551583606
1706081285.539228678 6.528476446 67.319844377 -1.821868740 0.023607339 -0.041036261 -0.832805993 0.551536849
1706081285.640097380 6.482480444 67.187308644 -1.814340437 0.024835449 -0.042528249 -0.832735573 0.551476214
1706081285.744349957 6.425651602 67.052850247 -1.800534690 0.025478353 -0.043138594 -0.832574878 0.551642083
1706081285.845471621 6.371309555 66.919473716 -1.801936261 0.025782530 -0.042879556 -0.832551535 0.551683375
1706081285.945313215 6.323191158 66.776433252 -1.789704070 0.026734806 -0.044628831 -0.832462957 0.551632979
1706081286.044607878 6.262947559 66.660173458 -1.771124541 0.027074421 -0.045360916 -0.832339020 0.551743708
1706081286.143543482 6.210713411 66.521213471 -1.763490515 0.027602596 -0.045592393 -0.832295876 0.551763541
1706081286.244598389 6.165911468 66.392563391 -1.764079748 0.027473756 -0.045756454 -0.832342117 0.551686631
1706081286.343675375 6.114666014 66.278826006 -1.774144980 0.027680207 -0.046177708 -0.832374307 0.551592638
1706081286.442513227 6.071333273 66.177078900 -1.761359410 0.028473409 -0.047123869 -0.832242522 0.551671089
1706081286.541643381 6.020426142 66.055335634 -1.756434144 0.028873185 -0.047730175 -0.832219321 0.551633186
1706081286.642842531 5.961858837 65.913216036 -1.721952615 0.029366399 -0.048383389 -0.832155112 0.551647108
1706081286.740554094 5.912346649 65.798908750 -1.713393681 0.029630044 -0.048696571 -0.832191747 0.551550180
1706081286.840028286 5.850861061 65.662419726 -1.703579959 0.029146260 -0.048672834 -0.832314909 0.551392186
1706081286.944946766 5.796507566 65.504632008 -1.689570799 0.028926351 -0.048082291 -0.832406001 0.551318066
1706081287.043944120 5.747993748 65.357499137 -1.677947412 0.028587509 -0.048069652 -0.832539582 0.551135108
1706081287.145419359 5.695374234 65.221583707 -1.693609832 0.027740909 -0.047659781 -0.832608996 0.551109107
1706081287.245281219 5.658252541 65.111221759 -1.705160468 0.028287758 -0.047591902 -0.832713889 0.550928663
1706081287.344657898 5.604947203 64.990235631 -1.688270447 0.027451492 -0.046246751 -0.832830410 0.550909395
1706081287.443440199 5.552696110 64.869218440 -1.671411288 0.026844643 -0.045856151 -0.832788137 0.551035840
1706081287.544756889 5.506706705 64.734889389 -1.662272332 0.026750619 -0.046017751 -0.832702517 0.551156321
1706081287.643607378 5.459847930 64.596286030 -1.663077299 0.026396179 -0.045745867 -0.832614090 0.551329605
1706081287.742666483 5.412043592 64.446634620 -1.663645451 0.026134770 -0.044738286 -0.832620495 0.551415062
1706081287.843935490 5.367231845 64.316031274 -1.657578948 0.025867173 -0.044103397 -0.832669662 0.551404583
1706081287.942505598 5.317944461 64.201790586 -1.646677657 0.025842679 -0.044328900 -0.832563398 0.551548088
1706081288.040654421 5.274917136 64.064984702 -1.643413083 0.025713269 -0.043762630 -0.832652254 0.551465216
1706081288.134949207 5.212434195 63.940822399 -1.623878972 0.025700116 -0.043654172 -0.832548215 0.551631478
1706081288.244843245 5.151557372 63.796857202 -1.621480137 0.025849928 -0.043535985 -0.832508048 0.551694435
1706081288.343484163 5.103626307 63.695490129 -1.604641266 0.025637445 -0.043849791 -0.832475295 0.551728920
1706081288.442080975 5.056616985 63.577335663 -1.602982285 0.025979990 -0.043484772 -0.832496919 0.551709158
1706081288.545179367 5.000188941 63.441821433 -1.595492663 0.025596926 -0.043479136 -0.832460716 0.551782129
1706081288.644504309 4.952852608 63.309669750 -1.588189623 0.025763004 -0.043572268 -0.832406352 0.551849064
1706081288.743202686 4.902083804 63.179134148 -1.570972776 0.026289182 -0.044782124 -0.832248060 0.551966129
1706081288.844671011 4.842756616 63.034622801 -1.556574100 0.025695694 -0.044509196 -0.832196572 0.552093767
1706081288.943681717 4.789253473 62.895530070 -1.544670321 0.026618808 -0.045980982 -0.831978208 0.552258499
1706081289.043218136 4.734963842 62.764237615 -1.541738082 0.026486739 -0.045304561 -0.831969915 0.552333242
1706081289.143515587 4.684288211 62.634869248 -1.502311305 0.027169625 -0.045718785 -0.831878739 0.552403265
1706081289.241302967 4.651178982 62.527875067 -1.490149570 0.027571235 -0.046431434 -0.831729480 0.552548659
1706081289.335097790 4.604849630 62.413690473 -1.482322283 0.027801777 -0.046331750 -0.831625881 0.552701388
1706081289.433714628 4.545707885 62.287554120 -1.469720089 0.028087421 -0.047201955 -0.831489315 0.552818769
1706081289.544538260 4.480649284 62.137242290 -1.479331636 0.027433107 -0.046290501 -0.831504124 0.552906417
1706081289.643141985 4.432835187 62.012821808 -1.467906043 0.027772199 -0.046306424 -0.831532119 0.552846050
1706081289.741808414 4.378368764 61.870391072 -1.469924619 0.027683111 -0.046207765 -0.831482760 0.552933004
1706081289.845459223 4.330252034 61.749343022 -1.460342053 0.028161909 -0.046347198 -0.831395616 0.553028185
1706081289.944254398 4.276178519 61.626784437 -1.429176102 0.027723791 -0.045531240 -0.831399045 0.553112941
1706081290.042923689 4.231234951 61.489699974 -1.442133746 0.027772270 -0.045988464 -0.831299317 0.553222566
1706081290.144821644 4.181582646 61.349848376 -1.474826590 0.026811162 -0.045791204 -0.831259005 0.553346902
1706081290.244363070 4.137430561 61.218242769 -1.472557184 0.027173786 -0.045327010 -0.831234655 0.553404007
1706081290.343656301 4.095535159 61.093539116 -1.481183892 0.027388640 -0.046232465 -0.831080152 0.553550542
1706081290.442387581 4.043969475 60.967595036 -1.456616965 0.027204565 -0.045623493 -0.831053683 0.553649876
1706081290.536118746 3.994101137 60.841040207 -1.498384723 0.026903811 -0.045787798 -0.830930124 0.553836430
1706081290.634759665 3.949699664 60.717942837 -1.514036402 0.026328513 -0.044981626 -0.830975897 0.553861463
1706081290.733374357 3.895479900 60.579408048 -1.488817278 0.026450396 -0.045373390 -0.830877223 0.553971725
1706081290.844202995 3.841356716 60.437742497 -1.506467322 0.026361429 -0.045544118 -0.830782648 0.554103781
1706081290.942848444 3.792489004 60.301605338 -1.482626547 0.026312741 -0.045471530 -0.830818425 0.554058412
1706081291.041276455 3.743662541 60.172670282 -1.482723994 0.026300539 -0.044840977 -0.830697115 0.554292227
1706081291.145002127 3.691899140 60.034408041 -1.478273884 0.026455844 -0.045358143 -0.830663836 0.554292630
1706081291.243986845 3.642591821 59.904892993 -1.505762059 0.026021959 -0.044840039 -0.830651795 0.554373361
1706081291.342646360 3.587175119 59.791976040 -1.477744442 0.026231989 -0.044855101 -0.830628933 0.554396499
1706081291.445094824 3.542145134 59.642392186 -1.474938623 0.026685576 -0.045337489 -0.830594118 0.554387774
1706081291.545132875 3.507542659 59.514379132 -1.432736953 0.027131912 -0.046165635 -0.830532148 0.554390606
1706081291.643625498 3.451948464 59.387368935 -1.411014259 0.026916509 -0.045996131 -0.830462698 0.554519220
1706081291.743843794 3.394800037 59.248798609 -1.388385325 0.026962128 -0.046099410 -0.830432051 0.554554323
1706081291.836585999 3.340723653 59.114437225 -1.384774255 0.026997298 -0.045774373 -0.830333500 0.554727078
1706081291.934445381 3.293522254 58.994007652 -1.373845135 0.027319902 -0.045568180 -0.830223617 0.554892701
1706081292.045045614 3.239966349 58.844819006 -1.386467129 0.027049614 -0.045935240 -0.830155342 0.554977820
1706081292.143727064 3.185074608 58.725393985 -1.349582087 0.027325184 -0.045744386 -0.830042077 0.555149472
1706081292.242447615 3.143063317 58.609315855 -1.313918828 0.027356078 -0.046347050 -0.830027467 0.555119808
1706081292.341143608 3.086059145 58.478463267 -1.303342549 0.027005060 -0.045852263 -0.829986627 0.555239134
1706081292.445030451 3.025877181 58.333154172 -1.291988978 0.026644160 -0.045218542 -0.829984841 0.555311206
1706081292.543696880 2.978207017 58.199249335 -1.295027873 0.026404552 -0.045011164 -0.830005270 0.555308965
1706081292.644249439 2.936378827 58.074023149 -1.286046032 0.027170963 -0.045784156 -0.829889358 0.555382034
1706081292.740977049 2.889201209 57.946537953 -1.307362455 0.026646912 -0.044973494 -0.829985080 0.555330617
1706081292.844615221 2.842614285 57.796506734 -1.310627136 0.026336242 -0.044684128 -0.830004983 0.555339048
1706081292.938218832 2.795446362 57.677740970 -1.304422433 0.026194822 -0.044565564 -0.829914072 0.555491112
1706081293.036860228 2.743479867 57.524984938 -1.295003725 0.025235665 -0.044393530 -0.829941581 0.555508189
1706081293.135493517 2.702929122 57.393711317 -1.282558606 0.026555624 -0.044966900 -0.829772044 0.555653787
1706081293.241620779 2.650045577 57.256904619 -1.273132981 0.025524778 -0.043337422 -0.829788170 0.555807473
1706081293.344935894 2.589363608 57.130217242 -1.270865813 0.025179070 -0.043346168 -0.829755660 0.555871090
1706081293.443535089 2.537046137 57.000273380 -1.260334904 0.025151014 -0.043687102 -0.829593514 0.556087641
1706081293.542176723 2.495861059 56.878681333 -1.257423281 0.025784975 -0.043283086 -0.829529955 0.556185008
1706081293.640626669 2.449609306 56.752133757 -1.270138962 0.025285234 -0.043966155 -0.829293904 0.556506294
1706081293.744712591 2.397601257 56.619488963 -1.263415634 0.024922417 -0.042630247 -0.829347334 0.556546975
1706081293.843348026 2.353112885 56.496717575 -1.239703026 0.025068511 -0.042539597 -0.829212582 0.556748099
1706081293.942678928 2.294632796 56.380331142 -1.227959638 0.025148548 -0.042775146 -0.828893487 0.557201422
1706081294.040923834 2.249774575 56.260130828 -1.237117917 0.024711277 -0.042693083 -0.828806604 0.557356499
1706081294.139570951 2.206013198 56.121202244 -1.229440523 0.025698516 -0.043214492 -0.828634353 0.557527760
1706081294.237859726 2.158265362 55.988989013 -1.232284632 0.025436474 -0.043105452 -0.828445579 0.557828674
1706081294.336854219 2.109478693 55.865123722 -1.223281322 0.025533967 -0.042971457 -0.828228745 0.558156444
1706081294.440540075 2.057828769 55.717853042 -1.208612964 0.025826443 -0.043519374 -0.827937621 0.558532322
1706081294.541034937 2.008102117 55.577581985 -1.203296371 0.025283284 -0.043042125 -0.827702811 0.558942026
1706081294.644562244 1.960640736 55.436890072 -1.195726700 0.025779024 -0.043905142 -0.827393318 0.559310359
1706081294.743047237 1.912741188 55.331946011 -1.187637435 0.026325776 -0.045199631 -0.826954134 0.559831053
1706081294.841836929 1.871924336 55.206110198 -1.182299354 0.026656711 -0.046110248 -0.826681594 0.560143559
1706081294.940537930 1.822697728 55.064332432 -1.173598079 0.026363146 -0.045108851 -0.826356599 0.560718243
1706081295.044347048 1.769680872 54.941350954 -1.166748691 0.026409814 -0.045424923 -0.826008472 0.561203263
1706081295.142988920 1.726010219 54.829038665 -1.165032489 0.026718946 -0.045540494 -0.825707405 0.561622153
1706081295.241494656 1.676376943 54.700628056 -1.171031792 0.026907608 -0.046340896 -0.825259580 0.562205592
1706081295.335792542 1.625247478 54.570321855 -1.138694581 0.028000978 -0.047705101 -0.824924335 0.562530008
1706081295.438946962 1.574410881 54.427180372 -1.134303610 0.027388972 -0.047693394 -0.824703375 0.562885004
1706081295.533772469 1.529697766 54.288124836 -1.126698266 0.028031700 -0.048118356 -0.824486860 0.563134322
1706081295.636962414 1.480327184 54.168780012 -1.100016200 0.029056401 -0.049127654 -0.824102330 0.563557938
1706081295.742087364 1.431189267 54.012700578 -1.100945208 0.029246246 -0.049327561 -0.823833618 0.563923415
1706081295.841372967 1.383189054 53.886180558 -1.090873277 0.029080476 -0.049527264 -0.823657933 0.564171061
1706081295.944262981 1.340067387 53.746404998 -1.091264111 0.029753136 -0.050060617 -0.823427100 0.564425812
1706081296.039633512 1.292606204 53.617751179 -1.079714563 0.029324935 -0.049526633 -0.823408190 0.564522907
1706081296.140552044 1.252341113 53.495172595 -1.081511842 0.029109009 -0.048984677 -0.823357113 0.564655852
1706081296.238815546 1.190729449 53.364483287 -1.081845379 0.027747908 -0.048321484 -0.823334827 0.564813996
1706081296.344023943 1.149152364 53.228022610 -1.074642173 0.029349311 -0.049357600 -0.823109097 0.564972442
1706081296.443591356 1.089613744 53.107365951 -1.041563953 0.029157271 -0.048886125 -0.822892211 0.565339198
1706081296.541307449 1.058230716 52.988188842 -1.036523634 0.028997184 -0.048562863 -0.822941737 0.565303201
1706081296.639988661 1.014563412 52.878168471 -1.027598905 0.028288464 -0.048032231 -0.822931143 0.565399860
1706081296.745078802 0.975448623 52.746853588 -1.015184059 0.028598765 -0.047915512 -0.822809256 0.565571518
1706081296.837245941 0.932018307 52.616907360 -0.996939498 0.028709474 -0.047895425 -0.822757482 0.565642927
1706081296.943240166 0.880531759 52.475415574 -1.000853814 0.028181123 -0.048021464 -0.822585457 0.565908941
1706081297.042504549 0.845640850 52.338751266 -0.985609738 0.028318369 -0.048311489 -0.822535589 0.565949887
1706081297.141679525 0.794341390 52.190860693 -0.983786812 0.027639777 -0.047391495 -0.822547581 0.566043785
1706081297.243726254 0.738496208 52.038393124 -0.964867175 0.028281508 -0.047885067 -0.822399434 0.566185789
1706081297.342409849 0.699062804 51.903116146 -0.965540105 0.027977259 -0.046898334 -0.822519686 0.566108811
1706081297.441343546 0.661546172 51.777819883 -0.967365134 0.028519754 -0.047575926 -0.822402720 0.566195126
1706081297.545040369 0.605988513 51.620325473 -0.975364113 0.028343693 -0.048278953 -0.822302203 0.566290442
1706081297.638927937 0.554303612 51.488570360 -0.976822735 0.028025651 -0.047418898 -0.822396244 0.566242377
1706081297.742734671 0.503932306 51.360178319 -0.979230623 0.027564592 -0.047057310 -0.822435167 0.566238641
1706081297.836922407 0.461552399 51.252584703 -0.981599947 0.027708679 -0.047240603 -0.822487311 0.566140600
1706081297.939654112 0.425215226 51.139483612 -0.975063280 0.027963432 -0.047188266 -0.822588831 0.565984920
1706081298.035020113 0.374833703 51.021120489 -0.955258729 0.027472896 -0.047130760 -0.822581832 0.566023906
1706081298.144437313 0.329233180 50.871574456 -0.921815316 0.028255065 -0.047561131 -0.822731713 0.565731490
1706081298.243638277 0.288702874 50.733959238 -0.907619713 0.028044437 -0.046654278 -0.822962078 0.565482365
1706081298.342791557 0.242936863 50.599720184 -0.903127046 0.028307274 -0.047935117 -0.822990659 0.565320527
1706081298.441868305 0.194688647 50.455873622 -0.902311258 0.028165306 -0.047542818 -0.823144287 0.565137045
1706081298.543461561 0.137641392 50.323141218 -0.903747872 0.028308026 -0.047582895 -0.823291809 0.564911605
1706081298.642388821 0.085795670 50.182138289 -0.903424111 0.028149373 -0.047837109 -0.823432179 0.564693430
1706081298.741209269 0.039763549 50.042083749 -0.901447607 0.028312574 -0.047505938 -0.823632354 0.564421234
1706081298.840073347 -0.009945642 49.920087357 -0.902324942 0.028461118 -0.047775368 -0.823647197 0.564369360
1706081298.943425179 -0.057092476 49.794779894 -0.886474970 0.028855819 -0.048387584 -0.823783026 0.564098847
1706081299.042481184 -0.111835891 49.671010454 -0.873515731 0.028494471 -0.047567035 -0.823961790 0.563925891
1706081299.141149759 -0.156848065 49.545772712 -0.863209789 0.027907160 -0.047699400 -0.824191135 0.563608845
1706081299.239801407 -0.198932878 49.436427634 -0.857503645 0.027595063 -0.047190929 -0.824366302 0.563410799
1706081299.345462799 -0.241911152 49.312341279 -0.851845078 0.028429221 -0.048136980 -0.824427188 0.563200162
1706081299.444805145 -0.293397306 49.197495675 -0.849759588 0.028121220 -0.047529774 -0.824617980 0.562987837
1706081299.543915510 -0.343449452 49.058397013 -0.845925694 0.027405967 -0.046882727 -0.824909378 0.562650372
1706081299.642968416 -0.395007166 48.919711657 -0.831362743 0.027641351 -0.047199620 -0.825040524 0.562420026
1706081299.742064238 -0.441448187 48.773036958 -0.826558784 0.027421293 -0.046476197 -0.825380891 0.561991477
1706081299.843463182 -0.491062956 48.623430700 -0.816674083 0.027538549 -0.047030339 -0.825482388 0.561790533
1706081299.942275047 -0.528832378 48.483989949 -0.807085495 0.028018922 -0.047619374 -0.825621718 0.561512345
1706081300.040697575 -0.580489778 48.348846520 -0.789762597 0.027805687 -0.047375256 -0.825817215 0.561256052
1706081300.144319534 -0.629097414 48.213617661 -0.783195086 0.027513950 -0.046616550 -0.826190850 0.560783879
1706081300.243476152 -0.686051643 48.071896259 -0.777458414 0.027595311 -0.046978993 -0.826275751 0.560624523
1706081300.342281342 -0.728977416 47.938965904 -0.766094869 0.028166130 -0.047347112 -0.826457803 0.560296726
1706081300.440974236 -0.773122018 47.825091020 -0.757669681 0.027739584 -0.047348987 -0.826660878 0.560018198
1706081300.544519901 -0.824375727 47.681909951 -0.755993950 0.027959183 -0.047586488 -0.826893475 0.559643628
1706081300.644992352 -0.866907727 47.554601554 -0.746064139 0.027783317 -0.047174432 -0.827166734 0.559283340
1706081300.744819164 -0.917377979 47.433307781 -0.756609917 0.028233720 -0.047952957 -0.827250232 0.559071037
1706081300.844134569 -0.968658007 47.297040998 -0.741194308 0.028036031 -0.048089978 -0.827464564 0.558751940
1706081300.943148375 -1.024593260 47.167719457 -0.727136392 0.027502729 -0.047314391 -0.827676213 0.558531141
1706081301.044251442 -1.073677678 47.036984248 -0.711236866 0.027561794 -0.047544031 -0.827782203 0.558351626
1706081301.143436670 -1.124331676 46.903369510 -0.692774396 0.027718118 -0.046872176 -0.827902307 0.558222603
1706081301.242067575 -1.172511165 46.773551752 -0.687252776 0.027420236 -0.046449205 -0.827949991 0.558201947
1706081301.345483303 -1.226704496 46.631083177 -0.675968509 0.027489716 -0.046522496 -0.828035003 0.558066311
1706081301.444911480 -1.278109230 46.487876815 -0.654701963 0.027560398 -0.046241592 -0.828100603 0.557988827
1706081301.543559551 -1.320643423 46.359907462 -0.640843086 0.027951263 -0.046202923 -0.828182320 0.557851290
1706081301.638342619 -1.366654746 46.236443307 -0.618052921 0.028169641 -0.046794189 -0.828227241 0.557724315
1706081301.740409851 -1.422206266 46.096254463 -0.630981097 0.026991238 -0.046421769 -0.828360725 0.557615461
1706081301.845466375 -1.465858783 45.980133724 -0.625527763 0.027345527 -0.045765974 -0.828428723 0.557551386
1706081301.945301294 -1.515500770 45.841620328 -0.615628112 0.028185223 -0.047282910 -0.828240937 0.557661968
1706081302.045138121 -1.559479128 45.714589780 -0.631589274 0.027266370 -0.046205767 -0.828492573 0.557424101
1706081302.144283533 -1.613714254 45.588847923 -0.618362922 0.027931163 -0.047276055 -0.828464068 0.557343802
1706081302.243379116 -1.664385559 45.458038293 -0.617318204 0.027803254 -0.046761849 -0.828556458 0.557256228
1706081302.344411612 -1.720414493 45.315741811 -0.617395109 0.027731872 -0.047061527 -0.828572698 0.557210409
1706081302.443532228 -1.767773057 45.193144168 -0.598716827 0.027970458 -0.046030167 -0.828652411 0.557166096
1706081302.542427063 -1.817274203 45.067307884 -0.581647166 0.028122380 -0.046973810 -0.828608548 0.557144925
1706081302.641470909 -1.870462709 44.914479137 -0.587421030 0.027480008 -0.046992896 -0.828629051 0.557144876
1706081302.744737387 -1.919540843 44.770389610 -0.588219746 0.028057072 -0.047644894 -0.828527243 0.557212144
1706081302.842253685 -1.969186242 44.631516991 -0.592233115 0.027195575 -0.047310528 -0.828672344 0.557067555
1706081302.941488743 -2.017553699 44.493262492 -0.584119627 0.027628070 -0.047505715 -0.828730451 0.556943208
1706081303.040166140 -2.064732732 44.388460246 -0.575889294 0.028653938 -0.048688469 -0.828649835 0.556909181
1706081303.144940138 -2.111494390 44.269169556 -0.567507260 0.028071575 -0.047309075 -0.828882414 0.556711578
1706081303.244773865 -2.170021345 44.142485910 -0.559857025 0.027033766 -0.046241511 -0.829007025 0.556667092
1706081303.345371723 -2.219293974 44.005050807 -0.560851028 0.027373488 -0.047028135 -0.829005685 0.556586580
1706081303.444460154 -2.268258514 43.858850717 -0.561264127 0.027445715 -0.047149111 -0.828965101 0.556633233
1706081303.543531895 -2.313771365 43.729781656 -0.560602852 0.026967216 -0.046293435 -0.829063793 0.556581453
1706081303.644609690 -2.362914794 43.591905638 -0.568622241 0.027299243 -0.047122137 -0.828876257 0.556775005
1706081303.743509531 -2.431492361 43.465215332 -0.564757165 0.026912246 -0.046325172 -0.828944460 0.556759187
1706081303.842573166 -2.476250276 43.330926726 -0.538607778 0.027293475 -0.046182693 -0.829022429 0.556636360
1706081303.944796324 -2.516517395 43.177536465 -0.534055428 0.027021177 -0.046528059 -0.829165071 0.556408376
1706081304.043847561 -2.565264220 43.051472366 -0.524523515 0.026889339 -0.046719943 -0.829218269 0.556319398
1706081304.142601967 -2.615863737 42.909910694 -0.503379899 0.027532133 -0.046828068 -0.829274476 0.556195071
1706081304.241319656 -2.671741341 42.793650033 -0.493811578 0.027015861 -0.045940627 -0.829599219 0.555809984
1706081304.344952106 -2.728930357 42.666296475 -0.480536399 0.027452835 -0.046326957 -0.829877442 0.555340963
1706081304.445045710 -2.776964955 42.556208839 -0.471472593 0.027565964 -0.046471585 -0.830333563 0.554641040
1706081304.545057535 -2.833648855 42.440800083 -0.472516473 0.027059105 -0.046429570 -0.830824383 0.553934062
1706081304.644906044 -2.895013698 42.301685410 -0.467771325 0.027530755 -0.047397677 -0.831347397 0.553043419
1706081304.744644880 -2.940927727 42.175682824 -0.458154306 0.027445208 -0.046787831 -0.832130378 0.551920912
1706081304.843658447 -2.984524421 42.051817608 -0.457842164 0.026780878 -0.045736647 -0.832971443 0.550771748
1706081304.944552660 -3.032316107 41.914246053 -0.444965859 0.027562723 -0.046765865 -0.833687838 0.549561496
1706081305.043642282 -3.077482590 41.796537470 -0.439483681 0.027446157 -0.046803163 -0.834539134 0.548270559
1706081305.142535686 -3.131042128 41.677197362 -0.439802346 0.026714326 -0.045953449 -0.835446655 0.546994983
1706081305.245114088 -3.193962285 41.552017240 -0.438345949 0.026728012 -0.045546583 -0.836290485 0.545737434
1706081305.343875885 -3.256207623 41.426642661 -0.434558960 0.027530462 -0.047450054 -0.836935136 0.544545814
1706081305.442486525 -3.322675285 41.306079056 -0.430881263 0.027030182 -0.046234236 -0.837780020 0.543375012
1706081305.541180849 -3.383296956 41.193516086 -0.416415871 0.027548793 -0.046142695 -0.838524922 0.542206484
1706081305.645296812 -3.442891708 41.070132651 -0.403002697 0.027642709 -0.046822579 -0.839178189 0.541131680
1706081305.744731903 -3.502964063 40.955602634 -0.399461971 0.026803557 -0.045906163 -0.839921097 0.540098829
1706081305.842994213 -3.560195547 40.834125125 -0.393240044 0.026723573 -0.045915356 -0.840593709 0.539054587
1706081305.944822311 -3.605846108 40.713016217 -0.395753111 0.026192900 -0.045668910 -0.841162047 0.538214356
1706081306.044756651 -3.653432223 40.602139948 -0.398367452 0.026090250 -0.045043585 -0.841588274 0.537605386
1706081306.145195723 -3.704507989 40.468248916 -0.388128393 0.025747260 -0.044400378 -0.842023835 0.536993060
1706081306.244552374 -3.744257655 40.356343977 -0.380159693 0.026089845 -0.044493141 -0.842238917 0.536631426
1706081306.343528271 -3.804303036 40.236097350 -0.381127129 0.025569821 -0.044523910 -0.842260593 0.536619883
1706081306.442627668 -3.856605588 40.125444148 -0.376951711 0.025138021 -0.044335194 -0.842269458 0.536641994
1706081306.544863701 -3.912633682 39.994884238 -0.366795020 0.025668297 -0.044827221 -0.842061783 0.536901864
1706081306.643742085 -3.958342779 39.899694094 -0.350502369 0.025694855 -0.044624959 -0.841892342 0.537183090
1706081306.742303610 -4.009604905 39.787629665 -0.348353943 0.025496767 -0.044748168 -0.841763248 0.537384547
1706081306.840629339 -4.057346457 39.694704766 -0.344338353 0.026237890 -0.046200495 -0.841470983 0.537683618
1706081306.944834948 -4.111056712 39.604336529 -0.335361298 0.026108139 -0.046024115 -0.841367777 0.537866535
1706081307.044016361 -4.164010805 39.480128675 -0.334494107 0.026991115 -0.047442658 -0.841249335 0.537884960
1706081307.145311356 -4.216232491 39.364609742 -0.321764429 0.027441673 -0.047566181 -0.841387721 0.537634743
1706081307.245165348 -4.275556585 39.249187030 -0.314369504 0.028021890 -0.049178787 -0.841432485 0.537389611
1706081307.344665289 -4.326306051 39.138724541 -0.307207556 0.027692306 -0.049075425 -0.841739766 0.536934730
1706081307.444020271 -4.370629516 39.045615824 -0.294171008 0.028520611 -0.049811047 -0.841920764 0.536539711
1706081307.544586897 -4.427029869 38.935960761 -0.294399678 0.028342286 -0.050020627 -0.842139105 0.536186889
1706081307.643766880 -4.479596738 38.853114684 -0.284511778 0.028776172 -0.049778365 -0.842261113 0.535994648
1706081307.745168924 -4.529248950 38.728466023 -0.277270776 0.029031763 -0.050769684 -0.842364135 0.535725918
1706081307.844302177 -4.576825908 38.637498521 -0.279856883 0.028853025 -0.050931830 -0.842383478 0.535689768
1706081307.943360567 -4.626677066 38.543952892 -0.278420249 0.029261152 -0.051343827 -0.842410466 0.535585850
1706081308.040315151 -4.665325931 38.460243320 -0.277400887 0.029133569 -0.051018027 -0.842594914 0.535333734
1706081308.141309977 -4.712852484 38.362497311 -0.262042882 0.029766871 -0.050834846 -0.842666497 0.535203631
1706081308.245113134 -4.772561504 38.254383758 -0.245419626 0.030022562 -0.052016104 -0.842507691 0.535325846
1706081308.343472481 -4.814875940 38.177609418 -0.232261532 0.029894322 -0.050597309 -0.842645974 0.535251346
1706081308.442056656 -4.866811231 38.069531464 -0.233195090 0.030010309 -0.050990675 -0.842492270 0.535449445
1706081308.545489311 -4.916881910 37.955544253 -0.237390415 0.030055995 -0.050669426 -0.842419521 0.535591820
1706081308.645056248 -4.961209336 37.862378249 -0.237599551 0.029698639 -0.051194837 -0.842254709 0.535820945
1706081308.743144512 -5.011868862 37.766065485 -0.236953827 0.029262917 -0.051063677 -0.842202982 0.535938728
1706081308.844768286 -5.066084065 37.655968212 -0.237664457 0.029219947 -0.050828542 -0.842090059 0.536140827
1706081308.944109678 -5.107977114 37.562315488 -0.228356303 0.029063093 -0.050853398 -0.842015260 0.536264460
1706081309.044786215 -5.157493272 37.468041584 -0.224990948 0.029235881 -0.051336633 -0.841834076 0.536493431
1706081309.143367290 -5.198003224 37.367731697 -0.219749223 0.029223071 -0.050454464 -0.841827614 0.536587949
1706081309.243303537 -5.245675751 37.277681014 -0.205101817 0.029048049 -0.051472871 -0.841605941 0.536848391
1706081309.342255592 -5.281867720 37.177135353 -0.203442437 0.028435829 -0.051009280 -0.841534012 0.537038140
1706081309.440928698 -5.325527374 37.083689279 -0.196862697 0.028756206 -0.051288188 -0.841343743 0.537292572
1706081309.544429302 -5.363252004 36.995917216 -0.185544521 0.028931798 -0.050849684 -0.841205693 0.537540923
1706081309.643172979 -5.409369457 36.903118322 -0.187431765 0.028597875 -0.050839944 -0.840937941 0.537978477
1706081309.741680622 -5.455333848 36.811506737 -0.187620979 0.028911516 -0.051326724 -0.840713956 0.538265488
1706081309.844965219 -5.504541513 36.729790996 -0.186753095 0.028952981 -0.051112117 -0.840428507 0.538729246
1706081309.944195747 -5.546602473 36.649194115 -0.182088557 0.029319562 -0.051612875 -0.840111157 0.539156488
1706081310.045436144 -5.588891912 36.551083078 -0.177962856 0.029430339 -0.051811548 -0.839856903 0.539527386
1706081310.145164013 -5.627664692 36.464737673 -0.175488834 0.029195232 -0.050682195 -0.839689231 0.539908278
1706081310.244687080 -5.661832361 36.367435925 -0.161172995 0.030052130 -0.051635752 -0.839338659 0.540315865
1706081310.344437122 -5.703505542 36.268555661 -0.157530112 0.029237507 -0.051490177 -0.839144727 0.540675557
1706081310.442865372 -5.746566029 36.180802536 -0.145374111 0.029894203 -0.052737343 -0.838717264 0.541182466
1706081310.543221712 -5.792028668 36.093279103 -0.142196621 0.029660672 -0.051741869 -0.838514126 0.541606023
1706081310.641880751 -5.834281162 36.017375585 -0.132991057 0.029560711 -0.051255882 -0.838309113 0.541974935
1706081310.744674683 -5.874291623 35.914262945 -0.124025649 0.030079173 -0.051676504 -0.838073460 0.542270834
1706081310.844082832 -5.905834507 35.836187943 -0.109146219 0.030492264 -0.051621267 -0.837768856 0.542723512
1706081310.942704916 -5.940496545 35.744705423 -0.103768938 0.030146295 -0.051915603 -0.837485369 0.543152122
1706081311.041348696 -5.976551424 35.673594869 -0.110259101 0.030015458 -0.052422254 -0.837109217 0.543690296
1706081311.145247936 -6.021284464 35.571756039 -0.101001274 0.030373640 -0.052226916 -0.836797800 0.544168387
1706081311.244538784 -6.055809268 35.505065190 -0.099841612 0.029626117 -0.051589066 -0.836602224 0.544571006
1706081311.342562437 -6.095777757 35.422685341 -0.097164155 0.029780016 -0.052750913 -0.836176995 0.545104142
1706081311.444853783 -6.132907244 35.328814765 -0.096873597 0.029473117 -0.052013289 -0.835942213 0.545551620
1706081311.544612885 -6.170197753 35.236079416 -0.087234208 0.029668365 -0.051470467 -0.835580738 0.546145959
1706081311.644878387 -6.204637597 35.152390168 -0.082559998 0.029318014 -0.050844263 -0.835376939 0.546535163
1706081311.737741709 -6.237573339 35.078253224 -0.083980416 0.029599748 -0.050821295 -0.835040605 0.547035867
1706081311.836573601 -6.278394238 34.989739181 -0.083626454 0.029387060 -0.050854481 -0.834775959 0.547448008
1706081311.935188293 -6.318233034 34.911333663 -0.083703944 0.029202155 -0.050945987 -0.834497861 0.547873216
1706081312.045216322 -6.360602873 34.822555225 -0.079556319 0.029574564 -0.050818951 -0.834156927 0.548383989
1706081312.143793583 -6.395629050 34.735846060 -0.072301145 0.029517273 -0.050378879 -0.833969235 0.548713053
1706081312.242415428 -6.431882713 34.665168968 -0.076314610 0.028898299 -0.050651066 -0.833696883 0.549134650
1706081312.341050625 -6.463484241 34.568476172 -0.062925326 0.029310012 -0.051136837 -0.833418655 0.549490030
1706081312.444845438 -6.493185187 34.474508004 -0.054919047 0.029383541 -0.050950558 -0.833172312 0.549876847
1706081312.543602467 -6.519707561 34.415736768 -0.062418254 0.028236467 -0.050676683 -0.832950962 0.550297439
1706081312.642249107 -6.548701549 34.338192365 -0.041968096 0.028760645 -0.050793613 -0.832540649 0.550880116
1706081312.745133162 -6.580117551 34.260144870 -0.032877542 0.028136231 -0.050494496 -0.832147239 0.551533889
1706081312.844939947 -6.612343735 34.175049290 -0.038061679 0.027151511 -0.049858626 -0.831818456 0.552136731
1706081312.939116955 -6.642609622 34.105053119 -0.038057914 0.026416904 -0.049680717 -0.831440778 0.552756914
1706081313.036670446 -6.684504445 34.039097580 -0.033057742 0.026288553 -0.049278993 -0.831050235 0.553385941
1706081313.135675907 -6.722804955 33.954870809 -0.021087194 0.026949899 -0.049201985 -0.830681961 0.553913665
1706081313.234324217 -6.746452572 33.876293233 -0.026513917 0.026707515 -0.048421709 -0.830545503 0.554198713
1706081313.344595671 -6.784032860 33.797709429 -0.002726206 0.028178675 -0.049472828 -0.830038666 0.554792046
1706081313.443417788 -6.813602427 33.719857841 -0.001002010 0.028341164 -0.048876665 -0.829819393 0.555164502
1706081313.541882992 -6.835498692 33.637476288 -0.010517613 0.027609498 -0.048397226 -0.829650886 0.555495122
1706081313.645255327 -6.869191093 33.566758843 -0.010911701 0.028477418 -0.049247053 -0.829070784 0.556242213
1706081313.744582415 -6.895003366 33.514902582 -0.002398004 0.029053428 -0.050059809 -0.828523323 0.556955131
1706081313.843778610 -6.927068649 33.447451632 -0.002030829 0.029110149 -0.049875969 -0.827950823 0.557819346
1706081313.942798853 -6.958483708 33.379944778 0.007957370 0.028731861 -0.049619663 -0.827515264 0.558507706
1706081314.041392326 -6.985048425 33.310159215 0.020129922 0.028338683 -0.049362164 -0.826997647 0.559316716
1706081314.139139652 -7.020075939 33.231357950 0.021301217 0.028354577 -0.050975348 -0.826398226 0.560056696
1706081314.238649130 -7.053146753 33.161614939 0.027470305 0.028299255 -0.050327499 -0.825917481 0.560826719
1706081314.337285995 -7.076624189 33.079830451 0.037803075 0.028377988 -0.049609061 -0.825548183 0.561430163
1706081314.440229893 -7.103885585 33.004349586 0.048472088 0.028220155 -0.049639345 -0.824960402 0.562298758
1706081314.545124292 -7.122887723 32.942086491 0.054126586 0.028492262 -0.049468171 -0.824326683 0.563228738
1706081314.643955231 -7.150735146 32.857933193 0.052940201 0.028599845 -0.050082872 -0.823571090 0.564273350
1706081314.742921114 -7.172631484 32.777912857 0.042871860 0.028824055 -0.049871217 -0.822798568 0.565406537
1706081314.841529131 -7.196109819 32.711993885 0.047338860 0.028766213 -0.050155681 -0.822017115 0.566519881
1706081314.940197468 -7.213557521 32.636584591 0.034367573 0.027901102 -0.049327484 -0.821242530 0.567757902
1706081315.044243813 -7.244749895 32.563662270 0.048032768 0.028607690 -0.049245568 -0.820176530 0.569268771
1706081315.143586159 -7.267135592 32.501090785 0.056469448 0.028093491 -0.048327424 -0.819240020 0.570719726
1706081315.242322683 -7.291092686 32.440615514 0.066850705 0.028185171 -0.048462354 -0.818248696 0.572124172
1706081315.340830564 -7.314773094 32.354753807 0.080206436 0.028452486 -0.048709823 -0.817229020 0.573545585
1706081315.438821077 -7.336777266 32.270874839 0.095161322 0.029305609 -0.048904333 -0.816163008 0.575002166
1706081315.537477016 -7.355293990 32.228323907 0.103620948 0.028738436 -0.048544346 -0.815083303 0.576590633
1706081315.636940479 -7.367817564 32.156534636 0.114999132 0.028913667 -0.048917002 -0.813975185 0.578113765
1706081315.742280960 -7.389357693 32.073595892 0.100475706 0.027824711 -0.048247144 -0.812836786 0.579822696
1706081315.841490984 -7.401431491 32.023920765 0.094807009 0.029306854 -0.049197909 -0.811381501 0.581705023
1706081315.940609217 -7.414822265 31.960565210 0.086914400 0.029027605 -0.049589861 -0.809909338 0.583733765
1706081316.039698362 -7.429650567 31.897151678 0.090841210 0.028858389 -0.048546346 -0.808669165 0.585546435
1706081316.141617060 -7.443538708 31.836685951 0.098146059 0.029417416 -0.049384036 -0.806990536 0.587760247
1706081316.245110512 -7.460741355 31.771261785 0.113540047 0.029758881 -0.049835791 -0.805510394 0.589731980
1706081316.343955040 -7.480044382 31.696611710 0.117686250 0.029134076 -0.048879238 -0.804044303 0.591840168
1706081316.438023567 -7.498715567 31.633409286 0.108426364 0.029394384 -0.049423375 -0.802540266 0.593820194
1706081316.541589022 -7.516376189 31.584348246 0.109680455 0.028939450 -0.048600165 -0.801069123 0.595893273
1706081316.639835358 -7.520832453 31.503511766 0.111091383 0.029597428 -0.049468342 -0.799569072 0.597801117
1706081316.734847784 -7.542474863 31.441790572 0.107755201 0.029411976 -0.049632642 -0.797958862 0.599944323
1706081316.843860865 -7.562792846 31.377697150 0.097495989 0.029345942 -0.049744107 -0.796119321 0.602377262
1706081316.943369627 -7.575050754 31.326843266 0.111616610 0.029821340 -0.050323061 -0.794448359 0.604508132
1706081317.045428038 -7.581054814 31.255919228 0.106470068 0.030033280 -0.050878319 -0.792626298 0.606838489
1706081317.145195484 -7.585222095 31.206909470 0.107244666 0.030052711 -0.050537809 -0.790813997 0.609225726
1706081317.243675709 -7.575973711 31.114741506 0.102363297 0.029390010 -0.049835239 -0.789210581 0.611391311
1706081317.342385769 -7.582166224 31.048475641 0.132628346 0.030507573 -0.050700926 -0.787212008 0.613837079
1706081317.441537380 -7.596727370 30.995095348 0.128145367 0.029396432 -0.049727504 -0.785483191 0.616181127
1706081317.540277958 -7.614103292 30.968195261 0.140500382 0.029269486 -0.049174085 -0.783549506 0.618688434
1706081317.644368410 -7.625908821 30.905772813 0.144295945 0.029113452 -0.048201743 -0.781668139 0.621147260
1706081317.743211508 -7.630641076 30.853182859 0.145628556 0.029348827 -0.048108901 -0.779810760 0.623473622
1706081317.840926647 -7.651268165 30.795366465 0.149998348 0.029229999 -0.047781528 -0.777949316 0.625825371
1706081317.939407825 -7.648716532 30.738365906 0.156837260 0.029517591 -0.047434543 -0.776223255 0.627977814
1706081318.038482189 -7.652029787 30.665239587 0.163349714 0.030040980 -0.048424454 -0.774220172 0.630345728
1706081318.144449472 -7.653447033 30.616810673 0.173785544 0.030273392 -0.048413896 -0.772165451 0.632850798
1706081318.243657112 -7.651073908 30.557436985 0.174703786 0.031587127 -0.049643923 -0.770259412 0.635010373
1706081318.342764616 -7.645944920 30.501147294 0.180747786 0.032204382 -0.050324441 -0.768263879 0.637338952
1706081318.444754601 -7.652524719 30.446520140 0.183011189 0.032856668 -0.050691896 -0.766307150 0.639628112
1706081318.543854952 -7.659411893 30.410091255 0.191793944 0.032978205 -0.050519619 -0.764300083 0.642032389
1706081318.642529488 -7.681418499 30.362171951 0.188380133 0.033281970 -0.051335488 -0.762244473 0.644391450
1706081318.741424799 -7.696097692 30.302719005 0.188494694 0.033408840 -0.051369047 -0.760288535 0.646688807
1706081318.844679117 -7.711072985 30.239252185 0.186169526 0.033718038 -0.051080394 -0.758145974 0.649206107
1706081318.943154812 -7.713770124 30.182323489 0.187262735 0.034217695 -0.052144168 -0.756183762 0.651380267
1706081319.041905165 -7.706690045 30.124284730 0.200279758 0.034314889 -0.052159075 -0.754202840 0.653666578
1706081319.140375853 -7.711219324 30.062158345 0.199602456 0.034503705 -0.052439726 -0.752168662 0.655973988
1706081319.239758015 -7.710439635 30.015210423 0.192115518 0.034029899 -0.051537391 -0.750309546 0.658195601
1706081319.344966650 -7.712185231 29.948177666 0.213095762 0.034938830 -0.052138658 -0.748225615 0.660468976
1706081319.444699049 -7.709570506 29.915929568 0.215881157 0.034238549 -0.051205112 -0.746426785 0.662610604
1706081319.543802500 -7.715053753 29.878162126 0.224579373 0.034459833 -0.050798136 -0.744564130 0.664722743
1706081319.642870665 -7.714469422 29.827732514 0.229555081 0.034421993 -0.050582960 -0.742797313 0.666714814
1706081319.744848490 -7.714095002 29.793253428 0.255350076 0.034009059 -0.049355185 -0.741124114 0.668687144
1706081319.843657732 -7.710556535 29.751006702 0.249523271 0.033199211 -0.048846891 -0.739468956 0.670594853
1706081319.942385674 -7.709525239 29.692456110 0.252619397 0.033155866 -0.048737716 -0.737771910 0.672471510
1706081320.041324615 -7.700684433 29.637542428 0.254008126 0.033625873 -0.048764216 -0.736046358 0.674334569
1706081320.144288063 -7.698545708 29.579353298 0.266239164 0.032982088 -0.047707196 -0.734477820 0.676149789
1706081320.242945671 -7.686507882 29.525680427 0.278914350 0.032489359 -0.047719197 -0.732553259 0.678257357
1706081320.341626644 -7.695097108 29.477491484 0.272043448 0.031839336 -0.047266383 -0.730912669 0.680087359
1706081320.440798998 -7.693398969 29.430182204 0.264189504 0.031826662 -0.047311699 -0.729128435 0.681997355
1706081320.539383411 -7.683934465 29.374416625 0.273248633 0.031706199 -0.047220844 -0.727574946 0.683666298
1706081320.645257473 -7.688559167 29.315530440 0.258983177 0.031211292 -0.046684457 -0.725698729 0.685716976
1706081320.744881868 -7.695053030 29.261162096 0.282455509 0.031514647 -0.046768899 -0.723988786 0.687502535
1706081320.843978643 -7.710932364 29.213151671 0.262724240 0.029852094 -0.045002386 -0.722417624 0.689344917
1706081320.943046331 -7.694148660 29.161877947 0.265864699 0.030351686 -0.045019346 -0.720799570 0.691013757
1706081321.044694901 -7.692714967 29.109700317 0.291509852 0.031321207 -0.045073518 -0.718946444 0.692894920
1706081321.143544197 -7.688292653 29.066340009 0.286928611 0.031186810 -0.045175464 -0.717300231 0.694598401
1706081321.242675304 -7.681373324 29.022370198 0.282893777 0.030196514 -0.044168786 -0.715563225 0.696495916
1706081321.341623068 -7.684234944 28.987505555 0.282525232 0.029781391 -0.043327342 -0.713906542 0.698264462
1706081321.444021463 -7.678991035 28.929164259 0.278923068 0.030059675 -0.043145411 -0.712098617 0.700107456
1706081321.542666435 -7.691836292 28.891474735 0.278169407 0.029520832 -0.042460083 -0.710260447 0.702036865
1706081321.641288519 -7.678180359 28.842115708 0.299038869 0.030349023 -0.042850863 -0.708537299 0.703717014
1706081321.739916325 -7.674032914 28.792438151 0.299662552 0.030383778 -0.042770784 -0.706641269 0.705624265
1706081321.844868660 -7.673495804 28.743946063 0.296210365 0.029931711 -0.043005826 -0.704751789 0.707516436
1706081321.943863630 -7.667969468 28.698094430 0.299588966 0.029309045 -0.042288711 -0.703094132 0.709232886
1706081322.045045614 -7.663455959 28.661097920 0.285893614 0.028927169 -0.041704438 -0.701435610 0.710923374
1706081322.144121170 -7.664743698 28.632805056 0.288681186 0.027429589 -0.040119160 -0.699983440 0.712503512
1706081322.243103027 -7.666837349 28.581751302 0.299351884 0.029383397 -0.041822731 -0.698155829 0.714118977
1706081322.344887018 -7.655670124 28.535138637 0.298109789 0.029638925 -0.041755491 -0.696573559 0.715655846
1706081322.443717957 -7.632413336 28.492992632 0.292716566 0.029152787 -0.041795483 -0.695030167 0.717172447
1706081322.542608500 -7.616147549 28.458415534 0.261039940 0.029370762 -0.041924450 -0.693525476 0.718611239
1706081322.644820213 -7.639239160 28.397869428 0.278057999 0.028992095 -0.041434050 -0.692057979 0.720068352
1706081322.743714809 -7.636153732 28.347952673 0.300166876 0.029079908 -0.041408058 -0.690642420 0.721424133
1706081322.842331648 -7.639461513 28.310168285 0.299417292 0.029094701 -0.041177184 -0.689119348 0.722891736
1706081322.940970898 -7.640542034 28.274260267 0.291688044 0.030620497 -0.042763078 -0.687383317 0.724387935
1706081323.040420055 -7.640585643 28.237608265 0.302170444 0.030406072 -0.042233048 -0.685826022 0.725902547
1706081323.144805908 -7.638926479 28.188689038 0.306428197 0.030138272 -0.042016848 -0.684171926 0.727485426
1706081323.243417740 -7.623800514 28.148173568 0.296619878 0.029507680 -0.041254982 -0.682675647 0.728959041
1706081323.345180035 -7.622242889 28.106760384 0.292397041 0.028852260 -0.040398339 -0.681026367 0.730574164
1706081323.444130421 -7.622430091 28.068807864 0.288710180 0.029119149 -0.040088229 -0.679394927 0.732098041
1706081323.545008659 -7.609500402 28.035300716 0.279714352 0.029698540 -0.041015453 -0.677597770 0.733687258
1706081323.644804716 -7.596000568 27.995872811 0.305084143 0.030382935 -0.040931871 -0.675810624 0.735310451
1706081323.743677378 -7.582163095 27.968592440 0.310514508 0.029526609 -0.040002774 -0.674236940 0.736839539
1706081323.842668056 -7.554917319 27.940114303 0.311305606 0.030535841 -0.040937539 -0.672468145 0.738361886
1706081323.944742203 -7.561556571 27.905244217 0.309505182 0.030136049 -0.040547724 -0.670635895 0.740064319
1706081324.043377399 -7.545781581 27.853860052 0.335838929 0.030219141 -0.040836300 -0.668771995 0.741729883
1706081324.142952681 -7.543620079 27.805662062 0.321401960 0.029163877 -0.040305880 -0.667016658 0.743379904
1706081324.240613222 -7.522462233 27.748970716 0.311325725 0.029503872 -0.041023892 -0.665203493 0.744950250
1706081324.339210510 -7.510049879 27.708600166 0.329789742 0.029480029 -0.040740467 -0.663581189 0.746412184
1706081324.444572926 -7.501503742 27.684039840 0.325005936 0.028892829 -0.039834925 -0.661821491 0.748044582
1706081324.542994738 -7.484265733 27.648390694 0.321195198 0.029082775 -0.040234460 -0.660134602 0.749504962
1706081324.641639471 -7.488423674 27.614379571 0.323497239 0.029413672 -0.040011920 -0.658434712 0.750997745
1706081324.744197845 -7.494857092 27.573994035 0.345086068 0.028931974 -0.039192825 -0.656761864 0.752522901
1706081324.845343590 -7.467555078 27.550551716 0.344346554 0.028876826 -0.038474544 -0.655272160 0.753859559
1706081324.944803953 -7.460664609 27.535182698 0.359606072 0.029167810 -0.038112253 -0.653570054 0.755342889
1706081325.043733597 -7.454828002 27.507057190 0.369619430 0.028630008 -0.037483659 -0.652027155 0.756727089
1706081325.142695665 -7.476753970 27.460686184 0.356095481 0.028160419 -0.037139634 -0.650320177 0.758229059
1706081325.244408607 -7.442449013 27.432335677 0.373384336 0.029009312 -0.037833770 -0.648535152 0.759690215
1706081325.343599319 -7.422540772 27.392052010 0.372866683 0.028492403 -0.037073547 -0.647027024 0.761032040
1706081325.441651106 -7.403585495 27.342705162 0.380649088 0.028046371 -0.036987025 -0.645281168 0.762533655
1706081325.541496992 -7.399896935 27.302518364 0.379852763 0.027979261 -0.037013166 -0.643546002 0.763999824
1706081325.639600515 -7.369454610 27.258920701 0.366739144 0.028595369 -0.037357905 -0.641906670 0.765338173
1706081325.744126797 -7.382818208 27.235473824 0.365395211 0.027085195 -0.036309931 -0.640143541 0.766918658
1706081325.842773438 -7.365086066 27.214951262 0.368356991 0.026612318 -0.036002291 -0.638534361 0.768289977
1706081325.941364765 -7.335824892 27.201677240 0.379536361 0.027069579 -0.035676560 -0.636952740 0.769600954
1706081326.044531822 -7.360087513 27.167311886 0.386840027 0.027111851 -0.035694605 -0.634996391 0.771213606
1706081326.145268202 -7.349311064 27.121014634 0.394508168 0.026823644 -0.035508810 -0.633327656 0.772603195
1706081326.244837999 -7.337629702 27.064556122 0.394517978 0.027270603 -0.035678093 -0.631687106 0.773921694
1706081326.343810081 -7.329981431 27.042510305 0.382726576 0.026860375 -0.035455425 -0.629887705 0.775411447
1706081326.444816828 -7.322178542 27.007992091 0.379984440 0.025034615 -0.033785860 -0.628300410 0.776833559
1706081326.544065714 -7.305378184 26.977551045 0.390313905 0.026603129 -0.035076594 -0.626408470 0.778250817
1706081326.642679691 -7.302673222 26.949733903 0.392934695 0.027697470 -0.035507997 -0.624542972 0.779691034
1706081326.741286993 -7.300934564 26.927413510 0.374372080 0.027195087 -0.035251147 -0.622589085 0.781281393
1706081326.839828253 -7.263769382 26.891051945 0.366632178 0.026844778 -0.035151828 -0.620842553 0.782686547
1706081326.944813490 -7.246701733 26.839688962 0.388959169 0.028240341 -0.035946486 -0.618779233 0.784233762
1706081327.043772697 -7.238654866 26.794630900 0.362163958 0.027910908 -0.035984807 -0.616905920 0.785718245
1706081327.142435312 -7.211459972 26.785405780 0.346541068 0.028204831 -0.035696351 -0.615113006 0.787125307
1706081327.245110512 -7.192771466 26.763206753 0.350565802 0.029096049 -0.036198472 -0.613199578 0.788561582
1706081327.344490767 -7.163230655 26.745870119 0.358412277 0.029251775 -0.036080361 -0.611430338 0.789933847
1706081327.443248749 -7.158542036 26.716132597 0.366995003 0.029752463 -0.036349581 -0.609603710 0.791313349
1706081327.545045137 -7.162676151 26.687140412 0.350789449 0.029333709 -0.035782741 -0.607776745 0.792758827
1706081327.644035101 -7.154248805 26.660960556 0.372765225 0.030110689 -0.035885277 -0.605930238 0.794137356
1706081327.745105267 -7.150911820 26.620799392 0.375167196 0.031148590 -0.036434662 -0.603838324 0.795664225
1706081327.843722343 -7.120348365 26.597536207 0.381354839 0.030404622 -0.035798834 -0.602204776 0.796958851
1706081327.942316532 -7.109382890 26.571441108 0.390717935 0.030491787 -0.035934402 -0.600445246 0.798275940
1706081328.042471647 -7.094780381 26.547081699 0.391081749 0.030676414 -0.035875754 -0.598525154 0.799712153
1706081328.140162706 -7.084966504 26.521674205 0.394754758 0.031258875 -0.036232298 -0.596639379 0.801081491
1706081328.244823933 -7.078767024 26.470014269 0.404023505 0.031244230 -0.036561001 -0.594735577 0.802481579
1706081328.343387365 -7.085625226 26.437908071 0.417644233 0.031176658 -0.036345270 -0.592742801 0.803967045
1706081328.442174196 -7.083245995 26.403338122 0.377078484 0.032802086 -0.037510147 -0.590764695 0.805303723
1706081328.545425415 -7.061225881 26.381075984 0.420088028 0.031769150 -0.036420985 -0.588997454 0.806688436
1706081328.644317150 -7.024821571 26.365001274 0.425354900 0.032310565 -0.036831628 -0.587123741 0.808013101
1706081328.743006706 -7.025027441 26.327641069 0.424808818 0.031445573 -0.036350665 -0.585403185 0.809316326
1706081328.844922304 -7.005825695 26.304368560 0.459352009 0.031378759 -0.035741498 -0.583702605 0.810573370
1706081328.945142269 -6.989659957 26.270429783 0.460613562 0.031221098 -0.035238154 -0.582001042 0.811824059
1706081329.044749260 -6.954387640 26.239282461 0.421962793 0.031705541 -0.035341411 -0.580056825 0.813191136
1706081329.143338203 -6.951215494 26.206968392 0.423870943 0.031154291 -0.034843119 -0.578334310 0.814459817
1706081329.241884232 -6.937561506 26.191235705 0.407686137 0.029962120 -0.033689963 -0.576260304 0.816021642
1706081329.334905386 -6.905886776 26.177637133 0.404214611 0.030391627 -0.033959819 -0.574497009 0.817236971
1706081329.433775902 -6.881172758 26.162059442 0.409768284 0.030152336 -0.033507769 -0.572583281 0.818606409
1706081329.544628143 -6.867941727 26.138234171 0.453682065 0.029844671 -0.032996196 -0.570445738 0.820129384
1706081329.643275023 -6.870876737 26.089869802 0.481746461 0.029437026 -0.032674897 -0.568692579 0.821373584
1706081329.741951227 -6.835166088 26.076156425 0.518967446 0.028626199 -0.032039991 -0.566898788 0.822666241
1706081329.844921112 -6.788923359 26.059843945 0.518056189 0.029509520 -0.032807616 -0.564969475 0.823931029
1706081329.944049597 -6.791913730 26.034703785 0.538240641 0.028680831 -0.031828445 -0.563377850 0.825087727
1706081330.042734146 -6.766022207 26.016623055 0.522059593 0.028806163 -0.032175810 -0.561696389 0.826215522
1706081330.144862890 -6.758157360 25.990718898 0.550468540 0.029014616 -0.031956337 -0.559886776 0.827444102
1706081330.245087385 -6.739675864 25.969330614 0.555514329 0.028915095 -0.031778336 -0.558207932 0.828587931
1706081330.344380617 -6.743203996 25.927896895 0.563712134 0.028489018 -0.031469788 -0.556524791 0.829745856
1706081330.442906618 -6.734006737 25.903763026 0.557844178 0.028382845 -0.031374233 -0.554785250 0.830917203
1706081330.535950661 -6.715215169 25.879429954 0.537644725 0.029011721 -0.031698194 -0.553211219 0.831932024
1706081330.634584427 -6.721451465 25.862768839 0.491959340 0.029199516 -0.031743288 -0.551405547 0.833121645
1706081330.745459557 -6.707136983 25.833235197 0.475298005 0.028703399 -0.031257373 -0.549493249 0.834419715
1706081330.844234228 -6.695148087 25.809353645 0.517366668 0.028910572 -0.031111805 -0.548014808 0.835389732
1706081330.942897320 -6.651281427 25.795182979 0.505355048 0.029077499 -0.031094335 -0.546188361 0.836579892
1706081331.041622877 -6.625943924 25.776731696 0.507581221 0.028490456 -0.030600862 -0.544575882 0.837668783
1706081331.144829035 -6.619207359 25.735106452 0.476074083 0.028460086 -0.030826386 -0.542803755 0.838810968
1706081331.243778467 -6.596810126 25.714940339 0.445256945 0.029050030 -0.031123082 -0.541089625 0.839886580
1706081331.342430592 -6.575455981 25.701756843 0.422189002 0.028156338 -0.030394895 -0.539360020 0.841055373
1706081331.445167542 -6.565664143 25.673229510 0.434708074 0.027357148 -0.029784705 -0.537592288 0.842234522
1706081331.545011282 -6.559097288 25.644730795 0.390220798 0.027468901 -0.030205566 -0.535731184 0.843400961
1706081331.643903971 -6.556118582 25.627587182 0.391194621 0.026258076 -0.028799828 -0.534062356 0.844546318
1706081331.737000704 -6.563084594 25.599739068 0.373400259 0.025585612 -0.028586689 -0.532597843 0.845498501
1706081331.835625410 -6.541658740 25.592718380 0.420090731 0.024654476 -0.027583425 -0.530820807 0.846676197
1706081331.934272289 -6.526960835 25.571649654 0.463032842 0.024222195 -0.027188401 -0.529201702 0.847714359
1706081332.044998169 -6.499998569 25.554888595 0.443718454 0.023721198 -0.027074642 -0.527182030 0.848989620
1706081332.143978596 -6.485466772 25.519278108 0.458455815 0.022742675 -0.026520149 -0.525457239 0.850102431
1706081332.242577553 -6.463131802 25.489039487 0.473037827 0.022792682 -0.026432997 -0.523671299 0.851205123
1706081332.341304064 -6.432567313 25.475685622 0.470856280 0.021027451 -0.025288361 -0.521945593 0.852344498
1706081332.444807768 -6.400220846 25.472753453 0.488758208 0.020913848 -0.025116734 -0.520142809 0.853453700
1706081332.543787956 -6.378055711 25.471073631 0.495384015 0.020427971 -0.024564376 -0.518306043 0.854598230
1706081332.642534971 -6.378204506 25.450302907 0.484532599 0.020662157 -0.024420933 -0.516627608 0.855612417
1706081332.745103598 -6.363652389 25.429621469 0.464295735 0.020845077 -0.024100525 -0.514793988 0.856721540
1706081332.844862938 -6.342715857 25.412372248 0.467577293 0.022148877 -0.024658163 -0.513063807 0.857710284
1706081332.938036919 -6.319766341 25.403209226 0.459429298 0.022054285 -0.024292726 -0.511623412 0.858583110
1706081333.036678314 -6.291669582 25.378697934 0.444699278 0.022765415 -0.024716351 -0.509957072 0.859543264
1706081333.135310888 -6.299050720 25.336884360 0.414021747 0.023754493 -0.025043055 -0.508235577 0.860526099
1706081333.233941317 -6.280160968 25.311799143 0.415521488 0.024656035 -0.025621207 -0.506580067 0.861459384
1706081333.344910145 -6.265022810 25.291401701 0.398929812 0.025874254 -0.026081621 -0.504835267 0.862433548
1706081333.443601131 -6.249691958 25.269876123 0.442524330 0.026336357 -0.026196200 -0.503206411 0.863367514
1706081333.542348146 -6.246977645 25.257177497 0.451392937 0.027792359 -0.026904420 -0.501484893 0.864301243
1706081333.640947342 -6.220554638 25.259292440 0.482874041 0.029358265 -0.027826117 -0.499676619 0.865267055
1706081333.744494915 -6.197386204 25.239882753 0.496701514 0.029034976 -0.027309726 -0.498318024 0.866077534
1706081333.843139648 -6.188329377 25.217191197 0.515175547 0.029870055 -0.027465894 -0.496597809 0.867031730
1706081333.941788197 -6.162973163 25.200457277 0.522832312 0.030647322 -0.028088007 -0.494980802 0.867908873
1706081334.040428162 -6.147932617 25.192577660 0.526779644 0.030549620 -0.027466519 -0.493506889 0.868771122
1706081334.139069080 -6.127238864 25.175661271 0.523665839 0.031342524 -0.028128450 -0.491850958 0.869660320
1706081334.237704039 -6.101961052 25.171558660 0.537712993 0.031187875 -0.027835757 -0.490307948 0.870546152
1706081334.336360455 -6.096108509 25.149289355 0.512995435 0.031438196 -0.028061125 -0.488709748 0.871428135
1706081334.441500664 -6.079230005 25.123969908 0.467038646 0.031717666 -0.028755622 -0.486878733 0.872419740
1706081334.541021585 -6.062477191 25.106003975 0.472933870 0.032004641 -0.028880552 -0.485253423 0.873310215
1706081334.644625187 -6.047732166 25.090145327 0.473742591 0.031824163 -0.028780577 -0.483540399 0.874269743
1706081334.743353844 -6.035129113 25.079470995 0.491271329 0.031320455 -0.028028472 -0.482185712 0.875060211
1706081334.842006445 -6.030922285 25.053167282 0.519916510 0.029655976 -0.026678297 -0.480875197 0.875881177
1706081334.945127010 -6.016316842 25.022748564 0.504245576 0.029623208 -0.026526061 -0.479253546 0.876775269
1706081335.044189692 -6.006769908 24.993328585 0.487101169 0.028272956 -0.025641991 -0.477889850 0.877590120
1706081335.142832279 -5.996813364 24.970985359 0.501830802 0.028157129 -0.025217972 -0.476348009 0.878443968
1706081335.241456747 -5.979698254 24.955855713 0.490343436 0.027148973 -0.024577099 -0.474851087 0.879303898
1706081335.340094805 -5.972096547 24.945058151 0.525210524 0.026875709 -0.024032031 -0.473275221 0.880176529
1706081335.438742876 -5.944212528 24.944672258 0.576312975 0.026598695 -0.023712576 -0.471699034 0.881039298
1706081335.537374020 -5.917988545 24.925166573 0.560976569 0.025756129 -0.023647363 -0.470169174 0.881883423
1706081335.642806292 -5.892178432 24.912702222 0.539790651 0.025198232 -0.023262841 -0.468542756 0.882774929
1706081335.742170811 -5.865313486 24.901906078 0.501724839 0.025182309 -0.023705024 -0.467052767 0.883552848
1706081335.845280647 -5.850999254 24.890268583 0.500607149 0.025196385 -0.023431471 -0.465417971 0.884421970
1706081335.944253445 -5.834458935 24.881418686 0.494931903 0.024821581 -0.023072686 -0.463875764 0.885251837
1706081336.043095350 -5.817212178 24.868089590 0.490732129 0.023769129 -0.022443952 -0.462551057 0.885989739
1706081336.141940117 -5.799797289 24.843331444 0.476737909 0.024094718 -0.022581846 -0.461213762 0.886674332
1706081336.245237112 -5.777113010 24.822855492 0.510418425 0.025239876 -0.022905576 -0.459719738 0.887409739
1706081336.344409704 -5.780260029 24.793350592 0.474255042 0.024410091 -0.022254105 -0.458643483 0.888006226
1706081336.442520857 -5.759654597 24.773413978 0.472254429 0.025050243 -0.023072440 -0.457357886 0.888630357
1706081336.541140795 -5.747202625 24.764569445 0.505455133 0.025417950 -0.022475118 -0.456460520 0.889096503
1706081336.639795303 -5.743727884 24.747666220 0.512418619 0.026103397 -0.022816073 -0.455628059 0.889494863
1706081336.738423586 -5.725269451 24.726988253 0.495639397 0.026809697 -0.023525196 -0.454909758 0.889822969
1706081336.843978643 -5.704672113 24.700082886 0.484793915 0.027490823 -0.023963883 -0.453880723 0.890315830
1706081336.943264484 -5.678809245 24.685422265 0.477248630 0.027951345 -0.024022467 -0.452890278 0.890804153
1706081337.042426586 -5.631847152 24.672306888 0.475269996 0.028399407 -0.024202797 -0.450816657 0.891836330
1706081337.145159006 -5.614502648 24.633399141 0.454225203 0.028774294 -0.024193559 -0.447464774 0.893511045
1706081337.244195461 -5.573719888 24.624199281 0.471729013 0.029031143 -0.023813307 -0.443441554 0.895516447
1706081337.342967510 -5.522126280 24.617400445 0.473823852 0.028903098 -0.023538978 -0.439156955 0.897636729
1706081337.441779375 -5.506954150 24.592676084 0.489744341 0.029120483 -0.022911741 -0.434693728 0.899815766
1706081337.544901848 -5.492427579 24.539879290 0.524298999 0.028915233 -0.022734862 -0.430096554 0.902033253
1706081337.643552303 -5.441736096 24.526946792 0.531193005 0.029430708 -0.022663461 -0.425683839 0.904109214
1706081337.742190123 -5.402658870 24.500331431 0.507119009 0.029295977 -0.022398207 -0.421443572 0.906104509
1706081337.840830326 -5.358732065 24.485563789 0.525687356 0.029284078 -0.021821447 -0.417380553 0.907997655
1706081337.939462185 -5.319005317 24.459477196 0.545826592 0.029804633 -0.021493510 -0.413084032 0.909951260
1706081338.044962883 -5.284205796 24.428622326 0.550182717 0.029397275 -0.020850034 -0.408838851 0.911894660
1706081338.144397736 -5.229377324 24.410302143 0.530571708 0.028708014 -0.020274663 -0.404732103 0.913759658
1706081338.243558884 -5.183730176 24.387584532 0.534318355 0.027452450 -0.019273507 -0.400807038 0.915548258
1706081338.342676163 -5.137317768 24.368355357 0.563945691 0.026573130 -0.018307274 -0.396702215 0.917380000
1706081338.445114374 -5.075208269 24.351391360 0.551430670 0.026148215 -0.017898477 -0.392421614 0.919239464
1706081338.543883801 -5.016374875 24.331229840 0.560953187 0.025583648 -0.017476216 -0.388294346 0.921014419
1706081338.642535210 -4.976599060 24.293587356 0.533123656 0.024757037 -0.016993169 -0.384071730 0.922814839
1706081338.745434523 -4.907902318 24.295289651 0.546977018 0.025153362 -0.016565687 -0.379666020 0.924633225
1706081338.844582081 -4.856645199 24.279960372 0.552760056 0.023876117 -0.015847646 -0.375421974 0.926410883
1706081338.943211079 -4.802709770 24.274359600 0.595728233 0.023728638 -0.015241204 -0.370913913 0.928238938
1706081339.041862488 -4.745810747 24.265411095 0.616079195 0.023408037 -0.014731073 -0.366441525 0.930029928
1706081339.140482426 -4.684486351 24.267512300 0.586922956 0.023521148 -0.014783785 -0.361988344 0.931768552
1706081339.245435476 -4.631992412 24.234358103 0.601908096 0.023343311 -0.014536214 -0.357043580 0.933682853
1706081339.345272064 -4.587335853 24.204153789 0.608410127 0.022522005 -0.013981346 -0.352322864 0.935503010
1706081339.444693327 -4.530443153 24.169442079 0.646491993 0.022858792 -0.013886408 -0.347577225 0.937269820
1706081339.543789148 -4.470788035 24.159328090 0.666056456 0.022739508 -0.013317322 -0.342994467 0.938967709
1706081339.642871857 -4.440549489 24.108626755 0.649238203 0.022369497 -0.013301158 -0.338108653 0.940747162
1706081339.745051146 -4.393613206 24.077424012 0.656461081 0.022668777 -0.012974913 -0.333123696 0.942521290
1706081339.843782425 -4.347218524 24.042706791 0.674696252 0.023088400 -0.012685600 -0.328399472 0.944171482
1706081339.942629814 -4.277294123 24.030840197 0.629050428 0.023350854 -0.012464751 -0.324007445 0.945684167
1706081340.041372061 -4.222902882 23.995006689 0.580174123 0.023849865 -0.012150674 -0.319451100 0.947224651
1706081340.144277573 -4.169520400 23.960364885 0.514408750 0.024131153 -0.012143357 -0.314692604 0.948809144
1706081340.242888451 -4.094042192 23.952937142 0.508781721 0.023972723 -0.011341148 -0.310051773 0.950349717
1706081340.341532707 -4.036323284 23.932419479 0.535306026 0.024568277 -0.011097310 -0.305332579 0.951864100
1706081340.440156698 -3.971544794 23.912952033 0.568715483 0.024447078 -0.010434157 -0.300709428 0.953345325
1706081340.544955254 -3.897769301 23.916291461 0.584732294 0.024207938 -0.009616591 -0.295994768 0.954834328
1706081340.644730806 -3.839773461 23.896794934 0.597231579 0.024278138 -0.009519694 -0.291229896 0.956297598
1706081340.744879723 -3.751397744 23.900408148 0.554779247 0.024797368 -0.009710653 -0.286649070 0.957665445
1706081340.843966007 -3.675437704 23.897783604 0.561814212 0.024574269 -0.009292365 -0.282014348 0.959050397
1706081340.943034649 -3.613156710 23.879824994 0.563326208 0.023199129 -0.008381052 -0.277691043 0.960353707
1706081341.044649839 -3.553225666 23.851628468 0.603823910 0.022747907 -0.008069571 -0.272900587 0.961739406
1706081341.143597603 -3.479163056 23.840742294 0.640165081 0.023431178 -0.007984346 -0.268381069 0.962994721
1706081341.242371082 -3.413895432 23.815804898 0.669469249 0.023383304 -0.007466511 -0.263555310 0.964331930
1706081341.345264673 -3.338906368 23.800345108 0.632394010 0.023038940 -0.007402013 -0.258855280 0.965612946
1706081341.443909168 -3.269164936 23.794859197 0.612614135 0.022819820 -0.006778317 -0.254157353 0.966869872
1706081341.542550087 -3.228755710 23.755717418 0.599421684 0.022629870 -0.006003736 -0.249471730 0.968099014
1706081341.641167641 -3.167029670 23.723627871 0.573368607 0.022654451 -0.005904363 -0.244958131 0.969250963
1706081341.739786386 -3.096193978 23.705172856 0.566394306 0.024001951 -0.006263465 -0.240275828 0.970387655
1706081341.845268726 -3.023401833 23.680262892 0.569337953 0.023426501 -0.005474800 -0.235727364 0.971521402
1706081341.945042133 -2.962229837 23.640154420 0.483127505 0.023025711 -0.005342746 -0.231086683 0.972645987
1706081342.044944763 -2.895140337 23.614105750 0.546441892 0.023952416 -0.004996879 -0.226197318 0.973774145
1706081342.144111872 -2.812814740 23.618814851 0.566795886 0.024405917 -0.004638318 -0.221732365 0.974791052
1706081342.245413303 -2.754121129 23.589220973 0.572518700 0.023232088 -0.004005984 -0.217104248 0.975863703
1706081342.344568014 -2.685220543 23.559281821 0.562160696 0.024551597 -0.004346010 -0.212386928 0.976867506
1706081342.443481445 -2.607349899 23.551898116 0.589500761 0.023668729 -0.003561616 -0.208039834 0.977827456
1706081342.542319536 -2.537658188 23.524426133 0.513259780 0.024157756 -0.003584017 -0.203515554 0.978767070
1706081342.644949675 -2.469168865 23.499283241 0.516139977 0.024247384 -0.003120687 -0.198979715 0.979698627
1706081342.743581057 -2.359754276 23.525959615 0.516429855 0.024141218 -0.003180491 -0.194590976 0.980582193
1706081342.842199087 -2.298541648 23.503640936 0.504917945 0.024891173 -0.002997863 -0.190022775 0.981459519
1706081342.940831184 -2.217589505 23.504516575 0.521346856 0.023269789 -0.002168151 -0.185759498 0.982317273
1706081343.039438963 -2.145785776 23.490844002 0.579280789 0.023725680 -0.001698486 -0.181633747 0.983078527
1706081343.145081520 -2.088154145 23.461364753 0.577471412 0.023708777 -0.001325985 -0.176872857 0.983947218
1706081343.243581772 -2.016135625 23.444195949 0.579948637 0.022817540 -0.000754854 -0.172650951 0.984718457
1706081343.344863653 -1.952744694 23.429859825 0.618557253 0.023981497 -0.000393001 -0.168284284 0.985446667
1706081343.444283724 -1.868292000 23.442190005 0.616112955 0.024133503 -0.000094738 -0.164136546 0.986142363
1706081343.544938564 -1.797301878 23.431416755 0.605407408 0.023111406 0.000549087 -0.160138763 0.986823762
1706081343.644445658 -1.703207568 23.430831885 0.650151831 0.023899549 0.000459836 -0.155767059 0.987504543
1706081343.743419647 -1.640157828 23.429570838 0.764425477 0.022937999 0.001837786 -0.152130509 0.988092495
1706081343.842440844 -1.579996543 23.425592446 0.750076809 0.023355977 0.001800392 -0.148068586 0.988699626
1706081343.944615126 -1.520192588 23.408019249 0.798931693 0.022741326 0.002466953 -0.144180325 0.989287006
1706081344.043226004 -1.443523492 23.401635272 0.772283019 0.022443245 0.002617403 -0.140398755 0.989837178
1706081344.141841412 -1.371539269 23.399331955 0.733091306 0.022528834 0.002497075 -0.136577016 0.990370100
1706081344.240458012 -1.307356068 23.394253601 0.746345062 0.021377658 0.003148912 -0.132765752 0.990911871
1706081344.339058876 -1.237838955 23.387318093 0.681366419 0.021655620 0.002614265 -0.129145112 0.991385767
1706081344.444648504 -1.159228998 23.390947048 0.703852352 0.020737957 0.003230352 -0.125085389 0.991923963
1706081344.543141127 -1.094504813 23.367596560 0.689607310 0.021282173 0.003218274 -0.121305648 0.992381807
1706081344.645104170 -1.026717659 23.357760214 0.656351655 0.021437193 0.003303768 -0.117586921 0.992825689
1706081344.744506836 -0.965798882 23.333618312 0.667152299 0.020290766 0.003947408 -0.113663153 0.993304279
1706081344.844788551 -0.909504863 23.300404288 0.610044526 0.020185918 0.003751287 -0.109836175 0.993737627
1706081344.944855928 -0.850937626 23.285462037 0.573894315 0.019596978 0.004120642 -0.105998544 0.994164618
1706081345.043624878 -0.775464338 23.283326748 0.509735355 0.019481564 0.004294111 -0.102128878 0.994571124
1706081345.142428875 -0.723406468 23.279045543 0.533354137 0.018801087 0.004904484 -0.098384403 0.994958780
1706081345.244259119 -0.647850408 23.285358863 0.487391372 0.018272739 0.005082735 -0.094580751 0.995336503
1706081345.342895508 -0.584402169 23.295589796 0.516944425 0.018818281 0.005401845 -0.090841292 0.995672914
1706081345.441507578 -0.533216435 23.279874961 0.545806810 0.018627323 0.005922339 -0.087317587 0.995988749
1706081345.540087700 -0.490009847 23.271450529 0.595736319 0.017045747 0.006903806 -0.083687644 0.996322316
1706081345.645099878 -0.435666240 23.255641604 0.566639150 0.017358011 0.006678515 -0.079627457 0.996651175
1706081345.744054317 -0.385547275 23.259640967 0.526567625 0.017543340 0.006446734 -0.075912085 0.996939329
1706081345.842638969 -0.328259642 23.247163738 0.522380883 0.017615698 0.006775144 -0.072195970 0.997211876
1706081345.945426464 -0.266222307 23.246432732 0.542733405 0.017172477 0.007162795 -0.068288874 0.997492070
1706081346.044585943 -0.207129140 23.240901772 0.576001705 0.016125197 0.007518005 -0.064582770 0.997753739
1706081346.145049572 -0.144546558 23.234036435 0.582806162 0.015618192 0.007991610 -0.060584784 0.998008863
1706081346.244350672 -0.093745117 23.246200600 0.625305455 0.016414418 0.008328107 -0.056978810 0.998205703
1706081346.343435764 -0.027263415 23.257923459 0.612603264 0.017592484 0.007904064 -0.053280318 0.998393328
1706081346.445313215 0.040605255 23.269101559 0.600524368 0.017906330 0.008036125 -0.049608822 0.998575860
1706081346.543932676 0.086219812 23.272991910 0.616353955 0.017788062 0.008741405 -0.045916575 0.998748637
1706081346.642543554 0.148911968 23.287563174 0.587317165 0.018250727 0.008611322 -0.042393059 0.998897184
1706081346.741131067 0.191622216 23.272784250 0.580159570 0.017977358 0.009051620 -0.038656445 0.999049830
1706081346.839653730 0.237450004 23.275650464 0.591950625 0.018495073 0.009299238 -0.035228276 0.999164864
1706081346.945007563 0.290574886 23.270333775 0.594312984 0.019654174 0.009365732 -0.031475019 0.999267391
1706081347.043595314 0.346434556 23.292361656 0.551275055 0.020388723 0.009383269 -0.028127034 0.999352352
1706081347.142137289 0.392237191 23.277190199 0.586953471 0.019092305 0.009930368 -0.024903474 0.999458198
1706081347.244922400 0.439184778 23.274680407 0.595238461 0.020163336 0.009878158 -0.021211598 0.999522851
1706081347.344453096 0.489270979 23.273866650 0.583098696 0.020205301 0.010412498 -0.017755194 0.999583953
1706081347.443173885 0.548101402 23.278405038 0.612595949 0.020470200 0.010706078 -0.014410082 0.999629281
1706081347.544499159 0.588755184 23.262516053 0.591812768 0.020295734 0.011007854 -0.011036724 0.999672497
1706081347.643578053 0.640121590 23.253012518 0.533617413 0.020962717 0.011010209 -0.007619128 0.999690596
1706081347.744919538 0.676529378 23.267525840 0.605293595 0.021514547 0.011652113 -0.004374218 0.999691062
1706081347.843563557 0.711971704 23.262606113 0.579098304 0.021834700 0.011797208 -0.001234874 0.999691226
1706081347.942151070 0.752848917 23.247880756 0.630594378 0.021728202 0.012327314 0.001876842 0.999686151
1706081348.040653944 0.804069253 23.251066095 0.629381887 0.022342832 0.012075537 0.005014914 0.999664859
1706081348.133733988 0.844934660 23.245681333 0.625708887 0.022262533 0.012719785 0.007990324 0.999639306
1706081348.244657040 0.905090332 23.266907353 0.559592099 0.022048433 0.012617503 0.011360878 0.999612723
1706081348.343500137 0.956564893 23.291484026 0.522506903 0.022931251 0.012658711 0.014346140 0.999553952
1706081348.441861153 0.994741193 23.290679127 0.512824118 0.022017325 0.012946656 0.017286435 0.999524287
1706081348.544847012 1.042521577 23.289966487 0.551950976 0.021391015 0.013312813 0.020440907 0.999473543
1706081348.644219160 1.075134894 23.287583537 0.549963839 0.020803377 0.013586400 0.023341221 0.999418739
1706081348.742899179 1.115149337 23.287595684 0.549590842 0.020993468 0.013844373 0.026258213 0.999338838
1706081348.844386578 1.157991786 23.298019394 0.562254755 0.021353291 0.014199155 0.029279561 0.999242277
1706081348.945409536 1.209105557 23.309702237 0.546198391 0.020441502 0.014154787 0.032247427 0.999170601
1706081349.044586182 1.257766316 23.311956335 0.517727307 0.020359018 0.014085685 0.035155119 0.999075183
1706081349.143177271 1.309061136 23.338092161 0.529347684 0.020667683 0.014409618 0.037691546 0.998971750
1706081349.241609573 1.350661692 23.354206457 0.619516305 0.020643325 0.014861317 0.040529260 0.998854531
1706081349.334786654 1.390409115 23.356734986 0.553319766 0.019698995 0.014731505 0.042949351 0.998774392
1706081349.433403492 1.413113075 23.341200748 0.591867001 0.018007137 0.015340311 0.045429071 0.998687447
1706081349.544337034 1.465569131 23.344280093 0.592231902 0.018258476 0.015460868 0.048573372 0.998533033
1706081349.643015385 1.513263438 23.344794871 0.483720504 0.018803063 0.014968308 0.051144014 0.998402066
1706081349.741633415 1.563043218 23.379926757 0.459603601 0.018619288 0.015093381 0.053727377 0.998267940
1706081349.845149279 1.595348498 23.379543023 0.462248001 0.017955177 0.015510089 0.056503209 0.998120452
1706081349.943937063 1.624193832 23.371492026 0.495286135 0.017207322 0.015667339 0.059156844 0.997977410
1706081350.042596579 1.673560736 23.377921539 0.399945365 0.016271318 0.015616453 0.061994948 0.997821626
1706081350.141245127 1.717580180 23.369471330 0.397019603 0.015744143 0.016099464 0.064755007 0.997647091
1706081350.245233297 1.766483822 23.397048080 0.420205140 0.016490598 0.016146261 0.067409528 0.997458427
1706081350.344192505 1.812736639 23.430663025 0.450797445 0.016185153 0.016512914 0.070117603 0.997270719
1706081350.442518711 1.825612888 23.434837496 0.375216030 0.015506558 0.016443246 0.072607121 0.997104494
1706081350.535801172 1.856790056 23.435862370 0.422176374 0.016106843 0.016661518 0.075192288 0.996899736
1706081350.634437084 1.886601687 23.440731986 0.387298654 0.015760646 0.016862812 0.077626268 0.996715310
1706081350.745234489 1.932010381 23.441399948 0.422650301 0.015985273 0.016852942 0.080359169 0.996495285
1706081350.844005108 1.979638761 23.433073747 0.414189328 0.015109810 0.017043096 0.082828832 0.996303473
1706081350.942755461 2.021669670 23.435797235 0.413613395 0.015995484 0.017313321 0.085028030 0.996099708
1706081351.041333914 2.063782694 23.454221011 0.384986966 0.015431646 0.017446642 0.087310698 0.995908792
1706081351.144950867 2.104256536 23.471141357 0.462698367 0.015181982 0.018002356 0.089821866 0.995679394
1706081351.243605137 2.141299289 23.487141636 0.481541482 0.014808371 0.018057635 0.092096175 0.995476232
1706081351.342268467 2.168921803 23.500350365 0.445705601 0.015074972 0.017917001 0.094429664 0.995256130
1706081351.444875240 2.215429880 23.492482490 0.452996052 0.014414069 0.017668276 0.097215462 0.995002121
1706081351.545140982 2.246029084 23.526554616 0.482747020 0.014045129 0.017699984 0.099452136 0.994785765
1706081351.638209343 2.287571334 23.504666254 0.462289491 0.013873022 0.017605540 0.101964252 0.994535507
1706081351.736849308 2.309550956 23.498602368 0.502141479 0.012982347 0.017547955 0.104529738 0.994282184
1706081351.835489035 2.331155594 23.507243817 0.399240412 0.011282410 0.017149218 0.106962364 0.994051138
1706081351.934110165 2.382014500 23.548847344 0.428367107 0.011265519 0.016866839 0.109372873 0.993793828
1706081352.045048475 2.414948387 23.540371341 0.352498351 0.008608512 0.017157029 0.112221949 0.993497742
1706081352.143799543 2.450618534 23.556429602 0.356316653 0.007765945 0.017477529 0.114495232 0.993239683
1706081352.242364645 2.489344805 23.541664744 0.354620327 0.006832543 0.017550052 0.116946654 0.992959612
1706081352.345400810 2.508837853 23.541781646 0.382490838 0.006382509 0.017967484 0.119290722 0.992676260
1706081352.444671869 2.534808960 23.530498879 0.237427019 0.004768025 0.018139780 0.121698326 0.992389909
1706081352.543290615 2.556195454 23.541150418 0.116551301 0.003983925 0.017997537 0.123855599 0.992129028
1706081352.641961336 2.596837611 23.562098854 0.134118095 0.004796182 0.018478857 0.126377452 0.991798502
1706081352.740603447 2.634953547 23.592607521 0.084088513 0.002563664 0.018543012 0.128466743 0.991537130
1706081352.839217663 2.677489695 23.591558652 0.039761894 0.002404147 0.018602569 0.130899851 0.991218136
1706081352.937874079 2.723527673 23.623020822 -0.009904375 0.003034743 0.018635502 0.133059869 0.990928140
1706081353.036517859 2.740029552 23.671744109 0.152617858 0.005161169 0.019827146 0.135313623 0.990590970
1706081353.135168076 2.763771547 23.682865854 0.209016000 0.005400813 0.019809067 0.137667726 0.990265636
1706081353.240849733 2.810552639 23.704833765 0.182090411 0.006243425 0.019516465 0.140206693 0.989910203
1706081353.344751835 2.853208215 23.708971072 0.144562608 0.005796843 0.019993879 0.142888779 0.989519802
1706081353.443449974 2.869475710 23.682816911 0.083923675 0.006161325 0.019790499 0.145227771 0.989181110
1706081353.542051077 2.888698740 23.694535016 0.147903421 0.008859265 0.020013281 0.147712998 0.988788072
1706081353.640809059 2.921157874 23.710471765 0.159412904 0.009269663 0.020407663 0.150049662 0.988424352
1706081353.744361639 2.938682155 23.740391478 0.123251590 0.010323947 0.020716847 0.152235536 0.988073160
1706081353.842998743 2.954677203 23.763144934 0.024131589 0.012206521 0.020517543 0.154502830 0.987703856
1706081353.941649199 3.003151347 23.775121016 0.025823548 0.012877439 0.020888670 0.156716566 0.987338723
1706081354.040289640 3.041278053 23.778073214 0.022518176 0.012348298 0.021258956 0.158981175 0.986975462
1706081354.138919115 3.070843245 23.776025746 0.070174676 0.012993307 0.021692818 0.161324932 0.986577347
1706081354.237556458 3.102791623 23.792680159 0.038102586 0.012995140 0.021689017 0.163807714 0.986168214
1706081354.336198568 3.131554775 23.800849097 0.016605868 0.011830299 0.022073077 0.165981437 0.985810827
1706081354.441876650 3.168092767 23.790423259 0.014493319 0.011590096 0.022233708 0.168297792 0.985417264
1706081354.541182995 3.186026262 23.782751347 -0.011638509 0.011074673 0.022163572 0.170416662 0.985060551
1706081354.644422293 3.209712535 23.793946788 -0.014338669 0.010780007 0.022625652 0.172838104 0.984631333
1706081354.743155718 3.225707642 23.813513035 0.014155717 0.009342949 0.022810892 0.175059057 0.984249307
1706081354.841794491 3.251863939 23.829117377 0.087569237 0.009350578 0.022849758 0.177445233 0.983820941
1706081354.944813728 3.278310531 23.883455213 0.193016062 0.007810283 0.022981392 0.179725858 0.983417242
1706081355.044036627 3.309410490 23.905037612 0.242433225 0.006427378 0.023325939 0.182127236 0.982977243
1706081355.142686844 3.342959326 23.937109675 0.181362547 0.005860735 0.023114554 0.184651290 0.982514769
1706081355.241328478 3.361982988 23.958309062 0.205961215 0.005429078 0.023285101 0.186554106 0.982153702
1706081355.339964867 3.393660962 23.987230122 0.159685224 0.004129954 0.023232695 0.188958808 0.981701459
1706081355.444171429 3.419026650 24.026361991 0.195289984 0.004195015 0.023644685 0.191053165 0.981285901
1706081355.537241936 3.447389282 24.029836086 0.278035404 0.003641941 0.023989705 0.192861788 0.980925869
1706081355.643100500 3.477819797 24.040081302 0.186022680 0.003190909 0.023257236 0.195060717 0.980510191
1706081355.742351055 3.514366136 24.066603160 0.184113830 0.002672403 0.023134434 0.197077749 0.980111227
1706081355.845304251 3.541937284 24.057678896 0.236663607 0.003485858 0.023225707 0.199184341 0.979680567
1706081355.943916559 3.555452680 24.047681607 0.218418307 0.001725996 0.023342554 0.200962700 0.979319222
1706081356.042902946 3.589630208 24.070204287 0.201189953 0.002391527 0.023330326 0.203065336 0.978884286
1706081356.141487122 3.627560666 24.074518725 0.216411855 0.002725424 0.023284753 0.205099677 0.978460278
1706081356.244771242 3.657297912 24.097913413 0.187480764 0.002534623 0.023214557 0.207188698 0.978022241
1706081356.343733549 3.686001084 24.137071135 0.217412628 0.003777583 0.023713924 0.209183858 0.977581451
1706081356.442353725 3.721146078 24.146571170 0.219187355 0.004082088 0.023520555 0.211181584 0.977155289
1706081356.540992975 3.736649114 24.172764306 0.281860341 0.006267039 0.024614764 0.213298409 0.976656862
1706081356.639629364 3.750824321 24.162867720 0.229024703 0.005809241 0.024281029 0.215212476 0.976248060
1706081356.738256216 3.765569726 24.168590549 0.221306294 0.006408760 0.025121985 0.217575263 0.975699143
1706081356.844216347 3.789707348 24.163288216 0.130148916 0.006650249 0.025310882 0.219848381 0.975182969
1706081356.943448067 3.821875279 24.188001621 0.122385064 0.007124890 0.025579674 0.222136641 0.974653902
1706081357.042568445 3.834590931 24.202370711 0.131468388 0.009149240 0.026185304 0.224314222 0.974122041
1706081357.144936323 3.856021402 24.202886476 0.171227024 0.009771391 0.026493645 0.226548473 0.973590466
1706081357.243679762 3.852173706 24.241802240 0.177490223 0.009329535 0.027037413 0.228337154 0.973161899
1706081357.342628479 3.869473517 24.246082093 0.198922378 0.008869614 0.027148592 0.230510334 0.972650641
1706081357.441219091 3.894830959 24.284611866 0.196809094 0.010075683 0.026803294 0.232376018 0.972204428
1706081357.544779778 3.924108454 24.254745295 0.186307447 0.008827937 0.027146381 0.234731943 0.971640909
1706081357.643418550 3.960262498 24.291223834 0.177025651 0.009025528 0.027179186 0.236751905 0.971147964
1706081357.742035627 3.996762980 24.303099757 0.150482924 0.008353482 0.026703732 0.238852217 0.970652743
1706081357.840666056 4.010093158 24.359810896 0.151445036 0.007408154 0.026902653 0.240591981 0.970225162
1706081357.939300060 4.031164910 24.384296347 0.232322685 0.006492451 0.026999656 0.242523613 0.969747990
1706081358.045086861 4.058690552 24.411256678 0.254955944 0.005873054 0.027007322 0.244661267 0.969214618
1706081358.144577026 4.082178887 24.419852527 0.300618784 0.005429728 0.027032179 0.246673887 0.968706237
1706081358.243691683 4.115868720 24.439156662 0.366977389 0.004790792 0.027168455 0.248735603 0.968178456
1706081358.342788219 4.131104239 24.459010327 0.345085369 0.002666982 0.026782514 0.250638299 0.967706581
