1709436657.295099497 0.068131319 0.002921931 -0.003300833 0.000218322 -0.000226973 0.000244055 0.999999921
1709436657.394908428 -0.044096715 -0.180342949 0.001479734 -0.002683831 0.000159290 0.001505941 0.999995252
1709436657.494782925 -0.064406082 -0.321510899 0.008181995 -0.001758288 0.000287969 0.001668326 0.999997021
1709436657.594491243 -0.068931016 -0.286219418 0.008866674 -0.001764895 0.000281718 0.001553693 0.999997196
1709436657.693432570 -0.046362460 -0.346193635 0.006391141 -0.002536245 0.000110837 0.002085261 0.999994603
1709436657.792375326 -0.038862533 -0.243177151 0.006390231 -0.001638291 0.000206987 0.001414061 0.999997637
1709436657.894917250 -0.035091838 -0.165413664 0.007460771 -0.001473041 0.000248601 0.001019456 0.999998365
1709436657.993590593 -0.018606532 -0.138541687 0.004701660 -0.001453742 0.000215299 0.000856291 0.999998554
1709436658.092260838 -0.027710328 -0.094286747 0.009309035 -0.000730474 0.000449362 0.000815068 0.999999300
1709436658.191006422 -0.011449928 -0.095569189 0.008031268 -0.000812252 0.000192362 0.000827376 0.999999309
1709436658.295109987 0.007272331 -0.111466429 0.004711381 -0.000889850 0.000072086 0.000665844 0.999999380
1709436658.394942284 -0.004303293 -0.114000138 0.003262822 -0.000597229 0.000137386 0.000764851 0.999999520
1709436658.494787216 -0.007234121 -0.130428321 0.002761461 -0.001274442 0.000238483 0.000866649 0.999998784
1709436658.594629526 -0.028826648 -0.100951314 0.004555307 -0.001267618 0.000309237 0.000583934 0.999998978
1709436658.694429159 -0.015932970 -0.088971661 0.004390210 -0.000777172 0.000212071 0.000638087 0.999999472
1709436658.795115471 -0.016414266 -0.094164808 0.003870194 -0.001118640 0.000208001 0.000749462 0.999999072
1709436658.894458771 -0.015615271 -0.119587993 0.001964499 -0.001512489 0.000069997 0.000925152 0.999998426
1709436658.993427038 -0.023383723 -0.108261476 0.001907269 -0.001560157 0.000126635 0.000820639 0.999998438
1709436659.092432737 -0.031828920 -0.143033515 0.005770591 -0.001277965 0.000215399 0.000780483 0.999998856
1709436659.194489479 -0.025446210 -0.150221733 0.001565238 -0.001423286 0.000028502 0.001148530 0.999998327
1709436659.293277979 -0.023320340 -0.150192346 -0.000383438 -0.001240752 -0.000014774 0.000911236 0.999998815
1709436659.392018318 -0.012929725 -0.138082339 0.000010298 -0.000936971 0.000175519 0.000910527 0.999999131
1709436659.490612984 -0.015134402 -0.152347907 0.002394758 -0.001094052 0.000237224 0.000836392 0.999999024
1709436659.594626904 -0.020149093 -0.152644309 0.004485995 -0.001075956 0.000209340 0.000817717 0.999999065
1709436659.694434166 -0.013122280 -0.185621105 0.005246815 -0.001646156 0.000135521 0.001082309 0.999998050
1709436659.795111179 -0.016526978 -0.198453099 0.003555464 -0.001576729 0.000084254 0.001259477 0.999997960
1709436659.894934416 -0.009379155 -0.191634759 0.003937915 -0.001548958 0.000373550 0.001341831 0.999997830
1709436659.994790077 0.000846546 -0.187630932 0.002175470 -0.001317878 0.000150436 0.001080138 0.999998537
1709436660.094627142 0.002366020 -0.183292420 0.002986483 -0.001288269 0.000078654 0.001056552 0.999998609
1709436660.194464445 -0.006238733 -0.158833352 0.002868794 -0.001258347 0.000154988 0.001025966 0.999998670
1709436660.293509483 -0.009467562 -0.154834218 0.002832382 -0.001442271 0.000234291 0.000968600 0.999998463
1709436660.394953966 -0.016608863 -0.134853080 0.005134081 -0.001327013 0.000254673 0.000778354 0.999998784
1709436660.494282722 -0.021453090 -0.121813382 0.002514635 -0.001311302 0.000089855 0.000717697 0.999998879
1709436660.593031168 -0.029955493 -0.137827082 0.004572209 -0.001132384 0.000365903 0.000909506 0.999998878
1709436660.691629410 -0.033385146 -0.146071778 0.002494031 -0.001479764 0.000248565 0.000957622 0.999998416
1709436660.790329933 -0.038672147 -0.158025865 0.002378200 -0.001332602 0.000301749 0.000952172 0.999998613
1709436660.894949675 -0.031896993 -0.140556310 0.002172361 -0.001276161 0.000199061 0.000945741 0.999998719
1709436660.993874311 -0.017291574 -0.148458591 0.001909580 -0.001343917 0.000198146 0.000979086 0.999998598
1709436661.092454672 -0.018048869 -0.107838608 0.004279508 -0.001178231 0.000114347 0.000719554 0.999999040
1709436661.194502592 -0.028240272 -0.107633699 0.005070903 -0.001077791 0.000284525 0.000878974 0.999998992
1709436661.295149326 -0.023989596 -0.102971522 0.003943178 -0.001200521 0.000214736 0.000967072 0.999998789
1709436661.395000219 -0.027817931 -0.087316442 0.003225772 -0.001426315 0.000260805 0.000437258 0.999998853
1709436661.494592190 -0.021161779 -0.121283935 0.001736178 -0.001256807 0.000090311 0.000939218 0.999998765
1709436661.593677282 -0.008563633 -0.142810613 0.003454386 -0.001256305 0.000237771 0.000879932 0.999998795
1709436661.694518566 -0.003777403 -0.105733475 0.006750269 -0.000904367 0.000323196 0.000494698 0.999999416
1709436661.794071198 -0.003915968 -0.115146809 0.003352504 -0.001325075 0.000136464 0.000809205 0.999998785
1709436661.892663240 -0.017878723 -0.107910321 0.003681197 -0.001008954 0.000281668 0.000644965 0.999999243
1709436661.991358757 -0.015095800 -0.119940166 0.002023724 -0.001172586 0.000204713 0.000818556 0.999998957
1709436662.090072632 -0.008402607 -0.131591544 -0.001049096 -0.001422912 0.000095753 0.000959385 0.999998523
1709436662.194930315 -0.016395702 -0.162469526 0.002339745 -0.001390532 0.000283582 0.001038387 0.999998454
1709436662.293495893 -0.014443643 -0.148654148 0.001580484 -0.001351587 0.000189221 0.001116366 0.999998446
1709436662.392083883 -0.029202218 -0.135826598 0.003505915 -0.000979646 0.000201275 0.000718727 0.999999242
1709436662.494436741 -0.031142590 -0.121796457 0.002939172 -0.001193788 0.000195890 0.000811445 0.999998939
1709436662.595076323 -0.031094443 -0.126429644 0.003191426 -0.001328756 0.000246082 0.000904384 0.999998678
1709436662.694911480 -0.021531515 -0.143310673 0.003220233 -0.001031682 0.000209399 0.000915472 0.999999027
1709436662.794762135 -0.024192414 -0.125192530 0.005032209 -0.001207477 0.000245213 0.000997940 0.999998743
1709436662.893979549 -0.025214458 -0.124343820 0.004275605 -0.001306589 0.000254053 0.000770020 0.999998818
1709436662.994444847 -0.023602795 -0.143593930 0.004711722 -0.001309992 0.000380134 0.001150802 0.999998408
1709436663.093696594 -0.020046485 -0.148067610 0.005022814 -0.001365571 0.000403560 0.000922706 0.999998560
1709436663.192433596 -0.018336912 -0.134878609 0.003135551 -0.001369392 0.000200623 0.000995251 0.999998547
1709436663.291157484 -0.018018896 -0.114421419 0.002802569 -0.001147983 0.000256507 0.000736165 0.999999037
1709436663.390023232 -0.013952345 -0.126316971 0.002830236 -0.001001024 0.000194258 0.000831482 0.999999134
1709436663.494440317 -0.016849002 -0.112905739 0.002848034 -0.001047975 0.000130469 0.000683144 0.999999209
1709436663.593112946 -0.016868836 -0.109365653 0.002548847 -0.001104670 0.000205499 0.000803031 0.999999046
1709436663.691739798 -0.011400026 -0.097719634 0.001517363 -0.001028383 0.000213969 0.000784045 0.999999141
1709436663.794781923 -0.007668037 -0.115140777 0.000187965 -0.001166411 0.000079429 0.000718191 0.999999059
1709436663.894608974 -0.005934589 -0.104513864 -0.000213287 -0.001086740 0.000100030 0.000802790 0.999999082
1709436663.994458437 0.004024197 -0.120846861 0.000120039 -0.001038555 0.000108683 0.000779479 0.999999151
1709436664.095111132 -0.012276232 -0.117018504 0.002004795 -0.000947825 0.000265004 0.000621312 0.999999323
1709436664.194966555 -0.016565064 -0.134471312 0.002934245 -0.000970636 0.000179627 0.001026699 0.999998986
1709436664.294774294 -0.023751965 -0.129693111 0.004075483 -0.001257278 0.000298854 0.000850037 0.999998804
1709436664.393471479 -0.022819238 -0.160184828 0.003964335 -0.001478723 0.000217565 0.001287727 0.999998054
1709436664.492203474 -0.017322309 -0.145356184 0.003494314 -0.001752654 0.000293431 0.001087438 0.999997830
1709436664.590997219 -0.019603417 -0.146135803 0.003944266 -0.001283504 0.000239391 0.001012018 0.999998636
1709436664.694968224 -0.020229097 -0.144557298 0.004243087 -0.001201605 0.000245525 0.000961653 0.999998786
1709436664.794143677 -0.029964932 -0.158850277 0.004335926 -0.001144263 0.000271474 0.001019559 0.999998789
1709436664.892767906 -0.022799112 -0.154766288 0.002890255 -0.001114609 0.000247099 0.001129054 0.999998711
1709436664.991440773 -0.027815956 -0.176437251 0.002812342 -0.001383938 0.000240225 0.001254403 0.999998227
1709436665.094742060 -0.020594017 -0.167478607 0.002519544 -0.001275219 0.000325724 0.001095972 0.999998533
1709436665.194525003 -0.022965774 -0.168604217 0.003424085 -0.001433622 0.000190527 0.001010744 0.999998443
1709436665.292874098 -0.015680152 -0.177738888 0.001962915 -0.001281683 0.000116017 0.001022843 0.999998649
1709436665.395076275 -0.012927972 -0.161525758 0.003645829 -0.001145924 0.000315646 0.001073854 0.999998717
1709436665.494928598 -0.021526555 -0.171175641 0.004601647 -0.001564478 0.000276304 0.001150257 0.999998076
1709436665.594639301 -0.007238700 -0.176606085 0.004459888 -0.001176649 0.000277485 0.001050341 0.999998718
1709436665.693241358 -0.005917655 -0.157692322 0.004774829 -0.001371695 0.000233164 0.001003176 0.999998529
1709436665.792036772 -0.000844683 -0.138090302 0.003814245 -0.001293265 0.000212132 0.000732662 0.999998873
1709436665.891340256 0.008769370 -0.138883601 -0.000916145 -0.001281108 0.000031147 0.000982205 0.999998697
1709436665.994919777 0.009327970 -0.140769022 -0.002083305 -0.001250170 0.000111580 0.000889742 0.999998816
1709436666.093812943 0.002802290 -0.154650602 -0.000405118 -0.001353357 0.000132093 0.000890611 0.999998679
1709436666.192481041 -0.008715603 -0.175048404 0.000321333 -0.001169427 0.000139210 0.001090192 0.999998712
1709436666.291118383 -0.012528127 -0.175768876 0.002987974 -0.001068663 0.000318626 0.000985941 0.999998892
1709436666.395099640 -0.019400918 -0.173054924 0.004198512 -0.001118832 0.000241366 0.000989699 0.999998855
1709436666.493916750 -0.021666113 -0.190841877 0.004053882 -0.001275695 0.000251764 0.001263892 0.999998356
1709436666.592387915 -0.024003117 -0.181051224 0.004975883 -0.001555859 0.000258586 0.001197653 0.999998039
1709436666.694644928 -0.030031016 -0.171690030 0.004179928 -0.001386868 0.000321609 0.001077101 0.999998407
1709436666.794490099 -0.022856801 -0.149992578 0.005974140 -0.001103818 0.000399660 0.000771564 0.999999013
1709436666.894318581 -0.005776129 -0.152124463 0.003269157 -0.001309769 0.000229977 0.001032632 0.999998583
1709436666.993791580 0.010197346 -0.163670588 0.000879430 -0.001282335 0.000089029 0.000992652 0.999998681
1709436667.092360735 0.005293859 -0.161271416 -0.000589726 -0.001403801 0.000047037 0.001051489 0.999998461
1709436667.190992355 0.003235833 -0.159929749 0.000077773 -0.001121277 0.000087976 0.000837532 0.999999017
1709436667.294478416 -0.004032392 -0.154965198 0.002305577 -0.001119643 0.000005222 0.000947895 0.999998924
1709436667.393507719 -0.015215684 -0.154598695 0.004252860 -0.001448445 0.000304140 0.000822821 0.999998566
1709436667.492172003 -0.012268787 -0.152465778 0.003367174 -0.001531837 0.000945281 0.001647480 0.999997023
1709436667.590868473 -0.010247834 -0.138933882 0.003165242 -0.001659181 0.000513855 0.000452678 0.999998389
1709436667.694641113 0.019473296 -0.138274984 0.002571178 -0.001067183 0.000875599 -0.000053227 0.999999046
1709436667.793437481 0.052561531 -0.134535742 0.003265134 -0.000655042 0.001685246 -0.001229241 0.999997610
1709436667.895123243 0.092978965 -0.134150685 0.009733259 -0.003799184 0.003304246 -0.002944043 0.999982990
1709436667.994972229 0.149816915 -0.140659821 0.015532603 -0.008666631 0.005618526 -0.005287989 0.999932677
1709436668.094810724 0.204520740 -0.149372568 0.018343012 -0.010502976 0.004507139 -0.007170974 0.999908971
1709436668.194493055 0.268376127 -0.140997100 0.019954793 -0.011955723 0.008699591 -0.014710829 0.999782461
1709436668.293637276 0.336920640 -0.143791783 0.024727311 -0.014122205 0.007004805 -0.024538540 0.999574588
1709436668.392260313 0.433143428 -0.175851149 0.022492761 -0.012660784 0.006890734 -0.035154474 0.999277932
1709436668.494963408 0.530997150 -0.221075956 0.016207242 -0.000572696 0.009149471 -0.045847980 0.998906363
1709436668.594544888 0.618842918 -0.270452137 0.016253703 0.003224947 0.003107174 -0.060304036 0.998170010
1709436668.693168879 0.723518935 -0.275436421 0.022568179 0.004730258 0.008984736 -0.077418516 0.996946976
1709436668.791869402 0.832805674 -0.315587336 0.026027521 0.004501059 0.007056333 -0.096935322 0.995255491
1709436668.894747972 0.955783906 -0.344682774 0.034866003 -0.000421004 0.006893290 -0.119702583 0.992785776
1709436668.994584322 1.098904206 -0.371591496 0.030512531 -0.008811757 0.020020246 -0.139433457 0.989989825
1709436669.093280554 1.233055086 -0.407036878 0.025201698 -0.007547605 0.026066087 -0.158987759 0.986907536
1709436669.195061922 1.360346048 -0.468135602 0.019194507 0.001647968 0.031460235 -0.180819186 0.983011678
1709436669.294909239 1.487377786 -0.561226362 0.023510234 0.007441739 0.037899595 -0.200591837 0.978913253
1709436669.394720793 1.595023342 -0.641933426 0.025246148 0.007551869 0.028865754 -0.219477298 0.975161245
1709436669.494516850 1.694309959 -0.696347087 0.019193677 0.012727172 0.024886382 -0.232434829 0.972210233
1709436669.593476772 1.760721951 -0.756749688 0.016426534 0.023490173 0.018452048 -0.237377051 0.970958222
1709436669.692095280 1.779922672 -0.798476712 0.002651141 0.030977065 -0.003574000 -0.238239636 0.970705683
1709436669.794468403 1.830818817 -0.845989967 -0.006779948 0.043885117 0.002963147 -0.236950631 0.970525484
1709436669.894162178 1.855394327 -0.897745539 -0.003958184 0.041232605 -0.001246732 -0.233706860 0.971431635
1709436669.992856264 1.906065551 -0.892376702 0.002025816 0.032041273 -0.000119027 -0.234226169 0.971653974
1709436670.091573715 1.939363188 -0.904030037 0.003746744 0.027912439 -0.001259555 -0.234288449 0.971765523
1709436670.194631338 1.962019934 -0.975997604 0.007430243 0.028640092 -0.002958613 -0.233558606 0.971916339
1709436670.294104099 1.999625288 -0.999045820 0.008868019 0.028152331 -0.006606301 -0.234531232 0.971678396
1709436670.392698050 2.044205891 -1.020275117 0.014354550 0.021493210 -0.007595599 -0.237958162 0.971007859
1709436670.491304159 2.091764419 -1.041870336 0.024247036 0.005106937 -0.008578970 -0.241758695 0.970285037
1709436670.594741344 2.175985393 -1.057381104 0.036861421 -0.004735702 0.001302389 -0.238203569 0.971202830
1709436670.694590330 2.240441850 -1.081405425 0.038235867 0.006762004 -0.000429742 -0.241055527 0.970487673
1709436670.794307947 2.327343581 -1.101178440 0.036030519 0.009528392 -0.002870908 -0.242372747 0.970132166
1709436670.893446922 2.413696630 -1.135562521 0.045251761 0.000534038 0.002405151 -0.245438914 0.969408928
1709436670.992454767 2.520341952 -1.168795044 0.036330159 0.003312062 0.005107462 -0.238220280 0.971192073
1709436671.094746351 2.604866096 -1.256446953 0.033934991 0.020877868 0.012326068 -0.238621504 0.970809951
1709436671.193860531 2.702180526 -1.313010541 0.034325210 0.024281075 0.009872517 -0.236382618 0.971306450
1709436671.292527437 2.813598860 -1.364539696 0.036832644 0.019353046 0.019148932 -0.239807990 0.970438512
1709436671.391339540 2.927117394 -1.374707195 0.041394602 0.003306029 0.016020083 -0.238520284 0.970999743
1709436671.494490623 3.048767293 -1.429150968 0.043782126 0.005968362 0.023376005 -0.236856442 0.971245060
1709436671.593873262 3.137036964 -1.485795094 0.039617238 0.014157429 0.013779277 -0.235699179 0.971625234
1709436671.692571163 3.237179942 -1.537332414 0.031102095 0.024990974 0.022085588 -0.237205253 0.970886886
1709436671.791192293 3.315524473 -1.600603509 0.033379816 0.022703765 0.019395420 -0.238015397 0.970802260
1709436671.894673824 3.381918949 -1.642994776 0.039833033 0.019302828 0.025711291 -0.237905188 0.970756124
1709436671.994507313 3.469260145 -1.676382960 0.038534692 0.019770816 0.021108339 -0.238786682 0.970641269
1709436672.094576120 3.543185773 -1.714248454 0.039174607 0.018326413 0.017346930 -0.235921754 0.971444364
1709436672.193643093 3.616976750 -1.761103922 0.041813537 0.015378851 0.017778570 -0.235556126 0.971576412
1709436672.292689800 3.688661407 -1.787531114 0.038939849 0.010854262 0.012872257 -0.235021875 0.971844230
1709436672.394680262 3.781203302 -1.835632233 0.037397437 0.010034844 0.009983798 -0.232551312 0.972481112
1709436672.493701220 3.856760399 -1.886985533 0.030444339 0.017109921 0.001106376 -0.233089102 0.972304220
1709436672.592480898 3.940092628 -1.976751919 0.037080599 0.019364595 -0.003249060 -0.234693771 0.971871025
1709436672.691197872 4.039633573 -2.033592634 0.040090735 0.012635391 0.007841472 -0.240243163 0.970598826
1709436672.794457197 4.157643706 -2.079202312 0.048379355 0.000257637 0.016078550 -0.243443423 0.969781787
1709436672.893532515 4.265181828 -2.123613329 0.057710681 -0.004314916 0.019880991 -0.243636446 0.969653242
1709436672.992246628 4.379998094 -2.200557319 0.051404862 0.007662027 0.027891899 -0.238776714 0.970643609
1709436673.090917349 4.486965845 -2.258322005 0.044592938 0.022882170 0.028638691 -0.240962436 0.969841913
1709436673.194638491 4.584325358 -2.322742210 0.037110208 0.030212568 0.025851686 -0.242510196 0.969333635
1709436673.294486761 4.695091503 -2.392183331 0.033461835 0.030764385 0.032574944 -0.245658141 0.968320455
1709436673.394791365 4.792447009 -2.465248182 0.035449387 0.021327746 0.026068729 -0.245545007 0.968799875
1709436673.493747473 4.881324150 -2.499366519 0.032476431 0.017646472 0.011933641 -0.247692834 0.968604383
1709436673.594779730 4.976616153 -2.542974768 0.026474532 0.023322350 0.018688999 -0.248214479 0.968243958
1709436673.694591284 5.078143749 -2.593692750 0.023846160 0.022715318 0.012560355 -0.251064074 0.967622386
1709436673.793345928 5.170215786 -2.661624472 0.027854774 0.021608172 0.011141257 -0.254090132 0.966874948
1709436673.892149687 5.267659370 -2.705826524 0.030394312 0.020994926 0.011800441 -0.259146667 0.965537657
1709436673.994979858 5.347387619 -2.752109079 0.038393806 0.018404678 0.005754810 -0.260239893 0.965351412
1709436674.094398022 5.432959898 -2.794117928 0.047976121 0.012381533 -0.005687487 -0.260570634 0.965358635
1709436674.193025351 5.525033343 -2.825308272 0.045917445 0.013163232 -0.013788060 -0.260691664 0.965233897
1709436674.291530848 5.584206495 -2.904259594 0.047952629 0.017451477 -0.026639659 -0.261710240 0.964620923
1709436674.390125036 5.664602964 -2.965233383 0.047371334 0.024302723 -0.035430327 -0.267868607 0.962497002
1709436674.494882345 5.757688911 -3.045530964 0.053707263 0.013585503 -0.018722188 -0.285483458 0.958104435
1709436674.594796181 5.855554768 -3.068869573 0.066073414 -0.005050980 -0.010715244 -0.302473307 0.953084241
1709436674.694614887 5.934136766 -3.131510520 0.083863299 -0.017748257 0.008494429 -0.313663158 0.949330431
1709436674.794126034 6.007833122 -3.198972417 0.094442392 -0.009788782 0.015018001 -0.325163918 0.945487739
1709436674.895120144 6.071996206 -3.277054372 0.093691634 0.004587916 0.010493282 -0.330826713 0.943622026
1709436674.994507551 6.151186777 -3.359032303 0.091038117 0.008491148 0.005964662 -0.341591380 0.939791281
1709436675.093345165 6.214241022 -3.438598137 0.093409919 0.007144983 0.002917119 -0.351034798 0.936330609
1709436675.192134857 6.299091888 -3.516038368 0.094932635 0.008359403 0.009557143 -0.358523694 0.933434273
1709436675.291007996 6.392373906 -3.569468702 0.100620529 0.013503349 0.011599329 -0.367928505 0.929683672
1709436675.394249201 6.489601886 -3.703632097 0.092450463 0.010060193 0.017069233 -0.376110449 0.926362976
1709436675.492807627 6.584251425 -3.790659866 0.086498226 0.011235803 0.016451814 -0.385484881 0.922499052
1709436675.591512442 6.667114611 -3.900148008 0.084864606 0.017490278 0.022947523 -0.393669755 0.918799012
1709436675.690117836 6.733568673 -4.001183699 0.085746626 0.016337127 0.014859433 -0.405923633 0.913640137
1709436675.794498444 6.807247213 -4.106750555 0.086972533 0.014253950 0.017489951 -0.417482650 0.908404735
1709436675.895148754 6.892473107 -4.137972965 0.090995437 0.010915877 0.020953417 -0.428350976 0.903303514
1709436675.994989872 6.990094337 -4.210508897 0.093086327 0.004938495 0.016399040 -0.436606392 0.899489600
1709436676.094820738 7.031066217 -4.303346200 0.094157087 0.005669110 0.018796308 -0.442596786 0.896505798
1709436676.194669724 7.114422267 -4.386423609 0.092172160 0.010984269 0.016969707 -0.450508396 0.892543310
1709436676.294247866 7.195326565 -4.462852443 0.091349688 0.015442262 0.016344329 -0.457155318 0.889102589
1709436676.393190384 7.235058744 -4.546954995 0.098190403 0.008616083 0.010684411 -0.467483192 0.883895396
1709436676.492139101 7.289345222 -4.653272990 0.103663141 0.006563475 0.010636629 -0.476693885 0.878980502
1709436676.594448328 7.321866191 -4.782365602 0.093511636 0.016277949 0.010083857 -0.485296526 0.874139935
1709436676.693747520 7.357833997 -4.901793279 0.089031885 0.020193078 0.001705987 -0.494462561 0.868962660
1709436676.792446136 7.389263181 -4.978287473 0.089478511 0.021288173 0.005814241 -0.500405052 0.865510134
1709436676.891155243 7.473359463 -5.097205580 0.092010738 0.022942787 0.012879118 -0.502102336 0.864407890
1709436676.989794731 7.480042725 -5.231224861 0.077901018 0.035454532 0.002906480 -0.500225443 0.865164166
1709436677.094442129 7.518514148 -5.349005839 0.064984296 0.055335453 -0.010895346 -0.500002105 0.864185845
1709436677.195074320 7.587795468 -5.449720944 0.059645664 0.064510932 0.001080031 -0.503033612 0.861855184
1709436677.294895172 7.645851295 -5.541794459 0.073980098 0.051715982 -0.003088795 -0.503897726 0.862208210
1709436677.394733667 7.683961613 -5.610043428 0.087421985 0.028524346 -0.008677293 -0.509224111 0.860117359
1709436677.494583607 7.755802892 -5.676493989 0.099784109 0.024593907 -0.015070020 -0.510783252 0.859225525
1709436677.594421864 7.789053507 -5.783990680 0.106792858 0.018665288 -0.034222133 -0.514278135 0.856737096
1709436677.693360090 7.839242805 -5.873710537 0.096481052 0.018158070 -0.041233120 -0.518663526 0.853790526
1709436677.792221785 7.926972240 -5.965862563 0.107474910 0.021009157 -0.030158186 -0.526313061 0.849496122
1709436677.894619465 7.997244037 -6.058921118 0.127213489 0.015032562 -0.024370632 -0.527831764 0.848866140
1709436677.993330240 8.028288276 -6.166543146 0.127100910 0.014986489 -0.018049374 -0.535321970 0.844322222
1709436678.092043161 8.085427639 -6.267773477 0.140807247 0.013662567 -0.006189364 -0.539362063 0.841940372
1709436678.190660477 8.122461446 -6.363379160 0.146221015 0.009386799 -0.008130569 -0.541521832 0.840594960
1709436678.289382696 8.150501887 -6.470481892 0.151806036 0.008049936 -0.003773013 -0.548297047 0.836236397
1709436678.394492865 8.198872492 -6.588680277 0.158894214 0.011355780 0.008925273 -0.550161297 0.834933490
1709436678.492894650 8.234029575 -6.732460142 0.151791044 0.023130839 0.007342519 -0.551599310 0.833756111
1709436678.594762802 8.262320872 -6.854053058 0.149919292 0.037497724 0.006108733 -0.555841193 0.830419877
1709436678.694607258 8.294581177 -6.963313355 0.145687613 0.032775175 -0.000412453 -0.560856527 0.827263908
1709436678.794449329 8.313221897 -7.056349785 0.145326641 0.028718440 0.004254412 -0.569872122 0.821220382
1709436678.894145012 8.365619570 -7.173349290 0.147284630 0.023385909 0.013534833 -0.575004250 0.817704115
1709436678.993173599 8.404856530 -7.298938717 0.150607122 0.019177054 0.013268202 -0.579515340 0.814627624
1709436679.092108250 8.434488714 -7.407481774 0.143218421 0.025255832 0.013623221 -0.580342490 0.813866786
1709436679.194583178 8.501474951 -7.516649881 0.154091416 0.028524576 0.008927555 -0.580719549 0.813554825
1709436679.293279171 8.539722780 -7.622404127 0.149892907 0.031838414 -0.005061521 -0.581825276 0.812674624
1709436679.391771317 8.573448824 -7.744263577 0.147589464 0.030643608 -0.013610486 -0.580097924 0.813856328
1709436679.490454435 8.632679376 -7.845776711 0.159656234 0.027991638 -0.010677389 -0.580706902 0.813561279
1709436679.594755411 8.675666369 -7.949435464 0.159478692 0.019054828 -0.008009872 -0.581467845 0.813306769
1709436679.694102049 8.704200003 -8.074725546 0.168432251 0.016767149 -0.008145144 -0.579738603 0.814589266
1709436679.792646885 8.743132611 -8.196522672 0.171426495 0.017419283 -0.008715329 -0.578863967 0.815191462
1709436679.895070553 8.775766781 -8.315548671 0.173718407 0.009615844 -0.005390326 -0.580507524 0.814180259
1709436679.994926453 8.833697449 -8.448957360 0.179190103 0.006825068 -0.001218255 -0.581738786 0.813346125
1709436680.094758511 8.873614948 -8.561046985 0.185245496 0.010088451 -0.003963420 -0.580550690 0.814151958
1709436680.194381714 8.922961708 -8.673834811 0.193667721 0.013685420 -0.003551794 -0.583166703 0.812229457
1709436680.293349028 8.976847858 -8.786161601 0.196715478 0.012236684 0.009655244 -0.584451134 0.811279183
1709436680.395109892 9.011107766 -8.918446183 0.191161456 0.018929822 0.023697479 -0.583960522 0.811215261
1709436680.494410038 9.065288541 -9.041882319 0.185996216 0.033479895 0.024129181 -0.584572228 0.810291423
1709436680.593068361 9.095232739 -9.153919147 0.181445329 0.038455124 0.019792503 -0.583666714 0.810840692
1709436680.691801786 9.114561238 -9.261079365 0.180508295 0.041259032 0.020835362 -0.585007438 0.809709749
1709436680.790409803 9.113962397 -9.342841007 0.185558950 0.029979786 0.013258826 -0.586081862 0.809588456
1709436680.895057201 9.117005632 -9.405169591 0.183327879 0.017667450 -0.004895602 -0.585335705 0.810583745
1709436680.993650675 9.127251214 -9.498224926 0.185686891 0.016939685 -0.008367417 -0.585699104 0.810308332
1709436681.092305183 9.116132453 -9.563132506 0.192121668 0.012123352 -0.017608026 -0.587465069 0.808967103
1709436681.194652557 9.127674840 -9.646480402 0.192377125 0.010021252 -0.014310643 -0.587519473 0.809021415
1709436681.294496775 9.147991951 -9.714606952 0.193044360 0.006227371 -0.021432522 -0.588440386 0.808232503
1709436681.395128250 9.175391816 -9.796797483 0.203491618 0.011777724 -0.018286882 -0.588355263 0.808309941
1709436681.494455576 9.232776889 -9.888328790 0.200103624 0.016778856 -0.010690890 -0.591115950 0.806341186
1709436681.593577623 9.267634918 -9.991922714 0.210929614 0.010865640 -0.002070247 -0.589743191 0.807515090
1709436681.694634914 9.324160971 -10.097748947 0.210328374 0.018040996 -0.000529739 -0.588727643 0.808129943
1709436681.794022322 9.376029320 -10.204848489 0.217914571 0.025400367 0.006046620 -0.589272323 0.807512470
1709436681.892771244 9.419603287 -10.305417173 0.221329011 0.028962760 0.004091782 -0.587039250 0.809029872
1709436681.991292000 9.440670200 -10.405939694 0.216972200 0.031172040 -0.004889575 -0.588320333 0.808012117
1709436682.089913368 9.479518426 -10.505632678 0.221228023 0.018784087 -0.007240800 -0.591128659 0.806326012
1709436682.194656134 9.522466291 -10.596317423 0.223598854 0.009380121 -0.007553603 -0.591867565 0.805945247
1709436682.293315172 9.538825136 -10.702450482 0.223275573 0.007102303 -0.010901074 -0.591368596 0.806296414
1709436682.391909838 9.547863123 -10.791587117 0.229307473 0.010019164 -0.011058352 -0.591311515 0.806305166
1709436682.494968653 9.553788287 -10.885745523 0.227828748 0.012145347 -0.006594985 -0.590531778 0.806896038
1709436682.594818592 9.580359997 -10.989802019 0.233810568 0.017081227 -0.006114460 -0.590189350 0.807060950
1709436682.694658279 9.621379049 -11.069325446 0.245270730 0.021329149 -0.000400995 -0.591547176 0.805988117
1709436682.794512987 9.640851447 -11.151093085 0.252331015 0.023130854 -0.011339285 -0.591830327 0.805650823
1709436682.893708706 9.653786478 -11.244460259 0.249718952 0.023865298 -0.005545255 -0.595508614 0.802975211
1709436682.994595528 9.685284298 -11.336349924 0.246551525 0.018029158 -0.004212981 -0.597177563 0.801895354
1709436683.093675613 9.716767245 -11.419468726 0.247590637 0.008232748 -0.001836768 -0.599920131 0.800015428
1709436683.192333698 9.749296419 -11.519973295 0.254496786 0.008155869 -0.000571917 -0.596570971 0.802518680
1709436683.290957212 9.767286537 -11.624261014 0.261064406 0.015263329 -0.007092057 -0.594391903 0.803999378
1709436683.394748211 9.776383265 -11.753244726 0.244383081 0.029900407 -0.002278532 -0.592178224 0.805248859
1709436683.494161129 9.820334534 -11.852826274 0.241164915 0.029829816 0.004553616 -0.589372981 0.807297303
1709436683.592809916 9.838516620 -11.963631875 0.250166066 0.024880808 0.004595692 -0.587656614 0.808714739
1709436683.691463947 9.854925949 -12.055347875 0.256784830 0.027191387 -0.000480902 -0.585243574 0.810401355
1709436683.794889688 9.884179984 -12.145535738 0.256419429 0.028911734 0.003444975 -0.585801654 0.809931272
1709436683.894730330 9.927939908 -12.245727151 0.253956796 0.028863268 0.012618245 -0.586049112 0.809662973
1709436683.994554281 9.944968816 -12.333631871 0.249670706 0.027063033 0.004663543 -0.586838847 0.809237920
1709436684.094722986 9.991303706 -12.412705631 0.254250989 0.021471154 0.007045908 -0.589097103 0.807746215
1709436684.194647312 10.017463375 -12.489363807 0.262098871 0.020029172 0.011637424 -0.587185818 0.809120645
1709436684.294462681 10.022735467 -12.581233081 0.247562435 0.029430296 0.007825845 -0.588670781 0.807799062
1709436684.393443346 10.066541300 -12.657187712 0.255024908 0.025991596 0.005117323 -0.589521680 0.807318053
1709436684.492077112 10.102895931 -12.731669437 0.260516124 0.015884507 -0.002082012 -0.589151583 0.807863701
1709436684.590882301 10.116515338 -12.833131323 0.260013945 0.018017848 -0.008197661 -0.587727167 0.808816996
1709436684.694606781 10.145761513 -12.926196756 0.262464052 0.015688690 -0.011734833 -0.583465835 0.811901336
1709436684.793979883 10.175700548 -13.010553790 0.269162251 0.012101646 -0.007344723 -0.577593473 0.816201804
1709436684.892637014 10.194783418 -13.097477131 0.267846621 0.018423530 -0.018354414 -0.574205135 0.818298327
1709436684.991249323 10.224819962 -13.183785414 0.265442818 0.021666057 -0.018304811 -0.573897906 0.818435526
1709436685.094772816 10.268030035 -13.255217131 0.273952671 0.011271963 -0.021632007 -0.571838615 0.820003413
1709436685.194601059 10.293791161 -13.341197788 0.275402633 0.017076205 -0.017012813 -0.572299595 0.819690271
1709436685.293287754 10.330324259 -13.424723133 0.278932924 0.020787485 -0.009864632 -0.573117588 0.819150047
1709436685.395080566 10.385788148 -13.511202682 0.291879943 0.011150027 -0.004177969 -0.573980264 0.818782558
1709436685.494910717 10.453320787 -13.605278823 0.295653322 0.009608231 -0.005048177 -0.573060094 0.819441473
1709436685.594473839 10.484996037 -13.702630714 0.303390190 0.010659280 0.001053759 -0.575443665 0.817771275
1709436685.693272114 10.523283204 -13.800496583 0.302395569 0.013750082 0.007321742 -0.573062936 0.819363289
1709436685.791950703 10.538309948 -13.905356470 0.301738609 0.017199546 -0.003324525 -0.572315673 0.819846262
1709436685.890974760 10.556488986 -14.004187441 0.306578797 0.015189250 -0.003483203 -0.574056070 0.818667687
1709436685.994917631 10.590590534 -14.098721699 0.304998042 0.019938281 -0.001166469 -0.574719987 0.818106375
1709436686.093587875 10.615262412 -14.204648969 0.304942982 0.016978216 -0.001366773 -0.574424980 0.818379994
1709436686.192184687 10.654146357 -14.297567610 0.298689760 0.018431453 0.003106217 -0.574915360 0.817999366
1709436686.290887594 10.680707047 -14.386010797 0.303306416 0.017907216 -0.001658772 -0.573640618 0.818909654
1709436686.394990444 10.727206150 -14.484252395 0.310554711 0.023686100 -0.000846317 -0.574441845 0.818202187
1709436686.494426727 10.749392764 -14.569013529 0.306339118 0.027592477 -0.001383917 -0.573024107 0.819072715
1709436686.594789267 10.760497093 -14.678747092 0.308715977 0.032308473 -0.002666948 -0.572788437 0.819061937
1709436686.694622755 10.798250073 -14.767357335 0.310381231 0.027960343 0.004604444 -0.573454551 0.818747150
1709436686.794454336 10.828703337 -14.869686302 0.311722563 0.021834172 0.005088684 -0.572952888 0.819281613
1709436686.894426584 10.865296346 -14.965893203 0.311705338 0.022860970 0.008714667 -0.573126408 0.819101674
1709436686.993157387 10.896083042 -15.056177288 0.317361407 0.023044305 0.005697744 -0.571328952 0.820377794
1709436687.092174768 10.906020264 -15.143886955 0.314605097 0.030942928 0.002180216 -0.572154866 0.819558778
1709436687.191187382 10.932976679 -15.244790361 0.308836985 0.027325059 0.010426480 -0.573776850 0.818489314
1709436687.294422388 10.984954706 -15.341589873 0.313055813 0.016045225 0.017477837 -0.577024219 0.816382341
1709436687.393105507 11.027815789 -15.446195128 0.312580299 0.017236635 0.025695787 -0.576629788 0.816419446
1709436687.491785049 11.066005117 -15.546749837 0.307581884 0.014931603 0.024708775 -0.578007500 0.815520603
1709436687.590472221 11.090969700 -15.672306477 0.314496481 0.021294077 0.021314977 -0.575335131 0.817362662
1709436687.694558859 11.125823809 -15.765906262 0.312466279 0.015080691 0.013479920 -0.576248898 0.817023912
1709436687.793705225 11.168075180 -15.868780360 0.313478994 0.015813031 0.008573246 -0.574208464 0.818511507
1709436687.892073870 11.209870008 -15.955622016 0.312400210 0.016767236 0.003529740 -0.570065942 0.821420247
1709436687.994495153 11.251925850 -16.032402097 0.320683499 0.014320232 0.011202242 -0.569362025 0.821885834
1709436688.094746351 11.299128438 -16.111787884 0.325785199 0.010550901 0.009547769 -0.567920603 0.822960331
1709436688.194327831 11.359811607 -16.217698296 0.323465925 0.008243956 0.007858698 -0.563601938 0.825967998
1709436688.293247461 11.392340305 -16.327991571 0.315873463 0.016355458 0.005707567 -0.558602577 0.829254535
1709436688.392119408 11.464377180 -16.439991015 0.316499499 0.014511134 0.008019424 -0.555569336 0.831304895
1709436688.494929790 11.504577472 -16.561756625 0.313091227 0.015082352 0.012782426 -0.554991624 0.831620965
1709436688.594240665 11.545266634 -16.662561523 0.324639322 0.008028550 0.011007545 -0.555245665 0.831574788
1709436688.692954302 11.569525040 -16.763692745 0.326605611 0.005318233 0.010966970 -0.554889822 0.831834555
1709436688.791667223 11.595624515 -16.864842162 0.331193116 0.002844740 0.006140757 -0.556458500 0.830847842
1709436688.895066738 11.628664716 -16.975323576 0.326682665 0.007926437 0.011022331 -0.554953942 0.831770282
1709436688.994669676 11.662109833 -17.093995466 0.327653870 0.008598231 0.002656570 -0.556524871 0.830782211
1709436689.093052387 11.697416179 -17.204576852 0.327597355 0.012357587 0.009333742 -0.554923880 0.831756971
1709436689.191647291 11.748150048 -17.294400819 0.335552201 0.006533365 0.011174152 -0.557394020 0.830147192
1709436689.294455290 11.786413381 -17.377143420 0.339750218 0.003055024 0.008512193 -0.553697168 0.832668995
1709436689.395086527 11.836930584 -17.474649521 0.339648847 0.005945028 0.002527849 -0.552643205 0.833392917
1709436689.494129181 11.889449553 -17.564814878 0.348050280 0.003730615 -0.002677387 -0.553096495 0.833104544
1709436689.592904091 11.933443655 -17.645358790 0.352952059 0.000325827 -0.009467283 -0.551195666 0.834322241
1709436689.692116022 11.970216626 -17.711770300 0.367253482 -0.008527689 -0.019781233 -0.552465434 0.833257419
1709436689.791154385 12.017452828 -17.801333780 0.363293344 -0.014375574 -0.015053092 -0.553003096 0.832919157
1709436689.894293547 12.058403872 -17.885698970 0.370064865 -0.018871010 -0.018703664 -0.553241540 0.832597055
1709436689.993028879 12.119508135 -17.963389862 0.385809540 -0.023573341 -0.016646899 -0.552776225 0.832829889
1709436690.091713428 12.164452515 -18.066511567 0.391440296 -0.025577372 -0.007098352 -0.555727033 0.830940958
1709436690.194588423 12.215430886 -18.190019507 0.401391673 -0.014447749 0.002120757 -0.552647529 0.833287150
1709436690.293918371 12.256934606 -18.318451931 0.403026735 -0.007584963 0.000515473 -0.553116326 0.833069345
1709436690.392548800 12.302814835 -18.428024101 0.407296827 -0.009113096 0.001464886 -0.554496863 0.832134626
1709436690.491109848 12.364590846 -18.542739543 0.417060368 -0.011656343 0.010201453 -0.554677434 0.831921273
1709436690.594708681 12.403344020 -18.655712640 0.414246272 -0.007603792 0.009457406 -0.551741467 0.833926911
1709436690.694576025 12.438564158 -18.761339327 0.416901105 0.002872912 0.010836467 -0.551710694 0.833960208
1709436690.794414043 12.465760230 -18.872414939 0.422407725 -0.000878716 0.011229916 -0.555588405 0.831381165
1709436690.893566370 12.519452479 -18.984973492 0.428375268 -0.000377024 0.021858289 -0.556880971 0.830304557
1709436690.992804289 12.561862657 -19.099385943 0.431498702 -0.000415946 0.024371687 -0.558730658 0.828990892
1709436691.094764471 12.599523427 -19.200115045 0.425448453 -0.001527003 0.023918943 -0.559415607 0.828540724
1709436691.193738461 12.633190812 -19.301877125 0.423192649 0.001366133 0.021522785 -0.558994360 0.828890951
1709436691.292461157 12.643377468 -19.409595530 0.418616207 0.006119057 0.020056163 -0.561279134 0.827360889
1709436691.391214132 12.646540445 -19.508226602 0.417151986 0.009697216 0.015194351 -0.560093808 0.828233072
1709436691.494908810 12.665272476 -19.619159039 0.420968402 0.005455090 0.010636720 -0.564633775 0.825254992
1709436691.593689203 12.690238497 -19.715579279 0.420969098 0.003555286 0.009978483 -0.564486420 0.825374383
1709436691.692297459 12.716565568 -19.806030573 0.424549146 0.005465920 0.006200875 -0.562877591 0.826498936
1709436691.790932894 12.764009995 -19.901279679 0.423505635 0.012079347 0.004259630 -0.562246048 0.826870804
1709436691.894626379 12.802596305 -20.008676043 0.421274131 0.018441585 -0.005655695 -0.562286061 0.826717791
1709436691.994470835 12.846202203 -20.107496213 0.421916108 0.018826622 0.000949179 -0.562572021 0.826533350
1709436692.094545603 12.923700892 -20.214600083 0.422747335 0.015364839 -0.003144571 -0.563260762 0.826130345
1709436692.193578243 12.983660131 -20.329829294 0.430778922 0.016952702 0.009231746 -0.565184154 0.824738899
1709436692.292696476 13.026227522 -20.425802373 0.435168839 0.011839734 0.007837824 -0.563482686 0.826005843
1709436692.394618511 13.071976651 -20.527230103 0.435691466 0.015391903 0.010511176 -0.562033088 0.826904718
1709436692.493541956 13.104152179 -20.626475790 0.440260124 0.013892242 0.000945906 -0.563660684 0.825889063
1709436692.592252731 13.146645793 -20.741570114 0.437163564 0.018633311 0.005603026 -0.562379148 0.826650531
1709436692.691090345 13.197121066 -20.840611968 0.439147418 0.013530275 0.006560281 -0.563031588 0.826298569
1709436692.794710159 13.235642309 -20.936735267 0.444617843 0.004108456 0.005087835 -0.564713122 0.825261367
1709436692.893346548 13.261989039 -21.034276851 0.439826696 0.008764353 0.005971715 -0.563536379 0.826023168
1709436692.991997004 13.291886720 -21.150347799 0.444990247 0.011682596 0.006894284 -0.562613703 0.826608618
1709436693.090508699 13.338527675 -21.234351490 0.441237212 0.010458835 0.002514829 -0.563809458 0.825834840
1709436693.194960117 13.380884544 -21.339228596 0.442747810 0.004377866 0.008826871 -0.566551425 0.823967477
1709436693.294790506 13.436940200 -21.452538706 0.455513223 0.003085040 0.011975074 -0.564650892 0.825237209
1709436693.394597769 13.479829884 -21.564739503 0.457295943 0.001033468 0.000820018 -0.564958882 0.825118005
1709436693.493745804 13.512160190 -21.692794098 0.455088900 0.007274832 0.005466554 -0.564481989 0.825395225
1709436693.595077038 13.571984654 -21.811257639 0.461877010 0.003053001 0.005472532 -0.564262837 0.825571427
1709436693.694671392 13.600211888 -21.936606173 0.460763085 0.002517445 0.004423746 -0.564271693 0.825573467
1709436693.793358564 13.629426671 -22.059623322 0.471485571 0.004761579 0.015769326 -0.564343851 0.825375474
1709436693.892121553 13.683888387 -22.180424848 0.471049121 0.012237494 0.017283779 -0.563714915 0.825697892
1709436693.990910769 13.711211546 -22.307449524 0.461509934 0.014842227 0.018906126 -0.566465640 0.823734754
1709436694.094558716 13.751815817 -22.442321551 0.461405877 0.018349195 0.026513393 -0.568078176 0.822342710
1709436694.193192720 13.823332998 -22.551236454 0.462718381 0.016358961 0.031781689 -0.567987724 0.822260454
1709436694.291758776 13.871327816 -22.642603410 0.466830156 0.009934796 0.022368372 -0.568911943 0.822034158
1709436694.390296459 13.901855150 -22.751740517 0.460641387 0.014971472 0.009265038 -0.566513212 0.823864549
1709436694.494814157 13.913548223 -22.861245557 0.461646259 0.015083302 -0.004407667 -0.564840352 0.825050570
1709436694.594641447 13.950936616 -22.956522130 0.464836003 0.010405620 -0.008338218 -0.566222516 0.824144562
1709436694.694473267 13.973523524 -23.056211655 0.470349297 -0.001977741 -0.010489853 -0.565606589 0.824606111
1709436694.793814898 14.012934001 -23.155015770 0.473722745 0.000694919 -0.001927567 -0.565909873 0.824464564
1709436694.894937038 14.060229715 -23.261901117 0.468018152 0.006010077 -0.003103333 -0.565715411 0.824572812
1709436694.994435072 14.111489485 -23.368576484 0.476091850 0.003800489 0.006926229 -0.567696629 0.823199928
1709436695.093384981 14.156207058 -23.482061526 0.492703172 -0.001994430 0.002402824 -0.569018845 0.822318553
1709436695.192147732 14.196416312 -23.606115098 0.490739957 0.005441055 0.009013452 -0.566357043 0.824092745
1709436695.295110464 14.240734107 -23.718448075 0.500364554 0.003427949 -0.001003033 -0.568268941 0.822835132
1709436695.394005537 14.286765343 -23.831216110 0.499895089 0.006523700 0.000576715 -0.568558736 0.822616601
1709436695.492633104 14.327856327 -23.957287130 0.506005964 0.006315492 -0.004006122 -0.568603574 0.822577681
1709436695.591212273 14.367872864 -24.078552470 0.502005523 0.017314915 -0.005673843 -0.567883310 0.822907375
1709436695.689889193 14.422310090 -24.186660273 0.501078880 0.018259135 -0.001315955 -0.569614251 0.821708268
1709436695.795140743 14.463286898 -24.291730028 0.502059414 0.013591806 -0.003550281 -0.570428294 0.821227265
1709436695.894966841 14.506714239 -24.412375371 0.508833180 0.012139134 0.004177950 -0.571856008 0.820253554
1709436695.994800806 14.545191317 -24.532426698 0.507426709 0.017467371 0.006661395 -0.568575312 0.822418769
1709436696.094440222 14.567355897 -24.661326372 0.502166747 0.023246994 0.002435691 -0.571508710 0.820263030
1709436696.194484711 14.599094464 -24.779398596 0.502204445 0.027402314 0.006544940 -0.571500940 0.820117645
1709436696.294174671 14.635472876 -24.905428259 0.502844464 0.025091786 0.009019057 -0.570897345 0.820588374
1709436696.393022537 14.699323657 -25.026848905 0.504057892 0.024597269 0.011796590 -0.567573762 0.822870488
1709436696.491998196 14.756212399 -25.146396113 0.505619080 0.027030832 0.004592713 -0.551435321 0.833766951
1709436696.594664097 14.828163163 -25.277485467 0.503540109 0.033334560 -0.004066459 -0.531682750 0.846277570
1709436696.693645477 14.885025999 -25.376988025 0.505163563 0.028441816 -0.006116225 -0.511600590 0.858730744
1709436696.792194605 14.983301976 -25.441800374 0.519665590 0.011542461 -0.009983681 -0.493341130 0.869702033
1709436696.890935659 15.072426046 -25.529920355 0.526625295 0.001834786 -0.005154765 -0.479735142 0.877396293
1709436696.989590645 15.143339103 -25.618020859 0.530795764 0.001873290 -0.003236167 -0.469338913 0.883010194
1709436697.094662666 15.194919134 -25.715490509 0.539832650 0.000521728 -0.009588030 -0.468683334 0.883314061
1709436697.193645954 15.264990410 -25.820586730 0.543968764 -0.007995881 -0.003060100 -0.473754831 0.880615161
1709436697.294748783 15.316254170 -25.921055376 0.556677645 -0.011688037 0.001906841 -0.467916033 0.883693578
1709436697.394566298 15.405897680 -26.030849641 0.549244322 -0.001208249 0.000189591 -0.466233001 0.884661117
1709436697.494805098 15.469533687 -26.152567537 0.553763813 0.000091139 0.000435294 -0.468510111 0.883458023
1709436697.594338417 15.532708134 -26.264440966 0.565368677 -0.000633393 0.008290457 -0.467155153 0.884136262
1709436697.693316460 15.596778947 -26.389086050 0.569758657 0.001409667 0.002957014 -0.466316233 0.884612028
1709436697.795130253 15.653496008 -26.491380104 0.571703085 -0.000977593 -0.005016707 -0.468165236 0.883626159
1709436697.894593716 15.700963827 -26.599882996 0.581088973 -0.003375129 0.000298315 -0.468801948 0.883296809
1709436697.993208408 15.761788966 -26.673598284 0.588841484 -0.011306125 -0.001501911 -0.469048419 0.883098804
1709436698.091975451 15.835342181 -26.785513044 0.598158183 -0.007470355 0.002819066 -0.467814707 0.883790499
1709436698.190701723 15.898227772 -26.899040663 0.602818299 -0.000277353 0.007302706 -0.469956869 0.882659127
1709436698.295129061 15.997377415 -27.011444392 0.597890436 -0.000924530 0.015025888 -0.471383953 0.881799601
1709436698.394075632 16.102777755 -27.094501752 0.596996147 0.002634073 0.029924820 -0.474777672 0.879592934
1709436698.492539883 16.199769754 -27.227446382 0.592882399 0.011331555 0.037090451 -0.481518072 0.875577661
1709436698.594642639 16.272741191 -27.354778414 0.599195941 0.010092556 0.034462958 -0.484877694 0.873844418
1709436698.694492817 16.319950413 -27.481211195 0.601489113 0.006650714 0.020081390 -0.486186386 0.873599052
1709436698.795123816 16.388226244 -27.631497968 0.577308306 0.024240407 0.010868124 -0.478422740 0.877727730
1709436698.894124269 16.432316636 -27.749952530 0.561140015 0.040410965 -0.018050953 -0.478369209 0.877042768
1709436698.992940426 16.499620403 -27.880260978 0.549175644 0.051054377 -0.006778197 -0.480116735 0.875691400
1709436699.092011690 16.574137486 -27.974288194 0.562440565 0.043234291 0.000213250 -0.477163685 0.877750288
1709436699.194361210 16.668899491 -28.062194772 0.584809885 0.021664025 0.000565351 -0.480231990 0.876873758
1709436699.293016195 16.721276537 -28.139612746 0.606118173 -0.000531231 0.004639371 -0.482807942 0.875713815
1709436699.391635418 16.794288942 -28.225513843 0.604580346 -0.007035457 0.007232561 -0.487868005 0.872859096
1709436699.490297318 16.867885842 -28.332280368 0.615577073 -0.011862706 0.009811182 -0.496283668 0.868023927
1709436699.594622135 16.910963778 -28.437508310 0.627447242 -0.011742267 0.012830931 -0.499214832 0.866303664
1709436699.693894863 16.955316228 -28.540750161 0.639525712 -0.006355737 0.010762388 -0.501797726 0.864894686
1709436699.792526722 16.980246153 -28.659768395 0.642043685 -0.010783696 0.006186767 -0.507431175 0.861602599
1709436699.894905329 17.037733302 -28.777134938 0.645634252 -0.013344701 0.002867773 -0.510304643 0.859885380
1709436699.994752645 17.106025254 -28.893686685 0.642205994 -0.014161332 0.010527408 -0.515399578 0.856768291
1709436700.094583988 17.169270834 -29.012534454 0.652995834 -0.023358879 0.015192189 -0.519210700 0.854191904
1709436700.194454670 17.242935331 -29.099508938 0.668545212 -0.018979161 0.017939254 -0.522438629 0.852276864
1709436700.293658733 17.335988283 -29.222608964 0.658544298 -0.007960996 0.010326428 -0.521647993 0.853061170
1709436700.394929409 17.398004098 -29.355259285 0.652634845 0.001725013 0.006720421 -0.523259076 0.852145410
1709436700.494076729 17.462848104 -29.480884905 0.654610900 0.001753863 0.010109574 -0.524778036 0.851177263
1709436700.592841148 17.546602575 -29.613916366 0.664139004 0.002485132 0.018220282 -0.525482353 0.850605750
1709436700.691571712 17.600081377 -29.746512499 0.663803571 0.004945576 0.016637167 -0.525874104 0.850385308
1709436700.790230751 17.645027714 -29.887255981 0.664013829 0.002667111 0.012301628 -0.527744468 0.849309916
1709436700.894905090 17.703110184 -30.015043633 0.670009928 -0.001920381 0.011510418 -0.529313362 0.848346148
1709436700.993614674 17.766636235 -30.130075467 0.682294007 -0.008583251 -0.000761622 -0.529986723 0.847962158
1709436701.092177391 17.828435523 -30.233135906 0.689448657 -0.009000820 -0.000154292 -0.528241286 0.849046586
1709436701.194809437 17.891127718 -30.373436708 0.687860816 -0.000473343 0.009292670 -0.531251101 0.847163320
1709436701.294643879 17.922239182 -30.508060764 0.699180688 -0.000642709 0.002397829 -0.528533593 0.848908757
1709436701.394504786 17.987751593 -30.635685021 0.699626337 0.007118727 0.023404245 -0.534884982 0.844570673
1709436701.494563341 18.070838549 -30.753143677 0.700811249 0.006851921 0.020396687 -0.534035511 0.845188203
1709436701.593512774 18.114412522 -30.899118417 0.695936559 0.020837125 0.017944298 -0.537609225 0.842745595
1709436701.694831848 18.157703068 -31.035356492 0.695600414 0.019544632 0.025166401 -0.538497480 0.842024420
1709436701.793933153 18.211822614 -31.182466907 0.692860174 0.015803172 0.019418651 -0.536896083 0.843276806
1709436701.892646313 18.266026958 -31.333967047 0.691435257 0.016999433 0.016103581 -0.536451752 0.843606076
1709436701.991348743 18.337244098 -31.455334002 0.701680042 0.019133716 0.018527627 -0.539461418 0.841588977
1709436702.090223312 18.408330305 -31.575313736 0.702006290 0.010363816 0.019715652 -0.539785805 0.841507676
1709436702.194369793 18.474375322 -31.727349775 0.687201408 0.015640344 0.013231708 -0.539283162 0.841875271
1709436702.292937040 18.532906224 -31.876002520 0.675973650 0.017217210 0.017947909 -0.539744808 0.841461219
1709436702.391576529 18.587720056 -32.002684265 0.668222409 0.021819129 0.012751979 -0.537954754 0.842594799
1709436702.494758606 18.632513593 -32.151783011 0.673719546 0.017447529 0.014658544 -0.537821795 0.842750513
1709436702.594587803 18.700098689 -32.269764079 0.671872029 0.011810780 0.011362788 -0.537901493 0.842848371
1709436702.694422007 18.740499436 -32.399712870 0.686097630 0.002271063 0.009079842 -0.533402410 0.845809829
1709436702.794709921 18.771012320 -32.544102571 0.689573879 0.010378435 0.011731631 -0.531117423 0.847153434
1709436702.894897938 18.824127579 -32.685332504 0.703845092 0.010744132 0.015980819 -0.533245497 0.845741342
1709436702.994741678 18.895742241 -32.815477702 0.713888654 0.006097731 0.019905211 -0.533771663 0.845372351
1709436703.093617916 18.958590501 -32.935543573 0.723924163 -0.002750512 0.018178959 -0.534639482 0.844880219
1709436703.192307234 19.007001399 -33.081214932 0.721050614 -0.003323759 0.013913830 -0.533080964 0.845943286
1709436703.291238070 19.091300343 -33.207492146 0.709152618 0.000963296 0.019865673 -0.535400654 0.844364001
1709436703.389962435 19.175922724 -33.336743876 0.720042000 -0.005879486 0.011877439 -0.530893648 0.847334817
1709436703.494060993 19.275673612 -33.485776685 0.724896050 0.002627995 0.013136804 -0.518431270 0.855014349
1709436703.592684984 19.355651746 -33.612546650 0.734949733 0.000001423 0.015865163 -0.509163926 0.860523325
1709436703.691376925 19.442883074 -33.735248463 0.730570143 -0.005717979 0.008725439 -0.497440678 0.867435268
1709436703.794595957 19.516447573 -33.885984489 0.723550361 0.004238253 0.007313987 -0.490748430 0.871260306
1709436703.894413948 19.593737863 -34.015112861 0.720928611 0.007539440 0.014708634 -0.489553686 0.871816495
1709436703.995080709 19.683144355 -34.132983721 0.729756892 -0.003839304 0.017316385 -0.485824375 0.873876467
1709436704.094926596 19.747496412 -34.254615236 0.744523704 -0.001699074 0.018375653 -0.483603480 0.875092637
1709436704.194754601 19.813995247 -34.364820929 0.745073127 -0.004498995 0.012659589 -0.484314484 0.874790818
1709436704.294559956 19.888262056 -34.490061156 0.762394779 -0.012994387 0.020067774 -0.485155308 0.874101114
1709436704.393377066 19.969451467 -34.589415822 0.771688083 -0.025969143 0.017501284 -0.485756964 0.873532759
1709436704.492332697 20.063086483 -34.708451010 0.778859424 -0.022694685 0.025913702 -0.481015021 0.876035376
1709436704.591154099 20.144614197 -34.841497570 0.775504755 -0.019292577 0.018266558 -0.482617458 0.875428191
1709436704.694756746 20.226459292 -34.940881065 0.788588550 -0.026728775 0.015457875 -0.485341329 0.873779389
1709436704.793839216 20.314200197 -35.063495294 0.789160821 -0.034699216 0.015594103 -0.485526714 0.873393725
1709436704.892507315 20.378116196 -35.198696527 0.792055468 -0.030858602 0.013727116 -0.485168039 0.873768440
1709436704.991139174 20.459519151 -35.332331073 0.787040391 -0.021676857 0.011010279 -0.486210624 0.873503358
1709436705.094885111 20.555338675 -35.473504033 0.783463055 -0.013488922 0.026102029 -0.487346836 0.872714039
1709436705.194724798 20.625236219 -35.619979383 0.775570262 -0.002392391 0.017977475 -0.491108114 0.870909816
1709436705.292560101 20.687473069 -35.754921141 0.781190906 0.002861868 0.014278701 -0.494136660 0.869262268
1709436705.394815207 20.764098513 -35.880577271 0.791217323 -0.000001979 0.009902523 -0.497533313 0.867388346
1709436705.494660139 20.823319783 -36.011327945 0.792908840 -0.000445446 -0.002882340 -0.496478174 0.868044306
1709436705.594382524 20.883525212 -36.148804730 0.797609083 0.014912938 -0.001707219 -0.495476663 0.868491546
1709436705.692973375 20.934884486 -36.260994642 0.798434758 0.018145574 -0.012380957 -0.495399631 0.868387388
1709436705.791903019 20.990311520 -36.403467680 0.790628788 0.025799719 -0.016741092 -0.494349457 0.868719014
1709436705.890705585 21.050391689 -36.531934101 0.795236467 0.028787398 -0.017158039 -0.497795399 0.866646773
1709436705.994662762 21.120644797 -36.644434714 0.813707644 0.017984265 -0.010753888 -0.501774563 0.864744591
1709436706.093486071 21.197764348 -36.775705659 0.821654678 0.016689703 -0.005678858 -0.500824624 0.865369228
1709436706.192132950 21.265601543 -36.908616735 0.826023710 0.022826885 -0.005538644 -0.499699297 0.865880401
1709436706.290780306 21.307462029 -37.061185887 0.821000233 0.031670927 -0.008438702 -0.500599607 0.865058249
1709436706.394445419 21.374163998 -37.200179782 0.825511958 0.033311367 -0.007605067 -0.500758391 0.864912452
1709436706.494409561 21.440237327 -37.334519741 0.820431123 0.034007866 -0.006981495 -0.501233521 0.864615337
1709436706.594906092 21.515124665 -37.462763897 0.827655034 0.028099055 -0.001927500 -0.502325784 0.864219610
1709436706.694756746 21.606715525 -37.588620748 0.830525043 0.032354497 -0.000531043 -0.497592663 0.866807041
1709436706.794588804 21.714036755 -37.724168895 0.836261332 0.036609328 0.004582351 -0.500073336 0.865196751
1709436706.894356012 21.813140602 -37.868668773 0.840405978 0.032954898 0.001826489 -0.490498092 0.870817007
1709436706.993070602 21.911512495 -37.995685968 0.843422292 0.030771249 -0.002586521 -0.477199731 0.878252160
1709436707.092003822 21.988948857 -38.091198700 0.853018012 0.014756541 -0.015700975 -0.465158031 0.884965383
1709436707.191137552 22.073898073 -38.197132446 0.850157234 0.008022166 -0.015296559 -0.461102871 0.887178563
1709436707.294581652 22.142247117 -38.321083674 0.851069919 0.003041325 -0.014843552 -0.460112762 0.887731190
1709436707.393301964 22.235698891 -38.437723280 0.873163150 -0.004894722 -0.007155506 -0.463057751 0.886285710
1709436707.491909504 22.323518481 -38.567758730 0.879279278 -0.002537650 0.004500259 -0.460721761 0.887529586
1709436707.590603113 22.429232567 -38.691942176 0.883788357 -0.002753336 0.010205268 -0.463324573 0.886125619
1709436707.694568396 22.511776766 -38.844605756 0.897656572 -0.001106102 0.012386671 -0.461719692 0.886938709
1709436707.793282032 22.592098044 -38.982672532 0.897302904 0.012029893 0.019327455 -0.458916030 0.888187935
1709436707.891818523 22.646776659 -39.107636134 0.894596153 0.016281226 0.009240824 -0.460314372 0.887558566
1709436707.994627476 22.752973851 -39.254968648 0.882104900 0.017647344 0.020321811 -0.461924682 0.886510679
1709436708.094476938 22.842919449 -39.391093022 0.890576412 0.010643340 0.019691634 -0.461858991 0.886670870
1709436708.194315434 22.907693887 -39.515064922 0.891088050 0.008660628 0.013194866 -0.458735991 0.888432428
1709436708.293278456 23.004357406 -39.642416137 0.889713609 0.010487723 0.015587651 -0.459668489 0.887891836
1709436708.392272472 23.095904830 -39.754424206 0.900098683 -0.000725213 0.006687367 -0.457438673 0.889215729
1709436708.494639874 23.190560694 -39.879855684 0.896411005 0.005257006 0.017372272 -0.456237205 0.889673075
1709436708.594139099 23.288695522 -39.998024889 0.892948329 0.010349804 0.013232303 -0.456162032 0.889738157
1709436708.692764282 23.372328609 -40.124021680 0.890861442 0.010681359 0.019708729 -0.458295624 0.888517077
1709436708.791457176 23.448605020 -40.244587654 0.896141075 0.011211768 0.020244206 -0.458026026 0.888637512
1709436708.894807577 23.523058668 -40.397719775 0.890402819 0.016463651 0.021506278 -0.457909953 0.888585901
1709436708.994291782 23.657941896 -40.515987057 0.889541281 0.015244848 0.014874955 -0.457731353 0.888835383
1709436709.092884541 23.740091629 -40.640358116 0.890190697 0.014742569 0.015004878 -0.459920431 0.887710937
1709436709.195122004 23.828500597 -40.761977669 0.892457911 0.009604265 0.007752376 -0.461057637 0.887284348
1709436709.294970274 23.922194892 -40.870143855 0.889002252 0.006056058 0.014780417 -0.461956887 0.886758534
1709436709.394811153 23.994736307 -41.008343601 0.898092118 0.005835252 0.014003763 -0.460757659 0.887396317
1709436709.494380474 24.082778474 -41.129526615 0.896077548 0.006110917 0.010775555 -0.460182666 0.887737832
1709436709.593376160 24.151905677 -41.268860244 0.895135726 0.008465082 0.011527809 -0.460893245 0.887340334
1709436709.692458868 24.214251020 -41.400197267 0.902010639 0.001216798 0.011525479 -0.461194274 0.887223492
1709436709.794944286 24.288915215 -41.524925143 0.904748781 0.003066947 0.007038813 -0.469886824 0.882693277
1709436709.894113302 24.359131452 -41.598368548 0.916931482 -0.003787846 -0.012518757 -0.483094093 0.875470748
1709436709.992737055 24.432911071 -41.730171507 0.907752350 0.003415367 -0.004976856 -0.492602847 0.870233303
1709436710.091390133 24.494253425 -41.872171066 0.907482318 0.005558994 0.005687995 -0.506231011 0.862361240
1709436710.195095778 24.566563976 -42.026712322 0.913924576 0.011182804 0.013074246 -0.511919792 0.858860953
1709436710.293995142 24.666840496 -42.186416318 0.917571928 0.024778041 0.020738052 -0.515240050 0.856436613
1709436710.392493248 24.729991204 -42.320865914 0.917231734 0.018869074 0.004932288 -0.519792399 0.854069957
1709436710.491135597 24.795447508 -42.446199684 0.908669706 0.015106662 0.009051358 -0.526736190 0.849846367
1709436710.594421387 24.875835982 -42.560119220 0.918427269 0.006889997 0.009468307 -0.527655864 0.849377518
1709436710.695082426 24.931882594 -42.696473061 0.933538686 0.002734857 0.005544825 -0.533315657 0.845893720
1709436710.794375181 25.017029862 -42.807584718 0.931858229 0.002530973 0.004203152 -0.536327663 0.843995596
1709436710.893452406 25.058006079 -42.944171967 0.939776493 -0.001063955 -0.005619660 -0.541100987 0.840938172
1709436710.992428780 25.087557693 -43.085196087 0.938049939 0.002090157 -0.007243561 -0.539824844 0.841743607
1709436711.094493389 25.138693200 -43.223198380 0.938436787 0.004555250 -0.014166163 -0.539312749 0.841974067
1709436711.193702459 25.203794388 -43.373188323 0.934692898 0.017337265 -0.002712141 -0.540094075 0.841421686
1709436711.292369127 25.287543603 -43.521698634 0.936587521 0.025706059 -0.000459565 -0.539631156 0.841508885
1709436711.391041040 25.360771143 -43.658255296 0.943808615 0.027656622 0.016253179 -0.549418448 0.834931323
1709436711.494633436 25.421078172 -43.806683614 0.958538113 0.012819572 0.022614392 -0.547564474 0.836359608
1709436711.593506098 25.468829358 -43.950251819 0.953464959 0.009980845 0.014462480 -0.547710852 0.836483139
1709436711.692258120 25.531849206 -44.103490913 0.942353434 0.016348379 0.020499201 -0.549408266 0.835142545
1709436711.790981770 25.617979627 -44.252094307 0.940798197 0.021065513 0.027454944 -0.549218269 0.834962133
1709436711.894801378 25.669379920 -44.402132365 0.934176576 0.016236632 0.027349685 -0.551873723 0.833320923
1709436711.994645357 25.712440291 -44.544111899 0.938852571 0.017857250 0.027893497 -0.552301654 0.832986167
1709436712.094469786 25.757995577 -44.669622196 0.937978920 0.014108911 0.013827547 -0.554353812 0.832046626
1709436712.193814754 25.784212944 -44.810206625 0.939926010 0.011649707 0.022383474 -0.557334849 0.829904290
1709436712.294971704 25.820701850 -44.963284477 0.933717821 0.007487176 0.029787164 -0.556515167 0.830269556
1709436712.394612074 25.871414256 -45.075821875 0.940768115 0.006634297 0.022201880 -0.556320856 0.830644429
1709436712.493403435 25.910098283 -45.202166900 0.943793435 0.007108306 0.016644094 -0.555748353 0.831153544
1709436712.592197418 25.974952651 -45.312481258 0.938966578 0.004703185 0.015791957 -0.557924734 0.829727958
1709436712.695123434 26.053395543 -45.420101008 0.942426103 -0.010029211 0.020376797 -0.557983324 0.829541326
1709436712.794577360 26.129281665 -45.552752530 0.938059175 -0.009723432 0.027529435 -0.552848781 0.832769962
1709436712.893252850 26.190757428 -45.672167786 0.940540292 -0.008599856 0.029378121 -0.551812335 0.833406332
1709436712.991885185 26.258638921 -45.797625257 0.930777824 -0.007082619 0.025574664 -0.551295660 0.833887803
1709436713.090482473 26.296391919 -45.914663424 0.945263576 -0.016500279 0.023638124 -0.557335335 0.829786903
1709436713.195126534 26.361945400 -46.031377253 0.953288400 -0.022372334 0.017390493 -0.560509372 0.827663152
1709436713.294959307 26.427819121 -46.159893706 0.959346468 -0.022162903 0.022967227 -0.562106312 0.826448913
1709436713.394785881 26.476715668 -46.299020930 0.959337071 -0.021053064 0.018932372 -0.562075903 0.826600879
1709436713.493867874 26.490177342 -46.455672107 0.955888630 0.001975954 0.012416478 -0.554532315 0.832067208
1709436713.594452858 26.513637882 -46.604663222 0.946279654 0.018197618 0.001834929 -0.556999481 0.830311422
1709436713.694482565 26.565266510 -46.732163709 0.955394463 0.013757463 0.001826156 -0.555807039 0.831195484
1709436713.793323755 26.635141970 -46.874687587 0.954755622 0.002153520 0.002412165 -0.557604037 0.830100766
1709436713.892241955 26.711788400 -47.000829665 0.961454026 -0.008686692 0.007515572 -0.558239208 0.829600533
1709436713.994622231 26.782331146 -47.130584045 0.971650287 -0.014608788 0.008602327 -0.559453759 0.828688165
1709436714.094074965 26.809130812 -47.262114353 0.976210748 -0.002178308 0.004576282 -0.556369298 0.830919682
1709436714.192795277 26.852500210 -47.386686386 0.976061483 0.001886791 -0.001919232 -0.556481623 0.830855559
1709436714.291438580 26.879460616 -47.539986643 0.975281083 0.007142597 -0.001635049 -0.558206793 0.829669504
1709436714.390064716 26.901416080 -47.684853077 0.988637075 0.003404205 0.002235131 -0.557319891 0.830287874
1709436714.494625092 26.957287799 -47.832301062 0.989785986 0.012313204 0.006204845 -0.558169395 0.829612446
1709436714.594461441 27.014521400 -47.966011547 0.995571007 0.009440202 0.002092299 -0.558920046 0.829165175
1709436714.694852114 27.061523317 -48.107727035 0.998620156 0.011736622 0.002574877 -0.559568666 0.828696887
1709436714.793961287 27.119253551 -48.220415137 1.005068032 0.007467772 -0.000654013 -0.559373573 0.828881783
1709436714.894801855 27.162225050 -48.348835057 0.997585519 0.012315770 -0.006401866 -0.560747106 0.827870775
1709436714.994407415 27.206040553 -48.491918584 0.996614079 0.013243882 -0.010710838 -0.561330658 0.827416322
1709436715.093245268 27.284226480 -48.618369259 1.001460790 0.010506504 -0.007140953 -0.563712679 0.825873257
1709436715.192079067 27.320677240 -48.764779412 1.010693016 0.015162290 0.001221502 -0.561993650 0.827001663
1709436715.294931173 27.369871023 -48.898388729 1.012060232 0.020949788 -0.003417081 -0.561480778 0.827217484
1709436715.393854618 27.427185904 -49.032734929 1.013307878 0.023992298 -0.001092925 -0.563257487 0.825932309
1709436715.492529154 27.496010875 -49.155605695 1.019150344 0.011757594 -0.002435426 -0.563466807 0.826051442
1709436715.591131210 27.547301972 -49.282831618 1.023549040 0.005816453 -0.004108640 -0.563511332 0.826077639
1709436715.695054054 27.598165084 -49.434310994 1.029530335 0.010097582 -0.003149968 -0.562863056 0.826482484
1709436715.794913292 27.662288949 -49.566138945 1.034842544 0.007500677 0.002047903 -0.565331679 0.824827035
1709436715.894741774 27.744324776 -49.694160919 1.046458576 0.005465911 0.007992896 -0.564284084 0.825523900
1709436715.994575024 27.805626254 -49.821230494 1.040150726 0.008765345 0.008065972 -0.565407104 0.824725964
1709436716.094797611 27.845250210 -49.977603823 1.041130203 0.014310885 0.016696188 -0.564772616 0.824953531
1709436716.194646835 27.911280153 -50.131846632 1.041649007 0.015424260 0.025901696 -0.567669260 0.822704568
1709436716.294010878 27.955743337 -50.306757405 1.043540720 0.017026109 0.031211100 -0.563143545 0.825593924
1709436716.393008471 27.990115132 -50.450572048 1.041560680 0.016893156 0.022412440 -0.563205386 0.825840176
1709436716.492129803 28.018526472 -50.589496204 1.047301473 0.006173273 0.010037244 -0.563883109 0.825770540
1709436716.594799757 28.053563659 -50.718545441 1.053246437 0.000174062 0.001910518 -0.564163878 0.825660607
1709436716.693449736 28.125532051 -50.830957440 1.056645377 -0.006239162 0.004676092 -0.566863021 0.823775165
1709436716.792198658 28.186623052 -50.968582167 1.064429160 -0.009333933 0.011397957 -0.567666662 0.823126676
1709436716.890845776 28.248884846 -51.095470187 1.060361780 -0.001271094 0.009754238 -0.563081683 0.826342700
1709436716.994574547 28.293627099 -51.238217460 1.058245908 0.006568147 0.005901337 -0.563459100 0.826096772
1709436717.094553232 28.360631044 -51.386691339 1.062169501 0.008866394 0.013120336 -0.561162016 0.827554491
1709436717.193000555 28.425780946 -51.530600997 1.063730399 0.008057866 0.011022263 -0.556974266 0.830417514
1709436717.294511080 28.485229783 -51.667134820 1.074957352 0.011122144 0.012903850 -0.553734329 0.832519118
1709436717.394744158 28.542350858 -51.809904631 1.072403710 0.004050435 0.016745215 -0.550867528 0.834414860
1709436717.494575500 28.595761176 -51.945958004 1.080263173 0.000157925 0.009875953 -0.543723613 0.839206216
1709436717.594238997 28.636375697 -52.080385140 1.075329967 0.005122646 0.008715894 -0.539607417 0.841856061
1709436717.693263292 28.685105221 -52.207398920 1.081927902 0.002417455 0.003583230 -0.535614389 0.844451622
1709436717.792312145 28.750458363 -52.347151179 1.094411497 -0.003598927 0.006942468 -0.531594639 0.846962803
1709436717.894585133 28.825175751 -52.499314105 1.098632771 0.000259692 0.008762928 -0.524024367 0.851658151
1709436717.993175507 28.885090897 -52.639271388 1.103567818 0.000690579 0.001296796 -0.511687025 0.859170664
1709436718.091823578 28.969199382 -52.785274770 1.105118642 0.012611650 -0.005319534 -0.499580350 0.866159410
1709436718.190447330 29.021873094 -52.930537262 1.108681401 0.011477766 -0.010103498 -0.490815995 0.871129060
1709436718.294903994 29.117037800 -53.069982588 1.119897199 0.001837583 -0.011790301 -0.478871989 0.877803640
1709436718.394396067 29.214455133 -53.190393732 1.125074563 -0.005126481 -0.007615260 -0.465111259 0.885204634
1709436718.492741108 29.320675495 -53.332964793 1.128650985 0.003618133 0.000767543 -0.457707016 0.889095387
1709436718.594442368 29.419675965 -53.456221921 1.134839226 0.012020297 0.004917281 -0.454211054 0.890799445
1709436718.695093870 29.530452381 -53.571975299 1.152624103 0.007048833 0.003894825 -0.450357944 0.892811776
1709436718.794928074 29.618069592 -53.691003588 1.156293694 0.001016053 0.001097101 -0.447864345 0.894100270
1709436718.894499779 29.723837756 -53.810142325 1.165431269 -0.003698872 0.000624716 -0.447657201 0.894197382
1709436718.993467808 29.835289434 -53.917355786 1.172807121 -0.003192059 0.014750652 -0.446454249 0.894679179
1709436719.092478275 29.941085862 -54.032943487 1.173233550 0.001027573 0.018403959 -0.448129889 0.893778407
1709436719.194417953 30.035350040 -54.171770936 1.175129337 0.001169913 0.026644972 -0.449042917 0.893112051
1709436719.293010950 30.133870966 -54.277263209 1.176255156 -0.000016514 0.023777522 -0.449879025 0.892772923
1709436719.391752243 30.198972099 -54.402722122 1.180601276 0.004691363 0.022212647 -0.450439670 0.892518175
1709436719.490439415 30.286852763 -54.521538948 1.176067692 0.004959079 0.020505517 -0.451770730 0.891884600
1709436719.594413280 30.368977256 -54.668933865 1.179985284 0.006749732 0.021465577 -0.452197038 0.891634179
1709436719.693573236 30.448085724 -54.793742270 1.171875754 0.015204183 0.021176006 -0.451529749 0.891875157
1709436719.792171240 30.500207625 -54.942170083 1.163904423 0.022895588 0.017324501 -0.450958420 0.892083044
1709436719.894715786 30.579677644 -55.080253361 1.165301020 0.023552517 0.023262438 -0.452314616 0.891243865
1709436719.994562387 30.661106537 -55.192294552 1.171791265 0.020268485 0.014799087 -0.453419847 0.890943667
1709436720.094805717 30.726950839 -55.316955928 1.161777792 0.025262609 0.013567832 -0.452845376 0.891127813
1709436720.194322586 30.815577285 -55.421696572 1.154522892 0.019342292 0.011910687 -0.454610271 0.890400759
1709436720.293403149 30.919454363 -55.531121005 1.153571213 0.017655436 0.013464852 -0.455576458 0.889919701
1709436720.395148754 31.016243133 -55.648464191 1.167312667 0.017189728 0.016063383 -0.455978538 0.889679748
1709436720.494081736 31.105552543 -55.761888462 1.165898470 0.018411852 0.010078736 -0.455275945 0.890102936
1709436720.592730045 31.199463221 -55.879115151 1.166708262 0.013366533 0.012939818 -0.455876196 0.889848746
1709436720.691434383 31.292486035 -55.995743351 1.176464271 0.013151884 0.009696230 -0.458635933 0.888474025
1709436720.790208578 31.360640702 -56.124796767 1.172727987 0.019222211 0.011217955 -0.469106948 0.882860881
1709436720.894658566 31.431145193 -56.239566140 1.177246581 0.017151546 0.010722006 -0.481425925 0.876253355
1709436720.993302107 31.521417805 -56.358236100 1.191158112 0.011875616 0.012192609 -0.490249444 0.871415970
1709436721.091884851 31.599246847 -56.486011150 1.188482735 0.017248693 0.012713134 -0.492900755 0.869821651
1709436721.195066929 31.653527027 -56.623378670 1.201627086 0.017656953 0.008218738 -0.494787488 0.868795733
1709436721.294910908 31.709218642 -56.759390615 1.197771893 0.015778153 0.013151271 -0.497522753 0.867207705
1709436721.394747019 31.791514582 -56.888102507 1.196055825 0.017022761 0.019632340 -0.497344597 0.867163854
1709436721.494529963 31.842804574 -57.019314161 1.185862246 0.019345234 0.014654948 -0.498733031 0.866415812
1709436721.593672991 31.919999947 -57.152808136 1.192112569 0.020045465 0.016726141 -0.499511014 0.865914062
1709436721.694656849 31.981047118 -57.282100815 1.202822500 0.018218275 0.008471975 -0.499868606 0.865868175
1709436721.793691874 32.044075577 -57.408392474 1.197133288 0.014481731 0.005251786 -0.500615303 0.865532794
1709436721.892393589 32.107191714 -57.537142217 1.196766370 0.012036902 0.005314300 -0.503967986 0.863622105
1709436721.991239786 32.192851144 -57.664079094 1.202431920 0.008458526 0.010040029 -0.502935357 0.864224322
1709436722.094821453 32.275386354 -57.789372401 1.203179577 0.010729660 0.009708606 -0.501803771 0.864860447
1709436722.194315910 32.317504511 -57.937881987 1.208022307 0.017715227 0.012433194 -0.501362166 0.864966800
1709436722.292894125 32.377318173 -58.086194011 1.198858384 0.018280117 0.012300641 -0.502789929 0.864127779
1709436722.391524553 32.463432613 -58.214072007 1.203303024 0.011942746 0.013649721 -0.505858663 0.862425689
1709436722.494605303 32.548255070 -58.344348054 1.209334376 0.005512853 0.012615603 -0.504821055 0.863114221
1709436722.594446182 32.607606292 -58.480634284 1.212862826 0.010065289 0.013795628 -0.504444519 0.863275216
1709436722.695085049 32.661669341 -58.615533544 1.219754085 0.011628174 0.007721457 -0.502866857 0.864251172
1709436722.794812918 32.735716991 -58.739764658 1.211458533 0.013926425 0.009849904 -0.505184535 0.862842755
1709436722.894763470 32.801922579 -58.872150972 1.209654242 0.013988330 0.017741020 -0.505764351 0.862375790
1709436722.994608402 32.870077247 -58.996103617 1.222951751 0.017862560 0.020212564 -0.508542920 0.860614013
1709436723.093791485 32.960697471 -59.132178359 1.219934637 0.025960822 0.032636991 -0.511787194 0.858099488
1709436723.192559481 33.007640792 -59.283109196 1.217608641 0.029417386 0.028117809 -0.514479443 0.856536578
1709436723.291299582 33.060056970 -59.419864358 1.217006235 0.034571134 0.016431096 -0.514521589 0.856622665
1709436723.394771814 33.105261887 -59.563533219 1.204901934 0.034966893 0.001808788 -0.515451720 0.856202995
1709436723.493865252 33.159035755 -59.697206331 1.198719950 0.037596011 0.003652444 -0.517184523 0.855039981
1709436723.592480898 33.250047558 -59.832415907 1.200995349 0.036470222 0.006812645 -0.518284065 0.854403382
1709436723.691106796 33.323293252 -59.944448433 1.210201930 0.031244521 0.012110509 -0.517567927 0.854985705
1709436723.794909239 33.430393396 -60.036040740 1.221436865 0.028597769 0.010714834 -0.518499926 0.854532145
1709436723.894734859 33.499565384 -60.143105946 1.209368789 0.029003559 0.011273055 -0.518541985 0.854485764
1709436723.994557619 33.572964946 -60.252740227 1.224866674 0.024927631 0.001664897 -0.519806106 0.853918880
1709436724.094808578 33.634755417 -60.387980411 1.209507030 0.026151637 0.005984144 -0.519729721 0.853909421
1709436724.194646120 33.685853755 -60.507779555 1.215111926 0.022951569 0.005161322 -0.522423819 0.852361390
1709436724.294477224 33.768027444 -60.657285488 1.215528063 0.028017444 0.010714197 -0.518979075 0.854260469
1709436724.393387079 33.835432943 -60.805433272 1.224605863 0.028144701 0.008202429 -0.521634351 0.852665351
1709436724.492178202 33.901309965 -60.928087962 1.228824164 0.016487061 0.004129614 -0.524076102 0.851501828
1709436724.591126919 33.964213892 -61.065249805 1.225119154 0.009056900 0.019261711 -0.527365730 0.849371736
1709436724.694645405 34.036921651 -61.183843474 1.244845115 -0.005985439 0.006381668 -0.527106363 0.849754277
1709436724.793638229 34.095318550 -61.306127045 1.249625680 -0.002264117 0.010247127 -0.528165404 0.849076661
1709436724.892410040 34.155725289 -61.416045599 1.253229035 -0.004074053 -0.001058324 -0.529251740 0.848454405
1709436724.991060257 34.219285934 -61.532328825 1.264555424 -0.008040031 -0.000197723 -0.527342623 0.849614664
1709436725.094825268 34.278561219 -61.679742989 1.272382481 0.002054808 0.007967417 -0.523984049 0.851688332
1709436725.194637299 34.326689788 -61.811356064 1.271129294 0.004535873 0.001977699 -0.524080558 0.851654322
1709436725.292449474 34.391748158 -61.949228257 1.278242550 0.010845614 0.009713381 -0.524025648 0.851578031
1709436725.395116568 34.475676670 -62.073555069 1.297904475 0.001691808 0.011292727 -0.525339652 0.850815998
1709436725.494956493 34.538442534 -62.206930775 1.302035431 -0.001392281 0.011424048 -0.521833641 0.852969638
1709436725.594282627 34.594253904 -62.333338727 1.309022267 0.001687601 0.010639341 -0.524256520 0.851492253
1709436725.693216562 34.659468485 -62.457431359 1.301139621 -0.000742800 0.008532399 -0.528617182 0.848817131
1709436725.792314768 34.723398393 -62.596586987 1.308974051 0.002265976 0.022464234 -0.528826378 0.848429659
1709436725.895096779 34.787115964 -62.745528946 1.314806690 0.001053711 0.015955306 -0.531030964 0.847201531
1709436725.994548082 34.838526737 -62.894473018 1.307533428 0.013929274 0.020951593 -0.527629535 0.849101925
1709436726.093284845 34.876691332 -63.033792601 1.315086998 0.012123960 0.010658571 -0.528909183 0.848524885
1709436726.191949844 34.930263408 -63.176208468 1.309634808 0.008773648 0.004937666 -0.530863040 0.847397826
1709436726.290605307 34.989781231 -63.327273737 1.311237575 0.017418847 0.008469147 -0.528692514 0.848592413
1709436726.395021677 35.058276840 -63.448470002 1.311121768 0.009482664 0.005125196 -0.528917485 0.848604799
1709436726.494336367 35.124911075 -63.582516589 1.310628644 0.014887324 0.013897853 -0.532015995 0.846489338
1709436726.592125893 35.181201104 -63.699056816 1.319282523 0.015340555 0.011677035 -0.529017211 0.848392070
1709436726.694612265 35.226858731 -63.827831894 1.312416931 0.010717488 0.006916012 -0.529205334 0.848397913
1709436726.794468403 35.285489129 -63.947974616 1.320666626 0.009765395 0.010117891 -0.531930126 0.846671487
1709436726.894355536 35.333721189 -64.090063463 1.322430547 0.010606959 0.010960713 -0.530249292 0.847704573
1709436726.993382215 35.373689951 -64.246367159 1.329801047 0.011792159 0.017919213 -0.530145455 0.847635324
1709436727.092437744 35.453692527 -64.368985387 1.333758357 0.008122505 0.017499018 -0.533157914 0.845795748
1709436727.194514036 35.534796571 -64.509711278 1.344794421 0.009015761 0.020056282 -0.531853163 0.846551047
1709436727.294335842 35.596415390 -64.642739680 1.350961805 0.003509240 0.016046943 -0.532184973 0.846468745
1709436727.392922163 35.638731315 -64.802023269 1.335004292 0.009516846 0.020020592 -0.532314278 0.846256531
1709436727.491578102 35.690655280 -64.951207215 1.334707810 0.020823053 0.016697489 -0.533983777 0.845073322
1709436727.590295076 35.752527252 -65.073213213 1.338438861 0.020840529 0.010802460 -0.532047626 0.846388978
1709436727.694526911 35.816958810 -65.225259297 1.343367025 0.018907401 0.010355647 -0.532905655 0.845900014
1709436727.793101072 35.885794450 -65.341029810 1.341870757 0.013701074 0.008972789 -0.535048438 0.844662618
1709436727.895068884 35.979163642 -65.455755879 1.346721291 0.012291277 0.012612670 -0.534208451 0.845169318
1709436727.994906664 36.048963388 -65.579098975 1.349404178 0.008191768 0.011926147 -0.534261912 0.845195168
1709436728.094748497 36.117944354 -65.704675985 1.348994694 0.013280987 0.014932656 -0.534354580 0.845024150
1709436728.194329023 36.171077559 -65.833946248 1.355842138 0.011971601 0.011012068 -0.535945059 0.844096149
1709436728.293353319 36.265284641 -65.954376243 1.360182899 0.007448078 0.011936855 -0.536387564 0.843854501
1709436728.392377138 36.335017242 -66.097534042 1.363505928 0.002167150 0.008018679 -0.535472194 0.844512009
1709436728.494922400 36.412489534 -66.243682056 1.362087831 0.002937213 0.014395303 -0.535890575 0.844159606
1709436728.594090223 36.501334778 -66.377451274 1.367327760 0.003940817 0.009398951 -0.535340505 0.844574848
1709436728.692763090 36.545419153 -66.514273577 1.365373240 0.010001344 0.010349879 -0.535227955 0.844585040
1709436728.791480541 36.615732984 -66.641716442 1.370649771 0.009197687 0.013403282 -0.537399533 0.843171096
1709436728.895072460 36.671085089 -66.781542184 1.378975461 0.004353943 0.007075834 -0.536058706 0.844139822
1709436728.994153500 36.705063624 -66.942735201 1.369357326 0.007264474 0.014616293 -0.534627166 0.844930402
1709436729.092738152 36.760964433 -67.075914749 1.378880094 0.009212472 0.007259809 -0.534466803 0.845108077
1709436729.191259384 36.807288532 -67.211508905 1.375260915 0.009054621 0.005043171 -0.534492723 0.845109525
1709436729.294440746 36.878687485 -67.344039976 1.383879008 0.008658809 0.006944899 -0.535953809 0.844174335
1709436729.395064592 36.947402911 -67.481154380 1.397701259 0.001665849 0.008872185 -0.536601779 0.843787319
1709436729.494387865 36.993185071 -67.633218891 1.399657650 0.008670621 0.006665621 -0.534364962 0.845183103
1709436729.593346357 37.058937155 -67.777276250 1.401915353 0.008212641 0.007258560 -0.540814888 0.841070224
1709436729.692481995 37.122378168 -67.922368045 1.394654055 0.007661408 0.017013440 -0.541133452 0.840729702
1709436729.794439793 37.170525639 -68.067532038 1.394000489 0.011311184 0.015898194 -0.541981264 0.840164040
1709436729.893708706 37.254836501 -68.208343860 1.386834377 0.014823515 0.023408709 -0.544693152 0.838177586
1709436729.992447853 37.321001768 -68.338469363 1.388374640 0.015328869 0.019151179 -0.544880018 0.838155131
1709436730.091210604 37.385295349 -68.474222271 1.394135149 0.016193192 0.011309916 -0.543748621 0.839015676
1709436730.194571495 37.422584002 -68.610662052 1.380797788 0.024534765 -0.000263909 -0.541211850 0.840528232
1709436730.293804884 37.470976687 -68.740983524 1.388877731 0.029056233 -0.000526515 -0.543863431 0.838670392
1709436730.392382860 37.518095886 -68.859449019 1.392972808 0.016962591 -0.000361712 -0.545319275 0.838056697
1709436730.491010666 37.571100628 -68.986674609 1.394455020 0.014592795 0.012535242 -0.544007714 0.838859657
1709436730.595141649 37.616247197 -69.144992505 1.398100818 0.019810780 0.009806223 -0.546692925 0.837041347
1709436730.694967747 37.685739548 -69.284620062 1.398528906 0.017458534 0.010587506 -0.545662044 0.837756550
1709436730.794643879 37.750461034 -69.429128415 1.403596088 0.017205912 0.014825823 -0.544592190 0.838393403
1709436730.893505812 37.813559783 -69.563197592 1.403120028 0.013589746 0.006218967 -0.543996448 0.838954413
1709436730.992606401 37.873314892 -69.697891198 1.401676890 0.016451871 0.008420040 -0.544556743 0.838520359
1709436731.094812155 37.926127627 -69.833667726 1.406369846 0.015424903 0.008849505 -0.544170127 0.838786404
1709436731.193582058 37.980591549 -69.970089691 1.420535606 0.010433566 0.006450070 -0.544908562 0.838405747
1709436731.292367935 38.051389967 -70.092080882 1.416658105 0.007928005 0.006089497 -0.546165139 0.837617876
1709436731.391113281 38.125393701 -70.219638581 1.416178620 0.007302169 0.008522803 -0.543534255 0.839311952
1709436731.494494915 38.187167225 -70.352955697 1.414958551 0.004850037 0.004999890 -0.545163270 0.838300953
1709436731.593470335 38.231550225 -70.494022276 1.411293530 0.010110572 0.014277235 -0.543659105 0.839123778
1709436731.692005634 38.305263406 -70.613409781 1.411021532 0.009131931 0.006731383 -0.545394180 0.838102908
1709436731.794781923 38.363438688 -70.748729475 1.415149686 0.009680292 0.014095442 -0.547044948 0.836928572
1709436731.894627094 38.414023207 -70.866214329 1.417665815 0.007974217 0.010644622 -0.546994187 0.837030742
1709436731.994456053 38.470818281 -70.995831369 1.427914679 0.008998236 0.009365030 -0.546368608 0.837444131
1709436732.094692707 38.524581168 -71.138674950 1.424897519 0.010070469 0.012780137 -0.547185179 0.836853413
1709436732.193773508 38.582729914 -71.286781662 1.425462562 0.009899620 0.016964258 -0.546422549 0.837279290
1709436732.294770241 38.643223633 -71.433293488 1.424284603 0.019245498 0.017431300 -0.544384946 0.838433534
1709436732.394511461 38.693547211 -71.568550658 1.430566519 0.017564605 0.005971555 -0.546211289 0.837441970
1709436732.493357658 38.746975315 -71.703925122 1.426144648 0.021099108 0.001915991 -0.546801188 0.836994395
1709436732.592167854 38.807715629 -71.836468656 1.428925164 0.016000553 0.002978388 -0.548709121 0.835854899
1709436732.694921017 38.881506612 -71.957297636 1.433494622 0.007624196 0.001420612 -0.549354772 0.835553223
1709436732.794487715 38.944439516 -72.103326928 1.444338885 0.014779507 0.009489619 -0.548710639 0.835827822
1709436732.893098116 39.002750080 -72.233745730 1.437965104 0.017165917 0.000314021 -0.552204026 0.833532211
1709436732.991667986 39.055681881 -72.372975966 1.439630741 0.018322422 0.000795230 -0.553416120 0.832702981
1709436733.094650030 39.117630736 -72.519237016 1.435773290 0.017545171 0.004891012 -0.554918272 0.831705451
1709436733.194496632 39.174091738 -72.654822164 1.439385112 0.017885824 0.007659834 -0.556239239 0.830794399
1709436733.295126915 39.229145613 -72.787594642 1.441964773 0.020202367 0.005221976 -0.555114454 0.831512200
1709436733.394852877 39.272368660 -72.923003720 1.443247696 0.021645298 0.001663402 -0.556422728 0.830615712
1709436733.493862391 39.294054874 -73.088942852 1.446880973 0.018741216 0.004383842 -0.557089924 0.830229104
1709436733.594683886 39.348640692 -73.225957176 1.446387736 0.015169818 0.006345688 -0.557207015 0.830210787
1709436733.694420576 39.394704621 -73.368163058 1.443405527 0.018745550 0.007626039 -0.557506494 0.829925874
1709436733.793264389 39.434632486 -73.507507814 1.442384405 0.017437458 0.005142636 -0.557556407 0.829939963
1709436733.892096758 39.491548357 -73.634095951 1.448092274 0.017760722 0.007553273 -0.559755822 0.828432812
1709436733.991030693 39.556560735 -73.771488938 1.447983564 0.015174161 0.004955003 -0.558159593 0.829580051
1709436734.094167948 39.608736811 -73.926382465 1.446978882 0.018068390 0.006334688 -0.559956526 0.828300727
1709436734.192827225 39.689087780 -74.067449930 1.451469336 0.019208640 0.011204106 -0.559633034 0.828442130
1709436734.291483641 39.758076102 -74.210104326 1.443600274 0.022572009 0.015934570 -0.560098177 0.827965353
1709436734.394515753 39.801949306 -74.346110470 1.452541315 0.024724438 0.011397196 -0.560374409 0.827791839
1709436734.494463444 39.849932864 -74.483807059 1.455067455 0.020811483 0.013359616 -0.561218547 0.827298099
1709436734.595101118 39.890560158 -74.611175829 1.450622155 0.014370687 0.003837957 -0.562092102 0.826940882
1709436734.694908857 39.936523268 -74.739344793 1.449478101 0.007237586 0.008078300 -0.562950362 0.826419536
1709436734.794730902 39.971042735 -74.875199296 1.454689502 0.011754282 0.011670698 -0.563168223 0.826176243
1709436734.894599199 40.014642775 -75.012161142 1.451813735 0.007268093 0.003092276 -0.560554704 0.828079728
1709436734.994290829 40.062315105 -75.147161509 1.451642325 0.015675941 0.010619652 -0.561226031 0.827445968
1709436735.093218327 40.127157461 -75.284959030 1.460721609 0.011891996 0.009947619 -0.560600124 0.827941500
1709436735.192112446 40.180770122 -75.433732531 1.459023521 0.010331289 0.013075472 -0.560374329 0.828071801
1709436735.294774532 40.254632395 -75.584749142 1.460196533 0.015578113 0.016584129 -0.561749376 0.826994515
1709436735.393926859 40.293965627 -75.734271833 1.455398483 0.020785849 0.016265318 -0.562502501 0.826374203
1709436735.492454052 40.332764398 -75.866162085 1.457267556 0.016952241 0.007148176 -0.562968166 0.826273786
1709436735.591123819 40.388257371 -76.009558210 1.451777658 0.015022162 0.011445649 -0.564895199 0.824946511
1709436735.694925785 40.432050145 -76.150257249 1.449075954 0.012314361 0.002821510 -0.562352600 0.826801033
1709436735.794779778 40.488149702 -76.292613741 1.463386390 0.016435958 0.004731274 -0.564454837 0.825286745
1709436735.893380880 40.547358190 -76.427011613 1.469622530 0.012512637 0.012441265 -0.566396907 0.823943683
1709436735.994474649 40.620298025 -76.565149170 1.465316619 0.011204962 0.010246075 -0.566157938 0.824156936
1709436736.095132589 40.691241441 -76.713392860 1.469730902 0.013355874 0.013268069 -0.567161503 0.823391407
1709436736.194985628 40.756301807 -76.853631912 1.464387769 0.015204119 0.018260487 -0.567444171 0.823068954
1709436736.294138670 40.792386004 -76.989310200 1.461626812 0.015760669 0.016849627 -0.568142618 0.822606624
1709436736.393018246 40.845482362 -77.141119983 1.463099384 0.022008770 0.015661585 -0.566409664 0.823681019
1709436736.492048502 40.896049260 -77.282406126 1.466745454 0.024560912 0.008621547 -0.568066078 0.822571189
1709436736.594745636 40.970884072 -77.423991059 1.465961584 0.018950877 0.005310534 -0.569936452 0.821453044
1709436736.693544626 41.020620667 -77.560361935 1.456975974 0.014537719 0.005432854 -0.569266678 0.822006441
1709436736.792120695 41.058124708 -77.690355881 1.460646467 0.013435015 0.004443310 -0.570575737 0.821123064
1709436736.890815496 41.112756156 -77.827191844 1.457791335 0.018108820 0.008383866 -0.569760182 0.821568692
1709436736.994504929 41.172448105 -77.974657616 1.464127168 0.018279716 0.007240167 -0.569940519 0.821450691
1709436737.094400883 41.212573875 -78.112196492 1.464758974 0.018742500 0.004123038 -0.568597873 0.822391743
1709436737.192897558 41.256661155 -78.256252419 1.471012479 0.018876181 -0.000045234 -0.569999420 0.821428237
1709436737.294795275 41.276018485 -78.391513591 1.476384247 0.015032228 -0.005195070 -0.571019363 0.820782511
1709436737.394622564 41.343875024 -78.513866492 1.489994418 0.017365815 0.004020059 -0.570273753 0.821261295
1709436737.494460821 41.395874826 -78.648391235 1.488500733 0.014541204 0.004062913 -0.571549999 0.820428330
1709436737.594133854 41.445248524 -78.787070318 1.482928498 0.013759890 0.007383527 -0.572614229 0.819676213
1709436737.693200111 41.470635675 -78.939660872 1.481970779 0.009618765 0.003924096 -0.571351798 0.820639509
1709436737.792319298 41.535791643 -79.080466929 1.490363618 0.007704800 0.002828068 -0.570362964 0.821351769
1709436737.894500732 41.583084292 -79.243211985 1.496931967 0.007818302 0.003021273 -0.571024755 0.820890051
1709436737.993138313 41.647213775 -79.395745071 1.498994514 0.007602581 0.003995383 -0.570285181 0.821401881
1709436738.091805220 41.699421177 -79.537385209 1.510107552 0.004614205 0.008634584 -0.571505861 0.820539581
1709436738.190453053 41.714957160 -79.670618338 1.512400231 -0.000087176 0.006392315 -0.569487134 0.821975386
1709436738.294770718 41.762635785 -79.815114499 1.519384261 0.000735154 0.006487682 -0.570498542 0.821272660
1709436738.394031286 41.842778218 -79.959720495 1.527491826 0.001813581 0.005767218 -0.568330204 0.822778360
1709436738.492577076 41.907939571 -80.099087197 1.526891919 0.002175055 0.009500152 -0.569779257 0.821739992
1709436738.595086575 41.952035909 -80.242046554 1.538979188 0.000382776 0.006058264 -0.571768515 0.820392538
1709436738.694921970 41.987219669 -80.388138814 1.547234772 -0.001112439 0.008152907 -0.568806660 0.822430104
1709436738.794767857 42.024855541 -80.535130944 1.554478499 -0.000412019 0.005427884 -0.573085508 0.819477497
1709436738.894421101 42.074864397 -80.674761519 1.554935732 0.002537932 0.006432340 -0.573277918 0.819331809
1709436738.993511677 42.112683195 -80.809735042 1.562068653 0.001161223 0.007466807 -0.572527373 0.819850782
1709436739.095089436 42.154272322 -80.952177777 1.559810561 0.001355634 0.011048346 -0.572978196 0.819495018
1709436739.194240570 42.201684546 -81.099033295 1.563771234 0.003329087 0.013691155 -0.573861574 0.818831096
1709436739.292870522 42.260493045 -81.244731204 1.563991869 0.007176466 0.009000161 -0.573477270 0.819140596
1709436739.391641855 42.323710590 -81.387771459 1.553147177 0.012030190 0.016699846 -0.575604872 0.817468912
1709436739.490311861 42.366233203 -81.520303210 1.569361734 0.007029019 0.009117358 -0.577291286 0.816457125
1709436739.594913244 42.412970194 -81.681380250 1.562459131 0.012008588 0.015655707 -0.577115229 0.816424341
1709436739.693472862 42.462890045 -81.828551421 1.566665534 0.013125155 0.017633089 -0.579355267 0.814778669
1709436739.792016506 42.529942318 -81.982272924 1.553799251 0.017792405 0.023504525 -0.579225510 0.814634137
1709436739.894595861 42.587807802 -82.141778615 1.550969482 0.019956626 0.029149263 -0.578037374 0.815245268
1709436739.994425535 42.614766001 -82.270694137 1.567582978 0.011660568 0.009131754 -0.578858948 0.815293175
1709436740.095067739 42.668506400 -82.416261412 1.564618743 0.014370601 0.010700501 -0.577865542 0.815935292
1709436740.194551706 42.724316359 -82.557302953 1.564218856 0.005193156 0.008824542 -0.580963920 0.813864904
1709436740.293679714 42.777871336 -82.688456917 1.570662499 -0.002527566 0.016188585 -0.581453091 0.813414928
1709436740.394574642 42.842121564 -82.833261543 1.577338654 0.007702173 0.027579040 -0.579261994 0.814638334
1709436740.494059801 42.883748639 -82.983596412 1.562245995 0.014745353 0.026870367 -0.579629659 0.814303394
1709436740.592782736 42.906396101 -83.133685207 1.563471446 0.016275597 0.025552499 -0.581785128 0.812778100
1709436740.691541910 42.942633523 -83.281735179 1.543796740 0.018654117 0.025862092 -0.582775117 0.812007598
1709436740.790285587 42.966590231 -83.423349599 1.546028713 0.015598578 0.017890941 -0.582035042 0.812817205
1709436740.894398212 43.022262418 -83.567523545 1.552322729 0.018206084 0.012088449 -0.583270620 0.811983862
1709436740.992989540 43.064399863 -83.713815371 1.543759047 0.023798667 0.016167729 -0.583576074 0.811548639
1709436741.091490746 43.122661476 -83.849092603 1.539626852 0.023078191 0.022128751 -0.584734559 0.810594357
1709436741.190109968 43.168903131 -84.008949835 1.546457387 0.024385514 0.033421613 -0.583473180 0.811077919
1709436741.295107126 43.211660705 -84.155243235 1.552767273 0.025948987 0.030792454 -0.580542299 0.813233739
1709436741.394948959 43.255708742 -84.306821074 1.547426456 0.021803692 0.024485129 -0.581311578 0.813020250
1709436741.494512081 43.322467138 -84.414309458 1.555106348 0.012445078 0.023166445 -0.579297738 0.814691700
1709436741.593642235 43.354279993 -84.535556251 1.554803640 0.007187729 0.019381945 -0.573282506 0.819096969
1709436741.694447994 43.426607753 -84.676477266 1.560909872 0.003342648 0.017264582 -0.567097665 0.823462810
1709436741.793680906 43.468677096 -84.800271073 1.562041105 0.005964505 0.013198770 -0.556741343 0.830559627
1709436741.892403364 43.527702449 -84.917700696 1.546705310 0.011794670 0.005728281 -0.547630939 0.836617253
1709436741.991050720 43.578011493 -85.040524418 1.541081215 0.006552826 -0.001600088 -0.536457939 0.843900101
1709436742.089963913 43.656818523 -85.166070328 1.555164324 0.009886633 0.001005745 -0.526762088 0.849954673
1709436742.194209576 43.712205732 -85.288462600 1.573745390 -0.005965641 -0.009649770 -0.516433568 0.856252103
1709436742.292928457 43.800944152 -85.397342559 1.574239946 -0.006067688 -0.008194335 -0.506551361 0.862149497
1709436742.391559124 43.906127739 -85.523460002 1.565588646 -0.006631282 -0.007682068 -0.497739525 0.867267189
1709436742.494800329 43.981308996 -85.652190627 1.586610642 -0.012018314 -0.001433321 -0.491979996 0.870522366
1709436742.594575882 44.070208577 -85.787356083 1.595207463 -0.012878927 0.011957483 -0.488387407 0.872449937
1709436742.694477081 44.132304734 -85.886202679 1.613471099 -0.018524474 -0.002238018 -0.492052972 0.870365273
1709436742.795136213 44.193817647 -85.972228466 1.633779719 -0.025468358 -0.016452005 -0.491625933 0.870278482
1709436742.894980192 44.274906471 -86.070513421 1.652083988 -0.029291172 -0.016741353 -0.494798251 0.868352720
1709436742.994457483 44.340795817 -86.207425594 1.667123534 -0.032069378 -0.011260084 -0.493852189 0.868881339
1709436743.093295097 44.384173015 -86.341337088 1.668534710 -0.021816941 0.001114756 -0.491642296 0.870523194
1709436743.192114592 44.405763209 -86.476931258 1.674969445 -0.005430847 0.001445544 -0.490017039 0.871694739
1709436743.291151524 44.474521446 -86.596912297 1.669233453 0.002942820 0.006390437 -0.490141830 0.871614300
1709436743.394958735 44.547190133 -86.718880059 1.676085195 0.002568330 0.010285374 -0.491631336 0.870738907
1709436743.493834496 44.630871189 -86.840782032 1.672573397 0.004016997 0.011209781 -0.491284938 0.870917513
1709436743.592463255 44.693003223 -86.973062295 1.676916064 0.010433370 0.014103600 -0.491817640 0.870521477
1709436743.691119432 44.768874589 -87.098030842 1.696980949 0.005265750 0.010759433 -0.492489137 0.870236150
1709436743.795093775 44.852598835 -87.236287468 1.700872414 0.004228074 0.017023544 -0.492690219 0.870027971
1709436743.894258022 44.924155630 -87.353202094 1.693862393 0.003221083 0.010314533 -0.493377053 0.869748422
1709436743.994734764 44.979442621 -87.470135557 1.691839759 0.005633102 0.012672487 -0.493945890 0.869382042
1709436744.094579697 45.033250924 -87.594119777 1.696543864 0.008554417 0.013694906 -0.494397150 0.869086146
1709436744.194817543 45.071094505 -87.708526270 1.686787717 0.012066688 0.010317131 -0.494134818 0.869240320
1709436744.294582844 45.161076117 -87.800153981 1.701144111 0.009536178 0.010282530 -0.498095766 0.867008615
1709436744.393335104 45.255160314 -87.924396261 1.703037336 0.010285871 0.016827388 -0.498963461 0.866398583
1709436744.492285490 45.329386872 -88.050295404 1.697181767 0.013295416 0.011527667 -0.498468676 0.866729095
1709436744.591085672 45.399061805 -88.171544106 1.696127519 0.018353719 0.009621040 -0.498781907 0.866479766
1709436744.694559097 45.480777888 -88.304730283 1.692824684 0.024056875 0.014181051 -0.499171991 0.866052821
1709436744.793365955 45.556900398 -88.419045152 1.693450832 0.022618978 0.005360148 -0.502000826 0.864554696
1709436744.892076731 45.624022780 -88.534967838 1.698646497 0.021710124 0.008146416 -0.501353496 0.864931777
1709436744.990746021 45.687643996 -88.653204013 1.695889429 0.023932014 0.010379723 -0.502089753 0.864422004
1709436745.094939232 45.728638273 -88.774836277 1.703808747 0.021881987 0.002925986 -0.502863387 0.864083926
1709436745.194780350 45.783458785 -88.901146563 1.700735741 0.027282414 0.007792840 -0.504055241 0.863205222
1709436745.294624567 45.850004714 -89.027474066 1.705011954 0.023342339 0.008471387 -0.503168519 0.863831472
1709436745.394462585 45.929304432 -89.154403158 1.702611708 0.021199994 0.014373426 -0.504847823 0.862828280
1709436745.495105982 46.016060165 -89.276941024 1.691842749 0.028827086 0.024442897 -0.501098799 0.864564363
1709436745.594561338 46.088245251 -89.409003663 1.698779901 0.032833914 0.018954267 -0.502037296 0.864014596
1709436745.693368435 46.166887389 -89.522272274 1.701956927 0.029412019 0.019180521 -0.501648139 0.864358829
1709436745.792230368 46.243077859 -89.627849300 1.707940953 0.017761372 0.002177544 -0.501335811 0.865067741
1709436745.891066551 46.285320137 -89.755963844 1.705095003 0.016610971 -0.003336324 -0.500254949 0.865712383
1709436745.994482279 46.346044535 -89.890187302 1.715635704 0.014847734 -0.001457130 -0.501354427 0.865113380
1709436746.093198299 46.440150527 -89.982461436 1.729446267 0.008604203 -0.000059501 -0.499620789 0.866201496
1709436746.191749573 46.519074477 -90.093729794 1.728201914 0.018337868 0.008654728 -0.492802227 0.869905042
1709436746.290401936 46.595746672 -90.217648954 1.727779061 0.022219950 0.002661109 -0.486474536 0.873408105
1709436746.394451141 46.644353913 -90.345274779 1.737338580 0.014704375 -0.003462332 -0.483117379 0.875425263
1709436746.493242025 46.719088386 -90.469008264 1.750016778 0.010918782 -0.001473120 -0.479739020 0.877342056
1709436746.594947338 46.784793046 -90.582318766 1.750889473 0.012231293 -0.004990402 -0.471571220 0.881729026
1709436746.694772482 46.855766095 -90.691540033 1.754887659 0.011967014 -0.008211243 -0.462169148 0.886673020
1709436746.794620514 46.952534284 -90.799918653 1.774345931 0.011676400 0.002741785 -0.450633433 0.892628508
1709436746.894247532 47.046960321 -90.899620473 1.782999113 0.006112379 -0.001149708 -0.438278475 0.898817721
1709436746.993079662 47.138583298 -91.004985998 1.780797141 0.008064861 -0.003787941 -0.429874270 0.902844794
1709436747.092339516 47.234856157 -91.131834238 1.777327557 0.008724843 -0.003361423 -0.419259987 0.907818066
1709436747.194778442 47.339292902 -91.241423748 1.781762801 0.014434244 0.002248638 -0.398152600 0.917202869
1709436747.294215202 47.434422161 -91.342778023 1.789834365 0.014424735 0.005747852 -0.366418002 0.930320771
1709436747.392786980 47.528172200 -91.420023056 1.805487804 0.006731801 0.009578648 -0.341072881 0.939963947
1709436747.491657257 47.637254988 -91.465482859 1.809928699 -0.006076445 0.013117846 -0.317511417 0.948144239
1709436747.594936609 47.729847490 -91.506790980 1.827274073 -0.007197627 0.014160518 -0.298927008 0.954143761
1709436747.694388390 47.798574274 -91.552658678 1.824443443 -0.004507762 0.018845467 -0.286262099 0.957955395
1709436747.792889118 47.835666904 -91.576694256 1.830243538 -0.009760073 0.006263606 -0.276086348 0.961062868
1709436747.891560316 47.910213370 -91.617022873 1.822387467 -0.008533417 0.010814871 -0.266699150 0.963681370
1709436747.995097637 47.977945642 -91.666489650 1.815929943 0.001008997 0.011150587 -0.257684419 0.966164265
1709436748.094928265 48.029291295 -91.733679834 1.811531253 0.003735520 0.015264352 -0.246609753 0.968987448
1709436748.194572449 48.113890033 -91.740040221 1.815419483 -0.000026085 0.018632419 -0.234369873 0.971968927
1709436748.293400764 48.192503689 -91.774753548 1.818844254 -0.002046928 0.015465898 -0.218005023 0.975822948
1709436748.392514467 48.311290693 -91.804093303 1.826280214 -0.005140821 0.022738938 -0.203722128 0.978751147
1709436748.495079041 48.436900933 -91.844972330 1.815009262 0.000309652 0.023582260 -0.183743287 0.982691297
1709436748.593949318 48.563737423 -91.887890040 1.825084245 -0.000141075 0.015534926 -0.162697978 0.986553604
1709436748.692636967 48.717620267 -91.909860479 1.815372281 0.001794996 0.019564818 -0.141185277 0.989788216
1709436748.791401148 48.865619923 -91.929707330 1.816807991 0.001555978 0.014951165 -0.116575813 0.993068035
1709436748.894442558 49.025811976 -91.957507090 1.810434160 0.001918769 0.013800303 -0.089303628 0.995906990
1709436748.994007587 49.186333576 -91.985999556 1.818625035 0.001829056 0.020673288 -0.066742698 0.997554350
1709436749.092659473 49.362141626 -92.002301844 1.819233541 0.001195511 0.023505548 -0.044133740 0.998748353
1709436749.191241980 49.543178284 -91.978180357 1.824888912 -0.004575625 0.019936133 -0.019719512 0.999596296
1709436749.294604778 49.702100287 -92.022028029 1.818554892 -0.001468860 0.021777831 0.016470532 0.999626075
1709436749.394450188 49.909378358 -92.008688323 1.821535332 0.002886706 0.032150175 0.045994802 0.998420007
1709436749.494494438 50.089820168 -91.941529140 1.820422650 0.009248564 0.027469888 0.075824637 0.996699801
1709436749.593683481 50.246315985 -91.907443003 1.833041190 0.004525941 0.028224854 0.097445380 0.994830273
1709436749.692625999 50.410873192 -91.879730597 1.843125809 -0.001297625 0.022445030 0.121400015 0.992349018
1709436749.794599056 50.525268529 -91.817154422 1.840646775 -0.007603039 0.012875057 0.149686717 0.988620409
1709436749.893615484 50.673124854 -91.747083403 1.840269883 -0.005078860 0.019417281 0.173920837 0.984555086
1709436749.992384195 50.805338615 -91.685855991 1.841078471 0.006859606 0.021356988 0.195581116 0.980430952
1709436750.090950251 50.936415298 -91.635868820 1.830164334 0.006247742 0.023765103 0.216660988 0.975937601
1709436750.194751263 51.063693081 -91.561102183 1.845422330 0.002489290 0.026489913 0.238634693 0.970744854
1709436750.293696165 51.183963646 -91.497760124 1.844853237 -0.002829271 0.028117996 0.259912992 0.965218426
1709436750.392284155 51.311584398 -91.424720331 1.844868980 0.002504670 0.025269667 0.277709791 0.960329341
1709436750.490936041 51.444028984 -91.351270720 1.849726912 0.000080790 0.033018930 0.296935602 0.954326460
1709436750.594505310 51.561437954 -91.238134338 1.846109016 0.000521429 0.029165727 0.315647556 0.948428020
1709436750.695140600 51.669810725 -91.132504270 1.839055731 0.000236368 0.029353766 0.337322510 0.940931360
1709436750.794558764 51.810132361 -91.029415563 1.832750647 -0.000316913 0.033663204 0.358308145 0.932996228
1709436750.893623590 51.918472800 -90.920238244 1.833057692 0.001295499 0.029170358 0.381211379 0.924026675
1709436750.992595434 52.012790540 -90.802716111 1.829702386 -0.002446682 0.021330696 0.397376174 0.917404595
1709436751.094526768 52.091717187 -90.674118430 1.821802302 -0.009420521 0.016047786 0.417038481 0.908698315
1709436751.193458080 52.174650238 -90.562704849 1.820202690 -0.004851206 0.014549638 0.434863426 0.900365800
1709436751.292224884 52.256006110 -90.441847367 1.825097452 -0.010326182 0.017443029 0.448250346 0.893678207
1709436751.391039610 52.325887392 -90.305785771 1.822394418 -0.013506044 0.018555508 0.469014982 0.882891968
1709436751.494709730 52.417209584 -90.190815373 1.824830639 -0.011930671 0.028994852 0.484271341 0.874355892
1709436751.593312979 52.469252757 -90.063523501 1.827806743 -0.017987775 0.027062503 0.499724066 0.865574906
1709436751.691916227 52.532853223 -89.922812182 1.826377023 -0.020978341 0.027937053 0.518676723 0.854256336
1709436751.790605307 52.594494963 -89.780023904 1.816211204 -0.022139765 0.028044811 0.535196945 0.843971296
1709436751.894457579 52.650292438 -89.635136901 1.809719817 -0.014654595 0.022979267 0.555858940 0.830829727
1709436751.995089769 52.686433365 -89.513783281 1.803726912 -0.018826805 0.027219913 0.572505126 0.819232878
1709436752.094720364 52.720507204 -89.364614884 1.786530253 -0.018154588 0.021768521 0.588107307 0.808286049
1709436752.193829060 52.735659995 -89.206896012 1.781973170 -0.018074487 0.015124707 0.604563756 0.796208026
1709436752.294602394 52.785050988 -89.056362961 1.779161519 -0.020487450 0.016542747 0.619940247 0.784207047
1709436752.394423962 52.826379699 -88.912579983 1.767390143 -0.012460298 0.014484869 0.636708825 0.770867564
1709436752.493235111 52.866243034 -88.783634362 1.765653813 -0.013983962 0.014965035 0.647749525 0.761578000
1709436752.592073679 52.876323560 -88.647043716 1.764177905 -0.019983356 0.009823899 0.661015269 0.750041979
1709436752.694764376 52.877287219 -88.482479177 1.758944894 -0.022667791 0.009838543 0.676037715 0.736452566
1709436752.794188976 52.886007433 -88.327733725 1.753001822 -0.015704540 0.010152330 0.693217687 0.720485626
1709436752.892834663 52.884267280 -88.173970184 1.738955244 -0.022075717 0.019235194 0.704443880 0.709155477
1709436752.991622210 52.876979831 -88.032485878 1.738482960 -0.023537461 0.016267153 0.718929682 0.694493686
1709436753.090202570 52.855433515 -87.886140951 1.732921623 -0.026430825 0.016321866 0.733085850 0.679426335
1709436753.194752932 52.843865657 -87.736838684 1.734855611 -0.020438488 0.019732007 0.748147076 0.662924482
1709436753.294596910 52.793502240 -87.575905884 1.725212477 -0.022210130 0.022813785 0.761227471 0.647702848
1709436753.394428730 52.733031241 -87.422823973 1.727021336 -0.013218915 0.015817324 0.775462338 0.631057235
1709436753.494023323 52.697664372 -87.268538366 1.732322784 -0.016452168 0.014359973 0.787590793 0.615811546
1709436753.594877720 52.644716422 -87.152232819 1.728434168 -0.013225907 0.009833428 0.799692181 0.600183968
1709436753.694379330 52.598607376 -87.028031638 1.727414415 -0.017719790 0.013600971 0.808909840 0.587508207
1709436753.793104410 52.550773237 -86.877821578 1.720769530 -0.026894800 0.014365715 0.817302228 0.575401915
1709436753.891972542 52.511218430 -86.749834616 1.718952826 -0.018321872 0.022470507 0.828637362 0.559034442
1709436753.994651556 52.439923382 -86.605709620 1.706399447 -0.020624586 0.027787881 0.837912268 0.544706794
1709436754.093972206 52.373211299 -86.478752677 1.704444732 -0.017003678 0.026810769 0.848646854 0.528006226
1709436754.192667246 52.281595578 -86.379267579 1.702947652 -0.022113991 0.022334756 0.858360131 0.512083992
1709436754.291229486 52.215529231 -86.255589492 1.703352874 -0.020150067 0.023054542 0.869264019 0.493398954
1709436754.390127182 52.125391770 -86.142877561 1.701770596 -0.016681286 0.027096104 0.877428750 0.478650524
1709436754.494623423 52.078789226 -86.000989837 1.691901978 -0.023753324 0.031715982 0.886192348 0.461619972
1709436754.593565702 51.984830290 -85.873923409 1.684042252 -0.032274604 0.033202621 0.893198153 0.447272842
1709436754.695081234 51.869595968 -85.749076872 1.681139177 -0.037964530 0.032756713 0.901367056 0.430143141
1709436754.794949055 51.760910705 -85.639570647 1.670628180 -0.041473297 0.033696451 0.908619778 0.414191519
1709436754.894794464 51.638509143 -85.558462470 1.664419029 -0.036986931 0.036888258 0.918385147 0.392224356
1709436754.993721247 51.556087580 -85.472797562 1.647637221 -0.035450051 0.040753536 0.925853571 0.374002151
1709436755.092865229 51.444982651 -85.385893384 1.638127073 -0.032566674 0.040195559 0.934293331 0.352731768
1709436755.191821337 51.327974347 -85.342456517 1.627682354 -0.030316230 0.031923240 0.941559771 0.333956631
1709436755.294955730 51.229669107 -85.299730074 1.631055959 -0.022882572 0.018055584 0.947910947 0.317199022
1709436755.393590212 51.144306439 -85.257949422 1.632376627 -0.020492867 0.007469386 0.954483374 0.297465527
1709436755.492173910 51.102367908 -85.197814263 1.649087767 -0.013024469 0.008918743 0.960548435 0.277664407
1709436755.590795994 51.047922258 -85.149507663 1.656225701 -0.005970910 0.010796054 0.964673254 0.263160230
1709436755.695113659 50.961716398 -85.097258447 1.658060105 -0.019545523 -0.002357458 0.965885469 0.258220207
1709436755.794930458 50.821152107 -85.066097630 1.701589640 -0.009724578 -0.024992872 0.968999386 0.245603297
1709436755.893302441 50.686283607 -85.023123387 1.714987617 -0.017173519 -0.034322441 0.970463006 0.238177654
1709436755.994642019 50.591089814 -84.970457117 1.725460263 -0.024366066 -0.043857075 0.972269663 0.228417498
1709436756.094491243 50.422549087 -84.899640674 1.734333591 -0.019860311 -0.044129997 0.975394467 0.215090085
1709436756.195143938 50.326057056 -84.828399907 1.707968156 -0.022660201 -0.034426411 0.979449038 0.197435861
1709436756.294379711 50.232581787 -84.746892073 1.692096198 -0.028251370 -0.012125077 0.983632938 0.177541784
1709436756.393078804 50.130927554 -84.665128579 1.678144208 -0.025148314 0.013991295 0.986334088 0.162224761
1709436756.491998672 50.006937193 -84.617690494 1.666269659 -0.022869248 0.029206009 0.988668858 0.145457537
1709436756.594490290 49.907111167 -84.619709862 1.664867546 -0.028368022 0.017144173 0.990672237 0.132173564
1709436756.693463326 49.840130804 -84.619922386 1.683256122 -0.023132314 0.005531812 0.992509508 0.119829758
1709436756.792151451 49.765668068 -84.634970483 1.688279080 -0.023527898 0.000514174 0.993976196 0.107039693
1709436756.890823603 49.676352754 -84.614948657 1.682557705 -0.017371541 -0.001564594 0.995485825 0.093293913
1709436756.994640350 49.615215528 -84.611654383 1.667685353 -0.018576859 0.010951262 0.996852817 0.076285203
1709436757.094223022 49.544133620 -84.609813604 1.667961174 -0.024932847 0.015072663 0.997039204 0.071161745
1709436757.195083618 49.414131780 -84.608136451 1.669713974 -0.023353313 0.010387254 0.997249562 0.069570382
1709436757.294936895 49.321033605 -84.591217719 1.673780285 -0.022794499 0.015862141 0.997050161 0.071552636
1709436757.394798994 49.218334605 -84.574287637 1.675293603 -0.030404813 0.005676991 0.996470367 0.078039259
1709436757.494628906 49.114303032 -84.565746743 1.690611369 -0.032050991 -0.006056435 0.995221765 0.092030932
1709436757.594467163 49.031761982 -84.557839918 1.691658191 -0.027906674 -0.009572444 0.993757301 0.107591876
1709436757.693470240 48.952952077 -84.521263246 1.688118056 -0.026658476 -0.007914799 0.991651195 0.125915008
1709436757.794962168 48.871828965 -84.477185091 1.678140809 -0.028113990 0.002473141 0.988887938 0.145959352
1709436757.894364834 48.817743983 -84.424381076 1.675406858 -0.017270529 0.003861360 0.985606272 0.168128210
1709436757.993041754 48.754319425 -84.382190308 1.665911035 -0.018951637 0.009199708 0.982968191 0.182564333
1709436758.091764688 48.697543191 -84.336534281 1.662409140 -0.009187456 0.018232707 0.979178624 0.201971239
1709436758.190544128 48.617807727 -84.304597379 1.665461005 -0.018511889 0.013017903 0.975071347 0.220734484
1709436758.294958115 48.546054949 -84.275565016 1.680399978 -0.023559876 0.005947089 0.970354013 0.240463415
1709436758.393725872 48.481515894 -84.241372847 1.686192895 -0.024473442 0.005253192 0.964863967 0.261554925
1709436758.492370844 48.441018229 -84.210504387 1.683739307 -0.025799484 0.007940206 0.960219700 0.277937883
1709436758.594483137 48.404978610 -84.177849072 1.681223559 -0.024298068 0.013474811 0.955308543 0.294301922
1709436758.695118189 48.362891953 -84.136696003 1.675897211 -0.028575332 0.021459763 0.950996188 0.307130558
1709436758.794966459 48.328967932 -84.090348255 1.675187243 -0.028895592 0.024481831 0.946664845 0.319986495
1709436758.894335985 48.303345956 -84.056632874 1.665493659 -0.027344619 0.024969989 0.942526135 0.332074173
1709436758.993363142 48.270682827 -84.027959862 1.661722960 -0.027391178 0.024340164 0.938189725 0.344176292
1709436759.094492674 48.250449148 -83.992184799 1.670829234 -0.032087072 0.019354800 0.934504814 0.353972548
1709436759.194174528 48.223274043 -83.973594651 1.677828281 -0.033642608 0.020284095 0.931354700 0.361987781
1709436759.292883396 48.197065514 -83.949107802 1.676198543 -0.033827550 0.023271257 0.928601290 0.368800473
1709436759.391768456 48.169965587 -83.911674452 1.672523012 -0.032814717 0.026056771 0.924553883 0.378740486
1709436759.490300179 48.133487223 -83.884127296 1.670992741 -0.037294816 0.020912901 0.920479050 0.388445705
1709436759.594495773 48.101380918 -83.849514598 1.670175808 -0.038697686 0.020009808 0.914900323 0.401322184
1709436759.693209171 48.082263342 -83.815708956 1.661201069 -0.039206066 0.023480263 0.908682982 0.414978072
1709436759.791825533 48.071430456 -83.776755726 1.658954895 -0.038910055 0.019893726 0.900224090 0.433228386
1709436759.894797802 48.057922483 -83.742041417 1.662141415 -0.038201374 0.021156263 0.891231578 0.451441405
1709436759.994623423 48.024050900 -83.720810185 1.664706449 -0.037253416 0.017537830 0.882619431 0.468281483
1709436760.094457626 48.010203557 -83.701167975 1.663549651 -0.036440334 0.011998416 0.874652621 0.483229689
1709436760.194565535 48.000655393 -83.665439722 1.663344737 -0.036827389 0.012744125 0.865947631 0.498614110
1709436760.293786049 47.969389921 -83.644533858 1.661107773 -0.034037696 0.009488858 0.855951869 0.515846677
1709436760.394803047 47.941467752 -83.609444832 1.657205519 -0.033459866 0.006421911 0.845339299 0.533142257
1709436760.493829966 47.934875964 -83.580058040 1.657544060 -0.031895610 0.004548423 0.835026371 0.549265821
1709436760.592496157 47.955548886 -83.524873707 1.654519626 -0.031622369 0.005134873 0.824911945 0.564352676
1709436760.691359758 47.963208645 -83.468680697 1.654852509 -0.033537744 0.007620110 0.815110429 0.578283790
1709436760.794967890 47.961792487 -83.427005398 1.658974500 -0.031648946 0.011840638 0.804257199 0.593319898
1709436760.894390106 47.944567136 -83.391580519 1.653965971 -0.025885178 0.009573443 0.792221321 0.609609453
1709436760.993001699 47.961002565 -83.330853269 1.645801795 -0.022875711 0.012022335 0.780674142 0.624403755
1709436761.091659307 47.949196641 -83.310274524 1.640790018 -0.018188220 0.011045197 0.765138199 0.643514357
1709436761.195102930 47.988028408 -83.243920670 1.641043409 -0.024068588 0.011067973 0.751208197 0.659533508
1709436761.294922590 47.998877186 -83.197681787 1.646147303 -0.023806711 0.011791478 0.737948193 0.674334239
1709436761.394769669 47.999617895 -83.161634572 1.643175085 -0.024435595 0.013287992 0.724586921 0.688621903
1709436761.494613886 48.024828686 -83.123868871 1.638454273 -0.025129915 0.013827813 0.711830370 0.701765490
1709436761.594456911 48.033433048 -83.082954155 1.646478449 -0.023626257 0.013753440 0.700618025 0.713012640
1709436761.694889784 48.023556152 -83.036586230 1.638642119 -0.021076586 0.019205600 0.688677385 0.724506992
1709436761.793576479 48.029509714 -82.998293224 1.634001840 -0.018688296 0.021304587 0.674967402 0.737303105
1709436761.892239094 48.057347899 -82.966802038 1.634937327 -0.017279485 0.019036161 0.660813613 0.750109600
1709436761.991101742 48.074059747 -82.915945191 1.632388355 -0.020318151 0.021318295 0.648713834 0.760462402
1709436762.094470024 48.094810631 -82.872296713 1.634544793 -0.015706870 0.026374312 0.632905969 0.773619884
1709436762.193994761 48.141978860 -82.814917000 1.628500770 -0.015464257 0.027285030 0.618692357 0.785007102
1709436762.292645693 48.166253475 -82.764894354 1.634008541 -0.011865668 0.025162487 0.603314286 0.797018147
1709436762.391312122 48.195441027 -82.714389757 1.626981915 -0.014321827 0.021653046 0.593036589 0.804756880
1709436762.494647503 48.224822702 -82.665716023 1.627008444 -0.015000752 0.019105678 0.580436983 0.813942786
1709436762.594480276 48.267967583 -82.597759841 1.627655104 -0.015036276 0.019250576 0.569791024 0.821426512
1709436762.695133924 48.299588170 -82.504549010 1.619507355 -0.015377330 0.022139472 0.566436112 0.823664685
1709436762.794976711 48.341989554 -82.404051145 1.614358773 -0.018020171 0.028233410 0.567454972 0.822722920
1709436762.894829273 48.387974343 -82.291883069 1.613914944 -0.018034032 0.029410219 0.567520310 0.822636318
1709436762.994614840 48.421284356 -82.184060910 1.614035360 -0.011676458 0.028948540 0.568840456 0.821855326
1709436763.093351603 48.489994008 -82.080683182 1.609323212 -0.003407940 0.037376229 0.573872072 0.818084500
1709436763.192117453 48.534072256 -81.962402822 1.606295068 -0.001876532 0.032625359 0.573405643 0.818619590
1709436763.290980101 48.568538040 -81.846409383 1.600433547 -0.008511018 0.020057152 0.572870290 0.819356396
1709436763.394798756 48.590654753 -81.728859738 1.610919085 -0.017623401 0.013366187 0.574658724 0.818094195
1709436763.493703842 48.630435260 -81.626875545 1.614760164 -0.015799786 0.017489597 0.575345511 0.817570807
1709436763.592364550 48.660977051 -81.529792178 1.619156623 -0.023820698 0.012478165 0.573489295 0.818771579
1709436763.695095778 48.706422996 -81.429079511 1.619059256 -0.024294344 0.016505825 0.573254394 0.818850867
1709436763.794949532 48.746313365 -81.320574373 1.619050410 -0.029446021 0.017635237 0.572526075 0.819167763
1709436763.894274473 48.797748528 -81.203022413 1.611362800 -0.030077435 0.018208629 0.571906796 0.819564769
1709436763.994615316 48.848280328 -81.095770599 1.611277759 -0.026918584 0.015521624 0.570601327 0.820639138
1709436764.094459295 48.894270315 -80.970825651 1.611934303 -0.028092107 0.012918496 0.572570904 0.819271937
1709436764.195106745 48.939963255 -80.856697504 1.602522400 -0.020671680 0.018602826 0.571905474 0.819848001
1709436764.294743776 48.957310678 -80.739338907 1.605845781 -0.021424879 0.014456952 0.572454128 0.819529281
1709436764.393264294 48.986137673 -80.626943050 1.602854679 -0.021449008 0.019817858 0.576003849 0.816925185
1709436764.492088079 48.998092217 -80.506319617 1.608296642 -0.023968196 0.014936658 0.578985010 0.814848931
1709436764.591180325 49.031609896 -80.378652922 1.608793089 -0.031805214 0.020523084 0.580265627 0.813547192
1709436764.694707870 49.048282642 -80.275358204 1.606129943 -0.022329292 0.017240576 0.580678387 0.813644134
1709436764.793227673 49.091292474 -80.156080673 1.587861788 -0.023589072 0.030257338 0.582309768 0.812061194
1709436764.891868830 49.143570532 -80.036378646 1.577179105 -0.024515949 0.034007702 0.578324439 0.814728966
1709436764.990546465 49.205997652 -79.928991776 1.572175764 -0.026583075 0.034980330 0.577294507 0.815353156
1709436765.094496965 49.247692900 -79.810466956 1.582588915 -0.032685044 0.034993432 0.576432104 0.815740876
1709436765.193663836 49.295432618 -79.709850314 1.589267624 -0.032611537 0.024149186 0.574884814 0.817227481
1709436765.294991016 49.372840108 -79.596591202 1.593093176 -0.028488260 0.017492978 0.579370995 0.814378085
1709436765.394832611 49.431209205 -79.491331367 1.578413126 -0.014341621 0.023630478 0.579040558 0.814830013
1709436765.494667053 49.501256887 -79.378273119 1.565770642 -0.011800077 0.033862873 0.578714140 0.814741682
1709436765.594287157 49.522707583 -79.268666111 1.573968634 -0.012424244 0.023874131 0.580003618 0.814169189
1709436765.693277359 49.576427277 -79.165029546 1.555840478 -0.014266204 0.028158846 0.580776914 0.813450509
1709436765.792214155 49.619041407 -79.030493910 1.554063196 -0.013577655 0.029250545 0.580528044 0.813601403
1709436765.891136646 49.641075925 -78.913580959 1.555663209 -0.006217530 0.022796182 0.583927573 0.811461808
1709436765.994325399 49.674319646 -78.793861005 1.557771930 -0.016554577 0.022237351 0.587293623 0.808899033
1709436766.093035936 49.700054638 -78.668164374 1.570313992 -0.013851856 0.022605984 0.594981565 0.803301956
1709436766.191816092 49.717847813 -78.548672396 1.559537341 -0.001224141 0.015619497 0.611314673 0.791232521
1709436766.290462255 49.724849957 -78.441619696 1.549588905 -0.002018691 0.023746598 0.620381320 0.783938162
1709436766.394429445 49.759788121 -78.297199588 1.551765071 -0.006673428 0.022815577 0.630341625 0.775953833
1709436766.492943048 49.768827830 -78.181964335 1.557340241 -0.000967764 0.006092388 0.635012197 0.772477479
1709436766.591724396 49.769647688 -78.054852588 1.560660060 -0.012508454 0.016341564 0.635382047 0.771923666
1709436766.694736242 49.791761909 -77.927737430 1.572207129 -0.012899499 0.009934160 0.639377814 0.768720318
1709436766.794573069 49.845120333 -77.791259066 1.567235936 -0.012033291 0.013765669 0.647906502 0.761500408
1709436766.894460201 49.860207630 -77.647789972 1.574052184 -0.017237851 0.012175371 0.658847487 0.751980456
1709436766.993256569 49.892662439 -77.516652547 1.573254845 -0.017683165 0.022435582 0.670591268 0.741276805
1709436767.092243910 49.870250551 -77.388761173 1.576236270 -0.019786367 0.022656122 0.680821942 0.731831049
1709436767.195133686 49.858047639 -77.240037460 1.575140053 -0.029584297 0.023674937 0.690865230 0.721989958
1709436767.293990135 49.852321773 -77.101490067 1.573407674 -0.035757217 0.021413120 0.698474092 0.714420635
1709436767.392676592 49.846462807 -76.988940333 1.573546954 -0.030197956 0.024099990 0.703385633 0.709757653
1709436767.491406441 49.837302191 -76.881516163 1.574163056 -0.024193656 0.021030986 0.707541110 0.705944716
1709436767.594460964 49.824879172 -76.758800233 1.585190752 -0.023773438 0.011774300 0.711961790 0.701716894
1709436767.693937302 49.829030148 -76.617699121 1.575075759 -0.013777029 -0.003479123 0.720210780 0.693609777
1709436767.792608023 49.851272824 -76.496857621 1.572968891 -0.007508139 0.004814172 0.729743126 0.683663237
1709436767.891250134 49.835190268 -76.380197638 1.570715696 -0.003345542 0.016065807 0.736222596 0.676540455
1709436767.994613647 49.820043491 -76.248693358 1.572202900 -0.004864524 0.016118130 0.742979068 0.669102868
1709436768.094463825 49.786592389 -76.102327744 1.570713230 -0.012903559 0.014407201 0.749852619 0.661322145
1709436768.194316626 49.772799084 -75.963514319 1.569508804 -0.019116387 0.008112758 0.756097691 0.654129214
1709436768.293396235 49.751323804 -75.829905269 1.569234061 -0.018598403 0.015663812 0.763272274 0.645619222
1709436768.392452478 49.735031458 -75.699134789 1.574356867 -0.017001915 0.023343254 0.767780538 0.640061772
1709436768.494635105 49.710405674 -75.560786829 1.566925711 -0.018480792 0.028144672 0.770254096 0.636847678
1709436768.593720913 49.681709747 -75.433439580 1.561949410 -0.016168084 0.026872473 0.775556202 0.630499041
1709436768.692510843 49.648114709 -75.300789552 1.564271653 -0.014092643 0.033295569 0.781973596 0.622262082
1709436768.791167974 49.598838260 -75.163734306 1.558489789 -0.016881406 0.038768390 0.790026681 0.611612518
1709436768.894790173 49.563456341 -75.032317927 1.555477566 -0.012392181 0.030486668 0.800833738 0.597981873
1709436768.993776798 49.504306648 -74.926193666 1.554787246 -0.014743114 0.023208713 0.810696198 0.584821058
1709436769.092370033 49.461020330 -74.793827533 1.557883443 -0.016870654 0.022330222 0.813693710 0.580619746
1709436769.195090532 49.439864397 -74.663417813 1.547325627 -0.012120101 0.027231487 0.818004404 0.574439157
1709436769.294962406 49.402647742 -74.533455982 1.551045436 -0.016639689 0.028614843 0.821180054 0.569708374
1709436769.394804478 49.348038900 -74.410422737 1.552271536 -0.020646994 0.030783110 0.824572561 0.564540692
1709436769.494431019 49.298202620 -74.290598476 1.551202784 -0.019790625 0.034779592 0.828587587 0.558427544
1709436769.593467236 49.230944492 -74.167792780 1.534633493 -0.017490481 0.037530189 0.831965525 0.553280159
1709436769.695078850 49.171772301 -74.034586207 1.535719718 -0.025145797 0.037625607 0.829229045 0.557073777
1709436769.794767141 49.101173816 -73.921230612 1.539152343 -0.024524552 0.033286894 0.831547496 0.553912711
1709436769.893465519 49.027345364 -73.804046246 1.536555785 -0.023976570 0.036085148 0.833459053 0.550880198
1709436769.992258310 48.988295450 -73.693945335 1.527224573 -0.016705818 0.033196586 0.835182105 0.548716461
1709436770.090995550 48.947864130 -73.561692164 1.516281016 -0.017340766 0.036439489 0.835605241 0.547846093
1709436770.194836378 48.893011236 -73.438639152 1.504847780 -0.014164849 0.035246050 0.835878256 0.547598954
1709436770.293450594 48.844622266 -73.331770026 1.514218719 -0.017001109 0.030087710 0.835826894 0.547904275
1709436770.392093658 48.805433999 -73.212842353 1.520380911 -0.017636144 0.025085470 0.836649446 0.546879685
1709436770.490728140 48.778432978 -73.116917835 1.514427788 -0.014285470 0.027941486 0.836952651 0.546374833
1709436770.594429255 48.735516027 -72.979828706 1.507184220 -0.017242033 0.031790220 0.837201204 0.545697937
1709436770.695057154 48.694925797 -72.877302899 1.511935210 -0.006889406 0.025880445 0.836615961 0.547134785
1709436770.794503689 48.643808948 -72.773815570 1.522087397 -0.015587101 0.026372442 0.835809819 0.548163738
1709436770.893581867 48.599655186 -72.644559055 1.520942645 -0.011295817 0.027599236 0.838034403 0.544801823
1709436770.992618561 48.544340256 -72.509408202 1.512956731 -0.006505618 0.034908911 0.836815485 0.546332215
1709436771.094616175 48.507637449 -72.379383763 1.507522727 -0.010793465 0.032226426 0.833402011 0.551621289
1709436771.193352699 48.461255208 -72.249995403 1.507050478 -0.011937444 0.029035347 0.828500812 0.559107191
1709436771.292201281 48.429447620 -72.123210442 1.506692576 -0.009583442 0.030338666 0.823454054 0.566490197
1709436771.395112038 48.415702145 -71.999348208 1.505921865 -0.006442901 0.027420488 0.818715567 0.573508000
1709436771.494421721 48.383684642 -71.901641703 1.505178932 -0.007131538 0.028362176 0.810550192 0.584938556
1709436771.593086958 48.340075109 -71.804154476 1.502910419 -0.012651106 0.024998575 0.802713906 0.595705805
1709436771.691782236 48.300581568 -71.689663165 1.502478476 -0.020374336 0.024354671 0.796841863 0.603352950
1709436771.790370941 48.260312821 -71.584253402 1.507470932 -0.015935849 0.021978428 0.789356196 0.613334976
1709436771.895087004 48.240992183 -71.448315857 1.506805768 -0.021059012 0.024951333 0.784780822 0.618912765
1709436771.994924307 48.234262575 -71.344641454 1.512389461 -0.011122108 0.017121614 0.779962190 0.625493510
1709436772.094757080 48.205203208 -71.240261438 1.516153936 -0.013269092 0.012930058 0.775993375 0.630468894
1709436772.193975925 48.148177090 -71.117498832 1.510882269 -0.018245677 0.009724503 0.776638104 0.629607644
1709436772.294439316 48.107382799 -71.004412555 1.509955139 -0.012238359 0.009874887 0.775140177 0.631593552
1709436772.394499302 48.095942668 -70.870779407 1.511495332 -0.014994013 0.020029353 0.775722793 0.630577635
1709436772.493235111 48.063749599 -70.728531671 1.507512275 -0.015511696 0.021918887 0.774751306 0.631695625
1709436772.592047215 48.032395375 -70.605388084 1.510266646 -0.017025959 0.021432339 0.779928612 0.625269647
1709436772.694628716 47.987448019 -70.466373029 1.511159509 -0.020191648 0.018063451 0.788008410 0.615068090
1709436772.794134140 47.956490406 -70.330177200 1.509706256 -0.014314014 0.022367689 0.793278499 0.608279557
1709436772.892771482 47.946083749 -70.197079472 1.500859046 -0.014847729 0.026158229 0.793931773 0.607262407
1709436772.991441965 47.920780992 -70.055606125 1.494001272 -0.016533699 0.025114745 0.793446723 0.607896524
1709436773.090076447 47.900637884 -69.931215231 1.489392424 -0.018381898 0.023376113 0.794835034 0.606096471
1709436773.194610834 47.878354858 -69.781580383 1.482702397 -0.025988804 0.029772752 0.794625088 0.605812789
1709436773.294449568 47.860835130 -69.644773886 1.485303844 -0.021747546 0.021370667 0.794555820 0.606425088
1709436773.395101070 47.815319267 -69.522439653 1.487828017 -0.023204796 0.020004645 0.795374638 0.605343321
1709436773.494859457 47.782183639 -69.402910301 1.489370840 -0.018538136 0.021977483 0.798185691 0.601724963
1709436773.594767332 47.758700946 -69.272465307 1.477607620 -0.013187057 0.026229217 0.802467600 0.595973054
1709436773.694322586 47.705763792 -69.140158361 1.472506407 -0.020550365 0.019916516 0.805697955 0.591634870
1709436773.793191910 47.650482443 -69.014823425 1.465317768 -0.025759911 0.021186427 0.808125719 0.588064949
1709436773.892007589 47.616864253 -68.884459037 1.468755314 -0.027693637 0.027855609 0.810483923 0.584442417
1709436773.994956493 47.580550429 -68.736602442 1.467750674 -0.021179012 0.027279683 0.814747482 0.578786497
1709436774.093989372 47.537127742 -68.613077931 1.460193640 -0.018795490 0.024175093 0.819146737 0.572766023
1709436774.192461014 47.477408381 -68.484148104 1.450378280 -0.020030993 0.023561101 0.824968838 0.564331508
1709436774.291099310 47.412933437 -68.364073947 1.439936403 -0.015205482 0.020880969 0.830737488 0.556064748
1709436774.395131111 47.357084519 -68.240128319 1.437301963 -0.017016931 0.023597212 0.834733946 0.549884383
1709436774.494979620 47.307548036 -68.112322664 1.436676439 -0.019899076 0.029265851 0.838123882 0.544330685
1709436774.594824553 47.257207913 -67.992355878 1.436480128 -0.016903426 0.024646740 0.841170597 0.539943367
1709436774.694658518 47.186109635 -67.872383461 1.424073566 -0.027347909 0.017454212 0.840268004 0.541199707
1709436774.794501543 47.121138151 -67.744647176 1.418754415 -0.028521739 0.020260382 0.840769841 0.540261141
1709436774.895126343 47.066203228 -67.604670140 1.407379410 -0.029367713 0.032776867 0.841827468 0.537949560
1709436774.993991613 47.022417754 -67.464754939 1.389595570 -0.026783867 0.043969102 0.839462814 0.540972759
1709436775.092978954 46.946451734 -67.332058513 1.385770954 -0.030261777 0.037660070 0.840091754 0.540288616
1709436775.191982031 46.880950286 -67.216453769 1.399553588 -0.030124044 0.029162722 0.841570577 0.538517448
1709436775.294483423 46.829069038 -67.090949897 1.394617573 -0.024690174 0.023808925 0.842321885 0.537882303
1709436775.393523693 46.787856485 -66.972622526 1.386183005 -0.022723990 0.030513260 0.841875828 0.538328573
1709436775.492179155 46.742188031 -66.868781983 1.387585970 -0.020503044 0.026025894 0.843087181 0.536755329
1709436775.590939522 46.684138685 -66.763180846 1.386450346 -0.022047288 0.017906933 0.841588451 0.539371984
1709436775.694659710 46.646475138 -66.630529095 1.372650898 -0.022694808 0.017959311 0.843373794 0.536547345
1709436775.794421196 46.616146342 -66.497269946 1.363792138 -0.023457601 0.023087064 0.843516524 0.536093837
1709436775.892851591 46.551086002 -66.373615100 1.372076855 -0.026913674 0.022853408 0.844342928 0.534638566
1709436775.994595051 46.486112739 -66.256976503 1.380816448 -0.029820855 0.012501966 0.843408355 0.536299136
1709436776.094439983 46.431005995 -66.146118717 1.386352514 -0.025731157 0.001109773 0.843388349 0.536686844
1709436776.195098877 46.355869143 -66.049420333 1.381301211 -0.024032399 -0.003591284 0.843196684 0.537055768
1709436776.294431686 46.300847721 -65.934908759 1.377672559 -0.029173538 -0.006732008 0.841066747 0.540102130
1709436776.393427372 46.227435740 -65.823854005 1.377561543 -0.031954468 -0.004759271 0.841418591 0.539417293
1709436776.492369413 46.182751648 -65.697355052 1.368980432 -0.033796994 0.005443732 0.842947905 0.536904981
1709436776.594449520 46.147966802 -65.571287663 1.366338216 -0.027170330 0.008426404 0.844037625 0.535528951
1709436776.693193197 46.077889900 -65.465933501 1.366327296 -0.030058036 0.004662276 0.841763768 0.538988438
1709436776.791879654 46.016331053 -65.354677008 1.366140205 -0.034341405 -0.000320230 0.842389956 0.537772933
1709436776.890578508 45.967463565 -65.225576569 1.362147539 -0.033469351 0.000486633 0.843339979 0.536336877
1709436776.994616508 45.903160093 -65.103678113 1.366144647 -0.039420836 -0.002088359 0.841660500 0.538562196
1709436777.093893290 45.843906749 -64.988658533 1.370224320 -0.043690774 -0.004550146 0.842937740 0.536214862
1709436777.192459106 45.774987463 -64.873244585 1.367374738 -0.041739032 -0.003752278 0.842478346 0.537097766
1709436777.294923067 45.721843432 -64.743700320 1.367787511 -0.041213935 -0.004726992 0.840876315 0.539635146
1709436777.394756556 45.642831889 -64.634259664 1.365341077 -0.041588514 -0.011148564 0.840634989 0.539887877
1709436777.494600296 45.571942417 -64.511839513 1.351454395 -0.048315664 -0.004877592 0.840463422 0.539687911
1709436777.594390392 45.516849571 -64.393752656 1.353133869 -0.041067773 -0.000941459 0.839134039 0.542371290
1709436777.693426609 45.483191883 -64.259190372 1.344198561 -0.036320100 0.006235690 0.839319716 0.542387667
1709436777.794930696 45.456152223 -64.111718237 1.337576195 -0.033510662 0.009180147 0.836608194 0.546698720
1709436777.894240856 45.416527947 -63.986204353 1.320678799 -0.027728554 0.003481943 0.836353824 0.547477200
1709436777.992905617 45.362307730 -63.865295176 1.317704086 -0.030414843 0.011006146 0.836765881 0.546604667
1709436778.091632366 45.332305520 -63.739781190 1.316292207 -0.023783965 0.017730975 0.834958915 0.549512099
1709436778.195080996 45.278865446 -63.598972283 1.303952751 -0.036645994 0.025970514 0.832403311 0.552347112
1709436778.294908524 45.234987828 -63.495431192 1.319557078 -0.022198886 0.022496416 0.830981509 0.555401524
1709436778.393512249 45.195228025 -63.385285315 1.314717574 -0.023242135 0.018433516 0.828513556 0.559182704
1709436778.492122889 45.156899240 -63.272550631 1.314485882 -0.018390864 0.017816595 0.828473226 0.559442990
1709436778.594422817 45.136443132 -63.165850006 1.305780577 -0.002084853 0.017613951 0.829221339 0.558638858
1709436778.695015907 45.109191545 -63.024580955 1.279771840 -0.001203318 0.034386568 0.828191180 0.559388492
1709436778.794887781 45.069445983 -62.900226672 1.272922978 0.005173345 0.035211296 0.829409459 0.557506368
1709436778.894289732 45.017018060 -62.781688781 1.279800855 -0.001311738 0.030901566 0.826702277 0.561788855
1709436778.993412495 44.981788885 -62.655955181 1.293289101 0.000220465 0.025698949 0.827431475 0.560978315
1709436779.094810009 44.926402121 -62.530604333 1.291024673 -0.000815754 0.022027439 0.827109982 0.561607696
1709436779.193854570 44.857915448 -62.382275990 1.293817153 -0.013017466 0.022528379 0.827033100 0.561550771
1709436779.292623043 44.804597247 -62.250244452 1.298604720 -0.017331987 0.022796790 0.828009075 0.559982929
1709436779.391445398 44.748229604 -62.101549427 1.292233489 -0.022632319 0.035301967 0.829632298 0.556733149
1709436779.494953871 44.694424457 -61.953393489 1.287482261 -0.020731762 0.037183631 0.829708868 0.556570539
1709436779.594482660 44.634981582 -61.832931761 1.285502487 -0.026022241 0.027840687 0.829181327 0.557679178
1709436779.693172932 44.588798710 -61.713778748 1.295882551 -0.016227507 0.013973793 0.831026952 0.555819761
1709436779.791792631 44.530138024 -61.600129831 1.301608478 -0.017220956 0.011181878 0.831078037 0.555776664
1709436779.895114899 44.487699882 -61.468464375 1.288360176 -0.012458275 0.010367848 0.830148800 0.557306261
1709436779.994954824 44.445716167 -61.345842047 1.286367505 -0.014064936 -0.000066498 0.828812640 0.559349426
1709436780.094810724 44.397771934 -61.209522191 1.288587329 -0.022453596 0.010990859 0.825163426 0.564340639
1709436780.194628954 44.369488295 -61.095903235 1.285453711 -0.019520591 0.013653895 0.817367517 0.575623887
1709436780.294477701 44.354376178 -60.986713409 1.286146137 -0.008319413 0.012261361 0.809578938 0.586823985
1709436780.394908667 44.325187519 -60.863668811 1.286627420 -0.013442808 0.011387530 0.798751060 0.601403658
1709436780.493827581 44.282917376 -60.746256255 1.295899568 -0.019820777 0.005746461 0.784778509 0.619432649
1709436780.592593670 44.268432219 -60.618517723 1.297178257 -0.022949246 0.008415959 0.771359036 0.635930610
1709436780.691176891 44.255886717 -60.497617123 1.299375553 -0.020409380 0.019132120 0.758626456 0.650924973
1709436780.789954901 44.233182105 -60.383070141 1.300741331 -0.014403000 0.014756595 0.746653592 0.664893382
1709436780.894264460 44.204460253 -60.245594089 1.301581868 -0.022140300 0.012090471 0.736860323 0.675574194
1709436780.992811918 44.191729066 -60.103453235 1.299244599 -0.022618694 0.014583981 0.732816486 0.679893889
1709436781.091470242 44.168259183 -59.960067763 1.297939382 -0.020240097 0.017429124 0.730682698 0.682194517
1709436781.194659948 44.145270245 -59.818482629 1.294321882 -0.027982168 0.019664685 0.729898041 0.682699896
1709436781.294491291 44.149171931 -59.671763199 1.286874300 -0.026883133 0.020384537 0.729143856 0.683528350
1709436781.395134926 44.133181791 -59.538816503 1.281795200 -0.024142413 0.014997984 0.727760768 0.685241905
1709436781.494964361 44.119929918 -59.401144996 1.284425147 -0.023617886 0.008158557 0.727125353 0.686049819
1709436781.594806910 44.119062930 -59.280501898 1.286981758 -0.020896060 0.004380555 0.728124646 0.685112155
1709436781.694589853 44.111154315 -59.159472998 1.287683173 -0.014778991 0.005403913 0.732447343 0.680641807
1709436781.793405294 44.110884543 -59.029168194 1.287116541 -0.013839105 0.013258272 0.737630684 0.674932346
1709436781.892201662 44.097795798 -58.875310149 1.281291070 -0.016723175 0.017671582 0.742663347 0.669222836
1709436781.991032124 44.111960424 -58.736773235 1.273752161 -0.011137804 0.027890771 0.745385241 0.665957128
1709436782.094819307 44.101945927 -58.570835024 1.266383872 -0.018775633 0.030490584 0.743192247 0.668119065
1709436782.193752766 44.105680135 -58.415248128 1.264297844 -0.022084303 0.029672313 0.745123635 0.665899847
1709436782.292326927 44.109557143 -58.257046458 1.252411653 -0.020982105 0.033499707 0.746214185 0.664531347
1709436782.390994310 44.091370243 -58.102128244 1.250451664 -0.027002771 0.035106911 0.745346209 0.665204769
1709436782.494951010 44.084662684 -57.949321449 1.246779751 -0.025245769 0.031228030 0.742289740 0.668874729
1709436782.594788313 44.073171925 -57.812126400 1.241040386 -0.024548548 0.030988916 0.731022969 0.681206631
1709436782.694623470 44.073901961 -57.688902379 1.241030052 -0.021813664 0.024360571 0.719873144 0.693334972
1709436782.794476271 44.085473541 -57.559306863 1.236863306 -0.023767380 0.021872666 0.709938858 0.703522221
1709436782.895108461 44.090286363 -57.419604050 1.230668847 -0.036244379 0.029511613 0.703536136 0.709120805
1709436782.994764090 44.085500650 -57.288011471 1.215334552 -0.038683481 0.034687442 0.700178725 0.712074520
1709436783.093694448 44.079807490 -57.137618336 1.209764182 -0.043393789 0.051499603 0.699177761 0.711769084
1709436783.192490816 44.125232083 -56.999090049 1.193503068 -0.034456655 0.055799120 0.695307718 0.715713892
1709436783.291464567 44.168332865 -56.869031950 1.209740332 -0.024806168 0.038905181 0.694599214 0.717915714
1709436783.394909620 44.164929123 -56.750385608 1.208498633 -0.019230369 0.006696088 0.696077086 0.717678233
1709436783.493598461 44.138531005 -56.598298255 1.195454892 -0.010109219 -0.002281648 0.706270135 0.707866580
1709436783.592271328 44.149114512 -56.480350830 1.186095641 0.005360713 0.014429600 0.712173606 0.701834599
1709436783.690912485 44.174164420 -56.378510777 1.174226460 0.018490734 0.027091453 0.716109703 0.697216637
1709436783.794495821 44.170909364 -56.232027888 1.184683989 0.003086030 0.033320542 0.719247390 0.693947700
1709436783.893582106 44.154557253 -56.116920879 1.191843648 -0.000225530 0.016403275 0.720946004 0.692797042
1709436783.994174242 44.113991850 -55.981482918 1.192094553 -0.012464714 0.014558294 0.723245509 0.690325011
1709436784.094410181 44.085972239 -55.860205940 1.205175307 -0.010135537 0.013380861 0.722971157 0.690674257
1709436784.195062637 44.075598259 -55.725312467 1.213798006 -0.008947753 0.007755211 0.722341147 0.691435508
1709436784.294199944 44.073537803 -55.577565157 1.210759988 -0.007424798 0.007936492 0.726080495 0.687523817
1709436784.392902374 44.060936884 -55.433199064 1.216526199 -0.005922693 0.003421100 0.734106835 0.678999538
1709436784.491964579 44.019286543 -55.278264305 1.212191417 -0.009223021 0.006570155 0.745528275 0.666377791
1709436784.591053247 44.013766501 -55.116294838 1.205290915 -0.011207519 0.019653862 0.748283673 0.662992958
1709436784.694554567 43.977865577 -54.964764797 1.202584798 -0.010806008 0.025552088 0.746328915 0.664998851
1709436784.793246984 43.941526991 -54.825964292 1.209193171 -0.009979220 0.020393151 0.745124223 0.666539141
1709436784.891959190 43.915190983 -54.700187183 1.210421421 -0.010616518 0.017014911 0.745465543 0.666242378
1709436784.994967461 43.926225351 -54.554772073 1.204605812 -0.002317548 0.025011328 0.748467939 0.662695109
1709436785.094694138 43.954124316 -54.401293972 1.199724505 0.006903340 0.033244053 0.754473865 0.655451267
1709436785.193220377 43.937900228 -54.266584199 1.217021305 0.008143966 0.024087534 0.764418763 0.644218458
1709436785.291866064 43.922927648 -54.125705783 1.213454213 -0.005387094 0.020714619 0.765412021 0.643184517
1709436785.395136356 43.909360379 -53.963286661 1.213878347 -0.008473668 0.020611054 0.764687111 0.644016307
1709436785.494978428 43.885626614 -53.818697559 1.207249616 -0.013974622 0.020791229 0.764080778 0.644634004
1709436785.594431400 43.855825780 -53.679530407 1.216107559 -0.032166183 0.019168331 0.757691984 0.651537235
1709436785.693273067 43.817570890 -53.557591631 1.218984009 -0.030891013 0.006172147 0.757688124 0.651856086
1709436785.792339563 43.808824613 -53.430935894 1.213117484 -0.025476823 0.013148669 0.754302657 0.655900561
1709436785.895131826 43.822037312 -53.289287797 1.209181642 -0.015209185 0.014182950 0.742518750 0.669502375
1709436785.994259596 43.833726117 -53.146413329 1.200378192 -0.015490758 0.029506947 0.737797246 0.674199229
1709436786.092869520 43.815761266 -53.002116318 1.188523487 -0.019500536 0.034770904 0.734225520 0.677734166
1709436786.191505671 43.803340583 -52.843037695 1.188758935 -0.025649641 0.033758243 0.733877057 0.677957921
1709436786.290211678 43.783714990 -52.690829885 1.183734655 -0.027373923 0.035482200 0.734820026 0.676780032
1709436786.394555330 43.762728227 -52.540413797 1.189589215 -0.028521022 0.028304673 0.739819297 0.671604648
1709436786.493045330 43.732958947 -52.399332678 1.185229425 -0.020414473 0.020423020 0.751681786 0.658893499
1709436786.591640711 43.705566427 -52.259122973 1.172288202 -0.015896334 0.026370067 0.762298575 0.646492698
1709436786.694609642 43.675814482 -52.123153339 1.172711825 -0.012679306 0.028656179 0.772148921 0.634668498
1709436786.794441938 43.636742222 -51.986416860 1.170817843 -0.021162369 0.023229009 0.778376129 0.627011299
1709436786.894420624 43.588471229 -51.858991751 1.175792182 -0.020721442 0.018535944 0.781620215 0.623134721
1709436786.993320704 43.561045453 -51.717747045 1.171416520 -0.023783194 0.024057430 0.782086580 0.622250899
1709436787.092486620 43.524086421 -51.570280968 1.172548716 -0.027503045 0.023342620 0.780752317 0.623798464
1709436787.194637775 43.481143322 -51.408769691 1.160174868 -0.030604065 0.021773069 0.782985777 0.620904661
1709436787.293896437 43.452484014 -51.265247533 1.151086778 -0.029697602 0.026639556 0.782121838 0.621847101
1709436787.392635107 43.435796353 -51.118982236 1.153235451 -0.024415437 0.023481476 0.782880575 0.621249155
1709436787.491323471 43.392147202 -50.977691596 1.152328511 -0.026423212 0.021870979 0.783317171 0.620675183
1709436787.594777822 43.369755123 -50.844652664 1.153825775 -0.020128343 0.015283408 0.783693714 0.620633088
1709436787.694184065 43.349791568 -50.706670387 1.150321128 -0.021432863 0.019018489 0.785282537 0.618474144
1709436787.792815447 43.327692267 -50.596312520 1.151638446 -0.019655198 0.020147795 0.794142203 0.607079815
1709436787.891245842 43.295660395 -50.460183118 1.148753397 -0.021484412 0.020968703 0.803318995 0.594791834
1709436787.994935989 43.237204485 -50.319964410 1.147309863 -0.017165698 0.015660715 0.813917813 0.580515180
1709436788.094792128 43.183843552 -50.183315447 1.144090187 -0.021696575 0.016632875 0.814536154 0.579468257
1709436788.194499016 43.151013909 -50.036986680 1.137135157 -0.024455655 0.018389023 0.815357682 0.578148437
1709436788.293529987 43.120041894 -49.882907878 1.133426854 -0.020813390 0.022286609 0.815245750 0.578311747
1709436788.392691851 43.069511966 -49.743699466 1.130249503 -0.025831274 0.024768854 0.818877135 0.572852063
1709436788.494941950 43.005717153 -49.598019366 1.128887306 -0.025598373 0.021115880 0.824342076 0.565118558
1709436788.593677282 42.959625890 -49.465806314 1.126872580 -0.022295872 0.020516191 0.829268936 0.558027788
1709436788.692444324 42.900073891 -49.355702185 1.128883827 -0.016525954 0.016217904 0.833540203 0.551973370
1709436788.791223526 42.840129321 -49.224310112 1.132474502 -0.019701329 0.009807859 0.836786896 0.547086241
1709436788.895056486 42.764481866 -49.094796326 1.132828724 -0.015788262 0.003346368 0.840733317 0.541208852
1709436788.993584394 42.697732577 -48.971631753 1.129369083 -0.016822176 0.009278823 0.843312287 0.537080352
1709436789.092249155 42.636777366 -48.858812358 1.130421972 -0.018210523 0.006965345 0.846227975 0.532464154
1709436789.190850496 42.573623512 -48.741357125 1.138762484 -0.018562807 0.004366842 0.847197466 0.530935784
1709436789.294466496 42.538799457 -48.597038930 1.130928248 -0.006232980 0.007332119 0.852052585 0.523367731
1709436789.395107031 42.477512607 -48.485970726 1.126491031 -0.002280118 0.015209991 0.851572529 0.524011150
1709436789.494322062 42.408624803 -48.371329806 1.135350473 0.001080208 0.010447052 0.854767218 0.518905286
1709436789.593361855 42.341976247 -48.263110037 1.140910399 0.005640006 0.006672606 0.859341852 0.511326948
1709436789.692436695 42.257418537 -48.137428744 1.141848162 0.001259880 0.018286421 0.864424749 0.502427977
1709436789.794481516 42.192324292 -48.012036298 1.138058205 0.009474934 0.021061832 0.867083848 0.497626592
1709436789.893527746 42.114413304 -47.881078534 1.139257718 -0.010008702 0.022861134 0.866999206 0.497684209
1709436789.992247581 42.020216967 -47.754773280 1.147381827 -0.018697200 0.024632538 0.870990098 0.490326323
1709436790.091037512 41.934853657 -47.655175986 1.155759136 -0.024976310 0.018226626 0.870256386 0.491627702
1709436790.194638491 41.856497700 -47.522281546 1.155480525 -0.034859918 0.013211579 0.871709631 0.488602660
1709436790.293339491 41.783023659 -47.398257619 1.155439265 -0.027899278 0.012297244 0.872857344 0.487022037
1709436790.391912699 41.713188701 -47.272649616 1.160110496 -0.025754230 0.006584435 0.870458100 0.491524222
1709436790.490625858 41.632728791 -47.138051599 1.149185437 -0.033704581 0.007145821 0.871624599 0.488961651
1709436790.594817638 41.541851416 -47.022626749 1.145614591 -0.034216117 0.003780226 0.871364434 0.489427206
1709436790.694674253 41.474090494 -46.896567482 1.136427021 -0.038608089 0.008451652 0.872714468 0.486628650
1709436790.794517517 41.401608051 -46.784209757 1.141946226 -0.042891245 0.009678094 0.865099704 0.499669068
1709436790.894022703 41.347779607 -46.656207322 1.129481760 -0.035911318 0.012383040 0.862552696 0.504539280
1709436790.994599819 41.276618235 -46.540951253 1.131842429 -0.037119013 0.011997203 0.859523907 0.509604650
1709436791.094436169 41.203067887 -46.425471126 1.126134062 -0.033386066 0.006033517 0.858775089 0.511228241
1709436791.193396091 41.146123473 -46.296510603 1.134241036 -0.032726492 0.000733718 0.859958075 0.509313801
1709436791.292331696 41.103969748 -46.180246067 1.131122854 -0.022044685 -0.001598509 0.858991340 0.511512810
1709436791.394745827 41.061019784 -46.050283018 1.129641028 -0.022219837 0.001475152 0.856681401 0.515364997
1709436791.494278431 41.015051127 -45.947575937 1.134602773 -0.017267516 -0.001666912 0.850549567 0.525608684
1709436791.592884302 40.973556997 -45.828898165 1.139577191 -0.014513902 -0.005929753 0.842898314 0.537844417
1709436791.691576004 40.930121526 -45.702808265 1.130649118 -0.022197199 0.001134257 0.841390515 0.539970369
1709436791.794739723 40.899094815 -45.566855729 1.131774241 -0.021013868 0.009258399 0.839725610 0.542525206
1709436791.894752502 40.841348185 -45.437696089 1.121176631 -0.015205209 0.012651426 0.839432229 0.543104295
1709436791.994607687 40.788591432 -45.303151746 1.123501439 -0.027984919 0.017507030 0.836960311 0.546267138
1709436792.094434500 40.729058597 -45.166309227 1.120911100 -0.030117673 0.010369001 0.836343467 0.547279650
1709436792.194585085 40.687378497 -45.041670651 1.132158469 -0.019201097 0.008526913 0.835353884 0.549310930
1709436792.294906378 40.628965116 -44.913931702 1.125900655 -0.024322883 0.017214673 0.829111189 0.558289073
1709436792.394391060 40.563101062 -44.789832769 1.118867354 -0.028144853 0.018624921 0.825666289 0.563148434
1709436792.493168116 40.507392855 -44.653129690 1.111189303 -0.033350204 0.020352349 0.825133330 0.563585428
1709436792.591968536 40.456468476 -44.502109594 1.110768700 -0.046684903 0.023813357 0.821608728 0.567637685
1709436792.695081472 40.412236883 -44.372986607 1.107955513 -0.040102158 0.025980061 0.821254843 0.568557240
1709436792.794165134 40.366454060 -44.250374643 1.102519079 -0.037680676 0.025254594 0.818089146 0.573299678
1709436792.892729998 40.314255935 -44.135108020 1.102505561 -0.033173577 0.013321669 0.807778924 0.588400592
1709436792.991389751 40.288023385 -44.021240067 1.099282249 -0.031675516 0.014442533 0.799472677 0.599692849
1709436793.089994192 40.289473458 -43.899460093 1.091093695 -0.013486146 0.019189765 0.794088481 0.607349456
1709436793.195058107 40.262944625 -43.779779072 1.088835033 -0.012732841 0.013688789 0.792480314 0.609610895
1709436793.294891834 40.232498730 -43.655742931 1.087426340 -0.022610550 0.012949073 0.791926815 0.610059836
1709436793.394726753 40.214508762 -43.527655540 1.078636879 -0.019409573 0.017944396 0.792065280 0.609863804
1709436793.494563580 40.181095100 -43.386411655 1.079962018 -0.018641346 0.021303836 0.790400001 0.611936668
1709436793.594800472 40.133882219 -43.261156164 1.087009459 -0.032746649 0.015509083 0.785899566 0.617291664
1709436793.694432974 40.096475870 -43.125021181 1.085245344 -0.027331957 0.001862224 0.788093768 0.614945290
1709436793.793213367 40.075275412 -42.975268361 1.069099290 -0.021652408 0.017428202 0.792587396 0.609124495
1709436793.892002344 40.056998708 -42.835054878 1.066969815 -0.023980981 0.031838334 0.790188291 0.611566594
1709436793.994583607 40.020889045 -42.701396485 1.069790236 -0.015076687 0.032488911 0.790955114 0.610824992
1709436794.093744040 39.973149077 -42.555582716 1.072996633 -0.019651174 0.028670594 0.790376769 0.611634197
1709436794.192342043 39.939969352 -42.435253362 1.071644347 -0.019788235 0.017992029 0.789265742 0.613469071
1709436794.291115046 39.899587527 -42.310175522 1.069640320 -0.019112347 0.013998620 0.791038673 0.611307266
1709436794.394754171 39.849636535 -42.155145590 1.055514474 -0.024604112 0.024752674 0.789967078 0.612155175
1709436794.494611740 39.796595816 -42.019584696 1.051450907 -0.037460797 0.026650053 0.788164643 0.613745027
1709436794.593094349 39.766883245 -41.882777301 1.051247411 -0.037050627 0.023816828 0.787261172 0.615044598
1709436794.695112228 39.739544311 -41.736093164 1.045166699 -0.034772002 0.029285420 0.787510940 0.614621665
1709436794.794950485 39.721685810 -41.606463763 1.033201397 -0.023967814 0.033509238 0.787430079 0.615025646
1709436794.894797087 39.699638488 -41.491816132 1.027542001 -0.020537754 0.025748235 0.787648948 0.615243337
1709436794.994150162 39.678348148 -41.370484516 1.022047499 -0.025682093 0.026716295 0.787262731 0.615503097
1709436795.093063593 39.641883679 -41.259606361 1.016341739 -0.021955885 0.029421558 0.787256954 0.615531315
1709436795.192057610 39.617581719 -41.141253423 1.012209048 -0.024597080 0.030257781 0.786866671 0.615889839
1709436795.294814348 39.589573208 -41.040083315 1.014325207 -0.029999391 0.023447850 0.786059852 0.616976615
1709436795.393483639 39.559206841 -40.937446334 1.009986209 -0.034826667 0.023030271 0.787364027 0.615072840
1709436795.492082357 39.558996514 -40.842199201 1.007357443 -0.024130888 0.025147026 0.788278857 0.614330344
1709436795.590810061 39.552413912 -40.759447101 1.010681217 -0.022868336 0.026630828 0.788691401 0.613786374
1709436795.695103645 39.532187945 -40.684943643 1.005949537 -0.024750735 0.028653363 0.788866911 0.613396595
1709436795.794180393 39.510988257 -40.607223653 1.004535522 -0.027427604 0.026885306 0.788642394 0.613651434
1709436795.892688274 39.485961238 -40.523037502 1.005660296 -0.030810123 0.023463257 0.788028995 0.614418844
1709436795.994608641 39.463457608 -40.442301559 1.005418579 -0.028569760 0.019279685 0.787160857 0.615783929
1709436796.094432116 39.445657532 -40.343369197 1.001013943 -0.027824921 0.016576765 0.789595740 0.612772023
1709436796.195072412 39.427796480 -40.243368086 1.000465119 -0.027597559 0.016463984 0.788681828 0.613961143
1709436796.294241905 39.408403898 -40.143218294 0.997727574 -0.027673544 0.018318532 0.788570303 0.614048437
1709436796.393290043 39.378665543 -40.046562246 0.990808625 -0.030616563 0.013253251 0.787980088 0.614796193
1709436796.492333174 39.350155473 -39.945063413 0.990581127 -0.027600064 0.014453807 0.789476123 0.612990028
1709436796.594440460 39.331342162 -39.833367822 0.990661386 -0.033360817 0.018780315 0.785912186 0.617151838
1709436796.693243980 39.306451743 -39.725787059 0.990653609 -0.035167348 0.015035387 0.787512538 0.615110720
1709436796.791877985 39.293686959 -39.617460242 0.983634531 -0.035437769 0.016230892 0.788655578 0.613598486
1709436796.890670061 39.272028073 -39.524538226 0.984871929 -0.026055735 0.016287764 0.787968896 0.614947824
1709436796.994591713 39.240777879 -39.417943089 0.986408325 -0.025580616 0.016368038 0.788383502 0.614434027
1709436797.093820810 39.212350514 -39.315500429 0.974496429 -0.021496212 0.020694156 0.789366630 0.613196533
1709436797.192409515 39.168720689 -39.231588586 0.974084055 -0.018564005 0.019028861 0.786784512 0.616655019
1709436797.294888496 39.138580121 -39.123323643 0.971625518 -0.021333445 0.004205883 0.787246222 0.616255289
1709436797.394720316 39.110426494 -39.018206237 0.971546426 -0.026603382 0.006505883 0.790302187 0.612104883
1709436797.494570017 39.088923647 -38.908660481 0.972119892 -0.023972101 0.009173804 0.789290108 0.613483744
1709436797.594348669 39.074224551 -38.802871527 0.962040325 -0.019069803 0.017333457 0.791621533 0.610468052
1709436797.693315029 39.046382524 -38.704477394 0.956948144 -0.017409324 0.025646722 0.791400854 0.610511138
1709436797.794510841 39.012901168 -38.580782438 0.952203000 -0.027797133 0.021585062 0.791256976 0.610470149
1709436797.894191504 38.977819201 -38.474802326 0.956822113 -0.028115126 0.010969378 0.792824138 0.608702800
1709436797.992999077 38.935581847 -38.364251304 0.961031092 -0.039179739 0.016647757 0.794827763 0.605340092
1709436798.091702938 38.907090402 -38.244322149 0.959489772 -0.041560534 0.017436276 0.796055341 0.603543365
1709436798.195053816 38.862926408 -38.142405570 0.959142135 -0.043250310 0.010624250 0.795238421 0.604658903
1709436798.294794559 38.815608304 -38.051094387 0.960047498 -0.040848304 0.002682041 0.796266496 0.603559351
1709436798.393387556 38.789677068 -37.961353170 0.962709307 -0.041808060 -0.002213685 0.794093311 0.606352207
1709436798.492020130 38.775853940 -37.884563027 0.965036651 -0.043061958 -0.012233920 0.792353412 0.608417676
1709436798.594431639 38.746309223 -37.812185012 0.965995736 -0.050277183 -0.023223123 0.788084753 0.613070399
1709436798.695075274 38.749495908 -37.725527347 0.967086739 -0.044094600 -0.022222012 0.788333277 0.613263803
1709436798.794922113 38.734795828 -37.637141034 0.955492096 -0.036242259 -0.011196937 0.789295805 0.612840321
1709436798.894670963 38.713789992 -37.552648850 0.952330165 -0.036429627 -0.008682269 0.787235473 0.615514265
1709436798.993829250 38.699958957 -37.457094841 0.952380533 -0.033727314 -0.004966784 0.787921629 0.614831119
1709436799.094448328 38.693303591 -37.365047509 0.944905414 -0.026021073 0.003134165 0.787324358 0.615981685
1709436799.193919420 38.691753095 -37.244495237 0.929698060 -0.025750662 0.014507193 0.788586475 0.614213168
1709436799.292672157 38.680756832 -37.143010852 0.924846217 -0.027294143 0.024915593 0.786743381 0.616172943
1709436799.391470909 38.654461486 -37.043245126 0.925456326 -0.033716219 0.023873335 0.783116772 0.620500929
1709436799.490346909 38.624740969 -36.935882305 0.922575729 -0.039069887 0.027281179 0.784044482 0.618872790
1709436799.594280481 38.604212080 -36.834837384 0.917222739 -0.034939737 0.032530932 0.784936345 0.617734480
1709436799.692882538 38.592481072 -36.737079305 0.909458776 -0.032550682 0.032890985 0.784899782 0.617892360
1709436799.791546583 38.564241182 -36.664040790 0.910358996 -0.031041312 0.027069235 0.785671074 0.617271947
1709436799.894809246 38.556009580 -36.582413171 0.902434168 -0.019577911 0.025653920 0.785704073 0.617760222
1709436799.994647026 38.562240142 -36.493918616 0.893050178 -0.012434530 0.030183425 0.785745405 0.617688030
1709436800.094485998 38.540559259 -36.418708587 0.886631071 -0.013608188 0.031526729 0.784212016 0.619542087
1709436800.194431782 38.500045103 -36.335586445 0.885136395 -0.025154552 0.029091130 0.781054187 0.623277877
1709436800.294981956 38.468870242 -36.257034618 0.888726321 -0.032348601 0.022640580 0.778157638 0.626826661
1709436800.394806862 38.438360433 -36.163685917 0.888085569 -0.034145825 0.017340171 0.777919875 0.627195384
1709436800.493946314 38.433675155 -36.065665047 0.897222049 -0.028530860 0.016887397 0.778036553 0.627343548
1709436800.592458248 38.429356955 -35.999081363 0.892725965 -0.018403876 0.026342268 0.779314781 0.625808161
1709436800.691098690 38.448885985 -35.918838355 0.885757511 -0.006187838 0.030826016 0.780221065 0.624713180
1709436800.795009375 38.446498838 -35.826784231 0.878007336 0.003495605 0.025479540 0.780174569 0.625032972
1709436800.894155025 38.442544774 -35.733325186 0.872372584 0.003043103 0.027572411 0.780711255 0.624275930
1709436800.992808580 38.426305523 -35.651447768 0.876004612 0.005458676 0.021177754 0.781044930 0.624091759
1709436801.091345787 38.396267683 -35.550760752 0.876864684 -0.012237345 0.021578375 0.781610900 0.623272831
1709436801.194777250 38.369344010 -35.461248388 0.876160995 -0.009549980 0.027866797 0.786114045 0.617379096
1709436801.294605255 38.351449397 -35.354473464 0.873145762 -0.007929351 0.035048524 0.790055948 0.611980658
1709436801.394449234 38.296553882 -35.266545517 0.874091375 -0.011826602 0.031601022 0.798179120 0.601474521
1709436801.495089531 38.231880704 -35.180535853 0.882400329 -0.017110444 0.021971006 0.803396242 0.594793229
1709436801.594927311 38.169397221 -35.087895111 0.886362729 -0.030225618 0.010062767 0.805470028 0.591779678
1709436801.694728374 38.120811114 -34.997050499 0.890898980 -0.032357126 -0.001067474 0.812115298 0.582598163
1709436801.793495178 38.089355426 -34.889994075 0.885764953 -0.031151411 0.008191275 0.819663097 0.571939595
1709436801.892264128 38.061861855 -34.788615326 0.865860872 -0.023886488 0.024407977 0.823686285 0.566016422
1709436801.991299868 38.013875239 -34.682822743 0.859705329 -0.036259967 0.033926537 0.826338933 0.560979654
1709436802.094915628 37.985586440 -34.585121563 0.854059395 -0.037313911 0.029416797 0.831333627 0.553738860
1709436802.193582535 37.942345195 -34.496578647 0.855612790 -0.043226369 0.027860678 0.836880695 0.544964188
1709436802.292263269 37.892740635 -34.414440402 0.855702945 -0.040255757 0.027584935 0.839607336 0.540997289
1709436802.391021490 37.854213756 -34.337013390 0.865275693 -0.027781923 0.017141330 0.844780608 0.534116152
1709436802.494655132 37.842623893 -34.264459889 0.866087658 -0.009659263 0.018938803 0.846275757 0.532320733
1709436802.594504833 37.839294156 -34.171617089 0.846510337 0.003019564 0.033212264 0.846801719 0.530862201
1709436802.695151329 37.821743674 -34.077014567 0.832500186 0.010714843 0.040266149 0.846720658 0.530403580
1709436802.794996500 37.774475686 -33.999956682 0.829536009 0.006284846 0.035446371 0.847187626 0.530072808
1709436802.894837379 37.731996359 -33.921171756 0.844877622 0.000494879 0.023653371 0.845122260 0.534049286
1709436802.994392157 37.668948059 -33.851458232 0.855490250 -0.015578070 0.010289036 0.842422915 0.538493353
1709436803.093380928 37.625765572 -33.761232252 0.853807753 -0.027405164 0.014081421 0.842086050 0.538462400
1709436803.192126989 37.603975514 -33.667456043 0.838750358 -0.017676905 0.030037949 0.842451848 0.537643127
1709436803.290879011 37.601058854 -33.576708387 0.832224073 -0.000019021 0.039395598 0.842056279 0.537949078
1709436803.394442320 37.551321754 -33.505544209 0.835736590 -0.003880697 0.036639423 0.840593867 0.540411365
1709436803.493470669 37.497741583 -33.439155709 0.846966326 -0.009630475 0.023322572 0.840249545 0.541612420
1709436803.592124939 37.456774853 -33.360090368 0.845860497 -0.010943101 0.021515167 0.842121153 0.538747909
1709436803.690750599 37.433663990 -33.259810561 0.833618783 -0.008770523 0.035398999 0.843999914 0.535101985
1709436803.794566154 37.392050206 -33.144074096 0.814803588 -0.004140247 0.049949437 0.842454988 0.536430335
1709436803.894505739 37.327832987 -33.045145257 0.811884912 -0.020673249 0.053141366 0.840913095 0.538157764
1709436803.994658947 37.279267475 -32.959582088 0.819609745 -0.018954738 0.046953228 0.842749763 0.535918789
1709436804.094519615 37.243589705 -32.871873183 0.823300201 -0.016718681 0.041040073 0.840892209 0.539385290
1709436804.194734097 37.185578441 -32.794635331 0.826253656 -0.023598078 0.033386009 0.839951469 0.541119242
1709436804.294417620 37.142457524 -32.694775369 0.822441146 -0.019363155 0.026234913 0.841900082 0.538647425
1709436804.393102407 37.116960296 -32.614175721 0.817308975 -0.009564585 0.026181065 0.842584448 0.537842466
1709436804.492505312 37.079391155 -32.527174899 0.821971381 -0.007810383 0.025319956 0.841198895 0.540076214
1709436804.594905376 37.044100608 -32.437771965 0.821509498 -0.019302317 0.025576966 0.840487169 0.540883128
1709436804.694424868 36.997394975 -32.352774645 0.813310544 -0.022310690 0.026580659 0.841047226 0.539847447
1709436804.793129921 36.962324801 -32.270072783 0.807212009 -0.015190529 0.026303603 0.840761852 0.540552381
1709436804.891669989 36.930068818 -32.185743665 0.799955617 -0.031293976 0.032143228 0.836944327 0.545446326
1709436804.990315437 36.886121090 -32.090965278 0.800799489 -0.036373923 0.034552724 0.836911380 0.545034300
1709436805.094496489 36.850776040 -31.988108340 0.800796726 -0.033132777 0.042191401 0.837770875 0.543380222
1709436805.193975210 36.825367980 -31.905248634 0.793164709 -0.021305092 0.043524431 0.836764286 0.545414747
1709436805.294974327 36.775319141 -31.811785821 0.786103659 -0.029645333 0.036407152 0.835033189 0.548192710
1709436805.394829512 36.731854776 -31.714916819 0.780509189 -0.032974114 0.033767651 0.836265219 0.546290159
1709436805.494664669 36.716803555 -31.640328695 0.778619871 -0.019074733 0.030278023 0.836728714 0.546447120
1709436805.594481945 36.687233584 -31.536085892 0.768350677 -0.028656838 0.042301028 0.836053572 0.546263520
1709436805.693677187 36.644385970 -31.444464493 0.768637927 -0.034631136 0.045824028 0.835938124 0.545809762
1709436805.792511225 36.600059084 -31.342721943 0.768937425 -0.037918993 0.042298426 0.835195531 0.547011351
1709436805.894444227 36.560737517 -31.261918859 0.763943890 -0.031704904 0.037227572 0.834895019 0.548232811
1709436805.993964672 36.533955276 -31.155854915 0.759854160 -0.033537715 0.037593542 0.833399860 0.550369531
1709436806.092737198 36.506089980 -31.069845389 0.755427079 -0.021845268 0.027452434 0.833800470 0.550950020
1709436806.191513538 36.459998191 -31.003575315 0.755419510 -0.017129283 0.021287856 0.834594591 0.550186589
1709436806.294626474 36.427996726 -30.921055216 0.752839005 -0.011000952 0.018204361 0.834239128 0.550992429
1709436806.394269705 36.396393607 -30.822911048 0.751989437 -0.013929690 0.023126704 0.833226508 0.552272311
1709436806.492856026 36.379967262 -30.740137980 0.742398277 -0.007872063 0.025786824 0.835100700 0.549435976
1709436806.594717741 36.350673785 -30.636368897 0.742315252 -0.005082793 0.036481210 0.834728974 0.549427726
1709436806.694761038 36.324403820 -30.560994872 0.751839395 -0.001088404 0.026911116 0.833188003 0.552333558
1709436806.794582844 36.276958925 -30.499791948 0.759601800 -0.000149535 0.013320958 0.827317866 0.561576067
1709436806.893992186 36.240501585 -30.422226944 0.765192403 0.003095547 0.010831206 0.824908778 0.565153617
1709436806.993020296 36.226325214 -30.326245545 0.756974638 0.009576512 0.017901290 0.821872972 0.569308924
1709436807.092289686 36.199279095 -30.244514327 0.754499020 0.009147089 0.011818940 0.816019256 0.577831478
1709436807.195111036 36.132923008 -30.158388575 0.754872657 -0.005052479 0.012915782 0.814313687 0.580259316
1709436807.293900490 36.092996106 -30.066639511 0.753428834 -0.011221083 0.020179465 0.809946553 0.586049024
1709436807.392490864 36.059551217 -29.966311574 0.750133491 -0.018765514 0.033307102 0.808541510 0.587195979
1709436807.491155624 36.023849879 -29.868507585 0.747353482 -0.018604762 0.041182581 0.807403865 0.588265975
1709436807.594472647 35.996364967 -29.771342146 0.746822911 -0.027974425 0.039721319 0.805191919 0.591020831
1709436807.694460869 35.952531231 -29.689879889 0.755404508 -0.031898520 0.023134067 0.804945495 0.592038892
1709436807.792637348 35.903576961 -29.603646358 0.750453114 -0.048805482 0.014265293 0.804132598 0.592271299
1709436807.891213655 35.867235161 -29.520519732 0.756508952 -0.046232551 0.008461401 0.802531555 0.594755462
1709436807.994642973 35.866699385 -29.431866886 0.745071581 -0.031849139 0.017197538 0.806618127 0.589963622
1709436808.094484568 35.856376378 -29.325344998 0.732841369 -0.025484928 0.030862484 0.806117665 0.590400149
1709436808.194534063 35.833707863 -29.211596619 0.721759246 -0.028532696 0.033071675 0.803426203 0.593800038
1709436808.293657780 35.798546369 -29.102602496 0.716580320 -0.034650015 0.027563912 0.802152166 0.595475868
1709436808.392783403 35.781262163 -29.006449214 0.726300222 -0.036152961 0.012554155 0.801317976 0.597013281
1709436808.494633198 35.760239785 -28.902670091 0.731071850 -0.034453197 0.019141108 0.799206278 0.599763221
1709436808.593498707 35.749958945 -28.798671121 0.721693202 -0.021822382 0.026962753 0.798094169 0.601533449
1709436808.692232609 35.729165398 -28.690640001 0.709902388 -0.017719613 0.032298709 0.798627888 0.600696517
1709436808.791075230 35.700013196 -28.583003363 0.710242359 -0.015442777 0.020277521 0.796150240 0.604561939
1709436808.894765377 35.637028412 -28.510374886 0.724102093 -0.016486371 -0.001368246 0.796236617 0.604759107
1709436808.993434191 35.609813605 -28.419305010 0.720295933 -0.016630292 0.002454717 0.800311499 0.599348740
1709436809.092037439 35.591656917 -28.318827196 0.714771054 -0.004277875 0.014043204 0.798827373 0.601381174
1709436809.190609932 35.570653479 -28.225980141 0.719883314 0.004045883 0.011996599 0.798456755 0.601919034
1709436809.294964552 35.512685600 -28.129840281 0.723187537 0.000208320 0.007690454 0.797000222 0.603930012
1709436809.394816399 35.464465811 -28.015293395 0.726173094 -0.016948803 0.010721006 0.799470742 0.600370161
1709436809.494531393 35.450013635 -27.895990363 0.725301705 -0.011408363 0.012129232 0.801817371 0.597337119
1709436809.593789101 35.425617441 -27.780590848 0.718876371 -0.007314285 0.019247636 0.804194170 0.594009905
1709436809.695146561 35.395361924 -27.663777675 0.716727675 -0.009994629 0.028830529 0.800793474 0.598162787
1709436809.794633150 35.379898598 -27.548185212 0.718138052 -0.017588328 0.028260711 0.801647923 0.596868989
1709436809.893434525 35.352176546 -27.451436984 0.718331264 -0.017962178 0.015462019 0.800664063 0.598644590
1709436809.992196083 35.316325853 -27.344246054 0.724899778 -0.022938365 0.013480790 0.802537365 0.596008286
1709436810.090962887 35.274347689 -27.230316426 0.713157739 -0.023733502 0.021320289 0.803386874 0.594602133
1709436810.194640398 35.259687081 -27.093613764 0.705508485 -0.014671779 0.035597182 0.804816456 0.592273629
1709436810.293232441 35.254015526 -26.997450112 0.703838519 -0.011820703 0.037474843 0.802945885 0.594755255
1709436810.391803741 35.220580802 -26.907863213 0.708755990 -0.010991352 0.030916862 0.803594871 0.594271504
1709436810.490472555 35.192976923 -26.821587558 0.712171008 -0.010764506 0.025925521 0.803059778 0.595236915
1709436810.594489336 35.173564658 -26.727701092 0.706167445 -0.005616352 0.021924239 0.802910762 0.595669449
1709436810.695128441 35.146697466 -26.645676449 0.703903359 -0.003047188 0.022411981 0.802916612 0.595662096
1709436810.794713259 35.100882619 -26.556754253 0.702451851 -0.008671456 0.021396091 0.802842515 0.595743996
1709436810.893823624 35.065575489 -26.461979227 0.701052980 -0.009950637 0.021997575 0.803461066 0.594867554
1709436810.994648457 35.034066424 -26.358012535 0.701491104 -0.015379409 0.034302232 0.804985363 0.592102521
1709436811.094369888 35.005073915 -26.262755782 0.699171238 -0.016538649 0.034501762 0.810433215 0.584580282
1709436811.193114996 34.985494166 -26.156497661 0.699188845 -0.018363115 0.037472567 0.816151898 0.576328623
1709436811.291926146 34.941254564 -26.059668046 0.695518513 -0.019621513 0.037188958 0.821895334 0.568084534
1709436811.394778252 34.901569298 -25.972907146 0.696002388 -0.013464179 0.032475383 0.828033926 0.559574735
1709436811.494250536 34.861311725 -25.891789116 0.697527127 -0.005495010 0.024908892 0.831528908 0.554895510
1709436811.593029737 34.846668823 -25.826462823 0.701862088 -0.000751536 0.025387093 0.830331998 0.556689953
1709436811.691462755 34.817553629 -25.752400733 0.703921621 0.003195826 0.015157768 0.829914161 0.557675993
1709436811.794560909 34.803950596 -25.661673162 0.705382263 -0.007135228 0.013939443 0.828505479 0.559761960
1709436811.894769907 34.789728561 -25.560828235 0.694077662 -0.006704273 0.020960524 0.825391594 0.564131567
1709436811.994587660 34.782937456 -25.451595535 0.684660029 -0.003137655 0.036352103 0.818871424 0.572816088
1709436812.094427824 34.757552308 -25.354459346 0.688487140 -0.013472086 0.039160693 0.813959131 0.579444110
1709436812.195069790 34.725649121 -25.255163391 0.689932462 -0.012161603 0.043679922 0.814918164 0.577799745
1709436812.294920683 34.682640403 -25.170895489 0.687992790 -0.018990444 0.045083653 0.814460774 0.578152640
1709436812.394180536 34.646176652 -25.075011761 0.684730336 -0.020952692 0.038582680 0.813555032 0.579828053
1709436812.493068457 34.619799617 -24.980391280 0.676122328 -0.014539580 0.035250720 0.813751122 0.579961290
1709436812.591933489 34.592650114 -24.890644739 0.680673738 -0.019807700 0.034153543 0.812568172 0.581527434
1709436812.695056677 34.551054391 -24.816955480 0.681253180 -0.019029386 0.025696375 0.812711415 0.581788393
1709436812.793988466 34.523020887 -24.729091693 0.674926808 -0.018528210 0.032331475 0.812455996 0.581830419
1709436812.892619371 34.485946565 -24.641013941 0.667974632 -0.015394126 0.031161336 0.813408494 0.580653610
1709436812.991508722 34.467000942 -24.548640853 0.663802223 -0.016543403 0.032823853 0.812644154 0.581599853
1709436813.094393492 34.428088331 -24.457211999 0.664335546 -0.018436184 0.031020489 0.813591494 0.580316050
1709436813.195086718 34.390442327 -24.363260522 0.665338180 -0.023769698 0.028789734 0.813314701 0.580624965
1709436813.294927835 34.352859635 -24.289074122 0.669019968 -0.018481425 0.033995812 0.813515785 0.580254073
1709436813.394757509 34.313241240 -24.200491268 0.664187146 -0.016116086 0.040385158 0.813841555 0.579457707
1709436813.494575500 34.292114281 -24.126532455 0.665853165 -0.012643356 0.034233066 0.812991611 0.581130694
1709436813.594408035 34.253724119 -24.051483842 0.665221970 -0.014372558 0.026336775 0.813460358 0.580845977
1709436813.694215298 34.219291061 -23.985057110 0.661901703 -0.016905274 0.026182717 0.811290491 0.583811970
1709436813.793206215 34.189805744 -23.920043809 0.667904382 -0.013078509 0.018033608 0.811665095 0.583698137
1709436813.892136574 34.182240889 -23.830063107 0.665708513 -0.010155225 0.023070877 0.812589125 0.582291611
1709436813.994535685 34.166431249 -23.741926526 0.661750435 -0.008435869 0.021748438 0.812432361 0.582588620
1709436814.093692780 34.135279869 -23.665337351 0.666766400 -0.016287383 0.017425050 0.811598671 0.583728264
1709436814.192489386 34.108160657 -23.598014096 0.668072854 -0.016744940 0.018335706 0.811886648 0.583286790
1709436814.291000843 34.086183326 -23.512969866 0.657820999 -0.012250283 0.025115204 0.813307405 0.581162819
1709436814.395112276 34.075133667 -23.414371419 0.657269692 -0.007469947 0.031611724 0.812802602 0.581632899
1709436814.494786024 34.054938219 -23.322452622 0.657987448 -0.013021462 0.031838671 0.813007289 0.581236517
1709436814.594795942 34.014940253 -23.257043584 0.664356299 -0.012672611 0.020824996 0.811632167 0.583659960
1709436814.694635391 33.973216488 -23.182908056 0.667728999 -0.013028374 0.013155184 0.811923400 0.583470304
1709436814.794486284 33.952140563 -23.083376879 0.665858033 -0.012885298 0.021095809 0.813240666 0.581402232
1709436814.895127773 33.926460461 -23.012948797 0.673676810 0.006975237 0.013325366 0.813636507 0.581179331
1709436814.994340897 33.895423699 -22.931459944 0.673383159 -0.001710894 0.015834553 0.812289302 0.583037245
1709436815.093326330 33.857365727 -22.841032482 0.674126457 -0.006580437 0.011653555 0.812484087 0.582829736
1709436815.192232847 33.823393477 -22.746209437 0.674268879 -0.013987557 0.018660736 0.813122316 0.581625502
1709436815.294461966 33.794429685 -22.640084228 0.665854817 -0.017672422 0.023239723 0.812590193 0.582103753
1709436815.393572807 33.789311394 -22.542447962 0.665516622 -0.015001511 0.027587675 0.813272733 0.581034712
1709436815.492058754 33.753593467 -22.452542754 0.672012769 -0.021678213 0.032795234 0.812270625 0.581954431
1709436815.590703249 33.734443764 -22.378406055 0.678977616 -0.022612082 0.021646487 0.812735511 0.581791297
1709436815.694623232 33.690179710 -22.303003659 0.678139411 -0.020998679 0.014023064 0.813333283 0.581249843
1709436815.794108629 33.657581506 -22.214011965 0.671373449 -0.019574979 0.018468015 0.812352366 0.582545609
1709436815.892570257 33.626442258 -22.118931623 0.657942023 -0.028685577 0.018846602 0.812288665 0.582244853
1709436815.994919300 33.603239522 -22.019310352 0.647481545 -0.031310418 0.029563514 0.812495204 0.581375266
1709436816.094764948 33.553565827 -21.929691231 0.648781609 -0.038737665 0.036401268 0.812588431 0.580408807
1709436816.194609404 33.506048329 -21.838620660 0.648638379 -0.041542832 0.029608701 0.811452240 0.582187925
1709436816.294074535 33.483887228 -21.750413502 0.653154148 -0.042323133 0.031533826 0.812345626 0.580783053
1709436816.393027782 33.428505066 -21.662747179 0.645037498 -0.040783154 0.037771112 0.812597389 0.580168563
1709436816.494938850 33.411532434 -21.594920978 0.641203870 -0.020040373 0.027763474 0.814321827 0.579402740
1709436816.594559193 33.405149081 -21.519682449 0.645702429 -0.013336695 0.017020504 0.812709952 0.582267095
1709436816.693053722 33.363830953 -21.438590582 0.651223759 -0.020566180 0.006229405 0.812054754 0.583185479
1709436816.791617393 33.340507547 -21.355478663 0.653541496 -0.015825560 0.002078104 0.814238222 0.580311426
1709436816.890331030 33.328692890 -21.267403128 0.649649105 -0.004133474 0.007053388 0.814916439 0.579520803
1709436816.994965553 33.292173720 -21.162460041 0.650066610 -0.004066993 0.004277780 0.812359816 0.583126649
1709436817.093856335 33.250389798 -21.081124671 0.658210659 -0.007551728 -0.001975014 0.811704235 0.584016528
1709436817.192368984 33.218920597 -20.978914470 0.654370690 -0.012013156 -0.001347918 0.811923718 0.583638367
1709436817.294483900 33.173481583 -20.872108838 0.650348372 -0.021033581 0.007675021 0.809667089 0.586462179
1709436817.395111084 33.158598735 -20.768893213 0.660186307 -0.018363164 0.000309002 0.810995643 0.584763855
1709436817.494944572 33.122119930 -20.664008095 0.662417501 -0.024183956 0.004906940 0.809515893 0.586579131
1709436817.594461203 33.107495742 -20.554876245 0.662589355 -0.024743237 0.012591194 0.809502614 0.586459505
1709436817.693440199 33.085413132 -20.441938020 0.658013269 -0.026317783 0.018544521 0.808668551 0.587382882
1709436817.794480562 33.052867580 -20.344278674 0.650044892 -0.017949457 0.018770138 0.807844236 0.588823563
1709436817.894247770 33.023403021 -20.230505397 0.650869672 -0.034090596 0.020099400 0.805198376 0.591683548
1709436817.992871761 33.004593473 -20.128110743 0.650176803 -0.034782466 0.015958470 0.805053222 0.591966905
1709436818.091551304 32.997626887 -20.037192021 0.649451549 -0.026399600 0.022927988 0.806881708 0.589677265
1709436818.190420628 32.973101127 -19.942504441 0.641701030 -0.026033221 0.024550254 0.804856511 0.592389697
1709436818.294467688 32.928055269 -19.853679056 0.644165789 -0.035149478 0.014591893 0.805346034 0.591582080
1709436818.393254280 32.915327396 -19.765712493 0.654502790 -0.030939595 0.013577023 0.805645250 0.591433967
1709436818.491899252 32.901453947 -19.686653457 0.650473563 -0.018860334 0.014225581 0.805803306 0.591711883
1709436818.594793320 32.881379038 -19.597558794 0.645850469 -0.018323178 0.013792475 0.805040577 0.592776263
1709436818.694634676 32.837113474 -19.510393694 0.646363355 -0.021184569 0.011771579 0.803859117 0.594325806
1709436818.794474125 32.793928983 -19.407178156 0.635520928 -0.027719693 0.012421862 0.801962360 0.596601784
1709436818.894625902 32.741712724 -19.308528157 0.634032490 -0.035471280 0.007518446 0.801915633 0.596335962
1709436818.993536711 32.697706829 -19.196380556 0.621489010 -0.043961994 0.024649802 0.804531237 0.591767876
1709436819.094814301 32.661275996 -19.081918935 0.616777162 -0.043657251 0.037067044 0.802393951 0.594040425
1709436819.194005966 32.624544857 -18.976663739 0.621234466 -0.036205158 0.037881475 0.803177673 0.593430540
1709436819.292717695 32.578322696 -18.885783471 0.613102808 -0.031078206 0.039244766 0.802210641 0.594938721
1709436819.391360283 32.551300784 -18.804390203 0.612159818 -0.019384439 0.031687957 0.808240015 0.587680351
1709436819.494953156 32.522430555 -18.707227065 0.602527233 -0.015010160 0.027619989 0.817672399 0.574824911
1709436819.594339371 32.490868296 -18.623569059 0.602858319 -0.007923288 0.025307964 0.827286277 0.561154296
1709436819.692917347 32.436688754 -18.548399598 0.608723590 -0.014174039 0.022291746 0.833730098 0.551539933
1709436819.791549921 32.393670293 -18.466350737 0.603278035 -0.015249498 0.024120753 0.836758340 0.546828239
1709436819.895125866 32.356088543 -18.378916059 0.598792424 -0.009779927 0.028188783 0.839562090 0.542443769
1709436819.994985342 32.317507630 -18.285196431 0.595964652 -0.017936066 0.027828919 0.838155365 0.544425783
1709436820.094835997 32.272992417 -18.186983594 0.601569252 -0.016636566 0.019737261 0.838341884 0.544533333
1709436820.194672346 32.234102398 -18.089443996 0.606938805 -0.016492143 0.022826486 0.840252336 0.541463732
1709436820.294507027 32.220422805 -17.999488748 0.606458367 -0.008815918 0.027547767 0.841082379 0.540133161
1709436820.394736290 32.193232134 -17.887164965 0.600238643 -0.012299127 0.034787096 0.839216267 0.542544603
1709436820.493510008 32.150020599 -17.802771516 0.602631654 -0.007305341 0.027148445 0.841585928 0.539391064
1709436820.592223167 32.116551583 -17.703789391 0.595800934 -0.002623293 0.030756051 0.842213251 0.538260182
1709436820.691115618 32.080821444 -17.610650064 0.588841232 -0.010306286 0.039034930 0.841130085 0.539323868
1709436820.794485331 32.029412924 -17.523897626 0.596753667 -0.018036773 0.028809382 0.841507302 0.539175440
1709436820.893972874 31.976426802 -17.430857174 0.599798779 -0.017525051 0.020737054 0.842312813 0.538304721
1709436820.992583990 31.953960116 -17.337181816 0.597737721 -0.015840392 0.025704251 0.841894656 0.538796586
1709436821.091223717 31.915642789 -17.238989853 0.593730587 -0.019760417 0.024966993 0.842311601 0.538049572
1709436821.194629431 31.884597231 -17.152301558 0.593042599 -0.018198627 0.022008538 0.841929388 0.538831458
1709436821.294444323 31.841814146 -17.061054186 0.595153768 -0.019690680 0.018167693 0.841198302 0.540062616
1709436821.395111322 31.797302255 -16.961554562 0.590146586 -0.028045830 0.019770470 0.839437496 0.542371874
1709436821.494960785 31.749474609 -16.868282910 0.590579076 -0.026491596 0.023172544 0.839674862 0.541947741
1709436821.594811201 31.724488288 -16.771334426 0.587029289 -0.020138965 0.027493411 0.839614441 0.542112650
1709436821.694628239 31.693171978 -16.687635328 0.588233743 -0.018712069 0.026446949 0.839603891 0.542232168
1709436821.793448925 31.654459402 -16.604403783 0.584925659 -0.021291978 0.028198810 0.838702963 0.543441643
1709436821.892391205 31.624584202 -16.513483484 0.574899168 -0.021331874 0.034674061 0.838896940 0.542765682
1709436821.991123199 31.601082590 -16.423036874 0.565379986 -0.010534241 0.039180564 0.840098653 0.540914196
1709436822.094800472 31.541368425 -16.318862526 0.565500855 -0.015386620 0.038634577 0.838842186 0.542783943
1709436822.193611145 31.481005015 -16.245972972 0.576508058 -0.020745820 0.032178005 0.837487017 0.545114376
1709436822.292253017 31.420511109 -16.167482368 0.575223239 -0.030434492 0.021238967 0.837408525 0.545316065
1709436822.395138264 31.376792568 -16.081157477 0.565817442 -0.031846130 0.024204791 0.838117103 0.544021759
1709436822.494956017 31.352932887 -15.978418896 0.554060483 -0.025786904 0.035825173 0.837939014 0.543975919
1709436822.594743490 31.325275586 -15.892968426 0.553631878 -0.028310533 0.034587206 0.839505041 0.541510411
1709436822.694615841 31.299583144 -15.817066566 0.554002109 -0.024712508 0.032437847 0.839123349 0.542410437
1709436822.794458151 31.272677533 -15.742404171 0.558032676 -0.025595729 0.035007629 0.838068056 0.543839367
1709436822.895086765 31.245425277 -15.675409230 0.560288027 -0.018237845 0.024635547 0.838122772 0.544619766
1709436822.994410992 31.217982754 -15.607727662 0.552135449 -0.016128468 0.022887687 0.836492454 0.547262644
1709436823.093166828 31.198824018 -15.529507358 0.552884544 -0.010248123 0.018023542 0.834448350 0.550695995
1709436823.192135811 31.164555216 -15.465594022 0.549119996 -0.012682884 0.010255329 0.831296663 0.555589624
1709436823.290905714 31.135291543 -15.391911842 0.566643640 -0.011245069 0.001095674 0.832955262 0.553224981
1709436823.394804478 31.096035192 -15.316457674 0.556454857 -0.006445610 0.007850168 0.834770745 0.550503981
1709436823.493408918 31.088083487 -15.232992476 0.549807122 -0.003318397 0.024839337 0.834654538 0.550203415
1709436823.592077255 31.067549675 -15.159335608 0.543677927 0.001260463 0.030689472 0.838029987 0.544758945
1709436823.690747261 31.045531562 -15.068653692 0.532660420 0.009009354 0.041425399 0.839769184 0.541285955
1709436823.794463634 31.020173035 -14.962129078 0.520672274 0.000194815 0.054899202 0.839568872 0.540472154
1709436823.894490242 30.978083000 -14.873522826 0.520899445 -0.006137573 0.053936100 0.838526014 0.542150672
1709436823.994952917 30.911602183 -14.794614451 0.530793289 -0.021973818 0.047712706 0.838594973 0.542216858
1709436824.094794989 30.887114640 -14.706314758 0.529360695 -0.020844252 0.045527883 0.838837736 0.542073779
1709436824.194633722 30.845971873 -14.624609462 0.531358067 -0.032019571 0.046467823 0.835267612 0.546940129
1709436824.294468880 30.808836289 -14.551724516 0.538183348 -0.031952687 0.035436910 0.835716604 0.547084098
1709436824.393410921 30.777845335 -14.484256549 0.534781054 -0.023402169 0.027468877 0.837146466 0.545787133
1709436824.492503881 30.730092771 -14.396491521 0.522791536 -0.039171006 0.036011977 0.836035240 0.546089597
1709436824.594801188 30.687235039 -14.326643222 0.525035891 -0.031655478 0.031092075 0.837315731 0.544916122
1709436824.694223404 30.664545534 -14.247895929 0.513824233 -0.031535347 0.039245477 0.835708659 0.546860450
1709436824.792951822 30.652213904 -14.189834324 0.509626702 -0.023973410 0.034958799 0.838397201 0.543408953
1709436824.891622305 30.636359887 -14.108597680 0.502876477 -0.019013213 0.042975238 0.838620592 0.542685110
1709436824.994957209 30.611485761 -14.033233605 0.503076210 -0.019677822 0.044325113 0.837101332 0.544893960
1709436825.094655514 30.576719720 -13.966351153 0.498636436 -0.014952143 0.037897324 0.836195695 0.546915885
1709436825.194308758 30.544150720 -13.894850051 0.487826752 -0.016821094 0.027343706 0.834140746 0.550616553
1709436825.291959047 30.514834729 -13.819529417 0.494866974 -0.026394767 0.026932785 0.836668832 0.546409377
1709436825.395119905 30.477481206 -13.747768761 0.490684727 -0.021885536 0.031141697 0.835151666 0.548701114
1709436825.494959354 30.436496106 -13.667421192 0.482269988 -0.027208075 0.038194967 0.834745363 0.548635621
1709436825.594451904 30.403129337 -13.577832520 0.475140799 -0.027407656 0.040603887 0.835180715 0.547789484
1709436825.693519115 30.367754237 -13.492086185 0.472440995 -0.029271894 0.045286687 0.835883707 0.546251499
1709436825.792451859 30.327765216 -13.402292797 0.467082738 -0.022934239 0.046083247 0.837522477 0.543972844
1709436825.895107508 30.304407938 -13.335322140 0.463647783 -0.015374449 0.042652849 0.836378705 0.546273761
1709436825.994002819 30.272830354 -13.261105488 0.463544151 -0.019594737 0.040001547 0.835956034 0.546985770
1709436826.092731237 30.251059035 -13.194965891 0.466698225 -0.013915904 0.035408510 0.836833567 0.546133836
1709436826.191445589 30.218053871 -13.121164570 0.459459653 -0.016442500 0.033520161 0.836423779 0.546810118
1709436826.294475317 30.179029813 -13.041743202 0.459890513 -0.019521500 0.028668494 0.835170617 0.548896228
1709436826.394278765 30.146325705 -12.970477281 0.457397791 -0.027640798 0.021349379 0.832258046 0.553287209
1709436826.492898941 30.119573929 -12.882291410 0.458182752 -0.036732239 0.023110147 0.833592654 0.550672272
1709436826.591583967 30.103321494 -12.791352009 0.448771008 -0.029870351 0.040451315 0.834322496 0.548978529
1709436826.694622040 30.084205890 -12.703656267 0.432678789 -0.022696109 0.056593943 0.832422849 0.550776009
1709436826.794475079 30.045476550 -12.616861968 0.423375897 -0.035066114 0.056873513 0.832336300 0.550229093
1709436826.894663811 30.000898317 -12.530089646 0.429331060 -0.033254201 0.049198889 0.832871138 0.550272019
1709436826.993608236 29.952926127 -12.447480389 0.423120882 -0.028573766 0.048743538 0.835524565 0.546540309
1709436827.092523813 29.931056547 -12.360397313 0.418688495 -0.017067456 0.048826774 0.835149025 0.547586299
1709436827.194620371 29.900361596 -12.286316703 0.411508597 -0.015958750 0.047107620 0.835206712 0.547682333
1709436827.293651342 29.855398953 -12.220124669 0.411350057 -0.021918259 0.042314608 0.836375971 0.546080854
1709436827.392436504 29.808565263 -12.158603733 0.415513561 -0.025003268 0.027545443 0.837084495 0.545807323
1709436827.491323709 29.766224821 -12.107238645 0.424194380 -0.013967662 0.012441660 0.837657027 0.545876190
1709436827.594782829 29.739915720 -12.040856366 0.423664454 -0.018162172 0.019744150 0.835248910 0.549217227
1709436827.693766832 29.695445551 -11.987303023 0.418711747 -0.017838926 0.012879148 0.837149215 0.546531876
1709436827.792528868 29.670499440 -11.904391694 0.415862318 -0.017427054 0.017409053 0.839982858 0.542053523
1709436827.895056963 29.646323526 -11.824494994 0.412419719 -0.006009676 0.019661840 0.839229125 0.543389153
1709436827.994971991 29.603809208 -11.750684295 0.415586965 -0.004846132 0.008241596 0.836160602 0.548401348
1709436828.094815731 29.539692156 -11.668303101 0.425149839 -0.018194247 -0.004030635 0.838212755 0.545024863
1709436828.194639683 29.511747075 -11.588819800 0.420869917 -0.024610009 0.009673512 0.839008768 0.543474983
1709436828.293886662 29.483288513 -11.506583005 0.405866391 -0.019882530 0.018239116 0.839893759 0.542079785
1709436828.395132065 29.437836736 -11.417505822 0.407691962 -0.027769761 0.018530920 0.837110796 0.546013700
1709436828.494865894 29.392644160 -11.337707216 0.408171581 -0.027278026 0.008515285 0.839037419 0.543322748
1709436828.593508959 29.358317274 -11.240431123 0.409259500 -0.032288443 0.016690848 0.839679689 0.541864274
1709436828.692224741 29.325041356 -11.141612834 0.403845975 -0.034870695 0.019408151 0.839605718 0.541728342
1709436828.790983200 29.271043323 -11.043871074 0.397389624 -0.044658645 0.018133982 0.838436215 0.542864142
1709436828.895009756 29.200400605 -10.958141123 0.395553645 -0.050345324 0.006192688 0.838467402 0.542585859
1709436828.993810892 29.164331712 -10.852877240 0.383116421 -0.053826623 0.022594222 0.842342142 0.535772258
1709436829.092576742 29.135643753 -10.769139197 0.378525443 -0.040192100 0.030361863 0.842608664 0.536165452
1709436829.194623232 29.114114813 -10.700189392 0.385043425 -0.022359021 0.025097851 0.843417311 0.536206500
1709436829.294483900 29.101850122 -10.625688887 0.377880514 -0.015757167 0.025496738 0.842012036 0.538625435
1709436829.395126820 29.069419612 -10.549140172 0.377700305 -0.015824116 0.012573863 0.842639350 0.538098895
1709436829.494952440 29.015947088 -10.493102536 0.375145295 -0.018113541 -0.000726369 0.841210062 0.540404481
1709436829.593903065 28.981515989 -10.413397600 0.367778167 -0.023517026 0.000698495 0.841989884 0.538980052
1709436829.694665432 28.930339232 -10.313825313 0.365394471 -0.038857576 0.000243158 0.842387414 0.537469511
1709436829.794495106 28.899051017 -10.220729827 0.371661585 -0.048279025 0.006653247 0.846681147 0.529864044
1709436829.893291950 28.903816165 -10.147788596 0.377485675 -0.035143483 0.023556123 0.842580266 0.536906454
1709436829.992157698 28.924139474 -10.074641890 0.365499613 -0.007908965 0.033270402 0.842809231 0.537124872
1709436830.090911388 28.903720924 -9.995614148 0.356872231 -0.012996050 0.039122136 0.839958127 0.541083086
1709436830.194657564 28.865055933 -9.914695987 0.353357313 -0.015300733 0.029858415 0.840024857 0.541509559
1709436830.293385506 28.816762510 -9.852104385 0.357980925 -0.019957332 0.010353659 0.835938359 0.548362623
1709436830.391702414 28.754851310 -9.785085909 0.368467450 -0.034668718 -0.019690592 0.835168725 0.548546772
1709436830.490557909 28.703861685 -9.686821390 0.378134894 -0.048858966 -0.008971935 0.840309276 0.539826479
1709436830.594807863 28.693800895 -9.608963462 0.371524555 -0.042314298 0.009692684 0.840326576 0.540339521
1709436830.694653273 28.711179951 -9.537040494 0.356097814 -0.012893480 0.025110317 0.844348531 0.535050267
1709436830.794477224 28.699561183 -9.472050423 0.341687932 -0.001051536 0.039586630 0.839792054 0.541462002
1709436830.893845081 28.659398656 -9.398756780 0.335518025 -0.003411356 0.040476512 0.837294021 0.545241907
1709436830.994988680 28.616200710 -9.335689091 0.334618167 -0.001699989 0.024259269 0.836446117 0.547509352
1709436831.094555140 28.556248436 -9.277256917 0.341296002 -0.007841044 0.011095428 0.835763255 0.548921844
1709436831.193369389 28.513928310 -9.199428513 0.345679351 -0.009311694 0.013193603 0.836712205 0.547404702
1709436831.292162180 28.477096172 -9.106755847 0.341632179 -0.005795026 0.023674669 0.837395452 0.546053829
1709436831.394749165 28.423919963 -9.002302461 0.333692759 -0.008465850 0.035696725 0.838875739 0.543085231
1709436831.494227171 28.395369769 -8.913373743 0.335007223 0.000251943 0.041146376 0.840852219 0.539698489
1709436831.592859030 28.347154073 -8.831489507 0.333237683 0.000836167 0.041393490 0.839594558 0.541633508
1709436831.695033789 28.301946169 -8.741163691 0.331475811 -0.004947043 0.036342587 0.839745322 0.541740286
1709436831.794902563 28.256698260 -8.655839636 0.335001690 -0.011449943 0.031543750 0.838888691 0.543267572
1709436831.894755840 28.212756294 -8.576247896 0.334189131 -0.008962689 0.020457820 0.837836946 0.545463472
1709436831.994583845 28.162717842 -8.507775514 0.336966501 -0.013707418 0.013804944 0.836710248 0.547300183
1709436832.094820976 28.107422544 -8.411140177 0.329292924 -0.030833334 0.018697909 0.837314947 0.545530360
1709436832.194650888 28.087997994 -8.312393881 0.329593565 -0.024622529 0.023941927 0.836528474 0.546846073
1709436832.294491768 28.084776690 -8.213211035 0.326965550 -0.022504252 0.033791900 0.836833576 0.545949843
1709436832.394146204 28.055640553 -8.122241150 0.317413988 -0.017111270 0.036784762 0.838700220 0.543080129
1709436832.492937326 28.043987100 -8.029346682 0.317916869 -0.020215449 0.044401509 0.838364142 0.542923021
1709436832.591936111 28.008006607 -7.943564086 0.312669268 -0.018277260 0.038192248 0.838765130 0.542844684
1709436832.694672108 27.963749546 -7.871251579 0.313825788 -0.012407761 0.022367472 0.839469858 0.542803926
1709436832.793933868 27.932342175 -7.788865045 0.311299061 -0.015744694 0.026500210 0.840224990 0.541361071
1709436832.892557859 27.903583320 -7.702851333 0.310235398 -0.010198010 0.028728178 0.841086217 0.540041357
1709436832.991219282 27.836744114 -7.631081637 0.307135985 -0.013658077 0.024225288 0.839140100 0.543203907
1709436833.089900017 27.799366512 -7.545112153 0.307211646 -0.016149732 0.020159923 0.839119473 0.543333482
1709436833.195079327 27.766680954 -7.445870428 0.300372542 -0.020486177 0.026907801 0.841038917 0.539916500
1709436833.294905186 27.736900691 -7.365141405 0.302920914 -0.010881483 0.025568886 0.844149168 0.535387717
1709436833.394742966 27.702341329 -7.289041586 0.300161367 -0.015015790 0.027230026 0.843240303 0.536636603
1709436833.494582176 27.661209892 -7.207790662 0.300913166 -0.024783078 0.023761328 0.840545040 0.540652601
1709436833.594825983 27.616284819 -7.121235106 0.309342143 -0.022841855 0.016309086 0.842147426 0.538516459
1709436833.694188118 27.568669276 -7.032771331 0.301192448 -0.025972166 0.021561077 0.841109443 0.539810588
1709436833.793166876 27.521118616 -6.947544259 0.294992247 -0.024444409 0.016175128 0.838595196 0.543965930
1709436833.892197609 27.444775202 -6.871510548 0.305417334 -0.035913693 0.004691052 0.837305779 0.545533897
1709436833.994622231 27.396602196 -6.800963358 0.309640875 -0.033774887 0.000902426 0.838328643 0.544117201
1709436834.093569756 27.372858775 -6.720373339 0.295737561 -0.025665197 0.014367984 0.840435699 0.541112460
1709436834.192350388 27.337137026 -6.635767050 0.285287632 -0.024168072 0.029444356 0.838396208 0.543728547
1709436834.290954113 27.308254931 -6.535118374 0.282278504 -0.025285568 0.024200733 0.839937129 0.541553860
1709436834.394767046 27.260720880 -6.434534467 0.275280984 -0.032271101 0.020033196 0.840949661 0.539778579
1709436834.494142294 27.214422787 -6.346658466 0.270163449 -0.038365219 0.023705599 0.841264832 0.538738932
1709436834.592482805 27.165470455 -6.236011290 0.257112418 -0.054455219 0.037047507 0.842512630 0.534634996
1709436834.695076704 27.128041626 -6.147627818 0.266033588 -0.039523994 0.027960610 0.847130535 0.529174749
1709436834.794926405 27.105881412 -6.077155618 0.272119700 -0.031650434 0.020085867 0.851042818 0.523756556
1709436834.894777536 27.069889248 -5.985380912 0.264381559 -0.025308444 0.025244084 0.855195560 0.517071342
1709436834.994157553 27.063914464 -5.898853083 0.257986099 -0.009998106 0.031776551 0.860576846 0.508230048
1709436835.093183517 27.046858525 -5.811172607 0.242228385 0.008072109 0.037215057 0.866070350 0.498469688
1709436835.195093393 27.009313043 -5.750087139 0.232906311 0.011150259 0.040926748 0.864078861 0.501565943
1709436835.294566154 26.949790294 -5.674391515 0.240146269 -0.002177554 0.029601981 0.867135592 0.497186933
1709436835.393120289 26.896650334 -5.615946604 0.255196320 -0.006051611 0.014955318 0.868815725 0.494872663
1709436835.491789341 26.852789527 -5.535732583 0.260357253 -0.004730349 0.013888540 0.871870326 0.489516972
1709436835.590680599 26.797038170 -5.456210846 0.257421194 -0.011483025 0.018751376 0.871846366 0.489285642
1709436835.695070982 26.720888626 -5.396130431 0.270714847 -0.007248392 0.003126481 0.873453087 0.486844318
1709436835.794152021 26.661710876 -5.320656913 0.273166066 -0.003214089 0.006747667 0.877081260 0.480283877
1709436835.892619848 26.603549922 -5.243838025 0.272582878 -0.007697584 0.008835306 0.875399792 0.483257581
1709436835.994564056 26.539324866 -5.150082563 0.268504394 -0.014282858 0.010695249 0.874424051 0.484834188
1709436836.094794512 26.482539005 -5.068836252 0.277375242 -0.010690944 0.007397361 0.874928411 0.484077741
1709436836.194631338 26.413447818 -5.013106394 0.277143354 -0.013475049 -0.003801351 0.874286744 0.485207855
1709436836.294397354 26.345113303 -4.934017985 0.279864207 -0.034455619 0.002752001 0.874454837 0.483873925
1709436836.393519640 26.297698502 -4.857839044 0.273446323 -0.027474755 -0.000584849 0.874927874 0.483472864
1709436836.494963169 26.283153483 -4.752907194 0.252546777 -0.011306900 0.016637708 0.876567223 0.480858862
1709436836.594437599 26.240193185 -4.658501863 0.232652277 -0.021532949 0.031976369 0.873790581 0.484771971
1709436836.693274260 26.175921951 -4.567490782 0.236566824 -0.038993385 0.035219996 0.870625405 0.489132367
1709436836.791922569 26.108557012 -4.482610390 0.246634254 -0.054230190 0.021137951 0.870324183 0.489027699
1709436836.895130873 26.042739501 -4.404212439 0.255385795 -0.051970008 0.000389778 0.868706412 0.492593277
1709436836.994647264 25.992959887 -4.326455476 0.256865429 -0.058319787 0.003894245 0.871782896 0.486393072
1709436837.093262196 25.968123551 -4.248273364 0.243121531 -0.047518559 0.021431678 0.869671464 0.490870873
1709436837.192006111 25.955764931 -4.167331708 0.231720132 -0.021560117 0.027126356 0.872340261 0.487669756
1709436837.294499874 25.950208346 -4.080734171 0.221266343 -0.018555078 0.031869689 0.870751345 0.490338788
1709436837.395130634 25.907782931 -4.015714250 0.222187807 -0.018052307 0.023973342 0.870536165 0.491188537
1709436837.494974136 25.859141920 -3.945194845 0.227474063 -0.020940672 0.019051859 0.870792101 0.490835647
1709436837.594457388 25.817356170 -3.866852444 0.222046216 -0.012786075 0.019893243 0.871732817 0.489410535
1709436837.693574667 25.781603883 -3.805895539 0.224654381 -0.005882855 0.017252661 0.869275205 0.493992262
1709436837.794519424 25.722666300 -3.729465999 0.225930237 -0.021745153 0.012378834 0.868164079 0.495646088
1709436837.894119978 25.676365419 -3.648453619 0.222829811 -0.019811589 0.017135915 0.868729139 0.494594324
1709436837.992740393 25.628027944 -3.557481159 0.216923745 -0.017278641 0.026793362 0.869905860 0.492186305
1709436838.091464281 25.580613213 -3.472815671 0.212907723 -0.018228873 0.025087276 0.870165615 0.491782614
1709436838.195092201 25.527076319 -3.385093084 0.212805012 -0.026272436 0.026682982 0.870110748 0.491431647
1709436838.294420242 25.478665157 -3.294461447 0.212366965 -0.023589976 0.030940938 0.870545283 0.490547737
1709436838.393054962 25.429800780 -3.209657556 0.209007426 -0.021549094 0.024331554 0.871189601 0.489869668
1709436838.491661072 25.384784594 -3.117704948 0.200801523 -0.027551556 0.024185127 0.870717385 0.490415361
1709436838.594418526 25.344803163 -3.034613215 0.209470467 -0.031569255 0.016769855 0.869924059 0.491888490
1709436838.695076466 25.289706613 -2.962996308 0.206962318 -0.034478953 0.008610174 0.869800527 0.492122048
1709436838.794912338 25.247568878 -2.889354622 0.211440314 -0.028468162 0.009610353 0.871213159 0.489984527
1709436838.894534111 25.209229837 -2.800394892 0.205192584 -0.021836182 0.022774232 0.872612669 0.487392702
1709436838.993688583 25.157747041 -2.718073303 0.204693793 -0.014716756 0.025822658 0.872148496 0.488337597
1709436839.094474316 25.095548864 -2.645562308 0.207409823 -0.017161718 0.012263577 0.871280259 0.490332327
1709436839.193854570 25.036643880 -2.593304433 0.206774290 -0.022155343 0.006026936 0.871468780 0.489913239
1709436839.292463541 24.995987177 -2.507090306 0.201872687 -0.022326478 0.010933935 0.871004523 0.490645593
1709436839.391418695 24.934368939 -2.431530754 0.198388552 -0.027599129 0.011482413 0.870086579 0.491991653
1709436839.494671106 24.876324810 -2.352233512 0.205201616 -0.025621002 0.007387917 0.870764991 0.490975878
1709436839.594073772 24.839095727 -2.272678857 0.204574316 -0.027030448 0.013251190 0.871563727 0.489357161
1709436839.692681551 24.772149841 -2.203329453 0.199058913 -0.030809543 0.013426676 0.874852898 0.483221381
1709436839.791331530 24.707451920 -2.130401216 0.195789505 -0.025810468 0.014622555 0.877176199 0.479251413
1709436839.894810438 24.662610213 -2.045875736 0.193688083 -0.018165216 0.018882411 0.876153430 0.481319692
1709436839.994656324 24.607924476 -1.970612744 0.192941358 -0.020861521 0.016000852 0.877283047 0.479252779
1709436840.094496250 24.545374831 -1.902432132 0.193805678 -0.026922217 0.009991523 0.876016028 0.481426299
1709436840.195004702 24.501194357 -1.822445575 0.191216952 -0.028811384 0.011812969 0.877507317 0.478551217
1709436840.294961929 24.463772107 -1.747179938 0.188684656 -0.022600345 0.013622593 0.879148198 0.475817292
1709436840.394800186 24.392276993 -1.671019973 0.190237265 -0.028560474 0.008395550 0.884845426 0.464932669
1709436840.493559837 24.360456789 -1.584902201 0.193904186 -0.024131433 0.012143033 0.894676347 0.445897359
1709436840.592274189 24.311053993 -1.487565990 0.194671126 -0.022945938 0.020482451 0.901406484 0.431879964
1709436840.691223860 24.257473529 -1.427301677 0.197175415 -0.017878757 0.013905871 0.907393880 0.419670494
1709436840.794964790 24.175388672 -1.360102959 0.192439968 -0.014554128 0.007576307 0.914598060 0.404031145
1709436840.893828630 24.100907531 -1.281925260 0.189392422 -0.020630857 0.007035805 0.918884213 0.393924698
1709436840.992543936 24.024145058 -1.218653806 0.191360794 -0.012830063 0.003273575 0.924261894 0.381529322
1709436841.091153860 23.958138102 -1.160079042 0.195888698 -0.017953128 0.003786696 0.928526082 0.370813514
1709436841.195118427 23.876569478 -1.100739470 0.197180682 -0.020770589 0.000304860 0.931955325 0.361977572
1709436841.294938326 23.776030533 -1.050214477 0.202940660 -0.020261263 -0.000348949 0.936918564 0.348959831
1709436841.394797087 23.704721239 -0.988514768 0.202914015 -0.021715479 0.001887702 0.940129602 0.340119398
1709436841.494625568 23.628423704 -0.940587338 0.198577778 -0.020663939 0.000115278 0.944098849 0.329014213
1709436841.594460011 23.541836137 -0.879499935 0.198188138 -0.025964013 0.005869525 0.949246208 0.313405577
1709436841.694711447 23.450909574 -0.822025827 0.192545294 -0.024322812 0.011946674 0.952447144 0.303496484
1709436841.793578148 23.345013092 -0.760054973 0.188777978 -0.031923357 0.013638839 0.955203369 0.293907136
1709436841.892377615 23.250205264 -0.723156397 0.192086383 -0.035606512 0.005769499 0.957613775 0.285787942
1709436841.991391420 23.167469745 -0.661409253 0.193948204 -0.043975539 0.008069011 0.960475642 0.274750038
1709436842.094462395 23.083170458 -0.594970750 0.190687948 -0.042247673 0.013336486 0.962190449 0.268750465
1709436842.193402290 22.997924439 -0.565560991 0.196902081 -0.040662384 0.000475761 0.965410789 0.257542915
1709436842.292128086 22.922750848 -0.529747535 0.195706916 -0.031542027 -0.002491362 0.967934200 0.249203287
1709436842.390861034 22.878777049 -0.486169051 0.199336084 -0.020861632 0.004946653 0.970690986 0.239372790
1709436842.494608641 22.803587035 -0.424519898 0.191767971 -0.012760111 0.010870782 0.973238685 0.229184354
1709436842.593840837 22.709878063 -0.369396941 0.177871519 -0.015034168 0.015409829 0.975215150 0.220208813
1709436842.695098162 22.609657243 -0.342671910 0.180842716 -0.010055228 0.010459568 0.976914338 0.213138136
1709436842.794919491 22.513736493 -0.336749131 0.174916054 -0.013913117 0.004337312 0.978335748 0.206510963
1709436842.894763231 22.417679319 -0.304240467 0.174349714 -0.017546323 0.010244943 0.979665903 0.199604326
1709436842.994539022 22.350597395 -0.247123218 0.175406138 -0.020001654 0.013231550 0.980366745 0.195718942
1709436843.093417645 22.260294509 -0.207171528 0.179145287 -0.020924814 0.008890451 0.982355253 0.185637464
1709436843.192184687 22.156605868 -0.179320840 0.178930362 -0.024792875 0.011138399 0.983732106 0.177573629
1709436843.294934273 22.038893462 -0.158178838 0.176451245 -0.041740601 0.009988051 0.984963980 0.167343713
1709436843.394444227 21.958244392 -0.102891758 0.185627120 -0.033960273 0.019361094 0.986228077 0.160704783
1709436843.493176222 21.870846536 -0.081510809 0.177725571 -0.017967891 0.024258834 0.988088547 0.150896281
1709436843.591738939 21.747465733 -0.063088029 0.176348157 -0.034385492 0.024418295 0.988834461 0.142925835
1709436843.695072889 21.636923090 -0.039097415 0.166646343 -0.029398975 0.022061019 0.990245880 0.134395344
1709436843.794905186 21.547107812 -0.017638534 0.166447508 -0.022697028 0.019434312 0.991860847 0.123770807
1709436843.893964767 21.443613815 0.012492008 0.160988483 -0.042217146 0.017083321 0.991744635 0.119868473
1709436843.994582891 21.333484940 0.026704427 0.160436523 -0.058070188 0.013198750 0.991723421 0.113746661
1709436844.094408512 21.254638735 0.047636350 0.167589618 -0.051742956 0.008649870 0.992983018 0.105983832
1709436844.195050955 21.159440022 0.059463882 0.161835484 -0.042363784 0.010759954 0.994726173 0.092786710
1709436844.294626474 21.059744669 0.099859667 0.155468094 -0.042971509 0.020329881 0.995442526 0.082669968
1709436844.393502712 20.963165917 0.112116503 0.144966873 -0.038378549 0.022986879 0.996606510 0.069095259
1709436844.492309809 20.869186704 0.147157108 0.139331319 -0.029462843 0.028563154 0.997202503 0.062476036
1709436844.594820261 20.768585451 0.139822427 0.141899570 -0.033414956 0.020292805 0.997367220 0.061075942
1709436844.694144726 20.687820994 0.117382389 0.154864502 -0.029877360 0.004616973 0.998107786 0.053543198
1709436844.792840004 20.608748743 0.134925309 0.157916047 -0.028526893 0.000830843 0.998728402 0.041558451
1709436844.891547441 20.517137675 0.130228357 0.152007758 -0.027286105 0.005242827 0.998700041 0.042734177
1709436844.994956017 20.425157239 0.137582938 0.146794777 -0.023188198 0.002718175 0.998924028 0.040071250
1709436845.094282866 20.341841055 0.151706185 0.145258469 -0.019499467 0.007650734 0.999163158 0.035131490
1709436845.194302320 20.257212402 0.157501079 0.144473841 -0.022654448 0.012164316 0.998952874 0.037841263
1709436845.291640759 20.157397520 0.153456876 0.145332533 -0.029525251 0.002191407 0.998795417 0.039130209
1709436845.395113230 20.046640413 0.138865509 0.152855189 -0.030741748 -0.012428902 0.998703134 0.038633101
1709436845.494952917 19.938202285 0.152012503 0.150128501 -0.027232030 -0.015235462 0.998871916 0.035793764
1709436845.594502449 19.856227472 0.175284918 0.151230409 -0.020815330 -0.009601755 0.999099727 0.035696829
1709436845.693634033 19.757729854 0.183480242 0.148873602 -0.024069928 -0.006791205 0.999228493 0.030280955
1709436845.792599440 19.678002319 0.188636708 0.146582285 -0.016837876 -0.002798530 0.999460478 0.028060778
1709436845.895095110 19.580893853 0.193880044 0.147426391 -0.020866323 -0.006354032 0.999313464 0.029947022
1709436845.993936777 19.467805678 0.179718062 0.151559438 -0.026429219 -0.016794751 0.999024279 0.031143574
1709436846.092666388 19.374258615 0.195725371 0.166996660 -0.027940472 -0.021416052 0.999075394 0.024678746
1709436846.191424131 19.276914959 0.221260107 0.162491629 -0.021581143 -0.012813960 0.999443183 0.021985933
1709436846.294424534 19.181628638 0.251169501 0.163154741 -0.022762150 -0.003630332 0.999539678 0.019726549
1709436846.393960238 19.080808933 0.270321808 0.157168507 -0.017358828 0.000645555 0.999749536 0.014111006
1709436846.492697477 18.980080504 0.294938826 0.142733114 -0.019300533 0.016463187 0.999666294 0.004873771
1709436846.594703913 18.890027894 0.296098874 0.150299852 -0.014485817 0.019131152 0.999710059 0.001989633
1709436846.694609642 18.796177050 0.274673610 0.153755607 -0.018209420 0.005922692 0.999816069 0.001080256
1709436846.794442177 18.697879970 0.267391492 0.155592798 -0.013461207 -0.003532117 0.999891444 -0.004839437
1709436846.894678354 18.577622761 0.275149255 0.151760812 -0.018216273 0.001718979 0.999711578 -0.015555502
1709436846.993538857 18.488307198 0.299195753 0.147223614 -0.011603341 0.017697326 0.999538639 -0.021787087
1709436847.092629671 18.390619163 0.295663484 0.142986988 -0.012716170 0.016463479 0.999464042 -0.025276121
1709436847.194604874 18.282786523 0.268425662 0.143804571 -0.015381358 0.009994592 0.999270134 -0.033507030
1709436847.293788433 18.179529408 0.255880036 0.146301505 -0.013395569 0.005918191 0.999051020 -0.041019424
1709436847.392531633 18.081229949 0.239708726 0.147761915 -0.012685457 0.010961668 0.998523707 -0.051665542
1709436847.491262674 17.979822500 0.235640881 0.152753333 -0.015515800 0.012458138 0.998089913 -0.058485735
1709436847.594763756 17.866439972 0.214263272 0.153870659 -0.019168149 0.010967840 0.997441695 -0.067987892
1709436847.693718195 17.750478962 0.206344674 0.156192145 -0.026563458 0.009126724 0.996813171 -0.074663167
1709436847.792403936 17.647262040 0.190984591 0.158638660 -0.017230408 0.007176462 0.996339168 -0.083425858
1709436847.895081758 17.536071822 0.166114970 0.153975429 -0.028220951 0.006627701 0.995062310 -0.094924451
1709436847.994914293 17.422199655 0.156215160 0.150972989 -0.027954954 0.009534724 0.994201083 -0.103401240
1709436848.094760895 17.314958393 0.134771975 0.151038661 -0.026933815 0.009578577 0.993296690 -0.112002257
1709436848.194588423 17.210470006 0.108844896 0.146312518 -0.025773700 0.003743352 0.992441676 -0.119921739
1709436848.293874264 17.103921538 0.082332298 0.148292394 -0.025804145 -0.000416964 0.990889319 -0.132182940
1709436848.395075560 16.996758687 0.050798759 0.137086926 -0.035998207 0.004704202 0.989341982 -0.141012206
1709436848.494667053 16.900081889 0.008944534 0.136603644 -0.032625856 0.002136241 0.988024067 -0.150795999
1709436848.593349218 16.795972123 -0.035217356 0.137856359 -0.036170741 0.001215520 0.986234920 -0.161340888
1709436848.692100763 16.686941336 -0.059070277 0.131374105 -0.036335889 0.005220549 0.984418689 -0.171965964
1709436848.790928125 16.594780189 -0.103980684 0.137486744 -0.037224603 0.000504121 0.983010324 -0.179735297
1709436848.894836187 16.506024199 -0.159659362 0.131310138 -0.032357223 -0.001180156 0.981346408 -0.189501569
1709436848.993402719 16.407962254 -0.194580311 0.133674084 -0.030042471 -0.000746131 0.978893762 -0.202148205
1709436849.091996670 16.322190370 -0.223710037 0.129571891 -0.025304579 0.005036287 0.977646780 -0.208665012
1709436849.190716028 16.237428050 -0.259923551 0.131696847 -0.022259858 0.002004723 0.975656648 -0.218161831
1709436849.294436216 16.146144000 -0.308620060 0.132502730 -0.020175877 0.003774812 0.974014879 -0.225551990
1709436849.395054579 16.052474761 -0.350931245 0.129400879 -0.020309786 0.006787835 0.971053574 -0.237899967
1709436849.494827747 15.962296315 -0.389812054 0.132935171 -0.019239774 0.008141562 0.968908798 -0.246534557
1709436849.594054699 15.882451124 -0.447209185 0.138179015 -0.018786806 -0.001994854 0.967495737 -0.252180642
1709436849.694607735 15.790582762 -0.514835710 0.137047325 -0.024165236 -0.004448636 0.965159982 -0.260504242
1709436849.794442892 15.692070554 -0.566297657 0.131815014 -0.026703144 0.000001051 0.962651121 -0.269424872
1709436849.893203020 15.605729553 -0.630989438 0.129589031 -0.030906818 -0.003692820 0.960834300 -0.275369897
1709436849.992045879 15.514650141 -0.700078136 0.130038788 -0.030637589 -0.008915073 0.959330452 -0.280476279
1709436850.090921402 15.439277057 -0.772542102 0.136295146 -0.032494952 -0.016577850 0.958361893 -0.283216763
1709436850.194553614 15.347710890 -0.817754582 0.133349717 -0.022649517 -0.010490965 0.957911710 -0.285975691
1709436850.293165445 15.259269412 -0.866553324 0.125810953 -0.025092680 -0.006665924 0.957753994 -0.286414403
1709436850.391777754 15.190534717 -0.928462422 0.125444968 -0.021071928 -0.013217021 0.958231714 -0.284909226
1709436850.490388632 15.133435537 -0.989835963 0.133150110 -0.008805622 -0.022785904 0.957939513 -0.285928579
1709436850.594740152 15.066943100 -1.075611668 0.142052549 -0.013935424 -0.032445941 0.957307302 -0.286907293
1709436850.694597721 14.981821353 -1.116988661 0.143628886 -0.016498496 -0.019708551 0.956005648 -0.292220077
1709436850.794446945 14.887069715 -1.148821163 0.136720824 -0.014490499 -0.012093353 0.955840229 -0.293280126
1709436850.895071268 14.809422028 -1.213554515 0.132061110 -0.017721216 -0.019499330 0.954558665 -0.296856010
1709436850.994920254 14.728438104 -1.284432975 0.134755066 -0.013728059 -0.015414013 0.953962435 -0.299215007
1709436851.094463110 14.651280507 -1.339881792 0.126525916 -0.009797324 -0.013898654 0.952038472 -0.305505464
1709436851.193186045 14.559849831 -1.403413607 0.124654064 -0.021293120 -0.005085932 0.949746354 -0.312254061
1709436851.291983366 14.466188568 -1.453354558 0.125090469 -0.029480548 0.004669229 0.948127217 -0.316486770
1709436851.394654751 14.378376750 -1.516283471 0.125345862 -0.024659089 0.004563646 0.944517662 -0.327501891
1709436851.494148731 14.312595448 -1.594016907 0.127072544 -0.017513639 -0.000746102 0.942690420 -0.333207873
1709436851.592777491 14.239154278 -1.663857341 0.131330105 -0.018647665 -0.006406383 0.940567753 -0.339033220
1709436851.691307306 14.165470121 -1.713307124 0.128322426 -0.008301152 0.004729432 0.936577016 -0.350331580
1709436851.794820309 14.077645412 -1.755876153 0.124659183 -0.011824891 0.017362893 0.933084649 -0.359042810
1709436851.894688368 14.000669374 -1.806951935 0.131326211 -0.012620886 0.016309151 0.931125192 -0.364116193
1709436851.994531155 13.953189948 -1.905626642 0.138177173 -0.009286748 -0.000800904 0.929598273 -0.368456464
1709436852.094773769 13.889064868 -1.977693834 0.142406435 -0.002654149 -0.007575098 0.923923860 -0.382492189
1709436852.194615602 13.802977119 -2.043286204 0.133962689 -0.015480030 0.001183391 0.918101439 -0.396041306
1709436852.294458389 13.722125177 -2.127601197 0.135629608 -0.021104385 0.005285782 0.913977519 -0.405181145
1709436852.394197702 13.650290198 -2.203941064 0.137839200 -0.026503482 -0.000063738 0.910570163 -0.412503988
1709436852.493121624 13.579540467 -2.289234482 0.143063330 -0.025016253 0.001499936 0.906282236 -0.421929432
1709436852.592079878 13.505615697 -2.369427939 0.136602810 -0.022684417 0.003584691 0.901992717 -0.431140007
1709436852.694618940 13.441393806 -2.463518239 0.131785438 -0.022760679 -0.007660340 0.900007685 -0.435211946
1709436852.793827057 13.386461212 -2.564829589 0.133665840 -0.017279580 -0.015429259 0.896270673 -0.442902060
1709436852.892601490 13.307156367 -2.654514273 0.122473266 -0.034016763 -0.015650552 0.892188920 -0.450107599
1709436852.991306067 13.231725599 -2.742553063 0.118889082 -0.044850348 -0.008521871 0.889246493 -0.455144480
1709436853.094828844 13.165056015 -2.816661808 0.121642164 -0.045547202 -0.003917880 0.888155667 -0.457263177
1709436853.194566250 13.118143156 -2.890934250 0.127976284 -0.033466636 -0.003946208 0.885217496 -0.463955167
1709436853.293030739 13.069031002 -2.958720640 0.124414645 -0.024163849 -0.005663926 0.882788880 -0.469113869
1709436853.395137787 13.015799735 -3.045334842 0.124356008 -0.022164649 0.006788203 0.880115711 -0.474192982
1709436853.494969606 12.960883916 -3.108759572 0.113571036 -0.017406226 0.025384010 0.877024986 -0.479457870
1709436853.594810486 12.913278634 -3.187372562 0.113996155 -0.016766645 0.023825179 0.876593481 -0.480348946
1709436853.694273233 12.878583609 -3.268412118 0.123175707 -0.010444396 0.014939112 0.877011287 -0.480123880
1709436853.793312788 12.855257477 -3.359242710 0.138241998 -0.002659112 -0.005957626 0.879197802 -0.476412281
1709436853.892403364 12.816380778 -3.437577524 0.141577372 0.001042981 -0.008433379 0.877288044 -0.479889027
1709436853.994600296 12.744863659 -3.513726311 0.136383952 -0.008281993 -0.004073822 0.879419998 -0.475957225
1709436854.093411207 12.686704764 -3.608803632 0.141198813 -0.007390245 -0.002895184 0.879402086 -0.476013627
1709436854.192141294 12.609812193 -3.684545475 0.137374308 -0.016641198 -0.002313940 0.877892277 -0.478563335
1709436854.290828943 12.542757129 -3.770740708 0.136385272 -0.022198882 0.003017157 0.877631452 -0.478812219
1709436854.394754887 12.469368059 -3.872765300 0.128977185 -0.031883075 0.007164792 0.875767351 -0.481626081
1709436854.494233370 12.414211693 -3.958062545 0.133014899 -0.022552995 0.019426503 0.875476657 -0.482342821
1709436854.592667580 12.366233673 -4.052012136 0.133166410 -0.028785462 0.016730201 0.875980774 -0.481195574
1709436854.694662094 12.314555931 -4.139812808 0.131712338 -0.024949169 0.014191313 0.876226361 -0.481044188
1709436854.794506788 12.248103147 -4.219064485 0.132771393 -0.026541317 0.007674511 0.876362077 -0.480859823
1709436854.894741058 12.189137308 -4.296880322 0.130902683 -0.020393821 0.003766776 0.878627247 -0.477057717
1709436854.994196177 12.137065357 -4.383902884 0.138461569 -0.023660034 -0.000737727 0.877525859 -0.478944699
1709436855.093089104 12.078160269 -4.461959027 0.131185545 -0.034348004 0.000974595 0.877351022 -0.478617226
1709436855.192090273 12.009568937 -4.538503456 0.129968050 -0.040329469 0.003384917 0.877483321 -0.477896534
1709436855.294496298 11.963524342 -4.623867793 0.134535294 -0.031473607 0.005684782 0.876792558 -0.479804028
1709436855.393202305 11.909210883 -4.686870587 0.136860556 -0.023926157 0.004124255 0.874219226 -0.484923989
1709436855.491889715 11.848896549 -4.766398556 0.135270559 -0.022056592 0.005617917 0.870434589 -0.491757636
1709436855.590510368 11.815079214 -4.854968130 0.139381698 -0.019798207 0.012793241 0.866678821 -0.498309327
1709436855.695080519 11.760030242 -4.929700883 0.134205152 0.012571299 -0.036146722 -0.861609781 0.506126429
1709436855.793899775 11.717289640 -5.014721168 0.134959404 0.016703452 -0.034292752 -0.861839073 0.505745405
1709436855.892383337 11.694855099 -5.111185634 0.136703774 0.012970480 -0.013896868 -0.860624101 0.508885842
1709436855.994590521 11.685253754 -5.234471581 0.150843648 0.005943698 0.010372612 -0.860900072 0.508633608
1709436856.094414949 11.683602659 -5.322261456 0.181373661 -0.023572534 0.014670730 -0.858767073 0.511613350
1709436856.195038319 11.658531175 -5.418776466 0.177011971 -0.024239961 0.030036669 -0.852198147 0.521793581
1709436856.294597626 11.608306606 -5.528908297 0.170742060 0.001261037 0.030610955 -0.850914705 0.524409711
1709436856.393585920 11.543826389 -5.613458057 0.175019013 0.006467943 0.026515706 -0.849077167 0.527563311
1709436856.494596481 11.492610282 -5.692320938 0.177263064 -0.000941975 0.019013778 -0.847686458 0.530155881
1709436856.594082832 11.447711676 -5.785318953 0.170413397 0.000335784 0.015537219 -0.845202145 0.534220756
1709436856.692897558 11.391977061 -5.895929122 0.164417939 0.019083642 0.018528756 -0.842124530 0.538626750
1709436856.791596889 11.341890381 -5.983929138 0.159393513 0.021215673 0.007732702 -0.840414272 0.541473870
1709436856.890369892 11.294225607 -6.087191585 0.156607958 0.026425090 0.008203985 -0.838920231 0.543550601
1709436856.994610310 11.254803820 -6.195971529 0.159775252 0.029982875 0.006308595 -0.832960788 0.552483080
1709436857.093302011 11.204759153 -6.272879071 0.165955511 0.024431404 -0.002142178 -0.827492851 0.560940370
1709436857.191927671 11.169595715 -6.356939868 0.162170486 0.021603063 -0.003959254 -0.821892784 0.569218661
1709436857.294932842 11.145045570 -6.436346081 0.165590076 0.008346385 -0.017890622 -0.815723758 0.578104674
1709436857.394774199 11.109840444 -6.526671886 0.157626259 0.010426602 -0.029070016 -0.811625646 0.583360979
1709436857.494619608 11.086837702 -6.632561300 0.158145217 0.016007369 -0.019643677 -0.806854227 0.590206867
1709436857.594450951 11.088336457 -6.728851096 0.181498447 0.000261817 -0.010413418 -0.807690000 0.589515357
1709436857.695091009 11.081542382 -6.823454815 0.193631209 -0.004406724 0.004566233 -0.806944583 0.590593066
1709436857.794921875 11.079471026 -6.925538297 0.205397775 -0.017447483 0.007838228 -0.804586779 0.593526969
1709436857.893786430 11.042985080 -7.025484997 0.201541804 -0.008025454 0.020551322 -0.801067255 0.598167608
1709436857.992537260 11.001628202 -7.122462172 0.205704855 0.004508670 0.018672475 -0.798077887 0.602248036
1709436858.091134071 10.957929837 -7.200133874 0.201904190 -0.001608453 0.000366891 -0.798617531 0.601836620
1709436858.195121527 10.921572869 -7.289789452 0.194978759 0.015744614 0.004223294 -0.791633036 0.610779344
1709436858.294344664 10.881217361 -7.388907009 0.195110195 0.025216421 -0.007002135 -0.789311746 0.613434650
1709436858.392960310 10.855572419 -7.489005195 0.194541294 0.023652934 -0.004627235 -0.787345509 0.616040727
1709436858.491606474 10.833149573 -7.586759630 0.197340517 0.020199919 -0.005439484 -0.787324726 0.616183537
1709436858.594456434 10.827246201 -7.684069154 0.205135534 0.011271265 0.002793520 -0.785863587 0.618290851
1709436858.695082188 10.792346962 -7.785846069 0.198837721 0.018944007 0.000097125 -0.782858751 0.621911000
1709436858.794925928 10.762744915 -7.868024192 0.200055661 0.014687747 -0.018753704 -0.783442067 0.621008129
1709436858.894774437 10.732641162 -7.955214916 0.199521728 0.016569395 -0.015507733 -0.784312681 0.619950469
1709436858.994607210 10.704394581 -8.058524447 0.201902503 0.020897671 -0.018051609 -0.783907185 0.620263615
1709436859.094440937 10.669834345 -8.142585861 0.202686829 0.024894064 -0.016914248 -0.785086448 0.618654558
1709436859.193591356 10.642678470 -8.242359011 0.193772104 0.033166646 -0.010482600 -0.785012645 0.618502414
1709436859.292383432 10.635807249 -8.351565616 0.208492709 0.029620045 0.001129060 -0.787987942 0.614976732
1709436859.391194582 10.621855905 -8.457165425 0.220739057 0.027166107 0.011829973 -0.786719880 0.616598642
1709436859.494610310 10.587639669 -8.556555309 0.215521697 0.029683609 0.009290541 -0.783424711 0.620707896
1709436859.593845844 10.548953850 -8.678294310 0.212069811 0.041589747 0.002385098 -0.782014591 0.621866371
1709436859.692569017 10.521748235 -8.775757803 0.199963383 0.032273167 -0.004959211 -0.780336786 0.624506485
1709436859.791264772 10.515280607 -8.868136034 0.206633539 0.021330455 -0.005896389 -0.783010888 0.621614183
1709436859.894777536 10.508913127 -8.957693596 0.213266720 0.013316991 0.001404706 -0.783065511 0.621795055
1709436859.994601011 10.486442207 -9.050625237 0.214202819 0.012231453 0.002352791 -0.782719804 0.622249600
1709436860.094464302 10.470839913 -9.133996729 0.212092295 0.010723778 0.003831847 -0.784349498 0.620214626
1709436860.195089102 10.465514794 -9.228287563 0.221026063 0.002431501 0.009437825 -0.783325903 0.621534831
1709436860.294917107 10.449184048 -9.330437488 0.218278579 0.009760917 0.012932459 -0.780379353 0.625096425
1709436860.394591808 10.403084246 -9.399008535 0.224351581 0.010886405 0.002305516 -0.780794346 0.624689011
1709436860.493379831 10.372698052 -9.492606487 0.225831954 0.016766606 0.005315233 -0.780071193 0.625443494
1709436860.592079163 10.334175961 -9.569372361 0.231398839 0.013362487 -0.004149168 -0.780610084 0.624861685
1709436860.691199303 10.325275828 -9.663872853 0.237606881 0.008463665 0.001219841 -0.781231736 0.624182548
1709436860.794930220 10.310232276 -9.775800519 0.236232355 0.002039039 0.003202598 -0.783275946 0.621662592
1709436860.893746138 10.301961151 -9.864468019 0.239610806 -0.000200585 0.006974032 -0.779830933 0.625951307
1709436860.992357016 10.262721083 -9.961068913 0.230908540 0.009774567 0.001157198 -0.779062068 0.626869535
1709436861.090973139 10.235826832 -10.075419853 0.227130673 0.017022109 -0.004472149 -0.777167436 0.629047713
1709436861.195073128 10.222369261 -10.192533373 0.236456579 0.018169969 -0.000964925 -0.776102984 0.630343620
1709436861.294893265 10.195671099 -10.298195181 0.241673688 0.017847884 -0.004155739 -0.771259206 0.636257354
1709436861.394747019 10.157955149 -10.395301814 0.239617281 0.023659004 -0.009772305 -0.769775603 0.637801125
1709436861.494586945 10.147933600 -10.513190046 0.241774729 0.025122761 -0.006676797 -0.768551162 0.639260024
1709436861.594405413 10.143809857 -10.625002806 0.249983212 0.020462046 -0.003528993 -0.765748096 0.642805340
1709436861.694376230 10.119355832 -10.745045577 0.246244942 0.025424151 -0.005088959 -0.764974719 0.643538184
1709436861.793506145 10.106175551 -10.852977414 0.239076648 0.032979416 0.004554589 -0.765188197 0.642945283
1709436861.892034769 10.096018402 -10.935275844 0.248980338 0.019823681 -0.004271682 -0.763422117 0.645581479
1709436861.991121054 10.084820147 -11.021317338 0.256256031 0.009754833 -0.012300432 -0.760707061 0.648905470
1709436862.094769239 10.075686765 -11.108061246 0.255099761 0.006010258 -0.006117589 -0.761780383 0.647778589
1709436862.193384171 10.050627179 -11.204340435 0.253848036 0.010312719 -0.004184886 -0.757463955 0.652782117
1709436862.291994810 10.002514055 -11.308250788 0.238551649 0.025765004 -0.019268008 -0.755420472 0.654450012
1709436862.395098686 9.966187686 -11.418883591 0.234555692 0.037114721 -0.027816597 -0.752060279 0.657460319
1709436862.494917154 9.965404989 -11.545688743 0.240467224 0.044836544 -0.009137418 -0.752890691 0.656552967
1709436862.594189167 9.962566300 -11.650217121 0.258058530 0.036991186 0.006857418 -0.753684240 0.656159047
1709436862.694569349 9.969656588 -11.749431337 0.268642648 0.027746098 0.013127756 -0.753775892 0.656414290
1709436862.794818401 9.936967349 -11.846181743 0.262103382 0.025799439 0.005154123 -0.747431817 0.663817372
1709436862.894642353 9.922826259 -11.950188611 0.257172306 0.027758012 -0.001529943 -0.744437571 0.667113075
1709436862.994270802 9.922879828 -12.046567549 0.260517812 0.022858976 0.004702784 -0.740148988 0.672037816
1709436863.093292952 9.923436461 -12.153036718 0.253030493 0.025150264 0.007640930 -0.733828980 0.678825536
1709436863.192092419 9.903282854 -12.243420210 0.258177294 0.027617687 -0.005473552 -0.729090986 0.683837435
1709436863.294781446 9.881693862 -12.346241489 0.258214842 0.035488429 -0.001834893 -0.726968427 0.685750764
1709436863.394355536 9.903415397 -12.446486272 0.271165133 0.020113074 -0.003749121 -0.722826301 0.690726825
1709436863.493046522 9.930977653 -12.558495335 0.283039923 0.008579943 0.005310695 -0.721314005 0.692534683
1709436863.591769695 9.952603462 -12.658577178 0.293223703 0.002622756 0.007116887 -0.718389167 0.695600083
1709436863.694953203 9.937714387 -12.760253471 0.287441443 0.003521134 -0.004606490 -0.712406837 0.701742746
1709436863.794466257 9.927387186 -12.883026400 0.281850721 0.012846457 -0.007103355 -0.709767829 0.704282713
1709436863.893041134 9.926223809 -12.981832419 0.291456882 0.008894079 -0.004424574 -0.711990858 0.702118463
1709436863.991675615 9.929220301 -13.087219253 0.298297983 0.004814177 0.009835273 -0.711961870 0.702132741
1709436864.095094204 9.928983345 -13.186861644 0.307110195 -0.007072658 0.001434848 -0.709732931 0.704433875
1709436864.194925785 9.908274327 -13.291839423 0.299451909 0.007891319 0.007341223 -0.707319510 0.706811816
1709436864.294262171 9.904936333 -13.399326526 0.308375278 0.009987530 0.010878047 -0.707112033 0.706947303
1709436864.393107653 9.915467166 -13.493856312 0.309212496 0.005146998 0.005759536 -0.702551789 0.711590697
1709436864.492026567 9.928596740 -13.590657233 0.307536092 0.006660846 0.003356190 -0.701550308 0.712580897
1709436864.595085621 9.949217821 -13.696187281 0.313924424 0.009864448 0.008857022 -0.698452853 0.715533268
1709436864.694007635 9.945158907 -13.803791430 0.307755006 0.020551447 0.006869530 -0.694419095 0.719244442
1709436864.792729139 9.915425207 -13.914366604 0.298683636 0.023458786 -0.004126360 -0.693807823 0.719766187
1709436864.891462088 9.912575645 -14.028304149 0.307365563 0.018782701 -0.004172850 -0.691494502 0.722125440
1709436864.994446039 9.910897411 -14.138618858 0.309669386 0.019170552 -0.000442403 -0.689378454 0.724147528
1709436865.094119072 9.913749834 -14.249598508 0.308533219 0.015500713 0.003095496 -0.689243535 0.724357298
1709436865.192669630 9.922284081 -14.341238413 0.304786673 0.013697341 -0.001117476 -0.684914944 0.728493414
1709436865.291313648 9.911063035 -14.437576555 0.305166258 0.019148202 -0.008900125 -0.683215026 0.729911886
1709436865.394597292 9.921930809 -14.546974034 0.312806856 0.022727800 -0.005200701 -0.681797983 0.731168866
1709436865.494452715 9.932617385 -14.647490686 0.323412255 0.016889607 -0.002020917 -0.680005540 0.733009634
1709436865.594081402 9.953021380 -14.752037966 0.321420753 0.017287957 -0.002245944 -0.676304537 0.736415817
1709436865.693097115 9.952708754 -14.870806291 0.321423244 0.023027288 -0.004672785 -0.673640399 0.738685672
1709436865.792126656 9.957399618 -14.988744126 0.315724296 0.026309744 -0.009412955 -0.669363711 0.742409197
1709436865.894585848 9.965116648 -15.090752622 0.317860245 0.022884429 -0.013962777 -0.666644668 0.744893435
1709436865.993915796 10.007735080 -15.173181409 0.334772508 0.008395376 -0.016765032 -0.663008286 0.748377220
1709436866.092653513 10.033172176 -15.271839208 0.340724971 0.005224421 -0.011376833 -0.661003720 0.750278185
1709436866.191419840 10.030351941 -15.369686715 0.340844556 0.007124553 -0.018778264 -0.655563779 0.754872671
1709436866.294762611 10.051161418 -15.472334765 0.329881977 0.017845759 -0.014379263 -0.654645554 0.755588489
1709436866.393823385 10.075829967 -15.585978982 0.336637052 0.016029234 -0.004556183 -0.653339380 0.756881734
1709436866.492588043 10.108346292 -15.695502741 0.345355955 0.018925537 0.014959734 -0.653984803 0.756122945
1709436866.595096350 10.162658871 -15.808879012 0.361516641 0.009714332 0.025351763 -0.651426412 0.758225922
1709436866.694953918 10.186615196 -15.916770081 0.354757526 0.014152561 0.025947360 -0.646930168 0.761976245
1709436866.794803858 10.189817238 -16.040008483 0.348889917 0.020622927 0.018068940 -0.642557092 0.765747081
1709436866.894422770 10.190573323 -16.144973100 0.347190760 0.015651563 0.011133942 -0.640666464 0.767579016
1709436866.993467331 10.199973535 -16.248510376 0.350609791 0.008449742 0.009125078 -0.638563776 0.769468413
1709436867.095015526 10.248879909 -16.338511515 0.360963210 0.000584837 0.010525997 -0.637943700 0.770010842
1709436867.194978237 10.265717277 -16.415801553 0.361829504 -0.003459823 -0.005235459 -0.639326996 0.768909365
1709436867.293773651 10.269014303 -16.508481703 0.358280083 -0.008672108 -0.003088196 -0.642844557 0.765941338
1709436867.392518044 10.280756793 -16.618955485 0.360572580 -0.015137933 0.007502038 -0.641676709 0.766789126
1709436867.491304159 10.290516657 -16.709040954 0.368361907 -0.008221657 0.004388497 -0.642657136 0.766097220
1709436867.595060349 10.297343850 -16.822341878 0.367351586 0.005091424 0.008052038 -0.641469896 0.767089053
1709436867.693545580 10.306587472 -16.964318691 0.361579377 0.022293002 0.018827554 -0.635056793 0.771914124
1709436867.792281628 10.318747670 -17.089422351 0.354451803 0.032669793 0.022311512 -0.632426043 0.773609838
1709436867.891027451 10.355356617 -17.215765482 0.360743653 0.023376334 0.016193391 -0.626541876 0.778868795
1709436867.994452715 10.392838232 -17.353024680 0.366241438 0.021193980 0.021783535 -0.618695703 0.785042623
1709436868.095100880 10.387930636 -17.466901645 0.358233783 0.027457376 0.016092128 -0.616068870 0.787049099
1709436868.194358110 10.380378982 -17.552242552 0.353481261 0.019855996 -0.000097687 -0.613057126 0.789789016
1709436868.293468952 10.412722080 -17.642662879 0.350492888 0.023605951 -0.001052154 -0.611405366 0.790964683
1709436868.394602299 10.443102423 -17.735463681 0.356494330 0.017522502 0.005350022 -0.613676443 0.789345021
1709436868.494462729 10.476714720 -17.823889210 0.362330036 0.005947020 0.008037103 -0.611189670 0.791421016
1709436868.593431234 10.496107382 -17.914642712 0.362137076 0.003455924 0.002197749 -0.606915600 0.794755737
1709436868.692270994 10.522017696 -17.994734578 0.368636012 0.008582785 -0.009936319 -0.605261796 0.795918189
1709436868.791102886 10.538447728 -18.086561166 0.368309880 0.008199158 -0.013696208 -0.602759458 0.797763263
1709436868.894554138 10.594538356 -18.181671046 0.372268266 0.007563346 -0.009000684 -0.601083799 0.799099525
1709436868.993032694 10.634693603 -18.273249541 0.372176901 0.007110667 -0.002526962 -0.598936184 0.800761200
1709436869.091737986 10.672581776 -18.378705927 0.377924916 0.003244018 0.007090408 -0.596914138 0.802267234
1709436869.190348864 10.701975247 -18.492738263 0.380939506 0.009017285 0.009155613 -0.592770719 0.805268737
1709436869.294745445 10.717993640 -18.609157076 0.382975022 0.024707695 0.009879272 -0.592325209 0.805259447
1709436869.394598961 10.724127369 -18.707951933 0.391552187 0.020092336 0.002231550 -0.591631341 0.805955132
1709436869.494429827 10.763620372 -18.794091720 0.386817492 0.010640872 0.000334107 -0.593439065 0.804808509
1709436869.593720436 10.807961519 -18.888435932 0.389184143 0.003991259 0.002059883 -0.593366429 0.804919938
1709436869.694887877 10.853503564 -18.988213792 0.391993970 -0.000607181 0.003389584 -0.594056326 0.804416076
1709436869.794514894 10.887995079 -19.083686996 0.393654038 -0.001076320 0.009253831 -0.592467930 0.805540166
1709436869.893221378 10.913963637 -19.190893808 0.391165419 0.011289338 0.010241581 -0.590442111 0.806936041
1709436869.992038250 10.919777240 -19.303034782 0.395215891 0.020181905 0.003806954 -0.589886216 0.807225155
1709436870.090876102 10.953728351 -19.405527996 0.391070737 0.021328265 0.008398202 -0.590938466 0.806390913
1709436870.194353342 10.996361342 -19.507790564 0.390526699 0.021310436 0.018724555 -0.592831644 0.804826626
1709436870.292895079 11.047006249 -19.619733646 0.397669168 0.014244699 0.019626514 -0.593297820 0.804617664
1709436870.391509295 11.069506314 -19.733496013 0.395538927 0.018412375 0.018448962 -0.592055712 0.805475421
1709436870.494595528 11.093474209 -19.846854308 0.392563422 0.024944361 0.016512134 -0.592609008 0.804934589
1709436870.594640970 11.134824230 -19.947262138 0.386574298 0.022518538 0.018805284 -0.594351549 0.803670027
1709436870.694489956 11.180269443 -20.036821819 0.389392143 0.009956126 0.006948421 -0.595224350 0.803467839
1709436870.795067310 11.211167832 -20.113955776 0.404092003 0.002175832 0.007068525 -0.594463142 0.804088848
1709436870.893911362 11.223793200 -20.160250484 0.416352821 -0.010199658 -0.011724054 -0.594819654 0.803708960
1709436870.994811535 11.218089857 -20.228586953 0.414668218 -0.008593024 -0.015081827 -0.595095218 0.803467722
1709436871.094606400 11.238257633 -20.305737629 0.409407003 -0.012350065 -0.020099387 -0.595442725 0.803051338
1709436871.193400860 11.256741819 -20.400472295 0.407702863 -0.005855032 -0.017280854 -0.595494447 0.803152198
1709436871.292268038 11.291297768 -20.503614086 0.410499673 -0.001418142 -0.010107615 -0.597408942 0.801871798
1709436871.394955635 11.334563345 -20.615406072 0.422467484 -0.007097726 0.004099997 -0.600497855 0.799584354
1709436871.493903875 11.353635160 -20.728256827 0.432476465 0.006199114 0.021429087 -0.597900276 0.801260024
1709436871.592517614 11.366067574 -20.833007096 0.430843603 0.014894775 0.021608094 -0.597017376 0.801798908
1709436871.691220284 11.376634451 -20.922385737 0.425466675 0.022318734 0.010564682 -0.594960204 0.803375763
1709436871.795124531 11.380814545 -21.005534824 0.425047893 0.025194817 -0.013791098 -0.597636882 0.801252260
1709436871.894972086 11.403009923 -21.094925573 0.425155786 0.022759589 -0.009367775 -0.600534015 0.799220334
1709436871.994818211 11.460397537 -21.173609137 0.428067810 0.011908399 -0.001910399 -0.602146546 0.798294480
1709436872.094657183 11.496240982 -21.268616434 0.433499950 0.005467956 -0.001579946 -0.605410144 0.795893311
1709436872.194489002 11.527184754 -21.367421337 0.432585399 0.005263046 0.004662061 -0.606992625 0.794676361
1709436872.295129299 11.551839543 -21.460451173 0.436162412 0.015448452 0.010285725 -0.605603208 0.795550315
1709436872.394123077 11.570668649 -21.554182950 0.427955242 0.029295606 0.002708988 -0.605696074 0.795151995
1709436872.492942572 11.591130363 -21.656513987 0.420381265 0.036079578 0.009350716 -0.609143646 0.792183594
1709436872.591979504 11.656943810 -21.752251398 0.423173106 0.031001779 0.008208640 -0.606541797 0.794404529
1709436872.694489002 11.681212809 -21.845441798 0.427965756 0.035202942 0.001177583 -0.605977915 0.794701285
1709436872.793550014 11.693676126 -21.940567008 0.432943913 0.032619205 -0.004103374 -0.605421891 0.795225430
1709436872.892233372 11.704028519 -22.029135909 0.429444614 0.033560478 0.000892980 -0.604838037 0.795640525
1709436872.990813255 11.713120001 -22.126971040 0.424210265 0.031787791 -0.004616985 -0.603250135 0.796904947
1709436873.094625473 11.726757425 -22.228853179 0.422153291 0.031271116 -0.010161135 -0.603925977 0.796361904
1709436873.194476604 11.760534100 -22.321696420 0.424678790 0.027850992 -0.001915079 -0.604289718 0.796275450
1709436873.295111418 11.780353265 -22.422902973 0.426287534 0.020694017 0.001584798 -0.606294140 0.794969598
1709436873.394956350 11.814613984 -22.522551511 0.430832228 0.020103629 -0.002214799 -0.606323911 0.794960536
1709436873.494781256 11.834574351 -22.610211381 0.435635801 0.014469560 -0.001515179 -0.607374175 0.794282663
1709436873.594620466 11.873566698 -22.706959125 0.443040464 0.006114213 0.005256937 -0.605839382 0.795546117
1709436873.694329739 11.902719059 -22.806402488 0.447051332 0.007504979 0.001325794 -0.604458655 0.796600058
1709436873.793288231 11.932636061 -22.889749972 0.444114364 0.010730548 0.001772928 -0.605228005 0.795977873
1709436873.894922018 11.941313250 -22.990442382 0.445235305 0.016493971 0.000306216 -0.603236855 0.797391467
1709436873.994547606 11.954143043 -23.085645027 0.446716802 0.022566588 -0.003576050 -0.605465567 0.795543467
1709436874.093236685 11.993745998 -23.164819296 0.457564415 0.015804042 0.003749039 -0.606372601 0.795014746
1709436874.191777706 12.047607076 -23.232881380 0.473244359 0.003593807 0.009871971 -0.608446905 0.793525042
1709436874.290623665 12.096274989 -23.325796558 0.468050509 0.002169005 0.019665909 -0.608963273 0.792951625
1709436874.394921064 12.112359103 -23.426033171 0.466944195 0.000208263 0.008663951 -0.608870457 0.793222327
1709436874.493978262 12.118991526 -23.530624688 0.458724313 0.007697682 0.009022096 -0.608933372 0.793132710
1709436874.592528582 12.131436989 -23.623599918 0.457950557 0.009596258 0.007031144 -0.608973897 0.793101045
1709436874.694473028 12.151907473 -23.722815783 0.459744987 0.011273548 0.008567270 -0.610651964 0.791772497
1709436874.795090914 12.163890394 -23.814203448 0.457849391 0.011132128 0.002447002 -0.610918355 0.791611554
1709436874.894948959 12.173708398 -23.907818994 0.455925293 0.013628102 0.006617649 -0.613633965 0.789445273
1709436874.994313955 12.203029322 -23.994510946 0.465317581 0.011453330 0.011019973 -0.615594035 0.787903144
1709436875.093311310 12.217844518 -24.105554016 0.460187054 0.015983144 0.009605142 -0.613743451 0.789285282
1709436875.192378521 12.249155425 -24.210195329 0.462762861 0.016466052 0.007460162 -0.613664434 0.789359979
1709436875.294367790 12.280682919 -24.324107980 0.461121956 0.019361961 0.014766969 -0.613030623 0.789683801
1709436875.392926693 12.290706580 -24.429139245 0.459494329 0.020509693 0.012400215 -0.614768122 0.788343671
1709436875.491739750 12.336646428 -24.532287429 0.455806460 0.023425127 0.011869152 -0.614365192 0.788584680
1709436875.590445995 12.336160449 -24.620864244 0.454195522 0.032180265 0.005065011 -0.615160025 0.787728964
1709436875.694501638 12.362221104 -24.697145399 0.463844416 0.031618232 0.003233699 -0.616556424 0.786668931
1709436875.793489933 12.388620661 -24.780245565 0.471602768 0.019563837 0.008627658 -0.619387003 0.784794598
1709436875.892165899 12.434672749 -24.833748867 0.482240890 0.003958261 0.005472555 -0.618759130 0.785551731
1709436875.994827271 12.465649826 -24.918249855 0.473420222 0.006120631 -0.002974651 -0.616486818 0.787335819
1709436876.094664812 12.472566972 -25.023187010 0.465599098 0.009464944 -0.007049059 -0.616210535 0.787493049
1709436876.194502354 12.474558619 -25.122304308 0.466071047 0.015238718 -0.012077143 -0.615575793 0.787837780
1709436876.294369936 12.513342865 -25.228005337 0.463677578 0.019843633 -0.007239370 -0.614489226 0.788642386
1709436876.393446207 12.523447201 -25.332065862 0.465713830 0.016157391 0.001923393 -0.616468858 0.787211144
1709436876.494795322 12.569298341 -25.423284819 0.479105370 0.015116000 0.007661106 -0.615833419 0.787694112
1709436876.594016552 12.594536391 -25.531118577 0.478508889 0.019358168 0.014659315 -0.616879429 0.786682996
1709436876.692818165 12.611181506 -25.648313528 0.475203775 0.023240853 0.015853965 -0.615584682 0.787568419
1709436876.791537523 12.612055989 -25.772816581 0.466636529 0.029493299 0.014663071 -0.616985219 0.786285177
1709436876.894909859 12.645368896 -25.871413881 0.475330083 0.025429890 0.019226869 -0.617991328 0.785538265
1709436876.994433403 12.668594878 -25.970328829 0.478417230 0.018289732 0.014937749 -0.618510563 0.785421564
1709436877.093069553 12.698238348 -26.069334556 0.478980860 0.015368777 0.014911765 -0.618824790 0.785237110
1709436877.191769838 12.701647458 -26.153104814 0.475571310 0.016281772 -0.001137779 -0.616808286 0.786944183
1709436877.295094013 12.709386650 -26.232121071 0.482268924 0.014228094 -0.011671446 -0.617949747 0.786002194
1709436877.394932985 12.723195985 -26.301139776 0.487798034 0.006792774 -0.012468448 -0.616844563 0.786956912
1709436877.494779348 12.739015587 -26.381425023 0.485755909 0.006206314 -0.009923780 -0.617410071 0.786554388
1709436877.594632387 12.754400921 -26.476604802 0.485762470 0.006675604 -0.010585258 -0.618156496 0.785955428
1709436877.694084167 12.771887746 -26.566983666 0.490258364 0.006699826 -0.010510403 -0.616838475 0.786991067
1709436877.794914722 12.777637646 -26.661545883 0.492640379 0.014871132 -0.012610463 -0.617075972 0.786661980
1709436877.893628359 12.801743694 -26.758313041 0.497065682 0.020536494 -0.005495508 -0.617102738 0.786595362
1709436877.992423534 12.826072367 -26.850090590 0.507966451 0.015794911 -0.000217371 -0.620376257 0.784145250
1709436878.091117144 12.875505380 -26.939463688 0.513990269 0.004226371 0.000767703 -0.619285427 0.785154194
1709436878.189894438 12.902834219 -27.030050688 0.515830861 0.008810851 0.000730029 -0.620817422 0.783905329
1709436878.294206619 12.934139244 -27.121041542 0.514086811 0.012594959 -0.001018080 -0.619459693 0.784926760
1709436878.392820835 12.965933114 -27.208067876 0.513261617 0.015292707 -0.000703607 -0.620867272 0.783766208
1709436878.491406918 12.985399759 -27.309460965 0.512056345 0.019730889 0.002282416 -0.620634517 0.783848378
1709436878.594626427 12.995930873 -27.414428707 0.517850882 0.017337243 0.006937815 -0.623519434 0.781584802
1709436878.694451332 13.022656729 -27.511725725 0.518995928 0.017959652 0.007052066 -0.622985444 0.781995432
1709436878.795116186 13.043394940 -27.617848473 0.508441029 0.027234563 0.001739423 -0.622495847 0.782147156
1709436878.894707680 13.084403119 -27.707311142 0.514345085 0.023523027 0.000767328 -0.623547891 0.781430807
1709436878.994799376 13.123522390 -27.789196353 0.513224430 0.018977207 0.001471233 -0.624164141 0.781061346
1709436879.094621181 13.160649896 -27.877643995 0.519253587 0.013282738 0.000872324 -0.626209896 0.779540874
1709436879.193516016 13.188388504 -27.979292241 0.522903408 0.012112669 0.005837051 -0.626090618 0.779634370
1709436879.292244434 13.200840575 -28.082726642 0.531124630 0.013158524 0.007196573 -0.624797794 0.780642542
1709436879.391068935 13.206740253 -28.183899231 0.532942395 0.015607750 0.002428808 -0.625564174 0.780012797
1709436879.494795084 13.204158668 -28.292328652 0.530296253 0.023630686 0.005601809 -0.626643709 0.778927386
1709436879.593853235 13.209798985 -28.370554250 0.539292105 0.018476682 -0.006664198 -0.625957731 0.779609594
1709436879.692448139 13.234881820 -28.479313510 0.537731499 0.021357971 -0.001559675 -0.626629566 0.779022972
1709436879.795102119 13.240123420 -28.575630490 0.545805367 0.012272997 -0.006187859 -0.629563598 0.776827368
1709436879.894941568 13.254333214 -28.660090742 0.545014765 0.011534712 -0.002605658 -0.628492435 0.777725800
1709436879.994651079 13.253622533 -28.768192781 0.541319092 0.018145066 -0.012448062 -0.626967617 0.778734493
1709436880.094620943 13.261414932 -28.865039115 0.539521333 0.025623472 -0.013372009 -0.625683280 0.779541570
1709436880.194468021 13.292891310 -28.980476657 0.538497961 0.029038832 -0.010879593 -0.619863257 0.784096884
1709436880.295093298 13.332598218 -29.067719689 0.546581763 0.021257589 -0.013258852 -0.612673644 0.789938810
1709436880.394461393 13.359099246 -29.186229977 0.548402998 0.024330356 -0.007349032 -0.604452945 0.796235306
1709436880.493073940 13.386261753 -29.280313562 0.557839154 0.023357420 -0.018002025 -0.596943893 0.801740823
1709436880.591787815 13.419311435 -29.383868175 0.567005514 0.019034029 -0.017008339 -0.590008332 0.806993550
1709436880.690581560 13.439500787 -29.484404910 0.572610400 0.018381120 -0.024049756 -0.584517348 0.810816387
1709436880.794975519 13.471610591 -29.597659883 0.578994301 0.018116069 -0.016772946 -0.582545115 0.812423329
1709436880.893637896 13.477397162 -29.695370637 0.582233021 0.018537970 -0.024567824 -0.580469071 0.813700451
1709436880.992259979 13.520355035 -29.808863665 0.578220968 0.024796985 -0.021128490 -0.579035858 0.814650951
1709436881.090886831 13.543868417 -29.910510214 0.580593605 0.028358046 -0.021202483 -0.580421867 0.813545777
1709436881.194430351 13.568785856 -30.020599861 0.588383603 0.028840512 -0.017799561 -0.577968143 0.815355276
1709436881.295043468 13.598272376 -30.128714018 0.593978337 0.025743346 -0.016391398 -0.577254211 0.815993981
1709436881.394932032 13.634326372 -30.242141938 0.603111447 0.026897466 -0.016330022 -0.575068502 0.817499893
1709436881.494771242 13.680691541 -30.344831838 0.611352918 0.026137153 -0.020211658 -0.575107169 0.817410596
1709436881.594601393 13.713037831 -30.454505683 0.612022286 0.026490958 -0.018272547 -0.574697881 0.817732651
1709436881.694176674 13.762887480 -30.553747325 0.622143710 0.020641395 -0.005860168 -0.575990332 0.817174846
1709436881.793019772 13.830305845 -30.641891825 0.627339601 0.014197774 -0.003884927 -0.576669854 0.816844667
1709436881.892150640 13.864749149 -30.741168493 0.622830215 0.021136142 0.005777361 -0.576514868 0.816792809
1709436881.991194248 13.916934155 -30.832459461 0.621460266 0.025537627 0.010207438 -0.576005982 0.816982709
1709436882.094434500 13.947129311 -30.946490340 0.618087763 0.026195708 0.015334093 -0.576922461 0.816234724
1709436882.193139553 13.992031578 -31.038085406 0.628362194 0.019733063 0.014199806 -0.577557818 0.815987707
1709436882.291817188 14.047242185 -31.123230585 0.634004179 0.018065036 0.017098834 -0.576217273 0.816917951
1709436882.390529394 14.075454501 -31.210311029 0.643126478 0.018948773 0.008844684 -0.574922613 0.817940526
1709436882.494762182 14.097860239 -31.295244422 0.643851268 0.019372406 0.001291690 -0.574999773 0.817923164
1709436882.593667746 14.132819078 -31.379842626 0.646752004 0.016747816 0.003017819 -0.574682604 0.818199430
1709436882.692284584 14.166077333 -31.471084288 0.648569319 0.017564133 0.004557080 -0.574065224 0.818608485
1709436882.795075417 14.195076986 -31.565942114 0.646576007 0.018599417 0.001594084 -0.573749325 0.818818193
1709436882.894927740 14.240468899 -31.654267595 0.652244268 0.009980316 0.007906689 -0.570717939 0.821047448
1709436882.994256735 14.297164640 -31.741618556 0.654956482 0.011473464 0.012497284 -0.562707387 0.826482047
1709436883.093230724 14.349360859 -31.844328514 0.652131235 0.017516217 0.013423185 -0.557333992 0.829995073
1709436883.192121029 14.396803240 -31.933260429 0.660016529 0.013048981 0.013487524 -0.551785763 0.833774719
1709436883.295073271 14.431921996 -32.029277324 0.669846134 0.009585977 0.018584948 -0.547088154 0.836813755
1709436883.394229174 14.500335381 -32.104667476 0.673951453 0.001292899 0.017266700 -0.547910003 0.836358068
1709436883.492868900 14.542569926 -32.202387067 0.665601511 0.008336863 0.020411174 -0.542406182 0.839827015
1709436883.591606140 14.572872560 -32.290630980 0.663256561 0.006999961 0.010302645 -0.543238846 0.839485802
1709436883.694816589 14.615612343 -32.374017448 0.660983909 0.001765219 0.013676951 -0.544963670 0.838346243
1709436883.794510841 14.658197595 -32.457275690 0.659944534 0.002922791 0.020267332 -0.544153991 0.838735433
1709436883.893038750 14.682925791 -32.549408811 0.661695815 0.007390838 0.013775322 -0.543916226 0.838993894
1709436883.995120287 14.739139317 -32.642543444 0.652946494 0.012433190 0.021284423 -0.546338295 0.837201802
1709436884.094976664 14.783554412 -32.728324037 0.665395207 0.005276620 0.022236809 -0.546881816 0.836897820
1709436884.194818735 14.833939781 -32.809808297 0.663501835 0.007262410 0.033512387 -0.545919548 0.837135607
1709436884.294475794 14.859768295 -32.891347117 0.680588595 0.003305523 0.025372449 -0.547529307 0.836395224
1709436884.393382549 14.872310746 -32.979059981 0.685647298 0.001486206 0.014418473 -0.545839210 0.837764559
1709436884.492474556 14.903509522 -33.072182873 0.680763534 0.006564734 0.014603768 -0.544530394 0.838588269
1709436884.594972610 14.926946970 -33.157692077 0.685712559 -0.004363676 0.003669448 -0.544700866 0.838611030
1709436884.694100857 14.948047198 -33.251272133 0.689643128 -0.005022762 -0.000116529 -0.545029975 0.838401506
1709436884.792833567 14.975043772 -33.320357902 0.689013751 -0.012382789 -0.001483032 -0.543246940 0.839480333
1709436884.891520023 14.998308730 -33.411030032 0.692185932 -0.007024358 0.002938984 -0.541651539 0.840568636
1709436884.995087862 15.034535103 -33.515055056 0.693457731 0.004775895 0.005820788 -0.536970273 0.843567564
1709436885.094010830 15.087319879 -33.605745522 0.695252266 0.001153055 0.009436787 -0.536081808 0.844112500
1709436885.192514420 15.148107268 -33.705341387 0.702570004 -0.003525922 0.018091786 -0.531353340 0.846949753
1709436885.291302204 15.194416759 -33.828866699 0.701207360 0.007205536 0.018939027 -0.527221996 0.849485939
1709436885.394833565 15.237648524 -33.934027193 0.703826479 0.005199957 0.015504689 -0.526040515 0.850302265
1709436885.494675875 15.300142156 -34.039959826 0.702442039 0.004844861 0.022124613 -0.523312108 0.851840048
1709436885.594482422 15.356623347 -34.139085529 0.704237771 0.000938859 0.023172047 -0.522933804 0.852057751
1709436885.693621635 15.400447265 -34.225919087 0.710438582 -0.006786165 0.030395021 -0.521048539 0.852958681
1709436885.792637348 15.449298518 -34.316265524 0.719112674 -0.005351203 0.025788287 -0.518835318 0.854468397
1709436885.894431591 15.472668884 -34.401140751 0.724651363 -0.003997760 0.014570084 -0.519273811 0.854474365
1709436885.993808746 15.497172632 -34.475535918 0.725205317 -0.004581155 0.011870884 -0.518293084 0.855108399
1709436886.092613697 15.532976578 -34.519157570 0.734328599 -0.013133244 0.004252676 -0.518585942 0.854914062
1709436886.191350937 15.568813908 -34.597635507 0.729435263 -0.015114409 0.009647761 -0.519220476 0.854452206
1709436886.294578075 15.619626682 -34.685008836 0.730120951 -0.022229216 0.021379220 -0.519428174 0.853957355
1709436886.393615007 15.664237102 -34.776824683 0.739792989 -0.022286857 0.024927069 -0.518891763 0.854185738
1709436886.492151737 15.699864578 -34.851013446 0.738228690 -0.012685737 0.019506209 -0.517094241 0.855612135
1709436886.590803385 15.727498894 -34.926046193 0.741401104 -0.003783811 0.010451951 -0.518865209 0.854783794
1709436886.694737434 15.788031824 -35.007987091 0.752683310 -0.006227314 0.014375780 -0.518549871 0.854903848
1709436886.794584751 15.816776231 -35.089277837 0.754655860 -0.013083663 0.002895099 -0.520841356 0.853548310
1709436886.894493103 15.874253915 -35.144909988 0.754043995 -0.025899461 0.001189357 -0.522963061 0.851960938
1709436886.993541956 15.920469886 -35.219584649 0.756358345 -0.029090892 0.008198673 -0.521595513 0.852657389
1709436887.092769623 15.973376735 -35.308372524 0.762129636 -0.019394138 0.010691767 -0.521126532 0.853192060
1709436887.194746494 15.996148530 -35.390313446 0.765284061 -0.011783009 0.003325388 -0.523593511 0.851880237
1709436887.293601036 16.045181851 -35.485389061 0.767641202 -0.006647765 0.012288117 -0.523582190 0.851860611
1709436887.392399549 16.081564123 -35.568556731 0.775938986 -0.005753421 0.010493057 -0.525253793 0.850861474
1709436887.495065928 16.113138355 -35.670136045 0.779784632 -0.000084818 0.009456452 -0.525576818 0.850693585
1709436887.594615221 16.137004586 -35.768751418 0.788095643 -0.004624514 0.008656645 -0.525794159 0.850555218
1709436887.693268061 16.191423917 -35.850208120 0.786337608 -0.003297846 0.010567390 -0.526059755 0.850375557
1709436887.791863680 16.215254561 -35.943373257 0.785345755 0.007272710 0.006626384 -0.525235642 0.850899947
1709436887.890433550 16.252835405 -36.022128087 0.782422408 0.007534138 0.004174163 -0.526278935 0.850268367
1709436887.995061874 16.311002433 -36.106560516 0.783804977 0.007729075 0.009304293 -0.525207287 0.850888358
1709436888.094910383 16.368414962 -36.193974905 0.781078251 0.013951946 0.014583694 -0.521090832 0.853262565
1709436888.194736719 16.440592132 -36.273930094 0.780560185 0.009285278 0.018712240 -0.517009055 0.855724999
1709436888.293800116 16.484452975 -36.357605482 0.787275555 0.005815831 0.016695901 -0.511003206 0.859396967
1709436888.394416571 16.530484040 -36.446738093 0.788789318 0.015446721 0.018538020 -0.505918195 0.862243887
1709436888.494419575 16.602552258 -36.555503021 0.792594066 0.017137262 0.023831350 -0.499637653 0.865737025
1709436888.593207836 16.642910001 -36.649451309 0.786848987 0.021134953 0.016256446 -0.493836640 0.869145796
1709436888.691952944 16.702950243 -36.746207843 0.781010194 0.022197704 0.018770693 -0.489592961 0.871466382
1709436888.790837049 16.768807725 -36.831667858 0.789307368 0.017519166 0.023298331 -0.487517963 0.872626210
1709436888.894456387 16.829876279 -36.921821498 0.775094982 0.019612152 0.028226799 -0.485874790 0.873352334
1709436888.993025303 16.866710800 -37.011172993 0.769892396 0.024000926 0.021408206 -0.486484953 0.873096807
1709436889.091672897 16.889475307 -37.103033061 0.771032173 0.022933215 0.018721301 -0.487462877 0.872641693
1709436889.194613934 16.921432910 -37.188670934 0.767282853 0.031197045 0.014140299 -0.496483745 0.867369983
1709436889.294641972 16.941776326 -37.262737434 0.765388146 0.034701177 0.008979776 -0.505895285 0.861849843
1709436889.394499779 16.972237273 -37.342645175 0.765581172 0.038534739 0.009415537 -0.513634774 0.857091442
1709436889.494832277 16.977287395 -37.417698804 0.770045802 0.034876893 -0.004250118 -0.516692699 0.855449703
1709436889.594183207 17.012426450 -37.510288352 0.764746603 0.038039390 0.003116937 -0.520215377 0.853181839
1709436889.694814205 17.026058854 -37.587780659 0.762564473 0.037358784 -0.001004703 -0.517357024 0.854953228
1709436889.794213772 17.036338891 -37.673238355 0.756685061 0.046654266 -0.010000600 -0.514006867 0.856458001
1709436889.892960072 17.064387097 -37.743545916 0.754542192 0.050980381 -0.010549442 -0.514616477 0.855838531
1709436889.991840601 17.113098563 -37.824890399 0.753001450 0.045390629 -0.010230857 -0.516085169 0.855272541
1709436890.094575405 17.187697190 -37.908224018 0.761873287 0.040446734 -0.002615037 -0.516584390 0.855276442
1709436890.193927526 17.225152730 -37.983116823 0.766374622 0.032567229 -0.016362823 -0.513768923 0.857154086
1709436890.292545795 17.277782861 -38.068454659 0.766992616 0.036803764 -0.011413479 -0.515756020 0.855868531
1709436890.391117573 17.336874836 -38.134648008 0.781135486 0.022713753 -0.015098776 -0.514646712 0.856968421
1709436890.495114088 17.390827338 -38.218946034 0.788256819 0.022643260 -0.014191536 -0.513886096 0.857442105
1709436890.594959974 17.415943975 -38.295672122 0.785158184 0.017955706 -0.026700003 -0.513718238 0.857355396
1709436890.694802284 17.469471638 -38.382438669 0.785617858 0.015539564 -0.013198261 -0.518543114 0.854808380
1709436890.794617891 17.528186757 -38.474409475 0.799979058 0.005041371 -0.005042887 -0.518932023 0.854785768
1709436890.894454956 17.596757902 -38.561919699 0.805253535 0.008716350 -0.002872691 -0.519325911 0.854526986
1709436890.995100498 17.642282667 -38.664778673 0.813277586 0.009171107 -0.002785872 -0.518859927 0.854805537
1709436891.094213486 17.685134196 -38.770889654 0.800175839 0.019845790 0.003043407 -0.518040436 0.855120453
1709436891.193046808 17.739392795 -38.861428018 0.809446145 0.023319666 0.004156205 -0.518771739 0.854584578
1709436891.291970491 17.792230497 -38.946266530 0.819107240 0.020716453 0.008007739 -0.521109552 0.853200762
1709436891.394468307 17.843282569 -39.061472608 0.817018051 0.015046083 0.009757448 -0.520305317 0.853792003
1709436891.493691444 17.903763298 -39.164961809 0.815550402 0.023320183 0.008951432 -0.518414752 0.854764404
1709436891.592360497 17.948887452 -39.260109183 0.808008018 0.029119578 0.001336765 -0.516128026 0.856015259
1709436891.691079378 17.998831611 -39.347177267 0.807364349 0.032952609 0.004152150 -0.518803099 0.854248342
1709436891.794598818 18.056875105 -39.437633908 0.804639035 0.023724052 0.002996126 -0.518763892 0.854583066
1709436891.894454241 18.119743341 -39.518940427 0.807284317 0.020819518 0.006852661 -0.519462747 0.854211943
1709436891.995089054 18.163250859 -39.601310191 0.814691374 0.017599113 -0.001439799 -0.518934114 0.854631841
1709436892.094929457 18.188227889 -39.692283023 0.821354783 0.016310891 -0.002801600 -0.520388070 0.853769502
1709436892.194759846 18.238134265 -39.753697794 0.832605346 0.004662370 -0.008087909 -0.518779281 0.854857243
1709436892.294629097 18.282429319 -39.829808668 0.834894507 0.008269923 -0.008695623 -0.517829475 0.855399690
1709436892.394336939 18.321468860 -39.917817758 0.841772703 0.006981661 -0.009807690 -0.519495387 0.854388441
1709436892.493250847 18.366980034 -40.008536993 0.841384002 0.006960059 -0.007568576 -0.519065982 0.854672323
1709436892.592234612 18.411425076 -40.101503731 0.850487029 0.008788859 -0.004920571 -0.518631554 0.854938510
1709436892.694688082 18.467854051 -40.217241086 0.853714636 0.007593110 0.003816553 -0.519692577 0.854311070
1709436892.793262482 18.505839743 -40.325354265 0.854253449 0.008652674 0.005458637 -0.520802978 0.853615600
1709436892.891973495 18.557614382 -40.423874566 0.858104887 0.005611325 0.007145866 -0.521415581 0.853254500
1709436892.990688562 18.604657483 -40.527804872 0.854885085 0.013073221 0.007466246 -0.518991952 0.854646535
1709436893.094940424 18.647079112 -40.654632095 0.850194611 0.022868177 0.015726773 -0.520800523 0.853227127
1709436893.194080591 18.708808280 -40.764841517 0.854540012 0.019445462 0.018879329 -0.521875253 0.852591148
1709436893.292611599 18.752886923 -40.867628147 0.856769456 0.022497439 0.017728866 -0.521661833 0.852671381
1709436893.394442797 18.808102042 -40.969520963 0.859130584 0.020276143 0.016057085 -0.521102085 0.853102376
1709436893.495084286 18.857669318 -41.066039932 0.860662376 0.016803243 0.011453222 -0.523371900 0.851861684
1709436893.594914436 18.901481006 -41.155394746 0.863459467 0.010862630 0.001298443 -0.522952742 0.852291468
1709436893.694267273 18.955355396 -41.253215664 0.861631013 0.011499712 -0.002499317 -0.523405957 0.852002180
1709436893.793303013 18.995962246 -41.355227873 0.858673784 0.008037580 -0.001187327 -0.525122426 0.850987911
1709436893.894821644 19.041850389 -41.457314723 0.860286781 0.003578153 0.007531740 -0.525726433 0.850612830
1709436893.994374037 19.086708501 -41.574236687 0.854593381 0.013304877 0.006627356 -0.522720481 0.852374541
1709436894.093181133 19.137868581 -41.696559343 0.851075130 0.025458618 0.017672548 -0.523557668 0.851426396
1709436894.191822052 19.177673843 -41.811350924 0.857219811 0.021939808 0.018909289 -0.523427191 0.851577982
1709436894.290559530 19.245149248 -41.929007600 0.856660021 0.022309868 0.021608704 -0.521287315 0.852815847
1709436894.394815683 19.310151213 -42.053246092 0.854617833 0.019383298 0.021128651 -0.520888758 0.853142878
1709436894.493648529 19.370187356 -42.154098301 0.859293494 0.011354502 0.021669316 -0.521654205 0.852806195
1709436894.592290401 19.435009393 -42.257495999 0.868997734 0.003193668 0.018158425 -0.519644849 0.854183413
1709436894.695132256 19.494007038 -42.374899248 0.876957529 0.002569769 0.017019951 -0.521832709 0.852874165
1709436894.794977665 19.540769434 -42.459206696 0.880917910 -0.008592043 0.001751878 -0.520990658 0.853517336
1709436894.894833088 19.607735475 -42.554425510 0.876579823 -0.016262319 -0.001005148 -0.516415226 0.856183299
1709436894.994626999 19.664076694 -42.639777519 0.882762477 -0.013389813 -0.005519401 -0.516354006 0.856252760
1709436895.093731880 19.717857860 -42.739205438 0.885645475 -0.019226172 -0.006134856 -0.517575421 0.855399556
1709436895.194778204 19.762385567 -42.867670371 0.878861911 -0.010271495 0.001804965 -0.508458934 0.861023084
1709436895.294046879 19.824055447 -42.986625213 0.890593305 -0.004378090 0.013359567 -0.513232237 0.858134619
1709436895.392740965 19.915562702 -43.076047221 0.896796334 -0.015703648 0.022258934 -0.514592425 0.857002084
1709436895.491410494 19.974077361 -43.184209144 0.904807312 -0.013937728 0.015718727 -0.513215979 0.858002343
1709436895.590250015 20.022475340 -43.312905835 0.900459403 0.000085270 0.022423627 -0.508726485 0.860636124
1709436895.694780827 20.072274555 -43.442984790 0.901380659 0.002281116 0.017270336 -0.513634629 0.857832151
1709436895.793302298 20.144770203 -43.585489725 0.895624073 0.006331323 0.023596968 -0.514322288 0.857248903
1709436895.891874790 20.205682200 -43.717751459 0.896052247 0.011443211 0.025303503 -0.513395739 0.857702513
1709436895.995127439 20.286129859 -43.852124690 0.890431515 0.011518485 0.019768639 -0.514705758 0.857061555
1709436896.094972610 20.340444731 -43.988191267 0.888956087 0.016610202 0.010307486 -0.515095336 0.856909944
1709436896.194802999 20.400848291 -44.088731822 0.894391030 0.011332132 -0.002695150 -0.516256741 0.856354655
1709436896.294548512 20.441236836 -44.224318612 0.899129460 0.008946153 -0.007555941 -0.518390617 0.855063765
1709436896.393787861 20.484910116 -44.327237700 0.899827282 0.001800824 -0.007003920 -0.519280312 0.854573379
1709436896.495054483 20.562269962 -44.448189229 0.900539303 0.003431373 -0.000667308 -0.519179532 0.854658056
1709436896.593725443 20.608379686 -44.574909777 0.899044152 0.007758195 -0.000562749 -0.519625738 0.854358582
1709436896.692520618 20.663651283 -44.708160565 0.899907922 0.019577226 0.006424746 -0.518014669 0.855123533
1709436896.791270018 20.711394289 -44.850559704 0.901725246 0.021620131 0.008544491 -0.519250005 0.854306148
1709436896.890131712 20.783853258 -44.999262646 0.906508240 0.011861225 0.018378310 -0.524648619 0.851037823
1709436896.994374275 20.882146610 -45.101622426 0.903142297 0.011865822 0.013737779 -0.521398020 0.853120496
1709436897.092932940 20.934013616 -45.238976590 0.894030978 0.024706261 0.014778701 -0.521647623 0.852675172
1709436897.191577435 20.997279851 -45.360680824 0.897433816 0.020102027 0.013372836 -0.522598541 0.852236963
1709436897.294598103 21.051620524 -45.476252157 0.901429444 0.018675982 0.003767074 -0.519524357 0.854243208
1709436897.394421339 21.114919951 -45.590799180 0.906470558 0.021324659 0.004655368 -0.520735832 0.853438797
1709436897.495065928 21.157070801 -45.708175960 0.915161155 0.013458041 -0.008825787 -0.522351910 0.852578130
1709436897.594832182 21.232959079 -45.807898052 0.919406041 0.006997582 -0.008040094 -0.523458780 0.851984329
1709436897.694745541 21.274360003 -45.934153356 0.908873181 0.012161360 -0.005991457 -0.519131417 0.854586903
1709436897.794580221 21.323720791 -46.067499360 0.909656873 0.019282988 -0.002224424 -0.517615694 0.855393016
1709436897.893607616 21.391015252 -46.207607905 0.904280760 0.025519609 0.008465101 -0.516226997 0.856029660
1709436897.992400408 21.462137502 -46.348117899 0.907785973 0.027633398 0.015185812 -0.514382306 0.856981114
1709436898.091212034 21.525656335 -46.475463670 0.913704489 0.025245139 0.009745133 -0.514182807 0.857253612
1709436898.195125818 21.577599891 -46.612606269 0.913144641 0.018984714 0.007733992 -0.519103671 0.854465415
1709436898.294114351 21.642006715 -46.719738121 0.925437511 0.004309461 0.005657018 -0.517850115 0.855441807
1709436898.392786980 21.704387915 -46.811208853 0.933842969 -0.004005297 0.000214518 -0.515880743 0.856651020
1709436898.491349936 21.775821867 -46.932218211 0.932154243 0.001400157 0.008432985 -0.516712409 0.856116354
1709436898.594489098 21.830561705 -47.062271739 0.928158918 0.006568085 0.000323241 -0.516006215 0.856559596
1709436898.695113897 21.874584716 -47.167777502 0.927969851 0.008811761 0.001074530 -0.519128200 0.854650285
1709436898.794960976 21.935502709 -47.275039165 0.929422388 0.007208849 0.007770306 -0.520343228 0.853891433
1709436898.894813299 22.012302330 -47.388863358 0.930842056 0.003335647 0.014689500 -0.520129735 0.853954420
1709436898.994648695 22.082451394 -47.493529820 0.933053370 0.004743125 0.017807881 -0.519818487 0.854077937
1709436899.094466686 22.145306215 -47.616605941 0.944102605 0.009367632 0.016336864 -0.517720412 0.855342580
1709436899.193535328 22.212242175 -47.758063130 0.944901340 0.011213083 0.020377844 -0.518765078 0.854600377
1709436899.292296410 22.284430859 -47.870678274 0.946004700 0.007864211 0.019001803 -0.519955451 0.853945791
1709436899.391033888 22.363063576 -47.974960977 0.950508972 -0.000155816 0.010960547 -0.520105866 0.854031458
1709436899.494622707 22.456003610 -48.092895133 0.949605239 0.000261303 0.023131900 -0.520104617 0.853789221
1709436899.593664885 22.516629851 -48.213280822 0.945619947 0.003382916 0.023183244 -0.519682944 0.854037898
1709436899.692353964 22.561450932 -48.327049322 0.942485018 0.010737849 0.010794456 -0.518598429 0.854882359
1709436899.790905714 22.620467882 -48.452165155 0.934768309 0.015970569 0.020128602 -0.519842037 0.853875891
1709436899.894790411 22.669641962 -48.573634234 0.941782916 0.006974273 0.014488337 -0.522844005 0.852276712
1709436899.994623184 22.745092170 -48.705077995 0.938165932 0.001204970 0.016177743 -0.521765133 0.852934918
1709436900.093251705 22.791761793 -48.824399952 0.939813209 0.005906774 0.013641411 -0.520930518 0.853469634
1709436900.195127010 22.843770959 -48.947263138 0.940167038 0.005105289 0.006434521 -0.523412074 0.852040101
1709436900.294949055 22.910570578 -49.047121142 0.942191299 0.008222627 0.010625720 -0.523246536 0.852075434
1709436900.394221544 22.966352112 -49.165822059 0.949095727 0.002262585 -0.002915771 -0.524950022 0.851125051
1709436900.492930412 23.010731549 -49.283259135 0.959013284 -0.004675239 -0.002791765 -0.525785625 0.850599685
1709436900.591900110 23.073649777 -49.397951190 0.956765027 -0.002018733 -0.003443413 -0.524186058 0.851594413
1709436900.690808296 23.129207604 -49.510488253 0.959953040 0.001059327 -0.006530432 -0.526069324 0.850415956
1709436900.794844866 23.198524079 -49.629581325 0.965411619 -0.002581279 0.000194188 -0.527953876 0.849269100
1709436900.893404722 23.249447736 -49.751885199 0.973445653 0.000530229 0.009160653 -0.528569845 0.848840221
1709436900.992092848 23.289843987 -49.870614163 0.974893799 0.002587785 0.004284904 -0.529244640 0.848454509
1709436901.090675116 23.324568326 -50.015074881 0.961182188 0.015178033 0.006315419 -0.526752141 0.849859945
1709436901.195099354 23.388617346 -50.160825683 0.966948984 0.022362354 0.013995851 -0.527812264 0.848951268
1709436901.294421673 23.439982951 -50.279896736 0.975785737 0.017900905 0.008228877 -0.527095232 0.849577813
1709436901.394763708 23.500711536 -50.398903465 0.978788011 0.015643815 0.015220986 -0.528201302 0.848838605
1709436901.494603395 23.562250966 -50.502096272 0.981331004 0.005358673 0.008483939 -0.529381525 0.848324530
1709436901.594453335 23.609574459 -50.620450580 0.986148649 0.004811338 0.002722962 -0.527748238 0.849382854
1709436901.694231510 23.647027732 -50.724311918 0.976206991 0.015481531 0.003671355 -0.526174424 0.850227804
1709436901.793113947 23.706197238 -50.825499269 0.980089634 0.013430338 0.004280189 -0.529262932 0.848340766
1709436901.892109394 23.764270694 -50.927449649 0.990846460 0.004046551 0.007824112 -0.528881121 0.848650204
1709436901.991216421 23.804990764 -51.019566716 0.985274311 0.006372044 0.009073757 -0.527631889 0.849400762
1709436902.094363928 23.860831295 -51.124539662 0.985110988 0.007384575 0.015503463 -0.529295060 0.848264022
1709436902.193003416 23.920905189 -51.223616785 0.980062222 0.007853858 0.017553075 -0.527612222 0.849267655
1709436902.291647911 23.967778975 -51.327172755 0.977307776 0.013115181 0.015532686 -0.528065812 0.848960085
1709436902.390344381 24.010550403 -51.422728059 0.984485678 0.011782888 0.019559596 -0.530354231 0.847468569
1709436902.494615793 24.062284592 -51.522113978 0.992085246 0.004501184 0.020613584 -0.532395801 0.846232551
1709436902.593299866 24.096410029 -51.623485019 0.991009027 0.003434779 0.017978580 -0.532668339 0.846126122
1709436902.695102930 24.142426460 -51.707093246 0.999570878 -0.002072437 0.007560178 -0.533874732 0.845527243
1709436902.794947147 24.156832524 -51.804931497 1.004405857 0.000472530 0.004364812 -0.532973671 0.846120435
1709436902.894786358 24.193530012 -51.897858267 1.002465956 0.003736681 0.005111134 -0.533548821 0.845745570
1709436902.994120598 24.239779141 -51.967375227 1.011643161 -0.001384877 -0.003594119 -0.531353226 0.847141613
1709436903.093109131 24.290093076 -52.056947602 1.005042271 0.008196483 0.001194654 -0.530475435 0.847659839
1709436903.192112207 24.338924857 -52.144733929 1.017796295 0.004742159 0.004638198 -0.531884051 0.846791211
1709436903.294946909 24.384412501 -52.235950634 1.018271839 0.003549920 0.003057851 -0.531644000 0.846954961
1709436903.394159079 24.427932654 -52.331981324 1.016459987 0.002428229 0.006268810 -0.533471866 0.845791093
1709436903.492883205 24.475544742 -52.420309897 1.024657885 -0.000621680 0.001103909 -0.534914704 0.844905115
1709436903.591574669 24.538036060 -52.512853417 1.021166770 -0.000340822 0.002975104 -0.536981284 0.843588841
1709436903.694749117 24.605147874 -52.614339941 1.020384614 -0.003776753 0.001883507 -0.536669577 0.843781935
1709436903.794078588 24.627995088 -52.718079363 1.025226431 0.002325269 -0.001359250 -0.536914952 0.843632076
1709436903.892719984 24.660247524 -52.819964082 1.033099615 0.007312599 -0.001633818 -0.536590275 0.843809655
1709436903.991352081 24.692813595 -52.911529908 1.037206413 0.013949057 -0.004650643 -0.534598906 0.844977991
1709436904.094899893 24.733131701 -53.004424959 1.036612678 0.016151678 -0.002859310 -0.534293168 0.845140082
1709436904.194731474 24.781171251 -53.091984849 1.041885646 0.009552117 -0.004278045 -0.534885179 0.844859930
1709436904.294194937 24.814512196 -53.181194479 1.044857740 0.012664014 -0.006234890 -0.532346012 0.846409164
1709436904.393245220 24.854965559 -53.268112906 1.046828794 0.014948753 -0.005025740 -0.532548530 0.846252527
1709436904.492387295 24.905714743 -53.349047996 1.052902161 0.008178905 -0.002682591 -0.532602666 0.846321635
1709436904.594501495 24.964427283 -53.446613076 1.066176462 0.004318035 -0.000451387 -0.531322852 0.847158296
1709436904.693906307 25.022563700 -53.535076685 1.077521159 0.001811827 0.000882666 -0.532535574 0.846405222
1709436904.792590618 25.069111701 -53.638573003 1.080207361 0.001195270 0.005999182 -0.529744338 0.848135318
1709436904.891359091 25.107301249 -53.740679583 1.085789026 0.000075626 0.001830143 -0.530029411 0.847977280
1709436904.994626522 25.155096003 -53.834436011 1.087492612 -0.002495531 0.009441413 -0.531736648 0.846853452
1709436905.093734264 25.209517913 -53.916028672 1.092098311 -0.009166777 0.000046588 -0.531625346 0.846930020
1709436905.192445517 25.248844565 -54.010459157 1.091964502 -0.003965384 0.012080319 -0.531842085 0.846748096
1709436905.291065931 25.294032484 -54.103288270 1.088360422 -0.002466258 0.005921637 -0.534257216 0.845297627
1709436905.394760609 25.352234176 -54.189534052 1.094781489 -0.005750410 0.010695920 -0.534377354 0.845158786
1709436905.494601965 25.391765990 -54.287999800 1.101070459 -0.007649991 0.005932450 -0.534483183 0.845123666
1709436905.594373226 25.402209435 -54.395608195 1.114270565 0.000273560 0.009794363 -0.534436834 0.845151623
1709436905.693274498 25.420792505 -54.471538690 1.117682674 -0.006423711 -0.006777396 -0.534205035 0.845303368
1709436905.792386532 25.465979534 -54.562451226 1.114992577 -0.000819186 -0.004197829 -0.533522016 0.845775363
1709436905.894766569 25.519641577 -54.653443711 1.119170064 -0.002318573 -0.000158400 -0.536930074 0.843623550
1709436905.993712425 25.566991896 -54.747138815 1.114807814 -0.003406286 0.004643539 -0.538967036 0.842307170
1709436906.092444897 25.621862342 -54.837981122 1.123092474 -0.004095783 0.008047271 -0.541699477 0.840523731
1709436906.191091776 25.661364005 -54.957687003 1.125376588 0.006348062 0.018871149 -0.544021895 0.838834763
1709436906.294913292 25.706120014 -55.067466393 1.131490259 0.003783874 0.014563577 -0.545765303 0.837802971
1709436906.393484831 25.744023773 -55.162488022 1.123907512 0.005934766 0.013794098 -0.545567532 0.837932318
1709436906.492099524 25.774631349 -55.249542388 1.120256502 0.007190959 0.007719476 -0.546059291 0.837680101
1709436906.590819597 25.786215790 -55.351052584 1.113043103 0.024472365 0.002703266 -0.544484886 0.838409211
1709436906.695096731 25.803180620 -55.456494963 1.106599731 0.033823178 -0.007755593 -0.546074301 0.837017742
1709436906.794949293 25.835640742 -55.546279517 1.125650928 0.032693630 -0.004703725 -0.549106265 0.835099582
1709436906.894325733 25.877606450 -55.623534582 1.136121450 0.023272850 -0.008607445 -0.550271137 0.834617255
1709436906.993562460 25.915171929 -55.706259578 1.125949341 0.019233023 -0.006663406 -0.549326237 0.835360027
1709436907.092451811 25.962907732 -55.805218949 1.127154277 0.025698208 -0.013855101 -0.548441551 0.835679067
1709436907.194736242 25.993213985 -55.913198143 1.128529712 0.029617989 -0.020060617 -0.546075404 0.836971923
1709436907.293537617 26.025219832 -56.002226981 1.140125658 0.022464105 -0.023067191 -0.546905226 0.836575126
1709436907.392275810 26.058597901 -56.096978491 1.126442396 0.023698392 -0.019778269 -0.545813661 0.837337837
1709436907.491046190 26.106400743 -56.200678083 1.132950426 0.027243442 -0.010670154 -0.546822531 0.836737152
1709436907.594468832 26.160617462 -56.312986241 1.152602511 0.025587987 -0.012683177 -0.544424382 0.838323615
1709436907.693105698 26.212101998 -56.427362438 1.181284685 0.024309547 -0.005960623 -0.546684425 0.836964549
1709436907.791752100 26.268487529 -56.530979550 1.199225178 0.017987020 0.001844923 -0.546757081 0.837096026
1709436907.894783735 26.333325107 -56.644829838 1.206478190 0.018517781 0.000721676 -0.546489130 0.837261131
1709436907.994656324 26.364361282 -56.752661928 1.219849891 0.016214227 -0.007750348 -0.546431567 0.837310918
1709436908.094502449 26.439271343 -56.875155330 1.217998234 0.013711415 -0.003430118 -0.547138754 0.836922586
1709436908.194646597 26.475572378 -57.000044964 1.205355749 0.018144584 0.005364065 -0.544084968 0.838816755
1709436908.293710709 26.521033401 -57.095527490 1.213310710 0.015612308 0.001934260 -0.544027533 0.838919876
1709436908.394801140 26.576840745 -57.220761239 1.211357239 0.024991999 0.013523825 -0.542948310 0.839285195
1709436908.494367123 26.610523520 -57.341249279 1.215790243 0.030966677 0.008656212 -0.544262780 0.838298373
1709436908.593137264 26.666732442 -57.461059292 1.204660580 0.031673116 0.012787144 -0.545929773 0.837134389
1709436908.692024946 26.746082920 -57.574914786 1.201150068 0.017597777 0.014164599 -0.548802549 0.835646723
1709436908.794959307 26.821414254 -57.701956261 1.192064949 0.014366136 0.020655607 -0.548287536 0.835911322
1709436908.894273996 26.884128136 -57.821852795 1.188792795 0.023042601 0.015573205 -0.544656717 0.838197813
1709436908.992785454 26.902278481 -57.943331394 1.194154630 0.024506176 0.005030889 -0.547866180 0.836191836
1709436909.091562986 26.953421022 -58.060405913 1.209301858 0.020752338 0.010729483 -0.546970956 0.836825544
1709436909.195115566 27.005784063 -58.179170067 1.222067532 0.022832393 0.004274703 -0.547416642 0.836537763
1709436909.294980764 27.048888450 -58.306523669 1.220054329 0.021024539 0.004774004 -0.548228932 0.836050366
1709436909.394826889 27.090028488 -58.441356155 1.221130618 0.022819866 0.007769391 -0.547864787 0.836219508
1709436909.494677305 27.160482635 -58.571379460 1.214944106 0.026173695 0.014514924 -0.549927287 0.834676125
1709436909.594494104 27.210280341 -58.702163447 1.216656257 0.024706237 0.016510867 -0.549702512 0.834831804
1709436909.694753647 27.270781220 -58.825357890 1.216998080 0.022047594 0.014370179 -0.550352780 0.834517357
1709436909.794263363 27.321376994 -58.958027640 1.214433496 0.019873541 0.018060414 -0.551571295 0.833695370
1709436909.893141270 27.359735804 -59.087897214 1.210152040 0.016676044 0.006280628 -0.551704691 0.833849145
1709436909.992008209 27.401575061 -59.224668431 1.198752551 0.017038263 0.009870996 -0.552156921 0.833507646
1709436910.094893217 27.449303697 -59.354133461 1.204316683 0.019115683 0.009978527 -0.553917813 0.832292062
1709436910.193873644 27.511154337 -59.494280673 1.201027987 0.015249537 0.009914121 -0.554448432 0.832019290
1709436910.292631149 27.558781050 -59.646351689 1.206366031 0.021020844 0.018042839 -0.553589210 0.832329002
1709436910.391270161 27.593495444 -59.778491401 1.216746334 0.016995076 0.010155815 -0.554509632 0.831941762
1709436910.495054722 27.654058399 -59.916542597 1.220815846 0.018895562 0.009204206 -0.553116465 0.832838770
1709436910.594921350 27.721316207 -60.049295023 1.211236459 0.024068143 0.015113219 -0.549219724 0.835194594
1709436910.694760084 27.778540892 -60.184661763 1.206307585 0.022609946 0.012584535 -0.538561883 0.842188529
1709436910.794597864 27.845306418 -60.314280946 1.217307290 0.026489477 0.017031499 -0.523817293 0.851248306
1709436910.894450426 27.906972980 -60.453472949 1.217903797 0.024708274 0.019150297 -0.509912838 0.859657877
1709436910.995097399 28.010173274 -60.573349890 1.217385491 0.019758303 0.020835896 -0.493463149 0.869292583
1709436911.093930006 28.102652978 -60.714420695 1.204325880 0.026387535 0.028506848 -0.485684585 0.873270600
1709436911.192637205 28.182929227 -60.862519922 1.206781266 0.035155769 0.039916017 -0.478852912 0.876282302
1709436911.291732073 28.262876807 -60.985302288 1.218163459 0.029719872 0.032447492 -0.475881003 0.878408311
1709436911.394445419 28.358451190 -61.106652112 1.221011556 0.026161201 0.031896333 -0.470103299 0.881646814
1709436911.493544579 28.430945712 -61.242948635 1.223784501 0.017899347 0.008105705 -0.470872946 0.881982188
1709436911.592133760 28.495128702 -61.346045032 1.225611201 0.010896220 -0.001473851 -0.470019183 0.882587711
1709436911.690777302 28.578584754 -61.448454965 1.234928607 0.001384495 0.001610514 -0.473334037 0.880880457
1709436911.789420366 28.647478108 -61.535290022 1.228028569 -0.006781119 0.002719793 -0.476755600 0.879005527
1709436911.894449234 28.729388123 -61.647592701 1.231010202 -0.003898071 0.007569430 -0.482809573 0.875683975
1709436911.995094776 28.795436031 -61.764245609 1.231820177 0.005352298 0.003383254 -0.486083907 0.873889205
1709436912.094929457 28.871022114 -61.885336515 1.232904303 0.010825669 0.004207055 -0.493506462 0.869664578
1709436912.194773197 28.966031556 -62.025456739 1.231085076 0.007205679 0.008617472 -0.495091766 0.868768070
1709436912.294621229 29.051726353 -62.152240497 1.253971656 0.004647852 0.007144223 -0.494952700 0.868878117
1709436912.394187212 29.113972265 -62.280808804 1.259035584 0.008255915 0.003101731 -0.494574974 0.869090222
1709436912.493226051 29.180498324 -62.420071657 1.261973112 0.004244121 0.003872718 -0.496173471 0.868204397
1709436912.594939232 29.259246857 -62.550168858 1.259729871 0.003191522 0.000875051 -0.495825003 0.868416153
1709436912.694543839 29.341580720 -62.680476762 1.267081324 -0.000137055 0.005998475 -0.498889843 0.866644635
1709436912.793234348 29.420835023 -62.803735863 1.290385377 -0.001347670 0.003631779 -0.506046456 0.862497524
1709436912.891918659 29.488714059 -62.929893577 1.295686946 0.001191185 0.002899233 -0.513752234 0.857932875
1709436912.990615129 29.548954932 -63.057981905 1.303748623 0.001198545 0.009784082 -0.523325986 0.852075553
1709436913.094946861 29.609089454 -63.177341963 1.317111266 -0.002462581 0.005238294 -0.531092920 0.847293813
1709436913.194090843 29.671225170 -63.332213881 1.316778734 0.005398607 0.012548403 -0.534797622 0.844869751
1709436913.292647362 29.726814813 -63.466563833 1.327432521 0.000870904 0.008127433 -0.534880062 0.844888457
1709436913.394460201 29.795897496 -63.605333232 1.332195264 0.006378329 0.007411894 -0.533940547 0.845465477
1709436913.495080709 29.863142850 -63.752658149 1.325905140 0.017290240 0.011318068 -0.532751890 0.846019132
1709436913.594934225 29.917477810 -63.886861146 1.333444965 0.010504552 0.005152734 -0.531039747 0.847266127
1709436913.694188118 29.981282750 -64.035398667 1.313340883 0.012820267 0.019167522 -0.532494610 0.846119221
1709436913.793206215 30.035525267 -64.169842724 1.317776770 0.008071833 0.016830159 -0.531387285 0.846923341
1709436913.892115831 30.098424559 -64.318601679 1.304482854 0.020364448 0.028170874 -0.529705447 0.847469074
1709436913.994369745 30.146674464 -64.448577513 1.320931157 0.016016930 0.018975192 -0.531515532 0.846684498
1709436914.093003511 30.208160221 -64.591039226 1.337159688 0.013734433 0.016607785 -0.532115394 0.846397515
1709436914.191772938 30.259016989 -64.711017369 1.332920658 0.014344440 0.007492105 -0.532295049 0.846404210
1709436914.290265799 30.301118129 -64.841628512 1.328165583 0.006437211 -0.000240229 -0.535736841 0.844360433
1709436914.394452810 30.352798583 -64.980107703 1.335938056 0.011221635 0.012814943 -0.535958490 0.844072479
1709436914.493562937 30.408536805 -65.106363964 1.344105480 0.008023617 0.010894226 -0.537194716 0.843349734
1709436914.592121601 30.464118508 -65.241185366 1.343167971 0.011310188 0.015317842 -0.537224028 0.843224636
1709436914.694751740 30.506810970 -65.364754223 1.353121201 0.011140329 0.013315587 -0.536640387 0.843632434
1709436914.794584751 30.570462383 -65.485464952 1.348987808 0.004051071 0.010596355 -0.538668527 0.842441407
1709436914.894821405 30.634617566 -65.609684866 1.345419391 0.001530811 0.012044889 -0.536369226 0.843896102
1709436914.994281530 30.681464586 -65.752860895 1.348118242 0.003407118 0.006724338 -0.536387534 0.843938142
1709436915.093342066 30.733877210 -65.887447546 1.344051331 0.004348743 0.004367634 -0.537488333 0.843248661
1709436915.195123672 30.807682457 -66.020803410 1.356859778 0.004456172 0.013258175 -0.536733803 0.843635696
1709436915.293894053 30.874873423 -66.159654715 1.364180655 -0.001108312 0.006231979 -0.536341244 0.843977490
1709436915.392633677 30.957344330 -66.300223631 1.370684388 0.005855440 0.007695231 -0.535102621 0.844731722
1709436915.491401434 31.019995941 -66.439423909 1.379534362 0.007003308 0.011715752 -0.536803289 0.843597015
1709436915.590169191 31.089688752 -66.588949143 1.382624615 0.002836592 0.013935257 -0.537849300 0.842921048
1709436915.694570303 31.163539723 -66.739955176 1.382846318 0.008510769 0.017647954 -0.535711843 0.844173523
1709436915.793164730 31.233817041 -66.878379785 1.385125648 0.008997715 0.012062189 -0.536175962 0.843972087
1709436915.891810417 31.297589674 -67.007735652 1.382852658 0.010433843 0.010538548 -0.535925946 0.844134737
1709436915.994640827 31.384847497 -67.153558088 1.372065468 0.015202194 0.015458393 -0.535717067 0.844119160
1709436916.094474316 31.438128493 -67.282998544 1.373629605 0.012423833 0.012266102 -0.535633317 0.844270182
1709436916.195113420 31.512712351 -67.427996830 1.372750588 0.012479717 0.016945470 -0.535746815 0.844116377
1709436916.294273138 31.558608640 -67.566565310 1.376937393 0.017720413 0.012597857 -0.535884842 0.844011088
1709436916.393481255 31.609997447 -67.699438305 1.380360327 0.015603152 0.014635881 -0.535991266 0.843952425
1709436916.494603872 31.681951796 -67.837693104 1.384800131 0.011433679 0.009146925 -0.535901362 0.844153621
1709436916.593772888 31.754340373 -67.978328790 1.384155125 0.009166374 0.012253506 -0.537037163 0.843419774
1709436916.692424297 31.795279995 -68.116358093 1.386541517 0.011083982 0.003132114 -0.535324621 0.844567869
1709436916.791218758 31.848838079 -68.257595066 1.390443755 0.013988676 0.008856943 -0.536936108 0.843460424
1709436916.894757986 31.917446088 -68.405077382 1.390940519 0.013442168 0.011164361 -0.536089228 0.843980453
1709436916.994302034 31.965163223 -68.539078430 1.390037948 0.011098293 0.005201835 -0.534693371 0.844957258
1709436917.092880487 32.034113219 -68.684163508 1.386300806 0.010056892 0.009324997 -0.534775563 0.844882832
1709436917.191571236 32.099602876 -68.819694925 1.394828201 0.005964642 0.007822730 -0.532672174 0.846264488
1709436917.294901848 32.148926036 -68.965042355 1.393229609 0.008233782 0.011694076 -0.533084243 0.845941276
1709436917.394746065 32.213656684 -69.103358053 1.394918719 0.007654855 0.006916929 -0.532174449 0.846571860
1709436917.494580269 32.291626096 -69.231927113 1.401464898 0.005672635 0.011686200 -0.532039685 0.846619766
1709436917.594815016 32.362373884 -69.358984390 1.397246275 -0.001124662 0.013565503 -0.533013623 0.845997157
1709436917.694656134 32.439190296 -69.489025398 1.403963277 0.004396055 0.017984013 -0.525540476 0.850567139
1709436917.794489622 32.516224103 -69.617239361 1.411564383 0.007040150 0.014364611 -0.527932969 0.849135369
1709436917.893593788 32.586262495 -69.763632158 1.419384654 0.008018303 0.018099667 -0.528496623 0.848704559
1709436917.992236137 32.652492983 -69.899034389 1.426594959 0.003679838 0.013296421 -0.525507833 0.850676896
1709436918.091063023 32.734635684 -70.032861180 1.424947636 0.010091992 0.016598620 -0.526327789 0.850059819
1709436918.194648027 32.798038560 -70.174373285 1.422717705 0.005303933 0.014271185 -0.525189403 0.850849160
1709436918.293869257 32.878744772 -70.309240864 1.422439463 0.006946397 0.014091119 -0.525531622 0.850629004
1709436918.392437696 32.941114739 -70.449417038 1.414703807 0.010832898 0.010677902 -0.524627118 0.851196227
1709436918.491046667 32.996764616 -70.582789775 1.413353701 0.016579541 0.014991389 -0.526137057 0.850105978
1709436918.594831705 33.066139158 -70.717608416 1.417030341 0.009293901 0.017121334 -0.527746235 0.849178659
1709436918.694666862 33.132783455 -70.859587702 1.409980303 0.012987627 0.017778873 -0.525297031 0.850634036
1709436918.794502735 33.177001675 -71.004693672 1.407329667 0.013175361 0.012169782 -0.526313232 0.850101575
1709436918.894757986 33.247692278 -71.141682971 1.406877656 0.012713840 0.012403738 -0.528595539 0.848687965
1709436918.994605780 33.322494878 -71.270077298 1.416539385 0.008924823 0.017707165 -0.527428556 0.849367955
1709436919.094438553 33.382964832 -71.409469538 1.413801106 0.006452777 0.016315638 -0.527444952 0.849408020
1709436919.193294525 33.432462191 -71.545503339 1.419139285 0.005934498 0.012330432 -0.528893265 0.848578020
1709436919.292196751 33.493856087 -71.676099389 1.422286225 0.004560218 0.010844207 -0.527535883 0.849451294
1709436919.391119957 33.567486564 -71.814114714 1.419387637 0.004036802 0.014235035 -0.524333119 0.851384665
1709436919.494606256 33.641927802 -71.950442135 1.412540519 0.002460939 0.008303589 -0.524110847 0.851606020
1709436919.593578100 33.703501696 -72.092237191 1.406846194 0.007814061 0.009732932 -0.522358557 0.852634593
1709436919.692256689 33.749506634 -72.240824714 1.409812901 0.007733905 0.006793705 -0.521343441 0.853284858
1709436919.790899515 33.813656483 -72.387100823 1.421305703 0.004853827 0.014256928 -0.520963269 0.853446222
1709436919.894756556 33.875671510 -72.532323612 1.428160172 0.002142278 0.011544477 -0.518253236 0.855146607
1709436919.994583607 33.935871790 -72.674628538 1.423794866 0.005069144 0.009859771 -0.513900249 0.857778306
1709436920.093345642 33.997744317 -72.803595535 1.425930692 0.006162237 0.010898990 -0.513531529 0.857979375
1709436920.195084095 34.057321535 -72.937489170 1.428063177 0.005305123 0.006770059 -0.509761788 0.860272597
1709436920.294930220 34.145241704 -73.069655282 1.433992167 0.005479291 0.012290996 -0.507493752 0.861550347
1709436920.394323587 34.211496317 -73.196714522 1.441077905 0.004844565 0.009862002 -0.503492836 0.863929531
1709436920.493186474 34.288815100 -73.334261039 1.444872942 0.010212772 0.005795023 -0.499817450 0.866051173
1709436920.592051506 34.366146095 -73.466521733 1.449254979 0.003529148 0.007223041 -0.497448241 0.867456408
1709436920.695071459 34.462915226 -73.605472410 1.449414617 0.008673780 0.010937984 -0.487296662 0.873124899
1709436920.794641495 34.559261513 -73.742720796 1.448604266 0.010955591 0.006884093 -0.479830591 0.877265746
1709436920.893232822 34.670676033 -73.871190363 1.452326475 0.007971632 0.014364557 -0.470750085 0.882113638
1709436920.991884232 34.773579078 -73.998029902 1.463599958 0.006173913 0.011987480 -0.456695939 0.889520659
1709436921.090582609 34.885325580 -74.120770472 1.456705519 0.009227598 0.015035445 -0.444413939 0.895647831
1709436921.194653749 35.009588856 -74.245446424 1.460126707 0.008919232 0.017315170 -0.425221794 0.904879582
1709436921.293574333 35.139002166 -74.362093288 1.452731446 0.005699954 0.019828653 -0.404246380 0.914417410
1709436921.394768000 35.271181035 -74.483358497 1.449504993 0.010809711 0.019520251 -0.383263264 0.923369580
1709436921.494608879 35.404753556 -74.579046018 1.454456694 0.007633608 0.019725502 -0.363755445 0.931254320
1709436921.594453573 35.552999877 -74.681087980 1.460467123 0.004023510 0.023180670 -0.340698363 0.939878233
1709436921.694347858 35.664184200 -74.788403033 1.454182407 0.006385049 0.019796294 -0.320829560 0.946908513
1709436921.793321133 35.796703978 -74.888586127 1.457204411 0.010568300 0.022106798 -0.299287913 0.953848177
1709436921.892408133 35.951267977 -74.974949604 1.454586473 0.009435139 0.025082019 -0.279717658 0.959708238
1709436921.994574308 36.080605336 -75.049068852 1.453326014 0.006939302 0.017517887 -0.256727428 0.966300159
1709436922.094278574 36.217368511 -75.142366517 1.451292370 0.007023285 0.017241799 -0.236543699 0.971442470
1709436922.192987442 36.362242668 -75.230979700 1.444652965 0.013310881 0.014879627 -0.215529110 0.976293306
1709436922.291665077 36.515829686 -75.286058576 1.443170939 0.011765992 0.017400039 -0.198255458 0.979925290
1709436922.394768000 36.671197654 -75.346458926 1.442139499 0.006863136 0.013800517 -0.177523561 0.983995848
1709436922.494564772 36.834818939 -75.378019640 1.442540960 0.007997792 0.013213139 -0.158543493 0.987231183
1709436922.593101501 36.995725684 -75.404868141 1.443714118 0.007372502 0.015157524 -0.140058235 0.989999791
1709436922.695071459 37.161802103 -75.425429184 1.453482072 0.002993774 0.009953369 -0.118450787 0.992905524
1709436922.794914722 37.310196375 -75.454396243 1.450162481 0.007629426 0.014481964 -0.099708572 0.994882036
1709436922.894753456 37.465276305 -75.513817299 1.446605065 0.011191181 0.008097074 -0.078555270 0.996814057
1709436922.994392633 37.644328753 -75.528588538 1.445117737 0.012455800 0.016038245 -0.063037485 0.997804542
1709436923.093111515 37.803549210 -75.530770418 1.446446378 0.013030228 0.006972866 -0.041344488 0.999035648
1709436923.192306042 37.966854999 -75.556313309 1.451452870 0.014410441 0.018650562 -0.024073218 0.999432327
1709436923.294931650 38.144297301 -75.551074730 1.449077636 0.018677449 0.025480049 -0.003009356 0.999496305
1709436923.393931866 38.323336375 -75.527950343 1.450195315 0.015317862 0.020685238 0.022848943 0.999407529
1709436923.492551327 38.475707276 -75.524840071 1.446051208 0.018163769 0.023458091 0.042282715 0.998665093
1709436923.591342926 38.645023056 -75.494611312 1.440051628 0.013773843 0.019836122 0.065473403 0.997562050
1709436923.695078611 38.816344750 -75.463333168 1.447419317 0.006798953 0.020062485 0.086551844 0.996022113
1709436923.794147730 38.962534861 -75.431457241 1.450820747 0.006511399 0.021314907 0.106402604 0.994073318
1709436923.892709494 39.134703694 -75.401925599 1.464717702 0.007718053 0.018434664 0.126610757 0.991751134
1709436923.991319895 39.282220746 -75.339063487 1.472627486 0.003566165 0.016383759 0.144174029 0.989410281
1709436924.094803810 39.452766564 -75.281991972 1.465991746 0.005535727 0.021199607 0.164442217 0.986143341
1709436924.194646120 39.602067857 -75.228841793 1.467142051 0.006090354 0.026354205 0.177856995 0.983684529
1709436924.294372797 39.745000111 -75.136802404 1.470306729 0.004738715 0.028795629 0.195838700 0.980201796
1709436924.393428564 39.891672147 -75.058885782 1.471053378 0.001026028 0.027622530 0.214136120 0.976412651
1709436924.492410898 40.038395032 -74.975476077 1.477900765 0.000357901 0.027281745 0.228611839 0.973135245
1709436924.594807148 40.169587994 -74.878074965 1.478023163 -0.005042338 0.024481331 0.243732043 0.969520464
1709436924.693722725 40.310504766 -74.791155855 1.485472960 -0.012337822 0.024388205 0.257745063 0.965826318
1709436924.792462587 40.412170427 -74.710236225 1.490254666 -0.007938061 0.019010540 0.270073075 0.962619406
1709436924.891249180 40.545240790 -74.623981494 1.496283516 -0.006020179 0.012371328 0.284320484 0.958630570
1709436924.994948864 40.679588310 -74.528996365 1.495836496 -0.005081817 0.019520625 0.297371134 0.954548862
1709436925.093695164 40.804551806 -74.433082422 1.495808683 -0.006830102 0.015781059 0.310395882 0.950451842
1709436925.192445755 40.912873520 -74.329971748 1.494272769 -0.006866519 0.015615550 0.320396024 0.947130083
1709436925.290953636 41.024926646 -74.213163764 1.490084524 -0.006207664 0.015180996 0.334771261 0.942156677
1709436925.395124435 41.166524003 -74.096633291 1.491980860 -0.000503433 0.016108644 0.346511716 0.937907186
1709436925.494942904 41.273557659 -73.995156762 1.494973214 0.000399898 0.016921982 0.356588140 0.934108337
1709436925.594548225 41.421339261 -73.894426748 1.497947506 -0.003004601 0.032586954 0.365969648 0.930051224
1709436925.693454742 41.540837188 -73.777810918 1.498654226 0.002505487 0.032542332 0.381247713 0.923896585
1709436925.792538881 41.646204575 -73.667330475 1.507602373 -0.000863081 0.023283509 0.398178729 0.917011905
1709436925.894749641 41.758900926 -73.537351776 1.499727411 -0.001963273 0.031564265 0.412937286 0.910210218
1709436925.993452311 41.857899742 -73.423477556 1.503511763 0.000164206 0.028774291 0.421755297 0.906252990
1709436926.092216492 41.940024723 -73.291959287 1.506225519 -0.009049824 0.025978497 0.431073107 0.901897552
1709436926.190975428 42.030350012 -73.169239486 1.506449709 -0.012516656 0.027605196 0.441949436 0.896527736
1709436926.294487953 42.132003432 -73.047612967 1.499210774 -0.014572080 0.032294723 0.449041502 0.892808174
1709436926.393472433 42.198353171 -72.908732314 1.498817501 -0.013581873 0.033051220 0.457365465 0.888560623
1709436926.492063761 42.283804052 -72.766822826 1.493029287 -0.008896268 0.029130967 0.470835223 0.881695206
1709436926.590748787 42.355080709 -72.616216573 1.493950072 -0.010570599 0.021563047 0.488747332 0.872094802
1709436926.694647074 42.422138827 -72.457804988 1.492844822 -0.008626286 0.016505695 0.508513595 0.860852527
1709436926.794487476 42.472788950 -72.310858301 1.494252464 -0.013886675 0.018993608 0.523609331 0.851633531
1709436926.894534111 42.516885810 -72.162922555 1.492786784 -0.014301848 0.015829195 0.537290867 0.843127166
1709436926.993700027 42.578507105 -72.011465776 1.489082314 -0.023055348 0.016472567 0.549235794 0.835186894
1709436927.094797850 42.642734310 -71.852581685 1.491446495 -0.028497759 0.012017906 0.563231508 0.825720120
1709436927.194614172 42.709608746 -71.696371393 1.487289487 -0.027037442 0.015363781 0.578500771 0.815088823
1709436927.293334007 42.774220052 -71.553001691 1.485648324 -0.021658586 0.017950153 0.586184440 0.809689138
1709436927.392233133 42.812457838 -71.410281506 1.476062464 -0.019460622 0.012337795 0.593379598 0.804592888
1709436927.491135597 42.856307402 -71.268679874 1.465334848 -0.013957043 0.011562810 0.603133927 0.797433990
1709436927.594510555 42.908887895 -71.104252240 1.454837785 -0.010195640 0.016659493 0.622542063 0.782342566
1709436927.693002462 42.949644931 -70.935667749 1.450959807 -0.001868482 0.030011087 0.641424761 0.766596452
1709436927.791593790 42.970962903 -70.774825652 1.447111713 -0.002523339 0.025072693 0.659668477 0.751134138
1709436927.895136118 42.981277379 -70.602900034 1.448010640 -0.014942098 0.030412958 0.674915072 0.737116973
1709436927.994980335 42.977309227 -70.436725120 1.442423910 -0.009546498 0.025720052 0.695006348 0.718480006
1709436928.094834566 42.948794628 -70.256319818 1.433861587 -0.025927920 0.024717870 0.712795376 0.700456652
1709436928.194659233 42.914366789 -70.087910712 1.427682095 -0.030947649 0.023419981 0.736198148 0.675652302
1709436928.294235945 42.898507327 -69.906465500 1.397410573 -0.035209025 0.036205987 0.752713750 0.656408000
1709436928.394766808 42.871200075 -69.762214263 1.393285198 -0.034510295 0.050755130 0.761965976 0.644702108
1709436928.494159222 42.837199441 -69.640460014 1.394058256 -0.025018687 0.044449792 0.775198273 0.629655397
1709436928.593144178 42.793194050 -69.546907849 1.392170624 -0.017959340 0.031667508 0.788564069 0.613874043
1709436928.692082167 42.767294311 -69.445970277 1.376129908 -0.012141215 0.024101114 0.801375961 0.597551919
1709436928.794900894 42.740269308 -69.338019478 1.350070416 0.010634282 0.028279288 0.817437718 0.575224104
1709436928.894016981 42.715372567 -69.206763625 1.336261497 0.013031232 0.051411195 0.828615914 0.557299509
1709436928.992707491 42.648613694 -69.076193875 1.328069072 0.000142766 0.059334868 0.840649700 0.538319083
1709436929.091376543 42.583281433 -68.957596758 1.326185222 -0.004851329 0.052005954 0.851542511 0.521677292
1709436929.195075035 42.492782661 -68.854471020 1.338032930 -0.018055493 0.033455878 0.858509725 0.511386112
1709436929.294926405 42.425894087 -68.749779936 1.346678021 -0.016007034 0.021602173 0.864958885 0.501121990
1709436929.394775867 42.348864187 -68.615589266 1.337345192 -0.024067250 0.026972851 0.869523875 0.492566201
1709436929.494618177 42.284718403 -68.463569762 1.326664436 -0.021375952 0.040582720 0.874083901 0.483604638
1709436929.594454527 42.221879842 -68.312276838 1.314126154 -0.023987333 0.041627018 0.872926348 0.485480576
1709436929.695109129 42.129057454 -68.195928418 1.337807818 -0.018849269 0.030530245 0.875042150 0.482715076
1709436929.794388771 42.060336616 -68.074997541 1.346802309 -0.004744768 0.014821371 0.875061413 0.483761654
1709436929.893256187 41.976903249 -67.936847368 1.347332570 -0.006781768 0.010184557 0.875408670 0.483228665
1709436929.992180347 41.876110376 -67.787162841 1.353002296 -0.013044681 0.013241901 0.873129877 0.487133151
1709436930.094474316 41.760317974 -67.633461623 1.343554925 -0.021950091 0.015149718 0.872270807 0.488295319
1709436930.193791628 41.653554961 -67.463353082 1.326630299 -0.023772575 0.027603181 0.873085988 0.486203442
1709436930.292490005 41.552138310 -67.296681398 1.313624894 -0.030615952 0.034276052 0.870702177 0.489658590
1709436930.391121149 41.478579243 -67.143237758 1.307528206 -0.027391145 0.034142270 0.865781902 0.498503488
1709436930.494632959 41.415317722 -66.983339939 1.304666313 -0.029481766 0.033793743 0.850334795 0.524327708
1709436930.594480753 41.372934589 -66.864747382 1.300348829 -0.025901207 0.032873456 0.830026992 0.556150750
1709436930.695125580 41.353315067 -66.718949428 1.285586936 -0.031977843 0.038663162 0.810430317 0.583682516
1709436930.794975519 41.320113690 -66.599902811 1.294405937 -0.028052094 0.036264236 0.797763986 0.601224257
1709436930.894806385 41.286563860 -66.462768476 1.297630005 -0.028232155 0.036907185 0.794151011 0.605941397
1709436930.994643211 41.247702241 -66.330952942 1.282896284 -0.033175974 0.033482897 0.792745561 0.607727509
1709436931.094008446 41.219430256 -66.190389351 1.276315536 -0.030313630 0.029856786 0.791444380 0.609758518
1709436931.192984343 41.207211527 -66.047668800 1.271917894 -0.013481182 0.029464791 0.791885492 0.609809356
1709436931.291968822 41.178269318 -65.897770969 1.266005319 -0.010303742 0.029576445 0.790354928 0.611848146
1709436931.394673347 41.159475492 -65.753252973 1.262064021 -0.002393115 0.017193769 0.790139287 0.612681446
1709436931.493422270 41.129358666 -65.610865643 1.261270872 -0.013046597 0.019272473 0.790106771 0.612527263
1709436931.592282057 41.098667148 -65.453315912 1.252944335 -0.013358272 0.032616873 0.790127305 0.611928541
1709436931.690777063 41.058864773 -65.301666652 1.250592919 -0.009062940 0.038012925 0.796380528 0.603532050
1709436931.794979811 40.987312298 -65.121466534 1.248257363 -0.008607131 0.035295073 0.812232988 0.582200780
1709436931.894359112 40.918694489 -64.954591183 1.237752571 -0.010396500 0.037793990 0.823731441 0.565623585
1709436931.992843628 40.858123848 -64.807099357 1.234518681 -0.006555984 0.037840689 0.829252226 0.557553448
1709436932.094490528 40.806191501 -64.636495927 1.228097204 -0.007275662 0.039702187 0.828629835 0.558339859
1709436932.195132017 40.749192997 -64.473964882 1.224979623 -0.006263405 0.042279458 0.829255933 0.557232281
1709436932.294965267 40.682291130 -64.351213507 1.231701723 0.009530672 0.035091661 0.834681127 0.549531762
1709436932.394153118 40.613364988 -64.209355112 1.237076389 0.001422571 0.032391196 0.839109550 0.542995350
1709436932.493256569 40.524875292 -64.084896324 1.239059318 0.000714814 0.017166708 0.842888731 0.537813518
1709436932.592207193 40.434607291 -63.962353376 1.239903256 -0.008183538 0.019047925 0.842644576 0.538070929
1709436932.694353342 40.368365081 -63.820025817 1.238437795 -0.005398595 0.020973776 0.842758630 0.537855787
1709436932.793103695 40.280959066 -63.667737376 1.236251602 -0.013120606 0.028198117 0.842834205 0.537273876
1709436932.891744375 40.224258123 -63.507050344 1.231914247 -0.009016121 0.027331043 0.842781434 0.537485979
1709436932.990535021 40.164237558 -63.347095589 1.231444029 -0.013504417 0.031876000 0.842731736 0.537219483
1709436933.094485283 40.093167914 -63.184156386 1.227480533 -0.012278001 0.029629328 0.841922931 0.538643789
1709436933.193936586 40.021540314 -63.012548678 1.246017611 -0.017253918 0.017493094 0.841426207 0.539813146
1709436933.292509556 39.961372336 -62.863610759 1.241433948 -0.015743559 0.015460631 0.842938471 0.537557293
1709436933.394818783 39.895248211 -62.710397603 1.236302219 -0.018436258 0.015063051 0.841113942 0.540333735
1709436933.494637489 39.818125045 -62.563553984 1.242321053 -0.015826422 0.007183557 0.842574170 0.538299812
1709436933.594459295 39.759485486 -62.397402018 1.235197226 -0.026318046 0.017450946 0.843339418 0.536452655
1709436933.694290876 39.689945120 -62.263532381 1.235321554 -0.021614334 0.016768297 0.841956990 0.538850695
1709436933.793288469 39.639438446 -62.114675726 1.232182548 -0.017625301 0.021449133 0.842531554 0.537931095
1709436933.894798994 39.565328956 -61.977452714 1.223716462 -0.013589739 0.020864526 0.842174750 0.538629447
1709436933.994146109 39.543669979 -61.828611471 1.221423354 -0.015498470 0.021803410 0.842038859 0.538753162
1709436934.092794418 39.490597804 -61.688909449 1.220483878 -0.013041891 0.021500410 0.841644506 0.539446167
1709436934.191614151 39.425240977 -61.528744918 1.215757131 -0.018484514 0.027724392 0.841352976 0.539457923
1709436934.290241480 39.360639664 -61.386097491 1.214693825 -0.016230777 0.025913000 0.841110558 0.539998247
1709436934.394773483 39.278951312 -61.231632623 1.213259386 -0.018616454 0.023954227 0.840203827 0.541421418
1709436934.493447304 39.201821372 -61.080940806 1.211514186 -0.019765796 0.019625641 0.840103628 0.541710294
1709436934.592041969 39.137424714 -60.927770971 1.211068729 -0.015809222 0.022824161 0.841119265 0.540136565
1709436934.695105076 39.061886561 -60.755416861 1.200707284 -0.022349056 0.027531075 0.839644563 0.541977461
1709436934.794956684 38.987908803 -60.569814741 1.194489434 -0.027151652 0.025858451 0.839563278 0.541966448
1709436934.894804716 38.906442094 -60.389010129 1.189325263 -0.023492133 0.029406153 0.840636109 0.540290969
1709436934.994172812 38.821308932 -60.220602759 1.184623843 -0.021837368 0.030838365 0.840099040 0.541115263
1709436935.093349218 38.757194605 -60.047283191 1.184644065 -0.008931743 0.024055479 0.839063620 0.543427823
1709436935.195102453 38.672301789 -59.887824039 1.181323035 -0.017914011 0.018446675 0.839846971 0.542213863
1709436935.293820858 38.600829656 -59.717458779 1.178937784 -0.016042019 0.018471552 0.840512604 0.541239336
1709436935.392751694 38.523487593 -59.517385679 1.153937494 -0.037276838 0.037343954 0.839567491 0.540686873
1709436935.491449356 38.435670083 -59.353578983 1.163978524 -0.031819827 0.037278590 0.838497166 0.542697253
1709436935.590108156 38.369464335 -59.183875492 1.158996876 -0.026884528 0.030339837 0.838889414 0.542790261
1709436935.694555283 38.285634483 -59.045827918 1.156217474 -0.000491208 0.017680477 0.840298959 0.541834679
1709436935.793167114 38.246339695 -58.890788833 1.157730879 0.005236694 0.015796022 0.837154504 0.546713269
1709436935.891775608 38.172077509 -58.731017038 1.167118334 -0.002204448 0.011202427 0.837070124 0.546976465
1709436935.994613886 38.116945094 -58.558515071 1.162135390 -0.007968051 0.024149425 0.842294692 0.538417095
1709436936.094423771 38.057841747 -58.395432723 1.163545598 -0.001005609 0.025776320 0.841116238 0.540238877
1709436936.195068836 37.982849937 -58.242650926 1.163611951 -0.013015373 0.027623264 0.840063050 0.541628681
1709436936.294442177 37.905554073 -58.080430542 1.166691411 -0.011935063 0.023852664 0.840638417 0.540939605
1709436936.393618584 37.830948581 -57.919087134 1.165278238 -0.010428207 0.024306222 0.841830587 0.539093427
1709436936.494605064 37.739520524 -57.741630447 1.166171906 -0.016069785 0.022035237 0.841188032 0.540054539
1709436936.593406677 37.662367351 -57.590697727 1.181461604 -0.003197339 0.007587059 0.842171426 0.539147014
1709436936.691966057 37.601973709 -57.437632208 1.186288276 0.009444096 0.006161420 0.843470076 0.537057796
1709436936.790581942 37.570238272 -57.267757150 1.188699218 0.016708339 0.005001153 0.841091932 0.540610934
1709436936.894744396 37.478090901 -57.110182697 1.203923744 -0.001880310 -0.000103535 0.839637194 0.543144397
1709436936.994199753 37.382305661 -56.948527359 1.211569905 -0.013014171 0.000630714 0.841615340 0.539920228
1709436937.092792511 37.294563240 -56.785760307 1.205901386 -0.017749515 0.006657969 0.842083726 0.539013566
1709436937.191390038 37.210984249 -56.623706524 1.209966007 -0.020178079 0.006039762 0.840462056 0.541460894
1709436937.294915438 37.111326411 -56.445585751 1.212721357 -0.035530421 0.004319503 0.840170266 0.541140329
1709436937.394730330 37.023632232 -56.274614181 1.211669534 -0.034123443 0.006353185 0.842552233 0.537495081
1709436937.494601250 36.939855852 -56.084967356 1.203578893 -0.039846534 0.014880231 0.841534272 0.538526602
1709436937.594444036 36.852308583 -55.907506606 1.205575391 -0.039567657 0.011122038 0.841170552 0.539205714
1709436937.695080280 36.772027283 -55.733486770 1.205652068 -0.039899496 0.003596646 0.842039862 0.537925614
1709436937.794698000 36.693439847 -55.561386486 1.201528774 -0.031741008 0.000440135 0.841895996 0.538705344
1709436937.893326283 36.643868091 -55.393153574 1.195513385 -0.021626798 0.004661461 0.843127503 0.537258379
1709436937.991924286 36.565700165 -55.249711435 1.208210336 -0.013008807 -0.004801041 0.841676674 0.539803758
1709436938.091094017 36.555117037 -55.080715339 1.201665945 -0.009426801 -0.008619058 0.843397255 0.537138639
1709436938.195086002 36.473784209 -54.922818787 1.198670867 -0.008388613 -0.004027549 0.841856245 0.539621602
1709436938.293847084 36.400630551 -54.761540730 1.210047599 -0.015455493 0.000747468 0.843260481 0.537282356
1709436938.392437220 36.313261377 -54.603348069 1.204386618 -0.018215133 0.012031925 0.842416987 0.538383750
1709436938.491129398 36.242755973 -54.440072104 1.205422579 -0.013919265 0.008766959 0.841721258 0.539661670
1709436938.594442129 36.158002667 -54.264908431 1.207401911 -0.021111705 0.012291267 0.840268769 0.541619439
1709436938.694770575 36.087550221 -54.078481288 1.200445861 -0.018038841 0.016839032 0.841570512 0.539583284
1709436938.794931173 36.022613134 -53.882658273 1.201527694 -0.019036894 0.021614288 0.840122569 0.541631321
1709436938.894770145 35.948755084 -53.715795836 1.197699806 -0.011683357 0.021739758 0.840825484 0.540743366
1709436938.994613647 35.859534582 -53.545292141 1.195408370 -0.005245867 0.022062062 0.840196259 0.541808078
1709436939.094343185 35.796152503 -53.376263663 1.198158418 -0.003515104 0.024534909 0.839701802 0.542481857
1709436939.193136930 35.733385416 -53.208629639 1.198112889 -0.006340808 0.028260270 0.839501866 0.542584342
1709436939.292220592 35.679409822 -53.033681077 1.197983915 -0.010705845 0.027273933 0.838752292 0.543724295
1709436939.390931129 35.626132511 -52.866893367 1.203498275 -0.008798775 0.030271435 0.839489724 0.542460344
1709436939.494599342 35.554293665 -52.700004283 1.203489450 -0.004607867 0.026303299 0.838461013 0.544306929
1709436939.593550920 35.470974589 -52.542213145 1.202661869 -0.007150781 0.021928661 0.838223062 0.544839516
1709436939.692142487 35.393668699 -52.375559667 1.203993460 -0.013580894 0.023973965 0.837501217 0.545740341
1709436939.794922829 35.324567626 -52.196755406 1.220180979 -0.013661233 0.017326351 0.837586837 0.545858461
1709436939.894774675 35.249096349 -52.025261512 1.217302030 -0.011081269 0.018510273 0.838489533 0.544490476
1709436939.994415045 35.187223445 -51.841675971 1.206676886 -0.015771456 0.021653746 0.837949711 0.545089588
1709436940.092247486 35.114858144 -51.674203428 1.204948587 -0.017271138 0.024216142 0.836970437 0.546439177
1709436940.195082188 35.073774328 -51.479072199 1.206572998 -0.023489377 0.025468587 0.835604610 0.548237663
1709436940.294909954 34.983147954 -51.309315619 1.191692697 -0.028869192 0.023282301 0.836273005 0.547057553
1709436940.394313574 34.919663137 -51.131244967 1.191136210 -0.021575316 0.031377538 0.836835243 0.546128860
1709436940.493294477 34.876035160 -50.966584168 1.194235674 -0.008711410 0.033070280 0.838322537 0.544100902
1709436940.592307329 34.788213640 -50.793758260 1.165249756 -0.032056149 0.030478440 0.829406551 0.556891589
1709436940.695058823 34.692751540 -50.617004713 1.173793325 -0.038668186 0.029183948 0.827214025 0.559794627
1709436940.794299603 34.596244002 -50.454089905 1.167349471 -0.055156249 0.026024440 0.823950279 0.563370619
1709436940.893087626 34.523219033 -50.293296419 1.168489065 -0.042340355 0.013472606 0.823185185 0.566031744
1709436940.991801500 34.477300874 -50.123791410 1.155522060 -0.024095934 0.022468075 0.824168116 0.565386141
1709436941.090444088 34.415349062 -49.965088619 1.149032275 -0.025892335 0.028305481 0.820544777 0.570293482
1709436941.194639921 34.358780176 -49.806395758 1.160967946 -0.018204165 0.021807311 0.820397935 0.571086927
1709436941.293230295 34.304194132 -49.651294862 1.154062275 -0.007552659 0.022089445 0.819792913 0.572184056
1709436941.395115137 34.250249651 -49.487396817 1.148380324 -0.007540241 0.026690540 0.819055718 0.573043185
1709436941.494967699 34.198974619 -49.316565946 1.146171393 -0.012905283 0.025999779 0.817884915 0.574649225
1709436941.594810247 34.131700087 -49.133823169 1.135270005 -0.023515955 0.031681711 0.816840709 0.575512402
1709436941.694225550 34.084106551 -48.956802425 1.127607484 -0.017596645 0.036234441 0.817209949 0.574930712
1709436941.793274879 34.007937418 -48.777734829 1.116998905 -0.022854253 0.040023411 0.815818431 0.576468644
1709436941.892179966 33.950448672 -48.598350287 1.118526360 -0.013595879 0.032265137 0.816903506 0.575710669
1709436941.994957447 33.891075570 -48.407473998 1.113447590 -0.017009264 0.031786834 0.815083667 0.578220458
1709436942.094238043 33.829099454 -48.227453282 1.113176537 -0.007117538 0.024679019 0.817033352 0.576018046
1709436942.192887306 33.771629561 -48.057732278 1.110444993 -0.006529169 0.028524318 0.816522819 0.576571088
1709436942.291590214 33.719957240 -47.897665133 1.106625182 -0.009488808 0.028388471 0.817187811 0.575593727
1709436942.395077229 33.658443624 -47.717262002 1.101779409 -0.020279068 0.032811015 0.817653152 0.574417548
1709436942.494472742 33.594673531 -47.548984009 1.102129178 -0.026297691 0.036162258 0.816940996 0.574985332
1709436942.593070507 33.531238502 -47.379420224 1.100099051 -0.030619460 0.031342763 0.816177935 0.576136840
1709436942.691621780 33.468218548 -47.209759082 1.098570263 -0.030690712 0.022443893 0.815195554 0.577936468
1709436942.794441462 33.403581620 -47.027956446 1.093629248 -0.030209054 0.020750935 0.815822340 0.577140122
1709436942.895076275 33.359759914 -46.848848258 1.085367351 -0.020419978 0.018502072 0.817234268 0.575646461
1709436942.994335651 33.307189403 -46.682508963 1.075712606 -0.018294199 0.019990059 0.816060425 0.577331016
1709436943.093325853 33.244875060 -46.518309123 1.069172178 -0.019293292 0.020868783 0.816828452 0.576180131
1709436943.192420959 33.182698064 -46.346081692 1.067564552 -0.020783487 0.018960814 0.816237982 0.577030407
1709436943.294428110 33.106635549 -46.167613309 1.069334507 -0.025406979 0.016144061 0.815260778 0.578311091
1709436943.393967390 33.055789620 -45.993282480 1.066450119 -0.020140686 0.019243568 0.816847618 0.576180533
1709436943.492635012 32.990854459 -45.841453380 1.064848562 -0.027981658 0.016922044 0.814219348 0.579635683
1709436943.591408730 32.920269402 -45.667416959 1.063380447 -0.025596555 0.007630222 0.817002025 0.576015874
1709436943.694569349 32.864349423 -45.496178432 1.059691159 -0.026842490 0.014060837 0.816413347 0.576672368
1709436943.793993711 32.808253264 -45.324085146 1.056908887 -0.029177148 0.011524283 0.816120992 0.577028952
1709436943.892633677 32.754530082 -45.144098124 1.052984116 -0.034202540 0.015583691 0.817258903 0.575043668
1709436943.991262436 32.688982670 -44.957087172 1.042587788 -0.033665865 0.022685119 0.817741866 0.574151754
1709436944.095119715 32.640238588 -44.759779355 1.037559102 -0.030274024 0.022964337 0.816211836 0.576501831
1709436944.194947958 32.578900995 -44.580949231 1.025773762 -0.022758351 0.016343058 0.817178584 0.575703157
1709436944.294386625 32.520459716 -44.413681010 1.016826730 -0.018506952 0.014583986 0.817682555 0.575186960
1709436944.393448114 32.455987409 -44.253533187 1.009759553 -0.018008896 0.013216397 0.815973925 0.577656957
1709436944.492664337 32.411418866 -44.070610650 1.001350496 -0.027330631 0.021848591 0.815739708 0.577359857
1709436944.594959021 32.355788912 -43.893159147 1.006938954 -0.024829154 0.019330654 0.815349544 0.578113277
1709436944.693579912 32.297931041 -43.704453434 0.997166609 -0.034612658 0.024609430 0.814559246 0.578523616
1709436944.792295933 32.255429658 -43.526848846 0.985239260 -0.029623341 0.030574755 0.813794413 0.579591491
1709436944.891041040 32.205513191 -43.351181411 0.992607193 -0.028184429 0.031966231 0.813321520 0.580251586
1709436944.994439363 32.156361219 -43.162537630 0.986887132 -0.019535351 0.030994287 0.815758421 0.577231256
1709436945.093808651 32.101530387 -42.997422372 0.970147741 -0.012620414 0.030648194 0.818510685 0.573534369
1709436945.192311287 32.025566646 -42.843329281 0.963626215 -0.025005648 0.032820683 0.816202750 0.576290370
1709436945.290953875 31.970460309 -42.682974744 0.967370702 -0.031264859 0.026861800 0.816968756 0.575206923
1709436945.394582748 31.906635244 -42.545876268 0.964367452 -0.045495452 0.017820225 0.814117243 0.578641269
1709436945.494432688 31.852546965 -42.443372594 0.972753322 -0.046241417 0.005877832 0.815166905 0.577347468
1709436945.594779730 31.807533967 -42.346412497 0.965969524 -0.038681401 0.005037354 0.814644034 0.578647970
1709436945.693876982 31.780404500 -42.242698479 0.957256118 -0.038172171 0.009679615 0.814445035 0.578902820
1709436945.794747591 31.768452887 -42.151746977 0.950565518 -0.035003273 0.013872224 0.814574644 0.578835453
1709436945.894610882 31.737299021 -42.067094344 0.938414572 -0.035826008 0.013100886 0.814907723 0.578334044
1709436945.993296862 31.709262514 -41.973456014 0.934902316 -0.047217696 0.019704278 0.814685416 0.577641674
1709436946.092088938 31.670738341 -41.880898522 0.929362127 -0.042113570 0.018915177 0.815030727 0.577575604
1709436946.190863609 31.634166281 -41.780073421 0.926946725 -0.044048598 0.020808998 0.814655754 0.577895067
1709436946.294653416 31.609603379 -41.684694450 0.939405301 -0.029164440 0.011421456 0.815450819 0.577978328
1709436946.393208742 31.567908878 -41.597867892 0.946168701 -0.024415664 0.001809824 0.814090461 0.580221786
1709436946.491872549 31.510582441 -41.485693250 0.930415666 -0.034072503 -0.005949964 0.811836024 0.582860131
1709436946.595026970 31.459429412 -41.367578783 0.936635188 -0.031607557 -0.007801320 0.812453453 0.582116388
1709436946.694899559 31.438856699 -41.260883608 0.931376238 -0.023357804 -0.001140492 0.813542460 0.581035091
1709436946.794734240 31.408762114 -41.133326850 0.925267436 -0.032900450 0.014744399 0.810929125 0.584032634
1709436946.894568443 31.348972908 -41.011936471 0.912032480 -0.030338502 0.014035884 0.812382801 0.582165573
1709436946.994505167 31.316591048 -40.892384670 0.904810507 -0.024256631 0.008649527 0.806623936 0.590503706
1709436947.094659567 31.276941943 -40.757162331 0.907309595 -0.042730874 0.014874096 0.806008679 0.590171875
1709436947.194487572 31.242360152 -40.629572482 0.920999459 -0.037026547 0.008257985 0.805823949 0.590938748
1709436947.293339252 31.215536063 -40.516805820 0.915357836 -0.028514058 0.005895667 0.805844528 0.591410844
1709436947.392065287 31.176080164 -40.384253578 0.911292517 -0.039388527 0.008914694 0.805918991 0.590646808
1709436947.494771242 31.142725328 -40.277355278 0.920764926 -0.024489926 -0.005128457 0.804222498 0.593801412
1709436947.594409227 31.110849217 -40.148238308 0.907766941 -0.036153648 0.001250473 0.805107114 0.592025240
1709436947.692912817 31.091005690 -40.027724446 0.902367947 -0.030588054 0.005601147 0.803535245 0.594444369
1709436947.791458607 31.054129381 -39.925366761 0.904541908 -0.024154443 -0.007385538 0.802211923 0.596504860
1709436947.894689322 30.996112910 -39.802986507 0.909567579 -0.033809853 -0.013091816 0.802454344 0.595611050
1709436947.994771957 30.966334705 -39.686512041 0.907329419 -0.031610953 0.000840172 0.803274033 0.594769594
1709436948.094619274 30.943524525 -39.576745153 0.902857944 -0.020529483 0.004498000 0.802229405 0.596645866
1709436948.194470882 30.901728780 -39.457202716 0.900449125 -0.033260125 0.008478278 0.799998156 0.599019893
1709436948.294167280 30.857860782 -39.345108788 0.908948934 -0.031618903 -0.000419089 0.799620915 0.599671962
1709436948.394936085 30.831981740 -39.211192635 0.904365024 -0.030309510 0.004346821 0.801595208 0.597082541
1709436948.494345903 30.808206663 -39.088168897 0.895086845 -0.024611878 0.013292865 0.801852281 0.596867217
1709436948.593156099 30.776433017 -38.957809578 0.886340021 -0.027397674 0.012045467 0.800603986 0.598445930
1709436948.691946030 30.737372679 -38.821540511 0.879483854 -0.036742014 0.017049539 0.799638943 0.599113427
1709436948.795086622 30.687888898 -38.708022440 0.891438350 -0.030102972 0.012294757 0.799050763 0.600383650
1709436948.893908978 30.662165117 -38.616206608 0.891470222 -0.014564507 0.012214430 0.796913285 0.603794583
1709436948.992690802 30.650973488 -38.511147077 0.887047819 -0.009668334 0.012498789 0.795409848 0.605865890
1709436949.091096401 30.628657058 -38.423390513 0.888514966 0.008411599 0.001411733 0.793433180 0.608597602
1709436949.189726114 30.630374109 -38.331135443 0.870923613 0.012098102 0.004990592 0.791845341 0.610581432
1709436949.295068979 30.609007819 -38.202372090 0.868486038 -0.006372155 0.012206526 0.789678878 0.613365850
1709436949.394912243 30.604715964 -38.062361808 0.855436339 -0.005181233 0.038885569 0.793650636 0.607107680
1709436949.494736195 30.603329694 -37.930320565 0.849698568 -0.006651218 0.053323266 0.788738731 0.612375378
1709436949.594577312 30.580004632 -37.790109464 0.839156494 -0.025168395 0.072571731 0.790541249 0.607572571
1709436949.694823503 30.529278136 -37.645213418 0.831391514 -0.039194077 0.069660547 0.796780512 0.598959137
1709436949.793490887 30.482037428 -37.502217801 0.819134461 -0.047869414 0.072334015 0.796743411 0.598060404
1709436949.892456055 30.443320056 -37.362535671 0.815096351 -0.038829526 0.066153954 0.798356005 0.597280178
1709436949.991516352 30.409882996 -37.230011550 0.810867278 -0.044624880 0.054332955 0.796125319 0.601033299
1709436950.094960451 30.347391218 -37.122039568 0.812867677 -0.047652608 0.021724081 0.798610345 0.599565518
1709436950.193643570 30.312551980 -37.025004133 0.820799699 -0.030160718 0.000261192 0.806409611 0.590587676
1709436950.292370558 30.269335742 -36.903450832 0.802601736 -0.029504050 0.024269206 0.813489073 0.580324086
1709436950.390943050 30.260690606 -36.807770009 0.799667776 -0.011103680 0.032233775 0.814017483 0.579838969
1709436950.495135546 30.243930793 -36.716592830 0.798505375 -0.001799505 0.021289769 0.811671979 0.583722627
1709436950.594984055 30.181162200 -36.625917259 0.814499001 -0.013504817 0.000440376 0.808493010 0.588350643
1709436950.694825649 30.129560751 -36.501739899 0.811733029 -0.016326567 -0.008452928 0.812082155 0.583253431
1709436950.794661999 30.095349735 -36.363502139 0.795046164 -0.020217400 0.011028658 0.818955493 0.573394738
1709436950.894492865 30.023698250 -36.233362347 0.797644751 -0.031052701 0.025208625 0.816768358 0.575577713
1709436950.995133400 29.968103416 -36.096555856 0.794154184 -0.028413784 0.022948281 0.817157460 0.575256220
1709436951.093890667 29.905799078 -35.946634915 0.789128774 -0.049095606 0.033454937 0.815029495 0.576365605
1709436951.193033934 29.853507393 -35.830187373 0.793091601 -0.041051521 0.016441567 0.814510152 0.578461460
1709436951.292096853 29.785593016 -35.700461013 0.784458482 -0.043389453 0.006848198 0.816887995 0.575121258
1709436951.394472837 29.724761275 -35.557657496 0.782359736 -0.046400728 0.009813408 0.815322989 0.577060735
1709436951.493315697 29.687313837 -35.446488869 0.786821271 -0.020357773 0.007849239 0.815736413 0.578012158
1709436951.592025280 29.657440992 -35.307111301 0.767797523 -0.025015303 0.019213241 0.815666881 0.577661342
1709436951.690647364 29.629510682 -35.184025642 0.762370929 -0.016409531 0.017069436 0.813437408 0.581170324
1709436951.794619560 29.598916661 -35.054965298 0.770835989 -0.023278712 0.008703206 0.807085491 0.589911320
1709436951.894108534 29.565573377 -34.924875877 0.761359340 -0.030019167 0.016873671 0.800576753 0.598239912
1709436951.995100498 29.529784893 -34.803119218 0.755570565 -0.024160178 0.012654122 0.788441309 0.614505054
1709436952.094932079 29.516691482 -34.683105692 0.764192819 -0.019129473 0.014578561 0.777601080 0.628297771
1709436952.194782495 29.516844534 -34.552231874 0.760962819 -0.008459977 0.020316758 0.773632872 0.633251797
1709436952.294620275 29.495877964 -34.412263681 0.753721484 -0.007085763 0.020305688 0.772110385 0.635124417
1709436952.394234657 29.466492090 -34.276435421 0.747570874 -0.014137769 0.012800531 0.769085671 0.638861097
1709436952.493168116 29.447289874 -34.127356823 0.747347863 -0.024463100 0.015595180 0.771914623 0.635063904
1709436952.594921112 29.439506062 -33.981214633 0.738468006 -0.023009121 0.034511470 0.771799828 0.634511279
1709436952.694543362 29.425262899 -33.841893750 0.734088786 -0.026147464 0.047420487 0.768572585 0.637466696
1709436952.793156862 29.402746093 -33.708392518 0.732741789 -0.021210898 0.038595205 0.769804843 0.636758205
1709436952.891906977 29.365636700 -33.584804333 0.745212921 -0.022628253 0.021420652 0.766945473 0.640955349
1709436952.990451813 29.349579793 -33.451511135 0.743024143 -0.022371873 0.017843764 0.769077339 0.638514797
1709436953.094918489 29.344216704 -33.306140434 0.722118994 -0.015333273 0.033631305 0.770231049 0.636692985
1709436953.193619490 29.319786915 -33.174415321 0.719563894 -0.012319744 0.036805736 0.768850656 0.638249349
1709436953.292221546 29.284570478 -33.039380251 0.724238394 -0.017226633 0.025663476 0.769477293 0.637925798
1709436953.394452572 29.240915236 -32.889598566 0.720546878 -0.026719350 0.025458958 0.769174971 0.637971616
1709436953.495077372 29.219024648 -32.755000109 0.715173044 -0.015638172 0.024825295 0.768335256 0.639374762
1709436953.594938040 29.222661724 -32.628723952 0.721457776 -0.003146191 0.023768492 0.764310065 0.644403045
1709436953.694180489 29.181134798 -32.503770156 0.719782632 -0.023235514 0.022162729 0.753553045 0.656602416
1709436953.793348551 29.165799258 -32.376345247 0.721409167 -0.025570956 0.009292574 0.746094209 0.665284305
1709436953.894461870 29.171439542 -32.238988849 0.714129676 -0.018610320 0.021781971 0.744845542 0.666621572
1709436953.994127274 29.199096512 -32.099971540 0.694243531 -0.008235697 0.047115713 0.745497097 0.664790464
1709436954.092809916 29.199831134 -31.964943073 0.689980374 -0.003182187 0.047000129 0.748396508 0.661576548
1709436954.191527367 29.158273166 -31.839166814 0.691269715 -0.012404349 0.033785158 0.747364426 0.663438851
1709436954.294599295 29.123323402 -31.699981491 0.692230261 -0.023747260 0.022852195 0.751130022 0.659331127
1709436954.394484997 29.087811098 -31.561951899 0.699311818 -0.031746782 0.021112334 0.751304975 0.658852977
1709436954.493319273 29.083666124 -31.437650268 0.712981245 -0.023163093 0.004979874 0.750518658 0.660424421
1709436954.591883183 29.062893039 -31.286929921 0.710854700 -0.031209208 0.004860325 0.751205587 0.659312163
1709436954.694784641 29.054574182 -31.147579483 0.707767984 -0.021706444 -0.000361008 0.749864801 0.661234815
1709436954.794626474 29.019232462 -31.009554123 0.710160593 -0.030702161 -0.004897211 0.749236223 0.661572729
1709436954.894454002 29.031614345 -30.864255869 0.715105746 -0.031560382 0.009972868 0.753022322 0.657161979
1709436954.994425058 29.023651534 -30.732908448 0.710918482 -0.015601555 0.010534059 0.754880730 0.655591876
1709436955.093503237 29.013464812 -30.593987708 0.702978896 -0.013424751 0.015862981 0.761860560 0.647407622
1709436955.194796324 28.980892980 -30.457257757 0.696830850 -0.007041002 0.010244495 0.771300373 0.636349912
1709436955.293767214 28.940455781 -30.320387171 0.696331750 -0.013059824 0.019166035 0.779281712 0.626244455
1709436955.392345905 28.898775775 -30.191068110 0.699331065 -0.000263204 0.017076695 0.787987515 0.615454298
1709436955.491066217 28.866848071 -30.064412148 0.698475412 0.007812116 0.013403778 0.791646575 0.610782294
1709436955.594950199 28.832026914 -29.932417383 0.687835393 0.017487709 0.018152796 0.794562578 0.606658855
1709436955.694518089 28.788268671 -29.800494580 0.686625113 0.010086654 0.023191987 0.793440803 0.608121767
1709436955.793064833 28.729404761 -29.680697808 0.703690600 -0.005969066 0.011252584 0.793173843 0.608862057
1709436955.891551256 28.675994449 -29.547133909 0.708687325 -0.025336721 0.015095562 0.793897940 0.607335356
1709436955.995103598 28.626886708 -29.405239303 0.701949650 -0.026062873 0.024359084 0.793495079 0.607530181
1709436956.094939232 28.589404586 -29.277541653 0.705567412 -0.025108800 0.019731092 0.794265535 0.606730989
1709436956.194779873 28.526197459 -29.145186867 0.716393957 -0.037255635 0.007171027 0.795637851 0.604583331
1709436956.294615984 28.476660185 -29.029190440 0.723376385 -0.031270405 0.003434738 0.795495563 0.605142276
1709436956.394448757 28.460589734 -28.902162498 0.714076092 -0.010041461 0.002893878 0.796823555 0.604121690
1709436956.494843960 28.449479600 -28.785167486 0.717649359 -0.013078914 0.007122657 0.792725589 0.609396710
1709436956.593475580 28.407958152 -28.680433173 0.730345049 -0.025633140 -0.007894114 0.791737887 0.610271860
1709436956.692208529 28.358271358 -28.583856485 0.740466675 -0.034331803 -0.024977015 0.789256090 0.612594727
1709436956.791065693 28.321064871 -28.480100626 0.743402634 -0.035362834 -0.020652599 0.790988396 0.610459087
1709436956.894423485 28.313046152 -28.351540749 0.733482055 -0.032603784 -0.008413991 0.791522009 0.610212346
1709436956.993997812 28.286057695 -28.218493613 0.724447076 -0.035771727 -0.000284070 0.791508948 0.610109734
1709436957.092591524 28.246117847 -28.082262249 0.717162697 -0.039370306 0.005968027 0.792650906 0.608373983
1709436957.191138983 28.225145810 -27.930156405 0.711983435 -0.043676087 0.018158454 0.793930338 0.606166057
1709436957.294602633 28.214878857 -27.786131574 0.703620495 -0.038012361 0.021754368 0.794529270 0.605644324
1709436957.394439697 28.188920663 -27.653956425 0.703556976 -0.031513844 0.015586134 0.792598371 0.608729638
1709436957.495068073 28.137894088 -27.533944131 0.711319096 -0.034169967 0.000459531 0.792251938 0.609236464
1709436957.594904900 28.093976138 -27.424407946 0.706988264 -0.030576439 -0.012593416 0.792532894 0.608931933
1709436957.694748640 28.071143623 -27.325029885 0.712639375 -0.031912593 -0.013869077 0.793130375 0.608057106
1709436957.794560432 28.054585564 -27.221449120 0.707973574 -0.035186765 -0.001129241 0.795170802 0.605362711
1709436957.893501759 28.031096303 -27.102843485 0.704198388 -0.038291828 0.003567843 0.793416869 0.607462491
1709436957.992398739 27.993186800 -26.995961291 0.706231763 -0.048928825 0.001696684 0.791134651 0.609679470
1709436958.091271162 27.962044869 -26.887034251 0.714613219 -0.045078491 -0.004417196 0.790070184 0.611340758
1709436958.194970131 27.923745985 -26.761162971 0.712538522 -0.049351218 0.000538956 0.791384945 0.609322603
1709436958.293665648 27.885556838 -26.653626014 0.704819000 -0.036598478 -0.000763022 0.790170189 0.611793300
1709436958.392296553 27.860553748 -26.537470500 0.692032151 -0.035940562 0.003528283 0.791182947 0.610512385
1709436958.490830660 27.831912291 -26.419801047 0.679375674 -0.043172345 0.015473446 0.790602028 0.610610477
1709436958.594496965 27.778120078 -26.309626160 0.685666254 -0.045184758 0.010861719 0.786824018 0.615425321
1709436958.694925070 27.768458852 -26.200442664 0.679198422 -0.045424502 0.007880762 0.778991434 0.625337392
1709436958.794966221 27.759455057 -26.081713248 0.675254034 -0.038123013 0.011565786 0.766500675 0.641006696
1709436958.894802570 27.751443034 -25.982088195 0.673810351 -0.026721592 0.011841728 0.759685114 0.649633942
1709436958.994630814 27.738401038 -25.885663919 0.673394411 -0.022645590 0.001100409 0.756779351 0.653277109
1709436959.094480991 27.739037212 -25.776022709 0.680190452 -0.032976830 0.004768303 0.750261489 0.660301061
1709436959.193284512 27.736434754 -25.686268736 0.686356768 -0.022219586 -0.002685616 0.743620465 0.668227268
1709436959.292080402 27.774432546 -25.587102419 0.674086479 -0.007751720 0.014041506 0.741550424 0.670705386
1709436959.391001225 27.800058347 -25.477814178 0.660141187 0.006414267 0.032573941 0.739243945 0.672618900
1709436959.494620323 27.802293896 -25.346546078 0.656508955 -0.006165352 0.045090852 0.742189343 0.668643240
1709436959.593336105 27.791386584 -25.268156628 0.662351418 0.000322918 0.034372024 0.747708983 0.663136288
1709436959.691933632 27.761079968 -25.152622968 0.659541093 -0.017635982 0.030241392 0.750174231 0.660312846
1709436959.794951439 27.731546670 -25.029244991 0.658741892 -0.014987280 0.031130426 0.757785215 0.651588710
1709436959.894778728 27.713370936 -24.909278695 0.658435751 -0.009577885 0.031652860 0.765187002 0.642958174
1709436959.993848324 27.711293079 -24.789598951 0.659495010 0.003370952 0.030151521 0.769751475 0.637622293
1709436960.094284296 27.683193508 -24.660742720 0.661213463 -0.007291592 0.031387972 0.771259744 0.635704361
1709436960.195117712 27.656109167 -24.542410418 0.658552509 -0.004502144 0.020579598 0.776425322 0.629857072
1709436960.294955015 27.625177447 -24.404634905 0.664902421 -0.014915175 0.017421264 0.779518868 0.625958762
1709436960.394378185 27.583901019 -24.292576427 0.665718291 -0.024781701 0.016816171 0.781333188 0.623395166
1709436960.493358612 27.555754083 -24.159853040 0.660724878 -0.033376063 0.021423899 0.785038297 0.618176292
1709436960.592329979 27.512214325 -24.034474158 0.662597721 -0.040469031 0.014570964 0.789204709 0.612622129
1709436960.695105791 27.462109166 -23.916501562 0.661671667 -0.041209738 0.006754016 0.793845305 0.606684244
1709436960.794289589 27.425794791 -23.791455349 0.658440002 -0.045471654 0.010793010 0.800004771 0.598170717
1709436960.892898798 27.387947508 -23.676434892 0.652442882 -0.045399475 0.021027882 0.806501843 0.589110765
1709436960.991607189 27.356690783 -23.564913560 0.647498610 -0.039126148 0.016829303 0.811594853 0.582666039
1709436961.090481520 27.308706311 -23.470995013 0.662258999 -0.029113302 0.001223441 0.818904953 0.573188972
1709436961.194793940 27.243451436 -23.376589471 0.656776966 -0.033407739 -0.000808344 0.826319676 0.562209092
1709436961.293350935 27.203038449 -23.278235968 0.654166790 -0.026677794 -0.009436228 0.831176606 0.555287946
1709436961.391614199 27.172224436 -23.183596909 0.654303489 -0.022038754 -0.018847297 0.831694719 0.554475398
1709436961.494594812 27.121076271 -23.077228961 0.652639745 -0.024209781 -0.014159030 0.832055673 0.553982640
1709436961.594435453 27.089898809 -22.970995674 0.657805833 -0.031179664 0.001891801 0.830985455 0.555416441
1709436961.694227457 27.065012505 -22.868298352 0.654527412 -0.024995358 0.001512805 0.827851312 0.560388390
1709436961.793801546 27.018557841 -22.746804153 0.653559700 -0.037878638 -0.000535415 0.828142483 0.559236041
1709436961.892432690 26.966985360 -22.627655004 0.653955220 -0.035388093 0.003364775 0.827013366 0.561057264
1709436961.994638205 26.930793578 -22.510757426 0.649146372 -0.034270045 0.014442580 0.826990588 0.560984441
1709436962.094038010 26.896751616 -22.391062063 0.640865490 -0.027936847 0.024009750 0.827774363 0.559850576
1709436962.192724943 26.846637240 -22.273959266 0.632227885 -0.023434493 0.026465771 0.826033313 0.562511647
1709436962.291368961 26.778117106 -22.150928655 0.627124610 -0.038925099 0.021416730 0.824917673 0.563504209
1709436962.394808292 26.706676524 -22.040278687 0.632758317 -0.036148469 0.010230034 0.825119225 0.563708168
1709436962.494609594 26.660503723 -21.924069241 0.623103952 -0.043454340 0.019027209 0.827257437 0.559816772
1709436962.593034506 26.610759867 -21.808947947 0.625198653 -0.034932320 0.029102694 0.824761977 0.563649223
1709436962.695103407 26.574803307 -21.701541462 0.624267357 -0.023536430 0.020994879 0.823791624 0.566014674
1709436962.794948816 26.517101285 -21.609910733 0.627687645 -0.025808559 0.005812817 0.824154707 0.565746540
1709436962.894794464 26.476898239 -21.502130694 0.616429989 -0.023362299 0.005180159 0.824522544 0.565322867
1709436962.994228363 26.458270703 -21.387872336 0.605524329 -0.012403647 0.014172546 0.827988923 0.560428079
1709436963.093369246 26.415707118 -21.245852814 0.598097896 -0.022477009 0.025954914 0.828382368 0.559109809
1709436963.192453623 26.367633553 -21.124217616 0.599335797 -0.024267955 0.018277639 0.827370381 0.560834421
1709436963.294961214 26.327236599 -21.009601307 0.608535086 -0.022629697 0.013985161 0.828873449 0.558803291
1709436963.393801689 26.298272393 -20.889020584 0.607789233 -0.022528849 0.017117236 0.830102739 0.556892174
1709436963.492562294 26.263917463 -20.773265943 0.611091146 -0.023231729 0.010093319 0.828765832 0.559022010
1709436963.591287374 26.209477564 -20.653528874 0.611449532 -0.031712810 0.004820094 0.829121705 0.558147169
1709436963.695110083 26.179941378 -20.531064926 0.612802920 -0.026918124 0.010063171 0.830789675 0.555844100
1709436963.794164419 26.147612593 -20.394912562 0.601559041 -0.032801034 0.017986598 0.828809321 0.558279217
1709436963.892509460 26.112463701 -20.278121442 0.598812418 -0.024382028 0.012477644 0.830505080 0.556337252
1709436963.991077662 26.071088708 -20.155027052 0.597859413 -0.029465527 0.014060793 0.828506934 0.559026240
1709436964.094466209 26.013608391 -20.024533976 0.588909098 -0.036569108 0.021278014 0.830034741 0.556104554
1709436964.195107937 25.958912979 -19.907536979 0.584930488 -0.026755013 0.017578491 0.829205614 0.558026179
1709436964.294492245 25.910641710 -19.787290462 0.576839615 -0.024268797 0.018764895 0.828618563 0.558972433
1709436964.393598080 25.850556793 -19.651088363 0.564246458 -0.030564391 0.031629351 0.827475189 0.559776932
1709436964.493214369 25.801316465 -19.528288310 0.563132162 -0.018646874 0.025588948 0.828675816 0.558832616
1709436964.594458818 25.755455125 -19.413745089 0.569866598 -0.020734627 0.012476248 0.828075194 0.560094537
1709436964.693447590 25.685001577 -19.290854335 0.561778224 -0.038111730 0.022464428 0.827622038 0.559539639
1709436964.792312622 25.652706419 -19.185744348 0.561124226 -0.019730321 0.017124034 0.828249274 0.559750500
1709436964.891056299 25.618782948 -19.074298720 0.559747041 -0.018418000 0.022246315 0.828114310 0.559814762
1709436964.994644642 25.567284726 -18.946494757 0.560694727 -0.029425053 0.032063221 0.825527907 0.562680897
1709436965.093684673 25.519347005 -18.836243126 0.554814873 -0.033240388 0.026906727 0.826005161 0.562037881
1709436965.192375183 25.471391659 -18.717821370 0.536989563 -0.043229328 0.029822798 0.823966077 0.564200080
1709436965.294950962 25.427495848 -18.592701723 0.532983438 -0.053435975 0.037307612 0.822268844 0.565355363
1709436965.394799709 25.398001052 -18.476238531 0.526391547 -0.038711730 0.037698611 0.822579031 0.566077693
1709436965.494651318 25.369485735 -18.350482881 0.515963596 -0.030407776 0.042713743 0.821864325 0.567265313
1709436965.594474554 25.340743518 -18.249493599 0.505321957 -0.014040773 0.041615333 0.822820192 0.566602112
1709436965.694043398 25.314757789 -18.163030986 0.496642468 0.005683090 0.031658747 0.821291505 0.569601344
1709436965.794961452 25.271041533 -18.047461421 0.483666366 -0.006782287 0.039516041 0.824147263 0.564954664
1709436965.894498587 25.243430148 -17.941212310 0.481639655 -0.005386442 0.044222346 0.823288799 0.565871826
1709436965.993119717 25.195445301 -17.817283667 0.472019163 -0.019048429 0.044356523 0.820259819 0.569950423
1709436966.091935635 25.143840008 -17.710044578 0.482068830 -0.024613000 0.032555449 0.820986254 0.569487413
1709436966.195100069 25.085585333 -17.569003347 0.474043164 -0.033288872 0.039751899 0.822741029 0.566046673
1709436966.294908524 25.042559115 -17.459863552 0.487561022 -0.025535560 0.033765099 0.820866506 0.569548973
1709436966.393152475 24.997212597 -17.363005263 0.490723610 -0.007270596 0.018865677 0.822000634 0.569127562
1709436966.491658688 24.955965383 -17.277005340 0.489036360 -0.006841282 0.005202726 0.819136068 0.573534856
1709436966.590292215 24.921408752 -17.166244885 0.486860856 -0.010373222 -0.002582742 0.819981027 0.572290871
1709436966.695136786 24.906465292 -17.056286174 0.471471183 -0.001754673 0.009634758 0.823887283 0.566669072
1709436966.794979095 24.879435234 -16.931170807 0.449032945 -0.015137095 0.034649501 0.820954645 0.569740073
1709436966.894799471 24.837997875 -16.826038917 0.451156098 -0.029426904 0.039748854 0.820149826 0.570007323
1709436966.994208097 24.791625060 -16.734520377 0.469011917 -0.027808586 0.029901188 0.820780111 0.569782951
1709436967.094525576 24.745646062 -16.656421124 0.474796798 -0.035042376 0.016733581 0.818884419 0.572643281
1709436967.194346666 24.705478492 -16.561773812 0.475809859 -0.030815259 0.017665196 0.817819165 0.574378077
1709436967.293234110 24.685559069 -16.475539157 0.465077348 -0.011867124 0.020674672 0.820166324 0.571628315
1709436967.392079592 24.678779369 -16.378942873 0.455143430 0.001668082 0.024338174 0.819513411 0.572540515
1709436967.495068550 24.632436955 -16.292143053 0.459906603 -0.003689890 0.022388945 0.814228654 0.580100697
1709436967.594130278 24.594069571 -16.213562007 0.461114740 -0.015182725 0.015248581 0.813557658 0.581085969
1709436967.692874193 24.562622312 -16.117365879 0.456218924 -0.016470825 0.017960487 0.817106255 0.575971788
1709436967.791443348 24.542401085 -16.028119100 0.452885296 -0.011248982 0.024196101 0.815993061 0.577445524
1709436967.890153170 24.508887018 -15.952708808 0.452270056 -0.011507770 0.021519203 0.814197304 0.580075207
1709436967.995056152 24.473620695 -15.871579267 0.449827364 -0.013577433 0.018219925 0.815737718 0.577975487
1709436968.094900370 24.454439690 -15.793867196 0.442114363 -0.009049088 0.022796537 0.817534698 0.575356802
1709436968.194727421 24.432575407 -15.717874681 0.445846024 -0.009528142 0.030961071 0.817834474 0.574541034
1709436968.294152260 24.407687185 -15.664853471 0.452554999 -0.006758773 0.019250002 0.816423847 0.577092590
1709436968.394812584 24.374224600 -15.598841477 0.454090261 -0.015048768 0.009055293 0.816730491 0.576751976
1709436968.494351864 24.345185068 -15.525822399 0.450662660 -0.016281946 0.012768507 0.816984537 0.576288235
1709436968.593165636 24.318826661 -15.449080464 0.448425729 -0.015195542 0.020228842 0.818765966 0.573569684
1709436968.692026377 24.277663719 -15.370296394 0.449134999 -0.015416718 0.020882241 0.817653100 0.575125782
1709436968.794951439 24.234974803 -15.284490768 0.441352970 -0.022137580 0.020334867 0.817258146 0.575487223
1709436968.893996954 24.205284918 -15.196415502 0.445557098 -0.029233951 0.015709349 0.817009341 0.575668593
1709436968.992571831 24.169759892 -15.114717701 0.448426977 -0.032031195 0.013245620 0.816896294 0.575742130
1709436969.091267586 24.136888973 -15.034537460 0.445227185 -0.027016479 0.014892703 0.817859277 0.574590741
1709436969.195130825 24.107248227 -14.942743580 0.445668078 -0.028102525 0.014474464 0.816009059 0.577174111
1709436969.295009375 24.069936710 -14.867054106 0.442780546 -0.033193622 0.004971847 0.812376962 0.582165900
1709436969.394854546 24.032497929 -14.792931788 0.446335051 -0.024914677 -0.008100051 0.807901339 0.588735148
1709436969.494692087 24.004959943 -14.715786488 0.448144270 -0.031019137 -0.008751764 0.798073297 0.601697791
1709436969.594542980 23.985300691 -14.629360054 0.448127849 -0.029400155 -0.006029869 0.788863422 0.613835298
1709436969.694772720 23.995091848 -14.534211385 0.438857090 -0.019077272 0.004563610 0.783496645 0.621086337
1709436969.794288874 23.989465348 -14.436119278 0.432561153 -0.017965709 0.011624475 0.780448786 0.624853420
1709436969.893208027 23.977762825 -14.343493216 0.432369294 -0.018311884 0.009715636 0.779981510 0.625459132
1709436969.992150307 23.924518775 -14.244637409 0.433224814 -0.026962088 0.006055943 0.780447609 0.624610199
1709436970.094871759 23.897974773 -14.141014484 0.435308096 -0.020702826 0.005384225 0.785792200 0.618120555
1709436970.193639517 23.868462246 -14.025066584 0.417780505 -0.017943978 0.017845709 0.795038842 0.606030349
1709436970.292325735 23.845536953 -13.905775897 0.400598321 -0.012761437 0.032288167 0.802717963 0.595347371
1709436970.391096592 23.809731974 -13.786558643 0.398993939 -0.025807626 0.040742596 0.806399297 0.589401545
1709436970.495081663 23.778834352 -13.682151052 0.402467589 -0.024691281 0.030867545 0.813069037 0.580823791
1709436970.594322920 23.744492032 -13.580000188 0.404792695 -0.030645535 0.034573592 0.813893090 0.579174892
1709436970.692795038 23.715055306 -13.477936922 0.400233788 -0.031033045 0.033376023 0.814108905 0.578921136
1709436970.794609070 23.670130142 -13.382893773 0.391606480 -0.032023225 0.028709831 0.813807515 0.579540842
1709436970.894457579 23.641162807 -13.292808971 0.396306039 -0.022313328 0.019103513 0.814784255 0.579019679
1709436970.995094299 23.603666990 -13.194523763 0.388335448 -0.026725764 0.019618339 0.815978016 0.577131468
1709436971.094174147 23.572672157 -13.098957074 0.385147816 -0.026387812 0.018011877 0.814798879 0.578862715
1709436971.193113804 23.553477520 -13.020933404 0.383623638 -0.033890500 0.017688349 0.814757267 0.578540537
1709436971.292110443 23.545773375 -12.918823062 0.383792053 -0.026951820 0.023367275 0.815247548 0.578012980
1709436971.394459724 23.532181498 -12.838493740 0.385762441 -0.017823028 0.021666550 0.815955548 0.577433498
1709436971.493374109 23.500310575 -12.765426971 0.384319172 -0.021692518 0.022945042 0.815715422 0.577590954
1709436971.591943979 23.481095706 -12.696872296 0.381895166 -0.017505845 0.019987435 0.815174820 0.578605272
1709436971.690757751 23.452286541 -12.630607401 0.378475057 -0.024741325 0.018426611 0.815556120 0.577855122
1709436971.794611692 23.419253177 -12.556244645 0.378978280 -0.028286894 0.021168495 0.815491688 0.577689409
1709436971.894067287 23.422933492 -12.489884357 0.378820881 -0.018097804 0.018439102 0.817846205 0.574856551
1709436971.995080471 23.412077880 -12.407981662 0.373240540 -0.016413433 0.024179997 0.817615503 0.575022448
1709436972.094913244 23.388723774 -12.345326108 0.372051224 -0.022320197 0.018246440 0.816760615 0.576255997
1709436972.194734097 23.356542632 -12.281896543 0.368843016 -0.030441145 0.014823999 0.816974566 0.575678855
1709436972.294585943 23.338124278 -12.214948273 0.359669442 -0.028876009 0.021208816 0.817812058 0.574369045
1709436972.394153357 23.315175289 -12.137401795 0.355170770 -0.033717684 0.026555999 0.816220296 0.576144362
1709436972.493313789 23.284371695 -12.078324845 0.360923896 -0.026314575 0.014954975 0.816560780 0.576465424
1709436972.594501734 23.259406491 -12.021154478 0.360665509 -0.020805960 0.008072728 0.817122013 0.576032603
1709436972.694349289 23.234028308 -11.948807398 0.362875151 -0.030923325 0.004308537 0.814749997 0.578971180
1709436972.793050528 23.209081796 -11.881603072 0.368777788 -0.030410716 -0.002173492 0.814345949 0.579578416
1709436972.891600847 23.190189791 -11.818312696 0.360723148 -0.019303256 0.000621083 0.815178961 0.578887087
1709436972.990416765 23.181296727 -11.732626217 0.354410274 -0.015878256 0.005191845 0.814757527 0.579561125
1709436973.094503403 23.153737887 -11.627508742 0.342099228 -0.022897150 0.015130429 0.815720320 0.577795076
1709436973.193528652 23.145606820 -11.526687765 0.341764589 -0.022562846 0.028653221 0.816094939 0.576765950
1709436973.292176962 23.125505441 -11.433328717 0.341837334 -0.016005158 0.025447556 0.816195523 0.576993175
1709436973.394828796 23.068747487 -11.326810436 0.344522448 -0.029597491 0.024933403 0.816364753 0.576238583
1709436973.494668722 23.026557877 -11.221752996 0.348555179 -0.033203369 0.023591823 0.815730034 0.576996945
1709436973.594531536 22.986351885 -11.116846881 0.337603090 -0.033710037 0.027327494 0.815962515 0.576473776
1709436973.694335938 22.944717983 -11.014369050 0.336815457 -0.028362654 0.019350041 0.818119142 0.574022827
1709436973.793400526 22.911068775 -10.925596362 0.336423760 -0.034348808 0.017478550 0.817243823 0.575001907
1709436973.894438744 22.871819831 -10.835500132 0.332138342 -0.037123053 0.017237734 0.815456121 0.577369946
1709436973.994249105 22.848635357 -10.753310361 0.325158314 -0.039333646 0.019139454 0.815507335 0.577091268
1709436974.092946529 22.825912664 -10.674760782 0.319361376 -0.038925595 0.017822444 0.814746394 0.578234789
1709436974.191504478 22.788125312 -10.616828255 0.316995820 -0.019921660 0.008285271 0.815057187 0.578978638
1709436974.294552326 22.780240055 -10.549906387 0.319706202 -0.025399932 0.008811744 0.813523078 0.580910835
1709436974.394478321 22.746734699 -10.484009911 0.321709343 -0.027507793 0.005735301 0.813180555 0.581332790
1709436974.493190527 22.715521748 -10.408979227 0.322198128 -0.027674160 0.006959247 0.814929294 0.578857457
1709436974.591808558 22.696350733 -10.325750374 0.318615612 -0.022181127 0.011252447 0.814917409 0.579043174
1709436974.694782019 22.692196608 -10.242472573 0.308172739 -0.014777919 0.016040531 0.813907377 0.580585132
1709436974.794617891 22.667275391 -10.173716695 0.309795676 -0.013788838 0.018300820 0.813282984 0.581417006
1709436974.894445181 22.642797593 -10.081139097 0.307748333 -0.024018387 0.023520183 0.814684262 0.578929591
1709436974.994377613 22.622435097 -9.986522383 0.300912194 -0.022535047 0.028120378 0.814575265 0.578937436
1709436975.093493223 22.580757286 -9.903111011 0.296871214 -0.024933642 0.028466736 0.812480551 0.581758810
1709436975.194758415 22.547326183 -9.819423733 0.302865505 -0.027635261 0.018205304 0.812782802 0.581626148
1709436975.293898582 22.540198232 -9.731486556 0.302240380 -0.027841603 0.017800477 0.814888098 0.578675536
1709436975.392549276 22.523248902 -9.639197542 0.289648547 -0.019972193 0.028097104 0.813634374 0.580354004
1709436975.491480589 22.486750630 -9.549216043 0.283207200 -0.023065281 0.029652097 0.811860192 0.582642064
1709436975.594492197 22.435871768 -9.436176078 0.277580773 -0.032336909 0.023484285 0.811461391 0.583037927
1709436975.694019318 22.393375968 -9.331125270 0.273033065 -0.036813818 0.030896729 0.812081117 0.581562030
1709436975.792624474 22.355394958 -9.219130281 0.275741361 -0.040199615 0.033849517 0.809695488 0.584492444
1709436975.891271830 22.332742386 -9.110134734 0.272480425 -0.039121790 0.028954487 0.814249544 0.578471091
1709436975.994695187 22.286975382 -8.992432207 0.259322167 -0.041625718 0.037568849 0.813564283 0.578765098
1709436976.094526529 22.260439112 -8.891678382 0.256585264 -0.032702196 0.029833688 0.813948108 0.579248647
1709436976.194764853 22.246680125 -8.780542145 0.251441969 -0.026613025 0.027494988 0.815767532 0.577112733
1709436976.294556618 22.225684194 -8.682519031 0.245316399 -0.024057567 0.029789903 0.814784529 0.578498026
1709436976.394455194 22.183978391 -8.599073439 0.240696452 -0.018231775 0.025258155 0.814399639 0.579467736
1709436976.494859219 22.162767468 -8.521668379 0.237090909 -0.012265415 0.022399602 0.814780648 0.579206624
1709436976.593655825 22.118453181 -8.440380630 0.233775112 -0.019913085 0.022722117 0.812718985 0.581872002
1709436976.692303419 22.072730621 -8.370200370 0.237208445 -0.022594447 0.015941667 0.811045863 0.584328643
1709436976.791198015 22.046267641 -8.292962257 0.248342226 -0.031409364 0.009434013 0.812901201 0.581477505
1709436976.894456148 22.010475994 -8.201805270 0.240328472 -0.030634302 0.016024067 0.811905909 0.582763729
1709436976.993736982 21.975252083 -8.108610327 0.233681678 -0.032207037 0.022403801 0.812065606 0.582245848
1709436977.092333317 21.950324659 -8.016040546 0.228322469 -0.035126251 0.028182429 0.810828944 0.583548046
1709436977.191149473 21.937764571 -7.939737146 0.235429494 -0.013908884 0.015699230 0.811623937 0.583803616
1709436977.294596910 21.917119623 -7.860311519 0.234090655 -0.014256032 0.009603605 0.811807062 0.583672708
1709436977.394422054 21.891233635 -7.787582889 0.241706756 -0.022336975 0.004415549 0.812007492 0.583202705
1709436977.495091915 21.854391650 -7.718164421 0.243556327 -0.015677176 -0.000367770 0.815825243 0.578085861
1709436977.594937801 21.824789091 -7.630455784 0.237568531 -0.013483060 0.004780459 0.817151941 0.576244792
1709436977.694783688 21.777918408 -7.544571333 0.224943101 -0.010649967 0.004049320 0.820131572 0.572061523
1709436977.794611216 21.738834104 -7.458842963 0.222822815 -0.022594735 0.015890374 0.818251593 0.574196225
1709436977.893516064 21.699098359 -7.386577014 0.233771510 -0.020851054 0.014600680 0.817120788 0.575904220
1709436977.992348433 21.658013174 -7.316942024 0.236141303 -0.025420929 0.012405272 0.819328658 0.572625913
1709436978.091215372 21.620547446 -7.229546806 0.237281611 -0.026867359 0.010115656 0.820606661 0.570771869
1709436978.194761992 21.592721806 -7.130663171 0.236885084 -0.026105544 0.010039251 0.822612576 0.567913959
1709436978.293531418 21.548606752 -7.051429846 0.235799087 -0.025311844 0.002774181 0.822757277 0.567822224
1709436978.392169714 21.521472237 -6.959250665 0.227638628 -0.026228021 0.002774427 0.825804850 0.563338924
1709436978.495093107 21.502128288 -6.853207419 0.214307106 -0.029695155 0.020880384 0.826460450 0.561823221
1709436978.594898701 21.498790803 -6.764466054 0.215294432 -0.025617514 0.027801566 0.827654640 0.559963045
1709436978.694730043 21.470929434 -6.697052643 0.215201211 -0.025464504 0.020326373 0.830639004 0.555857215
1709436978.794592142 21.428401587 -6.621994239 0.210652684 -0.032966123 0.021267657 0.832238326 0.553028290
1709436978.894439459 21.400432967 -6.560957550 0.218154928 -0.032704529 0.017020928 0.836636776 0.546515879
1709436978.995049715 21.353852805 -6.489427614 0.218577747 -0.032762507 0.013235136 0.838908678 0.543124000
1709436979.094593525 21.304878880 -6.425199412 0.218049300 -0.031071256 0.008281568 0.840870418 0.540280420
1709436979.193194389 21.262438861 -6.363464082 0.224720362 -0.013723464 -0.000039266 0.843723852 0.536602019
1709436979.292172432 21.239879905 -6.297374694 0.230418499 -0.017413418 0.003497020 0.841087129 0.540607977
1709436979.391298532 21.185084523 -6.222708813 0.225340310 -0.028239819 0.003580562 0.839104623 0.543224746
1709436979.494508982 21.129969858 -6.126996140 0.210397366 -0.028226248 0.012274430 0.837201430 0.546027823
1709436979.593121767 21.090182748 -6.020921727 0.206456807 -0.031475347 0.017648988 0.839058047 0.542843817
1709436979.691861868 21.053837527 -5.928898512 0.222921229 -0.022649198 0.009931689 0.840537084 0.541189232
1709436979.790480614 21.020424042 -5.824429800 0.219555512 -0.031197715 0.020946021 0.845360014 0.532873731
1709436979.894811153 20.988487033 -5.709355239 0.204675205 -0.014660684 0.028633359 0.849745895 0.526210138
1709436979.993915558 20.949674931 -5.619367310 0.191751871 0.007553113 0.034051575 0.857718522 0.512935061
1709436980.094493628 20.887725106 -5.532531744 0.185144029 -0.002110123 0.037785854 0.859643593 0.509490598
1709436980.195131540 20.828443135 -5.453809527 0.193601256 -0.020618351 0.020989373 0.862118320 0.505852085
1709436980.294980526 20.750028175 -5.406652335 0.207744327 -0.028993200 -0.004406607 0.863496183 0.503502053
1709436980.394461632 20.707152866 -5.327347812 0.211174763 -0.037669120 -0.000557480 0.864991341 0.500370569
1709436980.493334770 20.680011374 -5.243504554 0.207646051 -0.030592728 0.009413101 0.863500385 0.503331466
1709436980.592366457 20.668252257 -5.160385438 0.203623903 -0.027526063 0.012657003 0.863042761 0.504221487
1709436980.695146322 20.628579427 -5.076290435 0.200065683 -0.024332505 0.012891509 0.862571700 0.505184917
1709436980.794191360 20.578338703 -4.977631053 0.194341782 -0.029126773 0.017960432 0.862478455 0.504935609
1709436980.892859459 20.534965672 -4.892122942 0.188888293 -0.024272073 0.020797308 0.863433699 0.503448692
1709436980.991591454 20.492806583 -4.807051252 0.192235740 -0.019185204 0.016488598 0.860490211 0.508838531
1709436981.090256214 20.451757756 -4.714592168 0.188986139 -0.023398417 0.022585826 0.857719734 0.513087958
1709436981.194951534 20.406639102 -4.619288147 0.190959409 -0.023231325 0.021365772 0.852083978 0.522452586
1709436981.293721676 20.339922951 -4.523946802 0.183486978 -0.026647957 0.018842829 0.850326342 0.525242749
1709436981.394818544 20.300206639 -4.441408312 0.188468401 -0.018773518 0.013270649 0.849914752 0.526418425
1709436981.494668007 20.250901893 -4.360631306 0.190251541 -0.028787619 0.009188638 0.848658339 0.528077519
1709436981.594522953 20.199019782 -4.282555894 0.186536295 -0.026386255 0.006801226 0.851088952 0.524313937
1709436981.694410563 20.163545297 -4.185383199 0.189786220 -0.018987059 0.013865755 0.857791383 0.513460005
1709436981.793875456 20.109289855 -4.102450964 0.185658865 -0.011460292 0.014344517 0.867301923 0.497443737
1709436981.892246246 20.055601641 -4.018384390 0.186302577 -0.013258973 0.009862080 0.871962182 0.489294280
1709436981.995074034 19.990490188 -3.949515964 0.191410663 -0.016814283 -0.000020884 0.872158355 0.488934641
1709436982.093936920 19.920510966 -3.859732807 0.186045103 -0.029803369 0.006311568 0.873343781 0.486150761
1709436982.192730188 19.882288117 -3.771083222 0.186820249 -0.016359124 0.005363620 0.871298754 0.490450906
1709436982.291374445 19.823439219 -3.684315220 0.188459908 -0.027625829 0.006170393 0.870257925 0.491782354
1709436982.394465685 19.775315906 -3.590792021 0.195271737 -0.027422082 0.004384825 0.870161029 0.491984336
1709436982.494303942 19.758646973 -3.478810529 0.181453231 -0.026798665 0.023999921 0.872504115 0.487280621
1709436982.592856169 19.706994427 -3.378018642 0.174389548 -0.018258682 0.030261869 0.872453934 0.487416632
1709436982.694767714 19.659906507 -3.278353123 0.175608837 -0.020016904 0.028327511 0.870932117 0.490177644
1709436982.794612646 19.602908647 -3.188175544 0.176425661 -0.028026450 0.021905764 0.869645223 0.492393990
1709436982.894449472 19.562301392 -3.097983219 0.177505098 -0.022919334 0.019993289 0.871881821 0.488770972
1709436982.994964361 19.512247610 -3.011778112 0.173550843 -0.012372649 0.022597082 0.871813412 0.489160162
1709436983.093339205 19.466224399 -2.932045732 0.165189876 -0.008608832 0.024797542 0.871157060 0.490302302
1709436983.193201780 19.423568724 -2.854481916 0.171898857 -0.011878817 0.016988810 0.870812921 0.491177291
1709436983.294616699 19.372272492 -2.756987578 0.166715199 -0.012273778 0.023537277 0.872726813 0.487486678
1709436983.393665314 19.321314041 -2.656675739 0.164961796 -0.017065431 0.027938280 0.871509162 0.489285197
1709436983.492335320 19.242641612 -2.564610820 0.167602564 -0.020907683 0.022326488 0.870045461 0.492021638
1709436983.591064215 19.159830778 -2.461307745 0.167522544 -0.026857808 0.022027535 0.869239215 0.493169984
1709436983.694771528 19.098201470 -2.347054993 0.161865024 -0.024972312 0.026542288 0.868996815 0.493473835
1709436983.793847561 19.020567806 -2.239430667 0.157352209 -0.016757942 0.027148374 0.867670186 0.496115497
1709436983.892531872 18.947844413 -2.124580200 0.146152823 -0.022515783 0.032765556 0.867262850 0.496260624
1709436983.995079279 18.861250421 -2.018978151 0.145303027 -0.025982300 0.028417823 0.868373083 0.494414337
1709436984.094918489 18.812465589 -1.916616285 0.144407454 -0.019758995 0.032143227 0.867873300 0.495350714
1709436984.194766760 18.782798903 -1.798802364 0.139538111 -0.019164678 0.031159307 0.868543713 0.494260691
1709436984.294598818 18.743384446 -1.688095018 0.137012982 -0.014844597 0.032011603 0.867856284 0.495560657
1709436984.394137621 18.674990602 -1.599388468 0.142147385 -0.015563866 0.015649753 0.867148084 0.497561104
1709436984.495076180 18.604943429 -1.498449853 0.146873475 -0.022112974 0.011085715 0.869332696 0.493607929
1709436984.594773531 18.548853464 -1.398829021 0.152360374 -0.012389578 0.016297162 0.869319037 0.493827209
1709436984.693461657 18.497524310 -1.291459210 0.142166164 -0.009239061 0.021900447 0.867471981 0.496917873
1709436984.792167187 18.426261614 -1.183494321 0.141492419 -0.017081540 0.022164921 0.864976969 0.501030718
1709436984.890967846 18.362884143 -1.083023904 0.146700462 -0.023921950 0.016433014 0.865174086 0.500631100
1709436984.994938612 18.300407294 -0.981303429 0.146312829 -0.024679344 0.022417626 0.864571051 0.501403308
1709436985.093656063 18.228762425 -0.864188135 0.142083314 -0.039872627 0.030599453 0.863768240 0.501376380
1709436985.192197084 18.168872708 -0.764952283 0.137308906 -0.028105689 0.026870421 0.865126734 0.500043783
1709436985.291687012 18.141089293 -0.659628294 0.133782028 -0.015908216 0.026817086 0.863626968 0.503166208
1709436985.394451618 18.084839280 -0.547552430 0.129541346 -0.021447641 0.025307412 0.865450492 0.499894968
1709436985.495098829 18.025678887 -0.459425228 0.127357040 -0.009951536 0.017205677 0.864534279 0.502180657
1709436985.594569206 17.967671561 -0.369770961 0.138961958 -0.005707104 0.008441035 0.865046055 0.501588976
1709436985.694086075 17.909236155 -0.271393985 0.141266035 -0.015468376 0.005599634 0.865656310 0.500368390
1709436985.794608831 17.848747844 -0.174155105 0.144316967 -0.014499574 0.006718966 0.864600764 0.502205274
1709436985.894450188 17.784536087 -0.082046963 0.148019659 -0.020525548 0.003291275 0.863945429 0.503156204
1709436985.993284702 17.733889154 0.024532141 0.147988065 -0.020320470 0.007457440 0.863675722 0.503582876
1709436986.091974497 17.675717824 0.141888357 0.143791560 -0.029330674 0.014604560 0.863434238 0.503396201
1709436986.194751263 17.632247620 0.244499934 0.145702474 -0.019869343 0.012731961 0.863424973 0.503925016
1709436986.294578314 17.569100407 0.360785750 0.137716104 -0.030632394 0.012634893 0.861596380 0.506511297
1709436986.394273281 17.510097617 0.470619956 0.134912952 -0.030496124 0.014594938 0.861786878 0.506142620
1709436986.492824554 17.458535115 0.576718572 0.133430193 -0.029595607 0.019010026 0.860512772 0.508213034
1709436986.594913483 17.399748420 0.685879365 0.124049102 -0.025038438 0.021551074 0.862867197 0.504349907
1709436986.694764137 17.355937345 0.774482316 0.131510705 -0.025377152 0.021318546 0.862244243 0.505407147
1709436986.794598103 17.325281638 0.855531462 0.128989203 -0.012057978 0.021250032 0.862647690 0.505214810
1709436986.894438267 17.278989194 0.948419383 0.116441402 -0.020181542 0.028405776 0.859235617 0.510391979
1709436986.995064735 17.232043288 1.025465049 0.119545457 -0.023102110 0.028912152 0.857974102 0.512358098
1709436987.094911575 17.198481196 1.070730228 0.132611492 -0.015869289 0.016533013 0.857502457 0.513969222
1709436987.194417953 17.150117817 1.110619557 0.134390620 -0.014615483 0.003112661 0.857733860 0.513876760
1709436987.293116808 17.114811607 1.178090392 0.128926151 -0.030820817 0.007300787 0.855403235 0.516993308
1709436987.391902447 17.069882100 1.241577316 0.128834843 -0.036715564 0.014065489 0.853580057 0.519475905
1709436987.495084524 17.043762795 1.335930544 0.122563726 -0.036283252 0.028088143 0.855255123 0.516171732
1709436987.594208956 17.021735823 1.403923884 0.123420209 -0.015489444 0.026229722 0.856595816 0.515088037
1709436987.693773985 17.024108575 1.474214346 0.111910025 -0.001112084 0.030489699 0.857426075 0.513701924
1709436987.794548988 16.977570667 1.552136779 0.105989480 -0.021211465 0.033353693 0.853286687 0.519941761
1709436987.894400120 16.932929634 1.632392788 0.107735600 -0.030145198 0.033331308 0.856211317 0.514667341
1709436987.995044708 16.906964355 1.717513615 0.101870530 -0.030980464 0.032372875 0.860866545 0.506854022
1709436988.094880819 16.877105651 1.810195749 0.088671054 -0.015340716 0.049251153 0.863855257 0.501091890
1709436988.194726467 16.852537817 1.882624188 0.089993274 -0.014875726 0.053916532 0.860565877 0.506258918
1709436988.294569492 16.808183126 1.940449406 0.103517795 -0.031161933 0.038778226 0.864034412 0.500968780
1709436988.394813061 16.750129449 1.967964666 0.119376785 -0.032851939 0.009387612 0.863927329 0.502456161
1709436988.494159698 16.710592083 2.033787723 0.117979482 -0.033324117 0.005649227 0.867948624 0.495502548
1709436988.593006611 16.654962768 2.102087201 0.110780404 -0.035430159 0.009868649 0.867661552 0.495793047
1709436988.692086220 16.591593701 2.164170296 0.116873597 -0.028836752 0.000111497 0.871203544 0.490074295
1709436988.794980288 16.535448023 2.230968394 0.110547976 -0.015468405 0.004480470 0.876372174 0.481365211
1709436988.893853903 16.482054982 2.298279205 0.104666965 -0.013917717 0.008052843 0.879311525 0.475975514
1709436988.992453814 16.431674999 2.360777375 0.109344285 -0.011829934 0.000990678 0.884012069 0.467313313
1709436989.091080189 16.389101907 2.418118826 0.105167519 -0.008985922 0.008615542 0.891891077 0.452078901
1709436989.194753408 16.348841468 2.483925538 0.100155986 0.005066029 0.018364511 0.899790192 0.435906746
1709436989.294612885 16.294671490 2.535246301 0.109027729 0.010187665 0.012451252 0.905165490 0.424754770
1709436989.394451141 16.223974548 2.571239534 0.117512714 -0.000205658 0.002128337 0.912873907 0.408236032
1709436989.495084286 16.162720434 2.614487495 0.121053582 0.002197642 0.004502307 0.918219353 0.396040553
1709436989.594933748 16.109456070 2.657646227 0.121920559 -0.003400299 0.007478618 0.923174464 0.384293400
1709436989.694771290 16.053644055 2.692081895 0.122951971 -0.003891974 0.003824244 0.926917770 0.375224833
1709436989.794396162 16.011425155 2.711827942 0.123547306 -0.001017834 0.001550000 0.930756176 0.365635752
1709436989.893312693 15.972518087 2.737614567 0.128872633 -0.002537255 0.002005912 0.933068636 0.359683831
1709436989.995068312 15.940939825 2.758827253 0.133586403 -0.008751361 -0.007517034 0.934917402 0.354677825
1709436990.094762325 15.920927320 2.777391216 0.140687592 -0.012547989 -0.014895958 0.936632587 0.349771434
1709436990.193433046 15.883447146 2.807788749 0.140757445 -0.014857332 -0.016815457 0.939163911 0.342735537
1709436990.292122602 15.842260394 2.827095141 0.142747461 -0.017712825 -0.019929862 0.941487995 0.335990195
1709436990.390836954 15.791808214 2.847097244 0.140739040 -0.019547409 -0.021069559 0.943795420 0.329278267
1709436990.495058298 15.741313219 2.877922403 0.143724770 -0.019412278 -0.021678948 0.946694702 0.320815099
1709436990.594583988 15.707203687 2.892545499 0.152019577 -0.017022657 -0.026019193 0.948378288 0.315613455
1709436990.693005800 15.662147328 2.899760154 0.158916988 -0.017672134 -0.032358533 0.950889539 0.307326709
1709436990.794557810 15.622948615 2.923110366 0.159660727 -0.018517807 -0.029765455 0.954102003 0.297423059
1709436990.894793749 15.596244531 2.967003636 0.155824651 -0.013660986 -0.016130481 0.957575466 0.287406353
1709436990.994622231 15.558013726 3.003543979 0.151940871 -0.016399260 -0.008949371 0.960217203 0.278628599
1709436991.094440222 15.499042418 3.017779615 0.145998088 -0.017429405 -0.015938078 0.962606367 0.269872517
1709436991.193489075 15.436662548 3.028166724 0.148778632 -0.018410737 -0.020185710 0.965707726 0.258190181
1709436991.294957399 15.374857948 3.056764982 0.146659007 -0.021419672 -0.012625975 0.968592196 0.247408448
1709436991.394667625 15.327568835 3.084375468 0.149194069 -0.020332947 -0.005849251 0.971747543 0.235072479
1709436991.493184090 15.277680601 3.123822364 0.149046854 -0.023664955 0.000187444 0.974234684 0.224291584
1709436991.591957092 15.220688297 3.157773368 0.146773668 -0.025581392 0.008720641 0.976999818 0.211520445
1709436991.695045233 15.161694400 3.182855364 0.145798190 -0.029801513 0.012483961 0.979099863 0.200797111
1709436991.794951439 15.117432633 3.206535249 0.145088006 -0.027445149 0.009505478 0.982011527 0.186573769
1709436991.893816233 15.067602063 3.220961114 0.140997018 -0.024341115 0.015292518 0.984901059 0.170714827
1709436991.992391348 15.014194798 3.253554976 0.133378699 -0.020394331 0.024628559 0.987448873 0.154668121
1709436992.094483852 14.960033423 3.266149178 0.127025218 -0.025047376 0.020204574 0.989195097 0.143029595
1709436992.195121050 14.890340693 3.262792807 0.126460071 -0.028933115 0.015899450 0.990853515 0.130841103
1709436992.294963598 14.830615983 3.279191614 0.126503446 -0.032823508 0.018602558 0.992365488 0.117419333
1709436992.394144297 14.777452256 3.290517405 0.129282803 -0.034263698 0.020283292 0.993677610 0.104973308
1709436992.493160725 14.722298752 3.280863574 0.132992239 -0.035916133 0.018771803 0.994969882 0.091611052
1709436992.594444275 14.663903833 3.301100161 0.130986555 -0.036270768 0.021791934 0.995992419 0.078794953
1709436992.694241285 14.604409038 3.312931408 0.124950016 -0.035576158 0.022312350 0.996956672 0.065680216
1709436992.792953253 14.549293279 3.326676020 0.129112530 -0.033735816 0.020474668 0.997823479 0.052829803
1709436992.891627789 14.485097607 3.333025338 0.126349185 -0.033269343 0.017393580 0.998451136 0.041060249
1709436992.990414143 14.440879948 3.320079251 0.129103306 -0.032781361 0.016379492 0.998909113 0.028942668
1709436993.094446182 14.388269495 3.308901308 0.132854011 -0.029775052 0.016447161 0.999287369 0.016361285
1709436993.193406343 14.342749959 3.320396437 0.131527272 -0.025413538 0.013712019 0.999575060 0.003979045
1709436993.292023659 14.288443730 3.326798292 0.130440946 -0.023342736 0.019386289 0.999494919 -0.009444312
1709436993.394750834 14.225957659 3.343645694 0.125586700 -0.022824748 0.025474226 0.999153365 -0.022861476
1709436993.494582653 14.170019450 3.349350414 0.125592550 -0.018410659 0.025756421 0.998854791 -0.035871459
1709436993.594821453 14.113438616 3.348387098 0.121962548 -0.019937995 0.026078179 0.998361036 -0.046879068
1709436993.694352150 14.046091814 3.352378127 0.117872045 -0.019747718 0.029012514 0.997625886 -0.059252787
1709436993.793460608 13.984083748 3.360556746 0.114709353 -0.017820286 0.029976756 0.996838961 -0.071385694
1709436993.894771576 13.908818393 3.353492126 0.115057167 -0.016377207 0.027914936 0.995698735 -0.086813430
1709436993.993955135 13.832085297 3.338915639 0.120340452 -0.013245242 0.028319952 0.994032933 -0.104503932
1709436994.092685699 13.759138848 3.314885262 0.125428566 -0.015568462 0.025815047 0.992324519 -0.119930208
1709436994.191264868 13.673065958 3.301959566 0.122718741 -0.016927295 0.027745011 0.989753811 -0.139036233
1709436994.294925690 13.587945248 3.279808419 0.124351234 -0.018103007 0.030863612 0.987165406 -0.155641187
1709436994.394522190 13.516252212 3.227751201 0.121543156 -0.017202947 0.024224218 0.984652490 -0.171978834
1709436994.493085861 13.437293483 3.193451879 0.128028008 -0.020314813 0.017692663 0.982332664 -0.185193996
1709436994.591692209 13.364381204 3.149987793 0.128499908 -0.023182510 0.021417380 0.978909584 -0.201841257
1709436994.695072412 13.296942779 3.089251295 0.132512872 -0.026183459 0.017976239 0.975844172 -0.216146784
1709436994.794906139 13.232677380 3.031180522 0.131947336 -0.023907433 0.010361874 0.972149532 -0.232908467
1709436994.894734859 13.156208687 2.987066818 0.136884400 -0.022588579 0.010387788 0.967268133 -0.252535561
1709436994.994579077 13.067808661 2.944149892 0.139781907 -0.020641926 0.011161989 0.961310525 -0.274465655
1709436995.094812155 12.984038695 2.879893260 0.135898154 -0.020616168 0.017156745 0.954726369 -0.296273825
1709436995.194652081 12.893091275 2.810519089 0.137295953 -0.022160657 0.020000375 0.948212600 -0.316230541
1709436995.293710470 12.812796405 2.745700880 0.138261319 -0.022625134 0.016413231 0.941272843 -0.336487955
1709436995.392529011 12.740439449 2.662077585 0.131982441 -0.027746472 0.007350405 0.934597768 -0.354546354
1709436995.491348267 12.673314941 2.567676311 0.134406108 -0.028660910 0.001948476 0.927104139 -0.373701313
1709436995.594820976 12.586970386 2.493222128 0.128636772 -0.027116928 0.007340667 0.918155052 -0.395224098
1709436995.694078922 12.517051075 2.405137465 0.128030741 -0.029353734 0.002882796 0.909628108 -0.414375135
1709436995.792727709 12.460011829 2.325583578 0.131081285 -0.026698177 0.004483358 0.901115881 -0.432732338
1709436995.895139456 12.406167814 2.231896630 0.129483771 -0.029101413 0.001319313 0.891539531 -0.452005123
1709436995.994966030 12.354632703 2.144988148 0.128899188 -0.029747191 0.000884285 0.881532554 -0.471184337
1709436996.094799757 12.299343805 2.044344134 0.125033794 -0.036012258 -0.009809678 0.873703514 -0.485024800
1709436996.194634914 12.259068461 1.948574597 0.126778974 -0.025671703 -0.006933755 0.868280403 -0.495360504
1709436996.294479847 12.198972421 1.843972977 0.110918542 0.037702101 0.004289193 -0.863534372 0.502860362
1709436996.395103216 12.134274857 1.756175029 0.105045552 0.037123530 0.003536704 -0.862860470 0.504064624
1709436996.494831562 12.076417433 1.638943611 0.112017489 0.029159808 0.009796635 -0.862422359 0.505253804
1709436996.593567610 12.025377468 1.504400009 0.113312590 0.024976404 0.018602867 -0.861852124 0.506202557
1709436996.692321539 11.971937943 1.362699166 0.116370674 0.013419654 0.021607382 -0.864158834 0.502575908
1709436996.791125536 11.889259117 1.232588205 0.119324062 0.004894963 0.025247634 -0.865620036 0.500040548
1709436996.895077705 11.811057355 1.067876168 0.115781738 0.007582246 0.034485027 -0.865054685 0.500433497
1709436996.993671656 11.725643792 0.915137087 0.110272167 0.014394405 0.031785421 -0.862485156 0.504878048
1709436997.092164278 11.627043725 0.749763864 0.095307599 0.031835662 0.035561561 -0.859552619 0.508813483
1709436997.190839767 11.521774916 0.624237713 0.083857050 0.035089399 0.020912006 -0.861159324 0.506691268
1709436997.294468403 11.442477595 0.481871338 0.078215708 0.036682345 0.026697489 -0.863040828 0.503092615
1709436997.395099640 11.382863062 0.325407859 0.084290293 0.022591505 0.029476043 -0.863724480 0.502594081
1709436997.494938612 11.317910519 0.189612069 0.078560341 0.023367441 0.031632234 -0.862595435 0.504363440
1709436997.594788313 11.251463894 0.076421405 0.088854547 0.018626096 0.027278149 -0.864751598 0.501112408
1709436997.694629908 11.186622511 -0.007135400 0.082577088 -0.000111272 0.006890783 -0.864612506 0.502391998
1709436997.794457912 11.116692239 -0.107658025 0.057341484 0.019104276 0.012338678 -0.864639899 0.501877106
1709436997.893319607 11.047761430 -0.194609954 0.059769559 0.018509585 0.010035759 -0.865494814 0.500475181
1709436997.992194176 10.995240809 -0.295241536 0.065137252 -0.014214375 -0.012964376 0.866913102 -0.498087894
1709436998.091258764 10.930173841 -0.400652729 0.068893342 0.030653051 0.017941599 -0.863639488 0.502857161
1709436998.194624424 10.861193554 -0.499947577 0.061952967 0.029648982 0.002229444 -0.864766967 0.501292391
1709436998.293358564 10.785492148 -0.578419728 0.047243536 0.026515417 -0.016180792 -0.863808824 0.502861243
1709436998.392054319 10.710842236 -0.656121452 0.045115517 0.024028224 -0.022749314 -0.864406112 0.501704282
1709436998.494948626 10.653931818 -0.762379106 0.055530632 -0.017435814 0.027687174 0.865977661 -0.499011126
1709436998.594786167 10.612004532 -0.875519337 0.055112571 -0.017696396 0.011942679 0.871744190 -0.489495941
1709436998.693769217 10.565513132 -0.966807846 0.069032539 -0.008415565 0.004189307 0.872006297 -0.489404379
1709436998.792322874 10.496977842 -1.059645081 0.065312144 -0.013134040 0.004782543 0.869988818 -0.492873292
1709436998.895123482 10.414547486 -1.143076887 0.063564136 -0.021593126 0.018662575 0.867563852 -0.496506201
1709436998.994966030 10.338067179 -1.219159295 0.061581958 -0.033754738 0.020361721 0.866074448 -0.498358373
1709436999.094295979 10.286107919 -1.305481402 0.058538515 0.031324437 -0.018466374 -0.864938943 0.500558086
1709436999.193040371 10.246150589 -1.383436913 0.064549932 0.023801260 -0.022924271 -0.864244778 0.501985002
1709436999.291822672 10.201043677 -1.447146561 0.071720065 0.016744200 -0.031745310 -0.864973569 0.500532309
1709436999.390883923 10.181576430 -1.539654699 0.073092754 -0.013129946 0.018785165 0.867196846 -0.497437788
1709436999.494517565 10.161230703 -1.631003593 0.082806982 -0.007711666 0.002441202 0.868103550 -0.496317235
1709436999.593183041 10.116724433 -1.708633927 0.080345096 -0.009209436 0.000809552 0.868449234 -0.495691898
1709436999.691853046 10.063417809 -1.780934007 0.080449334 -0.009266697 0.002924028 0.868432288 -0.495712558
1709436999.794906378 10.021910746 -1.873036257 0.082860928 -0.016450241 0.000637172 0.869660411 -0.493375874
1709436999.894731998 9.988797781 -1.937501887 0.087338478 -0.019338971 -0.003226825 0.868917817 -0.494567911
1709436999.993499279 9.957923958 -2.015945248 0.086542670 -0.025742181 -0.001077649 0.868797797 -0.494496276
1709437000.092027426 9.915003154 -2.078758687 0.087662087 -0.025887299 0.003064167 0.868118208 -0.495672509
1709437000.195060968 9.883302844 -2.161543073 0.086686449 -0.024965943 0.004125979 0.868484070 -0.495070802
1709437000.294903517 9.857897135 -2.240983631 0.083539483 -0.023324134 0.005329524 0.868878569 -0.494446776
1709437000.394222736 9.813436875 -2.325202678 0.082784404 -0.021258722 0.007759498 0.869069871 -0.494171444
1709437000.493198633 9.753240810 -2.386921307 0.083295468 -0.025068163 0.005796480 0.870156414 -0.492103448
1709437000.592185974 9.706275006 -2.479403776 0.087170605 -0.025737112 0.005813422 0.872886985 -0.487208495
1709437000.694632530 9.648001534 -2.531221211 0.090601663 -0.010917356 0.016756297 0.883373483 -0.468242807
1709437000.794157982 9.580718176 -2.592832762 0.088569439 -0.018685914 0.005082112 0.892434946 -0.450760331
1709437000.892867327 9.515769137 -2.658540966 0.097061866 -0.016187943 -0.003422155 0.899746837 -0.436098463
1709437000.991578341 9.454089871 -2.724458128 0.096166018 -0.018099868 0.000883346 0.906927607 -0.420896579
1709437001.094795227 9.366649918 -2.774445702 0.096318029 -0.019911032 0.010602279 0.909679913 -0.414696996
1709437001.194585323 9.285132145 -2.829865920 0.094322139 -0.028422648 0.012001340 0.909867112 -0.413751083
1709437001.293133259 9.231498449 -2.908979766 0.094629073 -0.029172908 0.006581100 0.909880094 -0.413792031
1709437001.395107508 9.181208781 -2.984059409 0.098644550 -0.019690433 -0.005385595 0.912285885 -0.409044920
1709437001.494944811 9.136095082 -3.065293180 0.105252186 -0.016884762 -0.017312189 0.914324707 -0.404259228
1709437001.594788551 9.063946225 -3.121884168 0.099949393 -0.019783492 -0.009915865 0.917542517 -0.397021433
1709437001.694445610 8.993439107 -3.160979571 0.101264585 -0.023231420 0.003208092 0.922452230 -0.385398356
1709437001.793332815 8.949088296 -3.232381533 0.100223799 -0.021334100 0.001271880 0.926724151 -0.375134091
1709437001.892328978 8.891763894 -3.259501690 0.101970785 -0.012349877 -0.002090744 0.931874847 -0.362563620
1709437001.994942188 8.822998917 -3.290223162 0.106245240 -0.013616129 -0.007512772 0.936610148 -0.350027983
1709437002.093916178 8.747129226 -3.333776981 0.102361029 -0.018015023 -0.002837872 0.940766582 -0.338564090
1709437002.192567587 8.662489994 -3.371625047 0.097384224 -0.025283491 -0.004217761 0.945296943 -0.325202467
1709437002.291360140 8.591797703 -3.433470721 0.111040734 -0.020082151 -0.005309017 0.949909857 -0.311832945
1709437002.395111084 8.502146071 -3.489764499 0.097144217 -0.034134526 -0.003098930 0.952801201 -0.301653945
1709437002.494303703 8.402697702 -3.563645467 0.083068854 -0.052698743 -0.006972328 0.956730853 -0.286077444
1709437002.592869043 8.310830763 -3.612644879 0.095462692 -0.043126033 -0.003884578 0.961806215 -0.270284774
1709437002.691339731 8.243501198 -3.668656257 0.109084125 -0.024616400 -0.003227868 0.966878305 -0.254027474
1709437002.794495821 8.150020712 -3.704563599 0.112607817 -0.028675279 -0.006752078 0.967975614 -0.249309743
1709437002.895146847 8.058748795 -3.729848637 0.101673224 -0.031820336 0.000979656 0.970813241 -0.237714445
1709437002.994331837 7.984981074 -3.731366121 0.090012286 -0.003776709 0.021004263 0.972389328 -0.232386644
1709437003.093355656 7.893109910 -3.742438957 0.070732645 -0.014734531 0.033930242 0.972290960 -0.230828772
1709437003.192606211 7.818279078 -3.784424040 0.070582987 -0.031478633 0.031915265 0.972647146 -0.227921129
1709437003.294536591 7.740130937 -3.821047022 0.077268968 -0.030043697 0.022067171 0.973531092 -0.225494189
1709437003.393553495 7.679767434 -3.882087092 0.084042362 -0.031741723 0.010532498 0.974100508 -0.223628553
1709437003.492351294 7.608142107 -3.916581795 0.088111163 -0.025045398 0.010043938 0.974112251 -0.224448590
1709437003.591068983 7.531254067 -3.945104142 0.082307771 -0.029094243 0.018092742 0.974009876 -0.223899396
1709437003.695097208 7.448205875 -3.989818403 0.075254972 -0.042216498 0.014425205 0.974228321 -0.221108252
1709437003.793668985 7.366518633 -4.026749803 0.080441084 -0.029682296 0.010779680 0.974355387 -0.222787657
1709437003.892293215 7.288749752 -4.081406718 0.078457514 -0.029964977 0.012275160 0.974841853 -0.220532950
1709437003.990896940 7.193358187 -4.127101132 0.075869155 -0.026192614 0.008281720 0.975160150 -0.219790907
1709437004.094490528 7.097806086 -4.179437480 0.076904146 -0.032570281 -0.002120204 0.975065416 -0.219504249
1709437004.195120335 7.007041759 -4.217751594 0.081363519 -0.028412489 0.007542027 0.975880863 -0.216315485
1709437004.294650316 6.923154433 -4.256347070 0.081835804 -0.019709906 0.010148355 0.976681234 -0.213546944
1709437004.393870354 6.829158888 -4.306904277 0.081134482 -0.032385434 0.002055926 0.976652091 -0.212362075
1709437004.494617939 6.733406261 -4.341024516 0.076941197 -0.034941918 0.002262046 0.978178989 -0.204792118
1709437004.594456911 6.649465092 -4.378996702 0.079012046 -0.033062657 -0.002026127 0.980119952 -0.195621152
1709437004.693357706 6.556696154 -4.388710599 0.078861083 -0.029887692 -0.002859677 0.982022424 -0.186361229
1709437004.792042732 6.453584882 -4.391044843 0.062580320 -0.039889595 0.003093164 0.983133245 -0.178460849
1709437004.890826702 6.360734255 -4.404727123 0.058824492 -0.041088801 -0.002695191 0.985338302 -0.165568345
1709437004.994611502 6.278661546 -4.414915234 0.065214065 -0.034170137 -0.008628360 0.987464169 -0.153858598
1709437005.093476295 6.211937072 -4.419890356 0.063143603 -0.032493195 0.002681165 0.989119334 -0.143457125
1709437005.192084789 6.141023020 -4.422309452 0.060698612 -0.029223769 0.009561218 0.990999564 -0.130285911
1709437005.290704250 6.078487500 -4.446173129 0.058997367 -0.026940840 -0.000027700 0.992732041 -0.117291455
1709437005.394798756 6.014827893 -4.480534413 0.069447079 -0.025105817 -0.012550623 0.994358230 -0.102293157
1709437005.494640350 5.927722175 -4.488266855 0.067761071 -0.028918928 -0.019998938 0.995335104 -0.089843020
1709437005.594471931 5.853743337 -4.483729402 0.066093731 -0.023602084 -0.014015234 0.996968046 -0.072809541
1709437005.694863558 5.775916241 -4.480727111 0.062499472 -0.032393651 -0.004850588 0.997610379 -0.060833015
1709437005.794935226 5.707635824 -4.457022455 0.058578832 -0.021969912 0.004819555 0.998537047 -0.049171754
1709437005.894467354 5.634374766 -4.452715266 0.053248617 -0.022950639 0.008498252 0.999065428 -0.035627491
1709437005.993249178 5.551501307 -4.461756697 0.061704812 -0.025685935 -0.000767738 0.999288307 -0.027613809
1709437006.092193604 5.485269930 -4.474308539 0.071035870 -0.017544864 -0.009983950 0.999688035 -0.014708228
1709437006.195090771 5.418713454 -4.500196458 0.071011506 -0.025388199 -0.015562527 0.999513803 -0.009241489
1709437006.294240952 5.358027920 -4.499493744 0.074646235 -0.019173437 -0.008811801 0.999771337 -0.003464856
1709437006.392915010 5.293809566 -4.493924597 0.066702638 -0.020074657 0.005587486 0.999781618 -0.001582458
1709437006.491598606 5.238153866 -4.494833413 0.065554494 -0.022686895 0.006667316 0.999705522 0.005451643
1709437006.590219259 5.178993191 -4.518821100 0.067902899 -0.022218366 -0.000977232 0.999710299 0.009203669
1709437006.695090294 5.105927269 -4.509826419 0.064547487 -0.026734177 -0.002466271 0.999570864 0.011717011
1709437006.794936895 5.040733339 -4.493022776 0.065386077 -0.026649881 0.002478208 0.999464608 0.018818575
1709437006.894781590 4.967537908 -4.469007842 0.062893631 -0.026014763 0.007132149 0.999299738 0.025930657
1709437006.994591236 4.887939683 -4.443276752 0.061454950 -0.026385379 0.007260805 0.999131171 0.031432396
1709437007.094445467 4.812269561 -4.432324297 0.069595286 -0.023810689 0.007294922 0.998911266 0.039447667
1709437007.194291353 4.730626027 -4.417738277 0.066148426 -0.026698093 0.006518481 0.998524746 0.046830052
1709437007.293158054 4.662199757 -4.399765416 0.067862599 -0.022008360 0.009407851 0.998168885 0.055551788
1709437007.392062187 4.588409556 -4.395819521 0.067348796 -0.019923423 0.006896839 0.997807396 0.062736690
1709437007.494604588 4.519464465 -4.394811469 0.067859255 -0.021051909 0.000290314 0.997819383 0.062555670
1709437007.594191551 4.452569866 -4.383780096 0.063015286 -0.022153061 0.007197947 0.997734397 0.063115005
1709437007.692543745 4.387507625 -4.357684546 0.055561801 -0.020459607 0.017540060 0.997529726 0.064870618
1709437007.791264534 4.319995612 -4.340050548 0.055539040 -0.027658055 0.015313199 0.997160537 0.068347647
1709437007.894786119 4.252000479 -4.351220663 0.057452696 -0.027796768 0.009527258 0.996735090 0.075204595
1709437007.994627714 4.193139338 -4.342324546 0.058003701 -0.028300122 0.008342053 0.996498953 0.078226279
1709437008.094464064 4.134981298 -4.320480847 0.058907112 -0.030682366 0.017486576 0.996264763 0.078799323
1709437008.195107222 4.060136828 -4.317110413 0.056644022 -0.031045572 0.020909430 0.996002902 0.081099857
1709437008.294938326 3.988252740 -4.302395166 0.057132878 -0.029147160 0.014132153 0.995739424 0.086334961
1709437008.394774199 3.896593610 -4.298832936 0.061816154 -0.035477701 0.012322712 0.995405209 0.088079247
1709437008.494096994 3.814278329 -4.284034532 0.057014486 -0.030758636 0.015317636 0.995133059 0.092355132
1709437008.592974663 3.735942493 -4.258759821 0.055015295 -0.033633174 0.019589589 0.994368629 0.098570210
1709437008.691903591 3.669179928 -4.227528560 0.043788660 -0.030101837 0.019995617 0.993843889 0.104730031
1709437008.794901848 3.595273492 -4.197873100 0.051154521 -0.033794695 0.021928527 0.993384873 0.107533955
1709437008.893743753 3.525378481 -4.177394703 0.046722161 -0.033083512 0.022860351 0.993512706 0.106373819
1709437008.992417812 3.454351335 -4.145830476 0.035165522 -0.040347243 0.022437777 0.992754404 0.110938454
1709437009.091363668 3.394599177 -4.138522277 0.038618887 -0.035929933 0.019726817 0.992731133 0.113158249
1709437009.195049524 3.323899982 -4.125601537 0.040543534 -0.039332611 0.017385226 0.992530631 0.114164993
1709437009.294652224 3.280676931 -4.120410223 0.042063024 -0.033472055 0.012833235 0.993022022 0.112348536
1709437009.394742966 3.225422123 -4.106596017 0.036347446 -0.025305621 0.018428427 0.993094698 0.113061660
1709437009.494579554 3.176319579 -4.091375470 0.034980087 -0.023182113 0.021043090 0.992860136 0.115102251
1709437009.594811678 3.128323979 -4.097820392 0.039718764 -0.022642956 0.010516555 0.992371187 0.120731629
1709437009.694640398 3.067241213 -4.080149134 0.037438962 -0.025922492 0.010891364 0.991950581 0.123464361
1709437009.794129372 3.007479683 -4.056284889 0.034687994 -0.022375883 0.020587595 0.991081845 0.129739153
1709437009.893095255 2.956626541 -4.026485615 0.030661556 -0.018370806 0.022945019 0.989964946 0.138222449
1709437009.994958639 2.897037679 -4.018911137 0.032950825 -0.016774905 0.016823829 0.988869710 0.146874976
1709437010.094679117 2.848400597 -4.005152777 0.043268851 -0.017182494 0.011414492 0.987338764 0.157278846
1709437010.193371058 2.792950254 -3.993208665 0.045518949 -0.024234341 0.005451189 0.986440096 0.162231064
1709437010.292150497 2.740130090 -3.974149813 0.040980360 -0.022177490 0.011666486 0.986206527 0.163611546
1709437010.390792131 2.681108272 -3.946509909 0.038679520 -0.026542145 0.017236322 0.985217115 0.168361696
1709437010.494940996 2.613302431 -3.925974098 0.042966518 -0.026257903 0.010901342 0.984520104 0.172950421
1709437010.594154358 2.547310268 -3.907244318 0.043002607 -0.023258019 0.008707963 0.985165827 0.169798496
1709437010.692644835 2.477834783 -3.860087893 0.031944375 -0.024145299 0.021228934 0.985349560 0.167489052
1709437010.794469833 2.431092365 -3.810560304 0.022757449 -0.018520464 0.032088136 0.984749402 0.169988113
1709437010.895110369 2.360619728 -3.779018165 0.026928221 -0.017947615 0.027884319 0.984182395 0.174026899
1709437010.994927883 2.284196844 -3.758864190 0.026822530 -0.017819692 0.030942737 0.985149279 0.167946132
1709437011.094049931 2.204136398 -3.723891100 0.016992698 -0.021628267 0.042649554 0.984833349 0.166782818
1709437011.193005562 2.140417134 -3.680914381 0.012734990 -0.016621110 0.044809860 0.983208692 0.176114969
1709437011.292043209 2.054087859 -3.668341591 0.014635014 -0.029133227 0.033438821 0.980427933 0.191818059
1709437011.394532204 1.978827401 -3.633160866 0.016190766 -0.031978999 0.019009233 0.980404335 0.193451112
1709437011.493200541 1.890910517 -3.591051902 0.006363609 -0.037815192 0.024089619 0.979951401 0.194126127
1709437011.591951370 1.799880873 -3.559497179 0.002145105 -0.039952639 0.020492600 0.979184786 0.197941898
1709437011.690687656 1.724338950 -3.547033270 0.012594629 -0.042105274 0.010815837 0.978724717 0.200519556
1709437011.794430971 1.644883404 -3.527825281 0.019669321 -0.040183594 0.010126018 0.980510633 0.192045935
1709437011.893545151 1.582432883 -3.496482730 0.012368405 -0.035614037 0.015646538 0.980683984 0.191691810
1709437011.992138624 1.524236488 -3.468372997 0.008163584 -0.037217944 0.011813336 0.981068897 0.189681549
1709437012.094758272 1.468953883 -3.467691458 0.011525467 -0.031565253 0.001496774 0.981336819 0.189682475
1709437012.194605589 1.425460618 -3.451005287 0.010697620 -0.019364308 -0.003963128 0.981594717 0.189950330
1709437012.294461250 1.370137796 -3.431227643 0.003833619 -0.022018976 -0.000762102 0.981909161 0.188066436
1709437012.394455910 1.319883441 -3.412992171 0.001290251 -0.014934670 -0.000816483 0.982492546 0.185700529
1709437012.493503332 1.252149936 -3.382276526 -0.003965767 -0.022063673 -0.003870262 0.981644565 0.189399481
1709437012.594795227 1.179875328 -3.364054781 0.003943755 -0.021138159 -0.011122780 0.982128337 0.186690629
1709437012.694096088 1.117709087 -3.335960818 0.009107613 -0.020610513 -0.008446334 0.982623046 0.184271039
1709437012.792890310 1.057053645 -3.310663278 0.008461200 -0.019319215 -0.004971107 0.982452712 0.185441970
1709437012.891553164 0.992858709 -3.292468019 0.011531146 -0.024903341 -0.008715653 0.981624664 0.188989103
1709437012.994934797 0.912150878 -3.283073245 0.018086188 -0.030395112 -0.015602215 0.982396181 0.183658519
1709437013.094669819 0.842293667 -3.248101200 0.011951928 -0.028352330 -0.004920871 0.983067719 0.180969031
1709437013.193279505 0.775750952 -3.195205907 0.011315586 -0.026446943 0.001009937 0.983220653 0.180490129
1709437013.291897535 0.719524462 -3.170913526 0.006449939 -0.025608976 -0.001336066 0.983446161 0.179376822
1709437013.395096064 0.647647469 -3.147076524 0.006867194 -0.029274090 -0.009693261 0.984238117 0.174139020
1709437013.494941235 0.576245600 -3.126463421 0.000778651 -0.027024245 -0.006291578 0.985068358 0.169913026
1709437013.594779015 0.515382752 -3.084074474 -0.006536965 -0.023783342 0.008215169 0.987060976 0.158358751
1709437013.694461346 0.437480249 -3.049187150 -0.009717103 -0.026135505 0.012369619 0.987859380 0.152636080
1709437013.793694496 0.352378506 -3.031263251 0.000768219 -0.026456197 0.004838006 0.988606197 0.148102840
1709437013.895123720 0.254641621 -2.997164502 -0.005221760 -0.032564932 -0.000227397 0.989111568 0.143519268
1709437013.994189262 0.142925572 -2.974089184 0.001267204 -0.029844427 -0.001587125 0.989772775 0.139487078
1709437014.092622280 0.032688428 -2.934848532 -0.003846576 -0.029268144 0.001340722 0.990428408 0.134881976
1709437014.191348314 -0.063971681 -2.896576824 -0.014215566 -0.027330274 0.006997009 0.990855798 0.131942739
1709437014.290131569 -0.172064479 -2.862885927 -0.021157299 -0.029692028 0.008876016 0.991226310 0.128491257
1709437014.394245625 -0.277085701 -2.820763599 -0.027485688 -0.029846849 0.010390663 0.991322529 0.127596406
1709437014.492848396 -0.376077658 -2.808898599 -0.023559143 -0.034688892 0.004846510 0.990892741 0.130018335
1709437014.591533422 -0.459830171 -2.796551250 -0.020665002 -0.026579291 0.000379170 0.991134553 0.130175631
1709437014.694589615 -0.556702778 -2.766711873 -0.020112269 -0.030148897 0.001080966 0.991019554 0.130269409
1709437014.794426203 -0.625624038 -2.745301703 -0.022781344 -0.020457671 0.003581558 0.991407165 0.129152967
1709437014.895065069 -0.694670571 -2.738373771 -0.019860675 -0.018103668 -0.000507557 0.990782448 0.134246565
1709437014.994900703 -0.757250141 -2.738995126 -0.021665919 -0.017259827 -0.007090087 0.989438573 0.143746786
1709437015.094735622 -0.808084859 -2.723677237 -0.019272700 -0.015505615 -0.006438735 0.988081699 0.153012008
1709437015.194579124 -0.848091070 -2.703295350 -0.025356978 -0.014896768 0.001243103 0.987174503 0.158943517
1709437015.293544292 -0.901188104 -2.680379501 -0.023524104 -0.016652928 0.008186450 0.985860552 0.166537185
1709437015.392537832 -0.961251091 -2.647493814 -0.022200036 -0.018968498 0.005619033 0.985374207 0.169252161
1709437015.491182089 -1.038353991 -2.616841484 -0.024815207 -0.019136344 0.004809469 0.985504954 0.168495268
1709437015.594742775 -1.110320406 -2.583401032 -0.019279896 -0.023594421 0.007169906 0.984863834 0.171566676
1709437015.693938971 -1.187359849 -2.559249253 -0.015003628 -0.027259552 -0.002770601 0.984513046 0.173156873
1709437015.792583227 -1.266055992 -2.519802149 -0.019513931 -0.024263190 0.000416588 0.984399503 0.174266300
1709437015.891171217 -1.337483190 -2.492598280 -0.024356593 -0.028453356 0.009200051 0.983860143 0.176422742
1709437015.994465113 -1.408078744 -2.464961588 -0.026830851 -0.026774699 0.013716144 0.984066002 0.175240083
1709437016.095103979 -1.465234035 -2.439637311 -0.027953329 -0.029636502 0.015203670 0.983104586 0.179988611
1709437016.194936037 -1.516205417 -2.425491146 -0.026311221 -0.027452959 0.011121337 0.981961873 0.186744562
1709437016.294772863 -1.569096628 -2.400398979 -0.030175223 -0.031341493 0.011559941 0.980190038 0.195221841
1709437016.394622087 -1.601623169 -2.362424581 -0.040287829 -0.028357963 0.018183753 0.977612613 0.207698712
1709437016.494459867 -1.642150314 -2.326082849 -0.039906240 -0.032288820 0.016063442 0.974659697 0.220766558
1709437016.593619585 -1.696976340 -2.299703216 -0.045546043 -0.040061727 0.015361494 0.971985969 0.231089503
1709437016.692560196 -1.722908448 -2.261147906 -0.049851478 -0.037449433 0.023164297 0.969425362 0.241403030
1709437016.791512012 -1.760446221 -2.224719453 -0.056041099 -0.036925753 0.032010857 0.967069751 0.249775679
1709437016.894628286 -1.798130734 -2.190853635 -0.056149008 -0.038659540 0.030588834 0.965228421 0.256717468
1709437016.993447065 -1.833218028 -2.174059203 -0.063487905 -0.037061619 0.033069775 0.963711940 0.262282525
1709437017.092099190 -1.859754194 -2.151648921 -0.065982518 -0.033100866 0.037274574 0.961622263 0.269810234
1709437017.190769196 -1.883878620 -2.122807425 -0.074939980 -0.027925556 0.041993795 0.959400949 0.277500459
1709437017.294780254 -1.938911504 -2.099791327 -0.073716114 -0.027720217 0.033743765 0.958047101 0.283264364
1709437017.394626379 -1.971825914 -2.055004018 -0.077503148 -0.027121582 0.031126581 0.957047013 0.286978345
1709437017.494462490 -2.013121212 -2.004441813 -0.088492163 -0.023272889 0.042838838 0.955542801 0.290794018
1709437017.595103025 -2.084529614 -1.961017231 -0.087175557 -0.026243971 0.041187091 0.954430009 0.294411676
1709437017.694936991 -2.147105204 -1.904501114 -0.086699799 -0.021724864 0.032169373 0.952174065 0.303080371
1709437017.794538260 -2.233479042 -1.843050034 -0.085995097 -0.024450178 0.021625844 0.951120741 0.307089315
1709437017.893508911 -2.325328888 -1.768091269 -0.086329824 -0.027764597 0.024703456 0.950239920 0.309294296
1709437017.992347002 -2.399497522 -1.700921771 -0.080671591 -0.019969376 0.021283465 0.945448223 0.324462472
1709437018.095087528 -2.481243559 -1.636930745 -0.075965610 -0.018048785 0.008676444 0.937402428 0.347671753
1709437018.194677591 -2.530492545 -1.593708871 -0.076538123 -0.016848342 0.007270641 0.929878823 0.367408010
1709437018.293311119 -2.561782345 -1.547857355 -0.076132957 -0.018292102 0.009561777 0.923875407 0.382136368
1709437018.392016649 -2.592523298 -1.512231666 -0.074115907 -0.013009639 0.005813878 0.919113092 0.393736045
1709437018.490303040 -2.605962801 -1.474137745 -0.069430614 -0.014069211 0.009284947 0.915283132 0.402458241
1709437018.595076799 -2.644667017 -1.440039321 -0.067568153 -0.015481791 0.012770511 0.911295895 0.411262714
1709437018.693719864 -2.708371596 -1.417585257 -0.073531190 -0.018085340 0.009365808 0.907657651 0.419216878
1709437018.794762850 -2.739187165 -1.371499855 -0.077538574 -0.016705956 0.009726614 0.903938437 0.427225475
1709437018.894612312 -2.758867180 -1.319892538 -0.087015473 -0.019265824 0.014105810 0.900123060 0.434980839
1709437018.994460583 -2.790893906 -1.276430506 -0.097482579 -0.024819311 0.016490904 0.894790901 0.445489949
1709437019.094615698 -2.848601453 -1.225906131 -0.100761192 -0.030945561 0.014732299 0.888358489 0.457869552
1709437019.193562984 -2.907005762 -1.167648113 -0.097559563 -0.035975096 0.017237251 0.882311621 0.468972145
1709437019.294775486 -2.938416575 -1.084556983 -0.101366163 -0.037911997 0.030468296 0.874408031 0.482747303
1709437019.394633770 -2.953325554 -0.993159385 -0.103101294 -0.042972208 0.034199112 0.865830535 0.497314081
1709437019.494138241 -2.976815230 -0.906737091 -0.101662336 -0.039268315 0.030886366 0.856409290 0.513874654
1709437019.592775106 -2.989347088 -0.824813948 -0.105891299 -0.039433035 0.033383898 0.849171515 0.525583761
1709437019.691495419 -3.003713646 -0.747144829 -0.114125479 -0.031527204 0.032210077 0.844781038 0.533210600
1709437019.794778109 -3.031831065 -0.666568265 -0.120632033 -0.031214969 0.033836908 0.843672094 0.534881376
1709437019.894609451 -3.044104066 -0.602915826 -0.120319364 -0.022613137 0.034831833 0.843351624 0.535755007
1709437019.993567705 -3.061277760 -0.539056151 -0.124944117 -0.017469572 0.035131315 0.842939116 0.536576417
1709437020.095094204 -3.078029215 -0.491634951 -0.129533776 -0.013964494 0.036813375 0.842877945 0.536662407
1709437020.194930792 -3.095400183 -0.443251981 -0.132131377 -0.013421345 0.039280808 0.842421800 0.537217272
1709437020.294765472 -3.104104450 -0.393888244 -0.136237296 -0.015714704 0.036357089 0.842083788 0.537890419
1709437020.394502401 -3.116185181 -0.354946765 -0.135271991 -0.014428647 0.036349144 0.842084266 0.537926243
1709437020.493426085 -3.126223799 -0.312362058 -0.134772792 -0.015908456 0.033266762 0.841231940 0.539415486
1709437020.594140530 -3.138376346 -0.269930075 -0.130756722 -0.017780393 0.026265672 0.841254016 0.539708859
1709437020.694886923 -3.178796309 -0.228468309 -0.135639168 -0.016341653 0.025401407 0.841313151 0.539703531
1709437020.793984652 -3.217197659 -0.176569187 -0.138798486 -0.015344562 0.025135964 0.840273857 0.541361777
1709437020.892656803 -3.244522229 -0.117966175 -0.140823244 -0.017241588 0.026452847 0.839892474 0.541833560
1709437020.991344929 -3.293299684 -0.070789696 -0.144003964 -0.015014678 0.028769979 0.839696784 0.542085011
1709437021.094671011 -3.339855489 0.007913742 -0.151690249 -0.021832380 0.037550332 0.839111434 0.542222576
1709437021.194451332 -3.389827573 0.073244601 -0.152246778 -0.020859363 0.039762584 0.838237072 0.543454170
1709437021.293201447 -3.435261869 0.143315291 -0.157014258 -0.026905789 0.041013292 0.837308494 0.544525917
1709437021.394548655 -3.463277017 0.215550618 -0.154368620 -0.033209010 0.036742912 0.836085097 0.546359617
1709437021.494808674 -3.492151010 0.281896195 -0.153014465 -0.042236570 0.033225390 0.834558098 0.548292738
1709437021.594666004 -3.514325168 0.340414029 -0.153979469 -0.038827728 0.037630818 0.830529965 0.554343131
1709437021.694491386 -3.520057067 0.398356160 -0.160410326 -0.036362048 0.037972549 0.826040635 0.561153059
1709437021.794946909 -3.525904047 0.453025537 -0.161995874 -0.034369629 0.037799673 0.822421214 0.566580321
1709437021.894974709 -3.537230532 0.491587809 -0.162727075 -0.031856326 0.034608965 0.821963397 0.567594545
1709437021.994826555 -3.542207653 0.530418068 -0.167490003 -0.026433073 0.031993203 0.822350576 0.567465644
1709437022.093620777 -3.559870979 0.555902220 -0.167445129 -0.024021829 0.031293217 0.821917882 0.568238226
1709437022.192357540 -3.579208409 0.582659693 -0.165604011 -0.024107830 0.023397914 0.822006288 0.568486598
1709437022.291131258 -3.571457562 0.616961170 -0.166511656 -0.019458002 0.024344973 0.822286155 0.568220193
1709437022.394985199 -3.588581552 0.654003742 -0.161567863 -0.013306162 0.022908363 0.820608977 0.570875696
1709437022.493984461 -3.603740636 0.685339181 -0.155533461 -0.014991219 0.013751225 0.816547186 0.576920150
1709437022.592526913 -3.637191796 0.723683738 -0.151767902 -0.017784781 0.001819017 0.813472413 0.581328672
1709437022.692490101 -3.672691422 0.763120267 -0.153881703 -0.016618190 0.002940329 0.814353220 0.580124145
1709437022.794766903 -3.667460627 0.814630922 -0.152883643 -0.011089062 0.005528169 0.814046623 0.580667347
1709437022.894598246 -3.678276654 0.873673009 -0.157021097 -0.008868084 0.008393205 0.813774881 0.581051937
1709437022.994365215 -3.683635568 0.926133022 -0.160212875 -0.004461576 0.010284316 0.814023360 0.580723942
1709437023.094704628 -3.696855352 0.973121555 -0.164160067 -0.002971819 0.014862367 0.813292373 0.581657798
1709437023.194873333 -3.695110155 1.029702326 -0.158965971 -0.004849696 0.012345491 0.813645802 0.581209582
1709437023.294727087 -3.702818918 1.078556668 -0.166225311 -0.004229399 0.012973861 0.813685388 0.581145317
1709437023.393592119 -3.703154188 1.121955654 -0.167058963 -0.001965761 0.016586086 0.814554825 0.579846078
1709437023.492296457 -3.733051802 1.157878532 -0.166968757 -0.003225807 0.018302194 0.814079209 0.580456428
1709437023.591069460 -3.741532190 1.195196040 -0.162238347 -0.006682815 0.019814180 0.812911395 0.582011857
1709437023.694468737 -3.761807630 1.234230354 -0.160134316 -0.007404890 0.014475333 0.812722018 0.582424719
1709437023.793576241 -3.783528814 1.274419648 -0.156136360 -0.008583845 0.015586954 0.811998060 0.583388819
1709437023.893625498 -3.796382314 1.326914607 -0.157558181 -0.012391915 0.012790891 0.811326357 0.584322151
1709437023.992093801 -3.796867429 1.397361808 -0.158587691 -0.010683752 0.015953004 0.812391188 0.582796634
1709437024.094633102 -3.799947782 1.457267322 -0.163828912 -0.010760343 0.023824794 0.811523976 0.583734041
1709437024.194471598 -3.822236139 1.517329913 -0.168708454 -0.011054157 0.027444385 0.810691848 0.584725012
1709437024.294779539 -3.848438900 1.574995465 -0.171349197 -0.017176483 0.026652455 0.810166013 0.585342333
1709437024.394412518 -3.867527290 1.617395759 -0.171050333 -0.016216702 0.027689432 0.811011049 0.584150145
1709437024.494806290 -3.895254832 1.629883103 -0.172169469 -0.017017200 0.030652542 0.810057972 0.585300708
1709437024.594468594 -3.928676028 1.626725823 -0.169489975 -0.019558935 0.027705974 0.809270800 0.586455965
1709437024.693208456 -3.952135406 1.631392044 -0.174847089 -0.019804302 0.026280211 0.809404420 0.586328939
1709437024.791998863 -3.955176749 1.621841237 -0.179992833 -0.017114155 0.027974631 0.809439242 0.586287164
1709437024.894956350 -3.961803480 1.602304429 -0.173783750 -0.017170110 0.027622192 0.809567484 0.586125149
1709437024.994728804 -3.954332886 1.594792597 -0.172463948 -0.015457443 0.028517868 0.809775261 0.585842833
1709437025.093324423 -3.955609245 1.597045667 -0.168568317 -0.016412255 0.028149806 0.809899983 0.585662226
1709437025.193295717 -3.960669561 1.591467480 -0.169527442 -0.016898923 0.027669924 0.810340193 0.585062025
1709437025.295100927 -3.968660715 1.583154320 -0.163694971 -0.016453931 0.028408906 0.809815640 0.585765167
1709437025.394962072 -3.986429736 1.579155429 -0.166590116 -0.017324641 0.027566105 0.809813974 0.585782634
1709437025.494801521 -3.970920919 1.588380216 -0.170500227 -0.016248715 0.028465721 0.809784168 0.585811645
1709437025.594620466 -3.984983914 1.583151802 -0.171986524 -0.016769325 0.027682955 0.809908383 0.585662748
1709437025.694178581 -3.982117549 1.596598003 -0.173246996 -0.016997000 0.027914284 0.810256304 0.585163752
1709437025.795124054 -3.978116709 1.594767530 -0.175074481 -0.016061374 0.028334070 0.809691118 0.585951795
1709437025.894265175 -3.985121356 1.591009046 -0.178497183 -0.017474514 0.027267768 0.809915904 0.585651209
1709437025.993049145 -3.971734920 1.594158867 -0.180238634 -0.016747792 0.027840435 0.810267995 0.585158268
1709437026.091900349 -3.969207658 1.591774709 -0.178719317 -0.016282567 0.028000599 0.809498292 0.586228079
1709437026.190804243 -3.967433981 1.590716006 -0.180983065 -0.015649527 0.028159829 0.809758506 0.585878211
1709437026.294347286 -3.957673666 1.598100670 -0.175019625 -0.016660485 0.028010160 0.809927808 0.585623432
1709437026.394313097 -3.951562697 1.603093711 -0.171463782 -0.017219322 0.027461096 0.810044178 0.585472299
1709437026.492834330 -3.937782292 1.605257327 -0.171079983 -0.016572011 0.027896796 0.810067749 0.585437766
1709437026.594640732 -3.933927329 1.607233947 -0.176760905 -0.016744418 0.027576275 0.809471096 0.586272733
1709437026.694467068 -3.922440561 1.599959998 -0.174979560 -0.015651773 0.028417188 0.810043707 0.585471330
1709437026.795100927 -3.928082287 1.596970302 -0.175291796 -0.016727856 0.027597266 0.809675614 0.585989735
1709437026.894922018 -3.927152654 1.605820441 -0.180328080 -0.016433497 0.027620067 0.809690683 0.585976169
1709437026.994782209 -3.920016860 1.607609349 -0.180212266 -0.016140162 0.028125033 0.809851356 0.585738218
1709437027.094624996 -3.916559030 1.615195409 -0.177577538 -0.016018753 0.027985117 0.809886543 0.585699600
1709437027.194107056 -3.913628775 1.614798506 -0.173878434 -0.016076078 0.028123255 0.809993316 0.585543739
1709437027.292966127 -3.921841271 1.615710599 -0.175482302 -0.017196665 0.027525637 0.809922589 0.585638125
1709437027.391870975 -3.906251414 1.609727244 -0.176289198 -0.016209641 0.027889658 0.810107669 0.585393012
1709437027.494780064 -3.892703969 1.615478535 -0.176414436 -0.015908538 0.028185694 0.809989179 0.585551036
1709437027.593990326 -3.878655390 1.619060480 -0.178257646 -0.015683265 0.028184302 0.809916608 0.585657552
1709437027.693858624 -3.861259513 1.626213094 -0.176529583 -0.016067488 0.027996740 0.810182161 0.585288718
1709437027.794287920 -3.866403285 1.620883476 -0.185800932 -0.018034244 0.026352190 0.809909913 0.585684438
1709437027.894936800 -3.851306510 1.631011063 -0.182456328 -0.016038749 0.027633069 0.810688990 0.584604596
1709437027.994776249 -3.866760681 1.630611988 -0.181512141 -0.016380982 0.027593754 0.810234448 0.585226783
1709437028.094614983 -3.874182144 1.622565629 -0.181929521 -0.016563835 0.027363772 0.809868774 0.585738366
1709437028.194458485 -3.873899015 1.622221830 -0.179599495 -0.015665311 0.028169850 0.809942859 0.585622424
1709437028.295083284 -3.877971986 1.626160774 -0.179938073 -0.015885177 0.027730021 0.810005856 0.585550356
1709437028.394920826 -3.867055723 1.627294730 -0.179089794 -0.015641130 0.028136488 0.809900379 0.585683420
1709437028.494032383 -3.877899414 1.617282938 -0.180577960 -0.017232273 0.027068565 0.809772720 0.585865584
1709437028.592944145 -3.862802524 1.607577307 -0.177168379 -0.015868584 0.028059740 0.809951595 0.585610154
1709437028.691930532 -3.874090803 1.613510585 -0.180265640 -0.016088816 0.027643697 0.810228292 0.585241053
1709437028.795034885 -3.870438309 1.616157856 -0.175913486 -0.016320160 0.027835325 0.810151585 0.585331750
1709437028.894892931 -3.885121003 1.611797292 -0.177593336 -0.016736067 0.027471027 0.809791452 0.585835345
1709437028.993528605 -3.902452387 1.614015909 -0.179095395 -0.015147331 0.028501916 0.810066959 0.585448307
1709437029.094122410 -3.918389174 1.618691067 -0.177285289 -0.016049770 0.027894888 0.810361568 0.585045648
1709437029.194466591 -3.932585601 1.620233229 -0.188312316 -0.016001523 0.027385175 0.809739457 0.585931749
1709437029.294257164 -3.925819021 1.615612430 -0.187356003 -0.015241357 0.027942184 0.810030912 0.585522721
1709437029.394945621 -3.936050576 1.604889095 -0.188405720 -0.015321656 0.027817468 0.810018199 0.585544151
1709437029.494788885 -3.940070811 1.604621671 -0.185892282 -0.016229762 0.027388524 0.809917666 0.585678955
1709437029.594609022 -3.941986341 1.596975201 -0.181893640 -0.016096789 0.027796955 0.809824094 0.585792761
1709437029.694427252 -3.934835591 1.590510759 -0.182964754 -0.016639487 0.027344122 0.809684461 0.585991894
1709437029.794037580 -3.933609784 1.589206804 -0.180446240 -0.016578900 0.027681072 0.809898836 0.585681461
1709437029.893014193 -3.949942756 1.588428666 -0.176623153 -0.017297843 0.027188621 0.809732662 0.585913457
1709437029.992038250 -3.963722586 1.589043554 -0.177534894 -0.016400490 0.027687133 0.809824867 0.585788470
1709437030.094583511 -3.964032825 1.595277984 -0.176596187 -0.015266758 0.028534433 0.809606606 0.586080076
1709437030.194335938 -3.974358662 1.592794377 -0.178830354 -0.016141876 0.027831998 0.810067436 0.585453302
1709437030.293266773 -3.982960519 1.600320027 -0.177974165 -0.016717998 0.027643639 0.810039504 0.585484705
1709437030.394143820 -3.971984662 1.606014022 -0.185191074 -0.016458120 0.027203149 0.809552737 0.586185538
1709437030.494752645 -3.952643790 1.609922123 -0.183671630 -0.015310519 0.027956291 0.810002071 0.585560141
1709437030.593812704 -3.936721859 1.609885864 -0.186858456 -0.017505508 0.026621769 0.809936940 0.585650912
1709437030.692389488 -3.928177996 1.608293856 -0.185091994 -0.015873553 0.027562150 0.809995074 0.585573512
1709437030.795046806 -3.905408949 1.609163573 -0.181799795 -0.015078496 0.028242461 0.809529411 0.586205711
1709437030.894885302 -3.891259537 1.609174210 -0.179720641 -0.016989460 0.027342613 0.809975229 0.585579942
1709437030.994718552 -3.881427608 1.606164514 -0.177372959 -0.016751433 0.027422907 0.809819614 0.585798230
1709437031.094102621 -3.873615962 1.611113518 -0.181872756 -0.017746211 0.026643353 0.809908697 0.585681745
1709437031.193131685 -3.854285059 1.620837869 -0.177628113 -0.016439662 0.027753590 0.810091670 0.585415205
1709437031.294607878 -3.842267893 1.626902773 -0.178102594 -0.016922634 0.027433677 0.809618272 0.586071047
1709437031.394436598 -3.840099106 1.630508863 -0.180832451 -0.016217125 0.027756153 0.809916964 0.585662969
1709437031.494300365 -3.820233932 1.638282730 -0.182311184 -0.015807257 0.028015696 0.809971725 0.585586079
1709437031.591800213 -3.832297496 1.634821261 -0.183092257 -0.016630002 0.027204625 0.810444757 0.584946705
1709437031.694064856 -3.818705445 1.646173826 -0.177675814 -0.016017666 0.027818136 0.810195206 0.585280543
1709437031.794613361 -3.826612453 1.647181115 -0.180503516 -0.016421944 0.027535807 0.809959617 0.585608673
1709437031.893403769 -3.828925088 1.642192585 -0.176343912 -0.016188664 0.027775352 0.810570414 0.584758122
1709437031.991998672 -3.829551432 1.640613000 -0.175404380 -0.015816379 0.028026290 0.809814160 0.585803205
1709437032.094933271 -3.842666227 1.637722448 -0.177762017 -0.016010851 0.027859958 0.810248863 0.585204456
1709437032.194764853 -3.848754229 1.626830673 -0.177120135 -0.015444976 0.028280805 0.810429333 0.584949523
1709437032.294607401 -3.844616490 1.632009253 -0.181157039 -0.016482336 0.027462261 0.809959651 0.585610382
1709437032.394226789 -3.849251453 1.629417201 -0.183938804 -0.016719454 0.027253710 0.809875597 0.585729641
1709437032.493286133 -3.846644480 1.629535895 -0.189703572 -0.016125062 0.027310416 0.810238712 0.585241277
1709437032.594921589 -3.857056227 1.637354022 -0.188142920 -0.016135313 0.027451193 0.810220406 0.585259752
1709437032.694133759 -3.851203843 1.636318849 -0.190736187 -0.016346186 0.027168135 0.810241295 0.585238189
1709437032.794058561 -3.864721278 1.632619989 -0.187550315 -0.016222177 0.027436260 0.810030118 0.585521392
1709437032.892822504 -3.859050748 1.632355059 -0.179691858 -0.017050950 0.027314789 0.810397701 0.584994644
1709437032.995068789 -3.865599726 1.635404837 -0.182396922 -0.016482879 0.027340253 0.810163693 0.585333765
1709437033.094420910 -3.879811793 1.633197495 -0.176695826 -0.016219654 0.027940400 0.810380335 0.585012795
1709437033.193021536 -3.901223835 1.627292557 -0.179367029 -0.016234085 0.027573560 0.809976887 0.585588248
1709437033.291643143 -3.900794926 1.616783108 -0.173989013 -0.016142199 0.028073663 0.810063306 0.585447469
1709437033.394453764 -3.907432962 1.609743347 -0.178167871 -0.016683961 0.027377640 0.809913612 0.585672307
1709437033.495072126 -3.915527372 1.604857451 -0.175647939 -0.017511256 0.027341386 0.809851898 0.585735186
1709437033.594923258 -3.925496520 1.597363094 -0.175499329 -0.015945916 0.027941615 0.810219759 0.585242629
1709437033.694388628 -3.937164754 1.600769746 -0.180498982 -0.016752281 0.027260106 0.809919528 0.585667658
1709437033.793538809 -3.951348213 1.600763158 -0.185230168 -0.016817392 0.027188117 0.809786618 0.585852895
1709437033.894454718 -3.953952569 1.597722123 -0.187892649 -0.016348796 0.027132440 0.809921509 0.585682249
1709437033.994886875 -3.949679505 1.606913919 -0.188896739 -0.015917538 0.027574364 0.809990335 0.585578298
1709437034.093658924 -3.945719726 1.614828219 -0.195389762 -0.016164474 0.027045136 0.809988090 0.585599321
1709437034.194713593 -3.940092340 1.610303227 -0.195312070 -0.015835834 0.027180291 0.809623126 0.586106520
1709437034.294624805 -3.924217739 1.605944163 -0.189955113 -0.015930604 0.027565713 0.809914661 0.585683011
1709437034.394072294 -3.928742937 1.603751142 -0.183606015 -0.016887582 0.027289932 0.809479396 0.586270567
1709437034.492676497 -3.912936758 1.598047925 -0.180593606 -0.016074924 0.027484023 0.809920670 0.585674597
1709437034.591316223 -3.910573911 1.604956381 -0.187339344 -0.016113629 0.027173687 0.809903657 0.585711540
1709437034.694763422 -3.894582795 1.618559595 -0.189078180 -0.016246000 0.027278295 0.810330848 0.585111851
1709437034.794601202 -3.883258666 1.619104111 -0.185057522 -0.016948243 0.027191921 0.810260326 0.585193610
1709437034.894455910 -3.868603152 1.624212272 -0.179023535 -0.015715434 0.027827277 0.809975593 0.585592185
1709437034.994657278 -3.867804221 1.623043736 -0.179044154 -0.016344049 0.027521872 0.810257358 0.585199481
1709437035.094934225 -3.859339901 1.631834330 -0.182243559 -0.016394756 0.027195847 0.810030650 0.585527064
1709437035.194766521 -3.843655838 1.631281599 -0.177662213 -0.017201094 0.027308837 0.810266819 0.585171796
1709437035.293705463 -3.814089218 1.639179710 -0.179983636 -0.017229704 0.026904612 0.810397090 0.585009262
1709437035.393524647 -3.822656775 1.630630019 -0.176571079 -0.016757747 0.027445362 0.810140167 0.585353602
1709437035.494549751 -3.809067070 1.645257785 -0.172844583 -0.016931238 0.027625118 0.810268125 0.585163013
1709437035.594926834 -3.807679658 1.651375624 -0.176051701 -0.016812050 0.027543753 0.810057258 0.585462156
1709437035.693727016 -3.807578288 1.644168699 -0.177395798 -0.016597984 0.027582749 0.810223012 0.585237020
1709437035.792358637 -3.807694075 1.640961097 -0.177493959 -0.016412767 0.027648986 0.810151103 0.585338658
1709437035.891020060 -3.821498199 1.639361319 -0.181391750 -0.016412417 0.027435789 0.809874398 0.585731482
1709437035.994652033 -3.827592789 1.643913274 -0.180015138 -0.016627706 0.027691257 0.809857880 0.585736228
1709437036.094484091 -3.835473838 1.642294577 -0.182851235 -0.016880371 0.027133628 0.810147931 0.585353867
1709437036.195114374 -3.848317457 1.626882323 -0.176186195 -0.016290753 0.027795578 0.810079494 0.585434224
1709437036.294943810 -3.856312089 1.628546778 -0.180781900 -0.016945607 0.027054332 0.809740972 0.585918482
1709437036.394789696 -3.876960891 1.634389752 -0.182496596 -0.015380478 0.028046723 0.809937491 0.585643307
1709437036.494612694 -3.883736008 1.627078141 -0.185695062 -0.015239235 0.027946480 0.809970405 0.585606270
1709437036.593546152 -3.898204418 1.627895430 -0.193429981 -0.016855756 0.026488714 0.810375829 0.585068584
1709437036.695016623 -3.906438497 1.621484121 -0.191082389 -0.015883878 0.027636220 0.810172637 0.585324047
1709437036.794968605 -3.927377206 1.613059015 -0.188173431 -0.015916057 0.027582735 0.810055930 0.585487200
1709437036.894759893 -3.921142786 1.613696804 -0.183750522 -0.016069868 0.027655690 0.810106110 0.585410123
1709437036.993382215 -3.920290491 1.610474522 -0.186794289 -0.016494144 0.027174097 0.809931063 0.585663030
1709437037.092048407 -3.923949628 1.607974990 -0.187865098 -0.015730455 0.027582509 0.809917166 0.585684166
1709437037.195143223 -3.910801505 1.614570773 -0.184957656 -0.016159674 0.027869041 0.809866267 0.585729298
1709437037.295001268 -3.919070183 1.615784387 -0.186149287 -0.015512002 0.027655663 0.810050474 0.585502153
1709437037.394815207 -3.927962458 1.615796067 -0.179319399 -0.017144455 0.027328180 0.810086936 0.585421553
1709437037.494667768 -3.947888009 1.616960831 -0.174411799 -0.015337614 0.028395529 0.810056445 0.585463070
1709437037.594510555 -3.941224696 1.613336146 -0.179397388 -0.015974527 0.027756592 0.809853725 0.585757058
1709437037.694742680 -3.941896205 1.608848735 -0.178192919 -0.015246058 0.028445544 0.809727184 0.585918336
1709437037.794559479 -3.934039815 1.613103883 -0.178014696 -0.016033577 0.027738468 0.809692452 0.585979211
1709437037.893504620 -3.916322738 1.614174181 -0.180353426 -0.015707423 0.027983170 0.809994499 0.585558819
1709437037.994438171 -3.924917247 1.606724867 -0.182103647 -0.015723629 0.027871676 0.810371699 0.585041577
1709437038.093321800 -3.925393404 1.606172723 -0.181560913 -0.016292522 0.027640042 0.810177880 0.585305377
1709437038.194449902 -3.908289860 1.610447661 -0.184189581 -0.016275789 0.027384765 0.810049807 0.585495076
1709437038.293092966 -3.894320889 1.612229112 -0.174465369 -0.015956811 0.028444482 0.810148933 0.585316153
1709437038.391765594 -3.879182965 1.620141351 -0.171176964 -0.017108130 0.027782047 0.809787162 0.585815861
1709437038.490437269 -3.879611481 1.622260093 -0.170332399 -0.016621806 0.027834443 0.810006030 0.585524713
1709437038.594507933 -3.885469184 1.624004487 -0.177945323 -0.016516129 0.027240456 0.810075153 0.585460009
1709437038.693790436 -3.879554570 1.638041627 -0.183173805 -0.015922576 0.027836834 0.809644860 0.586043329
1709437038.794599056 -3.891716980 1.632965427 -0.188672644 -0.015659000 0.027549517 0.810150650 0.585364625
1709437038.894433737 -3.891053279 1.641004947 -0.193139885 -0.016033194 0.027279614 0.810115038 0.585416419
1709437038.995080471 -3.891610408 1.635946809 -0.186756883 -0.016013868 0.027577022 0.810179026 0.585314453
1709437039.094605446 -3.884051689 1.624368791 -0.177541391 -0.015236075 0.028440480 0.810004009 0.585536084
1709437039.194495201 -3.877557509 1.620477481 -0.176179608 -0.015910993 0.027680652 0.810109921 0.585408010
1709437039.294297218 -3.864386989 1.629321724 -0.174942182 -0.015697144 0.028042578 0.810006480 0.585539679
1709437039.394437313 -3.867285141 1.635167743 -0.177477447 -0.016048377 0.027811543 0.810414894 0.584975783
1709437039.494145393 -3.867841842 1.633024219 -0.180131729 -0.016456165 0.027498557 0.809885970 0.585711311
1709437039.592813253 -3.850014041 1.641840513 -0.183559404 -0.015085998 0.028013860 0.810426346 0.584975875
1709437039.691487074 -3.854659660 1.635073557 -0.185789267 -0.015894235 0.027512978 0.810181125 0.585317823
1709437039.794605970 -3.841589313 1.646710634 -0.191379469 -0.016541691 0.026955366 0.810066402 0.585484590
1709437039.894405842 -3.845122429 1.653045244 -0.194475120 -0.016932088 0.026593380 0.809971333 0.585621495
1709437039.993342638 -3.854851313 1.654972505 -0.191547105 -0.015844881 0.027185644 0.810249306 0.585240073
1709437040.094903231 -3.868618532 1.643535108 -0.192026380 -0.016671506 0.026966611 0.809825549 0.585813488
1709437040.194736004 -3.868507127 1.639508193 -0.191567927 -0.016309029 0.027117044 0.810084019 0.585459276
1709437040.294582844 -3.869520445 1.631918320 -0.186988008 -0.016847260 0.027060267 0.809806768 0.585830104
1709437040.394609928 -3.874279844 1.628888697 -0.182766341 -0.015478076 0.027880401 0.810124229 0.585390337
1709437040.494654894 -3.878446741 1.630683931 -0.184523622 -0.015299749 0.027871213 0.810197817 0.585293610
1709437040.593624353 -3.874985073 1.630489918 -0.186406448 -0.015673278 0.027607701 0.810273950 0.585190815
1709437040.694756746 -3.879454502 1.634932137 -0.188849083 -0.017067449 0.026852846 0.810007724 0.585555389
1709437040.793847322 -3.884446444 1.640850296 -0.185621793 -0.014984175 0.028104148 0.810412464 0.584993393
1709437040.892549038 -3.884969524 1.643225384 -0.184951136 -0.014383319 0.028163565 0.810261517 0.585214669
1709437040.991248369 -3.889361332 1.647135620 -0.191460761 -0.015210504 0.027680698 0.810316865 0.585140152
1709437041.094888687 -3.887941865 1.636539239 -0.190715147 -0.015976880 0.027368320 0.809743315 0.585927878
1709437041.194362640 -3.883607167 1.635216915 -0.184570194 -0.015578061 0.028041617 0.810019783 0.585524502
1709437041.292951584 -3.897182854 1.629006539 -0.183409385 -0.017310540 0.026854535 0.809826318 0.585799039
1709437041.394769669 -3.892575668 1.619078221 -0.179519974 -0.016537385 0.027520764 0.810356620 0.585056639
1709437041.494625092 -3.896802225 1.617997666 -0.181366778 -0.015660126 0.027681307 0.810322409 0.585120585
1709437041.594475508 -3.896708071 1.613413648 -0.186835956 -0.016687095 0.027018854 0.810360413 0.585070529
1709437041.694607973 -3.892379841 1.613460052 -0.179306648 -0.015783999 0.028005415 0.810144218 0.585348536
1709437041.794676781 -3.891369526 1.614357370 -0.178034729 -0.016064755 0.027957485 0.810116284 0.585381849
1709437041.893447161 -3.908133807 1.611865608 -0.179362897 -0.016603277 0.027524570 0.810364636 0.585043490
1709437041.994626760 -3.908093974 1.616637489 -0.176474544 -0.016532733 0.027391790 0.810054411 0.585481178
1709437042.093592644 -3.923057055 1.606729088 -0.176201575 -0.016441434 0.027779072 0.809940949 0.585622456
1709437042.192311287 -3.930703492 1.605951845 -0.175494512 -0.016955633 0.027318061 0.810115324 0.585388241
1709437042.291065216 -3.953830855 1.595702176 -0.175524154 -0.015197186 0.028210846 0.809917424 0.585667961
1709437042.394788027 -3.960514862 1.590326818 -0.176680147 -0.015724612 0.027978091 0.810038764 0.585497365
1709437042.493981361 -3.967721847 1.593706060 -0.182021639 -0.015279892 0.027843955 0.809871564 0.585746779
1709437042.592544079 -3.956452396 1.611450705 -0.185747090 -0.016174145 0.027207221 0.810189494 0.585312864
1709437042.695098400 -3.955623381 1.611898811 -0.187075487 -0.016969797 0.027047232 0.810145516 0.585358621
1709437042.794946194 -3.959827400 1.612037575 -0.187104270 -0.015910756 0.027425829 0.810013967 0.585552769
1709437042.894773245 -3.945746282 1.619927787 -0.189224256 -0.016029308 0.027352462 0.810209193 0.585282809
1709437042.994589567 -3.927672617 1.628327211 -0.191270960 -0.015991902 0.027298219 0.810353104 0.585087099
1709437043.094432592 -3.927052536 1.625333248 -0.189630519 -0.015344783 0.027754465 0.809838250 0.585795387
1709437043.195077896 -3.908656946 1.635280254 -0.184567596 -0.015633591 0.027948539 0.809849354 0.585763172
1709437043.294646502 -3.897036190 1.629998159 -0.182828004 -0.015003490 0.028069173 0.810116231 0.585404739
1709437043.393350124 -3.869639058 1.634635873 -0.186340262 -0.015881650 0.027390463 0.810189122 0.585312841
1709437043.492119789 -3.874734472 1.638721920 -0.182078848 -0.015836541 0.027597915 0.810075050 0.585462187
1709437043.590902567 -3.848082004 1.633739465 -0.176815391 -0.015674014 0.027943884 0.810007164 0.585544070
1709437043.695002317 -3.847387227 1.624782474 -0.180569396 -0.016644754 0.027074616 0.810196951 0.585295496
1709437043.794793129 -3.846853470 1.621146276 -0.178848970 -0.016481652 0.027400269 0.810082461 0.585443410
1709437043.893676996 -3.837443968 1.632313665 -0.177323302 -0.015519291 0.028014655 0.810126947 0.585379074
1709437043.992095232 -3.828386701 1.635582212 -0.180317395 -0.015768000 0.027745339 0.810294179 0.585153749
1709437044.094488382 -3.837362897 1.639923648 -0.180069197 -0.016014212 0.027793240 0.809886713 0.585708625
1709437044.195135355 -3.840032863 1.639214328 -0.174127144 -0.015918119 0.028194601 0.810252059 0.585186534
1709437044.294814110 -3.843116029 1.643166896 -0.176612831 -0.016368779 0.027651506 0.810306365 0.585124818
1709437044.394392729 -3.842314226 1.648200288 -0.179770719 -0.016436943 0.027358867 0.810253570 0.585209767
1709437044.494662285 -3.842390829 1.640538134 -0.178449833 -0.015533759 0.027845882 0.810073760 0.585460342
1709437044.594421387 -3.854666804 1.633276457 -0.185258904 -0.016817230 0.026905858 0.809876602 0.585741534
1709437044.693160534 -3.846945615 1.634542361 -0.188298339 -0.015733016 0.027577839 0.810113365 0.585412906
1709437044.791980028 -3.844688656 1.630567378 -0.184594517 -0.016102235 0.027609460 0.809947412 0.585630964
1709437044.894821167 -3.846748494 1.628778815 -0.181726256 -0.015805631 0.027948274 0.809965323 0.585598199
1709437044.994598150 -3.834773370 1.637263742 -0.182401411 -0.016113822 0.027682090 0.810241155 0.585220742
1709437045.094249964 -3.830223217 1.638836470 -0.184316357 -0.016357938 0.027378086 0.810282000 0.585171717
1709437045.193123102 -3.816393523 1.640109525 -0.180155745 -0.016220616 0.027787135 0.810443319 0.584932811
1709437045.294970512 -3.815124584 1.646828097 -0.183684290 -0.016218399 0.027328737 0.810179877 0.585319289
1709437045.394814968 -3.798619297 1.654275347 -0.185592003 -0.015880487 0.027382100 0.809657475 0.586048465
1709437045.494654417 -3.795115273 1.653361079 -0.176861751 -0.016658195 0.027761186 0.810501826 0.584840672
1709437045.594479084 -3.791070430 1.660637510 -0.182188967 -0.015813197 0.027489522 0.809853106 0.585774885
1709437045.695103407 -3.798088159 1.664990961 -0.183512424 -0.016527452 0.027124332 0.810443101 0.584955635
1709437045.794954062 -3.797812029 1.671093529 -0.186244463 -0.015897335 0.027362716 0.810237641 0.585246547
1709437045.894249439 -3.800381260 1.672336098 -0.188950628 -0.014739833 0.027909104 0.810180586 0.585330025
1709437045.993045568 -3.803645867 1.672838503 -0.185574839 -0.016276213 0.027414904 0.810427794 0.584970341
1709437046.091920137 -3.811829279 1.669716335 -0.184883397 -0.015740338 0.027625867 0.810455940 0.584936084
1709437046.195099592 -3.827912728 1.660691589 -0.185578546 -0.016048278 0.027455282 0.810457016 0.584934258
1709437046.294231415 -3.830501288 1.654861658 -0.184786617 -0.016354128 0.027462926 0.810589187 0.584742252
1709437046.394143343 -3.830284812 1.651995894 -0.184608638 -0.016758214 0.027196153 0.810021179 0.585529863
1709437046.492721796 -3.827513109 1.655758251 -0.184974114 -0.015395033 0.028072930 0.810201231 0.585276746
1709437046.594436169 -3.834193632 1.640342199 -0.183573416 -0.015910028 0.027676782 0.810021065 0.585531161
1709437046.695098639 -3.844191309 1.632234462 -0.181410944 -0.016563984 0.027395628 0.810205721 0.585270710
1709437046.794934988 -3.857660439 1.626979027 -0.182495129 -0.015962208 0.027532323 0.810355650 0.585073414
1709437046.894780397 -3.854406659 1.627910246 -0.182904950 -0.015897946 0.027521040 0.810163077 0.585342324
1709437046.994616985 -3.844046290 1.631819145 -0.180752560 -0.014910732 0.028238318 0.810732679 0.584544944
1709437047.094463825 -3.837467701 1.617159203 -0.184089902 -0.016835754 0.026883295 0.810208291 0.585283154
1709437047.194107771 -3.832723283 1.612172278 -0.183244851 -0.016364651 0.027317616 0.810335572 0.585100169
1709437047.292994499 -3.826220768 1.619817597 -0.181567965 -0.016424136 0.027408284 0.810228436 0.585242613
1709437047.391912222 -3.830057411 1.624515043 -0.180775186 -0.017088114 0.027118733 0.810280234 0.585165373
1709437047.494620800 -3.831308174 1.630503739 -0.178285021 -0.016209448 0.027816122 0.810383055 0.585015232
1709437047.593907356 -3.836895760 1.633718361 -0.181191808 -0.016394065 0.027278438 0.810359234 0.585068401
1709437047.693755388 -3.843695490 1.640097180 -0.180572256 -0.014907097 0.028210326 0.810219738 0.585257151
1709437047.794483185 -3.860636556 1.636443599 -0.182732184 -0.015415105 0.027783231 0.810100829 0.585428999
1709437047.894804716 -3.869100369 1.642810190 -0.186555274 -0.015197472 0.027964691 0.810566687 0.584780865
1709437047.994645119 -3.888691169 1.634970512 -0.192725269 -0.015930865 0.027193350 0.809970956 0.585622558
1709437048.093065500 -3.891144951 1.634397147 -0.187569919 -0.014938499 0.028172627 0.810002764 0.585558423
1709437048.195126057 -3.892511093 1.636451185 -0.187635955 -0.016589802 0.027077734 0.810269629 0.585196295
1709437048.294954538 -3.892458169 1.628904748 -0.187183910 -0.016046560 0.027287742 0.810200149 0.585297877
1709437048.394788504 -3.884345924 1.631556398 -0.188033291 -0.016315826 0.027060658 0.810343626 0.585102318
1709437048.494049549 -3.896004061 1.632575438 -0.189026797 -0.015533151 0.027397156 0.810171530 0.585346229
1709437048.592991114 -3.889370391 1.628659291 -0.189215045 -0.015476539 0.027630187 0.810362779 0.585071975
1709437048.695112228 -3.887269672 1.625934221 -0.188134691 -0.016256673 0.027260345 0.810323209 0.585122971
1709437048.794938803 -3.894168468 1.618728566 -0.188139526 -0.016226806 0.027290114 0.810399572 0.585016644
1709437048.894778967 -3.889592493 1.611756207 -0.186405930 -0.017480762 0.026721648 0.810299740 0.585145031
1709437048.993438005 -3.888641928 1.612281781 -0.183162885 -0.016601722 0.027385421 0.810069860 0.585458149
1709437049.094293833 -3.883347143 1.607660417 -0.180940839 -0.015636279 0.027906638 0.810062333 0.585470531
1709437049.195140362 -3.883400869 1.604734142 -0.181909728 -0.015433790 0.027943949 0.810099917 0.585422119
1709437049.294084549 -3.874639600 1.612765591 -0.175086338 -0.015345115 0.028384233 0.810003677 0.585536425
1709437049.392631769 -3.879362647 1.609749477 -0.179498137 -0.015855122 0.027664105 0.810046488 0.585498079
1709437049.494658947 -3.886446733 1.611654600 -0.183088594 -0.015899947 0.027606655 0.809940669 0.585645949
1709437049.594502926 -3.889163343 1.623355384 -0.180903242 -0.016259623 0.027883495 0.809944694 0.585617391
1709437049.695118427 -3.901322151 1.622938035 -0.176110071 -0.016813476 0.027723137 0.810060834 0.585448700
1709437049.794087648 -3.893217260 1.629349069 -0.180206304 -0.015989013 0.027794621 0.809989402 0.585567229
1709437049.893096447 -3.881934709 1.631990976 -0.183233092 -0.016941578 0.027020746 0.810243288 0.585225321
1709437049.992134809 -3.886150982 1.624256484 -0.187575407 -0.016798960 0.026866321 0.810678541 0.584633474
1709437050.094476223 -3.899715780 1.610744185 -0.186353508 -0.016956050 0.027178383 0.810246439 0.585213240
1709437050.194478273 -3.897365458 1.611820074 -0.188699014 -0.016428305 0.027324075 0.810214246 0.585266078
1709437050.293156624 -3.902533890 1.612498817 -0.186321022 -0.015895425 0.027625725 0.810145309 0.585362052
1709437050.393843174 -3.904318602 1.612235131 -0.184872492 -0.014831271 0.028139175 0.810337027 0.585100096
1709437050.494642258 -3.889624316 1.629929416 -0.184415590 -0.015706545 0.027803080 0.810196260 0.585288231
1709437050.593665600 -3.899428597 1.631464531 -0.189983951 -0.016269517 0.027035142 0.810350545 0.585095204
1709437050.695094347 -3.882237049 1.636780940 -0.187336227 -0.015598645 0.027727711 0.810103204 0.585423484
1709437050.794936180 -3.867128131 1.641699257 -0.189656703 -0.016076484 0.027321173 0.810263353 0.585207996
1709437050.894771814 -3.874374105 1.635086892 -0.186876671 -0.015517329 0.027625368 0.810326504 0.585121362
1709437050.994601250 -3.883599516 1.634623550 -0.185362439 -0.015601527 0.027720611 0.810117359 0.585404155
1709437051.094164371 -3.873460366 1.645919028 -0.184976512 -0.016107263 0.027451862 0.810243088 0.585229092
1709437051.193225622 -3.873885883 1.640126746 -0.189372094 -0.016671219 0.026911449 0.810318243 0.585134335
1709437051.294916391 -3.876604453 1.637678969 -0.186304367 -0.016339236 0.027451853 0.810290279 0.585157320
1709437051.394328117 -3.886122361 1.622481805 -0.183330672 -0.015217768 0.028080232 0.810254511 0.585207268
1709437051.494223595 -3.878904898 1.623888863 -0.188196873 -0.015291176 0.027878993 0.809900888 0.585704271
1709437051.592945337 -3.868893792 1.617955266 -0.183823700 -0.016540354 0.027419152 0.810167701 0.585322905
1709437051.695075274 -3.862802057 1.615484110 -0.179293819 -0.016519577 0.027560370 0.810094373 0.585418343
1709437051.794693232 -3.854617213 1.613060518 -0.177772509 -0.016175847 0.027607125 0.810028242 0.585517238
1709437051.893270254 -3.849916701 1.620231530 -0.177468813 -0.015911081 0.027927289 0.809942326 0.585628152
1709437051.991889715 -3.843116038 1.622570047 -0.185140870 -0.015729087 0.027674925 0.809973248 0.585602281
1709437052.094463348 -3.837522018 1.625835140 -0.185455929 -0.016201128 0.027547395 0.810103251 0.585415568
1709437052.195100307 -3.844937230 1.636168540 -0.186352525 -0.016725268 0.027091545 0.810380910 0.585037686
1709437052.294945240 -3.851412098 1.637212894 -0.185006211 -0.015413366 0.027840253 0.810318394 0.585125157
1709437052.394308805 -3.850719347 1.643918886 -0.186755650 -0.015483892 0.027731818 0.810420248 0.584987365
1709437052.493387222 -3.852326719 1.644960774 -0.189791309 -0.015311365 0.027615833 0.810347865 0.585097654
1709437052.594471216 -3.861974031 1.635416861 -0.187036607 -0.015544925 0.027676757 0.810271291 0.585194658
1709437052.695043564 -3.856196964 1.638660340 -0.183365611 -0.015614797 0.028082703 0.810425716 0.584959571
1709437052.793993473 -3.867302298 1.635349095 -0.182197663 -0.015823174 0.027869289 0.810274169 0.585174077
1709437052.894604206 -3.845962183 1.634811086 -0.183140206 -0.016009826 0.027563643 0.810117119 0.585400876
1709437052.994626045 -3.849417707 1.634209225 -0.184674815 -0.015428372 0.027713090 0.809974932 0.585606147
1709437053.094314098 -3.831428442 1.644469355 -0.189348254 -0.015552338 0.027436938 0.810211266 0.585288854
1709437053.192915440 -3.833020371 1.644397806 -0.190350598 -0.015257304 0.027612028 0.810243441 0.585243843
1709437053.291549683 -3.827806438 1.640603075 -0.188166225 -0.015514516 0.027823113 0.810081928 0.585450634
1709437053.394760847 -3.823640472 1.646090096 -0.186161454 -0.015608536 0.027998220 0.810536499 0.584810275
1709437053.494613409 -3.825525015 1.641844603 -0.183684593 -0.016270743 0.027378243 0.809945193 0.585640230
1709437053.594455719 -3.822723348 1.630650342 -0.184401602 -0.017628835 0.026886325 0.810312578 0.585115267
1709437053.694493055 -3.819462054 1.628943560 -0.183111191 -0.016251079 0.027719765 0.810457855 0.584915022
1709437053.794934034 -3.823659272 1.632694966 -0.184674407 -0.015677653 0.027739645 0.810490143 0.584884990
1709437053.894759178 -3.818907147 1.635820963 -0.188299341 -0.016285687 0.027261030 0.810303204 0.585149836
1709437053.993845940 -3.835956590 1.637470306 -0.186153979 -0.015855241 0.027603738 0.810056575 0.585486968
1709437054.092604160 -3.831801830 1.637970582 -0.187587865 -0.015903158 0.027394749 0.809542704 0.586205790
1709437054.194606781 -3.828790156 1.636408708 -0.185983912 -0.016066226 0.027694090 0.809996910 0.585559493
1709437054.294507265 -3.816297203 1.640645068 -0.189843474 -0.016510224 0.026831386 0.810312097 0.585151087
1709437054.393944263 -3.820374217 1.643065878 -0.194926591 -0.014672158 0.027625505 0.810494331 0.584910676
1709437054.492572546 -3.826168529 1.637644712 -0.192797763 -0.015689180 0.027516803 0.810377029 0.585051917
1709437054.591218948 -3.823621055 1.635175518 -0.191941812 -0.015253973 0.027672870 0.810168194 0.585345220
1709437054.694654465 -3.827889755 1.634634354 -0.189853058 -0.015300819 0.027787431 0.810166489 0.585340929
1709437054.794489861 -3.809771703 1.640969442 -0.184355190 -0.015855909 0.027833779 0.809707639 0.585958540
1709437054.895117521 -3.813820687 1.636704276 -0.183615813 -0.015438407 0.027947120 0.810174233 0.585318995
1709437054.994876623 -3.818211489 1.628683975 -0.181535819 -0.017075962 0.027230913 0.810211017 0.585256352
1709437055.094784737 -3.817421977 1.630077329 -0.180738681 -0.015735686 0.027853939 0.809984284 0.585578352
1709437055.194620371 -3.821055500 1.631851827 -0.180379842 -0.016811735 0.027198735 0.810196402 0.585285729
1709437055.293653965 -3.821092637 1.635673938 -0.182527433 -0.015838978 0.027709146 0.810443590 0.584946593
1709437055.392498732 -3.829108069 1.637156060 -0.183412611 -0.015819825 0.027706937 0.810249804 0.585215613
1709437055.494555950 -3.829182234 1.642926489 -0.181477350 -0.014886110 0.028200225 0.810021302 0.585532784
1709437055.594800472 -3.834096542 1.645022084 -0.184115989 -0.014746215 0.028344065 0.810083687 0.585443066
1709437055.693613768 -3.831405662 1.648450300 -0.184699768 -0.015301233 0.027941858 0.810308140 0.585137457
1709437055.792258263 -3.829272196 1.646005060 -0.186957079 -0.016146652 0.027333552 0.810178538 0.585322902
1709437055.890902281 -3.827764736 1.641997890 -0.197386250 -0.015746654 0.026797075 0.810059017 0.585523995
1709437055.994937658 -3.818272019 1.642019484 -0.197109299 -0.016201383 0.027119709 0.810411567 0.585008657
1709437056.094757557 -3.827107037 1.645808563 -0.200712717 -0.015823149 0.026964321 0.810361880 0.585095015
1709437056.194619656 -3.821543048 1.648061542 -0.200321866 -0.015060586 0.027574516 0.809972305 0.585625896
1709437056.294475079 -3.815417439 1.639617743 -0.197174215 -0.015693423 0.027092320 0.810343824 0.585117603
1709437056.395117521 -3.822837625 1.635466590 -0.191208637 -0.015034275 0.027804203 0.810217712 0.585276137
1709437056.494704247 -3.823681978 1.637062906 -0.185915649 -0.014871643 0.027978547 0.810214083 0.585277006
1709437056.593542337 -3.833916036 1.628567530 -0.181554095 -0.015465563 0.027979033 0.810392343 0.585014736
1709437056.692456484 -3.832326647 1.624831391 -0.183679299 -0.016066720 0.027451668 0.809757309 0.585902182
1709437056.793701649 -3.826568282 1.626469002 -0.182958083 -0.015610352 0.027592574 0.810054984 0.585496277
1709437056.894654989 -3.823857333 1.625939073 -0.181554851 -0.015556240 0.027604027 0.810268299 0.585201935
1709437056.993293762 -3.834987539 1.623400591 -0.178433995 -0.016245458 0.027533413 0.810116441 0.585396744
1709437057.091960192 -3.831585643 1.628020819 -0.176374532 -0.016906283 0.027375815 0.810036327 0.585496278
1709437057.190619707 -3.827298402 1.628929631 -0.175455910 -0.016448238 0.027347395 0.810194360 0.585291957
1709437057.294434547 -3.822430628 1.639753023 -0.177837424 -0.015576745 0.027886956 0.810433655 0.584958950
1709437057.394991875 -3.822885751 1.644366490 -0.180427790 -0.015865505 0.027528074 0.810519702 0.584848957
1709437057.494933367 -3.830442557 1.637811761 -0.184258098 -0.016219347 0.027170920 0.809872319 0.585752081
1709437057.594764233 -3.836196353 1.634576116 -0.183895795 -0.016572190 0.027309910 0.810290007 0.585157787
1709437057.694605827 -3.844912979 1.621085674 -0.189985796 -0.015079524 0.027479668 0.810269662 0.585218379
1709437057.794424057 -3.842319629 1.615674196 -0.190960431 -0.015440427 0.027424890 0.810226507 0.585271284
1709437057.893538952 -3.852061224 1.619661769 -0.186233343 -0.017091622 0.026955451 0.810047055 0.585495558
1709437057.994720459 -3.859652114 1.627190854 -0.189586710 -0.015955182 0.027125809 0.810060259 0.585501494
1709437058.094750404 -3.853973898 1.630028474 -0.191685795 -0.015984989 0.027060811 0.809825081 0.585828926
1709437058.194324017 -3.860382590 1.638229360 -0.190152152 -0.016380972 0.027103485 0.810312720 0.585141317
1709437058.292990923 -3.878606151 1.629143219 -0.189714654 -0.015825302 0.027263599 0.810065922 0.585490784
1709437058.391676188 -3.866018213 1.634755297 -0.188407934 -0.016004142 0.027161249 0.810079184 0.585472330
1709437058.490367651 -3.859292237 1.634258765 -0.188072429 -0.015988979 0.027263562 0.810085135 0.585459755
1709437058.595114946 -3.853680544 1.642445286 -0.182017766 -0.016269207 0.027532226 0.810116428 0.585396159
1709437058.693594933 -3.851701461 1.638998865 -0.187496931 -0.015810716 0.027210547 0.810229687 0.585267000
1709437058.794807434 -3.849555197 1.635398102 -0.184948832 -0.014401710 0.028155906 0.810424357 0.584989057
1709437058.894629002 -3.842289615 1.631593895 -0.184881054 -0.015162534 0.027745930 0.809992661 0.585587013
1709437058.994480133 -3.828467915 1.635614054 -0.184532273 -0.015669394 0.027749996 0.810133350 0.585378820
1709437059.094631910 -3.813821129 1.632492321 -0.185398636 -0.016449322 0.027144108 0.810173783 0.585329871
1709437059.194621086 -3.832802560 1.626429494 -0.186875710 -0.016726981 0.026896424 0.810288985 0.585173949
1709437059.293605804 -3.839830194 1.626039192 -0.184947256 -0.015378928 0.027741678 0.810133513 0.585386691
1709437059.394631147 -3.850344059 1.627749002 -0.185934121 -0.016182946 0.027315977 0.810383271 0.585039232
1709437059.494029522 -3.856338464 1.619511692 -0.188648402 -0.014634368 0.027910329 0.809882796 0.585744574
1709437059.592716217 -3.857481514 1.621959029 -0.185577970 -0.015472893 0.027715470 0.810146249 0.585367831
1709437059.691413403 -3.852795110 1.629809454 -0.184380519 -0.015476887 0.027724634 0.810133310 0.585385199
1709437059.794805288 -3.831033712 1.635953535 -0.185699253 -0.016015505 0.027538212 0.810545232 0.584809009
1709437059.894634962 -3.828520912 1.646453729 -0.184055640 -0.014431047 0.028057076 0.810551501 0.584816903
1709437059.993190050 -3.808610781 1.662732274 -0.191593621 -0.015320487 0.027201292 0.810302236 0.585180023
