1706584501.872719 0.030160 0.272839 0.368887 0.002098 -0.004833 -0.011110 0.999924
1706584501.972554 0.037621 0.290415 0.372483 0.005401 -0.005533 -0.011535 0.999904
1706584502.072397 0.032722 0.304409 0.381569 0.005008 -0.004827 -0.011814 0.999906
1706584502.171254 0.045815 0.300893 0.382350 0.004631 -0.004986 -0.011679 0.999909
1706584502.270047 0.080500 0.282643 0.381000 0.003241 -0.004795 -0.011523 0.999917
1706584502.372717 0.097647 0.278527 0.381231 0.003718 -0.004788 -0.011792 0.999912
1706584502.472560 0.081586 0.276053 0.379291 0.003039 -0.004687 -0.011460 0.999919
1706584502.572410 0.048113 0.279172 0.371878 0.004266 -0.005423 -0.011245 0.999913
1706584502.672247 0.048723 0.279811 0.371100 0.004050 -0.005165 -0.011389 0.999914
1706584502.772887 0.037073 0.282375 0.371546 0.004390 -0.005146 -0.011413 0.999912
1706584502.872743 0.017239 0.287012 0.378612 0.003695 -0.004713 -0.011378 0.999917
1706584502.972583 0.007631 0.297620 0.379771 0.002782 -0.004562 -0.011736 0.999917
1706584503.072187 0.005566 0.301135 0.376739 0.004191 -0.005034 -0.011564 0.999912
1706584503.172274 -0.028359 0.306390 0.370428 0.003746 -0.005146 -0.011487 0.999914
1706584503.272919 -0.026306 0.304498 0.373596 0.004471 -0.004912 -0.011552 0.999911
1706584503.372288 -0.026880 0.304536 0.371998 0.003866 -0.005069 -0.011463 0.999914
1706584503.471075 -0.022320 0.302150 0.373077 0.005260 -0.005106 -0.011438 0.999908
1706584503.569896 -0.025293 0.307013 0.377854 0.003915 -0.004801 -0.011484 0.999915
1706584503.672292 -0.030644 0.298679 0.376459 0.004212 -0.004924 -0.011066 0.999918
1706584503.772528 -0.024966 0.298514 0.375776 0.004622 -0.004951 -0.011327 0.999913
1706584503.872352 -0.002638 0.296175 0.377962 0.004744 -0.004850 -0.011492 0.999911
1706584503.972600 0.006307 0.294455 0.372776 0.004390 -0.005053 -0.011515 0.999911
1706584504.072438 0.011210 0.294009 0.377621 0.005244 -0.004822 -0.011418 0.999909
1706584504.172276 0.023293 0.293624 0.378408 0.003979 -0.004694 -0.011664 0.999913
1706584504.272907 0.039474 0.284910 0.380529 0.004812 -0.004804 -0.011306 0.999913
1706584504.372742 0.018167 0.286005 0.375744 0.005092 -0.005098 -0.011279 0.999910
1706584504.472581 0.010847 0.282159 0.379717 0.004561 -0.004649 -0.011001 0.999918
1706584504.572401 -0.007407 0.290007 0.374811 0.003086 -0.004884 -0.011253 0.999920
1706584504.672120 -0.004074 0.296296 0.375406 0.003750 -0.004848 -0.011472 0.999915
1706584504.770962 -0.004624 0.295670 0.372351 0.004155 -0.005068 -0.011381 0.999914
1706584504.869843 -0.004197 0.294197 0.377044 0.004900 -0.004585 -0.011297 0.999914
1706584504.972588 -0.001636 0.295450 0.378743 0.004724 -0.004739 -0.011397 0.999913
1706584505.072433 -0.015884 0.301445 0.376258 0.004062 -0.004787 -0.011479 0.999914
1706584505.172269 -0.011083 0.301236 0.373596 0.003344 -0.004735 -0.011524 0.999917
1706584505.272929 -0.015368 0.301404 0.372447 0.004255 -0.005037 -0.011299 0.999914
1706584505.372758 -0.004608 0.295520 0.370697 0.003863 -0.005067 -0.011330 0.999916
1706584505.472593 0.002101 0.296849 0.375216 0.003228 -0.004716 -0.011565 0.999917
1706584505.572421 -0.010178 0.299531 0.372256 0.003955 -0.004946 -0.011422 0.999915
1706584505.672264 -0.012287 0.300422 0.376374 0.003686 -0.004628 -0.011393 0.999918
1706584505.772903 -0.017814 0.300837 0.373609 0.003451 -0.004939 -0.011389 0.999917
1706584505.872748 -0.024374 0.298790 0.374933 0.003382 -0.004779 -0.011232 0.999920
1706584505.972008 -0.027997 0.302826 0.373947 0.002310 -0.004614 -0.011435 0.999921
1706584506.070913 -0.035240 0.310120 0.374069 0.002968 -0.004753 -0.011706 0.999916
1706584506.169880 -0.034675 0.308522 0.370864 0.002889 -0.004779 -0.011530 0.999918
1706584506.272882 -0.057731 0.311476 0.371640 0.004381 -0.005034 -0.011454 0.999912
1706584506.372726 -0.042763 0.304257 0.373492 0.003874 -0.004790 -0.011318 0.999917
1706584506.472570 -0.037388 0.304602 0.374002 0.003930 -0.004889 -0.011360 0.999916
1706584506.572411 -0.032041 0.302415 0.371786 0.003622 -0.004912 -0.011355 0.999917
1706584506.672257 -0.008331 0.300142 0.376706 0.004528 -0.004776 -0.011562 0.999912
1706584506.772906 0.013227 0.295085 0.375098 0.003633 -0.004777 -0.011413 0.999917
1706584506.872752 0.023160 0.294038 0.378348 0.002497 -0.004401 -0.011691 0.999919
1706584506.972592 0.018836 0.290514 0.377694 0.003181 -0.004636 -0.011377 0.999919
1706584507.072418 0.007382 0.291566 0.379371 0.003718 -0.004682 -0.011416 0.999917
1706584507.172257 0.020029 0.286654 0.380921 0.003248 -0.004408 -0.011357 0.999921
1706584507.271973 0.014059 0.290197 0.380017 0.003782 -0.004659 -0.011362 0.999917
1706584507.370931 0.020824 0.287192 0.375672 0.002886 -0.004621 -0.011332 0.999921
1706584507.472606 0.000774 0.294076 0.370717 0.003864 -0.005051 -0.011477 0.999914
1706584507.572455 -0.019901 0.303460 0.370539 0.003420 -0.004752 -0.011601 0.999916
1706584507.672289 -0.024213 0.302921 0.370193 0.003909 -0.004934 -0.011321 0.999916
1706584507.772922 -0.034978 0.303103 0.367887 0.003690 -0.005049 -0.011206 0.999918
1706584507.872767 -0.040230 0.305934 0.370352 0.003358 -0.004694 -0.011531 0.999917
1706584507.972614 -0.058417 0.309259 0.368551 0.003445 -0.004987 -0.011386 0.999917
1706584508.072064 -0.060018 0.313824 0.367606 0.001871 -0.004901 -0.011590 0.999919
1706584508.170465 -0.060273 0.315089 0.368672 0.003474 -0.004944 -0.011619 0.999914
1706584508.272552 -0.053359 0.316877 0.377101 0.003631 -0.004810 -0.011734 0.999913
1706584508.372388 -0.034291 0.310568 0.372591 0.002537 -0.004932 -0.012215 0.999910
1706584508.472220 -0.032254 0.309394 0.374326 0.004280 -0.005642 -0.012031 0.999903
1706584508.572024 -0.001234 0.299950 0.375570 0.002748 -0.006324 -0.013299 0.999888
1706584508.671166 0.037253 0.299172 0.380061 0.002910 -0.006228 -0.016131 0.999846
1706584508.772553 0.092436 0.301369 0.378814 0.001004 -0.007310 -0.019607 0.999781
1706584508.872397 0.166309 0.291622 0.376839 0.001465 -0.007184 -0.023418 0.999699
1706584508.972236 0.227636 0.291438 0.378035 -0.000942 -0.010026 -0.028530 0.999542
1706584509.072878 0.316570 0.290577 0.380116 -0.004197 -0.010150 -0.033681 0.999372
1706584509.172709 0.416342 0.276941 0.376771 -0.002552 -0.007351 -0.037847 0.999253
1706584509.272557 0.526084 0.248137 0.377188 0.004698 -0.005673 -0.044696 0.998973
1706584509.371421 0.636830 0.236388 0.377864 0.003406 -0.001057 -0.052307 0.998625
1706584509.469962 0.733728 0.224543 0.379904 0.003014 0.000230 -0.059567 0.998220
1706584509.572851 0.845625 0.209949 0.377258 0.000741 0.001934 -0.065681 0.997839
1706584509.672702 0.928646 0.196021 0.378077 0.000397 0.000623 -0.071034 0.997474
1706584509.772538 0.995015 0.174950 0.383068 0.004400 -0.001846 -0.075081 0.997166
1706584509.872294 1.044843 0.164209 0.383346 0.003332 -0.006069 -0.078131 0.996919
1706584509.972598 1.083600 0.166243 0.381225 0.001489 -0.008027 -0.081000 0.996681
1706584510.072422 1.115930 0.159446 0.383356 0.001000 -0.007075 -0.082406 0.996573
1706584510.172255 1.128743 0.155331 0.381449 0.000792 -0.007183 -0.082998 0.996523
1706584510.272901 1.133239 0.151029 0.381519 0.001915 -0.007669 -0.082897 0.996527
1706584510.372737 1.128960 0.160160 0.377351 -0.000924 -0.008614 -0.082752 0.996533
1706584510.472572 1.108746 0.160345 0.375744 -0.000416 -0.009632 -0.081995 0.996586
1706584510.572421 1.097022 0.160618 0.378920 0.001283 -0.009798 -0.081683 0.996609
1706584510.671059 1.091401 0.165197 0.379124 0.000383 -0.009830 -0.081734 0.996606
1706584510.772900 1.083282 0.163893 0.381483 -0.001020 -0.009475 -0.081393 0.996637
1706584510.872748 1.095926 0.160796 0.384275 -0.000211 -0.009520 -0.081526 0.996626
1706584510.972577 1.094330 0.167258 0.384111 0.000296 -0.009642 -0.081674 0.996612
1706584511.072428 1.092875 0.168180 0.381115 -0.000370 -0.009541 -0.081675 0.996613
1706584511.172271 1.092827 0.170690 0.382542 -0.001418 -0.009478 -0.081819 0.996601
1706584511.272896 1.079868 0.170411 0.382162 0.000251 -0.009633 -0.081663 0.996613
1706584511.372746 1.086860 0.168962 0.382830 -0.000722 -0.009465 -0.081641 0.996617
1706584511.472580 1.078474 0.168358 0.380979 -0.000190 -0.009583 -0.081572 0.996621
1706584511.571712 1.078616 0.168191 0.381278 -0.000558 -0.009586 -0.081640 0.996616
1706584511.672273 1.077388 0.168845 0.376624 -0.000679 -0.009846 -0.081593 0.996617
1706584511.772912 1.066969 0.166897 0.375415 -0.000209 -0.009731 -0.081532 0.996623
1706584511.872085 1.065846 0.170392 0.377656 -0.000862 -0.009513 -0.081589 0.996620
1706584511.970678 1.062795 0.170695 0.378640 -0.000375 -0.009511 -0.081544 0.996624
1706584512.069299 1.062937 0.172630 0.378833 -0.000657 -0.009702 -0.081691 0.996610
1706584512.172258 1.063732 0.172746 0.380705 -0.000207 -0.009603 -0.081604 0.996619
1706584512.272897 1.069958 0.175201 0.381264 -0.000242 -0.009638 -0.081688 0.996611
1706584512.372750 1.072542 0.175422 0.382969 -0.000158 -0.009567 -0.081660 0.996614
1706584512.472600 1.082241 0.173639 0.384606 0.000039 -0.009551 -0.081733 0.996608
1706584512.572441 1.080351 0.175660 0.380642 -0.000583 -0.009749 -0.081707 0.996608
1706584512.672271 1.084720 0.169315 0.381332 0.000450 -0.009742 -0.081529 0.996623
1706584512.772719 1.073383 0.171073 0.382359 -0.000712 -0.009481 -0.081668 0.996614
1706584512.872757 1.082621 0.169603 0.379088 -0.001154 -0.009674 -0.081709 0.996609
1706584512.972595 1.090986 0.168272 0.383432 -0.000874 -0.009287 -0.081755 0.996609
1706584513.072431 1.075852 0.172505 0.383665 -0.000857 -0.009386 -0.081657 0.996616
1706584513.171697 1.071804 0.171582 0.382449 0.000258 -0.009604 -0.081603 0.996619
1706584513.270338 1.073948 0.170461 0.383819 -0.000299 -0.009452 -0.081686 0.996613
1706584513.372764 1.059140 0.177495 0.383222 -0.000793 -0.009424 -0.081755 0.996608
1706584513.472613 1.066435 0.175482 0.386461 0.000312 -0.009518 -0.081655 0.996615
1706584513.572441 1.051613 0.178281 0.383731 -0.000333 -0.009486 -0.081727 0.996610
1706584513.672276 1.059686 0.173436 0.383738 -0.000738 -0.009353 -0.081646 0.996617
1706584513.772909 1.058827 0.174576 0.384996 0.000162 -0.009476 -0.081652 0.996616
1706584513.872758 1.069381 0.169685 0.385230 -0.000054 -0.009423 -0.081580 0.996622
1706584513.972604 1.078884 0.171544 0.384491 -0.000463 -0.009462 -0.081725 0.996610
1706584514.072029 1.068549 0.173939 0.382459 -0.000246 -0.009486 -0.081629 0.996618
1706584514.170704 1.067837 0.172873 0.382374 -0.000401 -0.009518 -0.081507 0.996627
1706584514.272514 1.062276 0.173167 0.378151 -0.001036 -0.009683 -0.081552 0.996622
1706584514.372357 1.058968 0.171102 0.377760 0.000448 -0.009762 -0.081453 0.996629
1706584514.471353 1.060704 0.173042 0.381291 0.000151 -0.009629 -0.081636 0.996616
1706584514.570001 1.060985 0.173808 0.379400 -0.000623 -0.009597 -0.081551 0.996623
1706584514.668670 1.072833 0.172639 0.380355 -0.000129 -0.009725 -0.081716 0.996608
1706584514.772927 1.071688 0.171616 0.382118 -0.000212 -0.009633 -0.081534 0.996624
1706584514.872778 1.070405 0.169836 0.382957 -0.000277 -0.009542 -0.081535 0.996625
1706584514.972624 1.071738 0.172845 0.381550 -0.000616 -0.009488 -0.081694 0.996612
1706584515.072470 1.067337 0.170528 0.381149 -0.000209 -0.009553 -0.081525 0.996626
1706584515.172313 1.070262 0.172335 0.382080 -0.000709 -0.009574 -0.081729 0.996608
1706584515.272543 1.069151 0.173619 0.381510 -0.000432 -0.009642 -0.081592 0.996619
1706584515.371719 1.067315 0.174546 0.382746 -0.001447 -0.009404 -0.081620 0.996618
1706584515.470333 1.051863 0.172460 0.383487 -0.000686 -0.009428 -0.081406 0.996636
1706584515.572864 1.057405 0.175064 0.383003 -0.001013 -0.009455 -0.081700 0.996612
1706584515.672372 1.058187 0.178838 0.383639 -0.000927 -0.009557 -0.081717 0.996609
1706584515.771016 1.054084 0.179170 0.380134 -0.000584 -0.009686 -0.081621 0.996616
1706584515.869690 1.053093 0.176773 0.382864 -0.000209 -0.009504 -0.081576 0.996622
1706584515.972224 1.065802 0.173338 0.382938 -0.000374 -0.009556 -0.081618 0.996618
1706584516.072876 1.070385 0.173257 0.384030 -0.000661 -0.009560 -0.081589 0.996620
1706584516.172721 1.068373 0.172421 0.381505 0.000213 -0.009628 -0.081591 0.996619
1706584516.272560 1.061531 0.170631 0.375657 -0.000214 -0.009978 -0.081581 0.996617
1706584516.372397 1.064046 0.168861 0.376740 0.000312 -0.009772 -0.081523 0.996623
1706584516.472234 1.054392 0.172718 0.379547 0.000017 -0.009786 -0.081450 0.996629
1706584516.572724 1.049476 0.177153 0.383986 -0.001055 -0.009378 -0.081617 0.996619
1706584516.671346 1.048506 0.176172 0.384135 -0.000015 -0.009652 -0.081531 0.996624
1706584516.772550 1.050713 0.173267 0.381202 0.000283 -0.009619 -0.081473 0.996629
1706584516.872375 1.047850 0.176442 0.381653 -0.000122 -0.009303 -0.081541 0.996627
1706584516.972056 1.044911 0.174763 0.380370 0.000227 -0.009062 -0.081231 0.996654
1706584517.070722 1.037156 0.175707 0.377161 -0.001242 -0.008557 -0.080756 0.996696
1706584517.169419 1.036986 0.172974 0.378135 -0.000186 -0.008679 -0.080214 0.996740
1706584517.272532 1.018225 0.173791 0.379694 0.001419 -0.007166 -0.078777 0.996866
1706584517.372360 0.998730 0.181042 0.381559 0.000919 -0.006042 -0.077157 0.997000
1706584517.472612 0.977306 0.187872 0.382826 0.001107 -0.003490 -0.075550 0.997135
1706584517.572434 0.947772 0.198174 0.381599 0.000034 -0.002437 -0.074399 0.997226
1706584517.672270 0.923050 0.198123 0.380940 -0.001156 -0.000624 -0.072373 0.997377
1706584517.772907 0.878809 0.209622 0.382448 -0.000673 0.000441 -0.069763 0.997563
1706584517.872540 0.844897 0.219471 0.381634 -0.002028 0.000954 -0.067453 0.997720
1706584517.971197 0.794305 0.228094 0.378797 -0.002348 0.001991 -0.064385 0.997920
1706584518.072429 0.740932 0.241471 0.374499 -0.001821 0.002079 -0.061858 0.998081
1706584518.172273 0.690019 0.247022 0.378258 -0.001720 0.001517 -0.059342 0.998235
1706584518.271693 0.648875 0.251180 0.378538 -0.000763 0.000268 -0.057024 0.998372
1706584518.370381 0.606657 0.256949 0.383802 0.000259 -0.000017 -0.054978 0.998488
1706584518.469097 0.574126 0.260820 0.378606 0.000045 -0.000534 -0.052470 0.998622
1706584518.572458 0.552729 0.263375 0.381159 0.001032 0.000299 -0.049854 0.998756
1706584518.672294 0.514366 0.273985 0.379259 -0.003258 -0.000297 -0.048195 0.998833
1706584518.772530 0.482472 0.275306 0.380943 -0.001900 -0.000378 -0.046248 0.998928
1706584518.872359 0.447925 0.282525 0.380886 -0.001789 -0.001248 -0.044929 0.998988
1706584518.972606 0.423088 0.287606 0.378369 -0.002016 -0.001409 -0.042771 0.999082
1706584519.072442 0.390146 0.294489 0.383063 -0.002022 -0.002112 -0.040356 0.999181
1706584519.172262 0.375087 0.289824 0.380561 -0.000369 -0.001582 -0.037037 0.999313
1706584519.272915 0.349865 0.287609 0.382353 0.002520 -0.002442 -0.033783 0.999423
1706584519.372745 0.315665 0.295617 0.382259 -0.000580 -0.004670 -0.031780 0.999484
1706584519.472594 0.292008 0.305696 0.378746 -0.006355 -0.007074 -0.030977 0.999475
1706584519.571445 0.285200 0.303294 0.378419 -0.005813 -0.006993 -0.029554 0.999522
1706584519.670179 0.287324 0.298433 0.375474 -0.004719 -0.006937 -0.028874 0.999548
1706584519.772907 0.281770 0.300554 0.377009 -0.005646 -0.006504 -0.028700 0.999551
1706584519.872760 0.278585 0.302292 0.379517 -0.004350 -0.006284 -0.028989 0.999551
1706584519.972591 0.269758 0.309136 0.384329 -0.005203 -0.005840 -0.029280 0.999541
1706584520.072428 0.270346 0.308217 0.382199 -0.005110 -0.005929 -0.029346 0.999539
1706584520.172269 0.255348 0.312148 0.382107 -0.005223 -0.006112 -0.029454 0.999534
1706584520.272910 0.257550 0.308609 0.382066 -0.005560 -0.005963 -0.029478 0.999532
1706584520.372744 0.242377 0.317629 0.382441 -0.005442 -0.005963 -0.029648 0.999528
1706584520.472130 0.233252 0.323230 0.378998 -0.006273 -0.005922 -0.029770 0.999520
1706584520.572415 0.231275 0.322219 0.377112 -0.005597 -0.006101 -0.029704 0.999524
1706584520.672248 0.219926 0.325161 0.373669 -0.006032 -0.006095 -0.029576 0.999526
1706584520.772472 0.216278 0.324281 0.377912 -0.004817 -0.006073 -0.029645 0.999530
1706584520.871189 0.212612 0.326483 0.376888 -0.005062 -0.006180 -0.029660 0.999528
1706584520.969928 0.212089 0.325006 0.376179 -0.006120 -0.005994 -0.029542 0.999527
1706584521.072417 0.217532 0.322217 0.378286 -0.004921 -0.006098 -0.029620 0.999531
1706584521.172262 0.223633 0.321881 0.378830 -0.006581 -0.005840 -0.029629 0.999522
1706584521.272906 0.225760 0.318808 0.377256 -0.005135 -0.006214 -0.029489 0.999533
1706584521.372741 0.230408 0.319773 0.380112 -0.005688 -0.005883 -0.029655 0.999527
1706584521.472589 0.231298 0.317547 0.380670 -0.005622 -0.005961 -0.029532 0.999530
1706584521.572430 0.238494 0.318412 0.380465 -0.005324 -0.006028 -0.029574 0.999530
1706584521.672256 0.237559 0.319434 0.379852 -0.005011 -0.006020 -0.029752 0.999527
1706584521.771875 0.237466 0.317928 0.379983 -0.005111 -0.006036 -0.029545 0.999532
1706584521.872726 0.252208 0.316738 0.383258 -0.004799 -0.005887 -0.029750 0.999528
1706584521.972566 0.243040 0.315496 0.381079 -0.005028 -0.006059 -0.029586 0.999531
1706584522.072223 0.245479 0.315709 0.377908 -0.005962 -0.005954 -0.029685 0.999524
1706584522.170961 0.241771 0.315757 0.375787 -0.006113 -0.005951 -0.029640 0.999524
1706584522.269735 0.242929 0.310744 0.376190 -0.005168 -0.005989 -0.029583 0.999531
1706584522.372725 0.245133 0.311472 0.377516 -0.006282 -0.006028 -0.029511 0.999527
1706584522.472572 0.243154 0.313057 0.378104 -0.004733 -0.006162 -0.029633 0.999531
1706584522.572416 0.238596 0.316317 0.382291 -0.005112 -0.005914 -0.029525 0.999533
1706584522.672254 0.229365 0.318490 0.379549 -0.005720 -0.005969 -0.029598 0.999528
1706584522.772892 0.228336 0.320483 0.375737 -0.005501 -0.006123 -0.029616 0.999527
1706584522.872734 0.235709 0.319957 0.379794 -0.004729 -0.005972 -0.029703 0.999530
1706584522.972579 0.235941 0.317234 0.378074 -0.005874 -0.006136 -0.029580 0.999526
1706584523.071733 0.241365 0.316965 0.380450 -0.005887 -0.005885 -0.029646 0.999526
1706584523.172264 0.231918 0.317132 0.376833 -0.005137 -0.006168 -0.029526 0.999532
1706584523.272900 0.233836 0.318140 0.372595 -0.005529 -0.006240 -0.029593 0.999527
1706584523.372010 0.232828 0.318838 0.372472 -0.005604 -0.006171 -0.029536 0.999529
1706584523.470792 0.237028 0.318697 0.376616 -0.005106 -0.006051 -0.029692 0.999528
1706584523.569623 0.235973 0.317529 0.375495 -0.005994 -0.006116 -0.029425 0.999530
1706584523.672280 0.231306 0.318815 0.378360 -0.004584 -0.006137 -0.029700 0.999529
1706584523.772923 0.211242 0.324005 0.380320 -0.004880 -0.005924 -0.029498 0.999535
1706584523.872750 0.197783 0.328780 0.379694 -0.005285 -0.006014 -0.029613 0.999529
1706584523.972596 0.211630 0.327763 0.381026 -0.005660 -0.005872 -0.029670 0.999526
1706584524.072440 0.202004 0.331670 0.380106 -0.005553 -0.005897 -0.029719 0.999525
1706584524.172282 0.202234 0.332505 0.377495 -0.005697 -0.006070 -0.029841 0.999520
1706584524.272786 0.207646 0.328642 0.375548 -0.005158 -0.006325 -0.029672 0.999526
1706584524.372758 0.198889 0.328769 0.374665 -0.005292 -0.006226 -0.029578 0.999529
1706584524.472608 0.202392 0.327145 0.377850 -0.005466 -0.005952 -0.029678 0.999527
1706584524.572450 0.215135 0.323167 0.377452 -0.005813 -0.005978 -0.029563 0.999528
1706584524.671826 0.213870 0.324813 0.380878 -0.004412 -0.005916 -0.029688 0.999532
1706584524.770669 0.214359 0.326092 0.383431 -0.005571 -0.005764 -0.029675 0.999527
1706584524.869566 0.213128 0.325548 0.379757 -0.004962 -0.006095 -0.029601 0.999531
1706584524.972219 0.211259 0.323928 0.378539 -0.006115 -0.005991 -0.029503 0.999528
1706584525.072850 0.212375 0.320812 0.378274 -0.005241 -0.006129 -0.029409 0.999535
1706584525.172693 0.210801 0.321473 0.378571 -0.005183 -0.005993 -0.029443 0.999535
1706584525.272527 0.220631 0.319376 0.382580 -0.004873 -0.005828 -0.029630 0.999532
1706584525.372356 0.223859 0.318944 0.383100 -0.004337 -0.006058 -0.029490 0.999537
1706584525.472594 0.218685 0.319712 0.376829 -0.007411 -0.005786 -0.029573 0.999518
1706584525.572432 0.216408 0.317229 0.378422 -0.005350 -0.005990 -0.029417 0.999535
1706584525.672266 0.203426 0.321775 0.377783 -0.005019 -0.006117 -0.029465 0.999534
1706584525.772900 0.206124 0.322529 0.374535 -0.005565 -0.006193 -0.029516 0.999530
1706584525.872739 0.205789 0.327371 0.377322 -0.005074 -0.005975 -0.029646 0.999530
1706584525.971706 0.199728 0.329326 0.378166 -0.005699 -0.006051 -0.029635 0.999526
1706584526.070630 0.189205 0.333361 0.379721 -0.004595 -0.006052 -0.029756 0.999528
1706584526.169589 0.193239 0.332883 0.380574 -0.005802 -0.005808 -0.029653 0.999527
1706584526.272890 0.188991 0.335001 0.378114 -0.005107 -0.006154 -0.029690 0.999527
1706584526.372735 0.189213 0.332294 0.375597 -0.005660 -0.006060 -0.029579 0.999528
1706584526.472584 0.195518 0.331471 0.378870 -0.004720 -0.006110 -0.029795 0.999526
1706584526.572423 0.197384 0.332147 0.381331 -0.005481 -0.005947 -0.029833 0.999522
1706584526.672261 0.193495 0.331157 0.379748 -0.005645 -0.006001 -0.029552 0.999529
1706584526.772899 0.200389 0.327024 0.379342 -0.005224 -0.006048 -0.029592 0.999530
1706584526.872751 0.204433 0.324914 0.380873 -0.005597 -0.005867 -0.029546 0.999531
1706584526.972586 0.213472 0.324515 0.383107 -0.005793 -0.005746 -0.029679 0.999526
1706584527.072417 0.213993 0.327214 0.384160 -0.005351 -0.005923 -0.029647 0.999529
1706584527.172254 0.221696 0.325053 0.382118 -0.005095 -0.005943 -0.029596 0.999531
1706584527.271691 0.223483 0.327449 0.380196 -0.004877 -0.006024 -0.029895 0.999523
1706584527.370661 0.214462 0.330658 0.379316 -0.004504 -0.006111 -0.029848 0.999526
1706584527.472569 0.218189 0.328292 0.377189 -0.004224 -0.006147 -0.029685 0.999531
1706584527.572389 0.224395 0.323173 0.373142 -0.005670 -0.006301 -0.029674 0.999524
1706584527.672218 0.214708 0.321619 0.373114 -0.005687 -0.006056 -0.029694 0.999525
1706584527.772874 0.213190 0.319285 0.377177 -0.004620 -0.006091 -0.029465 0.999537
1706584527.872724 0.219508 0.319910 0.377010 -0.005407 -0.006025 -0.029665 0.999527
1706584527.972563 0.224557 0.317153 0.380529 -0.004535 -0.006016 -0.029610 0.999533
1706584528.071777 0.230229 0.319276 0.380633 -0.005913 -0.005731 -0.029694 0.999525
1706584528.170171 0.221271 0.321007 0.381064 -0.005196 -0.005920 -0.029724 0.999527
1706584528.272893 0.219423 0.323254 0.379196 -0.005610 -0.005943 -0.029530 0.999530
1706584528.372736 0.231455 0.320952 0.385935 -0.003909 -0.005832 -0.029688 0.999535
1706584528.472591 0.228850 0.320246 0.386028 -0.004887 -0.005884 -0.029570 0.999533
1706584528.571733 0.235275 0.317627 0.383225 -0.005241 -0.005883 -0.029513 0.999533
1706584528.670896 0.231722 0.318938 0.382427 -0.005083 -0.005868 -0.029678 0.999529
1706584528.772910 0.229291 0.320870 0.381389 -0.005100 -0.005997 -0.029702 0.999528
1706584528.872755 0.227632 0.321733 0.382402 -0.005406 -0.005840 -0.029752 0.999526
1706584528.972594 0.232548 0.317289 0.379630 -0.005619 -0.005923 -0.029576 0.999529
1706584529.072430 0.196520 0.323233 0.372926 -0.005645 -0.006324 -0.029332 0.999534
1706584529.172265 0.183075 0.328059 0.372884 -0.004894 -0.006231 -0.029574 0.999531
1706584529.272765 0.189011 0.328075 0.378447 -0.004930 -0.005872 -0.029600 0.999532
1706584529.371180 0.186599 0.332135 0.379710 -0.005461 -0.005966 -0.029635 0.999528
1706584529.472579 0.181451 0.337450 0.381966 -0.006083 -0.005787 -0.029653 0.999525
1706584529.572416 0.190159 0.335576 0.384352 -0.005126 -0.005883 -0.029765 0.999526
1706584529.672256 0.195416 0.335122 0.384583 -0.005094 -0.005917 -0.029689 0.999529
1706584529.772820 0.203348 0.334344 0.383022 -0.005772 -0.005797 -0.029799 0.999522
1706584529.871961 0.186011 0.334714 0.383832 -0.004379 -0.005903 -0.029577 0.999535
1706584529.972565 0.183910 0.331811 0.382390 -0.004788 -0.006026 -0.029533 0.999534
1706584530.072416 0.187994 0.329412 0.377424 -0.005972 -0.005962 -0.029568 0.999527
1706584530.172246 0.196192 0.328065 0.377544 -0.005314 -0.005942 -0.029697 0.999527
1706584530.272884 0.207010 0.327432 0.380127 -0.006060 -0.005855 -0.029760 0.999522
1706584530.372730 0.213052 0.329037 0.381199 -0.005031 -0.005875 -0.029855 0.999524
1706584530.472579 0.215642 0.327512 0.381750 -0.005966 -0.005736 -0.029606 0.999527
1706584530.572192 0.215013 0.325374 0.382196 -0.004359 -0.006009 -0.029747 0.999530
1706584530.670743 0.212972 0.326639 0.379960 -0.005425 -0.005858 -0.029627 0.999529
1706584530.772883 0.222192 0.321872 0.379363 -0.004453 -0.006129 -0.029625 0.999532
1706584530.872731 0.227476 0.317387 0.375694 -0.005558 -0.006143 -0.029441 0.999532
1706584530.972577 0.236435 0.317030 0.377720 -0.004647 -0.006071 -0.029758 0.999528
1706584531.072410 0.242004 0.316496 0.381484 -0.004817 -0.005951 -0.029566 0.999534
1706584531.172245 0.258208 0.314035 0.383073 -0.005205 -0.005815 -0.029662 0.999530
1706584531.272878 0.260631 0.313095 0.386933 -0.005247 -0.005671 -0.029732 0.999528
1706584531.372720 0.251790 0.315868 0.384097 -0.005414 -0.005895 -0.029704 0.999527
1706584531.472559 0.242185 0.316370 0.381727 -0.005685 -0.005724 -0.029697 0.999526
1706584531.572400 0.234649 0.318765 0.381490 -0.005217 -0.005884 -0.029573 0.999532
1706584531.672232 0.225112 0.323281 0.382021 -0.005466 -0.005883 -0.029684 0.999527
1706584531.772861 0.211754 0.326745 0.380629 -0.004739 -0.006009 -0.029722 0.999529
1706584531.871748 0.197929 0.331849 0.378551 -0.006133 -0.005847 -0.029509 0.999529
1706584531.970349 0.192927 0.329035 0.378420 -0.004589 -0.006028 -0.029515 0.999536
1706584532.068969 0.202241 0.327605 0.381465 -0.005070 -0.005786 -0.029629 0.999531
1706584532.172623 0.214697 0.322017 0.384749 -0.005063 -0.005839 -0.029556 0.999533
1706584532.272459 0.236929 0.318708 0.385259 -0.005108 -0.005749 -0.029650 0.999531
1706584532.372302 0.244518 0.317899 0.383742 -0.005602 -0.005762 -0.029711 0.999526
1706584532.472536 0.248668 0.317112 0.381787 -0.005622 -0.005895 -0.029632 0.999528
1706584532.572384 0.236647 0.321608 0.380289 -0.005638 -0.005957 -0.029771 0.999523
1706584532.672215 0.230101 0.321779 0.378624 -0.005676 -0.005902 -0.029664 0.999526
1706584532.772841 0.223836 0.323533 0.378900 -0.004700 -0.006003 -0.029721 0.999529
1706584532.872689 0.224811 0.321321 0.377328 -0.005742 -0.005955 -0.029630 0.999527
1706584532.972520 0.223881 0.320755 0.378011 -0.005215 -0.006041 -0.029665 0.999528
1706584533.072370 0.212588 0.322107 0.377448 -0.005834 -0.005966 -0.029522 0.999529
1706584533.171357 0.204419 0.326683 0.379669 -0.004971 -0.005967 -0.029654 0.999530
1706584533.269980 0.194242 0.328603 0.380819 -0.004503 -0.006027 -0.029464 0.999538
1706584533.368611 0.207593 0.324589 0.381606 -0.004602 -0.006015 -0.029438 0.999538
1706584533.472911 0.207098 0.324297 0.382014 -0.005493 -0.005885 -0.029512 0.999532
1706584533.572738 0.209847 0.329960 0.383102 -0.006037 -0.005658 -0.029797 0.999522
1706584533.672586 0.214615 0.325169 0.379243 -0.005210 -0.006060 -0.029698 0.999527
1706584533.772420 0.211091 0.326957 0.378011 -0.006064 -0.005854 -0.029779 0.999521
1706584533.872278 0.209969 0.325870 0.380294 -0.005227 -0.005874 -0.029558 0.999532
1706584533.972919 0.206281 0.327404 0.380219 -0.005064 -0.005989 -0.029700 0.999528
1706584534.072759 0.200965 0.326992 0.381039 -0.004948 -0.005857 -0.029611 0.999532
1706584534.172612 0.203942 0.329657 0.379495 -0.004926 -0.006115 -0.029642 0.999530
1706584534.272442 0.191240 0.332237 0.378023 -0.005863 -0.005993 -0.029664 0.999525
1706584534.372270 0.198832 0.329281 0.381243 -0.004038 -0.006128 -0.029582 0.999535
1706584534.471014 0.190869 0.330749 0.375753 -0.005882 -0.006204 -0.029703 0.999522
1706584534.569663 0.182089 0.331229 0.376284 -0.005180 -0.006113 -0.029549 0.999531
1706584534.672595 0.187048 0.329127 0.378117 -0.004305 -0.006140 -0.029481 0.999537
1706584534.772437 0.199116 0.328810 0.377442 -0.005892 -0.006102 -0.029797 0.999520
1706584534.872277 0.220796 0.323999 0.379537 -0.005298 -0.006341 -0.029912 0.999518
1706584534.972925 0.240063 0.322898 0.380842 -0.005872 -0.006131 -0.030602 0.999496
1706584535.072775 0.254720 0.315079 0.382278 -0.003839 -0.006876 -0.031098 0.999485
1706584535.172614 0.274272 0.310717 0.386303 -0.004873 -0.005164 -0.031416 0.999481
1706584535.272461 0.299373 0.301974 0.384056 -0.001299 -0.004616 -0.032655 0.999455
1706584535.371716 0.337100 0.293505 0.385992 0.000493 -0.002695 -0.034546 0.999399
1706584535.472538 0.374319 0.296867 0.384758 -0.001685 -0.003351 -0.038367 0.999257
1706584535.572381 0.411389 0.299600 0.380378 -0.004501 -0.002176 -0.041567 0.999123
1706584535.671993 0.446001 0.287358 0.377793 -0.002168 -0.000872 -0.044700 0.998998
1706584535.770652 0.481316 0.285107 0.380683 -0.002142 0.000081 -0.048189 0.998836
1706584535.869320 0.518313 0.277640 0.378732 -0.002985 -0.000392 -0.050904 0.998699
1706584535.972526 0.558492 0.267675 0.376298 0.000178 -0.000199 -0.053975 0.998542
1706584536.072359 0.598497 0.268001 0.373752 -0.001963 -0.000207 -0.056585 0.998396
1706584536.172593 0.650781 0.261167 0.373592 -0.003071 0.001155 -0.059004 0.998252
1706584536.272436 0.687186 0.252633 0.376037 -0.001994 0.001413 -0.061185 0.998123
1706584536.372277 0.728030 0.246395 0.378809 -0.002658 -0.000116 -0.063697 0.997966
1706584536.472920 0.765100 0.239373 0.383561 -0.003189 -0.000944 -0.066485 0.997782
1706584536.572532 0.803443 0.231471 0.386611 -0.003427 -0.001091 -0.069310 0.997589
1706584536.671115 0.834300 0.222323 0.387088 -0.001206 -0.003256 -0.072920 0.997332
1706584536.772409 0.885640 0.211070 0.384538 -0.000527 -0.004935 -0.075784 0.997112
1706584536.872263 0.931366 0.201836 0.382835 -0.000481 -0.009656 -0.079197 0.996812
1706584536.971728 0.985227 0.191441 0.381734 -0.000018 -0.010709 -0.082329 0.996548
1706584537.070410 1.044672 0.181756 0.385035 -0.002018 -0.010312 -0.085154 0.996312
1706584537.169098 1.096171 0.164953 0.380170 -0.000048 -0.011947 -0.088286 0.996023
1706584537.272400 1.151417 0.154381 0.378874 -0.001700 -0.014117 -0.091850 0.995671
1706584537.372249 1.215641 0.150523 0.383722 -0.004016 -0.013684 -0.095466 0.995331
1706584537.472893 1.280892 0.133895 0.384204 -0.006758 -0.011633 -0.098097 0.995086
1706584537.572715 1.345642 0.113768 0.387185 -0.003026 -0.009512 -0.100234 0.994914
1706584537.672566 1.421695 0.094455 0.387968 -0.001887 -0.005367 -0.102307 0.994737
1706584537.772403 1.492413 0.083074 0.386366 -0.005158 -0.001667 -0.105983 0.994353
1706584537.871798 1.538953 0.067038 0.389310 -0.003720 -0.006996 -0.111128 0.993775
1706584537.970360 1.580572 0.047075 0.386395 -0.002852 -0.009627 -0.115140 0.993299
1706584538.072712 1.633744 0.034047 0.384753 -0.001341 -0.009016 -0.118518 0.992910
1706584538.172544 1.690205 0.032577 0.383559 -0.007640 -0.004256 -0.121667 0.992532
1706584538.271393 1.751333 0.019615 0.383471 -0.009104 -0.002006 -0.125795 0.992012
1706584538.370086 1.805468 0.002995 0.385885 -0.011167 -0.000800 -0.130150 0.991431
1706584538.472865 1.865500 -0.011515 0.384605 -0.014279 -0.004605 -0.135193 0.990706
1706584538.572690 1.913305 -0.015350 0.383517 -0.018228 -0.009428 -0.141175 0.989772
1706584538.672528 1.973039 -0.023647 0.382997 -0.024804 -0.009351 -0.143913 0.989235
1706584538.772366 2.027671 -0.055248 0.388300 -0.017524 -0.003968 -0.145822 0.989148
1706584538.872592 2.067864 -0.096180 0.392819 -0.005610 -0.004140 -0.148528 0.988884
1706584538.972439 2.135792 -0.123743 0.389298 -0.003134 -0.000574 -0.151702 0.988421
1706584539.072273 2.203479 -0.140777 0.387823 -0.005629 -0.001902 -0.156239 0.987701
1706584539.171130 2.264556 -0.152263 0.381811 -0.006778 0.001310 -0.158847 0.987279
1706584539.269800 2.325075 -0.168763 0.384379 -0.006929 0.003036 -0.159593 0.987154
1706584539.372604 2.381637 -0.188927 0.388135 -0.006632 0.005962 -0.159120 0.987219
1706584539.472332 2.437756 -0.215360 0.386379 -0.003647 0.009117 -0.158333 0.987337
1706584539.571028 2.492745 -0.241521 0.392353 -0.002248 0.009501 -0.158357 0.987334
1706584539.669745 2.546214 -0.261907 0.385072 -0.003217 0.008152 -0.157825 0.987428
1706584539.772759 2.597839 -0.284847 0.383992 -0.000879 0.008415 -0.156690 0.987612
1706584539.872592 2.646011 -0.306229 0.381051 -0.000719 0.006004 -0.153384 0.988148
1706584539.972438 2.711874 -0.326156 0.381126 0.001704 0.011300 -0.148999 0.988771
1706584540.072277 2.765197 -0.337432 0.377926 0.003583 0.007981 -0.145362 0.989340
1706584540.172922 2.825586 -0.346898 0.376989 0.001673 0.010741 -0.141282 0.989910
1706584540.272767 2.880157 -0.348767 0.374610 -0.002815 0.010255 -0.137934 0.990384
1706584540.372408 2.934822 -0.357626 0.367866 -0.005975 0.010584 -0.133971 0.990911
1706584540.471115 2.994576 -0.366652 0.368741 -0.007610 0.008633 -0.130176 0.991424
1706584540.569853 3.056954 -0.383305 0.366726 -0.008744 0.008166 -0.127411 0.991778
1706584540.672924 3.106375 -0.397839 0.363372 -0.007809 0.006667 -0.126287 0.991941
1706584540.772062 3.148802 -0.407127 0.366264 -0.006790 0.007245 -0.125019 0.992105
1706584540.870777 3.198305 -0.420656 0.365917 -0.008834 0.006704 -0.124052 0.992214
1706584540.969562 3.244353 -0.433216 0.367692 -0.007072 0.004023 -0.123435 0.992319
1706584541.072281 3.308357 -0.436944 0.363913 -0.012964 0.003269 -0.122817 0.992339
1706584541.172928 3.373478 -0.454473 0.365078 -0.009792 0.001280 -0.121774 0.992509
1706584541.272762 3.423034 -0.467018 0.362354 -0.011376 0.000046 -0.121788 0.992491
1706584541.372604 3.489439 -0.480474 0.355561 -0.015283 0.000430 -0.120807 0.992558
1706584541.472441 3.555609 -0.497178 0.356838 -0.012327 0.002584 -0.119102 0.992802
1706584541.572279 3.635233 -0.514647 0.350873 -0.014091 0.005692 -0.118736 0.992810
1706584541.672305 3.709817 -0.523695 0.353377 -0.016131 0.006167 -0.118238 0.992835
1706584541.771030 3.796767 -0.538881 0.353439 -0.017053 0.008207 -0.117288 0.992918
1706584541.872615 3.866060 -0.558484 0.356013 -0.015547 0.008602 -0.115350 0.993166
1706584541.972451 3.932531 -0.572328 0.360265 -0.014389 0.007218 -0.114259 0.993321
1706584542.071814 3.990163 -0.582811 0.359406 -0.016992 0.006184 -0.112595 0.993476
1706584542.170586 4.061112 -0.601784 0.363208 -0.013650 0.003479 -0.110434 0.993784
1706584542.269410 4.123579 -0.612931 0.358181 -0.017457 -0.000792 -0.109521 0.993831
1706584542.372608 4.200076 -0.623654 0.352657 -0.020213 -0.001907 -0.107989 0.993945
1706584542.472453 4.275249 -0.647028 0.348914 -0.015743 -0.004624 -0.105778 0.994254
1706584542.572293 4.352702 -0.664631 0.349384 -0.015290 -0.004672 -0.103323 0.994519
1706584542.672533 4.434228 -0.671779 0.353718 -0.016966 -0.001483 -0.100156 0.994826
1706584542.772377 4.518839 -0.683839 0.355109 -0.017197 0.001920 -0.096719 0.995161
1706584542.872212 4.592429 -0.700823 0.355280 -0.016828 0.003268 -0.095747 0.995258
1706584542.972357 4.672748 -0.705362 0.354591 -0.019893 0.006001 -0.093807 0.995374
1706584543.072696 4.748146 -0.714359 0.354982 -0.020115 0.005363 -0.090628 0.995667
1706584543.172559 4.821398 -0.729995 0.357749 -0.015662 0.006052 -0.088094 0.995971
1706584543.272404 4.909184 -0.744269 0.349828 -0.018573 0.005837 -0.084253 0.996254
1706584543.371586 4.992489 -0.752751 0.342853 -0.019244 0.007521 -0.081902 0.996426
1706584543.470359 5.071057 -0.758217 0.343139 -0.021339 0.008163 -0.080542 0.996489
1706584543.569186 5.145976 -0.767635 0.346472 -0.021940 0.007919 -0.079010 0.996601
1706584543.672543 5.241382 -0.790736 0.338954 -0.020086 0.010263 -0.077411 0.996744
1706584543.772391 5.340837 -0.810873 0.338190 -0.019927 0.011773 -0.076306 0.996816
1706584543.872228 5.443325 -0.829526 0.339406 -0.018613 0.013449 -0.075472 0.996883
1706584543.972874 5.534948 -0.837077 0.339015 -0.017563 0.012406 -0.073027 0.997098
1706584544.072713 5.619354 -0.841065 0.335758 -0.020781 0.009307 -0.072661 0.997097
1706584544.172560 5.706416 -0.845165 0.327791 -0.025032 0.011306 -0.072168 0.997014
1706584544.272403 5.792166 -0.876219 0.333219 -0.017618 0.008360 -0.072219 0.997198
1706584544.372228 5.876302 -0.892500 0.332130 -0.017114 0.008984 -0.073269 0.997125
1706584544.472874 5.961168 -0.910632 0.328069 -0.016051 0.006849 -0.073786 0.997121
1706584544.572625 6.044161 -0.921068 0.324303 -0.016808 0.005573 -0.074843 0.997038
1706584544.671348 6.121874 -0.928518 0.321946 -0.016766 0.005929 -0.075273 0.997004
1706584544.770163 6.200668 -0.947908 0.323947 -0.017256 0.002390 -0.078539 0.996759
1706584544.869174 6.270293 -0.973496 0.327892 -0.012929 -0.004022 -0.082598 0.996491
1706584544.972882 6.341089 -0.988988 0.329541 -0.014110 -0.005960 -0.089102 0.995905
1706584545.072726 6.419562 -1.005354 0.329962 -0.015937 -0.009360 -0.093691 0.995430
1706584545.172562 6.500229 -1.025448 0.331992 -0.014799 -0.011608 -0.098477 0.994962
1706584545.272409 6.573331 -1.036254 0.326853 -0.020717 -0.013951 -0.103669 0.994298
1706584545.372247 6.647536 -1.056801 0.329437 -0.019756 -0.014591 -0.107234 0.993930
1706584545.472899 6.743195 -1.081322 0.332345 -0.016065 -0.012545 -0.111081 0.993602
1706584545.571978 6.827297 -1.105590 0.330211 -0.015671 -0.011304 -0.114867 0.993193
1706584545.672572 6.928951 -1.128330 0.330806 -0.015013 -0.006607 -0.118852 0.992776
1706584545.772418 7.031896 -1.160010 0.332086 -0.011754 -0.005460 -0.122698 0.992359
1706584545.872249 7.121186 -1.186519 0.332090 -0.014079 -0.003232 -0.126280 0.991889
1706584545.971353 7.206008 -1.215873 0.336110 -0.011081 -0.000413 -0.129074 0.991573
1706584546.070303 7.283461 -1.239032 0.335228 -0.011337 -0.002599 -0.131026 0.991311
1706584546.172556 7.374579 -1.265155 0.330737 -0.012723 0.002264 -0.131766 0.991197
1706584546.272406 7.455927 -1.291083 0.330618 -0.015393 -0.000788 -0.131278 0.991226
1706584546.372242 7.534175 -1.311518 0.335353 -0.012599 -0.001512 -0.131823 0.991192
1706584546.472872 7.615392 -1.331170 0.333354 -0.014295 -0.002600 -0.129695 0.991448
1706584546.572715 7.696156 -1.352246 0.336830 -0.012936 -0.005219 -0.127762 0.991707
1706584546.672550 7.781289 -1.365896 0.337463 -0.013504 -0.004706 -0.127308 0.991760
1706584546.772267 7.864667 -1.389269 0.336119 -0.013502 -0.008412 -0.124900 0.992042
1706584546.870285 7.953352 -1.422341 0.336146 -0.008287 -0.007939 -0.125524 0.992024
1706584546.972869 8.041990 -1.439368 0.332254 -0.010807 -0.005642 -0.124420 0.992155
1706584547.072706 8.128263 -1.455827 0.335449 -0.012407 -0.004947 -0.124130 0.992176
1706584547.172422 8.231953 -1.480604 0.339893 -0.012265 -0.001408 -0.121888 0.992467
1706584547.271329 8.308478 -1.507285 0.338604 -0.009768 -0.002079 -0.121060 0.992595
1706584547.370379 8.386822 -1.533040 0.340204 -0.007459 -0.005264 -0.121036 0.992606
1706584547.472873 8.465368 -1.549210 0.335253 -0.011139 -0.003834 -0.120673 0.992622
1706584547.572719 8.544342 -1.569929 0.334528 -0.011893 -0.005359 -0.121191 0.992543
1706584547.672549 8.630965 -1.591808 0.338144 -0.009932 -0.006535 -0.120799 0.992606
1706584547.772391 8.720427 -1.612288 0.334985 -0.009581 -0.007998 -0.121345 0.992532
1706584547.872242 8.802508 -1.631263 0.335069 -0.010347 -0.005441 -0.120271 0.992672
1706584547.972879 8.893647 -1.662420 0.334651 -0.005645 -0.002802 -0.118757 0.992903
1706584548.071234 8.965071 -1.679198 0.334665 -0.005828 -0.003211 -0.118295 0.992956
1706584548.172548 9.051640 -1.684131 0.341177 -0.013850 -0.006561 -0.118098 0.992884
1706584548.272385 9.133285 -1.703672 0.340518 -0.012749 -0.007408 -0.115310 0.993220
1706584548.372219 9.214075 -1.730313 0.342251 -0.009517 -0.011320 -0.111926 0.993606
1706584548.472560 9.308685 -1.750151 0.345665 -0.009638 -0.015248 -0.109071 0.993870
1706584548.571608 9.373817 -1.761573 0.345016 -0.012351 -0.017949 -0.104736 0.994261
1706584548.672556 9.455257 -1.772269 0.347863 -0.013776 -0.014815 -0.102887 0.994487
1706584548.772409 9.537399 -1.783336 0.349047 -0.016834 -0.013149 -0.101268 0.994630
1706584548.872249 9.621918 -1.798834 0.344385 -0.015759 -0.012933 -0.097155 0.995060
1706584548.972899 9.700909 -1.811987 0.345912 -0.013202 -0.008972 -0.093345 0.995506
1706584549.072745 9.774078 -1.836153 0.354224 -0.008777 -0.010240 -0.087693 0.996056
1706584549.172567 9.856036 -1.846105 0.357611 -0.007830 -0.008511 -0.083320 0.996456
1706584549.272392 9.938017 -1.847351 0.353214 -0.011783 -0.008567 -0.078940 0.996773
1706584549.370874 10.018130 -1.861588 0.357263 -0.011574 -0.008580 -0.074012 0.997153
1706584549.472905 10.104604 -1.871138 0.359487 -0.011239 -0.009209 -0.068961 0.997514
1706584549.572740 10.192579 -1.878750 0.360136 -0.012761 -0.008537 -0.065047 0.997764
1706584549.672573 10.276649 -1.893338 0.357945 -0.011263 -0.006379 -0.062231 0.997978
1706584549.772410 10.368359 -1.916037 0.358629 -0.006892 -0.008055 -0.060481 0.998113
1706584549.871820 10.458231 -1.930137 0.355487 -0.003890 -0.003086 -0.058468 0.998277
1706584549.972871 10.545810 -1.937015 0.353886 -0.003778 -0.004435 -0.055318 0.998452
1706584550.072701 10.653254 -1.952726 0.350797 -0.003265 0.006095 -0.052520 0.998596
1706584550.172533 10.743060 -1.954198 0.358127 -0.003920 0.005804 -0.048455 0.998801
1706584550.272367 10.825471 -1.956161 0.353083 -0.006845 0.006247 -0.045458 0.998923
1706584550.372603 10.915466 -1.978477 0.355286 -0.003074 0.006443 -0.042242 0.999082
1706584550.472449 10.993093 -1.984432 0.352312 -0.000913 0.005092 -0.039608 0.999202
1706584550.571674 11.070349 -1.980845 0.354856 -0.003080 0.006974 -0.036961 0.999288
1706584550.670310 11.138068 -1.980594 0.352963 -0.006587 0.001120 -0.033786 0.999407
1706584550.772370 11.229221 -1.981705 0.359219 -0.003920 -0.001281 -0.031148 0.999506
1706584550.872611 11.299592 -1.981015 0.349609 -0.007250 -0.001179 -0.028400 0.999570
1706584550.972466 11.394832 -1.992611 0.348484 -0.002802 0.001703 -0.025985 0.999657
1706584551.071610 11.491551 -1.995601 0.347448 -0.002791 0.002607 -0.025633 0.999664
1706584551.172539 11.575624 -2.006385 0.341601 0.002004 0.001754 -0.026230 0.999652
1706584551.272377 11.661718 -2.019955 0.336489 0.001913 0.002371 -0.026217 0.999652
1706584551.372218 11.754913 -2.021065 0.339847 0.001393 0.002075 -0.026565 0.999644
1706584551.472863 11.829462 -2.023585 0.342751 -0.000848 0.001888 -0.025538 0.999672
1706584551.572716 11.912599 -2.040190 0.343896 0.004210 0.001495 -0.025407 0.999667
1706584551.672556 12.003950 -2.049754 0.339355 0.004352 -0.000226 -0.025824 0.999657
1706584551.772399 12.086819 -2.072342 0.335134 0.004760 0.000190 -0.025038 0.999675
1706584551.871346 12.169467 -2.074737 0.331422 0.005575 0.000493 -0.027359 0.999610
1706584551.969923 12.269489 -2.074748 0.330359 0.002002 0.004496 -0.029421 0.999555
1706584552.072726 12.368758 -2.072224 0.326698 -0.000905 0.008042 -0.032338 0.999444
1706584552.172578 12.471370 -2.063693 0.331102 -0.000187 0.011118 -0.033963 0.999361
1706584552.272378 12.578239 -2.061317 0.329750 -0.004289 0.012972 -0.035936 0.999261
1706584552.371015 12.670397 -2.074945 0.327361 -0.002597 0.013727 -0.037467 0.999200
1706584552.472916 12.764153 -2.097584 0.328615 0.000002 0.010268 -0.039535 0.999165
1706584552.572745 12.852301 -2.110857 0.327364 0.001323 0.000072 -0.041027 0.999157
1706584552.672592 12.943054 -2.112501 0.318373 -0.004227 -0.000185 -0.044524 0.998999
1706584552.772444 13.029176 -2.117072 0.317297 -0.004577 -0.005406 -0.047103 0.998865
1706584552.872290 13.113895 -2.120737 0.321458 -0.004324 -0.005463 -0.049495 0.998750
1706584552.972931 13.205556 -2.137107 0.320455 -0.005367 -0.010342 -0.052356 0.998561
1706584553.072447 13.289995 -2.155999 0.317813 -0.000675 -0.006404 -0.055888 0.998416
1706584553.171030 13.399080 -2.178715 0.319428 0.001388 0.000350 -0.061974 0.998077
1706584553.269612 13.485718 -2.185470 0.313290 -0.005420 0.003818 -0.067807 0.997676
1706584553.372310 13.580536 -2.202321 0.313601 -0.003464 0.003403 -0.073669 0.997271
1706584553.472536 13.672206 -2.223403 0.319729 -0.000171 0.002398 -0.079804 0.996808
1706584553.572234 13.767159 -2.250476 0.314319 -0.001419 0.001081 -0.085375 0.996347
1706584553.670947 13.849778 -2.276664 0.308740 0.001443 -0.003050 -0.090848 0.995859
1706584553.772854 13.948181 -2.293285 0.306418 -0.002167 -0.004982 -0.097534 0.995217
1706584553.872679 14.044537 -2.310425 0.307968 -0.003006 -0.007539 -0.104297 0.994513
1706584553.972520 14.147966 -2.333617 0.307264 -0.004420 -0.002887 -0.110121 0.993904
1706584554.072366 14.226364 -2.354415 0.314590 -0.005033 -0.006294 -0.112848 0.993580
1706584554.172593 14.253891 -2.371805 0.326928 -0.003680 -0.024087 -0.118822 0.992617
1706584554.272435 14.309136 -2.383699 0.319396 -0.005707 -0.033456 -0.123215 0.991799
1706584554.372277 14.399247 -2.398279 0.314372 -0.008999 -0.030028 -0.126987 0.991409
1706584554.470906 14.483523 -2.422269 0.312316 -0.008426 -0.029291 -0.129371 0.991128
1706584554.569495 14.578151 -2.456688 0.312794 -0.007266 -0.025488 -0.131814 0.990920
1706584554.672607 14.674823 -2.483705 0.317677 -0.009455 -0.023728 -0.136087 0.990368
1706584554.772443 14.780178 -2.499832 0.327798 -0.008376 -0.012504 -0.137886 0.990334
1706584554.872290 14.881636 -2.528912 0.334410 -0.007717 0.007174 -0.144396 0.989464
1706584554.972925 14.965905 -2.549780 0.332959 -0.011206 0.007392 -0.146603 0.989104
1706584555.072764 15.055937 -2.572509 0.328565 -0.015506 0.011031 -0.148426 0.988740
1706584555.172598 15.141323 -2.598455 0.330491 -0.013011 0.010838 -0.146175 0.989114
1706584555.272435 15.234635 -2.628866 0.317824 -0.013822 0.012021 -0.143748 0.989445
1706584555.372288 15.312843 -2.653256 0.317318 -0.011912 0.009520 -0.140154 0.990012
1706584555.472924 15.397275 -2.678194 0.318629 -0.013345 0.007414 -0.136047 0.990585
1706584555.572777 15.464357 -2.694425 0.311810 -0.015330 0.003625 -0.129061 0.991512
1706584555.671691 15.534071 -2.701761 0.309226 -0.017405 -0.000231 -0.122515 0.992314
1706584555.770423 15.597010 -2.709030 0.316205 -0.018234 -0.007533 -0.116839 0.992955
1706584555.869094 15.666705 -2.722857 0.314570 -0.015552 -0.009035 -0.114218 0.993293
1706584555.972929 15.747117 -2.751289 0.310574 -0.011843 -0.005768 -0.115156 0.993260
1706584556.072777 15.837108 -2.769578 0.299627 -0.010385 0.007684 -0.116360 0.993123
1706584556.171855 15.934626 -2.784175 0.293633 -0.011818 0.014548 -0.113762 0.993331
1706584556.272434 16.008266 -2.795180 0.291706 -0.014869 0.016365 -0.111753 0.993490
1706584556.372286 16.082721 -2.801714 0.299371 -0.021821 0.012379 -0.111228 0.993478
1706584556.472915 16.164190 -2.829702 0.312443 -0.018756 0.017374 -0.113656 0.993191
1706584556.572752 16.264946 -2.843759 0.306187 -0.020641 0.025179 -0.112609 0.993106
1706584556.672590 16.373676 -2.872085 0.297042 -0.017210 0.030090 -0.107702 0.993579
1706584556.772428 16.465310 -2.895664 0.289160 -0.013439 0.027851 -0.102969 0.994204
1706584556.872266 16.578923 -2.903497 0.279159 -0.017718 0.034277 -0.099871 0.994252
1706584556.971030 16.692019 -2.934370 0.270513 -0.014981 0.047150 -0.090287 0.994686
1706584557.069689 16.772550 -2.980325 0.272372 -0.000500 0.043999 -0.087594 0.995184
1706584557.168506 16.831937 -3.017815 0.269305 0.014155 0.031855 -0.083646 0.995886
1706584557.272415 16.879298 -3.016193 0.273601 0.007911 0.017966 -0.074013 0.997064
1706584557.372257 16.940052 -2.969781 0.256768 -0.016107 0.002673 -0.069541 0.997446
1706584557.471080 17.004913 -2.932946 0.230637 -0.040965 0.004085 -0.066820 0.996915
1706584557.572735 17.096927 -2.940644 0.227030 -0.039916 0.017248 -0.066957 0.996808
1706584557.672572 17.160014 -2.973695 0.231335 -0.027515 0.013885 -0.063437 0.997510
1706584557.772407 17.228777 -3.003028 0.236538 -0.014730 0.012491 -0.061664 0.997910
1706584557.872234 17.307390 -2.995849 0.235843 -0.016689 0.022007 -0.066776 0.997386
1706584557.972870 17.391901 -2.962293 0.239447 -0.034778 0.030234 -0.064398 0.996860
1706584558.072707 17.453115 -2.923359 0.228382 -0.057871 0.022170 -0.062061 0.996147
1706584558.172289 17.527836 -2.930260 0.221817 -0.057176 0.021403 -0.056778 0.996518
1706584558.270980 17.591224 -2.973376 0.219257 -0.043695 0.014861 -0.055406 0.997397
1706584558.369784 17.650133 -3.045159 0.215276 -0.016207 0.003481 -0.050768 0.998573
1706584558.472860 17.731077 -3.087228 0.221649 -0.000490 0.011447 -0.048549 0.998755
1706584558.572715 17.804696 -3.098708 0.224180 0.000792 0.009636 -0.048139 0.998794
1706584558.671949 17.870423 -3.070202 0.220592 -0.016953 0.005087 -0.050909 0.998546
1706584558.770668 17.954261 -3.058019 0.218825 -0.025603 0.004927 -0.050537 0.998382
1706584558.869454 18.037339 -3.069141 0.218216 -0.027804 0.004122 -0.054107 0.998139
1706584558.972870 18.132714 -3.093525 0.219190 -0.022060 0.003994 -0.059321 0.997987
1706584559.072729 18.209799 -3.104850 0.215385 -0.022306 -0.001679 -0.064299 0.997680
1706584559.172565 18.293978 -3.114439 0.209021 -0.027059 -0.002935 -0.068491 0.997280
1706584559.272409 18.374326 -3.129419 0.207401 -0.029057 -0.004903 -0.074799 0.996763
1706584559.372242 18.464368 -3.162129 0.207197 -0.023235 -0.006231 -0.081382 0.996393
1706584559.472173 18.544992 -3.175719 0.212568 -0.023163 -0.007466 -0.088949 0.995739
1706584559.570908 18.624490 -3.180839 0.220140 -0.025693 -0.010135 -0.095736 0.995023
1706584559.669611 18.711591 -3.195616 0.216874 -0.030217 -0.004590 -0.100958 0.994421
1706584559.772412 18.810789 -3.214836 0.215599 -0.030298 -0.003238 -0.108726 0.993605
1706584559.872251 18.911615 -3.232547 0.214638 -0.038030 -0.000307 -0.117567 0.992336
1706584559.972221 19.000204 -3.268571 0.211506 -0.034850 0.001721 -0.124196 0.991644
1706584560.071223 19.082104 -3.298193 0.214125 -0.032623 0.005268 -0.132014 0.990697
1706584560.172579 19.166122 -3.324810 0.207743 -0.032195 0.004588 -0.138950 0.989765
1706584560.272403 19.254005 -3.337404 0.203066 -0.039583 0.005070 -0.147257 0.988293
1706584560.372250 19.329623 -3.347083 0.200491 -0.051222 0.003925 -0.155317 0.986528
1706584560.472877 19.405268 -3.373034 0.202647 -0.049692 0.003848 -0.159480 0.985942
1706584560.572715 19.482006 -3.417221 0.202888 -0.046184 0.000066 -0.165206 0.985177
1706584560.672574 19.558222 -3.452135 0.210114 -0.044182 -0.002604 -0.169034 0.984616
1706584560.771809 19.645933 -3.485590 0.211474 -0.044482 0.002544 -0.172509 0.984000
1706584560.870550 19.708257 -3.509927 0.216056 -0.043800 -0.000531 -0.176487 0.983328
1706584560.969311 19.774523 -3.561920 0.224685 -0.037827 -0.000147 -0.179374 0.983053
1706584561.072731 19.864140 -3.597715 0.226823 -0.034310 0.002647 -0.182287 0.982643
1706584561.172566 19.962599 -3.631870 0.217554 -0.031172 0.005748 -0.182638 0.982669
1706584561.272403 20.035453 -3.664946 0.217786 -0.030601 0.003329 -0.182466 0.982730
1706584561.372246 20.097812 -3.699804 0.210161 -0.030325 -0.002249 -0.184579 0.982347
1706584561.472890 20.167512 -3.727806 0.213829 -0.032884 -0.003701 -0.183949 0.982379
1706584561.572732 20.233118 -3.764091 0.212130 -0.030012 -0.004848 -0.184675 0.982329
1706584561.672570 20.305549 -3.812087 0.216812 -0.019356 -0.002316 -0.184558 0.982628
1706584561.772407 20.382750 -3.840127 0.217682 -0.020922 -0.004352 -0.186228 0.982274
1706584561.871969 20.462528 -3.845016 0.215138 -0.030636 -0.005627 -0.188018 0.981671
1706584561.972862 20.550875 -3.886372 0.219697 -0.032229 0.003198 -0.189990 0.981252
1706584562.071575 20.620754 -3.934017 0.213713 -0.025671 0.001401 -0.197275 0.980011
1706584562.170327 20.686956 -3.973435 0.220610 -0.024374 0.003342 -0.200188 0.979449
1706584562.269102 20.742151 -4.012512 0.215334 -0.017490 0.005093 -0.201739 0.979270
1706584562.372254 20.786769 -4.042474 0.219970 -0.010364 -0.000460 -0.203212 0.979080
1706584562.472900 20.849947 -4.057171 0.217546 -0.016435 -0.002113 -0.205435 0.978530
1706584562.572735 20.925434 -4.073557 0.222095 -0.020856 -0.002659 -0.202185 0.979122
1706584562.672575 20.996122 -4.110151 0.220724 -0.016079 -0.004074 -0.195921 0.980479
1706584562.772408 21.059321 -4.140734 0.221898 -0.016210 -0.007687 -0.189730 0.981672
1706584562.872245 21.147153 -4.161100 0.215498 -0.015985 -0.003267 -0.186271 0.982363
1706584562.972882 21.247229 -4.191262 0.211931 -0.015219 0.002587 -0.179656 0.983608
1706584563.072506 21.334527 -4.226650 0.209953 -0.012720 0.006426 -0.173798 0.984678
1706584563.172548 21.430972 -4.256897 0.212899 -0.014933 0.013371 -0.168053 0.985574
1706584563.272379 21.528175 -4.288328 0.208862 -0.013205 0.015523 -0.160125 0.986886
1706584563.371327 21.615279 -4.312549 0.206974 -0.014883 0.017465 -0.155702 0.987538
1706584563.470147 21.702058 -4.341249 0.207654 -0.011140 0.013942 -0.150584 0.988436
1706584563.572669 21.784446 -4.372634 0.203961 -0.013676 0.004736 -0.144516 0.989397
1706584563.672514 21.872943 -4.400351 0.204818 -0.010934 0.002408 -0.138362 0.990318
1706584563.772352 21.953760 -4.422151 0.201249 -0.009151 0.001262 -0.136861 0.990547
1706584563.872600 22.040579 -4.445898 0.195634 -0.009437 0.004414 -0.137089 0.990504
1706584563.972451 22.123520 -4.461073 0.194108 -0.012195 0.004082 -0.136670 0.990533
1706584564.072279 22.187972 -4.484492 0.188374 -0.014617 0.003908 -0.137147 0.990435
1706584564.172913 22.262201 -4.522703 0.188599 -0.006879 0.005110 -0.138474 0.990329
1706584564.272740 22.333284 -4.548531 0.186589 -0.004820 0.008294 -0.139800 0.990133
1706584564.372568 22.414321 -4.562283 0.185932 -0.007675 0.008249 -0.138839 0.990251
1706584564.472408 22.484057 -4.587738 0.183166 -0.003762 0.003335 -0.136722 0.990597
1706584564.572261 22.556535 -4.610015 0.179391 -0.001862 0.001200 -0.134160 0.990957
1706584564.671308 22.634989 -4.611670 0.182850 -0.009324 0.001496 -0.131784 0.991234
1706584564.770153 22.717606 -4.618733 0.181100 -0.014412 0.000358 -0.124269 0.992144
1706584564.872571 22.805127 -4.645214 0.175504 -0.008677 -0.000736 -0.117110 0.993081
1706584564.972405 22.880299 -4.672809 0.172973 -0.008511 -0.006355 -0.112479 0.993597
1706584565.072249 22.967504 -4.688205 0.175996 -0.007058 -0.008491 -0.110347 0.993832
1706584565.172873 23.059067 -4.701072 0.173008 -0.008609 -0.006218 -0.108154 0.994077
1706584565.272722 23.158653 -4.712280 0.173494 -0.015529 0.001183 -0.107777 0.994053
1706584565.372566 23.241675 -4.728787 0.174490 -0.017742 -0.000522 -0.106190 0.994187
1706584565.472412 23.335622 -4.743822 0.176351 -0.017934 0.003095 -0.104554 0.994353
1706584565.572246 23.438803 -4.774693 0.180144 -0.011696 0.010816 -0.105575 0.994284
1706584565.672894 23.533601 -4.796017 0.170793 -0.010964 0.014686 -0.107397 0.994047
1706584565.772733 23.630627 -4.813424 0.166081 -0.011152 0.020680 -0.111683 0.993466
1706584565.872152 23.723140 -4.813196 0.154590 -0.024291 0.025669 -0.115745 0.992650
1706584565.970934 23.812101 -4.834399 0.150925 -0.027291 0.030164 -0.118669 0.992100
1706584566.069870 23.893095 -4.858918 0.147179 -0.024809 0.028062 -0.123765 0.991604
1706584566.172900 23.950482 -4.898791 0.164864 -0.010550 0.012741 -0.130027 0.991372
1706584566.272735 24.014790 -4.927689 0.161610 -0.015310 0.001347 -0.137579 0.990372
1706584566.372573 24.097809 -4.945758 0.158051 -0.018038 0.000241 -0.143072 0.989548
1706584566.472410 24.178158 -4.937732 0.143014 -0.042955 -0.004559 -0.152313 0.987388
1706584566.572246 24.263839 -4.928644 0.136054 -0.062038 -0.003297 -0.160252 0.985119
1706584566.672908 24.361942 -4.948143 0.137494 -0.066059 0.003986 -0.169652 0.983280
1706584566.772721 24.443364 -4.996425 0.142523 -0.055802 0.008141 -0.175584 0.982848
1706584566.872574 24.493826 -5.070694 0.151763 -0.033008 0.010971 -0.179100 0.983216
1706584566.972414 24.549403 -5.120569 0.158439 -0.018094 0.012984 -0.182471 0.982959
1706584567.072244 24.628290 -5.156978 0.151758 -0.016962 0.012730 -0.188795 0.981787
1706584567.172152 24.688642 -5.174518 0.138046 -0.028260 0.009659 -0.195107 0.980327
1706584567.271042 24.776831 -5.219869 0.135595 -0.028156 0.012075 -0.200700 0.979174
1706584567.370060 24.858579 -5.264459 0.128274 -0.028356 0.010589 -0.202083 0.978900
1706584567.472407 24.945770 -5.312059 0.125385 -0.026209 0.011230 -0.200270 0.979326
1706584567.572263 25.033546 -5.336536 0.127727 -0.025213 0.017585 -0.197229 0.979875
1706584567.672889 25.122666 -5.359106 0.127682 -0.025846 0.019582 -0.187865 0.981659
1706584567.772741 25.219609 -5.388956 0.127210 -0.026589 0.027078 -0.179718 0.982986
1706584567.872583 25.313851 -5.409154 0.124165 -0.025859 0.027646 -0.173294 0.984142
1706584567.972157 25.403113 -5.442694 0.136429 -0.023736 0.030067 -0.168014 0.985040
1706584568.070716 25.462390 -5.476216 0.133301 -0.018135 0.019834 -0.166194 0.985727
1706584568.172911 25.529253 -5.499075 0.129002 -0.018565 0.017653 -0.166658 0.985682
1706584568.272758 25.597040 -5.508764 0.113069 -0.028099 0.012825 -0.170909 0.984802
1706584568.372596 25.671414 -5.524142 0.112385 -0.043701 0.008913 -0.175863 0.983404
1706584568.472109 25.728635 -5.546344 0.111416 -0.045287 0.006423 -0.181084 0.982403
1706584568.571152 25.789136 -5.586953 0.117664 -0.040933 0.000412 -0.185616 0.981769
1706584568.672923 25.835920 -5.623772 0.105420 -0.033642 -0.003159 -0.186561 0.981862
1706584568.772774 25.888969 -5.673120 0.121059 -0.017458 -0.003499 -0.185819 0.982423
1706584568.872627 25.946900 -5.705740 0.120561 -0.015383 -0.008278 -0.187464 0.982116
1706584568.972453 26.032375 -5.729400 0.116290 -0.017278 -0.007141 -0.189968 0.981612
1706584569.072294 26.118436 -5.756888 0.110900 -0.019462 -0.003776 -0.193168 0.980965
1706584569.172525 26.209546 -5.800526 0.110437 -0.016641 0.003306 -0.195597 0.980538
1706584569.271823 26.295707 -5.842478 0.112105 -0.015036 0.007034 -0.195052 0.980652
1706584569.370316 26.372761 -5.880990 0.110155 -0.009520 0.009124 -0.190269 0.981644
1706584569.468889 26.434852 -5.920549 0.113536 -0.000460 0.010903 -0.183224 0.983011
1706584569.572675 26.509805 -5.944212 0.106729 -0.000455 0.013567 -0.176013 0.984294
1706584569.672510 26.583886 -5.965887 0.111592 -0.004812 0.009143 -0.168301 0.985681
1706584569.772343 26.647441 -5.985788 0.095728 -0.003984 0.004421 -0.159439 0.987190
1706584569.871691 26.702321 -6.010622 0.088972 -0.001269 0.002782 -0.151095 0.988514
1706584569.972431 26.769461 -6.040681 0.091956 0.006416 0.000055 -0.144814 0.989438
1706584570.072269 26.840262 -6.059869 0.093499 0.006773 0.002825 -0.141065 0.989973
1706584570.172902 26.908095 -6.067482 0.093255 0.004735 0.000479 -0.139416 0.990222
1706584570.272735 26.984118 -6.093447 0.095878 0.004192 0.001545 -0.135972 0.990703
1706584570.372566 27.057455 -6.106056 0.091619 0.004019 0.004589 -0.130716 0.991401
1706584570.472402 27.149998 -6.119067 0.082987 0.004409 0.008201 -0.124493 0.992177
1706584570.571349 27.224755 -6.124916 0.076858 -0.001216 0.008063 -0.116813 0.993120
1706584570.669897 27.312010 -6.130080 0.075127 0.002196 0.011919 -0.111099 0.993735
1706584570.772695 27.404561 -6.157188 0.071275 0.004097 0.016367 -0.105549 0.994271
1706584570.872534 27.480707 -6.178021 0.074794 0.008477 0.014370 -0.098757 0.994972
1706584570.972382 27.561517 -6.206707 0.074226 0.011379 0.014526 -0.093123 0.995484
1706584571.071636 27.620145 -6.220908 0.075610 0.013312 0.013201 -0.086496 0.996076
1706584571.172859 27.690795 -6.228419 0.071907 0.011669 0.012265 -0.083509 0.996363
1706584571.272707 27.778110 -6.224230 0.069288 0.001397 0.010855 -0.078149 0.996882
1706584571.372544 27.858987 -6.223406 0.069178 -0.000947 0.006809 -0.071790 0.997396
1706584571.472389 27.945002 -6.222947 0.077844 -0.001666 0.003782 -0.066211 0.997797
1706584571.572235 28.020309 -6.222036 0.070207 -0.003131 0.001541 -0.059648 0.998213
1706584571.672873 28.109229 -6.218696 0.055083 -0.010660 0.003088 -0.052988 0.998533
1706584571.772455 28.188984 -6.236639 0.082099 -0.004785 0.004270 -0.045049 0.998964
1706584571.871012 28.271428 -6.234483 0.070815 -0.008869 0.007236 -0.036704 0.999261
1706584571.969641 28.354989 -6.240465 0.063343 -0.002167 0.006903 -0.029649 0.999534
1706584572.072592 28.437008 -6.234945 0.054146 -0.007499 0.005797 -0.021483 0.999724
1706584572.172422 28.539122 -6.224182 0.047489 -0.017129 0.008059 -0.019004 0.999640
1706584572.271633 28.625836 -6.209441 0.047234 -0.025899 0.010338 -0.020488 0.999401
1706584572.370304 28.707541 -6.213369 0.037072 -0.027815 0.010473 -0.026090 0.999218
1706584572.472719 28.795473 -6.242117 0.030739 -0.019716 0.008602 -0.037341 0.999071
1706584572.572567 28.869263 -6.250323 0.026726 -0.019694 0.009491 -0.049700 0.998525
1706584572.672412 28.936799 -6.263438 0.026526 -0.019635 0.007896 -0.062561 0.997817
1706584572.772256 29.003779 -6.277736 0.031410 -0.019966 0.007846 -0.073439 0.997069
1706584572.872889 29.070593 -6.291507 0.038908 -0.017748 0.003252 -0.082545 0.996424
1706584572.972729 29.142368 -6.306320 0.036591 -0.021668 0.002709 -0.088199 0.995864
1706584573.072077 29.222870 -6.324711 0.038392 -0.022735 -0.001281 -0.093853 0.995326
1706584573.170660 29.318002 -6.344656 0.033765 -0.022571 -0.000700 -0.099428 0.994788
1706584573.269302 29.405193 -6.356265 0.040243 -0.024902 -0.001336 -0.105559 0.994100
1706584573.372918 29.497049 -6.369416 0.037662 -0.028665 -0.000322 -0.110856 0.993423
1706584573.472754 29.577354 -6.395742 0.036396 -0.023442 -0.000022 -0.116674 0.992894
1706584573.571998 29.672343 -6.415689 0.037999 -0.022902 0.001793 -0.123595 0.992067
1706584573.670776 29.754391 -6.442722 0.039317 -0.021634 -0.001602 -0.132139 0.990994
1706584573.772311 29.809513 -6.481112 0.038442 -0.021058 -0.009237 -0.140831 0.989767
1706584573.872559 29.870414 -6.515569 0.038925 -0.020284 -0.008445 -0.148572 0.988658
1706584573.972397 29.929907 -6.539286 0.039309 -0.022355 -0.010729 -0.156624 0.987347
1706584574.072231 29.997533 -6.565010 0.041802 -0.024417 -0.013363 -0.161880 0.986418
1706584574.172858 30.077462 -6.598108 0.045119 -0.027951 -0.010985 -0.168104 0.985312
1706584574.272689 30.154581 -6.633099 0.039769 -0.026033 -0.011005 -0.172457 0.984612
1706584574.371691 30.238245 -6.691623 0.042273 -0.015330 -0.004475 -0.176639 0.984146
1706584574.470332 30.314037 -6.755164 0.048137 0.000420 -0.005613 -0.179441 0.983753
1706584574.568952 30.404336 -6.800535 0.045683 0.003961 -0.003233 -0.186237 0.982492
1706584574.672863 30.501506 -6.827533 0.045189 -0.002055 -0.000973 -0.191944 0.981403
1706584574.772694 30.602013 -6.848390 0.046933 -0.008456 0.002980 -0.199089 0.979940
1706584574.872540 30.707743 -6.875467 0.038792 -0.016688 0.008423 -0.204684 0.978650
1706584574.972378 30.797271 -6.920007 0.046102 -0.013234 0.012348 -0.206648 0.978248
1706584575.072225 30.880903 -6.984426 0.039216 -0.008210 0.013804 -0.209834 0.977605
1706584575.172820 30.987330 -7.026559 0.032233 -0.011788 0.014319 -0.209878 0.977552
1706584575.272663 31.078786 -7.062738 0.030008 -0.006205 0.015584 -0.206237 0.978358
1706584575.372534 31.167367 -7.100690 0.024904 -0.007200 0.015163 -0.204117 0.978802
1706584575.472371 31.242842 -7.145122 0.017698 -0.004096 0.011316 -0.200608 0.979598
1706584575.572213 31.309924 -7.189029 0.018380 0.000582 0.006877 -0.197394 0.980300
1706584575.671220 31.379992 -7.230776 0.020791 0.007166 0.005895 -0.196721 0.980416
1706584575.769866 31.447589 -7.250117 0.026642 -0.002078 0.005938 -0.197069 0.980370
1706584575.868582 31.496385 -7.255091 0.027886 -0.007304 0.001986 -0.195057 0.980763
1706584575.972366 31.549516 -7.281396 0.018709 -0.006254 -0.000265 -0.192085 0.981358
1706584576.072597 31.591173 -7.307648 0.014698 0.000735 -0.007226 -0.188224 0.982099
1706584576.172453 31.645832 -7.328395 0.008083 -0.000593 -0.006902 -0.184576 0.982794
1706584576.272272 31.701686 -7.340613 0.013205 -0.001372 -0.010183 -0.181143 0.983403
1706584576.372914 31.767697 -7.369010 0.013719 0.002169 -0.010734 -0.179541 0.983689
1706584576.472740 31.835563 -7.384110 0.018142 -0.002875 -0.012904 -0.176258 0.984255
1706584576.571889 31.924051 -7.413229 0.021768 -0.006940 -0.010823 -0.175425 0.984409
1706584576.672404 32.006572 -7.436893 0.027580 -0.006527 -0.011344 -0.170903 0.985201
1706584576.772247 32.094745 -7.472167 0.035417 -0.000187 -0.009368 -0.169117 0.985551
1706584576.872392 32.173922 -7.501694 0.035635 -0.000360 -0.010962 -0.166071 0.986053
1706584576.971089 32.250647 -7.520387 0.031087 -0.004812 -0.012103 -0.164975 0.986212
1706584577.069728 32.341913 -7.541055 0.037111 -0.006038 -0.011530 -0.163047 0.986532
1706584577.172415 32.430264 -7.577916 0.033820 -0.009052 -0.010936 -0.159320 0.987125
1706584577.272253 32.527077 -7.615274 0.036127 -0.006956 -0.009199 -0.158558 0.987282
1706584577.372883 32.603892 -7.648520 0.036287 -0.003299 -0.006351 -0.157916 0.987427
1706584577.472727 32.670850 -7.686770 0.042149 0.001987 -0.008650 -0.158187 0.987369
1706584577.572557 32.733275 -7.714324 0.042314 0.006835 -0.007894 -0.158739 0.987265
1706584577.672389 32.807931 -7.737958 0.044000 0.006761 -0.011877 -0.160011 0.987021
1706584577.772231 32.883961 -7.759081 0.046040 0.004766 -0.012964 -0.161314 0.986806
1706584577.872859 32.947095 -7.776699 0.040904 0.001129 -0.014967 -0.162195 0.986645
1706584577.972704 33.017920 -7.803317 0.041265 0.005052 -0.014371 -0.161417 0.986769
1706584578.072553 33.075111 -7.828878 0.045475 0.007010 -0.017447 -0.160751 0.986816
1706584578.172092 33.148737 -7.850157 0.054983 0.008219 -0.015524 -0.159315 0.987071
1706584578.270787 33.211812 -7.874630 0.057604 0.010170 -0.016445 -0.157343 0.987355
1706584578.369449 33.298782 -7.914544 0.056118 0.011505 -0.013345 -0.156446 0.987529
1706584578.472736 33.373380 -7.948834 0.056217 0.016459 -0.013141 -0.156225 0.987497
1706584578.572568 33.452509 -7.975904 0.055581 0.014831 -0.013767 -0.152861 0.988041
1706584578.672419 33.524868 -8.010786 0.060214 0.015972 -0.016454 -0.146896 0.988886
1706584578.772262 33.603332 -8.042866 0.063202 0.016109 -0.015820 -0.143366 0.989412
1706584578.872909 33.684871 -8.071689 0.056083 0.021210 -0.012173 -0.140874 0.989725
1706584578.972743 33.779689 -8.103088 0.058492 0.027949 -0.007617 -0.137025 0.990144
1706584579.072582 33.868996 -8.131305 0.062376 0.034897 -0.003983 -0.132827 0.990517
1706584579.172424 33.962428 -8.154197 0.059331 0.033925 -0.000364 -0.127927 0.991203
1706584579.272257 34.028481 -8.170704 0.059699 0.036412 -0.005498 -0.121708 0.991883
1706584579.372863 34.103015 -8.167908 0.070280 0.032061 -0.003233 -0.117493 0.992551
1706584579.471693 34.171975 -8.166463 0.074650 0.027253 -0.002564 -0.110184 0.993534
1706584579.570436 34.234900 -8.188790 0.071969 0.033008 -0.003968 -0.100089 0.994423
1706584579.669222 34.277793 -8.219919 0.074962 0.043527 -0.006622 -0.090863 0.994890
1706584579.772246 34.360892 -8.248833 0.064535 0.049041 -0.007622 -0.082136 0.995385
1706584579.872885 34.443317 -8.251177 0.070501 0.045139 -0.004101 -0.075826 0.996090
1706584579.972543 34.530327 -8.249967 0.070993 0.040386 0.003864 -0.071356 0.996625
1706584580.072561 34.609765 -8.242246 0.058749 0.031686 0.002139 -0.063720 0.997462
1706584580.172421 34.693171 -8.221313 0.064086 0.021471 0.001979 -0.056514 0.998169
1706584580.272268 34.774339 -8.227147 0.060911 0.022094 0.000274 -0.048456 0.998581
1706584580.372907 34.863435 -8.232718 0.059400 0.017877 -0.003044 -0.042623 0.998927
1706584580.472739 34.960658 -8.220600 0.066840 0.015765 -0.006047 -0.035664 0.999221
1706584580.572585 35.035587 -8.225496 0.062057 0.011664 -0.011423 -0.029245 0.999439
1706584580.672421 35.135925 -8.229085 0.062908 0.010715 -0.009647 -0.026747 0.999538
1706584580.771563 35.213899 -8.221291 0.061465 0.006465 -0.011060 -0.027365 0.999543
1706584580.870265 35.285695 -8.205590 0.073751 -0.000626 -0.009816 -0.031321 0.999461
1706584580.969003 35.371220 -8.209121 0.062683 -0.004035 -0.004980 -0.033656 0.999413
1706584581.072592 35.470441 -8.226179 0.065633 0.002881 -0.001894 -0.038935 0.999236
1706584581.172433 35.551916 -8.224310 0.063522 -0.000919 -0.000044 -0.042885 0.999080
1706584581.271548 35.638836 -8.234411 0.062497 -0.001213 0.001077 -0.048274 0.998833
1706584581.372907 35.704748 -8.243393 0.071136 0.003562 -0.004298 -0.053775 0.998537
1706584581.472744 35.767718 -8.232946 0.065216 -0.006736 -0.003284 -0.060341 0.998150
1706584581.572484 35.842112 -8.236096 0.060790 -0.013440 -0.002897 -0.066618 0.997684
1706584581.672407 35.899191 -8.248980 0.058618 -0.011884 -0.008583 -0.071898 0.997304
1706584581.772238 35.974451 -8.270687 0.057506 -0.012560 -0.010198 -0.078520 0.996781
1706584581.872852 36.048696 -8.283572 0.055537 -0.018010 -0.008552 -0.085180 0.996166
1706584581.972486 36.131710 -8.305862 0.064211 -0.013137 -0.004588 -0.087782 0.996042
1706584582.071203 36.220244 -8.339885 0.058244 -0.010078 -0.001970 -0.092577 0.995653
1706584582.169973 36.286746 -8.363864 0.054537 -0.004926 -0.004213 -0.098313 0.995134
1706584582.268763 36.368609 -8.390086 0.061605 -0.006604 -0.001969 -0.101041 0.994858
1706584582.372881 36.443549 -8.409710 0.071978 -0.001260 -0.005353 -0.099031 0.995069
1706584582.472723 36.484428 -8.420865 0.074477 -0.000119 -0.021761 -0.096440 0.995101
1706584582.572028 36.532208 -8.416702 0.093036 -0.007172 -0.030156 -0.098417 0.994662
1706584582.672405 36.638538 -8.433137 0.093388 -0.007385 -0.010989 -0.108049 0.994057
1706584582.772258 36.717051 -8.451641 0.102475 -0.010528 -0.006483 -0.110537 0.993795
1706584582.872031 36.804598 -8.469655 0.080973 -0.009883 -0.012206 -0.111514 0.993639
1706584582.972775 36.889830 -8.495936 0.072704 -0.011396 -0.009242 -0.112301 0.993566
1706584583.072605 36.983266 -8.504958 0.067701 -0.015050 -0.003296 -0.115346 0.993206
1706584583.172456 37.079822 -8.516100 0.076108 -0.014594 0.011368 -0.116663 0.992999
1706584583.272169 37.163639 -8.521720 0.076218 -0.021484 0.001581 -0.116837 0.992917
1706584583.371103 37.224093 -8.536539 0.067446 -0.032031 -0.014252 -0.113157 0.992958
1706584583.469786 37.317490 -8.557695 0.076712 -0.027069 -0.007384 -0.110578 0.993471
1706584583.572585 37.398573 -8.580623 0.086001 -0.020166 -0.009526 -0.108695 0.993825
1706584583.672420 37.484514 -8.596392 0.092984 -0.021190 -0.010244 -0.106614 0.994022
1706584583.772258 37.554411 -8.602298 0.096992 -0.022950 -0.009876 -0.103462 0.994320
1706584583.872898 37.633412 -8.618535 0.080345 -0.021707 -0.010847 -0.100744 0.994616
1706584583.972728 37.704706 -8.636547 0.085761 -0.017953 -0.015487 -0.099275 0.994777
1706584584.072584 37.787850 -8.649853 0.093197 -0.024214 -0.008126 -0.098218 0.994837
1706584584.172160 37.858711 -8.667359 0.096093 -0.024726 -0.012807 -0.094691 0.995117
1706584584.272069 37.937379 -8.682067 0.094928 -0.025670 -0.013493 -0.092888 0.995254
1706584584.372896 38.027522 -8.691868 0.097089 -0.027381 -0.010424 -0.091315 0.995391
1706584584.472744 38.109524 -8.711210 0.091550 -0.024832 -0.009104 -0.088698 0.995707
1706584584.572070 38.182040 -8.736421 0.086203 -0.020763 -0.007059 -0.087405 0.995931
1706584584.670843 38.253154 -8.749170 0.093824 -0.019271 -0.005122 -0.085091 0.996174
1706584584.769683 38.325352 -8.760546 0.100558 -0.021173 -0.005531 -0.083603 0.996259
1706584584.872906 38.411587 -8.767998 0.098362 -0.024080 -0.003969 -0.084192 0.996151
1706584584.972734 38.487895 -8.773809 0.093390 -0.021670 -0.000334 -0.083892 0.996239
1706584585.072583 38.554877 -8.775016 0.099204 -0.023867 -0.000353 -0.082996 0.996264
1706584585.172416 38.628290 -8.794652 0.105772 -0.021107 -0.000080 -0.081647 0.996438
1706584585.272251 38.701234 -8.818028 0.111704 -0.017584 -0.003170 -0.082531 0.996428
1706584585.372893 38.773169 -8.830027 0.108889 -0.017879 -0.006947 -0.082983 0.996366
1706584585.472014 38.839885 -8.840232 0.102699 -0.019201 -0.007661 -0.084351 0.996222
1706584585.570174 38.912112 -8.849039 0.113423 -0.021473 -0.007158 -0.086099 0.996029
1706584585.672410 38.969564 -8.855712 0.115151 -0.024061 -0.009850 -0.086887 0.995879
1706584585.772251 39.039650 -8.868133 0.107632 -0.027339 -0.012964 -0.090198 0.995464
1706584585.871939 39.105160 -8.875583 0.116308 -0.031619 -0.014232 -0.094905 0.994882
1706584585.970775 39.171164 -8.884051 0.116267 -0.035594 -0.015045 -0.099423 0.994295
1706584586.069247 39.256836 -8.899669 0.114672 -0.035426 -0.011398 -0.101411 0.994148
1706584586.172402 39.335077 -8.935637 0.126186 -0.024819 -0.012717 -0.106534 0.993918
1706584586.272246 39.412193 -8.963040 0.125817 -0.021860 -0.015712 -0.111356 0.993416
1706584586.372890 39.518424 -8.982147 0.122184 -0.020739 -0.011062 -0.117803 0.992759
1706584586.472738 39.609199 -9.001880 0.120215 -0.027744 -0.011174 -0.122211 0.992053
1706584586.572586 39.688267 -9.025511 0.119846 -0.026435 -0.012297 -0.126725 0.991509
1706584586.672430 39.778188 -9.051763 0.130991 -0.024507 -0.011739 -0.132246 0.990844
1706584586.771246 39.855536 -9.071653 0.122499 -0.032059 -0.012781 -0.136337 0.990061
1706584586.869550 39.919979 -9.112260 0.130711 -0.024248 -0.016367 -0.140455 0.989655
1706584586.972764 39.978590 -9.143961 0.128028 -0.021133 -0.018665 -0.145777 0.988916
1706584587.072599 40.036280 -9.158737 0.131982 -0.021353 -0.024207 -0.152289 0.987809
1706584587.171911 40.109121 -9.176755 0.137951 -0.030141 -0.021492 -0.157779 0.986780
1706584587.270819 40.186319 -9.204616 0.138595 -0.027996 -0.019615 -0.164433 0.985796
1706584587.372898 40.274941 -9.236852 0.139309 -0.030089 -0.015985 -0.170580 0.984754
1706584587.472743 40.357165 -9.272352 0.137434 -0.031592 -0.013545 -0.175255 0.983923
1706584587.572584 40.444260 -9.316834 0.143764 -0.025128 -0.011496 -0.181153 0.983067
1706584587.672426 40.518945 -9.362735 0.143919 -0.023676 -0.013790 -0.187511 0.981880
1706584587.772259 40.600906 -9.405117 0.154564 -0.019647 -0.012059 -0.193294 0.980870
1706584587.872905 40.682060 -9.446449 0.154136 -0.019723 -0.013802 -0.200171 0.979465
1706584587.971896 40.752224 -9.469095 0.154237 -0.023704 -0.017546 -0.207300 0.977833
1706584588.070525 40.820059 -9.497891 0.161915 -0.025582 -0.019669 -0.213259 0.976463
1706584588.169064 40.890613 -9.545059 0.165367 -0.020178 -0.022613 -0.216896 0.975724
1706584588.272238 40.946149 -9.592523 0.165639 -0.010880 -0.030630 -0.216066 0.975837
1706584588.372886 41.010202 -9.626487 0.175490 -0.010737 -0.032770 -0.215353 0.975927
1706584588.472110 41.076527 -9.661380 0.177653 -0.007435 -0.035316 -0.212711 0.976448
1706584588.571211 41.142750 -9.697384 0.175471 -0.006778 -0.034664 -0.212150 0.976599
1706584588.672423 41.211185 -9.720903 0.178374 -0.012595 -0.030957 -0.214827 0.976080
1706584588.772274 41.289535 -9.749012 0.192516 -0.014944 -0.028977 -0.216586 0.975719
1706584588.872919 41.374318 -9.793394 0.195153 -0.011220 -0.026974 -0.219469 0.975182
1706584588.972757 41.447404 -9.825872 0.200090 -0.012919 -0.023507 -0.219318 0.975285
1706584589.072602 41.542362 -9.857990 0.203616 -0.016266 -0.021161 -0.218032 0.975577
1706584589.172436 41.615491 -9.885016 0.208388 -0.016342 -0.021959 -0.215207 0.976185
1706584589.271525 41.675701 -9.912554 0.213440 -0.013138 -0.025335 -0.209971 0.977291
1706584589.370099 41.745476 -9.933228 0.214047 -0.015090 -0.026380 -0.202920 0.978724
1706584589.472758 41.830231 -9.965348 0.211460 -0.017493 -0.024395 -0.194487 0.980446
1706584589.572585 41.897646 -9.993741 0.222424 -0.017109 -0.025408 -0.186636 0.981952
1706584589.672432 41.963224 -10.016826 0.223372 -0.015172 -0.023978 -0.179909 0.983274
1706584589.772221 42.026767 -10.039051 0.224164 -0.017858 -0.026032 -0.172411 0.984519
1706584589.872909 42.098726 -10.055083 0.226467 -0.019664 -0.024795 -0.166162 0.985591
1706584589.972747 42.173559 -10.065713 0.225100 -0.023583 -0.023729 -0.163913 0.985907
1706584590.072577 42.255108 -10.098697 0.232618 -0.021431 -0.021536 -0.165782 0.985694
1706584590.172422 42.329661 -10.133046 0.237159 -0.015541 -0.019923 -0.167428 0.985560
1706584590.272257 42.395770 -10.160724 0.240137 -0.014900 -0.021501 -0.166378 0.985715
1706584590.372896 42.467030 -10.173605 0.233634 -0.017087 -0.019919 -0.158136 0.987069
1706584590.472588 42.539602 -10.199172 0.242830 -0.013940 -0.016358 -0.147603 0.988813
1706584590.571141 42.598632 -10.205728 0.247320 -0.014515 -0.016494 -0.135286 0.990563
1706584590.669707 42.656382 -10.214162 0.245617 -0.014893 -0.013622 -0.124558 0.992007
1706584590.772245 42.703621 -10.214267 0.252972 -0.015390 -0.014568 -0.112584 0.993416
1706584590.872882 42.743097 -10.209023 0.255687 -0.019655 -0.013294 -0.103717 0.994324
1706584590.972719 42.775144 -10.220531 0.259071 -0.017044 -0.015440 -0.095882 0.995127
1706584591.071343 42.805478 -10.235407 0.263165 -0.015198 -0.013526 -0.092031 0.995548
1706584591.172406 42.838426 -10.238409 0.275198 -0.015103 -0.013724 -0.091358 0.995609
1706584591.272243 42.874446 -10.242801 0.274433 -0.015532 -0.016218 -0.092937 0.995419
1706584591.372876 42.926039 -10.251135 0.273043 -0.018621 -0.015311 -0.094707 0.995213
1706584591.472711 42.981118 -10.263017 0.258106 -0.020214 -0.016178 -0.095997 0.995045
1706584591.572559 43.050723 -10.279231 0.263094 -0.018463 -0.016429 -0.095816 0.995092
1706584591.672391 43.132018 -10.293468 0.261853 -0.019640 -0.016669 -0.097842 0.994869
1706584591.772213 43.216355 -10.318597 0.266299 -0.018305 -0.018679 -0.101549 0.994487
1706584591.870759 43.299171 -10.344114 0.266275 -0.018361 -0.017862 -0.107511 0.993874
1706584591.969398 43.390231 -10.369097 0.275407 -0.016583 -0.020232 -0.112985 0.993252
1706584592.072557 43.506517 -10.390388 0.277329 -0.018427 -0.018480 -0.119013 0.992550
1706584592.172398 43.616359 -10.416850 0.275460 -0.018642 -0.018440 -0.123005 0.992060
1706584592.272225 43.704084 -10.442818 0.278396 -0.014982 -0.016948 -0.127235 0.991615
1706584592.372866 43.779139 -10.469740 0.280259 -0.014797 -0.020820 -0.127509 0.991508
1706584592.472698 43.853535 -10.488547 0.286019 -0.014836 -0.023799 -0.127774 0.991407
1706584592.572547 43.927263 -10.508205 0.281971 -0.014724 -0.021816 -0.128239 0.991394
1706584592.672370 44.000300 -10.529467 0.286718 -0.016007 -0.020006 -0.125952 0.991705
1706584592.772610 44.081969 -10.554268 0.290250 -0.013133 -0.020094 -0.119452 0.992550
1706584592.872447 44.171968 -10.574781 0.290482 -0.010823 -0.013335 -0.114158 0.993314
1706584592.972268 44.257014 -10.591911 0.290688 -0.012949 -0.012108 -0.106209 0.994186
1706584593.071734 44.342280 -10.591707 0.298602 -0.015546 -0.006582 -0.101479 0.994694
1706584593.170331 44.427422 -10.592944 0.298118 -0.023093 -0.002895 -0.096099 0.995100
1706584593.268977 44.505928 -10.605408 0.299354 -0.021847 -0.001630 -0.086841 0.995981
1706584593.372446 44.577105 -10.625594 0.299280 -0.016238 -0.003234 -0.079107 0.996729
1706584593.472275 44.654984 -10.633807 0.298779 -0.015623 -0.004660 -0.076898 0.996906
1706584593.571682 44.740757 -10.657597 0.299759 -0.012841 -0.006307 -0.077369 0.996900
1706584593.672747 44.836688 -10.687191 0.299974 -0.010987 -0.003987 -0.082445 0.996527
1706584593.772578 44.913814 -10.695709 0.302359 -0.015258 -0.003304 -0.087208 0.996068
1706584593.872412 44.994293 -10.703255 0.303496 -0.017404 -0.002011 -0.090248 0.995765
1706584593.972249 45.063124 -10.712639 0.298469 -0.018312 -0.006066 -0.093045 0.995475
1706584594.072891 45.136700 -10.724402 0.298412 -0.017374 -0.004419 -0.094199 0.995392
1706584594.172721 45.214873 -10.744608 0.297752 -0.017452 -0.001187 -0.091721 0.995631
1706584594.272569 45.274467 -10.755722 0.298288 -0.017409 -0.006353 -0.086716 0.996061
1706584594.371393 45.343681 -10.771383 0.307763 -0.015211 -0.006130 -0.083520 0.996371
1706584594.470029 45.415556 -10.782866 0.300749 -0.018370 -0.004093 -0.081462 0.996499
1706584594.572896 45.485368 -10.798142 0.302837 -0.017488 -0.004194 -0.079007 0.996712
1706584594.672743 45.560842 -10.808424 0.301156 -0.017300 -0.002426 -0.079042 0.996718
1706584594.772566 45.631896 -10.791313 0.297826 -0.024940 -0.001524 -0.078769 0.996580
1706584594.871220 45.711476 -10.812214 0.296578 -0.021721 -0.002424 -0.077591 0.996746
1706584594.969989 45.794649 -10.834058 0.302255 -0.018000 -0.002098 -0.081033 0.996547
1706584595.072882 45.884725 -10.833795 0.304093 -0.020823 0.000995 -0.083805 0.996264
1706584595.172732 45.950172 -10.841386 0.303345 -0.022929 0.001267 -0.085714 0.996055
1706584595.272567 46.016716 -10.851655 0.302348 -0.022702 -0.000212 -0.089581 0.995721
1706584595.372406 46.089055 -10.854586 0.300972 -0.029276 -0.001685 -0.092689 0.995263
1706584595.472248 46.155197 -10.875783 0.305452 -0.026594 -0.002188 -0.096216 0.995003
1706584595.572417 46.219160 -10.901185 0.316672 -0.021364 -0.008273 -0.099195 0.994804
1706584595.671059 46.287718 -10.921114 0.315375 -0.022370 -0.008545 -0.101678 0.994529
1706584595.769711 46.361751 -10.942197 0.312931 -0.021960 -0.008369 -0.104961 0.994199
1706584595.872371 46.435694 -10.966103 0.312384 -0.020433 -0.008833 -0.109903 0.993693
1706584595.972214 46.518821 -10.988713 0.313092 -0.022509 -0.009499 -0.114964 0.993069
1706584596.072556 46.596539 -10.993891 0.299082 -0.034607 -0.007793 -0.121504 0.991957
1706584596.171312 46.662343 -10.998871 0.296503 -0.040835 -0.007101 -0.127089 0.991025
1706584596.272544 46.736590 -11.023224 0.296072 -0.037173 -0.004200 -0.130234 0.990777
1706584596.372390 46.788559 -11.048698 0.294270 -0.033010 -0.007538 -0.135320 0.990223
1706584596.472224 46.873071 -11.070449 0.297886 -0.032468 -0.004977 -0.141189 0.989438
1706584596.572862 46.953645 -11.102644 0.301569 -0.031160 -0.004922 -0.145939 0.988791
1706584596.672707 47.025167 -11.141401 0.308714 -0.027027 -0.006184 -0.150405 0.988236
1706584596.772546 47.089100 -11.169551 0.308834 -0.027612 -0.011721 -0.156662 0.987197
1706584596.872061 47.151490 -11.195212 0.308034 -0.029261 -0.008869 -0.160698 0.986530
1706584596.970785 47.199718 -11.211412 0.307531 -0.033701 -0.013668 -0.165232 0.985584
1706584597.069438 47.265740 -11.227357 0.309829 -0.034557 -0.012119 -0.170485 0.984680
1706584597.172698 47.337862 -11.243416 0.318823 -0.034507 -0.012167 -0.175390 0.983819
1706584597.272541 47.399816 -11.266875 0.315952 -0.035327 -0.013757 -0.180272 0.982886
1706584597.372384 47.459214 -11.311457 0.321410 -0.029992 -0.014402 -0.183026 0.982545
1706584597.472214 47.542946 -11.349031 0.320022 -0.028204 -0.010942 -0.182163 0.982803
1706584597.572825 47.619259 -11.390999 0.311215 -0.027649 -0.008088 -0.181071 0.983048
1706584597.672673 47.703086 -11.412800 0.315321 -0.027205 -0.004979 -0.181581 0.982987
1706584597.772527 47.783546 -11.433854 0.314323 -0.030914 -0.003607 -0.182246 0.982760
1706584597.872357 47.870805 -11.454059 0.320514 -0.035052 -0.002325 -0.183460 0.982399
1706584597.972595 47.943943 -11.473265 0.318763 -0.034734 -0.003934 -0.182365 0.982609
1706584598.072420 48.003785 -11.504405 0.322912 -0.033508 -0.004418 -0.181708 0.982772
1706584598.171696 48.069299 -11.528672 0.321201 -0.037098 -0.002967 -0.182457 0.982509
1706584598.270362 48.130284 -11.562790 0.326251 -0.031111 -0.003019 -0.182162 0.982772
1706584598.369122 48.183954 -11.590033 0.326552 -0.031838 -0.007210 -0.181193 0.982906
1706584598.472556 48.257673 -11.611610 0.329649 -0.032336 -0.005942 -0.179887 0.983138
1706584598.572393 48.321802 -11.633874 0.338575 -0.031678 -0.007451 -0.176420 0.983777
1706584598.672227 48.394769 -11.667072 0.332414 -0.030038 -0.008586 -0.174497 0.984162
1706584598.772861 48.471368 -11.688158 0.327185 -0.031039 -0.004242 -0.173202 0.984388
1706584598.872707 48.553756 -11.725927 0.321982 -0.031216 -0.002762 -0.169995 0.984947
1706584598.972542 48.622148 -11.761668 0.327407 -0.024773 -0.005173 -0.166663 0.985689
1706584599.072386 48.698456 -11.782116 0.329908 -0.025790 -0.000945 -0.165765 0.985828
1706584599.172222 48.770696 -11.798094 0.330719 -0.030303 -0.003818 -0.163722 0.986034
1706584599.272868 48.845445 -11.822156 0.333326 -0.026408 -0.002876 -0.161590 0.986500
1706584599.372703 48.918264 -11.840402 0.330110 -0.030090 -0.001139 -0.158474 0.986904
1706584599.471380 48.982214 -11.875874 0.325953 -0.025136 -0.004582 -0.154390 0.987680
1706584599.570108 49.048188 -11.896202 0.322504 -0.025586 -0.006654 -0.151045 0.988173
1706584599.668825 49.122838 -11.915330 0.319529 -0.025318 -0.006786 -0.148140 0.988619
1706584599.772880 49.197118 -11.936519 0.320972 -0.025080 -0.006036 -0.145973 0.988952
1706584599.872731 49.271498 -11.958153 0.322691 -0.023130 -0.005219 -0.143690 0.989339
1706584599.972556 49.346358 -11.977896 0.323532 -0.026026 -0.006886 -0.139013 0.989924
1706584600.072416 49.420873 -11.995724 0.324015 -0.027692 -0.008662 -0.133803 0.990583
1706584600.172254 49.479542 -12.014403 0.331707 -0.024410 -0.013388 -0.128214 0.991356
1706584600.272907 49.567049 -12.034585 0.334747 -0.027358 -0.010314 -0.123746 0.991883
1706584600.372746 49.643381 -12.049765 0.336113 -0.026934 -0.011543 -0.117887 0.992595
1706584600.472575 49.723237 -12.059998 0.339007 -0.024710 -0.011707 -0.112085 0.993322
1706584600.572403 49.808095 -12.057794 0.342467 -0.028750 -0.013591 -0.108245 0.993616
1706584600.672239 49.889382 -12.060889 0.350650 -0.032586 -0.012967 -0.109315 0.993388
1706584600.771221 49.967367 -12.084694 0.351738 -0.033475 -0.013644 -0.113558 0.992873
1706584600.869936 50.045624 -12.109060 0.351541 -0.035686 -0.012778 -0.119042 0.992165
1706584600.972541 50.135088 -12.134322 0.355194 -0.035645 -0.014937 -0.124459 0.991472
1706584601.072378 50.203462 -12.159281 0.351206 -0.036872 -0.015471 -0.132174 0.990420
1706584601.172220 50.274876 -12.182441 0.351047 -0.035611 -0.017860 -0.141926 0.989075
1706584601.272873 50.368155 -12.213930 0.355654 -0.034893 -0.013880 -0.149626 0.988029
1706584601.372716 50.451863 -12.242375 0.361529 -0.036693 -0.014956 -0.158267 0.986601
1706584601.472540 50.529801 -12.283113 0.351629 -0.032437 -0.014696 -0.165756 0.985524
1706584601.572378 50.610920 -12.323006 0.350915 -0.030904 -0.014346 -0.174602 0.984049
1706584601.672210 50.699116 -12.366387 0.354432 -0.028986 -0.011977 -0.183660 0.982489
1706584601.772833 50.794206 -12.411818 0.365496 -0.025915 -0.008764 -0.192875 0.980842
1706584601.872682 50.882225 -12.451936 0.375811 -0.024330 -0.009337 -0.198558 0.979743
1706584601.972147 50.968170 -12.492653 0.377103 -0.027898 -0.007289 -0.203092 0.978735
1706584602.070898 51.054686 -12.518549 0.375757 -0.027717 -0.008527 -0.200151 0.979336
1706584602.169689 51.122904 -12.555720 0.375920 -0.026426 -0.012361 -0.192972 0.980770
1706584602.272856 51.188079 -12.588595 0.378828 -0.024628 -0.011914 -0.185552 0.982253
1706584602.372710 51.244344 -12.612347 0.372756 -0.024389 -0.014426 -0.178011 0.983620
1706584602.472543 51.311877 -12.639131 0.381995 -0.022490 -0.013476 -0.176227 0.984000
1706584602.572378 51.381341 -12.657881 0.384587 -0.027511 -0.014031 -0.172159 0.984585
1706584602.672226 51.448142 -12.683023 0.379704 -0.026302 -0.015546 -0.168064 0.985303
1706584602.772861 51.507691 -12.706940 0.382408 -0.025897 -0.017302 -0.165033 0.985796
1706584602.872698 51.594600 -12.724590 0.383277 -0.026472 -0.014922 -0.160590 0.986553
1706584602.972541 51.666182 -12.749694 0.391440 -0.026906 -0.017985 -0.155555 0.987297
1706584603.072382 51.748382 -12.772287 0.393651 -0.026961 -0.018039 -0.151331 0.987951
1706584603.172213 51.823798 -12.792085 0.390749 -0.027679 -0.017739 -0.146780 0.988623
1706584603.272000 51.919491 -12.811348 0.392054 -0.028821 -0.015572 -0.140674 0.989514
1706584603.370800 52.004344 -12.831220 0.396607 -0.026624 -0.017228 -0.132530 0.990672
1706584603.469602 52.098117 -12.849872 0.392637 -0.023984 -0.016122 -0.126747 0.991514
1706584603.572362 52.193890 -12.867210 0.390038 -0.028433 -0.015229 -0.122506 0.991944
1706584603.672606 52.296534 -12.892024 0.396152 -0.029660 -0.013446 -0.117905 0.992491
1706584603.772454 52.399100 -12.921272 0.400653 -0.024926 -0.012408 -0.115919 0.992868
1706584603.872289 52.482507 -12.946395 0.402870 -0.024911 -0.014637 -0.115304 0.992910
1706584603.972916 52.575467 -12.960533 0.401016 -0.027393 -0.014035 -0.116746 0.992685
1706584604.072752 52.665747 -12.987961 0.405476 -0.025459 -0.014108 -0.118515 0.992526
1706584604.172589 52.760502 -13.022461 0.408035 -0.024848 -0.015740 -0.122648 0.992014
1706584604.272438 52.843020 -13.041225 0.408960 -0.028008 -0.018691 -0.126333 0.991416
1706584604.372287 52.920509 -13.062751 0.408636 -0.027334 -0.018194 -0.129126 0.991084
1706584604.472918 53.010997 -13.097794 0.410183 -0.023648 -0.018655 -0.134091 0.990511
1706584604.571855 53.099962 -13.117764 0.416646 -0.025536 -0.017039 -0.139950 0.989683
1706584604.670694 53.195544 -13.149872 0.419435 -0.025804 -0.016668 -0.142880 0.989263
1706584604.769569 53.285417 -13.175937 0.426900 -0.026570 -0.015842 -0.148035 0.988498
1706584604.872279 53.377534 -13.203397 0.434833 -0.029360 -0.013568 -0.154649 0.987440
1706584604.972913 53.466056 -13.229447 0.432790 -0.033608 -0.013687 -0.159107 0.986594
1706584605.072742 53.563518 -13.261481 0.443562 -0.031693 -0.011527 -0.161971 0.986219
1706584605.172592 53.665657 -13.300451 0.447870 -0.031841 -0.009920 -0.161698 0.986277
1706584605.272422 53.777129 -13.328994 0.451412 -0.036081 -0.012189 -0.159284 0.986498
1706584605.372248 53.869724 -13.354681 0.454344 -0.034674 -0.015989 -0.155198 0.987145
1706584605.472889 53.958212 -13.374559 0.450424 -0.035499 -0.016871 -0.151957 0.987605
1706584605.572739 54.055590 -13.399960 0.453378 -0.038414 -0.016380 -0.150936 0.987661
1706584605.672584 54.163662 -13.431299 0.444932 -0.039728 -0.015713 -0.150543 0.987680
1706584605.772424 54.253338 -13.450742 0.445116 -0.042458 -0.018191 -0.149329 0.987708
1706584605.871743 54.337988 -13.478693 0.455499 -0.040442 -0.017289 -0.146810 0.988186
1706584605.970630 54.409380 -13.504642 0.463880 -0.037569 -0.018630 -0.146212 0.988364
1706584606.072757 54.492064 -13.521361 0.464797 -0.041507 -0.022868 -0.144457 0.988376
1706584606.172598 54.568898 -13.552554 0.469836 -0.037984 -0.025623 -0.139208 0.989203
1706584606.272441 54.639660 -13.594783 0.477801 -0.030817 -0.029481 -0.134647 0.989975
1706584606.372280 54.725919 -13.625257 0.478226 -0.032245 -0.030413 -0.133050 0.990118
1706584606.472924 54.808933 -13.631182 0.481079 -0.039714 -0.032080 -0.131566 0.989992
1706584606.572768 54.893584 -13.655183 0.484184 -0.035861 -0.028384 -0.126805 0.990873
1706584606.672613 54.977473 -13.673683 0.490071 -0.033766 -0.028659 -0.122995 0.991419
1706584606.772432 55.068569 -13.693544 0.488794 -0.033834 -0.026820 -0.119226 0.991928
1706584606.872265 55.145954 -13.708176 0.492882 -0.036944 -0.025358 -0.116976 0.992123
1706584606.972901 55.231111 -13.723424 0.493825 -0.040782 -0.022864 -0.113758 0.992408
1706584607.072740 55.317106 -13.756561 0.498172 -0.035829 -0.019684 -0.109016 0.993199
1706584607.171784 55.404623 -13.788594 0.500112 -0.028084 -0.020274 -0.104945 0.993875
1706584607.270700 55.504728 -13.796841 0.504791 -0.030038 -0.017123 -0.102889 0.994092
1706584607.372260 55.603095 -13.805561 0.496476 -0.035128 -0.015502 -0.098627 0.994383
1706584607.472889 55.705897 -13.827197 0.505410 -0.033887 -0.011495 -0.094493 0.994882
1706584607.572720 55.807744 -13.852963 0.507991 -0.028688 -0.004811 -0.090760 0.995448
1706584607.672567 55.898836 -13.872122 0.507241 -0.025434 -0.002384 -0.087042 0.995877
1706584607.772406 56.004468 -13.880352 0.506778 -0.029634 0.000587 -0.085195 0.995923
1706584607.872242 56.100295 -13.896716 0.505737 -0.026977 0.003601 -0.083553 0.996132
1706584607.971700 56.199012 -13.914976 0.497739 -0.023391 0.006346 -0.080678 0.996446
1706584608.072717 56.290067 -13.925637 0.500353 -0.025252 0.007902 -0.078407 0.996570
1706584608.172569 56.389712 -13.943819 0.505797 -0.023837 0.008923 -0.074618 0.996887
1706584608.272406 56.475672 -13.963212 0.511614 -0.020270 0.008547 -0.071371 0.997207
1706584608.372252 56.550772 -13.975291 0.510910 -0.020677 0.008691 -0.066653 0.997524
1706584608.471304 56.630343 -13.997527 0.516197 -0.016773 0.008592 -0.062326 0.997878
1706584608.569758 56.709965 -14.023231 0.518483 -0.011593 0.007165 -0.059792 0.998118
1706584608.672521 56.792747 -14.014167 0.507656 -0.015581 0.003875 -0.057030 0.998243
1706584608.772372 56.865443 -14.013552 0.496600 -0.019670 0.000374 -0.055031 0.998291
1706584608.872212 56.941273 -14.014801 0.496664 -0.021555 -0.001026 -0.050308 0.998501
1706584608.972843 57.033250 -14.034658 0.496005 -0.015816 -0.001831 -0.047636 0.998738
1706584609.072685 57.109414 -14.043959 0.498784 -0.014404 -0.003199 -0.048017 0.998738
1706584609.172538 57.186695 -14.034546 0.499055 -0.021624 -0.002271 -0.048951 0.998564
1706584609.271305 57.260939 -14.041617 0.495376 -0.022295 -0.003895 -0.045581 0.998704
1706584609.369845 57.346962 -14.047239 0.490593 -0.022325 -0.004733 -0.045259 0.998715
1706584609.472859 57.441025 -14.064192 0.493469 -0.022963 -0.006350 -0.049613 0.998484
1706584609.572692 57.522199 -14.076293 0.503326 -0.020297 -0.009311 -0.056228 0.998168
1706584609.672018 57.610672 -14.100272 0.511423 -0.015544 -0.011007 -0.061494 0.997926
1706584609.770629 57.705815 -14.117105 0.512812 -0.016863 -0.007521 -0.065390 0.997689
1706584609.872600 57.800529 -14.140097 0.511225 -0.014234 -0.008838 -0.071541 0.997297
1706584609.972432 57.900499 -14.158456 0.506719 -0.016800 -0.004879 -0.078337 0.996773
1706584610.072286 58.008177 -14.175716 0.498431 -0.021154 -0.001004 -0.085373 0.996124
1706584610.172921 58.111065 -14.190859 0.504638 -0.018525 -0.000144 -0.089144 0.995846
1706584610.272758 58.210123 -14.221439 0.509768 -0.010962 0.002946 -0.094100 0.995498
1706584610.372607 58.293109 -14.235441 0.504607 -0.013314 -0.002034 -0.101176 0.994777
1706584610.472173 58.388171 -14.250077 0.507534 -0.015147 -0.001342 -0.108088 0.994025
1706584610.570730 58.481295 -14.276258 0.507622 -0.019638 0.000272 -0.117336 0.992898
1706584610.672936 58.562056 -14.303302 0.502345 -0.020245 -0.002113 -0.124774 0.991976
1706584610.772791 58.638749 -14.335569 0.505479 -0.016607 -0.000521 -0.131757 0.991143
1706584610.872636 58.715642 -14.364904 0.501903 -0.018183 -0.003967 -0.137005 0.990396
1706584610.972442 58.809845 -14.388270 0.496813 -0.022367 0.001221 -0.142636 0.989522
1706584611.071065 58.883126 -14.408187 0.498450 -0.025777 -0.000391 -0.148555 0.988568
1706584611.172921 58.949586 -14.429446 0.488994 -0.032413 -0.007747 -0.153496 0.987587
1706584611.272776 59.030412 -14.462757 0.494991 -0.028423 -0.011122 -0.159801 0.986677
1706584611.372612 59.112189 -14.494836 0.493160 -0.029346 -0.013123 -0.165517 0.985683
1706584611.472452 59.186872 -14.525062 0.498241 -0.027613 -0.014514 -0.169778 0.984988
1706584611.572282 59.276311 -14.550355 0.506817 -0.031149 -0.013554 -0.171825 0.984542
1706584611.672927 59.368897 -14.570668 0.507511 -0.034681 -0.011099 -0.171033 0.984592
1706584611.771811 59.471029 -14.608149 0.506031 -0.031819 -0.006808 -0.166892 0.985438
1706584611.870348 59.573733 -14.647748 0.512402 -0.029811 -0.001072 -0.163329 0.986121
1706584611.968957 59.663026 -14.679286 0.507561 -0.027156 -0.000079 -0.157716 0.987111
1706584612.072268 59.750874 -14.726899 0.512957 -0.017913 0.000905 -0.152841 0.988088
1706584612.172901 59.819797 -14.762311 0.513353 -0.014333 0.001087 -0.150834 0.988455
1706584612.272261 59.893105 -14.785465 0.520855 -0.010426 -0.002150 -0.151096 0.988462
1706584612.372578 59.967983 -14.802652 0.521011 -0.015774 -0.001124 -0.154637 0.987845
1706584612.472430 60.046112 -14.809972 0.518041 -0.025581 -0.001988 -0.156899 0.987281
1706584612.572274 60.131058 -14.822201 0.516204 -0.033072 0.000564 -0.158946 0.986733
1706584612.672923 60.211764 -14.837295 0.517278 -0.036487 -0.002401 -0.163753 0.985824
1706584612.772766 60.285974 -14.868922 0.511503 -0.038446 -0.003845 -0.166684 0.985253
1706584612.872590 60.366251 -14.886214 0.510378 -0.041964 -0.003840 -0.171271 0.984322
1706584612.972430 60.462289 -14.922264 0.508905 -0.039546 0.001521 -0.175878 0.983616
1706584613.071344 60.534100 -14.983484 0.505921 -0.028712 0.001205 -0.181080 0.983048
1706584613.169960 60.616934 -15.045095 0.510332 -0.021337 -0.000745 -0.190430 0.981469
1706584613.272749 60.713542 -15.081533 0.508090 -0.024129 0.001698 -0.196610 0.980183
1706584613.372569 60.815335 -15.113506 0.508439 -0.028325 0.009488 -0.202693 0.978787
1706584613.472418 60.907859 -15.149512 0.520370 -0.027589 0.019093 -0.210519 0.977014
1706584613.572252 60.992962 -15.169118 0.526782 -0.033235 0.017281 -0.214950 0.975906
1706584613.672907 61.070654 -15.186190 0.526072 -0.043168 0.010963 -0.218246 0.974877
1706584613.772763 61.127944 -15.240762 0.527035 -0.034256 0.005967 -0.217550 0.975430
1706584613.872602 61.161570 -15.299654 0.528810 -0.023138 -0.011425 -0.220156 0.975123
1706584613.972458 61.195990 -15.340320 0.529333 -0.018841 -0.026592 -0.222391 0.974413
1706584614.072287 61.246782 -15.361546 0.526016 -0.023786 -0.033639 -0.225294 0.973419
1706584614.172924 61.314738 -15.373359 0.529304 -0.034315 -0.035484 -0.226798 0.972690
1706584614.272645 61.389676 -15.376928 0.529516 -0.046780 -0.037341 -0.234367 0.970304
1706584614.371249 61.471465 -15.399665 0.521774 -0.060006 -0.032796 -0.239141 0.968574
1706584614.469865 61.546759 -15.440775 0.529879 -0.055975 -0.029543 -0.244395 0.967608
1706584614.572303 61.633122 -15.496899 0.538852 -0.049205 -0.023103 -0.247631 0.967328
1706584614.672555 61.704556 -15.564979 0.552499 -0.035705 -0.019940 -0.247365 0.968059
1706584614.772389 61.780598 -15.626107 0.560678 -0.026667 -0.018809 -0.253006 0.966914
1706584614.872229 61.842040 -15.681179 0.563520 -0.026554 -0.020671 -0.259810 0.965073
1706584614.972855 61.918565 -15.715472 0.570185 -0.032542 -0.020110 -0.264780 0.963550
1706584615.072701 61.997334 -15.740778 0.576971 -0.037014 -0.016066 -0.267805 0.962628
1706584615.172551 62.065460 -15.778289 0.577030 -0.043082 -0.015475 -0.272875 0.960960
1706584615.271195 62.130952 -15.818321 0.581558 -0.042566 -0.014931 -0.277321 0.959718
1706584615.372215 62.209823 -15.867984 0.586884 -0.045920 -0.011959 -0.282805 0.958003
1706584615.472868 62.272236 -15.925981 0.579493 -0.041428 -0.009575 -0.283671 0.957978
1706584615.571995 62.331763 -15.971812 0.585785 -0.035046 -0.011022 -0.287506 0.957074
1706584615.670605 62.407492 -16.014366 0.582290 -0.042223 -0.007029 -0.295037 0.954527
1706584615.769292 62.471910 -16.043779 0.588394 -0.051226 -0.006588 -0.302108 0.951874
1706584615.867986 62.527183 -16.091920 0.592874 -0.050168 -0.008567 -0.307632 0.950143
1706584615.972871 62.600001 -16.157954 0.600507 -0.042902 -0.008342 -0.311994 0.949078
1706584616.072690 62.678237 -16.208519 0.597676 -0.037256 -0.007903 -0.316914 0.947689
1706584616.172535 62.749463 -16.251843 0.601308 -0.044132 -0.012845 -0.322180 0.945562
1706584616.272377 62.822245 -16.294154 0.606007 -0.048631 -0.010522 -0.327386 0.943580
1706584616.372212 62.892414 -16.351258 0.602793 -0.049289 -0.008163 -0.328752 0.943094
1706584616.471408 62.964676 -16.421453 0.610742 -0.045500 -0.002127 -0.332205 0.942107
1706584616.569951 63.005571 -16.489291 0.609362 -0.030097 -0.002939 -0.334012 0.942084
1706584616.668517 63.052698 -16.547341 0.624423 -0.022301 -0.009565 -0.337095 0.941158
1706584616.772384 63.109898 -16.596407 0.633255 -0.025325 -0.010865 -0.339419 0.940231
1706584616.871467 63.168412 -16.650828 0.641150 -0.018888 -0.010133 -0.340461 0.940014
1706584616.970161 63.210045 -16.708142 0.647232 -0.015526 -0.014730 -0.341462 0.939652
1706584617.068860 63.270071 -16.754145 0.639999 -0.019277 -0.016426 -0.340414 0.939934
1706584617.172559 63.320722 -16.791815 0.631881 -0.020762 -0.019209 -0.338124 0.940676
1706584617.272397 63.372462 -16.832187 0.637266 -0.022732 -0.023004 -0.333955 0.942034
1706584617.372238 63.432742 -16.866648 0.644218 -0.022589 -0.023722 -0.332406 0.942567
1706584617.472863 63.481376 -16.898315 0.647647 -0.025317 -0.022783 -0.329448 0.943559
1706584617.572702 63.525614 -16.944761 0.652526 -0.022546 -0.019149 -0.322081 0.946250
1706584617.672123 63.550010 -16.986937 0.656353 -0.019298 -0.022686 -0.319334 0.947174
1706584617.770747 63.592978 -17.026203 0.661457 -0.019398 -0.021503 -0.319085 0.947284
1706584617.869362 63.640871 -17.052929 0.662357 -0.029385 -0.025179 -0.320304 0.946524
1706584617.972846 63.697604 -17.095246 0.664946 -0.035266 -0.023120 -0.317093 0.947457
1706584618.072586 63.751055 -17.127790 0.670190 -0.038851 -0.023717 -0.319110 0.946624
1706584618.171280 63.813897 -17.170766 0.676507 -0.038320 -0.019031 -0.318513 0.946953
1706584618.269997 63.882762 -17.204162 0.681459 -0.034636 -0.020197 -0.318511 0.947071
1706584618.368814 63.950094 -17.235215 0.684992 -0.041863 -0.025810 -0.316342 0.947369
1706584618.472447 64.025891 -17.257608 0.687192 -0.049320 -0.024650 -0.310971 0.948819
1706584618.572282 64.079986 -17.288804 0.689492 -0.050490 -0.029817 -0.305096 0.950515
1706584618.672923 64.145001 -17.330966 0.701992 -0.049397 -0.025597 -0.301061 0.951980
1706584618.772760 64.204726 -17.362235 0.696936 -0.056124 -0.029693 -0.296692 0.952860
1706584618.872605 64.272862 -17.395456 0.696365 -0.058908 -0.031225 -0.293464 0.953642
1706584618.971956 64.332585 -17.432630 0.690023 -0.060197 -0.031843 -0.289146 0.954860
1706584619.070617 64.389916 -17.476159 0.694147 -0.060437 -0.031909 -0.286482 0.955645
1706584619.169269 64.447992 -17.494405 0.696094 -0.064700 -0.026760 -0.287081 0.955344
1706584619.272383 64.521278 -17.509674 0.695108 -0.079471 -0.028021 -0.282962 0.955422
1706584619.372237 64.589663 -17.535326 0.701920 -0.084910 -0.019643 -0.280559 0.955872
1706584619.471179 64.629073 -17.574722 0.708405 -0.078476 -0.019902 -0.277518 0.957303
1706584619.569895 64.690392 -17.595970 0.702289 -0.082570 -0.019452 -0.275001 0.957694
1706584619.668689 64.750337 -17.627267 0.711766 -0.078856 -0.019824 -0.270196 0.959366
1706584619.772389 64.812235 -17.658367 0.715383 -0.079009 -0.017296 -0.267973 0.960026
1706584619.872226 64.876396 -17.678268 0.723215 -0.083889 -0.018672 -0.265154 0.960368
1706584619.972865 64.931720 -17.696380 0.726693 -0.090425 -0.018754 -0.262152 0.960598
1706584620.072709 64.985108 -17.726890 0.734595 -0.087005 -0.016873 -0.258163 0.962028
1706584620.172552 65.031553 -17.769436 0.738443 -0.087390 -0.022001 -0.252482 0.963396
1706584620.272164 65.080645 -17.803002 0.740196 -0.083777 -0.023557 -0.249141 0.964549
1706584620.370789 65.136017 -17.820029 0.743175 -0.087001 -0.026480 -0.245006 0.965247
1706584620.472874 65.200896 -17.850230 0.748013 -0.084432 -0.022447 -0.241129 0.966553
1706584620.572711 65.258987 -17.868587 0.754923 -0.085169 -0.023277 -0.237821 0.967288
1706584620.672304 65.330632 -17.887520 0.758836 -0.088251 -0.019169 -0.234661 0.967873
1706584620.771038 65.384889 -17.912425 0.763015 -0.089663 -0.020031 -0.230911 0.968628
1706584620.869760 65.447438 -17.938459 0.760963 -0.094890 -0.017705 -0.228035 0.968856
1706584620.972862 65.519070 -17.967320 0.765992 -0.098962 -0.016997 -0.226800 0.968751
1706584621.072710 65.587951 -17.995753 0.767428 -0.101354 -0.015582 -0.226491 0.968600
1706584621.172542 65.644620 -18.028918 0.774209 -0.099709 -0.014197 -0.226306 0.968835
1706584621.272379 65.691854 -18.064395 0.776042 -0.095911 -0.017356 -0.225371 0.969385
1706584621.372221 65.749271 -18.094707 0.777884 -0.094056 -0.018976 -0.224740 0.969683
1706584621.472865 65.806219 -18.115174 0.785143 -0.094728 -0.018848 -0.224871 0.969590
1706584621.571835 65.861596 -18.146286 0.792899 -0.093465 -0.017731 -0.225420 0.969606
1706584621.670396 65.923700 -18.178964 0.797292 -0.093187 -0.018868 -0.226492 0.969361
1706584621.769022 65.985270 -18.211511 0.803445 -0.094350 -0.016677 -0.227033 0.969162
1706584621.872235 66.046718 -18.256984 0.808440 -0.093199 -0.015629 -0.227727 0.969129
1706584621.972040 66.123400 -18.286684 0.809524 -0.093811 -0.017160 -0.228354 0.968896
1706584622.070812 66.175493 -18.303895 0.813008 -0.095120 -0.015153 -0.229819 0.968455
1706584622.169605 66.237984 -18.327760 0.813610 -0.099516 -0.015736 -0.232352 0.967399
1706584622.272405 66.300196 -18.361614 0.822629 -0.103356 -0.013617 -0.236544 0.966012
1706584622.372254 66.367610 -18.401111 0.839286 -0.097272 -0.014183 -0.238741 0.966095
1706584622.472902 66.436442 -18.446252 0.837513 -0.093960 -0.010165 -0.242252 0.965599
1706584622.572758 66.508416 -18.473444 0.839959 -0.100525 -0.009315 -0.245494 0.964127
1706584622.672606 66.574721 -18.507188 0.846568 -0.096441 -0.009349 -0.247432 0.964048
1706584622.772451 66.633586 -18.533964 0.855638 -0.099294 -0.008600 -0.248056 0.963605
1706584622.871151 66.702459 -18.554403 0.857808 -0.103935 -0.008421 -0.248031 0.963124
1706584622.969744 66.758707 -18.580387 0.859337 -0.102168 -0.007395 -0.247040 0.963576
1706584623.068471 66.814767 -18.608972 0.864770 -0.103197 -0.006666 -0.245414 0.963887
1706584623.172610 66.878653 -18.647010 0.874552 -0.096061 -0.006550 -0.242283 0.965416
1706584623.271790 66.930511 -18.687432 0.871400 -0.092930 -0.008203 -0.237924 0.966793
1706584623.370534 67.002160 -18.706559 0.874223 -0.098342 -0.000900 -0.234636 0.967096
1706584623.469329 67.068832 -18.733606 0.868114 -0.094975 0.005694 -0.230488 0.968412
1706584623.572767 67.136324 -18.766912 0.866721 -0.096796 0.011850 -0.228731 0.968593
1706584623.672613 67.195906 -18.800640 0.867163 -0.097844 0.014642 -0.225804 0.969136
1706584623.772456 67.267497 -18.829323 0.868796 -0.100104 0.020857 -0.224408 0.969116
1706584623.872291 67.336714 -18.847634 0.869330 -0.099998 0.027102 -0.220837 0.969792
1706584623.972516 67.388877 -18.870423 0.872816 -0.100654 0.027004 -0.217215 0.970545
1706584624.072284 67.445415 -18.889333 0.872827 -0.103032 0.030534 -0.214296 0.970839
1706584624.170950 67.485942 -18.900817 0.878899 -0.103986 0.024392 -0.209018 0.972061
1706584624.269566 67.535921 -18.920154 0.872367 -0.108414 0.018584 -0.204684 0.972628
1706584624.372275 67.590966 -18.931382 0.862904 -0.114693 0.014840 -0.201442 0.972649
1706584624.472685 67.641044 -18.948302 0.866009 -0.114320 0.014094 -0.198896 0.973228
1706584624.571529 67.683967 -18.972085 0.868184 -0.111480 0.007690 -0.195172 0.974382
1706584624.670366 67.731112 -18.994177 0.864305 -0.114429 0.004313 -0.192538 0.974585
1706584624.769301 67.775642 -18.999218 0.858028 -0.115850 -0.001889 -0.190134 0.974897
1706584624.872253 67.823585 -19.023328 0.856537 -0.115568 -0.002935 -0.187661 0.975407
1706584624.972903 67.879570 -19.048372 0.874926 -0.112765 -0.005775 -0.186244 0.975994
1706584625.072743 67.935900 -19.063666 0.872310 -0.116676 -0.005442 -0.184015 0.975959
1706584625.172575 68.005984 -19.085563 0.867924 -0.122386 -0.002768 -0.183373 0.975391
1706584625.272412 68.075372 -19.103912 0.867576 -0.119271 -0.003493 -0.182890 0.975866
1706584625.372110 68.139268 -19.130096 0.876700 -0.116873 -0.004558 -0.184017 0.975939
1706584625.470838 68.205841 -19.153353 0.874902 -0.116740 -0.004813 -0.185231 0.975724
1706584625.569385 68.275063 -19.182312 0.876036 -0.118248 -0.001957 -0.186659 0.975280
1706584625.672571 68.344163 -19.205752 0.876834 -0.123388 0.000013 -0.188335 0.974323
1706584625.772427 68.414917 -19.234710 0.885830 -0.120481 0.001256 -0.190259 0.974312
1706584625.871466 68.484466 -19.248106 0.885740 -0.120183 0.003160 -0.192310 0.973942
1706584625.970354 68.539360 -19.246525 0.883936 -0.125732 0.002298 -0.191063 0.973489
1706584626.072757 68.607522 -19.274241 0.878202 -0.133304 0.003614 -0.186863 0.973293
1706584626.172602 68.663239 -19.303287 0.882494 -0.131343 0.004186 -0.183803 0.974140
1706584626.272424 68.712475 -19.331905 0.882120 -0.125214 0.003899 -0.181092 0.975455
1706584626.372256 68.778840 -19.348187 0.891791 -0.128052 0.002867 -0.176209 0.975984
1706584626.472907 68.836235 -19.352937 0.890356 -0.136518 0.001551 -0.170220 0.975902
1706584626.572741 68.899851 -19.367380 0.885607 -0.137688 0.001610 -0.168153 0.976096
1706584626.672054 68.948554 -19.381925 0.887702 -0.137047 -0.000672 -0.161969 0.977233
1706584626.770616 68.985553 -19.397383 0.896954 -0.137967 -0.005826 -0.156951 0.977905
1706584626.869146 69.033763 -19.403318 0.901771 -0.142067 -0.007434 -0.154288 0.977731
1706584626.972881 69.090417 -19.409129 0.903359 -0.143215 -0.006822 -0.152320 0.977876
1706584627.072614 69.150048 -19.438739 0.912021 -0.136955 -0.007270 -0.149786 0.979160
1706584627.171537 69.191999 -19.474164 0.914758 -0.127360 -0.010966 -0.146580 0.980904
1706584627.270495 69.248473 -19.501502 0.918940 -0.125391 -0.009769 -0.147775 0.980991
1706584627.372231 69.327598 -19.508706 0.912694 -0.135104 -0.004143 -0.152074 0.979083
1706584627.472868 69.394717 -19.512150 0.907917 -0.142622 -0.006502 -0.155870 0.977405
1706584627.572716 69.464213 -19.508364 0.902176 -0.153163 -0.003186 -0.159528 0.975234
1706584627.672550 69.550501 -19.518228 0.893237 -0.163032 0.004479 -0.163582 0.972955
1706584627.772389 69.642370 -19.536858 0.889307 -0.165487 0.012240 -0.172270 0.970972
1706584627.872224 69.708742 -19.563446 0.894891 -0.165708 0.013865 -0.176666 0.970123
1706584627.971563 69.751015 -19.601833 0.902657 -0.159593 0.011266 -0.179397 0.970680
1706584628.069959 69.804139 -19.636550 0.909009 -0.156711 0.010908 -0.183095 0.970463
1706584628.172548 69.869561 -19.656502 0.914966 -0.153885 0.010980 -0.186857 0.970198
1706584628.272386 69.925357 -19.681270 0.917164 -0.149970 0.011342 -0.191792 0.969843
1706584628.372225 69.987510 -19.698322 0.919094 -0.153920 0.013802 -0.197531 0.968039
1706584628.471168 70.054936 -19.702966 0.911202 -0.163554 0.016670 -0.200767 0.965746
1706584628.570133 70.104040 -19.721535 0.910258 -0.168078 0.017513 -0.201185 0.964867
1706584628.672541 70.144533 -19.740587 0.913959 -0.163133 0.011472 -0.196714 0.966726
1706584628.772383 70.200029 -19.761058 0.922040 -0.164327 0.009906 -0.191638 0.967561
1706584628.872211 70.257417 -19.781948 0.915877 -0.164489 0.008654 -0.185711 0.968700
1706584628.972855 70.311514 -19.799453 0.914659 -0.162720 0.006659 -0.179221 0.970236
1706584629.072701 70.363950 -19.823845 0.917055 -0.162242 0.006444 -0.172038 0.971617
1706584629.172435 70.421607 -19.827339 0.923101 -0.163086 0.008376 -0.164676 0.972736
1706584629.271008 70.483305 -19.832801 0.920911 -0.167711 0.009849 -0.159341 0.972824
1706584629.369541 70.538288 -19.847954 0.922961 -0.165194 0.011464 -0.152465 0.974338
1706584629.472853 70.602365 -19.874220 0.918368 -0.161005 0.012970 -0.147673 0.975757
1706584629.572687 70.672124 -19.888906 0.919819 -0.164700 0.016940 -0.144299 0.975584
1706584629.672196 70.745106 -19.910307 0.917880 -0.165174 0.021662 -0.139403 0.976122
1706584629.771170 70.812526 -19.929340 0.916328 -0.165062 0.021384 -0.138122 0.976330
1706584629.872600 70.877624 -19.947511 0.912673 -0.162560 0.024591 -0.134549 0.977172
1706584629.972429 70.955193 -19.961868 0.907315 -0.163419 0.027189 -0.132946 0.977180
1706584630.072294 71.014298 -19.965810 0.903740 -0.164432 0.025610 -0.128300 0.977673
1706584630.172532 71.083050 -19.979034 0.897166 -0.166194 0.027578 -0.123947 0.977884
1706584630.272372 71.137421 -19.999684 0.900744 -0.160861 0.027261 -0.119546 0.979331
1706584630.372217 71.190287 -20.034789 0.906994 -0.153977 0.025739 -0.113529 0.981193
1706584630.471871 71.238958 -20.058061 0.908065 -0.148495 0.026686 -0.109319 0.982490
1706584630.570482 71.297668 -20.069619 0.908857 -0.147605 0.023935 -0.104434 0.983226
1706584630.669039 71.360138 -20.072952 0.908152 -0.151915 0.025973 -0.101279 0.982848
1706584630.772392 71.418135 -20.077861 0.907052 -0.150087 0.021553 -0.096113 0.983754
1706584630.872234 71.488466 -20.097483 0.907917 -0.149155 0.023980 -0.092767 0.984161
1706584630.972226 71.551047 -20.109101 0.903204 -0.145380 0.025422 -0.087317 0.985187
1706584631.071360 71.615529 -20.113984 0.900039 -0.143530 0.025310 -0.083311 0.985808
1706584631.172555 71.674747 -20.116772 0.895120 -0.145762 0.025925 -0.077999 0.985899
1706584631.272387 71.744153 -20.122809 0.886236 -0.146476 0.028203 -0.073815 0.986053
1706584631.372231 71.821857 -20.132675 0.878258 -0.144865 0.030116 -0.069337 0.986559
1706584631.472882 71.883128 -20.142998 0.875718 -0.144421 0.029036 -0.063940 0.987021
1706584631.572710 71.944295 -20.152063 0.873611 -0.145239 0.031710 -0.058756 0.987141
1706584631.672550 72.000613 -20.157911 0.871486 -0.145255 0.031289 -0.055779 0.987325
1706584631.771419 72.049384 -20.170304 0.868210 -0.138628 0.030772 -0.049995 0.988603
1706584631.869994 72.114310 -20.180570 0.865758 -0.131072 0.031289 -0.045721 0.989824
1706584631.972864 72.173985 -20.169880 0.859149 -0.137130 0.032171 -0.040883 0.989186
1706584632.072723 72.225021 -20.159230 0.855031 -0.138895 0.028921 -0.034457 0.989285
1706584632.172572 72.277899 -20.163946 0.852626 -0.139404 0.028205 -0.029909 0.989382
1706584632.272402 72.327188 -20.173862 0.855462 -0.139228 0.025143 -0.024191 0.989646
1706584632.371835 72.374278 -20.169851 0.849489 -0.140209 0.024537 -0.019600 0.989624
1706584632.472888 72.419298 -20.160529 0.845475 -0.139890 0.020001 -0.015105 0.989850
1706584632.572717 72.468546 -20.165329 0.844404 -0.137687 0.021321 -0.011768 0.990176
1706584632.672564 72.524151 -20.157320 0.837289 -0.136888 0.021457 -0.009868 0.990305
1706584632.772409 72.571329 -20.156657 0.835022 -0.135358 0.018083 -0.010301 0.990578
1706584632.872260 72.622244 -20.171508 0.837257 -0.130118 0.014575 -0.005677 0.991375
1706584632.972649 72.676131 -20.185620 0.836321 -0.128125 0.015248 0.002485 0.991638
1706584633.071170 72.721390 -20.181393 0.832827 -0.128632 0.018558 0.011243 0.991455
1706584633.169758 72.764253 -20.180795 0.827030 -0.124552 0.018677 0.020688 0.991822
1706584633.272417 72.794461 -20.182525 0.826243 -0.120474 0.018833 0.030682 0.992063
1706584633.372255 72.822656 -20.171528 0.823298 -0.122386 0.021307 0.039054 0.991485
1706584633.472898 72.847763 -20.162791 0.823762 -0.122166 0.021747 0.046655 0.991174
1706584633.572735 72.871380 -20.167226 0.829380 -0.118857 0.023236 0.053343 0.991205
1706584633.672575 72.882246 -20.161025 0.827357 -0.118411 0.023158 0.060237 0.990865
1706584633.772431 72.901504 -20.157990 0.823138 -0.116017 0.024081 0.066775 0.990707
1706584633.872272 72.933105 -20.151656 0.818650 -0.113270 0.026649 0.073600 0.990476
1706584633.972916 72.965299 -20.148062 0.821502 -0.112856 0.030659 0.081615 0.989779
1706584634.072748 73.007797 -20.137978 0.811697 -0.112829 0.031504 0.090404 0.988992
1706584634.172581 73.034558 -20.124013 0.812827 -0.115008 0.032057 0.098722 0.987927
1706584634.272066 73.052470 -20.117905 0.812044 -0.112290 0.031443 0.107276 0.987367
1706584634.370667 73.074325 -20.109500 0.811769 -0.115300 0.032914 0.115315 0.986066
1706584634.469305 73.104699 -20.104913 0.809193 -0.113191 0.033294 0.123870 0.985259
1706584634.572732 73.133724 -20.096007 0.808323 -0.115227 0.035806 0.132666 0.983789
1706584634.672586 73.166593 -20.086803 0.804172 -0.115720 0.037814 0.142457 0.982286
1706584634.772205 73.185618 -20.072132 0.798666 -0.112556 0.038749 0.151800 0.981217
1706584634.870790 73.214567 -20.067233 0.802838 -0.108529 0.038627 0.160996 0.980209
1706584634.972907 73.233977 -20.057608 0.795704 -0.108102 0.038370 0.167916 0.979105
1706584635.072761 73.254895 -20.047120 0.797081 -0.106366 0.037072 0.174643 0.978167
1706584635.172589 73.276779 -20.037469 0.790352 -0.106241 0.036814 0.181161 0.977005
1706584635.272429 73.304442 -20.026010 0.785002 -0.105587 0.037130 0.188214 0.975730
1706584635.372273 73.330694 -20.014687 0.773304 -0.103384 0.035476 0.196240 0.974445
1706584635.472900 73.332700 -19.997600 0.767235 -0.105335 0.037412 0.206170 0.972111
1706584635.571632 73.351757 -19.984612 0.761168 -0.102518 0.037996 0.215992 0.970255
1706584635.670268 73.373076 -19.959461 0.760029 -0.099293 0.036863 0.226206 0.968304
1706584635.768952 73.390707 -19.944834 0.753342 -0.094826 0.035042 0.237251 0.966174
1706584635.872244 73.423130 -19.931844 0.741842 -0.094886 0.037609 0.246743 0.963691
1706584635.971946 73.431909 -19.914202 0.730168 -0.093551 0.036394 0.254984 0.961721
1706584636.070445 73.455967 -19.906311 0.719391 -0.093834 0.037824 0.262274 0.959675
1706584636.169080 73.471518 -19.895353 0.710113 -0.089516 0.036413 0.270041 0.957987
1706584636.267615 73.472106 -19.875641 0.700115 -0.091846 0.036553 0.277309 0.955682
1706584636.372245 73.496859 -19.855502 0.685079 -0.093890 0.035097 0.286223 0.952906
1706584636.472895 73.503426 -19.819599 0.662254 -0.095910 0.031722 0.292519 0.950909
1706584636.572722 73.521212 -19.794968 0.658526 -0.094519 0.029923 0.300631 0.948574
1706584636.672522 73.535625 -19.769256 0.642356 -0.096183 0.028145 0.306912 0.946447
1706584636.771167 73.562522 -19.752204 0.636570 -0.094602 0.030962 0.314037 0.944178
1706584636.869771 73.590459 -19.744687 0.640316 -0.086605 0.031073 0.321563 0.942407
1706584636.968499 73.609903 -19.720579 0.624724 -0.091281 0.030864 0.329202 0.939330
1706584637.067157 73.622143 -19.711403 0.622960 -0.086473 0.029980 0.338859 0.936375
1706584637.165754 73.639224 -19.693909 0.612947 -0.085402 0.026934 0.345575 0.934109
1706584637.264419 73.646200 -19.657445 0.596068 -0.087999 0.028339 0.345947 0.933688
1706584637.362997 73.661096 -19.623072 0.570842 -0.094148 0.026115 0.346602 0.932910
1706584637.461716 73.686444 -19.594505 0.563974 -0.091979 0.024938 0.343877 0.934166
1706584637.560406 73.716669 -19.569086 0.552284 -0.087897 0.027717 0.337035 0.936970
1706584637.672546 73.742227 -19.576002 0.559264 -0.084179 0.024857 0.331239 0.939456
1706584637.772393 73.742222 -19.574710 0.567999 -0.079014 0.024657 0.330758 0.940079
1706584637.872226 73.729979 -19.565621 0.557368 -0.081648 0.022266 0.327508 0.941051
1706584637.971672 73.721815 -19.566380 0.542535 -0.084820 0.022799 0.330086 0.939856
1706584638.070425 73.700046 -19.573734 0.529505 -0.087636 0.022065 0.334644 0.938001
1706584638.169215 73.696253 -19.565680 0.528243 -0.082328 0.020643 0.335010 0.938384
1706584638.267947 73.694894 -19.563500 0.533923 -0.080085 0.020121 0.335993 0.938238
1706584638.366705 73.700993 -19.556663 0.516490 -0.083920 0.019121 0.336694 0.937672
1706584638.465405 73.693374 -19.544138 0.505163 -0.083974 0.020165 0.335413 0.938104
1706584638.564029 73.670485 -19.537540 0.476523 -0.088318 0.016629 0.337295 0.937100
1706584638.662745 73.651577 -19.546359 0.484615 -0.085414 0.018571 0.342815 0.935327
1706584638.761327 73.622387 -19.549259 0.486285 -0.090141 0.021653 0.344899 0.934050
1706584638.859970 73.582792 -19.539467 0.485128 -0.091530 0.019871 0.347630 0.932942
1706584638.972423 73.551189 -19.550831 0.503083 -0.091378 0.023085 0.357121 0.929291
1706584639.072274 73.509012 -19.549093 0.515202 -0.090396 0.023063 0.363277 0.926999
1706584639.172393 73.440507 -19.532349 0.504597 -0.096295 0.024515 0.370342 0.923565
1706584639.271138 73.361063 -19.505297 0.484174 -0.102157 0.027292 0.379624 0.919078
1706584639.369906 73.318801 -19.488122 0.495020 -0.108303 0.029996 0.379351 0.918403
1706584639.468522 73.262666 -19.451262 0.495470 -0.103283 0.028540 0.382901 0.917554
1706584639.567337 73.196862 -19.413047 0.501703 -0.099909 0.025050 0.385777 0.916824
1706584639.665960 73.187332 -19.399990 0.555472 -0.095538 0.030490 0.387723 0.916304
1706584639.764658 73.123184 -19.362527 0.555751 -0.096701 0.035955 0.395636 0.912594
1706584639.863265 73.034338 -19.321700 0.547891 -0.095591 0.034057 0.403113 0.909507
1706584639.961830 72.961444 -19.283796 0.553438 -0.095177 0.034561 0.406297 0.908113
1706584640.053612 72.893056 -19.251488 0.561626 -0.092418 0.032420 0.413904 0.905037
1706584640.152408 72.814651 -19.221909 0.568524 -0.091330 0.032525 0.425891 0.899565
1706584640.251180 72.675356 -19.181232 0.522724 -0.087344 0.025984 0.433444 0.896561
1706584640.372578 72.583954 -19.155543 0.539103 -0.087731 0.024301 0.440864 0.892946
1706584640.471450 72.520782 -19.141298 0.556303 -0.087647 0.028933 0.445208 0.890658
1706584640.570069 72.489483 -19.140866 0.587028 -0.086542 0.040688 0.455209 0.885235
1706584640.668903 72.433399 -19.149259 0.611691 -0.087403 0.045599 0.467544 0.878456
1706584640.767583 72.348357 -19.131854 0.621262 -0.085318 0.043927 0.473267 0.875676
1706584640.866247 72.270656 -19.113244 0.626556 -0.081893 0.048585 0.486538 0.868455
1706584640.971740 72.184355 -19.148443 0.635817 -0.071881 0.049571 0.493136 0.865559
1706584641.071578 72.037220 -19.167422 0.621596 -0.073602 0.045481 0.504594 0.859011
1706584641.471747 71.611592 -19.108739 0.634296 -0.072246 0.052491 0.539056 0.837522
1706584641.571590 71.498958 -19.092350 0.637194 -0.072231 0.054388 0.547050 0.832202
1706584641.672225 71.385132 -19.076711 0.640406 -0.071416 0.055688 0.553862 0.827669
1706584642.772061 70.009818 -18.835154 0.655188 -0.068273 0.058269 0.576358 0.812253
1706584642.871905 69.871004 -18.802937 0.654169 -0.068117 0.058278 0.576896 0.811883
1706584643.963437 68.128851 -18.342659 0.613477 -0.065747 0.057348 0.616925 0.782172
1706584644.062675 67.948187 -18.293155 0.607093 -0.065614 0.056716 0.622371 0.777902
1706584644.161300 67.762587 -18.243897 0.600673 -0.066353 0.055408 0.627715 0.773628
1706584644.625117 66.858459 -18.028456 0.574022 -0.062243 0.053570 0.651348 0.754322
1706584644.724266 66.660182 -18.076611 0.574323 -0.060648 0.053683 0.656650 0.749834
1706584644.845490 66.405090 -18.025905 0.566619 -0.060177 0.052838 0.662653 0.744633
1706584644.944757 66.193271 -17.982531 0.560122 -0.058437 0.051834 0.667732 0.740292
1706584645.065969 66.256203 -17.901527 0.595040 -0.057446 0.056109 0.681069 0.727803
1706584645.165264 66.097713 -17.887717 0.544930 -0.054542 0.047905 0.690674 0.719513
1706584645.264290 65.986451 -17.761460 0.727353 -0.049921 0.055786 0.710649 0.699552
1706584645.362996 65.730605 -17.661177 0.765575 -0.051937 0.050967 0.719047 0.691142
1706584645.461567 65.564263 -17.521356 0.793220 -0.039211 0.079789 0.726636 0.681247
1706584645.560165 65.463466 -17.510490 0.667054 -0.014772 0.084034 0.724831 0.683623
1706584645.658473 65.267515 -17.470190 0.676535 -0.010729 0.081150 0.726723 0.682036
1706584645.727169 65.245884 -17.432597 0.650671 -0.000394 0.078449 0.734705 0.673836
1706584645.826439 65.122649 -17.350255 0.641601 -0.011915 0.086992 0.739967 0.666888
1706584645.947536 65.035943 -17.229953 0.625692 -0.010404 0.084776 0.751795 0.653842
1706584646.046758 64.904977 -17.166618 0.624754 -0.011855 0.081211 0.757506 0.647649
1706584646.167901 64.695695 -17.139509 0.604084 -0.012398 0.072848 0.760561 0.645047
1706584646.267102 64.560555 -17.075445 0.597077 -0.012226 0.073826 0.767431 0.636749
1706584646.366545 64.486641 -17.027699 0.552339 -0.011478 0.073949 0.776286 0.625923
1706584646.465643 64.310736 -16.985805 0.559688 -0.015391 0.063670 0.780344 0.621910
1706584646.564395 64.188554 -16.960969 0.534298 -0.016980 0.065671 0.784887 0.615916
1706584646.663093 64.066548 -16.893647 0.562155 -0.020148 0.077767 0.787631 0.610887
1706584646.761665 63.971457 -16.841368 0.547679 -0.018398 0.080414 0.794258 0.601954
1706584646.860346 63.820675 -16.746137 0.586126 -0.025304 0.073498 0.802932 0.590980
1706584646.958922 63.716445 -16.751912 0.585746 -0.027367 0.060549 0.799823 0.596546
1706584647.057226 63.684848 -16.753597 0.501310 -0.007841 0.064599 0.804498 0.590380
1706584647.170909 63.459181 -16.732868 0.588641 -0.027893 0.058050 0.801135 0.595008
1706584647.269877 63.406512 -16.737774 0.572716 -0.015527 0.056746 0.803746 0.592057
1706584647.368924 63.313113 -16.731875 0.535926 -0.017242 0.069702 0.805174 0.588675
1706584647.468131 63.347863 -16.671953 0.479611 -0.014182 0.072826 0.813466 0.576860
1706584647.567533 63.340854 -16.633563 0.534642 -0.028108 0.070571 0.817228 0.571286
1706584647.667183 63.340357 -16.632725 0.557536 -0.025241 0.069439 0.821915 0.564799
1706584647.765906 63.324722 -16.631189 0.545939 -0.018581 0.073827 0.825426 0.559353
1706584647.864637 63.212484 -16.645642 0.632039 -0.037224 0.059468 0.827590 0.556931
1706584647.963304 63.186762 -16.610609 0.629071 -0.031135 0.062134 0.834172 0.547109
1706584648.061931 63.176376 -16.583198 0.659101 -0.033576 0.065500 0.839062 0.539034
1706584648.160597 63.179275 -16.465047 0.633640 -0.026061 0.075788 0.849564 0.521361
1706584648.259194 63.232435 -16.361598 0.582656 -0.023008 0.086872 0.859222 0.503648
1706584648.371970 63.249167 -16.290817 0.552617 -0.022130 0.077804 0.868593 0.488879
1706584648.470982 63.323572 -16.163993 0.573290 -0.022967 0.081185 0.880180 0.467082
1706584648.570073 63.306742 -16.119915 0.564549 -0.020312 0.065321 0.885254 0.460049
1706584648.671385 63.272850 -16.082641 0.558572 -0.014860 0.067131 0.892086 0.446604
1706584648.770165 63.258280 -16.049845 0.561788 -0.014174 0.069300 0.896744 0.436860
1706584648.868883 63.184828 -16.129472 0.418884 0.000117 0.022753 0.899197 0.436952
1706584648.967612 63.131141 -16.197445 0.458878 -0.007821 0.052163 0.901146 0.430294
1706584649.066280 63.144556 -16.185686 0.462430 -0.007744 0.062332 0.905385 0.419920
1706584649.164975 63.111834 -16.202185 0.443084 -0.006062 0.050737 0.906443 0.419225
1706584649.263640 63.096487 -16.211394 0.448615 -0.007322 0.055067 0.908465 0.414253
1706584649.362298 63.091712 -16.231146 0.445670 -0.009060 0.054378 0.911443 0.407717
1706584649.461005 63.075618 -16.266051 0.420633 -0.006339 0.049430 0.914390 0.401755
1706584649.572682 63.067417 -16.235766 0.413094 -0.006774 0.052405 0.919342 0.389896
1706584649.672086 63.024037 -16.216465 0.417781 -0.008655 0.049459 0.922227 0.383375
1706584649.771223 63.019670 -16.200789 0.419055 -0.008249 0.043269 0.926510 0.373682
1706584649.872594 63.009707 -16.181800 0.423407 -0.007661 0.043664 0.930097 0.364630
1706584649.971967 63.000597 -16.175602 0.439686 -0.009164 0.050612 0.933503 0.354860
1706584650.070609 63.000486 -16.156031 0.446182 -0.007592 0.056715 0.935219 0.349416
1706584650.172906 62.996513 -16.157100 0.436257 -0.008404 0.049483 0.937752 0.343660
1706584650.272742 62.973907 -16.122589 0.443467 -0.009827 0.057214 0.939895 0.336494
1706584650.372575 62.975179 -16.116025 0.434956 -0.009926 0.050587 0.941397 0.333338
1706584650.471350 62.947666 -16.097434 0.428736 -0.009951 0.052337 0.943020 0.328445
1706584650.569963 62.940843 -16.068815 0.436022 -0.011680 0.055835 0.944510 0.323492
1706584650.668538 62.930599 -16.060492 0.429723 -0.009702 0.054732 0.945369 0.321229
1706584650.772742 62.933955 -16.037523 0.426242 -0.009518 0.060500 0.946380 0.317197
1706584650.872599 62.918843 -16.049198 0.439067 -0.010670 0.061745 0.947067 0.314862
1706584650.972246 62.896615 -16.036559 0.430368 -0.009848 0.055258 0.949111 0.309901
1706584651.071532 62.885427 -16.029023 0.437042 -0.010197 0.057728 0.950374 0.305536
1706584651.172912 62.884391 -16.023152 0.428732 -0.008781 0.051238 0.952729 0.299341
1706584651.272356 62.858831 -16.028259 0.421280 -0.010399 0.050012 0.954807 0.292805
1706584651.370893 62.819048 -16.005279 0.419716 -0.012106 0.051929 0.957195 0.284488
1706584651.472415 62.786360 -15.991710 0.415373 -0.012229 0.052023 0.959763 0.275678
1706584651.572251 62.768145 -15.981614 0.420958 -0.007654 0.058009 0.961241 0.269428
1706584651.672333 62.762258 -15.990632 0.417335 -0.006692 0.058766 0.961869 0.267037
1706584651.770941 62.754172 -15.992532 0.420847 -0.005325 0.058601 0.962330 0.265440
1706584651.869577 62.743798 -15.994548 0.427358 -0.005531 0.058635 0.962984 0.263045
1706584651.968206 62.729022 -15.986204 0.424852 -0.003994 0.058225 0.963521 0.261192
1706584652.072229 62.709275 -15.990683 0.418717 -0.004471 0.056061 0.964678 0.257359
1706584652.172888 62.671715 -15.973965 0.413378 -0.007017 0.056828 0.966192 0.251385
1706584652.272590 62.638446 -15.963307 0.412829 -0.008584 0.055178 0.968336 0.243327
1706584652.372553 62.605235 -15.948875 0.405857 -0.006702 0.055767 0.970141 0.235949
1706584652.472394 62.586564 -15.935853 0.410447 -0.007085 0.053244 0.971836 0.229456
1706584652.572229 62.566308 -15.938896 0.401383 -0.005269 0.048044 0.973404 0.223937
1706584652.672861 62.558930 -15.924058 0.397401 -0.003975 0.052954 0.974387 0.218517
1706584652.772709 62.550834 -15.911303 0.401031 -0.003605 0.055100 0.975550 0.212730
1706584652.872556 62.514108 -15.926469 0.401644 -0.002368 0.055081 0.976610 0.207831
1706584652.971967 62.492435 -15.908969 0.412437 -0.001453 0.059648 0.977574 0.201964
1706584653.070595 62.486872 -15.907280 0.417624 -0.000735 0.055297 0.978710 0.197659
1706584653.169244 62.492729 -15.906149 0.414375 0.000793 0.056504 0.979287 0.194432
1706584653.272702 62.490406 -15.905301 0.413825 0.001812 0.055628 0.979982 0.191150
1706584653.372543 62.477916 -15.899670 0.411853 0.003148 0.054937 0.980586 0.188213
1706584653.472381 62.456624 -15.892260 0.404887 0.004260 0.060334 0.980847 0.185152
1706584653.572203 62.443470 -15.898312 0.402709 0.004782 0.056476 0.981462 0.183085
1706584653.672832 62.428918 -15.896942 0.399952 0.005640 0.053614 0.982057 0.180714
1706584653.772674 62.408238 -15.886675 0.401688 0.006509 0.056639 0.982418 0.177778
1706584653.872515 62.384041 -15.881938 0.403666 0.006793 0.056574 0.983122 0.173851
1706584653.972371 62.359283 -15.868021 0.401536 0.008170 0.057338 0.983932 0.168886
1706584654.072629 62.340073 -15.849386 0.396531 0.009833 0.057069 0.984792 0.163801
1706584654.172468 62.318061 -15.842669 0.402225 0.011802 0.062048 0.985347 0.158433
1706584654.271703 62.306707 -15.836282 0.395555 0.012481 0.058762 0.986464 0.152575
1706584654.370327 62.285838 -15.827676 0.400427 0.012708 0.061244 0.987288 0.146118
1706584654.468981 62.267146 -15.826377 0.402167 0.012597 0.062915 0.988212 0.138999
1706584654.572242 62.249640 -15.813797 0.404130 0.012593 0.071589 0.988460 0.132900
1706584654.672875 62.237476 -15.800518 0.411739 0.010947 0.073537 0.989103 0.127071
1706584654.772712 62.206519 -15.793776 0.404251 0.011612 0.073710 0.989778 0.121537
1706584654.872550 62.179817 -15.785615 0.406572 0.013862 0.076623 0.990315 0.114950
1706584654.972377 62.150159 -15.773252 0.402952 0.014111 0.077834 0.990924 0.108688
1706584655.072213 62.117902 -15.780560 0.400103 0.016328 0.071398 0.991882 0.103948
1706584655.172846 62.097058 -15.803568 0.397528 0.019291 0.060131 0.993194 0.097862
1706584655.272679 62.063140 -15.807201 0.402554 0.020449 0.057395 0.993899 0.091934
1706584655.372520 62.039916 -15.801883 0.399299 0.020612 0.061355 0.994046 0.087652
1706584655.472364 62.017347 -15.800032 0.397999 0.020676 0.063042 0.994257 0.083971
1706584655.571402 62.005756 -15.794870 0.404742 0.021697 0.061534 0.994608 0.080604
1706584655.670073 61.992301 -15.794850 0.404546 0.023079 0.061188 0.994886 0.076972
1706584655.768752 61.979997 -15.797342 0.408784 0.023776 0.063537 0.995042 0.072726
1706584655.872536 61.956300 -15.795131 0.411603 0.023315 0.062171 0.995579 0.066432
1706584655.972371 61.929616 -15.793816 0.419463 0.023925 0.066309 0.995675 0.060510
1706584656.072212 61.913681 -15.798809 0.420626 0.025399 0.063767 0.996167 0.054228
1706584656.172853 61.885456 -15.797852 0.419971 0.025262 0.066490 0.996345 0.047311
1706584656.272711 61.859201 -15.800357 0.417829 0.024318 0.063990 0.996847 0.040123
1706584656.372552 61.834156 -15.797277 0.416633 0.024103 0.066175 0.996965 0.033173
1706584656.472402 61.808128 -15.803939 0.415877 0.022270 0.067214 0.997102 0.027818
1706584656.572233 61.790261 -15.810502 0.414342 0.021546 0.066991 0.997270 0.022362
1706584656.672873 61.764668 -15.818093 0.414727 0.020220 0.064921 0.997525 0.017904
1706584656.772429 61.753964 -15.814381 0.419451 0.021402 0.066275 0.997492 0.012600
1706584656.871093 61.741168 -15.811581 0.420310 0.021868 0.064039 0.997666 0.009133
1706584656.969758 61.734637 -15.803611 0.423461 0.023121 0.066205 0.997524 0.005381
1706584657.068452 61.726239 -15.811822 0.423285 0.022555 0.062504 0.997788 0.001649
1706584657.172868 61.712390 -15.810072 0.426161 0.024087 0.067637 0.997414 -0.003324
1706584657.272707 61.696743 -15.808303 0.424949 0.023757 0.062966 0.997692 -0.009082
1706584657.372547 61.684921 -15.807783 0.425669 0.024927 0.065693 0.997416 -0.014955
1706584657.472404 61.676322 -15.814937 0.426566 0.024645 0.064641 0.997379 -0.021215
1706584657.572241 61.667374 -15.820747 0.430372 0.025648 0.065060 0.997201 -0.026467
1706584657.672883 61.654231 -15.824035 0.439112 0.027203 0.069382 0.996756 -0.030398
1706584657.772718 61.633524 -15.819010 0.440281 0.026976 0.068279 0.996728 -0.033816
1706584657.872559 61.625897 -15.829191 0.442437 0.027808 0.070185 0.996399 -0.038599
1706584657.972401 61.600228 -15.828150 0.440407 0.028256 0.070464 0.996221 -0.042195
1706584658.072123 61.569533 -15.824098 0.437507 0.027907 0.071154 0.996039 -0.045431
1706584658.170816 61.536343 -15.831981 0.431852 0.029287 0.067254 0.996362 -0.043385
1706584658.269479 61.483956 -15.835674 0.431681 0.028194 0.070013 0.996350 -0.039877
1706584658.372601 61.432885 -15.835911 0.441955 0.029654 0.068492 0.996552 -0.036235
1706584658.472424 61.358758 -15.840359 0.449700 0.032491 0.071231 0.996396 -0.032632
1706584658.572268 61.289518 -15.828701 0.460222 0.035270 0.074466 0.996159 -0.029634
1706584658.672914 61.203491 -15.823396 0.458754 0.036914 0.072760 0.996354 -0.024927
1706584658.772767 61.135225 -15.833918 0.466041 0.038350 0.074463 0.996310 -0.018720
1706584658.872615 61.065664 -15.841587 0.467823 0.039713 0.070649 0.996619 -0.013486
1706584658.972443 60.993886 -15.844816 0.470284 0.039783 0.071749 0.996589 -0.008905
1706584659.072294 60.916282 -15.841501 0.467744 0.040569 0.072770 0.996514 -0.004231
1706584659.172540 60.856536 -15.856849 0.474188 0.037379 0.063904 0.997256 0.000620
1706584659.272391 60.791922 -15.865725 0.476961 0.037650 0.061838 0.997365 0.004639
1706584659.371971 60.727571 -15.847228 0.480555 0.038182 0.066308 0.997035 0.008202
1706584659.470620 60.654675 -15.834000 0.481405 0.032776 0.064428 0.997327 0.010651
1706584659.569347 60.587731 -15.822085 0.482759 0.034355 0.066211 0.997106 0.014666
1706584659.672563 60.509943 -15.812198 0.495484 0.030010 0.068895 0.996997 0.018726
1706584659.772414 60.420851 -15.815310 0.493032 0.026998 0.066368 0.997217 0.020616
1706584659.872228 60.350904 -15.815133 0.493850 0.027182 0.065002 0.997211 0.024612
1706584659.972899 60.269446 -15.814247 0.497459 0.022750 0.066469 0.997100 0.029272
1706584660.072733 60.204225 -15.809228 0.500907 0.021108 0.069295 0.996746 0.035366
1706584660.172591 60.128404 -15.801722 0.501062 0.017618 0.069654 0.996602 0.040277
1706584660.272420 60.057209 -15.785786 0.502866 0.020385 0.068453 0.996490 0.043668
1706584660.372276 59.980595 -15.779532 0.497980 0.017307 0.065066 0.996557 0.048389
1706584660.472920 59.912533 -15.770594 0.509793 0.020561 0.063625 0.996245 0.054998
1706584660.572764 59.847749 -15.780769 0.517204 0.022069 0.058214 0.996291 0.059391
1706584660.671637 59.792122 -15.777448 0.517811 0.023148 0.053754 0.996183 0.064763
1706584660.770375 59.729407 -15.761676 0.513585 0.025154 0.056155 0.995707 0.069146
1706584660.869118 59.656291 -15.737807 0.507881 0.026113 0.057257 0.995410 0.072103
1706584660.972915 59.600623 -15.715747 0.514093 0.033618 0.063715 0.994436 0.076861
1706584661.072752 59.526370 -15.695485 0.510077 0.030707 0.067274 0.993663 0.084646
1706584661.172588 59.458129 -15.676351 0.516791 0.031538 0.065476 0.993363 0.089149
1706584661.272445 59.385752 -15.663092 0.520866 0.032037 0.063898 0.992892 0.095160
1706584661.372286 59.311609 -15.656556 0.520301 0.032514 0.061478 0.992613 0.099413
1706584661.472934 59.232427 -15.638020 0.525073 0.033517 0.063721 0.992156 0.102194
1706584661.572765 59.174149 -15.613900 0.532353 0.033893 0.069246 0.991660 0.103283
1706584661.672589 59.098944 -15.588440 0.532008 0.030274 0.066604 0.991977 0.103095
1706584661.772436 59.029647 -15.569682 0.536318 0.031374 0.067196 0.991711 0.104924
1706584661.872264 58.972409 -15.545283 0.539798 0.033901 0.072798 0.991141 0.105789
1706584661.971517 58.903420 -15.542101 0.538755 0.029822 0.069592 0.991069 0.109776
1706584662.070272 58.814509 -15.534371 0.545151 0.027416 0.064808 0.991145 0.112605
1706584662.169007 58.730947 -15.522561 0.546831 0.021649 0.060012 0.991242 0.115625
1706584662.272446 58.651613 -15.496196 0.548551 0.020578 0.064368 0.990324 0.121208
1706584662.372286 58.577070 -15.478761 0.553340 0.021600 0.061762 0.990214 0.123272
1706584662.472919 58.504512 -15.457709 0.550597 0.020725 0.061295 0.989675 0.127897
1706584662.572766 58.435048 -15.438725 0.554078 0.020686 0.059226 0.989422 0.130802
1706584662.672605 58.365072 -15.424235 0.554760 0.023699 0.052287 0.989017 0.136194
1706584662.772458 58.291919 -15.409279 0.555398 0.024623 0.047839 0.988667 0.140151
1706584662.872296 58.235694 -15.391618 0.563542 0.031998 0.047711 0.987586 0.146194
1706584662.972540 58.171380 -15.360884 0.565036 0.037837 0.048524 0.986487 0.151848
1706584663.072391 58.095342 -15.347851 0.567618 0.039319 0.041616 0.985934 0.157025
1706584663.172241 58.008054 -15.333280 0.569036 0.038675 0.039391 0.985601 0.159823
1706584663.271494 57.931761 -15.315068 0.567158 0.036878 0.034137 0.984817 0.166163
1706584663.370217 57.847543 -15.295799 0.571853 0.029234 0.031214 0.984308 0.171196
1706584663.472564 57.770924 -15.250186 0.569393 0.025885 0.033710 0.983798 0.174169
1706584663.572410 57.684985 -15.201875 0.572139 0.020903 0.043709 0.982891 0.177704
1706584663.672258 57.600641 -15.153452 0.566495 0.014136 0.051496 0.981911 0.181657
1706584663.772889 57.511786 -15.122466 0.562209 0.007985 0.050308 0.980649 0.189033
1706584663.872730 57.412494 -15.107507 0.559610 0.000786 0.042453 0.979722 0.195812
1706584663.972566 57.339033 -15.081922 0.565350 -0.000811 0.035707 0.979362 0.198933
1706584664.072405 57.258013 -15.051513 0.569175 -0.003936 0.034975 0.979625 0.197728
1706584664.171525 57.183616 -15.017795 0.568031 -0.002838 0.037868 0.979965 0.195518
1706584664.272879 57.104663 -14.988203 0.562654 -0.004744 0.038356 0.980457 0.192901
1706584664.372714 57.026459 -14.971737 0.556647 -0.006545 0.038102 0.980854 0.190866
1706584664.472177 56.953795 -14.932149 0.553576 -0.006345 0.042529 0.981302 0.187609
1706584664.570953 56.886758 -14.906002 0.543042 -0.007745 0.041871 0.982034 0.183837
1706584664.669802 56.820841 -14.880841 0.545884 -0.008312 0.039990 0.982768 0.180276
1706584664.772881 56.752165 -14.856788 0.538755 -0.011487 0.039376 0.983489 0.176259
1706584664.872723 56.677284 -14.826776 0.534106 -0.013418 0.040626 0.984166 0.172008
1706584664.972549 56.618478 -14.808693 0.537813 -0.010869 0.040627 0.985152 0.166456
1706584665.072386 56.556027 -14.786393 0.532327 -0.010416 0.042523 0.986252 0.159343
1706584665.172211 56.504091 -14.764890 0.528335 -0.010556 0.044582 0.987148 0.153102
1706584665.272863 56.432750 -14.742254 0.527893 -0.011752 0.046398 0.987644 0.149225
1706584665.372716 56.378335 -14.727719 0.534893 -0.009138 0.041793 0.988572 0.144554
1706584665.472552 56.319641 -14.715955 0.531152 -0.005235 0.039381 0.989604 0.138223
1706584665.572401 56.245970 -14.702768 0.522023 -0.004242 0.043713 0.990012 0.133970
1706584665.672249 56.170046 -14.689929 0.520209 0.001655 0.048210 0.990433 0.129286
1706584665.771909 56.066559 -14.672389 0.512162 -0.010450 0.045012 0.990258 0.131353
1706584665.870830 55.993016 -14.656311 0.516271 -0.003526 0.038678 0.990380 0.132814
1706584665.969691 55.895873 -14.634543 0.509509 -0.003789 0.033903 0.990342 0.134384
1706584666.072394 55.805742 -14.595491 0.510425 -0.006783 0.039803 0.989597 0.138085
1706584666.172254 55.714004 -14.567854 0.506608 -0.009171 0.038701 0.989031 0.142249
1706584666.272894 55.639923 -14.537092 0.501496 -0.007589 0.038284 0.988137 0.148535
1706584666.372733 55.560523 -14.505708 0.499632 -0.004214 0.039886 0.987661 0.151386
1706584666.472568 55.494403 -14.468847 0.491775 -0.000626 0.044792 0.986529 0.157332
1706584666.572406 55.406551 -14.443223 0.494239 -0.006086 0.042107 0.986386 0.158847
1706584666.672243 55.351325 -14.421323 0.492827 0.002180 0.042735 0.986244 0.159663
1706584666.772890 55.271519 -14.393525 0.489847 0.001268 0.046814 0.986308 0.158126
1706584666.872723 55.186948 -14.371249 0.487692 -0.001792 0.049798 0.986853 0.153747
1706584666.972579 55.109685 -14.356954 0.483058 -0.001824 0.047643 0.987652 0.149236
1706584667.071888 55.029450 -14.332216 0.484188 -0.001808 0.048599 0.988108 0.145870
1706584667.170803 54.963161 -14.316456 0.481203 -0.000847 0.045322 0.988711 0.142812
1706584667.272895 54.889976 -14.306147 0.475554 0.001849 0.040286 0.989379 0.139650
1706584667.372732 54.802987 -14.291414 0.473802 -0.002525 0.036023 0.989788 0.137898
1706584667.472584 54.741932 -14.276095 0.479582 0.002551 0.037593 0.989955 0.136270
1706584667.572432 54.652871 -14.247363 0.477228 0.000516 0.036931 0.990290 0.134019
1706584667.672264 54.576848 -14.233829 0.479442 0.002466 0.034128 0.990562 0.132724
1706584667.772896 54.492587 -14.217429 0.483886 0.001011 0.029826 0.990918 0.131110
1706584667.872433 54.403126 -14.191160 0.476922 -0.001907 0.031821 0.990686 0.132380
1706584667.972589 54.322284 -14.170071 0.480991 0.000738 0.033186 0.990705 0.131915
1706584668.072433 54.243435 -14.150125 0.478660 0.000932 0.034612 0.990943 0.129740
1706584668.172276 54.167949 -14.132278 0.482271 0.002079 0.032840 0.991107 0.128934
1706584668.272910 54.080411 -14.117971 0.480004 0.003194 0.029582 0.990977 0.130685
1706584668.371871 53.996661 -14.102925 0.472000 0.006330 0.026289 0.991029 0.130884
1706584668.470750 53.908471 -14.082311 0.469781 0.004163 0.025189 0.991068 0.130892
1706584668.572404 53.832492 -14.051643 0.467189 0.007282 0.029673 0.990806 0.131795
1706584668.672226 53.751358 -14.025511 0.475004 0.005998 0.032015 0.990609 0.132787
1706584668.772861 53.675847 -14.017571 0.479810 0.009254 0.025845 0.990384 0.135597
1706584668.872693 53.596000 -13.999061 0.480460 0.009468 0.020368 0.990400 0.136395
1706584668.972523 53.507746 -13.978743 0.482530 0.007513 0.019390 0.989912 0.140147
1706584669.072368 53.428320 -13.957339 0.476932 0.007641 0.016970 0.989278 0.144853
1706584669.171969 53.338163 -13.925275 0.475498 0.009040 0.015516 0.988355 0.151101
1706584669.270392 53.261955 -13.898011 0.478488 0.011037 0.017229 0.987365 0.157137
1706584669.372294 53.168104 -13.880035 0.473826 0.006783 0.011007 0.986407 0.163809
1706584669.472541 53.079927 -13.846609 0.470734 0.004879 0.009876 0.985306 0.170445
1706584669.572363 52.999493 -13.798273 0.458787 0.002251 0.015334 0.983846 0.178344
1706584669.671897 52.906456 -13.744383 0.463016 -0.002644 0.021500 0.982457 0.185228
1706584669.770969 52.823169 -13.695435 0.467586 -0.006652 0.025734 0.980929 0.192543
1706584669.872283 52.740094 -13.661174 0.461556 -0.004177 0.025427 0.979411 0.200226
1706584669.972919 52.665223 -13.627213 0.460064 -0.000225 0.023533 0.978049 0.207043
1706584670.072751 52.578888 -13.577158 0.456299 0.000051 0.027662 0.976914 0.211835
1706584670.172594 52.503647 -13.515704 0.448170 0.001335 0.037548 0.976031 0.214365
1706584670.272440 52.447969 -13.461659 0.447024 0.010966 0.041967 0.974129 0.221792
1706584670.372273 52.357136 -13.417072 0.451224 0.007148 0.044768 0.972951 0.226520
1706584670.471272 52.276714 -13.383273 0.452789 0.008759 0.041005 0.972139 0.230626
1706584670.569806 52.188537 -13.352516 0.455356 0.004248 0.039970 0.972708 0.228524
1706584670.672584 52.102544 -13.333884 0.447426 -0.000051 0.031505 0.973777 0.225313
1706584670.772426 52.004896 -13.308476 0.449440 -0.002388 0.025424 0.975052 0.220503
1706584670.872265 51.921579 -13.252084 0.452830 -0.010771 0.033018 0.976082 0.214613
1706584670.972054 51.842406 -13.204713 0.448289 -0.013559 0.042289 0.976922 0.208931
1706584671.071489 51.757530 -13.173458 0.438268 -0.012356 0.041423 0.977667 0.205665
1706584671.172564 51.672126 -13.152013 0.422246 -0.016197 0.037351 0.979354 0.198011
1706584671.272405 51.587492 -13.140495 0.420688 -0.021542 0.031628 0.980295 0.193795
1706584671.372233 51.532883 -13.121607 0.422079 -0.015810 0.029252 0.981520 0.188449
1706584671.472865 51.485201 -13.086693 0.428057 -0.010229 0.034282 0.982707 0.181677
1706584671.572710 51.448009 -13.053599 0.428205 -0.001717 0.045619 0.983337 0.175967
1706584671.672152 51.399470 -13.020423 0.429636 -0.000370 0.049922 0.984264 0.169502
1706584671.770774 51.342966 -13.012594 0.423107 0.004702 0.048077 0.985234 0.164257
1706584671.869463 51.298435 -12.990966 0.427980 0.011615 0.048950 0.985845 0.159933
1706584671.972868 51.246226 -12.984397 0.423734 0.019011 0.043270 0.986303 0.158026
1706584672.072696 51.198176 -12.987465 0.423292 0.024313 0.036437 0.987913 0.148695
1706584672.172541 51.130098 -12.958625 0.419616 0.026820 0.042427 0.988924 0.139677
1706584672.272375 51.073763 -12.935866 0.415937 0.027660 0.046355 0.989772 0.132049
1706584672.372214 50.986080 -12.927374 0.415256 0.019922 0.043226 0.990875 0.126098
1706584672.472844 50.903417 -12.915389 0.426410 0.019167 0.041470 0.991691 0.120258
1706584672.572694 50.815148 -12.903674 0.430573 0.014815 0.036654 0.992610 0.114725
1706584672.672529 50.726245 -12.890838 0.434586 0.008457 0.035575 0.993296 0.109660
1706584672.772381 50.641392 -12.877782 0.439213 0.009343 0.033745 0.993933 0.104269
1706584672.872220 50.568782 -12.862002 0.441744 0.005764 0.032672 0.994325 0.101081
1706584672.971897 50.489451 -12.847333 0.444988 0.008544 0.028215 0.994537 0.100132
1706584673.070511 50.408320 -12.835254 0.443754 0.010118 0.024944 0.994838 0.097843
1706584673.169105 50.310576 -12.828392 0.437331 0.006987 0.028130 0.994718 0.098465
1706584673.272400 50.213906 -12.812822 0.436447 0.003956 0.024034 0.995059 0.096254
1706584673.372239 50.119776 -12.792669 0.432264 0.000405 0.022047 0.995010 0.097309
1706584673.472856 50.026963 -12.781128 0.435342 -0.002954 0.018517 0.995138 0.096690
1706584673.572706 49.955441 -12.771955 0.430906 -0.000362 0.019410 0.995463 0.093153
1706584673.672548 49.873147 -12.736687 0.431976 -0.000497 0.032885 0.995351 0.090522
1706584673.772380 49.782400 -12.716279 0.427552 0.000096 0.038351 0.995071 0.091449
1706584673.872198 49.703792 -12.713918 0.422829 0.007065 0.027702 0.995521 0.090117
1706584673.972846 49.623375 -12.714708 0.428175 0.007893 0.020914 0.995520 0.091874
1706584674.072689 49.545416 -12.697651 0.420272 0.008297 0.022609 0.995421 0.092502
1706584674.172514 49.468516 -12.665903 0.416966 0.006570 0.027718 0.995177 0.093864
1706584674.271537 49.393401 -12.648099 0.413920 0.010769 0.030395 0.995000 0.094525
1706584674.370173 49.322682 -12.620838 0.413283 0.011886 0.029164 0.994846 0.096379
1706584674.468823 49.238106 -12.617616 0.417365 0.008912 0.024204 0.994633 0.100200
1706584674.572285 49.160090 -12.611417 0.432209 0.013323 0.016416 0.994337 0.104144
1706584674.672920 49.077674 -12.598681 0.427248 0.012793 0.016808 0.994195 0.105498
1706584674.772766 49.004706 -12.570251 0.431291 0.017800 0.023592 0.993697 0.108135
1706584674.872621 48.917558 -12.535239 0.429560 0.017172 0.027129 0.993310 0.110921
1706584674.972447 48.829527 -12.508622 0.424339 0.013456 0.027831 0.992987 0.114113
1706584675.072298 48.741596 -12.487232 0.424267 0.011315 0.029472 0.992399 0.118948
1706584675.172534 48.652830 -12.466799 0.430159 0.010364 0.029327 0.991999 0.122355
1706584675.272376 48.561459 -12.428350 0.429026 0.007312 0.032740 0.991740 0.123796
1706584675.372217 48.484495 -12.397445 0.429531 0.007824 0.033118 0.991396 0.126396
1706584675.472582 48.405712 -12.373138 0.429412 0.006188 0.037795 0.990656 0.130894
1706584675.571212 48.323146 -12.344525 0.424033 0.007188 0.036399 0.990332 0.133663
1706584675.669884 48.246246 -12.326371 0.424386 0.009502 0.032326 0.990104 0.136229
1706584675.768573 48.170307 -12.299710 0.417849 0.009592 0.038142 0.989729 0.137437
1706584675.872605 48.080522 -12.262811 0.424571 0.009886 0.048167 0.988573 0.142499
1706584675.972441 47.994022 -12.248541 0.418752 0.006305 0.042247 0.988472 0.145256
1706584676.072288 47.916349 -12.228614 0.417200 0.010056 0.040873 0.988052 0.148263
1706584676.172918 47.840462 -12.186075 0.415565 0.009709 0.045022 0.987129 0.153150
1706584676.272758 47.762767 -12.167051 0.414972 0.007641 0.038201 0.986579 0.158572
1706584676.372579 47.682036 -12.132929 0.413879 0.006148 0.037881 0.985623 0.164541
1706584676.472415 47.607201 -12.088069 0.418655 0.007577 0.044678 0.984614 0.168765
1706584676.572249 47.529815 -12.052706 0.407840 0.007994 0.047883 0.983425 0.174693
1706584676.672886 47.438440 -12.027250 0.396142 0.002727 0.045856 0.982468 0.180682
1706584676.772199 47.356865 -11.986305 0.396996 0.001030 0.048840 0.981435 0.185468
1706584676.870866 47.273842 -11.934223 0.386852 0.001533 0.050672 0.980287 0.190962
1706584676.969566 47.195496 -11.887055 0.383271 0.004474 0.053798 0.979328 0.194943
1706584677.072242 47.112479 -11.840499 0.389838 0.006048 0.053587 0.979021 0.196494
1706584677.172884 47.021623 -11.817175 0.393497 0.009843 0.052356 0.978822 0.197658
1706584677.272732 46.946925 -11.803396 0.396232 0.012892 0.045242 0.978920 0.198754
1706584677.372574 46.851362 -11.776236 0.400569 0.011786 0.040863 0.978997 0.199391
1706584677.472432 46.793754 -11.740311 0.406213 0.014560 0.040913 0.978904 0.199654
1706584677.572263 46.707506 -11.706014 0.408149 0.012900 0.041211 0.979208 0.198211
1706584677.672319 46.639606 -11.672368 0.410437 0.011749 0.042445 0.979029 0.198902
1706584677.770926 46.563549 -11.633344 0.413227 0.013122 0.042970 0.979288 0.197426
1706584677.872579 46.485695 -11.608165 0.410945 0.012910 0.039686 0.979189 0.198614
1706584677.972413 46.401319 -11.581701 0.412990 0.008733 0.039084 0.979509 0.197379
1706584678.071997 46.325342 -11.558130 0.408215 0.009233 0.036115 0.979693 0.197007
1706584678.170642 46.250090 -11.527392 0.398788 0.007690 0.040615 0.979234 0.198474
1706584678.269333 46.164204 -11.502068 0.400262 0.006321 0.033783 0.979751 0.197249
1706584678.372571 46.070693 -11.466543 0.390764 0.003215 0.032351 0.979610 0.198260
1706584678.472411 45.987113 -11.426930 0.389086 -0.001585 0.033680 0.979810 0.197065
1706584678.572241 45.902733 -11.384717 0.392149 0.001336 0.032993 0.980472 0.193868
1706584678.672885 45.811907 -11.354976 0.391085 -0.002937 0.031503 0.981076 0.191023
1706584678.772736 45.732555 -11.325098 0.389063 -0.000564 0.034527 0.982309 0.184056
1706584678.872562 45.648027 -11.285740 0.377115 -0.008199 0.038169 0.982444 0.182430
1706584678.972006 45.569890 -11.263127 0.382536 -0.010870 0.033750 0.983249 0.178787
1706584679.070631 45.508835 -11.240455 0.371969 -0.011381 0.032283 0.984082 0.174388
1706584679.172889 45.437824 -11.208453 0.364110 -0.011821 0.039817 0.984642 0.169576
1706584679.272729 45.353670 -11.175688 0.374898 -0.012901 0.043915 0.985026 0.166221
1706584679.371480 45.268409 -11.152165 0.362784 -0.017853 0.040013 0.985562 0.163548
1706584679.470169 45.194686 -11.129003 0.366222 -0.017291 0.041514 0.986289 0.158778
1706584679.568902 45.113461 -11.101362 0.359978 -0.015132 0.045634 0.987004 0.153338
1706584679.672875 45.027478 -11.066763 0.355578 -0.019487 0.046240 0.987426 0.149905
1706584679.772727 44.963570 -11.048845 0.354639 -0.018103 0.049381 0.988195 0.143893
1706584679.872555 44.893651 -11.045080 0.345229 -0.017549 0.044448 0.988903 0.140667
1706584679.972406 44.831880 -11.016662 0.349833 -0.014649 0.048899 0.989507 0.135167
1706584680.072254 44.752074 -10.993053 0.337404 -0.018396 0.058151 0.989450 0.131412
1706584680.172900 44.700671 -10.985435 0.331863 -0.009451 0.053970 0.990593 0.125390
1706584680.272204 44.627839 -10.983562 0.325591 -0.009252 0.050062 0.991650 0.118486
1706584680.372587 44.569693 -10.975126 0.323124 -0.006110 0.050793 0.992453 0.111448
1706584680.472425 44.492090 -10.959322 0.324012 -0.007405 0.045522 0.993287 0.106083
1706584680.572272 44.429197 -10.967857 0.318103 -0.000606 0.042645 0.994041 0.100319
1706584680.671314 44.358740 -10.963906 0.327239 -0.000398 0.040224 0.994715 0.094470
1706584680.770025 44.288859 -10.942708 0.328400 -0.000301 0.043015 0.995096 0.089065
1706584680.868823 44.225212 -10.911098 0.336945 0.001939 0.048700 0.995223 0.084588
1706584680.972436 44.143797 -10.911978 0.330579 0.001734 0.044625 0.995870 0.079045
1706584681.072268 44.069637 -10.919348 0.334858 0.005582 0.035642 0.996625 0.073737
1706584681.172922 43.987680 -10.902686 0.330670 0.003586 0.041498 0.996820 0.067931
1706584681.272754 43.922472 -10.899041 0.332363 0.000646 0.036817 0.997259 0.064172
1706584681.372602 43.850874 -10.897584 0.331574 0.002800 0.035809 0.997576 0.059592
1706584681.472432 43.775126 -10.898273 0.331759 0.002947 0.033989 0.997895 0.055153
1706584681.572279 43.700462 -10.887862 0.329641 0.001271 0.036568 0.998119 0.049187
1706584681.672910 43.610874 -10.881307 0.334892 -0.002662 0.035144 0.998248 0.047524
1706584681.772755 43.526340 -10.881182 0.333423 -0.004277 0.031584 0.998538 0.043665
1706584681.872296 43.447052 -10.888420 0.329544 -0.001268 0.034513 0.998613 0.039734
1706584681.971000 43.365774 -10.889386 0.314761 -0.002527 0.034557 0.998727 0.036657
1706584682.069683 43.276207 -10.884945 0.315629 -0.006676 0.037161 0.998716 0.033774
1706584682.172912 43.193389 -10.877626 0.309549 -0.007689 0.034197 0.998905 0.030980
1706584682.272763 43.118745 -10.867880 0.303162 -0.003463 0.032121 0.999076 0.028335
1706584682.372618 43.030081 -10.852530 0.302271 -0.002924 0.031284 0.999186 0.025282
1706584682.472430 42.937602 -10.838244 0.300334 -0.001853 0.037689 0.998971 0.025150
1706584682.572276 42.856730 -10.838208 0.300738 -0.002891 0.039058 0.998810 0.029060
1706584682.672907 42.779413 -10.838918 0.290486 -0.002292 0.036105 0.998776 0.033739
1706584682.772744 42.699531 -10.824942 0.286866 -0.000330 0.039504 0.998496 0.038014
1706584682.872597 42.628299 -10.805503 0.292701 0.000732 0.042319 0.998145 0.043764
1706584682.972435 42.550291 -10.797857 0.285969 -0.000783 0.038666 0.998028 0.049448
1706584683.072278 42.481277 -10.788865 0.283099 -0.000571 0.035927 0.997942 0.053116
1706584683.172012 42.395147 -10.779277 0.286853 -0.002360 0.034906 0.998003 0.052592
1706584683.270747 42.318027 -10.774330 0.292182 0.001072 0.036328 0.998073 0.050288
1706584683.369508 42.238347 -10.765979 0.294324 -0.000910 0.043406 0.997925 0.047543
1706584683.472419 42.145412 -10.752472 0.292730 0.001244 0.043816 0.998025 0.044999
1706584683.572264 42.051198 -10.751236 0.292850 -0.002053 0.040236 0.998208 0.044240
1706584683.672884 41.963713 -10.755200 0.299953 -0.002184 0.035652 0.998509 0.041271
1706584683.772747 41.870016 -10.743402 0.297281 -0.003619 0.036266 0.998589 0.038611
1706584683.872579 41.793626 -10.742014 0.298690 -0.001557 0.037283 0.998546 0.038907
1706584683.972423 41.719746 -10.738540 0.295660 0.001039 0.035624 0.998540 0.040591
1706584684.072281 41.637854 -10.722091 0.298327 0.001811 0.044038 0.998076 0.043610
1706584684.172930 41.561451 -10.709984 0.295029 0.001858 0.039646 0.997958 0.050038
1706584684.272772 41.473339 -10.697260 0.290173 0.002985 0.040964 0.997653 0.054779
1706584684.372605 41.387142 -10.680193 0.282954 0.001587 0.036304 0.997478 0.060963
1706584684.471815 41.312868 -10.670606 0.288622 0.004839 0.037578 0.997116 0.065758
1706584684.570588 41.230307 -10.672305 0.277952 0.002270 0.031766 0.997083 0.069366
1706584684.669420 41.157211 -10.664595 0.268627 0.006056 0.030694 0.996844 0.072959
1706584684.772779 41.076462 -10.636089 0.280306 0.009934 0.036135 0.996249 0.077996
1706584684.872613 40.993603 -10.618117 0.268513 0.009859 0.033418 0.995856 0.084009
1706584684.972448 40.897864 -10.593713 0.261973 0.010168 0.042918 0.994816 0.091625
1706584685.072294 40.806694 -10.571432 0.249234 0.008972 0.037449 0.993784 0.104455
1706584685.172528 40.716282 -10.538509 0.249267 0.006992 0.038395 0.992178 0.118572
1706584685.272372 40.628185 -10.496477 0.255698 0.002809 0.045943 0.990193 0.131906
1706584685.372207 40.548404 -10.445656 0.252384 0.003894 0.054751 0.987781 0.145866
1706584685.472866 40.478358 -10.395804 0.256756 0.003735 0.058155 0.985712 0.158040
1706584685.572707 40.403961 -10.358972 0.244666 0.004830 0.057582 0.984225 0.167221
1706584685.672560 40.326891 -10.319609 0.240081 0.008454 0.054132 0.982947 0.175537
1706584685.771788 40.235433 -10.281791 0.232330 0.003888 0.052734 0.981592 0.183525
1706584685.870606 40.148917 -10.252124 0.223086 0.000912 0.050668 0.980808 0.188274
1706584685.972886 40.071524 -10.215178 0.230079 0.004710 0.055928 0.979032 0.195820
1706584686.072741 39.977828 -10.181613 0.224680 0.002147 0.052488 0.978114 0.201331
1706584686.172582 39.906636 -10.138283 0.217946 0.002990 0.060457 0.976566 0.206529
1706584686.272413 39.826656 -10.100284 0.219708 -0.000701 0.056791 0.976244 0.209098
1706584686.372267 39.761933 -10.065489 0.224115 0.002763 0.059528 0.975919 0.209835
1706584686.472908 39.692432 -10.038339 0.222923 0.005723 0.059662 0.975463 0.211850
1706584686.572754 39.608121 -10.020109 0.230803 0.003375 0.051761 0.975843 0.212225
1706584686.671757 39.539728 -9.987716 0.215506 0.005689 0.057288 0.976097 0.209571
1706584686.772445 39.461797 -9.954820 0.216217 0.006036 0.051650 0.976686 0.208279
1706584686.872274 39.390128 -9.920642 0.201859 0.009485 0.051820 0.977470 0.204396
1706584686.972871 39.315036 -9.880191 0.201608 0.008700 0.053787 0.977920 0.201754
1706584687.071730 39.239787 -9.840965 0.207891 0.010007 0.058825 0.978323 0.198303
1706584687.170623 39.156890 -9.818616 0.201040 0.005625 0.046668 0.979067 0.198036
1706584687.272425 39.089089 -9.782938 0.205874 0.009376 0.056314 0.979269 0.194355
1706584687.372266 39.009281 -9.759830 0.206604 0.008520 0.049787 0.979927 0.192851
1706584687.472921 38.942775 -9.739723 0.194645 0.008371 0.048626 0.980447 0.190495
1706584687.572759 38.875759 -9.714645 0.193178 0.010331 0.048451 0.980880 0.188203
1706584687.672600 38.803084 -9.690620 0.186830 0.010356 0.046873 0.981124 0.187327
1706584687.772425 38.727283 -9.663312 0.196956 0.008755 0.048263 0.981396 0.185620
1706584687.872017 38.648427 -9.639299 0.192615 0.008235 0.047185 0.981844 0.183545
1706584687.970410 38.578882 -9.618911 0.196494 0.007888 0.044584 0.982326 0.181620
1706584688.072741 38.496680 -9.590161 0.198938 0.007506 0.040479 0.983042 0.178699
1706584688.172576 38.434715 -9.566455 0.208844 0.006408 0.042559 0.983554 0.175410
1706584688.272416 38.360932 -9.535263 0.207806 0.005506 0.043075 0.983796 0.173952
1706584688.371731 38.294780 -9.510513 0.208185 0.009144 0.045077 0.984329 0.170239
1706584688.470395 38.218565 -9.488891 0.211387 0.008734 0.042428 0.984638 0.169147
1706584688.572715 38.126163 -9.460413 0.205511 0.008055 0.047534 0.984659 0.167695
1706584688.672557 38.031296 -9.425703 0.197063 0.006437 0.045654 0.984667 0.168240
1706584688.772401 37.956832 -9.391728 0.200622 0.007821 0.047351 0.984132 0.170821
1706584688.872238 37.858643 -9.350896 0.200925 0.003386 0.049974 0.983715 0.172613
1706584688.972895 37.748830 -9.304939 0.202069 -0.000159 0.057745 0.982504 0.177062
1706584689.072735 37.645475 -9.269550 0.200633 -0.002453 0.049163 0.982030 0.182193
1706584689.171323 37.549506 -9.230742 0.195000 -0.000768 0.047806 0.981097 0.187518
1706584689.269915 37.461150 -9.187605 0.194593 0.002783 0.048748 0.980256 0.191608
1706584689.372244 37.374786 -9.130686 0.180075 0.004205 0.052302 0.978889 0.197545
1706584689.472873 37.277729 -9.093159 0.171731 0.008780 0.053687 0.977648 0.203089
1706584689.572714 37.174268 -9.064511 0.163406 0.006133 0.044109 0.976978 0.208640
1706584689.671418 37.089600 -9.021327 0.161547 0.007733 0.045153 0.976214 0.211914
1706584689.770021 37.003676 -8.973745 0.164547 0.004093 0.048578 0.975999 0.212249
1706584689.872214 36.922682 -8.939728 0.163983 0.005392 0.048780 0.975894 0.212657
1706584689.972865 36.835684 -8.908270 0.161966 -0.000880 0.046146 0.976354 0.211195
1706584690.072693 36.755363 -8.884487 0.161836 0.002102 0.036178 0.977408 0.208233
1706584690.172542 36.662164 -8.857579 0.165668 -0.001668 0.039537 0.978146 0.204117
1706584690.272391 36.573742 -8.821260 0.162863 -0.001087 0.039144 0.978711 0.201474
1706584690.372229 36.498028 -8.800497 0.160610 0.001146 0.034781 0.979497 0.198431
1706584690.470955 36.415129 -8.779127 0.161124 0.000956 0.028479 0.980552 0.194178
1706584690.569556 36.355556 -8.741468 0.161080 0.004376 0.031081 0.980921 0.191854
1706584690.672533 36.274328 -8.727258 0.158101 0.007312 0.023300 0.981699 0.188864
1706584690.772365 36.211278 -8.689384 0.160628 0.012091 0.028392 0.982315 0.184675
1706584690.872598 36.145108 -8.641663 0.150854 0.011386 0.035683 0.982617 0.181826
1706584690.971144 36.062239 -8.609789 0.145807 0.010970 0.037416 0.981996 0.184832
1706584691.072271 35.975636 -8.583816 0.144544 0.007828 0.027390 0.981653 0.188536
1706584691.172912 35.887773 -8.541865 0.153000 0.007136 0.030190 0.981082 0.191093
1706584691.272764 35.807524 -8.512375 0.152352 0.007241 0.028017 0.980645 0.193646
1706584691.372612 35.728029 -8.479717 0.154063 0.005627 0.036509 0.980049 0.195291
1706584691.472465 35.649225 -8.445391 0.152880 0.008825 0.033581 0.979275 0.199536
1706584691.572289 35.564931 -8.409647 0.155607 0.007541 0.034103 0.979213 0.199803
1706584691.672073 35.483845 -8.371008 0.161415 0.009254 0.034507 0.979519 0.198155
1706584691.770640 35.407169 -8.344764 0.157080 0.008023 0.032873 0.979753 0.197330
1706584691.869255 35.324602 -8.314007 0.153564 0.007500 0.031796 0.980295 0.194818
1706584691.972881 35.238087 -8.272516 0.157491 0.006174 0.038412 0.980822 0.190983
1706584692.072704 35.144721 -8.248824 0.150748 0.004005 0.032988 0.981695 0.187539
1706584692.171633 35.058250 -8.210454 0.164433 0.002339 0.036684 0.981461 0.188105
1706584692.270565 34.980096 -8.172446 0.149407 0.004407 0.034263 0.981382 0.188936
1706584692.372236 34.903181 -8.145316 0.151871 0.007807 0.032630 0.981420 0.188915
1706584692.472881 34.825413 -8.119991 0.149379 0.004833 0.026756 0.981886 0.187509
1706584692.572736 34.745062 -8.093159 0.152723 0.008566 0.029047 0.981972 0.186585
1706584692.672601 34.642743 -8.069404 0.148756 0.003212 0.026791 0.982396 0.184854
1706584692.772440 34.543474 -8.042046 0.144664 -0.001730 0.018522 0.983634 0.179215
1706584692.872273 34.450303 -7.988624 0.153444 -0.005610 0.029397 0.983759 0.176982
1706584692.971529 34.351201 -7.950142 0.160629 -0.011098 0.030945 0.983990 0.175167
1706584693.070154 34.258400 -7.935849 0.160037 -0.011201 0.025839 0.984877 0.170948
1706584693.172621 34.163842 -7.914398 0.148684 -0.014745 0.026412 0.985614 0.166282
1706584693.272450 34.085469 -7.886173 0.146467 -0.010577 0.029116 0.986186 0.162717
1706584693.372292 34.002393 -7.856151 0.140658 -0.007167 0.029105 0.986952 0.158203
1706584693.471458 33.921162 -7.815069 0.134582 -0.008442 0.032012 0.987560 0.153719
1706584693.570659 33.823024 -7.787673 0.128661 -0.007263 0.031819 0.988027 0.150789
1706584693.672250 33.724184 -7.768401 0.123197 -0.008606 0.029574 0.988416 0.148609
1706584693.772881 33.645497 -7.748227 0.123430 -0.004184 0.029574 0.988984 0.144975
1706584693.872718 33.549179 -7.726661 0.110808 -0.006752 0.024481 0.989134 0.144805
1706584693.972569 33.465294 -7.698550 0.112975 -0.005355 0.031635 0.988951 0.144729
1706584694.072420 33.374748 -7.673707 0.114972 -0.004866 0.032915 0.989055 0.143744
1706584694.172251 33.286718 -7.657267 0.107569 -0.004301 0.027206 0.989369 0.142791
1706584694.271212 33.216639 -7.627259 0.114303 -0.003723 0.040518 0.989029 0.142008
1706584694.369824 33.140989 -7.612592 0.111028 -0.004530 0.033249 0.989322 0.141832
1706584694.472559 33.056014 -7.575924 0.109593 -0.003241 0.033435 0.989438 0.141013
1706584694.572397 32.979506 -7.547473 0.115621 -0.002795 0.039472 0.989385 0.139829
1706584694.672246 32.895491 -7.524647 0.107249 -0.003988 0.033667 0.989552 0.140130
1706584694.771855 32.813045 -7.498886 0.110898 -0.005941 0.035399 0.989428 0.140512
1706584694.872744 32.732177 -7.473799 0.107336 -0.004870 0.034920 0.989008 0.143595
1706584694.972579 32.631269 -7.442315 0.103397 -0.006231 0.036201 0.988197 0.148721
1706584695.072413 32.542139 -7.411905 0.097993 -0.007681 0.039074 0.987107 0.155029
1706584695.170996 32.450979 -7.383328 0.091386 -0.010042 0.035153 0.986244 0.161200
1706584695.272893 32.352361 -7.352610 0.086820 -0.009600 0.032908 0.985449 0.166476
1706584695.372731 32.251687 -7.321383 0.077657 -0.009138 0.029437 0.984893 0.170401
1706584695.472168 32.153231 -7.282927 0.074402 -0.012125 0.030846 0.984225 0.173791
1706584695.570828 32.080018 -7.239556 0.084389 -0.005116 0.045445 0.982806 0.178888
1706584695.669477 31.954426 -7.192638 0.077336 -0.007939 0.034372 0.982130 0.184869
1706584695.772890 31.852940 -7.153927 0.084097 -0.007755 0.037113 0.980827 0.191156
1706584695.872741 31.742922 -7.116980 0.080151 -0.010916 0.031386 0.980316 0.194620
1706584695.972583 31.653336 -7.072351 0.068577 -0.013530 0.028530 0.980374 0.194603
1706584696.072406 31.564293 -7.029430 0.068498 -0.014894 0.030824 0.981074 0.190581
1706584696.172260 31.469544 -7.007154 0.065906 -0.017671 0.035132 0.982102 0.184196
1706584696.272919 31.388226 -6.977102 0.072310 -0.014845 0.041090 0.983094 0.177811
1706584696.371848 31.292171 -6.952898 0.063270 -0.017277 0.037206 0.984440 0.170868
1706584696.470453 31.207942 -6.932404 0.047114 -0.012037 0.029977 0.985634 0.165780
1706584696.572455 31.120009 -6.912049 0.049472 -0.006341 0.028285 0.986691 0.160003
1706584696.672295 31.031470 -6.885521 0.033664 -0.008769 0.024990 0.987271 0.156826
1706584696.771891 30.961692 -6.859098 0.040488 -0.000442 0.025471 0.987490 0.155611
1706584696.870534 30.870560 -6.831255 0.037695 0.000862 0.022283 0.987605 0.155370
1706584696.969268 30.802826 -6.808518 0.019819 0.004676 0.021690 0.987650 0.155095
1706584697.072862 30.710869 -6.778893 0.012231 0.001697 0.023755 0.987734 0.154321
1706584697.172707 30.624165 -6.737918 0.011191 0.001613 0.031074 0.987810 0.152523
1706584697.272558 30.529194 -6.711234 0.005369 0.000266 0.030956 0.987587 0.153991
1706584697.372401 30.423827 -6.684247 0.020934 -0.004125 0.030253 0.987693 0.153394
1706584697.472235 30.330049 -6.648466 0.026324 -0.005913 0.029847 0.987707 0.153327
1706584697.572863 30.234969 -6.605944 0.028383 -0.002840 0.040984 0.987267 0.153678
1706584697.671505 30.119946 -6.572189 0.036947 -0.004090 0.041790 0.987075 0.154659
1706584697.770075 30.025351 -6.544006 0.026785 -0.001831 0.036864 0.986950 0.156740
1706584697.872375 29.922054 -6.498457 0.016878 -0.001339 0.036312 0.986355 0.160575
1706584697.972231 29.821105 -6.467912 0.016243 -0.001605 0.035223 0.985902 0.163566
1706584698.071537 29.735149 -6.427016 0.018172 -0.001938 0.037665 0.985485 0.165522
1706584698.170215 29.639678 -6.379984 0.012667 -0.000935 0.041974 0.985406 0.164962
1706584698.268835 29.536499 -6.340448 0.009990 -0.006745 0.042438 0.985637 0.163317
1706584698.372363 29.441007 -6.305939 0.008689 -0.003077 0.047464 0.985794 0.161085
1706584698.472610 29.350144 -6.289185 0.006548 -0.005447 0.037234 0.986745 0.157857
1706584698.572450 29.276752 -6.262232 0.005087 0.002114 0.037261 0.987518 0.153020
1706584698.672281 29.187854 -6.238296 0.008761 -0.000152 0.038479 0.988191 0.148319
1706584698.772934 29.108770 -6.217161 0.005749 0.008532 0.037957 0.989137 0.141752
1706584698.872589 29.022219 -6.180782 0.023735 0.010220 0.047832 0.989437 0.136466
1706584698.971206 28.934119 -6.158776 0.013888 0.008989 0.045966 0.989960 0.133360
1706584699.069888 28.850526 -6.142839 0.018658 0.012732 0.048792 0.990383 0.128839
1706584699.172293 28.749271 -6.131549 0.013019 0.006986 0.043317 0.991329 0.123862
1706584699.272528 28.659506 -6.125294 0.013602 0.006716 0.036724 0.992127 0.119539
1706584699.371244 28.561083 -6.112132 0.004162 0.005705 0.036343 0.992597 0.115746
1706584699.469948 28.444278 -6.085665 -0.004179 0.002415 0.039856 0.993214 0.109232
1706584699.568721 28.354412 -6.053753 0.003297 0.003592 0.050677 0.993490 0.101962
1706584699.672276 28.246518 -6.029308 -0.006997 -0.000104 0.049769 0.994197 0.095365
1706584699.772924 28.142559 -6.016756 0.004084 0.003762 0.050867 0.994709 0.089181
1706584699.872770 28.030522 -6.005453 0.010050 0.001016 0.047681 0.995281 0.084501
1706584699.972604 27.936978 -5.986009 0.009582 0.002804 0.046108 0.995426 0.083629
1706584700.072432 27.846433 -5.967244 0.012108 0.003562 0.046923 0.995389 0.083590
1706584700.172263 27.766820 -5.943193 0.018576 0.004903 0.048842 0.994919 0.087899
1706584700.271299 27.670804 -5.917831 0.023238 0.008341 0.050356 0.994243 0.094214
1706584700.372753 27.561127 -5.891522 0.021683 0.006135 0.049463 0.993799 0.099397
1706584700.472586 27.482487 -5.865123 0.016763 0.008658 0.052307 0.992984 0.105699
1706584700.572409 27.430208 -5.851165 0.033273 0.022763 0.045779 0.992112 0.114453
1706584700.671164 27.362663 -5.836509 0.026039 0.026911 0.048667 0.990320 0.127179
1706584700.769685 27.261983 -5.815972 -0.008429 0.005331 0.040850 0.990342 0.132385
1706584700.872738 27.170480 -5.778132 0.001812 0.005062 0.042091 0.989103 0.140990
1706584700.972578 27.075136 -5.740349 0.001566 0.004041 0.040448 0.987869 0.149877
1706584701.072419 26.980027 -5.705578 -0.000032 0.008251 0.045527 0.986822 0.155056
1706584701.172270 26.879413 -5.645117 0.006316 -0.007390 0.056892 0.985066 0.162337
1706584701.272897 26.798603 -5.625067 -0.021579 0.002653 0.043140 0.985647 0.163193
1706584701.372718 26.741274 -5.597199 -0.023499 0.021124 0.042619 0.984726 0.167490
1706584701.471719 26.629036 -5.576365 -0.014450 0.009474 0.037191 0.984584 0.170649
1706584701.570387 26.528958 -5.547889 -0.015150 0.005936 0.033724 0.984934 0.169508
1706584701.669090 26.421681 -5.500749 -0.002990 0.000302 0.044297 0.985103 0.166161
1706584701.772833 26.317548 -5.455073 -0.016440 -0.002355 0.047272 0.986089 0.159337
1706584701.871966 26.217949 -5.413455 -0.009177 -0.000268 0.062376 0.986631 0.150561
1706584701.970786 26.142991 -5.407334 -0.009543 0.008299 0.055934 0.988777 0.138287
1706584702.069613 26.066595 -5.395331 -0.017510 0.016204 0.051717 0.990647 0.125225
1706584702.172582 25.981622 -5.367919 -0.024933 0.019125 0.056463 0.991858 0.112538
1706584702.272420 25.903020 -5.335678 -0.027052 0.024871 0.065714 0.992316 0.101845
1706584702.372244 25.820016 -5.308119 -0.021133 0.023948 0.073995 0.992476 0.094567
1706584702.472869 25.720516 -5.291253 -0.010926 0.015618 0.070738 0.992942 0.093902
1706584702.572715 25.606637 -5.283470 0.010941 0.010321 0.064163 0.993144 0.097171
1706584702.672552 25.503880 -5.291405 0.013070 0.006681 0.049355 0.993846 0.098941
1706584702.772082 25.398637 -5.278301 0.013780 0.005770 0.046964 0.993844 0.100178
1706584702.870736 25.304248 -5.255920 0.005980 0.008291 0.048834 0.993279 0.104614
1706584702.972846 25.219347 -5.229685 0.012471 0.015818 0.053298 0.992354 0.110191
1706584703.072680 25.130463 -5.205845 0.003254 0.017695 0.047223 0.992076 0.115072
1706584703.171910 25.041011 -5.200312 0.006879 0.020507 0.043065 0.991639 0.119904
1706584703.270645 24.947984 -5.177721 0.014161 0.018758 0.042144 0.990883 0.126582
1706584703.369503 24.871644 -5.160194 0.008025 0.023527 0.035220 0.990518 0.130694
1706584703.472469 24.769281 -5.131045 0.003941 0.016659 0.037498 0.990718 0.129592
1706584703.572309 24.675495 -5.115150 0.000943 0.017064 0.036218 0.991003 0.127715
1706584703.672554 24.571377 -5.101335 -0.002191 0.012919 0.034755 0.991113 0.127753
1706584703.772383 24.477659 -5.074385 -0.003733 0.016999 0.030929 0.991045 0.128782
1706584703.872217 24.377226 -5.036518 -0.003547 0.014295 0.034924 0.990702 0.130714
1706584703.972832 24.262549 -5.007454 -0.008000 0.007332 0.032885 0.990344 0.134472
1706584704.071493 24.169713 -4.977134 0.001042 0.007445 0.036621 0.989887 0.136846
1706584704.170253 24.064310 -4.947658 0.006174 0.001777 0.033981 0.990122 0.136019
1706584704.272355 23.964686 -4.913125 0.009474 0.001492 0.041193 0.990357 0.132266
1706584704.372594 23.866585 -4.870206 -0.002196 -0.000080 0.046769 0.990436 0.129802
1706584704.471527 23.775705 -4.839063 0.001213 0.002115 0.053250 0.990564 0.126263
1706584704.570386 23.682672 -4.828494 0.002741 0.006662 0.045653 0.991595 0.120877
1706584704.672909 23.578751 -4.823184 0.010071 0.004232 0.045100 0.992271 0.115527
1706584704.772733 23.469391 -4.813047 0.008356 0.006106 0.038577 0.993048 0.111044
1706584704.872565 23.371511 -4.800951 0.012682 0.005955 0.036070 0.993429 0.108452
1706584704.972408 23.265346 -4.775582 0.004667 0.004466 0.036440 0.993324 0.109362
1706584705.072268 23.155318 -4.751058 -0.004935 0.002370 0.029670 0.993030 0.114038
1706584705.172902 23.031778 -4.713484 -0.003118 -0.002775 0.030282 0.992012 0.122422
1706584705.272567 22.921326 -4.678146 -0.004975 -0.007510 0.030690 0.990956 0.130418
1706584705.371220 22.827091 -4.645368 0.008304 -0.006150 0.031463 0.989912 0.138012
1706584705.469779 22.735851 -4.611393 -0.002266 -0.003011 0.034184 0.988859 0.144849
1706584705.572252 22.651802 -4.575405 0.005974 0.002126 0.036794 0.987545 0.152960
1706584705.672623 22.563788 -4.538702 -0.001311 0.011259 0.040981 0.986641 0.157271
1706584705.771510 22.491284 -4.500118 -0.004938 0.016496 0.047930 0.986472 0.155899
1706584705.870381 22.401551 -4.463757 -0.011084 0.017615 0.052508 0.986733 0.152610
1706584705.972414 22.301644 -4.440114 -0.023118 0.016490 0.050257 0.987622 0.147662
1706584706.072255 22.196811 -4.412175 -0.019189 0.015093 0.047945 0.988498 0.142635
1706584706.172884 22.104565 -4.386056 -0.010397 0.015250 0.041947 0.989492 0.137526
1706584706.272726 22.003901 -4.361671 0.002221 0.014902 0.040488 0.990216 0.132705
1706584706.372569 21.903147 -4.337892 0.021466 0.016405 0.041605 0.991026 0.125967
1706584706.472405 21.800452 -4.318198 0.028969 0.018284 0.038040 0.991607 0.122208
1706584706.572245 21.710778 -4.305866 0.029910 0.026314 0.033560 0.991453 0.123295
1706584706.671057 21.611970 -4.285787 0.028158 0.029447 0.029937 0.991402 0.123932
1706584706.772723 21.522398 -4.259821 0.038316 0.036749 0.033824 0.990896 0.125021
1706584706.872550 21.431703 -4.229948 0.032836 0.040680 0.031528 0.990539 0.127213
1706584706.972396 21.331426 -4.211983 0.031549 0.036985 0.028535 0.990471 0.129561
1706584707.071611 21.227065 -4.173931 0.043417 0.034836 0.031902 0.990203 0.131404
1706584707.170502 21.124418 -4.130173 0.051334 0.030332 0.035376 0.989688 0.135446
1706584707.272718 21.009466 -4.088486 0.063271 0.025447 0.034807 0.989461 0.138232
1706584707.372554 20.892229 -4.053894 0.059468 0.018915 0.036905 0.989129 0.141080
1706584707.472396 20.772005 -4.025819 0.051508 0.016454 0.036310 0.988651 0.144846
1706584707.572237 20.648066 -3.993504 0.059967 0.013236 0.038597 0.988011 0.148897
1706584707.672876 20.502703 -3.935776 0.057282 -0.000118 0.047454 0.987220 0.152135
1706584707.772722 20.378904 -3.884791 0.062720 -0.002534 0.049428 0.985575 0.161838
1706584707.871610 20.256173 -3.850773 0.057923 0.000977 0.039028 0.984470 0.171154
1706584707.969948 20.146185 -3.821138 0.059756 -0.000150 0.029997 0.983026 0.180995
1706584708.068472 20.032398 -3.791167 0.040416 -0.000094 0.022227 0.981656 0.189363
1706584708.172882 19.950612 -3.711476 0.037184 0.009472 0.037761 0.981135 0.189363
1706584708.272454 19.870447 -3.630776 0.032531 0.011410 0.058397 0.980589 0.186830
1706584708.371422 19.785481 -3.597089 0.043769 0.009553 0.062894 0.981948 0.178132
1706584708.470505 19.707588 -3.583498 0.057536 0.014084 0.054740 0.983595 0.171306
1706584708.572252 19.623374 -3.568006 0.060871 0.015653 0.047345 0.985058 0.164847
1706584708.672880 19.545819 -3.547359 0.051192 0.018628 0.045414 0.986219 0.157993
1706584708.772723 19.460279 -3.511776 0.051068 0.019046 0.046394 0.987090 0.152111
1706584708.872560 19.389257 -3.494658 0.044956 0.022234 0.042435 0.987969 0.147043
1706584708.972405 19.302161 -3.471680 0.057449 0.023835 0.045260 0.988706 0.140866
1706584709.072270 19.221849 -3.462906 0.061988 0.021443 0.044435 0.989548 0.135503
1706584709.171040 19.127517 -3.442947 0.064007 0.017690 0.046290 0.990501 0.128264
1706584709.269551 19.030892 -3.412280 0.069540 0.016569 0.049671 0.991488 0.119207
1706584709.372582 18.917472 -3.396419 0.073038 0.013865 0.049729 0.992295 0.112626
1706584709.472422 18.804427 -3.382848 0.073917 0.010764 0.048304 0.993158 0.105776
1706584709.572264 18.680676 -3.356336 0.080679 0.009082 0.047958 0.993984 0.098050
1706584709.671489 18.568258 -3.329313 0.077134 0.012241 0.053331 0.994333 0.091146
1706584709.772719 18.451334 -3.304069 0.080308 0.013094 0.053895 0.994309 0.090964
1706584709.872545 18.353569 -3.293060 0.088345 0.019247 0.045839 0.994315 0.094154
1706584709.972407 18.276385 -3.271536 0.087825 0.030439 0.044049 0.993490 0.100550
1706584710.072237 18.191733 -3.246482 0.090119 0.039377 0.042982 0.992598 0.106546
1706584710.172871 18.096721 -3.222008 0.087030 0.040425 0.044884 0.991777 0.112830
1706584710.272717 18.006879 -3.197357 0.087325 0.042070 0.042835 0.991099 0.118823
1706584710.372382 17.900195 -3.170394 0.097368 0.038369 0.040919 0.990651 0.124354
1706584710.470721 17.790973 -3.141138 0.103885 0.029263 0.042556 0.990537 0.127155
1706584710.569165 17.670238 -3.118789 0.113193 0.019077 0.043668 0.990689 0.127531
1706584710.672873 17.559709 -3.073210 0.119967 0.020468 0.050325 0.990741 0.124419
1706584710.772705 17.444825 -3.030768 0.115687 0.017339 0.056652 0.991018 0.119893
1706584710.872450 17.324852 -3.016489 0.119107 0.016241 0.050029 0.991988 0.114859
1706584710.972077 17.222897 -2.998569 0.118632 0.022197 0.047699 0.992578 0.109638
1706584711.072227 17.126377 -2.972786 0.121212 0.025716 0.050123 0.993036 0.103469
1706584711.172861 17.017127 -2.954237 0.125709 0.026733 0.047217 0.993448 0.100588
1706584711.272703 16.903052 -2.924887 0.131256 0.025645 0.046840 0.993576 0.099773
1706584711.372537 16.802152 -2.901999 0.137101 0.024671 0.050793 0.993096 0.102818
1706584711.472372 16.679104 -2.869679 0.139510 0.016797 0.049616 0.993240 0.103591
1706584711.572213 16.553011 -2.842246 0.142689 0.012121 0.054129 0.992343 0.110353
1706584711.671466 16.432848 -2.836099 0.143632 0.006916 0.047298 0.992396 0.113426
1706584711.770126 16.328391 -2.819515 0.149460 0.009920 0.041085 0.992379 0.115744
1706584711.872566 16.220984 -2.775604 0.143885 0.004640 0.046205 0.991838 0.118748
1706584711.972402 16.121875 -2.720173 0.155765 0.012741 0.053789 0.990807 0.123474
1706584712.072237 16.020397 -2.686716 0.157243 0.018746 0.053686 0.989773 0.130825
1706584712.172040 15.934196 -2.685736 0.168096 0.025733 0.040612 0.989145 0.138855
1706584712.272721 15.848238 -2.682055 0.163426 0.029148 0.025501 0.989336 0.140409
1706584712.372557 15.769951 -2.650438 0.161554 0.036348 0.032394 0.988974 0.139860
1706584712.472416 15.700987 -2.581272 0.160499 0.044615 0.048708 0.988013 0.139524
1706584712.572241 15.601664 -2.517438 0.159126 0.041456 0.063593 0.987236 0.140006
1706584712.672890 15.499495 -2.481630 0.171080 0.036929 0.064040 0.987886 0.136439
1706584712.772744 15.389752 -2.461385 0.172840 0.031481 0.063437 0.988584 0.132988
1706584712.872594 15.288872 -2.445880 0.177588 0.028685 0.057149 0.989490 0.129691
1706584712.971298 15.185339 -2.436822 0.191184 0.029959 0.048973 0.990437 0.125451
1706584713.069919 15.076503 -2.420004 0.201150 0.028948 0.046719 0.991340 0.119268
1706584713.172891 14.966313 -2.404131 0.210790 0.030876 0.044006 0.992146 0.112948
1706584713.272726 14.853256 -2.380154 0.205709 0.024792 0.044873 0.992786 0.108384
1706584713.372546 14.727949 -2.343484 0.199960 0.015310 0.049236 0.992867 0.107500
1706584713.472389 14.600858 -2.311615 0.199470 0.010275 0.052738 0.993050 0.104710
1706584713.572233 14.501115 -2.304247 0.210069 0.016365 0.049515 0.993337 0.102772
1706584713.672862 14.400289 -2.312731 0.225144 0.016822 0.038612 0.993999 0.100952
1706584713.772699 14.311137 -2.302414 0.220406 0.023434 0.036255 0.994170 0.098807
1706584713.872540 14.238796 -2.267629 0.216341 0.035753 0.043671 0.994130 0.092305
1706584713.972384 14.162870 -2.201695 0.211001 0.044287 0.065790 0.992767 0.090128
1706584714.072208 14.068776 -2.156851 0.222211 0.038265 0.072106 0.992460 0.091428
1706584714.172330 13.966263 -2.159697 0.226822 0.030077 0.066101 0.993039 0.092737
1706584714.270967 13.862718 -2.192033 0.225210 0.027211 0.040095 0.994203 0.095982
1706584714.369592 13.750615 -2.201969 0.230728 0.022185 0.026481 0.994674 0.097111
1706584714.472328 13.622916 -2.181636 0.235605 0.014423 0.022671 0.995188 0.094229
1706584714.572560 13.497060 -2.130131 0.241977 0.012589 0.034342 0.994684 0.096258
1706584714.672417 13.366752 -2.084343 0.246976 0.010831 0.041712 0.993960 0.100927
1706584714.772285 13.245526 -2.055364 0.249156 0.013703 0.039161 0.993626 0.104811
1706584714.872936 13.114696 -2.036252 0.252950 0.008862 0.035473 0.993410 0.108625
1706584714.972775 13.000287 -2.018515 0.259412 0.017031 0.033771 0.992642 0.115028
1706584715.072630 12.883452 -1.985574 0.252185 0.011327 0.029723 0.992463 0.118341
1706584715.172469 12.784429 -1.957634 0.256075 0.014940 0.028528 0.991821 0.123506
1706584715.272298 12.684858 -1.926375 0.261691 0.017314 0.030068 0.991133 0.128265
1706584715.372540 12.578780 -1.906617 0.257215 0.013422 0.024654 0.990354 0.135684
1706584715.471879 12.470570 -1.866206 0.251471 0.009984 0.028099 0.989301 0.142810
1706584715.570599 12.379355 -1.831353 0.251154 0.013782 0.029234 0.987957 0.151315
1706584715.669229 12.277037 -1.806875 0.261215 0.010862 0.023271 0.987185 0.157501
1706584715.772715 12.170563 -1.763504 0.268586 0.010883 0.028615 0.986453 0.161163
1706584715.872545 12.067449 -1.720055 0.275063 0.017990 0.029227 0.985434 0.166561
1706584715.972378 11.974564 -1.674193 0.271380 0.028219 0.032360 0.984407 0.170584
1706584716.072214 11.858489 -1.634052 0.267536 0.025762 0.029695 0.983806 0.174870
1706584716.172855 11.745859 -1.592119 0.271243 0.022217 0.031873 0.983681 0.175678
1706584716.272717 11.630444 -1.543839 0.267525 0.020043 0.033710 0.983438 0.176948
1706584716.371505 11.506764 -1.480932 0.268823 0.010463 0.041098 0.983366 0.176615
1706584716.470040 11.391638 -1.441038 0.266739 0.007398 0.035944 0.983136 0.179154
1706584716.572236 11.275005 -1.402925 0.265797 0.007243 0.029735 0.983157 0.180183
1706584716.672877 11.173758 -1.367959 0.269142 0.013194 0.026786 0.982901 0.181697
1706584716.771574 11.059197 -1.330188 0.258989 0.008821 0.024677 0.982892 0.182310
1706584716.870219 10.950098 -1.276034 0.270443 0.008186 0.034055 0.983258 0.178823
1706584716.968871 10.831055 -1.230989 0.266233 0.004832 0.033700 0.983970 0.175055
1706584717.072267 10.722301 -1.192424 0.268032 0.005943 0.038718 0.984978 0.168179
1706584717.172898 10.630716 -1.173983 0.264172 0.009239 0.029523 0.985525 0.166682
1706584717.272738 10.538161 -1.148488 0.262505 0.007736 0.027357 0.986125 0.163555
1706584717.372572 10.465583 -1.108991 0.260461 0.011369 0.033749 0.986351 0.160760
1706584717.472401 10.376109 -1.062620 0.265021 0.013873 0.040481 0.986750 0.156504
1706584717.572242 10.289246 -1.039499 0.263376 0.016418 0.042965 0.986861 0.154889
1706584717.671208 10.195812 -1.015066 0.267464 0.012669 0.041014 0.986823 0.156003
1706584717.769803 10.094666 -0.988749 0.266512 0.009798 0.036713 0.987109 0.155472
1706584717.872559 9.998921 -0.947384 0.273513 0.009936 0.040202 0.987630 0.151235
1706584717.972389 9.897654 -0.901866 0.278857 0.011164 0.049824 0.987683 0.147905
1706584718.071208 9.805015 -0.869613 0.277982 0.011665 0.049847 0.988032 0.145507
1706584718.169871 9.703718 -0.841654 0.276354 0.010917 0.050688 0.988841 0.139658
1706584718.268589 9.606394 -0.819696 0.274660 0.010107 0.049442 0.989583 0.134832
1706584718.372543 9.498745 -0.798342 0.281607 0.008956 0.048051 0.990695 0.127024
1706584718.472380 9.398113 -0.773432 0.278012 0.015079 0.050278 0.991494 0.119101
1706584718.572223 9.287792 -0.747991 0.273368 0.008769 0.052280 0.992144 0.113315
1706584718.672856 9.168758 -0.729338 0.273165 0.003031 0.054124 0.992915 0.105738
1706584718.772680 9.070058 -0.709849 0.275056 0.007111 0.053260 0.993742 0.097925
1706584718.872518 8.961379 -0.700691 0.269407 0.003545 0.051419 0.994450 0.091725
1706584718.971620 8.853480 -0.692749 0.267328 0.001827 0.046285 0.995341 0.084563
1706584719.072589 8.743408 -0.675855 0.271253 0.003211 0.047142 0.995929 0.076770
1706584719.172406 8.643231 -0.665385 0.270754 0.008702 0.045799 0.996374 0.071172
1706584719.272237 8.538171 -0.659720 0.272958 0.009450 0.042676 0.996865 0.065954
1706584719.370982 8.442675 -0.651512 0.271503 0.017579 0.041485 0.997070 0.061821
1706584719.469670 8.329420 -0.647692 0.274869 0.016679 0.038659 0.997399 0.058504
1706584719.572549 8.215432 -0.631498 0.284439 0.018604 0.038523 0.997648 0.053557
1706584719.672400 8.133402 -0.610168 0.295745 0.028965 0.042681 0.997256 0.053097
1706584719.772235 8.051846 -0.597304 0.294086 0.031454 0.045137 0.996906 0.056132
1706584719.872888 7.946452 -0.586374 0.291836 0.028863 0.046137 0.997054 0.054058
1706584719.972721 7.818040 -0.576602 0.286377 0.017992 0.046426 0.997416 0.051789
1706584720.072563 7.709715 -0.571313 0.292045 0.021832 0.043411 0.997479 0.051708
1706584720.172396 7.593218 -0.548148 0.300202 0.014053 0.048556 0.997788 0.043165
1706584720.271724 7.515224 -0.503644 0.313477 0.021410 0.062120 0.996411 0.053366
1706584720.372885 7.457000 -0.483104 0.312764 0.040074 0.068884 0.995191 0.056953
1706584720.472721 7.379155 -0.507357 0.310280 0.048400 0.056196 0.994989 0.067052
1706584720.572260 7.265660 -0.535148 0.305317 0.046247 0.033355 0.995719 0.072750
1706584720.670892 7.145831 -0.527929 0.318612 0.036153 0.028138 0.996175 0.074409
1706584720.769671 7.050036 -0.503467 0.322978 0.037932 0.033165 0.995499 0.080269
1706584720.872873 6.919684 -0.474750 0.336255 0.023078 0.030671 0.995041 0.091758
1706584720.972725 6.804231 -0.465086 0.342181 0.023505 0.024230 0.994388 0.100263
1706584721.072571 6.698439 -0.428816 0.348583 0.032824 0.023803 0.993830 0.103235
1706584721.172403 6.628975 -0.379313 0.357971 0.052470 0.036278 0.991624 0.112310
1706584721.272247 6.515923 -0.325073 0.362290 0.043631 0.045738 0.990542 0.121785
1706584721.372881 6.387127 -0.284353 0.360409 0.033670 0.049170 0.990037 0.127578
1706584721.471976 6.255967 -0.247871 0.370017 0.024866 0.047760 0.989619 0.133248
1706584721.570573 6.116376 -0.203772 0.380794 0.007926 0.049027 0.988783 0.140858
1706584721.672433 5.981281 -0.173790 0.390017 -0.003858 0.043729 0.987518 0.151268
1706584721.772264 5.885427 -0.149889 0.391472 0.009752 0.039376 0.986500 0.158656
1706584721.871842 5.776973 -0.131340 0.385421 0.017841 0.031858 0.986327 0.160704
1706584721.970587 5.669706 -0.099366 0.392728 0.017971 0.029686 0.986828 0.158009
1706584722.069407 5.566322 -0.065546 0.390630 0.020816 0.032276 0.987419 0.153391
1706584722.172420 5.464973 -0.029395 0.389518 0.021850 0.033328 0.987882 0.150005
1706584722.272275 5.363563 -0.001637 0.389135 0.020283 0.035627 0.988372 0.146423
1706584722.372910 5.270249 0.021854 0.390360 0.021472 0.034526 0.988816 0.143492
1706584722.472749 5.165751 0.049079 0.381476 0.011794 0.035981 0.989639 0.138493
1706584722.572591 5.038098 0.085084 0.367391 -0.010600 0.039329 0.990362 0.132379
1706584722.672432 4.938841 0.108085 0.366827 -0.011745 0.038222 0.991204 0.126161
1706584722.771842 4.832346 0.138217 0.369338 -0.018775 0.040167 0.991837 0.119553
1706584722.872901 4.725047 0.173538 0.370180 -0.020519 0.043639 0.992425 0.112996
1706584722.972740 4.617165 0.200953 0.368988 -0.022591 0.047052 0.992769 0.108099
1706584723.072568 4.547590 0.206296 0.356974 0.003371 0.044133 0.993474 0.105124
1706584723.171583 4.462858 0.199578 0.352778 0.012000 0.033481 0.993566 0.107527
1706584723.270223 4.344355 0.196143 0.351481 0.003076 0.023405 0.993675 0.109788
1706584723.372873 4.264801 0.211231 0.352050 0.009221 0.020886 0.993988 0.107082
1706584723.472714 4.178164 0.232999 0.352639 0.011870 0.020129 0.994125 0.105690
1706584723.572538 4.082598 0.255709 0.356147 0.015131 0.023304 0.993910 0.106637
1706584723.672378 3.968797 0.279772 0.360328 0.011734 0.021198 0.993591 0.110409
1706584723.772224 3.862916 0.306121 0.356086 0.012390 0.023078 0.992990 0.115260
1706584723.872874 3.743053 0.330687 0.356644 0.007876 0.020894 0.992364 0.121309
1706584723.972721 3.634201 0.352652 0.358429 0.003971 0.018005 0.992101 0.124082
1706584724.071626 3.532154 0.382276 0.355539 0.002753 0.020077 0.992103 0.123776
1706584724.170338 3.432990 0.413659 0.356543 0.004676 0.024873 0.992113 0.122762
1706584724.272230 3.327083 0.435711 0.355960 0.008768 0.022078 0.991928 0.124555
1706584724.372627 3.227078 0.442638 0.366850 0.012457 0.015291 0.992002 0.124669
1706584724.471434 3.129242 0.473745 0.376005 0.017336 0.018235 0.992109 0.122830
1706584724.570293 3.041195 0.522738 0.376633 0.020624 0.026278 0.992086 0.121038
1706584724.672407 2.937853 0.560774 0.375539 0.022783 0.031440 0.991821 0.121584
1706584724.772256 2.828093 0.582214 0.382576 0.020719 0.024945 0.991912 0.122714
1706584724.872902 2.709814 0.600210 0.380389 0.013902 0.021412 0.992068 0.123086
1706584724.972742 2.596685 0.632459 0.377458 0.011016 0.022404 0.992107 0.122882
1706584725.072588 2.484543 0.656491 0.382725 0.009062 0.020770 0.991876 0.125178
1706584725.172439 2.375187 0.684391 0.385068 0.012623 0.019934 0.991614 0.127064
1706584725.272284 2.256747 0.718221 0.380482 0.011192 0.022598 0.991383 0.128548
1706584725.371320 2.141244 0.746237 0.378915 0.011219 0.020616 0.991055 0.131376
1706584725.472764 2.022501 0.765441 0.381572 0.010010 0.015128 0.990776 0.134291
1706584725.572598 1.910855 0.798195 0.381514 0.008439 0.017590 0.990731 0.134430
1706584725.672430 1.802505 0.833122 0.379645 0.007454 0.021939 0.990675 0.134260
1706584725.771245 1.696197 0.864660 0.377247 0.004564 0.024539 0.990810 0.132940
1706584725.870129 1.588473 0.898143 0.374434 0.008172 0.026598 0.991030 0.130713
1706584725.972737 1.478431 0.940554 0.379038 0.007922 0.034131 0.991572 0.124731
1706584726.072582 1.385075 0.984164 0.381113 0.009980 0.041813 0.991566 0.122265
1706584726.172424 1.266285 1.000746 0.383610 0.005577 0.035411 0.991456 0.125420
1706584726.272272 1.163553 1.003200 0.382881 0.009227 0.024578 0.991509 0.127358
1706584726.372923 1.057015 1.026778 0.386585 0.008109 0.021316 0.992040 0.123837
1706584726.472780 0.941779 1.074274 0.383913 0.003390 0.029741 0.992046 0.122268
1706584726.572447 0.831404 1.132299 0.387113 0.000968 0.041753 0.991875 0.120164
1706584726.669933 0.741036 1.169226 0.389172 0.004666 0.049844 0.991858 0.117093
1706584726.772300 0.624254 1.193264 0.385321 0.000619 0.046697 0.991753 0.119354
1706584726.872543 0.511694 1.205733 0.386179 0.003881 0.040361 0.992293 0.117094
1706584726.972275 0.397081 1.221537 0.383615 0.003771 0.038019 0.992383 0.117117
1706584727.071191 0.293351 1.247568 0.383172 0.004502 0.038800 0.992378 0.116873
1706584727.170086 0.179216 1.256182 0.379892 0.000332 0.032186 0.992498 0.117945
1706584727.272712 0.050119 1.273021 0.377901 -0.003058 0.025576 0.992643 0.118304
1706584727.372552 -0.063025 1.303292 0.374531 -0.002881 0.027983 0.992481 0.119121
1706584727.472398 -0.167490 1.345620 0.373287 -0.000315 0.033890 0.992405 0.118253
1706584727.572234 -0.292757 1.377656 0.373357 -0.003755 0.038509 0.992113 0.119226
1706584727.672888 -0.392175 1.389669 0.370712 0.003373 0.031522 0.992080 0.121541
1706584727.772724 -0.504903 1.411646 0.372335 0.005458 0.025254 0.992115 0.122642
1706584727.871359 -0.604527 1.443597 0.371374 0.008159 0.027886 0.991880 0.123813
1706584727.969669 -0.705986 1.470903 0.367115 0.005007 0.027409 0.991682 0.125660
1706584728.072240 -0.813005 1.499235 0.369624 0.004117 0.024666 0.991562 0.127196
1706584728.172875 -0.921629 1.530710 0.370359 0.004481 0.025139 0.991306 0.129077
1706584728.272192 -1.027392 1.561024 0.368128 0.005859 0.025835 0.991263 0.129212
1706584728.371178 -1.129173 1.591234 0.367515 0.005412 0.027642 0.991290 0.128653
1706584728.470274 -1.241399 1.624864 0.361300 0.008093 0.028725 0.990974 0.130692
1706584728.572229 -1.355506 1.648025 0.358944 0.003852 0.025123 0.991150 0.130294
1706584728.672869 -1.466500 1.673522 0.358085 0.000973 0.025656 0.991557 0.127102
1706584728.772690 -1.572259 1.699856 0.356588 0.001189 0.026588 0.991935 0.123923
1706584728.872527 -1.666039 1.715896 0.353081 0.001473 0.025776 0.992495 0.119527
1706584728.972377 -1.746667 1.735674 0.359351 0.002809 0.026080 0.993296 0.112581
1706584729.072166 -1.837706 1.762403 0.356962 0.004584 0.030284 0.993757 0.107277
1706584729.170698 -1.933906 1.775859 0.359686 0.007572 0.028988 0.994205 0.103245
1706584729.272694 -2.016845 1.776135 0.361413 0.007812 0.024866 0.994876 0.097681
1706584729.372532 -2.106764 1.789635 0.361777 0.006320 0.025153 0.995221 0.094141
1706584729.472389 -2.176603 1.806119 0.359486 0.011420 0.025230 0.995704 0.088351
1706584729.572174 -2.249657 1.817510 0.361662 0.006781 0.027750 0.995996 0.084705
1706584729.671301 -2.310499 1.822544 0.360917 0.009914 0.025734 0.996462 0.079385
1706584729.772715 -2.386000 1.831764 0.355381 0.007636 0.025644 0.996810 0.075191
1706584729.872568 -2.444908 1.845792 0.352787 0.010701 0.028967 0.997046 0.070332
1706584729.972411 -2.511674 1.848095 0.356598 0.009016 0.026851 0.997330 0.067317
1706584730.072266 -2.592460 1.857709 0.358845 0.007413 0.025361 0.997630 0.063526
1706584730.172903 -2.677115 1.872354 0.363367 0.006048 0.027666 0.997895 0.058341
1706584730.272743 -2.764520 1.888109 0.366663 0.004183 0.029193 0.998088 0.054327
1706584730.371616 -2.854479 1.890701 0.363337 0.001091 0.027489 0.998276 0.051839
1706584730.470175 -2.951449 1.891709 0.358682 -0.001825 0.023895 0.998550 0.048204
1706584730.572268 -3.042607 1.904355 0.361909 -0.001109 0.027947 0.998629 0.044253
1706584730.672905 -3.146123 1.908877 0.357962 -0.006361 0.026983 0.998786 0.040706
1706584730.772737 -3.230527 1.921836 0.363962 -0.001774 0.028434 0.998907 0.037059
1706584730.872182 -3.321666 1.929017 0.365364 -0.001566 0.027564 0.999037 0.034111
1706584730.970809 -3.395522 1.939173 0.362726 0.006028 0.028046 0.998986 0.034697
1706584731.072271 -3.492073 1.943137 0.363722 0.009026 0.025416 0.998928 0.037628
1706584731.172908 -3.576176 1.960870 0.365965 0.013191 0.030187 0.998632 0.040605
1706584731.272750 -3.659924 1.974707 0.371281 0.017840 0.031731 0.998194 0.047790
1706584731.372586 -3.745517 1.978251 0.375837 0.018457 0.029512 0.998030 0.052194
1706584731.472435 -3.839153 1.981974 0.373004 0.018231 0.026046 0.997719 0.059551
1706584731.572270 -3.931774 1.991020 0.372298 0.014771 0.026660 0.997401 0.065285
1706584731.671367 -4.026866 2.010957 0.374940 0.017272 0.028155 0.996928 0.071011
1706584731.769916 -4.121747 2.035652 0.379426 0.016199 0.029387 0.996450 0.077204
1706584731.872612 -4.222646 2.064861 0.379637 0.016180 0.033928 0.995631 0.085480
1706584731.972458 -4.321985 2.087739 0.378032 0.014492 0.033914 0.995081 0.091943
1706584732.072300 -4.415273 2.112869 0.375221 0.014615 0.035716 0.994347 0.098916
1706584732.172548 -4.508145 2.141750 0.371007 0.015630 0.035479 0.993673 0.105412
1706584732.272384 -4.589636 2.161215 0.372987 0.014965 0.035599 0.992913 0.112394
1706584732.372234 -4.674071 2.185685 0.378203 0.015172 0.035120 0.992299 0.117806
1706584732.472873 -4.776345 2.213943 0.378448 0.015932 0.033642 0.991546 0.124304
1706584732.572731 -4.862253 2.238738 0.382413 0.013811 0.034622 0.990915 0.129220
1706584732.672574 -4.940632 2.261968 0.379186 0.016779 0.033830 0.990359 0.133281
1706584732.772423 -5.031988 2.301357 0.376135 0.013571 0.038894 0.989530 0.138324
1706584732.872256 -5.123328 2.325580 0.383026 0.011911 0.038388 0.988760 0.144010
1706584732.970902 -5.210325 2.351418 0.384626 0.009457 0.035934 0.988135 0.149025
1706584733.069534 -5.303467 2.381547 0.381450 0.009038 0.035197 0.987176 0.155447
1706584733.172579 -5.400169 2.413210 0.383549 0.011302 0.030828 0.986215 0.162181
1706584733.272420 -5.495678 2.447555 0.384916 0.011061 0.031365 0.985285 0.167652
1706584733.372261 -5.578990 2.478654 0.384879 0.014232 0.030117 0.984284 0.173422
1706584733.472892 -5.666980 2.513349 0.381381 0.015349 0.028826 0.983240 0.179367
1706584733.572738 -5.742216 2.542187 0.380340 0.013072 0.027605 0.982320 0.184700
1706584733.672581 -5.823884 2.572929 0.381549 0.014329 0.026875 0.981964 0.186599
1706584733.772413 -5.904672 2.608506 0.381635 0.013986 0.029432 0.981687 0.187694
1706584733.872251 -5.985400 2.639679 0.379479 0.013409 0.031998 0.981745 0.187008
1706584733.972879 -6.054030 2.668528 0.377963 0.014795 0.030468 0.981608 0.187880
1706584734.072711 -6.128514 2.700621 0.380884 0.014641 0.028501 0.981322 0.189684
1706584734.172026 -6.197118 2.731118 0.385954 0.014395 0.026585 0.981265 0.190278
1706584734.270699 -6.269045 2.762267 0.390925 0.019681 0.027145 0.980931 0.191443
1706584734.369306 -6.352550 2.796809 0.393595 0.018059 0.027760 0.980409 0.194169
1706584734.472903 -6.439367 2.833065 0.393427 0.018833 0.026979 0.980080 0.195857
1706584734.572732 -6.526035 2.859153 0.395225 0.016359 0.024049 0.980127 0.196229
1706584734.672578 -6.591345 2.890943 0.404247 0.019409 0.024132 0.980306 0.195043
1706584734.772413 -6.659502 2.924375 0.406829 0.018114 0.026811 0.980715 0.192748
1706584734.872245 -6.735313 2.964278 0.404030 0.016057 0.031811 0.981164 0.189863
1706584734.972879 -6.822305 2.994747 0.399224 0.010704 0.033346 0.981585 0.187789
1706584735.072729 -6.892511 3.014786 0.395865 0.012440 0.032359 0.981859 0.186418
1706584735.172573 -6.975718 3.044494 0.391001 0.007924 0.033389 0.982241 0.184461
1706584735.272397 -7.038837 3.060145 0.384936 0.011405 0.029126 0.982646 0.182834
1706584735.372219 -7.110904 3.090420 0.383860 0.005674 0.029969 0.983058 0.180740
1706584735.471630 -7.172175 3.114773 0.394707 0.003827 0.031927 0.983238 0.179467
1706584735.570273 -7.227029 3.139691 0.396013 0.005346 0.034156 0.983439 0.177910
1706584735.668970 -7.279824 3.169002 0.394791 0.006923 0.039477 0.983393 0.177007
1706584735.772394 -7.348702 3.197830 0.395716 0.010111 0.036377 0.983014 0.179604
1706584735.872237 -7.409634 3.217432 0.393386 0.010056 0.034267 0.982632 0.182094
1706584735.972856 -7.462673 3.241685 0.394156 0.013832 0.032037 0.982310 0.183985
1706584736.072700 -7.534982 3.268333 0.402109 0.012785 0.029593 0.982098 0.185594
1706584736.172527 -7.593117 3.287171 0.403485 0.014170 0.026879 0.981276 0.190193
1706584736.272361 -7.646372 3.302214 0.405041 0.018277 0.021035 0.980379 0.195141
1706584736.371712 -7.702329 3.329458 0.408684 0.018324 0.024594 0.979360 0.199784
1706584736.472413 -7.762606 3.348785 0.411333 0.013796 0.021171 0.979008 0.202250
1706584736.572273 -7.817073 3.368637 0.421238 0.015599 0.019501 0.977942 0.207381
1706584736.672798 -7.884261 3.407515 0.431391 0.014559 0.023562 0.977086 0.211037
1706584736.771441 -7.945099 3.431106 0.434612 0.014443 0.018451 0.975763 0.217571
1706584736.870101 -8.016965 3.445536 0.448580 0.010762 0.009884 0.974696 0.223057
1706584736.968780 -8.085751 3.471018 0.455776 0.008721 0.008882 0.974157 0.225527
1706584737.072233 -8.153734 3.525980 0.457606 0.007514 0.020269 0.973575 0.227341
1706584737.172875 -8.219933 3.568209 0.446529 0.008475 0.021989 0.972210 0.232922
1706584737.272705 -8.293077 3.597366 0.440151 0.008339 0.020068 0.971502 0.236033
1706584737.372539 -8.368560 3.635955 0.430581 0.008571 0.018604 0.970324 0.240938
1706584737.472390 -8.430092 3.682240 0.433043 0.006987 0.022917 0.969367 0.244444
1706584737.572047 -8.486399 3.721552 0.417175 0.005819 0.022786 0.968527 0.247795
1706584737.670623 -8.554143 3.744614 0.419669 0.000170 0.020126 0.968299 0.248983
1706584737.769205 -8.632543 3.775209 0.408405 -0.006587 0.019209 0.967618 0.251601
1706584737.872544 -8.691986 3.818996 0.407927 -0.010519 0.023903 0.966897 0.253828
1706584737.972018 -8.747660 3.848314 0.417891 -0.013378 0.023590 0.966687 0.254520
1706584738.070940 -8.784600 3.867262 0.411016 -0.014486 0.020114 0.966430 0.255733
1706584738.169594 -8.811431 3.889721 0.408890 -0.016588 0.020350 0.965554 0.258875
1706584738.272732 -8.843592 3.917705 0.406573 -0.018642 0.026591 0.964822 0.260892
1706584738.372292 -8.867088 3.939552 0.407731 -0.018298 0.026237 0.964073 0.263703
1706584738.472319 -8.888508 3.952179 0.417905 -0.020211 0.024594 0.963342 0.266380
1706584738.572247 -8.922445 3.979961 0.416343 -0.022273 0.019371 0.962396 0.270043
1706584738.672815 -8.954695 3.996302 0.411215 -0.021797 0.019555 0.961536 0.273113
1706584738.772656 -8.991407 4.007037 0.415569 -0.022311 0.018191 0.960826 0.275652
1706584738.871267 -9.014147 4.014205 0.407339 -0.021853 0.013814 0.960247 0.277953
1706584738.969879 -9.033088 4.029146 0.416851 -0.021949 0.015184 0.959613 0.280055
1706584739.068517 -9.053598 4.045301 0.409447 -0.019961 0.018410 0.959332 0.280972
1706584739.172882 -9.073496 4.058578 0.408660 -0.017120 0.017359 0.958898 0.282703
1706584739.270914 -9.088655 4.075581 0.409628 -0.015941 0.016619 0.958440 0.284364
1706584739.370475 -9.109470 4.091373 0.418193 -0.014782 0.022374 0.958142 0.285034
1706584739.469367 -9.123480 4.101893 0.425842 -0.014789 0.025002 0.957990 0.285327
1706584739.572264 -9.131949 4.103304 0.428133 -0.014000 0.023554 0.957614 0.286750
1706584739.672899 -9.135397 4.100875 0.428722 -0.013404 0.025741 0.957450 0.287136
1706584739.772742 -9.146501 4.100221 0.429914 -0.013678 0.023964 0.957552 0.286937
1706584739.872508 -9.135199 4.095287 0.436654 -0.014305 0.025949 0.957620 0.286506
1706584739.972345 -9.136539 4.090472 0.431260 -0.013856 0.025448 0.957465 0.287091
1706584740.072172 -9.142421 4.091275 0.428651 -0.013339 0.024803 0.957490 0.287089
1706584740.170809 -9.134550 4.095338 0.427419 -0.013228 0.025557 0.957528 0.286900
1706584740.269457 -9.150875 4.098246 0.429502 -0.013798 0.025118 0.957476 0.287085
1706584740.368112 -9.163568 4.101141 0.431475 -0.013879 0.022953 0.957388 0.287557
1706584740.471961 -9.157944 4.105080 0.423071 -0.013700 0.023859 0.957551 0.286947
1706584740.571511 -9.168469 4.113221 0.430856 -0.014317 0.022999 0.957699 0.286495
1706584740.670423 -9.164889 4.118143 0.433708 -0.013958 0.024836 0.957873 0.285776
1706584740.768956 -9.179577 4.124038 0.435063 -0.014464 0.024310 0.957818 0.285980
1706584740.872394 -9.156702 4.124940 0.437269 -0.014163 0.020059 0.957754 0.286539
1706584740.972426 -9.163024 4.133506 0.437188 -0.013732 0.020992 0.958165 0.285116
1706584741.072255 -9.156118 4.135788 0.432372 -0.013676 0.021917 0.958074 0.285353
1706584741.172849 -9.143357 4.127675 0.428698 -0.013499 0.022791 0.958001 0.285539
1706584741.272612 -9.123556 4.117837 0.420962 -0.011925 0.023178 0.958060 0.285378
1706584741.371823 -9.120998 4.111970 0.420717 -0.012981 0.023389 0.957794 0.286207
1706584741.470470 -9.122633 4.098341 0.420855 -0.014463 0.024800 0.957588 0.286708
1706584741.569136 -9.129967 4.090484 0.427618 -0.014241 0.023856 0.957467 0.287203
1706584741.672896 -9.123632 4.089769 0.416712 -0.013105 0.022913 0.957570 0.286990
1706584741.772531 -9.109938 4.087264 0.421124 -0.014042 0.022719 0.957516 0.287140
1706584741.871430 -9.097638 4.088603 0.417565 -0.013461 0.024326 0.957545 0.286940
1706584741.969971 -9.080432 4.082533 0.419024 -0.013384 0.024392 0.957574 0.286840
1706584742.068937 -9.087158 4.087644 0.424016 -0.013648 0.022240 0.957565 0.287035
1706584742.172889 -9.088574 4.086460 0.416793 -0.012171 0.020715 0.957407 0.287742
1706584742.272722 -9.085603 4.088198 0.409823 -0.013087 0.021607 0.957605 0.286976
1706584742.372555 -9.087723 4.093353 0.407550 -0.012487 0.023415 0.957803 0.286198
1706584742.472394 -9.096371 4.099107 0.403521 -0.012101 0.023439 0.957874 0.285974
1706584742.572235 -9.095639 4.095591 0.409617 -0.013305 0.025145 0.957795 0.286040
1706584742.671509 -9.094539 4.094752 0.409924 -0.013089 0.025151 0.957751 0.286197
1706584742.770160 -9.101735 4.091635 0.414553 -0.012040 0.022861 0.957518 0.287215
1706584742.868830 -9.105991 4.093089 0.417625 -0.013051 0.023161 0.957674 0.286624
1706584742.967520 -9.111074 4.086186 0.423327 -0.014228 0.023106 0.957437 0.287365
1706584743.072203 -9.115679 4.088912 0.423879 -0.013308 0.024193 0.957491 0.287138
1706584743.171005 -9.119908 4.089424 0.430472 -0.014045 0.022642 0.957418 0.287473
1706584743.269933 -9.129290 4.096937 0.436202 -0.014118 0.023583 0.957596 0.286800
1706584743.368812 -9.125220 4.098482 0.440205 -0.013946 0.022707 0.957630 0.286767
1706584743.467688 -9.117596 4.098409 0.434308 -0.014585 0.025431 0.957758 0.286078
1706584743.572602 -9.112778 4.095013 0.433252 -0.014100 0.023697 0.957619 0.286716
1706584743.672439 -9.108402 4.096116 0.417689 -0.012763 0.022293 0.957635 0.286838
1706584743.772274 -9.103673 4.102701 0.424766 -0.013077 0.024012 0.957894 0.285817
1706584743.872524 -9.098844 4.106279 0.426110 -0.013574 0.023745 0.957995 0.285479
1706584743.971201 -9.100948 4.097619 0.436692 -0.013867 0.022841 0.957669 0.286629
1706584744.069863 -9.098140 4.095418 0.435782 -0.013747 0.023738 0.957697 0.286468
1706584744.168554 -9.107420 4.086172 0.438779 -0.013918 0.022627 0.957414 0.287494
1706584744.272267 -9.115757 4.085795 0.432910 -0.013688 0.025022 0.957513 0.286977
1706584744.372018 -9.122492 4.087243 0.436632 -0.014601 0.024614 0.957528 0.286917
1706584744.470906 -9.116591 4.089028 0.433540 -0.014052 0.024769 0.957484 0.287077
1706584744.569866 -9.107708 4.087093 0.436294 -0.014169 0.024208 0.957434 0.287288
1706584744.668492 -9.104360 4.089878 0.433128 -0.013657 0.024384 0.957573 0.286833
1706584744.771090 -9.093719 4.090973 0.429930 -0.013913 0.023117 0.957553 0.286991
1706584744.872920 -9.090876 4.093361 0.435557 -0.014478 0.023208 0.957664 0.286586
1706584744.972745 -9.087013 4.094327 0.434451 -0.014132 0.022567 0.957726 0.286448
1706584745.072215 -9.078519 4.092997 0.436100 -0.013963 0.022459 0.957739 0.286419
1706584745.172218 -9.091534 4.087301 0.439770 -0.013824 0.022391 0.957580 0.286962
1706584745.270881 -9.090517 4.087343 0.436788 -0.013612 0.022873 0.957529 0.287105
1706584745.369575 -9.083942 4.082034 0.432453 -0.013256 0.023096 0.957496 0.287216
1706584745.468308 -9.071313 4.078674 0.426383 -0.013451 0.023972 0.957528 0.287027
1706584745.572586 -9.076161 4.078647 0.420268 -0.012937 0.024361 0.957575 0.286862
1706584745.671978 -9.076732 4.072805 0.417834 -0.012805 0.023942 0.957413 0.287443
1706584745.770869 -9.087251 4.065075 0.423416 -0.013254 0.025681 0.957327 0.287559
1706584745.869803 -9.076635 4.074510 0.427228 -0.014167 0.025521 0.957597 0.286629
1706584745.972143 -9.072014 4.075170 0.430955 -0.014182 0.025124 0.957482 0.287048
1706584746.072600 -9.053700 4.073578 0.442222 -0.015062 0.024852 0.957573 0.286720
1706584746.172447 -9.053747 4.081241 0.444120 -0.014657 0.023816 0.957681 0.286471
1706584746.272291 -9.064574 4.077316 0.445443 -0.014982 0.023960 0.957542 0.286906
1706584746.372455 -9.064639 4.081061 0.452082 -0.015002 0.024374 0.957599 0.286679
1706584746.471923 -9.069445 4.084416 0.447684 -0.014730 0.024480 0.957660 0.286481
1706584746.570613 -9.070677 4.089029 0.450967 -0.014784 0.023200 0.957750 0.286283
1706584746.669355 -9.076983 4.086570 0.450001 -0.014520 0.023269 0.957637 0.286670
1706584746.768119 -9.084474 4.088108 0.449403 -0.014574 0.023372 0.957598 0.286788
1706584746.872538 -9.080449 4.092273 0.432224 -0.013286 0.023820 0.957684 0.286525
1706584746.971956 -9.098554 4.090819 0.430356 -0.014700 0.024772 0.957595 0.286674
1706584747.070491 -9.098462 4.086815 0.425012 -0.013187 0.023432 0.957607 0.286820
1706584747.168998 -9.109213 4.085306 0.421928 -0.013257 0.024337 0.957541 0.286960
1706584747.271918 -9.100225 4.088988 0.418655 -0.013135 0.023078 0.957581 0.286937
1706584747.372545 -9.100919 4.092585 0.417926 -0.013439 0.021858 0.957663 0.286747
1706584747.472395 -9.108551 4.093835 0.415792 -0.012896 0.022490 0.957659 0.286736
1706584747.572227 -9.111166 4.093179 0.417146 -0.013239 0.022240 0.957634 0.286822
1706584747.672869 -9.118396 4.099311 0.420582 -0.013126 0.021710 0.957718 0.286588
1706584747.771673 -9.115920 4.099665 0.419714 -0.013381 0.023452 0.957737 0.286377
1706584747.870390 -9.114165 4.100599 0.427036 -0.013518 0.021169 0.957685 0.286721
1706584747.969163 -9.113324 4.101704 0.435851 -0.013947 0.022208 0.957703 0.286560
1706584748.067942 -9.108278 4.099658 0.428831 -0.013471 0.022954 0.957681 0.286599
1706584748.172843 -9.113223 4.098230 0.435440 -0.013828 0.023140 0.957691 0.286534
1706584748.271918 -9.108665 4.098584 0.423379 -0.012739 0.022175 0.957712 0.286588
1706584748.370827 -9.114057 4.101487 0.419759 -0.013369 0.021505 0.957677 0.286728
1706584748.469979 -9.119487 4.103886 0.421796 -0.013303 0.020382 0.957517 0.287347
1706584748.572601 -9.112710 4.100504 0.426183 -0.013286 0.018930 0.957464 0.287625
1706584748.672428 -9.112117 4.101572 0.439041 -0.013834 0.020449 0.957462 0.287502
1706584748.772263 -9.092179 4.093969 0.436193 -0.013412 0.017756 0.957470 0.287672
1706584748.872897 -9.095417 4.091968 0.439848 -0.013968 0.018118 0.957436 0.287736
1706584748.972699 -9.089429 4.095195 0.442867 -0.014583 0.022398 0.957657 0.286670
1706584749.071445 -9.090783 4.093303 0.454646 -0.014466 0.020717 0.957545 0.287175
1706584749.170199 -9.087242 4.099811 0.460753 -0.015264 0.022729 0.957825 0.286046
1706584749.268988 -9.089403 4.092665 0.467333 -0.015801 0.021177 0.957587 0.286932
1706584749.372902 -9.089723 4.093655 0.475636 -0.016189 0.022786 0.957648 0.286582
1706584749.472522 -9.076900 4.096660 0.474357 -0.015813 0.022960 0.957807 0.286057
1706584749.571846 -9.080623 4.092975 0.475108 -0.016891 0.024453 0.957604 0.286550
1706584749.671063 -9.085770 4.096458 0.473801 -0.016063 0.021178 0.957710 0.286506
1706584749.772259 -9.081172 4.096036 0.469965 -0.015724 0.021779 0.957734 0.286399
1706584749.872157 -9.077789 4.099529 0.484097 -0.016836 0.022640 0.957732 0.286274
1706584749.972764 -9.062877 4.099790 0.490625 -0.017649 0.023026 0.957727 0.286213
1706584750.072609 -9.056872 4.097274 0.494233 -0.017185 0.021155 0.957725 0.286392
1706584750.172442 -9.064483 4.100886 0.490240 -0.016785 0.022500 0.957805 0.286045
1706584750.272283 -9.057495 4.099722 0.482793 -0.016668 0.020946 0.957815 0.286136
1706584750.371230 -9.056872 4.099195 0.480997 -0.017055 0.022385 0.957869 0.285823
1706584750.470003 -9.054082 4.097164 0.475851 -0.016063 0.021722 0.957892 0.285855
1706584750.568607 -9.057203 4.096746 0.469853 -0.015170 0.022779 0.957930 0.285695
1706584750.672463 -9.051547 4.097787 0.459513 -0.015447 0.022765 0.957899 0.285785
1706584750.771566 -9.070164 4.098877 0.459282 -0.015413 0.024040 0.957847 0.285855
1706584750.872157 -9.063662 4.102622 0.455673 -0.015149 0.022218 0.957932 0.285732
1706584750.971462 -9.069244 4.102560 0.447047 -0.015030 0.022520 0.957911 0.285785
1706584751.072232 -9.081586 4.100999 0.447945 -0.015006 0.022440 0.957823 0.286090
1706584751.171634 -9.063886 4.099252 0.444696 -0.014808 0.021928 0.957934 0.285767
1706584751.272715 -9.071579 4.096016 0.448325 -0.014246 0.019523 0.957647 0.286930
1706584751.372562 -9.067621 4.101747 0.454109 -0.014780 0.022068 0.957906 0.285852
1706584751.472404 -9.060255 4.102320 0.454478 -0.014871 0.022529 0.957909 0.285799
1706584751.572242 -9.062786 4.102541 0.460286 -0.015795 0.022519 0.957903 0.285773
1706584751.671041 -9.065804 4.103232 0.453899 -0.015339 0.021564 0.957769 0.286319
1706584751.769646 -9.071009 4.098928 0.453067 -0.014569 0.023698 0.957880 0.285818
1706584751.868217 -9.072275 4.094359 0.448156 -0.014662 0.022199 0.957723 0.286458
1706584751.972386 -9.080340 4.097966 0.444930 -0.014640 0.024127 0.957846 0.285892
1706584752.071268 -9.089266 4.100549 0.451348 -0.015023 0.022394 0.957838 0.286042
1706584752.172605 -9.089911 4.102115 0.450561 -0.014916 0.023558 0.957830 0.285980
1706584752.272531 -9.097873 4.104547 0.447813 -0.014404 0.022157 0.957814 0.286171
1706584752.372518 -9.101755 4.109284 0.446238 -0.015009 0.022485 0.957867 0.285939
1706584752.471210 -9.111278 4.109304 0.457097 -0.015616 0.022082 0.957807 0.286136
1706584752.569830 -9.106039 4.111300 0.456301 -0.014874 0.025229 0.957812 0.285899
1706584752.672853 -9.104743 4.108711 0.457296 -0.014756 0.022421 0.957748 0.286353
1706584752.772684 -9.104730 4.109957 0.473599 -0.016103 0.021881 0.957806 0.286129
1706584752.872047 -9.106312 4.108846 0.481726 -0.016293 0.020545 0.957793 0.286261
1706584752.970675 -9.111836 4.112335 0.500879 -0.017754 0.021493 0.957809 0.286050
1706584753.069065 -9.111669 4.108229 0.509513 -0.018128 0.024273 0.957696 0.286182
1706584753.172881 -9.126212 4.109357 0.508421 -0.017377 0.020932 0.957749 0.286315
1706584753.272270 -9.129248 4.108434 0.510806 -0.017604 0.021817 0.957580 0.286800
1706584753.372073 -9.124739 4.107357 0.507419 -0.017343 0.022881 0.957696 0.286346
1706584753.472145 -9.109111 4.105432 0.491575 -0.016646 0.022875 0.957695 0.286393
1706584753.572242 -9.086509 4.106421 0.482634 -0.016145 0.022903 0.957981 0.285459
1706584753.672251 -9.065083 4.099342 0.480052 -0.017167 0.024850 0.957823 0.285767
1706584753.770856 -9.053695 4.095647 0.453950 -0.015274 0.024267 0.957876 0.285747
1706584753.869464 -9.060107 4.100036 0.456790 -0.016277 0.021550 0.957965 0.285610
1706584753.972365 -9.061167 4.101857 0.454368 -0.014740 0.023801 0.957867 0.285845
1706584754.072226 -9.044077 4.101755 0.453426 -0.014867 0.021527 0.957914 0.285859
1706584754.171692 -9.037069 4.100029 0.460961 -0.015155 0.021965 0.957941 0.285723
1706584754.270080 -9.036533 4.100415 0.447299 -0.015351 0.023592 0.957915 0.285670
1706584754.368717 -9.041472 4.092982 0.444597 -0.014653 0.022038 0.957872 0.285975
1706584754.472379 -9.039585 4.095286 0.455427 -0.014825 0.023216 0.957870 0.285878
1706584754.571804 -9.038439 4.094964 0.440460 -0.014274 0.023231 0.957925 0.285719
1706584754.672869 -9.061255 4.098737 0.451227 -0.014058 0.022512 0.957884 0.285926
1706584754.772484 -9.060181 4.096423 0.461868 -0.015290 0.022483 0.957688 0.286521
1706584754.872542 -9.052574 4.096842 0.469743 -0.015341 0.020932 0.957887 0.285969
1706584754.971877 -9.051817 4.100714 0.468858 -0.014948 0.022288 0.957961 0.285639
1706584755.070483 -9.055781 4.096461 0.467345 -0.015570 0.023819 0.957765 0.286139
1706584755.169121 -9.059452 4.097144 0.457606 -0.015469 0.023780 0.957862 0.285824
1706584755.272710 -9.061529 4.097701 0.458178 -0.015884 0.021314 0.957843 0.286060
1706584755.372551 -9.067591 4.105078 0.453804 -0.014626 0.021213 0.957938 0.285816
1706584755.471114 -9.065707 4.107750 0.454131 -0.015331 0.021939 0.957908 0.285825
1706584755.569767 -9.082214 4.112314 0.464549 -0.015925 0.021756 0.957938 0.285706
1706584755.668412 -9.086063 4.112300 0.465019 -0.015609 0.021403 0.957921 0.285808
1706584755.772746 -9.084816 4.114801 0.471599 -0.015912 0.020386 0.958020 0.285532
1706584755.871516 -9.094732 4.111965 0.477410 -0.015707 0.021783 0.957945 0.285691
1706584755.972423 -9.096684 4.112084 0.480793 -0.016109 0.021952 0.957892 0.285834
1706584756.071556 -9.092756 4.111548 0.482665 -0.016227 0.022320 0.957936 0.285653
1706584756.172892 -9.080934 4.106537 0.474741 -0.016186 0.023954 0.957861 0.285775
1706584756.271518 -9.091194 4.103779 0.477581 -0.017264 0.023305 0.957714 0.286256
1706584756.370143 -9.084165 4.104013 0.464326 -0.015256 0.023935 0.957798 0.286039
1706584756.468773 -9.087809 4.100092 0.458726 -0.015214 0.022717 0.957772 0.286226
1706584756.572261 -9.102498 4.107413 0.458025 -0.015317 0.023042 0.957786 0.286149
1706584756.672136 -9.095338 4.112162 0.452782 -0.015221 0.022100 0.957944 0.285697
1706584756.770774 -9.107308 4.116780 0.463799 -0.016044 0.022762 0.957868 0.285857
1706584756.869445 -9.107065 4.115094 0.467689 -0.015447 0.019818 0.957881 0.286065
1706584756.968123 -9.107143 4.113444 0.480517 -0.016936 0.019608 0.957845 0.286116
1706584757.072279 -9.105222 4.112744 0.497655 -0.017865 0.022258 0.957800 0.286014
1706584757.172924 -9.105518 4.108484 0.494573 -0.016089 0.020965 0.957780 0.286285
1706584757.272568 -9.104025 4.106982 0.489126 -0.016488 0.021682 0.957795 0.286158
1706584757.371337 -9.090767 4.102361 0.486011 -0.016455 0.023785 0.957797 0.285987
1706584757.472457 -9.084147 4.095666 0.487983 -0.016241 0.021543 0.957604 0.286823
1706584757.571160 -9.077700 4.092693 0.475593 -0.015567 0.022817 0.957634 0.286660
1706584757.669792 -9.078488 4.084041 0.481134 -0.016062 0.021681 0.957448 0.287341
1706584757.768430 -9.067127 4.084991 0.473392 -0.017143 0.024406 0.957620 0.286487
1706584757.872603 -9.050774 4.084130 0.476978 -0.016531 0.021920 0.957632 0.286682
1706584757.971806 -9.044629 4.087813 0.474296 -0.015304 0.020835 0.957746 0.286450
1706584758.070470 -9.043395 4.090476 0.461482 -0.015227 0.020639 0.957862 0.286081
1706584758.169139 -9.038363 4.091458 0.465071 -0.015997 0.020656 0.957776 0.286326
1706584758.272369 -9.031815 4.091553 0.454069 -0.014697 0.021929 0.957880 0.285954
1706584758.372247 -9.023864 4.087218 0.444469 -0.014933 0.020947 0.957758 0.286424
1706584758.472452 -9.023493 4.088140 0.446468 -0.014205 0.020947 0.957869 0.286087
1706584758.572294 -9.009994 4.092522 0.435906 -0.013702 0.022849 0.957946 0.285707
1706584758.671022 -9.005188 4.091156 0.444671 -0.013949 0.022295 0.958070 0.285326
1706584758.772171 -9.004784 4.086456 0.432038 -0.013906 0.021817 0.957844 0.286120
1706584758.870805 -9.000697 4.079038 0.438670 -0.014265 0.024205 0.957821 0.285989
1706584758.969451 -8.976528 4.075236 0.436738 -0.013535 0.022483 0.957880 0.285968
1706584759.068096 -8.977640 4.071537 0.446577 -0.014822 0.021706 0.957789 0.286266
1706584759.172835 -8.972099 4.069327 0.458387 -0.015607 0.023524 0.957796 0.286058
1706584759.271493 -8.971227 4.072235 0.443634 -0.014395 0.021271 0.957863 0.286074
1706584759.370161 -8.973497 4.071588 0.444706 -0.014634 0.022134 0.957786 0.286255
1706584759.469073 -8.958140 4.070117 0.454638 -0.015015 0.021510 0.957886 0.285949
1706584759.572309 -8.947028 4.068998 0.449454 -0.014303 0.024974 0.957943 0.285512
1706584759.672349 -8.953086 4.073538 0.440545 -0.013675 0.023077 0.957974 0.285597
1706584759.772366 -8.949326 4.070534 0.439901 -0.013946 0.021245 0.957923 0.285899
1706584759.872042 -8.964247 4.071777 0.442816 -0.014004 0.023123 0.957818 0.286100
1706584759.972458 -8.963342 4.073930 0.439126 -0.013899 0.023377 0.957933 0.285700
1706584760.071848 -8.962317 4.070551 0.438035 -0.012783 0.023114 0.957867 0.285995
1706584760.170487 -8.967681 4.073174 0.437496 -0.014382 0.022951 0.957923 0.285743
1706584760.269135 -8.966425 4.068944 0.447263 -0.014064 0.022886 0.957702 0.286507
1706584760.367790 -8.963639 4.072494 0.451526 -0.014036 0.024116 0.957957 0.285550
1706584760.472538 -8.980260 4.078370 0.441746 -0.014581 0.020991 0.957829 0.286201
1706584760.571221 -8.980424 4.078139 0.448447 -0.014023 0.022682 0.957872 0.285953
1706584760.670143 -8.979667 4.082658 0.447686 -0.015127 0.024800 0.957966 0.285407
1706584760.768812 -8.973869 4.076740 0.451444 -0.014514 0.022321 0.957998 0.285538
1706584760.872249 -8.963326 4.080505 0.457281 -0.015682 0.025222 0.957977 0.285303
1706584760.972666 -8.970391 4.076173 0.449347 -0.014608 0.023531 0.957981 0.285492
1706584761.072729 -8.967689 4.077396 0.446846 -0.014777 0.025289 0.957962 0.285395
1706584761.171928 -8.973250 4.083936 0.448950 -0.014649 0.023797 0.958078 0.285143
1706584761.272386 -8.967449 4.079583 0.451198 -0.014211 0.023037 0.957903 0.285814
1706584761.371524 -8.976390 4.085778 0.450589 -0.014673 0.025095 0.958065 0.285071
1706584761.470185 -8.987540 4.083227 0.457381 -0.014263 0.022965 0.957885 0.285876
1706584761.568841 -8.996901 4.087153 0.460139 -0.014846 0.023216 0.958046 0.285287
1706584761.667502 -9.003217 4.087638 0.452199 -0.015024 0.022935 0.958008 0.285429
1706584761.772255 -9.020108 4.087596 0.458191 -0.014839 0.024113 0.957836 0.285916
1706584761.871164 -9.019305 4.088515 0.457731 -0.014666 0.023669 0.957902 0.285743
1706584761.969790 -9.024455 4.086605 0.464730 -0.015459 0.021574 0.957910 0.285839
1706584762.072710 -9.020592 4.088069 0.462166 -0.015092 0.022769 0.957815 0.286083
1706584762.172552 -9.024922 4.090933 0.463501 -0.015135 0.022099 0.957967 0.285626
1706584762.272392 -9.022878 4.088685 0.467459 -0.015609 0.022451 0.957856 0.285946
1706584762.372237 -9.010594 4.089885 0.457056 -0.015124 0.024705 0.957994 0.285321
1706584762.472183 -9.019768 4.086603 0.456158 -0.014276 0.023539 0.957991 0.285472
1706584762.572534 -9.027471 4.092489 0.450680 -0.014704 0.023394 0.957910 0.285737
1706584762.671190 -9.032702 4.095883 0.448312 -0.013970 0.022750 0.957997 0.285533
1706584762.769846 -9.038289 4.096187 0.460899 -0.014512 0.021904 0.957991 0.285591
1706584762.868538 -9.045728 4.097813 0.459618 -0.014545 0.022854 0.957977 0.285563
