frame,lidar_begin_time,lidar_end_time,adaptive_map,degenerate,degeneracy_mode,window_ready,pos_x,pos_y,pos_z,quat_x,quat_y,quat_z,quat_w,downsampled_points,effective_points,effective_ratio,residual_mean,residual_median,residual_mad,normal_eigen_ratio,condition_number,window_degenerate_ratio,window_normal_eigen_ratio_mean,window_residual_cv,window_path_length,window_yaw_change,window_condition_number_mean,window_recent_degenerate_streak,map_added,point_to_add,point_no_need_downsample,insert_ratio,quality_rejected,invalid_quality_rejected,direction_rejected,novel_accepted,novel_rejected,voxel_rejected,total_rejected,map_size,total_map_added,total_quality_rejected,total_direction_rejected,total_voxel_rejected
1,1706585247.682912350,1706585247.782312155,1,0,0,0,-0.053338593,0.025442449,0.016277361,-0.002058399,0.001158765,-0.000538895,0.999997065,1036,704,0.679536680,0.028919422,0.013051028,0.009197449,0.022712363,96.779924997,0.000000000,0.022712363,0.000000000,0.000000000,0.000000000,96.779924997,0,602,570,32,0.581081081,82,0,0,0,0,352,82,1340,602,82,0,352
2,1706585247.782747984,1706585247.881081343,1,0,0,0,0.026103477,0.015659309,-0.005469353,-0.001527522,-0.000262868,-0.000920876,0.999998375,1053,788,0.748338082,0.024082873,0.010603485,0.008091226,0.022234119,102.169474501,0.000000000,0.022473241,0.091251702,0.082943788,0.000758387,99.474699749,0,409,392,17,0.388414055,74,0,0,0,0,569,75,1478,1011,156,0,921
3,1706585247.882591963,1706585247.979888678,1,0,0,0,0.066738672,0.008072614,0.006607821,-0.001861540,0.001165287,-0.000906768,0.999997177,1045,794,0.759808612,0.025003904,0.012128166,0.008784882,0.029665355,86.756618224,0.000000000,0.024870613,0.080642456,0.126009262,0.000781458,95.235339241,0,304,298,6,0.290909091,58,0,0,0,0,683,58,1597,1315,214,0,1604
4,1706585247.982422352,1706585248.082259417,1,0,0,0,0.077899717,-0.004709159,0.005450915,-0.002311400,0.000928819,-0.000522245,0.999996761,1030,785,0.762135922,0.023561505,0.010894069,0.007644046,0.023016304,107.960804711,0.000000000,0.024407035,0.082745291,0.143017527,0.001550550,98.416705608,0,254,238,16,0.246601942,61,0,0,0,0,714,62,1693,1569,275,0,2318
5,1706585248.083070040,1706585248.182895422,1,0,0,0,0.057456550,0.001748471,0.010150612,-0.001746202,0.000765283,-0.000501140,0.999998057,1033,785,0.759922556,0.022866893,0.011488397,0.008309499,0.028926828,94.876722806,0.000000000,0.025310994,0.085726588,0.164965447,0.001594381,97.708709048,0,250,242,8,0.242013553,57,0,0,0,0,726,57,1783,1819,332,0,3044
6,1706585248.182907343,1706585248.282731533,1,1,1,0,0.055749819,-0.007753796,0.014565711,-0.002694956,0.001013885,-0.000339963,0.999995797,1039,782,0.752646776,0.022045331,0.010701657,0.007491508,0.018707955,123.403622356,0.166666667,0.024210487,0.090806162,0.175581431,0.001913944,101.991194599,1,149,149,0,0.143407122,50,88,6,8,0,746,144,1822,1968,470,6,3790
7,1706585248.282743216,1706585248.382568836,1,0,0,0,0.067997258,-0.012360848,0.012324157,-0.002644675,0.000740084,-0.000273345,0.999996192,1034,795,0.768858801,0.023191270,0.012001355,0.008288897,0.028149698,107.724698691,0.142857143,0.024773232,0.086494071,0.188857322,0.002048731,102.810266612,0,202,199,3,0.195357834,52,0,0,0,0,780,52,1886,2170,522,6,4570
8,1706585248.382580996,1706585248.482402802,1,0,0,0,0.044633136,-0.012001189,0.010585991,-0.003075970,0.000737748,0.000062867,0.999994995,1048,817,0.779580153,0.024282466,0.012661451,0.008657042,0.028796301,111.743209850,0.125000000,0.025276115,0.080891755,0.212288770,0.002720527,103.926884517,0,204,201,3,0.194656489,58,0,0,0,0,786,58,1949,2374,580,6,5356
9,1706585248.482415676,1706585248.582250834,1,1,1,0,0.035890334,-0.004927771,0.007993286,-0.002797411,0.000499609,-0.000332634,0.999995907,1063,827,0.777986830,0.022895301,0.010757323,0.007761706,0.018159123,147.206432658,0.222222222,0.024485339,0.078730973,0.223829652,0.003509783,108.735723199,1,146,146,0,0.137347131,50,74,10,3,0,783,134,1979,2520,704,16,6139
10,1706585248.583061695,1706585248.682876110,1,0,0,0,0.029634480,-0.001020960,0.006006710,-0.001962702,0.000344406,-0.000284198,0.999997974,1054,813,0.771347249,0.020949742,0.012092679,0.008480589,0.023088344,114.454445141,0.200000000,0.024345639,0.085446081,0.231468066,0.003608096,109.307595394,0,192,189,3,0.182163188,39,0,0,0,0,823,39,2021,2712,743,16,6962
11,1706585248.682901382,1706585248.781720161,1,0,0,0,0.007173818,0.006897299,0.004661209,-0.001982034,0.000273333,-0.000368416,0.999997931,1031,795,0.771096023,0.022243138,0.011204878,0.007711265,0.022663993,122.152034690,0.181818182,0.024192762,0.084054805,0.255321588,0.003776263,110.475271693,0,210,205,5,0.203685742,55,0,0,0,0,766,55,2072,2922,798,16,7728
12,1706585248.782743931,1706585248.882579803,1,1,1,0,-0.027212650,0.017894867,0.005721553,-0.001645991,0.000334922,-0.000245276,0.999998559,1076,818,0.760223048,0.019145399,0.010447879,0.007158209,0.016648804,138.550652126,0.250000000,0.023564099,0.097661567,0.291439451,0.004022525,112.814886729,1,146,146,0,0.135687732,38,81,5,3,0,806,124,2095,3068,917,21,8534
13,1706585248.882591724,1706585248.982414961,1,0,0,0,-0.057631086,0.028639680,0.009674006,-0.001237380,0.000481899,-0.000381581,0.999999046,1099,847,0.770700637,0.024387955,0.011726940,0.008207229,0.026919556,115.995400618,0.230769231,0.023822211,0.094356507,0.323941053,0.004295226,113.059541644,0,218,213,5,0.198362147,65,0,0,0,0,816,65,2147,3286,982,21,9350
14,1706585248.982426643,1706585249.082124949,1,0,0,0,-0.066357122,0.030999817,0.008685183,-0.001290126,0.000434422,-0.000343003,0.999999015,1039,784,0.754571704,0.017393670,0.009308028,0.006455047,0.022224189,115.789394061,0.214285714,0.023708067,0.114266291,0.333034552,0.004372454,113.254531102,0,186,180,6,0.179018287,32,0,0,0,0,820,33,2179,3472,1014,21,10170
15,1706585249.083060741,1706585249.180954933,1,0,0,0,-0.078235980,0.038042140,0.009242879,-0.001638920,0.000523245,-0.000459161,0.999998415,1050,805,0.766666667,0.020544919,0.011200678,0.008085489,0.024788121,119.917649388,0.200000000,0.023780070,0.114182435,0.346855283,0.004605364,113.698738988,0,165,161,4,0.157142857,33,0,0,0,0,850,35,2209,3637,1047,21,11020
16,1706585249.182913065,1706585249.279791832,1,0,0,0,-0.102854646,0.042982519,0.006120791,-0.002154638,0.000399271,-0.000263677,0.999997564,1042,830,0.796545106,0.021936539,0.011069108,0.008204092,0.020025043,125.491971625,0.187500000,0.023545381,0.111162769,0.372158118,0.004996326,114.435816028,0,167,167,0,0.160268714,35,0,0,0,0,839,36,2241,3804,1082,21,11859
17,1706585249.282751322,1706585249.382578373,1,0,0,0,-0.100915836,0.042730676,0.007111417,-0.002329833,0.000483532,-0.000472853,0.999997057,1010,776,0.768316832,0.019750298,0.009799227,0.006993639,0.026350143,112.524027819,0.176470588,0.023710367,0.113000363,0.374349863,0.005415209,114.323357898,0,121,121,0,0.119801980,31,0,0,0,0,858,31,2262,3925,1113,21,12717
18,1706585249.382590294,1706585249.482421160,1,1,1,0,-0.121949483,0.047987327,0.007605262,-0.002281070,0.000516960,-0.000334641,0.999997209,1056,828,0.784090909,0.022488292,0.010885056,0.007813025,0.018443194,133.370762980,0.222222222,0.023417746,0.109832256,0.396036046,0.005691527,115.381547069,1,98,93,5,0.092803030,36,36,6,1,0,880,78,2276,4023,1185,27,13597
19,1706585249.482433319,1706585249.582276106,1,0,0,0,-0.070319249,0.042030954,0.014546589,-0.001704586,0.000836154,-0.000839991,0.999997845,1060,822,0.775471698,0.023441909,0.010883992,0.007475396,0.025251229,115.362058379,0.210526316,0.023514245,0.107051196,0.448470209,0.006702719,115.380521348,0,109,108,1,0.102830189,40,0,0,0,0,911,40,2299,4132,1225,27,14508
20,1706585249.583084822,1706585249.682927847,1,1,1,1,-0.044280682,0.034388871,0.018559926,-0.001740442,0.000813968,-0.000636677,0.999997951,1052,815,0.774714829,0.021626630,0.011492977,0.008137563,0.019013195,129.051876511,0.250000000,0.023289193,0.104973244,0.475902221,0.007109364,116.064089107,1,76,76,0,0.072243346,27,58,0,4,0,891,85,2311,4208,1310,27,15399
21,1706585249.682939768,1706585249.782773495,1,0,0,1,-0.045350194,0.034995210,0.009862911,-0.001969482,0.000128865,-0.000762063,0.999997762,1057,832,0.787133396,0.024461846,0.013189042,0.008949377,0.022463819,122.584278302,0.250000000,0.023276766,0.086159265,0.401741917,0.006599422,117.354306772,0,132,128,4,0.124881741,40,0,0,0,0,885,40,2345,4340,1350,27,16284
22,1706585249.782784224,1706585249.882617235,1,0,0,1,-0.034919301,0.033628656,0.011271262,-0.001806177,0.000460128,-0.000707916,0.999998012,1074,822,0.765363128,0.020444645,0.010297119,0.007479294,0.025244075,113.294213231,0.250000000,0.023427264,0.086697441,0.369290323,0.006683491,117.910543708,0,113,113,0,0.105214153,33,0,0,0,0,928,33,2370,4453,1383,27,17212
23,1706585249.882628918,1706585249.982468128,1,1,1,1,-0.034617963,0.031885882,0.010197074,-0.001396686,0.000441311,-0.000411159,0.999998843,1058,816,0.771266541,0.021774193,0.011707951,0.008272498,0.018992835,135.872373686,0.300000000,0.022893638,0.082055179,0.354351344,0.006508340,120.366331481,1,84,83,1,0.079395085,29,37,0,1,0,908,66,2381,4537,1449,27,18120
24,1706585249.982479811,1706585250.082305431,1,0,0,1,-0.037096888,0.030905800,0.009039459,-0.001644142,0.000459715,-0.000428465,0.999998451,1047,815,0.778414518,0.020693012,0.012043528,0.008969153,0.025284547,103.601441221,0.300000000,0.023007050,0.081761468,0.335309573,0.006499400,120.148363307,0,122,121,1,0.116523400,28,0,0,0,0,897,28,2410,4659,1477,27,19017
25,1706585250.082729578,1706585250.182567358,1,0,0,1,-0.062041515,0.035598566,0.012120299,-0.001686602,0.000650348,-0.000383925,0.999998293,1082,846,0.781885397,0.023342470,0.011062071,0.008123971,0.027466763,111.507663741,0.300000000,0.022934046,0.082439962,0.350262086,0.006268236,120.979910354,0,120,116,4,0.110905730,38,0,0,0,0,924,38,2437,4779,1515,27,19941
26,1706585250.182579517,1706585250.282404423,1,0,0,1,-0.063308288,0.032753507,0.011456955,-0.001715324,0.000479564,-0.000351734,0.999998352,1045,805,0.770334928,0.019079928,0.010608549,0.007727726,0.022082526,120.723182358,0.250000000,0.023102775,0.087490121,0.340170391,0.006198380,120.845888354,0,98,97,1,0.093779904,19,0,0,0,0,928,19,2453,4877,1534,27,20869
27,1706585250.282415628,1706585250.381999969,1,0,0,1,-0.086207475,0.037827735,0.012213695,-0.001853002,0.000704033,-0.000249680,0.999998004,1052,808,0.768060837,0.022148250,0.010949136,0.007887584,0.023157556,117.992619404,0.250000000,0.022853168,0.086433169,0.340205795,0.005729726,121.359284389,0,96,93,3,0.091254753,30,0,0,0,0,925,31,2480,4973,1564,27,21794
28,1706585250.383060694,1706585250.480866194,1,1,1,1,-0.094469318,0.040068018,0.010365719,-0.002345291,0.000544855,-0.000369856,0.999997033,1030,799,0.775728155,0.019587637,0.009714243,0.007304207,0.016268612,131.669042465,0.300000000,0.022226783,0.085000128,0.337422308,0.005180768,122.355576020,1,61,60,1,0.059223301,26,23,0,1,0,917,52,2486,5034,1613,27,22711
29,1706585250.482900381,1706585250.579788923,1,0,0,1,-0.088255635,0.037479633,0.009552812,-0.002662229,0.000479241,-0.000278722,0.999996303,1025,786,0.766829268,0.019391098,0.010750380,0.007527748,0.022525538,120.444329096,0.250000000,0.022445104,0.086539847,0.336564041,0.005264727,121.017470842,0,87,85,2,0.084878049,24,0,0,0,0,914,24,2512,5121,1637,27,23625
30,1706585250.582746983,1706585250.682582378,1,0,0,1,-0.104854518,0.041192718,0.012296204,-0.002258494,0.000725105,-0.000290196,0.999997145,1025,800,0.780487805,0.022395461,0.010592378,0.007852834,0.021655886,133.318582364,0.250000000,0.022373481,0.086971837,0.329939452,0.005120232,121.960677703,0,83,81,2,0.080975610,26,0,0,0,0,916,26,2532,5204,1663,27,24541
31,1706585250.682593584,1706585250.782428503,1,0,0,1,-0.104267051,0.040304940,0.009784229,-0.002584351,0.000376500,-0.000148179,0.999996579,1062,826,0.777777778,0.021450945,0.012080796,0.008461058,0.025944242,114.835667103,0.250000000,0.022537494,0.086576571,0.296549828,0.005159333,121.594859324,0,98,95,3,0.092278719,25,0,0,0,0,939,25,2562,5302,1688,27,25480
32,1706585250.782440662,1706585250.882261753,1,1,1,1,-0.106714913,0.040435212,0.009986631,-0.002425677,0.000463005,-0.000239998,0.999996922,1070,840,0.785046729,0.022711885,0.011820062,0.008661828,0.019342829,140.897337332,0.250000000,0.022672195,0.083871764,0.266507894,0.005070570,121.712193584,1,66,66,0,0.061682243,39,38,0,0,0,927,77,2568,5368,1765,27,26407
33,1706585250.883071661,1706585250.982899666,1,0,0,1,-0.094374737,0.038975731,0.009252685,-0.002390158,0.000454555,-0.000538729,0.999996895,1079,829,0.768303985,0.020963653,0.010083858,0.007350230,0.034697046,103.470507304,0.250000000,0.023061069,0.078476255,0.269862234,0.005590728,121.085948918,0,85,80,5,0.078776645,30,0,0,0,0,964,30,2592,5453,1795,27,27371
34,1706585250.982911825,1706585251.082731009,1,0,0,1,-0.097732833,0.038634376,0.008422158,-0.002464247,0.000274844,-0.000212680,0.999996903,1079,847,0.784986098,0.020921181,0.011048962,0.007728651,0.020257877,138.925216904,0.250000000,0.022962754,0.066052466,0.259517579,0.006010732,122.242740061,0,92,91,1,0.085264133,28,0,0,0,0,959,28,2612,5545,1823,27,28330
35,1706585251.082742929,1706585251.182578087,1,1,1,1,-0.109987657,0.042580843,0.010915987,-0.002371910,0.000702456,-0.000280258,0.999996901,1045,812,0.777033493,0.020416290,0.009735592,0.006970255,0.015985436,150.069537949,0.300000000,0.022522620,0.066277967,0.247328649,0.005756903,123.750334489,1,35,35,0,0.033492823,26,35,0,0,0,949,61,2618,5580,1884,27,29279
36,1706585251.182590008,1706585251.282416821,1,1,1,1,-0.113066087,0.044024189,0.010993236,-0.002199662,0.000610527,-0.000089031,0.999997390,1047,823,0.786055396,0.020186354,0.010515371,0.007789266,0.018235699,132.297822392,0.350000000,0.022433152,0.067539246,0.248537778,0.005721119,124.090627027,2,65,65,0,0.062082139,14,24,0,0,0,944,38,2621,5645,1922,27,30223
37,1706585251.282428980,1706585251.382248402,1,0,0,1,-0.102734299,0.038577262,0.010387394,-0.002323910,0.000544282,-0.000017387,0.999997151,1045,819,0.783732057,0.023234880,0.011369113,0.008510004,0.022186802,118.946615946,0.350000000,0.022224985,0.067226136,0.238546974,0.005588246,124.411756433,0,99,98,1,0.094736842,25,0,0,0,0,921,25,2643,5744,1947,27,31144
38,1706585251.383057833,1706585251.482875824,1,0,0,1,-0.101501660,0.038145519,0.009134308,-0.002218631,0.000411332,-0.000146439,0.999997444,1095,852,0.778082192,0.021004202,0.011091374,0.008007278,0.029154043,115.061155776,0.300000000,0.022760528,0.066870232,0.187922790,0.004834452,123.496276073,0,73,72,1,0.066666667,23,0,0,0,0,999,23,2660,5817,1970,27,32143
39,1706585251.482887268,1706585251.582726240,1,0,0,1,-0.096644103,0.037939838,0.009960253,-0.002413153,0.000569966,-0.000266063,0.999996891,1056,823,0.779356061,0.021006260,0.010167068,0.007475200,0.027526543,105.414993208,0.300000000,0.022874294,0.063903853,0.165422345,0.004667980,122.998922815,0,60,60,0,0.056818182,26,0,0,0,0,969,27,2676,5877,1996,27,33112
40,1706585251.582737684,1706585251.681913853,1,0,0,1,-0.098886345,0.038622666,0.010141208,-0.002372105,0.000579730,-0.000199082,0.999996999,1025,789,0.769756098,0.021015882,0.010699377,0.007666456,0.021271211,117.340891647,0.250000000,0.022987194,0.064001216,0.158989744,0.004553497,122.413373571,0,58,54,4,0.056585366,23,0,0,0,0,943,24,2689,5935,2019,27,34055
41,1706585251.682576180,1706585251.780843496,1,1,1,1,-0.096493344,0.040363561,0.010726553,-0.002727748,0.000481069,-0.000445803,0.999996065,1039,813,0.782483157,0.020325949,0.011043653,0.007698877,0.017653604,146.903798081,0.300000000,0.022746684,0.055459359,0.151392450,0.004939670,123.629349560,1,47,47,0,0.045235804,18,18,0,0,0,956,36,2691,5982,2055,27,35011
42,1706585251.782402992,1706585251.879868746,1,0,0,1,-0.090884012,0.039370528,0.012322951,-0.002819719,0.000528289,-0.000282829,0.999995845,1044,821,0.786398467,0.022766151,0.011258444,0.008037497,0.029112482,112.643983190,0.300000000,0.022940104,0.057187246,0.155239176,0.004671320,123.596838058,0,71,70,1,0.068007663,20,0,0,0,0,953,20,2705,6053,2075,27,35964
43,1706585251.883025408,1706585251.982850790,1,1,1,1,-0.090403398,0.040558654,0.012216211,-0.002865976,0.000735299,-0.000425673,0.999995532,1047,798,0.762177650,0.018888967,0.010091266,0.007102802,0.016968904,141.879388524,0.300000000,0.022838907,0.062016093,0.153619117,0.004923352,123.897188800,1,37,37,0,0.035339064,15,31,0,1,0,964,46,2708,6090,2121,27,36928
44,1706585251.982862234,1706585252.082695484,1,1,1,1,-0.082848415,0.038484623,0.012689273,-0.002817710,0.000711862,-0.000309998,0.999995729,1054,814,0.772296015,0.020630956,0.011064537,0.007765343,0.019278838,150.732978329,0.350000000,0.022538622,0.062071728,0.135899387,0.005066506,126.253765656,2,43,43,0,0.040796964,19,24,0,0,0,968,43,2713,6133,2164,27,37896
45,1706585252.082707644,1706585252.182542324,1,0,0,1,-0.085048318,0.041426614,0.012742943,-0.003015941,0.000720827,-0.000615476,0.999995003,1085,844,0.777880184,0.020063614,0.010329052,0.007846648,0.025780139,117.870499027,0.350000000,0.022454291,0.058136824,0.136389122,0.005612865,126.571907420,0,80,80,0,0.073732719,21,0,0,0,0,983,22,2731,6213,2185,27,38879
46,1706585252.182554722,1706585252.282386065,1,0,0,1,-0.089379080,0.043266828,0.013041701,-0.002947597,0.000670072,-0.000529237,0.999995291,1084,838,0.773062731,0.020986689,0.010440597,0.007524974,0.023615175,121.908405022,0.350000000,0.022530923,0.054314084,0.117637261,0.005582596,126.631168553,0,72,72,0,0.066420664,22,0,0,0,0,990,22,2750,6285,2207,27,39869
47,1706585252.282398701,1706585252.382223368,1,0,0,1,-0.099486270,0.046162960,0.012072588,-0.002990521,0.000571703,-0.000349929,0.999995304,1053,813,0.772079772,0.021933500,0.010988171,0.007723617,0.022855607,127.189675418,0.350000000,0.022515826,0.053872962,0.119438373,0.005701445,127.091021354,0,66,66,0,0.062678063,21,0,0,0,0,966,21,2759,6351,2228,27,40835
48,1706585252.383033037,1706585252.482854366,1,0,0,1,-0.099160617,0.045292120,0.011098600,-0.002919021,0.000575782,-0.000469806,0.999995464,1062,832,0.783427495,0.020566225,0.011198799,0.008253595,0.021770346,128.015671358,0.300000000,0.022790912,0.051775696,0.114004725,0.005758866,126.908352798,0,72,71,1,0.067796610,15,0,0,0,0,975,15,2769,6423,2243,27,41810
49,1706585252.482866049,1706585252.582703352,1,0,0,1,-0.102464130,0.048624910,0.012474628,-0.002810967,0.000736272,-0.000704402,0.999995530,1052,809,0.769011407,0.019798502,0.010373076,0.007346306,0.022376497,125.306368037,0.300000000,0.022783460,0.050414490,0.101666001,0.006205164,127.151454745,0,56,56,0,0.053231939,25,0,0,0,0,971,25,2778,6479,2268,27,42781
50,1706585252.582715511,1706585252.682533026,1,0,0,1,-0.103862494,0.047622064,0.011198520,-0.002671713,0.000458145,-0.000239971,0.999996297,1043,820,0.786193672,0.021464989,0.011239741,0.008393073,0.022045320,132.720767640,0.300000000,0.022802932,0.048635186,0.101080091,0.006850352,127.121564009,0,76,75,1,0.072866731,22,0,0,0,0,945,22,2794,6555,2290,27,43726
51,1706585252.682545185,1706585252.782381058,1,0,0,1,-0.104549069,0.047714012,0.011768004,-0.002639016,0.000508159,-0.000259324,0.999996355,1108,856,0.772563177,0.021677695,0.011253049,0.008244344,0.027181032,118.830516100,0.300000000,0.022864772,0.048893911,0.099517168,0.006705355,127.321306459,0,71,71,0,0.064079422,27,0,0,0,0,1010,27,2809,6626,2317,27,44736
52,1706585252.782392740,1706585252.882232904,1,0,0,1,-0.109238205,0.049173374,0.010566284,-0.002729390,0.000581981,-0.000440840,0.999996009,1019,791,0.776251227,0.020648758,0.010645391,0.008010121,0.025359367,107.747221633,0.250000000,0.023165599,0.045636223,0.092125203,0.006471493,125.663800674,0,56,56,0,0.054955839,23,0,0,0,0,940,23,2815,6682,2340,27,45676
53,1706585252.883044481,1706585252.981889248,1,0,0,1,-0.101715091,0.045316153,0.010942887,-0.002443040,0.000570835,-0.000258412,0.999996819,1042,792,0.760076775,0.019497943,0.009779761,0.007011124,0.020756740,130.616318363,0.250000000,0.022468583,0.048156073,0.097111823,0.006183821,127.021091227,0,57,56,1,0.054702495,16,0,0,0,0,969,16,2828,6739,2356,27,46645
54,1706585252.982873678,1706585253.080931902,1,0,0,1,-0.096364373,0.041759062,0.010649199,-0.002281608,0.000375004,-0.000163364,0.999997313,1017,794,0.780727630,0.022131824,0.011294804,0.008215057,0.026381033,118.286667573,0.250000000,0.022774741,0.049839896,0.090429819,0.006237862,125.989163761,0,49,49,0,0.048180924,27,0,0,0,0,941,27,2837,6788,2383,27,47586
55,1706585253.082717657,1706585253.182548285,1,1,1,1,-0.099293325,0.042205359,0.011963177,-0.002142760,0.000560958,-0.000230051,0.999997520,1050,798,0.760000000,0.020372639,0.010720533,0.007592931,0.018450725,135.297084045,0.250000000,0.022898005,0.049896818,0.090270007,0.005988829,125.250541065,1,35,33,2,0.033333333,19,22,0,2,0,974,41,2844,6823,2424,27,48560
56,1706585253.182559252,1706585253.282391310,1,0,0,1,-0.090030064,0.040188042,0.012636163,-0.002289291,0.000673423,-0.000323092,0.999997101,1072,836,0.779850746,0.021401893,0.010609547,0.007460474,0.024459045,129.168773059,0.200000000,0.023209173,0.049343972,0.088078862,0.006032146,125.094088599,0,54,52,2,0.050373134,24,0,0,0,0,994,24,2857,6877,2448,27,49554
57,1706585253.282403469,1706585253.382231236,1,0,0,1,-0.089935870,0.039948661,0.013038041,-0.002350244,0.000707688,-0.000345497,0.999996928,1072,839,0.782649254,0.019180322,0.009151108,0.006840742,0.026560338,113.077773877,0.200000000,0.023427850,0.046527159,0.086746043,0.005819801,124.800646495,0,55,54,1,0.051305970,15,0,0,0,0,1002,15,2870,6932,2463,27,50556
58,1706585253.383042574,1706585253.482867002,1,0,0,1,-0.092274409,0.039210470,0.013396543,-0.002459673,0.000675378,-0.000235666,0.999996719,1087,842,0.774609016,0.021273469,0.011230408,0.007933714,0.023203137,133.951694382,0.200000000,0.023130304,0.046740395,0.084292826,0.005799293,125.745173426,0,45,45,0,0.041398344,21,0,0,0,0,1021,21,2882,6977,2484,27,51577
59,1706585253.482879639,1706585253.582706213,1,0,0,1,-0.089579233,0.040430398,0.013564885,-0.002624200,0.000649960,-0.000478518,0.999996231,1061,820,0.772855796,0.019602406,0.010214220,0.007400658,0.025054035,125.030858014,0.200000000,0.023006679,0.048417035,0.084905141,0.006151123,126.725966666,0,42,41,1,0.039585297,22,0,0,0,0,997,22,2890,7019,2506,27,52574
60,1706585253.582718611,1706585253.682549477,1,0,0,1,-0.072994361,0.037422663,0.013413265,-0.002673493,0.000557106,-0.000597718,0.999996092,1058,828,0.782608696,0.022084406,0.010748433,0.007862865,0.028492466,107.716296875,0.200000000,0.023367742,0.050332795,0.098744634,0.005895775,126.244736927,0,47,46,1,0.044423440,16,0,0,0,0,995,16,2902,7066,2522,27,53569
61,1706585253.682561398,1706585253.781629324,1,0,0,1,-0.073610376,0.038228416,0.013262296,-0.002720623,0.000659537,-0.000519791,0.999995947,1039,805,0.774783446,0.019365506,0.010700864,0.007642491,0.023126793,115.879973845,0.150000000,0.023641401,0.052397115,0.093854050,0.005725426,124.693545715,0,42,42,0,0.040423484,23,0,0,0,0,974,23,2912,7108,2545,27,54543
62,1706585253.782391071,1706585253.880132198,1,0,0,1,-0.073061374,0.038608648,0.012972863,-0.002542645,0.000581472,-0.000366865,0.999996531,1051,821,0.781160799,0.020639391,0.010984646,0.007867470,0.024931987,120.140599139,0.150000000,0.023432376,0.047472278,0.093295800,0.005744986,125.068376513,0,47,45,2,0.044719315,11,0,0,0,0,993,11,2921,7155,2556,27,55536
63,1706585253.883015156,1706585253.982848883,1,0,0,1,-0.073150828,0.036238543,0.012317161,-0.002650763,0.000643395,-0.000351166,0.999996218,1059,806,0.761095373,0.021532626,0.010607248,0.007597415,0.027965889,115.814645751,0.100000000,0.023982225,0.044031749,0.087907794,0.005544379,123.765139374,0,46,44,2,0.043437205,21,0,0,0,0,992,21,2927,7201,2577,27,56528
64,1706585253.982860804,1706585254.082693100,1,0,0,1,-0.073308090,0.033826951,0.011632395,-0.002459891,0.000597398,-0.000141003,0.999996786,1044,814,0.779693487,0.021775853,0.011300823,0.008639435,0.026816768,113.709398876,0.050000000,0.024359122,0.045193908,0.086745718,0.005353885,121.913960402,0,43,43,0,0.041187739,23,0,0,0,0,978,23,2940,7244,2600,27,57506
65,1706585254.082704782,1706585254.182529688,1,0,0,1,-0.076994465,0.034005129,0.010694219,-0.002611537,0.000552384,-0.000227534,0.999996411,1049,814,0.775977121,0.019809018,0.010281598,0.007339205,0.022477689,121.846163552,0.050000000,0.024193999,0.045776627,0.085838782,0.005354017,122.112743628,0,39,39,0,0.037178265,18,0,0,0,0,992,18,2946,7283,2618,27,58498
66,1706585254.182541609,1706585254.282031059,1,0,0,1,-0.079414049,0.034506811,0.010455122,-0.002523629,0.000463243,-0.000230955,0.999996682,1035,802,0.774879227,0.021685175,0.011378387,0.008184412,0.026066891,116.754167256,0.050000000,0.024316585,0.046626911,0.077762863,0.005001165,121.855031740,0,39,37,2,0.037681159,19,0,0,0,0,977,19,2950,7322,2637,27,59475
67,1706585254.282768011,1706585254.381263733,1,0,0,1,-0.079565375,0.034621003,0.010330450,-0.002556152,0.000662387,-0.000373482,0.999996444,1043,798,0.765100671,0.018841866,0.010181567,0.007431618,0.022424021,124.932910552,0.050000000,0.024295006,0.049650787,0.076643260,0.005047574,121.742193496,0,44,41,3,0.042186002,17,0,0,0,0,980,19,2962,7366,2654,27,60455
68,1706585254.382598162,1706585254.482407570,1,0,0,1,-0.076692334,0.034098991,0.011423298,-0.002580621,0.000672176,-0.000287802,0.999996403,1061,816,0.769085768,0.021239592,0.011072228,0.007783148,0.032990950,109.691641247,0.050000000,0.024856036,0.049915220,0.074870933,0.004748881,120.825991991,0,42,40,2,0.039585297,24,0,0,0,0,994,25,2973,7408,2678,27,61449
69,1706585254.482419491,1706585254.582247257,1,0,0,1,-0.076865355,0.034348176,0.010465152,-0.002854867,0.000512750,-0.000303050,0.999995747,1067,819,0.767572634,0.019688402,0.010223959,0.007493262,0.022633572,127.435024848,0.050000000,0.024868890,0.050173732,0.073733628,0.003848286,120.932424831,0,43,41,2,0.040299906,14,0,0,0,0,1010,14,2980,7451,2692,27,62459
70,1706585254.583057165,1706585254.682886839,1,0,0,1,-0.072644758,0.032934385,0.011158147,-0.002911044,0.000543706,-0.000339287,0.999995558,1061,806,0.759660697,0.020947187,0.011080838,0.007922228,0.024963692,126.033663591,0.050000000,0.025014808,0.049601271,0.077341601,0.003882055,120.598069629,0,54,53,1,0.050895382,25,0,0,0,0,982,25,2993,7505,2717,27,63441
71,1706585254.682898521,1706585254.782711267,1,0,0,1,-0.075181622,0.035230191,0.010953587,-0.003234347,0.000647367,-0.000400703,0.999994480,1065,830,0.779342723,0.020336042,0.010451032,0.007548377,0.029646584,106.961040871,0.050000000,0.025138086,0.048571517,0.075713298,0.003642384,120.004595867,0,42,40,2,0.039436620,15,0,0,0,0,1007,16,2998,7547,2732,27,64448
72,1706585254.782723427,1706585254.882548094,1,0,0,1,-0.074052748,0.035379691,0.011336147,-0.003377612,0.000660353,-0.000461340,0.999993971,1063,817,0.768579492,0.019901568,0.010028670,0.007296236,0.025898608,113.770852392,0.050000000,0.025165048,0.049217270,0.068451876,0.003398689,120.305777405,0,51,49,2,0.047977422,19,0,0,0,0,993,19,3008,7598,2751,27,65441
73,1706585254.882559299,1706585254.982373238,1,0,0,1,-0.076111721,0.038886018,0.011852572,-0.003345209,0.000854822,-0.000772440,0.999993741,1034,806,0.779497099,0.018853563,0.009413308,0.006972305,0.031131227,103.424902139,0.050000000,0.025683772,0.051379660,0.066118803,0.003830971,118.946206594,0,45,44,1,0.043520309,21,0,0,0,0,968,21,3017,7643,2772,27,66409
74,1706585254.982384682,1706585255.081147909,1,0,0,1,-0.072507064,0.037345439,0.011745704,-0.003306751,0.000833535,-0.000473235,0.999994073,1049,815,0.776930410,0.020396517,0.009958661,0.007475139,0.031671064,103.671777697,0.050000000,0.025948274,0.048382521,0.066799265,0.004295518,118.215462100,0,41,40,1,0.039084843,21,0,0,0,0,987,21,3027,7684,2793,27,67396
75,1706585255.083032370,1706585255.182860851,1,0,0,1,-0.077537649,0.039870352,0.012345532,-0.003258277,0.000785479,-0.000625182,0.999994188,1043,790,0.757430489,0.019099173,0.010166808,0.007286056,0.026882168,118.802443539,0.000000000,0.026369846,0.050631338,0.062955575,0.004412254,117.390730075,0,49,49,0,0.046979866,16,0,0,0,0,978,16,3036,7733,2809,27,68374
76,1706585255.182872772,1706585255.282686234,1,0,0,1,-0.081062353,0.039795050,0.011563173,-0.002971783,0.000669497,-0.000325546,0.999995307,1040,805,0.774038462,0.019982377,0.010265079,0.007909882,0.023308094,117.111897018,0.000000000,0.026312299,0.049626619,0.066089688,0.004967608,116.787886273,0,35,35,0,0.033653846,8,0,0,0,0,997,8,3043,7768,2817,27,69371
77,1706585255.282698154,1706585255.382530928,1,0,0,1,-0.083152170,0.039077591,0.010387312,-0.002921147,0.000699495,-0.000279535,0.999995450,1068,818,0.765917603,0.019298020,0.009760151,0.007402086,0.020250093,128.334611579,0.000000000,0.025996786,0.049302237,0.066114283,0.004839857,117.550728158,0,32,32,0,0.029962547,15,0,0,0,0,1021,15,3052,7800,2832,27,70392
78,1706585255.382541656,1706585255.482369423,1,0,0,1,-0.083642388,0.039392140,0.010645740,-0.002902981,0.000614584,-0.000345995,0.999995538,1042,810,0.777351248,0.020431365,0.010608926,0.007872310,0.020033871,142.489242983,0.000000000,0.025838323,0.048238490,0.063788298,0.004486467,117.977605588,0,34,34,0,0.032629559,17,0,0,0,0,991,17,3060,7834,2849,27,71383
79,1706585255.482780933,1706585255.582360744,1,0,0,1,-0.084240032,0.039616659,0.010562460,-0.002793811,0.000618159,-0.000287546,0.999995865,1067,820,0.768509841,0.020480121,0.010771406,0.008203492,0.022891680,129.602955239,0.000000000,0.025730205,0.047565228,0.047576052,0.004365513,118.206210449,0,41,41,0,0.038425492,15,0,0,0,0,1011,15,3065,7875,2864,27,72394
80,1706585255.582622528,1706585255.682438374,1,0,0,1,-0.086309041,0.038314308,0.010301109,-0.002663602,0.000651308,-0.000229914,0.999996214,1070,837,0.782242991,0.021693539,0.010592708,0.008079863,0.027964694,116.489325307,0.000000000,0.025703817,0.046010925,0.049009326,0.004325519,118.644861871,0,37,37,0,0.034579439,20,0,0,0,0,1013,20,3069,7912,2884,27,73407
81,1706585255.682449341,1706585255.782279015,1,1,1,1,-0.085033086,0.038549873,0.010804394,-0.002681731,0.000697729,-0.000382314,0.999996088,1066,819,0.768292683,0.019857518,0.010031693,0.007832707,0.015519928,156.921314901,0.050000000,0.025323473,0.045038127,0.049673193,0.004324109,120.696928924,1,22,22,0,0.020637899,13,13,0,0,0,1018,26,3071,7934,2910,27,74425
82,1706585255.783091068,1706585255.882911444,1,0,0,1,-0.085986202,0.037914133,0.010777667,-0.002696298,0.000587128,-0.000256872,0.999996160,1063,813,0.764816557,0.019278416,0.010680433,0.007661938,0.024051591,125.844738639,0.050000000,0.025279454,0.046390124,0.048358429,0.004544622,120.982135899,0,35,35,0,0.032925682,10,0,0,0,0,1018,10,3081,7969,2920,27,75443
83,1706585255.882922649,1706585255.982754707,1,0,0,1,-0.087815351,0.037597967,0.010326573,-0.002693435,0.000647414,-0.000255129,0.999996131,1071,817,0.762838469,0.019452011,0.010110250,0.007669499,0.023003863,121.362305501,0.050000000,0.025031352,0.045020042,0.047756871,0.004126991,121.259518886,0,54,54,0,0.050420168,17,0,0,0,0,1000,17,3087,8023,2937,27,76443
84,1706585255.982766628,1706585256.082587957,1,0,0,1,-0.087813646,0.039187960,0.011148220,-0.002762866,0.000660739,-0.000478083,0.999995851,1054,794,0.753320683,0.019513922,0.009855914,0.007212471,0.025103501,110.076146665,0.050000000,0.024945689,0.041718972,0.045738560,0.004400055,121.077856276,0,43,43,0,0.040796964,16,0,0,0,0,995,16,3097,8066,2953,27,77438
85,1706585256.082599878,1706585256.182432652,1,0,0,1,-0.089310321,0.040421670,0.010840677,-0.003007657,0.000575021,-0.000539857,0.999995166,1068,825,0.772471910,0.020260945,0.010214081,0.007245931,0.027209206,116.130837037,0.050000000,0.025182265,0.041650978,0.045219811,0.004517115,120.792089950,0,32,32,0,0.029962547,14,0,0,0,0,1022,14,3102,8098,2967,27,78460
86,1706585256.182444811,1706585256.282180548,1,0,0,1,-0.089226477,0.041404316,0.010924598,-0.002938213,0.000696955,-0.000668066,0.999995217,1047,782,0.746895893,0.018599224,0.009482577,0.007053058,0.028651250,107.723490536,0.050000000,0.025311483,0.040486709,0.045982693,0.004488067,120.340556114,0,34,34,0,0.032473734,13,0,0,0,0,1000,13,3108,8132,2980,27,79460
87,1706585256.283090353,1706585256.380748510,1,0,0,1,-0.092470178,0.041779378,0.011145533,-0.003072024,0.000667204,-0.000395434,0.999994981,1028,784,0.762645914,0.020386394,0.009877817,0.006849039,0.029041642,112.328990223,0.050000000,0.025642364,0.038705539,0.046137591,0.004862048,119.710360098,0,25,24,1,0.024319066,15,0,0,0,0,988,15,3112,8157,2995,27,80448
88,1706585256.382931471,1706585256.482753038,1,0,0,1,-0.092050842,0.041581102,0.010976696,-0.002949637,0.000663812,-0.000360643,0.999995364,1052,812,0.771863118,0.020278644,0.010247805,0.007735092,0.022682778,126.070145900,0.050000000,0.025126955,0.036226192,0.045626188,0.004901858,120.529285330,0,23,23,0,0.021863118,11,0,0,0,0,1018,11,3114,8180,3006,27,81466
89,1706585256.482765675,1706585256.582603693,1,1,1,1,-0.094202854,0.041533149,0.011174938,-0.002996918,0.000704718,-0.000507594,0.999995132,1064,813,0.764097744,0.018479887,0.009812287,0.007090088,0.019914571,125.428410725,0.100000000,0.024991005,0.039647166,0.043283125,0.005123356,120.428954624,1,18,17,1,0.016917293,13,18,0,0,0,1015,31,3117,8198,3037,27,82481
90,1706585256.582615852,1706585256.682446003,1,0,0,1,-0.097282199,0.044196612,0.011753876,-0.003035525,0.000794609,-0.000542253,0.999994930,1044,807,0.772988506,0.019856076,0.010661446,0.007667086,0.023143793,135.906591516,0.100000000,0.024900010,0.037777054,0.043967922,0.005069422,120.922601020,0,27,27,0,0.025862069,13,0,0,0,0,1004,13,3123,8225,3050,27,83485
91,1706585256.682457209,1706585256.782272339,1,0,0,1,-0.096420705,0.043780810,0.011285737,-0.003100033,0.000756012,-0.000451212,0.999994807,1053,806,0.765432099,0.018602569,0.010011929,0.007005728,0.024374997,123.022555869,0.100000000,0.024636431,0.039714652,0.043831646,0.005130093,121.725676770,0,35,35,0,0.033238367,20,0,0,0,0,998,20,3129,8260,3070,27,84483
92,1706585256.783082962,1706585256.882903814,1,0,0,1,-0.093521335,0.043477321,0.012613045,-0.002836091,0.000723885,-0.000378561,0.999995645,1048,811,0.773854962,0.020559337,0.010714649,0.007967116,0.027002254,121.178919768,0.100000000,0.024691613,0.040652469,0.042935973,0.004652519,122.096080139,0,41,41,0,0.039122137,10,0,0,0,0,997,10,3133,8301,3080,27,85480
93,1706585256.882915020,1706585256.982737780,1,0,0,1,-0.091078898,0.041552369,0.012286368,-0.002999345,0.000648722,-0.000293745,0.999995248,1063,814,0.765757291,0.020315205,0.010292491,0.007507294,0.026424511,115.678749878,0.100000000,0.024456277,0.039480839,0.042141373,0.004223751,122.708772526,0,32,31,1,0.030103481,16,0,0,0,0,1015,16,3139,8333,3096,27,86495
94,1706585256.982749939,1706585257.082565546,1,0,0,1,-0.087751288,0.040731878,0.012690471,-0.003086627,0.000743755,-0.000411744,0.999994875,1065,816,0.766197183,0.020856390,0.010500169,0.007676964,0.021773143,132.621699685,0.100000000,0.023961381,0.040562610,0.039931841,0.004156950,124.156268625,0,29,27,2,0.027230047,15,0,0,0,0,1021,15,3146,8362,3111,27,87516
95,1706585257.082577467,1706585257.182411194,1,1,1,1,-0.086969122,0.040005043,0.012270944,-0.003128814,0.000585671,-0.000448249,0.999994833,1063,799,0.751646284,0.018226327,0.009629047,0.006925950,0.019308939,125.239967305,0.150000000,0.023582720,0.043756613,0.037467772,0.003628625,124.478144814,1,19,19,0,0.017873942,9,24,0,0,0,1011,33,3148,8381,3144,27,88527
96,1706585257.182422638,1706585257.282241106,1,0,0,1,-0.087186896,0.040200110,0.012933593,-0.003150448,0.000694198,-0.000430243,0.999994704,1049,799,0.761677788,0.019958952,0.009890433,0.007465116,0.023164867,127.816460467,0.150000000,0.023575559,0.043748920,0.035689109,0.003572015,125.013372986,0,21,19,2,0.020019066,14,0,0,0,0,1014,14,3151,8402,3158,27,89541
97,1706585257.283065081,1706585257.382892132,1,1,1,1,-0.084703389,0.041445103,0.013333501,-0.003202547,0.000819021,-0.000628415,0.999994339,1070,827,0.772897196,0.018598660,0.010657603,0.007985761,0.019204707,135.456547635,0.200000000,0.023523289,0.045532660,0.037858629,0.003836829,125.369469789,1,16,16,0,0.014953271,14,15,0,0,0,1025,29,3151,8418,3187,27,90566
98,1706585257.382903814,1706585257.482738495,1,0,0,1,-0.088529104,0.042848340,0.013177624,-0.003259286,0.000759394,-0.000419529,0.999994312,1037,780,0.752169720,0.019538192,0.010694432,0.007745558,0.026489740,112.976663639,0.200000000,0.023846083,0.045072566,0.041292719,0.004137884,123.893840822,0,33,33,0,0.031822565,12,0,0,0,0,992,12,3152,8451,3199,27,91558
99,1706585257.482749939,1706585257.581773281,1,0,0,1,-0.087832107,0.042552031,0.014020330,-0.003146048,0.000744726,-0.000483512,0.999994657,1030,777,0.754368932,0.019985886,0.010076929,0.006998893,0.026871879,118.773006937,0.200000000,0.024045093,0.044410844,0.039967047,0.004150336,123.352343407,0,41,41,0,0.039805825,15,0,0,0,0,974,15,3159,8492,3214,27,92532
100,1706585257.582584381,1706585257.680379629,1,0,0,1,-0.090615239,0.043253802,0.013666224,-0.003049399,0.000688137,-0.000367363,0.999995046,1025,784,0.764878049,0.020423340,0.010627770,0.008190788,0.031573029,106.488204417,0.200000000,0.024225509,0.039150193,0.041467346,0.004078049,122.852287362,0,38,38,0,0.037073171,14,0,0,0,0,973,14,3166,8530,3228,27,93505
101,1706585257.682441711,1706585257.779017687,1,0,0,1,-0.093197926,0.044776782,0.012637624,-0.003293768,0.000496955,-0.000607007,0.999994268,1060,811,0.765094340,0.021448987,0.011176162,0.008113378,0.022115784,124.039068950,0.150000000,0.024555302,0.043745694,0.043491169,0.004304953,121.208175065,0,27,27,0,0.025471698,15,0,0,0,0,1018,15,3173,8557,3243,27,94523
102,1706585257.783074379,1706585257.882907152,1,0,0,1,-0.094174145,0.045783322,0.012409531,-0.003265034,0.000583337,-0.000485124,0.999994382,1043,826,0.791946309,0.020811967,0.010423890,0.007671130,0.024687784,128.190716382,0.150000000,0.024587112,0.044796575,0.043001489,0.004545017,121.325473952,0,44,43,1,0.042186002,20,0,0,0,0,979,20,3181,8601,3263,27,95502
103,1706585257.882918358,1706585257.982728004,1,0,0,1,-0.092855341,0.044571241,0.012286863,-0.003202703,0.000689965,-0.000392885,0.999994556,1054,809,0.767552182,0.019129639,0.010213206,0.007550171,0.029903010,111.163864262,0.150000000,0.024932069,0.045297616,0.043007136,0.004282814,120.815551890,0,36,36,0,0.034155598,16,0,0,0,0,1002,16,3182,8637,3279,27,96504
104,1706585257.982740402,1706585258.082566500,1,0,0,1,-0.094699212,0.045344576,0.012244053,-0.003041622,0.000637926,-0.000545549,0.999995022,1047,802,0.765998090,0.020227103,0.009998191,0.007238193,0.026327489,128.539089840,0.150000000,0.024993269,0.045338668,0.043043232,0.004464248,121.738699048,0,43,43,0,0.041069723,16,0,0,0,0,988,16,3189,8680,3295,27,97492
105,1706585258.082579136,1706585258.182399750,1,0,0,1,-0.093819972,0.044564802,0.011725035,-0.003080521,0.000646781,-0.000370977,0.999994977,1052,785,0.746197719,0.017858354,0.010286081,0.007463955,0.026988056,113.221607368,0.150000000,0.024982211,0.050183671,0.043338165,0.004556232,121.593237565,0,25,25,0,0.023764259,10,0,0,0,0,1017,10,3194,8705,3305,27,98509
106,1706585258.182411194,1706585258.282237768,1,0,0,1,-0.094756617,0.045041586,0.011242827,-0.003114419,0.000663298,-0.000381326,0.999994857,1045,793,0.758851675,0.020651616,0.010744528,0.007939135,0.027262807,113.085970020,0.150000000,0.024912789,0.049222400,0.041221740,0.004031819,121.861361539,0,27,26,1,0.025837321,10,0,0,0,0,1008,10,3200,8732,3315,27,99517
107,1706585258.283051014,1706585258.382881641,1,0,0,1,-0.092788542,0.042764243,0.011079183,-0.002998622,0.000674993,-0.000263648,0.999995242,1075,813,0.756279070,0.019076674,0.009709232,0.007116582,0.023037202,121.431264077,0.150000000,0.024612567,0.049539842,0.043742483,0.004197493,122.316475232,0,37,36,1,0.034418605,15,0,0,0,0,1023,15,3204,8769,3330,27,100540
108,1706585258.382892847,1706585258.482655764,1,0,0,1,-0.092810094,0.043415052,0.012141261,-0.002913403,0.000894384,-0.000387828,0.999995281,1042,791,0.759117083,0.019160231,0.009798643,0.007116589,0.024868281,122.154766536,0.150000000,0.024721842,0.049671235,0.042826632,0.004152808,122.120706264,0,28,28,0,0.026871401,10,0,0,0,0,1004,10,3209,8797,3340,27,101544
109,1706585258.482730150,1706585258.582558632,1,0,0,1,-0.092828765,0.044691709,0.012058984,-0.003038076,0.000622899,-0.000615591,0.999995002,1037,792,0.763741562,0.019078950,0.009936374,0.007558641,0.023969916,114.287002039,0.100000000,0.024924609,0.048139393,0.039993704,0.004536986,121.563635829,0,31,30,1,0.029893925,8,0,0,0,0,998,8,3217,8828,3348,27,102542
110,1706585258.582570314,1706585258.682394028,1,0,0,1,-0.096118131,0.045296396,0.011538469,-0.003140362,0.000720761,-0.000413028,0.999994724,1043,771,0.739213806,0.020218003,0.010735304,0.007516768,0.025123501,128.155059518,0.100000000,0.025023595,0.048393551,0.042313454,0.004759150,121.176059230,0,36,35,1,0.034515820,11,0,0,0,0,996,11,3222,8864,3359,27,103538
111,1706585258.682405949,1706585258.782230854,1,0,0,1,-0.094320729,0.044866603,0.010956503,-0.003109237,0.000666631,-0.000380670,0.999994872,1034,773,0.747582205,0.019522724,0.010743713,0.007753795,0.022402564,125.841024068,0.100000000,0.024924973,0.046553693,0.041047839,0.004678365,121.316982640,0,34,33,1,0.032882012,19,0,0,0,0,981,19,3231,8898,3378,27,104519
112,1706585258.783041716,1706585258.881398201,1,0,0,1,-0.094260909,0.043760048,0.010502358,-0.003039307,0.000683870,-0.000306136,0.999995101,1033,786,0.760890610,0.020192983,0.010418542,0.007773219,0.027500769,113.713701590,0.100000000,0.024949899,0.045985994,0.039118532,0.004657573,120.943721731,0,31,31,0,0.030009681,18,0,0,0,0,984,18,3236,8929,3396,27,105503
113,1706585258.882884026,1706585258.980038643,1,0,0,1,-0.097670512,0.044164988,0.010143040,-0.003046216,0.000678161,-0.000445492,0.999995031,1056,794,0.751893939,0.019719797,0.010031301,0.007208703,0.027074624,114.940109225,0.100000000,0.024982405,0.045607731,0.039119835,0.004699562,120.906789698,0,27,27,0,0.025568182,19,0,0,0,0,1010,19,3240,8956,3415,27,106513
114,1706585258.982721806,1706585259.082540751,1,0,0,1,-0.097766655,0.043708087,0.010449201,-0.002932363,0.000678812,-0.000428527,0.999995378,1031,794,0.770126091,0.019311736,0.010006804,0.007303669,0.025068664,123.069437268,0.100000000,0.025147181,0.044058602,0.038530964,0.004661558,120.429176577,0,28,28,0,0.027158099,11,0,0,0,0,992,11,3243,8984,3426,27,107505
115,1706585259.082552671,1706585259.182378292,1,0,0,1,-0.099308529,0.044557429,0.010535297,-0.003054557,0.000653961,-0.000505759,0.999994993,1060,802,0.756603774,0.019031923,0.010078225,0.007427421,0.026736811,121.494727778,0.050000000,0.025518574,0.041420064,0.039569117,0.004780732,120.241914601,0,29,29,0,0.027358491,14,0,0,0,0,1017,14,3246,9013,3440,27,108522
116,1706585259.182389736,1706585259.282204866,1,0,0,1,-0.101104112,0.046104399,0.010166026,-0.003077718,0.000727204,-0.000392196,0.999994922,1057,800,0.756859035,0.018585001,0.010619402,0.007613733,0.024065663,127.728557451,0.050000000,0.025563614,0.043209628,0.039161050,0.004610161,120.237519450,0,30,30,0,0.028382214,12,0,0,0,0,1015,12,3250,9043,3452,27,109537
117,1706585259.283015251,1706585259.382835388,1,0,0,1,-0.103147754,0.044322676,0.009198013,-0.003029880,0.000697401,-0.000202501,0.999995146,1058,812,0.767485822,0.020811498,0.010995511,0.008205203,0.026586553,122.578947127,0.000000000,0.025932706,0.043107111,0.037962024,0.004571733,119.593639425,0,31,30,1,0.029300567,12,0,0,0,0,1015,12,3255,9074,3464,27,110552
118,1706585259.382847309,1706585259.482669353,1,0,0,1,-0.103695862,0.044054159,0.008898132,-0.003047522,0.000594447,-0.000325028,0.999995127,1057,813,0.769157994,0.020202564,0.011376163,0.007825868,0.025790683,116.385682290,0.000000000,0.025897754,0.043260246,0.037509033,0.004688483,119.764090357,0,32,32,0,0.030274361,13,0,0,0,0,1012,13,3257,9106,3477,27,111564
119,1706585259.482681513,1706585259.582511187,1,0,0,1,-0.104347849,0.043587700,0.008672113,-0.002957934,0.000604645,-0.000367583,0.999995375,1057,799,0.755912961,0.020088229,0.009983180,0.007376784,0.025550389,112.408581041,0.000000000,0.025831679,0.043328247,0.035449947,0.004540760,119.445869062,0,24,22,2,0.022705771,10,0,0,0,0,1023,10,3259,9130,3487,27,112587
120,1706585259.582523346,1706585259.682369232,1,0,0,1,-0.101161239,0.042104028,0.008462538,-0.003030818,0.000651601,-0.000330171,0.999995140,1086,826,0.760589319,0.019888278,0.010306748,0.007731544,0.024827970,112.646857543,0.000000000,0.025494426,0.042763428,0.035801446,0.004136849,119.753801719,0,21,21,0,0.019337017,9,0,0,0,0,1056,9,3265,9151,3496,27,113643
121,1706585259.682779551,1706585259.782034397,1,1,1,1,-0.101963638,0.040996325,0.008510654,-0.002843059,0.000709935,-0.000143117,0.999995696,1033,780,0.755082285,0.020129579,0.010082826,0.006909985,0.019493945,131.084590021,0.050000000,0.025363334,0.038420823,0.035749466,0.004267640,120.106077772,1,10,10,0,0.009680542,15,13,0,0,0,995,28,3266,9161,3524,27,114638
122,1706585259.782633066,1706585259.882461786,1,0,0,1,-0.101106154,0.041842538,0.008918354,-0.002994848,0.000752842,-0.000203052,0.999995211,1013,763,0.753208292,0.020613350,0.011256491,0.008082341,0.026812416,130.726386360,0.050000000,0.025469566,0.037744666,0.035225914,0.004204113,120.232861271,0,19,17,2,0.018756170,11,0,0,0,0,983,11,3272,9180,3535,27,115621
123,1706585259.882474184,1706585259.982308149,1,0,0,1,-0.100918891,0.042020809,0.009164963,-0.002929650,0.000687080,-0.000306057,0.999995426,1048,782,0.746183206,0.018949054,0.010560949,0.007647252,0.024391978,118.406444222,0.050000000,0.025194014,0.038150153,0.033583281,0.004104851,120.594990269,0,32,31,1,0.030534351,6,0,0,0,0,1010,6,3276,9212,3541,27,116631
124,1706585259.982718706,1706585260.082437038,1,0,0,1,-0.099420863,0.042463653,0.009126576,-0.003335185,0.000636575,-0.000318376,0.999994185,1048,781,0.745229008,0.018849609,0.009809782,0.007017000,0.024968030,118.736272155,0.050000000,0.025126041,0.038717851,0.033861152,0.003780670,120.104849385,0,20,20,0,0.019083969,15,0,0,0,0,1013,15,3280,9232,3556,27,117644
125,1706585260.082573414,1706585260.181057453,1,0,0,1,-0.097980310,0.040407731,0.009600210,-0.003265835,0.000609066,-0.000270205,0.999994445,1050,795,0.757142857,0.021418670,0.010458427,0.007472799,0.024776785,118.672828117,0.050000000,0.025015478,0.037801513,0.035259469,0.003856434,120.377410422,0,29,29,0,0.027619048,19,0,0,0,0,1002,19,3284,9261,3575,27,118646
126,1706585260.182418108,1706585260.279719830,1,0,0,1,-0.096089144,0.042615066,0.011031108,-0.003295908,0.000906726,-0.000484255,0.999994040,1047,804,0.767908309,0.019116418,0.010785284,0.007693371,0.028107804,120.119172984,0.050000000,0.025057728,0.037172634,0.035484905,0.004051093,120.729070571,0,31,30,1,0.029608405,10,0,0,0,0,1006,10,3289,9292,3585,27,119652
127,1706585260.283049345,1706585260.382878780,1,0,0,1,-0.100908026,0.044187501,0.011214171,-0.003350899,0.000758430,-0.000537714,0.999993954,1068,815,0.763108614,0.020692461,0.010988874,0.007999516,0.027919758,116.376038296,0.050000000,0.025301855,0.037825961,0.039311348,0.003907592,120.476309282,0,21,21,0,0.019662921,18,0,0,0,0,1029,18,3294,9313,3603,27,120681
128,1706585260.382890701,1706585260.482710600,1,0,0,1,-0.099580667,0.044342531,0.011506699,-0.003462406,0.000841754,-0.000407676,0.999993568,1040,788,0.757692308,0.020740701,0.010043285,0.007408327,0.029477708,120.618517728,0.050000000,0.025532327,0.038370595,0.039399931,0.003712824,120.399496841,0,28,28,0,0.026923077,17,0,0,0,0,995,17,3299,9341,3620,27,121676
129,1706585260.482721806,1706585260.582535744,1,0,0,1,-0.100659587,0.043664462,0.011147704,-0.003371732,0.000750319,-0.000347958,0.999993974,1068,813,0.761235955,0.019440031,0.010132107,0.007666851,0.030248151,112.337452756,0.050000000,0.025846238,0.037604440,0.037339089,0.003428646,120.302019377,0,27,27,0,0.025280899,11,0,0,0,0,1030,11,3304,9368,3631,27,122706
130,1706585260.582546949,1706585260.682382345,1,0,0,1,-0.101859218,0.045565202,0.011180289,-0.003554217,0.000865139,-0.000430428,0.999993217,1054,790,0.749525617,0.018243696,0.010939221,0.007683247,0.023104536,121.476643632,0.050000000,0.025745290,0.041581692,0.037649434,0.003529578,119.968098583,0,26,25,1,0.024667932,10,0,0,0,0,1018,10,3309,9394,3641,27,123724
131,1706585260.682393789,1706585260.782215357,1,0,0,1,-0.101693828,0.045424222,0.011121484,-0.003645469,0.000746201,-0.000542893,0.999992929,1043,779,0.746883988,0.019440438,0.009776455,0.007178026,0.030666850,105.644736629,0.050000000,0.026158504,0.041664608,0.036676954,0.003604743,118.958284211,0,27,25,2,0.025886865,9,0,0,0,0,1007,9,3314,9421,3650,27,124731
132,1706585260.783026457,1706585260.882864237,1,0,0,1,-0.101963647,0.047062403,0.011354918,-0.003657091,0.000925161,-0.000477770,0.999992771,1077,809,0.751160631,0.019253992,0.009882056,0.007501632,0.024619502,113.216441779,0.050000000,0.026014441,0.041839793,0.034901221,0.003454979,118.933421220,0,20,20,0,0.018570102,19,0,0,0,0,1038,19,3317,9441,3669,27,125769
133,1706585260.882876158,1706585260.982699871,1,0,0,1,-0.103535609,0.046297551,0.011505677,-0.003277811,0.000762893,-0.000361928,0.999994271,1044,790,0.756704981,0.018824308,0.009812063,0.007290785,0.027480290,110.948803592,0.050000000,0.026034724,0.043109040,0.036097536,0.003654347,118.733855938,0,24,23,1,0.022988506,12,0,0,0,0,1008,12,3321,9465,3681,27,126777
134,1706585260.982711077,1706585261.081669807,1,0,0,1,-0.107185523,0.046474850,0.011159581,-0.002963778,0.000773481,-0.000459189,0.999995203,1036,767,0.740347490,0.018438675,0.008777164,0.006280108,0.025905159,123.825487204,0.050000000,0.026076549,0.045213628,0.038005674,0.003693977,118.771658435,0,27,27,0,0.026061776,11,0,0,0,0,998,11,3322,9492,3692,27,127775
135,1706585261.082544088,1706585261.182363033,1,0,0,1,-0.106360178,0.045604222,0.011346286,-0.002839259,0.000665328,-0.000180496,0.999995732,1020,751,0.736274510,0.020160748,0.010604314,0.007529290,0.027316930,112.991247320,0.050000000,0.026105555,0.044858165,0.036821112,0.004025522,118.346484412,0,48,48,0,0.047058824,10,0,0,0,0,962,10,3326,9540,3702,27,128737
136,1706585261.182773352,1706585261.282610416,1,1,1,1,-0.108670008,0.045241158,0.011294936,-0.002776590,0.000891373,-0.000216163,0.999995725,1047,776,0.741165234,0.019538656,0.009957001,0.007109353,0.019566113,144.736433394,0.100000000,0.025880577,0.042917837,0.036280967,0.003718390,119.196878210,1,18,18,0,0.017191977,9,8,0,0,0,1012,17,3327,9558,3719,27,129749
137,1706585261.282622099,1706585261.382070780,1,0,0,1,-0.113576863,0.045955124,0.011490514,-0.002819247,0.000808432,-0.000215817,0.999995676,1034,783,0.757253385,0.020076141,0.009604465,0.006856031,0.025451127,128.541687649,0.100000000,0.025823806,0.041381614,0.040563309,0.003475024,119.495015236,0,27,27,0,0.026112186,11,0,0,0,0,996,11,3333,9585,3730,27,130745
138,1706585261.382457972,1706585261.480741501,1,0,0,1,-0.115508840,0.048072240,0.011895089,-0.002893190,0.000871693,-0.000426417,0.999995344,1062,793,0.746704331,0.018225668,0.009616884,0.007090009,0.021326519,130.400964626,0.100000000,0.025600598,0.044237085,0.042624935,0.003811645,120.195779352,0,33,31,2,0.031073446,10,0,0,0,0,1016,13,3338,9618,3740,27,131761
139,1706585261.483098984,1706585261.579415798,1,0,0,1,-0.116832151,0.046443421,0.011298402,-0.003032490,0.000675518,-0.000212130,0.999995151,1081,811,0.750231267,0.022292260,0.011447832,0.008470645,0.023341434,137.941346895,0.100000000,0.025490150,0.052932229,0.041285412,0.004166715,121.472417645,0,37,34,3,0.034227567,16,0,0,0,0,1028,16,3348,9655,3756,27,132789
140,1706585261.582950592,1706585261.682767630,1,0,0,1,-0.117622205,0.048829280,0.011773949,-0.003280325,0.000707438,-0.000505395,0.999994242,1047,781,0.745940783,0.018731235,0.009639963,0.007089221,0.023034700,135.144817279,0.100000000,0.025400487,0.054143246,0.042474637,0.004379767,122.597315632,0,27,27,0,0.025787966,11,0,0,0,0,1009,11,3351,9682,3767,27,133798
141,1706585261.682779551,1706585261.782598972,1,0,0,1,-0.119993564,0.049866784,0.011601561,-0.003305025,0.000693097,-0.000441550,0.999994201,1055,791,0.749763033,0.019462971,0.010628865,0.007932961,0.023126721,136.889934446,0.050000000,0.025582125,0.053988670,0.043796921,0.004387174,122.887582853,0,33,32,1,0.031279621,16,0,0,0,0,1006,16,3356,9715,3783,27,134804
142,1706585261.782610416,1706585261.882426262,1,0,0,1,-0.123548326,0.051751586,0.013009249,-0.002964698,0.000906288,-0.000365370,0.999995128,1045,790,0.755980861,0.019495011,0.010714133,0.007313700,0.021870625,132.097190510,0.050000000,0.025335036,0.052897034,0.047702296,0.004333213,122.956123061,0,31,31,0,0.029665072,7,0,0,0,0,1007,7,3360,9746,3790,27,135811
143,1706585261.882437706,1706585261.982271910,1,0,0,1,-0.125190907,0.053014632,0.012970365,-0.002944541,0.000897599,-0.000585946,0.999995090,1051,792,0.753568030,0.019834301,0.010880992,0.008240922,0.021797891,126.029013825,0.050000000,0.025205331,0.052339861,0.048212117,0.004749418,123.337251541,0,30,28,2,0.028544244,11,0,0,0,0,1010,11,3366,9776,3801,27,136821
144,1706585261.983082294,1706585262.082906008,1,0,0,1,-0.126278141,0.053669915,0.013607849,-0.003033868,0.000980524,-0.000416430,0.999994830,1045,789,0.755023923,0.018413664,0.011278910,0.007952015,0.020484858,126.380358693,0.050000000,0.024981173,0.053440332,0.047077960,0.004991176,123.719455868,0,33,33,0,0.031578947,8,0,0,0,0,1004,8,3371,9809,3809,27,137825
145,1706585262.082917690,1706585262.182760239,1,0,0,1,-0.127537949,0.053755139,0.013274512,-0.003002568,0.000895865,-0.000367633,0.999995023,1062,803,0.756120527,0.020044010,0.010271969,0.007689066,0.027876202,111.800181930,0.050000000,0.025136144,0.049524868,0.045144105,0.004659240,123.375823558,0,26,26,0,0.024482109,11,0,0,0,0,1025,11,3372,9835,3820,27,138850
146,1706585262.182772398,1706585262.282510996,1,0,0,1,-0.127700694,0.054159581,0.013910352,-0.003101571,0.000879147,-0.000475938,0.999994690,1075,803,0.746976744,0.019448300,0.010268340,0.007440283,0.025811534,121.928713701,0.050000000,0.025021330,0.049263437,0.040842801,0.004769899,123.466300594,0,33,33,0,0.030697674,14,0,0,0,0,1028,14,3372,9868,3834,27,139878
147,1706585262.282610178,1706585262.381325722,1,0,0,1,-0.127111245,0.052676577,0.014764502,-0.002899558,0.000968187,-0.000263419,0.999995293,1010,762,0.754455446,0.019806501,0.010134838,0.007540741,0.024607712,121.738953268,0.050000000,0.024855728,0.047616728,0.041284839,0.004935446,123.734446343,0,22,22,0,0.021782178,12,0,0,0,0,976,12,3372,9890,3846,27,140854
148,1706585262.382447958,1706585262.482275248,1,1,1,1,-0.128466478,0.052084573,0.014367583,-0.002910630,0.000798776,-0.000242536,0.999995416,1034,773,0.747582205,0.019190914,0.010017191,0.007601879,0.017338971,147.617200196,0.100000000,0.024248791,0.045566246,0.041492166,0.004857973,125.084380466,1,10,10,0,0.009671180,12,9,0,0,0,1003,21,3374,9900,3867,27,141857
149,1706585262.483086348,1706585262.582906008,1,0,0,1,-0.130471690,0.052254718,0.014913373,-0.002848216,0.000678601,-0.000228918,0.999995687,1054,794,0.753320683,0.020376277,0.011592122,0.008181419,0.023493039,121.388421435,0.100000000,0.023911035,0.046707882,0.041329397,0.004719963,125.536928900,0,30,29,1,0.028462998,10,0,0,0,0,1014,10,3376,9930,3877,27,142871
150,1706585262.582917929,1706585262.681777000,1,1,1,1,-0.137448713,0.052400255,0.014113568,-0.002842537,0.000684229,-0.000214837,0.999995703,1060,788,0.743396226,0.020136859,0.010427503,0.007145252,0.016722915,155.980241406,0.150000000,0.023591954,0.044735341,0.048128483,0.004523881,127.262108789,1,22,22,0,0.020754717,15,13,0,1,0,1008,30,3377,9952,3905,27,143879
151,1706585262.682762861,1706585262.780444622,1,0,0,1,-0.138317900,0.051036915,0.013494777,-0.003089077,0.000672981,-0.000124289,0.999994995,1066,795,0.745778612,0.021126502,0.011244859,0.008192471,0.023285032,140.615184494,0.150000000,0.023222864,0.047770318,0.048183109,0.004575789,129.010631182,0,33,29,4,0.030956848,16,0,0,0,0,1013,20,3383,9985,3921,27,144892
152,1706585262.782605648,1706585262.879155159,1,0,0,1,-0.140250688,0.052761282,0.013810784,-0.003210300,0.000685887,-0.000336812,0.999994555,1084,806,0.743542435,0.018736817,0.010338022,0.007422686,0.023502081,131.167768752,0.150000000,0.023166993,0.048717784,0.049037860,0.004767632,129.908197531,0,41,41,0,0.037822878,11,0,0,0,0,1031,12,3390,10026,3932,27,145923
153,1706585262.882439613,1706585262.982265472,1,0,0,1,-0.142325832,0.053255174,0.013750306,-0.003305410,0.000733323,-0.000329174,0.999994214,1051,787,0.748810657,0.020161383,0.010400828,0.007862039,0.023821031,129.653755957,0.150000000,0.022984030,0.047985539,0.047501256,0.004588358,130.843445149,0,27,27,0,0.025689819,16,0,0,0,0,1008,16,3393,10053,3948,27,146931
154,1706585262.983078003,1706585263.082884073,1,0,0,1,-0.139696802,0.054186080,0.014706505,-0.003374619,0.000954171,-0.000499465,0.999993726,1043,775,0.743048897,0.017783188,0.009217251,0.006673892,0.025370810,126.106781735,0.150000000,0.022957312,0.050741017,0.049235491,0.004372341,130.957509876,0,23,23,0,0.022051774,11,0,0,0,0,1009,11,3399,10076,3959,27,147940
155,1706585263.082895279,1706585263.182718277,1,0,0,1,-0.140577700,0.054098405,0.014526928,-0.003366010,0.000764219,-0.000455675,0.999993939,1052,794,0.754752852,0.019635286,0.010568339,0.008083074,0.020273360,132.255010673,0.150000000,0.022605134,0.050459925,0.047800018,0.004388711,131.920698043,0,21,21,0,0.019961977,11,0,0,0,0,1020,11,3402,10097,3970,27,148960
156,1706585263.182730198,1706585263.282558680,1,0,0,1,-0.141196480,0.055009384,0.015509999,-0.003352559,0.000892821,-0.000349965,0.999993920,1054,803,0.761859583,0.018448052,0.010544945,0.007737130,0.026922295,112.885626818,0.100000000,0.022972943,0.052275456,0.044313850,0.004598204,130.328157714,0,26,26,0,0.024667932,13,0,0,0,0,1015,13,3403,10123,3983,27,149975
157,1706585263.282569647,1706585263.382383585,1,0,0,1,-0.141866742,0.054851956,0.014511136,-0.003180305,0.000792991,-0.000351539,0.999994567,1032,776,0.751937984,0.019661824,0.010383121,0.007607930,0.027329521,118.645879705,0.100000000,0.023066863,0.052010802,0.042632466,0.004178726,129.833367317,0,22,22,0,0.021317829,13,0,0,0,0,997,13,3406,10145,3996,27,150972
158,1706585263.382395029,1706585263.482223988,1,1,1,1,-0.142324356,0.055852218,0.014312743,-0.003283979,0.000643235,-0.000526102,0.999994262,1070,800,0.747663551,0.018758769,0.011146422,0.008097811,0.019066371,135.805478824,0.150000000,0.022953855,0.050484663,0.041568387,0.004097508,130.103593027,1,16,16,0,0.014953271,8,11,0,0,0,1035,19,3409,10161,4015,27,152007
159,1706585263.483034372,1706585263.582367897,1,0,0,1,-0.140292336,0.056687613,0.014506263,-0.003372367,0.000677251,-0.000486949,0.999993966,1033,772,0.747337851,0.018630813,0.010519771,0.007442447,0.029231212,108.014957790,0.150000000,0.023248344,0.040584386,0.041216073,0.003588400,128.607273572,0,27,26,1,0.026137464,11,0,0,0,0,995,11,3414,10188,4026,27,153002
160,1706585263.582867146,1706585263.682678223,1,0,0,1,-0.136760696,0.054126959,0.013886589,-0.003299024,0.000773115,-0.000298860,0.999994215,1064,805,0.756578947,0.020184700,0.009914869,0.007619095,0.022043934,128.227660484,0.150000000,0.023198806,0.040563083,0.043028017,0.003836292,128.261415732,0,18,17,1,0.016917293,13,0,0,0,0,1033,13,3416,10206,4039,27,154035
161,1706585263.682702303,1706585263.782531023,1,0,0,1,-0.137307838,0.054045156,0.013902197,-0.003306711,0.000826997,-0.000316463,0.999994141,1072,791,0.737873134,0.018317880,0.010216387,0.007453413,0.022708799,125.847514465,0.150000000,0.023177910,0.042679944,0.039318785,0.003720302,127.709294733,0,24,22,2,0.022388060,9,0,0,0,0,1039,9,3421,10230,4048,27,155074
162,1706585263.782542944,1706585263.882379770,1,1,1,1,-0.134817407,0.052539840,0.014326013,-0.002971070,0.000878841,-0.000296003,0.999995156,1057,764,0.722800378,0.018888514,0.009810416,0.007055917,0.019794118,136.844787441,0.200000000,0.023074084,0.043127788,0.040187100,0.003320406,127.946674580,1,15,15,0,0.014191107,7,11,0,0,0,1024,18,3422,10245,4066,27,156098
163,1706585263.882391930,1706585263.981479406,1,0,0,1,-0.133215632,0.053117937,0.014722160,-0.003077822,0.000809463,-0.000373433,0.999994866,1061,788,0.742695570,0.021035570,0.011588719,0.008114839,0.025214339,135.151292122,0.200000000,0.023244907,0.046632434,0.040514961,0.003136657,128.402788494,0,20,16,4,0.018850141,14,0,0,0,0,1026,15,3428,10265,4080,27,157124
164,1706585263.983039618,1706585264.080176592,1,0,0,1,-0.130623959,0.053975204,0.015168855,-0.003141827,0.000726473,-0.000577612,0.999994634,1083,790,0.729455217,0.018224815,0.010287126,0.007425527,0.020838817,134.737275432,0.200000000,0.023262605,0.047249244,0.041975098,0.003446434,128.820634331,0,21,18,3,0.019390582,11,0,0,0,0,1045,17,3432,10286,4091,27,158169
165,1706585264.082884312,1706585264.178899765,1,0,0,1,-0.128025918,0.053263019,0.015646239,-0.003098824,0.000741467,-0.000435824,0.999994829,1053,790,0.750237417,0.019894175,0.011130250,0.008310480,0.027928179,122.295724787,0.200000000,0.023265204,0.047038772,0.043940014,0.003513296,129.345411474,0,17,17,0,0.016144349,13,0,0,0,0,1023,13,3435,10303,4104,27,159192
166,1706585264.182732344,1706585264.282550335,1,0,0,1,-0.127313610,0.052950807,0.015226254,-0.003163808,0.000861690,-0.000440168,0.999994527,1049,782,0.745471878,0.019707199,0.010165593,0.007438274,0.028730352,115.701104847,0.200000000,0.023411144,0.047115885,0.043013834,0.003097967,129.034031031,0,29,27,2,0.027645377,11,0,0,0,0,1009,11,3442,10332,4115,27,160201
167,1706585264.282562256,1706585264.382395744,1,0,0,1,-0.128118721,0.053613468,0.014840172,-0.003227665,0.000710502,-0.000435842,0.999994444,1056,779,0.737689394,0.018203559,0.010027485,0.007901178,0.027216016,121.300709079,0.200000000,0.023541560,0.049043738,0.042594530,0.003064755,129.012118822,0,20,19,1,0.018939394,6,0,0,0,0,1030,6,3446,10352,4121,27,161231
168,1706585264.382407188,1706585264.482242346,1,0,0,1,-0.134148201,0.054608846,0.014693983,-0.003165911,0.000916924,-0.000512295,0.999994437,1038,792,0.763005780,0.020719955,0.009790941,0.007315364,0.030595362,107.424071865,0.150000000,0.024204379,0.051127315,0.046622251,0.003190860,127.002462405,0,16,15,1,0.015414258,13,0,0,0,0,1009,13,3450,10368,4134,27,162240
169,1706585264.483054161,1706585264.582884073,1,0,0,1,-0.133939064,0.053658705,0.014216769,-0.002979461,0.000853071,-0.000356267,0.999995134,1050,790,0.752380952,0.020832858,0.010897620,0.008021154,0.027250123,115.128327895,0.150000000,0.024392233,0.052421336,0.040681650,0.003475499,126.689457728,0,21,21,0,0.020000000,13,0,0,0,0,1016,13,3451,10389,4147,27,163256
170,1706585264.582896709,1706585264.682728767,1,0,0,1,-0.137841297,0.054203390,0.013297901,-0.003339547,0.000651614,-0.000374263,0.999994141,1031,771,0.747817653,0.019427215,0.011049553,0.008020648,0.022875590,119.899584664,0.100000000,0.024699867,0.051894692,0.042996232,0.003329930,124.885424891,0,19,19,0,0.018428710,15,0,0,0,0,997,15,3453,10408,4162,27,164253
171,1706585264.682740450,1706585264.782583237,1,0,0,1,-0.134853261,0.054395383,0.013108641,-0.003413074,0.000764063,-0.000406401,0.999993801,1087,833,0.766329347,0.021064882,0.011055842,0.008191508,0.031596015,115.136999206,0.100000000,0.025115416,0.051637980,0.043387006,0.002969780,123.611515627,0,22,22,0,0.020239190,12,0,0,0,0,1053,12,3455,10430,4174,27,165306
172,1706585264.782594681,1706585264.882038355,1,0,0,1,-0.134041937,0.053576099,0.013078887,-0.003384097,0.000796094,-0.000430505,0.999993864,1062,790,0.743879473,0.018853032,0.010101740,0.007025961,0.020819770,133.152343774,0.100000000,0.024981301,0.051436026,0.042406451,0.003003328,123.710744378,0,18,18,0,0.016949153,12,0,0,0,0,1032,12,3456,10448,4186,27,166338
173,1706585264.882437706,1706585264.980706692,1,0,0,1,-0.131955050,0.054257169,0.013075673,-0.003406719,0.000723108,-0.000452955,0.999993833,1031,784,0.760426770,0.020261317,0.009752308,0.007471378,0.024280964,132.019980397,0.100000000,0.025004297,0.051625072,0.041653326,0.002705591,123.829055600,0,23,22,1,0.022308438,10,0,0,0,0,998,10,3461,10471,4196,27,167336
174,1706585264.983077049,1706585265.082905531,1,0,0,1,-0.131405394,0.053480498,0.012810421,-0.003233850,0.000885676,-0.000445581,0.999994280,1086,806,0.742173112,0.020144584,0.010519328,0.007928186,0.022942695,128.342729263,0.100000000,0.024882892,0.048067301,0.041737819,0.002630660,123.940852976,0,18,17,1,0.016574586,6,0,0,0,0,1062,6,3462,10489,4202,27,168398
175,1706585265.082916498,1706585265.182508707,1,1,1,1,-0.131024979,0.052770975,0.012618786,-0.003219611,0.000730084,-0.000397803,0.999994471,1042,771,0.739923225,0.019362503,0.009940568,0.007365354,0.019025340,141.995586102,0.150000000,0.024820491,0.048129875,0.041089171,0.002516666,124.427881748,1,14,14,0,0.013435701,11,10,0,0,0,1007,21,3463,10503,4223,27,169405
176,1706585265.182746172,1706585265.281230927,1,0,0,1,-0.131596333,0.051897053,0.012560697,-0.002997486,0.000857943,-0.000300208,0.999995094,1065,780,0.732394366,0.017267207,0.009517617,0.006798173,0.020318246,136.789398597,0.150000000,0.024490288,0.053315494,0.040921743,0.002709207,125.623070337,0,27,22,5,0.025352113,7,0,0,0,0,1028,10,3471,10530,4230,27,170433
177,1706585265.282589436,1706585265.379946470,1,0,0,1,-0.129108428,0.052523495,0.012940114,-0.003088892,0.000757533,-0.000369419,0.999994874,1042,775,0.743761996,0.020870028,0.011542306,0.007918293,0.024355437,130.354833186,0.150000000,0.024341584,0.055378898,0.042397489,0.002498862,126.208518011,0,21,21,0,0.020153551,8,0,0,0,0,1009,12,3475,10551,4238,27,171442
178,1706585265.382430792,1706585265.478719711,1,0,0,1,-0.128292173,0.050386600,0.012833779,-0.002937136,0.000747812,-0.000195598,0.999995388,1064,807,0.758458647,0.020040932,0.010168865,0.007421594,0.035176987,98.510683660,0.100000000,0.025147115,0.054697408,0.042481899,0.002768828,124.343778253,0,17,17,0,0.015977444,14,0,0,0,0,1032,15,3478,10568,4252,27,172474
179,1706585265.483073950,1706585265.582903385,1,0,0,1,-0.126752520,0.050553677,0.013227750,-0.003196882,0.000820617,-0.000384651,0.999994479,1056,785,0.743371212,0.018434909,0.010525895,0.007512581,0.021638244,135.879618984,0.100000000,0.024767466,0.055216553,0.039673849,0.002772145,125.737011312,0,25,24,1,0.023674242,10,0,0,0,0,1021,10,3479,10593,4262,27,173495
180,1706585265.582916260,1706585265.682730675,1,0,0,1,-0.127271851,0.051029985,0.013108524,-0.003187260,0.000903467,-0.000460482,0.999994407,1039,780,0.750721848,0.017820502,0.009067025,0.006497262,0.020398123,135.284849450,0.100000000,0.024685176,0.058425424,0.039835101,0.002888745,126.089870761,0,14,14,0,0.013474495,6,0,0,0,0,1019,6,3481,10607,4268,27,174514
181,1706585265.682742357,1706585265.782552481,1,0,0,1,-0.130045975,0.051444429,0.013163104,-0.003129048,0.000874953,-0.000304782,0.999994675,1031,777,0.753637245,0.018320884,0.010297652,0.007352533,0.023635597,125.611942404,0.100000000,0.024731516,0.058417178,0.039699823,0.003159260,126.078092158,0,15,15,0,0.014548982,11,0,0,0,0,1005,11,3482,10622,4279,27,175519
182,1706585265.782565117,1706585265.882391930,1,0,0,1,-0.129556991,0.049941573,0.012578850,-0.003320521,0.000703561,-0.000256998,0.999994207,1036,776,0.749034749,0.019978698,0.011106443,0.007768275,0.021605697,136.428282653,0.050000000,0.024822095,0.058100733,0.039636392,0.003101014,126.057266918,0,19,19,0,0.018339768,11,0,0,0,0,1006,11,3485,10641,4290,27,176525
183,1706585265.882403612,1706585265.982225418,1,0,0,1,-0.128119964,0.050069570,0.012797146,-0.003248496,0.000800291,-0.000365376,0.999994337,1051,789,0.750713606,0.020437614,0.010720262,0.008269657,0.025535674,126.190009795,0.050000000,0.024838161,0.056504616,0.038329448,0.002910359,125.609202802,0,14,13,1,0.013320647,13,0,0,0,0,1024,13,3487,10655,4303,27,177549
184,1706585265.983036518,1706585266.082859993,1,0,0,1,-0.128292052,0.050704266,0.013310018,-0.003227633,0.000915783,-0.000426858,0.999994281,1081,785,0.726179463,0.018670228,0.010148369,0.007150961,0.022239170,131.011951491,0.050000000,0.024908179,0.055334240,0.036427550,0.002750490,125.422936605,0,16,16,0,0.014801110,11,0,0,0,0,1054,11,3489,10671,4314,27,178603
185,1706585266.082872391,1706585266.181758642,1,0,0,1,-0.126346535,0.049947341,0.013751801,-0.003222526,0.000928124,-0.000306973,0.999994330,1024,784,0.765625000,0.017922481,0.009742366,0.006982755,0.023519911,127.993085050,0.050000000,0.024687766,0.058179559,0.037677478,0.002980643,125.707804618,0,14,14,0,0.013671875,10,0,0,0,0,1000,10,3488,10685,4324,27,179603
186,1706585266.182708263,1706585266.282538414,1,0,0,1,-0.128571827,0.050389153,0.012747212,-0.003395925,0.000785624,-0.000365007,0.999993859,1061,794,0.748350613,0.018698520,0.010178263,0.007363732,0.032359095,109.838610003,0.050000000,0.024869203,0.058765036,0.039046745,0.003086544,125.414679876,0,16,16,0,0.015080113,13,0,0,0,0,1032,13,3490,10701,4337,27,180635
187,1706585266.282550812,1706585266.382386446,1,0,0,1,-0.126680940,0.050132165,0.013330521,-0.003337452,0.000915594,-0.000248735,0.999993981,1089,838,0.769513315,0.021033380,0.010890168,0.007718079,0.030600400,117.948253798,0.050000000,0.025038422,0.059481947,0.034929338,0.003164188,125.247057112,0,15,15,0,0.013774105,13,0,0,0,0,1061,13,3492,10716,4350,27,181696
188,1706585266.382398844,1706585266.482234478,1,0,0,1,-0.126839055,0.048595322,0.012846280,-0.003364966,0.000740853,-0.000281009,0.999994025,1052,795,0.755703422,0.018346136,0.009741206,0.007335636,0.024265702,127.229595107,0.050000000,0.024721939,0.059399661,0.035464782,0.002914834,126.237333274,0,18,18,0,0.017110266,5,0,0,0,0,1029,5,3494,10734,4355,27,182725
189,1706585266.483044386,1706585266.581001043,1,0,0,1,-0.124186013,0.048449499,0.013563377,-0.003279670,0.000944469,-0.000306246,0.999994129,1044,772,0.739463602,0.020437619,0.010763407,0.007463284,0.030937365,110.100874934,0.050000000,0.024906301,0.058337277,0.034171104,0.002931257,125.985960626,0,16,13,3,0.015325670,14,0,0,0,0,1013,15,3498,10750,4369,27,183738
190,1706585266.582885742,1706585266.679769993,1,0,0,1,-0.123560573,0.046377203,0.012463085,-0.003476663,0.000699500,-0.000194264,0.999993693,1041,769,0.738712776,0.019510517,0.010472454,0.007552119,0.027172374,121.080248237,0.050000000,0.025121140,0.058343216,0.033599145,0.003091409,126.044993805,0,10,8,2,0.009606148,10,0,0,0,0,1018,13,3501,10760,4379,27,184756
191,1706585266.682727098,1706585266.782568932,1,0,0,1,-0.123287705,0.047493210,0.013192411,-0.003540259,0.000897329,-0.000400613,0.999993250,1052,780,0.741444867,0.018751504,0.010668283,0.007722183,0.026233674,124.169658500,0.050000000,0.024853023,0.055457497,0.033806559,0.003457214,126.496626769,0,17,15,2,0.016159696,11,0,0,0,0,1024,11,3503,10777,4390,27,185780
192,1706585266.782580376,1706585266.882399559,1,0,0,1,-0.125140331,0.047420291,0.012860967,-0.003707631,0.000778091,-0.000262688,0.999992789,1056,785,0.743371212,0.019956284,0.010279439,0.007510196,0.021895757,131.466970564,0.050000000,0.024906823,0.055616292,0.033494798,0.003689210,126.412358109,0,16,16,0,0.015151515,11,0,0,0,0,1029,11,3504,10793,4401,27,186809
193,1706585266.882411480,1706585266.982229233,1,0,0,1,-0.123584115,0.047230399,0.013351658,-0.003554724,0.001003689,-0.000349330,0.999993117,1044,784,0.750957854,0.018707754,0.009891710,0.007134886,0.024983571,116.122680438,0.050000000,0.024941953,0.055045406,0.034149779,0.003849915,125.617493111,0,16,15,1,0.015325670,10,0,0,0,0,1018,10,3506,10809,4411,27,187827
194,1706585266.983038187,1706585267.082866669,1,0,0,1,-0.124143770,0.047654504,0.013606208,-0.003547546,0.000949751,-0.000347879,0.999993196,1035,768,0.742028986,0.019789327,0.010559040,0.007171539,0.021501843,133.745406896,0.050000000,0.024869910,0.054446286,0.034069124,0.003756630,125.887626993,0,22,21,1,0.021256039,15,0,0,0,0,998,15,3508,10831,4426,27,188825
195,1706585267.082878113,1706585267.182716370,1,0,0,1,-0.122308581,0.047564215,0.013937961,-0.003584487,0.000916237,-0.000399012,0.999993076,1049,785,0.748331745,0.020013790,0.010259110,0.007679815,0.025257261,126.843106634,0.000000000,0.025181506,0.055083297,0.034890508,0.003663977,125.130003019,0,21,19,2,0.020019066,9,0,0,0,0,1019,9,3513,10852,4435,27,189844
196,1706585267.182727337,1706585267.282546282,1,0,0,1,-0.121729100,0.048275966,0.013715602,-0.003792238,0.000812694,-0.000396666,0.999992401,1074,812,0.756052142,0.018725160,0.010706361,0.007475838,0.028472054,123.935058603,0.000000000,0.025589197,0.050073510,0.033241412,0.003531115,124.487286019,0,19,19,0,0.017690875,8,0,0,0,0,1047,8,3516,10871,4443,27,190891
197,1706585267.282559156,1706585267.382385969,1,0,0,1,-0.121452209,0.048191961,0.013886266,-0.003676033,0.000896779,-0.000405151,0.999992759,1073,815,0.759552656,0.019626682,0.010470185,0.007828534,0.026241684,124.015765503,0.000000000,0.025683509,0.046937525,0.031287390,0.003200585,124.170332635,0,21,21,0,0.019571295,9,0,0,0,0,1043,9,3521,10892,4452,27,191934
198,1706585267.382397652,1706585267.481575012,1,0,0,1,-0.119629173,0.046797026,0.013406492,-0.003792836,0.000846678,-0.000202453,0.999992428,1035,759,0.733333333,0.019224520,0.010069645,0.007347894,0.028076624,120.174108742,0.000000000,0.025328491,0.046107160,0.032034471,0.003227193,125.253503889,0,20,20,0,0.019323671,7,0,0,0,0,1008,7,3524,10912,4459,27,192942
199,1706585267.483023167,1706585267.582865477,1,0,0,1,-0.117018751,0.047138635,0.014546333,-0.003480798,0.001054246,-0.000434620,0.999993292,1071,807,0.753501401,0.019512183,0.009841476,0.007041992,0.029350051,114.257634841,0.000000000,0.025714081,0.045106907,0.034188614,0.003540268,124.172404682,0,19,19,0,0.017740430,8,0,0,0,0,1044,8,3526,10931,4467,27,193986
200,1706585267.582876921,1706585267.682686806,1,0,0,1,-0.116028717,0.047277068,0.014764168,-0.003591991,0.000941484,-0.000322787,0.999993053,1099,817,0.743403094,0.019454449,0.010868999,0.007916880,0.024843028,123.998975655,0.000000000,0.025936327,0.041496884,0.032406296,0.003452828,123.608110992,0,20,20,0,0.018198362,9,0,0,0,0,1070,9,3526,10951,4476,27,195056
201,1706585267.682699442,1706585267.782039881,1,0,0,1,-0.117269767,0.046901887,0.014398024,-0.003545778,0.000871890,-0.000267743,0.999993298,1080,807,0.747222222,0.020277439,0.010551255,0.007611935,0.025183839,124.185785867,0.000000000,0.026013739,0.040621437,0.032068582,0.003467123,123.536803166,0,21,21,0,0.019444444,13,0,0,0,0,1045,14,3527,10972,4489,27,196101
202,1706585267.782526731,1706585267.880799532,1,0,0,1,-0.120651051,0.047621054,0.014236060,-0.003535360,0.000901134,-0.000436675,0.999993249,1048,771,0.735687023,0.019798138,0.010512616,0.007671962,0.024553490,117.036110952,0.000000000,0.026161128,0.040381418,0.034070153,0.003587891,122.567194581,0,17,15,2,0.016221374,13,0,0,0,0,1016,15,3529,10989,4502,27,197117
203,1706585267.882759333,1706585267.979627371,1,0,0,1,-0.120361974,0.049247987,0.014402907,-0.003699234,0.000802222,-0.000495506,0.999992713,1049,787,0.750238322,0.019179501,0.010067194,0.007585988,0.032791879,110.563422906,0.000000000,0.026523939,0.038844071,0.034897009,0.003581439,121.785865236,0,17,13,4,0.016205910,11,0,0,0,0,1018,14,3537,11006,4513,27,198135
204,1706585267.982606649,1706585268.082434416,1,0,0,1,-0.119649557,0.050908043,0.014434750,-0.003864782,0.000820808,-0.000445702,0.999992096,1021,752,0.736532811,0.018383297,0.009641048,0.007334933,0.025795121,108.984379352,0.000000000,0.026701736,0.039698290,0.034569948,0.003440939,120.684486629,0,16,16,0,0.015670911,7,0,0,0,0,998,7,3538,11022,4520,27,199133
205,1706585268.082446337,1706585268.182272673,1,0,0,1,-0.120435581,0.050866309,0.014692894,-0.003795466,0.000934322,-0.000402089,0.999992280,1022,764,0.747553816,0.018787984,0.009847472,0.007004126,0.029433862,111.319983530,0.000000000,0.026997434,0.036489017,0.032917134,0.003411996,119.850831553,0,11,10,1,0.010763209,9,0,0,0,0,1002,9,3542,11033,4529,27,200135
206,1706585268.183084249,1706585268.282909870,1,0,0,1,-0.119574736,0.050481935,0.014348128,-0.003681978,0.000830537,-0.000379435,0.999992805,1017,762,0.749262537,0.018782580,0.010140089,0.007287860,0.030322249,115.439908341,0.000000000,0.026895591,0.036275060,0.031925527,0.003226512,120.130896470,0,21,21,0,0.020648968,7,0,0,0,0,989,7,3542,11054,4536,27,201124
207,1706585268.282922268,1706585268.382755518,1,0,0,1,-0.120354865,0.051772292,0.014932700,-0.003516129,0.000978464,-0.000548358,0.999993189,1066,790,0.741088180,0.019683373,0.010524985,0.007674922,0.030815667,117.491397612,0.000000000,0.026906355,0.031187206,0.031923663,0.003501699,120.108053661,0,18,18,0,0.016885553,7,0,0,0,0,1041,7,3544,11072,4543,27,202165
208,1706585268.382767439,1706585268.482595921,1,0,0,1,-0.119783444,0.052315509,0.014835505,-0.003450317,0.000860102,-0.000588634,0.999993505,1051,785,0.746907707,0.020470469,0.011104095,0.008092606,0.025856182,135.970311493,0.000000000,0.026985879,0.031087262,0.029965939,0.003529624,120.545089480,0,15,14,1,0.014272122,11,0,0,0,0,1025,11,3547,11087,4554,27,203190
209,1706585268.482607126,1706585268.582423449,1,0,0,1,-0.118453978,0.051964322,0.015067779,-0.003471463,0.000859627,-0.000472002,0.999993494,1083,808,0.746075716,0.020289566,0.010908023,0.007987455,0.026555344,119.901265661,0.000000000,0.026766778,0.030518560,0.028932272,0.003537562,121.035109016,0,14,14,0,0.012927054,10,0,0,0,0,1059,10,3549,11101,4564,27,204249
210,1706585268.582435846,1706585268.682255745,1,0,0,1,-0.119158219,0.051185157,0.014788653,-0.003506702,0.000802583,-0.000350410,0.999993468,1067,789,0.739456420,0.018618457,0.009532607,0.006835734,0.025290153,116.344659255,0.000000000,0.026672667,0.031950752,0.028658168,0.003366900,120.798329567,0,18,18,0,0.016869728,6,0,0,0,0,1043,6,3552,11119,4570,27,205292
211,1706585268.683068275,1706585268.782908440,1,0,0,1,-0.118940295,0.052136233,0.014613124,-0.003550468,0.000863902,-0.000438347,0.999993228,1054,793,0.752371917,0.019175917,0.011653333,0.008429484,0.022369220,123.896913304,0.000000000,0.026479444,0.031115285,0.027766102,0.003266847,120.784692308,0,19,19,0,0.018026565,6,0,0,0,0,1029,6,3554,11138,4576,27,206321
212,1706585268.782921314,1706585268.882737398,1,0,0,1,-0.119535339,0.052669701,0.014068006,-0.003643818,0.000781930,-0.000383374,0.999992982,1069,788,0.737137512,0.018629283,0.009995312,0.007477120,0.028757078,118.829649956,0.000000000,0.026822510,0.031766712,0.027090724,0.003202581,120.152826277,0,28,28,0,0.026192703,7,0,0,0,0,1034,7,3557,11166,4583,27,207355
213,1706585268.882749557,1706585268.982568741,1,0,0,1,-0.120264034,0.052221247,0.013750059,-0.003654010,0.000890585,-0.000299004,0.999992883,1084,811,0.748154982,0.020404697,0.010554496,0.007246002,0.029613750,109.003949096,0.000000000,0.027054019,0.032725548,0.027256610,0.003367211,119.796889710,0,26,25,1,0.023985240,7,0,0,0,0,1051,7,3562,11192,4590,27,208406
214,1706585268.982580662,1706585269.081845760,1,0,0,1,-0.121540555,0.050737222,0.013212653,-0.003462639,0.000761484,-0.000418429,0.999993628,1034,774,0.748549323,0.018458995,0.010092439,0.007485260,0.023696875,125.289652340,0.000000000,0.027163771,0.034335802,0.027419429,0.003502730,119.374101982,0,9,8,1,0.008704062,4,0,0,0,0,1021,4,3564,11201,4594,27,209427
215,1706585269.082431316,1706585269.180665731,1,0,0,1,-0.121012179,0.050065799,0.013107439,-0.003550087,0.000798769,-0.000368197,0.999993312,1067,796,0.746016870,0.019563211,0.009406906,0.006856668,0.028378237,112.623898311,0.000000000,0.027319819,0.033623929,0.027335910,0.003597701,118.663141566,0,14,13,1,0.013120900,7,0,0,0,0,1043,10,3566,11215,4601,27,210470
216,1706585269.183073759,1706585269.282902002,1,0,0,1,-0.123314234,0.048666410,0.012960378,-0.003369966,0.000720787,-0.000167836,0.999994048,1026,753,0.733918129,0.018399445,0.009864268,0.006971173,0.020263093,128.174531310,0.000000000,0.026909371,0.034649479,0.029698006,0.003981835,118.875115201,0,19,17,2,0.018518519,8,0,0,0,0,996,11,3570,11234,4609,27,211466
217,1706585269.282914639,1706585269.382742882,1,0,0,1,-0.124948780,0.048289298,0.012994948,-0.003378432,0.000826995,-0.000179891,0.999993935,1044,759,0.727011494,0.018778410,0.010596052,0.007620358,0.026273900,122.100069651,0.000000000,0.026910982,0.035092048,0.029030748,0.003601109,118.779330409,0,19,19,0,0.018199234,10,0,0,0,0,1015,10,3572,11253,4619,27,212481
218,1706585269.382754326,1706585269.482600927,1,0,0,1,-0.126666168,0.047739231,0.013278196,-0.003162113,0.000858536,-0.000277343,0.999994594,1027,785,0.764362220,0.019806580,0.009952276,0.007369582,0.023045184,135.622991886,0.000000000,0.026659410,0.035497581,0.027987349,0.003330606,119.551774566,0,7,6,1,0.006815969,8,0,0,0,0,1012,8,3574,11260,4627,27,213493
219,1706585269.482613087,1706585269.582431078,1,0,0,1,-0.129655402,0.049945476,0.013636579,-0.003474994,0.000799314,-0.000349722,0.999993582,1071,802,0.748832866,0.019657465,0.010512590,0.007685451,0.027632917,114.831777632,0.000000000,0.026573553,0.035625582,0.030696713,0.003251246,119.580481706,0,16,16,0,0.014939309,14,0,0,0,0,1041,14,3576,11276,4641,27,214534
220,1706585269.582442522,1706585269.682269096,1,0,0,1,-0.128897779,0.050264744,0.014412367,-0.003418300,0.000993164,-0.000535746,0.999993521,1066,806,0.756097561,0.019988417,0.010721573,0.007820535,0.023253052,137.566467996,0.000000000,0.026494055,0.036325894,0.030479870,0.003513861,120.258856323,0,21,21,0,0.019699812,9,0,0,0,0,1036,9,3581,11297,4650,27,215570
221,1706585269.683079481,1706585269.782906771,1,0,0,1,-0.126339458,0.050140410,0.015189578,-0.003422841,0.001118774,-0.000478529,0.999993402,1072,801,0.747201493,0.019611222,0.011074994,0.007944843,0.027802185,126.230326379,0.000000000,0.026624972,0.034875473,0.029695823,0.003289373,120.361083348,0,18,18,0,0.016791045,15,0,0,0,0,1039,15,3584,11315,4665,27,216609
222,1706585269.782918692,1706585269.882751465,1,0,0,1,-0.126389677,0.050048128,0.015241609,-0.003533864,0.000878130,-0.000453792,0.999993267,1084,803,0.740774908,0.018882651,0.010385399,0.008029251,0.026721162,126.752765436,0.000000000,0.026733356,0.034817305,0.028152246,0.003223078,120.846916072,0,12,12,0,0.011070111,15,0,0,0,0,1057,15,3585,11327,4680,27,217666
223,1706585269.882763624,1706585269.982479811,1,0,0,1,-0.128346454,0.050935553,0.015404230,-0.003704422,0.000932957,-0.000396150,0.999992625,1038,800,0.770712909,0.019546459,0.010394975,0.007516422,0.022153339,138.763840356,0.000000000,0.026201429,0.034892025,0.028500247,0.003238456,122.256936945,0,11,11,0,0.010597303,9,0,0,0,0,1018,9,3589,11338,4689,27,218684
224,1706585269.982604027,1706585270.082443714,1,0,0,1,-0.127378235,0.050637508,0.015478151,-0.003577811,0.001058630,-0.000259967,0.999993005,1052,780,0.741444867,0.018559840,0.010466423,0.007938422,0.022655080,119.647240493,0.000000000,0.026044426,0.034308596,0.028687614,0.003423681,122.790080002,0,15,15,0,0.014258555,5,0,0,0,0,1032,5,3591,11353,4694,27,219716
225,1706585270.082455873,1706585270.182295084,1,0,0,1,-0.127666456,0.050194173,0.015795335,-0.003482929,0.000981639,-0.000203998,0.999993432,1079,812,0.752548656,0.019743792,0.011219215,0.008140347,0.028864364,116.506449003,0.000000000,0.026015952,0.033989073,0.028300413,0.003490071,123.049403276,0,21,21,0,0.019462465,5,0,0,0,0,1053,5,3593,11374,4699,27,220769
226,1706585270.182707310,1706585270.282530785,1,0,0,1,-0.129403755,0.050173845,0.015669160,-0.003377034,0.000896314,-0.000294602,0.999993853,1045,780,0.746411483,0.018138454,0.009542186,0.006822861,0.021944873,123.422237416,0.000000000,0.025597083,0.036197533,0.028425203,0.003331884,123.448519729,0,16,16,0,0.015311005,5,0,0,0,0,1024,5,3593,11390,4704,27,221793
227,1706585270.282541513,1706585270.381712914,1,0,0,1,-0.130778688,0.049636383,0.015302641,-0.003512917,0.000952181,-0.000161557,0.999993363,1053,777,0.737891738,0.019627147,0.010328355,0.007528816,0.024813439,122.946108189,0.000000000,0.025296971,0.036132744,0.029151881,0.003517731,123.721255258,0,26,26,0,0.024691358,13,0,0,0,0,1014,13,3595,11416,4717,27,222807
228,1706585270.382773638,1706585270.480582714,1,0,0,1,-0.132286649,0.049101204,0.015046616,-0.003319781,0.000960443,-0.000295737,0.999993985,1025,764,0.745365854,0.019696814,0.009889476,0.007499075,0.023297824,118.936724166,0.000000000,0.025169053,0.033872158,0.029377800,0.003552548,122.869575892,0,14,13,1,0.013658537,9,0,0,0,0,1000,11,3599,11430,4726,27,223807
229,1706585270.482616425,1706585270.579521656,1,0,0,1,-0.134737679,0.049849474,0.014637772,-0.003318453,0.000916538,-0.000333934,0.999994018,1027,747,0.727361246,0.017829661,0.009840465,0.007151981,0.022396710,132.232372402,0.000000000,0.024961122,0.035606763,0.030886190,0.003385123,123.486131229,0,11,11,0,0.010710808,17,0,0,0,0,998,18,3600,11441,4743,27,224805
230,1706585270.582453489,1706585270.682279110,1,0,0,1,-0.135266976,0.051718082,0.015248497,-0.003508339,0.000815951,-0.000401871,0.999993432,1049,785,0.748331745,0.019309926,0.011143915,0.007961608,0.027264093,115.349655878,0.000000000,0.025059819,0.034986376,0.031930691,0.003344258,123.436381060,0,13,13,0,0.012392755,10,0,0,0,0,1026,10,3602,11454,4753,27,225831
231,1706585270.683091402,1706585270.782916546,1,0,0,1,-0.138141031,0.052520495,0.014268652,-0.003691007,0.000809816,-0.000263561,0.999992826,1061,778,0.733270500,0.019761098,0.010827860,0.007832451,0.023494418,125.620559313,0.000000000,0.025116079,0.035525461,0.034104040,0.003510242,123.522563360,0,19,19,0,0.017907634,11,0,0,0,0,1031,11,3606,11473,4764,27,226862
232,1706585270.782928467,1706585270.882747173,1,0,0,1,-0.141375845,0.054153790,0.014558888,-0.003629778,0.000854630,-0.000454735,0.999992944,1047,770,0.735434575,0.019988524,0.010855598,0.007731824,0.024241752,137.717473065,0.000000000,0.024890312,0.035684237,0.036826613,0.003724886,124.466954516,0,21,21,0,0.020057307,10,0,0,0,0,1016,10,3608,11494,4774,27,227878
233,1706585270.882759571,1706585270.982589960,1,0,0,1,-0.145461519,0.055366815,0.014282647,-0.003488997,0.000862486,-0.000338273,0.999993484,1088,801,0.736213235,0.018756518,0.009738334,0.006953908,0.023076085,134.452420227,0.000000000,0.024563429,0.033689617,0.039067562,0.003720379,125.739378072,0,22,22,0,0.020220588,9,0,0,0,0,1057,9,3611,11516,4783,27,228935
234,1706585270.982601881,1706585271.082431555,1,0,0,1,-0.147873092,0.055323963,0.013977341,-0.003416377,0.000866032,-0.000211534,0.999993767,1071,793,0.740429505,0.020167897,0.011361078,0.008232586,0.026234750,126.408502351,0.000000000,0.024690323,0.033985783,0.040637914,0.003873888,125.795320573,0,24,24,0,0.022408964,13,0,0,0,0,1034,13,3614,11540,4796,27,229969
235,1706585271.082443237,1706585271.182257891,1,0,0,1,-0.146525038,0.055892255,0.013997736,-0.003520718,0.000847315,-0.000413391,0.999993358,1052,780,0.741444867,0.018866108,0.010473425,0.007489012,0.027868392,117.178453033,0.000000000,0.024664831,0.034208682,0.039402970,0.003876115,126.023048309,0,19,18,1,0.018060837,9,0,0,0,0,1024,9,3617,11559,4805,27,230993
236,1706585271.183068037,1706585271.282888889,1,0,0,1,-0.149238896,0.056162669,0.013464759,-0.003486148,0.000846809,-0.000349306,0.999993504,1060,783,0.738679245,0.019530160,0.011446388,0.008685126,0.025776171,122.642318072,0.000000000,0.024940485,0.032658766,0.040504016,0.003979508,125.746437647,0,24,23,1,0.022641509,6,0,0,0,0,1030,6,3618,11583,4811,27,232023
237,1706585271.282912493,1706585271.382742405,1,0,0,1,-0.151155270,0.057879776,0.013891846,-0.003632156,0.001022387,-0.000424735,0.999992791,1051,768,0.730732636,0.018833962,0.010979071,0.007674260,0.025427679,119.116637207,0.000000000,0.024898173,0.032538140,0.041286901,0.003937143,125.597266025,0,24,23,1,0.022835395,11,0,0,0,0,1016,11,3623,11607,4822,27,233039
238,1706585271.382753849,1706585271.482575178,1,0,0,1,-0.147039427,0.055893643,0.013696328,-0.003542801,0.000990742,-0.000399113,0.999993154,1083,796,0.734995383,0.019184498,0.009807320,0.007075788,0.025492973,125.790275226,0.000000000,0.025020563,0.032083772,0.042128591,0.003843913,125.105630192,0,17,15,2,0.015697138,8,0,0,0,0,1058,8,3628,11624,4830,27,234097
239,1706585271.482587099,1706585271.582421780,1,0,0,1,-0.148453624,0.057054557,0.013634898,-0.003494952,0.000955027,-0.000447539,0.999993336,1049,783,0.746425167,0.019958228,0.010476051,0.007114137,0.023560018,118.227204523,0.000000000,0.024816918,0.032702550,0.042828901,0.003567139,125.275401537,0,20,18,2,0.019065777,6,0,0,0,0,1023,6,3632,11644,4836,27,235120
240,1706585271.582433224,1706585271.681654692,1,0,0,1,-0.145803535,0.057631055,0.013644349,-0.003607062,0.000978295,-0.000226446,0.999992990,1046,781,0.746653920,0.019962635,0.010727309,0.007949158,0.025536563,112.353870548,0.000000000,0.024931093,0.032632988,0.042864324,0.003895378,124.014771664,0,13,13,0,0.012428298,9,0,0,0,0,1023,10,3631,11657,4845,27,236143
241,1706585271.683065414,1706585271.780583143,1,0,0,1,-0.145515145,0.057872792,0.013833348,-0.003541540,0.001021836,-0.000420719,0.999993118,1048,772,0.736641221,0.018704851,0.008956557,0.006476064,0.020098585,140.725998587,0.000000000,0.024545913,0.033144559,0.043168185,0.004233173,124.739555275,0,16,16,0,0.015267176,11,0,0,0,0,1021,11,3631,11673,4856,27,237164
242,1706585271.782916784,1706585271.882760525,1,0,0,1,-0.145060347,0.056323767,0.013535209,-0.003390643,0.000831557,-0.000217850,0.999993882,1034,752,0.727272727,0.020063918,0.010601882,0.007859052,0.024509876,121.991366556,0.000000000,0.024435349,0.033947662,0.042655145,0.004525930,124.501485331,0,21,20,1,0.020309478,7,0,0,0,0,1006,7,3635,11694,4863,27,238170
243,1706585271.882771969,1706585271.982606649,1,0,0,1,-0.145958257,0.056507904,0.013365481,-0.003219913,0.000867739,-0.000384343,0.999994366,1060,760,0.716981132,0.018412004,0.009878087,0.007395999,0.020321045,139.114727853,0.000000000,0.024343734,0.035387062,0.042571577,0.004587163,124.519029706,0,20,20,0,0.018867925,3,0,0,0,0,1037,3,3638,11714,4866,27,239207
244,1706585271.982617855,1706585272.082442760,1,0,0,1,-0.145223580,0.057210444,0.013743795,-0.003257535,0.000904184,-0.000396007,0.999994207,1076,779,0.723977695,0.018602544,0.010949713,0.007619289,0.028265909,119.461400423,0.000000000,0.024624276,0.035273177,0.043039590,0.004498119,124.509737702,0,20,19,1,0.018587361,7,0,0,0,0,1049,7,3640,11734,4873,27,240256
245,1706585272.082455635,1706585272.182288170,1,0,0,1,-0.147370471,0.058864374,0.013558434,-0.003539503,0.000821380,-0.000420616,0.999993310,1090,792,0.726605505,0.017775929,0.010585422,0.007245600,0.020432116,133.417513756,0.000000000,0.024202664,0.038692781,0.044014024,0.004366836,125.355290940,0,27,27,0,0.024770642,9,0,0,0,0,1054,9,3642,11761,4882,27,241310
246,1706585272.183097839,1706585272.282929182,1,0,0,1,-0.149120610,0.060375398,0.013307328,-0.003601928,0.000776801,-0.000546354,0.999993062,1078,798,0.740259740,0.019250792,0.010594721,0.007906462,0.025320333,135.109254690,0.000000000,0.024371437,0.036610388,0.044818734,0.004352636,125.939641803,0,19,19,0,0.017625232,12,0,0,0,0,1047,12,3644,11780,4894,27,242357
247,1706585272.282940388,1706585272.382767677,1,0,0,1,-0.147178419,0.059323075,0.013081408,-0.003715049,0.000919318,-0.000342703,0.999992618,1081,813,0.752081406,0.020970240,0.010390724,0.007615340,0.028909858,122.431274932,0.000000000,0.024576257,0.041360364,0.045418747,0.004490654,125.913900141,0,21,21,0,0.019426457,14,0,0,0,0,1046,14,3645,11801,4908,27,243403
248,1706585272.382778645,1706585272.482031345,1,0,0,1,-0.148327370,0.058684235,0.012857191,-0.003536108,0.000963728,-0.000475676,0.999993170,1054,756,0.717267552,0.018141993,0.010507883,0.008011552,0.023147281,128.479769069,0.000000000,0.024568730,0.043136497,0.044157231,0.004680483,126.391052386,0,11,11,0,0.010436433,11,0,0,0,0,1032,11,3646,11812,4919,27,244435
249,1706585272.482617378,1706585272.582447529,1,0,0,1,-0.149833496,0.059762191,0.012926060,-0.003514336,0.000893449,-0.000517215,0.999993292,1035,780,0.753623188,0.019419921,0.010114588,0.007076309,0.025441721,118.179122167,0.000000000,0.024720981,0.039760643,0.043974759,0.004627510,125.688389874,0,10,10,0,0.009661836,10,0,0,0,0,1015,10,3647,11822,4929,27,245450
250,1706585272.582458973,1706585272.682267427,1,0,0,1,-0.151931180,0.058505431,0.011943365,-0.003551253,0.000880531,-0.000260645,0.999993273,1059,787,0.743153919,0.020799334,0.010578596,0.007915559,0.024998850,127.458740943,0.000000000,0.024607719,0.043135124,0.043469449,0.004864307,126.293844127,0,28,28,0,0.026440038,13,0,0,0,0,1018,13,3649,11850,4942,27,246468
251,1706585272.683078289,1706585272.782893896,1,0,0,1,-0.152443119,0.059286275,0.012207590,-0.003583500,0.001065377,-0.000302246,0.999992966,1050,762,0.725714286,0.018832011,0.011268171,0.008017940,0.030803749,110.114035135,0.000000000,0.024973185,0.043347584,0.040804446,0.004566318,125.518517918,0,19,18,1,0.018095238,11,0,0,0,0,1020,11,3654,11869,4953,27,247488
252,1706585272.782906294,1706585272.882686377,1,0,0,1,-0.152836661,0.058912496,0.011756135,-0.003566449,0.000892003,-0.000266285,0.999993207,1035,768,0.742028986,0.019765371,0.010622195,0.007358887,0.024907807,118.097707535,0.000000000,0.025006488,0.042976190,0.037239534,0.004406405,124.537529642,0,19,19,0,0.018357488,9,0,0,0,0,1007,9,3657,11888,4962,27,248495
253,1706585272.882748365,1706585272.981641293,1,1,1,1,-0.152362536,0.058263679,0.011726496,-0.003680880,0.000941461,-0.000262952,0.999992748,1057,769,0.727530747,0.018495942,0.010330118,0.007205127,0.018410645,137.818736851,0.050000000,0.024773216,0.043545225,0.035612470,0.004158926,124.705845473,1,12,11,1,0.011352886,12,5,0,1,0,1026,19,3659,11900,4979,27,249521
254,1706585272.982575655,1706585273.080714464,1,0,0,1,-0.150904199,0.059351546,0.012277180,-0.003653304,0.000816932,-0.000439152,0.999992897,1044,777,0.744252874,0.020031962,0.010484982,0.007705130,0.026531222,116.734577085,0.050000000,0.024788040,0.043216529,0.036050293,0.004106601,124.222149210,0,7,7,0,0.006704981,15,0,0,0,0,1022,15,3660,11907,4994,27,250543
255,1706585273.082397938,1706585273.182213306,1,0,0,1,-0.152221590,0.058960673,0.012508791,-0.003396561,0.000869332,-0.000382728,0.999993781,1055,786,0.745023697,0.021250091,0.010363780,0.007690319,0.024800989,124.522535157,0.050000000,0.024634669,0.047956892,0.034664943,0.004091279,124.589353316,0,16,12,4,0.015165877,9,0,0,0,0,1028,11,3665,11923,5003,27,251571
256,1706585273.183023691,1706585273.282862186,1,0,0,1,-0.150996804,0.057862010,0.012443077,-0.003203015,0.000757765,-0.000247192,0.999994553,1076,787,0.731412639,0.019888446,0.010462098,0.007682781,0.027537853,118.622244152,0.050000000,0.024722753,0.048210247,0.033703277,0.004211020,124.388349620,0,14,13,1,0.013011152,14,0,0,0,0,1047,15,3666,11937,5017,27,252618
257,1706585273.282874107,1706585273.382721901,1,0,0,1,-0.150809007,0.056819035,0.012426447,-0.003123011,0.000860887,-0.000233442,0.999994726,1069,794,0.742750234,0.018936318,0.009817894,0.007091196,0.022436476,127.761215778,0.050000000,0.024573193,0.048046812,0.030188975,0.004186346,124.820578548,0,18,18,0,0.016838167,5,0,0,0,0,1046,5,3664,11955,5022,27,253664
258,1706585273.382733345,1706585273.482568741,1,0,0,1,-0.145559128,0.057164732,0.012816626,-0.003331934,0.000774875,-0.000511698,0.999994018,1067,791,0.741330834,0.020061332,0.011587687,0.008610772,0.028690273,126.969177053,0.050000000,0.024733058,0.048367826,0.033633976,0.004646135,124.879523640,0,23,23,0,0.021555764,12,0,0,0,0,1032,12,3668,11978,5034,27,254696
259,1706585273.482581377,1706585273.582397938,1,0,0,1,-0.144296737,0.058320077,0.013197651,-0.003276800,0.000749039,-0.000681720,0.999994118,1101,811,0.736603088,0.017295039,0.009883008,0.007280821,0.029489609,111.143223498,0.050000000,0.025029538,0.054060649,0.032675068,0.004544119,124.525324588,0,14,14,0,0.012715713,8,0,0,0,0,1079,8,3668,11992,5042,27,255775
260,1706585273.582408905,1706585273.682239294,1,0,0,1,-0.141269023,0.057804709,0.013612542,-0.003452351,0.000284353,-0.000825345,0.999993660,1075,786,0.731162791,0.018519527,0.010395171,0.007595449,0.024232663,128.465312984,0.050000000,0.024964343,0.054463080,0.035353127,0.004439697,125.330896710,0,10,10,0,0.009302326,11,0,0,0,0,1054,11,3669,12002,5053,27,256829
261,1706585273.683049679,1706585273.781307459,1,0,0,1,-0.131688392,0.058065847,0.014791312,-0.003830284,-0.000251835,-0.001597698,0.999991356,1037,770,0.742526519,0.018615877,0.009975345,0.007030819,0.025550133,125.632526203,0.050000000,0.025236920,0.054607266,0.043367824,0.005573164,124.576223091,0,18,18,0,0.017357763,7,0,0,0,0,1012,7,3673,12020,5060,27,257841
262,1706585273.782891989,1706585273.882711411,1,0,0,1,-0.114798937,0.056362788,0.015498220,-0.004504005,-0.000733921,-0.002522753,0.999986405,1071,791,0.738562092,0.021783052,0.010750607,0.008144643,0.027485334,125.353924905,0.050000000,0.025385693,0.060842250,0.059425460,0.007085637,124.744351008,0,21,21,0,0.019607843,13,0,0,0,0,1037,13,3675,12041,5073,27,258878
263,1706585273.882722616,1706585273.982553244,1,0,0,1,-0.087828131,0.057092426,0.017177576,-0.005765776,-0.000207205,-0.004483738,0.999973304,1065,775,0.727699531,0.019147430,0.010198168,0.007369745,0.024379294,127.238345576,0.050000000,0.025588606,0.059782600,0.085373711,0.010988122,124.150531895,0,24,24,0,0.022535211,6,0,0,0,0,1035,6,3677,12065,5079,27,259913
264,1706585273.982564688,1706585274.082395315,1,0,0,1,-0.056275159,0.055372412,0.016985255,-0.005605653,-0.000999903,-0.005542700,0.999968427,1086,817,0.752302026,0.020150507,0.010538105,0.008257115,0.021899478,131.641908135,0.050000000,0.025270284,0.059402700,0.114257687,0.013048104,124.759557280,0,26,26,0,0.023941068,6,0,0,0,0,1054,6,3678,12091,5085,27,260967
265,1706585274.082406282,1706585274.182214737,1,0,0,1,-0.017466732,0.050316971,0.016751497,-0.004288344,-0.001066303,-0.008301920,0.999955775,1060,793,0.748113208,0.020510154,0.011131235,0.008159127,0.023155833,121.195587343,0.050000000,0.025406470,0.056635948,0.151068928,0.018317520,124.148460959,0,16,16,0,0.015094340,7,0,0,0,0,1037,7,3679,12107,5092,27,262004
266,1706585274.183024645,1706585274.281834602,1,0,0,1,0.027475612,0.045616610,0.018067287,-0.004262437,-0.001891815,-0.010603661,0.999932905,1079,820,0.759962929,0.020728022,0.010422260,0.007676118,0.028121025,121.753583964,0.050000000,0.025546505,0.057626125,0.194055074,0.022508211,123.480677423,0,26,25,1,0.024096386,11,0,0,0,0,1042,11,3679,12133,5103,27,263046
267,1706585274.282869577,1706585274.382702112,1,0,0,1,0.070950790,0.039411837,0.017524569,-0.004107429,-0.001416004,-0.014336978,0.999887781,1079,784,0.726598703,0.020632792,0.011489879,0.008667522,0.035855574,109.671043872,0.050000000,0.025893790,0.056803189,0.236640549,0.029713922,122.842665870,0,25,25,0,0.023169601,8,0,0,0,0,1046,8,3681,12158,5111,27,264092
268,1706585274.382713795,1706585274.482534170,1,0,0,1,0.118363157,0.035899545,0.020080882,-0.005131693,-0.002086570,-0.017812884,0.999825991,1127,837,0.742679681,0.020299564,0.011041180,0.007973140,0.022574920,143.103603463,0.050000000,0.025865172,0.054076703,0.282398095,0.036574239,123.573857590,0,22,22,0,0.019520852,9,0,0,0,0,1096,9,3686,12180,5120,27,265188
269,1706585274.482546091,1706585274.582382917,1,0,0,1,0.164288568,0.030647090,0.020518808,-0.005162659,-0.001047840,-0.020335803,0.999779328,1151,833,0.723718506,0.020961199,0.011016062,0.007838398,0.029032037,118.165652575,0.050000000,0.026044688,0.055280360,0.325989548,0.041118185,123.573184110,0,12,12,0,0.010425717,12,0,0,0,0,1127,12,3686,12192,5132,27,266315
270,1706585274.582395077,1706585274.682237148,1,0,0,1,0.206402460,0.026801803,0.021414631,-0.005339092,-0.001762565,-0.023046075,0.999718593,1143,835,0.730533683,0.020431191,0.011949149,0.008193765,0.024563797,142.072803166,0.050000000,0.026022936,0.054659014,0.367317746,0.046447465,124.303887221,0,24,24,0,0.020997375,10,0,0,0,0,1109,10,3690,12216,5142,27,267424
271,1706585274.683048010,1706585274.782881498,1,0,0,1,0.245670207,0.020010640,0.021383750,-0.003508611,-0.001092665,-0.025219085,0.999675194,1167,855,0.732647815,0.020389210,0.011762529,0.007708290,0.034806240,109.415100807,0.050000000,0.026223060,0.053552162,0.406462454,0.050732922,124.268940505,0,18,17,1,0.015424165,9,0,0,0,0,1140,9,3694,12234,5151,27,268564
272,1706585274.782893181,1706585274.882719755,1,0,0,1,0.285529648,0.018489855,0.024124450,-0.004142840,-0.002179965,-0.027481700,0.999611345,1150,855,0.743478261,0.021188644,0.011247571,0.008107961,0.023865614,135.466012098,0.050000000,0.026170950,0.055160185,0.445640804,0.055243391,125.137355733,0,23,23,0,0.020000000,14,0,0,0,0,1113,14,3694,12257,5165,27,269677
273,1706585274.882731676,1706585274.982370853,1,0,0,1,0.324827971,0.015826319,0.025837797,-0.003968438,-0.003375582,-0.028032699,0.999593430,1140,830,0.728070175,0.019984852,0.011507534,0.007865825,0.029786677,117.198401799,0.000000000,0.026739752,0.052319652,0.483165625,0.055986262,124.106338981,0,22,22,0,0.019298246,10,0,0,0,0,1108,10,3698,12279,5175,27,270785
274,1706585274.982582808,1706585275.080907106,1,0,0,1,0.367264142,0.010334870,0.026363380,-0.002855942,-0.005206149,-0.028473591,0.999576908,1136,847,0.745598592,0.022164840,0.011825157,0.008454788,0.027820268,125.268665429,0.000000000,0.026804204,0.056889782,0.524565322,0.056754113,124.533043398,0,39,37,2,0.034330986,13,0,0,0,0,1084,13,3701,12318,5188,27,271869
275,1706585275.082417488,1706585275.179458618,1,0,0,1,0.414477543,0.003900231,0.025797898,-0.001609136,-0.004193658,-0.028890914,0.999572478,1147,847,0.738448126,0.022524431,0.012365782,0.008511348,0.029332670,114.196095003,0.000000000,0.027030788,0.061229806,0.570571887,0.057332564,124.016721390,0,36,35,1,0.031386225,17,0,0,0,0,1094,17,3709,12354,5205,27,272963
276,1706585275.183065653,1706585275.282875538,1,0,0,1,0.473875332,-0.007226205,0.020320392,0.001130421,0.001850730,-0.031452507,0.999502895,1168,879,0.752568493,0.019902911,0.011963545,0.008417221,0.028050531,133.108730914,0.000000000,0.027056422,0.061218496,0.630190654,0.062439239,124.741045728,0,30,30,0,0.025684932,10,0,0,0,0,1128,10,3712,12384,5215,27,274091
277,1706585275.282887697,1706585275.382710695,1,0,0,1,0.537461025,-0.017579934,0.017844413,0.002819100,0.004790409,-0.032406113,0.999459328,1127,824,0.731144632,0.022431145,0.012939047,0.009106118,0.031210491,124.090758474,0.000000000,0.027495123,0.063304837,0.689385653,0.063770040,124.557522863,0,33,33,0,0.029281278,18,0,0,0,0,1076,18,3716,12417,5233,27,275167
278,1706585275.382723331,1706585275.482552290,1,0,0,1,0.600394764,-0.022283996,0.017410337,0.001713951,0.005385343,-0.034217980,0.999398414,1128,838,0.742907801,0.021446558,0.013191632,0.008527222,0.028449677,125.574415274,0.000000000,0.027483093,0.063958803,0.750743268,0.067065438,124.487784774,0,34,33,1,0.030141844,15,0,0,0,0,1079,15,3717,12451,5248,27,276246
279,1706585275.482563496,1706585275.582183599,1,0,0,1,0.663648997,-0.029175639,0.016227492,0.001013691,0.007457191,-0.037481744,0.999268974,1121,813,0.725245317,0.022146198,0.013340840,0.009220688,0.025269271,144.564756606,0.000000000,0.027272076,0.055009864,0.811283653,0.073319543,126.158861429,0,24,23,1,0.021409456,14,0,0,0,0,1083,14,3721,12475,5262,27,277329
280,1706585275.582395315,1706585275.682225943,1,0,0,1,0.727058846,-0.037391174,0.017851952,0.000891664,0.007692274,-0.041360899,0.999114263,1132,843,0.744699647,0.021005354,0.011899857,0.008455372,0.038152976,109.175140020,0.000000000,0.027968092,0.049174070,0.865587725,0.079545592,125.194352781,0,23,22,1,0.020318021,6,0,0,0,0,1103,6,3726,12498,5268,27,278432
281,1706585275.683036327,1706585275.782867670,1,0,0,1,0.791070085,-0.044555424,0.017697036,-0.000863173,0.008018599,-0.043817736,0.999006988,1201,857,0.713572023,0.023405808,0.013702888,0.009287784,0.035231338,118.270662321,0.000000000,0.028452152,0.049374124,0.913009006,0.082646897,124.826259587,0,37,37,0,0.030807660,20,0,0,0,0,1144,20,3730,12535,5288,27,279576
282,1706585275.782878876,1706585275.882707596,1,0,0,1,0.857866844,-0.055743970,0.019268600,-0.000532812,0.007993776,-0.048660607,0.998783240,1187,885,0.745577085,0.022536051,0.012551474,0.008263463,0.036204060,107.458445429,0.000000000,0.028888089,0.051104048,0.953721675,0.088412485,123.931485613,0,30,29,1,0.025273799,10,0,0,0,0,1147,10,3734,12565,5298,27,280723
283,1706585275.882719755,1706585275.982544899,1,0,0,1,0.919576932,-0.060890469,0.021416558,-0.003612393,0.012006308,-0.054341793,0.998443673,1183,843,0.712595097,0.023844400,0.012903843,0.009168389,0.031266939,118.913350501,0.000000000,0.029232471,0.053315228,0.984082834,0.097772102,123.515235860,0,39,37,2,0.032967033,20,0,0,0,0,1124,20,3739,12604,5318,27,281847
284,1706585275.982556105,1706585276.082394838,1,0,0,1,0.985101564,-0.069337107,0.024910352,-0.005914542,0.006583058,-0.056811738,0.998345686,1196,879,0.734949833,0.023079307,0.013321471,0.009054436,0.031848378,118.251578712,0.000000000,0.029729916,0.054181130,1.011104941,0.097172705,122.845719389,0,29,26,3,0.024247492,14,0,0,0,0,1153,14,3749,12633,5332,27,283000
285,1706585276.082406282,1706585276.182242870,1,0,0,1,1.046943950,-0.091675235,0.020749077,0.003752132,-0.001773958,-0.058846921,0.998258391,1243,910,0.732099759,0.025692419,0.014269846,0.009961823,0.032937293,129.587136087,0.000000000,0.030218989,0.067089721,1.031782978,0.096583311,123.265296826,0,41,40,1,0.032984714,22,0,0,0,0,1180,22,3756,12674,5354,27,284180
286,1706585276.183053970,1706585276.281852961,1,0,0,1,1.112964608,-0.111093587,0.021629643,0.008009394,-0.003819466,-0.060970259,0.998100140,1254,927,0.739234450,0.023570934,0.012748778,0.009616441,0.033937454,127.357699165,0.000000000,0.030509810,0.068145565,1.056686687,0.093412546,123.545502586,0,44,44,0,0.035087719,24,0,0,0,0,1186,24,3761,12718,5378,27,285366
287,1706585276.282888412,1706585276.380444527,1,0,0,1,1.179528452,-0.117189445,0.024080489,0.005728942,-0.003106847,-0.062773145,0.998006543,1255,909,0.724302789,0.023225299,0.014687778,0.010135744,0.032167860,127.205559503,0.000000000,0.030325424,0.067674487,1.075963031,0.090057961,124.422228367,0,40,39,1,0.031872510,16,0,0,0,0,1199,16,3771,12758,5394,27,286565
288,1706585276.382752657,1706585276.482582808,1,0,0,1,1.249686685,-0.125146924,0.025571394,0.006177945,-0.003660319,-0.062767849,0.998002321,1270,932,0.733858268,0.023963593,0.013591619,0.008954284,0.030209884,140.146873173,0.000000000,0.030707173,0.067273411,1.100359968,0.085001539,124.274391853,0,41,39,2,0.032283465,21,0,0,0,0,1208,21,3783,12799,5415,27,287773
289,1706585276.482594728,1706585276.582422256,1,0,0,1,1.327080079,-0.132055059,0.027117019,0.002966603,-0.003049933,-0.061154293,0.998119256,1288,960,0.745341615,0.022948365,0.014231090,0.009155125,0.039869290,118.880606211,0.000000000,0.031249035,0.066103487,1.135777866,0.082846881,124.310139535,0,39,39,0,0.030279503,16,0,0,0,0,1233,16,3789,12838,5431,27,289006
290,1706585276.582434177,1706585276.682277679,1,0,0,1,1.400938275,-0.137194471,0.029907239,0.001905105,-0.003674487,-0.058631014,0.998271142,1256,913,0.726910828,0.023882549,0.013534590,0.008537494,0.031653446,134.772872850,0.000000000,0.031603518,0.064420371,1.170016537,0.083546928,123.945143019,0,41,38,3,0.032643312,19,0,0,0,0,1196,19,3797,12879,5450,27,290202
291,1706585276.683088303,1706585276.782930136,1,0,0,1,1.481273960,-0.152392639,0.027782821,0.006285221,-0.001861738,-0.057373376,0.998331270,1210,880,0.727272727,0.024271224,0.014883543,0.009475479,0.038073533,126.329500558,0.000000000,0.031766882,0.062471531,1.211822311,0.081544357,124.790863006,0,39,37,2,0.032231405,21,0,0,0,0,1150,21,3804,12918,5471,27,291352
292,1706585276.782942295,1706585276.882766962,1,0,0,1,1.562614151,-0.160385971,0.029095570,0.002879269,-0.000027269,-0.057745883,0.998327162,1243,906,0.728881738,0.024346277,0.014455075,0.008647005,0.028935932,142.339239262,0.000000000,0.032020398,0.062174894,1.254139124,0.081174392,125.134524365,0,50,47,3,0.040225261,18,0,0,0,0,1175,18,3815,12968,5489,27,292527
293,1706585276.882779360,1706585276.982600927,1,0,0,1,1.644239073,-0.164098926,0.035000486,-0.004271280,0.000497565,-0.060985913,0.998129364,1226,893,0.728384992,0.025197062,0.016306539,0.010437581,0.037422525,119.475230239,0.000000000,0.032402191,0.058554373,1.293268304,0.086788621,125.248365787,0,52,49,3,0.042414356,19,0,0,0,0,1155,19,3823,13020,5508,27,293682
294,1706585276.982612848,1706585277.082437038,1,0,0,1,1.726298854,-0.182622722,0.034051520,-0.002669780,0.002664761,-0.066435875,0.997783567,1310,937,0.715267176,0.025931030,0.013706271,0.009391058,0.033351734,127.157191587,0.000000000,0.032678764,0.063100973,1.329744977,0.096872066,125.342792094,0,47,45,2,0.035877863,29,0,0,0,0,1234,29,3834,13067,5537,27,294916
295,1706585277.082449436,1706585277.182262182,1,0,0,1,1.804063970,-0.202801750,0.032534206,-0.001215666,0.001508076,-0.072699642,0.997351999,1272,901,0.708333333,0.025171178,0.015087494,0.010055470,0.044161299,109.821198191,0.000000000,0.033420195,0.064694064,1.349421225,0.104285363,125.124047254,0,41,39,2,0.032232704,22,0,0,0,0,1209,22,3843,13108,5559,27,296125
296,1706585277.183085203,1706585277.282905579,1,0,0,1,1.895458498,-0.219607203,0.035290249,-0.005082826,0.005249755,-0.081255944,0.996666482,1321,941,0.712339137,0.024909065,0.015016762,0.009784938,0.037046586,124.700016434,0.000000000,0.033869998,0.055638312,1.377918151,0.119615130,124.703611530,0,54,52,2,0.040878123,24,0,0,0,0,1243,24,3853,13162,5583,27,297368
297,1706585277.282916784,1706585277.382728577,1,0,0,1,1.995682251,-0.239421368,0.038573211,-0.007505053,0.003150810,-0.088920739,0.996005446,1355,1000,0.738007380,0.027401264,0.015797161,0.009938208,0.045965282,119.981225512,0.000000000,0.034607738,0.063443964,1.417023696,0.131352315,124.498134882,0,71,68,3,0.052398524,25,0,0,0,0,1259,25,3868,13233,5608,27,298627
298,1706585277.382740259,1706585277.482571125,1,0,0,1,2.095036386,-0.274187355,0.035156490,-0.001282009,0.000369171,-0.094540454,0.995520127,1384,968,0.699421965,0.028117056,0.015543749,0.009832632,0.048708430,126.417035465,0.000000000,0.035620675,0.068766681,1.458700778,0.136057514,124.540265891,0,69,65,4,0.049855491,33,0,0,0,0,1282,33,3879,13302,5641,27,299909
299,1706585277.482584000,1706585277.581471920,1,0,0,1,2.192392467,-0.312341867,0.033777002,0.005612241,0.002048928,-0.102742474,0.994690047,1373,983,0.715950473,0.031887396,0.019363275,0.012244892,0.054267067,134.242877982,0.000000000,0.037070565,0.092710601,1.499315039,0.144749924,124.024171960,0,73,71,2,0.053168245,32,0,0,0,0,1268,32,3904,13375,5673,27,301177
300,1706585277.582409382,1706585277.680026054,1,0,0,1,2.306240421,-0.340652906,0.028553612,0.006765878,0.005506436,-0.101386958,0.994808819,1327,949,0.715146948,0.038444382,0.023153111,0.015240052,0.054087587,139.563838249,0.000000000,0.037867296,0.142082763,1.552335436,0.142572417,125.543606872,0,91,90,1,0.068575735,51,0,0,0,0,1185,51,3918,13466,5724,27,302362
301,1706585277.683056116,1706585277.782880068,1,0,0,1,2.413996673,-0.361502076,0.025444760,0.006356889,0.007725877,-0.097067893,0.995227474,1367,979,0.716166789,0.028446669,0.017598667,0.012266327,0.054869268,123.302238701,0.000000000,0.038849192,0.141256495,1.594388617,0.141576244,125.795185691,0,71,70,1,0.051938552,24,0,0,0,0,1272,24,3934,13537,5748,27,303634
302,1706585277.782891750,1706585277.882724047,1,0,0,1,2.518225278,-0.387187338,0.021716168,0.010192632,0.008131849,-0.092974772,0.995583083,1345,968,0.719702602,0.029480243,0.017881347,0.011762747,0.063123214,111.342828131,0.000000000,0.040195150,0.139352124,1.639838587,0.138402109,125.989404826,0,63,62,1,0.046840149,21,0,0,0,0,1259,23,3955,13600,5769,27,304893
303,1706585277.882735968,1706585277.982570887,1,0,0,1,2.615626270,-0.414874395,0.017556515,0.016893780,0.012001967,-0.089258742,0.995792865,1295,918,0.708880309,0.026426692,0.015925638,0.010452342,0.050991508,119.038752876,0.000000000,0.041181378,0.137155517,1.675024562,0.141175745,125.995674944,0,53,52,1,0.040926641,18,0,0,0,0,1224,18,3962,13653,5787,27,306117
304,1706585277.982583523,1706585278.082426786,1,0,0,1,2.708058354,-0.433686481,0.015202532,0.017994277,0.013287136,-0.085604622,0.996078063,1264,910,0.719936709,0.026013890,0.014698588,0.009666327,0.056240893,110.890780715,0.000000000,0.042401004,0.133529404,1.703496276,0.144572385,125.627635045,0,48,48,0,0.037974684,25,0,0,0,0,1191,25,3967,13701,5812,27,307308
305,1706585278.082437277,1706585278.182263613,1,0,0,1,2.805959419,-0.446218198,0.011104212,0.015637510,0.017716585,-0.082870277,0.996280135,1214,861,0.709225700,0.026317060,0.015754357,0.010795887,0.042208885,107.414156416,0.000000000,0.042864584,0.133212762,1.733458407,0.145795144,124.518986061,0,42,38,4,0.034596376,11,0,0,0,0,1161,11,3978,13743,5823,27,308469
306,1706585278.183074713,1706585278.282905579,1,0,0,1,2.901704341,-0.451946841,0.012182018,0.007250723,0.018027753,-0.079389860,0.996654242,1236,859,0.694983819,0.025507726,0.014756773,0.010033146,0.043771765,118.042755061,0.000000000,0.043356299,0.130641229,1.762493306,0.148886860,124.053238856,0,55,54,1,0.044498382,10,0,0,0,0,1171,10,3983,13798,5833,27,309640
307,1706585278.282917738,1706585278.382734060,1,0,0,1,3.000208897,-0.460682188,0.011810226,0.003393590,0.016548801,-0.074920354,0.997046419,1221,861,0.705159705,0.028223190,0.016399850,0.010504466,0.048912722,108.859140113,0.000000000,0.044193542,0.126730779,1.790761320,0.157717291,123.135917886,0,40,38,2,0.032760033,21,0,0,0,0,1160,21,3988,13838,5854,27,310800
308,1706585278.382745981,1706585278.482460499,1,0,0,1,3.093346394,-0.474244552,0.009311636,0.001960816,0.014633731,-0.070326002,0.997414790,1211,835,0.689512799,0.027308999,0.016547630,0.010669363,0.050710274,104.903952058,0.000000000,0.045218562,0.123572509,1.807197786,0.163632630,121.373771831,0,42,40,2,0.034682081,19,0,0,0,0,1150,19,3997,13880,5873,27,311950
309,1706585278.482583761,1706585278.582417011,1,0,0,1,3.188947697,-0.488544639,0.008681464,0.003986875,0.013403796,-0.066613754,0.997680836,1186,833,0.702360877,0.026349737,0.015957057,0.010895197,0.041536413,115.573569683,0.000000000,0.045301918,0.118122445,1.829775381,0.166075076,121.208420004,0,44,43,1,0.037099494,14,0,0,0,0,1128,14,4007,13924,5887,27,313078
310,1706585278.582428932,1706585278.682270765,1,0,0,1,3.285917586,-0.503845527,0.004549846,0.004877608,0.011920775,-0.062629411,0.997953737,1212,851,0.702145215,0.026492928,0.014863089,0.010237147,0.046171673,105.476990942,0.000000000,0.046027829,0.114452159,1.846243656,0.171565535,119.743625909,0,42,42,0,0.034653465,17,0,0,0,0,1153,17,4014,13966,5904,27,314231
311,1706585278.683082104,1706585278.782407045,1,0,0,1,3.376942711,-0.510466899,0.002586266,0.000696084,0.008006174,-0.061194420,0.998093512,1189,825,0.693860387,0.026662957,0.016395108,0.011344517,0.047861165,101.177548844,0.000000000,0.046517211,0.111264993,1.855787868,0.173625821,118.486028323,0,35,35,0,0.029436501,25,0,0,0,0,1129,25,4018,14001,5929,27,315360
312,1706585278.782917261,1706585278.881040573,1,0,0,1,3.467853837,-0.519516591,0.001733775,-0.002042791,0.007968216,-0.059564220,0.998190582,1178,850,0.721561969,0.025333002,0.015572185,0.010363777,0.041507072,109.007018345,0.000000000,0.047145768,0.109515257,1.865229870,0.170354439,116.819417277,0,29,29,0,0.024617997,15,0,0,0,0,1134,15,4023,14030,5944,27,316494
313,1706585278.882747412,1706585278.979660273,1,0,0,1,3.554443891,-0.535197062,-0.001321497,-0.001688857,0.008836042,-0.062016699,0.998034569,1196,831,0.694816054,0.026853552,0.015049480,0.010679213,0.042262973,114.317736858,0.000000000,0.047387790,0.107681005,1.869151376,0.164335012,116.561542608,0,44,42,2,0.036789298,19,0,0,0,0,1133,19,4036,14074,5963,27,317627
314,1706585278.982567787,1706585279.082397223,1,0,0,1,3.647634509,-0.551863757,-0.003851077,-0.002657478,0.010187637,-0.067369164,0.997672564,1207,840,0.695940348,0.027398517,0.016327694,0.011622021,0.043679546,110.079767288,0.000000000,0.047904181,0.106554769,1.883499540,0.162545671,115.707671393,0,40,40,0,0.033140017,30,0,0,0,0,1136,31,4042,14114,5993,27,318763
315,1706585279.082409382,1706585279.182244539,1,0,0,1,3.740885170,-0.568414891,-0.007015333,-0.003938811,0.014992827,-0.073133636,0.997201671,1216,837,0.688322368,0.027802270,0.015382151,0.010645414,0.050064156,105.573226780,0.000000000,0.048199324,0.104074843,1.885292871,0.156977227,115.495272823,0,50,50,0,0.041118421,15,0,0,0,0,1151,15,4049,14164,6008,27,319914
316,1706585279.183054686,1706585279.282885790,1,0,0,1,3.842293878,-0.587859966,-0.006120580,-0.005769042,0.011684682,-0.079781094,0.996727226,1209,815,0.674110835,0.028075515,0.015934753,0.011033667,0.050419553,108.897915477,0.000000000,0.048867972,0.100790395,1.886336581,0.154936922,114.705167775,0,48,46,2,0.039702233,20,0,0,0,0,1141,20,4058,14212,6028,27,321055
317,1706585279.282898188,1706585279.382726431,1,0,0,1,3.947080804,-0.610071101,-0.007510011,-0.006370569,0.013841592,-0.085360996,0.996233570,1262,876,0.694136292,0.029285135,0.016560822,0.011106150,0.046669181,112.841584386,0.000000000,0.048903167,0.100891237,1.888144017,0.154947659,114.348185719,0,46,45,1,0.036450079,19,0,0,0,0,1197,19,4073,14258,6047,27,322252
318,1706585279.382737160,1706585279.482572317,1,0,0,1,4.047603827,-0.637619505,-0.006901766,-0.005896688,0.006584357,-0.091418655,0.995773320,1301,885,0.680245965,0.028556674,0.017035143,0.012392043,0.044651451,118.137384577,0.000000000,0.048700318,0.100896552,1.887800571,0.150516995,113.934203174,0,39,37,2,0.029976941,23,0,0,0,0,1238,24,4079,14297,6070,27,323490
319,1706585279.482584238,1706585279.582417488,1,0,0,1,4.142534998,-0.664189010,-0.010997634,-0.004979069,0.004735944,-0.098343818,0.995128772,1358,918,0.675994109,0.029255568,0.015984168,0.010981223,0.062277676,113.536513502,0.000000000,0.049100849,0.096953828,1.869033368,0.161626272,112.898884950,0,54,50,4,0.039764359,26,0,0,0,0,1278,26,4099,14351,6096,27,324768
320,1706585279.582429886,1706585279.682259083,1,0,0,1,4.251914277,-0.686661586,-0.012003473,-0.007978073,0.000792849,-0.100182201,0.994936806,1383,942,0.681127983,0.031062182,0.017619878,0.013031162,0.068999422,118.555368165,0.000000000,0.049846440,0.053068849,1.870903136,0.156581609,111.848461446,0,80,77,3,0.057845264,35,0,0,0,0,1268,35,4117,14431,6131,27,326036
321,1706585279.683069229,1706585279.781541586,1,0,0,1,4.362904170,-0.713160249,-0.015335148,-0.005558472,0.002387562,-0.099256865,0.995043455,1400,989,0.706428571,0.028858568,0.015910328,0.012141716,0.061692184,118.588211865,0.000000000,0.050187586,0.053588406,1.877649545,0.150128560,111.612760104,0,66,62,4,0.047142857,30,0,0,0,0,1304,30,4139,14497,6161,27,327340
322,1706585279.782912254,1706585279.882751942,1,0,0,1,4.483078238,-0.735178461,-0.016424403,-0.008251208,0.006060618,-0.097528973,0.995180027,1339,932,0.696041822,0.028407727,0.017714897,0.012100025,0.067201850,112.891188482,0.000000000,0.050391518,0.051801933,1.898483801,0.145828675,111.690178122,0,66,63,3,0.049290515,22,0,0,0,0,1251,22,4157,14563,6183,27,328591
323,1706585279.882763386,1706585279.982593060,1,0,0,1,4.603400018,-0.753400083,-0.016218961,-0.011273458,0.011602782,-0.093762004,0.995463194,1340,926,0.691044776,0.028889004,0.018072834,0.012592932,0.059094779,118.292640362,0.000000000,0.050796682,0.051841479,1.925821305,0.145812496,111.652872496,0,59,58,1,0.044029851,24,0,0,0,0,1257,24,4168,14622,6207,27,329848
324,1706585279.982604504,1706585280.082048655,1,0,0,1,4.714276957,-0.778038561,-0.016520084,-0.009474821,0.009910725,-0.091280859,0.995730792,1303,891,0.683806600,0.030556716,0.018190239,0.012558165,0.069210289,103.208368975,0.000000000,0.051445151,0.054400156,1.940618263,0.145352176,111.268751909,0,51,51,0,0.039140445,31,0,0,0,0,1221,31,4176,14673,6238,27,331069
325,1706585280.082434893,1706585280.180637598,1,0,0,1,4.825389204,-0.799833401,-0.016594141,-0.007288389,0.013339383,-0.087469455,0.996051221,1272,862,0.677672956,0.032733113,0.019947682,0.014029096,0.062808423,109.135711562,0.000000000,0.052475128,0.064094935,1.957925701,0.146295521,111.354829666,0,41,41,0,0.032232704,33,0,0,0,0,1198,33,4184,14714,6271,27,332267
326,1706585280.183073044,1706585280.279302359,1,0,0,1,4.928003435,-0.818032264,-0.018465757,-0.008047654,0.012043046,-0.084744758,0.996297409,1255,851,0.678087649,0.032802745,0.019059277,0.013230240,0.062320978,107.003260995,0.000000000,0.053402589,0.068651891,1.963266228,0.142945187,110.802854963,0,62,57,5,0.049402390,27,0,0,0,0,1162,31,4202,14776,6298,27,333429
327,1706585280.282911777,1706585280.382732153,1,0,0,1,5.038158346,-0.833265432,-0.020654911,-0.010589378,0.013600462,-0.082416515,0.996448900,1270,847,0.666929134,0.029241540,0.017838433,0.012614479,0.065992349,94.377321612,0.000000000,0.054256570,0.068676234,1.980338054,0.138345224,110.078764038,0,50,47,3,0.039370079,17,0,0,0,0,1200,20,4218,14826,6315,27,334629
328,1706585280.382743597,1706585280.482576609,1,0,0,1,5.144450865,-0.846941597,-0.022483580,-0.012715000,0.014070714,-0.079526359,0.996652348,1256,829,0.660031847,0.029359078,0.016786485,0.011758692,0.061786075,94.717494124,0.000000000,0.054810360,0.067858320,1.990855439,0.136576328,109.569441141,0,45,42,3,0.035828025,20,0,0,0,0,1191,20,4232,14871,6335,27,335820
329,1706585280.482588291,1706585280.582423449,1,0,0,1,5.247640385,-0.865557775,-0.023411182,-0.012183753,0.015837595,-0.076586794,0.996862673,1211,786,0.649050372,0.025901316,0.016017412,0.011298426,0.047988678,102.670834919,0.000000000,0.055132974,0.068932332,1.997458330,0.134428984,108.924304403,0,48,46,2,0.039636664,17,0,0,0,0,1146,17,4242,14919,6352,27,336966
330,1706585280.582435369,1706585280.682263374,1,0,0,1,5.348406884,-0.884579625,-0.025137397,-0.009695535,0.015852976,-0.075896855,0.996942499,1207,816,0.676056338,0.030313547,0.018834297,0.013111770,0.056221722,105.681378301,0.000000000,0.055635476,0.067230597,2.008732279,0.133102034,108.934523771,0,55,55,0,0.045567523,24,0,0,0,0,1128,24,4253,14974,6376,27,338094
331,1706585280.683074236,1706585280.782900095,1,0,0,1,5.452172812,-0.903450878,-0.027318525,-0.010040453,0.014923604,-0.074232516,0.997078738,1205,799,0.663070539,0.028654077,0.017666536,0.012500830,0.055672788,97.540133227,0.000000000,0.056026057,0.064732168,2.022858381,0.133231998,108.752652990,0,50,49,1,0.041493776,18,0,0,0,0,1137,18,4266,15024,6394,27,339231
332,1706585280.782911539,1706585280.882746935,1,0,0,1,5.549980715,-0.925587870,-0.031403687,-0.006935749,0.014805431,-0.075393011,0.997019854,1238,834,0.673667205,0.028378986,0.017663012,0.011637322,0.063126681,99.360844520,0.000000000,0.057107038,0.057972921,2.035171918,0.130555356,108.270344299,0,38,37,1,0.030694669,24,0,0,0,0,1176,24,4276,15062,6418,27,340407
333,1706585280.882759333,1706585280.982578278,1,0,0,1,5.643368344,-0.941790590,-0.030332531,-0.010474189,0.012224209,-0.077529799,0.996860066,1193,795,0.666387259,0.027242326,0.016866833,0.011569267,0.053480422,106.757690976,0.000000000,0.057667910,0.057105934,2.035257705,0.124114157,107.892342005,0,42,42,0,0.035205365,18,0,0,0,0,1133,18,4289,15104,6436,27,341540
334,1706585280.982589722,1706585281.081683397,1,0,0,1,5.738542826,-0.959980651,-0.031063687,-0.011898893,0.012235899,-0.078898593,0.996736530,1208,794,0.657284768,0.026960316,0.017586192,0.011343210,0.057182880,104.806018883,0.000000000,0.058343077,0.058023299,2.037396674,0.115244349,107.628654585,0,56,56,0,0.046357616,19,0,0,0,0,1133,19,4301,15160,6455,27,342673
335,1706585281.082431555,1706585281.182230473,1,0,0,1,5.838540649,-0.986966271,-0.034543106,-0.006798278,0.011595527,-0.079756774,0.996723725,1227,821,0.669111654,0.028190108,0.018635497,0.012788091,0.055802374,101.314290552,0.000000000,0.058629988,0.057537666,2.037770089,0.103506282,107.415707773,0,58,56,2,0.047269764,18,0,0,0,0,1151,18,4310,15218,6473,27,343824
336,1706585281.183041334,1706585281.282845020,1,0,0,1,5.940583260,-1.012543317,-0.036846519,-0.004775597,0.010303367,-0.081836267,0.996581085,1242,841,0.677133655,0.029397066,0.017416836,0.011651778,0.065079439,98.750452858,0.000000000,0.059362982,0.056820082,2.035870478,0.096361684,106.908334642,0,60,58,2,0.048309179,23,0,0,0,0,1159,23,4323,15278,6496,27,344983
337,1706585281.282855988,1706585281.381657600,1,0,0,1,6.045832914,-1.032444811,-0.035800206,-0.006819636,0.012127909,-0.084573366,0.996320105,1246,816,0.654895666,0.032062662,0.020615014,0.012802614,0.064252578,105.572528654,0.000000000,0.060242152,0.060418648,2.038758995,0.089901519,106.544881856,0,71,71,0,0.056982343,27,0,0,0,0,1147,28,4336,15349,6523,27,346130
338,1706585281.382693529,1706585281.480329275,1,0,0,1,6.140863729,-1.051816438,-0.035198218,-0.006191701,0.008967778,-0.086905069,0.996156991,1239,815,0.657788539,0.030708527,0.018636413,0.012103296,0.073430832,92.119262153,0.000000000,0.061681121,0.060685689,2.037081706,0.080634234,105.243975734,0,60,54,6,0.048426150,16,0,0,0,0,1158,21,4352,15409,6539,27,347288
339,1706585281.482538700,1706585281.579070807,1,0,0,1,6.231073698,-1.075226531,-0.034402312,-0.003879351,0.003023583,-0.088947005,0.996024216,1312,852,0.649390244,0.028736603,0.019055292,0.012321563,0.052751057,114.983684029,0.000000000,0.061204790,0.060955806,2.018614619,0.080980283,105.316334261,0,63,59,4,0.048018293,20,0,0,0,0,1224,25,4369,15472,6559,27,348512
340,1706585281.582776546,1706585281.682610512,1,0,0,1,6.326481338,-1.098304818,-0.036010883,-0.003837511,0.000185502,-0.089866800,0.995946383,1340,880,0.656716418,0.028764864,0.019125945,0.012396200,0.065921350,104.714608112,0.000000000,0.061050886,0.059984899,2.002629040,0.080961615,104.624296258,0,76,73,3,0.056716418,24,0,0,0,0,1240,24,4387,15548,6583,27,349752
341,1706585281.682622433,1706585281.782444715,1,0,0,1,6.421042520,-1.116838872,-0.035467022,-0.004779375,-0.002809636,-0.090539135,0.995877467,1349,896,0.664195701,0.027906303,0.017520417,0.012082054,0.069663239,109.368487140,0.000000000,0.061449439,0.060911402,1.976811628,0.078890341,104.163310022,0,73,70,3,0.054114159,20,0,0,0,0,1256,20,4406,15621,6603,27,351008
342,1706585281.782456875,1706585281.882281780,1,0,0,1,6.514753034,-1.132908186,-0.035767362,-0.007777985,-0.007872344,-0.090423262,0.995841937,1389,916,0.659467243,0.030725248,0.019975633,0.013084536,0.068434322,105.965370307,0.000000000,0.061511063,0.061218025,1.950196523,0.071817991,103.817019113,0,70,68,2,0.050395968,21,0,0,0,0,1298,21,4423,15691,6624,27,352306
343,1706585281.883092165,1706585281.982909441,1,0,0,1,6.615000290,-1.154192507,-0.034168837,-0.007268614,-0.009965981,-0.089125527,0.995944018,1400,934,0.667142857,0.032678126,0.020806007,0.013888580,0.078081029,99.161892374,0.000000000,0.062460375,0.065335764,1.939108994,0.069372316,102.860481714,0,74,73,1,0.052857143,27,0,0,0,0,1299,27,4440,15765,6651,27,353605
344,1706585281.982922077,1706585282.082742691,1,0,0,1,6.718682227,-1.177187440,-0.036580391,-0.005564449,-0.006986706,-0.088205507,0.996062253,1366,871,0.637628111,0.030693346,0.019226499,0.013320228,0.070697648,97.306743185,0.000000000,0.062534743,0.065446829,1.932108005,0.063541915,102.565400424,0,57,56,1,0.041727672,31,0,0,0,0,1278,31,4450,15822,6682,27,354883
345,1706585282.082755089,1706585282.182578802,1,0,0,1,6.830199271,-1.194978613,-0.035254065,-0.009287110,-0.004211633,-0.086197804,0.996225853,1376,907,0.659156977,0.032496355,0.020529322,0.015128768,0.082788674,96.740642088,0.000000000,0.063533756,0.064839274,1.940810756,0.062105378,101.945646950,0,73,71,2,0.053052326,35,0,0,0,0,1268,35,4465,15895,6717,27,356151
346,1706585282.182591438,1706585282.282403946,1,0,0,1,6.953577606,-1.221962153,-0.040472308,-0.003835746,-0.000902243,-0.081661123,0.996652364,1331,888,0.667167543,0.030811837,0.019940146,0.013261189,0.064748810,94.976425459,0.000000000,0.063655147,0.060875638,1.955988354,0.066564273,101.344305174,0,60,56,4,0.045078888,29,0,0,0,0,1242,29,4475,15955,6746,27,357393
347,1706585282.282428265,1706585282.381239653,1,0,0,1,7.072900641,-1.249143496,-0.043412876,-0.000101594,-0.000273654,-0.080465496,0.996757352,1296,860,0.663580247,0.029330266,0.018673201,0.012618163,0.076783511,94.874507609,0.000000000,0.064194705,0.060851576,1.971219131,0.063223391,101.369164473,0,63,62,1,0.048611111,31,0,0,0,0,1202,31,4486,16018,6777,27,358595
348,1706585282.383062124,1706585282.482893467,1,0,0,1,7.206446764,-1.276368636,-0.046072374,-0.000025663,0.005031947,-0.081305798,0.996676500,1302,844,0.648233487,0.030911997,0.019742465,0.013053969,0.065478274,98.518168713,0.000000000,0.064379315,0.061609864,2.002678624,0.059058871,101.559198203,0,45,44,1,0.034562212,23,0,0,0,0,1234,23,4490,16063,6800,27,359829
349,1706585282.482905149,1706585282.582738161,1,0,0,1,7.335475352,-1.300586353,-0.047091425,-0.002095876,0.004434923,-0.083561733,0.996490530,1316,870,0.661094225,0.031599772,0.020567579,0.013449457,0.080622989,91.754145070,0.000000000,0.066011031,0.055898890,2.031403536,0.062144943,101.013363710,0,57,56,1,0.043313070,23,0,0,0,0,1236,23,4499,16120,6823,27,361065
350,1706585282.582749844,1706585282.681404114,1,0,0,1,7.453654961,-1.326064609,-0.050121527,-0.000861190,0.001875080,-0.084844264,0.996392088,1273,838,0.658287510,0.031114764,0.021702418,0.013928457,0.071117877,101.962759101,0.000000000,0.066755839,0.056516255,2.046845822,0.061346696,100.827432750,0,55,51,4,0.043205027,24,0,0,0,0,1189,29,4511,16175,6847,27,362254
351,1706585282.682589769,1706585282.780054569,1,0,0,1,7.576278542,-1.357608918,-0.055544712,0.003676768,0.006953304,-0.086333526,0.996235241,1314,831,0.632420091,0.032402787,0.022088595,0.014088971,0.082606843,93.705871995,0.000000000,0.068102541,0.058219207,2.073212872,0.062055209,100.635719689,0,78,75,3,0.059360731,20,0,0,0,0,1213,23,4530,16253,6867,27,363467
352,1706585282.782438755,1706585282.878768921,1,0,0,1,7.691601155,-1.381372456,-0.055225790,0.003346714,0.003911261,-0.086510821,0.996237612,1275,839,0.658039216,0.030811597,0.020704727,0.013598650,0.084417756,86.868762448,0.000000000,0.069167095,0.056771471,2.096169995,0.058110958,100.011115585,0,44,41,3,0.034509804,23,0,0,0,0,1207,24,4540,16297,6890,27,364674
353,1706585282.883076906,1706585282.982915401,1,0,0,1,7.808829575,-1.409844965,-0.059764331,0.005374972,0.003588897,-0.087165796,0.996172853,1315,855,0.650190114,0.033790031,0.022076019,0.015110285,0.081921138,92.134080983,0.000000000,0.070589131,0.057249456,2.119992004,0.056632923,99.279935085,0,76,74,2,0.057794677,28,0,0,0,0,1211,28,4555,16373,6918,27,365885
354,1706585282.982927561,1706585283.082760334,1,0,0,1,7.919411815,-1.435829327,-0.060117162,0.004959786,0.002104126,-0.089345522,0.995986120,1309,827,0.631779985,0.030481345,0.019981099,0.011967049,0.071475999,97.962494656,0.000000000,0.071303787,0.050396651,2.129953186,0.059431051,98.937758874,0,67,64,3,0.051184110,23,0,0,0,0,1219,23,4568,16440,6941,27,367104
355,1706585283.082771301,1706585283.182601690,1,0,0,1,8.035093501,-1.461415675,-0.062652312,0.005629688,0.001826882,-0.090382972,0.995889496,1327,845,0.636774680,0.029847803,0.019972564,0.012942639,0.086243817,93.437366015,0.000000000,0.072825859,0.047199902,2.143233336,0.057404002,98.543912647,0,67,66,1,0.050489827,23,0,0,0,0,1237,23,4588,16507,6964,27,368341
356,1706585283.182613373,1706585283.282427073,1,0,0,1,8.149646685,-1.482689492,-0.058785827,0.001762530,-0.001201153,-0.093148503,0.995649942,1322,823,0.622541604,0.031385564,0.021444005,0.013757098,0.084935490,91.003675832,0.000000000,0.073818662,0.046102177,2.152689495,0.057416507,98.156573796,0,77,76,1,0.058245083,22,0,0,0,0,1223,22,4604,16584,6986,27,369564
357,1706585283.282439470,1706585283.382255316,1,0,0,1,8.270169245,-1.506614519,-0.059775942,0.001884409,0.000628028,-0.093590521,0.995608793,1371,880,0.641867250,0.029840276,0.020192787,0.011688153,0.073466894,97.055905102,0.000000000,0.074279378,0.045901510,2.178580788,0.053686404,97.730742618,0,78,77,1,0.056892779,25,0,0,0,0,1268,25,4634,16662,7011,27,370832
358,1706585283.383066893,1706585283.482885122,1,0,0,1,8.392612476,-1.538228541,-0.061250608,0.003207221,-0.000803893,-0.093865464,0.995579400,1368,871,0.636695906,0.031911885,0.020805664,0.012853851,0.087542584,89.210261616,0.000000000,0.074984965,0.046536919,2.211846620,0.050248644,97.585292592,0,86,86,0,0.062865497,29,0,0,0,0,1253,29,4651,16748,7040,27,372085
359,1706585283.482897043,1706585283.582287550,1,0,0,1,8.517712000,-1.569869643,-0.060969023,0.004525898,-0.002201077,-0.096738267,0.995297131,1360,877,0.644852941,0.031154623,0.020930446,0.014019074,0.087298201,93.648530078,0.000000000,0.076712322,0.043755692,2.242713515,0.054212342,96.518534894,0,64,62,2,0.047058824,44,0,0,0,0,1252,44,4663,16812,7084,27,373337
360,1706585283.582736731,1706585283.682578325,1,0,0,1,8.645784864,-1.604705741,-0.059514875,0.006348433,-0.004232413,-0.099900350,0.994968193,1369,885,0.646457268,0.031150133,0.019063451,0.012424188,0.089872444,94.705578803,0.000000000,0.077909877,0.040544211,2.279085617,0.059278609,96.018083429,0,76,74,2,0.055514974,31,0,0,0,0,1262,31,4685,16888,7115,27,374599
361,1706585283.682589531,1706585283.782418728,1,0,0,1,8.773030185,-1.640510107,-0.063888874,0.010076819,-0.002238590,-0.102780787,0.994650469,1429,918,0.642407278,0.033468141,0.021945189,0.014412265,0.099749815,93.531808041,0.000000000,0.079414206,0.036458069,2.316265891,0.064735200,95.226249474,0,107,104,3,0.074877537,26,0,0,0,0,1296,26,4713,16995,7141,27,375895
362,1706585283.782430172,1706585283.882272482,1,0,0,1,8.910853679,-1.669110195,-0.059986397,0.006492915,-0.000899710,-0.105302844,0.994418596,1424,924,0.648876404,0.033351779,0.022937233,0.013588043,0.103284921,97.471423654,0.000000000,0.081156736,0.038582639,2.354585293,0.067161080,94.801552141,0,106,104,2,0.074438202,34,0,0,0,0,1284,34,4728,17101,7175,27,377179
363,1706585283.883082867,1706585283.981133223,1,0,0,1,9.051513777,-1.697853769,-0.053936163,0.003392356,0.001863148,-0.105891200,0.994370190,1416,880,0.621468927,0.030377786,0.021539977,0.014175379,0.107658824,87.189246837,0.000000000,0.082635626,0.038348036,2.392050974,0.066531706,94.202919864,0,78,70,8,0.055084746,30,0,0,0,0,1305,33,4750,17179,7205,27,378484
364,1706585283.982919931,1706585284.079916954,1,0,0,1,9.184598545,-1.731821304,-0.048378261,0.005432235,-0.003031752,-0.103556133,0.994604156,1395,902,0.646594982,0.034706559,0.023218084,0.013943081,0.111245590,90.661909456,0.000000000,0.084663023,0.044240216,2.416579469,0.067138881,93.870678178,0,95,93,2,0.068100358,26,0,0,0,0,1271,29,4771,17274,7231,27,379755
365,1706585284.082748413,1706585284.182576418,1,0,0,1,9.323604091,-1.762554561,-0.045892836,0.005942946,-0.005702345,-0.097316685,0.995219387,1414,899,0.635785007,0.034717044,0.024336544,0.015191065,0.094114694,89.906396120,0.000000000,0.085229324,0.048862067,2.432561287,0.070607232,93.528965879,0,102,97,5,0.072135785,30,0,0,0,0,1282,30,4793,17376,7261,27,381037
366,1706585284.182588100,1706585284.282423973,1,0,0,1,9.452704029,-1.781237256,-0.044041462,0.002649406,-0.011394564,-0.088611825,0.995997535,1414,913,0.645685997,0.034692111,0.022011977,0.014664562,0.095696067,93.610390959,0.000000000,0.086776686,0.052342011,2.440604081,0.085680643,93.460664154,0,69,65,4,0.048797737,25,0,0,0,0,1320,25,4816,17445,7286,27,382357
367,1706585284.282435656,1706585284.382270336,1,0,0,1,9.584345837,-1.801278081,-0.041307395,0.002866491,-0.010975193,-0.079237151,0.996791253,1356,873,0.643805310,0.031104317,0.021006168,0.013150448,0.077087053,91.804573200,0.000000000,0.086791864,0.049320062,2.437471780,0.102807049,93.307167434,0,57,56,1,0.042035398,25,0,0,0,0,1273,26,4828,17502,7311,27,383630
368,1706585284.383080006,1706585284.482890844,1,0,0,1,9.711034217,-1.818833872,-0.041128652,0.004554398,-0.004616144,-0.070962695,0.997457891,1268,819,0.645899054,0.030401940,0.019728919,0.012621040,0.078856708,82.123977591,0.000000000,0.087460785,0.050000167,2.434085278,0.114904541,92.487457878,0,52,51,1,0.041009464,23,0,0,0,0,1193,23,4837,17554,7334,27,384823
369,1706585284.482914448,1706585284.582752943,1,0,0,1,9.832355811,-1.831490405,-0.039842833,0.003117737,-0.003393014,-0.061455119,0.998099211,1212,779,0.642739274,0.030794175,0.021034870,0.012623494,0.065618785,90.334541751,0.000000000,0.086710575,0.050613380,2.435139237,0.131428428,92.416477712,0,61,60,1,0.050330033,17,0,0,0,0,1134,17,4848,17615,7351,27,385957
370,1706585284.582763910,1706585284.682595015,1,0,0,1,9.947991474,-1.838128636,-0.037840144,-0.001456023,-0.000255930,-0.053381306,0.998573107,1117,695,0.622202328,0.028150741,0.019481863,0.011338497,0.084863232,72.101359510,0.000000000,0.087397843,0.056782024,2.424250606,0.144679691,90.923407732,0,66,64,2,0.059086840,11,0,0,0,0,1039,12,4862,17681,7362,27,386996
371,1706585284.682607174,1706585284.782441854,1,0,0,1,10.058940839,-1.841040513,-0.037194236,-0.005135592,-0.004061414,-0.044955719,0.998967524,1135,743,0.654625551,0.031121129,0.020365094,0.013185233,0.081558300,78.205400124,0.000000000,0.087345416,0.056821662,2.417494089,0.161218824,90.148384139,0,54,52,2,0.047577093,24,0,0,0,0,1057,24,4876,17735,7386,27,388053
372,1706585284.782454491,1706585284.881480932,1,0,0,1,10.170136524,-1.846757685,-0.038253908,-0.006719368,-0.003380818,-0.035800807,0.999330637,1070,683,0.638317757,0.030039629,0.020073758,0.013042576,0.074332876,72.222787145,0.000000000,0.086841172,0.057711408,2.408119763,0.178248279,89.416085374,0,46,45,1,0.042990654,15,0,0,0,0,1009,15,4887,17781,7401,27,389062
373,1706585284.882703066,1706585284.982541084,1,0,0,1,10.280669579,-1.862165594,-0.043213522,0.000626414,-0.007651362,-0.027304769,0.999597676,1013,670,0.661401777,0.032241733,0.020508563,0.013321322,0.063063057,79.298395422,0.000000000,0.085898268,0.055896901,2.406237058,0.190796683,88.774301096,0,38,38,0,0.037512340,19,0,0,0,0,956,19,4895,17819,7420,27,390018
374,1706585284.982552767,1706585285.082378864,1,0,0,1,10.407574825,-1.873907392,-0.051674968,0.005168092,-0.002480534,-0.020378371,0.999775905,1057,688,0.650898770,0.030426874,0.019345556,0.012562207,0.069890714,74.766136508,0.000000000,0.085819003,0.055955142,2.415460321,0.202559656,87.614483188,0,54,53,1,0.051087985,20,0,0,0,0,983,20,4909,17873,7440,27,391001
375,1706585285.082390785,1706585285.182208776,1,0,0,1,10.537296783,-1.874194435,-0.053556105,0.001356801,0.000277713,-0.014808218,0.999889393,988,647,0.654858300,0.030625678,0.020355061,0.012601863,0.079960348,74.256448397,0.000000000,0.085504830,0.054952653,2.428620265,0.208146991,86.655437307,0,54,54,0,0.054655870,14,0,0,0,0,920,14,4922,17927,7454,27,391921
376,1706585285.183044195,1706585285.280865431,1,0,0,1,10.669684592,-1.868093546,-0.055658373,-0.005892072,0.005753005,-0.012008022,0.999893991,973,602,0.618705036,0.029023544,0.020193792,0.012858077,0.065333060,78.607537174,0.000000000,0.084524708,0.057942282,2.438286955,0.212797463,86.035630375,0,53,49,4,0.054470709,15,0,0,0,0,905,15,4935,17980,7469,27,392826
377,1706585285.282873154,1706585285.379573822,1,0,0,1,10.803683519,-1.871614343,-0.057447248,-0.005265437,0.007256767,-0.008967142,0.999919599,922,568,0.616052061,0.031817030,0.022815815,0.014918136,0.066640723,71.356124931,0.000000000,0.084183400,0.056570739,2.445876813,0.218311376,84.750641366,0,34,33,1,0.036876356,15,0,0,0,0,871,17,4948,18014,7484,27,393697
378,1706585285.382708549,1706585285.482546091,1,0,0,1,10.938403399,-1.871551926,-0.054698788,-0.009262137,0.002941686,-0.007068148,0.999927798,909,580,0.638063806,0.032605455,0.020799176,0.014249728,0.075801056,60.968430447,0.000000000,0.083596323,0.056923533,2.451585484,0.216346419,83.338549808,0,40,40,0,0.044004400,14,0,0,0,0,855,14,4962,18054,7498,27,394552
379,1706585285.482558250,1706585285.582383633,1,0,0,1,11.061302146,-1.867736836,-0.056439775,-0.014425273,-0.002894769,-0.006613453,0.999869889,951,602,0.633017876,0.034303771,0.023271581,0.015989252,0.075530345,71.706023923,0.000000000,0.083007931,0.059470462,2.441821711,0.211004597,82.241424500,0,45,43,2,0.047318612,25,0,0,0,0,881,25,4977,18099,7523,27,395433
380,1706585285.582395315,1706585285.682062864,1,0,0,1,11.188791416,-1.883573222,-0.067241243,-0.006157999,-0.001261606,-0.006382640,0.999959874,914,567,0.620350109,0.031063436,0.018638956,0.012707913,0.063569641,73.481163861,0.000000000,0.081692790,0.059525336,2.438485029,0.205625198,81.180203753,0,61,58,3,0.066739606,16,0,0,0,0,837,16,4994,18160,7539,27,396270
381,1706585285.683034897,1706585285.781113863,1,0,0,1,11.304891814,-1.908327632,-0.077130554,0.002205278,-0.001674503,-0.012752638,0.999914848,907,566,0.624035281,0.034466949,0.022558173,0.016391045,0.057029017,78.612281432,0.000000000,0.079556750,0.061225191,2.416792577,0.213345455,80.434227422,0,49,47,2,0.054024256,12,0,0,0,0,846,12,5006,18209,7551,27,397116
382,1706585285.782859325,1706585285.882690191,1,0,0,1,11.424890173,-1.924903441,-0.081580353,0.003365532,0.001496917,-0.021567342,0.999760612,931,576,0.618689581,0.034448763,0.022313815,0.015523500,0.071841868,72.630054420,0.000000000,0.077984598,0.062924718,2.394317732,0.229796365,79.192158960,0,59,55,4,0.063372718,19,0,0,0,0,853,19,5023,18268,7570,27,397969
383,1706585285.882702112,1706585285.982533932,1,0,0,1,11.546196181,-1.936269551,-0.081717108,0.000368632,0.004773570,-0.030876427,0.999511743,989,613,0.619817998,0.032988282,0.020125030,0.013990633,0.080378974,67.417372677,0.000000000,0.076620605,0.062180222,2.378691551,0.243778340,78.203565252,0,65,64,1,0.065722952,15,0,0,0,0,909,15,5040,18333,7585,27,398878
384,1706585285.982546329,1706585286.082372427,1,0,0,1,11.666808363,-1.956916384,-0.085235678,0.002578490,0.001297283,-0.036779193,0.999319248,1029,624,0.606413994,0.033379529,0.021194598,0.013688928,0.099794829,66.820299365,0.000000000,0.076048067,0.060086343,2.358724577,0.243083500,77.011484748,0,82,82,0,0.079689018,19,0,0,0,0,928,19,5065,18415,7604,27,399806
385,1706585286.082384586,1706585286.182202578,1,0,0,1,11.801018224,-1.977682236,-0.092631922,0.004934967,0.003763698,-0.039921406,0.999183548,1023,646,0.631476051,0.033443251,0.022869406,0.015241831,0.089697716,71.188092873,0.000000000,0.075827218,0.057877196,2.364274805,0.231878202,76.075569586,0,64,60,4,0.062561095,17,0,0,0,0,942,17,5079,18479,7621,27,400748
386,1706585286.183013439,1706585286.282840490,1,0,0,1,11.946936917,-1.989934446,-0.092376546,0.000755427,0.004702014,-0.042790411,0.999072721,1030,642,0.623300971,0.035526970,0.020664299,0.014670118,0.087408216,76.764265337,0.000000000,0.075412826,0.060051371,2.377520583,0.218834171,75.233263304,0,65,63,2,0.063106796,17,0,0,0,0,948,17,5097,18544,7638,27,401696
387,1706585286.282852173,1706585286.382668734,1,0,0,1,12.089352330,-2.013792647,-0.098477700,0.007269461,0.002322014,-0.043654656,0.999017534,1078,680,0.630797774,0.034072398,0.021480143,0.014522481,0.093203245,71.668216978,0.000000000,0.076218635,0.061243157,2.394150316,0.203892078,74.226445493,0,73,72,1,0.067717996,18,0,0,0,0,987,18,5109,18617,7656,27,402683
388,1706585286.382680893,1706585286.481929302,1,0,0,1,12.232176327,-2.046175012,-0.107550098,0.017803557,0.004782056,-0.044084296,0.998857718,1044,641,0.613984674,0.035555439,0.022109443,0.014326579,0.111880793,66.227642436,0.000000000,0.077869840,0.063934048,2.418893305,0.185527664,73.431628736,0,69,67,2,0.066091954,31,0,0,0,0,944,31,5127,18686,7687,27,403627
389,1706585286.482513905,1706585286.580647469,1,0,0,1,12.371186610,-2.068231651,-0.117589001,0.019615874,0.008252216,-0.047330716,0.998652553,1022,602,0.589041096,0.034388437,0.021140637,0.013631419,0.090064243,66.372008417,0.000000000,0.079092113,0.064105089,2.444156765,0.175679271,72.233502069,0,47,46,1,0.045988258,23,0,0,0,0,952,23,5142,18733,7710,27,404579
390,1706585286.582754374,1706585286.679388523,1,0,0,1,12.515201646,-2.075766380,-0.120780072,0.012378529,0.013245942,-0.044939275,0.998825199,1001,597,0.596403596,0.034323231,0.022417398,0.014739316,0.093715832,63.612801372,0.000000000,0.079534743,0.056814474,2.477414623,0.163535061,71.809074162,0,66,65,1,0.065934066,22,0,0,0,0,912,23,5158,18799,7732,27,405491
391,1706585286.682595968,1706585286.782426834,1,0,0,1,12.661880704,-2.084790815,-0.125480052,0.009342781,0.018172952,-0.041507685,0.998929211,1022,602,0.589041096,0.034463839,0.019996815,0.013091987,0.079724783,74.284492834,0.000000000,0.079443067,0.056296855,2.513098567,0.152065801,71.613028797,0,68,62,6,0.066536204,16,0,0,0,0,935,19,5178,18867,7748,27,406426
392,1706585286.782438517,1706585286.882262230,1,0,0,1,12.799687979,-2.097744188,-0.131790370,0.010931360,0.019034157,-0.037029918,0.999073066,949,554,0.583772392,0.038248293,0.022651725,0.014555129,0.090175929,69.200303716,0.000000000,0.080235219,0.061750782,2.539945116,0.144166076,71.461904626,0,57,55,2,0.060063224,17,0,0,0,0,874,18,5189,18924,7765,27,407300
393,1706585286.883073330,1706585286.982033253,1,0,0,1,12.922404837,-2.115859084,-0.132474684,0.014014927,0.006641975,-0.034937531,0.999269150,917,543,0.592148310,0.035216535,0.022442517,0.015661376,0.090138661,68.252235642,0.000000000,0.081589000,0.062085575,2.536265809,0.134316397,70.909596637,0,58,58,0,0.063249727,17,0,0,0,0,842,17,5203,18982,7782,27,408142
394,1706585286.982906580,1706585287.081112862,1,0,0,1,13.040901503,-2.125626638,-0.134915939,0.011869675,0.001994927,-0.034928702,0.999317325,980,601,0.613265306,0.039428239,0.027312568,0.018172941,0.086632987,69.073094783,0.000000000,0.082426113,0.068381860,2.525453504,0.123266684,70.624944551,0,85,82,3,0.086734694,31,0,0,0,0,864,31,5224,19067,7813,27,409006
395,1706585287.082747221,1706585287.182562590,1,0,0,1,13.163050133,-2.133992785,-0.136047894,0.009086737,-0.001477446,-0.032545139,0.999427867,976,591,0.605532787,0.039918173,0.023684675,0.015547213,0.105805830,64.215116176,0.000000000,0.083718387,0.073412770,2.515348555,0.122428899,70.122877940,0,76,73,3,0.077868852,35,0,0,0,0,865,35,5248,19143,7848,27,409871
396,1706585287.182574749,1706585287.282402039,1,0,0,1,13.276589729,-2.144312624,-0.133940895,0.008151085,-0.009174038,-0.030366828,0.999463482,994,602,0.605633803,0.031946555,0.018913285,0.014038626,0.104742026,63.014254719,0.000000000,0.085688836,0.066036401,2.495318540,0.120583978,69.343213817,0,73,73,0,0.073440644,24,0,0,0,0,897,24,5266,19216,7872,27,410768
397,1706585287.282414198,1706585287.382247925,1,0,0,1,13.397904686,-2.157226785,-0.132643253,0.006998746,-0.003059369,-0.028505134,0.999564463,990,619,0.625252525,0.037428465,0.025514150,0.018272927,0.092399612,70.075759933,0.000000000,0.086976780,0.065159428,2.482577899,0.120600147,69.279195567,0,76,75,1,0.076767677,25,0,0,0,0,889,25,5283,19292,7897,27,411657
398,1706585287.383058548,1706585287.482899666,1,0,0,1,13.519581928,-2.170765888,-0.131661209,0.007567499,0.002137989,-0.027709896,0.999585076,966,567,0.586956522,0.035372126,0.021582359,0.014197537,0.116041638,66.808256615,0.000000000,0.088988809,0.063243014,2.482039743,0.121218730,69.571186875,0,92,91,1,0.095238095,27,0,0,0,0,847,27,5298,19384,7924,27,412504
399,1706585287.482911348,1706585287.582744598,1,0,0,1,13.634047222,-2.186131525,-0.138821833,0.011057028,0.000294966,-0.028230597,0.999540239,970,583,0.601030928,0.035330742,0.020051650,0.013585010,0.087188863,65.829282284,0.000000000,0.089571735,0.063012844,2.468831164,0.121891437,69.277349793,0,54,53,1,0.055670103,26,0,0,0,0,890,26,5312,19438,7950,27,413394
400,1706585287.582755327,1706585287.682582617,1,0,0,1,13.755278165,-2.203507298,-0.138972390,0.009354807,0.004806052,-0.036735534,0.999269678,952,567,0.595588235,0.033940382,0.020557212,0.013737373,0.103453237,67.028230472,0.000000000,0.091565915,0.057702461,2.472179796,0.126066175,68.954703124,0,61,59,2,0.064075630,19,0,0,0,0,872,19,5330,19499,7969,27,414266
401,1706585287.682593346,1706585287.781780720,1,0,0,1,13.874677233,-2.219772530,-0.138381343,0.007316144,0.007685635,-0.042885349,0.999023649,939,558,0.594249201,0.028467898,0.020240773,0.012994549,0.090624224,65.165206353,0.000000000,0.093245675,0.071759121,2.471463604,0.120744709,68.282349370,0,55,50,5,0.058572950,14,0,0,0,0,868,16,5345,19554,7983,27,415134
402,1706585287.782442331,1706585287.880475283,1,0,0,1,13.995414706,-2.237307832,-0.137107990,0.005057280,0.007208577,-0.050732660,0.998673449,973,550,0.565262076,0.034209718,0.020706891,0.013189853,0.096633140,70.731481250,0.000000000,0.094485239,0.071860183,2.471637036,0.117864014,68.187420712,0,62,58,4,0.063720452,16,0,0,0,0,891,20,5361,19616,7999,27,416025
403,1706585287.883084059,1706585287.982910633,1,0,0,1,14.114276870,-2.262972905,-0.140264722,0.007924216,0.004508372,-0.059580992,0.998181841,1020,600,0.588235294,0.031133954,0.017937713,0.013135923,0.094177590,65.443437889,0.000000000,0.095175170,0.074943942,2.470862243,0.123775624,68.088723972,0,67,61,6,0.065686275,22,0,0,0,0,930,23,5382,19683,8021,27,416955
404,1706585287.982921839,1706585288.082751989,1,0,0,1,14.227593701,-2.290641944,-0.141265714,0.010280245,-0.001521874,-0.067543145,0.997662229,1093,634,0.580054895,0.035439232,0.022107932,0.013668724,0.107712635,67.898952809,0.000000000,0.095571060,0.074232309,2.451504367,0.133568181,68.142656644,0,96,93,3,0.087831656,26,0,0,0,0,971,26,5410,19779,8047,27,417926
405,1706585288.082763433,1706585288.182585478,1,0,0,1,14.345543523,-2.314454220,-0.138886042,0.007200070,-0.000411512,-0.075787983,0.997097874,1109,633,0.570784491,0.033570745,0.023222169,0.014275534,0.098173583,69.070786938,0.000000000,0.095994853,0.074120739,2.425424983,0.144303066,68.036791348,0,88,85,3,0.079350766,21,0,0,0,0,1000,21,5432,19867,8068,27,418926
406,1706585288.182598829,1706585288.282227039,1,0,0,1,14.439650421,-2.330422515,-0.118328912,0.001085642,-0.013259357,-0.082895160,0.996469469,1155,679,0.587878788,0.043162658,0.024963150,0.015822921,0.121180590,70.452308316,0.000000000,0.097683472,0.089362800,2.378536754,0.156933248,67.721193497,0,86,85,1,0.074458874,28,0,0,0,0,1041,28,5456,19953,8096,27,419967
407,1706585288.282438755,1706585288.381720543,1,0,0,1,14.508060535,-2.345969261,-0.118989241,-0.003781869,-0.035352167,-0.090640277,0.995248844,1262,757,0.599841521,0.038402169,0.024867617,0.015815724,0.129820260,63.263209063,0.000000000,0.099514323,0.090443640,2.301964546,0.171770620,67.300943101,0,91,86,5,0.072107765,39,0,0,0,0,1132,39,5482,20044,8135,27,421099
408,1706585288.383081913,1706585288.482908964,1,0,0,1,14.618001000,-2.372005659,-0.121015263,-0.002099783,-0.015942107,-0.096621579,0.995191293,1351,796,0.589193190,0.043909837,0.029115072,0.019152982,0.113721303,70.594558742,0.000000000,0.099606348,0.102950130,2.273857308,0.177368886,67.519288916,0,97,96,1,0.071798668,37,0,0,0,0,1216,38,5500,20141,8172,27,422315
409,1706585288.482921362,1706585288.582753897,1,0,0,1,14.722059590,-2.401679449,-0.114783471,-0.000993183,-0.016345297,-0.104260814,0.994415169,1393,807,0.579325197,0.039511392,0.022779812,0.015151723,0.139281456,75.571341965,0.000000000,0.102067209,0.103943281,2.237996157,0.188002107,67.979255594,0,117,114,3,0.083991385,44,0,0,0,0,1231,45,5531,20258,8216,27,423546
410,1706585288.582766056,1706585288.682007551,1,0,0,1,14.837400479,-2.432063853,-0.112774156,-0.002867788,-0.013061981,-0.112625085,0.993547558,1445,830,0.574394464,0.038979193,0.020036488,0.014832106,0.161700251,75.892719056,0.000000000,0.105466430,0.103895181,2.210257400,0.197901181,68.593251478,0,99,99,0,0.068512111,45,0,0,0,0,1301,45,5561,20357,8261,27,424847
411,1706585288.682592869,1706585288.782425642,1,0,0,1,14.963137568,-2.464750537,-0.103518426,-0.001859385,0.007308523,-0.117810953,0.993007406,1480,864,0.583783784,0.051618161,0.029448813,0.020874323,0.148265735,83.866285646,0.000000000,0.108893478,0.134064273,2.201944460,0.199362933,69.072341118,0,119,116,3,0.080405405,65,0,0,0,0,1296,65,5601,20476,8326,27,426143
412,1706585288.782436609,1706585288.882261992,1,0,0,1,15.083844970,-2.503837130,-0.105884012,0.004046960,0.017771188,-0.127993293,0.991607545,1373,783,0.570284050,0.040782509,0.026060960,0.017199510,0.167420553,69.609184231,0.000000000,0.112755709,0.135087716,2.204796000,0.215822171,69.092785144,0,100,95,5,0.072833212,32,0,0,0,0,1241,32,5634,20576,8358,27,427384
413,1706585288.883072138,1706585288.982803345,1,0,0,1,15.192962560,-2.541961553,-0.108035309,0.001440764,0.009080086,-0.137757756,0.990423282,1332,750,0.563063063,0.037789801,0.023451090,0.015499621,0.183426706,64.086253410,0.000000000,0.117420111,0.133978106,2.201478394,0.235436108,68.884486033,0,116,112,4,0.087087087,38,0,0,0,0,1178,38,5664,20692,8396,27,428562
414,1706585288.982916117,1706585289.081551313,1,0,0,1,15.313338559,-2.580965499,-0.108226098,0.000116597,0.012640978,-0.145673539,0.989251946,1345,773,0.574721190,0.039293645,0.022720626,0.016482909,0.172381422,64.546277231,0.000000000,0.121707533,0.133936194,2.205575809,0.246793613,68.658145155,0,109,107,2,0.081040892,38,0,0,0,0,1197,39,5697,20801,8434,27,429759
415,1706585289.082759619,1706585289.180440426,1,0,0,1,15.415899708,-2.626594233,-0.099855082,0.000680441,0.005910601,-0.155713981,0.987784267,1319,755,0.572403336,0.039267902,0.023180833,0.015885672,0.142856117,69.727789332,0.000000000,0.123560047,0.133689457,2.204113560,0.262820155,68.933778813,0,97,92,5,0.073540561,43,0,0,0,0,1176,46,5720,20898,8477,27,430935
416,1706585289.182599306,1706585289.279481888,1,0,0,1,15.500188531,-2.677368482,-0.102165984,0.005857754,-0.006091960,-0.170319999,0.985352563,1298,720,0.554699538,0.043665147,0.024710775,0.016848739,0.167060763,66.719401193,0.000000000,0.126675984,0.131739111,2.180533761,0.288662732,69.119036136,0,97,97,0,0.074730354,52,0,0,0,0,1149,52,5741,20995,8529,27,432084
417,1706585289.282439709,1706585289.382272005,1,0,0,1,15.603988719,-2.730946127,-0.100258694,0.007258532,-0.006086868,-0.179620178,0.983690427,1308,758,0.579510703,0.033817150,0.019624248,0.013041754,0.135093053,62.581010383,0.000000000,0.128810656,0.134582867,2.174929213,0.305900823,68.744298659,0,105,104,1,0.080275229,34,0,0,0,0,1169,34,5766,21100,8563,27,433253
418,1706585289.383083344,1706585289.482898235,1,0,0,1,15.705518511,-2.775019647,-0.096056005,0.002721679,-0.009914566,-0.188356178,0.982046966,1233,718,0.582319546,0.031703183,0.019232084,0.012460246,0.144119183,56.611223710,0.000000000,0.130214533,0.139238483,2.169978399,0.322621503,68.234447014,0,60,59,1,0.048661800,19,0,0,0,0,1154,19,5774,21160,8582,27,434407
419,1706585289.482910156,1706585289.582743645,1,0,0,1,15.813072595,-2.820894169,-0.101790234,-0.000848711,-0.003877327,-0.194979835,0.980799220,1219,706,0.579163249,0.033879513,0.019540391,0.012688332,0.126673826,63.675036706,0.000000000,0.132188781,0.140626063,2.164577833,0.319079049,68.126734735,0,84,80,4,0.068908942,20,0,0,0,0,1115,20,5787,21244,8602,27,435522
420,1706585289.582755566,1706585289.682598591,1,0,0,1,15.950025035,-2.876565219,-0.122743072,0.004683518,0.031051749,-0.189034751,0.981468143,1141,593,0.519719544,0.043640151,0.024673093,0.016296365,0.132657780,59.434111374,0.000000000,0.133649008,0.141033056,2.193387155,0.318634118,67.747028780,0,85,83,2,0.074496056,29,0,0,0,0,1027,29,5809,21329,8631,27,436549
421,1706585289.682610989,1706585289.782428265,1,0,0,1,16.079424119,-2.941057162,-0.116004438,0.006565353,0.046748053,-0.167661286,0.984713770,1098,602,0.548269581,0.034651815,0.021736011,0.013095992,0.145357687,56.083548797,0.000000000,0.136385682,0.129467734,2.216113117,0.346085940,67.292945902,0,73,72,1,0.066484517,18,0,0,0,0,1007,18,5821,21402,8649,27,437556
422,1706585289.782440662,1706585289.882286310,1,0,0,1,16.195711893,-3.010196768,-0.128863487,0.025136619,0.045610573,-0.143641113,0.988258598,1068,598,0.559925094,0.034958627,0.023463578,0.014690685,0.105603958,69.173343323,0.000000000,0.136834223,0.128584719,2.230369522,0.378911451,67.215039006,0,46,46,0,0.043071161,18,0,0,0,0,1003,19,5824,21448,8667,27,438559
423,1706585289.883098364,1706585289.982908964,1,0,0,1,16.311325294,-3.071248251,-0.145946157,0.041916166,0.059492894,-0.139830779,0.987497334,1101,647,0.587647593,0.033038193,0.019487048,0.013808271,0.143149069,57.347862463,0.000000000,0.139282797,0.125019823,2.245573579,0.372739867,66.810260234,0,61,57,4,0.055404178,19,0,0,0,0,1021,19,5840,21509,8686,27,439580
424,1706585289.982921600,1706585290.082745075,1,0,0,1,16.429629298,-3.105655569,-0.151345469,0.042196828,0.057084198,-0.122047047,0.989982495,1001,545,0.544455544,0.036071516,0.024065352,0.015821240,0.136054072,56.336036167,0.000000000,0.140699868,0.124438055,2.248544747,0.392250502,66.232114402,0,49,49,0,0.048951049,14,0,0,0,0,938,14,5840,21558,8700,27,440518
425,1706585290.082756996,1706585290.182582855,1,0,0,1,16.529256819,-3.123920737,-0.168254123,0.035138524,0.028528388,-0.109404582,0.992966290,1056,609,0.576704545,0.041275715,0.028851112,0.018036019,0.132531167,57.778018645,0.000000000,0.142417748,0.120385754,2.253593767,0.401478654,65.667475988,0,59,57,2,0.055871212,13,0,0,0,0,984,13,5851,21617,8713,27,441502
426,1706585290.182595253,1706585290.282416105,1,0,0,1,16.602770613,-3.116658099,-0.144162003,-0.006824943,0.009353890,-0.134541770,0.990840268,1216,675,0.555098684,0.037461115,0.022153793,0.014954167,0.189246188,59.747509173,0.000000000,0.145821027,0.118919895,2.261137278,0.438559518,65.132236031,0,91,90,1,0.074835526,30,0,0,0,0,1095,30,5871,21708,8743,27,442597
427,1706585290.282428503,1706585290.381452799,1,0,0,1,16.695987443,-3.096222092,-0.130853097,-0.045470716,0.007960225,-0.145896953,0.988222206,1451,857,0.590627154,0.041827706,0.025054462,0.016770447,0.196987653,68.660541679,0.000000000,0.149179397,0.119675994,2.244491915,0.449825473,65.402102661,0,114,112,2,0.078566506,45,0,0,0,0,1289,48,5901,21822,8788,27,443886
428,1706585290.383061171,1706585290.480191231,1,0,0,1,16.797789882,-3.109989941,-0.135134696,-0.053596597,0.021109098,-0.146119906,0.987588368,1390,797,0.573381295,0.035531655,0.020239267,0.013259266,0.221726189,59.759135292,0.000000000,0.154579641,0.118438694,2.238924153,0.436402123,64.860331489,0,114,110,4,0.082014388,38,0,0,0,0,1238,38,5931,21936,8826,27,445124
429,1706585290.482899904,1706585290.582732916,1,0,0,1,16.886577359,-3.149528702,-0.142392778,-0.047999788,0.022972180,-0.156156685,0.986297820,1263,708,0.560570071,0.037393824,0.020047394,0.013870001,0.173292287,65.223752186,0.000000000,0.156280183,0.118724970,2.217095250,0.439992461,64.342952000,0,70,69,1,0.055423595,31,0,0,0,0,1162,31,5944,22006,8857,27,446286
430,1706585290.582744360,1706585290.682571650,1,0,0,1,16.964767704,-3.213408183,-0.165193405,-0.030652541,0.017303672,-0.161141847,0.986303356,1270,694,0.546456693,0.030136409,0.017689296,0.011527075,0.172829627,59.064589479,0.000000000,0.156836652,0.128899965,2.190359055,0.438594646,63.501545521,0,64,64,0,0.050393701,25,0,0,0,0,1181,25,5953,22070,8882,27,447467
431,1706585290.682583332,1706585290.782417297,1,0,0,1,17.048145566,-3.289598398,-0.179994902,-0.005866081,0.016694864,-0.166080144,0.985953476,1230,700,0.569105691,0.035969817,0.018666650,0.013996168,0.171823069,57.036400843,0.000000000,0.158014519,0.100843827,2.177370770,0.427464272,62.160051281,0,67,67,0,0.054471545,28,0,0,0,0,1135,28,5968,22137,8910,27,448602
432,1706585290.782428741,1706585290.882245779,1,0,0,1,17.138605711,-3.347518684,-0.188943240,0.003784141,0.022275108,-0.171214209,0.984974718,1210,645,0.533057851,0.032122650,0.020474185,0.013629558,0.159032873,60.009288053,0.000000000,0.157595135,0.103409233,2.169550991,0.417923826,61.680056472,0,67,67,0,0.055371901,17,0,0,0,0,1126,17,5978,22204,8927,27,449728
433,1706585290.883056402,1706585290.982878923,1,0,0,1,17.239009103,-3.376926328,-0.182642039,-0.009425411,0.035721187,-0.165337126,0.985544922,1195,650,0.543933054,0.034617188,0.020887291,0.014216211,0.158322041,54.700109171,0.000000000,0.156339901,0.104306467,2.147824592,0.412634130,61.210749260,0,62,58,4,0.051882845,24,0,0,0,0,1106,27,5990,22266,8951,27,450834
434,1706585290.982889652,1706585291.082712412,1,0,0,1,17.321658503,-3.392528630,-0.178615147,-0.029987302,0.029645588,-0.166545824,0.985131661,1162,611,0.525817556,0.034584279,0.023251781,0.015561378,0.152859868,61.410667288,0.000000000,0.155363824,0.104058280,2.119465275,0.395550700,61.053968763,0,82,75,7,0.070567986,17,0,0,0,0,1062,18,6017,22348,8968,27,451896
435,1706585291.082724810,1706585291.182519197,1,0,0,1,17.404107690,-3.416094947,-0.178142949,-0.039261414,0.027794085,-0.172155251,0.983894608,1162,628,0.540447504,0.033449909,0.021165282,0.013674821,0.140316329,57.321578613,0.000000000,0.155236834,0.104419380,2.106790120,0.377476782,60.433658227,0,60,58,2,0.051635112,16,0,0,0,0,1086,16,6029,22408,8984,27,452982
436,1706585291.182531357,1706585291.282357454,1,0,0,1,17.486466283,-3.461434656,-0.182677562,-0.034373957,0.024658328,-0.177933438,0.983132794,1139,619,0.543459175,0.032479735,0.021135249,0.013855600,0.128435936,57.174705886,0.000000000,0.153305593,0.095631803,2.084085821,0.369822788,59.956423462,0,49,46,3,0.043020193,16,0,0,0,0,1074,16,6037,22457,9000,27,454056
437,1706585291.282767773,1706585291.382601500,1,0,0,1,17.562343356,-3.520123661,-0.194828599,-0.017712009,0.007999376,-0.174325287,0.984496312,1114,623,0.559245961,0.033892879,0.019152834,0.013557297,0.155823878,58.158822094,0.000000000,0.154342134,0.095571825,2.070015024,0.360831962,59.735314047,0,38,38,0,0.034111311,16,0,0,0,0,1060,16,6047,22495,9016,27,455116
438,1706585291.382612705,1706585291.482437849,1,0,0,1,17.647350620,-3.589807388,-0.210808075,0.007067826,0.003893539,-0.172496011,0.984977163,1205,674,0.559336100,0.036319198,0.023508089,0.016305508,0.182995026,54.155385892,0.000000000,0.156285926,0.091966427,2.064019519,0.351450208,59.612522156,0,67,66,1,0.055601660,20,0,0,0,0,1118,20,6055,22562,9036,27,456234
439,1706585291.482449293,1706585291.582278252,1,0,0,1,17.751236744,-3.632570550,-0.213978342,0.009143974,0.006649589,-0.166142284,0.986036973,1210,656,0.542148760,0.032076445,0.020884798,0.013143645,0.160479151,60.216641183,0.000000000,0.157976193,0.094218665,2.027094913,0.352549878,59.439602380,0,48,48,0,0.039669421,14,0,0,0,0,1148,14,6063,22610,9050,27,457382
440,1706585291.583089352,1706585291.681491852,1,0,0,1,17.851136519,-3.651879136,-0.209212127,-0.003656564,0.002896583,-0.163667008,0.986504612,1215,687,0.565432099,0.032214565,0.020072400,0.013705232,0.194073978,58.684418858,0.000000000,0.161047002,0.081910187,1.984218323,0.314236288,59.402117754,0,51,47,4,0.041975309,14,0,0,0,0,1149,15,6074,22661,9064,27,458531
441,1706585291.682928801,1706585291.780488968,1,0,0,1,17.961347243,-3.673075368,-0.206725022,-0.012364078,0.005099920,-0.160098964,0.987010356,1262,720,0.570522979,0.032967103,0.019196815,0.013271200,0.199741875,54.077916787,0.000000000,0.163766212,0.083071432,1.960577562,0.270837144,59.301836154,0,64,62,2,0.050713154,23,0,0,0,0,1174,24,6087,22725,9087,27,459705
442,1706585291.782769442,1706585291.882589340,1,0,0,1,18.074144998,-3.711334873,-0.208085653,-0.007565868,0.006507879,-0.152382755,0.988271168,1291,693,0.536793184,0.034047787,0.019710736,0.014316563,0.188406954,58.479686770,0.000000000,0.167906362,0.083356852,1.947840731,0.276584819,58.767153326,0,67,62,5,0.051897754,27,0,0,0,0,1196,28,6096,22792,9114,27,460901
443,1706585291.882600784,1706585291.982428312,1,0,0,1,18.176405642,-3.747769690,-0.207998564,-0.003852898,-0.000500424,-0.146136195,0.989256851,1406,778,0.553342817,0.032634943,0.019229712,0.012711729,0.218202805,54.476226172,0.000000000,0.171659048,0.083807521,1.933074107,0.253309469,58.623571512,0,102,89,13,0.072546230,23,0,0,0,0,1273,31,6123,22894,9137,27,462174
444,1706585291.982440472,1706585292.082262516,1,0,0,1,18.282041759,-3.770993671,-0.204734711,-0.008543713,-0.001151355,-0.141970253,0.989833383,1434,802,0.559274756,0.035872725,0.021751897,0.014596628,0.256157711,58.905880313,0.000000000,0.177664230,0.083721650,1.938592579,0.238194381,58.752063719,0,71,70,1,0.049511855,29,0,0,0,0,1331,32,6139,22965,9166,27,463505
445,1706585292.083073854,1706585292.182893753,1,0,0,1,18.379222474,-3.795817446,-0.203147720,-0.009903491,-0.007764950,-0.137545790,0.990415459,1474,832,0.564450475,0.036870757,0.022521005,0.015651124,0.267173452,59.295514138,0.000000000,0.184396345,0.074190253,1.961205180,0.194605927,58.827938494,0,94,93,1,0.063772049,35,0,0,0,0,1344,36,6161,23059,9201,27,464849
446,1706585292.182905674,1706585292.282732487,1,0,0,1,18.476386166,-3.825552013,-0.206175515,-0.008200289,-0.007397509,-0.134655184,0.990830971,1520,850,0.559210526,0.039080008,0.023819693,0.016368075,0.283164221,63.687137338,0.000000000,0.189092246,0.077222549,1.966507716,0.177195289,59.024919902,0,82,81,1,0.053947368,33,0,0,0,0,1405,33,6178,23141,9234,27,466254
447,1706585292.282743454,1706585292.382566452,1,0,0,1,18.581407696,-3.852636778,-0.207667440,-0.009213804,-0.005811295,-0.132506289,0.991122302,1534,861,0.561277705,0.039472806,0.023270601,0.016329517,0.300020494,62.569185183,0.000000000,0.194243888,0.069440113,1.972157437,0.179552187,58.720352077,0,88,85,3,0.057366362,35,0,0,0,0,1411,35,6200,23229,9269,27,467665
448,1706585292.382579088,1706585292.481772423,1,0,0,1,18.682398779,-3.880583595,-0.203643681,-0.010518762,-0.005715610,-0.134971148,0.990777208,1477,839,0.568043331,0.038217243,0.023984229,0.016274808,0.273523528,59.882825432,0.000000000,0.196833755,0.072659342,1.979557337,0.164160104,58.726536584,0,88,87,1,0.059580230,31,0,0,0,0,1358,31,6221,23317,9300,27,469023
449,1706585292.482434511,1706585292.582262993,1,0,0,1,18.790698436,-3.905695432,-0.203373835,-0.017186970,-0.005983135,-0.136869552,0.990421898,1511,851,0.563203177,0.037395905,0.023445138,0.015615826,0.308787693,57.905588385,0.000000000,0.203608525,0.072662301,1.987221237,0.158782319,58.360628394,0,75,74,1,0.049636003,35,0,0,0,0,1401,35,6230,23392,9335,27,470424
450,1706585292.583074331,1706585292.682900429,1,0,0,1,18.906789677,-3.942198805,-0.204896821,-0.014785601,0.003121061,-0.139395445,0.990121485,1490,856,0.574496644,0.037939407,0.022460429,0.014600061,0.276532036,60.681127852,0.000000000,0.208793646,0.067876479,1.995013952,0.154843960,58.441455312,0,87,86,1,0.058389262,33,0,0,0,0,1370,33,6243,23479,9368,27,471794
451,1706585292.682911634,1706585292.782745838,1,0,0,1,19.020994295,-3.977703190,-0.206401960,-0.017600822,0.001978452,-0.147154709,0.988954897,1441,789,0.547536433,0.040103277,0.022483281,0.015807964,0.239221638,61.449696446,0.000000000,0.212163574,0.074084962,2.006833419,0.160293323,58.662120093,0,94,94,0,0.065232477,31,0,0,0,0,1316,31,6270,23573,9399,27,473110
452,1706585292.782757759,1706585292.882542133,1,0,0,1,19.137407427,-4.013278750,-0.201913208,-0.022792621,0.003381709,-0.152488524,0.988036594,1408,764,0.542613636,0.041585657,0.025187774,0.017307433,0.225966741,57.269692423,0.000000000,0.215510268,0.079400832,2.023832825,0.160372663,58.525140311,0,109,106,3,0.077414773,24,0,0,0,0,1275,24,6292,23682,9423,27,474385
453,1706585292.882603884,1706585292.981473207,1,0,0,1,19.262710599,-4.056307458,-0.200710500,-0.019197420,0.008411856,-0.153315083,0.987955052,1299,695,0.535026944,0.036908872,0.024084682,0.016987209,0.195671336,62.247674656,0.000000000,0.217377732,0.079051539,2.072118056,0.159084159,58.902518585,0,60,59,1,0.046189376,20,0,0,0,0,1218,21,6300,23742,9443,27,475603
454,1706585292.982433081,1706585293.080284595,1,0,0,1,19.382171389,-4.094756520,-0.205546244,-0.015292812,0.007829762,-0.147129680,0.988967988,1313,701,0.533891851,0.038056946,0.021752627,0.015867011,0.204807714,58.134747826,0.000000000,0.219975125,0.079225480,2.111954715,0.160053447,58.738722612,0,69,67,2,0.052551409,24,0,0,0,0,1220,24,6315,23811,9467,27,476823
455,1706585293.083068371,1706585293.182897568,1,0,0,1,19.508226668,-4.136081912,-0.210612374,-0.008246901,0.003739977,-0.134033529,0.990935424,1428,779,0.545518207,0.033931912,0.020885297,0.014444652,0.248754131,57.249744742,0.000000000,0.225397015,0.078610011,2.150584551,0.175424391,58.735130919,0,73,63,10,0.051120448,20,0,0,0,0,1329,26,6337,23884,9487,27,478152
456,1706585293.182909250,1706585293.282750368,1,0,0,1,19.632485129,-4.167278453,-0.208493964,-0.006951166,0.006473699,-0.121311651,0.992569018,1396,779,0.558022923,0.035507955,0.021366938,0.014518162,0.272300114,62.518970875,0.000000000,0.232590224,0.074997142,2.182024638,0.192242417,59.002344168,0,94,87,7,0.067335244,29,0,0,0,0,1272,30,6358,23978,9516,27,479424
457,1706585293.282761812,1706585293.382588148,1,0,0,1,19.750191788,-4.188681924,-0.206621540,-0.006968519,0.008535185,-0.109753509,0.993897760,1404,766,0.545584046,0.035932911,0.022939213,0.015343884,0.220786785,68.374972724,0.000000000,0.235838369,0.073335379,2.190602248,0.211462399,59.513151700,0,82,77,5,0.058404558,17,0,0,0,0,1304,18,6381,24060,9533,27,480728
458,1706585293.382600784,1706585293.482421875,1,0,0,1,19.868283200,-4.205084910,-0.210148505,-0.008211518,0.012648330,-0.099443278,0.994928955,1272,664,0.522012579,0.035464981,0.022386984,0.015427370,0.182474225,59.753283304,0.000000000,0.235812329,0.073616958,2.197491555,0.219139038,59.793046570,0,74,70,4,0.058176101,19,0,0,0,0,1177,21,6403,24134,9552,27,481905
459,1706585293.482434034,1706585293.582260847,1,0,0,1,19.977980591,-4.221159412,-0.211535875,-0.009924243,0.011363747,-0.092975425,0.995554089,1229,639,0.519934906,0.033823863,0.021684475,0.014588097,0.173207728,62.127564435,0.000000000,0.236448758,0.070314247,2.206508895,0.227240206,59.888592733,0,50,47,3,0.040683483,16,0,0,0,0,1162,17,6410,24184,9568,27,483067
460,1706585293.583070278,1706585293.682558060,1,0,0,1,20.082006340,-4.238771597,-0.209717629,-0.009525562,0.005394103,-0.087193794,0.996131221,1223,650,0.531479967,0.035629846,0.019648001,0.014696093,0.203785509,55.894321504,0.000000000,0.236934334,0.065139579,2.199772651,0.231853378,59.749087865,0,51,49,2,0.041700736,14,0,0,0,0,1158,14,6420,24235,9582,27,484225
461,1706585293.682895899,1706585293.780908585,1,0,0,1,20.184345150,-4.255507603,-0.214602482,-0.010493866,0.009417764,-0.081938560,0.996537634,1163,611,0.525365434,0.033654142,0.022113636,0.013788120,0.164500774,55.734176843,0.000000000,0.235172279,0.063773827,2.184468403,0.226666621,59.831900868,0,47,46,1,0.040412726,12,0,0,0,0,1104,12,6426,24282,9594,27,485329
462,1706585293.782742023,1706585293.882571220,1,0,0,1,20.281167948,-4.273732845,-0.212881375,-0.008731452,0.001542990,-0.078040440,0.996910764,1197,647,0.540517962,0.032265695,0.019756170,0.013692571,0.148479889,58.208902790,0.000000000,0.233175926,0.067394728,2.174449043,0.221929394,59.818361669,0,56,56,0,0.046783626,12,0,0,0,0,1129,12,6436,24338,9606,27,486458
463,1706585293.882583141,1706585293.982414484,1,0,0,1,20.385070124,-4.295314648,-0.221438199,-0.004647035,0.001437035,-0.073824964,0.997259352,1159,624,0.538395168,0.034876707,0.021573722,0.014436531,0.148044031,64.690412332,0.000000000,0.229667988,0.063588594,2.172705272,0.221951564,60.329070977,0,46,45,1,0.039689387,14,0,0,0,0,1099,14,6447,24384,9620,27,487557
464,1706585293.982425928,1706585294.082252502,1,0,0,1,20.492671135,-4.309521809,-0.223120379,-0.010373215,0.001477452,-0.074193128,0.997188845,1140,610,0.535087719,0.031390417,0.019884359,0.013007995,0.157255317,59.275690324,0.000000000,0.224722868,0.071200174,2.180939534,0.213656132,60.347561478,0,60,57,3,0.052631579,10,0,0,0,0,1070,10,6454,24444,9630,27,488627
465,1706585294.083063841,1706585294.181730270,1,0,0,1,20.603184898,-4.330747143,-0.221147292,-0.010212417,0.003675582,-0.076628770,0.997000616,1122,615,0.548128342,0.034994616,0.024317656,0.014120127,0.130580127,67.419658187,0.000000000,0.217893202,0.071807304,2.191833658,0.212784908,60.753768680,0,53,53,0,0.047237077,14,0,0,0,0,1055,14,6459,24497,9644,27,489682
466,1706585294.182890654,1706585294.280345678,1,0,0,1,20.712521192,-4.358827198,-0.226370099,-0.007125989,0.002028698,-0.081125221,0.996676378,1139,605,0.531167691,0.032585941,0.021994774,0.014838716,0.175320410,57.340764417,0.000000000,0.212501011,0.073541698,2.196370819,0.217428152,60.436450034,0,61,53,8,0.053555751,13,0,0,0,0,1065,13,6479,24558,9657,27,490747
467,1706585294.282741308,1706585294.382577181,1,0,0,1,20.835195996,-4.390382444,-0.227543512,-0.001323762,0.006790134,-0.080568703,0.996725050,1114,619,0.555655296,0.035370777,0.020513112,0.014806700,0.189816357,58.173684496,0.000000000,0.206990804,0.070554971,2.218180698,0.213583459,60.216675000,0,58,54,4,0.052064632,21,0,0,0,0,1031,25,6491,24616,9678,27,491778
468,1706585294.382588625,1706585294.482416153,1,0,0,1,20.949143266,-4.417847136,-0.230642666,-0.000628094,0.005865420,-0.086729764,0.996214410,1154,606,0.525129983,0.033680656,0.020646991,0.014261221,0.190778907,60.424196233,0.000000000,0.202853573,0.070292659,2.224258858,0.222209409,60.243743540,0,57,54,3,0.049393414,16,0,0,0,0,1078,19,6506,24673,9694,27,492856
469,1706585294.482427835,1706585294.582252741,1,0,0,1,21.073004192,-4.443535685,-0.234375120,-0.001970751,0.008491501,-0.088455347,0.996041998,1191,620,0.520570949,0.035095115,0.021721480,0.013984381,0.172426484,60.874475201,0.000000000,0.196035513,0.069542535,2.229106144,0.220322954,60.392187881,0,55,52,3,0.046179681,14,0,0,0,0,1121,15,6521,24728,9708,27,493977
470,1706585294.583063602,1706585294.682904005,1,0,0,1,21.197781430,-4.472256698,-0.239458962,0.001386429,0.006762675,-0.089782036,0.995937513,1181,644,0.545300593,0.036816303,0.021163461,0.014668929,0.178455276,60.686995141,0.000000000,0.191131675,0.068375243,2.237641396,0.207287477,60.392481245,0,54,50,4,0.045723963,26,0,0,0,0,1100,27,6529,24782,9734,27,495077
471,1706585294.682915688,1706585294.782748699,1,0,0,1,21.326731322,-4.496337299,-0.244563953,-0.002190851,0.013649757,-0.095378983,0.995345033,1177,598,0.508071368,0.032433633,0.020151408,0.013448514,0.185540367,57.584047917,0.000000000,0.188447611,0.064064731,2.247109314,0.207806600,60.199198819,0,67,64,3,0.056924384,19,0,0,0,0,1091,19,6536,24849,9753,27,496168
472,1706585294.782761335,1706585294.882582664,1,0,0,1,21.451805452,-4.515541144,-0.242470033,-0.007705108,0.014382227,-0.095888536,0.995258344,1180,611,0.517796610,0.032377767,0.021333210,0.013557398,0.155202215,60.759153883,0.000000000,0.184909385,0.050074982,2.241175697,0.207107557,60.373671892,0,54,47,7,0.045762712,17,0,0,0,0,1108,18,6547,24903,9770,27,497276
473,1706585294.882594347,1706585294.981868744,1,0,0,1,21.576041173,-4.541063312,-0.251417801,-0.007727552,0.016303732,-0.094752426,0.995337355,1168,618,0.529109589,0.036064086,0.023031180,0.013498016,0.162823039,60.373545527,0.000000000,0.183266970,0.048723453,2.242732125,0.196768412,60.279965435,0,59,56,3,0.050513699,18,0,0,0,0,1091,18,6558,24962,9788,27,498367
474,1706585294.982430696,1706585295.080389261,1,0,0,1,21.703243689,-4.572272215,-0.258800136,-0.004260976,0.020584941,-0.091708906,0.995563951,1139,612,0.537313433,0.038725856,0.027998473,0.016657764,0.148893628,64.460590066,0.000000000,0.180471266,0.050861256,2.241162000,0.176290252,60.596257547,0,83,77,6,0.072870939,18,0,0,0,0,1038,18,6572,25045,9806,27,499405
475,1706585295.083071232,1706585295.182899475,1,0,0,1,21.829402121,-4.598589571,-0.264508674,-0.000807460,0.014903041,-0.086032308,0.996180551,1079,547,0.506950880,0.042782904,0.029006948,0.019344331,0.182400838,52.329124725,0.000000000,0.177153601,0.071627047,2.242030281,0.162281848,60.350226546,0,90,88,2,0.083410565,19,0,0,0,0,970,19,6596,25135,9825,27,500375
476,1706585295.182912588,1706585295.282728434,1,0,0,1,21.944411783,-4.623754119,-0.269184899,0.003431072,0.007151021,-0.080022201,0.996761525,1116,570,0.510752688,0.041308986,0.029027448,0.017528146,0.155091970,60.934808883,0.000000000,0.171293194,0.081123559,2.240202179,0.151227500,60.271018447,0,69,67,2,0.061827957,16,0,0,0,0,1031,16,6611,25204,9841,27,501406
477,1706585295.282739878,1706585295.382550001,1,0,0,1,22.067054258,-4.643647031,-0.277678036,0.003688588,0.015443991,-0.073271859,0.997185596,1052,521,0.495247148,0.036689155,0.025807621,0.014867965,0.185261934,55.869696237,0.000000000,0.169516951,0.081420800,2.245460148,0.144167892,59.645754622,0,76,74,2,0.072243346,15,0,0,0,0,961,15,6619,25280,9856,27,502367
478,1706585295.382574558,1706585295.481070995,1,0,0,1,22.186467651,-4.659366092,-0.283131428,0.005121870,0.017374052,-0.066574210,0.997617052,1016,530,0.521653543,0.035090457,0.024940872,0.014241053,0.169129400,60.459917483,0.000000000,0.168849710,0.081466689,2.255149532,0.144660594,59.681086331,0,46,45,1,0.045275591,19,0,0,0,0,950,20,6624,25326,9875,27,503317
479,1706585295.482420921,1706585295.579656839,1,0,0,1,22.290478545,-4.665732716,-0.281969907,-0.003399379,0.006638679,-0.061418571,0.998084231,972,510,0.524691358,0.033482562,0.022080441,0.015653591,0.152385797,52.065769272,0.000000000,0.167808614,0.081778566,2.253839766,0.143064755,59.177996573,0,47,46,1,0.048353909,20,0,0,0,0,905,20,6633,25373,9895,27,504222
480,1706585295.583050966,1706585295.682876110,1,0,0,1,22.406904096,-4.670806634,-0.282444106,-0.009208463,0.014600921,-0.055968200,0.998283315,986,496,0.503042596,0.039287185,0.027096897,0.017603380,0.176261959,53.898262828,0.000000000,0.166432436,0.085032310,2.266563557,0.143296783,59.078193639,0,55,53,2,0.055780933,16,0,0,0,0,915,16,6647,25428,9911,27,505137
481,1706585295.682887793,1706585295.782709360,1,0,0,1,22.517026532,-4.678649566,-0.283177281,-0.013183125,0.019182721,-0.056053090,0.998156440,969,509,0.525283798,0.036642169,0.024757204,0.016127790,0.156384853,53.560461096,0.000000000,0.166026640,0.084151421,2.278429167,0.135715654,58.969507852,0,51,49,2,0.052631579,13,0,0,0,0,905,13,6654,25479,9924,27,506042
482,1706585295.782720804,1706585295.882556677,1,0,0,1,22.619827650,-4.699236508,-0.285940516,-0.011146633,0.013682514,-0.059073796,0.998097604,961,477,0.496357960,0.034611225,0.022579531,0.014933649,0.170661346,47.668080044,0.000000000,0.167135713,0.081407290,2.276843460,0.133076284,58.442466714,0,55,53,2,0.057232050,11,0,0,0,0,895,11,6664,25534,9935,27,506937
483,1706585295.882569313,1706585295.982401848,1,0,0,1,22.720585713,-4.716941097,-0.284803350,-0.016539022,0.006824946,-0.066491928,0.997626535,958,508,0.530271399,0.033322664,0.022011581,0.013753426,0.160634761,52.172562303,0.000000000,0.167765249,0.082758782,2.270603569,0.147078884,57.816574213,0,49,46,3,0.051148225,12,0,0,0,0,897,12,6681,25583,9947,27,507834
484,1706585295.982414246,1706585296.082226992,1,0,0,1,22.834904674,-4.728778660,-0.286287913,-0.025552625,0.013840844,-0.072334202,0.996956999,1052,523,0.497148289,0.036014409,0.026597435,0.015681725,0.181911810,49.690986196,0.000000000,0.168998074,0.077614030,2.272992490,0.154339822,57.337339007,0,40,40,0,0.038022814,12,0,0,0,0,1000,12,6689,25623,9959,27,508834
485,1706585296.083038330,1706585296.182871342,1,0,0,1,22.957989897,-4.751437877,-0.293221561,-0.026320280,0.018284945,-0.079102031,0.996351229,1046,509,0.486615679,0.037086443,0.026097124,0.016079056,0.150167121,57.974761867,0.000000000,0.169977424,0.077512979,2.285332687,0.159218527,56.865094191,0,48,45,3,0.045889101,13,0,0,0,0,985,13,6699,25671,9972,27,509819
486,1706585296.182882547,1706585296.281559944,1,0,0,1,23.072870242,-4.775452989,-0.288467930,-0.027187101,0.008657471,-0.085074194,0.995966009,1086,525,0.483425414,0.035953470,0.021387923,0.014399788,0.190449776,53.224314743,0.000000000,0.170733892,0.074104525,2.276118869,0.169534820,56.659271707,0,58,57,1,0.053406998,12,0,0,0,0,1016,12,6710,25729,9984,27,510835
487,1706585296.282721281,1706585296.380159378,1,0,0,1,23.187444894,-4.810085858,-0.288089857,-0.022287128,0.008054526,-0.091360547,0.995535865,1130,532,0.470796460,0.039976041,0.026732328,0.017296955,0.197820386,54.621486798,0.000000000,0.171134093,0.076910765,2.278562606,0.169708988,56.481661822,0,60,60,0,0.053097345,17,0,0,0,0,1053,17,6727,25789,10001,27,511888
488,1706585296.382567167,1706585296.482383251,1,0,0,1,23.311481582,-4.840367542,-0.289117974,-0.021387025,0.012793818,-0.098838985,0.994791319,1146,557,0.486038394,0.037513804,0.024594360,0.016160123,0.197875992,57.776874175,0.000000000,0.171488948,0.074858426,2.279694531,0.181448539,56.349295719,0,74,72,2,0.064572426,18,0,0,0,0,1054,18,6740,25863,10019,27,512942
489,1706585296.482395172,1706585296.582232475,1,0,0,1,23.425797542,-4.860875280,-0.285678651,-0.029757198,0.004394318,-0.106693636,0.993836841,1244,652,0.524115756,0.040946121,0.025054712,0.017529579,0.213361699,56.538684431,0.000000000,0.173535708,0.077972481,2.267745391,0.194263850,56.132506181,0,90,89,1,0.072347267,32,0,0,0,0,1122,32,6759,25953,10051,27,514064
490,1706585296.583042622,1706585296.682329655,1,0,0,1,23.541061652,-4.884636143,-0.285669209,-0.036392914,0.007597066,-0.118059416,0.992310342,1342,695,0.517883756,0.042670349,0.028138140,0.019330257,0.206894508,61.487414220,0.000000000,0.174957670,0.084539153,2.254154715,0.206016347,56.172527135,0,102,100,2,0.076005961,25,0,0,0,0,1215,25,6780,26055,10076,27,515279
491,1706585296.682878017,1706585296.781030178,1,0,0,1,23.662623220,-4.922970080,-0.289088070,-0.033026211,0.021957654,-0.125631611,0.991283930,1271,634,0.498819827,0.038967499,0.022519300,0.015549545,0.192471738,65.641739353,0.000000000,0.175304238,0.079202066,2.255105980,0.221138808,56.575411706,0,71,68,3,0.055861526,34,0,0,0,0,1166,34,6803,26126,10110,27,516445
492,1706585296.782702446,1706585296.882531404,1,0,0,1,23.782726603,-4.966479516,-0.299581052,-0.033055513,0.025122001,-0.135118344,0.989959217,1241,616,0.496373892,0.036228315,0.023651777,0.015959942,0.250719776,53.076739030,0.000000000,0.180080116,0.072951407,2.256132305,0.238299224,56.191290964,0,57,56,1,0.045930701,16,0,0,0,0,1168,16,6815,26183,10126,27,517613
493,1706585296.882542610,1706585296.982364416,1,0,0,1,23.902233302,-5.003927849,-0.303057196,-0.037046732,0.027332534,-0.144084585,0.988493857,1208,602,0.498344371,0.036569477,0.023122804,0.014799202,0.241517859,53.475975258,0.000000000,0.184014857,0.072568964,2.250234250,0.250625576,55.846412450,0,63,62,1,0.052152318,22,0,0,0,0,1123,22,6825,26246,10148,27,518736
494,1706585296.982777119,1706585297.082611322,1,0,0,1,24.019478696,-5.048448626,-0.304601671,-0.033771148,0.032171951,-0.152175651,0.987252271,1188,600,0.505050505,0.036332742,0.020880439,0.012677786,0.200931640,53.258074312,0.000000000,0.186616758,0.072921422,2.246656858,0.255689052,55.286286663,0,69,67,2,0.058080808,21,0,0,0,0,1097,22,6839,26315,10169,27,519833
495,1706585297.082622528,1706585297.182443142,1,0,0,1,24.120426901,-5.101750214,-0.312331504,-0.027918704,0.020139946,-0.159804578,0.986548238,1166,571,0.489708405,0.036935858,0.022888962,0.016010398,0.225678514,50.452633441,0.000000000,0.188780642,0.066168485,2.243250935,0.257718844,55.192462098,0,68,62,6,0.058319039,17,0,0,0,0,1081,17,6859,26383,10186,27,520914
496,1706585297.182455301,1706585297.282272100,1,0,0,1,24.228796184,-5.154009571,-0.318851473,-0.023388675,0.018275612,-0.161537327,0.986420125,1218,580,0.476190476,0.042586629,0.028348117,0.018725666,0.221583310,50.454001413,0.000000000,0.192105209,0.069194336,2.239204036,0.247410566,54.668421725,0,87,85,2,0.071428571,22,0,0,0,0,1109,22,6885,26470,10208,27,522023
497,1706585297.283083439,1706585297.382906914,1,0,0,1,24.350728643,-5.188021329,-0.319147067,-0.026727425,0.018688971,-0.155768078,0.987255120,1244,601,0.483118971,0.033165285,0.022538390,0.013973008,0.198098961,57.473457451,0.000000000,0.192747060,0.073672694,2.245224661,0.245492896,54.748609786,0,76,69,7,0.061093248,15,0,0,0,0,1153,15,6908,26546,10223,27,523176
498,1706585297.382919073,1706585297.482470751,1,0,0,1,24.474679260,-5.209229534,-0.320562792,-0.037176423,0.023397132,-0.147659089,0.988062387,1239,663,0.535108959,0.038899279,0.024940860,0.016278914,0.223166589,53.096018499,0.000000000,0.195448920,0.072793758,2.266772503,0.251035852,54.380414836,0,80,75,5,0.064568200,28,0,0,0,0,1131,28,6928,26626,10251,27,524307
499,1706585297.482758522,1706585297.581070185,1,0,0,1,24.584337402,-5.233664277,-0.313214975,-0.044421520,0.022893434,-0.144550735,0.988234640,1199,597,0.497914929,0.034579169,0.020765607,0.014422564,0.207161424,55.070393065,0.000000000,0.198187701,0.070855478,2.262823023,0.246455611,54.530646026,0,55,54,1,0.045871560,19,0,0,0,0,1125,19,6944,26681,10270,27,525432
500,1706585297.582603931,1706585297.679642916,1,0,0,1,24.686222017,-5.272815640,-0.312136300,-0.038833714,0.024705361,-0.142062139,0.988787104,1223,615,0.502861815,0.034513666,0.022169541,0.014369267,0.221138044,51.843853490,0.000000000,0.200431505,0.072259808,2.261572630,0.251063804,54.427925559,0,81,78,3,0.066230581,19,0,0,0,0,1123,19,6966,26762,10289,27,526555
501,1706585297.682449579,1706585297.782281637,1,0,0,1,24.779861894,-5.322841140,-0.315618657,-0.028073283,0.020502009,-0.141570886,0.989317564,1240,619,0.499193548,0.036802839,0.021574046,0.015409064,0.215369735,58.682230068,0.000000000,0.203380749,0.072207413,2.262915954,0.246949969,54.684014008,0,71,71,0,0.057258065,21,0,0,0,0,1148,21,6977,26833,10310,27,527703
502,1706585297.783092260,1706585297.882895947,1,0,0,1,24.879606643,-5.361363966,-0.313169731,-0.027061272,0.022991383,-0.144543725,0.988861060,1211,590,0.487200661,0.033560995,0.020865571,0.014133246,0.262988328,46.869445736,0.000000000,0.207997098,0.073909594,2.267561282,0.238349558,54.644082292,0,57,55,2,0.047068538,11,0,0,0,0,1143,11,6988,26890,10321,27,528846
503,1706585297.882908821,1706585297.982323885,1,0,0,1,24.975317432,-5.386312098,-0.313704169,-0.036985931,0.014576251,-0.148502964,0.988112566,1228,620,0.504885993,0.038092148,0.024287474,0.016205166,0.241133531,53.599209243,0.000000000,0.212022037,0.069757568,2.251531799,0.233771334,54.715414639,0,61,60,1,0.049674267,25,0,0,0,0,1142,25,7000,26951,10346,27,529988
504,1706585297.982747078,1706585298.080982685,1,0,0,1,25.075519153,-5.411260652,-0.312314649,-0.044857316,0.019460433,-0.150836730,0.987348669,1274,619,0.485871272,0.039697042,0.026413947,0.017791507,0.234988316,54.700019685,0.000000000,0.214675862,0.070152568,2.229456582,0.225251940,54.965866314,0,77,75,2,0.060439560,15,0,0,0,0,1182,15,7022,27028,10361,27,531170
505,1706585298.082580090,1706585298.182399988,1,0,0,1,25.177349844,-5.457796271,-0.316424177,-0.039029627,0.022342334,-0.154358072,0.986990929,1241,623,0.502014504,0.034957621,0.022242190,0.015879402,0.199036584,54.904083528,0.000000000,0.217119335,0.071929581,2.224032182,0.221069222,54.812332397,0,59,56,3,0.047542305,17,0,0,0,0,1165,17,7038,27087,10378,27,532335
506,1706585298.182425737,1706585298.282261133,1,0,0,1,25.280635276,-5.512630660,-0.325726133,-0.028336281,0.026665869,-0.159142829,0.986488493,1189,587,0.493692178,0.039504087,0.023567167,0.016039523,0.209013433,54.240175239,0.000000000,0.218047518,0.071926771,2.221645244,0.218217572,54.863125422,0,46,45,1,0.038687973,15,0,0,0,0,1128,15,7043,27133,10393,27,533463
507,1706585298.283073664,1706585298.382918358,1,0,0,1,25.399589074,-5.561573687,-0.332353410,-0.027962456,0.034054657,-0.163709631,0.985523992,1104,520,0.471014493,0.033967153,0.020852241,0.013639374,0.199179209,57.489253283,0.000000000,0.218115459,0.073987137,2.222761142,0.212831935,55.006513746,0,39,36,3,0.035326087,17,0,0,0,0,1047,18,7050,27172,10410,27,534510
508,1706585298.382930279,1706585298.482757568,1,0,0,1,25.514602846,-5.606320730,-0.336830217,-0.028581071,0.031930483,-0.167814122,0.984886789,1082,521,0.481515712,0.036637181,0.025136114,0.015505526,0.192625830,51.454896808,0.000000000,0.217852951,0.074170746,2.230062284,0.205589474,54.690414878,0,45,44,1,0.041589649,12,0,0,0,0,1025,12,7055,27217,10422,27,535535
509,1706585298.482769251,1706585298.582615137,1,0,0,1,25.625983516,-5.658241516,-0.340508686,-0.027601255,0.029252618,-0.173258140,0.984054913,1074,504,0.469273743,0.036269207,0.022561115,0.015219091,0.201252794,48.865446286,0.000000000,0.217247506,0.071266618,2.235317471,0.193258376,54.306752970,0,43,42,1,0.040037244,13,0,0,0,0,1018,13,7064,27260,10435,27,536553
510,1706585298.582627058,1706585298.682459831,1,0,0,1,25.729941583,-5.709382917,-0.347884893,-0.022089463,0.019973409,-0.172788228,0.984508683,1141,550,0.482033304,0.034039420,0.023464431,0.015814026,0.203381717,56.855568066,0.000000000,0.217071867,0.064948866,2.223900111,0.178787446,54.075160663,0,61,58,3,0.053461876,18,0,0,0,0,1062,18,7080,27321,10453,27,537615
511,1706585298.682471275,1706585298.782085180,1,0,0,1,25.843285351,-5.751942049,-0.351139345,-0.020121892,0.011728571,-0.166349960,0.985791682,1135,536,0.472246696,0.034734012,0.022402067,0.015534622,0.235549371,51.940835969,0.000000000,0.219225748,0.064486593,2.216842695,0.172961914,53.390115493,0,50,48,2,0.044052863,12,0,0,0,0,1073,12,7087,27371,10465,27,538688
512,1706585298.782721519,1706585298.880762815,1,0,0,1,25.954698169,-5.788071025,-0.355093223,-0.018392595,0.004261877,-0.152832137,0.988071802,1252,605,0.483226837,0.033878950,0.020956517,0.015359011,0.202349983,60.718507904,0.000000000,0.216807259,0.066452128,2.208748862,0.182220656,53.772203937,0,76,76,0,0.060702875,19,0,0,0,0,1157,19,7104,27447,10484,27,539845
513,1706585298.882572889,1706585298.979394197,1,0,0,1,26.066657153,-5.816401510,-0.356150269,-0.021146649,0.006277592,-0.143095200,0.989463074,1303,632,0.485034536,0.035110002,0.022590768,0.014839151,0.281111078,56.242157174,0.000000000,0.218786920,0.066927724,2.198818340,0.185141424,53.910513033,0,63,62,1,0.048349962,19,0,0,0,0,1221,19,7119,27510,10503,27,541066
514,1706585298.982403278,1706585299.082238913,1,0,0,1,26.183344728,-5.843528182,-0.357748735,-0.022815163,0.010300586,-0.134514705,0.990595356,1324,646,0.487915408,0.036206791,0.023284963,0.014854185,0.309541853,54.571640647,0.000000000,0.224217430,0.066935076,2.204210760,0.188042338,53.976191350,0,72,71,1,0.054380665,13,0,0,0,0,1239,13,7138,27582,10516,27,542305
515,1706585299.083049059,1706585299.182886839,1,0,0,1,26.285388160,-5.875774122,-0.362343795,-0.018751772,0.009185716,-0.129740404,0.991328110,1329,609,0.458239278,0.036222271,0.022695358,0.014360323,0.290563746,57.156441551,0.000000000,0.227461692,0.066842162,2.190838090,0.194525326,54.311381755,0,62,60,2,0.046651618,28,0,0,0,0,1239,28,7155,27644,10544,27,543544
516,1706585299.182898283,1706585299.281981230,1,0,0,1,26.385317560,-5.902250828,-0.361373080,-0.020741643,0.012442866,-0.128091167,0.991467404,1320,627,0.475000000,0.033606776,0.022243010,0.014232297,0.286275634,60.986315783,0.000000000,0.230696308,0.055388733,2.167632550,0.186100720,54.837997474,0,74,71,3,0.056060606,13,0,0,0,0,1233,13,7173,27718,10557,27,544777
517,1706585299.282729864,1706585299.380388021,1,0,0,1,26.486139868,-5.916885898,-0.360495746,-0.029534715,0.013389909,-0.128171397,0.991221723,1281,598,0.466822795,0.037189003,0.024271305,0.016072652,0.262527425,58.677947926,0.000000000,0.233917731,0.053219680,2.143755410,0.170777117,54.898221997,0,58,57,1,0.045277127,23,0,0,0,0,1200,23,7187,27776,10580,27,545977
518,1706585299.382570744,1706585299.482414007,1,0,0,1,26.595964039,-5.928829849,-0.358774939,-0.041334451,0.016126948,-0.128066609,0.990772592,1262,572,0.453248811,0.037896587,0.024950823,0.016816389,0.314992330,52.438667798,0.000000000,0.238509018,0.051434389,2.141653012,0.164923750,54.865354462,0,55,54,1,0.043581616,15,0,0,0,0,1192,15,7193,27831,10595,27,547169
519,1706585299.482426405,1706585299.582262993,1,0,0,1,26.706827402,-5.951883771,-0.362338535,-0.042401621,0.014420610,-0.123731338,0.991304547,1329,634,0.477050414,0.036347736,0.023115207,0.015059061,0.276640981,56.705159984,0.000000000,0.241982996,0.050699255,2.145790675,0.168759548,54.947092808,0,65,61,4,0.048908954,25,0,0,0,0,1239,25,7205,27896,10620,27,548408
520,1706585299.583073378,1706585299.682907343,1,0,0,1,26.823664239,-5.985004748,-0.366392038,-0.038926973,0.015273801,-0.121063876,0.991763550,1300,607,0.466923077,0.034047318,0.022393104,0.014671178,0.252937000,57.556381184,0.000000000,0.243572944,0.051322830,2.161077058,0.172409192,55.232719193,0,61,60,1,0.046923077,21,0,0,0,0,1218,21,7219,27957,10641,27,549626
521,1706585299.682918072,1706585299.782749414,1,0,0,1,26.943473407,-6.022798420,-0.367974210,-0.033685398,0.015343390,-0.117212148,0.992416841,1239,573,0.462469734,0.034423337,0.022901886,0.015188574,0.256010779,57.622354469,0.000000000,0.245604996,0.051969719,2.179762476,0.174118282,55.179725413,0,56,53,3,0.045197740,22,0,0,0,0,1161,22,7233,28013,10663,27,550787
522,1706585299.782761812,1706585299.882589102,1,0,0,1,27.058557260,-6.052040130,-0.366048829,-0.032620862,0.008761608,-0.114028335,0.992903144,1238,561,0.453150242,0.035029275,0.022225398,0.015831102,0.291051773,55.666013357,0.000000000,0.247008168,0.050118969,2.199608543,0.173408346,55.619553794,0,47,44,3,0.037964459,22,0,0,0,0,1169,22,7240,28060,10685,27,551956
523,1706585299.882600784,1706585299.982424974,1,0,0,1,27.182380563,-6.078325034,-0.366555248,-0.033868817,0.011825665,-0.112292512,0.993027416,1293,615,0.475638051,0.035093955,0.023927059,0.015661008,0.259700396,57.841529392,0.000000000,0.247936512,0.048488118,2.222921709,0.171328480,55.831669802,0,72,70,2,0.055684455,23,0,0,0,0,1198,23,7259,28132,10708,27,553154
524,1706585299.982437134,1706585300.081732273,1,0,0,1,27.303705064,-6.104568592,-0.370209524,-0.033793189,0.014041901,-0.108193980,0.993456042,1243,590,0.474658085,0.032683388,0.021482645,0.013767205,0.232407507,56.428787229,0.000000000,0.247807471,0.045268884,2.235070449,0.172160913,55.918108179,0,66,64,2,0.053097345,16,0,0,0,0,1161,16,7273,28198,10724,27,554315
525,1706585300.083094358,1706585300.180335045,1,0,0,1,27.427388545,-6.131886359,-0.375746064,-0.032881555,0.017719829,-0.105544900,0.993712778,1193,538,0.450963956,0.035288957,0.020656071,0.014724629,0.274513291,50.131269417,0.000000000,0.251581306,0.045166683,2.244547553,0.167556840,55.679467473,0,60,59,1,0.050293378,18,0,0,0,0,1115,18,7280,28258,10742,27,555430
526,1706585300.182944536,1706585300.278969526,1,0,0,1,27.549451566,-6.159538128,-0.374163188,-0.031891706,0.023394410,-0.104521012,0.993735870,1139,518,0.454784899,0.032153217,0.019512925,0.013235694,0.212100684,49.569722763,0.000000000,0.251735669,0.041492960,2.240913833,0.159361372,55.445944849,0,50,50,0,0.043898156,18,0,0,0,0,1069,20,7290,28308,10760,27,556499
527,1706585300.282778740,1706585300.382608652,1,0,0,1,27.671167100,-6.191156360,-0.375549990,-0.029264682,0.025980734,-0.105396023,0.993660031,1113,518,0.465408805,0.033981639,0.021606098,0.015175757,0.214494324,47.530483865,0.000000000,0.252501425,0.041476928,2.243183789,0.153027602,54.948006379,0,57,55,2,0.051212938,18,0,0,0,0,1038,18,7297,28365,10778,27,557537
528,1706585300.382620335,1706585300.482425213,1,0,0,1,27.780089687,-6.220693261,-0.375127359,-0.026497180,0.022250447,-0.104729796,0.993898630,1142,503,0.440455342,0.036184341,0.023555357,0.016422206,0.220795137,51.302556575,0.000000000,0.253909890,0.040885186,2.233098059,0.143961639,54.940389367,0,53,51,2,0.046409807,15,0,0,0,0,1074,15,7306,28418,10793,27,558611
529,1706585300.482449055,1706585300.581372499,1,0,0,1,27.881995627,-6.251728565,-0.377948517,-0.022722156,0.014275030,-0.107982454,0.993790580,1161,538,0.463393626,0.032874007,0.020905980,0.013598780,0.205589234,54.722688838,0.000000000,0.254126712,0.042300746,2.223571404,0.148076571,55.233251495,0,57,56,1,0.049095607,15,0,0,0,0,1089,15,7318,28475,10808,27,559700
530,1706585300.583093166,1706585300.682908773,1,0,0,1,27.991826032,-6.278778151,-0.384699739,-0.021925643,0.009962810,-0.105667971,0.994109797,1184,516,0.435810811,0.034664900,0.021449378,0.014428867,0.189767957,56.644622360,0.000000000,0.253446024,0.041949633,2.215770697,0.139396933,55.222704209,0,53,53,0,0.044763514,18,0,0,0,0,1113,18,7327,28528,10826,27,560813
531,1706585300.682933569,1706585300.782774210,1,0,0,1,28.100837618,-6.307423027,-0.388908789,-0.019214830,0.012310272,-0.107047599,0.993991981,1211,575,0.474814203,0.032823441,0.020711109,0.013517733,0.258831479,52.279432145,0.000000000,0.254610129,0.043999154,2.211370432,0.114506609,55.239634018,0,53,52,1,0.043765483,12,0,0,0,0,1146,12,7340,28581,10838,27,561959
532,1706585300.782786131,1706585300.882608175,1,0,0,1,28.203141649,-6.332628607,-0.388814442,-0.019330135,0.005993151,-0.108825333,0.993854856,1265,581,0.459288538,0.038440327,0.024715359,0.014433667,0.254186105,57.234808613,0.000000000,0.257201935,0.048782321,2.201241196,0.098219794,55.065449053,0,69,69,0,0.054545455,16,0,0,0,0,1180,16,7352,28650,10854,27,563139
533,1706585300.882619619,1706585300.982437372,1,0,0,1,28.308655105,-6.357782536,-0.386070860,-0.020894775,0.007456861,-0.111589261,0.993506739,1277,603,0.472200470,0.032697036,0.019806422,0.013173771,0.227556673,60.516864848,0.000000000,0.254524215,0.051031406,2.189936348,0.086747548,55.279184437,0,59,58,1,0.046202036,13,0,0,0,0,1205,13,7358,28709,10867,27,564344
534,1706585300.982449532,1706585301.082292318,1,0,0,1,28.418070879,-6.390976600,-0.388184851,-0.016885775,0.005135699,-0.111362749,0.993623084,1243,564,0.453740949,0.034683945,0.022455424,0.015563998,0.258339863,56.961352648,0.000000000,0.251964116,0.050412263,2.197180266,0.077591794,55.398670037,0,50,49,1,0.040225261,14,0,0,0,0,1179,14,7369,28759,10881,27,565523
535,1706585301.082703829,1706585301.182536840,1,0,0,1,28.533675230,-6.422467207,-0.391794787,-0.017061501,0.005932158,-0.115037385,0.993196916,1302,592,0.454685100,0.032923908,0.021516837,0.015118326,0.251246180,55.282592768,0.000000000,0.249998237,0.051086955,2.213669237,0.081875678,55.304977598,0,59,56,3,0.045314900,11,0,0,0,0,1232,11,7379,28818,10892,27,566755
536,1706585301.182547808,1706585301.282371759,1,0,0,1,28.652844988,-6.453743516,-0.392963495,-0.018266165,0.005510733,-0.115312522,0.993146012,1332,623,0.467717718,0.031977076,0.021872995,0.014927866,0.235202877,62.563273225,0.000000000,0.247444600,0.053574640,2.234997716,0.082040366,55.383825470,0,76,73,3,0.057057057,19,0,0,0,0,1237,19,7400,28894,10911,27,567992
537,1706585301.282382727,1706585301.381396770,1,0,0,1,28.775505916,-6.487295339,-0.393557665,-0.020038999,0.010081492,-0.118760527,0.992669502,1285,605,0.470817121,0.038057816,0.020858529,0.014225729,0.278187479,58.423434819,0.000000000,0.248227602,0.055523645,2.251680887,0.088957699,55.371099815,0,93,91,2,0.072373541,19,0,0,0,0,1173,19,7416,28987,10930,27,569165
538,1706585301.383032322,1706585301.480045557,1,0,0,1,28.896741173,-6.526257860,-0.399419480,-0.016803605,0.013505817,-0.121758216,0.992325636,1274,598,0.469387755,0.034632855,0.020215311,0.013111982,0.222245919,58.500509258,0.000000000,0.243590282,0.051338729,2.265866972,0.086217408,55.674191888,0,81,78,3,0.063579278,20,0,0,0,0,1165,28,7430,29068,10950,27,570330
539,1706585301.482848883,1706585301.578731775,1,0,0,1,29.019618154,-6.560175272,-0.400927534,-0.019353379,0.012290562,-0.125335227,0.991849520,1240,565,0.455645161,0.034721349,0.020911317,0.014053580,0.247783514,58.112499132,0.000000000,0.242147408,0.049932822,2.271839681,0.088063942,55.744558845,0,68,65,3,0.054838710,16,0,0,0,0,1154,18,7442,29136,10966,27,571484
540,1706585301.582686901,1706585301.682504177,1,0,0,1,29.146413855,-6.600704647,-0.402572851,-0.017764734,0.009758410,-0.126753505,0.991727148,1325,631,0.476226415,0.035330578,0.021535004,0.015484410,0.253913539,59.191623566,0.000000000,0.242196235,0.050151257,2.279326739,0.082923876,55.826320964,0,83,81,2,0.062641509,25,0,0,0,0,1217,25,7457,29219,10991,27,572701
541,1706585301.682528257,1706585301.782353401,1,0,0,1,29.270300950,-6.642188532,-0.405540905,-0.012385091,0.008808498,-0.125090530,0.992028921,1287,607,0.471639472,0.033123922,0.021209639,0.014502844,0.256112295,57.815375722,0.000000000,0.242201311,0.050927988,2.291252164,0.079483044,55.835972027,0,64,61,3,0.049728050,21,0,0,0,0,1202,21,7465,29283,11012,27,573903
542,1706585301.782763720,1706585301.881285667,1,0,0,1,29.389014751,-6.676859275,-0.408593175,-0.011793958,0.006289707,-0.123492062,0.992255538,1322,622,0.470499244,0.035212987,0.023194478,0.014899397,0.239665055,63.411216180,0.000000000,0.239631975,0.051028477,2.288379465,0.079528431,56.223232168,0,64,60,4,0.048411498,23,0,0,0,0,1235,23,7486,29347,11035,27,575138
543,1706585301.882609844,1706585301.980083227,1,0,0,1,29.512369929,-6.704824307,-0.407915068,-0.014526284,0.008557775,-0.124102322,0.992126184,1319,647,0.490523124,0.035923625,0.022394571,0.015552989,0.274015124,61.420778161,0.000000000,0.240347712,0.051724366,2.290682441,0.072779921,56.402194606,0,77,76,1,0.058377559,20,0,0,0,0,1222,20,7495,29424,11055,27,576360
544,1706585301.982455730,1706585302.082277536,1,0,0,1,29.634611722,-6.736192728,-0.409223859,-0.015718829,0.008922804,-0.123050834,0.992235755,1265,607,0.479841897,0.030441570,0.020971776,0.015021982,0.234587514,62.108394206,0.000000000,0.240456712,0.056800841,2.290106261,0.069798744,56.686174955,0,56,54,2,0.044268775,11,0,0,0,0,1198,11,7509,29480,11066,27,577558
545,1706585302.083088875,1706585302.182924509,1,0,0,1,29.748068344,-6.773131685,-0.411842283,-0.012978373,0.005985891,-0.121887893,0.992440967,1339,646,0.482449589,0.036584424,0.021295651,0.015175399,0.249796689,62.846500242,0.000000000,0.239220882,0.058218140,2.284287516,0.070611668,57.321936497,0,80,78,2,0.059746079,20,0,0,0,0,1239,20,7527,29560,11086,27,578797
546,1706585302.182935476,1706585302.282754421,1,0,0,1,29.859591021,-6.798221469,-0.406097834,-0.015305447,0.001866829,-0.118469903,0.992837922,1308,645,0.493119266,0.036142304,0.023517727,0.014502573,0.252768070,62.702347973,0.000000000,0.241254251,0.056941573,2.272978989,0.075766693,57.978567757,0,70,68,2,0.053516820,20,0,0,0,0,1218,20,7546,29630,11106,27,580015
547,1706585302.282767296,1706585302.382591486,1,0,0,1,29.968062340,-6.813103251,-0.402451173,-0.022722091,-0.004249982,-0.114113694,0.993198726,1390,689,0.495683453,0.035157636,0.022824143,0.014554580,0.244337652,63.353414216,0.000000000,0.242746418,0.056818260,2.269669965,0.083092484,58.769714275,0,79,77,2,0.056834532,18,0,0,0,0,1293,18,7562,29709,11124,27,581308
548,1706585302.382602453,1706585302.482407808,1,0,0,1,30.082478035,-6.843603319,-0.406273064,-0.019959636,-0.002346770,-0.110704768,0.993650119,1344,679,0.505208333,0.033900924,0.021414004,0.015493342,0.256410241,60.227934934,0.000000000,0.244527173,0.056210838,2.281578406,0.083896785,59.215983193,0,68,68,0,0.050595238,23,0,0,0,0,1253,23,7577,29777,11147,27,582561
549,1706585302.482419252,1706585302.582251072,1,0,0,1,30.191353149,-6.875522508,-0.405623301,-0.019527545,-0.004706853,-0.109993368,0.993729329,1369,672,0.490869248,0.036882570,0.021509249,0.014630020,0.248351183,62.312024987,0.000000000,0.246665270,0.056661592,2.281724236,0.080516907,59.595450000,0,80,79,1,0.058436815,11,0,0,0,0,1278,11,7588,29857,11158,27,583839
550,1706585302.583061934,1706585302.681118965,1,0,0,1,30.316106178,-6.899539252,-0.406821212,-0.023355701,0.007707458,-0.112267783,0.993373571,1309,654,0.499618029,0.035593240,0.020383065,0.014790822,0.252404429,55.388178592,0.000000000,0.249797094,0.056849850,2.295982836,0.082779791,59.532627812,0,54,51,3,0.041252865,15,0,0,0,0,1238,17,7598,29911,11173,27,585077
551,1706585302.682929754,1706585302.779715300,1,0,0,1,30.440083747,-6.913256809,-0.403777943,-0.034867016,0.017389581,-0.115563275,0.992535653,1249,597,0.477982386,0.037007026,0.023624060,0.016164819,0.228197191,57.298897755,0.000000000,0.248265380,0.056655105,2.315390714,0.086948378,59.783601092,0,67,61,6,0.053642914,9,0,0,0,0,1168,14,7616,29978,11182,27,586245
552,1706585302.782773972,1706585302.882601500,1,0,0,1,30.574769263,-6.930885298,-0.402115831,-0.044408903,0.023597290,-0.116194016,0.991952604,1199,549,0.457881568,0.038043786,0.023315545,0.016337066,0.215392651,53.238529921,0.000000000,0.246325707,0.055740187,2.342730156,0.083442085,59.583787158,0,65,63,2,0.054211843,13,0,0,0,0,1121,13,7629,30043,11195,27,587366
553,1706585302.882613659,1706585302.982457876,1,0,0,1,30.703423907,-6.968231067,-0.402723337,-0.041762560,0.022958928,-0.115625526,0.992148937,1186,555,0.467959528,0.038426340,0.022688400,0.015225210,0.252762445,52.200913941,0.000000000,0.247585995,0.057200612,2.362337279,0.084160397,59.167989612,0,44,44,0,0.037099494,15,0,0,0,0,1127,15,7635,30087,11210,27,588493
554,1706585302.982469082,1706585303.082098007,1,0,0,1,30.828869892,-7.013190126,-0.412095865,-0.035504044,0.022809408,-0.119800252,0.991900748,1160,563,0.485344828,0.033771840,0.021056275,0.013963642,0.237597914,57.276169481,0.000000000,0.246548898,0.057906247,2.376054667,0.084902591,59.183730454,0,42,41,1,0.036206897,18,0,0,0,0,1100,18,7642,30129,11228,27,589593
555,1706585303.083096027,1706585303.180992126,1,0,0,1,30.955717746,-7.054334771,-0.415144777,-0.035362247,0.022749218,-0.123840666,0.991410850,1172,545,0.465017065,0.035459753,0.022123442,0.015908147,0.265472568,54.295227195,0.000000000,0.247260217,0.055791950,2.386232186,0.092485816,59.134362175,0,61,58,3,0.052047782,18,0,0,0,0,1093,18,7657,30190,11246,27,590686
556,1706585303.182937622,1706585303.282765627,1,0,0,1,31.084755688,-7.096596726,-0.422492797,-0.033934311,0.022535651,-0.126853915,0.991084603,1168,555,0.475171233,0.038265613,0.024357328,0.016413051,0.261316774,55.005401630,0.000000000,0.248565912,0.053684419,2.395044958,0.091333430,58.756468596,0,66,64,2,0.056506849,20,0,0,0,0,1082,20,7673,30256,11266,27,591768
557,1706585303.282778025,1706585303.382608652,1,0,0,1,31.211257419,-7.136779020,-0.426616837,-0.033447722,0.022081644,-0.129314453,0.990793330,1203,554,0.460515378,0.039301831,0.022682381,0.015305939,0.273918747,51.375724064,0.000000000,0.248352476,0.056269950,2.400362046,0.090109729,58.404083058,0,48,48,0,0.039900249,20,0,0,0,0,1135,20,7685,30304,11286,27,592903
558,1706585303.382620573,1706585303.482431412,1,0,0,1,31.330022292,-7.176666824,-0.432616565,-0.031648596,0.019529917,-0.129528980,0.990877991,1182,550,0.465313029,0.035222337,0.022359617,0.015435581,0.224070261,53.755713673,0.000000000,0.248443693,0.055900852,2.398308781,0.083075242,58.166843279,0,52,49,3,0.043993232,18,0,0,0,0,1112,18,7701,30356,11304,27,594015
559,1706585303.482444525,1706585303.582259655,1,0,0,1,31.448182731,-7.215066394,-0.440690207,-0.029239164,0.016396393,-0.131326924,0.990772158,1250,588,0.470400000,0.039110095,0.024872087,0.017638006,0.272582509,58.248466321,0.000000000,0.249683642,0.058769238,2.389688371,0.083687456,58.173641638,0,70,68,2,0.056000000,14,0,0,0,0,1166,14,7718,30426,11318,27,595181
560,1706585303.583069563,1706585303.682904959,1,0,0,1,31.563793719,-7.258285449,-0.445975653,-0.026240780,0.014009836,-0.131960190,0.990808586,1238,582,0.470113086,0.039961911,0.026322300,0.018830974,0.269216964,59.387650196,0.000000000,0.250448814,0.063013964,2.382544912,0.081277986,58.183442969,0,61,58,3,0.049273021,19,0,0,0,0,1158,19,7728,30487,11337,27,596339
561,1706585303.682916641,1706585303.782733440,1,0,0,1,31.679402477,-7.297386457,-0.447156331,-0.026400895,0.018129598,-0.132902088,0.990611602,1276,605,0.474137931,0.039799375,0.026465206,0.018458999,0.284514380,56.669341886,0.000000000,0.251868918,0.062909627,2.380881998,0.080142141,58.126141278,0,76,71,5,0.059561129,21,0,0,0,0,1179,21,7748,30563,11358,27,597518
562,1706585303.782744169,1706585303.882048845,1,0,0,1,31.786169420,-7.325728342,-0.447628199,-0.031383339,0.015526375,-0.133505260,0.990429383,1206,516,0.427860697,0.037466354,0.023857691,0.017175427,0.258908819,52.637970959,0.000000000,0.252831106,0.062411140,2.364860507,0.079972391,57.587479017,0,67,60,7,0.055555556,20,0,0,0,0,1115,24,7764,30630,11378,27,598633
563,1706585303.882585764,1706585303.980760336,1,0,0,1,31.892375035,-7.357073570,-0.447398509,-0.032959021,0.013779907,-0.130237119,0.990839094,1275,580,0.454901961,0.036010025,0.023083019,0.015834933,0.295997865,57.719236794,0.000000000,0.253930243,0.062369792,2.349386227,0.084570629,57.402401948,0,70,64,6,0.054901961,20,0,0,0,0,1179,26,7784,30700,11398,27,599812
564,1706585303.982419252,1706585304.079495192,1,0,0,1,31.993778810,-7.391444567,-0.454091421,-0.029068531,0.008643624,-0.127430676,0.991383746,1273,604,0.474469756,0.040390976,0.025472040,0.016481359,0.307321458,59.665648101,0.000000000,0.257566940,0.052273854,2.337318530,0.088163391,57.280264643,0,77,72,5,0.060487038,21,0,0,0,0,1174,22,7800,30777,11419,27,600986
565,1706585304.083051682,1706585304.182871103,1,0,0,1,32.104641635,-7.420577593,-0.456171522,-0.029801245,0.009085914,-0.123975223,0.991796086,1283,612,0.477007015,0.039871519,0.025744654,0.017261926,0.314903894,65.340054681,0.000000000,0.260822301,0.054312563,2.337509811,0.088091183,57.404942365,0,70,67,3,0.054559626,20,0,0,0,0,1193,20,7817,30847,11439,27,602179
566,1706585304.182882309,1706585304.282715321,1,0,0,1,32.203789931,-7.440624424,-0.454857359,-0.033895202,0.006119105,-0.120756262,0.992084471,1324,625,0.472054381,0.038764813,0.023775804,0.015907476,0.317186856,64.216339975,0.000000000,0.264043240,0.054292786,2.329124852,0.085704017,57.480641965,0,84,81,3,0.063444109,28,0,0,0,0,1212,28,7833,30931,11467,27,603391
567,1706585304.282727480,1706585304.381923437,1,0,0,1,32.299249271,-7.456185094,-0.446149527,-0.039234062,0.001584689,-0.117726835,0.992269404,1326,622,0.469079940,0.038502440,0.027155656,0.017712403,0.288811847,67.367760738,0.000000000,0.266266950,0.052554476,2.307762505,0.085388180,57.681359291,0,75,71,4,0.056561086,17,0,0,0,0,1234,17,7855,31006,11484,27,604625
568,1706585304.382571936,1706585304.480695486,1,0,0,1,32.388524576,-7.473735846,-0.442107734,-0.039394794,-0.004592942,-0.112116841,0.992903202,1385,655,0.472924188,0.043984412,0.026354409,0.018696685,0.279440287,67.514283410,0.000000000,0.267418452,0.058786241,2.285376896,0.095631885,58.045676715,0,79,78,1,0.057039711,21,0,0,0,0,1285,21,7871,31085,11505,27,605910
569,1706585304.482415199,1706585304.582246780,1,0,0,1,32.489296938,-7.502372111,-0.439715517,-0.035436457,-0.005263720,-0.109852275,0.993302083,1346,604,0.448736999,0.035102818,0.024499765,0.017227618,0.276342171,63.764494386,0.000000000,0.268818001,0.061034608,2.263116911,0.095061809,58.118300185,0,72,69,3,0.053491828,14,0,0,0,0,1260,14,7881,31157,11519,27,607170
570,1706585304.583056211,1706585304.682875872,1,0,0,1,32.594032331,-7.529133847,-0.438187726,-0.033908216,-0.009203500,-0.105782225,0.993768408,1397,608,0.435218325,0.042232209,0.028858691,0.018594567,0.283691569,64.781290221,0.000000000,0.270382359,0.063222376,2.246456819,0.095991470,58.587955766,0,70,65,5,0.050107373,25,0,0,0,0,1302,25,7900,31227,11544,27,608472
571,1706585304.682888031,1706585304.782711983,1,0,0,1,32.712696125,-7.553883947,-0.434538302,-0.033489808,-0.003924657,-0.104018990,0.994003561,1278,586,0.458528951,0.037402361,0.024869756,0.017323779,0.242843307,60.528438496,0.000000000,0.271114664,0.062946919,2.231884714,0.097069429,58.749432804,0,73,72,1,0.057120501,23,0,0,0,0,1182,23,7911,31300,11567,27,609654
572,1706585304.782723665,1706585304.882557154,1,0,0,1,32.832768100,-7.572321605,-0.428335649,-0.038087368,-0.001054646,-0.103576172,0.993891451,1291,574,0.444616576,0.040735948,0.027977142,0.018341497,0.270360876,57.107949666,0.000000000,0.273863076,0.064113697,2.219555527,0.096516770,58.942903791,0,69,64,5,0.053446940,18,0,0,0,0,1204,18,7928,31369,11585,27,610858
573,1706585304.882568836,1706585304.982388973,1,0,0,1,32.963747046,-7.589727392,-0.423658680,-0.043180244,0.006282306,-0.101129356,0.993915918,1230,520,0.422764228,0.043063959,0.028139298,0.019486293,0.277864008,55.720267841,0.000000000,0.275118154,0.068727248,2.218180303,0.092683816,59.118871486,0,70,65,5,0.056910569,22,0,0,0,0,1138,22,7948,31439,11607,27,611996
574,1706585304.982400179,1706585305.082216978,1,0,0,1,33.091240722,-7.614605823,-0.419915402,-0.041244395,0.005537903,-0.097768539,0.994338747,1218,520,0.426929392,0.040102892,0.027565122,0.018644259,0.287358257,55.459993764,0.000000000,0.277606171,0.061970789,2.214743808,0.091373965,59.028062700,0,64,61,3,0.052545156,17,0,0,0,0,1137,17,7960,31503,11624,27,613133
575,1706585305.083026409,1706585305.181823730,1,0,0,1,33.222343837,-7.639139329,-0.413447009,-0.042495415,0.006751167,-0.096464798,0.994405905,1150,496,0.431304348,0.041400570,0.028142654,0.018034492,0.279940038,56.092930184,0.000000000,0.278329544,0.059096003,2.212298331,0.087877723,59.117947849,0,61,59,2,0.053043478,7,0,0,0,0,1082,7,7977,31564,11631,27,614215
576,1706585305.182858706,1706585305.280510902,1,0,0,1,33.348151478,-7.660982921,-0.410737710,-0.043247177,0.006197914,-0.093991726,0.994613906,1158,481,0.415371330,0.039290893,0.027117062,0.017732702,0.256675655,58.497551608,0.000000000,0.278097488,0.058692296,2.207222700,0.087980221,59.292555348,0,58,50,8,0.050086356,14,0,0,0,0,1081,19,7991,31622,11645,27,615296
577,1706585305.282695532,1706585305.379235744,1,0,0,1,33.471859470,-7.686549665,-0.407586748,-0.041215783,0.004512294,-0.091978868,0.994897375,1149,487,0.423846823,0.041703808,0.029274588,0.016705543,0.273988221,54.053042264,0.000000000,0.278100962,0.059887637,2.208156519,0.091997350,59.426421258,0,64,63,1,0.055700609,16,0,0,0,0,1068,17,8005,31686,11661,27,616364
578,1706585305.382541418,1706585305.482375145,1,0,0,1,33.592636188,-7.711773915,-0.402113841,-0.038953152,-0.000160697,-0.091359574,0.995055805,1166,476,0.408233276,0.041733658,0.028985680,0.017917145,0.284237361,53.005263110,0.000000000,0.281109317,0.055131102,2.207155069,0.090274786,59.388898730,0,53,52,1,0.045454545,13,0,0,0,0,1100,13,8015,31739,11674,27,617464
579,1706585305.482386589,1706585305.582220793,1,0,0,1,33.704192784,-7.739363479,-0.397221170,-0.037189990,-0.003069306,-0.092569983,0.995006675,1188,475,0.399831650,0.039210682,0.028114743,0.017138845,0.272446212,54.589141133,0.000000000,0.281102502,0.055085397,2.198638444,0.091452759,59.205932471,0,62,59,3,0.052188552,11,0,0,0,0,1112,14,8032,31801,11685,27,618576
580,1706585305.583031416,1706585305.681479454,1,0,0,1,33.812381777,-7.759709410,-0.392307009,-0.039353076,-0.002921089,-0.093839849,0.994804948,1168,489,0.418664384,0.044290838,0.029616034,0.017883538,0.262783550,57.614029578,0.000000000,0.280780832,0.059919722,2.186785752,0.091818789,59.117251440,0,45,42,3,0.038527397,13,0,0,0,0,1109,14,8045,31846,11698,27,619685
581,1706585305.682878494,1706585305.780300140,1,0,0,1,33.917766220,-7.781590673,-0.387249686,-0.036700434,-0.003690782,-0.093959236,0.994892516,1159,438,0.377911993,0.040648502,0.031646404,0.017559959,0.285435944,62.044091024,0.000000000,0.280826910,0.059922279,2.184070934,0.090877168,59.385988897,0,51,49,2,0.044003451,12,0,0,0,0,1096,12,8046,31897,11710,27,620781
582,1706585305.782722473,1706585305.882560015,1,0,0,1,34.011178291,-7.809885763,-0.377882673,-0.032224697,-0.011441849,-0.096709453,0.994725055,1214,484,0.398682043,0.045034806,0.034936811,0.019272310,0.280067681,56.178045322,0.000000000,0.281884853,0.063008755,2.171387940,0.089316527,59.562992615,0,51,47,4,0.042009885,18,0,0,0,0,1145,18,8060,31948,11728,27,621926
583,1706585305.882570744,1706585305.982386112,1,0,0,1,34.117746295,-7.835657229,-0.379923069,-0.029434145,-0.005282173,-0.097716734,0.994764882,1235,511,0.413765182,0.043368861,0.029362380,0.018222515,0.230831774,62.295805699,0.000000000,0.278626548,0.058920759,2.173767349,0.085681224,59.791821060,0,71,71,0,0.057489879,11,0,0,0,0,1153,11,8073,32019,11739,27,623079
584,1706585305.982398510,1706585306.082226753,1,0,0,1,34.230651770,-7.869140353,-0.378901625,-0.024912369,-0.002999496,-0.100453411,0.994625301,1191,493,0.413937867,0.040467903,0.029448504,0.018180916,0.279804203,61.940810287,0.000000000,0.277250686,0.058898995,2.176891850,0.084429027,59.905579169,0,58,56,2,0.048698573,9,0,0,0,0,1124,9,8087,32077,11748,27,624203
585,1706585306.083035707,1706585306.182866096,1,0,0,1,34.351864860,-7.902893117,-0.374299587,-0.023220759,0.000283089,-0.102384139,0.994473833,1191,498,0.418136020,0.044723003,0.033279848,0.021373765,0.309894977,58.291993620,0.000000000,0.277000240,0.061729503,2.201637539,0.081820084,59.553176116,0,56,53,3,0.047019312,13,0,0,0,0,1122,13,8103,32133,11761,27,625325
586,1706585306.182877779,1706585306.282703876,1,0,0,1,34.471093154,-7.942322451,-0.375345994,-0.016840652,-0.001788025,-0.100839351,0.994758574,1217,524,0.430566968,0.045652291,0.033520223,0.020635186,0.281427836,64.888095258,0.000000000,0.275212289,0.064248265,2.230110307,0.078531849,59.586763880,0,73,71,2,0.059983566,10,0,0,0,0,1134,10,8115,32206,11771,27,626459
587,1706585306.282715082,1706585306.382539034,1,0,0,1,34.613847670,-7.986487479,-0.384665714,-0.004203316,0.019236860,-0.096964547,0.995093037,1168,457,0.391267123,0.044374902,0.033388297,0.019621016,0.277615291,61.100108430,0.000000000,0.274652461,0.063422907,2.288757065,0.074213123,59.273381265,0,77,73,4,0.065924658,11,0,0,0,0,1080,11,8127,32283,11782,27,627539
588,1706585306.382551193,1706585306.481488466,1,0,0,1,34.741575266,-8.023021792,-0.388716978,0.002276901,0.014144095,-0.099655222,0.994918890,1027,384,0.373904576,0.045514825,0.037084922,0.023444074,0.250738285,51.654445486,0.000000000,0.273217361,0.065338981,2.316879275,0.074820853,58.480389369,0,67,59,8,0.065238559,7,0,0,0,0,952,8,8144,32350,11789,27,628491
589,1706585306.482398033,1706585306.580181837,1,0,0,1,34.876848223,-8.057885606,-0.390756418,0.004094795,0.018439319,-0.100533655,0.994754346,1089,422,0.387511478,0.046533656,0.036267809,0.020210595,0.279555493,50.576162456,0.000000000,0.273378027,0.057845464,2.348476426,0.068142713,57.820972772,0,64,60,4,0.058769513,9,0,0,0,0,1015,10,8161,32414,11798,27,629506
590,1706585306.583039522,1706585306.679049492,1,0,0,1,35.007102835,-8.093484374,-0.393441633,0.008633443,0.019068298,-0.101970339,0.994567199,1032,393,0.380813953,0.044968184,0.036571558,0.020258280,0.244758848,58.147818634,0.000000000,0.271431391,0.059159363,2.362262389,0.067649113,57.489299193,0,55,49,6,0.053294574,7,0,0,0,0,968,9,8179,32469,11805,27,630474
591,1706585306.682877302,1706585306.782713413,1,0,0,1,35.135785548,-8.120481252,-0.397245727,0.005986647,0.008981638,-0.102460667,0.994678492,1100,422,0.383636364,0.046258099,0.036810584,0.021822065,0.260234620,57.383280787,0.000000000,0.272300956,0.054726309,2.372163947,0.068020417,57.332041308,0,74,72,2,0.067272727,12,0,0,0,0,1014,12,8192,32543,11817,27,631488
592,1706585306.782725096,1706585306.882542372,1,0,0,1,35.264039746,-8.143104647,-0.396061001,0.000631495,0.005917125,-0.101615623,0.994805938,1147,429,0.374019180,0.044351300,0.034006991,0.020037889,0.257997783,61.029671739,0.000000000,0.271682802,0.053596945,2.370190415,0.065296263,57.528127411,0,49,46,3,0.042720139,10,0,0,0,0,1088,10,8204,32592,11827,27,632576
593,1706585306.882567883,1706585306.981398582,1,0,0,1,35.386167744,-8.174235397,-0.401736817,0.000717541,0.007511301,-0.102578060,0.994696339,1116,451,0.404121864,0.045487450,0.034700807,0.018576899,0.252427662,60.591679029,0.000000000,0.270410985,0.054740327,2.366399126,0.060414970,57.771697971,0,63,62,1,0.056451613,14,0,0,0,0,1039,14,8219,32655,11841,27,633615
594,1706585306.982396603,1706585307.080463886,1,0,0,1,35.504594470,-8.209469706,-0.402145766,0.003359755,0.008672160,-0.109654519,0.993926251,1150,420,0.365217391,0.044118249,0.033647241,0.020231814,0.341098509,66.488377049,0.000000000,0.273097997,0.052000199,2.356421245,0.072099657,58.323117135,0,58,55,3,0.050434783,11,0,0,0,0,1081,11,8227,32713,11852,27,634696
595,1706585307.083033800,1706585307.182882309,1,0,0,1,35.622369505,-8.239726969,-0.399765516,-0.001026053,0.008223017,-0.117347902,0.993056292,1200,446,0.371666667,0.046213816,0.034283572,0.020601437,0.285135757,67.525830298,0.000000000,0.273357783,0.052271935,2.350325514,0.082650713,58.894762141,0,70,67,3,0.058333333,17,0,0,0,0,1113,17,8241,32783,11869,27,635809
596,1706585307.182894230,1706585307.282723665,1,0,0,1,35.725456344,-8.265308097,-0.396499446,-0.008009636,0.006234619,-0.122963388,0.992359300,1270,466,0.366929134,0.042569026,0.030700185,0.016708384,0.297473096,62.657398184,0.000000000,0.275397655,0.047185370,2.330227535,0.089836895,59.102754469,0,83,81,2,0.065354331,9,0,0,0,0,1178,9,8256,32866,11878,27,636987
597,1706585307.282735109,1706585307.382554531,1,0,0,1,35.820649665,-8.282863670,-0.392825572,-0.018249942,0.002304836,-0.128337706,0.991559913,1320,514,0.389393939,0.045219767,0.031300172,0.018772621,0.333935464,76.421508673,0.000000000,0.278395017,0.046047452,2.303591845,0.098999655,60.221177790,0,95,94,1,0.071969697,17,0,0,0,0,1208,17,8273,32961,11895,27,638195
598,1706585307.382566214,1706585307.482397318,1,0,0,1,35.909680366,-8.312605733,-0.394095977,-0.018823610,-0.002940732,-0.132231893,0.991035696,1380,561,0.406521739,0.043901343,0.032061819,0.020370252,0.367871580,67.522494723,0.000000000,0.282576728,0.044365483,2.282445946,0.104432095,60.947039370,0,85,83,2,0.061594203,20,0,0,0,0,1274,21,8292,33046,11915,27,639469
599,1706585307.482409000,1706585307.582243681,1,0,0,1,35.988588744,-8.362073015,-0.405907753,-0.002627234,-0.010005978,-0.135185466,0.990766303,1382,521,0.376989870,0.045902155,0.033555584,0.020336709,0.362297861,68.190713217,0.000000000,0.287069311,0.036671629,2.266128738,0.107998617,61.627117975,0,77,73,4,0.055716353,15,0,0,0,0,1290,15,8308,33123,11930,27,640759
600,1706585307.583055496,1706585307.682706356,1,0,0,1,36.066742670,-8.411072864,-0.416381149,0.012478685,-0.014709445,-0.139210690,0.990074895,1415,580,0.409893993,0.048579445,0.033120631,0.020648547,0.385902617,68.513598558,0.000000000,0.293225264,0.041577354,2.251214908,0.116339516,62.172096424,0,85,75,10,0.060070671,26,0,0,0,0,1304,26,8337,33208,11956,27,642063
601,1706585307.682893276,1706585307.781442642,1,0,0,1,36.156491195,-8.439474925,-0.417038971,0.008935900,-0.012298208,-0.144098602,0.989446561,1431,570,0.398322851,0.041103648,0.027934715,0.017888949,0.346150705,68.702580673,0.000000000,0.296261002,0.040493797,2.247300749,0.120929855,62.505020906,0,87,83,4,0.060796646,21,0,0,0,0,1320,24,8356,33295,11977,27,643383
602,1706585307.782728434,1706585307.880275726,1,0,0,1,36.234744484,-8.447985578,-0.400971074,-0.010852326,-0.016932787,-0.154542918,0.987781349,1458,600,0.411522634,0.043308808,0.032088855,0.019920270,0.297760916,73.203550221,0.000000000,0.297145664,0.041104855,2.217979811,0.139126558,63.356296151,0,107,103,4,0.073388203,11,0,0,0,0,1340,11,8378,33402,11988,27,644723
603,1706585307.882558107,1706585307.979176283,1,0,0,1,36.314099164,-8.461401222,-0.393941188,-0.027049834,-0.024712925,-0.164215463,0.985743810,1475,565,0.383050847,0.043383123,0.030822381,0.019575293,0.333432969,72.626669087,0.000000000,0.302275724,0.041093265,2.180996808,0.152199413,63.872839321,0,112,108,4,0.075932203,18,0,0,0,0,1344,19,8401,33514,12006,27,646067
604,1706585307.982404947,1706585308.082230091,1,0,0,1,36.426467457,-8.501004085,-0.397851275,-0.026740873,-0.009356360,-0.163172696,0.986190679,1505,611,0.405980066,0.048060647,0.038351495,0.021845661,0.287390198,74.751822185,0.000000000,0.302655023,0.038098727,2.174294948,0.149729138,64.513389915,0,112,108,4,0.074418605,16,0,0,0,0,1377,16,8424,33626,12022,27,647444
605,1706585308.083041430,1706585308.182854652,1,0,0,1,36.535649839,-8.552823948,-0.400631155,-0.021200537,-0.007299233,-0.170630394,0.985079960,1337,493,0.368735976,0.051957736,0.036713546,0.023683522,0.340602101,68.922132931,0.000000000,0.304190380,0.050347274,2.169599323,0.161911913,65.044896881,0,105,103,2,0.078534031,20,0,0,0,0,1212,20,8447,33731,12042,27,648656
606,1706585308.182879448,1706585308.282125950,1,0,0,1,36.632636663,-8.598607270,-0.396351095,-0.023929138,-0.017235605,-0.176543296,0.983851002,1372,516,0.376093294,0.040385948,0.031289247,0.018217961,0.244544190,67.682320239,0.000000000,0.302346197,0.056032383,2.127214062,0.166106912,65.184608130,0,81,79,2,0.059037901,14,0,0,0,0,1277,14,8459,33812,12056,27,649933
607,1706585308.282724380,1706585308.382554054,1,0,0,1,36.752781594,-8.654357093,-0.402668673,-0.017922760,-0.000979793,-0.175438065,0.984326826,1388,537,0.386887608,0.051527520,0.041778494,0.025419826,0.280800056,56.249142142,0.000000000,0.302505436,0.063338291,2.126902405,0.162585741,64.942059816,0,114,113,1,0.082132565,22,0,0,0,0,1251,23,8482,33926,12078,27,651184
608,1706585308.382566929,1706585308.482393265,1,0,0,1,36.863050875,-8.726252346,-0.406161765,-0.001453827,0.006411924,-0.174220605,0.984684698,1358,498,0.366715758,0.046011771,0.034348282,0.021578505,0.300548759,59.917091742,0.000000000,0.304995959,0.063357468,2.118877192,0.163211637,65.355192128,0,86,84,2,0.063328424,16,0,0,0,0,1256,16,8501,34012,12094,27,652440
609,1706585308.482416630,1706585308.582147121,1,0,0,1,36.958787638,-8.790224803,-0.424734954,0.013568755,-0.007293703,-0.176371119,0.984203190,1281,472,0.368462139,0.038588503,0.028054938,0.017395364,0.231850679,57.177295682,0.000000000,0.302610719,0.071782713,2.100450639,0.165007994,65.685248790,0,59,58,1,0.046057767,13,0,0,0,0,1209,13,8512,34071,12107,27,653649
610,1706585308.583047390,1706585308.681116819,1,0,0,1,37.061688151,-8.826750967,-0.421783304,0.005924313,-0.006604045,-0.186169516,0.982477583,1339,511,0.381628081,0.049548015,0.038482934,0.021223633,0.275809562,61.413408642,0.000000000,0.304163254,0.074549216,2.078142402,0.183722484,65.848528290,0,94,93,1,0.070201643,19,0,0,0,0,1226,19,8528,34165,12126,27,654875
611,1706585308.682887793,1706585308.782706976,1,0,0,1,37.175667261,-8.848362924,-0.410094592,-0.018206875,0.006063554,-0.191524506,0.981300212,1264,468,0.370253165,0.049558327,0.035136504,0.023013362,0.247927427,57.865218721,0.000000000,0.303547895,0.076917914,2.064500117,0.193092009,65.872625187,0,76,75,1,0.060126582,20,0,0,0,0,1168,20,8540,34241,12146,27,656043
612,1706585308.782719135,1706585308.882558823,1,0,0,1,37.280459832,-8.880480238,-0.409961004,-0.025324354,0.003319831,-0.190357644,0.981382506,1239,448,0.361581921,0.040746992,0.031207265,0.019079609,0.290251834,55.790552532,0.000000000,0.305160597,0.080397982,2.047943097,0.193649854,65.610669226,0,68,66,2,0.054882970,10,0,0,0,0,1161,10,8547,34309,12156,27,657204
613,1706585308.882570744,1706585308.982351780,1,0,0,1,37.376056089,-8.938425243,-0.420792944,-0.009711990,0.000412768,-0.183109705,0.983044426,1265,485,0.383399209,0.036367825,0.027622204,0.015150588,0.267312556,56.814589938,0.000000000,0.305904842,0.092079012,2.036695645,0.194267797,65.421814772,0,56,56,0,0.044268775,6,0,0,0,0,1202,7,8556,34365,12162,27,658406
614,1706585308.982413769,1706585309.081168175,1,0,0,1,37.465267244,-8.993159766,-0.431196909,0.004402818,-0.003292578,-0.179135132,0.983809117,1293,462,0.357308585,0.042093882,0.030965194,0.018711698,0.290872502,61.946597083,0.000000000,0.303393541,0.093211441,2.020252323,0.186751860,65.194725774,0,69,62,7,0.053364269,9,0,0,0,0,1211,13,8566,34434,12171,27,659617
615,1706585309.083052397,1706585309.179989815,1,0,0,1,37.567208313,-9.033801324,-0.432734698,0.006236070,-0.002067374,-0.172073838,0.985062146,1276,475,0.372257053,0.040670042,0.029540448,0.020174318,0.242679791,66.106304477,0.000000000,0.301270743,0.095525844,2.023743346,0.189730602,65.123749482,0,64,60,4,0.050156740,9,0,0,0,0,1202,10,8576,34498,12180,27,660819
616,1706585309.182895184,1706585309.282726049,1,0,0,1,37.668035102,-9.055323621,-0.427454304,-0.002812987,-0.011384606,-0.161529262,0.986798245,1339,487,0.363704257,0.041706876,0.031386666,0.020350731,0.269991159,67.279400545,0.000000000,0.299896646,0.096145681,2.030108457,0.200366200,65.354849601,0,76,73,3,0.056758775,13,0,0,0,0,1248,15,8592,34574,12193,27,662067
617,1706585309.282737494,1706585309.382565975,1,0,0,1,37.767834166,-9.082945783,-0.426603897,-0.006528699,-0.007831717,-0.153046589,0.988166374,1485,548,0.369023569,0.044048347,0.032358801,0.021090215,0.338248149,67.725294663,0.000000000,0.300112281,0.096200809,2.039787259,0.209957181,64.920038900,0,92,91,1,0.061952862,15,0,0,0,0,1378,15,8607,34666,12208,27,663445
618,1706585309.382577419,1706585309.482413292,1,0,0,1,37.866409602,-9.108856423,-0.427068698,-0.007407879,-0.009300358,-0.145511885,0.989285054,1492,523,0.350536193,0.045152048,0.032755039,0.020319726,0.283606637,67.119050477,0.000000000,0.295899033,0.096105925,2.047834292,0.219125119,64.899866688,0,82,80,2,0.054959786,16,0,0,0,0,1394,16,8626,34748,12224,27,664839
619,1706585309.482425213,1706585309.582253933,1,0,0,1,37.971808041,-9.136173808,-0.423944589,-0.008008596,-0.007798810,-0.139306021,0.990186282,1411,522,0.369950390,0.041076172,0.031435302,0.018167699,0.372979044,70.809766705,0.000000000,0.296433093,0.097680118,2.063923068,0.223105575,65.030819362,0,67,65,2,0.047484054,15,0,0,0,0,1329,15,8632,34815,12239,27,666168
620,1706585309.583064556,1706585309.682903767,1,0,0,1,38.077969317,-9.155065257,-0.420181217,-0.014286061,-0.007655156,-0.134448926,0.990787966,1430,548,0.383216783,0.042573331,0.030541246,0.020264392,0.359930660,70.978780353,0.000000000,0.295134495,0.095888414,2.077680063,0.223304527,65.154078452,0,80,79,1,0.055944056,15,0,0,0,0,1335,15,8648,34895,12254,27,667503
621,1706585309.682915926,1706585309.782745361,1,0,0,1,38.187217488,-9.173889342,-0.413554916,-0.020838152,-0.004719410,-0.130977440,0.991155088,1454,563,0.387207703,0.042257989,0.032019794,0.020623980,0.383716396,73.034314339,0.000000000,0.297012779,0.095060546,2.108398034,0.209706555,65.370665135,0,84,82,2,0.057771664,15,0,0,0,0,1355,15,8671,34979,12269,27,668858
622,1706585309.782757521,1706585309.882578611,1,0,0,1,38.292347815,-9.204239243,-0.409531522,-0.019230432,-0.002594287,-0.127423987,0.991658504,1415,540,0.381625442,0.043675466,0.031047586,0.019533846,0.319887253,73.666682662,0.000000000,0.298119096,0.094974173,2.137108324,0.198028350,65.393821757,0,56,51,5,0.039575972,10,0,0,0,0,1349,10,8683,35035,12279,27,670207
623,1706585309.882590532,1706585309.981438637,1,0,0,1,38.392234129,-9.243256010,-0.407124226,-0.012391716,0.000190320,-0.127174657,0.991802912,1418,559,0.394217207,0.042994603,0.030872006,0.019209251,0.324968070,79.659808167,0.000000000,0.297695851,0.095097718,2.125164453,0.196830730,65.745478711,0,77,73,4,0.054301834,16,0,0,0,0,1325,16,8697,35112,12295,27,671532
624,1706585309.982422352,1706585310.081882000,1,0,0,1,38.493334382,-9.277459010,-0.404990061,-0.008672505,0.000302858,-0.125828730,0.992014025,1375,510,0.370909091,0.041344808,0.031502003,0.018999207,0.355463374,73.620425817,0.000000000,0.301099510,0.094118927,2.111027286,0.184200849,65.688908893,0,59,57,2,0.042909091,12,0,0,0,0,1304,12,8710,35171,12307,27,672836
625,1706585310.083067894,1706585310.182889700,1,0,0,1,38.593463534,-9.304591695,-0.399302042,-0.011118612,-0.001084492,-0.128086292,0.991700107,1388,543,0.391210375,0.042003732,0.031700461,0.020841273,0.369287559,74.274328244,0.000000000,0.302533783,0.084429299,2.107587966,0.177086659,65.956518659,0,59,58,1,0.042507205,16,0,0,0,0,1313,16,8722,35230,12323,27,674149
626,1706585310.182901859,1706585310.282212973,1,0,0,1,38.689443687,-9.326059717,-0.392032802,-0.016323294,-0.003950232,-0.126870627,0.991777087,1385,509,0.367509025,0.043303812,0.030423607,0.020149632,0.342714062,69.692488274,0.000000000,0.307442277,0.082889549,2.073607986,0.178033759,66.057027060,0,52,51,1,0.037545126,9,0,0,0,0,1323,10,8731,35282,12332,27,675472
627,1706585310.282750607,1706585310.381073713,1,0,0,1,38.787270453,-9.355405996,-0.387589643,-0.013357123,-0.003395039,-0.125412416,0.992008965,1380,519,0.376086957,0.038445557,0.027190941,0.016186218,0.317795578,77.580598832,0.000000000,0.309292053,0.074868380,2.044155109,0.178578869,67.123599895,0,65,58,7,0.047101449,12,0,0,0,0,1300,15,8740,35347,12344,27,676772
628,1706585310.382583857,1706585310.479620934,1,0,0,1,38.876364796,-9.387839813,-0.385173829,-0.008890322,-0.008995346,-0.123892289,0.992215071,1405,550,0.391459075,0.043031344,0.031270848,0.021628929,0.396426095,74.507436525,0.000000000,0.314085919,0.072911485,2.022368441,0.177159459,67.853117134,0,68,62,6,0.048398577,11,0,0,0,0,1325,12,8757,35415,12355,27,678097
629,1706585310.482426882,1706585310.582235813,1,0,0,1,38.977997682,-9.415557382,-0.380693577,-0.006290528,-0.011935927,-0.122477601,0.992379565,1387,548,0.395097332,0.039094413,0.030258204,0.018441368,0.362681110,75.092091174,0.000000000,0.320627441,0.072166436,2.018577480,0.160138960,68.748856909,0,70,69,1,0.050468637,14,0,0,0,0,1303,14,8773,35485,12369,27,679400
630,1706585310.583047390,1706585310.682862520,1,0,0,1,39.077101371,-9.435341653,-0.367422530,-0.011507310,-0.014137585,-0.123371746,0.992193087,1472,555,0.377038043,0.041403710,0.032679684,0.020803216,0.368525752,74.718826521,0.000000000,0.325263250,0.061965244,2.003906970,0.150800338,69.414127803,0,72,69,3,0.048913043,7,0,0,0,0,1393,7,8788,35557,12376,27,680793
631,1706585310.682874441,1706585310.782694578,1,0,0,1,39.185438700,-9.457859811,-0.362389106,-0.013981216,-0.005800426,-0.125736226,0.991948226,1466,575,0.392223738,0.042122174,0.030533429,0.019203959,0.294243383,70.260546247,0.000000000,0.327579048,0.047120131,2.005070267,0.153159498,70.033894179,0,52,50,2,0.035470668,20,0,0,0,0,1394,20,8798,35609,12396,27,682187
632,1706585310.782706022,1706585310.882526875,1,0,0,1,39.287124961,-9.484484206,-0.353074682,-0.013199923,-0.009100549,-0.125397182,0.991977061,1437,558,0.388308977,0.041549888,0.031998409,0.019756953,0.361249299,69.596829583,0.000000000,0.331128921,0.046791472,1.998285874,0.139086455,70.724208031,0,76,75,1,0.052887961,18,0,0,0,0,1343,18,8811,35685,12414,27,683530
633,1706585310.882539034,1706585310.982378244,1,0,0,1,39.392943141,-9.515321605,-0.343059987,-0.009724373,-0.007175409,-0.123646204,0.992252773,1464,557,0.380464481,0.042103272,0.030758940,0.019400817,0.369892402,67.024192876,0.000000000,0.336257914,0.036030603,2.003780274,0.134476158,71.234688178,0,70,69,1,0.047814208,14,0,0,0,0,1380,14,8815,35755,12428,27,684910
634,1706585310.982389212,1706585311.082220793,1,0,0,1,39.493001607,-9.540891180,-0.330317463,-0.010821580,-0.010306029,-0.125474890,0.991984239,1467,595,0.405589639,0.044989728,0.033273393,0.019204631,0.361973349,72.034696085,0.000000000,0.339812956,0.039028231,1.998082687,0.123744263,71.739093128,0,90,86,4,0.061349693,17,0,0,0,0,1360,17,8831,35845,12445,27,686270
635,1706585311.083030939,1706585311.181913376,1,0,0,1,39.598909280,-9.566426246,-0.316186894,-0.012669831,-0.005790360,-0.125974288,0.991935696,1491,540,0.362173038,0.045642755,0.033022589,0.020330519,0.357825568,74.419967324,0.000000000,0.345570245,0.041731660,2.004704417,0.103384041,72.154776271,0,85,83,2,0.057008719,17,0,0,0,0,1389,17,8846,35930,12462,27,687659
636,1706585311.182873011,1706585311.280175447,1,0,0,1,39.693469593,-9.593618906,-0.305022265,-0.012937878,-0.015682019,-0.126438596,0.991766085,1519,564,0.371296906,0.047084611,0.033447480,0.019782968,0.349373812,69.675748879,0.000000000,0.349539378,0.047551129,2.000173742,0.086893148,72.274593687,0,94,91,3,0.061882818,12,0,0,0,0,1413,12,8859,36024,12474,27,689072
637,1706585311.282709122,1706585311.382523775,1,0,0,1,39.796557465,-9.621086723,-0.292057845,-0.012581827,-0.015674395,-0.126105501,0.991813195,1560,611,0.391666667,0.043847650,0.032262649,0.020344888,0.353110350,77.251378617,0.000000000,0.350282488,0.047416395,2.005718174,0.072286367,72.750897885,0,95,90,5,0.060897436,22,0,0,0,0,1443,22,8881,36119,12496,27,690515
638,1706585311.382534981,1706585311.482363224,1,0,0,1,39.896142746,-9.651440647,-0.281057617,-0.009388372,-0.017349034,-0.126490528,0.991771655,1554,613,0.394465894,0.046597955,0.037044240,0.022266102,0.441948568,75.418664893,0.000000000,0.358199584,0.049901590,2.001480450,0.060618144,73.165878606,0,109,106,3,0.070141570,14,0,0,0,0,1431,14,8897,36228,12510,27,691946
639,1706585311.482773781,1706585311.582131147,1,0,0,1,39.997176111,-9.681193377,-0.268771696,-0.008842025,-0.019230536,-0.127053136,0.991670059,1506,577,0.383134130,0.041167224,0.032796692,0.018840931,0.378612521,66.628684888,0.000000000,0.358481258,0.049814491,1.999623053,0.051849525,72.956824515,0,91,87,4,0.060424967,13,0,0,0,0,1401,14,8913,36319,12523,27,693347
640,1706585311.582617760,1706585311.680661201,1,0,0,1,40.101447553,-9.710331212,-0.258515424,-0.009909780,-0.018029944,-0.128578752,0.991485866,1519,590,0.388413430,0.047019526,0.035813690,0.022028489,0.377078788,65.213566578,0.000000000,0.359338664,0.054025713,1.997317942,0.047863796,72.668563826,0,109,107,2,0.071757735,15,0,0,0,0,1394,16,8923,36428,12538,27,694741
641,1706585311.682470560,1706585311.779234171,1,0,0,1,40.208860216,-9.747836284,-0.249722410,-0.004752626,-0.015445034,-0.130141820,0.991363692,1495,578,0.386622074,0.044579626,0.032899947,0.019943767,0.392817039,65.916503159,0.000000000,0.359793696,0.054315405,2.001931970,0.044127251,72.312673267,0,101,97,4,0.067558528,24,0,0,0,0,1370,24,8940,36529,12562,27,696111
642,1706585311.782716274,1706585311.882537603,1,0,0,1,40.331297621,-9.780431321,-0.242299373,-0.006254577,-0.008059417,-0.131727089,0.991233524,1504,591,0.392952128,0.045601406,0.036775901,0.021479643,0.385225497,62.100645233,0.000000000,0.363060609,0.055595293,2.021587934,0.046923148,71.734371396,0,92,89,3,0.061170213,16,0,0,0,0,1396,16,8955,36621,12578,27,697507
643,1706585311.882549524,1706585311.982390881,1,0,0,1,40.455398048,-9.813008881,-0.231527746,-0.006503182,-0.005347571,-0.130146377,0.991459042,1494,617,0.412985274,0.048427642,0.036250337,0.021753406,0.385254342,59.891527536,0.000000000,0.366074922,0.061125795,2.043593992,0.047393407,70.745957364,0,91,90,1,0.060910308,17,0,0,0,0,1383,20,8971,36712,12595,27,698890
644,1706585311.982402325,1706585312.082231522,1,0,0,1,40.570645435,-9.849942149,-0.221300392,-0.001852481,-0.007040071,-0.126566778,0.991931377,1466,584,0.398362892,0.046309571,0.037448599,0.023466036,0.383855814,59.531345004,0.000000000,0.367494544,0.061278928,2.061150123,0.050040036,70.041503324,0,112,109,3,0.076398363,17,0,0,0,0,1336,18,8989,36824,12612,27,700226
645,1706585312.083043098,1706585312.182874441,1,0,0,1,40.686859447,-9.890243217,-0.211724716,0.001300140,-0.006251348,-0.125964196,0.992014240,1483,557,0.375590020,0.046564534,0.034674623,0.021641487,0.365631295,67.290857837,0.000000000,0.367311731,0.061833809,2.085905819,0.048652862,69.692329803,0,114,109,5,0.076871207,9,0,0,0,0,1359,10,9011,36938,12621,27,701585
646,1706585312.182885408,1706585312.282718420,1,0,0,1,40.798672857,-9.922594756,-0.201443797,0.000332416,-0.010087745,-0.126700480,0.991889669,1483,584,0.393796359,0.048168509,0.036574912,0.022501671,0.331132374,72.916953038,0.000000000,0.366732647,0.064788689,2.100528298,0.047258733,69.853553041,0,113,110,3,0.076196898,13,0,0,0,0,1357,13,9023,37051,12634,27,702942
647,1706585312.282729626,1706585312.382547617,1,0,0,1,40.908887698,-9.946463542,-0.188915350,-0.005503852,-0.016099365,-0.127416256,0.991703391,1548,582,0.375968992,0.049917331,0.038688634,0.023443807,0.374234330,71.216819445,0.000000000,0.369554584,0.062633666,2.119146827,0.045487041,69.535364072,0,132,130,2,0.085271318,19,0,0,0,0,1397,19,9036,37183,12653,27,704339
648,1706585312.382559299,1706585312.481118202,1,0,0,1,41.021182466,-9.973346610,-0.177284430,-0.007552917,-0.012102916,-0.123424869,0.992251367,1526,608,0.398427261,0.051645715,0.037149799,0.021662047,0.354987480,73.837455194,0.000000000,0.367482653,0.069604945,2.129759004,0.050772293,69.501865006,0,127,124,3,0.083224115,26,0,0,0,0,1373,26,9055,37310,12679,27,705712
649,1706585312.482403040,1706585312.582236052,1,0,0,1,41.132018362,-10.004998533,-0.168374882,-0.004632450,-0.012218784,-0.119143060,0.992791102,1469,577,0.392784207,0.049611593,0.039935097,0.022692916,0.352639874,70.936164101,0.000000000,0.366980592,0.064650049,2.143442811,0.057686401,69.294068652,0,117,115,2,0.079646018,16,0,0,0,0,1336,16,9067,37427,12695,27,707048
650,1706585312.583046198,1706585312.682876348,1,0,0,1,41.243032908,-10.033916451,-0.157069714,-0.004073283,-0.012960181,-0.114974834,0.993275505,1554,578,0.371943372,0.047299450,0.035581874,0.022705332,0.326843333,69.116685273,0.000000000,0.364896471,0.060866769,2.147950391,0.061212738,69.013961590,0,115,107,8,0.074002574,19,0,0,0,0,1420,19,9084,37542,12714,27,708468
651,1706585312.682888985,1706585312.782689810,1,0,0,1,41.357283993,-10.063925341,-0.149022003,-0.000833217,-0.010627399,-0.112210643,0.993627262,1421,523,0.368050669,0.046595148,0.034776509,0.022176529,0.266155237,68.247887876,0.000000000,0.363492063,0.057441889,2.160824714,0.065971581,68.913328671,0,122,120,2,0.085855032,11,0,0,0,0,1288,11,9100,37664,12725,27,709756
652,1706585312.782701254,1706585312.881851196,1,0,0,1,41.470260453,-10.092438660,-0.138976442,-0.001114274,-0.008497615,-0.110245518,0.993867433,1386,496,0.357864358,0.049899206,0.041119689,0.022588819,0.253185284,70.394077374,0.000000000,0.358088863,0.054446854,2.167102035,0.066507655,68.953191061,0,131,127,4,0.094516595,10,0,0,0,0,1245,10,9113,37795,12735,27,711001
653,1706585312.882537842,1706585312.980329752,1,0,0,1,41.581759198,-10.110925019,-0.129006116,-0.005227800,-0.009173040,-0.106489352,0.994257785,1400,494,0.352857143,0.052039899,0.036223227,0.024171212,0.283192708,62.007647135,0.000000000,0.353753878,0.054571932,2.176504761,0.070516290,68.702363773,0,120,117,3,0.085714286,19,0,0,0,0,1261,19,9128,37915,12754,27,712262
654,1706585312.982776642,1706585313.082606077,1,0,0,1,41.693580479,-10.137232006,-0.119549258,-0.003543135,-0.009282694,-0.104105735,0.994516603,1327,463,0.348907310,0.047771902,0.038302110,0.022594443,0.323292060,59.764485765,0.000000000,0.351819814,0.053443399,2.181912334,0.074231032,68.088853257,0,95,87,8,0.071590053,10,0,0,0,0,1220,12,9144,38010,12764,27,713482
655,1706585313.082618475,1706585313.182456493,1,0,0,1,41.801950461,-10.165031241,-0.111080904,-0.005009943,-0.009284007,-0.106455820,0.994261468,1344,480,0.357142857,0.054629851,0.042189074,0.025554999,0.295090430,60.384626759,0.000000000,0.348683057,0.061940884,2.195087152,0.078165508,67.387086229,0,108,102,6,0.080357143,12,0,0,0,0,1223,13,9162,38118,12776,27,714705
656,1706585313.182468414,1706585313.282300949,1,0,0,1,41.904037078,-10.199261367,-0.101824943,-0.002597384,-0.012972399,-0.112159276,0.993602168,1431,501,0.350104822,0.050520836,0.036846770,0.022373978,0.313643373,62.588260554,0.000000000,0.346896535,0.062893522,2.195687438,0.089037552,67.032711813,0,108,103,5,0.075471698,13,0,0,0,0,1308,15,9174,38226,12789,27,716013
657,1706585313.282711983,1706585313.382552862,1,0,0,1,42.016793722,-10.235294726,-0.093436642,-0.002079179,-0.010125445,-0.120571838,0.992650787,1486,515,0.346567968,0.050040827,0.039505688,0.022375010,0.361245356,68.764124204,0.000000000,0.347303285,0.060052406,2.209670448,0.105110682,66.608349092,0,122,122,0,0.082099596,13,0,0,0,0,1351,13,9186,38348,12802,27,717364
658,1706585313.382564545,1706585313.482378244,1,0,0,1,42.131655029,-10.267237168,-0.086519234,-0.006051837,-0.011163544,-0.126565887,0.991876921,1522,553,0.363337714,0.055043543,0.043888966,0.025293698,0.354990507,65.952186555,0.000000000,0.342955382,0.066308051,2.223053788,0.115959193,66.135025175,0,121,118,3,0.079500657,21,0,0,0,0,1380,21,9205,38469,12823,27,718744
659,1706585313.482389212,1706585313.582204819,1,0,0,1,42.252917911,-10.307090035,-0.080601769,-0.007298346,-0.010371582,-0.134650566,0.990811985,1560,546,0.350000000,0.054028003,0.041540119,0.022902640,0.396112109,65.972944152,0.000000000,0.343830361,0.059659391,2.242083863,0.129204991,66.102238139,0,149,147,2,0.095512821,20,0,0,0,0,1391,20,9223,38618,12843,27,720135
660,1706585313.583015203,1706585313.682155132,1,0,0,1,42.375509346,-10.351080042,-0.075039239,-0.008405846,-0.009509209,-0.142357283,0.989733965,1521,529,0.347797502,0.054961411,0.040871188,0.024189623,0.500200480,63.880830168,0.000000000,0.349986446,0.063144217,2.258336201,0.141419636,66.035601318,0,130,127,3,0.085470085,19,0,0,0,0,1372,19,9246,38748,12862,27,721507
661,1706585313.682841063,1706585313.780621529,1,0,0,1,42.494662418,-10.385784715,-0.069665740,-0.012390575,-0.011126230,-0.149150174,0.988674318,1550,553,0.356774194,0.055672297,0.041829921,0.024877033,0.419084773,67.078526113,0.000000000,0.351299833,0.063028022,2.255637652,0.151873130,66.093702466,0,119,113,6,0.076774194,23,0,0,0,0,1408,23,9276,38867,12885,27,722915
662,1706585313.782678843,1706585313.882497549,1,0,0,1,42.614990583,-10.436538802,-0.067559968,-0.007261104,-0.009103429,-0.153055757,0.988148946,1538,543,0.353055917,0.053318791,0.040551289,0.023937449,0.462171693,68.446485689,0.000000000,0.355147143,0.060166558,2.257492306,0.156736040,66.410994489,0,128,124,4,0.083224967,14,0,0,0,0,1396,14,9300,38995,12899,27,724311
663,1706585313.882509470,1706585313.982338667,1,0,0,1,42.734662972,-10.477100052,-0.063155330,-0.009041880,-0.008050152,-0.156800768,0.987556053,1511,541,0.358041032,0.050431541,0.037263079,0.022247441,0.391946357,63.796865007,0.000000000,0.355481743,0.059235568,2.262476290,0.157128705,66.606261362,0,116,110,6,0.076770351,19,0,0,0,0,1376,19,9326,39111,12918,27,725687
664,1706585313.982749939,1706585314.082573175,1,0,0,1,42.848448351,-10.525039337,-0.057663817,-0.007738654,-0.008968075,-0.159936385,0.987056250,1499,515,0.343562375,0.051667332,0.039648102,0.023244696,0.452844341,62.138048305,0.000000000,0.358931170,0.055560422,2.262694446,0.162320293,66.736596527,0,110,108,2,0.073382255,12,0,0,0,0,1377,12,9341,39221,12930,27,727064
665,1706585314.082585335,1706585314.182110548,1,0,0,1,42.960584606,-10.567523822,-0.053540372,-0.008045336,-0.006440219,-0.159203240,0.987192040,1496,495,0.330882353,0.052071031,0.037713975,0.021462939,0.410492218,59.936731502,0.000000000,0.361174216,0.051714745,2.265827035,0.162292417,66.368890211,0,104,100,4,0.069518717,13,0,0,0,0,1379,13,9354,39325,12943,27,728443
666,1706585314.182422638,1706585314.280537844,1,0,0,1,43.074112741,-10.609221907,-0.052738646,-0.005941993,-0.008638322,-0.156025928,0.987697313,1491,497,0.333333333,0.054763677,0.039549477,0.024877588,0.420280539,63.125205219,0.000000000,0.365631624,0.051467336,2.273309731,0.167385379,65.879302820,0,95,90,5,0.063715627,24,0,0,0,0,1372,24,9373,39420,12967,27,729815
667,1706585314.283058882,1706585314.382893085,1,0,0,1,43.185735704,-10.648204218,-0.048511201,-0.008448980,-0.010434006,-0.155068076,0.987812552,1544,504,0.326424870,0.056521193,0.042357099,0.023929449,0.413739057,65.967536247,0.000000000,0.367606860,0.054518981,2.275567288,0.161284660,65.616838660,0,121,117,4,0.078367876,22,0,0,0,0,1401,22,9391,39541,12989,27,731216
668,1706585314.382904530,1706585314.482737780,1,0,0,1,43.293427102,-10.686538416,-0.045143297,-0.009888506,-0.013308594,-0.152948381,0.988095082,1571,506,0.322087842,0.050489608,0.037609519,0.023130424,0.463175353,60.456570494,0.000000000,0.373016254,0.054905545,2.274317003,0.157075079,64.947794425,0,97,94,3,0.061744112,21,0,0,0,0,1453,21,9407,39638,13010,27,732669
669,1706585314.482749462,1706585314.582571983,1,0,0,1,43.397810195,-10.724093330,-0.044164529,-0.009209785,-0.014398115,-0.151335697,0.988334650,1590,536,0.337106918,0.051542014,0.037116545,0.023651050,0.440522063,66.601750436,0.000000000,0.377410363,0.053922316,2.269979830,0.151944012,64.731073741,0,114,110,4,0.071698113,19,0,0,0,0,1457,19,9427,39752,13029,27,734126
670,1706585314.582583427,1706585314.682414055,1,0,0,1,43.507355368,-10.760954532,-0.046986488,-0.008799098,-0.014069186,-0.149728049,0.988587955,1607,548,0.341008090,0.054966224,0.039933952,0.024062485,0.449913032,69.618042536,0.000000000,0.383563848,0.050780364,2.267194743,0.149686848,64.756141604,0,97,92,5,0.060360921,22,0,0,0,0,1488,22,9437,39849,13051,27,735614
671,1706585314.682425976,1706585314.782249928,1,0,0,1,43.618989239,-10.793855501,-0.046619179,-0.011595562,-0.012405912,-0.149526802,0.988611841,1591,552,0.346951603,0.050471441,0.037688936,0.023702210,0.434763294,63.326792392,0.000000000,0.391994251,0.044836711,2.266625285,0.146190144,64.510086830,0,90,87,3,0.056568196,23,0,0,0,0,1478,23,9447,39939,13074,27,737092
672,1706585314.783059359,1706585314.882891178,1,0,0,1,43.734519361,-10.829233701,-0.042592455,-0.013364634,-0.011608153,-0.146318165,0.989079184,1573,537,0.341385887,0.048580204,0.034648326,0.022351167,0.452389681,67.986697135,0.000000000,0.401954471,0.046604775,2.274058182,0.145084826,64.389717818,0,91,87,4,0.057851240,15,0,0,0,0,1467,15,9466,40030,13089,27,738559
673,1706585314.882902622,1706585314.981668472,1,0,0,1,43.850312563,-10.865420135,-0.042558129,-0.012314785,-0.010596111,-0.143569910,0.989506821,1542,493,0.319714656,0.047059761,0.036011654,0.022182861,0.498618174,65.335324402,0.000000000,0.412725744,0.052003715,2.280111294,0.145836861,64.556101682,0,84,82,2,0.054474708,19,0,0,0,0,1438,20,9483,40114,13108,27,739997
674,1706585314.982727766,1706585315.080175877,1,0,0,1,43.966557561,-10.900176810,-0.038688938,-0.013816461,-0.008786583,-0.142976085,0.989590693,1521,506,0.332675871,0.046787537,0.035901939,0.022743851,0.451829659,64.390146288,0.000000000,0.419152624,0.053735403,2.289304028,0.142340934,64.787384708,0,92,86,6,0.060486522,16,0,0,0,0,1413,16,9495,40206,13124,27,741410
675,1706585315.082560062,1706585315.182379484,1,0,0,1,44.092433798,-10.934455773,-0.038040680,-0.016503280,-0.008307791,-0.140990500,0.989838523,1520,503,0.330921053,0.041846569,0.032522001,0.020252376,0.425319691,63.685512445,0.000000000,0.425664087,0.068570680,2.311696218,0.134866063,64.952428992,0,94,90,4,0.061842105,11,0,0,0,0,1415,11,9507,40300,13135,27,742825
676,1706585315.182391644,1706585315.282232046,1,0,0,1,44.224376858,-10.975331012,-0.040953764,-0.013707526,-0.000844158,-0.136174483,0.990589674,1524,478,0.313648294,0.047875731,0.036684155,0.021900240,0.506864790,65.710441503,0.000000000,0.435325158,0.070383592,2.331185334,0.127421496,65.108538040,0,70,68,2,0.045931759,11,0,0,0,0,1443,11,9522,40370,13146,27,744268
677,1706585315.283043623,1706585315.382771969,1,0,0,1,44.349264403,-11.012088369,-0.035390555,-0.011880267,-0.002434706,-0.132087030,0.991163936,1468,512,0.348773842,0.046938952,0.035939204,0.021821625,0.499491231,60.383368069,0.000000000,0.442237452,0.072932762,2.342067997,0.123698778,64.689500233,0,76,69,7,0.051771117,16,0,0,0,0,1374,18,9539,40446,13162,27,745642
678,1706585315.382883310,1706585315.481306076,1,0,0,1,44.471951833,-11.051227596,-0.030678620,-0.010571600,-0.001494643,-0.131311914,0.991283607,1469,487,0.331518039,0.041733943,0.030351500,0.018825309,0.424640929,66.626675821,0.000000000,0.445719973,0.082317276,2.343152497,0.108947246,64.723224696,0,74,71,3,0.050374404,10,0,0,0,0,1385,10,9550,40520,13172,27,747027
679,1706585315.482728958,1706585315.582417250,1,0,0,1,44.595390618,-11.088356582,-0.029621433,-0.010417744,0.002511474,-0.131827971,0.991214684,1461,505,0.345653662,0.041991698,0.030938882,0.020411973,0.364637392,63.600278972,0.000000000,0.444146237,0.089646854,2.341694907,0.094523019,64.604591437,0,89,85,4,0.060917180,7,0,0,0,0,1365,7,9567,40609,13179,27,748392
680,1706585315.582554102,1706585315.682390213,1,0,0,1,44.707222942,-11.124644072,-0.030644469,-0.010458824,-0.002017812,-0.132781657,0.991088075,1457,481,0.330130405,0.045157137,0.033530135,0.020454172,0.412688070,63.973791158,0.000000000,0.439770617,0.089825033,2.335051135,0.082728335,64.609239487,0,80,79,1,0.054907344,11,0,0,0,0,1366,11,9584,40689,13190,27,749758
681,1706585315.682401657,1706585315.782221317,1,0,0,1,44.817614033,-11.150912271,-0.028568108,-0.016091710,0.000613846,-0.131581296,0.991174577,1537,541,0.351984385,0.044060456,0.035085963,0.023035072,0.473997318,59.377016530,0.000000000,0.442516244,0.089105339,2.317932351,0.077074563,64.224164007,0,101,98,3,0.065712427,13,0,0,0,0,1423,13,9607,40790,13203,27,751181
682,1706585315.783030272,1706585315.882853270,1,0,0,1,44.921737848,-11.184200669,-0.026654500,-0.015486262,0.001437713,-0.129191470,0.991497692,1463,472,0.322624744,0.042562633,0.031637066,0.019298295,0.408835109,63.297266103,0.000000000,0.439849415,0.091874424,2.300828498,0.074310716,63.966703028,0,87,84,3,0.059466849,8,0,0,0,0,1368,8,9624,40877,13211,27,752549
683,1706585315.882865191,1706585315.982681036,1,0,0,1,45.018166986,-11.219058378,-0.028356484,-0.010830995,0.005070760,-0.125469009,0.992025456,1462,507,0.346785226,0.044272119,0.034860914,0.020889392,0.399202764,68.925058107,0.000000000,0.440212235,0.093708990,2.279784789,0.075359397,64.223112683,0,68,63,5,0.046511628,9,0,0,0,0,1385,9,9635,40945,13220,27,753934
684,1706585315.982692719,1706585316.082521439,1,0,0,1,45.103825250,-11.248007752,-0.030644461,-0.008364659,0.003178477,-0.125051032,0.992109958,1443,490,0.339570340,0.044785660,0.035257366,0.021982650,0.411025884,66.898348494,0.000000000,0.438121312,0.093854001,2.250246368,0.074785523,64.461127693,0,73,68,5,0.050589051,14,0,0,0,0,1356,14,9654,41018,13234,27,755290
685,1706585316.082532406,1706585316.182354927,1,0,0,1,45.185553290,-11.278885652,-0.031075484,-0.005998189,0.000205561,-0.126159111,0.991991864,1474,494,0.335142469,0.043616771,0.031098360,0.018999261,0.370414667,72.633991941,0.000000000,0.436117435,0.094029251,2.216667687,0.070555916,65.095990715,0,100,93,7,0.067842605,17,0,0,0,0,1357,17,9671,41118,13251,27,756647
686,1706585316.182765722,1706585316.281138182,1,0,0,1,45.276032971,-11.306863681,-0.031271938,-0.006351960,-0.000521064,-0.129241635,0.991592649,1402,498,0.355206847,0.044553843,0.033588527,0.020963875,0.400829126,63.735862398,0.000000000,0.435144864,0.088413866,2.193064837,0.074763296,65.126523574,0,75,73,2,0.053495007,11,0,0,0,0,1316,11,9684,41193,13262,27,757963
687,1706585316.282598495,1706585316.379769564,1,0,0,1,45.375239402,-11.336621476,-0.033392351,-0.007631140,-0.001823469,-0.132826384,0.991108265,1502,526,0.350199734,0.042576301,0.030934738,0.020010592,0.416904664,66.193994073,0.000000000,0.435303145,0.077564207,2.182299552,0.077626541,65.137846465,0,73,72,1,0.048601864,18,0,0,0,0,1411,18,9696,41266,13280,27,759374
688,1706585316.382426262,1706585316.482248783,1,0,0,1,45.492342548,-11.369510465,-0.030615049,-0.013482924,0.000076926,-0.141371101,0.989864848,1470,472,0.321088435,0.044067249,0.032620213,0.023408631,0.409536391,59.022614772,0.000000000,0.432621196,0.075421798,2.193027626,0.091638374,65.066148679,0,86,84,2,0.058503401,8,0,0,0,0,1376,8,9717,41352,13288,27,760750
689,1706585316.483060122,1706585316.582888842,1,0,0,1,45.612469953,-11.412419597,-0.031160269,-0.013846742,-0.000672799,-0.146282348,0.989145737,1494,539,0.360776439,0.046968644,0.035212236,0.022577142,0.404447787,62.428610445,0.000000000,0.430817483,0.070374339,2.204974584,0.098302467,64.857491679,0,75,74,1,0.050200803,12,0,0,0,0,1407,12,9733,41427,13300,27,762157
690,1706585316.582900047,1706585316.682507992,1,0,0,1,45.743097625,-11.462783649,-0.033666628,-0.012697041,0.001444533,-0.154087594,0.987974550,1477,492,0.333107651,0.045363194,0.031850987,0.021160247,0.447295933,64.412633580,0.000000000,0.430686628,0.052534483,2.228615641,0.113675352,64.597221231,0,75,73,2,0.050778605,12,0,0,0,0,1390,12,9750,41502,13312,27,763547
691,1706585316.682733059,1706585316.781213999,1,0,0,1,45.878289781,-11.514681548,-0.032431213,-0.013397792,0.002332453,-0.162005394,0.986696159,1485,477,0.321212121,0.041887752,0.030344239,0.021030551,0.358998258,60.214359025,0.000000000,0.426898376,0.047327141,2.252539522,0.123208010,64.441599563,0,72,67,5,0.048484848,16,0,0,0,0,1397,16,9763,41574,13328,27,764944
692,1706585316.782564402,1706585316.882398605,1,0,0,1,46.020172028,-11.568049651,-0.029233509,-0.016549697,0.006659530,-0.171624033,0.985000990,1388,459,0.330691643,0.044729218,0.030442127,0.021892883,0.273735653,64.008291876,0.000000000,0.417965674,0.042972084,2.282844795,0.137355159,64.242679300,0,53,52,1,0.038184438,14,0,0,0,0,1320,15,9768,41627,13342,27,766264
693,1706585316.882410288,1706585316.982234955,1,0,0,1,46.158539887,-11.624299722,-0.027705083,-0.017800880,0.005721836,-0.177758374,0.983896514,1341,427,0.318419090,0.045622080,0.034430446,0.023353182,0.359331733,59.751468763,0.000000000,0.411001352,0.041367530,2.310825550,0.148581564,63.963486518,0,50,49,1,0.037285608,11,0,0,0,0,1280,11,9776,41677,13353,27,767544
694,1706585316.983057976,1706585317.082884789,1,0,0,1,46.292090371,-11.681164454,-0.028519336,-0.013722727,0.000452666,-0.177729600,0.983983573,1377,459,0.333333333,0.044231218,0.033704920,0.022168412,0.303519045,54.321910895,0.000000000,0.403585822,0.039547549,2.325518763,0.144757773,63.460074749,0,65,63,2,0.047204067,16,0,0,0,0,1296,16,9795,41742,13369,27,768840
695,1706585317.082897425,1706585317.182734966,1,0,0,1,46.423352401,-11.736498723,-0.032494959,-0.012356054,0.002120421,-0.176872335,0.984153956,1387,453,0.326604182,0.048191350,0.030257147,0.021460929,0.392492992,50.041250571,0.000000000,0.401944487,0.041706001,2.329862619,0.136952780,62.777861655,0,84,80,4,0.060562365,15,0,0,0,0,1288,15,9811,41826,13384,27,770128
696,1706585317.182746649,1706585317.282578945,1,0,0,1,46.556990347,-11.779623802,-0.033193636,-0.015811384,0.002335694,-0.172674264,0.984849300,1382,475,0.343704776,0.043158095,0.034528369,0.022919640,0.320648661,57.118616203,0.000000000,0.392633680,0.038725611,2.339984956,0.137200663,62.348270390,0,56,56,0,0.040520984,10,0,0,0,0,1316,10,9821,41882,13394,27,771444
697,1706585317.282590866,1706585317.382414818,1,0,0,1,46.686229056,-11.825112360,-0.034828753,-0.016583429,0.004926673,-0.169647049,0.985353031,1398,448,0.320457797,0.044220013,0.031273352,0.021698386,0.406615319,64.285469816,0.000000000,0.387989885,0.036394227,2.348139740,0.141719021,62.543375477,0,75,72,3,0.053648069,13,0,0,0,0,1310,13,9839,41957,13407,27,772754
698,1706585317.382427454,1706585317.482126713,1,0,0,1,46.815581792,-11.865912408,-0.034812999,-0.018958299,0.005446626,-0.163698361,0.986313218,1403,451,0.321454027,0.042254714,0.030834402,0.020575597,0.338588579,59.852080606,0.000000000,0.383687267,0.035555698,2.354868233,0.152629203,62.204645716,0,70,69,1,0.049893086,17,0,0,0,0,1316,17,9849,42027,13424,27,774070
699,1706585317.483062506,1706585317.580724955,1,0,0,1,46.940085139,-11.915216767,-0.039374145,-0.013625014,0.002956795,-0.159515996,0.987096887,1404,457,0.325498575,0.041136583,0.028830239,0.018540557,0.363848674,54.259118478,0.000000000,0.383647831,0.037173064,2.371279548,0.159374716,61.737587692,0,63,62,1,0.044871795,8,0,0,0,0,1333,8,9866,42090,13432,27,775403
700,1706585317.582909822,1706585317.679434776,1,0,0,1,47.056218939,-11.959985251,-0.041092862,-0.013013999,-0.005724988,-0.158340597,0.987282186,1480,494,0.333783784,0.042757980,0.032663972,0.020496347,0.360504005,62.586413236,0.000000000,0.381038628,0.037527536,2.382262982,0.159577100,61.668218796,0,77,73,4,0.052027027,13,0,0,0,0,1390,13,9887,42167,13445,27,776793
701,1706585317.682741642,1706585317.782552242,1,0,0,1,47.189788682,-12.002190275,-0.044033661,-0.015554589,-0.005569227,-0.157139044,0.987438281,1531,536,0.350097975,0.044672343,0.030184564,0.020025621,0.348150606,60.350074361,0.000000000,0.374746293,0.037627360,2.413040614,0.157252374,61.716871687,0,75,73,2,0.048987590,21,0,0,0,0,1435,21,9900,42242,13466,27,778228
702,1706585317.782564402,1706585317.882396460,1,0,0,1,47.318859388,-12.052355917,-0.047494072,-0.013895869,-0.008163971,-0.156986517,0.987469234,1579,561,0.355288157,0.043528176,0.030835661,0.019748352,0.350217191,59.534667581,0.000000000,0.371815397,0.036880358,2.449010537,0.150170186,61.528741761,0,81,79,2,0.051298290,15,0,0,0,0,1483,15,9918,42323,13481,27,779711
703,1706585317.882408142,1706585317.982233047,1,0,0,1,47.453205597,-12.101037335,-0.051541055,-0.014995176,-0.003908715,-0.160298823,0.986946885,1548,528,0.341085271,0.042629246,0.026781408,0.017785975,0.336036377,62.263149254,0.000000000,0.368657077,0.037672994,2.501515261,0.156057396,61.195646318,0,95,89,6,0.061369509,12,0,0,0,0,1441,12,9942,42418,13493,27,781152
704,1706585317.983042002,1706585318.082862616,1,0,0,1,47.596224643,-12.152627808,-0.049402635,-0.015849326,0.001010639,-0.160341988,0.986933749,1455,504,0.346391753,0.041116405,0.027689631,0.018223583,0.326535963,59.198991433,0.000000000,0.364432581,0.040283532,2.566202215,0.154090487,60.810678465,0,78,75,3,0.053608247,21,0,0,0,0,1356,21,9963,42496,13514,27,782508
705,1706585318.082875252,1706585318.182703972,1,0,0,1,47.734414351,-12.210087713,-0.052956651,-0.012496602,-0.000852522,-0.159931903,0.987048578,1472,493,0.334918478,0.042494277,0.029894791,0.020409431,0.352809410,61.304429923,0.000000000,0.363552318,0.040897105,2.621197324,0.148750835,60.244200364,0,72,69,3,0.048913043,15,0,0,0,0,1385,15,9976,42568,13529,27,783893
706,1706585318.182715416,1706585318.282548904,1,0,0,1,47.878681321,-12.264743164,-0.058695560,-0.012912752,0.003331345,-0.163359208,0.986476524,1480,522,0.352702703,0.041401953,0.030951185,0.019480422,0.292604221,57.724721775,0.000000000,0.358141073,0.042531686,2.671982020,0.148591217,59.943643333,0,79,76,3,0.053378378,13,0,0,0,0,1388,13,9992,42647,13542,27,785281
707,1706585318.282561302,1706585318.382384300,1,0,0,1,48.019426343,-12.309832651,-0.062233981,-0.016888148,0.001804811,-0.167200493,0.985776612,1414,485,0.342998586,0.045044667,0.029634848,0.020302933,0.368879642,56.073355468,0.000000000,0.355739822,0.042560999,2.698149806,0.139071194,59.437611403,0,69,68,1,0.048797737,18,0,0,0,0,1327,18,10009,42716,13560,27,786608
708,1706585318.382397175,1706585318.482231617,1,0,0,1,48.155676057,-12.367975852,-0.069390097,-0.014850813,0.003227098,-0.169577242,0.985399715,1411,512,0.362863218,0.042747934,0.030964790,0.020066269,0.326489270,57.909912652,0.000000000,0.351587466,0.042894294,2.718897625,0.134036027,59.381976297,0,58,57,1,0.041105599,18,0,0,0,0,1335,18,10017,42774,13578,27,787943
709,1706585318.483041763,1706585318.582860708,1,0,0,1,48.288532357,-12.423817078,-0.070636296,-0.015551959,0.001432954,-0.173915098,0.984636797,1393,500,0.358937545,0.041131873,0.029207448,0.017436172,0.272968104,55.922114132,0.000000000,0.345013482,0.041394558,2.722994803,0.126939216,59.056651481,0,66,61,5,0.047379756,15,0,0,0,0,1312,15,10039,42840,13593,27,789255
710,1706585318.582872391,1706585318.682708740,1,0,0,1,48.420891403,-12.479642498,-0.074593799,-0.013095518,0.000784617,-0.175389872,0.984411644,1388,466,0.335734870,0.042572644,0.028043673,0.018581343,0.305677286,54.862065426,0.000000000,0.337932549,0.040397258,2.721882992,0.113863751,58.579123074,0,73,71,2,0.052593660,20,0,0,0,0,1295,20,10061,42913,13613,27,790550
711,1706585318.682720423,1706585318.781722546,1,0,0,1,48.553684264,-12.531868464,-0.076167022,-0.013949348,0.002878625,-0.170811286,0.985200809,1384,504,0.364161850,0.046920999,0.033241319,0.021178694,0.338544296,54.774535052,0.000000000,0.336909851,0.043351295,2.712964298,0.103442064,58.307131875,0,81,79,2,0.058526012,19,0,0,0,0,1284,19,10087,42994,13632,27,791834
712,1706585318.782558918,1706585318.880361795,1,0,0,1,48.682191810,-12.577970113,-0.077490821,-0.013554337,0.002054160,-0.165120397,0.986178136,1409,494,0.350603265,0.046031576,0.028945308,0.018880172,0.308474271,54.679608807,0.000000000,0.338646782,0.044703863,2.700125201,0.102580710,57.840697722,0,64,63,1,0.045422285,23,0,0,0,0,1322,23,10107,43058,13655,27,793156
713,1706585318.882395267,1706585318.979001522,1,0,0,1,48.806079576,-12.616659799,-0.079157628,-0.015938404,0.005220000,-0.157478521,0.987379985,1460,522,0.357534247,0.049952573,0.031486004,0.020701991,0.361965130,54.482522363,0.000000000,0.338778452,0.053857411,2.684769400,0.117727304,57.577250402,0,91,85,6,0.062328767,16,0,0,0,0,1351,18,10128,43149,13671,27,794507
714,1706585318.983058929,1706585319.082877874,1,0,0,1,48.931407993,-12.664161534,-0.081594352,-0.013667581,0.003575722,-0.149908862,0.988598879,1436,518,0.360724234,0.042868565,0.031566405,0.020988630,0.295299575,56.126210759,0.000000000,0.338367479,0.054090140,2.676315944,0.131412896,57.667465395,0,87,84,3,0.060584958,18,0,0,0,0,1331,18,10158,43236,13689,27,795838
715,1706585319.082888842,1706585319.182720423,1,0,0,1,49.042528671,-12.703439011,-0.085713054,-0.012423780,-0.001687901,-0.142111715,0.989771217,1551,573,0.369439072,0.045454018,0.031725405,0.021469181,0.314180671,57.795458091,0.000000000,0.334451863,0.049907061,2.653820317,0.138786379,58.055175771,0,108,107,1,0.069632495,21,0,0,0,0,1422,21,10183,43344,13710,27,797260
716,1706585319.182732582,1706585319.281927824,1,0,0,1,49.160287612,-12.738492395,-0.094140069,-0.009125629,0.002186951,-0.136061719,0.990655918,1526,588,0.385321101,0.043281916,0.031924738,0.018804382,0.343326085,53.851102646,0.000000000,0.335585734,0.049874671,2.639954210,0.144860986,57.891800093,0,98,94,4,0.064220183,16,0,0,0,0,1412,16,10214,43442,13726,27,798672
717,1706585319.282576084,1706585319.380544662,1,0,0,1,49.270267746,-12.771391519,-0.099735692,-0.010090859,-0.000560980,-0.130359191,0.991415322,1471,534,0.363018355,0.042593049,0.029941650,0.020959232,0.361802721,55.636762901,0.000000000,0.333345104,0.050108343,2.619251189,0.144387393,57.459364747,0,93,92,1,0.063222298,16,0,0,0,0,1362,16,10235,43535,13742,27,800034
718,1706585319.382403135,1706585319.482219219,1,0,0,1,49.382797408,-12.800368066,-0.101366644,-0.012712340,-0.004665445,-0.128237378,0.991651050,1538,600,0.390117035,0.040373398,0.027146733,0.017901647,0.304050957,54.201226058,0.000000000,0.331618223,0.052325608,2.601475087,0.140192287,57.176822020,0,93,86,7,0.060468140,18,0,0,0,0,1427,18,10261,43628,13760,27,801461
719,1706585319.483029842,1706585319.582847118,1,0,0,1,49.501486133,-12.834154982,-0.103665362,-0.012608876,0.000169320,-0.127963596,0.991698697,1570,595,0.378980892,0.041937689,0.031492589,0.017935782,0.311210729,58.463742711,0.000000000,0.328986325,0.051493858,2.600424760,0.138048439,57.387053231,0,104,102,2,0.066242038,13,0,0,0,0,1453,13,10282,43732,13773,27,802914
720,1706585319.582858086,1706585319.682685137,1,0,0,1,49.615973565,-12.868973071,-0.103411919,-0.010095165,-0.005015410,-0.126918391,0.991849109,1527,593,0.388343157,0.044639717,0.032614590,0.018989996,0.316988084,52.986450962,0.000000000,0.326810529,0.051552379,2.579979942,0.137772930,56.907055118,0,106,103,3,0.069417158,18,0,0,0,0,1403,18,10307,43838,13791,27,804317
721,1706585319.682697535,1706585319.782541275,1,0,0,1,49.738045704,-12.904356646,-0.099869776,-0.010589619,-0.006206815,-0.127759352,0.991729239,1595,622,0.389968652,0.045959360,0.033617636,0.022989169,0.295820569,57.982029035,0.000000000,0.324194028,0.052589728,2.568606041,0.139107503,56.788652852,0,112,108,4,0.070219436,22,0,0,0,0,1461,22,10329,43950,13813,27,805778
722,1706585319.782553673,1706585319.882379293,1,0,0,1,49.867845049,-12.940231258,-0.091406510,-0.011076982,-0.006099683,-0.127307891,0.991782635,1600,605,0.378125000,0.043308765,0.030464966,0.021093634,0.281425134,57.784350369,0.000000000,0.320754425,0.052625968,2.560585838,0.133238542,56.701136991,0,97,94,3,0.060625000,20,0,0,0,0,1483,20,10350,44047,13833,27,807261
723,1706585319.882391453,1706585319.982208490,1,0,0,1,49.997312463,-12.978469474,-0.086321222,-0.010983775,-0.008689904,-0.126767571,0.991833567,1592,620,0.389447236,0.042283579,0.030465178,0.020745339,0.319742651,60.697115151,0.000000000,0.319939738,0.052846374,2.543623193,0.134149086,56.622835286,0,95,95,0,0.059673367,17,0,0,0,0,1480,17,10367,44142,13850,27,808741
724,1706585319.983033180,1706585320.081471920,1,0,0,1,50.122551760,-13.020185394,-0.078217513,-0.007152090,-0.009826761,-0.128191702,0.991674932,1616,655,0.405321782,0.043499602,0.029187750,0.019483823,0.334514235,60.868569434,0.000000000,0.320338652,0.051071949,2.526173939,0.136219588,56.706314186,0,101,98,3,0.062500000,27,0,0,0,0,1488,27,10386,44243,13877,27,810229
725,1706585320.082857132,1706585320.180119038,1,0,0,1,50.250444383,-13.059602989,-0.070280090,-0.007767720,-0.011009428,-0.129940706,0.991430213,1612,638,0.395781638,0.042795582,0.030045458,0.019355264,0.293975775,58.644645066,0.000000000,0.317396970,0.050886348,2.505858607,0.132676050,56.573324943,0,119,113,6,0.073821340,18,0,0,0,0,1473,20,10407,44362,13895,27,811702
726,1706585320.182700872,1706585320.278784037,1,0,0,1,50.380455380,-13.096231978,-0.063317372,-0.008785319,-0.009456178,-0.132140044,0.991147016,1630,650,0.398773006,0.041358213,0.028487609,0.017882007,0.321509925,54.051326612,0.000000000,0.318842255,0.050941857,2.493276806,0.129361340,56.389655185,0,99,94,5,0.060736196,20,0,0,0,0,1511,20,10431,44461,13915,27,813213
727,1706585320.282541752,1706585320.382366896,1,0,0,1,50.517849922,-13.134839107,-0.057110212,-0.010279664,-0.008748548,-0.133213843,0.990995390,1617,624,0.385899814,0.043765322,0.028350452,0.018416551,0.340123970,56.518066788,0.000000000,0.317404472,0.050554757,2.487817525,0.126637653,56.411890751,0,92,90,2,0.056895485,18,0,0,0,0,1507,18,10454,44553,13933,27,814720
728,1706585320.382777691,1706585320.482595921,1,0,0,1,50.649077149,-13.180624328,-0.049675620,-0.007296603,-0.008559464,-0.134900380,0.990795328,1618,633,0.391223733,0.040974788,0.026001092,0.018641231,0.308218714,52.644513726,0.000000000,0.316490944,0.052261157,2.482881316,0.121350821,56.148620805,0,101,100,1,0.062422744,20,0,0,0,0,1497,20,10488,44654,13953,27,816217
729,1706585320.482608080,1706585320.581583500,1,0,0,1,50.779238308,-13.223164982,-0.048358418,-0.008554467,-0.006090206,-0.139405747,0.990179665,1611,639,0.396648045,0.041595687,0.025525025,0.018345738,0.312195874,51.160789641,0.000000000,0.318452333,0.051709409,2.476119505,0.127467021,55.910554580,0,96,95,1,0.059590317,26,0,0,0,0,1489,26,10516,44750,13979,27,817706
730,1706585320.582457781,1706585320.682285309,1,0,0,1,50.914783996,-13.263718403,-0.043803073,-0.009608931,-0.003876644,-0.142470184,0.989744859,1622,622,0.383477189,0.040101107,0.025670133,0.017639250,0.359343016,53.459410603,0.000000000,0.321135619,0.054570135,2.474972638,0.124434070,55.840421839,0,106,103,3,0.065351418,22,0,0,0,0,1494,22,10543,44856,14001,27,819200
731,1706585320.683096170,1706585320.782920361,1,0,0,1,51.050246374,-13.308782874,-0.042665032,-0.008496289,-0.002464299,-0.142963453,0.989688431,1642,648,0.394640682,0.039538442,0.024689374,0.016436565,0.293870003,53.796248879,0.000000000,0.318901904,0.055291064,2.481205572,0.113892807,55.791507530,0,98,94,4,0.059683313,20,0,0,0,0,1524,20,10572,44954,14021,27,820724
732,1706585320.782932281,1706585320.882755041,1,0,0,1,51.184761912,-13.351889841,-0.031601550,-0.009610489,-0.001213591,-0.147820511,0.988966765,1602,619,0.386392010,0.036460756,0.024292747,0.015575381,0.314477737,52.416758127,0.000000000,0.319202078,0.063121845,2.493092728,0.108344205,55.678364996,0,105,98,7,0.065543071,20,0,0,0,0,1477,20,10608,45059,14041,27,822201
733,1706585320.882766724,1706585320.982592106,1,0,0,1,51.318868839,-13.396415474,-0.026433873,-0.010207886,-0.004664005,-0.148510852,0.988847093,1587,654,0.412098299,0.036750080,0.023278381,0.014204293,0.279135838,52.219263408,0.000000000,0.315060613,0.057690790,2.500441927,0.094296994,55.565202048,0,88,85,3,0.055450536,16,0,0,0,0,1483,16,10628,45147,14057,27,823684
734,1706585320.982604504,1706585321.082416058,1,0,0,1,51.446978842,-13.452488777,-0.021900599,-0.003999038,-0.009445249,-0.151343794,0.988427970,1627,641,0.393976644,0.038748777,0.023125331,0.015708880,0.269904695,58.140790357,0.000000000,0.313790869,0.060105508,2.522429526,0.084194305,55.665931028,0,119,117,2,0.073140750,30,0,0,0,0,1478,30,10647,45266,14087,27,825162
735,1706585321.082427740,1706585321.182246923,1,0,0,1,51.577173723,-13.497349983,-0.018797827,-0.006879115,-0.006410178,-0.155572648,0.987779701,1662,676,0.406738869,0.040443389,0.027406854,0.018143010,0.289933969,56.194988985,0.000000000,0.312578534,0.057251136,2.537017477,0.080586450,55.585907573,0,115,108,7,0.069193742,19,0,0,0,0,1528,19,10680,45381,14106,27,826690
736,1706585321.183057785,1706585321.282409430,1,0,0,1,51.710178896,-13.538120290,-0.008345679,-0.010225532,-0.007116813,-0.158229042,0.987323837,1604,664,0.413965087,0.043221997,0.029983491,0.018216996,0.221931731,58.904868940,0.000000000,0.306508816,0.057202636,2.561591492,0.074346791,55.838595888,0,125,121,4,0.077930175,20,0,0,0,0,1459,20,10715,45506,14126,27,828149
737,1706585321.282896519,1706585321.381085157,1,0,0,1,51.837996923,-13.578486187,-0.007149908,-0.014601858,-0.006295328,-0.160080648,0.986975856,1644,658,0.400243309,0.039381606,0.027946740,0.017450179,0.228748841,50.161050567,0.000000000,0.299856122,0.058155516,2.579425334,0.073657373,55.564810271,0,114,103,11,0.069343066,13,0,0,0,0,1515,15,10746,45620,14139,27,829664
738,1706585321.382720232,1706585321.479724884,1,0,0,1,51.965668889,-13.633996745,-0.004875996,-0.008639450,-0.004905942,-0.162534867,0.986652780,1619,662,0.408894379,0.036271818,0.027048612,0.016466033,0.214921092,51.957291301,0.000000000,0.295399629,0.064233357,2.595236052,0.078297765,55.452613533,0,121,115,6,0.074737492,18,0,0,0,0,1475,23,10781,45741,14157,27,831139
739,1706585321.482557058,1706585321.578438759,1,0,0,1,52.088272729,-13.682652170,-0.003423103,-0.008737789,-0.007559265,-0.167493469,0.985805481,1624,629,0.387315271,0.035576632,0.023288370,0.015503218,0.212126458,51.862505665,0.000000000,0.290445416,0.071016417,2.607484422,0.086131739,55.122551681,0,96,93,3,0.059113300,18,0,0,0,0,1509,19,10814,45837,14175,27,832648
740,1706585321.582397461,1706585321.682220936,1,0,0,1,52.222446944,-13.726417119,0.001956142,-0.013399308,-0.004010293,-0.169916749,0.985359160,1632,689,0.422181373,0.038011464,0.026708800,0.017162847,0.272893123,49.448635465,0.000000000,0.288240668,0.069717461,2.621572186,0.089364487,54.945660906,0,120,117,3,0.073529412,23,0,0,0,0,1489,23,10836,45957,14198,27,834137
741,1706585321.683031321,1706585321.782859087,1,0,0,1,52.348210892,-13.775828479,0.009352034,-0.015559976,-0.006681450,-0.173141153,0.984751434,1573,641,0.407501589,0.035226052,0.025890016,0.014057317,0.192065966,48.977665098,0.000000000,0.283052937,0.068926787,2.621965397,0.094904401,54.495442709,0,106,104,2,0.067387158,11,0,0,0,0,1456,11,10857,46063,14209,27,835593
742,1706585321.782871723,1706585321.882713795,1,0,0,1,52.470970552,-13.825914254,0.013329793,-0.016906991,-0.008819727,-0.175973588,0.984210172,1557,633,0.406551060,0.033026020,0.020789273,0.014317083,0.231242504,49.881994467,0.000000000,0.280543806,0.076770880,2.619517120,0.099454407,54.100324914,0,91,88,3,0.058445729,15,0,0,0,0,1451,15,10877,46154,14224,27,837044
743,1706585321.882724762,1706585321.982563734,1,0,0,1,52.594312630,-13.878213281,0.016314188,-0.016128763,-0.012330618,-0.178746676,0.983685643,1597,656,0.410770194,0.032060298,0.021818576,0.014993216,0.217571580,46.234055845,0.000000000,0.275435252,0.086105273,2.621269532,0.102103776,53.377171949,0,74,72,2,0.046336882,16,0,0,0,0,1507,16,10889,46228,14240,27,838551
744,1706585321.982575417,1706585322.082421541,1,0,0,1,52.724654184,-13.930681830,0.018019202,-0.015602262,-0.012161877,-0.179823867,0.983499891,1551,624,0.402321083,0.035070875,0.022247965,0.015792656,0.236751661,48.208872394,0.000000000,0.270547124,0.085215185,2.627721206,0.100804896,52.744187097,0,81,80,1,0.052224371,12,0,0,0,0,1458,12,10900,46309,14252,27,840009
745,1706585322.082432985,1706585322.182252884,1,0,0,1,52.852242087,-13.988386899,0.020482408,-0.012736004,-0.010931313,-0.179291250,0.983652860,1510,605,0.400662252,0.030139838,0.019572242,0.012507366,0.243218377,48.220154772,0.000000000,0.268009254,0.095057119,2.632521696,0.097366928,52.222962582,0,62,61,1,0.041059603,9,0,0,0,0,1439,9,10913,46371,14261,27,841448
746,1706585322.183065176,1706585322.282898426,1,0,0,1,52.986827617,-14.037951657,0.022827156,-0.015253159,-0.008995866,-0.177153827,0.984023850,1485,617,0.415488215,0.033453702,0.022249005,0.014711254,0.226224210,51.133319629,0.000000000,0.263244968,0.096882864,2.633112452,0.099595715,52.077062233,0,65,64,1,0.043771044,10,0,0,0,0,1410,10,10921,46436,14271,27,842858
747,1706585322.282910824,1706585322.382748842,1,0,0,1,53.122808730,-14.089281316,0.022954723,-0.012803573,-0.006834529,-0.171906131,0.985006416,1496,609,0.407085561,0.030283023,0.020831337,0.013312278,0.217463638,49.526299813,0.000000000,0.257111951,0.099308460,2.639275127,0.106705907,51.727473884,0,60,60,0,0.040106952,7,0,0,0,0,1429,7,10931,46496,14278,27,844287
748,1706585322.382760525,1706585322.482599258,1,0,0,1,53.252649196,-14.138766838,0.022426377,-0.012286637,-0.006456538,-0.171352170,0.985112068,1564,625,0.399616368,0.031226563,0.019944509,0.012965864,0.211250428,51.416186640,0.000000000,0.252263537,0.102359743,2.641284128,0.098715712,51.666057530,0,72,69,3,0.046035806,16,0,0,0,0,1476,16,10943,46568,14294,27,845763
749,1706585322.482610464,1706585322.582140446,1,0,0,1,53.386698251,-14.185001671,0.022755996,-0.014492586,-0.004030512,-0.168097721,0.985655557,1521,636,0.418145957,0.032510015,0.020157909,0.014715696,0.248209947,50.074462791,0.000000000,0.249064241,0.100366767,2.641527473,0.099096123,51.611741187,0,58,57,1,0.038132807,11,0,0,0,0,1452,11,10949,46626,14305,27,847215
750,1706585322.582451820,1706585322.680800438,1,0,0,1,53.515968933,-14.226159497,0.023421461,-0.017951624,-0.004517606,-0.167576985,0.985685185,1521,636,0.418145957,0.032804882,0.021754389,0.014550789,0.257487624,51.459026700,0.000000000,0.243971471,0.099204947,2.634427583,0.099184308,51.511721992,0,61,53,8,0.040105194,13,0,0,0,0,1441,19,10966,46687,14318,27,848656
751,1706585322.683081865,1706585322.779443264,1,0,0,1,53.644800714,-14.273366482,0.025653458,-0.018738411,0.000609697,-0.169363598,0.985375295,1550,602,0.388387097,0.035644752,0.023737991,0.017081707,0.252637496,48.225223165,0.000000000,0.241909846,0.096282237,2.629967653,0.093137628,51.233170706,0,70,67,3,0.045161290,16,0,0,0,0,1458,22,10981,46757,14334,27,850114
752,1706585322.782923698,1706585322.882750273,1,0,0,1,53.767676171,-14.320913258,0.026238332,-0.018122464,-0.007539455,-0.167573611,0.985664151,1505,597,0.396677741,0.034198864,0.023068768,0.016273400,0.249797443,51.858045279,0.000000000,0.238675831,0.096524709,2.620322985,0.095681969,51.205235064,0,55,52,3,0.036544850,20,0,0,0,0,1430,20,10992,46812,14354,27,851544
753,1706585322.882762432,1706585322.982584000,1,0,0,1,53.889651766,-14.365724247,0.030784687,-0.018939467,-0.010339269,-0.169962532,0.985214258,1595,630,0.394984326,0.035980351,0.022545399,0.016087694,0.258163970,48.781835995,0.000000000,0.237627238,0.096248898,2.610431289,0.094645463,51.033363693,0,78,77,1,0.048902821,15,0,0,0,0,1502,15,11002,46890,14369,27,853046
754,1706585322.982595682,1706585323.082408667,1,0,0,1,54.014834671,-14.409698294,0.031093004,-0.023285890,-0.007943529,-0.172088768,0.984774148,1552,592,0.381443299,0.036937298,0.023789110,0.017366919,0.264555903,49.270393378,0.000000000,0.237359798,0.094395918,2.605371498,0.090408621,50.589843844,0,70,69,1,0.045103093,14,0,0,0,0,1468,14,11006,46960,14383,27,854514
755,1706585323.082419634,1706585323.182253361,1,0,0,1,54.138135313,-14.460103912,0.033274667,-0.020535873,-0.012828670,-0.173076546,0.984610691,1516,594,0.391820580,0.036378814,0.024052498,0.016107115,0.264930337,50.409607512,0.000000000,0.236109617,0.088685397,2.599089419,0.087017808,50.300574771,0,47,46,1,0.031002639,13,0,0,0,0,1456,13,11014,47007,14396,27,855970
756,1706585323.183063507,1706585323.282896280,1,0,0,1,54.264665553,-14.511260864,0.041346586,-0.019917552,-0.014004816,-0.174049043,0.984435923,1503,564,0.375249501,0.033890420,0.022317478,0.014817825,0.253418170,49.317660753,0.000000000,0.237683938,0.070639534,2.601762616,0.085291683,49.821214361,0,66,64,2,0.043912176,10,0,0,0,0,1427,10,11025,47073,14406,27,857397
757,1706585323.282909155,1706585323.382732868,1,0,0,1,54.386242680,-14.558172014,0.046988054,-0.021745545,-0.017663697,-0.176100356,0.983973470,1512,572,0.378306878,0.035689308,0.023485083,0.015647695,0.246354372,50.090413710,0.000000000,0.238564215,0.063460906,2.592962132,0.084228880,49.817682519,0,66,65,1,0.043650794,14,0,0,0,0,1432,14,11038,47139,14420,27,858829
758,1706585323.382744789,1706585323.482570410,1,0,0,1,54.516483037,-14.606970296,0.048631643,-0.022967673,-0.018013246,-0.177988074,0.983599641,1467,579,0.394683027,0.037594586,0.023356864,0.016171910,0.266648221,48.351186088,0.000000000,0.241150571,0.065676994,2.600140448,0.077981768,49.637377258,0,56,56,0,0.038173142,11,0,0,0,0,1400,11,11047,47195,14431,27,860229
759,1706585323.482582331,1706585323.582409143,1,0,0,1,54.642467598,-14.653222767,0.056261509,-0.024330129,-0.025742911,-0.178077484,0.983378746,1459,542,0.371487320,0.038920968,0.023209781,0.016540482,0.256446630,45.514828449,0.000000000,0.243366580,0.071296225,2.593329774,0.073127249,49.319993397,0,62,60,2,0.042494859,15,0,0,0,0,1382,15,11056,47257,14446,27,861611
760,1706585323.582421541,1706585323.682233572,1,0,0,1,54.770878859,-14.703692720,0.062692237,-0.020450895,-0.024355879,-0.177256852,0.983650629,1459,536,0.367374914,0.038467757,0.023823401,0.016985056,0.275552046,45.975519932,0.000000000,0.243499526,0.072259139,2.596128370,0.068107792,49.146337620,0,62,59,3,0.042494859,17,0,0,0,0,1380,17,11074,47319,14463,27,862991
761,1706585323.683046341,1706585323.782876968,1,0,0,1,54.907190088,-14.749334801,0.070502807,-0.022174426,-0.024070577,-0.170120059,0.984879723,1477,554,0.375084631,0.033803043,0.022351389,0.016539821,0.248285435,49.863169814,0.000000000,0.246310500,0.072346367,2.607446353,0.077024167,49.190612856,0,63,59,4,0.042654028,8,0,0,0,0,1406,8,11093,47382,14471,27,864397
762,1706585323.782889128,1706585323.882013321,1,0,0,1,55.038653689,-14.798040785,0.076875756,-0.018723799,-0.023351711,-0.163299676,0.986122372,1543,593,0.384316267,0.036590459,0.025128431,0.015996806,0.259205213,53.809303884,0.000000000,0.247708635,0.072622936,2.613782158,0.085096771,49.386978327,0,70,68,2,0.045366170,15,0,0,0,0,1455,18,11108,47452,14486,27,865852
763,1706585323.882723570,1706585323.980685949,1,0,0,1,55.177132415,-14.834244129,0.089535184,-0.022163569,-0.017266272,-0.158470979,0.986963830,1562,590,0.377720871,0.038443884,0.025852690,0.017966992,0.270450764,53.682290573,0.000000000,0.250352594,0.073793264,2.616957737,0.092717077,49.759390064,0,69,62,7,0.044174136,16,0,0,0,0,1471,22,11128,47521,14502,27,867323
764,1706585323.982569456,1706585324.079373598,1,0,0,1,55.315275958,-14.879991992,0.098693885,-0.018554457,-0.012518054,-0.150700410,0.988326068,1591,598,0.375864236,0.040762185,0.028667483,0.019469772,0.285321717,51.454125833,0.000000000,0.252781097,0.081721045,2.622714969,0.107219432,49.921652735,0,69,68,1,0.043368950,13,0,0,0,0,1509,13,11140,47590,14515,27,868832
765,1706585324.082407236,1706585324.182229996,1,0,0,1,55.455185826,-14.927295330,0.104589301,-0.015582133,-0.008023782,-0.147205358,0.988950655,1574,590,0.374841169,0.039351500,0.025894810,0.016794971,0.340558895,52.355258747,0.000000000,0.257648123,0.077593034,2.627081352,0.109736967,50.128407934,0,80,78,2,0.050825921,13,0,0,0,0,1481,13,11165,47670,14528,27,870313
766,1706585324.183040619,1706585324.282877684,1,0,0,1,55.591917567,-14.966987035,0.109052007,-0.022259902,-0.006010039,-0.146636391,0.988921708,1624,604,0.371921182,0.041814911,0.029782896,0.018870403,0.296632659,56.070920616,0.000000000,0.261168545,0.083817079,2.624181011,0.100379556,50.375287984,0,107,104,3,0.065886700,16,0,0,0,0,1501,16,11189,47777,14544,27,871814
767,1706585324.282889366,1706585324.382717371,1,0,0,1,55.729574362,-15.014209191,0.115168827,-0.022069465,0.003788011,-0.151440727,0.988212677,1538,581,0.377763329,0.040102652,0.026637746,0.018060165,0.320907050,50.880831113,0.000000000,0.266340716,0.077568088,2.630888742,0.109392442,50.443014549,0,75,71,4,0.048764629,11,0,0,0,0,1452,11,11209,47852,14555,27,873266
768,1706585324.382728815,1706585324.482547998,1,0,0,1,55.857947314,-15.071839304,0.121828091,-0.017709844,0.004865684,-0.160031058,0.986941106,1466,576,0.392905866,0.038387797,0.026349461,0.016886053,0.281576870,49.173118710,0.000000000,0.269857038,0.069911727,2.629962838,0.120229300,50.330861152,0,67,67,0,0.045702592,12,0,0,0,0,1387,12,11219,47919,14567,27,874653
769,1706585324.482560396,1706585324.582392931,1,0,0,1,55.997829593,-15.128835084,0.120377409,-0.012750987,0.015273790,-0.161527130,0.986667680,1408,540,0.383522727,0.040132194,0.028717172,0.018692353,0.275815210,49.417761267,0.000000000,0.271237301,0.066023392,2.645351840,0.122475784,50.298026076,0,61,61,0,0.043323864,13,0,0,0,0,1334,13,11230,47980,14580,27,875987
770,1706585324.582405090,1706585324.682235479,1,0,0,1,56.136773701,-15.179666698,0.120674712,-0.012318333,0.013446046,-0.158172739,0.987243054,1351,542,0.401184308,0.040357600,0.031498817,0.019086989,0.285473802,47.301759245,0.000000000,0.272636610,0.061578355,2.656076041,0.125567016,50.090162703,0,72,68,4,0.053293856,5,0,0,0,0,1274,5,11250,48052,14585,27,877261
771,1706585324.683045387,1706585324.782879353,1,0,0,1,56.274182334,-15.232698838,0.123299981,-0.009583781,0.012995560,-0.155363999,0.987725313,1392,538,0.386494253,0.039835400,0.030056992,0.017135482,0.267583112,48.360014860,0.000000000,0.273383891,0.061149093,2.671631571,0.127451195,50.096902288,0,70,67,3,0.050287356,9,0,0,0,0,1313,9,11265,48122,14594,27,878574
772,1706585324.782891035,1706585324.882726669,1,0,0,1,56.411266587,-15.284414713,0.122799289,-0.007302492,0.015152365,-0.152178264,0.988209925,1366,507,0.371156662,0.039116902,0.027292036,0.015811583,0.247655116,45.307554367,0.000000000,0.273276775,0.056880740,2.688121436,0.129136998,49.769377742,0,63,62,1,0.046120059,13,0,0,0,0,1290,13,11275,48185,14607,27,879864
773,1706585324.882738113,1706585324.982561588,1,0,0,1,56.539558169,-15.330978370,0.122821016,-0.003278453,0.006110332,-0.147524306,0.989034122,1411,542,0.384124734,0.039655206,0.031110360,0.016479640,0.264192439,48.957790935,0.000000000,0.273578198,0.055711870,2.691919634,0.134521312,49.778175489,0,69,68,1,0.048901488,15,0,0,0,0,1326,16,11286,48254,14622,27,881190
774,1706585324.982573509,1706585325.082403660,1,0,0,1,56.672073570,-15.365490586,0.122780412,-0.004216398,0.007226766,-0.139493448,0.990187646,1475,600,0.406779661,0.041825183,0.031539925,0.017565812,0.276586287,49.389629471,0.000000000,0.274179717,0.058104192,2.695631855,0.148796094,49.784137294,0,76,75,1,0.051525424,19,0,0,0,0,1380,19,11310,48330,14641,27,882570
775,1706585325.082415819,1706585325.181545496,1,0,0,1,56.796703218,-15.393948687,0.126020398,-0.004081616,0.003491604,-0.128709734,0.991667764,1503,591,0.393213573,0.047303385,0.033518335,0.020382838,0.275701054,55.869662226,0.000000000,0.274718253,0.073718792,2.686791330,0.168641164,50.057140030,0,75,74,1,0.049900200,21,0,0,0,0,1407,21,11323,48405,14662,27,883977
776,1706585325.183054447,1706585325.280285835,1,0,0,1,56.916076288,-15.424113105,0.129857471,-0.003794353,0.000122627,-0.117797767,0.993030349,1526,606,0.397116645,0.042291768,0.035349462,0.019702212,0.269887310,51.643658445,0.000000000,0.275541710,0.068284132,2.679540603,0.186644992,50.173439914,0,105,99,6,0.068807339,20,0,0,0,0,1398,23,11354,48510,14682,27,885375
777,1706585325.282894850,1706585325.379049540,1,0,0,1,57.030380719,-15.451737659,0.135049868,-0.006033509,0.001986394,-0.114433615,0.993410589,1527,610,0.399476097,0.043157855,0.033396503,0.017701706,0.263127987,58.535559413,0.000000000,0.276380391,0.066647549,2.658158546,0.189617926,50.595697199,0,90,87,3,0.058939096,24,0,0,0,0,1412,25,11383,48600,14706,27,886787
778,1706585325.382731438,1706585325.482567310,1,0,0,1,57.148080527,-15.476333906,0.140603996,-0.009653054,-0.000852196,-0.112319407,0.993624901,1518,604,0.397891963,0.042179134,0.033330380,0.019336423,0.262170391,53.051617413,0.000000000,0.276156499,0.066000892,2.644105823,0.193871850,50.830718766,0,82,80,2,0.054018445,8,0,0,0,0,1428,8,11400,48682,14714,27,888215
779,1706585325.482579708,1706585325.582416058,1,0,0,1,57.258827495,-15.502463126,0.145669946,-0.008754814,-0.001871533,-0.107611474,0.994152715,1481,636,0.429439568,0.041997788,0.032584612,0.018899131,0.247562014,55.512883470,0.000000000,0.275712269,0.066119091,2.619882963,0.201921886,51.330621517,0,66,65,1,0.044564483,13,0,0,0,0,1402,13,11415,48748,14727,27,889617
780,1706585325.582427263,1706585325.682259321,1,0,0,1,57.367695891,-15.525606387,0.150410559,-0.008677880,-0.004504776,-0.103405914,0.994591182,1507,631,0.418712674,0.042673716,0.033781143,0.019464087,0.248369380,55.133102521,0.000000000,0.274353135,0.066138895,2.587323343,0.195824039,51.788500646,0,88,86,2,0.058394161,18,0,0,0,0,1401,18,11439,48836,14745,27,891018
781,1706585325.683069229,1706585325.782899618,1,0,0,1,57.483284092,-15.553562064,0.154352029,-0.007213560,-0.007212622,-0.100511252,0.994883627,1462,583,0.398768810,0.039525669,0.029173829,0.018478904,0.234374461,54.254753775,0.000000000,0.273657587,0.054290656,2.565968533,0.187997843,52.008079844,0,89,84,5,0.060875513,15,0,0,0,0,1358,15,11460,48925,14760,27,892376
782,1706585325.782912731,1706585325.882734299,1,0,0,1,57.611691828,-15.576589168,0.155927022,-0.010382337,-0.003746968,-0.095935119,0.995326389,1425,575,0.403508772,0.040210798,0.034398178,0.019056269,0.205400160,54.869275594,0.000000000,0.270967334,0.048881816,2.552742454,0.187357225,52.061078430,0,74,72,2,0.051929825,8,0,0,0,0,1343,8,11471,48999,14768,27,893719
783,1706585325.882745743,1706585325.982575417,1,0,0,1,57.751518084,-15.596888701,0.157597116,-0.014723170,0.002053386,-0.094764365,0.995388732,1420,581,0.409154930,0.042280106,0.031134447,0.019603431,0.226613799,55.248790072,0.000000000,0.268775486,0.047019474,2.548234987,0.174094422,52.139403405,0,61,59,2,0.042957746,17,0,0,0,0,1342,17,11486,49060,14785,27,895061
784,1706585325.982587814,1706585326.082398891,1,0,0,1,57.896226935,-15.626264734,0.155492477,-0.016326983,0.010332494,-0.093197245,0.995460166,1362,558,0.409691630,0.040912948,0.031886906,0.020015951,0.228721409,48.449541452,0.000000000,0.265945470,0.046981099,2.548102659,0.170054709,51.989174186,0,79,77,2,0.058002937,9,0,0,0,0,1274,9,11501,49139,14794,27,896335
785,1706585326.082410574,1706585326.182230473,1,0,0,1,58.033070766,-15.667021956,0.148640523,-0.003613283,0.009773228,-0.087512839,0.996108895,1340,540,0.402985075,0.041025082,0.031907193,0.019599178,0.237758070,48.567808068,0.000000000,0.260805429,0.045814473,2.548605185,0.180498138,51.799801652,0,61,60,1,0.045522388,8,0,0,0,0,1271,8,11508,49200,14802,27,897606
786,1706585326.183040380,1706585326.282866240,1,0,0,1,58.169458205,-15.711098843,0.137146103,0.011164739,0.006658180,-0.082455809,0.996509938,1342,527,0.392697466,0.042400930,0.032483818,0.019716244,0.283179630,45.938057975,0.000000000,0.260132778,0.046101741,2.546738511,0.180765687,51.293158520,0,58,56,2,0.043219076,13,0,0,0,0,1271,13,11522,49258,14815,27,898877
787,1706585326.282878160,1706585326.382556438,1,0,0,1,58.306227276,-15.730133653,0.135224233,0.007699908,0.008168946,-0.077745329,0.996910048,1252,516,0.412140575,0.040336483,0.028880091,0.017856129,0.220685386,46.884705429,0.000000000,0.255121694,0.045931380,2.543966228,0.172759748,51.093352235,0,56,53,3,0.044728435,7,0,0,0,0,1189,7,11534,49314,14822,27,900066
788,1706585326.382718563,1706585326.481328487,1,0,0,1,58.439280576,-15.733876656,0.136552303,-0.003875949,0.002411611,-0.070041846,0.997533609,1218,501,0.411330049,0.041443596,0.033253736,0.019238639,0.225657903,46.457371086,0.000000000,0.252325746,0.042867908,2.526023585,0.184715315,50.957564854,0,73,69,4,0.059934319,6,0,0,0,0,1138,7,11549,49387,14828,27,901204
789,1706585326.482563496,1706585326.580006361,1,0,0,1,58.580817463,-15.737362413,0.141718735,-0.013198754,0.010069692,-0.064816142,0.997759120,1185,496,0.418565401,0.041605179,0.029828223,0.016986195,0.231010603,46.037970681,0.000000000,0.250085516,0.042186938,2.519746933,0.188061437,50.788575325,0,59,55,4,0.049789030,17,0,0,0,0,1107,19,11561,49446,14845,27,902311
790,1706585326.582413435,1706585326.678827047,1,0,0,1,58.716033060,-15.750905405,0.143134930,-0.012970857,0.006082218,-0.058572017,0.998180386,1109,430,0.387736700,0.041046454,0.030582672,0.018191675,0.200796143,46.732180185,0.000000000,0.245851633,0.041760961,2.508335773,0.194929109,50.760096372,0,48,45,3,0.043282236,16,0,0,0,0,1044,17,11568,49494,14861,27,903355
791,1706585326.683053970,1706585326.782880306,1,0,0,1,58.856078477,-15.767684279,0.147171897,-0.012315324,0.004303707,-0.051901793,0.998566981,1096,448,0.408759124,0.039245534,0.030564375,0.018574012,0.224782535,43.629532791,0.000000000,0.243711604,0.042596213,2.502924725,0.201900693,50.523572268,0,52,51,1,0.047445255,8,0,0,0,0,1036,8,11574,49546,14869,27,904391
792,1706585326.782892227,1706585326.882635593,1,0,0,1,58.993270414,-15.789404081,0.142166178,-0.005812102,0.004100187,-0.047548807,0.998843591,1049,425,0.405147760,0.038690312,0.028463199,0.018395020,0.185938212,48.922299781,0.000000000,0.240625759,0.043366687,2.505435079,0.201000970,50.704309539,0,47,46,1,0.044804576,11,0,0,0,0,991,11,11582,49593,14880,27,905382
793,1706585326.882735252,1706585326.981530428,1,0,0,1,59.121469048,-15.806031775,0.142202916,-0.004743940,-0.001077051,-0.045078928,0.998971584,1039,429,0.412897016,0.039103654,0.030522384,0.018422715,0.250470720,41.555737691,0.000000000,0.239939673,0.044163942,2.497771701,0.189800253,50.334206877,0,43,43,0,0.041385948,7,0,0,0,0,989,7,11589,49636,14887,27,906371
794,1706585326.982579470,1706585327.082391024,1,0,0,1,59.259124769,-15.813716901,0.144309706,-0.011971833,-0.001022786,-0.044615004,0.998931995,1018,426,0.418467583,0.039333187,0.027228018,0.016684541,0.206695874,44.601046739,0.000000000,0.236445152,0.045628917,2.507779379,0.168936717,50.094777740,0,48,46,2,0.047151277,12,0,0,0,0,958,12,11600,49684,14899,27,907329
795,1706585327.082414865,1706585327.182242870,1,0,0,1,59.404775241,-15.816880752,0.142938736,-0.018669427,0.007839038,-0.040965068,0.998955387,1053,435,0.413105413,0.040332587,0.027575235,0.018873474,0.206870861,47.083066748,0.000000000,0.233003642,0.031881062,2.530285656,0.153904959,49.655447966,0,38,36,2,0.036087369,10,0,0,0,0,1005,10,11609,49722,14909,27,908334
796,1706585327.183053493,1706585327.282873392,1,0,0,1,59.546134961,-15.841041411,0.138122667,-0.010637330,0.010023802,-0.039771498,0.999101896,1019,409,0.401373896,0.041454531,0.029692274,0.019952769,0.247148435,43.790589046,0.000000000,0.231866699,0.031198075,2.556066354,0.149606218,49.262794496,0,53,50,3,0.052011776,12,0,0,0,0,954,12,11618,49775,14921,27,909288
797,1706585327.282884836,1706585327.382704973,1,0,0,1,59.684524033,-15.878629759,0.125487564,0.004188761,0.015023166,-0.042702147,0.998966108,1035,418,0.403864734,0.041101522,0.029229284,0.017964935,0.205429099,45.252377668,0.000000000,0.228981754,0.028743855,2.579654362,0.150852580,48.598635409,0,48,47,1,0.046376812,12,0,0,0,0,975,12,11629,49823,14933,27,910263
798,1706585327.382716894,1706585327.482549191,1,0,0,1,59.821298519,-15.907028515,0.122505910,0.006662736,0.018757371,-0.051645291,0.998467092,1038,421,0.405587669,0.039443729,0.028420271,0.018312469,0.221643582,41.376871984,0.000000000,0.226955414,0.028740506,2.605477446,0.159173337,48.014898138,0,30,30,0,0.028901734,9,0,0,0,0,999,9,11632,49853,14942,27,911262
799,1706585327.482561111,1706585327.582400322,1,0,0,1,59.948707745,-15.915622112,0.128384425,-0.009347429,0.007112502,-0.058464557,0.998220383,1088,424,0.389705882,0.041465988,0.030635429,0.018382253,0.226360391,47.651933662,0.000000000,0.225895333,0.028174013,2.621909365,0.164667782,47.621850647,0,60,56,4,0.055147059,9,0,0,0,0,1019,9,11643,49913,14951,27,912281
800,1706585327.582412004,1706585327.682236433,1,0,0,1,60.075714379,-15.926305734,0.127447161,-0.020269568,0.003442054,-0.069020290,0.997403377,1129,445,0.394154119,0.041527806,0.031600037,0.019265380,0.217728313,42.192070732,0.000000000,0.224363279,0.026372089,2.630381918,0.179965796,46.974799058,0,58,57,1,0.051372896,13,0,0,0,0,1058,13,11645,49971,14964,27,913339
801,1706585327.683045149,1706585327.781077623,1,0,0,1,60.199675662,-15.958491568,0.122141271,-0.016272486,0.005625309,-0.083539977,0.996355677,1172,487,0.415529010,0.039783496,0.029153676,0.018276267,0.255757750,42.302106181,0.000000000,0.225432444,0.026073073,2.628097744,0.199956516,46.377166678,0,74,72,2,0.063139932,8,0,0,0,0,1089,9,11660,50045,14972,27,914428
802,1706585327.782887697,1706585327.879977465,1,0,0,1,60.312812368,-16.001963463,0.117389231,-0.006943491,-0.004591829,-0.093895330,0.995547272,1280,541,0.422656250,0.039404316,0.027191512,0.019487084,0.257586069,46.074596057,0.000000000,0.228041739,0.026847107,2.608090069,0.218292191,45.937432701,0,61,59,2,0.047656250,12,0,0,0,0,1205,14,11665,50106,14984,27,915633
803,1706585327.882734776,1706585327.982552528,1,0,0,1,60.437534067,-16.040605000,0.112421311,-0.006743358,-0.000655795,-0.107981140,0.994129856,1376,564,0.409883721,0.042855698,0.030055519,0.017415375,0.262083239,46.742085207,0.000000000,0.229815211,0.028071056,2.591079673,0.243804922,45.512097458,0,70,66,4,0.050872093,13,0,0,0,0,1292,14,11680,50176,14997,27,916925
804,1706585327.982565403,1706585328.082397699,1,0,0,1,60.562725835,-16.076601847,0.105552433,-0.009442408,-0.000693486,-0.120221125,0.992701990,1506,636,0.422310757,0.041208595,0.028853709,0.018769219,0.268373912,50.782687207,0.000000000,0.231797836,0.028196941,2.578576095,0.256777356,45.628754746,0,89,84,5,0.059096946,15,0,0,0,0,1402,15,11706,50265,15012,27,918327
805,1706585328.082410336,1706585328.182249308,1,0,0,1,60.698850074,-16.125640082,0.096268381,-0.005967746,0.009270165,-0.131150508,0.991301162,1512,625,0.413359788,0.041872407,0.031691534,0.019940717,0.244410526,47.887466011,0.000000000,0.232130459,0.028874027,2.579768440,0.268579856,45.594737643,0,85,81,4,0.056216931,21,0,0,0,0,1406,21,11725,50350,15033,27,919733
806,1706585328.183058023,1706585328.282894850,1,0,0,1,60.833706143,-16.173349191,0.097090914,-0.007709083,0.017250768,-0.146253048,0.989066745,1428,621,0.434873950,0.040799255,0.027869947,0.018182307,0.266514448,49.348712816,0.000000000,0.231297200,0.027276215,2.584716690,0.289901747,45.765270385,0,75,73,2,0.052521008,13,0,0,0,0,1339,14,11748,50425,15046,27,921072
807,1706585328.282907248,1706585328.382739782,1,0,0,1,60.973700109,-16.213402376,0.097138330,-0.017056164,0.023466424,-0.157004718,0.987171684,1349,580,0.429948110,0.045221825,0.032347956,0.022234691,0.261335788,45.839286522,0.000000000,0.233329720,0.036559896,2.597215151,0.296939194,45.712999440,0,84,83,1,0.062268347,25,0,0,0,0,1240,25,11768,50509,15071,27,922312
808,1706585328.382750988,1706585328.482597589,1,0,0,1,61.101808669,-16.271501095,0.095673143,-0.012696369,0.012597264,-0.161661102,0.986684245,1399,562,0.401715511,0.041380252,0.028687264,0.018730267,0.279204378,43.695008598,0.000000000,0.236007044,0.036533302,2.596215955,0.295529309,45.574881315,0,63,59,4,0.045032166,15,0,0,0,0,1321,15,11786,50572,15086,27,923633
809,1706585328.482609034,1706585328.582437038,1,0,0,1,61.202246873,-16.334846452,0.093665178,-0.000530989,-0.014796663,-0.165837617,0.986041917,1469,545,0.371000681,0.043490496,0.029928072,0.018634480,0.286105657,44.238989420,0.000000000,0.238761797,0.038922136,2.579078812,0.291104565,45.484932252,0,64,62,2,0.043567052,16,0,0,0,0,1389,16,11799,50636,15102,27,925022
810,1706585328.582449198,1706585328.682258606,1,0,0,1,61.310235347,-16.399145660,0.091143517,0.009928301,-0.028019858,-0.166021573,0.985673959,1588,629,0.396095718,0.045785586,0.032020591,0.022110296,0.268803832,48.655907417,0.000000000,0.242162181,0.046444479,2.563681107,0.278870744,45.581118614,0,85,83,2,0.053526448,20,0,0,0,0,1483,20,11814,50721,15122,27,926505
811,1706585328.683068991,1706585328.782898188,1,0,0,1,61.433524461,-16.461079488,0.083906283,0.017693077,-0.027858797,-0.162545678,0.986148947,1570,620,0.394904459,0.042908129,0.030750069,0.019357087,0.270195940,46.788520945,0.000000000,0.244432851,0.045797317,2.562851046,0.276786593,45.739068022,0,73,72,1,0.046496815,21,0,0,0,0,1476,21,11825,50794,15143,27,927981
812,1706585328.782909870,1706585328.882755756,1,0,0,1,61.555403545,-16.520743509,0.079675952,0.027109978,-0.022045684,-0.166242998,0.985465526,1616,615,0.380569307,0.042323627,0.027429387,0.018778634,0.276810321,48.630048859,0.000000000,0.248976457,0.043367455,2.569343824,0.279269878,45.724455476,0,81,80,1,0.050123762,23,0,0,0,0,1512,23,11839,50875,15166,27,929493
813,1706585328.882766962,1706585328.982179165,1,0,0,1,61.683220239,-16.557797137,0.093572404,0.018374284,-0.003257411,-0.174135676,0.984544840,1497,595,0.397461590,0.042991539,0.029112334,0.019385968,0.284384811,46.147034026,0.000000000,0.250672161,0.041613509,2.565260451,0.293148316,45.954020292,0,71,69,2,0.047428190,17,0,0,0,0,1409,17,11850,50946,15183,27,930902
814,1706585328.982614517,1706585329.080909491,1,0,0,1,61.806206508,-16.573199306,0.109470851,-0.007618829,0.003179634,-0.179885659,0.983652882,1394,559,0.401004304,0.047111654,0.033669383,0.021588437,0.262733243,45.529847481,0.000000000,0.253474030,0.047613044,2.544531603,0.297820865,46.000460329,0,80,75,5,0.057388809,16,0,0,0,0,1297,17,11867,51026,15199,27,932199
815,1706585329.082445621,1706585329.179759264,1,0,0,1,61.922624334,-16.591572476,0.119107323,-0.033509396,0.003332332,-0.186589844,0.981860604,1369,548,0.400292184,0.042376701,0.029557296,0.020098745,0.275467319,46.996763823,0.000000000,0.256903853,0.046498126,2.519293218,0.308980840,45.996145183,0,63,59,4,0.046018992,15,0,0,0,0,1290,16,11881,51089,15214,27,933489
816,1706585329.183089972,1706585329.282918930,1,0,0,1,62.048368118,-16.640339941,0.122839744,-0.036860966,0.009476730,-0.194172817,0.980228738,1352,508,0.375739645,0.041283160,0.028488571,0.019964930,0.255900298,42.385854796,0.000000000,0.257341446,0.046595579,2.510255737,0.319314190,45.925908471,0,52,51,1,0.038461538,12,0,0,0,0,1288,12,11895,51141,15226,27,934777
817,1706585329.282929897,1706585329.382758856,1,0,0,1,62.158303731,-16.707214691,0.117834030,-0.027463124,0.002636232,-0.198415160,0.979729683,1322,537,0.406202723,0.037906895,0.027237906,0.017303300,0.219316469,41.711862607,0.000000000,0.258035814,0.051605876,2.499307794,0.309707843,45.748882718,0,57,53,4,0.043116490,6,0,0,0,0,1259,6,11911,51198,15232,27,936036
818,1706585329.382770300,1706585329.482610941,1,0,0,1,62.270652680,-16.779136610,0.114377008,-0.016030354,0.001274819,-0.201491906,0.979358165,1304,501,0.384202454,0.040974339,0.027353090,0.019496020,0.236056576,42.960380580,0.000000000,0.258756464,0.049908565,2.504916719,0.301989617,45.828058147,0,57,55,2,0.043711656,14,0,0,0,0,1233,14,11919,51255,15246,27,937269
819,1706585329.482623100,1706585329.582446575,1,0,0,1,62.396512790,-16.836282818,0.119528490,-0.018498454,0.003006650,-0.204124273,0.978765574,1245,503,0.404016064,0.040601937,0.027567605,0.019487610,0.210859735,42.682421473,0.000000000,0.257981431,0.050483251,2.515780152,0.286286949,45.579582538,0,57,54,3,0.045783133,13,0,0,0,0,1175,13,11927,51312,15259,27,938444
820,1706585329.582458496,1706585329.682280064,1,0,0,1,62.518711887,-16.889656887,0.125054548,-0.022500471,0.001319119,-0.210604174,0.977311553,1278,467,0.365414710,0.037062528,0.023528320,0.017219271,0.232651779,37.823493380,0.000000000,0.258727605,0.057091483,2.521060128,0.270269913,45.361153670,0,49,46,3,0.038341158,11,0,0,0,0,1218,11,11936,51361,15270,27,939662
821,1706585329.683092356,1706585329.782920122,1,0,0,1,62.645818850,-16.953836728,0.128194886,-0.021752846,0.001673132,-0.211691752,0.977092942,1210,493,0.407438017,0.040018368,0.028254769,0.018440671,0.230495963,38.696970785,0.000000000,0.257464515,0.056843646,2.542191598,0.251949125,45.180896900,0,47,45,2,0.038842975,11,0,0,0,0,1152,11,11945,51408,15281,27,940814
822,1706585329.782932043,1706585329.882769823,1,0,0,1,62.776875520,-17.011629013,0.131471783,-0.023220113,0.002703120,-0.207105193,0.978039344,1209,478,0.395368073,0.040627878,0.027270441,0.019089280,0.255101162,38.505070015,0.000000000,0.257340270,0.055588449,2.554797417,0.232925688,44.802420598,0,61,59,2,0.050454921,20,0,0,0,0,1128,20,11956,51469,15301,27,941942
823,1706585329.882780790,1706585329.982613087,1,0,0,1,62.910123247,-17.070153946,0.130872121,-0.020752207,0.003110540,-0.198264954,0.979923813,1252,525,0.419329073,0.040493132,0.028092131,0.018669022,0.240486467,38.228364033,0.000000000,0.256260431,0.055995162,2.569887447,0.226320152,44.376734540,0,63,61,2,0.050319489,17,0,0,0,0,1172,17,11967,51532,15318,27,943114
824,1706585329.982625484,1706585330.082465887,1,0,0,1,63.041240960,-17.124672265,0.131477770,-0.015771891,0.000847769,-0.185458763,0.982525102,1337,541,0.404637248,0.038143738,0.026066113,0.018336844,0.220239073,43.005607580,0.000000000,0.253853689,0.059361627,2.566903750,0.230287734,43.987880558,0,52,52,0,0.038893044,11,0,0,0,0,1274,11,11977,51584,15329,27,944388
825,1706585330.082477331,1706585330.182303190,1,0,0,1,63.175210753,-17.172723627,0.128599363,-0.015121314,0.003131634,-0.173894544,0.984643197,1400,558,0.398571429,0.042146666,0.027477614,0.019055272,0.261494533,42.986878292,0.000000000,0.254707890,0.059386505,2.566210452,0.222983734,43.742851172,0,55,51,4,0.039285714,16,0,0,0,0,1329,16,11993,51639,15345,27,945717
826,1706585330.182715178,1706585330.281915188,1,0,0,1,63.301839019,-17.212571978,0.124382251,-0.018095237,0.002377649,-0.167845319,0.985644387,1440,593,0.411805556,0.041999284,0.029371438,0.020614620,0.272275330,43.140419809,0.000000000,0.254995934,0.059119039,2.553416567,0.212932817,43.432436522,0,82,79,3,0.056944444,16,0,0,0,0,1342,16,12012,51721,15361,27,947059
827,1706585330.282551527,1706585330.380759239,1,0,0,1,63.419655086,-17.255964846,0.120046953,-0.020970690,0.004019794,-0.168854203,0.985409727,1473,601,0.408010862,0.042957270,0.029474079,0.019916244,0.280518861,42.666360937,0.000000000,0.255955087,0.056568448,2.538369594,0.206232502,43.273790243,0,68,67,1,0.046164291,18,0,0,0,0,1386,19,12022,51789,15379,27,948445
828,1706585330.382392883,1706585330.479694366,1,0,0,1,63.532627589,-17.302908322,0.119583141,-0.022099955,0.000871589,-0.172415192,0.984776032,1477,576,0.389979689,0.042781459,0.029294810,0.019426908,0.312093488,43.304803465,0.000000000,0.257599543,0.056769903,2.541945661,0.205114549,43.254279986,0,74,73,1,0.050101557,23,0,0,0,0,1380,23,12040,51863,15402,27,949825
829,1706585330.483024597,1706585330.582831860,1,0,0,1,63.651550633,-17.356074692,0.120919943,-0.021921721,0.001512021,-0.179006628,0.983602450,1431,552,0.385744235,0.038680543,0.028421246,0.019436726,0.266459910,42.945668484,0.000000000,0.256617256,0.058295865,2.546511960,0.217351033,43.189613939,0,51,49,2,0.035639413,14,0,0,0,0,1366,14,12049,51914,15416,27,951191
830,1706585330.582843542,1706585330.682672977,1,0,0,1,63.767437290,-17.407760497,0.120002465,-0.023443222,-0.000789992,-0.182941983,0.982843844,1389,571,0.411087113,0.039979499,0.027055248,0.018423062,0.227407751,43.382004811,0.000000000,0.254547452,0.053935287,2.535244832,0.218557963,42.925918809,0,51,51,0,0.036717063,23,0,0,0,0,1315,23,12056,51965,15439,27,952506
831,1706585330.682684660,1706585330.782509565,1,0,0,1,63.886194398,-17.462607761,0.120235493,-0.020570229,0.001444651,-0.187945591,0.981962949,1345,538,0.400000000,0.040940100,0.030251437,0.019135277,0.230183949,40.450574659,0.000000000,0.252546852,0.053188902,2.530290622,0.221365016,42.609021495,0,57,53,4,0.042379182,9,0,0,0,0,1279,9,12066,52022,15448,27,953785
832,1706585330.782521725,1706585330.882339716,1,0,0,1,63.999257562,-17.513669335,0.122421288,-0.018805887,-0.003042081,-0.190427777,0.981516350,1342,556,0.414307004,0.041966461,0.029333730,0.018874116,0.248115627,38.851067610,0.000000000,0.251112117,0.052995741,2.520565784,0.211448214,42.120072432,0,51,51,0,0.038002981,19,0,0,0,0,1272,19,12078,52073,15467,27,955057
833,1706585330.882750750,1706585330.982581377,1,0,0,1,64.122552774,-17.564244715,0.124428387,-0.018941704,-0.000998426,-0.188381779,0.981912685,1387,569,0.410237924,0.041147914,0.023938724,0.016797349,0.253079328,39.709601107,0.000000000,0.249546843,0.052003076,2.528883531,0.203886222,41.798200786,0,49,49,0,0.035328046,15,0,0,0,0,1323,15,12081,52122,15482,27,956380
834,1706585330.982593775,1706585331.082418680,1,0,0,1,64.243803047,-17.608573932,0.125375301,-0.021005082,-0.002983666,-0.183247093,0.982837925,1371,551,0.401896426,0.038893783,0.026140321,0.018704354,0.244901033,41.478899558,0.000000000,0.248655233,0.040444496,2.539734569,0.200813898,41.595653390,0,54,52,2,0.039387309,14,0,0,0,0,1303,14,12084,52176,15496,27,957683
835,1706585331.082431316,1706585331.181620836,1,0,0,1,64.363240558,-17.651949772,0.121704713,-0.019492492,-0.005385994,-0.175509680,0.984269976,1437,599,0.416840640,0.041654203,0.030715653,0.020736843,0.239357737,42.776658439,0.000000000,0.246849754,0.039665238,2.531936491,0.200718310,41.384648121,0,61,60,1,0.042449548,14,0,0,0,0,1362,14,12095,52237,15510,27,959045
836,1706585331.183081627,1706585331.282920122,1,0,0,1,64.490407038,-17.696426806,0.123098402,-0.020108193,0.000028080,-0.171138754,0.985041718,1405,561,0.399288256,0.040981825,0.028451361,0.018063070,0.258507701,44.144100437,0.000000000,0.246980124,0.039534552,2.537888358,0.201213463,41.472560403,0,79,75,4,0.056227758,16,0,0,0,0,1310,16,12114,52316,15526,27,960355
837,1706585331.282931566,1706585331.382751942,1,0,0,1,64.607171395,-17.738260997,0.122290726,-0.020449159,-0.003604478,-0.164141883,0.986218171,1475,586,0.397288136,0.042064045,0.027597698,0.020039347,0.257845243,42.648376852,0.000000000,0.248906562,0.037315184,2.528480430,0.209268551,41.519386115,0,73,70,3,0.049491525,18,0,0,0,0,1384,18,12130,52389,15544,27,961739
838,1706585331.382763863,1706585331.482580662,1,0,0,1,64.726479462,-17.775140465,0.128014001,-0.022429677,-0.003600204,-0.158320767,0.987126376,1556,612,0.393316195,0.037966165,0.027945703,0.017921612,0.247786211,46.851936351,0.000000000,0.249493044,0.040186869,2.515167427,0.215661545,41.713963904,0,75,74,1,0.048200514,12,0,0,0,0,1469,12,12151,52464,15556,27,963208
839,1706585331.482592821,1706585331.581982851,1,0,0,1,64.840247312,-17.815666517,0.127812557,-0.021123244,-0.002632586,-0.157027269,0.987364834,1559,617,0.395766517,0.041781297,0.029173433,0.021208590,0.266049924,49.042359510,0.000000000,0.252252554,0.040665491,2.502476565,0.205065815,42.031960806,0,84,79,5,0.053880693,22,0,0,0,0,1453,22,12177,52548,15578,27,964661
840,1706585331.582418203,1706585331.680931807,1,0,0,1,64.956151338,-17.855613320,0.128067066,-0.021768103,-0.004266831,-0.158739267,0.987071319,1554,612,0.393822394,0.041794854,0.029120339,0.020035737,0.303606463,48.698119751,0.000000000,0.255800288,0.035564277,2.482645903,0.206218836,42.575692124,0,90,88,2,0.057915058,18,0,0,0,0,1445,19,12188,52638,15596,27,966106
841,1706585331.683061838,1706585331.782887459,1,0,0,1,65.070928463,-17.904597714,0.132239859,-0.018687279,-0.008005200,-0.162375912,0.986519521,1535,558,0.363517915,0.041923470,0.028547173,0.019528598,0.260892933,44.678796183,0.000000000,0.257320136,0.035597231,2.464237661,0.204180124,42.874783394,0,71,65,6,0.046254072,13,0,0,0,0,1451,13,12210,52709,15609,27,967557
842,1706585331.782899141,1706585331.882727146,1,0,0,1,65.182856123,-17.957940428,0.131017308,-0.014686956,-0.007812384,-0.171600223,0.985026204,1502,555,0.369507324,0.040850473,0.028691359,0.019031972,0.240257923,43.993641016,0.000000000,0.256577974,0.035547906,2.442697419,0.204952475,43.149211944,0,75,73,2,0.049933422,17,0,0,0,0,1409,18,12225,52784,15626,27,968966
843,1706585331.882740021,1706585331.982568979,1,0,0,1,65.292367496,-17.999681957,0.135839425,-0.020286370,-0.017671058,-0.176341881,0.983961248,1499,583,0.388925951,0.038592131,0.026845745,0.018076716,0.213371896,48.984097920,0.000000000,0.255222246,0.037751705,2.417991757,0.188064822,43.686998639,0,85,77,8,0.056704470,12,0,0,0,0,1401,13,12240,52869,15638,27,970367
844,1706585331.982580423,1706585332.082414865,1,0,0,1,65.407676871,-18.042887731,0.126283188,-0.027514379,-0.014051908,-0.184784282,0.982293374,1451,555,0.382494831,0.040124565,0.029530843,0.019882535,0.275313912,41.817875608,0.000000000,0.257975988,0.034762660,2.399144481,0.181628088,43.627612040,0,72,69,3,0.049620951,13,0,0,0,0,1366,13,12253,52941,15651,27,971733
845,1706585332.082426786,1706585332.182251215,1,0,0,1,65.519447888,-18.098226791,0.124173852,-0.024855758,-0.012865936,-0.192303574,0.980936285,1391,530,0.381020848,0.041144658,0.026899032,0.016567474,0.250353063,38.299356535,0.000000000,0.257418914,0.034189674,2.391065552,0.184772518,43.393235952,0,67,64,3,0.048166786,16,0,0,0,0,1308,16,12267,53008,15667,27,973041
846,1706585332.183060646,1706585332.282893419,1,0,0,1,65.625562910,-18.164482736,0.118397057,-0.016573269,-0.013721878,-0.197349280,0.980097086,1344,495,0.368303571,0.042305662,0.032130571,0.017963028,0.257231439,43.081411324,0.000000000,0.256666720,0.034505413,2.390671941,0.193199490,43.390285528,0,58,57,1,0.043154762,11,0,0,0,0,1275,11,12272,53066,15678,27,974316
847,1706585332.282905102,1706585332.382403851,1,0,0,1,65.720512370,-18.222455284,0.113768433,-0.011128446,-0.016149180,-0.208434056,0.977839765,1255,493,0.392828685,0.049369844,0.035516941,0.023103639,0.259205335,40.673299702,0.000000000,0.255601043,0.055548930,2.379678203,0.208921277,43.290632466,0,53,52,1,0.042231076,15,0,0,0,0,1187,15,12285,53119,15693,27,975503
848,1706585332.382741690,1706585332.480790615,1,0,0,1,65.826010660,-18.268271164,0.114037000,-0.022337853,-0.016025311,-0.212634143,0.976745070,1219,459,0.376538146,0.046521235,0.035899953,0.021123198,0.199826538,42.263966810,0.000000000,0.249987696,0.061474266,2.364422507,0.203700231,43.238590633,0,64,62,2,0.052502051,9,0,0,0,0,1146,9,12294,53183,15702,27,976649
849,1706585332.482574940,1706585332.582406044,1,0,0,1,65.932413826,-18.317227831,0.114383638,-0.024581160,-0.021637417,-0.211331567,0.976865680,1214,421,0.346787479,0.041389257,0.029756121,0.019669463,0.219261126,41.962014991,0.000000000,0.247627757,0.059367947,2.354654964,0.198680533,43.189407959,0,45,43,2,0.037067545,7,0,0,0,0,1162,7,12300,53228,15709,27,977811
850,1706585332.582417965,1706585332.682244539,1,0,0,1,66.037869809,-18.365954941,0.118951010,-0.026173078,-0.021157496,-0.212147412,0.976657978,1190,451,0.378991597,0.042304701,0.032891675,0.019208382,0.227359073,36.017058167,0.000000000,0.247625323,0.058651029,2.340102933,0.189988010,42.821160627,0,49,47,2,0.041176471,8,0,0,0,0,1133,8,12307,53277,15717,27,978944
851,1706585332.683056355,1706585332.782884836,1,0,0,1,66.145339492,-18.418489072,0.123599658,-0.023635945,-0.023337941,-0.209921262,0.977153901,1246,475,0.381219904,0.042490416,0.031201334,0.019845363,0.221535749,41.847492228,0.000000000,0.247192913,0.058535083,2.335737866,0.189547378,42.891006505,0,68,67,1,0.054574639,9,0,0,0,0,1169,9,12319,53345,15726,27,980113
852,1706585332.782896519,1706585332.882267237,1,0,0,1,66.254759364,-18.480314874,0.115466965,-0.016299094,-0.022439984,-0.206102768,0.978137227,1232,439,0.356331169,0.046005763,0.033766709,0.023107528,0.206744279,43.509242194,0.000000000,0.245124345,0.062290577,2.328399254,0.192889541,43.123915234,0,54,50,4,0.043831169,10,0,0,0,0,1168,10,12335,53399,15736,27,981281
853,1706585332.882729769,1706585332.981426716,1,0,0,1,66.364528443,-18.538289243,0.117247498,-0.011515317,-0.021995137,-0.209855798,0.977417084,1219,434,0.356029532,0.045516323,0.035103048,0.020226342,0.227850254,40.763447363,0.000000000,0.243862892,0.064410911,2.323447086,0.190247911,43.176607547,0,60,59,1,0.049220673,12,0,0,0,0,1147,12,12346,53459,15748,27,982428
854,1706585332.982562780,1706585333.082395077,1,0,0,1,66.483268399,-18.591936072,0.120462956,-0.015945325,-0.014390419,-0.212776246,0.976864848,1162,416,0.358003442,0.049138015,0.039559195,0.023308829,0.263727265,36.621953000,0.000000000,0.244804203,0.070253138,2.326660189,0.180286134,42.933760219,0,65,56,9,0.055938038,8,0,0,0,0,1089,8,12364,53524,15756,27,983517
855,1706585333.082406521,1706585333.182237625,1,0,0,1,66.598921671,-18.651572560,0.120767799,-0.012355313,-0.015265931,-0.207282848,0.978083901,1182,431,0.364636210,0.044423500,0.036668850,0.022927901,0.222387673,40.297148826,0.000000000,0.243955700,0.070320358,2.322056931,0.182721678,42.809784738,0,52,51,1,0.043993232,5,0,0,0,0,1124,6,12375,53576,15761,27,984641
856,1706585333.183048487,1706585333.282862186,1,0,0,1,66.712777851,-18.718807157,0.118666948,0.001019241,-0.014118674,-0.201350374,0.979416995,1224,430,0.351307190,0.043255678,0.033945907,0.021678157,0.222165204,42.984712724,0.000000000,0.242138575,0.069451971,2.330264699,0.180137242,42.751815353,0,60,59,1,0.049019608,6,0,0,0,0,1158,6,12389,53636,15767,27,985799
857,1706585333.282873392,1706585333.382697105,1,0,0,1,66.823081811,-18.770398454,0.121296720,-0.002033470,-0.012281308,-0.203042722,0.979090745,1223,411,0.336058872,0.048139418,0.037068170,0.023727959,0.284680212,41.042523283,0.000000000,0.243480324,0.073526507,2.327056872,0.171670505,42.671522674,0,66,59,7,0.053965658,11,0,0,0,0,1144,13,12407,53702,15778,27,986943
858,1706585333.382709026,1706585333.482536554,1,0,0,1,66.935453050,-18.808038908,0.127457827,-0.012331200,-0.012782347,-0.201215849,0.979385897,1220,417,0.341803279,0.044477388,0.034510195,0.021579006,0.221478715,40.083713702,0.000000000,0.242164949,0.067629754,2.324954174,0.173100680,42.333111542,0,76,75,1,0.062295082,9,0,0,0,0,1135,9,12415,53778,15787,27,988078
859,1706585333.482547760,1706585333.582362890,1,0,0,1,67.057208971,-18.856957937,0.122074964,-0.013500813,-0.000839642,-0.196817956,0.980346732,1231,430,0.349309504,0.042571055,0.032843884,0.023560156,0.226463542,42.355817622,0.000000000,0.240185630,0.067130587,2.333685212,0.178512437,41.998784448,0,49,45,4,0.039805037,11,0,0,0,0,1170,12,12425,53827,15798,27,989248
860,1706585333.582773209,1706585333.681501627,1,0,0,1,67.185012340,-18.916612209,0.115962388,-0.004967312,0.013011730,-0.188045557,0.982061551,1223,402,0.328699918,0.048097634,0.038036042,0.022889428,0.255732270,38.426765294,0.000000000,0.237791920,0.069460403,2.349995181,0.188824251,41.485216725,0,62,58,4,0.050695012,12,0,0,0,0,1149,12,12435,53889,15810,27,990397
861,1706585333.682611704,1706585333.780034065,1,0,0,1,67.303926543,-18.979182327,0.113084285,0.005211871,0.015193419,-0.175545970,0.984340190,1174,417,0.355195911,0.046834743,0.032757231,0.022712277,0.278356441,41.207672896,0.000000000,0.238665095,0.069662468,2.360402232,0.195692058,41.311660560,0,49,48,1,0.041737649,6,0,0,0,0,1119,6,12445,53938,15816,27,991516
862,1706585333.782441378,1706585333.878576279,1,0,0,1,67.431792117,-19.024138405,0.109693202,0.006900556,0.026695210,-0.162855521,0.986264583,1232,421,0.341720779,0.048202209,0.035271943,0.021788843,0.330648308,42.752181947,0.000000000,0.243184615,0.069528432,2.378687044,0.212149362,41.249587607,0,80,74,6,0.064935065,11,0,0,0,0,1141,11,12469,54018,15827,27,992657
863,1706585333.883079052,1706585333.982886553,1,0,0,1,67.568621985,-19.054024496,0.107867258,0.000172984,0.030252607,-0.150685506,0.988118732,1231,461,0.374492283,0.045057208,0.036782482,0.022390889,0.277840832,41.418837598,0.000000000,0.246408061,0.061961483,2.395246268,0.219381777,40.871324591,0,65,58,7,0.052802600,11,0,0,0,0,1155,11,12490,54083,15838,27,993812
864,1706585333.982910395,1706585334.082733631,1,0,0,1,67.695974996,-19.079816213,0.100487299,-0.007591405,0.027265255,-0.138624750,0.989940481,1306,444,0.339969372,0.043444082,0.033711981,0.022565751,0.297075116,43.015726705,0.000000000,0.247496122,0.057381139,2.400655920,0.228015137,40.931217146,0,89,88,1,0.068147014,8,0,0,0,0,1209,8,12512,54172,15846,27,995021
865,1706585334.082744837,1706585334.181979895,1,0,0,1,67.817990045,-19.108425940,0.103414753,-0.010638265,0.026857122,-0.130220751,0.991064114,1359,481,0.353936718,0.045459461,0.035031639,0.022161451,0.281952803,44.337208424,0.000000000,0.249076109,0.053604878,2.400780181,0.234318208,41.233109740,0,101,99,2,0.074319352,13,0,0,0,0,1245,13,12531,54273,15859,27,996266
866,1706585334.182591677,1706585334.281149626,1,0,0,1,67.936142758,-19.142699592,0.097315831,-0.012345259,0.028049247,-0.129480382,0.991108301,1349,496,0.367679763,0.044892762,0.034534106,0.022559978,0.267075694,45.852245250,0.000000000,0.249568321,0.051396383,2.412609934,0.212865249,41.371651436,0,77,75,2,0.057079318,10,0,0,0,0,1262,10,12536,54350,15869,27,997528
867,1706585334.282433033,1706585334.382272005,1,0,0,1,68.050355834,-19.180449898,0.087621213,-0.012301724,0.025992523,-0.129111790,0.991212995,1375,486,0.353454545,0.049465511,0.036621870,0.021998448,0.279003189,46.444992292,0.000000000,0.250558214,0.051573015,2.418272447,0.205508315,41.660236066,0,75,65,10,0.054545455,11,0,0,0,0,1286,14,12562,54425,15880,27,998814
868,1706585334.383081913,1706585334.482911110,1,0,0,1,68.160440212,-19.211333993,0.083437778,-0.015896601,0.021647708,-0.131853314,0.990905333,1457,514,0.352779684,0.044795884,0.035444807,0.020048820,0.318718164,47.639535152,0.000000000,0.256502795,0.051412351,2.415557502,0.208122785,41.929014483,0,75,66,9,0.051475635,4,0,0,0,0,1377,5,12586,54500,15884,27,1000191
869,1706585334.482922554,1706585334.582747459,1,0,0,1,68.275783267,-19.242054880,0.081747019,-0.019603340,0.025793427,-0.133503758,0.990518629,1438,482,0.335187761,0.050321151,0.036452572,0.023631322,0.253991152,49.790815546,0.000000000,0.258239297,0.052291241,2.418674591,0.210225850,42.320454511,0,85,77,8,0.059109875,15,0,0,0,0,1336,17,12612,54585,15899,27,1001527
870,1706585334.582758904,1706585334.682594538,1,0,0,1,68.383928719,-19.281031948,0.071537172,-0.016694611,0.026602043,-0.136309248,0.990168375,1422,492,0.345991561,0.045539784,0.033006936,0.020870687,0.251705650,49.928601338,0.000000000,0.259456626,0.049223614,2.414369196,0.211335059,43.016031669,0,77,69,8,0.054149086,10,0,0,0,0,1332,13,12636,54662,15909,27,1002859
871,1706585334.682606220,1706585334.782434464,1,0,0,1,68.491251046,-19.314698011,0.067436050,-0.018000367,0.025141428,-0.135610030,0.990279665,1449,495,0.341614907,0.045186315,0.035314923,0.021923676,0.325088361,45.021026309,0.000000000,0.264634256,0.046230062,2.400981192,0.205324494,43.174708373,0,92,86,6,0.063492063,15,0,0,0,0,1337,20,12651,54754,15924,27,1004196
872,1706585334.782445669,1706585334.882269621,1,0,0,1,68.594942104,-19.339465294,0.064774604,-0.022959291,0.023102927,-0.134569184,0.990368750,1464,530,0.362021858,0.046369003,0.034524071,0.023748627,0.294662399,46.143050029,0.000000000,0.269030162,0.046237226,2.383471442,0.199442787,43.306398765,0,97,90,7,0.066256831,10,0,0,0,0,1356,11,12673,54851,15934,27,1005552
873,1706585334.883080959,1706585334.981011629,1,0,0,1,68.704580250,-19.365242201,0.058823972,-0.025071045,0.027456777,-0.134013881,0.990281701,1381,464,0.335988414,0.046864563,0.036627973,0.022983143,0.246246180,50.064189869,0.000000000,0.269949958,0.046236430,2.365920014,0.194358592,43.771435890,0,88,83,5,0.063721941,10,0,0,0,0,1282,11,12688,54939,15944,27,1006834
874,1706585334.982894897,1706585335.079669952,1,0,0,1,68.806068070,-19.395979038,0.055574697,-0.023687425,0.021852231,-0.129011532,0.991119272,1388,466,0.335734870,0.042777701,0.030931349,0.019699582,0.278820439,47.271861356,0.000000000,0.270704617,0.046589638,2.341885911,0.193753559,44.303931308,0,78,75,3,0.056195965,13,0,0,0,0,1297,13,12708,55017,15957,27,1008131
875,1706585335.082729340,1706585335.182561874,1,0,0,1,68.921006073,-19.435288782,0.042331313,-0.016397134,0.021983268,-0.124026111,0.991899891,1382,490,0.354558611,0.044693910,0.036493304,0.023316686,0.270055344,46.903446111,0.000000000,0.273088001,0.046401807,2.331837258,0.192330159,44.634246172,0,58,55,3,0.041968162,6,0,0,0,0,1318,6,12715,55075,15963,27,1009449
876,1706585335.182573557,1706585335.282402039,1,0,0,1,69.034869134,-19.459229108,0.041985814,-0.021362234,0.021739046,-0.123043066,0.991933200,1431,509,0.355695318,0.042563054,0.032178960,0.020468134,0.276386591,50.989502837,0.000000000,0.275799070,0.047455745,2.326389171,0.190782264,45.034485678,0,96,90,6,0.067085954,7,0,0,0,0,1328,7,12732,55171,15970,27,1010777
877,1706585335.282414675,1706585335.382248640,1,0,0,1,69.152642797,-19.477088745,0.043362994,-0.028612908,0.016483527,-0.120101894,0.992212240,1412,517,0.366147309,0.044762604,0.032546226,0.021197412,0.276465819,45.175697216,0.000000000,0.275388350,0.046340158,2.326849400,0.192815307,45.241144375,0,80,76,4,0.056657224,9,0,0,0,0,1323,9,12749,55251,15979,27,1012100
878,1706585335.383059263,1706585335.482346058,1,0,0,1,69.273908990,-19.496061037,0.043968170,-0.036487032,0.012917183,-0.118004716,0.992258399,1491,521,0.349429913,0.043202814,0.031349525,0.018565339,0.266595595,49.959265467,0.000000000,0.277644194,0.047546912,2.318266111,0.188326933,45.734921963,0,96,95,1,0.064386318,13,0,0,0,0,1382,13,12772,55347,15992,27,1013482
879,1706585335.482906580,1706585335.582741976,1,0,0,1,69.403476704,-19.528660175,0.036005068,-0.033874077,0.013906878,-0.119101466,0.992206625,1459,532,0.364633310,0.044422334,0.031712510,0.019543759,0.313850862,49.364971064,0.000000000,0.282013560,0.045437431,2.310936377,0.172951198,46.085379635,0,72,70,2,0.049348869,7,0,0,0,0,1380,7,12786,55419,15999,27,1014862
880,1706585335.582754850,1706585335.682579279,1,0,0,1,69.535397911,-19.563128773,0.033536037,-0.033187397,0.010071848,-0.118884807,0.992302150,1514,547,0.361294584,0.044252871,0.033096355,0.019716610,0.280981797,49.516233614,0.000000000,0.283276037,0.044339547,2.312906633,0.148014826,46.639853051,0,82,81,1,0.054161162,10,0,0,0,0,1422,10,12809,55501,16009,27,1016284
881,1706585335.682590961,1706585335.782414198,1,0,0,1,69.676630071,-19.598001445,0.028719884,-0.033750365,0.017133759,-0.121674704,0.991848080,1508,536,0.355437666,0.043821576,0.031226127,0.020506686,0.274928918,50.893862571,0.000000000,0.283104661,0.044572562,2.322879334,0.128441963,47.124162535,0,74,71,3,0.049071618,17,0,0,0,0,1417,17,12828,55575,16026,27,1017701
882,1706585335.782425165,1706585335.882246733,1,0,0,1,69.824021235,-19.628845415,0.027202551,-0.037690621,0.022762658,-0.122241640,0.991523202,1424,526,0.369382022,0.042441513,0.029323109,0.019380030,0.278647696,47.184433916,0.000000000,0.280504630,0.044344240,2.333403287,0.105943411,47.345775133,0,62,62,0,0.043539326,9,0,0,0,0,1353,9,12839,55637,16035,27,1019054
883,1706585335.883059025,1706585335.982876062,1,0,0,1,69.970128599,-19.672170157,0.022311798,-0.033677984,0.023857622,-0.122533748,0.991605813,1429,520,0.363890833,0.042183124,0.031286861,0.020837133,0.295989007,45.452808005,0.000000000,0.281412039,0.046562915,2.355729405,0.082397858,47.547473654,0,73,73,0,0.051084675,6,0,0,0,0,1350,6,12852,55710,16041,27,1020404
884,1706585335.982887030,1706585336.082716703,1,0,0,1,70.123099856,-19.701685760,0.020122294,-0.040628345,0.034479001,-0.126287022,0.990561520,1434,495,0.345188285,0.041809741,0.030313036,0.020002262,0.276168843,44.026414064,0.000000000,0.280366725,0.048535204,2.386179006,0.074451557,47.598008022,0,64,61,3,0.044630404,11,0,0,0,0,1359,11,12866,55774,16052,27,1021763
885,1706585336.082729816,1706585336.181934834,1,0,0,1,70.270445746,-19.732504462,0.016442389,-0.045356568,0.037327774,-0.127481325,0.990099960,1290,446,0.345736434,0.044426575,0.030711281,0.021571914,0.286371304,42.529780476,0.000000000,0.280587650,0.048496859,2.413583927,0.076098129,47.507636624,0,64,57,7,0.049612403,8,0,0,0,0,1214,12,12886,55838,16060,27,1022977
886,1706585336.182570934,1706585336.280589581,1,0,0,1,70.406123811,-19.777207582,0.016411149,-0.042359648,0.030211313,-0.128119525,0.990393015,1309,482,0.368220015,0.039943579,0.028089798,0.019146981,0.267486171,47.462715898,0.000000000,0.280608174,0.054107747,2.435756525,0.075592383,47.588160157,0,61,53,8,0.046600458,4,0,0,0,0,1239,9,12899,55899,16064,27,1024216
887,1706585336.282399654,1706585336.379273891,1,0,0,1,70.538082226,-19.816905189,0.015057594,-0.045865438,0.023884226,-0.132120107,0.989883924,1381,507,0.367125272,0.039973209,0.028292040,0.017046380,0.296575820,46.965153579,0.000000000,0.281486806,0.052569613,2.459152380,0.077641923,47.614168221,0,55,53,2,0.039826213,8,0,0,0,0,1318,8,12909,55954,16072,27,1025534
888,1706585336.383056879,1706585336.482901096,1,0,0,1,70.673725529,-19.854761468,0.014391386,-0.049355407,0.018907099,-0.135788319,0.989327093,1462,497,0.339945280,0.044616951,0.031525655,0.019570481,0.257623124,48.108785633,0.000000000,0.278432054,0.052519354,2.480604718,0.080890861,47.637630745,0,72,71,1,0.049247606,7,0,0,0,0,1383,7,12923,56026,16079,27,1026917
889,1706585336.482912779,1706585336.582744598,1,0,0,1,70.801769524,-19.890791053,0.013490896,-0.053095254,0.011634257,-0.136346631,0.989168911,1535,492,0.320521173,0.040439935,0.026855654,0.019338782,0.290256462,45.205774750,0.000000000,0.280245319,0.044457056,2.498216788,0.075688908,47.408378705,0,78,77,1,0.050814332,12,0,0,0,0,1445,12,12942,56104,16091,27,1028362
890,1706585336.582755804,1706585336.682573557,1,0,0,1,70.927328262,-19.930648072,0.013037976,-0.054273193,0.016149122,-0.141875679,0.988263587,1492,507,0.339812332,0.039921697,0.029674013,0.017729803,0.281345506,48.237080522,0.000000000,0.281727312,0.046856933,2.517396984,0.085939319,47.323802664,0,63,62,1,0.042225201,12,0,0,0,0,1417,12,12948,56167,16103,27,1029779
891,1706585336.682585001,1706585336.782412291,1,0,0,1,71.045540022,-19.963560056,0.017851119,-0.059695846,0.015361978,-0.148103606,0.987049005,1483,480,0.323668240,0.041865865,0.027787549,0.019171810,0.311989907,48.365762608,0.000000000,0.281072389,0.046317607,2.533558044,0.096469668,47.491039479,0,59,57,2,0.039784221,11,0,0,0,0,1413,11,12957,56226,16114,27,1031192
892,1706585336.782424212,1706585336.882251024,1,0,0,1,71.160983716,-20.010334653,0.012815407,-0.057997424,0.017794801,-0.151819762,0.986544679,1446,477,0.329875519,0.040213942,0.028727706,0.018577354,0.353451011,45.266184443,0.000000000,0.284011820,0.045267643,2.545434786,0.103518402,47.447196200,0,61,59,2,0.042185339,7,0,0,0,0,1378,7,12969,56287,16121,27,1032570
893,1706585336.883059502,1706585336.982880592,1,0,0,1,71.272281038,-20.062562936,0.008370164,-0.051210011,0.018140201,-0.156334207,0.986208945,1456,503,0.345467033,0.042027352,0.028875473,0.018234202,0.330785926,46.136254650,0.000000000,0.288238807,0.039862566,2.562367740,0.102036551,47.250799439,0,81,78,3,0.055631868,8,0,0,0,0,1367,8,12990,56368,16129,27,1033937
894,1706585336.982892275,1706585337.082722187,1,0,0,1,71.380413094,-20.106685711,0.014004153,-0.052359234,0.014256680,-0.163032357,0.985127255,1374,482,0.350800582,0.035813195,0.025969549,0.017548285,0.342231700,42.396655068,0.000000000,0.291409370,0.053002590,2.557097172,0.104843649,47.007039125,0,59,56,3,0.042940320,10,0,0,0,0,1305,10,13002,56427,16139,27,1035242
895,1706585337.082734823,1706585337.182563066,1,0,0,1,71.494120640,-20.153816603,0.022228152,-0.051744430,0.010630210,-0.166475363,0.984629609,1387,455,0.328046143,0.038911309,0.025820610,0.017722032,0.309858374,42.593292533,0.000000000,0.293399522,0.054051737,2.564106745,0.109602816,46.791531446,0,63,60,3,0.045421774,10,0,0,0,0,1314,10,13015,56490,16149,27,1036556
896,1706585337.182574987,1706585337.282385111,1,0,0,1,71.607827944,-20.206411411,0.023398017,-0.048519189,0.005468470,-0.170783381,0.984098075,1366,481,0.352122987,0.038328136,0.028500421,0.018927744,0.288021414,46.372362311,0.000000000,0.293981263,0.057232470,2.570266070,0.111777504,46.560674419,0,42,42,0,0.030746706,9,0,0,0,0,1315,9,13021,56532,16158,27,1037871
897,1706585337.282397747,1706585337.382228136,1,0,0,1,71.728098924,-20.256027818,0.028164648,-0.047525858,0.000676985,-0.168466137,0.984560813,1387,478,0.344628695,0.036575194,0.025917237,0.017622466,0.301387016,47.481622302,0.000000000,0.295227323,0.061019587,2.577713931,0.112593383,46.675970674,0,64,58,6,0.046142754,5,0,0,0,0,1318,5,13034,56596,16163,27,1039189
898,1706585337.383039951,1706585337.481849432,1,0,0,1,71.851642633,-20.300719171,0.033502744,-0.049333496,-0.004842891,-0.166469879,0.984799742,1383,461,0.333333333,0.040472079,0.026411104,0.017447713,0.316694158,43.203320358,0.000000000,0.297732251,0.060364018,2.575358196,0.114929710,46.338173418,0,48,47,1,0.034707158,12,0,0,0,0,1323,12,13045,56644,16175,27,1040512
899,1706585337.482885122,1706585337.580484629,1,0,0,1,71.979120975,-20.344967129,0.034825043,-0.050372368,-0.006023336,-0.163167384,0.985293230,1438,491,0.341446453,0.038712790,0.028440309,0.017896376,0.286781085,46.037223890,0.000000000,0.296378762,0.059108988,2.573931724,0.121023126,46.171786060,0,51,48,3,0.035465925,8,0,0,0,0,1379,8,13053,56695,16183,27,1041891
900,1706585337.582744360,1706585337.679110527,1,0,0,1,72.103971612,-20.395447906,0.032654240,-0.046606466,-0.007857650,-0.160093797,0.985969609,1485,492,0.331313131,0.037242498,0.027377472,0.019910726,0.247940984,49.047694191,0.000000000,0.294726721,0.059313596,2.563065650,0.121140662,46.148359088,0,79,77,2,0.053198653,9,0,0,0,0,1397,9,13065,56774,16192,27,1043288
901,1706585337.682591915,1706585337.782414198,1,0,0,1,72.236133737,-20.444110239,0.031578034,-0.043684111,-0.007852440,-0.158347957,0.986385301,1466,481,0.328103683,0.039563390,0.025764156,0.017933111,0.338704933,41.537783570,0.000000000,0.297915522,0.056665537,2.553314487,0.122857134,45.680555138,0,60,59,1,0.040927694,13,0,0,0,0,1393,13,13068,56834,16205,27,1044681
902,1706585337.782425642,1706585337.882258415,1,0,0,1,72.366987405,-20.493391940,0.031595182,-0.042130145,-0.006641408,-0.157548870,0.986589730,1592,537,0.337311558,0.037486565,0.027300665,0.017995908,0.285659580,45.086248262,0.000000000,0.298266116,0.057519041,2.540666717,0.123806491,45.575645856,0,92,90,2,0.057788945,12,0,0,0,0,1488,12,13084,56926,16217,27,1046169
903,1706585337.883068085,1706585337.982897520,1,0,0,1,72.503349901,-20.541846695,0.031671205,-0.041247963,-0.002597575,-0.158205695,0.986540833,1512,496,0.328042328,0.038650769,0.028404895,0.018601041,0.266255748,48.109373616,0.000000000,0.296779453,0.056844570,2.529574177,0.116562506,45.708474136,0,68,68,0,0.044973545,8,0,0,0,0,1436,8,13098,56994,16225,27,1047605
904,1706585337.982910156,1706585338.082740307,1,0,0,1,72.633953613,-20.589821801,0.031687018,-0.041336032,-0.005080095,-0.158156947,0.986535304,1495,502,0.335785953,0.038120703,0.025790559,0.016141485,0.273496989,47.102712585,0.000000000,0.296645860,0.056680908,2.518131222,0.113845268,45.862289062,0,61,59,2,0.040802676,13,0,0,0,0,1421,13,13110,57055,16238,27,1049026
905,1706585338.082751989,1706585338.182578802,1,0,0,1,72.766706041,-20.637137075,0.031890649,-0.041772973,-0.002779440,-0.157635044,0.986609592,1513,508,0.335756775,0.042356025,0.031250227,0.020071102,0.312006042,42.484200160,0.000000000,0.297927597,0.052247401,2.516211026,0.114404490,45.860010046,0,82,79,3,0.054196960,7,0,0,0,0,1424,7,13126,57137,16245,27,1050450
906,1706585338.182590246,1706585338.282432556,1,0,0,1,72.894179668,-20.688992943,0.031619012,-0.038154249,-0.005000669,-0.156916506,0.986861924,1527,497,0.325474787,0.039570280,0.029476415,0.019071293,0.301907048,46.427786809,0.000000000,0.299648641,0.052225341,2.516021773,0.108412849,45.808263592,0,94,90,4,0.061558612,11,0,0,0,0,1422,11,13147,57231,16256,27,1051872
907,1706585338.282444715,1706585338.382277250,1,0,0,1,73.024201601,-20.738724100,0.034267336,-0.037557229,-0.006526229,-0.158891623,0.986559839,1499,528,0.352234823,0.039345327,0.028733528,0.017453846,0.318927106,45.756057380,0.000000000,0.300766206,0.052216076,2.514426614,0.105369241,45.747808782,0,71,67,4,0.047364910,10,0,0,0,0,1418,10,13161,57302,16266,27,1053290
908,1706585338.383088350,1706585338.482920170,1,0,0,1,73.155935880,-20.775117549,0.038584674,-0.044919840,-0.005453204,-0.158725130,0.986285356,1450,496,0.342068966,0.042194233,0.027536034,0.017844775,0.313250287,43.393154054,0.000000000,0.303547564,0.046107033,2.518144172,0.105428364,45.512027203,0,66,65,1,0.045517241,8,0,0,0,0,1376,8,13174,57368,16274,27,1054666
909,1706585338.482932329,1706585338.582765579,1,0,0,1,73.286513379,-20.820601415,0.037091627,-0.044761087,-0.004794780,-0.157780274,0.986447586,1519,516,0.339697169,0.042178423,0.029994495,0.018953575,0.308436593,45.719080215,0.000000000,0.304456570,0.048225324,2.524690904,0.095600747,45.537692476,0,72,71,1,0.047399605,14,0,0,0,0,1433,14,13186,57440,16288,27,1056099
910,1706585338.582776785,1706585338.682601452,1,0,0,1,73.419960483,-20.867701703,0.036844484,-0.043637845,-0.007078779,-0.158509009,0.986367337,1526,514,0.336828309,0.038504421,0.027798197,0.018357707,0.282940400,49.893249640,0.000000000,0.304536315,0.048527867,2.543404153,0.084375823,45.620500932,0,67,67,0,0.043905636,17,0,0,0,0,1442,17,13196,57507,16305,27,1057541
911,1706585338.682613611,1706585338.781588316,1,0,0,1,73.557209448,-20.907038339,0.036332467,-0.048218890,-0.002558848,-0.158154148,0.986233064,1542,511,0.331387808,0.039990476,0.030375581,0.019044482,0.274119326,45.381351301,0.000000000,0.302642786,0.046646330,2.561518478,0.077036780,45.471280367,0,87,85,2,0.056420233,6,0,0,0,0,1449,6,13207,57594,16311,27,1058990
912,1706585338.782449484,1706585338.880226612,1,0,0,1,73.688763530,-20.948841874,0.038055177,-0.050102631,-0.003475236,-0.158859345,0.986023000,1496,512,0.342245989,0.042225107,0.029955782,0.018915826,0.279116525,45.666947166,0.000000000,0.298926062,0.049042153,2.576542542,0.069297309,45.491318503,0,75,70,5,0.050133690,10,0,0,0,0,1411,10,13225,57669,16321,27,1060401
913,1706585338.883085251,1706585338.982904434,1,0,0,1,73.824354466,-20.995940392,0.040762066,-0.049441383,-0.005931786,-0.156816023,0.986371684,1469,495,0.336963921,0.041644437,0.029134680,0.018617232,0.297029266,47.062184366,0.000000000,0.297238229,0.048450625,2.603182626,0.060509966,45.537614989,0,81,75,6,0.055139551,13,0,0,0,0,1374,14,13243,57750,16334,27,1061775
914,1706585338.982915640,1706585339.082752943,1,0,0,1,73.960427929,-21.041654226,0.038898247,-0.049315047,-0.004528367,-0.153850009,0.986852418,1553,514,0.330972312,0.043442156,0.033740697,0.021793505,0.300142404,45.891888842,0.000000000,0.295133764,0.048199968,2.623379006,0.059815213,45.712376678,0,82,77,5,0.052801030,18,0,0,0,0,1453,18,13260,57832,16352,27,1063228
915,1706585339.082765102,1706585339.182596684,1,0,0,1,74.094445499,-21.078768403,0.041291158,-0.055372468,-0.007225712,-0.151448891,0.986886474,1544,525,0.340025907,0.044285104,0.031172337,0.021016225,0.307936809,51.378645847,0.000000000,0.295037686,0.053459256,2.637173942,0.056882489,46.151644343,0,99,94,5,0.064119171,13,0,0,0,0,1432,13,13282,57931,16365,27,1064660
916,1706585339.182608128,1706585339.282419682,1,0,0,1,74.229517143,-21.120687237,0.039612716,-0.053639801,-0.003833719,-0.145095228,0.987955186,1530,537,0.350980392,0.043624969,0.030975399,0.022156382,0.277201146,49.186955808,0.000000000,0.294496672,0.055508248,2.648419998,0.064198557,46.292374018,0,102,101,1,0.066666667,18,0,0,0,0,1410,18,13296,58033,16383,27,1066070
917,1706585339.282430887,1706585339.382252932,1,0,0,1,74.357209300,-21.167318198,0.038148714,-0.048470226,-0.000790743,-0.143461839,0.988467861,1604,579,0.360972569,0.044844918,0.030679088,0.019959517,0.288912464,50.165716602,0.000000000,0.293872945,0.055818352,2.652880954,0.062533029,46.426578733,0,81,80,1,0.050498753,12,0,0,0,0,1511,12,13316,58114,16395,27,1067581
918,1706585339.383064032,1706585339.482884645,1,0,0,1,74.491816359,-21.206466517,0.034592194,-0.048441134,0.001744508,-0.139275808,0.989066561,1564,532,0.340153453,0.045565986,0.033174955,0.019184950,0.281305523,46.952758851,0.000000000,0.292103513,0.061115102,2.658164650,0.063920697,46.614050658,0,106,103,3,0.067774936,15,0,0,0,0,1443,15,13337,58220,16410,27,1069024
919,1706585339.482896566,1706585339.582733393,1,0,0,1,74.632532468,-21.238584767,0.031551346,-0.050954140,0.010989233,-0.135159622,0.989451762,1534,554,0.361147327,0.042004603,0.031229329,0.018533526,0.287909758,45.375855155,0.000000000,0.292159947,0.059740259,2.667844298,0.065017072,46.580982221,0,77,76,1,0.050195567,9,0,0,0,0,1448,9,13354,58297,16419,27,1070472
920,1706585339.582745314,1706585339.682566404,1,0,0,1,74.770312577,-21.277955902,0.029236203,-0.049736821,0.012293117,-0.131220204,0.990028477,1518,532,0.350461133,0.042053719,0.030185063,0.020374108,0.261068316,49.188246881,0.000000000,0.292816313,0.055443922,2.670317592,0.069379108,46.588009856,0,98,92,6,0.064558630,15,0,0,0,0,1405,15,13373,58395,16434,27,1071877
921,1706585339.682579279,1706585339.782410145,1,0,0,1,74.912370377,-21.319285446,0.027587258,-0.045607294,0.019080932,-0.128490020,0.990477767,1499,544,0.362908606,0.043889846,0.033270136,0.019021387,0.233458620,50.275663116,0.000000000,0.287553997,0.055687641,2.678448366,0.072761775,47.024903833,0,105,101,4,0.070046698,13,0,0,0,0,1381,13,13398,58500,16447,27,1073258
922,1706585339.782422066,1706585339.882246494,1,0,0,1,75.041335131,-21.362894250,0.023104688,-0.039609775,0.012148693,-0.126440257,0.991108640,1467,527,0.359236537,0.041961762,0.030561493,0.019278169,0.252467361,50.126988496,0.000000000,0.285894387,0.050593856,2.669944858,0.076012434,47.276940844,0,81,80,1,0.055214724,10,0,0,0,0,1376,10,13406,58581,16457,27,1074634
923,1706585339.883056641,1706585339.982574224,1,0,0,1,75.172653173,-21.404191308,0.022342922,-0.034483516,0.007106503,-0.119894917,0.992162080,1489,533,0.357958361,0.042235847,0.030360244,0.019169309,0.242158655,47.284736781,0.000000000,0.284689532,0.047322446,2.668469101,0.089356545,47.235709003,0,86,83,3,0.057756884,12,0,0,0,0,1391,12,13425,58667,16469,27,1076025
924,1706585339.982885838,1706585340.081242561,1,0,0,1,75.301733299,-21.426854041,0.026342811,-0.039644109,0.005182126,-0.113628914,0.992718470,1558,549,0.352374840,0.040039670,0.029054402,0.018680590,0.276076386,46.952542185,0.000000000,0.284818502,0.043676750,2.658652062,0.101203335,47.228200483,0,104,101,3,0.066752246,10,0,0,0,0,1444,10,13446,58771,16479,27,1077469
925,1706585340.082729578,1706585340.179964066,1,0,0,1,75.425444213,-21.443137737,0.031612099,-0.045116319,-0.002320755,-0.104516262,0.993496594,1592,572,0.359296482,0.042235085,0.029794160,0.019913924,0.262728223,48.381586368,0.000000000,0.282354611,0.043667340,2.645923574,0.118640410,47.523069793,0,72,70,2,0.045226131,15,0,0,0,0,1505,15,13461,58843,16494,27,1078974
926,1706585340.182572603,1706585340.282405615,1,0,0,1,75.560589933,-21.468442635,0.028493632,-0.043205334,0.002389720,-0.094432941,0.994590372,1540,501,0.325324675,0.038404298,0.027298341,0.018664964,0.230488281,48.561276410,0.000000000,0.278783672,0.045990047,2.644220036,0.134554139,47.629744273,0,90,86,4,0.058441558,9,0,0,0,0,1439,11,13480,58933,16503,27,1080413
927,1706585340.282418013,1706585340.382265806,1,0,0,1,75.682207363,-21.498082147,0.030521183,-0.037205736,0.003647061,-0.091120788,0.995137897,1507,533,0.353682814,0.041663251,0.028315326,0.019683414,0.256734802,48.262323128,0.000000000,0.275674057,0.043547528,2.632676401,0.140655916,47.755057561,0,79,77,2,0.052422031,15,0,0,0,0,1413,15,13492,59012,16518,27,1081826
928,1706585340.383076668,1706585340.482912779,1,0,0,1,75.813135525,-21.515022716,0.035389620,-0.042963398,0.007744633,-0.087570538,0.995201270,1442,526,0.364771151,0.037465472,0.026247005,0.018239050,0.235789451,45.063949598,0.000000000,0.271801015,0.050104006,2.626505211,0.145563836,47.838597338,0,78,76,2,0.054091540,3,0,0,0,0,1361,3,13509,59090,16521,27,1083187
929,1706585340.482924700,1706585340.582763433,1,0,0,1,75.945043624,-21.534882973,0.034828368,-0.045365740,0.014306881,-0.088602709,0.994930562,1382,503,0.363965268,0.038021848,0.026225110,0.019416489,0.259569824,42.044390157,0.000000000,0.269357677,0.054257613,2.618385738,0.146953280,47.654862835,0,58,57,1,0.041968162,11,0,0,0,0,1313,11,13516,59148,16532,27,1084500
930,1706585340.582775831,1706585340.682610035,1,0,0,1,76.070887826,-21.561241886,0.040975245,-0.045696704,0.012536592,-0.091679689,0.994660485,1374,510,0.371179039,0.038095034,0.026438687,0.017958899,0.225127459,46.377064288,0.000000000,0.266467030,0.055016108,2.604331947,0.152510718,47.479053567,0,70,66,4,0.050946143,12,0,0,0,0,1292,12,13531,59218,16544,27,1085792
931,1706585340.682621241,1706585340.782447577,1,0,0,1,76.203189526,-21.589150298,0.041324914,-0.044877430,0.014722767,-0.090509332,0.994775008,1420,517,0.364084507,0.037451751,0.025648702,0.017346709,0.218375503,44.815313852,0.000000000,0.263679839,0.058920281,2.601498615,0.153358182,47.450751695,0,79,73,6,0.055633803,9,0,0,0,0,1332,9,13549,59297,16553,27,1087124
932,1706585340.782459259,1706585340.882286787,1,0,0,1,76.334346467,-21.622282185,0.042812235,-0.041162651,0.014838669,-0.093283161,0.994677687,1446,551,0.381051176,0.036946736,0.024861324,0.018087160,0.188715478,51.300710435,0.000000000,0.259159786,0.063919050,2.593220211,0.154516326,47.732439858,0,66,63,3,0.045643154,8,0,0,0,0,1372,8,13559,59363,16561,27,1088496
933,1706585340.883098125,1706585340.982921839,1,0,0,1,76.467758626,-21.646586965,0.050022233,-0.043382874,0.011570880,-0.094314110,0.994529482,1399,526,0.375982845,0.038479118,0.025372416,0.015863718,0.224350592,50.052435564,0.000000000,0.255525853,0.065824075,2.585460633,0.150458744,47.881952418,0,64,62,2,0.045746962,10,0,0,0,0,1325,10,13569,59427,16571,27,1089821
934,1706585340.982934237,1706585341.082760572,1,0,0,1,76.600477906,-21.672486847,0.051249484,-0.045268870,0.015300633,-0.094363499,0.994390341,1438,529,0.367872045,0.038967162,0.026532901,0.017792681,0.195812559,49.655735468,0.000000000,0.250309360,0.065817520,2.581606683,0.145674392,48.070144749,0,67,65,2,0.046592490,11,0,0,0,0,1360,11,13580,59494,16582,27,1091181
935,1706585341.082772493,1706585341.182604790,1,0,0,1,76.737102675,-21.705945243,0.042162413,-0.043433280,0.022665931,-0.096363688,0.994139751,1452,503,0.346418733,0.039914619,0.026559581,0.017020287,0.249308547,45.041440227,0.000000000,0.247377947,0.063531092,2.581125124,0.137906827,47.753284468,0,89,88,1,0.061294766,13,0,0,0,0,1350,13,13598,59583,16595,27,1092531
936,1706585341.182617188,1706585341.282081604,1,0,0,1,76.880229626,-21.747113215,0.035402954,-0.036183408,0.036059497,-0.094624834,0.994201496,1304,482,0.369631902,0.044355699,0.029195898,0.021506223,0.206194774,48.324211500,0.000000000,0.243827629,0.064601758,2.594260310,0.137579064,47.710147253,0,75,74,1,0.057515337,15,0,0,0,0,1214,15,13612,59658,16610,27,1093745
937,1706585341.282443523,1706585341.380734444,1,0,0,1,77.009202205,-21.787675472,0.028394137,-0.031757843,0.036742152,-0.099095783,0.993892086,1311,481,0.366895500,0.037884415,0.026019534,0.016869775,0.223347840,44.603824514,0.000000000,0.240549398,0.062452993,2.589413079,0.138133362,47.432052649,0,55,53,2,0.041952708,10,0,0,0,0,1244,12,13621,59713,16620,27,1094989
938,1706585341.383090734,1706585341.479359865,1,0,0,1,77.143704571,-21.819218882,0.028593396,-0.032736131,0.040465045,-0.103483625,0.993268375,1307,448,0.342769702,0.037502434,0.024811424,0.016112046,0.202948218,48.927036413,0.000000000,0.236631532,0.057413696,2.583197779,0.139986614,47.530766527,0,60,51,9,0.045906656,9,0,0,0,0,1227,20,13636,59773,16629,27,1096216
939,1706585341.482913017,1706585341.582731247,1,0,0,1,77.278449526,-21.854398042,0.022548583,-0.032174594,0.034337665,-0.106603199,0.993187534,1322,477,0.360816944,0.035507555,0.027241091,0.015705915,0.204261540,43.975493861,0.000000000,0.232449121,0.061551506,2.579276790,0.137881048,47.460748462,0,52,47,5,0.039334342,9,0,0,0,0,1258,12,13655,59825,16638,27,1097474
940,1706585341.582742929,1706585341.682582617,1,0,0,1,77.408044549,-21.893580395,0.013391492,-0.030324727,0.031991486,-0.111410057,0.992796432,1393,511,0.366834171,0.040706866,0.029428259,0.019317621,0.218179075,47.766562196,0.000000000,0.230304659,0.060416937,2.567017924,0.142388914,47.389664228,0,78,76,2,0.055994257,11,0,0,0,0,1304,11,13661,59903,16649,27,1098778
941,1706585341.682593346,1706585341.782420158,1,0,0,1,77.547155851,-21.932122695,0.006558944,-0.029403233,0.041452503,-0.114295916,0.992145949,1328,521,0.392319277,0.038772724,0.026954075,0.017372546,0.220463400,45.501313104,0.000000000,0.229654898,0.055482730,2.575319334,0.144032463,47.150946727,0,85,85,0,0.064006024,14,0,0,0,0,1229,14,13672,59988,16663,27,1100007
942,1706585341.782431841,1706585341.882246971,1,0,0,1,77.681947942,-21.967076244,-0.000602736,-0.030466629,0.046479013,-0.117039024,0.991571154,1306,464,0.355283308,0.039980318,0.027654051,0.017091181,0.225003418,44.311003736,0.000000000,0.228281701,0.053631423,2.577093067,0.136469350,46.860147489,0,65,63,2,0.049770291,12,0,0,0,0,1229,12,13685,60053,16675,27,1101236
943,1706585341.883071184,1706585341.982880592,1,0,0,1,77.810893597,-22.003517450,-0.001237024,-0.031436683,0.043756456,-0.119749795,0.991341058,1246,460,0.369181380,0.037059467,0.028176083,0.017295569,0.211982727,46.211085983,0.000000000,0.226772905,0.052237216,2.579975114,0.129026116,46.806464949,0,57,53,4,0.045746388,13,0,0,0,0,1176,13,13695,60110,16688,27,1102412
944,1706585341.982905149,1706585342.082731247,1,0,0,1,77.930757132,-22.043142919,-0.008729976,-0.028673046,0.039352415,-0.122565817,0.991265285,1315,494,0.375665399,0.038098385,0.027046575,0.017790851,0.202967179,46.606586846,0.000000000,0.223117444,0.052189650,2.581551669,0.115130818,46.789167182,0,68,63,5,0.051711027,12,0,0,0,0,1235,12,13706,60178,16700,27,1103647
945,1706585342.082742929,1706585342.182569265,1,0,0,1,78.044638760,-22.076964420,-0.011578189,-0.029327231,0.031679998,-0.127743461,0.990867246,1321,470,0.355791067,0.039938552,0.028640641,0.015715858,0.197363138,46.422616521,0.000000000,0.219849190,0.048919782,2.562853878,0.105155935,46.691218690,0,67,64,3,0.050719152,6,0,0,0,0,1248,6,13717,60245,16706,27,1104895
946,1706585342.182582378,1706585342.282422781,1,0,0,1,78.153989310,-22.109176884,-0.014882520,-0.033373087,0.026916930,-0.133027653,0.990184508,1382,491,0.355282200,0.037547021,0.026148917,0.016575433,0.215357469,49.153020285,0.000000000,0.219092650,0.049417813,2.551704693,0.109079637,46.720805884,0,63,61,2,0.045586107,9,0,0,0,0,1310,9,13727,60308,16715,27,1106205
947,1706585342.282434225,1706585342.382280350,1,0,0,1,78.265592264,-22.141555774,-0.013292646,-0.035052486,0.025054509,-0.134088273,0.990032287,1425,503,0.352982456,0.037159085,0.025968891,0.016905103,0.206902875,50.711840865,0.000000000,0.216601053,0.047178496,2.535811307,0.104363540,46.843281771,0,75,72,3,0.052631579,8,0,0,0,0,1342,8,13745,60383,16723,27,1107547
948,1706585342.383091211,1706585342.482918501,1,0,0,1,78.372115558,-22.178996900,-0.013104885,-0.032445153,0.024356414,-0.136853095,0.989760227,1425,505,0.354385965,0.042076067,0.029627387,0.017888971,0.225600336,45.829640564,0.000000000,0.216091598,0.050565997,2.515327160,0.107070603,46.881566319,0,71,68,3,0.049824561,10,0,0,0,0,1344,10,13754,60454,16733,27,1108891
949,1706585342.482929468,1706585342.581840038,1,0,0,1,78.468385193,-22.215801092,-0.014917586,-0.031519700,0.016086545,-0.138872154,0.989677855,1465,554,0.378156997,0.041799522,0.029561394,0.017248458,0.229188540,45.943232788,0.000000000,0.214572533,0.052960842,2.489686138,0.104463257,47.076508450,0,75,71,4,0.051194539,16,0,0,0,0,1374,16,13763,60529,16749,27,1110265
950,1706585342.582777500,1706585342.680516243,1,0,0,1,78.573958371,-22.253545702,-0.013650969,-0.030802264,0.016734134,-0.141498525,0.989317622,1499,522,0.348232155,0.042468797,0.029918898,0.018848690,0.230600032,50.057557702,0.000000000,0.214846162,0.055978745,2.466597183,0.107645371,47.260533121,0,85,78,7,0.056704470,10,0,0,0,0,1399,15,13779,60614,16759,27,1111664
951,1706585342.682626247,1706585342.779253006,1,0,0,1,78.677143772,-22.292717383,-0.015133731,-0.029890363,0.010014533,-0.140789854,0.989537514,1518,541,0.356389987,0.042992659,0.031123916,0.017894440,0.193982380,50.323110274,0.000000000,0.213626506,0.058563559,2.441692473,0.104061432,47.535922942,0,70,62,8,0.046113307,8,0,0,0,0,1434,14,13795,60684,16767,27,1113098
952,1706585342.782459021,1706585342.882281065,1,0,0,1,78.795669215,-22.334727011,-0.018222593,-0.027146917,0.012890619,-0.143723924,0.989161418,1552,572,0.368556701,0.043125780,0.029051424,0.019248756,0.187029029,53.855168626,0.000000000,0.213542183,0.059684025,2.431680988,0.108320795,47.663645852,0,85,83,2,0.054768041,13,0,0,0,0,1454,13,13805,60769,16780,27,1114552
953,1706585342.883090734,1706585342.982928038,1,0,0,1,78.914568399,-22.375632351,-0.018122507,-0.029623146,0.012186994,-0.146702457,0.988661891,1559,543,0.348300192,0.040139859,0.029601054,0.016846276,0.226358598,44.724125754,0.000000000,0.213642584,0.059163134,2.422191506,0.113846824,47.397230361,0,88,83,5,0.056446440,11,0,0,0,0,1460,11,13825,60857,16791,27,1116012
954,1706585342.982939482,1706585343.082762957,1,0,0,1,79.041210461,-22.414817040,-0.017547353,-0.031561662,0.010642303,-0.149320739,0.988227666,1531,570,0.372305683,0.044176288,0.030498696,0.018309719,0.213873280,46.013299392,0.000000000,0.214545620,0.063148820,2.413803210,0.114373714,47.215108557,0,87,85,2,0.056825604,17,0,0,0,0,1427,17,13837,60944,16808,27,1117439
955,1706585343.082774878,1706585343.182614803,1,0,0,1,79.175732437,-22.457454732,-0.018552418,-0.034108018,0.015164772,-0.155935485,0.987061699,1457,518,0.355525051,0.040349680,0.029684204,0.018835221,0.201840106,49.336256936,0.000000000,0.212172198,0.063127626,2.405840988,0.125546817,47.429849393,0,84,80,4,0.057652711,15,0,0,0,0,1358,15,13855,61028,16823,27,1118797
956,1706585343.182625771,1706585343.282463789,1,0,0,1,79.314302202,-22.497114874,-0.020033263,-0.043885419,0.015930425,-0.161035717,0.985843694,1465,508,0.346757679,0.043563592,0.032297533,0.019615414,0.264608014,44.117315532,0.000000000,0.215092860,0.061647760,2.414600012,0.127346009,47.219504595,0,76,72,4,0.051877133,10,0,0,0,0,1379,10,13871,61104,16833,27,1120176
957,1706585343.282475710,1706585343.382303476,1,0,0,1,79.455402052,-22.547231336,-0.018245761,-0.047063306,0.019129844,-0.165645296,0.984875997,1404,495,0.352564103,0.039728844,0.030063742,0.017369596,0.230424298,45.489477863,0.000000000,0.215446683,0.060301027,2.426194766,0.127847989,47.263787262,0,75,71,4,0.053418803,10,0,0,0,0,1319,10,13888,61179,16843,27,1121495
958,1706585343.382715940,1706585343.482539654,1,0,0,1,79.596463615,-22.599922552,-0.018221686,-0.047940874,0.025744040,-0.171010662,0.983765353,1331,459,0.344853494,0.042130912,0.031195596,0.018335174,0.215622812,45.250219935,0.000000000,0.216080412,0.058918932,2.437383402,0.133783791,47.079946438,0,75,72,3,0.056348610,13,0,0,0,0,1243,13,13898,61254,16856,27,1122738
959,1706585343.482551336,1706585343.582376242,1,0,0,1,79.729588623,-22.651531736,-0.020437033,-0.050394124,0.024739498,-0.178720989,0.982296899,1317,465,0.353075171,0.041499119,0.031715528,0.018708671,0.217157747,41.095830079,0.000000000,0.216725223,0.051877817,2.444481235,0.140011498,46.935963249,0,69,64,5,0.052391800,11,0,0,0,0,1237,11,13920,61323,16867,27,1123975
960,1706585343.582388639,1706585343.682220221,1,0,0,1,79.857198534,-22.703734989,-0.015360401,-0.053810094,0.021973274,-0.183545599,0.981291324,1281,458,0.357533177,0.040014113,0.028165508,0.016154347,0.228571974,40.694406530,0.000000000,0.217244868,0.052038238,2.437936013,0.143013680,46.582355466,0,74,72,2,0.057767369,10,0,0,0,0,1197,10,13935,61397,16877,27,1125172
961,1706585343.683030367,1706585343.782843590,1,0,0,1,79.977423410,-22.757251614,-0.010796329,-0.056641726,0.019987874,-0.192368842,0.979482735,1240,439,0.354032258,0.038485028,0.030013184,0.018987824,0.240378153,39.658837006,0.000000000,0.218240605,0.052389763,2.430178810,0.154690694,46.290231661,0,76,72,4,0.061290323,10,0,0,0,0,1154,10,13950,61473,16887,27,1126326
962,1706585343.782855272,1706585343.881608725,1,0,0,1,80.096426053,-22.809651589,-0.006042481,-0.060497052,0.019243204,-0.199229696,0.977894337,1201,439,0.365528726,0.039529491,0.031946104,0.019807738,0.245569300,35.464967320,0.000000000,0.219268899,0.052640324,2.426296529,0.163322335,45.847929840,0,44,42,2,0.036636137,6,0,0,0,0,1148,9,13958,61517,16893,27,1127474
963,1706585343.882693529,1706585343.980289698,1,0,0,1,80.210326395,-22.859238034,-0.003225117,-0.064154202,0.018939059,-0.206651135,0.976125432,1175,434,0.369361702,0.041286326,0.031532916,0.019949897,0.233205834,36.818320214,0.000000000,0.220330055,0.048525974,2.424088728,0.173364078,45.378291552,0,47,40,7,0.040000000,5,0,0,0,0,1115,13,13975,61564,16898,27,1128589
964,1706585343.982522726,1706585344.078999996,1,0,0,1,80.320934915,-22.921272935,-0.001102718,-0.060444056,0.021158666,-0.211647075,0.975245786,1142,416,0.364273205,0.038136335,0.031089480,0.018252774,0.245603303,35.389832181,0.000000000,0.222461861,0.048460530,2.432091629,0.173975129,44.817453818,0,56,51,5,0.049036778,6,0,0,0,0,1078,8,13986,61620,16904,27,1129667
965,1706585344.082758665,1706585344.182581663,1,0,0,1,80.428228449,-22.979384789,0.003641093,-0.059501408,0.019262270,-0.218014348,0.973939573,1116,410,0.367383513,0.044070178,0.034342828,0.020114529,0.279952336,34.135426278,0.000000000,0.226591321,0.050926039,2.440159537,0.176261724,44.203094306,0,53,53,0,0.047491039,7,0,0,0,0,1055,8,13996,61673,16911,27,1130722
966,1706585344.182593346,1706585344.282415628,1,0,0,1,80.529759368,-23.028239170,0.009754796,-0.063017247,0.018398960,-0.225934474,0.971927939,1107,394,0.355916893,0.040500085,0.032722635,0.020167943,0.243549483,34.707076846,0.000000000,0.228000922,0.047064894,2.436782688,0.190342622,43.480797134,0,58,57,1,0.052393857,5,0,0,0,0,1044,5,14005,61731,16916,27,1131766
967,1706585344.282427549,1706585344.382258892,1,0,0,1,80.627233889,-23.083518677,0.010592930,-0.062915441,0.017235194,-0.231664824,0.970605999,1074,420,0.391061453,0.042727609,0.035978876,0.020483298,0.248752067,35.109741130,0.000000000,0.230093381,0.041776350,2.435932469,0.196511755,42.700692147,0,57,55,2,0.053072626,8,0,0,0,0,1009,8,14016,61788,16924,27,1132775
968,1706585344.383068562,1706585344.482913733,1,0,0,1,80.721111851,-23.143298289,0.016652757,-0.060152946,0.011737862,-0.237745587,0.969392016,1038,410,0.394990366,0.044014020,0.036322543,0.020552195,0.220140182,36.599139583,0.000000000,0.229820373,0.043726107,2.444311830,0.204887755,42.239167098,0,55,53,2,0.052986513,6,0,0,0,0,976,7,14028,61843,16930,27,1133751
969,1706585344.482925653,1706585344.582736015,1,0,0,1,80.820797637,-23.201302721,0.021118414,-0.059100990,0.008428742,-0.240709457,0.968759509,1044,405,0.387931034,0.041171569,0.030851048,0.019664398,0.222628542,37.698178289,0.000000000,0.229492374,0.043774038,2.447606818,0.205259717,41.826914373,0,65,63,2,0.062260536,7,0,0,0,0,971,8,14031,61908,16937,27,1134722
970,1706585344.582749128,1706585344.682578564,1,0,0,1,80.932700444,-23.259406902,0.023930326,-0.060753247,0.011778729,-0.242570850,0.968157883,988,379,0.383603239,0.043299096,0.034529445,0.020561666,0.259458014,33.368813499,0.000000000,0.230935273,0.044470716,2.463346305,0.207564088,40.992477163,0,55,54,1,0.055668016,10,0,0,0,0,923,10,14043,61963,16947,27,1135645
971,1706585344.682591200,1706585344.781576395,1,0,0,1,81.049831080,-23.318685381,0.024148193,-0.059274317,0.012795208,-0.238102840,0.969345076,993,379,0.381671702,0.045269482,0.036137591,0.024355495,0.236427957,36.128556070,0.000000000,0.233057551,0.047941243,2.468834964,0.210548179,40.282749453,0,56,53,3,0.056394763,9,0,0,0,0,928,9,14063,62019,16956,27,1136573
972,1706585344.782423496,1706585344.880349398,1,0,0,1,81.175401293,-23.377500204,0.029822153,-0.060475384,0.015603277,-0.227639483,0.971740465,1015,367,0.361576355,0.043354519,0.036033257,0.022094414,0.252375893,36.568794882,0.000000000,0.236324895,0.048143827,2.481873776,0.225660970,39.418430766,0,55,52,3,0.054187192,4,0,0,0,0,956,4,14071,62074,16960,27,1137529
973,1706585344.883069038,1706585344.982910395,1,0,0,1,81.310936688,-23.440656253,0.025993258,-0.056918963,0.023630514,-0.215257875,0.974610629,1052,391,0.371673004,0.045694952,0.037967414,0.021464013,0.242977429,36.055593288,0.000000000,0.237155836,0.051346195,2.498883583,0.244781785,38.985004143,0,56,54,2,0.053231939,7,0,0,0,0,989,7,14079,62130,16967,27,1138518
974,1706585344.982921839,1706585345.082661152,1,0,0,1,81.442286472,-23.499892941,0.022756743,-0.053853609,0.025984825,-0.202240174,0.977508818,1083,405,0.373961219,0.049106940,0.040086852,0.021358773,0.246273890,38.177060215,0.000000000,0.238775867,0.062215359,2.501888282,0.257372722,38.593192184,0,66,64,2,0.060941828,11,0,0,0,0,1006,11,14097,62196,16978,27,1139524
975,1706585345.082773447,1706585345.181308031,1,0,0,1,81.573754694,-23.543596333,0.018227771,-0.055535603,0.030191406,-0.190083374,0.979730875,1129,431,0.381753764,0.047935342,0.039021687,0.024494752,0.258958726,35.451191115,0.000000000,0.241631798,0.067357593,2.496363020,0.270955982,37.898938893,0,76,75,1,0.067316209,7,0,0,0,0,1046,7,14114,62272,16985,27,1140570
976,1706585345.182617188,1706585345.280036926,1,0,0,1,81.702314513,-23.580525343,0.017023814,-0.059975649,0.029608923,-0.180516763,0.981295028,1170,401,0.342735043,0.050866724,0.041266043,0.023392008,0.273218724,38.709390888,0.000000000,0.242062333,0.078900854,2.480380570,0.280599113,37.628542661,0,74,70,4,0.063247863,9,0,0,0,0,1085,11,14129,62346,16994,27,1141655
977,1706585345.282471657,1706585345.378782988,1,0,0,1,81.822594933,-23.625809810,0.013040388,-0.057552629,0.027601389,-0.173303551,0.982797913,1211,449,0.370767960,0.046982308,0.037709055,0.024613888,0.229964364,41.664403766,0.000000000,0.242039337,0.078814410,2.458383595,0.283957226,37.437288956,0,76,71,5,0.062758051,8,0,0,0,0,1127,8,14150,62422,17002,27,1142782
978,1706585345.382713318,1706585345.482539415,1,0,0,1,81.940458205,-23.669493972,0.009853171,-0.057775076,0.023847470,-0.172634701,0.983000813,1282,462,0.360374415,0.046826100,0.037713501,0.023462824,0.223753116,41.078788210,0.000000000,0.242445852,0.080042587,2.441326322,0.270210808,37.228717369,0,68,66,2,0.053042122,7,0,0,0,0,1207,7,14167,62490,17009,27,1143989
979,1706585345.482551813,1706585345.582367659,1,0,0,1,82.051508035,-23.706722513,0.007297208,-0.064141924,0.024055701,-0.174562579,0.982260171,1305,480,0.367816092,0.047750224,0.036043461,0.022311405,0.260933625,39.218503656,0.000000000,0.244634646,0.081351802,2.420509937,0.264758078,37.134851048,0,88,84,4,0.067432950,11,0,0,0,0,1206,11,14187,62578,17020,27,1145195
980,1706585345.582778692,1706585345.682602167,1,0,0,1,82.155941162,-23.744942502,0.009036721,-0.068823687,0.022200655,-0.178374527,0.981301666,1262,447,0.354199683,0.043117382,0.031745747,0.020648682,0.273391034,36.584812625,0.000000000,0.246875599,0.078694887,2.400053576,0.254563880,36.929371353,0,62,62,0,0.049128368,6,0,0,0,0,1194,6,14199,62640,17026,27,1146389
981,1706585345.682613611,1706585345.782434225,1,0,0,1,82.254538578,-23.786269377,0.009485719,-0.071387644,0.021356021,-0.185129768,0.979885041,1253,440,0.351157223,0.045333329,0.037494307,0.024211657,0.270562208,38.544813346,0.000000000,0.248384801,0.072854939,2.376847431,0.254253723,36.873670170,0,56,53,3,0.044692737,3,0,0,0,0,1193,4,14205,62696,17029,27,1147582
982,1706585345.782445908,1706585345.882265329,1,0,0,1,82.354357075,-23.834197686,0.010008020,-0.070028199,0.026323382,-0.193234219,0.978296309,1216,445,0.365953947,0.042511569,0.030968232,0.020040599,0.245883102,37.586834489,0.000000000,0.248400491,0.068991834,2.363319447,0.256352553,36.979763528,0,55,53,2,0.045230263,8,0,0,0,0,1153,8,14224,62751,17037,27,1148735
983,1706585345.883076191,1706585345.982866764,1,0,0,1,82.447264282,-23.884609739,0.006649865,-0.066062515,0.025983699,-0.199288275,0.977366244,1101,380,0.345140781,0.045107111,0.035846469,0.020548046,0.299081838,36.291238001,0.000000000,0.251694292,0.066723964,2.342240931,0.258067984,36.953409418,0,63,60,3,0.057220708,4,0,0,0,0,1034,4,14237,62814,17041,27,1149769
984,1706585345.982915401,1706585346.081429482,1,0,0,1,82.535343121,-23.937363986,0.003476575,-0.062020174,0.024483247,-0.205618299,0.976358123,1090,389,0.356880734,0.044934186,0.032501339,0.021877907,0.250645028,34.457569975,0.000000000,0.251946378,0.057191649,2.322846590,0.257911057,36.906796308,0,66,62,4,0.060550459,8,0,0,0,0,1016,8,14254,62880,17049,27,1150785
985,1706585346.082752705,1706585346.182576656,1,0,0,1,82.627716227,-23.992952816,0.000518528,-0.057739553,0.025244635,-0.213491722,0.974910323,1038,381,0.367052023,0.045659388,0.033909256,0.021443380,0.313211204,35.296192243,0.000000000,0.253609321,0.056951475,2.317857690,0.257872254,36.964834606,0,52,49,3,0.050096339,6,0,0,0,0,980,6,14266,62932,17055,27,1151765
986,1706585346.182588339,1706585346.282399654,1,0,0,1,82.733013283,-24.040802805,0.000792107,-0.061964139,0.028447173,-0.218949024,0.973351185,995,371,0.372864322,0.047954925,0.035931922,0.023334991,0.269643051,37.400585699,0.000000000,0.254914000,0.052971631,2.321455762,0.258005370,37.099510048,0,62,61,1,0.062311558,11,0,0,0,0,922,11,14276,62994,17066,27,1152687
987,1706585346.282411814,1706585346.382239580,1,0,0,1,82.838719848,-24.091501257,-0.001787845,-0.065218207,0.027665748,-0.221693441,0.972539567,1005,362,0.360199005,0.042326511,0.032907199,0.020457111,0.248488421,38.550289678,0.000000000,0.254900817,0.053531315,2.327259567,0.251806619,37.271537476,0,58,56,2,0.057711443,5,0,0,0,0,942,5,14284,63052,17071,27,1153629
988,1706585346.383050442,1706585346.481039762,1,0,0,1,82.953414239,-24.150882967,-0.008942633,-0.062518510,0.033663727,-0.226118661,0.971508384,988,360,0.364372470,0.045579657,0.033986697,0.022966196,0.266167312,36.017027124,0.000000000,0.257202174,0.052940326,2.341192781,0.256022391,37.242431853,0,69,66,3,0.069838057,11,0,0,0,0,908,11,14300,63121,17082,27,1154537
989,1706585346.482899189,1706585346.579775810,1,0,0,1,83.070797489,-24.215108689,-0.015694761,-0.060947684,0.037615193,-0.230667335,0.970393249,962,356,0.370062370,0.044774977,0.033206861,0.021924031,0.293145752,37.556519676,0.000000000,0.260728034,0.048195244,2.349048063,0.261703679,37.235348922,0,61,56,5,0.063409563,11,0,0,0,0,887,14,14311,63182,17093,27,1155424
990,1706585346.582731724,1706585346.682573318,1,0,0,1,83.195983015,-24.282849596,-0.021123448,-0.060414021,0.041133558,-0.238247160,0.968450550,930,334,0.359139785,0.045667408,0.035748501,0.022361951,0.239401123,35.360683001,0.000000000,0.259725190,0.046527456,2.360213343,0.268771932,37.334942397,0,59,56,3,0.063440860,6,0,0,0,0,863,8,14323,63241,17099,27,1156287
991,1706585346.682585001,1706585346.782411575,1,0,0,1,83.320856956,-24.350937523,-0.026193727,-0.060124711,0.049522209,-0.244354888,0.966552254,882,317,0.359410431,0.048051373,0.033225644,0.022734376,0.282718024,34.896343424,0.000000000,0.262039693,0.047443147,2.363756299,0.261652624,37.273331765,0,50,46,4,0.056689342,12,0,0,0,0,820,12,14335,63291,17111,27,1157107
992,1706585346.782423735,1706585346.882266998,1,0,0,1,83.441038557,-24.417111237,-0.032786843,-0.062097666,0.049236395,-0.249633174,0.965092190,844,320,0.379146919,0.043992223,0.031899596,0.021709520,0.255264467,35.899436558,0.000000000,0.262184122,0.046667567,2.351533323,0.248270628,37.239863849,0,30,28,2,0.035545024,8,0,0,0,0,806,8,14345,63321,17119,27,1157913
993,1706585346.883078337,1706585346.982884645,1,0,0,1,83.557032054,-24.490871792,-0.037838563,-0.060001576,0.048618679,-0.256295261,0.963508575,838,313,0.373508353,0.038657075,0.028084354,0.017562280,0.191407427,45.212420754,0.000000000,0.259605622,0.058703821,2.344959877,0.235453743,37.697705222,0,55,52,3,0.065632458,5,0,0,0,0,778,5,14364,63376,17124,27,1158691
994,1706585346.982895613,1706585347.082716703,1,0,0,1,83.670460779,-24.564469177,-0.042388089,-0.058433475,0.050195749,-0.263621625,0.961545399,856,325,0.379672897,0.044755993,0.028327753,0.020826033,0.348070899,42.990610683,0.000000000,0.264695472,0.056459476,2.341633761,0.226663039,37.938382746,0,64,62,2,0.074766355,8,0,0,0,0,784,8,14385,63440,17132,27,1159475
995,1706585347.082729340,1706585347.182555914,1,0,0,1,83.780882263,-24.637045454,-0.046638357,-0.058836364,0.047635638,-0.271082353,0.959574638,771,285,0.369649805,0.039820575,0.027181588,0.020461522,0.265558101,43.434461313,0.000000000,0.265025441,0.061554029,2.340075149,0.222331520,38.337546255,0,66,62,4,0.085603113,4,0,0,0,0,701,4,14410,63506,17136,27,1160176
996,1706585347.182568073,1706585347.281539440,1,0,0,1,83.884127951,-24.711588714,-0.052537570,-0.054162882,0.046354220,-0.277772001,0.957998113,743,256,0.344549125,0.049909799,0.033282306,0.023088067,0.359198092,43.923322261,0.000000000,0.269324409,0.059519952,2.338970897,0.220767659,38.598242824,0,38,36,2,0.051144011,12,0,0,0,0,693,12,14424,63544,17148,27,1160869
997,1706585347.282413483,1706585347.380137205,1,0,0,1,83.975800522,-24.785885312,-0.056930445,-0.047493330,0.045074265,-0.284652522,0.956391989,745,260,0.348993289,0.039671377,0.030016299,0.018696604,0.214821979,41.398063152,0.000000000,0.268567290,0.064365390,2.331313302,0.232691166,38.584925793,0,59,58,1,0.079194631,4,0,0,0,0,682,4,14442,63603,17152,27,1161551
998,1706585347.383045912,1706585347.478724718,1,0,0,1,84.057599770,-24.850413133,-0.059001342,-0.045767195,0.045390952,-0.289993029,0.954855522,722,291,0.403047091,0.040170181,0.025582107,0.018770511,0.262133194,47.071443448,0.000000000,0.270486294,0.067302739,2.318369128,0.239705123,38.884558555,0,56,55,1,0.077562327,8,0,0,0,0,658,8,14456,63659,17160,27,1162209
999,1706585347.482877254,1706585347.582708597,1,0,0,1,84.134689828,-24.906156461,-0.059380835,-0.044871675,0.040827749,-0.294293475,0.953787701,705,268,0.380141844,0.047081717,0.031286196,0.023851821,0.271926507,42.744154528,0.000000000,0.271035938,0.066551738,2.302281579,0.240416950,39.060841099,0,38,35,3,0.053900709,8,0,0,0,0,659,8,14464,63697,17168,27,1162868
1000,1706585347.582719803,1706585347.681942701,1,0,0,1,84.196218229,-24.955837595,-0.061744807,-0.045698357,0.037731210,-0.298095722,0.952694577,682,243,0.356304985,0.044499869,0.029944495,0.021869833,0.312503773,40.348210922,0.000000000,0.272991575,0.066193403,2.274489748,0.234346512,39.249011014,0,42,40,2,0.061583578,8,0,0,0,0,632,8,14478,63739,17176,27,1163500
1001,1706585347.682578802,1706585347.780728817,1,0,0,1,84.260711811,-25.002519482,-0.065778587,-0.046787750,0.036344582,-0.300978949,0.951788658,692,263,0.380057803,0.043062922,0.033379350,0.022481797,0.270205956,43.156244904,0.000000000,0.272973763,0.066422928,2.243477348,0.223003087,39.479582592,0,33,33,0,0.047687861,5,0,0,0,0,653,6,14486,63772,17181,27,1164153
1002,1706585347.782411575,1706585347.879546165,1,0,0,1,84.326124040,-25.053901661,-0.069179131,-0.045784486,0.034060146,-0.303477933,0.951128189,640,224,0.350000000,0.038761897,0.025791663,0.017783953,0.296822725,37.669526933,0.000000000,0.275520744,0.071573772,2.220970353,0.215715586,39.483717214,0,41,41,0,0.064062500,4,0,0,0,0,595,4,14495,63813,17185,27,1164748
1003,1706585347.883055210,1706585347.982884169,1,0,0,1,84.410844460,-25.121356015,-0.085567876,-0.039845301,0.045215684,-0.301780500,0.951470664,680,248,0.364705882,0.039847370,0.029698978,0.020885187,0.268393600,44.841911313,0.000000000,0.273986332,0.074650869,2.227779781,0.205361018,39.911250880,0,47,43,4,0.069117647,8,0,0,0,0,623,10,14509,63860,17193,27,1165371
1004,1706585347.982897043,1706585348.082725286,1,0,0,1,84.510182285,-25.190118811,-0.096363056,-0.037493917,0.055725117,-0.297262436,0.952430555,630,231,0.366666667,0.042960915,0.029977732,0.021255448,0.312447879,39.415048170,0.000000000,0.277076474,0.074654801,2.241226196,0.197280690,40.159124789,0,44,42,2,0.069841270,10,0,0,0,0,572,14,14516,63904,17203,27,1165943
1005,1706585348.082737207,1706585348.182569027,1,0,0,1,84.610476232,-25.251708813,-0.105946441,-0.036256965,0.057386841,-0.290094263,0.954587608,679,247,0.363770250,0.040511220,0.027850218,0.018529379,0.263382777,46.612139588,0.000000000,0.274585053,0.075905267,2.243651404,0.200406005,40.724922156,0,64,42,22,0.094256259,6,0,0,0,0,596,19,14543,63968,17209,27,1166539
1006,1706585348.182581186,1706585348.282406807,1,0,0,1,84.721544674,-25.316498994,-0.116828931,-0.034668442,0.065884435,-0.276704327,0.958066833,706,259,0.366855524,0.037643170,0.027983080,0.020736141,0.332744846,44.963187559,0.000000000,0.277740143,0.078070373,2.255431472,0.221558532,41.103052250,0,66,50,16,0.093484419,7,0,0,0,0,624,16,14569,64034,17216,27,1167163
1007,1706585348.282417059,1706585348.382259130,1,0,0,1,84.836795366,-25.378279810,-0.121281631,-0.030047138,0.075797429,-0.264930253,0.960814176,757,274,0.361955086,0.044124918,0.035294240,0.023341551,0.292016802,54.926326938,0.000000000,0.279916562,0.078090182,2.256919729,0.234988334,41.921854113,0,69,54,15,0.091149273,4,0,0,0,0,677,11,14595,64103,17220,27,1167840
1008,1706585348.383068562,1706585348.482343197,1,0,0,1,84.933382572,-25.421958448,-0.130594956,-0.035725529,0.059617174,-0.254586389,0.964549247,688,249,0.361918605,0.052713449,0.043003710,0.019595748,0.327218999,48.944577825,0.000000000,0.282969146,0.090961792,2.229357140,0.248666522,42.568231648,0,58,50,8,0.084302326,8,0,0,0,0,617,13,14617,64161,17228,27,1168457
1009,1706585348.482904434,1706585348.581092358,1,0,0,1,85.033671663,-25.430218516,-0.135562061,-0.062089833,0.052670341,-0.245285324,0.966025775,737,254,0.344640434,0.041546231,0.029383310,0.019280156,0.319183239,45.912467595,0.000000000,0.284271020,0.091389732,2.187666353,0.250949390,42.986029043,0,60,60,0,0.081411126,6,0,0,0,0,671,6,14635,64221,17234,27,1169128
1010,1706585348.582749844,1706585348.679843426,1,0,0,1,85.122406247,-25.426820605,-0.133363814,-0.095548768,0.043083142,-0.234347498,0.966486175,781,266,0.340588988,0.042903719,0.031767032,0.020958047,0.373919211,48.806455318,0.000000000,0.290996925,0.090715985,2.134172500,0.259747462,43.658317659,0,57,50,7,0.072983355,9,0,0,0,0,715,9,14655,64278,17243,27,1169843
1011,1706585348.682601929,1706585348.778613806,1,0,0,1,85.198462844,-25.449998659,-0.130070789,-0.097969392,0.041969049,-0.225401169,0.968418768,881,323,0.366628831,0.042623273,0.028882768,0.019369037,0.332328181,50.524886479,0.000000000,0.293477433,0.087236943,2.076396861,0.267271346,44.439744812,0,70,61,9,0.079455165,12,0,0,0,0,799,12,14682,64348,17255,27,1170642
1012,1706585348.782444239,1706585348.882279634,1,0,0,1,85.259353545,-25.503704552,-0.142451395,-0.083498710,0.038747519,-0.219779660,0.971196940,898,320,0.356347439,0.047436631,0.035695837,0.022754433,0.367797972,45.385073685,0.000000000,0.299104108,0.089915259,2.020974229,0.266437808,44.914026668,0,77,77,0,0.085746102,12,0,0,0,0,809,12,14706,64425,17267,27,1171451
1013,1706585348.883090258,1706585348.981848001,1,0,0,1,85.292275207,-25.568283051,-0.156110743,-0.058816366,0.018083035,-0.214563748,0.974769735,911,310,0.340285401,0.048086171,0.037149108,0.023463513,0.379501241,51.825961676,0.000000000,0.308508799,0.089501759,1.959446112,0.265727333,45.244703715,0,69,65,4,0.075740944,7,0,0,0,0,834,8,14727,64494,17274,27,1172285
1014,1706585348.982931852,1706585349.080750465,1,0,0,1,85.332384984,-25.634309849,-0.168560255,-0.032636911,0.007902078,-0.214241180,0.976203414,963,319,0.331256490,0.050571643,0.037545158,0.022327270,0.314858155,47.404213715,0.000000000,0.306848161,0.095690430,1.905492309,0.252503540,45.465383866,0,95,91,4,0.098650052,11,0,0,0,0,856,12,14755,64589,17285,27,1173141
1015,1706585349.082784414,1706585349.179585695,1,0,0,1,85.401567765,-25.675533555,-0.172096457,-0.028101083,0.010410937,-0.208605898,0.977540547,936,320,0.341880342,0.047516985,0.035317192,0.022730042,0.419280553,44.299011558,0.000000000,0.314534284,0.094392613,1.858623371,0.250446307,45.508611378,0,69,67,2,0.073717949,13,0,0,0,0,852,15,14770,64658,17298,27,1173993
1016,1706585349.182617188,1706585349.282430887,1,0,0,1,85.479313903,-25.701742416,-0.173158651,-0.038570571,0.001532394,-0.206277230,0.977731899,980,355,0.362244898,0.041802275,0.028858860,0.019909932,0.332248064,50.791741182,0.000000000,0.313186783,0.090752929,1.822594068,0.242051718,45.852032324,0,85,68,17,0.086734694,12,0,0,0,0,879,16,14811,64743,17310,27,1174872
1017,1706585349.282443285,1706585349.382267475,1,0,0,1,85.576037326,-25.739604652,-0.174134523,-0.042572951,0.002717227,-0.202594387,0.978333110,962,326,0.338877339,0.039370328,0.027766243,0.019680202,0.397764040,44.368245349,0.000000000,0.322333886,0.091144311,1.822260914,0.238417385,46.000541434,0,61,61,0,0.063409563,11,0,0,0,0,889,12,14823,64804,17321,27,1175761
1018,1706585349.383078098,1706585349.482908010,1,0,0,1,85.683941908,-25.791148207,-0.179972270,-0.038394154,0.004841316,-0.197866970,0.979464707,984,344,0.349593496,0.041173176,0.027145132,0.018994965,0.391585591,49.163727184,0.000000000,0.328806505,0.090166301,1.846853227,0.239596103,46.105155621,0,61,60,1,0.061991870,17,0,0,0,0,906,17,14833,64865,17338,27,1176667
1019,1706585349.482920647,1706585349.582738876,1,0,0,1,85.796857281,-25.846635802,-0.182285663,-0.035607805,0.005827426,-0.192130975,0.980705773,988,369,0.373481781,0.042632870,0.025952350,0.017830254,0.396747994,50.454738088,0.000000000,0.335047580,0.088981772,1.893569571,0.243654356,46.490684799,0,66,65,1,0.066801619,16,0,0,0,0,906,16,14848,64931,17354,27,1177573
1020,1706585349.582751036,1706585349.682581186,1,0,0,1,85.921457646,-25.888510790,-0.182289476,-0.040238245,0.007287158,-0.186690080,0.981567417,1076,389,0.361524164,0.042544285,0.025848710,0.018260743,0.411175662,53.292142882,0.000000000,0.339981174,0.089134805,1.945300712,0.248738465,47.137881397,0,80,76,4,0.074349442,16,0,0,0,0,980,16,14871,65011,17370,27,1178553
1021,1706585349.682593822,1706585349.782396078,1,0,0,1,86.047001069,-25.932698930,-0.187038612,-0.039399804,0.011683399,-0.181494649,0.982532873,1068,401,0.375468165,0.040950853,0.026684877,0.018603477,0.303087211,49.165830859,0.000000000,0.341625237,0.090188536,1.995229067,0.254044228,47.438360695,0,75,71,4,0.070224719,15,0,0,0,0,978,15,14885,65086,17385,27,1179531
1022,1706585349.782431841,1706585349.881106853,1,0,0,1,86.166760799,-25.978960908,-0.190810495,-0.037865888,0.010086225,-0.176069718,0.983597426,1090,405,0.371559633,0.047405443,0.030490694,0.021232604,0.416485732,50.152804145,0.000000000,0.347608387,0.088230913,2.014141595,0.262972322,48.062524555,0,78,75,3,0.071559633,17,0,0,0,0,995,17,14901,65164,17402,27,1180526
1023,1706585349.883067131,1706585349.979822874,1,0,0,1,86.288461360,-26.016652617,-0.191339202,-0.041375524,0.012553137,-0.172359982,0.984084611,1112,433,0.389388489,0.038285862,0.024473874,0.016693732,0.347842758,52.826659669,0.000000000,0.351580845,0.090502868,2.020249765,0.262250607,48.461761973,0,94,91,3,0.084532374,10,0,0,0,0,1008,10,14930,65258,17412,27,1181534
1024,1706585349.982904196,1706585350.082731247,1,0,0,1,86.413463835,-26.057551133,-0.192550706,-0.046725607,0.014763536,-0.168899926,0.984414329,1121,412,0.367528992,0.045464746,0.027785979,0.019632893,0.342768171,47.808955346,0.000000000,0.353096860,0.090612650,2.033693465,0.254144222,48.881457332,0,82,78,4,0.073148974,17,0,0,0,0,1022,17,14954,65340,17429,27,1182556
1025,1706585350.082742453,1706585350.182557106,1,0,0,1,86.527983227,-26.097588247,-0.195825866,-0.046673878,0.013780069,-0.165019059,0.985089016,1135,422,0.371806167,0.040594374,0.026161502,0.018416196,0.353126864,52.570608915,0.000000000,0.357584064,0.090527009,2.026009878,0.235379092,49.179380798,0,84,82,2,0.074008811,10,0,0,0,0,1041,10,14969,65424,17439,27,1183597
1026,1706585350.182569027,1706585350.281735420,1,0,0,1,86.640872569,-26.138699535,-0.200180656,-0.042594068,0.014383461,-0.160719834,0.985975657,1190,437,0.367226891,0.039836324,0.026352841,0.018090298,0.322112336,55.753874327,0.000000000,0.357052439,0.087034797,2.015389755,0.220725760,49.718915137,0,69,65,4,0.057983193,15,0,0,0,0,1106,15,14984,65493,17454,27,1184703
1027,1706585350.282423019,1706585350.380618095,1,0,0,1,86.751119005,-26.176280914,-0.200457122,-0.042456207,0.012356246,-0.157488642,0.986530345,1188,447,0.376262626,0.043104767,0.025544943,0.018066541,0.368735201,48.540278231,0.000000000,0.360888359,0.087208840,2.025453351,0.203878422,49.399612701,0,77,70,7,0.064814815,19,0,0,0,0,1092,19,15008,65570,17473,27,1185795
1028,1706585350.383052111,1706585350.482878685,1,0,0,1,86.865196943,-26.221841284,-0.203038740,-0.039534592,0.011053421,-0.153802621,0.987248495,1244,470,0.377813505,0.039591163,0.024642733,0.017228127,0.381802934,48.905886025,0.000000000,0.363617555,0.077272425,2.047568705,0.193071835,49.397678111,0,87,85,2,0.069935691,14,0,0,0,0,1143,14,15031,65657,17487,27,1186938
1029,1706585350.482891083,1706585350.582709551,1,0,0,1,86.980277048,-26.263396740,-0.207353196,-0.037987918,0.015048823,-0.153875425,0.987245058,1275,452,0.354509804,0.041320980,0.023155885,0.017385755,0.315124126,53.287559925,0.000000000,0.363414600,0.077428012,2.081171049,0.170737369,49.766432728,0,124,112,12,0.097254902,22,0,0,0,0,1123,28,15066,65781,17509,27,1188061
1030,1706585350.582721949,1706585350.682538033,1,0,0,1,87.100218014,-26.297603980,-0.209549083,-0.042315335,0.015791999,-0.151367584,0.987445127,1283,466,0.363211224,0.039351633,0.023152694,0.017382187,0.395249439,50.179718972,0.000000000,0.364481111,0.080115879,2.126335866,0.157190700,49.835095911,0,124,102,22,0.096648480,11,0,0,0,0,1135,24,15116,65905,17520,27,1189196
1031,1706585350.682549715,1706585350.782372713,1,0,0,1,87.224620705,-26.339010946,-0.214719806,-0.040987858,0.021772832,-0.150804282,0.987473548,1286,504,0.391912908,0.040406032,0.021505096,0.016035797,0.371061619,53.140627298,0.000000000,0.366417783,0.081377246,2.175420934,0.145088614,49.965882952,0,103,92,11,0.080093313,13,0,0,0,0,1169,14,15145,66008,17533,27,1190365
1032,1706585350.782385111,1706585350.882186890,1,0,0,1,87.351913233,-26.382152439,-0.219010792,-0.040343803,0.026813040,-0.150430615,0.987433070,1240,457,0.368548387,0.037357034,0.021168074,0.016525059,0.303460558,52.766313367,0.000000000,0.363200912,0.083103790,2.236132184,0.130717692,50.334944936,0,96,94,2,0.077419355,16,0,0,0,0,1126,18,15164,66104,17549,27,1191491
1033,1706585350.882997036,1706585350.982823372,1,0,0,1,87.483464868,-26.417974627,-0.223518079,-0.042309052,0.029656625,-0.148854960,0.987508293,1295,483,0.372972973,0.037072562,0.023317621,0.017975293,0.324818009,49.741100607,0.000000000,0.360466751,0.082359056,2.294296714,0.131710337,50.230701882,0,96,95,1,0.074131274,22,0,0,0,0,1177,22,15189,66200,17571,27,1192668
1034,1706585350.982834816,1706585351.082142115,1,0,0,1,87.610419858,-26.459688299,-0.230375168,-0.040647910,0.033147461,-0.148911183,0.987458583,1231,483,0.392363932,0.040649739,0.022860019,0.016806983,0.345895984,56.016070679,0.000000000,0.362018642,0.067813319,2.347493719,0.120740271,50.661294730,0,75,75,0,0.060926076,21,0,0,0,0,1135,21,15200,66275,17592,27,1193803
1035,1706585351.082679033,1706585351.180583239,1,0,0,1,87.734786844,-26.501938746,-0.238548210,-0.039774561,0.031640959,-0.149341675,0.987478556,1198,431,0.359766277,0.039510896,0.022483927,0.016197883,0.350153087,53.982545674,0.000000000,0.358562269,0.059541441,2.397043786,0.116021086,51.145471436,0,93,92,1,0.077629382,16,0,0,0,0,1089,16,15222,66368,17608,27,1194892
1036,1706585351.182517052,1706585351.279114246,1,0,0,1,87.859810368,-26.548509192,-0.245740589,-0.037159401,0.031125798,-0.150720115,0.987387366,1209,439,0.363110008,0.035152909,0.020287940,0.015926207,0.311608785,55.926875733,0.000000000,0.357530305,0.067251095,2.426778438,0.111154863,51.402228164,0,100,99,1,0.082712986,15,0,0,0,0,1094,15,15244,66468,17623,27,1195986
1037,1706585351.282746315,1706585351.382580757,1,0,0,1,87.983125171,-26.590277732,-0.248085856,-0.038803019,0.024340222,-0.153119457,0.987145537,1203,474,0.394014963,0.040330777,0.020970263,0.016645372,0.349779665,54.860010716,0.000000000,0.355131086,0.066840801,2.437270560,0.105972934,51.926816432,0,95,93,2,0.078969244,18,0,0,0,0,1089,19,15265,66563,17641,27,1197075
1038,1706585351.382593632,1706585351.482432127,1,0,0,1,88.098101415,-26.621298870,-0.250134075,-0.043421806,0.022320460,-0.159666840,0.985962902,1224,479,0.391339869,0.035979887,0.017849660,0.014218993,0.330676640,56.401671348,0.000000000,0.352085639,0.071695736,2.430542090,0.107564282,52.288713640,0,100,98,2,0.081699346,20,0,0,0,0,1104,20,15282,66663,17661,27,1198179
1039,1706585351.482443333,1706585351.581647158,1,0,0,1,88.206819303,-26.664780337,-0.251904675,-0.044171410,0.016931736,-0.165968190,0.984995819,1194,420,0.351758794,0.034390095,0.020647499,0.015611447,0.309373104,51.051854442,0.000000000,0.347716894,0.078123781,2.416197395,0.108826806,52.318569458,0,107,103,4,0.089614740,12,0,0,0,0,1074,13,15305,66770,17673,27,1199253
1040,1706585351.583082438,1706585351.680558681,1,0,0,1,88.319433082,-26.713204671,-0.257236029,-0.038193480,0.017899015,-0.166165453,0.985195374,1183,481,0.406593407,0.033436903,0.021198027,0.016819742,0.327514566,52.986388248,0.000000000,0.343533839,0.085228638,2.405719349,0.099006206,52.303281726,0,82,79,3,0.069315300,15,0,0,0,0,1084,17,15321,66852,17688,27,1200337
1041,1706585351.682918549,1706585351.782750607,1,0,0,1,88.432953584,-26.758003217,-0.261792637,-0.035683093,0.015862027,-0.161597325,0.986083880,1227,458,0.373268134,0.037350492,0.021574787,0.016281886,0.358698308,49.490840876,0.000000000,0.346314394,0.085983567,2.399404766,0.097325093,52.319532227,0,92,78,14,0.074979625,17,0,0,0,0,1110,25,15354,66944,17705,27,1201447
1042,1706585351.782762527,1706585351.882586718,1,0,0,1,88.546116616,-26.785500956,-0.259903423,-0.040381042,0.018929182,-0.157467266,0.986516659,1259,479,0.380460683,0.031579241,0.018420853,0.013262554,0.314760671,50.918762049,0.000000000,0.341228141,0.084290623,2.388471325,0.098026836,52.357830122,0,114,81,33,0.090548054,11,0,0,0,0,1117,28,15407,67058,17716,27,1202564
1043,1706585351.882598877,1706585351.982428789,1,0,0,1,88.650653250,-26.809462793,-0.260233228,-0.042802900,0.016800325,-0.151882440,0.987328408,1261,479,0.379857256,0.035348293,0.020615158,0.015525678,0.311147282,48.834693840,0.000000000,0.339393367,0.086532037,2.364190963,0.102734262,52.158231831,0,93,80,13,0.073750991,13,0,0,0,0,1147,21,15433,67151,17729,27,1203711
1044,1706585351.982439995,1706585352.082274199,1,0,0,1,88.748589299,-26.840333756,-0.263048686,-0.039930094,0.014268142,-0.146274519,0.988334848,1322,508,0.384266263,0.039822090,0.024481133,0.017620418,0.329501982,50.527833470,0.000000000,0.338730058,0.076761030,2.345555329,0.106389212,52.294175737,0,92,88,4,0.069591528,21,0,0,0,0,1205,25,15453,67243,17750,27,1204916
1045,1706585352.083085775,1706585352.182918549,1,0,0,1,88.842880129,-26.877061614,-0.267659907,-0.034694893,0.011968833,-0.142414186,0.989126489,1446,538,0.372060858,0.038503181,0.022693083,0.016834599,0.295881323,51.650524590,0.000000000,0.335867781,0.075556218,2.326630652,0.105755208,52.248171521,0,102,98,4,0.070539419,20,0,0,0,0,1323,21,15473,67345,17770,27,1206239
1046,1706585352.182931900,1706585352.282756805,1,0,0,1,88.935533667,-26.901827876,-0.268308990,-0.036881516,0.011429929,-0.140359575,0.989347411,1429,517,0.361791463,0.039498656,0.025790459,0.017893453,0.351322391,47.328982213,0.000000000,0.337328284,0.075330693,2.306063058,0.103187143,51.826926915,0,109,103,6,0.076277117,19,0,0,0,0,1301,19,15498,67454,17789,27,1207540
1047,1706585352.282768250,1706585352.381750345,1,0,0,1,89.023081006,-26.929186387,-0.269009765,-0.037505565,0.010039680,-0.138187332,0.989644784,1419,538,0.379140240,0.038443179,0.025866097,0.018749828,0.319901867,48.791396828,0.000000000,0.334886617,0.069251269,2.274921731,0.100074942,51.839482845,0,97,93,4,0.068357999,9,0,0,0,0,1313,9,15520,67551,17798,27,1208853
1048,1706585352.382610559,1706585352.480304718,1,0,0,1,89.115487813,-26.955971697,-0.271180475,-0.036474116,0.009480420,-0.136453647,0.989929373,1408,527,0.374289773,0.032102691,0.020122836,0.015594769,0.317853978,49.538082919,0.000000000,0.331689169,0.076252450,2.248727604,0.103156870,51.871092690,0,95,92,3,0.067471591,7,0,0,0,0,1306,7,15538,67646,17805,27,1210159
1049,1706585352.482464314,1706585352.578893185,1,0,0,1,89.208359820,-26.983834579,-0.272452772,-0.033124364,0.008627119,-0.133819373,0.990414421,1414,554,0.391796322,0.036707516,0.023437901,0.017958682,0.334760982,51.778618719,0.000000000,0.332671012,0.072815722,2.220954634,0.103634285,51.795645629,0,101,97,4,0.071428571,10,0,0,0,0,1303,10,15550,67747,17815,27,1211462
1050,1706585352.583098412,1706585352.682933331,1,0,0,1,89.308835149,-27.013926834,-0.273711238,-0.030862785,0.007213596,-0.133434182,0.990550742,1457,551,0.378174331,0.037601351,0.023430852,0.017305152,0.335574206,49.418461703,0.000000000,0.329687250,0.071781324,2.194632332,0.103930296,51.757582766,0,77,72,5,0.052848318,14,0,0,0,0,1366,14,15567,67824,17829,27,1212828
1051,1706585352.682946205,1706585352.782765865,1,0,0,1,89.410404589,-27.045155836,-0.276309904,-0.030368905,0.006778392,-0.131791246,0.990789004,1467,566,0.385821404,0.038849408,0.023277654,0.017246066,0.377386909,50.268715378,0.000000000,0.330003515,0.069841795,2.166453049,0.106999454,51.613987170,0,77,76,1,0.052488071,17,0,0,0,0,1373,17,15580,67901,17846,27,1214201
1052,1706585352.782777786,1706585352.881814957,1,0,0,1,89.516245357,-27.070791506,-0.278096854,-0.031863522,0.008988585,-0.130624118,0.990879035,1487,564,0.379287155,0.040040943,0.026382498,0.018536176,0.379734289,48.860789871,0.000000000,0.333817201,0.071858261,2.138952645,0.106388943,51.418710995,0,103,101,2,0.069266980,10,0,0,0,0,1374,10,15599,68004,17856,27,1215575
1053,1706585352.882627010,1706585352.980830193,1,0,0,1,89.625891911,-27.097819446,-0.278129731,-0.032995290,0.010815876,-0.129175025,0.991013693,1499,562,0.374916611,0.035649019,0.021384837,0.015858830,0.336629123,52.049938378,0.000000000,0.334407757,0.072514628,2.118073138,0.108759981,51.534152884,0,85,83,2,0.056704470,20,0,0,0,0,1394,20,15618,68089,17876,27,1216969
1054,1706585352.982466221,1706585353.082307577,1,0,0,1,89.733686251,-27.130212618,-0.279092249,-0.032248746,0.012512229,-0.128177783,0.991147778,1509,579,0.383697813,0.036404100,0.022139424,0.017444162,0.305996820,48.373761783,0.000000000,0.332412799,0.069447630,2.099031780,0.109991738,51.152037439,0,99,94,5,0.065606362,16,0,0,0,0,1388,22,15640,68188,17892,27,1218357
1055,1706585353.082718372,1706585353.182560444,1,0,0,1,89.844042174,-27.157711475,-0.278855132,-0.032639407,0.014531228,-0.125057407,0.991506005,1565,527,0.336741214,0.036606545,0.023686733,0.018705636,0.329267750,49.610598070,0.000000000,0.331368532,0.067687205,2.079153285,0.113517275,50.933440059,0,107,101,6,0.068370607,11,0,0,0,0,1441,17,15669,68295,17903,27,1219798
1056,1706585353.182572842,1706585353.282392979,1,0,0,1,89.943852916,-27.198252139,-0.284144266,-0.025317249,0.013491093,-0.126317974,0.991574907,1564,594,0.379795396,0.037137271,0.021621208,0.016063959,0.355279412,44.867184450,0.000000000,0.333552063,0.066856056,2.056795228,0.111583079,50.380455495,0,103,94,9,0.065856777,13,0,0,0,0,1445,16,15698,68398,17916,27,1221243
1057,1706585353.282405615,1706585353.382217646,1,0,0,1,90.043715732,-27.233255765,-0.286154025,-0.026596279,0.012762381,-0.132395798,0.990757848,1496,581,0.388368984,0.037066762,0.022466240,0.015972262,0.335836388,48.028519821,0.000000000,0.332854900,0.063443960,2.043528962,0.110622861,50.038880950,0,103,95,8,0.068850267,14,0,0,0,0,1377,16,15724,68501,17930,27,1222620
1058,1706585353.383028984,1706585353.482839108,1,0,0,1,90.142149632,-27.256404796,-0.285255909,-0.034194602,0.008454670,-0.136627650,0.989996027,1499,567,0.378252168,0.035893065,0.020331236,0.015359739,0.336473462,47.507216364,0.000000000,0.333144741,0.063486530,2.027548215,0.106736257,49.594158201,0,85,80,5,0.056704470,20,0,0,0,0,1391,23,15748,68586,17950,27,1224011
1059,1706585353.482851505,1706585353.582668543,1,0,0,1,90.243373939,-27.288896806,-0.290522041,-0.031687998,0.009421478,-0.135723863,0.990195001,1475,546,0.370169492,0.037282693,0.021450627,0.016010011,0.362747117,49.537268558,0.000000000,0.335813441,0.061768957,2.011290214,0.108139206,49.518428906,0,82,77,5,0.055593220,15,0,0,0,0,1378,15,15769,68668,17965,27,1225389
1060,1706585353.582680464,1706585353.681663036,1,0,0,1,90.342320663,-27.322083974,-0.293256915,-0.030634213,0.008436335,-0.131252659,0.990839600,1468,520,0.354223433,0.036375571,0.022325405,0.016771588,0.356212827,48.519533752,0.000000000,0.337248354,0.058035454,1.993564781,0.107750650,49.295086182,0,69,64,5,0.047002725,10,0,0,0,0,1389,10,15790,68737,17975,27,1226778
1061,1706585353.682523727,1706585353.780247211,1,0,0,1,90.442827280,-27.345991107,-0.295111255,-0.031247249,0.008773063,-0.126397964,0.991448535,1520,550,0.361842105,0.036078090,0.021497452,0.015695994,0.364303634,49.817714669,0.000000000,0.337528621,0.058270085,1.980420956,0.109519805,49.311429871,0,91,86,5,0.059868421,13,0,0,0,0,1416,13,15810,68828,17988,27,1228194
1062,1706585353.782752752,1706585353.882582426,1,0,0,1,90.548366275,-27.374199300,-0.299989212,-0.030345551,0.011810102,-0.120999032,0.992118392,1538,572,0.371911573,0.039318222,0.024576924,0.016533046,0.350005872,47.687040964,0.000000000,0.339290881,0.049349683,1.982525240,0.108754404,49.149843817,0,88,87,1,0.057217165,18,0,0,0,0,1432,18,15827,68916,18006,27,1229626
1063,1706585353.882594585,1706585353.982429266,1,0,0,1,90.656871399,-27.397138516,-0.303554868,-0.033950079,0.019062951,-0.117570633,0.992300933,1498,573,0.382510013,0.035230830,0.018216706,0.014066823,0.335479558,46.237044026,0.000000000,0.340507495,0.049524066,1.990761032,0.103423554,49.019961326,0,98,94,4,0.065420561,11,0,0,0,0,1389,11,15856,69014,18017,27,1231015
1064,1706585353.982441187,1706585354.082270384,1,0,0,1,90.762025641,-27.427566877,-0.307709463,-0.031206497,0.021706618,-0.113170950,0.992848082,1536,589,0.383463542,0.034246999,0.021313681,0.015700954,0.318037942,44.832525378,0.000000000,0.339934293,0.050128853,1.999011708,0.104099120,48.735195922,0,82,82,0,0.053385417,19,0,0,0,0,1435,19,15868,69096,18036,27,1232450
1065,1706585354.083081961,1706585354.181985140,1,0,0,1,90.864622753,-27.455918904,-0.307831455,-0.030350898,0.022872756,-0.112473953,0.992927626,1477,580,0.392687881,0.033790461,0.019213785,0.014087239,0.333111605,44.230405864,0.000000000,0.341795807,0.052777693,2.009545634,0.101282584,48.364189985,0,78,75,3,0.052809749,18,0,0,0,0,1381,18,15883,69174,18054,27,1233831
1066,1706585354.182920694,1706585354.282756329,1,0,0,1,90.971172241,-27.472967385,-0.312257995,-0.032997212,0.029149500,-0.112435503,0.992683106,1498,600,0.400534045,0.035017982,0.018691443,0.014185493,0.347861607,44.104812566,0.000000000,0.341622767,0.050987102,2.025815962,0.097330310,48.202981503,0,94,90,4,0.062750334,15,0,0,0,0,1389,15,15912,69268,18069,27,1235220
1067,1706585354.282768726,1706585354.382605791,1,0,0,1,91.077023180,-27.490776437,-0.314450478,-0.039005425,0.031352938,-0.115123326,0.992089809,1470,566,0.385034014,0.034876574,0.017808014,0.014040705,0.351914082,43.464488994,0.000000000,0.343223378,0.050554883,2.036941952,0.099697540,47.936636111,0,79,76,3,0.053741497,19,0,0,0,0,1371,20,15934,69347,18088,27,1236591
1068,1706585354.382617950,1706585354.482443094,1,0,0,1,91.170570487,-27.515543533,-0.314871181,-0.041454944,0.024882598,-0.121074466,0.991465238,1541,593,0.384815055,0.035293159,0.022134014,0.017109028,0.337089125,42.288163903,0.000000000,0.344185136,0.043439529,2.036743316,0.105751554,47.574140160,0,96,94,2,0.062297210,16,0,0,0,0,1428,17,15958,69443,18104,27,1238019
1069,1706585354.482455254,1706585354.582280636,1,0,0,1,91.264920960,-27.547380978,-0.316264370,-0.040122816,0.023428512,-0.128262731,0.990651269,1503,587,0.390552229,0.037572650,0.020783339,0.016702741,0.331153455,42.533431479,0.000000000,0.344004759,0.043867754,2.031437925,0.119156004,47.111880799,0,88,85,3,0.058549568,18,0,0,0,0,1396,19,15979,69531,18122,27,1239415
1070,1706585354.583091021,1706585354.682926416,1,0,0,1,91.361816572,-27.574741398,-0.313589987,-0.045074776,0.023491136,-0.135079674,0.989530147,1488,584,0.392473118,0.037552275,0.021973325,0.017586108,0.378022995,40.699237941,0.000000000,0.346127199,0.043826150,2.025864136,0.129734131,46.675919610,0,99,91,8,0.066532258,16,0,0,0,0,1372,17,16004,69630,18138,27,1240787
1071,1706585354.682938576,1706585354.782767534,1,0,0,1,91.454374853,-27.609374965,-0.313574699,-0.046517051,0.018385256,-0.140359890,0.988836310,1523,569,0.373604728,0.040356589,0.023864215,0.018793558,0.379649934,44.101064412,0.000000000,0.346240350,0.047500777,2.015774051,0.137693037,46.367537062,0,128,127,1,0.084044649,26,0,0,0,0,1368,27,16041,69758,18164,27,1242155
1072,1706585354.782778978,1706585354.882612944,1,0,0,1,91.544084001,-27.640334541,-0.314707567,-0.047226957,0.012840806,-0.144686492,0.988266435,1504,599,0.398271277,0.036492836,0.020686181,0.015170208,0.377284995,44.321490348,0.000000000,0.346117885,0.042493923,1.997753314,0.143085306,46.140572086,0,109,106,3,0.072473404,26,0,0,0,0,1369,26,16078,69867,18190,27,1243524
1073,1706585354.882623911,1706585354.981364727,1,0,0,1,91.634157935,-27.686259556,-0.317233026,-0.040558711,0.013456346,-0.149971256,0.987766440,1458,539,0.369684499,0.038831292,0.020932742,0.017201865,0.388589214,42.849218465,0.000000000,0.348715890,0.044363870,1.986330348,0.151837281,45.680536090,0,107,103,4,0.073388203,17,0,0,0,0,1334,17,16111,69974,18207,27,1244858
1074,1706585354.982451439,1706585355.079980373,1,0,0,1,91.730282969,-27.728795652,-0.319999731,-0.040428901,0.019321015,-0.156844302,0.986606338,1432,564,0.393854749,0.037333809,0.019314050,0.016289722,0.417175099,43.280743644,0.000000000,0.354274804,0.044521826,1.977751897,0.160142622,45.425885183,0,105,102,3,0.073324022,23,0,0,0,0,1304,23,16140,70079,18230,27,1246162
1075,1706585355.083087683,1706585355.182924032,1,0,0,1,91.838640715,-27.757727282,-0.318157444,-0.048540451,0.024502750,-0.164720642,0.984840368,1397,565,0.404438082,0.034345289,0.019068939,0.014756024,0.428792953,41.096510210,0.000000000,0.359251064,0.046675938,1.982061020,0.174538319,45.000180790,0,117,110,7,0.083750895,16,0,0,0,0,1264,16,16180,70196,18246,27,1247426
1076,1706585355.182935476,1706585355.282759190,1,0,0,1,91.938810116,-27.798275179,-0.320895759,-0.045995110,0.028172827,-0.171711230,0.983669657,1340,470,0.350746269,0.035789431,0.022031622,0.017605101,0.418079469,43.491987292,0.000000000,0.362391067,0.046770487,1.984321782,0.176812318,44.931420932,0,106,101,5,0.079104478,12,0,0,0,0,1222,12,16215,70302,18258,27,1248648
1077,1706585355.282769680,1706585355.382604837,1,0,0,1,92.042091958,-27.839951675,-0.320936164,-0.044190852,0.033608384,-0.172568031,0.983431706,1244,505,0.405948553,0.039536025,0.024057997,0.019073220,0.517375111,43.934154833,0.000000000,0.371468003,0.050056904,1.994572071,0.170765338,44.726702683,0,89,84,5,0.071543408,15,0,0,0,0,1139,16,16242,70391,18273,27,1249787
1078,1706585355.382616520,1706585355.482386589,1,0,0,1,92.145575657,-27.863796922,-0.315001711,-0.052047834,0.034069832,-0.167888630,0.983841287,1271,523,0.411487018,0.037509153,0.023133277,0.015312228,0.399870232,41.535085402,0.000000000,0.374637841,0.050066887,1.994491557,0.178046577,44.428096135,0,74,72,2,0.058221873,10,0,0,0,0,1187,10,16251,70465,18283,27,1250974
1079,1706585355.482448816,1706585355.582278967,1,0,0,1,92.247669418,-27.894324092,-0.317022494,-0.056823080,0.034524946,-0.162575101,0.984453403,1270,498,0.392125984,0.042859058,0.024670479,0.016934037,0.394737840,41.707339409,0.000000000,0.376237377,0.061764667,1.996670948,0.179428809,44.036599677,0,54,53,1,0.042519685,6,0,0,0,0,1210,6,16259,70519,18289,27,1252184
1080,1706585355.583088160,1706585355.682921171,1,0,0,1,92.348994031,-27.927441477,-0.322294137,-0.055966511,0.036281286,-0.157948356,0.985192232,1245,489,0.392771084,0.036340974,0.021595500,0.013055981,0.438290839,41.096534360,0.000000000,0.380341278,0.061779091,2.000073160,0.178831263,43.665449708,0,71,68,3,0.057028112,8,0,0,0,0,1166,8,16277,70590,18297,27,1253350
1081,1706585355.682933807,1706585355.782783508,1,0,0,1,92.443995015,-27.966310529,-0.326925065,-0.050524989,0.035745469,-0.155712605,0.985861588,1313,479,0.364813404,0.038591664,0.023911808,0.014728147,0.378042297,39.454963903,0.000000000,0.381028211,0.062093027,1.993470011,0.173030509,43.147312170,0,76,72,4,0.057882711,12,0,0,0,0,1225,12,16291,70666,18309,27,1254575
1082,1706585355.782794952,1706585355.882622004,1,0,0,1,92.539531758,-27.998065761,-0.331271844,-0.047716364,0.037648554,-0.150063747,0.986806266,1291,480,0.371804802,0.037831749,0.024253005,0.016398939,0.381574363,44.690615700,0.000000000,0.382606636,0.060832084,1.983279111,0.178083835,42.997490906,0,55,51,4,0.042602634,10,0,0,0,0,1226,10,16305,70721,18319,27,1255801
1083,1706585355.882634640,1706585355.982462883,1,0,0,1,92.639123871,-28.025530911,-0.337605198,-0.047996635,0.044472474,-0.143674327,0.987459472,1283,468,0.364770070,0.042352394,0.026376996,0.016062584,0.342395279,43.280848107,0.000000000,0.382952422,0.066861238,1.977235832,0.181371660,42.849681110,0,34,33,1,0.026500390,19,0,0,0,0,1230,19,16315,70755,18338,27,1257031
1084,1706585355.982475281,1706585356.082308769,1,0,0,1,92.738864060,-28.046256687,-0.345506760,-0.049882312,0.047448267,-0.136267936,0.988277019,1298,475,0.365947612,0.038328725,0.025015785,0.016819146,0.345548554,42.928855645,0.000000000,0.384327952,0.063964979,1.972970064,0.194457263,42.754497624,0,56,56,0,0.043143297,8,0,0,0,0,1234,8,16323,70811,18346,27,1258265
1085,1706585356.082720518,1706585356.182163954,1,0,0,1,92.838385900,-28.062283499,-0.354135996,-0.052121082,0.049524381,-0.124497100,0.989611641,1305,483,0.370114943,0.037696516,0.025794593,0.016135750,0.352125080,45.542414441,0.000000000,0.385278626,0.059431635,1.966147235,0.217220814,42.820098053,0,47,44,3,0.036015326,10,0,0,0,0,1248,10,16335,70858,18356,27,1259513
1086,1706585356.182550430,1706585356.280593872,1,0,0,1,92.935402639,-28.083420094,-0.367606121,-0.051563893,0.054628213,-0.114579092,0.990569813,1283,465,0.362431800,0.039871532,0.025179275,0.015493715,0.363134515,42.426531410,0.000000000,0.386042272,0.057894459,1.958988239,0.230647792,42.736183995,0,75,74,1,0.058456742,13,0,0,0,0,1195,13,16341,70933,18369,27,1260708
1087,1706585356.282405376,1706585356.379086494,1,0,0,1,93.030174407,-28.102287596,-0.381755283,-0.049946683,0.064589741,-0.103722737,0.991249256,1300,519,0.399230769,0.036483721,0.022036661,0.014755699,0.360780085,39.831975218,0.000000000,0.386485572,0.055490267,1.959878956,0.239865724,42.554558306,0,62,59,3,0.047692308,11,0,0,0,0,1227,11,16357,70995,18380,27,1261935
1088,1706585356.383042336,1706585356.482862473,1,0,0,1,93.124507403,-28.129151088,-0.398745963,-0.041464492,0.073808165,-0.094203268,0.991946972,1230,461,0.374796748,0.035540123,0.022695332,0.014610185,0.328672909,39.434767434,0.000000000,0.386064761,0.055065410,1.959836113,0.244649683,42.411888483,0,36,34,2,0.029268293,5,0,0,0,0,1189,5,16361,71031,18385,27,1263124
1089,1706585356.482874870,1706585356.582710505,1,0,0,1,93.212734699,-28.149504634,-0.416614128,-0.037903653,0.079860327,-0.091047568,0.991915310,1167,402,0.344473008,0.036358942,0.022934704,0.016078799,0.283736939,40.715330115,0.000000000,0.383693935,0.055958710,1.951406994,0.236875194,42.320983414,0,30,28,2,0.025706941,6,0,0,0,0,1131,6,16364,71061,18391,27,1264255
1090,1706585356.582721949,1706585356.682542562,1,0,0,1,93.306780224,-28.163599208,-0.430402840,-0.041033583,0.088888414,-0.090031681,0.991115226,1168,411,0.351883562,0.034785188,0.021500938,0.014275904,0.216545930,42.632804271,0.000000000,0.375620082,0.059113944,1.948671594,0.227122030,42.417661731,0,33,32,1,0.028253425,9,0,0,0,0,1126,9,16366,71094,18400,27,1265381
1091,1706585356.682554722,1706585356.781625986,1,0,0,1,93.402261387,-28.168499138,-0.441355026,-0.052570930,0.095954838,-0.090209592,0.989894538,1090,368,0.337614679,0.032903885,0.020456000,0.014076685,0.272431189,39.372159129,0.000000000,0.370259145,0.064175669,1.949995766,0.222384110,42.181216467,0,35,33,2,0.032110092,6,0,0,0,0,1049,6,16370,71129,18406,27,1266430
1092,1706585356.782387495,1706585356.880802393,1,0,0,1,93.503663288,-28.182529525,-0.457542076,-0.056557744,0.101202498,-0.091707230,0.989014186,1081,370,0.342275671,0.033592774,0.020131528,0.015856433,0.261519888,38.471011520,0.000000000,0.364470889,0.068148370,1.952498091,0.216404813,41.888692525,0,32,28,4,0.029602220,7,0,0,0,0,1042,7,16376,71161,18413,27,1267472
1093,1706585356.883037567,1706585356.982878208,1,0,0,1,93.611133324,-28.211694429,-0.482232939,-0.050507087,0.100801868,-0.088438045,0.989680115,1083,366,0.337950139,0.035678933,0.023518825,0.016290516,0.248954993,39.548117463,0.000000000,0.357489178,0.068454193,1.961407395,0.209838605,41.723637475,0,41,37,4,0.037857802,6,0,0,0,0,1036,6,16382,71202,18419,27,1268508
1094,1706585356.982890606,1706585357.082717657,1,0,0,1,93.718725095,-28.247892573,-0.505497160,-0.040620144,0.096363925,-0.085197271,0.990860950,1040,381,0.366346154,0.034455667,0.021175550,0.014796834,0.274159912,37.817225386,0.000000000,0.350338419,0.070557173,1.965115791,0.202230077,41.450461562,0,26,25,1,0.025000000,3,0,0,0,0,1011,3,16385,71228,18422,27,1269519
1095,1706585357.082729340,1706585357.182562351,1,0,0,1,93.822580160,-28.288909576,-0.535468179,-0.027869233,0.091185724,-0.090535023,0.991318253,1018,330,0.324165029,0.035163215,0.021715405,0.015371362,0.275226521,39.358139571,0.000000000,0.342660097,0.069498344,1.972629832,0.195616980,41.363543030,0,27,27,0,0.026522593,3,0,0,0,0,988,3,16387,71255,18425,27,1270507
1096,1706585357.182574987,1706585357.282385111,1,0,0,1,93.933261702,-28.319195936,-0.560278545,-0.032927918,0.098798149,-0.107313714,0.988756009,1086,346,0.318600368,0.036579284,0.022720522,0.017933152,0.325764728,42.480609153,0.000000000,0.338044360,0.069044076,1.978658234,0.229293440,41.312974123,0,43,43,0,0.039594843,4,0,0,0,0,1039,4,16388,71298,18429,27,1271546
1097,1706585357.282397270,1706585357.382224083,1,0,0,1,94.054792123,-28.336370862,-0.584814621,-0.050281383,0.102106427,-0.118463996,0.986413880,1002,299,0.298403194,0.034937114,0.021659284,0.015709540,0.296586754,42.551842294,0.000000000,0.327004942,0.068916364,1.997463557,0.246759107,41.243858496,0,31,31,0,0.030938124,5,0,0,0,0,966,5,16396,71329,18434,27,1272512
1098,1706585357.383035421,1706585357.481004953,1,0,0,1,94.181242036,-28.353808056,-0.605049658,-0.062402178,0.106815927,-0.127512572,0.984091901,955,320,0.335078534,0.034285641,0.026465454,0.017969780,0.319363953,46.311355974,0.000000000,0.322979628,0.070780331,2.020124794,0.257977142,41.482672025,0,36,31,5,0.037696335,6,0,0,0,0,913,6,16400,71365,18440,27,1273425
1099,1706585357.482890606,1706585357.579515219,1,0,0,1,94.306334798,-28.398452054,-0.634399852,-0.050804889,0.119138521,-0.127193664,0.983385300,913,289,0.316538883,0.042973090,0.030899445,0.017292347,0.356890195,34.802459085,0.000000000,0.321087246,0.071137382,2.049419797,0.249329894,41.137428009,0,47,43,4,0.051478642,5,0,0,0,0,856,10,16408,71412,18445,27,1274281
1100,1706585357.582721710,1706585357.678179502,1,0,0,1,94.411726071,-28.455044150,-0.662559880,-0.036655873,0.109675151,-0.136933223,0.983807400,906,246,0.271523179,0.041811165,0.028523684,0.019642350,0.341674927,37.297998778,0.000000000,0.316256451,0.076584936,2.069564568,0.259637443,40.947501230,0,54,41,13,0.059602649,6,0,0,0,0,840,12,16426,71466,18451,27,1275121
1101,1706585357.682561159,1706585357.782397032,1,0,0,1,94.500372719,-28.525273497,-0.696614693,-0.019264344,0.077712460,-0.154378345,0.984762400,931,278,0.298603652,0.043999565,0.030414805,0.022347045,0.397659083,39.307292875,0.000000000,0.317237290,0.085993757,2.086905364,0.276450450,40.940117678,0,71,54,17,0.076262084,4,0,0,0,0,850,10,16453,71537,18455,27,1275971
1102,1706585357.782408237,1706585357.882240295,1,0,0,1,94.595881958,-28.598091687,-0.729896298,-0.000275975,0.065446585,-0.165532652,0.984030289,987,292,0.295845998,0.048595163,0.037599606,0.020835488,0.388349508,37.775118202,0.000000000,0.317576047,0.106992487,2.108029694,0.283548843,40.594342804,0,67,61,6,0.067882472,5,0,0,0,0,913,7,16468,71604,18460,27,1276884
1103,1706585357.883050442,1706585357.982876778,1,0,0,1,94.703090312,-28.656464498,-0.751495524,0.004721318,0.061861613,-0.170536671,0.983396204,965,311,0.322279793,0.048411510,0.038690740,0.022620825,0.463860700,38.719352710,0.000000000,0.323649318,0.119815872,2.129818791,0.278504967,40.366268034,0,65,65,0,0.067357513,8,0,0,0,0,890,10,16474,71669,18468,27,1277774
1104,1706585357.982889175,1706585358.082717657,1,0,0,1,94.804471304,-28.693853346,-0.767543616,-0.003159280,0.050579539,-0.175657265,0.983146100,975,324,0.332307692,0.047818419,0.034681484,0.019956075,0.469976072,41.349251900,0.000000000,0.329870694,0.130413701,2.137886966,0.265844735,40.287287846,0,58,57,1,0.059487179,7,0,0,0,0,909,8,16483,71727,18475,27,1278683
1105,1706585358.082729101,1706585358.182558775,1,0,0,1,94.899895123,-28.734657580,-0.782448205,0.000226432,0.049267676,-0.175881790,0.983177624,968,327,0.337809917,0.051350926,0.037927200,0.020665790,0.560616505,38.567472082,0.000000000,0.340295265,0.146166108,2.142531665,0.246566801,39.938540728,0,72,72,0,0.074380165,6,0,0,0,0,890,6,16488,71799,18481,27,1279573
1106,1706585358.182571173,1706585358.282406569,1,0,0,1,94.982509391,-28.777297196,-0.799340390,0.002837822,0.042267585,-0.179323401,0.982877671,968,305,0.315082645,0.042410294,0.033114632,0.019767379,0.449004929,37.202781932,0.000000000,0.344588786,0.146700389,2.139360918,0.232357558,39.677353255,0,52,50,2,0.053719008,4,0,0,0,0,912,4,16497,71851,18485,27,1280485
1107,1706585358.282418966,1706585358.382245064,1,0,0,1,95.060255284,-28.813079713,-0.813042025,0.004588565,0.037304438,-0.182917426,0.982409558,1016,323,0.317913386,0.046104156,0.032851989,0.020386414,0.546568394,36.977833768,0.000000000,0.353878201,0.148326584,2.126491686,0.220294100,39.534646182,0,58,53,5,0.057086614,4,0,0,0,0,954,4,16508,71909,18489,27,1281439
1108,1706585358.383056164,1706585358.482876062,1,0,0,1,95.135217824,-28.841581059,-0.822682874,0.002674644,0.029994283,-0.181969332,0.982842994,981,295,0.300713558,0.046038551,0.034207998,0.019667284,0.547485621,38.041988683,0.000000000,0.364818837,0.147796451,2.114976212,0.216174056,39.465007245,0,54,52,2,0.055045872,10,0,0,0,0,917,10,16516,71963,18499,27,1282356
1109,1706585358.482888699,1706585358.582717657,1,0,0,1,95.209219717,-28.869452955,-0.836549027,0.001057388,0.027515161,-0.179123576,0.983441174,990,319,0.322222222,0.045403413,0.036453331,0.020716525,0.506729815,38.083372880,0.000000000,0.375968481,0.146609298,2.099169113,0.221546223,39.333409383,0,47,46,1,0.047474747,9,0,0,0,0,934,9,16520,72010,18508,27,1283290
1110,1706585358.582729578,1706585358.682395935,1,0,0,1,95.284233117,-28.898653443,-0.850511380,0.002454848,0.023941450,-0.171416130,0.984904712,975,286,0.293333333,0.044516970,0.033268829,0.020026768,0.610204608,37.932628329,0.000000000,0.395651415,0.141993399,2.084635423,0.233937284,39.098400586,0,57,54,3,0.058461538,7,0,0,0,0,911,7,16533,72067,18515,27,1284201
1111,1706585358.682558060,1706585358.780993938,1,0,0,1,95.358269854,-28.924912542,-0.863221433,0.006263318,0.025274976,-0.162406040,0.986380365,1005,312,0.310447761,0.047531655,0.039633844,0.022887168,0.615389093,41.353432017,0.000000000,0.412799310,0.135014497,2.060572734,0.247720620,39.197464230,0,58,56,2,0.057711443,3,0,0,0,0,944,3,16540,72125,18518,27,1285145
1112,1706585358.782405138,1706585358.879651785,1,0,0,1,95.422111559,-28.940388528,-0.873590114,0.004628448,0.024366565,-0.152222165,0.988035050,1054,317,0.300759013,0.045901244,0.035425679,0.019518517,0.458910195,41.248715697,0.000000000,0.422668825,0.126184322,2.013015153,0.260424100,39.336349439,0,65,62,3,0.061669829,6,0,0,0,0,981,8,16551,72190,18524,27,1286126
1113,1706585358.883037567,1706585358.982854605,1,0,0,1,95.475003000,-28.954871189,-0.883650547,0.004989477,0.021426719,-0.145151593,0.989164807,1077,277,0.257195915,0.050756338,0.038231933,0.022357596,0.486631829,39.675040375,0.000000000,0.434552667,0.124452798,1.952891586,0.265673545,39.342695585,0,57,52,5,0.052924791,3,0,0,0,0,1012,8,16559,72247,18527,27,1287138
1114,1706585358.982866764,1706585359.082703590,1,0,0,1,95.512847370,-28.966282498,-0.891090822,0.003777410,0.016204154,-0.138409244,0.990235345,1087,304,0.279668813,0.048241339,0.036881353,0.022080077,0.460915687,43.997181561,0.000000000,0.443890456,0.115223038,1.877499409,0.271400914,39.651693393,0,68,64,4,0.062557498,5,0,0,0,0,1013,6,16568,72315,18532,27,1288151
1115,1706585359.082714319,1706585359.182537317,1,0,0,1,95.548216018,-28.973483826,-0.900464419,0.002883583,0.013815956,-0.131398711,0.991229127,1075,266,0.247441860,0.045282170,0.034623026,0.020352541,0.451366178,41.732502355,0.000000000,0.452697439,0.104208820,1.797389059,0.249570475,39.770411533,0,63,60,3,0.058604651,3,0,0,0,0,1009,3,16571,72378,18535,27,1289160
1116,1706585359.182549238,1706585359.282376051,1,0,0,1,95.577695307,-28.979681002,-0.911677638,0.004473743,0.009078934,-0.122160518,0.992458748,1151,311,0.270199826,0.049500555,0.040408183,0.023713113,0.519839615,40.460802366,0.000000000,0.462401183,0.096622795,1.704365566,0.241721946,39.669421193,0,71,67,4,0.061685491,5,0,0,0,0,1075,5,16577,72449,18540,27,1290235
1117,1706585359.282387972,1706585359.382225037,1,0,0,1,95.606546349,-28.985228879,-0.920123981,0.003104695,0.013366109,-0.117752601,0.992948152,1131,286,0.252873563,0.054422847,0.041719840,0.024167497,0.492342583,48.612421070,0.000000000,0.472188974,0.089135148,1.605694750,0.228874651,39.972450132,0,65,64,1,0.057471264,7,0,0,0,0,1059,7,16578,72514,18547,27,1291294
1118,1706585359.383034945,1706585359.482886791,1,0,0,1,95.640787248,-28.985885980,-0.926029028,-0.001508930,0.014150118,-0.108774335,0.993964608,1153,285,0.247181266,0.051227027,0.042407312,0.026499755,0.329236809,53.166407906,0.000000000,0.472682617,0.068255642,1.504422610,0.246308183,40.315202729,0,73,72,1,0.063313096,9,0,0,0,0,1071,9,16585,72587,18556,27,1292365
1119,1706585359.482898474,1706585359.582735300,1,0,0,1,95.683323547,-28.987278404,-0.932160575,-0.000299382,0.014340456,-0.099110880,0.994973012,1139,291,0.255487270,0.048541512,0.040679454,0.023830096,0.372300094,53.013181322,0.000000000,0.473453112,0.065063018,1.424526962,0.250587373,41.225738840,0,63,62,1,0.055311677,5,0,0,0,0,1071,5,16593,72650,18561,27,1293436
1120,1706585359.582746744,1706585359.682582855,1,0,0,1,95.723937806,-29.001387713,-0.942971099,0.007998973,0.009434042,-0.085147910,0.996291548,1194,305,0.255443886,0.049884388,0.040084288,0.025175944,0.434507573,48.360053151,0.000000000,0.478094745,0.059535953,1.350749823,0.250678209,41.778841559,0,53,51,2,0.044388610,9,0,0,0,0,1132,9,16600,72703,18570,27,1294568
1121,1706585359.682594061,1706585359.782411098,1,0,0,1,95.776787276,-29.008379868,-0.952562637,0.008884832,0.013480763,-0.073539627,0.997161598,1156,284,0.245674740,0.050868397,0.037881331,0.023941166,0.368249449,53.510454844,0.000000000,0.476624263,0.057755282,1.280287691,0.254913062,42.488999658,0,54,48,6,0.046712803,11,0,0,0,0,1091,11,16608,72757,18581,27,1295659
1122,1706585359.782422066,1706585359.882246256,1,0,0,1,95.835148230,-28.999400130,-0.956094855,0.004845403,0.011047310,-0.055804434,0.998368842,1162,317,0.272805508,0.052529720,0.038071154,0.024653135,0.294356804,55.488066380,0.000000000,0.471924628,0.060826693,1.215475100,0.280954575,43.374647066,0,56,55,1,0.048192771,10,0,0,0,0,1096,10,16614,72813,18591,27,1296755
1123,1706585359.883056164,1706585359.982135534,1,0,0,1,95.893362689,-28.990003073,-0.958479965,0.001476964,0.010136531,-0.039912138,0.999150685,1144,297,0.259615385,0.048937639,0.034971861,0.022798040,0.312322293,55.525923056,0.000000000,0.464347707,0.060853582,1.165250447,0.302065721,44.214975584,0,68,65,3,0.059440559,6,0,0,0,0,1070,6,16619,72881,18597,27,1297825
1124,1706585359.982895851,1706585360.080769300,1,0,0,1,95.957319285,-28.981441369,-0.963795953,0.001243408,0.010206900,-0.023240001,0.999677036,1086,265,0.244014733,0.046951726,0.033419751,0.021335967,0.260728730,54.081144219,0.000000000,0.453885340,0.061198972,1.125149437,0.335359585,44.851570200,0,72,68,4,0.066298343,5,0,0,0,0,1009,5,16627,72953,18602,27,1298834
1125,1706585360.082729578,1706585360.179426193,1,0,0,1,96.018750487,-28.971212637,-0.968382088,0.000761290,0.009581437,-0.005847835,0.999936708,1095,249,0.227397260,0.045974478,0.036830207,0.021599674,0.304994544,52.666673444,0.000000000,0.441104242,0.060632081,1.093103761,0.363674791,45.556530268,0,71,67,4,0.064840183,3,0,0,0,0,1017,7,16641,73024,18605,27,1299851
1126,1706585360.182559729,1706585360.282385111,1,0,0,1,96.087693011,-28.958845864,-0.977142536,0.001213376,0.014050218,0.010999770,0.999840049,1090,250,0.229357798,0.043661588,0.033838023,0.020522074,0.244366085,49.875056302,0.000000000,0.430872300,0.058257297,1.077017436,0.390384328,46.190143986,0,62,54,8,0.056880734,5,0,0,0,0,1022,6,16652,73086,18610,27,1300873
1127,1706585360.282396317,1706585360.382224798,1,0,0,1,96.158548645,-28.945368627,-0.983959393,0.003110949,0.014981105,0.031657205,0.999381664,1035,238,0.229951691,0.050624197,0.038003994,0.023998266,0.225655494,48.145868979,0.000000000,0.414826655,0.058213639,1.068689502,0.429754727,46.748545747,0,42,39,3,0.040579710,6,0,0,0,0,987,6,16659,73128,18616,27,1301860
1128,1706585360.383035421,1706585360.482852697,1,0,0,1,96.225171824,-28.923691284,-0.985994619,-0.000165096,0.017543419,0.047835595,0.998701135,1007,240,0.238331678,0.051115427,0.035976342,0.021926339,0.198880133,43.916913079,0.000000000,0.397396381,0.058113898,1.058496935,0.456287743,47.042291967,0,48,42,6,0.047666336,6,0,0,0,0,953,6,16666,73176,18622,27,1302813
1129,1706585360.482864141,1706585360.582688332,1,0,0,1,96.286854156,-28.893605196,-0.989482735,-0.002699792,0.011638610,0.072924735,0.997265881,999,258,0.258258258,0.043817964,0.032515321,0.020385329,0.153846017,48.057709928,0.000000000,0.379752191,0.060447480,1.045515722,0.490661641,47.541008819,0,63,59,4,0.063063063,4,0,0,0,0,932,4,16681,73239,18626,27,1303745
1130,1706585360.582699776,1706585360.682518005,1,0,0,1,96.349283705,-28.866907040,-0.994035618,-0.002077463,0.010966108,0.093249651,0.995580198,964,240,0.248962656,0.042407767,0.030892570,0.020900344,0.164031611,45.979054218,0.000000000,0.357443541,0.064185631,1.033989786,0.513020078,47.943330113,0,62,58,4,0.064315353,6,0,0,0,0,896,6,16688,73301,18632,27,1304641
1131,1706585360.682529926,1706585360.782350063,1,0,0,1,96.408085401,-28.828048299,-0.990793752,-0.007967884,0.013095703,0.111297472,0.993668903,967,256,0.264736298,0.047336894,0.029987050,0.022154581,0.186912837,51.442288165,0.000000000,0.336019728,0.064261310,1.038041821,0.528588104,48.447772921,0,52,52,0,0.053774560,10,0,0,0,0,905,10,16689,73353,18642,27,1305546
1132,1706585360.782760620,1706585360.882592916,1,0,0,1,96.459342834,-28.796567046,-0.990456511,-0.009485261,0.009750311,0.129057617,0.991543793,960,285,0.296875000,0.050781864,0.029063483,0.021619511,0.226671157,53.585333920,0.000000000,0.324407776,0.063648536,1.042442248,0.550006994,49.064603832,0,68,66,2,0.070833333,12,0,0,0,0,880,12,16702,73421,18654,27,1306426
1133,1706585360.882604837,1706585360.982436895,1,0,0,1,96.505732627,-28.769513465,-0.995948856,-0.006563161,0.008613062,0.148938695,0.988787138,949,268,0.282402529,0.042103915,0.028319252,0.018856118,0.220403979,54.482460511,0.000000000,0.311096384,0.069767415,1.056202884,0.576607651,49.804974839,0,66,58,8,0.069546891,10,0,0,0,0,873,10,16721,73487,18664,27,1307299
1134,1706585360.982448578,1706585361.082278490,1,0,0,1,96.555583176,-28.742627006,-0.997808037,-0.003185558,0.006769174,0.165340409,0.986208183,886,271,0.305869074,0.046930008,0.029330923,0.021136110,0.413832130,52.706693044,0.000000000,0.308742206,0.070101759,1.075580620,0.595743187,50.240450413,0,56,46,10,0.063205418,12,0,0,0,0,818,12,16743,73543,18676,27,1308117
1135,1706585361.083089113,1706585361.182926416,1,0,0,1,96.607932096,-28.710402276,-0.997361462,-0.000454190,0.005005887,0.182892628,0.983120044,872,286,0.327981651,0.045985444,0.028087797,0.019109714,0.417013444,49.380069272,0.000000000,0.307024569,0.069501609,1.104911575,0.612746960,50.622828759,0,79,74,5,0.090596330,14,0,0,0,0,779,14,16761,73622,18690,27,1308896
1136,1706585361.182938576,1706585361.281816721,1,0,0,1,96.664047002,-28.672465918,-0.999543593,0.000600419,0.008855811,0.199582575,0.979840808,813,275,0.338253383,0.047239998,0.027801765,0.018641419,0.411194012,64.075440955,0.000000000,0.301592289,0.069491639,1.142112231,0.637954208,51.803560688,0,68,66,2,0.083640836,11,0,0,0,0,734,11,16776,73690,18701,27,1309630
1137,1706585361.282778025,1706585361.380472183,1,0,0,1,96.722362096,-28.638634746,-1.001542853,0.005828941,0.010366731,0.217701028,0.975943040,741,286,0.385964912,0.043353727,0.024330830,0.018081055,0.424337783,57.930787422,0.000000000,0.298192049,0.066362187,1.174807394,0.657175641,52.269479006,0,70,64,6,0.094466937,11,0,0,0,0,655,16,16792,73760,18712,27,1310285
1138,1706585361.382631063,1706585361.479145765,1,0,0,1,96.774265009,-28.596283301,-1.000098426,0.005819871,0.009306764,0.234718103,0.972001505,687,255,0.371179039,0.047695270,0.026523549,0.021045521,0.500321296,39.770994361,0.000000000,0.306746273,0.064156057,1.198813692,0.672623894,51.599708329,0,66,59,7,0.096069869,15,0,0,0,0,597,24,16817,73826,18727,27,1310882
1139,1706585361.482476711,1706585361.582290888,1,0,0,1,96.822373947,-28.534544481,-0.997351562,-0.001317265,0.005882224,0.254387483,0.967083591,634,255,0.402208202,0.042591939,0.023612287,0.017284273,0.374477312,43.025166140,0.000000000,0.306855134,0.067854605,1.232798128,0.684811662,51.100307570,0,64,57,7,0.100946372,8,0,0,0,0,561,9,16838,73890,18735,27,1311443
1140,1706585361.583100796,1706585361.682934999,1,0,0,1,96.872100557,-28.471531067,-0.993975467,-0.004310622,0.004995551,0.274594254,0.961537549,581,254,0.437177281,0.040141339,0.023278857,0.017199630,0.360074328,40.227462272,0.000000000,0.303133472,0.074180863,1.258974058,0.703324052,50.693678026,0,62,59,3,0.106712565,9,0,0,0,0,510,9,16856,73952,18744,27,1311953
1141,1706585361.682946682,1706585361.782779932,1,0,0,1,96.925945515,-28.422066044,-0.996910455,0.000140046,0.007573631,0.294471933,0.955630107,573,269,0.469458988,0.042317863,0.020710143,0.016084109,0.422106440,36.024192358,0.000000000,0.305826321,0.074182392,1.272996451,0.709437101,49.819364901,0,69,65,4,0.120418848,16,0,0,0,0,488,16,16881,74021,18760,27,1312441
1142,1706585361.782791615,1706585361.882630110,1,0,0,1,96.976466906,-28.360965791,-0.995443624,-0.005041751,0.012843485,0.313039135,0.949639998,529,258,0.487712665,0.041694228,0.023595373,0.017781783,0.479680088,36.860391831,0.000000000,0.315092486,0.070559419,1.293275880,0.716652084,48.887981174,0,63,63,0,0.119092628,5,0,0,0,0,461,5,16899,74084,18765,27,1312902
1143,1706585361.882641792,1706585361.982452869,1,0,0,1,97.020886934,-28.293283763,-0.998227063,-0.005365281,0.009500914,0.333487645,0.942691326,511,257,0.502935421,0.041780164,0.024088811,0.018084058,0.432632772,36.102626734,0.000000000,0.321108010,0.071229193,1.309534745,0.726468726,47.916816358,0,65,61,4,0.127201566,10,0,0,0,0,436,10,16920,74149,18775,27,1313338
1144,1706585361.982463837,1706585362.082287550,1,0,0,1,97.072579708,-28.224547548,-1.000493587,-0.000825071,0.008716284,0.356657001,0.934194374,482,258,0.535269710,0.045946749,0.023895095,0.015626316,0.420271610,38.024738047,0.000000000,0.329085154,0.070875814,1.333123722,0.741125703,47.113996049,0,76,73,3,0.157676349,17,0,0,0,0,389,17,16951,74225,18792,27,1313727
1145,1706585362.083098173,1706585362.182927370,1,0,0,1,97.122613772,-28.149231357,-1.002708288,-0.001171947,0.010970096,0.379812594,0.924997663,480,254,0.529166667,0.042320834,0.024911674,0.018368118,0.422537798,37.763686297,0.000000000,0.334962316,0.072340870,1.352983098,0.757262121,46.368846692,0,70,68,2,0.145833333,12,0,0,0,0,398,12,16976,74295,18804,27,1314125
1146,1706585362.182938814,1706585362.282770872,1,0,0,1,97.167701261,-28.070123525,-1.003769071,-0.001465419,0.012219457,0.400755638,0.916102318,473,247,0.522198732,0.044210702,0.022677087,0.016106752,0.383419546,38.634680436,0.000000000,0.341914989,0.072095996,1.371596421,0.761393909,45.806827899,0,62,59,3,0.131078224,12,0,0,0,0,399,12,16993,74357,18816,27,1314524
1147,1706585362.282782555,1706585362.382611275,1,0,0,1,97.210043829,-27.988068007,-1.007062932,-0.002152806,0.013228042,0.422848905,0.906101091,476,242,0.508403361,0.042048887,0.027051276,0.018396424,0.341409612,40.473581794,0.000000000,0.347702695,0.068102445,1.393900863,0.777605340,45.423213539,0,81,79,2,0.170168067,9,0,0,0,0,386,9,17013,74438,18825,27,1314910
1148,1706585362.382622242,1706585362.482446432,1,0,0,1,97.250139332,-27.906994492,-1.010877376,0.000807417,0.013576744,0.443438679,0.896201516,461,244,0.529284165,0.046202761,0.028102173,0.020295354,0.504766916,40.199417773,0.000000000,0.362997034,0.060353313,1.415710562,0.773168056,45.237338774,0,76,75,1,0.164859002,7,0,0,0,0,378,7,17034,74514,18832,27,1315288
1149,1706585362.482457399,1706585362.581392765,1,0,0,1,97.285846243,-27.830672038,-1.015676100,0.003501300,0.015323109,0.464818557,0.885266430,440,254,0.577272727,0.047524929,0.025875361,0.019726809,0.405879620,36.981644314,0.000000000,0.375598715,0.061990521,1.432057966,0.780474186,44.683535493,0,79,79,0,0.179545455,15,0,0,0,0,346,15,17055,74593,18847,27,1315634
1150,1706585362.583099842,1706585362.679429531,1,0,0,1,97.314090326,-27.751204193,-1.022857386,0.003343460,0.018091970,0.482523627,0.875689700,456,247,0.541666667,0.043447048,0.026173019,0.018606017,0.382030443,33.438904558,0.000000000,0.386498656,0.061226444,1.446144954,0.784682183,44.056528010,0,66,55,11,0.144736842,10,0,0,0,0,371,19,17078,74659,18857,27,1316005
1151,1706585362.682936192,1706585362.778864622,1,0,0,1,97.336375182,-27.667035736,-1.025978528,0.000927005,0.017100244,0.499590204,0.866092576,418,244,0.583732057,0.042209015,0.024609344,0.016802035,0.399938821,32.154914113,0.000000000,0.397149955,0.060902101,1.473115462,0.788005122,43.092159308,0,45,42,3,0.107655502,8,0,0,0,0,357,16,17092,74704,18865,27,1316362
1152,1706585362.782765627,1706585362.882592440,1,0,0,1,97.363692575,-27.588317117,-1.030970945,0.004406961,0.016413248,0.514710396,0.857195656,433,241,0.556581986,0.043640905,0.027616782,0.016836827,0.440831263,32.910932987,0.000000000,0.407857961,0.051361136,1.502606551,0.782893220,42.058439261,0,61,61,0,0.140877598,9,0,0,0,0,363,9,17106,74765,18874,27,1316725
1153,1706585362.882604837,1706585362.982313633,1,0,0,1,97.391678673,-27.523503141,-1.033157821,0.007480399,0.017526611,0.521714242,0.852907446,449,260,0.579064588,0.043905388,0.028189764,0.018394165,0.468168039,31.440120645,0.000000000,0.420246164,0.050333817,1.516569029,0.766096932,40.906322268,0,54,53,1,0.120267261,12,0,0,0,0,382,13,17117,74819,18886,27,1317107
1154,1706585362.982450724,1706585363.081784248,1,0,0,1,97.402064429,-27.461274504,-1.036405664,0.002706144,0.010413849,0.523497608,0.851959203,411,228,0.554744526,0.040735988,0.028390409,0.017747550,0.369605224,32.114703203,0.000000000,0.418034818,0.050917883,1.518268019,0.734223308,39.876722776,0,53,53,0,0.128953771,5,0,0,0,0,352,6,17123,74872,18891,27,1317459
1155,1706585363.083084106,1706585363.182868004,1,0,0,1,97.422357026,-27.400487764,-1.038892547,0.001392042,0.007090555,0.520509725,0.853825165,392,218,0.556122449,0.044283177,0.027008561,0.015569614,0.437020623,29.769512339,0.000000000,0.419035177,0.049752611,1.514630422,0.707277373,38.896194929,0,63,62,1,0.160714286,12,0,0,0,0,317,12,17136,74935,18903,27,1317776
1156,1706585363.182930231,1706585363.282261848,1,0,0,1,97.459559116,-27.345130877,-1.047494252,0.007083639,0.009222934,0.516193762,0.856392877,418,256,0.612440191,0.046745376,0.034084780,0.019412404,0.384159850,31.203921964,0.000000000,0.417683469,0.048901621,1.514431266,0.680112911,37.252618979,0,68,67,1,0.162679426,7,0,0,0,0,342,8,17138,75003,18910,27,1318118
1157,1706585363.282772541,1706585363.382589817,1,0,0,1,97.500993102,-27.286606061,-1.057591918,0.008292841,0.014037413,0.502892730,0.864195048,385,215,0.558441558,0.045692668,0.034297961,0.017351816,0.408789481,34.650071284,0.000000000,0.416906054,0.049793311,1.519841185,0.675904571,36.088583173,0,35,34,1,0.090909091,4,0,0,0,0,346,4,17143,75038,18914,27,1318464
1158,1706585363.382601738,1706585363.482436895,1,0,0,1,97.532893155,-27.237265746,-1.061640302,0.005560013,0.010653556,0.479286954,0.877575981,410,239,0.582926829,0.046048750,0.034509370,0.020218772,0.426021116,36.700295302,0.000000000,0.413191045,0.047077253,1.500416976,0.689839615,35.935048220,0,37,36,1,0.090243902,3,0,0,0,0,369,4,17150,75075,18917,27,1318833
1159,1706585363.482449293,1706585363.582278490,1,0,0,1,97.566313966,-27.202201663,-1.066070050,0.004752941,0.008956061,0.456717651,0.889553925,416,232,0.557692308,0.046496275,0.039132346,0.021944235,0.430037691,31.623555541,0.000000000,0.415969064,0.048509958,1.468717252,0.699109064,35.364967690,0,45,45,0,0.108173077,6,0,0,0,0,365,6,17157,75120,18923,27,1319198
1160,1706585363.583087921,1706585363.682909966,1,0,0,1,97.597241259,-27.180327342,-1.075492622,0.010080185,0.012119386,0.439654582,0.898028596,393,218,0.554707379,0.047855643,0.039050140,0.021987455,0.372220205,33.636696680,0.000000000,0.416576358,0.047824255,1.434577031,0.695584114,35.035429410,0,38,37,1,0.096692112,5,0,0,0,0,350,5,17161,75158,18928,27,1319548
1161,1706585363.682922363,1706585363.782557964,1,0,0,1,97.618860248,-27.168108081,-1.082915802,0.012622638,0.014769946,0.427435875,0.903836872,376,222,0.590425532,0.049263807,0.041162416,0.022630170,0.359778957,36.355720020,0.000000000,0.413459984,0.052222187,1.381200363,0.683583008,35.052005793,0,41,41,0,0.109042553,3,0,0,0,0,332,3,17167,75199,18931,27,1319880
1162,1706585363.782769680,1706585363.881062508,1,0,0,1,97.621836913,-27.157188296,-1.087859272,0.011990831,0.013050906,0.422359297,0.906255217,359,208,0.579387187,0.048279350,0.037999200,0.020680970,0.369658166,40.035307587,0.000000000,0.407958888,0.052525511,1.312546488,0.651713136,35.210751581,0,32,32,0,0.089136490,4,0,0,0,0,323,4,17172,75231,18935,27,1320203
1163,1706585363.882609367,1706585363.979480028,1,0,0,1,97.614591962,-27.151960526,-1.094085969,0.012249375,0.012262490,0.422838878,0.906039109,374,200,0.534759358,0.048969466,0.039602654,0.022469350,0.430585940,40.353138295,0.000000000,0.407856546,0.052986230,1.237401851,0.603296567,35.423277159,0,30,29,1,0.080213904,3,0,0,0,0,341,3,17175,75261,18938,27,1320544
1164,1706585363.982436895,1706585364.078055859,1,0,0,1,97.606260547,-27.151745362,-1.099346594,0.013293039,0.011935448,0.426683338,0.904224623,398,215,0.540201005,0.047895247,0.039217615,0.023712056,0.379290701,37.285296980,0.000000000,0.405807501,0.054268072,1.156809453,0.561922493,35.386305106,0,40,36,4,0.100502513,2,0,0,0,0,355,3,17181,75301,18940,27,1320899
1165,1706585364.083086729,1706585364.182918787,1,0,0,1,97.596226969,-27.155106465,-1.104937510,0.013374268,0.012094397,0.433374059,0.901033728,379,201,0.530343008,0.046914372,0.033260515,0.019987243,0.408761511,41.097000110,0.000000000,0.405118686,0.052152320,1.077716518,0.531221149,35.552970796,0,28,24,4,0.073878628,3,0,0,0,0,347,4,17190,75329,18943,27,1321246
1166,1706585364.182929754,1706585364.282761335,1,0,0,1,97.581537983,-27.162093044,-1.109887995,0.013244921,0.011416087,0.441620826,0.897031377,380,201,0.528947368,0.043966874,0.030643099,0.019020207,0.438246288,36.961437297,0.000000000,0.407860023,0.052337175,1.002323966,0.501011154,35.469308639,0,31,30,1,0.081578947,4,0,0,0,0,344,5,17193,75360,18947,27,1321590
1167,1706585364.282772779,1706585364.382601500,1,0,0,1,97.562868028,-27.172058208,-1.113303364,0.013147708,0.010894019,0.452560305,0.891570316,394,213,0.540609137,0.045946879,0.033699278,0.022207938,0.373403185,34.133343588,0.000000000,0.409459702,0.048978950,0.933233896,0.479682749,35.152296729,0,27,27,0,0.068527919,3,0,0,0,0,364,3,17193,75387,18950,27,1321954
1168,1706585364.382613659,1706585364.482085705,1,0,0,1,97.541017727,-27.188742653,-1.118404312,0.010629762,0.009942207,0.466239881,0.884538599,382,211,0.552356021,0.045100072,0.033702709,0.023202679,0.408705484,38.459160718,0.000000000,0.404656630,0.049103596,0.876796422,0.462312045,35.065283876,0,19,19,0,0.049738220,5,0,0,0,0,358,5,17196,75406,18955,27,1322312
1169,1706585364.482447863,1706585364.581531286,1,0,0,1,97.514222960,-27.204200373,-1.123284846,0.008806414,0.010713456,0.481367244,0.876409291,410,218,0.531707317,0.040993235,0.032914977,0.020942061,0.474483727,37.856633954,0.000000000,0.408086836,0.053526361,0.823469875,0.456334796,35.109033358,0,31,30,1,0.075609756,3,0,0,0,0,376,3,17200,75437,18958,27,1322688
1170,1706585364.582704544,1706585364.682525396,1,0,0,1,97.489203293,-27.226286955,-1.126526928,0.011294024,0.010771972,0.496179386,0.868079735,390,213,0.546153846,0.039873253,0.027467597,0.017138776,0.515196223,34.485774725,0.000000000,0.414745125,0.059401719,0.769876097,0.451203941,35.161376867,0,11,11,0,0.028205128,3,0,0,0,0,376,3,17201,75448,18961,27,1323064
1171,1706585364.682537556,1706585364.782361031,1,0,0,1,97.467516133,-27.252202882,-1.131218769,0.012673613,0.013308708,0.513122462,0.858118638,397,213,0.536523929,0.041979552,0.032333975,0.019532820,0.418752673,33.302812335,0.000000000,0.415685817,0.059712514,0.720520010,0.455466426,35.218771778,0,17,17,0,0.042821159,5,0,0,0,0,375,5,17203,75465,18966,27,1323439
1172,1706585364.782773972,1706585364.882578373,1,1,1,1,97.437333606,-27.278326897,-1.133182358,0.011492983,0.010060610,0.527755000,0.849259298,367,184,0.501362398,0.034747336,0.026888152,0.016691384,0.399235148,35.830841677,0.050000000,0.413606012,0.078830800,0.689854475,0.473101469,35.364767212,1,6,6,0,0.016348774,3,8,0,0,0,350,11,17204,75471,18977,27,1323789
1173,1706585364.882589817,1706585364.982382298,1,0,0,1,97.413461372,-27.302313514,-1.132290044,0.008960050,0.008412469,0.544878389,0.838425005,396,219,0.553030303,0.043418427,0.030769712,0.021823281,0.339888342,33.224895723,0.050000000,0.407192027,0.079044611,0.660534748,0.509804926,35.454005966,0,21,20,1,0.053030303,4,0,0,0,0,371,4,17209,75492,18981,27,1324160
1174,1706585364.982406378,1706585365.082235098,1,1,1,1,97.384108885,-27.318075215,-1.133871647,0.006726151,0.007098553,0.561474634,0.827436164,372,189,0.508064516,0.040543208,0.028516257,0.020119603,0.272819474,39.158316836,0.100000000,0.402352739,0.079311811,0.629756237,0.542495525,35.806186648,1,17,16,1,0.045698925,4,18,0,0,0,333,22,17212,75509,19003,27,1324493
1175,1706585365.083044291,1706585365.180988312,1,1,1,1,97.365903378,-27.335416614,-1.134561716,0.007168868,0.008127532,0.575480568,0.817743644,394,182,0.461928934,0.040999912,0.029635796,0.021732375,0.288805568,36.678969275,0.150000000,0.394941987,0.081679548,0.587660021,0.566571802,36.151659495,2,18,18,0,0.045685279,2,31,0,3,0,343,33,17220,75527,19036,27,1324836
1176,1706585365.182873726,1706585365.279732943,1,1,1,1,97.351051587,-27.347402149,-1.136694506,0.009452760,0.010336741,0.586078090,0.810133489,385,181,0.470129870,0.047191196,0.032947298,0.023207578,0.273941629,34.911186285,0.200000000,0.389431076,0.081963370,0.534448880,0.561982985,36.337022711,3,21,18,3,0.054545455,8,37,0,4,0,317,47,17229,75548,19081,27,1325153
1177,1706585365.282689810,1706585365.382520437,1,1,1,1,97.339539317,-27.360450348,-1.139651014,0.009766049,0.013008529,0.596308956,0.802590201,378,174,0.460317460,0.041615027,0.028951213,0.023332479,0.215191508,36.090241112,0.250000000,0.379751177,0.083403972,0.493205344,0.533105270,36.409031202,4,16,14,2,0.042328042,2,40,0,1,0,319,43,17235,75564,19123,27,1325472
1178,1706585365.382532358,1706585365.482368231,1,1,1,1,97.327740439,-27.374785231,-1.140396318,0.008311479,0.013504902,0.605011764,0.796058605,393,182,0.463104326,0.044999207,0.027027809,0.019832112,0.236287834,35.766420501,0.300000000,0.370264513,0.083135949,0.463144265,0.503752563,36.362337462,5,22,21,1,0.055979644,10,39,0,7,0,322,49,17242,75586,19172,27,1325794
1179,1706585365.482779503,1706585365.582602024,1,1,1,1,97.313978783,-27.390465423,-1.139356187,0.006822753,0.013288200,0.615251089,0.788189679,365,157,0.430136986,0.044601440,0.028836509,0.022503471,0.194562394,30.012738483,0.350000000,0.358490748,0.082588653,0.444997388,0.491566165,36.281796609,6,12,11,1,0.032876712,5,60,0,1,0,288,65,17245,75598,19237,27,1326082
1180,1706585365.582613945,1706585365.682446480,1,1,1,1,97.302481866,-27.409194697,-1.138599213,0.006568918,0.013744544,0.625162745,0.780345743,396,162,0.409090909,0.054462036,0.031609808,0.024036454,0.312301727,27.325808156,0.400000000,0.355494824,0.094649685,0.441067879,0.489894982,35.966252183,7,19,18,1,0.047979798,9,68,0,4,0,300,77,17251,75617,19314,27,1326382
1181,1706585365.682458401,1706585365.782191992,1,1,1,1,97.292199486,-27.429997404,-1.139803135,0.008326084,0.015903260,0.637169454,0.770514666,373,134,0.359249330,0.050130830,0.027948945,0.022711435,0.382146981,25.921433182,0.450000000,0.356613225,0.095721544,0.451953546,0.509675495,35.444537841,8,7,7,0,0.018766756,4,93,0,2,0,269,97,17254,75624,19411,27,1326651
1182,1706585365.783077478,1706585365.882876158,1,1,1,1,97.283310165,-27.457993828,-1.140213497,0.010503670,0.014399468,0.649762865,0.759927989,411,157,0.381995134,0.047014269,0.029856003,0.020372132,0.430992219,31.559867138,0.500000000,0.359679928,0.094839718,0.470440273,0.541474395,35.020765818,9,21,14,7,0.051094891,2,98,0,6,0,290,100,17265,75645,19511,27,1326941
1183,1706585365.882912636,1706585365.982749462,1,1,1,1,97.262207032,-27.476726528,-1.137956696,0.007813234,0.014276152,0.663731225,0.747794093,395,144,0.364556962,0.063365653,0.034572387,0.025886281,0.498131280,28.035131640,0.550000000,0.363057195,0.128841434,0.488892785,0.570025213,34.404865486,10,17,17,0,0.043037975,12,99,0,0,0,267,111,17271,75662,19622,27,1327208
1184,1706585365.982761383,1706585366.082597733,1,1,1,1,97.238556665,-27.494084013,-1.138150434,0.006776718,0.013573340,0.676019555,0.736727495,375,138,0.368000000,0.061884877,0.036644360,0.029286902,0.473620073,27.685992230,0.600000000,0.367773663,0.149061839,0.506261995,0.588260105,33.924900248,11,18,18,0,0.048000000,11,103,0,0,0,243,114,17281,75680,19736,27,1327451
1185,1706585366.082609177,1706585366.182425261,1,1,1,1,97.220774238,-27.516064539,-1.136884878,0.005888906,0.010293028,0.685321335,0.728144246,367,131,0.356948229,0.054278167,0.029650875,0.021508661,0.371254794,25.712667441,0.650000000,0.365898328,0.152918891,0.517560703,0.595192517,33.155683615,12,12,12,0,0.032697548,10,107,0,0,0,238,117,17287,75692,19853,27,1327689
1186,1706585366.182437658,1706585366.282043219,1,1,1,1,97.220679241,-27.539565524,-1.137560482,0.006606238,0.011284288,0.690874927,0.722856042,355,144,0.405633803,0.057143122,0.034047239,0.027965485,0.467145981,27.818446172,0.700000000,0.367343312,0.158241560,0.519634787,0.586108664,32.698534058,13,26,22,4,0.073239437,11,84,0,0,0,234,95,17300,75718,19948,27,1327923
1187,1706585366.283076763,1706585366.381211042,1,1,1,1,97.226232321,-27.563293113,-1.138535126,0.007292122,0.013035403,0.693200704,0.720589819,370,160,0.432432432,0.055155969,0.032530067,0.023916594,0.364822402,25.757973547,0.750000000,0.366914273,0.160960100,0.516061851,0.561888838,32.279765556,14,21,21,0,0.056756757,11,82,0,0,0,256,93,17307,75739,20041,27,1328179
1188,1706585366.382919550,1706585366.480676889,1,1,1,1,97.222280964,-27.582012262,-1.137932440,0.006098456,0.011962125,0.693379275,0.720447706,356,135,0.379213483,0.048655184,0.031403542,0.023071681,0.360723521,23.253193007,0.800000000,0.364515175,0.160024415,0.503886531,0.527955311,31.519467171,15,17,17,0,0.047752809,8,83,0,0,0,248,91,17312,75756,20132,27,1328427
1189,1706585366.482761383,1706585366.579434633,1,1,1,1,97.231414523,-27.602309568,-1.139955974,0.005977752,0.012220821,0.692686537,0.721110449,374,155,0.414438503,0.050280414,0.024453616,0.020184883,0.458592069,27.045197975,0.850000000,0.363720592,0.155609158,0.492705204,0.495892801,30.978895372,16,18,15,3,0.048128342,12,78,0,2,0,265,91,17317,75774,20222,27,1328692
1190,1706585366.582592726,1706585366.682415009,1,1,1,1,97.234797492,-27.615644335,-1.142242975,0.006544097,0.012237222,0.691296261,0.722438167,378,150,0.396825397,0.049786811,0.029756238,0.020961564,0.441158871,26.890080591,0.900000000,0.360018724,0.149131144,0.472534029,0.460368074,30.599110665,17,26,23,3,0.068783069,9,82,0,2,0,258,94,17323,75800,20313,27,1328950
1191,1706585366.682426214,1706585366.782241106,1,1,1,1,97.244537324,-27.625437761,-1.141434744,0.006681417,0.012012192,0.690332675,0.723361502,369,150,0.406504065,0.055556434,0.029021609,0.022293643,0.501422426,24.654440086,0.950000000,0.364152212,0.146727231,0.446403512,0.428927543,30.166692053,18,10,10,0,0.027100271,14,75,0,0,0,270,89,17329,75810,20402,27,1329220
1192,1706585366.783051014,1706585366.882882118,1,1,1,1,97.249970320,-27.627691340,-1.140776591,0.007176673,0.012000460,0.691587938,0.722156914,372,153,0.411290323,0.059277503,0.032799644,0.020131030,0.452896667,24.882959180,0.950000000,0.366835288,0.133101957,0.418468885,0.391891717,29.619297928,19,16,16,0,0.043010753,13,81,0,0,0,262,94,17333,75826,20496,27,1329482
1193,1706585366.882894039,1706585366.982710600,1,1,1,1,97.243717269,-27.610516812,-1.139196237,0.006549685,0.012102346,0.693885842,0.719953521,386,183,0.474093264,0.056668911,0.037256290,0.026872276,0.493104648,25.074157841,1.000000000,0.374496103,0.129818844,0.403460350,0.358469360,29.211761034,20,21,20,1,0.054404145,16,68,0,0,0,280,85,17339,75847,20580,27,1329762
1194,1706585366.982722282,1706585367.082563639,1,1,1,1,97.244834401,-27.588700428,-1.137665886,0.007255048,0.011478225,0.699669135,0.714337957,353,180,0.509915014,0.057203406,0.033949768,0.024988620,0.384084117,29.273869777,1.000000000,0.380059335,0.120996517,0.400206504,0.340485684,28.717538681,20,22,21,1,0.062322946,12,62,0,0,0,257,74,17347,75869,20654,27,1330019
1195,1706585367.082575560,1706585367.182205200,1,1,1,1,97.240566483,-27.552941690,-1.135608679,0.009668217,0.010271680,0.707237330,0.706835467,351,164,0.467236467,0.057243785,0.034668803,0.024419488,0.481423896,27.589551106,1.000000000,0.389690252,0.110787176,0.417074165,0.335609998,28.263067772,20,29,29,0,0.082621083,18,70,0,0,0,233,89,17354,75898,20742,27,1330252
1196,1706585367.182404518,1706585367.282245874,1,1,1,1,97.233414110,-27.505778413,-1.132758560,0.010085887,0.008962357,0.717378657,0.696552807,344,175,0.508720930,0.053006575,0.031240389,0.022988907,0.463781615,28.560919381,1.000000000,0.399182251,0.107460547,0.447211582,0.338967456,27.945554427,20,24,24,0,0.069767442,12,55,0,0,0,253,67,17361,75922,20809,27,1330505
1197,1706585367.283056021,1706585367.382742882,1,1,1,1,97.222013012,-27.454968749,-1.131009662,0.009049918,0.009580094,0.728651660,0.684757679,342,155,0.453216374,0.050733448,0.027498456,0.019114016,0.447259665,26.051417698,1.000000000,0.410785659,0.095257411,0.480732920,0.349837600,27.443613257,20,29,27,2,0.084795322,13,77,0,4,0,222,91,17371,75951,20899,27,1330727
1198,1706585367.382904291,1706585367.482719183,1,1,1,1,97.195597466,-27.395545487,-1.128767484,0.005419565,0.010909492,0.739623153,0.672910991,312,148,0.474358974,0.054613670,0.032012524,0.022039678,0.428947973,30.471658310,1.000000000,0.420418666,0.087148987,0.524912999,0.356381529,27.178875147,20,15,15,0,0.048076923,8,55,0,1,0,231,66,17375,75966,20962,27,1330958
1199,1706585367.482731104,1706585367.582277060,1,1,1,1,97.170820555,-27.339793289,-1.125617544,0.003102102,0.008942006,0.750387041,0.660930939,304,148,0.486842105,0.049576738,0.034734425,0.023895356,0.468352171,28.755328945,1.000000000,0.434108155,0.079558141,0.564014626,0.363284717,27.116004670,20,21,18,3,0.069078947,3,56,0,2,0,223,60,17384,75987,21021,27,1331181
1200,1706585367.582576752,1706585367.681688786,1,1,1,1,97.148026781,-27.287273871,-1.122441954,0.003718437,0.004536732,0.763414394,0.645882385,292,146,0.500000000,0.056559418,0.035158330,0.025037297,0.569372492,31.988579110,1.000000000,0.446961693,0.079919073,0.598118718,0.371943883,27.349143218,20,24,22,2,0.082191781,6,59,0,1,0,200,68,17392,76011,21086,27,1331381
1201,1706585367.682426214,1706585367.780401945,1,1,1,1,97.130247616,-27.234455615,-1.125351006,0.007609892,0.009535108,0.773985250,0.633086096,286,150,0.524475524,0.058737499,0.038010418,0.028228351,0.497710747,26.163848341,1.000000000,0.452739881,0.078952311,0.624548236,0.372321145,27.361263976,20,20,19,1,0.069930070,12,54,0,0,0,197,69,17396,76031,21152,27,1331578
1202,1706585367.783060551,1706585367.878949165,1,1,1,1,97.118722760,-27.191570480,-1.125556094,0.011887255,0.011759743,0.782725998,0.622141795,275,147,0.534545455,0.061192451,0.037875244,0.028401827,0.517584616,27.618517620,1.000000000,0.457069501,0.074668045,0.640647316,0.363230701,27.164196500,20,20,19,1,0.072727273,13,64,0,2,0,172,83,17402,76051,21229,27,1331750
1203,1706585367.882902622,1706585367.982731104,1,1,1,1,97.103742757,-27.157488445,-1.125376623,0.012800462,0.009677239,0.788930313,0.614273116,251,135,0.537848606,0.060274491,0.029805862,0.022467922,0.480395120,32.032194972,1.000000000,0.456182693,0.070474025,0.648539574,0.350147799,27.364049667,20,22,21,1,0.087649402,14,54,0,1,0,156,73,17409,76073,21297,27,1331906
1204,1706585367.982743979,1706585368.082562208,1,1,1,1,97.089971528,-27.125080104,-1.123323680,0.013035596,0.009180621,0.791885809,0.610461018,226,132,0.584070796,0.061073904,0.033094955,0.027259925,0.473787750,34.417117155,1.000000000,0.456191077,0.069369892,0.655511019,0.334540388,27.700605913,20,21,20,1,0.092920354,13,51,0,0,0,136,69,17415,76094,21361,27,1332042
1205,1706585368.082573891,1706585368.181645393,1,1,1,1,97.078048417,-27.095949680,-1.121743760,0.011986752,0.007764088,0.791866080,0.610527761,252,139,0.551587302,0.059271575,0.032140161,0.022575272,0.469742257,28.951250210,1.000000000,0.461115450,0.070561354,0.663515817,0.319304194,27.862535051,20,20,20,0,0.079365079,12,63,0,0,0,153,79,17419,76114,21436,27,1332195
1206,1706585368.182418346,1706585368.280654430,1,1,1,1,97.064263063,-27.062344975,-1.120440528,0.009953703,0.005717352,0.790452089,0.612416304,232,131,0.564655172,0.049322204,0.028797299,0.021178089,0.433055654,42.636284928,1.000000000,0.459410934,0.074880459,0.675473310,0.317458484,28.603426989,20,14,14,0,0.060344828,6,42,0,0,0,167,51,17423,76128,21484,27,1332362
1207,1706585368.283048630,1706585368.382681608,1,1,1,1,97.055876125,-27.019514715,-1.120609789,0.008635943,0.008795861,0.786563006,0.617386986,222,138,0.621621622,0.053341394,0.030970503,0.022675014,0.510333174,36.843885450,1.000000000,0.466686472,0.075367344,0.699976198,0.329580812,29.157722584,20,20,20,0,0.090090090,9,35,0,0,0,156,46,17427,76148,21528,27,1332518
1208,1706585368.382892609,1706585368.481224537,1,1,1,1,97.052525904,-26.985202763,-1.121058142,0.008605246,0.010835994,0.781194883,0.624133868,218,119,0.545871560,0.048141894,0.025625172,0.018568268,0.423035543,33.928097559,1.000000000,0.469802073,0.076150896,0.712104800,0.344882002,29.691467812,20,8,8,0,0.036697248,6,43,0,0,0,161,49,17430,76156,21577,27,1332679
1209,1706585368.482733727,1706585368.581452131,1,1,1,1,97.049149038,-26.957219428,-1.121160622,0.005852167,0.013329121,0.775749838,0.630872630,222,137,0.617117117,0.049546070,0.030864087,0.020044616,0.495677476,34.715954385,1.000000000,0.471656344,0.077017789,0.726345337,0.358252957,30.075005632,20,12,12,0,0.054054054,3,29,0,0,0,178,32,17433,76168,21609,27,1332857
1210,1706585368.582574844,1706585368.681989670,1,1,1,1,97.053171698,-26.942329671,-1.122551959,0.007459778,0.016604966,0.772938420,0.634219856,210,132,0.628571429,0.051763714,0.028274351,0.021766851,0.459011891,35.151249820,1.000000000,0.472548995,0.075027176,0.727995762,0.364260807,30.488064094,20,6,5,1,0.028571429,6,31,0,0,0,167,37,17436,76174,21646,27,1333024
1211,1706585368.682414532,1706585368.780635834,1,1,1,1,97.051469498,-26.937764552,-1.123337782,0.008662979,0.019636135,0.775035561,0.631553050,210,118,0.561904762,0.049281223,0.029354110,0.018458531,0.467450501,32.360064817,1.000000000,0.470850399,0.078942279,0.727012323,0.367641494,30.873345330,20,10,10,0,0.047619048,7,33,0,0,0,160,40,17439,76184,21686,27,1333184
1212,1706585368.783043623,1706585368.882644415,1,1,1,1,97.045050637,-26.950353344,-1.125274682,0.009192777,0.017801841,0.779864695,0.625627401,208,125,0.600961538,0.044524339,0.023183625,0.016651867,0.461403310,35.022367959,1.000000000,0.471275731,0.087744680,0.722929606,0.376476267,31.380315769,20,7,7,0,0.033653846,5,36,0,0,0,160,41,17440,76191,21727,27,1333344
1213,1706585368.882881880,1706585368.981398344,1,1,1,1,97.039194104,-26.968598929,-1.122868821,0.010166457,0.014940359,0.786361380,0.617502396,212,127,0.599056604,0.044614512,0.024665728,0.017499941,0.433175572,28.958563338,1.000000000,0.468279277,0.095941021,0.720344011,0.381077623,31.574536044,20,7,7,0,0.033018868,5,32,0,0,0,168,37,17441,76198,21764,27,1333512
1214,1706585368.982732534,1706585369.079814196,1,1,1,1,97.028896574,-26.989838146,-1.120128330,0.012289571,0.014450888,0.795564147,0.605572314,201,127,0.631840796,0.047120749,0.027580663,0.019580094,0.504327487,36.290357171,1.000000000,0.474291445,0.098847531,0.708035212,0.389889126,31.925360414,20,7,7,0,0.034825871,6,30,0,0,0,158,36,17442,76205,21800,27,1333670
1215,1706585369.082573652,1706585369.178244114,1,1,1,1,97.025774111,-27.024256897,-1.120760165,0.014206437,0.012842729,0.806155579,0.591393628,236,133,0.563559322,0.053022662,0.029963457,0.022026772,0.425757861,35.571762486,1.000000000,0.471508144,0.097516734,0.694813487,0.396336896,32.324470983,20,13,12,1,0.055084746,8,52,0,1,0,163,60,17447,76218,21860,27,1333833
1216,1706585369.182411432,1706585369.282234192,1,1,1,1,97.028593324,-27.062552950,-1.123684377,0.015612927,0.012807289,0.818667593,0.573912522,244,127,0.520491803,0.054389474,0.023604735,0.018576852,0.476326065,30.606169874,1.000000000,0.472135366,0.097611924,0.681221897,0.406613614,32.426733507,20,17,13,4,0.069672131,6,50,0,4,0,170,57,17452,76235,21916,27,1334003
1217,1706585369.283045769,1706585369.381987333,1,1,1,1,97.026917693,-27.097543241,-1.123098667,0.016193173,0.011773022,0.830497835,0.556661946,221,122,0.552036199,0.063957217,0.030911393,0.026386582,0.579710256,41.774504203,1.000000000,0.478757896,0.105899616,0.651188508,0.416034230,33.212887833,20,8,8,0,0.036199095,17,41,0,0,0,155,58,17452,76243,21974,27,1334158
1218,1706585369.382884264,1706585369.482703924,1,1,1,1,97.037396272,-27.135382382,-1.125351887,0.015899523,0.011031620,0.842912733,0.537702178,260,116,0.446153846,0.066822996,0.030272413,0.025504673,0.421470548,43.433314594,1.000000000,0.478384025,0.117632454,0.629425218,0.429164435,33.860970647,20,8,7,1,0.030769231,11,65,0,0,0,176,76,17455,76251,22050,27,1334334
1219,1706585369.482716322,1706585369.582547903,1,1,1,1,97.052585962,-27.170567042,-1.129750845,0.014847053,0.012219377,0.854436743,0.519199484,271,124,0.457564576,0.079630929,0.041170013,0.036382449,0.350978233,39.996759727,1.000000000,0.472515328,0.150150878,0.610659838,0.433057648,34.423042186,20,12,12,0,0.044280443,22,80,0,0,0,157,102,17457,76263,22152,27,1334491
1220,1706585369.582560301,1706585369.681736231,1,1,1,1,97.077678626,-27.208158129,-1.131089939,0.015258104,0.010525340,0.864949623,0.501516258,286,152,0.531468531,0.083235364,0.056330731,0.043561164,0.304268086,40.270313249,1.000000000,0.459260107,0.180785591,0.600070082,0.440975108,34.837128893,20,24,20,4,0.083916084,22,58,0,4,0,182,80,17463,76287,22232,27,1334673
1221,1706585369.682409525,1706585369.782186508,1,1,1,1,97.104097570,-27.241175414,-1.134755160,0.019388542,0.009568680,0.872869151,0.487475097,323,138,0.427244582,0.083172683,0.056707515,0.033959367,0.276230256,41.612703545,1.000000000,0.448186083,0.202442958,0.598107385,0.445105514,35.609571653,20,14,14,0,0.043343653,19,84,0,0,0,206,103,17466,76301,22335,27,1334879
1222,1706585369.783034325,1706585369.881501913,1,1,1,1,97.117268643,-27.270174251,-1.136229686,0.022167660,0.007223625,0.877514688,0.478982657,344,158,0.459302326,0.077265773,0.057829637,0.030273748,0.261151622,39.668838160,1.000000000,0.435364433,0.211636360,0.592762038,0.444383353,36.212087680,20,17,16,1,0.049418605,10,66,0,0,0,251,76,17471,76318,22411,27,1335130
1223,1706585369.882874012,1706585369.982644081,1,1,1,1,97.125849948,-27.280319740,-1.132937051,0.023187333,0.007158543,0.879445194,0.475381166,351,164,0.467236467,0.077807784,0.062921519,0.033866019,0.315108525,37.232083207,1.000000000,0.427100103,0.219525117,0.571179180,0.442878403,36.472082092,20,20,20,0,0.056980057,8,53,0,0,0,270,61,17472,76338,22472,27,1335400
1224,1706585369.982718945,1706585370.082298756,1,1,1,1,97.136657551,-27.285989839,-1.132859156,0.026261789,0.008261852,0.879575763,0.474961618,358,138,0.385474860,0.071073453,0.050995658,0.030594646,0.310139505,33.473985975,1.000000000,0.418917691,0.221430234,0.551868429,0.443457921,36.424925533,20,8,8,0,0.022346369,7,63,0,0,0,280,70,17474,76346,22542,27,1335680
1225,1706585370.082548380,1706585370.182388306,1,1,1,1,97.138393785,-27.277764623,-1.126275093,0.027051959,0.008875274,0.880051439,0.474024140,353,166,0.470254958,0.070644228,0.056477318,0.033665582,0.283677438,35.116739974,1.000000000,0.409614450,0.222351340,0.526200667,0.440825624,36.733200021,20,8,8,0,0.022662890,11,38,0,0,0,296,49,17475,76354,22591,27,1335976
1226,1706585370.182399511,1706585370.281350374,1,1,1,1,97.138747369,-27.265243936,-1.120757814,0.029228341,0.009756639,0.881068679,0.471983574,362,146,0.403314917,0.075200939,0.057921872,0.034880152,0.341972776,35.342208852,1.000000000,0.405060306,0.218770016,0.496243610,0.432682801,36.368496217,20,11,11,0,0.030386740,9,44,0,0,0,297,54,17476,76365,22644,27,1336273
1227,1706585370.283032894,1706585370.380220413,1,1,1,1,97.123739577,-27.242983873,-1.114456699,0.031017423,0.011389494,0.884289887,0.465767747,379,164,0.432717678,0.069034557,0.050948270,0.033846716,0.258189941,42.974444119,1.000000000,0.392453145,0.214731743,0.489341799,0.429341952,36.675024151,20,12,12,0,0.031662269,10,38,0,0,0,318,49,17478,76377,22692,27,1336591
1228,1706585370.382875681,1706585370.479125738,1,1,1,1,97.102737144,-27.215964823,-1.107376312,0.030032246,0.012048212,0.887974223,0.458753402,413,173,0.418886199,0.069202876,0.049426516,0.034133586,0.215837300,41.788244465,1.000000000,0.382093233,0.205205070,0.496101840,0.428025152,37.068031496,20,13,12,1,0.031476998,12,49,0,1,0,338,62,17482,76390,22753,27,1336929
1229,1706585370.482709169,1706585370.578067780,1,1,1,1,97.067250819,-27.185870843,-1.099181832,0.026040255,0.011809899,0.892160491,0.450812698,406,184,0.453201970,0.059710364,0.042779872,0.031673052,0.180870882,49.419285979,1.000000000,0.366352903,0.197703067,0.527860492,0.437539191,37.803198076,20,7,7,0,0.017241379,10,39,0,0,0,348,51,17482,76397,22802,27,1337277
1230,1706585370.582548380,1706585370.682365179,1,1,1,1,97.010711703,-27.150803149,-1.084951831,0.023882012,0.011859592,0.897113729,0.440994281,460,199,0.432608696,0.066204715,0.051924255,0.031410633,0.210387842,47.275856880,1.000000000,0.353921700,0.190292708,0.590961459,0.452800701,38.409428429,20,19,17,2,0.041304348,11,40,0,2,0,386,55,17485,76416,22853,27,1337663
1231,1706585370.682777166,1706585370.782602549,1,1,1,1,96.963710283,-27.125848332,-1.077084645,0.022604014,0.011267625,0.901119948,0.432833615,505,197,0.390099010,0.062915183,0.043692493,0.029074858,0.155745885,53.455846564,1.000000000,0.338336470,0.180220366,0.630492296,0.455844841,39.464217516,20,10,8,2,0.019801980,8,53,0,2,0,431,64,17489,76426,22914,27,1338094
1232,1706585370.782614708,1706585370.882439852,1,0,0,1,96.912689825,-27.090702614,-1.046057782,0.019213976,0.009936673,0.905822505,0.423104803,521,203,0.389635317,0.078037540,0.046664279,0.033517603,0.192661492,44.718149323,0.950000000,0.324899379,0.163823025,0.680468453,0.456929245,39.949006584,0,63,56,7,0.120921305,11,0,0,0,0,446,12,17508,76489,22925,27,1338540
1233,1706585370.882452011,1706585370.981385469,1,1,1,1,96.865103873,-27.070307057,-1.003837051,0.015491787,0.007311758,0.909341823,0.415696994,527,197,0.373814042,0.068094303,0.042451089,0.031589365,0.189652278,44.746771375,0.950000000,0.312723214,0.141559388,0.723511635,0.443440956,40.738416986,1,25,13,12,0.047438330,6,20,0,15,0,476,26,17524,76514,22951,27,1339016
1234,1706585370.983095169,1706585371.082886219,1,0,0,1,96.819223672,-27.039320725,-0.988830795,0.011542873,0.008518910,0.912564320,0.408681479,515,210,0.407766990,0.061871519,0.043451569,0.031876689,0.155848205,47.179800974,0.900000000,0.295299250,0.123027103,0.746307192,0.423699555,41.282889176,0,39,35,4,0.075728155,7,0,0,0,0,468,8,17532,76553,22958,27,1339484
1235,1706585371.082910776,1706585371.182258368,1,0,0,1,96.786969794,-27.003456264,-0.975050022,0.012282152,0.013023878,0.916142214,0.400453457,520,206,0.396153846,0.059717313,0.038402113,0.027860822,0.200015543,39.393966450,0.850000000,0.284012134,0.114717880,0.757960876,0.398681454,41.473999374,0,28,25,3,0.053846154,6,0,0,0,0,485,7,17543,76581,22964,27,1339969
1236,1706585371.182757139,1706585371.282345772,1,1,1,1,96.760516940,-26.974475623,-0.960099658,0.014343351,0.015497038,0.918824433,0.394101220,516,192,0.372093023,0.056869006,0.039365270,0.030493602,0.134671150,48.263795777,0.850000000,0.266929388,0.111305301,0.764915403,0.370600123,42.356880670,1,7,7,0,0.013565891,5,20,0,0,0,483,26,17545,76588,22989,27,1340452
1237,1706585371.282595396,1706585371.382007599,1,0,0,1,96.718206466,-26.948568921,-0.936622224,0.012541727,0.012115677,0.921921010,0.386985228,546,237,0.434065934,0.064206306,0.044618388,0.031404956,0.166559330,57.924150970,0.800000000,0.246271842,0.111149716,0.780474032,0.340856817,43.164363008,0,38,33,5,0.069597070,9,0,0,0,0,499,9,17562,76626,22998,27,1340951
1238,1706585371.382432222,1706585371.482270002,1,0,0,1,96.676090758,-26.920143665,-0.918171159,0.014209959,0.009996662,0.924289589,0.381296342,563,219,0.388987567,0.051344522,0.038529967,0.026360886,0.131749836,55.270066697,0.750000000,0.231785806,0.126652270,0.795956037,0.309488739,43.756200613,0,21,20,1,0.037300178,7,0,0,0,0,535,7,17565,76647,23005,27,1341486
1239,1706585371.483079433,1706585371.581129551,1,0,0,1,96.637994650,-26.880315163,-0.908670850,0.013814653,0.014033920,0.927217432,0.374005398,591,254,0.429780034,0.050271124,0.033548782,0.021701036,0.227326273,50.658063904,0.700000000,0.225603208,0.137941976,0.806667058,0.284086029,44.289265822,0,42,41,1,0.071065990,3,0,0,0,0,546,3,17582,76689,23008,27,1342032
1240,1706585371.582913160,1706585371.680114031,1,0,0,1,96.593461498,-26.836973479,-0.895143204,0.016614474,0.014922596,0.930246909,0.366253960,628,259,0.412420382,0.047306484,0.035115409,0.024355567,0.146156824,56.468334448,0.650000000,0.217697645,0.146349749,0.827820518,0.268533561,45.099166882,0,28,22,6,0.044585987,9,0,0,0,0,586,14,17591,76717,23017,27,1342618
1241,1706585371.682743311,1706585371.782336950,1,0,0,1,96.545531269,-26.797563702,-0.880681142,0.017290130,0.011570484,0.933127489,0.358943261,614,251,0.408794788,0.048495013,0.032742212,0.020613745,0.208233991,41.606429407,0.600000000,0.214297832,0.148320886,0.859651506,0.264985357,45.098853175,0,31,30,1,0.050488599,12,0,0,0,0,571,12,17599,76748,23029,27,1343189
1242,1706585371.782598972,1706585371.881111622,1,0,0,1,96.481981625,-26.749856051,-0.871428174,0.009742143,0.008808170,0.935393814,0.353363722,634,254,0.400630915,0.036657349,0.027440823,0.015765129,0.134962596,56.277521512,0.550000000,0.207988381,0.173348852,0.925962901,0.269167834,45.929287343,0,29,22,7,0.045741325,6,0,0,0,0,592,13,17611,76777,23035,27,1343781
1243,1706585371.882447004,1706585371.982264757,1,0,0,1,96.423143479,-26.692200414,-0.858213614,0.017359240,0.010594040,0.938791459,0.343885185,686,244,0.355685131,0.037967201,0.026341803,0.017388186,0.184183562,47.136268616,0.500000000,0.201442132,0.189070053,0.997188925,0.288351160,46.424496613,0,57,30,27,0.083090379,12,0,0,0,0,602,27,17648,76834,23047,27,1344383
1244,1706585371.983073950,1706585372.082894087,1,0,0,1,96.354675636,-26.619232959,-0.853448641,0.019569657,0.024671994,0.944433216,0.327191414,685,237,0.345985401,0.043922981,0.027113300,0.018967745,0.158034718,50.544781774,0.450000000,0.193836893,0.197562988,1.086684825,0.321335100,47.278036403,0,62,36,26,0.090510949,12,0,0,0,0,603,20,17688,76896,23059,27,1344986
1245,1706585372.082906246,1706585372.182745457,1,0,0,1,96.276656936,-26.552097487,-0.841417182,0.012369743,0.030191128,0.946627896,0.320672906,674,240,0.356083086,0.042581333,0.024772683,0.015559190,0.214575218,40.799303367,0.400000000,0.190381782,0.205652306,1.176626261,0.331163768,47.562164573,0,64,34,30,0.094955490,12,0,0,0,0,595,15,17729,76960,23071,27,1345581
1246,1706585372.182757378,1706585372.281785965,1,0,0,1,96.204553305,-26.491559898,-0.831563033,0.027056272,0.028255291,0.948755280,0.313580954,714,267,0.373949580,0.042576986,0.027868350,0.018575519,0.152730923,51.183830943,0.350000000,0.180919689,0.206090479,1.243711735,0.331047652,48.354245677,0,56,26,30,0.078431373,7,0,0,0,0,634,24,17770,77016,23078,27,1346215
1247,1706585372.282598257,1706585372.380439520,1,0,0,1,96.119721089,-26.417858410,-0.828829008,0.023364799,0.035023044,0.949456181,0.311063390,707,277,0.391796322,0.037169097,0.024826880,0.015247512,0.151624837,55.625532006,0.300000000,0.175591434,0.217062740,1.321174630,0.320640279,48.986800072,0,55,36,19,0.077793494,15,0,0,0,0,629,23,17805,77071,23093,27,1346844
1248,1706585372.382436752,1706585372.479207754,1,0,0,1,96.022874986,-26.346713999,-0.817697529,0.022591564,0.032277610,0.953304130,0.299431150,699,266,0.380543634,0.035145690,0.026111240,0.015944727,0.147330439,54.860959822,0.250000000,0.172166091,0.227456064,1.394613679,0.326990010,49.640435839,0,50,32,18,0.071530758,7,0,0,0,0,633,16,17838,77121,23100,27,1347477
1249,1706585372.483073711,1706585372.581526041,1,0,0,1,95.926254256,-26.290417879,-0.800454604,0.031474240,0.022539727,0.954940319,0.294262334,749,299,0.399198932,0.043254567,0.028678268,0.016405761,0.170213763,46.238386836,0.200000000,0.171633235,0.231949489,1.439724131,0.315173410,49.481390882,0,49,33,16,0.065420561,14,0,0,0,0,665,35,17866,77170,23114,27,1348142
1250,1706585372.582911015,1706585372.682744026,1,0,0,1,95.822683826,-26.230066373,-0.784778094,0.029576110,0.015515416,0.956718966,0.289090549,708,259,0.365819209,0.039381316,0.028942433,0.017976733,0.189560012,41.266653519,0.150000000,0.170591844,0.234246942,1.506822431,0.308185232,49.180930714,0,46,43,3,0.064971751,5,0,0,0,0,655,7,17879,77216,23119,27,1348797
1251,1706585372.682756662,1706585372.782384396,1,0,0,1,95.737215463,-26.171580898,-0.775976335,0.032121981,0.014056928,0.959202039,0.280538821,744,291,0.391129032,0.040303979,0.026543553,0.015931058,0.209257627,47.012907673,0.100000000,0.173267431,0.236125666,1.541470186,0.304127089,48.858783770,0,31,27,4,0.041666667,8,0,0,0,0,705,8,17893,77247,23127,27,1349502
1252,1706585372.782596827,1706585372.881386757,1,0,0,1,95.669696107,-26.117058789,-0.772485244,0.034969501,0.024991613,0.959767865,0.277485493,778,264,0.339331620,0.047216905,0.031679845,0.020018469,0.236344187,40.961083214,0.100000000,0.175451566,0.200689731,1.561519102,0.293155499,48.670930464,0,47,32,15,0.060411311,10,0,0,0,0,713,18,17914,77294,23137,27,1350215
1253,1706585372.882446289,1706585372.980495214,1,0,0,1,95.607233174,-26.069613510,-0.766465455,0.038057686,0.024303672,0.961300342,0.271776741,760,273,0.359210526,0.042516507,0.032748246,0.017739326,0.192313653,51.164754646,0.050000000,0.175584634,0.181017769,1.582827302,0.289203141,48.991829628,0,41,28,13,0.053947368,10,0,0,0,0,704,15,17930,77335,23147,27,1350919
1254,1706585372.983080149,1706585373.082739115,1,0,0,1,95.557439717,-26.041392319,-0.756666646,0.036705571,0.019265751,0.961276611,0.272449644,751,260,0.346205060,0.037718538,0.031760387,0.016936452,0.184985933,47.024799871,0.050000000,0.177041521,0.172815872,1.590730306,0.272283392,48.984079573,0,32,25,7,0.042609854,3,0,0,0,0,713,6,17938,77367,23150,27,1351632
1255,1706585373.082912922,1706585373.181297064,1,0,0,1,95.542584910,-26.025333403,-0.751422115,0.040005809,0.017892258,0.961460585,0.271427607,739,247,0.334235453,0.042636682,0.030802604,0.016134054,0.199900954,47.201575595,0.050000000,0.177035791,0.159682370,1.571236252,0.260462796,49.374460030,0,34,24,10,0.046008119,7,0,0,0,0,691,14,17953,77401,23157,27,1352323
1256,1706585373.182757616,1706585373.282592535,1,0,0,1,95.539803619,-26.009806889,-0.751256715,0.042246019,0.020428242,0.961435363,0.270998160,770,261,0.338961039,0.040315749,0.033552759,0.019163677,0.232351013,46.147005148,0.000000000,0.181919784,0.149788287,1.532124316,0.245394648,49.268620498,0,29,19,10,0.037662338,7,0,0,0,0,734,7,17964,77430,23164,27,1353057
1257,1706585373.282604694,1706585373.382442474,1,0,0,1,95.549059081,-26.010372693,-0.752086103,0.042367515,0.018746265,0.961203874,0.271920362,754,249,0.330238727,0.042806683,0.030388856,0.017378173,0.196789124,42.296719963,0.000000000,0.183431274,0.105538986,1.487376976,0.234947357,48.487248948,0,26,17,9,0.034482759,5,0,0,0,0,723,5,17975,77456,23169,27,1353780
1258,1706585373.382454157,1706585373.482273102,1,0,0,1,95.565308991,-26.018453345,-0.753598483,0.042985159,0.015820997,0.960639512,0.273995802,745,278,0.373154362,0.055412285,0.035433067,0.020200592,0.272334842,46.332860753,0.000000000,0.190460524,0.115945640,1.449660623,0.223427619,48.040388651,0,29,27,2,0.038926174,11,0,0,0,0,702,14,17980,77485,23180,27,1354482
1259,1706585373.483083248,1706585373.581569195,1,0,0,1,95.570033045,-26.016306783,-0.752129578,0.042134700,0.015736209,0.960078209,0.276092142,739,262,0.354533153,0.034864907,0.027158363,0.016391713,0.188215174,51.434540867,0.000000000,0.188504969,0.117068295,1.391455445,0.211184279,48.079212499,0,20,18,2,0.027063599,7,0,0,0,0,712,7,17984,77505,23187,27,1355194
1260,1706585373.582916021,1706585373.680276394,1,0,0,1,95.567713551,-26.012629808,-0.750448139,0.043529205,0.016076952,0.960410377,0.274697376,711,274,0.385372714,0.037578168,0.029163262,0.017855703,0.168620542,46.642634967,0.000000000,0.189628155,0.116578334,1.332401813,0.198222439,47.587927525,0,24,22,2,0.033755274,9,0,0,0,0,676,11,17989,77529,23196,27,1355870
1261,1706585373.682758570,1706585373.779065132,1,0,0,1,95.553127905,-26.005036765,-0.746632359,0.043390877,0.015198588,0.961345727,0.271478595,740,246,0.332432432,0.038526294,0.030406848,0.016210188,0.195844522,43.929681337,0.000000000,0.189008682,0.111958329,1.269281224,0.192687533,47.704090121,0,31,18,13,0.041891892,6,0,0,0,0,700,9,18003,77560,23202,27,1356570
1262,1706585373.782607079,1706585373.877987146,1,0,0,1,95.530845177,-25.993216632,-0.741620908,0.044188647,0.015509908,0.962616092,0.266790304,757,257,0.339498018,0.043447467,0.034237874,0.018714450,0.221639613,53.359106644,0.000000000,0.193342533,0.109144882,1.211566996,0.182466671,47.558169378,0,35,16,19,0.046235139,12,0,0,0,0,695,27,18027,77595,23214,27,1357265
1263,1706585373.882441759,1706585373.982261896,1,0,0,1,95.505927789,-25.981323325,-0.736512704,0.044331434,0.016354488,0.964239241,0.260787157,786,280,0.356234097,0.040015849,0.029965365,0.016837217,0.170254283,49.609445382,0.000000000,0.192646069,0.107587892,1.139471978,0.159831345,47.681828216,0,34,27,7,0.043256997,4,0,0,0,0,738,14,18040,77629,23218,27,1358003
1264,1706585373.983072519,1706585374.082575321,1,0,0,1,95.485448030,-25.972693726,-0.733268407,0.045330519,0.015405924,0.966228253,0.253201034,848,290,0.341981132,0.047161146,0.033649502,0.019637294,0.221819832,45.524084096,0.000000000,0.195835325,0.110694159,1.058302786,0.161283189,47.430793332,0,63,33,30,0.074292453,9,0,0,0,0,758,27,18084,77692,23227,27,1358761
1265,1706585374.082913160,1706585374.181637764,1,0,0,1,95.452201426,-25.967085028,-0.726930854,0.045554862,0.011094464,0.968531386,0.244435313,829,282,0.340168878,0.042628732,0.031988607,0.018768763,0.216004822,45.682877904,0.000000000,0.195906805,0.110701152,0.997947917,0.165968991,47.674972059,0,38,25,13,0.045838359,7,0,0,0,0,780,11,18103,77730,23234,27,1359541
1266,1706585374.182748556,1706585374.282573462,1,0,0,1,95.408944578,-25.958832904,-0.720192945,0.047946519,0.008269284,0.970942854,0.234313305,856,292,0.341121495,0.046793042,0.036301860,0.019693988,0.219978816,46.776847756,0.000000000,0.199269199,0.113437949,0.930087878,0.181397771,47.454622900,0,37,29,8,0.043224299,4,0,0,0,0,812,7,18114,77767,23238,27,1360353
1267,1706585374.282585859,1706585374.382416010,1,0,0,1,95.369085565,-25.946766528,-0.713943667,0.051843291,0.007748356,0.973563097,0.222322135,909,325,0.357535754,0.041604304,0.033258836,0.018769963,0.236925141,47.766194808,0.000000000,0.203534215,0.110049057,0.851515633,0.181283387,47.061656040,0,24,22,2,0.026402640,12,0,0,0,0,872,13,18122,77791,23250,27,1361225
1268,1706585374.382427216,1706585374.482252598,1,0,0,1,95.315827424,-25.930122134,-0.710296785,0.052738534,0.007971970,0.976550601,0.208576167,977,335,0.342886387,0.043570208,0.032221126,0.020678467,0.212786954,47.761838218,0.000000000,0.206807040,0.102710539,0.794286589,0.199144486,46.706699960,0,27,26,1,0.027635619,6,0,0,0,0,944,6,18122,77818,23256,27,1362169
1269,1706585374.483062744,1706585374.582890749,1,0,0,1,95.263909855,-25.915330324,-0.707405733,0.057704160,0.007903172,0.979784390,0.191390486,1068,386,0.361423221,0.042050936,0.035673601,0.019843510,0.179690769,56.823432097,0.000000000,0.207280891,0.102760130,0.727455508,0.222701758,47.235952223,0,27,26,1,0.025280899,6,0,0,0,0,1035,6,18127,77845,23262,27,1363204
1270,1706585374.582902908,1706585374.682717562,1,0,0,1,95.216079214,-25.901542707,-0.703912556,0.062324904,0.009972024,0.982437606,0.175591899,1125,409,0.363555556,0.043643390,0.034319538,0.019379506,0.227495435,55.171585245,0.000000000,0.209177662,0.101178288,0.673419297,0.236663386,47.931198809,0,29,26,3,0.025777778,10,0,0,0,0,1086,10,18132,77874,23272,27,1364290
1271,1706585374.682729959,1706585374.782555342,1,0,0,1,95.165300633,-25.891536146,-0.697606201,0.062848046,0.008248967,0.984986834,0.160570902,1185,449,0.378902954,0.044711270,0.031873652,0.019342783,0.200082052,54.295540241,0.000000000,0.208718883,0.100485340,0.638702703,0.261862239,48.295330438,0,27,26,1,0.022784810,13,0,0,0,0,1145,13,18131,77901,23285,27,1365435
1272,1706585374.782567501,1706585374.882389545,1,0,0,1,95.111578468,-25.876667880,-0.690847805,0.065838817,0.010083468,0.987158035,0.145198440,1351,445,0.329385640,0.041892827,0.034643246,0.019793205,0.245488712,53.032591024,0.000000000,0.209176109,0.098265263,0.616182983,0.281094385,48.898905828,0,34,33,1,0.025166543,5,0,0,0,0,1312,5,18138,77935,23290,27,1366747
1273,1706585374.882401705,1706585374.980957270,1,0,0,1,95.064867872,-25.873176602,-0.687993205,0.065782921,0.009272628,0.989222230,0.130483735,1479,472,0.319134550,0.046899931,0.033687905,0.020254128,0.252191432,63.236323941,0.000000000,0.212169998,0.100312981,0.605043221,0.310092553,49.502484293,0,40,40,0,0.027045301,14,0,0,0,0,1425,14,18141,77975,23304,27,1368172
1274,1706585374.983042479,1706585375.082869291,1,0,0,1,95.012622962,-25.867108031,-0.680644734,0.065253993,0.007973575,0.991080353,0.115922696,1518,490,0.322793149,0.044554165,0.034389205,0.019901907,0.214523143,62.714953045,0.000000000,0.213646859,0.096222909,0.635654507,0.337921122,50.286991951,0,42,36,6,0.027667984,7,0,0,0,0,1469,7,18148,78017,23311,27,1369641
1275,1706585375.082880497,1706585375.182695627,1,0,0,1,94.967615927,-25.861014142,-0.675117686,0.068058343,0.007931944,0.992312999,0.103053671,1562,497,0.318181818,0.044380026,0.034859326,0.020600631,0.217350842,56.372198818,0.000000000,0.214519353,0.096227785,0.665632766,0.363299845,50.745523113,0,45,43,2,0.028809219,11,0,0,0,0,1506,11,18154,78062,23322,27,1371147
1276,1706585375.182708502,1706585375.282544374,1,0,0,1,94.924903954,-25.859872293,-0.668613765,0.069862370,0.004440743,0.993553588,0.089167237,1514,475,0.313738441,0.044865587,0.033885405,0.019216884,0.236861817,64.537052146,0.000000000,0.214744893,0.094877907,0.699542418,0.389946973,51.665025463,0,40,38,2,0.026420079,12,0,0,0,0,1462,12,18160,78102,23334,27,1372609
1277,1706585375.282554865,1706585375.382385015,1,0,0,1,94.876066290,-25.852582389,-0.664750237,0.068052366,0.004111428,0.994574515,0.078571662,1444,496,0.343490305,0.044941476,0.032894797,0.020236258,0.221552562,65.030651115,0.000000000,0.215983065,0.094913287,0.730860986,0.407292433,52.801722020,0,51,44,7,0.035318560,15,0,0,0,0,1378,15,18176,78153,23349,27,1373987
1278,1706585375.382397175,1706585375.482209444,1,0,0,1,94.819084644,-25.842407315,-0.664685303,0.059127280,0.006715495,0.995752376,0.070257190,1419,475,0.334742777,0.042286352,0.035546423,0.020083354,0.207672860,57.041124822,0.000000000,0.212749966,0.072153966,0.783351227,0.419813883,53.337135224,0,34,32,2,0.023960536,7,0,0,0,0,1378,7,18183,78187,23356,27,1375365
1279,1706585375.483021259,1706585375.582855225,1,0,0,1,94.748351457,-25.834705955,-0.662059137,0.044859720,0.005522404,0.996869133,0.064877120,1376,445,0.323401163,0.042913663,0.032345849,0.018365516,0.201344715,55.371312024,0.000000000,0.213406443,0.057699574,0.849889617,0.428495485,53.533973781,0,38,32,6,0.027616279,7,0,0,0,0,1331,7,18191,78225,23363,27,1376696
1280,1706585375.582866430,1706585375.682692766,1,0,0,1,94.683665772,-25.823283904,-0.650880203,0.040389704,0.003819395,0.997123247,0.064025889,1364,454,0.332844575,0.046571756,0.034960519,0.020163598,0.207693346,55.140955651,0.000000000,0.215360083,0.051123077,0.899639837,0.423689390,53.958889816,0,32,32,0,0.023460411,12,0,0,0,0,1320,12,18193,78257,23375,27,1378016
1281,1706585375.682704687,1706585375.782542467,1,0,0,1,94.631501447,-25.804490080,-0.641657008,0.046611431,0.009285057,0.996774430,0.064667602,1366,448,0.327964861,0.044426239,0.036956468,0.020602718,0.238093195,54.078312468,0.000000000,0.217472517,0.043164734,0.930131576,0.415978573,54.466321372,0,30,27,3,0.021961933,9,0,0,0,0,1327,9,18200,78287,23384,27,1379343
1282,1706585375.782554388,1706585375.882395983,1,0,0,1,94.574773539,-25.787300331,-0.636677040,0.045722270,0.014087957,0.996569122,0.067535098,1410,467,0.331205674,0.045752515,0.036176088,0.019060574,0.256346845,49.649905887,0.000000000,0.219207879,0.043836078,0.961536720,0.409740595,54.280861334,0,45,44,1,0.031914894,12,0,0,0,0,1353,12,18203,78332,23396,27,1380696
1283,1706585375.882406950,1706585375.982239723,1,0,0,1,94.516108586,-25.778560707,-0.626371974,0.046001454,0.010927231,0.996464173,0.069452247,1409,488,0.346344925,0.044250507,0.033539931,0.020190012,0.223362115,59.885747202,0.000000000,0.221863270,0.038204185,0.999278443,0.397622661,54.794676425,0,28,27,1,0.019872250,7,0,0,0,0,1374,7,18207,78360,23403,27,1382070
1284,1706585375.983050346,1706585376.082876205,1,0,0,1,94.454310950,-25.765749750,-0.612084991,0.051332356,0.008927340,0.996061002,0.071747982,1430,442,0.309090909,0.044361119,0.034493696,0.018221243,0.206354868,52.971560426,0.000000000,0.221090022,0.035329905,1.029680083,0.383827794,55.167050242,0,33,31,2,0.023076923,15,0,0,0,0,1382,15,18211,78393,23418,27,1383452
1285,1706585376.082887650,1706585376.181926012,1,0,0,1,94.397391383,-25.745056983,-0.603666591,0.057289273,0.015356026,0.995545079,0.073294795,1407,456,0.324093817,0.048228621,0.035786953,0.022128491,0.206587219,56.366509591,0.000000000,0.220619142,0.039421808,1.046277173,0.366987450,55.701231826,0,37,36,1,0.026297086,7,0,0,0,0,1363,7,18215,78430,23425,27,1384815
1286,1706585376.182738066,1706585376.280391216,1,0,0,1,94.336242859,-25.726031018,-0.598714267,0.050617431,0.018086600,0.995518026,0.077811382,1400,432,0.308571429,0.049616776,0.039685543,0.020574249,0.188045250,59.962141265,0.000000000,0.219022464,0.045496909,1.068396775,0.351545864,56.360496502,0,49,47,2,0.035000000,9,0,0,0,0,1342,9,18218,78479,23434,27,1386157
1287,1706585376.282574892,1706585376.382408857,1,0,0,1,94.281476143,-25.721824130,-0.588480843,0.064620299,0.007149932,0.994732575,0.079247717,1426,478,0.335203366,0.050869903,0.040382978,0.023280880,0.197735352,58.074822383,0.000000000,0.217062974,0.051773439,1.068352485,0.325791088,56.875927880,0,51,47,4,0.035764376,10,0,0,0,0,1365,10,18222,78530,23444,27,1387522
1288,1706585376.382420778,1706585376.482240200,1,0,0,1,94.229041764,-25.721536517,-0.577813937,0.089982039,-0.001912039,0.992521774,0.082462744,1400,417,0.297857143,0.046153437,0.035773845,0.022339675,0.205648637,51.883849720,0.000000000,0.216706058,0.051327617,1.067800659,0.297188476,57.082028456,0,37,35,2,0.026428571,5,0,0,0,0,1358,5,18224,78567,23449,27,1388880
1289,1706585376.483048201,1706585376.582863092,1,0,0,1,94.140249235,-25.707062317,-0.578457818,0.080574201,0.005218985,0.994386558,0.068380794,1394,444,0.318507891,0.046033404,0.034173428,0.020911261,0.200749405,55.754902665,0.000000000,0.217758990,0.048726229,1.107866877,0.293244412,57.028601984,0,44,42,2,0.031563845,9,0,0,0,0,1340,10,18233,78611,23458,27,1390220
1290,1706585376.582875013,1706585376.682705879,1,0,0,1,94.048597771,-25.681978923,-0.573643218,0.064980181,0.012578125,0.995735691,0.064263521,1320,429,0.325000000,0.045226159,0.035607582,0.021609539,0.200565784,49.619087166,0.000000000,0.216412508,0.047869233,1.150872756,0.270446931,56.750977080,0,35,33,2,0.026515152,10,0,0,0,0,1275,10,18235,78646,23468,27,1391495
1291,1706585376.682717323,1706585376.782553196,1,0,0,1,93.980864078,-25.667475370,-0.570931088,0.066616909,0.012283108,0.994761345,0.076558332,1367,432,0.316020483,0.049312088,0.038240789,0.023277825,0.220485052,49.632121645,0.000000000,0.217432658,0.050873990,1.164045008,0.264464973,56.517806150,0,42,41,1,0.030724214,11,0,0,0,0,1314,11,18237,78688,23479,27,1392809
1292,1706585376.782565117,1706585376.882397652,1,0,0,1,93.910584661,-25.666197565,-0.562133811,0.059194071,-0.000209237,0.994374398,0.087838339,1437,444,0.308977035,0.044740242,0.033637764,0.021465701,0.218891905,56.634785610,0.000000000,0.216102817,0.047353167,1.187956622,0.255361322,56.697915880,0,32,29,3,0.022268615,10,0,0,0,0,1395,10,18244,78720,23489,27,1394204
1293,1706585376.882409811,1706585376.982239485,1,0,0,1,93.833028241,-25.657567408,-0.553260248,0.053838333,-0.007760828,0.994499169,0.089513167,1515,475,0.313531353,0.044188931,0.034460995,0.021299672,0.217214852,58.392799450,0.000000000,0.214353988,0.047775904,1.213387581,0.228046984,56.455739655,0,27,24,3,0.017821782,12,0,0,0,0,1476,12,18252,78747,23501,27,1395680
1294,1706585376.983052492,1706585377.082887411,1,0,0,1,93.761748615,-25.638490851,-0.547550186,0.055448797,-0.003780755,0.994390607,0.089991428,1501,454,0.302465023,0.043895768,0.033696392,0.020795952,0.235478559,57.052139111,0.000000000,0.215401759,0.048284516,1.241643616,0.203580582,56.172598958,0,34,34,0,0.022651566,10,0,0,0,0,1457,10,18257,78781,23511,27,1397137
1295,1706585377.082898855,1706585377.182735920,1,0,0,1,93.683490356,-25.606584110,-0.545909688,0.048404094,0.007348801,0.994810103,0.089195840,1531,459,0.299804050,0.043831506,0.033241532,0.018942222,0.237511489,64.299994355,0.000000000,0.216409791,0.048729357,1.282952819,0.175795182,56.568988735,0,30,29,1,0.019595036,13,0,0,0,0,1488,13,18261,78811,23524,27,1398625
1296,1706585377.182748556,1706585377.282580376,1,0,0,1,93.610977704,-25.573701674,-0.548006402,0.050965250,0.023505523,0.994331376,0.090305857,1527,481,0.314996726,0.043166798,0.032142720,0.019398840,0.254921241,56.353693965,0.000000000,0.217312763,0.050115770,1.313070732,0.158180919,56.159820826,0,32,31,1,0.020956123,10,0,0,0,0,1485,10,18262,78843,23534,27,1400110
1297,1706585377.282592297,1706585377.382416248,1,0,0,1,93.535945021,-25.549718356,-0.546800711,0.048114013,0.023167355,0.993461138,0.100912254,1533,467,0.304631442,0.044249585,0.033094563,0.019872667,0.230904617,60.156752793,0.000000000,0.217780365,0.050461249,1.333969413,0.162506769,55.916125910,0,27,25,2,0.017612524,12,0,0,0,0,1494,12,18267,78870,23546,27,1401604
1298,1706585377.382427454,1706585377.481471300,1,0,0,1,93.459611890,-25.544355463,-0.538467211,0.047754585,0.012762595,0.993120903,0.106148425,1554,476,0.306306306,0.045736421,0.033739736,0.020450418,0.251702743,61.085000789,0.000000000,0.219981859,0.047603447,1.339743481,0.160670861,56.118319708,0,35,33,2,0.022522523,9,0,0,0,0,1510,9,18273,78905,23555,27,1403114
1299,1706585377.483080387,1706585377.580111742,1,0,0,1,93.386293293,-25.527367505,-0.536812405,0.052183276,0.015450919,0.993103348,0.103845630,1576,462,0.293147208,0.045920453,0.031801652,0.020770800,0.240202828,68.439113722,0.000000000,0.221924765,0.045389356,1.348391754,0.162827140,56.771709793,0,23,23,0,0.014593909,8,0,0,0,0,1545,8,18275,78928,23563,27,1404659
1300,1706585377.582921505,1706585377.682752132,1,0,0,1,93.306421100,-25.490837769,-0.541022972,0.058371562,0.026056408,0.992449285,0.104681619,1572,491,0.312340967,0.043898305,0.033160574,0.020442584,0.264433704,64.130819784,0.000000000,0.224761783,0.046254274,1.380113472,0.164148267,57.221203000,0,26,24,2,0.016539440,11,0,0,0,0,1535,11,18284,78954,23574,27,1406194
1301,1706585377.682764530,1706585377.782599449,1,0,0,1,93.223583668,-25.467482019,-0.537313992,0.047644816,0.026096139,0.992066597,0.113370326,1570,481,0.306369427,0.047495818,0.033701053,0.020074595,0.253222494,66.012859200,0.000000000,0.225518248,0.046401530,1.406776394,0.174600710,57.817930336,0,43,40,3,0.027388535,10,0,0,0,0,1517,10,18293,78997,23584,27,1407711
1302,1706585377.782610655,1706585377.882450104,1,0,0,1,93.140064170,-25.446470151,-0.535335662,0.049361495,0.027406734,0.991977687,0.113104295,1585,488,0.307886435,0.044540336,0.030920153,0.018300518,0.273341831,66.210213016,0.000000000,0.226367997,0.046877819,1.432720219,0.171289667,58.645945693,0,37,34,3,0.023343849,13,0,0,0,0,1535,13,18299,79034,23597,27,1409246
1303,1706585377.882462263,1706585377.982301712,1,0,0,1,93.045394825,-25.413392061,-0.529112153,0.044033903,0.034814575,0.992161323,0.111646185,1571,477,0.303628262,0.039222341,0.029251223,0.017405722,0.234538657,67.262834190,0.000000000,0.226926824,0.056332908,1.468486505,0.169456065,59.014800042,0,30,29,1,0.019096117,10,0,0,0,0,1531,10,18304,79064,23607,27,1410777
1304,1706585377.982712984,1706585378.082533121,1,0,0,1,92.957467961,-25.390358364,-0.527338057,0.039825367,0.033322451,0.991844448,0.116396502,1595,509,0.319122257,0.045726739,0.031338510,0.019214727,0.311569645,75.210809014,0.000000000,0.232187563,0.055941494,1.498251105,0.174433005,60.126762472,0,37,35,2,0.023197492,10,0,0,0,0,1548,10,18308,79101,23617,27,1412325
1305,1706585378.082545042,1706585378.182370663,1,0,0,1,92.858358103,-25.375397274,-0.517770478,0.032583802,0.024940131,0.992246082,0.117320069,1588,513,0.323047859,0.045360327,0.033619532,0.018946722,0.333740681,72.769860443,0.000000000,0.238545236,0.054533090,1.534708159,0.166170438,60.946930014,0,30,27,3,0.018891688,16,0,0,0,0,1542,16,18313,79131,23633,27,1413867
1306,1706585378.182382584,1706585378.282222748,1,0,0,1,92.765727133,-25.347886749,-0.513734020,0.030678093,0.028434265,0.992081870,0.118422590,1623,536,0.330252619,0.047967309,0.031086585,0.019459170,0.349579974,76.653378155,0.000000000,0.246621972,0.052099831,1.575549071,0.166039599,61.781491859,0,39,37,2,0.024029575,18,0,0,0,0,1566,18,18320,79170,23651,27,1415433
1307,1706585378.283034086,1706585378.382857084,1,0,0,1,92.669322072,-25.309937760,-0.511788601,0.029574302,0.037469340,0.992287756,0.114395887,1552,531,0.342139175,0.046013287,0.032751031,0.017185354,0.335305588,70.193059777,0.000000000,0.253500484,0.044542664,1.625663494,0.167560676,62.387403728,0,27,26,1,0.017396907,18,0,0,0,0,1507,18,18332,79197,23669,27,1416940
1308,1706585378.382869005,1706585378.482705355,1,0,0,1,92.563154525,-25.275660856,-0.510278678,0.027704036,0.045256982,0.993133622,0.104258817,1494,507,0.339357430,0.044172619,0.031927349,0.018873806,0.333364773,67.392114536,0.000000000,0.259886291,0.044554573,1.647270561,0.160033094,63.162816969,0,38,38,0,0.025435074,16,0,0,0,0,1440,16,18336,79235,23685,27,1418380
1309,1706585378.482716560,1706585378.582562923,1,0,0,1,92.452981276,-25.254405846,-0.506191143,0.022935041,0.049472381,0.994533125,0.089052404,1453,448,0.308327598,0.039354375,0.031314214,0.018036870,0.278193637,62.411405140,0.000000000,0.263758503,0.052360036,1.664405975,0.182916905,63.495642093,0,25,25,0,0.017205781,6,0,0,0,0,1422,6,18337,79260,23691,27,1419802
1310,1706585378.582574844,1706585378.682305574,1,0,0,1,92.359035445,-25.256191136,-0.494691897,0.024317575,0.041398714,0.996245979,0.072032994,1350,427,0.316296296,0.042562774,0.030796297,0.018133231,0.284700615,56.336994598,0.000000000,0.267965244,0.053452748,1.689747637,0.192374093,63.831537465,0,16,15,1,0.011851852,8,0,0,0,0,1326,8,18340,79276,23699,27,1421128
1311,1706585378.682417393,1706585378.780984163,1,0,0,1,92.285626417,-25.265642615,-0.479853139,0.029676869,0.031903399,0.997399795,0.057403008,1305,414,0.317241379,0.039693542,0.028980112,0.017311601,0.226615619,45.133784897,0.000000000,0.268271773,0.053226253,1.694396010,0.200823598,63.606620627,0,23,20,3,0.017624521,7,0,0,0,0,1275,7,18345,79299,23706,27,1422403
1312,1706585378.783068657,1706585378.879599094,1,0,0,1,92.223555628,-25.264512187,-0.469135081,0.026957414,0.029531856,0.998169298,0.045378632,1216,380,0.312500000,0.039165381,0.031568011,0.016702619,0.240702026,46.139122499,0.000000000,0.269362279,0.058725036,1.678857510,0.222826281,63.081837472,0,18,18,0,0.014802632,2,0,0,0,0,1196,2,18346,79317,23708,27,1423599
1313,1706585378.882904291,1706585378.982727051,1,0,0,1,92.169070255,-25.257715221,-0.466845303,0.023479592,0.032919104,0.998541434,0.035777733,1185,397,0.335021097,0.041114135,0.031600963,0.018415044,0.255360185,45.129554844,0.000000000,0.271269545,0.060391834,1.659804109,0.240698621,62.418675241,0,27,25,2,0.022784810,4,0,0,0,0,1152,6,18349,79344,23712,27,1424751
1314,1706585378.982739687,1706585379.082565308,1,0,0,1,92.122062777,-25.253452002,-0.460944495,0.020802894,0.033773873,0.998848796,0.026974943,1137,396,0.348284960,0.039377805,0.029144340,0.017811767,0.227333921,44.962115733,0.000000000,0.270862313,0.064354266,1.622843316,0.257780485,61.814174072,0,15,14,1,0.013192612,7,0,0,0,0,1114,8,18350,79359,23719,27,1425865
1315,1706585379.082575798,1706585379.182396173,1,0,0,1,92.091305762,-25.253961706,-0.452094981,0.021827296,0.031315586,0.999057852,0.020647310,1097,366,0.333637192,0.041935103,0.031877292,0.020374002,0.264238384,42.932458839,0.000000000,0.272198658,0.064883638,1.575204614,0.266545402,60.745797297,0,21,19,2,0.019143118,10,0,0,0,0,1066,10,18354,79380,23729,27,1426931
1316,1706585379.182407141,1706585379.282235384,1,0,0,1,92.064319672,-25.250864713,-0.445059992,0.022508624,0.031940738,0.999122049,0.015109030,1066,353,0.331144465,0.042082180,0.033185039,0.020425611,0.217515188,51.469633984,0.000000000,0.270328356,0.065268202,1.524482339,0.256426017,60.501594298,0,14,13,1,0.013133208,7,0,0,0,0,1045,7,18355,79394,23736,27,1427976
1317,1706585379.283045292,1706585379.382886410,1,0,0,1,92.029579423,-25.249151925,-0.438037018,0.024389867,0.031791198,0.999158888,0.008716084,1053,331,0.314339981,0.042587274,0.034598709,0.021892749,0.223808123,36.893592284,0.000000000,0.269973531,0.065270690,1.482992984,0.259505525,59.338436272,0,21,20,1,0.019943020,3,0,0,0,0,1029,3,18358,79415,23739,27,1429005
1318,1706585379.382898092,1706585379.482712030,1,0,0,1,91.986457561,-25.249894427,-0.430043819,0.023357150,0.030736645,0.999251542,0.002461287,1014,318,0.313609467,0.043394787,0.031576349,0.020955731,0.209122891,42.631028980,0.000000000,0.267844538,0.064056949,1.451576577,0.268009041,58.415737682,0,15,14,1,0.014792899,5,0,0,0,0,994,5,18359,79430,23744,27,1429999
1319,1706585379.482723236,1706585379.582566023,1,0,0,1,91.934424935,-25.245615556,-0.421710413,0.024249206,0.033169418,0.999155193,0.000815851,1029,329,0.319727891,0.043703671,0.033301587,0.021410735,0.232003888,40.637878724,0.000000000,0.267434591,0.062528239,1.416515556,0.267861524,57.025675932,0,18,18,0,0.017492711,4,0,0,0,0,1007,4,18357,79448,23748,27,1431006
1320,1706585379.582577944,1706585379.682395697,1,0,0,1,91.874720041,-25.248889855,-0.414691564,0.023954300,0.027831397,0.999309227,0.005716066,1009,333,0.330029732,0.044703377,0.033135061,0.021673440,0.212824312,41.232820336,0.000000000,0.264854122,0.062925206,1.390573806,0.260777333,55.880775959,0,20,20,0,0.019821606,2,0,0,0,0,987,2,18357,79468,23750,27,1431993
1321,1706585379.682407141,1706585379.782222509,1,0,0,1,91.802374513,-25.250563560,-0.404184414,0.021311856,0.021310819,0.999523827,0.006616117,1017,324,0.318584071,0.045550337,0.030710799,0.021929607,0.212249240,47.120272428,0.000000000,0.262805459,0.060009215,1.377552760,0.261879464,54.936146621,0,18,17,1,0.017699115,5,0,0,0,0,994,5,18358,79486,23755,27,1432987
1322,1706585379.783035517,1706585379.882861376,1,0,0,1,91.714079137,-25.240523700,-0.399872310,0.011683179,0.022242329,0.999643117,0.009078563,1024,341,0.333007812,0.043981831,0.033862981,0.020860328,0.198862959,44.749984130,0.000000000,0.259081515,0.059702452,1.366046909,0.263597264,53.863135177,0,18,17,1,0.017578125,4,0,0,0,0,1002,4,18364,79504,23759,27,1433989
1323,1706585379.882871628,1706585379.981956482,1,0,0,1,91.632392485,-25.232251652,-0.399390578,0.019953402,0.021794402,0.999442907,0.015515863,997,354,0.355065196,0.054453156,0.040437436,0.024708491,0.226659087,40.381831242,0.000000000,0.258687537,0.079362107,1.357241622,0.267772146,52.519085029,0,27,25,2,0.027081244,7,0,0,0,0,963,7,18367,79531,23766,27,1434952
1324,1706585379.982717514,1706585380.080627203,1,0,0,1,91.535678299,-25.236375393,-0.388907347,0.023403346,0.012610727,0.999351092,0.024303248,1066,321,0.301125704,0.047729827,0.035987791,0.023341626,0.253827089,39.580278909,0.000000000,0.255800409,0.081160555,1.353921357,0.284366309,50.737558524,0,29,27,2,0.027204503,7,0,0,0,0,1030,7,18368,79560,23773,27,1435982
1325,1706585380.082561493,1706585380.179191113,1,0,0,1,91.410796017,-25.228920909,-0.388915223,0.011830894,0.012480886,0.999555534,0.024351430,1099,334,0.303912648,0.044335923,0.029678059,0.019116063,0.240152244,41.350988447,0.000000000,0.251120987,0.080882207,1.382311820,0.282321008,49.166614924,0,13,11,2,0.011828935,6,0,0,0,0,1078,8,18370,79573,23779,27,1437060
1326,1706585380.182399035,1706585380.282228470,1,0,0,1,91.280980338,-25.209919302,-0.381362759,0.010680161,0.017854503,0.999320215,0.030434494,1081,347,0.320999075,0.043967337,0.032031968,0.020485933,0.263083624,42.760006972,0.000000000,0.246796170,0.078104994,1.410104417,0.286827950,47.471946365,0,23,15,8,0.021276596,5,0,0,0,0,1051,7,18382,79596,23784,27,1438111
1327,1706585380.283038378,1706585380.382868528,1,0,0,1,91.143497708,-25.200603389,-0.378068048,0.010580410,0.014043507,0.999297251,0.033103473,1102,382,0.346642468,0.045221837,0.033922760,0.020866354,0.219336741,50.252748028,0.000000000,0.240997727,0.077599405,1.436367798,0.271873792,46.474930777,0,23,22,1,0.020871143,6,0,0,0,0,1073,6,18383,79619,23790,27,1439184
1328,1706585380.382880449,1706585380.482705355,1,0,0,1,91.001946469,-25.183375089,-0.377499547,0.012422550,0.020651221,0.999187670,0.032298713,1097,336,0.306289881,0.052656083,0.034560462,0.023868121,0.221780563,44.081495818,0.000000000,0.235418517,0.089430703,1.466685509,0.242390324,45.309399842,0,24,24,0,0.021877849,10,0,0,0,0,1063,10,18381,79643,23800,27,1440247
1329,1706585380.482716560,1706585380.582531691,1,0,0,1,90.859040573,-25.158565626,-0.382771659,0.019666783,0.030599451,0.998808547,0.032532729,1082,337,0.311460259,0.050330103,0.029751279,0.021877636,0.262648006,45.765301546,0.000000000,0.234641235,0.090469840,1.517160929,0.209244131,44.477094662,0,16,16,0,0.014787431,9,0,0,0,0,1057,9,18384,79659,23809,27,1441304
1330,1706585380.582543373,1706585380.682375431,1,0,0,1,90.702603631,-25.139166730,-0.380822752,0.012849866,0.030721950,0.998541610,0.042493486,1098,367,0.334244080,0.044288031,0.028952867,0.019456262,0.225310169,40.872173647,0.000000000,0.231671713,0.089789238,1.599320328,0.199394907,43.703853614,0,19,19,0,0.017304189,10,0,0,0,0,1069,10,18385,79678,23819,27,1442373
1331,1706585380.682387829,1706585380.782214403,1,0,0,1,90.540049333,-25.125596499,-0.367882469,0.015686141,0.024688570,0.998579388,0.044537912,1112,344,0.309352518,0.045561459,0.035196885,0.022600353,0.243292379,46.553075726,0.000000000,0.232505551,0.085806402,1.699953040,0.179086236,43.774818156,0,24,19,5,0.021582734,5,0,0,0,0,1083,5,18394,79702,23824,27,1443456
1332,1706585380.783023357,1706585380.882862568,1,0,0,1,90.371406631,-25.106619251,-0.365917559,0.011885613,0.024736750,0.998493028,0.047523661,1117,345,0.308863026,0.047469983,0.032748254,0.019972861,0.214793498,46.601994631,0.000000000,0.231210125,0.080864461,1.814716090,0.165562098,43.797961762,0,19,19,0,0.017009848,6,0,0,0,0,1092,6,18394,79721,23830,27,1444548
1333,1706585380.882874727,1706585380.982703447,1,0,0,1,90.201420208,-25.073845241,-0.362430154,0.011910988,0.028571639,0.998008738,0.054957693,1109,347,0.312894500,0.044099295,0.032192986,0.022294090,0.224262188,49.662640294,0.000000000,0.229655225,0.078140964,1.940300462,0.162758804,44.024616035,0,22,20,2,0.019837692,10,0,0,0,0,1077,10,18402,79743,23840,27,1445625
1334,1706585380.982714176,1706585381.082547188,1,0,0,1,90.033396088,-25.040070374,-0.356053304,0.007367681,0.029696230,0.997372287,0.065668662,1217,351,0.288414133,0.044817459,0.033947185,0.022375592,0.277741325,41.386113348,0.000000000,0.232175595,0.071715660,2.079795268,0.171260520,43.845815916,0,22,21,1,0.018077239,5,0,0,0,0,1190,5,18405,79765,23845,27,1446815
1335,1706585381.082559586,1706585381.182392597,1,0,0,1,89.875957092,-25.010296501,-0.349531693,0.005603847,0.026696585,0.996684707,0.076651702,1253,376,0.300079808,0.049700379,0.034097229,0.022668525,0.253858746,49.564313586,0.000000000,0.231656613,0.071059608,2.212098096,0.182135755,44.177408653,0,32,26,6,0.025538707,9,0,0,0,0,1212,9,18411,79797,23854,27,1448027
1336,1706585381.182404280,1706585381.281506538,1,0,0,1,89.729867000,-24.971654222,-0.343188682,0.006795060,0.026204417,0.995906504,0.086240312,1275,419,0.328627451,0.046037261,0.030658295,0.019586999,0.276585787,44.018051299,0.000000000,0.234610143,0.067993532,2.327861117,0.188758507,43.804829519,0,37,35,2,0.029019608,10,0,0,0,0,1228,10,18415,79834,23864,27,1449255
1337,1706585381.283040762,1706585381.380147696,1,0,0,1,89.594585672,-24.936391858,-0.346741885,0.005251147,0.026951556,0.995081081,0.095182359,1312,421,0.320884146,0.049548102,0.036511434,0.023067561,0.271893513,57.586111503,0.000000000,0.237014412,0.066682410,2.423845097,0.194000272,44.839455480,0,36,31,5,0.027439024,6,0,0,0,0,1264,12,18423,79870,23870,27,1450519
1338,1706585381.382877827,1706585381.478818178,1,0,0,1,89.470115796,-24.900557760,-0.343437611,0.003425914,0.027008088,0.994185576,0.104181888,1347,416,0.308834447,0.047376229,0.033668071,0.022708546,0.282580878,52.982664543,0.000000000,0.240687312,0.064604679,2.500543486,0.208862975,45.357037258,0,31,26,5,0.023014105,8,0,0,0,0,1301,15,18428,79901,23878,27,1451820
1339,1706585381.482721090,1706585381.582549810,1,0,0,1,89.345812667,-24.858439839,-0.341658607,0.004131542,0.029318026,0.993133717,0.113175985,1353,422,0.311899483,0.046319915,0.031688670,0.021353703,0.294887020,60.373422452,0.000000000,0.243831468,0.062712843,2.571595156,0.217465289,46.343814444,0,30,27,3,0.022172949,11,0,0,0,0,1308,15,18433,79931,23889,27,1453128
1340,1706585381.582562208,1706585381.682388783,1,0,0,1,89.232580103,-24.819952405,-0.343367427,0.000340936,0.031858354,0.992303703,0.119659055,1385,423,0.305415162,0.050792996,0.036800958,0.023580022,0.310180989,58.572049900,0.000000000,0.248699302,0.063800082,2.618078370,0.228901067,47.210775922,0,39,38,1,0.028158845,9,0,0,0,0,1337,9,18436,79970,23898,27,1454465
1341,1706585381.682400227,1706585381.782210112,1,0,0,1,89.128338855,-24.787306309,-0.341365905,0.003076771,0.029414441,0.991236025,0.128749631,1318,447,0.339150228,0.051158082,0.035714821,0.022513288,0.416953022,58.451362856,0.000000000,0.258934491,0.065358129,2.638361518,0.242862951,47.777330444,0,40,39,1,0.030349014,17,0,0,0,0,1261,17,18445,80010,23915,27,1455726
1342,1706585381.783020020,1706585381.882852554,1,0,0,1,89.024053244,-24.756155078,-0.338294636,0.005250420,0.026773330,0.990269251,0.136464030,1373,472,0.343772760,0.050565116,0.035328195,0.023481088,0.316268169,64.061969329,0.000000000,0.264804752,0.064052477,2.665137824,0.245308322,48.742929704,0,48,43,5,0.034959942,7,0,0,0,0,1317,8,18454,80058,23922,27,1457043
1343,1706585381.882865429,1706585381.982684612,1,0,0,1,88.920818927,-24.717789466,-0.337878613,0.007019154,0.027154366,0.989322603,0.143018040,1380,478,0.346376812,0.053296077,0.034622736,0.023783685,0.366403003,69.203923181,0.000000000,0.271791948,0.061678092,2.677903409,0.241320432,50.184034301,0,41,40,1,0.029710145,12,0,0,0,0,1327,12,18459,80099,23934,27,1458370
1344,1706585381.982696772,1706585382.082531452,1,0,0,1,88.815001691,-24.676285186,-0.340287315,0.010029683,0.028384792,0.987934359,0.151919094,1411,495,0.350815025,0.047236203,0.032068770,0.021082102,0.342376237,60.935306095,0.000000000,0.276219405,0.061757033,2.666490062,0.259277148,51.251785660,0,43,42,1,0.030474841,12,0,0,0,0,1356,12,18466,80142,23946,27,1459726
1345,1706585382.082542658,1706585382.181783915,1,0,0,1,88.705332568,-24.633874264,-0.341478093,0.010640637,0.026996225,0.986591600,0.160608208,1322,451,0.341149773,0.052835051,0.037034536,0.022376067,0.318740907,64.200263156,0.000000000,0.280148838,0.063081326,2.652663941,0.264636958,52.394249395,0,25,24,1,0.018910741,12,0,0,0,0,1285,12,18468,80167,23958,27,1461011
1346,1706585382.182395458,1706585382.280035496,1,0,0,1,88.591626739,-24.588905887,-0.334725439,0.014764243,0.022951137,0.985113160,0.169727207,1242,379,0.305152979,0.044382700,0.031439498,0.018536196,0.302957538,53.788653136,0.000000000,0.282142534,0.062484223,2.637287959,0.278045675,52.945681704,0,39,35,4,0.031400966,7,0,0,0,0,1196,7,18474,80206,23965,27,1462207
1347,1706585382.283030272,1706585382.382851362,1,0,0,1,88.456151069,-24.536958321,-0.336007327,0.009596651,0.024750799,0.984587356,0.172867121,1233,388,0.314679643,0.045462083,0.030258803,0.020090840,0.286602994,51.057478985,0.000000000,0.285505846,0.062232389,2.639790455,0.282750830,52.985918252,0,25,24,1,0.020275750,10,0,0,0,0,1198,10,18479,80231,23975,27,1463405
1348,1706585382.382863283,1706585382.482498407,1,0,0,1,88.320367893,-24.489672077,-0.333658664,0.009716151,0.025768536,0.985223534,0.169044867,1208,404,0.334437086,0.044050394,0.029779753,0.019573641,0.282793446,55.495810835,0.000000000,0.288556491,0.061666396,2.638451686,0.289326136,53.556634002,0,20,17,3,0.016556291,9,0,0,0,0,1179,9,18483,80251,23984,27,1464584
1349,1706585382.482709408,1706585382.581178188,1,0,0,1,88.187632597,-24.436012659,-0.329091754,0.013282178,0.031937585,0.986265703,0.161503985,1251,375,0.299760192,0.046030024,0.032814724,0.021111817,0.279971458,52.055887362,0.000000000,0.289422663,0.061139905,2.624048527,0.284805205,53.871163293,0,19,18,1,0.015187850,8,0,0,0,0,1224,8,18484,80270,23992,27,1465808
1350,1706585382.582563639,1706585382.679829359,1,0,0,1,88.055360167,-24.388738399,-0.322101151,0.011529766,0.036822647,0.987410673,0.153399218,1352,452,0.334319527,0.047362291,0.032630212,0.019701356,0.323097972,54.994682747,0.000000000,0.294312053,0.058910708,2.601056704,0.297178737,54.577288748,0,37,34,3,0.027366864,9,0,0,0,0,1306,9,18487,80307,24001,27,1467114
1351,1706585382.682408810,1706585382.778539896,1,0,0,1,87.927742949,-24.350220589,-0.316300197,0.014626408,0.034273609,0.988402829,0.147211537,1400,464,0.331428571,0.052531565,0.038378561,0.022329591,0.353161927,57.335886188,0.000000000,0.299805531,0.061421769,2.564767721,0.303702785,55.116429271,0,34,29,5,0.024285714,11,0,0,0,0,1353,13,18495,80341,24012,27,1468467
1352,1706585382.783043146,1706585382.882860184,1,0,0,1,87.793545416,-24.317021430,-0.308774019,0.015807088,0.029019238,0.989665057,0.139538866,1473,491,0.333333333,0.059017479,0.041016151,0.024218285,0.363388908,67.856600234,0.000000000,0.307235301,0.077954120,2.530063373,0.304256003,56.179159551,0,49,45,4,0.033265445,19,0,0,0,0,1403,21,18505,80390,24031,27,1469870
1353,1706585382.882872581,1706585382.982703447,1,0,0,1,87.668374104,-24.281743814,-0.304078687,0.016238890,0.030723380,0.990496832,0.133072903,1454,483,0.332187070,0.058806166,0.042026269,0.022054492,0.412079063,62.548481476,0.000000000,0.316626145,0.085896210,2.488691990,0.296043743,56.823451611,0,53,51,2,0.036451169,22,0,0,0,0,1379,22,18518,80443,24053,27,1471249
1354,1706585382.982715845,1706585383.082550287,1,0,0,1,87.544575042,-24.249664030,-0.296473735,0.015251072,0.028732437,0.990767041,0.131615054,1447,485,0.335176227,0.057545012,0.039155647,0.024412875,0.464294950,70.279018041,0.000000000,0.325953826,0.089182279,2.456443574,0.277214960,58.268096845,0,63,62,1,0.043538355,14,0,0,0,0,1370,14,18523,80506,24067,27,1472619
1355,1706585383.082562685,1706585383.182368517,1,0,0,1,87.429550750,-24.216564000,-0.291354565,0.016710128,0.028328095,0.990260731,0.135284791,1444,502,0.347645429,0.064861994,0.042891500,0.024103770,0.441401087,62.693445176,0.000000000,0.335330943,0.108524241,2.424997705,0.265411794,58.924553425,0,53,53,0,0.036703601,26,0,0,0,0,1365,26,18532,80559,24093,27,1473984
1356,1706585383.182780266,1706585383.282610893,1,0,0,1,87.313980330,-24.171629925,-0.290511813,0.016924914,0.032049340,0.989112871,0.142625787,1520,506,0.332894737,0.057655788,0.040899569,0.024372663,0.348925916,65.810774194,0.000000000,0.338947950,0.108917630,2.409152237,0.262467450,60.014189569,0,51,49,2,0.033552632,17,0,0,0,0,1452,17,18536,80610,24110,27,1475436
1357,1706585383.282622576,1706585383.382451534,1,0,0,1,87.192815856,-24.128284463,-0.283973332,0.014085370,0.029838823,0.987984675,0.150988508,1399,426,0.304503217,0.051531597,0.036376869,0.022809418,0.351418145,62.860959608,0.000000000,0.342924181,0.108413711,2.408435025,0.261135528,60.277931975,0,44,41,3,0.031451036,14,0,0,0,0,1341,14,18549,80654,24124,27,1476777
1358,1706585383.382463932,1706585383.481163979,1,0,0,1,87.068688613,-24.082684507,-0.275086580,0.012124593,0.028059176,0.986893067,0.158454256,1328,406,0.305722892,0.045366023,0.034284471,0.021237514,0.307969263,59.694401866,0.000000000,0.344193601,0.110373934,2.409714628,0.257950922,60.613518841,0,34,33,1,0.025602410,11,0,0,0,0,1283,11,18551,80688,24135,27,1478060
1359,1706585383.483097315,1706585383.582920074,1,0,0,1,86.943748119,-24.027229760,-0.270815437,0.012951458,0.033018057,0.985515679,0.165833997,1294,432,0.333848532,0.049491630,0.037316214,0.021963526,0.319467162,48.131830248,0.000000000,0.345422608,0.108107668,2.426868806,0.260219762,60.001439231,0,35,33,2,0.027047913,11,0,0,0,0,1247,12,18559,80723,24146,27,1479307
1360,1706585383.582931995,1706585383.682763577,1,0,0,1,86.825423371,-23.970834576,-0.264621187,0.014802831,0.036152161,0.983912135,0.174329597,1183,366,0.309382925,0.051204339,0.038862905,0.022938557,0.268998547,51.223238596,0.000000000,0.343363486,0.108027896,2.448839963,0.259155327,59.633998665,0,25,24,1,0.021132713,8,0,0,0,0,1150,8,18559,80748,24154,27,1480457
1361,1706585383.682774782,1706585383.782202959,1,0,0,1,86.705215381,-23.920654932,-0.262523710,0.015394052,0.036445091,0.983171411,0.178350091,1178,382,0.324278438,0.053940534,0.037775659,0.021351243,0.299501349,53.463398295,0.000000000,0.337490902,0.108200631,2.470235822,0.251690644,59.384600437,0,34,32,2,0.028862479,14,0,0,0,0,1130,14,18561,80782,24168,27,1481587
1362,1706585383.782614231,1706585383.880906105,1,0,0,1,86.581835135,-23.874829426,-0.253332450,0.017579257,0.033334679,0.982989758,0.179752344,1131,349,0.308576481,0.049280881,0.038381990,0.023365843,0.259589606,52.303164477,0.000000000,0.334656974,0.108713928,2.492038312,0.241326514,58.796660195,0,26,26,0,0.022988506,9,0,0,0,0,1096,9,18565,80808,24177,27,1482683
1363,1706585383.882465839,1706585383.979597092,1,0,0,1,86.465188212,-23.829422411,-0.248218516,0.017471185,0.031890695,0.982648216,0.181879700,1172,362,0.308873720,0.050711353,0.038664825,0.020408732,0.240491557,51.801567176,0.000000000,0.328361402,0.108774536,2.503624597,0.227425891,57.926542395,0,29,27,2,0.024744027,7,0,0,0,0,1134,9,18572,80837,24184,27,1483817
1364,1706585383.982707024,1706585384.082538605,1,0,0,1,86.341579602,-23.778944211,-0.243364551,0.015998893,0.032254304,0.983040475,0.179819687,1175,331,0.281702128,0.051645009,0.039489127,0.019759391,0.285576566,52.312662941,0.000000000,0.325521418,0.106671795,2.519641046,0.214110356,57.495410237,0,33,30,3,0.028085106,8,0,0,0,0,1133,9,18576,80870,24192,27,1484950
1365,1706585384.082549810,1706585384.182379961,1,0,0,1,86.220011427,-23.723303790,-0.239640871,0.012378651,0.037285497,0.982875836,0.180032361,1182,348,0.294416244,0.048121614,0.039172983,0.022464210,0.297117328,46.563522928,0.000000000,0.324440239,0.108061737,2.530927812,0.195656339,56.613573225,0,32,28,4,0.027072758,6,0,0,0,0,1144,6,18581,80902,24198,27,1486094
1366,1706585384.182391405,1706585384.282217503,1,0,0,1,86.099771141,-23.676852884,-0.232329976,0.011732795,0.034201595,0.982782915,0.181191431,1158,336,0.290155440,0.048861833,0.037463812,0.023389271,0.280687503,48.042640441,0.000000000,0.323326737,0.103671283,2.514936311,0.191825194,56.326272591,0,28,27,1,0.024179620,6,0,0,0,0,1124,6,18583,80930,24204,27,1487218
1367,1706585384.283028603,1706585384.382866621,1,0,0,1,85.972270008,-23.633085704,-0.223824458,0.004444365,0.028217338,0.983620522,0.177973868,1139,351,0.308165057,0.057106491,0.045473312,0.024680162,0.311936511,54.961871319,0.000000000,0.324593413,0.101090573,2.506207851,0.191139612,56.521492207,0,21,20,1,0.018437226,8,0,0,0,0,1110,8,18586,80951,24212,27,1488328
1368,1706585384.382878065,1706585384.482700109,1,0,0,1,85.859973171,-23.588768394,-0.219053217,0.014982888,0.028206227,0.984881351,0.170260526,1173,354,0.301790281,0.055200492,0.044067083,0.021752043,0.282458387,50.606838474,0.000000000,0.324576660,0.094030092,2.483783402,0.191161765,56.277043589,0,44,43,1,0.037510656,5,0,0,0,0,1124,5,18588,80995,24217,27,1489452
1369,1706585384.482711315,1706585384.582534075,1,0,0,1,85.738486540,-23.544058566,-0.220629638,0.013425079,0.030885777,0.986436006,0.160654420,1293,367,0.283836040,0.050756639,0.037384151,0.024566179,0.298678500,54.998434802,0.000000000,0.325512012,0.089447331,2.472605187,0.194221825,56.424170961,0,30,29,1,0.023201856,8,0,0,0,0,1255,8,18591,81025,24225,27,1490707
1370,1706585384.582546234,1706585384.682142496,1,0,0,1,85.624954696,-23.504603977,-0.218273329,0.014257436,0.030912774,0.987515254,0.153801003,1308,402,0.307339450,0.047262969,0.035751596,0.022985464,0.321227742,55.225092417,0.000000000,0.325418501,0.089568780,2.459390913,0.195734566,56.435691445,0,45,42,3,0.034403670,10,0,0,0,0,1253,10,18598,81070,24235,27,1491960
1371,1706585384.682391405,1706585384.780740738,1,0,0,1,85.538621366,-23.473765608,-0.209395589,0.027657825,0.029268821,0.987319895,0.153550660,1348,428,0.317507418,0.055028447,0.041872903,0.022985490,0.402634708,60.069343232,0.000000000,0.327892140,0.089690259,2.413047700,0.180685265,56.572364297,0,40,37,3,0.029673591,9,0,0,0,0,1299,9,18608,81110,24244,27,1493259
1372,1706585384.783037901,1706585384.882867098,1,0,0,1,85.465711969,-23.453901180,-0.186221030,0.048569413,0.016449971,0.986534441,0.155306814,1449,420,0.289855072,0.050718809,0.043347539,0.024848760,0.363348552,52.921763391,0.000000000,0.327890122,0.087195793,2.361956131,0.172076649,55.825622455,0,41,38,3,0.028295376,7,0,0,0,0,1401,7,18612,81151,24251,27,1494660
1373,1706585384.882879257,1706585384.982702732,1,0,0,1,85.410930601,-23.434439097,-0.178436390,0.067096503,0.011039535,0.985157072,0.157612599,1398,393,0.281115880,0.051535438,0.042417478,0.026613775,0.268842717,55.999931043,0.000000000,0.320728305,0.083790781,2.292496973,0.174643115,55.498194933,0,41,39,2,0.029327611,5,0,0,0,0,1352,5,18614,81192,24256,27,1496012
1374,1706585384.982714891,1706585385.082300186,1,0,0,1,85.332725739,-23.408951715,-0.172305739,0.062193609,0.006892245,0.984447644,0.164156293,1399,416,0.297355254,0.043275407,0.033650043,0.021865089,0.252613091,56.224251636,0.000000000,0.310144212,0.089911334,2.255176912,0.179591003,54.795456613,0,41,39,2,0.029306648,10,0,0,0,0,1348,10,18620,81233,24266,27,1497360
1375,1706585385.082562447,1706585385.181062698,1,0,0,1,85.253918197,-23.379284906,-0.168215432,0.071134911,0.002016296,0.983287476,0.167575351,1327,382,0.287867370,0.049306786,0.042988533,0.022867965,0.249715795,49.771585882,0.000000000,0.300559947,0.069666648,2.215481553,0.171707474,54.149363648,0,35,31,4,0.026375283,4,0,0,0,0,1286,6,18626,81268,24270,27,1498646
1376,1706585385.182397127,1706585385.279807568,1,0,0,1,85.160078715,-23.333077559,-0.165912259,0.070192913,0.008675932,0.983009135,0.169383361,1283,389,0.303195635,0.047253069,0.037583657,0.022726193,0.245818208,50.669732337,0.000000000,0.295404562,0.064888644,2.191255644,0.159557829,53.392311555,0,41,37,4,0.031956352,4,0,0,0,0,1238,4,18631,81309,24274,27,1499884
1377,1706585385.283037901,1706585385.382861137,1,0,0,1,85.053179442,-23.281216841,-0.159575129,0.059386306,0.016411187,0.982883886,0.173617988,1289,356,0.276183088,0.044791365,0.031604880,0.019355846,0.275933729,48.657813576,0.000000000,0.291630341,0.069420341,2.177703037,0.153183667,52.682154254,0,30,29,1,0.023273856,8,0,0,0,0,1251,8,18631,81339,24282,27,1501135
1378,1706585385.382873058,1706585385.482695580,1,0,0,1,84.945948463,-23.226466019,-0.151259081,0.040671307,0.025392242,0.982711442,0.178827572,1258,375,0.298092210,0.047784212,0.036524631,0.021838009,0.273456778,52.196395233,0.000000000,0.289904717,0.066760192,2.161628688,0.147765137,52.307253922,0,28,28,0,0.022257552,8,0,0,0,0,1222,8,18638,81367,24290,27,1502357
1379,1706585385.482708216,1706585385.582528114,1,0,0,1,84.836524251,-23.172441862,-0.148281815,0.031929857,0.032120078,0.982775451,0.179168072,1204,373,0.309800664,0.047152876,0.038004277,0.024507965,0.311566309,49.897526427,0.000000000,0.289509674,0.068148926,2.152475668,0.130609501,52.395538731,0,36,36,0,0.029900332,5,0,0,0,0,1163,5,18640,81403,24295,27,1503520
1380,1706585385.582540274,1706585385.682365417,1,0,0,1,84.727035978,-23.126925656,-0.146067122,0.029565351,0.032234350,0.982632429,0.180333987,1193,332,0.278290025,0.043135745,0.034930693,0.020445226,0.279249389,45.437880143,0.000000000,0.290022216,0.074805791,2.140790719,0.124546310,52.106270809,0,19,17,2,0.015926236,1,0,0,0,0,1173,1,18643,81422,24296,27,1504693
1381,1706585385.682775736,1706585385.782598972,1,0,0,1,84.605536669,-23.085025338,-0.145405043,0.025475621,0.032081882,0.983485855,0.176287603,1226,362,0.295269168,0.045218853,0.034442463,0.020852321,0.288050407,49.909390965,0.000000000,0.289449669,0.075099760,2.137377577,0.130173085,51.928570442,0,21,21,0,0.017128874,5,0,0,0,0,1200,5,18642,81443,24301,27,1505893
1382,1706585385.782610416,1706585385.882431030,1,0,0,1,84.480701823,-23.040283450,-0.141236132,0.026954202,0.032737702,0.984548948,0.169897269,1254,353,0.281499203,0.043079076,0.033930981,0.020702228,0.277122479,49.986853224,0.000000000,0.290326313,0.080354183,2.144776197,0.138709019,51.812754879,0,28,26,2,0.022328549,2,0,0,0,0,1224,2,18642,81471,24303,27,1507117
1383,1706585385.882442951,1706585385.981613636,1,0,0,1,84.356203663,-22.993823361,-0.137716398,0.025460109,0.034883685,0.985221662,0.165750379,1285,382,0.297276265,0.039917650,0.026500211,0.016736454,0.295088035,50.799492816,0.000000000,0.293056137,0.090171504,2.144100955,0.142878571,51.762651161,0,28,26,2,0.021789883,8,0,0,0,0,1249,8,18647,81499,24311,27,1508366
1384,1706585385.983084440,1706585386.080271482,1,0,0,1,84.229232009,-22.953263534,-0.133611995,0.027642569,0.030617771,0.985114922,0.166874294,1334,410,0.307346327,0.040881144,0.034432338,0.019806461,0.339070535,50.240626864,0.000000000,0.295730835,0.095782190,2.143708609,0.144966677,51.659049358,0,25,21,4,0.018740630,6,0,0,0,0,1303,6,18652,81524,24317,27,1509669
1385,1706585386.082916737,1706585386.182734966,1,0,0,1,84.093852292,-22.909240776,-0.125666716,0.026054140,0.027562869,0.985591313,0.164836993,1340,400,0.298507463,0.045099668,0.033611510,0.021404447,0.281763970,52.616717003,0.000000000,0.294963167,0.096866891,2.157179756,0.147083699,51.961709061,0,21,20,1,0.015671642,6,0,0,0,0,1313,6,18655,81545,24323,27,1510982
1386,1706585386.182747126,1706585386.282585382,1,0,0,1,83.968698286,-22.862341237,-0.123055704,0.028058471,0.028478379,0.985860097,0.162731599,1348,364,0.270029674,0.044763923,0.033053405,0.019327404,0.283319960,52.629234415,0.000000000,0.295094790,0.097986533,2.155786124,0.144100677,52.191038760,0,29,26,3,0.021513353,7,0,0,0,0,1312,7,18661,81574,24330,27,1512294
1387,1706585386.282597303,1706585386.381846905,1,0,0,1,83.851353558,-22.814015816,-0.123878794,0.029753048,0.031993245,0.986207028,0.159646126,1368,398,0.290935673,0.046620404,0.031483644,0.022036162,0.300725480,56.352869769,0.000000000,0.294534239,0.087167628,2.161875218,0.135054902,52.260588683,0,29,27,2,0.021198830,8,0,0,0,0,1331,8,18662,81603,24338,27,1513625
1388,1706585386.382432938,1706585386.480536461,1,0,0,1,83.731428781,-22.771061688,-0.127475677,0.023158290,0.035945460,0.986841535,0.155933968,1309,410,0.313216196,0.046650407,0.033216874,0.020082787,0.279729777,56.997297968,0.000000000,0.294397808,0.077964969,2.159849091,0.123470993,52.580111657,0,23,22,1,0.017570665,8,0,0,0,0,1277,9,18668,81626,24346,27,1514902
1389,1706585386.483067751,1706585386.579362869,1,0,0,1,83.628905701,-22.728230010,-0.131559210,0.029597107,0.040491266,0.987183707,0.151501806,1395,399,0.286021505,0.042365635,0.032549155,0.022088660,0.339664441,58.085922371,0.000000000,0.296447105,0.078021129,2.150819357,0.117822778,52.734486036,0,29,25,4,0.020788530,9,0,0,0,0,1356,10,18675,81655,24355,27,1516258
1390,1706585386.582894325,1706585386.682720661,1,0,0,1,83.509553606,-22.691080270,-0.133130176,0.024794280,0.042254051,0.988103369,0.145779189,1480,436,0.294594595,0.040887305,0.030014936,0.020239707,0.302167333,63.316494033,0.000000000,0.295494085,0.082083105,2.183724701,0.129348945,53.139056116,0,28,26,2,0.018918919,6,0,0,0,0,1444,8,18677,81683,24361,27,1517702
1391,1706585386.682732344,1706585386.782548904,1,0,0,1,83.403080022,-22.662309756,-0.128942262,0.022393281,0.038670114,0.988937030,0.141445091,1503,444,0.295409182,0.042766916,0.030907776,0.018983331,0.367843034,67.555310213,0.000000000,0.293754501,0.069707150,2.215055646,0.134089165,53.513354465,0,27,26,1,0.017964072,6,0,0,0,0,1469,7,18682,81710,24367,27,1519171
1392,1706585386.782561779,1706585386.882390261,1,0,0,1,83.293025063,-22.638862033,-0.125282105,0.019372807,0.034486688,0.989918405,0.136003358,1509,504,0.333996024,0.046196268,0.033710250,0.020785618,0.415705252,65.466905975,0.000000000,0.296372336,0.064375651,2.268985539,0.139845117,54.140611595,0,42,39,3,0.027833002,12,0,0,0,0,1455,12,18690,81752,24379,27,1520626
1393,1706585386.882402897,1706585386.982227564,1,0,0,1,83.190852789,-22.609737216,-0.129781872,0.025267547,0.037574814,0.990794204,0.127579503,1563,440,0.281509917,0.045619727,0.032896975,0.020953985,0.401923125,67.129605029,0.000000000,0.303026356,0.055441141,2.292841634,0.143775936,54.697095294,0,34,28,6,0.021753039,15,0,0,0,0,1514,15,18701,81786,24394,27,1522140
1394,1706585386.983036518,1706585387.082874775,1,0,0,1,83.080875884,-22.572645123,-0.135194287,0.017709694,0.044133192,0.991346486,0.122355111,1526,462,0.302752294,0.042912176,0.031677473,0.018382030,0.400917652,61.878017576,0.000000000,0.310441584,0.055715667,2.324725430,0.147771521,54.979783591,0,27,27,0,0.017693316,11,0,0,0,0,1488,11,18705,81813,24405,27,1523628
1395,1706585387.082886219,1706585387.182712793,1,0,0,1,82.970668928,-22.543278156,-0.131466790,0.021105444,0.042932882,0.991946963,0.117271270,1545,483,0.312621359,0.045371801,0.031550591,0.019414766,0.347501424,68.012266557,0.000000000,0.315330866,0.050695068,2.334214477,0.153203737,55.891817625,0,40,37,3,0.025889968,11,0,0,0,0,1494,11,18713,81853,24416,27,1525122
1396,1706585387.182724714,1706585387.281641006,1,0,0,1,82.861775623,-22.525690795,-0.124611139,0.018991228,0.035109432,0.992095672,0.118965700,1543,466,0.302009073,0.044602731,0.031025847,0.019758159,0.333383969,66.320415849,0.000000000,0.319709154,0.048715247,2.325747934,0.147616736,56.674351800,0,42,40,2,0.027219702,10,0,0,0,0,1491,10,18717,81895,24426,27,1526613
1397,1706585387.282562017,1706585387.380335569,1,0,0,1,82.747729697,-22.502980706,-0.119959994,0.020576150,0.030737013,0.992355174,0.117741522,1554,460,0.296010296,0.049559210,0.033147393,0.021766638,0.337354184,69.523856205,0.000000000,0.322780177,0.054888378,2.321439249,0.140431697,57.717653932,0,34,31,3,0.021879022,14,0,0,0,0,1506,14,18722,81929,24440,27,1528119
1398,1706585387.382779598,1706585387.482607603,1,0,0,1,82.618069207,-22.471385263,-0.117567755,0.016033757,0.028973728,0.992617832,0.116675964,1552,448,0.288659794,0.043450111,0.030711225,0.019436266,0.349286343,63.220385896,0.000000000,0.326571655,0.052709008,2.332845037,0.142679713,58.268853465,0,29,26,3,0.018685567,6,0,0,0,0,1517,6,18727,81958,24446,27,1529636
1399,1706585387.482619286,1706585387.582438707,1,0,0,1,82.493596778,-22.430553960,-0.120692584,0.019259834,0.032467485,0.992483740,0.116408539,1618,486,0.300370828,0.045192356,0.032797620,0.020940019,0.337227089,64.500307239,0.000000000,0.327854694,0.050981578,2.345287652,0.140734579,58.998992505,0,28,27,1,0.017305315,9,0,0,0,0,1581,9,18732,81986,24455,27,1531217
1400,1706585387.582450390,1706585387.681502581,1,0,0,1,82.363877524,-22.387064900,-0.120121020,0.013293602,0.035320081,0.991874757,0.121491718,1579,471,0.298290057,0.042721741,0.033298692,0.021259239,0.388319970,60.284052886,0.000000000,0.333308223,0.051269807,2.353581005,0.141976608,59.741301143,0,24,21,3,0.015199493,10,0,0,0,0,1545,10,18736,82010,24465,27,1532762
1401,1706585387.683087826,1706585387.780275822,1,0,0,1,82.231502926,-22.339383626,-0.124491792,0.015254780,0.040984133,0.991229271,0.124708158,1489,413,0.277367361,0.044866145,0.032518576,0.020916246,0.385960563,62.729663694,0.000000000,0.338203731,0.051138977,2.361672919,0.135904766,60.382314779,0,27,25,2,0.018132975,8,0,0,0,0,1454,8,18739,82037,24473,27,1534216
1402,1706585387.782933235,1706585387.882756472,1,0,0,1,82.096826754,-22.288920007,-0.128020376,0.017903448,0.042978762,0.989915241,0.133791288,1512,465,0.307539683,0.042685961,0.032749388,0.020515666,0.398866312,63.055618248,0.000000000,0.344290922,0.051414093,2.372605131,0.146038226,61.035753030,0,21,20,1,0.013888889,7,0,0,0,0,1481,10,18744,82058,24480,27,1535697
1403,1706585387.882768631,1706585387.982599974,1,0,0,1,81.962430676,-22.245585039,-0.127885121,0.017836709,0.040109286,0.988791189,0.142706277,1515,469,0.309570957,0.045839708,0.034141247,0.021483778,0.389045561,69.035291373,0.000000000,0.348988799,0.046700822,2.380459344,0.161652102,61.947542958,0,30,27,3,0.019801980,7,0,0,0,0,1478,7,18748,82088,24487,27,1537175
1404,1706585387.982612371,1706585388.082440615,1,0,0,1,81.828767610,-22.194703352,-0.129512390,0.017614828,0.040923930,0.988101355,0.147209584,1475,443,0.300338983,0.043630453,0.033947720,0.020732730,0.408188647,59.701722580,0.000000000,0.352444704,0.043061149,2.380909649,0.166357112,62.420597744,0,23,23,0,0.015593220,4,0,0,0,0,1448,4,18747,82111,24491,27,1538623
1405,1706585388.082452059,1706585388.182278156,1,0,0,1,81.695663763,-22.141459698,-0.132890592,0.016986169,0.045832294,0.987403483,0.150483333,1400,405,0.289285714,0.042466069,0.034644390,0.020453557,0.371105954,55.713425898,0.000000000,0.356911804,0.044317623,2.390629082,0.168941084,62.575433189,0,22,17,5,0.015714286,6,0,0,0,0,1372,6,18755,82133,24497,27,1539995
1406,1706585388.183089018,1706585388.282923937,1,0,0,1,81.563021385,-22.091516957,-0.133513944,0.016799252,0.047033518,0.987444318,0.149864448,1388,396,0.285302594,0.041080962,0.030815263,0.019090450,0.345170245,52.290438440,0.000000000,0.360004318,0.047452276,2.405454910,0.164238857,62.558493390,0,20,18,2,0.014409222,4,0,0,0,0,1364,4,18758,82153,24501,27,1541359
1407,1706585388.282935381,1706585388.382764339,1,0,0,1,81.434920448,-22.043546333,-0.135878145,0.014753146,0.052309248,0.987219884,0.149809841,1452,415,0.285812672,0.046348094,0.033825404,0.020968654,0.326992652,58.830161110,0.000000000,0.361317676,0.047141174,2.414827560,0.156537265,62.682357957,0,37,36,1,0.025482094,5,0,0,0,0,1410,5,18761,82190,24506,27,1542769
1408,1706585388.382776499,1706585388.482414007,1,0,0,1,81.307520382,-21.998079642,-0.137426282,0.012415678,0.056073504,0.987854669,0.144377164,1352,415,0.306952663,0.042698958,0.033636314,0.020684707,0.319354974,53.655985521,0.000000000,0.363298936,0.046237465,2.438921032,0.159571202,62.515292335,0,24,23,1,0.017751479,7,0,0,0,0,1321,7,18763,82214,24513,27,1544090
1409,1706585388.482612610,1706585388.581149340,1,0,0,1,81.184848169,-21.965926116,-0.131952624,0.012211113,0.051627527,0.988821011,0.139350262,1417,427,0.301340861,0.044328669,0.032177057,0.020203788,0.394539824,57.752815150,0.000000000,0.366042705,0.045292425,2.440845222,0.157778871,62.498636974,0,22,21,1,0.015525759,14,0,0,0,0,1381,14,18765,82236,24527,27,1545471
1410,1706585388.582459688,1706585388.679962397,1,0,0,1,81.068836438,-21.939463066,-0.124419442,0.018933679,0.045872676,0.990183140,0.130669667,1523,487,0.319763624,0.044784660,0.033267163,0.020548714,0.407641623,61.680346010,0.000000000,0.371316420,0.041852027,2.449703430,0.165551445,62.416829572,0,29,27,2,0.019041366,12,0,0,0,0,1482,12,18767,82265,24539,27,1546953
1411,1706585388.683093786,1706585388.782928944,1,0,0,1,80.942220526,-21.912735457,-0.122532935,0.018372358,0.042727219,0.991301141,0.123121437,1566,462,0.295019157,0.050691909,0.038198826,0.022110545,0.413784615,65.301401375,0.000000000,0.373613499,0.050807675,2.466538767,0.169516387,62.304134131,0,36,34,2,0.022988506,8,0,0,0,0,1522,8,18773,82301,24547,27,1548475
1412,1706585388.782940865,1706585388.882533073,1,0,0,1,80.819030035,-21.878800077,-0.123437271,0.019533219,0.046208965,0.991966671,0.116126258,1565,475,0.303514377,0.046310271,0.033050753,0.020101253,0.377347634,70.170048019,0.000000000,0.371695618,0.050885041,2.487983542,0.167016523,62.539291233,0,34,33,1,0.021725240,9,0,0,0,0,1522,9,18778,82335,24556,27,1549997
1413,1706585388.882795095,1706585388.981325626,1,0,0,1,80.697964447,-21.849011195,-0.117767957,0.021669486,0.042195125,0.992362846,0.113868285,1599,474,0.296435272,0.042074524,0.030468923,0.021018615,0.328037617,63.809514530,0.000000000,0.368001343,0.052503389,2.496599310,0.160426655,62.373286708,0,32,31,1,0.020012508,7,0,0,0,0,1560,7,18780,82367,24563,27,1551557
1414,1706585388.982635498,1706585389.080075264,1,0,0,1,80.571068041,-21.818691094,-0.109865965,0.014747961,0.037931265,0.992676718,0.113739400,1559,453,0.290570879,0.045675296,0.035987645,0.020343830,0.363784946,61.658429068,0.000000000,0.366144707,0.051868946,2.513193321,0.151493673,62.362307282,0,26,24,2,0.016677357,5,0,0,0,0,1528,5,18780,82393,24568,27,1553085
1415,1706585389.082458258,1706585389.178944588,1,0,0,1,80.444975472,-21.792504990,-0.100183964,0.019309562,0.031268567,0.993145092,0.110960553,1539,447,0.290448343,0.046056153,0.033519087,0.023683640,0.329898430,57.509835052,0.000000000,0.365264558,0.052150632,2.531822437,0.153908486,61.837185707,0,39,34,5,0.025341131,11,0,0,0,0,1489,11,18789,82432,24579,27,1554574
1416,1706585389.183099747,1706585389.282911539,1,0,0,1,80.306870762,-21.758359861,-0.099944764,0.016806586,0.032293063,0.993383644,0.108920301,1514,431,0.284676354,0.045285795,0.034832425,0.020812545,0.357486855,60.809439981,0.000000000,0.366469702,0.052167680,2.557707709,0.155692965,61.561636914,0,31,28,3,0.020475561,9,0,0,0,0,1474,9,18793,82463,24588,27,1556048
1417,1706585389.282922268,1706585389.382745504,1,0,0,1,80.174694526,-21.722861360,-0.092408357,0.019608621,0.030910811,0.993490063,0.107877333,1533,455,0.296803653,0.040921930,0.031830946,0.021097748,0.314569291,57.211262284,0.000000000,0.365330457,0.049809143,2.561299225,0.155105546,60.946007218,0,29,24,5,0.018917156,6,0,0,0,0,1492,12,18800,82492,24594,27,1557540
1418,1706585389.382757187,1706585389.482569218,1,0,0,1,80.039823651,-21.687256344,-0.093513468,0.018217949,0.031244588,0.993379791,0.109034276,1541,450,0.292018170,0.041374122,0.032931387,0.019543043,0.372671469,55.113221233,0.000000000,0.366499714,0.051895345,2.569759406,0.157131111,60.540648985,0,26,24,2,0.016872161,3,0,0,0,0,1511,4,18803,82518,24597,27,1559051
1419,1706585389.482581377,1706585389.582417488,1,0,0,1,79.909877979,-21.655368314,-0.089665132,0.019667505,0.028686387,0.993159623,0.111464092,1591,463,0.291011942,0.044200543,0.033547336,0.021212661,0.345504703,58.991091941,0.000000000,0.366913594,0.051723661,2.566799463,0.152204693,60.265188220,0,37,34,3,0.023255814,7,0,0,0,0,1547,7,18806,82555,24604,27,1560598
1420,1706585389.582429647,1706585389.682263613,1,0,0,1,79.782356802,-21.625982234,-0.090160688,0.023097667,0.025089369,0.992966782,0.113375440,1642,479,0.291717418,0.044282027,0.035308656,0.020747630,0.339165006,58.503069971,0.000000000,0.364455846,0.051059705,2.556895617,0.149404451,60.176139074,0,41,40,1,0.024969549,7,0,0,0,0,1594,7,18807,82596,24611,27,1562192
1421,1706585389.683073759,1706585389.782469988,1,0,0,1,79.653327080,-21.583148466,-0.087174830,0.018224445,0.029017007,0.992436543,0.117879563,1557,440,0.282594733,0.043055698,0.035338836,0.019089874,0.316192506,61.065243946,0.000000000,0.360967443,0.051411894,2.549018600,0.139682943,60.092918087,0,28,27,1,0.017983301,3,0,0,0,0,1525,4,18812,82624,24614,27,1563717
1422,1706585389.782907248,1706585389.881183863,1,0,0,1,79.533121773,-21.546901369,-0.087216081,0.023313273,0.028410235,0.991920099,0.121424330,1650,487,0.295151515,0.048453357,0.037594943,0.021781820,0.390064792,65.103829898,0.000000000,0.360527367,0.054491497,2.533360134,0.129246377,60.195328669,0,45,44,1,0.027272727,12,0,0,0,0,1593,12,18820,82669,24626,27,1565310
1423,1706585389.882745504,1706585389.982568979,1,0,0,1,79.394027826,-21.505769475,-0.087903335,0.016254285,0.028902372,0.991165916,0.128415647,1644,470,0.285888078,0.049022357,0.038520786,0.022283007,0.366940848,58.376033510,0.000000000,0.359422132,0.058371104,2.535380488,0.133762604,59.662365776,0,31,30,1,0.018856448,6,0,0,0,0,1607,6,18825,82700,24632,27,1566917
1424,1706585389.982579708,1706585390.082408667,1,0,0,1,79.258231795,-21.465647862,-0.081245526,0.017471016,0.025667676,0.990278366,0.135590160,1572,476,0.302798982,0.053243578,0.041636779,0.026762687,0.390149211,56.518877668,0.000000000,0.358520160,0.070823629,2.533738211,0.141578955,59.503223530,0,44,42,2,0.027989822,9,0,0,0,0,1519,9,18830,82744,24641,27,1568436
1425,1706585390.082420349,1706585390.182252169,1,0,0,1,79.125161806,-21.414840724,-0.082862398,0.021559049,0.031930659,0.988920486,0.143359383,1597,500,0.313087038,0.054866307,0.040702313,0.023775567,0.333891537,64.597541821,0.000000000,0.356659439,0.082465366,2.534452311,0.156500578,59.947429326,0,75,74,1,0.046963056,17,0,0,0,0,1505,17,18842,82819,24658,27,1569941
1426,1706585390.183062553,1706585390.281159878,1,0,0,1,78.976812309,-21.363205149,-0.084993963,0.013517572,0.031955932,0.987769990,0.152008355,1463,427,0.291866029,0.050155769,0.042461230,0.023792778,0.352292890,60.240218749,0.000000000,0.357015571,0.080748475,2.554737053,0.173118670,60.344918342,0,39,37,2,0.026657553,7,0,0,0,0,1417,7,18848,82858,24665,27,1571358
1427,1706585390.282892227,1706585390.380073309,1,0,0,1,78.831846138,-21.308410652,-0.086995163,0.016170450,0.033449566,0.986598527,0.158880428,1347,371,0.275426875,0.043722066,0.035617743,0.019590335,0.272553433,59.134216425,0.000000000,0.354293610,0.081808057,2.574447243,0.176055757,60.360121108,0,26,24,2,0.019302153,2,0,0,0,0,1318,3,18850,82884,24667,27,1572676
1428,1706585390.382732391,1706585390.482558966,1,0,0,1,78.684615475,-21.241980498,-0.087053688,0.014620858,0.038638736,0.984723814,0.169151674,1262,360,0.285261490,0.048170302,0.038668902,0.020259734,0.333142413,46.580998106,0.000000000,0.354982982,0.080121595,2.609036565,0.186627362,60.006371737,0,20,18,2,0.015847861,5,0,0,0,0,1235,7,18853,82904,24672,27,1573911
1429,1706585390.482582808,1706585390.582422733,1,0,0,1,78.541670885,-21.183842179,-0.086593028,0.014434896,0.037872364,0.983445971,0.176610703,1218,319,0.261904762,0.043941837,0.033994273,0.020040035,0.226592241,58.731239876,0.000000000,0.346585603,0.080400909,2.644122703,0.184850952,60.055292973,0,50,23,27,0.041050903,5,0,0,0,0,1154,14,18882,82954,24677,27,1575065
1430,1706585390.582434893,1706585390.682260513,1,0,0,1,78.407894303,-21.134436465,-0.085436795,0.015898046,0.032275109,0.982648228,0.181956121,1165,326,0.279828326,0.047560660,0.036723243,0.021645721,0.324619425,41.385234116,0.000000000,0.342434493,0.079991055,2.657315678,0.180397412,59.040537378,0,44,27,17,0.037768240,5,0,0,0,0,1106,15,18901,82998,24682,27,1576171
1431,1706585390.683071613,1706585390.782892942,1,0,0,1,78.275968254,-21.078257512,-0.077444731,0.016472582,0.032890415,0.982179504,0.184310327,1141,279,0.244522349,0.045265797,0.035047304,0.022698422,0.219265681,46.015427363,0.000000000,0.332708546,0.077790182,2.673145427,0.171369090,58.076238678,0,31,18,13,0.027169150,2,0,0,0,0,1103,7,18919,83029,24684,27,1577274
1432,1706585390.782905340,1706585390.882713795,1,0,0,1,78.156290094,-21.027764176,-0.067766664,0.021260992,0.032672989,0.982268010,0.183384851,1197,345,0.288220551,0.041109322,0.028820817,0.021663533,0.251506873,48.924407196,0.000000000,0.326416508,0.081839295,2.678593996,0.168414989,57.013956637,0,22,17,5,0.018379282,5,0,0,0,0,1165,10,18924,83051,24689,27,1578439
1433,1706585390.882725239,1706585390.982554436,1,0,0,1,78.047260832,-20.979552648,-0.060589111,0.028673105,0.034922272,0.982620021,0.180044943,1202,310,0.257903494,0.044961885,0.034551964,0.023279878,0.286644001,47.567285813,0.000000000,0.324346828,0.079491432,2.667315349,0.173458992,56.201845201,0,22,19,3,0.018302829,9,0,0,0,0,1170,10,18930,83073,24698,27,1579609
1434,1706585390.982565641,1706585391.081622124,1,0,0,1,77.946072057,-20.940953778,-0.051853807,0.036013995,0.034061215,0.982850393,0.177617375,1188,325,0.273569024,0.043995243,0.031497213,0.020748265,0.290371336,48.141294937,0.000000000,0.320676147,0.080227617,2.646821374,0.172305871,55.525988494,0,24,23,1,0.020202020,7,0,0,0,0,1157,7,18930,83097,24705,27,1580766
1435,1706585391.082408905,1706585391.180396557,1,0,0,1,77.842162820,-20.910679775,-0.046706695,0.037959550,0.030483294,0.983860799,0.172185279,1203,336,0.279301746,0.039745266,0.029600357,0.018661111,0.250709771,45.824126794,0.000000000,0.316716714,0.086084263,2.612909949,0.179103655,54.941703081,0,13,10,3,0.010806318,6,0,0,0,0,1184,6,18934,83110,24711,27,1581950
1436,1706585391.183043480,1706585391.282868385,1,0,0,1,77.737384637,-20.881770747,-0.037879254,0.038457636,0.025945474,0.985315203,0.164322225,1257,326,0.259347653,0.041492327,0.032802360,0.018622942,0.273959272,48.566583437,0.000000000,0.312540335,0.088728899,2.584893465,0.193383194,54.329560254,0,18,15,3,0.014319809,5,0,0,0,0,1233,6,18939,83128,24716,27,1583183
1437,1706585391.282879829,1706585391.382698059,1,0,0,1,77.633144015,-20.851025403,-0.025968083,0.036923949,0.025581712,0.987014452,0.154222793,1398,383,0.273962804,0.041504719,0.029383879,0.019474752,0.257667711,48.151146360,0.000000000,0.309695256,0.087990538,2.554728582,0.211785642,53.876554458,0,19,17,2,0.013590844,6,0,0,0,0,1373,6,18940,83147,24722,27,1584556
1438,1706585391.382709742,1706585391.482453346,1,0,0,1,77.526334322,-20.819065048,-0.018478599,0.034642924,0.027493638,0.988569487,0.144133053,1496,406,0.271390374,0.044216634,0.035776447,0.021718662,0.297166714,57.757528087,0.000000000,0.305920018,0.085526141,2.532612366,0.227373472,54.008769801,0,35,32,3,0.023395722,9,0,0,0,0,1452,9,18943,83182,24731,27,1586008
1439,1706585391.482540607,1706585391.581317425,1,0,0,1,77.418302320,-20.785003702,-0.013130618,0.027223617,0.029200293,0.989614519,0.138091712,1567,443,0.282705807,0.047150191,0.035223234,0.020962403,0.346978781,53.856343444,0.000000000,0.305993722,0.085212213,2.515148741,0.236148637,53.752032376,0,46,41,5,0.029355456,10,0,0,0,0,1511,10,18948,83228,24741,27,1587519
1440,1706585391.582778931,1706585391.680276632,1,0,0,1,77.312206692,-20.747377263,-0.005785459,0.028962787,0.034893282,0.989719924,0.135639548,1559,464,0.297626684,0.050946085,0.038460250,0.026181207,0.367892333,63.723617762,0.000000000,0.307430089,0.087600651,2.491971781,0.231816860,54.013059765,0,56,52,4,0.035920462,14,0,0,0,0,1486,17,18961,83284,24755,27,1589005
1441,1706585391.682609081,1706585391.782436609,1,0,0,1,77.202495809,-20.712167627,-0.001002217,0.033833571,0.033875121,0.989327456,0.137618860,1597,420,0.262993112,0.049398091,0.033024416,0.024078918,0.322535925,62.741082551,0.000000000,0.307747259,0.086900028,2.481741939,0.228730744,54.096851696,0,45,42,3,0.028177833,11,0,0,0,0,1541,11,18967,83329,24766,27,1590546
1442,1706585391.782448053,1706585391.882273674,1,0,0,1,77.077471009,-20.681511674,0.006745800,0.028977405,0.027613907,0.989671012,0.137655622,1591,442,0.277812696,0.045322522,0.034497992,0.024201835,0.381943789,63.789138526,0.000000000,0.307341209,0.086757016,2.465653496,0.215787630,54.031117127,0,40,37,3,0.025141420,4,0,0,0,0,1547,4,18974,83369,24770,27,1592093
1443,1706585391.883083582,1706585391.982908010,1,0,0,1,76.948604311,-20.640815981,0.011681748,0.024679761,0.027793518,0.989650987,0.138597811,1591,456,0.286612194,0.048026152,0.035699064,0.023153569,0.386166330,65.023982645,0.000000000,0.308302483,0.086242235,2.459127871,0.202902392,54.363514584,0,20,17,3,0.012570710,8,0,0,0,0,1563,8,18980,83389,24778,27,1593656
1444,1706585391.982920408,1706585392.082750320,1,0,0,1,76.817929777,-20.591339113,0.009949317,0.021810814,0.034463984,0.989646449,0.137609695,1604,462,0.288029925,0.051519830,0.038631721,0.021922571,0.308068507,60.454422557,0.000000000,0.304198448,0.083456717,2.456417589,0.188713191,54.560291828,0,28,26,2,0.017456359,13,0,0,0,0,1563,13,18986,83417,24791,27,1595219
1445,1706585392.082762003,1706585392.182599068,1,0,0,1,76.676693687,-20.533494339,0.008892235,0.007512967,0.042835302,0.989035196,0.141131406,1504,431,0.286569149,0.047060530,0.039098758,0.023167124,0.339731210,62.659132144,0.000000000,0.304490432,0.072241716,2.451950385,0.177863817,54.463371344,0,35,34,1,0.023271277,7,0,0,0,0,1462,7,18994,83452,24798,27,1596681
1446,1706585392.182610989,1706585392.282426357,1,0,0,1,76.537644968,-20.482624248,0.005647414,0.004947039,0.045179178,0.988384230,0.145020625,1455,385,0.264604811,0.040980782,0.032126043,0.020452472,0.314062572,61.525854691,0.000000000,0.302578916,0.072867825,2.445058653,0.171348161,54.527653142,0,28,28,0,0.019243986,8,0,0,0,0,1419,8,18997,83480,24806,27,1598100
1447,1706585392.282437801,1706585392.381438732,1,0,0,1,76.399284959,-20.439119754,0.008939052,0.003485223,0.041010334,0.988529620,0.145310690,1359,377,0.277409860,0.040403248,0.032810364,0.020097841,0.343204064,49.521603515,0.000000000,0.306111447,0.076572673,2.428610898,0.151049071,54.047022496,0,23,18,5,0.016924209,6,0,0,0,0,1329,7,19002,83503,24812,27,1599429
1448,1706585392.383074760,1706585392.479719877,1,0,0,1,76.265930907,-20.393101107,0.005646214,0.005826518,0.043567035,0.988800436,0.142624203,1346,379,0.281575037,0.042469531,0.028843461,0.020113681,0.315871430,50.551812471,0.000000000,0.305247898,0.076461510,2.415404281,0.141173772,54.245563214,0,25,23,2,0.018573551,6,0,0,0,0,1315,6,19009,83528,24818,27,1600744
1449,1706585392.482927561,1706585392.582748175,1,0,0,1,76.126809803,-20.349520613,0.005952635,0.006549095,0.046764236,0.989984570,0.133044230,1383,401,0.289949385,0.044843425,0.033757306,0.020178981,0.362823869,57.243067300,0.000000000,0.312059480,0.076243079,2.418579031,0.149544013,54.171154586,0,25,22,3,0.018076645,9,0,0,0,0,1349,9,19016,83553,24827,27,1602093
1450,1706585392.582760096,1706585392.682594299,1,0,0,1,75.995886063,-20.315430620,0.005534772,0.004941539,0.046622138,0.991057780,0.124925713,1470,408,0.277551020,0.043162468,0.034745317,0.019873258,0.375464776,57.406888339,0.000000000,0.314601747,0.075790125,2.410256741,0.161208206,54.972237297,0,22,19,3,0.014965986,4,0,0,0,0,1444,4,19019,83575,24831,27,1603537
1451,1706585392.682605267,1706585392.782260180,1,0,0,1,75.865097919,-20.290862375,0.011024308,0.006997960,0.043824934,0.992869223,0.110639550,1464,431,0.294398907,0.047029501,0.034410524,0.021213780,0.349120159,49.536366878,0.000000000,0.321094471,0.076465224,2.413191603,0.188270075,55.148284272,0,27,23,4,0.018442623,7,0,0,0,0,1430,7,19028,83602,24838,27,1604967
1452,1706585392.782448053,1706585392.881123781,1,0,0,1,75.745025940,-20.267153693,0.008497366,0.001850001,0.044592837,0.993676940,0.103025222,1415,375,0.265017668,0.044665078,0.036385988,0.020850954,0.298542679,50.806852752,0.000000000,0.323446261,0.073852854,2.416179127,0.197988227,55.242406550,0,26,24,2,0.018374558,6,0,0,0,0,1383,6,19029,83628,24844,27,1606350
1453,1706585392.883081198,1706585392.982897997,1,0,0,1,75.629509415,-20.248328355,0.010567537,0.006509386,0.043372849,0.994955695,0.090219667,1362,380,0.279001468,0.041717536,0.028599767,0.017744843,0.291771092,48.801305554,0.000000000,0.323702616,0.075765110,2.424585447,0.219033728,55.304107537,0,33,31,2,0.024229075,7,0,0,0,0,1322,7,19031,83661,24851,27,1607672
1454,1706585392.982909918,1706585393.082743168,1,0,0,1,75.523126605,-20.227577694,0.012808694,0.008028002,0.041850108,0.995274297,0.087253617,1414,368,0.260254597,0.040500621,0.028564241,0.018951196,0.266748957,47.658941469,0.000000000,0.322521497,0.078836457,2.424644393,0.213802740,55.279989864,0,27,27,0,0.019094767,7,0,0,0,0,1379,8,19033,83688,24858,27,1609051
1455,1706585393.082754374,1706585393.182578802,1,0,0,1,75.422007033,-20.201703704,0.012824135,0.011048638,0.044785289,0.994962442,0.089005305,1468,363,0.247275204,0.039271712,0.029148682,0.019055480,0.322451030,40.327573731,0.000000000,0.326108560,0.079642899,2.419970732,0.201411556,55.005162211,0,19,16,3,0.012942779,4,0,0,0,0,1445,4,19037,83707,24862,27,1610496
1456,1706585393.182590008,1706585393.282419205,1,0,0,1,75.319273414,-20.174690578,0.014244719,0.013761947,0.041955543,0.994339269,0.096642425,1474,378,0.256445047,0.038720650,0.029827624,0.018863531,0.296339982,49.646197515,0.000000000,0.327227596,0.083672766,2.416874997,0.196304241,55.059142915,0,31,27,4,0.021031208,2,0,0,0,0,1440,3,19043,83738,24864,27,1611936
1457,1706585393.282430649,1706585393.382262468,1,0,0,1,75.205166473,-20.141258870,0.011314410,0.014365770,0.043666845,0.993533175,0.103820329,1474,390,0.264586160,0.041372032,0.029547590,0.018751933,0.258655281,56.063030394,0.000000000,0.327276974,0.083805757,2.424074551,0.190307766,55.454737116,0,22,20,2,0.014925373,9,0,0,0,0,1443,9,19047,83760,24873,27,1613379
1458,1706585393.383073330,1706585393.482907772,1,0,0,1,75.081695145,-20.107913082,0.012867220,0.010653303,0.039529836,0.992622379,0.114125860,1579,409,0.259024699,0.044801755,0.032823220,0.019091266,0.338737928,55.746585113,0.000000000,0.329355535,0.083760465,2.438578325,0.197906012,55.354189968,0,27,25,2,0.017099430,6,0,0,0,0,1546,6,19051,83787,24879,27,1614925
1459,1706585393.482920170,1706585393.582625151,1,0,0,1,74.947397168,-20.068853382,0.008566344,0.009580131,0.039003626,0.991873459,0.120722740,1527,425,0.278323510,0.044785213,0.034343875,0.021985934,0.399670578,51.933602582,0.000000000,0.331990125,0.082860469,2.465697755,0.206541816,55.258052925,0,32,29,3,0.020956123,6,0,0,0,0,1489,6,19055,83819,24885,27,1616414
1460,1706585393.582761526,1706585393.680697203,1,0,0,1,74.803825765,-20.020881134,0.004944837,-0.000368641,0.043422833,0.990785809,0.128287967,1498,430,0.287049399,0.046425782,0.034929288,0.020000854,0.397165415,58.972248186,0.000000000,0.333453779,0.076833527,2.501793438,0.216550650,55.020484446,0,28,25,3,0.018691589,3,0,0,0,0,1467,3,19059,83847,24888,27,1617881
1461,1706585393.682607412,1706585393.779232264,1,0,0,1,74.658485312,-19.971258445,0.006791674,-0.000478578,0.042138633,0.989595671,0.137566399,1349,368,0.272794663,0.045610910,0.030924194,0.020051570,0.348952168,57.905636924,0.000000000,0.334774591,0.072612072,2.526421416,0.234597164,54.778712164,0,23,20,3,0.017049666,11,0,0,0,0,1315,11,19061,83870,24899,27,1619196
1462,1706585393.782437563,1706585393.882262230,1,0,0,1,74.501276436,-19.912357807,0.003056978,-0.006687932,0.044683643,0.988301584,0.145666138,1325,356,0.268679245,0.041856876,0.036285617,0.019769421,0.384844768,48.406364675,0.000000000,0.334919640,0.073219285,2.559113700,0.248817050,54.009573472,0,18,17,1,0.013584906,4,0,0,0,0,1303,4,19065,83888,24903,27,1620499
1463,1706585393.883072853,1706585393.982903957,1,0,0,1,74.352919664,-19.859577710,-0.002873172,-0.003547690,0.043437416,0.987346805,0.152469314,1253,322,0.256983240,0.041974528,0.035294382,0.021349832,0.286352038,51.888051889,0.000000000,0.329928925,0.070643102,2.576952789,0.260866004,53.352776934,0,18,13,5,0.014365523,3,0,0,0,0,1232,3,19072,83906,24906,27,1621731
1464,1706585393.982915878,1706585394.082208872,1,0,0,1,74.207152820,-19.805932450,-0.003519627,-0.001828404,0.042211015,0.986695831,0.156991159,1283,344,0.268121590,0.045182544,0.033389711,0.021865399,0.252215944,53.676136423,0.000000000,0.327136297,0.057828956,2.579652675,0.264152056,53.013862627,0,21,18,3,0.016367888,6,0,0,0,0,1256,6,19078,83927,24912,27,1622987
1465,1706585394.082742929,1706585394.181187868,1,0,0,1,74.060982334,-19.752766229,-0.003285740,-0.006086440,0.042536078,0.986380225,0.158769297,1191,315,0.264483627,0.042306948,0.035794805,0.022607825,0.299793975,44.994214990,0.000000000,0.325139435,0.054336417,2.587094695,0.259796526,52.130616770,0,16,13,3,0.013434089,4,0,0,0,0,1171,4,19081,83943,24916,27,1624158
1466,1706585394.182573557,1706585394.282401323,1,0,0,1,73.919355909,-19.709466581,-0.010141430,-0.005605992,0.041364638,0.986278710,0.159724282,1215,324,0.266666667,0.037858022,0.027684886,0.016610669,0.227757533,55.546159009,0.000000000,0.320824183,0.059633834,2.590275174,0.261317147,51.831631986,0,14,12,2,0.011522634,7,0,0,0,0,1194,7,19083,83957,24923,27,1625352
1467,1706585394.282412291,1706585394.382242203,1,0,0,1,73.781826662,-19.672684721,-0.008286715,-0.006720424,0.034938176,0.987508339,0.153497362,1197,347,0.289891395,0.043614759,0.031254445,0.020979662,0.301892225,48.287466629,0.000000000,0.318758591,0.058195646,2.591540772,0.268613187,51.769925141,0,22,20,2,0.018379282,6,0,0,0,0,1169,6,19085,83979,24929,27,1626521
1468,1706585394.383053780,1706585394.482877970,1,0,0,1,73.655517746,-19.628664397,-0.009552320,-0.005844898,0.039913872,0.988216424,0.147651685,1294,334,0.258114374,0.041229171,0.028843086,0.018835970,0.252424150,48.864612078,0.000000000,0.315586227,0.058872827,2.579519099,0.261231541,51.685565122,0,23,22,1,0.017774343,5,0,0,0,0,1266,5,19088,84002,24934,27,1627787
1469,1706585394.482890129,1706585394.582712173,1,0,0,1,73.539496414,-19.587771689,-0.012931022,-0.003764831,0.044630370,0.988957012,0.141272732,1340,359,0.267910448,0.040638600,0.031695317,0.020792833,0.331088163,53.494128998,0.000000000,0.313999442,0.059163804,2.567292618,0.257547412,51.498118206,0,19,16,3,0.014179104,3,0,0,0,0,1318,3,19093,84021,24937,27,1629105
1470,1706585394.582723618,1706585394.682543516,1,0,0,1,73.424994301,-19.553810294,-0.011204139,-0.003264013,0.045179135,0.989712063,0.135713757,1315,354,0.269201521,0.043059774,0.034365222,0.021367646,0.331818256,55.211963197,0.000000000,0.311817116,0.059148128,2.553548693,0.240175842,51.388371949,0,21,20,1,0.015969582,7,0,0,0,0,1287,7,19098,84042,24944,27,1630392
1471,1706585394.682556152,1706585394.782368183,1,0,0,1,73.319498312,-19.521003460,-0.011295615,-0.000006897,0.044913580,0.989844421,0.134873246,1406,360,0.256045519,0.046590564,0.030423289,0.019663147,0.381324833,50.601308025,0.000000000,0.313427350,0.058316446,2.541611737,0.225827133,51.441619007,0,26,20,6,0.018492176,6,0,0,0,0,1374,6,19104,84068,24950,27,1631766
1472,1706585394.782391310,1706585394.881554127,1,0,0,1,73.207527165,-19.490892714,-0.011356040,-0.001568927,0.041235943,0.990214446,0.133313487,1383,364,0.263195951,0.044478510,0.030520390,0.020062545,0.368098949,57.685355316,0.000000000,0.316905163,0.058155587,2.540502126,0.203760939,51.785544135,0,27,23,4,0.019522777,4,0,0,0,0,1352,4,19110,84095,24954,27,1633118
1473,1706585394.883013964,1706585394.980116606,1,0,0,1,73.093029996,-19.450985740,-0.012162242,-0.003822163,0.042925519,0.990155250,0.133174213,1345,375,0.278810409,0.040111122,0.030304097,0.019298300,0.338326192,58.587949063,0.000000000,0.319232918,0.059506790,2.553346442,0.198419801,52.274876310,0,18,16,2,0.013382900,6,0,0,0,0,1321,6,19110,84113,24960,27,1634439
1474,1706585394.982848644,1706585395.082684755,1,0,0,1,72.973048982,-19.406312955,-0.013662901,-0.002594375,0.046223903,0.989571977,0.136396196,1286,338,0.262830482,0.044489205,0.032611628,0.019162368,0.293732490,54.746824185,0.000000000,0.320582095,0.058999188,2.577005622,0.201141458,52.629270446,0,15,15,0,0.011664075,4,0,0,0,0,1267,4,19110,84128,24964,27,1635706
1475,1706585395.082696199,1706585395.182533979,1,0,0,1,72.845885192,-19.363089152,-0.014946317,-0.007808324,0.045915815,0.989392071,0.137601224,1275,337,0.264313725,0.041661219,0.032880472,0.019315792,0.322247400,52.713547911,0.000000000,0.320571913,0.056217830,2.605085598,0.187608140,53.248569155,0,9,8,1,0.007058824,6,0,0,0,0,1260,6,19109,84137,24970,27,1636966
1476,1706585395.182546139,1706585395.282389402,1,0,0,1,72.717481384,-19.314072239,-0.017346684,-0.005897252,0.047755191,0.989071848,0.139361200,1280,330,0.257812500,0.038284032,0.028983204,0.016609290,0.298946010,46.963769213,0.000000000,0.320702215,0.057154859,2.623608434,0.176768494,53.114447740,0,18,17,1,0.014062500,1,0,0,0,0,1261,1,19112,84155,24971,27,1638227
1477,1706585395.282400608,1706585395.382211924,1,0,0,1,72.579290624,-19.272039243,-0.017527626,-0.009166638,0.045631543,0.988968561,0.140623327,1318,361,0.273899848,0.039790686,0.027846252,0.018027532,0.275762399,48.260721441,0.000000000,0.321557571,0.058897153,2.640146090,0.158779002,52.724332292,0,19,16,3,0.014415781,2,0,0,0,0,1297,2,19116,84174,24973,27,1639524
1478,1706585395.383021593,1706585395.481375217,1,0,0,1,72.440312261,-19.232216060,-0.019947665,-0.010056945,0.044310784,0.989340361,0.138351230,1256,325,0.258757962,0.040759870,0.028982906,0.018622534,0.339774172,51.657852202,0.000000000,0.321609383,0.058903889,2.644808754,0.150214458,52.519895647,0,14,14,0,0.011146497,3,0,0,0,0,1239,3,19114,84188,24976,27,1640763
1479,1706585395.482859135,1706585395.582682848,1,0,0,1,72.297535071,-19.193147637,-0.021558308,-0.010006976,0.042198263,0.989985213,0.134344499,1255,331,0.263745020,0.039308784,0.027553397,0.016094065,0.337830774,54.981078499,0.000000000,0.318517393,0.060187671,2.641426114,0.143827627,52.672269443,0,13,10,3,0.010358566,6,0,0,0,0,1236,6,19117,84201,24982,27,1641999
1480,1706585395.582705975,1706585395.682527781,1,0,0,1,72.158829345,-19.150559645,-0.015368191,-0.007519738,0.044974141,0.990849322,0.127037009,1330,359,0.269924812,0.041967045,0.028713905,0.016810903,0.240122213,57.010723318,0.000000000,0.310665232,0.056078561,2.633065381,0.139732252,52.574193199,0,15,14,1,0.011278195,5,0,0,0,0,1310,5,19120,84216,24987,27,1643309
1481,1706585395.682538748,1706585395.782362461,1,0,0,1,72.022269238,-19.114676423,-0.017284728,-0.005087406,0.044628120,0.991400324,0.122913985,1343,321,0.239017126,0.043502626,0.029492018,0.020676011,0.385934512,50.153989879,0.000000000,0.312514350,0.053407865,2.606352043,0.132023809,52.186610847,0,12,11,1,0.008935220,11,0,0,0,0,1320,11,19122,84228,24998,27,1644629
1482,1706585395.782773018,1706585395.882594347,1,0,0,1,71.891911235,-19.084878435,-0.009079306,-0.000888461,0.039238667,0.991537709,0.123743724,1389,353,0.254139669,0.039232089,0.028533026,0.018463266,0.346193691,46.004712929,0.000000000,0.310581796,0.055399352,2.582746498,0.120083921,52.066528260,0,20,19,1,0.014398848,7,0,0,0,0,1362,7,19128,84248,25005,27,1645991
1483,1706585395.882607222,1706585395.982449770,1,0,0,1,71.765981711,-19.054003127,-0.001348132,0.004198567,0.036349795,0.991630922,0.123811062,1438,344,0.239221140,0.040014618,0.030746359,0.018689535,0.421779267,54.836675773,0.000000000,0.317353157,0.056293832,2.557309946,0.111310445,52.213959454,0,21,19,2,0.014603616,10,0,0,0,0,1407,10,19132,84269,25015,27,1647398
1484,1706585395.982460260,1706585396.082285643,1,0,0,1,71.638470372,-19.022880434,0.008914659,-0.000128315,0.031467094,0.991492702,0.126301333,1474,373,0.253052917,0.044142554,0.028255872,0.018466073,0.420937272,57.479856703,0.000000000,0.325789224,0.054754023,2.533425709,0.112792652,52.404145468,0,20,19,1,0.013568521,8,0,0,0,0,1446,8,19132,84289,25023,27,1648844
1485,1706585396.083097458,1706585396.181154966,1,0,0,1,71.517247780,-18.985002686,0.016048310,0.007922133,0.032742075,0.991044796,0.129210711,1403,343,0.244476123,0.041904632,0.027324895,0.017232344,0.430627283,56.029558749,0.000000000,0.332330889,0.054682120,2.512372208,0.117182766,52.955912656,0,24,14,10,0.017106201,5,0,0,0,0,1373,6,19144,84313,25028,27,1650217
1486,1706585396.182938337,1706585396.279748201,1,0,0,1,71.390745439,-18.944422202,0.015854623,0.007360911,0.036060160,0.990679788,0.131145108,1439,384,0.266851981,0.045662512,0.031643605,0.019381721,0.485557127,55.747116167,0.000000000,0.345220869,0.053901409,2.502849220,0.108532855,52.965960514,0,18,17,1,0.012508687,8,0,0,0,0,1413,8,19147,84331,25036,27,1651630
1487,1706585396.282777786,1706585396.382605791,1,0,0,1,71.257996006,-18.900710720,0.019215719,0.006606276,0.038184070,0.990512093,0.131848882,1409,356,0.252661462,0.043568605,0.031723600,0.020459122,0.503959205,53.667356183,0.000000000,0.355324218,0.053866271,2.508884553,0.098024505,53.234954991,0,23,21,2,0.016323634,9,0,0,0,0,1377,9,19150,84354,25045,27,1653007
1488,1706585396.382618189,1706585396.482449532,1,0,0,1,71.136424854,-18.855707227,0.025088077,0.012317942,0.040199579,0.989731528,0.136615388,1392,348,0.250000000,0.045934702,0.032469163,0.019904277,0.447227993,59.389506760,0.000000000,0.365064410,0.057009094,2.515587740,0.095304389,53.761199726,0,26,23,3,0.018678161,7,0,0,0,0,1359,7,19156,84380,25052,27,1654366
1489,1706585396.482461691,1706585396.582287312,1,0,0,1,71.008050272,-18.806678965,0.032158978,0.008509351,0.040964210,0.988857424,0.142865390,1468,364,0.247956403,0.046830751,0.032732552,0.021065338,0.428107160,66.257223457,0.000000000,0.369915360,0.060462459,2.533742955,0.096409050,54.399354448,0,24,20,4,0.016348774,8,0,0,0,0,1436,8,19163,84404,25060,27,1655802
1490,1706585396.583096981,1706585396.682930946,1,0,0,1,70.881824768,-18.765435191,0.043458619,0.018698906,0.037617272,0.988527758,0.145079853,1435,375,0.261324042,0.047437223,0.036771881,0.021307917,0.373504948,53.334905036,0.000000000,0.371999694,0.065069627,2.556536229,0.100305534,54.305501540,0,28,27,1,0.019512195,10,0,0,0,0,1397,10,19164,84432,25070,27,1657199
1491,1706585396.682942867,1706585396.782764196,1,0,0,1,70.755023982,-18.727577645,0.051256219,0.025472126,0.036732116,0.988696891,0.143109677,1474,361,0.244911805,0.046254414,0.036063544,0.021093106,0.397239053,57.815600143,0.000000000,0.372795405,0.064578255,2.573148173,0.100474595,54.666216146,0,28,25,3,0.018995929,4,0,0,0,0,1442,4,19169,84460,25074,27,1658641
1492,1706585396.782775640,1706585396.882599592,1,0,0,1,70.626980663,-18.693933875,0.061552175,0.032358990,0.034600252,0.989203398,0.138680769,1510,389,0.257615894,0.041323387,0.031944643,0.021605090,0.396773307,63.504355164,0.000000000,0.374229123,0.064531086,2.584682308,0.108392352,54.957166139,0,31,25,6,0.020529801,7,0,0,0,0,1472,7,19177,84491,25081,27,1660113
1493,1706585396.882611752,1706585396.982450962,1,0,0,1,70.498292007,-18.665265953,0.068957829,0.035071124,0.029015082,0.989980344,0.133667723,1511,397,0.262739907,0.047296734,0.036924207,0.021807535,0.460196902,62.311158607,0.000000000,0.380322659,0.066716844,2.588696765,0.112051903,55.143326616,0,20,19,1,0.013236267,16,0,0,0,0,1475,16,19178,84511,25097,27,1661588
1494,1706585396.982463360,1706585397.082299232,1,0,0,1,70.365264546,-18.631485860,0.071658740,0.030137433,0.031041812,0.990998259,0.126690927,1548,386,0.249354005,0.046323967,0.035086885,0.022524714,0.460291609,56.848805938,0.000000000,0.388650615,0.068329578,2.591657542,0.124438061,55.248425704,0,31,28,3,0.020025840,11,0,0,0,0,1506,11,19186,84542,25108,27,1663094
1495,1706585397.082710266,1706585397.182545900,1,0,0,1,70.228867910,-18.591737525,0.076251396,0.027155668,0.033466803,0.991583529,0.122084593,1546,396,0.256144890,0.048098797,0.037868468,0.022712791,0.443503810,59.194119551,0.000000000,0.394713435,0.071884641,2.596339496,0.130195022,55.572454286,0,27,27,0,0.017464424,13,0,0,0,0,1506,13,19184,84569,25121,27,1664600
1496,1706585397.182557106,1706585397.282386780,1,0,0,1,70.096724967,-18.559939189,0.086989008,0.025689725,0.030382241,0.991714188,0.122147156,1570,385,0.245222930,0.048609025,0.035612254,0.022760221,0.459361161,57.279965253,0.000000000,0.402734193,0.070305779,2.588236000,0.127990791,56.088264088,0,30,29,1,0.019108280,10,0,0,0,0,1530,10,19187,84599,25131,27,1666130
1497,1706585397.282398462,1706585397.382220507,1,0,0,1,69.953390349,-18.528303312,0.095395093,0.017162286,0.025792390,0.992416957,0.118948691,1569,422,0.268961122,0.053735641,0.037772004,0.025162260,0.415952428,60.683819751,0.000000000,0.409743694,0.080956892,2.590669251,0.130577707,56.709419003,0,37,33,4,0.023581899,14,0,0,0,0,1518,14,19195,84636,25145,27,1667648
1498,1706585397.383030891,1706585397.480987310,1,0,0,1,69.813231803,-18.491677164,0.098171054,0.019308708,0.026041402,0.992953831,0.113981175,1541,378,0.245295263,0.049547302,0.036755863,0.023411330,0.349306684,59.425168401,0.000000000,0.410220320,0.081076640,2.587526266,0.132420998,57.097784813,0,27,26,1,0.017521090,13,0,0,0,0,1501,13,19198,84663,25158,27,1669149
1499,1706585397.482870579,1706585397.579578638,1,0,0,1,69.672100280,-18.456669156,0.103552014,0.015145843,0.024512683,0.993688530,0.108410500,1516,387,0.255277045,0.047911923,0.038208750,0.025200858,0.447738760,59.617271356,0.000000000,0.415715719,0.075942497,2.587805863,0.129309079,57.329594456,0,22,20,2,0.014511873,10,0,0,0,0,1484,10,19203,84685,25168,27,1670633
1500,1706585397.582712650,1706585397.682548285,1,0,0,1,69.532815976,-18.421963241,0.109885974,0.018023135,0.025802617,0.993750660,0.107093498,1500,390,0.260000000,0.045103163,0.034851254,0.020234090,0.315878414,55.148232879,0.000000000,0.419503529,0.073655217,2.590279770,0.123653656,57.236469934,0,21,19,2,0.014000000,7,0,0,0,0,1471,8,19208,84706,25175,27,1672104
1501,1706585397.682559729,1706585397.782384396,1,0,0,1,69.402860623,-18.388669765,0.115204220,0.018167046,0.023300439,0.993659476,0.108479920,1554,394,0.253539254,0.049723571,0.040130326,0.022666475,0.347480134,58.032425060,0.000000000,0.417580810,0.074821908,2.590565626,0.124286845,57.630391693,0,32,32,0,0.020592021,14,0,0,0,0,1508,14,19209,84738,25189,27,1673612
1502,1706585397.782396555,1706585397.882225752,1,0,0,1,69.274356795,-18.358567442,0.123524033,0.025489886,0.020292876,0.993656256,0.107636936,1516,379,0.250000000,0.042370873,0.033781919,0.020425768,0.316879222,52.440599809,0.000000000,0.416115087,0.069213209,2.592920536,0.125149758,57.952186037,0,30,28,2,0.019788918,6,0,0,0,0,1480,6,19216,84768,25195,27,1675092
1503,1706585397.883037329,1706585397.982867479,1,0,0,1,69.141572596,-18.324528460,0.127789722,0.024782078,0.017009700,0.993366427,0.110993963,1519,359,0.236339697,0.044576320,0.035144556,0.022938128,0.371364659,55.721620047,0.000000000,0.413594357,0.062548956,2.598409404,0.126975015,57.996433251,0,24,21,3,0.015799868,7,0,0,0,0,1487,8,19225,84792,25202,27,1676579
1504,1706585397.982879877,1706585398.082712173,1,0,0,1,69.003755229,-18.285589439,0.134126208,0.022637308,0.017215040,0.993187059,0.113007349,1564,388,0.248081841,0.043794123,0.032956294,0.019654660,0.368458153,59.427694878,0.000000000,0.410970401,0.062875769,2.614559492,0.124544786,58.093825159,0,19,16,3,0.012148338,8,0,0,0,0,1536,9,19227,84811,25210,27,1678115
1505,1706585398.082723618,1706585398.182545185,1,0,0,1,68.861766351,-18.249222096,0.142779758,0.020849175,0.014539421,0.992661242,0.118226801,1626,391,0.240467405,0.049670324,0.036190254,0.023171162,0.386497530,58.532758932,0.000000000,0.408763913,0.060299193,2.628534967,0.130993549,58.218985169,0,32,31,1,0.019680197,11,0,0,0,0,1583,11,19229,84843,25221,27,1679698
1506,1706585398.182556629,1706585398.282388926,1,0,0,1,68.722968431,-18.206264886,0.149112856,0.021306536,0.012750121,0.991588068,0.127029798,1645,415,0.252279635,0.047201626,0.036406424,0.022396778,0.392827371,53.898980798,0.000000000,0.404127425,0.060027244,2.634165072,0.147323911,58.126578400,0,41,39,2,0.024924012,9,0,0,0,0,1595,9,19233,84884,25230,27,1681293
1507,1706585398.282401085,1706585398.382224798,1,0,0,1,68.577017033,-18.150332847,0.148712681,0.017714008,0.020305897,0.990758466,0.132934371,1571,416,0.264799491,0.048336993,0.035630441,0.024916784,0.433533972,60.271680292,0.000000000,0.400606164,0.058014246,2.660700729,0.149217180,58.456794606,0,28,24,4,0.017823043,11,0,0,0,0,1532,11,19248,84912,25241,27,1682825
1508,1706585398.383035183,1706585398.482868195,1,0,0,1,68.435172288,-18.085312377,0.147218133,0.019624510,0.029265693,0.989167851,0.142496875,1531,415,0.271064664,0.048219661,0.035857412,0.022923071,0.430758546,66.203632385,0.000000000,0.399782691,0.057887817,2.679144890,0.156618522,58.797500887,0,28,27,1,0.018288700,16,0,0,0,0,1487,16,19255,84940,25257,27,1684312
1509,1706585398.482879639,1706585398.582704306,1,0,0,1,68.292699448,-18.032955062,0.157556614,0.021737749,0.028701049,0.987822744,0.151360323,1515,405,0.267326733,0.040441879,0.030775763,0.020059580,0.401744057,55.475833609,0.000000000,0.398464536,0.066076040,2.698012544,0.169367252,58.258431394,0,28,25,3,0.018481848,5,0,0,0,0,1482,5,19262,84968,25262,27,1685794
1510,1706585398.582715511,1706585398.682185650,1,0,0,1,68.153681698,-17.985793967,0.166601625,0.029377927,0.024557799,0.986802559,0.157335826,1377,374,0.271604938,0.042084334,0.034036065,0.018948404,0.346813863,46.826833903,0.000000000,0.397129982,0.069908506,2.712529404,0.178470218,57.933027838,0,25,21,4,0.018155410,5,0,0,0,0,1347,5,19266,84993,25267,27,1687141
1511,1706585398.682547808,1706585398.780793905,1,0,0,1,68.014685242,-17.932626265,0.159713158,0.028026583,0.025737092,0.985222796,0.166997470,1325,328,0.247547170,0.043289359,0.030471980,0.019698437,0.316793999,51.160358969,0.000000000,0.393107729,0.071768696,2.728717506,0.189610583,57.600265779,0,17,15,2,0.012830189,6,0,0,0,0,1302,6,19272,85010,25273,27,1688443
1512,1706585398.782778025,1706585398.879432917,1,0,0,1,67.879605224,-17.874976686,0.166248396,0.028126510,0.026850783,0.983685378,0.175644562,1231,281,0.228269699,0.040016302,0.031245682,0.018971749,0.340948029,42.517042971,0.000000000,0.390316465,0.074238699,2.743679423,0.197026758,56.550900169,0,15,14,1,0.012185215,4,0,0,0,0,1212,4,19276,85025,25277,27,1689655
1513,1706585398.882614613,1706585398.982435703,1,0,0,1,67.743466143,-17.809351903,0.163673640,0.029498027,0.032706744,0.982666038,0.180076630,1195,305,0.255230126,0.046983220,0.035107082,0.024387201,0.306688713,43.169420027,0.000000000,0.382641056,0.074182046,2.757555984,0.192028790,55.593813240,0,20,13,7,0.016736402,5,0,0,0,0,1169,6,19283,85045,25282,27,1690824
1514,1706585398.982447147,1706585399.082268953,1,0,0,1,67.601769404,-17.751200443,0.162989478,0.022733839,0.033916410,0.982788806,0.180163849,1202,294,0.244592346,0.042553016,0.030519382,0.020759187,0.373747369,43.923500618,0.000000000,0.378313844,0.076562419,2.768578124,0.182996383,54.947547974,0,34,22,12,0.028286190,3,0,0,0,0,1160,8,19300,85079,25285,27,1691984
1515,1706585399.083079815,1706585399.182912588,1,0,0,1,67.449717813,-17.698158908,0.153963442,0.018697368,0.035417608,0.983746896,0.175037273,1203,291,0.241895262,0.042634766,0.027619964,0.019305435,0.364033638,41.034390778,0.000000000,0.374340335,0.078041644,2.793529918,0.193593790,54.039561536,0,25,25,0,0.020781380,4,0,0,0,0,1172,6,19304,85104,25289,27,1693156
1516,1706585399.182924747,1706585399.282740593,1,0,0,1,67.301672206,-17.642570313,0.156332595,0.010201438,0.041185254,0.985574617,0.163836442,1281,354,0.276346604,0.044381548,0.032754866,0.021898155,0.325396807,48.098100290,0.000000000,0.367642117,0.077411730,2.804660718,0.209758782,53.580468288,0,25,22,3,0.019516003,8,0,0,0,0,1248,8,19313,85129,25297,27,1694404
1517,1706585399.282752991,1706585399.382583380,1,0,0,1,67.145815948,-17.585414430,0.152156411,-0.004716729,0.045053363,0.987030194,0.154010853,1252,311,0.248402556,0.046989892,0.033921366,0.021668173,0.358167385,49.033053081,0.000000000,0.364752865,0.066857629,2.825827487,0.221079099,52.997929954,0,33,33,0,0.026357827,11,0,0,0,0,1208,11,19321,85162,25308,27,1695612
1518,1706585399.382595778,1706585399.482426405,1,0,0,1,66.997197740,-17.538666243,0.149899663,-0.005916375,0.046332278,0.988125436,0.146377725,1303,342,0.262471220,0.044548611,0.033658880,0.021553684,0.278619809,49.673686697,0.000000000,0.361218521,0.063687670,2.836132871,0.225131525,52.510355869,0,35,34,1,0.026861090,5,0,0,0,0,1263,5,19326,85197,25313,27,1696875
1519,1706585399.482438326,1706585399.581863880,1,0,0,1,66.862028976,-17.504704068,0.154426377,-0.006625746,0.033993278,0.988464703,0.147438422,1377,340,0.246913580,0.049791773,0.033795582,0.024962433,0.469596834,49.769091643,0.000000000,0.362311425,0.066230665,2.831893697,0.225071654,52.017946883,0,30,28,2,0.021786492,9,0,0,0,0,1338,9,19333,85227,25322,27,1698213
1520,1706585399.583086252,1706585399.682923317,1,0,0,1,66.711967214,-17.467195845,0.156039212,-0.020760910,0.026360353,0.988714957,0.146002911,1273,305,0.239591516,0.047694317,0.031363809,0.021249597,0.284977924,56.425171240,0.000000000,0.360766401,0.067178718,2.852322768,0.225634435,52.081793801,0,27,26,1,0.021209741,13,0,0,0,0,1233,13,19344,85254,25335,27,1699446
1521,1706585399.682934284,1706585399.782765150,1,0,0,1,66.573261215,-17.424466218,0.155922128,-0.020368407,0.022609454,0.988406741,0.148748295,1216,294,0.241776316,0.047225305,0.031084680,0.023477573,0.317849723,43.348042701,0.000000000,0.359284880,0.064318375,2.865216803,0.229980050,51.347574683,0,25,20,5,0.020559211,10,0,0,0,0,1181,10,19354,85279,25345,27,1700627
1522,1706585399.782777548,1706585399.882622004,1,0,0,1,66.438789923,-17.368903770,0.142358772,-0.026011794,0.031031669,0.987779789,0.150504191,1233,315,0.255474453,0.048690455,0.035184803,0.022661935,0.353539824,51.007395183,0.000000000,0.361117910,0.064425445,2.874201727,0.226349760,51.275914452,0,32,29,3,0.025952960,10,0,0,0,0,1191,10,19357,85311,25355,27,1701818
1523,1706585399.882634640,1706585399.981380701,1,0,0,1,66.310470670,-17.304578597,0.137990972,-0.028962247,0.039706323,0.985802931,0.160552723,1095,262,0.239269406,0.051788243,0.035038622,0.025379000,0.356658801,43.408220008,0.000000000,0.360382617,0.070428628,2.874454764,0.242089310,50.660244450,0,31,26,5,0.028310502,8,0,0,0,0,1056,8,19369,85342,25363,27,1702874
1524,1706585399.982465267,1706585400.080146790,1,0,0,1,66.191366542,-17.251504065,0.134464376,-0.014162116,0.039007728,0.985523540,0.164381216,1112,282,0.253597122,0.046200098,0.032203754,0.020406658,0.279554053,52.230444699,0.000000000,0.355937412,0.069526488,2.858069363,0.240361436,50.300381941,0,34,26,8,0.030575540,7,0,0,0,0,1067,11,19388,85376,25370,27,1703941
1525,1706585400.082705975,1706585400.178756475,1,0,0,1,66.056302246,-17.207806094,0.135729979,-0.020558059,0.035684079,0.985700132,0.163399089,1137,267,0.234828496,0.050075021,0.034404327,0.023590227,0.298880367,42.839834837,0.000000000,0.351556554,0.070034941,2.854600908,0.224849728,49.515735736,0,28,22,6,0.024626209,9,0,0,0,0,1095,14,19401,85404,25379,27,1705036
1526,1706585400.182536840,1706585400.282362700,1,0,0,1,65.930098412,-17.156791204,0.136738669,-0.010396292,0.035062617,0.985967616,0.162881519,1110,283,0.254954955,0.049151700,0.037976179,0.022836811,0.351019176,46.233566832,0.000000000,0.349466144,0.071300132,2.834427165,0.213347918,49.132465038,0,38,34,4,0.034234234,10,0,0,0,0,1060,12,19414,85442,25389,27,1706096
1527,1706585400.282774687,1706585400.382594109,1,0,0,1,65.810556791,-17.116042631,0.128676847,-0.005619247,0.034128303,0.986294342,0.161329334,1239,323,0.260694108,0.049683571,0.035487535,0.023616898,0.323695694,48.776017029,0.000000000,0.343974230,0.072483312,2.804935761,0.196500866,48.557681875,0,28,28,0,0.022598870,9,0,0,0,0,1202,9,19423,85470,25398,27,1707298
1528,1706585400.382606268,1706585400.482442141,1,0,0,1,65.681370475,-17.075386947,0.127269557,-0.012844269,0.029906311,0.987587562,0.153660163,1202,304,0.252911814,0.050121286,0.033743597,0.022986484,0.382118021,47.816874635,0.000000000,0.341542204,0.074157826,2.788235332,0.194235400,47.638343987,0,48,42,6,0.039933444,8,0,0,0,0,1146,8,19439,85518,25406,27,1708444
1529,1706585400.482454062,1706585400.582277298,1,0,0,1,65.559217696,-17.046789247,0.126283437,-0.013642496,0.025221681,0.988572805,0.147991748,1224,304,0.248366013,0.048002506,0.034171270,0.020984493,0.349953402,50.290988676,0.000000000,0.338952671,0.068190487,2.766616972,0.193082156,47.379101741,0,31,30,1,0.025326797,11,0,0,0,0,1182,11,19443,85549,25417,27,1709626
1530,1706585400.583087921,1706585400.682899952,1,0,0,1,65.439103356,-17.010990527,0.121905539,-0.016020828,0.028910274,0.990144540,0.136093051,1282,315,0.245709828,0.052443018,0.038013607,0.026071965,0.347943311,49.292919625,0.000000000,0.339009144,0.068842907,2.743051554,0.197810845,47.502406027,0,34,33,1,0.026521061,10,0,0,0,0,1238,10,19453,85583,25427,27,1710864
1531,1706585400.682923794,1706585400.782739639,1,0,0,1,65.328999427,-16.964473952,0.117773723,-0.017507422,0.038255428,0.990738042,0.129105171,1284,321,0.250000000,0.050855703,0.035983357,0.024432045,0.420740128,51.618296646,0.000000000,0.344206450,0.067727683,2.715636887,0.194757299,47.525302911,0,37,33,4,0.028816199,9,0,0,0,0,1238,9,19463,85620,25436,27,1712102
1532,1706585400.782751322,1706585400.881541491,1,0,0,1,65.223552335,-16.927526933,0.115913241,-0.012623854,0.039418562,0.991105959,0.126474474,1309,330,0.252100840,0.051787736,0.037127356,0.026041388,0.395465288,49.266625259,0.000000000,0.346932313,0.059297350,2.676232423,0.190410007,47.862782025,0,28,26,2,0.021390374,12,0,0,0,0,1269,12,19470,85648,25448,27,1713371
1533,1706585400.882590294,1706585400.980097771,1,0,0,1,65.113906576,-16.904736810,0.119482786,-0.009146808,0.030554178,0.991420087,0.126763515,1362,341,0.250367107,0.045465627,0.033464808,0.021949481,0.361172675,54.330580394,0.000000000,0.349656511,0.060390471,2.635111840,0.191073361,48.420840043,0,36,34,2,0.026431718,5,0,0,0,0,1321,5,19481,85684,25453,27,1714692
1534,1706585400.982416868,1706585401.082225323,1,0,0,1,64.993555011,-16.880183825,0.123197988,-0.007728396,0.022174420,0.991927726,0.124611211,1428,351,0.245798319,0.052879564,0.036974533,0.025229748,0.391911552,50.115640215,0.000000000,0.350564721,0.057708504,2.596708283,0.184431704,48.730447023,0,44,39,5,0.030812325,11,0,0,0,0,1373,11,19499,85728,25464,27,1716065
1535,1706585401.083036900,1706585401.182592154,1,0,0,1,64.875291313,-16.846713007,0.121551769,-0.005021802,0.023410003,0.991782804,0.125672685,1401,359,0.256245539,0.050595528,0.036486703,0.023377589,0.384084533,54.648631029,0.000000000,0.351567265,0.050756611,2.561472568,0.163287868,49.411159036,0,36,34,2,0.025695931,11,0,0,0,0,1354,11,19516,85764,25475,27,1717419
1536,1706585401.182878733,1706585401.281247616,1,0,0,1,64.751300199,-16.802259864,0.120557851,-0.003299672,0.023250349,0.991244081,0.129937316,1427,390,0.273300631,0.049572856,0.038276757,0.021941940,0.363773327,55.476720839,0.000000000,0.353486091,0.045875211,2.527136805,0.150780677,49.780090063,0,64,62,2,0.044849334,9,0,0,0,0,1354,9,19534,85828,25484,27,1718773
1537,1706585401.282732248,1706585401.379884481,1,0,0,1,64.617534955,-16.753472593,0.117858553,-0.005465440,0.026364934,0.990621764,0.133953499,1470,362,0.246258503,0.049940046,0.038955347,0.024134027,0.307654988,54.176223879,0.000000000,0.350960471,0.044682750,2.513733328,0.143180835,50.037248603,0,64,48,16,0.043537415,11,0,0,0,0,1392,14,19572,85892,25495,27,1720165
1538,1706585401.382567167,1706585401.478581905,1,0,0,1,64.484405832,-16.706390386,0.119415995,-0.004352301,0.024392700,0.989645378,0.141379206,1435,392,0.273170732,0.048823909,0.036954437,0.022066894,0.357782340,59.053110842,0.000000000,0.354918598,0.038741921,2.515507736,0.155872077,50.506219811,0,57,50,7,0.039721254,8,0,0,0,0,1365,13,19591,85949,25503,27,1721530
1539,1706585401.482413530,1706585401.582212210,1,0,0,1,64.344268698,-16.650248156,0.114697484,-0.004393234,0.025856202,0.988476267,0.149086640,1342,357,0.266020864,0.049368403,0.037049527,0.021736277,0.324758826,55.084294316,0.000000000,0.347676698,0.038747064,2.511859461,0.168139730,50.771979944,0,46,41,5,0.034277198,9,0,0,0,0,1285,11,19614,85995,25512,27,1722815
1540,1706585401.583046913,1706585401.682875872,1,0,0,1,64.205325658,-16.596004587,0.113202487,-0.005260230,0.026229873,0.987636123,0.154464277,1356,372,0.274336283,0.052535495,0.041058310,0.023712994,0.366589776,54.794052654,0.000000000,0.351757290,0.039746173,2.515884506,0.173233117,50.690424015,0,53,50,3,0.039085546,11,0,0,0,0,1292,11,19631,86048,25523,27,1724107
1541,1706585401.682888269,1706585401.782717705,1,0,0,1,64.065457331,-16.538542714,0.112014183,-0.001563447,0.029456223,0.987877894,0.152404573,1289,346,0.268425136,0.049594794,0.035342642,0.021533561,0.312890071,53.886592012,0.000000000,0.351509308,0.037921254,2.520972020,0.174321232,51.217351480,0,57,55,2,0.044220326,10,0,0,0,0,1222,10,19653,86105,25533,27,1725329
1542,1706585401.782730103,1706585401.882553101,1,0,0,1,63.922059109,-16.486033110,0.109031329,-0.004065199,0.033243420,0.988541514,0.147187036,1347,353,0.262063846,0.049490021,0.036311612,0.023687006,0.317063849,51.629032093,0.000000000,0.349685509,0.037546984,2.530105197,0.165373093,51.248433326,0,54,50,4,0.040089087,11,0,0,0,0,1282,11,19670,86159,25544,27,1726611
1543,1706585401.882564545,1706585401.982387781,1,0,0,1,63.786476504,-16.439112018,0.102967510,-0.003815542,0.034328939,0.988975241,0.143996314,1374,361,0.262736536,0.045905397,0.031334447,0.020658626,0.326735659,54.283128551,0.000000000,0.348189352,0.040589118,2.543263261,0.163223909,51.792178753,0,52,51,1,0.037845706,5,0,0,0,0,1317,5,19689,86211,25549,27,1727928
1544,1706585401.982400656,1706585402.082230330,1,0,0,1,63.650853784,-16.401871905,0.102909697,-0.004003579,0.030142699,0.989379393,0.142140089,1419,411,0.289640592,0.049866618,0.036861720,0.024352341,0.388423787,56.098282197,0.000000000,0.353632838,0.037237694,2.541942951,0.164727955,51.985570628,0,57,55,2,0.040169133,9,0,0,0,0,1353,9,19709,86268,25558,27,1729281
1545,1706585402.083040237,1706585402.180901766,1,0,0,1,63.527151280,-16.369095358,0.111628004,0.002392703,0.026963413,0.989426421,0.142487216,1453,393,0.270474880,0.055753227,0.041477196,0.020357311,0.358077688,56.928369956,0.000000000,0.356592705,0.045185898,2.534082309,0.165309790,52.689997384,0,60,58,2,0.041293875,17,0,0,0,0,1376,17,19732,86328,25575,27,1730657
1546,1706585402.182873726,1706585402.279499292,1,0,0,1,63.392647186,-16.327134944,0.112676606,-0.002092423,0.026934339,0.989418868,0.142549876,1456,408,0.280219780,0.049963285,0.034590008,0.022812488,0.338831326,61.138352840,0.000000000,0.355983312,0.044950535,2.548430528,0.162570948,53.435236684,0,67,67,0,0.046016484,11,0,0,0,0,1378,11,19754,86395,25586,27,1732035
1547,1706585402.282716990,1706585402.382550001,1,0,0,1,63.251211360,-16.278244031,0.108842630,0.001606845,0.029337715,0.989069851,0.144490644,1447,396,0.273669661,0.050393437,0.036747407,0.020339283,0.280398020,52.132938559,0.000000000,0.353818428,0.044883659,2.562687356,0.150878193,53.603082761,0,74,69,5,0.051140290,13,0,0,0,0,1360,13,19780,86469,25599,27,1733395
1548,1706585402.382562876,1706585402.482289076,1,0,0,1,63.106085437,-16.231882757,0.110019603,0.000478648,0.027053898,0.989025401,0.145246732,1457,404,0.277282086,0.046282603,0.032819888,0.021009666,0.259949426,54.873634227,0.000000000,0.347709999,0.048139979,2.589583581,0.141011533,53.955920740,0,65,64,1,0.044612217,9,0,0,0,0,1383,9,19798,86534,25608,27,1734778
1549,1706585402.482401133,1706585402.580944300,1,0,0,1,62.959191386,-16.184544176,0.105879411,-0.003367195,0.027844241,0.988526610,0.148420018,1442,409,0.283633842,0.045847843,0.033530658,0.021537307,0.271332651,56.275474823,0.000000000,0.343778961,0.050863981,2.618560523,0.122947143,54.255145048,0,61,58,3,0.042302358,9,0,0,0,0,1372,9,19826,86595,25617,27,1736150
1550,1706585402.583028793,1706585402.679667950,1,0,0,1,62.813467336,-16.142104781,0.108755586,0.000358256,0.022302600,0.987828400,0.153939984,1407,422,0.299928927,0.046706363,0.029157848,0.020272438,0.281984330,52.762220974,0.000000000,0.340481012,0.051499545,2.650767664,0.119778869,54.428610115,0,69,62,7,0.049040512,12,0,0,0,0,1323,15,19854,86664,25629,27,1737473
1551,1706585402.682874680,1706585402.782701492,1,0,0,1,62.658054504,-16.091613330,0.108842482,0.000766331,0.020713205,0.987535578,0.156025185,1411,411,0.291282778,0.041737901,0.031046589,0.019532727,0.208525835,50.049829110,0.000000000,0.329870297,0.062100769,2.702428713,0.118986421,54.350186738,0,74,71,3,0.052445074,7,0,0,0,0,1328,9,19881,86738,25636,27,1738801
1552,1706585402.782713175,1706585402.882534266,1,0,0,1,62.511241643,-16.035249117,0.109774656,-0.002049608,0.024035038,0.987351797,0.156698901,1360,407,0.299264706,0.044792987,0.030843261,0.019890798,0.226127538,51.982418175,0.000000000,0.321403410,0.064079206,2.747646138,0.119152308,54.485976384,0,65,61,4,0.047794118,12,0,0,0,0,1283,12,19902,86803,25648,27,1740084
1553,1706585402.882546186,1706585402.982394218,1,0,0,1,62.362191582,-15.988713973,0.111768553,-0.001950089,0.021795001,0.987398977,0.156730456,1373,415,0.302257830,0.045626427,0.034015621,0.022242108,0.288817709,47.788692493,0.000000000,0.317785662,0.063897899,2.780917701,0.115160553,54.158881989,0,66,63,3,0.048069920,9,0,0,0,0,1298,9,19917,86869,25657,27,1741382
1554,1706585402.982406378,1706585403.082241297,1,0,0,1,62.215874969,-15.942454716,0.115728913,-0.002702000,0.021531132,0.987770978,0.154394315,1377,411,0.298474946,0.044439490,0.030962955,0.020439041,0.249304203,49.214475647,0.000000000,0.310655294,0.064212329,2.811503979,0.117692088,54.113823761,0,68,65,3,0.049382716,7,0,0,0,0,1302,7,19933,86937,25664,27,1742684
1555,1706585403.083051682,1706585403.182869434,1,0,0,1,62.074658113,-15.902027912,0.112974223,0.001142531,0.021104761,0.988319577,0.150922817,1395,435,0.311827957,0.049548996,0.033703487,0.022891778,0.215295162,56.511794186,0.000000000,0.302215826,0.063673287,2.826696626,0.115886496,54.206981919,0,75,74,1,0.053763441,13,0,0,0,0,1307,13,19954,87012,25677,27,1743991
1556,1706585403.182882309,1706585403.282716990,1,0,0,1,61.933694812,-15.862476862,0.114637011,-0.000416917,0.020368495,0.989099834,0.145830275,1438,450,0.312934631,0.050189656,0.032742684,0.022477689,0.260246674,50.322970174,0.000000000,0.297039493,0.063954638,2.830702766,0.118282870,53.949294385,0,73,70,3,0.050764951,19,0,0,0,0,1346,19,19979,87085,25696,27,1745337
1557,1706585403.282728195,1706585403.382278681,1,0,0,1,61.800331787,-15.821700707,0.109937427,-0.000015954,0.020217754,0.990066924,0.139135647,1562,496,0.317541613,0.047882517,0.029935466,0.022732830,0.250158882,52.192712502,0.000000000,0.294164688,0.063660247,2.829021419,0.116717955,53.850118817,0,97,96,1,0.062099872,23,0,0,0,0,1442,23,20008,87182,25719,27,1746779
1558,1706585403.382578373,1706585403.481076479,1,0,0,1,61.654326762,-15.786753907,0.099388995,-0.016518816,0.017846790,0.991405654,0.128543574,1596,508,0.318295739,0.045855599,0.029215469,0.021402243,0.231876383,52.388274428,0.000000000,0.287869390,0.064679075,2.828482133,0.122991478,53.516876996,0,87,81,6,0.054511278,12,0,0,0,0,1497,12,20035,87269,25731,27,1748276
1559,1706585403.482426882,1706585403.582250834,1,0,0,1,61.495497955,-15.751190704,0.092199585,-0.026594188,0.019192755,0.992391738,0.118671921,1427,461,0.323055361,0.043948462,0.030928127,0.019609624,0.197897678,51.689428062,0.000000000,0.281526332,0.067364098,2.842238856,0.132333272,53.347133683,0,86,82,4,0.060266293,9,0,0,0,0,1332,9,20068,87355,25740,27,1749608
1560,1706585403.583060741,1706585403.682903051,1,0,0,1,61.350620684,-15.705459005,0.093404187,-0.023632646,0.024342416,0.992728461,0.115495225,1442,448,0.310679612,0.040018092,0.027465532,0.018785142,0.185079280,49.308969840,0.000000000,0.272450808,0.073140037,2.842950842,0.134910334,53.072879542,0,83,79,4,0.057558946,11,0,0,0,0,1348,11,20096,87438,25751,27,1750956
1561,1706585403.682915211,1706585403.781849861,1,0,0,1,61.217783226,-15.660100395,0.091352423,-0.017282366,0.030848176,0.992272383,0.118933714,1474,476,0.322930801,0.039128620,0.027479943,0.019846991,0.199452782,44.310020046,0.000000000,0.266778943,0.081881257,2.830594889,0.131040245,52.594050944,0,73,67,6,0.049525102,4,0,0,0,0,1397,4,20121,87511,25755,27,1752353
1562,1706585403.782759190,1706585403.880657673,1,0,0,1,61.096400919,-15.632604369,0.099452601,-0.003593544,0.018031763,0.992458684,0.121192830,1556,517,0.332262211,0.043601140,0.029440114,0.020750240,0.193773085,47.631844669,0.000000000,0.260614405,0.082361381,2.811715668,0.130022475,52.394191573,0,91,85,6,0.058483290,12,0,0,0,0,1450,15,20144,87602,25767,27,1753803
1563,1706585403.882591724,1706585403.979547024,1,0,0,1,60.995264714,-15.622620373,0.097248087,0.021066710,-0.003620025,0.990966338,0.132396397,1723,558,0.323853743,0.050168795,0.035135916,0.022141514,0.269362391,45.544060052,0.000000000,0.257745741,0.083827963,2.772724750,0.149106836,51.957238148,0,95,91,4,0.055136390,14,0,0,0,0,1612,16,20172,87697,25781,27,1755415
1564,1706585403.982431889,1706585404.082262754,1,0,0,1,60.866003068,-15.609539367,0.104452017,0.017041860,-0.018263040,0.991032203,0.131267699,1773,585,0.329949239,0.054042078,0.037247153,0.022800358,0.239349636,51.825711027,0.000000000,0.250292034,0.089263292,2.774578395,0.150863786,51.743609590,0,126,123,3,0.071065990,24,0,0,0,0,1623,24,20204,87823,25805,27,1757038
1565,1706585404.083072901,1706585404.182896614,1,0,0,1,60.731135370,-15.563658681,0.094060925,0.001963179,-0.010864836,0.991476831,0.129814460,1761,566,0.321408291,0.054105129,0.033858345,0.023737900,0.250852407,46.869595166,0.000000000,0.244930770,0.085899542,2.776513918,0.153214257,51.240670850,0,99,94,5,0.056218058,16,0,0,0,0,1646,16,20234,87922,25821,27,1758684
1566,1706585404.182907820,1706585404.282730341,1,0,0,1,60.611118750,-15.501261428,0.088624264,-0.001741784,0.005765284,0.991461525,0.130260397,1701,555,0.326278660,0.045991893,0.031578829,0.021731816,0.213079796,51.628017960,0.000000000,0.238643193,0.084803928,2.762194296,0.150046315,50.765154106,0,91,90,1,0.053497942,13,0,0,0,0,1597,13,20252,88013,25834,27,1760281
1567,1706585404.282742262,1706585404.382566690,1,0,0,1,60.488757806,-15.434230825,0.081161683,-0.001874292,0.024842077,0.990465904,0.135486722,1610,494,0.306832298,0.046265058,0.027291613,0.019444021,0.202687785,52.439655294,0.000000000,0.234757682,0.082987429,2.749556051,0.158966064,50.780489943,0,69,67,2,0.042857143,17,0,0,0,0,1524,17,20264,88082,25851,27,1761805
1568,1706585404.382579088,1706585404.482409000,1,0,0,1,60.352664194,-15.366877374,0.065605629,-0.007035729,0.039315892,0.989588159,0.138275211,1631,510,0.312691600,0.044721332,0.026674450,0.019946033,0.219705583,51.939221447,0.000000000,0.232745489,0.083464311,2.747810322,0.157837520,50.633769304,0,80,80,0,0.049049663,9,0,0,0,0,1542,9,20269,88162,25860,27,1763347
1569,1706585404.482419968,1706585404.582262993,1,0,0,1,60.213615041,-15.321518114,0.067006053,-0.002503832,0.034893644,0.989520349,0.140091555,1584,493,0.311237374,0.044109795,0.026211131,0.020315870,0.222189821,49.726196385,0.000000000,0.230288348,0.084209338,2.742272131,0.150499267,50.306305382,0,61,61,0,0.038510101,8,0,0,0,0,1515,8,20275,88223,25868,27,1764862
1570,1706585404.583072901,1706585404.682901144,1,0,0,1,60.083651337,-15.301541487,0.080387387,0.005653239,0.009666802,0.988462118,0.151053749,1549,496,0.320206585,0.042017895,0.026110913,0.019140065,0.178887397,57.987285170,0.000000000,0.225133501,0.086799285,2.711032176,0.168849843,50.567558592,0,50,49,1,0.032278890,11,0,0,0,0,1488,11,20282,88273,25879,27,1766350
1571,1706585404.682911634,1706585404.782739162,1,0,0,1,59.950377737,-15.268985199,0.090841650,0.004664239,-0.000495408,0.987161383,0.159657141,1506,492,0.326693227,0.042902916,0.027927208,0.020481967,0.169291287,48.971201562,0.000000000,0.223171774,0.085530928,2.691358846,0.184949691,50.513627214,0,50,50,0,0.033200531,8,0,0,0,0,1448,8,20284,88323,25887,27,1767798
1572,1706585404.782751083,1706585404.882571220,1,0,0,1,59.817714924,-15.219284115,0.088377052,0.002339567,-0.000764383,0.986745867,0.162254538,1442,466,0.323162275,0.043673503,0.026880939,0.020018704,0.195858774,43.711989334,0.000000000,0.221658336,0.086162780,2.676889264,0.190114279,50.100105772,0,49,48,1,0.033980583,7,0,0,0,0,1386,7,20286,88372,25894,27,1769184
1573,1706585404.882582426,1706585404.982401848,1,0,0,1,59.688391362,-15.163299575,0.083091607,0.000731281,0.006197097,0.986372704,0.164407879,1436,447,0.311281337,0.037888868,0.023477474,0.017456026,0.119733092,55.237109832,0.000000000,0.213204105,0.095023467,2.664403586,0.189727618,50.472526639,0,45,43,2,0.031337047,3,0,0,0,0,1388,3,20289,88417,25897,27,1770572
1574,1706585404.982413769,1706585405.081666231,1,0,0,1,59.557707028,-15.105085955,0.082258989,-0.004658308,0.012281721,0.986246209,0.164760049,1348,416,0.308605341,0.038535983,0.022999879,0.018467385,0.156164806,46.910388886,0.000000000,0.208547135,0.101341817,2.660554369,0.183450352,50.357322301,0,46,45,1,0.034124629,10,0,0,0,0,1292,10,20293,88463,25907,27,1771864
1575,1706585405.083049774,1706585405.180385828,1,0,0,1,59.431637739,-15.045207065,0.080797871,-0.003174445,0.020460678,0.986189700,0.164320292,1353,420,0.310421286,0.040891552,0.025803755,0.018443665,0.165083980,46.471422781,0.000000000,0.206036576,0.101883989,2.653712820,0.174049034,49.855303731,0,56,54,2,0.041389505,5,0,0,0,0,1290,7,20297,88519,25912,27,1773154
1576,1706585405.182894468,1706585405.279110432,1,0,0,1,59.310824321,-14.990438436,0.075026212,-0.005614503,0.025456387,0.985528782,0.167491697,1328,418,0.314759036,0.041563655,0.023769061,0.018818438,0.183965828,44.607989979,0.000000000,0.202222534,0.100077313,2.646949646,0.166798485,49.569554721,0,40,38,2,0.030120482,5,0,0,0,0,1280,8,20299,88559,25917,27,1774434
1577,1706585405.282741547,1706585405.382568359,1,0,0,1,59.177323466,-14.940848925,0.075305530,-0.004134898,0.024670671,0.985874315,0.165608257,1281,390,0.304449649,0.040424409,0.022497971,0.016074602,0.146694693,47.338100665,0.000000000,0.197049324,0.100974728,2.638864173,0.148715483,49.326824129,0,37,33,4,0.028883685,12,0,0,0,0,1230,14,20305,88596,25929,27,1775664
1578,1706585405.382580757,1706585405.482418299,1,0,0,1,59.051401371,-14.889165559,0.074715934,-0.004049302,0.027253829,0.985945117,0.164781849,1316,399,0.303191489,0.042496798,0.025954691,0.019402172,0.195662890,42.912047966,0.000000000,0.195238650,0.101130706,2.612061089,0.130252897,48.853012806,0,29,27,2,0.022036474,10,0,0,0,0,1277,10,20307,88625,25939,27,1776941
1579,1706585405.482429743,1706585405.582248211,1,0,0,1,58.920569444,-14.843339042,0.073991862,-0.002925481,0.028596808,0.987431575,0.155410904,1309,393,0.300229183,0.041345574,0.025842477,0.019384273,0.226308825,43.512545759,0.000000000,0.196659207,0.102176970,2.598760121,0.142591786,48.444168691,0,32,30,2,0.024446142,4,0,0,0,0,1273,4,20308,88657,25943,27,1778214
1580,1706585405.583060265,1706585405.682877302,1,0,0,1,58.787605042,-14.808621984,0.075083456,0.002943822,0.026345386,0.989148740,0.144506144,1410,395,0.280141844,0.045844057,0.033085185,0.021551781,0.254957917,44.120548482,0.000000000,0.200153139,0.100142517,2.595803397,0.157439396,48.184747623,0,43,41,2,0.030496454,7,0,0,0,0,1360,7,20314,88700,25950,27,1779574
1581,1706585405.682888746,1706585405.782715082,1,0,0,1,58.661829757,-14.780480103,0.081868969,0.003296959,0.021618860,0.990172900,0.138128143,1504,422,0.280585106,0.053502621,0.036011855,0.025495615,0.300613978,49.447550802,0.000000000,0.205211199,0.105478873,2.600146144,0.164868074,48.441624161,0,48,44,4,0.031914894,11,0,0,0,0,1445,11,20324,88748,25961,27,1781019
1582,1706585405.782726526,1706585405.882553101,1,0,0,1,58.532795153,-14.748091134,0.083157345,0.001901133,0.020726090,0.990900034,0.132980966,1537,444,0.288874431,0.051855453,0.036519909,0.022395487,0.312046985,51.478970194,0.000000000,0.211124894,0.109843485,2.631538155,0.152539246,48.633980437,0,34,33,1,0.022121015,11,0,0,0,0,1492,11,20334,88782,25972,27,1782511
1583,1706585405.882565498,1706585405.982393742,1,0,0,1,58.412316602,-14.719488246,0.097518763,0.005884196,0.015790787,0.991211139,0.131211682,1513,429,0.283542631,0.056123075,0.039191189,0.023280126,0.336929902,49.579384341,0.000000000,0.214503269,0.119091141,2.626074099,0.153135578,48.835746652,0,34,30,4,0.022471910,15,0,0,0,0,1464,15,20342,88816,25987,27,1783975
1584,1706585405.982406378,1706585406.082243681,1,0,0,1,58.285519978,-14.689408283,0.102252933,0.002025007,0.011609537,0.991271831,0.131306038,1507,402,0.266755143,0.055466505,0.041607574,0.024007492,0.321640084,50.683038841,0.000000000,0.218617792,0.121568237,2.613639138,0.150738351,48.778613042,0,37,35,2,0.024552090,9,0,0,0,0,1461,9,20347,88853,25996,27,1785436
1585,1706585406.083054304,1706585406.182883263,1,0,0,1,58.156560035,-14.651931046,0.102454254,-0.001244829,0.012969168,0.991363228,0.130495982,1491,392,0.262910798,0.060763566,0.041021259,0.025897766,0.338859764,49.967829882,0.000000000,0.223018159,0.135282978,2.612557409,0.151522532,48.933524778,0,30,29,1,0.020120724,18,0,0,0,0,1443,18,20349,88883,26014,27,1786879
1586,1706585406.182895660,1706585406.282721281,1,0,0,1,58.025846279,-14.611081411,0.106326752,-0.003684807,0.015528233,0.991362694,0.130174134,1462,396,0.270861833,0.058300425,0.043044136,0.023530603,0.301688762,53.748250897,0.000000000,0.227448608,0.145793170,2.609842692,0.141856644,49.039536425,0,44,41,3,0.030095759,8,0,0,0,0,1410,8,20351,88927,26022,27,1788289
1587,1706585406.282732964,1706585406.381472826,1,0,0,1,57.900431155,-14.575036852,0.111056154,-0.007614108,0.014239941,0.991352549,0.130228160,1409,371,0.263307310,0.052329368,0.039638696,0.024316569,0.318971162,52.934083271,0.000000000,0.233262777,0.147422353,2.587777163,0.136808719,49.064257824,0,28,24,4,0.019872250,15,0,0,0,0,1365,16,20358,88955,26037,27,1789654
1588,1706585406.382582426,1706585406.480220795,1,0,0,1,57.774482187,-14.536144890,0.118501795,-0.007142955,0.014244056,0.991734876,0.127310727,1372,374,0.272594752,0.055731160,0.043619812,0.024529665,0.325759748,51.873498975,0.000000000,0.238565485,0.151037319,2.573537110,0.138625563,49.060971700,0,33,28,5,0.024052478,12,0,0,0,0,1323,16,20367,88988,26049,27,1790977
1589,1706585406.482429028,1706585406.579003572,1,0,0,1,57.651428817,-14.497612509,0.117976094,-0.005942732,0.019384800,0.992034420,0.124324671,1422,369,0.259493671,0.052856290,0.038172884,0.021857646,0.285035257,54.142625125,0.000000000,0.241707757,0.150900320,2.570314256,0.122102100,49.281793137,0,34,30,4,0.023909986,7,0,0,0,0,1381,7,20375,89022,26056,27,1792358
1590,1706585406.583060265,1706585406.682874680,1,0,0,1,57.525893409,-14.474157948,0.123318088,-0.002285772,0.012145612,0.992442800,0.122084187,1402,339,0.241797432,0.061976618,0.047759817,0.023875794,0.335390046,58.968153886,0.000000000,0.249532889,0.158175258,2.560543455,0.109112067,49.330836573,0,26,23,3,0.018544936,13,0,0,0,0,1362,14,20377,89048,26069,27,1793720
1591,1706585406.682886362,1706585406.782718658,1,0,0,1,57.394030596,-14.442907368,0.124804709,-0.008236670,0.009953684,0.992555993,0.121101947,1371,342,0.249452954,0.060167872,0.048132937,0.028659103,0.336148745,61.065752495,0.000000000,0.257875762,0.160708152,2.554378201,0.105911355,49.935564120,0,31,30,1,0.022611233,13,0,0,0,0,1327,13,20374,89079,26082,27,1795047
1592,1706585406.782731295,1706585406.882553339,1,0,0,1,57.256388879,-14.406943153,0.130609043,-0.010421005,0.007570198,0.992312722,0.123083534,1342,291,0.216840537,0.049264712,0.036560348,0.022286010,0.311505307,56.949320514,0.000000000,0.263658089,0.157498848,2.555738704,0.105561901,50.597430679,0,21,21,0,0.015648286,6,0,0,0,0,1315,6,20375,89100,26088,27,1796362
1593,1706585406.882565022,1706585406.982408762,1,0,0,1,57.123461458,-14.370584870,0.136047229,-0.011107006,0.003674141,0.991994168,0.125740626,1335,329,0.246441948,0.057754875,0.049677836,0.027687233,0.292372830,63.442069133,0.000000000,0.272290075,0.147968810,2.550589946,0.110413410,51.007678644,0,34,31,3,0.025468165,7,0,0,0,0,1294,7,20381,89134,26095,27,1797656
1594,1706585406.982421160,1706585407.082252264,1,0,0,1,56.996082701,-14.334068717,0.138823059,-0.013696354,0.001951673,0.991517785,0.129232668,1402,323,0.230385164,0.060214035,0.049983431,0.028742926,0.364467268,60.408922819,0.000000000,0.282705199,0.139148245,2.543553905,0.116555389,51.682605340,0,36,28,8,0.025677603,12,0,0,0,0,1354,12,20391,89170,26107,27,1799010
1595,1706585407.083060980,1706585407.182307243,1,0,0,1,56.877615134,-14.291256120,0.137726897,-0.005182355,0.006782432,0.991239195,0.131802885,1348,353,0.261869436,0.059649889,0.045961406,0.026918140,0.332998734,65.978083147,0.000000000,0.291100936,0.131319298,2.536751394,0.115398785,52.657938359,0,26,24,2,0.019287834,9,0,0,0,0,1313,9,20396,89196,26116,27,1800323
1596,1706585407.182905197,1706585407.280933142,1,0,0,1,56.765457158,-14.243653998,0.134049945,0.000062083,0.016946617,0.990691731,0.135065546,1432,316,0.220670391,0.067822808,0.050403527,0.033394575,0.398852047,61.902809338,0.000000000,0.301845247,0.132106551,2.516234706,0.118267254,53.522679327,0,45,40,5,0.031424581,20,0,0,0,0,1366,21,20403,89241,26136,27,1801689
1597,1706585407.282755136,1706585407.379606009,1,0,0,1,56.648227038,-14.203608241,0.139041813,0.002200942,0.017830226,0.990278172,0.137936149,1396,337,0.241404011,0.056907814,0.043816484,0.024605448,0.371145621,59.990713360,0.000000000,0.313067794,0.117040129,2.504099289,0.122420411,54.155309961,0,22,17,5,0.015759312,14,0,0,0,0,1357,17,20410,89263,26150,27,1803046
1598,1706585407.382601976,1706585407.482430935,1,0,0,1,56.527848461,-14.164374703,0.140134781,0.003704471,0.018232562,0.989935217,0.140292966,1398,324,0.231759657,0.057680584,0.040709898,0.027755842,0.368439637,59.650020291,0.000000000,0.321706631,0.103618246,2.492087207,0.108289152,54.992208578,0,32,28,4,0.022889843,12,0,0,0,0,1354,12,20414,89295,26162,27,1804400
1599,1706585407.482442856,1706585407.582271338,1,0,0,1,56.404763210,-14.123847451,0.140954351,0.005242468,0.021109647,0.990263340,0.137496967,1412,334,0.236543909,0.056461500,0.043091224,0.029311310,0.326240427,66.613570913,0.000000000,0.326703211,0.083794984,2.484249098,0.092135329,56.147259835,0,33,28,5,0.023371105,8,0,0,0,0,1371,8,20422,89328,26170,27,1805771
1600,1706585407.583081722,1706585407.681354761,1,0,0,1,56.278903514,-14.087788982,0.141845568,0.001628629,0.019715113,0.990716297,0.134498627,1399,354,0.253037884,0.069029446,0.053812101,0.033258047,0.373336789,64.825116133,0.000000000,0.332622155,0.083471940,2.486111631,0.085479213,57.182488218,0,35,32,3,0.025017870,18,0,0,0,0,1346,18,20425,89363,26188,27,1807117
1601,1706585407.682914734,1706585407.780169487,1,0,0,1,56.150943788,-14.054557013,0.142733635,0.003442263,0.020424227,0.991652463,0.127265055,1393,355,0.254845657,0.060970412,0.047062683,0.030892820,0.385217178,68.244199220,0.000000000,0.336852315,0.082071955,2.485275479,0.089547936,58.122320639,0,40,35,5,0.028715004,15,0,0,0,0,1338,15,20434,89403,26203,27,1808455
1602,1706585407.782753229,1706585407.882596731,1,0,0,1,56.005997631,-14.012365809,0.137071582,-0.003640456,0.026421062,0.992367748,0.120394883,1377,321,0.233115468,0.057808260,0.041348504,0.027402401,0.311137269,67.887531437,0.000000000,0.336806829,0.077948893,2.511686135,0.100317373,58.942748701,0,29,26,3,0.021060276,11,0,0,0,0,1332,16,20440,89432,26214,27,1809787
1603,1706585407.882608891,1706585407.982436657,1,0,0,1,55.869178160,-13.977429307,0.133301877,-0.007472676,0.028313018,0.992790205,0.116233135,1381,350,0.253439537,0.061513053,0.045261825,0.027981703,0.291222026,67.190545918,0.000000000,0.334521435,0.077912594,2.522544270,0.108860213,59.823306780,0,37,33,4,0.026792180,11,0,0,0,0,1332,12,20445,89469,26225,27,1811119
1604,1706585407.982448578,1706585408.082279205,1,0,0,1,55.731849459,-13.949980462,0.132049044,-0.008375113,0.022748607,0.993315415,0.112857630,1339,315,0.235250187,0.055905673,0.043947742,0.029055369,0.381836060,70.675974614,0.000000000,0.337531234,0.077640617,2.528299521,0.113861373,60.822953568,0,32,30,2,0.023898432,9,0,0,0,0,1298,9,20452,89501,26234,27,1812417
1605,1706585408.083091497,1706585408.182909250,1,0,0,1,55.586453326,-13.917567958,0.126508563,-0.019098674,0.020744416,0.993372757,0.111424751,1319,310,0.235026535,0.057401364,0.044765539,0.026157924,0.322655489,69.064822093,0.000000000,0.336721020,0.077540524,2.540364807,0.116305895,61.777803179,0,26,24,2,0.019711903,14,0,0,0,0,1279,14,20457,89527,26248,27,1813696
1606,1706585408.182920933,1706585408.282743692,1,0,0,1,55.448669821,-13.873237004,0.116681346,-0.019259555,0.025149268,0.993093766,0.112966175,1253,287,0.229050279,0.058953270,0.047814341,0.030644983,0.300409825,61.873640819,0.000000000,0.336657073,0.077512426,2.554859873,0.119185371,62.184072675,0,24,22,2,0.019154030,8,0,0,0,0,1221,8,20461,89551,26256,27,1814917
1607,1706585408.282755375,1706585408.382593155,1,0,0,1,55.313656370,-13.829102680,0.101921396,-0.022452311,0.030800860,0.992654907,0.114819142,1247,283,0.226944667,0.058386171,0.043167162,0.027175465,0.274740801,65.380019118,0.000000000,0.334445555,0.073255979,2.565641443,0.116649330,62.806369467,0,24,22,2,0.019246191,12,0,0,0,0,1211,12,20464,89575,26268,27,1816128
1608,1706585408.382604837,1706585408.482132196,1,0,0,1,55.174219147,-13.792988179,0.091627519,-0.027125668,0.030823768,0.992403560,0.115970974,1186,282,0.237774030,0.059433262,0.046734344,0.025561285,0.327278153,58.186578975,0.000000000,0.334521475,0.072049149,2.581100667,0.112694705,63.122023467,0,19,19,0,0.016020236,6,0,0,0,0,1161,6,20467,89594,26274,27,1817289
1609,1706585408.482456684,1706585408.580778122,1,0,0,1,55.043951067,-13.753697028,0.080875058,-0.024369858,0.029431386,0.992043943,0.119952984,1198,273,0.227879800,0.050437536,0.041217549,0.026710374,0.268848131,60.143122056,0.000000000,0.333712119,0.075641559,2.589770058,0.116584536,63.422048314,0,31,30,1,0.025876461,3,0,0,0,0,1164,3,20469,89625,26277,27,1818453
1610,1706585408.583099604,1706585408.682925224,1,0,0,1,54.910217101,-13.704897418,0.063453561,-0.023298226,0.035101308,0.991579444,0.122455286,1225,284,0.231836735,0.063436705,0.048436442,0.023722240,0.295178382,64.301388900,0.000000000,0.331701536,0.076592331,2.597667942,0.119316555,63.688710065,0,26,20,6,0.021224490,15,0,0,0,0,1183,16,20479,89651,26292,27,1819636
1611,1706585408.682937145,1706585408.782768488,1,0,0,1,54.772983138,-13.661883957,0.048572889,-0.032027592,0.034793228,0.990908993,0.125948532,1159,276,0.238136324,0.058930243,0.048069972,0.027783457,0.345652244,59.007392795,0.000000000,0.332176711,0.076528410,2.599871673,0.121950191,63.585792080,0,24,23,1,0.020707506,10,0,0,0,0,1125,10,20480,89675,26302,27,1820761
1612,1706585408.782781124,1706585408.882185459,1,0,0,1,54.640573020,-13.632726086,0.039671134,-0.022604032,0.026521567,0.991481931,0.125495997,1175,262,0.222978723,0.056607861,0.045502007,0.026479564,0.258237836,60.906041157,0.000000000,0.329513337,0.067078104,2.597828750,0.116552629,63.783628112,0,27,23,4,0.022978723,4,0,0,0,0,1144,4,20485,89702,26306,27,1821905
1613,1706585408.882621527,1706585408.980966568,1,0,0,1,54.503626659,-13.593649102,0.028087943,-0.023879688,0.025924887,0.991599641,0.124450042,1222,291,0.238134206,0.053660147,0.044172849,0.023694148,0.290040151,63.216108550,0.000000000,0.329396703,0.070259133,2.608172915,0.111578614,63.772330083,0,22,21,1,0.018003273,7,0,0,0,0,1190,10,20488,89724,26313,27,1823095
1614,1706585408.982450247,1706585409.079840183,1,0,0,1,54.373250241,-13.548344134,0.018505511,-0.018874355,0.028707957,0.991433115,0.126015834,1181,268,0.226926334,0.052341959,0.041653629,0.022940820,0.289688233,58.791292419,0.000000000,0.325657752,0.074794422,2.620557915,0.109687181,63.691448563,0,20,17,3,0.016934801,8,0,0,0,0,1150,11,20493,89744,26321,27,1824245
1615,1706585409.083098650,1706585409.182935476,1,0,0,1,54.233623832,-13.510740379,0.006805027,-0.016081207,0.025773614,0.991662360,0.125231307,1202,289,0.240432612,0.050946708,0.042276302,0.024873196,0.270337045,57.170840682,0.000000000,0.322524667,0.080541101,2.643734896,0.104427569,63.251086439,0,28,23,5,0.023294509,7,0,0,0,0,1165,9,20499,89772,26328,27,1825410
1616,1706585409.182947397,1706585409.282773495,1,0,0,1,54.100265332,-13.473966310,-0.002948261,-0.013660602,0.025557540,0.992115161,0.121933205,1275,312,0.244705882,0.053266200,0.045573993,0.023850950,0.262046683,69.728969424,0.000000000,0.315684399,0.073985140,2.658432414,0.105108482,63.642394444,0,30,27,3,0.023529412,6,0,0,0,0,1239,6,20501,89802,26334,27,1826649
1617,1706585409.282785892,1706585409.382622242,1,0,0,1,53.976991539,-13.442889026,-0.016220044,-0.009912913,0.026182684,0.992421935,0.119644907,1307,307,0.234889059,0.054658556,0.040875648,0.024591340,0.280444657,68.196627085,0.000000000,0.311149351,0.074892855,2.659638602,0.104765381,64.052690130,0,15,14,1,0.011476664,8,0,0,0,0,1284,8,20508,89817,26342,27,1827933
1618,1706585409.382632494,1706585409.482482672,1,0,0,1,53.857200631,-13.414218328,-0.024487009,-0.010210947,0.021647422,0.992905026,0.116476329,1322,317,0.239788200,0.057548883,0.043091180,0.022850422,0.312281656,64.056930769,0.000000000,0.308341452,0.074895399,2.653501633,0.105472765,64.273035654,0,26,25,1,0.019667171,8,0,0,0,0,1288,8,20511,89843,26350,27,1829221
1619,1706585409.482495308,1706585409.582330942,1,0,0,1,53.737427405,-13.384334255,-0.033001264,-0.008209201,0.021482611,0.993247077,0.113716097,1315,348,0.264638783,0.051802327,0.042967687,0.025437565,0.269541908,67.684594276,0.000000000,0.305506526,0.078118722,2.646313768,0.104749453,64.326586822,0,23,22,1,0.017490494,12,0,0,0,0,1280,12,20515,89866,26362,27,1830501
1620,1706585409.582742453,1706585409.682572126,1,0,0,1,53.625602924,-13.353235948,-0.040516977,-0.005226196,0.022944933,0.993305040,0.113098692,1345,333,0.247583643,0.057144450,0.044380650,0.028104552,0.319351450,73.791304664,0.000000000,0.302807259,0.062577064,2.630417431,0.091386931,64.774896249,0,42,39,3,0.031226766,10,0,0,0,0,1293,10,20521,89908,26372,27,1831794
1621,1706585409.682584286,1706585409.781971931,1,0,0,1,53.512703562,-13.322521705,-0.045494696,-0.010424178,0.022419428,0.993492545,0.111181239,1333,349,0.261815454,0.057494890,0.042277851,0.026100008,0.313504725,71.524147556,0.000000000,0.299221636,0.060316888,2.596457949,0.081238004,64.938893665,0,25,23,2,0.018754689,10,0,0,0,0,1298,10,20527,89933,26382,27,1833092
1622,1706585409.782420874,1706585409.880706072,1,0,0,1,53.409934228,-13.297120796,-0.041525380,-0.002307730,0.021015761,0.993715729,0.109918435,1310,302,0.230534351,0.058312109,0.048998571,0.025447598,0.339353451,67.552457902,0.000000000,0.300632445,0.060508033,2.561134417,0.074843262,64.922139989,0,35,32,3,0.026717557,7,0,0,0,0,1268,7,20536,89968,26389,27,1834360
1623,1706585409.883064985,1706585409.982890606,1,0,0,1,53.291893047,-13.269294630,-0.046102226,-0.005197173,0.019470086,0.993762886,0.109677854,1361,332,0.243938281,0.055748389,0.041844575,0.025057032,0.301369353,65.831033150,0.000000000,0.301139812,0.057148193,2.542446721,0.068699193,64.854164350,0,24,22,2,0.017634093,10,0,0,0,0,1327,10,20542,89992,26399,27,1835687
1624,1706585409.982902288,1706585410.082734108,1,0,0,1,53.171643046,-13.244223465,-0.048018805,-0.006968500,0.016640870,0.993862141,0.109144703,1371,340,0.247994165,0.057552087,0.043500848,0.026519422,0.285674114,57.402163871,0.000000000,0.296331714,0.057322794,2.516229326,0.066605041,64.190473813,0,34,34,0,0.024799416,10,0,0,0,0,1327,10,20542,90026,26409,27,1837014
1625,1706585410.082745790,1706585410.182133913,1,0,0,1,53.047733712,-13.208144391,-0.053240442,-0.006359456,0.019300332,0.993887825,0.108508277,1330,323,0.242857143,0.056278806,0.045563765,0.026195444,0.316514760,67.779063095,0.000000000,0.296024678,0.057173386,2.500317286,0.064999907,64.126185863,0,26,23,3,0.019548872,7,0,0,0,0,1297,7,20552,90052,26416,27,1838311
1626,1706585410.182568550,1706585410.280924082,1,0,0,1,52.913628215,-13.172794181,-0.054595073,-0.012951516,0.021943344,0.993624667,0.109821533,1288,299,0.232142857,0.056282346,0.042416121,0.024919184,0.287243065,58.536770934,0.000000000,0.295366340,0.056156135,2.496201610,0.064018966,63.959342369,0,34,31,3,0.026397516,7,0,0,0,0,1247,7,20557,90086,26423,27,1839558
1627,1706585410.282411575,1706585410.379762173,1,0,0,1,52.776648848,-13.139251036,-0.057515816,-0.017120078,0.022389227,0.993423542,0.110974287,1252,291,0.232428115,0.055676687,0.039105276,0.022802836,0.241145598,56.259949614,0.000000000,0.293686580,0.055449154,2.492852868,0.064066434,63.503338894,0,24,22,2,0.019169329,7,0,0,0,0,1219,9,20561,90110,26430,27,1840777
1628,1706585410.383041620,1706585410.482872963,1,0,0,1,52.637911248,-13.103651025,-0.062285744,-0.012482042,0.019527239,0.993407509,0.112269352,1267,328,0.258879242,0.056975349,0.042335405,0.024352037,0.323117306,64.175852274,0.000000000,0.293478537,0.053845937,2.499675773,0.058694360,63.802802559,0,23,18,5,0.018153118,7,0,0,0,0,1237,7,20569,90133,26437,27,1842014
1629,1706585410.482884645,1706585410.582713127,1,0,0,1,52.496374428,-13.064327851,-0.067793274,-0.012713001,0.022120354,0.993399459,0.111832839,1328,306,0.230421687,0.051375789,0.036699975,0.018748674,0.247032380,66.813308576,0.000000000,0.292387750,0.052418646,2.503255497,0.054868146,64.136311885,0,43,31,12,0.032379518,6,0,0,0,0,1278,7,20586,90176,26443,27,1843292
1630,1706585410.582725048,1706585410.682568073,1,0,0,1,52.363807660,-13.026186934,-0.067606976,-0.009250681,0.020799753,0.993086848,0.115153411,1314,331,0.251902588,0.055171154,0.041899541,0.022830632,0.288531385,65.686260546,0.000000000,0.292055400,0.042305055,2.496615335,0.055053537,64.205555467,0,23,19,4,0.017503805,6,0,0,0,0,1283,8,20592,90199,26449,27,1844575
1631,1706585410.682580948,1706585410.782408237,1,0,0,1,52.232158311,-12.989847934,-0.067253768,-0.010380931,0.019925908,0.992774144,0.117875759,1304,347,0.266104294,0.048755553,0.039587608,0.019941125,0.287991832,59.410889918,0.000000000,0.289172379,0.047532605,2.497313954,0.060475618,64.225730323,0,28,24,4,0.021472393,7,0,0,0,0,1269,7,20598,90227,26456,27,1845844
1632,1706585410.782419920,1706585410.882240295,1,0,0,1,52.101937101,-12.949007330,-0.065833605,-0.011981155,0.023360153,0.992410507,0.120133844,1300,335,0.257692308,0.053358997,0.042324548,0.025610039,0.280553084,64.328336656,0.000000000,0.290288142,0.047463121,2.490913910,0.062755680,64.396845098,0,28,25,3,0.021538462,10,0,0,0,0,1259,13,20603,90255,26466,27,1847103
1633,1706585410.883049488,1706585410.982882500,1,0,0,1,51.983922540,-12.912811104,-0.059238740,-0.004245459,0.021662987,0.991938857,0.124779783,1301,349,0.268255188,0.055061907,0.045680311,0.026815478,0.272218559,62.170448857,0.000000000,0.289397062,0.047209121,2.476174672,0.069235916,64.344562113,0,28,25,3,0.021521906,11,0,0,0,0,1261,12,20609,90283,26477,27,1848364
1634,1706585410.982894421,1706585411.081611156,1,0,0,1,51.858848825,-12.879544174,-0.058828702,-0.013209067,0.018237357,0.991556797,0.127702929,1316,361,0.274316109,0.049835831,0.038355194,0.020158662,0.271797351,64.812116735,0.000000000,0.288502518,0.050437142,2.460523544,0.073564914,64.645603329,0,28,26,2,0.021276596,6,0,0,0,0,1282,6,20613,90311,26483,27,1849646
1635,1706585411.082747698,1706585411.180294037,1,0,0,1,51.746907528,-12.840208134,-0.055713272,-0.009603399,0.016724078,0.990719373,0.134548151,1231,304,0.246953696,0.051553737,0.038054585,0.022571544,0.257022063,63.238858098,0.000000000,0.287836769,0.049714502,2.440536636,0.080959557,64.949004200,0,25,20,5,0.020308692,4,0,0,0,0,1202,4,20620,90336,26487,27,1850848
1636,1706585411.182576895,1706585411.282393456,1,0,0,1,51.629778371,-12.792883919,-0.057826205,-0.010517908,0.017339327,0.989579405,0.142552875,1278,338,0.264475743,0.055072356,0.041414330,0.024058494,0.294105051,64.905651748,0.000000000,0.289439687,0.049286631,2.439060914,0.092617510,64.707838316,0,21,21,0,0.016431925,8,0,0,0,0,1249,8,20621,90357,26495,27,1852097
1637,1706585411.282406807,1706585411.382246971,1,0,0,1,51.511235696,-12.750548837,-0.052986600,-0.017517299,0.014921869,0.988511984,0.149380520,1189,300,0.252312868,0.052258333,0.040429123,0.022456885,0.273120449,61.370704356,0.000000000,0.289073477,0.050412589,2.441578090,0.100090559,64.366542180,0,22,22,0,0.018502944,4,0,0,0,0,1163,4,20621,90379,26499,27,1853260
1638,1706585411.383056164,1706585411.481975079,1,0,0,1,51.407524182,-12.712241878,-0.049331405,-0.008426003,0.009597853,0.987163399,0.159202098,1081,271,0.250693802,0.055878991,0.041438538,0.025692267,0.332624890,61.453731255,0.000000000,0.290090639,0.049314310,2.428460103,0.114750620,64.236382204,0,20,19,1,0.018501388,6,0,0,0,0,1055,6,20625,90399,26505,27,1854315
1639,1706585411.482885599,1706585411.580869913,1,0,0,1,51.299610734,-12.660374428,-0.054698647,-0.008614398,0.015674789,0.986329429,0.163811937,1111,262,0.235823582,0.058457543,0.043108155,0.026962716,0.235728911,59.174640283,0.000000000,0.288399989,0.049872643,2.432000235,0.122815410,63.810884504,0,29,29,0,0.026102610,8,0,0,0,0,1073,9,20627,90428,26513,27,1855388
1640,1706585411.582729101,1706585411.679813623,1,0,0,1,51.190885706,-12.613563506,-0.054541393,-0.009745568,0.017548124,0.985756512,0.166976605,1061,273,0.257304430,0.054766551,0.044601089,0.023857972,0.231261807,60.756760644,0.000000000,0.283995507,0.049099405,2.433265766,0.125115061,63.159157303,0,16,13,3,0.015080113,3,0,0,0,0,1040,5,20631,90444,26516,27,1856428
1641,1706585411.682569504,1706585411.782399178,1,0,0,1,51.075974814,-12.570319846,-0.050230961,-0.008388662,0.014238287,0.985683784,0.167792666,1077,283,0.262766945,0.056121442,0.044927151,0.026261593,0.217517184,60.915315834,0.000000000,0.279196130,0.048195747,2.450183482,0.124665637,62.628715717,0,17,16,1,0.015784587,7,0,0,0,0,1053,7,20635,90461,26523,27,1857481
1642,1706585411.782410860,1706585411.882237434,1,0,0,1,50.959723109,-12.538104537,-0.046796106,-0.010523820,0.012315386,0.986435240,0.163349619,1077,284,0.263695450,0.055438038,0.046653923,0.027050201,0.260981984,52.622965695,0.000000000,0.275277556,0.046050930,2.449502285,0.133095493,61.882241107,0,33,27,6,0.030640669,4,0,0,0,0,1038,6,20646,90494,26527,27,1858519
1643,1706585411.883048058,1706585411.982877016,1,0,0,1,50.848437532,-12.495113908,-0.050489407,-0.011641326,0.018353236,0.987708504,0.154788723,1121,270,0.240856378,0.057698225,0.046976986,0.027989883,0.243656654,53.730629485,0.000000000,0.272391921,0.047430687,2.446009490,0.149534046,61.277220924,0,21,17,4,0.018733274,6,0,0,0,0,1094,6,20651,90515,26533,27,1859613
1644,1706585411.982888937,1706585412.082721710,1,0,0,1,50.742313624,-12.454110817,-0.055911296,-0.010414146,0.021726632,0.988980850,0.146069767,1164,307,0.263745704,0.057196135,0.042079241,0.026536840,0.270443455,61.780865390,0.000000000,0.271630388,0.047105360,2.430747574,0.165924414,61.496156000,0,24,22,2,0.020618557,12,0,0,0,0,1127,13,20656,90539,26545,27,1860740
1645,1706585412.082733393,1706585412.182545900,1,0,0,1,50.633720866,-12.425400608,-0.055667003,-0.011746250,0.018464421,0.989908170,0.140010376,1225,355,0.289795918,0.051966483,0.040690759,0.024384146,0.244373597,70.422625325,0.000000000,0.268023330,0.047949078,2.404378730,0.175764978,61.628334111,0,27,27,0,0.022040816,9,0,0,0,0,1189,9,20660,90566,26554,27,1861929
1646,1706585412.182570219,1706585412.282410622,1,0,0,1,50.526547432,-12.404430310,-0.057862442,-0.013090706,0.015592066,0.990975200,0.132490277,1231,361,0.293257514,0.058001221,0.046045237,0.024151534,0.248106776,63.704426003,0.000000000,0.266066516,0.049449663,2.372549759,0.188732887,61.886716865,0,37,34,3,0.030056864,12,0,0,0,0,1182,12,20667,90603,26566,27,1863111
1647,1706585412.282422781,1706585412.380773306,1,0,0,1,50.417549350,-12.371270357,-0.061051820,-0.015204526,0.017587106,0.991367402,0.129035617,1253,340,0.271348763,0.059664737,0.047053667,0.027036961,0.238063345,61.320560888,0.000000000,0.265912403,0.053218637,2.343213247,0.192964614,62.139747428,0,21,21,0,0.016759777,12,0,0,0,0,1220,12,20671,90624,26578,27,1864331
1648,1706585412.383058071,1706585412.479256630,1,0,0,1,50.306999894,-12.342553945,-0.059743455,-0.015307733,0.016368894,0.991745933,0.126244750,1253,352,0.280925778,0.050464508,0.040865966,0.025241256,0.219394414,65.801351429,0.000000000,0.260726259,0.055251162,2.310437940,0.197593625,62.221022386,0,20,19,1,0.015961692,4,0,0,0,0,1229,4,20673,90644,26582,27,1865560
1649,1706585412.482914925,1706585412.582746506,1,0,0,1,50.192643409,-12.312530354,-0.057536311,-0.012724246,0.015684416,0.992248823,0.122614702,1268,366,0.288643533,0.054050265,0.044679762,0.026005845,0.237184137,60.968179222,0.000000000,0.260233846,0.053661955,2.290746008,0.197999546,61.928765918,0,33,31,2,0.026025237,9,0,0,0,0,1226,9,20680,90677,26591,27,1866786
1650,1706585412.582758427,1706585412.682593107,1,0,0,1,50.071185406,-12.287889789,-0.061016920,-0.016496287,0.014743072,0.992765520,0.118013289,1261,355,0.281522601,0.057488338,0.046025243,0.025927412,0.242096293,62.379182988,0.000000000,0.257912092,0.054789233,2.278154077,0.201848524,61.763412040,0,29,27,2,0.022997621,9,0,0,0,0,1223,9,20685,90706,26600,27,1868009
1651,1706585412.682604790,1706585412.781868696,1,0,0,1,49.959443700,-12.257694166,-0.058223249,-0.010878394,0.015631484,0.993410205,0.113019832,1217,350,0.287592440,0.055464258,0.047543192,0.027471902,0.263098494,63.911683827,0.000000000,0.256667425,0.048617005,2.257454719,0.207416926,61.988451736,0,35,34,1,0.028759244,4,0,0,0,0,1178,4,20687,90741,26604,27,1869187
1652,1706585412.782429457,1706585412.880841732,1,0,0,1,49.843052036,-12.230430085,-0.058039595,-0.011552910,0.015047841,0.993724973,0.110230537,1261,331,0.262490087,0.055107556,0.043352762,0.025460436,0.191119413,61.399634740,0.000000000,0.252195741,0.048062283,2.253380382,0.203341825,61.842016640,0,31,25,6,0.024583664,12,0,0,0,0,1217,13,20701,90772,26616,27,1870404
1653,1706585412.883075953,1706585412.982902050,1,0,0,1,49.718878704,-12.206140267,-0.054852630,-0.011423717,0.012956973,0.994306953,0.105144182,1248,337,0.270032051,0.056229461,0.049077553,0.026353700,0.241516835,64.559155926,0.000000000,0.250660655,0.048226570,2.250524321,0.207839012,61.961451994,0,36,35,1,0.028846154,7,0,0,0,0,1205,7,20709,90808,26623,27,1871609
1654,1706585412.982913733,1706585413.082728386,1,0,0,1,49.603301402,-12.176963102,-0.054819835,-0.005021485,0.016656237,0.994639257,0.101931850,1298,358,0.275808937,0.060597822,0.051156197,0.029191459,0.236513754,64.879445556,0.000000000,0.248896475,0.047072410,2.251035204,0.200274899,61.964818435,0,42,35,7,0.032357473,10,0,0,0,0,1245,11,20721,90850,26633,27,1872854
1655,1706585413.082738638,1706585413.182579517,1,0,0,1,49.484661620,-12.148102074,-0.055034135,-0.005885591,0.019411053,0.994897928,0.098826535,1294,369,0.285162287,0.056610477,0.048455943,0.026533493,0.243639897,64.714686011,0.000000000,0.248227367,0.043795579,2.246789278,0.190453461,62.038609830,0,48,42,6,0.037094281,9,0,0,0,0,1236,10,20731,90898,26642,27,1874090
1656,1706585413.182590485,1706585413.282416821,1,0,0,1,49.364519678,-12.124753594,-0.051551669,-0.004900546,0.017724649,0.994965339,0.098517994,1277,346,0.270947533,0.058225005,0.047235880,0.026826962,0.270924091,65.131036728,0.000000000,0.247068319,0.044404460,2.243260075,0.177264155,62.049879079,0,36,32,4,0.028191073,9,0,0,0,0,1231,10,20735,90934,26651,27,1875321
1657,1706585413.282427788,1706585413.382257462,1,0,0,1,49.248798908,-12.103434372,-0.049550343,-0.001110413,0.016450533,0.994883817,0.099671149,1380,395,0.286231884,0.059426617,0.050314503,0.026758432,0.243132861,64.650756764,0.000000000,0.245568940,0.043035623,2.250324945,0.159571341,62.213881700,0,45,40,5,0.032608696,6,0,0,0,0,1328,7,20746,90979,26657,27,1876649
1658,1706585413.383068562,1706585413.482900858,1,0,0,1,49.128078965,-12.073944998,-0.050079477,-0.003806895,0.017725702,0.994457760,0.103561913,1342,390,0.290611028,0.058848533,0.051025160,0.027956859,0.238927867,64.555594890,0.000000000,0.240884089,0.043827863,2.254744274,0.158077470,62.368974881,0,41,38,3,0.030551416,7,0,0,0,0,1294,7,20752,91020,26664,27,1877943
1659,1706585413.482912302,1706585413.581936359,1,0,0,1,49.008673489,-12.036958907,-0.046752136,-0.001638685,0.019727570,0.993624195,0.110991426,1333,362,0.271567892,0.062494274,0.054467635,0.028153515,0.242850174,63.052629431,0.000000000,0.241240152,0.048793536,2.261417041,0.166727098,62.562874339,0,35,32,3,0.026256564,10,0,0,0,0,1288,10,20760,91055,26674,27,1879231
1660,1706585413.582746029,1706585413.680419207,1,0,0,1,48.892844101,-12.004527680,-0.048739333,0.001090049,0.018325197,0.992638541,0.119715188,1356,396,0.292035398,0.059028697,0.045845119,0.030927436,0.288078420,65.405860425,0.000000000,0.244080982,0.048608530,2.258863412,0.182638756,62.795329328,0,37,36,1,0.027286136,11,0,0,0,0,1308,11,20766,91092,26685,27,1880539
1661,1706585413.682602882,1706585413.778926134,1,0,0,1,48.761613528,-11.969472479,-0.051769915,-0.002810756,0.019128632,0.992212288,0.123048648,1310,355,0.270992366,0.057047963,0.051089279,0.028078119,0.260210405,58.205228864,0.000000000,0.246215643,0.048438613,2.274047465,0.180207213,62.659824979,0,38,34,4,0.029007634,10,0,0,0,0,1262,10,20774,91130,26695,27,1881801
1662,1706585413.782458067,1706585413.882300615,1,0,0,1,48.629349657,-11.934635569,-0.052412514,0.000815569,0.019573623,0.991851435,0.125884625,1337,367,0.274495138,0.060257152,0.051801162,0.030274810,0.258128308,57.293509551,0.000000000,0.246072960,0.049250955,2.291465834,0.168531026,62.893352172,0,50,46,4,0.037397158,7,0,0,0,0,1280,7,20780,91180,26702,27,1883081
1663,1706585413.882712603,1706585413.982545137,1,0,0,1,48.493000000,-11.893405295,-0.054405534,-0.003823433,0.023125935,0.991776285,0.125818807,1328,370,0.278614458,0.057107234,0.046905220,0.027815377,0.272985242,62.241297256,0.000000000,0.247539389,0.049253667,2.320028045,0.151182375,63.318885561,0,36,35,1,0.027108434,10,0,0,0,0,1282,10,20785,91216,26712,27,1884363
1664,1706585413.982557297,1706585414.082067490,1,0,0,1,48.364944968,-11.851748757,-0.059640222,-0.000301070,0.026520699,0.992000213,0.123418550,1321,369,0.279333838,0.060470862,0.053758184,0.030110709,0.223654648,62.893555270,0.000000000,0.245199949,0.050594888,2.342465723,0.143691984,63.374520055,0,34,31,3,0.025738077,11,0,0,0,0,1276,11,20792,91250,26723,27,1885639
1665,1706585414.082404613,1706585414.181207418,1,0,0,1,48.235410925,-11.812471397,-0.067219132,0.002185982,0.031574703,0.992724221,0.116176073,1326,393,0.296380090,0.065275302,0.049554873,0.027907825,0.294665045,60.326132818,0.000000000,0.247714521,0.053300270,2.368807874,0.143025462,62.869695429,0,30,27,3,0.022624434,15,0,0,0,0,1281,15,20800,91280,26738,27,1886920
1666,1706585414.183041573,1706585414.282888412,1,0,0,1,48.096332257,-11.778911325,-0.069750577,-0.004252280,0.031399499,0.993251668,0.111566632,1300,376,0.289230769,0.059531463,0.046928014,0.030083748,0.264958705,61.243749684,0.000000000,0.248557117,0.053499259,2.397925564,0.145610933,62.746661614,0,34,32,2,0.026153846,10,0,0,0,0,1256,10,20805,91314,26748,27,1888176
1667,1706585414.282900095,1706585414.382730484,1,0,0,1,47.968010157,-11.746868591,-0.069768455,0.001512462,0.028788705,0.993981955,0.105682527,1341,389,0.290082028,0.067371518,0.057384925,0.032108998,0.244444065,62.312855489,0.000000000,0.248876153,0.063115338,2.415962027,0.151496378,62.796276344,0,31,31,0,0.023117077,13,0,0,0,0,1297,13,20805,91345,26761,27,1889473
1668,1706585414.382742405,1706585414.482573032,1,0,0,1,47.831228593,-11.714411177,-0.068577581,-0.003233240,0.027255380,0.994154903,0.104416090,1288,378,0.293478261,0.060404752,0.047106866,0.027406276,0.231914179,64.495017190,0.000000000,0.249502142,0.054373653,2.438294205,0.147044129,62.730959632,0,27,27,0,0.020962733,8,0,0,0,0,1253,8,20805,91372,26769,27,1890726
1669,1706585414.482584238,1706585414.582425117,1,0,0,1,47.701558219,-11.679453268,-0.069877697,-0.001201875,0.028444798,0.993803608,0.107442248,1289,369,0.286268425,0.053638862,0.041789159,0.026936277,0.274266791,59.236675677,0.000000000,0.251356274,0.054953716,2.448619268,0.143909449,62.644384454,0,26,25,1,0.020170675,11,0,0,0,0,1252,11,20808,91398,26780,27,1891978
1670,1706585414.582437277,1706585414.682258606,1,0,0,1,47.564355656,-11.639058998,-0.079186294,-0.006524270,0.030951382,0.993301558,0.111137127,1334,390,0.292353823,0.057067046,0.049624224,0.028322267,0.274958221,62.805653776,0.000000000,0.252999371,0.055164807,2.476163810,0.141040517,62.665707994,0,39,35,4,0.029235382,6,0,0,0,0,1289,6,20819,91437,26786,27,1893267
1671,1706585414.683068514,1706585414.782802343,1,0,0,1,47.427922878,-11.596406453,-0.083257703,-0.009661438,0.032765028,0.992778125,0.114998712,1306,402,0.307810107,0.058401873,0.047352535,0.028322380,0.252448566,57.682863095,0.000000000,0.252466874,0.053362302,2.499623931,0.142977421,62.354266957,0,30,24,6,0.022970904,11,0,0,0,0,1265,11,20828,91467,26797,27,1894532
1672,1706585414.782914639,1706585414.881364346,1,0,0,1,47.302972797,-11.559821952,-0.086845974,-0.006180242,0.033084396,0.992356933,0.118722131,1288,395,0.306677019,0.058948591,0.044419224,0.029137612,0.225294136,57.369478769,0.000000000,0.254175610,0.050857598,2.503302325,0.140491736,62.152759159,0,19,19,0,0.014751553,10,0,0,0,0,1259,10,20830,91486,26807,27,1895791
1673,1706585414.882749557,1706585414.979926109,1,0,0,1,47.173700808,-11.521438901,-0.088463946,-0.008340048,0.030593323,0.991906937,0.122943563,1270,368,0.289763780,0.059159135,0.050382525,0.027764097,0.281175637,53.653740241,0.000000000,0.256158551,0.049302598,2.518958694,0.142548671,61.607488374,0,25,23,2,0.019685039,8,0,0,0,0,1237,8,20834,91511,26815,27,1897028
1674,1706585414.982583284,1706585415.078572989,1,0,0,1,47.048067239,-11.486455353,-0.093510013,-0.003660003,0.027381839,0.991709561,0.125494961,1287,408,0.317016317,0.055871723,0.047374667,0.027363786,0.212750529,61.864002622,0.000000000,0.254970389,0.051029039,2.527369662,0.141683535,61.456716228,0,25,23,2,0.019425019,8,0,0,0,0,1253,9,20836,91536,26823,27,1898281
1675,1706585415.082429171,1706585415.182261944,1,0,0,1,46.912472367,-11.443050078,-0.097716004,-0.000899644,0.027443238,0.991267794,0.128973720,1329,403,0.303235515,0.052637728,0.046416182,0.026951861,0.212045447,62.290005088,0.000000000,0.253390667,0.056018880,2.547365249,0.148273526,61.335482182,0,27,22,5,0.020316027,6,0,0,0,0,1296,6,20842,91563,26829,27,1899577
1676,1706585415.183072090,1706585415.282882214,1,0,0,1,46.779318038,-11.401887388,-0.106987864,-0.002810246,0.030529262,0.991037934,0.130014922,1315,421,0.320152091,0.053586123,0.047181637,0.027525710,0.250404594,64.818075677,0.000000000,0.252364692,0.059751821,2.569359697,0.147785411,61.319834129,0,27,24,3,0.020532319,9,0,0,0,0,1279,9,20848,91590,26838,27,1900856
1677,1706585415.282893419,1706585415.381846428,1,0,0,1,46.641042952,-11.361399402,-0.115868141,-0.008921997,0.029576824,0.990685571,0.132618661,1303,388,0.297774367,0.048987934,0.042484143,0.023743961,0.260336531,54.999931788,0.000000000,0.253224875,0.070522183,2.589443195,0.145004017,60.837292880,0,28,27,1,0.021488872,2,0,0,0,0,1273,2,20855,91618,26840,27,1902129
1678,1706585415.382744789,1706585415.481592655,1,0,0,1,46.501616625,-11.323328925,-0.120624467,-0.007424146,0.026957298,0.990617337,0.133773977,1275,358,0.280784314,0.054299760,0.050082417,0.026036088,0.224037277,57.519607414,0.000000000,0.252480346,0.072323745,2.609005095,0.132467264,60.485493506,0,31,28,3,0.024313725,6,0,0,0,0,1238,6,20859,91649,26846,27,1903367
1679,1706585415.482578039,1706585415.582408428,1,0,0,1,46.365606029,-11.290244066,-0.120647609,-0.003735782,0.022698995,0.990936905,0.132343681,1331,417,0.313298272,0.053263815,0.045369988,0.024918603,0.253100209,55.918822226,0.000000000,0.252992848,0.072845057,2.628681468,0.117450159,60.128803146,0,34,31,3,0.025544703,9,0,0,0,0,1288,9,20865,91683,26855,27,1904655
1680,1706585415.582419634,1706585415.682253599,1,0,0,1,46.234140084,-11.249205280,-0.123919102,-0.001767958,0.023086146,0.990715523,0.133965136,1356,435,0.320796460,0.050497685,0.041538149,0.023359892,0.236072464,58.248265510,0.000000000,0.250392550,0.077940892,2.630576983,0.114228505,59.770923400,0,22,20,2,0.016224189,10,0,0,0,0,1324,10,20870,91705,26865,27,1905979
1681,1706585415.683063507,1706585415.782902241,1,0,0,1,46.105384206,-11.205682760,-0.132484081,0.005696343,0.027360792,0.990863523,0.131940961,1380,410,0.297101449,0.051472732,0.042060990,0.023077001,0.256258789,59.537689370,0.000000000,0.250194969,0.081332308,2.629983084,0.112102848,59.837546426,0,29,28,1,0.021014493,11,0,0,0,0,1340,11,20875,91734,26876,27,1907319
1682,1706585415.782914400,1706585415.882758141,1,0,0,1,45.972252600,-11.169897421,-0.138752738,0.002369233,0.026107092,0.990957776,0.131588346,1400,450,0.321428571,0.049464509,0.036999775,0.023199672,0.240179680,59.397892543,0.000000000,0.249297538,0.085716741,2.625521762,0.112649252,59.942765575,0,35,32,3,0.025000000,11,0,0,0,0,1354,11,20882,91769,26887,27,1908673
1683,1706585415.882769346,1706585415.982588768,1,0,0,1,45.835088435,-11.145391924,-0.137727007,-0.001111511,0.017258373,0.991669087,0.127645348,1362,413,0.303230543,0.053511785,0.043198322,0.024199930,0.259836233,57.214172832,0.000000000,0.248640087,0.086633116,2.630099695,0.116003296,59.691409354,0,28,21,7,0.020558003,8,0,0,0,0,1326,8,20892,91797,26895,27,1909999
1684,1706585415.982613325,1706585416.082438946,1,0,0,1,45.703237187,-11.110335228,-0.142999191,-0.000103201,0.019091263,0.992389235,0.121651629,1369,436,0.318480643,0.050966547,0.042221735,0.022674923,0.244986492,58.264978998,0.000000000,0.249706680,0.087785977,2.631063667,0.113591120,59.459980540,0,17,16,1,0.012417823,7,0,0,0,0,1345,7,20897,91814,26902,27,1911344
1685,1706585416.082451105,1706585416.181041241,1,0,0,1,45.569705663,-11.069002898,-0.150906307,-0.001022351,0.025480485,0.992839414,0.116703031,1280,420,0.328125000,0.050267342,0.040521675,0.024430475,0.295023314,50.651410158,0.000000000,0.249724593,0.081926238,2.627976363,0.113972656,58.976244407,0,33,33,0,0.025781250,11,0,0,0,0,1236,11,20899,91847,26913,27,1912580
1686,1706585416.183099031,1706585416.279634953,1,0,0,1,45.430844717,-11.040744678,-0.153840628,-0.002320863,0.020493867,0.993245993,0.114179741,1261,396,0.314036479,0.043284665,0.037016153,0.021443877,0.249023088,52.282844078,0.000000000,0.248927812,0.093067844,2.637451562,0.107590298,58.528199127,0,22,22,0,0.017446471,7,0,0,0,0,1232,7,20901,91869,26920,27,1913812
1687,1706585416.282941341,1706585416.382773638,1,0,0,1,45.281536112,-11.012648303,-0.152550237,0.000553575,0.015501520,0.993959746,0.108643546,1332,413,0.310060060,0.041497164,0.034722664,0.020267013,0.205211072,55.159933513,0.000000000,0.246966162,0.090737785,2.648801345,0.115810869,58.170553028,0,29,25,4,0.021771772,6,0,0,0,0,1297,6,20907,91898,26926,27,1915109
1688,1706585416.382785320,1706585416.482614756,1,0,0,1,45.130770795,-10.976310114,-0.159085842,-0.001272932,0.018208500,0.994565211,0.102503031,1369,442,0.322863404,0.047328899,0.038202102,0.022111354,0.258458644,61.926223905,0.000000000,0.248293386,0.088327399,2.669715516,0.122050238,58.042113364,0,28,27,1,0.020452885,8,0,0,0,0,1333,8,20912,91926,26934,27,1916442
1689,1706585416.482626677,1706585416.581760168,1,0,0,1,44.989781603,-10.942976196,-0.164707887,-0.003242347,0.018048118,0.994364961,0.104413008,1276,411,0.322100313,0.050717497,0.032213483,0.018809986,0.264620321,55.174267748,0.000000000,0.247811062,0.088548736,2.671372808,0.118722750,57.838992968,0,10,10,0,0.007836991,14,0,0,0,0,1252,14,20913,91936,26948,27,1917694
1690,1706585416.582458973,1706585416.680636883,1,0,0,1,44.838153517,-10.910211242,-0.168456971,-0.005670856,0.015461072,0.994173141,0.106529629,1300,383,0.294615385,0.040737580,0.033882612,0.019240948,0.205809850,59.746507465,0.000000000,0.244353644,0.099012138,2.683543341,0.115386390,57.686035652,0,27,26,1,0.020769231,4,0,0,0,0,1269,4,20916,91963,26952,27,1918963
1691,1706585416.683096170,1706585416.782933474,1,0,0,1,44.687882885,-10.862870536,-0.170042186,-0.003473694,0.021622470,0.993395904,0.112627620,1280,438,0.342187500,0.041842151,0.033628450,0.019271837,0.230206319,54.735380743,0.000000000,0.243241531,0.102907899,2.710857347,0.119955864,57.538661534,0,24,24,0,0.018750000,5,0,0,0,0,1251,5,20917,91987,26957,27,1920214
1692,1706585416.782945395,1706585416.882773399,1,0,0,1,44.541910416,-10.815863237,-0.175954153,-0.005165264,0.023348804,0.992452508,0.120275400,1357,419,0.308769344,0.042947385,0.033289564,0.019004048,0.244179667,58.918088330,0.000000000,0.244185808,0.101633124,2.729466265,0.126827015,57.616092012,0,18,18,0,0.013264554,9,0,0,0,0,1330,9,20919,92005,26966,27,1921544
1693,1706585416.882785320,1706585416.982619524,1,0,0,1,44.400989980,-10.777080655,-0.184886416,-0.004019229,0.019675156,0.991137019,0.131316962,1304,397,0.304447853,0.042553824,0.030424648,0.017596923,0.255522727,51.608848241,0.000000000,0.242903162,0.097619570,2.745387711,0.143736446,57.513847412,0,27,23,4,0.020705521,9,0,0,0,0,1268,9,20929,92032,26975,27,1922812
1694,1706585416.982631445,1706585417.082472801,1,0,0,1,44.248322097,-10.733328557,-0.189884968,-0.010473928,0.017451422,0.989980826,0.139727268,1219,381,0.312551272,0.040347869,0.028965724,0.017550569,0.178405299,54.525010949,0.000000000,0.241185901,0.100173872,2.761845038,0.153409369,57.146897829,0,19,19,0,0.015586546,5,0,0,0,0,1195,5,20929,92051,26980,27,1924007
1695,1706585417.082485199,1706585417.182311535,1,0,0,1,44.103981276,-10.681126186,-0.200735013,-0.013779095,0.018823766,0.988162866,0.151624383,1160,354,0.305172414,0.035345800,0.025999714,0.016973194,0.206351668,50.271901199,0.000000000,0.240901212,0.114875680,2.776038967,0.175384844,56.545992634,0,17,16,1,0.014655172,4,0,0,0,0,1139,4,20931,92068,26984,27,1925146
1696,1706585417.182721853,1706585417.282558203,1,0,0,1,43.959141753,-10.625212185,-0.206205939,-0.018062905,0.021881426,0.987307676,0.156264157,1181,344,0.291278577,0.043249579,0.031261195,0.018330900,0.224725744,52.062532285,0.000000000,0.239617269,0.112973948,2.787038534,0.179622058,55.908215465,0,25,22,3,0.021168501,8,0,0,0,0,1148,8,20934,92093,26992,27,1926294
1697,1706585417.282570601,1706585417.381996870,1,0,0,1,43.817506810,-10.570521381,-0.211014875,-0.011391036,0.027864618,0.987702068,0.153422400,1067,314,0.294283037,0.039716716,0.030970081,0.016531574,0.178862712,57.120821483,0.000000000,0.235543579,0.117942196,2.794333285,0.182899813,56.014259949,0,10,10,0,0.009372071,6,0,0,0,0,1051,6,20936,92103,26998,27,1927345
1698,1706585417.382406235,1706585417.480602741,1,0,0,1,43.675453036,-10.522729926,-0.215951082,-0.010541251,0.029276310,0.988281923,0.149434334,1125,323,0.287111111,0.038017215,0.028759528,0.017976305,0.214622567,55.132303967,0.000000000,0.235072843,0.118733711,2.804315408,0.188320239,55.894894777,0,15,14,1,0.013333333,7,0,0,0,0,1103,7,20939,92118,27005,27,1928448
1699,1706585417.483035803,1706585417.579238176,1,0,0,1,43.528977343,-10.483334315,-0.224723813,-0.011711690,0.029782398,0.989263310,0.142597153,1128,337,0.298758865,0.041230890,0.028261000,0.015058480,0.241305060,52.611855527,0.000000000,0.234483086,0.114714451,2.818488634,0.198862767,55.729546442,0,21,20,1,0.018617021,7,0,0,0,0,1100,7,20944,92139,27012,27,1929548
1700,1706585417.582869053,1706585417.682691336,1,0,0,1,43.378105286,-10.443833732,-0.228757112,-0.009368830,0.028640601,0.990032005,0.137581143,1213,364,0.300082440,0.038615350,0.028460605,0.017103335,0.194035263,55.607241265,0.000000000,0.232381226,0.115985856,2.838315664,0.205130837,55.597495230,0,33,23,10,0.027205276,9,0,0,0,0,1168,12,20961,92172,27021,27,1930716
1701,1706585417.682703972,1706585417.782513142,1,0,0,1,43.222004066,-10.404742166,-0.232554695,-0.015293856,0.028702518,0.990329950,0.134866056,1238,381,0.307754443,0.039892565,0.029940071,0.017320140,0.218787318,57.872940336,0.000000000,0.230507652,0.112716091,2.861282328,0.209987758,55.514257778,0,34,27,7,0.027463651,9,0,0,0,0,1187,17,20971,92206,27030,27,1931903
1702,1706585417.782525063,1706585417.881935596,1,0,0,1,43.065904818,-10.366914983,-0.237881462,-0.014385721,0.027946796,0.991001304,0.130109349,1232,359,0.291396104,0.041537860,0.029970202,0.017993377,0.211300777,50.027469884,0.000000000,0.229063707,0.109712582,2.882647990,0.211460178,55.045736645,0,33,31,2,0.026785714,11,0,0,0,0,1188,11,20979,92239,27041,27,1933091
1703,1706585417.882746696,1706585417.982434750,1,0,0,1,42.901549962,-10.324523578,-0.241784057,-0.014834617,0.026609843,0.991526072,0.126284989,1214,349,0.287479407,0.039389093,0.029802886,0.016612960,0.214226867,48.312140861,0.000000000,0.226783239,0.098000860,2.915892661,0.207090517,54.600635047,0,20,19,1,0.016474465,7,0,0,0,0,1187,7,20982,92259,27048,27,1934278
1704,1706585417.982584715,1706585418.082427502,1,0,0,1,42.741268389,-10.275768612,-0.249861512,-0.010872035,0.028025602,0.991772591,0.124432678,1198,363,0.303005008,0.043168450,0.028765915,0.016552079,0.237766846,51.987718949,0.000000000,0.226422256,0.087605610,2.943614501,0.200652263,54.286772044,0,20,18,2,0.016694491,9,0,0,0,0,1169,9,20985,92279,27057,27,1935447
1705,1706585418.082439184,1706585418.182277918,1,0,0,1,42.577888829,-10.230785454,-0.253552749,-0.013900464,0.027570435,0.991472372,0.126606412,1222,380,0.310965630,0.042471996,0.029601888,0.016473507,0.199415759,52.650097161,0.000000000,0.221641878,0.076223066,2.971376303,0.199819690,54.386706394,0,20,18,2,0.016366612,7,0,0,0,0,1195,7,20988,92299,27064,27,1936642
1706,1706585418.183086395,1706585418.282047987,1,0,0,1,42.416305589,-10.183441612,-0.257400977,-0.012950998,0.025340885,0.991475330,0.127148655,1216,362,0.297697368,0.047242721,0.030343042,0.015911087,0.219348636,53.235300868,0.000000000,0.220158156,0.080856757,2.987861960,0.190012032,54.434329234,0,20,18,2,0.016447368,8,0,0,0,0,1188,8,20995,92319,27072,27,1937830
1707,1706585418.282921076,1706585418.382753611,1,0,0,1,42.245778784,-10.136850891,-0.263480970,-0.019501257,0.024503469,0.991397769,0.127081646,1175,363,0.308936170,0.036661192,0.027244281,0.015002077,0.189525625,53.410868059,0.000000000,0.219373884,0.085816703,3.009523068,0.177931731,54.346875961,0,17,16,1,0.014468085,6,0,0,0,0,1152,6,20999,92336,27078,27,1938982
1708,1706585418.382766008,1706585418.482597828,1,0,0,1,42.092768097,-10.082156359,-0.265797453,-0.013943341,0.027512364,0.991475199,0.126592191,1176,351,0.298469388,0.044683493,0.032114506,0.017433720,0.214154781,50.110385733,0.000000000,0.217158690,0.082054517,3.027046719,0.175051794,53.756084053,0,22,22,0,0.018707483,7,0,0,0,0,1147,7,21001,92358,27085,27,1940129
1709,1706585418.482609987,1706585418.582452059,1,0,0,1,41.933737063,-10.032936943,-0.269520861,-0.015350970,0.029286201,0.991306691,0.127348772,1230,378,0.307317073,0.042894236,0.030456056,0.016167305,0.201066208,53.286137095,0.000000000,0.213980985,0.065769703,3.038388791,0.172237395,53.661677520,0,18,16,2,0.014634146,8,0,0,0,0,1204,8,21005,92376,27093,27,1941333
1710,1706585418.582463264,1706585418.681586504,1,0,0,1,41.772008335,-9.989004558,-0.269848590,-0.015424696,0.022099629,0.991589992,0.126581882,1139,372,0.326602283,0.039481191,0.029971736,0.015658151,0.195445116,54.709928083,0.000000000,0.213462748,0.066425891,3.048419345,0.161264785,53.409848551,0,24,24,0,0.021071115,3,0,0,0,0,1112,3,21009,92400,27096,27,1942445
1711,1706585418.683094978,1706585418.780252695,1,0,0,1,41.613696897,-9.957177535,-0.268629607,-0.012282396,0.015615903,0.992763571,0.118430475,1204,345,0.286544850,0.045859541,0.032828717,0.021150624,0.204834199,50.843149617,0.000000000,0.212194142,0.070733469,3.056434395,0.162103013,53.215236995,0,24,23,1,0.019933555,6,0,0,0,0,1174,6,21010,92424,27102,27,1943619
1712,1706585418.782936335,1706585418.878828526,1,0,0,1,41.448009843,-9.911097368,-0.276050971,-0.020088012,0.020334513,0.993459538,0.110549202,1203,354,0.294264339,0.044311978,0.031084280,0.018209248,0.158835435,56.846412072,0.000000000,0.207926930,0.071922458,3.082137591,0.155978187,53.111653182,0,20,19,1,0.016625104,7,0,0,0,0,1176,7,21015,92444,27109,27,1944795
1713,1706585418.882784367,1706585418.982609749,1,0,0,1,41.284998034,-9.865124304,-0.282838503,-0.018715313,0.022218539,0.993615856,0.109011942,1150,317,0.275652174,0.043881382,0.034987167,0.018554023,0.214998965,49.903690716,0.000000000,0.205900742,0.072798514,3.092751914,0.142287175,53.026395306,0,26,20,6,0.022608696,5,0,0,0,0,1116,8,21025,92470,27114,27,1945911
1714,1706585418.982634544,1706585419.082451582,1,0,0,1,41.123908537,-9.835822943,-0.287010560,-0.025381012,0.015454903,0.993867523,0.106509611,1163,340,0.292347377,0.039040476,0.030841824,0.017358843,0.176140186,51.673020032,0.000000000,0.205787487,0.073786354,3.102664159,0.123220352,52.883795760,0,32,16,16,0.027515047,3,0,0,0,0,1125,6,21047,92502,27117,27,1947036
1715,1706585419.082463503,1706585419.181731701,1,0,0,1,40.966983912,-9.805246708,-0.288492478,-0.023072898,0.012446179,0.994306234,0.103285271,1111,330,0.297029703,0.042158609,0.035714773,0.020380105,0.180572104,51.032482706,0.000000000,0.204498508,0.065391300,3.107192972,0.120351069,52.921824835,0,21,19,2,0.018901890,6,0,0,0,0,1084,6,21052,92523,27123,27,1948120
1716,1706585419.183092117,1706585419.282910824,1,0,0,1,40.811309218,-9.769547689,-0.289549277,-0.020070695,0.011574317,0.994583010,0.101330345,1166,321,0.275300172,0.042541512,0.035736223,0.021071051,0.199261485,45.860799636,0.000000000,0.203225295,0.065059504,3.115008455,0.118473047,52.611738203,0,25,21,4,0.021440823,6,0,0,0,0,1135,6,21055,92548,27129,27,1949255
1717,1706585419.282922745,1706585419.382753134,1,0,0,1,40.665797092,-9.732768579,-0.294018746,-0.014391308,0.012345880,0.994289652,0.105016938,1205,363,0.301244813,0.047714262,0.038105727,0.018818689,0.258501915,51.879698419,0.000000000,0.207207256,0.070720597,3.115204361,0.117861407,52.349682049,0,28,27,1,0.023236515,10,0,0,0,0,1167,10,21058,92576,27139,27,1950422
1718,1706585419.382764816,1706585419.482591391,1,0,0,1,40.524524683,-9.695151186,-0.292381302,-0.009811372,0.006679276,0.993671617,0.111695304,1274,387,0.303767661,0.045752462,0.038248339,0.020293975,0.200914602,55.336581668,0.000000000,0.206521857,0.068999855,3.109473938,0.117602831,52.359895934,0,29,28,1,0.022762951,9,0,0,0,0,1236,9,21062,92605,27148,27,1951658
1719,1706585419.482602835,1706585419.582091093,1,0,0,1,40.383909535,-9.656143258,-0.296632906,-0.008417446,0.002907363,0.992733583,0.120003033,1230,383,0.311382114,0.045438304,0.035405314,0.020046508,0.230643813,52.209833090,0.000000000,0.205988795,0.069999655,3.099451889,0.124420126,52.339794813,0,25,20,5,0.020325203,9,0,0,0,0,1196,9,21069,92630,27157,27,1952854
1720,1706585419.582440376,1706585419.682272673,1,0,0,1,40.234184245,-9.604793057,-0.299383835,-0.011150874,0.006654250,0.991313569,0.130876994,1238,361,0.291599354,0.047185034,0.037329191,0.020135486,0.198460402,52.547653667,0.000000000,0.206210052,0.069466731,3.096795601,0.140512535,52.186815433,0,28,27,1,0.022617124,6,0,0,0,0,1204,6,21072,92658,27163,27,1954058
1721,1706585419.683082819,1706585419.782904148,1,0,0,1,40.079094528,-9.546592183,-0.302577158,-0.012202540,0.007950013,0.990002224,0.140297866,1262,380,0.301109350,0.042546717,0.034501667,0.019929521,0.212669157,52.158273543,0.000000000,0.205904144,0.067261211,3.101771640,0.149964196,51.901082093,0,32,29,3,0.025356577,9,0,0,0,0,1221,9,21080,92690,27172,27,1955279
1722,1706585419.782915592,1706585419.882598639,1,0,0,1,39.918124126,-9.488402158,-0.309738864,-0.015728881,0.010055675,0.988526554,0.149889084,1150,355,0.308695652,0.046874483,0.033288475,0.018713272,0.247931970,47.753291029,0.000000000,0.207735704,0.068671607,3.103308048,0.161592931,51.787373150,0,25,22,3,0.021739130,9,0,0,0,0,1116,9,21088,92715,27181,27,1956395
1723,1706585419.882759333,1706585419.981244802,1,0,0,1,39.755059959,-9.421468553,-0.320115241,-0.013949256,0.015230243,0.987593029,0.155671022,1080,311,0.287962963,0.046207670,0.034858559,0.018841258,0.185715167,53.380776497,0.000000000,0.206310118,0.065918759,3.112152746,0.169544103,52.040804932,0,17,17,0,0.015740741,4,0,0,0,0,1059,4,21092,92732,27185,27,1957454
1724,1706585419.982604027,1706585420.079893589,1,0,0,1,39.586720279,-9.360557494,-0.325708671,-0.009756844,0.015925856,0.987284044,0.157865095,1120,326,0.291071429,0.042654208,0.036331780,0.022173150,0.213314395,49.545947525,0.000000000,0.205087496,0.066136535,3.121761556,0.169785696,51.918716361,0,28,24,4,0.025000000,3,0,0,0,0,1088,4,21098,92760,27188,27,1958542
1725,1706585420.082453489,1706585420.178558111,1,0,0,1,39.413775019,-9.304984446,-0.332513529,-0.013328886,0.014184964,0.986911383,0.160084511,1128,356,0.315602837,0.042011384,0.027755860,0.017356957,0.183762964,52.235998490,0.000000000,0.204304856,0.066448315,3.135123375,0.173060729,51.898011427,0,24,14,10,0.021276596,10,0,0,0,0,1084,20,21111,92784,27198,27,1959626
1726,1706585420.183085918,1706585420.282920122,1,0,0,1,39.234649927,-9.241704705,-0.346082400,-0.013996908,0.018588418,0.987330983,0.156958871,1149,318,0.276762402,0.042707399,0.030750343,0.019394136,0.208903886,51.374644377,0.000000000,0.203782619,0.064364870,3.148699881,0.179203164,51.804978603,0,35,20,15,0.030461271,4,0,0,0,0,1105,9,21131,92819,27202,27,1960731
1727,1706585420.282932043,1706585420.382740974,1,0,0,1,39.060624900,-9.180478328,-0.349436892,-0.015690109,0.022294984,0.987985013,0.152126156,1099,342,0.311191993,0.044587608,0.032482730,0.019963604,0.189244757,51.564242449,0.000000000,0.203768575,0.052851724,3.170702899,0.188265266,51.712647322,0,32,23,9,0.029117379,8,0,0,0,0,1052,15,21148,92851,27210,27,1961783
1728,1706585420.382753372,1706585420.482576847,1,0,0,1,38.893818544,-9.134875817,-0.352520197,-0.006504003,0.021114388,0.989726577,0.141255736,1188,345,0.290404040,0.043332510,0.034210070,0.020464330,0.187873683,54.482604918,0.000000000,0.202454520,0.052856659,3.177142851,0.208521111,51.931258282,0,24,22,2,0.020202020,5,0,0,0,0,1159,5,21151,92875,27215,27,1962942
1729,1706585420.482589006,1706585420.582424879,1,0,0,1,38.730274390,-9.090258481,-0.360084135,-0.005969575,0.021005474,0.991387162,0.129130283,1278,401,0.313771518,0.045168102,0.031256543,0.017780709,0.203303538,56.102119224,0.000000000,0.202566387,0.052848405,3.179242791,0.231684726,52.072057388,0,17,16,1,0.013302034,14,0,0,0,0,1247,14,21159,92892,27229,27,1964189
1730,1706585420.582436562,1706585420.682271481,1,0,0,1,38.574159142,-9.046248493,-0.363522052,0.001882848,0.022147021,0.992392537,0.121090949,1259,368,0.292295473,0.044377009,0.028944749,0.017645492,0.229696272,51.836659832,0.000000000,0.204278945,0.047114091,3.179995639,0.231438568,51.928393976,0,31,31,0,0.024622716,6,0,0,0,0,1222,6,21166,92923,27235,27,1965411
1731,1706585420.683081388,1706585420.782665491,1,0,0,1,38.419919039,-9.005835778,-0.366529421,-0.000659417,0.023589405,0.992664337,0.118577478,1285,389,0.302723735,0.046396787,0.033063871,0.019219310,0.200698712,55.565390248,0.000000000,0.204072170,0.047635186,3.167334950,0.220392658,52.164506007,0,41,40,1,0.031906615,10,0,0,0,0,1234,10,21181,92964,27245,27,1966645
1732,1706585420.782927513,1706585420.881098270,1,0,0,1,38.268854511,-8.974079357,-0.368029191,-0.004685729,0.018588053,0.992810249,0.118153874,1280,389,0.303906250,0.048299240,0.032520944,0.018873728,0.182684665,57.974938659,0.000000000,0.205264632,0.051427201,3.152202091,0.218217449,52.220932336,0,29,29,0,0.022656250,12,0,0,0,0,1239,12,21190,92993,27257,27,1967884
1733,1706585420.882769585,1706585420.982591629,1,0,0,1,38.112253869,-8.938224136,-0.369311927,-0.007867879,0.014315384,0.992793623,0.118718104,1229,377,0.306753458,0.043659340,0.030679693,0.018672618,0.240384021,53.232643125,0.000000000,0.206533885,0.051513007,3.149074281,0.214464668,52.387379957,0,18,17,1,0.014646054,8,0,0,0,0,1203,8,21196,93011,27265,27,1969087
1734,1706585420.982604265,1706585421.082436085,1,0,0,1,37.959021716,-8.897472412,-0.372040695,-0.007493612,0.018188141,0.992934613,0.117020898,1289,422,0.327385570,0.044614194,0.032586424,0.020315857,0.198625217,54.601026153,0.000000000,0.207658136,0.043074023,3.147773671,0.211634585,52.533780263,0,41,38,3,0.031807603,10,0,0,0,0,1238,10,21205,93052,27275,27,1970325
1735,1706585421.082448483,1706585421.182205677,1,0,0,1,37.804937614,-8.846715666,-0.375059638,-0.011712866,0.020456227,0.991906592,0.124762429,1200,408,0.340000000,0.045486744,0.034282013,0.020184079,0.185413223,54.577774479,0.000000000,0.207900192,0.041000454,3.150311516,0.223187949,52.711044852,0,39,36,3,0.032500000,14,0,0,0,0,1147,14,21212,93091,27289,27,1971472
1736,1706585421.183066845,1706585421.280896664,1,0,0,1,37.660986516,-8.802080073,-0.378630424,-0.005597418,0.016895580,0.991119661,0.131776422,1213,372,0.306677659,0.045508061,0.032472784,0.020358014,0.223450435,53.383341012,0.000000000,0.209109640,0.039170356,3.150911522,0.230129189,53.087171920,0,29,22,7,0.023907667,9,0,0,0,0,1171,13,21226,93120,27298,27,1972643
1737,1706585421.282906294,1706585421.379545927,1,0,0,1,37.508333698,-8.754630674,-0.380183432,-0.008348342,0.017127860,0.990257725,0.137936866,1242,355,0.285829308,0.044277981,0.031736508,0.021541041,0.200653186,56.458231204,0.000000000,0.206217203,0.036955915,3.164572163,0.228851235,53.316098560,0,46,35,11,0.037037037,7,0,0,0,0,1184,12,21248,93166,27305,27,1973827
1738,1706585421.382753134,1706585421.482587576,1,0,0,1,37.363776857,-8.697673810,-0.386196659,0.002009613,0.021164820,0.989381466,0.143778741,1261,383,0.303727201,0.047834501,0.031023713,0.019679511,0.194602590,58.564250381,0.000000000,0.205901603,0.039418451,3.174074089,0.224153694,53.477481995,0,53,45,8,0.042030135,10,0,0,0,0,1193,15,21261,93219,27315,27,1975020
1739,1706585421.482599974,1706585421.582432270,1,0,0,1,37.210558060,-8.636044330,-0.403223859,-0.005664021,0.030081084,0.988245944,0.149776506,1249,399,0.319455564,0.049375805,0.033498332,0.020312172,0.209651577,58.704905808,0.000000000,0.204851991,0.044655925,3.181788485,0.213973579,53.802235631,0,41,38,3,0.032826261,12,0,0,0,0,1195,13,21272,93260,27327,27,1976215
1740,1706585421.582444668,1706585421.682293653,1,0,0,1,37.074943028,-8.588657604,-0.388062667,0.008071436,0.026525391,0.988570110,0.148190397,1248,368,0.294871795,0.052610500,0.034365994,0.019954891,0.220259279,52.626964265,0.000000000,0.205941935,0.056405980,3.160560439,0.197416823,53.806201161,0,38,35,3,0.030448718,15,0,0,0,0,1194,16,21284,93298,27342,27,1977409
1741,1706585421.682704926,1706585421.782519817,1,0,0,1,36.937271235,-8.550336367,-0.396583530,0.010679268,0.019511992,0.988831965,0.147365466,1358,469,0.345360825,0.060240510,0.037212526,0.025824075,0.206186895,61.186444040,0.000000000,0.205617822,0.087287499,3.132404919,0.179713579,54.257609686,0,44,44,0,0.032400589,19,0,0,0,0,1295,19,21284,93342,27361,27,1978704
1742,1706585421.782531977,1706585421.882365227,1,0,0,1,36.778782573,-8.502936738,-0.403862902,-0.007486503,0.022150624,0.989346229,0.143691827,1260,401,0.318253968,0.054351406,0.034201027,0.023599385,0.185745613,56.694437152,0.000000000,0.202508504,0.094388517,3.121417773,0.176338324,54.704666992,0,50,50,0,0.039682540,14,0,0,0,0,1196,14,21290,93392,27375,27,1979900
1743,1706585421.882776976,1706585421.982603312,1,0,0,1,36.635400402,-8.462030301,-0.406393130,0.004486524,0.024289396,0.990270482,0.136946224,1250,372,0.297600000,0.045119326,0.030384511,0.017611361,0.225084793,55.704926483,0.000000000,0.204476985,0.094761632,3.091434460,0.184959732,54.820874491,0,21,21,0,0.016800000,11,0,0,0,0,1218,11,21292,93413,27386,27,1981118
1744,1706585421.982614040,1706585422.082023621,1,0,0,1,36.480483400,-8.418719224,-0.400651397,-0.019438205,0.027931738,0.990606886,0.132438554,1270,384,0.302362205,0.055139827,0.035270951,0.025247915,0.189264385,54.673323592,0.000000000,0.203274484,0.099180434,3.070612273,0.190717181,55.077243295,0,53,48,5,0.041732283,17,0,0,0,0,1200,17,21303,93466,27403,27,1982318
1745,1706585422.082446098,1706585422.180768728,1,0,0,1,36.331722179,-8.381588880,-0.403358971,-0.009836446,0.025615278,0.992892689,0.115806780,1130,320,0.283185841,0.056043060,0.041334248,0.026338795,0.225068096,53.604032160,0.000000000,0.205339741,0.102070289,3.033503233,0.217290340,55.145644978,0,37,36,1,0.032743363,8,0,0,0,0,1085,8,21309,93503,27411,27,1983403
1746,1706585422.183091402,1706585422.282925606,1,0,0,1,36.198838632,-8.363180121,-0.413724122,0.007034879,0.017982913,0.993503006,0.112155703,1268,391,0.308359621,0.060516067,0.040580821,0.024153990,0.235469583,57.274705665,0.000000000,0.206668026,0.111525115,2.983543786,0.213924794,55.440648042,0,64,61,3,0.050473186,17,0,0,0,0,1187,17,21321,93567,27428,27,1984590
1747,1706585422.282936335,1706585422.382771969,1,0,0,1,36.049086103,-8.335019800,-0.414190265,-0.012689764,0.011426256,0.993612059,0.111550380,1278,377,0.294992175,0.051462838,0.034199945,0.022969783,0.221295813,58.680354425,0.000000000,0.208270579,0.109463730,2.962966670,0.193957238,55.796453641,0,58,55,3,0.045383412,13,0,0,0,0,1207,13,21328,93625,27441,27,1985797
1748,1706585422.382783651,1706585422.481918812,1,0,0,1,35.912680774,-8.293457661,-0.417859274,-0.007209715,0.017764259,0.993491890,0.112277849,1180,343,0.290677966,0.048182941,0.032009888,0.019868352,0.240015568,54.860115299,0.000000000,0.210877673,0.105638725,2.935920839,0.170944679,55.815329160,0,27,26,1,0.022881356,12,0,0,0,0,1141,12,21336,93652,27453,27,1986938
1749,1706585422.482630014,1706585422.580606222,1,0,0,1,35.778334037,-8.246827198,-0.414273144,-0.001942647,0.024056679,0.993040610,0.115272937,1258,366,0.290937997,0.045968403,0.029644059,0.017637481,0.211789869,56.927063869,0.000000000,0.211301990,0.104949831,2.915938752,0.161188313,55.856576392,0,44,33,11,0.034976153,10,0,0,0,0,1201,13,21352,93696,27463,27,1988139
1750,1706585422.582465410,1706585422.679398775,1,0,0,1,35.647117139,-8.201777880,-0.422567663,0.010554673,0.028782279,0.992803740,0.115762315,1280,398,0.310937500,0.044845215,0.029904715,0.018458131,0.181990670,59.069195559,0.000000000,0.208916709,0.104455285,2.895446285,0.157682441,56.218203179,0,34,27,7,0.026562500,10,0,0,0,0,1233,13,21363,93730,27473,27,1989372
1751,1706585422.682705879,1706585422.782538414,1,0,0,1,35.505958527,-8.136126289,-0.429913698,0.015874607,0.044564468,0.991785054,0.118846169,1361,377,0.277002204,0.046884800,0.031986736,0.019584177,0.218129961,60.582106120,0.000000000,0.209788272,0.104130125,2.896924686,0.163630662,56.469038972,0,35,32,3,0.025716385,12,0,0,0,0,1313,13,21375,93765,27485,27,1990685
1752,1706585422.782550812,1706585422.882366419,1,0,0,1,35.368150863,-8.080068302,-0.438063532,0.011162361,0.054337220,0.990593566,0.125088986,1342,421,0.313710879,0.052166448,0.031607163,0.020286534,0.259897542,57.187054539,0.000000000,0.213648916,0.104188049,2.885262862,0.174720185,56.429644766,0,39,37,2,0.029061103,18,0,0,0,0,1285,18,21382,93804,27503,27,1991970
1753,1706585422.882776022,1706585422.982610464,1,0,0,1,35.214879752,-8.038050982,-0.428461021,0.000686513,0.046188420,0.990370695,0.130506880,1268,383,0.302050473,0.048740184,0.031024239,0.017948352,0.228748481,58.372277158,0.000000000,0.213067139,0.100020052,2.885896771,0.181093837,56.686626468,0,40,35,5,0.031545741,15,0,0,0,0,1213,15,21392,93844,27518,27,1993183
1754,1706585422.982621670,1706585423.082449675,1,0,0,1,35.058730937,-8.005896359,-0.417690834,0.004028658,0.036690082,0.991438213,0.125251256,1212,365,0.301155116,0.046230636,0.032837971,0.022213485,0.212377689,61.352370526,0.000000000,0.213754762,0.098365452,2.883428477,0.175937701,57.024193687,0,32,31,1,0.026402640,7,0,0,0,0,1173,7,21397,93876,27525,27,1994356
1755,1706585423.082462072,1706585423.182283640,1,0,0,1,34.905076905,-7.964671953,-0.413337245,0.006100547,0.038103227,0.992050497,0.119777874,1254,371,0.295853270,0.041940210,0.032587806,0.021203073,0.234265875,62.765570656,0.000000000,0.216197395,0.103128435,2.891821317,0.172398402,57.433583496,0,24,22,2,0.019138756,5,0,0,0,0,1225,5,21403,93900,27530,27,1995581
1756,1706585423.183094740,1706585423.282910347,1,0,0,1,34.759189350,-7.919304671,-0.417695262,0.011933593,0.042046216,0.991911196,0.119171663,1298,399,0.307395994,0.046300830,0.031957723,0.019570045,0.210729404,63.147562518,0.000000000,0.215561343,0.102428994,2.884797529,0.160738998,57.921794571,0,33,30,3,0.025423729,11,0,0,0,0,1254,11,21418,93933,27541,27,1996835
1757,1706585423.282934666,1706585423.381827593,1,0,0,1,34.618104783,-7.890926469,-0.409992884,0.015412037,0.032250641,0.992281948,0.118738791,1291,382,0.295894655,0.046369342,0.031515135,0.019489165,0.253784714,62.919696313,0.000000000,0.218217920,0.100299315,2.873424512,0.149392712,58.244867826,0,33,31,2,0.025561580,14,0,0,0,0,1244,14,21426,93966,27555,27,1998079
1758,1706585423.382776022,1706585423.480509281,1,0,0,1,34.470517843,-7.870573339,-0.408197611,0.013385710,0.023253984,0.993285240,0.112536689,1385,421,0.303971119,0.046931128,0.035635035,0.022258716,0.192413900,64.653919236,0.000000000,0.218108485,0.100859287,2.856394618,0.150539099,58.549351269,0,38,37,1,0.027436823,12,0,0,0,0,1335,12,21428,94004,27567,27,1999414
1759,1706585423.482631683,1706585423.582456350,1,0,0,1,34.302152512,-7.844953404,-0.407590301,0.001172772,0.020395447,0.994441021,0.103294274,1308,410,0.313455657,0.046506541,0.031124273,0.020433505,0.230336321,59.972579631,0.000000000,0.219142723,0.102262140,2.882245699,0.167306766,58.612734960,0,41,38,3,0.031345566,12,0,0,0,0,1255,12,21436,94045,27579,27,2000669
1760,1706585423.582468033,1706585423.682289600,1,0,0,1,34.150234435,-7.818347037,-0.405399811,0.006795770,0.020328000,0.995514428,0.092149955,1315,424,0.322433460,0.042293402,0.029199686,0.016930845,0.212657861,59.958994177,0.000000000,0.218762652,0.107591663,2.893332094,0.187849964,58.979336456,0,40,34,6,0.030418251,14,0,0,0,0,1261,14,21446,94085,27593,27,2001930
1761,1706585423.683099747,1706585423.781671286,1,0,0,1,33.987551281,-7.792083294,-0.404485344,-0.000019125,0.019791211,0.996452370,0.081798423,1230,387,0.314634146,0.041501145,0.027096191,0.018882803,0.221414137,62.766919830,0.000000000,0.219524014,0.102004960,2.892539239,0.200727818,59.058360245,0,33,31,2,0.026829268,2,0,0,0,0,1194,3,21455,94118,27595,27,2003124
1762,1706585423.782956362,1706585423.880355835,1,0,0,1,33.827161928,-7.765292814,-0.420675025,0.002042774,0.024557738,0.997073365,0.072370222,1176,365,0.310374150,0.043938867,0.028327163,0.018301389,0.216785123,53.984555773,0.000000000,0.221075989,0.100816487,2.906829868,0.206426959,58.922866176,0,27,26,1,0.022959184,12,0,0,0,0,1136,13,21459,94145,27607,27,2004260
1763,1706585423.882788420,1706585423.979043245,1,0,0,1,33.662264986,-7.738862944,-0.422916957,-0.004294107,0.019999462,0.997171500,0.072322763,1166,337,0.289022298,0.038664696,0.026417176,0.017330149,0.159112731,58.943812489,0.000000000,0.217777386,0.109360490,2.912886617,0.196536134,59.084810477,0,34,29,5,0.029159520,9,0,0,0,0,1118,14,21465,94179,27616,27,2005378
1764,1706585423.982625484,1706585424.082474470,1,0,0,1,33.491530433,-7.707169108,-0.422952649,-0.007730678,0.018575491,0.996837116,0.076882718,1146,337,0.294066318,0.038556742,0.026839846,0.017392950,0.189629893,54.888753796,0.000000000,0.217795662,0.112215297,2.933189026,0.172524926,59.095581987,0,22,21,1,0.019197208,8,0,0,0,0,1116,8,21473,94201,27624,27,2006494
1765,1706585424.082485914,1706585424.182316780,1,0,0,1,33.332666090,-7.670950919,-0.433789247,-0.006668691,0.021565425,0.996255646,0.083457467,1134,335,0.295414462,0.040825409,0.029267879,0.019328197,0.181027581,50.850959100,0.000000000,0.215593636,0.107190022,2.961937146,0.179111479,58.957928334,0,23,22,1,0.020282187,5,0,0,0,0,1106,5,21478,94224,27629,27,2007600
1766,1706585424.182729721,1706585424.282543898,1,0,0,1,33.182078753,-7.640101816,-0.437780702,-0.004710975,0.016387002,0.995170892,0.096665239,1247,394,0.315958300,0.048854092,0.032395439,0.023135423,0.201407141,57.773230282,0.000000000,0.213890514,0.081642009,2.963325720,0.204085899,58.982854565,0,38,37,1,0.030473136,7,0,0,0,0,1202,7,21484,94262,27636,27,2008802
1767,1706585424.282569170,1706585424.382396936,1,0,0,1,33.034682766,-7.612211012,-0.438584606,-0.003686231,0.004868828,0.993735676,0.111589032,1222,380,0.310965630,0.043281729,0.029336977,0.017900686,0.196998185,60.449625793,0.000000000,0.212675632,0.076739315,2.970695537,0.232794056,59.071318133,0,39,38,1,0.031914894,9,0,0,0,0,1174,9,21488,94301,27645,27,2009976
1768,1706585424.382409096,1706585424.482242584,1,0,0,1,32.885058931,-7.571620061,-0.442042353,-0.005556958,-0.002155932,0.992119799,0.125151014,1287,418,0.324786325,0.043564258,0.031629447,0.020110110,0.160401376,59.115133806,0.000000000,0.208694923,0.075562649,2.983511707,0.254036268,59.284069058,0,43,41,2,0.033411033,9,0,0,0,0,1235,9,21492,94344,27654,27,2011211
1769,1706585424.483054638,1706585424.582881212,1,0,0,1,32.733171148,-7.518376771,-0.453384320,-0.010442874,0.000707468,0.990969305,0.133679773,1218,405,0.332512315,0.044540101,0.030821463,0.019570005,0.196675156,60.463158672,0.000000000,0.207939187,0.075412373,3.005877932,0.269557208,59.460873799,0,48,48,0,0.039408867,6,0,0,0,0,1164,6,21495,94392,27660,27,2012375
1770,1706585424.582893610,1706585424.681382895,1,0,0,1,32.577857389,-7.455246648,-0.459827195,-0.015075569,0.000775643,0.988984403,0.147248009,1162,348,0.299483649,0.044726382,0.031469673,0.021193681,0.189867336,57.833882633,0.000000000,0.208333020,0.075416797,3.017803413,0.290105642,59.399108152,0,41,38,3,0.035283993,9,0,0,0,0,1112,9,21501,94433,27669,27,2013487
1771,1706585424.682732105,1706585424.779935598,1,0,0,1,32.423423391,-7.391516659,-0.464963059,-0.011132002,0.004519326,0.987554757,0.156815996,1143,340,0.297462817,0.048425557,0.031918348,0.020942612,0.177457961,57.396659340,0.000000000,0.206299420,0.076794525,3.035953095,0.297141679,59.239835813,0,33,28,5,0.028871391,10,0,0,0,0,1100,10,21509,94466,27679,27,2014587
1772,1706585424.782581568,1706585424.882416010,1,0,0,1,32.266494126,-7.319658851,-0.468251274,-0.003215329,0.005464544,0.985487838,0.169627599,1125,338,0.300444444,0.044661175,0.034709931,0.021693276,0.172768075,60.368854040,0.000000000,0.201942947,0.067195826,3.049367312,0.313266811,59.398925788,0,41,39,2,0.036444444,5,0,0,0,0,1079,5,21514,94507,27684,27,2015666
1773,1706585424.882427692,1706585424.982254982,1,0,0,1,32.115725406,-7.237985874,-0.478745820,0.006945861,0.012029416,0.983583600,0.179917619,1047,340,0.324737345,0.043603419,0.031234535,0.021486985,0.153562648,60.642948975,0.000000000,0.198183655,0.063644758,3.061368838,0.324098286,59.512459379,0,27,26,1,0.025787966,5,0,0,0,0,1015,5,21520,94534,27689,27,2016681
1774,1706585424.983066559,1706585425.081362963,1,0,0,1,31.965364123,-7.154178849,-0.488328336,0.001836831,0.020876848,0.981475261,0.190439218,1006,300,0.298210736,0.050070350,0.036940323,0.023111980,0.207585333,54.979891327,0.000000000,0.197944038,0.069230663,3.074627585,0.334486200,59.193835419,0,38,34,4,0.037773360,7,0,0,0,0,961,7,21526,94572,27696,27,2017642
1775,1706585425.082922459,1706585425.180110455,1,0,0,1,31.819910904,-7.078837292,-0.491539263,0.006875801,0.024508482,0.980410199,0.195314871,942,290,0.307855626,0.044245702,0.027944765,0.019983562,0.170781387,59.626725518,0.000000000,0.194769813,0.067990268,3.085625866,0.343961571,59.036893162,0,30,27,3,0.031847134,7,0,0,0,0,905,7,21536,94602,27703,27,2018547
1776,1706585425.182767153,1706585425.278879642,1,0,0,1,31.674041890,-7.020024863,-0.492763196,0.010314780,0.017177120,0.980119064,0.197395977,950,263,0.276842105,0.048294812,0.034605169,0.018385004,0.150163613,64.431851043,0.000000000,0.191741524,0.069925312,3.098793301,0.347550925,59.101107589,0,41,36,5,0.043157895,8,0,0,0,0,900,9,21543,94643,27711,27,2019447
1777,1706585425.282613516,1706585425.382443190,1,0,0,1,31.531677578,-6.956241266,-0.493846637,0.018683861,0.015139531,0.979287219,0.201042909,1001,285,0.284715285,0.048591340,0.040614559,0.025209616,0.190310851,57.179471522,0.000000000,0.188567830,0.072060328,3.105802330,0.342535380,58.814096349,0,56,46,10,0.055944056,8,0,0,0,0,936,9,21556,94699,27719,27,2020383
1778,1706585425.382455587,1706585425.482276678,1,0,0,1,31.405212742,-6.889651552,-0.493452742,0.021089739,0.017147657,0.978314827,0.205332124,1011,267,0.264094955,0.050000523,0.037854359,0.024576261,0.145888851,62.559340037,0.000000000,0.186241578,0.075743840,3.078423299,0.332292645,58.709367389,0,60,38,22,0.059347181,10,0,0,0,0,933,18,21587,94759,27729,27,2021316
1779,1706585425.483088493,1706585425.582912445,1,0,0,1,31.271515806,-6.822520705,-0.491475036,0.023149688,0.017350890,0.977317461,0.209794229,939,243,0.258785942,0.044131978,0.030911236,0.019653469,0.126412330,63.180616616,0.000000000,0.181045378,0.075456264,3.073794682,0.319392276,58.869769238,0,54,29,25,0.057507987,4,0,0,0,0,874,11,21615,94813,27733,27,2022190
1780,1706585425.582924128,1706585425.682759523,1,0,0,1,31.144486318,-6.751896256,-0.490847583,0.024470777,0.022604659,0.977099015,0.210161189,897,249,0.277591973,0.047791493,0.035976944,0.020482471,0.216541228,58.410548737,0.000000000,0.181239547,0.075476981,3.054345981,0.299356669,58.792346966,0,39,37,2,0.043478261,7,0,0,0,0,851,7,21617,94852,27740,27,2023041
1781,1706585425.682771444,1706585425.782589674,1,0,0,1,31.010098550,-6.675662850,-0.494090045,0.026239739,0.031554533,0.976996359,0.209269926,914,270,0.295404814,0.045892091,0.033764543,0.022783232,0.151137798,66.673810584,0.000000000,0.177725730,0.073181379,3.045469024,0.281893691,58.987691504,0,35,33,2,0.038293217,8,0,0,0,0,871,8,21621,94887,27748,27,2023912
1782,1706585425.782600164,1706585425.881578445,1,0,0,1,30.875100538,-6.599608073,-0.494214432,0.024821703,0.039695224,0.976549654,0.210140299,878,235,0.267653759,0.052909367,0.041629511,0.023991833,0.170678758,61.443401781,0.000000000,0.175420412,0.081084849,3.033400118,0.283454617,59.360633805,0,35,34,1,0.039863326,8,0,0,0,0,835,8,21621,94922,27756,27,2024747
1783,1706585425.882426977,1706585425.980189562,1,0,0,1,30.730560931,-6.526076461,-0.498459807,0.017950376,0.044437225,0.976294163,0.211075399,878,231,0.263097950,0.047625348,0.033803629,0.023840377,0.153022876,65.852085515,0.000000000,0.175115919,0.072953158,3.021972757,0.275717135,59.706047456,0,35,33,2,0.039863326,2,0,0,0,0,841,2,21629,94957,27758,27,2025588
1784,1706585425.983058214,1706585426.078900814,1,0,0,1,30.573020338,-6.455158178,-0.497221292,0.009699759,0.045248083,0.978255403,0.202175398,855,243,0.284210526,0.052231345,0.039405773,0.028326912,0.190173017,60.875619607,0.000000000,0.175143075,0.067490715,3.031443663,0.281525208,60.005390746,0,40,29,11,0.046783626,7,0,0,0,0,803,12,21643,94997,27765,27,2026391
1785,1706585426.082894802,1706585426.182721853,1,0,0,1,30.403226149,-6.392228331,-0.506349313,-0.000806931,0.047229249,0.980946236,0.188449538,865,229,0.264739884,0.050753945,0.037780223,0.019429215,0.170439013,69.926410371,0.000000000,0.174613647,0.062750880,3.058987789,0.283795232,60.959163310,0,40,37,3,0.046242775,6,0,0,0,0,814,11,21653,95037,27771,27,2027205
1786,1706585426.182734013,1706585426.282311678,1,0,0,1,30.240951594,-6.338933343,-0.504085345,-0.004191711,0.047344350,0.983932756,0.172096700,907,244,0.269018743,0.055048592,0.038017181,0.025642702,0.182615950,71.558591921,0.000000000,0.173674087,0.071726965,3.079791246,0.287162256,61.648431392,0,38,28,10,0.041896362,10,0,0,0,0,855,14,21664,95075,27781,27,2028060
1787,1706585426.282573462,1706585426.381049395,1,0,0,1,30.090372331,-6.287089660,-0.499550056,0.000802718,0.048670545,0.986221617,0.158105840,974,272,0.279260780,0.056827138,0.040308952,0.025396128,0.219680016,65.754754179,0.000000000,0.174808179,0.079258432,3.084039411,0.287702922,61.913687811,0,32,31,1,0.032854209,14,0,0,0,0,928,14,21668,95107,27795,27,2028988
1788,1706585426.382408142,1706585426.479880095,1,0,0,1,29.947872611,-6.243349477,-0.498079170,0.007449319,0.048193515,0.988226311,0.145019482,1067,315,0.295220244,0.048780431,0.033127976,0.019442246,0.220995447,72.122044661,0.000000000,0.177837882,0.075734993,3.071759663,0.296312798,62.564033354,0,39,38,1,0.036551078,6,0,0,0,0,1022,6,21676,95146,27801,27,2030010
1789,1706585426.483062744,1706585426.582884550,1,0,0,1,29.801743532,-6.212487766,-0.487197459,0.011309348,0.035941853,0.989669380,0.138328593,1126,329,0.292184725,0.052158530,0.037582760,0.024834303,0.208526897,69.258187628,0.000000000,0.178430469,0.074506766,3.053730509,0.282098570,63.003784802,0,57,50,7,0.050621670,7,0,0,0,0,1062,7,21699,95203,27808,27,2031072
1790,1706585426.582896709,1706585426.682723522,1,0,0,1,29.663070590,-6.195149005,-0.471742430,0.009847028,0.021372026,0.990627134,0.134551677,1225,386,0.315102041,0.052609526,0.038541917,0.023974324,0.225191828,74.516447197,0.000000000,0.180196694,0.073097002,3.027189297,0.270757191,63.837913030,0,60,47,13,0.048979592,10,0,0,0,0,1152,13,21718,95263,27818,27,2032224
1791,1706585426.682735205,1706585426.782555103,1,0,0,1,29.532402510,-6.160658141,-0.459935559,0.007034444,0.016248509,0.990819658,0.134025775,1237,357,0.288601455,0.048382473,0.034026035,0.021700277,0.231830587,75.591904338,0.000000000,0.182915325,0.073110262,2.990217478,0.246018064,64.747675280,0,66,50,16,0.053354891,9,0,0,0,0,1157,14,21745,95329,27827,27,2033381
1792,1706585426.782567501,1706585426.882411718,1,0,0,1,29.406483242,-6.115141023,-0.452926197,0.008475248,0.019361121,0.990581188,0.135285724,1154,344,0.298093588,0.053608466,0.042199446,0.026953560,0.249042249,70.083521074,0.000000000,0.186729034,0.071648438,2.952504286,0.227559236,65.233408632,0,43,42,1,0.037261698,8,0,0,0,0,1103,8,21756,95372,27835,27,2034484
1793,1706585426.882424116,1706585426.982259512,1,0,0,1,29.282616821,-6.073066135,-0.447838518,0.010554211,0.020087939,0.990114973,0.138410348,1150,353,0.306956522,0.051780781,0.036411989,0.025220490,0.199968209,73.651300111,0.000000000,0.189049312,0.065849165,2.911014188,0.212720753,65.883826188,0,28,26,2,0.024347826,12,0,0,0,0,1110,12,21766,95400,27847,27,2035594
1794,1706585426.983069897,1706585427.082912207,1,0,0,1,29.153728754,-6.022775695,-0.442305355,0.013048239,0.022757055,0.989670196,0.140942413,1176,375,0.318877551,0.042537313,0.032517263,0.022248037,0.187121191,75.609484015,0.000000000,0.188026105,0.074147548,2.885637490,0.207835031,66.915305823,0,28,28,0,0.023809524,9,0,0,0,0,1139,9,21776,95428,27856,27,2036733
1795,1706585427.082923889,1706585427.181711674,1,0,0,1,29.021834984,-5.976555040,-0.435336936,0.013586721,0.021000105,0.989069808,0.145311084,1186,368,0.310286678,0.044378058,0.032597169,0.019995448,0.204785083,68.185762816,0.000000000,0.189726290,0.073942355,2.868285447,0.212305652,67.343257688,0,42,40,2,0.035413153,10,0,0,0,0,1134,10,21783,95470,27866,27,2037867
1796,1706585427.182759047,1706585427.280375242,1,0,0,1,28.880132549,-5.931027644,-0.426043167,0.008127315,0.019554653,0.988995542,0.146421928,1177,372,0.316057774,0.043375727,0.033478789,0.019729043,0.197314999,71.232372253,0.000000000,0.192083859,0.079230060,2.861408312,0.206470832,67.683283748,0,46,40,6,0.039082413,7,0,0,0,0,1117,14,21792,95516,27873,27,2038984
1797,1706585427.282596588,1706585427.379093885,1,0,0,1,28.735292498,-5.875201920,-0.421106624,0.005785460,0.024172003,0.989119593,0.144998871,1171,388,0.331340734,0.043517678,0.030799155,0.022593917,0.152242759,71.219003773,0.000000000,0.190180454,0.083852589,2.873787416,0.200472859,68.385260361,0,30,23,7,0.025619129,7,0,0,0,0,1129,12,21802,95546,27880,27,2040113
1798,1706585427.382447720,1706585427.482273817,1,0,0,1,28.583807145,-5.817838303,-0.415125529,0.004929481,0.032116214,0.989914761,0.137887691,1137,402,0.353562005,0.043021949,0.029830866,0.020257947,0.185076331,78.341004062,0.000000000,0.192139828,0.088722839,2.886263219,0.205609875,69.174343562,0,37,29,8,0.032541777,8,0,0,0,0,1083,17,21811,95583,27888,27,2041196
1799,1706585427.483083487,1706585427.582139492,1,0,0,1,28.440230391,-5.778493766,-0.407826245,0.006217350,0.030551086,0.991085132,0.129530837,1160,376,0.324137931,0.047411838,0.032792289,0.023233948,0.224007513,66.666725723,0.000000000,0.197019588,0.085939445,2.889968681,0.221361720,69.348649017,0,40,32,8,0.034482759,9,0,0,0,0,1106,14,21829,95623,27897,27,2042302
1800,1706585427.582926512,1706585427.680881262,1,0,0,1,28.292787817,-5.742810085,-0.403662971,0.005792802,0.027705655,0.992224877,0.121196670,1163,400,0.343938091,0.044645406,0.032793340,0.017354885,0.232919417,67.140428572,0.000000000,0.197838497,0.088280339,2.887186565,0.236833745,69.785143009,0,29,26,3,0.024935512,7,0,0,0,0,1127,7,21837,95652,27904,27,2043429
1801,1706585427.682767153,1706585427.779716492,1,0,0,1,28.147461586,-5.710766711,-0.395676617,0.009480432,0.025651917,0.993006333,0.114850000,1221,421,0.344799345,0.047267410,0.036942661,0.023150350,0.209810098,69.051871434,0.000000000,0.200772112,0.087394472,2.881269921,0.247511137,69.904046052,0,26,26,0,0.021294021,8,0,0,0,0,1187,8,21842,95678,27912,27,2044616
1802,1706585427.782597303,1706585427.882416725,1,0,0,1,28.000117987,-5.671893423,-0.381761388,0.013028538,0.024529233,0.993465344,0.110703131,1183,412,0.348267117,0.046833057,0.037145752,0.022323632,0.206553996,65.823571206,0.000000000,0.202565874,0.086349508,2.872065230,0.254367825,70.123054523,0,40,38,2,0.033812342,11,0,0,0,0,1129,14,21848,95718,27923,27,2045745
1803,1706585427.882428408,1706585427.982256174,1,0,0,1,27.863363272,-5.635110997,-0.378164114,0.018486804,0.028988565,0.993787659,0.105848905,1267,426,0.336227309,0.045571149,0.038693143,0.022713923,0.164661958,71.159307859,0.000000000,0.203147828,0.087529195,2.840954425,0.244693568,70.388415640,0,53,48,5,0.041831097,6,0,0,0,0,1206,8,21861,95771,27929,27,2046951
1804,1706585427.983065605,1706585428.082902908,1,0,0,1,27.723181525,-5.605596052,-0.371359545,0.020646861,0.027835402,0.994078460,0.102989870,1289,436,0.338246703,0.042635763,0.034912607,0.022162224,0.174590285,75.496397162,0.000000000,0.202368691,0.090409666,2.803060494,0.221399696,71.119454518,0,45,44,1,0.034910784,5,0,0,0,0,1239,5,21873,95816,27934,27,2048190
1805,1706585428.082914829,1706585428.182754755,1,0,0,1,27.572714395,-5.575298634,-0.369011339,0.014604440,0.028339999,0.994487874,0.099887052,1237,429,0.346806791,0.042975688,0.035318123,0.021842448,0.152620522,75.420967764,0.000000000,0.201477767,0.093002433,2.785748368,0.194504291,71.394182388,0,53,53,0,0.042845594,5,0,0,0,0,1179,5,21883,95869,27939,27,2049369
1806,1706585428.182765961,1706585428.282594919,1,0,0,1,27.427475356,-5.530978543,-0.361412606,0.013575151,0.037258800,0.994499295,0.096946633,1207,415,0.343827672,0.041843913,0.034086867,0.019794882,0.176019576,78.343325536,0.000000000,0.201147948,0.090730445,2.778470411,0.172372374,71.733419068,0,38,36,2,0.031483016,4,0,0,0,0,1165,4,21888,95907,27943,27,2050534
1807,1706585428.282607079,1706585428.382432699,1,0,0,1,27.284838856,-5.487494938,-0.356288084,0.014073547,0.047154531,0.994181468,0.095820636,1291,465,0.360185902,0.042648659,0.034400551,0.019784495,0.163130636,74.211486344,0.000000000,0.198320479,0.080287171,2.778606924,0.148591537,72.156255676,0,44,42,2,0.034082107,8,0,0,0,0,1239,8,21892,95951,27951,27,2051773
1808,1706585428.382444143,1706585428.481820822,1,0,0,1,27.136619383,-5.446599465,-0.347029731,0.012342547,0.047711682,0.994144060,0.096170917,1234,445,0.360615883,0.040799095,0.034208074,0.020724650,0.188015686,73.713337528,0.000000000,0.196671491,0.083993065,2.782894845,0.135887111,72.235820320,0,38,37,1,0.030794165,5,0,0,0,0,1191,5,21896,95989,27956,27,2052964
1809,1706585428.483093977,1706585428.580524206,1,0,0,1,26.988566253,-5.413568049,-0.337942591,0.017121265,0.045364274,0.994211308,0.095879194,1225,470,0.383673469,0.044136177,0.034454716,0.021993648,0.192018032,73.307750354,0.000000000,0.195846048,0.078937939,2.794255228,0.128141051,72.438298456,0,53,50,3,0.043265306,6,0,0,0,0,1166,6,21906,96042,27962,27,2054130
1810,1706585428.582933187,1706585428.682753325,1,0,0,1,26.829503148,-5.376006681,-0.325885468,0.012793302,0.042859261,0.994145931,0.098352852,1244,442,0.355305466,0.039469370,0.031985718,0.018791373,0.168258725,76.267859982,0.000000000,0.192999393,0.076467600,2.822478924,0.131402186,72.525869095,0,40,34,6,0.032154341,5,0,0,0,0,1198,6,21916,96082,27967,27,2055328
1811,1706585428.682764053,1706585428.782584429,1,0,0,1,26.681533762,-5.337754355,-0.320297767,0.014791830,0.041865173,0.993667250,0.103217758,1257,482,0.383452665,0.046158346,0.035642268,0.023039996,0.190212195,71.249607404,0.000000000,0.190918473,0.074835036,2.841338017,0.138704886,72.308754249,0,41,39,2,0.032617343,5,0,0,0,0,1211,5,21921,96123,27972,27,2056539
1812,1706585428.782609224,1706585428.881968260,1,0,0,1,26.526369935,-5.304707811,-0.314168942,0.011014250,0.035879263,0.993248865,0.109763646,1204,463,0.384551495,0.044116558,0.035773567,0.020674867,0.181772277,69.206661615,0.000000000,0.187554974,0.060030880,2.869183985,0.145029767,72.264911276,0,30,30,0,0.024916944,6,0,0,0,0,1168,6,21921,96153,27978,27,2057707
1813,1706585428.882455349,1706585428.980746269,1,0,0,1,26.369689780,-5.260297267,-0.311873537,0.009223610,0.036574800,0.992828959,0.113436619,1181,428,0.362404742,0.045826395,0.035102857,0.022093588,0.209265156,69.825711155,0.000000000,0.188019822,0.046963506,2.893590205,0.147000921,72.073631828,0,23,21,2,0.019475021,5,0,0,0,0,1153,5,21924,96176,27983,27,2058860
1814,1706585428.983078718,1706585429.079580069,1,0,0,1,26.208673306,-5.204131156,-0.312228833,0.005686338,0.043643448,0.992095389,0.117514483,1143,424,0.370953631,0.043537726,0.034760484,0.021537460,0.182942003,63.013320183,0.000000000,0.187810862,0.046386384,2.924190234,0.146127184,71.443823636,0,29,29,0,0.025371829,6,0,0,0,0,1108,6,21926,96205,27989,27,2059968
1815,1706585429.082912207,1706585429.182740450,1,0,0,1,26.044992824,-5.155106828,-0.304562367,0.002911005,0.042430909,0.991377861,0.123939825,1115,424,0.380269058,0.042521216,0.033585112,0.020214880,0.173978560,67.623840065,0.000000000,0.186270536,0.047012145,2.946100212,0.156862506,71.415727499,0,28,25,3,0.025112108,5,0,0,0,0,1081,6,21933,96233,27994,27,2061049
1816,1706585429.182752609,1706585429.282579899,1,0,0,1,25.903594371,-5.124664825,-0.286137373,0.017710818,0.026952949,0.990926864,0.130475349,1184,439,0.370777027,0.045334540,0.035921775,0.022841401,0.199098216,67.939372448,0.000000000,0.186359697,0.047326557,2.936602731,0.168013367,71.251077508,0,33,28,5,0.027871622,9,0,0,0,0,1141,10,21939,96266,28003,27,2062190
1817,1706585429.282592058,1706585429.382430553,1,0,0,1,25.765958728,-5.094003738,-0.271260878,0.026457903,0.015046920,0.990188978,0.136379458,1236,459,0.371359223,0.046018452,0.035332929,0.020640650,0.226769181,73.164623853,0.000000000,0.190086018,0.048124327,2.916301680,0.165607981,71.348358513,0,34,32,2,0.027508091,14,0,0,0,0,1188,14,21946,96300,28017,27,2063378
1818,1706585429.382441521,1706585429.482299805,1,0,0,1,25.632672966,-5.050089927,-0.266747117,0.030224386,0.015539910,0.989340505,0.141599304,1258,509,0.404610493,0.042226642,0.031640920,0.018725590,0.202659141,72.031508179,0.000000000,0.190965159,0.048798019,2.907659006,0.159606550,71.032883718,0,44,42,2,0.034976153,11,0,0,0,0,1203,11,21952,96344,28028,27,2064581
1819,1706585429.482710838,1706585429.582526445,1,0,0,1,25.486297319,-4.994499166,-0.260135116,0.025213542,0.020238034,0.989036267,0.144090114,1315,507,0.385551331,0.039443619,0.032695930,0.019417346,0.166737588,74.676569531,0.000000000,0.188101662,0.051203279,2.912618645,0.147746128,71.433375909,0,48,46,2,0.036501901,8,0,0,0,0,1259,8,21959,96392,28036,27,2065840
1820,1706585429.582538366,1706585429.682353497,1,0,0,1,25.333564745,-4.933783580,-0.253916728,0.015251357,0.030777884,0.989188065,0.142573107,1224,464,0.379084967,0.042059574,0.031448097,0.020351204,0.178995763,78.529411349,0.000000000,0.185405480,0.051729577,2.928063334,0.138553694,72.002825048,0,37,35,2,0.030228758,10,0,0,0,0,1177,10,21970,96429,28046,27,2067017
1821,1706585429.682765245,1706585429.781129599,1,0,0,1,25.184584532,-4.873771304,-0.248658301,0.014091051,0.038074343,0.989025238,0.142059371,1213,469,0.386644683,0.040747362,0.033955971,0.020308818,0.156703470,68.118687007,0.000000000,0.182750148,0.050075297,2.935743231,0.131383434,71.956165826,0,42,42,0,0.034624897,8,0,0,0,0,1163,8,21975,96471,28054,27,2068180
1822,1706585429.782614708,1706585429.879827499,1,0,0,1,25.035042148,-4.810286176,-0.239709691,0.016946236,0.043895270,0.988262602,0.145337741,1181,448,0.379339543,0.042675554,0.033304712,0.019821612,0.158134731,64.958047503,0.000000000,0.180329185,0.046580496,2.956788956,0.129061936,71.912889641,0,44,40,4,0.037256562,6,0,0,0,0,1128,9,21984,96515,28060,27,2069308
1823,1706585429.882460833,1706585429.978518724,1,0,0,1,24.889240854,-4.754539771,-0.236937001,0.021639793,0.045028505,0.987301461,0.150797808,1212,456,0.376237624,0.039993262,0.032507879,0.018954450,0.166347899,73.972838074,0.000000000,0.180413482,0.047259064,2.969491952,0.134961734,72.053566152,0,37,31,6,0.030528053,6,0,0,0,0,1158,17,21992,96552,28066,27,2070466
1824,1706585429.983099222,1706585430.082924843,1,0,0,1,24.723930394,-4.697879872,-0.227688431,0.019203806,0.045160966,0.987333223,0.150880110,1203,488,0.405652535,0.039557456,0.032455397,0.018417098,0.140833798,72.902205154,0.000000000,0.178725658,0.050183236,2.990982398,0.128426517,71.923856551,0,55,32,23,0.045719036,3,0,0,0,0,1141,7,22023,96607,28069,27,2071607
1825,1706585430.082937241,1706585430.181967497,1,0,0,1,24.576912464,-4.637456084,-0.225177540,0.023527202,0.052975992,0.987465388,0.146806411,1190,465,0.390756303,0.040845854,0.032327381,0.019468030,0.170373356,68.513670036,0.000000000,0.179613299,0.051054101,2.997912118,0.130168112,71.578491665,0,32,26,6,0.026890756,7,0,0,0,0,1150,8,22030,96639,28076,27,2072757
1826,1706585430.182778835,1706585430.280761003,1,0,0,1,24.425993568,-4.585268291,-0.215759096,0.013324616,0.055285391,0.988478081,0.140274954,1176,488,0.414965986,0.046016059,0.038551191,0.021392243,0.151651952,66.774522141,0.000000000,0.178394918,0.053710662,3.008671656,0.142498172,71.000051495,0,44,42,2,0.037414966,6,0,0,0,0,1126,6,22036,96683,28082,27,2073883
1827,1706585430.282623291,1706585430.379756927,1,0,0,1,24.284754644,-4.552640122,-0.204979828,0.021022217,0.047247905,0.990132129,0.130246189,1182,458,0.387478849,0.043168683,0.036971792,0.020126413,0.185813302,64.177881523,0.000000000,0.179529052,0.053728113,2.999994345,0.161468710,70.498371254,0,42,42,0,0.035532995,5,0,0,0,0,1135,5,22037,96725,28087,27,2075018
1828,1706585430.382463455,1706585430.482296944,1,0,0,1,24.143250721,-4.528427279,-0.189362000,0.027884815,0.037377381,0.991271249,0.123315367,1252,493,0.393769968,0.040482969,0.032175967,0.020193928,0.175040895,64.587702276,0.000000000,0.178880312,0.054082765,2.992436828,0.174954474,70.042089492,0,43,43,0,0.034345048,4,0,0,0,0,1204,5,22038,96768,28091,27,2076222
1829,1706585430.482707739,1706585430.582528591,1,0,0,1,23.995392033,-4.491943054,-0.189531363,0.025707279,0.040809190,0.992369504,0.113474725,1322,515,0.389561271,0.040047936,0.033114016,0.019796801,0.163670268,66.469512210,0.000000000,0.177462924,0.055419677,2.980848380,0.190330426,69.700177584,0,43,41,2,0.032526475,1,0,0,0,0,1277,2,22041,96811,28092,27,2077499
1830,1706585430.582539797,1706585430.682367325,1,0,0,1,23.850062891,-4.447421635,-0.178625422,0.027830079,0.046375237,0.992839171,0.106513870,1302,503,0.386328725,0.041082936,0.033311086,0.019524210,0.154257684,71.948511034,0.000000000,0.176762872,0.053453093,2.980298973,0.193939320,69.484210137,0,50,50,0,0.038402458,10,0,0,0,0,1242,10,22042,96861,28102,27,2078741
1831,1706585430.682779312,1706585430.782599926,1,0,0,1,23.693542580,-4.423047040,-0.166413658,0.021008739,0.036791736,0.993344237,0.107108490,1272,519,0.408018868,0.044116777,0.037404564,0.020810002,0.142379781,64.838309147,0.000000000,0.174371251,0.050768928,2.980413588,0.181361499,69.163645224,0,46,43,3,0.036163522,6,0,0,0,0,1220,6,22047,96907,28108,27,2079961
1832,1706585430.782611370,1706585430.882430315,1,0,0,1,23.525852015,-4.407988984,-0.151117776,0.006745553,0.019731237,0.993726594,0.109875529,1270,503,0.396062992,0.039045965,0.031827851,0.019644890,0.118099942,72.056394096,0.000000000,0.171187634,0.053207657,2.986603490,0.178393840,69.306131848,0,37,37,0,0.029133858,9,0,0,0,0,1224,9,22049,96944,28117,27,2081185
1833,1706585430.882441759,1706585430.982275248,1,0,0,1,23.355554942,-4.379543280,-0.141676214,0.000368462,0.014493418,0.994173016,0.106816758,1233,509,0.412814274,0.041724145,0.031810725,0.019661093,0.144267916,64.575134650,0.000000000,0.167937772,0.049778139,2.988986196,0.176843941,69.043603023,0,44,41,3,0.035685320,11,0,0,0,0,1178,11,22057,96988,28128,27,2082363
1834,1706585430.983087063,1706585431.081198454,1,0,0,1,23.191567848,-4.341089985,-0.130262089,0.001631934,0.014279429,0.994538347,0.103377513,1206,486,0.402985075,0.038862446,0.030658511,0.016743525,0.119976622,64.730192952,0.000000000,0.164789503,0.051933498,2.986771286,0.171028281,69.129446661,0,48,47,1,0.039800995,4,0,0,0,0,1154,4,22060,97036,28132,27,2083517
1835,1706585431.082933426,1706585431.179593086,1,0,0,1,23.033793704,-4.294132829,-0.130977889,0.005184704,0.024451819,0.994727185,0.099463839,1233,508,0.412003244,0.036247998,0.028488142,0.017810689,0.121632009,67.888394719,0.000000000,0.162172176,0.059672240,3.005579369,0.164617700,69.142674394,0,54,53,1,0.043795620,7,0,0,0,0,1168,11,22064,97090,28139,27,2084685
1836,1706585431.182775497,1706585431.282600403,1,0,0,1,22.866102472,-4.253465796,-0.130636234,0.002274395,0.025348949,0.995068863,0.095865614,1244,518,0.416398714,0.040638476,0.033396810,0.021513384,0.127716046,60.944348366,0.000000000,0.158603067,0.056165926,3.036339564,0.160007347,68.792923190,0,33,33,0,0.026527331,7,0,0,0,0,1202,9,22068,97123,28146,27,2085887
1837,1706585431.282612324,1706585431.382442713,1,0,0,1,22.713233256,-4.223477522,-0.124380136,0.002920867,0.020832679,0.995076872,0.096847753,1239,537,0.433414044,0.037420227,0.028472396,0.018010643,0.108922272,65.969316733,0.000000000,0.152710722,0.053557082,3.051841810,0.151231395,68.433157834,0,45,44,1,0.036319613,7,0,0,0,0,1187,7,22072,97168,28153,27,2087074
1838,1706585431.382454634,1706585431.481735945,1,0,0,1,22.568851999,-4.198050857,-0.106185503,0.005348649,0.012210638,0.995193326,0.097018230,1203,500,0.415627598,0.040080717,0.030060054,0.018577910,0.132846846,62.965321224,0.000000000,0.149220107,0.053229504,3.042853699,0.146643707,67.979848486,0,54,53,1,0.044887781,6,0,0,0,0,1143,6,22074,97222,28159,27,2088217
1839,1706585431.483095884,1706585431.580775738,1,0,0,1,22.433018853,-4.172988036,-0.096885574,0.017038873,0.006834538,0.995014988,0.098021113,1305,574,0.439846743,0.040556706,0.032043837,0.019008367,0.122996338,66.925682798,0.000000000,0.147033045,0.052688272,3.016816609,0.145453566,67.592304150,0,61,60,1,0.046743295,10,0,0,0,0,1234,10,22074,97283,28169,27,2089451
1840,1706585431.582935572,1706585431.682765484,1,0,0,1,22.268614967,-4.140158669,-0.106803000,0.003247125,0.007047787,0.995371840,0.095784577,1259,532,0.422557585,0.043539216,0.033190897,0.021392528,0.117472040,66.580705095,0.000000000,0.143956858,0.054248166,3.024060153,0.149221192,66.994868837,0,46,43,3,0.036536934,7,0,0,0,0,1206,7,22085,97329,28176,27,2090657
1841,1706585431.682776928,1706585431.782622337,1,0,0,1,22.118689048,-4.101274987,-0.094333651,0.010135610,0.009635442,0.994877547,0.100115405,1243,528,0.424778761,0.037717797,0.026571213,0.017510528,0.109567087,61.969611735,0.000000000,0.141600039,0.056969573,3.016741060,0.151104802,66.687415073,0,46,40,6,0.037007241,11,0,0,0,0,1186,11,22095,97375,28187,27,2091843
1842,1706585431.782633066,1706585431.882464170,1,0,0,1,21.973647647,-4.057087776,-0.095421577,0.013125822,0.016206440,0.994294630,0.104610002,1327,601,0.452901281,0.041750173,0.032553805,0.020589193,0.129375722,66.355380442,0.000000000,0.140162089,0.056270638,3.012248189,0.148831836,66.757281720,0,54,54,0,0.040693293,8,0,0,0,0,1265,8,22096,97429,28195,27,2093108
1843,1706585431.882476568,1706585431.982289791,1,0,0,1,21.820009055,-4.011803832,-0.099427100,0.004005572,0.016939889,0.993383621,0.113516421,1236,496,0.401294498,0.041862037,0.028991256,0.018469039,0.103863626,61.820351351,0.000000000,0.137037875,0.056377890,2.997475951,0.166329104,66.149657384,0,45,45,0,0.036407767,13,0,0,0,0,1178,13,22098,97474,28208,27,2094286
1844,1706585431.983101606,1706585432.082928658,1,0,0,1,21.675907547,-3.977504935,-0.088152079,0.024072512,0.008800035,0.992847916,0.116602272,1275,539,0.422745098,0.042000568,0.031296646,0.019602077,0.125922372,59.179929129,0.000000000,0.136292304,0.056182922,2.987061143,0.165508699,65.463543583,0,69,66,3,0.054117647,12,0,0,0,0,1194,12,22101,97543,28220,27,2095480
1845,1706585432.082940817,1706585432.182766199,1,0,0,1,21.515254245,-3.941097152,-0.086777004,0.011435986,0.005165056,0.992958939,0.117792555,1292,573,0.443498452,0.044539924,0.034845487,0.022471328,0.130314563,62.253126037,0.000000000,0.134289364,0.059243078,2.991829008,0.153101098,65.150516383,0,57,55,2,0.044117647,9,0,0,0,0,1226,9,22107,97600,28229,27,2096706
1846,1706585432.182778120,1706585432.282238483,1,0,0,1,21.351591962,-3.900632502,-0.085661671,0.008682641,0.004910825,0.992957038,0.118054294,1250,546,0.436800000,0.040188297,0.028482026,0.019692322,0.128127976,61.346016023,0.000000000,0.133113165,0.052793767,3.015064172,0.134068470,64.879091077,0,57,56,1,0.045600000,8,0,0,0,0,1185,8,22115,97657,28237,27,2097891
1847,1706585432.282625437,1706585432.380717993,1,0,0,1,21.190319613,-3.855115953,-0.083113486,0.005657389,0.009509284,0.993498887,0.113302818,1246,557,0.447030498,0.039185428,0.029425721,0.019477469,0.101211282,60.783259993,0.000000000,0.128883064,0.051845671,3.038248454,0.129995654,64.709360001,0,40,38,2,0.032102729,5,0,0,0,0,1201,5,22119,97697,28242,27,2099092
1848,1706585432.382476091,1706585432.479105234,1,0,0,1,21.029575482,-3.808095139,-0.087804008,0.004483262,0.015836363,0.993786386,0.110080557,1236,537,0.434466019,0.037289350,0.026775182,0.016710682,0.098404129,62.205994935,0.000000000,0.125051226,0.054956092,3.053500841,0.116590690,64.590274633,0,49,48,1,0.039644013,4,0,0,0,0,1183,4,22123,97746,28246,27,2100275
1849,1706585432.482710600,1706585432.582532644,1,0,0,1,20.860100733,-3.759714227,-0.090023731,0.002968160,0.021771876,0.993889496,0.108170440,1238,534,0.431340872,0.041276566,0.029566611,0.019274623,0.114072097,57.140344222,0.000000000,0.122571318,0.055034297,3.077373577,0.106928471,64.123816234,0,42,41,1,0.033925687,11,0,0,0,0,1185,11,22130,97788,28257,27,2101460
1850,1706585432.582545042,1706585432.682387114,1,0,0,1,20.694635341,-3.720991488,-0.095947372,0.002351660,0.020893383,0.993946819,0.107831616,1243,547,0.440064360,0.040786385,0.029383127,0.018916723,0.104681692,57.985128644,0.000000000,0.120092518,0.054974420,3.088535939,0.107477871,63.425647115,0,31,31,0,0.024939662,8,0,0,0,0,1204,8,22139,97819,28265,27,2102664
1851,1706585432.682399035,1706585432.781698942,1,0,0,1,20.531536419,-3.687052095,-0.088577568,0.001082278,0.012465565,0.993587574,0.112370689,1181,557,0.471634208,0.039062521,0.027421836,0.018516505,0.119500147,56.387926984,0.000000000,0.118948536,0.051589436,3.086232939,0.112280201,63.003128006,0,35,35,0,0.029635902,9,0,0,0,0,1137,9,22145,97854,28274,27,2103801
1852,1706585432.783033609,1706585432.880609512,1,0,0,1,20.361173624,-3.647924277,-0.097187124,-0.004208944,0.012688875,0.993805523,0.110326151,1215,548,0.451028807,0.040001192,0.030047202,0.018615633,0.108311268,56.496700396,0.000000000,0.118459103,0.051132181,3.088328791,0.110122150,62.225143321,0,46,46,0,0.037860082,12,0,0,0,0,1157,12,22155,97900,28286,27,2104958
1853,1706585432.882869720,1706585432.982690096,1,0,0,1,20.200735638,-3.605779385,-0.095474953,-0.000794012,0.010557494,0.993041896,0.117284700,1155,528,0.457142857,0.036990587,0.026690300,0.017007998,0.090590757,60.178123455,0.000000000,0.115775245,0.053578120,3.085397208,0.117337679,62.005292762,0,39,37,2,0.033766234,6,0,0,0,0,1110,6,22167,97939,28292,27,2106068
1854,1706585432.982702255,1706585433.082521200,1,0,0,1,20.046447077,-3.553904810,-0.098990533,0.000145484,0.015474949,0.992788132,0.118879055,1228,576,0.469055375,0.042162708,0.029954194,0.018617640,0.110143796,56.808002966,0.000000000,0.115283603,0.054176500,3.083595667,0.112858594,61.609183262,0,41,40,1,0.033387622,10,0,0,0,0,1177,10,22175,97980,28302,27,2107245
1855,1706585433.082533598,1706585433.182359695,1,0,0,1,19.899816132,-3.496407663,-0.111940055,0.005001412,0.026025222,0.992024856,0.123224826,1213,538,0.443528442,0.038994692,0.026592149,0.016342674,0.113187370,56.695405300,0.000000000,0.114861371,0.049733256,3.069075853,0.114443036,61.049533791,0,42,40,2,0.034624897,11,0,0,0,0,1160,11,22183,98022,28313,27,2108405
1856,1706585433.182769775,1706585433.282586813,1,0,0,1,19.760697989,-3.448029593,-0.111418456,0.004430209,0.026780667,0.990329368,0.136054813,1259,602,0.478157268,0.045640578,0.031657870,0.019295086,0.112975838,56.822095045,0.000000000,0.114124361,0.057166347,3.060458201,0.138283131,60.843421125,0,38,37,1,0.030182685,16,0,0,0,0,1205,16,22196,98060,28329,27,2109610
1857,1706585433.282597780,1706585433.382432938,1,0,0,1,19.612987584,-3.405794512,-0.110117226,-0.001837245,0.021604407,0.989803298,0.140781057,1217,582,0.478225144,0.042732144,0.029480987,0.019609621,0.111740136,55.171575439,0.000000000,0.114265254,0.055058792,3.066365860,0.147162972,60.303534061,0,47,43,4,0.038619556,9,0,0,0,0,1160,10,22205,98107,28338,27,2110770
1858,1706585433.382445097,1706585433.482294083,1,0,0,1,19.476950109,-3.350019970,-0.114139821,-0.003205403,0.026151915,0.988901683,0.146216494,1197,555,0.463659148,0.044428548,0.029179521,0.018514020,0.119340806,53.828760547,0.000000000,0.113589952,0.057812991,3.075009354,0.155830845,59.846706027,0,49,43,6,0.040935673,12,0,0,0,0,1136,12,22220,98156,28350,27,2111906
1859,1706585433.482703686,1706585433.581435919,1,0,0,1,19.337317471,-3.295765278,-0.108298945,0.001560322,0.029087423,0.988754870,0.146680926,1144,528,0.461538462,0.040908892,0.029190381,0.017940366,0.088386211,64.303075702,0.000000000,0.111859446,0.057731884,3.056983138,0.152230204,59.715575672,0,43,41,2,0.037587413,9,0,0,0,0,1092,9,22224,98199,28359,27,2112998
1860,1706585433.582545757,1706585433.680016994,1,0,0,1,19.202617438,-3.245499284,-0.111895495,0.007193647,0.033702118,0.989147725,0.142825759,1173,577,0.491901108,0.040615738,0.028164809,0.018296760,0.090169723,64.006721450,0.000000000,0.110494330,0.056258862,3.045414161,0.150787185,59.586876490,0,42,40,2,0.035805627,13,0,0,0,0,1118,13,22233,98241,28372,27,2114116
1861,1706585433.682399988,1706585433.778545856,1,0,0,1,19.061153997,-3.198620835,-0.114230542,0.009752766,0.037009209,0.990086556,0.135143676,1168,546,0.467465753,0.041259748,0.027563051,0.019232835,0.096439701,60.090891048,0.000000000,0.109837960,0.053119692,3.042834106,0.156811210,59.492940455,0,47,47,0,0.040239726,13,0,0,0,0,1107,14,22240,98288,28385,27,2115223
1862,1706585433.783049107,1706585433.882871628,1,0,0,1,18.904269576,-3.155068189,-0.115898556,0.011603482,0.039392769,0.991478943,0.123624734,1225,583,0.475918367,0.037221065,0.025298121,0.016341300,0.088448941,59.049751313,0.000000000,0.107791621,0.057060997,3.045436928,0.162267499,59.127658999,0,34,33,1,0.027755102,10,0,0,0,0,1181,10,22244,98322,28395,27,2116404
1863,1706585433.882883072,1706585433.982687712,1,0,0,1,18.750723256,-3.111867086,-0.116550479,-0.003171817,0.041405255,0.992182658,0.117682273,1237,604,0.488278092,0.037491540,0.024847877,0.017069642,0.097452296,58.056199659,0.000000000,0.107471055,0.059787719,3.056390615,0.168724608,58.939451414,0,46,45,1,0.037186742,9,0,0,0,0,1182,9,22249,98368,28404,27,2117586
1864,1706585433.982724190,1706585434.081743717,1,0,0,1,18.593453447,-3.072765858,-0.111349953,-0.003426303,0.039968971,0.993074948,0.110421422,1147,542,0.472537053,0.041301240,0.032138368,0.021150626,0.074005640,61.937325793,0.000000000,0.104875218,0.059473178,3.053798923,0.181379989,59.077321247,0,43,42,1,0.037489102,15,0,0,0,0,1089,15,22255,98411,28419,27,2118675
1865,1706585434.082578659,1706585434.180784464,1,0,0,1,18.437204106,-3.046902947,-0.103858910,-0.008792408,0.027644179,0.993370047,0.111240474,1145,557,0.486462882,0.037652136,0.029020176,0.018844094,0.097904913,53.415601300,0.000000000,0.103254736,0.057580419,3.043757207,0.182456932,58.635445011,0,26,24,2,0.022707424,12,0,0,0,0,1107,12,22262,98437,28431,27,2119782
1866,1706585434.182419062,1706585434.282237053,1,0,0,1,18.279544979,-3.025911721,-0.098924070,-0.008977869,0.013715068,0.994035257,0.107820231,1151,574,0.498696785,0.040036890,0.027787634,0.018919124,0.091609997,54.560217746,0.000000000,0.101428837,0.057602856,3.035292327,0.179473081,58.296155097,0,33,32,1,0.028670721,11,0,0,0,0,1107,11,22266,98470,28442,27,2120889
1867,1706585434.283046722,1706585434.382872343,1,0,0,1,18.134821956,-2.986159876,-0.098454931,0.000671784,0.014986716,0.993817221,0.110010352,1227,616,0.502037490,0.039597158,0.029396299,0.020183372,0.076998013,62.109460294,0.000000000,0.100218173,0.057381085,3.017830330,0.177636902,58.362465112,0,42,42,0,0.034229829,10,0,0,0,0,1174,11,22269,98512,28452,27,2122063
1868,1706585434.382883310,1706585434.482706308,1,0,0,1,17.990798229,-2.941640620,-0.096348965,-0.000693214,0.016954325,0.993350980,0.113867913,1222,580,0.474631751,0.039294936,0.026248606,0.018626092,0.100362606,54.190191726,0.000000000,0.100316097,0.055012836,2.992333234,0.181467894,57.961674951,0,47,47,0,0.038461538,10,0,0,0,0,1165,10,22274,98559,28462,27,2123228
1869,1706585434.482718229,1706585434.582553148,1,0,0,1,17.845429000,-2.908282167,-0.091108126,0.002940503,0.011770659,0.993035744,0.117187096,1212,608,0.501650165,0.038452533,0.027181854,0.017560996,0.076788276,62.603786315,0.000000000,0.098451906,0.055893166,2.971533639,0.187551476,58.234847056,0,44,44,0,0.036303630,10,0,0,0,0,1158,10,22277,98603,28472,27,2124386
1870,1706585434.582564592,1706585434.682394266,1,0,0,1,17.699304734,-2.868017592,-0.087659720,0.000782934,0.012936616,0.992935803,0.117942877,1238,581,0.469305331,0.042038481,0.030376807,0.019691840,0.101291606,54.752102299,0.000000000,0.098282402,0.056595034,2.956387427,0.179927993,58.073195739,0,34,34,0,0.027463651,12,0,0,0,0,1192,12,22282,98637,28484,27,2125578
1871,1706585434.682405949,1706585434.782249451,1,0,0,1,17.557161840,-2.820763356,-0.082397548,0.007509666,0.014814936,0.992551052,0.120691891,1214,572,0.471169687,0.038746721,0.027022485,0.017964962,0.085634053,57.645790950,0.000000000,0.096589097,0.056854238,2.931261302,0.181435463,58.136088937,0,48,45,3,0.039538715,6,0,0,0,0,1160,6,22291,98685,28490,27,2126738
1872,1706585434.783060789,1706585434.881034851,1,0,0,1,17.415417138,-2.780025478,-0.078016014,0.004862706,0.014309663,0.992060158,0.124852838,1213,616,0.507831822,0.037767919,0.025287111,0.016795178,0.081340739,59.481803149,0.000000000,0.095240571,0.058614081,2.912919099,0.175633937,58.285344075,0,52,51,1,0.042868920,13,0,0,0,0,1148,13,22297,98737,28503,27,2127886
1873,1706585434.882918835,1706585434.979774952,1,0,0,1,17.300197392,-2.734770763,-0.061793251,0.022430476,0.013447328,0.991283926,0.129120958,1211,565,0.466556565,0.042936871,0.029334827,0.019063614,0.084525447,58.477764299,0.000000000,0.094937305,0.057075426,2.874952365,0.181659933,58.200326117,0,47,41,6,0.038810900,8,0,0,0,0,1156,8,22304,98784,28511,27,2129042
1874,1706585434.982757568,1706585435.082584858,1,0,0,1,17.182461395,-2.689700179,-0.061504581,0.027384627,0.018919440,0.989881473,0.137937689,1284,653,0.508566978,0.041257398,0.027319742,0.018018310,0.085716764,58.231302884,0.000000000,0.093715954,0.056520805,2.842988203,0.190997572,58.271491113,0,68,66,2,0.052959502,16,0,0,0,0,1200,16,22318,98852,28527,27,2130242
1875,1706585435.082596779,1706585435.182415724,1,0,0,1,17.053999492,-2.650474737,-0.065515990,0.012048931,0.015215627,0.989023131,0.146480561,1227,644,0.524857376,0.041229628,0.026611729,0.018807095,0.094467619,57.171423521,0.000000000,0.092779966,0.055925799,2.830074479,0.181540835,58.295292024,0,42,41,1,0.034229829,16,0,0,0,0,1169,16,22328,98894,28543,27,2131411
1876,1706585435.182427168,1706585435.282263517,1,0,0,1,16.921368571,-2.612019206,-0.054472602,0.011755215,0.006581279,0.988055481,0.153508529,1186,577,0.486509275,0.039875535,0.027972878,0.017897617,0.075316734,64.741413729,0.000000000,0.090897011,0.048253184,2.814973279,0.186316163,58.691257958,0,48,48,0,0.040472175,10,0,0,0,0,1128,10,22330,98942,28553,27,2132539
1877,1706585435.283073425,1706585435.382087708,1,0,0,1,16.796639844,-2.557156023,-0.045298876,0.004641448,0.013111309,0.989144243,0.146288130,1193,595,0.498742666,0.041318933,0.030075259,0.019123732,0.089062218,59.412714708,0.000000000,0.089763115,0.046661625,2.804461133,0.190154547,58.903314922,0,50,48,2,0.041911148,16,0,0,0,0,1127,16,22343,98992,28569,27,2133666
1878,1706585435.382922411,1706585435.482761621,1,0,0,1,16.686517818,-2.487924076,-0.064623215,0.005283424,0.038992288,0.988398711,0.146695861,1159,598,0.515962036,0.038060516,0.026265159,0.017205853,0.083854387,59.139725211,0.000000000,0.087988794,0.041451468,2.786048814,0.189908355,59.168863155,0,38,38,0,0.032786885,11,0,0,0,0,1110,11,22349,99030,28580,27,2134776
1879,1706585435.482773304,1706585435.582591057,1,0,0,1,16.593713444,-2.424040040,-0.065394970,0.014745447,0.055771543,0.986610409,0.152551656,1212,604,0.498349835,0.044622270,0.030376266,0.020352029,0.091763098,57.783723135,0.000000000,0.088157638,0.048532823,2.754900017,0.195341519,58.842895527,0,45,41,4,0.037128713,16,0,0,0,0,1151,16,22359,99075,28596,27,2135927
1880,1706585435.582602978,1706585435.682427406,1,0,0,1,16.478952246,-2.383110677,-0.063825802,0.016636689,0.051799721,0.986389495,0.155163701,1190,602,0.505882353,0.038511536,0.026574242,0.018674397,0.074141299,60.964612620,0.000000000,0.087356217,0.049230351,2.727704804,0.185496145,58.690790085,0,43,43,0,0.036134454,10,0,0,0,0,1137,10,22363,99118,28606,27,2137064
1881,1706585435.682439804,1706585435.782279015,1,0,0,1,16.358293377,-2.369070699,-0.052173116,0.021669139,0.033196659,0.987011901,0.155678957,1183,638,0.539306847,0.039326953,0.027992783,0.017563231,0.078916480,62.246667804,0.000000000,0.086480056,0.048843711,2.686909316,0.163555892,58.798578923,0,40,40,0,0.033812342,10,0,0,0,0,1133,10,22367,99158,28616,27,2138197
1882,1706585435.783090353,1706585435.882927418,1,0,0,1,16.268226226,-2.365841176,-0.011547252,0.034761646,0.009745529,0.986112106,0.162109738,1172,604,0.515358362,0.042468885,0.028555310,0.019509438,0.088742604,58.074948027,0.000000000,0.086494739,0.048107892,2.626258361,0.163204465,58.749838759,0,40,40,0,0.034129693,15,0,0,0,0,1117,15,22372,99198,28631,27,2139314
1883,1706585435.882938862,1706585435.982767582,1,0,0,1,16.186014564,-2.352353699,0.001075354,0.053649429,-0.005740448,0.984797224,0.165115759,1180,610,0.516949153,0.037635267,0.026758762,0.017541884,0.056573764,68.741877113,0.000000000,0.084450813,0.047862805,2.548378732,0.154315874,59.284122631,0,38,36,2,0.032203390,7,0,0,0,0,1135,7,22373,99236,28638,27,2140449
1884,1706585435.982780218,1706585436.082602978,1,0,0,1,16.083472704,-2.315331720,0.003530907,0.049870778,0.000816415,0.986353939,0.156901706,1190,620,0.521008403,0.038826542,0.027037951,0.017975803,0.069784568,65.163419376,0.000000000,0.084239759,0.047980014,2.498874442,0.168995479,59.445427310,0,40,40,0,0.033613445,10,0,0,0,0,1140,10,22379,99276,28648,27,2141589
1885,1706585436.082615376,1706585436.181024790,1,0,0,1,15.979433948,-2.269691634,-0.000278116,0.047100230,0.008611901,0.986867164,0.154274441,1198,627,0.523372287,0.040394197,0.028673648,0.019028186,0.075747733,59.773625533,0.000000000,0.083131900,0.045947887,2.453420664,0.167187940,59.763328522,0,31,30,1,0.025876461,9,0,0,0,0,1158,9,22379,99307,28657,27,2142747
1886,1706585436.182459354,1706585436.279523611,1,0,0,1,15.851313372,-2.224535323,-0.006139148,0.035287022,0.010350048,0.986886981,0.157168031,1173,603,0.514066496,0.039218106,0.026912336,0.018286425,0.067832199,65.653844851,0.000000000,0.081943010,0.046255616,2.439308530,0.167884265,60.318009877,0,50,49,1,0.042625746,9,0,0,0,0,1114,9,22388,99357,28666,27,2143861
1887,1706585436.283082724,1706585436.382924080,1,0,0,1,15.702805655,-2.173068134,0.000290818,0.010048327,0.015868832,0.987500253,0.156494285,1178,630,0.534804754,0.044970464,0.030989876,0.022802444,0.086301770,58.463587543,0.000000000,0.082408198,0.052863757,2.445851023,0.162488075,60.135716240,0,49,49,0,0.041595925,14,0,0,0,0,1115,14,22396,99406,28680,27,2144976
1888,1706585436.382936001,1706585436.482768059,1,0,0,1,15.562296825,-2.123664135,0.008644275,-0.018094191,0.017779029,0.987373707,0.156363899,1118,578,0.516994633,0.045498133,0.031336734,0.021209398,0.081913334,57.196940580,0.000000000,0.081485734,0.058845133,2.445786686,0.156779302,60.286053682,0,49,48,1,0.043828265,11,0,0,0,0,1057,12,22401,99455,28691,27,2146033
1889,1706585436.482780695,1706585436.582614422,1,0,0,1,15.436836143,-2.091379489,0.015693032,-0.015073672,0.006214825,0.989118647,0.146213755,1038,508,0.489402697,0.042046703,0.027595242,0.018306345,0.076839931,57.628065277,0.000000000,0.081488317,0.057662782,2.423916833,0.175426353,60.037267631,0,51,51,0,0.049132948,12,0,0,0,0,974,13,22405,99506,28703,27,2147007
1890,1706585436.582626104,1706585436.682469368,1,0,0,1,15.314342935,-2.078984647,0.022620900,-0.008186186,-0.012899246,0.989808004,0.141586407,1127,562,0.498669033,0.040967315,0.026814496,0.016946894,0.074712403,58.149236017,0.000000000,0.080159357,0.057351226,2.397346170,0.178737075,60.207124316,0,49,40,9,0.043478261,10,0,0,0,0,1065,13,22422,99555,28713,27,2148072
1891,1706585436.682481527,1706585436.782315731,1,0,0,1,15.194039583,-2.053065446,0.021972699,-0.000289069,-0.017841937,0.990900080,0.133411442,1184,602,0.508445946,0.041650250,0.030975142,0.018901503,0.088235857,54.691098600,0.000000000,0.080289447,0.056140953,2.372863956,0.187189916,60.059389699,0,45,42,3,0.038006757,13,0,0,0,0,1126,13,22433,99600,28726,27,2149198
1892,1706585436.782726765,1706585436.882566452,1,0,0,1,15.081220603,-2.000182060,0.009943495,0.011888291,-0.000764055,0.991919404,0.126309064,1218,628,0.515599343,0.040047788,0.028494430,0.017669867,0.074366741,57.033815214,0.000000000,0.079940747,0.053413882,2.373194800,0.192206324,59.936990302,0,41,40,1,0.033661741,8,0,0,0,0,1169,8,22436,99641,28734,27,2150367
1893,1706585436.882578611,1706585436.982393980,1,0,0,1,14.959325521,-1.945696821,0.004128362,0.009770096,0.012377104,0.992292258,0.122912273,1233,604,0.489862125,0.040986638,0.029958662,0.019767137,0.081500089,57.588466988,0.000000000,0.079789480,0.052479730,2.380771100,0.180540615,59.892525437,0,49,47,2,0.039740470,7,0,0,0,0,1177,7,22441,99690,28741,27,2151544
1894,1706585436.982405186,1706585437.082217216,1,0,0,1,14.831223629,-1.906874676,0.003638683,0.008524782,0.012633824,0.992466273,0.121566489,1189,620,0.521446594,0.040817447,0.028401304,0.019674236,0.073714538,62.365904445,0.000000000,0.079189368,0.052482225,2.380250308,0.166903933,60.099255515,0,31,29,2,0.026072330,8,0,0,0,0,1150,8,22446,99721,28749,27,2152694
1895,1706585437.083025932,1706585437.182853937,1,0,0,1,14.701829934,-1.872970229,0.005623850,0.006760713,0.009859916,0.992598625,0.120851334,1226,620,0.505709625,0.040996000,0.029394576,0.018980526,0.071860265,59.471135427,0.000000000,0.078059000,0.052471280,2.375492641,0.154387407,60.214241110,0,38,36,2,0.030995106,12,0,0,0,0,1176,12,22452,99759,28761,27,2153870
1896,1706585437.182865858,1706585437.282704592,1,0,0,1,14.559636586,-1.837824487,-0.009830124,-0.011351993,0.011301231,0.992817443,0.118561961,1242,644,0.518518519,0.044153677,0.031712770,0.022052659,0.062896395,61.255317432,0.000000000,0.077437983,0.054557495,2.386208006,0.144643598,60.039936295,0,53,52,1,0.042673108,9,0,0,0,0,1180,9,22461,99812,28770,27,2155050
1897,1706585437.282716751,1706585437.381496668,1,0,0,1,14.406134512,-1.798185667,-0.005427493,-0.024970863,0.010915421,0.992889119,0.115881437,1064,556,0.522556391,0.042894098,0.031782057,0.021479066,0.078720511,53.558457763,0.000000000,0.076920898,0.055249235,2.413302380,0.149238085,59.747223448,0,53,52,1,0.049812030,10,0,0,0,0,1001,10,22473,99865,28780,27,2156051
1898,1706585437.382555723,1706585437.480119944,1,0,0,1,14.260289048,-1.761955672,-0.012812192,-0.021847154,0.012413428,0.993480352,0.111199819,1028,533,0.518482490,0.040931988,0.032266147,0.019917392,0.067782395,54.294047108,0.000000000,0.076117299,0.052271681,2.451092324,0.145857914,59.504939543,0,40,36,4,0.038910506,10,0,0,0,0,978,10,22485,99905,28790,27,2157029
1899,1706585437.482777596,1706585437.578734636,1,0,0,1,14.116119709,-1.728548794,-0.015655235,-0.026581309,0.012443948,0.993956254,0.105780653,1055,569,0.539336493,0.039013755,0.029245643,0.018941140,0.067198833,55.808575124,0.000000000,0.074889085,0.050664745,2.477257298,0.151367610,59.406182142,0,44,42,2,0.041706161,9,0,0,0,0,1002,9,22494,99949,28799,27,2158031
1900,1706585437.582613230,1706585437.682415485,1,0,0,1,13.973482144,-1.698353151,-0.021059176,-0.018070874,0.012274862,0.994893209,0.098540722,1080,566,0.524074074,0.041016609,0.029654288,0.018936382,0.057516481,57.947299652,0.000000000,0.074057844,0.048472856,2.501125474,0.164739099,59.255316494,0,53,44,9,0.049074074,11,0,0,0,0,1008,19,22511,100002,28810,27,2159039
1901,1706585437.682439327,1706585437.782255888,1,0,0,1,13.859031166,-1.676791637,-0.019743346,0.008251170,0.004933596,0.995368813,0.095647810,1203,630,0.523690773,0.044013364,0.034531020,0.020129341,0.061612295,57.552846654,0.000000000,0.073192635,0.049207773,2.518738778,0.157282592,59.020625436,0,71,68,3,0.059019119,10,0,0,0,0,1118,14,22520,100073,28820,27,2160157
1902,1706585437.783066273,1706585437.882898092,1,0,0,1,13.722736393,-1.652840165,-0.015686116,-0.001259519,-0.000865355,0.995469093,0.095073395,1174,594,0.505962521,0.041866231,0.030614896,0.020752070,0.073404458,51.157270350,0.000000000,0.072425728,0.048973172,2.572920047,0.152815692,58.674741552,0,46,46,0,0.039182283,11,0,0,0,0,1117,11,22525,100119,28831,27,2161274
1903,1706585437.882910013,1706585437.982745647,1,0,0,1,13.602097596,-1.625180221,-0.010079999,-0.000727496,-0.002648635,0.995455207,0.095191316,1153,583,0.505637467,0.039736738,0.029513802,0.017153271,0.083501707,49.752478723,0.000000000,0.073772125,0.045266420,2.587767947,0.136820816,57.725271633,0,56,55,1,0.048568951,11,0,0,0,0,1086,11,22528,100175,28842,27,2162360
1904,1706585437.982757092,1706585438.082586765,1,0,0,1,13.497893106,-1.593565697,-0.004412295,0.004720608,0.000481667,0.995253183,0.097203831,1202,622,0.517470882,0.043069460,0.030765646,0.017933416,0.087504412,48.594570136,0.000000000,0.074658117,0.043211566,2.583136867,0.136095334,56.896829171,0,44,43,1,0.036605657,9,0,0,0,0,1149,9,22533,100219,28851,27,2163509
1905,1706585438.082597971,1706585438.182420015,1,0,0,1,13.380523232,-1.564511345,0.001442142,0.001711506,-0.000203611,0.995178756,0.098062601,1193,617,0.517183571,0.042262755,0.028313418,0.019061409,0.084357231,50.485449264,0.000000000,0.075088592,0.042575203,2.568219273,0.132477548,56.432420357,0,36,36,0,0.030176027,9,0,0,0,0,1148,9,22539,100255,28860,27,2164657
1906,1706585438.182432652,1706585438.282256842,1,0,0,1,13.258429284,-1.537329488,0.004365981,0.001928469,-0.002806239,0.994960518,0.100209652,1181,618,0.523285351,0.042771849,0.031511090,0.018376351,0.077196163,49.940513972,0.000000000,0.075556790,0.040193885,2.536031890,0.134465101,55.646753813,0,42,41,1,0.035563082,5,0,0,0,0,1134,5,22543,100297,28865,27,2165791
1907,1706585438.283069611,1706585438.382899284,1,0,0,1,13.127695418,-1.507363077,0.010782744,-0.003377207,-0.006263997,0.994417814,0.105273779,1148,608,0.529616725,0.041316245,0.030012885,0.019282059,0.092726879,45.546054527,0.000000000,0.075878046,0.036993076,2.521134315,0.143614797,55.000877163,0,39,39,0,0.033972125,10,0,0,0,0,1099,10,22546,100336,28875,27,2166890
1908,1706585438.382910967,1706585438.482740641,1,0,0,1,12.991971968,-1.471242950,0.015729035,-0.006149484,-0.003438716,0.994661249,0.102953189,1161,579,0.498708010,0.040838833,0.032468603,0.018129724,0.070536914,53.108182467,0.000000000,0.075309225,0.031372786,2.531929343,0.128155085,54.796439257,0,55,54,1,0.047372954,6,0,0,0,0,1100,6,22555,100391,28881,27,2167990
1909,1706585438.482752562,1706585438.582569122,1,0,0,1,12.855001439,-1.430061260,0.013318531,-0.012731477,0.003456691,0.994900490,0.099994881,1125,598,0.531555556,0.042380211,0.031623051,0.019269405,0.084178921,48.691497469,0.000000000,0.075676174,0.031554912,2.551663649,0.125134937,54.349610867,0,45,41,4,0.040000000,10,0,0,0,0,1070,10,22565,100436,28891,27,2169060
1910,1706585438.582580328,1706585438.681242943,1,0,0,1,12.719067615,-1.396676799,0.020752301,-0.012056361,0.003617568,0.995367044,0.095320541,1107,589,0.532068654,0.042516800,0.031773405,0.016928285,0.084794717,50.122185892,0.000000000,0.076180290,0.031661251,2.568768697,0.117788635,53.948258360,0,47,46,1,0.042457091,11,0,0,0,0,1049,11,22569,100483,28902,27,2170109
1911,1706585438.682403088,1706585438.779957294,1,0,0,1,12.581929837,-1.370433611,0.032743310,-0.003999225,0.000616464,0.996037385,0.088843429,1086,575,0.529465930,0.039466585,0.030562537,0.018076813,0.061064473,56.409593774,0.000000000,0.074821721,0.033773053,2.583731060,0.116494414,54.034183119,0,55,55,0,0.050644567,7,0,0,0,0,1024,7,22576,100538,28909,27,2171133
1912,1706585438.783041477,1706585438.882852077,1,0,0,1,12.442515176,-1.342335480,0.038901810,-0.003547728,0.004635229,0.996759216,0.080230883,1152,609,0.528645833,0.043414199,0.034377875,0.019782486,0.076832764,50.088286299,0.000000000,0.074945022,0.033900173,2.592437757,0.127180529,53.686906673,0,52,51,1,0.045138889,8,0,0,0,0,1091,9,22586,100590,28917,27,2172224
1913,1706585438.882863760,1706585438.982695341,1,0,0,1,12.320088391,-1.316692938,0.046554757,0.010838293,0.005876054,0.997158504,0.074316363,1210,632,0.522314050,0.041508292,0.031137619,0.018208936,0.070860327,52.647860141,0.000000000,0.074413034,0.033662422,2.583898813,0.136117627,53.439876331,0,65,54,11,0.053719008,7,0,0,0,0,1131,14,22600,100655,28924,27,2173355
1914,1706585438.982707739,1706585439.082540989,1,0,0,1,12.192616372,-1.294185062,0.052426961,0.013272756,0.004779882,0.997599972,0.067788510,1192,624,0.523489933,0.042642462,0.032980459,0.019541405,0.084710155,47.088483639,0.000000000,0.074962815,0.033488098,2.579699220,0.147673043,52.676005291,0,52,45,7,0.043624161,8,0,0,0,0,1128,12,22617,100707,28932,27,2174483
1915,1706585439.082552433,1706585439.182379007,1,0,0,1,12.051249489,-1.269016137,0.057704042,0.010129234,0.006124692,0.997850991,0.064446004,1166,604,0.518010292,0.040591121,0.031195865,0.018137821,0.058808094,56.437120266,0.000000000,0.074310206,0.033860615,2.576100670,0.149427339,52.524304533,0,50,47,3,0.042881647,7,0,0,0,0,1109,7,22628,100757,28939,27,2175592
1916,1706585439.182390213,1706585439.282216549,1,0,0,1,11.907999019,-1.245237488,0.063747684,0.004564703,0.003112456,0.997902170,0.064503763,1137,601,0.528583993,0.042464202,0.029711804,0.017635949,0.080237914,46.435083697,0.000000000,0.075177282,0.031665460,2.562838424,0.143926263,51.783292846,0,39,38,1,0.034300792,7,0,0,0,0,1091,7,22633,100796,28946,27,2176683
1917,1706585439.283028126,1706585439.382858276,1,0,0,1,11.752555886,-1.217799545,0.071223561,0.001749178,0.002841286,0.997922644,0.064337118,1158,591,0.510362694,0.038707159,0.031011170,0.017971344,0.069093130,51.550938804,0.000000000,0.074695913,0.034849367,2.570402065,0.134798589,51.682916898,0,51,50,1,0.044041451,10,0,0,0,0,1097,10,22641,100847,28956,27,2177780
1918,1706585439.382868767,1706585439.482702971,1,0,0,1,11.591215942,-1.192222824,0.077972245,-0.001329162,0.001507655,0.997971492,0.063630667,1156,615,0.532006920,0.041887896,0.033870077,0.020063068,0.076284763,47.452307437,0.000000000,0.075121031,0.034697591,2.585879519,0.125272986,51.340829914,0,60,59,1,0.051903114,7,0,0,0,0,1088,8,22646,100907,28963,27,2178868
1919,1706585439.482714176,1706585439.582549572,1,0,0,1,11.433482451,-1.163409945,0.076744874,-0.001878776,0.004552398,0.998058075,0.062095295,1104,585,0.529891304,0.042309597,0.030667105,0.018342571,0.090216653,44.303712394,0.000000000,0.076271922,0.031720751,2.600328929,0.113893784,50.765586778,0,56,55,1,0.050724638,15,0,0,0,0,1033,15,22652,100963,28978,27,2179901
1920,1706585439.582560778,1706585439.682389021,1,0,0,1,11.268943663,-1.126885186,0.077027911,-0.002643099,0.008918389,0.997836506,0.065082900,1075,566,0.526511628,0.040584215,0.030847749,0.019538682,0.070736473,49.679110873,0.000000000,0.076932922,0.032098301,2.652401441,0.114485574,50.352177339,0,47,47,0,0.043720930,7,0,0,0,0,1021,7,22658,101010,28985,27,2180922
1921,1706585439.682401419,1706585439.782227278,1,0,0,1,11.110894331,-1.098647296,0.081183514,-0.006052009,0.007114052,0.997543171,0.069428996,1119,588,0.525469169,0.042639214,0.030348345,0.018299636,0.078578985,47.006550007,0.000000000,0.077781257,0.030058733,2.674564525,0.121918160,49.824862507,0,59,58,1,0.052725648,16,0,0,0,0,1044,16,22664,101069,29001,27,2181966
1922,1706585439.783037663,1706585439.882351875,1,0,0,1,10.951724962,-1.077435261,0.089566372,-0.010351346,-0.002962173,0.997057441,0.075898183,1102,581,0.527223230,0.045037610,0.031848521,0.020071529,0.085203737,46.211857150,0.000000000,0.078371221,0.034777653,2.711463763,0.134818682,49.577591847,0,54,52,2,0.049001815,19,0,0,0,0,1029,19,22677,101123,29020,27,2182995
1923,1706585439.882888794,1706585439.981005430,1,0,0,1,10.801579848,-1.047471508,0.088421264,-0.008695809,-0.005112623,0.996656609,0.081079267,1064,578,0.543233083,0.043996280,0.030920960,0.018236526,0.091741548,42.477236384,0.000000000,0.078783213,0.034436272,2.755531745,0.141181178,49.213829730,0,52,52,0,0.048872180,10,0,0,0,0,1002,10,22687,101175,29030,27,2183997
1924,1706585439.982739925,1706585440.079647303,1,0,0,1,10.654475968,-0.997509965,0.082409367,-0.007714429,0.003757068,0.996022607,0.088686744,1093,577,0.527904849,0.042970687,0.030931483,0.019704454,0.079758855,45.179980256,0.000000000,0.078395935,0.034358806,2.789950543,0.154589730,49.043100236,0,34,34,0,0.031107045,14,0,0,0,0,1045,14,22692,101209,29044,27,2185042
1925,1706585440.082581043,1706585440.182405472,1,0,0,1,10.499588299,-0.944375219,0.081241450,-0.007755087,0.008597640,0.994945920,0.099742441,1084,551,0.508302583,0.042712717,0.032908226,0.018805079,0.073563302,48.779847628,0.000000000,0.077856238,0.034510966,2.828585680,0.172417586,48.957820154,0,68,63,5,0.062730627,12,0,0,0,0,996,20,22705,101277,29056,27,2186038
1926,1706585440.182416677,1706585440.282258511,1,0,0,1,10.347837573,-0.897464220,0.077578669,-0.009477480,0.009126764,0.994127234,0.107414720,1079,549,0.508804449,0.041562095,0.029348607,0.017360318,0.082339892,45.160381084,0.000000000,0.078113425,0.034402001,2.853186350,0.177582914,48.718813509,0,75,69,6,0.069508804,12,0,0,0,0,987,17,22723,101352,29068,27,2187025
1927,1706585440.283067465,1706585440.382907152,1,0,0,1,10.188039275,-0.850380954,0.073889493,-0.011689210,0.008555694,0.993619836,0.111847149,1063,557,0.523988711,0.042257154,0.029125235,0.017324472,0.068521280,49.491161900,0.000000000,0.076903145,0.034197080,2.879282863,0.181837545,48.916068878,0,52,49,3,0.048918156,15,0,0,0,0,994,17,22736,101404,29083,27,2188019
1928,1706585440.382918358,1706585440.482737541,1,0,0,1,10.017306323,-0.800221376,0.074921764,-0.015756148,0.012884812,0.993603762,0.111073349,1065,562,0.527699531,0.039842710,0.028214594,0.017171149,0.060231778,55.976177144,0.000000000,0.076387888,0.035580843,2.914186731,0.177531176,49.059468612,0,71,70,1,0.066666667,9,0,0,0,0,985,9,22743,101475,29092,27,2189004
1929,1706585440.482749224,1706585440.582564116,1,0,0,1,9.848650204,-0.750341932,0.074790598,-0.016784357,0.019434560,0.994321754,0.103270674,1055,576,0.545971564,0.041290961,0.029970923,0.019027323,0.072415306,47.728961431,0.000000000,0.075799707,0.035724143,2.949893573,0.184085300,49.011341810,0,54,54,0,0.051184834,11,0,0,0,0,990,11,22751,101529,29103,27,2189994
1930,1706585440.582575798,1706585440.682394028,1,0,0,1,9.701869819,-0.706125362,0.084276828,-0.003118409,0.029358969,0.994801167,0.097462636,1089,577,0.529843893,0.040540249,0.032049836,0.019692256,0.068634305,50.547949509,0.000000000,0.074991687,0.036344467,2.963342411,0.182465056,49.032629991,0,58,55,3,0.053259871,10,0,0,0,0,1021,10,22761,101587,29113,27,2191015
1931,1706585440.682406664,1706585440.782226801,1,0,0,1,9.555170603,-0.673148380,0.067915196,0.002809295,0.036485902,0.995900851,0.082718691,1111,580,0.522052205,0.044766458,0.031148727,0.019999305,0.105291943,41.739216515,0.000000000,0.077203060,0.036783653,2.972238782,0.194401315,48.299111128,0,69,69,0,0.062106211,18,0,0,0,0,1024,18,22766,101656,29131,27,2192039
1932,1706585440.783036947,1706585440.882862806,1,0,0,1,9.395512480,-0.645652468,0.072284144,-0.006353605,0.038169459,0.996695952,0.071413601,1057,547,0.517502365,0.043243874,0.031153502,0.020354801,0.092308925,44.691207985,0.000000000,0.077976868,0.036627701,3.008988843,0.206065244,48.029257212,0,52,48,4,0.049195837,15,0,0,0,0,990,15,22775,101708,29146,27,2193029
1933,1706585440.882874250,1706585440.982696533,1,0,0,1,9.243947046,-0.623927485,0.069118194,-0.008975015,0.036386666,0.997256609,0.063833502,1045,559,0.534928230,0.044297524,0.031850720,0.022111157,0.089435505,43.542478921,0.000000000,0.078905627,0.038091493,3.032559075,0.208323662,47.573988151,0,57,55,2,0.054545455,14,0,0,0,0,974,14,22784,101765,29160,27,2194003
1934,1706585440.982708454,1706585441.082540274,1,0,0,1,9.097000113,-0.614444158,0.080719044,-0.012135714,0.027128642,0.997487303,0.064310502,1066,570,0.534709193,0.047888358,0.035772032,0.022284672,0.087306060,43.968043789,0.000000000,0.079035422,0.047761042,3.036581083,0.202605111,47.417966159,0,55,53,2,0.051594747,20,0,0,0,0,991,20,22794,101820,29180,27,2194994
1935,1706585441.082552195,1706585441.181980133,1,0,0,1,8.962337942,-0.606064814,0.089287941,-0.011228634,0.011367003,0.997276356,0.072004019,1043,571,0.547459252,0.043438673,0.029308311,0.019169557,0.092114816,42.780352933,0.000000000,0.080700758,0.046710992,3.026439211,0.218458398,46.735127792,0,49,46,3,0.046979866,19,0,0,0,0,974,20,22807,101869,29199,27,2195968
1936,1706585441.182392597,1706585441.280633211,1,0,0,1,8.821367572,-0.586219261,0.087414166,-0.013862426,0.004175090,0.997338614,0.071456912,1062,558,0.525423729,0.046950709,0.031765198,0.020523521,0.112459551,38.755258060,0.000000000,0.082311840,0.051394663,3.010788879,0.219039763,46.351136510,0,50,49,1,0.047080979,22,0,0,0,0,990,22,22815,101919,29221,27,2196958
1937,1706585441.283041000,1706585441.379273415,1,0,0,1,8.673472854,-0.554831789,0.087508644,-0.016852972,0.003196299,0.996562685,0.081046750,1044,519,0.497126437,0.041727257,0.027420823,0.018167343,0.077111290,47.469937436,0.000000000,0.082712748,0.046702129,2.998483593,0.236882500,46.147086442,0,54,50,4,0.051724138,18,0,0,0,0,969,21,22822,101973,29239,27,2197927
1938,1706585441.382879972,1706585441.482712030,1,0,0,1,8.521272472,-0.506216985,0.084947924,-0.012784883,0.009926476,0.996161924,0.086019953,1065,557,0.523004695,0.043000913,0.028776402,0.019447729,0.092669003,41.567733719,0.000000000,0.083531960,0.046266490,2.997931874,0.243594941,45.852857756,0,60,54,6,0.056338028,20,0,0,0,0,981,24,22835,102033,29259,27,2198908
1939,1706585441.482723951,1706585441.582550049,1,0,0,1,8.370716726,-0.463154169,0.082970732,-0.015150300,0.011823490,0.995425506,0.093588115,1071,520,0.485527544,0.048933428,0.029026242,0.019624084,0.105666719,40.519866204,0.000000000,0.084304464,0.054348164,2.985993373,0.252754001,45.663665446,0,59,57,2,0.055088702,24,0,0,0,0,986,26,22845,102092,29283,27,2199894
1940,1706585441.582561970,1706585441.682387352,1,0,0,1,8.223740908,-0.424808597,0.082208686,-0.010255376,0.006608201,0.994627527,0.102797093,1045,563,0.538755981,0.044036916,0.029524663,0.020049946,0.100619920,40.995570397,0.000000000,0.085798636,0.052146730,2.977285037,0.262776126,45.229488423,0,63,62,1,0.060287081,18,0,0,0,0,964,18,22858,102155,29301,27,2200858
1941,1706585441.682399511,1706585441.782228708,1,0,0,1,8.073616146,-0.384069167,0.083985680,-0.010471898,0.004030438,0.993848634,0.110177074,1068,548,0.513108614,0.045075346,0.030100621,0.020145607,0.101733001,41.128926586,0.000000000,0.086956337,0.052294765,2.972054258,0.264539118,44.935607252,0,57,57,0,0.053370787,20,0,0,0,0,991,20,22864,102212,29321,27,2201849
1942,1706585441.783040047,1706585441.882850885,1,0,0,1,7.909682238,-0.335263757,0.083283859,-0.012329265,0.005577725,0.993548641,0.112596522,1048,538,0.513358779,0.042061443,0.027466644,0.019360098,0.094486143,41.679352167,0.000000000,0.087420457,0.052555138,2.989990344,0.258956065,44.708982002,0,63,62,1,0.060114504,15,0,0,0,0,970,15,22876,102275,29336,27,2202819
1943,1706585441.882862568,1706585441.982685566,1,0,0,1,7.756333747,-0.294014669,0.085094970,-0.013431757,0.005023274,0.993081119,0.116551474,1035,529,0.511111111,0.045549952,0.027825377,0.019167323,0.118792854,37.728319713,0.000000000,0.088773022,0.053391284,2.993327074,0.251809857,44.471536169,0,54,53,1,0.052173913,15,0,0,0,0,966,15,22888,102329,29351,27,2203785
1944,1706585441.982697010,1706585442.082532883,1,0,0,1,7.596230255,-0.249320863,0.088726212,-0.010695365,0.000996606,0.992808886,0.119227229,1018,523,0.513752456,0.044411440,0.029810736,0.019464181,0.087791430,44.321778555,0.000000000,0.089174651,0.053336988,2.995839053,0.235157413,44.428626084,0,67,67,0,0.065815324,15,0,0,0,0,936,15,22902,102396,29366,27,2204721
1945,1706585442.082545042,1706585442.182373047,1,0,0,1,7.435278950,-0.201863675,0.084722573,-0.012885400,0.003320172,0.992935856,0.117903899,994,507,0.510060362,0.043755910,0.028864022,0.018088168,0.080656536,44.622095601,0.000000000,0.089529313,0.053031601,3.004810414,0.222470096,44.220738482,0,60,58,2,0.060362173,15,0,0,0,0,919,15,22908,102456,29381,27,2205640
1946,1706585442.182385445,1706585442.282204628,1,0,0,1,7.279277462,-0.153443644,0.082367938,-0.008808367,0.005751557,0.992707325,0.120089546,1002,514,0.512974052,0.046839792,0.029616118,0.021210871,0.077500180,43.989508052,0.000000000,0.089287327,0.053579108,3.001539320,0.217913914,44.162194831,0,65,65,0,0.064870259,16,0,0,0,0,921,16,22913,102521,29397,27,2206561
1947,1706585442.283014774,1706585442.382833004,1,0,0,1,7.109446774,-0.104769265,0.080223262,-0.017292190,0.003641312,0.992338446,0.122278898,1015,508,0.500492611,0.044858596,0.028605575,0.019646181,0.079017866,46.028400537,0.000000000,0.089812157,0.052788898,3.000268901,0.220653490,43.989056763,0,70,68,2,0.068965517,14,0,0,0,0,928,17,22924,102591,29411,27,2207489
1948,1706585442.382844687,1706585442.481618881,1,0,0,1,6.946807993,-0.055151136,0.082094560,-0.015042002,0.004994763,0.992134978,0.124165115,963,495,0.514018692,0.042958755,0.027965112,0.019236347,0.080415097,41.975233609,0.000000000,0.090821323,0.048184075,2.994440996,0.208450419,43.289009586,0,48,47,1,0.049844237,15,0,0,0,0,900,15,22935,102639,29426,27,2208389
1949,1706585442.482680321,1706585442.580284595,1,0,0,1,6.782244286,-0.003254819,0.079307590,-0.016522475,0.008022025,0.991976187,0.125083572,988,490,0.495951417,0.047179240,0.029733952,0.019401595,0.098609392,39.847072279,0.000000000,0.092131027,0.047263254,3.013427242,0.198859290,42.894915128,0,68,67,1,0.068825911,13,0,0,0,0,907,13,22941,102707,29439,27,2209296
1950,1706585442.582517147,1706585442.678980350,1,0,0,1,6.615140617,0.040768469,0.083091170,-0.016549535,0.005001541,0.991763939,0.126907004,980,491,0.501020408,0.045099802,0.028583931,0.017909815,0.072508639,45.120038425,0.000000000,0.092324744,0.042266474,3.035026373,0.173384872,42.623519574,0,56,56,0,0.057142857,18,0,0,0,0,904,20,22947,102763,29457,27,2210200
1951,1706585442.682762861,1706585442.782587528,1,0,0,1,6.453796769,0.087022794,0.079026404,-0.009603621,0.007125704,0.991861212,0.126760921,975,492,0.504615385,0.049376582,0.030357213,0.020478233,0.098597618,38.366450752,0.000000000,0.091990027,0.047513358,3.040851307,0.150376159,42.454881286,0,55,50,5,0.056410256,19,0,0,0,0,897,23,22961,102818,29476,27,2211097
1952,1706585442.782599449,1706585442.882431984,1,0,0,1,6.290369361,0.136434962,0.078965306,-0.011731757,0.010865310,0.992167382,0.123887843,1007,486,0.482621648,0.049502754,0.032888017,0.020534559,0.089581350,42.617883631,0.000000000,0.091853649,0.050856823,3.058438017,0.140937826,42.351215068,0,72,69,3,0.071499503,18,0,0,0,0,917,18,22969,102890,29494,27,2212014
1953,1706585442.882443905,1706585442.982278585,1,0,0,1,6.133773112,0.176484934,0.075178087,-0.010330825,0.010237394,0.992617195,0.120414178,976,495,0.507172131,0.046022026,0.029578099,0.019677527,0.094939784,37.950820556,0.000000000,0.092128863,0.050570260,3.072410080,0.146905784,42.071632150,0,59,56,3,0.060450820,16,0,0,0,0,901,16,22979,102949,29510,27,2212915
1954,1706585442.983088732,1706585443.082916021,1,0,0,1,5.981480199,0.210172826,0.074041826,-0.009640442,0.008744007,0.993167786,0.115967031,982,475,0.483706721,0.049621120,0.030297846,0.020139160,0.098208116,39.222230006,0.000000000,0.092673965,0.053120138,3.093194141,0.139963923,41.834341461,0,62,61,1,0.063136456,18,0,0,0,0,902,18,22990,103011,29528,27,2213817
1955,1706585443.082927704,1706585443.182765245,1,0,0,1,5.824781083,0.243303906,0.069707861,-0.009409697,0.008009501,0.994055424,0.108171714,966,455,0.471014493,0.048439830,0.030338933,0.021080467,0.100847667,38.690803250,0.000000000,0.093110608,0.053490493,3.111043307,0.154701287,41.629863977,0,68,62,6,0.070393375,17,0,0,0,0,881,17,23006,103079,29545,27,2214698
1956,1706585443.182777166,1706585443.282612324,1,0,0,1,5.660882748,0.277442916,0.065086795,-0.011624141,0.005782624,0.994564478,0.103309920,962,455,0.472972973,0.045774299,0.029552256,0.018934180,0.112342523,36.170516098,0.000000000,0.093104756,0.053231496,3.127334404,0.145175271,41.500626879,0,64,61,3,0.066528067,17,0,0,0,0,881,17,23021,103143,29562,27,2215579
1957,1706585443.282624722,1706585443.382454634,1,0,0,1,5.489932142,0.314506101,0.056528261,-0.013334195,0.004171563,0.995144719,0.097425797,933,430,0.460878885,0.043517607,0.028539900,0.018939218,0.104945022,38.637870873,0.000000000,0.094496443,0.050547809,3.142669419,0.147165932,41.059023550,0,71,70,1,0.076098607,20,0,0,0,0,840,22,23028,103214,29582,27,2216419
1958,1706585443.382467031,1706585443.482298851,1,0,0,1,5.306486716,0.361098075,0.045851581,-0.015307919,0.006328527,0.995523186,0.093054843,939,432,0.460063898,0.047565722,0.031862306,0.020672413,0.104719919,35.590723281,0.000000000,0.095098989,0.048925703,3.175634351,0.140904179,40.760173029,0,54,52,2,0.057507987,14,0,0,0,0,871,14,23037,103268,29596,27,2217290
1959,1706585443.482708931,1706585443.582532167,1,0,0,1,5.109646738,0.406509896,0.033114819,-0.024821920,0.004853255,0.995463631,0.091719555,960,448,0.466666667,0.046515766,0.028737014,0.018170748,0.089966379,37.793446586,0.000000000,0.094313972,0.046956451,3.226148387,0.124823798,40.623852048,0,64,64,0,0.066666667,17,0,0,0,0,879,17,23048,103332,29613,27,2218169
1960,1706585443.582543850,1706585443.682379484,1,0,0,1,4.911411596,0.451068717,0.026324501,-0.019456588,0.001597336,0.995593207,0.091722711,914,397,0.434354486,0.047475573,0.028259925,0.018465906,0.099971575,34.897268875,0.000000000,0.094281555,0.046367707,3.273878704,0.110041479,40.318936972,0,65,63,2,0.071115974,19,0,0,0,0,830,19,23058,103397,29632,27,2218999
1961,1706585443.682392120,1706585443.781346083,1,0,0,1,4.714238807,0.496976540,0.017282424,-0.013352497,-0.002492644,0.995375906,0.095091027,907,401,0.442116869,0.045685524,0.033330722,0.019710409,0.092879946,38.463788582,0.000000000,0.093838902,0.046115115,3.305481004,0.112049710,40.185680071,0,60,58,2,0.066152150,15,0,0,0,0,832,15,23072,103457,29647,27,2219831
1962,1706585443.783028126,1706585443.880051136,1,0,0,1,4.517525611,0.544901315,0.006179312,-0.007192616,-0.007421716,0.994901030,0.100325099,926,417,0.450323974,0.043157475,0.028046011,0.018355291,0.083492222,39.021776430,0.000000000,0.093289206,0.044046529,3.349442448,0.114589946,40.052801284,0,66,64,2,0.071274298,11,0,0,0,0,849,11,23082,103523,29658,27,2220680
1963,1706585443.882858038,1706585443.978798151,1,0,0,1,4.318812646,0.593954874,-0.005208872,-0.002055684,-0.010155944,0.994562983,0.103619992,901,382,0.423973363,0.047756467,0.033773963,0.020539291,0.077919801,40.166386775,0.000000000,0.091245553,0.044445895,3.388172646,0.115650862,40.174704638,0,55,55,0,0.061043285,13,0,0,0,0,830,16,23092,103578,29671,27,2221510
1964,1706585443.982705832,1706585444.082531691,1,0,0,1,4.110111794,0.662468353,-0.019374227,-0.004435705,-0.001922734,0.993919253,0.110005211,947,392,0.413938754,0.050393100,0.034625869,0.019258467,0.114045491,34.915931758,0.000000000,0.092558256,0.047112235,3.440438326,0.125774539,39.704412298,0,63,58,5,0.066525871,12,0,0,0,0,868,16,23108,103641,29683,27,2222378
1965,1706585444.082543373,1706585444.182374954,1,0,0,1,3.906934261,0.727527537,-0.032964362,-0.008380426,-0.001033898,0.992995793,0.117847590,907,357,0.393605292,0.048876494,0.034029131,0.020817988,0.091995376,36.710481198,0.000000000,0.093125198,0.045881292,3.490850343,0.137226868,39.308831578,0,53,52,1,0.058434399,11,0,0,0,0,838,16,23119,103694,29694,27,2223216
1966,1706585444.182387352,1706585444.282226324,1,0,0,1,3.709431260,0.780821574,-0.035623969,-0.005088886,-0.007401017,0.991770357,0.127714087,866,357,0.412240185,0.054872097,0.034896123,0.019812894,0.110467327,33.726560021,0.000000000,0.094773556,0.058705863,3.518753479,0.152673544,38.795684176,0,57,56,1,0.065819861,15,0,0,0,0,794,15,23132,103751,29709,27,2224010
1967,1706585444.283037663,1706585444.382868767,1,0,0,1,3.509444723,0.848063962,-0.044762736,-0.003775267,-0.004620673,0.990955829,0.134055741,866,341,0.393764434,0.052727495,0.035809375,0.020303947,0.091280191,36.106579315,0.000000000,0.095386672,0.062151649,3.559890317,0.161676426,38.299593115,0,68,65,3,0.078521940,10,0,0,0,0,787,11,23143,103819,29719,27,2224797
1968,1706585444.382880449,1706585444.482714415,1,0,0,1,3.309641563,0.921425468,-0.055616095,-0.000442794,-0.002460788,0.989606954,0.143776998,846,359,0.424349882,0.051038761,0.035211739,0.019676442,0.089340459,37.683131547,0.000000000,0.095832940,0.059225903,3.600437141,0.179520755,38.084988012,0,78,76,2,0.092198582,14,0,0,0,0,754,14,23156,103897,29733,27,2225551
1969,1706585444.482726574,1706585444.582550526,1,0,0,1,3.103903917,0.990942607,-0.062274532,0.003758394,-0.003976768,0.988151071,0.153386836,848,319,0.376179245,0.047665806,0.035310046,0.020843437,0.096930429,35.063409823,0.000000000,0.095748992,0.059085556,3.644857377,0.195151176,37.845804889,0,55,55,0,0.064858491,10,0,0,0,0,783,10,23162,103952,29743,27,2226334
1970,1706585444.582561970,1706585444.681416273,1,0,0,1,2.897800382,1.064225027,-0.070486090,0.001188848,-0.000048038,0.987118733,0.159984970,839,335,0.399284863,0.052104131,0.034309887,0.022928487,0.064371923,44.755917779,0.000000000,0.095342156,0.059600076,3.695863257,0.208198439,37.827598857,0,66,64,2,0.078665077,13,0,0,0,0,760,13,23172,104018,29756,27,2227094
1971,1706585444.682388306,1706585444.779924154,1,0,0,1,2.704649807,1.136027594,-0.078721790,0.005259385,0.000105134,0.985296770,0.170770615,867,350,0.403690888,0.054482851,0.035814009,0.023625625,0.109192150,40.284415458,0.000000000,0.095871882,0.065174490,3.731358736,0.224187118,37.923497092,0,57,56,1,0.065743945,15,0,0,0,0,795,15,23177,104075,29771,27,2227889
1972,1706585444.783021927,1706585444.882866144,1,0,0,1,2.495528846,1.207745445,-0.086138011,-0.000675937,-0.004588073,0.983358951,0.181614059,807,303,0.375464684,0.054321170,0.034300988,0.022602853,0.120218363,38.289823519,0.000000000,0.097403733,0.069548624,3.790879116,0.239237442,37.707094087,0,53,51,2,0.065675341,9,0,0,0,0,745,9,23188,104128,29780,27,2228634
1973,1706585444.882878304,1706585444.982412815,1,0,0,1,2.291725279,1.287485205,-0.095869429,-0.004064156,-0.003908549,0.981698957,0.190355886,795,305,0.383647799,0.051295845,0.033792382,0.022889718,0.121247750,36.191901656,0.000000000,0.098719131,0.068583930,3.853964575,0.248147029,37.619148142,0,52,48,4,0.065408805,6,0,0,0,0,737,6,23207,104180,29786,27,2229371
1974,1706585444.982724667,1706585445.081127167,1,0,0,1,2.107585115,1.367814715,-0.108117622,-0.002160005,-0.000695489,0.979653706,0.200682502,783,305,0.389527458,0.061264968,0.041311487,0.026335339,0.139652604,34.256625178,0.000000000,0.100791356,0.086090272,3.895014727,0.253501819,37.370867900,0,59,58,1,0.075351213,14,0,0,0,0,710,14,23216,104239,29800,27,2230081
1975,1706585445.082560062,1706585445.179799557,1,0,0,1,1.917765246,1.451150778,-0.117365339,-0.005523881,-0.000742375,0.977595914,0.210416644,745,304,0.408053691,0.054697446,0.034836474,0.022924576,0.100936282,32.831140471,0.000000000,0.100795787,0.087949461,3.935048767,0.263669771,37.077884761,0,41,37,4,0.055033557,11,0,0,0,0,692,12,23228,104280,29811,27,2230773
1976,1706585445.182408333,1706585445.278572321,1,0,0,1,1.722551424,1.543086875,-0.119972602,-0.004034806,-0.001401078,0.975593467,0.219543035,692,243,0.351156069,0.051232588,0.037452002,0.023574988,0.106763393,37.240645056,0.000000000,0.100516830,0.085362765,3.975712275,0.270559845,37.131391209,0,56,52,4,0.080924855,7,0,0,0,0,627,9,23241,104336,29818,27,2231400
1977,1706585445.283027649,1706585445.382849455,1,0,0,1,1.536699394,1.636976292,-0.131361749,-0.003932456,0.000416542,0.973983891,0.226582750,722,275,0.380886427,0.058955109,0.036553515,0.023904988,0.133573402,34.970741784,0.000000000,0.101948249,0.085875386,3.994674394,0.276138510,36.948034755,0,47,45,2,0.065096953,15,0,0,0,0,658,17,23250,104383,29833,27,2232058
1978,1706585445.382861137,1706585445.482691765,1,0,0,1,1.355811537,1.729710851,-0.140806935,0.005159898,0.003084424,0.973563240,0.228338518,691,251,0.363241679,0.051568148,0.031016659,0.021894649,0.071336925,39.934723824,0.000000000,0.100279099,0.084072515,3.995755663,0.277158675,37.165234782,0,70,67,3,0.101302460,9,0,0,0,0,611,10,23275,104453,29842,27,2232669
1979,1706585445.482703686,1706585445.582528830,1,0,0,1,1.164703474,1.818122748,-0.149052587,0.003807411,0.004412251,0.974035742,0.226319263,671,240,0.357675112,0.052888280,0.040897619,0.024415935,0.122269564,32.183235403,0.000000000,0.101894259,0.080993550,4.003190437,0.281195639,36.884724223,0,49,49,0,0.073025335,7,0,0,0,0,615,7,23290,104502,29849,27,2233284
1980,1706585445.582541227,1706585445.682387114,1,0,0,1,0.983093133,1.899928078,-0.160104859,0.005539253,0.006310810,0.974853490,0.222688490,687,249,0.362445415,0.059289881,0.038134098,0.026095220,0.107478924,33.868262062,0.000000000,0.102269626,0.083946196,4.000032786,0.281769037,36.833273882,0,70,68,2,0.101892285,9,0,0,0,0,608,9,23305,104572,29858,27,2233892
1981,1706585445.682398796,1706585445.782222509,1,0,0,1,0.801237661,1.983563647,-0.170328782,0.003439330,0.008953606,0.974973606,0.222113648,662,217,0.327794562,0.053296786,0.036489251,0.023593865,0.105904719,38.642106822,0.000000000,0.102920865,0.078382859,3.997688292,0.272458895,36.842189794,0,48,46,2,0.072507553,8,0,0,0,0,606,8,23323,104620,29866,27,2234498
1982,1706585445.783031702,1706585445.881645679,1,0,0,1,0.621835813,2.053423456,-0.173677758,0.001883221,0.004383419,0.975136902,0.221551937,661,208,0.314674735,0.053260821,0.038163557,0.025667061,0.093759603,36.888151886,0.000000000,0.103434234,0.066073427,3.985246627,0.267103351,36.735508567,0,48,48,0,0.072617247,11,0,0,0,0,602,11,23335,104668,29877,27,2235100
1983,1706585445.882868052,1706585445.980309486,1,0,0,1,0.452921893,2.122136743,-0.179620502,0.005280392,0.002659423,0.975387197,0.220419736,658,221,0.335866261,0.054410000,0.035426621,0.023816999,0.104541711,38.703952254,0.000000000,0.104765329,0.061667412,3.947583236,0.256561231,36.662386841,0,67,64,3,0.101823708,14,0,0,0,0,576,15,23347,104735,29891,27,2235676
1984,1706585445.982705593,1706585446.078973293,1,0,0,1,0.284838253,2.194472482,-0.184112345,0.006410282,0.003095214,0.976026287,0.217536237,696,224,0.321839080,0.054944602,0.035219727,0.022921691,0.075327801,41.227233854,0.000000000,0.102829445,0.060266468,3.916854180,0.246646914,36.977951946,0,63,62,1,0.090517241,20,0,0,0,0,612,21,23358,104798,29911,27,2236288
1985,1706585446.082542896,1706585446.182363987,1,0,0,1,0.103265987,2.273989139,-0.190826760,0.011328013,0.004454935,0.976067951,0.217124813,672,209,0.311011905,0.053335705,0.039752585,0.023636770,0.084333535,41.344577570,0.000000000,0.102446353,0.056504242,3.910604050,0.227462166,37.209656764,0,70,69,1,0.104166667,12,0,0,0,0,589,13,23370,104868,29923,27,2236877
1986,1706585446.182774067,1706585446.282272816,1,0,0,1,-0.078587760,2.355664733,-0.196605912,0.008627256,0.007227405,0.975949988,0.217703828,672,204,0.303571429,0.051760959,0.039584660,0.023685875,0.109413824,44.626814870,0.000000000,0.102393678,0.057130327,3.898854632,0.215874764,37.754669507,0,63,59,4,0.093750000,9,0,0,0,0,599,10,23388,104931,29932,27,2237476
1987,1706585446.282584667,1706585446.380962610,1,1,1,1,-0.275099561,2.430641266,-0.197466370,0.004336004,0.003925222,0.976272483,0.216466698,645,181,0.280620155,0.045780381,0.037457122,0.022146908,0.083856516,48.537335267,0.050000000,0.102022494,0.065990459,3.896063533,0.198922464,38.376207304,1,15,15,0,0.023255814,5,54,0,0,0,571,59,23392,104946,29991,27,2238047
1988,1706585446.382423401,1706585446.479710817,1,1,1,1,-0.452909479,2.494990740,-0.202609021,0.000775621,-0.000733794,0.977103270,0.212762920,627,193,0.307814992,0.060467983,0.041214514,0.024727707,0.113296651,44.260206835,0.100000000,0.103220303,0.070526410,3.867962256,0.187137570,38.705061069,2,15,15,0,0.023923445,12,45,0,0,0,554,58,23395,104961,30048,27,2238601
1989,1706585446.483070135,1706585446.582896948,1,1,1,1,-0.650243472,2.563957829,-0.202548814,0.003992510,-0.002439750,0.979092950,0.203359543,615,173,0.281300813,0.062055914,0.039715646,0.028111936,0.120127369,38.450878374,0.150000000,0.104380150,0.071817398,3.858102759,0.192987527,38.874434496,3,12,10,2,0.019512195,16,39,0,1,0,546,57,23397,104973,30103,27,2239147
1990,1706585446.582909584,1706585446.682740211,1,1,1,1,-0.840960784,2.634966027,-0.202897684,0.007230748,-0.001327101,0.980914951,0.194298262,665,188,0.282706767,0.059224109,0.035955794,0.024098191,0.077228904,48.242318962,0.200000000,0.105023000,0.072850130,3.855381011,0.189570636,39.048754555,4,17,14,3,0.025563910,7,67,0,2,0,572,76,23402,104990,30177,27,2239719
1991,1706585446.682751656,1706585446.782573700,1,1,1,1,-1.036004793,2.703508036,-0.207087774,0.006097060,-0.000305464,0.982637386,0.185435973,655,174,0.265648855,0.067466698,0.046939776,0.028486037,0.102912457,46.974833383,0.250000000,0.104709015,0.087119812,3.840959107,0.185599868,39.383275451,5,18,14,4,0.027480916,14,88,0,3,0,534,103,23410,105008,30279,27,2240253
1992,1706585446.782584906,1706585446.882410526,1,0,0,1,-1.228588104,2.772906135,-0.204437670,0.009400242,-0.002738385,0.983484733,0.180726084,654,209,0.319571865,0.064207143,0.045018260,0.025106004,0.076109602,60.509915863,0.250000000,0.102503577,0.092405126,3.826617999,0.177372578,40.494280069,0,92,89,3,0.140672783,12,0,0,0,0,550,12,23445,105100,30291,27,2240803
1993,1706585446.882421970,1706585446.982240200,1,1,1,1,-1.437091533,2.838305657,-0.200189869,0.003625835,-0.006571524,0.984115141,0.177372652,644,193,0.299689441,0.050312190,0.039339988,0.022992485,0.080607923,48.365374008,0.300000000,0.100471586,0.093370195,3.843906719,0.163203684,41.102953686,1,30,30,0,0.046583851,9,62,0,0,0,543,71,23455,105130,30362,27,2241346
1994,1706585446.983050823,1706585447.082877874,1,0,0,1,-1.635036769,2.899879295,-0.196948531,0.003506803,-0.011866253,0.984583452,0.174477276,658,208,0.316109422,0.053268260,0.036079472,0.024368505,0.108967980,51.749308039,0.300000000,0.098937354,0.092033335,3.843719015,0.149222195,41.977587829,0,79,76,3,0.120060790,12,0,0,0,0,566,13,23483,105209,30374,27,2241912
1995,1706585447.082901239,1706585447.181566954,1,1,1,1,-1.829919289,2.968134718,-0.196279624,0.003645450,-0.011031525,0.985232629,0.170826469,663,187,0.282051282,0.048984202,0.033868409,0.020238875,0.117750790,50.860786926,0.350000000,0.099778080,0.096106775,3.834414811,0.137944953,42.879070152,1,18,17,1,0.027149321,8,71,0,0,0,565,80,23484,105227,30453,27,2242477
1996,1706585447.182739735,1706585447.280262947,1,1,1,1,-2.014089335,3.033326202,-0.195486217,0.005682204,-0.008740846,0.986379147,0.164156903,662,183,0.276435045,0.058196505,0.040541256,0.024740386,0.076849231,56.066749350,0.400000000,0.098282372,0.094566372,3.821251355,0.137046236,43.820375367,2,14,14,0,0.021148036,12,65,0,0,0,570,78,23486,105241,30530,27,2243047
1997,1706585447.282568455,1706585447.378994226,1,1,1,1,-2.196800454,3.098383548,-0.197721936,0.005419883,-0.002331553,0.987418905,0.158016124,621,157,0.252818035,0.055575784,0.036257414,0.021234457,0.076491947,43.827460132,0.450000000,0.095428299,0.093886169,3.811719383,0.145767903,44.263211284,3,12,12,0,0.019323671,9,69,0,0,0,530,79,23489,105253,30608,27,2243577
1998,1706585447.382399321,1706585447.482232809,1,1,1,1,-2.382671355,3.153172344,-0.197724649,0.004198156,-0.002283634,0.988345063,0.152155171,575,148,0.257391304,0.062162950,0.047429590,0.026262473,0.157736004,39.736834300,0.500000000,0.099748253,0.094947725,3.794767544,0.153477625,44.253316808,4,13,13,0,0.022608696,10,46,0,0,0,505,57,23493,105266,30664,27,2244082
1999,1706585447.483044386,1706585447.582056284,1,1,1,1,-2.559289090,3.191842436,-0.194675531,0.004044566,-0.007880544,0.989717919,0.142758467,566,126,0.222614841,0.057146838,0.044209148,0.023359767,0.113484625,34.004772734,0.550000000,0.099309006,0.093778764,3.776103999,0.165118036,44.344393674,5,16,16,0,0.028268551,5,58,0,0,0,487,63,23494,105282,30727,27,2244569
2000,1706585447.582889795,1706585447.680821896,1,1,1,1,-2.713763736,3.222861947,-0.196261367,0.005498742,-0.011995961,0.991001838,0.133196163,559,140,0.250447227,0.076408381,0.051000093,0.033143673,0.161262864,36.613538826,0.600000000,0.101998203,0.119964797,3.733243638,0.183291046,44.481657513,6,10,10,0,0.017889088,15,59,0,0,0,474,75,23496,105292,30801,27,2245043
2001,1706585447.682731152,1706585447.779590845,1,1,1,1,-2.871868029,3.262153023,-0.200405089,0.002635558,-0.009505871,0.992129491,0.124826940,517,108,0.208897485,0.072388919,0.047098357,0.028280060,0.157434295,33.037239768,0.650000000,0.104574682,0.129985241,3.703656733,0.198908001,44.201414160,7,7,7,0,0.013539652,10,61,0,0,0,439,71,23497,105299,30872,27,2245482
2002,1706585447.782574892,1706585447.881909132,1,1,1,1,-3.029273889,3.300982701,-0.208963386,0.000915138,-0.007197332,0.992834139,0.119280063,543,119,0.219152855,0.078169658,0.049391435,0.031390845,0.194967766,38.785775008,0.700000000,0.109635090,0.145491043,3.683554919,0.207754027,44.296295316,8,10,8,2,0.018416206,11,52,0,2,0,467,66,23499,105309,30935,27,2245949
2003,1706585447.882407904,1706585447.982028246,1,1,1,1,-3.190370504,3.335639556,-0.214676129,-0.003072685,-0.009624974,0.993190890,0.116059362,492,122,0.247967480,0.077705814,0.052845269,0.034581129,0.196003376,33.286226338,0.750000000,0.114208173,0.155836109,3.665393230,0.208279598,44.025409020,9,11,9,2,0.022357724,10,63,0,3,0,399,82,23506,105320,31008,27,2246348
2004,1706585447.983050585,1706585448.082871675,1,1,1,1,-3.370718333,3.376104936,-0.224432365,-0.017265892,-0.007878754,0.993219661,0.114693154,506,125,0.247035573,0.074858480,0.044979004,0.027086904,0.172765591,40.449370252,0.800000000,0.119080063,0.159916134,3.652148081,0.209987003,43.986515840,10,10,10,0,0.019762846,12,62,0,0,0,415,81,23509,105330,31082,27,2246763
2005,1706585448.082883596,1706585448.182705164,1,1,1,1,-3.558881078,3.419490741,-0.228877459,-0.024285766,-0.008896890,0.992927782,0.115868318,479,131,0.273486430,0.066814831,0.041016035,0.025415155,0.096081605,50.027468439,0.850000000,0.119667466,0.156255683,3.645862149,0.211442785,44.420660384,11,5,5,0,0.010438413,15,61,0,0,0,395,79,23509,105335,31158,27,2247158
2006,1706585448.182717085,1706585448.282155514,1,1,1,1,-3.742451238,3.457675109,-0.230817284,-0.027683939,-0.012184117,0.993285375,0.111666066,454,126,0.277533040,0.059096480,0.034955118,0.024091351,0.114701594,49.268390775,0.900000000,0.119931855,0.151111137,3.623040697,0.216974612,44.652739179,12,6,6,0,0.013215859,14,63,0,0,0,370,78,23510,105341,31235,27,2247528
2007,1706585448.282554626,1706585448.382363796,1,1,1,1,-3.925438265,3.501469154,-0.239270558,-0.027189803,-0.007935763,0.993812157,0.107401744,460,118,0.256521739,0.060571236,0.033493275,0.022445033,0.097569733,47.935277368,0.900000000,0.120617516,0.136801986,3.622219421,0.218175348,44.622636284,13,4,4,0,0.008695652,16,61,0,0,0,377,79,23511,105345,31312,27,2247905
2008,1706585448.382774115,1706585448.481796026,1,1,1,1,-4.097409777,3.544987141,-0.251402826,-0.030213723,-0.001108065,0.994234557,0.102876378,454,136,0.299559471,0.071336837,0.042640269,0.029501847,0.120613166,38.251300724,0.900000000,0.120983341,0.137956318,3.590987404,0.208346635,44.322190978,14,9,9,0,0.019823789,17,66,0,0,0,362,83,23516,105354,31395,27,2248267
2009,1706585448.482606649,1706585448.580498457,1,1,1,1,-4.264803557,3.594741977,-0.262478412,-0.024435426,0.006596334,0.994317778,0.103399973,441,110,0.249433107,0.071455320,0.044664804,0.027760821,0.099218310,41.478618019,0.900000000,0.119937888,0.139191613,3.562462259,0.190446719,44.473577961,15,6,6,0,0.013605442,15,71,0,0,0,347,88,23516,105360,31481,27,2248614
2010,1706585448.582446337,1706585448.681948662,1,1,1,1,-4.421691682,3.647327235,-0.274257355,-0.019916990,0.017135301,0.993810949,0.107932820,403,101,0.250620347,0.070989648,0.041360925,0.027456861,0.155537585,35.731606583,0.900000000,0.123853322,0.138480796,3.521567846,0.181080327,43.848042342,16,4,4,0,0.009925558,12,57,0,0,0,329,70,23516,105364,31550,27,2248943
2011,1706585448.683095694,1706585448.782619238,1,1,1,1,-4.568831257,3.688899135,-0.282391441,-0.017166740,0.017005896,0.993416970,0.111976901,407,92,0.226044226,0.083493293,0.054563360,0.038563693,0.122324146,32.529953651,0.900000000,0.124823907,0.150041703,3.469960758,0.179684828,43.125798355,17,10,9,1,0.024570025,13,76,0,0,0,306,91,23518,105374,31639,27,2249249
2012,1706585448.782943249,1706585448.881620646,1,1,1,1,-4.704488628,3.718932266,-0.284024366,-0.019996244,0.011267796,0.993139406,0.114661707,388,83,0.213917526,0.069004563,0.039574529,0.029544438,0.094617108,38.187652173,0.950000000,0.125749282,0.149801461,3.390351674,0.178415472,42.009685171,18,7,6,1,0.018041237,11,62,0,1,0,307,74,23520,105381,31712,27,2249556
2013,1706585448.882780075,1706585448.980407238,1,1,1,1,-4.821922618,3.748062042,-0.288104318,-0.019836391,0.011740575,0.993006093,0.115791088,379,74,0.195250660,0.082383126,0.044452870,0.031913112,0.120729510,43.591512274,0.950000000,0.127755361,0.145395319,3.304087202,0.174739925,41.770992084,19,2,1,1,0.005277045,9,69,0,0,0,299,78,23521,105383,31790,27,2249855
2014,1706585448.982616425,1706585449.079165459,1,1,1,1,-4.928816016,3.786014282,-0.292006121,-0.018637646,0.015810896,0.992815178,0.117135293,360,79,0.219444444,0.074057748,0.038579654,0.026563984,0.107560270,39.077765282,1.000000000,0.127684976,0.136290734,3.211094407,0.169892548,41.137414946,20,6,6,0,0.016666667,7,74,0,0,0,273,81,23521,105389,31871,27,2250128
2015,1706585449.082473040,1706585449.177733183,1,1,1,1,-5.021490921,3.814791494,-0.294141122,-0.017341429,0.014536591,0.992810734,0.117536411,379,86,0.226912929,0.065786364,0.037444343,0.023637620,0.091495638,53.740706426,1.000000000,0.126372218,0.118692003,3.112788609,0.157240125,41.281410921,20,3,3,0,0.007915567,8,73,0,0,0,295,81,23522,105392,31952,27,2250423
2016,1706585449.182715416,1706585449.282177925,1,1,1,1,-5.112117090,3.842111124,-0.295596471,-0.015324668,0.012542832,0.992805122,0.118092431,386,85,0.220207254,0.073129806,0.037972058,0.028477603,0.079568826,49.040715531,1.000000000,0.126508198,0.112014853,3.013493400,0.146095089,40.930109230,20,6,6,0,0.015544041,12,80,0,0,0,287,93,23522,105398,32044,27,2250710
2017,1706585449.282552242,1706585449.382385492,1,1,1,1,-5.183539606,3.867566338,-0.302420558,-0.014386102,0.012296060,0.992867242,0.117713577,411,105,0.255474453,0.065710423,0.032347108,0.025579898,0.058929275,71.624525430,1.000000000,0.125630065,0.101931326,2.895845255,0.134972140,42.319962495,20,5,5,0,0.012165450,13,81,0,0,0,312,94,23522,105403,32138,27,2251022
2018,1706585449.382398367,1706585449.482241392,1,1,1,1,-5.269162909,3.896989537,-0.305728952,-0.013334298,0.012173560,0.992883738,0.117711022,412,92,0.223300971,0.056386454,0.033692272,0.022352074,0.049710459,60.940507255,1.000000000,0.120228787,0.108556929,2.805616120,0.115932499,43.380146143,20,11,4,7,0.026699029,9,81,0,7,0,308,93,23530,105414,32228,27,2251330
2019,1706585449.483052731,1706585449.581560135,1,1,1,1,-5.354910347,3.932308236,-0.308950278,-0.012242923,0.012001851,0.992962118,0.117184887,408,122,0.299019608,0.055738578,0.032046244,0.023226445,0.062037771,52.901535936,1.000000000,0.117656445,0.110470181,2.740842111,0.097591268,44.324984303,20,12,8,4,0.029411765,7,76,0,4,0,311,85,23536,105426,32311,27,2251641
2020,1706585449.582894564,1706585449.682518244,1,1,1,1,-5.452092363,3.971390781,-0.311769440,-0.011128850,0.012065867,0.993090823,0.116194580,475,106,0.223157895,0.054033442,0.031056712,0.021245821,0.074012210,52.730659455,1.000000000,0.113293912,0.121260989,2.682660325,0.082767870,45.130840334,20,55,17,38,0.115789474,7,74,0,43,0,330,90,23580,105481,32392,27,2251971
2021,1706585449.682717800,1706585449.781271219,1,1,1,1,-5.545150785,4.009820134,-0.316595760,-0.011795387,0.011757837,0.993098696,0.116093077,463,108,0.233261339,0.066400508,0.039786490,0.031251997,0.056921039,66.894544371,1.000000000,0.108268249,0.121586475,2.621106825,0.071835826,46.823705565,20,50,15,35,0.107991361,14,80,0,42,0,296,117,23622,105531,32486,27,2252267
2022,1706585449.782567978,1706585449.879997969,1,1,1,1,-5.633249429,4.047838401,-0.322363772,-0.010783864,0.011702253,0.993007331,0.116975238,453,111,0.245033113,0.052146466,0.029559991,0.018262354,0.077306452,68.969079527,1.000000000,0.102385183,0.130751604,2.552350570,0.067211468,48.332870790,20,37,9,28,0.081677704,7,71,0,32,0,327,89,23655,105568,32564,27,2252594
2023,1706585449.882404566,1706585449.982236385,1,1,1,1,-5.733565108,4.084882980,-0.324686454,-0.010912837,0.011932473,0.992939974,0.117510570,405,96,0.237037037,0.050600780,0.034258663,0.022564737,0.056204642,62.332254391,1.000000000,0.095395247,0.139599235,2.474223770,0.065841660,49.785172193,20,9,8,1,0.022222222,4,82,0,0,0,310,86,23657,105577,32650,27,2252904
2024,1706585449.983047485,1706585450.082653522,1,1,1,1,-5.816362598,4.117863275,-0.330558561,-0.010399329,0.011893869,0.992904745,0.117858211,436,109,0.250000000,0.052596234,0.030742551,0.020313391,0.066207871,78.468828350,1.000000000,0.090067361,0.145488828,2.370390222,0.063928490,51.686145098,20,24,4,20,0.055045872,7,88,0,20,0,307,105,23677,105601,32745,27,2253211
2025,1706585450.082902431,1706585450.181318760,1,1,1,1,-5.898491346,4.148760312,-0.334348705,-0.010215999,0.011320537,0.992906019,0.117919959,420,106,0.252380952,0.057096434,0.033295842,0.025593198,0.069458316,75.723616389,1.000000000,0.088736196,0.148859569,2.270710805,0.055891461,52.970952496,20,8,7,1,0.019047619,8,97,0,1,0,307,105,23678,105609,32850,27,2253518
2026,1706585450.182740450,1706585450.280329466,1,1,1,1,-5.983818695,4.185554458,-0.334645244,-0.010160123,0.011166824,0.992957258,0.117507268,395,99,0.250632911,0.057813145,0.024462353,0.018003180,0.065287208,74.782862825,1.000000000,0.086265477,0.149638363,2.175289202,0.047892829,54.246676098,20,9,6,3,0.022784810,9,91,0,4,0,285,101,23683,105618,32950,27,2253803
2027,1706585450.282588482,1706585450.378854990,1,1,1,1,-6.051726134,4.219338497,-0.340022526,-0.009916872,0.011205419,0.993053952,0.116704508,411,104,0.253041363,0.065055772,0.037992143,0.026446841,0.069259961,72.021115452,1.000000000,0.084849988,0.148460847,2.073520011,0.040099482,55.450968002,20,15,13,2,0.036496350,12,87,0,2,0,297,99,23690,105633,33049,27,2254100
2028,1706585450.382435560,1706585450.481656313,1,1,1,1,-6.128464503,4.248805031,-0.343409424,-0.009253045,0.011004992,0.993078736,0.116567128,397,120,0.302267003,0.053733867,0.032000602,0.024025170,0.090540604,70.406834326,1.000000000,0.083346360,0.153043426,1.980808515,0.039791656,57.058744682,20,9,8,1,0.022670025,11,87,0,1,0,289,99,23694,105642,33147,27,2254389
2029,1706585450.483078480,1706585450.582899094,1,1,1,1,-6.198696488,4.276474517,-0.350571532,-0.009325267,0.010678814,0.993129065,0.116162227,404,115,0.284653465,0.065541984,0.038275518,0.029718572,0.056079164,74.206071452,1.000000000,0.081189403,0.151471335,1.890748487,0.031919664,58.695117354,20,18,18,0,0.044554455,13,85,0,0,0,288,98,23701,105660,33245,27,2254677
2030,1706585450.582911015,1706585450.682754278,1,1,1,1,-6.280465339,4.303459131,-0.352068146,-0.009237979,0.010686824,0.993141437,0.116062645,411,109,0.265206813,0.055218291,0.032833967,0.023690118,0.077936455,68.536152468,1.000000000,0.077309346,0.153486414,1.823752130,0.023914042,60.335344648,20,13,10,3,0.031630170,7,84,0,3,0,306,92,23705,105673,33336,27,2254983
2031,1706585450.682765484,1706585450.782522202,1,1,1,1,-6.353088862,4.331121467,-0.356383719,-0.008968996,0.010279486,0.993171826,0.115860316,399,113,0.283208020,0.050728355,0.034919774,0.025405819,0.057347999,69.672439098,1.000000000,0.074060539,0.142618718,1.762633608,0.018718605,62.192468921,20,13,13,0,0.032581454,7,83,0,0,0,296,90,23709,105686,33426,27,2255279
2032,1706585450.782608986,1706585450.880583286,1,1,1,1,-6.419742162,4.355878685,-0.360894081,-0.008558281,0.010100455,0.993217484,0.115515222,437,132,0.302059497,0.054545387,0.035946558,0.025186995,0.066817125,63.213362932,1.000000000,0.072670540,0.142976724,1.712817453,0.017147255,63.443754459,20,43,21,22,0.098398169,10,86,0,23,0,292,102,23734,105729,33522,27,2255571
2033,1706585450.882443666,1706585450.982265472,1,1,1,1,-6.483423819,4.382914817,-0.366673590,-0.008209334,0.009894526,0.993273740,0.115073815,450,126,0.280000000,0.058987359,0.039971153,0.028014796,0.063770252,63.100116733,1.000000000,0.069822577,0.118491289,1.668743577,0.015468279,64.419184682,20,48,22,26,0.106666667,12,80,0,35,0,297,105,23775,105777,33614,27,2255868
2034,1706585450.983088255,1706585451.081020117,1,1,1,1,-6.554872742,4.403829201,-0.367859036,-0.008247358,0.009636103,0.993263786,0.115178897,455,124,0.272527473,0.064884082,0.044597407,0.035255495,0.074439311,53.252951802,1.000000000,0.068166529,0.107200706,1.646136537,0.014804839,65.127944007,20,50,22,28,0.109890110,12,84,0,35,0,297,108,23815,105827,33710,27,2256165
2035,1706585451.082929850,1706585451.179145098,1,1,1,1,-6.625299996,4.425843082,-0.370900425,-0.007986871,0.009504176,0.993257328,0.115263879,410,129,0.314634146,0.069640476,0.039626625,0.026992451,0.055949828,64.621086042,1.000000000,0.066389238,0.111321766,1.625321149,0.013761885,65.671962988,20,16,15,1,0.039024390,15,87,0,1,0,290,104,23819,105843,33812,27,2256455
2036,1706585451.182778597,1706585451.282411575,1,1,1,1,-6.705674671,4.444957422,-0.370918295,-0.007819018,0.009132957,0.993261998,0.115265149,435,137,0.314942529,0.066080140,0.037590987,0.024353428,0.075722522,64.600021554,1.000000000,0.066196923,0.101646735,1.631807838,0.013030467,66.449928289,20,26,14,12,0.059770115,17,86,0,17,0,298,111,23839,105869,33915,27,2256753
2037,1706585451.282635212,1706585451.382322550,1,1,1,1,-6.795056131,4.468738571,-0.367318373,-0.008047952,0.009007914,0.993247058,0.115387910,422,123,0.291469194,0.066145534,0.036364775,0.022889429,0.056319644,56.201175964,1.000000000,0.066066442,0.102060283,1.633770763,0.013263780,65.678760816,20,28,13,15,0.066350711,11,96,0,14,0,284,110,23856,105897,34022,27,2257037
2038,1706585451.382471800,1706585451.481305838,1,1,1,1,-6.870564596,4.490187699,-0.369170726,-0.008039155,0.008488106,0.993278508,0.115156980,394,126,0.319796954,0.061918940,0.034333160,0.024525998,0.059870659,65.865447213,1.000000000,0.066574452,0.101851923,1.619496136,0.012680266,65.925007814,20,16,13,3,0.040609137,13,84,0,3,0,280,98,23865,105913,34119,27,2257317
2039,1706585451.482716084,1706585451.579837084,1,1,1,1,-6.954243492,4.512140709,-0.368554214,-0.008096415,0.008512345,0.993255573,0.115348843,409,125,0.305623472,0.048893926,0.025884248,0.018294911,0.054833677,71.444495993,1.000000000,0.066214247,0.108546787,1.601224738,0.011086286,66.852155817,20,14,14,0,0.034229829,9,90,0,1,0,296,99,23871,105927,34218,27,2257613
2040,1706585451.582570076,1706585451.682188511,1,1,1,1,-7.031801590,4.533005209,-0.372049336,-0.007703374,0.008519122,0.993226301,0.115626975,389,137,0.352185090,0.061195238,0.033825621,0.026144516,0.082105920,57.692169188,1.000000000,0.066618932,0.106766809,1.580819574,0.011443730,67.100231303,20,22,21,1,0.056555270,16,64,0,1,0,286,81,23879,105949,34298,27,2257899
2041,1706585451.682400227,1706585451.780962229,1,1,1,1,-7.115330768,4.551663830,-0.371692127,-0.008014359,0.008117259,0.993241101,0.115507558,394,122,0.309644670,0.069249090,0.041539260,0.029467021,0.106439076,56.511295551,1.000000000,0.069094834,0.109823784,1.570283024,0.009887375,66.581068863,20,12,12,0,0.030456853,19,89,0,0,0,274,108,23880,105961,34406,27,2258173
2042,1706585451.783035517,1706585451.882861614,1,1,1,1,-7.179809445,4.575020262,-0.377612834,-0.007423403,0.008288972,0.993231293,0.115619134,391,119,0.304347826,0.056468428,0.030512761,0.021095090,0.090572878,57.726571232,1.000000000,0.069758156,0.106635809,1.532154430,0.009044624,66.018943448,20,19,19,0,0.048593350,11,74,0,0,0,287,85,23883,105980,34491,27,2258460
2043,1706585451.882873535,1706585451.982706070,1,1,1,1,-7.248045588,4.592905130,-0.382464472,-0.007448857,0.007667315,0.993256182,0.115446450,398,128,0.321608040,0.049714922,0.032119608,0.020899410,0.068296889,64.647565399,1.000000000,0.070362768,0.107789749,1.513544681,0.008673273,66.134708998,20,18,18,0,0.045226131,10,79,0,0,0,289,91,23887,105998,34580,27,2258749
2044,1706585451.982717991,1706585452.081598282,1,1,1,1,-7.310619384,4.607066379,-0.388228706,-0.006801188,0.007710654,0.993232594,0.115686232,394,131,0.332487310,0.053911630,0.030151078,0.022686042,0.071776988,49.555158359,1.000000000,0.070641224,0.106614877,1.490129250,0.009021715,64.689025499,20,10,10,0,0.025380711,12,76,0,0,0,296,88,23888,106008,34668,27,2259045
2045,1706585452.082559586,1706585452.182370663,1,1,1,1,-7.369202278,4.619275541,-0.392497962,-0.006686435,0.007107539,0.993260990,0.115487573,386,130,0.336787565,0.063794926,0.026855377,0.021692776,0.090726313,46.669294873,1.000000000,0.071704624,0.106844554,1.457200125,0.008584671,63.236309423,20,9,9,0,0.023316062,10,77,0,0,0,290,87,23889,106017,34755,27,2259335
2046,1706585452.182781696,1706585452.282056093,1,1,1,1,-7.417319526,4.630965061,-0.401397241,-0.006383271,0.007262959,0.993256132,0.115536830,388,113,0.291237113,0.062730358,0.026541387,0.020130930,0.104685989,47.433693376,1.000000000,0.073674563,0.106709949,1.431472810,0.007070353,61.868850950,20,21,14,7,0.054123711,9,85,0,11,0,272,95,23904,106038,34849,27,2259607
2047,1706585452.282616854,1706585452.380180597,1,1,1,1,-7.467969417,4.647042556,-0.407317130,-0.005808164,0.006766644,0.993320583,0.115042156,377,124,0.328912467,0.068925227,0.033688873,0.026403352,0.092819892,41.403308184,1.000000000,0.074852559,0.109819524,1.402670844,0.007791754,60.337960587,20,12,11,1,0.031830239,24,74,0,1,0,266,99,23907,106050,34947,27,2259873
2048,1706585452.382463932,1706585452.482298851,1,1,1,1,-7.527266876,4.664828107,-0.411030237,-0.005439830,0.006776844,0.993312907,0.115125810,385,113,0.293506494,0.057991172,0.026864123,0.018760672,0.069798537,45.983631371,1.000000000,0.073815456,0.107076786,1.388864420,0.007153700,59.116800439,20,36,17,19,0.093506494,11,77,0,21,0,251,98,23931,106086,35035,27,2260124
2049,1706585452.482710123,1706585452.582115650,1,1,1,1,-7.579384969,4.684304739,-0.416805105,-0.005314546,0.006647410,0.993344814,0.114863603,372,108,0.290322581,0.052765789,0.022984543,0.018404780,0.058340862,46.683886351,1.000000000,0.073928541,0.109630088,1.358682324,0.007479455,57.740691184,20,28,17,11,0.075268817,15,81,0,15,0,243,101,23948,106114,35131,27,2260367
2050,1706585452.582552433,1706585452.682307959,1,1,1,1,-7.641707949,4.700650030,-0.419225966,-0.005570977,0.006425488,0.993374165,0.114609975,331,86,0.259818731,0.053178749,0.027952534,0.020299395,0.063348987,46.410864971,1.000000000,0.073199167,0.111231316,1.345325355,0.007594257,56.634426809,20,12,11,1,0.036253776,8,64,0,2,0,242,77,23954,106126,35203,27,2260609
2051,1706585452.682394028,1706585452.780868530,1,1,1,1,-7.695223285,4.710918781,-0.424148774,-0.005044298,0.006561850,0.993385272,0.114530342,313,82,0.261980831,0.045930832,0.030545521,0.023139129,0.065057624,42.043496713,1.000000000,0.073584649,0.118278188,1.328793374,0.007065648,55.252979690,20,13,13,0,0.041533546,5,68,0,1,0,227,73,23957,106139,35276,27,2260836
2052,1706585452.783025265,1706585452.882747412,1,1,1,1,-7.752849019,4.722455310,-0.428181755,-0.005244545,0.006630548,0.993401114,0.114379877,319,74,0.231974922,0.059454721,0.029322590,0.021125963,0.069096504,36.293611924,1.000000000,0.073698618,0.116332402,1.318276652,0.006491011,53.906992140,20,19,12,7,0.059561129,6,63,0,11,0,227,73,23968,106158,35345,27,2261063
2053,1706585452.882859468,1706585452.981998682,1,1,1,1,-7.805944615,4.738232337,-0.432674965,-0.005218656,0.006840724,0.993410280,0.114289041,303,78,0.257425743,0.043956099,0.024701199,0.014869350,0.076048792,33.849816965,1.000000000,0.074312545,0.131315614,1.299392173,0.006460308,52.444477151,20,10,10,0,0.033003300,5,63,0,0,0,225,68,23969,106168,35413,27,2261288
2054,1706585452.982699156,1706585453.082521200,1,1,1,1,-7.849292628,4.753782837,-0.439259101,-0.004595885,0.007224977,0.993402518,0.114359584,293,79,0.269624573,0.047229572,0.025221771,0.016503438,0.079195487,30.431684845,1.000000000,0.074550353,0.137857124,1.272063095,0.006427603,51.303413803,20,4,4,0,0.013651877,5,58,0,0,0,226,63,23970,106172,35476,27,2261514
2055,1706585453.082532644,1706585453.182359934,1,1,1,1,-7.894197040,4.771406545,-0.445447702,-0.004354447,0.007395808,0.993404586,0.114340148,298,68,0.228187919,0.036229756,0.022928115,0.012898589,0.096925376,38.261251292,1.000000000,0.076599131,0.156735705,1.238081183,0.006454619,49.985422066,20,9,8,1,0.030201342,4,65,0,1,0,220,69,23972,106181,35545,27,2261734
2056,1706585453.182771444,1706585453.282529116,1,1,1,1,-7.943870628,4.787490317,-0.449326181,-0.004130108,0.007647287,0.993390014,0.114458468,298,71,0.238255034,0.045139774,0.032636591,0.018397104,0.076264101,31.442348089,1.000000000,0.076626210,0.160038595,1.197876564,0.006446367,48.327538393,20,10,10,0,0.033557047,2,63,0,0,0,222,66,23974,106191,35610,27,2261956
2057,1706585453.282616854,1706585453.382050276,1,1,1,1,-7.993764133,4.800630867,-0.453308653,-0.004172442,0.007737437,0.993428859,0.114113210,305,77,0.252459016,0.045641376,0.026878193,0.015576071,0.051343766,36.933095657,1.000000000,0.076377416,0.160554066,1.171107283,0.006687110,47.364134377,20,9,9,0,0.029508197,7,67,0,0,0,222,74,23978,106200,35684,27,2262178
2058,1706585453.382437468,1706585453.482021332,1,1,1,1,-8.034735018,4.815991942,-0.459244831,-0.003692888,0.008065614,0.993432987,0.114071071,298,78,0.261744966,0.047310671,0.023073102,0.017435231,0.069205005,32.980609661,1.000000000,0.076844133,0.161543604,1.128751141,0.006383663,45.719892500,20,12,11,1,0.040268456,6,57,0,0,0,223,63,23982,106212,35747,27,2262401
2059,1706585453.483068466,1706585453.581216335,1,1,1,1,-8.083630783,4.831947610,-0.462864938,-0.003700711,0.008169119,0.993458587,0.113840263,294,70,0.238095238,0.053591616,0.028320427,0.018483319,0.047739049,40.231063045,1.000000000,0.076489402,0.159638406,1.099920079,0.006285029,44.159220852,20,5,5,0,0.017006803,8,62,0,0,0,219,70,23983,106217,35817,27,2262620
2060,1706585453.582900524,1706585453.679486990,1,1,1,1,-8.128797458,4.845139670,-0.467377124,-0.003427933,0.008252422,0.993443298,0.113976140,303,82,0.270627063,0.037399009,0.022889607,0.013077988,0.062016497,41.193423025,1.000000000,0.075484931,0.173070500,1.061601195,0.006324626,43.334283544,20,14,10,4,0.046204620,3,57,0,4,0,228,61,23990,106231,35877,27,2262848
2061,1706585453.682728767,1706585453.782532930,1,1,1,1,-8.178232262,4.858359257,-0.470453621,-0.003194982,0.008328122,0.993437426,0.114028568,302,80,0.264900662,0.036085032,0.022074963,0.012842254,0.051874750,38.600484199,1.000000000,0.072756714,0.175216127,1.044031740,0.006204714,42.438742976,20,18,8,10,0.059602649,3,56,0,13,0,220,64,24006,106249,35936,27,2263068
2062,1706585453.782581806,1706585453.881775618,1,1,1,1,-8.215309888,4.871329468,-0.476613467,-0.002947729,0.008306304,0.993446621,0.113956688,296,77,0.260135135,0.043324079,0.022585518,0.015835114,0.052991286,39.046303417,1.000000000,0.070877635,0.178457727,1.013084834,0.006007891,41.504729586,20,15,9,6,0.050675676,4,46,0,7,0,228,53,24013,106264,35986,27,2263296
2063,1706585453.882412195,1706585453.981884956,1,1,1,1,-8.244847022,4.882946172,-0.483881955,-0.002832264,0.008560846,0.993453814,0.113878044,294,65,0.221088435,0.053067798,0.024991472,0.017302951,0.056088508,36.937913372,1.000000000,0.070267216,0.178269035,0.981231218,0.005677791,40.119246984,20,5,5,0,0.017006803,3,71,0,0,0,215,74,24015,106269,36060,27,2263511
2064,1706585453.983045578,1706585454.081333637,1,1,1,1,-8.276921435,4.887656644,-0.489182843,-0.002926629,0.008304379,0.993507145,0.113428504,305,73,0.239344262,0.043296013,0.025112484,0.015243848,0.051323077,39.724027247,1.000000000,0.069244520,0.181952604,0.954086492,0.006192195,39.627690429,20,14,7,7,0.045901639,4,58,0,8,0,225,66,24025,106283,36122,27,2263736
2065,1706585454.082868338,1706585454.182701349,1,1,1,1,-8.318157039,4.902118714,-0.493229761,-0.002718858,0.008667087,0.993504324,0.113431249,315,75,0.238095238,0.037516677,0.023434358,0.016555139,0.068007649,40.140023293,1.000000000,0.068108587,0.182467003,0.947661461,0.006098253,39.301226850,20,22,9,13,0.069841270,3,65,0,17,0,221,72,24044,106305,36190,27,2263957
2066,1706585454.182713032,1706585454.281737328,1,1,1,1,-8.348750690,4.909357509,-0.497802472,-0.002761274,0.008891155,0.993506050,0.113397754,297,77,0.259259259,0.047427995,0.024842175,0.013783396,0.042414206,47.516912451,1.000000000,0.064994998,0.172415374,0.925961570,0.005184029,39.305387804,20,6,6,0,0.020202020,8,62,0,0,0,219,72,24044,106311,36260,27,2264176
2067,1706585454.282560587,1706585454.382399082,1,1,1,1,-8.384276828,4.919642319,-0.501190973,-0.002632081,0.008675131,0.993555509,0.112983473,306,69,0.225490196,0.054775384,0.030189404,0.019686176,0.072852409,32.490518095,1.000000000,0.063996624,0.146319647,0.901082825,0.005842668,38.859748299,20,8,8,0,0.026143791,6,70,0,0,0,221,77,24046,106319,36336,27,2264397
2068,1706585454.382410526,1706585454.482231855,1,1,1,1,-8.411102666,4.931311213,-0.506038769,-0.002333755,0.008868986,0.993559743,0.112937735,301,77,0.255813953,0.047829293,0.034999648,0.017800089,0.038730830,49.054781159,1.000000000,0.062443238,0.137913663,0.874798325,0.005406236,39.013305789,20,5,5,0,0.016611296,5,61,0,0,0,230,66,24047,106324,36402,27,2264627
2069,1706585454.483042717,1706585454.582887888,1,1,1,1,-8.424636256,4.935113580,-0.511971005,-0.002124289,0.008956968,0.993529802,0.113198028,302,81,0.268211921,0.056191011,0.036208101,0.018302712,0.068053375,35.519287631,1.000000000,0.062928864,0.141810001,0.825580135,0.005422662,38.455075853,20,8,8,0,0.026490066,8,56,0,0,0,230,64,24049,106332,36466,27,2264857
2070,1706585454.582900286,1706585454.681338310,1,1,1,1,-8.457822963,4.946337191,-0.515426763,-0.002008407,0.009048326,0.993523598,0.113247315,306,78,0.254901961,0.049983902,0.030448783,0.018918748,0.082063163,40.713701790,1.000000000,0.063864573,0.139719872,0.806069841,0.005365999,38.170217694,20,8,8,0,0.026143791,5,57,0,0,0,236,62,24049,106340,36528,27,2265093
2071,1706585454.682748556,1706585454.782207251,1,1,1,1,-8.481865364,4.960073011,-0.518346704,-0.001893525,0.009136113,0.993566762,0.112862902,295,80,0.271186441,0.054053499,0.036824665,0.020793104,0.076119232,30.597633790,1.000000000,0.064417653,0.142726459,0.775005499,0.005832805,37.597924547,20,6,6,0,0.020338983,7,65,0,0,0,217,72,24050,106346,36600,27,2265310
2072,1706585454.782593727,1706585454.880523205,1,1,1,1,-8.498960767,4.968863922,-0.522161674,-0.001486005,0.009229807,0.993602944,0.112542399,300,85,0.283333333,0.047541023,0.028224677,0.017969030,0.063914209,35.975949693,1.000000000,0.064158538,0.130843005,0.739031648,0.006286483,37.582041436,20,8,8,0,0.026666667,4,60,0,0,0,228,64,24052,106354,36664,27,2265538
2073,1706585454.882430553,1706585454.979307413,1,1,1,1,-8.511206321,4.977128547,-0.526245206,-0.001254122,0.009300651,0.993643902,0.112177182,303,86,0.283828383,0.050528037,0.026092688,0.017898021,0.044479922,44.819081256,1.000000000,0.062580095,0.130729529,0.707837998,0.006873726,38.130504650,20,13,9,4,0.042904290,8,56,0,3,0,225,65,24057,106367,36728,27,2265763
2074,1706585454.983063221,1706585455.082788229,1,1,1,1,-8.522877309,4.989138985,-0.529924952,-0.001570958,0.009323405,0.993670936,0.111931576,297,81,0.272727273,0.062313286,0.043978701,0.028371601,0.083109599,30.335845239,1.000000000,0.062775800,0.147302623,0.676350167,0.007335399,38.125712670,20,13,11,2,0.043771044,11,48,0,4,0,219,65,24063,106380,36787,27,2265982
2075,1706585455.082899809,1706585455.182719469,1,1,1,1,-8.548082307,4.999114703,-0.531869757,-0.001387301,0.009488773,0.993635502,0.112234258,297,74,0.249158249,0.039294720,0.021691434,0.014562441,0.065659530,44.957845976,1.000000000,0.061212508,0.142256681,0.651170734,0.007708610,38.460542404,20,12,8,4,0.040404040,4,60,0,4,0,220,65,24069,106392,36851,27,2266202
2076,1706585455.182731867,1706585455.282352686,1,1,1,1,-8.578457682,5.008995983,-0.532017949,-0.001350525,0.009702600,0.993609295,0.112448232,309,78,0.252427184,0.047800339,0.031336639,0.018941013,0.068752052,38.200484978,1.000000000,0.060836906,0.141360986,0.631364871,0.007442424,38.798449249,20,18,12,6,0.058252427,5,49,0,9,0,235,56,24081,106410,36905,27,2266437
2077,1706585455.282564163,1706585455.381767988,1,1,1,1,-8.594915296,5.014895691,-0.536564549,-0.001038007,0.009785894,0.993547991,0.112984730,302,76,0.251655629,0.044471672,0.022353903,0.011257739,0.071491496,37.200644906,1.000000000,0.061844292,0.142017318,0.605272808,0.008445738,38.811826711,20,12,7,5,0.039735099,6,63,0,8,0,218,72,24089,106422,36974,27,2266655
2078,1706585455.382403135,1706585455.482191086,1,1,1,1,-8.603989999,5.021308737,-0.540033433,-0.000659842,0.010025389,0.993593854,0.112562467,313,83,0.265175719,0.047792059,0.029735726,0.017708789,0.055687771,51.705643669,1.000000000,0.061168430,0.141934451,0.565353216,0.008823807,39.748078412,20,17,12,5,0.054313099,5,56,0,11,0,234,62,24101,106439,37035,27,2266889
2079,1706585455.483051538,1706585455.582267523,1,1,1,1,-8.616499293,5.026393355,-0.542034810,-0.000820147,0.010170683,0.993562598,0.112823969,306,81,0.264705882,0.055769547,0.027249606,0.017510179,0.082812523,47.041884413,1.000000000,0.062922104,0.143916549,0.531734266,0.009070029,40.088619480,20,6,5,1,0.019607843,7,49,0,1,0,244,56,24102,106445,37091,27,2267133
2080,1706585455.582901239,1706585455.682723522,1,1,1,1,-8.642636494,5.032754710,-0.541418827,-0.001136244,0.010185741,0.993491874,0.113440977,300,82,0.273333333,0.065151422,0.038035443,0.020740831,0.079751474,38.477022856,1.000000000,0.063808853,0.150736471,0.507377266,0.010197692,39.952799471,20,7,7,0,0.023333333,6,57,0,0,0,230,63,24102,106452,37154,27,2267363
2081,1706585455.682735205,1706585455.782550335,1,1,1,1,-8.658611351,5.037897248,-0.542072251,-0.001123369,0.009671518,0.993552176,0.112956954,316,78,0.246835443,0.052425929,0.032427786,0.019201837,0.098694346,30.745919869,1.000000000,0.066149833,0.135953523,0.484411378,0.011028417,39.560071255,20,6,6,0,0.018987342,5,64,0,1,0,241,69,24105,106458,37223,27,2267604
2082,1706585455.782561779,1706585455.882346630,1,1,1,1,-8.683583773,5.042211133,-0.541627956,-0.001307198,0.009247774,0.993567482,0.112855788,316,82,0.259493671,0.050966471,0.032967485,0.016445699,0.081602840,32.915933619,1.000000000,0.067580410,0.131452930,0.477196523,0.011074829,39.253552765,20,3,2,1,0.009493671,6,60,0,1,0,247,66,24106,106461,37289,27,2267851
2083,1706585455.882408619,1706585455.981179476,1,1,1,1,-8.706264288,5.043467277,-0.540270573,-0.001608272,0.008834501,0.993616237,0.112455051,318,87,0.273584906,0.062422148,0.036821737,0.019265741,0.101238977,32.900007975,1.000000000,0.069837934,0.139749356,0.467103330,0.010980046,39.051657495,20,10,10,0,0.031446541,9,68,0,0,0,231,77,24109,106471,37366,27,2268082
2084,1706585455.983051062,1706585456.081752062,1,1,1,1,-8.737011924,5.050978162,-0.537640906,-0.001785243,0.008749190,0.993578713,0.112790096,345,114,0.330434783,0.067402373,0.041442728,0.020911302,0.112775488,38.556387423,1.000000000,0.072910554,0.148575563,0.454978964,0.011646144,38.993275504,20,14,14,0,0.040579710,13,63,0,0,0,255,76,24114,106485,37442,27,2268337
2085,1706585456.082887411,1706585456.178692341,1,1,1,1,-8.726321530,5.047945196,-0.543179748,-0.001472474,0.008487408,0.993537100,0.113180504,377,145,0.384615385,0.051923428,0.031186873,0.014650325,0.056030917,46.153285525,1.000000000,0.072311718,0.132234651,0.435625983,0.012368508,39.293938616,20,24,24,0,0.063660477,10,69,0,0,0,274,79,24116,106509,37521,27,2268611
2086,1706585456.182721376,1706585456.282553196,1,1,1,1,-8.739963234,5.055478912,-0.544510488,-0.001247762,0.008685414,0.993568129,0.112895439,383,136,0.355091384,0.053825017,0.033016633,0.015947279,0.039524659,53.199332787,1.000000000,0.072167241,0.129407936,0.414126625,0.012109272,39.578059632,20,21,15,6,0.054830287,13,63,0,9,0,286,76,24127,106530,37597,27,2268897
2087,1706585456.282565832,1706585456.382403374,1,1,1,1,-8.739511289,5.060958372,-0.548651814,-0.000703846,0.008759526,0.993546546,0.113084200,386,145,0.375647668,0.053537129,0.032417580,0.022426711,0.039998827,54.221184161,1.000000000,0.070524561,0.129378181,0.391357068,0.012409040,40.664592936,20,21,21,0,0.054404145,12,68,0,0,0,285,80,24132,106551,37677,27,2269182
2088,1706585456.382415533,1706585456.482258320,1,1,1,1,-8.753322348,5.063518026,-0.546481014,-0.000681378,0.008370115,0.993551137,0.113073493,394,136,0.345177665,0.058753156,0.031961625,0.019383892,0.069140947,44.132392201,1.000000000,0.072045067,0.127996158,0.390312044,0.011902262,40.418473488,20,24,20,4,0.060913706,7,75,0,7,0,286,84,24142,106575,37759,27,2269468
2089,1706585456.483069420,1706585456.582828760,1,1,1,1,-8.762113865,5.067052428,-0.548221734,-0.000595022,0.008233986,0.993535906,0.113217715,421,145,0.344418052,0.046033787,0.025173411,0.018726425,0.066459754,44.161538789,1.000000000,0.071965386,0.132307206,0.364742732,0.012093812,40.850586046,20,35,26,9,0.083135392,7,72,0,15,0,302,84,24159,106610,37838,27,2269770
2090,1706585456.582915545,1706585456.682411671,1,1,1,1,-8.765535935,5.066279922,-0.549918447,-0.000677682,0.007976698,0.993537403,0.113222532,446,145,0.325112108,0.043274102,0.025946190,0.017258395,0.057252863,46.174165958,1.000000000,0.070724871,0.138735448,0.340796617,0.011330627,41.123609254,20,30,19,11,0.067264574,5,75,0,15,0,328,88,24174,106640,37918,27,2270098
2091,1706585456.682772398,1706585456.782495022,1,1,1,1,-8.768095310,5.069651209,-0.548904135,-0.000678143,0.008017212,0.993534873,0.113241870,464,159,0.342672414,0.052528547,0.030478805,0.021530494,0.063780291,42.198867546,1.000000000,0.070107924,0.138824441,0.325551044,0.010730652,41.703670942,20,35,8,27,0.075431034,13,71,0,28,0,338,91,24204,106675,38002,27,2270436
2092,1706585456.782619238,1706585456.882446766,1,1,1,1,-8.767992046,5.067170224,-0.548357540,-0.000512755,0.007631554,0.993523935,0.113365280,489,159,0.325153374,0.051502071,0.033734470,0.022476823,0.052300641,49.712392864,1.000000000,0.069527246,0.136622567,0.312766105,0.010251213,42.390493100,20,42,10,32,0.085889571,9,69,0,34,0,357,90,24240,106717,38080,27,2270793
2093,1706585456.882458448,1706585456.982280254,1,1,1,1,-8.761185286,5.067096003,-0.550323781,-0.000642272,0.007674332,0.993548519,0.113146069,469,153,0.326226013,0.049582724,0.032872924,0.021932389,0.055326276,47.366213913,1.000000000,0.070069564,0.137091826,0.302705036,0.010194591,42.517849733,20,30,13,17,0.063965885,8,84,0,22,0,342,97,24263,106747,38172,27,2271135
2094,1706585456.983090878,1706585457.082915783,1,1,1,1,-8.753297889,5.064494374,-0.551718490,-0.000419280,0.007726429,0.993544808,0.113176154,443,158,0.356659142,0.044044138,0.031128673,0.019497149,0.078341180,44.854866606,1.000000000,0.069831143,0.137554480,0.283949720,0.009646721,43.243800802,20,11,9,2,0.024830700,6,74,0,3,0,352,80,24266,106758,38252,27,2271487
2095,1706585457.082927704,1706585457.182236910,1,1,1,1,-8.747131933,5.063135382,-0.551524577,-0.000640060,0.007887245,0.993525558,0.113332908,453,158,0.348785872,0.048485054,0.027288785,0.018633745,0.077425810,41.456344397,1.000000000,0.070419457,0.125788543,0.258324113,0.009528235,43.068725723,20,13,13,0,0.028697572,10,84,0,1,0,346,94,24267,106771,38346,27,2271833
2096,1706585457.182760239,1706585457.282598019,1,1,1,1,-8.735018417,5.059048300,-0.553688398,-0.000696252,0.007883106,0.993536676,0.113235351,440,152,0.345454545,0.047870788,0.031975834,0.020051059,0.048472036,48.273424015,1.000000000,0.069405456,0.125733641,0.253225723,0.008640286,43.572372675,20,9,9,0,0.020454545,5,75,0,0,0,351,80,24267,106780,38426,27,2272184
2097,1706585457.282609463,1706585457.379717588,1,1,1,1,-8.718363404,5.053895076,-0.557408310,-0.000504907,0.007667743,0.993564632,0.113005630,428,135,0.315420561,0.043596471,0.028452369,0.017717977,0.041623580,52.709526221,1.000000000,0.067912060,0.126891848,0.259411291,0.008255489,44.347816740,20,15,15,0,0.035046729,5,80,0,0,0,328,85,24267,106795,38511,27,2272512
2098,1706585457.382451773,1706585457.478699684,1,1,1,1,-8.709839953,5.055594053,-0.556663076,-0.000471940,0.007668457,0.993554560,0.113094244,427,146,0.341920375,0.050358781,0.031584278,0.020007346,0.054538796,45.235702945,1.000000000,0.067854611,0.125348175,0.254483624,0.007911609,44.024319704,20,2,2,0,0.004683841,7,81,0,0,0,336,89,24267,106797,38599,27,2272848
2099,1706585457.483090401,1706585457.582921505,1,1,1,1,-8.692423820,5.051156024,-0.558797896,-0.000237309,0.007617184,0.993556133,0.113084630,427,149,0.348946136,0.045206172,0.023983316,0.017305330,0.055555114,46.442095436,1.000000000,0.066491741,0.129255391,0.245675425,0.006691586,43.994330255,20,6,5,1,0.014051522,3,68,0,1,0,350,71,24268,106803,38670,27,2273198
2100,1706585457.582934141,1706585457.682056427,1,1,1,1,-8.666299411,5.046881032,-0.561968805,0.000050555,0.007611592,0.993578829,0.112885657,421,138,0.327790974,0.054009286,0.035887465,0.021109590,0.056876117,41.867405330,1.000000000,0.065347973,0.117182431,0.255541636,0.006116057,44.163849379,20,12,11,1,0.028503563,6,68,0,3,0,333,76,24272,106815,38744,27,2273531
2101,1706585457.682780027,1706585457.782181263,1,1,1,1,-8.638229118,5.039313136,-0.564553877,0.000437144,0.007702084,0.993571410,0.112943972,441,140,0.317460317,0.057052492,0.035742815,0.024256104,0.044069993,49.928988879,1.000000000,0.062616755,0.119041345,0.259382731,0.006034184,45.123002829,20,19,9,10,0.043083900,11,53,0,13,0,348,74,24285,106834,38808,27,2273879
2102,1706585457.782603741,1706585457.881522179,1,1,1,1,-8.613180588,5.030585044,-0.566693652,0.000494315,0.007595386,0.993555897,0.113087339,435,138,0.317241379,0.045872974,0.032409972,0.020914730,0.059309338,42.521456453,1.000000000,0.061502080,0.122084949,0.263238722,0.005514118,45.603278971,20,14,7,7,0.032183908,5,77,0,9,0,332,89,24294,106848,38890,27,2274211
2103,1706585457.882435083,1706585457.982145071,1,1,1,1,-8.584985411,5.024784118,-0.568191240,0.000541986,0.007774938,0.993571993,0.112933389,438,147,0.335616438,0.051192899,0.031841165,0.021241170,0.045552111,46.959636599,1.000000000,0.058717737,0.112895755,0.260302633,0.005151406,46.306260402,20,12,6,6,0.027397260,6,68,0,6,0,349,77,24300,106860,38964,27,2274560
2104,1706585457.983093262,1706585458.082916260,1,1,1,1,-8.550455117,5.011651406,-0.571431779,0.000913165,0.007807145,0.993552563,0.113099597,437,142,0.324942792,0.044267899,0.031120102,0.021491120,0.040638622,52.267444480,1.000000000,0.055110894,0.089887252,0.284971603,0.004699696,46.991813255,20,9,9,0,0.020594966,1,73,0,1,0,351,77,24302,106869,39038,27,2274911
2105,1706585458.082940817,1706585458.182768822,1,1,1,1,-8.522625398,5.002633336,-0.572447691,0.000919737,0.007928075,0.993559996,0.113025816,443,147,0.331828442,0.042193690,0.028250127,0.020188770,0.032655891,57.539574647,1.000000000,0.053942142,0.095834071,0.298603164,0.004276956,47.561127711,20,10,10,0,0.022573363,4,70,0,0,0,359,74,24303,106879,39112,27,2275270
2106,1706585458.182780266,1706585458.282605171,1,1,1,1,-8.482096989,4.989997213,-0.575377855,0.001065419,0.007727936,0.993591789,0.112758599,435,155,0.356321839,0.049872674,0.032643110,0.023599316,0.046488927,50.187464322,1.000000000,0.054290356,0.093801657,0.334273507,0.004423985,47.410534288,20,5,5,0,0.011494253,3,69,0,0,0,358,72,24303,106884,39184,27,2275628
2107,1706585458.282617092,1706585458.382469654,1,1,1,1,-8.455414564,4.980873584,-0.575636984,0.001164187,0.007800100,0.993571886,0.112927896,439,139,0.316628702,0.040879564,0.029143450,0.017510681,0.035863233,54.753973763,1.000000000,0.054083576,0.099042525,0.348260847,0.004746424,47.437173768,20,8,8,0,0.018223235,3,81,0,1,0,347,84,24306,106892,39268,27,2275975
2108,1706585458.382480860,1706585458.482059479,1,1,1,1,-8.415780894,4.970589819,-0.578194370,0.001013099,0.007764000,0.993576930,0.112887458,452,140,0.309734513,0.040065612,0.025309316,0.016593901,0.035837049,57.165398450,1.000000000,0.052418381,0.094405523,0.379652797,0.004538156,48.088824081,20,1,1,0,0.002212389,3,78,0,0,0,370,81,24306,106893,39349,27,2276345
2109,1706585458.482720375,1706585458.580762625,1,1,1,1,-8.371204677,4.954945404,-0.580656363,0.001309553,0.007576407,0.993576915,0.112897282,424,136,0.320754717,0.042738716,0.027878564,0.020543099,0.056182978,44.378228127,1.000000000,0.051904542,0.096989136,0.423061754,0.004553280,48.099658548,20,4,4,0,0.009433962,3,66,0,0,0,351,69,24307,106897,39418,27,2276696
2110,1706585458.582573414,1706585458.679820776,1,1,1,1,-8.330722899,4.943012708,-0.582228197,0.001259024,0.007410673,0.993586299,0.112826250,439,157,0.357630979,0.043582865,0.030179573,0.019968756,0.057747272,44.784190665,1.000000000,0.051929263,0.096685351,0.460942286,0.004658382,48.030159783,20,10,10,0,0.022779043,2,68,0,0,0,358,71,24307,106907,39488,27,2277054
2111,1706585458.682418346,1706585458.778595686,1,1,1,1,-8.286697120,4.927869829,-0.584050674,0.001346405,0.007659389,0.993591730,0.112760783,419,130,0.310262530,0.046813316,0.028772248,0.021905851,0.042794322,52.211258376,1.000000000,0.050879964,0.093789412,0.504992595,0.004536591,48.530779324,20,2,2,0,0.004773270,5,68,0,0,0,344,73,24306,106909,39561,27,2277398
2112,1706585458.783051968,1706585458.882875204,1,1,1,1,-8.249107131,4.913789897,-0.583625166,0.001233394,0.007608495,0.993577685,0.112889210,428,130,0.303738318,0.051041513,0.034920409,0.025248653,0.060636258,41.218755294,1.000000000,0.051296745,0.093352521,0.538049802,0.004350015,48.106097446,20,3,2,1,0.007009346,7,75,0,1,0,342,83,24308,106912,39643,27,2277740
2113,1706585458.882886887,1706585458.981741905,1,1,1,1,-8.202580188,4.902746755,-0.583386605,0.001279617,0.007838326,0.993573374,0.112910911,436,133,0.305045872,0.047238882,0.030676989,0.021178763,0.043541703,52.164235898,1.000000000,0.050707516,0.092706292,0.577448245,0.004330919,48.345998545,20,18,10,8,0.041284404,5,62,0,7,0,344,74,24317,106930,39710,27,2278084
2114,1706585458.982727528,1706585459.082555771,1,1,1,1,-8.159787824,4.886990314,-0.582034947,0.001193682,0.007669750,0.993580102,0.112864217,445,140,0.314606742,0.052410258,0.035395379,0.024088581,0.061893767,43.827762166,1.000000000,0.049885146,0.094299540,0.616752359,0.004114589,48.294643323,20,15,8,7,0.033707865,4,67,0,10,0,353,77,24327,106945,39781,27,2278437
2115,1706585459.082568884,1706585459.181277990,1,1,1,1,-8.119150142,4.871032242,-0.578806437,0.001074407,0.007924939,0.993556031,0.113059520,431,139,0.322505800,0.047081750,0.031226298,0.022109991,0.044461262,52.318285834,1.000000000,0.048236918,0.094245596,0.647564011,0.004308721,48.837740395,20,14,11,3,0.032482599,5,66,0,5,0,345,72,24332,106959,39852,27,2278782
2116,1706585459.182427168,1706585459.281835318,1,1,1,1,-8.072669628,4.855511930,-0.578120864,0.000763709,0.007977642,0.993589085,0.112767479,427,138,0.323185012,0.057569598,0.033211641,0.019957140,0.045715743,51.170169657,1.000000000,0.048099104,0.104740399,0.678745587,0.004442597,48.982577677,20,10,7,3,0.023419204,6,74,0,3,0,335,82,24336,106969,39932,27,2279117
2117,1706585459.283058167,1706585459.382889748,1,1,1,1,-8.026070774,4.838561664,-0.577631540,0.000663117,0.008410701,0.993576609,0.112846545,425,129,0.303529412,0.054120002,0.032299568,0.022102491,0.036899828,59.125616714,1.000000000,0.047862916,0.105639517,0.719610912,0.004421054,49.303382202,20,7,7,0,0.016470588,4,77,0,0,0,337,81,24336,106976,40013,27,2279454
2118,1706585459.382901907,1706585459.482720613,1,1,1,1,-7.973916897,4.822271771,-0.576111829,0.000922173,0.008754764,0.993583613,0.112756852,428,145,0.338785047,0.052719553,0.035696156,0.021390519,0.050535140,46.728404035,1.000000000,0.047662733,0.106955081,0.756171701,0.004581445,49.378017256,20,6,6,0,0.014018692,3,87,0,0,0,332,90,24336,106982,40103,27,2279786
2119,1706585459.482732534,1706585459.582559824,1,1,1,1,-7.920799936,4.808385533,-0.574949229,0.000977579,0.008726546,0.993578400,0.112804499,415,128,0.308433735,0.054214275,0.035972996,0.024860999,0.052783927,50.619615723,1.000000000,0.047524174,0.108071885,0.784424984,0.004282091,49.586893271,20,4,3,1,0.009638554,7,79,0,1,0,324,87,24337,106986,40189,27,2280110
2120,1706585459.582571268,1706585459.682400942,1,1,1,1,-7.858102544,4.795891867,-0.577047258,0.001096683,0.008866383,0.993587658,0.112710913,423,124,0.293144208,0.050330380,0.036606377,0.023923844,0.031942844,61.996073466,1.000000000,0.046277510,0.105923898,0.819202201,0.004345220,50.593326677,20,3,3,0,0.007092199,2,89,0,0,0,329,91,24337,106989,40280,27,2280439
2121,1706585459.682412863,1706585459.781774998,1,1,1,1,-7.808210023,4.779272790,-0.572466129,0.001145111,0.008685160,0.993572986,0.112853789,428,123,0.287383178,0.057514665,0.043042893,0.028928264,0.044483152,52.091215404,1.000000000,0.046298168,0.106675740,0.845377197,0.004344087,50.701438004,20,6,6,0,0.014018692,4,68,0,1,0,350,72,24338,106995,40352,27,2280789
2122,1706585459.783060312,1706585459.880758047,1,1,1,1,-7.736823903,4.765593467,-0.574301650,0.001365104,0.008812776,0.993592135,0.112672717,411,124,0.301703163,0.057794110,0.038666386,0.028173029,0.055092877,47.085670000,1.000000000,0.046087345,0.112067646,0.889260651,0.004395270,50.929648681,20,6,6,0,0.014598540,7,63,0,0,0,335,70,24339,107001,40422,27,2281124
2123,1706585459.882903337,1706585459.979556561,1,1,1,1,-7.716789658,4.750028330,-0.564363871,0.000613847,0.008778966,0.993549702,0.113055483,404,116,0.287128713,0.057987204,0.044792491,0.028379976,0.124183593,38.825732649,1.000000000,0.050018919,0.117637700,0.879422563,0.004811958,50.522953483,20,5,5,0,0.012376238,4,71,0,0,0,324,75,24339,107006,40497,27,2281448
2124,1706585459.982737780,1706585460.079293489,1,1,1,1,-7.669351922,4.735996225,-0.560113889,0.000575790,0.008607716,0.993553439,0.113036006,407,124,0.304668305,0.060262875,0.043575677,0.032800823,0.075313633,43.666618910,1.000000000,0.051752670,0.121994428,0.899802346,0.004703290,50.092912205,20,4,4,0,0.009828010,6,64,0,0,0,333,70,24339,107010,40567,27,2281781
2125,1706585460.082575798,1706585460.182402134,1,1,1,1,-7.607382247,4.715062357,-0.558182864,0.000752846,0.008669294,0.993538127,0.113164776,412,125,0.303398058,0.048781683,0.032769640,0.019713649,0.057522591,45.150087724,1.000000000,0.052996005,0.115784762,0.922687232,0.004429931,49.473437859,20,5,5,0,0.012135922,5,76,0,1,0,324,83,24340,107015,40648,27,2282105
2126,1706585460.182414055,1706585460.282168388,1,1,1,1,-7.547002515,4.700536156,-0.556263720,0.000748126,0.008770053,0.993542727,0.113116652,428,133,0.310747664,0.051506255,0.033721276,0.024455100,0.081311177,40.353106074,1.000000000,0.054737117,0.115597705,0.956619048,0.004184566,48.981719946,20,10,6,4,0.023364486,6,71,0,8,0,336,82,24348,107025,40725,27,2282441
2127,1706585460.283054113,1706585460.382321358,1,1,1,1,-7.478924294,4.681884662,-0.556686287,0.000389375,0.008854288,0.993509804,0.113400707,429,125,0.291375291,0.057760615,0.042447556,0.029629935,0.094998001,43.157750232,1.000000000,0.057693856,0.108465812,0.986181404,0.004666151,48.401908770,20,13,7,6,0.030303030,3,69,0,7,0,336,80,24357,107038,40797,27,2282777
2128,1706585460.382894993,1706585460.482719660,1,1,1,1,-7.417919662,4.659777679,-0.553645499,0.000089075,0.008584364,0.993470106,0.113769279,443,140,0.316027088,0.059547602,0.035094064,0.024801309,0.055849516,49.078313977,1.000000000,0.058694479,0.098693387,1.003833416,0.005378984,47.997554546,20,12,8,4,0.027088036,9,80,0,4,0,339,92,24362,107050,40886,27,2283116
2129,1706585460.482744455,1706585460.582316875,1,1,1,1,-7.358681731,4.642618659,-0.550322286,-0.000148751,0.008826754,0.993439358,0.114018891,437,133,0.304347826,0.057919680,0.037533912,0.024709120,0.081726486,40.349281256,1.000000000,0.059971655,0.089863907,1.023362835,0.005733052,47.796107203,20,7,6,1,0.016018307,8,70,0,2,0,352,78,24365,107057,40964,27,2283468
2130,1706585460.582579374,1706585460.682410002,1,1,1,1,-7.286964097,4.621886868,-0.549916304,0.000080805,0.008772659,0.993428495,0.114117742,434,120,0.276497696,0.053299239,0.036213512,0.024577700,0.093472709,38.770332066,1.000000000,0.061757926,0.078829510,1.051425092,0.005805892,47.495414273,20,9,5,4,0.020737327,9,74,0,5,0,338,87,24371,107066,41047,27,2283806
2131,1706585460.682421684,1706585460.782271862,1,1,1,1,-7.234145013,4.601559480,-0.543138881,0.000133226,0.008981850,0.993391063,0.114426850,435,135,0.310344828,0.059064647,0.043964647,0.029511539,0.073016218,44.605854007,1.000000000,0.063269021,0.074790675,1.068282365,0.006172024,47.115144054,20,7,6,1,0.016091954,9,69,0,1,0,349,79,24373,107073,41125,27,2284155
2132,1706585460.783083916,1706585460.882920742,1,1,1,1,-7.185720073,4.583248498,-0.535087234,-0.000019673,0.009007178,0.993385737,0.114471168,428,150,0.350467290,0.055130602,0.040259397,0.028361596,0.079226921,42.448751272,1.000000000,0.064198554,0.073188483,1.072855903,0.006213925,47.176643853,20,7,7,0,0.016355140,8,73,0,0,0,340,81,24374,107080,41206,27,2284495
2133,1706585460.882931709,1706585460.982757330,1,1,1,1,-7.128998253,4.562258025,-0.528942475,-0.000043425,0.009130363,0.993384338,0.114473544,449,146,0.325167038,0.058174096,0.040223941,0.026192095,0.087551419,38.434836224,1.000000000,0.066399040,0.066839574,1.088027326,0.006122556,46.490173870,20,12,12,0,0.026726058,6,65,0,0,0,366,71,24376,107092,41277,27,2284861
2134,1706585460.982769251,1706585461.082269907,1,1,1,1,-7.051133660,4.544349315,-0.529413737,0.000515448,0.008882939,0.993419704,0.114184588,443,137,0.309255079,0.051116449,0.031903430,0.021986660,0.076555317,39.988726567,1.000000000,0.067132118,0.067980889,1.124148353,0.006302650,46.298222090,20,5,5,0,0.011286682,8,67,0,0,0,363,75,24376,107097,41352,27,2285224
2135,1706585461.082606554,1706585461.180897236,1,1,1,1,-6.984710697,4.525791099,-0.525731317,0.000031767,0.009115331,0.993399793,0.114340546,427,131,0.306791569,0.048006968,0.030254781,0.018592743,0.077681278,36.602366854,1.000000000,0.068793118,0.066205676,1.144205335,0.006014867,45.512426141,20,6,6,0,0.014051522,2,72,0,0,0,347,74,24376,107103,41426,27,2285571
2136,1706585461.182457447,1706585461.280345440,1,1,1,1,-6.903568841,4.501862583,-0.528176117,0.000632390,0.009022878,0.993391271,0.114420146,446,122,0.273542601,0.050830975,0.035221947,0.022275244,0.080685787,43.450673313,1.000000000,0.070541621,0.067900805,1.179248848,0.006028684,45.126451323,20,8,8,0,0.017937220,5,78,0,0,0,355,83,24376,107111,41509,27,2285926
2137,1706585461.283101320,1706585461.378834963,1,1,1,1,-6.832507916,4.479409651,-0.524916087,0.000332866,0.009154155,0.993374940,0.114552692,457,142,0.310722101,0.053313340,0.034212570,0.022234717,0.073869243,40.564049746,1.000000000,0.072390091,0.068161713,1.199184039,0.006113794,44.198372975,20,4,4,0,0.008752735,5,72,0,0,0,376,77,24376,107115,41586,27,2286302
2138,1706585461.382941723,1706585461.482580423,1,1,1,1,-6.747239384,4.457470986,-0.525060027,0.000150975,0.009307597,0.993367836,0.114602307,472,133,0.281779661,0.055619551,0.039242637,0.026657295,0.071917680,40.957185200,1.000000000,0.073459218,0.067508408,1.232315360,0.006113247,43.909812033,20,6,3,3,0.012711864,5,76,0,3,0,384,82,24379,107121,41667,27,2286686
2139,1706585461.482767105,1706585461.582609892,1,1,1,1,-6.661589334,4.432451592,-0.524994850,-0.000200871,0.009595558,0.993342275,0.114799871,486,147,0.302469136,0.058415577,0.041969536,0.025456238,0.098029353,40.534979022,1.000000000,0.075721490,0.068575831,1.257580376,0.006317659,43.405580198,20,14,11,3,0.028806584,7,65,0,5,0,394,78,24386,107135,41739,27,2287080
2140,1706585461.582622051,1706585461.682073116,1,1,1,1,-6.579431181,4.400960688,-0.523525966,-0.000155921,0.009145619,0.993307969,0.115133021,488,144,0.295081967,0.061442061,0.049099860,0.030827097,0.094134366,38.360484852,1.000000000,0.078831066,0.069172034,1.292792443,0.006701905,42.223800768,20,9,7,2,0.018442623,3,84,0,3,0,388,91,24389,107144,41826,27,2287468
2141,1706585461.682459116,1706585461.780976534,1,1,1,1,-6.495074795,4.375099921,-0.524707147,-0.000417527,0.009379743,0.993256140,0.115559881,477,128,0.268343816,0.053969707,0.037573930,0.021532409,0.078020651,42.920513360,1.000000000,0.080507941,0.069263129,1.308323620,0.007195590,41.765265665,20,14,12,2,0.029350105,4,72,0,6,0,386,77,24398,107158,41902,27,2287854
2142,1706585461.783097267,1706585461.882068872,1,1,1,1,-6.407841982,4.346417194,-0.522598744,-0.000420075,0.008917905,0.993265855,0.115512925,475,142,0.298947368,0.054775357,0.038623507,0.026274408,0.089666839,38.836761704,1.000000000,0.082236639,0.068836992,1.372928084,0.006531797,41.352820251,20,14,6,8,0.029473684,6,73,0,9,0,377,84,24407,107172,41981,27,2288231
2143,1706585461.882954836,1706585461.982786179,1,1,1,1,-6.323804695,4.312365804,-0.520313294,0.000000251,0.009297510,0.993206579,0.115992449,478,132,0.276150628,0.066588600,0.045427940,0.033089435,0.092222103,42.075146813,1.000000000,0.080638564,0.080780857,1.413979020,0.007464016,41.515290959,20,24,10,14,0.050209205,12,73,0,16,0,363,91,24423,107196,42066,27,2288594
2144,1706585461.982798338,1706585462.081747055,1,1,1,1,-6.238560298,4.289759273,-0.518172806,-0.000192605,0.009419676,0.993246221,0.115642458,432,116,0.268518519,0.062871017,0.043762761,0.028023128,0.096831069,41.717295340,1.000000000,0.081714436,0.083503911,1.436757557,0.007910280,41.417824780,20,4,4,0,0.009259259,5,69,0,0,0,353,75,24424,107200,42140,27,2288947
2145,1706585462.082643986,1706585462.180309534,1,1,1,1,-6.150940431,4.260906522,-0.516028142,-0.000238383,0.009951813,0.993200842,0.115987037,436,119,0.272935780,0.072859077,0.048590478,0.035461023,0.129056646,40.447632008,1.000000000,0.085291139,0.099322587,1.466898477,0.008504831,41.182701994,20,5,5,0,0.011467890,7,66,0,0,0,357,74,24426,107205,42213,27,2289304
2146,1706585462.182480812,1706585462.282316446,1,1,1,1,-6.051316612,4.231149135,-0.517561225,-0.000258542,0.010020603,0.993221252,0.115806153,437,136,0.311212815,0.062270395,0.039842742,0.023625859,0.131154169,46.543457181,1.000000000,0.087783288,0.097583269,1.500294639,0.008304218,41.492219550,20,10,10,0,0.022883295,9,69,0,0,0,349,78,24429,107215,42291,27,2289653
2147,1706585462.282726765,1706585462.381926298,1,1,1,1,-5.963464422,4.204922290,-0.513570334,-0.000594876,0.010082516,0.993203128,0.115954882,419,115,0.274463007,0.064831271,0.034582100,0.026244030,0.124484938,40.790765394,1.000000000,0.089257635,0.100678385,1.527106994,0.007859841,41.373870308,20,4,4,0,0.009546539,8,56,0,0,0,351,64,24428,107219,42355,27,2290004
2148,1706585462.382562399,1706585462.481351137,1,1,1,1,-5.874567792,4.175910248,-0.509841776,-0.000494735,0.009754112,0.993222057,0.115821232,418,125,0.299043062,0.057784709,0.041135985,0.032309404,0.131992202,49.253698820,1.000000000,0.093064770,0.100646940,1.558929797,0.007627998,41.382639550,20,13,13,0,0.031100478,8,57,0,0,0,340,65,24428,107232,42420,27,2290344
2149,1706585462.482413769,1706585462.579847336,1,1,1,1,-5.794798560,4.149305146,-0.503354253,-0.000770485,0.009858744,0.993209852,0.115915494,435,139,0.319540230,0.052251736,0.031667833,0.022905310,0.101486672,39.622680383,1.000000000,0.094052779,0.103383673,1.568613548,0.007609257,41.346309506,20,6,6,0,0.013793103,5,62,0,0,0,362,67,24430,107238,42487,27,2290706
2150,1706585462.583066702,1706585462.682881117,1,1,1,1,-5.701697096,4.115741810,-0.501014743,-0.000857127,0.009968871,0.993172130,0.116228255,435,127,0.291954023,0.058146629,0.037758419,0.027471995,0.058186750,46.890680425,1.000000000,0.092288481,0.101514489,1.610607829,0.007614156,41.752326924,20,5,5,0,0.011494253,4,57,0,0,0,368,62,24430,107243,42548,27,2291074
2151,1706585462.682893276,1706585462.782267570,1,1,1,1,-5.609547450,4.081280113,-0.499734132,-0.000968957,0.009894559,0.993124360,0.116641174,433,134,0.309468822,0.057310422,0.039382005,0.025569171,0.083164320,43.040713456,1.000000000,0.092795886,0.101575974,1.656605252,0.008357341,41.674069897,20,8,6,2,0.018475751,4,60,0,2,0,360,65,24433,107251,42612,27,2291434
2152,1706585462.782728195,1706585462.882575035,1,1,1,1,-5.515761095,4.052021358,-0.498792930,-0.001065003,0.009602444,0.993126556,0.116646057,429,122,0.284382284,0.057864492,0.045139878,0.029551061,0.095508021,40.159551602,1.000000000,0.093609941,0.100789490,1.694061668,0.008362542,41.559609913,20,9,4,5,0.020979021,4,64,0,5,0,352,68,24438,107260,42680,27,2291786
2153,1706585462.882586956,1706585462.982429028,1,1,1,1,-5.423818918,4.016469331,-0.497549461,-0.001122384,0.009468288,0.993054287,0.117270091,430,111,0.258139535,0.055317949,0.038831195,0.029036367,0.054558928,50.985664021,1.000000000,0.091960317,0.101505217,1.712747001,0.009047325,42.187151303,20,8,8,0,0.018604651,3,59,0,1,0,358,64,24438,107268,42742,27,2292144
2154,1706585462.982439995,1706585463.082051277,1,1,1,1,-5.331603450,3.990030712,-0.494948254,-0.001227535,0.009464368,0.993090477,0.116962488,449,111,0.247216036,0.058221388,0.034028485,0.023766953,0.065067368,47.948477049,1.000000000,0.091385919,0.097398850,1.739647905,0.009363558,42.585138827,20,11,2,9,0.024498886,5,57,0,10,0,371,67,24448,107279,42804,27,2292515
2155,1706585463.083086967,1706585463.182922125,1,1,1,1,-5.233092425,3.955191307,-0.492884486,-0.001182774,0.009486671,0.993026546,0.117502697,456,103,0.225877193,0.058558970,0.037282842,0.026984167,0.070858585,51.301009436,1.000000000,0.091044784,0.088023375,1.759526644,0.010281006,43.320070956,20,34,12,22,0.074561404,7,52,0,26,0,357,65,24476,107313,42863,27,2292872
2156,1706585463.182934046,1706585463.282743216,1,1,1,1,-5.132870861,3.927693304,-0.488493481,-0.001413836,0.009779342,0.993026217,0.117478927,473,125,0.264270613,0.061658290,0.040527170,0.029948002,0.105188684,38.934141103,1.000000000,0.092269929,0.082320466,1.788949809,0.010073091,43.094244346,20,32,16,16,0.067653277,8,53,0,23,0,372,69,24501,107345,42924,27,2293244
2157,1706585463.282767296,1706585463.381304979,1,1,1,1,-5.028715374,3.899719122,-0.485708837,-0.001623379,0.010090691,0.993026725,0.117445586,442,118,0.266968326,0.053354076,0.040506350,0.026213529,0.128643847,31.164583890,1.000000000,0.095008660,0.082276184,1.808786781,0.010049356,42.624271053,20,4,4,0,0.009049774,4,67,0,0,0,366,72,24501,107349,42995,27,2293610
2158,1706585463.382600784,1706585463.479932070,1,1,1,1,-4.932356772,3.872144853,-0.481360390,-0.002006194,0.010488562,0.993035010,0.117334707,452,109,0.241150442,0.053373987,0.040199412,0.025067440,0.079277256,41.989636828,1.000000000,0.095376638,0.084227732,1.819877906,0.009891527,42.675893634,20,5,5,0,0.011061947,6,56,0,0,0,385,62,24501,107354,43057,27,2293995
2159,1706585463.482452631,1706585463.582279921,1,1,1,1,-4.825027468,3.837513374,-0.477784851,-0.002296845,0.010551215,0.992994273,0.117668047,456,108,0.236842105,0.060574934,0.040913225,0.024586039,0.048494935,50.188893741,1.000000000,0.092899917,0.084201532,1.844713910,0.009884272,43.158589370,20,4,4,0,0.008771930,3,71,0,0,0,378,74,24501,107358,43131,27,2294373
2160,1706585463.583089113,1706585463.682386637,1,1,1,1,-4.720025806,3.809155769,-0.473959921,-0.002450470,0.011084730,0.992983142,0.117709825,461,103,0.223427332,0.076353361,0.043993481,0.027694531,0.074032193,49.800383867,1.000000000,0.091894809,0.103843086,1.865305362,0.009107504,43.730584321,20,4,4,0,0.008676790,11,69,0,0,0,377,80,24501,107362,43211,27,2294750
2161,1706585463.682921410,1706585463.780885458,1,1,1,1,-4.612905874,3.777867015,-0.470563668,-0.002675581,0.011045253,0.992952113,0.117970101,467,101,0.216274090,0.061827682,0.038596025,0.024198751,0.108628891,39.074740836,1.000000000,0.093425221,0.100791741,1.885101471,0.009534298,43.538295695,20,4,4,0,0.008565310,6,79,0,0,0,378,85,24503,107366,43296,27,2295128
2162,1706585463.782757282,1706585463.879305124,1,1,1,1,-4.510201065,3.740693192,-0.466130141,-0.002558483,0.011041340,0.992907216,0.118350343,465,115,0.247311828,0.071926718,0.043288109,0.030934457,0.094878578,43.872429929,1.000000000,0.093685808,0.105161627,1.903714001,0.009330498,43.790079106,20,10,10,0,0.021505376,6,69,0,0,0,380,75,24506,107376,43371,27,2295508
2163,1706585463.882597208,1706585463.978471041,1,1,1,1,-4.411867602,3.709525451,-0.460436624,-0.002921103,0.010964061,0.992903443,0.118380779,490,116,0.236734694,0.060565653,0.045704117,0.030822479,0.095004458,48.158057516,1.000000000,0.093824925,0.103719027,1.918808705,0.008676875,44.094224641,20,7,7,0,0.014285714,6,82,0,0,0,395,88,24506,107383,43459,27,2295903
2164,1706585463.982426405,1706585464.081929445,1,1,1,1,-4.301032356,3.677188495,-0.456339673,-0.003023532,0.010854779,0.992915332,0.118288529,481,120,0.249480249,0.069175215,0.046406183,0.029479785,0.095490310,49.649052702,1.000000000,0.093757887,0.107159910,1.942064473,0.008172177,44.490812509,20,6,4,2,0.012474012,7,59,0,2,0,406,69,24509,107389,43525,27,2296309
2165,1706585464.083064556,1706585464.182881117,1,1,1,1,-4.183560947,3.649784812,-0.451387668,-0.003215161,0.010803240,0.992979793,0.117745842,491,125,0.254582485,0.067156261,0.047092688,0.029211561,0.071072168,45.786775259,1.000000000,0.090858664,0.101082568,1.958807093,0.008903552,44.757769672,20,6,6,0,0.012219959,7,73,0,0,0,403,82,24510,107395,43605,27,2296712
2166,1706585464.182893515,1706585464.282732964,1,1,1,1,-4.077281387,3.619365744,-0.442587127,-0.003324246,0.010861999,0.993005012,0.117524522,505,133,0.263366337,0.061553763,0.035856493,0.025665804,0.129235857,38.255153055,1.000000000,0.090762748,0.101046092,1.977933689,0.009059053,44.343354466,20,11,5,6,0.021782178,9,64,0,6,0,417,77,24517,107406,43678,27,2297129
2167,1706585464.282744408,1706585464.382587671,1,1,1,1,-3.949798537,3.585462645,-0.441540665,-0.003332258,0.010566847,0.993065615,0.117038125,529,115,0.217391304,0.064512955,0.043288801,0.031883495,0.081560578,51.971587836,1.000000000,0.088616530,0.100911344,2.016266499,0.009769979,44.902395588,20,30,10,20,0.056710775,6,69,0,26,0,414,85,24542,107436,43753,27,2297543
2168,1706585464.382599354,1706585464.482426882,1,1,1,1,-3.819810462,3.553266194,-0.441414390,-0.003093689,0.010544546,0.993086653,0.116868048,535,108,0.201869159,0.060221360,0.042706849,0.024628409,0.104600343,47.891796804,1.000000000,0.087246937,0.100079512,2.065843720,0.009923628,44.834300487,20,32,11,21,0.059813084,7,59,0,29,0,424,79,24571,107468,43819,27,2297967
2169,1706585464.482438326,1706585464.582270384,1,1,1,1,-3.683933883,3.520714582,-0.444385331,-0.002376262,0.010083732,0.993140236,0.116469497,496,113,0.227822581,0.064968099,0.047269870,0.027166856,0.134121114,55.311141165,1.000000000,0.088878659,0.094366317,2.106602431,0.010081919,45.618723526,20,18,6,12,0.036290323,7,53,0,15,0,415,63,24585,107486,43879,27,2298382
2170,1706585464.583081245,1706585464.680975676,1,1,1,1,-3.565873581,3.490732760,-0.438700522,-0.002858301,0.010132604,0.993157439,0.116307621,485,112,0.230927835,0.056620667,0.043592506,0.022835512,0.147540456,39.823428036,1.000000000,0.093346344,0.095376357,2.130151747,0.009587170,45.265360907,20,4,4,0,0.008247423,3,64,0,0,0,414,67,24586,107490,43946,27,2298796
2171,1706585464.682923794,1706585464.782743931,1,1,1,1,-3.434117231,3.455708497,-0.438355201,-0.002931646,0.010115803,0.993215287,0.115812218,508,124,0.244094488,0.065059976,0.048773446,0.026956565,0.110476700,51.117334463,1.000000000,0.094711963,0.094176521,2.168235387,0.010576554,45.669191957,20,3,2,1,0.005905512,6,61,0,1,0,438,67,24588,107493,44013,27,2299234
2172,1706585464.782755375,1706585464.882580996,1,1,1,1,-3.302506019,3.420400577,-0.435906629,-0.003131168,0.010176572,0.993245529,0.115541993,501,115,0.229540918,0.055820547,0.043286022,0.024806906,0.080663599,47.905368098,1.000000000,0.093969742,0.095751972,2.205938159,0.009868460,46.056482782,20,5,5,0,0.009980040,5,57,0,0,0,434,62,24588,107498,44075,27,2299668
2173,1706585464.882593393,1706585464.981911421,1,1,1,1,-3.173974695,3.387990672,-0.432208981,-0.003711387,0.010426196,0.993243813,0.115517309,508,123,0.242125984,0.057408142,0.042777492,0.027099332,0.122459057,42.162045952,1.000000000,0.097364749,0.094001535,2.242578324,0.009309387,45.615301878,20,6,5,1,0.011811024,2,52,0,0,0,448,54,24590,107504,44129,27,2300116
2174,1706585464.982435942,1706585465.080340385,1,1,1,1,-3.052678154,3.350207802,-0.428756789,-0.003603845,0.010362567,0.993222026,0.115713593,487,117,0.240246407,0.054947130,0.050257363,0.029312802,0.134707185,48.584915184,1.000000000,0.100846740,0.096623287,2.265159478,0.008618537,45.647123785,20,6,6,0,0.012320329,3,59,0,0,0,419,62,24590,107510,44191,27,2300535
2175,1706585465.083083868,1706585465.179516077,1,1,1,1,-2.934483368,3.314354155,-0.421501017,-0.004463686,0.010548749,0.993200490,0.115851567,506,107,0.211462451,0.065167737,0.046247555,0.021360280,0.098526561,38.821800453,1.000000000,0.102230139,0.096034579,2.284867351,0.008825976,45.023163336,20,6,6,0,0.011857708,6,48,0,0,0,446,54,24590,107516,44245,27,2300981
2176,1706585465.182923079,1706585465.282766342,1,1,1,1,-2.805537729,3.274575571,-0.414924503,-0.004689699,0.010723411,0.993186733,0.115944506,490,129,0.263265306,0.061162048,0.049552644,0.021552859,0.104109872,41.799578483,1.000000000,0.102176198,0.096119157,2.312086713,0.008934575,45.166435205,20,7,7,0,0.014285714,6,41,0,0,0,436,47,24590,107523,44292,27,2301417
2177,1706585465.282778740,1706585465.381563902,1,1,1,1,-2.682027720,3.237897429,-0.404807439,-0.006051150,0.011165742,0.993165725,0.116019623,508,111,0.218503937,0.062680194,0.047533280,0.025776438,0.115738091,36.513942767,1.000000000,0.101530910,0.089866391,2.341003703,0.008823366,45.433903149,20,3,2,1,0.005905512,3,45,0,2,0,457,48,24592,107526,44340,27,2301874
2178,1706585465.382623911,1706585465.482449293,1,1,1,1,-2.556596374,3.200480181,-0.397978430,-0.006372093,0.011377022,0.993131476,0.116274807,472,108,0.228813559,0.051811764,0.039535617,0.022924985,0.124231383,38.466075939,1.000000000,0.103778616,0.092159041,2.359240239,0.008663087,45.257725104,20,7,4,3,0.014830508,5,51,0,3,0,405,60,24595,107533,44396,27,2302279
2179,1706585465.482460976,1706585465.582298040,1,1,1,1,-2.429190948,3.157194657,-0.393627442,-0.006020315,0.011024163,0.993110099,0.116509892,513,94,0.183235867,0.052088376,0.040016328,0.022795113,0.111881854,43.122992519,1.000000000,0.106947962,0.099585572,2.385037530,0.009070427,44.904430043,20,25,10,15,0.048732943,3,55,0,19,0,425,63,24614,107558,44454,27,2302704
2180,1706585465.582709074,1706585465.682519674,1,1,1,1,-2.302740470,3.121523266,-0.382707856,-0.007038023,0.011573342,0.993124617,0.116275619,519,111,0.213872832,0.060708747,0.047337823,0.024385995,0.121190578,33.145496466,1.000000000,0.109305882,0.085490913,2.405228440,0.009048295,44.071685673,20,28,17,11,0.053949904,6,54,0,23,0,417,74,24637,107586,44514,27,2303121
2181,1706585465.682557344,1706585465.782384872,1,1,1,1,-2.181972928,3.087994626,-0.371486562,-0.007435806,0.011804271,0.993113559,0.116322080,503,127,0.252485089,0.055738863,0.044886760,0.019603915,0.156960289,32.909908391,1.000000000,0.111722452,0.088114594,2.421749920,0.008362791,43.763444051,20,36,14,22,0.071570577,4,38,0,30,0,418,49,24666,107622,44556,27,2303539
2182,1706585465.782396078,1706585465.881993771,1,1,1,1,-2.059639813,3.052140445,-0.360224457,-0.008097563,0.012007641,0.993103427,0.116343583,488,125,0.256147541,0.062799171,0.041191180,0.026738311,0.116346774,30.356745010,1.000000000,0.112795861,0.078928903,2.446413764,0.008335852,43.087659805,20,14,5,9,0.028688525,8,47,0,9,0,414,60,24675,107636,44611,27,2303953
2183,1706585465.883043289,1706585465.980628490,1,1,1,1,-1.950635535,3.017692471,-0.347193809,-0.009070838,0.012090585,0.993064253,0.116597283,499,123,0.246492986,0.059385059,0.047907535,0.028090537,0.146671589,33.152040143,1.000000000,0.115379218,0.079108854,2.445943130,0.008641307,42.337358936,20,14,7,7,0.028056112,5,46,0,9,0,430,55,24683,107650,44662,27,2304383
2184,1706585465.982877016,1706585466.082692623,1,1,1,1,-1.826006402,2.985481598,-0.341881093,-0.008971908,0.011972664,0.993061411,0.116641308,501,118,0.235528942,0.049044436,0.033711177,0.022097336,0.039938370,58.610765191,1.000000000,0.112601621,0.083356768,2.454050047,0.007637902,42.785444561,20,12,6,6,0.023952096,2,50,0,8,0,430,59,24691,107662,44714,27,2304813
2185,1706585466.082703590,1706585466.182298660,1,1,1,1,-1.705038687,2.951882619,-0.334564960,-0.008995755,0.012078768,0.993071045,0.116546467,490,120,0.244897959,0.057920012,0.045256331,0.024512892,0.137004403,39.308705182,1.000000000,0.115898233,0.078577628,2.468913294,0.007383173,42.461541057,20,12,11,1,0.024489796,5,39,0,1,0,433,45,24692,107674,44758,27,2305246
2186,1706585466.182534933,1706585466.281366825,1,1,1,1,-1.585486999,2.912412031,-0.327771260,-0.008959065,0.011808492,0.993046221,0.116788259,484,119,0.245867769,0.052676052,0.042103737,0.024696494,0.129674200,39.351155709,1.000000000,0.115920150,0.081819307,2.463077235,0.006899169,42.516341190,20,2,2,0,0.004132231,5,38,0,0,0,439,43,24692,107676,44801,27,2305685
2187,1706585466.282764435,1706585466.380548954,1,1,1,1,-1.470844745,2.871145919,-0.319318893,-0.009212029,0.011555227,0.993012262,0.117082288,507,122,0.240631164,0.047447850,0.036344405,0.022039407,0.105411713,43.442460345,1.000000000,0.117112707,0.089366248,2.451297026,0.007154425,42.089884815,20,1,1,0,0.001972387,5,52,0,0,0,448,58,24692,107677,44858,27,2306133
2188,1706585466.382606745,1706585466.479036808,1,1,1,1,-1.351904406,2.834007832,-0.310885892,-0.009160985,0.011239694,0.992987027,0.117330773,484,123,0.254132231,0.046583782,0.037341439,0.022989982,0.088395908,36.707164653,1.000000000,0.116302485,0.099158243,2.436432686,0.006876173,41.530653207,20,6,6,0,0.012396694,2,34,0,0,0,442,36,24692,107683,44894,27,2306575
2189,1706585466.482439518,1706585466.582262754,1,1,1,1,-1.230745160,2.797023000,-0.299046797,-0.009663747,0.011602501,0.992978530,0.117327038,508,130,0.255905512,0.055258981,0.036154344,0.020335908,0.074975868,31.247640700,1.000000000,0.113345223,0.094775421,2.441722802,0.006564219,40.327478184,20,4,3,1,0.007874016,5,53,0,1,0,446,58,24693,107687,44952,27,2307021
2190,1706585466.583072901,1706585466.682903290,1,1,1,1,-1.111112882,2.756690113,-0.290297856,-0.009567853,0.011393232,0.992974641,0.117388297,492,114,0.231707317,0.053251563,0.041013518,0.023367204,0.103729487,38.306203580,1.000000000,0.111154674,0.095890158,2.431941338,0.005694880,40.251616961,20,2,1,1,0.004065041,4,45,0,1,0,440,50,24695,107689,45001,27,2307461
2191,1706585466.682915211,1706585466.782749414,1,1,1,1,-0.990773120,2.718974484,-0.279169246,-0.010682192,0.011904593,0.992929166,0.117625857,499,118,0.236472946,0.059782517,0.038961111,0.023378778,0.112609977,35.121442297,1.000000000,0.111261338,0.090777401,2.422255935,0.005596504,39.451822353,20,1,1,0,0.002004008,10,42,0,0,0,444,54,24695,107690,45053,27,2307905
2192,1706585466.782760859,1706585466.882598639,1,1,1,1,-0.867259017,2.680737315,-0.268745266,-0.011265292,0.012359892,0.992900218,0.117768769,508,130,0.255905512,0.055245995,0.035324985,0.019653618,0.089180022,33.713580374,1.000000000,0.111687159,0.090877914,2.419366741,0.005801921,38.742232967,20,18,8,10,0.035433071,11,36,0,16,0,433,57,24711,107708,45100,27,2308338
2193,1706585466.882610798,1706585466.982341766,1,1,1,1,-0.744660988,2.643188669,-0.257794723,-0.011809437,0.012490674,0.992895686,0.117739873,538,122,0.226765799,0.059770626,0.041691592,0.027533065,0.082850878,30.583199246,1.000000000,0.109706750,0.091702740,2.420961008,0.005474453,38.163290632,20,31,13,18,0.057620818,9,38,0,30,0,449,58,24741,107739,45147,27,2308787
2194,1706585466.982453823,1706585467.082284451,1,1,1,1,-0.628564275,2.599760594,-0.245731831,-0.012629986,0.012718266,0.992842727,0.118076456,501,142,0.283433134,0.050554179,0.033868788,0.021360362,0.096965984,33.219634850,1.000000000,0.107819690,0.094553733,2.421773930,0.005872559,37.395026615,20,12,4,8,0.023952096,4,45,0,11,0,433,56,24752,107751,45196,27,2309220
2195,1706585467.083093643,1706585467.181645393,1,1,1,1,-0.509599462,2.563838247,-0.235639656,-0.012929361,0.013132618,0.992811092,0.118264538,522,130,0.249042146,0.051526912,0.030551596,0.019576528,0.096409211,36.830634800,1.000000000,0.107713823,0.089114829,2.411351043,0.006053907,37.295468332,20,19,9,10,0.036398467,5,45,0,16,0,446,57,24768,107770,45246,27,2309666
2196,1706585467.182918549,1706585467.280324697,1,1,1,1,-0.388141375,2.534976383,-0.226352007,-0.012966353,0.013372004,0.992856951,0.117847942,537,137,0.255121043,0.052151692,0.033479197,0.021440485,0.093118214,35.632059843,1.000000000,0.107164240,0.087119124,2.407298621,0.006778951,36.987092400,20,27,13,14,0.050279330,8,35,0,22,0,455,55,24792,107797,45289,27,2310121
2197,1706585467.282757521,1706585467.382581711,1,1,1,1,-0.267111729,2.495770378,-0.219295269,-0.013267539,0.013133489,0.992851937,0.117883482,526,136,0.258555133,0.040482136,0.028001341,0.017886089,0.104410964,33.716648710,1.000000000,0.106597883,0.099863925,2.403644202,0.006347274,36.847227697,20,22,8,14,0.041825095,4,44,0,18,0,448,56,24812,107819,45337,27,2310569
