1706585245.882569 -0.106375 0.337154 0.396621 0.001807 -0.003758 -0.012027 0.999919
1706585245.982407 -0.089349 0.343826 0.394948 0.004053 -0.004543 -0.012264 0.999906
1706585246.082262 -0.138502 0.354423 0.386881 0.003443 -0.004591 -0.011780 0.999914
1706585246.182045 -0.222105 0.367360 0.376582 0.003635 -0.005157 -0.011511 0.999914
1706585246.282748 -0.240385 0.368863 0.378026 0.001273 -0.004616 -0.011630 0.999921
1706585246.382570 -0.324208 0.386730 0.385358 0.003211 -0.004485 -0.011402 0.999920
1706585246.482399 -0.326845 0.388753 0.384510 0.003936 -0.004879 -0.011394 0.999915
1706585246.581285 -0.363151 0.401577 0.385223 0.001669 -0.004569 -0.011378 0.999923
1706585246.680030 -0.389388 0.418990 0.391141 0.004984 -0.004563 -0.012127 0.999904
1706585246.782706 -0.438840 0.424685 0.379004 0.000987 -0.004979 -0.011283 0.999923
1706585246.882533 -0.470476 0.436532 0.384357 0.000567 -0.004254 -0.011649 0.999923
1706585246.982390 -0.420879 0.426955 0.384921 0.001804 -0.004741 -0.011719 0.999918
1706585247.082247 -0.426718 0.437891 0.391286 -0.000605 -0.004014 -0.012065 0.999919
1706585247.182889 -0.405201 0.426271 0.389479 0.000571 -0.004230 -0.011605 0.999924
1706585247.282734 -0.357326 0.413867 0.396231 0.001676 -0.004051 -0.011958 0.999919
1706585247.382576 -0.305435 0.395747 0.398982 0.002543 -0.003995 -0.011724 0.999920
1706585247.481843 -0.285346 0.386341 0.389222 0.002349 -0.004804 -0.011490 0.999920
1706585247.582247 -0.263813 0.374317 0.377570 0.002664 -0.005057 -0.011517 0.999917
1706585247.682900 -0.261996 0.374553 0.377545 0.004152 -0.004878 -0.011636 0.999912
1706585247.782312 -0.238146 0.374357 0.384709 0.004453 -0.004578 -0.011996 0.999908
1706585247.881081 -0.228768 0.374611 0.392415 0.003619 -0.004309 -0.011967 0.999913
1706585247.979889 -0.234167 0.375661 0.389393 0.001493 -0.004452 -0.011844 0.999919
1706585248.082259 -0.227390 0.375529 0.388566 0.001768 -0.004414 -0.011913 0.999918
1706585248.182895 -0.196660 0.364164 0.394337 0.002748 -0.004164 -0.011644 0.999920
1706585248.282732 -0.200559 0.361646 0.392351 0.001928 -0.004275 -0.011778 0.999920
1706585248.382569 -0.210459 0.368723 0.394715 0.001398 -0.004074 -0.012008 0.999919
1706585248.482403 -0.211521 0.363783 0.391739 0.000969 -0.003986 -0.011664 0.999924
1706585248.582251 -0.207961 0.362442 0.393003 0.002811 -0.004321 -0.011731 0.999918
1706585248.682876 -0.188540 0.355128 0.391950 0.002082 -0.004151 -0.011587 0.999922
1706585248.781720 -0.181131 0.357225 0.394229 0.002555 -0.004253 -0.011814 0.999918
1706585248.882580 -0.170395 0.354006 0.392102 0.002555 -0.004364 -0.011712 0.999919
1706585248.982415 -0.204769 0.364318 0.392240 0.000798 -0.004097 -0.011731 0.999922
1706585249.082125 -0.196486 0.360902 0.389845 0.001908 -0.004277 -0.011817 0.999919
1706585249.180955 -0.202973 0.365716 0.392256 0.002046 -0.004079 -0.011884 0.999919
1706585249.279792 -0.212332 0.369616 0.393151 0.001561 -0.004018 -0.011777 0.999921
1706585249.382578 -0.204345 0.364526 0.395114 0.002201 -0.004133 -0.011737 0.999920
1706585249.482421 -0.213271 0.369543 0.392263 0.001161 -0.004073 -0.011914 0.999920
1706585249.582276 -0.227485 0.374153 0.394750 0.002699 -0.004141 -0.011814 0.999918
1706585249.682928 -0.245419 0.378047 0.392842 0.000569 -0.004152 -0.011773 0.999922
1706585249.782773 -0.241517 0.377890 0.385817 0.001592 -0.004484 -0.011979 0.999917
1706585249.882617 -0.233135 0.374371 0.385133 0.002773 -0.004552 -0.011776 0.999916
1706585249.982468 -0.224446 0.370680 0.382372 0.002143 -0.004555 -0.011669 0.999919
1706585250.082305 -0.222437 0.365801 0.379895 0.001298 -0.004490 -0.011521 0.999923
1706585250.182567 -0.215842 0.366284 0.391737 0.002832 -0.004022 -0.011775 0.999919
1706585250.282404 -0.206233 0.359657 0.389984 0.001468 -0.004394 -0.011627 0.999922
1706585250.382000 -0.209833 0.365544 0.395092 0.002204 -0.004027 -0.011837 0.999919
1706585250.480866 -0.191190 0.361778 0.393043 0.001422 -0.004075 -0.011848 0.999920
1706585250.579789 -0.202416 0.364037 0.391671 0.001452 -0.004280 -0.011694 0.999921
1706585250.682582 -0.197002 0.364149 0.398326 0.001840 -0.003862 -0.011891 0.999920
1706585250.782429 -0.224589 0.363672 0.391823 0.000325 -0.004188 -0.011340 0.999927
1706585250.882262 -0.224524 0.363286 0.391340 0.000965 -0.004080 -0.011682 0.999923
1706585250.982900 -0.227322 0.364512 0.390734 0.001922 -0.004245 -0.011670 0.999921
1706585251.082731 -0.226614 0.366991 0.392803 0.001573 -0.004208 -0.011649 0.999922
1706585251.182578 -0.219564 0.366191 0.392385 0.002629 -0.004188 -0.011749 0.999919
1706585251.282417 -0.215586 0.369419 0.392344 0.003704 -0.004404 -0.011733 0.999915
1706585251.382248 -0.222239 0.374266 0.391219 0.002073 -0.004301 -0.011783 0.999919
1706585251.482876 -0.222011 0.368713 0.390887 0.002089 -0.004220 -0.011687 0.999921
1706585251.582726 -0.222828 0.372449 0.392449 0.001442 -0.004064 -0.011924 0.999920
1706585251.681914 -0.238346 0.376782 0.391070 0.002174 -0.004319 -0.011914 0.999917
1706585251.780843 -0.242837 0.377778 0.391824 0.002097 -0.004251 -0.011907 0.999918
1706585251.879869 -0.247817 0.379542 0.393160 0.001797 -0.004273 -0.011768 0.999920
1706585251.982851 -0.257034 0.386594 0.391617 0.000754 -0.004081 -0.011997 0.999919
1706585252.082695 -0.266226 0.388017 0.391867 0.000805 -0.004216 -0.011831 0.999921
1706585252.182542 -0.268610 0.387351 0.388255 0.001525 -0.004413 -0.011909 0.999918
1706585252.282386 -0.271555 0.386539 0.389859 0.001338 -0.004322 -0.011835 0.999920
1706585252.382223 -0.265809 0.386304 0.388757 0.001592 -0.004389 -0.011840 0.999919
1706585252.482854 -0.257743 0.379097 0.388974 0.002301 -0.004367 -0.011771 0.999919
1706585252.582703 -0.250468 0.381442 0.392561 0.002180 -0.004093 -0.011985 0.999917
1706585252.682533 -0.257066 0.380277 0.391375 0.002221 -0.004413 -0.011622 0.999920
1706585252.782381 -0.256721 0.378567 0.394124 0.001693 -0.004092 -0.011563 0.999923
1706585252.882233 -0.255632 0.375560 0.392685 0.002306 -0.004276 -0.011627 0.999921
1706585252.981889 -0.253837 0.377416 0.392138 0.001522 -0.004199 -0.011676 0.999922
1706585253.080932 -0.264660 0.380468 0.391599 0.002137 -0.004346 -0.011685 0.999920
1706585253.182548 -0.266162 0.379421 0.388198 0.002271 -0.004570 -0.011539 0.999920
1706585253.282391 -0.274650 0.384879 0.389544 0.001235 -0.004147 -0.011723 0.999922
1706585253.382231 -0.265444 0.382206 0.391189 0.001243 -0.004155 -0.011728 0.999922
1706585253.482867 -0.269169 0.383404 0.396186 0.001484 -0.004060 -0.011732 0.999922
1706585253.582706 -0.271369 0.388977 0.393860 0.001235 -0.004119 -0.011980 0.999919
1706585253.682549 -0.276646 0.389723 0.393090 0.001029 -0.004134 -0.011796 0.999921
1706585253.781629 -0.266058 0.386975 0.394366 0.001444 -0.003982 -0.011925 0.999920
1706585253.880132 -0.265079 0.384872 0.390304 0.001487 -0.004316 -0.011825 0.999920
1706585253.982849 -0.287124 0.392736 0.388076 0.001936 -0.004371 -0.011945 0.999917
1706585254.082693 -0.290287 0.387813 0.388520 0.002010 -0.004286 -0.011632 0.999921
1706585254.182530 -0.299169 0.389318 0.389896 0.002184 -0.004342 -0.011636 0.999920
1706585254.282031 -0.298466 0.392836 0.388249 0.001428 -0.004332 -0.011903 0.999919
1706585254.381264 -0.301436 0.394165 0.389995 0.002204 -0.004151 -0.011816 0.999919
1706585254.482408 -0.292752 0.393971 0.396518 0.002073 -0.004058 -0.011871 0.999919
1706585254.582247 -0.277645 0.387382 0.394858 0.001341 -0.004078 -0.011650 0.999923
1706585254.682887 -0.276996 0.389653 0.397087 0.000765 -0.003885 -0.011962 0.999921
1706585254.782711 -0.266496 0.389665 0.394596 0.000364 -0.003963 -0.012026 0.999920
1706585254.882548 -0.273071 0.389656 0.396541 0.001333 -0.004021 -0.011915 0.999920
1706585254.982373 -0.277338 0.388503 0.394493 0.001590 -0.004120 -0.011888 0.999920
1706585255.081148 -0.277120 0.388958 0.392691 0.002006 -0.004130 -0.011834 0.999919
1706585255.182861 -0.257292 0.385930 0.391382 0.002290 -0.004383 -0.012022 0.999916
1706585255.282686 -0.243244 0.378888 0.392119 0.003017 -0.004296 -0.011739 0.999917
1706585255.382531 -0.233953 0.371213 0.391719 0.002190 -0.004062 -0.011601 0.999922
1706585255.482369 -0.227567 0.366812 0.391450 0.001987 -0.004253 -0.011707 0.999920
1706585255.582361 -0.230488 0.368424 0.389960 0.002464 -0.004381 -0.011578 0.999920
1706585255.682438 -0.257221 0.378120 0.393605 0.000930 -0.003853 -0.011713 0.999924
1706585255.782279 -0.261300 0.380061 0.391646 0.002241 -0.004289 -0.011766 0.999919
1706585255.882911 -0.274968 0.386217 0.389529 0.001192 -0.004339 -0.011751 0.999921
1706585255.982755 -0.281959 0.389154 0.389286 0.000798 -0.004069 -0.011785 0.999922
1706585256.082588 -0.296113 0.397722 0.392337 0.000723 -0.004094 -0.011953 0.999920
1706585256.182433 -0.297934 0.399764 0.394481 0.001896 -0.004210 -0.012071 0.999916
1706585256.282181 -0.296370 0.397753 0.393301 0.001398 -0.004209 -0.011988 0.999918
1706585256.380749 -0.301634 0.393587 0.396086 0.001696 -0.004042 -0.011675 0.999922
1706585256.482753 -0.306798 0.390371 0.390480 0.002772 -0.004514 -0.011556 0.999919
1706585256.582604 -0.293461 0.389425 0.388300 0.001613 -0.004317 -0.011916 0.999918
1706585256.682446 -0.301175 0.392820 0.389523 0.002481 -0.004510 -0.011783 0.999917
1706585256.782272 -0.307169 0.394093 0.386683 0.002215 -0.004495 -0.011665 0.999919
1706585256.882904 -0.293122 0.393899 0.392300 0.002198 -0.004221 -0.011788 0.999919
1706585256.982738 -0.286229 0.387921 0.392637 0.002835 -0.004372 -0.011606 0.999919
1706585257.082566 -0.284299 0.389708 0.388174 0.000555 -0.004297 -0.011833 0.999921
1706585257.182411 -0.284179 0.389597 0.388219 0.002367 -0.004544 -0.011826 0.999917
1706585257.282241 -0.291185 0.393375 0.391389 0.001722 -0.004258 -0.011888 0.999919
1706585257.382892 -0.290418 0.393419 0.391442 0.001815 -0.004257 -0.011864 0.999919
1706585257.482738 -0.294855 0.393820 0.394038 0.001621 -0.004093 -0.011765 0.999921
1706585257.581773 -0.293710 0.391067 0.397855 0.000683 -0.003961 -0.011797 0.999922
1706585257.680380 -0.285726 0.387615 0.396227 0.001357 -0.004084 -0.011678 0.999923
1706585257.779018 -0.289757 0.389216 0.393094 0.001283 -0.004182 -0.011834 0.999920
1706585257.882907 -0.287668 0.391349 0.396995 0.003035 -0.004201 -0.011819 0.999917
1706585257.982728 -0.295700 0.393735 0.394277 0.001178 -0.004063 -0.011761 0.999922
1706585258.082566 -0.313557 0.400409 0.394467 0.002161 -0.004241 -0.011899 0.999918
1706585258.182400 -0.321657 0.400592 0.389722 0.001830 -0.004406 -0.011711 0.999920
1706585258.282238 -0.330063 0.406285 0.390405 0.001715 -0.004272 -0.011846 0.999919
1706585258.382882 -0.323563 0.400870 0.388322 0.002449 -0.004470 -0.011661 0.999919
1706585258.482656 -0.316829 0.401293 0.393164 0.000443 -0.003905 -0.011869 0.999922
1706585258.582559 -0.317423 0.401290 0.392623 0.000727 -0.004169 -0.011933 0.999920
1706585258.682394 -0.319987 0.403622 0.395235 -0.000116 -0.003848 -0.011819 0.999923
1706585258.782231 -0.325768 0.405979 0.393968 0.001095 -0.004148 -0.011847 0.999921
1706585258.881398 -0.325938 0.404278 0.397053 0.002085 -0.004066 -0.011824 0.999920
1706585258.980039 -0.321043 0.401468 0.398395 0.001167 -0.003782 -0.011904 0.999921
1706585259.082541 -0.333063 0.403984 0.398987 0.001488 -0.003968 -0.011734 0.999922
1706585259.182378 -0.324407 0.400788 0.398322 0.001087 -0.003901 -0.011799 0.999922
1706585259.282205 -0.324565 0.403831 0.397600 0.001842 -0.003924 -0.011773 0.999921
1706585259.382835 -0.334773 0.405538 0.393867 0.002027 -0.004102 -0.011756 0.999920
1706585259.482669 -0.337929 0.405520 0.393772 0.001720 -0.004118 -0.011722 0.999921
1706585259.582511 -0.325093 0.400934 0.393384 0.002310 -0.004326 -0.011686 0.999920
1706585259.682369 -0.302975 0.395808 0.392624 0.000911 -0.004032 -0.011832 0.999921
1706585259.782034 -0.305605 0.394662 0.391053 0.003201 -0.004346 -0.011569 0.999919
1706585259.882462 -0.305897 0.395961 0.394524 0.001626 -0.003898 -0.011617 0.999924
1706585259.982308 -0.315190 0.397658 0.393272 0.000921 -0.004036 -0.011695 0.999923
1706585260.082437 -0.311369 0.396730 0.395253 0.001513 -0.004042 -0.011677 0.999923
1706585260.181057 -0.296225 0.397531 0.396043 0.001549 -0.004122 -0.012019 0.999918
1706585260.279720 -0.296247 0.396852 0.400863 0.001841 -0.003776 -0.011802 0.999922
1706585260.382879 -0.301491 0.396439 0.401007 0.001771 -0.003880 -0.011837 0.999921
1706585260.482711 -0.289180 0.392519 0.397039 0.001806 -0.004089 -0.011757 0.999921
1706585260.582536 -0.280624 0.388214 0.398573 0.002584 -0.004038 -0.011808 0.999919
1706585260.682382 -0.282988 0.391898 0.394287 0.000990 -0.003959 -0.011866 0.999921
1706585260.782215 -0.275288 0.387709 0.391734 0.002365 -0.004311 -0.011878 0.999917
1706585260.882864 -0.280295 0.391099 0.391993 0.001182 -0.003897 -0.011934 0.999920
1706585260.982700 -0.298259 0.392902 0.389194 0.002944 -0.004555 -0.011705 0.999917
1706585261.081670 -0.308259 0.397337 0.391851 0.001821 -0.004119 -0.011842 0.999920
1706585261.182363 -0.319859 0.398189 0.388893 0.002006 -0.004398 -0.011489 0.999922
1706585261.282610 -0.324873 0.399937 0.387644 0.001553 -0.004235 -0.011692 0.999921
1706585261.382071 -0.325358 0.401362 0.390987 0.001031 -0.004070 -0.011639 0.999923
1706585261.480742 -0.321072 0.401651 0.394873 0.002624 -0.004191 -0.011784 0.999918
1706585261.579416 -0.315403 0.401010 0.395011 0.000392 -0.003925 -0.011867 0.999922
1706585261.682768 -0.311494 0.398802 0.397396 0.001461 -0.003990 -0.011835 0.999921
1706585261.782599 -0.305709 0.396925 0.400240 0.001119 -0.003793 -0.011794 0.999923
1706585261.882426 -0.306378 0.398149 0.395006 0.001325 -0.004192 -0.011745 0.999921
1706585261.982272 -0.313689 0.401130 0.393595 0.001295 -0.004049 -0.011906 0.999920
1706585262.082906 -0.323063 0.408072 0.392844 0.001114 -0.004063 -0.011942 0.999920
1706585262.182760 -0.329344 0.403717 0.390980 0.002992 -0.004428 -0.011595 0.999918
1706585262.282511 -0.323453 0.402235 0.392047 0.001710 -0.004298 -0.011764 0.999920
1706585262.381326 -0.325323 0.400603 0.392798 0.003164 -0.004325 -0.011597 0.999918
1706585262.482275 -0.332776 0.402802 0.391093 0.001721 -0.004300 -0.011576 0.999922
1706585262.582906 -0.338797 0.406730 0.395146 0.001241 -0.004148 -0.011706 0.999922
1706585262.681777 -0.348554 0.407921 0.393770 0.002455 -0.004308 -0.011765 0.999918
1706585262.780445 -0.349111 0.408452 0.391956 0.000717 -0.004090 -0.011705 0.999923
1706585262.879155 -0.341056 0.406488 0.392769 0.001957 -0.004316 -0.011784 0.999919
1706585262.982265 -0.339759 0.406835 0.391472 0.001544 -0.004325 -0.011893 0.999919
1706585263.082884 -0.333386 0.402182 0.392968 0.001766 -0.004219 -0.011668 0.999921
1706585263.182718 -0.341739 0.403629 0.393198 0.001447 -0.004241 -0.011727 0.999921
1706585263.282559 -0.336769 0.407073 0.394542 0.001151 -0.004164 -0.011830 0.999921
1706585263.382384 -0.340243 0.406042 0.392846 0.002407 -0.004390 -0.011669 0.999919
1706585263.482224 -0.338144 0.409427 0.393272 0.001350 -0.004247 -0.011933 0.999919
1706585263.582368 -0.326055 0.405203 0.393251 0.002489 -0.004457 -0.011813 0.999917
1706585263.682678 -0.316888 0.402547 0.390826 0.001212 -0.004242 -0.011825 0.999920
1706585263.782531 -0.323416 0.401520 0.393649 0.002654 -0.004285 -0.011672 0.999919
1706585263.882380 -0.319446 0.398469 0.391473 0.002684 -0.004439 -0.011709 0.999918
1706585263.981479 -0.333364 0.404550 0.389849 0.000441 -0.004191 -0.011781 0.999922
1706585264.080177 -0.323606 0.399607 0.393949 0.001765 -0.004174 -0.011819 0.999920
1706585264.178900 -0.318999 0.401744 0.398867 0.001048 -0.003867 -0.011899 0.999921
1706585264.282550 -0.322002 0.400320 0.395932 0.000781 -0.003997 -0.011739 0.999923
1706585264.382396 -0.339721 0.402459 0.393566 0.000315 -0.004073 -0.011641 0.999924
1706585264.482242 -0.338120 0.400432 0.397159 0.001039 -0.003791 -0.011796 0.999923
1706585264.582884 -0.361814 0.407990 0.394459 0.002251 -0.004222 -0.011590 0.999921
1706585264.682729 -0.360135 0.410849 0.390080 -0.000017 -0.004104 -0.011807 0.999922
1706585264.782583 -0.356774 0.412715 0.388364 0.001165 -0.004273 -0.011821 0.999920
1706585264.882038 -0.347798 0.410119 0.388578 0.001095 -0.004228 -0.011797 0.999921
1706585264.980707 -0.342758 0.408421 0.388863 0.001995 -0.004384 -0.011732 0.999920
1706585265.082906 -0.330421 0.404777 0.389286 0.002186 -0.004303 -0.011744 0.999919
1706585265.182509 -0.324488 0.400712 0.393363 0.001479 -0.004186 -0.011647 0.999922
1706585265.281231 -0.308806 0.393873 0.391888 0.002074 -0.004201 -0.011625 0.999921
1706585265.379946 -0.317273 0.400369 0.393805 0.000317 -0.003984 -0.011794 0.999922
1706585265.478720 -0.311049 0.397962 0.392473 0.001412 -0.004102 -0.011773 0.999921
1706585265.582903 -0.323010 0.399983 0.394457 0.000859 -0.003945 -0.011698 0.999923
1706585265.682731 -0.328197 0.401570 0.396522 0.000958 -0.003780 -0.011819 0.999923
1706585265.782552 -0.344726 0.405029 0.395514 0.000941 -0.004033 -0.011571 0.999924
1706585265.882392 -0.339918 0.402091 0.397546 0.000616 -0.003785 -0.011662 0.999925
1706585265.982225 -0.352602 0.406597 0.397720 0.001316 -0.003901 -0.011698 0.999923
1706585266.082860 -0.347431 0.405670 0.394720 0.001193 -0.004006 -0.011675 0.999923
1706585266.181759 -0.346644 0.408420 0.392223 0.001407 -0.004237 -0.011709 0.999921
1706585266.282538 -0.350938 0.409229 0.388674 0.001744 -0.004206 -0.011767 0.999920
1706585266.382386 -0.343658 0.407144 0.389670 0.001592 -0.004218 -0.011641 0.999922
1706585266.482234 -0.330241 0.403726 0.387414 0.001346 -0.004404 -0.011737 0.999921
1706585266.581001 -0.304519 0.398641 0.392199 0.000904 -0.003992 -0.011834 0.999922
1706585266.679770 -0.288701 0.394235 0.389875 0.000986 -0.004208 -0.011848 0.999920
1706585266.782569 -0.272890 0.388826 0.395729 0.000787 -0.003892 -0.011854 0.999922
1706585266.882400 -0.275929 0.390943 0.397276 0.000386 -0.003751 -0.012009 0.999921
1706585266.982229 -0.280108 0.388175 0.398400 0.001962 -0.003941 -0.011766 0.999921
1706585267.082867 -0.282595 0.388150 0.401171 0.001172 -0.003710 -0.011700 0.999924
1706585267.182716 -0.299192 0.391760 0.398297 0.000156 -0.003816 -0.011868 0.999922
1706585267.282546 -0.296581 0.390771 0.395484 0.000316 -0.003901 -0.011770 0.999923
1706585267.382386 -0.300813 0.394147 0.395397 0.000926 -0.003978 -0.011859 0.999921
1706585267.481575 -0.310657 0.396795 0.390316 0.001283 -0.004215 -0.011723 0.999922
1706585267.582865 -0.319024 0.402315 0.392615 0.001615 -0.004045 -0.011895 0.999920
1706585267.682687 -0.325415 0.402097 0.392859 0.001274 -0.004020 -0.011645 0.999923
1706585267.782040 -0.333402 0.407018 0.392171 0.001099 -0.004096 -0.011859 0.999921
1706585267.880800 -0.320517 0.400727 0.389883 0.002603 -0.004323 -0.011854 0.999917
1706585267.979627 -0.319082 0.405914 0.390719 0.000097 -0.004073 -0.012056 0.999919
1706585268.082434 -0.328106 0.406404 0.392457 0.001190 -0.004115 -0.011776 0.999921
1706585268.182273 -0.329717 0.404327 0.396610 0.001170 -0.003913 -0.011805 0.999922
1706585268.282910 -0.329639 0.400133 0.397605 0.001165 -0.003988 -0.011668 0.999923
1706585268.382756 -0.340387 0.401290 0.395358 0.001115 -0.004085 -0.011749 0.999922
1706585268.482596 -0.339780 0.399863 0.390028 0.000749 -0.004220 -0.011736 0.999922
1706585268.582423 -0.360762 0.408475 0.392981 0.001098 -0.004027 -0.011763 0.999922
1706585268.682256 -0.364721 0.406977 0.391957 0.000702 -0.004173 -0.011544 0.999924
1706585268.782908 -0.363407 0.413893 0.394508 0.000908 -0.003931 -0.011844 0.999922
1706585268.882737 -0.361743 0.411080 0.392089 0.000731 -0.004064 -0.011595 0.999924
1706585268.982569 -0.346830 0.412661 0.392698 0.000347 -0.003937 -0.011847 0.999922
1706585269.081846 -0.338401 0.408683 0.391449 0.002500 -0.004398 -0.011825 0.999917
1706585269.180666 -0.328588 0.407359 0.392073 0.000514 -0.003982 -0.011809 0.999922
1706585269.282902 -0.317934 0.401949 0.393637 0.001657 -0.004117 -0.011727 0.999921
1706585269.382743 -0.312219 0.395592 0.394860 0.001910 -0.004095 -0.011622 0.999922
1706585269.482601 -0.312512 0.396724 0.396251 0.001537 -0.004073 -0.011811 0.999921
1706585269.582431 -0.316980 0.398785 0.396437 0.001381 -0.004031 -0.011729 0.999922
1706585269.682269 -0.322588 0.400938 0.398649 0.001144 -0.003763 -0.011949 0.999921
1706585269.782907 -0.328145 0.402555 0.399814 0.000578 -0.003597 -0.011887 0.999923
1706585269.882751 -0.331870 0.401707 0.396705 0.000293 -0.003916 -0.011743 0.999923
1706585269.982480 -0.340048 0.407018 0.396323 0.001489 -0.004001 -0.011880 0.999920
1706585270.082444 -0.344830 0.409709 0.397978 0.001797 -0.003846 -0.011774 0.999922
1706585270.182295 -0.361189 0.414895 0.395427 0.001399 -0.004055 -0.011692 0.999922
1706585270.282531 -0.363382 0.409579 0.393320 0.002443 -0.004287 -0.011574 0.999921
1706585270.381713 -0.352163 0.407250 0.392664 0.000260 -0.003855 -0.011650 0.999925
1706585270.480583 -0.345185 0.406177 0.391831 0.002434 -0.004160 -0.011898 0.999918
1706585270.579522 -0.340577 0.404961 0.392310 0.001869 -0.004109 -0.011697 0.999921
1706585270.682279 -0.345641 0.409144 0.393004 0.000941 -0.004137 -0.011759 0.999922
1706585270.782917 -0.346987 0.408183 0.391651 0.002715 -0.004360 -0.011647 0.999919
1706585270.882747 -0.358439 0.414930 0.393226 0.000701 -0.004007 -0.011974 0.999920
1706585270.982590 -0.356797 0.412089 0.395951 0.002410 -0.004159 -0.011731 0.999920
1706585271.082432 -0.352862 0.408142 0.398246 0.001581 -0.003898 -0.011597 0.999924
1706585271.182258 -0.340954 0.405344 0.398009 0.000620 -0.003827 -0.011738 0.999924
1706585271.282889 -0.349809 0.406044 0.396702 0.001322 -0.003916 -0.011723 0.999923
1706585271.382742 -0.354712 0.411725 0.395554 0.000567 -0.003793 -0.011858 0.999922
1706585271.482575 -0.361301 0.411141 0.394004 0.002192 -0.004171 -0.011778 0.999920
1706585271.582422 -0.359172 0.411749 0.392947 0.001314 -0.004040 -0.011752 0.999922
1706585271.681655 -0.356276 0.410577 0.389768 0.002125 -0.004250 -0.011564 0.999922
1706585271.780583 -0.355355 0.409070 0.391048 0.001350 -0.003979 -0.011654 0.999923
1706585271.882761 -0.364569 0.413750 0.390575 0.002241 -0.004355 -0.011701 0.999920
1706585271.982607 -0.364465 0.414469 0.389858 0.002561 -0.004411 -0.011813 0.999917
1706585272.082443 -0.368146 0.414930 0.391679 0.000799 -0.003947 -0.011715 0.999923
1706585272.182288 -0.366566 0.411056 0.395023 0.001827 -0.004075 -0.011589 0.999923
1706585272.282929 -0.377195 0.417322 0.396261 0.000130 -0.003879 -0.011888 0.999922
1706585272.382768 -0.372589 0.414267 0.390634 0.000843 -0.004071 -0.011677 0.999923
1706585272.482031 -0.381957 0.416643 0.394042 0.002168 -0.004050 -0.011800 0.999920
1706585272.582448 -0.376796 0.417310 0.395807 0.001775 -0.004052 -0.011848 0.999920
1706585272.682267 -0.380652 0.416217 0.394078 0.001683 -0.004013 -0.011618 0.999923
1706585272.782894 -0.375620 0.417304 0.395206 0.000128 -0.003715 -0.011687 0.999925
1706585272.882686 -0.380786 0.416523 0.391601 0.001596 -0.004169 -0.011628 0.999922
1706585272.981641 -0.381785 0.417237 0.390510 0.000573 -0.003951 -0.011602 0.999925
1706585273.080714 -0.376547 0.417284 0.392525 0.001384 -0.004201 -0.011783 0.999921
1706585273.182213 -0.357579 0.409540 0.395425 0.001491 -0.003937 -0.011587 0.999924
1706585273.282862 -0.347612 0.407046 0.397343 0.000626 -0.003855 -0.011647 0.999925
1706585273.382722 -0.344501 0.405556 0.393797 0.001862 -0.004175 -0.011642 0.999922
1706585273.482569 -0.333477 0.408769 0.395144 0.000199 -0.003798 -0.012024 0.999920
1706585273.582398 -0.334270 0.407135 0.396517 0.001308 -0.003995 -0.011992 0.999919
1706585273.682239 -0.341466 0.410088 0.396816 0.001296 -0.004687 -0.012294 0.999913
1706585273.781307 -0.321385 0.406803 0.397516 0.001141 -0.005186 -0.012901 0.999903
1706585273.882711 -0.290542 0.401856 0.397605 0.000809 -0.005734 -0.013906 0.999887
1706585273.982553 -0.261371 0.404029 0.397825 -0.001750 -0.005029 -0.015811 0.999861
1706585274.082395 -0.233221 0.401396 0.395317 -0.000770 -0.005997 -0.016886 0.999839
1706585274.182215 -0.206451 0.398288 0.395336 -0.000548 -0.005926 -0.019601 0.999790
1706585274.281835 -0.173828 0.397059 0.397866 0.000353 -0.006723 -0.022044 0.999734
1706585274.382702 -0.117878 0.388889 0.397145 -0.000107 -0.006406 -0.025718 0.999649
1706585274.482534 -0.085543 0.392139 0.401655 -0.001674 -0.006765 -0.029282 0.999547
1706585274.582383 -0.040249 0.383013 0.405026 -0.000793 -0.005633 -0.031528 0.999487
1706585274.682237 0.011406 0.379448 0.404615 -0.002046 -0.006368 -0.034394 0.999386
1706585274.782881 0.061216 0.373295 0.403972 0.000147 -0.005849 -0.036748 0.999307
1706585274.882720 0.104442 0.370829 0.404338 0.000174 -0.007200 -0.038772 0.999222
1706585274.982371 0.150891 0.365074 0.405981 -0.000042 -0.008117 -0.039421 0.999190
1706585275.080907 0.188690 0.358437 0.408895 0.002475 -0.010052 -0.039800 0.999154
1706585275.179459 0.227370 0.352019 0.405688 0.002311 -0.009142 -0.040146 0.999149
1706585275.282876 0.290893 0.336697 0.399237 0.005331 -0.003293 -0.042830 0.999063
1706585275.382711 0.352411 0.327075 0.396736 0.006553 -0.000115 -0.043940 0.999013
1706585275.482552 0.415291 0.322686 0.392611 0.004427 0.000618 -0.045631 0.998948
1706585275.582184 0.475796 0.316496 0.392164 0.006067 0.002296 -0.048784 0.998788
1706585275.682226 0.553169 0.307137 0.392951 0.003922 0.002627 -0.052697 0.998599
1706585275.782868 0.625685 0.300165 0.392184 0.002848 0.002904 -0.055207 0.998467
1706585275.882708 0.705943 0.288446 0.397682 0.002903 0.003074 -0.060156 0.998180
1706585275.982545 0.783165 0.285430 0.400541 0.000870 0.006861 -0.065805 0.997809
1706585276.082395 0.844782 0.282428 0.400869 -0.001254 0.001338 -0.068444 0.997653
1706585276.182243 0.885623 0.258036 0.402430 0.007292 -0.006691 -0.070341 0.997474
1706585276.281853 0.963235 0.232983 0.403693 0.010675 -0.009098 -0.072568 0.997265
1706585276.380445 1.026948 0.224177 0.402244 0.009070 -0.008212 -0.074341 0.997158
1706585276.482583 1.092449 0.209191 0.399026 0.008714 -0.008857 -0.074011 0.997180
1706585276.582422 1.173185 0.201247 0.398559 0.006334 -0.008206 -0.072521 0.997313
1706585276.682278 1.244506 0.195180 0.399293 0.006114 -0.008917 -0.069806 0.997502
1706585276.782930 1.325367 0.178355 0.396235 0.009081 -0.007158 -0.068654 0.997574
1706585276.882767 1.416005 0.167689 0.395547 0.007372 -0.005198 -0.068989 0.997577
1706585276.982601 1.504058 0.169020 0.398917 0.000258 -0.004784 -0.072237 0.997376
1706585277.082437 1.585437 0.148180 0.396660 0.001808 -0.002807 -0.077628 0.996977
1706585277.182262 1.680926 0.125068 0.396785 0.003147 -0.003770 -0.083957 0.996457
1706585277.282906 1.775439 0.113828 0.394582 -0.001184 -0.000529 -0.092553 0.995707
1706585277.382729 1.872449 0.101539 0.392877 -0.004485 -0.002567 -0.100253 0.994949
1706585277.482571 1.955116 0.067797 0.391616 0.002153 -0.005274 -0.105891 0.994361
1706585277.581472 2.072633 0.017348 0.393099 0.008601 -0.003658 -0.114181 0.993416
1706585277.680026 2.178190 -0.010664 0.392688 0.012423 -0.000260 -0.112828 0.993537
1706585277.782880 2.279482 -0.029489 0.387490 0.008802 0.002274 -0.108500 0.994055
1706585277.882724 2.377372 -0.056415 0.392089 0.013946 0.002760 -0.104411 0.994433
1706585277.982571 2.459854 -0.085472 0.391421 0.019869 0.006703 -0.100740 0.994692
1706585278.082427 2.550098 -0.104367 0.391237 0.021893 0.008107 -0.097079 0.995003
1706585278.182264 2.648207 -0.117853 0.385108 0.021036 0.012225 -0.094119 0.995264
1706585278.282906 2.737828 -0.113673 0.377738 0.010833 0.012811 -0.090876 0.995721
1706585278.382734 2.828157 -0.114745 0.376500 0.007376 0.011393 -0.086398 0.996168
1706585278.482460 2.909816 -0.125933 0.374085 0.005616 0.009455 -0.081653 0.996600
1706585278.582417 2.997453 -0.140563 0.373477 0.009021 0.007948 -0.077871 0.996891
1706585278.682271 3.095867 -0.157575 0.366905 0.009561 0.006514 -0.074003 0.997191
1706585278.782407 3.185119 -0.162709 0.367373 0.006181 0.002794 -0.072397 0.997353
1706585278.881041 3.270020 -0.168134 0.366674 0.003265 0.002391 -0.070808 0.997482
1706585278.979660 3.364944 -0.186069 0.365019 0.003551 0.003300 -0.073190 0.997306
1706585279.082397 3.451480 -0.196822 0.363696 0.001482 0.004896 -0.078676 0.996887
1706585279.182245 3.553124 -0.215424 0.362305 -0.000605 0.009892 -0.084298 0.996391
1706585279.282886 3.646380 -0.231739 0.365623 -0.000662 0.006482 -0.090860 0.995842
1706585279.382726 3.759474 -0.252683 0.368783 -0.002709 0.008931 -0.096573 0.995282
1706585279.482572 3.859838 -0.276638 0.364151 -0.002618 0.001516 -0.102812 0.994696
1706585279.582417 3.965746 -0.307383 0.357108 -0.001090 -0.000733 -0.109643 0.993970
1706585279.682259 4.081348 -0.328422 0.348354 -0.003508 -0.004823 -0.111601 0.993735
1706585279.781542 4.196954 -0.358629 0.345461 -0.001244 -0.003231 -0.110664 0.993852
1706585279.882752 4.316554 -0.376843 0.348664 -0.004440 0.000688 -0.108896 0.994043
1706585279.982593 4.447626 -0.398188 0.349924 -0.006126 0.006113 -0.104996 0.994435
1706585280.082049 4.564591 -0.428258 0.348752 -0.005528 0.004458 -0.102473 0.994710
1706585280.180638 4.663341 -0.448393 0.357709 -0.002085 0.008074 -0.098739 0.995078
1706585280.279302 4.761958 -0.467489 0.352576 -0.003895 0.006858 -0.095992 0.995351
1706585280.382732 4.874569 -0.483312 0.348002 -0.006220 0.008454 -0.093506 0.995563
1706585280.482577 4.969665 -0.491945 0.337675 -0.009470 0.008791 -0.090649 0.995799
1706585280.582423 5.075712 -0.509815 0.332354 -0.007791 0.010287 -0.087770 0.996057
1706585280.682263 5.171345 -0.518598 0.338793 -0.005288 0.010728 -0.087283 0.996112
1706585280.782900 5.266501 -0.534634 0.329344 -0.005042 0.009338 -0.085510 0.996281
1706585280.882747 5.372962 -0.562686 0.326897 -0.002568 0.009348 -0.086745 0.996183
1706585280.982578 5.467925 -0.579678 0.325267 -0.006842 0.006948 -0.088791 0.996003
1706585281.081683 5.552264 -0.596016 0.322264 -0.007856 0.006764 -0.090158 0.995873
1706585281.182230 5.662700 -0.633113 0.325028 -0.002278 0.006240 -0.090910 0.995837
1706585281.282845 5.767379 -0.660536 0.324243 0.000200 0.004791 -0.093036 0.995651
1706585281.381658 5.875270 -0.680378 0.323101 -0.001496 0.006615 -0.095739 0.995383
1706585281.480329 5.976963 -0.700587 0.319170 -0.003911 0.003840 -0.098176 0.995154
1706585281.579071 6.078958 -0.728144 0.326447 0.002006 -0.002309 -0.100154 0.994967
1706585281.682611 6.182450 -0.750992 0.319910 0.001199 -0.005416 -0.101237 0.994847
1706585281.782445 6.277401 -0.769590 0.321341 -0.000706 -0.008222 -0.101807 0.994770
1706585281.882282 6.365828 -0.780071 0.319926 -0.004184 -0.013241 -0.101730 0.994715
1706585281.982909 6.465257 -0.802875 0.323917 -0.003556 -0.015315 -0.100322 0.994831
1706585282.082743 6.561179 -0.825977 0.326624 -0.000796 -0.012383 -0.099448 0.994965
1706585282.182579 6.681237 -0.843753 0.322435 -0.004615 -0.009882 -0.097441 0.995182
1706585282.282404 6.800446 -0.874928 0.322342 -0.001608 -0.005931 -0.092948 0.995652
1706585282.381240 6.915139 -0.905075 0.322480 0.004021 -0.005527 -0.091704 0.995763
1706585282.482893 7.056529 -0.932114 0.320248 0.003900 -0.000159 -0.092700 0.995686
1706585282.582738 7.183465 -0.956535 0.322427 0.002329 -0.000727 -0.094839 0.995490
1706585282.681404 7.288217 -0.979981 0.320648 0.002194 -0.003011 -0.096019 0.995373
1706585282.780055 7.411627 -1.012896 0.320909 0.006987 0.001834 -0.097581 0.995201
1706585282.878769 7.524026 -1.034032 0.324211 0.006695 -0.000923 -0.097930 0.995170
1706585282.982915 7.638694 -1.054979 0.326479 0.009781 -0.001288 -0.098770 0.995061
1706585283.082760 7.745300 -1.081748 0.324750 0.007569 -0.002593 -0.100721 0.994883
1706585283.182602 7.866123 -1.112775 0.324576 0.009611 -0.003032 -0.101724 0.994762
1706585283.282427 7.991055 -1.135474 0.318448 0.004896 -0.006225 -0.104408 0.994503
1706585283.382255 8.106345 -1.157227 0.321511 0.006040 -0.004270 -0.104882 0.994457
1706585283.482885 8.222152 -1.190241 0.313814 0.006073 -0.005743 -0.105161 0.994420
1706585283.582288 8.334365 -1.217854 0.312974 0.008050 -0.007209 -0.108035 0.994088
1706585283.682578 8.468155 -1.256606 0.314870 0.010039 -0.009273 -0.111188 0.993705
1706585283.782419 8.615148 -1.304201 0.311883 0.011815 -0.006971 -0.114012 0.993385
1706585283.882272 8.754291 -1.331951 0.316517 0.009609 -0.005806 -0.116514 0.993126
1706585283.981133 8.893938 -1.352702 0.318860 0.006775 -0.003344 -0.117196 0.993080
1706585284.079917 9.017054 -1.388410 0.325322 0.007838 -0.007906 -0.114828 0.993323
1706585284.182576 9.150507 -1.414548 0.323708 0.007264 -0.010471 -0.108796 0.993982
1706585284.282424 9.264519 -1.424967 0.320506 0.006061 -0.016380 -0.099872 0.994847
1706585284.382270 9.382904 -1.443631 0.325488 0.005275 -0.015748 -0.090429 0.995764
1706585284.482891 9.506845 -1.464899 0.330177 0.007504 -0.009544 -0.082099 0.996550
1706585284.582753 9.627264 -1.479291 0.324990 0.004431 -0.007880 -0.072611 0.997319
1706585284.682595 9.734077 -1.482469 0.330253 0.001279 -0.004554 -0.064541 0.997904
1706585284.782442 9.850929 -1.482943 0.332692 -0.003012 -0.008291 -0.056148 0.998383
1706585284.881481 9.952330 -1.486768 0.330408 -0.005726 -0.007667 -0.046889 0.998854
1706585284.982541 10.051678 -1.507594 0.331566 0.002052 -0.011418 -0.038525 0.999190
1706585285.082379 10.190968 -1.519221 0.328448 0.006933 -0.006348 -0.031755 0.999451
1706585285.182209 10.321449 -1.515140 0.330158 0.004018 -0.003709 -0.026186 0.999642
1706585285.280865 10.456918 -1.506906 0.330285 -0.004545 0.002383 -0.023283 0.999716
1706585285.379574 10.591191 -1.515956 0.328756 -0.004023 0.003896 -0.020032 0.999784
1706585285.482546 10.729300 -1.513417 0.341002 -0.007197 -0.000046 -0.018415 0.999805
1706585285.582384 10.830691 -1.501247 0.329136 -0.015294 -0.005759 -0.017758 0.999709
1706585285.682063 10.963450 -1.526506 0.331262 -0.004309 -0.004344 -0.017416 0.999830
1706585285.781114 11.083914 -1.557554 0.329294 0.002644 -0.004472 -0.023756 0.999704
1706585285.882690 11.210109 -1.573918 0.334653 0.005947 -0.001706 -0.032620 0.999449
1706585285.982534 11.324801 -1.581223 0.332611 0.002415 0.001343 -0.041989 0.999114
1706585286.082372 11.445137 -1.603303 0.327504 0.003676 -0.001543 -0.048016 0.998839
1706585286.182203 11.586098 -1.621705 0.319911 0.006378 0.000628 -0.051458 0.998655
1706585286.282840 11.732877 -1.626741 0.314534 0.002118 0.001520 -0.054245 0.998524
1706585286.382669 11.860418 -1.653969 0.315542 0.009480 -0.000689 -0.055044 0.998439
1706585286.481929 11.995338 -1.690632 0.311904 0.017404 0.001924 -0.055657 0.998296
1706585286.580647 12.139716 -1.714985 0.310220 0.020955 0.005465 -0.058877 0.998030
1706585286.679389 12.287977 -1.719201 0.307633 0.013464 0.010616 -0.056627 0.998248
1706585286.782427 12.437827 -1.725743 0.304325 0.009323 0.015737 -0.053140 0.998420
1706585286.882262 12.576509 -1.744318 0.307331 0.012228 0.016996 -0.048521 0.998603
1706585286.982033 12.684049 -1.756914 0.302237 0.011481 0.004963 -0.046555 0.998837
1706585287.081113 12.792188 -1.762667 0.302724 0.013704 -0.000940 -0.046218 0.998837
1706585287.182563 12.911138 -1.766228 0.293934 0.008989 -0.003751 -0.044105 0.998979
1706585287.282402 13.029654 -1.778546 0.297502 0.009006 -0.011072 -0.041757 0.999026
1706585287.382248 13.147454 -1.783505 0.298122 0.008246 -0.006047 -0.039901 0.999151
1706585287.482900 13.276619 -1.792191 0.296634 0.007792 -0.000386 -0.039307 0.999197
1706585287.582745 13.392590 -1.810507 0.290876 0.010942 -0.001736 -0.040150 0.999132
1706585287.682583 13.526856 -1.831596 0.284048 0.009666 0.001849 -0.048345 0.998782
1706585287.781781 13.652510 -1.845049 0.284037 0.009416 0.004661 -0.054479 0.998460
1706585287.880475 13.779041 -1.857121 0.279086 0.005187 0.004225 -0.062553 0.998019
1706585287.982911 13.880935 -1.880825 0.280936 0.007271 0.002072 -0.071209 0.997433
1706585288.082752 13.974511 -1.906160 0.279382 0.011020 -0.004720 -0.079041 0.996799
1706585288.182585 14.097070 -1.927069 0.277259 0.008196 -0.004155 -0.087340 0.996136
1706585288.282227 14.192296 -1.937688 0.293074 0.000935 -0.016252 -0.094291 0.995412
1706585288.381721 14.250962 -1.942512 0.298911 -0.001449 -0.038661 -0.101952 0.994037
1706585288.482909 14.384953 -1.972638 0.299471 0.000539 -0.020275 -0.107916 0.993953
1706585288.582754 14.506161 -2.005320 0.297660 -0.000567 -0.019726 -0.115690 0.993089
1706585288.682008 14.637714 -2.039528 0.294373 -0.001315 -0.016973 -0.124099 0.992124
1706585288.782426 14.776705 -2.072981 0.298067 -0.001006 0.003222 -0.129342 0.991594
1706585288.882262 14.914043 -2.125585 0.290116 0.005191 0.013744 -0.139502 0.990113
1706585288.982803 15.029276 -2.166382 0.284709 0.002919 0.004912 -0.149210 0.988789
1706585289.081551 15.168738 -2.210619 0.283762 -0.000315 0.008566 -0.157147 0.987538
1706585289.180440 15.272207 -2.265734 0.292073 0.001189 0.001785 -0.166990 0.985956
1706585289.279482 15.341175 -2.323718 0.287687 0.005033 -0.010030 -0.181387 0.983348
1706585289.382272 15.449142 -2.378399 0.291993 0.009059 -0.010905 -0.190840 0.981519
1706585289.482898 15.560558 -2.419636 0.294093 0.004059 -0.014472 -0.199544 0.979774
1706585289.582744 15.683947 -2.469661 0.281111 0.000784 -0.008914 -0.205815 0.978550
1706585289.682599 15.843269 -2.529382 0.252909 0.004609 0.025405 -0.200217 0.979411
1706585289.782428 15.971907 -2.583744 0.254044 0.006452 0.042296 -0.179897 0.982755
1706585289.882286 16.072543 -2.665258 0.252116 0.022740 0.042129 -0.155785 0.986630
1706585289.982909 16.196932 -2.740031 0.239121 0.042061 0.054854 -0.151622 0.986019
1706585290.082745 16.307619 -2.772716 0.243663 0.045695 0.053116 -0.134246 0.988468
1706585290.182583 16.385157 -2.778505 0.230238 0.036785 0.025365 -0.121378 0.991600
1706585290.282416 16.466737 -2.743707 0.232692 -0.004202 0.004702 -0.145145 0.989390
1706585290.381453 16.566642 -2.701203 0.216644 -0.045669 0.002894 -0.156695 0.986586
1706585290.480191 16.679500 -2.711134 0.213170 -0.052487 0.016066 -0.156940 0.986081
1706585290.582733 16.778476 -2.751493 0.206857 -0.047559 0.018154 -0.167211 0.984606
1706585290.682572 16.863552 -2.824289 0.196796 -0.032528 0.012718 -0.172252 0.984433
1706585290.782417 16.946829 -2.916854 0.200499 -0.007556 0.012262 -0.177564 0.984004
1706585290.882246 17.042706 -2.982272 0.203893 0.005516 0.017754 -0.182835 0.982968
1706585290.982879 17.151605 -3.001981 0.204616 -0.006564 0.030925 -0.176943 0.983713
1706585291.082712 17.232853 -3.004544 0.203133 -0.027700 0.025742 -0.177800 0.983340
1706585291.182519 17.322085 -3.022937 0.194674 -0.035623 0.022985 -0.183360 0.982131
1706585291.282357 17.402130 -3.067392 0.190691 -0.033299 0.020069 -0.189245 0.981160
1706585291.382601 17.460366 -3.141300 0.190887 -0.014428 0.003336 -0.185452 0.982542
1706585291.482438 17.532348 -3.226784 0.193589 0.009566 -0.000520 -0.183902 0.982898
1706585291.582278 17.638071 -3.268476 0.192282 0.012138 0.002182 -0.177748 0.983999
1706585291.681492 17.731022 -3.277514 0.190163 0.001398 -0.001644 -0.175001 0.984566
1706585291.780489 17.836484 -3.292308 0.185781 -0.008001 0.000621 -0.171278 0.985190
1706585291.882589 17.944590 -3.331069 0.186959 -0.003547 0.001950 -0.163744 0.986495
1706585291.982428 18.036484 -3.368307 0.185269 -0.000437 -0.004898 -0.157600 0.987491
1706585292.082263 18.138045 -3.392258 0.184796 -0.005076 -0.005762 -0.153141 0.988174
1706585292.182894 18.231998 -3.424257 0.184040 -0.007028 -0.012127 -0.148558 0.988804
1706585292.282732 18.319226 -3.454508 0.185049 -0.005371 -0.011915 -0.145762 0.989233
1706585292.382566 18.429824 -3.483812 0.180834 -0.005442 -0.010288 -0.143579 0.989570
1706585292.481772 18.535418 -3.515235 0.182773 -0.005853 -0.010436 -0.145861 0.989233
1706585292.582263 18.644028 -3.531162 0.178131 -0.015125 -0.010353 -0.148001 0.988817
1706585292.682900 18.766288 -3.571420 0.175432 -0.010193 -0.001982 -0.150426 0.988567
1706585292.782746 18.881328 -3.606895 0.179456 -0.010532 -0.002855 -0.158001 0.987379
1706585292.882542 19.001836 -3.638766 0.181828 -0.021326 -0.000934 -0.163480 0.986316
1706585292.981473 19.136279 -3.689494 0.182557 -0.016783 0.003583 -0.164379 0.986248
1706585293.080285 19.247353 -3.729952 0.182009 -0.012577 0.003601 -0.157906 0.987367
1706585293.182898 19.358513 -3.770145 0.180368 -0.007673 -0.000206 -0.145177 0.989376
1706585293.282750 19.480831 -3.803961 0.177896 -0.002465 0.001425 -0.132381 0.991195
1706585293.382588 19.605859 -3.826477 0.178399 -0.004037 0.004206 -0.120970 0.992639
1706585293.482422 19.727097 -3.843787 0.176194 -0.005036 0.008366 -0.110554 0.993822
1706585293.582261 19.830204 -3.857141 0.172581 -0.006220 0.007354 -0.104251 0.994504
1706585293.682558 19.932391 -3.877346 0.172921 -0.007019 0.001789 -0.098236 0.995137
1706585293.780909 20.033361 -3.889981 0.174872 -0.008510 0.005623 -0.093233 0.995592
1706585293.882571 20.119600 -3.906319 0.176579 -0.004105 -0.002242 -0.089384 0.995986
1706585293.982414 20.219344 -3.931597 0.171580 -0.002420 -0.002095 -0.084966 0.996379
1706585294.082253 20.330361 -3.943702 0.167480 -0.005605 -0.002782 -0.085240 0.996341
1706585294.181730 20.432975 -3.957260 0.168042 -0.007184 -0.000484 -0.087905 0.996103
1706585294.280346 20.542946 -3.992591 0.161741 -0.005104 -0.001800 -0.092292 0.995717
1706585294.382577 20.660019 -4.029141 0.163994 0.000457 0.003066 -0.091888 0.995765
1706585294.482416 20.784063 -4.059979 0.159868 -0.000128 0.002590 -0.097839 0.995199
1706585294.582253 20.906986 -4.079601 0.157952 -0.001129 0.005032 -0.099897 0.994984
1706585294.682904 21.031862 -4.109457 0.148393 0.002901 0.003067 -0.101162 0.994861
1706585294.782749 21.175623 -4.130733 0.149447 0.000702 0.009803 -0.106673 0.994246
1706585294.882583 21.298730 -4.137430 0.153330 -0.004071 0.010642 -0.107452 0.994145
1706585294.981869 21.417450 -4.160011 0.150720 -0.003241 0.012482 -0.106109 0.994271
1706585295.080389 21.536738 -4.192310 0.149721 -0.002879 0.017162 -0.103149 0.994514
1706585295.182899 21.655333 -4.229695 0.146159 0.001265 0.012041 -0.097474 0.995164
1706585295.282728 21.763184 -4.257474 0.150047 0.004668 0.004433 -0.091495 0.995785
1706585295.382550 21.882653 -4.282220 0.139743 0.006454 0.012021 -0.084605 0.996321
1706585295.481071 21.991291 -4.300703 0.131026 0.006613 0.014388 -0.077901 0.996835
1706585295.579657 22.081423 -4.297328 0.132039 -0.001844 0.004604 -0.072627 0.997347
1706585295.682876 22.199036 -4.301397 0.123177 -0.005755 0.011043 -0.066876 0.997684
1706585295.782709 22.315131 -4.300287 0.121707 -0.012224 0.016658 -0.067270 0.997521
1706585295.882557 22.416139 -4.313827 0.124868 -0.011547 0.011907 -0.070443 0.997378
1706585295.982402 22.518740 -4.329291 0.122086 -0.014574 0.003950 -0.077272 0.996896
1706585296.082227 22.643092 -4.331169 0.114719 -0.023163 0.010524 -0.083493 0.996184
1706585296.182871 22.767962 -4.348019 0.103147 -0.025664 0.015153 -0.090321 0.995467
1706585296.281560 22.870240 -4.372623 0.111020 -0.024462 0.005816 -0.096115 0.995053
1706585296.380159 22.988766 -4.405632 0.121507 -0.021175 0.005050 -0.102394 0.994506
1706585296.482383 23.119497 -4.438077 0.115460 -0.020446 0.009643 -0.110067 0.993667
1706585296.582232 23.226784 -4.453116 0.109823 -0.026869 0.001107 -0.117643 0.992692
1706585296.682330 23.344215 -4.472962 0.093375 -0.035510 0.003571 -0.128965 0.991007
1706585296.781030 23.482683 -4.513792 0.083787 -0.031255 0.017611 -0.136828 0.989945
1706585296.882531 23.610531 -4.559057 0.074413 -0.031742 0.021312 -0.146146 0.988524
1706585296.982364 23.738985 -4.598488 0.077762 -0.034434 0.023453 -0.155033 0.987030
1706585297.082611 23.863275 -4.644545 0.076401 -0.033676 0.028366 -0.163360 0.985583
1706585297.182443 23.955518 -4.708751 0.081419 -0.026335 0.016684 -0.170668 0.984835
1706585297.282272 24.066056 -4.763721 0.077144 -0.024781 0.014730 -0.172821 0.984531
1706585297.382907 24.189664 -4.797692 0.070010 -0.027152 0.014823 -0.166960 0.985478
1706585297.482471 24.311863 -4.805660 0.054769 -0.037235 0.019313 -0.158862 0.986409
1706585297.581070 24.419733 -4.818481 0.057782 -0.042348 0.018926 -0.155460 0.986753
1706585297.679643 24.525943 -4.862021 0.062440 -0.035698 0.020367 -0.153110 0.987354
1706585297.782282 24.613435 -4.922503 0.063968 -0.027065 0.016732 -0.152370 0.987811
1706585297.882896 24.710951 -4.960508 0.060245 -0.023220 0.018527 -0.155663 0.987364
1706585297.982324 24.807220 -4.976084 0.047817 -0.034901 0.010687 -0.159602 0.986506
1706585298.080983 24.903841 -4.994586 0.038685 -0.042356 0.014864 -0.161550 0.985843
1706585298.182400 25.001311 -5.042500 0.034155 -0.038725 0.018216 -0.165386 0.985300
1706585298.282261 25.105649 -5.105549 0.038468 -0.027665 0.022633 -0.170392 0.984728
1706585298.382918 25.233921 -5.159677 0.029614 -0.027081 0.029880 -0.174975 0.983747
1706585298.482758 25.354282 -5.205018 0.021223 -0.025980 0.027543 -0.179098 0.983102
1706585298.582615 25.466229 -5.254496 0.019979 -0.026591 0.025378 -0.184518 0.982142
1706585298.682460 25.557978 -5.305923 0.022239 -0.018188 0.015727 -0.184015 0.982629
1706585298.782085 25.667573 -5.344977 0.017056 -0.017531 0.007440 -0.177821 0.983879
1706585298.880763 25.762094 -5.380685 0.012291 -0.016783 0.000289 -0.164310 0.986266
1706585298.979394 25.868985 -5.411819 0.014509 -0.018477 0.002030 -0.154130 0.987876
1706585299.082239 25.988439 -5.438390 0.015120 -0.017366 0.005734 -0.145583 0.989177
1706585299.182887 26.089795 -5.471910 0.011564 -0.013498 0.004764 -0.140852 0.989927
1706585299.281981 26.202334 -5.494584 0.008587 -0.014431 0.007595 -0.139238 0.990125
1706585299.380388 26.317339 -5.503693 0.003034 -0.024176 0.008942 -0.139396 0.989901
1706585299.482414 26.434612 -5.512726 -0.004977 -0.035504 0.011260 -0.139017 0.989589
1706585299.582263 26.534347 -5.540940 -0.011023 -0.038784 0.009842 -0.134495 0.990106
1706585299.682907 26.653070 -5.576651 -0.007037 -0.031599 0.010254 -0.131951 0.990699
1706585299.782749 26.781590 -5.617036 -0.004195 -0.030087 0.011213 -0.128402 0.991202
1706585299.882589 26.893894 -5.649919 -0.002989 -0.028766 0.004733 -0.125011 0.991727
1706585299.982425 27.014001 -5.676906 -0.008527 -0.028403 0.007151 -0.123180 0.991952
1706585300.081732 27.138348 -5.697095 -0.014413 -0.028566 0.009351 -0.119335 0.992399
1706585300.180335 27.256675 -5.726490 -0.019619 -0.028509 0.013296 -0.116527 0.992689
1706585300.278970 27.371779 -5.751550 -0.018661 -0.026960 0.018856 -0.115690 0.992740
1706585300.382609 27.492214 -5.786731 -0.018723 -0.024460 0.021666 -0.116523 0.992650
1706585300.482425 27.598511 -5.823108 -0.021131 -0.022198 0.017924 -0.115756 0.992868
1706585300.581372 27.699584 -5.855491 -0.022067 -0.018262 0.009942 -0.118922 0.992686
1706585300.682909 27.801944 -5.883560 -0.030410 -0.014281 0.005000 -0.116748 0.993046
1706585300.782774 27.927411 -5.920053 -0.037274 -0.016052 0.007875 -0.118021 0.992850
1706585300.882608 28.026425 -5.949231 -0.037035 -0.014550 0.001732 -0.119715 0.992700
1706585300.982437 28.138172 -5.973672 -0.038761 -0.016126 0.002685 -0.122543 0.992329
1706585301.082292 28.258430 -6.005119 -0.037344 -0.011202 0.000411 -0.122507 0.992404
1706585301.182537 28.377872 -6.036169 -0.040223 -0.013326 0.001520 -0.125978 0.991942
1706585301.282372 28.488702 -6.067926 -0.046656 -0.014276 0.000999 -0.126383 0.991878
1706585301.381397 28.612671 -6.100559 -0.045301 -0.015954 0.005566 -0.129714 0.991407
1706585301.480046 28.734553 -6.142730 -0.045562 -0.014581 0.009878 -0.132930 0.990969
1706585301.578732 28.853018 -6.176414 -0.054962 -0.013859 0.007520 -0.136303 0.990542
1706585301.682504 28.983880 -6.215407 -0.055617 -0.014694 0.005577 -0.137792 0.990337
1706585301.782353 29.114976 -6.260015 -0.057313 -0.009620 0.004483 -0.136325 0.990607
1706585301.881286 29.229320 -6.297033 -0.057667 -0.007827 0.002106 -0.134588 0.990868
1706585301.980083 29.353484 -6.328848 -0.062699 -0.009061 0.003759 -0.134987 0.990799
1706585302.082278 29.481798 -6.356926 -0.061663 -0.012318 0.004897 -0.134183 0.990868
1706585302.182925 29.597897 -6.393768 -0.057521 -0.010070 0.002140 -0.132980 0.991065
1706585302.282754 29.705634 -6.416114 -0.054051 -0.012073 -0.002305 -0.129531 0.991499
1706585302.382591 29.816384 -6.428167 -0.058237 -0.019879 -0.008225 -0.124974 0.991927
1706585302.482408 29.940146 -6.461099 -0.064117 -0.017513 -0.006632 -0.121776 0.992381
1706585302.582251 30.051408 -6.495125 -0.060201 -0.015691 -0.008885 -0.120981 0.992491
1706585302.681119 30.181159 -6.516618 -0.064806 -0.021134 0.003598 -0.123192 0.992151
1706585302.779715 30.312874 -6.524338 -0.066258 -0.028494 0.012846 -0.126224 0.991509
1706585302.882601 30.445592 -6.527249 -0.073034 -0.038514 0.018803 -0.126958 0.990982
1706585302.982458 30.581879 -6.558570 -0.076459 -0.039148 0.018852 -0.126739 0.990984
1706585303.082098 30.705465 -6.610396 -0.084867 -0.033727 0.018701 -0.130877 0.990648
1706585303.180992 30.833381 -6.652297 -0.089915 -0.030337 0.017733 -0.134962 0.990227
1706585303.282766 30.959329 -6.699054 -0.097328 -0.030276 0.017789 -0.137770 0.989842
1706585303.382609 31.084932 -6.739399 -0.099588 -0.032503 0.018205 -0.140407 0.989393
1706585303.482431 31.201552 -6.782763 -0.100773 -0.027248 0.014909 -0.140522 0.989590
1706585303.582260 31.309134 -6.821062 -0.106149 -0.025730 0.012086 -0.142269 0.989420
1706585303.682905 31.414801 -6.863783 -0.107132 -0.020566 0.009470 -0.142867 0.989483
1706585303.782733 31.536717 -6.902776 -0.110324 -0.025247 0.014029 -0.144001 0.989156
1706585303.882049 31.645119 -6.925176 -0.111303 -0.025225 0.010685 -0.144605 0.989110
1706585303.980760 31.751461 -6.944941 -0.115731 -0.029716 0.009458 -0.141530 0.989443
1706585304.079495 31.852308 -6.979968 -0.115410 -0.024694 0.004527 -0.138606 0.990029
1706585304.182871 31.965012 -7.010558 -0.120681 -0.025049 0.004324 -0.134986 0.990521
1706585304.282715 32.064064 -7.034434 -0.120853 -0.027315 0.001172 -0.131610 0.990925
1706585304.381923 32.162843 -7.040145 -0.114074 -0.034166 -0.002808 -0.128739 0.991086
1706585304.480695 32.245056 -7.062222 -0.108139 -0.035467 -0.008832 -0.122887 0.991747
1706585304.582247 32.344741 -7.095265 -0.103687 -0.029861 -0.009788 -0.120774 0.992182
1706585304.682876 32.437208 -7.116233 -0.108922 -0.029367 -0.013634 -0.116902 0.992616
1706585304.782712 32.570032 -7.141835 -0.111370 -0.028654 -0.008670 -0.115381 0.992870
1706585304.882557 32.686881 -7.157157 -0.113262 -0.030833 -0.006223 -0.114681 0.992904
1706585304.982389 32.819220 -7.169872 -0.118739 -0.039463 0.001878 -0.112388 0.992879
1706585305.082217 32.934527 -7.192733 -0.114907 -0.036239 0.000919 -0.108717 0.993412
1706585305.181824 33.061214 -7.219067 -0.113729 -0.038719 0.002006 -0.107462 0.993453
1706585305.280511 33.188088 -7.247751 -0.113028 -0.038940 0.001612 -0.104995 0.993709
1706585305.379236 33.312610 -7.282701 -0.113061 -0.034210 -0.000682 -0.103028 0.994090
1706585305.482375 33.427524 -7.311780 -0.116093 -0.036444 -0.004586 -0.102175 0.994088
1706585305.582221 33.528909 -7.346629 -0.112325 -0.033250 -0.007851 -0.103273 0.994066
1706585305.681479 33.635406 -7.369685 -0.111887 -0.037308 -0.007264 -0.104475 0.993801
1706585305.780300 33.746626 -7.392211 -0.113937 -0.034423 -0.008135 -0.104875 0.993856
1706585305.882560 33.834194 -7.421428 -0.102498 -0.028817 -0.016252 -0.107494 0.993655
1706585305.982386 33.946149 -7.449330 -0.100947 -0.027382 -0.009822 -0.108567 0.993663
1706585306.082227 34.066043 -7.491934 -0.100838 -0.021436 -0.007892 -0.111137 0.993543
1706585306.182866 34.195861 -7.530202 -0.101832 -0.019853 -0.004355 -0.113493 0.993331
1706585306.282704 34.311284 -7.567673 -0.101495 -0.011847 -0.006830 -0.111868 0.993629
1706585306.382539 34.463585 -7.628717 -0.110201 -0.004047 0.014573 -0.107947 0.994042
1706585306.481488 34.584411 -7.674292 -0.113822 0.007918 0.009142 -0.110456 0.993807
1706585306.580182 34.711702 -7.707889 -0.114720 0.005239 0.014434 -0.111735 0.993619
1706585306.679049 34.841527 -7.749804 -0.116691 0.007915 0.015403 -0.113089 0.993434
1706585306.782713 34.962791 -7.780692 -0.126703 0.008452 0.004557 -0.113376 0.993506
1706585306.882542 35.086459 -7.795113 -0.129867 0.003466 0.001103 -0.112412 0.993655
1706585306.981399 35.212612 -7.822286 -0.136947 0.003346 0.002646 -0.113592 0.993518
1706585307.080464 35.333600 -7.860649 -0.137003 0.005317 0.003872 -0.120501 0.992691
1706585307.182882 35.455099 -7.893582 -0.137318 0.001850 0.003485 -0.128198 0.991741
1706585307.282724 35.552118 -7.908406 -0.137970 -0.006495 0.001682 -0.134060 0.990950
1706585307.382555 35.657183 -7.916834 -0.132306 -0.017762 -0.001994 -0.139058 0.990123
1706585307.482397 35.745373 -7.943313 -0.130823 -0.016996 -0.007595 -0.142994 0.989548
1706585307.582244 35.824977 -8.000103 -0.129071 -0.004198 -0.013814 -0.146004 0.989179
1706585307.682706 35.901197 -8.061988 -0.132871 0.014194 -0.019377 -0.149928 0.988405
1706585307.781443 35.984615 -8.088863 -0.134553 0.011745 -0.016945 -0.154928 0.987711
1706585307.880276 36.060138 -8.079935 -0.122487 -0.007671 -0.021584 -0.164988 0.986030
1706585307.979176 36.129522 -8.071630 -0.117775 -0.026850 -0.028728 -0.174907 0.983799
1706585308.082230 36.250224 -8.113579 -0.127654 -0.031040 -0.013618 -0.173904 0.984179
1706585308.182855 36.357325 -8.175818 -0.126875 -0.021280 -0.011942 -0.180963 0.983187
1706585308.282126 36.442064 -8.214610 -0.117393 -0.023892 -0.021549 -0.186911 0.981850
1706585308.382554 36.573168 -8.271945 -0.118541 -0.020380 -0.005745 -0.185955 0.982330
1706585308.482393 36.681313 -8.357164 -0.106368 -0.006016 0.002951 -0.185239 0.982671
1706585308.582147 36.759799 -8.433031 -0.110826 0.013764 -0.010796 -0.187278 0.982151
1706585308.681117 36.864400 -8.451817 -0.111606 0.004019 -0.010941 -0.197092 0.980316
1706585308.782707 36.988177 -8.459403 -0.119985 -0.015939 0.000866 -0.202108 0.979233
1706585308.882559 37.103616 -8.475929 -0.119954 -0.024371 -0.000419 -0.201578 0.979169
1706585308.982352 37.191023 -8.542583 -0.118324 -0.009834 -0.003670 -0.194189 0.980908
1706585309.081168 37.277305 -8.615232 -0.106565 0.001845 -0.006439 -0.190073 0.981747
1706585309.179990 37.371769 -8.661135 -0.101302 0.006187 -0.005603 -0.182917 0.983093
1706585309.282726 37.455912 -8.670862 -0.094488 -0.002126 -0.014216 -0.172559 0.984894
1706585309.382566 37.551676 -8.686742 -0.091665 -0.003984 -0.011669 -0.163973 0.986388
1706585309.482413 37.650778 -8.706124 -0.095512 -0.005478 -0.012929 -0.156400 0.987594
1706585309.582254 37.750271 -8.722705 -0.092313 -0.002829 -0.012065 -0.150384 0.988550
1706585309.682904 37.863422 -8.742507 -0.094853 -0.010349 -0.011707 -0.145391 0.989251
1706585309.782745 37.982330 -8.766813 -0.101885 -0.016824 -0.009160 -0.141730 0.989720
1706585309.882579 38.089320 -8.796440 -0.099026 -0.012999 -0.007078 -0.138485 0.990254
1706585309.981439 38.193875 -8.838277 -0.094725 -0.007842 -0.004114 -0.138142 0.990373
1706585310.081882 38.294538 -8.880177 -0.095485 -0.006376 -0.003628 -0.136758 0.990577
1706585310.182890 38.392740 -8.911408 -0.089180 -0.005690 -0.005176 -0.138830 0.990286
1706585310.282213 38.484746 -8.926625 -0.085753 -0.012724 -0.008047 -0.137827 0.990342
1706585310.381074 38.576428 -8.960982 -0.085840 -0.009751 -0.007441 -0.136252 0.990598
1706585310.479621 38.663483 -8.998473 -0.089724 -0.004983 -0.013209 -0.134893 0.990760
1706585310.582236 38.770434 -9.026077 -0.090046 -0.002799 -0.016093 -0.133403 0.990927
1706585310.682863 38.873760 -9.042820 -0.087692 -0.009275 -0.018223 -0.134322 0.990727
1706585310.782695 38.983874 -9.067139 -0.090785 -0.012616 -0.010038 -0.136586 0.990497
1706585310.882527 39.075781 -9.096037 -0.086291 -0.010621 -0.013157 -0.136035 0.990560
1706585310.982378 39.184044 -9.131355 -0.077128 -0.006554 -0.011809 -0.134453 0.990828
1706585311.082221 39.286160 -9.158833 -0.065576 -0.007085 -0.014967 -0.136159 0.990549
1706585311.181913 39.410270 -9.186513 -0.064869 -0.010135 -0.010704 -0.136755 0.990495
1706585311.280175 39.508728 -9.216475 -0.067286 -0.009425 -0.020582 -0.136915 0.990324
1706585311.382524 39.610098 -9.248873 -0.061505 -0.010580 -0.020480 -0.136694 0.990345
1706585311.482363 39.712953 -9.286476 -0.062382 -0.008798 -0.022045 -0.137039 0.990281
1706585311.582131 39.816231 -9.319938 -0.060214 -0.007939 -0.024273 -0.137669 0.990149
1706585311.680661 39.928523 -9.345927 -0.059968 -0.008435 -0.023125 -0.139094 0.989973
1706585311.779234 40.045604 -9.384574 -0.055825 -0.004576 -0.020602 -0.140895 0.989800
1706585311.882538 40.177627 -9.418925 -0.056167 -0.003012 -0.013823 -0.142363 0.989713
1706585311.982391 40.304193 -9.456484 -0.052726 -0.005892 -0.010820 -0.140702 0.989975
1706585312.082232 40.425844 -9.498816 -0.041995 0.001710 -0.012718 -0.137262 0.990452
1706585312.182874 40.544960 -9.539164 -0.042546 0.001871 -0.011960 -0.136765 0.990530
1706585312.282718 40.657887 -9.572288 -0.038342 0.001125 -0.015744 -0.137475 0.990379
1706585312.382548 40.767972 -9.597229 -0.037027 -0.005164 -0.021730 -0.138028 0.990176
1706585312.481118 40.886595 -9.618390 -0.028286 -0.006839 -0.017861 -0.134249 0.990763
1706585312.582236 40.997032 -9.650275 -0.029075 -0.004605 -0.017902 -0.129999 0.991342
1706585312.682876 41.103313 -9.679134 -0.026493 -0.004422 -0.018669 -0.125759 0.991875
1706585312.782690 41.220949 -9.712529 -0.026201 -0.000395 -0.016906 -0.123015 0.992261
1706585312.881851 41.335580 -9.738044 -0.021747 -0.000458 -0.014804 -0.121090 0.992531
1706585312.980330 41.449086 -9.751529 -0.006053 -0.001835 -0.015398 -0.117300 0.992975
1706585313.082606 41.561300 -9.776643 -0.003502 -0.002692 -0.015758 -0.114724 0.993269
1706585313.182456 41.655681 -9.799508 -0.003098 -0.005310 -0.015303 -0.117200 0.992976
1706585313.282301 41.767503 -9.837362 0.007329 -0.001645 -0.019523 -0.122876 0.992229
1706585313.382553 41.884590 -9.876543 0.007884 -0.002485 -0.016753 -0.131216 0.991209
1706585313.482378 42.001495 -9.905620 0.005819 -0.006970 -0.017554 -0.137432 0.990331
1706585313.582205 42.126324 -9.945604 0.007614 -0.007874 -0.016965 -0.145237 0.989220
1706585313.682155 42.253944 -9.987114 0.010684 -0.010737 -0.015969 -0.153040 0.988033
1706585313.780622 42.379286 -10.021653 0.016335 -0.014363 -0.017474 -0.159703 0.986906
1706585313.882498 42.502276 -10.072341 0.016222 -0.010482 -0.015526 -0.163452 0.986373
1706585313.982339 42.626366 -10.107214 0.017642 -0.013200 -0.014357 -0.167355 0.985704
1706585314.082573 42.739668 -10.153671 0.023990 -0.012121 -0.015322 -0.170607 0.985145
1706585314.182111 42.848352 -10.196688 0.025260 -0.012409 -0.013006 -0.169879 0.985301
1706585314.280538 42.951293 -10.239596 0.035170 -0.008073 -0.015194 -0.166618 0.985871
1706585314.382893 43.062561 -10.272341 0.046057 -0.011485 -0.016719 -0.165615 0.985982
1706585314.482738 43.162487 -10.302072 0.050952 -0.012048 -0.019656 -0.163700 0.986241
1706585314.582572 43.266032 -10.338072 0.049297 -0.012282 -0.020350 -0.162068 0.986493
1706585314.682414 43.370215 -10.370255 0.044820 -0.011992 -0.020011 -0.160779 0.986715
1706585314.782250 43.470991 -10.395212 0.051151 -0.013406 -0.018520 -0.160255 0.986811
1706585314.882891 43.580866 -10.429161 0.055653 -0.017977 -0.017271 -0.157169 0.987257
1706585314.981668 43.694541 -10.464071 0.065552 -0.014816 -0.016485 -0.154465 0.987750
1706585315.080176 43.809931 -10.493937 0.064195 -0.017434 -0.014483 -0.153801 0.987842
1706585315.182379 43.927510 -10.527309 0.070584 -0.017148 -0.014537 -0.151830 0.988151
1706585315.282232 44.050249 -10.564091 0.063669 -0.017074 -0.006769 -0.147234 0.988931
1706585315.382772 44.169815 -10.599451 0.079082 -0.011533 -0.008391 -0.143080 0.989608
1706585315.481306 44.288147 -10.633213 0.085138 -0.010996 -0.007831 -0.142409 0.989716
1706585315.582417 44.412477 -10.675295 0.086158 -0.010362 -0.003868 -0.142812 0.989688
1706585315.682390 44.522102 -10.709772 0.081793 -0.011801 -0.008006 -0.143834 0.989499
1706585315.782221 44.630170 -10.733052 0.079454 -0.016419 -0.005743 -0.142564 0.989633
1706585315.882853 44.731270 -10.762301 0.073491 -0.017181 -0.004797 -0.140108 0.989976
1706585315.982681 44.823140 -10.796978 0.075371 -0.012528 -0.001043 -0.136640 0.990541
1706585316.082521 44.907511 -10.820986 0.077669 -0.009280 -0.002855 -0.136190 0.990635
1706585316.182355 44.990492 -10.850666 0.080823 -0.005870 -0.006348 -0.137165 0.990510
1706585316.281138 45.079762 -10.878253 0.082555 -0.007676 -0.006542 -0.140355 0.990050
1706585316.379770 45.177897 -10.909782 0.088990 -0.006106 -0.008255 -0.143768 0.989558
1706585316.482249 45.307096 -10.941640 0.088883 -0.014324 -0.006327 -0.152345 0.988203
1706585316.582889 45.424656 -10.992435 0.095466 -0.015873 -0.006476 -0.157220 0.987415
1706585316.682508 45.554675 -11.043972 0.099634 -0.013806 -0.004481 -0.165048 0.986179
1706585316.781214 45.690332 -11.092474 0.100752 -0.014114 -0.003795 -0.173029 0.984808
1706585316.882399 45.839040 -11.140089 0.104197 -0.016946 0.000053 -0.182590 0.983043
1706585316.982235 45.971807 -11.191609 0.095287 -0.019775 -0.000719 -0.188796 0.981817
1706585317.082885 46.099616 -11.250542 0.103830 -0.014869 -0.005807 -0.188840 0.981878
1706585317.182735 46.229728 -11.301903 0.099627 -0.013630 -0.004306 -0.188202 0.982026
1706585317.282579 46.351235 -11.343999 0.100613 -0.016137 -0.003956 -0.183850 0.982814
1706585317.382415 46.484558 -11.387165 0.095937 -0.019980 -0.001067 -0.180716 0.983332
1706585317.482127 46.607854 -11.429194 0.100451 -0.019602 -0.000801 -0.174579 0.984448
1706585317.580725 46.723962 -11.474403 0.105485 -0.015354 -0.002838 -0.170717 0.985196
1706585317.679435 46.835760 -11.519757 0.109308 -0.015070 -0.011340 -0.169351 0.985375
1706585317.782552 46.973369 -11.563234 0.114004 -0.016492 -0.011284 -0.168153 0.985558
1706585317.882396 47.088970 -11.610936 0.115594 -0.016696 -0.013492 -0.168047 0.985545
1706585317.982233 47.226125 -11.654317 0.110879 -0.017476 -0.009534 -0.171562 0.984972
1706585318.082863 47.371081 -11.707701 0.114965 -0.018409 -0.004461 -0.171687 0.984969
1706585318.182704 47.491299 -11.761324 0.105694 -0.017034 -0.005883 -0.171273 0.985059
1706585318.282549 47.635614 -11.813157 0.111057 -0.014391 -0.002230 -0.174685 0.984517
1706585318.382384 47.772432 -11.847563 0.111256 -0.019128 -0.003249 -0.178454 0.983757
1706585318.482232 47.902049 -11.903217 0.114312 -0.018370 -0.001862 -0.181149 0.983282
1706585318.582861 48.027258 -11.956253 0.122233 -0.018117 -0.003606 -0.185396 0.982490
1706585318.682709 48.143579 -12.010292 0.125364 -0.015729 -0.004232 -0.186799 0.982263
1706585318.781723 48.273223 -12.058401 0.126764 -0.016819 -0.001922 -0.182385 0.983081
1706585318.880362 48.408558 -12.100510 0.130112 -0.016414 -0.002429 -0.176683 0.984128
1706585318.979002 48.533321 -12.141945 0.129619 -0.019073 0.000596 -0.168937 0.985442
1706585319.082878 48.661615 -12.186709 0.128333 -0.015832 -0.001013 -0.161638 0.986723
1706585319.182720 48.773611 -12.223996 0.118813 -0.015369 -0.006234 -0.153686 0.987981
1706585319.281928 48.899460 -12.266377 0.115910 -0.012198 -0.002290 -0.147557 0.988976
1706585319.380545 49.004801 -12.297122 0.120426 -0.011801 -0.004519 -0.141971 0.989790
1706585319.482219 49.115594 -12.325278 0.122148 -0.014286 -0.008611 -0.139575 0.990071
1706585319.582847 49.228740 -12.351735 0.134090 -0.012712 -0.004010 -0.139439 0.990141
1706585319.682685 49.342134 -12.393249 0.140847 -0.011475 -0.008736 -0.138359 0.990277
1706585319.782541 49.467106 -12.426257 0.140723 -0.012290 -0.010437 -0.138969 0.990165
1706585319.882379 49.593537 -12.461680 0.144210 -0.011352 -0.010586 -0.138670 0.990217
1706585319.982208 49.723248 -12.501903 0.143540 -0.011614 -0.012860 -0.138103 0.990266
1706585320.081472 49.864575 -12.550037 0.148844 -0.008548 -0.014112 -0.139437 0.990094
1706585320.180119 49.990806 -12.592331 0.150379 -0.007832 -0.015587 -0.141108 0.989841
1706585320.278784 50.126172 -12.632986 0.151584 -0.009552 -0.014093 -0.143290 0.989534
1706585320.382367 50.257305 -12.675813 0.155821 -0.010110 -0.013312 -0.144353 0.989385
1706585320.482596 50.395116 -12.722272 0.157061 -0.008090 -0.013362 -0.146091 0.989148
1706585320.581583 50.534328 -12.763475 0.159852 -0.007184 -0.010775 -0.150654 0.988502
1706585320.682285 50.674910 -12.803404 0.166824 -0.010021 -0.008326 -0.153545 0.988056
1706585320.782920 50.815788 -12.850729 0.166219 -0.008719 -0.007129 -0.154296 0.987961
1706585320.882755 50.955971 -12.886833 0.174415 -0.010441 -0.005957 -0.159183 0.987176
1706585320.982592 51.082629 -12.934998 0.173397 -0.009952 -0.009722 -0.159838 0.987045
1706585321.082416 51.204519 -12.992772 0.181396 -0.005627 -0.014131 -0.162710 0.986557
1706585321.182247 51.346577 -13.046287 0.178946 -0.007737 -0.011615 -0.166593 0.985927
1706585321.282409 51.482806 -13.092961 0.189559 -0.009840 -0.012078 -0.169347 0.985433
1706585321.381085 51.612110 -13.125682 0.179943 -0.014919 -0.011667 -0.171165 0.985060
1706585321.479725 51.743271 -13.186592 0.190495 -0.008951 -0.009880 -0.173699 0.984708
1706585321.578439 51.865582 -13.235339 0.194683 -0.009005 -0.012702 -0.178598 0.983799
1706585321.682221 52.002976 -13.275130 0.191489 -0.012780 -0.009619 -0.181071 0.983340
1706585321.782859 52.124015 -13.324557 0.202087 -0.015210 -0.012080 -0.184139 0.982708
1706585321.882714 52.240550 -13.373106 0.205858 -0.018105 -0.014077 -0.186947 0.982102
1706585321.982564 52.368162 -13.423933 0.209219 -0.016592 -0.017490 -0.189720 0.981542
1706585322.082422 52.497591 -13.476263 0.213690 -0.016467 -0.017446 -0.190766 0.981342
1706585322.182253 52.631599 -13.531376 0.222418 -0.013647 -0.016029 -0.190550 0.981452
1706585322.282898 52.768627 -13.574263 0.222508 -0.015936 -0.014266 -0.188636 0.981814
1706585322.382749 52.901065 -13.632984 0.220525 -0.013729 -0.012125 -0.183165 0.982912
1706585322.482599 53.028665 -13.689506 0.227873 -0.012388 -0.011335 -0.182278 0.983104
1706585322.582140 53.158567 -13.733395 0.225737 -0.015060 -0.009053 -0.179264 0.983644
1706585322.680800 53.294632 -13.772721 0.222503 -0.017674 -0.009841 -0.178671 0.983701
1706585322.779443 53.416720 -13.819184 0.230239 -0.019577 -0.004209 -0.180473 0.983376
1706585322.882750 53.531660 -13.864081 0.236679 -0.018762 -0.012039 -0.178676 0.983655
1706585322.982584 53.659832 -13.912440 0.238256 -0.019777 -0.015559 -0.180718 0.983213
1706585323.082409 53.786197 -13.952072 0.233135 -0.024237 -0.013150 -0.183176 0.982693
1706585323.182253 53.905766 -14.004593 0.241774 -0.019910 -0.017912 -0.183935 0.982574
1706585323.282896 54.032084 -14.056943 0.255790 -0.019729 -0.019104 -0.184973 0.982360
1706585323.382733 54.159940 -14.102557 0.262497 -0.021200 -0.022684 -0.186957 0.981877
1706585323.482570 54.282749 -14.151107 0.264126 -0.021836 -0.023249 -0.188648 0.981527
1706585323.582409 54.401614 -14.195700 0.274324 -0.023227 -0.030617 -0.188804 0.981263
1706585323.682234 54.523149 -14.251798 0.286625 -0.020219 -0.029281 -0.187745 0.981573
1706585323.782877 54.657220 -14.298217 0.290683 -0.019969 -0.029292 -0.180789 0.982883
1706585323.882013 54.782437 -14.351605 0.294340 -0.018639 -0.028345 -0.173941 0.984172
1706585323.980686 54.920623 -14.379122 0.307659 -0.020397 -0.022201 -0.169366 0.985092
1706585324.079374 55.061367 -14.423950 0.312366 -0.019009 -0.017203 -0.161709 0.986505
1706585324.182230 55.193540 -14.472666 0.313989 -0.013401 -0.013071 -0.158053 0.987253
1706585324.282878 55.334096 -14.507315 0.305028 -0.020173 -0.011111 -0.157721 0.987215
1706585324.382717 55.476772 -14.558388 0.304588 -0.020903 -0.001660 -0.162344 0.986511
1706585324.482548 55.613184 -14.625063 0.307194 -0.017844 -0.000359 -0.170685 0.985164
1706585324.582393 55.765196 -14.690519 0.306139 -0.012472 0.009821 -0.172564 0.984870
1706585324.682235 55.905132 -14.740167 0.299237 -0.012664 0.008058 -0.169268 0.985456
1706585324.782879 56.041809 -14.799404 0.301630 -0.010284 0.007755 -0.166391 0.985976
1706585324.882727 56.192262 -14.850704 0.297057 -0.006009 0.009371 -0.163466 0.986486
1706585324.982562 56.316660 -14.895221 0.300753 -0.002455 0.000816 -0.158683 0.987326
1706585325.082404 56.441845 -14.931090 0.292749 -0.002791 0.001453 -0.150738 0.988569
1706585325.181545 56.551375 -14.959921 0.295856 -0.002943 -0.001661 -0.139615 0.990200
1706585325.280286 56.669913 -14.991303 0.300446 -0.000678 -0.005438 -0.128836 0.991651
1706585325.379050 56.789319 -15.016930 0.302818 -0.003192 -0.003662 -0.125436 0.992090
1706585325.482567 56.904813 -15.034138 0.302843 -0.007905 -0.006326 -0.123318 0.992316
1706585325.582416 57.008997 -15.062845 0.313030 -0.008017 -0.006830 -0.118615 0.992884
1706585325.682259 57.117633 -15.088358 0.305208 -0.008946 -0.009771 -0.114340 0.993353
1706585325.782900 57.235649 -15.112915 0.302772 -0.008555 -0.012514 -0.111562 0.993642
1706585325.882734 57.362940 -15.132628 0.297509 -0.010168 -0.009277 -0.106936 0.994171
1706585325.982575 57.508842 -15.152933 0.295044 -0.014672 -0.003419 -0.105801 0.994273
1706585326.082399 57.665016 -15.187781 0.296031 -0.015659 0.004776 -0.104302 0.994411
1706585326.182230 57.798514 -15.234478 0.300944 -0.003388 0.004656 -0.098852 0.995085
1706585326.282866 57.927148 -15.287199 0.305866 0.010358 0.002171 -0.093912 0.995524
1706585326.382556 58.053669 -15.304267 0.308223 0.009438 0.002996 -0.088908 0.995991
1706585326.481328 58.177259 -15.297222 0.303701 -0.001404 -0.002500 -0.081294 0.996686
1706585326.580006 58.327232 -15.294380 0.294132 -0.014358 0.005063 -0.075970 0.996994
1706585326.678827 58.455788 -15.312384 0.296687 -0.010008 0.000680 -0.069563 0.997527
1706585326.782880 58.589415 -15.328637 0.295263 -0.013752 -0.000397 -0.062944 0.997922
1706585326.882636 58.717221 -15.355188 0.299267 -0.006439 -0.000397 -0.058652 0.998258
1706585326.981530 58.840258 -15.376052 0.298090 -0.005003 -0.005574 -0.056060 0.998399
1706585327.082391 58.980905 -15.384671 0.301189 -0.009276 -0.006188 -0.055267 0.998409
1706585327.182243 59.128466 -15.382592 0.290747 -0.020404 0.003523 -0.051858 0.998440
1706585327.282873 59.274854 -15.404993 0.288743 -0.014711 0.006393 -0.051060 0.998567
1706585327.382705 59.415472 -15.452237 0.285889 0.000874 0.010842 -0.054032 0.998480
1706585327.482549 59.552550 -15.480147 0.291302 0.005759 0.014422 -0.062943 0.997896
1706585327.582400 59.673524 -15.474598 0.289474 -0.010265 0.003357 -0.069693 0.997510
1706585327.682236 59.812076 -15.477021 0.274978 -0.022422 -0.000991 -0.079681 0.996568
1706585327.781078 59.940483 -15.515035 0.273539 -0.015460 0.000375 -0.093984 0.995454
1706585327.879977 60.053839 -15.561393 0.275560 -0.011835 -0.008450 -0.105076 0.994358
1706585327.982553 60.181739 -15.599260 0.280071 -0.010708 -0.005101 -0.118853 0.992841
1706585328.082398 60.318156 -15.632444 0.280724 -0.010395 -0.005151 -0.131210 0.991287
1706585328.182249 60.469516 -15.682607 0.271733 -0.007311 0.004066 -0.142458 0.989765
1706585328.282895 60.614632 -15.734546 0.279191 -0.006851 0.012045 -0.157467 0.987427
1706585328.382740 60.768739 -15.767328 0.273274 -0.014708 0.017760 -0.168385 0.985452
1706585328.482598 60.890075 -15.828213 0.280381 -0.011293 0.007647 -0.172964 0.984834
1706585328.582437 60.975061 -15.899208 0.285721 -0.003249 -0.019114 -0.176857 0.984046
1706585328.682259 61.064718 -15.963454 0.291334 0.007789 -0.033011 -0.177183 0.983593
1706585328.782898 61.177892 -16.030822 0.290274 0.014606 -0.032748 -0.173750 0.984137
1706585328.882756 61.301225 -16.099331 0.290164 0.024543 -0.026598 -0.177515 0.983452
1706585328.982179 61.446059 -16.134290 0.294767 0.016173 -0.008203 -0.185132 0.982546
1706585329.080909 61.582142 -16.133981 0.291150 -0.006775 -0.001956 -0.190905 0.981583
1706585329.179759 61.707309 -16.126330 0.290441 -0.034570 -0.001311 -0.197795 0.979633
1706585329.282919 61.844138 -16.172838 0.290325 -0.037705 0.004056 -0.205178 0.977990
1706585329.382759 61.946626 -16.241427 0.293648 -0.027561 -0.002693 -0.209806 0.977351
1706585329.482611 62.056171 -16.323312 0.297210 -0.018127 -0.004173 -0.212722 0.976936
1706585329.582447 62.177938 -16.384554 0.293918 -0.021226 -0.002547 -0.215184 0.976339
1706585329.682280 62.296546 -16.445280 0.291007 -0.024068 -0.004412 -0.221017 0.974963
1706585329.782920 62.419943 -16.504518 0.295188 -0.022736 -0.004115 -0.222803 0.974590
1706585329.882770 62.545880 -16.551529 0.295624 -0.022972 -0.003423 -0.218507 0.975559
1706585329.982613 62.675003 -16.605263 0.293753 -0.020928 -0.002381 -0.209590 0.977562
1706585330.082466 62.798188 -16.655673 0.295411 -0.017395 -0.004695 -0.196980 0.980242
1706585330.182303 62.926769 -16.707173 0.290429 -0.014892 -0.002885 -0.185118 0.982599
1706585330.281915 63.048690 -16.744408 0.287531 -0.018247 -0.003068 -0.179103 0.983656
1706585330.380759 63.167940 -16.785621 0.293008 -0.021220 -0.001204 -0.180281 0.983386
1706585330.479694 63.283227 -16.833166 0.299880 -0.021266 -0.004378 -0.183757 0.982732
1706585330.582832 63.408169 -16.878759 0.302225 -0.020360 -0.004069 -0.190481 0.981471
1706585330.682673 63.524494 -16.928789 0.297834 -0.025238 -0.005932 -0.194350 0.980590
1706585330.782510 63.640778 -16.990213 0.302880 -0.022682 -0.003431 -0.198893 0.979753
1706585330.882340 63.750693 -17.043636 0.299828 -0.020338 -0.008364 -0.201669 0.979207
1706585330.982581 63.871572 -17.095288 0.302058 -0.020476 -0.006196 -0.199231 0.979719
1706585331.082419 63.984194 -17.137184 0.300189 -0.020604 -0.008311 -0.194679 0.980615
1706585331.181621 64.098521 -17.181683 0.298847 -0.018420 -0.010878 -0.186716 0.982181
1706585331.282920 64.222783 -17.226725 0.299558 -0.020521 -0.005600 -0.182312 0.983011
1706585331.382752 64.326737 -17.267512 0.300929 -0.022644 -0.008236 -0.175300 0.984220
1706585331.482581 64.432480 -17.299522 0.312150 -0.022615 -0.008642 -0.169305 0.985266
1706585331.581983 64.546988 -17.342279 0.313298 -0.023322 -0.007227 -0.167975 0.985489
1706585331.680932 64.665554 -17.381458 0.318475 -0.021649 -0.009321 -0.169623 0.985227
1706585331.782887 64.785412 -17.430783 0.321573 -0.021397 -0.012802 -0.173351 0.984544
1706585331.882727 64.905948 -17.486175 0.325607 -0.016632 -0.012635 -0.182612 0.982963
1706585331.982569 65.006206 -17.525838 0.325320 -0.021741 -0.022441 -0.187258 0.981814
1706585332.082415 65.134140 -17.567715 0.319277 -0.026556 -0.019230 -0.195726 0.980110
1706585332.182251 65.252051 -17.622095 0.324601 -0.027107 -0.017309 -0.203320 0.978584
1706585332.282893 65.359763 -17.691139 0.335843 -0.016770 -0.018246 -0.208693 0.977667
1706585332.382404 65.451657 -17.757455 0.341648 -0.012176 -0.020688 -0.219177 0.975390
1706585332.480791 65.563820 -17.785589 0.340490 -0.022456 -0.021081 -0.224092 0.974081
1706585332.582406 65.662974 -17.828497 0.340090 -0.027578 -0.025931 -0.222505 0.974196
1706585332.682245 65.761376 -17.869291 0.352989 -0.026394 -0.025797 -0.223571 0.973989
1706585332.782885 65.867420 -17.924180 0.361319 -0.025483 -0.027783 -0.220866 0.974575
1706585332.882267 65.967270 -17.987535 0.365794 -0.017148 -0.026742 -0.217332 0.975581
1706585332.981427 66.072341 -18.050858 0.373155 -0.013117 -0.026304 -0.220564 0.974929
1706585333.082395 66.199900 -18.115170 0.375948 -0.014348 -0.019242 -0.223499 0.974409
1706585333.182238 66.305892 -18.177101 0.379299 -0.014858 -0.018914 -0.218277 0.975590
1706585333.282862 66.416334 -18.244643 0.391398 -0.002585 -0.017455 -0.212730 0.976952
1706585333.382697 66.544750 -18.287312 0.397825 -0.004311 -0.015635 -0.214501 0.976589
1706585333.482537 66.662922 -18.314107 0.396618 -0.013836 -0.016404 -0.212926 0.976833
1706585333.582363 66.793012 -18.367868 0.383927 -0.018382 -0.004755 -0.208260 0.977889
1706585333.681502 66.930627 -18.430483 0.386520 -0.007305 0.009511 -0.199990 0.979725
1706585333.780034 67.055013 -18.496805 0.394926 0.003878 0.012278 -0.187697 0.982143
1706585333.878576 67.190583 -18.540824 0.389020 0.003777 0.023448 -0.175570 0.984180
1706585333.982887 67.337689 -18.563385 0.377969 -0.003026 0.027662 -0.163320 0.986181
1706585334.082734 67.454483 -18.591203 0.368323 -0.011064 0.024861 -0.150897 0.988175
1706585334.181980 67.569577 -18.621298 0.370273 -0.014068 0.024307 -0.141841 0.989491
1706585334.281150 67.689200 -18.651627 0.363280 -0.014152 0.024994 -0.141248 0.989558
1706585334.382272 67.809692 -18.684832 0.348946 -0.018264 0.023402 -0.140913 0.989577
1706585334.482911 67.924637 -18.714056 0.350254 -0.017880 0.018599 -0.143698 0.989285
1706585334.582747 68.040787 -18.739483 0.350504 -0.020180 0.022609 -0.145540 0.988888
1706585334.682595 68.153066 -18.776993 0.343149 -0.019445 0.023812 -0.148266 0.988470
1706585334.782434 68.261979 -18.804202 0.339468 -0.021533 0.022653 -0.147779 0.988526
1706585334.882270 68.370424 -18.836063 0.341316 -0.021613 0.019791 -0.146218 0.988818
1706585334.981012 68.490644 -18.857722 0.329074 -0.027808 0.024469 -0.146033 0.988586
1706585335.079670 68.580487 -18.891338 0.333863 -0.025696 0.019442 -0.140860 0.989505
1706585335.182562 68.687291 -18.937195 0.324694 -0.019186 0.019498 -0.135926 0.990341
1706585335.282402 68.805165 -18.955138 0.320422 -0.022067 0.019108 -0.134916 0.990427
1706585335.382249 68.923598 -18.969017 0.320657 -0.026944 0.013588 -0.132047 0.990784
1706585335.482346 69.039669 -18.986193 0.314427 -0.037709 0.010281 -0.129648 0.990789
1706585335.582742 69.169269 -19.025806 0.308539 -0.035084 0.011239 -0.130493 0.990765
1706585335.682579 69.286008 -19.061551 0.305685 -0.034777 0.007561 -0.130283 0.990838
1706585335.782414 69.425947 -19.095112 0.301937 -0.034882 0.014120 -0.133135 0.990383
1706585335.882247 69.576676 -19.123767 0.294364 -0.039269 0.019916 -0.133808 0.990029
1706585335.982876 69.723649 -19.174935 0.293814 -0.034735 0.021312 -0.134176 0.990119
1706585336.082717 69.890824 -19.201133 0.285896 -0.039587 0.031212 -0.138004 0.989148
1706585336.181935 70.045043 -19.233136 0.270985 -0.048215 0.034692 -0.139192 0.988482
1706585336.280590 70.183238 -19.279532 0.269641 -0.047055 0.027856 -0.140064 0.988631
1706585336.379274 70.316233 -19.323823 0.264891 -0.047528 0.020810 -0.143461 0.988295
1706585336.482901 70.445734 -19.353380 0.259335 -0.051920 0.015726 -0.147249 0.987611
1706585336.582745 70.561236 -19.389910 0.256646 -0.057620 0.008877 -0.147490 0.987344
1706585336.682574 70.685299 -19.431536 0.249703 -0.060953 0.013357 -0.152925 0.986266
1706585336.782412 70.802216 -19.464509 0.250055 -0.063385 0.012156 -0.159017 0.985164
1706585336.882251 70.917681 -19.509281 0.242739 -0.062439 0.014693 -0.162821 0.984568
1706585336.982881 71.024655 -19.557370 0.246327 -0.055018 0.015175 -0.167686 0.984187
1706585337.082722 71.129157 -19.596211 0.252308 -0.058108 0.011527 -0.173971 0.982967
1706585337.182563 71.226209 -19.644980 0.257661 -0.057432 0.007647 -0.177198 0.982468
1706585337.282385 71.341051 -19.695546 0.259400 -0.053595 0.002326 -0.181831 0.981865
1706585337.382228 71.461697 -19.741134 0.255132 -0.053560 -0.002415 -0.179739 0.982252
1706585337.481849 71.582621 -19.781466 0.259512 -0.054081 -0.008003 -0.177605 0.982582
1706585337.580485 71.706345 -19.821848 0.251475 -0.054817 -0.009696 -0.174190 0.983137
1706585337.679111 71.834187 -19.869500 0.254093 -0.050300 -0.011188 -0.171541 0.983828
1706585337.782414 71.969660 -19.920200 0.253448 -0.048364 -0.011325 -0.169572 0.984265
1706585337.882258 72.102852 -19.974409 0.252533 -0.042691 -0.010510 -0.168916 0.984649
1706585337.982898 72.241785 -20.023683 0.253436 -0.046263 -0.005846 -0.169761 0.984381
1706585338.082740 72.372018 -20.076141 0.256136 -0.048102 -0.007996 -0.169488 0.984325
1706585338.182579 72.497194 -20.135562 0.260786 -0.044639 -0.006444 -0.168700 0.984635
1706585338.282433 72.622787 -20.190193 0.265842 -0.041450 -0.008338 -0.168268 0.984834
1706585338.382277 72.747716 -20.229257 0.276103 -0.040725 -0.009659 -0.170247 0.984512
1706585338.482920 72.877474 -20.255742 0.282161 -0.047621 -0.008646 -0.170102 0.984237
1706585338.582766 73.011483 -20.294238 0.280496 -0.050509 -0.007493 -0.168952 0.984301
1706585338.682601 73.137700 -20.344523 0.285166 -0.044064 -0.010597 -0.169701 0.984453
1706585338.781588 73.272846 -20.378061 0.280471 -0.052889 -0.005441 -0.169296 0.984130
1706585338.880227 73.398589 -20.420981 0.287189 -0.053737 -0.006447 -0.170447 0.983879
1706585338.982904 73.530973 -20.462143 0.296090 -0.052912 -0.008476 -0.168428 0.984256
1706585339.082753 73.669855 -20.505113 0.293392 -0.053286 -0.007267 -0.165311 0.984774
1706585339.182597 73.795155 -20.539155 0.295288 -0.061297 -0.009563 -0.162731 0.984718
1706585339.282420 73.926207 -20.578391 0.295339 -0.059173 -0.006239 -0.156493 0.985885
1706585339.382253 74.053698 -20.628292 0.296499 -0.053305 -0.003292 -0.154940 0.986479
1706585339.482885 74.186949 -20.675953 0.298635 -0.051239 -0.000824 -0.150623 0.987262
1706585339.582733 74.335812 -20.700999 0.295322 -0.056676 0.009069 -0.146878 0.987488
1706585339.682566 74.468082 -20.736796 0.302703 -0.053803 0.010488 -0.142769 0.988237
1706585339.782410 74.606987 -20.781837 0.312387 -0.048977 0.017371 -0.140274 0.988748
1706585339.882246 74.723656 -20.827029 0.310955 -0.042384 0.010539 -0.138137 0.989450
1706585339.982574 74.837745 -20.872429 0.310978 -0.038248 0.005351 -0.131674 0.990540
1706585340.081243 74.948359 -20.893573 0.312430 -0.041105 0.003216 -0.125078 0.991290
1706585340.179964 75.067562 -20.904574 0.308003 -0.048711 -0.003699 -0.116146 0.992030
1706585340.282406 75.195761 -20.928470 0.299180 -0.045310 0.000430 -0.106017 0.993331
1706585340.382266 75.310457 -20.963381 0.297602 -0.039663 0.001825 -0.102358 0.993955
1706585340.482913 75.438354 -20.979230 0.297017 -0.046569 0.006430 -0.098967 0.993980
1706585340.582763 75.579690 -21.000116 0.288225 -0.047268 0.012333 -0.100165 0.993771
1706585340.682610 75.703016 -21.025810 0.289914 -0.047246 0.010618 -0.103073 0.993494
1706585340.782448 75.833935 -21.051543 0.287222 -0.049871 0.013237 -0.102006 0.993445
1706585340.882287 75.961473 -21.088740 0.285227 -0.044299 0.012676 -0.104683 0.993438
1706585340.982922 76.089721 -21.105590 0.289989 -0.044564 0.009531 -0.105902 0.993332
1706585341.082761 76.218898 -21.128228 0.281352 -0.051809 0.013663 -0.105739 0.992949
1706585341.182605 76.361143 -21.166774 0.266694 -0.048665 0.020429 -0.107980 0.992751
1706585341.282082 76.503650 -21.214191 0.260834 -0.038543 0.033490 -0.106494 0.993001
1706585341.380734 76.636442 -21.257899 0.254708 -0.032465 0.034367 -0.110796 0.992718
1706585341.479360 76.781902 -21.288004 0.251882 -0.036054 0.038230 -0.115537 0.991912
1706585341.582731 76.913413 -21.325535 0.246662 -0.035204 0.032113 -0.118434 0.991818
1706585341.682583 77.035592 -21.363614 0.241952 -0.030950 0.029312 -0.123077 0.991481
1706585341.782420 77.184969 -21.398307 0.224238 -0.033654 0.038864 -0.126712 0.990606
1706585341.882247 77.329505 -21.440740 0.211205 -0.032109 0.043659 -0.128932 0.990171
1706585341.982881 77.464424 -21.476413 0.203631 -0.034962 0.041102 -0.131754 0.989813
1706585342.082731 77.586739 -21.520623 0.197540 -0.031003 0.036511 -0.134280 0.989785
1706585342.182569 77.694796 -21.557704 0.191287 -0.033799 0.029053 -0.139213 0.989259
1706585342.282423 77.797596 -21.584140 0.189009 -0.037516 0.024137 -0.144465 0.988504
1706585342.382280 77.905212 -21.612944 0.189482 -0.039222 0.022248 -0.145719 0.988298
1706585342.482919 78.015037 -21.651120 0.189142 -0.038090 0.021825 -0.148492 0.987939
1706585342.581840 78.105434 -21.684681 0.178475 -0.037221 0.013113 -0.150655 0.987798
1706585342.680516 78.208707 -21.718766 0.176534 -0.036663 0.013887 -0.153204 0.987417
1706585342.779253 78.306168 -21.756674 0.177550 -0.033222 0.006955 -0.152628 0.987701
1706585342.882281 78.421972 -21.798632 0.174531 -0.031323 0.009490 -0.155071 0.987361
1706585342.982928 78.547849 -21.836776 0.173938 -0.032560 0.008989 -0.158216 0.986827
1706585343.082763 78.673936 -21.875826 0.170454 -0.037245 0.007698 -0.161095 0.986206
1706585343.182615 78.813467 -21.917132 0.166490 -0.038552 0.011713 -0.167389 0.985067
1706585343.282464 78.959957 -21.953849 0.157781 -0.047754 0.012586 -0.172618 0.983750
1706585343.382303 79.111512 -22.005812 0.155199 -0.051050 0.015454 -0.177191 0.982730
1706585343.482540 79.267782 -22.052478 0.151996 -0.050817 0.021813 -0.182824 0.981589
1706585343.582376 79.398912 -22.106903 0.148890 -0.053298 0.020980 -0.190095 0.980093
1706585343.682220 79.530472 -22.161017 0.151252 -0.056184 0.018000 -0.195045 0.979018
1706585343.782844 79.655631 -22.218103 0.152684 -0.058366 0.015540 -0.203479 0.977215
1706585343.881609 79.774105 -22.268244 0.147586 -0.063569 0.014593 -0.210310 0.975457
1706585343.980290 79.893802 -22.316458 0.143761 -0.067293 0.014001 -0.217686 0.973596
1706585344.079000 80.005522 -22.374549 0.139705 -0.064424 0.015690 -0.223037 0.972552
1706585344.182582 80.112938 -22.439521 0.141089 -0.063819 0.013981 -0.229109 0.971206
1706585344.282416 80.219460 -22.486952 0.141373 -0.066083 0.012853 -0.237158 0.969136
1706585344.382259 80.326651 -22.541491 0.135708 -0.065620 0.011352 -0.242894 0.967764
1706585344.482914 80.425034 -22.598710 0.142435 -0.062151 0.005902 -0.249272 0.966419
1706585344.582736 80.531116 -22.660227 0.142421 -0.062797 0.002484 -0.252172 0.965640
1706585344.682579 80.646679 -22.715904 0.144825 -0.063774 0.005581 -0.254423 0.964972
1706585344.781576 80.759454 -22.779251 0.141905 -0.063991 0.006802 -0.249608 0.966206
1706585344.880349 80.871712 -22.837926 0.148317 -0.061546 0.009484 -0.239138 0.968987
1706585344.982910 80.999028 -22.903256 0.144543 -0.058979 0.017494 -0.226878 0.971978
1706585345.082661 81.125817 -22.960791 0.141604 -0.055993 0.020588 -0.213939 0.975024
1706585345.181308 81.252013 -23.003681 0.139123 -0.056507 0.025004 -0.201604 0.977516
1706585345.280037 81.373238 -23.040644 0.131639 -0.060719 0.024353 -0.191904 0.979231
1706585345.378783 81.495860 -23.087600 0.129108 -0.059319 0.022477 -0.184516 0.980780
1706585345.482539 81.613459 -23.129928 0.127511 -0.059834 0.018798 -0.183872 0.980947
1706585345.582368 81.727177 -23.166321 0.117541 -0.065508 0.018668 -0.185582 0.980265
1706585345.682602 81.837491 -23.203164 0.112254 -0.069552 0.016663 -0.189642 0.979245
1706585345.782434 81.940525 -23.243413 0.117978 -0.071636 0.015970 -0.196534 0.977746
1706585345.882265 82.041029 -23.292867 0.119404 -0.072149 0.020834 -0.204468 0.975988
1706585345.982867 82.141988 -23.347319 0.114930 -0.068257 0.020572 -0.210816 0.974923
1706585346.081429 82.235151 -23.398530 0.114596 -0.064973 0.018619 -0.216762 0.973882
1706585346.182577 82.322971 -23.461201 0.120946 -0.057792 0.019602 -0.224718 0.972511
1706585346.282400 82.436358 -23.506054 0.111739 -0.064625 0.022445 -0.230438 0.970679
1706585346.382240 82.542213 -23.562953 0.115462 -0.063907 0.022090 -0.232669 0.970203
1706585346.481040 82.659567 -23.629635 0.106277 -0.064568 0.027450 -0.237228 0.968917
1706585346.579776 82.789841 -23.689700 0.101795 -0.062935 0.031845 -0.241987 0.967712
1706585346.682573 82.924320 -23.753339 0.090885 -0.062841 0.035081 -0.249895 0.965595
1706585346.782412 83.061964 -23.825215 0.087755 -0.060687 0.043308 -0.256261 0.963728
1706585346.882267 83.176196 -23.895983 0.077765 -0.065296 0.043185 -0.261493 0.962025
1706585346.982885 83.288823 -23.975728 0.077791 -0.060461 0.042663 -0.267834 0.960619
1706585347.082717 83.401573 -24.057201 0.075455 -0.060262 0.044064 -0.275243 0.958472
1706585347.182556 83.510697 -24.136681 0.071276 -0.061018 0.041400 -0.282328 0.956480
1706585347.281539 83.620209 -24.220993 0.069972 -0.055180 0.039902 -0.288835 0.954954
1706585347.380137 83.713962 -24.306780 0.069302 -0.049220 0.038922 -0.295492 0.953282
1706585347.478725 83.798021 -24.369718 0.059521 -0.049842 0.038301 -0.301458 0.951405
1706585347.582709 83.866086 -24.433764 0.058159 -0.043948 0.034412 -0.305578 0.950529
1706585347.681943 83.932961 -24.482413 0.054788 -0.048373 0.031113 -0.309273 0.949232
1706585347.780729 84.001550 -24.530705 0.052093 -0.048672 0.029655 -0.312222 0.948298
1706585347.879546 84.064031 -24.584871 0.058592 -0.045979 0.027953 -0.314195 0.947832
1706585347.982884 84.152732 -24.655314 0.045251 -0.042378 0.038589 -0.313282 0.947929
1706585348.082725 84.254428 -24.728152 0.031364 -0.037965 0.048735 -0.308680 0.949158
1706585348.182569 84.346632 -24.794377 0.029007 -0.038699 0.051522 -0.301230 0.951372
1706585348.282407 84.452609 -24.854537 0.025534 -0.036719 0.060267 -0.288483 0.954881
1706585348.382259 84.571023 -24.914770 0.018740 -0.034031 0.070281 -0.277106 0.957661
1706585348.482343 84.661439 -24.941056 0.011252 -0.038798 0.055118 -0.266342 0.961519
1706585348.581092 84.756070 -24.930293 -0.007373 -0.062302 0.047679 -0.256412 0.963378
1706585348.679843 84.832644 -24.902242 -0.018762 -0.094231 0.038340 -0.245357 0.964080
1706585348.778614 84.905018 -24.911945 -0.015324 -0.098514 0.036792 -0.236183 0.966001
1706585348.882280 84.957235 -24.984812 -0.016675 -0.085682 0.033615 -0.230138 0.968796
1706585348.981848 84.964773 -25.060486 -0.006814 -0.063793 0.013765 -0.225152 0.972136
1706585349.080750 84.983213 -25.143642 0.001215 -0.039317 0.003225 -0.225277 0.973496
1706585349.179586 85.061658 -25.182733 -0.000865 -0.030839 0.005017 -0.220013 0.974996
1706585349.282431 85.128434 -25.198718 -0.008219 -0.038848 -0.002806 -0.217249 0.975339
1706585349.382267 85.223783 -25.226210 -0.008527 -0.045996 -0.002082 -0.213712 0.975811
1706585349.482908 85.326026 -25.276898 -0.011921 -0.040003 0.000422 -0.209103 0.977075
1706585349.582739 85.435849 -25.337010 -0.009866 -0.037686 0.001725 -0.203244 0.978401
1706585349.682581 85.554184 -25.372234 -0.005553 -0.042261 0.003380 -0.197745 0.979336
1706585349.782396 85.678550 -25.420586 -0.011752 -0.041693 0.007868 -0.192338 0.980411
1706585349.881107 85.789212 -25.472633 -0.010959 -0.039635 0.006622 -0.186916 0.981554
1706585349.979823 85.903832 -25.509077 -0.010666 -0.044661 0.009030 -0.183363 0.981989
1706585350.082731 86.029530 -25.544798 -0.011416 -0.047782 0.011505 -0.179771 0.982480
1706585350.182557 86.152300 -25.569248 -0.011350 -0.048542 0.010877 -0.176328 0.983074
1706585350.281735 86.254579 -25.613587 -0.009820 -0.045842 0.011221 -0.172030 0.983960
1706585350.380618 86.368261 -25.650830 -0.012056 -0.043165 0.009037 -0.168969 0.984634
1706585350.482879 86.480982 -25.690056 -0.010499 -0.043874 0.008205 -0.165378 0.985220
1706585350.582710 86.601537 -25.743997 -0.012388 -0.040303 0.011998 -0.165128 0.985375
1706585350.682538 86.714115 -25.788165 -0.015993 -0.043772 0.012783 -0.162544 0.985647
1706585350.782373 86.831940 -25.834003 -0.021580 -0.043346 0.018849 -0.161886 0.985677
1706585350.882187 86.960659 -25.882158 -0.024925 -0.042737 0.024094 -0.161540 0.985646
1706585350.982823 87.089575 -25.926743 -0.031002 -0.043054 0.026770 -0.159734 0.985857
1706585351.082142 87.217564 -25.977793 -0.040225 -0.041914 0.029859 -0.159740 0.985817
1706585351.180583 87.342358 -26.014161 -0.044291 -0.040372 0.028878 -0.160228 0.985831
1706585351.279114 87.475144 -26.048106 -0.049145 -0.038072 0.028420 -0.161909 0.985661
1706585351.382581 87.589875 -26.071067 -0.049005 -0.040876 0.022109 -0.164372 0.985303
1706585351.482432 87.698600 -26.103963 -0.053359 -0.045501 0.019752 -0.170469 0.984114
1706585351.581647 87.809274 -26.136425 -0.051035 -0.047561 0.014577 -0.177175 0.982921
1706585351.680559 87.920843 -26.199304 -0.052562 -0.041193 0.015330 -0.177250 0.983184
1706585351.782751 88.024808 -26.249861 -0.056345 -0.036741 0.013559 -0.172770 0.984183
1706585351.882587 88.131039 -26.271304 -0.059623 -0.042750 0.016324 -0.168508 0.984638
1706585351.982429 88.228489 -26.298880 -0.063341 -0.044931 0.014463 -0.162716 0.985543
1706585352.082274 88.316174 -26.342170 -0.061227 -0.041872 0.012131 -0.156879 0.986655
1706585352.182919 88.404638 -26.386811 -0.060295 -0.037315 0.009894 -0.152767 0.987508
1706585352.282757 88.491318 -26.419942 -0.059807 -0.037068 0.009307 -0.150720 0.987837
1706585352.381750 88.581700 -26.445809 -0.064651 -0.039577 0.007867 -0.148694 0.988060
1706585352.480305 88.676241 -26.469705 -0.064511 -0.038516 0.007396 -0.146947 0.988366
1706585352.578893 88.773747 -26.501206 -0.065211 -0.035389 0.006612 -0.144284 0.988881
1706585352.682933 88.874749 -26.526492 -0.064937 -0.033014 0.005273 -0.143979 0.989016
1706585352.782766 88.969601 -26.568095 -0.068661 -0.032012 0.004698 -0.142105 0.989323
1706585352.881815 89.075476 -26.588556 -0.072600 -0.033689 0.007137 -0.141301 0.989368
1706585352.980830 89.189076 -26.607093 -0.074650 -0.034855 0.008834 -0.139928 0.989509
1706585353.082308 89.296507 -26.635255 -0.072001 -0.033912 0.010643 -0.138965 0.989659
1706585353.182560 89.405851 -26.664279 -0.075916 -0.034496 0.012578 -0.135887 0.990044
1706585353.282393 89.503844 -26.710688 -0.077318 -0.027918 0.011712 -0.137120 0.990092
1706585353.382218 89.601853 -26.760826 -0.081317 -0.027692 0.010628 -0.142750 0.989314
1706585353.482839 89.703119 -26.778105 -0.078050 -0.036973 0.006769 -0.147034 0.988417
1706585353.582669 89.801281 -26.808371 -0.076829 -0.034146 0.007877 -0.146224 0.988631
1706585353.681663 89.898745 -26.827974 -0.079699 -0.032833 0.007001 -0.142258 0.989260
1706585353.780247 90.002517 -26.854474 -0.081255 -0.033563 0.007313 -0.137168 0.989952
1706585353.882582 90.104922 -26.886585 -0.082968 -0.033497 0.010669 -0.131843 0.990647
1706585353.982429 90.210558 -26.897838 -0.088916 -0.035590 0.017783 -0.128481 0.990914
1706585354.082270 90.316755 -26.933930 -0.095422 -0.033419 0.020506 -0.124210 0.991481
1706585354.181985 90.418735 -26.960821 -0.098447 -0.032880 0.021752 -0.123361 0.991578
1706585354.282756 90.530977 -26.983441 -0.104150 -0.035147 0.027795 -0.123149 0.991376
1706585354.382606 90.649625 -26.994810 -0.116388 -0.040790 0.029942 -0.125799 0.990765
1706585354.482443 90.746603 -27.016845 -0.116695 -0.043714 0.023847 -0.131752 0.990031
1706585354.582281 90.843789 -27.058695 -0.119523 -0.040664 0.021584 -0.138877 0.989239
1706585354.682926 90.948211 -27.080318 -0.125876 -0.047884 0.021438 -0.145644 0.987945
1706585354.782768 91.045017 -27.109519 -0.130132 -0.048615 0.016652 -0.151044 0.987190
1706585354.882613 91.137930 -27.140639 -0.137618 -0.049118 0.010555 -0.155289 0.986591
1706585354.981365 91.232993 -27.196515 -0.139873 -0.043771 0.010915 -0.160624 0.985984
1706585355.079980 91.341058 -27.238853 -0.140811 -0.042873 0.016740 -0.167426 0.984810
1706585355.182924 91.457775 -27.268423 -0.146057 -0.048732 0.021787 -0.174999 0.983121
1706585355.282759 91.559745 -27.309034 -0.146015 -0.047876 0.025673 -0.182117 0.981775
1706585355.382605 91.661676 -27.352766 -0.145353 -0.046330 0.031138 -0.183349 0.981462
1706585355.482387 91.760818 -27.374474 -0.144734 -0.053430 0.031721 -0.178557 0.981966
1706585355.582279 91.860315 -27.388596 -0.156919 -0.059929 0.032127 -0.173149 0.982546
1706585355.682921 91.954923 -27.423123 -0.162740 -0.058557 0.034186 -0.168386 0.983386
1706585355.782784 92.043452 -27.470932 -0.168602 -0.053051 0.033056 -0.166203 0.984108
1706585355.882622 92.136914 -27.510065 -0.171145 -0.049840 0.035072 -0.160526 0.985148
1706585355.982463 92.237186 -27.532101 -0.185802 -0.050308 0.041569 -0.154409 0.985849
1706585356.082309 92.337365 -27.550719 -0.193044 -0.052362 0.045232 -0.147088 0.986700
1706585356.182164 92.433624 -27.562552 -0.206507 -0.054952 0.047138 -0.135496 0.988129
1706585356.280594 92.529475 -27.581047 -0.220849 -0.054443 0.052577 -0.125696 0.989177
1706585356.379086 92.628156 -27.591924 -0.232280 -0.052330 0.062468 -0.115060 0.990010
1706585356.482862 92.728441 -27.628027 -0.242902 -0.043434 0.071934 -0.105471 0.990866
1706585356.582711 92.818863 -27.656514 -0.254855 -0.038750 0.078255 -0.102226 0.990921
1706585356.682543 92.919122 -27.665675 -0.272637 -0.041766 0.086873 -0.101240 0.990181
1706585356.781626 93.022285 -27.670250 -0.288280 -0.052122 0.094343 -0.101006 0.989030
1706585356.880802 93.134733 -27.680418 -0.308328 -0.057681 0.099581 -0.102884 0.988014
1706585356.982878 93.242867 -27.711954 -0.327072 -0.051660 0.099387 -0.099932 0.988669
1706585357.082718 93.346591 -27.760673 -0.338900 -0.041656 0.094922 -0.096412 0.989929
1706585357.182562 93.449292 -27.808951 -0.358016 -0.028533 0.089786 -0.101488 0.990366
1706585357.282385 93.570508 -27.835393 -0.389247 -0.033524 0.096571 -0.118193 0.987715
1706585357.382224 93.687573 -27.834615 -0.424082 -0.049248 0.099967 -0.129458 0.985303
1706585357.481005 93.828544 -27.844463 -0.444509 -0.060789 0.105078 -0.138362 0.982914
1706585357.579515 93.953248 -27.897375 -0.457566 -0.052693 0.117422 -0.138878 0.981911
1706585357.678180 94.053538 -27.960773 -0.470148 -0.038621 0.109259 -0.148436 0.982109
1706585357.782397 94.128121 -28.040134 -0.481963 -0.022431 0.077656 -0.165765 0.982847
1706585357.882240 94.220346 -28.131931 -0.495840 -0.002624 0.064402 -0.176989 0.982100
1706585357.982877 94.318845 -28.199938 -0.506208 0.002801 0.060686 -0.182257 0.981372
1706585358.082718 94.405248 -28.241043 -0.516525 -0.005204 0.050269 -0.187073 0.981045
1706585358.182559 94.492554 -28.283066 -0.522855 -0.001050 0.048832 -0.187169 0.981113
1706585358.282407 94.566517 -28.321526 -0.529542 0.000648 0.042793 -0.190587 0.980737
1706585358.382245 94.634775 -28.360690 -0.533689 0.004277 0.037841 -0.193748 0.980312
1706585358.482876 94.692098 -28.386154 -0.542304 0.000799 0.030709 -0.193120 0.980694
1706585358.582718 94.760639 -28.407511 -0.546504 -0.000603 0.028601 -0.189966 0.981374
1706585358.682396 94.822612 -28.435054 -0.552986 0.000117 0.025347 -0.182612 0.982858
1706585358.780994 94.896177 -28.456962 -0.553298 0.005222 0.026875 -0.173375 0.984475
1706585358.879652 94.955276 -28.466972 -0.561030 0.003582 0.026179 -0.163318 0.986220
1706585358.982855 94.999294 -28.480014 -0.560262 0.004164 0.023892 -0.156217 0.987425
1706585359.082704 95.026425 -28.489547 -0.561465 0.002847 0.018869 -0.149158 0.988629
1706585359.182537 95.057927 -28.494270 -0.561006 0.002293 0.016656 -0.142389 0.989668
1706585359.282376 95.084042 -28.503834 -0.563900 0.004670 0.012500 -0.132979 0.991029
1706585359.382225 95.117353 -28.502189 -0.566531 0.002468 0.016744 -0.128708 0.991538
1706585359.482887 95.161697 -28.496306 -0.565408 -0.001337 0.017954 -0.119936 0.992618
1706585359.582735 95.204535 -28.495630 -0.565590 -0.000189 0.018839 -0.110417 0.993707
1706585359.682583 95.234272 -28.510800 -0.572670 0.007368 0.013826 -0.096878 0.995173
1706585359.782411 95.280695 -28.513376 -0.576037 0.008125 0.017574 -0.085415 0.996157
1706585359.882246 95.323493 -28.498118 -0.577650 0.003195 0.015950 -0.067866 0.997562
1706585359.982136 95.384121 -28.485636 -0.582460 -0.001227 0.015367 -0.051615 0.998548
1706585360.080769 95.442726 -28.482817 -0.581453 -0.000544 0.015677 -0.034797 0.999271
1706585360.179426 95.508380 -28.474720 -0.583375 -0.001610 0.015495 -0.017637 0.999723
1706585360.282385 95.571622 -28.462487 -0.588324 -0.000176 0.020275 -0.000538 0.999794
1706585360.382225 95.645872 -28.447743 -0.591132 0.001002 0.022214 0.019774 0.999557
1706585360.482853 95.718656 -28.427923 -0.589136 -0.000429 0.024930 0.035789 0.999048
1706585360.582688 95.773847 -28.402616 -0.588657 -0.003440 0.020418 0.060479 0.997955
1706585360.682518 95.832606 -28.382407 -0.595071 -0.003099 0.019356 0.080870 0.996532
1706585360.782350 95.883092 -28.347428 -0.597463 -0.009577 0.021840 0.099524 0.994749
1706585360.882593 95.923736 -28.331718 -0.593421 -0.010086 0.019125 0.117854 0.992795
1706585360.982437 95.971951 -28.325864 -0.600044 -0.008793 0.018475 0.137547 0.990284
1706585361.082278 96.016261 -28.314382 -0.604649 -0.004926 0.016183 0.154324 0.987875
1706585361.182926 96.070394 -28.284223 -0.605930 -0.002012 0.014944 0.171210 0.985119
1706585361.281817 96.126244 -28.254517 -0.609136 -0.000626 0.018351 0.188129 0.981973
1706585361.380472 96.182533 -28.233127 -0.602381 0.001851 0.021475 0.206297 0.978252
1706585361.479146 96.221163 -28.195863 -0.597121 0.004808 0.020329 0.223960 0.974374
1706585361.582291 96.260648 -28.141449 -0.605808 -0.000292 0.016615 0.243697 0.969709
1706585361.682935 96.296958 -28.084929 -0.608767 -0.002902 0.015867 0.264358 0.964290
1706585361.782780 96.345421 -28.053899 -0.613150 -0.001114 0.018334 0.284420 0.958524
1706585361.882630 96.389317 -27.995720 -0.622316 -0.005217 0.023399 0.303131 0.952647
1706585361.982453 96.411667 -27.936939 -0.629205 -0.006773 0.020866 0.323270 0.946052
1706585362.082288 96.449466 -27.882536 -0.624257 -0.003201 0.020961 0.345510 0.938175
1706585362.182927 96.487824 -27.822693 -0.619870 -0.002362 0.023435 0.368754 0.929229
1706585362.282771 96.523450 -27.758821 -0.626312 -0.002186 0.023940 0.390236 0.920401
1706585362.382611 96.565648 -27.703017 -0.641805 -0.004380 0.023645 0.412431 0.910672
1706585362.482446 96.608799 -27.638761 -0.656929 0.001680 0.024876 0.433784 0.900672
1706585362.581393 96.642294 -27.578087 -0.660199 0.004692 0.027663 0.455360 0.889865
1706585362.679430 96.684669 -27.529898 -0.655596 0.001355 0.032103 0.474005 0.879936
1706585362.778865 96.710330 -27.474005 -0.672088 0.000712 0.029522 0.491991 0.870099
1706585362.882592 96.746804 -27.424418 -0.663241 0.001730 0.030031 0.507999 0.860832
1706585362.982314 96.775641 -27.371926 -0.659418 0.006789 0.031277 0.516160 0.855894
1706585363.081784 96.782367 -27.321029 -0.652476 0.001644 0.025102 0.518390 0.854774
1706585363.182868 96.805485 -27.273172 -0.644810 0.001194 0.022498 0.515887 0.856360
1706585363.282262 96.852121 -27.231202 -0.638769 0.005311 0.025049 0.512256 0.858451
1706585363.382590 96.909444 -27.184356 -0.646876 0.005799 0.028899 0.500082 0.865476
1706585363.482437 96.953339 -27.137954 -0.646460 0.002601 0.026719 0.477482 0.878232
1706585363.582278 96.982767 -27.095562 -0.663196 -0.000513 0.021586 0.453897 0.890793
1706585363.682910 97.026950 -27.073368 -0.671234 0.003461 0.024911 0.436194 0.899501
1706585363.782558 97.061486 -27.075551 -0.674313 0.006051 0.027611 0.425061 0.904723
1706585363.881063 97.068793 -27.072116 -0.674320 0.006532 0.026789 0.420416 0.906913
1706585363.979480 97.062587 -27.073821 -0.672300 0.006644 0.026653 0.421178 0.906562
1706585364.078056 97.047052 -27.070910 -0.674347 0.008108 0.026371 0.424499 0.905008
1706585364.182919 97.040154 -27.081633 -0.674562 0.006256 0.026415 0.430829 0.902025
1706585364.282761 97.013424 -27.084780 -0.676189 0.005745 0.025916 0.438975 0.898107
1706585364.382601 96.974575 -27.081684 -0.678931 0.005829 0.026000 0.449014 0.893128
1706585364.482086 96.945723 -27.102266 -0.679748 0.003743 0.026609 0.463273 0.885808
1706585364.581531 96.911935 -27.120297 -0.672955 0.002069 0.027012 0.477717 0.878096
1706585364.682525 96.886723 -27.153980 -0.668261 0.004280 0.028413 0.492860 0.869634
1706585364.782361 96.856617 -27.172309 -0.670791 0.005826 0.030397 0.508785 0.860337
1706585364.882578 96.824874 -27.200962 -0.673087 0.005196 0.027444 0.523901 0.851321
1706585364.982382 96.808005 -27.244343 -0.663259 0.001650 0.026660 0.541645 0.840183
1706585365.082235 96.769442 -27.260425 -0.667637 0.000343 0.024286 0.558731 0.828993
1706585365.180988 96.745393 -27.277696 -0.666394 0.002723 0.027438 0.572075 0.819738
1706585365.279733 96.727571 -27.291295 -0.677989 0.007229 0.030711 0.583327 0.811625
1706585365.382520 96.717216 -27.303948 -0.704384 0.006063 0.030146 0.592471 0.805005
1706585365.482368 96.700566 -27.324487 -0.694852 0.004107 0.031041 0.601058 0.798592
1706585365.582602 96.691449 -27.365451 -0.687838 -0.002140 0.030371 0.611657 0.790537
1706585365.682446 96.668757 -27.390638 -0.687053 0.001451 0.032424 0.621316 0.782887
1706585365.782192 96.655352 -27.421502 -0.682261 0.004694 0.035885 0.633317 0.773046
1706585365.882876 96.642926 -27.450487 -0.675306 0.009842 0.035802 0.645159 0.763146
1706585365.982749 96.624853 -27.478711 -0.673030 0.005874 0.033991 0.659459 0.750949
1706585366.082598 96.590860 -27.496934 -0.668089 0.009549 0.036026 0.671242 0.740301
1706585366.182425 96.569859 -27.526692 -0.662619 0.006004 0.032804 0.681360 0.731188
1706585366.282043 96.571219 -27.558104 -0.664744 0.005897 0.031817 0.686671 0.726248
1706585366.381211 96.588530 -27.576655 -0.676484 0.006026 0.032419 0.688853 0.724151
1706585366.480677 96.586981 -27.596277 -0.673586 0.004617 0.032166 0.689899 0.723176
1706585366.579435 96.592965 -27.613690 -0.678796 0.006294 0.032743 0.689559 0.723462
1706585366.682415 96.594363 -27.621069 -0.674208 0.004126 0.031076 0.687742 0.725278
1706585366.782241 96.606880 -27.634726 -0.668311 0.006630 0.033173 0.686774 0.726083
1706585366.882882 96.604514 -27.634773 -0.658643 0.003866 0.030760 0.687375 0.725641
1706585366.982711 96.596737 -27.624751 -0.651234 0.003960 0.032836 0.690573 0.722506
1706585367.082564 96.595144 -27.605029 -0.652987 0.005224 0.031544 0.695731 0.717590
1706585367.182205 96.578647 -27.572669 -0.659060 0.007504 0.030358 0.702028 0.711463
1706585367.282246 96.560051 -27.537796 -0.649004 0.008573 0.030458 0.712102 0.701363
1706585367.382743 96.547833 -27.490150 -0.650216 0.006956 0.030657 0.723084 0.690045
1706585367.482719 96.525549 -27.433784 -0.656950 0.006287 0.034169 0.734961 0.677218
1706585367.582277 96.498812 -27.381708 -0.662250 0.004970 0.032412 0.745927 0.665220
1706585367.681689 96.469340 -27.335565 -0.665264 0.006181 0.027786 0.758261 0.651330
1706585367.780402 96.453617 -27.281331 -0.671136 0.008843 0.029164 0.768128 0.639571
1706585367.878949 96.445519 -27.241109 -0.671136 0.013554 0.032762 0.776796 0.628753
1706585367.982731 96.432051 -27.210777 -0.669100 0.018744 0.033176 0.784226 0.619305
1706585368.082562 96.406493 -27.175237 -0.667767 0.014285 0.028297 0.785910 0.617528
1706585368.181645 96.386795 -27.150758 -0.659380 0.013924 0.028294 0.786204 0.617162
1706585368.280654 96.357836 -27.123880 -0.651916 0.015276 0.030488 0.784858 0.618737
1706585368.382682 96.342657 -27.083331 -0.653072 0.014386 0.031939 0.780576 0.624079
1706585368.481225 96.357237 -27.044686 -0.658239 0.012187 0.033137 0.776194 0.629504
1706585368.581452 96.351983 -27.014313 -0.660725 0.011515 0.036847 0.771545 0.635002
1706585368.681990 96.377699 -26.997435 -0.682142 0.014738 0.038708 0.768114 0.638972
1706585368.780636 96.379079 -27.001123 -0.682487 0.015052 0.041881 0.770214 0.636231
1706585368.882644 96.368053 -27.016092 -0.685656 0.015674 0.040567 0.774407 0.631191
1706585368.981398 96.364510 -27.050688 -0.687348 0.016960 0.037779 0.781074 0.623064
1706585369.079814 96.370085 -27.086667 -0.687974 0.019879 0.037430 0.790801 0.610605
1706585369.178244 96.374882 -27.132904 -0.674189 0.020601 0.036385 0.800818 0.597446
1706585369.282234 96.368157 -27.178448 -0.680721 0.022884 0.034351 0.813111 0.580644
1706585369.381987 96.367847 -27.229349 -0.663025 0.022385 0.035873 0.824621 0.564103
1706585369.482704 96.367978 -27.280263 -0.645226 0.018838 0.035151 0.836486 0.546536
1706585369.582548 96.374666 -27.318309 -0.634324 0.019302 0.039463 0.848495 0.527377
1706585369.681736 96.389379 -27.349524 -0.634285 0.015516 0.035152 0.858159 0.511945
1706585369.782187 96.409977 -27.373005 -0.649275 0.017749 0.031062 0.866097 0.498594
1706585369.881502 96.424792 -27.378592 -0.666314 0.018812 0.026620 0.870735 0.490671
1706585369.982644 96.446542 -27.378445 -0.671313 0.020324 0.027088 0.872953 0.486627
1706585370.082299 96.438447 -27.371508 -0.676353 0.020307 0.026696 0.872483 0.487492
1706585370.182388 96.430744 -27.362813 -0.679454 0.022460 0.028278 0.872639 0.487029
1706585370.281350 96.417523 -27.350118 -0.681959 0.023892 0.027965 0.873511 0.485412
1706585370.380220 96.393528 -27.331907 -0.694208 0.025637 0.027265 0.876348 0.480223
1706585370.479126 96.347688 -27.304061 -0.689803 0.023914 0.028891 0.880120 0.473268
1706585370.578068 96.297379 -27.265927 -0.686785 0.019936 0.028399 0.884611 0.465036
1706585370.682365 96.247030 -27.234368 -0.664609 0.016262 0.028661 0.889770 0.455218
1706585370.782603 96.203425 -27.189928 -0.660072 0.016013 0.027146 0.894622 0.445711
1706585370.882440 96.184491 -27.163770 -0.632692 0.013607 0.028581 0.899559 0.435652
1706585370.981385 96.151955 -27.128289 -0.635584 0.016837 0.027895 0.904169 0.425931
1706585371.082886 96.126432 -27.096474 -0.638911 0.013166 0.027723 0.907350 0.419253
1706585371.182258 96.096586 -27.060159 -0.629829 0.012933 0.031521 0.910777 0.411491
1706585371.282346 96.068036 -27.015411 -0.639265 0.016603 0.036146 0.913779 0.404260
1706585371.382008 96.019456 -26.985810 -0.640495 0.015348 0.036432 0.917119 0.396648
1706585371.482270 95.994897 -26.967486 -0.640659 0.017124 0.029308 0.919359 0.391954
1706585371.581130 95.984491 -26.935479 -0.630751 0.015993 0.034215 0.922395 0.384397
1706585371.680114 95.956992 -26.909887 -0.638637 0.020262 0.034634 0.925176 0.377410
1706585371.782337 95.958339 -26.901952 -0.635929 0.020966 0.029137 0.928048 0.370727
1706585371.881112 95.922975 -26.865047 -0.653603 0.014761 0.029662 0.930477 0.364848
1706585371.982265 95.869135 -26.818133 -0.654479 0.022178 0.028544 0.933817 0.355921
1706585372.082894 95.844100 -26.744061 -0.654221 0.025243 0.044912 0.939374 0.339001
1706585372.182745 95.758413 -26.657722 -0.644783 0.017736 0.049113 0.941946 0.331680
1706585372.281786 95.706874 -26.596684 -0.651676 0.032627 0.049709 0.943894 0.324852
1706585372.380440 95.635024 -26.505267 -0.660865 0.030099 0.049115 0.945167 0.321466
1706585372.479208 95.574605 -26.439138 -0.666108 0.029631 0.050047 0.948771 0.310565
1706585372.581526 95.527321 -26.391782 -0.657080 0.038462 0.039639 0.950726 0.305072
1706585372.682744 95.441237 -26.348425 -0.657465 0.037751 0.029747 0.952564 0.300520
1706585372.782384 95.340574 -26.278464 -0.648087 0.039587 0.032487 0.955339 0.291039
1706585372.881387 95.280717 -26.213297 -0.637616 0.042397 0.040882 0.955897 0.287737
1706585372.980495 95.221895 -26.179445 -0.644516 0.046489 0.038286 0.957221 0.283022
1706585373.082739 95.196150 -26.165990 -0.651462 0.045086 0.038199 0.957236 0.283210
1706585373.181297 95.168519 -26.167778 -0.636087 0.047596 0.036108 0.957440 0.282382
1706585373.282593 95.171965 -26.157819 -0.641499 0.050398 0.038254 0.957222 0.282351
1706585373.382442 95.167111 -26.158781 -0.639028 0.050589 0.035527 0.957097 0.283099
1706585373.482273 95.168433 -26.163576 -0.643040 0.050740 0.037859 0.956428 0.285023
1706585373.581569 95.160463 -26.163392 -0.636857 0.049888 0.036306 0.955868 0.287244
1706585373.680276 95.149772 -26.159301 -0.642465 0.051811 0.035514 0.956069 0.286333
1706585373.779065 95.123663 -26.150140 -0.636144 0.051649 0.037046 0.956957 0.283184
1706585373.877987 95.074243 -26.135523 -0.628878 0.052550 0.035579 0.958309 0.278596
1706585373.982262 95.033029 -26.119579 -0.626310 0.053034 0.036053 0.959936 0.272782
1706585374.082575 95.011167 -26.114023 -0.608799 0.053377 0.033029 0.962127 0.265278
1706585374.181638 94.993620 -26.122489 -0.603919 0.054030 0.026256 0.964529 0.257050
1706585374.282573 94.977657 -26.123601 -0.610200 0.056607 0.026452 0.967081 0.246679
1706585374.382416 94.937305 -26.096807 -0.606399 0.060591 0.028625 0.969871 0.234223
1706585374.482253 94.907951 -26.089737 -0.607727 0.061964 0.026538 0.972923 0.221080
1706585374.582891 94.873681 -26.065036 -0.610235 0.067404 0.028606 0.976345 0.203442
1706585374.682718 94.871139 -26.051584 -0.611232 0.072249 0.031717 0.979090 0.187500
1706585374.782555 94.861126 -26.054634 -0.617509 0.073460 0.029092 0.981804 0.172681
1706585374.882390 94.809645 -26.038948 -0.609784 0.076156 0.029221 0.984207 0.157110
1706585374.980957 94.753647 -26.032694 -0.604896 0.076374 0.031014 0.986365 0.142441
1706585375.082869 94.715420 -26.036804 -0.594123 0.075446 0.025257 0.988586 0.127936
1706585375.182696 94.679942 -26.023664 -0.592533 0.078896 0.028443 0.989841 0.114810
1706585375.282544 94.640969 -26.030119 -0.582590 0.080374 0.023895 0.991328 0.101183
1706585375.382385 94.602299 -26.023189 -0.570990 0.078632 0.024727 0.992479 0.090500
1706585375.482209 94.544633 -26.011523 -0.566011 0.069971 0.026039 0.993815 0.082211
1706585375.582855 94.475905 -26.004731 -0.565674 0.055809 0.023910 0.995199 0.076766
1706585375.682693 94.415222 -25.994577 -0.553437 0.050562 0.021878 0.995618 0.075560
1706585375.782542 94.354023 -25.970013 -0.534901 0.056768 0.028278 0.995056 0.076431
1706585375.882396 94.301358 -25.955378 -0.535592 0.056484 0.031926 0.994747 0.079173
1706585375.982240 94.235941 -25.946770 -0.531272 0.057092 0.030855 0.994578 0.081255
1706585376.082876 94.188440 -25.942596 -0.526669 0.062388 0.028507 0.994114 0.083861
1706585376.181926 94.148789 -25.920536 -0.515291 0.067790 0.034337 0.993462 0.085203
1706585376.280391 94.092284 -25.901760 -0.506282 0.061677 0.037712 0.993338 0.089741
1706585376.382409 94.046074 -25.901654 -0.497132 0.075137 0.026629 0.992638 0.091188
1706585376.482240 94.005357 -25.912681 -0.493961 0.100270 0.015721 0.990319 0.094690
1706585376.582863 93.892471 -25.892373 -0.500820 0.092035 0.021106 0.992219 0.081147
1706585376.682706 93.799942 -25.866771 -0.504241 0.077509 0.034770 0.993416 0.076861
1706585376.782553 93.724734 -25.850488 -0.492592 0.077869 0.034645 0.992450 0.088197
1706585376.882398 93.642677 -25.855223 -0.478718 0.070217 0.019666 0.992320 0.099916
1706585376.982239 93.579261 -25.856159 -0.470393 0.065182 0.014900 0.992583 0.101530
1706585377.082887 93.524235 -25.834548 -0.456238 0.065979 0.014858 0.992489 0.101940
1706585377.182736 93.431249 -25.788465 -0.437252 0.058853 0.025677 0.992796 0.101162
1706585377.282580 93.343538 -25.740517 -0.426186 0.060714 0.040723 0.992079 0.102147
1706585377.382416 93.252213 -25.700801 -0.416653 0.058176 0.044368 0.990991 0.112177
1706585377.481471 93.170748 -25.708155 -0.409308 0.057352 0.031385 0.990891 0.117734
1706585377.580112 93.106633 -25.683264 -0.408217 0.061177 0.030801 0.990956 0.115392
1706585377.682752 93.049851 -25.639177 -0.404995 0.067781 0.045091 0.989892 0.116127
1706585377.782599 92.953074 -25.617012 -0.396691 0.057307 0.043721 0.989548 0.124898
1706585377.882450 92.862715 -25.591069 -0.388928 0.058581 0.045063 0.989452 0.124586
1706585377.982302 92.773933 -25.558239 -0.373478 0.053271 0.051398 0.989621 0.123170
1706585378.082533 92.675081 -25.526662 -0.370788 0.048860 0.051197 0.989291 0.127654
1706585378.182371 92.559418 -25.511522 -0.359886 0.041477 0.042443 0.989928 0.128535
1706585378.282223 92.447503 -25.477008 -0.354633 0.039179 0.043202 0.989822 0.129809
1706585378.382857 92.338977 -25.430964 -0.347908 0.037807 0.050889 0.990028 0.125803
1706585378.482705 92.235324 -25.390699 -0.345628 0.036124 0.058553 0.990890 0.115772
1706585378.582563 92.115285 -25.360219 -0.338164 0.031762 0.064652 0.992299 0.100764
1706585378.682306 92.038016 -25.366681 -0.330401 0.033285 0.059006 0.994224 0.083239
1706585378.780984 91.976597 -25.387839 -0.327713 0.039103 0.049950 0.995625 0.068601
1706585378.879599 91.950553 -25.403695 -0.315897 0.036367 0.045588 0.996692 0.056612
1706585378.982727 91.911745 -25.395930 -0.314626 0.032566 0.048755 0.997180 0.046853
1706585379.082565 91.882694 -25.399085 -0.322456 0.030732 0.050534 0.997511 0.038392
1706585379.182396 91.851032 -25.408190 -0.316178 0.031427 0.047765 0.997843 0.032258
1706585379.282235 91.852302 -25.417987 -0.317888 0.032938 0.049609 0.997877 0.026378
1706585379.382886 91.848281 -25.432643 -0.319212 0.034814 0.049031 0.997985 0.020252
1706585379.482712 91.817683 -25.439216 -0.315982 0.034058 0.047075 0.998210 0.014159
1706585379.582566 91.774367 -25.432898 -0.308180 0.035263 0.051063 0.997998 0.012215
1706585379.682396 91.701848 -25.437274 -0.305659 0.034759 0.045174 0.998226 0.017216
1706585379.782223 91.628342 -25.444314 -0.307828 0.032679 0.037515 0.998590 0.018499
1706585379.882861 91.545283 -25.439761 -0.308062 0.023789 0.040136 0.998691 0.020968
1706585379.981956 91.449412 -25.423790 -0.312716 0.031492 0.040536 0.998315 0.027071
1706585380.080627 91.346846 -25.439682 -0.305541 0.034672 0.029712 0.998308 0.035992
1706585380.179191 91.181860 -25.419962 -0.289253 0.023321 0.029985 0.998611 0.036517
1706585380.282228 91.018906 -25.380208 -0.267004 0.021362 0.036839 0.998218 0.041810
1706585380.382869 90.887694 -25.375141 -0.268346 0.021589 0.031499 0.998249 0.045184
1706585380.482705 90.753826 -25.353651 -0.275710 0.023203 0.036854 0.998074 0.044168
1706585380.582532 90.611790 -25.316402 -0.276923 0.030358 0.047316 0.997438 0.044234
1706585380.682375 90.447940 -25.294092 -0.281032 0.024428 0.047508 0.997115 0.053923
1706585380.782214 90.310549 -25.289264 -0.273436 0.027151 0.043416 0.997119 0.055969
1706585380.882863 90.141660 -25.275858 -0.265989 0.023619 0.042947 0.997045 0.059160
1706585380.982703 89.992979 -25.252746 -0.261964 0.023067 0.047322 0.996404 0.066393
1706585381.082547 89.822868 -25.212505 -0.243592 0.017863 0.047709 0.995753 0.076683
1706585381.182393 89.667155 -25.189741 -0.244488 0.016331 0.044338 0.994990 0.088104
1706585381.281507 89.478485 -25.144895 -0.238413 0.017205 0.042045 0.994158 0.097913
1706585381.380148 89.319231 -25.108202 -0.243537 0.015643 0.042966 0.993228 0.106809
1706585381.478818 89.170025 -25.068678 -0.232140 0.013339 0.043051 0.992256 0.115745
1706585381.582550 89.004603 -25.006917 -0.230827 0.014211 0.045622 0.991045 0.124682
1706585381.682389 88.853766 -24.964783 -0.234330 0.010529 0.047938 0.990126 0.131309
1706585381.782210 88.725677 -24.926090 -0.238445 0.012925 0.044705 0.989026 0.140220
1706585381.882853 88.591052 -24.893373 -0.231683 0.014985 0.043858 0.987889 0.148078
1706585381.982685 88.480416 -24.842114 -0.229175 0.016922 0.044594 0.986844 0.154478
1706585382.082531 88.373878 -24.802628 -0.236320 0.019605 0.043066 0.985418 0.163438
1706585382.181784 88.275373 -24.759190 -0.235926 0.020384 0.044756 0.983839 0.172171
1706585382.280035 88.170815 -24.729842 -0.236043 0.024843 0.041016 0.982181 0.181716
1706585382.382851 88.055601 -24.688393 -0.247010 0.020214 0.041421 0.981711 0.184715
1706585382.482498 87.935833 -24.639419 -0.237435 0.020206 0.045247 0.982288 0.180705
1706585382.581178 87.813148 -24.580559 -0.225340 0.023200 0.049924 0.983365 0.173099
1706585382.679829 87.688028 -24.530253 -0.209436 0.021208 0.054547 0.984556 0.165001
1706585382.778540 87.550074 -24.492468 -0.207410 0.023799 0.050052 0.985726 0.158971
1706585382.882860 87.410717 -24.466586 -0.200359 0.025565 0.047612 0.986999 0.151370
1706585382.982703 87.268314 -24.415853 -0.202157 0.026054 0.047302 0.988047 0.144382
1706585383.082550 87.139991 -24.366747 -0.202368 0.024833 0.044415 0.988465 0.142647
1706585383.182369 87.009718 -24.331295 -0.196377 0.025919 0.043754 0.987907 0.146470
1706585383.282611 86.900620 -24.284886 -0.194261 0.026553 0.048308 0.986541 0.153942
1706585383.382452 86.767134 -24.244469 -0.187616 0.024014 0.045397 0.985386 0.162407
1706585383.481164 86.614399 -24.195017 -0.180099 0.022030 0.045914 0.984154 0.169847
1706585383.582920 86.496272 -24.140351 -0.183725 0.023145 0.048662 0.982717 0.177099
1706585383.682764 86.376971 -24.090511 -0.181185 0.025094 0.055257 0.980685 0.185938
1706585383.782203 86.273802 -24.040637 -0.188589 0.025355 0.052850 0.980079 0.189763
1706585383.880906 86.155072 -23.991597 -0.181638 0.027872 0.050210 0.979875 0.191174
1706585383.979597 86.049882 -23.946204 -0.179202 0.027199 0.048569 0.979618 0.193003
1706585384.082539 85.951255 -23.899518 -0.176220 0.026168 0.049782 0.979942 0.191182
1706585384.182380 85.832206 -23.833287 -0.170211 0.022778 0.053805 0.979868 0.190908
1706585384.282218 85.721395 -23.786558 -0.175992 0.022722 0.054616 0.979589 0.192110
1706585384.382867 85.583886 -23.749466 -0.167075 0.015368 0.047499 0.980651 0.189292
1706585384.482700 85.486120 -23.713683 -0.164784 0.024739 0.041901 0.982178 0.181544
1706585384.582534 85.361505 -23.664956 -0.165165 0.023918 0.043481 0.983872 0.171852
1706585384.682142 85.246300 -23.615500 -0.155880 0.024428 0.044132 0.985024 0.164875
1706585384.780741 85.161084 -23.585869 -0.138061 0.037542 0.045655 0.984593 0.164567
1706585384.882867 85.081462 -23.568220 -0.108485 0.058451 0.035124 0.983735 0.166176
1706585384.982703 85.042575 -23.563553 -0.114072 0.077298 0.027431 0.982231 0.168802
1706585385.082300 84.955125 -23.546235 -0.117048 0.073216 0.024204 0.981470 0.175417
1706585385.181063 84.876900 -23.534649 -0.124093 0.081813 0.018174 0.980199 0.179404
1706585385.279808 84.802453 -23.495766 -0.124532 0.081310 0.025451 0.979746 0.181215
1706585385.382861 84.719624 -23.446003 -0.115003 0.070412 0.031314 0.979695 0.185095
1706585385.482696 84.616394 -23.377165 -0.086209 0.051312 0.043299 0.979419 0.190345
1706585385.582528 84.508602 -23.319218 -0.072595 0.042700 0.054923 0.979175 0.190726
1706585385.682365 84.390217 -23.274509 -0.062938 0.039931 0.051861 0.979207 0.192016
1706585385.782599 84.272302 -23.223857 -0.055239 0.035884 0.053263 0.980157 0.187531
1706585385.882431 84.139004 -23.170940 -0.060588 0.037541 0.051686 0.981384 0.181121
1706585385.981614 84.015156 -23.128884 -0.049478 0.035976 0.055068 0.981967 0.177242
1706585386.080271 83.874217 -23.077999 -0.034051 0.037579 0.051021 0.981981 0.178041
1706585386.182735 83.763696 -23.037729 -0.025561 0.035779 0.044859 0.982692 0.176138
1706585386.282585 83.638981 -22.991676 -0.028764 0.038396 0.047515 0.982807 0.174238
1706585386.381847 83.532239 -22.941759 -0.033648 0.039781 0.047617 0.983338 0.170869
1706585386.480536 83.407673 -22.895050 -0.040980 0.033646 0.050802 0.984042 0.167177
1706585386.579363 83.316672 -22.846140 -0.033227 0.039492 0.058593 0.984157 0.162612
1706585386.682721 83.195748 -22.810721 -0.018018 0.034646 0.060623 0.985110 0.157108
1706585386.782549 83.085906 -22.793861 -0.009651 0.032025 0.056108 0.986130 0.152885
1706585386.882390 82.977372 -22.763750 0.009020 0.029529 0.055864 0.987106 0.147065
1706585386.982228 82.864662 -22.728055 0.012246 0.034571 0.052919 0.988295 0.138844
1706585387.082875 82.755437 -22.670491 0.014840 0.027189 0.061709 0.988819 0.133003
1706585387.182713 82.655539 -22.646398 0.020497 0.030354 0.059597 0.989459 0.128439
1706585387.281641 82.546043 -22.636604 0.021006 0.028949 0.054658 0.989593 0.129920
1706585387.380336 82.450811 -22.621169 0.021587 0.029627 0.044590 0.990250 0.128605
1706585387.482608 82.328219 -22.590065 0.025594 0.025696 0.045301 0.990499 0.127273
1706585387.582439 82.210207 -22.547022 0.020963 0.028717 0.048627 0.990276 0.127138
1706585387.681503 82.087149 -22.504462 0.027200 0.022946 0.051739 0.989631 0.132011
1706585387.780276 81.949443 -22.455252 0.033078 0.024033 0.054877 0.988962 0.135519
1706585387.882756 81.807229 -22.404753 0.034812 0.027353 0.061469 0.987181 0.144734
1706585387.982600 81.670879 -22.377383 0.036436 0.027186 0.055880 0.986121 0.153960
1706585388.082441 81.529799 -22.324667 0.041514 0.026062 0.052923 0.985628 0.158295
1706585388.182278 81.406922 -22.264524 0.052232 0.025225 0.058583 0.984812 0.161487
1706585388.282924 81.291269 -22.215860 0.049858 0.025384 0.061111 0.984707 0.161163
1706585388.382764 81.169034 -22.168439 0.057573 0.022748 0.063381 0.984656 0.160992
1706585388.482414 81.067130 -22.117430 0.057467 0.020697 0.070323 0.985190 0.155007
1706585388.581149 80.949801 -22.092779 0.058267 0.021103 0.068713 0.986020 0.150329
1706585388.679962 80.826110 -22.074877 0.062992 0.027770 0.061802 0.987555 0.141929
1706585388.782929 80.681224 -22.044968 0.060832 0.027500 0.057644 0.988909 0.134092
1706585388.882533 80.565967 -22.000811 0.063926 0.028228 0.060685 0.989656 0.126892
1706585388.981326 80.443453 -21.974580 0.068179 0.030600 0.058161 0.990025 0.124626
1706585389.080075 80.307096 -21.948220 0.071614 0.023683 0.051379 0.990590 0.124623
1706585389.178945 80.181944 -21.936704 0.077497 0.028473 0.047282 0.990956 0.122308
1706585389.282912 80.034232 -21.901573 0.085415 0.025637 0.046737 0.991348 0.119948
1706585389.382746 79.902256 -21.885580 0.085326 0.028902 0.045200 0.991355 0.119737
1706585389.482569 79.770834 -21.843943 0.084302 0.027489 0.048391 0.991218 0.119957
1706585389.582417 79.646633 -21.820029 0.091235 0.028524 0.043862 0.991054 0.122776
1706585389.682264 79.520396 -21.786226 0.088306 0.032427 0.041277 0.990829 0.124513
1706585389.782470 79.384160 -21.732196 0.103411 0.026918 0.042834 0.990371 0.128863
1706585389.881184 79.270982 -21.691819 0.107452 0.032235 0.044638 0.989679 0.132304
1706585389.982569 79.107733 -21.646004 0.111901 0.025646 0.045372 0.988836 0.139598
1706585390.082409 78.983907 -21.610067 0.129937 0.026414 0.042667 0.987903 0.146726
1706585390.182252 78.865988 -21.570934 0.131287 0.030649 0.050704 0.986165 0.154819
1706585390.281160 78.726469 -21.536590 0.132556 0.022389 0.046320 0.985177 0.163645
1706585390.380073 78.602467 -21.484464 0.132385 0.024536 0.048111 0.983917 0.170264
1706585390.482559 78.465416 -21.412691 0.134188 0.023005 0.051966 0.981947 0.180417
1706585390.582423 78.347966 -21.354836 0.143031 0.022193 0.052728 0.980541 0.187795
1706585390.682261 78.232019 -21.304170 0.144942 0.023484 0.048852 0.979678 0.193113
1706585390.782893 78.109325 -21.253552 0.147616 0.024323 0.047752 0.979205 0.195667
1706585390.882714 77.988953 -21.202842 0.157661 0.028837 0.050878 0.979141 0.194585
1706585390.982554 77.888284 -21.144203 0.170570 0.036139 0.050989 0.979583 0.191080
1706585391.081622 77.792014 -21.115642 0.173987 0.044499 0.050191 0.979637 0.189238
1706585391.180397 77.672907 -21.084655 0.162814 0.046729 0.046958 0.980821 0.183307
1706585391.282868 77.550052 -21.043780 0.175663 0.046227 0.039407 0.982621 0.175400
1706585391.382698 77.447536 -21.012530 0.181551 0.045143 0.043260 0.984217 0.165550
1706585391.482453 77.320265 -20.978205 0.191304 0.042696 0.042860 0.986025 0.155228
1706585391.581317 77.173091 -20.932870 0.196370 0.035774 0.043777 0.987168 0.149343
1706585391.680277 77.067105 -20.891355 0.206381 0.037652 0.051481 0.987080 0.146989
1706585391.782437 76.971016 -20.862521 0.204993 0.042881 0.051179 0.986580 0.149000
1706585391.882274 76.844680 -20.839055 0.212028 0.037448 0.042427 0.987219 0.148982
1706585391.982908 76.706941 -20.789728 0.224989 0.033288 0.044125 0.987181 0.149731
1706585392.082750 76.586534 -20.731299 0.228556 0.030429 0.050823 0.987119 0.148617
1706585392.182599 76.435366 -20.659791 0.236491 0.015366 0.052531 0.986853 0.152069
1706585392.282426 76.296268 -20.614811 0.238800 0.012503 0.056494 0.986030 0.156197
1706585392.381439 76.156865 -20.565128 0.241509 0.011082 0.053280 0.986260 0.155983
1706585392.479720 76.008230 -20.501366 0.242900 0.012934 0.054559 0.986634 0.153002
1706585392.582748 75.870059 -20.463149 0.249424 0.014000 0.059896 0.987671 0.143951
1706585392.682594 75.746820 -20.424826 0.252917 0.012512 0.059866 0.988936 0.135149
1706585392.782260 75.611613 -20.401706 0.254683 0.015054 0.060155 0.990695 0.121154
1706585392.881124 75.495691 -20.385549 0.240799 0.009798 0.057184 0.991822 0.113682
1706585392.982898 75.392639 -20.375440 0.246944 0.014140 0.058338 0.993069 0.101047
1706585393.082743 75.294337 -20.359122 0.248875 0.016166 0.058381 0.993361 0.097793
1706585393.182579 75.180346 -20.334265 0.246573 0.018801 0.057626 0.993143 0.099967
1706585393.282419 75.063348 -20.313141 0.249396 0.021976 0.058062 0.992226 0.107859
1706585393.382262 74.958240 -20.267997 0.252855 0.021458 0.056761 0.991612 0.114121
1706585393.482908 74.826342 -20.231929 0.251001 0.019045 0.055815 0.990432 0.124763
1706585393.582625 74.684199 -20.190819 0.250293 0.017255 0.053268 0.989745 0.131416
1706585393.680697 74.548671 -20.144748 0.251042 0.007295 0.055522 0.988701 0.139049
1706585393.779232 74.380211 -20.086773 0.263207 0.007003 0.057503 0.987286 0.148023
1706585393.882262 74.216776 -20.026790 0.267528 0.000122 0.053800 0.986249 0.156266
1706585393.982904 74.050939 -19.977243 0.274991 0.003269 0.053261 0.985056 0.163758
1706585394.082209 73.906047 -19.942153 0.282903 0.005132 0.055210 0.984198 0.168168
1706585394.181188 73.749282 -19.888048 0.282995 0.000450 0.051629 0.984087 0.170021
1706585394.282401 73.605241 -19.841825 0.274526 0.001252 0.053998 0.983819 0.170831
1706585394.382242 73.465892 -19.815723 0.268894 0.000613 0.047193 0.985218 0.164678
1706585394.482878 73.336360 -19.762990 0.270181 0.001128 0.051665 0.985932 0.158957
1706585394.582712 73.217331 -19.706416 0.265904 0.003150 0.055826 0.986756 0.152272
1706585394.682544 73.119182 -19.662601 0.273492 0.003046 0.053532 0.987795 0.146242
1706585394.782368 73.008085 -19.632580 0.272478 0.006453 0.054774 0.987800 0.145636
1706585394.881554 72.898262 -19.612174 0.259261 0.005484 0.051519 0.988179 0.144284
1706585394.980117 72.775979 -19.575765 0.257600 0.003099 0.052425 0.988114 0.144476
1706585395.082685 72.654659 -19.528702 0.256413 0.004044 0.055075 0.987516 0.147518
1706585395.182534 72.513940 -19.492379 0.246289 -0.000172 0.058876 0.987073 0.149062
1706585395.282389 72.389114 -19.447917 0.245089 0.001251 0.059878 0.986802 0.150450
1706585395.382212 72.253420 -19.404052 0.245477 -0.002129 0.056448 0.986786 0.151865
1706585395.481375 72.115545 -19.373965 0.241322 -0.002637 0.056614 0.987085 0.149834
1706585395.582683 71.977209 -19.347105 0.229142 -0.002870 0.050863 0.987960 0.146082
1706585395.682528 71.850828 -19.297566 0.235778 -0.000460 0.053169 0.988940 0.138458
1706585395.782362 71.699227 -19.255917 0.234251 0.002327 0.055433 0.989352 0.134555
1706585395.882594 71.579134 -19.227783 0.238605 0.006205 0.049890 0.989592 0.134836
1706585395.982450 71.439694 -19.188924 0.230382 0.011453 0.045602 0.989706 0.135172
1706585396.082286 71.299164 -19.167773 0.225587 0.008134 0.043076 0.989468 0.137951
1706585396.181155 71.188675 -19.131929 0.226952 0.015020 0.041741 0.989068 0.140629
1706585396.279748 71.063939 -19.085268 0.224162 0.015099 0.046318 0.988636 0.142214
1706585396.382606 70.937203 -19.042204 0.225951 0.014188 0.047911 0.988461 0.142998
1706585396.482450 70.807609 -18.992696 0.237052 0.019511 0.048492 0.987620 0.147900
1706585396.582287 70.664198 -18.960120 0.232031 0.016761 0.050011 0.986547 0.154738
1706585396.682931 70.546751 -18.915342 0.233148 0.027436 0.051359 0.985958 0.156511
1706585396.782764 70.413329 -18.871093 0.241613 0.033616 0.047586 0.986243 0.154696
1706585396.882600 70.294898 -18.837083 0.243666 0.040667 0.044509 0.986838 0.150053
1706585396.982451 70.195702 -18.820686 0.239160 0.043912 0.041392 0.987579 0.145074
1706585397.082299 70.064928 -18.787006 0.242826 0.038931 0.040685 0.988814 0.138116
1706585397.182546 69.934022 -18.735336 0.245042 0.035848 0.043032 0.989491 0.133310
1706585397.282387 69.788442 -18.696138 0.254589 0.034785 0.043732 0.989500 0.133293
1706585397.382221 69.660540 -18.670617 0.264845 0.026160 0.036392 0.990479 0.130163
1706585397.480987 69.538423 -18.631348 0.278353 0.027927 0.038712 0.991014 0.124950
1706585397.579579 69.395388 -18.596880 0.284498 0.023935 0.035721 0.991906 0.119475
1706585397.682548 69.252163 -18.552812 0.300548 0.025742 0.034665 0.992101 0.117780
1706585397.782384 69.118002 -18.527592 0.306247 0.026336 0.033633 0.991928 0.119391
1706585397.882226 68.992321 -18.507131 0.312649 0.033593 0.029293 0.991945 0.118573
1706585397.982867 68.859643 -18.486545 0.310703 0.033641 0.029072 0.991504 0.122239
1706585398.082712 68.727602 -18.461559 0.315741 0.030973 0.026422 0.991407 0.124320
1706585398.182545 68.583165 -18.425906 0.323435 0.029113 0.023693 0.990897 0.129283
1706585398.282389 68.434353 -18.384753 0.322307 0.029797 0.023086 0.989673 0.138298
1706585398.382225 68.274264 -18.328429 0.331985 0.026229 0.031388 0.988677 0.144374
1706585398.482868 68.122385 -18.252766 0.342036 0.027157 0.037911 0.987013 0.153724
1706585398.582704 67.977835 -18.196941 0.346327 0.029702 0.038085 0.985476 0.162802
1706585398.682186 67.828729 -18.145868 0.354754 0.037485 0.036977 0.984232 0.168864
1706585398.780794 67.674301 -18.086265 0.348642 0.035940 0.034041 0.982790 0.177970
1706585398.879433 67.536006 -18.015140 0.362434 0.036509 0.042584 0.980798 0.186788
1706585398.982436 67.412783 -17.948446 0.361081 0.037890 0.044280 0.979791 0.191345
1706585399.082269 67.300598 -17.902225 0.358589 0.031565 0.044020 0.979968 0.191648
1706585399.182913 67.159568 -17.842979 0.360622 0.026649 0.049335 0.980908 0.186216
1706585399.282741 66.996087 -17.773412 0.376463 0.018364 0.054729 0.982856 0.175107
1706585399.382583 66.835434 -17.719071 0.378216 0.003284 0.054698 0.984719 0.165306
1706585399.482426 66.709689 -17.661835 0.388077 0.000949 0.058496 0.985812 0.157329
1706585399.581864 66.560909 -17.635029 0.384179 0.001261 0.046579 0.986299 0.158251
1706585399.682923 66.423994 -17.608012 0.378162 -0.012913 0.035630 0.986893 0.156866
1706585399.782765 66.300553 -17.558638 0.378312 -0.013343 0.033336 0.986675 0.158693
1706585399.882622 66.164288 -17.500351 0.368723 -0.017930 0.043825 0.985798 0.161122
1706585399.981381 66.027717 -17.441713 0.358289 -0.021226 0.048476 0.983752 0.171554
1706585400.080147 65.900022 -17.391367 0.343889 -0.006154 0.051314 0.983247 0.174801
1706585400.178756 65.777109 -17.372950 0.337012 -0.012509 0.045073 0.983582 0.174296
1706585400.282363 65.654357 -17.318514 0.342623 -0.001922 0.054832 0.983284 0.173616
1706585400.382594 65.533925 -17.282509 0.326840 0.002518 0.047051 0.983961 0.172046
1706585400.482442 65.405848 -17.236878 0.325089 -0.004122 0.045354 0.985281 0.164763
1706585400.582277 65.271029 -17.212219 0.313146 -0.004768 0.043141 0.986347 0.158856
1706585400.682900 65.147191 -17.162342 0.314985 -0.007733 0.040989 0.988370 0.146236
1706585400.782740 65.025910 -17.108615 0.319796 -0.009228 0.052245 0.988767 0.139734
1706585400.881541 64.927908 -17.084467 0.312080 -0.003940 0.053737 0.989070 0.137246
1706585400.980098 64.807661 -17.070875 0.313522 -0.000290 0.046592 0.989410 0.137463
1706585401.082225 64.668597 -17.058475 0.304941 0.001131 0.035430 0.990043 0.136225
1706585401.182592 64.543990 -17.023916 0.304353 0.004084 0.039135 0.989789 0.137004
1706585401.281248 64.393824 -16.966571 0.297230 0.006384 0.041537 0.989152 0.140759
1706585401.379884 64.245989 -16.919232 0.287488 0.003671 0.041027 0.988523 0.145344
1706585401.478582 64.125931 -16.884885 0.290950 0.005554 0.043580 0.987256 0.152958
1706585401.582212 63.992502 -16.846718 0.287347 0.005040 0.042434 0.986071 0.160742
1706585401.682876 63.867428 -16.799847 0.292545 0.003985 0.045442 0.985085 0.165912
1706585401.782718 63.751980 -16.749540 0.293900 0.007342 0.045345 0.985406 0.163903
1706585401.882553 63.625927 -16.698687 0.284993 0.005730 0.051889 0.985877 0.159128
1706585401.982388 63.501190 -16.658987 0.279193 0.005966 0.053481 0.986297 0.155954
1706585402.082230 63.382905 -16.616413 0.278930 0.005461 0.047904 0.986971 0.153507
1706585402.180902 63.274628 -16.594799 0.282221 0.012274 0.046879 0.986850 0.154206
1706585402.279499 63.137244 -16.544913 0.280132 0.007930 0.046444 0.986963 0.153898
1706585402.382550 63.004764 -16.504962 0.277497 0.011658 0.051060 0.986333 0.156219
1706585402.482289 62.836880 -16.448704 0.278165 0.010555 0.047638 0.986386 0.157041
1706585402.580944 62.689664 -16.402857 0.266616 0.006777 0.047111 0.985963 0.160034
1706585402.679668 62.522764 -16.350219 0.267509 0.009925 0.042800 0.985236 0.165467
1706585402.782701 62.348406 -16.297291 0.257631 0.010722 0.038058 0.985059 0.167618
1706585402.882534 62.203324 -16.233946 0.253806 0.008251 0.043203 0.984781 0.168144
1706585402.982394 62.078457 -16.191087 0.257539 0.007823 0.039583 0.984912 0.168285
1706585403.082241 61.943037 -16.143946 0.262521 0.007313 0.040150 0.985308 0.165841
1706585403.182869 61.802838 -16.097885 0.257286 0.011592 0.041955 0.985754 0.162464
1706585403.282717 61.665456 -16.076588 0.248924 0.010844 0.042477 0.986491 0.157841
1706585403.382279 61.519712 -16.041326 0.250205 0.010110 0.038613 0.987722 0.151035
1706585403.481076 61.353323 -16.016654 0.245182 -0.005783 0.038104 0.989270 0.140921
1706585403.582251 61.199372 -15.976437 0.235506 -0.015778 0.038704 0.990578 0.130414
1706585403.682903 61.070403 -15.927995 0.235067 -0.013344 0.041348 0.990947 0.127026
1706585403.781850 60.949627 -15.879098 0.240761 -0.007162 0.046619 0.990362 0.130228
1706585403.880658 60.853409 -15.886833 0.238088 0.007061 0.034488 0.990410 0.133599
1706585403.979547 60.770372 -15.891874 0.234332 0.031321 0.014555 0.988938 0.144252
1706585404.082263 60.636140 -15.882877 0.233519 0.028125 -0.001625 0.989304 0.143125
1706585404.182897 60.487762 -15.816105 0.226404 0.012739 0.006614 0.989793 0.141787
1706585404.282730 60.365295 -15.744366 0.233383 0.008519 0.023496 0.989520 0.142217
1706585404.382567 60.235429 -15.662322 0.241547 0.007911 0.041199 0.988236 0.147068
1706585404.482409 60.103547 -15.581127 0.235733 0.002979 0.056323 0.987079 0.149977
1706585404.582263 59.985691 -15.537802 0.230049 0.007427 0.053126 0.986966 0.151726
1706585404.682901 59.844815 -15.533929 0.232128 0.015528 0.028055 0.986190 0.162483
1706585404.782739 59.730999 -15.516277 0.237870 0.015186 0.018340 0.984956 0.171157
1706585404.882571 59.592706 -15.487606 0.242053 0.012413 0.017152 0.984449 0.174391
1706585404.982402 59.464305 -15.439166 0.234738 0.010831 0.022546 0.983926 0.176818
1706585405.081666 59.327022 -15.375510 0.232692 0.005718 0.029290 0.983719 0.177217
1706585405.180386 59.216838 -15.302825 0.238389 0.006725 0.037434 0.983605 0.176278
1706585405.279110 59.086213 -15.245236 0.236278 0.004738 0.043896 0.982682 0.179965
1706585405.382568 58.946087 -15.194764 0.222391 0.006438 0.042256 0.983072 0.178165
1706585405.482418 58.826994 -15.138351 0.224470 0.005918 0.044537 0.983193 0.176955
1706585405.582248 58.705885 -15.088559 0.221063 0.007247 0.044957 0.984821 0.167495
1706585405.682877 58.596582 -15.059671 0.212928 0.013397 0.042728 0.986631 0.156699
1706585405.782715 58.482554 -15.032583 0.215540 0.013712 0.037435 0.987896 0.149906
1706585405.882553 58.338429 -15.000410 0.221687 0.012600 0.037798 0.988630 0.144996
1706585405.982394 58.196433 -14.967370 0.240268 0.016067 0.033130 0.989040 0.142982
1706585406.082244 58.057709 -14.936764 0.241818 0.012494 0.028391 0.989197 0.143273
1706585406.182883 57.923959 -14.900101 0.240955 0.009202 0.029205 0.989367 0.142180
1706585406.282721 57.778642 -14.855087 0.247240 0.006843 0.031070 0.989311 0.142310
1706585406.381473 57.651055 -14.814537 0.245955 0.003247 0.030911 0.989394 0.141893
1706585406.480221 57.520363 -14.781491 0.246847 0.003964 0.031315 0.989706 0.139595
1706585406.579004 57.373879 -14.747095 0.241138 0.005018 0.033983 0.989956 0.137138
1706585406.682875 57.269518 -14.718761 0.238856 0.008924 0.028429 0.990602 0.133494
1706585406.782719 57.127498 -14.685178 0.236193 0.003184 0.027673 0.990671 0.133396
1706585406.882553 57.001400 -14.645701 0.237634 0.000357 0.021084 0.990633 0.134911
1706585406.982409 56.864556 -14.599908 0.243550 -0.000318 0.017121 0.990396 0.137197
1706585407.082252 56.731362 -14.567154 0.255376 -0.002976 0.017029 0.989888 0.140794
1706585407.182307 56.616714 -14.515853 0.251963 0.005279 0.019792 0.989476 0.143242
1706585407.280933 56.499827 -14.468346 0.247812 0.010992 0.031881 0.988635 0.146503
1706585407.379606 56.387593 -14.429135 0.243178 0.012894 0.028608 0.988236 0.149686
1706585407.482431 56.276775 -14.391011 0.241662 0.014538 0.032865 0.987744 0.151890
1706585407.582271 56.180632 -14.354337 0.250299 0.016046 0.037051 0.987969 0.149288
1706585407.681355 56.065678 -14.318871 0.247761 0.012772 0.036685 0.988517 0.146031
1706585407.780169 55.927437 -14.281761 0.253507 0.014371 0.035498 0.989573 0.138850
1706585407.882597 55.784742 -14.232730 0.247223 0.007470 0.042351 0.990350 0.131750
1706585407.982437 55.638496 -14.200212 0.238723 0.003688 0.043102 0.990817 0.128102
1706585408.082279 55.506890 -14.176858 0.235090 0.003340 0.039595 0.991371 0.124920
1706585408.182909 55.353506 -14.138522 0.227742 -0.007219 0.038361 0.991690 0.122585
1706585408.282744 55.213612 -14.092156 0.214307 -0.007384 0.042656 0.991297 0.124321
1706585408.382593 55.070416 -14.047627 0.211229 -0.010985 0.045643 0.990862 0.126449
1706585408.482132 54.926865 -14.004539 0.200379 -0.015461 0.046853 0.990641 0.127268
1706585408.580778 54.809199 -13.983019 0.193875 -0.013098 0.043769 0.990196 0.132002
1706585408.682925 54.681535 -13.936041 0.187717 -0.011587 0.050736 0.989545 0.134509
1706585408.782768 54.528419 -13.895794 0.186624 -0.020068 0.051672 0.988892 0.137910
1706585408.882185 54.403427 -13.866354 0.196648 -0.012304 0.041417 0.989624 0.137034
1706585408.980967 54.275506 -13.814400 0.192454 -0.013353 0.037940 0.989997 0.135233
1706585409.079840 54.171940 -13.777145 0.193697 -0.008707 0.039493 0.989640 0.137758
1706585409.182935 54.052070 -13.749989 0.190286 -0.005822 0.037896 0.989818 0.137079
1706585409.282773 53.916953 -13.710744 0.191862 -0.004084 0.035290 0.990404 0.133556
1706585409.382622 53.785916 -13.677237 0.182824 -0.000066 0.037804 0.990615 0.131352
1706585409.482483 53.666179 -13.661323 0.181364 -0.000484 0.033337 0.991140 0.128572
1706585409.582331 53.540751 -13.630499 0.181498 0.000509 0.028504 0.991674 0.125581
1706585409.682572 53.437977 -13.601109 0.177188 0.004906 0.038855 0.991428 0.124646
1706585409.781972 53.335863 -13.583958 0.162535 -0.000411 0.034679 0.991754 0.123375
1706585409.880706 53.250418 -13.561635 0.167451 0.007834 0.037321 0.991835 0.121689
1706585409.982891 53.124262 -13.538048 0.161729 0.004594 0.030727 0.992071 0.121778
1706585410.082734 53.000921 -13.512449 0.163552 0.002071 0.025329 0.992299 0.121233
1706585410.182134 52.868353 -13.475744 0.162016 0.002889 0.027878 0.992273 0.120869
1706585410.280924 52.743338 -13.437529 0.165556 -0.003389 0.033543 0.992007 0.121599
1706585410.379762 52.600230 -13.406952 0.162385 -0.007424 0.035160 0.991718 0.123307
1706585410.482873 52.466432 -13.366652 0.154281 -0.002279 0.034980 0.991668 0.123963
1706585410.582713 52.313407 -13.325167 0.144137 -0.002723 0.034228 0.991681 0.124052
1706585410.682568 52.187481 -13.283430 0.143557 0.000664 0.034049 0.991362 0.126654
1706585410.782408 52.036331 -13.244963 0.152988 -0.001113 0.030250 0.991077 0.129808
1706585410.882240 51.905721 -13.200207 0.153380 -0.002889 0.031242 0.990722 0.132235
1706585410.982882 51.792205 -13.161891 0.160962 0.004784 0.030314 0.990167 0.136485
1706585411.081611 51.658793 -13.130100 0.153252 -0.003488 0.027320 0.989872 0.139266
1706585411.180294 51.538999 -13.097896 0.147845 -0.000324 0.025885 0.988871 0.146508
1706585411.282393 51.413177 -13.039191 0.135463 -0.000383 0.029581 0.987643 0.153903
1706585411.382247 51.279247 -13.011250 0.128349 -0.006834 0.027199 0.986448 0.161661
1706585411.481975 51.177509 -12.990042 0.114998 0.001862 0.019807 0.984913 0.171902
1706585411.580870 51.078220 -12.931129 0.105040 0.002943 0.032987 0.983870 0.175794
1706585411.679814 50.956259 -12.881692 0.107795 0.000824 0.030532 0.983418 0.178765
1706585411.782399 50.845179 -12.845881 0.094666 0.003140 0.029177 0.983179 0.180272
1706585411.882237 50.720248 -12.814947 0.103634 -0.000129 0.022316 0.984167 0.175835
1706585411.982877 50.598022 -12.756755 0.119942 -0.001637 0.028750 0.985570 0.166802
1706585412.082722 50.490467 -12.712014 0.126847 -0.000676 0.030029 0.986930 0.158325
1706585412.182546 50.385638 -12.685990 0.127894 -0.002098 0.026035 0.988005 0.152195
1706585412.282411 50.293708 -12.670990 0.120033 -0.002651 0.026378 0.989107 0.144790
1706585412.380773 50.171693 -12.632263 0.119491 -0.005280 0.025923 0.989642 0.141097
1706585412.479257 50.059124 -12.601864 0.119315 -0.004875 0.028041 0.989990 0.138238
1706585412.582747 49.934114 -12.574087 0.109270 -0.001992 0.027298 0.990488 0.134853
1706585412.682593 49.798946 -12.538916 0.105068 -0.005466 0.029290 0.991076 0.129926
1706585412.781869 49.687535 -12.496368 0.105197 -0.000874 0.025374 0.991920 0.124301
1706585412.880842 49.572875 -12.473466 0.101266 -0.000762 0.026637 0.992138 0.122276
1706585412.982902 49.453627 -12.446479 0.098304 -0.000963 0.022825 0.992881 0.116899
1706585413.082728 49.334092 -12.411130 0.093727 0.005368 0.025546 0.993139 0.113986
1706585413.182580 49.223096 -12.386377 0.087465 0.005766 0.033306 0.993250 0.110960
1706585413.282417 49.116648 -12.368914 0.085325 0.006497 0.030810 0.993398 0.110312
1706585413.382257 48.995461 -12.356850 0.090996 0.011352 0.035146 0.993032 0.111911
1706585413.482901 48.872748 -12.317146 0.081234 0.008445 0.032855 0.992755 0.115272
1706585413.581936 48.734653 -12.268583 0.088841 0.009356 0.029032 0.991936 0.123016
1706585413.680419 48.610824 -12.231869 0.087632 0.012370 0.030066 0.990756 0.131701
1706585413.778926 48.459363 -12.185185 0.089390 0.008396 0.031820 0.990395 0.134291
1706585413.882301 48.339817 -12.149939 0.094420 0.011709 0.031236 0.989917 0.137662
1706585413.982545 48.209050 -12.109825 0.097995 0.007433 0.036126 0.989805 0.137568
1706585414.082067 48.077439 -12.075280 0.089228 0.011073 0.038754 0.989952 0.135540
1706585414.181207 47.963416 -12.047630 0.086124 0.013681 0.045737 0.990528 0.128743
1706585414.282888 47.829262 -12.021473 0.080301 0.007871 0.047996 0.991105 0.123877
1706585414.382730 47.709840 -11.984819 0.081892 0.012897 0.044489 0.991973 0.117660
1706585414.482573 47.561030 -11.950695 0.082650 0.008141 0.039801 0.992358 0.116511
1706585414.582425 47.419672 -11.906096 0.088321 0.009233 0.037052 0.992085 0.119622
1706585414.682259 47.277018 -11.857307 0.082231 0.004076 0.039231 0.991623 0.122995
1706585414.782802 47.138998 -11.802954 0.085797 0.000642 0.042752 0.991012 0.126756
1706585414.881364 46.997118 -11.768354 0.081089 0.003793 0.039880 0.990615 0.130679
1706585414.979926 46.871157 -11.731633 0.086454 0.001430 0.037119 0.990197 0.134649
1706585415.078573 46.768592 -11.708554 0.081368 0.007088 0.039535 0.989734 0.137160
1706585415.182262 46.615480 -11.658428 0.082588 0.010181 0.041950 0.989108 0.140719
1706585415.282882 46.478586 -11.621195 0.080882 0.007628 0.041508 0.988969 0.141980
1706585415.381846 46.330403 -11.577534 0.086093 0.000743 0.037228 0.988823 0.144372
1706585415.481593 46.194592 -11.539060 0.087289 0.002195 0.036621 0.988649 0.145694
1706585415.582408 46.049469 -11.501373 0.090258 0.006432 0.034162 0.988972 0.143964
1706585415.682254 45.923849 -11.462808 0.090419 0.008538 0.035469 0.988649 0.145750
1706585415.782902 45.791400 -11.419959 0.079412 0.015776 0.037862 0.988748 0.143859
1706585415.882758 45.657851 -11.377533 0.081965 0.012235 0.036894 0.988945 0.143099
1706585415.982589 45.527149 -11.363534 0.081822 0.008655 0.028105 0.989797 0.139421
1706585416.082439 45.398590 -11.333168 0.079648 0.010407 0.033753 0.990413 0.133548
1706585416.181041 45.270166 -11.283075 0.078322 0.009568 0.041395 0.990827 0.128282
1706585416.279635 45.128142 -11.255674 0.076112 0.007324 0.030501 0.991561 0.125788
1706585416.382774 44.993656 -11.220886 0.084777 0.010295 0.026745 0.992359 0.120010
1706585416.482615 44.849342 -11.186538 0.085458 0.008321 0.028346 0.993000 0.114358
1706585416.581760 44.710070 -11.158875 0.080309 0.006839 0.030158 0.992763 0.116044
1706585416.680637 44.565249 -11.126976 0.075975 0.004107 0.026663 0.992647 0.117999
1706585416.782933 44.427578 -11.076619 0.082236 0.005890 0.032117 0.991753 0.123935
1706585416.882773 44.251732 -11.020533 0.083300 0.003775 0.031339 0.990777 0.131777
1706585416.982620 44.107963 -10.981644 0.079574 0.005776 0.035124 0.989170 0.142390
1706585417.082473 43.937498 -10.956851 0.076484 -0.001369 0.027034 0.988018 0.151945
1706585417.182312 43.781528 -10.900314 0.074988 -0.004694 0.030943 0.986090 0.163238
1706585417.282558 43.648823 -10.850498 0.075916 -0.008718 0.034405 0.985089 0.168342
1706585417.381997 43.515163 -10.788749 0.077815 -0.002697 0.038665 0.985496 0.165215
1706585417.480603 43.376952 -10.724448 0.074640 -0.000879 0.044481 0.985928 0.161141
1706585417.579238 43.224343 -10.681377 0.059076 -0.002239 0.042860 0.987107 0.154203
1706585417.682691 43.084254 -10.635317 0.056448 -0.000131 0.042622 0.987928 0.148934
1706585417.782513 42.925029 -10.588694 0.051314 -0.005861 0.040793 0.988417 0.146060
1706585417.881936 42.773524 -10.545391 0.055009 -0.006121 0.037703 0.989230 0.141296
1706585417.982435 42.629876 -10.509579 0.046948 -0.005855 0.037590 0.989809 0.137225
1706585418.082428 42.469979 -10.469788 0.037216 -0.001826 0.038611 0.989937 0.136125
1706585418.182278 42.329122 -10.432748 0.030613 -0.004733 0.038412 0.989743 0.137514
1706585418.282048 42.170400 -10.386625 0.026017 -0.003559 0.039061 0.989618 0.138267
1706585418.382754 41.986056 -10.341232 0.021657 -0.010841 0.031706 0.989762 0.138742
1706585418.482598 41.823536 -10.284620 0.019750 -0.004933 0.037745 0.989688 0.138088
1706585418.582452 41.668426 -10.241052 0.018939 -0.006284 0.039556 0.989523 0.138711
1706585418.681587 41.498558 -10.207734 0.015265 -0.006767 0.030479 0.989865 0.138537
1706585418.780253 41.354435 -10.181883 0.014821 -0.003534 0.025511 0.991149 0.130235
1706585418.878829 41.186881 -10.136697 0.004313 -0.011406 0.027002 0.992063 0.122282
1706585418.982610 41.026352 -10.091566 0.005167 -0.010813 0.029054 0.992181 0.120899
1706585419.082452 40.852049 -10.065004 0.001141 -0.016413 0.026562 0.992528 0.117951
1706585419.181732 40.714002 -10.061275 -0.004199 -0.014959 0.018970 0.992990 0.115707
1706585419.282911 40.574012 -10.030141 0.000270 -0.011881 0.019492 0.993304 0.113252
1706585419.382753 40.433146 -10.003714 -0.007541 -0.006289 0.018636 0.992916 0.117178
1706585419.482591 40.280484 -9.952848 -0.010420 -0.000583 0.019194 0.992216 0.123036
1706585419.582091 40.124390 -9.912080 -0.019774 0.000608 0.013365 0.991204 0.131664
1706585419.682273 39.955467 -9.851621 -0.028385 -0.001794 0.016080 0.989607 0.142886
1706585419.782904 39.790530 -9.794493 -0.030742 -0.003587 0.014036 0.988189 0.152555
1706585419.882599 39.634027 -9.742874 -0.041399 -0.006045 0.020457 0.986554 0.162037
1706585419.981245 39.472724 -9.684468 -0.046306 -0.005069 0.022125 0.985504 0.168126
1706585420.079894 39.331040 -9.622173 -0.050622 -0.000131 0.028273 0.985017 0.170123
1706585420.178558 39.162987 -9.560914 -0.059758 -0.003213 0.026572 0.984753 0.171884
1706585420.282920 38.987061 -9.496949 -0.068997 -0.004335 0.028891 0.985129 0.169312
1706585420.382741 38.831872 -9.436660 -0.060789 -0.006235 0.034235 0.985807 0.164234
1706585420.482577 38.693149 -9.392739 -0.058684 0.002569 0.034010 0.987671 0.152782
1706585420.582425 38.514244 -9.337966 -0.056564 0.002778 0.029482 0.989522 0.141310
1706585420.682271 38.367478 -9.288044 -0.054038 0.010644 0.031852 0.990590 0.132676
1706585420.782665 38.200476 -9.250782 -0.058268 0.008296 0.032663 0.990837 0.130794
1706585420.881098 38.028387 -9.220289 -0.061582 0.003838 0.027424 0.991121 0.130049
1706585420.982592 37.863811 -9.183714 -0.061824 0.001115 0.025339 0.991135 0.130417
1706585421.082436 37.710185 -9.144192 -0.067409 0.001370 0.027518 0.991274 0.128902
1706585421.182206 37.558904 -9.076664 -0.064332 -0.003337 0.029466 0.990304 0.135719
1706585421.280897 37.425068 -9.034890 -0.066337 0.003098 0.030518 0.989241 0.143044
1706585421.379546 37.284280 -8.991774 -0.064051 -0.000109 0.026581 0.988467 0.149086
1706585421.482588 37.173954 -8.931619 -0.065711 0.010303 0.031837 0.987352 0.154973
1706585421.582432 37.004402 -8.856699 -0.076177 0.002827 0.036331 0.986251 0.161185
1706585421.682294 36.888201 -8.806555 -0.052624 0.016168 0.039725 0.986312 0.159216
1706585421.782520 36.773781 -8.798242 -0.064217 0.019155 0.030733 0.986653 0.158760
1706585421.882365 36.599796 -8.742066 -0.071545 0.001273 0.033657 0.987344 0.154973
1706585421.982603 36.454403 -8.695166 -0.070460 0.012196 0.035101 0.988286 0.148022
1706585422.082024 36.274379 -8.654931 -0.061508 -0.009987 0.043821 0.988596 0.143731
1706585422.180769 36.132474 -8.627590 -0.078680 -0.002168 0.033433 0.991239 0.127760
1706585422.282926 36.000912 -8.609494 -0.093555 0.015565 0.027956 0.991870 0.123169
1706585422.382772 35.842185 -8.584111 -0.089099 -0.002736 0.026061 0.992057 0.123029
1706585422.481919 35.691876 -8.544638 -0.093113 0.001928 0.032414 0.991771 0.123839
1706585422.580606 35.555610 -8.491575 -0.086813 0.006310 0.033279 0.991329 0.126964
1706585422.679399 35.447336 -8.444215 -0.090237 0.019815 0.044238 0.990654 0.127492
1706585422.782538 35.314293 -8.367125 -0.091223 0.024884 0.057081 0.989508 0.130368
1706585422.882366 35.176288 -8.303441 -0.095442 0.020000 0.065659 0.988222 0.136771
1706585422.982610 35.003127 -8.263344 -0.085426 0.009500 0.058737 0.988033 0.142304
1706585423.082450 34.847072 -8.240230 -0.080115 0.012445 0.049366 0.989262 0.136998
1706585423.182284 34.682804 -8.192231 -0.074095 0.014491 0.049297 0.990022 0.131214
1706585423.282910 34.551299 -8.150935 -0.081890 0.020523 0.052815 0.989794 0.130759
1706585423.381828 34.402399 -8.137794 -0.078956 0.024285 0.043880 0.990135 0.130832
1706585423.480509 34.249964 -8.123505 -0.074457 0.021915 0.034125 0.991416 0.124297
1706585423.582456 34.091233 -8.102927 -0.071850 0.010173 0.033036 0.992748 0.115137
1706585423.682290 33.964137 -8.087939 -0.071390 0.014885 0.030038 0.993995 0.104164
1706585423.781671 33.812395 -8.058733 -0.071774 0.009698 0.033522 0.995008 0.093495
1706585423.880356 33.665564 -8.026399 -0.078868 0.010907 0.037339 0.995715 0.083899
1706585423.979043 33.513622 -8.011709 -0.081860 0.004146 0.031301 0.995973 0.083906
1706585424.082474 33.353124 -7.979786 -0.079877 0.000583 0.028298 0.995670 0.088550
1706585424.182317 33.190419 -7.926879 -0.069809 0.000771 0.031364 0.995048 0.094313
1706585424.282544 33.049485 -7.911161 -0.071853 0.003382 0.027581 0.993781 0.107834
1706585424.382397 32.864519 -7.886160 -0.074369 0.004612 0.016974 0.992307 0.122546
1706585424.482243 32.682350 -7.855186 -0.081107 0.002035 0.004207 0.990557 0.137024
1706585424.582881 32.520892 -7.782385 -0.077043 -0.002572 0.010652 0.989363 0.145054
1706585424.681383 32.328008 -7.722502 -0.084947 -0.007036 0.009982 0.987207 0.158976
1706585424.779936 32.162397 -7.656761 -0.086924 -0.003313 0.014264 0.985563 0.168673
1706585424.882416 32.011145 -7.591816 -0.090470 0.004681 0.013981 0.983237 0.181733
1706585424.982255 31.888404 -7.502399 -0.087135 0.014386 0.021418 0.981169 0.191418
1706585425.081363 31.734183 -7.415493 -0.086834 0.010094 0.031067 0.978760 0.202391
1706585425.180110 31.578917 -7.336016 -0.082612 0.014063 0.031485 0.977676 0.207271
1706585425.278880 31.436107 -7.281774 -0.082801 0.017860 0.026933 0.977330 0.209239
1706585425.382443 31.312669 -7.219325 -0.076186 0.025685 0.025048 0.976530 0.212370
1706585425.482277 31.153836 -7.144117 -0.058692 0.027677 0.023317 0.975487 0.217060
1706585425.582912 31.021405 -7.079817 -0.057302 0.030022 0.024508 0.974368 0.221596
1706585425.682760 30.876825 -6.995639 -0.048459 0.030949 0.033155 0.974083 0.221596
1706585425.782590 30.749723 -6.919077 -0.053862 0.032714 0.034657 0.973982 0.221560
1706585425.881578 30.612571 -6.824997 -0.043973 0.031279 0.053474 0.973209 0.221419
1706585425.980190 30.457300 -6.752958 -0.044416 0.025059 0.053846 0.972926 0.223356
1706585426.078901 30.296338 -6.680619 -0.045393 0.016367 0.058054 0.974898 0.214325
1706585426.182722 30.136739 -6.612045 -0.054087 0.005532 0.056512 0.978084 0.200318
1706585426.282312 29.977725 -6.557748 -0.054473 0.001928 0.054668 0.981409 0.183970
1706585426.381049 29.849776 -6.503789 -0.036981 0.006430 0.058434 0.983789 0.169420
1706585426.479880 29.719079 -6.458946 -0.034999 0.013858 0.057348 0.985874 0.156756
1706585426.582885 29.578659 -6.441919 -0.026299 0.017672 0.046270 0.987416 0.150188
1706585426.682724 29.416706 -6.424325 -0.021027 0.015986 0.029817 0.988729 0.145840
1706585426.782555 29.271970 -6.392499 -0.017556 0.013038 0.024697 0.989018 0.145131
1706585426.882412 29.123888 -6.339979 -0.012674 0.014537 0.027437 0.988682 0.146777
1706585426.982260 29.004306 -6.294340 -0.007484 0.016634 0.030090 0.988180 0.149390
1706585427.082912 28.862056 -6.249098 -0.008386 0.019556 0.030942 0.987600 0.152665
1706585427.181712 28.720481 -6.204641 -0.000446 0.019923 0.030272 0.986927 0.157041
1706585427.280375 28.554551 -6.159059 -0.003846 0.014821 0.027079 0.986908 0.158304
1706585427.379094 28.378096 -6.090585 0.001858 0.012161 0.031774 0.987016 0.156975
1706585427.482274 28.239840 -6.024783 0.010532 0.011434 0.040228 0.987838 0.149755
1706585427.582139 28.123377 -5.995649 0.018400 0.012665 0.039596 0.989080 0.141396
1706585427.680881 27.999138 -5.970724 0.018760 0.012240 0.036633 0.990366 0.132980
1706585427.779716 27.847054 -5.947399 0.019447 0.016269 0.035726 0.991160 0.126730
1706585427.882417 27.705782 -5.918538 0.018895 0.020388 0.034524 0.991611 0.122880
1706585427.982256 27.565234 -5.882702 0.010170 0.026198 0.039139 0.991866 0.118252
1706585428.082903 27.428537 -5.862625 0.007530 0.028608 0.037951 0.992153 0.115648
1706585428.182755 27.280883 -5.832272 0.005016 0.023018 0.039844 0.992573 0.112613
1706585428.282595 27.137960 -5.777644 0.023861 0.021256 0.049314 0.992561 0.109262
1706585428.382433 26.993648 -5.722334 0.029032 0.021766 0.058703 0.992168 0.108087
1706585428.481821 26.831396 -5.669770 0.032500 0.020105 0.058222 0.992201 0.108368
1706585428.580524 26.688259 -5.643499 0.034086 0.025288 0.056697 0.992161 0.108455
1706585428.682753 26.532749 -5.609021 0.040266 0.021499 0.056104 0.992024 0.110808
1706585428.782584 26.373993 -5.575911 0.039512 0.023366 0.054534 0.991512 0.115686
1706585428.881968 26.226836 -5.547042 0.054092 0.018867 0.046598 0.991244 0.122098
1706585428.980746 26.070071 -5.496587 0.067080 0.016622 0.046673 0.990835 0.125666
1706585429.079580 25.901581 -5.428900 0.083864 0.012288 0.048347 0.990297 0.129704
1706585429.182740 25.736200 -5.368234 0.097434 0.009511 0.047563 0.989550 0.135788
1706585429.282580 25.591996 -5.342732 0.114730 0.024053 0.035604 0.988932 0.142014
1706585429.382431 25.458300 -5.328209 0.110144 0.034113 0.024345 0.988028 0.148470
1706585429.482300 25.331084 -5.294057 0.108368 0.037629 0.022430 0.987134 0.153780
1706585429.582526 25.175142 -5.232687 0.118775 0.032448 0.025231 0.986895 0.156041
1706585429.682353 25.020761 -5.163405 0.125585 0.022525 0.036571 0.987013 0.154793
1706585429.781130 24.887153 -5.112465 0.122417 0.021360 0.043893 0.986781 0.154536
1706585429.879827 24.750603 -5.045367 0.134202 0.024305 0.051627 0.985846 0.157645
1706585429.978519 24.616266 -4.994718 0.130718 0.029191 0.051522 0.984816 0.163188
1706585430.082925 24.468283 -4.943924 0.128454 0.027670 0.055123 0.984622 0.163446
1706585430.181967 24.327573 -4.883586 0.128660 0.031494 0.063162 0.984673 0.159493
1706585430.280761 24.170175 -4.814455 0.142661 0.021273 0.062637 0.986087 0.152499
1706585430.379757 24.022388 -4.781229 0.152166 0.028389 0.054768 0.987889 0.142372
1706585430.482297 23.878279 -4.764696 0.166342 0.035413 0.045649 0.989111 0.135356
1706585430.582529 23.760506 -4.733891 0.171230 0.033488 0.049976 0.990265 0.125521
1706585430.682367 23.628810 -4.690314 0.182487 0.034962 0.052465 0.990939 0.118596
1706585430.782600 23.476279 -4.681770 0.183730 0.029270 0.045572 0.991352 0.119529
1706585430.882430 23.300314 -4.691374 0.183331 0.015492 0.031869 0.991876 0.122174
1706585430.982275 23.137366 -4.685603 0.182124 0.009188 0.025690 0.992402 0.119970
1706585431.081198 22.969588 -4.642603 0.191348 0.010156 0.022995 0.992915 0.116137
1706585431.179593 22.813510 -4.575501 0.204899 0.012884 0.031304 0.993167 0.111684
1706585431.282600 22.663376 -4.535272 0.206950 0.010316 0.032736 0.993533 0.108229
1706585431.382443 22.530416 -4.511556 0.199846 0.011690 0.030396 0.993499 0.109085
1706585431.481736 22.398751 -4.490146 0.219556 0.012967 0.018726 0.993785 0.108960
1706585431.580776 22.260872 -4.466706 0.225053 0.025150 0.014145 0.993517 0.109958
1706585431.682765 22.107362 -4.438147 0.205149 0.012400 0.014177 0.993959 0.108124
1706585431.782622 21.967867 -4.409558 0.212154 0.018480 0.014695 0.993352 0.112670
1706585431.882464 21.820516 -4.362420 0.212921 0.021923 0.022487 0.992623 0.117108
1706585431.982290 21.662005 -4.316673 0.215584 0.013423 0.028741 0.991573 0.125602
1706585432.082929 21.536564 -4.305684 0.230138 0.032313 0.017574 0.990896 0.129509
1706585432.182766 21.374106 -4.266016 0.233843 0.020620 0.014072 0.991178 0.130167
1706585432.282238 21.195059 -4.226235 0.239219 0.016950 0.011471 0.991155 0.131121
1706585432.380718 21.038008 -4.171944 0.246334 0.013911 0.016022 0.991808 0.125967
1706585432.479105 20.881597 -4.112732 0.250985 0.012868 0.024318 0.992095 0.122438
1706585432.582533 20.714481 -4.063267 0.250393 0.011552 0.030983 0.992103 0.120992
1706585432.682387 20.576306 -4.030206 0.255848 0.010245 0.030660 0.992205 0.120352
1706585432.781699 20.424014 -4.005538 0.257891 0.009189 0.020783 0.991933 0.124710
1706585432.880610 20.258523 -3.967701 0.254820 0.004101 0.023605 0.992142 0.122798
1706585432.982690 20.104205 -3.928936 0.260233 0.006596 0.017304 0.991412 0.129460
1706585433.082521 19.946774 -3.867612 0.263376 0.007776 0.022238 0.991083 0.131151
1706585433.182360 19.797775 -3.795761 0.265857 0.012026 0.033197 0.990187 0.135218
1706585433.282587 19.636392 -3.745213 0.267827 0.011568 0.033731 0.988324 0.148136
1706585433.382433 19.488361 -3.694030 0.273874 0.005148 0.028831 0.987852 0.152610
1706585433.482294 19.358240 -3.641473 0.275072 0.003357 0.030251 0.986904 0.158411
1706585433.581436 19.227675 -3.591320 0.274116 0.008094 0.033812 0.986681 0.158907
1706585433.680017 19.125956 -3.549233 0.269096 0.014417 0.039174 0.987014 0.155116
1706585433.778546 19.002270 -3.507774 0.272127 0.016298 0.040371 0.988092 0.147577
1706585433.882872 18.836973 -3.463233 0.271786 0.018308 0.045969 0.989460 0.136092
1706585433.982688 18.681915 -3.418386 0.269839 0.003789 0.046946 0.990388 0.130048
1706585434.081744 18.540660 -3.379900 0.276675 0.003521 0.049089 0.991226 0.122672
1706585434.180784 18.372954 -3.360090 0.272864 -0.001755 0.036275 0.991732 0.123083
1706585434.282237 18.222294 -3.358781 0.265963 -0.002137 0.020302 0.992546 0.120149
1706585434.382872 18.088858 -3.324534 0.265575 0.008181 0.024902 0.992149 0.122287
1706585434.482706 17.944959 -3.285659 0.260232 0.007437 0.024945 0.991630 0.126460
1706585434.582553 17.797102 -3.257436 0.257337 0.011045 0.020927 0.991280 0.129629
1706585434.682394 17.663097 -3.224779 0.257519 0.009334 0.022616 0.991129 0.130628
1706585434.782249 17.521860 -3.176027 0.267675 0.014765 0.021176 0.990730 0.133368
1706585434.881035 17.381276 -3.131176 0.278051 0.012658 0.022791 0.990186 0.137303
1706585434.979775 17.283479 -3.091607 0.288055 0.030164 0.021212 0.989207 0.141812
1706585435.082585 17.176527 -3.042688 0.288574 0.035478 0.024790 0.987686 0.150343
1706585435.182416 17.041957 -3.006618 0.284676 0.020790 0.023599 0.986751 0.159162
1706585435.282264 16.910560 -2.971454 0.296534 0.019762 0.017090 0.985776 0.166021
1706585435.382088 16.783237 -2.913016 0.305512 0.012756 0.018171 0.986983 0.159284
1706585435.482762 16.679598 -2.829131 0.297358 0.013537 0.044799 0.986024 0.159895
1706585435.582591 16.599305 -2.741358 0.311934 0.022248 0.061350 0.984111 0.165124
1706585435.682427 16.484598 -2.703883 0.311882 0.024580 0.060477 0.983642 0.167890
1706585435.782279 16.364541 -2.700964 0.316747 0.029193 0.041352 0.984458 0.168167
1706585435.882927 16.278151 -2.729926 0.336870 0.042707 0.017412 0.983512 0.174863
1706585435.982768 16.204981 -2.728194 0.338078 0.061625 0.002794 0.982141 0.177745
1706585436.082603 16.109546 -2.689231 0.333113 0.059112 0.008158 0.983661 0.169851
1706585436.181025 16.007560 -2.642290 0.331726 0.055608 0.014051 0.984272 0.167090
1706585436.279524 15.879055 -2.588722 0.322333 0.044888 0.019156 0.984242 0.169956
1706585436.382924 15.728806 -2.530955 0.337072 0.019357 0.024589 0.985073 0.169267
1706585436.482768 15.568436 -2.475499 0.350851 -0.009266 0.025118 0.985163 0.169520
1706585436.582614 15.441054 -2.455603 0.355719 -0.007346 0.015291 0.987053 0.159494
1706585436.682469 15.330723 -2.470677 0.356342 -0.000525 -0.004828 0.987951 0.154694
1706585436.782316 15.227208 -2.453722 0.363308 0.007532 -0.009693 0.989155 0.146360
1706585436.882566 15.125753 -2.384675 0.369559 0.019144 0.005532 0.990105 0.138906
1706585436.982394 15.014655 -2.318277 0.374179 0.017935 0.019911 0.990387 0.135701
1706585437.082217 14.892410 -2.283480 0.370931 0.016773 0.020576 0.990529 0.134711
1706585437.182854 14.777672 -2.257305 0.378535 0.013994 0.015557 0.990781 0.133846
1706585437.282705 14.642075 -2.225176 0.360717 -0.003311 0.016626 0.991088 0.132129
1706585437.381497 14.488982 -2.189609 0.366689 -0.017354 0.019599 0.991264 0.129272
1706585437.480120 14.360958 -2.158109 0.365049 -0.015195 0.019830 0.991926 0.124334
1706585437.578735 14.233430 -2.132566 0.363542 -0.019604 0.020082 0.992466 0.119267
1706585437.682415 14.102768 -2.107457 0.353246 -0.010988 0.019889 0.993447 0.112016
1706585437.782256 14.012439 -2.089504 0.357323 0.014698 0.013516 0.993910 0.108367
1706585437.882898 13.894969 -2.077412 0.348228 0.007252 0.006991 0.994086 0.108125
1706585437.982746 13.781993 -2.062048 0.352468 0.006320 0.002945 0.994035 0.108836
1706585438.082587 13.679264 -2.029590 0.362663 0.011892 0.007045 0.993748 0.110789
1706585438.182420 13.559767 -2.007904 0.364093 0.008886 0.004618 0.993673 0.111868
1706585438.282257 13.452239 -1.983477 0.362587 0.009508 0.005720 0.993446 0.113761
1706585438.382899 13.324609 -1.960853 0.358213 0.004766 0.001386 0.992904 0.118818
1706585438.482741 13.205170 -1.929053 0.356793 0.001798 0.001992 0.993143 0.116877
1706585438.582569 13.078508 -1.883222 0.359390 -0.004737 0.010620 0.993442 0.113741
1706585438.681243 12.957973 -1.863654 0.352111 -0.003620 0.011831 0.993914 0.109466
1706585438.779957 12.862428 -1.845572 0.358414 0.004558 0.010702 0.994687 0.102286
1706585438.882852 12.732756 -1.829949 0.359574 0.004958 0.010196 0.995420 0.094919
1706585438.982695 12.633894 -1.808795 0.356678 0.019936 0.013383 0.995776 0.088619
1706585439.082541 12.526544 -1.792651 0.356743 0.022956 0.013582 0.996271 0.082055
1706585439.182379 12.400883 -1.777731 0.361616 0.019520 0.011647 0.996590 0.079318
1706585439.282217 12.254497 -1.760221 0.364809 0.014049 0.009667 0.996691 0.079472
1706585439.382858 12.128289 -1.739704 0.368049 0.011678 0.010663 0.996738 0.079139
1706585439.482703 11.988373 -1.717021 0.377725 0.008744 0.010092 0.996841 0.078299
1706585439.582550 11.853087 -1.685820 0.376028 0.008186 0.011911 0.996965 0.076501
1706585439.682389 11.724812 -1.655794 0.378740 0.007217 0.015287 0.996673 0.079726
1706585439.782227 11.570118 -1.625990 0.379997 0.004321 0.015232 0.996379 0.083531
1706585439.882352 11.428150 -1.621477 0.386396 0.000005 0.006413 0.995917 0.090047
1706585439.981005 11.287883 -1.596461 0.378507 0.001684 0.002714 0.995436 0.095373
1706585440.079647 11.133734 -1.535508 0.385918 0.001807 0.010016 0.994656 0.102742
1706585440.182405 10.989243 -1.479379 0.389413 0.002316 0.017306 0.993393 0.113422
1706585440.282259 10.845076 -1.440289 0.385098 0.000678 0.016621 0.992406 0.121875
1706585440.382907 10.679894 -1.393337 0.387351 -0.002432 0.014844 0.991898 0.126146
1706585440.482738 10.540970 -1.352845 0.383282 -0.005300 0.019685 0.991839 0.125853
1706585440.582564 10.406075 -1.311139 0.384255 -0.007013 0.024604 0.992675 0.118075
1706585440.682394 10.290552 -1.269211 0.398637 0.006582 0.036035 0.993008 0.112217
1706585440.782227 10.176239 -1.250506 0.377796 0.013638 0.042612 0.994136 0.098444
1706585440.882863 10.054060 -1.231995 0.380658 0.004973 0.046410 0.995147 0.086627
1706585440.982697 9.923695 -1.216258 0.377308 0.001560 0.044278 0.995880 0.079116
1706585441.082540 9.797521 -1.214129 0.382370 -0.001620 0.034862 0.996263 0.079012
1706585441.181980 9.665350 -1.219181 0.384118 -0.000790 0.019936 0.996022 0.086842
1706585441.280633 9.536552 -1.216533 0.374481 -0.002616 0.011971 0.996124 0.087102
1706585441.379273 9.413938 -1.194787 0.362378 -0.005012 0.010580 0.995293 0.096200
1706585441.482712 9.269570 -1.149665 0.370044 -0.001831 0.017391 0.994648 0.101833
1706585441.582550 9.134455 -1.104383 0.363959 -0.003423 0.018209 0.993877 0.108926
1706585441.682387 8.998029 -1.070287 0.365461 0.001099 0.015897 0.992852 0.118282
1706585441.782229 8.861134 -1.041053 0.358951 0.001343 0.009388 0.991994 0.125931
1706585441.882851 8.702179 -0.993653 0.362280 -0.000551 0.013021 0.991643 0.128349
1706585441.982686 8.557132 -0.956468 0.366161 -0.001831 0.011367 0.991116 0.132502
1706585442.082533 8.436855 -0.926281 0.362668 0.001814 0.008189 0.990778 0.135232
1706585442.182373 8.322142 -0.885666 0.359336 -0.000149 0.010816 0.990987 0.133521
1706585442.282205 8.212432 -0.845152 0.358849 0.003202 0.011953 0.990708 0.135442
1706585442.382833 8.081233 -0.811070 0.353751 -0.003446 0.011571 0.990375 0.137883
1706585442.481619 7.963538 -0.774389 0.359046 -0.002771 0.012684 0.990132 0.139535
1706585442.580285 7.830318 -0.726574 0.358897 -0.003575 0.013718 0.989986 0.140451
1706585442.678980 7.696077 -0.695140 0.358430 -0.003886 0.011058 0.989782 0.142106
1706585442.782588 7.560588 -0.646970 0.350295 0.003736 0.015115 0.989780 0.141748
1706585442.882432 7.426705 -0.601092 0.348579 0.002210 0.018092 0.990186 0.138564
1706585442.982279 7.289859 -0.569382 0.347055 0.003122 0.016031 0.990612 0.135721
1706585443.082916 7.173753 -0.543951 0.344911 0.004255 0.016468 0.991300 0.130515
1706585443.182765 7.044923 -0.515061 0.341994 0.004674 0.015165 0.992285 0.122959
1706585443.282612 6.920424 -0.482419 0.341960 0.002135 0.013015 0.992966 0.117661
1706585443.382455 6.791524 -0.461154 0.335588 0.000952 0.012394 0.993630 0.112008
1706585443.482299 6.641462 -0.425020 0.330903 -0.001496 0.012315 0.994079 0.107945
1706585443.582532 6.493949 -0.395171 0.333509 -0.010595 0.012985 0.994161 0.106597
1706585443.682379 6.350852 -0.368425 0.338638 -0.006325 0.009414 0.994252 0.106465
1706585443.781346 6.215914 -0.337718 0.339013 -0.000726 0.004289 0.993960 0.109654
1706585443.880051 6.090007 -0.318616 0.336725 0.005090 -0.000433 0.993324 0.115240
1706585443.978798 5.951372 -0.293792 0.332220 0.010530 -0.004402 0.992838 0.118923
1706585444.082532 5.785771 -0.231800 0.338616 0.006812 0.001318 0.992140 0.124941
1706585444.182375 5.626940 -0.172251 0.342524 0.003298 0.008022 0.991185 0.132198
1706585444.282226 5.480430 -0.145717 0.346804 0.005666 0.000146 0.989779 0.142495
1706585444.382869 5.323879 -0.095894 0.346148 0.006991 0.001587 0.988718 0.149621
1706585444.482714 5.173998 -0.032998 0.349437 0.010080 0.005812 0.987257 0.158710
1706585444.582551 5.043701 0.018608 0.348745 0.013269 0.003052 0.985667 0.168149
1706585444.681416 4.894175 0.085340 0.355167 0.010784 0.007236 0.984567 0.174524
1706585444.779924 4.758343 0.146731 0.350632 0.014664 0.006628 0.982558 0.185260
1706585444.882866 4.598045 0.206116 0.343196 0.008093 0.001740 0.980684 0.195423
1706585444.982413 4.448406 0.273763 0.336481 0.004585 0.003298 0.978918 0.204173
1706585445.081127 4.327939 0.342350 0.333995 0.005530 0.007884 0.976734 0.214237
1706585445.179800 4.196136 0.404993 0.331197 0.001889 0.005792 0.974472 0.224426
1706585445.278572 4.068830 0.476477 0.335469 0.003065 0.007604 0.972338 0.233434
1706585445.382849 3.940788 0.552426 0.336127 0.002839 0.010036 0.970564 0.240619
1706585445.482692 3.823581 0.631952 0.334899 0.011337 0.010361 0.970017 0.242552
1706585445.582529 3.713551 0.688313 0.332124 0.010819 0.012709 0.970284 0.241394
1706585445.682387 3.602617 0.746754 0.331883 0.012126 0.014925 0.971156 0.237667
1706585445.782223 3.508946 0.805662 0.328174 0.010694 0.020604 0.971284 0.236790
1706585445.881646 3.414194 0.843866 0.327456 0.009062 0.014272 0.971445 0.236661
1706585445.980309 3.310970 0.899548 0.338423 0.011468 0.012119 0.971827 0.235105
1706585446.078973 3.209329 0.946913 0.338173 0.012760 0.013031 0.972372 0.232722
1706585446.182364 3.106544 1.005770 0.356057 0.016550 0.013249 0.972371 0.232478
1706585446.282273 3.012931 1.066583 0.356329 0.014884 0.017952 0.972413 0.232098
1706585446.380963 2.900740 1.112200 0.355834 0.010689 0.016157 0.972710 0.231216
1706585446.479711 2.777481 1.153587 0.363465 0.006517 0.011809 0.973513 0.228233
1706585446.582897 2.659617 1.195037 0.359326 0.010016 0.009649 0.975686 0.218731
1706585446.682740 2.535423 1.249531 0.368858 0.014093 0.011258 0.977649 0.209469
1706585446.782574 2.409979 1.301892 0.368692 0.012836 0.010536 0.979566 0.200437
1706585446.882411 2.292298 1.345326 0.365431 0.016068 0.012661 0.980426 0.195824
1706585446.982240 2.171018 1.387304 0.363714 0.010573 0.008991 0.981296 0.192002
1706585447.082878 2.061357 1.421479 0.361475 0.010523 0.001517 0.981927 0.188963
1706585447.181567 1.950980 1.472560 0.356899 0.011041 0.004549 0.982594 0.185381
1706585447.280263 1.855931 1.510247 0.361932 0.012273 0.004511 0.983717 0.179249
1706585447.378994 1.761852 1.550021 0.352201 0.013153 0.012359 0.984732 0.173137
1706585447.482233 1.661904 1.571919 0.357227 0.011847 0.013422 0.985778 0.167099
1706585447.582056 1.568483 1.580074 0.362397 0.011285 0.007875 0.987335 0.158048
1706585447.680822 1.499068 1.585289 0.361848 0.012107 0.003936 0.988846 0.148398
1706585447.779591 1.414555 1.609248 0.357895 0.009580 0.002110 0.990001 0.140722
1706585447.881909 1.326453 1.635143 0.365548 0.006842 0.006841 0.990805 0.134948
1706585447.982028 1.239540 1.645576 0.363798 0.004333 0.007922 0.991219 0.131922
1706585448.082872 1.132305 1.675902 0.357727 -0.009238 0.008514 0.991500 0.129500
1706585448.182705 1.034741 1.706503 0.360486 -0.018256 0.007426 0.991305 0.130101
1706585448.282156 0.938957 1.725042 0.369832 -0.023090 0.001992 0.991611 0.127166
1706585448.382364 0.863876 1.761993 0.376720 -0.022991 0.008584 0.992357 0.120932
1706585448.481796 0.795183 1.794879 0.379303 -0.026096 0.016160 0.992775 0.116000
1706585448.580498 0.719142 1.841171 0.386445 -0.023373 0.016966 0.992726 0.116883
1706585448.681949 0.681676 1.900109 0.392764 -0.017632 0.031675 0.992226 0.119049
1706585448.782619 0.654450 1.901418 0.382974 -0.015612 0.028843 0.991714 0.124205
1706585448.881621 0.608500 1.890637 0.374746 -0.018577 0.018867 0.991369 0.128403
1706585448.980407 0.618676 1.906150 0.381382 -0.019195 0.022774 0.991521 0.126486
1706585449.079165 0.609786 1.917821 0.376480 -0.017818 0.025180 0.991252 0.128324
1706585449.177733 0.636664 1.910429 0.371547 -0.016660 0.029379 0.991311 0.127129
1706585449.282178 0.668095 1.903033 0.368312 -0.014967 0.021830 0.991370 0.128392
1706585449.382385 0.709460 1.883431 0.373869 -0.015027 0.023429 0.991265 0.128914
1706585449.482241 0.739844 1.861989 0.372967 -0.013991 0.021159 0.991231 0.129682
1706585449.581560 0.766750 1.845803 0.380621 -0.014054 0.022562 0.991187 0.129775
1706585449.682518 0.783792 1.833700 0.396178 -0.013703 0.023404 0.991172 0.129781
1706585449.781271 0.778785 1.823957 0.398172 -0.014060 0.025581 0.991119 0.129733
1706585449.879998 0.793698 1.823641 0.389154 -0.013448 0.020295 0.991053 0.131233
1706585449.982236 0.810235 1.835274 0.391505 -0.013210 0.021486 0.990972 0.131678
1706585450.082654 0.855798 1.831730 0.382863 -0.011949 0.024288 0.990903 0.131830
1706585450.181319 0.875636 1.825982 0.378079 -0.012409 0.021468 0.990849 0.132676
1706585450.280329 0.909916 1.821007 0.378677 -0.011958 0.023082 0.990836 0.132542
1706585450.378855 0.970054 1.808592 0.373827 -0.011136 0.022162 0.990910 0.132221
1706585450.481656 1.017491 1.803081 0.371243 -0.011336 0.020691 0.991006 0.131722
1706585450.582899 1.055435 1.789978 0.374811 -0.011798 0.021346 0.990983 0.131748
1706585450.682754 1.086482 1.772281 0.368059 -0.011064 0.022420 0.990936 0.131991
1706585450.782522 1.092918 1.761503 0.371647 -0.012026 0.021697 0.990897 0.132320
1706585450.880583 1.110364 1.756089 0.370770 -0.011539 0.021828 0.990900 0.132318
1706585450.982265 1.119523 1.751103 0.366450 -0.010997 0.021184 0.990919 0.132325
1706585451.081020 1.118657 1.746548 0.364188 -0.010471 0.022870 0.990807 0.132922
1706585451.179145 1.107347 1.756000 0.361372 -0.010496 0.021600 0.990926 0.132248
1706585451.282412 1.101277 1.762289 0.367281 -0.010781 0.022539 0.990919 0.132122
1706585451.382323 1.102585 1.764552 0.376263 -0.012087 0.020144 0.990921 0.132374
1706585451.481306 1.121165 1.765283 0.379465 -0.011227 0.022717 0.990959 0.131752
1706585451.579837 1.134410 1.762572 0.384442 -0.012059 0.019747 0.990980 0.131995
1706585451.682189 1.137625 1.766504 0.383700 -0.011622 0.020775 0.990990 0.131800
1706585451.780962 1.133356 1.765684 0.387016 -0.012049 0.020918 0.990996 0.131700
1706585451.882862 1.116616 1.765817 0.387477 -0.012060 0.020117 0.990937 0.132261
1706585451.982706 1.089438 1.766550 0.391740 -0.012695 0.023695 0.990912 0.131800
1706585452.081598 1.088115 1.760647 0.390220 -0.012792 0.021476 0.990890 0.132331
1706585452.182371 1.074156 1.765914 0.392628 -0.012540 0.021369 0.990920 0.132149
1706585452.282056 1.057044 1.768899 0.391338 -0.012327 0.021997 0.990887 0.132318
1706585452.380181 1.023864 1.777926 0.389806 -0.012150 0.021443 0.990865 0.132584
1706585452.482299 0.976494 1.796133 0.382949 -0.011740 0.017422 0.990859 0.133259
1706585452.582116 0.954497 1.794010 0.380490 -0.011502 0.022373 0.990784 0.133098
1706585452.682308 0.910939 1.793688 0.385900 -0.011809 0.024205 0.990656 0.133698
1706585452.780869 0.875331 1.797273 0.373371 -0.011274 0.022063 0.990719 0.133648
1706585452.882747 0.842174 1.807118 0.375710 -0.011888 0.023336 0.990710 0.133442
1706585452.981999 0.820373 1.795415 0.373320 -0.010827 0.025234 0.990447 0.135131
1706585453.082521 0.789122 1.788825 0.363978 -0.009594 0.025562 0.990362 0.135784
1706585453.182360 0.783680 1.775536 0.349648 -0.008516 0.026072 0.990270 0.136426
1706585453.282529 0.755724 1.780688 0.345248 -0.008566 0.025163 0.990331 0.136156
1706585453.382050 0.698547 1.801656 0.345040 -0.009056 0.025682 0.990357 0.135834
1706585453.482021 0.613071 1.828358 0.353108 -0.010211 0.023980 0.990362 0.136032
1706585453.581216 0.582014 1.845041 0.362888 -0.010407 0.024252 0.990416 0.135574
1706585453.679487 0.523901 1.863561 0.363263 -0.010925 0.024135 0.990426 0.135481
1706585453.782533 0.460340 1.880668 0.358450 -0.010402 0.022948 0.990379 0.136067
1706585453.881776 0.412443 1.895560 0.370460 -0.012336 0.023558 0.990377 0.135815
1706585453.981885 0.359340 1.898438 0.363585 -0.010532 0.022849 0.990174 0.137560
1706585454.081334 0.334222 1.906342 0.363359 -0.011373 0.022937 0.990236 0.137031
1706585454.182701 0.306620 1.912573 0.360603 -0.009920 0.025749 0.990200 0.136903
1706585454.281737 0.305460 1.913808 0.364966 -0.011717 0.021710 0.990213 0.137365
1706585454.382399 0.303448 1.922948 0.377621 -0.012168 0.023016 0.990291 0.136551
1706585454.482232 0.316524 1.915355 0.369994 -0.010269 0.025017 0.990205 0.136975
1706585454.582888 0.323237 1.909089 0.359485 -0.009618 0.025658 0.990138 0.137392
1706585454.681338 0.339908 1.903974 0.351567 -0.009504 0.026223 0.990224 0.136670
1706585454.782207 0.352323 1.914067 0.356197 -0.010482 0.024988 0.990421 0.135392
1706585454.880523 0.346056 1.905608 0.354827 -0.009672 0.023220 0.990166 0.137616
1706585454.979307 0.362823 1.906593 0.359975 -0.011089 0.021767 0.990384 0.136171
1706585455.082788 0.380530 1.899805 0.373767 -0.011562 0.022794 0.990256 0.136890
1706585455.182719 0.379728 1.896456 0.368854 -0.010887 0.022815 0.990220 0.137203
1706585455.282353 0.379736 1.896573 0.369283 -0.011587 0.023330 0.990230 0.136988
1706585455.381768 0.397011 1.900877 0.366418 -0.010709 0.024635 0.990358 0.135905
1706585455.482191 0.393993 1.900918 0.364525 -0.010911 0.022590 0.990307 0.136610
1706585455.582268 0.405233 1.889181 0.364463 -0.010889 0.023141 0.990189 0.137372
1706585455.682724 0.403397 1.901696 0.368855 -0.011545 0.023798 0.990435 0.135421
1706585455.782550 0.419463 1.905829 0.379735 -0.011967 0.023986 0.990453 0.135217
1706585455.882347 0.438841 1.902099 0.379831 -0.011527 0.023870 0.990407 0.135616
1706585455.981179 0.457066 1.908658 0.377713 -0.011394 0.024444 0.990643 0.133791
1706585456.081752 0.468717 1.905633 0.374084 -0.011866 0.022922 0.990616 0.134217
1706585456.178692 0.480811 1.909895 0.365477 -0.010661 0.023596 0.990718 0.133443
1706585456.282553 0.489869 1.912261 0.378846 -0.012647 0.024593 0.990625 0.133779
1706585456.382403 0.522947 1.912588 0.375735 -0.011770 0.023909 0.990750 0.133060
1706585456.482258 0.577889 1.903591 0.387002 -0.013256 0.021421 0.990775 0.133158
1706585456.582829 0.603168 1.895668 0.376440 -0.011108 0.024811 0.990798 0.132588
1706585456.682412 0.634144 1.888646 0.372178 -0.011258 0.022900 0.990813 0.132810
1706585456.782495 0.673941 1.876953 0.371891 -0.010981 0.024626 0.990805 0.132582
1706585456.882447 0.686097 1.865487 0.376632 -0.011890 0.022473 0.990757 0.133244
1706585456.982280 0.702454 1.856254 0.383431 -0.011900 0.022965 0.990742 0.133270
1706585457.082916 0.729763 1.843487 0.383616 -0.011988 0.023400 0.990708 0.133441
1706585457.182237 0.770854 1.829142 0.385397 -0.011951 0.022441 0.990720 0.133523
1706585457.282598 0.801049 1.821040 0.389712 -0.011972 0.022942 0.990733 0.133334
1706585457.379718 0.814218 1.814826 0.388420 -0.012002 0.022722 0.990716 0.133499
1706585457.478700 0.838706 1.804196 0.391924 -0.012775 0.023206 0.990635 0.133944
1706585457.582922 0.856765 1.795542 0.382639 -0.011380 0.023451 0.990689 0.133623
1706585457.682056 0.832656 1.800633 0.400366 -0.013942 0.025337 0.990558 0.134009
1706585457.782181 0.828752 1.800347 0.384295 -0.011726 0.024180 0.990673 0.133583
1706585457.881522 0.849982 1.801059 0.376166 -0.010860 0.024489 0.990691 0.133467
1706585457.982145 0.855371 1.799224 0.372844 -0.011000 0.024651 0.990632 0.133865
1706585458.082916 0.857011 1.800742 0.374148 -0.011167 0.024031 0.990664 0.133730
1706585458.182769 0.861463 1.799239 0.381152 -0.011115 0.024045 0.990640 0.133905
1706585458.282605 0.878248 1.795015 0.381895 -0.011614 0.022585 0.990673 0.133872
1706585458.382470 0.863446 1.794388 0.378970 -0.012038 0.022736 0.990669 0.133836
1706585458.482059 0.892605 1.783485 0.380568 -0.011744 0.024407 0.990635 0.133824
1706585458.580763 0.901013 1.782616 0.384675 -0.011729 0.024200 0.990641 0.133820
1706585458.679821 0.910604 1.780082 0.390651 -0.012201 0.023345 0.990663 0.133767
1706585458.778596 0.898311 1.780329 0.386534 -0.011698 0.024845 0.990622 0.133841
1706585458.882875 0.891483 1.782070 0.388809 -0.012037 0.025402 0.990588 0.133960
1706585458.981742 0.863953 1.790554 0.382465 -0.011968 0.023752 0.990647 0.133831
1706585459.082556 0.834394 1.800599 0.375279 -0.011565 0.022960 0.990680 0.133764
1706585459.181278 0.816250 1.806501 0.367148 -0.010588 0.024327 0.990601 0.134186
1706585459.281835 0.805269 1.814038 0.365681 -0.010626 0.024393 0.990708 0.133378
1706585459.382890 0.785520 1.820379 0.366724 -0.011014 0.023039 0.990667 0.133892
1706585459.482721 0.746294 1.834424 0.371527 -0.011916 0.021174 0.990737 0.133600
1706585459.582560 0.711835 1.845959 0.373519 -0.011442 0.024658 0.990702 0.133304
1706585459.682401 0.699573 1.847135 0.370622 -0.010880 0.023181 0.990685 0.133745
1706585459.781775 0.647325 1.865686 0.377540 -0.011989 0.024223 0.990726 0.133159
1706585459.880758 0.627487 1.871692 0.376504 -0.011356 0.024774 0.990739 0.133020
1706585459.979557 0.604552 1.874945 0.371611 -0.011106 0.023844 0.990687 0.133596
1706585460.079293 0.565648 1.880727 0.367253 -0.011498 0.023770 0.990675 0.133666
1706585460.182402 0.549308 1.884449 0.363784 -0.011161 0.022276 0.990694 0.133809
1706585460.282168 0.572135 1.876928 0.364019 -0.011440 0.021739 0.990693 0.133882
1706585460.382321 0.576198 1.865538 0.367133 -0.011369 0.022941 0.990547 0.134766
1706585460.482720 0.593028 1.857736 0.378061 -0.011816 0.022391 0.990564 0.134694
1706585460.582317 0.600956 1.857796 0.380051 -0.011577 0.025420 0.990524 0.134468
1706585460.682410 0.596713 1.857310 0.370757 -0.011249 0.024416 0.990509 0.134795
1706585460.782272 0.613947 1.848254 0.381808 -0.011785 0.027422 0.990383 0.135096
1706585460.882921 0.608696 1.844054 0.380012 -0.011677 0.025881 0.990455 0.134880
1706585460.982757 0.631260 1.836208 0.375900 -0.011409 0.024302 0.990438 0.135319
1706585461.082270 0.641548 1.834155 0.383281 -0.011457 0.026292 0.990457 0.134803
1706585461.180897 0.673431 1.819585 0.383217 -0.011872 0.024947 0.990362 0.135719
1706585461.280345 0.741630 1.803317 0.368743 -0.009705 0.025755 0.990481 0.134870
1706585461.378835 0.796127 1.793312 0.364758 -0.010467 0.023535 0.990569 0.134573
1706585461.482580 0.874575 1.780720 0.364087 -0.009767 0.024854 0.990569 0.134388
1706585461.582610 0.916928 1.773804 0.367872 -0.010939 0.022708 0.990617 0.134323
1706585461.682073 0.957179 1.756021 0.364435 -0.009665 0.024838 0.990567 0.134413
1706585461.780977 0.986255 1.748080 0.361604 -0.009549 0.024566 0.990578 0.134392
1706585461.882069 1.043130 1.738089 0.358290 -0.009650 0.024195 0.990638 0.134005
1706585461.982786 1.082898 1.718957 0.354978 -0.008719 0.025812 0.990489 0.134870
1706585462.081747 1.116143 1.716268 0.357935 -0.009947 0.023797 0.990646 0.133998
1706585462.180310 1.136825 1.707500 0.360440 -0.010157 0.023281 0.990588 0.134502
1706585462.282316 1.163542 1.698197 0.361844 -0.008468 0.025889 0.990598 0.134067
1706585462.381926 1.174089 1.678189 0.361586 -0.009470 0.024304 0.990386 0.135852
1706585462.481351 1.190487 1.670378 0.348903 -0.008382 0.024022 0.990503 0.135117
1706585462.579847 1.203808 1.666232 0.348564 -0.009811 0.021148 0.990457 0.135838
1706585462.682881 1.205262 1.666487 0.344181 -0.009097 0.023030 0.990523 0.135098
1706585462.782268 1.197427 1.676962 0.346327 -0.009032 0.023100 0.990607 0.134469
1706585462.882575 1.178955 1.689735 0.350354 -0.009425 0.024073 0.990605 0.134288
1706585462.982429 1.155386 1.695823 0.349890 -0.009381 0.023251 0.990535 0.134949
1706585463.082051 1.135967 1.707716 0.342882 -0.008750 0.023663 0.990649 0.134080
1706585463.182922 1.128615 1.708122 0.338912 -0.008709 0.022390 0.990565 0.134919
1706585463.282743 1.130510 1.714638 0.339581 -0.008522 0.024276 0.990665 0.133872
1706585463.381305 1.091862 1.716812 0.347500 -0.009513 0.021917 0.990506 0.135380
1706585463.479932 1.094046 1.715945 0.356040 -0.008923 0.026463 0.990559 0.134215
1706585463.582280 1.079871 1.715642 0.362965 -0.009838 0.024219 0.990520 0.134858
1706585463.682387 1.075896 1.711523 0.362533 -0.009088 0.026034 0.990421 0.135297
1706585463.780885 1.059678 1.723553 0.367058 -0.010048 0.022779 0.990557 0.134825
1706585463.879305 1.045343 1.733513 0.368460 -0.009999 0.024602 0.990574 0.134380
1706585463.978471 1.032222 1.744624 0.373727 -0.010360 0.022663 0.990615 0.134390
1706585464.081929 0.999975 1.756391 0.379309 -0.011105 0.022271 0.990599 0.134512
1706585464.182881 0.974003 1.768421 0.381302 -0.011014 0.023497 0.990653 0.133913
1706585464.282733 0.943693 1.770403 0.372500 -0.010401 0.023313 0.990574 0.134578
1706585464.382588 0.898388 1.780933 0.366789 -0.010140 0.023463 0.990600 0.134378
1706585464.482427 0.858063 1.794940 0.363043 -0.009581 0.024858 0.990595 0.134210
1706585464.582270 0.831135 1.799882 0.362192 -0.009920 0.024648 0.990501 0.134913
1706585464.680976 0.820676 1.796219 0.357539 -0.008682 0.025938 0.990545 0.134434
1706585464.782744 0.816457 1.803592 0.363388 -0.009811 0.024974 0.990621 0.133980
1706585464.882581 0.822319 1.799226 0.357722 -0.009090 0.024091 0.990580 0.134493
1706585464.981911 0.813425 1.807930 0.365649 -0.010662 0.022505 0.990664 0.134034
1706585465.080340 0.834914 1.795198 0.360415 -0.010011 0.023269 0.990583 0.134552
1706585465.179516 0.838760 1.796564 0.365012 -0.010552 0.021546 0.990601 0.134663
1706585465.282766 0.853324 1.791200 0.365605 -0.010548 0.022180 0.990575 0.134748
1706585465.381564 0.853613 1.793118 0.372114 -0.010954 0.022991 0.990578 0.134561
1706585465.482449 0.862387 1.785935 0.367180 -0.010358 0.024009 0.990526 0.134812
1706585465.582298 0.900431 1.779540 0.366796 -0.009533 0.022420 0.990612 0.134515
1706585465.682520 0.905671 1.783293 0.365515 -0.010533 0.023212 0.990663 0.133933
1706585465.782385 0.939357 1.768636 0.359441 -0.010133 0.020663 0.990609 0.134771
1706585465.881994 0.960987 1.764138 0.356744 -0.009420 0.024961 0.990636 0.133897
1706585465.980628 0.978461 1.755125 0.362055 -0.009394 0.025331 0.990562 0.134375
1706585466.082693 1.015054 1.743371 0.359519 -0.008961 0.025213 0.990585 0.134261
1706585466.182299 1.029257 1.738082 0.360105 -0.010199 0.020774 0.990619 0.134679
1706585466.281367 1.061774 1.729648 0.359420 -0.008708 0.026367 0.990559 0.134245
1706585466.380549 1.080855 1.728345 0.360002 -0.009915 0.020660 0.990692 0.134182
1706585466.479037 1.072896 1.729187 0.367991 -0.009693 0.024448 0.990560 0.134536
1706585466.582263 1.091261 1.725987 0.369230 -0.009982 0.022793 0.990667 0.134017
1706585466.682903 1.077308 1.729704 0.375672 -0.010583 0.023662 0.990600 0.134316
1706585466.782749 1.078238 1.733736 0.375691 -0.010654 0.022291 0.990682 0.133937
1706585466.882599 1.065846 1.735038 0.369312 -0.009723 0.023835 0.990598 0.134359
1706585466.982342 1.028907 1.738403 0.363120 -0.009493 0.024363 0.990546 0.134669
1706585467.082284 1.000081 1.747370 0.358911 -0.009500 0.026087 0.990617 0.133821
1706585467.181645 0.977645 1.747925 0.354340 -0.008671 0.025323 0.990547 0.134538
1706585467.280325 0.976588 1.750761 0.357211 -0.009082 0.026166 0.990562 0.134236
1706585467.382582 0.980770 1.753080 0.355586 -0.008879 0.024415 0.990597 0.134320
