1709436657.295099 0.054476 0.600469 -0.086450 0.005998 -0.002448 -0.013757 0.999884
1709436657.394908 -0.059324 0.416675 -0.085126 0.003093 -0.002095 -0.012491 0.999915
1709436657.494783 -0.079849 0.275662 -0.077314 0.004017 -0.001952 -0.012331 0.999914
1709436657.594491 -0.084236 0.310955 -0.076638 0.004011 -0.001959 -0.012446 0.999913
1709436657.693433 -0.062274 0.250832 -0.080039 0.003243 -0.002138 -0.011912 0.999922
1709436657.792375 -0.053988 0.354024 -0.078965 0.004138 -0.002033 -0.012586 0.999910
1709436657.894917 -0.049753 0.431827 -0.077696 0.004302 -0.001991 -0.012981 0.999905
1709436657.993591 -0.033067 0.458707 -0.080433 0.004321 -0.002025 -0.013144 0.999902
1709436658.092261 -0.042161 0.503086 -0.074955 0.005041 -0.001782 -0.013188 0.999899
1709436658.191006 -0.025872 0.501789 -0.076338 0.004963 -0.002040 -0.013174 0.999899
1709436658.295110 -0.006937 0.485883 -0.079754 0.004887 -0.002162 -0.013335 0.999897
1709436658.394942 -0.018642 0.483396 -0.080851 0.005178 -0.002092 -0.013237 0.999897
1709436658.494787 -0.021711 0.466851 -0.082159 0.004500 -0.002000 -0.013134 0.999902
1709436658.594630 -0.042978 0.496337 -0.080355 0.004505 -0.001930 -0.013417 0.999898
1709436658.694429 -0.030133 0.508398 -0.079937 0.004997 -0.002020 -0.013363 0.999896
1709436658.795115 -0.030746 0.503144 -0.080865 0.004656 -0.002029 -0.013251 0.999899
1709436658.894459 -0.030134 0.477649 -0.083245 0.004265 -0.002171 -0.013074 0.999903
1709436658.993427 -0.037787 0.488970 -0.083357 0.004216 -0.002116 -0.013179 0.999902
1709436659.092433 -0.046199 0.454247 -0.079154 0.004497 -0.002023 -0.013220 0.999900
1709436659.194489 -0.040225 0.447024 -0.083538 0.004355 -0.002210 -0.012850 0.999906
1709436659.293278 -0.037808 0.447091 -0.085270 0.004537 -0.002252 -0.013088 0.999902
1709436659.392018 -0.027449 0.459252 -0.084508 0.004839 -0.002058 -0.013090 0.999900
1709436659.490613 -0.029575 0.444962 -0.082310 0.004680 -0.001999 -0.013165 0.999900
1709436659.594627 -0.034563 0.444670 -0.080198 0.004699 -0.002026 -0.013183 0.999900
1709436659.694434 -0.027840 0.411588 -0.080120 0.004130 -0.002107 -0.012917 0.999906
1709436659.795111 -0.031447 0.398763 -0.081730 0.004201 -0.002156 -0.012740 0.999908
1709436659.894934 -0.024447 0.405583 -0.081306 0.004225 -0.001866 -0.012659 0.999909
1709436659.994790 -0.013871 0.409634 -0.082799 0.004458 -0.002087 -0.012920 0.999904
1709436660.094627 -0.012311 0.413979 -0.081954 0.004489 -0.002159 -0.012943 0.999904
1709436660.194464 -0.020892 0.438444 -0.082034 0.004518 -0.002082 -0.012974 0.999903
1709436660.293509 -0.024066 0.442413 -0.082288 0.004333 -0.002006 -0.013032 0.999904
1709436660.394954 -0.030983 0.462419 -0.079848 0.004447 -0.001985 -0.013222 0.999901
1709436660.494283 -0.035727 0.475464 -0.082454 0.004465 -0.002150 -0.013282 0.999900
1709436660.593031 -0.044505 0.459475 -0.080175 0.004640 -0.001870 -0.013092 0.999902
1709436660.691629 -0.047973 0.451170 -0.082671 0.004295 -0.001992 -0.013043 0.999904
1709436660.790330 -0.053262 0.439241 -0.082609 0.004441 -0.001937 -0.013049 0.999903
1709436660.894950 -0.046462 0.456720 -0.082751 0.004499 -0.002039 -0.013055 0.999903
1709436660.993874 -0.031896 0.448805 -0.083095 0.004431 -0.002040 -0.013021 0.999903
1709436661.092455 -0.032329 0.489461 -0.080529 0.004598 -0.002123 -0.013280 0.999899
1709436661.194503 -0.042740 0.489678 -0.079613 0.004696 -0.001951 -0.013122 0.999901
1709436661.295149 -0.038583 0.494317 -0.080889 0.004575 -0.002022 -0.013033 0.999903
1709436661.395000 -0.041786 0.509949 -0.081875 0.004347 -0.001982 -0.013563 0.999897
1709436661.494592 -0.035701 0.475996 -0.083167 0.004520 -0.002147 -0.013060 0.999902
1709436661.593677 -0.023057 0.454471 -0.081444 0.004518 -0.002000 -0.013121 0.999902
1709436661.694519 -0.017824 0.491619 -0.077725 0.004868 -0.001912 -0.013507 0.999895
1709436661.794071 -0.018307 0.482125 -0.081631 0.004451 -0.002103 -0.013191 0.999901
1709436661.892663 -0.032098 0.489420 -0.080921 0.004764 -0.001954 -0.013356 0.999898
1709436661.991359 -0.029510 0.477357 -0.082776 0.004602 -0.002032 -0.013182 0.999900
1709436662.090073 -0.022967 0.465659 -0.086150 0.004354 -0.002144 -0.013040 0.999903
1709436662.194930 -0.031086 0.434785 -0.082718 0.004384 -0.001955 -0.012962 0.999904
1709436662.293496 -0.029211 0.448604 -0.083433 0.004424 -0.002049 -0.012884 0.999905
1709436662.392084 -0.043496 0.461507 -0.081063 0.004795 -0.002034 -0.013282 0.999898
1709436662.494437 -0.045547 0.475498 -0.081886 0.004581 -0.002041 -0.013189 0.999900
1709436662.595076 -0.045618 0.470839 -0.081793 0.004446 -0.001993 -0.013096 0.999902
1709436662.694911 -0.036062 0.454008 -0.081411 0.004743 -0.002025 -0.013085 0.999901
1709436662.794762 -0.038828 0.472094 -0.079808 0.004567 -0.001991 -0.013003 0.999903
1709436662.893980 -0.039579 0.472932 -0.080682 0.004468 -0.001985 -0.013231 0.999901
1709436662.994445 -0.038443 0.453671 -0.080247 0.004463 -0.001857 -0.012850 0.999906
1709436663.093697 -0.034618 0.449194 -0.080001 0.004407 -0.001836 -0.013079 0.999903
1709436663.192434 -0.032961 0.462380 -0.081899 0.004406 -0.002038 -0.013005 0.999904
1709436663.291157 -0.032343 0.482883 -0.081966 0.004626 -0.001981 -0.013265 0.999899
1709436663.390023 -0.028380 0.471009 -0.081764 0.004774 -0.002040 -0.013169 0.999900
1709436663.494440 -0.031089 0.484417 -0.081804 0.004728 -0.002106 -0.013317 0.999898
1709436663.593113 -0.031264 0.487944 -0.082169 0.004670 -0.002031 -0.013198 0.999900
1709436663.691740 -0.025774 0.499603 -0.083109 0.004746 -0.002021 -0.013217 0.999899
1709436663.794782 -0.021941 0.482161 -0.084607 0.004610 -0.002158 -0.013282 0.999899
1709436663.894609 -0.020312 0.492799 -0.084913 0.004690 -0.002136 -0.013197 0.999900
1709436663.994458 -0.010327 0.476475 -0.084522 0.004738 -0.002127 -0.013221 0.999899
1709436664.095111 -0.026465 0.480323 -0.082524 0.004826 -0.001970 -0.013380 0.999897
1709436664.194967 -0.031224 0.462854 -0.081624 0.004805 -0.002053 -0.012974 0.999902
1709436664.294774 -0.038219 0.467589 -0.080822 0.004516 -0.001939 -0.013151 0.999901
1709436664.393471 -0.037796 0.437047 -0.081200 0.004297 -0.002021 -0.012712 0.999908
1709436664.492203 -0.032073 0.451835 -0.081995 0.004022 -0.001950 -0.012912 0.999907
1709436664.590997 -0.034254 0.451137 -0.080986 0.004491 -0.001998 -0.012989 0.999904
1709436664.694968 -0.034821 0.452731 -0.080590 0.004573 -0.001991 -0.013039 0.999903
1709436664.794144 -0.044630 0.438446 -0.080428 0.004630 -0.001964 -0.012981 0.999903
1709436664.892768 -0.037591 0.442532 -0.081838 0.004660 -0.001987 -0.012872 0.999904
1709436664.991441 -0.042757 0.420812 -0.082238 0.004391 -0.001997 -0.012746 0.999907
1709436665.094742 -0.035360 0.429793 -0.082399 0.004499 -0.001911 -0.012905 0.999905
1709436665.194525 -0.037607 0.428643 -0.081687 0.004342 -0.002049 -0.012989 0.999904
1709436665.292874 -0.030323 0.419534 -0.082969 0.004495 -0.002121 -0.012977 0.999903
1709436665.395076 -0.027666 0.435769 -0.081118 0.004628 -0.001920 -0.012927 0.999904
1709436665.494929 -0.036349 0.426046 -0.080664 0.004210 -0.001964 -0.012850 0.999907
1709436665.594639 -0.021942 0.420684 -0.080342 0.004598 -0.001958 -0.012951 0.999904
1709436665.693241 -0.020557 0.439566 -0.080261 0.004403 -0.002006 -0.012997 0.999904
1709436665.792037 -0.015157 0.459189 -0.081129 0.004481 -0.002027 -0.013268 0.999900
1709436665.891340 -0.005811 0.458391 -0.085850 0.004497 -0.002206 -0.013017 0.999903
1709436665.994920 -0.005155 0.456513 -0.086978 0.004526 -0.002126 -0.013110 0.999902
1709436666.093813 -0.011686 0.442614 -0.085422 0.004423 -0.002107 -0.013109 0.999902
1709436666.192481 -0.023443 0.422242 -0.084476 0.004607 -0.002096 -0.012910 0.999904
1709436666.291118 -0.027161 0.421541 -0.081684 0.004705 -0.001916 -0.013016 0.999902
1709436666.395100 -0.034026 0.424247 -0.080535 0.004656 -0.001994 -0.013011 0.999903
1709436666.493917 -0.036620 0.406425 -0.080867 0.004500 -0.001984 -0.012737 0.999907
1709436666.592388 -0.038879 0.416170 -0.080280 0.004219 -0.001982 -0.012802 0.999907
1709436666.694645 -0.044774 0.425564 -0.080872 0.004387 -0.001917 -0.012924 0.999905
1709436666.794490 -0.037247 0.447318 -0.078738 0.004668 -0.001837 -0.013230 0.999900
1709436666.894319 -0.020450 0.445144 -0.081693 0.004465 -0.002008 -0.012968 0.999904
1709436666.993792 -0.004405 0.433603 -0.084054 0.004495 -0.002149 -0.013007 0.999903
1709436667.092361 -0.009372 0.435980 -0.085670 0.004374 -0.002192 -0.012948 0.999904
1709436667.190992 -0.011181 0.437376 -0.084663 0.004655 -0.002148 -0.013162 0.999900
1709436667.294478 -0.018567 0.442338 -0.082436 0.004658 -0.002230 -0.013052 0.999901
1709436667.393508 -0.029652 0.442652 -0.080873 0.004325 -0.001937 -0.013178 0.999902
1709436667.492172 -0.027798 0.444746 -0.081840 0.004235 -0.001292 -0.012357 0.999914
1709436667.590868 -0.024277 0.458291 -0.082207 0.004111 -0.001732 -0.013549 0.999898
1709436667.694641 0.005988 0.459065 -0.082084 0.004696 -0.001365 -0.014058 0.999889
1709436667.793437 0.040347 0.462904 -0.080878 0.005094 -0.000557 -0.015239 0.999871
1709436667.895123 0.082528 0.462786 -0.078130 0.001924 0.001008 -0.016956 0.999854
1709436667.994972 0.141733 0.455437 -0.078096 -0.002981 0.003241 -0.019301 0.999804
1709436668.094811 0.198869 0.446399 -0.077509 -0.004806 0.002093 -0.021173 0.999762
1709436668.194493 0.270954 0.454516 -0.077622 -0.006334 0.006221 -0.028732 0.999548
1709436668.293637 0.351504 0.451102 -0.075532 -0.008500 0.004440 -0.038541 0.999211
1709436668.392260 0.460430 0.418872 -0.076113 -0.007062 0.004286 -0.049154 0.998757
1709436668.494963 0.570849 0.375131 -0.068123 0.004967 0.006653 -0.059881 0.998171
1709436668.594545 0.677000 0.324889 -0.063436 0.008812 0.000582 -0.074298 0.997197
1709436668.693169 0.801133 0.317862 -0.055764 0.010190 0.006384 -0.091431 0.995739
1709436668.791869 0.933888 0.274123 -0.052629 0.009934 0.004344 -0.110910 0.993771
1709436668.894748 1.083631 0.238965 -0.049833 0.004950 0.003986 -0.133628 0.991011
1709436668.994584 1.247273 0.205315 -0.066074 -0.003683 0.016886 -0.153375 0.988017
1709436669.093281 1.403131 0.163865 -0.071276 -0.002565 0.022843 -0.172921 0.984667
1709436669.195062 1.555215 0.096288 -0.068069 0.006483 0.028248 -0.194747 0.980425
1709436669.294909 1.704150 -0.004121 -0.058990 0.012118 0.034662 -0.214510 0.976031
1709436669.394721 1.834545 -0.094033 -0.055981 0.012291 0.025530 -0.233289 0.971994
1709436669.494517 1.949258 -0.154509 -0.055478 0.017475 0.021556 -0.246192 0.968824
1709436669.593477 2.022735 -0.216528 -0.044177 0.028309 0.015247 -0.251103 0.967426
1709436669.692095 2.046085 -0.258859 -0.043534 0.036100 -0.006676 -0.251852 0.967069
1709436669.794468 2.095151 -0.304488 -0.039446 0.048917 0.000049 -0.250627 0.966847
1709436669.894162 2.116514 -0.354812 -0.038638 0.046336 -0.004181 -0.247366 0.967805
1709436669.992856 2.167375 -0.350359 -0.043770 0.037130 -0.003185 -0.247874 0.968075
1709436670.091574 2.200764 -0.362462 -0.046617 0.033018 -0.004384 -0.247922 0.968207
1709436670.194631 2.222847 -0.434034 -0.041643 0.033772 -0.006069 -0.247187 0.968360
1709436670.294104 2.261984 -0.457790 -0.039850 0.033332 -0.009728 -0.248134 0.968103
1709436670.392698 2.310336 -0.481600 -0.041923 0.026676 -0.010829 -0.251530 0.967421
1709436670.491304 2.361799 -0.507461 -0.050930 0.010293 -0.012062 -0.255278 0.966738
1709436670.594741 2.440162 -0.522212 -0.052402 0.000326 -0.002301 -0.251771 0.967784
1709436670.694590 2.508504 -0.546035 -0.037162 0.011836 -0.003887 -0.254629 0.966959
1709436670.794308 2.597327 -0.566242 -0.035491 0.014631 -0.006296 -0.255933 0.966563
1709436670.893447 2.685880 -0.603472 -0.038172 0.005553 -0.001162 -0.258999 0.965861
1709436670.992455 2.784267 -0.632167 -0.044524 0.008319 0.001616 -0.251828 0.967735
1709436671.094746 2.868974 -0.717422 -0.028210 0.025779 0.009078 -0.252304 0.967262
1709436671.193861 2.964304 -0.772501 -0.023158 0.029224 0.006685 -0.250066 0.967765
1709436671.292527 3.077973 -0.826067 -0.028869 0.024154 0.015873 -0.253522 0.966898
1709436671.391340 3.189622 -0.837811 -0.042257 0.008159 0.012526 -0.252188 0.967563
1709436671.494491 3.308412 -0.890666 -0.038568 0.010723 0.019927 -0.250576 0.967832
1709436671.593873 3.397363 -0.945937 -0.030716 0.019050 0.010452 -0.249387 0.968160
1709436671.692571 3.498587 -0.996722 -0.028648 0.029759 0.018902 -0.250955 0.967357
1709436671.791192 3.578070 -1.060774 -0.028403 0.027507 0.016176 -0.251743 0.967268
1709436671.894674 3.643239 -1.103237 -0.027523 0.024018 0.022444 -0.251661 0.967257
1709436671.994507 3.732248 -1.137229 -0.027144 0.024548 0.017844 -0.252515 0.967117
1709436672.094576 3.803458 -1.173860 -0.027171 0.023167 0.014077 -0.249637 0.967960
1709436672.193643 3.876617 -1.220860 -0.028087 0.020216 0.014469 -0.249269 0.968115
1709436672.292690 3.948202 -1.247780 -0.035022 0.015763 0.009503 -0.248701 0.968406
1709436672.394680 4.038403 -1.294789 -0.036763 0.014993 0.006616 -0.246221 0.969075
1709436672.493701 4.116159 -1.345853 -0.033202 0.022190 -0.002164 -0.246720 0.968830
1709436672.592481 4.201955 -1.436379 -0.022820 0.024499 -0.006496 -0.248299 0.968352
1709436672.691198 4.305794 -1.496632 -0.030586 0.017595 0.004470 -0.253879 0.967066
1709436672.794457 4.425384 -1.545486 -0.038941 0.005092 0.012516 -0.257087 0.966294
1709436672.893533 4.532207 -1.590609 -0.035924 0.000466 0.016253 -0.257290 0.966197
1709436672.992247 4.641160 -1.662686 -0.030156 0.012345 0.024457 -0.252518 0.967204
1709436673.090917 4.751487 -1.719718 -0.019421 0.027544 0.025406 -0.254730 0.966286
1709436673.194638 4.851414 -1.784386 -0.017656 0.034906 0.022714 -0.256271 0.965707
1709436673.294487 4.964802 -1.855262 -0.022522 0.035351 0.029428 -0.259444 0.964662
1709436673.394791 5.062285 -1.929450 -0.029905 0.026009 0.022790 -0.259279 0.965183
1709436673.493747 5.155332 -1.965769 -0.033531 0.022521 0.008593 -0.261334 0.964947
1709436673.594780 5.250549 -2.008763 -0.034698 0.028098 0.015425 -0.261902 0.964562
1709436673.694591 5.356017 -2.061422 -0.036469 0.027567 0.009274 -0.264706 0.963890
1709436673.793346 5.451543 -2.131283 -0.033431 0.026469 0.007823 -0.267711 0.963104
1709436673.892150 5.554381 -2.178499 -0.031891 0.025827 0.008448 -0.272751 0.961701
1709436673.994980 5.636021 -2.225986 -0.025228 0.023319 0.002361 -0.273800 0.961501
1709436674.094398 5.723353 -2.269432 -0.019403 0.017456 -0.009167 -0.274052 0.961513
1709436674.193025 5.816739 -2.300943 -0.018212 0.018350 -0.017256 -0.274126 0.961364
1709436674.291531 5.878841 -2.380533 -0.007400 0.022812 -0.030050 -0.275071 0.960683
1709436674.390125 5.967011 -2.444917 0.002831 0.029759 -0.038775 -0.281163 0.958414
1709436674.494882 6.076686 -2.537013 -0.008042 0.018745 -0.022311 -0.298787 0.953875
1709436674.594796 6.190630 -2.574335 -0.019502 -0.000069 -0.014653 -0.315710 0.948743
1709436674.694615 6.276766 -2.646323 -0.022728 -0.013080 0.004321 -0.326928 0.944949
1709436674.794126 6.361596 -2.720407 -0.005509 -0.005261 0.010897 -0.338429 0.940914
1709436674.895120 6.433251 -2.800687 0.011641 0.009154 0.006546 -0.344071 0.938876
1709436674.994508 6.524159 -2.890769 0.014982 0.013075 0.002019 -0.354764 0.934862
1709436675.093345 6.596920 -2.978304 0.016927 0.011730 -0.001094 -0.364137 0.931271
1709436675.192135 6.688174 -3.061372 0.017105 0.012818 0.005525 -0.371625 0.928278
1709436675.291008 6.790592 -3.121973 0.027594 0.017890 0.007593 -0.381000 0.924371
1709436675.394249 6.894566 -3.263325 0.013102 0.014334 0.012974 -0.389158 0.920968
1709436675.492808 6.998218 -3.358560 0.008491 0.015474 0.012328 -0.398476 0.916965
1709436675.591512 7.088240 -3.474326 0.010758 0.021598 0.018871 -0.406660 0.913129
1709436675.690118 7.166922 -3.587466 0.013595 0.020501 0.010709 -0.418791 0.907788
1709436675.794498 7.250375 -3.704224 0.010987 0.018325 0.013255 -0.430286 0.902409
1709436675.895149 7.344293 -3.746361 0.009375 0.014885 0.016620 -0.441094 0.897184
1709436675.994990 7.449123 -3.828365 0.006937 0.008932 0.011943 -0.449255 0.893279
1709436676.094821 7.494838 -3.927097 0.007468 0.009598 0.014322 -0.455219 0.890213
1709436676.194670 7.585512 -4.017909 0.011955 0.014898 0.012533 -0.463075 0.886105
1709436676.294248 7.672321 -4.100947 0.016087 0.019330 0.011940 -0.469680 0.882545
1709436676.393190 7.720520 -4.197513 0.018311 0.012530 0.006137 -0.479886 0.877220
1709436676.492139 7.781808 -4.314326 0.021455 0.010430 0.006018 -0.489021 0.872189
1709436676.594448 7.821778 -4.452055 0.021773 0.020104 0.005562 -0.497574 0.867171
1709436676.693748 7.865915 -4.582358 0.025965 0.024085 -0.002801 -0.506627 0.861825
1709436676.792446 7.901236 -4.665390 0.025118 0.025090 0.001295 -0.512546 0.858292
1709436676.891155 7.985808 -4.785581 0.025301 0.026635 0.008375 -0.514272 0.857172
1709436676.989795 7.993194 -4.917282 0.030170 0.039294 -0.001412 -0.512376 0.857860
1709436677.094442 8.033650 -5.035243 0.046257 0.059360 -0.014930 -0.512104 0.856740
1709436677.195074 8.104615 -5.138588 0.043624 0.068347 -0.002840 -0.515192 0.854341
1709436677.294895 8.163057 -5.232080 0.046798 0.055612 -0.007193 -0.516008 0.854746
1709436677.394734 8.204301 -5.308280 0.038955 0.032477 -0.013132 -0.521221 0.852702
1709436677.494584 8.277687 -5.377469 0.050961 0.028628 -0.019586 -0.522722 0.851797
1709436677.594422 8.315035 -5.491396 0.063256 0.022946 -0.038834 -0.526058 0.849252
1709436677.693360 8.368843 -5.587158 0.056809 0.022510 -0.045870 -0.530360 0.846232
1709436677.792222 8.460682 -5.687574 0.064202 0.025164 -0.034791 -0.538019 0.841839
1709436677.894619 8.531108 -5.782616 0.074226 0.019100 -0.029095 -0.539548 0.841235
1709436677.993330 8.566271 -5.899134 0.070263 0.018923 -0.022808 -0.547010 0.836601
1709436678.092043 8.624500 -6.004593 0.075235 0.017410 -0.010986 -0.551082 0.834197
1709436678.190660 8.662799 -6.103621 0.077487 0.013150 -0.012996 -0.553202 0.832842
1709436678.289383 8.694316 -6.219237 0.078966 0.011712 -0.008688 -0.559938 0.828406
1709436678.394493 8.742443 -6.338317 0.081355 0.014828 0.004048 -0.561864 0.827087
1709436678.492895 8.779691 -6.482971 0.087198 0.026613 0.002624 -0.563303 0.825818
1709436678.594763 8.811712 -6.609307 0.100605 0.040967 0.001575 -0.567522 0.822337
1709436678.694607 8.847186 -6.726069 0.095625 0.036307 -0.005034 -0.572445 0.819124
1709436678.794449 8.870084 -6.831032 0.087882 0.032131 -0.000463 -0.581392 0.812988
1709436678.894145 8.923746 -6.954518 0.078211 0.026637 0.008720 -0.586516 0.809452
1709436678.993174 8.964979 -7.086664 0.077362 0.022405 0.008375 -0.590973 0.806337
1709436679.092108 8.995567 -7.195813 0.075758 0.028471 0.008812 -0.591805 0.805530
1709436679.194583 9.063561 -7.305721 0.093012 0.031803 0.004161 -0.592158 0.805183
1709436679.293279 9.104033 -7.414139 0.101489 0.035305 -0.009784 -0.593178 0.804238
1709436679.391771 9.137582 -7.534505 0.103791 0.034240 -0.018341 -0.591415 0.805431
1709436679.490454 9.196706 -7.636751 0.111229 0.031545 -0.015449 -0.592031 0.805150
1709436679.594755 9.239227 -7.741911 0.100354 0.022568 -0.012910 -0.592784 0.804942
1709436679.694102 9.266728 -7.865039 0.107134 0.020294 -0.013071 -0.591067 0.806261
1709436679.792647 9.305319 -7.985625 0.111164 0.020960 -0.013628 -0.590199 0.806871
1709436679.895071 9.337818 -8.107402 0.103462 0.013101 -0.010420 -0.591830 0.805889
1709436679.994926 9.395621 -8.242429 0.103355 0.010245 -0.006292 -0.593067 0.805063
1709436680.094759 9.435556 -8.352769 0.114497 0.013553 -0.008987 -0.591882 0.805861
1709436680.194382 9.486477 -8.468747 0.126193 0.017127 -0.008535 -0.594481 0.803882
1709436680.293349 9.539261 -8.581724 0.118874 0.015485 0.004644 -0.595825 0.802951
1709436680.395110 9.572144 -8.711321 0.110536 0.021982 0.018782 -0.595430 0.802887
1709436680.494410 9.628088 -8.834525 0.119488 0.036517 0.019416 -0.596063 0.801872
1709436680.593068 9.658512 -8.945485 0.122842 0.041558 0.015153 -0.595152 0.802395
1709436680.691802 9.678655 -9.054298 0.123917 0.044337 0.016230 -0.596489 0.801232
1709436680.790410 9.678414 -9.138831 0.122812 0.033162 0.008490 -0.597492 0.801144
1709436680.895057 9.682072 -9.202835 0.120689 0.021113 -0.009832 -0.596628 0.802180
1709436680.993651 9.692823 -9.296803 0.124687 0.020432 -0.013315 -0.596966 0.801896
1709436681.092305 9.683227 -9.365561 0.132685 0.015734 -0.022629 -0.598649 0.800537
1709436681.194653 9.694292 -9.448890 0.128608 0.013586 -0.019362 -0.598718 0.800610
1709436681.294497 9.715580 -9.519444 0.130444 0.009885 -0.026540 -0.599578 0.799815
1709436681.395128 9.742969 -9.600575 0.144191 0.015392 -0.023317 -0.599525 0.799868
1709436681.494456 9.801225 -9.694732 0.140521 0.020268 -0.015663 -0.602313 0.797849
1709436681.593578 9.833984 -9.796151 0.139617 0.014245 -0.007121 -0.600993 0.799096
1709436681.694635 9.890441 -9.899688 0.145048 0.021404 -0.005476 -0.600011 0.799687
1709436681.794022 9.942453 -10.006302 0.155410 0.028665 0.001201 -0.600601 0.799034
1709436681.892771 9.985425 -10.103693 0.163743 0.032269 -0.000694 -0.598386 0.800557
1709436681.991292 10.008166 -10.206743 0.167657 0.034595 -0.009649 -0.599606 0.799489
1709436682.089913 10.047752 -10.311530 0.161248 0.022225 -0.012185 -0.602349 0.797830
1709436682.194656 10.090360 -10.404232 0.154582 0.012823 -0.012633 -0.603060 0.797493
1709436682.293315 10.106689 -10.510255 0.154324 0.010595 -0.016010 -0.602542 0.797856
1709436682.391910 10.115946 -10.598994 0.163329 0.013514 -0.016126 -0.602490 0.797849
1709436682.494969 10.121155 -10.691387 0.160872 0.015583 -0.011631 -0.601750 0.798448
1709436682.594819 10.147893 -10.794425 0.171386 0.020513 -0.011079 -0.601423 0.798590
1709436682.694658 10.189274 -10.874920 0.183100 0.024671 -0.005313 -0.602808 0.797487
1709436682.794513 10.210138 -10.958016 0.199450 0.026623 -0.016225 -0.603028 0.797111
1709436682.893709 10.224287 -11.055953 0.193524 0.027253 -0.010437 -0.606703 0.794393
1709436682.994596 10.255982 -11.150566 0.183687 0.021389 -0.009194 -0.608351 0.793326
1709436683.093676 10.287615 -11.238351 0.173479 0.011543 -0.006967 -0.611059 0.791470
1709436683.192334 10.318451 -11.333977 0.179452 0.011471 -0.005689 -0.607753 0.794023
1709436683.290957 10.336787 -11.435074 0.197501 0.018682 -0.012100 -0.605573 0.795479
1709436683.394748 10.345413 -11.559290 0.191940 0.033262 -0.007072 -0.603437 0.796685
1709436683.494161 10.387322 -11.654266 0.184054 0.033114 -0.000230 -0.600700 0.798788
1709436683.592810 10.404264 -11.763006 0.188179 0.028177 -0.000250 -0.598993 0.800258
1709436683.691464 10.420193 -11.851684 0.200590 0.030573 -0.005284 -0.596580 0.801954
1709436683.794890 10.449451 -11.942153 0.199258 0.032235 -0.001336 -0.597158 0.801475
1709436683.894730 10.492348 -12.041804 0.190536 0.032056 0.007834 -0.597454 0.801224
1709436683.994554 10.510482 -12.131701 0.189821 0.030363 -0.000148 -0.598188 0.800780
1709436684.094723 10.557193 -12.214123 0.187189 0.024724 0.002146 -0.600427 0.799295
1709436684.194647 10.581743 -12.287787 0.190553 0.023231 0.006725 -0.598558 0.800714
1709436684.294463 10.589007 -12.381396 0.187852 0.032673 0.003039 -0.600023 0.799309
1709436684.393443 10.633236 -12.459039 0.193730 0.029268 0.000279 -0.600844 0.798830
1709436684.492077 10.669382 -12.534556 0.194162 0.019267 -0.007060 -0.600417 0.799423
1709436684.590882 10.683146 -12.634422 0.199955 0.021494 -0.013139 -0.598976 0.800371
1709436684.694607 10.710493 -12.722117 0.202518 0.019242 -0.016690 -0.594733 0.803520
1709436684.793980 10.736681 -12.798314 0.202692 0.015632 -0.012327 -0.588939 0.807933
1709436684.892637 10.755607 -12.881022 0.215047 0.022127 -0.023232 -0.585531 0.810015
1709436684.991249 10.785661 -12.966619 0.215849 0.025370 -0.023135 -0.585233 0.810138
1709436685.094773 10.827512 -13.036574 0.216174 0.015037 -0.026599 -0.583153 0.811787
1709436685.194601 10.853386 -13.122143 0.220346 0.020773 -0.021901 -0.583649 0.811444
1709436685.293288 10.889852 -13.205762 0.222825 0.024379 -0.014705 -0.584509 0.810887
1709436685.395081 10.944425 -13.293821 0.222355 0.014659 -0.009159 -0.585378 0.810576
1709436685.494911 11.011448 -13.386900 0.225172 0.013135 -0.010046 -0.584459 0.811255
1709436685.594474 11.043724 -13.486799 0.229885 0.014086 -0.003941 -0.586856 0.809559
1709436685.693272 11.080244 -13.580494 0.227854 0.017103 0.002380 -0.584541 0.811180
1709436685.791951 11.096440 -13.685008 0.237702 0.020706 -0.008213 -0.583747 0.811630
1709436685.890975 11.115408 -13.786419 0.240622 0.018687 -0.008408 -0.585465 0.810438
1709436685.994918 11.149969 -13.881191 0.242236 0.023399 -0.006027 -0.586145 0.809846
1709436686.093588 11.174274 -13.987007 0.239362 0.020444 -0.006268 -0.585846 0.810140
1709436686.192185 11.213018 -14.080032 0.231580 0.021831 -0.001777 -0.586360 0.809754
1709436686.290888 11.239410 -14.167240 0.238857 0.021382 -0.006543 -0.585070 0.810675
1709436686.394990 11.286688 -14.265997 0.251331 0.027143 -0.005653 -0.585879 0.809924
1709436686.494427 11.308461 -14.348585 0.251412 0.031064 -0.006130 -0.584479 0.810791
1709436686.594789 11.319888 -14.457816 0.259374 0.035798 -0.007345 -0.584246 0.810753
1709436686.694623 11.356949 -14.546921 0.251844 0.031345 -0.000139 -0.584940 0.810471
1709436686.794454 11.386587 -14.648990 0.246742 0.025217 0.000261 -0.584435 0.811048
1709436686.894427 11.422942 -14.745004 0.245353 0.026192 0.003901 -0.584629 0.810868
1709436686.993157 11.453124 -14.833118 0.253232 0.026429 0.000894 -0.582833 0.812162
1709436687.092175 11.464498 -14.921717 0.260699 0.034369 -0.002515 -0.583645 0.811278
1709436687.191187 11.491159 -15.024286 0.245803 0.030626 0.005672 -0.585291 0.810225
1709436687.294422 11.542933 -15.125789 0.233978 0.019230 0.012551 -0.588524 0.808153
1709436687.393106 11.584621 -15.228959 0.229275 0.020307 0.020787 -0.588180 0.808207
1709436687.491785 11.623406 -15.331713 0.222573 0.018008 0.019762 -0.589535 0.807301
1709436687.590472 11.648107 -15.453359 0.238184 0.024434 0.016469 -0.586883 0.809136
1709436687.694559 11.683816 -15.549522 0.235100 0.018327 0.008543 -0.587733 0.808802
1709436687.793705 11.725681 -15.650009 0.240145 0.019141 0.003656 -0.585687 0.810303
1709436687.892074 11.765952 -15.731615 0.243434 0.020192 -0.001356 -0.581558 0.813253
1709436687.994495 11.806450 -15.806962 0.244243 0.017642 0.006284 -0.580900 0.813760
1709436688.094746 11.852714 -15.884965 0.246683 0.013905 0.004583 -0.579456 0.814872
1709436688.194328 11.911005 -15.985511 0.243226 0.011649 0.002880 -0.575165 0.817950
1709436688.293247 11.941718 -16.088481 0.245289 0.019820 0.000864 -0.570218 0.821254
1709436688.392119 12.011546 -16.196450 0.242628 0.017962 0.003163 -0.567223 0.823362
1709436688.494930 12.050849 -16.316959 0.236773 0.018470 0.007936 -0.566678 0.823694
1709436688.594241 12.091236 -16.419041 0.242306 0.011441 0.006061 -0.566906 0.823681
1709436688.692954 12.115020 -16.520040 0.241564 0.008734 0.005984 -0.566547 0.823961
1709436688.791667 12.142461 -16.624016 0.246717 0.006319 0.001117 -0.568069 0.822956
1709436688.895067 12.174451 -16.731431 0.244242 0.011340 0.006076 -0.566617 0.823881
1709436688.994670 12.209993 -16.852862 0.251220 0.012120 -0.002286 -0.568127 0.822849
1709436689.093052 12.243840 -16.960295 0.250719 0.015795 0.004450 -0.566586 0.823839
1709436689.191647 12.295192 -17.053873 0.251561 0.009931 0.006198 -0.569031 0.822232
1709436689.294455 12.331329 -17.132444 0.254003 0.006513 0.003503 -0.565347 0.824820
1709436689.395087 12.382326 -17.228751 0.260648 0.009493 -0.002436 -0.564275 0.825528
1709436689.494129 12.435609 -17.320272 0.270129 0.007349 -0.007673 -0.564690 0.825235
1709436689.592904 12.479098 -17.399412 0.275917 0.004051 -0.014502 -0.562759 0.826484
1709436689.692116 12.517301 -17.469760 0.287927 -0.004666 -0.024943 -0.563935 0.825429
1709436689.791154 12.563719 -17.560566 0.275051 -0.010583 -0.020300 -0.564482 0.825128
1709436689.894294 12.604959 -17.646389 0.279671 -0.015029 -0.024014 -0.564685 0.824820
1709436689.993029 12.665069 -17.724174 0.289359 -0.019757 -0.022021 -0.564224 0.825091
1709436690.091713 12.709999 -17.830673 0.286930 -0.021912 -0.012515 -0.567199 0.823194
1709436690.194588 12.758883 -17.947207 0.302069 -0.010893 -0.003128 -0.564230 0.825540
1709436690.293918 12.801610 -18.075265 0.311640 -0.004010 -0.004639 -0.564702 0.825272
1709436690.392549 12.848001 -18.186801 0.313771 -0.005560 -0.003717 -0.566072 0.824329
1709436690.491110 12.908249 -18.301360 0.315400 -0.008227 0.004982 -0.566294 0.824147
1709436690.594709 12.945853 -18.409908 0.317152 -0.004147 0.004307 -0.563391 0.826169
1709436690.694576 12.981960 -18.513854 0.329521 0.006310 0.005833 -0.563392 0.826145
1709436690.794414 13.010979 -18.630480 0.330933 0.002530 0.006157 -0.567227 0.823535
1709436690.893566 13.063865 -18.743684 0.330611 0.002873 0.016786 -0.568567 0.822461
1709436690.992804 13.106943 -18.860306 0.332044 0.002788 0.019291 -0.570412 0.821127
1709436691.094764 13.144930 -18.962136 0.325146 0.001679 0.018820 -0.571086 0.820673
1709436691.193738 13.179078 -19.063166 0.327341 0.004608 0.016466 -0.570662 0.821007
1709436691.292461 13.191333 -19.173434 0.328420 0.009367 0.015057 -0.572927 0.819414
1709436691.391214 13.194899 -19.270521 0.333713 0.013021 0.010250 -0.571734 0.820271
1709436691.494909 13.216385 -19.388427 0.336109 0.008816 0.005614 -0.576196 0.817244
1709436691.593689 13.241166 -19.484953 0.334634 0.006926 0.004930 -0.576043 0.817375
1709436691.692297 13.267307 -19.573369 0.342604 0.008900 0.001186 -0.574432 0.818503
1709436691.790933 13.315266 -19.667187 0.349480 0.015543 -0.000659 -0.573809 0.818841
1709436691.894626 13.355569 -19.774919 0.360105 0.022042 -0.010484 -0.573804 0.818629
1709436691.994471 13.398614 -19.873468 0.356834 0.022333 -0.003876 -0.574127 0.818453
1709436692.094546 13.476704 -19.982209 0.356832 0.018925 -0.008021 -0.574778 0.818051
1709436692.193578 13.536379 -20.098697 0.358371 0.020327 0.004368 -0.576757 0.816651
1709436692.292696 13.577699 -20.193050 0.358560 0.015246 0.002910 -0.575054 0.817968
1709436692.394619 13.622621 -20.291924 0.360960 0.018768 0.005639 -0.573640 0.818873
1709436692.493542 13.656772 -20.394388 0.370193 0.017393 -0.003953 -0.575195 0.817822
1709436692.592253 13.698383 -20.506869 0.368870 0.022076 0.000776 -0.573962 0.818584
1709436692.691090 13.748659 -20.607196 0.365077 0.016956 0.001658 -0.574603 0.818255
1709436692.794710 13.787430 -20.706800 0.362014 0.007547 0.000047 -0.576241 0.817245
1709436692.893347 13.813446 -20.802118 0.361336 0.012197 0.001001 -0.575090 0.817998
1709436692.991997 13.842977 -20.916542 0.368851 0.015107 0.001968 -0.574188 0.818582
1709436693.090509 13.890740 -21.002687 0.366694 0.013938 -0.002433 -0.575344 0.817789
1709436693.194960 13.933201 -21.111370 0.357956 0.007752 0.003781 -0.578083 0.815932
1709436693.294791 13.987626 -21.222005 0.367408 0.006427 0.006919 -0.576216 0.817243
1709436693.394598 14.032044 -21.335939 0.374391 0.004530 -0.004265 -0.576453 0.817107
1709436693.493746 14.064072 -21.462122 0.375418 0.010709 0.000471 -0.576021 0.817365
1709436693.595077 14.123366 -21.580820 0.377969 0.006489 0.000418 -0.575795 0.817568
1709436693.694671 14.151691 -21.706349 0.377000 0.005968 -0.000638 -0.575796 0.817571
1709436693.793359 14.179577 -21.828110 0.382609 0.008052 0.010738 -0.575936 0.817384
1709436693.892122 14.234274 -21.947057 0.388719 0.015509 0.012360 -0.575337 0.817676
1709436693.990911 14.263184 -22.077337 0.380657 0.018073 0.014007 -0.578075 0.815663
1709436694.094559 14.304033 -22.213322 0.379072 0.021461 0.021656 -0.579720 0.814245
1709436694.193193 14.374539 -22.321810 0.374980 0.019397 0.026897 -0.579654 0.814187
1709436694.291759 14.423632 -22.415976 0.378722 0.013102 0.017390 -0.580507 0.813964
1709436694.390296 14.455124 -22.522583 0.386189 0.018338 0.004368 -0.578069 0.815770
1709436694.494814 14.467559 -22.631116 0.396261 0.018652 -0.009294 -0.576335 0.816948
1709436694.594641 14.505818 -22.729119 0.397326 0.014021 -0.013296 -0.577671 0.816041
1709436694.694473 14.527348 -22.829765 0.391844 0.001673 -0.015618 -0.577021 0.816578
1709436694.793815 14.566016 -22.927794 0.392276 0.004224 -0.007021 -0.577378 0.816436
1709436694.894937 14.613830 -23.033841 0.392665 0.009557 -0.008121 -0.577190 0.816513
1709436694.994435 14.664641 -23.142509 0.391949 0.007194 0.001868 -0.579205 0.815148
1709436695.093385 14.710134 -23.258984 0.405730 0.001455 -0.002742 -0.580476 0.814272
1709436695.192148 14.748708 -23.377845 0.406894 0.008814 0.003984 -0.577894 0.816055
1709436695.295110 14.795235 -23.493948 0.421045 0.006930 -0.006068 -0.579725 0.814760
1709436695.394006 14.841497 -23.606570 0.422632 0.010001 -0.004446 -0.580028 0.814523
1709436695.492633 14.883182 -23.733160 0.431550 0.009857 -0.009032 -0.580046 0.814474
1709436695.591212 14.923876 -23.852414 0.439673 0.020882 -0.010542 -0.579345 0.814747
1709436695.689889 14.978836 -23.962359 0.436806 0.021754 -0.006179 -0.581086 0.813528
1709436695.795141 15.020145 -24.069202 0.434577 0.017114 -0.008482 -0.581870 0.813058
1709436695.894967 15.063277 -24.191203 0.434779 0.015544 -0.000781 -0.583325 0.812090
1709436695.994801 15.100144 -24.306044 0.437135 0.020857 0.001791 -0.580101 0.814275
1709436696.094440 15.124877 -24.438803 0.440388 0.026676 -0.002365 -0.582993 0.812036
1709436696.194485 15.156490 -24.556162 0.441883 0.030773 0.001802 -0.583016 0.811876
1709436696.294175 15.192075 -24.681310 0.438594 0.028432 0.004246 -0.582428 0.812374
1709436696.393023 15.253745 -24.798019 0.437599 0.027919 0.007030 -0.579152 0.814711
1709436696.491998 15.302397 -24.896637 0.446749 0.030552 -0.000070 -0.563132 0.825802
1709436696.594664 15.363415 -25.002707 0.457003 0.037092 -0.008553 -0.543521 0.838532
1709436696.693645 15.406748 -25.077888 0.455077 0.032346 -0.010583 -0.523592 0.851289
1709436696.792195 15.491429 -25.122940 0.454103 0.015606 -0.014606 -0.505429 0.862604
1709436696.890936 15.569095 -25.196301 0.448008 0.005907 -0.009852 -0.491938 0.870554
1709436696.989591 15.631718 -25.272618 0.451133 0.005974 -0.007885 -0.481633 0.876317
1709436697.094663 15.683593 -25.370056 0.462145 0.004715 -0.014252 -0.480942 0.876624
1709436697.193646 15.756015 -25.481598 0.453721 -0.003920 -0.007868 -0.485994 0.873918
1709436697.294749 15.801641 -25.575839 0.459786 -0.007651 -0.002926 -0.480220 0.877110
1709436697.394566 15.891102 -25.682211 0.464447 0.002861 -0.004489 -0.478564 0.878037
1709436697.494805 15.956594 -25.806221 0.470224 0.004145 -0.004235 -0.480828 0.876795
1709436697.594338 16.017463 -25.916098 0.476867 0.003318 0.003615 -0.479526 0.877514
1709436697.693316 16.081847 -26.039938 0.486287 0.005440 -0.001685 -0.478668 0.877977
1709436697.795130 16.141005 -26.145238 0.489947 0.003155 -0.009700 -0.480452 0.876962
1709436697.894594 16.187997 -26.254393 0.493922 0.000680 -0.004422 -0.481109 0.876649
1709436697.993208 16.248644 -26.329830 0.494192 -0.007227 -0.006334 -0.481325 0.876490
1709436698.091975 16.320871 -26.439395 0.505272 -0.003445 -0.001955 -0.480134 0.877186
1709436698.190702 16.385363 -26.553808 0.515199 0.003673 0.002619 -0.482302 0.875993
1709436698.295129 16.484374 -26.667281 0.505429 0.002909 0.010326 -0.483760 0.875135
1709436698.394076 16.590414 -26.752422 0.500272 0.006239 0.025259 -0.487217 0.872893
1709436698.492540 16.692449 -26.891239 0.501260 0.014797 0.032515 -0.493961 0.868750
1709436698.594643 16.768227 -27.022737 0.507515 0.013577 0.029855 -0.497278 0.866971
1709436698.694493 16.818238 -27.152247 0.513992 0.010333 0.015420 -0.498492 0.866695
1709436698.795124 16.883446 -27.292548 0.513801 0.028090 0.006490 -0.490773 0.870810
1709436698.894124 16.931428 -27.412118 0.530830 0.044660 -0.022198 -0.490579 0.869968
1709436698.992940 16.999497 -27.543135 0.524029 0.055133 -0.010784 -0.492396 0.868556
1709436699.092012 17.070777 -27.633523 0.525135 0.047234 -0.003891 -0.489495 0.870717
1709436699.194361 17.166579 -27.726340 0.524154 0.025650 -0.003856 -0.492505 0.869923
1709436699.293016 17.218663 -27.809034 0.519587 0.003387 -0.000106 -0.495039 0.868864
1709436699.391635 17.294476 -27.901512 0.509715 -0.003180 0.002373 -0.500059 0.865982
1709436699.490297 17.373351 -28.018621 0.514159 -0.008090 0.004846 -0.508410 0.861064
1709436699.594622 17.418053 -28.127009 0.524424 -0.008028 0.007854 -0.511334 0.859309
1709436699.693895 17.465148 -28.232573 0.543289 -0.002627 0.005849 -0.513897 0.857828
1709436699.792527 17.494340 -28.359401 0.543807 -0.007022 0.001187 -0.519448 0.854473
1709436699.894905 17.554104 -28.480938 0.546683 -0.009552 -0.002180 -0.522272 0.852723
1709436699.994753 17.624548 -28.603133 0.537917 -0.010505 0.005444 -0.527365 0.849557
1709436700.094584 17.688494 -28.727942 0.536473 -0.019791 0.009964 -0.531146 0.846991
1709436700.194455 17.764351 -28.817789 0.554869 -0.015468 0.012757 -0.534372 0.845011
1709436700.293659 17.859411 -28.938661 0.560740 -0.004338 0.005302 -0.533573 0.845726
1709436700.394929 17.924009 -29.072163 0.566971 0.005388 0.001825 -0.535172 0.844724
1709436700.494077 17.989367 -29.199368 0.566924 0.005361 0.005208 -0.536697 0.843742
1709436700.592841 18.072453 -29.332464 0.572326 0.005973 0.013325 -0.537442 0.843175
1709436700.691572 18.126686 -29.465358 0.575469 0.008453 0.011775 -0.537827 0.842931
1709436700.790231 18.173263 -29.609108 0.575903 0.006226 0.007399 -0.539652 0.841833
1709436700.894905 18.232017 -29.739566 0.577635 0.001641 0.006537 -0.541192 0.840872
1709436700.993615 18.297179 -29.857551 0.590548 -0.004853 -0.005830 -0.541774 0.840490
1709436701.092177 18.357719 -29.958444 0.596892 -0.005269 -0.005221 -0.540047 0.841602
1709436701.194809 18.421766 -30.100372 0.598297 0.003107 0.004331 -0.543103 0.839649
1709436701.294644 18.452112 -30.232228 0.613657 0.003051 -0.002553 -0.540370 0.841418
1709436701.394505 18.519425 -30.364935 0.609179 0.010478 0.018532 -0.546799 0.836993
1709436701.494563 18.602386 -30.481622 0.611948 0.010259 0.015525 -0.545940 0.837617
1709436701.593513 18.649991 -30.630841 0.622821 0.024255 0.013253 -0.549496 0.835039
1709436701.694832 18.692762 -30.767685 0.616687 0.022855 0.020453 -0.550413 0.834329
1709436701.793933 18.746262 -30.913636 0.613693 0.019205 0.014660 -0.548788 0.835612
1709436701.892646 18.800746 -31.064747 0.615545 0.020451 0.011364 -0.548332 0.835934
1709436701.991349 18.873748 -31.189519 0.626388 0.022532 0.013805 -0.551332 0.833868
1709436702.090223 18.943984 -31.310721 0.616984 0.013746 0.014868 -0.551642 0.833835
1709436702.194370 19.011127 -31.462122 0.611600 0.019116 0.008461 -0.551119 0.834165
1709436702.292937 19.069476 -31.610785 0.599063 0.020623 0.013197 -0.551606 0.833746
1709436702.391577 19.124261 -31.735220 0.599300 0.025308 0.008074 -0.549812 0.834866
1709436702.494759 19.168330 -31.884386 0.599135 0.020911 0.009919 -0.549682 0.835053
1709436702.594588 19.235871 -32.003354 0.593532 0.015321 0.006544 -0.549732 0.835175
1709436702.694422 19.272820 -32.128990 0.599454 0.005842 0.004148 -0.545240 0.838249
1709436702.794710 19.302274 -32.269254 0.609686 0.013924 0.006923 -0.543008 0.839584
1709436702.894898 19.356207 -32.412742 0.621694 0.014217 0.011167 -0.545141 0.838149
1709436702.994742 19.427112 -32.543761 0.624558 0.009513 0.015024 -0.545674 0.837809
1709436703.093618 19.489797 -32.666281 0.626557 0.000685 0.013170 -0.546506 0.837352
1709436703.192307 19.537816 -32.810454 0.625725 0.000182 0.008904 -0.544936 0.838430
1709436703.291238 19.623147 -32.938511 0.614540 0.004370 0.014906 -0.547277 0.836807
1709436703.389962 19.705377 -33.063806 0.623364 -0.002332 0.006842 -0.542751 0.839862
1709436703.494061 19.797594 -33.196067 0.636406 0.006228 0.008275 -0.530424 0.847669
1709436703.592685 19.870530 -33.311748 0.642302 0.003616 0.011008 -0.521245 0.853329
1709436703.691377 19.949974 -33.422015 0.636197 -0.001936 0.003841 -0.509566 0.860421
1709436703.794596 20.019784 -33.563619 0.640508 0.008076 0.002599 -0.502942 0.864279
1709436703.894414 20.095417 -33.690335 0.637263 0.011279 0.010045 -0.501805 0.864849
1709436703.995081 20.180515 -33.805318 0.632698 -0.000115 0.012510 -0.498095 0.867032
1709436704.094927 20.243252 -33.924009 0.649189 0.002022 0.013609 -0.495902 0.868269
1709436704.194755 20.310911 -34.035912 0.649907 -0.000701 0.007851 -0.496570 0.867961
1709436704.294560 20.383675 -34.162925 0.654179 -0.009305 0.015136 -0.497425 0.867325
1709436704.393377 20.464268 -34.265665 0.651251 -0.022247 0.012386 -0.497974 0.866818
1709436704.492333 20.553165 -34.377978 0.657314 -0.019065 0.020865 -0.493324 0.869386
1709436704.591154 20.637722 -34.512785 0.661679 -0.015564 0.013259 -0.494881 0.868720
1709436704.694757 20.721259 -34.616982 0.668482 -0.022975 0.010334 -0.497549 0.867070
1709436704.793839 20.808157 -34.741541 0.660647 -0.030949 0.010359 -0.497712 0.866728
1709436704.892507 20.872629 -34.875627 0.668581 -0.027080 0.008547 -0.497356 0.867082
1709436704.991139 20.956349 -35.008758 0.674685 -0.017865 0.005953 -0.498400 0.866743
1709436705.094885 21.051270 -35.148466 0.671368 -0.009897 0.021153 -0.499630 0.865924
1709436705.194725 21.126578 -35.298105 0.679569 0.001294 0.013167 -0.503343 0.863985
1709436705.292560 21.192145 -35.436103 0.692734 0.006583 0.009529 -0.506339 0.862257
1709436705.394815 21.271624 -35.566489 0.702170 0.003762 0.005097 -0.509677 0.860342
1709436705.494660 21.331926 -35.697128 0.710681 0.003504 -0.007687 -0.508557 0.860987
1709436705.594383 21.392398 -35.831377 0.730890 0.018849 -0.006293 -0.507602 0.861362
1709436705.692973 21.445192 -35.944015 0.741224 0.022230 -0.016919 -0.507470 0.861217
1709436705.791903 21.500714 -36.084910 0.744009 0.029949 -0.021166 -0.506416 0.861509
1709436705.890706 21.563474 -36.217224 0.752027 0.032922 -0.021557 -0.509837 0.859371
1709436705.994663 21.635354 -36.334858 0.755403 0.022011 -0.015323 -0.513802 0.857490
1709436706.093486 21.711113 -36.464712 0.759053 0.020651 -0.010263 -0.512887 0.858146
1709436706.192133 21.778513 -36.595685 0.769817 0.026791 -0.010031 -0.511784 0.858638
1709436706.290780 21.821830 -36.748863 0.775794 0.035668 -0.012811 -0.512675 0.857746
1709436706.394445 21.888646 -36.887868 0.781555 0.037295 -0.011955 -0.512840 0.857590
1709436706.494410 21.955035 -37.022676 0.776844 0.037980 -0.011324 -0.513316 0.857284
1709436706.594906 22.029843 -37.152208 0.774894 0.031996 -0.006358 -0.514419 0.856918
1709436706.694757 22.118131 -37.272048 0.781546 0.036257 -0.004881 -0.509740 0.859550
1709436706.794589 22.226978 -37.409841 0.788795 0.040425 0.000281 -0.512237 0.857892
1709436706.894356 22.319131 -37.543577 0.790884 0.036864 -0.002483 -0.502718 0.863661
1709436706.993071 22.407789 -37.655895 0.794281 0.034815 -0.006866 -0.489495 0.871284
1709436707.092004 22.476474 -37.740514 0.793837 0.019051 -0.020148 -0.477437 0.878228
1709436707.191138 22.557801 -37.842797 0.783473 0.012333 -0.019820 -0.473401 0.880538
1709436707.294582 22.625023 -37.966310 0.778777 0.007352 -0.019432 -0.472410 0.881134
1709436707.393302 22.719212 -38.086754 0.788316 -0.000705 -0.011870 -0.475361 0.879711
1709436707.491910 22.803587 -38.212982 0.790786 0.001501 -0.000172 -0.473115 0.880999
1709436707.590603 22.910471 -38.339585 0.792045 0.001191 0.005518 -0.475731 0.879573
1709436707.694568 22.991546 -38.490086 0.806552 0.002816 0.007729 -0.474153 0.880404
1709436707.793282 23.069787 -38.622826 0.816763 0.015867 0.014867 -0.471437 0.881632
1709436707.891819 23.127357 -38.749584 0.823857 0.020252 0.004834 -0.472778 0.880936
1709436707.994627 23.233454 -38.897671 0.807001 0.021453 0.015926 -0.474440 0.879882
1709436708.094477 23.322791 -39.034566 0.808265 0.014460 0.015198 -0.474357 0.880082
1709436708.194315 23.385825 -39.155905 0.810108 0.012585 0.008688 -0.471217 0.881884
1709436708.293278 23.483053 -39.283852 0.809434 0.014374 0.011102 -0.472160 0.881326
1709436708.392272 23.573154 -39.395663 0.812426 0.003299 0.002056 -0.469873 0.882726
1709436708.494640 23.665745 -39.518141 0.809658 0.009136 0.012829 -0.468753 0.883189
1709436708.594139 23.764886 -39.635885 0.813825 0.014287 0.008761 -0.468666 0.883216
1709436708.692764 23.849337 -39.763641 0.808689 0.014516 0.015232 -0.470820 0.881978
1709436708.791457 23.925367 -39.883812 0.814272 0.015040 0.015776 -0.470557 0.882100
1709436708.894808 24.000033 -40.036123 0.813549 0.020274 0.017112 -0.470459 0.882023
1709436708.994292 24.135589 -40.154834 0.814811 0.019150 0.010465 -0.470243 0.882267
1709436709.092885 24.219444 -40.281611 0.814792 0.018635 0.010578 -0.472416 0.881115
1709436709.195122 24.309355 -40.405623 0.815295 0.013593 0.003248 -0.473493 0.880686
1709436709.294970 24.402446 -40.514683 0.804325 0.009942 0.010222 -0.474418 0.880184
1709436709.394811 24.474123 -40.651673 0.813609 0.009739 0.009448 -0.473223 0.880838
1709436709.494380 24.562206 -40.772444 0.813588 0.010063 0.006226 -0.472635 0.881179
1709436709.593376 24.631995 -40.912182 0.814772 0.012402 0.007008 -0.473349 0.880760
1709436709.692459 24.693946 -41.044832 0.813856 0.005153 0.006903 -0.473632 0.880681
1709436709.794944 24.776323 -41.179155 0.820842 0.007021 0.002403 -0.482239 0.876008
1709436709.894113 24.858991 -41.269993 0.836478 0.000369 -0.017309 -0.495215 0.868598
1709436709.992737 24.939284 -41.411075 0.830765 0.007415 -0.009710 -0.504709 0.863203
1709436710.091390 25.009108 -41.567962 0.826584 0.009333 0.000922 -0.518292 0.855153
1709436710.195096 25.084866 -41.728018 0.834504 0.014820 0.008361 -0.523986 0.851557
1709436710.293995 25.187681 -41.889745 0.847751 0.028285 0.016201 -0.527346 0.849025
1709436710.392493 25.255399 -42.031641 0.850462 0.022574 0.000293 -0.531761 0.846594
1709436710.491136 25.324644 -42.165587 0.835382 0.018715 0.004328 -0.538660 0.842304
1709436710.594421 25.404832 -42.281560 0.836382 0.010488 0.004626 -0.539557 0.841871
1709436710.695082 25.464699 -42.425893 0.849537 0.006356 0.000620 -0.545135 0.838324
1709436710.794375 25.551928 -42.540959 0.848449 0.006153 -0.000738 -0.548112 0.836382
1709436710.893452 25.596932 -42.685011 0.858801 0.002668 -0.010631 -0.552777 0.833257
1709436710.992429 25.626172 -42.824109 0.861298 0.005852 -0.012204 -0.551510 0.834058
1709436711.094493 25.678066 -42.961753 0.868529 0.008416 -0.019089 -0.550967 0.834266
1709436711.193702 25.743178 -43.110253 0.870714 0.021031 -0.007461 -0.551835 0.833655
1709436711.292369 25.826982 -43.257228 0.879802 0.029369 -0.005089 -0.551405 0.833705
1709436711.391041 25.904470 -43.404761 0.878271 0.031026 0.011607 -0.561200 0.827017
1709436711.494633 25.961368 -43.551545 0.873957 0.016114 0.017767 -0.559370 0.828571
1709436711.593506 26.010047 -43.696359 0.871094 0.013390 0.009576 -0.559465 0.828691
1709436711.692258 26.073915 -43.850568 0.862621 0.019660 0.015694 -0.561192 0.827303
1709436711.790982 26.159495 -43.997853 0.861518 0.024279 0.022716 -0.561050 0.827114
1709436711.894801 26.211968 -44.151806 0.849924 0.019437 0.022532 -0.563671 0.825463
1709436711.994645 26.255388 -44.294137 0.855884 0.021047 0.023097 -0.564101 0.825114
1709436712.094470 26.303662 -44.423992 0.860027 0.017486 0.008970 -0.566050 0.824136
1709436712.193815 26.330192 -44.567972 0.853946 0.014888 0.017478 -0.569045 0.821986
1709436712.294972 26.364637 -44.719766 0.838864 0.010626 0.024827 -0.568264 0.822403
1709436712.394612 26.416268 -44.832850 0.849872 0.009882 0.017231 -0.568029 0.822769
1709436712.493403 26.455477 -44.958898 0.856927 0.010438 0.011682 -0.567433 0.823271
1709436712.592197 26.521454 -45.072454 0.850164 0.008032 0.010787 -0.569579 0.821827
1709436712.695123 26.597499 -45.181852 0.835882 -0.006764 0.015165 -0.569628 0.821735
1709436712.794577 26.669241 -45.307065 0.827403 -0.006528 0.022344 -0.564582 0.825049
1709436712.893253 26.729940 -45.424781 0.829884 -0.005425 0.024213 -0.563567 0.825697
1709436712.991885 26.798356 -45.549678 0.824051 -0.003850 0.020433 -0.563039 0.826169
1709436713.090482 26.838726 -45.676356 0.830172 -0.013277 0.018339 -0.568988 0.822034
1709436713.195127 26.906407 -45.798921 0.836291 -0.019080 0.011996 -0.572083 0.819886
1709436713.294959 26.972204 -45.928987 0.838970 -0.018959 0.017569 -0.573696 0.818661
1709436713.394786 27.021959 -46.068244 0.842656 -0.017792 0.013549 -0.573647 0.818798
1709436713.493868 27.034910 -46.211850 0.866554 0.005374 0.007388 -0.566194 0.824221
1709436713.594453 27.062712 -46.363213 0.880079 0.021726 -0.002975 -0.568611 0.822314
1709436713.694483 27.113285 -46.489586 0.884721 0.017294 -0.003041 -0.567421 0.823240
1709436713.793324 27.183090 -46.635810 0.871968 0.005673 -0.002626 -0.569180 0.822189
1709436713.892242 27.258253 -46.763900 0.864483 -0.005242 0.002323 -0.569814 0.821754
1709436713.994622 27.328652 -46.896141 0.868048 -0.011186 0.003321 -0.571009 0.820861
1709436714.094075 27.355641 -47.022008 0.887675 0.001319 -0.000517 -0.567960 0.823055
1709436714.192795 27.400367 -47.146766 0.895794 0.005474 -0.006956 -0.568043 0.822951
1709436714.291439 27.428741 -47.301647 0.900129 0.010714 -0.006605 -0.569765 0.821711
1709436714.390065 27.449342 -47.445452 0.907226 0.006928 -0.002784 -0.568901 0.822372
1709436714.494625 27.505995 -47.592590 0.914805 0.015774 0.001307 -0.569783 0.821642
1709436714.594461 27.563931 -47.727998 0.920327 0.012955 -0.002849 -0.570498 0.821192
1709436714.694852 27.611443 -47.870269 0.925375 0.015240 -0.002337 -0.571147 0.820703
1709436714.793961 27.669104 -47.983490 0.929605 0.011019 -0.005625 -0.570927 0.820908
1709436714.894802 27.713961 -48.113716 0.930731 0.015938 -0.011310 -0.572264 0.819837
1709436714.994407 27.758675 -48.257879 0.933501 0.016922 -0.015608 -0.572818 0.819359
1709436715.093245 27.837580 -48.387476 0.933264 0.014121 -0.012087 -0.575193 0.817807
1709436715.192079 27.872432 -48.530310 0.941748 0.018669 -0.003653 -0.573548 0.818951
1709436715.294931 27.922322 -48.663121 0.951974 0.024524 -0.008207 -0.573024 0.819130
1709436715.393855 27.980607 -48.799368 0.954755 0.027522 -0.005848 -0.574803 0.817808
1709436715.492529 28.048758 -48.923803 0.949141 0.015308 -0.007363 -0.574979 0.817992
1709436715.591131 28.099790 -49.051939 0.948659 0.009391 -0.009120 -0.575001 0.818048
1709436715.695054 28.150526 -49.201954 0.958320 0.013662 -0.008098 -0.574374 0.818439
1709436715.794913 28.215144 -49.336899 0.957617 0.010977 -0.002948 -0.576843 0.816776
1709436715.894742 28.295609 -49.463208 0.963332 0.008866 0.002972 -0.575835 0.817512
1709436715.994575 28.357849 -49.591377 0.960270 0.012157 0.003087 -0.576955 0.816680
1709436716.094798 28.396522 -49.745485 0.961232 0.017583 0.011797 -0.576386 0.816903
1709436716.194647 28.463027 -49.902635 0.956796 0.018548 0.021005 -0.579306 0.814628
1709436716.294011 28.504409 -50.070845 0.957089 0.020102 0.026356 -0.574856 0.817583
1709436716.393008 28.540013 -50.215572 0.960627 0.020094 0.017556 -0.574870 0.817810
1709436716.492130 28.569376 -50.357729 0.963564 0.009547 0.005028 -0.575451 0.817765
1709436716.594800 28.605104 -50.488696 0.968772 0.003661 -0.003183 -0.575670 0.817668
1709436716.693450 28.677519 -50.605390 0.963950 -0.002807 -0.000519 -0.578344 0.815788
1709436716.792199 28.737680 -50.743939 0.964257 -0.006001 0.006155 -0.579171 0.815161
1709436716.890846 28.798553 -50.863641 0.969352 0.002112 0.004644 -0.574640 0.818391
1709436716.994575 28.844842 -51.006224 0.977595 0.010002 0.000900 -0.575009 0.818086
1709436717.094553 28.909797 -51.150691 0.979202 0.012213 0.008160 -0.572779 0.819578
1709436717.193001 28.972755 -51.289350 0.981383 0.011459 0.006069 -0.568618 0.822499
1709436717.294511 29.030363 -51.421100 0.994581 0.014516 0.008007 -0.565426 0.824633
1709436717.394744 29.084513 -51.560625 0.982499 0.007409 0.011761 -0.562592 0.826618
1709436717.494576 29.134210 -51.688587 0.990841 0.003657 0.004869 -0.555468 0.831516
1709436717.594239 29.172942 -51.817186 0.991747 0.008662 0.003797 -0.551394 0.834192
1709436717.693263 29.219630 -51.939940 0.998789 0.006052 -0.001356 -0.547402 0.836847
1709436717.792312 29.281356 -52.075182 1.003071 0.000013 0.001936 -0.543424 0.839456
1709436717.894585 29.351249 -52.217190 1.010222 0.003890 0.003844 -0.535939 0.844239
1709436717.993176 29.403950 -52.342650 1.020120 0.004496 -0.003561 -0.523666 0.851904
1709436718.091824 29.481339 -52.473226 1.038021 0.016576 -0.009955 -0.511647 0.858978
1709436718.190447 29.528155 -52.608758 1.043106 0.015557 -0.014715 -0.502923 0.864066
1709436718.294904 29.613973 -52.735918 1.044938 0.006007 -0.016482 -0.491043 0.870959
1709436718.394396 29.699645 -52.841741 1.040250 -0.000941 -0.012342 -0.477396 0.878601
1709436718.492741 29.799369 -52.974315 1.048736 0.007724 -0.003804 -0.470115 0.882563
1709436718.594442 29.895580 -53.092420 1.061854 0.016084 0.000479 -0.466686 0.884277
1709436718.695094 30.002975 -53.204778 1.074834 0.011148 -0.000595 -0.462844 0.886369
1709436718.794928 30.088493 -53.322224 1.073427 0.005168 -0.003465 -0.460340 0.887721
1709436718.894500 30.193801 -53.441898 1.077713 0.000461 -0.004003 -0.460121 0.887847
1709436718.993468 30.302078 -53.546717 1.078474 0.000776 0.010135 -0.459007 0.888374
1709436719.092478 30.409078 -53.663151 1.081581 0.004935 0.013839 -0.460701 0.887434
1709436719.194418 30.502791 -53.802303 1.079446 0.004956 0.022077 -0.461652 0.886772
1709436719.293011 30.602340 -53.909063 1.080713 0.003806 0.019189 -0.462464 0.886422
1709436719.391752 30.668627 -54.034558 1.090918 0.008532 0.017688 -0.463023 0.886129
1709436719.490439 30.757890 -54.154874 1.087503 0.008817 0.015979 -0.464335 0.885471
1709436719.594413 30.840390 -54.302408 1.092853 0.010592 0.016962 -0.464768 0.885207
1709436719.693573 30.919791 -54.425502 1.094054 0.019052 0.016794 -0.464121 0.885408
1709436719.792171 30.972637 -54.572823 1.096401 0.026799 0.013053 -0.463547 0.885571
1709436719.894716 31.052493 -54.711842 1.095432 0.027365 0.018994 -0.464927 0.884722
1709436719.994562 31.135674 -54.826003 1.102653 0.024196 0.010480 -0.465972 0.884406
1709436720.094806 31.201600 -54.949678 1.098702 0.029209 0.009321 -0.465404 0.884567
1709436720.194323 31.291425 -55.056985 1.085836 0.023304 0.007573 -0.467136 0.883846
1709436720.293403 31.395747 -55.167501 1.082232 0.021591 0.009099 -0.468101 0.883364
1709436720.395149 31.492471 -55.285128 1.094117 0.021087 0.011689 -0.468513 0.883127
1709436720.494082 31.582112 -55.398122 1.097134 0.022397 0.005725 -0.467785 0.883540
1709436720.592730 31.675718 -55.516331 1.090999 0.017309 0.008512 -0.468387 0.883313
1709436720.691434 31.771407 -55.636195 1.102147 0.017126 0.005253 -0.471108 0.881894
1709436720.790209 31.848182 -55.775898 1.103905 0.023118 0.006812 -0.481521 0.876103
1709436720.894659 31.928116 -55.904704 1.106176 0.020989 0.006230 -0.493739 0.869335
1709436720.993302 32.024367 -56.033937 1.113467 0.015646 0.007587 -0.502490 0.864408
1709436721.091885 32.104551 -56.164151 1.116121 0.020996 0.008171 -0.505134 0.862747
1709436721.195067 32.160838 -56.304041 1.132184 0.021457 0.003674 -0.506981 0.861682
1709436721.294911 32.217716 -56.443044 1.123487 0.019494 0.008567 -0.509718 0.860078
1709436721.394747 32.299119 -56.570883 1.119420 0.020648 0.015066 -0.509580 0.860044
1709436721.494530 32.352293 -56.703901 1.114451 0.023032 0.010115 -0.510934 0.859252
1709436721.593673 32.429841 -56.838072 1.120237 0.023699 0.012193 -0.511718 0.858740
1709436721.694657 32.492060 -56.968647 1.133717 0.021986 0.003912 -0.512023 0.858681
1709436721.793692 32.555742 -57.096479 1.125922 0.018292 0.000636 -0.512738 0.858350
1709436721.892394 32.621046 -57.229472 1.122899 0.015828 0.000650 -0.516059 0.856407
1709436721.991240 32.705017 -57.355215 1.122105 0.012189 0.005329 -0.515054 0.857054
1709436722.094821 32.786992 -57.478921 1.125447 0.014471 0.005035 -0.513935 0.857693
1709436722.194316 32.829036 -57.625915 1.136085 0.021419 0.007859 -0.513526 0.857771
1709436722.292894 32.889938 -57.775872 1.127553 0.021978 0.007728 -0.514942 0.856908
1709436722.391525 32.977486 -57.907967 1.124488 0.015606 0.008974 -0.517980 0.855203
1709436722.494605 33.061118 -58.037882 1.124404 0.009197 0.007855 -0.516932 0.855941
1709436722.594446 33.120464 -58.173053 1.132030 0.013735 0.009100 -0.516575 0.856083
1709436722.695085 33.174383 -58.306402 1.144088 0.015391 0.003056 -0.514980 0.857059
1709436722.794813 33.249988 -58.432951 1.136933 0.017646 0.005206 -0.517295 0.855610
1709436722.894763 33.315536 -58.565362 1.130628 0.017594 0.013095 -0.517914 0.855152
1709436722.994608 33.385682 -58.692023 1.146466 0.021417 0.015608 -0.520690 0.853334
1709436723.093791 33.477719 -58.830227 1.144588 0.029318 0.028131 -0.523989 0.850756
1709436723.192559 33.527467 -58.984533 1.148356 0.032823 0.023649 -0.526640 0.849125
1709436723.291300 33.581769 -59.121991 1.159988 0.038140 0.012035 -0.526627 0.849155
1709436723.394772 33.629212 -59.268009 1.156891 0.038736 -0.002584 -0.527468 0.848687
1709436723.493865 33.684151 -59.403499 1.152317 0.041328 -0.000711 -0.529201 0.847489
1709436723.592481 33.775516 -59.539847 1.151502 0.040152 0.002428 -0.530307 0.846851
1709436723.691107 33.847317 -59.650867 1.152129 0.034858 0.007655 -0.529618 0.847485
1709436723.794909 33.955003 -59.743906 1.161396 0.032226 0.006218 -0.530530 0.847031
1709436723.894735 34.024171 -59.850945 1.149419 0.032624 0.006781 -0.530575 0.846983
1709436723.994558 34.099222 -59.963271 1.166356 0.028677 -0.002889 -0.531767 0.846400
1709436724.094809 34.160556 -60.097947 1.149694 0.029840 0.001448 -0.531718 0.846394
1709436724.194646 34.213318 -60.221403 1.152396 0.026637 0.000568 -0.534378 0.844825
1709436724.294477 34.292916 -60.365781 1.154867 0.031643 0.006207 -0.531004 0.846756
1709436724.393387 34.362412 -60.517402 1.165492 0.031791 0.003685 -0.533622 0.845117
1709436724.492178 34.429493 -60.644457 1.159985 0.020179 -0.000562 -0.535998 0.843978
1709436724.591127 34.491844 -60.785208 1.139411 0.012518 0.014450 -0.539328 0.841879
1709436724.694645 34.564761 -60.906679 1.151417 -0.002339 0.001362 -0.538966 0.842323
1709436724.793638 34.623635 -61.029378 1.157676 0.001321 0.005274 -0.540046 0.841618
1709436724.892410 34.686253 -61.141920 1.166285 -0.000336 -0.006060 -0.541055 0.840966
1709436724.991060 34.748082 -61.256364 1.173006 -0.004303 -0.005247 -0.539158 0.842177
1709436725.094825 34.804897 -61.397389 1.186303 0.005696 0.003074 -0.535898 0.844258
1709436725.194637 34.854163 -61.529312 1.191216 0.008260 -0.002881 -0.535965 0.844195
1709436725.292449 34.918686 -61.665664 1.200202 0.014461 0.004942 -0.535968 0.844100
1709436725.395117 35.002386 -61.792639 1.209434 0.005279 0.006388 -0.537260 0.843376
1709436725.494956 35.062498 -61.922109 1.210352 0.002213 0.006491 -0.533779 0.845596
1709436725.594283 35.120344 -62.051139 1.220956 0.005290 0.005739 -0.536183 0.844066
1709436725.693217 35.188489 -62.181177 1.211788 0.002864 0.003579 -0.540488 0.841339
1709436725.792315 35.250766 -62.318949 1.214299 0.005675 0.017551 -0.540779 0.840963
1709436725.895097 35.316773 -62.471385 1.222764 0.004542 0.011016 -0.542926 0.839696
1709436725.994548 35.366595 -62.614059 1.225832 0.017364 0.016207 -0.539609 0.841581
1709436726.093285 35.406829 -62.756074 1.237698 0.015697 0.005884 -0.540817 0.840973
1709436726.191950 35.462136 -62.901829 1.232237 0.012417 0.000108 -0.542714 0.839826
1709436726.290605 35.520533 -63.048916 1.240649 0.021023 0.003770 -0.540600 0.841009
1709436726.395022 35.588925 -63.171552 1.234365 0.013134 0.000314 -0.540788 0.841056
1709436726.494336 35.656886 -63.308107 1.234045 0.018396 0.009148 -0.543920 0.838886
1709436726.592126 35.711568 -63.421036 1.244595 0.018898 0.006947 -0.540936 0.840823
1709436726.694612 35.757564 -63.550972 1.235842 0.014342 0.002121 -0.541086 0.840842
1709436726.794468 35.817438 -63.674360 1.241113 0.013329 0.005297 -0.543803 0.839090
1709436726.894356 35.864548 -63.814167 1.243265 0.014168 0.006159 -0.542144 0.840144
1709436726.993382 35.903605 -63.969595 1.247641 0.015256 0.013134 -0.542082 0.840085
1709436727.092438 35.985234 -64.096459 1.247990 0.011575 0.012649 -0.545057 0.838223
1709436727.194514 36.065225 -64.235212 1.258428 0.012440 0.015224 -0.543780 0.838997
1709436727.294336 36.127062 -64.369703 1.261361 0.006989 0.011137 -0.544075 0.838933
1709436727.392922 36.169515 -64.528047 1.249161 0.012939 0.015194 -0.544238 0.838694
1709436727.491578 36.224086 -64.678450 1.262473 0.024280 0.012022 -0.545897 0.837414
1709436727.590295 36.285457 -64.798534 1.269880 0.024391 0.006137 -0.543945 0.838744
1709436727.694527 36.350329 -64.951879 1.273064 0.022460 0.005659 -0.544789 0.838253
1709436727.793101 36.420252 -65.071006 1.267004 0.017262 0.004194 -0.546895 0.837013
1709436727.895069 36.512472 -65.184502 1.268193 0.015806 0.007817 -0.546080 0.837547
1709436727.994907 36.582006 -65.308449 1.267082 0.011717 0.007073 -0.546121 0.837595
1709436728.094748 36.651127 -65.433293 1.270062 0.016762 0.010150 -0.546240 0.837400
1709436728.194329 36.705676 -65.565066 1.277927 0.015499 0.006205 -0.547791 0.836448
1709436728.293353 36.799603 -65.686504 1.277048 0.010960 0.007064 -0.548226 0.836229
1709436728.392377 36.868798 -65.829533 1.277382 0.005741 0.003076 -0.547285 0.836921
1709436728.494922 36.945684 -65.975539 1.272832 0.006418 0.009461 -0.547737 0.836572
1709436728.594090 37.035006 -66.108925 1.282175 0.007496 0.004482 -0.547166 0.836978
1709436728.692763 37.079468 -66.244769 1.285856 0.013542 0.005518 -0.547073 0.836957
1709436728.791481 37.150658 -66.374787 1.288385 0.012683 0.008550 -0.549240 0.835524
1709436728.895072 37.205580 -66.514078 1.295665 0.007937 0.002161 -0.547866 0.836526
1709436728.994153 37.237868 -66.672421 1.284430 0.010749 0.009748 -0.546496 0.837336
1709436729.092738 37.294875 -66.805815 1.300463 0.012802 0.002420 -0.546300 0.837488
1709436729.191259 37.341499 -66.941658 1.298042 0.012675 0.000202 -0.546313 0.837485
1709436729.294441 37.413534 -67.075916 1.305064 0.012244 0.002091 -0.547770 0.836536
1709436729.395065 37.481725 -67.214576 1.310526 0.005221 0.003917 -0.548408 0.836185
1709436729.494388 37.527062 -67.363108 1.321050 0.012269 0.001819 -0.546194 0.837567
1709436729.593346 37.596748 -67.515367 1.322378 0.011764 0.002377 -0.552588 0.833368
1709436729.692482 37.658972 -67.660057 1.308498 0.011074 0.012122 -0.552957 0.833048
1709436729.794440 37.708177 -67.805979 1.312242 0.014734 0.011055 -0.553799 0.832447
1709436729.893709 37.793483 -67.949218 1.303911 0.018123 0.018602 -0.556534 0.830419
1709436729.992448 37.860400 -68.079915 1.308609 0.018687 0.014351 -0.556697 0.830382
1709436730.091211 37.925118 -68.214830 1.320174 0.019669 0.006528 -0.555534 0.831235
1709436730.194571 37.962904 -68.348293 1.322659 0.028186 -0.004917 -0.552970 0.832709
1709436730.293805 38.013277 -68.481708 1.335490 0.032694 -0.005127 -0.555604 0.830788
1709436730.392383 38.060392 -68.603059 1.327081 0.020593 -0.005139 -0.557025 0.830224
1709436730.491011 38.110774 -68.727669 1.318087 0.018050 0.007729 -0.555794 0.831088
1709436730.595142 38.158382 -68.889187 1.328699 0.023289 0.005062 -0.558450 0.829196
1709436730.694968 38.226941 -69.027634 1.326262 0.020933 0.005815 -0.557428 0.829941
1709436730.794644 38.290441 -69.170405 1.328453 0.020627 0.010054 -0.556391 0.830603
1709436730.893506 38.353955 -69.304854 1.329673 0.017136 0.001400 -0.555746 0.831174
1709436730.992606 38.414025 -69.439774 1.329766 0.019963 0.003638 -0.556319 0.830721
1709436731.094812 38.466455 -69.575118 1.333149 0.018933 0.004055 -0.555936 0.830999
1709436731.193582 38.521234 -69.713250 1.343708 0.013972 0.001582 -0.556644 0.830632
1709436731.292368 38.592616 -69.837190 1.337485 0.011464 0.001181 -0.557882 0.829840
1709436731.391113 38.664625 -69.961213 1.334882 0.010820 0.003617 -0.555288 0.831580
1709436731.494495 38.727647 -70.097253 1.333347 0.008408 0.000053 -0.556877 0.830553
1709436731.593470 38.770339 -70.234904 1.329272 0.013546 0.009410 -0.555450 0.831387
1709436731.692006 38.846045 -70.357322 1.332683 0.012664 0.001843 -0.557124 0.830330
1709436731.794782 38.904274 -70.494042 1.332720 0.013098 0.009207 -0.558802 0.829146
1709436731.894627 38.955135 -70.611976 1.335665 0.011442 0.005733 -0.558729 0.829251
1709436731.994456 39.011825 -70.740779 1.347771 0.012487 0.004471 -0.558105 0.829665
1709436732.094693 39.065721 -70.884244 1.343686 0.013506 0.007897 -0.558935 0.829064
1709436732.193774 39.122811 -71.031005 1.341476 0.013281 0.012082 -0.558202 0.829511
1709436732.294770 39.182935 -71.173874 1.349609 0.022630 0.012689 -0.556204 0.830640
1709436732.394511 39.235668 -71.312681 1.361291 0.021100 0.001198 -0.557947 0.829608
1709436732.493358 39.290224 -71.448858 1.363020 0.024687 -0.002810 -0.558515 0.829122
1709436732.592168 39.351583 -71.584265 1.359897 0.019564 -0.001827 -0.560401 0.827988
1709436732.694921 39.425247 -71.707004 1.356925 0.011207 -0.003505 -0.561015 0.827722
1709436732.794488 39.487384 -71.850658 1.369956 0.018251 0.004666 -0.560437 0.827983
1709436732.893098 39.549116 -71.986229 1.371763 0.020745 -0.004490 -0.563850 0.825604
1709436732.991668 39.602797 -72.126893 1.374279 0.021887 -0.003998 -0.565056 0.824752
1709436733.094650 39.665074 -72.274825 1.366990 0.021044 0.000080 -0.566566 0.823748
1709436733.194497 39.721997 -72.411861 1.369147 0.021337 0.002848 -0.567891 0.822822
1709436733.295127 39.776886 -72.543163 1.375661 0.023694 0.000448 -0.566767 0.823537
1709436733.394853 39.821401 -72.680496 1.380662 0.025179 -0.003096 -0.568045 0.822606
1709436733.493862 39.842923 -72.847326 1.379592 0.022233 -0.000419 -0.568716 0.822233
1709436733.594684 39.897031 -72.984662 1.374222 0.018634 0.001492 -0.568837 0.822238
1709436733.694421 39.943423 -73.126796 1.374031 0.022189 0.002821 -0.569147 0.821931
1709436733.793264 39.983569 -73.266560 1.373279 0.020916 0.000319 -0.569180 0.821947
1709436733.892097 40.041483 -73.395806 1.377715 0.021192 0.002725 -0.571373 0.820412
1709436733.991031 40.105674 -73.531580 1.376698 0.018652 0.000097 -0.569772 0.821591
1709436734.094168 40.158962 -73.688443 1.377694 0.021516 0.001510 -0.571565 0.820273
1709436734.192827 40.238633 -73.828524 1.380209 0.022589 0.006396 -0.571275 0.820423
1709436734.291484 40.307616 -73.971064 1.372684 0.025882 0.011171 -0.571768 0.819931
1709436734.394516 40.352387 -74.107683 1.386711 0.028096 0.006663 -0.572020 0.819731
1709436734.494463 40.400264 -74.246643 1.383990 0.024151 0.008567 -0.572860 0.819253
1709436734.595101 40.441984 -74.376674 1.379180 0.017841 -0.001048 -0.573659 0.818899
1709436734.694909 40.487224 -74.506388 1.368095 0.010644 0.003088 -0.574519 0.818416
1709436734.794731 40.521827 -74.641679 1.375518 0.015108 0.006743 -0.574764 0.818152
1709436734.894599 40.564659 -74.776478 1.373719 0.010759 -0.001887 -0.572118 0.820099
1709436734.994291 40.612515 -74.910743 1.377148 0.019056 0.005755 -0.572842 0.819424
1709436735.093218 40.676730 -75.048167 1.382859 0.015286 0.005033 -0.572211 0.819948
1709436735.192112 40.729643 -75.196524 1.377579 0.013683 0.008139 -0.572002 0.820098
1709436735.294775 40.804347 -75.348482 1.381744 0.018871 0.011715 -0.573393 0.818979
1709436735.393927 40.844661 -75.498549 1.382378 0.024077 0.011467 -0.574148 0.818317
1709436735.492454 40.884500 -75.632262 1.386264 0.020370 0.002294 -0.574551 0.818212
1709436735.591124 40.940355 -75.778022 1.375997 0.018368 0.006556 -0.576479 0.816879
1709436735.694926 40.983569 -75.916415 1.376218 0.015797 -0.002094 -0.573907 0.818765
1709436735.794780 41.040969 -76.060976 1.393403 0.019878 -0.000136 -0.576008 0.817202
1709436735.893381 41.099916 -76.197655 1.390635 0.015836 0.007510 -0.577967 0.815872
1709436735.994475 41.172884 -76.335821 1.386451 0.014560 0.005298 -0.577715 0.816091
1709436736.095133 41.244196 -76.484896 1.391031 0.016662 0.008345 -0.578730 0.815306
1709436736.194986 41.308939 -76.624857 1.384284 0.018438 0.013362 -0.579042 0.814980
1709436736.294139 41.345652 -76.761551 1.382977 0.019010 0.011956 -0.579726 0.814502
1709436736.393018 41.398559 -76.910573 1.391560 0.025284 0.010864 -0.578016 0.815561
1709436736.492049 41.451106 -77.054540 1.402309 0.027924 0.003853 -0.579622 0.814398
1709436736.594746 41.526871 -77.199436 1.398015 0.022351 0.000455 -0.581444 0.813279
1709436736.693545 41.575842 -77.335316 1.384539 0.017941 0.000519 -0.580773 0.813867
1709436736.792121 41.614080 -77.467287 1.387733 0.016844 -0.000492 -0.582062 0.812970
1709436736.890815 41.668204 -77.602186 1.386986 0.021467 0.003517 -0.581286 0.813409
1709436736.994505 41.728148 -77.749987 1.394240 0.021652 0.002375 -0.581458 0.813285
1709436737.094401 41.767953 -77.885964 1.397411 0.022167 -0.000729 -0.580112 0.814235
1709436737.192898 41.813300 -78.032295 1.406516 0.022351 -0.004901 -0.581476 0.813242
1709436737.294795 41.833499 -78.169795 1.411428 0.018573 -0.010109 -0.582448 0.812593
1709436737.394623 41.900063 -78.290037 1.421301 0.020782 -0.000859 -0.581768 0.813089
1709436737.494461 41.952501 -78.426564 1.416929 0.017949 -0.000861 -0.583026 0.812254
1709436737.594134 42.001963 -78.566451 1.408365 0.017115 0.002444 -0.584097 0.811499
1709436737.693200 42.026730 -78.718108 1.405572 0.013031 -0.001068 -0.582819 0.812497
1709436737.792319 42.091318 -78.857901 1.412786 0.011139 -0.002186 -0.581830 0.813231
1709436737.894501 42.138953 -79.021510 1.419334 0.011246 -0.001994 -0.582487 0.812760
1709436737.993138 42.202536 -79.172976 1.420547 0.011021 -0.001020 -0.581760 0.813286
1709436738.091805 42.254485 -79.316191 1.425608 0.007960 0.003571 -0.582988 0.812434
1709436738.190453 42.268765 -79.447527 1.424707 0.003304 0.001272 -0.580966 0.813920
1709436738.294771 42.317061 -79.593268 1.432440 0.004118 0.001375 -0.581970 0.813199
1709436738.394031 42.396238 -79.734873 1.442115 0.005220 0.000678 -0.579821 0.814727
1709436738.492577 42.461699 -79.875792 1.439413 0.005520 0.004410 -0.581278 0.813674
1709436738.595087 42.507169 -80.022006 1.451956 0.003764 0.000935 -0.583224 0.812302
1709436738.694922 42.540299 -80.164106 1.457370 0.002258 0.003021 -0.580300 0.814394
1709436738.794768 42.580699 -80.317045 1.467072 0.002970 0.000288 -0.584523 0.811372
1709436738.894421 42.630970 -80.456446 1.469798 0.005904 0.001333 -0.584726 0.811208
1709436738.993512 42.668103 -80.590484 1.474885 0.004518 0.002351 -0.583985 0.811748
1709436739.095089 42.709443 -80.733171 1.470453 0.004659 0.005933 -0.584452 0.811393
1709436739.194241 42.757160 -80.880716 1.474621 0.006589 0.008600 -0.585346 0.810711
1709436739.292871 42.816820 -81.025863 1.481775 0.010505 0.003964 -0.584948 0.810993
1709436739.391642 42.880626 -81.170517 1.470630 0.015236 0.011723 -0.587107 0.809281
1709436739.490312 42.924538 -81.306642 1.486856 0.010332 0.004064 -0.588724 0.808258
1709436739.594913 42.970817 -81.466289 1.480567 0.015219 0.010672 -0.588596 0.808213
1709436739.693473 43.021754 -81.616222 1.484503 0.016293 0.012655 -0.590827 0.806535
1709436739.792017 43.088459 -81.768746 1.472381 0.020877 0.018593 -0.590739 0.806378
1709436739.894596 43.145191 -81.925891 1.468027 0.022969 0.024272 -0.589597 0.807006
1709436739.994426 43.174344 -82.058654 1.489640 0.014952 0.004136 -0.590285 0.807045
1709436740.095068 43.227631 -82.202426 1.488348 0.017646 0.005747 -0.589316 0.807689
1709436740.194552 43.284367 -82.348933 1.480030 0.008477 0.003730 -0.592354 0.805625
1709436740.293680 43.336255 -82.481068 1.473911 0.000650 0.010983 -0.592862 0.805229
1709436740.394575 43.398908 -82.620448 1.483200 0.010731 0.022525 -0.590777 0.806449
1709436740.494060 43.441671 -82.770594 1.475551 0.017781 0.021914 -0.591152 0.806067
1709436740.592783 43.465783 -82.923623 1.479074 0.019316 0.020608 -0.593281 0.804500
1709436740.691542 43.502752 -83.072788 1.461507 0.021683 0.020947 -0.594267 0.803702
1709436740.790286 43.527056 -83.214434 1.466059 0.018746 0.012937 -0.593486 0.804522
1709436740.894398 43.584357 -83.360628 1.478786 0.021427 0.007166 -0.594682 0.803644
1709436740.992990 43.626690 -83.506478 1.473022 0.026958 0.011323 -0.595017 0.803181
1709436741.091491 43.684732 -83.642842 1.464128 0.026146 0.017268 -0.596195 0.802228
1709436741.190110 43.729023 -83.799767 1.464779 0.027301 0.028584 -0.595009 0.802747
1709436741.295107 43.770805 -83.942157 1.474564 0.028920 0.025989 -0.592097 0.804928
1709436741.394949 43.815607 -84.095717 1.469250 0.024861 0.019621 -0.592817 0.804714
1709436741.494512 43.880469 -84.201442 1.468596 0.015536 0.018179 -0.590799 0.806465
1709436741.593642 43.909060 -84.315434 1.465764 0.010371 0.014346 -0.584812 0.810976
1709436741.694448 43.977910 -84.448689 1.469579 0.006595 0.012201 -0.578668 0.815445
1709436741.793681 44.015000 -84.558766 1.476194 0.009337 0.008217 -0.568395 0.822662
1709436741.892403 44.070213 -84.664292 1.471675 0.015327 0.000868 -0.559340 0.828796
1709436741.991051 44.114135 -84.774060 1.465377 0.010255 -0.006485 -0.548217 0.836248
1709436742.089964 44.186638 -84.886776 1.481348 0.013608 -0.003790 -0.538629 0.842425
1709436742.194210 44.235330 -84.999540 1.489910 -0.002034 -0.014620 -0.528293 0.848934
1709436742.292928 44.317046 -85.096369 1.489290 -0.002100 -0.013123 -0.518503 0.854973
1709436742.391559 44.415854 -85.212087 1.479631 -0.002621 -0.012579 -0.509765 0.860217
1709436742.494800 44.485447 -85.334481 1.491379 -0.008064 -0.006380 -0.504076 0.863598
1709436742.594576 44.569427 -85.464555 1.491560 -0.009093 0.007013 -0.500587 0.865610
1709436742.694477 44.636040 -85.569828 1.511877 -0.014559 -0.007276 -0.504128 0.863476
1709436742.795136 44.699000 -85.657911 1.532988 -0.021302 -0.021583 -0.503602 0.863403
1709436742.894980 44.782126 -85.760717 1.547595 -0.025139 -0.021940 -0.506737 0.861455
1709436742.994457 44.846145 -85.896678 1.556572 -0.027988 -0.016494 -0.505824 0.862025
1709436743.093295 44.886728 -86.024847 1.561598 -0.017896 -0.003968 -0.503732 0.863666
1709436743.192115 44.908588 -86.155619 1.585029 -0.001506 -0.003401 -0.502161 0.864766
1709436743.291152 44.977431 -86.274099 1.585348 0.006797 0.001660 -0.502332 0.864646
1709436743.394959 45.050592 -86.397522 1.589604 0.006359 0.005543 -0.503831 0.863761
1709436743.493834 45.134015 -86.518749 1.587107 0.007797 0.006489 -0.503496 0.863938
1709436743.592463 45.196714 -86.650592 1.596595 0.014168 0.009470 -0.504054 0.863504
1709436743.691119 45.273086 -86.777263 1.613065 0.009045 0.006051 -0.504690 0.863232
1709436743.795094 45.355931 -86.915378 1.612345 0.007918 0.012299 -0.504922 0.863041
1709436743.894258 45.428896 -87.033777 1.608027 0.007002 0.005573 -0.505564 0.862743
1709436743.994735 45.484478 -87.150854 1.607210 0.009377 0.007962 -0.506147 0.862360
1709436744.094580 45.538741 -87.274907 1.614409 0.012281 0.009024 -0.506606 0.862043
1709436744.194818 45.577182 -87.388864 1.610268 0.015842 0.005697 -0.506334 0.862173
1709436744.294583 45.669830 -87.485427 1.621899 0.013290 0.005609 -0.510258 0.859901
1709436744.393335 45.763686 -87.610057 1.620843 0.013943 0.012160 -0.511156 0.859289
1709436744.492285 45.838570 -87.735464 1.621179 0.017029 0.006905 -0.510642 0.859597
1709436744.591086 45.909154 -87.856702 1.626534 0.022112 0.005068 -0.510952 0.859310
1709436744.694559 45.991047 -87.989440 1.626640 0.027747 0.009706 -0.511375 0.858855
1709436744.793366 46.070174 -88.107953 1.630719 0.026418 0.000853 -0.514129 0.857306
1709436744.892077 46.136423 -88.222960 1.633372 0.025474 0.003629 -0.513501 0.857703
1709436744.990746 46.200473 -88.341686 1.631656 0.027659 0.005890 -0.514248 0.857175
1709436745.094939 46.242767 -88.465037 1.641686 0.025710 -0.001595 -0.514969 0.856822
1709436745.194780 46.298258 -88.591903 1.641464 0.031034 0.003342 -0.516188 0.855906
1709436745.294625 46.363791 -88.717446 1.641224 0.027091 0.003969 -0.515306 0.856569
1709436745.394463 46.443374 -88.846074 1.633124 0.024856 0.009833 -0.517000 0.855568
1709436745.495106 46.526859 -88.962696 1.624777 0.032360 0.020026 -0.513351 0.857335
1709436745.594561 46.600738 -89.096044 1.639027 0.036438 0.014589 -0.514259 0.856736
1709436745.693368 46.678783 -89.209068 1.638481 0.033016 0.014769 -0.513868 0.857106
1709436745.792230 46.755905 -89.316698 1.641936 0.021610 -0.002395 -0.513442 0.857849
1709436745.891067 46.797970 -89.444110 1.641064 0.020543 -0.007919 -0.512336 0.858503
1709436745.994482 46.859127 -89.579666 1.648658 0.018747 -0.006070 -0.513434 0.857903
1709436746.093198 46.951343 -89.670500 1.655111 0.012495 -0.004752 -0.511710 0.859055
1709436746.191750 47.024926 -89.771975 1.659277 0.022142 0.004128 -0.505016 0.862816
1709436746.290402 47.097934 -89.888695 1.666456 0.026142 -0.001781 -0.498712 0.866372
1709436746.394451 47.144258 -90.013734 1.671464 0.018732 -0.007995 -0.495331 0.868465
1709436746.493242 47.215910 -90.133908 1.679031 0.014938 -0.006043 -0.491983 0.870456
1709436746.594947 47.275869 -90.238178 1.683252 0.016343 -0.009504 -0.483860 0.874941
1709436746.694772 47.339828 -90.337330 1.688687 0.016173 -0.012685 -0.474509 0.880010
1709436746.794621 47.425784 -90.432515 1.702152 0.015789 -0.001684 -0.463121 0.886153
1709436746.894248 47.510081 -90.520308 1.706813 0.010344 -0.005596 -0.450819 0.892538
1709436746.993080 47.595052 -90.617033 1.708055 0.012375 -0.008167 -0.442462 0.896665
1709436747.092340 47.682095 -90.733181 1.705104 0.013081 -0.007681 -0.431922 0.901783
1709436747.194778 47.767205 -90.821454 1.713355 0.018813 -0.001890 -0.410994 0.911442
1709436747.294215 47.832080 -90.894233 1.720276 0.018901 0.001763 -0.379467 0.925011
1709436747.392787 47.899973 -90.951387 1.726067 0.011267 0.005610 -0.354264 0.935061
1709436747.491657 47.983830 -90.980680 1.714979 -0.001490 0.009087 -0.330812 0.943652
1709436747.594937 48.056959 -91.008912 1.730951 -0.002549 0.010208 -0.312318 0.949919
1709436747.694388 48.111761 -91.045562 1.729944 0.000125 0.014995 -0.299741 0.953903
1709436747.792889 48.139869 -91.064543 1.733675 -0.004910 0.002393 -0.289525 0.957155
1709436747.891560 48.203633 -91.098593 1.725959 -0.003711 0.007009 -0.280205 0.959907
1709436747.995098 48.262109 -91.141010 1.730574 0.005860 0.007525 -0.271249 0.962462
1709436748.094928 48.300848 -91.201222 1.728417 0.008569 0.011734 -0.260245 0.965433
1709436748.194572 48.371177 -91.201335 1.727310 0.004805 0.015113 -0.248059 0.968615
1709436748.293401 48.431978 -91.228104 1.729457 0.002888 0.012005 -0.231728 0.972702
1709436748.392514 48.533271 -91.250924 1.731987 -0.000259 0.019310 -0.217523 0.975864
1709436748.495079 48.636351 -91.282188 1.727506 0.005246 0.020336 -0.197618 0.980054
1709436748.593949 48.740304 -91.317305 1.738944 0.004978 0.012396 -0.176582 0.984195
1709436748.692637 48.868616 -91.331666 1.731381 0.006923 0.016570 -0.155145 0.987729
1709436748.791401 48.988516 -91.344782 1.733608 0.006823 0.012088 -0.130557 0.991344
1709436748.894443 49.116681 -91.366617 1.728246 0.007279 0.011094 -0.103322 0.994559
1709436748.994008 49.249253 -91.391491 1.736380 0.007153 0.018091 -0.080826 0.996538
1709436749.092659 49.397609 -91.405561 1.736740 0.006537 0.021042 -0.058251 0.998059
1709436749.191242 49.549906 -91.381319 1.736151 0.000875 0.017531 -0.033818 0.999274
1709436749.294605 49.665378 -91.425582 1.734489 0.004037 0.019625 0.002349 0.999796
1709436749.394450 49.835917 -91.414708 1.744373 0.008305 0.030231 0.031818 0.999002
1709436749.494494 49.981898 -91.351827 1.751379 0.014788 0.025816 0.061681 0.997652
1709436749.593683 50.112737 -91.323607 1.759182 0.010093 0.026634 0.083331 0.996115
1709436749.692626 50.250189 -91.303725 1.762125 0.004390 0.020917 0.107364 0.993990
1709436749.794599 50.333576 -91.252021 1.750972 -0.001739 0.011432 0.135769 0.990673
1709436749.893615 50.452753 -91.191729 1.755529 0.000723 0.018157 0.160014 0.986947
1709436749.992384 50.560281 -91.138826 1.771312 0.012658 0.020398 0.181692 0.983062
1709436750.090950 50.667683 -91.100008 1.760886 0.012033 0.022929 0.202819 0.978874
1709436750.194751 50.770693 -91.038507 1.773252 0.008256 0.025740 0.224856 0.974017
1709436750.293696 50.868093 -90.989379 1.767800 0.002931 0.027428 0.246212 0.968824
1709436750.392284 50.977471 -90.927294 1.773465 0.008315 0.024769 0.264079 0.964147
1709436750.490936 51.089122 -90.868338 1.779158 0.005791 0.032608 0.283348 0.958445
1709436750.594505 51.188350 -90.769160 1.775177 0.006293 0.028882 0.302161 0.952798
1709436750.695141 51.275569 -90.681088 1.768632 0.006011 0.029208 0.323938 0.945608
1709436750.794559 51.395469 -90.596344 1.764442 0.005398 0.033648 0.345009 0.937981
1709436750.893624 51.483505 -90.507485 1.765225 0.007072 0.029331 0.368057 0.929314
1709436750.992595 51.564813 -90.405469 1.754373 0.003438 0.021548 0.384366 0.922923
1709436751.094527 51.628153 -90.297246 1.736720 -0.003468 0.016301 0.404194 0.914521
1709436751.193458 51.696506 -90.203480 1.739587 0.001114 0.014988 0.422132 0.906410
1709436751.292225 51.767234 -90.098150 1.740620 -0.004410 0.017897 0.435607 0.899948
1709436751.391040 51.821564 -89.985897 1.735837 -0.007621 0.019108 0.456521 0.889475
1709436751.494710 51.900429 -89.889148 1.746739 -0.006208 0.029676 0.471831 0.881168
1709436751.593313 51.942664 -89.781255 1.743003 -0.012253 0.027768 0.487430 0.872635
1709436751.691916 51.994317 -89.664582 1.740008 -0.015279 0.028735 0.506540 0.861602
1709436751.790605 52.046292 -89.543104 1.729579 -0.016464 0.028945 0.523204 0.851556
1709436751.894458 52.091062 -89.423648 1.727884 -0.008939 0.024133 0.544060 0.838651
1709436751.995090 52.118813 -89.326106 1.721583 -0.013200 0.028437 0.560852 0.827322
1709436752.094720 52.146692 -89.198132 1.701781 -0.012480 0.023110 0.576636 0.816579
1709436752.193829 52.156308 -89.063371 1.693007 -0.012340 0.016590 0.593297 0.804718
1709436752.294602 52.200527 -88.936042 1.689617 -0.014808 0.018090 0.608837 0.792951
1709436752.394424 52.236550 -88.816004 1.684102 -0.006792 0.016271 0.625785 0.779797
1709436752.493235 52.273928 -88.704373 1.681725 -0.008352 0.016814 0.636955 0.770673
1709436752.592074 52.282890 -88.589030 1.671257 -0.014316 0.011692 0.650424 0.759347
1709436752.694764 52.282247 -88.448972 1.664247 -0.017045 0.011786 0.665640 0.745985
1709436752.794189 52.289030 -88.321230 1.665033 -0.010141 0.012332 0.683025 0.730221
1709436752.892835 52.286996 -88.188311 1.653961 -0.016679 0.021414 0.694370 0.719106
1709436752.991622 52.281248 -88.071346 1.650413 -0.018151 0.018543 0.709080 0.704651
1709436753.090203 52.262090 -87.950018 1.643334 -0.021101 0.018672 0.723451 0.689800
1709436753.194753 52.252668 -87.826715 1.653797 -0.015219 0.022289 0.738709 0.673484
1709436753.294597 52.206185 -87.689960 1.646389 -0.017092 0.025455 0.751987 0.658465
1709436753.394429 52.150745 -87.560688 1.648920 -0.008068 0.018705 0.766474 0.641953
1709436753.494023 52.121697 -87.429194 1.650991 -0.011342 0.017307 0.778830 0.626894
1709436753.594878 52.075511 -87.334655 1.645428 -0.008116 0.012930 0.791167 0.611409
1709436753.694379 52.035589 -87.229146 1.645399 -0.012715 0.016716 0.800550 0.598898
1709436753.793104 51.995109 -87.096566 1.633869 -0.021951 0.017428 0.809127 0.586966
1709436753.891973 51.962595 -86.990497 1.646444 -0.013562 0.025753 0.820624 0.570727
1709436753.994652 51.899600 -86.865707 1.638464 -0.016001 0.031123 0.830073 0.556556
1709436754.093972 51.843149 -86.759538 1.638437 -0.012439 0.030296 0.841037 0.539985
1709436754.192667 51.763343 -86.679670 1.629901 -0.017556 0.025841 0.851010 0.524220
1709436754.291229 51.710321 -86.578034 1.632948 -0.015686 0.026692 0.862165 0.505680
1709436754.390127 51.630490 -86.482270 1.638146 -0.012342 0.030862 0.870505 0.491037
1709436754.494623 51.597763 -86.360114 1.630201 -0.019556 0.035471 0.879495 0.474182
1709436754.593566 51.516472 -86.249087 1.620356 -0.028165 0.036910 0.886711 0.459987
1709436754.695081 51.416536 -86.142211 1.615219 -0.033929 0.036470 0.895134 0.443006
1709436754.794949 51.322213 -86.048740 1.605145 -0.037526 0.037438 0.902611 0.427180
1709436754.894794 51.218906 -85.988199 1.605917 -0.033190 0.040798 0.912655 0.405333
1709436754.993721 51.153106 -85.918920 1.595255 -0.031796 0.044768 0.920352 0.387217
1709436755.092865 51.062337 -85.849773 1.587516 -0.029009 0.044346 0.929085 0.366050
1709436755.191821 50.964422 -85.820582 1.569474 -0.026736 0.036190 0.936656 0.347347
1709436755.294956 50.883210 -85.788733 1.560308 -0.019191 0.022502 0.943305 0.330607
1709436755.393590 50.818733 -85.759469 1.550871 -0.016753 0.012033 0.950209 0.310930
1709436755.492174 50.796505 -85.712280 1.572043 -0.009407 0.013665 0.956526 0.291176
1709436755.590796 50.756501 -85.672928 1.583646 -0.002455 0.015697 0.960826 0.276695
1709436755.695114 50.678571 -85.622236 1.566458 -0.015869 0.002373 0.962214 0.271822
1709436755.794930 50.551415 -85.593527 1.586598 -0.005799 -0.020076 0.965613 0.259143
1709436755.893302 50.426781 -85.552778 1.587364 -0.013156 -0.029484 0.967251 0.251761
1709436755.994642 50.344579 -85.503122 1.585234 -0.020266 -0.039086 0.969265 0.242047
1709436756.094491 50.189846 -85.438723 1.595041 -0.015827 -0.039248 0.972568 0.228739
1709436756.195144 50.113074 -85.378243 1.579618 -0.018856 -0.029522 0.976819 0.211181
1709436756.294380 50.041825 -85.310102 1.589290 -0.024864 -0.007233 0.981165 0.191430
1709436756.393079 49.955730 -85.238224 1.607220 -0.022209 0.018973 0.983922 0.176193
1709436756.491999 49.850165 -85.198112 1.614347 -0.020235 0.034269 0.986399 0.159481
1709436756.594490 49.767273 -85.202954 1.598277 -0.025637 0.022173 0.988670 0.146231
1709436756.693463 49.714571 -85.204806 1.603828 -0.020306 0.010673 0.990735 0.133859
1709436756.792151 49.655479 -85.222152 1.603197 -0.020702 0.005687 0.992410 0.121082
1709436756.890824 49.581468 -85.204563 1.595866 -0.014593 0.003734 0.994111 0.107319
1709436756.994640 49.540282 -85.206164 1.596230 -0.016069 0.016278 0.995646 0.090366
1709436757.094223 49.476112 -85.205702 1.601233 -0.022511 0.020322 0.995894 0.085291
1709436757.195084 49.347953 -85.203593 1.597500 -0.020875 0.015664 0.996151 0.083684
1709436757.294937 49.252198 -85.187129 1.608095 -0.020382 0.021141 0.995891 0.085672
1709436757.394799 49.143391 -85.167908 1.596798 -0.027813 0.010832 0.995296 0.092171
1709436757.494629 49.023641 -85.155046 1.597497 -0.029216 -0.000961 0.993923 0.106127
1709436757.594467 48.922176 -85.143201 1.594159 -0.024937 -0.004462 0.992252 0.121634
1709436757.693470 48.821521 -85.102362 1.592134 -0.023611 -0.002840 0.989877 0.139922
1709436757.794962 48.716644 -85.054195 1.593643 -0.025102 0.007466 0.986777 0.159956
1709436757.894365 48.635004 -84.993660 1.593607 -0.014158 0.008938 0.983153 0.182017
1709436757.993042 48.554982 -84.946667 1.589797 -0.015836 0.014204 0.980286 0.196436
1709436758.091765 48.474198 -84.893490 1.598532 -0.006096 0.023308 0.976151 0.215752
1709436758.190544 48.374928 -84.852247 1.592989 -0.015247 0.017898 0.971832 0.234497
1709436758.294958 48.282456 -84.812098 1.597872 -0.020092 0.010686 0.966891 0.254171
1709436758.393726 48.195039 -84.765778 1.601971 -0.020886 0.009901 0.961113 0.275187
1709436758.492371 48.136918 -84.725246 1.601722 -0.022166 0.012506 0.956227 0.291517
1709436758.594483 48.082879 -84.682510 1.605514 -0.020658 0.017996 0.951052 0.307814
1709436758.695118 48.027398 -84.633617 1.607512 -0.024982 0.025866 0.946524 0.320623
1709436758.794966 47.980013 -84.578297 1.609612 -0.025280 0.028830 0.941996 0.333425
1709436758.894336 47.941839 -84.535436 1.600505 -0.023676 0.029289 0.937683 0.345446
1709436758.993363 47.897102 -84.497227 1.595480 -0.023653 0.028607 0.933181 0.357485
1709436759.094493 47.868277 -84.453282 1.596688 -0.028230 0.023513 0.929399 0.367244
1709436759.194175 47.833426 -84.428230 1.603741 -0.029759 0.024384 0.926135 0.375226
1709436759.292883 47.800396 -84.398281 1.605063 -0.029953 0.027338 0.923269 0.382007
1709436759.391768 47.763426 -84.352414 1.604427 -0.028931 0.030091 0.919065 0.391889
1709436759.490300 47.718954 -84.315994 1.594723 -0.033291 0.024840 0.914894 0.401551
1709436759.594496 47.675285 -84.269547 1.591571 -0.034619 0.023857 0.909144 0.414354
1709436759.693209 47.643597 -84.223130 1.585416 -0.035111 0.027253 0.902718 0.427931
1709436759.791826 47.617174 -84.165740 1.578296 -0.034679 0.023582 0.894024 0.446051
1709436759.894798 47.588134 -84.112261 1.582147 -0.033902 0.024762 0.884769 0.464135
1709436759.994623 47.540947 -84.072457 1.580337 -0.032826 0.021070 0.875941 0.480839
1709436760.094458 47.516046 -84.035464 1.572899 -0.031867 0.015463 0.867796 0.495657
1709436760.194566 47.495071 -83.982123 1.572463 -0.032195 0.016119 0.858873 0.510922
1709436760.293786 47.451630 -83.940057 1.567548 -0.029282 0.012807 0.848650 0.527989
1709436760.394803 47.412525 -83.883191 1.560014 -0.028585 0.009649 0.837813 0.545124
1709436760.493830 47.395912 -83.832863 1.558697 -0.026925 0.007702 0.827282 0.561088
1709436760.592496 47.407723 -83.757905 1.555799 -0.026595 0.008200 0.816954 0.576031
1709436760.691360 47.407838 -83.683393 1.556742 -0.028487 0.010571 0.806948 0.589840
1709436760.794968 47.398109 -83.621170 1.565571 -0.026594 0.014721 0.795857 0.604721
1709436760.894390 47.373004 -83.561720 1.561601 -0.020732 0.012429 0.783595 0.620801
1709436760.993002 47.382811 -83.479284 1.557336 -0.017698 0.014820 0.771821 0.635420
1709436761.091659 47.363977 -83.429323 1.554137 -0.012921 0.013777 0.756015 0.654282
1709436761.195103 47.399159 -83.338777 1.549403 -0.018740 0.013601 0.741875 0.670138
1709436761.294923 47.406666 -83.269079 1.554759 -0.018432 0.014218 0.728405 0.684752
1709436761.394770 47.405050 -83.210033 1.552017 -0.019029 0.015597 0.714838 0.698858
1709436761.494614 47.428998 -83.150597 1.546615 -0.019683 0.016024 0.701897 0.711826
1709436761.594457 47.436951 -83.090503 1.555290 -0.018139 0.015881 0.690526 0.722906
1709436761.694890 47.426228 -83.024493 1.553694 -0.015626 0.021274 0.678388 0.734229
1709436761.793576 47.432624 -82.963653 1.552209 -0.013224 0.023298 0.664483 0.746823
1709436761.892239 47.462432 -82.909020 1.551876 -0.011741 0.020939 0.650162 0.759417
1709436761.991102 47.481389 -82.839922 1.547979 -0.014778 0.023086 0.637912 0.769621
1709436762.094470 47.504800 -82.771693 1.557538 -0.010198 0.028085 0.621882 0.782541
1709436762.193995 47.555974 -82.692968 1.551758 -0.009934 0.028892 0.607505 0.793728
1709436762.292646 47.585481 -82.619514 1.558303 -0.006271 0.026704 0.591965 0.805497
1709436762.391312 47.619287 -82.554250 1.545957 -0.008656 0.023084 0.581606 0.813097
1709436762.494648 47.654392 -82.487625 1.543015 -0.009274 0.020435 0.568895 0.822104
1709436762.594480 47.702397 -82.404922 1.543352 -0.009292 0.020501 0.558145 0.829438
1709436762.695134 47.735256 -82.307441 1.536797 -0.009668 0.023360 0.554743 0.831637
1709436762.794977 47.776551 -82.209374 1.533467 -0.012399 0.029424 0.555746 0.830739
1709436762.894829 47.822349 -82.097408 1.533850 -0.012429 0.030602 0.555806 0.830656
1709436762.994615 47.854629 -81.990264 1.539820 -0.006068 0.030238 0.557125 0.829856
1709436763.093352 47.919490 -81.893362 1.549327 0.002071 0.038818 0.562142 0.826127
1709436763.192117 47.964212 -81.773766 1.544334 0.003671 0.034085 0.561692 0.826636
1709436763.290980 48.000880 -81.656822 1.523077 -0.002784 0.021421 0.561234 0.827375
1709436763.394799 48.023877 -81.542634 1.520111 -0.011805 0.014616 0.563099 0.826176
1709436763.493704 48.062588 -81.441673 1.528664 -0.010040 0.018770 0.563765 0.825661
1709436763.592365 48.095477 -81.343012 1.521757 -0.017987 0.013634 0.561939 0.826871
1709436763.695096 48.140465 -81.242448 1.524069 -0.018517 0.017653 0.561680 0.826959
1709436763.794950 48.181022 -81.134073 1.519922 -0.023684 0.018705 0.560953 0.827298
1709436763.894274 48.232718 -81.015852 1.512013 -0.024323 0.019265 0.560326 0.827691
1709436763.994615 48.283965 -80.905907 1.512973 -0.021123 0.016612 0.559014 0.828722
1709436764.094459 48.329564 -80.783665 1.510740 -0.022264 0.014008 0.561020 0.827384
1709436764.195107 48.373983 -80.667716 1.512434 -0.014922 0.019790 0.560298 0.827920
1709436764.294744 48.391755 -80.550863 1.512107 -0.015617 0.015638 0.560876 0.827605
1709436764.393264 48.418165 -80.443892 1.513060 -0.015724 0.021024 0.564431 0.825063
1709436764.492088 48.429738 -80.327429 1.512719 -0.018180 0.016130 0.567475 0.823032
1709436764.591180 48.462613 -80.203661 1.509880 -0.026099 0.021616 0.568759 0.821806
1709436764.694708 48.478677 -80.098741 1.513835 -0.016576 0.018469 0.569168 0.821847
1709436764.793228 48.519246 -79.983236 1.503894 -0.018024 0.031480 0.570749 0.820323
1709436764.891869 48.572838 -79.858489 1.494825 -0.018997 0.035188 0.566707 0.822948
1709436764.990546 48.635751 -79.750162 1.488500 -0.021076 0.036124 0.565667 0.823572
1709436765.094497 48.678316 -79.631690 1.493080 -0.027177 0.036046 0.564813 0.823983
1709436765.193664 48.728358 -79.527887 1.491912 -0.026946 0.025192 0.563308 0.825423
1709436765.294991 48.804375 -79.419375 1.495086 -0.022737 0.018626 0.567863 0.822598
1709436765.394833 48.860737 -79.311609 1.498262 -0.008676 0.024958 0.567459 0.822978
1709436765.494667 48.929460 -79.198651 1.495434 -0.006279 0.035223 0.567069 0.822893
1709436765.594287 48.951622 -79.089994 1.495859 -0.006764 0.025236 0.568425 0.822320
1709436765.693277 49.004594 -78.988158 1.479114 -0.008668 0.029500 0.569188 0.821632
1709436765.792214 49.047129 -78.853263 1.478773 -0.007995 0.030600 0.568929 0.821778
1709436765.891137 49.067929 -78.739341 1.482824 -0.000550 0.024273 0.572379 0.819629
1709436765.994325 49.100643 -78.625991 1.474843 -0.010885 0.023595 0.575807 0.817173
1709436766.093036 49.122960 -78.510824 1.490511 -0.008203 0.024058 0.583564 0.811669
1709436766.191816 49.134481 -78.412466 1.486779 0.004488 0.017371 0.600077 0.799741
1709436766.290462 49.137632 -78.319799 1.482526 0.003557 0.025554 0.609199 0.792597
1709436766.394429 49.170106 -78.190928 1.480041 -0.001108 0.024633 0.619286 0.784778
1709436766.492943 49.179342 -78.080252 1.477815 0.004822 0.008027 0.624089 0.781297
1709436766.591724 49.179927 -77.956453 1.478747 -0.006863 0.018117 0.624433 0.780838
1709436766.694736 49.201906 -77.834838 1.485014 -0.007174 0.011735 0.628511 0.777679
1709436766.794573 49.252722 -77.711806 1.484086 -0.006385 0.015643 0.637115 0.770583
1709436766.894460 49.266492 -77.586142 1.485368 -0.011597 0.014065 0.648209 0.761244
1709436766.993257 49.296013 -77.474916 1.493065 -0.012222 0.024409 0.660043 0.750732
1709436767.092244 49.272810 -77.363963 1.494917 -0.014359 0.024680 0.670408 0.741443
1709436767.195134 49.261094 -77.233592 1.487002 -0.024205 0.025642 0.680604 0.731802
1709436767.293990 49.256380 -77.108628 1.478718 -0.030372 0.023354 0.688345 0.724371
1709436767.392677 49.249556 -77.003522 1.486064 -0.024867 0.026158 0.693293 0.719751
1709436767.491406 49.240199 -76.901655 1.489159 -0.018833 0.023205 0.697506 0.715955
1709436767.594461 49.229144 -76.785273 1.492661 -0.018298 0.013991 0.702038 0.711767
1709436767.693937 49.234673 -76.654844 1.477493 -0.008118 -0.001055 0.710465 0.703685
1709436767.792608 49.256266 -76.550607 1.487877 -0.002002 0.007402 0.720074 0.693855
1709436767.891250 49.239629 -76.446130 1.499144 0.001976 0.018764 0.726578 0.686825
1709436767.994614 49.226068 -76.326748 1.499654 0.000428 0.018850 0.733441 0.679492
1709436768.094464 49.195459 -76.193464 1.490599 -0.007615 0.017084 0.740450 0.671851
1709436768.194317 49.185015 -76.065977 1.479093 -0.013767 0.010756 0.746846 0.664768
1709436768.293396 49.164983 -75.946208 1.486518 -0.013388 0.018373 0.754094 0.656373
1709436768.392452 49.149383 -75.824386 1.500256 -0.011921 0.026113 0.758631 0.650887
1709436768.494635 49.125484 -75.691395 1.496415 -0.013480 0.030914 0.761125 0.647727
1709436768.593721 49.098838 -75.573305 1.492223 -0.011175 0.029719 0.766518 0.641438
1709436768.692511 49.067459 -75.453088 1.502571 -0.009223 0.036226 0.773008 0.633294
1709436768.791168 49.022264 -75.332194 1.500640 -0.012132 0.041729 0.781184 0.622786
1709436768.894790 48.993149 -75.219535 1.493330 -0.007582 0.033604 0.792218 0.609264
1709436768.993777 48.941275 -75.131622 1.484375 -0.009885 0.026381 0.802311 0.596241
1709436769.092370 48.900465 -75.005198 1.485333 -0.012017 0.025499 0.805377 0.592092
1709436769.195091 48.881528 -74.883174 1.483055 -0.007362 0.030505 0.809735 0.585956
1709436769.294962 48.847256 -74.760153 1.485380 -0.011921 0.031854 0.812979 0.581299
1709436769.394804 48.795774 -74.644581 1.486423 -0.015980 0.033997 0.816439 0.576208
1709436769.494431 48.748958 -74.533043 1.490257 -0.015206 0.038041 0.820515 0.570156
1709436769.593467 48.684225 -74.416947 1.478211 -0.012967 0.040855 0.823943 0.565049
1709436769.695079 48.623654 -74.279453 1.474323 -0.020607 0.040819 0.821170 0.568848
1709436769.794767 48.555247 -74.169971 1.473919 -0.019938 0.036510 0.823557 0.565707
1709436769.893466 48.482897 -74.056855 1.474690 -0.019443 0.039333 0.825493 0.562704
1709436769.992258 48.444587 -73.948755 1.467091 -0.012141 0.036562 0.827247 0.560517
1709436770.090996 48.404478 -73.817868 1.459107 -0.012825 0.039800 0.827665 0.559663
1709436770.194836 48.349530 -73.694787 1.448457 -0.009634 0.038653 0.827941 0.559399
1709436770.293451 48.301709 -73.587467 1.450758 -0.012396 0.033454 0.827921 0.559708
1709436770.392094 48.263671 -73.469562 1.451452 -0.012965 0.028451 0.828788 0.558688
1709436770.490728 48.236321 -73.374203 1.450537 -0.009657 0.031356 0.829075 0.558174
1709436770.594429 48.193825 -73.238513 1.445412 -0.012670 0.035166 0.829317 0.557527
1709436770.695057 48.151671 -73.132783 1.450555 -0.002229 0.029396 0.828723 0.558882
1709436770.794504 48.100902 -73.028785 1.455707 -0.010929 0.029759 0.827919 0.559951
1709436770.893582 48.058188 -72.903583 1.458630 -0.006669 0.031066 0.830174 0.556599
1709436770.992619 48.000851 -72.766490 1.461083 -0.001976 0.038431 0.828881 0.558100
1709436771.094616 47.961615 -72.629814 1.450010 -0.006203 0.035658 0.825418 0.563360
1709436771.193353 47.911237 -72.490469 1.445283 -0.007270 0.032406 0.820434 0.570776
1709436771.292201 47.874889 -72.353696 1.447497 -0.004903 0.033696 0.815272 0.578077
1709436771.395112 47.857216 -72.219848 1.445625 -0.001692 0.030780 0.810445 0.585003
1709436771.494422 47.819277 -72.106546 1.445005 -0.002346 0.031639 0.802117 0.596324
1709436771.593087 47.771349 -71.994261 1.435283 -0.007773 0.028129 0.794163 0.607004
1709436771.691782 47.729333 -71.869598 1.428573 -0.015455 0.027326 0.788205 0.614611
1709436771.790371 47.684492 -71.749137 1.433941 -0.010943 0.024947 0.780584 0.624457
1709436771.895087 47.663226 -71.605773 1.432261 -0.016085 0.027809 0.775926 0.630006
1709436771.994924 47.653596 -71.490720 1.437220 -0.006012 0.020077 0.771039 0.636444
1709436772.094757 47.623440 -71.378741 1.435295 -0.008080 0.015822 0.767030 0.641366
1709436772.193976 47.567730 -71.257462 1.423391 -0.013015 0.012553 0.767716 0.640535
1709436772.294439 47.525428 -71.140787 1.426924 -0.007002 0.012774 0.766176 0.642466
1709436772.394499 47.513599 -71.009910 1.436115 -0.009904 0.022894 0.766720 0.641497
1709436772.493235 47.480879 -70.866185 1.433506 -0.010444 0.024768 0.765723 0.642608
1709436772.592047 47.452076 -70.752769 1.434956 -0.011977 0.024305 0.770996 0.636263
1709436772.694629 47.411856 -70.628836 1.430771 -0.015136 0.020961 0.779245 0.626186
1709436772.794134 47.382565 -70.502266 1.437888 -0.009347 0.025393 0.784571 0.619448
1709436772.892771 47.372292 -70.370969 1.432391 -0.009938 0.029182 0.785218 0.618452
1709436772.991442 47.347010 -70.228676 1.423312 -0.011607 0.028110 0.784734 0.619086
1709436773.090076 47.328040 -70.106939 1.415797 -0.013438 0.026358 0.786161 0.617313
1709436773.194611 47.306130 -69.958905 1.410053 -0.021135 0.032647 0.785935 0.617084
1709436773.294450 47.288718 -69.820205 1.407397 -0.016774 0.024303 0.785897 0.617652
1709436773.395101 47.244009 -69.699460 1.407628 -0.018216 0.022924 0.786742 0.616588
1709436773.494859 47.211685 -69.584810 1.414489 -0.013592 0.024986 0.789581 0.612987
1709436773.594767 47.189798 -69.462335 1.410811 -0.008325 0.029350 0.793907 0.607274
1709436773.694323 47.140431 -69.336372 1.394645 -0.015617 0.022963 0.797250 0.603010
1709436773.793192 47.087422 -69.216643 1.385349 -0.020859 0.024182 0.799732 0.599507
1709436773.892008 47.055131 -69.091999 1.394284 -0.022901 0.030845 0.802106 0.595944
1709436773.994956 47.020979 -68.951277 1.397343 -0.016402 0.030398 0.806437 0.590310
1709436774.093989 46.980756 -68.835515 1.388530 -0.014001 0.027366 0.810933 0.584331
1709436774.192461 46.925882 -68.718013 1.377652 -0.015263 0.026787 0.816879 0.575985
1709436774.291099 46.865793 -68.608233 1.367919 -0.010436 0.024226 0.822767 0.567766
1709436774.395131 46.813569 -68.492773 1.367124 -0.012312 0.026954 0.826838 0.561659
1709436774.494980 46.767231 -68.372843 1.370723 -0.015297 0.032613 0.830279 0.556182
1709436774.594825 46.719675 -68.257891 1.367832 -0.012256 0.028064 0.833407 0.551811
1709436774.694659 46.649882 -68.136606 1.341554 -0.022593 0.020718 0.832552 0.553098
1709436774.794502 46.585351 -68.010436 1.338433 -0.023811 0.023513 0.833053 0.552180
1709436774.895126 46.530673 -67.874423 1.339528 -0.024843 0.036027 0.834073 0.549916
1709436774.993992 46.483634 -67.730948 1.334668 -0.022404 0.047234 0.831595 0.552916
1709436775.092979 46.409072 -67.599176 1.322253 -0.025795 0.040882 0.832278 0.552247
1709436775.191982 46.345523 -67.485317 1.327486 -0.025546 0.032400 0.833830 0.550477
1709436775.294483 46.293895 -67.359734 1.320406 -0.020040 0.027129 0.834609 0.549809
1709436775.393524 46.251502 -67.241163 1.320053 -0.018166 0.033856 0.834114 0.550252
1709436775.492179 46.206981 -67.138804 1.318273 -0.015889 0.029411 0.835368 0.548674
1709436775.590940 46.148280 -67.029307 1.307736 -0.017307 0.021257 0.833883 0.551260
1709436775.694660 46.112480 -66.900306 1.293707 -0.017968 0.021317 0.835709 0.548464
1709436775.794421 46.082019 -66.768154 1.289675 -0.018805 0.026435 0.835830 0.548029
1709436775.892852 46.018364 -66.646624 1.295681 -0.022264 0.026161 0.836686 0.546605
1709436775.994595 45.953876 -66.527135 1.291929 -0.025018 0.015761 0.835794 0.548246
1709436776.094440 45.899241 -66.414016 1.288272 -0.020767 0.004426 0.835826 0.548584
1709436776.195099 45.824165 -66.316028 1.279444 -0.019001 -0.000252 0.835652 0.548930
1709436776.294432 45.768483 -66.197633 1.269382 -0.024085 -0.003484 0.833510 0.551969
1709436776.393427 45.695708 -66.088001 1.269599 -0.026896 -0.001547 0.833866 0.551310
1709436776.492369 45.651588 -65.966266 1.270413 -0.028892 0.008644 0.835375 0.548852
1709436776.594450 45.616297 -65.841717 1.274916 -0.022314 0.011728 0.836452 0.547460
1709436776.693193 45.544926 -65.731771 1.269152 -0.025134 0.007903 0.834158 0.550896
1709436776.791880 45.485449 -65.621769 1.261312 -0.029352 0.002868 0.834840 0.549703
1709436776.890579 45.437239 -65.494519 1.258733 -0.028498 0.003695 0.835803 0.548277
1709436776.994617 45.372873 -65.369971 1.256388 -0.034403 0.001023 0.834121 0.550507
1709436777.093893 45.316188 -65.257936 1.255484 -0.038649 -0.001486 0.835454 0.548197
1709436777.192459 45.246254 -65.141353 1.254584 -0.036705 -0.000665 0.834974 0.549064
1709436777.294923 45.191567 -65.008404 1.254203 -0.036155 -0.001648 0.833341 0.551573
1709436777.394757 45.113399 -64.897660 1.244990 -0.036439 -0.008076 0.833134 0.551810
1709436777.494600 45.042915 -64.777089 1.233402 -0.043254 -0.001900 0.832944 0.551661
1709436777.594390 44.984314 -64.655513 1.243359 -0.036050 0.002123 0.831538 0.554292
1709436777.693427 44.948899 -64.521456 1.244642 -0.031403 0.009367 0.831672 0.554300
1709436777.794931 44.918408 -64.368551 1.242544 -0.028616 0.012325 0.828877 0.558563
1709436777.894241 44.878122 -64.240806 1.223416 -0.022751 0.006706 0.828632 0.559291
1709436777.992906 44.823933 -64.122179 1.226456 -0.025546 0.014196 0.829018 0.558457
1709436778.091632 44.790476 -63.993002 1.235902 -0.018998 0.020996 0.827117 0.561316
1709436778.195081 44.736164 -63.850374 1.223733 -0.031963 0.029033 0.824503 0.564207
1709436778.294909 44.688962 -63.741242 1.244755 -0.017454 0.025747 0.823027 0.567150
1709436778.393512 44.647566 -63.625849 1.234973 -0.018424 0.021647 0.820532 0.570893
1709436778.492123 44.608511 -63.512263 1.237211 -0.013563 0.021097 0.820481 0.571123
1709436778.594423 44.586501 -63.405099 1.238802 0.002741 0.021129 0.821205 0.570235
1709436778.695016 44.557477 -63.264019 1.230336 0.003389 0.037904 0.820066 0.571003
1709436778.794888 44.518158 -63.141619 1.228489 0.009745 0.038829 0.821291 0.569103
1709436778.894290 44.464184 -63.017736 1.226699 0.003340 0.034404 0.818564 0.573375
1709436778.993412 44.429626 -62.892578 1.235936 0.004942 0.029230 0.819331 0.572554
1709436779.094810 44.374270 -62.766190 1.229276 0.003960 0.025541 0.819024 0.573177
1709436779.193855 44.307196 -62.619113 1.224684 -0.008248 0.025871 0.818972 0.573190
1709436779.292623 44.255275 -62.489586 1.227023 -0.012572 0.026088 0.819978 0.571662
1709436779.391445 44.200241 -62.346520 1.230095 -0.018062 0.038534 0.821586 0.568494
1709436779.494954 44.146151 -62.198500 1.228476 -0.016189 0.040443 0.821650 0.568325
1709436779.594483 44.087568 -62.076506 1.213580 -0.021343 0.031021 0.821173 0.569436
1709436779.693173 44.042608 -61.957690 1.216223 -0.011362 0.017308 0.823102 0.567515
1709436779.791793 43.984394 -61.843888 1.218493 -0.012316 0.014503 0.823172 0.567473
1709436779.895115 43.940500 -61.709678 1.207420 -0.007536 0.013747 0.822216 0.568960
1709436779.994955 43.898665 -61.583196 1.193841 -0.008987 0.003279 0.820915 0.570970
1709436780.094811 43.847889 -61.442402 1.201646 -0.017509 0.014185 0.817151 0.575983
1709436780.194629 43.812771 -61.313571 1.202692 -0.014566 0.016819 0.809176 0.587144
1709436780.294478 43.790610 -61.187727 1.209181 -0.003299 0.015514 0.801215 0.598166
1709436780.394909 43.755294 -61.044541 1.204955 -0.008350 0.014473 0.790201 0.612620
1709436780.493828 43.706962 -60.901030 1.203796 -0.014575 0.008623 0.776024 0.630476
1709436780.592594 43.686608 -60.749329 1.204809 -0.017675 0.011134 0.762367 0.646808
1709436780.691177 43.667840 -60.606219 1.218320 -0.015227 0.021777 0.749358 0.661631
1709436780.789955 43.641363 -60.468758 1.219682 -0.009106 0.017386 0.737203 0.675386
1709436780.894264 43.611762 -60.314839 1.211712 -0.016765 0.014532 0.727294 0.685967
1709436780.992812 43.598032 -60.165998 1.211066 -0.017263 0.016985 0.723177 0.690238
1709436781.091470 43.573551 -60.018844 1.214088 -0.014916 0.019846 0.720989 0.692501
1709436781.194660 43.551181 -59.877479 1.206344 -0.022687 0.021967 0.720202 0.693045
1709436781.294491 43.554728 -59.729339 1.200362 -0.021595 0.022696 0.719430 0.693858
1709436781.395135 43.538811 -59.592866 1.192546 -0.018772 0.017337 0.718048 0.695524
1709436781.494964 43.526266 -59.453180 1.189462 -0.018149 0.010500 0.717440 0.696305
1709436781.594807 43.525660 -59.333361 1.190845 -0.015378 0.006768 0.718468 0.695357
1709436781.694590 43.517464 -59.219026 1.197418 -0.009292 0.007912 0.722833 0.690915
1709436781.793405 43.517113 -59.098625 1.204812 -0.008483 0.015821 0.728048 0.685291
1709436781.892202 43.504990 -58.954616 1.200945 -0.011451 0.020236 0.733141 0.679679
1709436781.991032 43.518178 -58.821366 1.207199 -0.006022 0.030555 0.735837 0.676442
1709436782.094819 43.508235 -58.652964 1.196203 -0.013688 0.033030 0.733616 0.678623
1709436782.193753 43.512900 -58.501231 1.190940 -0.016993 0.032181 0.735590 0.676449
1709436782.292327 43.516572 -58.345261 1.183495 -0.015950 0.036033 0.736675 0.675098
1709436782.390994 43.498713 -58.189998 1.178345 -0.021990 0.037549 0.735802 0.675797
1709436782.494951 43.491422 -58.030993 1.172228 -0.020165 0.033670 0.732713 0.679405
1709436782.594788 43.477582 -57.873845 1.166032 -0.019418 0.033348 0.721275 0.691573
1709436782.694623 43.477115 -57.730053 1.161561 -0.016546 0.026667 0.709989 0.703514
1709436782.794476 43.488351 -57.583530 1.153073 -0.018428 0.024072 0.699932 0.713566
1709436782.895108 43.493465 -57.436248 1.142971 -0.030992 0.031486 0.693435 0.719164
1709436782.994764 43.488246 -57.300122 1.129875 -0.033494 0.036601 0.690012 0.722096
1709436783.093694 43.481143 -57.150981 1.135032 -0.038443 0.053340 0.688929 0.721841
1709436783.192491 43.525210 -57.004607 1.129423 -0.029553 0.057733 0.684959 0.725689
1709436783.291465 43.569045 -56.869634 1.138914 -0.019656 0.040968 0.684296 0.727787
1709436783.394910 43.568802 -56.748798 1.114729 -0.013628 0.008849 0.685951 0.727467
1709436783.493598 43.542536 -56.611333 1.101740 -0.004416 0.000081 0.696312 0.717726
1709436783.592271 43.549767 -56.503465 1.119677 0.010796 0.017055 0.702168 0.711725
1709436783.690912 43.573105 -56.408713 1.129744 0.023730 0.029932 0.706066 0.707115
1709436783.794496 43.570833 -56.269755 1.133226 0.008228 0.035970 0.709247 0.703994
1709436783.893582 43.556338 -56.155925 1.122739 0.005151 0.019021 0.711067 0.702848
1709436783.994174 43.517576 -56.025824 1.111563 -0.007070 0.017023 0.713439 0.700475
1709436784.094410 43.489378 -55.903602 1.125458 -0.004724 0.015876 0.713161 0.700805
1709436784.195063 43.479421 -55.766784 1.130035 -0.003454 0.010262 0.712550 0.701538
1709436784.294200 43.477628 -55.625319 1.128453 -0.001948 0.010495 0.716339 0.697670
1709436784.392902 43.466619 -55.494193 1.131504 -0.000415 0.006067 0.724507 0.689241
1709436784.491965 43.427430 -55.360220 1.127619 -0.003806 0.009263 0.736093 0.676806
1709436784.591053 43.421480 -55.205046 1.131242 -0.005987 0.022341 0.738824 0.673501
1709436784.694555 43.384487 -55.050704 1.134183 -0.005661 0.028229 0.736807 0.675490
1709436784.793247 43.348228 -54.909012 1.136649 -0.004756 0.023071 0.735609 0.676997
1709436784.891959 43.322378 -54.783511 1.134306 -0.005347 0.019687 0.735975 0.676701
1709436784.994967 43.332566 -54.643397 1.142334 0.002826 0.027824 0.738962 0.673166
1709436785.094694 43.360810 -54.500774 1.152338 0.011902 0.036236 0.745001 0.665973
1709436785.193220 43.348285 -54.382849 1.162248 0.013228 0.027180 0.755152 0.654853
1709436785.291866 43.335255 -54.244756 1.145401 -0.000258 0.023626 0.756209 0.653904
1709436785.395136 43.321781 -54.081382 1.143400 -0.003340 0.023474 0.755480 0.654743
1709436785.494978 43.298466 -53.936445 1.132815 -0.008841 0.023572 0.754876 0.655384
1709436785.594431 43.269121 -53.788449 1.126237 -0.026982 0.021642 0.748441 0.662298
1709436785.693273 43.232331 -53.664646 1.118006 -0.025523 0.008665 0.748505 0.662581
1709436785.792340 43.220804 -53.531830 1.122480 -0.020191 0.015688 0.745011 0.666562
1709436785.895132 43.229387 -53.367684 1.126824 -0.009887 0.016767 0.733009 0.679940
1709436785.994260 43.238543 -53.218387 1.131534 -0.010366 0.032048 0.728135 0.684606
1709436786.092870 43.219827 -53.069064 1.121115 -0.014437 0.037226 0.724492 0.688125
1709436786.191506 43.208117 -52.910269 1.115598 -0.020570 0.036125 0.724160 0.688377
1709436786.290212 43.188704 -52.760222 1.110867 -0.022323 0.037833 0.725114 0.687227
1709436786.394555 43.169630 -52.617934 1.109663 -0.023389 0.030681 0.730229 0.682113
1709436786.493045 43.142655 -52.495607 1.105008 -0.015220 0.023010 0.742295 0.669505
1709436786.591641 43.117498 -52.374607 1.101565 -0.010833 0.029109 0.753040 0.657241
1709436786.694610 43.090943 -52.256483 1.107047 -0.007695 0.031523 0.763035 0.645543
1709436786.794442 43.056087 -52.131767 1.094161 -0.016132 0.026030 0.769418 0.638010
1709436786.894421 43.009722 -52.009685 1.095144 -0.015640 0.021371 0.772743 0.634167
1709436786.993321 42.982407 -51.870496 1.093902 -0.018783 0.026854 0.773196 0.633320
1709436787.092487 42.945403 -51.721069 1.091604 -0.022486 0.026076 0.771853 0.634868
1709436787.194638 42.904155 -51.564034 1.075676 -0.025577 0.024483 0.774143 0.632020
1709436787.293896 42.874446 -51.419375 1.071845 -0.024735 0.029354 0.773235 0.632956
1709436787.392635 42.857685 -51.273234 1.074768 -0.019411 0.026276 0.774009 0.632331
1709436787.491323 42.814693 -51.132874 1.070914 -0.021398 0.024642 0.774467 0.631772
1709436787.594778 42.792254 -50.998691 1.070590 -0.015011 0.018145 0.774868 0.631684
1709436787.694184 42.772886 -50.864352 1.069827 -0.016377 0.021876 0.776469 0.629563
1709436787.792815 42.755160 -50.770490 1.073974 -0.014661 0.023106 0.785476 0.618287
1709436787.891246 42.728830 -50.652135 1.071155 -0.016552 0.023982 0.794823 0.606141
1709436787.994936 42.677414 -50.530910 1.067938 -0.012219 0.018828 0.805642 0.591978
1709436788.094792 42.625087 -50.396228 1.062709 -0.016767 0.019742 0.806279 0.590968
1709436788.194499 42.593119 -50.252135 1.055728 -0.019557 0.021467 0.807115 0.589679
1709436788.293530 42.561175 -50.097822 1.058307 -0.015969 0.025414 0.806970 0.589829
1709436788.392692 42.513911 -49.966729 1.054561 -0.021044 0.027859 0.810675 0.584455
1709436788.494942 42.454716 -49.831147 1.050067 -0.020793 0.024259 0.816268 0.576790
1709436788.593677 42.412287 -49.707997 1.049888 -0.017512 0.023750 0.821289 0.569748
1709436788.692444 42.355960 -49.604910 1.051432 -0.011708 0.019571 0.825657 0.563711
1709436788.791224 42.300042 -49.479467 1.046664 -0.014814 0.013147 0.829016 0.558874
1709436788.895056 42.228119 -49.356355 1.043023 -0.010836 0.006776 0.833073 0.553016
1709436788.993584 42.163481 -49.239280 1.045095 -0.011971 0.012718 0.835677 0.548943
1709436789.092249 42.105905 -49.132132 1.043050 -0.013347 0.010412 0.838674 0.544371
1709436789.190850 42.044064 -49.016295 1.048546 -0.013670 0.007818 0.839680 0.542853
1709436789.294466 42.012139 -48.880693 1.051352 -0.001416 0.011001 0.844596 0.535289
1709436789.395107 41.949242 -48.769389 1.057443 0.002429 0.018929 0.844053 0.535920
1709436789.494322 41.883715 -48.660223 1.063427 0.005833 0.014243 0.847339 0.530830
1709436789.593362 41.821932 -48.560380 1.067779 0.010412 0.010576 0.852031 0.523282
1709436789.692437 41.743350 -48.447052 1.078364 0.005829 0.022177 0.857180 0.514506
1709436789.794482 41.680567 -48.326925 1.082263 0.013983 0.025093 0.859872 0.509701
1709436789.893528 41.604802 -48.197670 1.074229 -0.005524 0.026618 0.859819 0.509874
1709436789.992248 41.516954 -48.080798 1.079581 -0.014270 0.028307 0.863922 0.502627
1709436790.091038 41.432061 -47.979609 1.077619 -0.020452 0.021807 0.863221 0.503940
1709436790.194638 41.357921 -47.850463 1.066704 -0.030279 0.016669 0.864767 0.500982
1709436790.293339 41.284690 -47.727585 1.069593 -0.023313 0.015863 0.865927 0.499375
1709436790.391913 41.211797 -47.595930 1.069234 -0.021067 0.010157 0.863493 0.503818
1709436790.490626 41.134408 -47.465000 1.054609 -0.029037 0.010619 0.864710 0.501319
1709436790.594818 41.043665 -47.348640 1.047181 -0.029499 0.007244 0.864464 0.501777
1709436790.694674 40.978132 -47.226745 1.040659 -0.033969 0.011868 0.865836 0.499033
1709436790.794518 40.896585 -47.099798 1.044383 -0.038211 0.012961 0.858042 0.511993
1709436790.894023 40.837848 -46.965790 1.038428 -0.031247 0.015738 0.855395 0.516793
1709436790.994600 40.763346 -46.844554 1.039429 -0.032427 0.015306 0.852301 0.521821
1709436791.094436 40.688805 -46.726091 1.029569 -0.028603 0.009388 0.851556 0.523399
1709436791.193396 40.633735 -46.598659 1.032615 -0.027878 0.004109 0.852795 0.521486
1709436791.292332 40.588602 -46.478515 1.033170 -0.017154 0.001916 0.851787 0.523604
1709436791.394746 40.542686 -46.344349 1.034676 -0.017355 0.004965 0.849406 0.527431
1709436791.494278 40.489422 -46.228205 1.039079 -0.012314 0.001834 0.843138 0.537552
1709436791.592884 40.440108 -46.093300 1.041155 -0.009447 -0.002461 0.835335 0.549654
1709436791.691576 40.395743 -45.966226 1.034662 -0.017219 0.004481 0.833774 0.551819
1709436791.794740 40.362044 -45.827936 1.044733 -0.016139 0.012606 0.832024 0.554361
1709436791.894753 40.302775 -45.697895 1.041187 -0.010376 0.016077 0.831690 0.554910
1709436791.994608 40.249325 -45.560931 1.040405 -0.023209 0.020732 0.829175 0.558123
1709436792.094434 40.190306 -45.422223 1.029170 -0.025237 0.013559 0.828590 0.559123
1709436792.194585 40.146016 -45.293751 1.045291 -0.014287 0.011860 0.827558 0.561073
1709436792.294906 40.082095 -45.155660 1.044272 -0.019491 0.020419 0.821152 0.570012
1709436792.394391 40.013823 -45.025605 1.035994 -0.023312 0.021744 0.817639 0.574847
1709436792.493168 39.958386 -44.888958 1.026692 -0.028540 0.023395 0.817102 0.575311
1709436792.591969 39.906654 -44.734049 1.020926 -0.041906 0.026639 0.813531 0.579398
1709436792.695081 39.860717 -44.603243 1.024461 -0.035350 0.028894 0.813137 0.580279
1709436792.794165 39.812114 -44.473950 1.019547 -0.032898 0.028173 0.809904 0.584961
1709436792.892730 39.752985 -44.336453 1.009777 -0.028160 0.016212 0.799442 0.599863
1709436792.991390 39.721046 -44.206669 1.008089 -0.026631 0.017280 0.790969 0.611032
1709436793.089994 39.716164 -44.072549 1.016803 -0.008478 0.022234 0.785411 0.618518
1709436793.195058 39.689137 -43.949016 1.009671 -0.007639 0.016730 0.783801 0.620740
1709436793.294892 39.659882 -43.825253 1.000598 -0.017503 0.015847 0.783268 0.621236
1709436793.394727 39.640990 -43.697598 0.998894 -0.014374 0.020888 0.783373 0.621035
1709436793.494564 39.606251 -43.553551 1.003927 -0.013644 0.024244 0.781658 0.623087
1709436793.594800 39.559384 -43.421414 0.995180 -0.027646 0.018214 0.777148 0.628447
1709436793.694433 39.523907 -43.286660 0.984243 -0.022049 0.004663 0.779441 0.626070
1709436793.793213 39.502416 -43.146460 0.987315 -0.016612 0.020345 0.783913 0.620315
1709436793.892002 39.481857 -43.003977 0.997399 -0.019133 0.034702 0.781402 0.622768
1709436793.994584 39.445014 -42.870536 1.007156 -0.010242 0.035483 0.782156 0.621988
1709436794.093744 39.397800 -42.723787 1.003397 -0.014759 0.031596 0.781598 0.622807
1709436794.192342 39.364988 -42.600001 0.991537 -0.014738 0.020906 0.780524 0.624603
1709436794.291115 39.325857 -42.477628 0.986236 -0.014015 0.016938 0.782348 0.622453
1709436794.394754 39.275067 -42.322830 0.978609 -0.019654 0.027606 0.781215 0.623342
1709436794.494612 39.222790 -42.186382 0.967255 -0.032531 0.029309 0.779408 0.624985
1709436794.593094 39.192840 -42.047443 0.964516 -0.032075 0.026474 0.778502 0.626263
1709436794.695112 39.164714 -41.901508 0.965345 -0.029876 0.031976 0.778721 0.625842
1709436794.794950 39.144941 -41.770429 0.965055 -0.019130 0.036349 0.778586 0.626192
1709436794.894797 39.123198 -41.654657 0.954313 -0.015590 0.028638 0.778839 0.626376
1709436794.994150 39.102318 -41.533532 0.946100 -0.020746 0.029531 0.778455 0.626662
1709436795.093064 39.065116 -41.422405 0.945641 -0.017058 0.032288 0.778425 0.626675
1709436795.192058 39.040889 -41.303844 0.940426 -0.019710 0.033084 0.778031 0.627045
1709436795.294814 39.013859 -41.201184 0.932090 -0.025011 0.026192 0.777260 0.628136
1709436795.393484 38.984949 -41.101788 0.924059 -0.029840 0.025719 0.778604 0.626278
1709436795.492082 38.983426 -41.006696 0.931053 -0.019178 0.027992 0.779493 0.625491
1709436795.590810 38.976756 -40.924711 0.936730 -0.017938 0.029497 0.779902 0.624949
1709436795.695104 38.956702 -40.851095 0.932648 -0.019851 0.031495 0.780075 0.624577
1709436795.794180 38.935912 -40.773161 0.927624 -0.022502 0.029688 0.779863 0.624840
1709436795.892688 38.911388 -40.687959 0.923017 -0.025833 0.026213 0.779267 0.625611
1709436795.994609 38.888528 -40.604673 0.920246 -0.023528 0.022054 0.778399 0.626941
1709436796.094432 38.872185 -40.509819 0.913912 -0.022757 0.019382 0.780889 0.623954
1709436796.195072 38.853816 -40.408054 0.913357 -0.022524 0.019265 0.779959 0.625128
1709436796.294242 38.834176 -40.307949 0.912349 -0.022625 0.021117 0.779836 0.625219
1709436796.393290 38.805160 -40.210033 0.898441 -0.025494 0.016006 0.779271 0.625964
1709436796.492333 38.776819 -40.110975 0.901579 -0.022502 0.017261 0.780779 0.624164
1709436796.594440 38.756572 -39.994183 0.901549 -0.028306 0.021477 0.777145 0.628318
1709436796.693244 38.733240 -39.889432 0.896783 -0.030069 0.017721 0.778799 0.626302
1709436796.791878 38.720978 -39.783446 0.890812 -0.030362 0.018922 0.779957 0.624810
1709436796.890670 38.697456 -39.687613 0.898634 -0.020975 0.019104 0.779230 0.626096
1709436796.994592 38.666342 -39.581727 0.900606 -0.020504 0.019194 0.779650 0.625585
1709436797.093821 38.637402 -39.481046 0.895805 -0.016485 0.023585 0.780617 0.624348
1709436797.192410 38.592177 -39.391647 0.895715 -0.013516 0.021939 0.777989 0.627749
1709436797.294888 38.564287 -39.282727 0.877066 -0.016079 0.007082 0.778548 0.627339
1709436797.394720 38.538307 -39.184462 0.875622 -0.021397 0.009335 0.781661 0.623267
1709436797.494570 38.515521 -39.072945 0.880562 -0.018798 0.012031 0.780608 0.624622
1709436797.594349 38.500473 -38.971850 0.881921 -0.014023 0.020278 0.782923 0.621629
1709436797.693315 38.471547 -38.873888 0.886047 -0.012479 0.028612 0.782650 0.621678
1709436797.794511 38.439799 -38.750995 0.870080 -0.022809 0.024405 0.782554 0.621686
1709436797.894192 38.406787 -38.646625 0.864288 -0.022985 0.013799 0.784207 0.619919
1709436797.992999 38.366874 -38.542575 0.866504 -0.034143 0.019341 0.786250 0.616662
1709436798.091703 38.339420 -38.425525 0.864205 -0.036542 0.020107 0.787503 0.614898
1709436798.195054 38.295965 -38.321516 0.856008 -0.038132 0.013265 0.786714 0.615996
1709436798.294795 38.249899 -38.230619 0.850928 -0.035623 0.005366 0.787798 0.614880
1709436798.393388 38.223640 -38.136338 0.848056 -0.036503 0.000438 0.785616 0.617637
1709436798.492020 38.210742 -38.055222 0.839788 -0.037608 -0.009613 0.783908 0.619662
1709436798.594432 38.182566 -37.974968 0.825077 -0.044651 -0.020737 0.779654 0.624272
1709436798.695075 38.184260 -37.887584 0.831405 -0.038482 -0.019648 0.779881 0.624435
1709436798.794922 38.166444 -37.800892 0.835807 -0.030785 -0.008508 0.780768 0.624005
1709436798.894671 38.143995 -37.712924 0.834821 -0.030997 -0.006014 0.778656 0.626656
1709436798.993829 38.129419 -37.618634 0.840343 -0.028349 -0.002256 0.779324 0.625975
1709436799.094448 38.119950 -37.525199 0.846011 -0.020752 0.005946 0.778647 0.627091
1709436799.193919 38.117652 -37.408444 0.841993 -0.020648 0.017333 0.779867 0.625364
1709436799.292672 38.104853 -37.305119 0.845984 -0.022330 0.027703 0.777940 0.627330
1709436799.391471 38.077787 -37.199579 0.840782 -0.028720 0.026541 0.774274 0.631641
1709436799.490347 38.048996 -37.095386 0.837490 -0.034128 0.029882 0.775217 0.630065
1709436799.594280 38.027766 -36.995895 0.840195 -0.030077 0.035197 0.776085 0.628927
1709436799.692883 38.015641 -36.897682 0.834457 -0.027692 0.035590 0.776039 0.629071
1709436799.791547 37.988122 -36.825065 0.830857 -0.026103 0.029796 0.776849 0.628440
1709436799.894809 37.978452 -36.741462 0.829675 -0.014618 0.028540 0.776858 0.628859
1709436799.994647 37.983477 -36.652632 0.829749 -0.007540 0.033170 0.776858 0.628757
1709436800.094486 37.961067 -36.574886 0.823704 -0.008725 0.034483 0.775294 0.630599
1709436800.194432 37.920636 -36.487285 0.811409 -0.020221 0.031860 0.772124 0.634351
1709436800.294982 37.889767 -36.403772 0.803460 -0.027310 0.025285 0.769231 0.637886
1709436800.394807 37.860029 -36.309632 0.796457 -0.029031 0.019957 0.769023 0.638250
1709436800.493946 37.854574 -36.210771 0.809192 -0.023409 0.019584 0.769127 0.638366
1709436800.592458 37.848495 -36.146156 0.821090 -0.013422 0.029190 0.770350 0.636812
1709436800.691099 37.866714 -36.066554 0.827286 -0.001274 0.033852 0.771218 0.635669
1709436800.795009 37.863683 -35.972690 0.821434 0.008485 0.028641 0.771177 0.635920
1709436800.894155 37.859898 -35.880544 0.817489 0.008000 0.030732 0.771713 0.635178
1709436800.992809 37.843977 -35.798233 0.816758 0.010504 0.024374 0.772080 0.634970
1709436801.091346 37.816120 -35.700624 0.805221 -0.007199 0.024532 0.772695 0.634263
1709436801.194777 37.790604 -35.619981 0.812697 -0.004624 0.030896 0.777238 0.628431
1709436801.294605 37.774148 -35.521338 0.817992 -0.003126 0.038135 0.781210 0.623095
1709436801.394449 37.724495 -35.448792 0.813282 -0.007018 0.034703 0.789508 0.612719
1709436801.495090 37.664403 -35.372138 0.808776 -0.012193 0.025046 0.794885 0.606120
1709436801.594927 37.606466 -35.283890 0.792251 -0.025153 0.012974 0.797099 0.603185
1709436801.694728 37.564200 -35.204630 0.784794 -0.027166 0.001874 0.803941 0.594086
1709436801.793495 37.536906 -35.113168 0.790076 -0.026135 0.011216 0.811581 0.583548
1709436801.892264 37.509793 -35.020651 0.791418 -0.019123 0.027569 0.815577 0.577676
1709436801.991300 37.465190 -34.923351 0.787220 -0.031652 0.036939 0.818272 0.572769
1709436802.094916 37.441753 -34.835010 0.776833 -0.032673 0.032460 0.823396 0.565595
1709436802.193583 37.404779 -34.758271 0.773739 -0.038601 0.030873 0.829087 0.556930
1709436802.292263 37.357260 -34.680929 0.775654 -0.035644 0.030664 0.831864 0.552984
1709436802.391021 37.322554 -34.610232 0.782496 -0.023054 0.020441 0.837166 0.546081
1709436802.494655 37.309540 -34.538518 0.796257 -0.004966 0.022505 0.838635 0.544206
1709436802.594505 37.304684 -34.447514 0.799221 0.007505 0.036960 0.839071 0.542713
1709436802.695151 37.286347 -34.353186 0.797250 0.015097 0.044122 0.838938 0.542225
1709436802.794997 37.239933 -34.276691 0.786577 0.010735 0.039244 0.839448 0.541916
1709436802.894837 37.196227 -34.192574 0.786099 0.005129 0.027350 0.837408 0.545870
1709436802.994392 37.133529 -34.117319 0.772978 -0.010735 0.013737 0.834760 0.550339
1709436803.093381 37.091632 -34.028605 0.767920 -0.022615 0.017362 0.834428 0.550380
1709436803.192127 37.067499 -33.936391 0.775265 -0.013115 0.033456 0.834691 0.549545
1709436803.290879 37.061839 -33.844218 0.789279 0.004410 0.043057 0.834198 0.549764
1709436803.394442 37.011102 -33.770113 0.787477 0.000599 0.040233 0.832726 0.552222
1709436803.493471 36.958404 -33.701798 0.781410 -0.004958 0.026833 0.832454 0.553422
1709436803.592125 36.919539 -33.626356 0.777718 -0.006257 0.025024 0.834379 0.550587
1709436803.690751 36.897384 -33.531515 0.781238 -0.004296 0.038956 0.836224 0.546986
1709436803.794566 36.853545 -33.414227 0.780263 0.000134 0.053558 0.834566 0.548299
1709436803.894506 36.789471 -33.314600 0.770363 -0.016435 0.056505 0.833018 0.550107
1709436803.994659 36.742633 -33.231617 0.772884 -0.014639 0.050357 0.834918 0.547870
1709436804.094520 36.704992 -33.139098 0.771658 -0.012305 0.044458 0.833041 0.551284
1709436804.194734 36.647308 -33.059872 0.762396 -0.019068 0.036699 0.832136 0.553027
1709436804.294418 36.605894 -32.962307 0.753961 -0.014744 0.029625 0.834151 0.550543
1709436804.393102 36.579739 -32.881859 0.754843 -0.004949 0.029714 0.834825 0.549691
1709436804.492505 36.540633 -32.791784 0.759639 -0.003173 0.028864 0.833409 0.551893
1709436804.594905 36.506190 -32.702394 0.752296 -0.014664 0.028955 0.832711 0.552757
1709436804.694425 36.460409 -32.619064 0.743317 -0.017691 0.029922 0.833286 0.551748
1709436804.793130 36.424055 -32.534807 0.741301 -0.010564 0.029741 0.832976 0.552408
1709436804.891670 36.390169 -32.446033 0.729810 -0.026728 0.035322 0.829093 0.557353
1709436804.990315 36.346850 -32.352379 0.730002 -0.031843 0.037660 0.829063 0.556976
1709436805.094496 36.311356 -32.251713 0.739957 -0.028717 0.045352 0.829894 0.555332
1709436805.193975 36.283295 -32.165228 0.740903 -0.016900 0.046840 0.828825 0.557287
1709436805.294974 36.233114 -32.068616 0.721175 -0.025127 0.039591 0.827115 0.560073
1709436805.394830 36.191476 -31.974364 0.710930 -0.028427 0.036916 0.828396 0.558201
1709436805.494665 36.175001 -31.898112 0.714120 -0.014478 0.033624 0.828847 0.558276
1709436805.594482 36.145529 -31.795581 0.710200 -0.024230 0.045508 0.828126 0.558165
1709436805.693677 36.103280 -31.705191 0.710419 -0.030256 0.048947 0.828010 0.557753
1709436805.792511 36.058943 -31.602076 0.704971 -0.033489 0.045369 0.827279 0.558955
1709436805.894444 36.018669 -31.518922 0.698567 -0.027198 0.040381 0.826976 0.560125
1709436805.993965 35.990776 -31.410265 0.693560 -0.029027 0.040708 0.825453 0.562252
1709436806.092737 35.962163 -31.321837 0.686093 -0.017189 0.030733 0.825878 0.562748
1709436806.191514 35.916534 -31.255641 0.682807 -0.012390 0.024642 0.826708 0.561954
1709436806.294626 35.883567 -31.171232 0.680930 -0.006216 0.021640 0.826346 0.562713
1709436806.394270 35.851119 -31.072121 0.683195 -0.009208 0.026513 0.825293 0.564006
1709436806.492856 35.835443 -30.992710 0.680237 -0.003200 0.029274 0.827178 0.561167
1709436806.594718 35.805055 -30.889383 0.692842 -0.000562 0.040004 0.826739 0.561162
1709436806.694761 35.777313 -30.809249 0.695056 0.003579 0.030476 0.825204 0.564001
1709436806.794583 35.725462 -30.734527 0.689501 0.004749 0.016846 0.819281 0.573125
1709436806.893992 35.686809 -30.651607 0.694673 0.008043 0.014380 0.816829 0.576644
1709436806.993020 35.669073 -30.550145 0.697799 0.014442 0.021513 0.813681 0.580735
1709436807.092290 35.637989 -30.456224 0.688957 0.014134 0.015373 0.807744 0.589163
1709436807.195111 35.571988 -30.368244 0.680877 -0.000069 0.016256 0.806030 0.591651
1709436807.293900 35.529216 -30.269771 0.682348 -0.006315 0.023394 0.801554 0.597431
1709436807.392491 35.494854 -30.169495 0.686919 -0.014039 0.036404 0.800074 0.598631
1709436807.491156 35.457912 -30.070531 0.691999 -0.013985 0.044272 0.798876 0.599701
1709436807.594473 35.430197 -29.970360 0.683509 -0.023322 0.042660 0.796655 0.602476
1709436807.694461 35.388122 -29.886896 0.673000 -0.027008 0.026016 0.796499 0.603476
1709436807.792637 35.342665 -29.801202 0.647923 -0.043789 0.016907 0.795772 0.603775
1709436807.891214 35.305578 -29.713729 0.649858 -0.041125 0.011125 0.794164 0.606209
1709436807.994643 35.303995 -29.631279 0.656970 -0.026884 0.020096 0.798235 0.601411
1709436808.094485 35.291110 -29.524563 0.662494 -0.020710 0.033844 0.797635 0.601834
1709436808.194534 35.266936 -29.406460 0.651320 -0.023775 0.035987 0.794890 0.605218
1709436808.293658 35.232345 -29.295370 0.636454 -0.029808 0.030383 0.793638 0.606899
1709436808.392783 35.216413 -29.195927 0.630346 -0.031093 0.015346 0.792873 0.608400
1709436808.494633 35.193036 -29.088705 0.642560 -0.029475 0.021938 0.790681 0.611125
1709436808.593499 35.179433 -28.981536 0.649420 -0.016947 0.029925 0.789471 0.612824
1709436808.692233 35.158029 -28.874620 0.645730 -0.012923 0.035323 0.789976 0.611983
1709436808.791075 35.128047 -28.760393 0.635740 -0.010461 0.023312 0.787509 0.615773
1709436808.894765 35.067528 -28.685214 0.627857 -0.011200 0.001654 0.787720 0.615929
1709436808.993434 35.042288 -28.602382 0.627772 -0.011420 0.005510 0.791849 0.610586
1709436809.092037 35.020359 -28.499089 0.642053 0.000777 0.017257 0.790242 0.612552
1709436809.190610 34.998317 -28.404431 0.650970 0.009131 0.015324 0.789857 0.613032
1709436809.294965 34.940302 -28.305323 0.647389 0.005362 0.010952 0.788406 0.615035
1709436809.394816 34.895577 -28.197917 0.641455 -0.011850 0.013764 0.790947 0.611616
1709436809.494531 34.881632 -28.082522 0.645862 -0.006342 0.015270 0.793315 0.608587
1709436809.593789 34.857598 -27.972107 0.649313 -0.002362 0.022466 0.795688 0.605286
1709436809.695147 34.824857 -27.850399 0.654602 -0.005160 0.031981 0.792180 0.609427
1709436809.794633 34.810888 -27.737356 0.650277 -0.012751 0.031313 0.793073 0.608188
1709436809.893435 34.783691 -27.637096 0.637599 -0.012937 0.018501 0.792139 0.609923
1709436809.992196 34.749945 -27.533936 0.638914 -0.017896 0.016467 0.794071 0.607338
1709436810.090963 34.707856 -27.422785 0.634379 -0.018807 0.024303 0.794897 0.605966
1709436810.194640 34.691870 -27.289404 0.647086 -0.009957 0.038718 0.796256 0.603637
1709436810.293232 34.684572 -27.189545 0.649101 -0.007122 0.040619 0.794334 0.606080
1709436810.391804 34.651823 -27.100226 0.648145 -0.006202 0.034078 0.795026 0.605586
1709436810.490473 34.624173 -27.012239 0.646767 -0.005901 0.029085 0.794505 0.606531
1709436810.594489 34.604333 -26.916930 0.640358 -0.000695 0.025155 0.794362 0.606923
1709436810.695128 34.577142 -26.834701 0.640344 0.001867 0.025679 0.794359 0.606902
1709436810.794713 34.532011 -26.746135 0.634019 -0.003743 0.024584 0.794303 0.607013
1709436810.893824 34.497208 -26.652775 0.632359 -0.005034 0.025173 0.794933 0.606154
1709436810.994648 34.466517 -26.554048 0.641315 -0.010647 0.037415 0.796437 0.603470
1709436811.094370 34.441334 -26.469427 0.638772 -0.011840 0.037646 0.801991 0.596032
1709436811.193115 34.425948 -26.374857 0.640957 -0.013741 0.040642 0.807811 0.587878
1709436811.291926 34.386321 -26.289324 0.636614 -0.015030 0.040393 0.813674 0.579722
1709436811.394778 34.351163 -26.213120 0.636722 -0.008843 0.035820 0.819944 0.571253
1709436811.494251 34.313349 -26.136930 0.635833 -0.000788 0.028397 0.823530 0.566561
1709436811.593030 34.297098 -26.068839 0.643652 0.003956 0.028931 0.822295 0.568312
1709436811.691463 34.267734 -25.992192 0.637876 0.008051 0.018753 0.821914 0.569246
1709436811.794561 34.254302 -25.899534 0.631415 -0.002253 0.017378 0.820506 0.571369
1709436811.894770 34.236938 -25.793501 0.627375 -0.001902 0.024376 0.817290 0.575708
1709436811.994588 34.223817 -25.673256 0.635531 0.001484 0.039759 0.810552 0.584314
1709436812.094428 34.195732 -25.568151 0.635035 -0.008861 0.042379 0.805554 0.590938
1709436812.195070 34.164213 -25.471151 0.641954 -0.007621 0.046926 0.806507 0.589310
1709436812.294921 34.121561 -25.387086 0.636861 -0.014468 0.048230 0.806052 0.589699
1709436812.394181 34.084976 -25.288863 0.625697 -0.016331 0.041693 0.805165 0.591358
1709436812.493068 34.058141 -25.193295 0.618029 -0.009871 0.038452 0.805364 0.591450
1709436812.591933 34.030850 -25.101836 0.617893 -0.015117 0.037271 0.804177 0.593027
1709436812.695057 33.989832 -25.027182 0.610561 -0.014218 0.028826 0.804364 0.593267
1709436812.793988 33.961090 -24.939643 0.611170 -0.013810 0.035466 0.804069 0.593317
1709436812.892619 33.924377 -24.852820 0.605201 -0.010665 0.034348 0.805037 0.592133
1709436812.991509 33.904924 -24.759348 0.601874 -0.011833 0.035988 0.804253 0.593079
1709436813.094393 33.867046 -24.669766 0.599408 -0.013706 0.034166 0.805232 0.591815
1709436813.195087 33.830079 -24.575758 0.594622 -0.019007 0.031859 0.804976 0.592146
1709436813.294928 33.791583 -24.501886 0.607032 -0.013794 0.037141 0.805141 0.591759
1709436813.394758 33.751580 -24.414464 0.610195 -0.011522 0.043566 0.805435 0.590968
1709436813.494576 33.729739 -24.337591 0.607959 -0.007956 0.037455 0.804590 0.592595
1709436813.594408 33.692375 -24.262610 0.598317 -0.009575 0.029538 0.805112 0.592310
1709436813.694215 33.656741 -24.192317 0.593027 -0.012093 0.029330 0.802907 0.595259
1709436813.793206 33.627635 -24.126427 0.593519 -0.008152 0.021237 0.803322 0.595110
1709436813.892137 33.619960 -24.038541 0.598329 -0.005306 0.026324 0.804230 0.593711
1709436813.994536 33.603917 -23.949721 0.594203 -0.003567 0.025024 0.804073 0.593993
1709436814.093693 33.573559 -23.871933 0.589623 -0.011352 0.020584 0.803266 0.595157
1709436814.192489 33.546628 -23.805348 0.591541 -0.011824 0.021490 0.803556 0.594724
1709436814.291001 33.524538 -23.723366 0.591108 -0.007434 0.028345 0.804957 0.592609
1709436814.395112 33.512174 -23.624094 0.600210 -0.002744 0.034904 0.804397 0.593059
1709436814.494786 33.492750 -23.533268 0.597450 -0.008299 0.035055 0.804619 0.592698
1709436814.594796 33.452471 -23.463687 0.593013 -0.007785 0.024034 0.803273 0.595075
1709436814.694635 33.411640 -23.389127 0.588551 -0.008034 0.016362 0.803612 0.594875
1709436814.794486 33.390818 -23.293184 0.594715 -0.008011 0.024316 0.804911 0.592842
1709436814.895128 33.363585 -23.220417 0.608167 0.011955 0.016828 0.805311 0.592493
1709436814.994341 33.332411 -23.137452 0.604485 0.003243 0.019203 0.803943 0.594388
1709436815.093326 33.295432 -23.047355 0.597809 -0.001569 0.014956 0.804175 0.594202
1709436815.192233 33.262326 -22.955602 0.599962 -0.009078 0.021865 0.804807 0.593065
1709436815.294462 33.233123 -22.849558 0.593614 -0.012825 0.026388 0.804250 0.593567
1709436815.393573 33.227823 -22.753462 0.599430 -0.010220 0.030779 0.804916 0.592502
1709436815.492059 33.191911 -22.663250 0.606608 -0.016966 0.035884 0.803886 0.593458
1709436815.590703 33.174076 -22.588656 0.601870 -0.017744 0.024727 0.804419 0.593282
1709436815.694623 33.130699 -22.513144 0.594562 -0.016025 0.017132 0.805065 0.592722
1709436815.794109 33.096774 -22.422655 0.593106 -0.014659 0.021587 0.804037 0.594006
1709436815.892570 33.066953 -22.328899 0.573988 -0.023776 0.021839 0.803996 0.593758
1709436815.994919 33.043333 -22.231544 0.572481 -0.026555 0.032521 0.804159 0.592930
1709436816.094765 32.994321 -22.144337 0.575738 -0.034082 0.039256 0.804242 0.592023
1709436816.194609 32.947041 -22.050713 0.566843 -0.036784 0.032415 0.803127 0.593787
1709436816.294075 32.925471 -21.964630 0.572865 -0.037598 0.034337 0.804030 0.592404
1709436816.393028 32.869481 -21.877978 0.572028 -0.036148 0.040598 0.804251 0.591798
1709436816.494939 32.851457 -21.808675 0.572006 -0.015268 0.030894 0.805998 0.590914
1709436816.594559 32.843835 -21.727975 0.570183 -0.008402 0.020230 0.804393 0.593693
1709436816.693054 32.804189 -21.645158 0.560154 -0.015476 0.009333 0.803804 0.594620
1709436816.791617 32.782117 -21.565028 0.561605 -0.010689 0.005268 0.806041 0.591740
1709436816.890331 32.768569 -21.477531 0.570462 0.000929 0.010412 0.806675 0.590903
1709436816.994966 32.730476 -21.367272 0.568143 0.001049 0.007615 0.804084 0.594466
1709436817.093856 32.689376 -21.284215 0.567764 -0.002344 0.001308 0.803460 0.595353
1709436817.192369 32.658675 -21.183049 0.561545 -0.006815 0.001875 0.803691 0.595005
1709436817.294484 32.612100 -21.074355 0.560290 -0.015950 0.010751 0.801363 0.597869
1709436817.395111 32.598539 -20.972314 0.564710 -0.013183 0.003435 0.802752 0.596158
1709436817.494945 32.561471 -20.866068 0.567511 -0.019060 0.007938 0.801233 0.597996
1709436817.594461 32.546068 -20.758027 0.574888 -0.019728 0.015614 0.801179 0.597896
1709436817.693440 32.523059 -20.644534 0.575092 -0.021382 0.021537 0.800301 0.598830
1709436817.794481 32.488688 -20.544074 0.572929 -0.013012 0.021872 0.799436 0.600211
1709436817.894248 32.459824 -20.427987 0.564017 -0.029159 0.022954 0.796779 0.603130
1709436817.992872 32.441490 -20.324890 0.558768 -0.029791 0.018802 0.796655 0.603406
1709436818.091551 32.433667 -20.236964 0.570690 -0.021516 0.025904 0.798457 0.601110
1709436818.190421 32.407605 -20.138564 0.564646 -0.021161 0.027513 0.796384 0.603795
1709436818.294468 32.365364 -20.050901 0.551188 -0.030141 0.017433 0.796962 0.603025
1709436818.393254 32.352227 -19.962631 0.563377 -0.025917 0.016479 0.797260 0.602854
1709436818.491899 32.336475 -19.882066 0.568158 -0.013847 0.017297 0.797384 0.603066
1709436818.594793 32.315867 -19.791381 0.563438 -0.013299 0.016865 0.796607 0.604115
1709436818.694635 32.271478 -19.702109 0.559963 -0.016125 0.014794 0.795422 0.605660
1709436818.794474 32.228063 -19.596393 0.545207 -0.022660 0.015337 0.793505 0.607949
1709436818.894626 32.177748 -19.498348 0.533657 -0.030344 0.010326 0.793507 0.607716
1709436818.993537 32.134891 -19.395063 0.532458 -0.039094 0.027361 0.796107 0.603272
1709436819.094814 32.095786 -19.278106 0.540000 -0.038955 0.039764 0.793865 0.605540
1709436819.194006 32.058344 -19.173021 0.550354 -0.031516 0.040689 0.794636 0.604900
1709436819.292718 32.010668 -19.079571 0.546938 -0.026403 0.042115 0.793629 0.606368
1709436819.391360 31.986582 -19.006868 0.546898 -0.014633 0.034773 0.799777 0.599111
1709436819.494953 31.964185 -18.926758 0.536720 -0.010255 0.030850 0.809402 0.586355
1709436819.594339 31.939535 -18.860683 0.539835 -0.003195 0.028724 0.819204 0.572774
1709436819.692917 31.891955 -18.798519 0.538950 -0.009444 0.025679 0.825813 0.563281
1709436819.791550 31.851736 -18.722844 0.534860 -0.010565 0.027520 0.828898 0.558622
1709436819.895126 31.815853 -18.640882 0.538109 -0.005172 0.031691 0.831727 0.554255
1709436819.994985 31.777029 -18.545318 0.529757 -0.013314 0.031204 0.830313 0.556263
1709436820.094836 31.733041 -18.446186 0.527886 -0.011900 0.023132 0.830542 0.556348
1709436820.194672 31.695738 -18.352848 0.536619 -0.011813 0.026241 0.832477 0.553311
1709436820.294507 31.681567 -18.264285 0.545790 -0.004209 0.031077 0.833281 0.551959
1709436820.394736 31.652688 -18.149647 0.544758 -0.007784 0.038251 0.831348 0.554380
1709436820.493510 31.611489 -18.068352 0.542512 -0.002696 0.030703 0.833794 0.551214
1709436820.592223 31.577953 -17.970651 0.542327 0.001929 0.034382 0.834406 0.550073
1709436820.691116 31.541760 -17.877299 0.539100 -0.005865 0.042544 0.833277 0.551184
1709436820.794485 31.492122 -17.790828 0.531715 -0.013451 0.032214 0.833733 0.551063
1709436820.893973 31.440365 -17.698204 0.526813 -0.012830 0.024156 0.834596 0.550183
1709436820.992584 31.416922 -17.604170 0.530876 -0.011213 0.029143 0.834139 0.550670
1709436821.091224 31.379624 -17.507219 0.523728 -0.015126 0.028355 0.834579 0.549950
1709436821.194629 31.348170 -17.419150 0.520928 -0.013519 0.025415 0.834199 0.550711
1709436821.294444 31.305182 -17.326114 0.518132 -0.014952 0.021547 0.833477 0.551932
1709436821.395111 31.260190 -17.224559 0.509512 -0.023319 0.023017 0.831693 0.554268
1709436821.494961 31.212055 -17.131989 0.514410 -0.021814 0.026443 0.831913 0.553846
1709436821.594811 31.185736 -17.034601 0.519211 -0.015522 0.030851 0.831811 0.553983
1709436821.694628 31.154269 -16.950544 0.520221 -0.014080 0.029825 0.831802 0.554092
1709436821.793449 31.114958 -16.866118 0.517055 -0.016679 0.031532 0.830880 0.555307
1709436821.892391 31.084911 -16.776481 0.513681 -0.016813 0.038009 0.831046 0.554649
1709436821.991123 31.061037 -16.687677 0.515582 -0.006088 0.042677 0.832224 0.552762
1709436822.094800 31.000700 -16.581509 0.512042 -0.010924 0.042052 0.830955 0.554641
1709436822.193611 30.940040 -16.505749 0.512975 -0.016182 0.035508 0.829617 0.556968
1709436822.292253 30.881749 -16.427051 0.494464 -0.025715 0.024434 0.829620 0.557201
1709436822.395138 30.838688 -16.342767 0.487288 -0.027174 0.027386 0.830333 0.555931
1709436822.494956 30.812916 -16.240320 0.491194 -0.021279 0.039089 0.830075 0.555874
1709436822.594743 30.787202 -16.158191 0.488079 -0.023796 0.037831 0.831688 0.553442
1709436822.694616 30.760729 -16.080691 0.488412 -0.020164 0.035728 0.831298 0.554311
1709436822.794458 30.732799 -16.004420 0.494454 -0.021077 0.038275 0.830210 0.555736
1709436822.895087 30.705159 -15.935065 0.490615 -0.013570 0.028006 0.830297 0.556451
1709436822.994411 30.676005 -15.863637 0.481891 -0.011425 0.026273 0.828635 0.559055
1709436823.093167 30.654493 -15.779985 0.481276 -0.005462 0.021472 0.826558 0.562415
1709436823.192136 30.618393 -15.709076 0.467963 -0.007766 0.013642 0.823389 0.567260
1709436823.290906 30.591247 -15.637219 0.477185 -0.006210 0.004518 0.825130 0.564890
1709436823.394804 30.552257 -15.565742 0.476919 -0.001518 0.011355 0.826934 0.562183
1709436823.493409 30.542659 -15.484077 0.489542 0.001369 0.028386 0.826717 0.561900
1709436823.592077 30.524516 -15.417499 0.492406 0.005842 0.034332 0.830124 0.556490
1709436823.690747 30.503312 -15.331170 0.497355 0.013423 0.045193 0.831832 0.553021
1709436823.794464 30.478518 -15.226796 0.493769 0.004416 0.058542 0.831585 0.552285
1709436823.894490 30.435919 -15.136586 0.488980 -0.001895 0.057481 0.830539 0.553984
1709436823.994953 30.371233 -15.058893 0.482614 -0.017641 0.051036 0.830678 0.554128
1709436824.094795 30.346898 -14.970619 0.479641 -0.016482 0.048869 0.830933 0.553977
1709436824.194634 30.303830 -14.883660 0.475338 -0.027649 0.049621 0.827314 0.558860
1709436824.294469 30.267677 -14.810146 0.470896 -0.027426 0.038595 0.827825 0.558985
1709436824.393411 30.237231 -14.743087 0.464738 -0.018769 0.030759 0.829300 0.557641
1709436824.492504 30.190363 -14.656873 0.451681 -0.034656 0.039073 0.828170 0.558038
1709436824.594801 30.147815 -14.587582 0.453622 -0.027077 0.034269 0.829479 0.556828
1709436824.694223 30.123092 -14.506754 0.450710 -0.027063 0.042409 0.827797 0.558767
1709436824.792952 30.112418 -14.452257 0.447028 -0.019456 0.038252 0.830542 0.555301
1709436824.891622 30.095782 -14.371871 0.451632 -0.014612 0.046340 0.830718 0.554569
1709436824.994957 30.069502 -14.293766 0.452681 -0.015286 0.047667 0.829161 0.556763
1709436825.094656 30.033525 -14.223590 0.444498 -0.010461 0.041296 0.828254 0.558731
1709436825.194309 29.999828 -14.146813 0.421563 -0.012166 0.030698 0.826213 0.562390
1709436825.291959 29.974268 -14.077786 0.422380 -0.021751 0.030177 0.828823 0.558273
1709436825.395120 29.934561 -14.002940 0.425200 -0.017291 0.034434 0.827240 0.560526
1709436825.494959 29.893570 -13.923544 0.420666 -0.022713 0.041410 0.826806 0.560501
1709436825.594452 29.860514 -13.835176 0.415931 -0.022951 0.043820 0.827239 0.559668
1709436825.693519 29.825849 -13.751750 0.416970 -0.024887 0.048484 0.827941 0.558161
1709436825.792452 29.786535 -13.664356 0.416522 -0.018571 0.049384 0.829593 0.555871
1709436825.895108 29.761278 -13.593629 0.414151 -0.010954 0.046048 0.828420 0.558104
1709436825.994003 29.729911 -13.518765 0.408650 -0.015133 0.043334 0.828012 0.558829
1709436826.092731 29.708430 -13.452998 0.410694 -0.009393 0.038828 0.828915 0.557946
1709436826.191446 29.675445 -13.378443 0.399909 -0.011890 0.036900 0.828512 0.558627
1709436826.294475 29.635941 -13.296283 0.393354 -0.014892 0.031994 0.827265 0.560702
1709436826.394279 29.602376 -13.219459 0.378088 -0.022889 0.024536 0.824352 0.565083
1709436826.492899 29.578217 -13.135657 0.375104 -0.032016 0.026182 0.825733 0.562543
1709436826.591584 29.560274 -13.047367 0.387787 -0.025406 0.043626 0.826371 0.560859
1709436826.694622 29.537982 -12.957025 0.392597 -0.018452 0.059852 0.824337 0.562624
1709436826.794475 29.500699 -12.872051 0.375851 -0.030828 0.059959 0.824284 0.562148
1709436826.894664 29.456612 -12.784987 0.375084 -0.028908 0.052313 0.824859 0.562171
1709436826.993608 29.410463 -12.706795 0.371610 -0.024237 0.051947 0.827556 0.558449
1709436827.092524 29.386826 -12.617330 0.374392 -0.012728 0.052187 0.827140 0.559423
1709436827.194620 29.356095 -12.542986 0.366139 -0.011595 0.050484 0.827204 0.559510
1709436827.293651 29.313083 -12.479255 0.357425 -0.017493 0.045618 0.828436 0.557948
1709436827.392437 29.268130 -12.417557 0.344551 -0.020371 0.030812 0.829241 0.557670
1709436827.491324 29.225807 -12.363735 0.344687 -0.009123 0.015868 0.829875 0.557649
1709436827.594783 29.197314 -12.294139 0.348865 -0.013406 0.023090 0.827387 0.560997
1709436827.693767 29.155112 -12.243351 0.337211 -0.012998 0.016247 0.829364 0.558321
1709436827.792529 29.132404 -12.166630 0.339391 -0.012669 0.020808 0.832233 0.553891
1709436827.895057 29.105758 -12.084207 0.345324 -0.001278 0.023213 0.831422 0.555155
1709436827.994972 29.061038 -12.002603 0.337487 0.000067 0.011782 0.828347 0.560091
1709436828.094816 29.002173 -11.924151 0.326266 -0.013122 -0.000656 0.830547 0.556794
1709436828.194640 28.974586 -11.849054 0.331993 -0.019737 0.012964 0.831300 0.555323
1709436828.293887 28.945419 -11.769088 0.328723 -0.015136 0.021603 0.832144 0.553932
1709436828.395132 28.898582 -11.675690 0.325786 -0.023009 0.021760 0.829322 0.557872
1709436828.494866 28.856104 -11.598241 0.316468 -0.022389 0.011769 0.831343 0.555184
1709436828.593509 28.822459 -11.504170 0.322885 -0.027520 0.019881 0.831970 0.553782
1709436828.692225 28.789318 -11.406016 0.318673 -0.030141 0.022562 0.831888 0.553666
1709436828.790983 28.736200 -11.307575 0.304838 -0.039906 0.021141 0.830731 0.554839
1709436828.895010 28.668282 -11.221403 0.287361 -0.045426 0.009122 0.830848 0.554567
1709436828.993811 28.634729 -11.126797 0.290101 -0.049168 0.025511 0.834731 0.547865
1709436829.092577 28.602882 -11.041953 0.301709 -0.035641 0.033469 0.834917 0.548200
1709436829.194623 28.579577 -10.970998 0.313663 -0.017734 0.028460 0.835715 0.548138
1709436829.294484 28.564928 -10.892871 0.310863 -0.011128 0.028938 0.834259 0.550500
1709436829.395127 28.534055 -10.815781 0.297389 -0.011015 0.016020 0.834969 0.549954
1709436829.494952 28.480880 -10.755341 0.279766 -0.013108 0.002676 0.833589 0.552223
1709436829.593903 28.448011 -10.678133 0.270563 -0.018537 0.004033 0.834393 0.550844
1709436829.694665 28.400323 -10.581782 0.258410 -0.033878 0.003368 0.834848 0.549427
1709436829.794495 28.374588 -10.499904 0.266005 -0.043422 0.009688 0.839232 0.541951
1709436829.893292 28.370680 -10.418713 0.296683 -0.030493 0.026733 0.834906 0.548897
1709436829.992158 28.386638 -10.343578 0.311381 -0.003396 0.036828 0.835015 0.548983
1709436830.090911 28.363825 -10.260254 0.305478 -0.008548 0.042583 0.832086 0.552943
1709436830.194658 28.325893 -10.178471 0.290991 -0.010720 0.033287 0.832206 0.553363
1709436830.293386 28.275882 -10.105695 0.272525 -0.015073 0.013681 0.828147 0.560141
1709436830.391702 28.220122 -10.035277 0.243436 -0.029362 -0.016571 0.827581 0.560333
1709436830.490558 28.175476 -9.951307 0.255584 -0.043740 -0.006003 0.832813 0.551791
1709436830.594808 28.161277 -9.874790 0.271939 -0.037454 0.012750 0.832700 0.552308
1709436830.694653 28.176212 -9.808479 0.290571 -0.008274 0.028613 0.836642 0.546940
1709436830.794477 28.158226 -9.735161 0.298192 0.003390 0.043213 0.831886 0.553251
1709436830.893845 28.115895 -9.657242 0.291335 0.001035 0.044047 0.829335 0.557011
1709436830.994989 28.072259 -9.590086 0.274844 0.002984 0.027845 0.828546 0.559221
1709436831.094555 28.013301 -9.529104 0.264200 -0.002965 0.014590 0.827933 0.560630
1709436831.193369 27.971894 -9.453608 0.269822 -0.004472 0.016676 0.828894 0.559139
1709436831.292162 27.934549 -9.363361 0.278714 -0.001108 0.027212 0.829528 0.557801
1709436831.394749 27.882569 -9.263797 0.281514 -0.003961 0.039211 0.830986 0.554896
1709436831.494227 27.854922 -9.178697 0.293984 0.004664 0.044801 0.832959 0.551499
1709436831.592859 27.805432 -9.094287 0.292775 0.005253 0.045044 0.831671 0.553413
1709436831.695034 27.761025 -9.004107 0.282203 -0.000458 0.039914 0.831863 0.553544
1709436831.794903 27.715871 -8.917123 0.276691 -0.006886 0.035016 0.831027 0.555086
1709436831.894756 27.671211 -8.833625 0.266010 -0.004233 0.023955 0.830003 0.557228
1709436831.994584 27.621268 -8.762555 0.258974 -0.008876 0.017226 0.828900 0.559061
1709436832.094821 27.568869 -8.670239 0.245680 -0.026077 0.021886 0.829539 0.557410
1709436832.194651 27.547244 -8.569695 0.255133 -0.019935 0.027209 0.828690 0.558690
1709436832.294492 27.543356 -8.472162 0.263947 -0.017959 0.037091 0.828946 0.557808
1709436832.394146 27.515122 -8.384571 0.260968 -0.012621 0.040177 0.830823 0.554941
1709436832.492937 27.503269 -8.292469 0.267379 -0.015833 0.047747 0.830452 0.554814
1709436832.591936 27.467643 -8.206369 0.256956 -0.013808 0.041568 0.830886 0.554716
1709436832.694672 27.424092 -8.132532 0.245526 -0.007716 0.025832 0.831670 0.554616
1709436832.793934 27.393617 -8.052629 0.245216 -0.011117 0.029925 0.832428 0.553212
1709436832.892558 27.364847 -7.967973 0.249926 -0.005608 0.032238 0.833283 0.551878
1709436832.991219 27.296827 -7.892115 0.239948 -0.008991 0.027669 0.831326 0.555023
1709436833.089900 27.260050 -7.805853 0.234306 -0.011425 0.023569 0.831333 0.555157
1709436833.195079 27.229395 -7.711935 0.231837 -0.015871 0.030274 0.833271 0.551808
1709436833.294905 27.201440 -7.636011 0.239090 -0.006267 0.029098 0.836430 0.547264
1709436833.394743 27.166434 -7.558820 0.235460 -0.010419 0.030693 0.835504 0.548528
1709436833.494582 27.124313 -7.473050 0.226464 -0.020120 0.027063 0.832794 0.552554
1709436833.594826 27.081237 -7.388363 0.228534 -0.018083 0.019653 0.834465 0.550413
1709436833.694188 27.032682 -7.299024 0.223794 -0.021281 0.024852 0.833386 0.551722
1709436833.793167 26.982916 -7.207836 0.212836 -0.019660 0.019464 0.830841 0.555821
1709436833.892198 26.908687 -7.129513 0.204387 -0.030961 0.007810 0.829622 0.557412
1709436833.994622 26.861528 -7.060091 0.206142 -0.028775 0.004061 0.830682 0.555989
1709436834.093570 26.836789 -6.984245 0.211099 -0.020868 0.017657 0.832735 0.552997
1709436834.192350 26.797689 -6.897457 0.216895 -0.019571 0.032735 0.830568 0.555609
1709436834.290954 26.770817 -6.799306 0.207927 -0.020624 0.027490 0.832172 0.553451
1709436834.394767 26.725777 -6.701251 0.192451 -0.027559 0.023235 0.833249 0.551721
1709436834.494142 26.680556 -6.615556 0.187438 -0.033709 0.026826 0.833571 0.550729
1709436834.592483 26.634782 -6.512388 0.178701 -0.050005 0.039957 0.834835 0.546766
1709436834.695077 26.599982 -6.428996 0.187626 -0.034969 0.031119 0.839548 0.541265
1709436834.794926 26.581208 -6.363915 0.190572 -0.027009 0.023390 0.843564 0.535839
1709436834.894778 26.548336 -6.280248 0.192281 -0.020769 0.028676 0.847766 0.529187
1709436834.994158 26.546078 -6.203613 0.202038 -0.005591 0.035472 0.853199 0.520349
1709436835.093184 26.533789 -6.126387 0.202702 0.012356 0.041217 0.858756 0.510574
1709436835.195093 26.493563 -6.061565 0.199039 0.015396 0.044953 0.856694 0.513633
1709436835.294566 26.439135 -5.991472 0.186716 0.002210 0.033470 0.859906 0.509349
1709436835.393120 26.389212 -5.934723 0.184124 -0.001469 0.018786 0.861712 0.507048
1709436835.491789 26.349208 -5.860501 0.188985 -0.000157 0.017767 0.864844 0.501726
1709436835.590681 26.294121 -5.782308 0.187435 -0.006978 0.022535 0.864811 0.501544
1709436835.695071 26.220539 -5.722833 0.186578 -0.002536 0.006986 0.866532 0.499066
1709436835.794152 26.165427 -5.654993 0.195162 0.001418 0.010699 0.870222 0.492542
1709436835.892620 26.105469 -5.575424 0.194294 -0.003081 0.012707 0.868497 0.495522
1709436835.994564 26.040820 -5.480628 0.188528 -0.009685 0.014466 0.867503 0.497127
1709436836.094795 25.984388 -5.399547 0.195896 -0.006050 0.011223 0.868029 0.496350
1709436836.194631 25.915922 -5.341171 0.182253 -0.008672 -0.000020 0.867442 0.497462
1709436836.294397 25.851248 -5.266249 0.180455 -0.029749 0.006243 0.867638 0.496266
1709436836.393520 25.803386 -5.189490 0.174320 -0.022724 0.003008 0.868120 0.495824
1709436836.494963 25.786735 -5.088404 0.180621 -0.006811 0.020470 0.869661 0.493178
1709436836.594438 25.740809 -4.991697 0.171332 -0.017234 0.035639 0.866764 0.497145
1709436836.693274 25.675111 -4.897287 0.168846 -0.034719 0.038610 0.863558 0.501569
1709436836.791923 25.611627 -4.812673 0.155630 -0.049759 0.024315 0.863373 0.501517
1709436836.895131 25.545661 -4.727553 0.143459 -0.047191 0.003583 0.861821 0.505000
1709436836.994647 25.501093 -4.657893 0.145603 -0.053618 0.007030 0.864978 0.498888
1709436837.093262 25.468772 -4.575708 0.155959 -0.043043 0.024695 0.862678 0.503313
1709436837.192006 25.454627 -4.496852 0.165089 -0.017180 0.030775 0.865301 0.500012
1709436837.294500 25.446302 -4.407288 0.161231 -0.014229 0.035544 0.863641 0.502652
1709436837.395131 25.403855 -4.340633 0.154014 -0.013612 0.027653 0.863458 0.503478
1709436837.494974 25.356302 -4.270299 0.152486 -0.016432 0.022694 0.863754 0.503134
1709436837.594457 25.314421 -4.193024 0.152541 -0.008297 0.023658 0.864692 0.501677
1709436837.693575 25.274608 -4.125928 0.156121 -0.001336 0.021090 0.862170 0.506178
1709436837.794519 25.217048 -4.048339 0.143264 -0.017121 0.015984 0.861099 0.507897
1709436837.894120 25.170782 -3.968912 0.146309 -0.015259 0.020773 0.861647 0.506853
1709436837.992740 25.123022 -3.881417 0.152136 -0.012873 0.030477 0.862796 0.504468
1709436838.091464 25.076171 -3.797156 0.145795 -0.013801 0.028761 0.863073 0.504070
1709436838.195092 25.023777 -3.710621 0.142915 -0.021868 0.030244 0.863032 0.503768
1709436838.294420 24.975291 -3.621115 0.148533 -0.019250 0.034543 0.863448 0.502885
1709436838.393055 24.927270 -3.536414 0.139319 -0.017119 0.027969 0.864136 0.502189
1709436838.491661 24.882651 -3.444303 0.127601 -0.023117 0.027734 0.863670 0.502763
1709436838.594419 24.842903 -3.359130 0.126113 -0.027023 0.020256 0.862908 0.504231
1709436838.695076 24.788994 -3.286551 0.113359 -0.029818 0.012055 0.862835 0.504462
1709436838.794912 24.747401 -3.215010 0.122314 -0.023831 0.013152 0.864258 0.502312
1709436838.894534 24.708730 -3.129887 0.133793 -0.017396 0.026421 0.865603 0.499731
1709436838.993689 24.655365 -3.046171 0.140444 -0.010315 0.029564 0.865092 0.500635
1709436839.094474 24.593199 -2.970214 0.127355 -0.012560 0.015963 0.864280 0.502601
1709436839.193855 24.535954 -2.918079 0.117360 -0.017468 0.009659 0.864521 0.502199
1709436839.292464 24.494276 -2.831644 0.117527 -0.017705 0.014559 0.864019 0.502937
1709436839.391419 24.432382 -2.755022 0.111641 -0.022979 0.015025 0.863091 0.504302
1709436839.494671 24.375231 -2.676239 0.115267 -0.020948 0.010965 0.863803 0.503275
1709436839.594074 24.338790 -2.599366 0.120121 -0.022447 0.016816 0.864593 0.501689
1709436839.692682 24.276989 -2.537350 0.112986 -0.026256 0.016971 0.867975 0.495622
1709436839.791332 24.214458 -2.468646 0.113873 -0.021292 0.018259 0.870336 0.491659
1709436839.894810 24.166564 -2.381627 0.120391 -0.013698 0.022615 0.869243 0.493678
1709436839.994656 24.114092 -2.308614 0.115176 -0.016363 0.019707 0.870424 0.491636
1709436840.094496 24.051364 -2.237774 0.106271 -0.022329 0.013602 0.869175 0.493814
1709436840.195005 24.009469 -2.161395 0.104715 -0.024257 0.015412 0.870700 0.490975
1709436840.294962 23.973057 -2.088913 0.107564 -0.018084 0.017323 0.872354 0.488232
1709436840.394800 23.911511 -2.024606 0.100772 -0.024020 0.012071 0.878247 0.477451
1709436840.493560 23.894122 -1.958933 0.111470 -0.019732 0.015979 0.888312 0.458539
1709436840.592274 23.855629 -1.876839 0.122438 -0.018730 0.024404 0.895186 0.444629
1709436840.691224 23.812504 -1.827671 0.120561 -0.013628 0.017961 0.901371 0.432461
1709436840.794965 23.744391 -1.774511 0.110773 -0.010290 0.011755 0.908822 0.416891
1709436840.893829 23.680097 -1.706074 0.104664 -0.016407 0.011177 0.913266 0.406879
1709436840.992544 23.613951 -1.652976 0.106103 -0.008614 0.007583 0.918821 0.394507
1709436841.091154 23.558848 -1.604183 0.109271 -0.013796 0.008073 0.923243 0.383883
1709436841.195118 23.486509 -1.552017 0.105725 -0.016608 0.004591 0.926822 0.375105
1709436841.294938 23.398639 -1.512097 0.111271 -0.016154 0.004002 0.931970 0.362154
1709436841.394797 23.336139 -1.457882 0.113448 -0.017683 0.006257 0.935295 0.353373
1709436841.494626 23.270953 -1.418220 0.107774 -0.016662 0.004547 0.939427 0.342314
1709436841.594460 23.200687 -1.369853 0.112546 -0.022121 0.010291 0.944771 0.326823
1709436841.694711 23.119297 -1.320167 0.114758 -0.020615 0.016430 0.948071 0.316964
1709436841.793578 23.024474 -1.265373 0.110856 -0.028287 0.018053 0.950968 0.307462
1709436841.892378 22.939500 -1.232979 0.104300 -0.031901 0.010165 0.953546 0.299381
1709436841.991391 22.869689 -1.179011 0.106892 -0.040359 0.012388 0.956567 0.288438
1709436842.094462 22.791075 -1.116913 0.110563 -0.038736 0.017703 0.958332 0.282465
1709436842.193402 22.718881 -1.092301 0.102864 -0.037028 0.004909 0.961779 0.271266
1709436842.292128 22.651494 -1.060420 0.100996 -0.027910 0.002103 0.964416 0.262904
1709436842.390861 22.616013 -1.023042 0.116354 -0.017386 0.009728 0.967243 0.253068
1709436842.494609 22.550513 -0.967354 0.117959 -0.009421 0.015802 0.969881 0.242883
1709436842.593841 22.466942 -0.917490 0.109031 -0.011806 0.020340 0.971962 0.233959
1709436842.695098 22.374152 -0.893411 0.107447 -0.006796 0.015486 0.973777 0.226873
1709436842.794919 22.286597 -0.889881 0.093574 -0.010602 0.009333 0.975335 0.220275
1709436842.894763 22.198632 -0.861515 0.099339 -0.014355 0.015212 0.976736 0.213422
1709436842.994539 22.136185 -0.806607 0.103517 -0.016873 0.018177 0.977480 0.209568
1709436843.093418 22.057763 -0.770400 0.102218 -0.017789 0.013857 0.979636 0.199511
1709436843.192185 21.963800 -0.746245 0.104189 -0.021731 0.016077 0.981121 0.191495
1709436843.294934 21.860604 -0.729324 0.097911 -0.038717 0.014719 0.982541 0.181379
1709436843.394444 21.785802 -0.677424 0.119756 -0.031105 0.024222 0.983826 0.174734
1709436843.493176 21.707281 -0.659550 0.120452 -0.015235 0.029376 0.985760 0.164871
1709436843.591739 21.595480 -0.644094 0.117228 -0.031697 0.029327 0.986653 0.157008
1709436843.695073 21.494363 -0.622301 0.105712 -0.026725 0.027067 0.988186 0.148464
1709436843.794905 21.416205 -0.603360 0.103539 -0.020044 0.024568 0.989950 0.137819
1709436843.893965 21.320299 -0.574343 0.093307 -0.039552 0.021952 0.989945 0.134023
1709436843.994583 21.220083 -0.561431 0.086957 -0.055384 0.017859 0.990068 0.127984
1709436844.094409 21.149785 -0.541525 0.089757 -0.049036 0.013424 0.991448 0.120193
1709436844.195051 21.068582 -0.532530 0.088000 -0.039760 0.015704 0.993343 0.106973
1709436844.294626 20.980381 -0.495147 0.093572 -0.040558 0.025291 0.994147 0.096892
1709436844.393503 20.899170 -0.485150 0.087172 -0.036079 0.028049 0.995475 0.083314
1709436844.492310 20.811606 -0.451427 0.088882 -0.027279 0.033768 0.996111 0.076665
1709436844.594820 20.713603 -0.458076 0.081425 -0.031123 0.025447 0.996352 0.075272
1709436844.694145 20.642025 -0.479148 0.076014 -0.027408 0.009844 0.997281 0.067695
1709436844.792840 20.577200 -0.461976 0.074987 -0.026073 0.006107 0.998088 0.055704
1709436844.891547 20.483805 -0.467282 0.074333 -0.024887 0.010533 0.998015 0.056882
1709436844.994956 20.394437 -0.459686 0.066240 -0.020769 0.008074 0.998282 0.054193
1709436845.094283 20.316278 -0.446593 0.070774 -0.017178 0.013070 0.998553 0.049247
1709436845.194302 20.228756 -0.441304 0.075296 -0.020381 0.017531 0.998286 0.051982
1709436845.291641 20.128857 -0.443829 0.064102 -0.027104 0.007460 0.998184 0.053286
1709436845.395113 20.019527 -0.455856 0.054192 -0.028119 -0.007176 0.998185 0.052762
1709436845.494953 19.913947 -0.442290 0.048250 -0.024586 -0.009925 0.998402 0.049899
1709436845.594502 19.830728 -0.420085 0.056110 -0.018249 -0.004201 0.998585 0.049781
1709436845.693634 19.739174 -0.412691 0.057233 -0.021574 -0.001423 0.998780 0.044392
1709436845.792599 19.660736 -0.408296 0.059769 -0.014411 0.002676 0.999004 0.042143
1709436845.895095 19.562165 -0.402368 0.056321 -0.018378 -0.000940 0.998860 0.044042
1709436845.993937 19.449003 -0.414488 0.047978 -0.023788 -0.011462 0.998627 0.045243
1709436846.092666 19.363618 -0.397739 0.058140 -0.025272 -0.016089 0.998799 0.038779
1709436846.191424 19.268007 -0.374023 0.063892 -0.019048 -0.007391 0.999140 0.036074
1709436846.294425 19.175349 -0.345868 0.075574 -0.020370 0.001781 0.999218 0.033843
1709436846.393960 19.080218 -0.327484 0.074759 -0.015060 0.006145 0.999470 0.028209
1709436846.492697 18.990474 -0.305110 0.079511 -0.017276 0.021954 0.999429 0.019019
1709436846.594704 18.903125 -0.304218 0.090202 -0.012516 0.024696 0.999487 0.016113
1709436846.694610 18.811186 -0.323818 0.077954 -0.016059 0.011439 0.999690 0.015198
1709436846.794442 18.719358 -0.329355 0.068440 -0.011213 0.002066 0.999892 0.009231
1709436846.894678 18.612598 -0.321897 0.071292 -0.016103 0.007272 0.999843 -0.001447
1709436846.993539 18.529470 -0.299700 0.085636 -0.009751 0.023354 0.999650 -0.007683
1709436847.092630 18.436128 -0.302775 0.080033 -0.010867 0.022112 0.999634 -0.011169
1709436847.194605 18.338601 -0.328309 0.073411 -0.013489 0.015624 0.999599 -0.019400
1709436847.293788 18.244032 -0.339379 0.071008 -0.011491 0.011592 0.999504 -0.026935
1709436847.392532 18.158248 -0.354805 0.078593 -0.010914 0.016665 0.999095 -0.037581
1709436847.491263 18.065359 -0.357957 0.085755 -0.013805 0.018134 0.998754 -0.044386
1709436847.594764 17.963810 -0.377371 0.085671 -0.017493 0.016610 0.998256 -0.053879
1709436847.693718 17.856894 -0.383597 0.086853 -0.024901 0.014677 0.997748 -0.060523
1709436847.792404 17.762617 -0.396876 0.085999 -0.015594 0.012875 0.997387 -0.069350
1709436847.895082 17.666654 -0.418699 0.082530 -0.026644 0.012190 0.996299 -0.080803
1709436847.994914 17.562627 -0.426753 0.083216 -0.026470 0.015115 0.995540 -0.089286
1709436848.094761 17.465287 -0.445740 0.083434 -0.025501 0.015187 0.994753 -0.097904
1709436848.194588 17.369922 -0.468381 0.071829 -0.024307 0.009381 0.994040 -0.105854
1709436848.293874 17.277630 -0.490157 0.069269 -0.024354 0.005239 0.992684 -0.118145
1709436848.395076 17.182160 -0.519116 0.066468 -0.034673 0.010228 0.991253 -0.126925
1709436848.494667 17.096241 -0.556929 0.062635 -0.031324 0.007721 0.990080 -0.136751
1709436848.593349 17.004726 -0.596586 0.064028 -0.034921 0.006764 0.988452 -0.147301
1709436848.692101 16.907708 -0.616488 0.062738 -0.035207 0.010780 0.986762 -0.157941
1709436848.790928 16.824516 -0.657123 0.063880 -0.036078 0.006060 0.985492 -0.165734
1709436848.894836 16.745977 -0.708061 0.054882 -0.031248 0.004457 0.983964 -0.175554
1709436848.993403 16.661627 -0.736825 0.057598 -0.029018 0.004937 0.981681 -0.188246
1709436849.091997 16.582345 -0.763633 0.059108 -0.024402 0.010792 0.980481 -0.194794
1709436849.190716 16.507547 -0.794369 0.057087 -0.021374 0.007813 0.978635 -0.204342
1709436849.294436 16.424039 -0.839289 0.059505 -0.019362 0.009620 0.977082 -0.211763
1709436849.395055 16.343812 -0.874857 0.060210 -0.019616 0.012641 0.974277 -0.224143
1709436849.494828 16.262774 -0.908735 0.065145 -0.018619 0.014016 0.972243 -0.232810
1709436849.594055 16.188701 -0.961073 0.058691 -0.018060 0.003892 0.970967 -0.238500
1709436849.694608 16.106441 -1.022729 0.056792 -0.023457 0.001368 0.968774 -0.246830
1709436849.794443 16.017742 -1.068916 0.057818 -0.026114 0.005787 0.966370 -0.255760
1709436849.893203 15.938182 -1.128773 0.053100 -0.030304 0.002037 0.964668 -0.261714
1709436849.992046 15.852278 -1.193426 0.047708 -0.029994 -0.003178 0.963265 -0.266854
1709436850.090921 15.779917 -1.262430 0.046086 -0.031762 -0.010865 0.962383 -0.269614
1709436850.194554 15.689677 -1.307315 0.046443 -0.022020 -0.004638 0.961915 -0.272422
1709436850.293165 15.602161 -1.356373 0.044174 -0.024519 -0.000847 0.961746 -0.272840
1709436850.391778 15.531077 -1.418342 0.034826 -0.020398 -0.007342 0.962232 -0.271366
1709436850.490389 15.472527 -1.477636 0.027171 -0.008005 -0.016737 0.961982 -0.272482
1709436850.594740 15.407572 -1.560303 0.027123 -0.013006 -0.026470 0.961431 -0.273461
1709436850.694598 15.328836 -1.600569 0.044158 -0.015781 -0.013765 0.960136 -0.278749
1709436850.794447 15.235091 -1.633229 0.045107 -0.013886 -0.006121 0.959937 -0.279805
1709436850.895071 15.161355 -1.693739 0.033425 -0.017037 -0.013571 0.958755 -0.283397
1709436850.994920 15.082214 -1.763893 0.039233 -0.013116 -0.009429 0.958160 -0.285778
1709436851.094463 15.010768 -1.815133 0.031298 -0.009248 -0.007856 0.956307 -0.292114
1709436851.193186 14.928266 -1.874521 0.044088 -0.020909 0.000797 0.954084 -0.298808
1709436851.291983 14.840221 -1.922282 0.058985 -0.029261 0.010436 0.952486 -0.302993
1709436851.394655 14.762549 -1.976678 0.057433 -0.024510 0.010402 0.949021 -0.314086
1709436851.494149 14.701116 -2.049342 0.050302 -0.017328 0.005195 0.947289 -0.319870
1709436851.592777 14.633249 -2.113361 0.048874 -0.018421 -0.000480 0.945283 -0.325730
1709436851.691307 14.569213 -2.155587 0.053866 -0.008306 0.010802 0.941364 -0.337118
1709436851.794820 14.490581 -2.191989 0.065892 -0.012064 0.023384 0.937929 -0.345829
1709436851.894688 14.418380 -2.238387 0.071788 -0.012879 0.022319 0.936048 -0.350927
1709436851.994531 14.373669 -2.331030 0.058226 -0.009334 0.005258 0.934674 -0.355345
1709436852.094774 14.320813 -2.389501 0.052006 -0.002701 -0.001424 0.929221 -0.369512
1709436852.194616 14.249117 -2.442775 0.059592 -0.015739 0.007151 0.923567 -0.383048
1709436852.294458 14.177109 -2.518345 0.068756 -0.021482 0.011170 0.919560 -0.392203
1709436852.394198 14.112007 -2.586211 0.068196 -0.026856 0.005742 0.916299 -0.399553
1709436852.493122 14.048962 -2.662220 0.074593 -0.025455 0.007323 0.912131 -0.409042
1709436852.592080 13.982326 -2.733277 0.069345 -0.023215 0.009436 0.907954 -0.418321
1709436852.694619 13.920862 -2.821318 0.052715 -0.023162 -0.001811 0.906091 -0.422445
1709436852.793827 13.870740 -2.913426 0.043570 -0.017625 -0.009507 0.902495 -0.430235
1709436852.892601 13.799524 -2.993996 0.041916 -0.034408 -0.009970 0.898553 -0.437401
1709436852.991306 13.729657 -3.076917 0.052344 -0.045376 -0.003000 0.895664 -0.442400
1709436853.094829 13.664789 -3.149357 0.060450 -0.046152 0.001592 0.894578 -0.444519
1709436853.194566 13.621342 -3.217019 0.059986 -0.034117 0.001731 0.891707 -0.451322
1709436853.293031 13.574695 -3.279390 0.049328 -0.024827 0.000141 0.889340 -0.456571
1709436853.395138 13.525514 -3.362136 0.061178 -0.023037 0.012616 0.886662 -0.461671
1709436853.494970 13.474673 -3.421832 0.066986 -0.018577 0.031270 0.883528 -0.466965
1709436853.594810 13.427566 -3.499319 0.065404 -0.017922 0.029720 0.883116 -0.467869
1709436853.694273 13.391540 -3.580243 0.061530 -0.011474 0.020925 0.883568 -0.467694
1709436853.793313 13.363064 -3.673171 0.050238 -0.003371 0.000144 0.885806 -0.464044
1709436853.892403 13.325882 -3.747366 0.048830 0.000341 -0.002283 0.883951 -0.467574
1709436853.994600 13.253325 -3.828033 0.053671 -0.009016 0.001949 0.886023 -0.463549
1709436854.093411 13.195162 -3.923298 0.059178 -0.008141 0.003140 0.885997 -0.463608
1709436854.192141 13.121433 -3.995439 0.061528 -0.017417 0.003589 0.884541 -0.466124
1709436854.290829 13.055590 -4.081676 0.069415 -0.023051 0.008841 0.884265 -0.466333
1709436854.394755 12.985542 -4.180191 0.072256 -0.032813 0.012848 0.882438 -0.469107
1709436854.494233 12.930336 -4.266791 0.083361 -0.023660 0.025238 0.882066 -0.469854
1709436854.592668 12.882109 -4.361309 0.084474 -0.029846 0.022455 0.882583 -0.468670
1709436854.694662 12.829812 -4.449320 0.078051 -0.025973 0.019972 0.882833 -0.468543
1709436854.794507 12.763137 -4.527881 0.073308 -0.027473 0.013434 0.883007 -0.468362
1709436854.894741 12.700531 -4.610102 0.063584 -0.021244 0.009617 0.885228 -0.464573
1709436854.994196 12.649986 -4.694030 0.068485 -0.024460 0.005065 0.884186 -0.466467
1709436855.093089 12.592268 -4.771868 0.069441 -0.035170 0.006626 0.884021 -0.466076
1709436855.192090 12.523949 -4.849116 0.074324 -0.041180 0.008951 0.884142 -0.465314
1709436855.294496 12.478311 -4.933267 0.075971 -0.032370 0.011375 0.883445 -0.467277
1709436855.393202 12.426610 -4.990655 0.072236 -0.024837 0.009917 0.880936 -0.472479
1709436855.491890 12.370845 -5.062419 0.071199 -0.023036 0.011430 0.877235 -0.479372
1709436855.590510 12.341542 -5.144170 0.081399 -0.020925 0.018629 0.873525 -0.485973
1709436855.695081 12.292012 -5.211965 0.095668 -0.014082 0.042069 0.868415 -0.493850
1709436855.793900 12.249319 -5.296992 0.097134 -0.018185 0.040158 0.868659 -0.493446
1709436855.892383 12.227514 -5.388151 0.075650 -0.014188 0.019817 0.867597 -0.496670
1709436855.994591 12.215053 -5.508966 0.060683 -0.006820 -0.004350 0.867994 -0.496509
1709436856.094415 12.209978 -5.594848 0.068289 0.022731 -0.008240 0.865862 -0.499698
1709436856.195038 12.189087 -5.675747 0.048018 0.023540 -0.023610 0.859524 -0.510007
1709436856.294598 12.145143 -5.780250 0.057617 -0.001968 -0.024543 0.858337 -0.512495
1709436856.393586 12.083861 -5.861203 0.069434 -0.007254 -0.020525 0.856532 -0.515634
1709436856.494596 12.033698 -5.938872 0.074310 0.000032 -0.012923 0.855118 -0.518272
1709436856.594083 11.991721 -6.027172 0.071801 -0.001323 -0.009470 0.852674 -0.522356
1709436856.692898 11.941088 -6.129869 0.075467 -0.020059 -0.012731 0.849717 -0.526703
1709436856.791597 11.893709 -6.215805 0.082627 -0.022362 -0.001970 0.847989 -0.529538
1709436856.890370 11.847833 -6.315799 0.082985 -0.027580 -0.002518 0.846539 -0.531606
1709436856.994610 11.813762 -6.412703 0.090807 -0.031228 -0.000687 0.840702 -0.540596
1709436857.093302 11.767926 -6.479935 0.101657 -0.025857 0.007828 0.835292 -0.549142
1709436857.191928 11.736617 -6.553185 0.097846 -0.023115 0.009670 0.829792 -0.557510
1709436857.294933 11.715717 -6.623080 0.105363 -0.010120 0.023770 0.823638 -0.566527
1709436857.394774 11.683810 -6.706720 0.109618 -0.012396 0.034907 0.819554 -0.571803
1709436857.494620 11.663697 -6.801630 0.105115 -0.017894 0.025391 0.814946 -0.578704
1709436857.594451 11.662490 -6.899545 0.108189 -0.002015 0.016385 0.815790 -0.578112
1709436857.695091 11.654052 -6.991164 0.102697 0.002855 0.001471 0.815136 -0.579261
1709436857.794922 11.650823 -7.089874 0.101891 0.015918 -0.001625 0.812809 -0.582310
1709436857.893786 11.616103 -7.180116 0.092966 0.006640 -0.014479 0.809450 -0.586973
1709436857.992537 11.578515 -7.270301 0.108197 -0.005949 -0.012784 0.806535 -0.591018
1709436858.091134 11.535750 -7.352031 0.116965 -0.000086 0.005608 0.806949 -0.590594
1709436858.195122 11.504512 -7.426356 0.119519 -0.017450 0.001488 0.800152 -0.599542
1709436858.294345 11.466967 -7.522031 0.137329 -0.027098 0.012572 0.797824 -0.602150
1709436858.392960 11.441874 -7.618148 0.133424 -0.025521 0.010214 0.795905 -0.604797
1709436858.491606 11.419199 -7.716140 0.134338 -0.022081 0.011075 0.795874 -0.604959
1709436858.594456 11.412283 -7.810184 0.127742 -0.013053 0.002964 0.794470 -0.607156
1709436858.695082 11.379663 -7.906128 0.129881 -0.020790 0.005543 0.791518 -0.610767
1709436858.794926 11.350750 -7.992136 0.145201 -0.016792 0.024453 0.791970 -0.609839
1709436858.894774 11.320266 -8.080423 0.143105 -0.018620 0.021184 0.792849 -0.608766
1709436858.994607 11.292683 -8.183046 0.151166 -0.022986 0.023665 0.792442 -0.609054
1709436859.094441 11.257889 -8.268998 0.153951 -0.026954 0.022475 0.793614 -0.607408
1709436859.193591 11.231034 -8.367518 0.145442 -0.035135 0.015927 0.793594 -0.607223
1709436859.292383 11.221973 -8.480949 0.146585 -0.031399 0.004376 0.796579 -0.603703
1709436859.391195 11.207480 -8.582831 0.147145 -0.028808 -0.006293 0.795390 -0.605380
1709436859.494610 11.175057 -8.676235 0.146377 -0.031392 -0.003799 0.792144 -0.609515
1709436859.593846 11.138396 -8.796006 0.158545 -0.043403 0.002933 0.790737 -0.610609
1709436859.692569 11.111566 -8.891390 0.146040 -0.034209 0.010404 0.789033 -0.613310
1709436859.791265 11.103221 -8.989355 0.145023 -0.023258 0.011503 0.791636 -0.610441
1709436859.894778 11.095433 -9.078559 0.138776 -0.015145 0.004316 0.791718 -0.610684
1709436859.994601 11.072887 -9.170795 0.138015 -0.014049 0.003382 0.791382 -0.611152
1709436860.094464 11.056327 -9.257159 0.133356 -0.012506 0.001929 0.792988 -0.609106
1709436860.195089 11.049749 -9.349516 0.130817 -0.004146 -0.003563 0.791997 -0.610501
1709436860.294917 11.035136 -9.445028 0.130570 -0.011453 -0.007169 0.789137 -0.614069
1709436860.394592 10.990113 -9.515666 0.147210 -0.012723 0.003442 0.789487 -0.613625
1709436860.493380 10.960387 -9.607102 0.150496 -0.018567 0.000348 0.788805 -0.614363
1709436860.592079 10.922120 -9.686337 0.162086 -0.015291 0.009861 0.789274 -0.613772
1709436860.691199 10.911958 -9.781688 0.159587 -0.010312 0.004563 0.789906 -0.613125
1709436860.794930 10.895120 -9.897786 0.151444 -0.003842 0.002677 0.791912 -0.610618
1709436860.893746 10.887445 -9.979725 0.149678 -0.001582 -0.001073 0.788544 -0.614976
1709436860.992357 10.850370 -10.074715 0.153989 -0.011644 0.004601 0.787777 -0.615834
1709436861.090973 10.825423 -10.185725 0.161007 -0.018987 0.010122 0.785896 -0.617984
1709436861.195073 10.812170 -10.300324 0.168052 -0.020095 0.006596 0.784873 -0.619296
1709436861.294893 10.787289 -10.397400 0.176025 -0.019863 0.009776 0.780093 -0.625271
1709436861.394747 10.750959 -10.492149 0.183666 -0.025764 0.015305 0.778612 -0.626790
1709436861.494587 10.741223 -10.607303 0.184211 -0.027195 0.012186 0.777429 -0.628264
1709436861.594405 10.737260 -10.713780 0.185958 -0.022518 0.009095 0.774684 -0.631882
1709436861.694376 10.713580 -10.832340 0.187591 -0.027507 0.010583 0.773923 -0.632593
1709436861.793506 10.700295 -10.939167 0.177787 -0.034923 0.000834 0.774201 -0.631976
1709436861.892035 10.690096 -11.019907 0.185168 -0.021911 0.009840 0.772391 -0.634692
1709436861.991121 10.679260 -11.102722 0.191625 -0.011981 0.018000 0.769654 -0.638094
1709436862.094769 10.668929 -11.190977 0.181946 -0.008141 0.011874 0.770739 -0.636988
1709436862.193384 10.645207 -11.278755 0.182434 -0.012455 0.009868 0.766514 -0.642031
1709436862.291995 10.599982 -11.379836 0.193049 -0.028131 0.024724 0.764442 -0.643604
1709436862.395099 10.565324 -11.485056 0.205929 -0.039624 0.033100 0.761100 -0.646577
1709436862.494917 10.564062 -11.610950 0.201557 -0.047076 0.014318 0.762042 -0.645655
1709436862.594189 10.559583 -11.715003 0.198588 -0.039004 -0.001561 0.762905 -0.645331
1709436862.694569 10.565266 -11.813886 0.196127 -0.029673 -0.007700 0.763016 -0.645652
1709436862.794818 10.534272 -11.900277 0.195286 -0.027895 0.000279 0.756726 -0.653137
1709436862.894642 10.521328 -11.999654 0.197914 -0.029973 0.006925 0.753744 -0.656448
1709436862.994271 10.521006 -12.087867 0.191942 -0.025025 0.000748 0.749550 -0.661474
1709436863.093293 10.522210 -12.182678 0.184077 -0.027328 -0.002243 0.743348 -0.668343
1709436863.192092 10.503753 -12.266211 0.202683 -0.030018 0.010819 0.738610 -0.673377
1709436863.294781 10.482641 -12.364584 0.206356 -0.037853 0.007063 0.736553 -0.675282
1709436863.394356 10.503437 -12.458582 0.207992 -0.022544 0.009179 0.732436 -0.680400
1709436863.493047 10.528958 -12.567817 0.202440 -0.010899 0.000277 0.730976 -0.682316
1709436863.591770 10.549720 -12.663255 0.206083 -0.004942 -0.001456 0.728092 -0.685460
1709436863.694953 10.536284 -12.755994 0.210898 -0.006053 0.010233 0.722130 -0.691655
1709436863.794466 10.527107 -12.873660 0.215430 -0.015433 0.012589 0.719534 -0.694172
1709436863.893041 10.525338 -12.976294 0.219383 -0.011426 0.009974 0.721733 -0.692006
1709436863.991676 10.526272 -13.080351 0.210862 -0.007147 -0.004227 0.721777 -0.692076
1709436864.095094 10.525535 -13.178628 0.216437 0.004603 0.004331 0.719506 -0.694458
1709436864.194926 10.505867 -13.277078 0.216816 -0.010296 -0.001793 0.717193 -0.696796
1709436864.294262 10.502352 -13.383598 0.224649 -0.012344 -0.005359 0.717013 -0.696930
1709436864.393108 10.512684 -13.471530 0.225567 -0.007612 -0.000190 0.712478 -0.701653
1709436864.492027 10.526206 -13.566773 0.227189 -0.009168 0.002189 0.711480 -0.702643
1709436864.595086 10.546329 -13.666165 0.231947 -0.012318 -0.003368 0.708463 -0.705632
1709436864.694008 10.543277 -13.766401 0.236908 0.023062 0.001545 -0.704494 0.709334
1709436864.792729 10.514797 -13.877033 0.239330 0.026127 -0.009406 -0.703833 0.709823
1709436864.891462 10.511302 -13.987464 0.243948 0.021471 -0.009510 -0.701542 0.712241
1709436864.994446 10.509057 -14.093827 0.243627 0.021823 -0.005767 -0.699477 0.714298
1709436865.094119 10.511179 -14.204468 0.236386 0.018106 -0.002281 -0.699358 0.714539
1709436865.192670 10.519409 -14.289635 0.234483 0.016395 -0.006503 -0.695059 0.718736
1709436865.291314 10.509185 -14.383631 0.245982 0.021966 -0.014201 -0.693346 0.720130
1709436865.394597 10.519804 -14.490039 0.253903 0.025504 -0.010447 -0.691976 0.721394
1709436865.494453 10.529398 -14.587710 0.256762 0.019636 -0.007343 -0.690215 0.723300
1709436865.594081 10.549236 -14.686252 0.255366 0.020066 -0.007549 -0.686562 0.726755
1709436865.693097 10.549165 -14.800566 0.262524 0.025857 -0.009884 -0.683929 0.729023
1709436865.792127 10.553680 -14.911953 0.263607 0.029237 -0.014562 -0.679685 0.732777
1709436865.894586 10.560960 -15.010343 0.266201 0.025896 -0.019149 -0.676967 0.735309
1709436865.993916 10.601929 -15.088565 0.272032 0.011476 -0.022140 -0.673331 0.738920
1709436866.092654 10.626076 -15.183802 0.270882 0.008246 -0.016790 -0.671377 0.740879
1709436866.191420 10.622846 -15.273702 0.278391 0.010288 -0.024143 -0.665964 0.745522
1709436866.294763 10.643822 -15.373399 0.273951 0.020952 -0.019590 -0.665105 0.746199
1709436866.393823 10.667050 -15.484089 0.271523 0.019009 -0.009789 -0.663870 0.747542
1709436866.492588 10.697867 -15.592260 0.268093 0.021626 0.009763 -0.664624 0.746801
1709436866.595096 10.749054 -15.701379 0.267987 0.012288 0.020035 -0.662135 0.749016
1709436866.694954 10.772204 -15.801835 0.265102 0.016749 0.020710 -0.657705 0.752805
1709436866.794804 10.775839 -15.918656 0.271335 0.023360 0.012940 -0.653354 0.756581
1709436866.894423 10.776305 -16.021885 0.270179 0.018502 0.005943 -0.651438 0.758453
1709436866.993467 10.784511 -16.123146 0.268371 0.011344 0.003842 -0.649334 0.760409
1709436867.095016 10.832136 -16.212979 0.270319 0.003465 0.005135 -0.648713 0.761008
1709436867.194978 10.851057 -16.294582 0.279086 -0.000368 -0.010687 -0.649980 0.759876
1709436867.293774 10.854599 -16.393144 0.269112 -0.005634 -0.008627 -0.653457 0.756894
1709436867.392518 10.863671 -16.501709 0.257486 -0.012240 0.001877 -0.652348 0.757819
1709436867.491304 10.875061 -16.592547 0.274024 -0.005287 -0.001144 -0.653316 0.757066
1709436867.595060 10.882571 -16.701892 0.282711 0.007981 0.002710 -0.652193 0.758006
1709436867.693546 10.890261 -16.831356 0.285362 0.025072 0.013752 -0.645949 0.762845
1709436867.792282 10.902190 -16.951486 0.285666 0.035414 0.017392 -0.643386 0.764525
1709436867.891027 10.936445 -17.070219 0.287839 0.026251 0.011167 -0.637520 0.769906
1709436867.994453 10.970027 -17.195455 0.287579 0.024044 0.016757 -0.629788 0.776214
1709436868.095101 10.965390 -17.305607 0.289769 0.030404 0.011165 -0.627171 0.778208
1709436868.194358 10.957711 -17.388753 0.289279 0.023052 -0.005118 -0.624087 0.780998
1709436868.293469 10.989776 -17.476565 0.290628 0.026826 -0.006013 -0.622455 0.782172
1709436868.394602 11.019875 -17.572526 0.286153 0.020639 0.000294 -0.624727 0.780571
1709436868.494463 11.050978 -17.658255 0.278965 0.009045 0.002828 -0.622259 0.782754
1709436868.593431 11.069071 -17.743718 0.280527 0.006665 -0.003028 -0.617993 0.786150
1709436868.692271 11.096217 -17.822046 0.300539 0.011971 -0.015082 -0.616297 0.787278
1709436868.791103 11.111946 -17.910697 0.302470 0.011656 -0.018836 -0.613798 0.789152
1709436868.894554 11.166706 -18.003008 0.302504 0.010966 -0.014144 -0.612167 0.790526
1709436868.993033 11.205078 -18.090928 0.297455 0.010437 -0.007668 -0.610079 0.792234
1709436869.091738 11.240417 -18.193025 0.292788 0.006450 0.001902 -0.608126 0.793812
1709436869.190349 11.268192 -18.300317 0.300096 0.012220 0.004065 -0.604049 0.796843
1709436869.294745 11.285407 -18.414573 0.317078 0.027899 0.005011 -0.603643 0.796751
1709436869.394599 11.291671 -18.513511 0.326357 0.023397 -0.002698 -0.602905 0.797466
1709436869.494430 11.331425 -18.603302 0.313606 0.013963 -0.004735 -0.604664 0.796344
1709436869.593720 11.374889 -18.698149 0.308270 0.007291 -0.003103 -0.604588 0.796499
1709436869.694888 11.420113 -18.799365 0.305665 0.002670 -0.001841 -0.605268 0.796015
1709436869.794515 11.452981 -18.892088 0.302859 0.002128 0.004023 -0.603729 0.797177
1709436869.893221 11.479154 -18.994848 0.311860 0.014491 0.005193 -0.601756 0.798532
1709436869.992038 11.486309 -19.105982 0.329069 0.023476 -0.001114 -0.601187 0.798763
1709436870.090876 11.520342 -19.209406 0.322896 0.024551 0.003488 -0.602256 0.797918
1709436870.194353 11.562643 -19.313320 0.315230 0.024375 0.013806 -0.604187 0.796350
1709436870.292895 11.612643 -19.426472 0.314795 0.017295 0.014606 -0.604640 0.796177
1709436870.391509 11.635151 -19.538210 0.317609 0.021487 0.013493 -0.603412 0.797026
1709436870.494596 11.660279 -19.652003 0.322362 0.028041 0.011645 -0.603961 0.796435
1709436870.594641 11.701942 -19.754827 0.312348 0.025572 0.013897 -0.605694 0.795166
1709436870.694490 11.748023 -19.847973 0.310938 0.013174 0.001861 -0.606467 0.794997
1709436870.795067 11.777754 -19.924949 0.317953 0.005398 0.001875 -0.605698 0.795674
1709436870.893911 11.791882 -19.975393 0.331111 -0.006716 -0.017090 -0.605913 0.795319
1709436870.994812 11.786904 -20.044202 0.333327 -0.005064 -0.020425 -0.606169 0.795057
1709436871.094606 11.807564 -20.122945 0.327916 -0.008754 -0.025496 -0.606474 0.794647
1709436871.193401 11.826260 -20.216456 0.330567 -0.002299 -0.022588 -0.606557 0.794715
1709436871.292268 11.861169 -20.320961 0.332730 0.002026 -0.015361 -0.608505 0.793399
1709436871.394956 11.903329 -20.436541 0.329324 -0.003872 -0.001248 -0.611631 0.791133
1709436871.493904 11.920250 -20.542189 0.340340 0.009196 0.016277 -0.609187 0.792806
1709436871.592518 11.933259 -20.644735 0.347113 0.017893 0.016582 -0.608332 0.793308
1709436871.691220 11.945003 -20.731635 0.356664 0.025484 0.005652 -0.606250 0.794846
1709436871.795125 11.953183 -20.820770 0.375863 0.028683 -0.018672 -0.608762 0.792614
1709436871.894972 11.976119 -20.914040 0.370479 0.026168 -0.014295 -0.611651 0.790566
1709436871.994818 12.032579 -20.995279 0.357575 0.015205 -0.006998 -0.613269 0.789697
1709436872.094657 12.069233 -21.095659 0.356500 0.008739 -0.006771 -0.616486 0.787288
1709436872.194489 12.100044 -21.196138 0.350991 0.008436 -0.000539 -0.618087 0.786064
1709436872.295129 12.124410 -21.285506 0.360529 0.018550 0.005233 -0.616765 0.786911
1709436872.394123 12.145349 -21.379045 0.371106 0.032499 -0.002149 -0.616840 0.786415
1709436872.492943 12.167179 -21.485334 0.365346 0.039164 0.004574 -0.620299 0.783374
1709436872.591980 12.231573 -21.577681 0.364101 0.034122 0.003371 -0.617710 0.785658
1709436872.694489 12.256600 -21.670541 0.377945 0.038424 -0.003598 -0.617119 0.785923
1709436872.793550 12.269124 -21.765524 0.384130 0.035919 -0.008913 -0.616534 0.786458
1709436872.892233 12.278827 -21.852701 0.378056 0.036794 -0.003901 -0.615987 0.786887
1709436872.990813 12.287603 -21.948897 0.374995 0.035109 -0.009429 -0.614382 0.788171
1709436873.094625 12.301999 -22.052336 0.376313 0.034665 -0.014982 -0.615017 0.787609
1709436873.194477 12.334947 -22.145087 0.369700 0.031129 -0.006787 -0.615419 0.787556
1709436873.295111 12.354716 -22.249361 0.361837 0.023912 -0.003397 -0.617409 0.786271
1709436873.394956 12.389351 -22.349484 0.368479 0.023375 -0.007204 -0.617416 0.786257
1709436873.494781 12.409218 -22.439102 0.367305 0.017725 -0.006588 -0.618448 0.785598
1709436873.594620 12.445937 -22.533853 0.361866 0.009287 0.000072 -0.616952 0.786946
1709436873.694330 12.475127 -22.631546 0.369994 0.010741 -0.003833 -0.615566 0.788003
1709436873.793288 12.505629 -22.715597 0.369867 0.013955 -0.003344 -0.616336 0.787352
1709436873.894922 12.514121 -22.813000 0.377647 0.019751 -0.004721 -0.614370 0.788757
1709436873.994548 12.528842 -22.911276 0.387731 0.025862 -0.008527 -0.616563 0.786834
1709436874.093237 12.567469 -22.991605 0.386839 0.018992 -0.001302 -0.617490 0.786348
1709436874.191778 12.620216 -23.063373 0.386357 0.006684 0.004641 -0.619551 0.784914
1709436874.290624 12.667550 -23.156221 0.372909 0.005118 0.014412 -0.620113 0.784363
1709436874.394921 12.684939 -23.257690 0.377634 0.003314 0.003384 -0.619956 0.784622
1709436874.493978 12.692362 -23.361419 0.376392 0.010796 0.003847 -0.620037 0.784489
1709436874.592529 12.705277 -23.454443 0.378855 0.012722 0.001882 -0.620069 0.784442
1709436874.694473 12.726431 -23.555755 0.381156 0.014367 0.003435 -0.621741 0.783083
1709436874.795091 12.739267 -23.648166 0.383446 0.014309 -0.002688 -0.621970 0.782906
1709436874.894949 12.749943 -23.745056 0.380928 0.016728 0.001507 -0.624684 0.780697
1709436874.994314 12.779293 -23.834382 0.385055 0.014479 0.005870 -0.626643 0.779150
1709436875.093311 12.793994 -23.942421 0.385338 0.019040 0.004527 -0.624814 0.780528
1709436875.192379 12.825577 -24.047121 0.389904 0.019553 0.002389 -0.624725 0.780597
1709436875.294368 12.856253 -24.159112 0.385901 0.022350 0.009738 -0.624144 0.780929
1709436875.392927 12.867388 -24.266824 0.386998 0.023519 0.007381 -0.625852 0.779552
1709436875.491740 12.913506 -24.369209 0.386515 0.026444 0.006892 -0.625456 0.779781
1709436875.590446 12.914823 -24.459080 0.398176 0.035286 0.000209 -0.626219 0.778849
1709436875.694502 12.941581 -24.537626 0.408541 0.034741 -0.001636 -0.627588 0.777768
1709436875.793490 12.967494 -24.625172 0.400743 0.022595 0.003577 -0.630396 0.775936
1709436875.892166 13.012119 -24.679674 0.398695 0.007041 0.000205 -0.629726 0.776785
1709436875.994827 13.043482 -24.761449 0.398013 0.009337 -0.008201 -0.627435 0.778570
1709436876.094665 13.051068 -24.866023 0.396324 0.012740 -0.012227 -0.627145 0.778702
1709436876.194502 13.053810 -24.964137 0.405958 0.018587 -0.017171 -0.626499 0.779011
1709436876.294370 13.092007 -25.067339 0.404540 0.023130 -0.012265 -0.625462 0.779815
1709436876.393446 13.101618 -25.173688 0.396445 0.019304 -0.003163 -0.627466 0.778398
1709436876.494795 13.146446 -25.263486 0.404751 0.018186 0.002562 -0.626868 0.778909
1709436876.594017 13.171685 -25.371759 0.403225 0.022322 0.009615 -0.627950 0.777874
1709436876.692818 13.188059 -25.486628 0.402861 0.026195 0.010869 -0.626683 0.778758
1709436876.791538 13.190235 -25.612885 0.401112 0.032453 0.009761 -0.628073 0.777416
1709436876.894910 13.223037 -25.712756 0.402594 0.028320 0.014263 -0.629086 0.776689
1709436876.994433 13.246247 -25.813427 0.401850 0.021238 0.009872 -0.629562 0.776597
1709436877.093070 13.275710 -25.913160 0.399616 0.018316 0.009804 -0.629867 0.776425
1709436877.191770 13.280308 -25.995527 0.408607 0.019468 -0.006223 -0.627784 0.778119
1709436877.295094 13.289463 -26.077498 0.420895 0.017555 -0.016789 -0.628847 0.777149
1709436877.394933 13.302338 -26.145763 0.419856 0.010139 -0.017686 -0.627734 0.778161
1709436877.494779 13.318042 -26.226685 0.415424 0.009514 -0.015152 -0.628307 0.777759
1709436877.594632 13.333836 -26.322977 0.416362 0.009987 -0.015810 -0.629043 0.777146
1709436877.694084 13.350798 -26.411407 0.420818 0.010019 -0.015729 -0.627740 0.778200
1709436877.794915 13.357514 -26.505672 0.432559 0.018216 -0.017715 -0.627979 0.777816
1709436877.893628 13.381332 -26.601245 0.437318 0.023781 -0.010522 -0.628058 0.777732
1709436877.992424 13.405988 -26.697718 0.439824 0.018945 -0.005324 -0.631317 0.775275
1709436878.091117 13.453791 -26.786615 0.434073 0.007372 -0.004497 -0.630220 0.776368
1709436878.189894 13.482166 -26.878938 0.440314 0.011946 -0.004477 -0.631745 0.775072
1709436878.294207 13.513505 -26.967708 0.443465 0.015763 -0.006166 -0.630400 0.776086
1709436878.392821 13.546048 -27.056518 0.444982 0.018446 -0.005820 -0.631799 0.774891
1709436878.491407 13.565485 -27.156867 0.445884 0.022843 -0.002771 -0.631594 0.774958
1709436878.594626 13.576374 -27.265831 0.445964 0.020365 0.001839 -0.634469 0.772678
1709436878.694451 13.602944 -27.362270 0.447635 0.020989 0.001964 -0.633943 0.773093
1709436878.795116 13.624880 -27.467512 0.449814 0.030339 -0.003215 -0.633445 0.773186
1709436878.894708 13.666083 -27.558893 0.452838 0.026635 -0.004244 -0.634473 0.772474
1709436878.994799 13.704973 -27.641980 0.446845 0.022077 -0.003606 -0.635078 0.772124
1709436879.094621 13.742411 -27.734055 0.447841 0.016378 -0.004293 -0.637086 0.770607
1709436879.193516 13.769407 -27.835125 0.446773 0.015139 0.000655 -0.636994 0.770720
1709436879.292244 13.781322 -27.936391 0.455031 0.016175 0.002034 -0.635726 0.771743
1709436879.391069 13.788301 -28.038965 0.462625 0.018685 -0.002702 -0.636461 0.771078
1709436879.494795 13.786492 -28.148012 0.465306 0.026654 0.000579 -0.637562 0.769938
1709436879.593853 13.792730 -28.226897 0.478322 0.021678 -0.011755 -0.636803 0.770632
1709436879.692448 13.817767 -28.335892 0.475782 0.024482 -0.006613 -0.637502 0.770031
1709436879.795102 13.823793 -28.437895 0.478560 0.015444 -0.011380 -0.640358 0.767837
1709436879.894942 13.837157 -28.520449 0.474452 0.014663 -0.007805 -0.639319 0.768762
1709436879.994651 13.837471 -28.626675 0.484254 0.021420 -0.017547 -0.637766 0.769732
1709436880.094621 13.845388 -28.721119 0.490276 0.028918 -0.018360 -0.636505 0.770512
1709436880.194468 13.874666 -28.827427 0.490777 0.032337 -0.015797 -0.630771 0.775134
1709436880.295093 13.911212 -28.904896 0.493126 0.024640 -0.018256 -0.623633 0.781115
1709436880.394461 13.933862 -29.010647 0.493804 0.027684 -0.012271 -0.615543 0.787522
1709436880.493074 13.958588 -29.095119 0.509788 0.026909 -0.022905 -0.608048 0.793114
1709436880.591788 13.988020 -29.189128 0.513992 0.022618 -0.021943 -0.601183 0.798490
1709436880.690582 14.006159 -29.282731 0.523734 0.022098 -0.028970 -0.595704 0.802377
1709436880.794976 14.036561 -29.392562 0.524875 0.021745 -0.021690 -0.593796 0.804029
1709436880.893638 14.042077 -29.488115 0.533808 0.022288 -0.029469 -0.591694 0.805316
1709436880.992260 14.084305 -29.598769 0.533679 0.028507 -0.025936 -0.590308 0.806258
1709436881.090887 14.108708 -29.702080 0.539654 0.032059 -0.025966 -0.591686 0.805112
1709436881.194430 14.132094 -29.808423 0.545625 0.032510 -0.022546 -0.589278 0.806961
1709436881.295043 14.160920 -29.915639 0.547180 0.029398 -0.021179 -0.588575 0.807631
1709436881.394932 14.195886 -30.025978 0.557429 0.030565 -0.021092 -0.586413 0.809160
1709436881.494771 14.242582 -30.129147 0.567514 0.029859 -0.024984 -0.586426 0.809066
1709436881.594601 14.274557 -30.238049 0.567235 0.030188 -0.023039 -0.586034 0.809396
1709436881.694177 14.323502 -30.338340 0.563198 0.024159 -0.010716 -0.587377 0.808882
1709436881.793020 14.390568 -30.427834 0.560643 0.017685 -0.008834 -0.588049 0.808584
1709436881.892151 14.424382 -30.525324 0.556610 0.024487 0.000925 -0.587964 0.808516
1709436881.991194 14.476170 -30.615146 0.556707 0.028829 0.005419 -0.587494 0.808697
1709436882.094434 14.506315 -30.729894 0.550558 0.029409 0.010551 -0.588431 0.807944
1709436882.193140 14.551076 -30.822986 0.555115 0.022960 0.009323 -0.589041 0.807723
1709436882.291817 14.605053 -30.906172 0.557218 0.021260 0.012204 -0.587727 0.808688
1709436882.390529 14.633693 -30.992191 0.572726 0.022268 0.003968 -0.586401 0.809705
1709436882.494762 14.657064 -31.077912 0.578885 0.022797 -0.003578 -0.586435 0.809667
1709436882.593668 14.691435 -31.162156 0.578024 0.020151 -0.001888 -0.586126 0.809967
1709436882.692285 14.724253 -31.252332 0.579647 0.020949 -0.000335 -0.585525 0.810383
1709436882.795075 14.753520 -31.346945 0.580658 0.022027 -0.003282 -0.585198 0.810585
1709436882.894928 14.795738 -31.431438 0.573594 0.013341 0.002922 -0.582215 0.812920
1709436882.994257 14.847552 -31.507438 0.574979 0.014819 0.007567 -0.574311 0.818468
1709436883.093231 14.897145 -31.602315 0.577802 0.020880 0.008601 -0.569007 0.822023
1709436883.192121 14.940897 -31.684413 0.581274 0.016446 0.008626 -0.563502 0.825906
1709436883.295073 14.972146 -31.774250 0.584508 0.012940 0.013695 -0.558870 0.829041
1709436883.394229 15.040348 -31.851867 0.580990 0.004662 0.012257 -0.559659 0.828619
1709436883.492869 15.079535 -31.941318 0.577996 0.011694 0.015524 -0.554238 0.832131
1709436883.591606 15.111647 -32.031702 0.580546 0.010495 0.005394 -0.555005 0.831764
1709436883.694817 15.154426 -32.117677 0.570806 0.005203 0.008687 -0.556721 0.830638
1709436883.794511 15.195660 -32.199143 0.566859 0.006272 0.015297 -0.555958 0.831046
1709436883.893039 15.221668 -32.290989 0.577206 0.010833 0.008869 -0.555696 0.831268
1709436883.995120 15.278831 -32.385983 0.568846 0.015753 0.016437 -0.558147 0.829429
1709436884.094977 15.322648 -32.473221 0.573399 0.008581 0.017287 -0.558676 0.829161
1709436884.194819 15.370970 -32.552199 0.566554 0.010413 0.028594 -0.557787 0.829426
1709436884.294476 15.398549 -32.637049 0.584613 0.006562 0.020392 -0.559330 0.828668
1709436884.393383 15.411518 -32.723818 0.594707 0.004908 0.009421 -0.557592 0.830047
1709436884.492475 15.442426 -32.814579 0.594902 0.009991 0.009683 -0.556307 0.830860
1709436884.594973 15.466452 -32.902796 0.595571 -0.000783 -0.001404 -0.556391 0.830919
1709436884.694101 15.488244 -32.997244 0.601211 -0.001391 -0.005201 -0.556693 0.830701
1709436884.792834 15.513650 -33.065344 0.593962 -0.008721 -0.006662 -0.554901 0.831844
1709436884.891520 15.535794 -33.152694 0.599797 -0.003415 -0.002159 -0.553359 0.832933
1709436884.995088 15.569821 -33.248804 0.611343 0.008371 0.000908 -0.548763 0.835935
1709436885.094011 15.621180 -33.338528 0.607211 0.004703 0.004477 -0.547895 0.836522
1709436885.192514 15.677138 -33.432071 0.604526 -0.000069 0.013087 -0.543247 0.839471
1709436885.291302 15.721806 -33.548900 0.613787 0.010673 0.014102 -0.539180 0.842005
1709436885.394834 15.764555 -33.653146 0.616431 0.008723 0.010645 -0.537986 0.842842
1709436885.494676 15.824222 -33.755172 0.610793 0.008290 0.017272 -0.535317 0.844434
1709436885.594482 15.879852 -33.854266 0.607941 0.004372 0.018266 -0.534939 0.844682
1709436885.693622 15.920299 -33.939305 0.601953 -0.003444 0.025389 -0.533091 0.845670
1709436885.792637 15.968619 -34.027118 0.614887 -0.001931 0.020812 -0.530876 0.847192
1709436885.894432 15.994252 -34.113291 0.628440 -0.000422 0.009612 -0.531252 0.847159
1709436885.993809 16.018456 -34.186810 0.630003 -0.000961 0.006909 -0.530264 0.847804
1709436886.092614 16.054789 -34.232849 0.634818 -0.009407 -0.000829 -0.530491 0.847638
1709436886.191351 16.089959 -34.311984 0.624676 -0.011468 0.004535 -0.531146 0.847191
1709436886.294578 16.138011 -34.399921 0.611100 -0.018750 0.016165 -0.531398 0.846760
1709436886.393615 16.181600 -34.490785 0.618629 -0.018854 0.019714 -0.530886 0.847004
1709436886.492152 16.218188 -34.561487 0.630162 -0.009166 0.014436 -0.529098 0.848388
1709436886.590803 16.249470 -34.638021 0.647859 -0.000147 0.005499 -0.530825 0.847464
1709436886.694737 16.308919 -34.719614 0.654293 -0.002644 0.009389 -0.530529 0.847611
1709436886.794585 16.340320 -34.805843 0.656018 -0.009352 -0.002196 -0.532719 0.846238
1709436886.894493 16.398159 -34.866659 0.643304 -0.022156 -0.004090 -0.534780 0.844691
1709436886.993542 16.441863 -34.939699 0.638135 -0.025438 0.002880 -0.533456 0.845440
1709436887.092770 16.495140 -35.025752 0.652348 -0.015773 0.005510 -0.533030 0.845931
1709436887.194746 16.521579 -35.110009 0.667740 -0.008073 -0.001760 -0.535453 0.844525
1709436887.293601 16.569716 -35.203444 0.670001 -0.003064 0.007274 -0.535505 0.844495
1709436887.392400 16.607578 -35.288696 0.680281 -0.002154 0.005484 -0.537154 0.843464
1709436887.495066 16.640099 -35.389923 0.690584 0.003527 0.004525 -0.537481 0.843256
1709436887.594615 16.663773 -35.489547 0.694700 -0.001003 0.003661 -0.537682 0.843139
1709436887.693268 16.718210 -35.570965 0.693154 0.000296 0.005589 -0.537959 0.842953
1709436887.791864 16.743091 -35.662006 0.705448 0.010925 0.001800 -0.537143 0.843419
1709436887.890434 16.781717 -35.742239 0.704262 0.011215 -0.000653 -0.538164 0.842766
1709436887.995062 16.838492 -35.824868 0.702766 0.011344 0.004484 -0.537131 0.843411
1709436888.094910 16.893023 -35.906019 0.703416 0.017515 0.009869 -0.533092 0.845818
1709436888.194737 16.961406 -35.981154 0.695721 0.012814 0.013950 -0.529059 0.848374
1709436888.293800 17.001081 -36.058156 0.700165 0.009408 0.011912 -0.523086 0.852145
1709436888.394417 17.044236 -36.139908 0.710829 0.019040 0.013911 -0.518073 0.855011
1709436888.494420 17.111250 -36.240618 0.713617 0.020690 0.019256 -0.511877 0.858594
1709436888.593208 17.148775 -36.328008 0.716580 0.024826 0.011764 -0.506089 0.862043
1709436888.691953 17.205443 -36.419546 0.710612 0.025876 0.014312 -0.501896 0.864423
1709436888.790837 17.268705 -36.502709 0.711515 0.021146 0.018783 -0.499853 0.865648
1709436888.894456 17.328064 -36.590377 0.696884 0.023178 0.023748 -0.498253 0.866396
1709436888.993025 17.366698 -36.680566 0.700071 0.027659 0.016989 -0.498830 0.866092
1709436889.091673 17.390449 -36.773858 0.701522 0.026624 0.014283 -0.499784 0.865623
1709436889.194614 17.430333 -36.869673 0.708766 0.034900 0.009778 -0.508721 0.860168
1709436889.294642 17.458289 -36.955080 0.713188 0.038423 0.004625 -0.518033 0.854485
1709436889.394500 17.494391 -37.044071 0.716877 0.042206 0.005080 -0.525716 0.849598
1709436889.494832 17.502688 -37.124213 0.725512 0.038723 -0.008649 -0.528663 0.847904
1709436889.594183 17.539680 -37.220328 0.719034 0.041761 -0.001254 -0.532203 0.845585
1709436889.694814 17.551737 -37.294694 0.718679 0.041155 -0.005372 -0.529345 0.847391
1709436889.794214 17.560978 -37.376434 0.727968 0.050592 -0.014221 -0.525985 0.848869
1709436889.892960 17.589654 -37.447424 0.730680 0.054920 -0.014711 -0.526592 0.848215
1709436889.991841 17.639132 -37.530687 0.723055 0.049320 -0.014478 -0.528042 0.847661
1709436890.094575 17.713174 -37.614178 0.722198 0.044269 -0.006935 -0.528574 0.847704
1709436890.193928 17.749596 -37.687234 0.726671 0.036600 -0.020780 -0.525688 0.849635
1709436890.292546 17.803320 -37.774325 0.728761 0.040755 -0.015780 -0.527695 0.848309
1709436890.391118 17.861330 -37.840484 0.730370 0.026727 -0.019658 -0.526549 0.849497
1709436890.495114 17.914662 -37.923784 0.736875 0.026648 -0.018749 -0.525800 0.849984
1709436890.594960 17.940759 -38.001819 0.736349 0.022136 -0.031320 -0.525548 0.849899
1709436890.694802 17.995968 -38.093579 0.726250 0.019506 -0.017876 -0.530410 0.847328
1709436890.794618 18.053217 -38.186562 0.724815 0.008894 -0.009871 -0.530822 0.847379
1709436890.894455 18.122050 -38.273904 0.732603 0.012535 -0.007651 -0.531233 0.847099
1709436890.995100 18.167285 -38.376129 0.741049 0.012992 -0.007556 -0.530772 0.847381
1709436891.094213 18.209664 -38.479584 0.735581 0.023587 -0.001574 -0.530015 0.847659
1709436891.193047 18.264547 -38.570609 0.747794 0.027040 -0.000416 -0.530753 0.847095
1709436891.291970 18.318294 -38.658223 0.752394 0.024370 0.003388 -0.533087 0.845702
1709436891.394468 18.368105 -38.772850 0.743386 0.018681 0.005062 -0.532289 0.846341
1709436891.493691 18.428104 -38.873294 0.751055 0.026975 0.004381 -0.530426 0.847291
1709436891.592360 18.472971 -38.965834 0.754143 0.032893 -0.003142 -0.528126 0.848523
1709436891.691079 18.524692 -39.055679 0.755763 0.036670 -0.000284 -0.530801 0.846703
1709436891.794599 18.582189 -39.146870 0.744100 0.027461 -0.001570 -0.530739 0.847089
1709436891.894454 18.644848 -39.228961 0.741406 0.024499 0.002242 -0.531448 0.846733
1709436891.995089 18.688761 -39.311705 0.750418 0.021399 -0.006092 -0.530871 0.847161
1709436892.094929 18.714789 -39.404714 0.756544 0.020121 -0.007478 -0.532302 0.846283
1709436892.194760 18.763437 -39.465976 0.758873 0.008558 -0.012920 -0.530652 0.847448
1709436892.294629 18.807428 -39.540515 0.765265 0.012179 -0.013473 -0.529714 0.847982
1709436892.394337 18.847642 -39.630826 0.771483 0.010897 -0.014611 -0.531356 0.846952
1709436892.493251 18.892575 -39.720826 0.769725 0.010847 -0.012370 -0.530944 0.847247
1709436892.592235 18.936520 -39.812804 0.779139 0.012641 -0.009695 -0.530533 0.847515
1709436892.694688 18.992412 -39.929236 0.775898 0.011317 -0.000980 -0.531633 0.846899
1709436892.793262 19.031011 -40.038442 0.776542 0.012347 0.000672 -0.532745 0.846186
1709436892.891973 19.082692 -40.137950 0.776226 0.009279 0.002313 -0.533355 0.845837
1709436892.990689 19.128724 -40.237981 0.780593 0.016749 0.002749 -0.530970 0.847221
1709436893.094940 19.172159 -40.365351 0.781127 0.026414 0.011138 -0.532828 0.845738
1709436893.194081 19.233889 -40.476923 0.780000 0.022942 0.014238 -0.533904 0.845114
1709436893.292612 19.278259 -40.579268 0.786094 0.026011 0.013131 -0.533692 0.845177
1709436893.394443 19.333109 -40.680816 0.787161 0.023817 0.011431 -0.533124 0.845625
1709436893.495084 19.384478 -40.780869 0.787767 0.020396 0.006769 -0.535342 0.844362
1709436893.594914 19.428826 -40.871232 0.790510 0.014602 -0.003467 -0.534857 0.844809
1709436893.694267 19.483539 -40.969871 0.791626 0.015290 -0.007257 -0.535285 0.844502
1709436893.793303 19.524842 -41.074308 0.784286 0.011800 -0.006001 -0.536987 0.843486
1709436893.894822 19.569543 -41.176953 0.776022 0.007215 0.002652 -0.537626 0.843148
1709436893.994374 19.613407 -41.289049 0.780977 0.016970 0.001897 -0.534662 0.844893
1709436894.093181 19.664785 -41.410295 0.783439 0.028961 0.013108 -0.535577 0.843888
1709436894.191822 19.704024 -41.525116 0.785195 0.025426 0.014296 -0.535448 0.844065
1709436894.290560 19.769753 -41.639869 0.783498 0.025770 0.017010 -0.533342 0.845336
1709436894.394816 19.834265 -41.763926 0.778715 0.022854 0.016491 -0.532939 0.845685
1709436894.493649 19.893927 -41.866513 0.774707 0.014815 0.016915 -0.533684 0.845385
1709436894.592290 19.957056 -41.968762 0.778094 0.006716 0.013299 -0.531656 0.846829
1709436894.695132 20.017626 -42.089034 0.786033 0.006096 0.012142 -0.533817 0.845491
1709436894.794978 20.065031 -42.175299 0.787592 -0.004845 -0.003277 -0.532871 0.846176
1709436894.894833 20.128624 -42.266480 0.776953 -0.012450 -0.006121 -0.528301 0.848944
1709436894.994627 20.185906 -42.351636 0.788786 -0.009514 -0.010594 -0.528221 0.848988
1709436895.093732 20.240076 -42.453670 0.786043 -0.015349 -0.011296 -0.529414 0.848150
1709436895.194778 20.277941 -42.568819 0.783712 -0.006454 -0.003192 -0.520443 0.853866
1709436895.294047 20.341682 -42.691588 0.794786 -0.000750 0.008423 -0.525255 0.850903
1709436895.392741 20.431343 -42.783781 0.784040 -0.012209 0.017157 -0.526625 0.849837
1709436895.491410 20.490260 -42.890526 0.797715 -0.010343 0.010648 -0.525229 0.850831
1709436895.590250 20.536035 -43.011016 0.804113 0.003610 0.017569 -0.520847 0.853462
1709436895.694781 20.590271 -43.147133 0.810194 0.005851 0.012425 -0.525691 0.850565
1709436895.793302 20.662715 -43.289396 0.804932 0.009807 0.018805 -0.526416 0.849963
1709436895.891875 20.723291 -43.419773 0.809721 0.014899 0.020587 -0.525517 0.850404
1709436895.995127 20.805446 -43.556195 0.807366 0.015045 0.015048 -0.526786 0.849732
1709436896.094973 20.861793 -43.692988 0.816747 0.020267 0.005657 -0.527130 0.849524
1709436896.194803 20.924239 -43.796633 0.824364 0.015166 -0.007424 -0.528196 0.848954
1709436896.294549 20.966518 -43.935532 0.829522 0.012836 -0.012327 -0.530279 0.847637
1709436896.393788 21.010189 -44.040423 0.822482 0.005679 -0.011879 -0.531149 0.847176
1709436896.495054 21.086745 -44.160480 0.821088 0.007221 -0.005520 -0.531089 0.847267
1709436896.593725 21.133495 -44.287180 0.824016 0.011543 -0.005357 -0.531542 0.846937
1709436896.692521 21.187729 -44.416559 0.833023 0.023271 0.001803 -0.530008 0.847671
1709436896.791270 21.236213 -44.560101 0.835678 0.025277 0.003946 -0.531249 0.846830
1709436896.890132 21.310106 -44.715600 0.824310 0.015350 0.013618 -0.536636 0.843564
1709436896.994374 21.406879 -44.814349 0.823811 0.015439 0.008992 -0.533388 0.845682
1709436897.092933 21.459942 -44.950665 0.827411 0.028260 0.010213 -0.533666 0.845161
1709436897.191577 21.523618 -45.074068 0.826835 0.023672 0.008738 -0.534592 0.844733
1709436897.294598 21.576976 -45.186817 0.835159 0.022399 -0.000873 -0.531488 0.846769
1709436897.394421 21.641188 -45.302528 0.842402 0.025027 0.000047 -0.532699 0.845935
1709436897.495066 21.685474 -45.423857 0.851008 0.017342 -0.013551 -0.534207 0.845067
1709436897.594832 21.761550 -45.525642 0.848090 0.010865 -0.012860 -0.535296 0.844497
1709436897.694746 21.800172 -45.645764 0.841669 0.016025 -0.010721 -0.531029 0.847134
1709436897.794580 21.848551 -45.776179 0.847620 0.023101 -0.006847 -0.529562 0.847929
1709436897.893608 21.914098 -45.913122 0.842429 0.029194 0.003935 -0.528258 0.848573
1709436897.992400 21.983326 -46.050649 0.844243 0.031223 0.010693 -0.526471 0.849553
1709436898.091212 22.047163 -46.178402 0.850869 0.028913 0.005220 -0.526238 0.849829
1709436898.195126 22.102205 -46.322284 0.844840 0.022654 0.003099 -0.531094 0.847004
1709436898.294114 22.164777 -46.429737 0.843136 0.008018 0.000822 -0.529810 0.848078
1709436898.392787 22.225865 -46.520457 0.846159 -0.000208 -0.004728 -0.527807 0.849351
1709436898.491350 22.297152 -46.640984 0.845201 0.005077 0.003562 -0.528691 0.848792
1709436898.594489 22.353012 -46.770186 0.851384 0.010362 -0.004471 -0.527956 0.849197
1709436898.695114 22.399233 -46.879167 0.853059 0.012577 -0.003702 -0.531060 0.847233
1709436898.794961 22.459920 -46.987539 0.848840 0.010873 0.002965 -0.532299 0.846481
1709436898.894813 22.535209 -47.101004 0.842132 0.006904 0.009830 -0.532118 0.846585
1709436898.994649 22.604830 -47.204834 0.843959 0.008269 0.012969 -0.531830 0.846712
1709436899.094467 22.666952 -47.324891 0.860730 0.012926 0.011572 -0.529751 0.847976
1709436899.193535 22.734206 -47.467062 0.861029 0.014708 0.015634 -0.530813 0.847217
1709436899.292296 22.807051 -47.581651 0.859434 0.011372 0.014206 -0.531979 0.846562
1709436899.391034 22.886158 -47.687878 0.860402 0.003466 0.006053 -0.532066 0.846674
1709436899.494623 22.977269 -47.804699 0.852713 0.003711 0.018229 -0.532133 0.846457
1709436899.593665 23.037957 -47.924135 0.851940 0.006834 0.018326 -0.531722 0.846693
1709436899.692354 23.084597 -48.036723 0.863796 0.014369 0.006046 -0.530594 0.847483
1709436899.790906 23.143675 -48.161985 0.855950 0.019462 0.015447 -0.531889 0.846450
1709436899.894790 23.194759 -48.288661 0.856902 0.010530 0.009668 -0.534815 0.844848
1709436899.994623 23.268649 -48.419390 0.846334 0.004744 0.011281 -0.533743 0.845558
1709436900.093252 23.315617 -48.537278 0.854373 0.009485 0.008815 -0.532912 0.846072
1709436900.195127 23.370232 -48.663929 0.858166 0.008771 0.001586 -0.535329 0.844596
1709436900.294949 23.436623 -48.762826 0.860904 0.011830 0.005821 -0.535196 0.844625
1709436900.394222 23.494881 -48.885588 0.869790 0.006051 -0.007810 -0.536794 0.843655
1709436900.492930 23.539201 -49.005057 0.872487 -0.000893 -0.007787 -0.537607 0.843159
1709436900.591900 23.601391 -49.117423 0.873359 0.001782 -0.008394 -0.536024 0.844159
1709436900.690808 23.658868 -49.232128 0.881605 0.004892 -0.011446 -0.537880 0.842930
1709436900.794845 23.728162 -49.353501 0.879234 0.001147 -0.004781 -0.539779 0.841793
1709436900.893405 23.778470 -49.475336 0.885023 0.004128 0.004225 -0.540447 0.841357
1709436900.992093 23.820204 -49.595054 0.891542 0.006250 -0.000624 -0.541093 0.840939
1709436901.090675 23.854134 -49.734714 0.889621 0.018824 0.001594 -0.538660 0.842311
1709436901.195099 23.918529 -49.880425 0.898155 0.025893 0.009370 -0.539768 0.841363
1709436901.294422 23.969760 -49.999519 0.905878 0.021518 0.003544 -0.539017 0.842013
1709436901.394764 24.030105 -50.119522 0.902292 0.019156 0.010499 -0.540147 0.841287
1709436901.494603 24.092365 -50.225972 0.898278 0.008961 0.003613 -0.541259 0.840801
1709436901.594453 24.139379 -50.342864 0.906046 0.008504 -0.002148 -0.539606 0.841872
1709436901.694232 24.176574 -50.443430 0.906569 0.019168 -0.001043 -0.538073 0.842679
1709436901.793114 24.237518 -50.548638 0.907915 0.017091 -0.000477 -0.541134 0.840763
1709436901.892109 24.294029 -50.650929 0.906850 0.007661 0.002937 -0.540756 0.841139
1709436901.991216 24.333978 -50.741078 0.902934 0.009976 0.004224 -0.539530 0.841897
1709436902.094364 24.390090 -50.847435 0.899893 0.010888 0.010660 -0.541216 0.840745
1709436902.193003 24.448819 -50.944177 0.894134 0.011338 0.012724 -0.539561 0.841774
1709436902.291648 24.496799 -51.047864 0.898016 0.016624 0.010775 -0.540010 0.841425
1709436902.390344 24.540370 -51.146074 0.901317 0.015222 0.014773 -0.542297 0.839919
1709436902.494616 24.592492 -51.248809 0.900724 0.007915 0.015716 -0.544311 0.838699
1709436902.593300 24.627071 -51.350895 0.900146 0.006884 0.013065 -0.544565 0.838589
1709436902.695103 24.674842 -51.437712 0.909401 0.001518 0.002565 -0.545690 0.837982
1709436902.794947 24.689387 -51.534335 0.918809 0.004112 -0.000590 -0.544785 0.838566
1709436902.894786 24.726649 -51.627477 0.919756 0.007362 0.000199 -0.545366 0.838166
1709436902.994121 24.772259 -51.695711 0.929021 0.002376 -0.008567 -0.543129 0.839602
1709436903.093109 24.822165 -51.782481 0.929339 0.011894 -0.003641 -0.542307 0.840088
1709436903.192112 24.871136 -51.872167 0.936423 0.008384 -0.000252 -0.543716 0.839228
1709436903.294947 24.916581 -51.963378 0.936642 0.007215 -0.001848 -0.543466 0.839398
1709436903.394159 24.960717 -52.061575 0.931698 0.006038 0.001339 -0.545294 0.838222
1709436903.492883 25.009699 -52.152608 0.939937 0.003053 -0.003875 -0.546687 0.837322
1709436903.591575 25.073254 -52.247563 0.935574 0.003295 -0.002009 -0.548747 0.835980
1709436903.694749 25.140005 -52.349252 0.931956 -0.000123 -0.003147 -0.548424 0.836195
1709436903.794079 25.164018 -52.452724 0.945043 0.006022 -0.006305 -0.548662 0.835999
1709436903.892720 25.196522 -52.553577 0.958195 0.011014 -0.006508 -0.548349 0.836152
1709436903.991352 25.228721 -52.642120 0.970990 0.017703 -0.009423 -0.546372 0.837303
1709436904.094900 25.268790 -52.734238 0.971559 0.019882 -0.007599 -0.546084 0.837460
1709436904.194731 25.316885 -52.823400 0.970919 0.013300 -0.009113 -0.546649 0.837207
1709436904.294195 25.349080 -52.909219 0.978302 0.016454 -0.011015 -0.544127 0.838769
1709436904.393245 25.389681 -52.996039 0.981882 0.018720 -0.009775 -0.544340 0.838599
1709436904.492387 25.439662 -53.077602 0.979546 0.011918 -0.007527 -0.544393 0.838712
1709436904.594501 25.496939 -53.173846 0.987485 0.008035 -0.005345 -0.543129 0.839594
1709436904.693906 25.555453 -53.264053 0.995435 0.005503 -0.004051 -0.544334 0.838841
1709436904.792591 25.599421 -53.363677 0.994377 0.004831 0.001068 -0.541595 0.840625
1709436904.891359 25.638290 -53.466665 1.001346 0.003768 -0.003117 -0.541851 0.840460
1709436904.994627 25.685820 -53.562260 0.995758 0.001081 0.004450 -0.543581 0.839344
1709436905.093734 25.740936 -53.645582 0.999271 -0.005458 -0.005037 -0.543402 0.839440
1709436905.192446 25.779081 -53.738400 0.997115 -0.000427 0.007067 -0.543697 0.839252
1709436905.291066 25.826896 -53.834593 0.998790 0.001145 0.000920 -0.546059 0.837745
1709436905.394761 25.884114 -53.921060 0.998924 -0.002207 0.005647 -0.546198 0.837634
1709436905.494602 25.924252 -54.020382 1.006192 -0.004040 0.000857 -0.546271 0.837598
1709436905.594373 25.934887 -54.126402 1.025129 0.003829 0.004830 -0.546265 0.837590
1709436905.693274 25.955113 -54.204511 1.031885 -0.002635 -0.011833 -0.545925 0.837746
1709436905.792387 25.999979 -54.293491 1.033333 0.002937 -0.009172 -0.545276 0.838201
1709436905.894767 26.055094 -54.388653 1.033494 0.001362 -0.005169 -0.548673 0.836020
1709436905.993712 26.102916 -54.484668 1.025045 0.000195 -0.000392 -0.550717 0.834692
1709436906.092445 26.158903 -54.578795 1.030501 -0.000559 0.002990 -0.553442 0.832882
1709436906.191092 26.199331 -54.699071 1.036651 0.009717 0.013949 -0.555827 0.831124
1709436906.294913 26.245505 -54.811810 1.042796 0.007204 0.009598 -0.557525 0.830074
1709436906.393485 26.283624 -54.906372 1.037887 0.009367 0.008860 -0.557329 0.830192
1709436906.492100 26.315503 -54.994456 1.039311 0.010705 0.002801 -0.557785 0.829912
1709436906.590820 26.328219 -55.092633 1.052919 0.028062 -0.001965 -0.556230 0.830552
1709436906.695097 26.347843 -55.200427 1.062611 0.037547 -0.012298 -0.557761 0.829061
1709436906.794949 26.381781 -55.293945 1.078519 0.036357 -0.009275 -0.560780 0.827114
1709436906.894326 26.424257 -55.373754 1.081843 0.026987 -0.013316 -0.561895 0.826661
1709436906.993562 26.460781 -55.455425 1.066323 0.022927 -0.011425 -0.560963 0.827445
1709436907.092452 26.509140 -55.553334 1.078705 0.029495 -0.018521 -0.560056 0.827723
1709436907.194736 26.538795 -55.658512 1.088038 0.033514 -0.024660 -0.557681 0.829012
1709436907.293538 26.571260 -55.749446 1.094241 0.026399 -0.027770 -0.558472 0.828638
1709436907.392276 26.603719 -55.842376 1.079715 0.027594 -0.024460 -0.557413 0.829416
1709436907.491046 26.651428 -55.946280 1.084063 0.031006 -0.015308 -0.558473 0.828801
1709436907.594469 26.704293 -56.055789 1.103309 0.029393 -0.017333 -0.556082 0.830426
1709436907.693106 26.756383 -56.172586 1.126416 0.028008 -0.010640 -0.558359 0.829058
1709436907.791752 26.811475 -56.276150 1.132969 0.021577 -0.002924 -0.558465 0.829243
1709436907.894784 26.876325 -56.389704 1.141476 0.022125 -0.004039 -0.558194 0.829406
1709436907.994656 26.908143 -56.498456 1.157849 0.019941 -0.012542 -0.558083 0.829451
1709436908.094502 26.982790 -56.621733 1.150708 0.017374 -0.008260 -0.558804 0.829077
1709436908.194647 27.016518 -56.741430 1.137097 0.021701 0.000608 -0.555838 0.831007
1709436908.293711 27.062156 -56.837399 1.144614 0.019218 -0.002856 -0.555756 0.831118
1709436908.394801 27.116683 -56.959349 1.145047 0.028439 0.008869 -0.554770 0.831470
1709436908.494367 27.152225 -57.081535 1.158597 0.034473 0.004080 -0.556056 0.830420
1709436908.593137 27.209057 -57.203082 1.145545 0.035111 0.008213 -0.557732 0.829238
1709436908.692025 27.288743 -57.321658 1.126691 0.021003 0.009380 -0.560560 0.827794
1709436908.794959 27.362578 -57.447767 1.110257 0.017683 0.015827 -0.560079 0.828099
1709436908.894274 27.424599 -57.562615 1.119149 0.026451 0.010883 -0.556470 0.830375
1709436908.992785 27.446079 -57.689076 1.132522 0.028043 0.000348 -0.559594 0.828292
1709436909.091563 27.495694 -57.804792 1.140274 0.024216 0.005997 -0.558732 0.828973
1709436909.195116 27.549268 -57.924538 1.159213 0.026383 -0.000429 -0.559141 0.828652
1709436909.294981 27.592661 -58.053057 1.155022 0.024564 0.000041 -0.559945 0.828165
1709436909.394827 27.633375 -58.186990 1.156050 0.026319 0.003063 -0.559605 0.828336
1709436909.494677 27.704561 -58.318815 1.148969 0.029565 0.009846 -0.561692 0.826759
1709436909.594494 27.753852 -58.449239 1.147935 0.028071 0.011822 -0.561478 0.826931
1709436909.694754 27.814760 -58.573693 1.146893 0.025439 0.009641 -0.562105 0.826618
1709436909.794263 27.865412 -58.707808 1.139743 0.023206 0.013296 -0.563329 0.825800
1709436909.893141 27.905042 -58.839229 1.139664 0.020175 0.001471 -0.563389 0.825944
1709436909.992008 27.946733 -58.976228 1.126344 0.020484 0.005064 -0.563858 0.825602
1709436910.094893 27.995674 -59.107792 1.133904 0.022548 0.005194 -0.565607 0.824350
1709436910.193874 28.057494 -59.249017 1.126720 0.018681 0.005073 -0.566125 0.824092
1709436910.292631 28.104126 -59.398669 1.132777 0.024341 0.013285 -0.565330 0.824399
1709436910.391270 28.140000 -59.533111 1.144053 0.020422 0.005339 -0.566190 0.824005
1709436910.495055 28.200033 -59.669241 1.150693 0.022344 0.004420 -0.564808 0.824908
1709436910.594921 28.264709 -59.795920 1.142763 0.027455 0.010418 -0.560991 0.827301
1709436910.694760 28.315554 -59.917917 1.138282 0.026097 0.007915 -0.550414 0.834446
1709436910.794598 28.372567 -60.028312 1.151115 0.029999 0.012481 -0.535832 0.843699
1709436910.894450 28.424316 -60.150499 1.149156 0.028268 0.014636 -0.522056 0.852317
1709436910.995097 28.515034 -60.251230 1.143104 0.023387 0.016326 -0.505741 0.862214
1709436911.093930 28.601335 -60.382130 1.133176 0.029948 0.024124 -0.498078 0.866279
1709436911.192637 28.675816 -60.520965 1.139211 0.038588 0.035688 -0.491375 0.869361
1709436911.291732 28.753877 -60.641362 1.148971 0.033277 0.028157 -0.488378 0.871543
1709436911.394445 28.844658 -60.756617 1.148619 0.029758 0.027582 -0.482635 0.874881
1709436911.493545 28.920175 -60.896381 1.155167 0.021830 0.003673 -0.483254 0.875200
1709436911.592134 28.984441 -61.000066 1.154650 0.014967 -0.006000 -0.482338 0.875837
1709436911.690777 29.069334 -61.107175 1.152127 0.005396 -0.003064 -0.485625 0.874145
1709436911.789420 29.140013 -61.198999 1.135938 -0.002802 -0.002085 -0.489008 0.872272
1709436911.894449 29.226028 -61.317289 1.139299 -0.000020 0.002777 -0.495049 0.868860
1709436911.995095 29.295961 -61.436683 1.152196 0.009270 -0.001294 -0.498295 0.866957
1709436912.094929 29.377375 -61.565589 1.158534 0.014690 -0.000428 -0.505674 0.862599
1709436912.194773 29.472631 -61.707640 1.150381 0.011000 0.003925 -0.507264 0.861712
1709436912.294621 29.558209 -61.834717 1.171408 0.008464 0.002416 -0.507112 0.861835
1709436912.394187 29.621051 -61.962711 1.182568 0.012131 -0.001574 -0.506722 0.862023
1709436912.493226 29.688303 -62.104298 1.180828 0.008100 -0.000866 -0.508304 0.861139
1709436912.594939 29.767136 -62.234378 1.179184 0.007091 -0.003877 -0.507939 0.861355
1709436912.694544 29.850657 -62.368325 1.180103 0.003674 0.001186 -0.511000 0.859572
1709436912.793234 29.935245 -62.500437 1.203464 0.002457 -0.001230 -0.518082 0.855327
1709436912.891919 30.008808 -62.635564 1.211809 0.004962 -0.001961 -0.525724 0.850638
1709436912.990615 30.074507 -62.774774 1.215703 0.004818 0.004881 -0.535255 0.844663
1709436913.094947 30.140031 -62.904725 1.227979 0.001176 0.000250 -0.542919 0.839784
1709436913.194091 30.204246 -63.062532 1.231198 0.008912 0.007654 -0.546649 0.837279
1709436913.292647 30.260077 -63.197982 1.239921 0.004447 0.003169 -0.546696 0.837313
1709436913.394460 30.329191 -63.334902 1.250782 0.009969 0.002535 -0.545773 0.837870
1709436913.495081 30.396149 -63.479157 1.253351 0.020831 0.006599 -0.544639 0.838386
1709436913.594934 30.449587 -63.612480 1.257696 0.014143 0.000347 -0.542894 0.839682
1709436913.694188 30.512646 -63.761349 1.231409 0.016252 0.014386 -0.544419 0.838533
1709436913.793206 30.566019 -63.895157 1.232410 0.011544 0.011987 -0.543299 0.839374
1709436913.892116 30.627530 -64.039507 1.225001 0.023684 0.023507 -0.541718 0.839898
1709436913.994370 30.677755 -64.172976 1.242442 0.019457 0.014243 -0.543454 0.839093
1709436914.093004 30.739723 -64.316639 1.257737 0.017205 0.011841 -0.544031 0.838805
1709436914.191773 30.791963 -64.437581 1.259678 0.017942 0.002734 -0.544159 0.838786
1709436914.290266 30.836597 -64.574142 1.251505 0.010125 -0.005123 -0.547510 0.836722
1709436914.394453 30.887091 -64.711169 1.256145 0.014723 0.007997 -0.547813 0.836433
1709436914.493563 30.943566 -64.839539 1.262187 0.011546 0.006026 -0.549021 0.835707
1709436914.592122 30.998876 -64.973619 1.261897 0.014769 0.010495 -0.549081 0.835572
1709436914.694752 31.041459 -65.096644 1.272921 0.014631 0.008493 -0.548492 0.835985
1709436914.794585 31.106070 -65.221039 1.263160 0.007569 0.005666 -0.550471 0.834800
1709436914.894821 31.168315 -65.342547 1.256158 0.005043 0.007089 -0.548195 0.836305
1709436914.994282 31.216127 -65.485969 1.264051 0.006993 0.001795 -0.548188 0.836324
1709436915.093342 31.269651 -65.622040 1.262392 0.007961 -0.000553 -0.549267 0.835609
1709436915.195124 31.341732 -65.753630 1.269841 0.007948 0.008342 -0.548570 0.836025
1709436915.293894 31.409143 -65.893370 1.275796 0.002486 0.001240 -0.548129 0.836389
1709436915.392634 31.491289 -66.031301 1.288544 0.009435 0.002806 -0.546925 0.837124
1709436915.491401 31.554565 -66.172154 1.296072 0.010516 0.006835 -0.548636 0.835968
1709436915.590169 31.624175 -66.323344 1.293511 0.006313 0.008991 -0.549676 0.835306
1709436915.694570 31.696729 -66.470591 1.297316 0.011946 0.012792 -0.547590 0.836564
1709436915.793165 31.768136 -66.610042 1.303508 0.012509 0.007212 -0.548020 0.836341
1709436915.891810 31.832096 -66.739048 1.303650 0.013968 0.005710 -0.547767 0.836495
1709436915.994641 31.919013 -66.883647 1.294747 0.018667 0.010697 -0.547597 0.836466
1709436916.094474 31.972403 -67.013562 1.295416 0.015935 0.007466 -0.547490 0.836627
1709436916.195113 32.046428 -67.158283 1.291723 0.015924 0.012145 -0.547629 0.836482
1709436916.294273 32.093491 -67.296866 1.303957 0.021224 0.007871 -0.547752 0.836334
1709436916.393481 32.144485 -67.429906 1.303950 0.019078 0.009879 -0.547865 0.836291
1709436916.494604 32.216723 -67.568984 1.307479 0.014987 0.004332 -0.547737 0.836505
1709436916.593773 32.289193 -67.711046 1.302574 0.012670 0.007402 -0.548875 0.835776
1709436916.692424 32.330447 -67.847493 1.312573 0.014726 -0.001684 -0.547130 0.836916
1709436916.791219 32.384534 -67.989944 1.315904 0.017540 0.004074 -0.548766 0.835782
1709436916.894758 32.452253 -68.136205 1.314438 0.016966 0.006377 -0.547938 0.836322
1709436916.994302 32.499660 -68.269229 1.314819 0.014715 0.000388 -0.546516 0.837319
1709436917.092880 32.568018 -68.414172 1.307478 0.013615 0.004496 -0.546619 0.837259
1709436917.191571 32.631989 -68.547681 1.312755 0.009557 0.002946 -0.544518 0.838690
1709436917.294902 32.681253 -68.692923 1.311117 0.011769 0.006847 -0.544952 0.838356
1709436917.394746 32.746005 -68.830587 1.315144 0.011262 0.002066 -0.544023 0.838992
1709436917.494580 32.823034 -68.958813 1.316744 0.009214 0.006807 -0.543912 0.839064
1709436917.594815 32.893434 -69.087848 1.304387 0.002386 0.008587 -0.544873 0.838471
1709436917.694656 32.965318 -69.207412 1.314262 0.007887 0.013115 -0.537502 0.843124
1709436917.794490 33.044723 -69.338578 1.326711 0.010568 0.009523 -0.539859 0.841635
1709436917.893594 33.114692 -69.485226 1.333273 0.011490 0.013269 -0.540441 0.841199
1709436917.992236 33.179218 -69.617884 1.338968 0.007237 0.008418 -0.537442 0.843227
1709436918.091063 33.262070 -69.751639 1.341939 0.013597 0.011806 -0.538287 0.842569
1709436918.194648 33.324575 -69.892530 1.336189 0.008849 0.009417 -0.537136 0.843397
1709436918.293869 33.405697 -70.027630 1.337707 0.010492 0.009258 -0.537477 0.843162
1709436918.392438 33.468319 -70.166515 1.336059 0.014431 0.005904 -0.536570 0.843712
1709436918.491047 33.524921 -70.300762 1.338026 0.020107 0.010291 -0.538102 0.842577
1709436918.594832 33.594350 -70.438199 1.332844 0.012783 0.012312 -0.539694 0.841674
1709436918.694667 33.659662 -70.576655 1.329287 0.016481 0.013032 -0.537278 0.843144
1709436918.794503 33.705334 -70.723490 1.330173 0.016742 0.007421 -0.538254 0.842584
1709436918.894758 33.777445 -70.863354 1.329048 0.016264 0.007639 -0.540517 0.841141
1709436918.994606 33.850376 -70.990265 1.331628 0.012408 0.012894 -0.539382 0.841871
1709436919.094439 33.910804 -71.130103 1.327177 0.009956 0.011467 -0.539385 0.841922
1709436919.193295 33.961768 -71.268357 1.334356 0.009485 0.007469 -0.540797 0.841066
1709436919.292197 34.022355 -71.397568 1.337009 0.008140 0.005970 -0.539441 0.841963
1709436919.391120 34.093334 -71.531380 1.331589 0.007588 0.009367 -0.536284 0.843952
1709436919.494606 34.168338 -71.668160 1.326677 0.006097 0.003415 -0.536027 0.844172
1709436919.593578 34.229050 -71.806973 1.325686 0.011439 0.004927 -0.534309 0.845197
1709436919.692257 34.274776 -71.954574 1.330344 0.011406 0.001991 -0.533286 0.845856
1709436919.790900 34.337339 -72.100102 1.334408 0.008424 0.009415 -0.532945 0.846055
1709436919.894757 34.397659 -72.242600 1.340113 0.005766 0.006677 -0.530238 0.847803
1709436919.994584 34.455421 -72.379358 1.339849 0.008741 0.005053 -0.525919 0.850475
1709436920.093346 34.516994 -72.507648 1.342518 0.009822 0.006109 -0.525561 0.850677
1709436920.195084 34.574472 -72.637453 1.346230 0.009044 0.001985 -0.521798 0.853019
1709436920.294930 34.660032 -72.766409 1.349164 0.009153 0.007518 -0.519581 0.854339
1709436920.394324 34.723754 -72.888988 1.357056 0.008575 0.005098 -0.515598 0.856772
1709436920.493186 34.799487 -73.021850 1.368872 0.014020 0.001123 -0.511941 0.858905
1709436920.592052 34.874332 -73.152061 1.365441 0.007331 0.002468 -0.509586 0.860385
1709436920.695071 34.963559 -73.278262 1.369093 0.012478 0.006301 -0.499547 0.866174
1709436920.794641 35.055029 -73.407054 1.373069 0.014857 0.002313 -0.492122 0.870396
1709436920.893233 35.158113 -73.525147 1.369730 0.011817 0.009793 -0.483147 0.875405
1709436920.991884 35.250023 -73.637092 1.380608 0.010127 0.007455 -0.469180 0.883013
1709436921.090583 35.351497 -73.746220 1.375716 0.013200 0.010603 -0.457010 0.889300
1709436921.194654 35.459064 -73.851219 1.378154 0.012956 0.012968 -0.437962 0.898807
1709436921.293574 35.569231 -73.947790 1.366596 0.009804 0.015536 -0.417130 0.908661
1709436921.394768 35.682579 -74.049127 1.369766 0.015015 0.015401 -0.396284 0.917876
1709436921.494609 35.797305 -74.128265 1.371615 0.011926 0.015657 -0.376883 0.926052
1709436921.594454 35.922098 -74.211775 1.372857 0.008369 0.019175 -0.353961 0.935026
1709436921.694348 36.013965 -74.303734 1.371043 0.010862 0.015923 -0.334179 0.942312
1709436921.793321 36.124159 -74.387815 1.378690 0.015101 0.018401 -0.312760 0.949534
1709436921.892408 36.257492 -74.461171 1.374455 0.014003 0.021460 -0.293288 0.955681
1709436921.994574 36.363057 -74.521858 1.373122 0.011703 0.013980 -0.270344 0.962591
1709436922.094279 36.477708 -74.603799 1.371719 0.011866 0.013810 -0.250233 0.968014
1709436922.192987 36.599843 -74.680849 1.373479 0.018260 0.011647 -0.229289 0.973117
1709436922.291665 36.733445 -74.727977 1.370016 0.016740 0.014237 -0.212080 0.977005
1709436922.394768 36.865449 -74.780444 1.364314 0.011957 0.010680 -0.191376 0.981386
1709436922.494565 37.007303 -74.804758 1.366493 0.013161 0.010211 -0.172442 0.984879
1709436922.593102 37.146359 -74.825573 1.366973 0.012566 0.012247 -0.154008 0.987914
1709436922.695071 37.287774 -74.840845 1.372514 0.008325 0.007100 -0.132404 0.991135
1709436922.794915 37.413468 -74.864666 1.374555 0.012950 0.011797 -0.113728 0.993357
1709436922.894753 37.544528 -74.919761 1.376044 0.016659 0.005581 -0.092575 0.995551
1709436922.994393 37.703907 -74.932083 1.375877 0.017853 0.013626 -0.077122 0.996769
1709436923.093112 37.838592 -74.932174 1.378492 0.018609 0.004693 -0.055397 0.998280
1709436923.192306 37.979500 -74.956621 1.385325 0.019867 0.016487 -0.038204 0.998936
1709436923.294932 38.130838 -74.950790 1.388742 0.024085 0.023497 -0.017193 0.999286
1709436923.393932 38.279543 -74.929483 1.386306 0.020850 0.018805 0.008699 0.999568
1709436923.492551 38.408380 -74.928136 1.386264 0.023695 0.021732 0.028119 0.999087
1709436923.591343 38.550570 -74.902126 1.375223 0.019402 0.018185 0.051353 0.998326
1709436923.695079 38.696865 -74.876297 1.374778 0.012463 0.018439 0.072464 0.997123
1709436923.794148 38.819564 -74.849657 1.378495 0.012191 0.019806 0.092334 0.995456
1709436923.892709 38.968642 -74.826118 1.393781 0.013469 0.017065 0.112586 0.993404
1709436923.991320 39.096195 -74.770032 1.396731 0.009372 0.015063 0.130201 0.991329
1709436924.094804 39.242812 -74.720847 1.393894 0.011300 0.020030 0.150480 0.988345
1709436924.194646 39.376142 -74.673647 1.397287 0.011798 0.025275 0.163897 0.986083
1709436924.294373 39.498548 -74.590459 1.400066 0.010432 0.027808 0.181914 0.982866
1709436924.393429 39.625154 -74.522591 1.396760 0.006755 0.026698 0.200278 0.979352
1709436924.492411 39.756124 -74.447361 1.403200 0.006105 0.026438 0.214801 0.976281
1709436924.594807 39.871502 -74.359720 1.396681 0.000758 0.023658 0.229998 0.972903
1709436924.693723 39.997653 -74.282910 1.396182 -0.006526 0.023552 0.244078 0.969448
1709436924.792463 40.087176 -74.209054 1.404473 -0.002042 0.018315 0.256471 0.966376
1709436924.891249 40.206512 -74.131964 1.410582 -0.000023 0.011795 0.270806 0.962562
1709436924.994949 40.326375 -74.046569 1.414180 0.000820 0.019041 0.283869 0.958674
1709436925.093695 40.438907 -73.960561 1.411009 -0.000870 0.015361 0.296975 0.954761
1709436925.192446 40.537360 -73.865235 1.409580 -0.000901 0.015260 0.307022 0.951580
1709436925.290954 40.635461 -73.759897 1.406249 -0.000233 0.014929 0.321466 0.946803
1709436925.395124 40.765465 -73.652325 1.415136 0.005459 0.016014 0.333247 0.942688
1709436925.494943 40.862863 -73.559467 1.419694 0.006352 0.016907 0.343368 0.939027
1709436925.594548 40.999812 -73.468551 1.426476 0.002726 0.032585 0.352723 0.935156
1709436925.693455 41.105351 -73.365126 1.433801 0.008234 0.032720 0.368073 0.929184
1709436925.792539 41.197190 -73.270747 1.435004 0.004994 0.023528 0.385160 0.922536
1709436925.894750 41.296200 -73.156158 1.430723 0.003771 0.031893 0.399966 0.915967
1709436925.993452 41.388170 -73.050774 1.435623 0.005934 0.029193 0.408850 0.912115
1709436926.092216 41.463473 -72.930250 1.427309 -0.003244 0.026332 0.418264 0.907938
1709436926.190975 41.545089 -72.819840 1.425180 -0.006740 0.027984 0.429213 0.902745
1709436926.294488 41.640655 -72.706636 1.418747 -0.008867 0.032694 0.436334 0.899147
1709436926.393472 41.700530 -72.576832 1.420223 -0.007893 0.033522 0.444710 0.895012
1709436926.492064 41.776373 -72.449038 1.417598 -0.003163 0.029760 0.458286 0.888301
1709436926.590749 41.836182 -72.319009 1.412863 -0.004747 0.022295 0.476378 0.878945
1709436926.694647 41.890734 -72.183764 1.411153 -0.002753 0.017404 0.496324 0.867958
1709436926.794487 41.932051 -72.056787 1.409321 -0.008067 0.019926 0.511545 0.858988
1709436926.894534 41.968657 -71.926200 1.405776 -0.008456 0.016854 0.525363 0.850669
1709436926.993700 42.024382 -71.792084 1.394321 -0.017237 0.017462 0.537433 0.842949
1709436927.094798 42.082675 -71.652646 1.388867 -0.022640 0.013033 0.551598 0.833701
1709436927.194614 42.141713 -71.517448 1.389087 -0.021254 0.016511 0.566992 0.823284
1709436927.293334 42.202070 -71.384065 1.394723 -0.015926 0.019229 0.574723 0.817967
1709436927.392233 42.237937 -71.250611 1.383360 -0.013663 0.013701 0.582016 0.812947
1709436927.491136 42.277569 -71.122020 1.377492 -0.008169 0.013075 0.591862 0.805892
1709436927.594511 42.322532 -70.986115 1.374879 -0.004524 0.018370 0.611441 0.791064
1709436927.693002 42.355975 -70.846450 1.389648 0.003567 0.031980 0.630447 0.775565
1709436927.791594 42.374163 -70.713705 1.381864 0.002932 0.027173 0.648935 0.760353
1709436927.895136 42.382990 -70.568583 1.377037 -0.009607 0.032458 0.664373 0.746635
1709436927.994980 42.377864 -70.434062 1.372984 -0.004209 0.027999 0.684738 0.728240
1709436928.094835 42.351796 -70.286109 1.350983 -0.020639 0.026910 0.702819 0.710560
1709436928.194659 42.321374 -70.158909 1.341181 -0.025731 0.025733 0.726585 0.686112
1709436928.294236 42.308808 -70.009120 1.320728 -0.030246 0.038596 0.743304 0.667154
1709436928.394767 42.283214 -69.883230 1.331720 -0.029798 0.053232 0.752633 0.655608
1709436928.494159 42.253889 -69.783254 1.334711 -0.020276 0.047170 0.766090 0.640679
1709436928.593144 42.216435 -69.711852 1.326556 -0.013100 0.034601 0.779733 0.625018
1709436928.692082 42.197733 -69.633344 1.307905 -0.007243 0.027227 0.792803 0.608826
1709436928.794901 42.179078 -69.554612 1.301957 0.015378 0.031866 0.809101 0.586604
1709436928.894017 42.162813 -69.448255 1.313393 0.017373 0.055133 0.820390 0.568876
1709436928.992707 42.108112 -69.343635 1.305805 0.004292 0.062987 0.832671 0.550158
1709436929.091377 42.054379 -69.246366 1.293972 -0.000671 0.055689 0.843849 0.533683
1709436929.195075 41.973520 -69.156213 1.279034 -0.013658 0.037020 0.851096 0.523526
1709436929.294926 41.914661 -69.062702 1.276799 -0.011488 0.025256 0.857752 0.513315
1709436929.394776 41.844415 -68.939648 1.268937 -0.019662 0.030559 0.862423 0.504882
1709436929.494618 41.785491 -68.798580 1.274676 -0.017203 0.044251 0.867023 0.496001
1709436929.594455 41.721435 -68.645400 1.261718 -0.019821 0.045248 0.865839 0.497877
1709436929.695109 41.631031 -68.531153 1.276508 -0.014539 0.034243 0.868046 0.495088
1709436929.794389 41.560994 -68.406475 1.276498 -0.000210 0.018731 0.868110 0.496018
1709436929.893256 41.478605 -68.268559 1.270983 -0.002184 0.014069 0.868496 0.495491
1709436929.992180 41.375480 -68.115275 1.276357 -0.008472 0.017017 0.866159 0.499406
1709436930.094474 41.259882 -67.961169 1.263965 -0.017398 0.018792 0.865293 0.500612
1709436930.193792 41.153755 -67.794770 1.259351 -0.019405 0.031228 0.866069 0.498570
1709436930.292490 41.049982 -67.625145 1.249487 -0.026327 0.037783 0.863614 0.502046
1709436930.391121 40.969528 -67.461141 1.244543 -0.023060 0.037646 0.858564 0.510802
1709436930.494633 40.888551 -67.270250 1.238612 -0.025031 0.037122 0.842764 0.536418
1709436930.594481 40.825895 -67.110649 1.233696 -0.021299 0.036063 0.822010 0.567930
1709436930.695126 40.791347 -66.928536 1.219042 -0.027341 0.041593 0.802011 0.595232
1709436930.794976 40.749505 -66.784346 1.226955 -0.023309 0.039137 0.789105 0.612567
1709436930.894806 40.713806 -66.640496 1.230369 -0.023479 0.039746 0.785423 0.617235
1709436930.994643 40.675104 -66.506439 1.208739 -0.028367 0.036241 0.784024 0.619022
1709436931.094008 40.646013 -66.362457 1.200494 -0.025445 0.032643 0.782709 0.621010
1709436931.192984 40.631868 -66.217950 1.207516 -0.008608 0.032489 0.783114 0.620969
1709436931.291969 40.601718 -66.064776 1.203869 -0.005424 0.032632 0.781547 0.622968
1709436931.394673 40.582804 -65.917312 1.193526 0.002663 0.020359 0.781374 0.623725
1709436931.493422 40.553798 -65.776413 1.187197 -0.008019 0.022288 0.781355 0.623637
1709436931.592282 40.522137 -65.620684 1.191595 -0.008521 0.035628 0.781308 0.623070
1709436931.690777 40.485083 -65.481000 1.197893 -0.004336 0.041138 0.787637 0.614749
1709436931.794980 40.423891 -65.330713 1.194082 -0.003930 0.038566 0.803801 0.593634
1709436931.894359 40.364118 -65.186726 1.185584 -0.005824 0.041143 0.815520 0.577235
1709436931.992844 40.307756 -65.049640 1.185203 -0.002019 0.041293 0.821144 0.569221
1709436932.094491 40.255307 -64.878144 1.180181 -0.002762 0.043139 0.820502 0.570007
1709436932.195132 40.198679 -64.717087 1.180379 -0.001791 0.045736 0.821126 0.568908
1709436932.294965 40.135309 -64.602692 1.190084 0.014070 0.038819 0.826665 0.561178
1709436932.394153 40.071289 -64.469889 1.187691 0.005972 0.036046 0.831218 0.554745
1709436932.493257 39.987169 -64.350906 1.173687 0.005456 0.020846 0.835159 0.549587
1709436932.592207 39.897669 -64.229011 1.170949 -0.003466 0.022601 0.834920 0.549896
1709436932.694353 39.831065 -64.086887 1.173190 -0.000710 0.024566 0.835020 0.549671
1709436932.793104 39.744343 -63.936610 1.173689 -0.008535 0.031684 0.835079 0.549151
1709436932.891744 39.687106 -63.775226 1.170981 -0.004418 0.030873 0.835019 0.549336
1709436932.990535 39.627396 -63.616320 1.172436 -0.008971 0.035355 0.834957 0.549105
1709436933.094485 39.555472 -63.451310 1.166861 -0.007707 0.033118 0.834138 0.550506
1709436933.193937 39.484809 -63.277645 1.169816 -0.012507 0.020908 0.833707 0.551670
1709436933.292510 39.426055 -63.131240 1.164150 -0.010978 0.018911 0.835259 0.549422
1709436933.394819 39.358590 -62.974690 1.156863 -0.013652 0.018459 0.833404 0.552188
1709436933.494637 39.283180 -62.829313 1.156481 -0.010941 0.010630 0.834932 0.550142
1709436933.594459 39.226099 -62.667570 1.153521 -0.021584 0.020758 0.835687 0.548389
1709436933.694291 39.154472 -62.530172 1.155726 -0.016861 0.020128 0.834265 0.550739
1709436933.793288 39.103558 -62.382570 1.159880 -0.012942 0.024869 0.834816 0.549815
1709436933.894799 39.028553 -62.244047 1.153275 -0.008895 0.024337 0.834444 0.550483
1709436933.994146 39.006970 -62.095302 1.150765 -0.010816 0.025248 0.834305 0.550618
1709436934.092794 38.953184 -61.954471 1.151008 -0.008353 0.024976 0.833897 0.551291
1709436934.191614 38.887924 -61.795277 1.149315 -0.013882 0.031121 0.833582 0.551344
1709436934.290241 38.822876 -61.651603 1.147759 -0.011601 0.029339 0.833337 0.551864
1709436934.394773 38.740773 -61.495375 1.142782 -0.013953 0.027339 0.832428 0.553283
1709436934.493447 38.664028 -61.344039 1.135877 -0.015040 0.022993 0.832351 0.553568
1709436934.592042 38.599803 -61.192812 1.141218 -0.011135 0.026256 0.833361 0.551993
1709436934.695105 38.523485 -61.019057 1.131566 -0.017733 0.030858 0.831848 0.553861
1709436934.794957 38.450284 -60.833771 1.120665 -0.022512 0.029118 0.831787 0.553873
1709436934.894805 38.369052 -60.655042 1.121486 -0.018910 0.032727 0.832855 0.552199
1709436934.994173 38.283070 -60.485530 1.119236 -0.017272 0.034177 0.832294 0.553010
1709436935.093349 38.216591 -60.307591 1.120221 -0.004262 0.027565 0.831237 0.555218
1709436935.195102 38.134070 -60.150001 1.105607 -0.013170 0.021838 0.832090 0.554054
1709436935.293821 38.062956 -59.980718 1.104441 -0.011302 0.021895 0.832765 0.553078
1709436935.392752 37.986727 -59.784599 1.085760 -0.032804 0.040464 0.831766 0.552677
1709436935.491449 37.897008 -59.617733 1.098951 -0.027338 0.040464 0.830656 0.554641
1709436935.590108 37.830841 -59.447073 1.089890 -0.022304 0.033597 0.831076 0.554695
1709436935.694555 37.745524 -59.306854 1.090570 0.004261 0.021319 0.832513 0.553579
1709436935.793167 37.702708 -59.144816 1.093711 0.010036 0.019486 0.829298 0.558376
1709436935.891776 37.629560 -58.984887 1.093715 0.002661 0.014788 0.829254 0.558671
1709436935.994614 37.579340 -58.825162 1.098549 -0.003321 0.027702 0.834535 0.550247
1709436936.094424 37.518179 -58.659262 1.105909 0.003626 0.029415 0.833307 0.552016
1709436936.195069 37.443539 -58.505912 1.100364 -0.008403 0.031085 0.832250 0.553464
1709436936.294442 37.366866 -58.344185 1.100268 -0.007273 0.027334 0.832855 0.552769
1709436936.393619 37.293196 -58.185104 1.100312 -0.005780 0.027820 0.834066 0.550932
1709436936.494605 37.202055 -58.006732 1.095353 -0.011385 0.025464 0.833436 0.551911
1709436936.593407 37.125105 -57.854297 1.103827 0.001685 0.011206 0.834487 0.550911
1709436936.691966 37.064489 -57.702583 1.115053 0.014336 0.009970 0.835795 0.548764
1709436936.790582 37.029717 -57.527368 1.120863 0.021630 0.008889 0.833358 0.552239
1709436936.894744 36.938869 -57.367537 1.119237 0.003127 0.003511 0.831939 0.554848
1709436936.994200 36.846619 -57.211115 1.120734 -0.008030 0.004108 0.833982 0.551718
1709436937.092793 36.759502 -57.050718 1.118321 -0.012854 0.010073 0.834439 0.550859
1709436937.191390 36.674821 -56.885684 1.120188 -0.015263 0.009406 0.832792 0.553295
1709436937.294915 36.577929 -56.709130 1.111754 -0.030592 0.007470 0.832549 0.553056
1709436937.394730 36.492033 -56.542922 1.113807 -0.029229 0.009545 0.834967 0.549441
1709436937.494601 36.407414 -56.353446 1.110911 -0.035067 0.017983 0.833898 0.550510
1709436937.594444 36.319876 -56.174693 1.109190 -0.034733 0.014225 0.833546 0.551174
1709436937.695080 36.241443 -56.001411 1.101438 -0.034964 0.006704 0.834477 0.549891
1709436937.794698 36.161448 -55.827170 1.099024 -0.026759 0.003659 0.834323 0.550615
1709436937.893326 36.110700 -55.660435 1.103558 -0.016710 0.008032 0.835527 0.549136
1709436937.991924 36.030668 -55.511659 1.111842 -0.007949 -0.001322 0.834076 0.551590
1709436938.091094 36.021602 -55.345132 1.103640 -0.004326 -0.005074 0.835848 0.548920
1709436938.195086 35.938075 -55.184700 1.105951 -0.003341 -0.000483 0.834244 0.551385
1709436938.293847 35.866948 -55.027718 1.117873 -0.010484 0.004206 0.835669 0.549118
1709436938.392437 35.778102 -54.869780 1.122040 -0.013397 0.015443 0.834751 0.550248
1709436938.491129 35.706527 -54.704118 1.122346 -0.009050 0.012232 0.834047 0.551484
1709436938.594442 35.621200 -54.527501 1.123429 -0.016283 0.015642 0.832563 0.553471
1709436938.694771 35.551131 -54.343876 1.123097 -0.013283 0.020244 0.833860 0.551445
1709436938.794931 35.484580 -54.145971 1.128383 -0.014339 0.024992 0.832358 0.553489
1709436938.894770 35.410342 -53.979599 1.129270 -0.006992 0.025227 0.833056 0.552569
1709436938.994614 35.319660 -53.807183 1.131284 -0.000555 0.025633 0.832396 0.553588
1709436939.094343 35.255469 -53.637341 1.137634 0.001144 0.028126 0.831874 0.554251
1709436939.193137 35.192672 -53.470113 1.139643 -0.001734 0.031810 0.831657 0.554375
1709436939.292221 35.138564 -53.294017 1.135743 -0.006080 0.030755 0.830907 0.555527
1709436939.390931 35.085613 -53.128895 1.145563 -0.004220 0.033786 0.831641 0.554269
1709436939.494599 35.012475 -52.958968 1.144050 0.000034 0.029867 0.830600 0.556068
1709436939.593551 34.929469 -52.800362 1.137138 -0.002445 0.025455 0.830385 0.556602
1709436939.692142 34.852208 -52.633297 1.136509 -0.008899 0.027404 0.829653 0.557535
1709436939.794923 34.783651 -52.453753 1.145850 -0.008886 0.020756 0.829776 0.557640
1709436939.894775 34.708579 -52.283905 1.145832 -0.006328 0.021984 0.830685 0.556272
1709436939.994415 34.646641 -52.100255 1.135473 -0.011060 0.025057 0.830129 0.556898
1709436940.092247 34.573399 -51.931390 1.135377 -0.012590 0.027590 0.829120 0.558248
1709436940.195082 34.531878 -51.734590 1.134313 -0.018817 0.028743 0.827735 0.560066
1709436940.294910 34.442889 -51.566671 1.113901 -0.024171 0.026488 0.828445 0.558921
1709436940.394314 34.378247 -51.389736 1.126215 -0.016996 0.034690 0.828957 0.557977
1709436940.493294 34.334278 -51.226643 1.139171 -0.004165 0.036576 0.830434 0.555899
1709436940.592307 34.241737 -51.039100 1.092216 -0.027417 0.033577 0.821407 0.568693
1709436940.695059 34.145591 -50.859035 1.095058 -0.033998 0.032171 0.819196 0.571600
1709436940.794300 34.049754 -50.692674 1.074668 -0.050427 0.028754 0.815938 0.575218
1709436940.893088 33.975020 -50.526039 1.071166 -0.037423 0.016373 0.815180 0.577766
1709436940.991802 33.925811 -50.356535 1.079020 -0.019308 0.025630 0.816079 0.577049
1709436941.090444 33.860772 -50.191842 1.076986 -0.021166 0.031410 0.812358 0.581928
1709436941.194640 33.803475 -50.030862 1.087389 -0.013383 0.025017 0.812220 0.582661
1709436941.293230 33.746986 -49.873291 1.087730 -0.002732 0.025443 0.811574 0.583688
1709436941.395115 33.692192 -49.708581 1.086641 -0.002781 0.030037 0.810799 0.584547
1709436941.494968 33.640725 -49.536022 1.080141 -0.008129 0.029261 0.809621 0.586166
1709436941.594810 33.573693 -49.353483 1.067882 -0.018815 0.034786 0.808556 0.587089
1709436941.694226 33.525328 -49.176941 1.068714 -0.012963 0.039424 0.808894 0.586488
1709436941.793275 33.448569 -48.996434 1.058343 -0.018267 0.043128 0.807471 0.588045
1709436941.892180 33.391166 -48.816834 1.058267 -0.008903 0.035508 0.808591 0.587232
1709436941.994957 33.330891 -48.622818 1.050333 -0.012299 0.034966 0.806746 0.589734
1709436942.094238 33.269581 -48.444391 1.049616 -0.002317 0.028014 0.808746 0.587487
1709436942.192887 33.211440 -48.274133 1.051102 -0.001781 0.031863 0.808204 0.588038
1709436942.291590 33.160616 -48.115676 1.045213 -0.004742 0.031691 0.808890 0.587086
1709436942.395077 33.100540 -47.938174 1.037713 -0.015599 0.035968 0.809370 0.585989
1709436942.494473 33.036831 -47.769865 1.037426 -0.021662 0.039229 0.808644 0.586589
1709436942.593071 32.973786 -47.598879 1.027658 -0.025911 0.034342 0.807902 0.587744
1709436942.691622 32.910810 -47.426140 1.017094 -0.025849 0.025434 0.806946 0.589510
1709436942.794441 32.846720 -47.245240 1.010826 -0.025347 0.023753 0.807593 0.588716
1709436942.895076 32.802634 -47.067041 1.006845 -0.015533 0.021653 0.809017 0.587181
1709436942.994336 32.748751 -46.898332 1.000014 -0.013421 0.023160 0.807806 0.588840
1709436943.093326 32.687079 -46.735876 0.993734 -0.014438 0.024032 0.808588 0.587708
1709436943.192421 32.624843 -46.562461 0.989204 -0.015897 0.022098 0.808000 0.588554
1709436943.294428 32.549035 -46.382420 0.985057 -0.020476 0.019208 0.807031 0.589841
1709436943.393967 32.498268 -46.210787 0.988831 -0.015262 0.022395 0.808618 0.587710
1709436943.492635 32.432831 -46.054765 0.979580 -0.023056 0.019941 0.805972 0.591168
1709436943.591409 32.364891 -45.884467 0.970604 -0.020555 0.010708 0.808854 0.587553
1709436943.694569 32.308044 -45.713155 0.972465 -0.021889 0.017116 0.808222 0.588222
1709436943.793994 32.252396 -45.540533 0.965605 -0.024186 0.014544 0.807944 0.588583
1709436943.892634 32.199950 -45.364144 0.962521 -0.029277 0.018544 0.809098 0.586652
1709436943.991262 32.133947 -45.178929 0.959615 -0.028844 0.025657 0.809551 0.585779
1709436944.095120 32.083469 -44.978123 0.956956 -0.025446 0.025969 0.807979 0.588089
1709436944.194948 32.022286 -44.799085 0.943554 -0.017841 0.019461 0.808978 0.587246
1709436944.294387 31.963738 -44.631943 0.935676 -0.013567 0.017766 0.809490 0.586708
1709436944.393448 31.898046 -44.468235 0.927493 -0.013040 0.016390 0.807754 0.589148
1709436944.492664 31.853935 -44.287412 0.921528 -0.022483 0.024890 0.807495 0.588921
1709436944.594959 31.797858 -44.108476 0.926224 -0.019943 0.022404 0.807103 0.589648
1709436944.693580 31.740489 -43.920573 0.915227 -0.029799 0.027539 0.806298 0.590116
1709436944.792296 31.696127 -43.741438 0.912475 -0.024889 0.033567 0.805473 0.591157
1709436944.891041 31.645548 -43.564809 0.922144 -0.023467 0.034974 0.804980 0.591806
1709436944.994439 31.597053 -43.379430 0.921353 -0.014818 0.034144 0.807445 0.588768
1709436945.093809 31.543438 -43.218685 0.909004 -0.007914 0.033919 0.810235 0.585069
1709436945.192311 31.467210 -43.062133 0.896352 -0.020317 0.035899 0.807904 0.587869
1709436945.290954 31.414069 -42.903471 0.890083 -0.026497 0.029860 0.808733 0.586819
1709436945.394583 31.351537 -42.762302 0.868508 -0.040586 0.020596 0.805918 0.590275
1709436945.494433 31.299929 -42.660367 0.864635 -0.041170 0.008653 0.807056 0.588974
1709436945.594780 31.253128 -42.560810 0.861898 -0.033592 0.007913 0.806503 0.590221
1709436945.693877 31.225154 -42.457242 0.858108 -0.033147 0.012560 0.806273 0.590481
1709436945.794748 31.212213 -42.366527 0.857669 -0.030037 0.016797 0.806372 0.590406
1709436945.894611 31.181540 -42.282560 0.844237 -0.030851 0.016017 0.806719 0.589913
1709436945.993297 31.154688 -42.191578 0.839860 -0.042339 0.022461 0.806493 0.589298
1709436946.092089 31.115549 -42.098557 0.836882 -0.037224 0.021745 0.806833 0.589205
1709436946.190864 31.078844 -41.997644 0.835061 -0.039184 0.023609 0.806446 0.589535
1709436946.294653 31.053261 -41.899833 0.847965 -0.024168 0.014435 0.807261 0.589522
1709436946.393209 31.010880 -41.808332 0.848257 -0.019275 0.004879 0.805915 0.591698
1709436946.491873 30.954807 -41.692379 0.818354 -0.028812 -0.003034 0.803690 0.594343
1709436946.595027 30.903875 -41.574769 0.824412 -0.026324 -0.004846 0.804323 0.593589
1709436946.694900 30.881618 -41.469733 0.831228 -0.018173 0.001938 0.805370 0.592491
1709436946.794734 30.849447 -41.340846 0.834352 -0.027925 0.017666 0.802645 0.595542
1709436946.894568 30.790324 -41.221714 0.822214 -0.025361 0.017006 0.804123 0.593679
1709436946.994505 30.753579 -41.089425 0.813399 -0.019169 0.011654 0.798265 0.601888
1709436947.094660 30.716022 -40.957121 0.809595 -0.037732 0.017616 0.797660 0.601668
1709436947.194488 30.681096 -40.827207 0.820571 -0.031931 0.011078 0.797490 0.602385
1709436947.293339 30.653055 -40.712673 0.818330 -0.023384 0.008834 0.797499 0.602803
1709436947.392065 30.615234 -40.582600 0.809936 -0.034304 0.011703 0.797591 0.602109
1709436947.494771 30.579916 -40.468013 0.815604 -0.019196 -0.002147 0.795898 0.605123
1709436947.594409 30.549893 -40.343414 0.801006 -0.030956 0.004077 0.796797 0.603440
1709436947.692913 30.527434 -40.219504 0.803523 -0.025441 0.008490 0.795153 0.605815
1709436947.791459 30.490306 -40.111850 0.797347 -0.018818 -0.004417 0.793862 0.607791
1709436947.894689 30.435163 -39.990787 0.790281 -0.028397 -0.010254 0.794171 0.606943
1709436947.994772 30.403405 -39.877338 0.803125 -0.026396 0.003713 0.794917 0.606132
1709436948.094619 30.377563 -39.764294 0.809715 -0.015359 0.007516 0.793801 0.607937
1709436948.194471 30.336059 -39.643118 0.802387 -0.028135 0.011299 0.791542 0.610362
1709436948.294167 30.292841 -39.528843 0.803323 -0.026366 0.002422 0.791203 0.610980
1709436948.394936 30.267300 -39.399074 0.804375 -0.025134 0.007223 0.793183 0.608421
1709436948.494346 30.241678 -39.276791 0.807738 -0.019563 0.016250 0.793379 0.608196
1709436948.593156 30.209714 -39.144343 0.795797 -0.022325 0.014953 0.792122 0.609771
1709436948.691946 30.171055 -39.008538 0.787401 -0.031737 0.019818 0.791140 0.610490
1709436948.795087 30.120641 -38.892098 0.799195 -0.025026 0.015151 0.790547 0.611703
1709436948.893909 30.091265 -38.793857 0.809758 -0.009473 0.015268 0.788327 0.614993
1709436948.992691 30.078508 -38.685361 0.808975 -0.004573 0.015608 0.786783 0.617016
1709436949.091096 30.053826 -38.590551 0.812424 0.013672 0.004758 0.784792 0.619590
1709436949.189726 30.053962 -38.495490 0.800923 0.017315 0.008374 0.783147 0.621538
1709436949.295069 30.032992 -38.365358 0.792298 -0.001242 0.015312 0.780942 0.624415
1709436949.394912 30.028939 -38.236188 0.806154 -0.000452 0.042041 0.784844 0.618266
1709436949.494736 30.024476 -38.096929 0.813186 -0.002105 0.056417 0.779779 0.623505
1709436949.594577 30.003287 -37.965138 0.808738 -0.020913 0.075425 0.781578 0.618877
1709436949.694824 29.957692 -37.834103 0.789284 -0.034932 0.072373 0.787985 0.610427
1709436949.793491 29.911364 -37.693115 0.773827 -0.043649 0.074926 0.787965 0.609584
1709436949.892456 29.872786 -37.553893 0.769964 -0.034525 0.068885 0.789604 0.608760
1709436949.991516 29.839308 -37.416755 0.749756 -0.040137 0.056963 0.787402 0.612489
1709436950.094960 29.781829 -37.309869 0.717880 -0.042711 0.024333 0.790102 0.611001
1709436950.193644 29.751460 -37.221472 0.717169 -0.024955 0.003182 0.798111 0.601985
1709436950.292371 29.710325 -37.116589 0.723594 -0.024678 0.027260 0.805194 0.591871
1709436950.390943 29.698984 -37.020352 0.740863 -0.006393 0.035486 0.805642 0.591305
1709436950.495136 29.680127 -36.922138 0.734945 0.003080 0.024651 0.803285 0.595077
1709436950.594984 29.618601 -36.823900 0.722355 -0.008312 0.003612 0.800188 0.599681
1709436950.694826 29.571008 -36.705782 0.709026 -0.011030 -0.005288 0.803905 0.594631
1709436950.794662 29.540198 -36.583990 0.709284 -0.015235 0.014198 0.810812 0.584936
1709436950.894493 29.467267 -36.453213 0.718823 -0.026260 0.028208 0.808537 0.587182
1709436950.995133 29.411749 -36.316420 0.714826 -0.023591 0.025987 0.808938 0.586846
1709436951.093891 29.350354 -36.167643 0.706672 -0.044416 0.036188 0.806780 0.588068
1709436951.193034 29.298023 -36.046308 0.698791 -0.036123 0.019282 0.806312 0.590072
1709436951.292097 29.233540 -35.920328 0.679296 -0.038341 0.009678 0.808796 0.586758
1709436951.394473 29.171748 -35.775514 0.678060 -0.041385 0.012588 0.807194 0.588699
1709436951.493316 29.130106 -35.660338 0.697653 -0.015312 0.010989 0.807548 0.589501
1709436951.592025 29.099784 -35.523054 0.686863 -0.020130 0.022286 0.807428 0.589202
1709436951.690647 29.069141 -35.394132 0.684880 -0.011480 0.020243 0.805143 0.592625
1709436951.794620 29.036045 -35.252744 0.680160 -0.018195 0.011725 0.798733 0.601297
1709436951.894109 28.998731 -35.112433 0.673750 -0.025015 0.019744 0.792076 0.609590
1709436951.995100 28.955569 -34.966299 0.667190 -0.019031 0.015501 0.779725 0.625640
1709436952.094932 28.936270 -34.825603 0.680714 -0.013972 0.017402 0.768671 0.639255
1709436952.194782 28.932783 -34.686680 0.690541 -0.003364 0.023255 0.764577 0.644104
1709436952.294620 28.911027 -34.543738 0.684245 -0.001983 0.023250 0.763025 0.645947
1709436952.394235 28.882015 -34.402325 0.665709 -0.008914 0.015622 0.760008 0.649665
1709436952.493168 28.865083 -34.260347 0.660676 -0.019293 0.018296 0.762896 0.645974
1709436952.594921 28.855235 -34.116165 0.670798 -0.018107 0.037231 0.762677 0.645453
1709436952.694543 28.839087 -33.973064 0.676158 -0.021416 0.050069 0.759341 0.648410
1709436952.793157 28.817132 -33.839915 0.670123 -0.016358 0.041323 0.760623 0.647671
1709436952.891907 28.780586 -33.709147 0.665104 -0.017517 0.024105 0.757808 0.651797
1709436952.990452 28.765690 -33.579254 0.659852 -0.017220 0.020550 0.759994 0.649377
1709436953.094918 28.758482 -33.436945 0.659123 -0.010411 0.036445 0.761066 0.647566
1709436953.193619 28.732960 -33.302674 0.661715 -0.007436 0.039649 0.759639 0.649093
1709436953.292222 28.699402 -33.168064 0.652254 -0.012187 0.028444 0.760345 0.648782
1709436953.394453 28.656877 -33.019197 0.641387 -0.021676 0.028105 0.760064 0.648878
1709436953.495077 28.633289 -32.881257 0.643506 -0.010581 0.027618 0.759184 0.650204
1709436953.594938 28.634107 -32.745889 0.657911 0.001944 0.026702 0.755067 0.655100
1709436953.694180 28.591559 -32.604068 0.639136 -0.018074 0.024726 0.744195 0.667260
1709436953.793349 28.576014 -32.462125 0.626761 -0.020195 0.011762 0.736695 0.675821
1709436953.894462 28.578956 -32.322958 0.636186 -0.013405 0.024337 0.735340 0.677129
1709436953.994127 28.603728 -32.186740 0.647658 -0.003396 0.049821 0.735848 0.675303
1709436954.092810 28.604845 -32.056259 0.647363 0.001647 0.049800 0.738781 0.672101
1709436954.191527 28.564645 -31.928187 0.629271 -0.007381 0.036448 0.737820 0.673972
1709436954.294599 28.533038 -31.796107 0.611691 -0.018585 0.025388 0.741731 0.669959
1709436954.394485 28.498866 -31.659572 0.611122 -0.026561 0.023539 0.741940 0.669526
1709436954.493319 28.495244 -31.530369 0.616410 -0.017745 0.007520 0.741206 0.671001
1709436954.591883 28.475936 -31.382259 0.608105 -0.025794 0.007294 0.741927 0.669944
1709436954.694785 28.466466 -31.238229 0.607397 -0.016211 0.002195 0.740569 0.671781
1709436954.794626 28.433087 -31.100068 0.598790 -0.025142 -0.002471 0.739982 0.672152
1709436954.894454 28.444537 -30.963532 0.616886 -0.026225 0.012417 0.743745 0.667833
1709436954.994425 28.434727 -30.832959 0.625354 -0.010281 0.013216 0.745587 0.666198
1709436955.093503 28.425933 -30.707002 0.624252 -0.008211 0.018633 0.752645 0.658112
1709436955.194796 28.396628 -30.585950 0.617861 -0.001792 0.013184 0.762256 0.647138
1709436955.293767 28.359535 -30.465724 0.621687 -0.007975 0.022088 0.770340 0.637201
1709436955.392346 28.320744 -30.350847 0.632150 0.004806 0.020253 0.779180 0.626455
1709436955.491066 28.290149 -30.229838 0.633548 0.012913 0.016725 0.782907 0.621780
1709436955.594950 28.255739 -30.103291 0.634375 0.022504 0.021635 0.785831 0.617653
1709436955.694518 28.211733 -29.970416 0.632812 0.015039 0.026560 0.784677 0.619154
1709436955.793065 28.155313 -29.850086 0.626947 -0.000844 0.014394 0.784504 0.619956
1709436955.891551 28.104660 -29.721062 0.622146 -0.020271 0.017973 0.785270 0.618560
1709436955.995104 28.054506 -29.579738 0.623885 -0.021126 0.027222 0.784813 0.618774
1709436956.094939 28.017766 -29.452733 0.623712 -0.020110 0.022615 0.785619 0.617970
1709436956.194780 27.958820 -29.323427 0.614042 -0.032089 0.009899 0.787121 0.615884
1709436956.294616 27.908619 -29.205588 0.621511 -0.026049 0.006244 0.786979 0.616398
1709436956.394449 27.889951 -29.077825 0.626458 -0.004818 0.006011 0.788277 0.615272
1709436956.494844 27.876514 -28.954048 0.631899 -0.007893 0.010161 0.784088 0.620516
1709436956.593476 27.838379 -28.847330 0.621313 -0.020233 -0.005037 0.783203 0.621417
1709436956.692209 27.791887 -28.745367 0.608988 -0.028683 -0.022259 0.780807 0.623717
1709436956.791066 27.755044 -28.645604 0.615370 -0.029783 -0.017935 0.782546 0.621621
1709436956.894423 27.744730 -28.519152 0.619087 -0.027196 -0.005656 0.783006 0.621393
1709436956.993998 27.717121 -28.387725 0.615661 -0.030478 0.002429 0.782955 0.621327
1709436957.092592 27.677597 -28.255136 0.611987 -0.034172 0.008640 0.784093 0.619642
1709436957.191139 27.656533 -28.107878 0.615767 -0.038657 0.020781 0.785342 0.617504
1709436957.294603 27.645209 -27.964338 0.614843 -0.033046 0.024461 0.785915 0.616966
1709436957.394440 27.617782 -27.826541 0.613121 -0.026449 0.018366 0.783962 0.619973
1709436957.495068 27.568960 -27.704371 0.604400 -0.028891 0.003201 0.783702 0.620456
1709436957.594905 27.526473 -27.593006 0.590033 -0.025116 -0.009798 0.784055 0.620106
1709436957.694749 27.504438 -27.494813 0.593555 -0.026438 -0.011086 0.784675 0.619245
1709436957.794560 27.487710 -27.397334 0.598980 -0.029901 0.001624 0.786686 0.616626
1709436957.893502 27.463139 -27.276632 0.597499 -0.033063 0.006262 0.784883 0.618730
1709436957.992399 27.426335 -27.167396 0.590248 -0.043665 0.004224 0.782604 0.620972
1709436958.091271 27.394799 -27.054865 0.595330 -0.039722 -0.001845 0.781543 0.622582
1709436958.194970 27.357303 -26.933006 0.595171 -0.044073 0.003063 0.782867 0.620618
1709436958.293666 27.316121 -26.820444 0.594923 -0.031292 0.001927 0.781597 0.622995
1709436958.392297 27.290929 -26.706622 0.586780 -0.030699 0.006236 0.782601 0.621734
1709436958.490831 27.261687 -26.590829 0.580607 -0.038098 0.018075 0.781966 0.621893
1709436958.594497 27.206871 -26.473415 0.580736 -0.040026 0.013403 0.778153 0.626655
1709436958.694925 27.193836 -26.349381 0.570620 -0.040184 0.010352 0.770200 0.636451
1709436958.794966 27.177756 -26.206756 0.574488 -0.032872 0.014031 0.757454 0.651910
1709436958.894803 27.165468 -26.092720 0.581305 -0.021442 0.014408 0.750491 0.660376
1709436958.994631 27.152250 -25.989031 0.573871 -0.017201 0.003700 0.747588 0.663930
1709436959.094481 27.152119 -25.869984 0.575973 -0.027556 0.007170 0.740974 0.670930
1709436959.193285 27.147160 -25.765625 0.583301 -0.016665 -0.000188 0.734242 0.678683
1709436959.292080 27.180668 -25.662735 0.597362 -0.002423 0.016722 0.732009 0.681086
1709436959.391001 27.202930 -25.550040 0.611314 0.011487 0.035433 0.729537 0.682926
1709436959.494620 27.206065 -25.426917 0.609448 -0.001282 0.047798 0.732493 0.679093
1709436959.593336 27.196635 -25.356287 0.610718 0.005336 0.037215 0.738137 0.673603
1709436959.691934 27.169065 -25.246986 0.590426 -0.012574 0.032854 0.740705 0.670908
1709436959.794951 27.141450 -25.137017 0.592906 -0.009972 0.033844 0.748426 0.662279
1709436959.894779 27.125218 -25.029823 0.597541 -0.004604 0.034504 0.755933 0.653723
1709436959.993848 27.123743 -24.916845 0.606995 0.008344 0.033222 0.760552 0.648373
1709436960.094284 27.097181 -24.792092 0.602059 -0.002342 0.034322 0.762103 0.646541
1709436960.195118 27.072771 -24.681571 0.591370 0.000576 0.023597 0.767406 0.640726
1709436960.294955 27.044767 -24.550440 0.587262 -0.009807 0.020320 0.770595 0.636925
1709436960.394378 27.005776 -24.443152 0.580504 -0.019675 0.019593 0.772471 0.634443
1709436960.493359 26.980249 -24.319384 0.574083 -0.028355 0.024113 0.776241 0.629336
1709436960.592330 26.940866 -24.202231 0.564712 -0.035374 0.017198 0.780540 0.623867
1709436960.695106 26.894496 -24.092079 0.556075 -0.036029 0.009411 0.785310 0.617982
1709436960.794290 26.862084 -23.980031 0.554362 -0.040382 0.013445 0.791574 0.609589
1709436960.892899 26.827108 -23.878685 0.559075 -0.040491 0.023737 0.798138 0.600643
1709436960.991607 26.798707 -23.775117 0.554590 -0.034186 0.019670 0.803331 0.594225
1709436961.090482 26.756162 -23.691418 0.560910 -0.023994 0.004270 0.810841 0.584759
1709436961.194794 26.697893 -23.611855 0.551043 -0.028306 0.002246 0.818430 0.573904
1709436961.293351 26.661471 -23.520705 0.544274 -0.021486 -0.006244 0.823418 0.566994
1709436961.391614 26.631574 -23.425080 0.537915 -0.016719 -0.015584 0.823991 0.566141
1709436961.494595 26.580470 -23.320390 0.539590 -0.018957 -0.010923 0.824337 0.565676
1709436961.594435 26.547522 -23.215376 0.556471 -0.026145 0.005019 0.823170 0.567171
1709436961.694227 26.518847 -23.105509 0.556563 -0.019935 0.004697 0.819955 0.572062
1709436961.793802 26.475392 -22.986454 0.545383 -0.032794 0.002473 0.820302 0.570984
1709436961.892433 26.421842 -22.865189 0.551195 -0.030350 0.006397 0.819120 0.572783
1709436961.994638 26.384102 -22.749565 0.558249 -0.029388 0.017489 0.819032 0.572728
1709436962.094038 26.348730 -22.631655 0.563728 -0.023194 0.027151 0.819762 0.571590
1709436962.192725 26.296270 -22.510791 0.560322 -0.018715 0.029654 0.817960 0.574206
1709436962.291369 26.229808 -22.387473 0.540134 -0.034130 0.024380 0.816894 0.575261
1709436962.394808 26.159255 -22.275193 0.536280 -0.031195 0.013234 0.817151 0.575427
1709436962.494610 26.115250 -22.165711 0.531064 -0.038641 0.021949 0.819309 0.571628
1709436962.593035 26.060924 -22.045511 0.548506 -0.030245 0.032120 0.816683 0.575398
1709436962.695103 26.023046 -21.933267 0.546616 -0.018725 0.024161 0.815701 0.577666
1709436962.794949 25.967526 -21.840622 0.533335 -0.020785 0.008952 0.816160 0.577382
1709436962.894794 25.927268 -21.733101 0.523037 -0.018332 0.008357 0.816532 0.576948
1709436962.994228 25.908898 -21.625363 0.528384 -0.007521 0.017532 0.819991 0.572059
1709436963.093369 25.867216 -21.487074 0.526454 -0.017765 0.029178 0.820357 0.570831
1709436963.192454 25.819181 -21.362673 0.518706 -0.019441 0.021466 0.819369 0.572534
1709436963.294961 25.780189 -21.250171 0.524702 -0.017751 0.017211 0.820922 0.570505
1709436963.393802 25.751978 -21.132416 0.527263 -0.017702 0.020355 0.822159 0.568618
1709436963.492562 25.717261 -21.013180 0.522938 -0.018297 0.013310 0.820835 0.570717
1709436963.591287 25.665228 -20.894750 0.512617 -0.026708 0.007922 0.821252 0.569885
1709436963.695110 25.635661 -20.775501 0.522397 -0.021997 0.013247 0.822911 0.567589
1709436963.794164 25.601835 -20.637508 0.515318 -0.027980 0.021070 0.820864 0.570048
1709436963.892509 25.567255 -20.521944 0.512436 -0.019492 0.015694 0.822600 0.568069
1709436963.991078 25.524868 -20.395941 0.509735 -0.024586 0.017188 0.820567 0.570763
1709436964.094466 25.469233 -20.270633 0.503738 -0.031804 0.024320 0.822109 0.567920
1709436964.195108 25.412487 -20.149871 0.502132 -0.021930 0.020749 0.821253 0.569765
1709436964.294492 25.363203 -20.028257 0.496783 -0.019456 0.021965 0.820640 0.570691
1709436964.393598 25.302103 -19.892555 0.493149 -0.025929 0.034731 0.819426 0.571544
1709436964.493214 25.252550 -19.769496 0.493581 -0.013931 0.028868 0.820648 0.570535
1709436964.594459 25.207568 -19.652272 0.485676 -0.015829 0.015721 0.820110 0.571771
1709436964.693448 25.138708 -19.532669 0.476617 -0.033348 0.025463 0.819645 0.571332
1709436964.792313 25.104389 -19.425108 0.482280 -0.014892 0.020384 0.820260 0.571434
1709436964.891056 25.069746 -19.313917 0.486919 -0.013651 0.025523 0.820091 0.571500
1709436964.994645 25.016988 -19.184026 0.490587 -0.024784 0.035163 0.817433 0.574415
1709436965.093685 24.970450 -19.074643 0.477091 -0.028529 0.029958 0.817957 0.573790
1709436965.192375 24.922255 -18.954464 0.455670 -0.038550 0.032718 0.815894 0.575987
1709436965.294951 24.878142 -18.829154 0.452589 -0.048857 0.040046 0.814160 0.577194
1709436965.394800 24.846321 -18.710386 0.455770 -0.034135 0.040644 0.814425 0.577837
1709436965.494651 24.815669 -18.582464 0.455676 -0.025897 0.045768 0.813646 0.578977
1709436965.594475 24.785691 -18.480809 0.454595 -0.009518 0.044905 0.814581 0.578230
1709436965.694043 24.756843 -18.387968 0.448710 0.010357 0.035211 0.813024 0.581072
1709436965.794961 24.716360 -18.280233 0.435619 -0.002238 0.042919 0.815927 0.576555
1709436965.894499 24.687791 -18.172792 0.439222 -0.000905 0.047638 0.815026 0.577463
1709436965.993120 24.638822 -18.044639 0.420606 -0.014550 0.047554 0.811969 0.581578
1709436966.091936 24.589125 -17.938033 0.415171 -0.019950 0.035682 0.812783 0.581131
1709436966.195100 24.533063 -17.802778 0.408991 -0.028741 0.042773 0.814563 0.577781
1709436966.294909 24.487800 -17.687923 0.421275 -0.020889 0.036877 0.812657 0.581199
1709436966.393152 24.441908 -17.588831 0.421423 -0.002418 0.022243 0.813843 0.580654
1709436966.491659 24.399512 -17.495350 0.406279 -0.001778 0.008561 0.810995 0.584988
1709436966.590292 24.366935 -17.385576 0.394039 -0.005206 0.000735 0.811910 0.583759
1709436966.695137 24.352642 -17.283954 0.396566 0.003217 0.013107 0.815805 0.578170
1709436966.794979 24.323329 -17.158047 0.390417 -0.010503 0.037907 0.812715 0.581333
1709436966.894799 24.282848 -17.054126 0.388327 -0.024863 0.042801 0.811908 0.581683
1709436966.994208 24.237398 -16.962248 0.397348 -0.023107 0.032981 0.812595 0.581436
1709436967.094526 24.192327 -16.879914 0.385065 -0.030143 0.019696 0.810752 0.584282
1709436967.194347 24.150520 -16.782602 0.389677 -0.025922 0.020677 0.809647 0.585979
1709436967.293234 24.129289 -16.698577 0.394503 -0.007028 0.023971 0.811973 0.583160
1709436967.392080 24.120175 -16.599762 0.397152 0.006458 0.027818 0.811256 0.583993
1709436967.495069 24.070598 -16.502968 0.396244 0.001160 0.025747 0.805890 0.591505
1709436967.594130 24.033771 -16.423491 0.382639 -0.010228 0.018440 0.805272 0.592531
1709436967.692874 24.004871 -16.334690 0.379753 -0.011575 0.021165 0.808879 0.587480
1709436967.791443 23.982647 -16.243460 0.386053 -0.006435 0.027464 0.807697 0.588922
1709436967.890153 23.948041 -16.164247 0.382512 -0.006645 0.024767 0.805881 0.591522
1709436967.995056 23.914428 -16.085911 0.375472 -0.008677 0.021453 0.807474 0.589449
1709436968.094900 23.895652 -16.011744 0.375411 -0.004225 0.026109 0.809271 0.586839
1709436968.194727 23.873584 -15.937492 0.387020 -0.004822 0.034269 0.809536 0.586049
1709436968.294152 23.848030 -15.879836 0.383786 -0.001878 0.022584 0.808152 0.588538
1709436968.394813 23.816798 -15.814045 0.369673 -0.010025 0.012277 0.808540 0.588227
1709436968.494352 23.787776 -15.742183 0.369137 -0.011312 0.015975 0.808782 0.587782
1709436968.593166 23.761965 -15.669759 0.375150 -0.010342 0.023466 0.810556 0.585100
1709436968.692026 23.719939 -15.588934 0.376312 -0.010566 0.024107 0.809418 0.586643
1709436968.794951 23.677963 -15.503227 0.363534 -0.017277 0.023462 0.809036 0.587036
1709436968.893997 23.649651 -15.415152 0.358446 -0.024307 0.018736 0.808827 0.587245
1709436968.992572 23.614784 -15.333372 0.357021 -0.027070 0.016233 0.808734 0.587327
1709436969.091268 23.581611 -15.254450 0.358808 -0.022083 0.017958 0.809692 0.586164
1709436969.195131 23.550808 -15.159197 0.358001 -0.023152 0.017508 0.807811 0.588727
1709436969.295009 23.512865 -15.076093 0.342099 -0.028089 0.007903 0.804175 0.593675
1709436969.394855 23.472580 -14.990270 0.338108 -0.019600 -0.005092 0.799665 0.600104
1709436969.494692 23.440110 -14.895388 0.334785 -0.025642 -0.005915 0.789674 0.612962
1709436969.594543 23.414603 -14.791753 0.338145 -0.024011 -0.003250 0.780276 0.624965
1709436969.694773 23.418534 -14.686335 0.346107 -0.013808 0.007439 0.774725 0.632104
1709436969.794289 23.410493 -14.583335 0.347230 -0.012781 0.014489 0.771581 0.635838
1709436969.893208 23.398832 -14.489647 0.344952 -0.013098 0.012571 0.771117 0.636434
1709436969.992150 23.347577 -14.392542 0.336136 -0.021699 0.008795 0.771635 0.635634
1709436970.094872 23.322704 -14.297763 0.342269 -0.015457 0.008257 0.777060 0.629182
1709436970.193640 23.296415 -14.200386 0.339115 -0.012922 0.020836 0.786397 0.617235
1709436970.292326 23.276341 -14.096870 0.340079 -0.007987 0.035417 0.794130 0.606663
1709436970.391097 23.244022 -13.987673 0.338264 -0.021176 0.043722 0.797874 0.600863
1709436970.495082 23.218270 -13.894593 0.333197 -0.019957 0.033922 0.804718 0.592352
1709436970.594323 23.185108 -13.795483 0.335367 -0.025970 0.037552 0.805557 0.590757
1709436970.692795 23.155976 -13.693742 0.329373 -0.026341 0.036351 0.805784 0.590506
1709436970.794609 23.111355 -13.597663 0.315398 -0.027263 0.031669 0.805503 0.591117
1709436970.894458 23.082454 -13.506624 0.316991 -0.017421 0.022206 0.806521 0.590532
1709436970.995094 23.046470 -13.411390 0.306701 -0.021848 0.022670 0.807748 0.588687
1709436971.094174 23.014707 -13.313277 0.302054 -0.021480 0.021058 0.806553 0.590396
1709436971.193114 22.996756 -13.236381 0.295269 -0.028980 0.020630 0.806534 0.590116
1709436971.292110 22.987731 -13.134818 0.305700 -0.022123 0.026410 0.806984 0.589568
1709436971.394460 22.973462 -13.054274 0.312043 -0.012973 0.024842 0.807689 0.588942
1709436971.493374 22.941863 -12.981465 0.309305 -0.016860 0.026065 0.807448 0.589121
1709436971.591944 22.921893 -12.910874 0.306668 -0.012628 0.023161 0.806901 0.590097
1709436971.690758 22.894578 -12.846188 0.296930 -0.019844 0.021503 0.807318 0.589391
1709436971.794612 22.861799 -12.772630 0.297830 -0.023429 0.024195 0.807248 0.589251
1709436971.894067 22.865932 -12.708928 0.301798 -0.013214 0.021628 0.809635 0.586386
1709436971.995080 22.854212 -12.627124 0.303058 -0.011609 0.027390 0.809365 0.586552
1709436972.094913 22.831553 -12.562845 0.291995 -0.017427 0.021367 0.808541 0.587794
1709436972.194734 22.801179 -12.500647 0.280056 -0.025502 0.017834 0.808800 0.587259
1709436972.294586 22.782497 -12.435920 0.278347 -0.024032 0.024247 0.809616 0.585967
1709436972.394153 22.758640 -12.356830 0.275910 -0.028942 0.029513 0.807979 0.587759
1709436972.493314 22.727998 -12.295624 0.274945 -0.021374 0.018018 0.808366 0.588017
1709436972.594502 22.703272 -12.237776 0.271485 -0.015771 0.011218 0.808960 0.587544
1709436972.694349 22.678329 -12.161930 0.263175 -0.025823 0.007292 0.806592 0.590500
1709436972.793051 22.653846 -12.092986 0.262981 -0.025217 0.000815 0.806216 0.591084
1709436972.891601 22.633217 -12.029958 0.265064 -0.014152 0.003771 0.807017 0.590346
1709436972.990417 22.622948 -11.943605 0.265538 -0.010789 0.008385 0.806552 0.591005
1709436973.094503 22.596178 -11.842683 0.258495 -0.017954 0.018234 0.807498 0.589315
1709436973.193529 22.587123 -11.744355 0.271912 -0.017814 0.031764 0.807808 0.588319
1709436973.292177 22.566431 -11.649837 0.273113 -0.011211 0.028651 0.807910 0.588503
1709436973.394829 22.511808 -11.545602 0.266344 -0.024798 0.027949 0.808123 0.587828
1709436973.494669 22.469846 -11.439748 0.266622 -0.028382 0.026552 0.807493 0.588595
1709436973.594532 22.429553 -11.335880 0.259097 -0.028943 0.030282 0.807712 0.588087
1709436973.694336 22.389417 -11.235601 0.253990 -0.023494 0.022399 0.809937 0.585618
1709436973.793401 22.356298 -11.145894 0.247757 -0.029450 0.020436 0.809072 0.586615
1709436973.894439 22.316228 -11.052813 0.241276 -0.032211 0.020141 0.807259 0.588973
1709436973.994249 22.293268 -10.971386 0.234756 -0.034449 0.022012 0.807308 0.588712
1709436974.092947 22.270055 -10.891118 0.227844 -0.034018 0.020694 0.806538 0.589840
1709436974.191504 22.230305 -10.829363 0.228520 -0.014878 0.011425 0.806851 0.590457
1709436974.294552 22.222150 -10.760376 0.228048 -0.020355 0.011861 0.805300 0.592400
1709436974.394478 22.189117 -10.693740 0.225589 -0.022418 0.008753 0.804974 0.592822
1709436974.493191 22.159050 -10.622268 0.227276 -0.022612 0.009990 0.806750 0.590376
1709436974.591809 22.138478 -10.538745 0.231583 -0.017178 0.014359 0.806699 0.590539
1709436974.694782 22.132022 -10.453130 0.230769 -0.009836 0.019241 0.805623 0.592034
1709436974.794618 22.106325 -10.383345 0.235271 -0.008876 0.021509 0.804972 0.592857
1709436974.894445 22.083886 -10.295610 0.231704 -0.019188 0.026598 0.806400 0.590460
1709436974.994378 22.062864 -10.201177 0.230436 -0.017770 0.031218 0.806261 0.590468
1709436975.093493 22.019985 -10.114136 0.224998 -0.020161 0.031512 0.804131 0.593274
1709436975.194758 21.988083 -10.030085 0.219005 -0.022719 0.021216 0.804500 0.593139
1709436975.293899 21.982552 -9.946183 0.217984 -0.022932 0.020827 0.806649 0.590218
1709436975.392549 21.962641 -9.851659 0.220783 -0.015201 0.031222 0.805295 0.591856
1709436975.491481 21.925183 -9.758920 0.213712 -0.018306 0.032718 0.803487 0.594141
1709436975.594492 21.875933 -9.645787 0.195756 -0.027489 0.026418 0.803139 0.594571
1709436975.694019 21.833920 -9.543709 0.195696 -0.032076 0.033774 0.803746 0.593146
1709436975.792624 21.794536 -9.428157 0.198875 -0.035491 0.036659 0.801311 0.596069
1709436975.891272 21.775415 -9.327059 0.191904 -0.034370 0.031819 0.805974 0.590095
1709436975.994695 21.728808 -9.209659 0.185669 -0.036994 0.040393 0.805241 0.590413
1709436976.094527 21.701777 -9.106985 0.181067 -0.027959 0.032784 0.805643 0.590833
1709436976.194765 21.688625 -8.998041 0.177739 -0.021846 0.030547 0.807492 0.588682
1709436976.294557 21.666358 -8.898030 0.175519 -0.019317 0.032868 0.806470 0.590044
1709436976.394455 21.623897 -8.812386 0.170202 -0.013424 0.028414 0.806085 0.590964
1709436976.494859 21.602379 -8.734547 0.167732 -0.007419 0.025642 0.806473 0.590668
1709436976.593656 21.557592 -8.650348 0.159533 -0.015060 0.025840 0.804390 0.593349
1709436976.692303 21.511691 -8.576433 0.154346 -0.017635 0.019008 0.802727 0.595782
1709436976.791198 21.488696 -8.503300 0.153288 -0.026370 0.012394 0.804680 0.592994
1709436976.894456 21.451324 -8.410983 0.152254 -0.025682 0.018986 0.803627 0.594276
1709436976.993737 21.415825 -8.319216 0.150917 -0.027347 0.025345 0.803760 0.593784
1709436977.092333 21.389951 -8.225552 0.149273 -0.030342 0.031072 0.802479 0.595098
1709436977.191149 21.375877 -8.145835 0.158170 -0.008949 0.018891 0.803295 0.595215
1709436977.294597 21.355973 -8.065987 0.150570 -0.009211 0.012793 0.803516 0.595075
1709436977.394422 21.332057 -7.994077 0.147661 -0.017221 0.007494 0.803771 0.594643
1709436977.495092 21.297406 -7.930424 0.149342 -0.010516 0.002838 0.807672 0.589531
1709436977.594938 21.267869 -7.845692 0.149951 -0.008402 0.008028 0.808990 0.587707
1709436977.694784 21.222895 -7.765133 0.138545 -0.005576 0.007364 0.812026 0.583548
1709436977.794611 21.183046 -7.678971 0.140320 -0.017677 0.019020 0.810074 0.585752
1709436977.893516 21.142311 -7.604086 0.151065 -0.015908 0.017745 0.808923 0.587431
1709436977.992348 21.103848 -7.539113 0.148370 -0.020461 0.015506 0.811200 0.584205
1709436978.091215 21.067858 -7.454112 0.146355 -0.021883 0.013208 0.812520 0.582373
1709436978.194762 21.041490 -7.358995 0.146492 -0.021132 0.013160 0.814564 0.579539
1709436978.293531 20.998180 -7.278931 0.138656 -0.020237 0.005908 0.814751 0.579428
1709436978.392170 20.973675 -7.192828 0.130054 -0.021172 0.005923 0.817863 0.574993
1709436978.495093 20.953558 -7.091087 0.132780 -0.024900 0.023985 0.818442 0.573547
1709436978.594899 20.950013 -7.004980 0.143470 -0.020928 0.030974 0.819614 0.571696
1709436978.694730 20.925289 -6.942377 0.136106 -0.020687 0.023528 0.822698 0.567615
1709436978.794592 20.885337 -6.871792 0.127921 -0.028214 0.024380 0.824348 0.564854
1709436978.894439 20.861735 -6.818794 0.131619 -0.027921 0.020177 0.828861 0.558393
1709436978.995050 20.817691 -6.751241 0.128315 -0.027940 0.016412 0.831202 0.555025
1709436979.094594 20.770824 -6.689933 0.123899 -0.026192 0.011500 0.833228 0.552189
1709436979.193194 20.729008 -6.630239 0.132818 -0.008744 0.003448 0.836142 0.548432
1709436979.292172 20.704114 -6.559867 0.139775 -0.012466 0.006908 0.833438 0.552430
1709436979.391299 20.649339 -6.482839 0.128017 -0.023282 0.006822 0.831442 0.555081
1709436979.494509 20.591476 -6.384567 0.121827 -0.023378 0.015498 0.829450 0.557877
1709436979.593122 20.553491 -6.283428 0.121513 -0.026716 0.020844 0.831327 0.554750
1709436979.691862 20.517776 -6.191913 0.135602 -0.017789 0.013264 0.832854 0.553048
1709436979.790481 20.489617 -6.099871 0.138687 -0.026528 0.024204 0.837748 0.544875
1709436979.894811 20.459170 -5.992310 0.142039 -0.010130 0.032162 0.842146 0.538195
1709436979.993916 20.426576 -5.917107 0.148378 0.011947 0.037966 0.850222 0.524917
1709436980.094494 20.367763 -5.835470 0.140076 0.002217 0.041583 0.852195 0.521564
1709436980.195132 20.314492 -5.761443 0.120263 -0.016070 0.024552 0.854859 0.518030
1709436980.294981 20.241743 -5.714645 0.103103 -0.024098 -0.000945 0.856435 0.515691
1709436980.394462 20.202082 -5.640328 0.105773 -0.032842 0.002798 0.857971 0.512640
1709436980.493335 20.170475 -5.553729 0.116560 -0.025892 0.012851 0.856365 0.515561
1709436980.592366 20.157264 -5.469678 0.117649 -0.022867 0.016133 0.855870 0.516434
1709436980.695146 20.116418 -5.384199 0.116124 -0.019673 0.016407 0.855377 0.517373
1709436980.794191 20.066503 -5.286773 0.112986 -0.024539 0.021408 0.855268 0.517161
1709436980.892859 20.023229 -5.202901 0.113353 -0.019731 0.024322 0.856217 0.515666
1709436980.991591 19.976988 -5.110552 0.114895 -0.014560 0.020056 0.853212 0.520975
1709436981.090256 19.932954 -5.013912 0.115411 -0.018840 0.026068 0.850357 0.525223
1709436981.194952 19.881559 -4.907047 0.115803 -0.018614 0.024797 0.844597 0.534504
1709436981.293722 19.813704 -4.808319 0.103554 -0.021983 0.022210 0.842823 0.537283
1709436981.394819 19.772698 -4.723067 0.107436 -0.014025 0.016744 0.842409 0.538395
1709436981.494668 19.724193 -4.640635 0.098937 -0.023974 0.012511 0.841176 0.540085
1709436981.594523 19.674701 -4.566726 0.094338 -0.021556 0.010180 0.843667 0.536337
1709436981.694411 19.644742 -4.483019 0.109665 -0.014304 0.017410 0.850464 0.525551
1709436981.793875 19.600748 -4.418596 0.110824 -0.006857 0.018085 0.860178 0.509627
1709436981.892246 19.553692 -4.343632 0.105907 -0.008629 0.013623 0.864981 0.501545
1709436981.995074 19.490328 -4.274150 0.098600 -0.012047 0.003693 0.865248 0.501186
1709436982.093937 19.423775 -4.189476 0.092848 -0.025137 0.009856 0.866464 0.498508
1709436982.192730 19.380396 -4.094679 0.099915 -0.011661 0.009075 0.864335 0.502700
1709436982.291374 19.322190 -4.007397 0.096097 -0.022932 0.009715 0.863296 0.504083
1709436982.394466 19.274085 -3.913388 0.101131 -0.022702 0.007931 0.863206 0.504279
1709436982.494304 19.258772 -3.808937 0.108624 -0.022376 0.027577 0.865500 0.499648
1709436982.592856 19.205369 -3.707803 0.112932 -0.013924 0.033957 0.865393 0.499748
1709436982.694768 19.156597 -3.604955 0.111003 -0.015642 0.031983 0.863848 0.502494
1709436982.794613 19.099600 -3.512322 0.100449 -0.023551 0.025438 0.862585 0.504724
1709436982.894449 19.061176 -3.425719 0.102497 -0.018433 0.023618 0.864871 0.501099
1709436982.994964 19.009223 -3.338459 0.107153 -0.007922 0.026368 0.864759 0.501432
1709436983.093339 18.961713 -3.257297 0.103199 -0.004185 0.028615 0.864066 0.502548
1709436983.193202 18.919448 -3.178246 0.099774 -0.007341 0.020757 0.863762 0.503419
1709436983.294617 18.870409 -3.085671 0.101421 -0.007844 0.027319 0.865690 0.499773
1709436983.393665 18.818339 -2.984040 0.101621 -0.012689 0.031641 0.864433 0.501591
1709436983.492335 18.738615 -2.888650 0.096057 -0.016440 0.025961 0.862972 0.504317
1709436983.591064 18.655778 -2.784471 0.092290 -0.022380 0.025572 0.862165 0.505487
1709436983.694772 18.593239 -2.670099 0.092452 -0.020557 0.030111 0.861888 0.505787
1709436983.793848 18.512579 -2.558774 0.093083 -0.012340 0.030818 0.860502 0.508364
1709436983.892532 18.439965 -2.444628 0.084577 -0.018176 0.036351 0.860073 0.508549
1709436983.995079 18.355548 -2.341157 0.077266 -0.021589 0.031966 0.861242 0.506729
1709436984.094918 18.304978 -2.237462 0.083768 -0.015414 0.035773 0.860694 0.507630
1709436984.194767 18.276124 -2.120805 0.078238 -0.014811 0.034804 0.861384 0.506544
1709436984.294599 18.235177 -2.008287 0.078996 -0.010498 0.035710 0.860664 0.507811
1709436984.394138 18.166803 -1.915875 0.066358 -0.010978 0.019331 0.860024 0.509769
1709436984.495076 18.101001 -1.819575 0.062706 -0.017480 0.014697 0.862305 0.505875
1709436984.594774 18.042907 -1.719486 0.079150 -0.007830 0.020044 0.862236 0.506049
1709436984.693462 17.988450 -1.608800 0.076580 -0.004744 0.025673 0.860307 0.509108
1709436984.792167 17.915182 -1.496664 0.071597 -0.012571 0.025804 0.857770 0.513231
1709436984.890968 17.853554 -1.396673 0.066891 -0.019332 0.019979 0.858021 0.512861
1709436984.994939 17.790031 -1.294684 0.072341 -0.020170 0.025947 0.857375 0.513643
1709436985.093656 17.719574 -1.179499 0.068131 -0.035478 0.033911 0.856559 0.513710
1709436985.192197 17.659490 -1.080593 0.066154 -0.023665 0.030358 0.857931 0.512321
1709436985.291687 17.627929 -0.970566 0.069381 -0.011454 0.030460 0.856361 0.515351
1709436985.394452 17.574855 -0.862695 0.060519 -0.016986 0.028890 0.858251 0.512135
1709436985.495099 17.513280 -0.770166 0.056285 -0.005367 0.020940 0.857324 0.514323
1709436985.594569 17.455866 -0.679867 0.061126 -0.001003 0.012240 0.857885 0.513694
1709436985.694086 17.399957 -0.583382 0.054885 -0.010729 0.009269 0.858551 0.512532
1709436985.794609 17.337903 -0.484038 0.059622 -0.009767 0.010391 0.857461 0.514351
1709436985.894450 17.274261 -0.390856 0.056264 -0.015741 0.006874 0.856826 0.515320
1709436985.993285 17.222843 -0.284298 0.060701 -0.015592 0.011040 0.856526 0.515751
1709436986.091974 17.165369 -0.168748 0.058867 -0.024703 0.018059 0.856265 0.515629
1709436986.194751 17.120360 -0.064515 0.064195 -0.015213 0.016318 0.856239 0.516099
1709436986.294578 17.056950 0.053959 0.049842 -0.025963 0.016054 0.854398 0.518721
1709436986.394273 16.997969 0.163149 0.049187 -0.025856 0.018017 0.854582 0.518359
1709436986.492825 16.944337 0.271343 0.052749 -0.025008 0.022433 0.853252 0.520416
1709436986.594913 16.887397 0.376038 0.048829 -0.020504 0.025059 0.855635 0.516565
1709436986.694764 16.842904 0.465892 0.055805 -0.020835 0.024816 0.855000 0.517615
1709436986.794598 16.810653 0.547828 0.060878 -0.007516 0.024937 0.855377 0.517351
1709436986.894438 16.761108 0.645644 0.050951 -0.015717 0.031947 0.851869 0.522543
1709436986.995065 16.713106 0.724779 0.052797 -0.018636 0.032401 0.850584 0.524509
1709436987.094912 16.678647 0.773694 0.057083 -0.011222 0.020118 0.850145 0.526044
1709436987.194418 16.631471 0.815175 0.045618 -0.009781 0.006718 0.850453 0.525918
1709436987.293117 16.596033 0.884501 0.034919 -0.026030 0.010659 0.848091 0.529104
1709436987.391902 16.549511 0.949727 0.038279 -0.032008 0.017324 0.846207 0.531610
1709436987.495085 16.523969 1.038817 0.047058 -0.031788 0.031368 0.847846 0.528359
1709436987.594209 16.500218 1.107396 0.058205 -0.010974 0.029811 0.849166 0.527169
1709436987.693774 16.501576 1.176904 0.059665 0.003336 0.034280 0.849959 0.525722
1709436987.794549 16.452807 1.260554 0.044627 -0.016774 0.036824 0.845761 0.532025
1709436987.894400 16.412841 1.333614 0.041384 -0.025730 0.036705 0.848779 0.526844
1709436987.995045 16.392534 1.409318 0.034495 -0.026587 0.035780 0.853551 0.519099
1709436988.094881 16.363666 1.495681 0.048385 -0.011212 0.052905 0.856487 0.513327
1709436988.194726 16.335048 1.574214 0.054634 -0.010790 0.057546 0.853098 0.518455
1709436988.294569 16.297362 1.624884 0.043154 -0.026885 0.042213 0.856764 0.513274
1709436988.394813 16.241567 1.656521 0.027021 -0.028155 0.012798 0.856810 0.514705
1709436988.494160 16.207566 1.714622 0.021743 -0.028606 0.009092 0.860950 0.507802
1709436988.593007 16.151555 1.782559 0.017798 -0.030770 0.013280 0.860640 0.508110
1709436988.692086 16.092488 1.839850 0.017511 -0.024066 0.003649 0.864303 0.502382
1709436988.794980 16.040320 1.897177 0.023403 -0.010799 0.008254 0.869538 0.493679
1709436988.893854 15.990488 1.958076 0.022282 -0.009323 0.011877 0.872528 0.488330
1709436988.992454 15.947191 2.012094 0.020697 -0.007176 0.004891 0.877386 0.479707
1709436989.091080 15.915774 2.052161 0.026437 -0.004510 0.012634 0.885427 0.464585
1709436989.194753 15.886443 2.100982 0.039291 0.009328 0.022660 0.893464 0.448466
1709436989.294613 15.841507 2.142052 0.044201 0.014480 0.016875 0.899017 0.437348
1709436989.394451 15.787444 2.162561 0.036359 0.004154 0.006489 0.907039 0.420976
1709436989.495084 15.736719 2.194141 0.043628 0.006465 0.008955 0.912536 0.408848
1709436989.594934 15.694950 2.225802 0.045378 0.000769 0.011907 0.917650 0.397211
1709436989.694771 15.647980 2.252678 0.042179 0.000285 0.008288 0.921542 0.388190
1709436989.794396 15.614613 2.264653 0.041464 0.003144 0.006098 0.925521 0.378635
1709436989.893313 15.581655 2.285247 0.046699 0.001589 0.006559 0.927917 0.372726
1709436989.995068 15.556589 2.303473 0.038245 -0.004516 -0.003028 0.929905 0.367761
1709436990.094762 15.542596 2.319149 0.035604 -0.008233 -0.010438 0.931739 0.362884
1709436990.193433 15.512618 2.344138 0.032699 -0.010551 -0.012360 0.934385 0.355894
1709436990.292123 15.478922 2.358608 0.030194 -0.013396 -0.015485 0.936828 0.349191
1709436990.390837 15.435638 2.373584 0.026326 -0.015248 -0.016622 0.939239 0.342521
1709436990.495058 15.393726 2.398195 0.028800 -0.015147 -0.017194 0.942260 0.334097
1709436990.594584 15.364821 2.410062 0.033080 -0.012723 -0.021479 0.944036 0.328896
1709436990.693006 15.328925 2.412743 0.032663 -0.013326 -0.027794 0.946701 0.320635
1709436990.794558 15.299935 2.428563 0.036178 -0.014258 -0.025172 0.950039 0.310788
1709436990.894794 15.281756 2.463049 0.049571 -0.009643 -0.011429 0.953563 0.300824
1709436990.994622 15.252821 2.492394 0.053221 -0.012526 -0.004252 0.956292 0.292116
1709436991.094440 15.203884 2.502406 0.039066 -0.013503 -0.011221 0.958846 0.283384
1709436991.193489 15.154582 2.506566 0.036860 -0.014486 -0.015438 0.962137 0.271743
1709436991.294957 15.104536 2.527313 0.042883 -0.017656 -0.007881 0.965135 0.261037
1709436991.394668 15.070162 2.546960 0.053853 -0.016729 -0.001044 0.968421 0.248756
1709436991.493184 15.032422 2.579651 0.060231 -0.020201 0.004984 0.971032 0.238044
1709436991.591957 14.989507 2.605957 0.067926 -0.022305 0.013534 0.973930 0.225343
1709436991.695045 14.943052 2.625411 0.070873 -0.026634 0.017273 0.976168 0.214683
1709436991.794951 14.914818 2.643410 0.067630 -0.024312 0.014377 0.979290 0.200482
1709436991.893816 14.882395 2.650848 0.071477 -0.021375 0.020259 0.982361 0.184660
1709436991.992391 14.846554 2.676687 0.076080 -0.017646 0.029699 0.985071 0.168649
1709436992.094484 14.806837 2.685857 0.064139 -0.022300 0.025247 0.987016 0.157053
1709436992.195121 14.752217 2.679314 0.058365 -0.026192 0.020924 0.988878 0.144902
1709436992.294964 14.708710 2.691735 0.061724 -0.030194 0.023611 0.990571 0.131532
1709436992.394144 14.670367 2.699921 0.066901 -0.031726 0.025307 0.992050 0.119117
1709436992.493161 14.631381 2.687707 0.069254 -0.033432 0.023810 0.993542 0.105781
1709436992.594444 14.588113 2.705390 0.071418 -0.033900 0.026859 0.994727 0.092989
1709436992.694241 14.544133 2.715330 0.066621 -0.033287 0.027424 0.995870 0.079887
1709436992.792953 14.504203 2.727895 0.069184 -0.031493 0.025646 0.996924 0.067035
1709436992.891628 14.454162 2.733676 0.063211 -0.031050 0.022601 0.997733 0.055267
1709436992.990414 14.424422 2.720235 0.065233 -0.030617 0.021624 0.998365 0.043152
1709436993.094446 14.386435 2.708779 0.069507 -0.027684 0.021764 0.998912 0.030560
1709436993.193406 14.355193 2.720722 0.065203 -0.023355 0.019119 0.999380 0.018152
1709436993.292024 14.316490 2.726906 0.071230 -0.021442 0.024851 0.999450 0.004730
1709436993.394751 14.269835 2.743997 0.074014 -0.021087 0.030973 0.999260 -0.008680
1709436993.494583 14.228851 2.750955 0.074358 -0.016754 0.031345 0.999132 -0.021718
1709436993.594821 14.185604 2.751390 0.071469 -0.018350 0.031667 0.998794 -0.032721
1709436993.694352 14.132918 2.757029 0.071142 -0.018274 0.034627 0.998215 -0.045099
1709436993.793461 14.085061 2.767352 0.069157 -0.016432 0.035640 0.997588 -0.057250
1709436993.894772 14.027888 2.763842 0.067115 -0.015052 0.033626 0.996673 -0.072705
1709436993.993955 13.971572 2.753737 0.072669 -0.012032 0.034105 0.995246 -0.090434
1709436994.092686 13.916982 2.734592 0.075352 -0.014413 0.031592 0.993773 -0.105874
1709436994.191265 13.853269 2.727976 0.075466 -0.015914 0.033531 0.991462 -0.125002
1709436994.294926 13.787413 2.711899 0.081288 -0.017235 0.036655 0.989091 -0.141628
1709436994.394522 13.734242 2.667345 0.070669 -0.016342 0.030050 0.986843 -0.158018
1709436994.493086 13.670614 2.639908 0.070458 -0.019444 0.023492 0.984754 -0.171261
1709436994.591692 13.616710 2.604296 0.076401 -0.022467 0.027193 0.981549 -0.187929
1709436994.695072 13.565485 2.551635 0.077584 -0.025509 0.023725 0.978711 -0.202267
1709436994.794906 13.519175 2.503942 0.067907 -0.023232 0.016159 0.975290 -0.219108
1709436994.894735 13.463600 2.471720 0.072923 -0.022038 0.016219 0.970681 -0.238809
1709436994.994579 13.398032 2.443038 0.076513 -0.020242 0.017035 0.965022 -0.260829
1709436995.094812 13.336813 2.393503 0.079879 -0.020441 0.023040 0.958710 -0.282714
1709436995.194652 13.266166 2.339040 0.085472 -0.022155 0.025868 0.952463 -0.302744
1709436995.293710 13.205679 2.291004 0.082971 -0.022701 0.022280 0.945830 -0.323102
1709436995.392529 13.150953 2.224226 0.069307 -0.027814 0.013148 0.939472 -0.341242
1709436995.491348 13.101470 2.147826 0.066791 -0.028780 0.007733 0.932281 -0.360506
1709436995.594821 13.034215 2.092831 0.066816 -0.027456 0.013143 0.923599 -0.382149
1709436995.694079 12.980821 2.024522 0.063125 -0.029760 0.008647 0.915372 -0.401414
1709436995.792728 12.938563 1.963577 0.067027 -0.027252 0.010277 0.907103 -0.419900
1709436995.895139 12.900028 1.891337 0.064026 -0.029743 0.007067 0.897821 -0.439298
1709436995.994966 12.862847 1.826129 0.064016 -0.030516 0.006608 0.888088 -0.458612
1709436996.094800 12.817700 1.743765 0.053464 -0.036728 -0.004187 0.880529 -0.472548
1709436996.194635 12.783232 1.659004 0.052185 -0.026501 -0.001175 0.875212 -0.483012
1709436996.294480 12.729751 1.564079 0.046915 -0.038620 0.001290 0.870583 -0.490502
1709436996.395103 12.665798 1.477593 0.041495 -0.038061 0.002049 0.869920 -0.491717
1709436996.494832 12.607392 1.362149 0.037088 -0.030018 -0.004098 0.869517 -0.492972
1709436996.593568 12.555829 1.229977 0.026849 -0.025719 -0.012846 0.869002 -0.493973
1709436996.692322 12.498044 1.083457 0.019422 -0.014095 -0.015683 0.871249 -0.490388
1709436996.791126 12.411972 0.950292 0.013290 -0.005503 -0.019201 0.872677 -0.487890
1709436996.895078 12.333606 0.788262 0.002109 -0.008064 -0.028477 0.872176 -0.488295
1709436996.993672 12.252526 0.640888 0.003758 -0.014944 -0.025878 0.869669 -0.492730
1709436997.092164 12.159029 0.482634 -0.003669 -0.032360 -0.029906 0.866852 -0.496614
1709436997.190840 12.053856 0.351697 0.001552 -0.035803 -0.015299 0.868352 -0.494418
1709436997.294468 11.972142 0.206205 -0.009117 -0.037289 -0.021104 0.870220 -0.490797
1709436997.395100 11.909828 0.048554 -0.014819 -0.023157 -0.023682 0.870881 -0.490377
1709436997.494939 11.845977 -0.084555 -0.022141 -0.023915 -0.025851 0.869791 -0.492162
1709436997.594788 11.776993 -0.203024 -0.010605 -0.019212 -0.021426 0.871866 -0.488899
1709436997.694630 11.711757 -0.290345 -0.007915 -0.000770 -0.000777 0.871585 -0.490243
1709436997.794458 11.643914 -0.388984 -0.026659 -0.019904 -0.006494 0.871680 -0.489629
1709436997.893320 11.574137 -0.478081 -0.022306 -0.019332 -0.004181 0.872500 -0.488213
1709436997.992194 11.519201 -0.581456 -0.022672 -0.014979 -0.007046 0.873892 -0.485838
1709436998.091259 11.459329 -0.678821 -0.013446 -0.031381 -0.012261 0.870751 -0.490569
1709436998.194624 11.390055 -0.782736 -0.005129 -0.030585 0.003466 0.871764 -0.488959
1709436998.293359 11.315857 -0.861890 -0.002966 -0.027721 0.021916 0.870714 -0.490518
1709436998.392054 11.240455 -0.941852 0.000051 -0.025318 0.028519 0.871252 -0.489353
1709436998.494949 11.181311 -1.052355 0.011390 -0.018777 0.033552 0.872742 -0.486665
1709436998.594786 11.132211 -1.175377 -0.005165 -0.018749 0.017818 0.878466 -0.477104
1709436998.693769 11.084015 -1.266556 -0.004927 -0.009359 0.010197 0.878751 -0.477079
1709436998.792323 11.018512 -1.354952 -0.005108 -0.014110 0.010720 0.876790 -0.480548
1709436998.895123 10.940280 -1.434936 0.012711 -0.022789 0.024474 0.874354 -0.484134
1709436998.994966 10.866325 -1.507930 0.020126 -0.034987 0.025998 0.872908 -0.485933
1709436999.094296 10.815531 -1.591594 0.013659 -0.032546 0.024135 0.871809 -0.488167
1709436999.193040 10.775933 -1.668860 0.019525 -0.025096 0.028697 0.871093 -0.489637
1709436999.291823 10.729541 -1.735628 0.031323 -0.018153 0.037617 0.871735 -0.488195
1709436999.390884 10.707014 -1.831105 0.017104 -0.014335 0.024715 0.873981 -0.485119
1709436999.494518 10.684211 -1.922306 0.006667 -0.008680 0.008451 0.874954 -0.484054
1709436999.593183 10.639373 -2.000335 0.003455 -0.010150 0.006800 0.875304 -0.483419
1709436999.691853 10.586237 -2.072902 0.005762 -0.010237 0.008913 0.875275 -0.483435
1709436999.794906 10.543960 -2.166896 0.010238 -0.017372 0.006528 0.876500 -0.481045
1709436999.894732 10.511798 -2.229125 0.012571 -0.020214 0.002622 0.875803 -0.482239
1709436999.993499 10.481836 -2.307450 0.017956 -0.026647 0.004680 0.875683 -0.482127
1709437000.092027 10.439935 -2.369423 0.023446 -0.026858 0.008818 0.874997 -0.483303
1709437000.195061 10.407771 -2.453152 0.022968 -0.025948 0.009894 0.875346 -0.482699
1709437000.294904 10.381807 -2.533638 0.020019 -0.024318 0.011121 0.875721 -0.482076
1709437000.394223 10.337036 -2.618671 0.020471 -0.022285 0.013580 0.875890 -0.481805
1709437000.493199 10.275798 -2.682305 0.021280 -0.026052 0.011566 0.876967 -0.479704
1709437000.592186 10.225560 -2.780565 0.025458 -0.026687 0.011578 0.879630 -0.474768
1709437000.694633 10.152528 -2.856915 0.031111 -0.011889 0.022746 0.889754 -0.455719
1709437000.794158 10.072447 -2.936073 0.021099 -0.019372 0.010977 0.898654 -0.438092
1709437000.892867 9.995219 -3.016564 0.018891 -0.016655 0.002519 0.905803 -0.423363
1709437000.991578 9.921688 -3.098901 0.023308 -0.018523 0.006805 0.912750 -0.408042
1709437001.094795 9.829751 -3.156429 0.034760 -0.020428 0.016499 0.915363 -0.401773
1709437001.194585 9.748539 -3.212394 0.038740 -0.028952 0.017778 0.915548 -0.400772
1709437001.293133 9.694873 -3.290716 0.033595 -0.029627 0.012348 0.915594 -0.400820
1709437001.395108 9.638817 -3.369430 0.019604 -0.019945 0.000519 0.917981 -0.396122
1709437001.494945 9.588580 -3.453475 0.011788 -0.016941 -0.011366 0.920016 -0.391351
1709437001.594789 9.511050 -3.518329 0.015733 -0.019894 -0.004009 0.923095 -0.384035
1709437001.694446 9.431386 -3.570453 0.032730 -0.023447 0.009068 0.927774 -0.372296
1709437001.793333 9.377500 -3.651268 0.028386 -0.021454 0.007160 0.931908 -0.361988
1709437001.892329 9.307221 -3.689797 0.021944 -0.012340 0.003926 0.936882 -0.349406
1709437001.994942 9.226703 -3.730505 0.020581 -0.013447 -0.001514 0.941475 -0.336811
1709437002.093916 9.140808 -3.784305 0.023591 -0.017835 0.003097 0.945453 -0.325254
1709437002.192568 9.044294 -3.832465 0.019828 -0.024996 0.001612 0.949820 -0.311792
1709437002.291360 8.959601 -3.904927 0.029721 -0.019693 0.000591 0.954240 -0.298392
1709437002.395111 8.861946 -3.968617 0.023610 -0.033709 0.002598 0.957007 -0.288087
1709437002.494304 8.749428 -4.052349 0.011586 -0.052118 -0.001547 0.960782 -0.272359
1709437002.592869 8.639832 -4.113312 0.022976 -0.042487 0.001669 0.965596 -0.256546
1709437002.691340 8.552602 -4.180901 0.030186 -0.023884 0.002578 0.970395 -0.240325
1709437002.794496 8.454708 -4.219003 0.030870 -0.027863 -0.001007 0.971456 -0.235576
1709437002.895147 8.351549 -4.252546 0.029436 -0.031043 0.006670 0.974093 -0.223907
1709437002.994332 8.268309 -4.261022 0.032109 -0.003249 0.027082 0.975416 -0.218676
1709437003.093356 8.176381 -4.273814 0.031220 -0.014377 0.039849 0.975246 -0.217027
1709437003.192606 8.100305 -4.316657 0.033810 -0.031074 0.037596 0.975610 -0.214023
1709437003.294537 8.019403 -4.353770 0.028516 -0.029485 0.027769 0.976514 -0.211614
1709437003.393553 7.957275 -4.414388 0.022334 -0.031009 0.016211 0.977127 -0.209756
1709437003.492351 7.885602 -4.448604 0.023832 -0.024312 0.015818 0.977139 -0.210616
1709437003.591069 7.808677 -4.478316 0.028595 -0.028470 0.023807 0.976991 -0.210027
1709437003.695097 7.724337 -4.523661 0.021149 -0.041523 0.019951 0.977221 -0.207165
1709437003.793669 7.642820 -4.559636 0.018369 -0.028948 0.016486 0.977364 -0.208923
1709437003.892293 7.562623 -4.615746 0.018136 -0.029238 0.017975 0.977811 -0.206657
1709437003.990897 7.465885 -4.661443 0.009758 -0.025405 0.014035 0.978134 -0.205941
1709437004.094491 7.370965 -4.712098 0.000615 -0.031635 0.003544 0.978109 -0.205642
1709437004.195120 7.276078 -4.753821 0.014944 -0.027593 0.013261 0.978815 -0.202445
1709437004.294650 7.187902 -4.794601 0.015846 -0.018910 0.015988 0.979542 -0.199710
1709437004.393870 7.094448 -4.844150 0.009361 -0.031464 0.007716 0.979571 -0.198471
1709437004.494618 6.990729 -4.882220 0.005841 -0.033976 0.007878 0.980997 -0.190865
1709437004.594457 6.896358 -4.924231 0.002026 -0.031979 0.003607 0.982829 -0.181688
1709437004.693358 6.792756 -4.938414 -0.000291 -0.028735 0.002809 0.984600 -0.172423
1709437004.792043 6.682246 -4.945105 -0.007379 -0.038771 0.008610 0.985588 -0.164437
1709437004.890827 6.575126 -4.963529 -0.018243 -0.039810 0.002789 0.987648 -0.151521
1709437004.994612 6.478718 -4.977692 -0.020942 -0.032737 -0.003060 0.989629 -0.139836
1709437005.093476 6.399651 -4.988665 -0.010492 -0.031154 0.008258 0.991069 -0.129397
1709437005.192085 6.312946 -4.996910 -0.005932 -0.027901 0.015165 0.992717 -0.116205
1709437005.290704 6.235111 -5.023598 -0.019825 -0.025406 0.005590 0.994318 -0.103222
1709437005.394799 6.153813 -5.060131 -0.024967 -0.023305 -0.006930 0.995802 -0.088241
1709437005.494640 6.052943 -5.069525 -0.035300 -0.026940 -0.014453 0.996656 -0.075773
1709437005.594472 5.957884 -5.070123 -0.031171 -0.021605 -0.008424 0.998004 -0.058736
1709437005.694864 5.867244 -5.071036 -0.023279 -0.030453 0.000594 0.998445 -0.046681
1709437005.794935 5.783208 -5.050927 -0.017117 -0.020097 0.010388 0.999130 -0.035047
1709437005.894467 5.693907 -5.048950 -0.018326 -0.021049 0.014026 0.999449 -0.021483
1709437005.993249 5.602142 -5.057377 -0.020970 -0.023608 0.004706 0.999619 -0.013472
1709437006.092194 5.519339 -5.069351 -0.023445 -0.015263 -0.004422 0.999874 -0.000630
1709437006.195091 5.447815 -5.094452 -0.029869 -0.022996 -0.010123 0.999672 0.004867
1709437006.294241 5.378953 -5.095335 -0.018617 -0.016843 -0.003297 0.999796 0.010625
1709437006.392915 5.312306 -5.092283 -0.009377 -0.017935 0.011084 0.999699 0.012545
1709437006.491599 5.248624 -5.093537 -0.009330 -0.020521 0.012111 0.999524 0.019595
1709437006.590219 5.185116 -5.116355 -0.016235 -0.019924 0.004465 0.999519 0.023327
1709437006.695090 5.109851 -5.107129 -0.021341 -0.024404 0.002907 0.999363 0.025860
1709437006.794937 5.035986 -5.091109 -0.014823 -0.024349 0.007836 0.999129 0.032970
1709437006.894782 4.954021 -5.067652 -0.011976 -0.023738 0.012481 0.998836 0.040086
1709437006.994591 4.867896 -5.041736 -0.013433 -0.024079 0.012591 0.998591 0.045587
1709437007.094445 4.782236 -5.030342 -0.005474 -0.021459 0.012642 0.998253 0.053583
1709437007.194291 4.692257 -5.015127 -0.010123 -0.024294 0.011807 0.997774 0.060975
1709437007.293158 4.612571 -4.996740 -0.005082 -0.019595 0.014740 0.997269 0.069670
1709437007.392062 4.529967 -4.991607 -0.008706 -0.017435 0.012241 0.996817 0.076831
1709437007.494605 4.461650 -4.989593 -0.016135 -0.018472 0.005620 0.996872 0.076642
1709437007.594192 4.394018 -4.979590 -0.012782 -0.019666 0.012509 0.996741 0.077222
1709437007.692544 4.326240 -4.954670 -0.007820 -0.018108 0.022869 0.996449 0.078988
1709437007.791265 4.255725 -4.936383 -0.010942 -0.025255 0.020531 0.996060 0.082496
1709437007.894786 4.179837 -4.945806 -0.016195 -0.025275 0.014727 0.995572 0.089334
1709437007.994628 4.117513 -4.936285 -0.017193 -0.025744 0.013526 0.995302 0.092352
1709437008.094464 4.058603 -4.915612 -0.005503 -0.028251 0.022634 0.995012 0.092956
1709437008.195107 3.980906 -4.912287 -0.003773 -0.028650 0.026045 0.994699 0.095262
1709437008.294938 3.902843 -4.895827 -0.011476 -0.026627 0.019281 0.994397 0.100467
1709437008.394774 3.810167 -4.891804 -0.009453 -0.032922 0.017378 0.994063 0.102239
1709437008.494097 3.721902 -4.876546 -0.010513 -0.028222 0.020427 0.993703 0.106490
1709437008.592975 3.636391 -4.850620 -0.007871 -0.031121 0.024640 0.992834 0.112720
1709437008.691904 3.561799 -4.818075 -0.018559 -0.027562 0.025079 0.992212 0.118852
1709437008.794902 3.484999 -4.788080 -0.009327 -0.031266 0.026951 0.991711 0.121675
1709437008.893744 3.416325 -4.767953 -0.012530 -0.030574 0.027896 0.991848 0.120514
1709437008.992418 3.340949 -4.735429 -0.025472 -0.037807 0.027357 0.991045 0.125109
1709437009.091364 3.278108 -4.727209 -0.024945 -0.033339 0.024703 0.990996 0.127297
1709437009.195050 3.206862 -4.713828 -0.026198 -0.036703 0.022311 0.990803 0.128315
1709437009.294652 3.165177 -4.708379 -0.029462 -0.030789 0.017849 0.991333 0.126461
1709437009.394743 3.107571 -4.694959 -0.027712 -0.022698 0.023556 0.991345 0.127141
1709437009.494580 3.055635 -4.679512 -0.025800 -0.020600 0.026194 0.991062 0.129171
1709437009.594812 3.001395 -4.683189 -0.033740 -0.019882 0.015661 0.990554 0.134767
1709437009.694640 2.937587 -4.664920 -0.036022 -0.023151 0.015982 0.990100 0.137513
1709437009.794129 2.869460 -4.640503 -0.026981 -0.019707 0.025707 0.989080 0.143776
1709437009.893095 2.807985 -4.608411 -0.027915 -0.015689 0.028095 0.987822 0.152225
1709437009.994959 2.738304 -4.597382 -0.032911 -0.013960 0.021972 0.986637 0.160838
1709437010.094679 2.677853 -4.579441 -0.029323 -0.014235 0.016525 0.984993 0.171210
1709437010.193371 2.618070 -4.565077 -0.035390 -0.021176 0.010448 0.984075 0.176176
1709437010.292150 2.562997 -4.546358 -0.032268 -0.019199 0.016687 0.983782 0.177555
1709437010.390792 2.498839 -4.517810 -0.028825 -0.023616 0.022178 0.982704 0.182329
1709437010.494941 2.426057 -4.494708 -0.032160 -0.023218 0.015834 0.981979 0.186891
1709437010.594154 2.363353 -4.476785 -0.034112 -0.020204 0.013694 0.982674 0.183727
1709437010.692645 2.296009 -4.432117 -0.030389 -0.021280 0.026207 0.982820 0.181453
1709437010.794470 2.245089 -4.382583 -0.025783 -0.015794 0.037134 0.982110 0.183935
1709437010.895110 2.170061 -4.349091 -0.026626 -0.015141 0.032927 0.981509 0.187953
1709437010.994928 2.100515 -4.331534 -0.022907 -0.015089 0.036006 0.982543 0.181892
1709437011.094050 2.021756 -4.297979 -0.019384 -0.019068 0.047659 0.982184 0.180773
1709437011.193006 1.946570 -4.251425 -0.020486 -0.014041 0.049859 0.980406 0.190057
1709437011.292043 1.844268 -4.231968 -0.035003 -0.026308 0.038263 0.977499 0.205766
1709437011.394532 1.768438 -4.194732 -0.051165 -0.028942 0.023791 0.977542 0.207383
1709437011.493201 1.680240 -4.153078 -0.056148 -0.034846 0.028785 0.977063 0.208097
1709437011.591951 1.585436 -4.119530 -0.065236 -0.036913 0.025146 0.976269 0.211906
1709437011.690688 1.508054 -4.104783 -0.066771 -0.038916 0.015432 0.975834 0.214467
1709437011.794431 1.437986 -4.089125 -0.059697 -0.037030 0.014798 0.977738 0.206007
1709437011.893545 1.374822 -4.058517 -0.059588 -0.032539 0.020384 0.977874 0.205641
1709437011.992139 1.319443 -4.030814 -0.068534 -0.034100 0.016535 0.978313 0.203637
1709437012.094758 1.263981 -4.028441 -0.076274 -0.028303 0.006301 0.978627 0.203586
1709437012.194606 1.218454 -4.010350 -0.081196 -0.016025 0.001013 0.978886 0.203775
1709437012.294461 1.165549 -3.991993 -0.084757 -0.018734 0.004182 0.979214 0.201918
1709437012.394456 1.116809 -3.974518 -0.085960 -0.011663 0.004236 0.979815 0.199520
1709437012.493503 1.046230 -3.941957 -0.096259 -0.018729 0.001070 0.978949 0.203241
1709437012.594795 0.977306 -3.923530 -0.096635 -0.017716 -0.006160 0.979511 0.200518
1709437012.694096 0.917651 -3.896922 -0.088169 -0.017239 -0.003469 0.980022 0.198108
1709437012.792890 0.855237 -3.871724 -0.084510 -0.015990 0.000021 0.979813 0.199277
1709437012.891553 0.788200 -3.851548 -0.086994 -0.021502 -0.003814 0.978969 0.202836
1709437012.994935 0.715034 -3.843214 -0.089388 -0.026926 -0.010761 0.979867 0.197533
1709437013.094670 0.647158 -3.811274 -0.082503 -0.025047 -0.000042 0.980510 0.194865
1709437013.193280 0.580463 -3.759510 -0.075787 -0.023228 0.005917 0.980631 0.194391
1709437013.291898 0.525515 -3.735254 -0.083236 -0.022363 0.003587 0.980884 0.193271
1709437013.395096 0.460818 -3.712104 -0.093144 -0.025939 -0.004805 0.981806 0.188047
1709437013.494941 0.393656 -3.693655 -0.094706 -0.023760 -0.001358 0.982670 0.183828
1709437013.594779 0.344767 -3.657708 -0.083982 -0.020784 0.013230 0.984733 0.172317
1709437013.694461 0.273653 -3.625417 -0.082404 -0.023226 0.017368 0.985593 0.166629
1709437013.793694 0.194292 -3.607913 -0.080762 -0.023465 0.009847 0.986448 0.162091
1709437013.895124 0.103207 -3.574614 -0.093440 -0.029528 0.004710 0.987060 0.157539
1709437013.994189 -0.004185 -3.552486 -0.088054 -0.026811 0.003402 0.987779 0.153498
1709437014.092622 -0.109308 -3.515082 -0.089456 -0.026300 0.006351 0.988481 0.148906
1709437014.191348 -0.203156 -3.478489 -0.092760 -0.024458 0.012043 0.988913 0.145975
1709437014.290132 -0.306929 -3.446090 -0.097627 -0.026865 0.013898 0.989326 0.142546
1709437014.394246 -0.410960 -3.404431 -0.102136 -0.027046 0.015413 0.989426 0.141657
1709437014.492848 -0.511695 -3.391188 -0.105471 -0.031797 0.009794 0.989005 0.144089
1709437014.591533 -0.596713 -3.377916 -0.106929 -0.023624 0.005442 0.989253 0.144193
1709437014.694590 -0.693137 -3.348241 -0.105973 -0.027203 0.006093 0.989140 0.144307
1709437014.794426 -0.762478 -3.327333 -0.104472 -0.017553 0.008733 0.989507 0.143146
1709437014.895065 -0.837697 -3.318241 -0.106236 -0.015114 0.004663 0.988830 0.148207
1709437014.994901 -0.911214 -3.314819 -0.115930 -0.014126 -0.001936 0.987389 0.157668
1709437015.094736 -0.973153 -3.296556 -0.112683 -0.012331 -0.001289 0.985895 0.166904
1709437015.194579 -1.020482 -3.275426 -0.109687 -0.011798 0.006382 0.984859 0.172836
1709437015.293544 -1.082393 -3.250879 -0.100064 -0.013610 0.013276 0.983403 0.180436
1709437015.392538 -1.145099 -3.216667 -0.102232 -0.015875 0.010667 0.982899 0.183151
1709437015.491182 -1.221262 -3.186180 -0.105816 -0.016035 0.009858 0.983045 0.182396
1709437015.594743 -1.296179 -3.152059 -0.098326 -0.020509 0.012145 0.982357 0.185489
1709437015.693939 -1.373859 -3.125830 -0.106476 -0.024027 0.002149 0.982050 0.187073
1709437015.792583 -1.454530 -3.086399 -0.106740 -0.021069 0.005375 0.981896 0.188170
1709437015.891171 -1.528280 -3.059812 -0.101999 -0.025370 0.014091 0.981285 0.190363
1709437015.994465 -1.598045 -3.033202 -0.098790 -0.023762 0.018633 0.981477 0.189184
1709437016.095104 -1.660318 -3.006278 -0.098831 -0.026619 0.020065 0.980447 0.193938
1709437016.194936 -1.719114 -2.988770 -0.101867 -0.024342 0.015992 0.979229 0.200655
1709437016.294773 -1.781103 -2.960242 -0.106280 -0.028191 0.016347 0.977345 0.209130
1709437016.394622 -1.828672 -2.917371 -0.108453 -0.025234 0.022969 0.974548 0.221567
1709437016.494460 -1.883183 -2.874603 -0.111963 -0.029066 0.020748 0.971433 0.234610
1709437016.593620 -1.948305 -2.843160 -0.120724 -0.036774 0.019899 0.968637 0.244938
1709437016.692560 -1.986685 -2.799886 -0.115777 -0.034218 0.027699 0.965881 0.255216
1709437016.791512 -2.034204 -2.759602 -0.111903 -0.033775 0.036520 0.963356 0.263572
1709437016.894628 -2.079153 -2.721686 -0.114513 -0.035453 0.035048 0.961430 0.270494
1709437016.993447 -2.120714 -2.701741 -0.118822 -0.033861 0.037530 0.959818 0.276033
1709437017.092099 -2.156234 -2.674900 -0.115687 -0.029921 0.041760 0.957590 0.283517
1709437017.190769 -2.189597 -2.641310 -0.118003 -0.024773 0.046522 0.955223 0.291156
1709437017.294780 -2.250273 -2.614011 -0.126584 -0.024421 0.038255 0.953835 0.296881
1709437017.394626 -2.287039 -2.566551 -0.133389 -0.023767 0.035632 0.952797 0.300571
1709437017.494462 -2.333620 -2.514091 -0.129739 -0.020064 0.047380 0.951164 0.304369
1709437017.595103 -2.408405 -2.468273 -0.131442 -0.022993 0.045672 0.950016 0.307984
1709437017.694937 -2.480059 -2.404933 -0.140300 -0.018303 0.036687 0.947681 0.316574
1709437017.794538 -2.569526 -2.339810 -0.152812 -0.020860 0.026091 0.946639 0.320560
1709437017.893509 -2.663431 -2.263766 -0.150801 -0.024206 0.029112 0.945717 0.322779
1709437017.992347 -2.754031 -2.184738 -0.146938 -0.016287 0.025740 0.940716 0.337825
1709437018.095088 -2.858431 -2.101042 -0.156548 -0.014074 0.013063 0.932415 0.360880
1709437018.194678 -2.926973 -2.041161 -0.158713 -0.012757 0.011587 0.924621 0.380499
1709437018.293311 -2.972206 -1.982854 -0.156712 -0.014161 0.013790 0.918402 0.395155
1709437018.392017 -3.014228 -1.935888 -0.156840 -0.008770 0.010063 0.913488 0.406647
1709437018.490303 -3.035746 -1.890221 -0.148953 -0.009836 0.013478 0.909518 0.415329
1709437018.595077 -3.082442 -1.848281 -0.144087 -0.011256 0.016901 0.905391 0.424092
1709437018.693720 -3.152526 -1.817856 -0.155222 -0.013773 0.013421 0.901668 0.432002
1709437018.794763 -3.190559 -1.763788 -0.158386 -0.012361 0.013762 0.897832 0.439950
1709437018.894612 -3.216902 -1.705065 -0.164536 -0.014946 0.018065 0.893888 0.447676
1709437018.994461 -3.257204 -1.651434 -0.175526 -0.020483 0.020318 0.888408 0.458147
1709437019.094616 -3.324012 -1.588068 -0.184344 -0.026527 0.018409 0.881827 0.470466
1709437019.193563 -3.390810 -1.518406 -0.181618 -0.031540 0.020784 0.875622 0.481517
1709437019.294775 -3.434050 -1.421248 -0.173126 -0.033600 0.033910 0.867455 0.495221
1709437019.394634 -3.459559 -1.313727 -0.174702 -0.038647 0.037488 0.858664 0.509703
1709437019.494138 -3.494940 -1.207087 -0.175827 -0.034822 0.034136 0.849023 0.526101
1709437019.592775 -3.515663 -1.110998 -0.178372 -0.034971 0.036563 0.841608 0.537714
1709437019.691495 -3.535894 -1.023047 -0.183588 -0.027015 0.035458 0.837100 0.545230
1709437019.794778 -3.565289 -0.940434 -0.188329 -0.026718 0.037078 0.835958 0.546887
1709437019.894609 -3.579235 -0.874979 -0.181798 -0.018127 0.038190 0.835600 0.547709
1709437019.993568 -3.597539 -0.809641 -0.183004 -0.012984 0.038557 0.835163 0.548495
1709437020.095094 -3.614862 -0.761891 -0.183709 -0.009503 0.040288 0.835083 0.548564
1709437020.194931 -3.632832 -0.712874 -0.183451 -0.008992 0.042758 0.834604 0.549115
1709437020.294765 -3.641492 -0.662713 -0.192015 -0.011241 0.039800 0.834279 0.549790
1709437020.394502 -3.653733 -0.623612 -0.190268 -0.009955 0.039810 0.834276 0.549818
1709437020.493426 -3.664297 -0.579087 -0.193922 -0.011385 0.036699 0.833424 0.551297
1709437020.594141 -3.675803 -0.535970 -0.198274 -0.013157 0.029672 0.833486 0.551586
1709437020.694887 -3.716316 -0.494320 -0.203156 -0.011706 0.028828 0.833547 0.551571
1709437020.793985 -3.755850 -0.440191 -0.206034 -0.010698 0.028567 0.832484 0.553208
1709437020.892657 -3.783357 -0.381255 -0.207902 -0.012611 0.029854 0.832093 0.553689
1709437020.991345 -3.832760 -0.333726 -0.207333 -0.010416 0.032200 0.831875 0.553930
1709437021.094671 -3.879390 -0.255976 -0.210235 -0.017357 0.040880 0.831253 0.554118
1709437021.194451 -3.930423 -0.189077 -0.207983 -0.016409 0.043098 0.830346 0.555336
1709437021.293201 -3.975973 -0.118217 -0.215284 -0.022469 0.044256 0.829409 0.556433
1709437021.394549 -4.003977 -0.043987 -0.221052 -0.028703 0.039887 0.828199 0.558276
1709437021.494809 -4.032518 0.024240 -0.229042 -0.037673 0.036230 0.826685 0.560232
1709437021.594666 -4.059240 0.090714 -0.223845 -0.034300 0.040646 0.822540 0.566215
1709437021.694491 -4.069266 0.157847 -0.228877 -0.031810 0.040981 0.817948 0.572948
1709437021.794947 -4.078396 0.219949 -0.229754 -0.029792 0.040803 0.814250 0.578312
1709437021.894975 -4.090252 0.260262 -0.232146 -0.027230 0.037643 0.813791 0.579298
1709437021.994827 -4.095539 0.299570 -0.236022 -0.021770 0.035106 0.814183 0.579137
1709437022.093621 -4.113846 0.326360 -0.235159 -0.019346 0.034436 0.813738 0.579888
1709437022.192358 -4.132511 0.354000 -0.241326 -0.019320 0.026540 0.813869 0.580121
1709437022.291131 -4.125293 0.388304 -0.238244 -0.014685 0.027555 0.814136 0.579834
1709437022.394985 -4.144477 0.429623 -0.230824 -0.008502 0.026189 0.812417 0.582427
1709437022.493984 -4.161754 0.469863 -0.235245 -0.010033 0.016972 0.808327 0.588403
1709437022.592527 -4.195784 0.515378 -0.245289 -0.012640 0.004975 0.805266 0.592757
1709437022.692490 -4.230969 0.553126 -0.245489 -0.011495 0.006120 0.806155 0.591561
1709437022.794767 -4.227084 0.605593 -0.238251 -0.006000 0.008782 0.805814 0.592074
1709437022.894598 -4.238692 0.665038 -0.238072 -0.003818 0.011675 0.805515 0.592448
1709437022.994365 -4.244639 0.717258 -0.236430 0.000561 0.013630 0.805747 0.592102
1709437023.094705 -4.258935 0.765196 -0.234850 0.001990 0.018222 0.804974 0.593028
1709437023.194873 -4.256504 0.821236 -0.233407 0.000146 0.015682 0.805352 0.592590
1709437023.294727 -4.264315 0.869995 -0.239626 0.000757 0.016320 0.805387 0.592524
1709437023.393592 -4.264575 0.911461 -0.235333 0.002964 0.019971 0.806249 0.591232
1709437023.492296 -4.294785 0.947942 -0.234392 0.001682 0.021665 0.805758 0.591846
1709437023.591069 -4.303787 0.986938 -0.230514 -0.001789 0.023118 0.804567 0.593409
1709437023.694469 -4.323699 1.026975 -0.234202 -0.002434 0.017768 0.804405 0.593811
1709437023.793576 -4.345866 1.068274 -0.229916 -0.003625 0.018857 0.803663 0.594774
1709437023.893625 -4.358433 1.121975 -0.236691 -0.007389 0.016002 0.803003 0.595714
1709437023.992094 -4.358679 1.190158 -0.233401 -0.005732 0.019197 0.804067 0.594201
1709437024.094633 -4.362957 1.250668 -0.230913 -0.005915 0.027060 0.803142 0.595144
1709437024.194472 -4.386031 1.311812 -0.232432 -0.006256 0.030668 0.802276 0.596133
1709437024.294780 -4.411772 1.369799 -0.240005 -0.012364 0.029786 0.801759 0.596776
1709437024.394413 -4.430470 1.410566 -0.237981 -0.011424 0.030843 0.802613 0.595593
1709437024.494806 -4.458959 1.424382 -0.236748 -0.012261 0.033787 0.801629 0.596741
1709437024.594469 -4.492386 1.422775 -0.238755 -0.014756 0.030798 0.800848 0.597893
1709437024.693208 -4.515614 1.427340 -0.245684 -0.014982 0.029370 0.800992 0.597766
1709437024.791999 -4.519114 1.417874 -0.247337 -0.012316 0.031102 0.801012 0.597713
1709437024.894956 -4.525620 1.398130 -0.241508 -0.012368 0.030750 0.801144 0.597553
1709437024.994729 -4.518289 1.390331 -0.238134 -0.010669 0.031672 0.801347 0.597265
1709437025.093324 -4.519332 1.392265 -0.235239 -0.011620 0.031291 0.801479 0.597091
1709437025.193296 -4.523991 1.385838 -0.236975 -0.012102 0.030808 0.801931 0.596499
1709437025.295101 -4.532454 1.378496 -0.230141 -0.011664 0.031549 0.801391 0.597194
1709437025.394962 -4.550052 1.374493 -0.234459 -0.012523 0.030694 0.801396 0.597214
1709437025.494802 -4.534766 1.383802 -0.236754 -0.011460 0.031608 0.801359 0.597239
1709437025.594620 -4.548622 1.378369 -0.239360 -0.011970 0.030820 0.801491 0.597093
1709437025.694179 -4.545501 1.391084 -0.240523 -0.012203 0.031051 0.801845 0.596601
1709437025.795124 -4.542041 1.390411 -0.241338 -0.011270 0.031479 0.801264 0.597376
1709437025.894265 -4.548632 1.386170 -0.246757 -0.012669 0.030395 0.801502 0.597085
1709437025.993049 -4.535138 1.388666 -0.247420 -0.011953 0.030980 0.801856 0.596594
1709437026.091900 -4.533213 1.387803 -0.245475 -0.011485 0.031140 0.801070 0.597650
1709437026.190804 -4.531353 1.386309 -0.247139 -0.010856 0.031311 0.801332 0.597301
1709437026.294347 -4.521335 1.393251 -0.241994 -0.011866 0.031148 0.801508 0.597054
1709437026.394313 -4.515032 1.398018 -0.239352 -0.012418 0.030593 0.801631 0.596906
1709437026.492834 -4.501351 1.400166 -0.238099 -0.011777 0.031038 0.801651 0.596869
1709437026.594641 -4.497862 1.403309 -0.244250 -0.011941 0.030709 0.801045 0.597696
1709437026.694467 -4.486179 1.394970 -0.240864 -0.010864 0.031571 0.801622 0.596899
1709437026.795101 -4.491880 1.392652 -0.242737 -0.011926 0.030732 0.801254 0.597416
1709437026.894922 -4.490980 1.401510 -0.247552 -0.011632 0.030759 0.801268 0.597401
1709437026.994782 -4.483806 1.402962 -0.246727 -0.011347 0.031270 0.801428 0.597165
1709437027.094625 -4.480330 1.410516 -0.244148 -0.011224 0.031132 0.801465 0.597126
1709437027.194107 -4.477328 1.409887 -0.240344 -0.011284 0.031270 0.801573 0.596972
1709437027.292966 -4.485403 1.410863 -0.243299 -0.012395 0.030656 0.801507 0.597071
1709437027.391871 -4.469838 1.404609 -0.243070 -0.011414 0.031036 0.801691 0.596823
1709437027.494780 -4.456432 1.410590 -0.242705 -0.011117 0.031335 0.801568 0.596978
1709437027.593990 -4.442462 1.414341 -0.244403 -0.010891 0.031336 0.801493 0.597083
1709437027.693859 -4.424820 1.420957 -0.243104 -0.011274 0.031145 0.801766 0.596719
1709437027.794288 -4.429778 1.416101 -0.255347 -0.013216 0.029471 0.801502 0.597119
1709437027.894937 -4.414494 1.424832 -0.249343 -0.011243 0.030787 0.802284 0.596041
1709437027.994776 -4.430217 1.425267 -0.248694 -0.011582 0.030739 0.801822 0.596659
1709437028.094615 -4.437852 1.417929 -0.249485 -0.011760 0.030503 0.801451 0.597166
1709437028.194458 -4.437689 1.417457 -0.245745 -0.010873 0.031322 0.801520 0.597048
1709437028.295083 -4.441660 1.421304 -0.246665 -0.011087 0.030880 0.801587 0.596977
1709437028.394921 -4.430876 1.422619 -0.245255 -0.010848 0.031289 0.801477 0.597108
1709437028.494032 -4.441527 1.412779 -0.248881 -0.012423 0.030197 0.801357 0.597295
1709437028.592944 -4.426553 1.402783 -0.243560 -0.011075 0.031209 0.801530 0.597036
1709437028.691931 -4.437593 1.408210 -0.247202 -0.011291 0.030793 0.801815 0.596672
1709437028.795035 -4.433977 1.410948 -0.242819 -0.011524 0.030980 0.801736 0.596763
1709437028.894893 -4.448829 1.407272 -0.245162 -0.011933 0.030607 0.801372 0.597263
1709437028.993529 -4.466245 1.409037 -0.244555 -0.010361 0.031662 0.801644 0.596873
1709437029.094122 -4.481821 1.413106 -0.243938 -0.011256 0.031045 0.801949 0.596478
1709437029.194467 -4.496419 1.415919 -0.255476 -0.011197 0.030531 0.801318 0.597354
1709437029.294257 -4.489586 1.410765 -0.253438 -0.010446 0.031101 0.801610 0.596946
1709437029.394946 -4.499808 1.400072 -0.254666 -0.010525 0.030975 0.801598 0.596968
1709437029.494789 -4.503752 1.399933 -0.253195 -0.011426 0.030533 0.801500 0.597105
1709437029.594609 -4.505777 1.392430 -0.248707 -0.011299 0.030942 0.801402 0.597218
1709437029.694427 -4.498621 1.386221 -0.250601 -0.011834 0.030481 0.801264 0.597417
1709437029.794038 -4.497279 1.384468 -0.247695 -0.011779 0.030820 0.801480 0.597110
1709437029.893014 -4.513598 1.383977 -0.244854 -0.012490 0.030316 0.801315 0.597343
1709437029.992038 -4.527466 1.384471 -0.244662 -0.011601 0.030828 0.801404 0.597215
1709437030.094584 -4.528130 1.391164 -0.242131 -0.010478 0.031689 0.801175 0.597499
1709437030.194336 -4.537978 1.387771 -0.245625 -0.011346 0.030979 0.801650 0.596882
1709437030.293267 -4.546512 1.395297 -0.245345 -0.011919 0.030782 0.801624 0.596916
1709437030.394144 -4.535874 1.402021 -0.252853 -0.011650 0.030341 0.801130 0.597608
1709437030.494753 -4.516423 1.405119 -0.249788 -0.010516 0.031114 0.801581 0.596984
1709437030.593813 -4.500168 1.405089 -0.255780 -0.012691 0.029748 0.801527 0.597083
1709437030.692389 -4.491863 1.403481 -0.251979 -0.011073 0.030712 0.801577 0.596999
1709437030.795047 -4.469563 1.405261 -0.247503 -0.010285 0.031399 0.801097 0.597622
1709437030.894885 -4.454799 1.404278 -0.247577 -0.012186 0.030477 0.801561 0.597011
1709437030.994719 -4.445111 1.401589 -0.244998 -0.011948 0.030559 0.801401 0.597226
1709437031.094103 -4.437051 1.406334 -0.250936 -0.012932 0.029766 0.801499 0.597115
1709437031.193132 -4.417844 1.415738 -0.244699 -0.011642 0.030896 0.801676 0.596846
1709437031.294608 -4.406068 1.422690 -0.245845 -0.012118 0.030566 0.801196 0.597497
1709437031.394437 -4.403808 1.425774 -0.247762 -0.011419 0.030900 0.801497 0.597090
1709437031.494300 -4.383975 1.433464 -0.248704 -0.011013 0.031166 0.801551 0.597012
1709437031.591800 -4.395548 1.429090 -0.250816 -0.011827 0.030348 0.802039 0.596383
1709437031.694065 -4.382251 1.440923 -0.244393 -0.011222 0.030968 0.801780 0.596711
1709437031.794613 -4.390250 1.442366 -0.247787 -0.011621 0.030678 0.801543 0.597037
1709437031.893404 -4.392185 1.436203 -0.243196 -0.011394 0.030926 0.802163 0.596194
1709437031.991999 -4.393401 1.436094 -0.241802 -0.011021 0.031175 0.801390 0.597227
1709437032.094933 -4.406179 1.432364 -0.244430 -0.011216 0.031010 0.801835 0.596635
1709437032.194765 -4.412242 1.421144 -0.242979 -0.010657 0.031440 0.802015 0.596381
1709437032.294607 -4.408241 1.427196 -0.248554 -0.011680 0.030603 0.801543 0.597039
1709437032.394227 -4.412888 1.424761 -0.251708 -0.011914 0.030391 0.801459 0.597158
1709437032.493286 -4.410111 1.424255 -0.256995 -0.011322 0.030459 0.801827 0.596671
1709437032.594922 -4.420544 1.432088 -0.255302 -0.011334 0.030599 0.801808 0.596690
1709437032.694134 -4.414630 1.431022 -0.258317 -0.011541 0.030314 0.801831 0.596669
1709437032.794059 -4.428329 1.427710 -0.254794 -0.011420 0.030582 0.801614 0.596949
1709437032.892823 -4.422287 1.426642 -0.247591 -0.012249 0.030452 0.801992 0.596432
1709437032.995069 -4.429074 1.430216 -0.249904 -0.011680 0.030483 0.801752 0.596765
1709437033.094421 -4.443212 1.427547 -0.243416 -0.011427 0.031089 0.801969 0.596447
1709437033.193022 -4.464876 1.422465 -0.246486 -0.011434 0.030718 0.801559 0.597016
1709437033.291643 -4.464434 1.411735 -0.240544 -0.011349 0.031220 0.801645 0.596877
1709437033.394454 -4.471057 1.405003 -0.245787 -0.011880 0.030515 0.801497 0.597101
1709437033.495072 -4.479083 1.400127 -0.243863 -0.012707 0.030467 0.801437 0.597168
1709437033.594923 -4.489043 1.392058 -0.242044 -0.011152 0.031092 0.801804 0.596673
1709437033.694389 -4.500767 1.396024 -0.248281 -0.011947 0.030397 0.801504 0.597097
1709437033.793539 -4.515029 1.396274 -0.253135 -0.012010 0.030323 0.801369 0.597280
1709437033.894455 -4.517597 1.393044 -0.255530 -0.011542 0.030275 0.801506 0.597109
1709437033.994887 -4.513363 1.402103 -0.255801 -0.011117 0.030724 0.801572 0.597004
1709437034.093659 -4.509336 1.410059 -0.262986 -0.011356 0.030191 0.801573 0.597026
1709437034.194714 -4.504013 1.406262 -0.262574 -0.011028 0.030327 0.801200 0.597526
1709437034.294625 -4.487952 1.401278 -0.256881 -0.011130 0.030714 0.801495 0.597108
1709437034.394072 -4.492633 1.399829 -0.251476 -0.012080 0.030421 0.801056 0.597694
1709437034.492676 -4.476642 1.393362 -0.247698 -0.011273 0.030630 0.801502 0.597100
1709437034.591316 -4.474264 1.400339 -0.254779 -0.011307 0.030319 0.801487 0.597137
1709437034.694763 -4.457968 1.413089 -0.256477 -0.011443 0.030426 0.801922 0.596544
1709437034.794601 -4.446595 1.413686 -0.253018 -0.012144 0.030329 0.801852 0.596629
1709437034.894456 -4.432341 1.419423 -0.245541 -0.010919 0.030979 0.801556 0.597017
1709437034.994657 -4.431244 1.417669 -0.246271 -0.011544 0.030667 0.801846 0.596632
1709437035.094934 -4.422908 1.426932 -0.249842 -0.011589 0.030339 0.801617 0.596956
1709437035.194767 -4.406963 1.425800 -0.245676 -0.012399 0.030443 0.801859 0.596609
1709437035.293705 -4.377273 1.433498 -0.248411 -0.012422 0.030039 0.801994 0.596447
1709437035.393525 -4.386119 1.425435 -0.244159 -0.011956 0.030584 0.801728 0.596786
1709437035.494550 -4.372431 1.439769 -0.240363 -0.012133 0.030763 0.801858 0.596599
1709437035.594927 -4.371199 1.446319 -0.243584 -0.012012 0.030681 0.801643 0.596894
1709437035.693727 -4.371014 1.438817 -0.244735 -0.011799 0.030724 0.801811 0.596670
1709437035.792359 -4.371208 1.435764 -0.244647 -0.011614 0.030793 0.801737 0.596770
1709437035.891020 -4.385189 1.434725 -0.248773 -0.011609 0.030577 0.801456 0.597158
1709437035.994652 -4.391285 1.439245 -0.247289 -0.011828 0.030829 0.801439 0.597165
1709437036.094484 -4.398893 1.437109 -0.250831 -0.012075 0.030271 0.801738 0.596787
1709437036.195114 -4.411907 1.421820 -0.243116 -0.011494 0.030940 0.801663 0.596864
1709437036.294944 -4.419998 1.424145 -0.248909 -0.012136 0.030187 0.801324 0.597346
1709437036.394790 -4.440782 1.429689 -0.248573 -0.010586 0.031203 0.801515 0.597067
1709437036.494613 -4.447546 1.422347 -0.251775 -0.010444 0.031105 0.801548 0.597029
1709437036.593546 -4.461422 1.422361 -0.262021 -0.012042 0.029628 0.801973 0.596503
1709437036.695017 -4.470005 1.416319 -0.257892 -0.011085 0.030787 0.801758 0.596753
1709437036.794969 -4.491016 1.408121 -0.255065 -0.011116 0.030732 0.801639 0.596914
1709437036.894760 -4.484733 1.408632 -0.250670 -0.011271 0.030804 0.801690 0.596839
1709437036.993382 -4.483913 1.405753 -0.254487 -0.011688 0.030315 0.801516 0.597091
1709437037.092048 -4.487709 1.403329 -0.254640 -0.010930 0.030734 0.801497 0.597108
1709437037.195143 -4.474560 1.409927 -0.251739 -0.011363 0.031014 0.801445 0.597156
1709437037.295001 -4.482770 1.410901 -0.252697 -0.010713 0.030811 0.801632 0.596927
1709437037.394815 -4.491403 1.410666 -0.247287 -0.012341 0.030461 0.801675 0.596856
1709437037.494668 -4.511656 1.411991 -0.240106 -0.010549 0.031553 0.801634 0.596889
1709437037.594511 -4.505008 1.408756 -0.246167 -0.011176 0.030904 0.801432 0.597182
1709437037.694743 -4.505907 1.404517 -0.243795 -0.010457 0.031602 0.801298 0.597339
1709437037.794559 -4.497926 1.408828 -0.244852 -0.011234 0.030883 0.801268 0.597402
1709437037.893505 -4.480059 1.409329 -0.246710 -0.010913 0.031135 0.801574 0.596985
1709437037.994438 -4.488382 1.401167 -0.248560 -0.010930 0.031027 0.801959 0.596473
1709437038.093322 -4.488904 1.400942 -0.248641 -0.011494 0.030786 0.801764 0.596736
1709437038.194450 -4.471873 1.405500 -0.251520 -0.011473 0.030529 0.801635 0.596924
1709437038.293093 -4.457950 1.406992 -0.240522 -0.011170 0.031594 0.801730 0.596747
1709437038.391766 -4.442868 1.415532 -0.238687 -0.012310 0.030913 0.801367 0.597246
1709437038.490437 -4.443212 1.417289 -0.237451 -0.011825 0.030974 0.801589 0.596956
1709437038.594508 -4.448994 1.418994 -0.245579 -0.011711 0.030382 0.801662 0.596890
1709437038.693790 -4.443494 1.433859 -0.249841 -0.011124 0.030983 0.801219 0.597465
1709437038.794599 -4.455321 1.427884 -0.255418 -0.010859 0.030704 0.801735 0.596791
1709437038.894434 -4.454615 1.435978 -0.260408 -0.011229 0.030428 0.801701 0.596844
1709437038.995080 -4.455151 1.430760 -0.253712 -0.011215 0.030726 0.801765 0.596744
1709437039.094605 -4.447872 1.419507 -0.243126 -0.010448 0.031599 0.801580 0.596960
1709437039.194495 -4.441167 1.415423 -0.242967 -0.011113 0.030831 0.801694 0.596836
1709437039.294297 -4.428120 1.424447 -0.241232 -0.010903 0.031195 0.801586 0.596966
1709437039.394437 -4.430674 1.429491 -0.244209 -0.011254 0.030963 0.802004 0.596409
1709437039.494145 -4.431523 1.428351 -0.247480 -0.011654 0.030639 0.801468 0.597139
1709437039.592813 -4.413532 1.436243 -0.249443 -0.010294 0.031178 0.802012 0.596404
1709437039.691487 -4.418210 1.429907 -0.252728 -0.011094 0.030664 0.801767 0.596746
1709437039.794606 -4.405096 1.441752 -0.259314 -0.011733 0.030096 0.801655 0.596914
1709437039.894406 -4.408618 1.448264 -0.263037 -0.012118 0.029728 0.801561 0.597051
1709437039.993343 -4.418338 1.449725 -0.258774 -0.011040 0.030338 0.801838 0.596669
1709437040.094903 -4.432276 1.439020 -0.260051 -0.011861 0.030104 0.801409 0.597240
1709437040.194736 -4.432044 1.434526 -0.259184 -0.011503 0.030262 0.801671 0.596888
1709437040.294583 -4.433174 1.427403 -0.255039 -0.012038 0.030195 0.801390 0.597258
1709437040.394610 -4.437948 1.423838 -0.249063 -0.010683 0.031037 0.801706 0.596816
1709437040.494655 -4.442086 1.425517 -0.250706 -0.010505 0.031031 0.801781 0.596720
1709437040.593624 -4.438506 1.425162 -0.253097 -0.010875 0.030763 0.801861 0.596620
1709437040.694757 -4.442926 1.430028 -0.257242 -0.012257 0.029986 0.801597 0.596987
1709437040.793847 -4.447993 1.435281 -0.251348 -0.010194 0.031270 0.801997 0.596421
1709437040.892549 -4.448700 1.438018 -0.250223 -0.009593 0.031337 0.801842 0.596637
1709437040.991248 -4.452917 1.441777 -0.257765 -0.010413 0.030843 0.801903 0.596567
1709437041.094889 -4.451774 1.432223 -0.257879 -0.011172 0.030514 0.801322 0.597350
1709437041.194363 -4.447346 1.430333 -0.250780 -0.010784 0.031196 0.801599 0.596950
1709437041.292952 -4.460748 1.424418 -0.251975 -0.012499 0.029983 0.801413 0.597229
1709437041.394770 -4.455922 1.413487 -0.246872 -0.011738 0.030665 0.801948 0.596491
1709437041.494625 -4.460296 1.412568 -0.247972 -0.010863 0.030837 0.801910 0.596550
1709437041.594476 -4.459997 1.407861 -0.254788 -0.011881 0.030161 0.801954 0.596505
1709437041.694608 -4.456004 1.408314 -0.245684 -0.010991 0.031158 0.801727 0.596777
1709437041.794677 -4.454974 1.409233 -0.244650 -0.011271 0.031106 0.801699 0.596811
1709437041.893447 -4.471466 1.406249 -0.246755 -0.011804 0.030667 0.801956 0.596479
1709437041.994627 -4.471641 1.411645 -0.243970 -0.011730 0.030533 0.801640 0.596911
1709437042.093593 -4.486722 1.401915 -0.243258 -0.011644 0.030920 0.801522 0.597051
1709437042.192311 -4.494148 1.400794 -0.243344 -0.012152 0.030454 0.801704 0.596822
1709437042.291065 -4.517701 1.391043 -0.241316 -0.010405 0.031369 0.801493 0.597090
1709437042.394788 -4.524218 1.385395 -0.243051 -0.010930 0.031130 0.801619 0.596924
1709437042.493981 -4.531588 1.389173 -0.248236 -0.010483 0.031001 0.801448 0.597168
1709437042.592544 -4.519940 1.406271 -0.253177 -0.011370 0.030355 0.801778 0.596742
1709437042.695098 -4.519026 1.406717 -0.255201 -0.012163 0.030183 0.801736 0.596792
1709437042.794946 -4.523485 1.407202 -0.254150 -0.011108 0.030575 0.801597 0.596979
1709437042.894773 -4.509249 1.414711 -0.256411 -0.011227 0.030502 0.801797 0.596712
1709437042.994590 -4.491076 1.422846 -0.258478 -0.011190 0.030450 0.801944 0.596518
1709437043.094433 -4.490927 1.420867 -0.255980 -0.010546 0.030910 0.801415 0.597216
1709437043.195078 -4.472500 1.430729 -0.250917 -0.010838 0.031100 0.801426 0.597186
1709437043.294647 -4.460783 1.425001 -0.248619 -0.010211 0.031232 0.801696 0.596828
1709437043.393350 -4.433177 1.429472 -0.253392 -0.011080 0.030542 0.801776 0.596741
1709437043.492120 -4.438372 1.433756 -0.248900 -0.011037 0.030749 0.801658 0.596889
1709437043.590903 -4.411811 1.428880 -0.243188 -0.010879 0.031097 0.801587 0.596970
1709437043.695002 -4.410799 1.419543 -0.248447 -0.011838 0.030215 0.801787 0.596728
1709437043.794793 -4.410388 1.416105 -0.246300 -0.011679 0.030542 0.801669 0.596874
1709437043.893677 -4.401114 1.427235 -0.243514 -0.010726 0.031171 0.801708 0.596806
1709437043.992095 -4.391891 1.430184 -0.246933 -0.010972 0.030899 0.801881 0.596584
1709437044.094488 -4.401121 1.435270 -0.246827 -0.011216 0.030940 0.801466 0.597134
1709437044.195135 -4.403578 1.433817 -0.240400 -0.011128 0.031346 0.801836 0.596618
1709437044.294814 -4.406528 1.437677 -0.243725 -0.011571 0.030797 0.801895 0.596558
1709437044.394393 -4.405734 1.442842 -0.247223 -0.011635 0.030503 0.801843 0.596642
1709437044.494662 -4.406085 1.435582 -0.244821 -0.010738 0.031001 0.801655 0.596886
1709437044.594421 -4.418265 1.428652 -0.253439 -0.012007 0.030041 0.801462 0.597170
1709437044.693161 -4.410568 1.429519 -0.255068 -0.010933 0.030731 0.801697 0.596840
1709437044.791980 -4.408381 1.425810 -0.251591 -0.011302 0.030756 0.801529 0.597058
1709437044.894821 -4.410490 1.423981 -0.248185 -0.011010 0.031099 0.801545 0.597024
1709437044.994598 -4.398266 1.431930 -0.249316 -0.011316 0.030831 0.801828 0.596652
1709437045.094250 -4.393634 1.433432 -0.251694 -0.011556 0.030524 0.801872 0.596604
1709437045.193123 -4.379739 1.434358 -0.247025 -0.011426 0.030936 0.802034 0.596368
1709437045.294971 -4.378621 1.441645 -0.251024 -0.011416 0.030475 0.801768 0.596749
1709437045.394815 -4.362524 1.450135 -0.252682 -0.011075 0.030529 0.801234 0.597469
1709437045.494654 -4.358362 1.447442 -0.244047 -0.011863 0.030905 0.802095 0.596279
1709437045.594479 -4.354857 1.456116 -0.249115 -0.011011 0.030639 0.801433 0.597198
1709437045.695103 -4.361348 1.459287 -0.251247 -0.011723 0.030269 0.802038 0.596391
1709437045.794954 -4.361312 1.465838 -0.253331 -0.011095 0.030514 0.801825 0.596676
1709437045.894249 -4.364106 1.467271 -0.254719 -0.009945 0.031076 0.801762 0.596753
1709437045.993046 -4.366969 1.467159 -0.252853 -0.011476 0.030563 0.802020 0.596404
1709437046.091920 -4.375217 1.464027 -0.251590 -0.010943 0.030782 0.802046 0.596368
1709437046.195100 -4.391248 1.454982 -0.252662 -0.011249 0.030607 0.802049 0.596367
1709437046.294231 -4.393705 1.448855 -0.252060 -0.011556 0.030611 0.802184 0.596179
1709437046.394143 -4.393812 1.447063 -0.252452 -0.011953 0.030334 0.801608 0.596960
1709437046.492722 -4.391152 1.450545 -0.251019 -0.010603 0.031231 0.801783 0.596704
1709437046.594436 -4.397864 1.435460 -0.250369 -0.011111 0.030826 0.801603 0.596958
1709437046.695099 -4.407630 1.426946 -0.248915 -0.011762 0.030538 0.801794 0.596703
1709437046.794935 -4.421082 1.421465 -0.249450 -0.011163 0.030684 0.801945 0.596505
1709437046.894780 -4.417970 1.422777 -0.249839 -0.011098 0.030672 0.801749 0.596771
1709437046.994617 -4.407388 1.425626 -0.246277 -0.010124 0.031408 0.802323 0.595977
1709437047.094464 -4.400833 1.411897 -0.252285 -0.012027 0.030022 0.801800 0.596716
1709437047.194108 -4.396092 1.406672 -0.250684 -0.011563 0.030464 0.801927 0.596533
1709437047.292994 -4.389663 1.414503 -0.248964 -0.011623 0.030552 0.801817 0.596675
1709437047.391912 -4.393356 1.419049 -0.248901 -0.012283 0.030254 0.801873 0.596601
1709437047.494621 -4.394699 1.424866 -0.245122 -0.011415 0.030965 0.801972 0.596449
1709437047.593907 -4.400242 1.428173 -0.248689 -0.011592 0.030424 0.801951 0.596502
1709437047.693755 -4.407393 1.434895 -0.246152 -0.010117 0.031376 0.801800 0.596682
1709437047.794483 -4.424323 1.431460 -0.249085 -0.010618 0.030940 0.801683 0.596854
1709437047.894805 -4.432503 1.436935 -0.252554 -0.010406 0.031129 0.802156 0.596212
1709437047.994645 -4.452360 1.430246 -0.260018 -0.011125 0.030342 0.801555 0.597048
1709437048.093066 -4.454986 1.429613 -0.253221 -0.010147 0.031336 0.801579 0.596980
1709437048.195126 -4.455880 1.431079 -0.255469 -0.011784 0.030220 0.801861 0.596629
1709437048.294955 -4.455960 1.423711 -0.254447 -0.011243 0.030437 0.801788 0.596727
1709437048.394789 -4.447697 1.426081 -0.255695 -0.011510 0.030207 0.801936 0.596535
1709437048.494050 -4.459600 1.427491 -0.255838 -0.010731 0.030553 0.801757 0.596772
1709437048.592991 -4.452856 1.423184 -0.255746 -0.010679 0.030789 0.801951 0.596501
1709437048.695112 -4.450657 1.420480 -0.255559 -0.011454 0.030408 0.801914 0.596555
1709437048.794939 -4.457509 1.413127 -0.255510 -0.011425 0.030439 0.801992 0.596450
1709437048.894779 -4.452797 1.406252 -0.255189 -0.012670 0.029852 0.801896 0.596583
1709437048.993438 -4.452169 1.407251 -0.250710 -0.011799 0.030526 0.801656 0.596889
1709437049.094294 -4.447040 1.402704 -0.247322 -0.010841 0.031060 0.801643 0.596897
1709437049.195140 -4.447096 1.399728 -0.248115 -0.010639 0.031101 0.801681 0.596848
1709437049.294085 -4.438443 1.407897 -0.240800 -0.010556 0.031541 0.801580 0.596961
1709437049.392632 -4.443022 1.404827 -0.246268 -0.011056 0.030815 0.801629 0.596925
1709437049.494659 -4.450169 1.406937 -0.249952 -0.011100 0.030756 0.801522 0.597071
1709437049.594503 -4.452856 1.418545 -0.247733 -0.011463 0.031027 0.801525 0.597045
1709437049.695118 -4.464852 1.417851 -0.243464 -0.012016 0.030860 0.801646 0.596881
1709437049.794088 -4.456908 1.424501 -0.246940 -0.011192 0.030943 0.801570 0.596994
1709437049.893096 -4.445271 1.426629 -0.251361 -0.012135 0.030158 0.801836 0.596660
1709437049.992135 -4.449193 1.418098 -0.255735 -0.011992 0.030009 0.802280 0.596073
1709437050.094476 -4.463060 1.405353 -0.254334 -0.012151 0.030315 0.801838 0.596648
1709437050.194478 -4.460811 1.406543 -0.256182 -0.011626 0.030468 0.801803 0.596698
1709437050.293157 -4.466117 1.407386 -0.253150 -0.011097 0.030777 0.801730 0.596790
1709437050.393843 -4.467939 1.406827 -0.250465 -0.010041 0.031307 0.801920 0.596526
1709437050.494642 -4.453208 1.424720 -0.250939 -0.010911 0.030957 0.801781 0.596717
1709437050.593666 -4.462780 1.425986 -0.257640 -0.011463 0.030183 0.801943 0.596527
1709437050.695094 -4.445894 1.431775 -0.253867 -0.010801 0.030882 0.801686 0.596850
1709437050.794936 -4.430585 1.436376 -0.256903 -0.011274 0.030471 0.801852 0.596638
1709437050.894772 -4.437880 1.429676 -0.253442 -0.010720 0.030783 0.801914 0.596550
1709437050.994601 -4.447246 1.429591 -0.251902 -0.010804 0.030875 0.801700 0.596831
1709437051.094164 -4.436936 1.440613 -0.252115 -0.011307 0.030601 0.801831 0.596660
1709437051.193226 -4.437198 1.434672 -0.257422 -0.011863 0.030053 0.801912 0.596568
1709437051.294916 -4.440017 1.432251 -0.253596 -0.011539 0.030598 0.801880 0.596590
1709437051.394328 -4.449747 1.417189 -0.249246 -0.010426 0.031241 0.801837 0.596634
1709437051.494224 -4.442752 1.419293 -0.254382 -0.010495 0.031036 0.801478 0.597126
1709437051.592945 -4.432363 1.412740 -0.251290 -0.011739 0.030561 0.801756 0.596755
1709437051.695075 -4.426335 1.410394 -0.246610 -0.011720 0.030702 0.801680 0.596849
1709437051.794693 -4.418244 1.408138 -0.244816 -0.011376 0.030753 0.801612 0.596945
1709437051.893270 -4.413659 1.415467 -0.244021 -0.011115 0.031076 0.801522 0.597054
1709437051.991890 -4.406843 1.417804 -0.251820 -0.010930 0.030827 0.801554 0.597027
1709437052.094463 -4.401089 1.420773 -0.252571 -0.011401 0.030694 0.801688 0.596845
1709437052.195100 -4.408212 1.430562 -0.254256 -0.011920 0.030233 0.801975 0.596473
1709437052.294945 -4.414951 1.431803 -0.251288 -0.010619 0.030999 0.801904 0.596554
1709437052.394309 -4.414172 1.438318 -0.253187 -0.010688 0.030891 0.802009 0.596417
1709437052.493387 -4.415843 1.439538 -0.256226 -0.010514 0.030777 0.801935 0.596525
1709437052.594471 -4.425518 1.430102 -0.253572 -0.010748 0.030834 0.801857 0.596623
1709437052.695044 -4.419653 1.432985 -0.249536 -0.010824 0.031240 0.802013 0.596391
1709437052.793993 -4.430822 1.429966 -0.248729 -0.011029 0.031022 0.801860 0.596604
1709437052.894604 -4.409546 1.429746 -0.250110 -0.011210 0.030713 0.801702 0.596829
1709437052.994626 -4.413184 1.429475 -0.251113 -0.010630 0.030869 0.801555 0.597029
1709437053.094314 -4.394997 1.439301 -0.256131 -0.010751 0.030593 0.801797 0.596716
1709437053.192915 -4.396616 1.439183 -0.256759 -0.010459 0.030773 0.801828 0.596670
1709437053.291550 -4.391496 1.435637 -0.254547 -0.010718 0.030979 0.801663 0.596876
1709437053.394761 -4.387014 1.440214 -0.252405 -0.010817 0.031157 0.802126 0.596243
1709437053.494613 -4.389181 1.437099 -0.251024 -0.011467 0.030522 0.801528 0.597067
1709437053.594456 -4.385912 1.425079 -0.253120 -0.012821 0.030014 0.801909 0.596554
1709437053.694493 -4.382789 1.423169 -0.250067 -0.011455 0.030868 0.802049 0.596350
1709437053.794934 -4.387039 1.426933 -0.251224 -0.010882 0.030897 0.802080 0.596317
1709437053.894759 -4.382305 1.430401 -0.255744 -0.011483 0.030408 0.801894 0.596582
1709437053.993846 -4.399605 1.432537 -0.252983 -0.011056 0.030754 0.801640 0.596914
1709437054.092604 -4.395784 1.434046 -0.254687 -0.011098 0.030540 0.801117 0.597625
1709437054.194607 -4.392459 1.431549 -0.252869 -0.011268 0.030841 0.801579 0.596987
1709437054.294507 -4.379629 1.435235 -0.257865 -0.011701 0.029975 0.801906 0.596583
1709437054.393944 -4.383871 1.437444 -0.260914 -0.009875 0.030796 0.802083 0.596337
1709437054.492573 -4.389610 1.432129 -0.259583 -0.010890 0.030673 0.801966 0.596482
1709437054.591219 -4.387273 1.430098 -0.258292 -0.010456 0.030833 0.801751 0.596770
1709437054.694654 -4.391545 1.429539 -0.256121 -0.010504 0.030947 0.801749 0.596766
1709437054.794490 -4.373677 1.436676 -0.250977 -0.011058 0.030981 0.801283 0.597381
1709437054.895118 -4.377464 1.431554 -0.249817 -0.010644 0.031105 0.801757 0.596746
1709437054.994877 -4.381568 1.423338 -0.249547 -0.012272 0.030366 0.801802 0.596691
1709437055.094785 -4.381153 1.425265 -0.247243 -0.010939 0.031006 0.801564 0.597004
1709437055.194620 -4.384454 1.426574 -0.248246 -0.012007 0.030337 0.801787 0.596719
1709437055.293654 -4.384482 1.429984 -0.249218 -0.011043 0.030863 0.802033 0.596379
1709437055.392499 -4.392634 1.431842 -0.250104 -0.011023 0.030860 0.801836 0.596645
1709437055.494556 -4.393019 1.438110 -0.247064 -0.010095 0.031364 0.801598 0.596955
1709437055.594800 -4.397917 1.440085 -0.249462 -0.009957 0.031510 0.801661 0.596865
1709437055.693614 -4.394973 1.443062 -0.250806 -0.010508 0.031102 0.801893 0.596565
1709437055.792258 -4.392779 1.440834 -0.254244 -0.011344 0.030481 0.801766 0.596752
1709437055.890902 -4.391369 1.437182 -0.264944 -0.010936 0.029949 0.801646 0.596948
1709437055.994938 -4.381595 1.436421 -0.264631 -0.011397 0.030269 0.802005 0.596441
1709437056.094758 -4.390503 1.440377 -0.268138 -0.011016 0.030118 0.801954 0.596524
1709437056.194620 -4.385349 1.443400 -0.266651 -0.010260 0.030735 0.801552 0.597047
1709437056.294475 -4.378852 1.434222 -0.264386 -0.010888 0.030248 0.801935 0.596546
1709437056.395118 -4.386493 1.430306 -0.257278 -0.010238 0.030968 0.801801 0.596701
1709437056.494704 -4.387372 1.431907 -0.251702 -0.010078 0.031144 0.801796 0.596701
1709437056.593542 -4.397407 1.422990 -0.247729 -0.010673 0.031138 0.801979 0.596445
1709437056.692456 -4.396144 1.420465 -0.250820 -0.011263 0.030597 0.801336 0.597326
1709437056.793702 -4.390248 1.421573 -0.249634 -0.010811 0.030747 0.801637 0.596922
1709437056.894655 -4.387397 1.420638 -0.248171 -0.010758 0.030761 0.801855 0.596630
1709437056.993294 -4.398539 1.418309 -0.245592 -0.011445 0.030679 0.801702 0.596826
1709437057.091960 -4.395096 1.423014 -0.244138 -0.012103 0.030512 0.801623 0.596928
1709437057.190620 -4.390757 1.423685 -0.242930 -0.011646 0.030491 0.801783 0.596723
1709437057.294435 -4.385872 1.434094 -0.244176 -0.010783 0.031045 0.802022 0.596390
1709437057.394992 -4.386206 1.438551 -0.247312 -0.011067 0.030683 0.802112 0.596282
1709437057.494933 -4.394141 1.433241 -0.251773 -0.011412 0.030315 0.801455 0.597177
1709437057.594764 -4.399569 1.429136 -0.251485 -0.011770 0.030453 0.801881 0.596591
1709437057.694606 -4.408504 1.415862 -0.256405 -0.010279 0.030643 0.801855 0.596643
1709437057.794424 -4.405891 1.410493 -0.257679 -0.010639 0.030583 0.801813 0.596698
1709437057.893539 -4.415509 1.414665 -0.254538 -0.012283 0.030089 0.801636 0.596928
1709437057.994720 -4.423251 1.422300 -0.256958 -0.011149 0.030275 0.801646 0.596928
1709437058.094750 -4.417727 1.425595 -0.259155 -0.011176 0.030208 0.801407 0.597252
1709437058.194324 -4.423750 1.432799 -0.257817 -0.011576 0.030249 0.801905 0.596574
1709437058.292991 -4.442228 1.424241 -0.256861 -0.011021 0.030415 0.801651 0.596917
1709437058.391676 -4.429601 1.429817 -0.255776 -0.011198 0.030310 0.801665 0.596899
1709437058.490368 -4.422880 1.429298 -0.255328 -0.011185 0.030413 0.801671 0.596887
1709437058.595115 -4.417229 1.437350 -0.249193 -0.011469 0.030678 0.801702 0.596826
1709437058.693595 -4.415208 1.433791 -0.254677 -0.011006 0.030363 0.801818 0.596695
1709437058.794807 -4.413170 1.429876 -0.250231 -0.009612 0.031330 0.802008 0.596414
1709437058.894629 -4.406080 1.426856 -0.251107 -0.010365 0.030906 0.801572 0.597009
1709437058.994480 -4.392097 1.430538 -0.251087 -0.010872 0.030904 0.801717 0.596806
1709437059.094632 -4.377279 1.427315 -0.253077 -0.011644 0.030287 0.801763 0.596761
1709437059.194621 -4.396127 1.421026 -0.254980 -0.011919 0.030037 0.801882 0.596607
1709437059.293606 -4.403495 1.421003 -0.251315 -0.010582 0.030900 0.801716 0.596812
1709437059.394631 -4.413703 1.422181 -0.253250 -0.011381 0.030465 0.801975 0.596472
1709437059.494030 -4.420283 1.415033 -0.254362 -0.009838 0.031076 0.801458 0.597162
1709437059.592716 -4.421124 1.416889 -0.252034 -0.010675 0.030872 0.801729 0.596794
1709437059.691413 -4.416447 1.424763 -0.250831 -0.010679 0.030881 0.801716 0.596811
1709437059.794805 -4.394317 1.430067 -0.252673 -0.011218 0.030691 0.802138 0.596243
1709437059.894635 -4.392037 1.440696 -0.249449 -0.009641 0.031232 0.802138 0.596243
1709437059.993190 -4.372129 1.457451 -0.258449 -0.010517 0.030362 0.801891 0.596606
