1706585243.882226229 -0.065569083 0.021158195 0.007292617 0.001357674 0.000721336 -0.000082049 0.999998815
1706585243.981789351 -0.096309611 0.032051687 0.006783609 -0.000380306 0.000478010 -0.000167033 0.999999799
1706585244.080494642 -0.039870085 0.020032943 0.015949070 0.000921344 0.001011574 -0.000279003 0.999999025
1706585244.179210186 -0.032629095 0.006531006 0.022927505 -0.000730631 0.001177850 0.000152276 0.999999028
1706585244.282380342 -0.008679482 0.003807619 0.025540806 0.000046675 0.001344258 -0.000242532 0.999999066
1706585244.382206440 -0.042420909 0.006134479 0.020709498 -0.000111999 0.001094236 0.000346208 0.999999335
1706585244.482851505 -0.047038697 0.012474083 0.021109999 -0.001131146 0.001442360 -0.000158363 0.999998308
1706585244.582679987 -0.075185626 0.022196861 0.014898674 0.000835943 0.000870533 0.000153497 0.999999260
1706585244.682517290 -0.091990639 0.027836762 0.011768631 -0.000639182 0.001007871 0.000133568 0.999999279
1706585244.782343864 -0.126306253 0.035797119 0.008846384 -0.000361770 0.000877775 0.000237720 0.999999521
1706585244.882340431 -0.149635008 0.039820812 0.006515398 -0.001383775 0.000927452 0.000127886 0.999998604
1706585244.981003761 -0.167918483 0.050560430 0.014887663 0.000279798 0.000952956 0.000040311 0.999999506
1706585245.082256556 -0.163903710 0.051682992 0.016051369 0.000297714 0.001000793 -0.000026476 0.999999455
1706585245.182831764 -0.174495074 0.054300453 0.015508716 -0.001720599 0.001051836 -0.000143807 0.999997956
1706585245.281531096 -0.192619941 0.058347561 0.014495211 -0.000373967 0.000884314 0.000080256 0.999999536
1706585245.380255461 -0.192042395 0.059580644 0.018555558 -0.000482246 0.001202025 -0.000122901 0.999999154
1706585245.479006052 -0.184529153 0.056022487 0.018189603 -0.001148395 0.001157208 -0.000057029 0.999998669
1706585245.582234621 -0.185478402 0.053193834 0.018657186 -0.000567449 0.001146047 0.000027732 0.999999182
1706585245.682872295 -0.188777726 0.057290822 0.021942241 -0.001547811 0.001636530 -0.000172673 0.999997448
1706585245.782716513 -0.200773786 0.053298196 0.022358726 -0.000325928 0.001261495 0.000423722 0.999999061
1706585245.882569075 -0.187651060 0.055223220 0.025746908 -0.001209696 0.001786046 -0.000035681 0.999997673
1706585245.982406616 -0.174651617 0.050914680 0.020560167 -0.001472333 0.001173116 0.000070499 0.999998226
1706585246.082262039 -0.186962178 0.053093693 0.014780531 -0.001229971 0.001310475 0.000042628 0.999998384
1706585246.182045460 -0.154520614 0.042798888 0.013215858 -0.000858261 0.001086397 0.000154946 0.999999030
1706585246.282747746 -0.142388393 0.040994772 0.013046347 -0.000291530 0.001069366 0.000080031 0.999999383
1706585246.382569551 -0.149105623 0.045590461 0.017286663 -0.001336796 0.001524640 -0.000161949 0.999997931
1706585246.482398510 -0.165461981 0.048873575 0.013506402 -0.000740732 0.001076294 0.000102363 0.999999141
1706585246.581285477 -0.164662296 0.048657615 0.011306547 -0.001576840 0.001161844 -0.000099564 0.999998077
1706585246.680030346 -0.146068187 0.047736245 0.011257665 -0.002755670 0.001358574 -0.000397342 0.999995201
1706585246.782706022 -0.141118147 0.045261936 0.015269293 -0.001963372 0.001369612 -0.000134726 0.999997126
1706585246.882533073 -0.142728363 0.044554370 0.019080569 -0.002562647 0.001725424 -0.000172587 0.999995213
1706585246.982389927 -0.137133020 0.042349860 0.023566068 -0.000009441 0.001398314 -0.000003373 0.999999022
1706585247.082247019 -0.138583014 0.040581474 0.022238092 -0.002485593 0.001618066 -0.000010282 0.999995602
1706585247.182888746 -0.143227725 0.039754719 0.018236144 -0.000347708 0.001248917 0.000094560 0.999999155
1706585247.282733679 -0.141673731 0.039602950 0.015981105 -0.002264467 0.001504697 -0.000108682 0.999996298
1706585247.382575989 -0.149639108 0.041721706 0.015895995 -0.001075881 0.001282463 0.000013306 0.999998599
1706585247.481843233 -0.156765568 0.040330063 0.014068965 -0.001528142 0.001230219 0.000233267 0.999998048
1706585247.582247257 -0.157001779 0.044928932 0.012796280 -0.000514987 0.001153797 -0.000110864 0.999999196
1706585247.682900190 -0.167747608 0.046328492 0.009530486 -0.000783725 0.001089438 0.000040238 0.999999099
1706585247.782312155 -0.183749097 0.049430548 0.009028641 -0.001293559 0.001031785 0.000007632 0.999998631
1706585247.881081343 -0.195191007 0.055820719 0.012420158 -0.001743146 0.001430376 -0.000119714 0.999997451
1706585247.979888678 -0.195995290 0.061373905 0.020991037 -0.001777290 0.001734739 -0.000263385 0.999996881
1706585248.082259417 -0.193274820 0.060242611 0.018487291 -0.002499223 0.001505162 -0.000160333 0.999995731
1706585248.182895422 -0.184327128 0.053198621 0.018646170 -0.001128304 0.001501718 0.000148848 0.999998225
1706585248.282731533 -0.176569563 0.048848670 0.020344305 -0.002339277 0.001708422 -0.000007159 0.999995805
1706585248.382568836 -0.176356683 0.046477104 0.019195871 -0.001646627 0.001554348 0.000172508 0.999997421
1706585248.482402802 -0.164251864 0.042954064 0.021123471 -0.002042931 0.001873622 -0.000030942 0.999996158
1706585248.582250834 -0.163764900 0.043999056 0.018205886 -0.002573191 0.001496286 -0.000050426 0.999995569
1706585248.682876110 -0.150298027 0.039857956 0.017349813 -0.001049714 0.001540923 0.000058766 0.999998260
1706585248.781720400 -0.143609870 0.034859573 0.018124666 -0.002895933 0.001630519 0.000120253 0.999994470
1706585248.882579565 -0.137268071 0.036515478 0.017515904 -0.001153429 0.001452537 -0.000044604 0.999998279
1706585248.982414961 -0.128145516 0.038190658 0.020138275 -0.001760467 0.001657630 -0.000167059 0.999997063
1706585249.082124949 -0.145135893 0.042700845 0.016037590 -0.001003224 0.001396770 -0.000133205 0.999998512
1706585249.180954933 -0.147726707 0.045487567 0.019072713 -0.002481588 0.001786681 -0.000220813 0.999995300
1706585249.279791832 -0.167646214 0.052688670 0.018869434 -0.002334714 0.001676713 -0.000159755 0.999995856
1706585249.382578373 -0.176091914 0.054643947 0.019408628 -0.000550814 0.001357913 -0.000151448 0.999998915
1706585249.482421160 -0.181266787 0.054841729 0.018363972 -0.001586407 0.001461072 -0.000156692 0.999997662
1706585249.582276106 -0.197123321 0.057462234 0.019463519 -0.001629552 0.001515899 -0.000072876 0.999997521
1706585249.682927847 -0.195365623 0.056834773 0.019910471 -0.002070043 0.001545993 -0.000137827 0.999996653
1706585249.782773256 -0.173867569 0.050837017 0.021577525 -0.001589739 0.001686240 -0.000156335 0.999997302
1706585249.882617235 -0.174473676 0.049460087 0.020202619 -0.001374850 0.001576887 -0.000024377 0.999997811
1706585249.982468128 -0.176665694 0.051958924 0.016135367 -0.001659386 0.001425537 -0.000009185 0.999997607
1706585250.082305431 -0.172427815 0.046626457 0.013879572 -0.001712453 0.001520866 0.000115713 0.999997371
1706585250.182567358 -0.170120320 0.046916413 0.016322454 -0.001061878 0.001511497 -0.000017710 0.999998294
1706585250.282404423 -0.168341536 0.040783628 0.015197284 -0.002034172 0.001409789 0.000202035 0.999996917
1706585250.381999969 -0.158773562 0.041648218 0.020428290 -0.001763183 0.001802732 -0.000029938 0.999996820
1706585250.480866194 -0.157277991 0.045851989 0.019933813 -0.001833248 0.001655299 -0.000122573 0.999996942
1706585250.579788923 -0.160346902 0.046130056 0.020022370 -0.002128832 0.001572930 0.000031869 0.999996496
1706585250.682582378 -0.157979894 0.046034392 0.021624153 -0.001118908 0.001501542 -0.000037901 0.999998246
1706585250.782428503 -0.183106636 0.049013152 0.018033225 -0.003061905 0.001510808 0.000231798 0.999994144
1706585250.882261753 -0.174611795 0.048265940 0.018381294 -0.001330880 0.001436561 -0.000034810 0.999998082
1706585250.982899666 -0.169091546 0.048425072 0.018577548 -0.001629363 0.001463176 -0.000104749 0.999997597
1706585251.082731009 -0.164163382 0.046602236 0.021262128 -0.001876565 0.001597355 -0.000025335 0.999996963
1706585251.182578087 -0.160473772 0.047798614 0.023073207 -0.001588686 0.001801688 -0.000155263 0.999997103
1706585251.282416821 -0.157054048 0.047050008 0.020501133 -0.001503186 0.001568470 0.000000505 0.999997640
1706585251.382248402 -0.173815836 0.050268858 0.018962107 -0.002316920 0.001599392 0.000007979 0.999996037
1706585251.482875824 -0.173881104 0.046950463 0.019152592 -0.001132088 0.001433232 0.000163313 0.999998319
1706585251.582726240 -0.168278410 0.045692177 0.021131579 -0.001779508 0.001690841 0.000049727 0.999996986
1706585251.681913853 -0.168537104 0.049690513 0.021488240 -0.000007796 0.001427440 -0.000062292 0.999998979
1706585251.780843496 -0.171319255 0.049664589 0.018036448 -0.002234047 0.001403554 -0.000118283 0.999996513
1706585251.879868746 -0.170929688 0.050825874 0.019094410 -0.001243184 0.001318830 0.000024970 0.999998357
1706585251.982850790 -0.181632279 0.054610099 0.019158335 -0.002126069 0.001627234 -0.000144710 0.999996405
1706585252.082695484 -0.179518034 0.053323791 0.021940826 -0.001923382 0.001560488 -0.000040117 0.999996932
1706585252.182542324 -0.180851419 0.055217592 0.022744905 -0.001608179 0.001590423 -0.000227923 0.999997416
1706585252.282386065 -0.186022496 0.055121855 0.021864552 -0.002509126 0.001582331 -0.000122126 0.999995593
1706585252.382223368 -0.179875145 0.054085733 0.023367514 -0.002324344 0.001739935 -0.000094221 0.999995781
1706585252.482854366 -0.181028796 0.052092401 0.022378263 -0.002102258 0.001765872 -0.000136777 0.999996222
1706585252.582703590 -0.182111028 0.054465327 0.022503371 -0.002532972 0.001808937 -0.000253421 0.999995124
1706585252.682532787 -0.177112595 0.053633235 0.020857526 -0.000191093 0.001384541 -0.000031248 0.999999023
1706585252.782381058 -0.168988055 0.052458210 0.023543536 -0.001888278 0.001725661 -0.000102026 0.999996723
1706585252.882232904 -0.167993973 0.051428484 0.022898192 -0.001471738 0.001606522 -0.000106962 0.999997621
1706585252.981889486 -0.159932532 0.045034260 0.020729036 -0.001573901 0.001558330 0.000088091 0.999997543
1706585253.080931902 -0.155208314 0.043925748 0.021204529 -0.000676740 0.001339962 -0.000029067 0.999998873
1706585253.182548285 -0.153991532 0.043206168 0.019673998 -0.000059395 0.001332531 0.000053742 0.999999109
1706585253.282391310 -0.150454425 0.042348942 0.020701470 -0.002300168 0.001683443 -0.000062026 0.999995936
1706585253.382231236 -0.156846369 0.044718032 0.022508243 -0.002027824 0.001817639 -0.000085825 0.999996288
1706585253.482867002 -0.162113849 0.043527117 0.022781216 -0.002170184 0.001649766 0.000024999 0.999996284
1706585253.582706213 -0.164414423 0.049492899 0.021351878 -0.002517066 0.001650211 -0.000203618 0.999995450
1706585253.682549477 -0.174121817 0.053150509 0.024742583 -0.002204137 0.001841152 -0.000252600 0.999995844
1706585253.781629324 -0.168229104 0.054818855 0.025919606 -0.001957267 0.001880906 -0.000284365 0.999996275
1706585253.880132198 -0.181129549 0.056515216 0.023450519 -0.000557686 0.001454349 -0.000081203 0.999998784
1706585253.982848883 -0.185446471 0.055311331 0.019917744 -0.003543156 0.001855123 -0.000220581 0.999991978
1706585254.082693100 -0.187008674 0.053809563 0.019547680 -0.000520572 0.001441749 0.000006191 0.999998825
1706585254.182529688 -0.190648647 0.053049945 0.020332528 -0.001170092 0.001631145 -0.000052110 0.999997984
1706585254.282031059 -0.191854937 0.048204683 0.021438436 -0.001799763 0.001686576 0.000072746 0.999996956
1706585254.381263733 -0.200618205 0.050272085 0.021722899 -0.002661678 0.001860945 -0.000016396 0.999994726
1706585254.482407570 -0.190477628 0.048819627 0.023760154 -0.001629666 0.001689440 0.000061259 0.999997243
1706585254.582247257 -0.183538100 0.047041086 0.020662708 -0.002100187 0.001632928 0.000144093 0.999996451
1706585254.682886839 -0.179015450 0.047649053 0.017987091 -0.002688855 0.001479852 -0.000055981 0.999995288
1706585254.782711267 -0.172752723 0.051989925 0.017747252 -0.002015211 0.001601382 -0.000215880 0.999996664
1706585254.882548094 -0.177392315 0.056034449 0.020693091 -0.002009251 0.001584716 -0.000232267 0.999996699
1706585254.982373238 -0.169960363 0.054769385 0.024330847 -0.001943240 0.001917738 -0.000286024 0.999996232
1706585255.081147909 -0.172151610 0.046503050 0.022598967 -0.002107148 0.001666112 0.000205316 0.999996371
1706585255.182860851 -0.173505937 0.048213265 0.022751476 -0.002098478 0.001737652 -0.000177771 0.999996273
1706585255.282686234 -0.175585499 0.047134537 0.022140042 -0.001315939 0.001538761 0.000129942 0.999997942
1706585255.382530928 -0.175946936 0.044706469 0.019844853 -0.002092883 0.001788389 0.000107210 0.999996205
1706585255.482369423 -0.178745989 0.045705581 0.021909415 -0.003424409 0.001756659 -0.000010811 0.999992594
1706585255.582360744 -0.187478931 0.049038645 0.016972671 -0.001018004 0.001361470 0.000197043 0.999998536
1706585255.682438374 -0.182827557 0.047674891 0.019006318 -0.003000549 0.001744135 0.000055141 0.999993976
1706585255.782279015 -0.184811606 0.049957881 0.020356365 -0.001743322 0.001644298 -0.000026283 0.999997128
1706585255.882911205 -0.182190391 0.049933907 0.021110150 -0.002199672 0.001592221 -0.000034118 0.999996313
1706585255.982754707 -0.186552120 0.054041591 0.019992644 -0.003240424 0.001723255 -0.000150469 0.999993254
1706585256.082587957 -0.195600754 0.057936160 0.022113748 -0.001963055 0.001598605 -0.000101644 0.999996790
1706585256.182432652 -0.190308649 0.057738903 0.022297016 -0.002434930 0.001706641 -0.000226878 0.999995553
1706585256.282180548 -0.188949993 0.055435759 0.021575979 -0.001292534 0.001450168 -0.000146738 0.999998102
1706585256.380748510 -0.177422725 0.052240476 0.022772504 -0.002587515 0.001794132 -0.000122497 0.999995035
1706585256.482753038 -0.176641050 0.048816734 0.022545413 -0.000929140 0.001452516 0.000170910 0.999998499
1706585256.582603693 -0.185275411 0.051966241 0.023535290 -0.002641787 0.001768743 -0.000230934 0.999994920
1706585256.682446003 -0.191307966 0.053816778 0.022280900 -0.001671164 0.001536976 -0.000039762 0.999997422
1706585256.782272100 -0.179837625 0.049319721 0.020067969 -0.001809072 0.001617096 -0.000005569 0.999997056
1706585256.882903814 -0.179346985 0.047683080 0.020197590 -0.002314932 0.001538370 0.000083326 0.999996134
1706585256.982737780 -0.170978085 0.045490883 0.018611970 -0.000897816 0.001415023 0.000140666 0.999998586
1706585257.082565546 -0.162411399 0.044321484 0.023116496 -0.001687218 0.001767218 -0.000011424 0.999997015
1706585257.182411194 -0.163426202 0.044774635 0.023289196 -0.001243982 0.001566053 -0.000059326 0.999997998
1706585257.282241106 -0.157739755 0.044032809 0.024970652 -0.002792010 0.001842238 -0.000121620 0.999994398
1706585257.382892132 -0.172231018 0.051428422 0.021060638 -0.002655068 0.001731920 -0.000304315 0.999994929
1706585257.482738495 -0.177156981 0.052798475 0.020760972 -0.002259153 0.001602086 -0.000049097 0.999996164
1706585257.581773281 -0.168828210 0.047574280 0.023467258 -0.003028401 0.001728426 -0.000007757 0.999993921
1706585257.680379629 -0.171591056 0.043047861 0.024595504 -0.001218197 0.001636684 0.000294991 0.999997875
1706585257.779017687 -0.164860556 0.042420977 0.021977456 -0.002281820 0.001610210 -0.000069192 0.999996098
1706585257.882907152 -0.169135392 0.046932429 0.022024858 -0.001629591 0.001531521 -0.000014882 0.999997499
1706585257.982728004 -0.169552652 0.048102785 0.019689617 -0.001829878 0.001597846 -0.000009617 0.999997049
1706585258.082566500 -0.179314179 0.054254291 0.020658592 -0.001578826 0.001543357 -0.000233263 0.999997535
1706585258.182399750 -0.184821583 0.053413607 0.018391446 -0.001125964 0.001367163 0.000019783 0.999998431
1706585258.282237768 -0.186998997 0.053424785 0.020724681 -0.001918034 0.001620521 -0.000007315 0.999996847
1706585258.382881641 -0.186298975 0.049352742 0.020045138 -0.001716319 0.001505820 0.000101163 0.999997388
1706585258.482655764 -0.185947079 0.051986825 0.024748732 -0.003338174 0.002002924 -0.000161741 0.999992409
1706585258.582558632 -0.189164456 0.054182928 0.021654233 -0.002382437 0.001578287 -0.000243020 0.999995887
1706585258.682394028 -0.192290935 0.057886429 0.024828528 -0.002684399 0.001908832 -0.000137240 0.999994566
1706585258.782230854 -0.203672827 0.059772649 0.024102378 -0.002312197 0.001807726 0.000031076 0.999995692
1706585258.881398201 -0.192326504 0.057506847 0.027245383 -0.001736338 0.001939372 -0.000178116 0.999996596
1706585258.980038643 -0.189876302 0.055713139 0.024657211 -0.002414575 0.001849469 -0.000134818 0.999995366
1706585259.082540751 -0.186842763 0.052650308 0.025190604 -0.001771540 0.001780811 0.000004825 0.999996845
1706585259.182378292 -0.188486612 0.050921784 0.023294809 -0.002408658 0.001816991 -0.000026321 0.999995448
1706585259.282204866 -0.180425216 0.051193065 0.023566630 -0.002091529 0.001846850 -0.000021873 0.999996107
1706585259.382835388 -0.175718541 0.048965348 0.019324834 -0.001103010 0.001518129 0.000012320 0.999998239
1706585259.482669353 -0.177644838 0.048295920 0.018574343 -0.002066861 0.001588921 0.000001447 0.999996602
1706585259.582511187 -0.175598761 0.048311348 0.020849380 -0.001043488 0.001562812 -0.000011645 0.999998234
1706585259.682369232 -0.179559139 0.050475148 0.020949520 -0.002717495 0.001830001 -0.000130671 0.999994625
1706585259.782034397 -0.189698440 0.052649337 0.019244880 -0.001216708 0.001562610 0.000085939 0.999998035
1706585259.882461786 -0.195210744 0.054782299 0.024177021 -0.002236049 0.001985552 0.000095892 0.999995524
1706585259.982308149 -0.204793657 0.057709293 0.024018953 -0.002547511 0.001796168 -0.000050258 0.999995141
1706585260.082437038 -0.204318088 0.056831334 0.022756489 -0.002762157 0.001807003 0.000039193 0.999994552
1706585260.181057453 -0.200457589 0.055712026 0.021897859 -0.002761323 0.001683323 -0.000050929 0.999994769
1706585260.279719830 -0.200175101 0.056505787 0.024575940 -0.001562083 0.001866540 0.000011329 0.999997038
1706585260.382879019 -0.206399210 0.054372471 0.022379587 -0.002522318 0.001790831 0.000020875 0.999995215
1706585260.482710600 -0.184253911 0.049617410 0.023570765 -0.001581646 0.001801696 0.000043796 0.999997125
1706585260.582535744 -0.177665154 0.047759411 0.021405271 -0.002329957 0.001698848 0.000000998 0.999995843
1706585260.682382345 -0.178238135 0.051739122 0.019948997 -0.002258065 0.001722587 -0.000058650 0.999995965
1706585260.782215357 -0.173421194 0.051453772 0.017689438 -0.000981047 0.001402354 -0.000147507 0.999998525
1706585260.882864237 -0.164621366 0.048663086 0.021527581 -0.001778447 0.001874997 -0.000058698 0.999996659
1706585260.982699871 -0.170628792 0.049215890 0.022584471 -0.001158631 0.001503309 -0.000035243 0.999998198
1706585261.081669807 -0.168560047 0.047431792 0.021732732 -0.002220677 0.001702586 -0.000132741 0.999996076
1706585261.182363033 -0.171638594 0.042350757 0.019759139 -0.001419481 0.001444644 0.000367734 0.999997881
1706585261.282610416 -0.173706061 0.044326932 0.017616850 -0.003075598 0.001818796 -0.000010811 0.999993616
1706585261.382070780 -0.172458957 0.041987380 0.019127235 -0.001736888 0.001571184 0.000277007 0.999997219
1706585261.480741501 -0.189620722 0.048068494 0.023963152 -0.001446674 0.001854629 0.000144221 0.999997223
1706585261.579415798 -0.194682147 0.048664239 0.022796725 -0.002631070 0.001686452 0.000164464 0.999995103
1706585261.682767630 -0.201543789 0.053969507 0.024180006 -0.002321138 0.001749839 -0.000000081 0.999995775
1706585261.782598972 -0.209083430 0.057730562 0.025581973 -0.002550277 0.001909451 -0.000041793 0.999994924
1706585261.882426262 -0.206550470 0.060746921 0.024483582 -0.002511787 0.001808015 -0.000044905 0.999995210
1706585261.982271910 -0.205214731 0.060239465 0.020462562 -0.001353522 0.001638221 -0.000140178 0.999997732
1706585262.082906008 -0.215837783 0.065333216 0.019168484 -0.002677311 0.001706999 -0.000116028 0.999994952
1706585262.182760239 -0.216677023 0.063636433 0.018755126 -0.000911764 0.001484613 0.000055828 0.999998481
1706585262.282510996 -0.217192232 0.060008359 0.018424066 -0.001875099 0.001570260 0.000039286 0.999997008
1706585262.381325722 -0.206204669 0.055850016 0.021977070 -0.000601658 0.001603784 0.000152747 0.999998521
1706585262.482275248 -0.203155922 0.053936370 0.021261112 -0.002355649 0.001679525 0.000171739 0.999995800
1706585262.582906008 -0.201449279 0.054222668 0.025651266 -0.002786551 0.001801504 -0.000016605 0.999994495
1706585262.681777000 -0.202686951 0.055917174 0.023557037 -0.001526833 0.001641932 0.000016119 0.999997486
1706585262.780444622 -0.204475650 0.053377589 0.018887152 -0.002963524 0.001612537 0.000095523 0.999994304
1706585262.879155159 -0.199999011 0.054342148 0.021809344 -0.001885160 0.001688130 0.000023617 0.999996798
1706585262.982265472 -0.198039895 0.054399152 0.022380667 -0.003188500 0.001837635 -0.000067957 0.999993226
1706585263.082884073 -0.186331944 0.053719498 0.023924811 -0.002269200 0.001809173 -0.000140797 0.999995779
1706585263.182718277 -0.195733451 0.054381097 0.024390636 -0.002058907 0.001676181 -0.000044861 0.999996475
1706585263.282558680 -0.193141582 0.054810303 0.025554974 -0.002835669 0.001928247 -0.000112204 0.999994114
1706585263.382383585 -0.192327700 0.054298667 0.022141810 -0.001077118 0.001481405 -0.000046491 0.999998322
1706585263.482223988 -0.186829945 0.053018219 0.021862438 -0.002221739 0.001718348 -0.000192625 0.999996037
1706585263.582367897 -0.181033701 0.050957180 0.022052876 -0.002358639 0.001568562 -0.000003094 0.999995988
1706585263.682678223 -0.175315859 0.047847565 0.017887757 -0.001527350 0.001537864 0.000045961 0.999997650
1706585263.782531023 -0.170962144 0.046502502 0.019481664 -0.001670679 0.001532782 0.000037503 0.999997429
1706585263.882379770 -0.171828699 0.049782678 0.016786084 -0.001452414 0.001282942 -0.000144902 0.999998112
1706585263.981479168 -0.178511179 0.051876244 0.019675826 -0.001842404 0.001564281 -0.000119542 0.999997072
1706585264.080176830 -0.192444472 0.055479228 0.023093766 -0.002170866 0.001662219 -0.000151805 0.999996251
1706585264.178899765 -0.189620758 0.054883827 0.025082489 -0.002482321 0.001764638 -0.000148638 0.999995351
1706585264.282550335 -0.184810806 0.053052211 0.025714427 -0.002475585 0.001928582 -0.000139647 0.999995066
1706585264.382395744 -0.192880384 0.053370025 0.026373930 -0.002305030 0.001745708 0.000054722 0.999995818
1706585264.482242346 -0.192101859 0.051901687 0.026685200 -0.002648747 0.002029591 -0.000138782 0.999994423
1706585264.582884073 -0.196440423 0.052085705 0.023419437 -0.000814612 0.001542400 0.000135441 0.999998470
1706585264.682728767 -0.192681077 0.050552514 0.021956242 -0.003248306 0.001833484 -0.000043716 0.999993042
1706585264.782583237 -0.188184994 0.051597866 0.021594030 -0.002188555 0.001695303 -0.000008822 0.999996168
1706585264.882038116 -0.178033874 0.050115288 0.018103393 -0.001591389 0.001514451 -0.000123752 0.999997579
1706585264.980706692 -0.174789662 0.049475739 0.018404795 -0.002607962 0.001609936 -0.000078361 0.999995300
1706585265.082905531 -0.190855548 0.055150842 0.016572545 -0.000805544 0.001453068 -0.000026026 0.999998620
1706585265.182508707 -0.193814120 0.051945789 0.018925532 -0.001961669 0.001491354 0.000095390 0.999996959
1706585265.281230927 -0.186621356 0.048525216 0.016833101 -0.001816069 0.001535766 0.000088339 0.999997168
1706585265.379946470 -0.191804403 0.052368674 0.020713644 -0.002864874 0.001813355 -0.000081349 0.999994249
1706585265.478719711 -0.195735362 0.054434578 0.020195989 -0.001377285 0.001525017 -0.000007046 0.999997889
1706585265.582903385 -0.202359038 0.058694429 0.025433513 -0.001802944 0.001742558 -0.000111237 0.999996850
1706585265.682730675 -0.195669471 0.055977933 0.026292234 -0.002697862 0.002110123 -0.000092004 0.999994130
1706585265.782552481 -0.195457412 0.053398574 0.025080970 -0.001203189 0.001675059 0.000168204 0.999997859
1706585265.882391930 -0.187706479 0.049420894 0.025527121 -0.002948192 0.001888456 0.000034618 0.999993870
1706585265.982225418 -0.182237697 0.049510824 0.025137225 -0.001959931 0.001855650 -0.000008579 0.999996358
1706585266.082859993 -0.180912413 0.049331029 0.020163600 -0.002209950 0.001640972 -0.000020082 0.999996211
1706585266.181758642 -0.173359247 0.046306375 0.020847387 -0.001775436 0.001735224 0.000047803 0.999996917
1706585266.282538414 -0.180632728 0.048678026 0.017706375 -0.001109011 0.001523859 0.000000560 0.999998224
1706585266.382386446 -0.184580981 0.048885364 0.021898574 -0.002078160 0.001852721 0.000139743 0.999996115
1706585266.482234240 -0.194471352 0.050501037 0.019084680 -0.002179458 0.001498948 0.000029882 0.999996501
1706585266.581001043 -0.178201112 0.048023946 0.023174893 -0.002452516 0.001911479 -0.000025696 0.999995165
1706585266.679769993 -0.174069954 0.047803352 0.021749986 -0.002346395 0.001766434 -0.000080144 0.999995684
1706585266.782568932 -0.168470992 0.047107218 0.027747560 -0.002644250 0.002028048 -0.000118198 0.999994440
1706585266.882399559 -0.188012384 0.057256161 0.025555584 -0.002389921 0.001856890 -0.000319204 0.999995369
1706585266.982229233 -0.190653082 0.056926926 0.024148263 -0.001487409 0.001682756 -0.000073307 0.999997475
1706585267.082866669 -0.186089635 0.053825584 0.026745049 -0.002032744 0.001984752 -0.000018514 0.999995964
1706585267.182716370 -0.190384507 0.053228631 0.022655148 -0.001904690 0.001577441 -0.000107062 0.999996936
1706585267.282546282 -0.178583734 0.044985800 0.019026346 -0.003037707 0.001736972 0.000116569 0.999993871
1706585267.382385969 -0.171148238 0.044338594 0.021490241 -0.002282753 0.001767655 -0.000060492 0.999995830
1706585267.481575012 -0.161186002 0.040284516 0.017437471 -0.002609784 0.001677571 0.000101182 0.999995182
1706585267.582865477 -0.160841533 0.044053753 0.020627653 -0.002220290 0.001717058 -0.000166807 0.999996047
1706585267.682686806 -0.167045983 0.045484602 0.021354415 -0.001436904 0.001710539 0.000045670 0.999997504
1706585267.782039881 -0.174955490 0.052601489 0.021120549 -0.002471485 0.001737477 -0.000295807 0.999995393
1706585267.880799532 -0.197611306 0.057547657 0.018797048 -0.001841327 0.001532479 -0.000176524 0.999997115
1706585267.979627371 -0.196495439 0.059764048 0.020691122 -0.002978278 0.001600653 -0.000313824 0.999994235
1706585268.082434416 -0.211876991 0.064029390 0.022255198 -0.001453548 0.001635217 0.000002768 0.999997607
1706585268.182272673 -0.210381191 0.058771815 0.023466650 -0.002639078 0.001799636 -0.000029393 0.999994898
1706585268.282909870 -0.205353524 0.055941454 0.023113292 -0.001932538 0.001573759 0.000032645 0.999996894
1706585268.382755518 -0.210879866 0.056014337 0.020370408 -0.002204442 0.001668803 -0.000021661 0.999996178
1706585268.482595921 -0.190002256 0.053369524 0.024725589 -0.002681394 0.001995751 -0.000266597 0.999994378
1706585268.582423449 -0.197813185 0.054525704 0.025054433 -0.002790146 0.001825961 -0.000053996 0.999994439
1706585268.682255745 -0.197037477 0.052465009 0.022724062 -0.003005100 0.001781488 -0.000031924 0.999993897
1706585268.782908440 -0.203707230 0.056185470 0.022706059 -0.002365328 0.001775708 0.000007885 0.999995626
1706585268.882737398 -0.191999500 0.050946541 0.018479555 -0.002101791 0.001606432 0.000140947 0.999996491
1706585268.982568741 -0.177671867 0.051482314 0.018811935 -0.003619171 0.001831954 -0.000196935 0.999991753
1706585269.081845760 -0.187319663 0.052699550 0.017005638 -0.001201813 0.001411163 -0.000086748 0.999998278
1706585269.180665731 -0.182618226 0.051291562 0.020933434 -0.002282027 0.001775065 -0.000084609 0.999995817
1706585269.282902002 -0.195336561 0.054442542 0.020826692 -0.001553939 0.001603275 -0.000001011 0.999997507
1706585269.382742882 -0.196265526 0.051157442 0.022264217 -0.002027394 0.001716010 0.000208680 0.999996451
1706585269.482600927 -0.199852122 0.052463275 0.026815233 -0.002508547 0.001984192 -0.000084575 0.999994881
1706585269.582431078 -0.206582785 0.054568277 0.026448784 -0.003260437 0.001970693 0.000123127 0.999992735
1706585269.682269096 -0.206875758 0.057260799 0.027116130 -0.002558713 0.002031001 -0.000189186 0.999994646
1706585269.782906771 -0.202790571 0.054478920 0.027451852 -0.002443204 0.002077006 0.000006127 0.999994858
1706585269.882751465 -0.195989875 0.051678528 0.025754164 -0.002872661 0.001886531 -0.000056333 0.999994093
1706585269.982479811 -0.196288997 0.055368378 0.025035605 -0.002549792 0.001889597 -0.000170732 0.999994949
1706585270.082443714 -0.191905759 0.053801845 0.024423679 -0.001530979 0.001898119 0.000076906 0.999997024
1706585270.182295084 -0.188582064 0.053621084 0.024722653 -0.002289276 0.001847555 -0.000028447 0.999995672
1706585270.282530785 -0.189519004 0.051583588 0.020166037 -0.001199289 0.001506823 0.000002282 0.999998146
1706585270.381712914 -0.191052102 0.050383919 0.018193196 -0.002885499 0.001771282 0.000017047 0.999994268
1706585270.480582952 -0.192283185 0.051302959 0.019463570 -0.002273925 0.001893717 -0.000206196 0.999995600
1706585270.579521656 -0.190538516 0.049463572 0.019516347 -0.001643246 0.001607724 0.000055505 0.999997356
1706585270.682279110 -0.194457180 0.054268129 0.023792246 -0.002333582 0.001770597 -0.000121048 0.999995702
1706585270.782916546 -0.202783683 0.054599750 0.020974413 -0.002017363 0.001639894 0.000142572 0.999996610
1706585270.882747173 -0.200770793 0.054763933 0.020746986 -0.002486193 0.001604131 -0.000067732 0.999995621
1706585270.982589960 -0.214968538 0.060642223 0.020662452 -0.002186677 0.001668849 -0.000053331 0.999996215
1706585271.082431555 -0.214256703 0.059451637 0.023051116 -0.003060132 0.001935009 0.000045237 0.999993445
1706585271.182257891 -0.205347918 0.058541202 0.022837983 -0.002393365 0.001811634 -0.000068938 0.999995493
1706585271.282889128 -0.211838354 0.061145624 0.025677016 -0.001985913 0.001937768 -0.000159687 0.999996138
1706585271.382742405 -0.210462496 0.059609634 0.026735440 -0.003107021 0.002149934 -0.000052095 0.999992861
1706585271.482575178 -0.204926171 0.055464499 0.023684509 -0.001887531 0.001697648 -0.000064665 0.999996776
1706585271.582421780 -0.201603574 0.055099718 0.022239594 -0.002989056 0.001931295 -0.000089854 0.999993664
1706585271.681654692 -0.190540426 0.052379871 0.020466524 -0.001647866 0.001782953 0.000175907 0.999997037
1706585271.780583143 -0.194796985 0.053291462 0.021138977 -0.002370036 0.001904309 -0.000039537 0.999995377
1706585271.882760525 -0.199690082 0.052346700 0.021057558 -0.001477587 0.001616416 0.000121393 0.999997595
1706585271.982606649 -0.200979917 0.053937683 0.020100938 -0.001650659 0.001616720 -0.000064141 0.999997329
1706585272.082442760 -0.214364950 0.059719444 0.022112646 -0.003140976 0.001980631 -0.000093227 0.999993101
1706585272.182288170 -0.219588059 0.059857890 0.026689454 -0.002507161 0.002017816 0.000080859 0.999994818
1706585272.282929182 -0.223415177 0.062226907 0.027419419 -0.002770472 0.001939915 -0.000125808 0.999994273
1706585272.382767677 -0.237988016 0.061708140 0.023794933 -0.002868832 0.001987090 0.000227532 0.999993885
1706585272.482031345 -0.235379880 0.060516374 0.026092023 -0.002735866 0.002116191 -0.000001938 0.999994018
1706585272.582447529 -0.237137492 0.062136215 0.024944502 -0.002625297 0.001965857 0.000028450 0.999994621
1706585272.682267427 -0.246553807 0.064270495 0.023557764 -0.002224806 0.001968099 0.000164459 0.999995575
1706585272.782893896 -0.250300179 0.068710194 0.023805989 -0.003665844 0.002104450 0.000054373 0.999991065
1706585272.882686377 -0.247419141 0.070080678 0.021342030 -0.001627340 0.001677920 0.000099078 0.999997263
1706585272.981641293 -0.256895756 0.070288701 0.019546223 -0.002407047 0.001806995 0.000166607 0.999995457
1706585273.080714464 -0.255166886 0.071220125 0.024243764 -0.001730434 0.001774187 0.000034902 0.999996928
1706585273.182213306 -0.243118199 0.068467610 0.023570563 -0.000794541 0.001603245 0.000104105 0.999998394
1706585273.282862186 -0.229572834 0.062657241 0.025337187 -0.002034276 0.001855043 0.000088897 0.999996206
1706585273.382721901 -0.227389093 0.061633866 0.023259010 -0.002514560 0.001854519 0.000111718 0.999995113
1706585273.482568741 -0.202764780 0.056979041 0.022273211 -0.002534957 0.001842774 -0.000169079 0.999995075
1706585273.582398176 -0.201258044 0.053896011 0.024000693 -0.002149879 0.001800731 -0.000108937 0.999996062
1706585273.682239294 -0.204403077 0.057638124 0.023701930 -0.001928204 0.001133766 -0.000477643 0.999997384
1706585273.781307459 -0.190100012 0.058546188 0.025149961 -0.002648656 0.000671985 -0.001223572 0.999995518
1706585273.882711411 -0.166697797 0.054689185 0.024961162 -0.002721275 0.000135901 -0.002164233 0.999993946
1706585273.982553244 -0.144987845 0.057722285 0.026935702 -0.005184808 0.000808805 -0.004141865 0.999977654
1706585274.082395315 -0.111250807 0.054947812 0.028053639 -0.003852233 0.000020720 -0.005155279 0.999979291
1706585274.182214737 -0.075280158 0.052066669 0.027410207 -0.003840578 -0.000087162 -0.007972437 0.999960841
1706585274.281834602 -0.029602015 0.047701739 0.030424250 -0.003290241 -0.000837886 -0.010366337 0.999940504
1706585274.382702112 0.024832190 0.036626140 0.026850926 -0.003411135 -0.000567379 -0.014052352 0.999895281
1706585274.482534170 0.065008378 0.036173529 0.029096477 -0.005494372 -0.000925738 -0.017593208 0.999829702
1706585274.582382917 0.110573800 0.030139143 0.028064050 -0.004573390 0.000016558 -0.020036135 0.999788796
1706585274.682237148 0.149792103 0.026403432 0.026610308 -0.005408391 -0.000658336 -0.022718615 0.999727053
1706585274.782881498 0.184487796 0.023520947 0.028119817 -0.003058079 -0.000025349 -0.025002129 0.999682720
1706585274.882719517 0.222288987 0.019984494 0.031643408 -0.003356587 -0.001188159 -0.027055416 0.999627594
1706585274.982370853 0.261661410 0.016964271 0.032723611 -0.004326861 -0.002233518 -0.027721378 0.999603829
1706585275.080907106 0.298553182 0.015468980 0.033648559 -0.001957044 -0.004169600 -0.028203127 0.999591601
1706585275.179458618 0.356990851 0.002538793 0.032669798 -0.000915485 -0.003292291 -0.028492022 0.999588179
1706585275.282875538 0.411676071 -0.009423731 0.025512110 0.001503615 0.002765184 -0.031109237 0.999511035
1706585275.382710695 0.480678481 -0.020345524 0.024045806 0.003844926 0.005815938 -0.032090047 0.999460665
1706585275.482552290 0.545933023 -0.025494998 0.019435109 0.001424309 0.006415984 -0.033937173 0.999402359
1706585275.582183599 0.600768683 -0.032876578 0.020025420 0.002475712 0.008485163 -0.037014649 0.999275632
1706585275.682225943 0.659682321 -0.038921529 0.019319083 0.000901810 0.008582346 -0.040910560 0.999125546
1706585275.782867670 0.716998795 -0.044734519 0.018731733 -0.000278741 0.008984282 -0.043403116 0.999017204
1706585275.882707596 0.785484819 -0.050557604 0.024370326 -0.000022770 0.009095311 -0.048417992 0.998785749
1706585275.982544899 0.847923259 -0.052979727 0.028445916 -0.002344688 0.012929829 -0.054015436 0.998453632
1706585276.082394838 0.910559720 -0.056659050 0.032867475 -0.004546736 0.007734329 -0.056744968 0.998348394
1706585276.182242870 0.974864068 -0.083216812 0.030175718 0.002713819 -0.000286284 -0.058593154 0.998278215
1706585276.281852961 1.037713756 -0.104420232 0.029599767 0.006034208 -0.002745293 -0.060801499 0.998127862
1706585276.380444527 1.102113586 -0.113120938 0.026862864 0.005609762 -0.001999321 -0.062556896 0.998023631
1706585276.482582808 1.157081898 -0.124527128 0.023788660 0.004838999 -0.002592749 -0.062229786 0.998046750
1706585276.582422256 1.243072455 -0.132125069 0.022849624 0.001850314 -0.001998985 -0.060855028 0.998142899
1706585276.682277918 1.317286944 -0.138641323 0.026974610 0.002158343 -0.002588492 -0.058119127 0.998303966
1706585276.782930136 1.394259098 -0.152746993 0.020084680 0.005790751 -0.001124421 -0.056851121 0.998365240
1706585276.882766962 1.476444715 -0.163488995 0.019140934 0.002642401 0.000981459 -0.057297233 0.998353185
1706585276.982600927 1.573180110 -0.168956548 0.022787074 -0.002420552 0.001150929 -0.060559341 0.998161000
1706585277.082437038 1.651237478 -0.186709878 0.021670714 -0.002149471 0.003432757 -0.066029857 0.997809428
1706585277.182262182 1.745791400 -0.211485245 0.020801362 -0.000897321 0.002452031 -0.072288620 0.997380338
1706585277.282905579 1.838616924 -0.224456217 0.020944066 -0.005618923 0.006000468 -0.080997593 0.996680396
1706585277.382728577 1.924124129 -0.240896937 0.027478470 -0.007030891 0.004023441 -0.088517201 0.996041708
1706585277.482571125 2.023621723 -0.272991073 0.026271292 -0.001095508 0.001311245 -0.094298272 0.995542524
1706585277.581471920 2.122436394 -0.313233124 0.023325011 0.004839975 0.002918163 -0.102477420 0.994719276
1706585277.680026054 2.232185264 -0.342108907 0.016729780 0.008842819 0.006178691 -0.101055206 0.994822333
1706585277.782880068 2.338787043 -0.364556413 0.008884137 0.006704398 0.008462026 -0.096711451 0.995253907
1706585277.882724047 2.442084020 -0.390413317 0.008619471 0.010029637 0.009078890 -0.092656231 0.995606249
1706585277.982570887 2.537721416 -0.417242366 0.002819552 0.017307595 0.012818010 -0.088869108 0.995810437
1706585278.082426786 2.635251605 -0.437045091 0.002351270 0.018414349 0.014178640 -0.085276516 0.996086238
1706585278.182263613 2.713621716 -0.447236447 -0.006115652 0.016485509 0.018291995 -0.082321627 0.996301551
1706585278.282905579 2.798543828 -0.448567946 -0.003989974 0.008394462 0.018929906 -0.079005373 0.996659090
1706585278.382734060 2.896201963 -0.452989770 -0.000691673 0.005030029 0.017542862 -0.074618180 0.997045171
1706585278.482460260 2.980571738 -0.464368875 -0.003463067 0.001512617 0.015685681 -0.070022771 0.997420916
1706585278.582417011 3.063663911 -0.475276723 -0.001627220 0.006195209 0.014210586 -0.066045593 0.997696175
1706585278.682270765 3.155761062 -0.489228378 -0.005911094 0.005409680 0.012798369 -0.062252425 0.997963713
1706585278.782406807 3.242413426 -0.499215442 -0.007934305 0.001384463 0.008939954 -0.060533476 0.998125172
1706585278.881040573 3.327348333 -0.505243117 -0.012316632 -0.000056298 0.008372795 -0.059143332 0.998214385
1706585278.979660273 3.411630082 -0.522267122 -0.014458802 -0.000366473 0.009488566 -0.061431751 0.998066116
1706585279.082397223 3.498063757 -0.533855088 -0.011727004 -0.001478707 0.011137276 -0.066939713 0.997693765
1706585279.182244539 3.589411321 -0.552133822 -0.010841796 -0.003393607 0.016184444 -0.072481944 0.997232628
1706585279.282885790 3.683843648 -0.566838274 -0.010264641 -0.005650093 0.012842570 -0.079192453 0.996760603
1706585279.382726431 3.784439582 -0.587289443 -0.008943571 -0.006479818 0.015194897 -0.084846666 0.996257080
1706585279.482572317 3.900071090 -0.613273023 -0.010983074 -0.005968674 0.007808040 -0.091101109 0.995793150
1706585279.582417488 4.017709211 -0.646834688 -0.019122751 -0.004379445 0.005598415 -0.098033135 0.995157768
1706585279.682259083 4.142384139 -0.671814054 -0.027136305 -0.006112770 0.001538144 -0.099940073 0.994973492
1706585279.781541586 4.261521032 -0.705118834 -0.030670891 -0.004491479 0.003193963 -0.098872296 0.995084868
1706585279.882751942 4.380861259 -0.733218676 -0.028601475 -0.009078028 0.007161606 -0.097117950 0.995205710
1706585279.982592821 4.507009140 -0.755196702 -0.026392882 -0.008738029 0.012347452 -0.093116901 0.995540270
1706585280.082048655 4.629884754 -0.782140727 -0.024986753 -0.009053323 0.010884798 -0.090621962 0.995784725
1706585280.180637598 4.745384836 -0.800158304 -0.021550621 -0.005179620 0.014232532 -0.086987172 0.996094292
1706585280.279302359 4.849200496 -0.818111084 -0.022460609 -0.007964562 0.013403899 -0.084399998 0.996309963
1706585280.382732153 4.951182284 -0.831262077 -0.027058187 -0.009605623 0.014679138 -0.081842209 0.996490897
1706585280.482576609 5.049918910 -0.845156622 -0.030377426 -0.013828422 0.015373442 -0.079078751 0.996653893
1706585280.582423687 5.149892532 -0.868698865 -0.033664873 -0.011834076 0.016801683 -0.075835790 0.996908517
1706585280.682263374 5.248444206 -0.882187614 -0.033187586 -0.008363555 0.016847848 -0.075196339 0.996991330
1706585280.782900095 5.343383647 -0.897154023 -0.036444679 -0.008437954 0.015988368 -0.073578004 0.997125594
1706585280.882746935 5.427954094 -0.910861227 -0.039681407 -0.006527151 0.015954660 -0.074876121 0.997043836
1706585280.982578278 5.524297866 -0.926770689 -0.041803317 -0.011014361 0.013389566 -0.077029859 0.996878029
1706585281.081683397 5.620288673 -0.943385985 -0.044577402 -0.011485659 0.013259544 -0.078470604 0.996762072
1706585281.182230473 5.717699372 -0.970412717 -0.049487493 -0.007707370 0.012667394 -0.079431540 0.996730036
1706585281.282845020 5.820044329 -0.997439799 -0.054660152 -0.004010120 0.011106069 -0.081350900 0.996615575
1706585281.381657600 5.934089743 -1.020195817 -0.051426445 -0.003466843 0.012753218 -0.083897852 0.996386716
1706585281.480329275 6.021622688 -1.039439612 -0.050301899 -0.006787354 0.010167187 -0.086500399 0.996176812
1706585281.579070807 6.129906106 -1.063810295 -0.050288026 -0.002741381 0.004012320 -0.088451235 0.996068655
1706585281.682610512 6.227460791 -1.087837923 -0.056967458 -0.002630774 0.000941823 -0.089554009 0.995978048
1706585281.782444715 6.339504466 -1.112376996 -0.054629207 -0.004551801 -0.001767177 -0.090201228 0.995911591
1706585281.882281780 6.435510995 -1.131308509 -0.058858151 -0.007363713 -0.007021261 -0.089944797 0.995894779
1706585281.982909441 6.539186320 -1.148931460 -0.055621699 -0.006652148 -0.009078734 -0.088906944 0.995976346
1706585282.082742691 6.630005728 -1.168999219 -0.053595623 -0.004686236 -0.006095867 -0.087807941 0.996107748
1706585282.182578802 6.738230132 -1.190591090 -0.049257008 -0.008813435 -0.003272013 -0.085730434 0.996274014
1706585282.282403946 6.847949610 -1.215570761 -0.053993720 -0.004651264 0.000231952 -0.081259131 0.996682129
1706585282.381239653 6.969192593 -1.243426636 -0.054351033 0.001332900 0.000725960 -0.079877548 0.996803528
1706585282.482893467 7.101651315 -1.268922005 -0.060284181 0.001411178 0.005856938 -0.080874365 0.996706096
1706585282.582738161 7.232984253 -1.293967413 -0.062053016 -0.001157698 0.005414047 -0.083147769 0.996521849
1706585282.681404114 7.357307399 -1.322229710 -0.061447987 -0.000207442 0.003135769 -0.084403487 0.996426703
1706585282.780054569 7.481952960 -1.353700944 -0.065890856 0.002731839 0.007897457 -0.085978888 0.996261912
1706585282.878768921 7.596973026 -1.378117238 -0.060299765 0.001917761 0.005454525 -0.086173888 0.996263334
1706585282.982915401 7.712447479 -1.398168222 -0.058981937 0.006565157 0.004827172 -0.086911904 0.996182673
1706585283.082760334 7.820437396 -1.424906366 -0.061113344 0.003096143 0.003676852 -0.089046518 0.996015870
1706585283.182601690 7.937313359 -1.446984889 -0.060796939 0.006366326 0.003093302 -0.090077752 0.995909584
1706585283.282426834 8.043337458 -1.470597470 -0.060151777 0.002280769 0.000078346 -0.092659148 0.995695272
1706585283.382255316 8.156601318 -1.496362338 -0.063003444 0.003860380 0.001629303 -0.092985100 0.995658683
1706585283.482885122 8.273459983 -1.526238307 -0.065201622 0.004160168 0.000529649 -0.093477322 0.995612577
1706585283.582287550 8.401117425 -1.553771207 -0.068444970 0.004172870 -0.000962325 -0.096482215 0.995325496
1706585283.682578325 8.536349392 -1.591678018 -0.069405160 0.006664871 -0.003041935 -0.099609262 0.994999659
1706585283.782418728 8.670850238 -1.628701410 -0.075873433 0.009007750 -0.000848696 -0.102481762 0.994693736
1706585283.882272482 8.810700730 -1.661161307 -0.072910273 0.006885464 0.000304518 -0.104843366 0.994464864
1706585283.981133223 8.957726576 -1.690128027 -0.065113093 0.003292157 0.002984048 -0.105517268 0.994407544
1706585284.079916954 9.089266816 -1.722860175 -0.056173323 0.003182629 -0.001443375 -0.103338936 0.994640062
1706585284.182576418 9.233458870 -1.756603865 -0.063313931 0.003185539 -0.004346805 -0.097073492 0.995262626
1706585284.282423973 9.353070674 -1.769265146 -0.058831945 0.002228751 -0.010038853 -0.088272233 0.996043306
1706585284.382270336 9.479388768 -1.788996646 -0.051555465 0.001665537 -0.009435669 -0.078792098 0.996845023
1706585284.482890844 9.598009252 -1.810764091 -0.052630049 0.003428235 -0.003249766 -0.070343566 0.997511639
1706585284.582752943 9.705636222 -1.822346970 -0.056506556 0.001877291 -0.001996490 -0.060832948 0.998144199
1706585284.682595253 9.820436668 -1.827438470 -0.054082064 -0.001042219 0.001063269 -0.052766601 0.998605763
1706585284.782441854 9.944044020 -1.827690741 -0.045076091 -0.005330100 -0.002388736 -0.044596754 0.998987995
1706585284.881480932 10.043761377 -1.826624834 -0.048985307 -0.008642201 -0.001937646 -0.035456975 0.999331957
1706585284.982541084 10.148909498 -1.840059062 -0.050944899 -0.001117210 -0.005824631 -0.026961399 0.999618882
1706585285.082378864 10.276098132 -1.852967034 -0.062300949 0.004063914 -0.001187250 -0.019968184 0.999791652
1706585285.182208776 10.414444641 -1.858254180 -0.056148120 0.000952737 0.001930371 -0.014384625 0.999894219
1706585285.280865431 10.553535832 -1.856482183 -0.055359549 -0.007293315 0.007563470 -0.011420926 0.999879575
1706585285.379573822 10.690025688 -1.863068663 -0.051627069 -0.005430957 0.009141906 -0.008259476 0.999909352
1706585285.482546091 10.839857798 -1.864833084 -0.045303000 -0.009894645 0.005103543 -0.006528227 0.999916713
1706585285.582383633 10.963933728 -1.862477059 -0.043211776 -0.016945324 -0.000093875 -0.006155299 0.999837467
1706585285.682062864 11.094225977 -1.881673554 -0.049793381 -0.006489558 0.000779807 -0.005547210 0.999963252
1706585285.781113863 11.194761888 -1.903893137 -0.052927925 0.000703884 0.000820178 -0.011905179 0.999928547
1706585285.882690191 11.302129395 -1.915279654 -0.050968018 0.003941455 0.003685968 -0.020885746 0.999767305
1706585285.982533932 11.417247356 -1.919987678 -0.051741597 -0.000422540 0.006879468 -0.030262152 0.999518232
1706585286.082372427 11.522288561 -1.935676631 -0.056526997 0.000458400 0.004196446 -0.036407301 0.999328118
1706585286.182202578 11.653734056 -1.952846793 -0.067510072 0.003515541 0.006193414 -0.039646839 0.999188376
1706585286.282840490 11.811919386 -1.963712934 -0.070163404 -0.001050300 0.007210856 -0.042518890 0.999069089
1706585286.382668734 11.952805967 -1.996475831 -0.073148356 0.005313467 0.005143871 -0.043059089 0.999045155
1706585286.481929302 12.088500230 -2.027966764 -0.079469743 0.014056370 0.007598834 -0.043666126 0.998918388
1706585286.580647469 12.234407980 -2.058120257 -0.087101697 0.018837556 0.010789014 -0.046641279 0.998675791
1706585286.679388523 12.390383932 -2.067824397 -0.079321226 0.009354245 0.016661602 -0.044611224 0.998821670
1706585286.782426596 12.541545131 -2.070471518 -0.075626929 0.007746523 0.021412450 -0.041222638 0.998890481
1706585286.882262230 12.679991938 -2.083629569 -0.082751185 0.010430293 0.022068978 -0.036479406 0.999036247
1706585286.982033253 12.804897437 -2.098670979 -0.087022301 0.009286447 0.010594208 -0.034752616 0.999296643
1706585287.081112862 12.924943371 -2.104146424 -0.085580968 0.010066013 0.004916538 -0.034438145 0.999344043
1706585287.182562590 13.036430772 -2.111747661 -0.088698485 0.006321533 0.001916730 -0.032200167 0.999459611
1706585287.282402039 13.142922701 -2.115943334 -0.083158174 0.005344795 -0.005253027 -0.030155306 0.999517132
1706585287.382247925 13.263113503 -2.126753243 -0.083188546 0.005506642 -0.000319997 -0.028247806 0.999585732
1706585287.482899666 13.383519006 -2.139430920 -0.090290886 0.004561694 0.005156353 -0.027434874 0.999599885
1706585287.582744598 13.495638869 -2.152891758 -0.097439666 0.007229740 0.003985637 -0.028368749 0.999563435
1706585287.682582617 13.617087179 -2.168231362 -0.110417347 0.003514876 0.007951887 -0.036665976 0.999289757
1706585287.781780720 13.741742106 -2.182989069 -0.113299438 0.005072366 0.010321783 -0.042758531 0.999019239
1706585287.880475283 13.860734864 -2.191488781 -0.111846061 0.000457273 0.010410204 -0.051078789 0.998640263
1706585287.982910633 13.971813018 -2.214255052 -0.105470758 0.005631581 0.007602053 -0.059492811 0.998183901
1706585288.082751989 14.073446874 -2.243816687 -0.106316775 0.006283183 0.001624026 -0.067345266 0.997708624
1706585288.182585478 14.191011469 -2.265859031 -0.103562611 0.006806139 0.001555334 -0.075556071 0.997117113
1706585288.282227039 14.273875878 -2.274963155 -0.087230885 -0.001320499 -0.010357689 -0.082842969 0.996507911
1706585288.381720543 14.343560142 -2.293217281 -0.091155334 -0.005660159 -0.032747370 -0.090291756 0.995360724
1706585288.482908964 14.475679412 -2.327037368 -0.090306111 -0.003927288 -0.013989498 -0.096192940 0.995256645
1706585288.582753897 14.580400615 -2.356862467 -0.086885893 -0.004063575 -0.013531775 -0.104064273 0.994470214
1706585288.682007551 14.703556128 -2.389428812 -0.089718826 -0.005159140 -0.010721676 -0.112454753 0.993585607
1706585288.782425642 14.822696219 -2.417053675 -0.079303176 -0.003207418 0.009456442 -0.117616861 0.993008843
1706585288.882261992 14.943248615 -2.464148723 -0.094872542 0.001753836 0.019862302 -0.127681358 0.991614786
1706585288.982803345 15.061826610 -2.502988750 -0.096641835 -0.000193682 0.011320477 -0.137593811 0.990424027
1706585289.081551313 15.188691211 -2.542325627 -0.095360809 -0.001386639 0.014651633 -0.145412312 0.989261677
1706585289.180440426 15.285989929 -2.592637455 -0.095656315 -0.001601734 0.007789209 -0.155339405 0.987829151
1706585289.279481888 15.370543795 -2.650440103 -0.101144106 0.000745134 -0.003579277 -0.169835858 0.985465583
1706585289.382272005 15.471946922 -2.704126526 -0.101603065 0.007088289 -0.004742162 -0.179073380 0.983798756
1706585289.482898235 15.577973095 -2.746765696 -0.097812915 0.001104745 -0.008231968 -0.188014987 0.982131040
1706585289.582743645 15.688077606 -2.794485933 -0.102761717 -0.003335635 -0.002262838 -0.194379768 0.980918069
1706585289.682598591 15.824093779 -2.842529932 -0.125637613 0.002866750 0.031930402 -0.188623049 0.981526147
1706585289.782428265 15.959842057 -2.900956135 -0.122935603 0.004868641 0.048576903 -0.167982299 0.984580382
1706585289.882286310 16.077405759 -2.974003295 -0.130144820 0.021125603 0.048265700 -0.143801122 0.988203101
1706585289.982908964 16.189379974 -3.033734155 -0.150314693 0.042034317 0.060581013 -0.139409244 0.987485757
1706585290.082745314 16.304876058 -3.063311510 -0.141944607 0.043964561 0.059142277 -0.122182945 0.989767971
1706585290.182583094 16.422869953 -3.090291671 -0.164560201 0.032418638 0.031331243 -0.109295880 0.992986302
1706585290.282416105 16.503828301 -3.084716986 -0.141882369 -0.007034776 0.011139394 -0.133557329 0.990953513
1706585290.381452799 16.594660993 -3.068837720 -0.137667862 -0.049564041 0.009747567 -0.145399598 0.988082662
1706585290.480191231 16.697702868 -3.076808647 -0.137108490 -0.056375528 0.023040222 -0.145819112 0.987434927
1706585290.582732916 16.789102621 -3.112861778 -0.142285913 -0.050086935 0.025039016 -0.155692372 0.986217132
1706585290.682571650 16.863906188 -3.171263046 -0.161146770 -0.034048593 0.019471944 -0.160972314 0.986179218
1706585290.782417297 16.948807460 -3.246436448 -0.171012139 -0.009521580 0.018743138 -0.165911142 0.985916592
1706585290.882245779 17.034690097 -3.300644596 -0.176865985 0.000836783 0.024304998 -0.171137160 0.984947024
1706585290.982878923 17.131202590 -3.330220654 -0.166277556 -0.009274177 0.037512690 -0.165142833 0.985512370
1706585291.082712412 17.208531486 -3.344318455 -0.159448608 -0.030714974 0.032299586 -0.166301715 0.985067037
1706585291.182519197 17.290068133 -3.366521137 -0.163038002 -0.037349409 0.029464744 -0.171700995 0.983999806
1706585291.282357454 17.371181501 -3.411931448 -0.163719358 -0.037654471 0.027151051 -0.177698326 0.982989454
1706585291.382601500 17.449626414 -3.477308226 -0.172296050 -0.019917547 0.010555829 -0.173975361 0.984491970
1706585291.482437849 17.528203705 -3.547144729 -0.183919047 0.005844092 0.006037672 -0.172161002 0.985032986
1706585291.582278252 17.637970895 -3.588515736 -0.186179709 0.009411576 0.008763711 -0.165957907 0.986048981
1706585291.681491852 17.739858823 -3.602590667 -0.180385065 -0.002588813 0.005165530 -0.163547386 0.986518559
1706585291.780488968 17.849405639 -3.625466605 -0.182550205 -0.010850215 0.007310250 -0.159797469 0.987063120
1706585291.882589340 17.968288212 -3.664875943 -0.186183793 -0.006548165 0.008650944 -0.152299227 0.988274875
1706585291.982428312 18.071790966 -3.710121314 -0.191504412 -0.003514186 0.001572586 -0.145766111 0.989311588
1706585292.082262516 18.175789272 -3.734926194 -0.189088623 -0.006711886 0.000600307 -0.141490823 0.989916631
1706585292.182893753 18.267510850 -3.760766676 -0.188947509 -0.010215169 -0.005595739 -0.137170943 0.990478910
1706585292.282732487 18.357277508 -3.789686159 -0.193946721 -0.007707375 -0.005659517 -0.134231036 0.990903928
1706585292.382566452 18.462751738 -3.816855684 -0.191270071 -0.008377372 -0.003661069 -0.132204559 0.991180292
1706585292.481772423 18.566539398 -3.849056193 -0.186722124 -0.008966736 -0.003813746 -0.134282143 0.990895231
1706585292.582262993 18.673557748 -3.873427395 -0.179452956 -0.016577710 -0.003679301 -0.136558899 0.990486400
1706585292.682900429 18.790453298 -3.906071647 -0.180777960 -0.012892175 0.004881058 -0.139052134 0.990189109
1706585292.782745838 18.903244221 -3.943340100 -0.179351185 -0.015159978 0.004201200 -0.146660736 0.989061754
1706585292.882541895 19.018469531 -3.980156147 -0.170794464 -0.024537229 0.006170173 -0.152125588 0.988037276
1706585292.981473207 19.151895946 -4.024145578 -0.174338636 -0.018976793 0.010481519 -0.152909169 0.988002432
1706585293.080284595 19.257751407 -4.062156895 -0.180935755 -0.016465653 0.010532378 -0.146527034 0.989013539
1706585293.182897568 19.381251856 -4.102332629 -0.188794823 -0.007963032 0.005902888 -0.133521004 0.990996411
1706585293.282750368 19.512744112 -4.134960604 -0.196193304 -0.005739181 0.007938509 -0.120850682 0.992622362
1706585293.382588148 19.634013737 -4.159377370 -0.193367952 -0.005759568 0.010481962 -0.109200050 0.993947838
1706585293.482421875 19.752209192 -4.180440252 -0.203935912 -0.006979077 0.014145035 -0.098956463 0.994966748
1706585293.582260847 19.862785637 -4.197800780 -0.205366465 -0.009658060 0.013394278 -0.092499830 0.995575761
1706585293.682558060 19.979019257 -4.221628487 -0.202505671 -0.009867949 0.007887418 -0.086489973 0.996172624
1706585293.780908585 20.079152875 -4.238050990 -0.199732225 -0.009533070 0.011333499 -0.081313516 0.996578539
1706585293.882571220 20.169099105 -4.255619051 -0.195301764 -0.009851740 0.004450542 -0.077540748 0.996930573
1706585293.982414484 20.262807787 -4.277052045 -0.199180959 -0.006764103 0.004144556 -0.073087937 0.997293950
1706585294.082252502 20.369901513 -4.288145120 -0.203064949 -0.009532975 0.003532346 -0.073493151 0.997243903
1706585294.181730270 20.480132166 -4.303453747 -0.198938935 -0.010753690 0.005877535 -0.076101297 0.997024777
1706585294.280345678 20.597168845 -4.331022558 -0.203826390 -0.007599445 0.004421785 -0.080581847 0.996709216
1706585294.382577181 20.721116271 -4.368212303 -0.209232357 -0.001068563 0.008853596 -0.079913300 0.996761926
1706585294.482416153 20.837437697 -4.395332094 -0.211206806 -0.001726027 0.008641017 -0.086155132 0.996242765
1706585294.582252741 20.962473100 -4.412247880 -0.215739136 -0.004074790 0.011122309 -0.088589494 0.995997787
1706585294.682904005 21.100563032 -4.445343940 -0.225534795 0.000921727 0.009304536 -0.089673218 0.995927352
1706585294.782748699 21.226803975 -4.469126476 -0.232626092 -0.005230339 0.016178758 -0.095232609 0.995309822
1706585294.882582426 21.348897846 -4.488535174 -0.230839821 -0.006320500 0.016450799 -0.095528478 0.995270683
1706585294.981868744 21.458641775 -4.509883756 -0.234396175 -0.007346153 0.018600925 -0.094466943 0.995327100
1706585295.080389261 21.579114828 -4.538846751 -0.233438525 -0.006341947 0.023211952 -0.091339218 0.995529072
1706585295.182899475 21.681849298 -4.565695120 -0.234960665 -0.000355412 0.017718439 -0.085481171 0.996182162
1706585295.282728434 21.781721651 -4.594868817 -0.235266839 0.000526116 0.010359213 -0.079365706 0.996791600
1706585295.382550001 21.901782429 -4.619039331 -0.235646102 0.001962904 0.018602434 -0.072752937 0.997174562
1706585295.481070995 22.026873707 -4.635445954 -0.242560913 0.003524123 0.020588043 -0.065942480 0.997604783
1706585295.579656839 22.126392748 -4.638677124 -0.237811727 -0.003345425 0.010265586 -0.060714642 0.998096768
1706585295.682876110 22.241845284 -4.640502844 -0.247507966 -0.010749547 0.017508814 -0.055364511 0.998254807
1706585295.782709360 22.358873607 -4.645064743 -0.241091363 -0.015518464 0.023107803 -0.055739174 0.998057289
1706585295.882556677 22.465771605 -4.661914004 -0.241392833 -0.011701142 0.017371234 -0.058344247 0.998076787
1706585295.982401848 22.574455005 -4.684765599 -0.248878105 -0.019228506 0.010185917 -0.065609703 0.997608079
1706585296.082226992 22.695538081 -4.697866527 -0.251009392 -0.026841855 0.016949949 -0.071578967 0.996929619
1706585296.182871103 22.811734717 -4.713466057 -0.262013490 -0.027299190 0.021127355 -0.078834391 0.996289881
1706585296.281559944 22.920159104 -4.737118160 -0.258530804 -0.028870019 0.012020431 -0.084462068 0.995935836
1706585296.380159378 23.036043239 -4.767080099 -0.254928192 -0.025286145 0.011139928 -0.090752472 0.995490081
1706585296.482383251 23.153093382 -4.791269360 -0.253405486 -0.023617552 0.016172701 -0.098570961 0.994718262
1706585296.582232475 23.261185835 -4.814339483 -0.252378374 -0.030860451 0.007716090 -0.106118772 0.993844505
1706585296.682329655 23.369008749 -4.837706354 -0.260333686 -0.036793088 0.010018431 -0.117344339 0.992358910
1706585296.781030178 23.477680276 -4.866883295 -0.266444437 -0.033115549 0.024405515 -0.125136860 0.991286284
1706585296.882531404 23.581184554 -4.904748771 -0.272361612 -0.032466112 0.028029330 -0.134682337 0.989960088
1706585296.982364416 23.704952048 -4.947267392 -0.269904907 -0.036304672 0.030094512 -0.143303522 0.988554698
1706585297.082611322 23.827080400 -4.995297254 -0.267276127 -0.035683962 0.035474496 -0.151739730 0.987138931
1706585297.182443142 23.926378317 -5.048551003 -0.270391938 -0.027263100 0.023395272 -0.159229395 0.986587748
1706585297.282272100 24.039624628 -5.102385048 -0.282738902 -0.029730571 0.021751736 -0.161352485 0.986209071
1706585297.382906914 24.166899200 -5.141951197 -0.286568668 -0.028118353 0.021615351 -0.155182121 0.987249028
1706585297.482470751 24.298052944 -5.159179219 -0.294973904 -0.038905544 0.026143833 -0.147299376 0.987980644
1706585297.581069946 24.402384044 -5.173555972 -0.289545809 -0.044070948 0.025647747 -0.144009449 0.988261718
1706585297.679642916 24.508336748 -5.211927451 -0.286512210 -0.039843847 0.027666097 -0.141652911 0.988727216
1706585297.782281637 24.608560097 -5.264836131 -0.297582075 -0.028298703 0.023110534 -0.140758829 0.989369516
1706585297.882895947 24.716499648 -5.305484231 -0.301638855 -0.028021508 0.025603771 -0.144056529 0.988841220
1706585297.982323885 24.817874374 -5.332129085 -0.307685674 -0.037341471 0.017391266 -0.148207569 0.988098009
1706585298.080982685 24.906560051 -5.350933787 -0.309631884 -0.044758131 0.021795448 -0.150418006 0.987368265
1706585298.182399750 25.003440965 -5.397404856 -0.313415867 -0.042064957 0.025271544 -0.153914269 0.986864877
1706585298.282261133 25.111850483 -5.454378431 -0.317851792 -0.030739815 0.029650678 -0.158788446 0.986388428
1706585298.382918119 25.222597273 -5.497566118 -0.330737251 -0.027977799 0.036132523 -0.163208393 0.985532701
1706585298.482757568 25.338884784 -5.538589824 -0.338265967 -0.028861492 0.034475676 -0.167624555 0.984825086
1706585298.582615137 25.447918516 -5.587674351 -0.339480847 -0.028834938 0.032249924 -0.173129569 0.983948495
1706585298.682459831 25.553901745 -5.639384714 -0.341177745 -0.023375056 0.022926615 -0.172587950 0.984449784
1706585298.782085180 25.668805081 -5.683439669 -0.347438015 -0.022345465 0.014420045 -0.166375011 0.985703859
1706585298.880762815 25.769622705 -5.722033650 -0.351295659 -0.020209663 0.007173387 -0.152770430 0.988029002
1706585298.979394197 25.880014230 -5.745975399 -0.351304265 -0.020765978 0.008510451 -0.142846286 0.989490417
1706585299.082238913 25.994082605 -5.774294517 -0.352147570 -0.022718449 0.012753164 -0.134120030 0.990622555
1706585299.182886839 26.103674679 -5.807708221 -0.357439561 -0.018447430 0.011707475 -0.129414171 0.991349888
1706585299.281981230 26.211164855 -5.832499120 -0.355283112 -0.017999963 0.014450699 -0.127869115 0.991522399
1706585299.380388260 26.308793477 -5.844527931 -0.352456462 -0.028853868 0.015979976 -0.127977722 0.991228428
1706585299.482414007 26.425786834 -5.861391801 -0.348707745 -0.039454551 0.018796916 -0.127733174 0.990845220
1706585299.582262993 26.544735007 -5.887866630 -0.351974173 -0.042993693 0.017217281 -0.123323676 0.991285216
1706585299.682907343 26.665960426 -5.924027912 -0.353486842 -0.036898113 0.017583627 -0.120576349 0.991862233
1706585299.782749414 26.789032830 -5.962973112 -0.355230364 -0.030708759 0.017574664 -0.116680827 0.992539011
1706585299.882589102 26.903858693 -5.991206040 -0.357776132 -0.032554911 0.011632843 -0.113812801 0.992900549
1706585299.982424974 27.028881870 -6.015611141 -0.357988805 -0.031012699 0.013952702 -0.111822927 0.993146096
1706585300.081732273 27.154599842 -6.045880993 -0.362751896 -0.031651046 0.016281357 -0.107822610 0.993532794
1706585300.180335045 27.276794477 -6.076405508 -0.375956251 -0.031197076 0.019830906 -0.105014115 0.993783434
1706585300.278969526 27.395814986 -6.109256409 -0.376264400 -0.034860284 0.026484410 -0.104073976 0.993605527
1706585300.382608652 27.517328018 -6.140828696 -0.378102638 -0.029714154 0.028569429 -0.105034362 0.993613929
1706585300.482425213 27.623169018 -6.169339314 -0.384832154 -0.024942213 0.024261560 -0.104038900 0.993964371
1706585300.581372499 27.725887719 -6.202991000 -0.392034522 -0.024491156 0.016781479 -0.107432951 0.993768950
1706585300.682908773 27.834862582 -6.230790803 -0.395432112 -0.019744230 0.012080845 -0.105241519 0.994177269
1706585300.782774210 27.947379828 -6.273436087 -0.399479085 -0.020340737 0.014860465 -0.106145139 0.994031504
1706585300.882608175 28.051328578 -6.294821679 -0.397525684 -0.022321174 0.009243096 -0.108278254 0.993827022
1706585300.982437372 28.157282025 -6.321279845 -0.398801052 -0.021588895 0.009812869 -0.110852589 0.993553889
1706585301.082292080 28.261978546 -6.346902418 -0.403840059 -0.017215782 0.007569773 -0.110986544 0.993643952
1706585301.182536840 28.378321658 -6.376791875 -0.409526110 -0.018919185 0.008475640 -0.114535752 0.993202794
1706585301.282371759 28.495679620 -6.409220358 -0.409974299 -0.019227906 0.008096338 -0.114769279 0.993173071
1706585301.381397009 28.614384454 -6.445546261 -0.404001164 -0.023102353 0.013205782 -0.118166055 0.992637231
1706585301.480045557 28.735466361 -6.479960386 -0.408099755 -0.018143666 0.016563911 -0.121281443 0.992314091
1706585301.578731775 28.851893220 -6.506161717 -0.415443145 -0.018923566 0.014607604 -0.124887592 0.991882859
1706585301.682504177 28.978697386 -6.546382054 -0.413916108 -0.017867077 0.012437467 -0.126402278 0.991740158
1706585301.782353401 29.115252708 -6.591699374 -0.420019704 -0.014204716 0.011350396 -0.124637482 0.992035732
1706585301.881285667 29.238132335 -6.629289724 -0.426839098 -0.015822653 0.009403509 -0.123325391 0.992195578
1706585301.980083227 29.377470243 -6.662400753 -0.429407503 -0.012761703 0.010585144 -0.123519284 0.992203649
1706585302.082277536 29.510648910 -6.700542069 -0.428028594 -0.017672844 0.011880159 -0.122521049 0.992237434
1706585302.182924509 29.626181795 -6.732242177 -0.425234700 -0.011728125 0.008416242 -0.121317083 0.992508833
1706585302.282754421 29.740170007 -6.755359210 -0.418323203 -0.015663074 0.004590362 -0.118103144 0.992867184
1706585302.382591486 29.838462788 -6.769389427 -0.417745080 -0.023967205 -0.001321360 -0.113572689 0.993239685
1706585302.482407808 29.958659905 -6.805054662 -0.425818419 -0.022908093 0.000572023 -0.110293157 0.993634899
1706585302.582251072 30.071496984 -6.837452299 -0.421162962 -0.019394262 -0.001927396 -0.109425759 0.993803880
1706585302.681118965 30.190526159 -6.862966690 -0.420152914 -0.024227408 0.010504804 -0.111659784 0.993395578
1706585302.779715300 30.318620820 -6.881878992 -0.418302416 -0.035606542 0.020413387 -0.114629488 0.992560098
1706585302.882601500 30.459133967 -6.888328254 -0.415999190 -0.043369242 0.026519483 -0.115733459 0.991978625
1706585302.982457876 30.595570196 -6.921559456 -0.420737472 -0.043600487 0.026081816 -0.115248671 0.992036532
1706585303.082098007 30.718000229 -6.962501507 -0.433272834 -0.034710883 0.025492013 -0.119502001 0.991899483
1706585303.180992126 30.845429056 -7.007609276 -0.437954322 -0.034487911 0.024931555 -0.123318849 0.991454216
1706585303.282765627 30.967846548 -7.046677773 -0.444912821 -0.033948230 0.024942393 -0.126542312 0.991066314
1706585303.382608652 31.086092453 -7.083563534 -0.447924673 -0.035301505 0.025136540 -0.129109360 0.990682962
1706585303.482431412 31.209347326 -7.125514765 -0.453457112 -0.031718848 0.022174118 -0.129213853 0.990861243
1706585303.582259655 31.318799118 -7.166993879 -0.465860306 -0.029387250 0.018905122 -0.130843509 0.990787042
1706585303.682904720 31.423626282 -7.207185020 -0.469830689 -0.026129535 0.016656232 -0.131503922 0.990831235
1706585303.782733440 31.534823125 -7.244808401 -0.465943679 -0.026628430 0.020682213 -0.132475369 0.990612664
1706585303.882048845 31.646125055 -7.268447425 -0.463194217 -0.029254929 0.017811230 -0.133174932 0.990500554
1706585303.980760336 31.754080023 -7.299903176 -0.463516890 -0.033624524 0.016590601 -0.129900907 0.990817792
1706585304.079495192 31.850999574 -7.332728352 -0.468258615 -0.031311189 0.011969588 -0.126985003 0.991338059
1706585304.182871103 31.970643143 -7.363556673 -0.478915195 -0.029557239 0.011254405 -0.123512674 0.991838862
1706585304.282715321 32.072833516 -7.379519348 -0.479992478 -0.035174126 0.008870289 -0.120582180 0.992040340
1706585304.381923437 32.171515702 -7.394353777 -0.472979408 -0.036539930 0.003677882 -0.117256513 0.992422398
1706585304.480695486 32.263577799 -7.419249748 -0.470316503 -0.037934065 -0.002207833 -0.111561654 0.993030780
1706585304.582246780 32.363262313 -7.445807993 -0.467022129 -0.034203117 -0.002953723 -0.109381913 0.993406774
1706585304.682875872 32.455514378 -7.473239724 -0.471652951 -0.034441784 -0.006595948 -0.105562013 0.993794203
1706585304.782711983 32.584170800 -7.496612049 -0.474018849 -0.033475200 -0.001876186 -0.103879636 0.994024603
1706585304.882557154 32.706691891 -7.513777252 -0.472348182 -0.035506653 0.000683680 -0.103278484 0.994018292
1706585304.982389212 32.833751917 -7.535757381 -0.468483609 -0.042161029 0.008664555 -0.100676940 0.993987690
1706585305.082216978 32.962321049 -7.565466919 -0.465349082 -0.040533798 0.008001130 -0.097103362 0.994416377
1706585305.181823730 33.093305727 -7.595359725 -0.458867022 -0.042592070 0.008929845 -0.095861772 0.994442906
1706585305.280510902 33.222953190 -7.627506965 -0.458053653 -0.043587786 0.008784617 -0.093120689 0.994661486
1706585305.379235744 33.357602855 -7.652643986 -0.460600567 -0.040822810 0.006832512 -0.091715118 0.994924697
1706585305.482375145 33.467998377 -7.682668366 -0.463009256 -0.039536911 0.002290292 -0.090660063 0.995094136
1706585305.582220793 33.576905172 -7.719053847 -0.469018404 -0.038301091 -0.000709287 -0.091789220 0.995041337
1706585305.681479216 33.686847758 -7.740102990 -0.463315957 -0.042064074 -0.000104312 -0.093128622 0.994765129
1706585305.780300140 33.794329392 -7.756552970 -0.466919734 -0.036119870 -0.001723344 -0.093405074 0.994971295
1706585305.882560015 33.878130832 -7.778918409 -0.463753450 -0.033509403 -0.009113288 -0.095944355 0.994780754
1706585305.982386112 33.972287176 -7.802178619 -0.468363802 -0.030394299 -0.003230300 -0.097097326 0.994805439
1706585306.082226753 34.095012516 -7.839222090 -0.472209277 -0.025794296 -0.000997293 -0.099798532 0.994672767
1706585306.182866096 34.224584207 -7.874126254 -0.469930658 -0.024863891 0.002595352 -0.102025258 0.994467645
1706585306.282703876 34.355401783 -7.909037123 -0.478375911 -0.018020347 0.000046219 -0.100447539 0.994779150
1706585306.382539034 34.490680995 -7.953524340 -0.489932523 -0.008135672 0.020858924 -0.096514557 0.995079724
1706585306.481488466 34.624711954 -7.994788865 -0.502107029 0.002809303 0.015537769 -0.098948995 0.994967227
1706585306.580181837 34.745909875 -8.033116554 -0.503407433 0.000692701 0.020737983 -0.100175063 0.994753443
1706585306.679049492 34.870935755 -8.073949186 -0.505919014 0.004565704 0.021557351 -0.101363534 0.994605384
1706585306.782713413 34.999881110 -8.108460622 -0.515030624 0.005274936 0.010785131 -0.101540349 0.994758973
1706585306.882542372 35.133396593 -8.131736371 -0.518399549 -0.001366800 0.007600881 -0.100856717 0.994870987
1706585306.981398582 35.249187496 -8.153630306 -0.522113886 0.000444484 0.009084362 -0.101964521 0.994746457
1706585307.080463886 35.359760846 -8.185851193 -0.526083168 -0.001117706 0.010824478 -0.109034782 0.993978369
1706585307.182882309 35.470267234 -8.218466979 -0.521719065 -0.005224223 0.010491288 -0.116623007 0.993107101
1706585307.282723665 35.567298471 -8.241847381 -0.514717186 -0.010973889 0.008345876 -0.122398477 0.992385274
1706585307.382554531 35.663655331 -8.254498874 -0.508402119 -0.020249102 0.004496696 -0.127652370 0.991602050
1706585307.482397318 35.751221079 -8.278007492 -0.506701792 -0.022776432 -0.000678657 -0.131666780 0.991032105
1706585307.582243681 35.827915129 -8.324257928 -0.517578930 -0.007183320 -0.007918376 -0.134429519 0.990865482
1706585307.682706594 35.898989768 -8.368715279 -0.522299474 0.009606428 -0.012654026 -0.138482350 0.990237462
1706585307.781442642 35.989821267 -8.394277770 -0.524730127 0.007254254 -0.010471472 -0.143584499 0.989556070
1706585307.880275726 36.064998958 -8.407228554 -0.508497900 -0.013146713 -0.014646416 -0.153824067 0.987902223
1706585307.979176283 36.139203150 -8.415838606 -0.499651276 -0.030462069 -0.022222644 -0.163816811 0.985769886
1706585308.082230091 36.248276100 -8.462171552 -0.502293582 -0.032966593 -0.007101993 -0.162627790 0.986111032
1706585308.182854652 36.352367849 -8.516851382 -0.511599660 -0.024961873 -0.005165089 -0.169944722 0.985123859
1706585308.282125950 36.448303867 -8.562336335 -0.504245551 -0.028865713 -0.014714946 -0.175887613 0.983876917
1706585308.382554054 36.572196925 -8.615117673 -0.493322045 -0.025891421 0.001631295 -0.174732013 0.984274198
1706585308.482393265 36.682146959 -8.685589334 -0.488765746 -0.008120366 0.009477048 -0.173701100 0.984719337
1706585308.582147121 36.776330360 -8.746514286 -0.499394083 0.009793064 -0.004033309 -0.175846781 0.984360573
1706585308.681116819 36.869670995 -8.775724155 -0.502967990 0.003116588 -0.004747816 -0.185380275 0.982650446
1706585308.782706976 36.976496141 -8.794342076 -0.495804969 -0.020001511 0.008016658 -0.190757698 0.981400618
1706585308.882558823 37.081808676 -8.814912108 -0.491641377 -0.029035478 0.006838779 -0.190443368 0.981244870
1706585308.982351780 37.167289866 -8.872002293 -0.503241635 -0.013244772 0.003016776 -0.182537887 0.983104976
1706585309.081168175 37.243750491 -8.925545830 -0.504708477 -0.000605811 -0.000199142 -0.178838706 0.983878199
1706585309.179989815 37.352277852 -8.969870824 -0.508353497 0.004365968 0.000355636 -0.171884310 0.985107403
1706585309.282726049 37.448533821 -8.986159620 -0.499512615 -0.005011393 -0.008327154 -0.161376088 0.986845126
1706585309.382565975 37.551804527 -9.010054571 -0.492543032 -0.008111854 -0.005143329 -0.152686731 0.988227963
1706585309.482413292 37.655260706 -9.034142367 -0.493724643 -0.010054861 -0.006616020 -0.145158695 0.989335171
1706585309.582253695 37.765030549 -9.062906425 -0.482620033 -0.008410149 -0.005155150 -0.138821248 0.990268325
1706585309.682903767 37.875607238 -9.088228099 -0.482932437 -0.016580025 -0.004960557 -0.134012721 0.990828485
1706585309.782745361 37.990262374 -9.110896236 -0.483918935 -0.018116666 -0.002975592 -0.130123591 0.991327788
1706585309.882578611 38.096925274 -9.136639311 -0.478041460 -0.014820033 -0.000829544 -0.126906667 0.991803598
1706585309.981438637 38.210904456 -9.174855038 -0.480754265 -0.013497985 0.002565905 -0.126867547 0.991824504
1706585310.081882000 38.315637047 -9.211549222 -0.476469880 -0.008713494 0.002632411 -0.125361169 0.992069414
1706585310.182889700 38.413888168 -9.242868943 -0.477475757 -0.009081783 0.000975053 -0.127542358 0.991791065
1706585310.282212973 38.514147162 -9.273478695 -0.474692399 -0.017217821 -0.001514358 -0.126324523 0.991838378
1706585310.381073713 38.613577099 -9.303833400 -0.469046310 -0.012337486 -0.001242648 -0.124753289 0.992110306
1706585310.479620934 38.703029261 -9.337329137 -0.473012989 -0.008865404 -0.006679718 -0.123264473 0.992311773
1706585310.582235813 38.806787881 -9.368458833 -0.477459605 -0.006208048 -0.009939266 -0.121900950 0.992473088
1706585310.682862520 38.904058025 -9.388241168 -0.469133245 -0.010445361 -0.012284761 -0.122732091 0.992308829
1706585310.782694578 39.007442769 -9.412682252 -0.465337060 -0.016933673 -0.003172176 -0.125054154 0.992000326
1706585310.882526875 39.108313745 -9.439709065 -0.460679226 -0.013439083 -0.006844270 -0.124717296 0.992077690
1706585310.982378244 39.224979961 -9.473416376 -0.463511980 -0.010909615 -0.005460285 -0.122970704 0.992335312
1706585311.082220793 39.322891203 -9.503232146 -0.460303201 -0.011370958 -0.008695591 -0.124599265 0.992103881
1706585311.181913376 39.430381712 -9.528036318 -0.459498695 -0.013591914 -0.004481862 -0.125290093 0.992016918
1706585311.280175447 39.526446692 -9.556717533 -0.451501750 -0.013435122 -0.013915510 -0.125554120 0.991898190
1706585311.382524014 39.627468540 -9.590588965 -0.443763330 -0.015019645 -0.014016588 -0.125128448 0.991927829
1706585311.482363224 39.738044556 -9.623204803 -0.443428944 -0.011312470 -0.015862087 -0.125693178 0.991877839
1706585311.582131147 39.843421865 -9.658028526 -0.443657093 -0.012919368 -0.017367275 -0.126324773 0.991752751
1706585311.680661201 39.965510399 -9.688240809 -0.445334701 -0.012101068 -0.016814925 -0.127723365 0.991593447
1706585311.779234171 40.080184375 -9.728511686 -0.444371053 -0.007436261 -0.014557649 -0.129196732 0.991484232
1706585311.882537603 40.202970674 -9.764855453 -0.446638543 -0.010228215 -0.006570841 -0.130875457 0.991324277
1706585311.982390881 40.324541237 -9.798947852 -0.435944682 -0.008478173 -0.004492215 -0.129203757 0.991571646
1706585312.082231522 40.437134825 -9.839430746 -0.432274739 -0.005522956 -0.005767382 -0.125614097 0.992047042
1706585312.182874441 40.554923610 -9.877422771 -0.431815729 -0.003365060 -0.005307047 -0.125166775 0.992115815
1706585312.282718420 40.670201213 -9.904748893 -0.428698398 -0.004355907 -0.009072551 -0.125980237 0.991981701
1706585312.382547617 40.781846182 -9.933147661 -0.427329044 -0.009200698 -0.015488917 -0.126557242 0.991795697
1706585312.481118202 40.902595131 -9.953774630 -0.412853237 -0.010758086 -0.011409198 -0.122811771 0.992306083
1706585312.582236052 41.017576791 -9.985697446 -0.411795506 -0.008137460 -0.011607486 -0.118469343 0.992856517
1706585312.682876348 41.129180181 -10.012270024 -0.407663716 -0.010120152 -0.011889866 -0.114379034 0.993314477
1706585312.782689810 41.249956979 -10.043686767 -0.406377639 -0.005292304 -0.010063520 -0.111521838 0.993696934
1706585312.881851196 41.373087947 -10.072922401 -0.408820779 -0.007467182 -0.007859689 -0.109635560 0.993912728
1706585312.980329752 41.494798275 -10.094057315 -0.398531427 -0.008345560 -0.008562857 -0.105726309 0.994323376
1706585313.082606077 41.603920992 -10.116286181 -0.402265773 -0.009223507 -0.009020226 -0.103431189 0.994552941
1706585313.182456493 41.709316207 -10.141885796 -0.395870883 -0.009729819 -0.008891537 -0.105912788 0.994288063
1706585313.282300949 41.820355461 -10.183574519 -0.396484393 -0.008780927 -0.012570976 -0.111292477 0.993669387
1706585313.382552862 41.917390345 -10.212671804 -0.387046829 -0.009059127 -0.009771633 -0.119864281 0.992700862
1706585313.482378244 42.030126700 -10.244027938 -0.384648324 -0.013539242 -0.010605485 -0.126077703 0.991871275
1706585313.582204819 42.154449859 -10.281958848 -0.379201176 -0.014342776 -0.009839643 -0.134077176 0.990818236
1706585313.682155132 42.276299292 -10.324922330 -0.371851425 -0.015679605 -0.008840474 -0.141781210 0.989734350
1706585313.780621529 42.391817774 -10.360409915 -0.367084950 -0.021123826 -0.010583770 -0.148341037 0.988653986
1706585313.882497549 42.511223797 -10.410191142 -0.365138746 -0.014392941 -0.008915123 -0.152052652 0.988227380
1706585313.982338667 42.626057719 -10.447395541 -0.363802206 -0.019228867 -0.007386184 -0.156267170 0.987500008
1706585314.082573175 42.735810750 -10.489024765 -0.357980606 -0.015296410 -0.008878248 -0.159340428 0.987065259
1706585314.182110548 42.844542596 -10.526066807 -0.359665131 -0.017915219 -0.006045276 -0.158763450 0.987135587
1706585314.280537844 42.951838052 -10.564993309 -0.353525116 -0.013768479 -0.008166494 -0.155463034 0.987711994
1706585314.382893085 43.064206208 -10.593873406 -0.346738432 -0.017362442 -0.009877975 -0.154655017 0.987766570
1706585314.482737780 43.169565365 -10.634695187 -0.342261136 -0.018860095 -0.012789893 -0.152573986 0.988029298
1706585314.582571983 43.266089964 -10.671372888 -0.338126025 -0.017327860 -0.013459848 -0.150964535 0.988295648
1706585314.682414293 43.370047366 -10.706593470 -0.345386001 -0.020422064 -0.012883605 -0.149341248 0.988490842
1706585314.782249689 43.477396414 -10.735448711 -0.337886905 -0.020231489 -0.011512231 -0.149028633 0.988558861
1706585314.882891178 43.589895947 -10.771939008 -0.330773676 -0.024365849 -0.010441906 -0.145874094 0.988947936
1706585314.981668472 43.703738142 -10.809828985 -0.329248709 -0.021021839 -0.009716573 -0.143070724 0.989441478
1706585315.080175877 43.817552881 -10.839071174 -0.320904744 -0.021629745 -0.007926084 -0.142409868 0.989539671
1706585315.182379484 43.939602667 -10.874519423 -0.318178993 -0.025897994 -0.007199941 -0.140451592 0.989722590
1706585315.282232046 44.066317826 -10.908995330 -0.313953628 -0.020511010 -0.000129344 -0.135907999 0.990509110
1706585315.382771969 44.191779054 -10.948387494 -0.301739795 -0.018193315 -0.001387731 -0.131512731 0.991146548
1706585315.481306076 44.311152451 -10.984275649 -0.297014014 -0.015011259 -0.001294436 -0.130727533 0.991303838
1706585315.582417250 44.429551642 -11.025942018 -0.299377002 -0.017344527 0.003134487 -0.131099606 0.991212508
1706585315.682390213 44.537418148 -11.061830900 -0.300361436 -0.016685763 -0.001326836 -0.132177244 0.991084760
1706585315.782221079 44.641198231 -11.080670075 -0.295076067 -0.023734260 0.001817348 -0.131431984 0.991039361
1706585315.882853270 44.740718698 -11.106316348 -0.298790226 -0.022030506 0.002126586 -0.128663915 0.991441239
1706585315.982681036 44.833954923 -11.136619364 -0.296603392 -0.017761932 0.006012916 -0.125126812 0.991963527
1706585316.082521439 44.923624583 -11.166706975 -0.298359223 -0.014518339 0.004179842 -0.124615140 0.992090124
1706585316.182354927 45.001640281 -11.191374008 -0.299744813 -0.013845452 0.001147930 -0.125652861 0.991976988
1706585316.281138182 45.095215924 -11.224087092 -0.301410693 -0.015089842 0.000560549 -0.128698842 0.991568752
1706585316.379769564 45.195272923 -11.250534773 -0.300520809 -0.012963023 -0.001272355 -0.132276433 0.991127281
1706585316.482248783 45.317924741 -11.281250359 -0.296015705 -0.017907201 0.000267249 -0.141165245 0.989824042
1706585316.582888842 45.434380886 -11.322924184 -0.290007165 -0.020504767 0.000152948 -0.146102834 0.989056870
1706585316.682507992 45.569613133 -11.377150439 -0.293614932 -0.018007802 0.001786047 -0.153662583 0.987957661
1706585316.781213999 45.694438435 -11.430829245 -0.295576999 -0.021106227 0.003065508 -0.161514045 0.986639926
1706585316.882398605 45.831611174 -11.481171373 -0.286865814 -0.023830090 0.007198299 -0.171364315 0.984893184
1706585316.982234955 45.960042937 -11.537547915 -0.288105413 -0.025606831 0.006383390 -0.177201845 0.983820638
1706585317.082884789 46.085891132 -11.590234845 -0.286933043 -0.021140016 0.000977356 -0.177506489 0.983892063
1706585317.182734966 46.206083353 -11.635088416 -0.290266451 -0.019194301 0.002364611 -0.176785962 0.984059303
1706585317.282578945 46.338565493 -11.678933687 -0.284630501 -0.022102794 0.003117876 -0.172363211 0.984780518
1706585317.382414818 46.454958656 -11.727699865 -0.289978361 -0.026216164 0.005800435 -0.169267366 0.985204358
1706585317.482126713 46.574711132 -11.766712021 -0.278859897 -0.025085794 0.006255923 -0.163444578 0.986213687
1706585317.580724955 46.699660873 -11.808513028 -0.274450131 -0.018921202 0.003786981 -0.159430683 0.987020519
1706585317.679434538 46.818393358 -11.854283771 -0.279130658 -0.021370108 -0.004578683 -0.158097278 0.987181647
1706585317.782552242 46.956547992 -11.893930833 -0.277697443 -0.021367112 -0.004777863 -0.157013759 0.987353684
1706585317.882396460 47.084913923 -11.948379754 -0.278960987 -0.022239054 -0.006801022 -0.156677548 0.987375975
1706585317.982233047 47.211529478 -11.991922590 -0.280728400 -0.022521112 -0.002884274 -0.160109897 0.986838032
1706585318.082862616 47.342512752 -12.038025102 -0.272951694 -0.023660684 0.002294269 -0.160505939 0.986748576
1706585318.182703972 47.469598902 -12.093721772 -0.275168979 -0.021437088 0.000803903 -0.160029816 0.986879052
1706585318.282548904 47.617033672 -12.139598919 -0.271294483 -0.018799759 0.004427475 -0.163412447 0.986368764
1706585318.382384300 47.761055340 -12.182610942 -0.275657957 -0.024507730 0.003523441 -0.167227378 0.985607407
1706585318.482231617 47.894592587 -12.242630890 -0.273898493 -0.024030447 0.004961690 -0.169721296 0.985186582
1706585318.582860708 48.015512844 -12.303013804 -0.266681802 -0.025743740 0.003427357 -0.173960001 0.984410195
1706585318.682708740 48.141325982 -12.356694942 -0.264003884 -0.022351630 0.002765694 -0.175268384 0.984263049
1706585318.781722546 48.265714126 -12.405169972 -0.259036402 -0.022106683 0.004888780 -0.170986231 0.985013250
1706585318.880361795 48.395282529 -12.443188155 -0.255039110 -0.022055001 0.004237810 -0.165387422 0.985972930
1706585318.979001760 48.519914782 -12.480707882 -0.252556465 -0.025190852 0.007681615 -0.157628882 0.987147177
1706585319.082877874 48.649193268 -12.521983796 -0.252996132 -0.021932672 0.006102800 -0.150331331 0.988373515
1706585319.182720423 48.777011224 -12.562810636 -0.264518616 -0.023111810 0.000914386 -0.142373071 0.989542782
1706585319.281927824 48.902666915 -12.600425468 -0.268741052 -0.018325799 0.004581703 -0.136305330 0.990486764
1706585319.380544662 49.019230917 -12.635002185 -0.272442953 -0.017513575 0.002094505 -0.130698314 0.991265271
1706585319.482219219 49.136572498 -12.670709309 -0.269846120 -0.021201817 -0.001707493 -0.128049443 0.991539665
1706585319.582847118 49.248148921 -12.704152620 -0.261778082 -0.019614075 0.002752036 -0.127700310 0.991615019
1706585319.682685137 49.365886906 -12.746060449 -0.256315719 -0.018335735 -0.002020814 -0.126677234 0.991772451
1706585319.782541275 49.495675115 -12.779860866 -0.252175953 -0.018580038 -0.003589460 -0.127514001 0.991656230
1706585319.882379293 49.628247696 -12.823927376 -0.250323395 -0.017656692 -0.003846587 -0.126975404 0.991741242
1706585319.982208490 49.752816610 -12.856731758 -0.245391600 -0.019126579 -0.005701308 -0.126516556 0.991763697
1706585320.081471920 49.877077011 -12.897956667 -0.239294997 -0.014106602 -0.007232526 -0.127984187 0.991649506
1706585320.180119038 49.997559548 -12.935596865 -0.237697845 -0.015133957 -0.008511247 -0.129551609 0.991420649
1706585320.278784037 50.123865628 -12.971781337 -0.237838870 -0.016099666 -0.007142074 -0.131837065 0.991114918
1706585320.382366896 50.270138202 -13.015746892 -0.234834330 -0.018947753 -0.006215244 -0.132954225 0.990921555
1706585320.482595921 50.411470158 -13.062948212 -0.232493856 -0.015432349 -0.006266779 -0.134632923 0.990755543
1706585320.581583500 50.547408202 -13.102348701 -0.234200765 -0.014607412 -0.003941735 -0.139172598 0.990152551
1706585320.682285309 50.685195531 -13.144660573 -0.226050927 -0.015894499 -0.001581195 -0.142129976 0.989719119
1706585320.782920361 50.818287412 -13.188360112 -0.228652645 -0.015034243 -0.000439465 -0.142841588 0.989631274
1706585320.882755041 50.948750278 -13.226279557 -0.216346864 -0.017300134 0.001008117 -0.147691473 0.988881650
1706585320.982592344 51.080997114 -13.272933975 -0.220623387 -0.017284105 -0.002751539 -0.148458485 0.988763757
1706585321.082416058 51.213027640 -13.329721854 -0.224791575 -0.013283718 -0.007508694 -0.151260520 0.988376152
1706585321.182246923 51.347658063 -13.379686407 -0.223399191 -0.013829466 -0.004929354 -0.155363097 0.987748326
1706585321.282409191 51.488573228 -13.432271046 -0.212467675 -0.014601887 -0.005579069 -0.157920018 0.987328176
1706585321.381085396 51.618176927 -13.470476919 -0.210803513 -0.021593075 -0.004697769 -0.159899720 0.986885885
1706585321.479724884 51.750435184 -13.518860377 -0.202015625 -0.015481053 -0.002996587 -0.162470455 0.986587406
1706585321.578438997 51.876976162 -13.570787577 -0.199830350 -0.015125748 -0.005975532 -0.167304514 0.985771122
1706585321.682220936 52.011784875 -13.617599679 -0.199356466 -0.018302097 -0.002823838 -0.169838661 0.985297868
1706585321.782859087 52.133983085 -13.666842070 -0.186888860 -0.021733866 -0.005130465 -0.173024286 0.984664366
1706585321.882713795 52.254555792 -13.718479591 -0.182054989 -0.025063981 -0.007111767 -0.175675977 0.984103232
1706585321.982563734 52.376273114 -13.769979198 -0.178947538 -0.023651246 -0.010409828 -0.178413316 0.983616258
1706585322.082421541 52.498058529 -13.820932267 -0.178884607 -0.023098598 -0.010614046 -0.179383908 0.983450665
1706585322.182252884 52.622354541 -13.873915997 -0.173104093 -0.021420279 -0.009271309 -0.179110108 0.983552125
1706585322.282898426 52.764391466 -13.918334699 -0.168588098 -0.023227487 -0.007283815 -0.177301483 0.983855484
1706585322.382748842 52.892393139 -13.972458886 -0.168889124 -0.020090396 -0.005061561 -0.171884417 0.984899235
1706585322.482599258 53.022104289 -14.023450011 -0.160326221 -0.020045741 -0.004198021 -0.171034592 0.985052137
1706585322.582140446 53.159274649 -14.073239193 -0.157887582 -0.022092726 -0.001998622 -0.167964107 0.985543493
1706585322.680800438 53.294651175 -14.119567796 -0.159139590 -0.025715355 -0.002518665 -0.167288338 0.985569373
1706585322.779443264 53.426004988 -14.170247257 -0.155494113 -0.025947049 0.002615926 -0.169164441 0.985242762
1706585322.882750273 53.563333700 -14.217327997 -0.156078038 -0.025778992 -0.005425694 -0.167355955 0.985544514
1706585322.982584000 53.680387176 -14.262359191 -0.150099927 -0.026904573 -0.008444647 -0.169431000 0.985138553
1706585323.082408667 53.807652503 -14.307305281 -0.145007926 -0.030023692 -0.005925878 -0.172042821 0.984614000
1706585323.182253361 53.927187645 -14.358202949 -0.143607296 -0.026491159 -0.011020054 -0.172762814 0.984545472
1706585323.282896280 54.042150934 -14.408003940 -0.131680752 -0.026871604 -0.012116085 -0.173649558 0.984366267
1706585323.382732868 54.153890768 -14.453554495 -0.123291618 -0.029456723 -0.015495884 -0.175649856 0.983889886
1706585323.482570410 54.273665127 -14.502160745 -0.123346594 -0.029383060 -0.016085766 -0.177692557 0.983515754
1706585323.582409143 54.389119960 -14.548984673 -0.123396381 -0.030096105 -0.023989375 -0.177652019 0.983340477
1706585323.682233572 54.516909507 -14.604522302 -0.119645577 -0.028879313 -0.022529918 -0.176349114 0.983645962
1706585323.782876968 54.645909372 -14.653734539 -0.111002648 -0.030350977 -0.022160584 -0.169233020 0.984859336
1706585323.882013321 54.780134002 -14.703090579 -0.101458913 -0.025280079 -0.021452062 -0.162514909 0.986148889
1706585323.980685949 54.923453695 -14.734904667 -0.088770568 -0.029639423 -0.015335745 -0.157647706 0.986931366
1706585324.079373598 55.060777034 -14.781261406 -0.081199736 -0.028549805 -0.009914785 -0.150150442 0.988201118
1706585324.182229996 55.202842525 -14.825299133 -0.068928942 -0.021489308 -0.005719255 -0.146755378 0.988922828
1706585324.282877684 55.345809032 -14.860705822 -0.071548417 -0.027767629 -0.003977764 -0.146310026 0.988840994
1706585324.382717371 55.484812832 -14.909817692 -0.071782292 -0.031440273 0.006095401 -0.151116492 0.987997045
1706585324.482547998 55.614007157 -14.965734995 -0.072452795 -0.024908772 0.006702804 -0.159594554 0.986845583
1706585324.582392931 55.754847307 -15.020732722 -0.076712642 -0.019442025 0.016970908 -0.161398250 0.986551874
1706585324.682235479 55.898028139 -15.076746224 -0.085807534 -0.021804228 0.015619260 -0.158151516 0.987050511
1706585324.782879353 56.038198647 -15.131785887 -0.082438666 -0.018642450 0.015178066 -0.155240336 0.987584186
1706585324.882726669 56.182891075 -15.189846464 -0.089145670 -0.013193624 0.016400243 -0.151650767 0.988210001
1706585324.982561588 56.313273772 -15.236577245 -0.091870608 -0.011639771 0.008130952 -0.147356219 0.988981571
1706585325.082403660 56.444400848 -15.268913914 -0.098965621 -0.012970905 0.008968418 -0.139314240 0.990122652
1706585325.181545496 56.578039879 -15.309668234 -0.104554623 -0.012539451 0.005339835 -0.127971629 0.991684179
1706585325.280285835 56.697660853 -15.334985133 -0.105220129 -0.007560106 0.001089311 -0.117338534 0.993062600
1706585325.379049540 56.811946734 -15.355802648 -0.104398086 -0.012976178 0.003297790 -0.114074564 0.993381969
1706585325.482567310 56.926276413 -15.379104799 -0.099109083 -0.017501898 0.000827544 -0.111854880 0.993570070
1706585325.582416058 57.036837065 -15.405025441 -0.095509034 -0.017097139 -0.000010428 -0.107185382 0.994092039
1706585325.682259083 57.135265903 -15.430359949 -0.092155087 -0.018692829 -0.002693052 -0.102968700 0.994505290
1706585325.782899618 57.255297433 -15.459972083 -0.081653187 -0.015882642 -0.005228457 -0.099993819 0.994847547
1706585325.882734299 57.379771925 -15.482510842 -0.083499505 -0.017434197 -0.002153702 -0.095405940 0.995283435
1706585325.982575417 57.521666147 -15.504768706 -0.090840512 -0.022881408 0.003519953 -0.094125310 0.995291152
1706585326.082398891 57.668929613 -15.541243414 -0.094011096 -0.025164852 0.011916562 -0.092610879 0.995312991
1706585326.182230473 57.811950893 -15.581730976 -0.100370732 -0.011674455 0.011607794 -0.087208508 0.996054036
1706585326.282866001 57.957946963 -15.627300181 -0.103450614 0.003589142 0.008386610 -0.082211646 0.996573142
1706585326.382556438 58.098167289 -15.644975679 -0.102117604 0.000605104 0.009758110 -0.077390810 0.996952895
1706585326.481328487 58.235152475 -15.650111593 -0.102315239 -0.013049160 0.004986962 -0.069780984 0.997464518
1706585326.580006361 58.378411164 -15.653227061 -0.094984457 -0.019859701 0.011593543 -0.064355436 0.997662047
1706585326.678826809 58.519557409 -15.659681398 -0.095364878 -0.021630178 0.008671745 -0.058477209 0.998016709
1706585326.782880306 58.653909514 -15.672532339 -0.094151096 -0.023994672 0.007290525 -0.052001504 0.998332083
1706585326.882635593 58.781352840 -15.691379824 -0.094889233 -0.015040354 0.006480781 -0.047427553 0.998740414
1706585326.981530428 58.905201385 -15.716183305 -0.091742865 -0.013873259 0.001994488 -0.044818259 0.998896831
1706585327.082391024 59.037010624 -15.735249953 -0.094149710 -0.020997117 0.001347050 -0.043750521 0.998820904
1706585327.182242870 59.184515835 -15.743753223 -0.098023853 -0.028490731 0.010256140 -0.040300917 0.998728655
1706585327.282873392 59.321454017 -15.758971397 -0.098659087 -0.022313412 0.013468784 -0.039595953 0.998875800
1706585327.382704973 59.453480444 -15.792304527 -0.115546785 -0.005876556 0.017265642 -0.042366362 0.998935661
1706585327.482549191 59.585253577 -15.816948818 -0.113227702 -0.003282477 0.021420496 -0.051351046 0.998445521
1706585327.582400322 59.710663621 -15.828224313 -0.104812894 -0.017767129 0.010056466 -0.058004625 0.998107539
1706585327.682236433 59.842506938 -15.838486613 -0.115222412 -0.031058460 0.005938398 -0.068068414 0.997179421
1706585327.781077623 59.966312123 -15.868821354 -0.119507433 -0.025635835 0.007705913 -0.082690755 0.996215670
1706585327.879977465 60.072758661 -15.904363215 -0.111726808 -0.016459714 -0.002036469 -0.093747994 0.995457806
1706585327.982552528 60.190856245 -15.934728851 -0.109789954 -0.017748582 0.001664248 -0.107654052 0.994028583
1706585328.082397699 60.318234352 -15.973865999 -0.110447995 -0.020578490 0.002370352 -0.119843062 0.992576721
1706585328.182249308 60.451738705 -16.025847755 -0.122276238 -0.018203006 0.011598859 -0.131055056 0.991140096
1706585328.282894850 60.581871961 -16.074654947 -0.118169089 -0.017373538 0.019509454 -0.146218919 0.988907260
1706585328.382739782 60.718563410 -16.109645526 -0.116884686 -0.023474734 0.025001984 -0.156898974 0.987019022
1706585328.482597589 60.839192557 -16.163882395 -0.115245107 -0.023616173 0.015447218 -0.161775747 0.986423980
1706585328.582437038 60.954420424 -16.232216945 -0.116161267 -0.014178322 -0.011716450 -0.165518743 0.986035114
1706585328.682258606 61.069521718 -16.294143867 -0.118115979 -0.002149298 -0.026140136 -0.165706625 0.985826247
1706585328.782898188 61.187393064 -16.358507812 -0.123713750 0.006400700 -0.026028120 -0.162107088 0.986409073
1706585328.882755756 61.310566736 -16.423169069 -0.128607131 0.016390720 -0.020058546 -0.165741537 0.985828962
1706585328.982179165 61.437340913 -16.468377971 -0.120249971 0.006443853 -0.001265880 -0.173540291 0.984804875
1706585329.080909491 61.557288640 -16.482273069 -0.114060448 -0.015205717 0.004655361 -0.179242044 0.983676473
1706585329.179759264 61.668329813 -16.491929388 -0.100253820 -0.041468916 0.005548984 -0.186160501 0.981628140
1706585329.282918930 61.802259104 -16.536645526 -0.092166190 -0.047394589 0.011699716 -0.193957742 0.979794501
1706585329.382758856 61.910650096 -16.596448435 -0.092927862 -0.038215254 0.004726695 -0.198369964 0.979370517
1706585329.482610703 62.012637638 -16.659651820 -0.090421930 -0.025416722 0.003042936 -0.201443516 0.979165584
1706585329.582446337 62.127908591 -16.717119456 -0.080330728 -0.027636710 0.005279536 -0.203979178 0.978570812
1706585329.682279825 62.250694213 -16.771666645 -0.081599783 -0.034326498 0.003231853 -0.210258876 0.977037590
1706585329.782920361 62.376477204 -16.833074469 -0.082187425 -0.030753526 0.003335933 -0.211633931 0.976859341
1706585329.882769823 62.506324232 -16.893040568 -0.082894203 -0.030755385 0.004230175 -0.207215438 0.977802625
1706585329.982613087 62.637167051 -16.955406676 -0.090505065 -0.029911727 0.004924137 -0.198162321 0.979700330
1706585330.082465887 62.771115610 -17.003556755 -0.092137646 -0.026902295 0.002784941 -0.185792877 0.982216635
1706585330.182303190 62.911928584 -17.058322454 -0.099976265 -0.023657282 0.004488805 -0.173830456 0.984481161
1706585330.281915188 63.038714794 -17.100669300 -0.105275253 -0.025850611 0.003834576 -0.167704470 0.985490869
1706585330.380759239 63.149576827 -17.146313276 -0.100228124 -0.031957157 0.006361485 -0.168748775 0.985120359
1706585330.479694366 63.260276481 -17.188072150 -0.096226994 -0.032536064 0.003081377 -0.172500171 0.984467166
1706585330.582831860 63.376586255 -17.234064902 -0.091414104 -0.032291482 0.003663888 -0.179135771 0.983287451
1706585330.682672977 63.490502900 -17.282393513 -0.091945789 -0.033856453 0.001294992 -0.183161325 0.982498851
1706585330.782509565 63.606011410 -17.334670861 -0.086788118 -0.028853768 0.003364523 -0.187843466 0.981769307
1706585330.882339478 63.716210979 -17.385057269 -0.088233779 -0.030653701 -0.000960390 -0.190430565 0.981221498
1706585330.982581377 63.842125419 -17.442247214 -0.090459637 -0.031036563 0.000909518 -0.188361688 0.981608771
1706585331.082418680 63.958289608 -17.487288289 -0.090046479 -0.032097547 -0.000672921 -0.183222092 0.982547179
1706585331.181620836 64.073690073 -17.528756944 -0.090621198 -0.028034743 -0.003389708 -0.175512987 0.984072027
1706585331.282920122 64.200920709 -17.579143295 -0.086310568 -0.032220724 0.002120184 -0.170699239 0.984793938
1706585331.382751942 64.313515257 -17.615008171 -0.082418024 -0.031041411 -0.000916284 -0.164202174 0.985937745
1706585331.482580662 64.436434051 -17.652969842 -0.074207942 -0.033997470 -0.000969836 -0.158165778 0.986826640
1706585331.581982851 64.553668001 -17.698642494 -0.071677578 -0.031558920 0.000119683 -0.156821345 0.987122630
1706585331.680931807 64.672139591 -17.742645468 -0.067608957 -0.032693027 -0.001607218 -0.158379862 0.986835550
1706585331.782887459 64.787043569 -17.789592547 -0.067403912 -0.028316252 -0.005680647 -0.162073136 0.986356030
1706585331.882727146 64.901227952 -17.838895099 -0.068794631 -0.026873744 -0.005240952 -0.171253308 0.984846505
1706585331.982568979 65.006956004 -17.883894135 -0.066785124 -0.031560964 -0.015215967 -0.175822562 0.983798153
1706585332.082414865 65.121061067 -17.921243769 -0.073118591 -0.035074585 -0.012186632 -0.184385861 0.982152286
1706585332.182251215 65.231822112 -17.977931220 -0.067703744 -0.036848904 -0.010181907 -0.192044360 0.980641347
1706585332.282893419 65.336064032 -18.035533342 -0.062490468 -0.026851026 -0.011287332 -0.197306617 0.979909035
1706585332.382403851 65.420645426 -18.096277701 -0.056638387 -0.025134998 -0.013751570 -0.207684788 0.977776127
1706585332.480790615 65.524660216 -18.131059961 -0.047525286 -0.032792261 -0.013591142 -0.212957616 0.976416408
1706585332.582406044 65.619525161 -18.170836798 -0.040066592 -0.033253355 -0.018800850 -0.211374192 0.976658432
1706585332.682244539 65.712276202 -18.213783071 -0.026661589 -0.038232326 -0.018257156 -0.212322001 0.976280868
1706585332.782884836 65.814639308 -18.271958218 -0.017391309 -0.035047935 -0.020196052 -0.209612531 0.976947465
1706585332.882267475 65.917234580 -18.334275335 -0.019943094 -0.029226532 -0.019358289 -0.205518727 0.978025112
1706585332.981426716 66.026568223 -18.386514904 -0.013181554 -0.024375894 -0.018666885 -0.209515490 0.977323193
1706585333.082395077 66.150186734 -18.437462013 -0.005546516 -0.024516381 -0.011541380 -0.212700068 0.976741739
1706585333.182237387 66.260544972 -18.498753110 -0.000361875 -0.024746254 -0.011545757 -0.207595560 0.977833525
1706585333.282862186 66.384671266 -18.568664045 0.006174219 -0.013097140 -0.009973963 -0.201525532 0.979344906
1706585333.382697105 66.509019950 -18.623200462 0.008052595 -0.015968753 -0.008386533 -0.203017271 0.979009016
1706585333.482536554 66.624318385 -18.659180396 0.013323584 -0.024544658 -0.008821406 -0.201545262 0.979131886
1706585333.582362890 66.745797162 -18.713550361 0.009027817 -0.026019327 0.002725594 -0.196915142 0.980071422
1706585333.681501627 66.880439493 -18.772531322 0.000409957 -0.019255832 0.017017084 -0.188494675 0.981737943
1706585333.780034065 67.007150249 -18.826376271 0.002098056 -0.010713080 0.020053094 -0.176795461 0.983984994
1706585333.878576279 67.144037733 -18.871994878 -0.008117930 -0.006687089 0.030635129 -0.164088298 0.985947160
1706585333.982886553 67.292987034 -18.905253316 -0.011494824 -0.013683713 0.035072319 -0.151729048 0.987704908
1706585334.082733631 67.426841540 -18.931405387 -0.017373352 -0.022943912 0.032533247 -0.139559997 0.989413044
1706585334.181979895 67.548890300 -18.963156504 -0.016154514 -0.025610542 0.031910036 -0.130749529 0.990570750
1706585334.281149626 67.676756323 -18.993575787 -0.026370975 -0.024095449 0.032393518 -0.129986555 0.990693477
1706585334.382272005 67.793081638 -19.029223097 -0.038725664 -0.026722497 0.030537860 -0.129852481 0.990702620
1706585334.482911110 67.907338396 -19.059736545 -0.041236337 -0.029683673 0.026234822 -0.132385855 0.990406280
1706585334.582747459 68.023915449 -19.085269039 -0.034474784 -0.032321040 0.030464659 -0.134300670 0.989944738
1706585334.682594538 68.128379297 -19.115125146 -0.040031227 -0.028987394 0.031219413 -0.137396860 0.989599506
1706585334.782434464 68.247114252 -19.147728585 -0.043617585 -0.028067279 0.029466570 -0.136659263 0.989781893
1706585334.882269621 68.362289519 -19.178971644 -0.044117185 -0.031068909 0.027155184 -0.135402946 0.989930988
1706585334.981011629 68.465718538 -19.215160892 -0.045949571 -0.040354496 0.032516847 -0.134704287 0.989529648
1706585335.079669952 68.565700139 -19.248570509 -0.051777998 -0.034903252 0.026568781 -0.129610584 0.990594246
1706585335.182561636 68.682480320 -19.295199084 -0.063390212 -0.029232709 0.026926700 -0.124583096 0.991412857
1706585335.282402039 68.795394781 -19.315181454 -0.065567926 -0.033405470 0.026707058 -0.123665686 0.991401839
1706585335.382248640 68.903626096 -19.338165767 -0.063749583 -0.036734483 0.020979172 -0.120437080 0.991819218
1706585335.482346058 69.021593646 -19.359060500 -0.065474657 -0.048540619 0.017945149 -0.118222540 0.991637641
1706585335.582741976 69.152125731 -19.390051184 -0.075652197 -0.043390827 0.018314773 -0.119126882 0.991761358
1706585335.682579279 69.282119854 -19.423218424 -0.082422298 -0.045168956 0.014884033 -0.119063755 0.991746970
1706585335.782414198 69.423863257 -19.459819915 -0.087659633 -0.045837546 0.021662598 -0.121825912 0.991255819
1706585335.882246733 69.562347391 -19.496342916 -0.089351103 -0.046789636 0.027012154 -0.122237958 0.991029240
1706585335.982876062 69.706153731 -19.543598850 -0.091448334 -0.044012168 0.028489909 -0.122669866 0.991061733
1706585336.082716703 69.856903180 -19.570815089 -0.093238738 -0.050251367 0.038753805 -0.126663317 0.989913808
1706585336.181934834 69.995371296 -19.607524829 -0.094458403 -0.057271997 0.042238784 -0.127699373 0.989256627
1706585336.280589581 70.134268424 -19.649460226 -0.098376506 -0.057781525 0.035520801 -0.128734875 0.989356811
1706585336.379273891 70.268543481 -19.694586891 -0.099651218 -0.061356430 0.029126995 -0.132125882 0.988903311
1706585336.482901096 70.396767126 -19.729405250 -0.100713103 -0.063790474 0.023816699 -0.135859369 0.988385437
1706585336.582744598 70.527131316 -19.763968940 -0.108409807 -0.065683066 0.016272062 -0.136271062 0.988357806
1706585336.682573557 70.663492606 -19.802114220 -0.108817599 -0.069760052 0.021000146 -0.141970605 0.987186343
1706585336.782412291 70.776343153 -19.837241721 -0.106746951 -0.073908894 0.020221306 -0.148003716 0.986013932
1706585336.882251024 70.887376304 -19.875936104 -0.114872440 -0.073628215 0.022594788 -0.151851534 0.985398129
1706585336.982880592 70.988931673 -19.920540953 -0.120176307 -0.063780212 0.022554146 -0.156602572 0.985342088
1706585337.082722187 71.095705012 -19.958960602 -0.111711447 -0.065574059 0.018788263 -0.163052572 0.984256523
1706585337.182563066 71.208643454 -20.005349277 -0.107442522 -0.063894073 0.015049133 -0.166613840 0.983834793
1706585337.282385111 71.327453410 -20.059525336 -0.113180593 -0.062476863 0.009805213 -0.170798109 0.983274380
1706585337.382228136 71.449128825 -20.107431844 -0.117347840 -0.061542810 0.004869217 -0.168585145 0.983751911
1706585337.481849432 71.565656529 -20.154743297 -0.111862850 -0.063789475 -0.000615393 -0.166396213 0.983993305
1706585337.580484629 71.691624878 -20.190477736 -0.111590475 -0.063198360 -0.001945527 -0.163433125 0.984526178
1706585337.679110527 71.814625553 -20.237675613 -0.111918960 -0.057932983 -0.003981668 -0.160477716 0.985329802
1706585337.782414198 71.943517848 -20.285429012 -0.116457213 -0.055308013 -0.004153196 -0.158470069 0.985804753
1706585337.882258415 72.072034580 -20.339401951 -0.114362325 -0.053379604 -0.002687621 -0.157719506 0.986036486
1706585337.982897520 72.203733381 -20.388431015 -0.108543793 -0.054329394 0.001485769 -0.158417849 0.985875192
1706585338.082740307 72.328293878 -20.435671727 -0.105100101 -0.053134875 -0.000979355 -0.158197444 0.985976315
1706585338.182578802 72.456329646 -20.480767267 -0.097218352 -0.052814241 0.001439050 -0.158172867 0.985996922
1706585338.282432556 72.581432553 -20.534646762 -0.094657067 -0.052846854 -0.000315624 -0.157435921 0.986114112
1706585338.382277250 72.715760276 -20.579545417 -0.088429438 -0.050647782 -0.001920121 -0.159214802 0.985942068
1706585338.482920170 72.850995425 -20.610015624 -0.082220573 -0.056573191 -0.001064298 -0.159212311 0.985621520
1706585338.582765579 72.988780846 -20.659978283 -0.084992193 -0.058575238 -0.000078605 -0.158147965 0.985676497
1706585338.682601452 73.114540604 -20.703658074 -0.081489908 -0.056232502 -0.002424359 -0.158858451 0.985695704
1706585338.781588316 73.255029805 -20.741255696 -0.078738562 -0.061442770 0.002247770 -0.158574672 0.985430772
1706585338.880226612 73.387519548 -20.783690287 -0.068761744 -0.062550994 0.001570574 -0.159452172 0.985220742
1706585338.982904434 73.524784548 -20.833611290 -0.061124746 -0.063052950 -0.000618926 -0.157415564 0.985517267
1706585339.082752943 73.665074627 -20.877580589 -0.062637579 -0.062054834 0.000396794 -0.154369353 0.986062444
1706585339.182596684 73.789555733 -20.915878479 -0.058446419 -0.069764742 -0.001808221 -0.151637447 0.985969419
1706585339.282419682 73.917926877 -20.956468554 -0.056049479 -0.065948517 0.001385896 -0.145515226 0.987154594
1706585339.382252932 74.049877381 -21.006955308 -0.055920315 -0.062108981 0.004667836 -0.143851609 0.987637282
1706585339.482884645 74.188790195 -21.044272021 -0.055728748 -0.061056141 0.007151701 -0.139714303 0.988281799
1706585339.582733393 74.319065053 -21.070922214 -0.052218763 -0.063945496 0.016677572 -0.135749572 0.988536740
1706585339.682566404 74.451314873 -21.114070877 -0.054018269 -0.061893216 0.017952612 -0.131600303 0.989205891
1706585339.782410145 74.585821596 -21.151747723 -0.050786009 -0.057705976 0.024935062 -0.129023398 0.989647021
1706585339.882246494 74.711465502 -21.191218842 -0.054584895 -0.051217613 0.018144872 -0.127008184 0.990412258
1706585339.982574224 74.830167832 -21.233027732 -0.057710007 -0.049213728 0.013371987 -0.120656319 0.991383504
1706585340.081242561 74.958741166 -21.253749535 -0.063089753 -0.049560393 0.010452013 -0.114010323 0.992187567
1706585340.179964066 75.085789463 -21.269734086 -0.062752658 -0.057634762 0.003712013 -0.105000955 0.992793662
1706585340.282405615 75.218123033 -21.300993818 -0.070723701 -0.053924208 0.007873326 -0.094827111 0.994001011
1706585340.382265806 75.343354318 -21.335703237 -0.079204996 -0.050874338 0.009401118 -0.091341167 0.994474842
1706585340.482912779 75.466486561 -21.347070087 -0.077385329 -0.053740369 0.013424321 -0.087830460 0.994594174
1706585340.582763433 75.589658426 -21.362237809 -0.081109442 -0.055706097 0.019863281 -0.089202381 0.994256112
1706585340.682610035 75.717954111 -21.392039981 -0.073495684 -0.056911639 0.018453787 -0.092206442 0.993940891
1706585340.782447577 75.846481852 -21.424008888 -0.071109994 -0.056781671 0.020446940 -0.091044537 0.994016427
1706585340.882286549 75.974576680 -21.452928229 -0.077891797 -0.053298610 0.020360845 -0.093655041 0.993968524
1706585340.982921839 76.110154040 -21.474765013 -0.073839380 -0.053220799 0.017022197 -0.094887820 0.993918555
1706585341.082760572 76.239238198 -21.503722505 -0.080897174 -0.059696842 0.020911763 -0.094714924 0.993492863
1706585341.182604790 76.375755113 -21.538224805 -0.093056192 -0.057941237 0.028306184 -0.097144342 0.993179012
1706585341.282081604 76.507183690 -21.577418102 -0.102820795 -0.046819973 0.041081957 -0.095269504 0.993500823
1706585341.380734444 76.634173313 -21.613101744 -0.113292483 -0.040581391 0.041730654 -0.100046112 0.993278651
1706585341.479359865 76.776240036 -21.642105349 -0.117730943 -0.042619695 0.045211578 -0.104612561 0.992570243
1706585341.582731247 76.905141703 -21.678817972 -0.128525111 -0.045244086 0.039768317 -0.107442581 0.992384777
1706585341.682582617 77.023513430 -21.726396472 -0.142336683 -0.040464395 0.036492059 -0.111831419 0.992232179
1706585341.782420158 77.168569135 -21.765502712 -0.150397606 -0.040445490 0.045884378 -0.115121702 0.991466479
1706585341.882246971 77.306348185 -21.793679889 -0.162849095 -0.040100919 0.050961549 -0.118006885 0.990893139
1706585341.982880592 77.432406476 -21.828894490 -0.163428978 -0.044314900 0.048856198 -0.120827338 0.990479690
1706585342.082731247 77.558316820 -21.863844719 -0.174183475 -0.040093045 0.043966920 -0.123453930 0.990564781
1706585342.182569265 77.671778677 -21.901597928 -0.177973108 -0.042068221 0.036329208 -0.128205157 0.990188816
1706585342.282422781 77.784711340 -21.930099179 -0.180966797 -0.043457521 0.031105013 -0.133699284 0.989579923
1706585342.382280350 77.897816290 -21.963906533 -0.183567378 -0.046857821 0.029358712 -0.134894171 0.989315912
1706585342.482918501 78.011768701 -22.005699544 -0.184883938 -0.044200944 0.028616146 -0.137441662 0.989109287
1706585342.581840038 78.108805898 -22.049876835 -0.190540776 -0.042433036 0.020068624 -0.139347071 0.989130467
1706585342.680516243 78.213442127 -22.081094137 -0.194265997 -0.043889522 0.020810559 -0.142177352 0.988648689
1706585342.779253006 78.317764706 -22.121126059 -0.194614590 -0.042756346 0.014375269 -0.141361780 0.988929772
1706585342.882281065 78.433338938 -22.165719860 -0.199016713 -0.039478759 0.016700733 -0.144031844 0.988644193
1706585342.982928038 78.546826151 -22.203877198 -0.201161541 -0.041421472 0.016166902 -0.147058603 0.988127856
1706585343.082762957 78.666118355 -22.246337304 -0.199735106 -0.046092851 0.014975864 -0.149611627 0.987556344
1706585343.182614803 78.801409378 -22.286057837 -0.202400579 -0.046102479 0.018903303 -0.156379845 0.986439340
1706585343.282463789 78.944614108 -22.326233706 -0.203799881 -0.055449709 0.019982385 -0.161315959 0.985141206
1706585343.382303476 79.084057905 -22.370504769 -0.201153307 -0.058945646 0.022822513 -0.166438178 0.984023819
1706585343.482539654 79.227482597 -22.425298604 -0.206287226 -0.056735515 0.028846344 -0.171729606 0.983085913
1706585343.582376242 79.356062806 -22.475450514 -0.209125888 -0.061209224 0.028394606 -0.179205293 0.981495105
1706585343.682220221 79.489594131 -22.524395923 -0.204306398 -0.065289668 0.025533115 -0.184366945 0.980354094
1706585343.782843590 79.611512321 -22.576097808 -0.203937578 -0.068214181 0.023168436 -0.193044876 0.978541632
1706585343.881608725 79.735193907 -22.625649990 -0.202306779 -0.071369999 0.022005131 -0.199987685 0.976947810
1706585343.980289698 79.847799014 -22.680231071 -0.206601280 -0.075394092 0.021406186 -0.207101281 0.975175146
1706585344.078999996 79.962361562 -22.742964800 -0.208870996 -0.071679211 0.023325986 -0.212197808 0.974315185
1706585344.182581663 80.063180126 -22.804169111 -0.204630020 -0.071729768 0.021611809 -0.218605148 0.972933481
1706585344.282415628 80.174031145 -22.848555344 -0.206690859 -0.074829463 0.020385044 -0.226902867 0.970824438
1706585344.382258892 80.277953864 -22.903557037 -0.208197258 -0.073949573 0.019229438 -0.232239191 0.969652849
1706585344.482913733 80.376921691 -22.957695062 -0.206072002 -0.072667681 0.013567925 -0.239031628 0.968193782
1706585344.582736015 80.477945351 -23.022167917 -0.206865533 -0.068625706 0.009774678 -0.241469819 0.967929385
1706585344.682578564 80.590760933 -23.077073298 -0.207248732 -0.072614852 0.012982342 -0.243937914 0.966981301
1706585344.781576395 80.696507397 -23.137127833 -0.206026672 -0.070702968 0.014438778 -0.239087471 0.968312859
1706585344.880349398 80.808261765 -23.202208053 -0.201048590 -0.072645041 0.017306481 -0.228425415 0.970693058
1706585344.982910395 80.940261510 -23.266153400 -0.201796500 -0.069049740 0.025542885 -0.216330667 0.973540311
1706585345.082661152 81.074773441 -23.324060652 -0.204557931 -0.064600621 0.028104746 -0.203325384 0.976573433
1706585345.181308031 81.201432405 -23.367207101 -0.206839619 -0.066718015 0.032808297 -0.191251559 0.978721188
1706585345.280036926 81.332618259 -23.406809083 -0.209087493 -0.070921068 0.032419221 -0.181342611 0.980323443
1706585345.378782988 81.452002048 -23.454471489 -0.212054512 -0.070921243 0.030691081 -0.173968564 0.981714405
1706585345.482539415 81.574408005 -23.500807681 -0.215661803 -0.070554351 0.026735590 -0.172951208 0.982036237
1706585345.582367659 81.693243995 -23.546569049 -0.220719228 -0.077439747 0.026822983 -0.174899582 0.981169582
1706585345.682602167 81.804836689 -23.588228904 -0.222905799 -0.079948227 0.024694956 -0.178999052 0.980284540
1706585345.782434225 81.901986237 -23.631083541 -0.222370696 -0.081730978 0.023843331 -0.185505786 0.978947979
1706585345.882265329 82.007750716 -23.681315972 -0.223609866 -0.079629180 0.028262226 -0.193813396 0.977392863
1706585345.982866764 82.100822950 -23.730783176 -0.229862895 -0.077899600 0.027969800 -0.199954683 0.976302959
1706585346.081429482 82.184689605 -23.777774207 -0.231696931 -0.073654895 0.026041827 -0.205916382 0.975446166
1706585346.182576656 82.272213843 -23.826054631 -0.232175985 -0.069410672 0.027317001 -0.213993200 0.973982983
1706585346.282399654 82.377219785 -23.875748080 -0.236664049 -0.074966569 0.029941023 -0.219953828 0.972164524
1706585346.382239580 82.477236944 -23.917444956 -0.228933371 -0.074427498 0.029664421 -0.222339118 0.971671697
1706585346.481039762 82.593801551 -23.978359815 -0.232225774 -0.072071535 0.035225420 -0.226868082 0.970616164
1706585346.579775810 82.711849698 -24.042487283 -0.239483378 -0.073101748 0.039407884 -0.231633323 0.969251854
1706585346.682573318 82.837207899 -24.113694395 -0.242350549 -0.070654135 0.042995390 -0.239191374 0.967443475
1706585346.782411575 82.960756363 -24.187658483 -0.247551608 -0.070021882 0.050929878 -0.245181320 0.965603026
1706585346.882266998 83.080845372 -24.256129003 -0.256765278 -0.074471767 0.050858926 -0.250834184 0.963820283
1706585346.982884645 83.194625494 -24.328953083 -0.258281373 -0.073414849 0.050449255 -0.257598290 0.962137336
1706585347.082716703 83.312574517 -24.405738644 -0.259282296 -0.071104414 0.051704420 -0.264705671 0.960313346
1706585347.182555676 83.417978000 -24.478239856 -0.264240453 -0.070648350 0.048869303 -0.271641000 0.958557129
1706585347.281539440 83.516809273 -24.552745461 -0.269460899 -0.065757279 0.047371798 -0.278552512 0.956995502
1706585347.380137205 83.599063833 -24.624639690 -0.270293161 -0.056364121 0.046365261 -0.285286026 0.955659580
1706585347.478724718 83.671171361 -24.694413796 -0.274132743 -0.057132278 0.045982422 -0.290915472 0.953933807
1706585347.582708597 83.749229904 -24.752828938 -0.280119720 -0.056210055 0.041530622 -0.295029531 0.952928755
1706585347.681942701 83.820470747 -24.797770601 -0.278213023 -0.056300734 0.038626563 -0.298509034 0.951961435
1706585347.780728817 83.883146003 -24.851288582 -0.278612110 -0.056307769 0.037406447 -0.301453158 0.951081588
1706585347.879546165 83.947013501 -24.901835268 -0.279837211 -0.056133830 0.035122381 -0.304048150 0.950352637
1706585347.982884169 84.031327249 -24.965815780 -0.293372272 -0.050834271 0.046054048 -0.302778074 0.950589470
1706585348.082725286 84.132161418 -25.026119947 -0.308933870 -0.046925880 0.056233709 -0.298584482 0.951568725
1706585348.182569027 84.229259680 -25.085245340 -0.313459458 -0.047281617 0.058915255 -0.291245390 0.953661137
1706585348.282406807 84.348304225 -25.147794675 -0.319172758 -0.044729037 0.067200666 -0.278595557 0.957009874
1706585348.382259130 84.458313857 -25.209080806 -0.327852016 -0.042120579 0.077368384 -0.266705665 0.959743756
1706585348.482343197 84.553040143 -25.258942448 -0.335005501 -0.046740158 0.062583410 -0.255628959 0.963614295
1706585348.581092358 84.652469923 -25.272741578 -0.341288738 -0.069330648 0.055158778 -0.245850776 0.965250313
1706585348.679843426 84.743601225 -25.272030957 -0.336308084 -0.107070784 0.045843421 -0.235201926 0.964942631
1706585348.778613806 84.831299378 -25.290002833 -0.323927407 -0.107138969 0.044875408 -0.225902855 0.967199741
1706585348.882279634 84.892588666 -25.337395832 -0.332190661 -0.096595508 0.041343016 -0.220380207 0.969738432
1706585348.981848001 84.927510609 -25.405239760 -0.349853702 -0.074688591 0.020778884 -0.215181522 0.973492047
1706585349.080750465 84.954928624 -25.481930317 -0.355888104 -0.047418853 0.010172998 -0.214840504 0.975444268
1706585349.179585695 85.025735451 -25.527002257 -0.362844064 -0.038321242 0.011932249 -0.209273829 0.977033044
1706585349.282430887 85.095269825 -25.560418870 -0.366166323 -0.047085808 0.004090087 -0.206446479 0.977315737
1706585349.382267475 85.197671564 -25.592242540 -0.360647883 -0.055083845 0.005322719 -0.202819353 0.977651138
1706585349.482908010 85.303429595 -25.636836901 -0.357514531 -0.050532257 0.008072096 -0.198098231 0.978845454
1706585349.582738876 85.413940644 -25.684229000 -0.357850013 -0.047400068 0.009104763 -0.192655877 0.980078594
1706585349.682581186 85.534582925 -25.718115774 -0.354593279 -0.051421845 0.010681981 -0.187446939 0.980869683
1706585349.782396078 85.652233495 -25.764291137 -0.354188918 -0.050919939 0.015377129 -0.182164775 0.981828243
1706585349.881106853 85.768753784 -25.813177595 -0.358590849 -0.049567154 0.013984506 -0.176716469 0.982913435
1706585349.979822874 85.888172151 -25.857892186 -0.351991202 -0.054022491 0.016651389 -0.172638319 0.983361740
1706585350.082731485 86.009726973 -25.902032588 -0.348425898 -0.058937579 0.019078647 -0.169248029 0.983624660
1706585350.182557106 86.127265098 -25.935031115 -0.351203737 -0.058223010 0.018289912 -0.165616611 0.984300106
1706585350.281735420 86.243342532 -25.967052885 -0.356423927 -0.054980853 0.018740750 -0.161625273 0.985141188
1706585350.380618095 86.361475202 -26.008870872 -0.355199328 -0.054132785 0.016827189 -0.158314563 0.985760106
1706585350.482878685 86.478456875 -26.049874109 -0.356676159 -0.051971539 0.015479292 -0.154662684 0.986477980
1706585350.582709551 86.593185369 -26.091817995 -0.358495338 -0.050455527 0.019433147 -0.154877133 0.986453073
1706585350.682538033 86.710935884 -26.125427573 -0.356693159 -0.052589205 0.020509547 -0.152260633 0.986727132
1706585350.782372713 86.827461473 -26.173959294 -0.359926534 -0.052162001 0.026506574 -0.151591260 0.986709996
1706585350.882186890 86.953680500 -26.224719569 -0.361352552 -0.052085477 0.031700674 -0.151300791 0.986605413
1706585350.982823372 87.081271864 -26.262736561 -0.369560126 -0.052844023 0.034299629 -0.149571473 0.986741820
1706585351.082141876 87.207826165 -26.309718035 -0.377942012 -0.051769332 0.037696235 -0.149671430 0.986659715
1706585351.180583239 87.324522211 -26.353977614 -0.384434376 -0.049724935 0.036532323 -0.149957471 0.986765209
1706585351.279114246 87.448574361 -26.399590649 -0.389651078 -0.046107659 0.035936421 -0.151400699 0.986742360
1706585351.382580757 87.566533799 -26.439997015 -0.392480986 -0.048523950 0.029132351 -0.153467834 0.986531478
1706585351.482432127 87.675984525 -26.470381384 -0.393225765 -0.054844140 0.027356725 -0.159848572 0.985237111
1706585351.581647158 87.787819013 -26.506767406 -0.393565323 -0.057030069 0.021829810 -0.166253734 0.984190391
1706585351.680558681 87.896216167 -26.556913395 -0.397553160 -0.049875818 0.022712330 -0.166662581 0.984489785
1706585351.782750607 88.005842644 -26.611190091 -0.397790660 -0.045953888 0.020977624 -0.162047437 0.985489121
1706585351.882586718 88.121617746 -26.644673278 -0.402743252 -0.051701568 0.023558095 -0.157613573 0.985865065
1706585351.982428789 88.221970236 -26.669869103 -0.405255503 -0.054319252 0.021932663 -0.152004828 0.986642240
1706585352.082274199 88.314626277 -26.709488202 -0.408547546 -0.052158573 0.019270133 -0.146167870 0.987695854
1706585352.182918549 88.406622468 -26.743360586 -0.411978984 -0.046386675 0.017187085 -0.142293153 0.988587649
1706585352.282756805 88.493814243 -26.767583101 -0.412384366 -0.047141927 0.016560219 -0.140422357 0.988830096
1706585352.381750107 88.585981729 -26.788853410 -0.411124493 -0.048825656 0.015396997 -0.138407337 0.989051261
1706585352.480304480 88.687040786 -26.814236585 -0.412325598 -0.048312375 0.014823718 -0.136590472 0.989337766
1706585352.578893185 88.775665058 -26.839036967 -0.411880905 -0.044926227 0.013952736 -0.134101564 0.989850355
1706585352.682933331 88.871403455 -26.873789135 -0.415523157 -0.042103832 0.012445781 -0.133467814 0.990080155
1706585352.782765865 88.977102163 -26.913175431 -0.419753272 -0.041216507 0.012075264 -0.131916525 0.990329954
1706585352.881814957 89.081186058 -26.950582480 -0.420888748 -0.042000305 0.014422508 -0.130538983 0.990448151
1706585352.980830193 89.196464435 -26.969718829 -0.421262835 -0.045544524 0.016377244 -0.129266018 0.990428079
1706585353.082307577 89.308885927 -26.999940294 -0.421717139 -0.041881710 0.017952268 -0.128241692 0.990695567
1706585353.182560444 89.423973450 -27.027843591 -0.422169327 -0.043532609 0.020129755 -0.125234567 0.990967208
1706585353.282392979 89.522530129 -27.069341811 -0.426592360 -0.037382618 0.019137722 -0.126382269 0.991092231
1706585353.382217646 89.615854245 -27.110929776 -0.429065405 -0.037438422 0.018290231 -0.132206581 0.990346026
1706585353.482839108 89.713505054 -27.142523196 -0.427399589 -0.046035008 0.013883167 -0.136282907 0.989502403
1706585353.582668543 89.811856503 -27.170855268 -0.430919988 -0.042460873 0.014974033 -0.135609125 0.989738863
1706585353.681663036 89.911271018 -27.197965437 -0.438317472 -0.040842557 0.013915246 -0.131341796 0.990397690
1706585353.780247211 90.012168005 -27.216508034 -0.435187871 -0.042510919 0.014632853 -0.126410232 0.990958705
1706585353.882582426 90.125917542 -27.238233548 -0.442884459 -0.042756763 0.017538025 -0.121276138 0.991542422
1706585353.982429266 90.237209445 -27.255023634 -0.442206031 -0.044952705 0.025043259 -0.118098726 0.991667676
1706585354.082270384 90.342521869 -27.283800402 -0.448038319 -0.043188544 0.027747908 -0.113639595 0.992194964
1706585354.181985140 90.448338433 -27.316772632 -0.444772080 -0.042734646 0.029232800 -0.112853875 0.992261657
1706585354.282756329 90.555824085 -27.337859812 -0.450863552 -0.044357147 0.035099923 -0.112668178 0.992021331
1706585354.382605791 90.661700314 -27.362480952 -0.453703958 -0.050275420 0.037491080 -0.115303719 0.991348503
1706585354.482443094 90.755882604 -27.388927070 -0.456075539 -0.052754161 0.031243274 -0.121036089 0.990752805
1706585354.582280636 90.848332842 -27.425256316 -0.464239456 -0.050186865 0.029049042 -0.128030110 0.990073595
1706585354.682926416 90.941471690 -27.453881393 -0.465453867 -0.056505137 0.028719918 -0.135058758 0.988808105
1706585354.782767534 91.031973265 -27.493857503 -0.467633662 -0.057199841 0.024189500 -0.140369452 0.988149515
1706585354.882612944 91.124867127 -27.520303910 -0.474639049 -0.058839881 0.018033064 -0.144845412 0.987538599
1706585354.981364727 91.218075007 -27.565821086 -0.480193007 -0.051249338 0.018313797 -0.149904692 0.987201445
1706585355.079980373 91.319107820 -27.606586821 -0.481546949 -0.050818142 0.024293339 -0.156763429 0.986028690
1706585355.182924032 91.424817794 -27.641747150 -0.480991254 -0.057841223 0.029411667 -0.164376932 0.984260926
1706585355.282759190 91.521861578 -27.684615291 -0.483255814 -0.056633415 0.033040053 -0.171247695 0.983043864
1706585355.382604837 91.619368901 -27.726204026 -0.484490699 -0.054703943 0.038446081 -0.172411879 0.982753032
1706585355.482386589 91.725934370 -27.751613449 -0.479840228 -0.062203831 0.039021296 -0.167915573 0.983062756
1706585355.582278967 91.828375036 -27.778648802 -0.490134359 -0.067806906 0.039465034 -0.162220617 0.983630625
1706585355.682921171 91.925850995 -27.816464622 -0.498134291 -0.066294101 0.041289790 -0.157567306 0.984414948
1706585355.782783508 92.019421698 -27.853039810 -0.501745164 -0.062006261 0.040703028 -0.155486930 0.985049390
1706585355.882622004 92.113938901 -27.884973438 -0.506172360 -0.058945607 0.042406918 -0.149891007 0.986032329
1706585355.982462883 92.216621655 -27.905901446 -0.517373940 -0.058611188 0.049021366 -0.143738021 0.986661551
1706585356.082308769 92.313491522 -27.931118646 -0.527410118 -0.061399666 0.052704147 -0.136296830 0.987357852
1706585356.182163954 92.408467208 -27.942640290 -0.538549211 -0.063002347 0.054712135 -0.124911771 0.988652788
1706585356.280593872 92.515037065 -27.958315049 -0.548591774 -0.063645423 0.060226385 -0.115192112 0.989470980
1706585356.379086494 92.617130802 -27.972655518 -0.558544187 -0.061934473 0.070238359 -0.104553293 0.990100653
1706585356.482862473 92.714178420 -28.000379856 -0.575599354 -0.051837230 0.079373117 -0.095211685 0.990932664
1706585356.582710505 92.804498749 -28.030649225 -0.591338330 -0.047465260 0.085659294 -0.091387772 0.990988299
1706585356.682542562 92.902041356 -28.048469008 -0.606562068 -0.050098205 0.094207095 -0.090484180 0.990165545
1706585356.781625986 92.999867484 -28.056415045 -0.616161413 -0.060918487 0.101787950 -0.090529564 0.988803595
1706585356.880802393 93.106236607 -28.074767973 -0.631660863 -0.066135447 0.107013221 -0.092081348 0.987772898
1706585356.982877970 93.213969860 -28.110355526 -0.652821167 -0.059434860 0.106886609 -0.088628207 0.988528093
1706585357.082717657 93.316955209 -28.150264883 -0.672283823 -0.050431035 0.102456979 -0.085665818 0.989757872
1706585357.182562113 93.411222809 -28.193690338 -0.700556374 -0.036133846 0.097028184 -0.090281491 0.990519626
1706585357.282385111 93.518467416 -28.225785875 -0.725754261 -0.041566040 0.103863927 -0.106925682 0.987953161
1706585357.382224083 93.628558026 -28.237934944 -0.747714579 -0.057091689 0.107558467 -0.118287948 0.985484488
1706585357.481004953 93.751354105 -28.262190758 -0.763470352 -0.069650671 0.112510898 -0.127129822 0.983019883
1706585357.579515219 93.879489876 -28.304858838 -0.786274782 -0.060079811 0.124370485 -0.127465735 0.982178642
1706585357.678179502 93.982726810 -28.359573121 -0.807027126 -0.045613614 0.116197926 -0.136827751 0.982698126
1706585357.782397270 94.068775145 -28.423992367 -0.832751755 -0.031293544 0.084678956 -0.154662429 0.983834194
1706585357.882240295 94.161992285 -28.494548693 -0.856591631 -0.010887256 0.071467232 -0.165356222 0.983580816
1706585357.982876778 94.264461754 -28.543512211 -0.870226180 -0.003313539 0.067547261 -0.170697099 0.982999943
1706585358.082717657 94.356453207 -28.586694383 -0.875771548 -0.011513815 0.057105715 -0.175941213 0.982675460
1706585358.182558775 94.445388260 -28.629734162 -0.884102296 -0.010432207 0.055702466 -0.176254363 0.982711964
1706585358.282406569 94.514799373 -28.671486116 -0.892836735 -0.007275887 0.049689309 -0.179321568 0.982507918
1706585358.382245064 94.581537703 -28.708160404 -0.903517643 -0.005119274 0.044347825 -0.182421282 0.982206465
1706585358.482876062 94.654638752 -28.731342540 -0.909871766 -0.006953535 0.037505834 -0.182089367 0.982541818
1706585358.582717657 94.725148332 -28.757410587 -0.914199651 -0.008056054 0.035028802 -0.178809160 0.983227017
1706585358.682395935 94.802020086 -28.779626471 -0.923817901 -0.007371859 0.031808882 -0.171451563 0.984651315
1706585358.780993938 94.869895556 -28.810845087 -0.927049473 -0.002240288 0.033612094 -0.161946249 0.986224427
1706585358.879651785 94.932489286 -28.833599501 -0.927834889 -0.003817270 0.033210050 -0.151762535 0.987851534
1706585358.982854366 94.975570194 -28.854230625 -0.930921891 -0.004079789 0.030722058 -0.144794793 0.988976227
1706585359.082703590 95.016368768 -28.866195964 -0.929610558 -0.005146546 0.025589669 -0.137671263 0.990133983
1706585359.182537317 95.046083977 -28.872183797 -0.928774135 -0.006371051 0.023290709 -0.130762567 0.991119621
1706585359.282376051 95.079410097 -28.877612493 -0.931748930 -0.004851732 0.019674802 -0.121481231 0.992386857
1706585359.382225037 95.118511400 -28.875146090 -0.935906636 -0.005566674 0.023452952 -0.117165330 0.992819851
1706585359.482886791 95.159372981 -28.867007926 -0.937883159 -0.011195993 0.024687701 -0.108625341 0.993713089
1706585359.582735300 95.207330005 -28.872968871 -0.943710274 -0.008898908 0.025202369 -0.098964449 0.994731968
1706585359.682582617 95.251728187 -28.882302868 -0.950865055 -0.002797686 0.020618648 -0.085471821 0.996123292
1706585359.782411098 95.312371887 -28.891031315 -0.949977070 -0.002027408 0.024438997 -0.073798466 0.996971620
1706585359.882246256 95.381064197 -28.879361723 -0.948846006 -0.005480111 0.022697177 -0.056389217 0.998135794
1706585359.982135534 95.445443347 -28.866406691 -0.950226840 -0.011906569 0.022039298 -0.040342928 0.998871839
1706585360.080769300 95.509763206 -28.853298125 -0.945693583 -0.010233662 0.022913258 -0.023706196 0.999403958
1706585360.179426193 95.574948619 -28.843171884 -0.941555970 -0.011412281 0.022924756 -0.006431628 0.999651364
1706585360.282385111 95.641888141 -28.830880763 -0.944885651 -0.010653226 0.027671466 0.010594865 0.999504151
1706585360.382224798 95.718330737 -28.815186631 -0.948834656 -0.008837888 0.029448080 0.030690745 0.999055945
1706585360.482852697 95.794098373 -28.797348007 -0.949254898 -0.011522140 0.032468465 0.046972367 0.998301876
1706585360.582688332 95.878165592 -28.787501800 -0.952920511 -0.013796208 0.027595933 0.072271623 0.996907690
1706585360.682518005 95.954948261 -28.768265084 -0.962064831 -0.013960695 0.026554638 0.092675008 0.995244338
1706585360.782350302 96.025243038 -28.734964509 -0.960670196 -0.019065577 0.028869495 0.110896844 0.993229554
1706585360.882592916 96.082685287 -28.703436104 -0.961079000 -0.021417332 0.026155707 0.128775923 0.991097341
1706585360.982436895 96.114260018 -28.687834719 -0.964250102 -0.018279998 0.025411800 0.148914368 0.988354488
1706585361.082278490 96.177798518 -28.664256571 -0.963190417 -0.015603644 0.023854510 0.164914831 0.985895830
1706585361.182926416 96.251320360 -28.637567681 -0.967596461 -0.013522703 0.022363652 0.182570242 0.982845415
1706585361.281816721 96.311780768 -28.605470499 -0.970973029 -0.011557844 0.025581750 0.199647101 0.979465684
1706585361.380472183 96.372102653 -28.575349454 -0.974218365 -0.006716227 0.027626450 0.217487016 0.975649050
1706585361.479145765 96.424234171 -28.545066347 -0.978307882 -0.005462036 0.026672160 0.235517363 0.971488720
1706585361.582290888 96.477954865 -28.502766764 -0.982855606 -0.010951945 0.023225020 0.255553329 0.966453904
1706585361.682934761 96.533912759 -28.440768486 -0.990037730 -0.016656466 0.021986379 0.275452040 0.960919006
1706585361.782779694 96.599075967 -28.403172117 -0.993703116 -0.013101580 0.024376728 0.295918988 0.954812063
1706585361.882630110 96.647457067 -28.347767665 -0.992157573 -0.017063216 0.029909096 0.314917563 0.948494186
1706585361.982453108 96.693494782 -28.292977475 -0.998562957 -0.017825650 0.028108735 0.336245254 0.941186100
1706585362.082287550 96.749763565 -28.236191340 -0.995211253 -0.015601731 0.027879424 0.358454269 0.933000461
1706585362.182927370 96.812913148 -28.177490436 -0.995387434 -0.014985015 0.030342730 0.382824156 0.923201188
1706585362.282770872 96.861631143 -28.105655403 -1.003737563 -0.013050414 0.031145254 0.404332590 0.913988411
1706585362.382611275 96.909300966 -28.034407925 -1.005244416 -0.016544524 0.031201049 0.425979522 0.904043262
1706585362.482446432 96.959575684 -27.964297082 -1.000306732 -0.011240174 0.033523108 0.447804579 0.893432101
1706585362.581392765 97.003003676 -27.896136968 -1.009052080 -0.009691763 0.035634130 0.469592874 0.882110430
1706585362.679429531 97.035656295 -27.831641250 -0.998163395 -0.012204503 0.040031605 0.487368969 0.872192644
1706585362.778864384 97.055269692 -27.753980549 -1.010260755 -0.013246464 0.038813484 0.504602101 0.862377391
1706585362.882592440 97.091541765 -27.683101630 -1.009268794 -0.009550567 0.038995731 0.520111838 0.853154028
1706585362.982313633 97.116576182 -27.619525896 -1.009113674 -0.006181502 0.039189864 0.528145933 0.848226277
1706585363.081784248 97.129953584 -27.567759236 -1.015259782 -0.010052136 0.032563014 0.530680875 0.846886305
1706585363.182868004 97.157327280 -27.524826501 -1.006110003 -0.011650457 0.031656688 0.528238592 0.848425666
1706585363.282261848 97.198176193 -27.481931578 -1.016682264 -0.007993534 0.031648687 0.524210312 0.850962992
1706585363.382589817 97.243207120 -27.439472606 -1.024914765 -0.006123440 0.036979702 0.511835094 0.858265601
1706585363.482436895 97.275486079 -27.405647294 -1.024531183 -0.009025464 0.034062736 0.489563778 0.871255174
1706585363.582278490 97.307957206 -27.384138122 -1.031804720 -0.012839311 0.030638377 0.466398242 0.883950860
1706585363.682909966 97.346976856 -27.373334731 -1.041821740 -0.008301612 0.033373539 0.448926977 0.892906411
1706585363.782557726 97.372052891 -27.377699188 -1.047479343 -0.007229334 0.035340596 0.437565456 0.898462715
1706585363.881062508 97.374698585 -27.371411765 -1.053260587 -0.006399574 0.033759912 0.432944055 0.900765651
1706585363.979480028 97.362479720 -27.367132759 -1.051547323 -0.007485926 0.034173957 0.433155677 0.900639918
1706585364.078055859 97.350495216 -27.363655619 -1.048468805 -0.004931361 0.034041459 0.436550181 0.899022135
1706585364.182918787 97.350820303 -27.377574579 -1.042315503 -0.006714999 0.035299683 0.443438132 0.895584426
1706585364.282761335 97.338014637 -27.387801685 -1.040110099 -0.007153283 0.034449181 0.452042435 0.891302261
1706585364.382601500 97.316753597 -27.398048391 -1.032849407 -0.008324301 0.034549237 0.462895288 0.885700293
1706585364.482085705 97.291939182 -27.404844285 -1.032245428 -0.009910683 0.034662280 0.476326653 0.878529011
1706585364.581531286 97.258361553 -27.407621563 -1.023923504 -0.011165698 0.036432245 0.490964818 0.870345659
1706585364.682525396 97.235533815 -27.430439937 -1.024281545 -0.008638888 0.037070621 0.506076078 0.861648503
1706585364.782361031 97.201671501 -27.440147591 -1.022687123 -0.007415306 0.039656412 0.521550325 0.852266180
1706585364.882578373 97.175723523 -27.460345790 -1.020136342 -0.007741413 0.036894126 0.536512951 0.843049671
1706585364.982382059 97.154278104 -27.481076228 -1.023672774 -0.011719102 0.034844043 0.553575016 0.831987534
1706585365.082235098 97.121526099 -27.487284618 -1.032368250 -0.010909177 0.034312052 0.569601260 0.821132192
1706585365.180988312 97.110225861 -27.504220929 -1.028222208 -0.010408345 0.036336424 0.583830531 0.810995217
1706585365.279732704 97.100101331 -27.512133828 -1.049391784 -0.009447473 0.036297570 0.593996400 0.803592875
1706585365.382520437 97.088771117 -27.518588425 -1.064444454 -0.008915358 0.036978318 0.604343605 0.795815260
1706585365.482368231 97.076167868 -27.535061910 -1.056495916 -0.009727675 0.038919758 0.612290292 0.789614604
1706585365.582602024 97.077534480 -27.568853648 -1.030901761 -0.009624717 0.041974194 0.624030607 0.780212364
1706585365.682446480 97.044760254 -27.578408476 -1.026969355 -0.005706025 0.044428633 0.632760434 0.773050950
1706585365.782191992 97.030149447 -27.590546086 -1.032722050 -0.004441409 0.044320153 0.644458514 0.763340829
1706585365.882876158 97.010322815 -27.607904666 -1.020880268 -0.000435829 0.044488409 0.655929576 0.753509777
1706585365.982749224 96.988863108 -27.627281544 -1.014511396 -0.006044603 0.043170080 0.669608333 0.741434075
1706585366.082597733 96.969398903 -27.644498996 -1.018682281 -0.003083867 0.043832074 0.681569467 0.730432954
1706585366.182425261 96.954046865 -27.667723617 -1.015980253 -0.004911078 0.040254648 0.690485773 0.722208309
1706585366.282043219 96.958115924 -27.689301290 -1.020919224 -0.002493437 0.041250365 0.697047205 0.715833349
1706585366.381211042 96.956695433 -27.710486401 -1.018414491 -0.003340548 0.042449629 0.699145031 0.713710793
1706585366.480676651 96.950311499 -27.727185055 -1.016285483 -0.003189560 0.042051262 0.699626978 0.713262651
1706585366.579434633 96.943564067 -27.744415111 -1.015832616 -0.003794043 0.041810261 0.698542516 0.714335958
1706585366.682415009 96.943145314 -27.756058210 -1.009846739 -0.002865921 0.042683279 0.697123635 0.715673502
1706585366.782241106 96.949045168 -27.766435534 -1.012169799 -0.002650123 0.043387200 0.695902576 0.716819456
1706585366.882882118 96.941507550 -27.758918102 -1.008477256 -0.002821364 0.042355504 0.696210858 0.716581114
1706585366.982710600 96.935941143 -27.740280468 -1.013725422 -0.002578813 0.042789842 0.698599188 0.714227942
1706585367.082563639 96.933734760 -27.721703686 -1.006186034 -0.001201302 0.042337279 0.704500621 0.708438414
1706585367.182205200 96.923305965 -27.683772393 -1.003576633 0.000964684 0.041080087 0.710803899 0.702188944
1706585367.282245874 96.918121375 -27.633190952 -1.004557484 0.000879283 0.039190257 0.720552090 0.692291872
1706585367.382742882 96.915872830 -27.576022679 -1.006193858 -0.001565299 0.039605887 0.732290211 0.679838195
1706585367.482719183 96.901165547 -27.513987217 -1.020785471 -0.000553750 0.043635662 0.743661064 0.667131055
1706585367.582277060 96.887918304 -27.450506599 -1.020774475 -0.004782997 0.038628238 0.753494946 0.656300502
1706585367.681688786 96.863357219 -27.393229399 -1.033536419 0.001394765 0.036776307 0.768165372 0.639192865
1706585367.780401945 96.849664642 -27.350322598 -1.039605383 0.005101986 0.041132862 0.778223936 0.626617557
1706585367.878949165 96.824513063 -27.305802417 -1.040644391 0.009546243 0.044103285 0.785942796 0.616650379
1706585367.982731104 96.818858577 -27.268302205 -1.035589928 0.011519470 0.041799922 0.793008747 0.607665365
1706585368.082562208 96.809606905 -27.231156200 -1.029596688 0.008129232 0.038775567 0.795672265 0.604430325
1706585368.181645393 96.793082003 -27.194415810 -1.034346788 0.009193389 0.039290865 0.796247192 0.603624154
1706585368.280654430 96.775795030 -27.153354487 -1.044408802 0.007882224 0.035465044 0.794869485 0.605691839
1706585368.382681608 96.766123255 -27.113154360 -1.053242110 0.007623278 0.038117829 0.790600603 0.611097049
1706585368.481224537 96.776079633 -27.079404531 -1.069424096 0.010029196 0.042186101 0.787444497 0.614858450
1706585368.581452131 96.784188527 -27.049595092 -1.082685193 0.007858633 0.041572133 0.782193644 0.621597219
1706585368.681989670 96.778322144 -27.038648202 -1.087886131 0.008115909 0.044037277 0.777345898 0.627477653
1706585368.780635834 96.777735782 -27.049195229 -1.088070375 0.009092092 0.047587859 0.778723354 0.625493939
1706585368.882644415 96.771450465 -27.066801422 -1.092172570 0.010858258 0.046494274 0.783508426 0.619544128
1706585368.981398344 96.772416636 -27.090940625 -1.086863051 0.011179133 0.042292763 0.790937796 0.610330854
1706585369.079814196 96.767429137 -27.115470897 -1.087806797 0.012600850 0.042167012 0.800236435 0.598067563
1706585369.178244114 96.771993133 -27.139293288 -1.088527137 0.016275635 0.041748146 0.810503126 0.584017876
1706585369.282234192 96.779593539 -27.179613081 -1.082361101 0.015422809 0.038812207 0.822188747 0.567680732
1706585369.381987572 96.780625663 -27.215943382 -1.055205755 0.011992531 0.037708113 0.833211171 0.551537326
1706585369.482703924 96.790072519 -27.244284393 -1.051013985 0.010924206 0.036415679 0.844876103 0.533609343
1706585369.582547903 96.791978011 -27.254731383 -1.064025694 0.012239327 0.038386768 0.856821483 0.514036576
1706585369.681736231 96.778663376 -27.283350803 -1.043627838 0.006684807 0.034188246 0.865215013 0.500189422
1706585369.782186508 96.781340894 -27.306787910 -1.056299445 0.009335584 0.032556717 0.872080488 0.488189031
1706585369.881501913 96.776958762 -27.327948102 -1.056267940 0.009692936 0.028355464 0.875789618 0.481761933
1706585369.982644081 96.774197289 -27.337211504 -1.043920356 0.007847473 0.027320163 0.877226638 0.479234234
1706585370.082298756 96.772614886 -27.336087708 -1.062940251 0.011242967 0.028346723 0.877178021 0.479195971
1706585370.182388306 96.756459294 -27.322601754 -1.063653104 0.011807730 0.028975875 0.877482616 0.478586706
1706585370.281350374 96.742543503 -27.304994122 -1.071237146 0.013355238 0.028729391 0.878268000 0.477117995
1706585370.380220413 96.719702613 -27.278734736 -1.077722160 0.015096385 0.030245323 0.881406738 0.471146985
1706585370.479125738 96.670114682 -27.242585696 -1.071799383 0.013553844 0.030755305 0.885000978 0.464374497
1706585370.578067780 96.623024905 -27.206673816 -1.067501294 0.009189997 0.029528509 0.889234572 0.456404960
1706585370.682365179 96.568058652 -27.161442259 -1.057578673 0.007726926 0.030775915 0.894623517 0.445692608
1706585370.782602549 96.516244701 -27.102509569 -1.055813221 0.007647805 0.029533512 0.899577061 0.435695299
1706585370.882439852 96.478685255 -27.061172983 -1.019317633 0.004721628 0.033793151 0.904529065 0.425044586
1706585370.981385469 96.448688310 -27.019394722 -1.044325386 0.009217118 0.031414463 0.908942857 0.415633323
1706585371.082886457 96.406975878 -26.977207058 -1.047612999 0.005385991 0.029039795 0.912097783 0.408907465
1706585371.182258368 96.369733656 -26.937733946 -1.044171276 0.005637770 0.034658572 0.915449561 0.400897867
1706585371.282345772 96.333948104 -26.880791586 -1.041881079 0.008180379 0.042152624 0.918975938 0.391968703
1706585371.382007599 96.279808544 -26.841953545 -1.041452243 0.007519184 0.033824840 0.921693282 0.386368782
1706585371.482270002 96.217911262 -26.811068399 -1.039648732 0.010071916 0.028135079 0.923990226 0.381246686
1706585371.581129551 96.180936500 -26.774219305 -1.046500286 0.009902120 0.031762637 0.926820885 0.374026911
1706585371.680114269 96.135327697 -26.740711895 -1.059073913 0.013199751 0.036062910 0.929658215 0.366416206
1706585371.782336950 96.098660134 -26.702234474 -1.069146490 0.015277321 0.029558477 0.932726139 0.359047142
1706585371.881111622 96.043281275 -26.657629651 -1.079095834 0.008372994 0.026317033 0.934861378 0.353937157
1706585371.982264757 95.978985813 -26.595294510 -1.075304311 0.015251969 0.031811174 0.938307238 0.343998479
1706585372.082894087 95.908058901 -26.526150182 -1.086646729 0.019240322 0.047145079 0.943384732 0.327768819
1706585372.182745695 95.815848684 -26.448121781 -1.086243937 0.012630980 0.050636235 0.945783019 0.320579023
1706585372.281785965 95.740019809 -26.380536437 -1.090499851 0.026773334 0.050083303 0.947832348 0.313669717
1706585372.380439520 95.649957252 -26.300984852 -1.090679237 0.023693789 0.052716742 0.948697870 0.310856722
1706585372.479207754 95.564208746 -26.235688425 -1.083899296 0.022679128 0.055831332 0.952129636 0.299695974
1706585372.581526041 95.474318808 -26.170868110 -1.077696739 0.032013749 0.045392525 0.954068490 0.294394217
1706585372.682744026 95.366139873 -26.109936463 -1.069616072 0.030724258 0.037764881 0.956028793 0.289203702
1706585372.782384396 95.281306347 -26.052955281 -1.071930113 0.033355477 0.038653940 0.958471926 0.280579492
1706585372.881386757 95.221907548 -25.981932107 -1.068269330 0.036486566 0.044965717 0.959096049 0.277094900
1706585372.980495214 95.165899692 -25.932582353 -1.067781316 0.039817637 0.045001210 0.960582046 0.271425090
1706585373.082739115 95.121959698 -25.903991442 -1.064044002 0.038379194 0.041034808 0.960593240 0.272220149
1706585373.181297064 95.109565380 -25.892527092 -1.050726516 0.041437744 0.036385211 0.960856269 0.271503702
1706585373.282592535 95.101018023 -25.878423064 -1.053641300 0.044007380 0.038506485 0.960780357 0.271075096
1706585373.382442474 95.094274793 -25.885282113 -1.050872790 0.043857955 0.038705427 0.960544876 0.271904231
1706585373.482273102 95.091887355 -25.893234198 -1.052042937 0.044089964 0.038945989 0.959950470 0.273924041
1706585373.581569195 95.096629639 -25.901990891 -1.050191665 0.043407938 0.036765508 0.959325842 0.276510355
1706585373.680276394 95.087421898 -25.907700704 -1.050150534 0.044856333 0.038540167 0.959541293 0.275287255
1706585373.779065132 95.074457546 -25.902801867 -1.048063737 0.045374509 0.037558577 0.960419464 0.272258996
1706585373.877987146 95.049763241 -25.893573619 -1.047742598 0.046553781 0.037389127 0.961547374 0.268069853
1706585373.982261896 95.015751677 -25.886000802 -1.053141965 0.046722582 0.040552410 0.963083550 0.261997287
1706585374.082575321 94.991736777 -25.870182821 -1.044778489 0.047979972 0.037599295 0.965235991 0.254172572
1706585374.181638002 94.961329293 -25.853996650 -1.032236921 0.047968361 0.032314546 0.967743920 0.245207080
1706585374.282573462 94.932547524 -25.848282498 -1.032116317 0.050802274 0.028859934 0.970117262 0.235496775
1706585374.382416010 94.907323562 -25.822389282 -1.019979292 0.054229348 0.028729032 0.972903600 0.222917936
1706585374.482252598 94.862326693 -25.801596548 -1.013902180 0.055873493 0.027015973 0.975905237 0.209182355
1706585374.582890749 94.818056580 -25.782542556 -1.013457130 0.061368579 0.026643484 0.979063186 0.192248016
1706585374.682717323 94.772912670 -25.771042492 -1.010448227 0.066117941 0.029265631 0.981645024 0.176479427
1706585374.782555342 94.711895113 -25.741209005 -1.010798119 0.067379027 0.027616683 0.984288820 0.160850564
1706585374.882389545 94.666913065 -25.737709092 -1.009404013 0.070580064 0.028663351 0.986350991 0.145974621
1706585374.980957270 94.626915896 -25.736636159 -1.002455436 0.070322721 0.027558116 0.988482358 0.131140740
1706585375.082869291 94.583965673 -25.728994757 -0.993368421 0.070023339 0.025599028 0.990379922 0.116572006
1706585375.182695627 94.540204465 -25.727163786 -0.987511297 0.073165301 0.025497997 0.991575231 0.103803913
1706585375.282544374 94.493354845 -25.735569535 -0.986278495 0.075483695 0.022556322 0.992776618 0.090487623
1706585375.382385015 94.454949563 -25.737835882 -0.984171751 0.074028483 0.022128522 0.993807315 0.079856949
1706585375.482209444 94.394142740 -25.733061744 -0.978879501 0.065262133 0.025096704 0.994994076 0.071398861
1706585375.582855225 94.323092086 -25.724094071 -0.973953613 0.051386161 0.024509089 0.996206609 0.065811539
1706585375.682692766 94.268199591 -25.715713444 -0.962181647 0.046191100 0.021884074 0.996584930 0.064853275
1706585375.782542467 94.217031744 -25.692692372 -0.940846485 0.051870290 0.026679682 0.996152599 0.065403874
1706585375.882395983 94.153786339 -25.670101027 -0.938224504 0.051515740 0.031300404 0.995862685 0.067999453
1706585375.982239723 94.094044894 -25.664416562 -0.930802976 0.051901104 0.027965520 0.995775387 0.070395911
1706585376.082876205 94.030657745 -25.650212222 -0.918436894 0.057104916 0.027457699 0.995350009 0.072549731
1706585376.181926012 93.969275515 -25.625789341 -0.915286213 0.062796106 0.031934627 0.994749215 0.074234956
1706585376.280391216 93.901729879 -25.606553876 -0.912984389 0.056374371 0.033618356 0.994738768 0.078654434
1706585376.382408857 93.851426824 -25.606545854 -0.902052923 0.070321455 0.026746668 0.993903726 0.080590897
1706585376.482240200 93.798405010 -25.613136149 -0.894760952 0.095469571 0.015515669 0.991720840 0.084466562
1706585376.582863092 93.710928343 -25.600489929 -0.906537708 0.087692060 0.022037685 0.993385444 0.070779965
1706585376.682706118 93.625077974 -25.572576473 -0.899783267 0.072068599 0.034137621 0.994671248 0.065344079
1706585376.782553196 93.573872228 -25.558368925 -0.888737327 0.072416574 0.031312445 0.993887429 0.077221431
1706585376.882397652 93.515118921 -25.561259065 -0.874716523 0.065235299 0.019754009 0.993704420 0.088913786
1706585376.982239485 93.452504615 -25.557364392 -0.865552095 0.060248629 0.014655962 0.993940763 0.090758280
1706585377.082887411 93.400835993 -25.538415489 -0.850194929 0.060647227 0.013948463 0.993904348 0.091002757
1706585377.182735920 93.331008022 -25.511554869 -0.840434204 0.053750754 0.024344074 0.994168536 0.090261533
1706585377.282580376 93.265909297 -25.477708296 -0.838915794 0.055801432 0.039617449 0.993495937 0.091008137
1706585377.382416248 93.191000690 -25.453012587 -0.837482291 0.053489785 0.043506334 0.992460331 0.101333768
1706585377.481471300 93.123591364 -25.447484771 -0.820099814 0.052324941 0.031655496 0.992426121 0.106538374
1706585377.580111742 93.053793234 -25.424008329 -0.821622011 0.056610549 0.032859978 0.992397679 0.104222428
1706585377.682752132 92.983308752 -25.386333935 -0.824789108 0.062713167 0.042993582 0.991564140 0.104972223
1706585377.782599449 92.894005865 -25.359533734 -0.820772306 0.052538337 0.043729506 0.991164786 0.113665387
1706585377.882450104 92.808102227 -25.335904696 -0.812382826 0.053716314 0.044752007 0.991101260 0.113270068
1706585377.982301712 92.717735320 -25.311856082 -0.802920954 0.048765936 0.051933070 0.991153235 0.111982608
1706585378.082533121 92.621209294 -25.281512384 -0.796811646 0.044054142 0.050338074 0.990920996 0.116622854
1706585378.182370663 92.523746192 -25.265816838 -0.785090377 0.036675709 0.041566000 0.991533613 0.117423401
1706585378.282222748 92.421963182 -25.229992783 -0.774793548 0.034289863 0.043413440 0.991422050 0.118413672
1706585378.382857084 92.310544868 -25.191920557 -0.772795155 0.033367405 0.051535786 0.991534740 0.114409521
1706585378.482705355 92.203173971 -25.158604907 -0.775845884 0.032046318 0.060176401 0.992207144 0.104291988
1706585378.582562923 92.092745793 -25.137646495 -0.766491266 0.027330824 0.065480233 0.993484535 0.089184328
1706585378.682305574 92.000130305 -25.143859818 -0.749853405 0.028761405 0.060315863 0.995169442 0.071920508
1706585378.780984163 91.919795727 -25.159685996 -0.734874925 0.034065157 0.047178580 0.996655254 0.057376398
1706585378.879599094 91.858710027 -25.159988842 -0.727420947 0.032162300 0.045637992 0.997403605 0.045484166
1706585378.982727051 91.807961930 -25.149561796 -0.730568632 0.028582063 0.049067984 0.997750465 0.035628765
1706585379.082565308 91.767209533 -25.139868273 -0.731103039 0.025931165 0.049394020 0.998084426 0.026744793
1706585379.182396173 91.742343860 -25.143161527 -0.729673529 0.027322973 0.046807962 0.998319737 0.020498122
1706585379.282235384 91.723059763 -25.145599054 -0.725450311 0.028104291 0.046140006 0.998426668 0.015014563
1706585379.382886410 91.689967043 -25.150016728 -0.728441097 0.030481436 0.046815036 0.998399649 0.008796300
1706585379.482712030 91.639239758 -25.154073565 -0.724702843 0.029881276 0.046676340 0.998459983 0.002468162
1706585379.582566023 91.589807067 -25.148541470 -0.723442987 0.031415963 0.050410826 0.998234061 0.000737980
1706585379.682395697 91.527261285 -25.154150334 -0.722853173 0.031181432 0.045140285 0.998476847 0.005836062
1706585379.782222509 91.460064632 -25.157980914 -0.712469755 0.028463110 0.038750620 0.998820249 0.006808091
1706585379.882861137 91.379148336 -25.150590031 -0.705535459 0.018322841 0.035933542 0.999138517 0.009761046
1706585379.981956482 91.302775984 -25.141855797 -0.707715456 0.026057108 0.037234337 0.998841050 0.015848946
1706585380.080627203 91.199263887 -25.145609145 -0.690968366 0.029623363 0.027457537 0.998885776 0.024407925
1706585380.179191113 91.068169851 -25.134973736 -0.684898611 0.018384896 0.027993307 0.999135254 0.024639677
1706585380.282228470 90.932843618 -25.120504573 -0.679891428 0.016952154 0.033009408 0.998832983 0.030913999
1706585380.382868528 90.782428014 -25.113852795 -0.678192399 0.017379014 0.031756879 0.998772498 0.033807815
1706585380.482705355 90.633108666 -25.088886573 -0.677153314 0.018742865 0.036693552 0.998612457 0.032794036
1706585380.582531691 90.492103196 -25.052855327 -0.678171373 0.025467499 0.045626348 0.998101073 0.032617343
1706585380.682375431 90.350595462 -25.031848744 -0.680653779 0.019640435 0.046885393 0.997810634 0.042307823
1706585380.782214403 90.198285357 -25.016580877 -0.665044996 0.021692256 0.041331162 0.997922036 0.044416120
1706585380.882862568 90.036780542 -24.997792758 -0.658271338 0.017953090 0.039932084 0.997910046 0.047525309
1706585380.982703447 89.872698498 -24.973540994 -0.656494550 0.017589165 0.043518039 0.997382645 0.054996915
1706585381.082547188 89.707418113 -24.942095107 -0.651254497 0.013286962 0.045604103 0.996724463 0.065452788
1706585381.182392597 89.550179433 -24.908612880 -0.647526660 0.010792403 0.042170359 0.996121075 0.076472139
1706585381.281506538 89.391756227 -24.877411660 -0.643832396 0.012426001 0.042104680 0.995272541 0.086633482
1706585381.380147696 89.248159679 -24.843646867 -0.647104487 0.010316300 0.040636942 0.994544560 0.095516129
1706585381.478818417 89.119148876 -24.810329901 -0.636045424 0.008126650 0.042508009 0.993629453 0.104055448
1706585381.582549810 88.989758908 -24.761102508 -0.644424792 0.009171143 0.044640004 0.992542257 0.113062059
1706585381.682388783 88.873559666 -24.719246087 -0.647887751 0.005097049 0.046669051 0.991736784 0.119390830
1706585381.782210112 88.768676136 -24.687392278 -0.647595965 0.007411038 0.043782753 0.990705510 0.128571927
1706585381.882852554 88.655343432 -24.654382004 -0.649629647 0.009954687 0.043066691 0.989683873 0.136279109
1706585381.982684612 88.549299818 -24.612631556 -0.646992992 0.011537154 0.043631188 0.988736109 0.142702909
1706585382.082531452 88.441395990 -24.577058372 -0.651305962 0.014459247 0.044034601 0.987310103 0.151890238
1706585382.181783915 88.322298916 -24.533589439 -0.653414492 0.014926945 0.044182755 0.985935316 0.160488703
1706585382.280035496 88.198584299 -24.489217612 -0.646529115 0.018919306 0.040605589 0.984419328 0.170034798
1706585382.382851362 88.062908186 -24.433652104 -0.649763271 0.014292662 0.041884282 0.983937964 0.172937878
1706585382.482498407 87.925731534 -24.385191633 -0.637928634 0.014196426 0.045529257 0.984461350 0.169001177
1706585382.581178188 87.788353068 -24.329310551 -0.636328436 0.017810778 0.050458389 0.985407069 0.161584765
1706585382.679829359 87.658257128 -24.281499718 -0.627301003 0.015736522 0.053168294 0.986594332 0.153483287
1706585382.778539896 87.534207540 -24.238951639 -0.624154990 0.018713145 0.050799290 0.987639328 0.147097954
1706585382.882860184 87.391670185 -24.202825878 -0.618743690 0.020427702 0.048018570 0.988865914 0.139359711
1706585382.982703447 87.256840169 -24.158156518 -0.622944273 0.020905908 0.047472448 0.989780981 0.132826654
1706585383.082550287 87.133650204 -24.127030181 -0.624471640 0.020095252 0.046081407 0.990056516 0.131380290
1706585383.182368279 87.012221726 -24.084000144 -0.622488550 0.021360717 0.044498388 0.989633690 0.134865759
1706585383.282610893 86.891098305 -24.034579112 -0.621357886 0.021008358 0.045608123 0.988570730 0.142149427
1706585383.382451534 86.766838617 -23.992116948 -0.612656217 0.018685893 0.044959143 0.987375678 0.150727514
1706585383.481163979 86.648673180 -23.945697039 -0.609085998 0.016791559 0.043277469 0.986316188 0.158194441
1706585383.582920074 86.530591288 -23.902144433 -0.612722592 0.018008747 0.050114254 0.984787031 0.165404806
1706585383.682763577 86.413923897 -23.845082164 -0.606250537 0.019454207 0.053452954 0.983119508 0.173897521
1706585383.782202959 86.297289537 -23.791861108 -0.599985355 0.019162722 0.050522912 0.982534003 0.178065040
1706585383.880906105 86.174129268 -23.740042658 -0.591042197 0.021850545 0.049107187 0.982300676 0.179433611
1706585383.979597092 86.053892240 -23.697364207 -0.594148390 0.021848794 0.047733372 0.981953270 0.181691860
1706585384.082538605 85.928274162 -23.647440268 -0.596754776 0.020911140 0.051286197 0.982201341 0.179479734
1706585384.182379961 85.811829015 -23.594895991 -0.598302496 0.017569713 0.054449359 0.982078703 0.179577265
1706585384.282217503 85.689983363 -23.548629451 -0.596084348 0.016879781 0.052687724 0.981967605 0.180772509
1706585384.382866383 85.557067886 -23.505876869 -0.592387177 0.010008158 0.047509670 0.982868756 0.177796727
1706585384.482700109 85.442402467 -23.454608055 -0.588554993 0.019428254 0.042155422 0.984318539 0.170183657
1706585384.582534075 85.324080227 -23.407244856 -0.587572006 0.018723854 0.045539237 0.985809104 0.160486776
1706585384.682142496 85.221729460 -23.373591742 -0.582443424 0.019536146 0.045635714 0.986900477 0.153502996
1706585384.780740738 85.135172605 -23.343707988 -0.569501108 0.033024212 0.048471285 0.986437022 0.153303418
1706585384.882867098 85.068258035 -23.321952950 -0.544243183 0.053427787 0.031411922 0.985899093 0.155440473
1706585384.982702732 85.017864631 -23.311688141 -0.535584814 0.071568843 0.024268846 0.984491165 0.158322674
1706585385.082300186 84.941589855 -23.292550015 -0.526690612 0.067413331 0.022116432 0.983760986 0.164865485
1706585385.181062698 84.864959241 -23.279366604 -0.522122850 0.076197471 0.019644132 0.982466030 0.169022348
1706585385.279807568 84.780967176 -23.235822953 -0.518889704 0.075312230 0.022864369 0.982214175 0.170471706
1706585385.382861137 84.684590587 -23.184934812 -0.521209354 0.065124870 0.032428966 0.982000239 0.174306182
1706585385.482695580 84.581831922 -23.136958669 -0.507848190 0.046493083 0.047446793 0.981517446 0.179473390
1706585385.582528114 84.483525127 -23.087131024 -0.507996185 0.037510299 0.052344916 0.981578889 0.179877379
1706585385.682365417 84.379683042 -23.033862667 -0.498509180 0.034753898 0.051517456 0.981586160 0.180628705
1706585385.782598972 84.255970656 -22.986283884 -0.495203891 0.030719590 0.050407839 0.982545110 0.176409930
1706585385.882431030 84.136389791 -22.944989860 -0.492004258 0.032699229 0.056264973 0.983314219 0.169876895
1706585385.981613636 84.016688203 -22.889763251 -0.484811603 0.030928263 0.053901149 0.984207958 0.165749223
1706585386.080271482 83.891764346 -22.846120666 -0.476111840 0.032793739 0.049821743 0.984182280 0.166816081
1706585386.182735205 83.762084930 -22.795835254 -0.460039678 0.031129043 0.046710338 0.984737459 0.164746057
1706585386.282585382 83.629305426 -22.750103326 -0.455918960 0.032866336 0.044937704 0.985067457 0.162918728
1706585386.381846905 83.513132876 -22.697477297 -0.457241691 0.034641594 0.049211751 0.985363425 0.159490078
1706585386.480536461 83.400154300 -22.650292344 -0.453229686 0.028130427 0.052792864 0.986010618 0.155578450
1706585386.579362869 83.298348273 -22.612954987 -0.451201489 0.034296412 0.060063888 0.986056182 0.151358154
1706585386.682720661 83.171769721 -22.575347509 -0.446445633 0.029930509 0.060673195 0.987025672 0.145613359
1706585386.782548904 83.073285486 -22.547440894 -0.434478299 0.026757988 0.055077786 0.988090309 0.141166526
1706585386.882390261 82.975601818 -22.528712326 -0.434775573 0.024744773 0.053976182 0.988977144 0.135640984
1706585386.982227564 82.877772449 -22.502517011 -0.433600880 0.030118255 0.054842970 0.989882175 0.127351555
1706585387.082874775 82.766530350 -22.461720115 -0.434567748 0.022797445 0.061554900 0.990358616 0.121988042
1706585387.182712793 82.659145736 -22.429821684 -0.425044587 0.026048894 0.060368581 0.990957656 0.116961590
1706585387.281641006 82.549218354 -22.413954353 -0.406431502 0.023911453 0.054595974 0.991165494 0.118484119
1706585387.380335569 82.444173047 -22.388868881 -0.399371472 0.025494255 0.048562950 0.991576848 0.117333022
1706585387.482607603 82.319532664 -22.356221984 -0.396746302 0.021005247 0.046081925 0.991944641 0.116107991
1706585387.582438707 82.189020214 -22.313532651 -0.399264825 0.023824703 0.047269272 0.991821805 0.116135728
1706585387.681502581 82.055796650 -22.268174570 -0.394711631 0.018235774 0.052760072 0.991079444 0.121018041
1706585387.780275822 81.921997702 -22.228297061 -0.394452421 0.019927048 0.060666680 0.990197730 0.124221266
1706585387.882756472 81.776995730 -22.189704835 -0.394080797 0.022584102 0.061529890 0.988861977 0.133626425
1706585387.982599974 81.646530967 -22.137843637 -0.386303640 0.022053422 0.056492250 0.987951097 0.142389963
1706585388.082440615 81.512325147 -22.083562461 -0.387181782 0.021349573 0.055258745 0.987378288 0.146883571
1706585388.182278156 81.376316725 -22.032398768 -0.384274909 0.020376215 0.059378372 0.986643131 0.150314175
1706585388.282923698 81.240750593 -21.989421990 -0.384685196 0.020988968 0.064897754 0.986356640 0.149827646
1706585388.382764339 81.125165406 -21.943588051 -0.381511667 0.018239395 0.066583059 0.986354653 0.149460759
1706585388.482414007 80.999873427 -21.894798147 -0.380872608 0.016383636 0.074330546 0.986665216 0.143869033
1706585388.581149578 80.880030741 -21.867309688 -0.378606357 0.016303209 0.069411853 0.987708312 0.139098853
1706585388.679962397 80.769676750 -21.843644476 -0.367864329 0.022433939 0.060019420 0.989350407 0.130691083
1706585388.782928944 80.648804196 -21.815040727 -0.361795860 0.022902749 0.061639302 0.990245100 0.122844217
1706585388.882533073 80.532013617 -21.780529877 -0.366842250 0.024071623 0.064668175 0.990878310 0.115753008
1706585388.981325626 80.408622022 -21.758086346 -0.359790959 0.026248643 0.061707498 0.991246271 0.113727846
1706585389.080075264 80.280216664 -21.728076903 -0.351322683 0.019053690 0.053425317 0.991902725 0.113629557
1706585389.178944588 80.148257552 -21.697294965 -0.336882544 0.023592882 0.049760106 0.992316426 0.110794484
1706585389.282911539 80.011085348 -21.666350613 -0.330896548 0.020966952 0.047857391 0.992684282 0.108848392
1706585389.382745504 79.878628394 -21.637238313 -0.328979148 0.024061476 0.047171519 0.992751164 0.107893560
1706585389.482569218 79.741089105 -21.595170484 -0.326691828 0.022400900 0.046911521 0.992714367 0.108700024
1706585389.582417727 79.615211548 -21.562371748 -0.323006677 0.023652915 0.043938983 0.992524671 0.111376309
1706585389.682263613 79.492504606 -21.535984537 -0.320791428 0.027288603 0.041484514 0.992308503 0.113394013
1706585389.782469988 79.360335411 -21.503133999 -0.316268010 0.022492894 0.045403504 0.991716019 0.118033597
1706585389.881183863 79.241664103 -21.466118407 -0.312674973 0.027240007 0.044469360 0.991210609 0.121581198
1706585389.982568979 79.107433299 -21.423656693 -0.308987059 0.020253368 0.044778581 0.990484915 0.128546931
1706585390.082408667 78.976511177 -21.381436057 -0.294802343 0.021025178 0.042181005 0.989636578 0.135639776
1706585390.182251930 78.850418058 -21.333294185 -0.296050695 0.025365116 0.048280866 0.988183392 0.143245077
1706585390.281159878 78.710735061 -21.280472643 -0.293363929 0.017187716 0.047002458 0.987139157 0.151827650
1706585390.380073309 78.575625279 -21.226122960 -0.292279893 0.019191126 0.050464311 0.985829925 0.158821954
1706585390.482558966 78.425046034 -21.159527578 -0.286248631 0.017038250 0.052659301 0.984073944 0.168923557
1706585390.582422733 78.286434263 -21.101061213 -0.280284743 0.017038039 0.056253521 0.982580195 0.176299200
1706585390.682260513 78.161159728 -21.048210270 -0.277526500 0.017896660 0.050341660 0.981875016 0.181843010
1706585390.782892704 78.034506479 -20.981596609 -0.266246446 0.018270827 0.046775708 0.981610935 0.184168895
1706585390.882713795 77.921208956 -20.934389418 -0.255350991 0.022873940 0.047802682 0.981608575 0.183401993
1706585390.982554436 77.812395184 -20.885106594 -0.253240597 0.030595569 0.049973511 0.981919323 0.180002784
1706585391.081622124 77.713004401 -20.840303724 -0.245287807 0.038040988 0.047810295 0.982246500 0.177366493
1706585391.180396557 77.611823077 -20.809158945 -0.246145599 0.040130033 0.045688480 0.983211686 0.172037566
1706585391.282868385 77.508239162 -20.782642511 -0.243401895 0.041135781 0.041113831 0.984677055 0.164403762
1706585391.382698059 77.402653222 -20.761270113 -0.238919851 0.040021137 0.043749048 0.986234089 0.154358838
1706585391.482453346 77.293427371 -20.730665389 -0.231603205 0.037482289 0.043855926 0.987869481 0.144172200
1706585391.581317425 77.181301927 -20.692949573 -0.227685550 0.030291559 0.043220027 0.989005520 0.138139541
1706585391.680276632 77.061403526 -20.646510945 -0.216149453 0.032437029 0.051866460 0.988876041 0.135579811
1706585391.782436609 76.948824594 -20.618648913 -0.217202142 0.037637678 0.051894072 0.988408329 0.137620443
1706585391.882273674 76.816985564 -20.588023856 -0.206057785 0.031999444 0.041717374 0.989086717 0.137634163
1706585391.982908010 76.682017823 -20.540231313 -0.202589097 0.027926127 0.042236348 0.989075718 0.138439327
1706585392.082750320 76.547488621 -20.486103247 -0.201629862 0.025181142 0.048281138 0.989032651 0.137292597
1706585392.182599068 76.398558619 -20.426549228 -0.202925896 0.011334588 0.058393541 0.988281934 0.140572191
1706585392.282426357 76.256431054 -20.370864034 -0.198212899 0.007774664 0.060493634 0.987626466 0.144478508
1706585392.381438732 76.118401104 -20.329247752 -0.188622859 0.006013536 0.054696176 0.987927283 0.144816603
1706585392.479719877 75.983836932 -20.287628953 -0.191856015 0.008668078 0.060300565 0.987981810 0.142058609
1706585392.582748175 75.839379678 -20.242309431 -0.188767135 0.009443840 0.060780340 0.989251544 0.132657255
1706585392.682594299 75.709157096 -20.205470000 -0.187632106 0.007948438 0.060049733 0.990376071 0.124443117
1706585392.782260180 75.576931966 -20.184983814 -0.189896315 0.010792949 0.061045829 0.991982226 0.110128025
1706585392.881123781 75.461458017 -20.160044816 -0.187513574 0.005354471 0.059993077 0.992914149 0.102438538
1706585392.982897997 75.348433046 -20.136877956 -0.179561564 0.009648134 0.057467622 0.994254476 0.089790996
1706585393.082743168 75.235961445 -20.121584521 -0.169368007 0.011352645 0.058456502 0.994460766 0.086612580
1706585393.182578802 75.123730621 -20.098882324 -0.175070723 0.014542148 0.060057795 0.994137086 0.088730165
1706585393.282419205 75.021324884 -20.070188440 -0.173615782 0.016852931 0.055333308 0.993693161 0.096063033
1706585393.382262468 74.905051932 -20.036678812 -0.175706465 0.017084839 0.057029502 0.992849102 0.103471758
1706585393.482907772 74.783821429 -19.996727935 -0.173750876 0.013932139 0.054375500 0.991933860 0.113650421
1706585393.582625151 74.651039726 -19.961636199 -0.182354493 0.012944101 0.053731813 0.991163470 0.120583244
1706585393.680697203 74.506421130 -19.915580778 -0.178741942 0.002413251 0.056172123 0.990196668 0.127864882
1706585393.779232264 74.367808622 -19.862503472 -0.171828611 0.002105042 0.057601047 0.988926406 0.136756177
1706585393.882262230 74.215771517 -19.805859497 -0.171488082 -0.004052590 0.059425221 0.987625041 0.145082725
1706585393.982903957 74.078171127 -19.759436714 -0.175147250 -0.001155266 0.057838535 0.986648162 0.152245770
1706585394.082208872 73.937233777 -19.716551139 -0.174271613 0.000557779 0.057984698 0.985985228 0.156430794
1706585394.181187868 73.800125790 -19.665118457 -0.171730993 -0.003653095 0.058044190 0.985655695 0.158430989
1706585394.282401323 73.670027221 -19.620884722 -0.178414714 -0.003479125 0.057290586 0.985593644 0.159093852
1706585394.382242203 73.531280520 -19.585339694 -0.175420782 -0.004422611 0.049748571 0.986932149 0.153200698
1706585394.482877970 73.404483059 -19.542438334 -0.174491111 -0.003641863 0.054658844 0.987583522 0.147234284
1706585394.582712173 73.284842587 -19.491217493 -0.178086521 -0.001535890 0.056309603 0.988425113 0.140863997
1706585394.682543516 73.173610484 -19.452709441 -0.181259058 -0.000895068 0.057530739 0.989161198 0.135090849
1706585394.782368183 73.066687566 -19.411013093 -0.176833141 0.002211976 0.058596543 0.989276601 0.133766063
1706585394.881554127 72.941290098 -19.378748952 -0.181838145 0.000715333 0.054781199 0.989661619 0.132545798
1706585394.980116606 72.818060319 -19.339415475 -0.183520162 -0.001237480 0.055500024 0.989630522 0.132475077
1706585395.082684994 72.688463913 -19.295980584 -0.185970830 -0.000347519 0.060373939 0.988885328 0.135870066
1706585395.182533979 72.542270153 -19.252755017 -0.192782912 -0.004971261 0.061066652 0.988698976 0.136822823
1706585395.282389402 72.409061089 -19.207670960 -0.200759424 -0.003017478 0.062757287 0.988305019 0.138944622
1706585395.382211924 72.271762079 -19.157740360 -0.206771009 -0.006462995 0.059834960 0.988349926 0.139794246
1706585395.481375217 72.126746430 -19.115276581 -0.206222610 -0.007522709 0.057226570 0.988788427 0.137717010
1706585395.582682610 71.979659048 -19.079454064 -0.206225397 -0.007513702 0.057936355 0.989335613 0.133424017
1706585395.682527781 71.841515849 -19.041970521 -0.200470453 -0.004587536 0.058922288 0.990191942 0.126597936
1706585395.782362461 71.712213004 -19.004553804 -0.207158957 -0.001995242 0.057719304 0.990804916 0.122352441
1706585395.882594347 71.583598372 -18.977937258 -0.207736180 0.001995064 0.053031792 0.990933896 0.123424723
1706585395.982449770 71.465731712 -18.956264129 -0.203529009 0.006944924 0.048742620 0.991066305 0.123949604
1706585396.082285643 71.339275915 -18.927752005 -0.200335381 0.003039876 0.045498765 0.990986944 0.125958319
1706585396.181154966 71.221363999 -18.883852873 -0.199895768 0.010233723 0.043383062 0.990648235 0.128954469
1706585396.279748201 71.084368398 -18.840690613 -0.210966263 0.010719262 0.050117488 0.990073041 0.130876691
1706585396.382605791 70.943715795 -18.791226978 -0.213156182 0.009923087 0.052952799 0.989861618 0.131421123
1706585396.482449532 70.820215355 -18.748717441 -0.212083739 0.015171020 0.052071632 0.989157790 0.136474364
1706585396.582287312 70.694077236 -18.702329141 -0.207036572 0.011639970 0.052737807 0.988317308 0.142520642
1706585396.682930946 70.566772526 -18.667323033 -0.209383033 0.022370201 0.053607974 0.987718900 0.145041837
1706585396.782764196 70.441081694 -18.623883844 -0.204926671 0.029062988 0.050207155 0.988014214 0.143047186
1706585396.882599592 70.311678557 -18.592342873 -0.200132359 0.035809464 0.046441997 0.988597133 0.138695823
1706585396.982450962 70.190985872 -18.566245554 -0.189477117 0.038592490 0.041290027 0.989378404 0.133925825
1706585397.082298994 70.064504220 -18.525620664 -0.180718644 0.033626865 0.041986895 0.990472607 0.126768880
1706585397.182545900 69.928608180 -18.487833624 -0.174530146 0.030691575 0.046059642 0.990970693 0.122121344
1706585397.282386780 69.797855955 -18.450940675 -0.162183250 0.029485050 0.045102373 0.991076769 0.121914912
1706585397.382220507 69.657624529 -18.413598871 -0.143611905 0.020705563 0.036682991 0.991990237 0.119084034
1706585397.480987310 69.519593644 -18.377457814 -0.138456207 0.022843662 0.038794282 0.992479075 0.113835217
1706585397.579578638 69.381573650 -18.347672290 -0.138749145 0.019130860 0.038345662 0.993176729 0.108460157
1706585397.682548285 69.232703570 -18.315226113 -0.129721182 0.021445705 0.038138487 0.993283627 0.107112901
1706585397.782384396 69.102703366 -18.279783043 -0.122897577 0.021947839 0.038188518 0.993177697 0.107972180
1706585397.882225752 68.976887411 -18.251774701 -0.123380182 0.029216443 0.032815776 0.993215068 0.107672438
1706585397.982867479 68.843573431 -18.221297779 -0.118244943 0.028577558 0.029507334 0.992976268 0.110953913
1706585398.082712412 68.705899517 -18.187558737 -0.115159271 0.026420679 0.030539034 0.992763150 0.113095729
1706585398.182545185 68.564347973 -18.157350582 -0.098404077 0.023825145 0.026026682 0.992345396 0.118345209
1706585398.282388926 68.421194455 -18.120550350 -0.101301607 0.024949862 0.027564215 0.991167099 0.127300829
1706585398.382224798 68.281787677 -18.065601778 -0.098326885 0.021537442 0.034649358 0.990300708 0.132815921
1706585398.482868195 68.137510782 -17.993907428 -0.092901700 0.022402868 0.039205224 0.988793263 0.142298786
1706585398.582704306 68.001762844 -17.941098422 -0.084024518 0.024557898 0.040365303 0.987369332 0.151226170
1706585398.682185411 67.870968368 -17.895883047 -0.076192713 0.032298192 0.038079123 0.986261268 0.157465927
1706585398.780793905 67.734427093 -17.849076572 -0.081177440 0.030855992 0.038536136 0.984673560 0.167274786
1706585398.879432917 67.610666115 -17.790778307 -0.072525002 0.030888222 0.041115808 0.983092563 0.175739636
1706585398.982435703 67.476099209 -17.722748473 -0.072277235 0.032734329 0.047855302 0.981900712 0.180303425
1706585399.082268953 67.338825897 -17.663586524 -0.063000805 0.025738041 0.046952685 0.982190054 0.180099127
1706585399.182912827 67.193453600 -17.604299282 -0.061793724 0.021298597 0.051013248 0.983021866 0.174962937
1706585399.282740593 67.053113885 -17.543263877 -0.055440800 0.013244923 0.055563256 0.984909824 0.163370544
1706585399.382583380 66.902054834 -17.488557947 -0.062265116 -0.001165742 0.062369829 0.986223408 0.153205859
1706585399.482426405 66.758221684 -17.437505329 -0.064777550 -0.003253958 0.060037725 0.987471064 0.145896473
1706585399.581863880 66.626159991 -17.402551066 -0.062809480 -0.003478898 0.048570998 0.988010750 0.146504309
1706585399.682923317 66.480072536 -17.365873513 -0.060793801 -0.017304178 0.041937357 0.988393283 0.144984623
1706585399.782765150 66.340633972 -17.322118750 -0.056321880 -0.017941554 0.038539412 0.988163611 0.147395697
1706585399.882622004 66.194440710 -17.272054003 -0.068279910 -0.022643836 0.046832487 0.987356010 0.149740053
1706585399.981380701 66.062338052 -17.213366838 -0.075459956 -0.026300278 0.051501068 0.985382814 0.160239340
1706585400.080146790 65.940564109 -17.176293828 -0.087990665 -0.011652637 0.049571295 0.985158205 0.163921364
1706585400.178756475 65.800395912 -17.129306552 -0.085946882 -0.017898044 0.045204421 0.985436167 0.162947171
1706585400.282362938 65.673415453 -17.069956745 -0.083033921 -0.007901642 0.048772717 0.985549973 0.162018632
1706585400.382594109 65.550122179 -17.024770953 -0.095382281 -0.003259309 0.046402629 0.985844127 0.161082370
1706585400.482442141 65.421701688 -16.995059507 -0.103765873 -0.009276165 0.045427928 0.987047505 0.153582158
1706585400.582277298 65.288751006 -16.966496140 -0.109456006 -0.010606436 0.039479797 0.988187245 0.147698404
1706585400.682899952 65.171938836 -16.919091464 -0.120128487 -0.012205010 0.042579061 0.989809524 0.135333545
1706585400.782739639 65.047183563 -16.869714293 -0.116811199 -0.014595949 0.048666599 0.990405921 0.128509265
1706585400.881541491 64.940852832 -16.832493777 -0.114170722 -0.009653950 0.049369596 0.990767878 0.125890652
1706585400.980097771 64.830869126 -16.812017831 -0.111295719 -0.005645698 0.043580723 0.991036665 0.126155362
1706585401.082225323 64.707265887 -16.789974266 -0.108973325 -0.004560347 0.033219613 0.991636863 0.124627416
1706585401.182592154 64.589779696 -16.761881468 -0.117493628 -0.001405957 0.036647654 0.991432169 0.125368366
1706585401.281247616 64.465395174 -16.721559933 -0.113919569 0.000380739 0.037393204 0.990874286 0.129498083
1706585401.379884481 64.336136973 -16.674943847 -0.116229050 -0.002611700 0.035796270 0.990388434 0.133576033
1706585401.478581905 64.202794073 -16.633527594 -0.116181885 -0.001050580 0.036019142 0.989331162 0.141157251
1706585401.582212210 64.064324962 -16.586010126 -0.118895797 -0.001306596 0.037752503 0.988149309 0.148774943
1706585401.682875872 63.926786343 -16.544057754 -0.130695075 -0.001230182 0.045053068 0.986998471 0.154281318
1706585401.782717705 63.789796229 -16.491811829 -0.133690310 0.002125433 0.044270686 0.987308432 0.152504589
1706585401.882553101 63.654960543 -16.437439956 -0.141847025 -0.000412409 0.047695071 0.987956046 0.147200069
1706585401.982387781 63.514805307 -16.386452753 -0.157006673 0.000634090 0.051189709 0.988282003 0.143798103
1706585402.082230330 63.381059100 -16.345139987 -0.156470763 0.000222154 0.046666709 0.988774451 0.141941020
1706585402.180901766 63.259556838 -16.308792771 -0.143899249 0.006261777 0.042149648 0.988940247 0.142061200
1706585402.279499054 63.122833348 -16.262981348 -0.148873326 0.002162550 0.042085904 0.988952908 0.142113496
1706585402.382550001 62.981750843 -16.217844352 -0.153515961 0.006062200 0.047621358 0.988386147 0.144181414
1706585402.482289076 62.833945445 -16.168233872 -0.149659391 0.004558225 0.041844097 0.988521097 0.145101118
1706585402.580944300 62.687159337 -16.119565321 -0.155390105 0.000887898 0.043711307 0.988011846 0.148057847
1706585402.679667950 62.539169356 -16.069029601 -0.148907364 0.003963024 0.037909868 0.987424677 0.153426346
1706585402.782701492 62.379482356 -16.025544295 -0.143786517 0.004235522 0.034737021 0.987113656 0.156147460
1706585402.882534266 62.241230058 -15.966515241 -0.147366571 0.001880386 0.038667913 0.986941534 0.156357492
1706585402.982394218 62.097846054 -15.913458837 -0.148008569 0.001657695 0.036193810 0.987033931 0.156369049
1706585403.082241297 61.951483471 -15.862812797 -0.151513875 0.001219928 0.036475739 0.987419193 0.153855028
1706585403.182869434 61.815068638 -15.822467836 -0.154190647 0.005131207 0.036577402 0.987891680 0.150684416
1706585403.282716990 61.685077025 -15.786306507 -0.160096169 0.003969486 0.034704375 0.988748938 0.145448918
1706585403.382278681 61.556597110 -15.751832392 -0.160805071 0.004011998 0.034115096 0.989723321 0.138808543
1706585403.481076479 61.410537896 -15.716900206 -0.163305331 -0.011936948 0.033033535 0.991136111 0.128123003
1706585403.582250834 61.256824678 -15.693471578 -0.169693457 -0.021611687 0.035773566 0.992084311 0.118414134
1706585403.682903051 61.114135777 -15.646499871 -0.164829499 -0.019367393 0.038255944 0.992464407 0.114785831
1706585403.781849861 60.984187533 -15.592101841 -0.161833210 -0.012783028 0.045304054 0.991925425 0.117762851
1706585403.880657673 60.872695131 -15.573324019 -0.147285927 0.000534683 0.031816557 0.992178657 0.120701841
1706585403.979547024 60.764633734 -15.558887198 -0.148517078 0.025194637 0.012023046 0.990821354 0.132263835
1706585404.082262754 60.633898880 -15.555299823 -0.144511963 0.021371676 -0.005807796 0.991060718 0.131560534
1706585404.182896852 60.493002320 -15.513317549 -0.158450068 0.006236288 0.003020147 0.991470987 0.130143266
1706585404.282730341 60.373518216 -15.457416288 -0.160427308 0.002189536 0.018792882 0.991271434 0.130472136
1706585404.382566690 60.252981356 -15.396783563 -0.168426162 0.001973308 0.036464502 0.990102787 0.135509843
1706585404.482409000 60.132579029 -15.338216176 -0.182458793 -0.002758071 0.052238613 0.988983388 0.138475191
1706585404.582262993 59.996248981 -15.291609514 -0.179872200 0.001264121 0.048057029 0.988944679 0.140275963
1706585404.682901382 59.867250052 -15.262447334 -0.167234579 0.009321904 0.024456748 0.988191866 0.150969554
1706585404.782739162 59.733445874 -15.232672079 -0.150711437 0.008538900 0.015019277 0.986999513 0.159791955
1706585404.882571220 59.594881004 -15.179295233 -0.156516022 0.006268112 0.013257016 0.986676458 0.162032497
1706585404.982401848 59.471001223 -15.130561260 -0.167276601 0.004471021 0.019782017 0.986134802 0.164702260
1706585405.081666231 59.339077042 -15.073401598 -0.167315156 -0.000457556 0.027086410 0.985898512 0.165137039
1706585405.180385828 59.220657794 -15.024900291 -0.168509833 0.000601879 0.033273455 0.985775632 0.164738938
1706585405.279110670 59.094336066 -14.968667039 -0.176059421 -0.001575687 0.039252959 0.985071109 0.167605584
1706585405.382568359 58.960536883 -14.916984820 -0.178751219 -0.000405850 0.038784791 0.985345501 0.166101834
1706585405.482418299 58.835423804 -14.866333058 -0.182848691 -0.000032745 0.040650847 0.985462977 0.164955229
1706585405.582248211 58.710489315 -14.827215926 -0.182594570 0.001172725 0.041713453 0.986860135 0.156095123
1706585405.682877302 58.585631583 -14.785937493 -0.186601113 0.007279663 0.040001658 0.988609885 0.144904690
1706585405.782715082 58.454829332 -14.756356293 -0.184459223 0.007689906 0.033971028 0.989777442 0.138302027
1706585405.882552862 58.333286426 -14.726778453 -0.183830253 0.006778100 0.034164056 0.990452601 0.133381104
1706585405.982393503 58.211948828 -14.688399461 -0.167493244 0.010188645 0.028881758 0.990895399 0.131104324
1706585406.082243681 58.081948653 -14.658186555 -0.166519038 0.006664897 0.025742459 0.990953328 0.131546214
1706585406.182883263 57.952722373 -14.622212228 -0.163800877 0.003308944 0.026220133 0.991100105 0.130468910
1706585406.282721281 57.822991888 -14.583460834 -0.166386487 0.001552913 0.029378244 0.991006197 0.130542044
1706585406.381472826 57.698953047 -14.545495312 -0.168710394 -0.002468985 0.027276355 0.991083399 0.130397859
1706585406.480220795 57.563804687 -14.496150036 -0.165601757 -0.001893831 0.028179417 0.991453862 0.127363938
1706585406.579003572 57.433827294 -14.457971976 -0.167897001 -0.000907723 0.031012928 0.991712150 0.124677123
1706585406.682874680 57.303318994 -14.434859748 -0.164425557 0.003283008 0.025693523 0.992177585 0.122117583
1706585406.782718658 57.169110962 -14.406833847 -0.165040922 -0.002504378 0.025266829 0.992289110 0.121316275
1706585406.882553339 57.038502070 -14.369130022 -0.160347641 -0.005174092 0.020932524 0.992145530 0.123216502
1706585406.982408762 56.916647500 -14.337161382 -0.151445413 -0.006181666 0.015825761 0.991907218 0.125822907
1706585407.082252264 56.785382760 -14.294880811 -0.152821925 -0.009109225 0.009787405 0.991517030 0.129287307
1706585407.182307243 56.664308413 -14.242532861 -0.164225962 -0.000423052 0.015739063 0.991144119 0.131853849
1706585407.280933142 56.546330814 -14.197961961 -0.181014649 0.005583160 0.027420140 0.990469660 0.134858507
1706585407.379606009 56.427249427 -14.155234897 -0.180469311 0.008008659 0.031227581 0.989948027 0.137708401
1706585407.482430935 56.305323881 -14.121025286 -0.186848969 0.009245649 0.030703360 0.989562545 0.140491250
1706585407.582271338 56.185420997 -14.082224478 -0.183635626 0.010704674 0.031843494 0.989918856 0.137593821
1706585407.681354761 56.056029627 -14.047507723 -0.190431407 0.007729661 0.033101607 0.990307458 0.134668761
1706585407.780169487 55.925787668 -14.015024866 -0.183873969 0.009053689 0.032296763 0.991255979 0.127618708
1706585407.882596731 55.782560454 -13.973724484 -0.186950430 0.002865484 0.041803297 0.991867494 0.120179648
1706585407.982436657 55.646312559 -13.940421858 -0.185749342 -0.001689386 0.040055187 0.992403628 0.116308930
1706585408.082279205 55.510963760 -13.909025550 -0.178011736 -0.002391535 0.035547505 0.992948356 0.113067315
1706585408.182909250 55.363415947 -13.876181738 -0.182184674 -0.013006696 0.033727108 0.993115075 0.111426007
1706585408.282743692 55.229500719 -13.838013929 -0.199479760 -0.012676373 0.040718239 0.992705640 0.112769000
1706585408.382593155 55.095785448 -13.802767177 -0.209852438 -0.015849185 0.044347020 0.992242326 0.115053514
1706585408.482132196 54.950227875 -13.759122700 -0.218387231 -0.020616730 0.045007497 0.992000796 0.116119321
1706585408.580778122 54.825627461 -13.718154039 -0.216760510 -0.018499519 0.041511410 0.991711326 0.120179931
1706585408.682925224 54.692149140 -13.670509462 -0.228627722 -0.016835604 0.049219327 0.991109761 0.122455958
1706585408.782768488 54.550653466 -13.622675060 -0.226336619 -0.025920463 0.047175119 0.990598759 0.125764604
1706585408.882185459 54.425117503 -13.592262378 -0.224668772 -0.017264950 0.038230185 0.991207176 0.125493857
1706585408.980966568 54.303877671 -13.556595468 -0.231493511 -0.018419859 0.035577034 0.991413602 0.124475109
1706585409.079840183 54.184925754 -13.516540594 -0.235634315 -0.013613382 0.038738307 0.991162686 0.126137029
1706585409.182935476 54.052942996 -13.480209954 -0.232384880 -0.011098435 0.035573574 0.991418413 0.125303137
1706585409.282773495 53.932564069 -13.447785484 -0.223256728 -0.009549653 0.032565969 0.991958359 0.121929799
1706585409.382622242 53.815582535 -13.420987050 -0.227209958 -0.005539770 0.035850189 0.992128515 0.119854430
1706585409.482482672 53.705044909 -13.398294436 -0.224175098 -0.006509608 0.028228999 0.992715847 0.116944410
1706585409.582330942 53.580836297 -13.369706188 -0.233266097 -0.004387752 0.028709720 0.993056459 0.113997233
1706585409.682572126 53.466094416 -13.340129108 -0.237577918 -0.001181033 0.031864539 0.993043991 0.113344114
1706585409.781971931 53.358538628 -13.315275533 -0.250114261 -0.005993824 0.030638388 0.993254064 0.111676888
1706585409.880706072 53.256737527 -13.292098021 -0.243128456 0.002142166 0.032977700 0.993320294 0.110556212
1706585409.982890606 53.140687347 -13.268109488 -0.243440012 -0.000927587 0.028544085 0.993503172 0.110162708
1706585410.082734108 53.013278584 -13.246491054 -0.242903164 -0.002274822 0.029631071 0.993510897 0.109785805
1706585410.182133913 52.888938351 -13.214830664 -0.239502090 -0.002585583 0.026172510 0.993640132 0.109487911
1706585410.280924082 52.759616004 -13.172965792 -0.248611141 -0.008338199 0.032539875 0.993329580 0.110308555
1706585410.379762173 52.617377377 -13.135278115 -0.258501239 -0.012431219 0.033956868 0.993152255 0.111090026
1706585410.482872963 52.474870661 -13.094703437 -0.262700139 -0.007618270 0.032309122 0.993086689 0.112591788
1706585410.582713127 52.334225046 -13.053937342 -0.270742520 -0.007743109 0.033059824 0.993076044 0.112459161
1706585410.682568073 52.198667763 -13.023008151 -0.272218611 -0.004652723 0.031567598 0.992779684 0.115630176
1706585410.782408237 52.060274004 -12.982093638 -0.269131608 -0.006083926 0.028518254 0.992580703 0.118039156
1706585410.882240295 51.932201417 -12.941325473 -0.270210759 -0.007858013 0.029785759 0.992244527 0.120423665
1706585410.982882500 51.809694091 -12.904441783 -0.262246261 -0.000260125 0.029721555 0.991692712 0.125148417
1706585411.081611156 51.679575323 -12.876859107 -0.264432667 -0.008229334 0.028295325 0.991311923 0.128188627
1706585411.180294037 51.558511778 -12.836511470 -0.261275896 -0.005740349 0.024060542 0.990527671 0.135066916
1706585411.282393456 51.437191923 -12.788922261 -0.268483945 -0.006556371 0.022874654 0.989418241 0.143126900
1706585411.382246971 51.313930639 -12.750344517 -0.274730095 -0.012828930 0.022487602 0.988319622 0.150180061
1706585411.481975079 51.208512195 -12.713339618 -0.278133076 -0.004213249 0.017298981 0.986921732 0.160213881
1706585411.580869913 51.093145600 -12.663087074 -0.290616158 -0.004134847 0.023468586 0.986067923 0.164627395
1706585411.679813623 50.981464648 -12.618413986 -0.295886196 -0.005507667 0.023692466 0.985562399 0.167556232
1706585411.782399178 50.878353001 -12.583209974 -0.299393791 -0.003840295 0.021234700 0.985402086 0.168869978
1706585411.882237434 50.763788989 -12.551205459 -0.304098960 -0.005591597 0.021147437 0.986175279 0.164255407
1706585411.982876778 50.650546785 -12.510811646 -0.305929145 -0.006327542 0.028519801 0.987379152 0.155656650
1706585412.082721710 50.541199647 -12.471684876 -0.303596612 -0.005581672 0.029174525 0.988700705 0.146930625
1706585412.182545900 50.424405792 -12.436103856 -0.295473091 -0.007195538 0.025931153 0.989661300 0.140876936
1706585412.282410622 50.301470128 -12.411383391 -0.299058120 -0.007642974 0.026410220 0.990682339 0.133388864
1706585412.380773306 50.182176711 -12.371261342 -0.298140459 -0.010363439 0.023572143 0.991168594 0.130083711
1706585412.479256630 50.073930662 -12.342799328 -0.296714147 -0.010084113 0.025575348 0.991520575 0.127008513
1706585412.582746506 49.952249727 -12.311804227 -0.295816671 -0.007559920 0.024403382 0.992023551 0.123436613
1706585412.682593107 49.823707507 -12.275798070 -0.297952672 -0.011049591 0.025751935 0.992523502 0.118793277
1706585412.781868696 49.699941743 -12.239024297 -0.298864680 -0.005920952 0.024762656 0.993189301 0.113695938
1706585412.880841732 49.582051766 -12.218517748 -0.302423371 -0.006291439 0.023555856 0.993537970 0.110850537
1706585412.982902050 49.452502215 -12.188435902 -0.299672507 -0.006294539 0.021520684 0.994093686 0.106183718
1706585413.082728386 49.331135408 -12.156406860 -0.303091258 0.000079299 0.025848549 0.994366838 0.102793177
1706585413.182579517 49.210503111 -12.133216242 -0.305862171 0.000236268 0.033188478 0.994483615 0.099502810
1706585413.282416821 49.082044901 -12.098349179 -0.306019807 0.000274955 0.023784615 0.994774510 0.099286911
1706585413.382257462 48.966629276 -12.073094856 -0.301688497 0.005078138 0.028248622 0.994525039 0.100479718
1706585413.482900858 48.839941595 -12.035231443 -0.304149009 0.001827152 0.026048953 0.994201203 0.104317217
1706585413.581936359 48.721128096 -11.998514413 -0.305726757 0.004180501 0.029127563 0.993298841 0.111765475
1706585413.680419207 48.598290729 -11.959773108 -0.312402303 0.006367379 0.025236660 0.992369439 0.120521634
1706585413.778926373 48.468609112 -11.920816605 -0.311809394 0.002289029 0.025546497 0.991994249 0.123650906
1706585413.882300615 48.338364280 -11.880780206 -0.310000765 0.006263908 0.028400389 0.991577472 0.126207366
1706585413.982545137 48.198744024 -11.842638519 -0.309897318 0.001548588 0.030387710 0.991521323 0.126331532
1706585414.082067490 48.067568964 -11.805604216 -0.306596130 0.004486710 0.031924452 0.991746335 0.124096354
1706585414.181207418 47.938358194 -11.773513253 -0.316100965 0.007410389 0.037192602 0.992388879 0.117158483
1706585414.282888412 47.805097044 -11.738442857 -0.315031767 0.000687519 0.037363194 0.992981121 0.112214137
1706585414.382730246 47.673391356 -11.711286809 -0.308943518 0.005850381 0.032747297 0.993716497 0.106868666
1706585414.482573271 47.548984101 -11.683031233 -0.310120771 0.002049706 0.033960220 0.993861956 0.105265919
1706585414.582425117 47.417100993 -11.645635770 -0.308589352 0.003895953 0.036069953 0.993489096 0.107996274
1706585414.682258606 47.281124193 -11.605471456 -0.313853672 -0.001675985 0.036714067 0.993069834 0.111631415
1706585414.782802343 47.145663499 -11.557071995 -0.310544237 -0.005133465 0.038861106 0.992534889 0.115490065
1706585414.881364346 47.013575407 -11.521867516 -0.317049392 -0.001610282 0.038278052 0.992091766 0.119524581
1706585414.979926109 46.879645084 -11.483333311 -0.316693270 -0.003393241 0.038110196 0.991612012 0.123457350
1706585415.078572989 46.749848362 -11.451273980 -0.318084702 0.000973925 0.034182640 0.991440072 0.126004687
1706585415.182261944 46.611637193 -11.404209670 -0.320223193 0.003546399 0.032382481 0.991032743 0.129587421
1706585415.282882214 46.477752977 -11.356985472 -0.322353633 0.001791182 0.036313457 0.990781017 0.130503262
1706585415.381846428 46.341170345 -11.315620636 -0.325308361 -0.004225807 0.034898088 0.990464516 0.133207764
1706585415.481592655 46.206473051 -11.281306586 -0.323917661 -0.003375578 0.032482474 0.990382181 0.134449357
1706585415.582408428 46.073947441 -11.249645972 -0.312889475 -0.000171424 0.025767837 0.990800300 0.132856141
1706585415.682253599 45.946238200 -11.208185356 -0.309457588 0.002251102 0.028352609 0.990519328 0.134396884
1706585415.782902241 45.816709788 -11.164457413 -0.313233672 0.009349805 0.031534248 0.990624639 0.132593355
1706585415.882758141 45.679500255 -11.121416038 -0.316407200 0.006413748 0.031752746 0.990721340 0.131991872
1706585415.982588768 45.543024134 -11.097459978 -0.308147664 0.002662543 0.023560770 0.991464367 0.128203786
1706585416.082438946 45.408330889 -11.066515376 -0.309124644 0.003671643 0.025495791 0.992166526 0.122237750
1706585416.181041241 45.281518605 -11.023466029 -0.313259821 0.002981588 0.033061036 0.992546913 0.117254862
1706585416.279634953 45.140660320 -10.994130891 -0.313091451 0.001693431 0.027181984 0.993043123 0.114558404
1706585416.382773638 44.993631360 -10.969060180 -0.309872286 0.004806502 0.023606596 0.993730491 0.109175714
1706585416.482614756 44.847762271 -10.938072797 -0.311554275 0.002415880 0.023059721 0.994365589 0.103438327
1706585416.581760168 44.700570565 -10.898799977 -0.314863301 0.000891556 0.025000836 0.994168555 0.104895410
1706585416.680636883 44.550892095 -10.862824810 -0.315777722 -0.001548700 0.024106846 0.993979162 0.106873228
1706585416.782933474 44.409418506 -10.815453487 -0.315457005 0.000645574 0.030154610 0.993138736 0.112985544
1706585416.882773399 44.264824911 -10.770472457 -0.319010354 -0.001358420 0.030308254 0.992232018 0.120644878
1706585416.982619524 44.124979787 -10.729337833 -0.323836528 -0.000643575 0.025950209 0.990944343 0.131740205
1706585417.082472801 43.981111766 -10.687294988 -0.325639596 -0.006540172 0.026810142 0.989769416 0.139981944
1706585417.182311535 43.835807270 -10.633405376 -0.331045100 -0.010378727 0.025880497 0.988029385 0.151724801
1706585417.282558203 43.701393259 -10.577503957 -0.329112202 -0.014572393 0.030594942 0.987123000 0.156332267
1706585417.381996870 43.566297685 -10.522687438 -0.329138949 -0.008690224 0.031680703 0.987530782 0.153960278
1706585417.480602741 43.428846069 -10.468696770 -0.326679762 -0.007423724 0.036815692 0.987994779 0.149852630
1706585417.579238176 43.279555849 -10.428887274 -0.330648452 -0.008717247 0.036827705 0.989015896 0.142882077
1706585417.682691336 43.126139291 -10.382018492 -0.333928092 -0.006526051 0.034996784 0.989834718 0.137694833
1706585417.782513142 42.968801046 -10.337445319 -0.340165367 -0.012081452 0.035864891 0.990188439 0.134516182
1706585417.881935835 42.809836918 -10.300454598 -0.347550085 -0.011452812 0.034825761 0.990828838 0.130054653
1706585417.982434750 42.647267446 -10.256194410 -0.354810793 -0.011884488 0.031778237 0.991443650 0.126049163
1706585418.082427502 42.489613989 -10.211659197 -0.360547090 -0.008091457 0.033413810 0.991607881 0.124626868
1706585418.182277918 42.330396288 -10.168612388 -0.366663066 -0.010729831 0.032641624 0.991400204 0.126273635
1706585418.282047987 42.166851502 -10.121434033 -0.367883601 -0.010135920 0.029885290 0.991361928 0.127301453
1706585418.382753611 41.990985730 -10.078211527 -0.374802932 -0.016080450 0.030380523 0.991290161 0.127130879
1706585418.482597828 41.837032055 -10.033117309 -0.378519679 -0.010772071 0.033391312 0.991294138 0.126905138
1706585418.582452059 41.679324646 -9.985894505 -0.380426858 -0.012198579 0.034803263 0.991146325 0.127549561
1706585418.681586504 41.522391766 -9.947679705 -0.377113261 -0.012761415 0.025204424 0.991477036 0.127181644
1706585418.780252695 41.362136436 -9.921797422 -0.380661843 -0.009450263 0.019888685 0.992631236 0.119156880
1706585418.878828526 41.200616426 -9.872305644 -0.389092317 -0.017030522 0.024302779 0.993405287 0.110748688
1706585418.982609749 41.031359214 -9.831283613 -0.396797854 -0.015844327 0.027553250 0.993461530 0.109653835
1706585419.082451582 40.866111234 -9.804389016 -0.397166569 -0.022377884 0.021596494 0.993772941 0.106996090
1706585419.181731701 40.713574589 -9.774326244 -0.399610822 -0.020265843 0.017617928 0.994223550 0.103915528
1706585419.282910824 40.558428881 -9.733516466 -0.397497261 -0.017232219 0.017225390 0.994552986 0.101344436
1706585419.382753134 40.408861985 -9.697637237 -0.402294644 -0.011209201 0.018795398 0.994215621 0.105149348
1706585419.482591391 40.265548137 -9.663843908 -0.406422756 -0.006087584 0.015655958 0.993559727 0.112057580
1706585419.582091093 40.129149734 -9.625692065 -0.411520013 -0.005361726 0.007991515 0.992674011 0.120439593
1706585419.682272673 39.982330490 -9.577482934 -0.412110333 -0.008455392 0.009234166 0.991231685 0.131540801
1706585419.782904148 39.827917482 -9.522745567 -0.415422212 -0.009179248 0.012118049 0.989860857 0.141224563
1706585419.882598639 39.669401027 -9.464904700 -0.419886737 -0.012683639 0.015532942 0.988385493 0.150638540
1706585419.981244802 39.512020645 -9.399479823 -0.430910567 -0.010862364 0.020382038 0.987444320 0.156269949
1706585420.079893589 39.347987132 -9.329090059 -0.437194245 -0.006705965 0.021781735 0.987105811 0.158438328
1706585420.178558111 39.183007056 -9.271328618 -0.444152563 -0.010216616 0.017998396 0.986789377 0.160681062
1706585420.282920122 39.007960927 -9.207915437 -0.458549364 -0.010568621 0.023979746 0.987178563 0.157453995
1706585420.382740974 38.832008916 -9.145960930 -0.453660722 -0.012051141 0.030670022 0.987762632 0.152443768
1706585420.482576847 38.665550298 -9.096355110 -0.452038127 -0.003806578 0.026725786 0.989579247 0.141436047
1706585420.582424879 38.495641495 -9.046605348 -0.453166219 -0.002722724 0.027246654 0.991183828 0.129633428
1706585420.682271481 38.346234074 -9.006265054 -0.452411118 0.004891773 0.027691623 0.992209247 0.121367439
1706585420.782665491 38.197909909 -8.970706536 -0.455051579 0.002851576 0.031199669 0.992418835 0.118841516
1706585420.881098270 38.049528902 -8.942251082 -0.456267081 -0.001939190 0.023965264 0.992684667 0.118317613
1706585420.982591629 37.900173304 -8.906317767 -0.457158517 -0.004899778 0.020435894 0.992671734 0.119000818
1706585421.082436085 37.756852941 -8.873633223 -0.457668069 -0.004549594 0.023132985 0.992805844 0.117391321
1706585421.182205677 37.607412244 -8.820684508 -0.461999871 -0.008883058 0.025091595 0.991814583 0.124881291
1706585421.280896664 37.453326556 -8.773773025 -0.462589901 -0.002578442 0.026308956 0.990897433 0.131997986
1706585421.379545927 37.299912174 -8.725655295 -0.464349249 -0.005713884 0.021966910 0.990146927 0.138180567
1706585421.482587576 37.153159850 -8.668356087 -0.466797774 0.004672202 0.029717766 0.989141948 0.143851424
1706585421.582432270 37.003348667 -8.599267089 -0.480496527 -0.003178294 0.032260116 0.988155764 0.149991230
1706585421.682293415 36.872763401 -8.546367079 -0.461955881 0.010227824 0.032981028 0.988337496 0.148312634
1706585421.782519817 36.738824979 -8.521059360 -0.468879976 0.013636380 0.026904050 0.988564568 0.147750860
1706585421.882365465 36.582397688 -8.472629226 -0.472237017 -0.004868650 0.026758688 0.989214307 0.143928192
1706585421.982603312 36.436228659 -8.428050400 -0.477735326 0.006661736 0.031557857 0.990035695 0.137073143
1706585422.082023621 36.275275508 -8.380385034 -0.469962106 -0.015858359 0.038445784 0.990392321 0.131884358
1706585422.180768728 36.128164592 -8.338735663 -0.476316117 -0.007398034 0.033687993 0.992643020 0.116061291
1706585422.282925606 35.997602424 -8.319355145 -0.485734310 0.009600461 0.025591614 0.993374035 0.111628523
1706585422.382771969 35.842562468 -8.295089510 -0.478751478 -0.008939158 0.020147026 0.993529480 0.111415264
1706585422.481918812 35.691963587 -8.248542850 -0.483362696 -0.004644381 0.025142381 0.993366794 0.112110223
1706585422.580605984 35.557835844 -8.200503232 -0.479620823 -0.000020910 0.026312556 0.992998166 0.115162019
1706585422.679399014 35.428316232 -8.158483065 -0.484806380 0.013359491 0.037361086 0.992493589 0.115681242
1706585422.782538414 35.290381724 -8.094834177 -0.494992109 0.018664803 0.049693535 0.991500627 0.118779980
1706585422.882366419 35.155614065 -8.037690263 -0.503814987 0.014100406 0.060645388 0.990201855 0.124994404
1706585422.982610464 35.008268193 -8.002022734 -0.493982016 0.003452299 0.052575666 0.990037721 0.130572555
1706585423.082449675 34.859343641 -7.979057018 -0.489689789 0.006848510 0.044735567 0.991049802 0.125587092
1706585423.182283401 34.702014842 -7.938065243 -0.484769898 0.008702236 0.044569581 0.991739701 0.119959112
1706585423.282910347 34.562084934 -7.891319130 -0.489632228 0.014356999 0.047298719 0.991627766 0.119294094
1706585423.381827593 34.417970941 -7.862022798 -0.482908922 0.018021941 0.036651158 0.992058585 0.118960772
1706585423.480509281 34.265318698 -7.844406324 -0.477492607 0.016117539 0.029787851 0.993038845 0.112812948
1706585423.582456350 34.100005381 -7.821380255 -0.476099341 0.003898134 0.026163978 0.994253803 0.103728621
1706585423.682289600 33.942533315 -7.802113907 -0.475455947 0.009131293 0.025440690 0.995322189 0.092753068
1706585423.781671286 33.776311027 -7.767959066 -0.471538005 0.003076418 0.025543203 0.996288741 0.082139061
1706585423.880355835 33.610940819 -7.737343636 -0.476217880 0.004638783 0.030219167 0.996907417 0.072393964
1706585423.979043245 33.449217983 -7.718640778 -0.475226334 -0.001323281 0.026634446 0.997011192 0.072508891
1706585424.082474470 33.276241486 -7.681656114 -0.469622162 -0.005068843 0.025010053 0.996703144 0.077017191
1706585424.182316780 33.119031624 -7.639708106 -0.477365792 -0.004446632 0.026628436 0.996157764 0.083311847
1706585424.282543898 32.965701873 -7.611619977 -0.472714770 -0.002206397 0.025445748 0.995011162 0.096438757
1706585424.382396936 32.816763223 -7.582864930 -0.467882957 -0.001528760 0.012048800 0.993718821 0.111244749
1706585424.482242823 32.667740129 -7.544306741 -0.464487968 -0.003861310 0.002230419 0.992086664 0.125475762
1706585424.582881212 32.523807094 -7.488338365 -0.469175884 -0.008382259 0.006777456 0.990932765 0.133925572
1706585424.681382895 32.364822850 -7.428141844 -0.472544875 -0.013268323 0.005899149 0.988969404 0.147406474
1706585424.779935598 32.206040909 -7.362838633 -0.472500911 -0.009631409 0.010541130 0.987493682 0.157010662
1706585424.882416010 32.054502014 -7.290989656 -0.468294409 -0.002217482 0.009311379 0.985447675 0.169709344
1706585424.982254982 31.908823313 -7.210136282 -0.475840600 0.007904734 0.015366356 0.983470439 0.180242296
1706585425.081362963 31.759923676 -7.136726065 -0.484352424 0.003480495 0.025101059 0.981273138 0.190947248
1706585425.180110455 31.617703874 -7.070941864 -0.486928896 0.008295768 0.030524706 0.980058130 0.196177175
1706585425.278879642 31.480619716 -7.010121373 -0.486067509 0.011690716 0.021399683 0.979856973 0.198206188
1706585425.382443190 31.341535333 -6.951621594 -0.478451253 0.019795408 0.022193686 0.979051667 0.201428436
1706585425.482276678 31.216218041 -6.882448045 -0.474762247 0.022054339 0.020945077 0.978103463 0.205884737
1706585425.582912445 31.077905042 -6.812599525 -0.464922637 0.023985381 0.023108631 0.977082900 0.210237243
1706585425.682759523 30.936031394 -6.740266529 -0.463415924 0.025280978 0.027210409 0.976796279 0.210925331
1706585425.782589674 30.801296432 -6.665362174 -0.468078297 0.027124795 0.036856465 0.976638501 0.209959720
1706585425.881578445 30.671160876 -6.583544092 -0.465711200 0.025508753 0.046820436 0.976113587 0.210616750
1706585425.980189562 30.523014853 -6.509372550 -0.466907255 0.019377310 0.051565643 0.975751002 0.211838350
1706585426.078900814 30.364894268 -6.441408009 -0.483234681 0.011118028 0.055378464 0.977595972 0.202770144
1706585426.182721853 30.183081661 -6.365924232 -0.492338588 0.000531763 0.056784716 0.980414632 0.188579856
1706585426.282311678 30.013665305 -6.303975006 -0.481376254 -0.003534537 0.055423205 0.983545871 0.171910716
1706585426.381049395 29.867437768 -6.249779106 -0.482782095 0.001801107 0.056621068 0.985813302 0.157996656
1706585426.479880095 29.728083520 -6.195742521 -0.467701347 0.008254781 0.054765825 0.987882845 0.144982922
1706585426.582884550 29.579777979 -6.165211238 -0.449524060 0.012063945 0.042047389 0.989438513 0.138195180
1706585426.682723522 29.432121937 -6.140708164 -0.432479749 0.010216162 0.024662738 0.990572949 0.134360006
1706585426.782555103 29.291395864 -6.105715715 -0.415870795 0.007641679 0.020427307 0.990747459 0.133954475
1706585426.882411718 29.154346174 -6.057053163 -0.404025819 0.008378043 0.022498956 0.990531727 0.135168424
1706585426.982259512 29.023454058 -6.018600843 -0.397215425 0.010244290 0.021162622 0.990106309 0.138335441
1706585427.082912207 28.888286481 -5.970953453 -0.399773393 0.013265446 0.025526100 0.989584456 0.141049819
1706585427.181711674 28.755831013 -5.925068939 -0.394274120 0.013889520 0.025247640 0.988922513 0.145608730
1706585427.280375481 28.606943295 -5.882997116 -0.394450289 0.008480876 0.021067786 0.988899136 0.146842508
1706585427.379093885 28.449184647 -5.831500384 -0.397050011 0.006445235 0.029178871 0.988877725 0.145697970
1706585427.482273817 28.292974785 -5.769887815 -0.393373277 0.005686811 0.034911505 0.989737221 0.138452448
1706585427.582139492 28.137088822 -5.730782335 -0.393647880 0.007246504 0.035783478 0.990843690 0.129983895
1706585427.680881262 27.983531113 -5.693340178 -0.399257660 0.006809715 0.032286202 0.992037928 0.121540026
1706585427.779716492 27.826975773 -5.651802516 -0.396294023 0.011471672 0.035540736 0.992685062 0.114811256
1706585427.882416725 27.684130453 -5.618075792 -0.386501362 0.014768393 0.031171893 0.993213665 0.111071254
1706585427.982256174 27.553286487 -5.586693699 -0.381525367 0.019978472 0.034504103 0.993538847 0.106258584
1706585428.082902908 27.408901869 -5.556032037 -0.371757136 0.022674258 0.035550798 0.993730651 0.103544250
1706585428.182754755 27.270914118 -5.528327934 -0.370591817 0.016982849 0.036269534 0.994135860 0.100448972
1706585428.282595158 27.134377857 -5.486911152 -0.365691447 0.015503660 0.045070196 0.994115129 0.097280131
1706585428.382432699 26.992295754 -5.439463655 -0.369277650 0.015975065 0.055007004 0.993743620 0.095878281
1706585428.481820822 26.833874641 -5.395296269 -0.366327136 0.014681264 0.055014662 0.993697409 0.096557268
1706585428.580524206 26.687613412 -5.362259014 -0.362822612 0.019417825 0.053464167 0.993744263 0.096108638
1706585428.682753325 26.526353160 -5.320045747 -0.353235952 0.015399059 0.050691599 0.993713030 0.098628822
1706585428.782584429 26.380529544 -5.286116780 -0.345925097 0.016878974 0.049382665 0.993269403 0.103403803
1706585428.881968260 26.219753478 -5.255642847 -0.335387809 0.013305252 0.042850393 0.992905653 0.110114390
1706585428.980746269 26.064283478 -5.216394921 -0.327587319 0.011018696 0.042190392 0.992524285 0.113991682
1706585429.079580069 25.904938975 -5.157900648 -0.327381958 0.007709066 0.048624553 0.991792679 0.117997902
1706585429.182740450 25.755708823 -5.106755900 -0.318371966 0.004937911 0.048877169 0.991034461 0.124247080
1706585429.282579899 25.609937674 -5.077075099 -0.297738983 0.018944442 0.032710931 0.990669445 0.130939506
1706585429.382430553 25.478857828 -5.046633618 -0.278294490 0.027733020 0.020836199 0.989989408 0.136812665
1706585429.482299805 25.346791972 -5.005745869 -0.278161523 0.031702651 0.019726459 0.989127804 0.142239222
1706585429.582526445 25.199946125 -4.950212213 -0.264506882 0.026666692 0.023949967 0.988825217 0.144706521
1706585429.682353258 25.050496815 -4.893925640 -0.263308093 0.016753318 0.034072376 0.988939627 0.143376474
1706585429.781129599 24.905096481 -4.836572390 -0.263390171 0.015464557 0.041258340 0.988770021 0.142802110
1706585429.879827499 24.758395188 -4.773920892 -0.261563196 0.018604526 0.051008229 0.987831800 0.145740750
1706585429.978518724 24.617576642 -4.717554241 -0.263581963 0.023399102 0.050692968 0.986909794 0.151300244
1706585430.082924843 24.457899956 -4.665972597 -0.258154426 0.021209097 0.051857161 0.986845557 0.151647141
1706585430.181967497 24.312416143 -4.607001324 -0.263462208 0.025444982 0.058214489 0.987004196 0.147601979
1706585430.280761003 24.163886615 -4.554765918 -0.248925299 0.015853075 0.061878856 0.987965689 0.140866903
1706585430.379756927 24.019030282 -4.522968973 -0.242570774 0.022843696 0.051605362 0.989741675 0.131249646
1706585430.482296944 23.878297148 -4.507056393 -0.226013797 0.030194821 0.043913211 0.990834487 0.124124622
1706585430.582528591 23.735368169 -4.468567124 -0.225056119 0.028052857 0.047422136 0.991936530 0.114131936
1706585430.682367325 23.598345851 -4.426608449 -0.220368099 0.030153087 0.050877366 0.992455669 0.107396599
1706585430.782599926 23.447583293 -4.404834776 -0.205738041 0.023535433 0.042516160 0.992985263 0.107790201
1706585430.882430315 23.289129499 -4.394289659 -0.199847523 0.009813500 0.027750528 0.993434253 0.110553099
1706585430.982275248 23.128968490 -4.372934455 -0.194130556 0.003209326 0.021870606 0.993932209 0.107750366
1706585431.081198454 22.972458301 -4.334644650 -0.186518530 0.004168166 0.019559153 0.994346572 0.104283083
1706585431.179593086 22.823154840 -4.287802503 -0.192352279 0.007906364 0.029407731 0.994485311 0.100357568
1706585431.282600403 22.660960339 -4.252588646 -0.189188005 0.005122394 0.030070265 0.994835549 0.096807907
1706585431.382442713 22.513786372 -4.224332930 -0.181721491 0.005746102 0.026433478 0.994852615 0.097655147
1706585431.481735945 22.372063993 -4.198278793 -0.161832779 0.007774265 0.015567999 0.995015072 0.098194731
1706585431.580775738 22.239325473 -4.172032680 -0.151011345 0.019715062 0.012546072 0.994819662 0.098933071
1706585431.682765484 22.077517346 -4.136918529 -0.163752143 0.006675080 0.011886361 0.995212307 0.096781306
1706585431.782622337 21.932096631 -4.097503517 -0.146541912 0.012511303 0.013886451 0.994717719 0.100932124
1706585431.882464170 21.792921771 -4.058754086 -0.146739231 0.015751898 0.019878394 0.994084859 0.105603130
1706585431.982289791 21.645783816 -4.019873345 -0.155755713 0.007556702 0.023906534 0.993130852 0.114291229
1706585432.082928658 21.516361431 -3.989412561 -0.137191445 0.026078840 0.012822522 0.992647644 0.117499501
1706585432.182766199 21.370983347 -3.960171761 -0.132688508 0.014771854 0.011086856 0.992728875 0.118946435
1706585432.282238483 21.210802923 -3.919358362 -0.123979865 0.010951352 0.009676605 0.992754414 0.119269044
1706585432.380717993 21.062695920 -3.872057791 -0.116470119 0.007994136 0.013008612 0.993323956 0.114343293
1706585432.479105234 20.911790631 -3.827016713 -0.116548748 0.006855878 0.021330584 0.993576598 0.110921353
1706585432.582532644 20.740802928 -3.778521544 -0.118342493 0.005356437 0.026769321 0.993645326 0.109195595
1706585432.682387114 20.578628956 -3.739192869 -0.123084203 0.004830194 0.028107455 0.993669273 0.108664700
1706585432.781698942 20.423252789 -3.707470441 -0.111286080 0.003458915 0.019273772 0.993384881 0.113150497
1706585432.880609512 20.265232536 -3.674851248 -0.122201914 -0.001727734 0.019620269 0.993584160 0.111366861
1706585432.982690096 20.113752010 -3.631602217 -0.109775315 0.000850342 0.014754071 0.992908367 0.117960029
1706585433.082521200 19.961475344 -3.581343277 -0.106143901 0.001891011 0.019134605 0.992601861 0.119882597
1706585433.182359695 19.819757210 -3.521334019 -0.119809120 0.006763856 0.029047180 0.991822891 0.124088129
1706585433.282586813 19.683173530 -3.473896371 -0.114580155 0.005953794 0.030818855 0.990102981 0.136787563
1706585433.382432938 19.543236393 -3.433138002 -0.105742408 -0.000183991 0.027301034 0.989538808 0.141660041
1706585433.482294083 19.409977039 -3.383305710 -0.103023980 -0.002474509 0.028201285 0.988693637 0.147253037
1706585433.581435919 19.278965001 -3.335264550 -0.096283194 0.002400033 0.032217311 0.988480158 0.147862306
1706585433.680016994 19.162916395 -3.290692760 -0.101490509 0.008338194 0.035110208 0.988905650 0.144094982
1706585433.778545856 19.030274407 -3.246786859 -0.110032906 0.011198863 0.039028619 0.989804018 0.136526034
1706585433.882871628 18.872775439 -3.199980278 -0.112075940 0.012822511 0.043073431 0.991187522 0.124609626
1706585433.982687712 18.718498746 -3.156104447 -0.113572518 -0.001653863 0.044273279 0.991946468 0.118656419
1706585434.081743717 18.568234430 -3.119531010 -0.110169199 -0.002087643 0.044874092 0.992764047 0.111362040
1706585434.180784464 18.415315501 -3.099505155 -0.104399449 -0.007003046 0.033740014 0.993085884 0.112218521
1706585434.282237053 18.259180721 -3.087878747 -0.100479961 -0.007492148 0.018845282 0.993804634 0.109275215
1706585434.382872343 18.111836995 -3.051943800 -0.101679080 0.002071552 0.020899622 0.993557662 0.111364657
1706585434.482706308 17.973791469 -3.009421978 -0.099030816 0.000970735 0.020480058 0.993118277 0.115307034
1706585434.582553148 17.833417337 -2.975808272 -0.097030319 0.004337398 0.015949584 0.992825902 0.118420966
1706585434.682394266 17.686858979 -2.932046417 -0.092705556 0.002558042 0.016614909 0.992729946 0.119183283
1706585434.782249451 17.546468717 -2.887521939 -0.090883198 0.008890489 0.017992074 0.992297655 0.122239963
1706585434.881034851 17.404672137 -2.842026718 -0.087889421 0.006617456 0.018697265 0.991806068 0.126203588
1706585434.979774952 17.292758578 -2.796518568 -0.076013403 0.023935413 0.017634264 0.991026136 0.130320093
1706585435.082584858 17.182437293 -2.746420741 -0.074571943 0.029566451 0.023169431 0.989574659 0.139035952
1706585435.182415724 17.052139119 -2.707780472 -0.081484120 0.014595161 0.021003371 0.988697500 0.147726411
1706585435.282263517 16.920276227 -2.672722524 -0.068427566 0.013573170 0.012154632 0.987759305 0.154918006
1706585435.382087708 16.799584625 -2.616547209 -0.063448174 0.006805386 0.016157649 0.988878768 0.147686826
1706585435.482761621 16.701994520 -2.552465836 -0.086779333 0.007771149 0.042698652 0.988029756 0.148032550
1706585435.582591057 16.609244915 -2.488862912 -0.083116963 0.016640830 0.058653489 0.986217959 0.153808283
1706585435.682427406 16.497799117 -2.453800938 -0.081262528 0.018985887 0.057696256 0.985790048 0.156616278
1706585435.782278776 16.380977192 -2.438156471 -0.065276081 0.023439928 0.039695032 0.986531021 0.156943998
1706585435.882927418 16.294217766 -2.434368128 -0.026517517 0.036504856 0.015825879 0.985761354 0.163375304
1706585435.982767582 16.220316755 -2.416700622 -0.016666088 0.055077472 0.000021179 0.984486395 0.166592344
1706585436.082602978 16.118443130 -2.383233191 -0.016015022 0.052146151 0.004480420 0.985934670 0.158724702
1706585436.181024790 16.021078530 -2.337061650 -0.019851493 0.049161817 0.012518346 0.986484822 0.155801482
1706585436.279523611 15.910139594 -2.292603476 -0.027204369 0.037700055 0.014149369 0.986552981 0.158403655
1706585436.382924080 15.777392214 -2.240455151 -0.025167600 0.013275671 0.023144761 0.987123762 0.157717324
1706585436.482768059 15.646274365 -2.189168881 -0.010896607 -0.015755154 0.023059010 0.987138705 0.157407860
1706585436.582614422 15.532092850 -2.165598727 0.002770017 -0.013872002 0.011888651 0.988883899 0.147563080
1706585436.682469368 15.410483323 -2.156835667 0.008460623 -0.006651036 -0.005691257 0.989756598 0.142496489
1706585436.782315493 15.287819442 -2.129561304 0.005645767 0.001743640 -0.011389822 0.990860839 0.134395049
1706585436.882566452 15.182876035 -2.081225092 -0.002385264 0.013738791 0.004204646 0.991759774 0.127303247
1706585436.982393980 15.073358335 -2.028586003 -0.007737898 0.012525963 0.017112903 0.992043661 0.124095219
1706585437.082217216 14.948235215 -1.987957328 -0.002337523 0.010757573 0.017395461 0.992230289 0.122722151
1706585437.182853937 14.830456473 -1.952693193 0.004854107 0.008537567 0.013869636 0.992417277 0.121830589
1706585437.282704592 14.692036903 -1.923743934 -0.009267500 -0.009004325 0.016133791 0.992614122 0.119899243
1706585437.381496668 14.548747886 -1.885711455 0.001924492 -0.023273468 0.017212629 0.992715811 0.116950376
1706585437.480119944 14.413274155 -1.853305888 -0.004381239 -0.020778320 0.016281341 0.993317352 0.112355759
1706585437.578734636 14.281837234 -1.829988219 -0.009976126 -0.025021262 0.017851545 0.993791660 0.106927060
1706585437.682415485 14.143078902 -1.802281851 -0.017495676 -0.016416342 0.018497208 0.994726626 0.099535400
1706585437.782255888 14.037320693 -1.788994584 -0.017656408 0.009414119 0.009589944 0.995204414 0.096889531
1706585437.882898092 13.913772981 -1.766499924 -0.012130910 0.000989934 0.003437997 0.995345207 0.096307419
1706585437.982745647 13.805963559 -1.745320402 -0.005907021 0.000554353 0.001872665 0.995330004 0.096510983
1706585438.082586765 13.712607365 -1.719613973 0.000863710 0.005952709 0.004707289 0.995093643 0.098646072
1706585438.182420015 13.602978773 -1.695024347 0.003713652 0.003420319 0.003059775 0.994999324 0.099776174
1706585438.282256842 13.481147719 -1.667895980 0.000771090 0.003631145 0.001755244 0.994794439 0.101822187
1706585438.382899284 13.357019594 -1.638471997 0.004989606 -0.001488361 -0.001490504 0.994287960 0.106709959
1706585438.482740641 13.240706706 -1.608135186 0.002715394 -0.004138733 0.001137111 0.994499235 0.104655865
1706585438.582569122 13.105461234 -1.573397145 -0.005557974 -0.010290993 0.008321515 0.994695439 0.102008975
1706585438.681242943 12.980484514 -1.547943003 -0.003808777 -0.009799841 0.008189719 0.995171927 0.097312527
1706585438.779957294 12.862284560 -1.530825269 0.001618954 -0.001452334 0.005605609 0.995834701 0.090992947
1706585438.882852077 12.731025661 -1.502919313 0.001493305 -0.000572895 0.009111628 0.996575593 0.082181123
1706585438.982695341 12.619109491 -1.481734621 0.001121413 0.013490577 0.009103467 0.996955236 0.076258695
1706585439.082540989 12.499342755 -1.466630041 -0.003940625 0.017114942 0.009547069 0.997358136 0.069947701
1706585439.182379007 12.379877573 -1.448173433 -0.006145312 0.014394602 0.011130290 0.997600809 0.066794746
1706585439.282216549 12.254396590 -1.433418602 -0.003642237 0.008892290 0.008150595 0.997675101 0.067073752
1706585439.382858276 12.110807801 -1.414027707 -0.000865299 0.006099773 0.008214364 0.997695099 0.067080599
1706585439.482702971 11.971484979 -1.397374391 0.006866419 0.003319699 0.007176230 0.997773135 0.066228792
1706585439.582549572 11.822525046 -1.371239004 0.000651538 0.003204653 0.010180407 0.997828763 0.064991151
1706585439.682389021 11.675355070 -1.342063293 0.000737396 0.002300349 0.013255479 0.997593204 0.068020584
1706585439.782227278 11.523554407 -1.315355499 0.002929944 -0.000586078 0.014219372 0.997314443 0.071842661
1706585439.882351875 11.375582423 -1.299273705 0.015859458 -0.004984460 0.004375318 0.996883368 0.078610193
1706585439.981005430 11.244612557 -1.267901182 0.013003739 -0.003953756 -0.001027974 0.996479535 0.083736777
1706585440.079647303 11.115468181 -1.222225659 0.006299628 -0.002872391 0.008039369 0.995792821 0.091234726
1706585440.182405472 10.982647896 -1.174532921 0.009751894 -0.002799957 0.015359662 0.994660425 0.102014114
1706585440.282258511 10.860203268 -1.134150371 0.014558916 -0.004823435 0.013209293 0.993828576 0.110031857
1706585440.382907152 10.725199527 -1.099086820 0.013058565 -0.007211158 0.013585477 0.993276960 0.114735851
1706585440.482737541 10.578462028 -1.056116618 0.010477889 -0.010801967 0.017317417 0.993290461 0.113830949
1706585440.582564116 10.436215598 -1.011333505 0.008804847 -0.012124700 0.023644035 0.994022269 0.105894663
1706585440.682394028 10.319007264 -0.980191368 0.012926503 0.001906684 0.033042315 0.994405179 0.100314055
1706585440.782226801 10.189722407 -0.957357871 -0.008860726 0.008787869 0.041285809 0.995422472 0.085745887
1706585440.882862806 10.054711958 -0.937422708 -0.009000976 0.000084556 0.043441830 0.996297486 0.074189754
1706585440.982696533 9.922896216 -0.924865985 -0.013995627 -0.002911474 0.041982058 0.996879434 0.066786400
1706585441.082540274 9.802813822 -0.921943412 -0.007253552 -0.005833686 0.032757252 0.997190891 0.067106309
1706585441.181980371 9.673410448 -0.912695681 0.000996031 -0.005122215 0.018169564 0.997033532 0.074617467
1706585441.280633211 9.547958981 -0.900950827 -0.006818892 -0.007297480 0.009228092 0.997129351 0.074797372
1706585441.379273415 9.415370953 -0.872416264 -0.007685140 -0.010596544 0.006962582 0.996369990 0.084178844
1706585441.482712030 9.291921129 -0.840912152 -0.001584029 -0.007009791 0.013820234 0.995837157 0.089823272
1706585441.582550049 9.151553725 -0.803579620 -0.000483869 -0.008919930 0.014701734 0.995087197 0.097497510
1706585441.682387352 9.024950358 -0.773614470 0.005422114 -0.004726459 0.011587501 0.994217813 0.106650506
1706585441.782228708 8.889969709 -0.738840904 0.003358747 -0.004169426 0.008019141 0.993424267 0.114133850
1706585441.882850885 8.759457046 -0.701590188 -0.007599683 -0.005283341 0.010156478 0.993099642 0.116713471
1706585441.982685566 8.621867206 -0.660566614 -0.005207607 -0.006991228 0.009179459 0.992660235 0.120384873
1706585442.082532883 8.502234141 -0.626490362 -0.008112265 -0.003536885 0.006445629 0.992369728 0.123078296
1706585442.182373047 8.367623632 -0.587936969 -0.014549149 -0.005462612 0.008192697 0.992493303 0.121901943
1706585442.282204628 8.235232573 -0.543818435 -0.019539772 -0.001531674 0.011035088 0.992258227 0.123691117
1706585442.382833004 8.095427553 -0.504045115 -0.023601474 -0.008878770 0.009501977 0.991934579 0.126081997
1706585442.481618881 7.971331785 -0.468958072 -0.017647924 -0.007906966 0.009903921 0.991700709 0.127941766
1706585442.580284595 7.833765446 -0.427587903 -0.019958770 -0.008639466 0.012357056 0.991524216 0.129044151
1706585442.678980350 7.703065188 -0.396758305 -0.014506151 -0.008799038 0.009510243 0.991313955 0.130876944
1706585442.782587528 7.568954403 -0.354755508 -0.021610508 -0.001802887 0.011787137 0.991366863 0.130573952
1706585442.882431984 7.441603018 -0.308814759 -0.024321078 -0.002736864 0.015743955 0.991716393 0.127448945
1706585442.982278347 7.312421882 -0.276174272 -0.030298987 -0.001511144 0.015508945 0.992152195 0.124061322
1706585443.082916021 7.192778201 -0.245662524 -0.033017519 -0.000503837 0.013697460 0.992760399 0.119326929
1706585443.182765245 7.073503220 -0.220693228 -0.035320601 -0.000109082 0.011919908 0.993661689 0.111778132
1706585443.282612324 6.952781466 -0.195700470 -0.035310794 -0.002733479 0.010110940 0.994243520 0.106630767
1706585443.382454634 6.818386209 -0.171327272 -0.039427643 -0.004142750 0.008902425 0.994856698 0.100815354
1706585443.482298851 6.671966691 -0.142662260 -0.047653612 -0.005721811 0.009881019 0.995215704 0.097032613
1706585443.582532167 6.511073136 -0.110160372 -0.041875315 -0.015730979 0.009967977 0.995236199 0.095697874
1706585443.682379484 6.362931348 -0.082928634 -0.041182013 -0.010712886 0.003696773 0.995299985 0.096174363
1706585443.781346083 6.215997299 -0.050178842 -0.033730820 -0.005672894 0.002396020 0.995066426 0.099019616
1706585443.880051136 6.075556378 -0.016459752 -0.032104194 0.000079514 -0.004688268 0.994487318 0.104752030
1706585443.978798151 5.936287458 0.014492702 -0.027659872 0.004745955 -0.008730068 0.994089178 0.108110909
1706585444.082531691 5.784075798 0.067029271 -0.027910338 0.001873873 0.000418704 0.993463675 0.114132550
1706585444.182374954 5.641356792 0.111715488 -0.029852402 -0.002025312 0.003062114 0.992484948 0.122311686
1706585444.282226324 5.508244888 0.148327797 -0.022025585 0.000531135 -0.003249518 0.991249958 0.131957108
1706585444.382868767 5.367343000 0.198152972 -0.020664644 0.001665079 -0.000883869 0.990348346 0.138587877
1706585444.482714415 5.230026708 0.255155067 -0.016123173 0.004101814 -0.000584136 0.988941919 0.148245456
1706585444.582550526 5.092403866 0.305475578 -0.010032746 0.007294236 -0.001286987 0.987473129 0.157613318
1706585444.681416273 4.947266390 0.366318545 -0.007864672 0.005123797 0.002710563 0.986441123 0.164013143
1706585444.779924154 4.818019944 0.423958474 -0.009980051 0.008583031 0.003414966 0.984575740 0.174714861
1706585444.882866144 4.667793845 0.482189573 -0.008338673 0.002305619 -0.001052016 0.982704034 0.185165763
1706585444.982412815 4.543103133 0.540642024 -0.001630658 -0.002378668 0.000109817 0.981020763 0.193888090
1706585445.081127167 4.419175861 0.606109934 -0.008746655 -0.000602712 0.004258889 0.978890060 0.204342234
1706585445.179799557 4.289360866 0.669658851 -0.013116008 -0.004213987 0.004282760 0.976766460 0.214222273
1706585445.278572321 4.173087117 0.732623781 -0.011007591 -0.003672779 0.004212800 0.974703988 0.223429850
1706585445.382849455 4.052719915 0.801593678 -0.013844998 -0.003466465 0.007083162 0.972963914 0.230822516
1706585445.482691765 3.938394877 0.878350001 -0.021229221 0.005221627 0.009159392 0.972506894 0.232635299
1706585445.582528830 3.810266298 0.944848922 -0.028161502 0.004782715 0.011156510 0.972877378 0.231002738
1706585445.682387114 3.691473038 1.008339340 -0.029481403 0.005662250 0.011207355 0.973749953 0.227273764
1706585445.782222509 3.566646456 1.072992813 -0.033660158 0.004582389 0.016588800 0.973776316 0.226855682
1706585445.881645679 3.475634217 1.115478985 -0.028350094 0.002312067 0.011357353 0.974004622 0.226231432
1706585445.980309486 3.392723374 1.164858597 -0.018151247 0.004680212 0.009825060 0.974321596 0.224897737
1706585446.078973293 3.301675321 1.212308770 -0.011679503 0.006348467 0.010751894 0.974886955 0.222349991
1706585446.182363987 3.208466012 1.266827544 -0.001826909 0.010432891 0.011814021 0.974951743 0.221857347
1706585446.282272816 3.112563812 1.320544787 0.000469932 0.008596025 0.014999464 0.974807010 0.222378997
1706585446.380962610 2.996602928 1.375817339 0.005279398 0.004088668 0.013131544 0.975197971 0.220906682
1706585446.479710817 2.873381913 1.421415397 0.008300021 0.000046997 0.009691655 0.975995207 0.217576252
1706585446.582896948 2.752198950 1.469556048 0.002167736 0.004400308 0.006195897 0.978039641 0.208280362
1706585446.682740211 2.638677605 1.521265348 0.001449538 0.007760092 0.006646104 0.979929643 0.199081653
1706585446.782573700 2.511659909 1.572187158 -0.000368015 0.006983646 0.009293770 0.981718084 0.189985417
1706585446.882410526 2.385501065 1.621556802 0.004777696 0.009460479 0.007141509 0.982634038 0.185175174
1706585446.982240200 2.270212137 1.663743730 0.011993591 0.004296040 0.002561991 0.983309806 0.181870298
1706585447.082877874 2.149045603 1.704349416 0.011419382 0.003586238 -0.003228992 0.983870463 0.178817291
1706585447.181566954 2.031102904 1.745995373 0.017759749 0.003721850 -0.001021607 0.984442774 0.175663110
1706585447.280262947 1.920259874 1.787229049 0.025794205 0.004946862 0.000785015 0.985573912 0.169171441
1706585447.378994226 1.805826573 1.825287329 0.017566827 0.005241399 0.009945500 0.986558873 0.163019034
1706585447.482232809 1.699434853 1.856904201 0.019754589 0.004196063 0.008546668 0.987640125 0.156449130
1706585447.582056284 1.592636251 1.879929540 0.027902292 0.003601435 0.002805530 0.989054712 0.147478594
1706585447.680821896 1.494397482 1.898289244 0.018546033 0.005159315 -0.002021559 0.990412483 0.138030459
1706585447.779590845 1.401901877 1.925942913 0.008843616 0.003269199 0.002067835 0.991707744 0.128455391
1706585447.881909132 1.311374855 1.957659598 0.010831578 0.000722086 0.005531491 0.992408874 0.122855641
1706585447.982028246 1.213146652 1.980669854 0.008919441 -0.002553070 0.003809542 0.992784534 0.119824195
1706585448.082871675 1.109221655 2.007827421 0.001709356 -0.015497663 0.005067938 0.992898449 0.117842307
1706585448.182705164 1.004122872 2.034439921 0.007587400 -0.024402408 0.004375653 0.992573298 0.119095023
1706585448.282155514 0.908279185 2.053949169 0.013708974 -0.028942096 -0.000233544 0.992913056 0.115264756
1706585448.382363796 0.818114592 2.087449760 0.013827679 -0.029065286 0.004354863 0.993453924 0.110388153
1706585448.481796026 0.713617885 2.117827820 0.001986753 -0.031047017 0.011472687 0.993862305 0.105556522
1706585448.580498457 0.638420334 2.153204875 -0.004884042 -0.026893185 0.018603017 0.993933214 0.105011668
1706585448.681948662 0.565226618 2.198941685 -0.014932376 -0.021883713 0.028101456 0.993373607 0.109271623
1706585448.782619238 0.496919459 2.222858474 -0.021161144 -0.019204676 0.027347736 0.992984927 0.113420528
1706585448.881620646 0.436904597 2.234628773 -0.014933296 -0.022248073 0.021951916 0.992727397 0.116255978
1706585448.980407238 0.393687037 2.251062720 -0.014240803 -0.022324041 0.021751875 0.992670890 0.116760431
1706585449.079165459 0.369555642 2.260346160 -0.020145263 -0.021518245 0.026742088 0.992513033 0.117216487
1706585449.177733183 0.359078568 2.257616805 -0.023635708 -0.020458821 0.025721618 0.992451764 0.118149611
1706585449.282177925 0.354915629 2.256876956 -0.025267005 -0.018321482 0.023103716 0.992506496 0.118580762
1706585449.382385492 0.354969867 2.252795154 -0.019663191 -0.018924848 0.022022848 0.992492386 0.118809541
1706585449.482241392 0.358688153 2.242993734 -0.019633086 -0.017443607 0.022337628 0.992456078 0.119279859
1706585449.581560135 0.341240872 2.241160619 -0.017884444 -0.016859478 0.020366850 0.992440388 0.119845839
1706585449.682518244 0.324543094 2.241555340 -0.029578072 -0.015013845 0.022259320 0.992520934 0.119085275
1706585449.781271219 0.281924743 2.250691323 -0.031065642 -0.016514135 0.019349652 0.992459544 0.119903828
1706585449.879997969 0.261515130 2.258230194 -0.022088258 -0.016368595 0.021852198 0.992306629 0.120756384
1706585449.982236385 0.249023322 2.261944251 -0.020684634 -0.016206989 0.022337487 0.992181832 0.121711059
1706585450.082653522 0.238729900 2.265640384 -0.024107929 -0.015422441 0.024056197 0.992065314 0.122433088
1706585450.181318760 0.222823862 2.268535706 -0.013660516 -0.016208832 0.022839588 0.991994961 0.123132546
1706585450.280329466 0.225558996 2.266338677 -0.011492255 -0.015719271 0.022228030 0.991976978 0.123452395
1706585450.378854990 0.227408908 2.269534690 -0.008638322 -0.016010191 0.021757123 0.992034299 0.123037600
1706585450.481656313 0.222815464 2.269852557 -0.013679952 -0.015643688 0.021296624 0.992028330 0.123213317
1706585450.582899094 0.236373030 2.261756925 -0.013449837 -0.015647131 0.022414022 0.991995341 0.123280261
1706585450.682754278 0.248425592 2.257706786 -0.020184171 -0.015170253 0.022933749 0.992026744 0.122991241
1706585450.782522202 0.259812533 2.258900603 -0.021555100 -0.015875464 0.021440373 0.992043866 0.123033521
1706585450.880583286 0.266705457 2.257331337 -0.020701138 -0.015971680 0.019629650 0.992067904 0.123129425
1706585450.982265472 0.277675960 2.255964734 -0.012631695 -0.016126404 0.021227585 0.992065646 0.122862045
1706585451.081019878 0.293888779 2.252871672 -0.008204899 -0.016601573 0.021751997 0.992040142 0.122912954
1706585451.179145098 0.298563790 2.256895585 -0.006720924 -0.016164886 0.019984575 0.992099310 0.122793618
1706585451.282411575 0.307153260 2.256117859 -0.003470643 -0.017116828 0.019799343 0.992087877 0.122786988
1706585451.382322550 0.317608690 2.251299970 -0.004961446 -0.016343362 0.021672626 0.992095208 0.122516488
1706585451.481305599 0.322895335 2.253422315 -0.006444257 -0.016401101 0.020896593 0.992116950 0.122467521
1706585451.579837084 0.318074704 2.262093747 -0.011625819 -0.015574595 0.022366329 0.992158734 0.121976332
1706585451.682188511 0.316417141 2.261557995 -0.019510043 -0.015343366 0.023530126 0.992120624 0.122096606
1706585451.780962229 0.320200024 2.256517651 -0.028343145 -0.014904696 0.021051303 0.992176586 0.122148745
1706585451.882861376 0.313434466 2.249782530 -0.037382569 -0.014967297 0.021440780 0.992105104 0.122652904
1706585451.982706070 0.312263437 2.250500396 -0.036727291 -0.014383971 0.023622073 0.992113674 0.122252022
1706585452.081598282 0.331305024 2.242189808 -0.035674306 -0.014857815 0.020487533 0.992114800 0.122750679
1706585452.182370663 0.323935624 2.239639729 -0.031756935 -0.015547713 0.021546215 0.992068042 0.122861829
1706585452.282056093 0.329991804 2.241254410 -0.022409024 -0.015669838 0.021934196 0.992100370 0.122516131
1706585452.380180597 0.324227281 2.249500588 -0.011368133 -0.016342269 0.020381185 0.992141481 0.122363468
1706585452.482298851 0.323474661 2.250673236 -0.008215848 -0.016469753 0.020913623 0.992099752 0.122594654
1706585452.582115650 0.323988638 2.253122290 -0.005150494 -0.016291754 0.020573514 0.992127707 0.122449672
1706585452.682307959 0.322698427 2.254314232 -0.003487467 -0.016564826 0.020016205 0.992099939 0.122730066
1706585452.780868530 0.312218085 2.261606635 -0.003278622 -0.016563302 0.020043620 0.992172094 0.122141088
1706585452.882747412 0.321823780 2.260834931 -0.003476885 -0.016559333 0.023080959 0.992204406 0.121340326
1706585452.981998682 0.338029617 2.249697301 -0.010727267 -0.015428493 0.022096541 0.992091000 0.122593443
1706585453.082521200 0.354743356 2.241606224 -0.025071272 -0.015284075 0.023930554 0.992134948 0.121909680
1706585453.182359934 0.371217188 2.238709160 -0.028215697 -0.014548475 0.023660138 0.992161175 0.121839003
1706585453.282529116 0.394799791 2.234082922 -0.036345948 -0.014965300 0.023753113 0.992254433 0.121008139
1706585453.382050276 0.412951996 2.227132807 -0.042529062 -0.014040847 0.023532404 0.992208291 0.121539247
1706585453.482021332 0.430648411 2.224631621 -0.035523452 -0.015370525 0.021836572 0.992222122 0.121581953
1706585453.581216335 0.427471432 2.229855514 -0.027704799 -0.015549283 0.022095404 0.992254375 0.121248788
1706585453.679486990 0.430761250 2.226078646 -0.024391268 -0.015797282 0.021077920 0.992227873 0.121614210
1706585453.782532930 0.432438253 2.227902693 -0.021878877 -0.015636601 0.021066576 0.992246110 0.121488081
1706585453.881775618 0.436673918 2.222651026 -0.020665369 -0.016040085 0.023329889 0.992143960 0.121855631
1706585453.981884956 0.436522737 2.228648137 -0.019108010 -0.015322467 0.023842219 0.992224691 0.121189660
1706585454.081333637 0.444397101 2.234691251 -0.015098352 -0.016585580 0.023522091 0.992321612 0.120289015
1706585454.182701349 0.444817318 2.240951341 -0.012003875 -0.016450745 0.022700554 0.992379542 0.119987089
1706585454.281737328 0.440262734 2.237061787 -0.024380786 -0.015588498 0.023039987 0.992324507 0.120491618
1706585454.382399082 0.434227300 2.232193822 -0.033763031 -0.014581431 0.025565174 0.992275491 0.120512044
1706585454.482231855 0.438369401 2.231517220 -0.036266263 -0.015017555 0.024681090 0.992305358 0.120396814
1706585454.582887888 0.443461170 2.228371681 -0.039682542 -0.014164129 0.024537449 0.992265440 0.120857714
1706585454.681338310 0.456620319 2.230029678 -0.035748718 -0.014828725 0.023292721 0.992330630 0.120488503
1706585454.782207251 0.466371684 2.228718212 -0.038208207 -0.014357913 0.023414219 0.992336981 0.120469672
1706585454.880523205 0.475416094 2.232626993 -0.025313067 -0.015696810 0.021793597 0.992387067 0.120193835
1706585454.979307413 0.473725426 2.229862154 -0.018491413 -0.016323642 0.020081620 0.992335734 0.120830703
1706585455.082788229 0.488497626 2.226483580 -0.005791459 -0.017080099 0.022273016 0.992284270 0.120764687
1706585455.182719469 0.495331993 2.218535611 -0.008233721 -0.016293254 0.022263038 0.992265665 0.121027837
1706585455.282352686 0.519144364 2.216691359 -0.003486251 -0.017200848 0.022535104 0.992295709 0.120604836
1706585455.381767988 0.537916404 2.219336569 0.003246083 -0.017523897 0.020539537 0.992400734 0.120049257
1706585455.482191086 0.553698984 2.207251833 -0.011409177 -0.015846846 0.023662628 0.992326693 0.120319125
1706585455.582267523 0.572057964 2.204410068 -0.008738707 -0.016553842 0.023733416 0.992335324 0.120138670
1706585455.682723522 0.589572523 2.195394011 -0.015386952 -0.015976153 0.026733957 0.992329795 0.119631247
1706585455.782550335 0.594559238 2.192497658 -0.018375494 -0.015214609 0.026079042 0.992266047 0.120401378
1706585455.882346630 0.624342468 2.176379960 -0.015680613 -0.015863238 0.022923671 0.992204577 0.121461683
1706585455.981179476 0.625178271 2.180889060 -0.013236256 -0.016477517 0.023637371 0.992260685 0.120782860
1706585456.081752062 0.634375708 2.173636294 -0.015151374 -0.015742170 0.021016034 0.992176394 0.122051276
1706585456.178692341 0.640146830 2.173590245 -0.015005777 -0.016545211 0.018391271 0.992246197 0.121801072
1706585456.282553196 0.621880558 2.183851652 -0.016792435 -0.016289563 0.020151102 0.992237691 0.121626266
1706585456.382403374 0.608139977 2.185166800 -0.017754692 -0.015938526 0.020968140 0.992228300 0.121611272
1706585456.482258320 0.609041888 2.179141165 -0.020182790 -0.016229534 0.020298577 0.992197171 0.121939923
1706585456.582828760 0.613014148 2.169934155 -0.016998814 -0.015827057 0.021794921 0.992151220 0.122108319
1706585456.682411671 0.591305983 2.174323538 -0.017593164 -0.016467378 0.021668789 0.992146638 0.122083319
1706585456.782495022 0.579788485 2.174717642 -0.014991246 -0.016060670 0.022635096 0.992110730 0.122253861
1706585456.882446766 0.564937688 2.178741180 -0.022567070 -0.014856853 0.023245501 0.992141031 0.122045461
1706585456.982280254 0.559885704 2.183560519 -0.020323333 -0.015227941 0.024536993 0.992155757 0.121626472
1706585457.082915783 0.555334349 2.187047583 -0.028631973 -0.014423258 0.024523646 0.992163834 0.121661364
1706585457.182236910 0.550058243 2.189413337 -0.032919646 -0.014371720 0.024458112 0.992173092 0.121605137
1706585457.282598019 0.531349514 2.197985450 -0.026532980 -0.015033633 0.023181989 0.992197239 0.121578059
1706585457.379717588 0.534300030 2.196019345 -0.028051403 -0.014608480 0.023850465 0.992191809 0.121544898
1706585457.478699684 0.512674135 2.200034378 -0.031718180 -0.014898204 0.021640181 0.992184396 0.121983071
1706585457.582921505 0.497809701 2.202261385 -0.030922488 -0.015221484 0.022474581 0.992160421 0.121987285
1706585457.682056189 0.486988009 2.203493000 -0.024642476 -0.015638715 0.021626911 0.992138607 0.122264843
1706585457.782181025 0.479998310 2.205233127 -0.017884584 -0.015964383 0.022978889 0.992143350 0.121937203
1706585457.881522179 0.474106944 2.206633661 -0.024513261 -0.015226872 0.021652524 0.992149467 0.122224165
1706585457.982145071 0.479795486 2.205762464 -0.014496149 -0.016043535 0.022682107 0.992143769 0.121978967
1706585458.082916260 0.480301409 2.208317107 -0.008469563 -0.016625853 0.021799436 0.992125457 0.122210654
1706585458.182768822 0.483219889 2.203077426 -0.011706458 -0.015901551 0.023151565 0.992104276 0.122230320
1706585458.282605171 0.494222435 2.200678341 -0.015280889 -0.015432990 0.024619210 0.992126782 0.121820222
1706585458.382469654 0.501838604 2.197126762 -0.015405571 -0.015994266 0.023766828 0.992101189 0.122125146
1706585458.482059479 0.507407806 2.196329345 -0.016486758 -0.015865846 0.022656397 0.992122035 0.122183592
1706585458.580762625 0.515739968 2.195031839 -0.020634005 -0.015251905 0.024680178 0.992132989 0.121780132
1706585458.679820776 0.529973503 2.191290675 -0.027186862 -0.015029466 0.023679575 0.992136393 0.121978565
1706585458.778595686 0.551499117 2.184223101 -0.028994338 -0.014598077 0.022433835 0.992168949 0.122001621
1706585458.882875204 0.544367794 2.185157881 -0.036139394 -0.014282282 0.022477133 0.992158267 0.122117846
1706585458.981741905 0.549757240 2.179746362 -0.027907655 -0.015633245 0.023052724 0.992094232 0.122365062
1706585459.082555771 0.545582567 2.180418048 -0.029915660 -0.015192073 0.022445861 0.992102976 0.122462519
1706585459.181277990 0.556095866 2.176027276 -0.025546573 -0.015021945 0.022712515 0.992101561 0.122445808
1706585459.281835318 0.565056842 2.174721829 -0.023561303 -0.015518085 0.022487175 0.992114319 0.122322088
1706585459.382889748 0.591689533 2.164573756 -0.022558788 -0.015699393 0.023422779 0.992071069 0.122474062
1706585459.482720613 0.588371196 2.168274601 -0.019719637 -0.016497378 0.022151124 0.992085022 0.122492745
1706585459.582559824 0.604062005 2.167041916 -0.013092866 -0.016255454 0.022455272 0.992096619 0.122375728
1706585459.682400942 0.609569606 2.166925432 -0.012205437 -0.015883882 0.024252389 0.992106153 0.122003708
1706585459.781774998 0.589048554 2.175104829 -0.011160474 -0.015648399 0.024483584 0.992124642 0.121837497
1706585459.880758047 0.583235967 2.179115570 -0.009997819 -0.016231279 0.022799615 0.992132853 0.122021004
1706585459.979556561 0.576394770 2.184672075 -0.015140452 -0.015689391 0.023548081 0.992172113 0.121629886
1706585460.079293489 0.563136058 2.186749211 -0.023234279 -0.014692821 0.024506144 0.992161148 0.121654540
1706585460.182402134 0.566921085 2.186181987 -0.025692980 -0.015238315 0.021898874 0.992185612 0.121884962
1706585460.282168388 0.553945787 2.187904959 -0.032833207 -0.014609110 0.022535698 0.992192067 0.121793340
1706585460.382321358 0.545713310 2.184764260 -0.023937102 -0.015078792 0.021913079 0.992146366 0.122221252
1706585460.482719660 0.494179663 2.192837291 -0.026022041 -0.014810456 0.020980779 0.992098397 0.122805653
1706585460.582317114 0.459507179 2.202870167 -0.023696278 -0.015332894 0.023394734 0.992076281 0.122483641
1706585460.682410002 0.416946464 2.212506177 -0.022201912 -0.014959851 0.022739320 0.992048471 0.122877817
1706585460.782271862 0.372597083 2.225439612 -0.024657645 -0.014535335 0.022568052 0.992058449 0.122879784
1706585460.882920742 0.354212564 2.231724293 -0.033008118 -0.014184069 0.021526960 0.992105180 0.122730250
1706585460.982757330 0.341561970 2.238835873 -0.031413585 -0.014197542 0.023531600 0.992100879 0.122395018
1706585461.082269907 0.323106604 2.247677133 -0.036399432 -0.013501843 0.022361645 0.992164349 0.122178402
1706585461.180897236 0.320308914 2.246022750 -0.032447066 -0.014887612 0.023393462 0.992089352 0.122432934
1706585461.280345440 0.337409672 2.247918967 -0.031402287 -0.013750375 0.022497189 0.992156999 0.122185487
1706585461.378835201 0.350453524 2.241658997 -0.035230871 -0.014141498 0.022774208 0.992143064 0.122202676
1706585461.482580423 0.361990343 2.241161319 -0.037905866 -0.013798525 0.024275075 0.992150815 0.121889631
1706585461.582609892 0.382127606 2.233038440 -0.035686297 -0.014496711 0.022412024 0.992157633 0.122109697
1706585461.682073116 0.388256108 2.228598745 -0.025941266 -0.015186512 0.022628055 0.992118229 0.122306009
1706585461.780976534 0.398273778 2.228040980 -0.026248594 -0.014800223 0.021379949 0.992140682 0.122395748
1706585461.882068872 0.411973435 2.224417101 -0.026703007 -0.014775425 0.021028895 0.992142926 0.122441361
1706585461.982786179 0.412377503 2.223676956 -0.019273002 -0.015127306 0.022675481 0.992097283 0.122474357
1706585462.081747055 0.413133023 2.220826872 -0.018474119 -0.014932048 0.024515608 0.992083020 0.122259153
1706585462.180309534 0.413979462 2.221217549 -0.014205368 -0.015290872 0.022952780 0.992086992 0.122485753
1706585462.282316446 0.401434409 2.225417969 -0.016729622 -0.015614744 0.022474064 0.992111510 0.122334986
1706585462.381926298 0.395747189 2.226745175 -0.016104526 -0.015611602 0.021921009 0.992098356 0.122542235
1706585462.481351137 0.395817921 2.228015406 -0.028383525 -0.014134011 0.022932022 0.992157242 0.122058836
1706585462.579847336 0.395727917 2.229852466 -0.033528923 -0.014753189 0.021685149 0.992144119 0.122319846
1706585462.682881117 0.390201990 2.232357867 -0.039622280 -0.014088909 0.022093515 0.992178823 0.122043281
1706585462.782267570 0.374078307 2.232420397 -0.037409826 -0.014526440 0.022103173 0.992132639 0.122365273
1706585462.882575035 0.364769675 2.233374587 -0.032037163 -0.015046576 0.022104386 0.992135530 0.122278724
1706585462.982429028 0.356798097 2.238678193 -0.024834776 -0.015509326 0.021970513 0.992101673 0.122519501
1706585463.082051277 0.344907389 2.236908556 -0.024689322 -0.015245655 0.021606110 0.992068808 0.122882977
1706585463.182921886 0.333023867 2.240705241 -0.022153391 -0.015068190 0.022293985 0.992069926 0.122772917
1706585463.282743216 0.343404672 2.235738588 -0.023618264 -0.014787682 0.022001041 0.992045230 0.123059094
1706585463.381304979 0.328285992 2.243360295 -0.016305799 -0.016021656 0.020613292 0.992058924 0.123034511
1706585463.479932070 0.328009199 2.244559461 -0.017362438 -0.015491657 0.020762228 0.992099892 0.122746665
1706585463.582279921 0.339825826 2.238752814 -0.012723273 -0.015228507 0.023621839 0.992058246 0.122599097
1706585463.682386637 0.350295376 2.235214397 -0.020318149 -0.014186334 0.024174924 0.992070510 0.122517039
1706585463.780885458 0.351507714 2.231100099 -0.021975314 -0.015240357 0.023713034 0.992047881 0.122663871
1706585463.879305124 0.363761594 2.229590338 -0.026028338 -0.014269008 0.022905576 0.992095159 0.122551728
1706585463.978471041 0.377423265 2.224244227 -0.034947204 -0.013723990 0.023206876 0.992068340 0.122774191
1706585464.081929445 0.399718394 2.218544301 -0.036994720 -0.013762289 0.024227177 0.992061115 0.122631101
1706585464.182881117 0.416734655 2.219949561 -0.032161157 -0.014555630 0.022204735 0.992115123 0.122485372
1706585464.282732964 0.434325678 2.217684997 -0.034646215 -0.014206918 0.023990632 0.992115676 0.122184692
1706585464.382587671 0.465073054 2.214231666 -0.029450244 -0.014466697 0.022641049 0.992143050 0.122189471
1706585464.482426882 0.470371350 2.214889554 -0.027784500 -0.014929490 0.021268956 0.992153243 0.122297523
1706585464.582270384 0.463285178 2.217356420 -0.022904201 -0.015163041 0.022932501 0.992136774 0.122101615
1706585464.680975676 0.473988282 2.211845856 -0.028183458 -0.014624773 0.022554938 0.992149421 0.122134834
1706585464.782743931 0.464041037 2.209427289 -0.026365358 -0.014577958 0.023592861 0.992115020 0.122223761
1706585464.882580996 0.452493690 2.208080487 -0.024582522 -0.014463349 0.024246222 0.992098945 0.122239995
1706585464.981911421 0.452430088 2.209173845 -0.029758219 -0.013789605 0.024757544 0.992103326 0.122179791
1706585465.080340385 0.454869599 2.211479662 -0.019778958 -0.015169123 0.022570956 0.992123099 0.122279217
1706585465.179516077 0.446523409 2.216812668 -0.026570627 -0.014300913 0.023245373 0.992147289 0.122061020
1706585465.282766342 0.445062920 2.219027351 -0.020822124 -0.014565023 0.023689680 0.992123883 0.122134600
1706585465.381563902 0.442486894 2.223820287 -0.024583025 -0.014796427 0.023617711 0.992161722 0.121812916
1706585465.482449293 0.451956898 2.221581377 -0.026259587 -0.014651743 0.023136089 0.992167404 0.121876537
1706585465.582298040 0.458791627 2.223507379 -0.023340103 -0.014595093 0.020834999 0.992210154 0.121950388
1706585465.682519674 0.466127227 2.217176173 -0.021473421 -0.015503054 0.022327373 0.992173738 0.121870495
1706585465.782384872 0.458729370 2.215090458 -0.021815718 -0.014992716 0.021299998 0.992169507 0.122152355
1706585465.881993771 0.463227676 2.212120294 -0.018442530 -0.015312855 0.022164966 0.992144133 0.122164851
1706585465.980628490 0.444045152 2.216426268 -0.022220078 -0.014665059 0.024665135 0.992114914 0.122002311
1706585466.082692623 0.430249212 2.220505963 -0.021431042 -0.014547388 0.022047676 0.992124295 0.122440424
1706585466.182298660 0.416288507 2.223761914 -0.025528703 -0.014473859 0.025057491 0.992099194 0.122073009
1706585466.281366825 0.397472104 2.228971111 -0.028595404 -0.014441304 0.023381016 0.992110082 0.122320730
1706585466.380548954 0.396266037 2.230392397 -0.025214160 -0.014610051 0.023703715 0.992129763 0.122078721
1706585466.479036808 0.384033944 2.237754200 -0.020633587 -0.014770774 0.023600784 0.992148536 0.121926654
1706585466.582262754 0.374171152 2.241705172 -0.025719614 -0.014383017 0.022588533 0.992159407 0.122076198
1706585466.682903528 0.374606122 2.239786420 -0.027142711 -0.014393120 0.023582482 0.992138237 0.122059097
1706585466.782749414 0.372971182 2.239981225 -0.029934680 -0.013776672 0.024096846 0.992162887 0.121829191
1706585466.882598639 0.366638599 2.241497832 -0.032470690 -0.014419333 0.025071924 0.992123376 0.121879810
1706585466.982341766 0.357288497 2.246097393 -0.034449651 -0.014239365 0.021857170 0.992183356 0.122031521
1706585467.082284451 0.366988326 2.240332459 -0.024583840 -0.014900677 0.023359496 0.992134482 0.122071593
1706585467.181645393 0.363226745 2.237906603 -0.017903638 -0.015080901 0.023314227 0.992096943 0.122362857
1706585467.280324697 0.367436784 2.234582072 -0.017278016 -0.015184565 0.022512563 0.992109981 0.122394441
1706585467.382581711 0.367625842 2.232981379 -0.017155641 -0.014863854 0.022710749 0.992074573 0.122683856
